法人名,住所,設立日,法人種別
いりえ合同会社,沖縄県宮古島市伊良部字国仲１８３－１３－３０８,2023-06-01,合同会社
うぐいす株式会社,東京都渋谷区神泉町２０番２１号クロスシー渋谷神泉ビル５－０９,2023-06-01,株式会社
はっぴーはぴねす株式会社,埼玉県志木市中宗岡２丁目１０番１８号,2023-06-01,株式会社
みんなのいえ株式会社,埼玉県新座市東北２丁目３９番１０号ドゥーセット弐番館６Ｆ－１１号室,2023-06-01,株式会社
アイトモ株式会社,愛媛県松山市北条辻１１２６番地１,2023-06-01,株式会社
アールエムケーコンサルタンツ合同会社,愛知県名古屋市中区丸の内３丁目４番３３号,2023-06-01,合同会社
オープンモード株式会社,千葉県松戸市河原塚２５番地の６,2023-06-01,株式会社
コンクロス・プレミア株式会社,東京都港区赤坂２丁目１１番７号,2023-06-01,株式会社
スタジオアルジエ株式会社,東京都千代田区麹町５丁目３番地６第７秋山ビルディングＢ１階,2023-06-01,株式会社
スナックエンターテイメントジャパン合同会社,静岡県静岡市駿河区津島町５番２７－５号,2023-06-01,合同会社
セブンリリーズコンサルティング株式会社,大阪府大阪市中央区南船場２丁目５番１３号心斎橋スポット２１－８０６号室,2023-06-01,株式会社
セミティーエスジャパン株式会社,東京都世田谷区羽根木２丁目２６番１７号,2023-06-01,株式会社
タッチアップ合同会社,東京都杉並区和田３丁目５３番１０号,2023-06-01,合同会社
ダブル・ケイ合同会社,東京都中野区上高田５丁目３４番６号,2023-06-01,合同会社
テスラ合同会社,埼玉県川口市前川２丁目５番１１号,2023-06-01,合同会社
トゥーマッチ合同会社,愛知県一宮市千秋町小山字東六反１４番地１,2023-06-01,合同会社
ビューティーベース株式会社,東京都港区赤坂２丁目１４番５号Ｄａｉｗａ赤坂ビル７階,2023-06-01,株式会社
ピアース株式会社,埼玉県川口市赤井４丁目２７番２８号,2023-06-01,株式会社
ピースビルディング合同会社,東京都品川区荏原６丁目１９番１３－３１０号,2023-06-01,合同会社
フェニックスエナジー合同会社,東京都台東区東上野６丁目２９番２号,2023-06-01,合同会社
ブルーオーシャンメディカル株式会社,東京都中央区日本橋人形町３丁目１番１７号日本橋人形町石井ビル７階,2023-06-01,株式会社
プリズムビジョン合同会社,北海道旭川市永山二条４丁目３番２５号フラワーハイツ１０２,2023-06-01,合同会社
マセット合同会社,神奈川県横浜市都筑区東山田４丁目５番１－８０４号,2023-06-01,合同会社
一川株式会社,埼玉県川口市西川口１丁目３０番２０－４０７号,2023-06-01,株式会社
一般社団法人グラスルーツサッカーアカデミー,広島県広島市安佐北区亀山１丁目１５－２０Ｂ２０１,2023-06-01,その他の設立登記法人
一般社団法人ヒューマンセキュリティ研究所,東京都大田区田園調布２丁目４２番１２－２０２号,2023-06-01,その他の設立登記法人
一般社団法人ミットデイア,長野県上田市常磐城６丁目２番２８号,2023-06-01,その他の設立登記法人
一般社団法人ラカリテメンタルヘルスサポート,東京都品川区西大井４丁目１８番９号,2023-06-01,その他の設立登記法人
一般社団法人リフォーム管理士協会,東京都江戸川区西葛西６丁目９番１８号トリヴァンベール１０３,2023-06-01,その他の設立登記法人
一般社団法人北海道ねっとわーく,北海道札幌市中央区南八条西２丁目５－７４市民活動プラザ星園３０６号室,2023-06-01,その他の設立登記法人
一般社団法人国際キャリア教育協会,東京都千代田区二番町１番地２,2023-06-01,その他の設立登記法人
一般社団法人宮城県スイミングクラブ協議会,宮城県仙台市宮城野区清水沼１丁目１番３０号株式会社仙台スイミングスクール内,2023-06-01,その他の設立登記法人
一般社団法人山採りの木普及協会,愛知県瀬戸市みずの坂３丁目２２５番地,2023-06-01,その他の設立登記法人
一般社団法人巣立ちライフ,長野県千曲市大字八幡２４８７番地１,2023-06-01,その他の設立登記法人
一般社団法人日中無形文化財交流協会,東京都墨田区石原１丁目３１番７－１Ｆシャトー白馬ビル,2023-06-01,その他の設立登記法人
一般社団法人日本ビジネスモデルアドバイザー協会,千葉県千葉市中央区新町２２番地１新町５５ビル５階,2023-06-01,その他の設立登記法人
一般社団法人日本ライブショッピング協会,東京都新宿区西新宿３丁目３－１３西新宿水間ビル２階,2023-06-01,その他の設立登記法人
一般社団法人湖広会館,大阪府大阪市北区天満４丁目５番３号,2023-06-01,その他の設立登記法人
一般社団法人知多南部心と地域研究会,愛知県知多郡南知多町大字内海字奥側４番地,2023-06-01,その他の設立登記法人
一般社団法人菖蒲プロパティ,東京都千代田区丸の内３丁目１番１号東京共同会計事務所内,2023-06-01,その他の設立登記法人
一般社団法人首都圏バックオフィス支援協会,千葉県千葉市美浜区中瀬１丁目３番地幕張テクノガーデンＣＢ棟３階,2023-06-01,その他の設立登記法人
一般社団法人Ｃａｍｐｖａｓ,群馬県前橋市鶴が谷町２０番地１４,2023-06-01,その他の設立登記法人
一般社団法人Ｎｏｅｌ　Ｈｏｕｓｅ,愛知県岡崎市東明大寺町７番地１３,2023-06-01,その他の設立登記法人
一般社団法人ＰＬＥＡｚＥＮＴＳ　Ｓｔｒｅｅｔ　Ｄａｎｃｅ．Ｅｎｔ,兵庫県神戸市中央区国香通３丁目１－１１エテルノ神戸８０１,2023-06-01,その他の設立登記法人
一般社団法人ａｎｄ　ｓｍｉｌｅ　ＫＯＢＥこどもホスピスプロジェクト,兵庫県神戸市灘区摩耶海岸通２丁目３番１－９０１号,2023-06-01,その他の設立登記法人
一般社団法人ｔｅａｍはちどり,熊本県合志市須屋１３３２番地７,2023-06-01,その他の設立登記法人
三つ葉堂株式会社,東京都港区白金台２丁目２６番９号,2023-06-01,株式会社
上海萌宝保人力資源有限公司　日本駐在員事務所,東京都台東区千束３丁目１２－１２キートスビル５０６号室,2023-06-01,外国会社等
井上技術研究開発合同会社,東京都渋谷区道玄坂１丁目１０番８号渋谷道玄坂東急ビル２Ｆ－Ｃ,2023-06-01,合同会社
亜旺合同会社,神奈川県横浜市中区羽衣町２丁目５番地３ウェルカーサ関内９０１号,2023-06-01,合同会社
京橋電力合同会社,東京都中央区京橋２丁目６番１５号,2023-06-01,合同会社
会津美里町地域づくり事業協同組合,福島県大沼郡会津美里町字本郷道上１番地,2023-06-01,その他の設立登記法人
信和鋼材株式会社,大阪府大阪市住之江区南港南１丁目１番１７７号,2023-06-01,株式会社
共栄託産株式会社,東京都世田谷区太子堂２丁目１４番２２号,2023-06-01,株式会社
初雪株式会社,北海道虻田郡倶知安町北四条東４丁目３番１６号,2023-06-01,株式会社
千翼合同会社,大阪府大阪市東成区大今里西３丁目１８－２２サンハイツ今里４０１,2023-06-01,合同会社
司法書士法人杉浦本店,神奈川県横浜市中区真砂町２丁目２５番地関内中央ビルＫ３０２号室,2023-06-01,その他の設立登記法人
合同会社しんば,千葉県旭市川口３４３８番地１８,2023-06-01,合同会社
合同会社はんぞう,広島県広島市安佐南区伴南４丁目２６番２７号,2023-06-01,合同会社
合同会社アヴァンギャルド,愛知県名古屋市中区錦３丁目２０番９号大塚ルーカスビルⅡ２階,2023-06-01,合同会社
合同会社ウィステリア,長崎県大村市東本町５５５番地,2023-06-01,合同会社
合同会社エクラス,長野県松本市蟻ケ崎５丁目４番２３－４号,2023-06-01,合同会社
合同会社オフィスＨ２Ｓ,愛媛県松山市南斎院町１０１４番地１,2023-06-01,合同会社
合同会社オールレンジプロ,東京都中央区日本橋室町１丁目１１番１２号日本橋水野ビル７階,2023-06-01,合同会社
合同会社カシエツ,岐阜県美濃加茂市本郷町７丁目１６番９号,2023-06-01,合同会社
合同会社グローアップ,福岡県北九州市若松区小敷ひびきの１丁目１１番５号,2023-06-01,合同会社
合同会社シャルマン,神奈川県藤沢市善行１丁目１７番地の２,2023-06-01,合同会社
合同会社ストックパートナー,東京都新宿区新宿１丁目３６－２新宿第七葉山ビル３Ｆ,2023-06-01,合同会社
合同会社ソルバ・コンサルティング,神奈川県横浜市神奈川区栄町２番地１,2023-06-01,合同会社
合同会社ターコイズ,東京都大田区南千束２丁目２５番１７－１０５号,2023-06-01,合同会社
合同会社ナラハラ,神奈川県海老名市杉久保南４丁目２３番３７号,2023-06-01,合同会社
合同会社ノウティス,山梨県大月市大月１丁目１３番２９号２階,2023-06-01,合同会社
合同会社ファストライン,大阪府大阪市西成区玉出中１丁目１６番４－３０１号,2023-06-01,合同会社
合同会社フリーダム,埼玉県川越市大字笠幡１５６番地４７２（ＺＥＲＯ笠幡ｓｔａ．２０３号室）,2023-06-01,合同会社
合同会社フーセット,埼玉県さいたま市岩槻区美園東３丁目６番１号,2023-06-01,合同会社
合同会社ムトウ,東京都杉並区永福４丁目１６番１０号,2023-06-01,合同会社
合同会社ルーフ,東京都品川区小山４丁目１番１０－５０１号,2023-06-01,合同会社
合同会社令,東京都墨田区向島１丁目５番９－４０３号ブリシア隅田公園,2023-06-01,合同会社
合同会社大和環境産業,大分県別府市浜町４番１７号,2023-06-01,合同会社
合同会社大建,宮崎県宮崎市中村西３丁目１番１４号トモリーノ中村５０１号,2023-06-01,合同会社
合同会社学習塾ＮｅｘｔＳｔａｇｅ,山形県山形市下条町２丁目１番８号森谷ビル２０２号,2023-06-01,合同会社
合同会社小玉建装,宮崎県宮崎市出来島町７番地５シャーメゾン出来島１０３号,2023-06-01,合同会社
合同会社明東,東京都渋谷区渋谷２丁目１９－１５宮益坂ビルディング６０９,2023-06-01,合同会社
合同会社暗黒エンターテイメント,神奈川県横浜市金沢区釜利谷西１丁目６４番１６号ルミエール日高１０２,2023-06-01,合同会社
合同会社Ａ＆Ｏ　ＥＸＰＯＲＴＳ,静岡県富士市松岡７５６番地の３,2023-06-01,合同会社
合同会社ＣＰＴＸ,大阪府堺市堺区南田出井町３丁４番６号,2023-06-01,合同会社
合同会社ＣｏｄｅＷｏｒｋｓ,茨城県土浦市右籾２８００ボナールＡ棟１０６,2023-06-01,合同会社
合同会社Ｆａｎｔａｓｉｓｔａ,大阪府大阪市浪速区日本橋４丁目１４番３号４Ｆ,2023-06-01,合同会社
合同会社Ｇ．Ｆｏｒｔｕｎｅ,大阪府豊中市服部南町４丁目３－４６－３０７,2023-06-01,合同会社
合同会社ＨＣＣ,東京都板橋区中丸町１７－１２ＭＡＸＩＶ大山ＤＵＥ８０１,2023-06-01,合同会社
合同会社ＨＯＷＡ,愛知県名古屋市天白区植田東１丁目３０６番地（エグゼ天白植田１０１号）,2023-06-01,合同会社
合同会社Ｈａｌｅ,東京都港区西新橋１丁目２番９号メンターキャピタル税理士法人内,2023-06-01,合同会社
合同会社ＨａｒｄＴｒｙＨａｒｄ,愛知県名古屋市中村区上石川町５丁目２７番地,2023-06-01,合同会社
合同会社ＨｏｍｅＤｏｃｋ,埼玉県川口市大字木曽呂３２４番地の３グレイスフル２０２,2023-06-01,合同会社
合同会社ＫＳライフ,埼玉県上尾市日の出１丁目４番１０－４号,2023-06-01,合同会社
合同会社Ｍ．Ｓ,宮崎県宮崎市福島町寺山３１０６番地２５,2023-06-01,合同会社
合同会社Ｎｏｗ,大阪府堺市堺区新在家町西１丁１番１０－１００２号,2023-06-01,合同会社
合同会社ＯＧＳ,滋賀県大津市和邇今宿６７３番地の１セレナーデ１０１号室,2023-06-01,合同会社
合同会社ＯＭＣ,山形県西置賜郡飯豊町大字椿１９８０番地３,2023-06-01,合同会社
合同会社Ｏｆｆｉｃｅ　Ｌｕｇｈ,栃木県那須塩原市沼野田和４９３－８,2023-06-01,合同会社
合同会社ＲＳプロパティーズ１,東京都千代田区有楽町１丁目２番２号,2023-06-01,合同会社
合同会社Ｒｅｎｅｗａｂｌｅ　Ｓｏｌｅｉｌ２,東京都千代田区一ツ橋２丁目６番３号アクシスインベストメントアドバイザーズ株式会社内,2023-06-01,合同会社
合同会社Ｒｅｎｅｗａｂｌｅ　Ｓｏｌｅｉｌ３,東京都千代田区一ツ橋２丁目６番３号アクシスインベストメントアドバイザーズ株式会社内,2023-06-01,合同会社
合同会社ＳＡＮＴＡＳ,福岡県福岡市中央区鳥飼３丁目１２－４,2023-06-01,合同会社
合同会社ＴＥＡＭＳｏｌｕｔｉｏｎｓ,滋賀県近江八幡市上田町１３４５番地１,2023-06-01,合同会社
合同会社ＴＥＲＵＭＥ,東京都渋谷区猿楽町９－５－２０２,2023-06-01,合同会社
合同会社Ｔｒｉｇｇｅｒｓ＆Ｓｐａｒｋｓ,東京都渋谷区神宮前２丁目２番３９号ザ・コート神宮外苑６０５,2023-06-01,合同会社
合同会社Ｙコンサルエステート,東京都港区愛宕１丁目６番７号愛宕山弁護士ビル３０８,2023-06-01,合同会社
合同会社ＺＥＲＯ‐ＯＮＥ．ｓｋｙ,東京都港区港南２丁目１６番４号品川グランドセントラルタワー８Ｆ,2023-06-01,合同会社
合同会社ａｎｄａｔａ,東京都港区南青山２丁目２番１５号,2023-06-01,合同会社
合同会社ｃｒｏｓｓｐａｃｅ,埼玉県越谷市赤山町１丁目１５６番地９,2023-06-01,合同会社
合同会社ｎｏｓｔａ,東京都中央区銀座１丁目１２番４号６Ｆ,2023-06-01,合同会社
合同会社ｓｉｔｙ,東京都世田谷区上馬２丁目３１－１３,2023-06-01,合同会社
吉順株式会社,東京都八王子市緑町８８８－４グリーンハイツ１０２,2023-06-01,株式会社
同栄観光株式会社,大阪府大阪市北区兎我野町１０番８号平田第二レジャービル４０７号室,2023-06-01,株式会社
大波テック株式会社,埼玉県さいたま市北区宮原町２丁目６－６４,2023-06-01,株式会社
天王寺株式会社,大阪府箕面市桜４丁目１５番５２号,2023-06-01,株式会社
如意寺,静岡県浜松市西区馬郡町５４番地,2023-06-01,その他の設立登記法人
富三商事株式会社,富山県富山市中川原２９３番地８,2023-06-01,株式会社
帝京大学医師会,東京都板橋区加賀２丁目１１－１,2023-06-01,その他
新夢株式会社,埼玉県川口市西川口１丁目３０番２０－６０５号,2023-06-01,株式会社
日屋良品株式会社,東京都港区白金台２丁目２６番９号,2023-06-01,株式会社
明るいジャパン一般社団法人,東京都千代田区丸の内３丁目１番１号東京共同会計事務所内,2023-06-01,その他の設立登記法人
明建塗装株式会社,福岡県糟屋郡志免町片峰中央３丁目１９番８号,2023-06-01,株式会社
東京信友福祉販売株式会社,埼玉県入間市下藤沢５丁目１番地２,2023-06-01,株式会社
東京基督教会,東京都新宿区市谷砂土原町１丁目２番５９号,2023-06-01,その他の設立登記法人
株式会社あかんぱ,東京都港区浜松町２丁目２番１５号浜松町ダイヤビル２Ｆ,2023-06-01,株式会社
株式会社きずな,大阪府大阪市淀川区加島１丁目５６番２０－６０３号,2023-06-01,株式会社
株式会社こほくエナジー,滋賀県長浜市木之本町小山４６５番地,2023-06-01,株式会社
株式会社つのつの,東京都新宿区西早稲田２丁目１２番５号,2023-06-01,株式会社
株式会社アカリー,東京都港区赤坂３丁目１１番１４号,2023-06-01,株式会社
株式会社アーキクリエート,青森県青森市本町５丁目３番４０号,2023-06-01,株式会社
株式会社ウェルウィール,神奈川県愛甲郡愛川町半原１６８０番地の４,2023-06-01,株式会社
株式会社ウォルテック,福岡県北九州市小倉南区徳力４丁目１５番５号,2023-06-01,株式会社
株式会社エコスタ,東京都港区海岸１丁目４番２２号ＳＮビル９Ｆ,2023-06-01,株式会社
株式会社オヤマノオウチ,東京都渋谷区富ヶ谷２丁目１３番８号トレステージ富ケ谷１０３,2023-06-01,株式会社
株式会社ギガモスラ,京都府京都市左京区吉田本町３６番地１国際科学イノベーション棟西館１階１０４号室ベンチャーインキュベーションセンター,2023-06-01,株式会社
株式会社クラフトビルディング,福岡県福岡市早良区飯倉５丁目２１番１８号,2023-06-01,株式会社
株式会社クローザー,大阪府大阪市天王寺区生玉町１０番２３－８０１号,2023-06-01,株式会社
株式会社クワトロエンタープライズ,兵庫県姫路市田寺東３丁目１２番１０号,2023-06-01,株式会社
株式会社グローバルアイティー,東京都江戸川区北葛西１丁目１３番２１号,2023-06-01,株式会社
株式会社ケイアンドエス,東京都板橋区栄町２４番２号,2023-06-01,株式会社
株式会社ケーダッシュ,東京都練馬区石神井町３丁目２５番２１号,2023-06-01,株式会社
株式会社コスモス,神奈川県横浜市西区北幸２丁目１０番地２８むつみビル３Ｆ,2023-06-01,株式会社
株式会社ゴスペル,愛媛県松山市萱町３丁目２－３・９ＣＲＯＳＳ・４０２号,2023-06-01,株式会社
株式会社ゴルカ,福岡県福岡市東区箱崎１丁目１２－２７,2023-06-01,株式会社
株式会社サイ,北海道札幌市北区新琴似四条８丁目１番５号,2023-06-01,株式会社
株式会社サムズアップ,奈良県奈良市上三条町１６番地１,2023-06-01,株式会社
株式会社サーイ,大阪府大阪市西成区玉出西２丁目２０番６０号,2023-06-01,株式会社
株式会社ジェニファー,岡山県倉敷市酒津２８０７番地１,2023-06-01,株式会社
株式会社スター販売レンタル,東京都港区三田４丁目１３番１８号,2023-06-01,株式会社
株式会社スマートサービス,東京都千代田区神田和泉町１番地６－１６ヤマトビル４０５,2023-06-01,株式会社
株式会社セルビューティー,福岡県福岡市博多区博多駅前３丁目９番１４号,2023-06-01,株式会社
株式会社セヴー,京都府京都市下京区西七条南月読町３２番地マンション春日１０１号室,2023-06-01,株式会社
株式会社ソーワ,埼玉県蕨市錦町１丁目１６番１９号,2023-06-01,株式会社
株式会社ダイア企画,埼玉県坂戸市日の出町１０番２号早川ビル２Ｆ,2023-06-01,株式会社
株式会社チャットジーン,神奈川県川崎市中原区上小田中３丁目１０番３,2023-06-01,株式会社
株式会社チルドレン,富山県富山市才覚寺７７５番地,2023-06-01,株式会社
株式会社テキスプロ,東京都青梅市成木５丁目１４９６番地,2023-06-01,株式会社
株式会社デジクラ,東京都中央区銀座１丁目１２番４号Ｎ＆ＥＢＬＤ．６Ｆ,2023-06-01,株式会社
株式会社ドルフィン・バリュー・アップ１１号,東京都港区芝公園１丁目１番１号住友不動産御成門タワー７階,2023-06-01,株式会社
株式会社ハッピーリーズン,東京都西東京市芝久保町２丁目２１番２３号,2023-06-01,株式会社
株式会社フォレスト,東京都港区赤坂２丁目２１番５号ＡＢＣ,2023-06-01,株式会社
株式会社フラバーガステッド,東京都大田区羽田３丁目１６番６号セントヒルダス１０１号室,2023-06-01,株式会社
株式会社ブルーオーシャン,東京都神津島村１０７０番地,2023-06-01,株式会社
株式会社ホクト,埼玉県越谷市瓦曽根１丁目１６番１号,2023-06-01,株式会社
株式会社ホワイトフィートリー,埼玉県三郷市彦糸１丁目１７０番地２－２０３,2023-06-01,株式会社
株式会社ポレポレ,大阪府大阪市北区梅田１丁目２番２号大阪駅前第２ビル１２－１２,2023-06-01,株式会社
株式会社メイセイ企画,兵庫県西宮市上甲子園１丁目１２番１２号,2023-06-01,株式会社
株式会社メイフラワーデイサービスセンター,兵庫県加東市屋度７３６番地２６２,2023-06-01,株式会社
株式会社メディケン,東京都渋谷区神泉町１０番１５号,2023-06-01,株式会社
株式会社メリー,大阪府大阪市都島区善源寺町２丁目２番８－３７１１号,2023-06-01,株式会社
株式会社ユー・アイ商事,東京都千代田区麹町３丁目２番地１３ＴＨＥ千代田麹町ＴＯＷＥＲ１５０３号,2023-06-01,株式会社
株式会社ライタス,神奈川県横浜市神奈川区台町１１番地３０台ビル１４,2023-06-01,株式会社
株式会社ライフパートナー,東京都渋谷区道玄坂１丁目１０番８号渋谷道玄坂東急ビル２Ｆ－Ｃ,2023-06-01,株式会社
株式会社レゴリス,東京都渋谷区道玄坂１丁目１０番８号渋谷道玄坂東急ビル２Ｆ－Ｃ,2023-06-01,株式会社
株式会社ロンド・ベル,広島県福山市引野町５２１８番地,2023-06-01,株式会社
株式会社ワールドワイドＫ,新潟県村上市飯野西２番１号ひまわりビル３階,2023-06-01,株式会社
株式会社丸,神奈川県横浜市西区みなとみらい６丁目３番４－２６０９号,2023-06-01,株式会社
株式会社九州キハン,福岡県福岡市東区松島４丁目４－３７,2023-06-01,株式会社
株式会社交差点,東京都台東区浅草橋５丁目２－３鈴和ビル２Ｆ,2023-06-01,株式会社
株式会社冷凍館,大阪府大阪市港区港晴３丁目１３番５号ドミール港１階,2023-06-01,株式会社
株式会社勢川電気,福井県福井市上野本町３丁目７０１番地,2023-06-01,株式会社
株式会社協立経営,熊本県上益城郡益城町大字田原２０８１－１０電子応用機械技術研究所内,2023-06-01,株式会社
株式会社叶結,北海道釧路市桜ケ岡６丁目４１番２３号,2023-06-01,株式会社
株式会社和三,佐賀県唐津市浜玉町浜崎１１７６番地１,2023-06-01,株式会社
株式会社宇成,愛知県名古屋市中区栄３丁目１１番５号栄マンションＳ棟８１４号,2023-06-01,株式会社
株式会社小車,神奈川県横浜市都筑区東方町８９９番地,2023-06-01,株式会社
株式会社小野板金,滋賀県米原市宇賀野２３０番地１２,2023-06-01,株式会社
株式会社平山興業,埼玉県さいたま市中央区本町西４丁目１８番７号,2023-06-01,株式会社
株式会社廃墟ＢＡＲ,沖縄県那覇市松尾１丁目２番４号,2023-06-01,株式会社
株式会社木龍興業,福島県郡山市本町１丁目３番１７号,2023-06-01,株式会社
株式会社東和創薬,岐阜県美濃加茂市加茂野町鷹之巣１７１７番地１,2023-06-01,株式会社
株式会社松梅,福岡県北九州市八幡西区黒崎２丁目１番６号１Ｆ１０１号,2023-06-01,株式会社
株式会社林製作所,東京都墨田区本所２丁目１１番１０号,2023-06-01,株式会社
株式会社森和通商,千葉県船橋市東中山２丁目１３番１１号５０５室,2023-06-01,株式会社
株式会社獣害サポート,広島県広島市東区福田１丁目５９３番地２１,2023-06-01,株式会社
株式会社真基,愛知県西尾市平坂町奥辰８３番地８,2023-06-01,株式会社
株式会社秋桜,静岡県浜松市中区伝馬町３１０番地の７伝馬町クローバービル３Ｆ,2023-06-01,株式会社
株式会社緑山,三重県伊勢市西豊浜町５８８８番地１,2023-06-01,株式会社
株式会社興和,大阪府大阪市浪速区日本橋東３丁目８番１３号,2023-06-01,株式会社
株式会社藍屋,埼玉県蕨市錦町５丁目３番１２号,2023-06-01,株式会社
株式会社青し,徳島県徳島市寺島本町東１丁目２０番地,2023-06-01,株式会社
株式会社香村アグア,福島県伊達郡桑折町大字万正寺字蛇屋敷１番地の１,2023-06-01,株式会社
株式会社１０８,愛知県名古屋市北区杉栄町４丁目９５番地の１－１００３号,2023-06-01,株式会社
株式会社ＡＣＴ,愛知県名古屋市中区栄４丁目７番８号第一オーシャンビル３０５号,2023-06-01,株式会社
株式会社ＡＩＧ,北海道札幌市北区南あいの里７丁目３番１６号,2023-06-01,株式会社
株式会社ＡＲＫ　ＰＬＡＮ,東京都中央区新富１丁目４番１号,2023-06-01,株式会社
株式会社ＡＳＨＩＹＡ　ＨＯＭＵＲＡ,兵庫県芦屋市公光町９番４号アルコーブ芦屋Ｂ１０３,2023-06-01,株式会社
株式会社Ａｍｂｌｅｍ　Ｏｎｅ,埼玉県さいたま市見沼区大和田町２丁目１５５３番地１－７０３号,2023-06-01,株式会社
株式会社ＢＬＡＣＫ,埼玉県児玉郡上里町大字金久保３１１番地１,2023-06-01,株式会社
株式会社Ｂａｒｓａ　Ｋｅｌｍｅｓ,東京都品川区西五反田８丁目２番１２号７Ａ,2023-06-01,株式会社
株式会社ＣＡＲＰＥ　ＤＩＥＭ,東京都板橋区常盤台４丁目３５番１号大谷ビル１Ｆ,2023-06-01,株式会社
株式会社ＣＨＩＬＬＥＲＳ,東京都港区西麻布２丁目１３番６号ケイズ西麻布７階,2023-06-01,株式会社
株式会社Ｃａｒｎａｒｖｏｎ,東京都杉並区和田１丁目３９番３－４０４号,2023-06-01,株式会社
株式会社Ｃｈｅ,埼玉県川口市大字藤兵衛新田１１９番地ルミナーレ綾瀬１０１号,2023-06-01,株式会社
株式会社Ｄ‐ｆｒｏｎｔ,大阪府大阪市淀川区十三本町２丁目１０番２号,2023-06-01,株式会社
株式会社ＤＡＩ　ＬＯＮＧ,東京都板橋区大山金井町５１番１１－３０４号エスポワール大山,2023-06-01,株式会社
株式会社ＤＡＩＫＩＣＨＩ,東京都中央区築地７丁目３番１０－３０７号,2023-06-01,株式会社
株式会社ＤＡＩＳＹ,北海道札幌市白石区菊水元町二条４丁目４番１６－３０４号,2023-06-01,株式会社
株式会社ＤＣ,福岡県直方市大字下境１２９２番地６,2023-06-01,株式会社
株式会社ＥＮＳＯＷＡ,宮城県亘理郡山元町山寺字西牛橋３５－１４９,2023-06-01,株式会社
株式会社ＥＮＴＣＡ,東京都新宿区住吉町１番１７－７０４号,2023-06-01,株式会社
株式会社Ｅｕｒｅｋａ　Ｅｎｔｅｒｔａｉｎｍｅｎｔ,東京都渋谷区神宮前６丁目２３番４号桑野ビル２階,2023-06-01,株式会社
株式会社Ｆ２Ｏ,兵庫県神戸市兵庫区塚本通８丁目１番１１号,2023-06-01,株式会社
株式会社ＦＢＢ,長野県諏訪市大字中洲２５３４番地５,2023-06-01,株式会社
株式会社ＦＧホールディングス,徳島県小松島市赤石町４番１３号,2023-06-01,株式会社
株式会社ＦＬＯＷＥＲ,東京都千代田区神田猿楽町２丁目２番７号５０２号室,2023-06-01,株式会社
株式会社ＦＳＳ,埼玉県狭山市狭山台２丁目１７番地の２５,2023-06-01,株式会社
株式会社Ｆｖ‐Ｋ,東京都江戸川区一之江７丁目３２番２６号,2023-06-01,株式会社
株式会社ＧＲＩＤ＆ＣＯＮＳＵＬＴＩＮＧ,東京都府中市朝日町２丁目３番地の１、５号棟３０６,2023-06-01,株式会社
株式会社Ｇｒｏｗ　Ａｂｉｌｉｔｙ,兵庫県神戸市須磨区稲葉町４丁目１番２５号,2023-06-01,株式会社
株式会社ＨＡＮＡＫＡ,埼玉県川口市金山町３－３ライオンズマンション第１０－２０４号,2023-06-01,株式会社
株式会社Ｉ・Ｓ,愛知県名古屋市中川区川前町５５番地,2023-06-01,株式会社
株式会社ＩＭＡＫＡ,埼玉県越谷市南越谷１丁目２６－７南越谷第一マンション２０３,2023-06-01,株式会社
株式会社ＪＡＤＥ　ＲＥＮＴＡＬ　ＣＡＲ,長野県北安曇郡白馬村大字北城３０２０番地８３７,2023-06-01,株式会社
株式会社ＪＰ商事,福岡県糟屋郡篠栗町津波黒２丁目１６‐５,2023-06-01,株式会社
株式会社Ｋ＆Ｋ,沖縄県石垣市字真栄里２５５番地６オアシスファミリーニューハウスⅡ１０３号,2023-06-01,株式会社
株式会社ＫＡＭＥＤＡｐｌｕｓ,新潟県新潟市江南区亀田中島２丁目１番５号,2023-06-01,株式会社
株式会社ＫＨ,東京都台東区東上野６丁目２９番５号,2023-06-01,株式会社
株式会社ＫＵＤＯＵ薬事衛生サービス,茨城県鹿嶋市鉢形台１丁目１２番地２,2023-06-01,株式会社
株式会社Ｋｏｍａｔｓｕ,東京都目黒区碑文谷５丁目１２番１３号,2023-06-01,株式会社
株式会社ＬＣマネジメント,神奈川県藤沢市藤沢５５１番地１,2023-06-01,株式会社
株式会社ＬＨＹ,神奈川県横浜市中区南仲通３丁目３０番地１スギヤマビル３Ａ号室,2023-06-01,株式会社
株式会社ＬＯＣＯＭＯ,神奈川県鎌倉市常盤９３７番地４６,2023-06-01,株式会社
株式会社Ｌｉｂｅｒｔｙ　Ｅｖｏｌｕｔｉｏｎ,大阪府大阪市浪速区日本橋東３丁目１４番１０－１３０３号,2023-06-01,株式会社
株式会社Ｌｉｆｅ　Ｍａｔｅ,千葉県浦安市美浜５丁目１０番,2023-06-01,株式会社
株式会社ＭＡＴＳＵＭＯＴＯ,和歌山県伊都郡かつらぎ町大字妙寺１６０番地の１０,2023-06-01,株式会社
株式会社ＭＧＬ,埼玉県深谷市上野台２７３９番地１０,2023-06-01,株式会社
株式会社ＭＴＴエンタープライズ,高知県高知市上町２丁目６番９号,2023-06-01,株式会社
株式会社ＮＩＫＡ,広島県広島市東区東蟹屋町１２－１５－３０１,2023-06-01,株式会社
株式会社ＮＩＫＫＩ,大阪府大阪市住吉区長居西１丁目４番４８号－２３棟,2023-06-01,株式会社
株式会社ＮＩＰＰＯＮ　ＡＵＴＯ　ＴＲＡＤＩＮＧ　ＣＯ,茨城県坂東市中里１２０番地２Ｂ,2023-06-01,株式会社
株式会社ＮＵＭＢＥＲＩＺＥ,東京都新宿区新宿４丁目３番１５号レイフラット新宿Ｂ棟３Ｆ,2023-06-01,株式会社
株式会社ＮＹＡ,山口県宇部市大字中野開作２０６番地７,2023-06-01,株式会社
株式会社Ｎｅｘｉｎｔ,香川県高松市多肥上町１９４４番地１５,2023-06-01,株式会社
株式会社Ｎｏａｌｏｎｅ,東京都品川区小山２丁目１２番１１号ＭＥＧＵＲＯＰＡＲＫＨＩＬＬＳ３０２,2023-06-01,株式会社
株式会社Ｐｒｏｆｏｒｍｅｒ,東京都中央区日本橋浜町２丁目２５番２号,2023-06-01,株式会社
株式会社ＲＥＩＮＡ,京都府京都市下京区西七条御前田町１９番地３,2023-06-01,株式会社
株式会社ＲＥＶＩＶＥＲ,福岡県豊前市大字久松１０９‐５,2023-06-01,株式会社
株式会社ＲＩＣＨＩＥ,東京都中央区銀座１丁目１２番４号Ｎ＆Ｅ・ＢＬＤ．７Ｆ,2023-06-01,株式会社
株式会社ＲＩＴ,神奈川県藤沢市辻堂東海岸２丁目４番３号,2023-06-01,株式会社
株式会社ＲＵＩＴＹ,大阪府大阪市北区梅田１丁目１－３大阪駅前第３ビル２９階１－１－１号室,2023-06-01,株式会社
株式会社Ｒａｍｅｌ,宮城県仙台市泉区北高森２０－１,2023-06-01,株式会社
株式会社Ｓ　ａｎｄ　Ｈ,千葉県千葉市若葉区上泉町６６６番地,2023-06-01,株式会社
株式会社Ｓ＆Ｋ,愛知県名古屋市南区堤町５丁目９番地の２,2023-06-01,株式会社
株式会社ＳＡＮＰＯ,東京都港区南青山２丁目２７番１１号,2023-06-01,株式会社
株式会社ＳＣＥＮＥと私と,愛知県名古屋市守山区翠松園３丁目３０５番地,2023-06-01,株式会社
株式会社ＳＫエンジニアリング,神奈川県川崎市川崎区日進町１番地５－１４０３,2023-06-01,株式会社
株式会社ＴＵホームケア,北海道札幌市中央区北二条西１０丁目１－６コンフォリア札幌植物園７０２,2023-06-01,株式会社
株式会社Ｔｈｅ　Ｓａｉｌ,東京都渋谷区道玄坂１丁目１０番８号渋谷道玄坂東急ビル２Ｆ－Ｃ,2023-06-01,株式会社
株式会社ＵＮＩＴＹ,大阪府門真市千石西町１３番３６－１号,2023-06-01,株式会社
株式会社ＵＰｓｉｄｅ,愛知県名古屋市名東区照が丘３２番地の１,2023-06-01,株式会社
株式会社Ｘ,愛知県名古屋市北区楠１丁目２００６番地Ｇｒｉｓｎｏｉｒ　Ａ号室,2023-06-01,株式会社
株式会社ｂｏｏｋ　ｍａｎ,東京都墨田区両国３丁目２１番１４号両国有泉ビル３階,2023-06-01,株式会社
株式会社ｖｉｅｘ,東京都中央区築地２丁目７番８－２０２号,2023-06-01,株式会社
潤商事合同会社,埼玉県行田市大字荒木２３１５番,2023-06-01,合同会社
瀧洋株式会社,埼玉県さいたま市岩槻区大字大口２５７－１,2023-06-01,株式会社
特定非営利活動法人さくらの村,福島県伊達市保原町柱田字武士沢２５番地,2023-06-01,その他の設立登記法人
特定非営利活動法人ココメイト山口,山口県山口市阿東町徳佐中４２１６,2023-06-01,その他の設立登記法人
特定非営利活動法人臓器移植ドナー登録推進協議会,東京都足立区平野１丁目１４番１１号,2023-06-01,その他の設立登記法人
特定非営利活動法人Ｊｏｙ　Ｓｈｏｅｓ,東京都港区赤坂９丁目６番３０－４１９号,2023-06-01,その他の設立登記法人
特定非営利活動法人Ｗｏｒｋ　ｉｔ　ｏｕｔ,愛知県名古屋市南区柴田町２丁目１０番地５シバテーブル内,2023-06-01,その他の設立登記法人
盈之杰株式会社,大阪府大阪市浪速区敷津西１丁目１番２８号,2023-06-01,株式会社
税理士法人ネクスト松山,愛媛県松山市居相４丁目２２番２６号,2023-06-01,その他の設立登記法人
茂寛株式会社,福岡県福岡市早良区藤崎１丁目１６－２ハイム藤崎２０３,2023-06-01,株式会社
華卿株式会社,大阪府大阪市生野区生野西４丁目１２－３ハイツ西村１０５号室,2023-06-01,株式会社
菲達森株式会社,大阪府大阪市大正区三軒家西３丁目４番１６号中山ビル３０５Ａ,2023-06-01,株式会社
萬潤科技日本株式会社,東京都品川区北品川５丁目６番２４－８０５号,2023-06-01,株式会社
薮川地区活性化推進協議会,岩手県盛岡市薮川字外山３５－４５,2023-06-01,その他
谷米株式会社,東京都杉並区清水３丁目３１－１０ＹＡＳＨＩＭＡビル３Ｆ－Ｆ,2023-06-01,株式会社
銘医株式会社,東京都港区虎ノ門４丁目１番１１号プラウド虎ノ門３０４,2023-06-01,株式会社
鑫海株式会社,滋賀県栗東市高野２９５－１１武村店舗２号室,2023-06-01,株式会社
長谷川合同会社,東京都品川区南大井１丁目６番２号アイディ品川Ｖ６０１,2023-06-01,合同会社
阪運商会株式会社,大阪府大阪市西区九条３丁目２０番７号,2023-06-01,株式会社
１０合同会社,福岡県福岡市中央区赤坂１丁目８－２３,2023-06-01,合同会社
１ＺＰＲＥＳＳＯ　ＣＯ．，ＬＴＤ．,,2023-06-01,外国会社等
７Ａ工業合同会社,埼玉県川口市大字芝３８６１番地,2023-06-01,合同会社
ＡＣＴＹ合同会社,東京都北区浮間３丁目２１番１９号,2023-06-01,合同会社
ＡＬＭＹ合同会社,静岡県浜松市中区肴町３１９番地の４,2023-06-01,合同会社
ＡＭＶＩジャパン株式会社,東京都中央区日本橋３丁目１５番８号,2023-06-01,株式会社
ＡＴ　Ｌａｂ合同会社,東京都港区南青山２丁目２番１５号,2023-06-01,合同会社
ＡＵＲＡ合同会社,東京都港区東麻布１丁目１０番１１号,2023-06-01,合同会社
ＡＸＥ合同会社,東京都荒川区荒川７丁目２０－１イーストヒル８０５,2023-06-01,合同会社
ＡｇＦａｃｉｌｉｔｉｅｓ株式会社,大阪府大阪市北区大淀中３丁目１３番１号,2023-06-01,株式会社
Ａｌｗａｙｓ　Ｏｎ　Ｔｅｃｈ　Ｊａｐａｎ株式会社,東京都港区新橋２丁目１６－１ニュー新橋ビル７０２,2023-06-01,株式会社
Ａｒｒｏｗ８合同会社,神奈川県相模原市南区相模大野６丁目２３,2023-06-01,合同会社
Ｃ．Ｆｉｐｋｅ　Ｈｏｌｄｉｎｇｓ　Ｌｔｄ．,,2023-06-01,外国会社等
Ｃ３合同会社,東京都港区白金台３丁目１０番１０号,2023-06-01,合同会社
ＣＢＣグローバルマネジメント株式会社,東京都中央区月島２丁目１５番１３号,2023-06-01,株式会社
ＣＲＥＥＴＥ株式会社,福岡県福岡市東区唐原１丁目４番３３号１Ｆ,2023-06-01,株式会社
ＤＯＮＧＧＵＡＮＳＨＩＪＵＹＵＳＨＵＯＦＵＺＨＵＡＮＧ　Ｃｏ．，Ｌｔｄ．,,2023-06-01,外国会社等
ＤＯＯＫ株式会社,愛知県安城市東栄町６丁目８番地３,2023-06-01,株式会社
Ｄａｉｎａｍ合同会社,東京都墨田区両国２丁目１７番１１－８０５号大起ビル,2023-06-01,合同会社
Ｄｕｎｌｏｐ　Ｔａｉｋｏｏ　（Ｊｉｎｊｉａｎｇ）Ａｉｒｃｒａｆｔ　Ｔｙｒｅｓ　Ｃｏｍｐａｎｙ　Ｌｉｍｉｔｅｄ,,2023-06-01,外国会社等
ＦＵＺＨＯＵ　ＤＵＯ　ＹＩ　ＺＨＩ　ＥＬＥＣＴＲＩＣ．，ＬＴＤ,,2023-06-01,外国会社等
Ｇｒｅｅｎ　Ｉｎｃｕｂａｔｉｏｎ株式会社,東京都目黒区青葉台４丁目４番１２号ＴＨＥ・Ｎ３‐３０７,2023-06-01,株式会社
ＨＡＡＤＨＩＹＡ　ＥＮＴＥＲＰＲＩＳＥＳ株式会社,三重県鈴鹿市桜島町５丁目５番地の１６たんぽぽの詞Ⅰ１０２号室,2023-06-01,株式会社
Ｈａｎｇｚｈｏｕ　Ｔｏｙｏｕｎ　Ｔｅｃｈｎｏｌｏｇｙ　Ｃｏ．，Ｌｔｄ,,2023-06-01,外国会社等
Ｈｕｂｅｉｔｕｄａｚｈｉｎｅｎｇｋｅｊｉｙｏｕｘｉａｎｇｏｎｇｓｉ,,2023-06-01,外国会社等
Ｊ＆Ｗ合同会社,埼玉県草加市金明町６７０番地１４,2023-06-01,合同会社
Ｊｉｕｊｉａｎｇ　Ｙｕａｎｔｅｎｇ　Ｅｌｅｃｔｒｏｎｉｃ　Ｃｏｍｍｅｒｃｅ　Ｃｏ．，Ｌｔｄ．,,2023-06-01,外国会社等
ＬＵＯ　ＹＡＮＧ　ＺＨＯＮＧＥＮ　ＦＵＲＮＩＴＵＲＥ　Ｃｏ，．Ｌｔｄ．,,2023-06-01,外国会社等
Ｌｉ‐Ｐｉ　Ｒｅｃｏｒｄｓ　Ｔｏｋｙｏ株式会社,埼玉県八潮市大字西袋６７７－６－１０２号室,2023-06-01,株式会社
Ｌｉｇｏ　Ｄｅｓｉｇｎ株式会社,東京都渋谷区富ヶ谷１丁目１４－１４スタンフォードアネックスビル３Ｆ,2023-06-01,株式会社
ＭＩＲＡＩＳＨＡ　ＯＮＬＩＮＥ　ＢＵＳＩＮＥＳＳ合同会社,東京都新宿区大久保２丁目２５番１８－２０３,2023-06-01,合同会社
ＭＯＶＥＭＥＮＴ株式会社,東京都中央区銀座８丁目１７番５号,2023-06-01,株式会社
ＭＱ合同会社,東京都江戸川区西葛西７丁目５番１５号カラベル西葛西３０１,2023-06-01,合同会社
ＭＴ合同会社,東京都新宿区新宿７丁目２６番５６－１０２号,2023-06-01,合同会社
ＭＵＲＡＳＡＫＩ株式会社,大阪府高槻市郡家新町１番４３号２Ｃ室,2023-06-01,株式会社
ＭＹＬＡＮ　ＩＲＥＬＡＮＤ　ＬＩＭＩＴＥＤ,,2023-06-01,外国会社等
Ｍｉｃｈｉ　Ｎａｖｉｇａｔｉｏｎ合同会社,東京都新宿区新宿１丁目１２番１号,2023-06-01,合同会社
ＮＰＯ法人いただきます,福岡県福岡市南区鶴田３丁目１０番４３－２号,2023-06-01,その他の設立登記法人
Ｎｉｎｇｈａｉ　Ｒｅｎｚｈｅｎ　Ｄａｉｌｙ－Ｕｓｅ　Ｃｏ．，Ｌｔｄ．,,2023-06-01,外国会社等
ＯａｋＴｒｅｅ株式会社,静岡県富士宮市野中６４０番１１号,2023-06-01,株式会社
ＰＦＩナレッジファーム株式会社,奈良県生駒市東旭ケ丘７番１７号,2023-06-01,株式会社
ＰＨＵＯＮＧ　ＤＡＮＧ機械輸出国際株式会社,埼玉県春日部市緑町６丁目１５番３３号,2023-06-01,株式会社
Ｒｏｙａｌ　Ｅｔｅｒｎｉｔｙ株式会社,東京都新宿区喜久井町６２番地３－３１０号,2023-06-01,株式会社
Ｓ．Ｅ．Ｔ株式会社,大阪府大阪市中央区瓦屋町２丁目１０－１４第３天偉ビル３Ｄ室,2023-06-01,株式会社
ＳＨＡＮＧＨＡＩ　ＪＩ　ＨＥ　ＤＩＡＮ　ＺＩ　ＳＨＡＮＧ　ＷＵ　ＹＯＵ　ＸＩＡＮ　ＧＯＮＧ　ＳＩ,,2023-06-01,外国会社等
ＳＨＥＮＺＨＥＮＳＨＩＨＯＵＤＥＺＨＡＩＷＵＷＥＮＨＵＡＴＵＳＨＵＹＯＵＸＩＡＮＧＯＮＧＳＩ,,2023-06-01,外国会社等
ＳＩＬＡＢ　ＮＯＲＴＨ　ＥＡＳＴ　ＡＳＩＡ株式会社,東京都港区東麻布１丁目２３－５ＰＭＣビル,2023-06-01,株式会社
ＳＵＮ　ＴＥＡＭ　ＪＡＰＡＮ株式会社,大阪府大阪市中央区久太郎町１丁目４番６号和興ビル２０３号,2023-06-01,株式会社
ＳＵＰＥＲＳＴＯＲＭ株式会社,東京都港区海岸１丁目９番１５号,2023-06-01,株式会社
ＳｈｅｎＺｈｅｎＳｈｉＤｉＮｅｎｇＫｅＪｉＹｏｕＸｉａｎＧｏｎｇＳｉ,,2023-06-01,外国会社等
Ｓｈｅｎｚｈｅｎ　Ｂａｉｓｈｅｎｇｗｅｉ　Ｅｌｅｃｔｒｏｎｉｃ　Ｃｏｍｍｅｒｃｅ　Ｃｏ．，Ｌｔｄ．,,2023-06-01,外国会社等
Ｓｈｅｎｚｈｅｎ　Ｊｉｎｇｗｕ　Ｔｅｃｈｎｏｌｏｇｙ　Ｃｏ．，Ｌｔｄ．,,2023-06-01,外国会社等
Ｓｈｅｎｚｈｅｎ　Ｓｈｕｎｙｅ　Ｅｌｅｃｔｒｏｎｉｃ　Ｃｏｍｍｅｒｃｅ　Ｃｏ．，Ｌｔｄ．,,2023-06-01,外国会社等
Ｓｈｅｎｚｈｅｎ　Ｙｉｎｇｆｅｉｌｉ　Ｅｌｅｃｔｒｏｎｉｃ　Ｃｏｍｍｅｒｃｅ　Ｃｏ．，Ｌｔｄ．,,2023-06-01,外国会社等
Ｓｈｅｎｚｈｅｎｓｈｉ　Ｈａｏｈａｉｓｈｅｎｇｋｅ　Ｅ－Ｂｕｓｉｎｅｓｓ　Ｃｏ．，Ｌｔｄ,,2023-06-01,外国会社等
Ｓｈｅｎｚｈｅｎｓｈｉ　Ｌｉａｎｋｅｓｉｔｕｏ　Ｄｉａｎｚｉｓｈａｎｇｗｕｙｏｕｘｉａｎｇｏｎｇｓｉ,,2023-06-01,外国会社等
Ｓｈｅｎｚｈｅｎｓｈｉ　Ｗｅｉｔａｉ　Ｔｅｃｈｎｏｌｏｇｙ　Ｃｏ．，Ｌｔｄ,,2023-06-01,外国会社等
Ｓｈｅｎｚｈｅｎｓｈｉ　Ｘｉｂｅｎｘｕｎ　Ｅ－Ｂｕｓｉｎｅｓｓ　Ｃｏ．，Ｌｔｄ,,2023-06-01,外国会社等
Ｓｐｒｉｎｇｅｒ　Ｎａｔｕｒｅ　Ｂ．Ｖ．,,2023-06-01,外国会社等
ＳｔａｒｔＳｐａｃｅ株式会社,東京都新宿区西新宿３丁目３番１３号西新宿水間ビル２Ｆ,2023-06-01,株式会社
ＴＰＩｓｏｆｔｗａｒｅ株式会社,東京都港区赤坂２丁目８番１４－５０４号,2023-06-01,株式会社
ＴｈａｎｋＹｏｕ株式会社,東京都港区西麻布１丁目１２－８シグマケミカル西麻布ビル３Ｆ,2023-06-01,株式会社
Ｔｏｋｙｏ　Ｓｅｒｖｉｃｅｓ　Ｃｏｎｓｕｌｔａｎｔ株式会社,茨城県結城市大字結城１１３９７－１アーバニティ－２４－２０９号室,2023-06-01,株式会社
ＵＰ‐ＡＲＥＡ　ＪＡＰＡＮ合同会社,東京都中央区銀座１丁目２２番１１号銀座大竹ビジデンス２Ｆ,2023-06-01,合同会社
ＶＩＥＴ　ＮＡＭ　ＧＲＥＥＮ合同会社,埼玉県さいたま市見沼区東大宮４丁目１５番地９,2023-06-01,合同会社
ＶＩＳＵＲＡ　ＬＡＮＫＡ　ＴＲＡＤＩＮＧ合同会社,栃木県栃木市都賀町合戦場１００４番地１５,2023-06-01,合同会社
ＸＹ　ＧＥＥＫ　ＣＯ．，ＬＩＭＩＴＥＤ,,2023-06-01,外国会社等
Ｙ４Ｍａｒｉｔｉｍｅ合同会社,東京都品川区平塚１丁目６番６号,2023-06-01,合同会社
ＹＥＥＤＩ　ＴＥＣＨＮＯＬＯＧＹ　ＬＩＭＩＴＥＤ,,2023-06-01,外国会社等
ｂｌｕｅ　ｈａｉｒ　ｌｉｆｅ　ｐｌａｃｅ株式会社,岐阜県岐阜市入舟町１丁目１８番地４銀座ビル１Ｆ,2023-06-01,株式会社
ｃｈｅｎｇｄｕｒｕｉｘｉｎｓｈｅｎｇｋｅｊｉｙｏｕｘｉａｎｇｏｎｇｓｉ,,2023-06-01,外国会社等
ｃｈｏｎｇｑｉｎｇｋｅｈｏｎｇａｎｆａｎｇｓｈｅｂｅｉｙｏｕｘｉａｎｇｏｎｇｓｉ,,2023-06-01,外国会社等
ｄｅｘｉｎｇｕｏｊｉｗｕｌｉｕ（Ｓｈｅｎｚｈｅｎ）ｙｏｕｘｉａｎｇｏｎｇｓｉ,,2023-06-01,外国会社等
ｄｏｎｇｇｕａｎｓｈｉ　ｒｕｉ　ｂｏ　ｄｉａｎ　ｚｉ　ｋｅ　ｊｉ　ｙｏｕ　ｘｉａｎ　ｇｏｎｇ　ｓｉ,,2023-06-01,外国会社等
ｄｏｎｇｇｕａｎｓｈｉｚｈｅｎｇｂｅｉｊｕｄｉａｎｚｉｋｅｊｉｙｏｕｘｉａｎｇｇｏｎｇｓｉ,,2023-06-01,外国会社等
ｇｕａｎｇｚｈｏｕｔａｉｋｅｘｉｘｉｎｘｉｋｅｊｉｙｏｕｘｉａｎｇｏｎｇｓｉ,,2023-06-01,外国会社等
ｇｕａｎｇｚｈｏｕｚｈｕｏｘｉｎｌｉｍａｏｙｉｙｏｕｘｉａｎｇｏｎｇｓｉ,,2023-06-01,外国会社等
ｈｅｆｅｉｇｕｔｅｎｇｘｉｎｘｉｋｅｊｉｙｏｕｘｉａｎｇｏｎｇｓｉ,,2023-06-01,外国会社等
ｓｅｔｔｅ　ｍｏｏｎ株式会社,東京都港区北青山３丁目６番７号青山パラシオタワー１１階,2023-06-01,株式会社
ｓｈｅｎｚｈｅｎ　ｘｕａｎｈｅｎｇ　ｋｅｊｉ　ｙｏｕｘｉａｎ　ｇｏｎｇｓｉ,,2023-06-01,外国会社等
ｓｈｅｎｚｈｅｎｓｈｉ　ｙｏｕｔｅｎｉｋｅ　ｋｅｊｉ　ｙｏｕｘｉａｎ　ｇｏｎｇｓｉ,,2023-06-01,外国会社等
ｓｈｅｎｚｈｅｎｓｈｉｆａｎｇｓｈｉｙｅｙｏｕｘｉａｎｇｏｎｇｓｉ,,2023-06-01,外国会社等
ｓｈｅｎｚｈｅｎｓｈｉｈａｏｓｈｉｊｉｅｈａｎｇｋｏｎｇｆｕｗｕｙｏｕｘｉａｎｇｏｎｇｓｉ,,2023-06-01,外国会社等
ｓｈｅｎｚｈｅｎｓｈｉｓｏｎｇｘｕｎｄｉａｎｚｉｓｈａｎｇｗｕｙｏｕｘｉａｎｇｏｎｇｓｉ,,2023-06-01,外国会社等
ｓｈｅｎｚｈｅｎｓｈｉｘｉｎｘｉａｎｇｄｉａｎｚｉｓｈａｎｇｗｕｙｏｕｘｉａｎｇｏｎｇｓｉ,,2023-06-01,外国会社等
ｓｈｅｎｚｈｅｎｓｈｉｙｏｕｗｅｉｓｈｅｎｇｋｅｊｉｙｏｕｘｉａｎｇｏｎｇｓｉ,,2023-06-01,外国会社等
ｔａｉａｎｚｈｏｎｇｗａｎｇｊｉｎｇｍａｏｙｏｕｘｉａｎｇｏｎｇｓｉ,,2023-06-01,外国会社等
ｘｉｎｈｕａｘｉａｎｘｕｗｅｉｓｈａｎｇｍａｏｙｏｕｘｉａｎｇｏｎｇｓｉ,,2023-06-01,外国会社等
あしだがわ建設不動産株式会社,広島県福山市瀬戸町大字長和７７０番地,2023-06-02,株式会社
かわくぼ綜業株式会社,鹿児島県鹿児島市新屋敷町１６番８１１号,2023-06-02,株式会社
しょうないＲＥＫ,大阪府豊中市庄内幸町４丁目２９－１ショコラ内,2023-06-02,その他
たねのとなり合同会社,東京都渋谷区道玄坂１丁目１０番８号渋谷道玄坂東急ビル２Ｆ－Ｃ,2023-06-02,合同会社
ひまわり学童クラブ２組,大阪府大阪市住吉区清水丘１丁目２３－３,2023-06-02,その他
みらい共創株式会社,千葉県船橋市本町５丁目９番１１－１０９号,2023-06-02,株式会社
アスエル警備保障株式会社,東京都新宿区新宿１丁目３－８ＹＫＢ新宿御苑２０１号,2023-06-02,株式会社
アソビズ合同会社,大阪府大阪市中央区南船場４丁目１０番５号南船場ＳＯＨＯビル７０２,2023-06-02,合同会社
イノベーションヴィスタ合同会社,福島県郡山市八山田６丁目２２７番地,2023-06-02,合同会社
イマヲイキル株式会社,静岡県伊豆の国市南條１９６番１高野コーポ１階Ｂ号室,2023-06-02,株式会社
イングスホーム株式会社,大阪府大阪市西区新町１丁目２番１３号,2023-06-02,株式会社
インテリア秋本合同会社,東京都青梅市長淵２丁目６７７番地の１４,2023-06-02,合同会社
ウィンクス合同会社,神奈川県川崎市麻生区虹ケ丘１丁目１５番１４号,2023-06-02,合同会社
ウインウイン株式会社,東京都荒川区西日暮里３丁目６－１４－６０６号室,2023-06-02,株式会社
エイエルウ株式会社,神奈川県横浜市南区宿町１丁目１６－１ルモン横浜蒔田公園６０４号,2023-06-02,株式会社
エナジーフロー合同会社,東京都中央区日本橋人形町２丁目１３番９号,2023-06-02,合同会社
エニタイム株式会社,東京都大田区南六郷１丁目３４番３号,2023-06-02,株式会社
キーマスターズ株式会社,千葉県印西市平賀１１９１番地４,2023-06-02,株式会社
グランツサービス株式会社,秋田県秋田市八橋大畑１丁目３番１０号,2023-06-02,株式会社
ゲンキッズステーションＡＳＯＶＩＶＡ！,福井県あわら市下番２３－２－１４,2023-06-02,その他
コウセイコウ株式会社,大阪府大阪市城東区今福東１丁目１４番１８号今福グランドハイツ１２１３室,2023-06-02,株式会社
コネクトウィンウィン株式会社,東京都大田区田園調布本町３８番１号,2023-06-02,株式会社
サイワークス合同会社,京都府京都市左京区浄土寺西田町４番地３,2023-06-02,合同会社
シーブリーズ合同会社,神奈川県鎌倉市由比ガ浜２丁目１９番３２号,2023-06-02,合同会社
スマートバジェット合同会社,東京都葛飾区東新小岩３丁目３番６号,2023-06-02,合同会社
セントラル株式会社,神奈川県横浜市南区蒔田町字三度台１０１８番地１５ワコーレロイヤルヒルズ横浜蒔田９１４号室,2023-06-02,株式会社
ソウワＩｎｃ株式会社,宮城県石巻市門脇字青葉西９６番地,2023-06-02,株式会社
ソゾヤ株式会社,東京都江戸川区南葛西５丁目４番５－８０２号,2023-06-02,株式会社
ソラクル株式会社,大阪府大阪市北区梅田１丁目１番３,2023-06-02,株式会社
ソランテック株式会社,大阪府大阪市中央区平野町４丁目６番１６号,2023-06-02,株式会社
チャチャント合同会社,東京都千代田区神田和泉町１番地６の１６ヤマトビル４０５,2023-06-02,合同会社
ティーフォニクス合同会社,東京都大田区西蒲田７丁目４番４号小山第二ビル６Ｆ,2023-06-02,合同会社
デルマルコーポレーション株式会社,広島県福山市松浜町４丁目３番４３号（２０５号）,2023-06-02,株式会社
トラストテクノ株式会社,広島県廿日市市四季が丘上２番地６,2023-06-02,株式会社
トリモートメディカル合同会社,千葉県千葉市美浜区磯辺３丁目１０番６号,2023-06-02,合同会社
ノア・ドット・ビー株式会社,福岡県北九州市門司区吉志６丁目１２番３１号,2023-06-02,株式会社
ハイブライトジャパン合同会社,東京都港区南青山２丁目２番１５号,2023-06-02,合同会社
ハタケン株式会社,秋田県秋田市御野場６丁目２番９号,2023-06-02,株式会社
バイオクリスト　ファーマシューティカルズ駐在員事務所,東京都港区虎ノ門５丁目１－４東都ビル２階,2023-06-02,外国会社等
ビッグ株式会社,宮城県仙台市太白区山田本町２４番１－１３号,2023-06-02,株式会社
フェアネスリアルティ合同会社,東京都港区虎ノ門１丁目３番１号,2023-06-02,合同会社
フォンツアンドテック合同会社,神奈川県横浜市港北区鳥山町６１４番地ライフレビュー新横浜ウエスト４０３,2023-06-02,合同会社
フォーワン株式会社,大阪府大阪市浪速区元町２丁目３番２９号難波ユニオンビル５階,2023-06-02,株式会社
プールブ合同会社,大阪府大阪市淀川区西中島４丁目４番２５－１０１１号,2023-06-02,合同会社
ベインズコンサルティング合同会社,東京都渋谷区道玄坂１丁目１０番８号渋谷道玄坂東急ビル２Ｆ－Ｃ,2023-06-02,合同会社
ボルブコンサルティング株式会社,東京都世田谷区玉川３丁目２０番２号マノア玉川第３ビル５０１号室,2023-06-02,株式会社
ヤマニハ不動産合同会社,沖縄県中頭郡北谷町字吉原１０５５番地３８,2023-06-02,合同会社
リハブインダストリージャパン合同会社,神奈川県横浜市神奈川区片倉２丁目１８番２０号,2023-06-02,合同会社
ワンドラゴンサービス株式会社,大阪府大阪市港区南市岡３丁目６番５９号,2023-06-02,株式会社
一般社団法人にじいろソリューション,東京都港区南青山２丁目２番１５号,2023-06-02,その他の設立登記法人
一般社団法人よこた共和国,岩手県陸前高田市横田町字志田実３番地１１,2023-06-02,その他の設立登記法人
一般社団法人サポートネット,神奈川県横浜市戸塚区汲沢７丁目４番３０号,2023-06-02,その他の設立登記法人
一般社団法人フィクトセクシュアル協会,東京都足立区入谷４丁目４番６号,2023-06-02,その他の設立登記法人
一般社団法人ポレポレ,香川県さぬき市寒川町神前３６５１番地１,2023-06-02,その他の設立登記法人
一般社団法人モノマネ協会,東京都港区浜松町１丁目１０番８号野田ビル２階,2023-06-02,その他の設立登記法人
一般社団法人全国ＰＴＡ・育友会活動支援協議会,兵庫県神戸市中央区江戸町９４番地２,2023-06-02,その他の設立登記法人
一般社団法人国際児童栄養振興会,東京都中央区日本橋中洲５番１－３２１号,2023-06-02,その他の設立登記法人
一般社団法人安芸情報システム研究所,広島県東広島市八本松町吉川３７７番地９,2023-06-02,その他の設立登記法人
一般社団法人日本ピュアリフィケーション協会,埼玉県さいたま市浦和区東仲町１５－８グリーンスクエア６０２,2023-06-02,その他の設立登記法人
一般社団法人日本腸セラピー協会,愛知県名古屋市千種区朝岡町３丁目１９番地,2023-06-02,その他の設立登記法人
一般社団法人栃木県ｅスポーツ連合,栃木県小山市三峯１丁目１０番２１号,2023-06-02,その他の設立登記法人
一般社団法人災害．特殊原状回復協会,神奈川県海老名市柏ケ谷６００番地の５（１－５０８）,2023-06-02,その他の設立登記法人
一般社団法人神栖シティスポーツクラブ,茨城県神栖市萩原字寺ノ内６８０番３,2023-06-02,その他の設立登記法人
一般社団法人群馬サステナビリティ協会,群馬県前橋市天川大島町１２０３番地１金井ビル２Ｆ,2023-06-02,その他の設立登記法人
一般社団法人自然北陸北関東,東京都港区西新橋１丁目２番９号メンターキャピタル税理士法人内,2023-06-02,その他の設立登記法人
一般社団法人遺言友の会,大阪府大阪市淀川区宮原２丁目１番１７号新大阪第２ＹＳビル７階,2023-06-02,その他の設立登記法人
一般社団法人韓国コスメインフルエンサー協会,東京都渋谷区円山町５－５,2023-06-02,その他の設立登記法人
一般社団法人ＧＲＥＥＮ　ＢＯＸ　ＣＬＵＢ,大阪府吹田市藤白台３丁目５番１－１０８号,2023-06-02,その他の設立登記法人
一般社団法人Ｓｍｉｌｅ　Ａｓｉａ　Ｊａｐａｎ,東京都港区新橋６丁目７番９号新橋アイランドビル３階事務センター内,2023-06-02,その他の設立登記法人
一般社団法人Ｗｉｔｈ　Ｌｅａｆ,茨城県北茨城市中郷町松井１１３番地の５３,2023-06-02,その他の設立登記法人
一般社団法人ｍｏｒｉｍｏｔｏ音楽堂,大阪府大阪市城東区中央３丁目７－１８シャルマンコーポ野江２号館１１８,2023-06-02,その他の設立登記法人
一般財団法人日韓未来文化財団,東京都中央区京橋２丁目８番１号八重洲中央ビル４階,2023-06-02,その他の設立登記法人
三和アセットパートナーズ合同会社,福岡県福岡市博多区博多駅南１丁目６番９号,2023-06-02,合同会社
三羊合同会社,神奈川県横浜市神奈川区菅田町２４７１番地７,2023-06-02,合同会社
丸竹工業株式会社,富山県下新川郡入善町青島７７４番地,2023-06-02,株式会社
二条油小路町内会,京都府京都市中京区二条油小路町２６５番地,2023-06-02,その他
令和京都博覧会実行委員会,京都府京都市中京区室町通三条上る役行者町３６８番地株式会社永楽屋内,2023-06-02,その他
佐藤薬品株式会社,大阪府大阪市住吉区南住吉１丁目６番２４号,2023-06-02,株式会社
健元株式会社,大阪府大阪市住吉区万代東１丁目３－２２－１１０号,2023-06-02,株式会社
力達合同会社,新潟県新潟市中央区万代２丁目１番１号,2023-06-02,合同会社
合同会社あさま,東京都港区虎ノ門２丁目１０番４号オークラプレステージタワー,2023-06-02,合同会社
合同会社いしばし整骨院,福岡県久留米市諏訪野町２６１９江崎第７ビル１階Ｄ,2023-06-02,合同会社
合同会社さた生活研究所,東京都杉並区和田１丁目５７番Ｎ－７０９号,2023-06-02,合同会社
合同会社すてきな仲間,静岡県静岡市葵区昭府１丁目２０番３３号,2023-06-02,合同会社
合同会社そら,東京都清瀬市中清戸１丁目５４２－１,2023-06-02,合同会社
合同会社つばさ産業医オフィス,新潟県新潟市中央区天神１丁目１番地プラーカ３ＨＵＢＳＴＡＴＩＯＮＫＥＮＴＯ,2023-06-02,合同会社
合同会社なないろ,長崎県長崎市上戸町２丁目９番１８－１号,2023-06-02,合同会社
合同会社にしたに,東京都江戸川区南篠崎町２丁目４５番１６号,2023-06-02,合同会社
合同会社のぶし,千葉県松戸市根本２３０番地の６,2023-06-02,合同会社
合同会社ひろさわ,静岡県浜松市中区佐鳴台１丁目７番４４号,2023-06-02,合同会社
合同会社ゆみカンパニー,岐阜県揖斐郡池田町八幡２４５９番地の２,2023-06-02,合同会社
合同会社ウェル,東京都武蔵野市境南町２丁目２８－２４－３０５,2023-06-02,合同会社
合同会社ウェーブ,鹿児島県鹿児島市春山町１１７６番地４,2023-06-02,合同会社
合同会社ウルスカ,福岡県築上郡築上町大字椎田１６８２番地１イオメール椎田１Ｆ,2023-06-02,合同会社
合同会社エド,東京都西多摩郡日の出町大字大久野８９８番地１サンライズ六番館１０１号室,2023-06-02,合同会社
合同会社エンハンスバリューソリューション,東京都三鷹市野崎２丁目６番２３号,2023-06-02,合同会社
合同会社エージェントアルファ,神奈川県横浜市西区赤門町２丁目２３,2023-06-02,合同会社
合同会社オフィス・モードキー,青森県青森市篠田２丁目２１番９号ポレスター篠田５０１号,2023-06-02,合同会社
合同会社キャリア・トーチ,北海道札幌市中央区南十九条西９丁目２－１３,2023-06-02,合同会社
合同会社ココロフューチャー,福岡県福岡市南区清水１丁目６番２１号,2023-06-02,合同会社
合同会社サザンオールストア,沖縄県糸満市西崎２丁目１８番８号,2023-06-02,合同会社
合同会社セキノ設備,石川県羽咋郡宝達志水町柳瀬チ１９９,2023-06-02,合同会社
合同会社タヌキノ猫パンチ,茨城県ひたちなか市松戸町３丁目４－３ヒルズ光１０５号室,2023-06-02,合同会社
合同会社ネクストイノベーション,千葉県千葉市中央区宮崎町４７番地１ライオンズマンション蘇我３－５０５号,2023-06-02,合同会社
合同会社ハウジング,広島県広島市南区大須賀町１２－３,2023-06-02,合同会社
合同会社ハラケイ,宮崎県宮崎市清水３丁目５番６号ヴェレッザ清水３０５号,2023-06-02,合同会社
合同会社バーニーズ,東京都世田谷区太子堂３丁目５番１３号ルブラン三軒茶屋１０１,2023-06-02,合同会社
合同会社フルモノリノベ,福岡県久留米市山本町耳納８６０－１,2023-06-02,合同会社
合同会社フロントドア,東京都千代田区飯田橋３丁目４番３号エレガンス飯田橋６０３,2023-06-02,合同会社
合同会社ホリスケ,福岡県福岡市南区大橋３丁目２３番５２－１０１号,2023-06-02,合同会社
合同会社ユカリ・ＨＫコーポレーション,広島県広島市西区新庄町１８－１１レックスハイツ新庄１０１号,2023-06-02,合同会社
合同会社リ・ブルーム,愛知県豊橋市西幸町字浜池３３３‐９豊橋サイエンスコア１０９,2023-06-02,合同会社
合同会社ワンダーワークス,東京都西東京市芝久保町５丁目５番１０号,2023-06-02,合同会社
合同会社万事屋谷ちゃん,宮崎県宮崎市下原町３３２番地２アルファスマート青葉北Ⅱ３０６号,2023-06-02,合同会社
合同会社児童環境保健・総合教育開発センター,群馬県伊勢崎市除ケ町１３３番地７,2023-06-02,合同会社
合同会社十皿,大阪府大阪市北区西天満２丁目７番２６号徳矢ビル１Ｆ,2023-06-02,合同会社
合同会社地域文化研究所,兵庫県豊岡市戸牧９－６,2023-06-02,合同会社
合同会社山村自動車,熊本県球磨郡錦町大字木上北１６４番地,2023-06-02,合同会社
合同会社岩崎不動産,大阪府高槻市真上町５丁目５－５,2023-06-02,合同会社
合同会社昭和建材,熊本県八代市通町６番５６号,2023-06-02,合同会社
合同会社晴空,長野県安曇野市豊科４４６９番地,2023-06-02,合同会社
合同会社植松工業,埼玉県所沢市東所沢和田２丁目１５番地の１２メゾン東所沢１０５,2023-06-02,合同会社
合同会社泰然,愛媛県松山市美沢１丁目１番２３号石田２ビル３０１号,2023-06-02,合同会社
合同会社白洋,沖縄県宜野湾市志真志４丁目８番１４号,2023-06-02,合同会社
合同会社菖蒲プロパティ,東京都千代田区丸の内３丁目１番１号東京共同会計事務所内,2023-06-02,合同会社
合同会社雄妃Ｔｒｙ,沖縄県糸満市字真栄里２０２３番地の２西平アパートＣ号,2023-06-02,合同会社
合同会社音の和,大阪府大阪市都島区高倉町３丁目１４番２０－１４０２号,2023-06-02,合同会社
合同会社鬼龍,東京都世田谷区上北沢４丁目２８－７レオパレスデュマン２－２０３,2023-06-02,合同会社
合同会社４５１,福岡県福岡市中央区天神２丁目２番１２号,2023-06-02,合同会社
合同会社ＡＺ　ＬＩＮＥ,富山県高岡市国吉１７４番地１,2023-06-02,合同会社
合同会社Ａｆｆｏｒｄａｂｌｅ　Ｆｉｎｄｓ　Ｆｒｏｍ　Ｊａｐａｎ,岐阜県恵那市大井町２０１７番地９５,2023-06-02,合同会社
合同会社Ａｒｉｓｅ,兵庫県神戸市西区玉津町高津橋２６６番地の１セザール第２西神戸３０６号,2023-06-02,合同会社
合同会社ＢＯＯＫＥＲＳ,東京都港区南青山２丁目２‐１５ＷＩＮ青山５３１,2023-06-02,合同会社
合同会社ＣＲＡＳ東京,東京都千代田区神田司町２丁目７福禄ビル５階,2023-06-02,合同会社
合同会社ＣａｌｃＳｕｐｐｏｒｔ,大阪府羽曳野市恵我之荘１丁目１１番９号,2023-06-02,合同会社
合同会社Ｃｉｒｃｕｌａｒ　Ｔｈａｎｋｓ,山形県米沢市窪田町窪田３８３番地の１４,2023-06-02,合同会社
合同会社Ｄ・ｉｎｆｉｎｉｔｙ,大阪府大阪市北区梅田２丁目５番１３号桜橋第一ビル３０４号,2023-06-02,合同会社
合同会社ＥＳ,東京都武蔵野市吉祥寺南町１丁目５番９号くまもとビル２階Ｂ,2023-06-02,合同会社
合同会社Ｅａｒｔｈ　Ｕｎｉｏｎ,東京都台東区蔵前４丁目３３番４号ＬｉｔｔｌｅＦｉｅｌｄ蔵前２０２,2023-06-02,合同会社
合同会社ＦＴｏｐｓ,東京都稲城市向陽台６丁目１２番地アルボの丘４‐１００７号,2023-06-02,合同会社
合同会社Ｇｅａｒ．ｋ,愛知県岡崎市土井町字池田甲７番地２１,2023-06-02,合同会社
合同会社ＩＮＥＶＩＴ,京都府京都市左京区浄土寺西田町１００－１６ボンズカーサ銀閣寺道西１０２号室,2023-06-02,合同会社
合同会社ＩＴＴＥＫＩ,大阪府交野市神宮寺１丁目３０番１０号,2023-06-02,合同会社
合同会社ＫＡＭＩＡ,東京都目黒区碑文谷１丁目２６番１８－１０２号碑文谷ヒルズサレジオ通り,2023-06-02,合同会社
合同会社Ｋｏｍａｒｚ,東京都千代田区神田和泉町１番地６－１６ヤマトビル４０５,2023-06-02,合同会社
合同会社ＬＩＦＥ,熊本県水俣市古賀町２丁目６番１６号,2023-06-02,合同会社
合同会社Ｌａｐｌａｃｅ,北海道札幌市中央区南十四条西８丁目５番５０号クリオ行啓通弐番館１Ｆ,2023-06-02,合同会社
合同会社Ｌｉｆｅ　Ｊｏｕｒｎｅｙ,沖縄県沖縄市美里２丁目１－１２,2023-06-02,合同会社
合同会社ＭＡＺＥ,岩手県盛岡市東新庄１丁目４番１３－３０１号,2023-06-02,合同会社
合同会社ＭＹＳＴＡＲ,神奈川県川崎市高津区下作延２丁目３６番５－３０２号エステート梶ケ谷,2023-06-02,合同会社
合同会社ＰＥＳＯ,宮城県多賀城市新田字北関合２４,2023-06-02,合同会社
合同会社ＰＩＥＣＥ,福岡県小郡市小郡４１８番地１－Ｅ１０２号,2023-06-02,合同会社
合同会社ＰｌａｙＴｈｅＬｉｆｅ,岩手県北上市青柳町２丁目４番１７号,2023-06-02,合同会社
合同会社ＲｅＩ,鹿児島県鹿児島市中央町１６番１０号スカイビル３階,2023-06-02,合同会社
合同会社ＳＡフーズ,宮崎県東臼杵郡門川町中須４丁目２９番地,2023-06-02,合同会社
合同会社ＳＡＮＰＯＨ,千葉県市川市市川南４丁目１２番２号,2023-06-02,合同会社
合同会社ＳＣＥＮＥ,岡山県岡山市東区東平島１０２９番地６,2023-06-02,合同会社
合同会社ＳＥＡ　ＰＬＡＮ,兵庫県神戸市灘区森後町１丁目３番１９号リトルブラザーズ六甲ビル４Ｄ－１７,2023-06-02,合同会社
合同会社ＳＫＪ,東京都千代田区一番町４－５－５０８,2023-06-02,合同会社
合同会社ＳＴＡＹ　ＧＯＬＤ,千葉県松戸市上本郷９０４番地６・２０１号,2023-06-02,合同会社
合同会社ＳｐａｃｅＮａｐ,埼玉県さいたま市西区大字指扇１２１０番地９サンハイツ大久保Ｚ２０２,2023-06-02,合同会社
合同会社Ｖ‐Ｅｄｇｅ,神奈川県横浜市青葉区たちばな台２丁目１１番７１号,2023-06-02,合同会社
合同会社ｄｉｔ,神奈川県横浜市港北区日吉５丁目６番２４号クレール日吉３０２,2023-06-02,合同会社
合同会社ｍｉｋｋｅ,東京都中央区日本橋室町１丁目１１番１２号日本橋水野ビル７階,2023-06-02,合同会社
合同会社ｎａｇｉ,秋田県潟上市天王字長沼６４番地４６,2023-06-02,合同会社
合同会社ｐａｌｅｔｔｅ,東京都葛飾区東水元５丁目４０番１７号,2023-06-02,合同会社
合同会社ｓａｉクリエイト,兵庫県神戸市兵庫区浜崎通１番２８－６０２,2023-06-02,合同会社
合同会社ｓｔａｎｄａｒｄ,福島県石川郡石川町字当町４９番地の３,2023-06-02,合同会社
合同会社ｗａｌｋＲｉｓｅ,神奈川県横浜市神奈川区西大口１３０番地８１,2023-06-02,合同会社
大吉合同会社,大阪府大阪市住吉区住吉１丁目４番８号,2023-06-02,合同会社
宇都宮市多面的機能支払交付金広域協定運営委員会,栃木県宇都宮市旭１丁目１－５農業企画課内,2023-06-02,その他
富士マイクロテック株式会社,静岡県静岡市駿河区新川２丁目１番４０－６０５号,2023-06-02,株式会社
小春日和日本語教育學園合同会社,東京都多摩市鶴牧６丁目１番地１－１０４号,2023-06-02,合同会社
居宅介護支援事業所あゆみ合同会社,石川県白山市新成１丁目２２９番地,2023-06-02,合同会社
新宮町三代土地区画整理組合,福岡県糟屋郡新宮町大字三代４４３番地１,2023-06-02,その他
新谷物産株式会社,石川県金沢市入江２丁目１２８番地,2023-06-02,株式会社
日本キリスト改革派　和歌山教会,和歌山県和歌山市和歌浦西１丁目４－２３,2023-06-02,その他
日本熊治精工株式会社,東京都荒川区南千住３丁目２７－２浅草ビル５０８,2023-06-02,株式会社
日本藤久製薬株式会社,東京都荒川区南千住３丁目２７－２浅草ビル,2023-06-02,株式会社
東升株式会社,福島県福島市瀬上町字薬師前１８番地の２２,2023-06-02,株式会社
株式会社いつぼし,福岡県福岡市中央区天神３丁目１６番１９号,2023-06-02,株式会社
株式会社さくらパック,兵庫県姫路市楠町１２６,2023-06-02,株式会社
株式会社さくら墓苑,福岡県遠賀郡水巻町吉田南５丁目１４２番地,2023-06-02,株式会社
株式会社つなぐ,山形県天童市大字寺津６５番地６,2023-06-02,株式会社
株式会社にじいろｅａｒｔｈ,岡山県井原市神代町１５３,2023-06-02,株式会社
株式会社ぴゅっほ,三重県多気郡明和町大字大淀甲１７５番地,2023-06-02,株式会社
株式会社ふくぐら,福岡県福岡市早良区原６丁目２９－４３－５０２,2023-06-02,株式会社
株式会社まさやフードシステム,兵庫県西宮市松原町９番２号,2023-06-02,株式会社
株式会社みらい,熊本県熊本市中央区中央街８番２４号,2023-06-02,株式会社
株式会社アオイ,愛媛県松山市久万ノ台４４９番地４,2023-06-02,株式会社
株式会社アクティスライフ,神奈川県横浜市都筑区茅ケ崎東４丁目６番２号３階,2023-06-02,株式会社
株式会社アサホームクリーン,広島県広島市安佐北区三入東１丁目３４番２８号,2023-06-02,株式会社
株式会社アベヤマ,香川県高松市末広町７番地１２,2023-06-02,株式会社
株式会社アミエタ,埼玉県本庄市けや木２丁目４番９号,2023-06-02,株式会社
株式会社アーティストマージ,東京都江東区永代２丁目３１－１５,2023-06-02,株式会社
株式会社アールシーテクノ,静岡県静岡市清水区原４５４番地の４,2023-06-02,株式会社
株式会社インカムコミット,東京都墨田区東向島５丁目３番３号東向島ステーションプラザ３０７,2023-06-02,株式会社
株式会社イールドホールディングス,東京都新宿区西新宿４丁目３２番４号ハイネスロフティ３階Ｂ３,2023-06-02,株式会社
株式会社ウエストサイド,北海道旭川市新富二条２丁目４番１６号,2023-06-02,株式会社
株式会社エイワデザイン,埼玉県熊谷市代７２８番地１,2023-06-02,株式会社
株式会社エム・エヌ・ボディーワークス,三重県松阪市鎌田町４０３番地２１,2023-06-02,株式会社
株式会社オニソウ,福岡県飯塚市枝国５９０番地２,2023-06-02,株式会社
株式会社ガチャレン,広島県広島市南区出島２丁目１３－４１,2023-06-02,株式会社
株式会社クラウドパートナー,東京都品川区平塚２丁目１８－１０－５０１,2023-06-02,株式会社
株式会社コトブキ,鳥取県日野郡江府町大字俣野１６５２番地,2023-06-02,株式会社
株式会社サダリシステム,東京都日野市南平３丁目１４番地の２６,2023-06-02,株式会社
株式会社サポート修繕,鹿児島県鹿児島市南新町５番１号,2023-06-02,株式会社
株式会社サラ・プロパティ,大阪府大阪市中央区伏見町２丁目１番１号三井住友銀行高麗橋ビル,2023-06-02,株式会社
株式会社シルキーラボ,群馬県前橋市駒形町１１３２番地１,2023-06-02,株式会社
株式会社シーラリアルティ,東京都渋谷区広尾１丁目１番３９号,2023-06-02,株式会社
株式会社セレスティアル,神奈川県川崎市宮前区有馬４丁目１８－１３－１,2023-06-02,株式会社
株式会社ソレイユＫ,千葉県市川市香取１丁目３番１３号,2023-06-02,株式会社
株式会社タイム,宮城県仙台市青葉区昭和町３－５５－１０２,2023-06-02,株式会社
株式会社タケタ,福岡県福岡市南区塩原４丁目２０番１３－２０１号,2023-06-02,株式会社
株式会社タスクエンタープライズ,宮城県仙台市太白区富沢西４丁目１９番地の２１ガーデンコート富沢テラスハウス６,2023-06-02,株式会社
株式会社ティーアール工業,熊本県熊本市南区八幡６丁目７番３９号,2023-06-02,株式会社
株式会社テナント開発,東京都中央区銀座１丁目１２番４号Ｎ＆ＥＢＬＤ．６階,2023-06-02,株式会社
株式会社トレジャームーン,東京都八王子市千人町２丁目３－１６プラザ西八王子３Ｆ,2023-06-02,株式会社
株式会社ドラゴンセブン,神奈川県川崎市多摩区中野島２丁目１３番２－１０４号,2023-06-02,株式会社
株式会社ナインリニエッジ,東京都日野市南平４丁目４３番地の１サウスヒル南平２０１,2023-06-02,株式会社
株式会社ニセコ風土,北海道虻田郡ニセコ町字曽我８８８番地１６,2023-06-02,株式会社
株式会社ノアサービス,福岡県福岡市東区松島３丁目２番１９号,2023-06-02,株式会社
株式会社ハイエイト・ウェアー,大阪府堺市西区鳳西町３丁８番地８－１Ｆ,2023-06-02,株式会社
株式会社ハギケン,東京都小平市喜平町１丁目５番地１８号リヴィエール一橋学園１０５号室,2023-06-02,株式会社
株式会社ハレラボ,東京都中央区銀座１丁目１２番４号Ｎ＆ＥＢＬＤ．６Ｆ,2023-06-02,株式会社
株式会社パックス高知,高知県高知市朝倉己１１０５番地１,2023-06-02,株式会社
株式会社パートナーズ,福岡県福岡市東区箱崎６丁目２番８号コーポかわしまⅡ２０１,2023-06-02,株式会社
株式会社ピースカンパニー,神奈川県三浦郡葉山町長柄６８３番地の１２,2023-06-02,株式会社
株式会社ファストリアルティ,福岡県古賀市薬王寺９５,2023-06-02,株式会社
株式会社ファースト,東京都足立区谷在家３丁目２６番５号,2023-06-02,株式会社
株式会社フィカス,神奈川県横浜市青葉区美しが丘２丁目２５番地１,2023-06-02,株式会社
株式会社フィールドインテクノロジー,東京都多摩市落合１丁目４６番１号ココリア多摩センター７階,2023-06-02,株式会社
株式会社フクショクフーズ,鹿児島県鹿児島市千日町２番１５号白鹿ビル２Ｆ,2023-06-02,株式会社
株式会社ブリュット,北海道札幌市北区百合が原８丁目１６番７号,2023-06-02,株式会社
株式会社ブートビート,福岡県福岡市博多区博多駅前１丁目２３番１号,2023-06-02,株式会社
株式会社マトリックス,大阪府大阪市港区海岸通２丁目５番１４－３０２号,2023-06-02,株式会社
株式会社ミタメタル,岐阜県本巣市随原字朝稲８７番地１,2023-06-02,株式会社
株式会社ミライブレイズ,愛知県名古屋市中村区名駅４丁目２４番５号第２森ビル４０１,2023-06-02,株式会社
株式会社ライスプランニング,秋田県秋田市保戸野鉄砲町９番５８号サンステージ秋田店舗６号,2023-06-02,株式会社
株式会社ライズライフ,大阪府大阪市北区西天満４丁目１２番２号オオシマビル３階,2023-06-02,株式会社
株式会社ライズリアルエステート,兵庫県明石市東朝霧丘１６番９号,2023-06-02,株式会社
株式会社ライフガーデンＫ,山形県山形市大字青野５１１番地３,2023-06-02,株式会社
株式会社ライフツウー,北海道札幌市白石区南郷通６丁目南７－２５－２０３,2023-06-02,株式会社
株式会社ラクスルファクトリー,東京都江東区枝川１丁目１０番２４号,2023-06-02,株式会社
株式会社ラッセル,京都府京都市東山区本町１５丁目７５５番地１５,2023-06-02,株式会社
株式会社ランクルー,東京都渋谷区渋谷２丁目９番１１号インテリックス青山通りビル５Ｆ,2023-06-02,株式会社
株式会社リノプラス不動産,沖縄県糸満市西崎６丁目１６番３号ＳＴＥＰビル１０２号,2023-06-02,株式会社
株式会社リバーウエスト,東京都新宿区新宿５丁目７番８号ランザン５ビル５階,2023-06-02,株式会社
株式会社リ・ライアンス,東京都千代田区神田佐久間町１丁目１４第２東ビル３０３,2023-06-02,株式会社
株式会社ルートビジョン,青森県東津軽郡平内町大字小湊字新道４６番地２１,2023-06-02,株式会社
株式会社レガラボ製菓,大阪府大阪市福島区福島５丁目１７番３２号,2023-06-02,株式会社
株式会社一誠,神奈川県横浜市南区平楽４７番地,2023-06-02,株式会社
株式会社七海工業,熊本県熊本市東区戸島１丁目１１番４１－１号,2023-06-02,株式会社
株式会社三本商事,東京都武蔵野市中町１丁目２５－７スカイコート三鷹１０３室,2023-06-02,株式会社
株式会社三進電気工業,大阪府門真市三ツ島６丁目２４番３４－１０３号,2023-06-02,株式会社
株式会社中川組,岐阜県大垣市馬の瀬町１３１４番地２,2023-06-02,株式会社
株式会社久留米スマイル地所,福岡県久留米市御井旗崎１丁目１番２０号,2023-06-02,株式会社
株式会社凛華,福島県郡山市中町１６－３ＳＴ中町マンション１階１０７号室,2023-06-02,株式会社
株式会社北田内装,千葉県八街市八街ほ６７２番地２,2023-06-02,株式会社
株式会社南海建設,富山県富山市奥井町２４番５号,2023-06-02,株式会社
株式会社和心,大阪府大阪市東住吉区鷹合２丁目３番２５号,2023-06-02,株式会社
株式会社喜真工業,鹿児島県鹿屋市寿４丁目９番１９号レジデンス寿２０３号,2023-06-02,株式会社
株式会社坂田商事,長野県大町市平１０４０番地６,2023-06-02,株式会社
株式会社夢限,神奈川県厚木市鳶尾２丁目５番１０号,2023-06-02,株式会社
株式会社大,東京都葛飾区堀切８丁目３番１８号,2023-06-02,株式会社
株式会社大函工業,北海道函館市日乃出町２２番３１号,2023-06-02,株式会社
株式会社大土居城養宜館,大阪府大阪市住之江区東加賀屋１丁目３番４０号舞昆御殿２階,2023-06-02,株式会社
株式会社大西工業,静岡県袋井市宇刈１７９番地の１,2023-06-02,株式会社
株式会社大関,東京都豊島区巣鴨２丁目１３－７巣鴨ダイヤエステーツ２０６,2023-06-02,株式会社
株式会社天神ランド,東京都中央区銀座７丁目１０番８号第五太陽ビル６階今井関口法律事務所内,2023-06-02,株式会社
株式会社天竜峡新聞店,長野県飯田市龍江２２７１番地１,2023-06-02,株式会社
株式会社天道,福岡県大牟田市藤田町２６９番地１,2023-06-02,株式会社
株式会社宮原組,静岡県静岡市葵区桜町１丁目１８番４０号セジュールさくら２０１号,2023-06-02,株式会社
株式会社富元,福岡県大野城市乙金２丁目１６番２８号,2023-06-02,株式会社
株式会社山下電工,鹿児島県鹿児島市吉野町４１９７－１３,2023-06-02,株式会社
株式会社山宏,兵庫県小野市市場町４３２番地,2023-06-02,株式会社
株式会社弘昇工業,千葉県千葉市稲毛区天台４丁目１２－１藤和千草台コープＡ棟４０２号,2023-06-02,株式会社
株式会社日本エスコ東北販売,岩手県盛岡市三ツ割１丁目９番８号ＳＲビル２０２,2023-06-02,株式会社
株式会社日本不動産,東京都千代田区隼町３番１１号,2023-06-02,株式会社
株式会社旭ペイント,神奈川県横浜市鶴見区栄町通１丁目７番地１９,2023-06-02,株式会社
株式会社杜王,宮城県仙台市太白区富沢西１丁目１９番地の１杜王ビル６０１,2023-06-02,株式会社
株式会社松下造園,静岡県袋井市下山梨１５２８番地の１,2023-06-02,株式会社
株式会社松幸商店,福岡県福岡市南区鶴田２丁目２２番８号,2023-06-02,株式会社
株式会社林商事,愛知県名古屋市中川区万場２丁目２１７番地,2023-06-02,株式会社
株式会社林塗装工業,福岡県北九州市八幡西区本城３丁目１９番３５号,2023-06-02,株式会社
株式会社柊,神奈川県川崎市中原区上平間５６１番地３Ｆ,2023-06-02,株式会社
株式会社栄光企画,大阪府大阪市鶴見区横堤１丁目１２番１３－３１０号,2023-06-02,株式会社
株式会社楓庵,大阪府吹田市片山町３丁目１３番２号,2023-06-02,株式会社
株式会社武明,東京都文京区本駒込１丁目１－１４ＨＯＮＫＯＭＡＰ．ＢＳｉｄｅ１階,2023-06-02,株式会社
株式会社比嘉工業所,大阪府大阪市大正区北恩加島１丁目９番７号,2023-06-02,株式会社
株式会社洒落,福岡県久留米市御井町１８５９－２－２Ｆ,2023-06-02,株式会社
株式会社献山,東京都江戸川区江戸川２丁目１０番５－２０３号,2023-06-02,株式会社
株式会社留ヶ奈路産業,愛媛県松山市東野６丁目１番２５号,2023-06-02,株式会社
株式会社石井技建工業,岡山県岡山市北区加茂１２３４番地１,2023-06-02,株式会社
株式会社羽室商会,大阪府大阪市鶴見区今津中３丁目３番２－２１５号,2023-06-02,株式会社
株式会社翔飛建設,岡山県総社市福井２０６６番地３,2023-06-02,株式会社
株式会社興栄産業,福島県郡山市安積町荒井字麦清水６５,2023-06-02,株式会社
株式会社良建工業,岐阜県瑞穂市古橋１７３４番地１,2023-06-02,株式会社
株式会社華麟グループ,福岡県福津市渡６４１番地,2023-06-02,株式会社
株式会社藤管システム,大阪府松原市高見の里４丁目１１番１７号,2023-06-02,株式会社
株式会社衛門,神奈川県川崎市幸区塚越３丁目３６９－１,2023-06-02,株式会社
株式会社西建,愛媛県松山市森松町７１４番地１３,2023-06-02,株式会社
株式会社豊康,神奈川県横浜市保土ケ谷区新井町４１２番地３－１０２号,2023-06-02,株式会社
株式会社都留屋ＨＤ,大阪府大阪市平野区瓜破西１丁目８番５１号,2023-06-02,株式会社
株式会社金子造園,福岡県筑紫野市大字吉木９０８番地２,2023-06-02,株式会社
株式会社鈴屋,愛知県西尾市寺津町飛越４６番地１,2023-06-02,株式会社
株式会社鈴木土建,千葉県館山市稲１９９番地の１,2023-06-02,株式会社
株式会社阿北キャンバス,徳島県阿波市土成町吉田字風呂屋敷２９番地７,2023-06-02,株式会社
株式会社青木建設,大阪府和泉市唐国町１丁目１１番１２－５０５号,2023-06-02,株式会社
株式会社食の錦美和堂,大阪府大阪市住之江区東加賀屋１丁目３番４０号舞昆御殿２階,2023-06-02,株式会社
株式会社高取工務店,福岡県福津市光陽台２丁目１７番地の２,2023-06-02,株式会社
株式会社高橋テクノ,富山県富山市婦中町小長沢１９４０番地,2023-06-02,株式会社
株式会社鹿児島修繕作業所,鹿児島県鹿児島市上之園町２４番地２７,2023-06-02,株式会社
株式会社ＡＩＢ,山梨県甲府市大里町６８０番地３,2023-06-02,株式会社
株式会社ＡＳＣＥＮＤＩＮＧ,静岡県静岡市駿河区馬渕１丁目１０番７－４０１号,2023-06-02,株式会社
株式会社ＡＴＣ,東京都新宿区高田馬場３丁目２５番２号,2023-06-02,株式会社
株式会社Ａｄｖａｎｃｅ　Ｂｌｏｏｍ,大阪府大阪市西区南堀江１丁目２５番地１２号ＲＥ－０１５－４０１,2023-06-02,株式会社
株式会社Ａｐｉｒｏ,東京都新宿区新宿６丁目２７番２８－２０２号,2023-06-02,株式会社
株式会社ＢＥＧＥ,千葉県船橋市前原西２丁目１３番３号第一辰巳ビル５階,2023-06-02,株式会社
株式会社ＢＯＸ,東京都新宿区新宿６丁目６番２号グレースカレン２０３,2023-06-02,株式会社
株式会社ＢＵＧＭＡＮＩＡ,東京都渋谷区神宮前６丁目２３番４号桑野ビル２階,2023-06-02,株式会社
株式会社ＢＵＬＬＥＴ,福島県郡山市富久山町福原字中田１１番地３,2023-06-02,株式会社
株式会社ＢｎＫジャパン,神奈川県横浜市西区北幸１丁目１１番１号水信ビル７階,2023-06-02,株式会社
株式会社Ｃ２Ｆａｃｔｏｒｙ,大阪府箕面市新稲７丁目７番１７号の２,2023-06-02,株式会社
株式会社ＣＡＣＬ,石川県金沢市錦町（元大桑）ミ９番地１５,2023-06-02,株式会社
株式会社ＣＡＴ‐ＬＩＮＥ,埼玉県八潮市緑町１丁目８番地１７,2023-06-02,株式会社
株式会社ＣＦ大久保,宮崎県小林市野尻町東麓５７９番地１０３,2023-06-02,株式会社
株式会社ＣＦＯ　Ｒｏｏｍ,東京都杉並区南荻窪３丁目６番１１号,2023-06-02,株式会社
株式会社ＣＮＫ,福岡県福岡市博多区麦野５丁目２番１－３０１号,2023-06-02,株式会社
株式会社ＣＲＥＡＴＩＶＥ　ＦＯＵＮＤ,東京都江戸川区一之江２丁目１６－１０,2023-06-02,株式会社
株式会社Ｃｌｅａ,東京都中央区勝どき５丁目１番２０号,2023-06-02,株式会社
株式会社ＣｒｅｓｃｅｎＤｏ,東京都渋谷区道玄坂１丁目１０番８号渋谷道玄坂東急ビル２Ｆ－Ｃ,2023-06-02,株式会社
株式会社ＤＡＮＮＹ,岩手県盛岡市中央通１丁目７番１６号日の出ビル２階,2023-06-02,株式会社
株式会社ＤＲＥＡＭ,福岡県福岡市中央区西中洲１０番３号,2023-06-02,株式会社
株式会社Ｄｉｎａｓ,大阪府大阪市中央区難波５丁目１番６０号なんばスカイオ２７Ｆ,2023-06-02,株式会社
株式会社Ｄｒｏｐ,神奈川県厚木市鳶尾２丁目５番１０号,2023-06-02,株式会社
株式会社ＥＦＩコーポレーション,鹿児島県鹿児島市上之園町２５番地３６光健ボイスビル,2023-06-02,株式会社
株式会社ＥＸａｒｔｓ,埼玉県さいたま市桜区大字白鍬６６５番地５,2023-06-02,株式会社
株式会社ＥｉＷＡＭＥＴＡＬ,愛知県岡崎市洞町字八王子１７番地１,2023-06-02,株式会社
株式会社Ｅｉｊｉ,長崎県長崎市石神町１４番６２－７０１号,2023-06-02,株式会社
株式会社ＦＡＴＥＣＨ,東京都江戸川区一之江２丁目５番４－１０２号,2023-06-02,株式会社
株式会社ＦＩＶＥＴＥＮ,大阪府大阪市西区北堀江１丁目１７番１８号２０３,2023-06-02,株式会社
株式会社ＦｒｅＥａｓｅ,東京都渋谷区渋谷２丁目１９ー１５宮益坂ビルディング６０９,2023-06-02,株式会社
株式会社Ｆｕｌｌ．,福岡県福岡市中央区天神２丁目２番１２号７Ｆ,2023-06-02,株式会社
株式会社ＧＦ,神奈川県大和市深見２０１７番地１２,2023-06-02,株式会社
株式会社ＧＲＡＮＴ,愛媛県松山市保免西１丁目７番１５号ハイカムール保免３０５号,2023-06-02,株式会社
株式会社ＧＲＯＷＴＨ　ＴＥＣＨ,東京都豊島区南長崎５丁目３３番２号ラ・メゾン長崎Ⅺ３階,2023-06-02,株式会社
株式会社ＧＴ‐Ｍ,広島県広島市安佐北区上深川町９７４番地１,2023-06-02,株式会社
株式会社ＧｒｅｅｎＮｏｔｅ,広島県広島市南区西蟹屋３丁目３番４号,2023-06-02,株式会社
株式会社ＨＹ,東京都墨田区菊川３丁目６番６－１２０７号藤和菊川ホームズ,2023-06-02,株式会社
株式会社Ｈａｓｓｙ＆Ｃｏ,東京都新宿区西新宿３丁目３番１３号西新宿水間ビル６階,2023-06-02,株式会社
株式会社Ｈｉｇｈｆｉｖｅ,福岡県北九州市八幡西区永犬丸西町２丁目２０番１３号,2023-06-02,株式会社
株式会社Ｈｏｌｏｃｙ,東京都千代田区神田三崎町３丁目４番４号,2023-06-02,株式会社
株式会社Ｉ．Ｋ．Ｕ　ＴＲＡＤＩＮＧ,岐阜県養老郡養老町大巻５４２番地１,2023-06-02,株式会社
株式会社ＪＳ　Ｂｒｉｄｇｅ　Ｆｕｋｕｏｋａ,福岡県福岡市博多区板付１丁目５－１０,2023-06-02,株式会社
株式会社ＪａＬａ,神奈川県川崎市中原区市ノ坪４４９番地３シティタワー武蔵小杉５１１０,2023-06-02,株式会社
株式会社Ｋ,愛媛県松山市星岡１丁目２９番７号,2023-06-02,株式会社
株式会社Ｋ‐Ｏｎｉ,東京都中央区日本橋室町１丁目１１番１２号日本橋水野ビル７階,2023-06-02,株式会社
株式会社ＫＬＯＴＨＯ計画,愛媛県松山市天山２丁目８－２９,2023-06-02,株式会社
株式会社ＬＩＢＲＡ,東京都千代田区麹町２丁目２番２２号,2023-06-02,株式会社
株式会社ＬＩＰＯＴ,東京都目黒区大橋１丁目５番１号,2023-06-02,株式会社
株式会社ＬＩＶＥ,栃木県河内郡上三川町大字多功１７１０番地１,2023-06-02,株式会社
株式会社ＬＰフロア,千葉県浦安市堀江１丁目２２番２５－２０１号リバーサイドＫＥＩ,2023-06-02,株式会社
株式会社ＬｉｎＫ,東京都江戸川区北葛西１丁目２番２２号,2023-06-02,株式会社
株式会社Ｍ＆Ａフロムエス,東京都世田谷区上祖師谷３丁目１８－１７,2023-06-02,株式会社
株式会社ＭＡＹ,東京都世田谷区駒沢５丁目５番１１号トウセン駒沢マンション３０１,2023-06-02,株式会社
株式会社ＭＣＣサービス,大阪府大阪市城東区蒲生１丁目８番３７号,2023-06-02,株式会社
株式会社ＭＥＳＳＯ,愛知県名古屋市天白区八事山１２８番地,2023-06-02,株式会社
株式会社ＭＯＤＥＬ　ＧＲＯＵＰ,東京都新宿区新宿２丁目１２番２号,2023-06-02,株式会社
株式会社Ｍａｉｓｏｎ　ＫａｓｕＹａ,兵庫県養父市養父市場字町並２５４番,2023-06-02,株式会社
株式会社Ｎ．Ａ．モータース,静岡県焼津市下小杉９７０番地の１,2023-06-02,株式会社
株式会社ＮＩＮＥ,大阪府大阪市旭区高殿７丁目５－１７,2023-06-02,株式会社
株式会社ＮＫ工業,宮城県登米市迫町森字花島１２６番地,2023-06-02,株式会社
株式会社Ｎｅｘｔ　Ｗｏｒｋｓ,熊本県熊本市東区八反田３丁目１５番２０号北原店舗１階Ｅ,2023-06-02,株式会社
株式会社ＯＮＥ’Ｓ,兵庫県神戸市中央区磯上通８丁目１番２９号カサベラビルＣ＆Ｍ４０３号室,2023-06-02,株式会社
株式会社ＯＸＹ,東京都新宿区大久保１丁目１２番４号ＡＳＳ第二ビル５階,2023-06-02,株式会社
株式会社Ｏｎｅ　ｕｎｉｔｙ,岡山県岡山市北区清輝橋２丁目２番４号,2023-06-02,株式会社
株式会社Ｏｎｅｎｅｓｓ,千葉県千葉市若葉区貝塚町２２５番地１,2023-06-02,株式会社
株式会社Ｒ＆Ｃｏｍｐａｎｙ,静岡県磐田市北島８５番地２,2023-06-02,株式会社
株式会社ＲＥＡＣＴ,東京都江戸川区江戸川１丁目４６番１７号,2023-06-02,株式会社
株式会社ＲＨ企画,神奈川県横浜市西区浅間町１丁目４番３号ウィザードビル４０２,2023-06-02,株式会社
株式会社ＲＳ商事,福岡県北九州市若松区大字蜑住１５０８番地３,2023-06-02,株式会社
株式会社ＲａｉｓｅＰＬＡＮ,北海道中川郡幕別町寿町１１７番地,2023-06-02,株式会社
株式会社Ｒｅｇａｘｉａ,大阪府大阪市平野区平野東３丁目５番２０号,2023-06-02,株式会社
株式会社ＳＡＭＵＲＡＩマーケティング,東京都品川区西品川１丁目２－１大崎ガーデンレジデンス２３０７,2023-06-02,株式会社
株式会社ＳＯＲＡ,大阪府大阪市北区本庄東３丁目２番１７－６０７号,2023-06-02,株式会社
株式会社Ｓｃｒｉｐｔｉｏｎ,東京都目黒区青葉台１丁目２７番１号青葉台Ａハウス２０３号,2023-06-02,株式会社
株式会社ＴＭシステム,栃木県那須塩原市方京１丁目１０－６ファミーユ３０２,2023-06-02,株式会社
株式会社ＴＳＳ,大阪府大阪市旭区中宮４丁目３番１１－３０３号,2023-06-02,株式会社
株式会社ＴＵＮＡ,神奈川県横浜市西区浅間台１２５番地２０,2023-06-02,株式会社
株式会社Ｔａｅｙｏｕｎｇ,京都府京都市右京区西院西三蔵町１５番地２アソシエビル２０１号,2023-06-02,株式会社
株式会社Ｔｅａｒ　Ｍｏｏｎ,福岡県福岡市中央区天神２丁目２番１２号Ｔ＆Ｊビルディング７Ｆ,2023-06-02,株式会社
株式会社ＵＰＬＯＴＵＳ,東京都江東区森下１丁目１３番５号ＫＨＩＢＬＤＧ１階,2023-06-02,株式会社
株式会社ＵＴＩ,山口県宇部市常盤台２丁目８番２－１０２号,2023-06-02,株式会社
株式会社Ｕｐ　Ｖｉｌｌａｇｅ　Ｅｘｐ,福岡県福岡市博多区金の隈３丁目２番３－６１０号,2023-06-02,株式会社
株式会社ＶＲ　ＯＳＡＫＡ,大阪府大阪市北区曾根崎１丁目５番２３号,2023-06-02,株式会社
株式会社ＶｉＴ,大阪府大阪市北区梅田１丁目２番２号大阪駅前第２ビル１２－１２,2023-06-02,株式会社
株式会社Ｖｉｏｌａ,東京都足立区佐野１丁目３３番１７号リバフォーレ１０３号室,2023-06-02,株式会社
株式会社ＷＯＲＫ　ＯＵＴ,福岡県飯塚市柏の森１３番地６９,2023-06-02,株式会社
株式会社ＹＫマネジメント,埼玉県さいたま市南区沼影２丁目３番８号マ・メゾン寿７０２,2023-06-02,株式会社
株式会社ＹＭＳ,山梨県甲府市千塚３丁目４番１９号ＧＡ甲府第４－７,2023-06-02,株式会社
株式会社ＹＯＹＯＦＯ,東京都八王子市東町十丁目３番ＷＡＤＡビルディング１０７,2023-06-02,株式会社
株式会社ＺＥＥＤ,福島県郡山市安積町成田字田向４５番地の２４５,2023-06-02,株式会社
株式会社ＺＯＮＯ．ｍＦＡＣＴＯＲＹ,福岡県福岡市南区大楠３丁目１４番３４号高宮センターヴィレッジ２００号,2023-06-02,株式会社
株式会社ｅ‐ｔｅｎｋｉ,東京都大田区矢口１丁目４番１号,2023-06-02,株式会社
株式会社ｇｕｉｌｔ　ｆｒｅｅ　ｃｏｍｐａｎｙ,福岡県福岡市中央区天神３丁目５－２９テンサンビル３Ａ,2023-06-02,株式会社
株式会社ｉｚｈ,福岡県福岡市博多区博多駅前１丁目２３番１号ＰａｒｋＦｒｏｎｔ博多駅前一丁目５Ｆ－Ｂ,2023-06-02,株式会社
株式会社ｍａｇｋｎｏｔ,広島県広島市佐伯区三宅３丁目２４番３９号,2023-06-02,株式会社
株式会社ｐｏｎｏｐｉｐｉ,福岡県北九州市小倉北区香春口１丁目１５番８号４Ｆ,2023-06-02,株式会社
株式会社ｓｄｎＤａｔａｈｏｕｓｅ,奈良県奈良市大安寺７丁目５番７号,2023-06-02,株式会社
株式会社ｓｏ‐ｓｏ,大阪府大阪市中央区東心斎橋１丁目１６－１７おおきにキニキニビル４Ｆ,2023-06-02,株式会社
株式会社ｓｙｎｅｒｇｅｅｅ,東京都世田谷区代沢４丁目４０－１０－Ｅ,2023-06-02,株式会社
森コンサルティング株式会社,東京都世田谷区野沢３丁目２７番６号,2023-06-02,株式会社
森宇工業株式会社,千葉県八街市八街へ２０２番地８,2023-06-02,株式会社
武蔵野市体育協会,東京都武蔵野市吉祥寺北町５丁目１１－２０武蔵野総合体育館３Ｆ,2023-06-02,その他
特定目的会社枚方商業施設開発,東京都中央区日本橋１丁目４番１号日本橋一丁目ビルディング,2023-06-02,その他の設立登記法人
特定目的会社ＧＲＥＥＮ,東京都千代田区丸の内３丁目１番１号東京共同会計事務所内,2023-06-02,その他の設立登記法人
特定非営利活動法人ながさき村,長崎県長崎市京泊３丁目２７－１２,2023-06-02,その他の設立登記法人
特定非営利活動法人みんなの後見きょうと,京都府京都市右京区嵯峨野有栖川町４０番地９１,2023-06-02,その他の設立登記法人
特定非営利活動法人日本語スピーチ協会,福島県双葉郡広野町広洋台２丁目１番地２１,2023-06-02,その他の設立登記法人
特定非営利活動法人空飛ぶ自転車,神奈川県横浜市南区大岡２丁目２２番５－４０３号,2023-06-02,その他の設立登記法人
玉井工業株式会社,兵庫県姫路市広畑区高浜町１丁目２９番地,2023-06-02,株式会社
盛原商店合同会社,静岡県浜松市中区高丘北１丁目１番１－１１０３号アーバンシティ浜松高丘,2023-06-02,合同会社
石田合同会社,東京都新宿区上落合３丁目１５－１６－３０１,2023-06-02,合同会社
社会保険労務士法人山口事務所,広島県広島市中区千田町１丁目４番１５号,2023-06-02,その他の設立登記法人
秀星株式会社,香川県観音寺市大野原町内野々２８３番地１,2023-06-02,株式会社
行政書士法人紀州法務綜合,大阪府大阪市淀川区宮原２丁目１番１７号新大阪第２ＹＳビル７０５号,2023-06-02,その他の設立登記法人
路寛株式会社,福岡県福岡市早良区曙２丁目８番１号,2023-06-02,株式会社
金水木商事株式会社,京都府綾部市黒谷町一ノセ１０番地１,2023-06-02,株式会社
長弘合同会社,千葉県千葉市美浜区高浜４丁目２番２棟２０４号,2023-06-02,合同会社
長野県肥料高騰対策事業協議会,長野県長野市大字南長野字幅下６９２－２長野県農政部内,2023-06-02,その他
陶氏合同会社,東京都千代田区外神田４丁目１４番２－２２０７号,2023-06-02,合同会社
零光株式会社,埼玉県さいたま市見沼区深作３丁目３６番地３７,2023-06-02,株式会社
風土屋株式会社,熊本県菊池郡菊陽町杉並台２丁目１２番１７号,2023-06-02,株式会社
颯和設備工業株式会社,北海道旭川市東光十二条３丁目７番１４号,2023-06-02,株式会社
黒野不動産株式会社,東京都立川市富士見町１丁目２１番３号,2023-06-02,株式会社
４ＳＪ株式会社,千葉県千葉市稲毛区園生町１００７番地１,2023-06-02,株式会社
ＡＪ　ＭＯＴＯＲＳ合同会社,千葉県山武市松尾町借毛本郷２３００番地１ＳｕｃｃｅｓｓＬａｎｄ№３,2023-06-02,合同会社
ＡｒｔＩｎｔｅｌ株式会社,東京都足立区竹の塚１丁目１３－１３－２０３号室,2023-06-02,株式会社
Ｂ‐ＬＩＳＴ合同会社,東京都品川区西五反田１丁目２６番２号五反田サンハイツ９１１,2023-06-02,合同会社
ＣＨ工業株式会社,愛媛県四国中央市川之江町２３３３番地４,2023-06-02,株式会社
Ｃｕｌａｃｃｉｎｏ合同会社,東京都大田区羽田６丁目２０－４,2023-06-02,合同会社
ＤＡＲＩＵＳ合同会社,兵庫県神戸市長田区五番町８丁目６番地,2023-06-02,合同会社
Ｄｏｎｇｇｕａｎ　Ｅ－Ｍａｘ　Ｅ－ｃｏｍｍｅｒｃｅ　Ｃｏｍｐａｎｙ　Ｌｉｍｉｔｅｄ,,2023-06-02,外国会社等
Ｅｌｏｎ株式会社,福岡県福岡市博多区中洲２丁目３番１号中洲Ｆビル８階,2023-06-02,株式会社
Ｆｕｊｉａｎ　Ｙｉｎｘｉｎｇ　Ｉｎｖｅｓｔｍｅｎｔ　Ｃｏ．，Ｌｔｄ．,,2023-06-02,外国会社等
ＧｉｔＭ合同会社,東京都国分寺市西元町２丁目１１―２２クラシックス国分寺３Ｆ,2023-06-02,合同会社
Ｇｒａｎｄ　Ｇａｔｅ　Ｄｅｖｅｌｏｐｍｅｎｔ株式会社,東京都千代田区麹町４丁目８番地１ＴＨＥ－ＭＯＣＫ－ＵＰ３１１,2023-06-02,株式会社
Ｇｕａｎｇｚｈｏｕ　ＳａｎｗｕＲｅｎ　Ｔｒａｄｉｎｇ　Ｃｏ．，ＬＴＤ,,2023-06-02,外国会社等
ＨＡＬ合同会社,東京都文京区小石川１丁目５－１－１３０８,2023-06-02,合同会社
ＨＫｃｏｍｐａｎｙ合同会社,鹿児島県鹿屋市横山町１９３３番地２,2023-06-02,合同会社
Ｈｕ　Ｂｅｉ　Ｘｉａｏ　Ｌａｎ　Ｚｈｕ　Ｓｈａｎｇ　Ｍａｏ　Ｙｏｕ　Ｘｉａｎ　Ｇｏｎｇ　Ｓｉ,,2023-06-02,外国会社等
Ｊ＆Ｍ　Ｃｏｒｐｏｒａｔｉｏｎ株式会社,大阪府大阪市淀川区西宮原１丁目８－２４新大阪第３ドイビル６Ｆ,2023-06-02,株式会社
ＪＫ株式会社,愛知県豊田市美山町３丁目１５番地アバンギャルド５０２号,2023-06-02,株式会社
ＫＲＭ　ｓｅｒｖｉｃｅ株式会社,鹿児島県鹿児島市下荒田３丁目７番１２号,2023-06-02,株式会社
Ｋｔｙｈ　Ｅｎｔｅｒｔａｉｎｍｅｎｔ合同会社,神奈川県横浜市西区北幸２丁目１０番地２８むつみビル３Ｆ,2023-06-02,合同会社
Ｋｙｏｔｏ　Ｅｔｈｉｃａｌ　Ｍａｒｋｅｔ合同会社,京都府京都市下京区朱雀宝蔵町４４番地協栄ビル２階京都朱雀スタジオ,2023-06-02,合同会社
ＬＦＶ合同会社,石川県金沢市堀川町２３番地３６号,2023-06-02,合同会社
ＬＩＢｓ　Ｃｏｎｎｅｃｔ株式会社,北海道函館市吉川町３番３０号,2023-06-02,株式会社
Ｌｅｓ　Ｂｌｅｕｅｔｓ　Ｊａｐｏｎ株式会社,神奈川県横浜市青葉区荏田西１丁目１２番地３４－６０１号,2023-06-02,株式会社
Ｌｉｖｅｗｉｒｅ　Ｊａｐａｎ株式会社,東京都千代田区六番町６番２０－２０６,2023-06-02,株式会社
Ｍ＆Ｋ合同会社,福岡県福岡市早良区百道３丁目１０番５７－７１０号,2023-06-02,合同会社
ＮＯＺＯＭＩ株式会社,東京都新宿区西新宿７丁目７番７号ハイライフ西新宿４０７号室,2023-06-02,株式会社
Ｎｅｔｓｕｊｏ株式会社,京都府京都市下京区平居町５５番地１,2023-06-02,株式会社
Ｏｕｔｃｏｍｅ　Ｃｒａｆｔｓｍａｎ　Ｉｎｃ合同会社,東京都千代田区九段南１丁目５－６りそな九段ビル５階,2023-06-02,合同会社
ＯｙａＴＳＵ合同会社,大阪府大阪市中央区内本町２丁目３－８－９０６,2023-06-02,合同会社
Ｐｅａｃｈ．ｐｉｔ合同会社,愛媛県松山市勝岡町２８１,2023-06-02,合同会社
Ｒ・Ｋ合同会社,埼玉県入間郡三芳町大字上富１５４４番地５０,2023-06-02,合同会社
ＲＡＩＮＢＯＷ合同会社,大阪府大阪市淀川区十三東３丁目１１番１１号２０１号室,2023-06-02,合同会社
Ｒａｎａ株式会社,東京都世田谷区玉川台２丁目３８番１６号グランドール用賀Ｂ３０７号室,2023-06-02,株式会社
ＳＡＣ合同会社,大阪府豊中市夕日丘２丁目１３番１８の１号,2023-06-02,合同会社
ＳＡＴＵＲＤＡＹＳ合同会社,東京都中野区野方１丁目３－９,2023-06-02,合同会社
ＳＡＷＡＫＥＮ合同会社,大阪府四條畷市西中野３丁目１番３１－６０３号,2023-06-02,合同会社
ＳＩテクノス株式会社,千葉県いすみ市岬町井沢６５９番地８,2023-06-02,株式会社
ＳＴＭＩ株式会社,大阪府大阪市浪速区元町１丁目１０番６号堤ビル３階,2023-06-02,株式会社
Ｓａｒｋ株式会社,東京都昭島市松原町５丁目９番１０号,2023-06-02,株式会社
Ｓｈｅｎ　Ｚｈｅｎ　Ｓｈｉ　Ｐａｎｇ　Ｎｉｕ　Ｋｅ　Ｊｉ　Ｙｏｕ　Ｘｉａｎ　Ｇｏｎｇ　Ｓｉ,,2023-06-02,外国会社等
Ｓｈｅｎｚｈｅｎ　ＦｕＣａｉＤａ　Ｍａｏ　Ｙｉ　Ｙｏｕ　Ｘｉａｎ　Ｇｏｎｇ　Ｓｉ,,2023-06-02,外国会社等
Ｓｈｅｎｚｈｅｎ　Ｍｉｎｓｈｕｎｄａ　Ｔｅｃｈ．Ｃｏ．，ＬＴＤ,,2023-06-02,外国会社等
Ｓｈｅｎｚｈｅｎ　ＳＵＭＷＩＮ　ｅ－ｃｏｍｍｅｒｃｅ　ｃｏ．，ｌｔｄ,,2023-06-02,外国会社等
Ｓｈｅｎｚｈｅｎｓｈｉ　Ｌｉｕｔｉａｎｋｅｊｉ　Ｙｏｕｘｉａｎｇｏｎｇｓｉ,,2023-06-02,外国会社等
Ｓｋｙ合同会社,静岡県静岡市駿河区富士見台１丁目１１番２３号,2023-06-02,合同会社
Ｓｏｕｔｈ　Ｈｉｌｌｓ　Ｃｏｍｐａｎｙ株式会社,東京都中野区南台３丁目３５番１１号,2023-06-02,株式会社
Ｔ・メンテナンス株式会社,富山県富山市中田１丁目１番２０号,2023-06-02,株式会社
ＴＡＣＴ　ＰＬＡＮ株式会社,大阪府大阪市東淀川区東中島１丁目１７－５－８１８,2023-06-02,株式会社
ＵＰＤＡＴＥ株式会社,東京都渋谷区渋谷２丁目１９－１５宮益坂ビルディング６０９,2023-06-02,株式会社
ＶｏｒａＣｉｔｙ合同会社,東京都練馬区土支田３丁目１４－１６,2023-06-02,合同会社
ＸｕＣｈａｎｇ　ＪｉｅＬｉｎＳｈａｎｇＭａｏ　ＹｏｕＸｉａｎＧｏｎｇＳｉ,,2023-06-02,外国会社等
ＹＨＹコンサルティング合同会社,福岡県福岡市城南区七隈１丁目７番１１－３０３号,2023-06-02,合同会社
ＹＮＳ　ｐｌｕｓ株式会社,富山県滑川市上小泉２０１６番地１,2023-06-02,株式会社
ａｎｄ　Ｆｒｅｅ合同会社,東京都板橋区双葉町２－１２長崎屋ビル３０１,2023-06-02,合同会社
ｉＦｌｏｗ合同会社,東京都港区新橋４丁目３１番３号,2023-06-02,合同会社
ｉｋｋａ株式会社,東京都渋谷区道玄坂１丁目１０番８号渋谷道玄坂東急ビル２Ｆ－Ｃ,2023-06-02,株式会社
ｊｉｎｙｕｎｘｉａｎ　ｚｉｍｉｎｇ　ｄｉａｎｚｉｓｈａｎｇｗｕ　ｙｏｕｘｉａｎｇｏｎｇｓｉ,,2023-06-02,外国会社等
ｍ＆ｎ合同会社,三重県桑名市大字安永二丁目１１６１番地２,2023-06-02,合同会社
ｎｉｎｇｂｏ　ｋｅｘｕｓｈａｎｇｍａｏ　ｙｏｕｘｉａｎｇｏｎｇｓｉ,,2023-06-02,外国会社等
ｓｈａｎｇｈａｉ　ｂｅｉｑｉｎｋｅｊｉ　ｙｏｕｘｉａｎｇｏｎｇｓｉ,,2023-06-02,外国会社等
ｓｈｅｎ　ｚｈｅｎ　ｓｈｉ　ｘｕｎ　ｌｅｉ　ｋｅ　ｊｉ　ｙｏｕ　ｘｉａｎ　ｇｏｎｇ　ｓｉ,,2023-06-02,外国会社等
ｓｈｅｎｚｈｅｎ　Ｑｉｓｈｅｎｇ　Ｍｏｕｌｄ　Ｐｌａｓｔｉｃ　Ｃｏ．，Ｌｔｄ,,2023-06-02,外国会社等
ｓｈｅｎｚｈｅｎ　ｆｕｌｅｇａｏｑｉｎｇｋｅｊｉ　ｙｏｕｘｉａｎｇｏｎｇｓｉ,,2023-06-02,外国会社等
ｓｈｅｎｚｈｅｎｓｈｉ　ｘｉｄｏｎｇｓｈｕｏｋｅｊｉ　ｙｏｕｘｉａｎｇｏｎｇｓｉ,,2023-06-02,外国会社等
ｓｐａｃｅ　Ｕｎ合同会社,東京都港区六本木７丁目７－７トライセブンロッポンギ８Ｆ,2023-06-02,合同会社
ｘｉ　ａｎ　ｈｕｏ　ｓｉ　ｊｉａｏ　ｙｕ　ｋｅ　ｊｉ　ｙｏｕ　ｘｉａｎ　ｇｏｎｇ　ｓｉ,,2023-06-02,外国会社等
かまいし土木コンサルタント合同会社,岩手県釜石市甲子町第２地割１７０番地２,2023-06-05,合同会社
さくら創建合同会社,埼玉県さいたま市桜区大字白鍬５１番地１０,2023-06-05,合同会社
にいがた不動産サービス株式会社,新潟県新潟市中央区女池西１丁目１番３号Ａ１０３,2023-06-05,株式会社
ぬのむら再開発綜研株式会社,東京都品川区大井５丁目２７番９号,2023-06-05,株式会社
もも合同会社,東京都新宿区西新宿３丁目３番１３号西新宿水間ビル６階,2023-06-05,合同会社
アミリアネクスト合同会社,東京都墨田区両国３丁目６番３－２０２号,2023-06-05,合同会社
アムーレ合同会社,東京都台東区北上野２丁目１番１２－７０４号ニューイーストコート上野,2023-06-05,合同会社
アンブレラ合同会社,宮城県塩竈市白萩町６番１２号,2023-06-05,合同会社
イロー株式会社,東京都中央区銀座１丁目１２番４号Ｎ＆Ｅ－ＢＬＤ．６Ｆ,2023-06-05,株式会社
イントデザイン合同会社,岐阜県大垣市木戸町２００番地９６,2023-06-05,合同会社
インフィニテック・テクノロジー株式会社,東京都新宿区西新宿１丁目２５番１号,2023-06-05,株式会社
イヴ株式会社,沖縄県宜野湾市普天間１丁目２８番２６号リル普天間,2023-06-05,株式会社
ウラヤマ合同会社,東京都新宿区西新宿３丁目３番１３号西新宿水間ビル２Ｆ,2023-06-05,合同会社
オペレーショナルデザイン株式会社,東京都千代田区神田小川町２丁目１０番地３デュオ・スカーラ御茶ノ水８０１号,2023-06-05,株式会社
オーエム技建株式会社,大阪府泉大津市曽根町１丁目３番１０号,2023-06-05,株式会社
カズクリーン株式会社,千葉県松戸市小根本３９番地１－４０５号,2023-06-05,株式会社
クラッシーＪａｐａｎ株式会社,兵庫県神戸市中央区北野町３丁目２－４アニルドマンション１Ｃ,2023-06-05,株式会社
クロスワンホスピタリティキャピタル株式会社,東京都中央区日本橋堀留町１丁目８番１１号,2023-06-05,株式会社
コウエー株式会社,大阪府大東市灰塚６丁目５番３７号,2023-06-05,株式会社
サンニチ警備株式会社,静岡県伊東市荻１５９番地の１,2023-06-05,株式会社
シンシア株式会社,京都府京田辺市水取東光明谷３番地,2023-06-05,株式会社
シンデン合同会社,福井県坂井市丸岡町霞町４丁目３２番地,2023-06-05,合同会社
スカイウォータージャパン合同会社,大阪府大阪市天王寺区小橋町１３番５号小橋Ｔ．Ｓ．Ｃ．ビル,2023-06-05,合同会社
ストアー湯来の郷,広島県広島市佐伯区湯来町大字多田２５４５,2023-06-05,その他
ソフィアプランニング株式会社,東京都千代田区神田駿河台２丁目１番地３４,2023-06-05,株式会社
ダブルアール合同会社,東京都港区白金３丁目１番１３号日恵ビル２階,2023-06-05,合同会社
ダリホ株式会社,東京都荒川区東日暮里３丁目２４番１１号,2023-06-05,株式会社
ティーズ・オフィス合同会社,東京都渋谷区円山町５番５号Ｎａｖｉ渋谷Ｖ３階,2023-06-05,合同会社
テクノベース株式会社,東京都稲城市東長沼２１０６番地の５,2023-06-05,株式会社
トシマスター合同会社,沖縄県浦添市伊祖２丁目１４番７号,2023-06-05,合同会社
トップ株式会社,広島県広島市安佐南区山本新町３丁目３８番２号,2023-06-05,株式会社
トラストリング株式会社,静岡県湖西市新居町新居３２８８番地の２０１,2023-06-05,株式会社
ニッコーワールド合同会社,宮城県富谷市日吉台２丁目１６番地７,2023-06-05,合同会社
ピークスマネジメント合同会社,神奈川県川崎市幸区塚越１丁目６０番地１６５,2023-06-05,合同会社
フェニックス株式会社,東京都町田市南大谷１１６５番地３,2023-06-05,株式会社
プレソフトジャパン株式会社,東京都千代田区九段南１丁目６番１７号千代田会館４階,2023-06-05,株式会社
ペイントヒロカワ株式会社,兵庫県明石市魚住町錦が丘３丁目２２番地の２１,2023-06-05,株式会社
ホップステップ・パブリックサービス株式会社,岩手県盛岡市八幡町３番８号,2023-06-05,株式会社
モンアペリーレ株式会社,東京都世田谷区弦巻５丁目３６番７－６０５号,2023-06-05,株式会社
ヤマト株式会社,石川県七尾市石崎町乙部７７番地１,2023-06-05,株式会社
ヨシオ・ホールディングス株式会社,静岡県袋井市国本３０３４番地の１,2023-06-05,株式会社
ライジーン株式会社,東京都中央区銀座１丁目１２－４Ｎ＆Ｅ・ＢＬＤ．７Ｆ,2023-06-05,株式会社
リタテラス株式会社,宮城県仙台市青葉区愛子中央３丁目２４番１５号,2023-06-05,株式会社
リバーサル株式会社,大阪府吹田市元町１９番１５号駅前丸二ビル４０２号,2023-06-05,株式会社
リブ・パートナー株式会社,大阪府茨木市三島丘１丁目６番３１号の１,2023-06-05,株式会社
リレイ合同会社,群馬県前橋市六供町６６９番地１３ビバーチェＣ号室,2023-06-05,合同会社
レイズ株式会社,宮城県仙台市若林区文化町１４番１３号,2023-06-05,株式会社
レーヴワール合同会社,東京都板橋区西台２丁目４０番４号－２０２,2023-06-05,合同会社
ロボテクノシステム株式会社,愛知県大府市桃山町４丁目１３番地の９,2023-06-05,株式会社
ワイ・コネクト株式会社,広島県広島市西区南観音２丁目４番４５号Ｋ－３ビル１０５号室,2023-06-05,株式会社
ワンアップサービス株式会社,沖縄県国頭郡宜野座村字松田２４３３番地,2023-06-05,株式会社
ワークシフト合同会社,新潟県長岡市渡里町２番地７,2023-06-05,合同会社
一般社団法人うめきたＭＭＯ,大阪府大阪市北区芝田１丁目１番４号阪急ターミナルビル１２階,2023-06-05,その他の設立登記法人
一般社団法人かなう,大阪府岸和田市西之内町３１番１２号,2023-06-05,その他の設立登記法人
一般社団法人まかせる,東京都港区浜松町２丁目２番１５号,2023-06-05,その他の設立登記法人
一般社団法人アソシエーション・スポーツ・浦和,埼玉県さいたま市南区文蔵４丁目２３番３号,2023-06-05,その他の設立登記法人
一般社団法人サンエコー,長野県茅野市ちの３０２５番地１,2023-06-05,その他の設立登記法人
一般社団法人シニアライフサポートいなんせ,沖縄県浦添市伊奈武瀬１丁目７番３１号,2023-06-05,その他の設立登記法人
一般社団法人シブヤ・スマートシティ推進機構,東京都渋谷区宇田川町１番１号,2023-06-05,その他の設立登記法人
一般社団法人チョイサポしのだ,大阪府和泉市上代町７１１番地の７,2023-06-05,その他の設立登記法人
一般社団法人メディカ,東京都港区北青山３丁目１１番７号ＡＯビル３階,2023-06-05,その他の設立登記法人
一般社団法人ライブコマース日中交流協会,東京都渋谷区千駄ヶ谷２丁目１番８号Ｂａｒｂｉｚｏｎ８番館９階,2023-06-05,その他の設立登記法人
一般社団法人医療・介護・福祉人材マネジメント総研,東京都中央区日本橋室町１丁目１１番１２号日本橋水野ビル７階,2023-06-05,その他の設立登記法人
一般社団法人宮城県トライアスロン協会,宮城県仙台市泉区北中山２丁目１２番地の１５,2023-06-05,その他の設立登記法人
一般社団法人屋良腹門中会,沖縄県南城市玉城字當山３４番地,2023-06-05,その他の設立登記法人
一般社団法人山形県トライアスロン協会,山形県酒田市浜田１丁目９番２１号,2023-06-05,その他の設立登記法人
一般社団法人思いやり,千葉県千葉市緑区古市場町３５３－１ソフィアクレールＢ１０５,2023-06-05,その他の設立登記法人
一般社団法人愛媛県ラグビーフットボール協会,愛媛県松山市姫原２丁目３番２１号,2023-06-05,その他の設立登記法人
一般社団法人日本キッズ・アントレプレナー協会,東京都渋谷区道玄坂１丁目１０番８号渋谷道玄坂東急ビル２Ｆ－Ｃ,2023-06-05,その他の設立登記法人
一般社団法人日本脊椎関連学会連携協議会,東京都文京区本郷３丁目３８番１０号さかえビル２階ＢＩＺｃｏｍｆｏｒｔ本郷内,2023-06-05,その他の設立登記法人
一般社団法人日本賃金人事評価支援機構,東京都中央区銀座１丁目２２番１１号２Ｆ,2023-06-05,その他の設立登記法人
一般社団法人日本近代礼法,東京都港区白金台１丁目１番１６号７Ｆ,2023-06-05,その他の設立登記法人
一般社団法人災害総合健康管理研究所,東京都港区高輪２丁目１２番１３号,2023-06-05,その他の設立登記法人
一般社団法人茨城県解体工事業協会,茨城県水戸市吉沢町５６９番地８１,2023-06-05,その他の設立登記法人
一般社団法人鬼怒川カントリークラブ,栃木県日光市栗原字十三塚３４３番地１３,2023-06-05,その他の設立登記法人
一般社団法人ＡＩＲ,大阪府大阪市浪速区日本橋東１丁目６番７－１４０２号,2023-06-05,その他の設立登記法人
一般社団法人ＡＬＪ　Ｈｅａｌｔｈｃａｒｅ４,東京都中央区日本橋１丁目４番１号,2023-06-05,その他の設立登記法人
一般社団法人ＢＣつくば,茨城県つくば市高見原１丁目６番地１５８,2023-06-05,その他の設立登記法人
一般社団法人ＢＥＳＩＤＥ　ＹＯＵ,兵庫県神戸市垂水区北舞子４丁目１１６１－６、７,2023-06-05,その他の設立登記法人
一般社団法人Ｐｅａｃｅさぽーと,愛知県安城市三河安城本町２丁目１番地１０ＫＡＧＡＹＡＫＩＳＱＵＡＲＥ３Ｆ,2023-06-05,その他の設立登記法人
一般社団法人ＳＡＰＰＯＲＯ　ＰＬＡＣＥＭＡＫＩＮＧ　ＬＡＢＯ,北海道札幌市中央区南十一条西１３丁目１番８号,2023-06-05,その他の設立登記法人
一般社団法人ＷＣＧ,三重県度会郡度会町棚橋１２５４番地１,2023-06-05,その他の設立登記法人
一般社団法人ｍｏｔｈｅｒ　ｈａ．ｈａ,神奈川県鎌倉市佐助１丁目８番１８号,2023-06-05,その他の設立登記法人
一順株式会社,東京都墨田区両国２丁目１７番１７号両国ダイヤハイツ２０２－Ｒ,2023-06-05,株式会社
七星株式会社,東京都中央区銀座４丁目１３番８号岩藤ビル５Ｆ,2023-06-05,株式会社
七瀬デザイン株式会社,東京都立川市曙町３丁目２６番９号－５０４号,2023-06-05,株式会社
中井町諏訪地区土地改良区,神奈川県足柄上郡中井町井ノ口２４４２番地１９,2023-06-05,その他
中部ＶＮ合同会社,大阪府大阪市西成区花園北１丁目４番２２号ペントハウスⅢ１階Ｂ号室,2023-06-05,合同会社
九州ゼネラルコマース株式会社,福岡県福岡市早良区昭代２丁目１５番４－３号,2023-06-05,株式会社
九洲アセット・マネジメント株式会社,大阪府豊中市寺内１丁目１０－７－４０２号,2023-06-05,株式会社
二瓶匠創株式会社,東京都西東京市中町４丁目３番２２号,2023-06-05,株式会社
五島化成大阪合同会社,大阪府泉佐野市日根野１９０３番地の１,2023-06-05,合同会社
井上税理士法人,広島県広島市中区幟町３番５５－４０２号,2023-06-05,その他の設立登記法人
仁者寿株式会社,大阪府大阪市福島区福島５丁目１４番１４号２階,2023-06-05,株式会社
億城株式会社,東京都台東区今戸２丁目１５番３号,2023-06-05,株式会社
六角堂ＢＵＺＺ合同会社,富山県南砺市本町４丁目２９番地,2023-06-05,合同会社
前原電機株式会社,富山県高岡市下伏間江６９番地２,2023-06-05,株式会社
創元合同会社,埼玉県川口市飯塚３丁目１－２４－２０３,2023-06-05,合同会社
創明企画合同会社,宮城県仙台市青葉区あけぼの町１番５号,2023-06-05,合同会社
北雪興業株式会社,北海道札幌市清田区北野二条３丁目３番１７号,2023-06-05,株式会社
医療法人社団三門会,富山県富山市牛島本町２丁目６－８,2023-06-05,その他の設立登記法人
協同組合生活サポートセンター,山口県下松市栄町２丁目２番１０号,2023-06-05,その他の設立登記法人
危機管理対策推進機構株式会社,東京都品川区勝島１丁目３番３－３１０号,2023-06-05,株式会社
司法書士法人シーガル法務事務所,神奈川県藤沢市辻堂１丁目３番１３号江戸惣ビル５階,2023-06-05,その他の設立登記法人
司法書士法人本藤・坂根事務所,島根県江津市敬川町１７４６番地１,2023-06-05,その他の設立登記法人
司法書士法人池本事務所,大阪府大阪市中央区瓦町２丁目５番８号瓦町スクエアビル２０１号,2023-06-05,その他の設立登記法人
合同会社あおいろ大作戦,京都府京都市下京区朱雀宝蔵町４４番地協栄ビル２階京都朱雀スタジオ,2023-06-05,合同会社
合同会社アルペジオ,東京都渋谷区神宮前６丁目２３番４号桑野ビル２階,2023-06-05,合同会社
合同会社アンドチューン,福岡県福岡市中央区六本松４丁目４番１２号,2023-06-05,合同会社
合同会社イノカン,北海道札幌市北区北六条西６丁目２番地１朝日プラザ偕楽園２０７号,2023-06-05,合同会社
合同会社インフルエンサー協会ＪＡＰＡＮ,石川県能美市三道山町ニ１８番地,2023-06-05,合同会社
合同会社エイチキュービック,長崎県壱岐市郷ノ浦町東触７５８番地１,2023-06-05,合同会社
合同会社エゾフジエステート,北海道有珠郡壮瞥町字久保内７５番地,2023-06-05,合同会社
合同会社エフネットサービス,東京都北区田端２丁目１番１８号,2023-06-05,合同会社
合同会社エフロジック,福岡県北九州市小倉北区金田１丁目１番７号棟６０８,2023-06-05,合同会社
合同会社エムズ・インターナショナル,大阪府大阪市生野区小路東２丁目３番２３号ビューパレー小路２０２号,2023-06-05,合同会社
合同会社エメ,鹿児島県鹿児島市吉野町２８３２番地３,2023-06-05,合同会社
合同会社オーロラ,北海道苫小牧市浜町２丁目１番１３号ディアスメリメント１階,2023-06-05,合同会社
合同会社コネイ・テクニカル,北海道札幌市北区新川三条１丁目３番１号,2023-06-05,合同会社
合同会社サフィニア,大阪府河内長野市大矢船西町２番２－１００４号,2023-06-05,合同会社
合同会社サンエイ設備設計,千葉県習志野市屋敷４丁目２番８号,2023-06-05,合同会社
合同会社ジャパントレードワン,東京都品川区平塚１丁目１８番１１号ニューシティアパートメンツ戸越７０３,2023-06-05,合同会社
合同会社ソルマート,香川県仲多度郡琴平町上櫛梨６１４番地２,2023-06-05,合同会社
合同会社タナカ,北海道標津郡標津町字川北１３２３番地１,2023-06-05,合同会社
合同会社チセデザイン一級建築士事務所,沖縄県中頭郡嘉手納町字水釜３６２番地３３,2023-06-05,合同会社
合同会社デジタルトレード,宮城県仙台市青葉区国見５丁目１１番１３号,2023-06-05,合同会社
合同会社ピースオブスター,沖縄県那覇市上之屋１丁目１９番２７号ＧＲＥＥＮ　ＨＩＬＬ湧川４０５,2023-06-05,合同会社
合同会社ピースセレクト,北海道札幌市東区中沼一条２丁目８番４号,2023-06-05,合同会社
合同会社フロップニク,京都府京都市北区大宮中総門口町３４番地,2023-06-05,合同会社
合同会社フロンティア,東京都新宿区四谷１丁目１８－５Ｂｅｌｌｅ四谷４階,2023-06-05,合同会社
合同会社ブロードヒル,北海道札幌市中央区北六条西１８丁目５番地７,2023-06-05,合同会社
合同会社ペンギン,福岡県北九州市若松区栄盛川町５番２号,2023-06-05,合同会社
合同会社モナカストア,滋賀県草津市西渋川１丁目３－４１－１０３号,2023-06-05,合同会社
合同会社モモデザイン,新潟県長岡市寺島町３０８番地１１レーベン長岡寺島町Ｖｅｒｔａｌｉｅｒ２０５号室,2023-06-05,合同会社
合同会社ヤマギシ,東京都杉並区阿佐谷南１丁目５番１号デュフレ阿佐ヶ谷１０２,2023-06-05,合同会社
合同会社ライズ,広島県広島市安佐南区相田１丁目１６番３３号,2023-06-05,合同会社
合同会社ラルプアソシエイツ,静岡県静岡市葵区長沼１丁目９番３０号,2023-06-05,合同会社
合同会社リゾート,大分県大分市明野北５丁目２番１５－２０５号ロイヤルガーデン明野Ａ,2023-06-05,合同会社
合同会社リリーフクリーン,千葉県茂原市柴名２５２番地４,2023-06-05,合同会社
合同会社ワイズワン名古屋東,愛知県名古屋市中区栄２丁目３番１号名古屋広小路ビルヂング１７階,2023-06-05,合同会社
合同会社井上商店,滋賀県栗東市荒張９９６番地１７２,2023-06-05,合同会社
合同会社千と福,北海道千歳市流通３丁目４－１,2023-06-05,合同会社
合同会社向屋,長野県東筑摩郡山形村１７２１番地１,2023-06-05,合同会社
合同会社寺子屋プロジェクト,東京都品川区西五反田２丁目１５番１３号,2023-06-05,合同会社
合同会社小さな村づくり応援団,北海道虻田郡ニセコ町字ニセコ４８２番地１ペンション塒２０８号,2023-06-05,合同会社
合同会社晴凪,東京都小金井市貫井北町３丁目３３番１０－１０１号シンコーハイム小金井,2023-06-05,合同会社
合同会社松本喜一郎商店,北海道新冠郡新冠町字西泊津１３番地の７６,2023-06-05,合同会社
合同会社楽聖堂,東京都練馬区練馬１丁目２０番８号日建練馬ビル２Ｆ,2023-06-05,合同会社
合同会社灯,東京都中央区銀座１丁目２２番１１号銀座大竹ビジデンス２Ｆ,2023-06-05,合同会社
合同会社煌運輸,石川県輪島市マリンタウン４番地７７,2023-06-05,合同会社
合同会社特別支援教育研究所凸ＤＥＣＯ,栃木県宇都宮市中岡本町２９２０番地７５,2023-06-05,合同会社
合同会社糸,千葉県八千代市八千代台西５丁目８番地１３,2023-06-05,合同会社
合同会社紅來ソフト,千葉県松戸市和名ケ谷９８５－１９,2023-06-05,合同会社
合同会社ＡＩＤ,東京都八王子市片倉町１２２１‐２０ハイツ川幡Ｂ２Ｆ,2023-06-05,合同会社
合同会社ＡＩＮ,東京都港区南青山３丁目１番３６号青山丸竹ビル６Ｆ,2023-06-05,合同会社
合同会社ＡＳＴＩＮＡ,宮崎県宮崎市清武町池田台北２９番地２００,2023-06-05,合同会社
合同会社ＡｎｄＵｎｉｔｙ,東京都品川区平塚１丁目８番１３号,2023-06-05,合同会社
合同会社Ａｓａｈｉ,東京都墨田区江東橋３丁目８番１０号５階,2023-06-05,合同会社
合同会社ＢｅＳｉｍｐｌｅ,大阪府大阪市淀川区塚本２丁目１－２５コーポミツワ３０１,2023-06-05,合同会社
合同会社Ｃ＆Ｂワークス,愛知県名古屋市守山区向台１丁目２０２０番地,2023-06-05,合同会社
合同会社ＣＬＯＳＥＲ,神奈川県相模原市中央区南橋本２丁目４番１６－１００９号,2023-06-05,合同会社
合同会社ＣＯＦＦＥＥ　ＦＡＭＩＬＹ,三重県松阪市嬉野中川新町４丁目３４番地,2023-06-05,合同会社
合同会社ＣＯＬＯＵＲＳ,大阪府寝屋川市美井元町１１－１８,2023-06-05,合同会社
合同会社Ｃｏｍｐａｓｓ　Ｌｉｎｋ,沖縄県豊見城市字饒波１１１６番地１,2023-06-05,合同会社
合同会社Ｃｏｒｅ１,東京都世田谷区野沢３丁目２６－１２グレイス野沢２０２,2023-06-05,合同会社
合同会社ＦＮＵ,神奈川県川崎市多摩区西生田５丁目２－１８,2023-06-05,合同会社
合同会社Ｆａｊｉｓｋ,埼玉県さいたま市緑区大間木２丁目１２番地２１,2023-06-05,合同会社
合同会社Ｈｉ　Ｊａｐａｎ,北海道札幌市中央区南一条西８丁目１４番３号札幌第２スカイビル７階Ｃ号,2023-06-05,合同会社
合同会社ＩＴサポート恵,大阪府堺市南区泉田中２４３７番地１２,2023-06-05,合同会社
合同会社ＩＶＹ,東京都新宿区西新宿３丁目３番１３号西新宿水間ビル２Ｆ,2023-06-05,合同会社
合同会社ＪＩＬＵＮＡ,神奈川県川崎市多摩区登戸７８７シュテーレ１０３,2023-06-05,合同会社
合同会社ＪＩＮＲＩＫＩ,宮城県仙台市宮城野区原町２丁目４番２９号,2023-06-05,合同会社
合同会社ＪＯＹ,静岡県静岡市駿河区丸子新田４３３－１,2023-06-05,合同会社
合同会社Ｊｏｌｉ　Ｖｅｉｌ,群馬県伊勢崎市中町７７５番地１,2023-06-05,合同会社
合同会社Ｋ,神奈川県横浜市都筑区大棚町３００３番地６,2023-06-05,合同会社
合同会社Ｋ,北海道札幌市中央区南六条西５丁目１０番地１アイビル６・５６階,2023-06-05,合同会社
合同会社ＫＥＧＯ４,福岡県福岡市中央区大名１丁目４番３０－１３０１号ダイアパレスグランテージ大名,2023-06-05,合同会社
合同会社ＫＥＴＴＬＥ,愛知県長久手市喜婦嶽１７０１ラフォーレブランシュ１０６,2023-06-05,合同会社
合同会社ＫＩＣ,東京都目黒区碑文谷４丁目２０番７－６０３号,2023-06-05,合同会社
合同会社ＫＭＰ研究所,熊本県上益城郡益城町大字田原２０８１番地２８,2023-06-05,合同会社
合同会社ＫＯＲＩＮ,愛知県名古屋市中区橘１丁目４番１８号７０２号,2023-06-05,合同会社
合同会社ＬＵＭＢＩＮＩ,福岡県北九州市小倉北区真鶴２丁目９－６,2023-06-05,合同会社
合同会社Ｌｃａｔ,埼玉県川越市大字寺尾１７４番地山茶花Ａ２０３号室,2023-06-05,合同会社
合同会社Ｌｉｋｅ,東京都大田区北馬込２丁目２２番３号,2023-06-05,合同会社
合同会社ＭＡＮＡ‐ＢＯＷ,青森県五所川原市大字長橋字橋元２２番地５２,2023-06-05,合同会社
合同会社ＭＫＮ,東京都昭島市玉川町３丁目２８番１号,2023-06-05,合同会社
合同会社ＭＯＧＬＯ,茨城県つくば市学園南２丁目４番地３レーベン研究学園ＮＥＸＩＯ１４１４号,2023-06-05,合同会社
合同会社Ｍｉｎｔｓ,千葉県千葉市中央区南町１丁目１４番２０号スイ―ティア１１４号,2023-06-05,合同会社
合同会社Ｎａｒｒａｔｉｖｅ　Ｉｍｐｌ,東京都中央区銀座１丁目２２番１１号銀座大竹ビジデンス２Ｆ,2023-06-05,合同会社
合同会社Ｎｅｗ　Ｃａｓｋ,大阪府大阪市北区天満橋２丁目３番１６号プレサンスロジェ天満橋リバーテラス１０３号,2023-06-05,合同会社
合同会社Ｏｒｔｈ　Ｎ,東京都世田谷区奥沢５丁目２３番１６－３０１号,2023-06-05,合同会社
合同会社ＰＡＹＦＯＲＷＡＲＤ,静岡県伊東市和田１丁目５－３,2023-06-05,合同会社
合同会社ＲＥＬＩＥＮ,千葉県千葉市中央区仁戸名町４８３番地１３,2023-06-05,合同会社
合同会社ＳＴＡＲ　ＤＲＥＡＭ,神奈川県川崎市宮前区有馬６丁目２３番１８－３０５号鷺沼ヴィオラ,2023-06-05,合同会社
合同会社ＳＴＵＤＩＯ１２０,兵庫県伊丹市中央１丁目２番地５グランドハイツコーワ２－１４,2023-06-05,合同会社
合同会社Ｓｏｕｎｄ＆Ｋｉｔｃｈｅｎ,大阪府高槻市上土室６丁目１２番５号,2023-06-05,合同会社
合同会社ＳｕｎＲｉｃｈ,埼玉県上尾市大字上１７８０―２,2023-06-05,合同会社
合同会社ＴＩＡ,東京都杉並区阿佐谷南２丁目１６番６号第２芝仁ビル７階,2023-06-05,合同会社
合同会社ＴＭＡＳＳＥＴ,東京都板橋区舟渡２丁目４番３号ウインベルガーデン浮間公園９０２,2023-06-05,合同会社
合同会社ＵＰ　Ｎｏｒｔｈ,愛知県名古屋市中村区名駅４丁目２４番５号第２森ビル４０１,2023-06-05,合同会社
合同会社ＵＰＳ,千葉県松戸市北松戸１丁目２番地の６,2023-06-05,合同会社
合同会社ＵＳＡＧＩ,愛知県名古屋市中区栄２丁目２番１号広小路伏見中駒ビル２Ｆ－９,2023-06-05,合同会社
合同会社ＷＣ,茨城県石岡市旭台３丁目２１－９石川店舗０００１号室,2023-06-05,合同会社
合同会社Ｗｉｔｈ,埼玉県戸田市本町４丁目３―６,2023-06-05,合同会社
合同会社Ｙ２Ｃ,千葉県長生郡一宮町一宮９３８番地６,2023-06-05,合同会社
合同会社ＹＤＫ,北海道標津郡中標津町東一条北１丁目１番地４,2023-06-05,合同会社
合同会社ＹＭＧ,福岡県福岡市中央区大宮１丁目５番２７－１０２号コンフォートベネフィス薬院,2023-06-05,合同会社
合同会社ＹＯＫＯＺＵＮＡ,東京都調布市西つつじケ丘４丁目４５番地２１,2023-06-05,合同会社
合同会社ｂ‐ｎｅｘｔ,東京都新宿区北新宿１丁目１２番１１号エトワールビル５階,2023-06-05,合同会社
合同会社ｆｉｇ,兵庫県高砂市米田町米田９２番地２エクレール１０３号,2023-06-05,合同会社
合同会社ｉ‐ＤＯＧプライム,神奈川県横浜市旭区二俣川１丁目６５番地１９,2023-06-05,合同会社
合同会社ｋａｔａｗａｒａ,広島県福山市箕島町５２６８番地２７,2023-06-05,合同会社
合同会社ｋｏｍｏｒｅｂｉ,福島県いわき市山田町西山１１番地の６９,2023-06-05,合同会社
合同会社ｌｉｆｉｔｅｃ,長野県飯田市今宮町２丁目５４番地,2023-06-05,合同会社
合同会社ｎｉｔｏのアトリエ,広島県広島市安佐南区大塚西３丁目１３－１２－２０２,2023-06-05,合同会社
合同会社ｔｉａｍ,東京都武蔵野市吉祥寺東町４丁目１番１６号,2023-06-05,合同会社
合同会社ｖｉｔｔｏ,東京都新宿区荒木町２１番地２６,2023-06-05,合同会社
坤道株式会社,大阪府大阪市福島区福島５丁目１４番１４号２階,2023-06-05,株式会社
多夢人プランニング合同会社,大阪府吹田市千里山月が丘３３番６号,2023-06-05,合同会社
大和クリーンケミカル株式会社,宮城県宮城郡利府町花園３丁目２４番１５号,2023-06-05,株式会社
婆娑羅株式会社,東京都中野区沼袋３丁目５番５号,2023-06-05,株式会社
孟夢株式会社,大阪府大阪市生野区巽北１丁目１番１号３Ｆ－Ｄ,2023-06-05,株式会社
宮岡緑地株式会社,愛媛県喜多郡内子町城廻２８０１番地５,2023-06-05,株式会社
弘誠株式会社,東京都新宿区大久保２丁目６番１７号,2023-06-05,株式会社
弭間総合デザイン株式会社,東京都東久留米市滝山２丁目５番６－３０２,2023-06-05,株式会社
志方建設株式会社,長崎県雲仙市小浜町北本町５９２番地,2023-06-05,株式会社
恩嘉系統株式会社,熊本県熊本市東区長嶺南３丁目２１５６－２５０,2023-06-05,株式会社
日向合同会社,長崎県諫早市多良見町中里３０２番地,2023-06-05,合同会社
日新合同会社,東京都小金井市前原町５丁目８番１６号,2023-06-05,合同会社
日本立達株式会社,東京都渋谷区富ヶ谷１丁目１４番１４号３階,2023-06-05,株式会社
日本警備株式会社,大分県別府市北浜３丁目１３番３号,2023-06-05,株式会社
星辰テック株式会社,東京都江東区豊洲５丁目６－２９－１０１２,2023-06-05,株式会社
曜田株式会社,大阪府大阪市住之江区浜口西１丁目１３－１５カトレアビル４０１号室,2023-06-05,株式会社
有米株式会社,大阪府大阪市福島区福島５丁目１４番１４号２階,2023-06-05,株式会社
有限会社八尾鹿,京都府京都市下京区五条通寺町西入御影堂町９番地１,2023-06-05,有限会社
有限会社木村冷凍工業所,長崎県長崎市伊勢町４５番地,2023-06-05,有限会社
東亜緑化株式会社,福岡県福岡市早良区重留７丁目１番２１号,2023-06-05,株式会社
東商合同会社,群馬県前橋市小相木町２７１クリスタルロック西棟１０４,2023-06-05,合同会社
栄進株式会社,東京都荒川区西尾久７丁目２４番８号,2023-06-05,株式会社
株式会社あらや識,愛知県名古屋市守山区大森３丁目６０９番地１,2023-06-05,株式会社
株式会社おひさまデザイン,静岡県伊東市八幡野１１８３番地伊豆高原やまもプラザＢ－１,2023-06-05,株式会社
株式会社おんみつわいんず,山梨県北杜市須玉町小倉４１４２番地,2023-06-05,株式会社
株式会社かりん不動産サポート,静岡県磐田市三ケ野台２９番地４,2023-06-05,株式会社
株式会社かわごし経営相談所,愛知県名古屋市守山区森孝１丁目１７３８番地の１,2023-06-05,株式会社
株式会社かわむら,秋田県仙北市角館町裏町２番地１,2023-06-05,株式会社
株式会社きたじま,長崎県佐世保市春日町１７－３,2023-06-05,株式会社
株式会社きっかけ,大阪府箕面市下止々呂美７２６番１０,2023-06-05,株式会社
株式会社くう,福岡県那珂川市五郎丸１丁目９１番地３,2023-06-05,株式会社
株式会社すだち,東京都武蔵野市境南町５丁目１４番１号エステート富士見,2023-06-05,株式会社
株式会社てとて,東京都中野区中央３丁目１２番１７－６０１号,2023-06-05,株式会社
株式会社ともふじ,東京都葛飾区新小岩１丁目５６番５号,2023-06-05,株式会社
株式会社はなまる電気,静岡県浜松市東区中野町４２０５番地の１,2023-06-05,株式会社
株式会社ふかお経営相談所,滋賀県東近江市佐野町４０１－１ＳＡＮＯか乃う２０２号室,2023-06-05,株式会社
株式会社みかん山柑土里ファーム,静岡県浜松市北区三ヶ日町福長４０５番地,2023-06-05,株式会社
株式会社みなくち,愛媛県松山市柳井町３丁目６番１４号,2023-06-05,株式会社
株式会社もち家,東京都港区南青山２丁目２番１５号,2023-06-05,株式会社
株式会社やすらぎ建物管理,神奈川県横浜市磯子区杉田２丁目１８番１号,2023-06-05,株式会社
株式会社やなさん,兵庫県神戸市中央区山本通５丁目１番１１号,2023-06-05,株式会社
株式会社やまゆり,静岡県富士宮市杉田４９４番地の２,2023-06-05,株式会社
株式会社ゆんたく,沖縄県那覇市銘苅１丁目２番１号１０１,2023-06-05,株式会社
株式会社アイグリーン,徳島県徳島市不動北町２丁目２２４３番地の３,2023-06-05,株式会社
株式会社アイムソリューション,宮城県仙台市宮城野区岡田西町１番４６号,2023-06-05,株式会社
株式会社アイ・ルクール,福岡県那珂川市中原６丁目１０番８号,2023-06-05,株式会社
株式会社アウロラパン,滋賀県草津市野村７丁目１３番２９号,2023-06-05,株式会社
株式会社アクアＳＳＩホールディングス,大阪府大阪市東淀川区西淡路１丁目１番３２号,2023-06-05,株式会社
株式会社アシスト,和歌山県和歌山市松江北７丁目１０番１２号,2023-06-05,株式会社
株式会社アスセット,宮城県仙台市青葉区木町通１丁目８番２８号,2023-06-05,株式会社
株式会社アップルツリー,和歌山県和歌山市園部５９６番地１７９,2023-06-05,株式会社
株式会社アフェクト,鹿児島県薩摩川内市尾白江町３６９６番地６,2023-06-05,株式会社
株式会社アローンド,東京都新宿区西新宿３丁目３番１３号西新宿水間ビル６階,2023-06-05,株式会社
株式会社アンドディレクション,岡山県岡山市北区撫川１３２７－４,2023-06-05,株式会社
株式会社アンビシャスコーポレーション,北海道札幌市南区藤野一条６丁目１０番１８号,2023-06-05,株式会社
株式会社イリゼ,東京都新宿区西新宿３丁目３番１３号西新宿水間ビル６階,2023-06-05,株式会社
株式会社イー・パレット,大分県大分市大字旦野原２００番地の１０,2023-06-05,株式会社
株式会社エイケン,徳島県徳島市中通町１丁目１８番地ヒューマンスペース８－６０２,2023-06-05,株式会社
株式会社エクレ,群馬県高崎市島野町１０１２番地１,2023-06-05,株式会社
株式会社エシカル,大阪府大東市明美の里町２番１８号,2023-06-05,株式会社
株式会社エスアンドエー,兵庫県芦屋市山芦屋町４番５号,2023-06-05,株式会社
株式会社エステック,神奈川県横浜市鶴見区栄町通４丁目４８番地１２,2023-06-05,株式会社
株式会社エステートアセット,大阪府大阪市中央区博労町１丁目７番１５号,2023-06-05,株式会社
株式会社エスピーアイ,富山県中新川郡上市町放士ケ瀬新７６番地２３,2023-06-05,株式会社
株式会社エスワイエス,石川県河北郡内灘町字大根布９丁目７３番地,2023-06-05,株式会社
株式会社エフディアーク,愛媛県松山市北吉田町１０２２番地１,2023-06-05,株式会社
株式会社エムシステム・６０,神奈川県川崎市高津区北見方２丁目３番７号,2023-06-05,株式会社
株式会社エルフ,兵庫県豊岡市弥栄町１番３１号,2023-06-05,株式会社
株式会社オカジマホームサービス,東京都大田区東糀谷３丁目８番１５号,2023-06-05,株式会社
株式会社オビナタ総建,山形県米沢市中央７丁目３番２１号,2023-06-05,株式会社
株式会社オフィスＮＯＺＡ,埼玉県本庄市今井７５１番地２,2023-06-05,株式会社
株式会社オフグリッド,鹿児島県奄美市名瀬港町１２番１号,2023-06-05,株式会社
株式会社オリエンタルグレース,神奈川県横浜市中区山下町８０番地３横濱ディアタワー５０４号室,2023-06-05,株式会社
株式会社オリオン工業,大分県大分市大字駄原２０２７番地の８,2023-06-05,株式会社
株式会社オルター,東京都渋谷区恵比寿１丁目２４番１５号,2023-06-05,株式会社
株式会社オーイー・テック,東京都港区西新橋２丁目６番２号,2023-06-05,株式会社
株式会社カイテック,千葉県木更津市ほたる野１丁目２９－７エレガンスヴィラ５０２,2023-06-05,株式会社
株式会社カーデミー・ジャパン,東京都世田谷区下馬１丁目１９番１７号,2023-06-05,株式会社
株式会社キャッツ・アイ,北海道札幌市厚別区厚別南１丁目２番１０－８０３号,2023-06-05,株式会社
株式会社キャンバス,神奈川県川崎市中原区宮内２丁目３２番１８－２号,2023-06-05,株式会社
株式会社キンダーコネクト,神奈川県横浜市磯子区新杉田町３番地１ステート新杉田５０６号,2023-06-05,株式会社
株式会社キーナフードサービス,東京都新宿区西新宿５丁目２３番２号,2023-06-05,株式会社
株式会社クリエイテスト,神奈川県横浜市西区北幸１丁目１１番１号水信ビル７階,2023-06-05,株式会社
株式会社クリーンパートナー,千葉県印西市亀成１５７,2023-06-05,株式会社
株式会社クローバー,大分県大分市府内町１丁目２番１号,2023-06-05,株式会社
株式会社クローバー,大阪府東大阪市上四条町２０番３３号,2023-06-05,株式会社
株式会社グランテクト,東京都清瀬市野塩３丁目３９番地,2023-06-05,株式会社
株式会社グリーンパーク,東京都台東区台東３丁目４３番１０－４０２号,2023-06-05,株式会社
株式会社グレース,愛知県名古屋市瑞穂区密柑山町１丁目７８番地,2023-06-05,株式会社
株式会社グローファル,千葉県野田市瀬戸１０９２番地の３,2023-06-05,株式会社
株式会社コンフィニットジャパン,東京都中央区銀座７丁目１３番２０号銀座ＴＨビル９階,2023-06-05,株式会社
株式会社サム・テック,大阪府堺市中区土塔町３２１３番地,2023-06-05,株式会社
株式会社サラマンダー,東京都豊島区東池袋１丁目１７番１１号パークハイツ池袋１１０５号,2023-06-05,株式会社
株式会社サンマルコ,東京都港区六本木３丁目１０番１０号六本木藤井ビル１階,2023-06-05,株式会社
株式会社シオソウフードサービス,愛知県岩倉市西市町松下２５番地の４,2023-06-05,株式会社
株式会社シグマ,広島県広島市安佐南区毘沙門台３丁目６番１７号,2023-06-05,株式会社
株式会社シックスホワイト,長崎県諫早市川床町３７３番地１,2023-06-05,株式会社
株式会社シュレーディンガーの弦猫,東京都目黒区上目黒２丁目２４番３号,2023-06-05,株式会社
株式会社シンケン,愛知県日進市岩崎町岩根２２３番地,2023-06-05,株式会社
株式会社ジェイシー企画,島根県松江市佐草町５８７番地３,2023-06-05,株式会社
株式会社スタジオテールエンド,東京都中野区弥生町６丁目１１番１３号,2023-06-05,株式会社
株式会社ストラクトエンジニアリング,長崎県諫早市多良見町木床１５９５番地,2023-06-05,株式会社
株式会社ストリクス,和歌山県和歌山市湊通丁南１丁目３－１－３０２,2023-06-05,株式会社
株式会社スナグ・ワークス,岡山県岡山市中区門田本町１丁目６番７号,2023-06-05,株式会社
株式会社スプリングスパン,長野県東御市田中８００番地１４,2023-06-05,株式会社
株式会社スポーツスピリッツ,千葉県市原市ちはら台東１丁目６番地１２,2023-06-05,株式会社
株式会社スリーシーサービス,千葉県柏市末広町４番５号,2023-06-05,株式会社
株式会社スローライフ,福岡県遠賀郡遠賀町松の本３丁目６番１０号,2023-06-05,株式会社
株式会社スーパーカンパニー,東京都港区北青山２丁目１２番２７号ハレクラニ北青山１Ｆ,2023-06-05,株式会社
株式会社ゼロワン,東京都町田市真光寺３００番地１,2023-06-05,株式会社
株式会社ダイム,東京都西東京市田無町２丁目１３番１１－８０２号,2023-06-05,株式会社
株式会社ツギアスパートナーズ,静岡県静岡市葵区鷹匠２丁目８－１０,2023-06-05,株式会社
株式会社テラナカ,熊本県上益城郡御船町大字滝川６４番地,2023-06-05,株式会社
株式会社ディーシーエー,東京都渋谷区恵比寿１丁目１９番１５号ウノサワ東急ビル６Ｆ,2023-06-05,株式会社
株式会社トーキ,山形県西村山郡河北町谷地中央４丁目３番地の２,2023-06-05,株式会社
株式会社トーゲン,滋賀県長浜市宮司町９１２番地１,2023-06-05,株式会社
株式会社ドブリン,千葉県松戸市新松戸３丁目１４９番地ハイム・アステール１０５号,2023-06-05,株式会社
株式会社ドルフィン・バリュー・アップ１３号,東京都港区芝公園１丁目１番１号住友不動産御成門タワー７階,2023-06-05,株式会社
株式会社ナイスツー,大阪府東大阪市高井田２４番２６号,2023-06-05,株式会社
株式会社ナインワン,大阪府大阪市淀川区十三東３丁目１３番６号,2023-06-05,株式会社
株式会社ニッテクデバイス,東京都中央区日本橋兜町１０－４,2023-06-05,株式会社
株式会社ネクストブリッジ,千葉県浦安市海楽１丁目５番１０号レクス１１０－１０８号室,2023-06-05,株式会社
株式会社ハウスラック,奈良県奈良市あやめ池北３丁目６番１号,2023-06-05,株式会社
株式会社ハクショウブロック,岡山県倉敷市連島町西之浦４５６番地３,2023-06-05,株式会社
株式会社ハヤシ技研,愛媛県伊予市米湊１７３５番地１,2023-06-05,株式会社
株式会社パワーバンクネクスト福岡,福岡県久留米市城島町大依６４番地５,2023-06-05,株式会社
株式会社ヒロキ,兵庫県西宮市西宮浜４丁目１２番５７号,2023-06-05,株式会社
株式会社ビットスタイル,大阪府松原市天美北５丁目６番１７号,2023-06-05,株式会社
株式会社ビワフロント彦根,滋賀県彦根市松原町１４３５番地９１,2023-06-05,株式会社
株式会社ピープルベンチャーズジャパン,東京都千代田区神田和泉町１番地６－１６ヤマトビル４０５,2023-06-05,株式会社
株式会社ファクトエンジ,三重県三重郡菰野町大字菰野７３５番地１,2023-06-05,株式会社
株式会社フェイスフルガイド,北海道札幌市東区北三十二条東１丁目４番２３号,2023-06-05,株式会社
株式会社フェニックス,熊本県荒尾市増永５３６番地１,2023-06-05,株式会社
株式会社フォレストエントランス,広島県広島市東区曙５丁目５番１号,2023-06-05,株式会社
株式会社フーズサポート,長野県佐久市長土呂１１５６番地５,2023-06-05,株式会社
株式会社プルトライズ,北海道旭川市神楽岡九条２丁目１番２０号,2023-06-05,株式会社
株式会社プログレス,広島県広島市中区本川町１丁目１番２１－５０１号,2023-06-05,株式会社
株式会社ホワイトクラン,京都府京都市山科区東野中井ノ上町２番地２１マルイハイツ１階,2023-06-05,株式会社
株式会社マイまくら商事,鹿児島県薩摩川内市平佐町１９３５番地１,2023-06-05,株式会社
株式会社マルヒラ伐工,大分県玖珠郡九重町大字引治９５６番地,2023-06-05,株式会社
株式会社マルフク,埼玉県飯能市大字前ヶ貫２６６番地１０,2023-06-05,株式会社
株式会社ミヤテック,千葉県市原市君塚５丁目５番地１１,2023-06-05,株式会社
株式会社メンテナンス輝,宮崎県延岡市下三輪町１４４３番地乙,2023-06-05,株式会社
株式会社モクス工房,東京都あきる野市小和田１５番地１０,2023-06-05,株式会社
株式会社ヤマグチ,長崎県佐世保市有福町４１５０番地３,2023-06-05,株式会社
株式会社ヤマグチ,福岡県北九州市小倉北区弁天町７番２６－１４０２号,2023-06-05,株式会社
株式会社ユニオン,群馬県前橋市総社町総社１３１３番地１,2023-06-05,株式会社
株式会社ユーアンドアイワークス,静岡県裾野市今里５２３番地の１４,2023-06-05,株式会社
株式会社ヨシノホールディングス,愛知県春日井市篠木町３丁目１２８２番地５,2023-06-05,株式会社
株式会社ライズ,神奈川県横浜市瀬谷区南瀬谷１丁目８３番地２,2023-06-05,株式会社
株式会社リスム不動産,福岡県福岡市南区柳河内２丁目６番９６号シティベール大池１階,2023-06-05,株式会社
株式会社リバースカイネットワーク,東京都新宿区西新宿３丁目３番１３号西新宿水間ビル６階,2023-06-05,株式会社
株式会社リフィックス,千葉県市原市若宮３丁目３番地１４,2023-06-05,株式会社
株式会社リングベルキャスト,東京都新宿区西新宿５丁目２３番２号,2023-06-05,株式会社
株式会社リールピーク,東京都中央区銀座１丁目１２番４号,2023-06-05,株式会社
株式会社レンコーポレーション,静岡県藤枝市高柳２丁目５番２１－１号,2023-06-05,株式会社
株式会社ワイジング,宮城県亘理郡亘理町逢隈十文字字大手２番地１,2023-06-05,株式会社
株式会社ヱン,長崎県諫早市松里町７３４番地,2023-06-05,株式会社
株式会社ヴァリアスター,神奈川県横浜市西区北幸１丁目１１番１号水信ビル７階,2023-06-05,株式会社
株式会社三嶋サラブレッズ,北海道浦河郡浦河町字杵臼６１９番地の３,2023-06-05,株式会社
株式会社三恵組,和歌山県和歌山市松江北４丁目３番１９号,2023-06-05,株式会社
株式会社三陽,京都府京都市東山区清閑寺池田町７番地１０,2023-06-05,株式会社
株式会社上田建材工業,石川県金沢市泉本町６丁目５８番地６,2023-06-05,株式会社
株式会社上野建設工業,大分県大分市小佐井２丁目１番２９－１号ガーデンハウスさとＡ棟,2023-06-05,株式会社
株式会社中日地所,愛知県名古屋市名東区藤見が丘９番地,2023-06-05,株式会社
株式会社中村工業,長崎県佐世保市陣の内町６７６番地２西陣ストリート１０４,2023-06-05,株式会社
株式会社丸隆コーポレーション,静岡県静岡市清水区吉原１６６２番地,2023-06-05,株式会社
株式会社京王教育,京都府宇治市広野町東裏６９－１本田ビル,2023-06-05,株式会社
株式会社令和防災システム,熊本県熊本市北区清水新地２丁目６番７号,2023-06-05,株式会社
株式会社以獅子,新潟県新潟市西蒲区巻甲２４４３番地,2023-06-05,株式会社
株式会社伊神,兵庫県伊丹市中野東１丁目３２１番地田中ハイツＢ棟１０２号,2023-06-05,株式会社
株式会社伴奏,愛媛県松山市和泉北１丁目１７番１３号,2023-06-05,株式会社
株式会社佐伯機工,大分県佐伯市弥生大字小田６５番地１,2023-06-05,株式会社
株式会社優雅,宮城県仙台市太白区西多賀３丁目１５番１０－２号,2023-06-05,株式会社
株式会社元興業,滋賀県湖南市石部南６丁目９番１２号,2023-06-05,株式会社
株式会社光亜不動産,埼玉県所沢市北中２丁目３４６番地の１２,2023-06-05,株式会社
株式会社八幡工業,千葉県富津市八幡１１８番地,2023-06-05,株式会社
株式会社円藤電気,静岡県袋井市浅羽２３０４番地の１,2023-06-05,株式会社
株式会社利康,茨城県土浦市小高１０３－２,2023-06-05,株式会社
株式会社友和建産,福岡県行橋市大字高瀬７２２番地６,2023-06-05,株式会社
株式会社和林電設,東京都東大和市新堀２丁目１４５３番地の９９,2023-06-05,株式会社
株式会社土屋建装,宮城県仙台市若林区上飯田１丁目２０番２６号,2023-06-05,株式会社
株式会社地域総研,熊本県上益城郡益城町大字田原１１５５番地１２テクノラボラトリ,2023-06-05,株式会社
株式会社城旅デザインラボ,東京都港区南青山２丁目２番１５号,2023-06-05,株式会社
株式会社夢,愛媛県松山市古川南１丁目２０番１９号,2023-06-05,株式会社
株式会社大栄印刷,京都府宇治市伊勢田町中ノ田３７番地の１０８,2023-06-05,株式会社
株式会社大進,沖縄県沖縄市美里１丁目１０番２４号,2023-06-05,株式会社
株式会社学習広場笠岡,岡山県笠岡市笠岡３６４７番地４,2023-06-05,株式会社
株式会社安徳ファイナンス,東京都台東区根岸３丁目２２番１５号,2023-06-05,株式会社
株式会社富建興業,岡山県新見市石蟹３４番地１,2023-06-05,株式会社
株式会社小村工業,京都府八幡市男山弓岡２番地Ｂ２３－５０２,2023-06-05,株式会社
株式会社小野瀬板金工業,茨城県常陸太田市山下町３８８０番地,2023-06-05,株式会社
株式会社山久,千葉県船橋市西船１丁目１８番２２号,2023-06-05,株式会社
株式会社川上商事,東京都町田市原町田２丁目４番７－１３０６号,2023-06-05,株式会社
株式会社平野屋,東京都港区西麻布３丁目１７番９号１階,2023-06-05,株式会社
株式会社幸,滋賀県彦根市河原２丁目６－４青柳３号１Ｆ,2023-06-05,株式会社
株式会社康建築,愛知県名古屋市天白区野並２丁目１７９番地の３,2023-06-05,株式会社
株式会社廣和水道工業,愛知県名古屋市昭和区円上町６番２２号,2023-06-05,株式会社
株式会社弥生,京都府京都市東山区清水２丁目２４６番地,2023-06-05,株式会社
株式会社律匠,千葉県習志野市大久保１丁目２６番７号サイキマンション１０１号,2023-06-05,株式会社
株式会社志陽荷役運輸,鹿児島県志布志市志布志町帖３９４６番地１５,2023-06-05,株式会社
株式会社恭栄水産,愛媛県宇和島市津島町北灘丙２８番地,2023-06-05,株式会社
株式会社悠愛,京都府京都市山科区川田中畑町１４番地２４,2023-06-05,株式会社
株式会社悠花梨,埼玉県川口市幸町２丁目７番１８号フォレストビル２０１,2023-06-05,株式会社
株式会社昇源,岡山県岡山市中区湊２８８番地４,2023-06-05,株式会社
株式会社景浦住設,広島県広島市中区江波本町６番２３号,2023-06-05,株式会社
株式会社有景,東京都足立区東和５丁目９－２１ライオンズガーデン綾瀬谷中公園３０３,2023-06-05,株式会社
株式会社木ノ神,静岡県浜松市東区上西町５７番地の５,2023-06-05,株式会社
株式会社木樂屋,福岡県みやま市瀬高町長田２７２４－１,2023-06-05,株式会社
株式会社木葉,神奈川県横浜市鶴見区馬場３丁目１９番４号,2023-06-05,株式会社
株式会社未来之,島根県邑智郡美郷町粕渕４２０,2023-06-05,株式会社
株式会社村上農園,愛媛県八幡浜市向灘２６７３番地１４,2023-06-05,株式会社
株式会社東不動産,新潟県上越市大和２丁目８番３号,2023-06-05,株式会社
株式会社東京会計コンサルティング,東京都新宿区新宿１丁目５番１号新宿御苑ビル３階,2023-06-05,株式会社
株式会社東北特殊建設,宮城県仙台市青葉区折立６丁目１９－５,2023-06-05,株式会社
株式会社松島塾,兵庫県三田市武庫が丘５丁目１番地Ｋ棟８０２号,2023-06-05,株式会社
株式会社松澤総業,長野県上高井郡高山村大字中山４３６８番地２８,2023-06-05,株式会社
株式会社松田左官,新潟県新発田市西園町２丁目３番１号,2023-06-05,株式会社
株式会社林田青果,長崎県諫早市飯盛町上原６１番地３,2023-06-05,株式会社
株式会社柏設備,岩手県盛岡市津志田南２丁目４番３４号,2023-06-05,株式会社
株式会社桜美,兵庫県神戸市長田区二葉町２丁目１番１６号,2023-06-05,株式会社
株式会社森造園業,福岡県久留米市高良内町３１０４番地８,2023-06-05,株式会社
株式会社椋,静岡県浜松市中区板屋町１０２番地の１５,2023-06-05,株式会社
株式会社永昇建設,福岡県田川郡添田町大字添田２０９１番地１,2023-06-05,株式会社
株式会社河原板金,京都府向日市寺戸町寺田５０番地の１京都桂川つむぎの街ブライトスクエア２１４号,2023-06-05,株式会社
株式会社浜中電化,埼玉県越谷市千間台西２丁目１６番地１１,2023-06-05,株式会社
株式会社浪速水産,大阪府大阪市中央区船越町２丁目４－１０アーバス天満橋９０８,2023-06-05,株式会社
株式会社渡邉設備,埼玉県川口市芝３丁目２４番１１号サンハイム芝Ａ２０５,2023-06-05,株式会社
株式会社澤建ホールディングス,北海道函館市昭和３丁目３６番１号,2023-06-05,株式会社
株式会社畑人,沖縄県糸満市字座波１８１３番地１,2023-06-05,株式会社
株式会社畠山工業,宮城県黒川郡大和町吉岡字道下１番地の６,2023-06-05,株式会社
株式会社相水,大阪府東大阪市昭和町２０番２５号,2023-06-05,株式会社
株式会社神和メンテ,兵庫県神戸市灘区大石東町４丁目７番６号１２,2023-06-05,株式会社
株式会社神風,兵庫県神戸市北区上津台５丁目６番１３号,2023-06-05,株式会社
株式会社紙とペン,長崎県長崎市西山１丁目５番１５号,2023-06-05,株式会社
株式会社絶対そうしよ,石川県金沢市新神田２丁目７番３２‐２号,2023-06-05,株式会社
株式会社縁一,愛知県名古屋市千種区春岡１丁目１４番２１号,2023-06-05,株式会社
株式会社翔,東京都中央区日本橋２丁目１６番４号ＷＯＲＫ　ＢＡＳＥ　Ｎｉｈｏｍｂａｓｈｉ３Ｆ,2023-06-05,株式会社
株式会社翔成建設,京都府京都市下京区西七条八幡町９番地メゾン前田３０３,2023-06-05,株式会社
株式会社蒼翔,長崎県佐世保市松原町７６番地２泉福寺団地Ａ－４棟１２０１号,2023-06-05,株式会社
株式会社蔵王ホテルマネジメント,山形県山形市蔵王温泉９０３番地２,2023-06-05,株式会社
株式会社西北企画,東京都杉並区高円寺北１丁目２６番３号,2023-06-05,株式会社
株式会社西都産業,宮崎県西都市大字右松３１７１番地１,2023-06-05,株式会社
株式会社谷口屋,和歌山県新宮市磐盾３番６号,2023-06-05,株式会社
株式会社輝建,福岡県北九州市若松区本町３丁目１番１６号,2023-06-05,株式会社
株式会社速水林業,滋賀県長浜市小谷郡上町５０５番地,2023-06-05,株式会社
株式会社重装,東京都新宿区余丁町５番６号,2023-06-05,株式会社
株式会社長崎百景,長崎県長崎市京泊１丁目１６番２４号,2023-06-05,株式会社
株式会社関内メディカルサポート,神奈川県横浜市西区みなとみらい６丁目３番４－２７０８号,2023-06-05,株式会社
株式会社阿部興業,愛媛県伊予市上三谷１１５５番地１４,2023-06-05,株式会社
株式会社雑貨社,東京都千代田区九段南３丁目７番８号九段ＭＭＩビル４階,2023-06-05,株式会社
株式会社青島,東京都中央区勝どき５丁目３番１－５２２４号,2023-06-05,株式会社
株式会社高野商店,東京都墨田区押上１丁目２８番６号,2023-06-05,株式会社
株式会社８‐ｅｉｇｈｔ,宮城県仙台市若林区河原町１丁目１番５－１０３号,2023-06-05,株式会社
株式会社ＡＣＤＸＳＳ,東京都千代田区丸の内１丁目８番３号,2023-06-05,株式会社
株式会社ＡＥＲＡＳ,長野県長野市大字風間７９２番地１,2023-06-05,株式会社
株式会社ＡＩＯ,東京都東久留米市野火止２丁目５番２号,2023-06-05,株式会社
株式会社ＡＩｎｎｏｖａｔｅ,長野県長野市大字風間２０３４－１７,2023-06-05,株式会社
株式会社ＡＫ　Ｌａｂ．,熊本県熊本市西区上代９丁目１番５２号,2023-06-05,株式会社
株式会社ＡＫＡＩ,広島県廿日市市宮島口４丁目３番４１号,2023-06-05,株式会社
株式会社ＡＬＥＣＴＯ,千葉県野田市山崎１０６８番地の２０,2023-06-05,株式会社
株式会社ＡＮＣＩＥＮＴ,北海道札幌市中央区南十二条西１０丁目１－１８グッドビル１Ｆ,2023-06-05,株式会社
株式会社ＡＳＥＡＮ　ＦＡＲＭ,三重県度会郡南伊勢町道方５３５番地,2023-06-05,株式会社
株式会社ＡＴＥＣ,愛知県稲沢市大矢町三條田３４番地３,2023-06-05,株式会社
株式会社ＡＸＬ,群馬県前橋市元総社町２丁目２２番地１３メゾンプルミエ１０３号,2023-06-05,株式会社
株式会社Ａｕｄｅｌａ,東京都渋谷区渋谷２丁目１番１号,2023-06-05,株式会社
株式会社Ｂ・ＢＬＵＥ,愛知県海部郡蟹江町舟入１丁目４５６番地,2023-06-05,株式会社
株式会社Ｂ＆Ｍ,鹿児島県日置市日吉町日置３１０５,2023-06-05,株式会社
株式会社ＢＳＣ,福岡県久留米市上津２丁目９番３５号,2023-06-05,株式会社
株式会社ＢＵＺＺ,石川県小松市長田町ロ３６番地,2023-06-05,株式会社
株式会社ＢＹＣ　ＥＮＴＥＲＴＡＩＮＭＥＮＴ,徳島県徳島市川内町加賀須野３７４－４－２Ｆ,2023-06-05,株式会社
株式会社Ｂｅａｕｔｉｌｉｔｙ,東京都港区高輪１丁目２３番２３号,2023-06-05,株式会社
株式会社Ｂｅｇｉｎｎｉｎｇ,大阪府守口市京阪本通２丁目８番１１号新京阪ビル３０１－２号室,2023-06-05,株式会社
株式会社ＢｉＢｉ,滋賀県長浜市東上坂町６２２番地３,2023-06-05,株式会社
株式会社Ｃ５．ＬＡＢ,静岡県湖西市南台２丁目３番１５号,2023-06-05,株式会社
株式会社ＣＲＥＬＩＡ,愛知県岡崎市明大寺町字大圦１番地２１,2023-06-05,株式会社
株式会社Ｃｆｉ,広島県福山市草戸町２丁目９番１８－２０４号,2023-06-05,株式会社
株式会社Ｃｒｕｉｓｅ,岩手県盛岡市南仙北１丁目１８番２号ハウスＧ３階,2023-06-05,株式会社
株式会社Ｄｅ　Ｂｕｌｌｉｏｎ,兵庫県西宮市南越木岩町８番１８－３０５号,2023-06-05,株式会社
株式会社Ｅ‐Ｓｔａｒ,大阪府門真市石原町３３番２５号,2023-06-05,株式会社
株式会社ＥＲ,東京都新宿区西新宿３丁目３番１３号西新宿水間ビル６階,2023-06-05,株式会社
株式会社ＥＹＥ　ＣＡＰＩＴＡＬ,広島県広島市中区白島北町１０番１１号,2023-06-05,株式会社
株式会社Ｆ　Ｒｅｂｏｒｎ,沖縄県那覇市真嘉比１丁目１０番８号３３０ＮＩＮ３０１,2023-06-05,株式会社
株式会社ＦＡＩ‐Ｄ,静岡県浜松市南区石原町４７７番地の２,2023-06-05,株式会社
株式会社ＦＡＲＭＥＲＳ　ＰＲＯＦＩＴ,広島県広島市西区商工センター４丁目７番１８号,2023-06-05,株式会社
株式会社ＦＪアーバンオペレーションズ,福岡県福岡市博多区住吉１丁目２番２５号,2023-06-05,株式会社
株式会社Ｆａｔｅ　ｋｉｔｃｈｅｎ,愛媛県松山市空港通２丁目１６番１２号,2023-06-05,株式会社
株式会社Ｇ　Ｐｅａｃｅ,大阪府茨木市豊川１丁目１８番２１号,2023-06-05,株式会社
株式会社ＧＧＳインベストメント,富山県富山市安養坊１８２番地１１,2023-06-05,株式会社
株式会社ＧＫＤ,福岡県福岡市城南区別府２丁目２１番２３号,2023-06-05,株式会社
株式会社ＧＭ経営ソリューション,千葉県市川市市川南１丁目１番８号市川サンハイツ２０８号,2023-06-05,株式会社
株式会社ＧＮ‐ＥＸＰＲＥＳＳ,神奈川県横浜市泉区上飯田町３８９１番１号,2023-06-05,株式会社
株式会社ＧＮＲＬ,東京都江東区亀戸７丁目３９番１１－６０９号,2023-06-05,株式会社
株式会社ＧＯ‐ＫＥＮ,福岡県糟屋郡粕屋町戸原東２丁目４番８号,2023-06-05,株式会社
株式会社ＧＳＴ,神奈川県横浜市中区寿町２丁目５番地１２－３０１,2023-06-05,株式会社
株式会社Ｇｌｏｂｙ,東京都渋谷区神宮前６丁目２３番４号,2023-06-05,株式会社
株式会社Ｇｒｏｗ,大阪府大阪市生野区巽南５丁目９番１号,2023-06-05,株式会社
株式会社Ｇｒｏｗ　ｕｐ,東京都渋谷区渋谷２丁目１番１号,2023-06-05,株式会社
株式会社Ｈ．Ｋ．チャイルド,岐阜県岐阜市古市場５１９番地,2023-06-05,株式会社
株式会社ＨＵＧ,東京都港区赤坂５丁目３番１号,2023-06-05,株式会社
株式会社ＩＦメンテナンス,北海道札幌市手稲区前田七条１８丁目３番６号,2023-06-05,株式会社
株式会社ＩＧＵＳＡ,東京都板橋区南常盤台１丁目１１番６レフア南常盤台１０１号室,2023-06-05,株式会社
株式会社ＩＮＯＵＴ,東京都中野区中央２丁目２番９号,2023-06-05,株式会社
株式会社ＩＮＳＥＮＳＥ,大阪府大阪市西区新町１丁目１２番７号１３０１,2023-06-05,株式会社
株式会社ＩＴＰ,愛知県名古屋市中村区太閤３丁目７番７６号,2023-06-05,株式会社
株式会社ＩＹネットスーパー事業準備会社,東京都千代田区二番町８番地８,2023-06-05,株式会社
株式会社Ｊ＆アソシエイツ,福岡県福岡市中央区天神４丁目６番７号,2023-06-05,株式会社
株式会社ＪＡＣＡＲＡＮＤＡ,東京都中野区野方１丁目９番６号,2023-06-05,株式会社
株式会社ＪＤＳ,石川県白山市菜の花３丁目６１番地,2023-06-05,株式会社
株式会社ＪＥＰＬＡＮ　Ｈｏｌｄｉｎｇｓ,神奈川県川崎市川崎区扇町１２番２号,2023-06-05,株式会社
株式会社Ｋコーポレーション,福岡県福岡市博多区祇園町８番１３－７２０号,2023-06-05,株式会社
株式会社ＫＡＷＡＣＨＩ,大阪府堺市北区東三国ヶ丘町３丁２番４７号,2023-06-05,株式会社
株式会社ＫＥＮ‐ＴＯＵＲ,北海道旭川市一条通１０丁目２０７０番地の１,2023-06-05,株式会社
株式会社ＫＥＮＳ,長崎県佐世保市針尾西町２８４５番地４,2023-06-05,株式会社
株式会社ＫＩＭＴＵＹＥＮ,熊本県玉名市中坂門田７７１番地,2023-06-05,株式会社
株式会社ＫＫホワイト,広島県広島市中区東白島町１８番２３号,2023-06-05,株式会社
株式会社ＫＯＮサービス,神奈川県横浜市緑区中山１丁目２９番６－４１１号,2023-06-05,株式会社
株式会社ＫＯＴＯＤＡＭＡコミュニケーションズ,兵庫県西宮市津門綾羽町６番３２号,2023-06-05,株式会社
株式会社ＫＳファシリティ,埼玉県上尾市緑丘２丁目１０番３０－３号,2023-06-05,株式会社
株式会社ＫＹ,東京都新宿区大久保２丁目３番１８号三蔵住建第一ビル,2023-06-05,株式会社
株式会社Ｋａｗａ,静岡県静岡市葵区羽鳥５丁目１９－３,2023-06-05,株式会社
株式会社ＬＩＦＡＣＴ,長野県千曲市大字戸倉３２８番地３,2023-06-05,株式会社
株式会社ＬＩＴ,神奈川県横浜市保土ケ谷区法泉１丁目１８番６号,2023-06-05,株式会社
株式会社ＬＵＣＫ,北海道札幌市北区北十八条西４丁目２－３３,2023-06-05,株式会社
株式会社ＭＡ,高知県高知市帯屋町１丁目３－１２ケントビル２階,2023-06-05,株式会社
株式会社ＭＡＤ,熊本県熊本市東区広木町１１番１０号,2023-06-05,株式会社
株式会社ＭＡＲＣ,東京都港区海岸３丁目７番１８号ＡＬＴＯＢ３０２,2023-06-05,株式会社
株式会社ＭＢ,大阪府豊中市大島町１丁目８番３０号,2023-06-05,株式会社
株式会社ＭＥＥＭ,京都府京都市下京区仏光寺通烏丸東入上柳町３３１タカノハスクエア３４６,2023-06-05,株式会社
株式会社ＭＨ,長野県大町市大町４７１８番地２,2023-06-05,株式会社
株式会社ＭＩＮＵＥＲＥ,神奈川県川崎市幸区中幸町３丁目３１番地２－９階,2023-06-05,株式会社
株式会社ＭＯＲＥ建設企画,静岡県菊川市西方１６２８番地の５,2023-06-05,株式会社
株式会社ＭＵＳＵＢＩ,愛知県犬山市大字犬山字中道４８番地グリーンベル犬山２０１,2023-06-05,株式会社
株式会社Ｍａｐｌｅ　Ｌｉｎｋ,東京都港区南青山５丁目１１番１０号南青山５１１ビル,2023-06-05,株式会社
株式会社Ｍｕｋｕｎｏエンタープライズ,福岡県行橋市南大橋４丁目８番２０号,2023-06-05,株式会社
株式会社ＮＥＯ,広島県廿日市市宮内４丁目１０番９号,2023-06-05,株式会社
株式会社ＮＫトラスト,大阪府大阪市北区天満２丁目４－７－１２０１,2023-06-05,株式会社
株式会社ＮＯＢＩＳＨＩＲＯ,東京都新宿区西新宿５丁目２３番２号,2023-06-05,株式会社
株式会社ＮＵ,愛媛県松山市土手内１２－１ＥＫＩＮＯＮＥＫＩ,2023-06-05,株式会社
株式会社ＮｅＸＴ,東京都新宿区西新宿３丁目３番１３号西新宿水間ビル２Ｆ,2023-06-05,株式会社
株式会社ＮｅｗＴｉｄｅ,東京都荒川区東日暮里４丁目２４番１５号,2023-06-05,株式会社
株式会社Ｎｅｘｔ　Ａｇｅ,東京都中央区銀座１丁目２２番１１号銀座大竹ビジデンス２階,2023-06-05,株式会社
株式会社ＮｅｘｕｓＯｎｅ,東京都板橋区小豆沢１丁目２２番３号,2023-06-05,株式会社
株式会社Ｎｉｉｙａｎｓ,福岡県直方市大字感田３４７８番１,2023-06-05,株式会社
株式会社Ｎｉｊｉｙｕｉｒａ,東京都杉並区高井戸東３丁目２８番３８号,2023-06-05,株式会社
株式会社Ｎｏｉｒ,東京都渋谷区神宮前６丁目２３番４号桑野ビル２階,2023-06-05,株式会社
株式会社ＯＮＥＮＥＳＳ,大阪府大阪市阿倍野区昭和町１丁目９番６号,2023-06-05,株式会社
株式会社ＯＲｅＯ,愛知県名古屋市西区あし原町６０,2023-06-05,株式会社
株式会社Ｏｆｆｉｃｅ３７・シェアーズ,東京都新宿区新宿３丁目３５番６号新宿ＡＵＮビル７階,2023-06-05,株式会社
株式会社ＰＲＯＧＲＥＳＳＩＶＥ,千葉県我孫子市布佐９８９番地の４,2023-06-05,株式会社
株式会社ＰＲＯＵＤ,神奈川県横浜市瀬谷区三ツ境１０６番地１,2023-06-05,株式会社
株式会社ＲＥＸ,東京都港区北青山２丁目１０番２４号,2023-06-05,株式会社
株式会社Ｒａｉｓｅ,石川県小松市吉竹町２丁目５８番地２,2023-06-05,株式会社
株式会社Ｒａｎｄ,愛知県名古屋市千種区星ケ丘２丁目４３番地―１０１,2023-06-05,株式会社
株式会社Ｒｂｏｒｎ,沖縄県那覇市牧志２丁目１６番８号ＢＩＴＰＬＡＺＡ１Ｆ,2023-06-05,株式会社
株式会社Ｒｅｍａｔｃｈ,大阪府堺市堺区大浜中町３丁１－４－２,2023-06-05,株式会社
株式会社Ｒｕｕ,新潟県胎内市西本町１９番３８号,2023-06-05,株式会社
株式会社ＳＡＩ　ＴＲＡＤＩＮＧ,福岡県福岡市博多区上川端町１４－１０グランドサヴォイ４０８,2023-06-05,株式会社
株式会社ＳＥＮＴＯ,岡山県岡山市東区西大寺中１丁目９番３０号,2023-06-05,株式会社
株式会社ＳＧ技建,大阪府堺市堺区大浜南町１丁４番１７号,2023-06-05,株式会社
株式会社ＳＨＯＪＩＮ,福岡県大牟田市大字宮崎２４５４番地１,2023-06-05,株式会社
株式会社ＳＫＹ,宮崎県宮崎市広島２丁目８番２６号ＡＩＮＡ５０１号,2023-06-05,株式会社
株式会社ＳＫＹＬＩＮＥ,北海道札幌市白石区南郷通５丁目北５番２５－１０２号,2023-06-05,株式会社
株式会社ＳＯＵＴＨ,鹿児島県薩摩川内市五代町１８５７番地３,2023-06-05,株式会社
株式会社ＳＴＲＩＶＥＴＳ,北海道帯広市公園東町４丁目５番地１３,2023-06-05,株式会社
株式会社ＳＵＢＰＬＯＴ,群馬県高崎市下豊岡町８９５番地８,2023-06-05,株式会社
株式会社Ｓｈｅｉｌａ,東京都渋谷区渋谷２丁目１番１号,2023-06-05,株式会社
株式会社ＳｋｙＥａｒｔｈ,千葉県松戸市本町１７－１１芹澤ビル６Ｆ,2023-06-05,株式会社
株式会社Ｔ‐Ｌａｂ,新潟県新潟市東区中野山６丁目５番１１号５,2023-06-05,株式会社
株式会社Ｔ’ｓ　Ａｕｔｏ　Ｓｅｒｖｉｃｅ,宮崎県宮崎市大字塩路４００番地１,2023-06-05,株式会社
株式会社ＴＡＨ,愛知県西春日井郡豊山町大字豊場字青塚屋敷２１番地,2023-06-05,株式会社
株式会社ＴＡＮＡＢＥ,大阪府東大阪市鴻池本町１番２４号,2023-06-05,株式会社
株式会社ＴＨＥ　ＮＩＫＯＬＥ,茨城県水戸市吉沢町３５４番地３０,2023-06-05,株式会社
株式会社ＴＯＭＩＭＩＴＳＵ,大分県大分市三ケ田町１丁目８番２８－１０５号,2023-06-05,株式会社
株式会社ＴＯＰ　ＴＯＫＹＯ,東京都新宿区歌舞伎町２丁目２１番４号三経２１ビル２階,2023-06-05,株式会社
株式会社ＴＴ,愛知県名古屋市西区名駅２丁目２９番２８号グランデール名古屋６０６号,2023-06-05,株式会社
株式会社ＴＴフードシステム,大分県大分市住吉町２丁目１０１２番１コールコート２・５０１,2023-06-05,株式会社
株式会社Ｔｉｐｈｅｒｅｔｈ,東京都渋谷区渋谷２丁目１番１号,2023-06-05,株式会社
株式会社Ｔｏｍａｔｏ　Ｒｅｄ　Ｍｏｔｉｏｎ,東京都渋谷区宇田川町３－７ヒューリック渋谷公園通りビル５Ｆ－６８,2023-06-05,株式会社
株式会社Ｔｓｕｎａｇｕ,岡山県岡山市南区浦安本町６５番地,2023-06-05,株式会社
株式会社ＵＬＴＶＥＲＳＥ,東京都台東区元浅草１丁目６番１２－７１１号,2023-06-05,株式会社
株式会社ＵＮＯＭＩ,愛知県名古屋市千種区東千種台１４番９号東千種台ハイツ４－Ｄ号,2023-06-05,株式会社
株式会社ＵＲＥ,福井県鯖江市東鯖江３丁目５－１２,2023-06-05,株式会社
株式会社ＵＲＩ企画,香川県丸亀市金倉町１６２６番地８,2023-06-05,株式会社
株式会社ＵＴＥＮＡ,東京都大田区蒲田１丁目７番４号,2023-06-05,株式会社
株式会社ＶＲＩＣＨｅ,山形県山形市久保田１丁目５番１号,2023-06-05,株式会社
株式会社Ｖｅｒｔｅｘ,群馬県伊勢崎市境下渕名２０４０番地１,2023-06-05,株式会社
株式会社Ｗｈｅｒｅ　Ｖｅｒｓｅ,滋賀県大津市大将軍１丁目８番１号ＴＳサニーコーポ１・１０１,2023-06-05,株式会社
株式会社Ｗｏｒｋｆｏｒｃｅ　Ｒｅｄｅｓｉｇｎ,千葉県旭市鎌数９１０番地,2023-06-05,株式会社
株式会社Ｗｏｒｋｓ,秋田県秋田市新屋南浜町１番１０号,2023-06-05,株式会社
株式会社Ｙ’ｓ　Ｆａｃｔｏｒｙ,沖縄県豊見城市字豊見城１００４番地１,2023-06-05,株式会社
株式会社Ｙ’ｓ　ｐａｒｔｎｅｒ,愛知県名古屋市名東区一社１丁目１２５番地浅野ビル１Ｆ,2023-06-05,株式会社
株式会社ＹＡＲＤ　ｉｓｓｕｅ,鹿児島県曽於市財部町南俣３１４８番地,2023-06-05,株式会社
株式会社ＹＭインベストメント,福岡県太宰府市宰都１丁目１２番７号,2023-06-05,株式会社
株式会社ＹＯＬＯ,新潟県新潟市中央区本町通１４番町３０６３番地１ダイアパレス本町第３、８０７号,2023-06-05,株式会社
株式会社ＹＯＮＩＤＡＳＵ,北海道札幌市北区拓北五条３丁目９番１５号,2023-06-05,株式会社
株式会社ＹＳサポート,愛知県尾張旭市三郷町陶栄３０セレブビル１階,2023-06-05,株式会社
株式会社ＹＹ,東京都世田谷区上馬３丁目１８番１１－４０５号,2023-06-05,株式会社
株式会社ＺＲＤ,愛知県名古屋市中区錦３丁目１９番２６号,2023-06-05,株式会社
株式会社Ｚｅｒｏ　Ｏｎｅ　Ｓｔａｇｅ,宮崎県宮崎市柳丸町１４５番地３,2023-06-05,株式会社
株式会社ｅ　ｌｉｆｅアシスト,新潟県南魚沼市北田中１０９番地１,2023-06-05,株式会社
株式会社ｅｆｕ,神奈川県横浜市磯子区杉田４丁目１番２号,2023-06-05,株式会社
株式会社ｅｎ‐ｔｈｒｅｅ,愛媛県松山市竹原４丁目３番４１号,2023-06-05,株式会社
株式会社ｆｌｏｒｄｅｌｉｓ,東京都渋谷区渋谷２丁目１番１号,2023-06-05,株式会社
株式会社ｆｏｒｍｕｌａ,東京都港区虎ノ門３丁目１８番６号朝日虎ノ門マンション内,2023-06-05,株式会社
株式会社ｋｅｓｈｉｋｉ,福岡県福岡市中央区大名１丁目１番３３号大名ＭＩビル２Ｆ,2023-06-05,株式会社
株式会社ｎｉｃｏ・ｎｉｃｏ,滋賀県大津市におの浜３丁目２番７－２００３号,2023-06-05,株式会社
株式会社ｏｋ’ｃｒａｆｔ,福井県鯖江市落井町第３７号６番地１,2023-06-05,株式会社
株式会社ｐｈａｒｍａｋｅ,東京都千代田区有楽町１丁目１－２日比谷三井タワー１２階,2023-06-05,株式会社
株式会社ｒｔｎ,香川県高松市北浜町１３番２８号,2023-06-05,株式会社
株式会社ｓｅｒｅｎｄｉｐｉｔｙ,東京都渋谷区渋谷２丁目１番１号,2023-06-05,株式会社
株式会社ｓｍｉｌｅｙ,愛知県名古屋市西区稲生町３丁目３４番地,2023-06-05,株式会社
株式会社ｔａｎ,愛知県北名古屋市鹿田東海１５５番地３,2023-06-05,株式会社
株式会社ｔａｓ,東京都世田谷区上馬４丁目２番９－６１３号,2023-06-05,株式会社
株式会社ｖａｎｋａ,東京都品川区南品川４丁目４番１７号品川サウスタワー,2023-06-05,株式会社
梵一株式会社,大阪府大阪市西区九条３丁目１９番３０号,2023-06-05,株式会社
永茂株式会社,東京都中央区湊３丁目５番１号ユ・エースビル２階,2023-06-05,株式会社
洋鳥株式会社,埼玉県川口市大字伊刈１００７－１,2023-06-05,株式会社
深川工芸株式会社,東京都江東区猿江２丁目９番２号,2023-06-05,株式会社
特定非営利活動法人東京インドネシア協力隊,東京都港区港南４丁目７番１－２３０１号,2023-06-05,その他の設立登記法人
田中合同会社,新潟県新潟市西蒲区松郷屋３６２,2023-06-05,合同会社
盛加商事株式会社,岡山県瀬戸内市牛窓町鹿忍８４７番地９９,2023-06-05,株式会社
秦野中井インターチェンジ南土地区画整理組合,神奈川県足柄上郡中井町井ノ口２４４２番地１９,2023-06-05,その他
結婚相談所ジャパンマリッジ株式会社,東京都港区白金台３丁目１９番１号,2023-06-05,株式会社
花巻ホールディングス株式会社,東京都千代田区大手町１丁目１番１号,2023-06-05,株式会社
藤本建設株式会社,大分県大分市王子南町１０番１７－６０１号,2023-06-05,株式会社
謙信インターナショナル合同会社,東京都立川市曙町１丁目２２番２５号,2023-06-05,合同会社
豐鈺株式会社,東京都新宿区榎町３４－３榎町ビル７階－２０室,2023-06-05,株式会社
金粟株式会社,大阪府大阪市福島区福島５丁目１４番１４号２階,2023-06-05,株式会社
関西電力サイラスワン株式会社,大阪府大阪市北区中之島３丁目６番１６号,2023-06-05,株式会社
青南商事株式会社,新潟県岩船郡関川村大字南中４７１番地,2023-06-05,株式会社
麗和レジデンス株式会社,広島県広島市中区白島北町１１番３号,2023-06-05,株式会社
麻瑞株式会社,東京都千代田区九段南１丁目５番６号りそな九段ビル５階ＫＳフロア,2023-06-05,株式会社
Ａ‐ＣＯＮＮＥＣＴ税理士法人,東京都渋谷区本町３丁目１０－３清水橋矢部ビル４階,2023-06-05,その他の設立登記法人
ＡＩＡ東京０１合同会社,東京都中央区日本橋２丁目１番１８号,2023-06-05,合同会社
ＡＩＡ東京０２合同会社,東京都中央区日本橋２丁目１番１８号,2023-06-05,合同会社
ＡＩＡ東京０３合同会社,東京都中央区日本橋２丁目１番１８号,2023-06-05,合同会社
ＡＩＡ東京０４合同会社,東京都中央区日本橋２丁目１番１８号,2023-06-05,合同会社
ＡＩＡ東京０５合同会社,東京都中央区日本橋２丁目１番１８号,2023-06-05,合同会社
ＡＩＡ東京０６合同会社,東京都中央区日本橋２丁目１番１８号,2023-06-05,合同会社
ＡＩＡ東京０７合同会社,東京都中央区日本橋２丁目１番１８号,2023-06-05,合同会社
ＡＩＡ東京０８合同会社,東京都中央区日本橋２丁目１番１８号,2023-06-05,合同会社
ＡＩＡ東京０９合同会社,東京都中央区日本橋２丁目１番１８号,2023-06-05,合同会社
ＡＩＡ東京１０合同会社,東京都中央区日本橋２丁目１番１８号,2023-06-05,合同会社
ＡＩＲＳＨＩＰ株式会社,福岡県福岡市東区多の津１丁目４－２－２Ｆ,2023-06-05,株式会社
ＡＭＩ　ＴＲＡＤＩＮＧ合同会社,千葉県山武市松尾町借毛本郷２３００番地２,2023-06-05,合同会社
ＡＳＯＢＩ株式会社,大阪府大阪市浪速区湊町２丁目２－５なんばセントラルプラザリバーガーデン４１７号室,2023-06-05,株式会社
Ａｍｅｒｉｃａｎ　Ｅｐｓｉｌｏｎ　Ｉｎｃ．,,2023-06-05,外国会社等
ＢｉＢｉ合同会社,神奈川県藤沢市鵠沼石上２丁目５番１号３Ｆ－Ｃ,2023-06-05,合同会社
ＢｉＦｅＬ株式会社,東京都江東区豊洲２丁目５番１号アーバンドックパークシティ豊洲５０１３号,2023-06-05,株式会社
Ｂｏｏｓｔ東北合同会社,福島県郡山市安積町日出山２丁目１１番地１,2023-06-05,合同会社
ＣＦＢ株式会社,大阪府大阪市中央区南船場３丁目１－７,2023-06-05,株式会社
ＣＨＯＮＧＱＩＮＧ　ＤＩＮＫＩＮＧ　ＰＯＷＥＲ　ＭＡＣＨＩＮＥＲＹ　ＣＯ．，ＬＴＤ,,2023-06-05,外国会社等
ＣＲＯＷＤＥＤＧＥ　ＥＮＴＥＲＰＲＩＳＥＳ　ＪＡＰＡＮ合同会社,神奈川県相模原市南区相模台１丁目１４番２０号オリエントファミリア４０３,2023-06-05,合同会社
ＣＳファーマシー株式会社,東京都品川区南大井６丁目２５番１０号大森ハイツ１Ｆ,2023-06-05,株式会社
ＣｏＣｏＢｉｔ株式会社,神奈川県横浜市中区西竹之丸２６番地１,2023-06-05,株式会社
ＤＩＧＩＴＡＬ　ＨＯＲＩＺＯＮ　ＩＮＶＥＳＴＭＥＮＴＳ　ＪＡＰＡＮ株式会社,東京都江東区有明２丁目１－２シティタワーズ東京ベイセントラルタワー２３１３号,2023-06-05,株式会社
ＤＩＳＯＮ株式会社,東京都江東区木場５丁目１番５号メイプルハイム木場Ｂ－１２１,2023-06-05,株式会社
Ｅ．Ｋコーポレーション合同会社,北海道札幌市南区南三十六条西１０丁目２番１４号,2023-06-05,合同会社
Ｆｌｏａｔｍｅａｌ株式会社,北海道札幌市白石区東札幌五条１丁目１番１号札幌市産業振興センター,2023-06-05,株式会社
Ｆｒｅｅ　Ｌｉｆｅ株式会社,大阪府大阪市西成区天下茶屋１丁目４番４号Ａ２,2023-06-05,株式会社
ＧＰＭテクノロジー株式会社,大阪府大阪市平野区長吉長原東２丁目８番３６号１１１２号室,2023-06-05,株式会社
Ｇａｌ　Ｓｙｓｔｅｍｓ合同会社,東京都港区六本木５丁目１６－５０六本木デュープレックスエムズ３Ｆ,2023-06-05,合同会社
Ｇｏｌｄｅｎ　Ｆｉｅｌｄ株式会社,岩手県八幡平市大更第２５地割１１３番地八幡平市起業家支援センター,2023-06-05,株式会社
Ｇｕａｎｇｚｈｏｕ　ｆｅｉｂｉｐｉｊｕ　ｙｏｕｘｉａｎｇｏｎｇｓｉ,,2023-06-05,外国会社等
ＨＡＮＧＺＨＯＵ　ＧＵＡＮＧＤＡＯＬＩＡＮＧＴＩＡＮＭＡＯＹＩ　ＹＯＵＸＩＡＮＧＯＮＧＳＩ,,2023-06-05,外国会社等
ＨＳＡ株式会社,岡山県倉敷市北畝３丁目２番４１号,2023-06-05,株式会社
ＩＰＳ株式会社,宮崎県宮崎市別府町６番１７号ＫＩＷビル３階,2023-06-05,株式会社
ＩＴＥＥＫ株式会社,東京都中央区銀座１丁目２２番１１号銀座大竹ビジデンス２Ｆ,2023-06-05,株式会社
Ｉｎｎｏｖｉａ合同会社,東京都渋谷区富ヶ谷１丁目１０－５パークサイドコグレ４０１,2023-06-05,合同会社
Ｉｔｏ＆Ｃｏ．株式会社,東京都品川区上大崎３丁目３番４号,2023-06-05,株式会社
Ｊ２Ｓｏｕｒｃｉｎｇ合同会社,東京都港区六本木１丁目１０番３－９０１号,2023-06-05,合同会社
ＪＡＭ　Ｈｏｌｄｉｎｇｓ　Ｊａｐａｎ合同会社,北海道札幌市中央区大通西１８丁目１－１４－３階,2023-06-05,合同会社
ＪＳＦＰ　Ｅｌｅｖａｒ株式会社,東京都千代田区大手町２丁目２番２号,2023-06-05,株式会社
Ｊａｐａｎ　ＤＸ京都株式会社,京都府舞鶴市字喜多１１０５番１－５０１－Ｂ,2023-06-05,株式会社
ＫＭ１株式会社,東京都港区虎ノ門５丁目１１番１号オランダヒルズ森タワーＲｏＰ,2023-06-05,株式会社
ＫＭ２株式会社,東京都港区虎ノ門５丁目１１番１号オランダヒルズ森タワーＲｏＰ,2023-06-05,株式会社
Ｋｏｂｅ　Ｃｒｅａｔｉｏｎ株式会社,兵庫県神戸市中央区花隈町９－２５,2023-06-05,株式会社
Ｌ＆Ｚジャパン株式会社,東京都新宿区大久保２丁目３－６シティハウス西大久保ビル５０３,2023-06-05,株式会社
ＬＩＦＥ　ＣＲＥＡＴＥ株式会社,東京都港区元麻布３丁目１０番６号,2023-06-05,株式会社
ＬＩＮＥ　ＮＥＸＴ　Ｈｏｌｄｉｎｇｓ株式会社,東京都品川区西品川１丁目１番１号,2023-06-05,株式会社
Ｌｅｇｅｒｏ　Ｉｎｔｅｒｎａｔｉｏｎａｌ　Ｊａｐａｎ株式会社,東京都港区元麻布３丁目１番６号,2023-06-05,株式会社
Ｌｉｂｅｒｔｅ　Ｍｅ合同会社,東京都港区浜松町２丁目２‐１５‐２Ｆ,2023-06-05,合同会社
Ｍ・Ｋ・Ｋ株式会社,大分県大分市大字津守２１３番地,2023-06-05,株式会社
ＭＩＮＡＴＯ　ＡＬＬＩＡＮＣＥ合同会社,北海道稚内市栄１丁目２９番６号ハイツおしゃれ館２０１号,2023-06-05,合同会社
ＭＭインベストメンツ合同会社,東京都港区六本木１丁目６番１号泉ガーデンタワー,2023-06-05,合同会社
ＭＭインベストメンツ特定目的会社,東京都港区六本木１丁目６番１号泉ガーデンタワー,2023-06-05,その他の設立登記法人
ＭＭインベストメンツ１一般社団法人,東京都港区六本木１丁目６番１号泉ガーデンタワー,2023-06-05,その他の設立登記法人
ＭＭインベストメンツ２一般社団法人,東京都港区六本木１丁目６番１号泉ガーデンタワー,2023-06-05,その他の設立登記法人
ＭＭマネジメント合同会社,東京都港区六本木１丁目６番１号泉ガーデンタワー,2023-06-05,合同会社
ＭＯＲＩオプチカル株式会社,長野県岡谷市大栄町１丁目１番１１号,2023-06-05,株式会社
ＭＹ　ＢＵＳＩＮＥＳＳ株式会社,愛知県名古屋市中区錦２丁目１６番地４号,2023-06-05,株式会社
Ｍｉｙａｊｉｍａ　Ｂａｔｈｉｎｇ　Ｐｏｗｄｅｒ株式会社,広島県廿日市市宮島口１丁目３番１７号,2023-06-05,株式会社
Ｍｏｒｉ　Ｋｕｔｃｈａｎ　Ｄｅｖｅｌｏｐｍｅｎｔ株式会社,北海道虻田郡倶知安町北五条西１丁目１番地１２１,2023-06-05,株式会社
Ｍｙリビング株式会社,愛媛県松山市余戸西２丁目９番３１号,2023-06-05,株式会社
Ｎ　ＴＥＡ　ＴＲＡＤＩＮＧ株式会社,京都府相楽郡和束町大字中小字平田７５番地９,2023-06-05,株式会社
Ｎａｎｔｏｎｇ　Ｋｕｎｔｅｎｇ　ｓｐｏｒｔｉｎｇ　ｇｏｏｄｓ　Ｃｏ．，Ｌｔｄ,,2023-06-05,外国会社等
ＮｉＫｅＫｅＪｉ（ＳｈｅｎＺｈｅｎ）ＹｏｕＸｉａｎＧｏｎｇＳｉ,,2023-06-05,外国会社等
Ｎｉｎｇｂｏ　ｑｉｍａｏ　ｗａｎｇｌｕｏｋｅｊｉ　ｙｏｕｘｉａｎｇｏｎｇｓｉ,,2023-06-05,外国会社等
Ｎｏｒｔｈｅｒｎ　Ｓｔｕｄｉｏ合同会社,東京都港区白金１丁目９‐６ファミール白金２０２,2023-06-05,合同会社
ＰＨＬ合同会社,群馬県伊勢崎市下植木町５０７番地５,2023-06-05,合同会社
ＰＲＥＳＳ合同会社,神奈川県相模原市中央区矢部２丁目１５番１０号,2023-06-05,合同会社
Ｐａｒｔｉａｓ株式会社,兵庫県尼崎市東園田町４丁目２６番地の６ロジェマンション２０７,2023-06-05,株式会社
Ｐｌｕｓ．Ｃ株式会社,大阪府堺市北区百舌鳥梅町３丁１７番１７,2023-06-05,株式会社
Ｑｉｎｇｄａｏ　Ｍａｉｊｉｎ　Ｚｈｉｎｅｎｇ　Ｋｅｊｉ　Ｇｕｆｅｎ　Ｙｏｕｘｉａｎ　Ｇｏｎｇｓｉ,,2023-06-05,外国会社等
Ｒｅｌａｔｉｏｎｓ株式会社,愛知県名古屋市港区明正２丁目３０５番地,2023-06-05,株式会社
ＳＦＪ株式会社,北海道札幌市豊平区美園四条４丁目１－８ピノ・ノワール３０１号室,2023-06-05,株式会社
ＳＨＥＮＺＨＥＮ　ＣＩＳＣＬＥ　ＥＬＥＣＴＲＯＮＩＣ　ＣＯ．，ＬＴＤ．,,2023-06-05,外国会社等
ＳＨＥＮＺＨＥＮ　ＳＡ　ＬＵＮ　ＫＥ　ＪＩ　ＹＯＵ　ＸＩＡＮ　ＧＯＮＧ　ＳＩ,,2023-06-05,外国会社等
ＳＨＥＮＺＨＥＮ　ＹＩＤＡＸＩＮ　ＥＬＥＣＴＲＯＮＩＣ　ＣＯＭＭＥＲＣＥ　ＣＯ．，ＬＴＤ,,2023-06-05,外国会社等
ＳＨＩＮ株式会社,奈良県香芝市穴虫１０７－１,2023-06-05,株式会社
ＳＨＵＮ株式会社,東京都世田谷区中町３丁目３番７－２１０号,2023-06-05,株式会社
ＳＳＨ株式会社,京都府京都市中京区烏丸通夷川上る少将井町２４５番地１藤和シティスクエア４０１号室,2023-06-05,株式会社
ＳＹＫホールディング株式会社,東京都北区王子２丁目２２番５号,2023-06-05,株式会社
Ｓｈａｎｇｈａｉ　Ｂｉｆｕ　Ｅｄｕｃａｔｉｏｎ　Ｔｅｃｈｎｏｌｏｇｙ　Ｃｏ．，Ｌｔｄ,,2023-06-05,外国会社等
Ｓｈａｎｇｈａｉ　ｇｅｎｇｙｅ　ｗａｎｇｌｕｏｋｅｊｉ　ｙｏｕｘｉａｎｚｅｒｅｎｇｏｎｇｓｉ,,2023-06-05,外国会社等
Ｓｈｅｎｚｈｅｎ　Ｂａｏｌｉｃｈｕａｎｇ　Ｔｒａｄｉｎｇ　Ｃｏ．，Ｌｔｄ．,,2023-06-05,外国会社等
Ｓｈｅｎｚｈｅｎ　Ｅ－Ｌｏｖｅｒ　Ｔｅｃｈｎｏｌｏｇｙ　Ｃｏ．，Ｌｔｄ,,2023-06-05,外国会社等
Ｓｈｅｎｚｈｅｎ　Ｌｉｕｙｅｘｉｆｅｎｇ　Ｔｅｃｈｎｏｌｏｇｙ　Ｃｏ．，Ｌｔｄ．,,2023-06-05,外国会社等
Ｓｈｅｎｚｈｅｎ　Ｔａｙｌｏｒ　Ｂｏｎｗｅ　Ｅｌｅｃｔｒｏｎｉｃ　Ｃｏｍｍｅｒｃｅ　Ｃｏ．，Ｌｔｄ,,2023-06-05,外国会社等
Ｓｈｅｎｚｈｅｎ　Ｙｉｍｅｉ　Ｎｅｔｗｏｒｋ　Ｔｅｃｈｎｏｌｏｇｙ　Ｃｏ．，Ｌｔｄ．,,2023-06-05,外国会社等
Ｓｈｅｎｚｈｅｎ　ｈｏｎｇｒｏｎｇ　ｊｉｎｇｍｉ　Ｋｅｊｉ　Ｙｏｕｘｉａｎ　Ｇｏｎｇｓｉ,,2023-06-05,外国会社等
Ｓｈｉｊｉａｚｈｕａｎｇ　ｊｉａｎｈａｏ　ｍｅｄｉｃａｌ　ｅｑｕｉｐｍｅｎｔ　ｓａｌｅｓ　ｃｏ．Ｌｔｄ．,,2023-06-05,外国会社等
ＴＥＣＥＺＥ　Ｊａｐａｎ株式会社,東京都新宿区西新宿３丁目３番地２３号ファミール西新宿１５０７号,2023-06-05,株式会社
ＴＩＥＮ　ＭＡＩ合同会社,大阪府大阪市西成区北津守３丁目２番１３号,2023-06-05,合同会社
ＴＫ車体株式会社,神奈川県川崎市中原区下小田中３丁目２３番１２号,2023-06-05,株式会社
ＴＯＰ　ＳＴＡＧＥ株式会社,大阪府大阪市東淀川区柴島２丁目１３番１５号,2023-06-05,株式会社
ＴＯＹＯ建材株式会社,東京都世田谷区経堂２丁目２９番２２号,2023-06-05,株式会社
ＴＳプラン合同会社,群馬県渋川市赤城町溝呂木７４１番地,2023-06-05,合同会社
ＴＳＵＢＡＳＡ株式会社,兵庫県宝塚市山手台東５丁目２１番８号,2023-06-05,株式会社
ＵＵＢ株式会社,愛知県名古屋市港区知多２丁目１６０４番地,2023-06-05,株式会社
Ｗｏｏｄ　Ｃｒｅｅｋ株式会社,愛知県名古屋市中区伊勢山１丁目１番９号,2023-06-05,株式会社
ＸＩＡ　ＭＥＮ　ＣＥＮＭＡＯ　ＩＭＰＯＲＴ　＆　ＥＸＰＯＲＴ　ＣＯ　ＬＴＤ,,2023-06-05,外国会社等
Ｘｉａｍｅｎ　ｆｕｒｉｘｉｎｓｈｉｃａｉ　ｙｏｕｘｉａｎｇｏｎｇｓｉ,,2023-06-05,外国会社等
Ｙ‐Ｋ株式会社,大阪府大阪市中央区東心斎橋１丁目６番２７号朝日プラザ心斎橋東７階,2023-06-05,株式会社
Ｙａｎ　ＨＵ　ＱＵ　Ｆｅｉ　Ｙｕｅ　Ｇｏｕ　Ｋｅ　Ｊｉ　Ｙｏｕ　Ｘｉａｎ　Ｇｏｎｇ　Ｓｉ,,2023-06-05,外国会社等
ＺＥｔＯ株式会社,東京都渋谷区渋谷２丁目１番１号,2023-06-05,株式会社
ａｒｋｒｉｚｅ株式会社,東京都新宿区西新宿３丁目２番９号,2023-06-05,株式会社
ｄｏｎｇ　ｇｕａｎ　ｓｈｉ　ｈｅｎｇ　ｊｉａｎ　ｍａｏ　ｙｉ　ｙｏｕ　ｘｉａｎ　ｇｏｎｇ　ｓｉ,,2023-06-05,外国会社等
ｄｏｎｇｇｕａｎｓｈｉ　ｈｅｎｇｎｅｎｇｄｉａｎｚｉｋｅｊｉ　ｙｏｕｘｉａｎｇｏｎｇｓｉ,,2023-06-05,外国会社等
ｆｕｊｉａｎｓｈｅｎｇ　ｇｕａｎｂｏ　ｗａｎｇｌｕｏｋｅｊｉ　ｙｏｕｘｉａｎｇｏｎｇｓｉ,,2023-06-05,外国会社等
ｆｕｊｉａｎｓｈｅｎｇ　ｐｕｔｉａｎｓｈｉ　ｊｉａｎｊｉａｙｏｕｐｉｎｍａｏｙｉ　ｙｏｕｘｉａｎｚｅｒｅｎｇｏｎｇｓｉ,,2023-06-05,外国会社等
ｈａｎｇｚｈｏｕ　ｙｕｎｚｈｏｎｇｙｕ　ｗａｎｇｌｕｏｋｅｊｉ　ｙｏｕｘｉａｎｇｏｎｇｓｉ,,2023-06-05,外国会社等
ｈｅｎａｎ　ｓｅｎｘｉｎｘｉｎｘｉｋｅｊｉ　ｙｏｕｘｉａｎｇｏｎｇｓｉ,,2023-06-05,外国会社等
ｉｂａｓｅ合同会社,東京都目黒区大橋２丁目２４－１ハイネス池尻藤山ビル４０３,2023-06-05,合同会社
ｏｂａｑｅ合同会社,東京都中央区新川２丁目２９番８,2023-06-05,合同会社
ｓｈｅｎｚｈｅｎｓｈｉ　ｃｈｅｎｇｙａｎ　ｍａｏｙｉ　ｙｏｕｘｉａｎｇｏｎｇｓｉ,,2023-06-05,外国会社等
ｓｈｅｎｚｈｅｎｓｈｉ　ｄｕｏｌａｎｋｅｊｉ　ｙｏｕｘｉａｎｇｏｎｇｓｉ,,2023-06-05,外国会社等
ｓｈｅｎｚｈｅｎｓｈｉ　ｇｕａｎｇｘｉ　ｃｈｕａｎｇｘｉｎｋｅｊｉ　ｙｏｕｘｉａｎｇｏｎｇｓｉ,,2023-06-05,外国会社等
ｓｈｅｎｚｈｅｎｓｈｉ　ｈｏｎｇｋｕｎｄｉａｎｚｉｓｈａｎｇｗｕ　ｙｏｕｘｉａｎｇｏｎｇｓｉ,,2023-06-05,外国会社等
ｓｈｅｎｚｈｅｎｓｈｉ　ｗｅｎｌｉｄｉａｎｚｉｋｅｊｉ　ｙｏｕｘｉａｎｇｏｎｇｓｉ,,2023-06-05,外国会社等
ｓｈｅｎｚｈｅｎｓｈｉ　ｘｉｎｇｙｕｘｉｎ　ｋｅｊｉ　ｙｏｕｘｉａｎｇｏｎｇｓｉ,,2023-06-05,外国会社等
ｓｈｅｎｚｈｅｎｓｈｉ　ｚｉｒａｎｋｅｊｉ　ｙｏｕｘｉａｎｇｏｎｇｓｉ,,2023-06-05,外国会社等
ｔｒｉｃｙｃｌｅ株式会社,東京都北区王子本町２丁目１－１１,2023-06-05,株式会社
ｗｕｘｉ　ｃｈｅｎｓｈｉ　ｓｔａｉｎｌｅｓｓ　ｓｔｅｅｌ　ｃｏ．，ｌｔｄ,,2023-06-05,外国会社等
ｘｉａｍｅｎ　ｃｈｅｎｇｚｈｅｎｇｍａｏｙｉ　ｙｏｕｘｉａｎｇｏｎｇｓｉ,,2023-06-05,外国会社等
ｘｉｎｇｈｕｉ（ｎｉｎｇｂｏ）ｋｅｊｉｃｈｕａｎｇｘｉｎ　ｙｏｕｘｉａｎｇｏｎｇｓｉ,,2023-06-05,外国会社等
ｙｉｎｇｋｅｌｉｄａ　ｓｈｕｚｉｊｉｓｈｕ　ｓｈａｎｄｏｎｇ　ｙｏｕｘｉａｎｇｏｎｇｓｉ,,2023-06-05,外国会社等
あさかフーズ株式会社,東京都立川市高松町１丁目３１番２２－５２９号,2023-06-06,株式会社
えんの下の力持ち合同会社,東京都中央区銀座７丁目１３番６号サガミビル２階,2023-06-06,合同会社
つなぐコンサルタント合同会社,鹿児島県鹿児島市西谷山３丁目３番３０号,2023-06-06,合同会社
ふちわき畜産株式会社,鹿児島県薩摩郡さつま町求名１２００９番地,2023-06-06,株式会社
りくらぼ株式会社,東京都渋谷区代々木３丁目１番１１号パシフィックスクエア代々木４Ｆ,2023-06-06,株式会社
アイキューブ株式会社,三重県松阪市鎌田町字中保６５１－１８バレンタインＢ,2023-06-06,株式会社
アサヒ衛陶株式会社,大阪府大阪市中央区常盤町１丁目３番８号,2023-06-06,株式会社
アナミビル株式会社,長崎県長崎市大黒町７番１８号,2023-06-06,株式会社
アノープル株式会社,東京都足立区栗原３丁目２９番１０－７０３号,2023-06-06,株式会社
アビモ株式会社,愛知県豊川市諏訪４丁目３番地の１１,2023-06-06,株式会社
アワーコンパスコンサルティング株式会社,東京都千代田区大手町１丁目５番１号大手町ファーストスクエアイーストタワー４階,2023-06-06,株式会社
アンビ株式会社,東京都立川市曙町２丁目８番２８号,2023-06-06,株式会社
ア・ポワン株式会社,東京都目黒区上目黒２丁目４４番１０マヌアール中目黒７０２,2023-06-06,株式会社
アークアッタ合同会社,神奈川県厚木市妻田東３丁目１０番３６,2023-06-06,合同会社
アークソリューション株式会社,大分県大分市大字寒田１３１７番地の１,2023-06-06,株式会社
アーケストレージ株式会社,東京都品川区小山３丁目２７－５,2023-06-06,株式会社
アーサーマネジメント株式会社,東京都千代田区九段南１丁目５番６号りそな九段ビル５ＦＫＳフロア,2023-06-06,株式会社
アート弥生会合同会社,東京都目黒区鷹番３丁目９番１１号,2023-06-06,合同会社
イザナビ株式会社,東京都豊島区北大塚２丁目２３番３－７０３号,2023-06-06,株式会社
イシダホールディングス株式会社,千葉県市原市ちはら台東４丁目７番地７,2023-06-06,株式会社
イディオム合同会社,東京都町田市鶴間３丁目４番１グランベリーパークセントラルコート３Ｆ－Ｌ３０２,2023-06-06,合同会社
インフォブレイン株式会社,神奈川県横浜市西区みなとみらい３丁目７番１号オーシャンゲートみなとみらい,2023-06-06,株式会社
ウィステリアハウス東京株式会社,東京都千代田区一番町６番地相模屋本社ビル７Ｆ,2023-06-06,株式会社
ウィル合同会社,大阪府河内長野市栄町９番２５号,2023-06-06,合同会社
エジュール株式会社,岐阜県岐阜市問屋町２丁目１７ＯＫＡビル３階,2023-06-06,株式会社
エスティーソリューション合同会社,神奈川県相模原市南区上鶴間６丁目２７番５－３０２号コジマビル,2023-06-06,合同会社
エスマネジメント株式会社,兵庫県宝塚市中筋９丁目６番２号,2023-06-06,株式会社
エスリー株式会社,京都府京都市伏見区深草大亀谷八島町６番地４８,2023-06-06,株式会社
エムエスリンク合同会社,東京都葛飾区四つ木１丁目２３番６号３０１,2023-06-06,合同会社
エムケイ株式会社,大阪府吹田市日の出町２６－９中野マンション１０１,2023-06-06,株式会社
エムスタイルズ合同会社,東京都足立区扇１丁目２番２４号,2023-06-06,合同会社
エム・ケー秦野ＰＪ株式会社,東京都日野市大坂上１丁目３０番地２８ＭＫビル,2023-06-06,株式会社
エム・ケー蓮田ＰＪ株式会社,東京都日野市大坂上１丁目３０番地２８ＭＫビル,2023-06-06,株式会社
エルベエーテ社会保険労務士法人,東京都中央区新川２丁目２番１号いづみハイツ茅場町２０６,2023-06-06,その他の設立登記法人
エンゲージ株式会社,山形県鶴岡市寺田丙２１３番地,2023-06-06,株式会社
オリガミ合同会社,長野県北安曇郡白馬村大字神城二ツ屋２７７２１番４８２,2023-06-06,合同会社
オレオ株式会社,神奈川県横浜市神奈川区大口通１３０番地８ＫＯＹＯ大口ビル３０２,2023-06-06,株式会社
オーカスタム株式会社,千葉県四街道市大日字大作岡１２２３番地３,2023-06-06,株式会社
オープントップ株式会社,愛知県名古屋市守山区川西２丁目１４０９番地,2023-06-06,株式会社
カインド株式会社,群馬県太田市石橋町７８８番地１,2023-06-06,株式会社
カボチャイノベーションズジャパン株式会社,神奈川県横浜市鶴見区鶴見中央４丁目３１番９号スタシア横浜鶴見４０１号,2023-06-06,株式会社
キーストーン株式会社,熊本県熊本市中央区新屋敷１丁目２１番７号,2023-06-06,株式会社
クロスコアテクノロジー株式会社,岡山県倉敷市福田町古新田９２３‐７,2023-06-06,株式会社
コスモ桂管理組合法人,京都府京都市西京区樫原芋峠３３番の１,2023-06-06,その他の設立登記法人
コー・ストーリーズ合同会社,東京都港区南青山７丁目１３‐２８キャプリース２００,2023-06-06,合同会社
ゴトー建築株式会社,岐阜県美濃市極楽寺８５８番地２,2023-06-06,株式会社
サステナブルローンファンド１８号合同会社,東京都中央区八丁堀４丁目２番１０号ＡＯＪ税理士法人内,2023-06-06,合同会社
サリオス合同会社,東京都葛飾区奥戸８丁目１１番７－５０１号レクセルガーデン小岩,2023-06-06,合同会社
サンタクロース株式会社,東京都調布市西つつじケ丘３丁目３番地４ファインスクエアナカダ１０１,2023-06-06,株式会社
ザ・レイク・ジャパン株式会社,東京都千代田区神田司町２丁目９番２号,2023-06-06,株式会社
システムスタルヒン合同会社,山口県山陽小野田市大字山川１４０１番地３２,2023-06-06,合同会社
シフトプラスホールディングス株式会社,大阪府大阪市西区江戸堀２丁目１番１号江戸堀センタービル８Ｆ,2023-06-06,株式会社
シートリオ株式会社,千葉県船橋市行田１丁目１３番１２号,2023-06-06,株式会社
スカイラ株式会社,東京都中野区上鷺宮２丁目２１番８号－８,2023-06-06,株式会社
スケッチ株式会社,富山県高岡市佐野１３４７番地１,2023-06-06,株式会社
スターフィル株式会社,静岡県田方郡函南町平井１５９４番地の１０,2023-06-06,株式会社
ストリーム投資合同会社,東京都小平市小川町２丁目１２０９番地の５,2023-06-06,合同会社
スマートエコタウン星田戸建団地管理組合法人,大阪府交野市星田北７丁目３５番９号,2023-06-06,その他の設立登記法人
セムアドバンス株式会社,福岡県福岡市東区多の津１丁目１０番７号,2023-06-06,株式会社
タマヤ広告株式会社,福岡県久留米市長門石３丁目１番２４号,2023-06-06,株式会社
タレントフォース株式会社,東京都中央区銀座７丁目１３番５号ＮＲＥＧ銀座ビル,2023-06-06,株式会社
ドリームピアノ合同会社,千葉県浦安市東野３丁目５－３－３０５,2023-06-06,合同会社
ナツイデザイン合同会社,千葉県市原市椎津１１００番地２,2023-06-06,合同会社
ニセコワークス合同会社,北海道函館市五稜郭町１１番７号,2023-06-06,合同会社
ネオスパイラル株式会社,東京都港区六本木５丁目２番３号９階,2023-06-06,株式会社
ネットワークコアテック合同会社,茨城県土浦市宍塚３４４番地９,2023-06-06,合同会社
バリスタ経営研究会合同会社,東京都台東区上野３丁目６番３号,2023-06-06,合同会社
バンプー太陽１合同会社,東京都千代田区霞が関３丁目２番５号霞が関ビルディング３３階,2023-06-06,合同会社
パソなめ合同会社,大阪府大阪市中央区南本町２丁目４－１６本町デビスビル７階ヤドリギ内,2023-06-06,合同会社
ビーアスピレーション合同会社,東京都品川区西大井３丁目１５－５,2023-06-06,合同会社
フォーミラ株式会社,京都府京都市山科区御陵封ジ山町７－４６・１Ｆ,2023-06-06,株式会社
プレイス合同会社,東京都世田谷区砧８丁目２６－１０,2023-06-06,合同会社
ペットベイシックス株式会社,岡山県岡山市北区大供本町７１３番地１,2023-06-06,株式会社
ホリコウサン株式会社,三重県四日市市滝川町１３番２４号,2023-06-06,株式会社
マイクロアイ九州株式会社,熊本県熊本市南区並建町１５２－２－１０１,2023-06-06,株式会社
マヤイ株式会社,東京都品川区北品川５丁目５番１５号,2023-06-06,株式会社
ミノテック株式会社,愛知県名古屋市守山区四軒家１丁目５１０番地,2023-06-06,株式会社
ミライコネクト株式会社,三重県度会郡玉城町佐田１６２６番地１,2023-06-06,株式会社
ミライズ製薬株式会社,東京都中央区築地６丁目２２番４号東都水ビル８Ｆ,2023-06-06,株式会社
ミルコーポレーション合同会社,東京都江戸川区小松川３丁目１３番２－５０８号,2023-06-06,合同会社
メルシーママンクリエイティブ株式会社,東京都千代田区六番町６番地４ＬＨ番町スクエア５階,2023-06-06,株式会社
モアビズ合同会社,東京都練馬区石神井町６丁目２８番１９号,2023-06-06,合同会社
モノクライフ株式会社,愛媛県松山市枝松２丁目３番５０‐３号,2023-06-06,株式会社
ユキ商事株式会社,大阪府八尾市桜ヶ丘１番地１,2023-06-06,株式会社
ユニヴェール合同会社,茨城県つくば市梅園２丁目１番地１５,2023-06-06,合同会社
ライフスマイル株式会社,滋賀県蒲生郡竜王町大字岩井４６９番地２,2023-06-06,株式会社
ライム株式会社,福岡県福岡市中央区天神３丁目９番６－３０３号,2023-06-06,株式会社
ラフレース株式会社,東京都豊島区池袋１丁目１６番３３号８Ｆ,2023-06-06,株式会社
リトルベア合同会社,愛知県豊橋市西小鷹野４丁目１１番地３,2023-06-06,合同会社
リードテック株式会社,東京都中央区京橋２丁目１６番１号,2023-06-06,株式会社
レインボイス株式会社,東京都新宿区百人町２丁目２０番１号第２岡田屋ビル１Ｂ室,2023-06-06,株式会社
一善株式会社,東京都豊島区池袋２丁目５９番２－７０２号,2023-06-06,株式会社
一般社団法人おあしす,長崎県島原市杉山町甲４３６番地１,2023-06-06,その他の設立登記法人
一般社団法人ひめライフシニアサポート協会,愛媛県松山市平和通６丁目２番地３,2023-06-06,その他の設立登記法人
一般社団法人オセッカイダー,東京都品川区西五反田５丁目３２番１８号,2023-06-06,その他の設立登記法人
一般社団法人サステナブルコミュニティ,東京都中央区日本橋３丁目２番１４号新槇町ビル別館第一２階東京アントレサロン,2023-06-06,その他の設立登記法人
一般社団法人ジャパン・バレエ,神奈川県横浜市鶴見区佃野町１６－１アート鶴見１Ｆ,2023-06-06,その他の設立登記法人
一般社団法人ヒトナリ,山梨県富士吉田市富士見１丁目１番５号,2023-06-06,その他の設立登記法人
一般社団法人ママプレイスプラス,兵庫県芦屋市翠ケ丘町１６番１６－７０３号,2023-06-06,その他の設立登記法人
一般社団法人八面山ラボラトリー,大分県中津市三光田口３５７２番地１０,2023-06-06,その他の設立登記法人
一般社団法人北海道連合読売会,北海道札幌市中央区北四条西４丁目１番地８読売北海道ビル５階,2023-06-06,その他の設立登記法人
一般社団法人千葉県中小企業家同友会,千葉県千葉市中央区富士見２丁目２２番２号,2023-06-06,その他の設立登記法人
一般社団法人協同かながわ,神奈川県川崎市川崎区藤崎４丁目２１番１号,2023-06-06,その他の設立登記法人
一般社団法人姫路市こども保育教育連盟,兵庫県姫路市六角２７８番地２,2023-06-06,その他の設立登記法人
一般社団法人志磨記念会,神奈川県相模原市中央区小山４丁目１番６号,2023-06-06,その他の設立登記法人
一般社団法人性健康知識未来科学技術協会,東京都新宿区新宿１丁目３６－２新宿第七葉山ビル３Ｆ,2023-06-06,その他の設立登記法人
一般社団法人愛ことば,兵庫県明石市西明石南町２丁目１４番５号,2023-06-06,その他の設立登記法人
一般社団法人日本ヘルニア学会,東京都文京区大塚５丁目３番１３号,2023-06-06,その他の設立登記法人
一般社団法人樹の会,神奈川県横浜市中区本牧原１２－１,2023-06-06,その他の設立登記法人
一般社団法人法政大学理系コンソーシアム,東京都小金井市梶野町３丁目７番２号,2023-06-06,その他の設立登記法人
一般社団法人清凛会,長野県松本市寿北６丁目２３番３－１号,2023-06-06,その他の設立登記法人
一般社団法人神栖市観光協会,茨城県神栖市土合本町５丁目９８０９番地５２７号,2023-06-06,その他の設立登記法人
一般社団法人ＡＣＣＥＳＳｔｏＪＵＳＴＩＣＥ,東京都国分寺市南町１丁目１１番５号,2023-06-06,その他の設立登記法人
一般社団法人ＡＦＲＡ　ＮＡＮＡＪＯ,東京都千代田区丸の内３丁目１番１号東京共同会計事務所内,2023-06-06,その他の設立登記法人
一般社団法人ＢＥＣＡＭＥ,群馬県富岡市宮崎５８３番地２,2023-06-06,その他の設立登記法人
一般社団法人ＱＳ‐Ｊ,神奈川県横浜市中区常盤町２丁目２０番地ヴェラハイツ関内６０２,2023-06-06,その他の設立登記法人
一般社団法人ＳＥＲＰＥＮＴＳ　Ｍａｎａｇｅｍｅｎｔ,東京都国分寺市北町４丁目１２番地９,2023-06-06,その他の設立登記法人
一般社団法人ａｒｉ,宮城県仙台市青葉区国分町１丁目４－９,2023-06-06,その他の設立登記法人
不動産相続あんしんサポート株式会社,鹿児島県鹿児島市西田２丁目１０番１号,2023-06-06,株式会社
丸和電気株式会社,沖縄県宮古島市平良字下里１３７２番地１８,2023-06-06,株式会社
久光ウエルネス株式会社,東京都千代田区丸の内２丁目４番１号,2023-06-06,株式会社
久和工業株式会社,静岡県富士市五貫島１３４３番地の８,2023-06-06,株式会社
久正株式会社,東京都港区浜松町２丁目２番１５号２Ｆ,2023-06-06,株式会社
京滋青帽合同会社,滋賀県大津市茶戸町３番４号,2023-06-06,合同会社
仙台制御システム合同会社,宮城県仙台市青葉区折立２丁目７番２０号サンロード広瀬川５０３号室,2023-06-06,合同会社
令水エンジニアリング株式会社,熊本県熊本市東区尾ノ上２丁目２６番１号,2023-06-06,株式会社
保田花香園株式会社,茨城県小美玉市部室１７４番地,2023-06-06,株式会社
円応教旭教会,大阪府東大阪市花園東町１丁目１９番２号,2023-06-06,その他の設立登記法人
冒険デジタルクリエイト合同会社,東京都練馬区東大泉３丁目２９番２１号,2023-06-06,合同会社
力能株式会社,大阪府大阪市城東区蒲生３丁目１５番１２号セザンヌ藤３０５Ｂ,2023-06-06,株式会社
加藤商事株式会社,神奈川県座間市ひばりが丘５丁目２９番１３号,2023-06-06,株式会社
勇希建設工業株式会社,秋田県大館市比内町片貝字伊勢堂東２１番地７６,2023-06-06,株式会社
北日本創建合同会社,秋田県横手市大雄字一ノ関５２番地１,2023-06-06,合同会社
北海道クリーンエネルギー蓄電合同会社,東京都品川区東品川２丁目２番４号天王洲ファーストタワー５階,2023-06-06,合同会社
医療法人社団月山会,山形県寒河江市七日町５番１号,2023-06-06,その他の設立登記法人
即今株式会社,東京都港区南青山３丁目１番３６号青山丸竹ビル６Ｆ,2023-06-06,株式会社
古桝屋株式会社,新潟県長岡市神田町３丁目１番地１,2023-06-06,株式会社
合同会社あおい,熊本県熊本市南区合志２丁目４－２３,2023-06-06,合同会社
合同会社あかつき,神奈川県横浜市港北区大曽根２丁目４１番１５号あかつき,2023-06-06,合同会社
合同会社うしまる,宮崎県都城市立野町４号５番地５,2023-06-06,合同会社
合同会社えとう,福岡県福津市津屋崎４丁目４番１号,2023-06-06,合同会社
合同会社おかだ企画,三重県亀山市和賀町１４番２０号,2023-06-06,合同会社
合同会社さくらっこ,大阪府八尾市安中町８丁目８番１２号,2023-06-06,合同会社
合同会社たつのこ,大阪府枚方市茄子作３丁目２３番６号,2023-06-06,合同会社
合同会社ひろ乃,大阪府大阪市西成区南津守４丁目１番６１号,2023-06-06,合同会社
合同会社まなし,沖縄県島尻郡南風原町字兼城１４７番地－１０１,2023-06-06,合同会社
合同会社まる悠,奈良県御所市大字櫛羅２３９番地の６,2023-06-06,合同会社
合同会社めぐみ,大阪府泉南市樽井６丁目１９－７,2023-06-06,合同会社
合同会社やまごう,沖縄県那覇市首里当蔵町２丁目１４番地,2023-06-06,合同会社
合同会社わかば,茨城県筑西市小川１１９１番地,2023-06-06,合同会社
合同会社アサッテ,茨城県土浦市永国７５０番地１１,2023-06-06,合同会社
合同会社アップストーリー,東京都大田区山王４丁目１０－９,2023-06-06,合同会社
合同会社アル’ｓ　Ｓｈｏｐ,鹿児島県日置市日吉町日置４１１番地,2023-06-06,合同会社
合同会社アントス,京都府京田辺市田辺中央１丁目７番地１１,2023-06-06,合同会社
合同会社アートグリーンサービス,栃木県宇都宮市南町４番１７号,2023-06-06,合同会社
合同会社エスティエス,東京都千代田区神田東松下町３７番２号,2023-06-06,合同会社
合同会社エムスタイル,愛知県名古屋市南区要町２丁目２１番地,2023-06-06,合同会社
合同会社オオルリ会,大阪府箕面市粟生間谷東５丁目２９番１１号,2023-06-06,合同会社
合同会社オレンジフィールド,愛知県豊橋市佐藤４丁目１２番地１,2023-06-06,合同会社
合同会社オーナーサポート,東京都府中市府中町３丁目２番地の３マイキャッスル府中中央１０２,2023-06-06,合同会社
合同会社オーバーホール,東京都新宿区北新宿４丁目１２番２２号プレイス北新宿２号室,2023-06-06,合同会社
合同会社カラン,静岡県浜松市中区萩丘５丁目８番１６号,2023-06-06,合同会社
合同会社コンテグロ,宮崎県西諸県郡高原町大字西麓６５２番地２,2023-06-06,合同会社
合同会社ゴーゴージャパン,東京都港区六本木２丁目２－２－４０４,2023-06-06,合同会社
合同会社サポートベッセル,北海道伊達市梅本町３０番地２,2023-06-06,合同会社
合同会社システムＫＥＮ,神奈川県横須賀市林５丁目９番１３号,2023-06-06,合同会社
合同会社ジュナティカジャパン,岡山県岡山市北区三門中町３番８号,2023-06-06,合同会社
合同会社スカイアース,青森県三戸郡階上町大字道仏字耳ケ吠３番地４００,2023-06-06,合同会社
合同会社スマイルバーグ,東京都江戸川区中央１丁目１５番２号,2023-06-06,合同会社
合同会社セリゴウ・クローバー,大分県大分市志村２丁目１番３３号,2023-06-06,合同会社
合同会社ソーラーエナジー大地,新潟県村上市金屋１９１８番地２,2023-06-06,合同会社
合同会社ダイナーベース,東京都品川区西品川３丁目７番３号２０１,2023-06-06,合同会社
合同会社テーミアス,東京都台東区根岸３丁目２２番１５－２０６号,2023-06-06,合同会社
合同会社トビキリスペース,静岡県富士宮市山本１４８番地の７,2023-06-06,合同会社
合同会社トレック・ジュピター,東京都港区赤坂７丁目６番１５号,2023-06-06,合同会社
合同会社ナイスビュー小杉,滋賀県米原市下多良３丁目５２番地エネッツ米原１０１号,2023-06-06,合同会社
合同会社ナウ・アクション,沖縄県浦添市前田２丁目９番５号,2023-06-06,合同会社
合同会社ナトゥラエステティック,群馬県伊勢崎市境保泉１丁目１５番地７,2023-06-06,合同会社
合同会社ニュートンスチュワート,神奈川県川崎市川崎区小田２丁目９番７号－１０３,2023-06-06,合同会社
合同会社ネクリス,東京都立川市西砂町３丁目２５番地の５ベルベルデⅠ－１０３,2023-06-06,合同会社
合同会社ハートセラピーラボ,愛知県名古屋市中村区名駅４丁目２４番５号第２森ビル４０１,2023-06-06,合同会社
合同会社ハートロック,東京都中野区中央４丁目１９番１８号,2023-06-06,合同会社
合同会社ヒロ組,沖縄県うるま市与那城９９番地１,2023-06-06,合同会社
合同会社ファント,東京都足立区青井６丁目２２番８号,2023-06-06,合同会社
合同会社フクバル,東京都府中市新町３丁目１０番地の１２,2023-06-06,合同会社
合同会社フジメンテック,神奈川県横浜市戸塚区上矢部町２４４７番地７,2023-06-06,合同会社
合同会社プレゼンターラボ,沖縄県那覇市久茂地２丁目２番２号タイムスビル２階,2023-06-06,合同会社
合同会社ペチカ,岩手県滝沢市鵜飼大緩３９番地２６,2023-06-06,合同会社
合同会社ミテソロ,大阪府岸和田市西之内町３－２２,2023-06-06,合同会社
合同会社ユートリエ,大阪府大阪市北区堂島２丁目１番３３号７０２,2023-06-06,合同会社
合同会社リトルビットＩＴジョブ,東京都八王子市美山町１７８４‐１３,2023-06-06,合同会社
合同会社リージョン・ラボ,北海道江別市あさひが丘１７番地の４,2023-06-06,合同会社
合同会社ロード,山形県山形市五日町１１番５－２０７号,2023-06-06,合同会社
合同会社ワイエムコネクト,東京都品川区西五反田２丁目１５－１０グリンデル五反田６０１,2023-06-06,合同会社
合同会社下芝,静岡県賀茂郡河津町川津筏場８５８,2023-06-06,合同会社
合同会社九九,東京都渋谷区道玄坂１丁目１０番８号渋谷道玄坂東急ビル２Ｆ－Ｃ,2023-06-06,合同会社
合同会社今日一日,宮城県仙台市青葉区二日町１７番２１号北四ビル,2023-06-06,合同会社
合同会社体岡農園,鹿児島県大島郡喜界町大字伊砂３５１番地,2023-06-06,合同会社
合同会社光工業,沖縄県宮古島市平良字西里１７２３番地１７,2023-06-06,合同会社
合同会社和詩,滋賀県大津市緑町２２番１号,2023-06-06,合同会社
合同会社堀切アセット,東京都港区白金６丁目１３‐１９,2023-06-06,合同会社
合同会社山田弘樹撮影事務所,東京都世田谷区三軒茶屋１丁目５番２０－３０３号,2023-06-06,合同会社
合同会社山荷葉,愛知県岡崎市洞町字長沼２６－１３,2023-06-06,合同会社
合同会社山菜になる,山形県新庄市金沢１６０７－３　３－２０３,2023-06-06,合同会社
合同会社新以,大阪府大阪市北区梅田１丁目２－２大阪駅前第２ビル１２－１２,2023-06-06,合同会社
合同会社明幸美装,大阪府大阪市西成区南津守４丁目１番５号１３号室,2023-06-06,合同会社
合同会社朝日塾,熊本県熊本市東区尾ノ上３丁目６番２号１Ｆ,2023-06-06,合同会社
合同会社木花,大阪府箕面市箕面５丁目１１番４号,2023-06-06,合同会社
合同会社桜蔭,大阪府茨木市南春日丘５丁目７番５３号,2023-06-06,合同会社
合同会社沖心,沖縄県那覇市辻２丁目２０番２６号,2023-06-06,合同会社
合同会社澤井総合,東京都板橋区西台２丁目２５番１１号,2023-06-06,合同会社
合同会社祥叶,長崎県長崎市蚊焼町６１９番地３,2023-06-06,合同会社
合同会社稲田農産,大分県日田市天瀬町五馬市２１９５番地２,2023-06-06,合同会社
合同会社総合企画,東京都立川市一番町６丁目８番地の１立川一番町東５５棟１０１号,2023-06-06,合同会社
合同会社脱力,静岡県富士市中島１９５番地の９,2023-06-06,合同会社
合同会社自己ジツゲン,兵庫県神戸市中央区磯辺通１丁目１番１８号,2023-06-06,合同会社
合同会社舞Ｃｏｒｅ,兵庫県神戸市須磨区戎町３丁目１番８号,2023-06-06,合同会社
合同会社虎ノ門,東京都港区麻布台３丁目１番６号,2023-06-06,合同会社
合同会社虹彩,富山県富山市鶴ヶ丘町１５９番地１２テアトル１０１号,2023-06-06,合同会社
合同会社齋藤総業,新潟県新潟市北区葛塚３０９９番地１キャッスルすみれＡ２０３号,2023-06-06,合同会社
合同会社０３,東京都文京区向丘２丁目２６番１１号,2023-06-06,合同会社
合同会社１ページ,長崎県長崎市南町１２番４号,2023-06-06,合同会社
合同会社１ｓｔ,東京都立川市柴崎町３丁目９番７号多摩川実業ビル１階,2023-06-06,合同会社
合同会社８７ｗｏｒｋｐｌａｃｅ,福岡県北九州市若松区白山１丁目６番４５号,2023-06-06,合同会社
合同会社Ａｑｉｉ’ｓ００１,東京都荒川区東日暮里３丁目２４番４号コート・フェニックス２０１,2023-06-06,合同会社
合同会社Ａｒｃ,神奈川県相模原市南区上鶴間本町１丁目１７―３１,2023-06-06,合同会社
合同会社ＡｒｅＹｏｕＭｅ,宮城県仙台市青葉区本町２丁目９番２号本町エンドウビル３０３号,2023-06-06,合同会社
合同会社Ａｒｔｅｋｊｐ,東京都渋谷区道玄坂１丁目１０番８号渋谷道玄坂東急ビル２Ｆ－Ｃ,2023-06-06,合同会社
合同会社ＢＯＸ,大阪府大阪市住之江区新北島８丁目２番５５号,2023-06-06,合同会社
合同会社ＣＡＢ,大阪府高槻市上土室１丁目２番２２号,2023-06-06,合同会社
合同会社Ｃａｌｍ,愛媛県松山市千舟町６丁目２‐１６イイオビル１階,2023-06-06,合同会社
合同会社Ｃａｓｃａｄｅ三重,三重県津市一志町みのりヶ丘１１５番地１５１,2023-06-06,合同会社
合同会社Ｃｉｔｙ　Ｊａｖａ,東京都新宿区歌舞伎町２丁目２番２１－７０２号,2023-06-06,合同会社
合同会社Ｃｏｍｒａｄｅ,千葉県市原市松ケ島１１３番地２１,2023-06-06,合同会社
合同会社Ｄ‐ＬＩＦＥ,静岡県浜松市浜北区高畑７５９－１,2023-06-06,合同会社
合同会社ＤＡＮＡ,神奈川県横浜市鶴見区鶴見中央４丁目２４番１４－４Ｆ,2023-06-06,合同会社
合同会社Ｄｅｍｕｒａ　Ｐｌａｎｎｉｎｇ５４,東京都新宿区西早稲田３丁目３０番１８－１００５号,2023-06-06,合同会社
合同会社ＧＬｉＰｐｕＳ,大阪府大阪市北区梅田１丁目３番１号大阪駅前第１ビル８階５号,2023-06-06,合同会社
合同会社ＧＮＰＯＲＴ,福井県福井市新田塚２丁目１４２番２０号,2023-06-06,合同会社
合同会社Ｇｒｅｅｎ　Ｅｓｔａｔｅ,東京都千代田区神田錦町１丁目２１番地２大手町モダンビルディング,2023-06-06,合同会社
合同会社ＨＩＫＡＲＩ,鹿児島県西之表市西之表７４７１,2023-06-06,合同会社
合同会社ＨｉＪｏＪｏ．ｃｏｍ１０,東京都千代田区霞が関３丁目２番５号,2023-06-06,合同会社
合同会社ＨｏｕｓｅＦｉｘ,高知県高知市寿町７番１０号,2023-06-06,合同会社
合同会社Ｈｕｉ,福岡県大川市大字新田１０４２番地３,2023-06-06,合同会社
合同会社Ｊ　ｂｒｉｄｇｅ,東京都千代田区九段南１丁目５番６号りそな九段ビル５ＦＫＳフロア,2023-06-06,合同会社
合同会社ＪＭＣ,宮城県大崎市古川稲葉字土手内８２番地１０２号室,2023-06-06,合同会社
合同会社ＪＰＬ,東京都目黒区緑が丘２丁目１２番１２号,2023-06-06,合同会社
合同会社Ｋ‐Ｓｔｙｌｅ,神奈川県川崎市高津区二子２丁目８番３８号プラシデス二子新地３０１,2023-06-06,合同会社
合同会社Ｋ＆Ｓ,茨城県つくば市大曽根９７２－２ロイヤルヴィラ筑波１０６,2023-06-06,合同会社
合同会社Ｋ．Ｏ．Ｌ　ｃｏｒｐｏｒａｔｉｏｎ,大阪府八尾市南本町６丁目６番３１号,2023-06-06,合同会社
合同会社Ｋ．ｃｏｎｖｅｙ,北海道札幌市白石区東札幌五条６丁目１番７号,2023-06-06,合同会社
合同会社ＫＥＲＫ,神奈川県相模原市南区相模大野３丁目３番２－８０８号,2023-06-06,合同会社
合同会社ＫＵＫＩＭＢＩＡ３３,岡山県倉敷市美和２丁目８番７号,2023-06-06,合同会社
合同会社Ｋｉｎｋｉｅ　Ａｓｓｏｃｉａｔｅｓ,東京都港区南青山３丁目１番３６号青山丸竹ビル６Ｆ,2023-06-06,合同会社
合同会社ＫｓＳ,神奈川県伊勢原市上粕屋１２４２番地の８,2023-06-06,合同会社
合同会社ＬＩＢ,千葉県習志野市谷津３丁目１６番２号,2023-06-06,合同会社
合同会社ＬＯＷＫＥＹ,佐賀県佐賀市白山町二丁目２－２４－１,2023-06-06,合同会社
合同会社Ｌｕｍａ,広島県安芸郡府中町本町２丁目１６－３３－４０１,2023-06-06,合同会社
合同会社ＭＡＲＳＡ,大阪府高槻市城南町１丁目１番１３号,2023-06-06,合同会社
合同会社ＭＩＮＯ,福岡県北九州市小倉南区上葛原１丁目９番９‐４１１号,2023-06-06,合同会社
合同会社ＭＩＲＡＩＡＳＯＢＩＣＬＵＢ,兵庫県神戸市灘区高羽町５丁目５－１１－２０７,2023-06-06,合同会社
合同会社ＭＴ　ＯＮＥ,富山県高岡市中田１５０６番地,2023-06-06,合同会社
合同会社ＭＵＮＡ,東京都練馬区石神井町３丁目２７番６号辻川ビル１Ｆ,2023-06-06,合同会社
合同会社Ｍｅｄｅｘ,福岡県福岡市博多区下呉服町３番２３－４１０号,2023-06-06,合同会社
合同会社ＯＧＡＷＡ商店,新潟県胎内市西本町２番７２号,2023-06-06,合同会社
合同会社Ｏｎｅ　Ｋ,岡山県津山市田町６３番地スリーゼ田町１－２０２号室,2023-06-06,合同会社
合同会社ＰＡＲＡＤＯＸ,三重県四日市市諏訪栄町４―１０アピカビル３Ｆ,2023-06-06,合同会社
合同会社ＲＡＩＳＥ,東京都江戸川区東葛西７丁目２９－１２都ビル１０３号室,2023-06-06,合同会社
合同会社ＲＥＭ,愛知県尾張旭市北本地ケ原町２丁目１２８番地,2023-06-06,合同会社
合同会社ＲＥＶＩＶＡＬ,北海道札幌市豊平区月寒西一条７丁目４番７号,2023-06-06,合同会社
合同会社ＲＳＣ,鹿児島県伊佐市菱刈川南４番地３,2023-06-06,合同会社
合同会社ＲｅＵｎｉｏｎ,東京都江東区森下１丁目１８番地６号ソレイユ森下３０１,2023-06-06,合同会社
合同会社Ｒｉｐｐｌｅｗａｒｅ,福岡県福岡市中央区天神２丁目２番１２号Ｔ＆Ｊビルディング７Ｆ,2023-06-06,合同会社
合同会社ＳＨＡＲＥＢＥ,大阪府大阪市中央区淡路町２丁目２番６‐２０５号,2023-06-06,合同会社
合同会社ＳＰＥＣ,岡山県岡山市北区十日市中町１番３６号,2023-06-06,合同会社
合同会社Ｓａｎａｔ,愛知県名古屋市千種区仲田２丁目５番１７号,2023-06-06,合同会社
合同会社Ｓｏｌｏ　Ｓｔｕｄｉｏ,和歌山県和歌山市砂山南１丁目４番１９号,2023-06-06,合同会社
合同会社Ｔ．Ｈ．Ｔ．,和歌山県有田市糸我町西５４１番地１３,2023-06-06,合同会社
合同会社ＴＫソリューションズ,神奈川県川崎市多摩区生田８丁目１６番４号,2023-06-06,合同会社
合同会社ＴＭＤ,東京都練馬区西大泉５丁目２９番２８－２３０５号,2023-06-06,合同会社
合同会社ＴＲ　Ｃｏｏｒｄｉｎａｔｏｒ,大阪府八尾市跡部本町３丁目１番３５号,2023-06-06,合同会社
合同会社Ｔｈｒｅｅ　Ｐｌｕｓ　Ｓｉｘ　ＬＬＣ,埼玉県川越市石原町１丁目７番地１号,2023-06-06,合同会社
合同会社ＶＡＩＮ　ｐｒｏ．,大阪府大阪市都島区都島中通３丁目５番４３‐１５０３号,2023-06-06,合同会社
合同会社ＷＡＫＫ,兵庫県神戸市北区若葉台１丁目８番６号,2023-06-06,合同会社
合同会社Ｗａｉ２Ｌａｂ,福岡県福岡市博多区博多駅前１丁目２３番２号５Ｆ‐Ｂ,2023-06-06,合同会社
合同会社Ｗｅａｌｔｈ　Ｗｉｚａｒｄｓ　Ｃａｐｉｔａｌ,東京都千代田区神田神保町２丁目１４－１１朝日神保町プラザ９０９,2023-06-06,合同会社
合同会社Ｗｅｌｌ‐ｂｅｉｎｇＳｃｉｅｎｃｅ,東京都町田市中町１丁目２－５ＳｈｅｌｌＭｉｙａｋｏＶ３Ｆ,2023-06-06,合同会社
合同会社Ｗｈｉｚ,大阪府大阪市北区梅田１丁目２番２号大阪駅前第２ビル１２－１２,2023-06-06,合同会社
合同会社Ｙ’ｓ　Ｌａｂ．,千葉県市川市島尻１番４４号,2023-06-06,合同会社
合同会社ＹＯＳＨＩ,大阪府大阪市北区西天満６丁目８‐９‐７０２,2023-06-06,合同会社
合同会社Ｚ．Ｍコーポレーション,茨城県古河市鴻巣６３５番地コーポめぐみ１０２号室,2023-06-06,合同会社
合同会社ｆｒｅｅｌｙ,滋賀県愛知郡愛荘町豊満４９１－５Ｔ’ｓ－ｃｕｂｅ２Ｆ,2023-06-06,合同会社
合同会社ｉ‐Ｐｌａｎｎｉｎｇ　Ｗｏｒｋｓ,大分県別府市田の湯町３番７号アライアンスタワー４Ｆ,2023-06-06,合同会社
合同会社ｋｉｓａｉ,宮城県仙台市泉区松陵２丁目３３番地８号,2023-06-06,合同会社
合同会社ｍａｄａｍＦｃｏｃｏ,大阪府豊中市本町８丁目２番２６号,2023-06-06,合同会社
合同会社ｓａｋｕｒａｓｌｏｔｈｉｅｓ,大阪府四條畷市西中野１丁目９番１０号,2023-06-06,合同会社
合同会社ｓｔａｒｃａｆｅ想風,愛知県新城市作手高里字カイギシ１４－１,2023-06-06,合同会社
合同会社ｕｚｏｍｚｏ,東京都千代田区一ツ橋２丁目６番１０－２０２号,2023-06-06,合同会社
合同会社ｗｏｒｌｄ　ｔｈｅａｔｅｒ　ｃｏｍｐａｎｙ,広島県広島市佐伯区五日市７丁目７番３６－５号,2023-06-06,合同会社
合名会社アルファベット,北海道標津郡中標津町東四条北１丁目２番地４,2023-06-06,合名会社
合資会社井ノ口鉄工所,山口県下関市長府安養寺１丁目３番１０号,2023-06-06,合資会社
合資会社向井,北海道札幌市中央区北二条西１３丁目１番地１０,2023-06-06,合資会社
名嘉真建装株式会社,沖縄県国頭郡伊江村字東江前４６４番地の１,2023-06-06,株式会社
周作工業株式会社,茨城県水戸市見川町２１３１番地の１２８８,2023-06-06,株式会社
和盟電子商務株式会社,東京都豊島区西池袋２丁目３番１０号ＳＴコーポ１０３号,2023-06-06,株式会社
嘉秀エステート合同会社,東京都狛江市猪方１丁目７番１１号,2023-06-06,合同会社
土地家屋調査士法人みらい測量,東京都中央区日本橋室町１丁目１０番１０号,2023-06-06,その他の設立登記法人
土地家屋調査士法人東大阪前川滝川事務所,大阪府東大阪市鷹殿町１番７号,2023-06-06,その他の設立登記法人
土楽株式会社,岡山県瀬戸内市長船町磯上３０６６番地,2023-06-06,株式会社
大武産業株式会社,秋田県能代市字大内田４４番地,2023-06-06,株式会社
大納株式会社,兵庫県尼崎市七松町１丁目３番２－１８０２号,2023-06-06,株式会社
大阪ガス都市開発プライベートリート投資法人,大阪府大阪市中央区高麗橋４丁目２番１６号,2023-06-06,その他の設立登記法人
天合株式会社,東京都千代田区神田北乗物町１番地５－３Ｆ,2023-06-06,株式会社
天洋株式会社,大阪府大阪市生野区林寺３丁目５番３号,2023-06-06,株式会社
天盛株式会社,東京都渋谷区代々木２丁目２３番１－１２３０号,2023-06-06,株式会社
宇宙の図書館株式会社,東京都千代田区丸の内１丁目８番３号,2023-06-06,株式会社
尾関ニット株式会社,岐阜県各務原市川島松倉町１４２０番地,2023-06-06,株式会社
山林等引受救済整備事業合同会社,鹿児島県霧島市国分中央１丁目７番４９－３０４号,2023-06-06,合同会社
帥庫国際伝媒株式会社,東京都北区赤羽２丁目６９番２号,2023-06-06,株式会社
平川ワークス株式会社,千葉県富里市十倉３０７番地９５,2023-06-06,株式会社
延偉株式会社,東京都荒川区町屋３丁目２４番２号面川ビル二階２１７号室,2023-06-06,株式会社
弁理士法人みなとみらい特許事務所,神奈川県横浜市西区みなとみらい２丁目３番１号クイーンズタワーＡ８Ｆ,2023-06-06,その他の設立登記法人
弁護士法人わたらせ法律事務所,群馬県桐生市相生町２丁目３７１番地の１,2023-06-06,その他の設立登記法人
弁護士法人ハレ,滋賀県草津市大路１丁目４－１２大丸ソイビル２０４号室,2023-06-06,その他の設立登記法人
慎運輸株式会社,大阪府堺市東区日置荘原寺町４５３－７,2023-06-06,株式会社
新地パーキング株式会社,福岡県飯塚市勢田７４３番地２,2023-06-06,株式会社
日コン外航ガスタンクケミカル株式会社,東京都千代田区内幸町２丁目２番２号,2023-06-06,株式会社
日本御医再生医療研究所株式会社,東京都港区虎ノ門５丁目１１番１２号,2023-06-06,株式会社
日本食研グローバル株式会社,愛媛県今治市富田新港１丁目３番地,2023-06-06,株式会社
明光建設株式会社,奈良県生駒郡斑鳩町龍田西５丁目３番１号,2023-06-06,株式会社
春森株式会社,東京都台東区台東１丁目２９番３－３１９号,2023-06-06,株式会社
昭頣株式会社,大阪府大阪市西成区松２丁目７番２号,2023-06-06,株式会社
東星工業株式会社,東京都足立区西新井４丁目５番１１号,2023-06-06,株式会社
東栄電装株式会社,宮城県仙台市若林区若林７丁目１０番７号,2023-06-06,株式会社
東興産業株式会社,千葉県山武市本須賀２６０６番地,2023-06-06,株式会社
栄澂建築一級建築士事務所合同会社,東京都新宿区若葉１丁目２１番地４パークハウス四谷１０９,2023-06-06,合同会社
株式会社あかがーら,沖縄県宮古島市平良字西里２３３番地野津ビル１Ｆ西,2023-06-06,株式会社
株式会社おかざき,福井県福井市西谷２丁目１６０１番地,2023-06-06,株式会社
株式会社おけや,新潟県新潟市西蒲区河井２６８９番地,2023-06-06,株式会社
株式会社かける内装,大阪府大阪市平野区加美鞍作１丁目３番５号,2023-06-06,株式会社
株式会社がほんず,宮城県仙台市宮城野区中野３丁目４番地の１７,2023-06-06,株式会社
株式会社きたがわカンパニー,北海道滝川市栄町２丁目５番１３号,2023-06-06,株式会社
株式会社きゅあも,沖縄県島尻郡伊平屋村字我喜屋２１７番地の２７伊平屋村産業連携拠点センター,2023-06-06,株式会社
株式会社きらＢＯＳＨＩ,長崎県大村市桜馬場２丁目３５５番地１,2023-06-06,株式会社
株式会社こころ,愛知県豊田市河合町２丁目６９番地３,2023-06-06,株式会社
株式会社さくらぐみ,広島県広島市佐伯区五日市５丁目１１番２０号,2023-06-06,株式会社
株式会社さくらケアサポート,京都府京都市左京区下鴨膳部町９０－１５,2023-06-06,株式会社
株式会社さくらプラン,熊本県熊本市北区清水亀井町５５番４８号,2023-06-06,株式会社
株式会社さんらいず,大阪府大阪市城東区今福東３丁目６番１５号,2023-06-06,株式会社
株式会社さんミラーズ,広島県福山市春日町２丁目１１番３２号,2023-06-06,株式会社
株式会社にこまるファーマシー,千葉県君津市坂田５２３番地３３,2023-06-06,株式会社
株式会社ひかり,大阪府大阪市東淀川区瑞光４丁目３番９号,2023-06-06,株式会社
株式会社ぽん,愛知県名古屋市緑区鶴が沢１丁目１３０７番地,2023-06-06,株式会社
株式会社まがり,大阪府東大阪市花園本町１丁目６番７号,2023-06-06,株式会社
株式会社まごころ,神奈川県川崎市幸区南加瀬３丁目２１番３３号,2023-06-06,株式会社
株式会社まるはちＦａｒｍ,千葉県旭市倉橋２５１７番地１,2023-06-06,株式会社
株式会社みかんのもり,和歌山県海南市下津町小畑３０７番地,2023-06-06,株式会社
株式会社みさと,京都府京都市上京区中立売通松屋町西入新白水丸町４６２番地,2023-06-06,株式会社
株式会社みらい,沖縄県宜野湾市真志喜３丁目１３番２３号,2023-06-06,株式会社
株式会社みらい塗装,高知県高知市南竹島町２番２５号,2023-06-06,株式会社
株式会社めごこ,茨城県つくば市島名１３２４番地（香取台Ｂ１０街区５２）,2023-06-06,株式会社
株式会社やな川,岐阜県本巣市三橋４丁目２２番地,2023-06-06,株式会社
株式会社やまだ,新潟県新潟市北区新崎５２５７番地１,2023-06-06,株式会社
株式会社アイキャリ,広島県廿日市市阿品３丁目１番２－９０４号,2023-06-06,株式会社
株式会社アイゼン,群馬県館林市富士原町１１１７番地の３レジデンス桜本－１０１,2023-06-06,株式会社
株式会社アイテック,岡山県倉敷市林１７９８番地２,2023-06-06,株式会社
株式会社アイ・エヌ・エス,静岡県藤枝市高柳１丁目１５番１２号,2023-06-06,株式会社
株式会社アエラス．ＮＣ,東京都荒川区西日暮里５丁目２６番８号,2023-06-06,株式会社
株式会社アクセル,大阪府堺市中区深阪４丁２３番１８号,2023-06-06,株式会社
株式会社アズイズ,千葉県千葉市中央区若草１丁目１－１６,2023-06-06,株式会社
株式会社アフィニティネクサス,東京都品川区西五反田１丁目１１番１号,2023-06-06,株式会社
株式会社アルヒノ,大阪府茨木市奈良町１５番２５号ノースウィング１０６号室,2023-06-06,株式会社
株式会社アワカンパニー,大阪府大阪市西成区岸里１丁目２番６号,2023-06-06,株式会社
株式会社アンク,岡山県岡山市北区柳町１丁目１４番７号やよいビル３Ｆ,2023-06-06,株式会社
株式会社アンジュエット,京都府京都市中京区富小路通御池下る松下町１３５番地３コスモシティ御池富小路６０６号,2023-06-06,株式会社
株式会社アンドハレ,奈良県北葛城郡上牧町桜ケ丘１丁目５番地５,2023-06-06,株式会社
株式会社アーキア,東京都中央区銀座７丁目１３番２０号銀座ＴＨビル９階,2023-06-06,株式会社
株式会社アーバレスト,東京都足立区千住曙町４１番５－４０７号,2023-06-06,株式会社
株式会社アール企画,東京都渋谷区恵比寿３丁目３７番７号,2023-06-06,株式会社
株式会社アール設計,愛媛県新居浜市久保田町１丁目６番５８号カネコビル２０２,2023-06-06,株式会社
株式会社イルラート,東京都新宿区新宿３丁目６番２号栄ビル４階,2023-06-06,株式会社
株式会社インデクシア,千葉県千葉市花見川区花園３丁目６番１６号,2023-06-06,株式会社
株式会社インフィニティー,静岡県富士市国久保３丁目２番３２号美穂ビル１Ｆ,2023-06-06,株式会社
株式会社イーグル,京都府京都市右京区西院安塚町９２番地,2023-06-06,株式会社
株式会社ウィッシュボン,神奈川県横浜市泉区和泉町５６２７番地１,2023-06-06,株式会社
株式会社ウエキスタイル,大阪府大阪市東淀川区豊里５丁目７番１９号,2023-06-06,株式会社
株式会社ウエストパートナーズ,東京都品川区西五反田２丁目９番７号ドルミ五反田アンメゾン４０７号,2023-06-06,株式会社
株式会社ウルティマトラベルクラブ,東京都中央区湊２丁目４番１号ＴＯＭＡＣビル５Ｆ,2023-06-06,株式会社
株式会社エアバディ,東京都大田区田園調布南１５番２号,2023-06-06,株式会社
株式会社エス,東京都中央区入船３丁目１－１３ＣＥＮＴＥＲ・ＶＩＬＬＡＧＥ築地４Ｆ,2023-06-06,株式会社
株式会社エスプランニング,東京都渋谷区恵比寿３丁目３７番７号,2023-06-06,株式会社
株式会社エムテック,愛知県岡崎市丸山町字由ノ木２９番地１,2023-06-06,株式会社
株式会社エンジェル投資家教育サロン,神奈川県横浜市神奈川区三ツ沢下町２１番６－２０１号,2023-06-06,株式会社
株式会社エース,東京都品川区東大井２丁目２番３号１Ｆ,2023-06-06,株式会社
株式会社オモテナ,東京都中央区日本橋茅場町２丁目１７番５号,2023-06-06,株式会社
株式会社オーエ,石川県金沢市示野町ホ４９番地１ＲＯＡＤ３・Ｂ号室,2023-06-06,株式会社
株式会社オーライソフト,東京都葛飾区奥戸４丁目２４番１２－７０２号,2023-06-06,株式会社
株式会社カタオ総合,東京都足立区加賀１丁目７番５号,2023-06-06,株式会社
株式会社カラーディップ,東京都新宿区新宿１丁目１４番１２号玉屋ビル３Ｆ,2023-06-06,株式会社
株式会社カルテミア,岡山県岡山市北区学南町３丁目８番１３号,2023-06-06,株式会社
株式会社カワイ,愛知県豊橋市東田町１７番地の１,2023-06-06,株式会社
株式会社キャリーアウト,大阪府堺市堺区竜神橋町２丁３番１－３２７号,2023-06-06,株式会社
株式会社クラフト,愛媛県新居浜市北内町２丁目８番２７号,2023-06-06,株式会社
株式会社クレッシェンド,大阪府池田市新町２番１４号,2023-06-06,株式会社
株式会社グランジュテ・インスティテュート,宮城県仙台市青葉区宮町５丁目１０番１０号ＭＦＰＲコート宮町,2023-06-06,株式会社
株式会社グレイス,愛知県豊橋市下地町１丁目６７番地,2023-06-06,株式会社
株式会社ケアル,愛知県西尾市満全町２６番地１,2023-06-06,株式会社
株式会社ココサポ,神奈川県川崎市宮前区西野川２丁目２９番４２号,2023-06-06,株式会社
株式会社コルテス,神奈川県横浜市泉区和泉町５６２７番地１,2023-06-06,株式会社
株式会社コワソン,東京都品川区旗の台６丁目２４番３号,2023-06-06,株式会社
株式会社サアクル,福井県福井市西方２丁目１９番３号,2023-06-06,株式会社
株式会社ササヤマ,福岡県大牟田市中白川町２丁目１７７番地,2023-06-06,株式会社
株式会社サンティグレ,東京都目黒区平町２丁目２０番５号平町ロイヤルパレス１Ｆ,2023-06-06,株式会社
株式会社サンテリアワークス,宮城県多賀城市高崎２丁目２番３４－２号,2023-06-06,株式会社
株式会社サントランスポート,奈良県奈良市神殿町１８１番地の４７,2023-06-06,株式会社
株式会社サード,鹿児島県鹿児島市自由ヶ丘２丁目２８番１１号,2023-06-06,株式会社
株式会社ザム福井,福井県福井市西開発４丁目１０５番地,2023-06-06,株式会社
株式会社シーリングサポート茨城,茨城県水戸市大塚町２０００番地の５,2023-06-06,株式会社
株式会社スタジオオーア,東京都港区芝５丁目３６番４号札の辻スクエア９Ｆ,2023-06-06,株式会社
株式会社スタジオファーストコール,京都府京都市下京区七条御所ノ内北町１番地,2023-06-06,株式会社
株式会社ステラティーニ,神奈川県藤沢市鵠沼橘１丁目１５番４～１００４号,2023-06-06,株式会社
株式会社ストラクス神奈川,神奈川県横浜市神奈川区新町１番地１７,2023-06-06,株式会社
株式会社スモーカー大佐,福岡県福岡市中央区天神２丁目３－１０天神パインクレスト５０８号,2023-06-06,株式会社
株式会社スワッグデザイン,東京都目黒区上目黒４丁目１１番２７号Ｂｌｕｅｂａｓｅ上目黒１０１号室,2023-06-06,株式会社
株式会社セイルワン,熊本県熊本市中央区本山町１３８－９,2023-06-06,株式会社
株式会社セナ,兵庫県神戸市垂水区青山台１丁目２－２７,2023-06-06,株式会社
株式会社セラヴィ,東京都新宿区西新宿３丁目３番１３号西新宿水間ビル２Ｆ,2023-06-06,株式会社
株式会社セルメディカル,東京都渋谷区神宮前６丁目２３番４号桑野ビル２階,2023-06-06,株式会社
株式会社センドオートサービス,栃木県鹿沼市茂呂２５３６番地７,2023-06-06,株式会社
株式会社タイヤショップ西阪,神奈川県横浜市泉区和泉町３０番地の１,2023-06-06,株式会社
株式会社タスかる,神奈川県横浜市都筑区川和町６１番地７－１Ｆ,2023-06-06,株式会社
株式会社タテジマ,神奈川県横浜市泉区中田南４丁目１番３８号,2023-06-06,株式会社
株式会社タナカコーポレーション,青森県上北郡七戸町字底田２６番地１,2023-06-06,株式会社
株式会社タナモ・フォレスト,千葉県千葉市若葉区富田町１２１１番地,2023-06-06,株式会社
株式会社タンポポホールディングス,宮城県石巻市三ツ股１丁目２番１７号ルーチェ２０６号,2023-06-06,株式会社
株式会社ディー・プラス,福岡県飯塚市東徳前１７番６０－１０号,2023-06-06,株式会社
株式会社デイフーズ,福岡県福岡市博多区麦野５丁目２３番１１－１０５号,2023-06-06,株式会社
株式会社トゥウェルブスリー,東京都世田谷区上用賀４丁目３番７号,2023-06-06,株式会社
株式会社トプカプ,東京都中央区日本橋小舟町８番１３号天翔日本橋ビル５０６号室,2023-06-06,株式会社
株式会社トミーアンドコー,福井県福井市丸山２丁目２３０７番地２,2023-06-06,株式会社
株式会社トランクイル,福井県敦賀市中央町２丁目６番１０号,2023-06-06,株式会社
株式会社トリイアンドカンパニー,愛知県安城市大東町３番３号,2023-06-06,株式会社
株式会社ドゥープロ,東京都目黒区鷹番１丁目１４番２５号,2023-06-06,株式会社
株式会社ドコデモヨロン,鹿児島県大島郡与論町大字茶花１４１１番地１,2023-06-06,株式会社
株式会社ドリームライト,沖縄県浦添市牧港４丁目１０番２－４０５号,2023-06-06,株式会社
株式会社ナチュラルクリーン,岐阜県多治見市月見町１丁目４３番地の６,2023-06-06,株式会社
株式会社ニッコー関西,大阪府茨木市宿川原町１８番７号,2023-06-06,株式会社
株式会社ニュージェイ,東京都新宿区西落合３丁目８番５－１０６号,2023-06-06,株式会社
株式会社ニューロード,大阪府大阪市平野区加美北３丁目９番２０号,2023-06-06,株式会社
株式会社ニーナ,茨城県ひたちなか市大字津田２８２８－１,2023-06-06,株式会社
株式会社ネオコネクト,福島県西白河郡泉崎村大字関和久字豊田５９番地１６,2023-06-06,株式会社
株式会社ネクサス,群馬県太田市新野町８５２番地１,2023-06-06,株式会社
株式会社ネクストリガー,新潟県新潟市中央区東湊町通１ノ町２５８１番地２,2023-06-06,株式会社
株式会社ノット,千葉県成田市江弁須１８７番地１,2023-06-06,株式会社
株式会社ノース建業,北海道札幌市中央区南三条西１２丁目３２５－１３,2023-06-06,株式会社
株式会社ノーラン,大阪府大阪市住之江区中加賀屋３丁目２番１０号,2023-06-06,株式会社
株式会社ハタフリ,東京都港区浜松町２丁目２番１５浜松町ダイヤビル２Ｆ,2023-06-06,株式会社
株式会社ハートキャリア,東京都千代田区神田須田町１丁目５番地１０相鉄万世橋ビル,2023-06-06,株式会社
株式会社バイオＸ,東京都品川区東五反田１丁目２番１５号,2023-06-06,株式会社
株式会社パセオ,岩手県花巻市二枚橋５－６－３起業化支援センターＡ２号棟,2023-06-06,株式会社
株式会社パルタージュテック,鹿児島県鹿児島市吉野町１９１０番地９,2023-06-06,株式会社
株式会社パールエル,東京都新宿区西落合３丁目８番５－１０６号,2023-06-06,株式会社
株式会社ヒノショー,東京都日野市日野台４丁目１６番地の１３,2023-06-06,株式会社
株式会社ビノー・プランニング,神奈川県厚木市旭町３丁目１２番１７号,2023-06-06,株式会社
株式会社ファースト・ケア,大阪府守口市長池町６－３－１０１,2023-06-06,株式会社
株式会社フィードアーツ,東京都大田区東糀谷１丁目１７番１５号,2023-06-06,株式会社
株式会社フォシュテルン,東京都練馬区石神井町４丁目１６番１４号,2023-06-06,株式会社
株式会社フレンドシップ,東京都港区虎ノ門４丁目１番１号神谷町トラストタワー,2023-06-06,株式会社
株式会社ブロッサムジャパン,神奈川県横浜市港南区日限山４丁目４０番７号,2023-06-06,株式会社
株式会社プリテックガード,愛知県名古屋市名東区藤森１丁目２番地,2023-06-06,株式会社
株式会社プリンシパル・オーシャン,東京都中央区日本橋富沢町１２番８号１階,2023-06-06,株式会社
株式会社プレオギア,愛知県北名古屋市加島新田南田面２１６番地スパイクナード１０２号,2023-06-06,株式会社
株式会社プレジール,滋賀県草津市野路５丁目４番２９号,2023-06-06,株式会社
株式会社ベストライフフーズ,福井県あわら市井江葭第２３号４５番地,2023-06-06,株式会社
株式会社ベルゼル,愛知県知多郡東浦町大字石浜字なかね５番地７クラーラナカネ２０７号,2023-06-06,株式会社
株式会社ペイントラスト,東京都国立市谷保６６９４番地の３セレーナ国立１０１,2023-06-06,株式会社
株式会社ホワイトエレフアント,神奈川県横浜市神奈川区六角橋４丁目１２番８号,2023-06-06,株式会社
株式会社ホームプラスワン,大分県大分市今津留２丁目１４４番,2023-06-06,株式会社
株式会社ボンサイズム,大阪府堺市北区金岡町１４２３番地３なかもずオールズ５１９号,2023-06-06,株式会社
株式会社ボンダイホールディングス,神奈川県横浜市金沢区並木１丁目１６番３－５０２号,2023-06-06,株式会社
株式会社ポテフル,東京都中央区勝どき１丁目８番１－２４０２号,2023-06-06,株式会社
株式会社ポリプロエージェンシー,東京都品川区小山２丁目７番８号チェリーハウス１０１,2023-06-06,株式会社
株式会社マエカワ,岐阜県岐阜市北一色５丁目１３番６号,2023-06-06,株式会社
株式会社マサキ建設,福岡県北九州市門司区大字畑１２６５－２,2023-06-06,株式会社
株式会社マルタカ,東京都武蔵村山市中藤１丁目４８番地の１２,2023-06-06,株式会社
株式会社メッシュ景観設計事務所,東京都練馬区上石神井１丁目３９番２２号３０１号室,2023-06-06,株式会社
株式会社メビウス,山形県酒田市若竹町１丁目２番１６号,2023-06-06,株式会社
株式会社メロディックランド,福岡県福岡市東区香椎６丁目２０番１号,2023-06-06,株式会社
株式会社モアソビ,新潟県新潟市中央区本町通７番町１０９８番地１,2023-06-06,株式会社
株式会社モナカ,岩手県盛岡市肴町４番５号４階,2023-06-06,株式会社
株式会社ユキテック,東京都練馬区立野町９番１号,2023-06-06,株式会社
株式会社ユニークピース,東京都中央区日本橋馬喰町１丁目９番１号ＴＨＥＣＯＲＮＥＲ日本橋ｅａｓｔ３階,2023-06-06,株式会社
株式会社ユーフォリアプラス,東京都中央区日本橋横山町３－１横山町ダイカンプラザ５０１号室,2023-06-06,株式会社
株式会社ライゼンデ,福岡県福岡市南区長住２丁目１７番１３号,2023-06-06,株式会社
株式会社ライラック,奈良県奈良市左京５丁目３番地の１３９,2023-06-06,株式会社
株式会社ラパン,千葉県柏市布施５９０番地,2023-06-06,株式会社
株式会社ラフリ,東京都台東区西浅草２丁目１７－５－４０１,2023-06-06,株式会社
株式会社ランドフォール,東京都渋谷区円山町５番５号Ｎａｖｉ渋谷Ｖ３階,2023-06-06,株式会社
株式会社リスキリングジャパン,岐阜県各務原市那加織田町２丁目２７番地,2023-06-06,株式会社
株式会社リトロボ,京都府京都市上京区今出川通小川東入る南兼康町３３７エクセレント御所西１Ｆ,2023-06-06,株式会社
株式会社リバティ,岡山県岡山市中区倉田６１８番地６,2023-06-06,株式会社
株式会社リバースワン,福岡県久留米市善導寺町木塚４４８番地１,2023-06-06,株式会社
株式会社リープサポート,愛媛県今治市立花町２丁目３番１６号,2023-06-06,株式会社
株式会社ルミエグラン,東京都渋谷区神宮前４丁目１８番９号,2023-06-06,株式会社
株式会社ルーミーシステム,東京都千代田区神田和泉町１番地６－１６ヤマトビル４０５,2023-06-06,株式会社
株式会社レジリエンス,大阪府四條畷市田原台４丁目８番７号,2023-06-06,株式会社
株式会社レバンテ,北海道札幌市中央区北六条西２５丁目２番５号Ｅ－ｈｏｒｉｚｏｎ北円山ＢＬＤ４Ｆ,2023-06-06,株式会社
株式会社レーベテック,東京都港区浜松町２丁目２番１５号浜松町ダイヤビル２Ｆ,2023-06-06,株式会社
株式会社ローディアムデザイン,東京都渋谷区恵比寿１丁目３０番１４号マートルコート恵比寿２０００－３０５,2023-06-06,株式会社
株式会社ワークナビ派遣,愛知県名古屋市中区栄４丁目１６番３３号日本経済新聞社名古屋支社ビル５階,2023-06-06,株式会社
株式会社一天商事,福岡県福岡市東区箱崎４丁目３０番１１号,2023-06-06,株式会社
株式会社一番ヶ瀬商店,佐賀県神埼郡吉野ヶ里町大曲３１６２番地１１,2023-06-06,株式会社
株式会社三幸創建,静岡県富士宮市東町９番１７号東町事務所,2023-06-06,株式会社
株式会社三水機設,福岡県北九州市戸畑区天神２丁目４番３１号,2023-06-06,株式会社
株式会社中尾組,滋賀県長浜市鳥羽上町４３６番地２,2023-06-06,株式会社
株式会社中谷商店,大阪府堺市中区小阪３２７番地１,2023-06-06,株式会社
株式会社中野板金,福井県小浜市谷田部第３６号１２番地,2023-06-06,株式会社
株式会社丸城企画,沖縄県浦添市内間４丁目１６番９号,2023-06-06,株式会社
株式会社二十三,大分県大分市王子中町１番４３号,2023-06-06,株式会社
株式会社二階堂建設,滋賀県栗東市苅原２４８番地（２０６号）クレフ,2023-06-06,株式会社
株式会社井上商店,千葉県千葉市緑区あすみが丘６丁目５２番地８,2023-06-06,株式会社
株式会社京雅,大阪府高槻市芥川町２丁目１４－１６,2023-06-06,株式会社
株式会社人雲データサービス,三重県多気郡多気町笠木６２２番地,2023-06-06,株式会社
株式会社今治あきない商社,愛媛県今治市旭町２丁目３番地５,2023-06-06,株式会社
株式会社伸幸建設,大阪府大阪市浪速区塩草２丁目２番９号,2023-06-06,株式会社
株式会社住み善し,岐阜県美濃市段町１１０番地７６,2023-06-06,株式会社
株式会社健成,福岡県福岡市中央区今川１丁目１５番２－２０３号,2023-06-06,株式会社
株式会社優彩,愛媛県新居浜市中筋町２丁目３番１５号,2023-06-06,株式会社
株式会社光星,北海道根室市月岡町１丁目２７番地１４,2023-06-06,株式会社
株式会社兼光,宮城県仙台市泉区北中山３丁目２番地の１０,2023-06-06,株式会社
株式会社創建,静岡県富士宮市万野原新田３４８７番地の１７,2023-06-06,株式会社
株式会社創建工業,栃木県鹿沼市みなみ町８番地３２７,2023-06-06,株式会社
株式会社創造技建,大分県大分市大字猪野４４２番地の２,2023-06-06,株式会社
株式会社勝栄工業,長崎県長崎市三京町８１５番地７６,2023-06-06,株式会社
株式会社匠実重機,東京都足立区入谷３丁目１１番１９号,2023-06-06,株式会社
株式会社南,岡山県岡山市南区豊成３丁目５番１２号,2023-06-06,株式会社
株式会社南野製作所,大阪府堺市北区船堂町２丁２３番２１号,2023-06-06,株式会社
株式会社吉建,福岡県古賀市小竹１１０番地１,2023-06-06,株式会社
株式会社土佐黒潮マシナリー,高知県香南市野市町西野１３４６番地１武内マンション３０６号,2023-06-06,株式会社
株式会社大同会あおぞらファミリー,東京都目黒区緑が丘３丁目７番７号,2023-06-06,株式会社
株式会社大塚新也建築事務所,栃木県下野市石橋２６３番地３２,2023-06-06,株式会社
株式会社大嶌屋ロジスティクス,熊本県宇城市松橋町古保山２７１５番地１９,2023-06-06,株式会社
株式会社守玄,千葉県千葉市中央区春日１丁目５番１５号,2023-06-06,株式会社
株式会社安在,大阪府岸和田市新港町８番地の２,2023-06-06,株式会社
株式会社宮田興業,東京都練馬区旭町３丁目２３番５号,2023-06-06,株式会社
株式会社小村左官,滋賀県大津市山百合の丘２３番５５号,2023-06-06,株式会社
株式会社山のみえるとこ,岐阜県岐阜市茜部寺屋敷２丁目１１６番地,2023-06-06,株式会社
株式会社山口硝子製作所,京都府京都市左京区新丸太町通仁王門下る新丸太町５９番地,2023-06-06,株式会社
株式会社山路林業,長野県塩尻市大字宗賀３０４１番地１,2023-06-06,株式会社
株式会社山雅興業,愛知県豊田市百々町８丁目３２番地５５,2023-06-06,株式会社
株式会社岩渕商会,宮城県仙台市若林区六丁の目中町１９番１５－５０１号,2023-06-06,株式会社
株式会社島貫電機,山形県東置賜郡川西町大字洲島６３番地１,2023-06-06,株式会社
株式会社希羽の里,長崎県壱岐市芦辺町国分東触５８７番地,2023-06-06,株式会社
株式会社平久保ビーチパートナーズ,東京都新宿区西新宿３丁目１７番７号,2023-06-06,株式会社
株式会社平岩電気管理事務所,鹿児島県出水市知識町３５４番地１,2023-06-06,株式会社
株式会社幸マネジメント,沖縄県宮古島市平良字下里１２７３番地１,2023-06-06,株式会社
株式会社弥栄空設,宮崎県宮崎市大塚台西２丁目２７番地１１,2023-06-06,株式会社
株式会社彩蓮,富山県富山市本郷町９５番地８,2023-06-06,株式会社
株式会社拓心興業,長野県茅野市宮川１１１５２番地１,2023-06-06,株式会社
株式会社推し活参戦研究所,東京都台東区浅草橋１丁目６番１号浅草橋ビル７Ｆ,2023-06-06,株式会社
株式会社文展ホールディングス,青森県八戸市桔梗野工業団地３丁目４番２０号,2023-06-06,株式会社
株式会社新實,愛知県刈谷市半城土町大湫１１３番地８,2023-06-06,株式会社
株式会社新茨城ボイラサービス,茨城県下妻市南原６７番地２,2023-06-06,株式会社
株式会社日新,神奈川県川崎市川崎区京町２丁目１番１－３０９号,2023-06-06,株式会社
株式会社日豊照明,東京都港区新橋６丁目４番３号ル・グラシエルＢＬＤＧ．７,2023-06-06,株式会社
株式会社旭,千葉県千葉市花見川区千種町３７８－２,2023-06-06,株式会社
株式会社星寿,静岡県富士宮市錦町５番２０号,2023-06-06,株式会社
株式会社星野技研,愛知県名古屋市西区宝地町３５８番地,2023-06-06,株式会社
株式会社春日工務店,東京都練馬区南大泉３丁目１番５号,2023-06-06,株式会社
株式会社昭和木材店,宮城県岩沼市下野郷字間堀１６８番地の２,2023-06-06,株式会社
株式会社時創,奈良県葛城市北花内２７２番地１,2023-06-06,株式会社
株式会社暁グローバルパートナーズ,東京都中野区弥生町２丁目４番９号,2023-06-06,株式会社
株式会社曽野電工,京都府京都市山科区安朱馬場ノ東町１５－１０,2023-06-06,株式会社
株式会社木地平設備,奈良県桜井市大字三輪１１６番地の１６,2023-06-06,株式会社
株式会社杉森住建,福井県福井市西谷１丁目１３０番地１,2023-06-06,株式会社
株式会社村上建設,北海道千歳市勇舞１丁目１１－９,2023-06-06,株式会社
株式会社村上生花,宮城県仙台市若林区古城３丁目１９番１１号,2023-06-06,株式会社
株式会社村田工業,秋田県横手市杉沢字狼ノ沢８番地,2023-06-06,株式会社
株式会社東京ニューカソー,東京都千代田区神田三崎町３丁目５番９号,2023-06-06,株式会社
株式会社東京空撮,東京都足立区興野２丁目４番７号,2023-06-06,株式会社
株式会社東原工作所,滋賀県甲賀市水口町北泉１丁目１４２番地,2023-06-06,株式会社
株式会社東山工業,大阪府堺市中区東山２８９－１,2023-06-06,株式会社
株式会社東海ＭＳＣ,岐阜県加茂郡坂祝町取組４０９番地２,2023-06-06,株式会社
株式会社松原電機製作所,東京都大田区西六郷１丁目２５番２２号,2023-06-06,株式会社
株式会社松本工業,愛知県名古屋市守山区大字吉根字太鼓ケ根３２１１番地の３２１,2023-06-06,株式会社
株式会社柳澤製作所,長野県上田市真田町長４１９７番地４,2023-06-06,株式会社
株式会社栄,神奈川県平塚市宮の前６―２０クリオ平塚七番館１０２,2023-06-06,株式会社
株式会社桜芽会,東京都文京区小石川４丁目２０番１号イトークリエイトビル９Ｆ,2023-06-06,株式会社
株式会社樋口英輔建築設計事務所,神奈川県横浜市港北区日吉本町５丁目１８番５号,2023-06-06,株式会社
株式会社正光造園,福岡県田川郡大任町大字今任原４１１０番地１,2023-06-06,株式会社
株式会社武相ブリュワリー,東京都町田市原町田６丁目９番８号４Ｆ,2023-06-06,株式会社
株式会社永三郎ダイニング,愛媛県松山市北井門２丁目１４番７号,2023-06-06,株式会社
株式会社江川組,大阪府守口市寺方錦通３丁目３番２３号,2023-06-06,株式会社
株式会社河京エンタテインメント,福島県喜多方市松山町村松字常盤町２６８８番地１,2023-06-06,株式会社
株式会社河口建設,宮崎県西都市妻町３丁目９０番地,2023-06-06,株式会社
株式会社浄一,大阪府大阪市中央区松屋町住吉３－２（５０８）,2023-06-06,株式会社
株式会社浜田ホーム,神奈川県川崎市多摩区堰３丁目３番１０号,2023-06-06,株式会社
株式会社浪漫惑星,東京都渋谷区道玄坂１丁目１６番１０号渋谷ＤＴビル８Ｆ,2023-06-06,株式会社
株式会社深澤,大阪府東大阪市小若江３丁目１番２８号ＹＫヒルズ２０２号室,2023-06-06,株式会社
株式会社照陽電気,福岡県福岡市城南区片江１丁目４番３３号,2023-06-06,株式会社
株式会社珊瑚,大阪府守口市藤田町１丁目５０番１１号,2023-06-06,株式会社
株式会社環境リアルエステート,神奈川県横須賀市米が浜通１丁目１番地１１,2023-06-06,株式会社
株式会社産地のミカタ,静岡県静岡市清水区高山４２３番地,2023-06-06,株式会社
株式会社田中美装,東京都立川市西砂町３丁目６０番地の２６,2023-06-06,株式会社
株式会社田園都市開発,宮崎県宮崎市神宮１丁目２５０番地,2023-06-06,株式会社
株式会社百瀬電気事務所,神奈川県川崎市宮前区南野川２丁目３２番１８号,2023-06-06,株式会社
株式会社皆川工業,神奈川県綾瀬市早川城山４丁目１番１９号,2023-06-06,株式会社
株式会社相光塗装工業,山口県岩国市室の木町５丁目７番１号,2023-06-06,株式会社
株式会社石井商事,岩手県奥州市江刺愛宕字林５４番,2023-06-06,株式会社
株式会社福田工業,神奈川県横浜市神奈川区入江２丁目２０番１７－２０１号,2023-06-06,株式会社
株式会社福祉内装,東京都品川区豊町５丁目１３－５サワハイツ１０３号,2023-06-06,株式会社
株式会社稔企画,東京都港区浜松町２丁目２番１５号浜松町ダイヤビル２Ｆ,2023-06-06,株式会社
株式会社細田カンパニー,東京都中央区晴海３丁目１６－１－１９０３,2023-06-06,株式会社
株式会社結の花,大阪府大阪市城東区今福東２丁目１０番１８号ファミール城東３０４号室,2023-06-06,株式会社
株式会社結資材店,岐阜県高山市冬頭町１０９３番地２,2023-06-06,株式会社
株式会社絶佳,沖縄県沖縄市東１丁目１０番１１号,2023-06-06,株式会社
株式会社翔,福岡県筑紫野市二日市西２丁目８番３０－２０２号,2023-06-06,株式会社
株式会社芽森,東京都町田市南成瀬４丁目１５番地４,2023-06-06,株式会社
株式会社菊組,富山県射水市堀岡古明神３４１番地１３,2023-06-06,株式会社
株式会社蕾,東京都品川区西五反田６丁目１１番１１号,2023-06-06,株式会社
株式会社藤栄,神奈川県横浜市緑区三保町２０８０番地,2023-06-06,株式会社
株式会社蟹記,東京都豊島区西池袋５丁目２６－１６ＣＨＩＢＡビル４１８室,2023-06-06,株式会社
株式会社西日本設備,岡山県津山市国分寺２３２番地５,2023-06-06,株式会社
株式会社誉田会計センター,愛媛県新居浜市西の土居町２丁目１４番１５号,2023-06-06,株式会社
株式会社迫田内装,奈良県磯城郡田原本町大字阪手３５２番地の１パインコート１０１号室,2023-06-06,株式会社
株式会社野口工業,群馬県藤岡市岡之郷１１１１番地２,2023-06-06,株式会社
株式会社開墾隊,愛媛県松山市三番町６丁目３番地４,2023-06-06,株式会社
株式会社開拓組,新潟県加茂市大字田中新田３７７番地,2023-06-06,株式会社
株式会社陽南鐡筋工業,東京都立川市幸町４丁目５４番地の６,2023-06-06,株式会社
株式会社隆電工,千葉県千葉市花見川区畑町１８３９番地１,2023-06-06,株式会社
株式会社雅,京都府京都市右京区西院西貝川町６５番地７,2023-06-06,株式会社
株式会社雅,東京都練馬区大泉学園町６丁目３０番１８号,2023-06-06,株式会社
株式会社雅,福岡県糟屋郡須惠町大字旅石８１２番地１,2023-06-06,株式会社
株式会社雫,神奈川県横浜市西区浅間町１丁目４番地３ウィザードビル４０２,2023-06-06,株式会社
株式会社音無,京都府宇治市広野町桐生谷６８番地の１１,2023-06-06,株式会社
株式会社飯塚フードビジネスコンサルタンツ,大阪府大阪市中央区南新町１丁目２－４椿本ビル７０４,2023-06-06,株式会社
株式会社飯野トランスポートサービス,千葉県千葉市緑区おゆみ野中央８丁目１３番地２１,2023-06-06,株式会社
株式会社駐車場アサヒ,大阪府豊中市蛍池西町二丁目１番１２号,2023-06-06,株式会社
株式会社鶏の大納言,宮崎県宮崎市清武町正手３丁目９番地２,2023-06-06,株式会社
株式会社黒松造園,京都府京都市西京区大原野灰方町２８１番地１３,2023-06-06,株式会社
株式会社齋藤石材,千葉県旭市東足洗１３６０番地,2023-06-06,株式会社
株式会社３Ｈ,東京都練馬区豊玉上１丁目８番５－３０６号,2023-06-06,株式会社
株式会社３ｓｋｉｌｌ,京都府京都市右京区花園木辻南町１２－１１,2023-06-06,株式会社
株式会社７３０,群馬県太田市大久保町１１０番地２０,2023-06-06,株式会社
株式会社ＡＢＥ,東京都町田市成瀬が丘２丁目１番３号ナルセ３３ハイム１－Ａ号室,2023-06-06,株式会社
株式会社ＡＣＴＭＡＬＬ,愛知県豊橋市弥生町字中原５８番地１,2023-06-06,株式会社
株式会社ＡＤＭ,千葉県千葉市花見川区幕張本郷５丁目２５番６－１０３号,2023-06-06,株式会社
株式会社ＡＩ　Ｏｆｆｉｃｅ,神奈川県川崎市宮前区鷺沼４丁目１４番地２鷺沼の杜Ｂー５０９,2023-06-06,株式会社
株式会社ＡＩアニメ,神奈川県川崎市宮前区鷺沼４丁目１４番地２鷺沼の杜Ｂー５０９,2023-06-06,株式会社
株式会社ＡＩｂｉｚ,東京都品川区上大崎３丁目２番１号,2023-06-06,株式会社
株式会社ＡＫＮ,東京都世田谷区三軒茶屋２丁目１１番２０号サンタワーズＤ棟８階,2023-06-06,株式会社
株式会社ＡＮＹ　ＲＥＣＯＶＥＲＹ,岡山県岡山市北区東古松南町６番３８－４号,2023-06-06,株式会社
株式会社ＡＴＡＯＫＡ,東京都練馬区高野台１丁目７番３－３０５号,2023-06-06,株式会社
株式会社ＡＹアルミ工社,青森県八戸市小中野７丁目１番５号,2023-06-06,株式会社
株式会社Ａｂｗｉｚ　Ｂｉｏ　Ｊａｐａｎ,東京都中央区日本橋小舟町７番８号,2023-06-06,株式会社
株式会社Ａｇａｔｈｏ,東京都江戸川区西小岩３丁目２４番１３号トラス西小岩１０２,2023-06-06,株式会社
株式会社Ａｉａｓ,東京都中央区銀座１丁目２２番１１号銀座大竹ビジデンス２Ｆ,2023-06-06,株式会社
株式会社Ｂ’ＳＴＹＬＥ,岐阜県可児市下恵土５４７５番地,2023-06-06,株式会社
株式会社ＢＥＧＳ,栃木県宇都宮市上金井町５７９番地１７,2023-06-06,株式会社
株式会社ＢＩＧ　ＰＯＷＥＲ,神奈川県横浜市旭区市沢町８７０番地７６朝日プラザ二俣川１０９号,2023-06-06,株式会社
株式会社ＢＯＯＭ,東京都北区滝野川５丁目５番５号シンエイビル８階,2023-06-06,株式会社
株式会社ＢＯＳ,山口県下関市竹崎町３丁目２番１８号,2023-06-06,株式会社
株式会社ＢＲＩＧＨＴ,東京都中野区本町４丁目３０番２３－１００２号,2023-06-06,株式会社
株式会社Ｂａｌａｅｎａ,東京都昭島市中神町２丁目３６番１６号,2023-06-06,株式会社
株式会社Ｂａｓｓｅｔ,群馬県前橋市荒牧町１丁目１０番地７,2023-06-06,株式会社
株式会社Ｂｅ　ｎａｔｕｒａｌ．Ｂｅ　ｙｏｕｒｓｅｌｆ．,千葉県柏市千代田３丁目１５番１号,2023-06-06,株式会社
株式会社Ｂｅａｕｔｙ　Ｂｅｎｅｆｉｔ,東京都港区南青山３丁目１番３６号青山丸竹ビル６Ｆ,2023-06-06,株式会社
株式会社Ｂｅｌｉｅｖｅ,東京都港区南青山２丁目２番１５号,2023-06-06,株式会社
株式会社Ｂｅｌｌｅ,岐阜県高山市三福寺町１５３５番地４５,2023-06-06,株式会社
株式会社Ｂｌｏｏｍｓ．,東京都中央区日本橋横山町５番６号,2023-06-06,株式会社
株式会社ＣＡＬＭ,神奈川県横浜市港北区箕輪町２丁目５番５２－２０１号,2023-06-06,株式会社
株式会社ＣＡＳＩＡ,東京都中央区銀座６丁目１３番１６号銀座ＷａｌｌビルＵＣＦ５階,2023-06-06,株式会社
株式会社ＣＯＬＯＲ,北海道旭川市忠和七条３丁目４番２４号,2023-06-06,株式会社
株式会社ＣＯＭＰＡＳＳ,東京都世田谷区鎌田３丁目３２番１１－２０７号,2023-06-06,株式会社
株式会社ＣＯＺ,東京都新宿区大久保２丁目６番１６号平安ビル７Ｂ,2023-06-06,株式会社
株式会社ＣＲＥＡＴＩＯＮ,大阪府大阪市天王寺区餌差町１５番１３号,2023-06-06,株式会社
株式会社Ｃａｌｍｅｒ,宮崎県宮崎市月見ケ丘５丁目３９番１０号,2023-06-06,株式会社
株式会社Ｃｈｅｅｒｓ,神奈川県横浜市戸塚区舞岡町１２２番地６１,2023-06-06,株式会社
株式会社Ｃｈｅｓｏｐｈ,千葉県柏市松葉町５丁目１番地８号４０４号室,2023-06-06,株式会社
株式会社Ｃｉｃｃｉ＆ＢｅＬ,東京都世田谷区経堂４丁目３７番１１号,2023-06-06,株式会社
株式会社Ｄ．Ｄ．Ｗｏｒｋｓ,東京都渋谷区道玄坂１丁目１０番８号渋谷道玄坂東急ビル２Ｆ－Ｃ,2023-06-06,株式会社
株式会社ＤＡＩＧＯ,東京都港区港南２丁目１６－４品川グランドセントラルタワー１７階,2023-06-06,株式会社
株式会社ＤＡＯＷＯＲＫＳ,岐阜県岐阜市高砂町１丁目１７岐阜イーストライジング２４・２階,2023-06-06,株式会社
株式会社ＤＡＵＳ,東京都板橋区南常盤台１丁目２９番５号,2023-06-06,株式会社
株式会社ＤＯＯＲ,大阪府大阪市中央区心斎橋筋１丁目５番１号,2023-06-06,株式会社
株式会社ＤＲＡＧＯＮ　ＤＲＯＮＥＳ,東京都渋谷区恵比寿１丁目１５番９号日宝恵比寿ビル４０３,2023-06-06,株式会社
株式会社ＤＳＣ,静岡県富士市瓜島町２０１番地古郡商事ビル１階北側,2023-06-06,株式会社
株式会社ＤＵＬＭＥＴＨ　ＩＮＴＥＲＮＡＴＩＯＮＡＬ,茨城県筑西市東保末１９番地,2023-06-06,株式会社
株式会社Ｄａｉｒａｋｕ,千葉県松戸市常盤平７丁目８番地の５カメリアヒルズ３０３号,2023-06-06,株式会社
株式会社Ｄｅｅｐ　ｓｅｓｓｉｏｎ,東京都豊島区池袋２丁目１７番８号４０８,2023-06-06,株式会社
株式会社ＥＡＲＴＨ　ＯＣＥＡＮ,福岡県福岡市博多区博多駅東１丁目１０番２３号１階,2023-06-06,株式会社
株式会社ＥＢＵＬＬＩＥＮＣＥ,東京都渋谷区渋谷２丁目１番１号,2023-06-06,株式会社
株式会社ＥＬＣＡＳＴ,群馬県桐生市広沢町５丁目１７７３番地の１３,2023-06-06,株式会社
株式会社ＥＴＥ　ｃｏｍｐａｎｙ,愛知県豊川市諏訪３丁目１２５番地ベルディナトキワ１Ｆ,2023-06-06,株式会社
株式会社Ｅｌｂａｆ,東京都渋谷区渋谷２丁目１番１号,2023-06-06,株式会社
株式会社Ｅｖｅｒａｌ,東京都港区三田３丁目７番１３号ハイライフ三田６０３号,2023-06-06,株式会社
株式会社Ｆ．Ｋ．ｆａｃｔｏｒｙ,大阪府大東市太子田３丁目３番２２号,2023-06-06,株式会社
株式会社ＦＥＤＡＬ　ＷＯＲＫＳ,大分県大分市大字光吉１６２４番地の６９,2023-06-06,株式会社
株式会社ＦＬＯＷ,東京都葛飾区奥戸４丁目１１番１２号,2023-06-06,株式会社
株式会社ＦＳＲ,神奈川県横須賀市平成町２丁目９番地２かがやきの街１１１５,2023-06-06,株式会社
株式会社ＦＵＪＩ　ＣＯＬＯＲ　ＴＥＣＨ,秋田県秋田市茨島６丁目２０番３号,2023-06-06,株式会社
株式会社ＦＵＫＵＯＮ,神奈川県横浜市緑区西八朔町７２番地１４,2023-06-06,株式会社
株式会社Ｆｉｏｒｅ,大阪府大阪市中央区南船場４丁目１０番５号南船場ＳＯＨＯビル７０２,2023-06-06,株式会社
株式会社Ｆｉｒｓｔ,愛媛県西条市丹原町田滝甲６６番地,2023-06-06,株式会社
株式会社Ｆｒｅｅｅｅｅ,青森県八戸市根城３丁目２４番８号タウニイのざわ１０２号,2023-06-06,株式会社
株式会社Ｆｒｅｎｚｙ　Ｌａｚｙ,東京都新宿区高田馬場１丁目３２番１０号,2023-06-06,株式会社
株式会社Ｆｕｔｕｒｅ　Ｐｒｏｔｅｃｔ,東京都足立区千住１丁目４番１号東京芸術センター１０階,2023-06-06,株式会社
株式会社Ｇ・Ｈ・Ｌ,広島県広島市中区八丁堀１５番１０号セントラルビル,2023-06-06,株式会社
株式会社ＧＢ,東京都練馬区桜台４丁目２１番７号山中ビル１Ｆ,2023-06-06,株式会社
株式会社ＧＣＤジャパン,東京都江戸川区西葛西７丁目１４番７－３０３号コーポエーリエル,2023-06-06,株式会社
株式会社ＧＬＯＴＥＣＨ,広島県広島市西区南観音２丁目７番２３－１００２号,2023-06-06,株式会社
株式会社ＧＬＵＣＫ,熊本県熊本市南区富合町田尻３０５番地１,2023-06-06,株式会社
株式会社ＧＯＣＨＩＳＯＵ,東京都中央区銀座７丁目１０番５号,2023-06-06,株式会社
株式会社ＧＲＡＣＥ　ＵＮＤＥＲ　ＰＲＥＳＳＵＲＥ,東京都渋谷区渋谷２丁目１番１号,2023-06-06,株式会社
株式会社ＧＲＡＮＤＥ,京都府京都市中京区中島町９８番御所飴ビル４Ａ,2023-06-06,株式会社
株式会社Ｇｅｎｌｏｐ,茨城県鹿嶋市大字宮中２０２９番地１,2023-06-06,株式会社
株式会社ＧｏｏＺＥＮラボ,静岡県静岡市葵区御幸町３番地の２１,2023-06-06,株式会社
株式会社ＨＡＴ,東京都台東区寿３丁目１５番６号１０２号室,2023-06-06,株式会社
株式会社ＨＭコーポレーション,千葉県印西市高花２丁目１－１０,2023-06-06,株式会社
株式会社Ｈａｓｕｍａ,宮崎県日向市美々津町１９６９番地３,2023-06-06,株式会社
株式会社Ｈｉｔｓｕｋｕ,千葉県千葉市稲毛区緑町１丁目１５番１２号,2023-06-06,株式会社
株式会社Ｈｙｂｒｉｄ,北海道河東郡音更町字下士幌４８番地１７,2023-06-06,株式会社
株式会社Ｉ　ｄａｒｅ,東京都江東区南砂２丁目３１番１１－５０９号,2023-06-06,株式会社
株式会社Ｉ＆Ｋ,福岡県北九州市八幡東区茶屋町１番３号,2023-06-06,株式会社
株式会社Ｉ＆Ｎ　Ａｓｓｉｓｔａｎｃｅ,東京都港区新橋２丁目２０番１５号新橋駅前ビル１号館９１１,2023-06-06,株式会社
株式会社ＩＤＥＡ　ＭＡＮ,東京都目黒区駒場２丁目１０番４号１Ｆ,2023-06-06,株式会社
株式会社ＩＧＵＣＨＩ,大阪府八尾市老原３丁目１番地の５,2023-06-06,株式会社
株式会社ＩＲＩＳ,大阪府豊中市本町１丁目８番３０－３０３号,2023-06-06,株式会社
株式会社Ｉｎ　Ｓｙｎｃ,千葉県千葉市花見川区幕張町５丁目４６５番１号リブポート幕張１０８,2023-06-06,株式会社
株式会社Ｉｎｔｅｌｌｉｇｅｎｃｅ　ＢＡＮＫ,香川県高松市藤塚町１丁目１０番３０号,2023-06-06,株式会社
株式会社Ｉｒａｓｓｈａｉ,東京都中央区銀座１丁目１２番４号Ｎ＆Ｅ・ＢＬＤ．７階,2023-06-06,株式会社
株式会社ＪＩＮ,神奈川県秦野市今泉１１０３番地の１ＦＯＲＥＮＡ２０２号,2023-06-06,株式会社
株式会社ＪＬＢ,福井県福井市順化２丁目１３番１７号,2023-06-06,株式会社
株式会社ＪＯＪＩ　ＳＴＡＢＬＥ,滋賀県東近江市川合寺町６０７,2023-06-06,株式会社
株式会社ＫＡＹＡ,宮崎県宮崎市鶴島３丁目１３９番地１,2023-06-06,株式会社
株式会社ＫＥＳ,島根県益田市高津４丁目２３番７号,2023-06-06,株式会社
株式会社ＫＩＭＵＲＡ,栃木県小山市大字雨ケ谷９０番地,2023-06-06,株式会社
株式会社ＫＭトレーディング,東京都練馬区大泉学園町６丁目１３番２２号,2023-06-06,株式会社
株式会社ＫＭ．ｃｒｅａｔｉｏｎ５５５,東京都練馬区高松５丁目６番２１号,2023-06-06,株式会社
株式会社ＫＯＮオフィス,東京都台東区松が谷１丁目４番３号,2023-06-06,株式会社
株式会社ＫＳインテリア,東京都町田市小山ヶ丘４丁目７番地１ルネグランディア６１４,2023-06-06,株式会社
株式会社ＫＳスポーツサービス,千葉県流山市おおたかの森西４丁目１８番地の９,2023-06-06,株式会社
株式会社Ｌ‐ｍａｒｋｅｔｉｎｇ,熊本県熊本市中央区花畑町１番１４号Ａ＆ＭＨＡＮＡＢＡＴＡ３０１号,2023-06-06,株式会社
株式会社Ｌホールディングス,香川県高松市新田町甲２１９０番地３,2023-06-06,株式会社
株式会社ＬＡＵＧＨ　ＳＨＡＲＥ北海道,秋田県能代市浜通町１番４５号,2023-06-06,株式会社
株式会社ＬＥＯ,大阪府岸和田市南上町２丁目１４番１９号,2023-06-06,株式会社
株式会社ＬＩＢ,静岡県静岡市清水区庵原町２２５６番地１１号,2023-06-06,株式会社
株式会社ＬＩＦＩＸ　ＧＥＡＲ,東京都新宿区西新宿３丁目３番１３号西新宿水間ビル２Ｆ,2023-06-06,株式会社
株式会社ＬＩＮＫ,鹿児島県霧島市国分福島３丁目４番２０－９号,2023-06-06,株式会社
株式会社ＬＩＮＯＳＥＮＳＥ,東京都渋谷区渋谷２丁目１９番１５号宮益坂ビルディング６０９,2023-06-06,株式会社
株式会社ＬＴＢ,東京都品川区西五反田１丁目２６番２号五反田サンハイツ９１１,2023-06-06,株式会社
株式会社ＬＵＡＮＡコーポレーション,広島県東広島市八本松町正力１３０番地１０７,2023-06-06,株式会社
株式会社ＬＵＸ,東京都品川区東大井３丁目２７番８号,2023-06-06,株式会社
株式会社Ｌｉｅｎ,東京都中野区中央１丁目１番１２号,2023-06-06,株式会社
株式会社ＬｏｌＧａｔｅ,愛知県豊田市伊保町金山１３０番地６,2023-06-06,株式会社
株式会社Ｍ‐３８５,福岡県行橋市南泉３丁目５番１号,2023-06-06,株式会社
株式会社Ｍインターナショナル,千葉県船橋市宮本２丁目７－１８－２,2023-06-06,株式会社
株式会社ＭＥＲＣＩ,広島県福山市南蔵王町１丁目５番４７号,2023-06-06,株式会社
株式会社ＭＩＫＯＴＯ,滋賀県守山市岡町１１５－１６,2023-06-06,株式会社
株式会社ＭＮＨスポーツ,東京都調布市調布ケ丘１丁目３４番地１,2023-06-06,株式会社
株式会社ＭＯＳＰＡあさむし共創プラットフォーム,青森県青森市大字浅虫字蛍谷２５番地,2023-06-06,株式会社
株式会社Ｍａｓｙｕｚ,大阪府大阪市西区北堀江１丁目１番１８号,2023-06-06,株式会社
株式会社Ｍｅｄｉｕｍ　Ｏｎｅ,東京都渋谷区千駄ヶ谷３丁目５１番１０号,2023-06-06,株式会社
株式会社Ｍｅｌｉａ’ｓ,沖縄県浦添市港川２丁目８番２号,2023-06-06,株式会社
株式会社Ｍｏｉｓ　Ｃｈａｉｒ,神奈川県横浜市都筑区川和町１４８０番地,2023-06-06,株式会社
株式会社Ｎアドバンス,山口県下関市山手町１３番１６号,2023-06-06,株式会社
株式会社ＮＩＮＡ　Ｐｒｉｍａｒｙ　Ｐｉｃｔｕｒｅｓ,岐阜県瑞穂市犀川６丁目８番地,2023-06-06,株式会社
株式会社ＮＴ,新潟県新潟市中央区万代３丁目２番２３－１５０１号,2023-06-06,株式会社
株式会社Ｎｅｘｔ・ｃｒｅａｔｉｏｎ,福島県福島市大町９番８号,2023-06-06,株式会社
株式会社Ｎｏ．１１０３,福岡県福岡市南区清水１丁目１９－５ガーデンプレイス高宮５－Ｂ,2023-06-06,株式会社
株式会社Ｏ’ｃｌｏｃｋ,北海道札幌市白石区南郷通２丁目南４－３－１０２,2023-06-06,株式会社
株式会社Ｏ．Ｓ．Ｆ,熊本県菊池郡菊陽町大字津久礼１７３番地９イソベハイツ１０１,2023-06-06,株式会社
株式会社ＯＨＩＳＡＭＡ　Ｌａｂｏ,愛知県豊田市竜神町寺池５番地１,2023-06-06,株式会社
株式会社ＯＩＤＥ,富山県高岡市戸出町１丁目１番８６号,2023-06-06,株式会社
株式会社ＯＮＥ　ＢＲＡＩＮ,東京都墨田区東向島４丁目２５番２号,2023-06-06,株式会社
株式会社Ｏｆｆｉｃｅ３７・オペレーションズ,東京都新宿区新宿３丁目３５番６号新宿ＡＵＮビル７階,2023-06-06,株式会社
株式会社Ｏｖｅｎ,東京都品川区南品川３丁目６番１号２階,2023-06-06,株式会社
株式会社ＰＡＬＭ　ＨＯＵＳＥ,東京都渋谷区恵比寿４丁目２０番４号,2023-06-06,株式会社
株式会社ＰＯＩ,奈良県奈良市西大寺小坊町６番１号,2023-06-06,株式会社
株式会社ＰＲＯＵＤ　ＣＹＣＬＥ,奈良県奈良市北之庄町一丁目６番地の２,2023-06-06,株式会社
株式会社Ｐｏｒｔａｍｅｎｄｏ,東京都台東区北上野１丁目１０－１４－１２０１,2023-06-06,株式会社
株式会社Ｐｒｏｕｄ　Ｗｏｒｋｓ,北海道札幌市北区拓北二条１丁目４番１号,2023-06-06,株式会社
株式会社Ｑａｎｄ,東京都港区芝５丁目３６番４号札の辻スクエア９Ｆ,2023-06-06,株式会社
株式会社Ｒ・Ｂ,熊本県熊本市南区田迎１丁目１番１５号,2023-06-06,株式会社
株式会社ＲＥＬＡＭ,神奈川県鎌倉市岩瀬１丁目２番１－４４７号,2023-06-06,株式会社
株式会社ＲＩＲＥＡＬ,神奈川県川崎市宮前区有馬５丁目１８番１０－１０２号鷺沼ウィステリア,2023-06-06,株式会社
株式会社ＲＩＶＥＬＩ　ＨＯＯＤ,茨城県水戸市見川町２５１３－２,2023-06-06,株式会社
株式会社ＲＹＯＧＯ,東京都港区港南２丁目１６－４品川グランドセントラルタワー１７階,2023-06-06,株式会社
株式会社ＲｅＦＯＯＤ　ＣＯＭＰＡＮＩＥＳ,千葉県船橋市二和東２丁目７番７号,2023-06-06,株式会社
株式会社ＲｅＵｎｉｏｎ,京都府京都市右京区嵯峨天龍寺今堀町１６番地の５,2023-06-06,株式会社
株式会社Ｒｅｎｔ＆Ｕｓｅ,島根県松江市西川津町４３０４番地２,2023-06-06,株式会社
株式会社Ｒｅｖｅｒｅｎｓ,東京都新宿区大久保１丁目１番１０号ＧＵＮＫＡＮ東新宿７０６,2023-06-06,株式会社
株式会社Ｒｉｏｒ,東京都港区港南２丁目１５番１号品川インターシティＡ棟２８階,2023-06-06,株式会社
株式会社ＳＡＩＫＩ商事,千葉県千葉市若葉区千城台東４丁目１５番４号,2023-06-06,株式会社
株式会社ＳＥＴＯ,鹿児島県鹿児島市荒田１丁目３６番９号,2023-06-06,株式会社
株式会社ＳＨＡＲＲＹ,千葉県茂原市六ツ野３６１９番地２,2023-06-06,株式会社
株式会社ＳＩＮＣＩＶＥ,神奈川県川崎市宮前区東有馬３丁目１０番１７号サンビレッジ鷺沼Ａ－１０１,2023-06-06,株式会社
株式会社ＳＫ‐ＷＯＲＫＳ,東京都葛飾区奥戸１丁目１４番９号,2023-06-06,株式会社
株式会社ＳＫプレザント,滋賀県栗東市手原４丁目５番１５号,2023-06-06,株式会社
株式会社ＳＫＲデザイン,熊本県菊池郡大津町大字平川５０４,2023-06-06,株式会社
株式会社ＳＫＹ　ＬＩＧＨＴ,福井県大野市松丸第３７号１２番地,2023-06-06,株式会社
株式会社ＳＬＪ,東京都品川区上大崎３丁目１２－１０－５０１,2023-06-06,株式会社
株式会社ＳＯＹＯＧＩ,東京都板橋区仲町３６番３号,2023-06-06,株式会社
株式会社ＳＰＡＣＥ,石川県金沢市片町２丁目３番７号スペース２３７ビル５Ｆ,2023-06-06,株式会社
株式会社ＳＰＡＣＥ１９７７,東京都中野区若宮２丁目３６番１４号,2023-06-06,株式会社
株式会社ＳＰＡＤＵＰＡ,東京都新宿区住吉町９番３号,2023-06-06,株式会社
株式会社ＳＰＦ設計,大阪府大阪市城東区野江４丁目１番８号２０３号室,2023-06-06,株式会社
株式会社ＳＴマネージメント,東京都江戸川区上篠崎２丁目１５番１７号,2023-06-06,株式会社
株式会社ＳＴＥＬＬＡ,神奈川県藤沢市南藤沢３番１３号,2023-06-06,株式会社
株式会社ＳＴＯＲＹ,東京都港区赤坂１丁目１番１７号,2023-06-06,株式会社
株式会社ＳＵＲＵＧＡライフサービス,静岡県沼津市下香貫石原１３１７番地,2023-06-06,株式会社
株式会社ＳＹＳＬＥＡ,東京都品川区南大井４丁目１９－１２グランイーグル大森４０６,2023-06-06,株式会社
株式会社Ｓａｌｕ‐５Ｒｅ,東京都中央区新富１丁目１７番４号,2023-06-06,株式会社
株式会社Ｓｅｒａｐｈｉｍ,北海道札幌市豊平区豊平五条６丁目１番１５号,2023-06-06,株式会社
株式会社Ｓｏｌｅｉｌ,東京都渋谷区渋谷２丁目１番１号,2023-06-06,株式会社
株式会社Ｓｏｍａ　Ｓｔａｇｅ　Ｌａｂ,神奈川県横浜市神奈川区亀住町１６番地１新見亀住ビル１０２号,2023-06-06,株式会社
株式会社Ｓｐｏｔｌｉｇｈｔ,東京都港区南青山２丁目２番１５号,2023-06-06,株式会社
株式会社ＳｕｐｅｒＰａｒｋ　ＪＡＰＡＮ,東京都中央区銀座１丁目１２番４号Ｎ＆ＥＢＬＤ．６Ｆ,2023-06-06,株式会社
株式会社Ｓｕｐｅｒｂ,長野県佐久市小田井１３０番地１２,2023-06-06,株式会社
株式会社Ｓｕｚｕ,神奈川県横浜市港南区港南６丁目２０番４－１号,2023-06-06,株式会社
株式会社Ｔ・麦わら帽子,東京都渋谷区神南１丁目２３－１４,2023-06-06,株式会社
株式会社Ｔ＆Ｋ,千葉県富津市岩瀬１０４７番地１２,2023-06-06,株式会社
株式会社ＴＡＧ,神奈川県相模原市中央区相模原７丁目９番２８号,2023-06-06,株式会社
株式会社ＴＤＫトレーディング,京都府京都市右京区西院久田町２１－１レックスシティ京都西院２０９号,2023-06-06,株式会社
株式会社ＴＥＮＣＯＬＯＲ,栃木県宇都宮市本町１０番３号ＴＳビル５Ｆ北,2023-06-06,株式会社
株式会社ＴＨＫ,東京都品川区西大井４丁目２１番８号,2023-06-06,株式会社
株式会社ＴＩＭＢＥＲ,京都府京都市中京区堺町通蛸薬師下る菊屋町５１３番地１,2023-06-06,株式会社
株式会社ＴＯＫＫＥＮ,東京都調布市小島町２丁目７番地１８,2023-06-06,株式会社
株式会社ＴＯＲＣＨ‐Ｘ,東京都千代田区神田小川町２丁目１番地,2023-06-06,株式会社
株式会社ＴＯＹＯ　ｅｘｐｒｅｓｓ,大阪府大阪市港区築港４丁目１０番３０号大寅ビル１０２号室,2023-06-06,株式会社
株式会社ＴＳ,愛媛県松山市朝生田町２丁目２番２２号ｓｅｌｅコート壱番館３１１号,2023-06-06,株式会社
株式会社ＴＳＵＫＡＳＡ,大阪府守口市大久保町５丁目５８番１３号,2023-06-06,株式会社
株式会社ＴＷＯサポート,大阪府大阪市西区南堀江１丁目１６番１１号Ｒｅ－００８ビル６Ｃ,2023-06-06,株式会社
株式会社Ｔａｋｅ　ｏｎｅ,大阪府大阪市西区南堀江１丁目２１番１－８０１号,2023-06-06,株式会社
株式会社Ｔｅａｌ　ＮＥＸＴ,宮崎県宮崎市旭１丁目７番２６号３１０６ＢＬＤＧ．旭１階西,2023-06-06,株式会社
株式会社Ｔｏｍｅ,東京都練馬区富士見台４丁目３番９号－５,2023-06-06,株式会社
株式会社Ｔｏｐ　Ｂｌｕｅ　Ｏｃｅａｎ,沖縄県国頭郡恩納村字名嘉真２２８８番地６２５,2023-06-06,株式会社
株式会社Ｔｏｔｔｉ,福岡県福岡市博多区中洲５丁目４－１０グランエターナ福岡天神橋２１０３,2023-06-06,株式会社
株式会社ＴｏｕｃｈＵｐ,茨城県水戸市城東２丁目１番２８号,2023-06-06,株式会社
株式会社Ｔｗｉｎｚ,神奈川県川崎市川崎区駅前本町１８－１メルスサイトー７０２,2023-06-06,株式会社
株式会社Ｕ‐ｗｅｌｄ,神奈川県厚木市下荻野３８２番地１７,2023-06-06,株式会社
株式会社ＵＤ,東京都品川区小山４丁目５番２０号和光ビル２０１,2023-06-06,株式会社
株式会社ＵＮＩＴＥＮＳ,大阪府大阪市住吉区帝塚山東１丁目６－７－４０２,2023-06-06,株式会社
株式会社ＵＰＳＩＤＥＲ　Ｃａｐｉｔａｌ,東京都港区六本木７丁目１５番７号,2023-06-06,株式会社
株式会社ＵＰｗａｒｄ　Ｌｉｆｅ,大阪府大阪市北区鶴野町４番１１号,2023-06-06,株式会社
株式会社Ｕｎｄｅｒｃｕｒｒｅｎｔ,東京都港区麻布台２丁目１番２－１０１３号,2023-06-06,株式会社
株式会社Ｕｎｚｅｒｏ,東京都新宿区西新宿３丁目３番１３号西新宿水間ビル２Ｆ,2023-06-06,株式会社
株式会社Ｕｒｂａｎ　Ｉｓｌａｎｄ　Ｓｏｃｉｅｔｙ,神奈川県鎌倉市長谷２丁目１６番１３号,2023-06-06,株式会社
株式会社ＶＩＮＫ,東京都渋谷区渋谷２丁目１番１号,2023-06-06,株式会社
株式会社ＷＥＡＶＥ　Ａ　ＳＴＯＲＹ,神奈川県足柄上郡松田町松田庶子８４７番地１,2023-06-06,株式会社
株式会社ＷＥＬＬ　ＧＩＮＺＡ,東京都中央区晴海３丁目１３番１－４４０１号,2023-06-06,株式会社
株式会社ＷＨＩＴＥＮＯＴＥ,栃木県那須郡那須町大字高久乙１４２番地１９,2023-06-06,株式会社
株式会社ＷＯＷＯＷクロスプレイ,東京都渋谷区南平台町１６番２８号,2023-06-06,株式会社
株式会社Ｗｅｌｌ‐ｂｅｉｎｇ　ｗｏｒｋｓ,大阪府大阪市中央区南船場４丁目１２番１０号ＡＣＮ心斎橋ビル７Ｆ,2023-06-06,株式会社
株式会社Ｗｉｇ・Ｗａｍ,富山県富山市総曲輪２丁目８番２１号,2023-06-06,株式会社
株式会社Ｗｏｓｅｔ,東京都台東区三筋１丁目６番２号,2023-06-06,株式会社
株式会社Ｙ‐ＴＲＵＳＴ,岩手県滝沢市鵜飼諸葛川１４番地１佐藤貸家２号,2023-06-06,株式会社
株式会社Ｙ’ｓｊ,神奈川県横浜市青葉区あかね台２丁目３番地４サンコートあかね台２０６,2023-06-06,株式会社
株式会社ＹＭＣ,東京都中央区日本橋室町１丁目１１番１２号日本橋水野ビル７Ｆ,2023-06-06,株式会社
株式会社ＹＵＭＥ,福岡県北九州市門司区大里本町３丁目７番１５－３０５号,2023-06-06,株式会社
株式会社ａｍｕｌｅｔｔｅ,群馬県太田市大原町５５４番地１,2023-06-06,株式会社
株式会社ａｎｄ　ＬＵＸ,京都府宇治市広野町小根尾１４７番地の１４８,2023-06-06,株式会社
株式会社ｂｅｅ‐ｉｎｇ,富山県高岡市深沢５０番地７,2023-06-06,株式会社
株式会社ｂｙ　ｎａｍｅ,東京都千代田区九段南１丁目５番６号りそな九段ビル５階ＫＳフロア,2023-06-06,株式会社
株式会社ｃ　ｌｉｇｈｔ,滋賀県大津市和邇春日２丁目８６８番地８－２階,2023-06-06,株式会社
株式会社ｃｒｏ,東京都渋谷区道玄坂１丁目１２－１渋谷マークシティＷ２２階,2023-06-06,株式会社
株式会社ｃｔｏｗ,東京都新宿区西新宿１丁目１０番８号星野ビル３Ｆ,2023-06-06,株式会社
株式会社ｅ‐住まいる不動産,秋田県秋田市八橋田五郎１丁目６番１１号,2023-06-06,株式会社
株式会社ｅｌｅｇａｎｃｅ,沖縄県那覇市壺屋２丁目２６番１１号２－Ｃ,2023-06-06,株式会社
株式会社ｈｙｈｏｍｅ,千葉県野田市山崎１６４５番地の２４,2023-06-06,株式会社
株式会社ｉＳｐｒｏｕｔ,東京都品川区東品川３丁目２５番１７号エイトビル５階大場智税理士事務所内,2023-06-06,株式会社
株式会社ｋ‐ｔｒｕｓｔ,千葉県千葉市稲毛区天台５丁目１４番１号インプレスト稲毛４０１号,2023-06-06,株式会社
株式会社ｍａｇｎｅｔ,愛知県名古屋市昭和区高峯町１６１番地アネシア八事高峯シティテラス１０２号,2023-06-06,株式会社
株式会社ｍａｋｅ　ａ　ｍｉｒａｃｌｅ,神奈川県横浜市戸塚区名瀬町７９４番地５ブライトンハウス２０１号,2023-06-06,株式会社
株式会社ｍｉｌａｃｏｓ,大分県大分市金池南１丁目１６番１２－５０５号トレステーラ桜ヶ丘,2023-06-06,株式会社
株式会社ｎａｒｒａｔｉｖｅ　ｏｐｅｒａｔｉｏｎ,奈良県奈良市西城戸町３４番地,2023-06-06,株式会社
株式会社ｎｅｘｔ　ｇｒｅｅｎ　ｉｎｎｏｖａｔｉｏｎ,宮城県亘理郡亘理町字西郷２６１番地１,2023-06-06,株式会社
株式会社ｏａｚｏ　ｐａｒｔｎｅｒ’ｓ,東京都港区六本木６丁目１番２０号,2023-06-06,株式会社
株式会社ｐａｒｖａｔ　ｓｔｕｄｉｏ,静岡県御殿場市深沢３１３番地の１２,2023-06-06,株式会社
株式会社ｐｌａｉｓｉｒ,東京都渋谷区渋谷２丁目１番１号,2023-06-06,株式会社
株式会社ｔａｍｕｔｅ,神奈川県川崎市麻生区王禅寺西５丁目１番２号グレイスコートＡ－１０４,2023-06-06,株式会社
株式会社ｔｒｉｍ．,東京都中野区中野５丁目６５番３号ホワイトハウスビル６Ｆ,2023-06-06,株式会社
株式会社ｔｒｉｓｐｅｃｔ,東京都渋谷区渋谷２丁目１９番１５号宮益坂ビルディング６０９,2023-06-06,株式会社
森ぐらし株式会社,長野県北佐久郡軽井沢町大字追分７１９番地４６,2023-06-06,株式会社
横信株式会社,千葉県印西市西の原４丁目５－１２,2023-06-06,株式会社
橋本フーズ株式会社,滋賀県守山市梅田町１５番９号,2023-06-06,株式会社
正栄株式会社,岩手県宮古市藤の川６番１７号,2023-06-06,株式会社
清水物産丸利株式会社,奈良県大和高田市大字秋吉２１１番地の１,2023-06-06,株式会社
温故・拓新バッテリーマテリアルズ株式会社,栃木県那須塩原市一区町２７７番地４８,2023-06-06,株式会社
満仲設備株式会社,奈良県磯城郡田原本町大字八尾４０２番地の６８,2023-06-06,株式会社
玉林軒株式会社,京都府京都市伏見区深草下川原町１３０番地４華信ビル２０１号,2023-06-06,株式会社
瑞祥テックソリューションズ株式会社,千葉県松戸市千駄堀１５０７番地の６４,2023-06-06,株式会社
環境開発ホールディングス株式会社,石川県金沢市大桑町上猫下４番地７,2023-06-06,株式会社
番匠俊株式会社,島根県大田市大田町大田イ２９８番地３,2023-06-06,株式会社
真絆合同会社,福岡県京都郡苅田町大字鋤崎５２７番地,2023-06-06,合同会社
祥光商会株式会社,東京都中央区銀座１丁目１２番４号Ｎ＆ＥＢＬＤ．６Ｆ,2023-06-06,株式会社
科登株式会社,東京都荒川区南千住２丁目１６番９－３０２号,2023-06-06,株式会社
秦自動車工業株式会社,愛媛県西条市飯岡３５６６番地,2023-06-06,株式会社
税理士法人小川堀田会計事務所,東京都千代田区内神田３丁目４番１４号,2023-06-06,その他の設立登記法人
税理士法人池田会計ＭＣ,大阪府大阪市生野区小路３丁目１４番４号,2023-06-06,その他の設立登記法人
税理士法人Ｌｅｔｓ,大阪府大阪市都島区片町２丁目２番４０号大発ビル３Ｆ,2023-06-06,その他の設立登記法人
花岡鉄工株式会社,秋田県大館市花岡町字根井下２２０番地,2023-06-06,株式会社
花形商事株式会社,奈良県桜井市大字大泉５３６番地の１２,2023-06-06,株式会社
茜コーポレーション株式会社,大阪府大阪市中央区北久宝寺町４丁目３番８号本町アーバンライフ３１２号室,2023-06-06,株式会社
藤都工業株式会社,広島県福山市今津町７２６番地,2023-06-06,株式会社
裕志株式会社,東京都文京区向丘１丁目１２番４号ミセレニ白山５０１号室,2023-06-06,株式会社
豊株式会社,茨城県日立市若葉町１丁目１７番５号,2023-06-06,株式会社
賽班建築株式会社,大阪府大阪市東成区中道２丁目２６番１５号,2023-06-06,株式会社
輝井商事株式会社,愛知県海部郡蟹江町大字蟹江新田字上芝切７０－１,2023-06-06,株式会社
金丸地質株式会社,北海道亀田郡七飯町鳴川２丁目４番９号,2023-06-06,株式会社
金隆実業株式会社,千葉県船橋市海神１丁目３番６号,2023-06-06,株式会社
銀河合同会社,千葉県松戸市栄町西５丁目１３２５番地の５,2023-06-06,合同会社
門真運送株式会社,大阪府門真市小路町９番６号,2023-06-06,株式会社
阜翺株式会社,大阪府大阪市東成区深江北３丁目４番２１号エクラ深江橋１１０Ａ,2023-06-06,株式会社
雲峰株式会社,大阪府大阪市中央区内平野町１丁目４－１－１００１室,2023-06-06,株式会社
龍源株式会社,京都府京都市南区戒光寺町１８６シャンクレールⅣ１０１,2023-06-06,株式会社
０７コンサルティング合同会社,東京都世田谷区成城８丁目５番２号,2023-06-06,合同会社
３６９ｕｎｉｖｅｒｓｅ株式会社,福岡県福岡市東区香椎２丁目１３番３２－３０２号,2023-06-06,株式会社
７０ＭＡＩ　ＣＯ．，ＬＴＤ．,,2023-06-06,外国会社等
Ａ‐ｓｔｕｄｉｏ合同会社,三重県松阪市愛宕町３丁目１０番地,2023-06-06,合同会社
Ａ‐ｗａｖｅ株式会社,大阪府大阪市北区角田町１番１２号,2023-06-06,株式会社
ＡＩＲＲＥＸ合同会社,大阪府大阪市浪速区元町１丁目７番２－７０１号,2023-06-06,合同会社
ＡＫカンパニー株式会社,東京都立川市上砂町５丁目５１番地の１ヴァンヴェール４０１,2023-06-06,株式会社
ＡＬＪ　Ｈｅａｌｔｈｃａｒｅ４合同会社,東京都中央区日本橋１丁目４番１号,2023-06-06,合同会社
ＡＮＳ　ＩＮＴＥＲＮＡＴＩＯＮＡＬ合同会社,東京都練馬区田柄２丁目４８番８号サングリーン赤塚,2023-06-06,合同会社
ＡＲＥＳ　Ｐｒｏｐｅｒｔｙ株式会社,千葉県千葉市若葉区貝塚２丁目２１番１９号２階,2023-06-06,株式会社
ＡＴ管財合同会社,東京都港区西新橋１丁目１５番５号内幸町ケイズビル９階高井総合法律事務所,2023-06-06,合同会社
ＡＵＴＯ　ＬＩＦＥ株式会社,東京都荒川区町屋３丁目２番１号Ｂ１Ｆ,2023-06-06,株式会社
ＡＸＩＳ合同会社,東京都新宿区西新宿３丁目３番１３号西新宿水間ビル２Ｆ,2023-06-06,合同会社
ＡｉｒＣｒｅａｔｅ株式会社,福岡県宮若市高野１５番地８,2023-06-06,株式会社
Ａｎｎ株式会社,東京都港区芝浦２丁目９番１－２３１６号,2023-06-06,株式会社
Ａｚａｌｅａ合同会社,東京都中央区東日本橋３丁目５番１５号,2023-06-06,合同会社
ＢＡＣＫＯＦＦ　ＪＡＰＡＮ株式会社,福岡県糟屋郡宇美町大字井野３２２番地２,2023-06-06,株式会社
ＢＡＨＡＤＵＲ　ＴＲＡＤＩＮＧ合同会社,茨城県結城市大字小田林２４９７番地６３,2023-06-06,合同会社
ＢＡＳＥ工業株式会社,千葉県千葉市緑区おゆみ野南２丁目２１番地エステ・シティおゆみ野Ｃ－４０８号,2023-06-06,株式会社
ＢＥＡＲ株式会社,東京都杉並区高井戸東１丁目１番６４号,2023-06-06,株式会社
ＢＥＹＯＮＤ　ＶＥＮＴＵＲＥ合同会社,群馬県桐生市広沢町３丁目３５１８番地石関アパート１１,2023-06-06,合同会社
ＢＯＤＹ　ＬＡＢＯＲＡＴＯＲＹ　ＪＡＰＡＮ合同会社,大阪府大阪市中央区南船場１丁目８番１９－１２０３号,2023-06-06,合同会社
ＢＸパートナーズ合同会社,東京都世田谷区代田３丁目４番９号,2023-06-06,合同会社
ＢｅｒｕＦｉｔ株式会社,東京都千代田区九段南１丁目５番６号りそな九段ビル５ＦＫＳフロア,2023-06-06,株式会社
Ｂｉｚｆｏｒｃｅ株式会社,東京都中央区日本橋室町１丁目１１番１２号日本橋水野ビル７階,2023-06-06,株式会社
ＣＡＳＴＩＮＧ　ＴＥＣＨＮＯＬＯＧＩＥＳ　ＩＮＮＯＶＡＴＩＯＮ合同会社,富山県高岡市戸出町６丁目４番２２号,2023-06-06,合同会社
ＣＮＧ株式会社,富山県富山市新富町２丁目５番１４号,2023-06-06,株式会社
Ｃｈｏｕｃｈｏｕ合同会社,東京都江東区亀戸７丁目４３番５号,2023-06-06,合同会社
Ｄプロジェクト合同会社,福岡県福岡市博多区祇園町６番２６号,2023-06-06,合同会社
Ｄ＆Ｙ合同会社,大阪府大阪市北区扇町２丁目６番１７－２７０２号,2023-06-06,合同会社
Ｄ．ａ．ｉファシリティ株式会社,千葉県市川市南大野３丁目２番１５号,2023-06-06,株式会社
ＤＫｗｏｒｋｓ合同会社,山口県下松市南花岡７丁目２番３０号コンフレール末武２０１号,2023-06-06,合同会社
Ｅ＆Ｋ合同会社,静岡県富士市中野１０６２番地,2023-06-06,合同会社
ＥＦＣ株式会社,東京都港区浜松町２丁目２番１５号浜松町ダイヤビル２Ｆ,2023-06-06,株式会社
ＥＩＳＨＯＵ株式会社,千葉県佐倉市角来４３３番地２,2023-06-06,株式会社
ＥＸＴＥＮＳＩＯＮ合同会社,東京都目黒区中目黒３丁目６番２号中目黒Ｆ・Ｓビル５階,2023-06-06,合同会社
ＥＹＥＺ合同会社,東京都港区元麻布３丁目４番２９－１２０２号,2023-06-06,合同会社
Ｅｓｔａｔｅ　Ｏｎｅ　Ｉｎｔｅｒｎａｔｉｏｎａｌ株式会社,東京都台東区元浅草１丁目２０番９号ＥｓｔａｔｅＯｎｅＢＬＤ．５０１,2023-06-06,株式会社
Ｅｘｃｅｌｌｅｎｔ　Ｐａｒｔｎｅｒｓ株式会社,岐阜県大垣市赤坂大門３丁目６３番地１,2023-06-06,株式会社
ＧＪ　Ｉｎｃ．合同会社,東京都港区六本木５丁目１４番２３－１０１号,2023-06-06,合同会社
ＧＯＭＡ株式会社,東京都町田市金井ヶ丘４丁目２２番２２,2023-06-06,株式会社
ＧＲＥＥＮ　ＣＩＲＣＬＥ株式会社,滋賀県大津市南郷２丁目４１－１,2023-06-06,株式会社
Ｇｕａｎｇｚｈｏｕ　Ｓｈｕｎｍｉａｏ　Ｑｉｃｈｅ　Ｐｅｉｊｉａｎ　Ｙｏｕｘｉａｎ　Ｇｏｎｇｓｉ,,2023-06-06,外国会社等
Ｉ．Ｐ．Ｍプロジェクトマネジメント合同会社,東京都港区南青山２丁目２番１５号,2023-06-06,合同会社
ＩＨＡＮトレーディング合同会社,東京都世田谷区祖師谷５丁目３３番８号,2023-06-06,合同会社
ＩＭインターナショナル株式会社,栃木県那須塩原市東原３５３番地２,2023-06-06,株式会社
ＩＭＧＳ合同会社,香川県高松市田村町４１６番地１フルールＭ２０１,2023-06-06,合同会社
ＩＮＴＥＲＮＡＴＩＯＮＡＬ美しい合同会社,東京都港区六本木７丁目１８番５－１１１号,2023-06-06,合同会社
ＩＲＡＫＵ合同会社,群馬県太田市新田木崎町１４４４番地１５４,2023-06-06,合同会社
Ｉｎｎｅｒ　Ｍｏｎｇｏｌｉａ　Ｆｕｄｉ　Ｓｈｕｈａｎｇ　Ｔｅｃｈｎｏｌｏｇｙ　Ｃｏ．，Ｌｔｄ,,2023-06-06,外国会社等
ＪＡＰＡＮ　ＧＲＯＵＰ合同会社,東京都港区芝１丁目１５番１４号,2023-06-06,合同会社
ＪＤＩ　Ｄｅｓｉｇｎ　ａｎｄ　Ｄｅｖｅｌｏｐｍｅｎｔ合同会社,東京都港区西新橋３丁目７番１号,2023-06-06,合同会社
ＪＩＮハウジング株式会社,群馬県太田市藤阿久町９２０番地４,2023-06-06,株式会社
ＪＭＣ合同会社,東京都北区西ケ原１丁目５２番１４－７０３号エスティア駒込,2023-06-06,合同会社
ＪＰＰ株式会社,東京都中央区銀座７丁目１１番３号,2023-06-06,株式会社
Ｋ‐ｎｅｔｗｏｒｋｓ株式会社,東京都調布市飛田給２丁目４１番地２０,2023-06-06,株式会社
ＫＣ　ＣＲＡＦＴ株式会社,東京都足立区梅田５丁目３－３,2023-06-06,株式会社
ＫＲエナジー２号合同会社,東京都港区虎ノ門１丁目１６番１６号虎ノ門１丁目ＭＧビル３階ブレイン綜合会計事務所内,2023-06-06,合同会社
Ｌａｄｌｅ株式会社,奈良県奈良市北室町７番地の１,2023-06-06,株式会社
Ｌｅｖｅｒａｇｅ社会保険労務士法人,大阪府大阪市北区堂島浜１丁目４番４号アクア堂島フォンターナ３階,2023-06-06,その他の設立登記法人
Ｌｕｎａ　Ｇｒｏｕｐ合同会社,神奈川県横浜市中区山下町９０番地１ラ・コスタ横浜・山下公園３１３号室,2023-06-06,合同会社
ＭＡＭＢＡＴＥＫ　ＣＯＭＰＡＮＹ　ＬＴＤ,,2023-06-06,外国会社等
ＭＦＳ　Ｃｏｎｓｕｌｔｉｎｇ株式会社,神奈川県横浜市西区戸部町５丁目２０３番地２シティホームズ横浜桜木町３０２号,2023-06-06,株式会社
ＭＨロジスティクス合同会社,東京都港区六本木１丁目９番１０号アークヒルズ仙石山森タワー４０階,2023-06-06,合同会社
ＭＫＲ株式会社,神奈川県横浜市中区新山下３丁目１３番１６－３０１号,2023-06-06,株式会社
ＭＯＴコンサルティング株式会社,千葉県習志野市谷津１丁目１５－２２－２１１５,2023-06-06,株式会社
ＭＲＫＥＹ　ＳＹＳＴＥＭ東日本合同会社,茨城県神栖市大野原２丁目２７番地２５ニューシップ２０６,2023-06-06,合同会社
Ｍａｎａｇｅｍｅｎｔ　Ｓｅｅｋｅｒｓ合同会社,大阪府大阪市北区梅田１丁目２番２号大阪駅前第２ビル１２‐１２,2023-06-06,合同会社
Ｍａｎｏｓ合同会社,東京都国立市東１丁目８番地の２国立東壱番館４０１,2023-06-06,合同会社
Ｍａｒｂｌｏｕｓ　Ｑｕｅｓｔ合同会社,奈良県奈良市西千代ヶ丘３丁目１１番５号,2023-06-06,合同会社
Ｍａｔｓｕｄａ　Ｍｕｓｉｃ　Ｌａｂ．合同会社,大阪府大阪市福島区野田３丁目１３‐２４井上ビル,2023-06-06,合同会社
Ｍｅｔａ　Ｇａｔｅ　ｔｅｃｈｎｏｌｏｇｙ株式会社,東京都中央区湊２丁目１１番１号シティタワー銀座東８２３室,2023-06-06,株式会社
ＭｅｔａＦｕｓｉｏｎ株式会社,東京都千代田区神田須田町１丁目８番地３,2023-06-06,株式会社
Ｍｉｌｏ　ｄｅ　Ａｃｅ株式会社,東京都港区芝２丁目２８番１１号ＬｉｎｋＳｐａｃｅ芝５１２,2023-06-06,株式会社
ＭｏｔｈｅＲ株式会社,沖縄県中頭郡読谷村字波平３５７番地２,2023-06-06,株式会社
ＮＥＯ　ＳＹＳＴＥＭＳ株式会社,東京都練馬区豊玉中２丁目１番１３－１４０３号,2023-06-06,株式会社
ＮＰＯ法人やすらぎ荘,福岡県福岡市博多区銀天町２丁目１番２６－２０６号ライオンズマンション南福岡中央,2023-06-06,その他の設立登記法人
ＰＲＡ株式会社,東京都港区北青山１丁目３番３号三橋ビル８Ｆ,2023-06-06,株式会社
ＰＲＯＳＴＥＭＩＣＳ　ＩＮＴＥＲＮＡＴＩＯＮＡＬ株式会社,東京都江戸川区西一之江１丁目３番１３号１Ｆ,2023-06-06,株式会社
ＰＴＡ合同会社,東京都北区中里１丁目３７－８クレセンスソフィア１０１,2023-06-06,合同会社
Ｐｅｒｓｏｎ株式会社,大阪府門真市上野口町５９番２０号,2023-06-06,株式会社
ＰｉＰｉ　Ｈｏｕｓｅ合同会社,千葉県船橋市本郷町５３０番地１ライネスハイム西船橋５０３号,2023-06-06,合同会社
Ｑｕａｌｉｔｙ　Ｌｉｆｅ　Ｃｏｎｓｕｌｔｉｎｇ株式会社,埼玉県さいたま市浦和区常盤９丁目１５－２０ザ・パークハウス浦和常盤４０５,2023-06-06,株式会社
ＲＥＹ株式会社,東京都渋谷区道玄坂１丁目１０番８号渋谷道玄坂東急ビル２Ｆ－Ｃ,2023-06-06,株式会社
Ｒｅ．ＰＬＵＳＩＥ合同会社,群馬県伊勢崎市田中島町１５０７番地４パークハイツＢ棟１０１号室,2023-06-06,合同会社
Ｒｅｖｏｌｖｅ　Ｆｉｔｎｅｓｓ株式会社,大阪府大阪市城東区東中浜６丁目１７番１７号荒川マンション３０３号,2023-06-06,株式会社
Ｓ　Ｒｅ，Ｌｉｆｅ株式会社,神奈川県大和市上草柳６丁目７番１７号,2023-06-06,株式会社
ＳＫＹ　ＷＯＲＫ株式会社,福島県石川郡古殿町大字大久田字茗荷９４番地,2023-06-06,株式会社
ＳＭＴＯ総合サービス株式会社,東京都江戸川区西瑞江３丁目２３番３６号,2023-06-06,株式会社
ＳＭＸ株式会社,愛知県名古屋市中区丸の内１丁目１５番２０号,2023-06-06,株式会社
ＳＰＩインターナショナル株式会社,滋賀県高島市マキノ町中庄３０４番地,2023-06-06,株式会社
ＳＳコンサルタント合同会社,千葉県四街道市和良比８２６番地１２,2023-06-06,合同会社
ＳＴ＆Ａｓｓｏｃｉａｔｅｓ株式会社,東京都港区赤坂８丁目１１番１号Ｋ６ＣＯＵＲＴ２０１,2023-06-06,株式会社
ＳＴＡＧＥＷＯＲＫＳ合同会社,東京都国分寺市南町２丁目１０番１３号,2023-06-06,合同会社
ＳＷＥＥＴ合同会社,大阪府大阪市阿倍野区昭和町５丁目８番２０号ＣＯＣＯメゾン西田辺６０４,2023-06-06,合同会社
Ｓａｔｉｓｆａｃｔｉｏｎ株式会社,大分県大分市大字羽田１１３７番地２,2023-06-06,株式会社
Ｓｅａｙａ株式会社,東京都台東区松が谷２丁目９番１－２０６号,2023-06-06,株式会社
Ｓｈａｎｇｈａｉ　Ｚｈｉｎｕｏ　Ｔｒａｄｉｎｇ　Ｃｏ．，Ｌｔｄ,,2023-06-06,外国会社等
Ｓｉｇｎ株式会社,東京都新宿区新宿７丁目２７番１２号,2023-06-06,株式会社
Ｓｍｉｔｈ　Ｊａｐａｎ合同会社,東京都港区六本木１丁目９番１０号アークヒルズ仙石山森タワー２８階ベーカー＆マッケンジー法律事務所（外国法共同事業）内,2023-06-06,合同会社
Ｓｕｎｋｉｓｓｅｄ　Ｄｉｖｅｒｓ　Ｏｋｉｎａｗａ合同会社,沖縄県中頭郡読谷村字瀬名波５５８・長浜屋アパートⅡ－２０２,2023-06-06,合同会社
Ｔ‐Ｔｅｃｈｎｏ株式会社,沖縄県宜野湾市伊佐３丁目２７番２４号,2023-06-06,株式会社
Ｔ・Ｉ・Ｕ株式会社,熊本県熊本市東区長嶺南５丁目３番６２号,2023-06-06,株式会社
ＴＡＣＴ　ＨＲ株式会社,東京都板橋区舟渡３丁目９番１１号,2023-06-06,株式会社
ＴＨ　ＳＯＲＡＩ合同会社,大阪府堺市中区新家町３４６番地９,2023-06-06,合同会社
ＴＫＫ株式会社,福岡県糟屋郡篠栗町大字尾仲７００番地２,2023-06-06,株式会社
ＴＭフルネス合同会社,大阪府大阪市北区梅田１丁目２番２－２００号大阪駅前第２ビル２階３の１の２,2023-06-06,合同会社
ＴＯＭＯＮＩＭＡＥ合同会社,大分県大分市大字羽田１０７７番地の７,2023-06-06,合同会社
ＴｅｃｈＡｒｏｕｎｄＬａｂ合同会社,福岡県福岡市中央区天神２丁目２番１２号Ｔ＆Ｊビルディング７Ｆ,2023-06-06,合同会社
ＵＫホテルマネジメント合同会社,東京都港区浜松町２丁目４番１号,2023-06-06,合同会社
ＵＲＯＯＭ株式会社,東京都中央区日本橋堀留町１丁目９番６号ゼネラルビル７Ｆ,2023-06-06,株式会社
ＷＡＧＡＮＳＥ合同会社,東京都町田市原町田６丁目７番２号きめたハウジング第１７ビル２Ｆ,2023-06-06,合同会社
Ｗａｒｐｅｘ　Ｊａｐａｎ株式会社,福岡県福岡市東区和白東１丁目１６番１５号,2023-06-06,株式会社
ＷｅＣａｐｉｔａｌ　Ｈｉｒｏｓｈｉｍａ合同会社,広島県広島市西区楠木町４丁目７番１７号,2023-06-06,合同会社
ＷｉｓＹ株式会社,岐阜県大垣市島里１丁目９５番地４,2023-06-06,株式会社
Ｚｙｕｒｏｎｇ　Ｄｅｖｅｌｏｐｍｅｎｔ　Ｌｉｍｉｔｅｄ,,2023-06-06,外国会社等
ａｍｉｃｕｓ株式会社,東京都品川区戸越６丁目９番３号アビタシオン島田３０２,2023-06-06,株式会社
ａｔ　Ａｋａｔｓｕｋｉ株式会社,東京都中央区日本橋室町１丁目１１番１２号日本橋水野ビル７階,2023-06-06,株式会社
ｂｏｘｘ合同会社,東京都中央区佃２丁目１１－６－１３０５,2023-06-06,合同会社
ｄｏｎｇｇｕａｎｓｈｉｄｅｓｈｅｎｇｆｕｓｈｉｋｅｊｉｙｏｕｘｉａｎｇｏｎｇｓｉ,,2023-06-06,外国会社等
ｇｅｒｍｉｎａｎｄｏ株式会社,大阪府大阪市中央区平野町２丁目３番７号アーバンエース北浜ビル１階,2023-06-06,株式会社
ｇｕａｎｇｚｈｏｕｈｏｎｇｔａｉｌａｉ　ｓｈａｎｇｍａｏｙｏｕｘｉａｎｇｏｎｇｓｉ,,2023-06-06,外国会社等
ｇｕａｎｇｚｈｏｕｓｈｉ　ｍａｎｋａ　ｍａｏｙｉｙｏｕｘｉａｎｇｏｎｇｓｉ,,2023-06-06,外国会社等
ｇｕａｎｇｚｈｏｕｓｈｉｌｏｎｇｌｉｎｄｉａｎｚｉｓｈａｎｇｗｕｙｏｕｘｉａｎｇｏｎｇｓｉ,,2023-06-06,外国会社等
ｈａｎｇｚｈｏｕａｏｂｏｒｉｍａｏｙｉｙｏｕｘｉａｎｚｅｒｅｎｇｏｎｇｓｉ,,2023-06-06,外国会社等
ｉＲＧＣＨｉ株式会社,東京都北区赤羽１丁目７番９号赤羽第一葉山ビル４Ｆ,2023-06-06,株式会社
ｉｔｏｕ株式会社,大阪府大阪市浪速区浪速東１丁目１０－１０－７０５,2023-06-06,株式会社
ｍｅｔｉｍｅ株式会社,東京都渋谷区千駄ヶ谷３丁目５３番１３号エルミタージュ原宿４０３,2023-06-06,株式会社
ｍｏｒｅＴＯＫＹＯ株式会社,東京都中央区銀座１丁目１２番４号,2023-06-06,株式会社
ｓｈｅｎ　ｚｈｅｎ　ｐｕ　ｃｕｉ　ｋｅ　ｘｕｅ　ｙｉｑｉ　ｙｏｕ　ｘｉａｎ　ｇｏｎｇ　ｓｉ,,2023-06-06,外国会社等
ｓｈｅｎｚｈｅｎｓｈｉ　ｈａｎｙｕｅｎｕｏ　ｋｅｊｉｙｏｕｘｉａｎｇｏｎｇｓｉ,,2023-06-06,外国会社等
ｓｈｅｎｚｈｅｎｓｈｉ　ｌｉｎｇｙｕｅｘｕｎｍａｏｙｉｙｏｕｘｉａｎｇｏｎｇｓｉ,,2023-06-06,外国会社等
ｓｈｅｎｚｈｅｎｓｈｉｆｅｎｇｙｏｕｙｕｎｋｅｊｉｙｏｕｘｉａｎｇｏｎｇｓｉ,,2023-06-06,外国会社等
ｓｈｅｎｚｈｅｎｓｈｉｍｏｂｅｉｋｅｊｉｙｏｕｘｉａｎｇｏｎｇｓｉ,,2023-06-06,外国会社等
ｓｈｅｎｚｈｅｎｓｈｉｑｉａｎｙａｋｅｊｉｙｏｕｘｉａｎｇｏｎｇｓｉ,,2023-06-06,外国会社等
ｓｉｃ合同会社,東京都渋谷区神宮前６丁目２３番４号桑野ビル２階,2023-06-06,合同会社
ｕｎｄｅｒｓｔｕｄｙ合同会社,東京都中央区銀座１丁目２２番１１号,2023-06-06,合同会社
あすなろ税理士法人,愛知県一宮市栄３丁目５番１８号,2023-06-07,その他の設立登記法人
あまてらすホールディングス株式会社,熊本県熊本市南区御幸笛田２丁目１５番３８号,2023-06-07,株式会社
いろはグループ合同会社,京都府京都市西京区山田中吉見町５番地１２,2023-06-07,合同会社
かいな合同会社,神奈川県鎌倉市稲村ガ崎２丁目１０番２２号,2023-06-07,合同会社
きらり株式会社,愛知県名古屋市中川区服部４丁目６０９番地の２,2023-06-07,株式会社
さくら空調株式会社,栃木県さくら市馬場７９０番地１,2023-06-07,株式会社
つなぐ合同会社,静岡県三島市沢地１４９‐３０,2023-06-07,合同会社
ながのスマートパワー株式会社,長野県長野市大字南長野西後町６１０番地１２,2023-06-07,株式会社
はれやか株式会社,神奈川県横浜市保土ケ谷区川島町５３９番地２２,2023-06-07,株式会社
ひじり建設株式会社,大阪府岸和田市戎町５番１６号,2023-06-07,株式会社
ひにもり合同会社,東京都武蔵野市境２丁目４－３スヤマ武蔵野１階,2023-06-07,合同会社
アイテック株式会社,大阪府岸和田市真上町１４２番地の４,2023-06-07,株式会社
アシストサービス株式会社,埼玉県八潮市大瀬１丁目８番地８,2023-06-07,株式会社
アスメディカル合同会社,大分県別府市野口中町５番１６号,2023-06-07,合同会社
アスリンクソフト合同会社,北海道札幌市中央区北二条西２丁目３番２号第３７桂和ビル５階,2023-06-07,合同会社
アセットホーム株式会社,大阪府吹田市千里山西４丁目３７番１－１４０５号,2023-06-07,株式会社
アタッチ合同会社,沖縄県那覇市銘苅３丁目１－２９－４０１,2023-06-07,合同会社
アトレホールディングス株式会社,福岡県福岡市博多区博多駅南６丁目１２番３０号,2023-06-07,株式会社
アンドムーブ合同会社,神奈川県横浜市都筑区茅ケ崎中央５６番４,2023-06-07,合同会社
イングペイント合同会社,大分県大分市舞鶴町１丁目３番３０号ＳＴビル９Ｆ,2023-06-07,合同会社
インフォート弁理士法人,東京都千代田区紀尾井町３番１２号,2023-06-07,その他の設立登記法人
ウイングブライト株式会社,山梨県甲府市丸の内２丁目２－１ＣＲＯＳＳ５００、１Ｆ,2023-06-07,株式会社
ウエストベアー株式会社,福岡県福岡市中央区大名１丁目８番４－１００号エクシード大名,2023-06-07,株式会社
エストレージャ株式会社,大阪府大阪市中央区松屋町３番２３－１１０７号,2023-06-07,株式会社
エタニティ株式会社,東京都江戸川区西葛西２丁目１６番２０号,2023-06-07,株式会社
エピュレクローゼット合同会社,東京都武蔵野市吉祥寺北町１丁目４番９号１,2023-06-07,合同会社
オーベルグランディオ八王子エアーズ管理組合,東京都八王子市八幡町４－１１,2023-06-07,その他
オールブルー株式会社,北海道札幌市西区琴似二条２丁目３番１－４１３号,2023-06-07,株式会社
カルド株式会社,福岡県福岡市東区香椎浜４丁目１番１３－７０１号,2023-06-07,株式会社
キャニオンブリーズ合同会社,神奈川県横浜市港北区新羽町５７７番地１クリオ新横浜北壱番館６０４号,2023-06-07,合同会社
キャベツ・システムズ合同会社,東京都渋谷区神南１丁目１１－３,2023-06-07,合同会社
クジゴジ会計株式会社,和歌山県和歌山市太田４丁目３－５,2023-06-07,株式会社
クリエイティブスケッチ株式会社,大阪府大阪市北区堂島２丁目１番１６号,2023-06-07,株式会社
グロービ・ジャパン合同会社,東京都千代田区丸の内１丁目１１番１号パシフィックセンチュリープレイス丸の内１３階,2023-06-07,合同会社
ケネディクス・グリーンエナジー株式会社,東京都千代田区内幸町２丁目１番６号,2023-06-07,株式会社
コリンズ合同会社,神奈川県愛甲郡愛川町半原４１４番地の１５,2023-06-07,合同会社
シャンス株式会社,北海道札幌市東区丘珠町８７０番地２７,2023-06-07,株式会社
シヤチハタブランドアンドセキュリティーズ株式会社,愛知県名古屋市西区天塚町４丁目６９番地,2023-06-07,株式会社
スカイホーム株式会社,埼玉県さいたま市桜区西堀２丁目５番１９号,2023-06-07,株式会社
スクワッドスターズ株式会社,東京都千代田区丸の内１丁目１１番１号,2023-06-07,株式会社
スライブ商事株式会社,埼玉県さいたま市浦和区瀬ヶ崎１丁目２４番６－１０号１Ｆ,2023-06-07,株式会社
スリーフォース株式会社,東京都江東区豊洲３丁目４番２－２１０２号,2023-06-07,株式会社
ソリッド・インターナショナル株式会社,福岡県福岡市早良区百道浜１丁目２番６号,2023-06-07,株式会社
タイラファーム株式会社,静岡県牧之原市坂口１５９３番地,2023-06-07,株式会社
タニデジタルラボ株式会社,東京都東久留米市氷川台２丁目１１番３号,2023-06-07,株式会社
チャオエンタープライズ株式会社,東京都渋谷区神宮前５丁目８番８号,2023-06-07,株式会社
テトラソリューションズ株式会社,京都府京都市上京区宮垣町９１－１０２,2023-06-07,株式会社
テラノホールディングス株式会社,新潟県長岡市三島新保４２０番地,2023-06-07,株式会社
トクダオート株式会社,広島県尾道市高須町４８４０番地１９,2023-06-07,株式会社
トラスト株式会社,熊本県熊本市東区湖東１丁目１５番４号１０１室,2023-06-07,株式会社
ナインテック合同会社,熊本県熊本市東区下江津８丁目２－１２,2023-06-07,合同会社
ナミキアソシエイツ株式会社,神奈川県横須賀市衣笠栄町１丁目４３番地並木ビル２階,2023-06-07,株式会社
ネクスト合同会社,東京都中央区銀座１丁目１２番４号Ｎ＆ＥＢＬＤ．６Ｆ,2023-06-07,合同会社
バンザイサービス広島北株式会社,広島県広島市安佐南区上安６丁目４番３５号,2023-06-07,株式会社
ファクリエ株式会社,大阪府泉大津市式内町６番２２号,2023-06-07,株式会社
フィービープランニング株式会社,山口県宇部市大字西岐波字西宮ノ後８０８番３,2023-06-07,株式会社
ブルーローズ株式会社,群馬県伊勢崎市波志江町１０２１番地２,2023-06-07,株式会社
プロップス株式会社,東京都渋谷区円山町２８番１号渋谷道玄坂スカイビル１１Ｆ,2023-06-07,株式会社
ベイ不動産株式会社,宮城県塩竈市藤倉３丁目１７番９号ＳＳオフィスＢ棟,2023-06-07,株式会社
ホスピタソンエステート株式会社,大阪府大阪市北区梅田２丁目２番２号ヒルトンプラザウエストオフィスタワー１９階,2023-06-07,株式会社
ホッとケアファミリー株式会社,千葉県成田市橋賀台１丁目１７番地４７,2023-06-07,株式会社
ホワイトトラスト株式会社,奈良県香芝市逢坂４丁目２７４番地１５,2023-06-07,株式会社
ホ田市優値電子商務有限公司,,2023-06-07,外国会社等
ポレスター大町管理組合法人,愛媛県西条市大町１７０７番地１９,2023-06-07,その他の設立登記法人
マクトゥーブス合同会社,東京都調布市仙川町１丁目１９番地１１－１階,2023-06-07,合同会社
マルシンツリー株式会社,秋田県仙北市田沢湖卒田字白籏１２３番地,2023-06-07,株式会社
マルタカ林商株式会社,東京都中央区銀座１丁目２２番１１号銀座大竹ビジデンス２Ｆ,2023-06-07,株式会社
ミヤコプロパティーズ合同会社,沖縄県宮古島市平良字下里２６８番地５,2023-06-07,合同会社
メディアール株式会社,東京都文京区小石川２丁目１１番３号,2023-06-07,株式会社
モビリティサービスオオムラ株式会社,長崎県長崎市野母町１１６９番地１,2023-06-07,株式会社
ユリイカ株式会社,東京都練馬区早宮４丁目３番８号,2023-06-07,株式会社
ライズエンジニアリング株式会社,東京都中央区日本橋蛎殻町１丁目１１番３号,2023-06-07,株式会社
ライフテック株式会社,神奈川県横浜市港北区樽町１丁目１８番５１－２号,2023-06-07,株式会社
ライフライン合同会社,神奈川県平塚市豊原町１２番１２号,2023-06-07,合同会社
リタ・セ・フュージョン株式会社,静岡県浜松市中区西浅田２丁目５番３７号（１０２）,2023-06-07,株式会社
リライオン合同会社,東京都荒川区南千住５丁目２４番７号,2023-06-07,合同会社
一般社団法人いきいきライフ協会くにたち,東京都国立市東１丁目１５番地２１,2023-06-07,その他の設立登記法人
一般社団法人たじみ音楽でまちづくり市民協議会,岐阜県多治見市前畑町２丁目４６番地,2023-06-07,その他の設立登記法人
一般社団法人はまちょう,鹿児島県鹿児島市谷山中央１丁目４１０４番地１４,2023-06-07,その他の設立登記法人
一般社団法人みんなの協会,東京都品川区西五反田２丁目１９番３号五反田第一生命ビルディング５階,2023-06-07,その他の設立登記法人
一般社団法人らしさクリエイト,鹿児島県鹿児島市吉野町６００２番地４,2023-06-07,その他の設立登記法人
一般社団法人アルファグループ,東京都新宿区新宿３丁目１１番６号エクレ新宿１３階,2023-06-07,その他の設立登記法人
一般社団法人アルベルゴディフーゾ新湊を拓く会,富山県射水市八幡町２丁目１番１１号,2023-06-07,その他の設立登記法人
一般社団法人イゴカス,徳島県那賀郡那賀町大戸字和無田２４番地１,2023-06-07,その他の設立登記法人
一般社団法人エンプレＳＨＩＰ,山形県山形市十日町４丁目１番４号ヒカリビル３Ｆ,2023-06-07,その他の設立登記法人
一般社団法人オーシャンホールディングス,東京都世田谷区下馬２丁目２２番９号,2023-06-07,その他の設立登記法人
一般社団法人キルクルス企画,東京都文京区千駄木１丁目２番８号フォレストヒルズ千駄木１０２,2023-06-07,その他の設立登記法人
一般社団法人クラウドネイティブイノベーターズ協会,東京都中央区銀座１丁目１２番４号Ｎ＆Ｅ・ＢＬＤ．６Ｆ,2023-06-07,その他の設立登記法人
一般社団法人サクセサビリティ,茨城県つくば市天王台１丁目１番１,2023-06-07,その他の設立登記法人
一般社団法人スクールライフ,神奈川県小田原市本町２丁目４番２３号,2023-06-07,その他の設立登記法人
一般社団法人スポーツ推進機構,東京都中央区佃２丁目１番１－３８０５号,2023-06-07,その他の設立登記法人
一般社団法人スマイルサポートＪａｐａｎ,福岡県福岡市博多区住吉５丁目１番１５－１２０６号,2023-06-07,その他の設立登記法人
一般社団法人セントラルウインドアカデミー,三重県四日市市十七軒町１２番１３号,2023-06-07,その他の設立登記法人
一般社団法人ナカムラＹＴ,東京都目黒区柿の木坂１丁目２７番１０号,2023-06-07,その他の設立登記法人
一般社団法人ハル,三重県鈴鹿市西庄内町１５１８,2023-06-07,その他の設立登記法人
一般社団法人リンク,静岡県沼津市足高５４７番地の２,2023-06-07,その他の設立登記法人
一般社団法人京都民事信託協会,京都府京都市北区紫野東御所田町９番地,2023-06-07,その他の設立登記法人
一般社団法人佐賀労務支援協会,佐賀県佐賀市兵庫北２丁目１９番１０号プレジールコート夢咲１階,2023-06-07,その他の設立登記法人
一般社団法人全国エコエネルギー活用推進協会,東京都稲城市矢野口１５６番地の３,2023-06-07,その他の設立登記法人
一般社団法人全国映画センター,東京都文京区本郷５丁目２０番４号,2023-06-07,その他の設立登記法人
一般社団法人宗教者支援協会,兵庫県神戸市東灘区深江北町２丁目８番６号,2023-06-07,その他の設立登記法人
一般社団法人御福プロパティーズ,東京都千代田区丸の内３丁目１番１号東京共同会計事務所内,2023-06-07,その他の設立登記法人
一般社団法人文化財修理表装裂継承協会,京都府京都市中京区夷川通堺町東入絹屋町１２８番地,2023-06-07,その他の設立登記法人
一般社団法人日本ネイルサロンサービス検定協会,兵庫県尼崎市東園田町４丁目９５番１４号,2023-06-07,その他の設立登記法人
一般社団法人日本美容医療Ｂｒａｎｄｎｅｗ協会,東京都渋谷区神宮前４丁目２４番１号,2023-06-07,その他の設立登記法人
一般社団法人日本防衛問題研究所,東京都千代田区内神田１丁目１８番１１号,2023-06-07,その他の設立登記法人
一般社団法人福知山地域振興社,京都府福知山市字京１３番地の６,2023-06-07,その他の設立登記法人
一般社団法人青少年投資教育協会,東京都渋谷区恵比寿４丁目２０番２－１３０９号,2023-06-07,その他の設立登記法人
一般社団法人高知かつお漁業振興協会,高知県高知市本町１丁目６番２１号,2023-06-07,その他の設立登記法人
一般社団法人２分,奈良県生駒市元町１丁目４番６号,2023-06-07,その他の設立登記法人
一般社団法人ＥＮＩＳＩＡ,徳島県板野郡藍住町笠木字東野１３番地８,2023-06-07,その他の設立登記法人
一般社団法人ＨＷＡ協会,東京都千代田区内神田２丁目５番３号,2023-06-07,その他の設立登記法人
一般社団法人ＩＴエンジニアリングサービス協会,東京都千代田区神田和泉町１番地６－１６ヤマトビル４０５,2023-06-07,その他の設立登記法人
一般社団法人ＫＮＰ,東京都新宿区四谷２丁目９番地１５東京ユナイテッド綜合事務所内,2023-06-07,その他の設立登記法人
一般社団法人Ｎ２,東京都千代田区丸の内３丁目１番１号東京共同会計事務所内,2023-06-07,その他の設立登記法人
一般社団法人ＮＣＵ　ＣＲＥＳＳ,愛知県名古屋市瑞穂区春山町１４番地の１－３０５,2023-06-07,その他の設立登記法人
一般社団法人ＯＣＥＡＮ,神奈川県横浜市西区みなとみらい４丁目３番６号ＫＴビル１階,2023-06-07,その他の設立登記法人
一般社団法人ＳＭＩＬＩＮＫ,岐阜県大垣市領家町１丁目６３番地２,2023-06-07,その他の設立登記法人
一般財団法人ベル財団,東京都中央区日本橋室町１丁目１０番１１号,2023-06-07,その他の設立登記法人
一般財団法人小池汪記念財団,神奈川県川崎市宮前区宮崎２丁目８番地５,2023-06-07,その他の設立登記法人
中村建設株式会社,静岡県静岡市葵区柳町１８７番地の３,2023-06-07,株式会社
久米島オーシャンジェット株式会社,沖縄県島尻郡久米島町字兼城２番地の３,2023-06-07,株式会社
二垣行政書士法人,岡山県岡山市北区津島西坂２丁目５番１１号,2023-06-07,その他の設立登記法人
互恵ホームズ株式会社,愛知県名古屋市港区新茶屋５丁目２７２３番地,2023-06-07,株式会社
仁瓦堂株式会社,茨城県桜川市長方６５１番地１,2023-06-07,株式会社
以諾株式会社,東京都江東区亀戸５丁目２５－９金沐莊２０２,2023-06-07,株式会社
光基礎工業株式会社,千葉県柏市藤ケ谷１１９７番２,2023-06-07,株式会社
光矢株式会社,愛知県一宮市木曽川町黒田六ノ通り２８番地,2023-06-07,株式会社
八十八株式会社,神奈川県藤沢市鵠沼石上１丁目７番８号ビッグライズビル５Ｆ,2023-06-07,株式会社
共栄自動車整備株式会社,千葉県木更津市潮浜２丁目１番地３９,2023-06-07,株式会社
分水町バイオマス発電所合同会社,東京都千代田区大手町１丁目１番１号大手町パークビルディング７１２区,2023-06-07,合同会社
分水町再開発合同会社,東京都千代田区大手町１丁目１番１号大手町パークビルディング７１２区,2023-06-07,合同会社
分水町太陽光発電合同会社,東京都千代田区大手町１丁目１番１号大手町パークビルディング７１２区,2023-06-07,合同会社
力丸不動産株式会社,福島県郡山市堤下町５番２２号,2023-06-07,株式会社
医療法人なんば歯科医院,大分県杵築市大字杵築６６５番地２６２,2023-06-07,その他の設立登記法人
医療法人なんぶ歯科クリニック,石川県金沢市駅西新町３丁目１番３１号,2023-06-07,その他の設立登記法人
医療法人遥杏会,福岡県北九州市小倉北区馬借１丁目１番１７号ＫＯＫＵＲＡＴＯＷＥＲ１階,2023-06-07,その他の設立登記法人
南海株式会社,東京都墨田区横川３丁目６番７号２－Ｐ室,2023-06-07,株式会社
友愛株式会社,愛知県新城市上平井２８５番地３,2023-06-07,株式会社
司法書士法人福村事務所,大阪府大阪市中央区平野町２丁目６番１１号,2023-06-07,その他の設立登記法人
合同会社あけぼの,熊本県宇城市不知火町松合７５２番地,2023-06-07,合同会社
合同会社いろは,福岡県大野城市乙金台２丁目８番４号ホワイトヴィラ３０２号,2023-06-07,合同会社
合同会社うさみみ,長野県松本市南松本２丁目１番１５－５号,2023-06-07,合同会社
合同会社かしわプリント,東京都渋谷区神宮前３丁目３２番１号Ｂ１Ｆ,2023-06-07,合同会社
合同会社くおん,北海道旭川市豊岡三条２丁目１番２９号リラコートＢ１０２号,2023-06-07,合同会社
合同会社ぐるぐる企画,東京都世田谷区代田１丁目１９番２号－１,2023-06-07,合同会社
合同会社こうの屋,東京都中央区日本橋蛎殻町１丁目３０番２号,2023-06-07,合同会社
合同会社ともゑ霊柩,北海道常呂郡置戸町字置戸５番地の１５,2023-06-07,合同会社
合同会社はりねずみ,栃木県那須塩原市上厚崎２７９番地１１,2023-06-07,合同会社
合同会社ひかりケアプランセンター,熊本県山鹿市久原１８１５番地１,2023-06-07,合同会社
合同会社ぷらむ,鳥取県米子市上福原４丁目７番５２号,2023-06-07,合同会社
合同会社もとい工作所,岐阜県各務原市川島渡町３００番地１,2023-06-07,合同会社
合同会社ゆずりは,鹿児島県鹿児島市永吉２丁目３７番１８号,2023-06-07,合同会社
合同会社わんわん,徳島県鳴門市鳴門町三ツ石字芙蓉山下３８７番地,2023-06-07,合同会社
合同会社アイルウェスト,大阪府大阪市此花区西九条２丁目１０番１３号,2023-06-07,合同会社
合同会社アイ・ディー・エックス,東京都板橋区西台３丁目２５番６号,2023-06-07,合同会社
合同会社アンファンゲン,東京都世田谷区三軒茶屋１丁目３５番２０号３Ｆ,2023-06-07,合同会社
合同会社ウィン体操クラブ,広島県広島市安芸区中野７丁目６番２６号,2023-06-07,合同会社
合同会社エアフォルク,神奈川県茅ヶ崎市代官町８番５号,2023-06-07,合同会社
合同会社エイトビート,埼玉県川口市鳩ヶ谷本町１丁目１番１１－４１０号,2023-06-07,合同会社
合同会社エスエル,神奈川県横須賀市久里浜５丁目９番１０号,2023-06-07,合同会社
合同会社エヌカロッテェ,千葉県袖ケ浦市谷中９７番地３,2023-06-07,合同会社
合同会社エヌレックス,福岡県八女郡広川町大字吉常３４５番地２,2023-06-07,合同会社
合同会社エムリンク,愛知県名古屋市中村区名駅３丁目１番１６号グランドメゾン名駅三丁目５０２,2023-06-07,合同会社
合同会社エルダリゾート,埼玉県加須市花崎北２丁目１６番地１Ｊ－１２０３,2023-06-07,合同会社
合同会社エースワン,東京都新宿区西新宿３丁目３番１３号西新宿水間ビル２Ｆ,2023-06-07,合同会社
合同会社オセアン,徳島県徳島市川内町大松２３番地の７,2023-06-07,合同会社
合同会社オービット,北海道札幌市白石区本通２丁目南６番２号,2023-06-07,合同会社
合同会社カーメイク八和,愛知県一宮市奥町字川並東６２番地,2023-06-07,合同会社
合同会社キッカケ,大阪府大阪市阿倍野区長池町１番８号ヨシイハイツ２０２号室,2023-06-07,合同会社
合同会社キャニオン,福岡県福岡市南区五十川２丁目２７番１６号,2023-06-07,合同会社
合同会社クリーム,東京都武蔵野市吉祥寺東町１丁目１８番１３号,2023-06-07,合同会社
合同会社クルリンパ,岡山県高梁市川上町下大竹２０８５番地,2023-06-07,合同会社
合同会社グレーシズ,兵庫県神戸市北区鹿の子台南町４丁目１６番４号,2023-06-07,合同会社
合同会社ケイセイ工務店,愛知県名古屋市中川区西中島２丁目６０５番地,2023-06-07,合同会社
合同会社ケースエイト,東京都新宿区西新宿３丁目３番１３号西新宿水間ビル２Ｆ,2023-06-07,合同会社
合同会社サインズ,福岡県飯塚市片島１丁目４－７７,2023-06-07,合同会社
合同会社ジェビネ,山梨県北杜市高根町長沢字上手原４９８６－９７４,2023-06-07,合同会社
合同会社スティズム,大阪府大阪市中央区南船場１丁目１６番２７‐４０２号,2023-06-07,合同会社
合同会社スリール,沖縄県浦添市牧港２丁目５０－３－５０４,2023-06-07,合同会社
合同会社セツデザインルーム,東京都渋谷区道玄坂１丁目１０番８号渋谷道玄坂東急ビル２Ｆ－Ｃ,2023-06-07,合同会社
合同会社タピアン,新潟県新潟市中央区鳥屋野３３４番地１,2023-06-07,合同会社
合同会社ダイス,千葉県千葉市花見川区検見川町１丁目７２７番地４－３０３号,2023-06-07,合同会社
合同会社ティーダプランニング,沖縄県うるま市字江洲２１５７番地１２,2023-06-07,合同会社
合同会社データ経済研究所,東京都中央区京橋２丁目６番１６号,2023-06-07,合同会社
合同会社トリガー,神奈川県川崎市高津区溝口３丁目１２番５－８０３号,2023-06-07,合同会社
合同会社ナガナワ,神奈川県横浜市港北区高田西１丁目１４番３‐２０４号,2023-06-07,合同会社
合同会社ノールトレーディングカンパニー,千葉県君津市君津台２丁目６番４号,2023-06-07,合同会社
合同会社ハビタット,東京都墨田区緑３丁目１６番６号緑マンション３０２号,2023-06-07,合同会社
合同会社パック,大阪府大阪市北区梅田１丁目２番２号大阪駅前第２ビル１２‐１２,2023-06-07,合同会社
合同会社ヒラノデンキ,神奈川県川崎市高津区新作３丁目１６番５号,2023-06-07,合同会社
合同会社ファースト,東京都千代田区内神田３丁目１２－５渡辺住研ビル２階,2023-06-07,合同会社
合同会社フィオーレ,福島県郡山市日和田町八丁目字聖坊３２番地３,2023-06-07,合同会社
合同会社フィーネ,東京都世田谷区若林２丁目１９番８号,2023-06-07,合同会社
合同会社フジカワ工務店,東京都練馬区大泉学園町８丁目２５番１号,2023-06-07,合同会社
合同会社ヘップ,東京都杉並区善福寺４丁目１４番３号ＺＥＮＰＵＫＵＪＩ４１４３,2023-06-07,合同会社
合同会社マイトゥルース,東京都江東区北砂４丁目１０－１８,2023-06-07,合同会社
合同会社マリン,千葉県千葉市花見川区検見川町１丁目７２７番地４－３０３号,2023-06-07,合同会社
合同会社ミラクル建物管理,奈良県奈良市二条町２丁目３番３－１号メゾン・未来平城京２階,2023-06-07,合同会社
合同会社メゾンド石打,福岡県北九州市八幡西区三ケ森１丁目４番１号,2023-06-07,合同会社
合同会社メンタルヘルスサポート福島,福島県福島市陣場町５番３０号いげた陣場マンション３０１,2023-06-07,合同会社
合同会社ユーアール,埼玉県川口市東川口６丁目２４－４０－１０２,2023-06-07,合同会社
合同会社ライノス,北海道札幌市東区北三十条東１６丁目１番１－３０３号,2023-06-07,合同会社
合同会社リスタート,東京都葛飾区東新小岩４丁目２２番７号,2023-06-07,合同会社
合同会社レイワプラス,福島県いわき市中央台高久２丁目１０番地の５１,2023-06-07,合同会社
合同会社ワイズワン三重川越,愛知県名古屋市中区栄２丁目３番１号名古屋広小路ビルヂング１７階,2023-06-07,合同会社
合同会社七福神,東京都中央区銀座１丁目１２－４Ｎ＆Ｅ・ＢＬＤ．７階,2023-06-07,合同会社
合同会社三谷会計パートナーズ,東京都新宿区西新宿３丁目３番１３号西新宿水間ビル６階,2023-06-07,合同会社
合同会社住ムＬａｂｓ,栃木県那須郡那須町大字沼野井５４３番地２,2023-06-07,合同会社
合同会社健康計画,京都府京都市上京区寺町通丸太町上る松蔭町１３５,2023-06-07,合同会社
合同会社光画,東京都渋谷区神宮前１丁目１１番１１号グリーンファンタジアビル３０６号,2023-06-07,合同会社
合同会社友栄,北海道北広島市大曲緑ヶ丘７丁目１５番地１０,2023-06-07,合同会社
合同会社可憐華,東京都中央区新川２丁目１９番６－８０４号,2023-06-07,合同会社
合同会社吉岡・友野事務所ＪＶ,福岡県飯塚市有井２５８番地２５,2023-06-07,合同会社
合同会社喫茶室川名,千葉県松戸市松戸１２３０番地,2023-06-07,合同会社
合同会社埼測,埼玉県さいたま市西区大字佐知川１４６番地１,2023-06-07,合同会社
合同会社夜丸ライン,東京都あきる野市小川東２丁目９－１５,2023-06-07,合同会社
合同会社小鳥鈴,福岡県福岡市城南区七隈７丁目３８番１５号レジデンス和光１１６,2023-06-07,合同会社
合同会社志庵,愛知県尾張旭市庄南町１丁目１５－７メゾン清明山Ｂ３１２,2023-06-07,合同会社
合同会社日臨企画,愛知県犬山市大字橋爪字四郎丸５７番地２メゾンレガーメＢ１０５,2023-06-07,合同会社
合同会社未来,島根県出雲市小津町１７３番地４,2023-06-07,合同会社
合同会社桜我興業,山口県下関市汐入町２８番１３号,2023-06-07,合同会社
合同会社楽歩,埼玉県吉川市きよみ野２丁目９番地１６,2023-06-07,合同会社
合同会社正進,千葉県千葉市稲毛区小中台町３４０番地３キャロット１０３号,2023-06-07,合同会社
合同会社津軽自動車学校,青森県つがる市柏稲盛岡本２４番地,2023-06-07,合同会社
合同会社瀬戸内にぎわい工房,兵庫県西宮市段上町３丁目１番２６－１号,2023-06-07,合同会社
合同会社燈灯,宮崎県児湯郡都農町大字川北４６７５番地４,2023-06-07,合同会社
合同会社甲南オフィスプロジェクト,東京都新宿区四谷２丁目９番地１５東京ユナイテッド綜合事務所内,2023-06-07,合同会社
合同会社萬市,大分県大分市小佐井３丁目４番２７号,2023-06-07,合同会社
合同会社蝶々結び,東京都練馬区豊玉中３丁目１９－６－１０４,2023-06-07,合同会社
合同会社誠,愛知県大府市若草町１丁目４３５番地の１９,2023-06-07,合同会社
合同会社誠浩,東京都八王子市横川町８７０番地,2023-06-07,合同会社
合同会社貴喜,広島県安芸郡府中町本町５丁目６番１８－９号１０２号,2023-06-07,合同会社
合同会社距骨＆ＢＯＤＹにしかわ整骨院グループ,神奈川県相模原市南区上鶴間本町７丁目３１番１０号,2023-06-07,合同会社
合同会社逍遥学派,広島県呉市豊町久比２０７６竹本邸,2023-06-07,合同会社
合同会社遡上,北海道釧路市川上町５丁目１野口商会２Ｆ,2023-06-07,合同会社
合同会社関西未来サポート,大阪府吹田市垂水町１丁目１４番３号,2023-06-07,合同会社
合同会社陽昊,岐阜県岐阜市久保見町９０番地,2023-06-07,合同会社
合同会社５０１,東京都渋谷区神宮前６丁目２３番４号桑野ビル２Ｆ,2023-06-07,合同会社
合同会社ＡＦＲＡ　ＮＡＮＡＪＯ,東京都千代田区丸の内３丁目１番１号東京共同会計事務所内,2023-06-07,合同会社
合同会社ＡＩ,東京都江東区木場６丁目３－４－１２１４,2023-06-07,合同会社
合同会社ＡＸＳ,埼玉県さいたま市南区大字広ヶ谷戸２６５－８,2023-06-07,合同会社
合同会社Ａｌｌ　ｉｓ　Ｗｅｌｌ,東京都中央区銀座１丁目１２－４Ｎ＆Ｅ・ＢＬＤ．７階,2023-06-07,合同会社
合同会社Ａｐｌｕｓｓｑｕａｒｅｄ,東京都港区赤坂７丁目５番１５―３０４号Ｆｒｏｍ１ｓｔＡｋａｓａｋａ,2023-06-07,合同会社
合同会社Ａｗｅｓｏｍｅ．ｎｅｔ,神奈川県横浜市西区北幸２丁目１０番地２８むつみビル３Ｆ,2023-06-07,合同会社
合同会社ＣＰＯ５,大阪府大阪市北区梅田１丁目２番２号大阪駅前第２ビル１２－１２,2023-06-07,合同会社
合同会社ＣＵＢＥ　ＳＴＹＬＥ,北海道札幌市手稲区手稲前田５６７－２３,2023-06-07,合同会社
合同会社Ｅ．Ｋ．,愛知県名古屋市天白区植田３丁目２０３番地レザンドール市岡１０３号,2023-06-07,合同会社
合同会社ＦＯＲＥＳＴ,山梨県南都留郡山中湖村山中３３８番地１０,2023-06-07,合同会社
合同会社Ｆｉｒｓｔ　Ｓｔｅｐ,東京都中央区銀座１丁目２２番１１号銀座大竹ビジデンス２Ｆ,2023-06-07,合同会社
合同会社ＧＨＧ,岐阜県各務原市鵜沼朝日町３丁目２４０番地１サンライズマンション１０２,2023-06-07,合同会社
合同会社ＧＭＤ,埼玉県越谷市新川町２丁目３５番１号,2023-06-07,合同会社
合同会社ＧＴ,富山県高岡市中川上町１２番２１号マリオン中川１０２,2023-06-07,合同会社
合同会社Ｇｌａｍｏｕｒ,香川県高松市多肥下町１５７２番地４サーパスサンフラワー通り東７０４号,2023-06-07,合同会社
合同会社Ｇｏｉｎｇ,北海道札幌市北区篠路一条１丁目６番２号,2023-06-07,合同会社
合同会社Ｈ２Ｏ,東京都国分寺市東元町２丁目２－１０,2023-06-07,合同会社
合同会社ＨＡＲＵ,千葉県松戸市千駄堀１６２２番地の１メゾン・ド・オランジェ２０３号,2023-06-07,合同会社
合同会社Ｈａｒｕｔｏ,北海道札幌市白石区中央二条５丁目４番５号,2023-06-07,合同会社
合同会社ＩＲＩＥ　ＴＲＵＴＨ,東京都東村山市本町２丁目８番地１２ライオンズマンション東村山第３・１０７,2023-06-07,合同会社
合同会社ＪＣ１,大阪府豊中市玉井町３丁目５－１ロイヤル豊中玉井町３０５,2023-06-07,合同会社
合同会社Ｋ・Ｈ,愛知県みよし市打越町上屋敷４０番地１５,2023-06-07,合同会社
合同会社Ｋ．Ｄｅｎｔａｌ　Ｃｒａｆｔ,神奈川県平塚市大神１６３２番地の９,2023-06-07,合同会社
合同会社ＫＯＲＰＳ,大阪府東大阪市稲田本町１丁目８番地４号,2023-06-07,合同会社
合同会社ＬＵＩＧＩ　ＪＰ　ＣＯＭＭＵＮＩＣＡＴＩＯＮＳ,東京都渋谷区桜丘町１３番４号ＡＲＯＭＡ桜丘３０４,2023-06-07,合同会社
合同会社Ｌｉｆｅ　Ｊａｐａｎ,東京都中央区日本橋室町１丁目１１番１２号日本橋水野ビル７階,2023-06-07,合同会社
合同会社Ｌｉｍ　Ｇｒｏｕｐ,三重県鳥羽市鳥羽１丁目２３８３－１３,2023-06-07,合同会社
合同会社Ｍ’ｓ,神奈川県川崎市宮前区西野川２丁目１７番２９号,2023-06-07,合同会社
合同会社Ｍ．ＡＦＺＡＬ　ＴＲＡＤＥＲＳ,栃木県小山市大字南半田２０５３－１４スカイピーク２０１,2023-06-07,合同会社
合同会社ＭＢＣ,愛知県名古屋市守山区翠松園２丁目２１８番地の４,2023-06-07,合同会社
合同会社ＭＩＹＡ,東京都品川区戸越４丁目１１番１５－８０３号,2023-06-07,合同会社
合同会社ＭＯＲＯ,神奈川県川崎市宮前区宮崎３丁目１０番地７２,2023-06-07,合同会社
合同会社ＭＳテック,山口県光市島田３丁目３番３６号－１Ｂ,2023-06-07,合同会社
合同会社ＭｏＲＶＥＴ,山形県米沢市金池７丁目３番３号,2023-06-07,合同会社
合同会社ＮＩＨＯＮＳＨＵＫＡＩ,山形県山形市上町２丁目９－５,2023-06-07,合同会社
合同会社Ｎａｐｕｒｅｎｔｓ,静岡県浜松市中区鴨江３丁目８番２５号,2023-06-07,合同会社
合同会社ＮｉＨＩＴＡＲＵ,東京都江東区東陽４丁目５番９号,2023-06-07,合同会社
合同会社ＯＹＡ,東京都中央区日本橋堀留町２丁目６番２－９０７号,2023-06-07,合同会社
合同会社Ｏｆｆｉｃｅ　Ｔ＆Ｎ,大阪府堺市堺区宿院町西３丁２番１４号グラン・ビルド宿院９０７号,2023-06-07,合同会社
合同会社ＰＩ３ＣＥ,北海道亀田郡七飯町大川５丁目４３番１４号,2023-06-07,合同会社
合同会社Ｐｒｏｇｒａｍｅｔｒｉｃ,東京都中央区日本橋２丁目２番３号ＲＩＳＨＥビルＵＣＦ４階,2023-06-07,合同会社
合同会社Ｒ１,東京都板橋区大山金井町４８番６号,2023-06-07,合同会社
合同会社ＲＩＴＡ不動産コンサルティング,鹿児島県姶良市蒲生町上久徳２５５６番地,2023-06-07,合同会社
合同会社ＲＯＫＵ,福岡県福岡市中央区渡辺通５丁目１６番１０－１４０２号Ｆ－ＰＡＲＣＧＲＡＮＤＭＡＲＫ天神,2023-06-07,合同会社
合同会社Ｒｅ．ＺＷＥＬＬ,沖縄県浦添市城間４丁目３０番１０号,2023-06-07,合同会社
合同会社Ｓ・Ｒ,東京都文京区千駄木３丁目４２番１５号,2023-06-07,合同会社
合同会社ＳＨＵＨＯ,香川県高松市今里町４０９番地４３,2023-06-07,合同会社
合同会社ＳＯＬＤＩＡＮＡ,東京都文京区白山５丁目３６番７号松江第一ビル,2023-06-07,合同会社
合同会社Ｓａ‐Ｒａｈ,愛媛県大洲市五郎甲２６８０番地,2023-06-07,合同会社
合同会社Ｓａｔｏ,北海道北広島市大曲柏葉５丁目１６番地２０,2023-06-07,合同会社
合同会社Ｔ．Ｉ．Ｃパートナーズ,東京都中野区中野５丁目５１番１４号稲垣ビル２階,2023-06-07,合同会社
合同会社ＴＡＡＣ,東京都世田谷区松原３丁目６番９号グランチェリー１０２,2023-06-07,合同会社
合同会社ＴＯＢＥｘｘ,東京都墨田区太平２丁目１２－６－１０１,2023-06-07,合同会社
合同会社Ｔｅａｍ　Ａ,東京都新宿区西落合４丁目１番１号,2023-06-07,合同会社
合同会社ＵｎｉＯｎ農林,岩手県花巻市大通り１丁目４番１４号,2023-06-07,合同会社
合同会社Ｕｐ,茨城県常総市上蛇町１０１３－３,2023-06-07,合同会社
合同会社ＶＡＬＵＥＮＴ,東京都中央区築地１丁目５番８－１１０４号,2023-06-07,合同会社
合同会社Ｖｉａｎｄｅ,東京都小金井市緑町４丁目１２番５０号プチ・ジャルダン２０１,2023-06-07,合同会社
合同会社Ｙ＆ＭＣ,東京都新宿区西新宿３丁目３番１３号西新宿水間ビル２Ｆ,2023-06-07,合同会社
合同会社ＹＤ,北海道札幌市白石区東札幌六条６丁目１番５－２０２号,2023-06-07,合同会社
合同会社Ｙｏｓｈｉ,北海道札幌市豊平区平岸六条１３丁目５番１－４２３号,2023-06-07,合同会社
合同会社ａｔＷｉｌｌ,東京都八王子市狭間町１４５５番地２３ウエストサイドＴＯＫＹＯ１０３,2023-06-07,合同会社
合同会社ｂｅｅ,千葉県浦安市北栄４丁目６番１９号,2023-06-07,合同会社
合同会社ｅｌｕ,東京都渋谷区道玄坂１丁目１０番８号渋谷道玄坂東急ビル２Ｆ－Ｃ,2023-06-07,合同会社
合同会社ｆｌｏａｔ　ｏｎ,愛知県豊川市松風町４６番地（１－Ａ）,2023-06-07,合同会社
合同会社ｌｉｎｃｗｉｚ．,東京都渋谷区神泉町２０番２１号クロスシー渋谷神泉ビル,2023-06-07,合同会社
合同会社ｎａｇｇｉ,東京都世田谷区経堂５丁目３番１７号キャニオンコープ経堂１０５,2023-06-07,合同会社
合同会社ｎａｒｉａ,東京都足立区栗原２丁目８番２－２０３号,2023-06-07,合同会社
合同会社ｎｉｉｉ,沖縄県那覇市字国場２５８番地１１,2023-06-07,合同会社
合同会社ｎｏｎａｇｒａｍ,兵庫県西脇市黒田庄町福地４００番地の７,2023-06-07,合同会社
合同会社ｐ．１９６,愛知県名古屋市名東区極楽４丁目９０２－３,2023-06-07,合同会社
合同会社ｓｃｒｉｂｂｌｅ　ｌａｂ．,京都府京都市下京区七条通油小路東入大黒町２２７番地第２キョートビル４０２,2023-06-07,合同会社
合同会社ｔｏｂｉｒａ,北海道虻田郡倶知安町北三条東６丁目４番地１２ＲＩＳＥ　ＮＩＳＥＫＯ３０５,2023-06-07,合同会社
合同会社ｙｕｍｍｙ,埼玉県草加市旭町２丁目１番２３－２０８号,2023-06-07,合同会社
和令ホールディングス株式会社,東京都足立区関原３丁目２９番４－４０８号,2023-06-07,株式会社
和建築工房株式会社,神奈川県川崎市中原区新丸子町７４１番地２．７４１駅前ビル４階,2023-06-07,株式会社
問いの工房合同会社,新潟県新潟市秋葉区中野４丁目１３番５号,2023-06-07,合同会社
土地家屋調査士法人木暮事務所,群馬県渋川市赤城町勝保沢２番地４３,2023-06-07,その他の設立登記法人
大吉つなぐサポート株式会社,福井県坂井市坂井町徳分田第２６号１９番地１,2023-06-07,株式会社
大村リゾート開発株式会社,長崎県佐世保市針尾東町２３０９番地１２,2023-06-07,株式会社
大樹建設株式会社,愛知県日進市岩崎台３丁目１０１３番地,2023-06-07,株式会社
姶良・霧島行政書士法人,鹿児島県姶良市東餅田１２７０番地１２,2023-06-07,その他の設立登記法人
宇都宮理化学株式会社,栃木県宇都宮市馬場通り１丁目１番１－３０７号,2023-06-07,株式会社
安全教育株式会社,東京都渋谷区神宮前１丁目１０番３４号原宿コーポ別館２０１,2023-06-07,株式会社
富士フイルム・ダイオシンス・バイオテクノロジーズ・ジャパン株式会社,東京都港区六本木７丁目１２番２号,2023-06-07,株式会社
富貴営農株式会社,兵庫県丹波篠山市東吹１３８４番地,2023-06-07,株式会社
小田インシュアランス合同会社,群馬県前橋市富士見町皆沢３１９番地８,2023-06-07,合同会社
小田工務店株式会社,北海道茅部郡鹿部町字宮浜６７番地１９,2023-06-07,株式会社
岩戸商事株式会社,宮崎県西臼杵郡高千穂町大字岩戸７６２８番地３,2023-06-07,株式会社
岩楯塗装株式会社,北海道釧路市文苑２丁目１１番９号,2023-06-07,株式会社
岩美日中合同会社,静岡県湖西市南台４丁目２番８６号,2023-06-07,合同会社
弁護士法人あおい法律事務所,静岡県静岡市葵区追手町２－２０ヤマムラビル追手町９階,2023-06-07,その他の設立登記法人
弁護士法人三木町綜合法律事務所,和歌山県和歌山市三木町南ノ丁１８番地ライオンズマンション和歌山三木町２０１号,2023-06-07,その他の設立登記法人
征和株式会社,東京都足立区谷中５丁目２番６－１０２号,2023-06-07,株式会社
恵勝建設株式会社,埼玉県入間市大字新光３０６番地１３７,2023-06-07,株式会社
技研ホールディングス株式会社,東京都板橋区新河岸２丁目８番２４号,2023-06-07,株式会社
敬恵商事株式会社,東京都板橋区徳丸４丁目３１番２７号,2023-06-07,株式会社
日新工業ホールディングス株式会社,兵庫県神戸市西区玉津町居住１９８番,2023-06-07,株式会社
日本ウィステリア株式会社,鳥取県鳥取市湖山町東４丁目２７番地２,2023-06-07,株式会社
日高商事合同会社,福岡県大野城市乙金東１丁目２番５２－１号,2023-06-07,合同会社
有限会社野沢製作所,埼玉県本庄市小島南３丁目７番３２号,2023-06-07,有限会社
未来共創株式会社,東京都千代田区霞が関３丁目６番１４号三久ビル２０２号室,2023-06-07,株式会社
東京宅配株式会社,東京都中央区明石町２番１６号,2023-06-07,株式会社
東洋製薬株式会社,東京都新宿区百人町３丁目１番６号,2023-06-07,株式会社
東陽株式会社,愛知県豊田市西岡町西山２－５,2023-06-07,株式会社
株式会社あべりあ,東京都新宿区百人町１丁目２４－８新宿タウンプラザビル２階Ｇ号室,2023-06-07,株式会社
株式会社いいな農園,岐阜県岐阜市中屋西２５番地,2023-06-07,株式会社
株式会社いくとん,京都府京都市右京区太秦井戸ケ尻町９番地８,2023-06-07,株式会社
株式会社いずも中央不動産,島根県出雲市姫原３丁目１番地５,2023-06-07,株式会社
株式会社おたから金太,東京都中央区銀座６丁目１３番９号９階ｂｉｚｃｕｂｅ,2023-06-07,株式会社
株式会社ここから,東京都板橋区志村３丁目２４番２号,2023-06-07,株式会社
株式会社したみ屋,埼玉県三郷市泉２丁目２０番地３,2023-06-07,株式会社
株式会社そよかぜ,東京都稲城市押立６１５番地の２,2023-06-07,株式会社
株式会社そらうみ,北海道江別市野幌東町３１番地の１,2023-06-07,株式会社
株式会社たなぼた,福岡県福岡市博多区博多駅南２丁目１４番２８－８０５号,2023-06-07,株式会社
株式会社つじ電設工業,大阪府泉南市男里７丁目８番１６号,2023-06-07,株式会社
株式会社なごみペイント,青森県三沢市花園町２丁目４番１号,2023-06-07,株式会社
株式会社ななつ星,東京都板橋区宮本町９番１４号,2023-06-07,株式会社
株式会社なのはな,北海道帯広市西二十二条南４丁目１８番地９タウンアメニティ２２４Ａ号,2023-06-07,株式会社
株式会社なみのカタチ,東京都世田谷区用賀１丁目９番２２号Ｅ５０３,2023-06-07,株式会社
株式会社はち屋,東京都世田谷区等々力５丁目４番１８号,2023-06-07,株式会社
株式会社ぱん,福岡県福岡市中央区天神４丁目６番２８号天神ファーストビル７階,2023-06-07,株式会社
株式会社ひがまつ社中,宮城県東松島市矢本字関の内５５－１６,2023-06-07,株式会社
株式会社ひとのこと,沖縄県沖縄市池原１丁目２３番１０号,2023-06-07,株式会社
株式会社ぺんぎん,千葉県千葉市若葉区大宮台４丁目５－１１,2023-06-07,株式会社
株式会社まるごとコーポレーション,福岡県福岡市博多区東那珂２丁目１４番３３－９０１号,2023-06-07,株式会社
株式会社やまなつ,千葉県松戸市五香西３丁目２４－６,2023-06-07,株式会社
株式会社ゆうなぎワークス,大阪府和泉市伯太町４丁目８番３３号,2023-06-07,株式会社
株式会社ゆうわい設計室,愛知県知多郡武豊町字大門田８番地１－４Ｆ,2023-06-07,株式会社
株式会社ゆーるーる,愛知県名古屋市中川区大塩町２丁目３番地の１,2023-06-07,株式会社
株式会社よねやアグリ,北海道士別市多寄町三十一線西７番地,2023-06-07,株式会社
株式会社アイエス・コーポレーション,大阪府東大阪市西堤学園町１丁目２番３５号,2023-06-07,株式会社
株式会社アイキャップ,新潟県三条市荻堀字藤平１３９７番地４２,2023-06-07,株式会社
株式会社アイシン,群馬県高崎市新保田中町７４３番地１,2023-06-07,株式会社
株式会社アイシーエス,茨城県牛久市柏田町３１８６番地１フローレスリーベＢ－２０１号,2023-06-07,株式会社
株式会社アイテック,千葉県長生郡長生村本郷６２８４番地１,2023-06-07,株式会社
株式会社アイビー,千葉県習志野市津田沼１丁目３－１１昭和第３ビル６Ｆ,2023-06-07,株式会社
株式会社アクアフーズ,大阪府吹田市長野東１１番１１号,2023-06-07,株式会社
株式会社アクリア工設,北海道札幌市北区太平十一条６丁目２番１９号,2023-06-07,株式会社
株式会社アシスト,奈良県吉野郡大淀町大字北野１３２番地の９,2023-06-07,株式会社
株式会社アストラパートナーズ,東京都港区赤坂２丁目１８番１３号,2023-06-07,株式会社
株式会社アスベストＬａｂｏ,愛知県名古屋市中区栄２丁目１２番１２号,2023-06-07,株式会社
株式会社アップストーン,千葉県船橋市本町５丁目２番１号大野ビル３階,2023-06-07,株式会社
株式会社アップリング,福井県坂井市三国町梶第３８号４０番地３,2023-06-07,株式会社
株式会社アティチュード,東京都足立区梅島２丁目１７番１－３０６号,2023-06-07,株式会社
株式会社アトリエ凱風,京都府舞鶴市森本町２２番地５,2023-06-07,株式会社
株式会社アナモグ,東京都中央区銀座１丁目２２番１１号銀座大竹ビジデンス２階,2023-06-07,株式会社
株式会社アングルプラス,東京都千代田区丸の内１丁目６番２号新丸の内センタービル,2023-06-07,株式会社
株式会社アンシンコーポレーション,神奈川県藤沢市花の木５番５号,2023-06-07,株式会社
株式会社アンドＭ,大阪府大阪狭山市東茱萸木１丁目５１３番地の１０,2023-06-07,株式会社
株式会社アンパサンド,大阪府大阪狭山市大野台７丁目１２番７号,2023-06-07,株式会社
株式会社アーネスト工務店,大阪府堺市北区百舌鳥梅町３丁２８－４－２５番,2023-06-07,株式会社
株式会社アールオーイー,東京都千代田区神田和泉町１－６－１６ヤマトビル４０５,2023-06-07,株式会社
株式会社イトカワ電工,香川県高松市国分寺町新居１５３番地３,2023-06-07,株式会社
株式会社イナムラ物産,福島県会津若松市北会津町水季の里１００番地,2023-06-07,株式会社
株式会社イルカシップス,東京都新宿区新宿５丁目１５－５,2023-06-07,株式会社
株式会社インテリア彩装,熊本県八代市八幡町５番１７号,2023-06-07,株式会社
株式会社イーケーワン,東京都目黒区下目黒３丁目２４番２０号,2023-06-07,株式会社
株式会社イーシーズ,青森県平川市唐竹堀合２１番地８,2023-06-07,株式会社
株式会社ウィズヒーロー,千葉県松戸市東松戸１丁目３番地の８東和ビル６０５号,2023-06-07,株式会社
株式会社ウエストアイランド,静岡県静岡市駿河区池田１８５１番地,2023-06-07,株式会社
株式会社エアコンパートナー,愛知県名古屋市守山区廿軒家１５番２２号エレストビル３Ｆ,2023-06-07,株式会社
株式会社エイケイアイ,福岡県福岡市城南区南片江６丁目１１番１５－２０１号,2023-06-07,株式会社
株式会社エステムカンパニー,愛知県名古屋市南区弥次ヱ町２丁目１９番地の１,2023-06-07,株式会社
株式会社エステート横内,千葉県松戸市胡録台１８１番地の１,2023-06-07,株式会社
株式会社エトウホールディングス,福岡県大川市大字鐘ケ江２２７番地２,2023-06-07,株式会社
株式会社エヌエー,神奈川県川崎市中原区小杉町３丁目６００番地,2023-06-07,株式会社
株式会社エフケイワン,千葉県野田市清水６０６番地の６,2023-06-07,株式会社
株式会社エムシステム,東京都府中市白糸台３丁目１６番地の１,2023-06-07,株式会社
株式会社エムズホーム,長崎県長崎市泉３丁目５番１３号,2023-06-07,株式会社
株式会社エルエス,東京都江戸川区船堀７丁目７番４号,2023-06-07,株式会社
株式会社エルモグランデ,大阪府阪南市鳥取中６０１番地の２６,2023-06-07,株式会社
株式会社オネストＫ,福島県郡山市字賀庄１１番地１２,2023-06-07,株式会社
株式会社オフィスワイ,福岡県福岡市早良区百道浜４丁目３１番１－１６０５号,2023-06-07,株式会社
株式会社オフィスＫ,岐阜県各務原市蘇原坂井町１丁目８７番地３,2023-06-07,株式会社
株式会社オムニ工房,大分県別府市餅ケ浜町三丁目３２号,2023-06-07,株式会社
株式会社オントップ,大阪府大阪市浪速区日本橋５丁目１０番２０号,2023-06-07,株式会社
株式会社オーキッドサポート,愛知県名古屋市昭和区南山町２０番地の１８,2023-06-07,株式会社
株式会社カスミヤ,大阪府松原市三宅西２丁目７番４号,2023-06-07,株式会社
株式会社カナシン,福岡県福岡市南区桧原７丁目４８番２１号,2023-06-07,株式会社
株式会社カフゥ,千葉県千葉市稲毛区山王町１８番地１グレート山王１０３号,2023-06-07,株式会社
株式会社カラーエイト,大阪府和泉市和気町１丁目２番２３号,2023-06-07,株式会社
株式会社カリデグ,東京都渋谷区神宮前１丁目１０番３４－８１１号,2023-06-07,株式会社
株式会社キタハマ建装,千葉県佐倉市王子台５丁目３８番地１,2023-06-07,株式会社
株式会社キャリアサポート,東京都大田区北千束１丁目５５番２号,2023-06-07,株式会社
株式会社キララ工務店,福岡県福岡市東区青葉７丁目３８番１１－３０４号ロワールマンション青葉ＷＥＳＴ棟,2023-06-07,株式会社
株式会社キーコネクト,神奈川県厚木市中町３丁目１番１６号信和ビル５Ｆ,2023-06-07,株式会社
株式会社クジラボ,東京都中央区銀座１丁目１４番５号第二五味ビル５階,2023-06-07,株式会社
株式会社クリアブライト,大分県玖珠郡玖珠町大字塚脇５６２番地の１コーポ安部６号,2023-06-07,株式会社
株式会社グラシア,東京都江戸川区松島３丁目２０番１２号,2023-06-07,株式会社
株式会社グラン・ブルー,宮崎県宮崎市薫る坂２丁目２３番７号,2023-06-07,株式会社
株式会社グラン・レーヴ,東京都昭島市中神町１１３９番地８１,2023-06-07,株式会社
株式会社グリュックリッヒ,東京都世田谷区祖師谷６丁目２８番７３号,2023-06-07,株式会社
株式会社グリードクリーン,栃木県宇都宮市野高谷町５４０番地１,2023-06-07,株式会社
株式会社グリーンファーム国頭,沖縄県国頭郡国頭村字辺土名１４４３番地１１,2023-06-07,株式会社
株式会社グロスビットレート,大阪府大阪市北区梅田１丁目２番２号大阪駅前第２ビル１２‐１２,2023-06-07,株式会社
株式会社グローバルファーム,茨城県筑西市伊讃美１７３５番地１,2023-06-07,株式会社
株式会社ケーウィル,群馬県高崎市江木町３９８番地３,2023-06-07,株式会社
株式会社コアの木,千葉県松戸市西馬橋４丁目３４－２,2023-06-07,株式会社
株式会社コミュニケーションデザイン,千葉県市川市欠真間２丁目１６番１２号,2023-06-07,株式会社
株式会社サインアップ,東京都新宿区西新宿７丁目２１番９号,2023-06-07,株式会社
株式会社サウナガレージ,東京都世田谷区桜新町１丁目３４番２５号,2023-06-07,株式会社
株式会社サクシード,大阪府大阪市中央区上町１丁目２番２８－１７０２号,2023-06-07,株式会社
株式会社サクラ,東京都渋谷区神宮前６丁目８番４号,2023-06-07,株式会社
株式会社サクラ工業,埼玉県川口市大字東本郷８０３番地の２５,2023-06-07,株式会社
株式会社サニーウインド,神奈川県大和市中央４丁目１１番９号,2023-06-07,株式会社
株式会社サポーターズ,大阪府高槻市氷室町２丁目２６－１－１００８,2023-06-07,株式会社
株式会社サロベツ牧場,北海道天塩郡豊富町字上サロベツ２８５番地２,2023-06-07,株式会社
株式会社サンキョーイノベーション,愛知県稲沢市正明寺２丁目２２番５号,2023-06-07,株式会社
株式会社サンキープ,京都府京都市伏見区深草向川原町５９番地,2023-06-07,株式会社
株式会社サンロジ,東京都江東区森下３丁目１２番５号,2023-06-07,株式会社
株式会社サン・フォレスト,東京都文京区本郷２丁目１３番１３－５０２号,2023-06-07,株式会社
株式会社シビルエンジニアリングパートナーズ,神奈川県横浜市港北区新吉田東２丁目９番２５－３１６号,2023-06-07,株式会社
株式会社シュティール,東京都文京区本郷３丁目１７番８－２０２号,2023-06-07,株式会社
株式会社シンセイ,静岡県三島市八反畑１１０番地の４,2023-06-07,株式会社
株式会社シー・チェンジ,東京都足立区平野１丁目１１番１０号,2023-06-07,株式会社
株式会社ジョイ・ライフ化粧品研究センター,神奈川県川崎市中原区下小田中２丁目３３番２１－５０２号,2023-06-07,株式会社
株式会社スター・ガレージ,千葉県成田市宝田５５８番地１,2023-06-07,株式会社
株式会社スパイダープロモーション,埼玉県川口市芝新町９番３号,2023-06-07,株式会社
株式会社スペアスペース,愛知県名古屋市中村区名駅４丁目２４番５号第２森ビル４０１,2023-06-07,株式会社
株式会社スペースリフォーム,東京都江戸川区大杉４丁目２５番２号,2023-06-07,株式会社
株式会社スマイノベーション,東京都小平市上水新町３丁目５番２０号,2023-06-07,株式会社
株式会社スモールジャイアンツスタジオ,東京都目黒区平町１丁目６番１３号,2023-06-07,株式会社
株式会社セブコン,愛知県名古屋市中川区中郷１丁目１３５番地アーバンスペース１３５、１０３号室,2023-06-07,株式会社
株式会社センダー,東京都渋谷区神宮前６丁目２３番４号桑野ビル２階,2023-06-07,株式会社
株式会社ソラーナル,熊本県熊本市北区楡木３丁目１１番６－３号,2023-06-07,株式会社
株式会社タカシン,東京都板橋区東新町２丁目２６番１号サンライズマンション１０３号,2023-06-07,株式会社
株式会社タカミ製作所,埼玉県八潮市大字浮塚８８７番地７,2023-06-07,株式会社
株式会社タリアトーレ,東京都千代田区丸の内１丁目６番２号新丸の内センタービル２１階,2023-06-07,株式会社
株式会社ダブルビー,兵庫県川西市下加茂１丁目２９番４号,2023-06-07,株式会社
株式会社チカラニ,神奈川県茅ヶ崎市共恵１丁目１番５号３０１,2023-06-07,株式会社
株式会社ティスト,京都府京都市右京区常盤御池町３番地８,2023-06-07,株式会社
株式会社テフカスクリエーション,愛知県名古屋市中村区鳥居通３丁目３６番地フォーザック鳥居１Ｂ,2023-06-07,株式会社
株式会社デイリーユニフォーム,東京都台東区花川戸１丁目１２番８－７０３号,2023-06-07,株式会社
株式会社デポ,東京都中央区銀座１丁目１２番４号Ｎ＆ＥＢＬＤ．６Ｆ,2023-06-07,株式会社
株式会社デヴァステイター,東京都世田谷区松原１丁目７番９号,2023-06-07,株式会社
株式会社トヨカワロボットサービス,愛知県豊川市平尾町神田９７番地の１６,2023-06-07,株式会社
株式会社トヨデン,千葉県松戸市五香８丁目１８番地の１,2023-06-07,株式会社
株式会社トラトマツ,福岡県うきは市吉井町１０４３番地２,2023-06-07,株式会社
株式会社トリアス,高知県安芸市井ノ口甲２２３９番地２,2023-06-07,株式会社
株式会社ドリームカンパニー,岐阜県岐阜市金華町２丁目７番３号,2023-06-07,株式会社
株式会社ドローン・アーキテクチャア・アンド・アグリカルチャア・テクニカルサービス仙台,宮城県仙台市青葉区旭ケ丘１丁目４２番１－１０４号,2023-06-07,株式会社
株式会社ナカギ,京都府久世郡久御山町藤和田馬場崎野１５番地１近協パレス京都久御山２１１号,2023-06-07,株式会社
株式会社ナルキ工業,青森県五所川原市金木町芦野８４番地７７２,2023-06-07,株式会社
株式会社ニハチ,東京都千代田区神田駿河台２丁目１番地,2023-06-07,株式会社
株式会社ノースアド,北海道旭川市五条西６丁目３番１号ノックフーク１０２号室,2023-06-07,株式会社
株式会社ハウツー,東京都中央区日本橋小伝馬町９－２石田ビル３階,2023-06-07,株式会社
株式会社ハルケン,東京都葛飾区柴又３丁目１３番１６号,2023-06-07,株式会社
株式会社ハートスプラウト,千葉県袖ケ浦市三ツ作１４４７番地４,2023-06-07,株式会社
株式会社ヒガシメタル,愛知県名古屋市東区東片端町１６番地の１プロビデンス東片端５０２号,2023-06-07,株式会社
株式会社ヒューマンネスト,東京都目黒区中目黒３丁目２２番１１号メグロハイム３０３,2023-06-07,株式会社
株式会社ヒンメルダッハ,秋田県大館市有浦１丁目１－１０,2023-06-07,株式会社
株式会社ビクトリーポイント,東京都調布市下石原３丁目２２番地２０,2023-06-07,株式会社
株式会社ビーエーエヌ,岐阜県各務原市前渡東町４丁目１７０番地,2023-06-07,株式会社
株式会社ビートル,和歌山県紀の川市後田１番地３,2023-06-07,株式会社
株式会社フィットスリー不動産,岐阜県岐阜市竜田町１丁目２２番１号リアライズ竜田町１階,2023-06-07,株式会社
株式会社フィールドリバー,東京都江戸川区小松川３丁目１２番２－１１０２号,2023-06-07,株式会社
株式会社フタリボッチルルー,福島県郡山市深沢２丁目１３－１２,2023-06-07,株式会社
株式会社フロンティアーズ,千葉県習志野市鷺沼２丁目１４番２号,2023-06-07,株式会社
株式会社ブライトネス,東京都中央区築地１丁目４－８リビオレゾン東銀座８０２号,2023-06-07,株式会社
株式会社ブライト・ライフ,新潟県上越市稲田４丁目１番３２号,2023-06-07,株式会社
株式会社ブライラント,東京都葛飾区亀有４丁目３４番１５号,2023-06-07,株式会社
株式会社ブルートータス,愛知県豊橋市佐藤４丁目１２番地１,2023-06-07,株式会社
株式会社ブレイブフライ,東京都中央区八丁堀２丁目１５番９号今宮ビル２Ａ,2023-06-07,株式会社
株式会社プロフィッツ,神奈川県横浜市西区平沼１丁目３番１７号宮方ビル４階,2023-06-07,株式会社
株式会社ベルエコル,神奈川県横浜市磯子区森２丁目１５－４６,2023-06-07,株式会社
株式会社ベルサンモール,千葉県市川市妙典４丁目５番２５号ベルサンモール,2023-06-07,株式会社
株式会社ペンキ塗りｂｕｄｄｙ,福島県福島市鳥谷野字宮畑３４番地の５,2023-06-07,株式会社
株式会社ホシケン,福島県会津若松市上町６番１号,2023-06-07,株式会社
株式会社ボウマン＆ＳＲパートナーズ,東京都中央区日本橋２丁目２番３号ＲＩＳＨＥビルＵＣＦ４階,2023-06-07,株式会社
株式会社マキノラボ,東京都目黒区目黒１丁目４番１６号目黒Ｇビル７Ｆ,2023-06-07,株式会社
株式会社マニョリア,神奈川県横浜市西区浅間町１丁目４番３号ウィザードビル４０２,2023-06-07,株式会社
株式会社マミーナオレンジ,東京都墨田区錦糸２丁目１４番７号,2023-06-07,株式会社
株式会社ミツワスタッフ,愛知県名古屋市東区東桜２丁目３番７号,2023-06-07,株式会社
株式会社ミロクトワ,群馬県沼田市坊新田町１２３３番地,2023-06-07,株式会社
株式会社ムラマ,愛知県尾張旭市印場元町１丁目１０番地７,2023-06-07,株式会社
株式会社メイオー,千葉県富里市七栄４８２－１３５,2023-06-07,株式会社
株式会社メディラブ,福岡県福岡市中央区天神２丁目２番１２号Ｔ＆Ｊビルディング７Ｆ,2023-06-07,株式会社
株式会社メトゥール販売,福岡県久留米市宮ノ陣６丁目１０番２５号,2023-06-07,株式会社
株式会社メルズ,東京都目黒区駒場１丁目２６番９号,2023-06-07,株式会社
株式会社メンテナンス,長崎県佐世保市卸本町１番９１号,2023-06-07,株式会社
株式会社モスミー,茨城県稲敷郡河内町手栗３２５,2023-06-07,株式会社
株式会社ユウスイ,愛媛県伊予市米湊１４９５番地３,2023-06-07,株式会社
株式会社ユナイテック,北海道札幌市東区東苗穂十一条１丁目６番６号,2023-06-07,株式会社
株式会社ユースバント,愛知県名古屋市西区則武新町４丁目４番１９号,2023-06-07,株式会社
株式会社ユー・エス・エンタープライズ,神奈川県川崎市宮前区鷺沼４丁目１７番地３グランドメゾン鷺沼ザ・ヴィラ４１５,2023-06-07,株式会社
株式会社ヨシタニホールディングス,鳥取県鳥取市古海３５６番地１,2023-06-07,株式会社
株式会社ヨナゴデザイン,鳥取県米子市福市９１９番地,2023-06-07,株式会社
株式会社ライフラボ・Ｗ,兵庫県神戸市中央区磯上通８丁目１番２９号カサベラビルＣ＆Ｍ４０３号室,2023-06-07,株式会社
株式会社ラスティキッス,埼玉県川越市日東町９番地５,2023-06-07,株式会社
株式会社ラビット引越センター,東京都三鷹市下連雀１丁目９番２８号ガーデン武尊２０２,2023-06-07,株式会社
株式会社ラベンダーの森,北海道札幌市北区北十条西３丁目２３番地ＴＨＥ　ＰＥＡＫ　ＳＡＰＰＯＲＯ　１階,2023-06-07,株式会社
株式会社ラムビエック,大阪府大阪市城東区森之宮２丁目２番２０－８０６号,2023-06-07,株式会社
株式会社ランドエステート,神奈川県横須賀市米が浜通２丁目３番地,2023-06-07,株式会社
株式会社リアルアイ郡山,福島県郡山市田村町金屋字新家８３番地の１,2023-06-07,株式会社
株式会社リアルエステート菅原,東京都大田区矢口１丁目２２番１５号,2023-06-07,株式会社
株式会社リティ,東京都渋谷区神宮前６丁目２３番４号桑野ビル２階,2023-06-07,株式会社
株式会社リノテクト,東京都新宿区高田馬場１丁目１２番１０号美工高田馬場ビル４０２,2023-06-07,株式会社
株式会社リビルドワークス,大阪府大阪市西区南堀江３丁目２番１号,2023-06-07,株式会社
株式会社リベルテ,東京都狛江市西野川２丁目１９番７号,2023-06-07,株式会社
株式会社リホーム大分,大分県大分市畑中４丁目８番３０号,2023-06-07,株式会社
株式会社リークカンパニー,大分県大分市牧１丁目７番１１号,2023-06-07,株式会社
株式会社ルナ＆ステラ,静岡県浜松市中区和合町２０７番地の３４－２Ｆ,2023-06-07,株式会社
株式会社ルプロＣＳジャポン,東京都新宿区須賀町３番地１０,2023-06-07,株式会社
株式会社レアックス,北海道札幌市東区北二十四条東１７丁目１番１４号,2023-06-07,株式会社
株式会社レアレア,山形県東置賜郡川西町大字上小松１１４６番地１４,2023-06-07,株式会社
株式会社レジェンスエム,神奈川県川崎市中原区苅宿１９番１号,2023-06-07,株式会社
株式会社レストレイション,千葉県船橋市上山町２丁目２６６番地６,2023-06-07,株式会社
株式会社レックス・グローバル,埼玉県さいたま市大宮区高鼻町１丁目５６番地ｋｓ氷川の杜３０１号,2023-06-07,株式会社
株式会社レンジャー,岐阜県不破郡垂井町地蔵２丁目４７番地,2023-06-07,株式会社
株式会社ロクジカデザイン,愛知県豊明市新栄町５丁目４３番地２,2023-06-07,株式会社
株式会社ローテックホールディングス,新潟県南魚沼市六日町２２５０番地,2023-06-07,株式会社
株式会社三代目たいめいけん,東京都中央区日本橋室町１丁目９番１０号三忠堂ビル４階,2023-06-07,株式会社
株式会社中井建設,大阪府豊能郡豊能町木代１１２３１番地,2023-06-07,株式会社
株式会社中井架建,香川県坂出市林田町２６２番地２,2023-06-07,株式会社
株式会社中部システム,愛知県名古屋市中区千代田４丁目４－７フェリシタージ４０１,2023-06-07,株式会社
株式会社中部計測診断,愛知県名古屋市緑区定納山１丁目２０１５番地,2023-06-07,株式会社
株式会社丸橋溶工所,滋賀県東近江市五個荘竜田町４２２番地,2023-06-07,株式会社
株式会社二和ドリーム,新潟県長岡市青葉台１丁目甲１２０番地８,2023-06-07,株式会社
株式会社二郎,大阪府高槻市安岡寺町３丁目６－２４,2023-06-07,株式会社
株式会社井上ステンレス,福岡県筑後市大字久富９３番地１,2023-06-07,株式会社
株式会社仁,大分県別府市大字鶴見２８１５番地の６クレドール４０５号,2023-06-07,株式会社
株式会社仁和商会,奈良県桜井市大字東新堂５７４番地の２,2023-06-07,株式会社
株式会社伸住設,青森県青森市大字荒川字筒井４番地３,2023-06-07,株式会社
株式会社侑志,愛知県豊田市汐見町２丁目７１番地１,2023-06-07,株式会社
株式会社光建,静岡県伊豆の国市南條１９４番地の１高野パーキングハイツ２０５号室,2023-06-07,株式会社
株式会社児玉建装,東京都足立区神明３丁目２６番３８号,2023-06-07,株式会社
株式会社八燈,奈良県香芝市狐井１３２番地１ヴィオラパッソⅦ２０１号,2023-06-07,株式会社
株式会社共進建設,大分県大分市森町西３丁目１７番２５－２０１号ＺＥＲＯⅡ森町,2023-06-07,株式会社
株式会社兼子,愛媛県新居浜市中村松木２丁目４番６０号,2023-06-07,株式会社
株式会社円美,千葉県千葉市中央区本千葉町１５－１,2023-06-07,株式会社
株式会社凸建住設,神奈川県横浜市港北区新吉田町２１１番地４,2023-06-07,株式会社
株式会社利他,東京都新宿区神楽坂６丁目３９番地,2023-06-07,株式会社
株式会社加藤架設,北海道札幌市白石区平和通８丁目北１番１０号,2023-06-07,株式会社
株式会社勲一,大阪府大阪市淀川区西中島３丁目８番１５－１２０１号,2023-06-07,株式会社
株式会社北山アセットマネジメント,三重県津市上浜町５丁目１６７番地２,2023-06-07,株式会社
株式会社北栖電業,埼玉県所沢市北原町９２０－７,2023-06-07,株式会社
株式会社北條工業,京都府京都市伏見区横大路畑中町２８番地,2023-06-07,株式会社
株式会社匠機工,鹿児島県霧島市溝辺町崎森２５５０番地３２,2023-06-07,株式会社
株式会社十色,愛知県犬山市大字羽黒字古市場６７番地１,2023-06-07,株式会社
株式会社協伸,茨城県土浦市白鳥町３８８番地８,2023-06-07,株式会社
株式会社向日葵,兵庫県神戸市須磨区妙法寺字女夫岩１０９４－７,2023-06-07,株式会社
株式会社向日葵,東京都中央区銀座３丁目４番１号大倉別館５Ｆ,2023-06-07,株式会社
株式会社城南アカウンティング,東京都目黒区中町１丁目４１番７－１０９号,2023-06-07,株式会社
株式会社大丸通商分割準備会社,千葉県千葉市緑区平山町６８７番地,2023-06-07,株式会社
株式会社大化,兵庫県姫路市南町７６番地姫路城陽ビル４階,2023-06-07,株式会社
株式会社大和警備,千葉県千葉市美浜区高洲２丁目１番１棟１０１５号,2023-06-07,株式会社
株式会社大喜,愛知県知多市つつじが丘４丁目１２番地の１０,2023-06-07,株式会社
株式会社大嶌屋Ｗｅｂクリエイティブ,熊本県宇城市松橋町古保山２７１５番地１９,2023-06-07,株式会社
株式会社大志建創,青森県八戸市湊高台４丁目１５番２０号アルス湊高台Ｅ棟１０１号,2023-06-07,株式会社
株式会社大河原,福島県郡山市田村町上行合字西川原５０番地の４,2023-06-07,株式会社
株式会社太陽,愛知県春日井市勝川町西４丁目７７番地,2023-06-07,株式会社
株式会社好信ホールディングス,愛知県名古屋市熱田区二番２丁目１５番３号,2023-06-07,株式会社
株式会社嬌栄,東京都台東区根岸１丁目５番１６号,2023-06-07,株式会社
株式会社宮内興業,千葉県銚子市高田町４丁目７８１番地,2023-06-07,株式会社
株式会社宮川工業,千葉県市川市欠真間１丁目３番２号,2023-06-07,株式会社
株式会社寺谷建設,静岡県三島市若松町４６６７番地の４７,2023-06-07,株式会社
株式会社小原建装,千葉県千葉市稲毛区宮野木町９２１番地２,2023-06-07,株式会社
株式会社山岡総建,滋賀県彦根市小泉町３９２番地５,2023-06-07,株式会社
株式会社山峯商事,東京都葛飾区西水元６丁目１５番１７－１０１号,2023-06-07,株式会社
株式会社山進,鹿児島県鹿児島市下荒田２丁目１番１号,2023-06-07,株式会社
株式会社山阪,静岡県沼津市大手町１丁目４番２８－４０５号ル・シェモア大手町,2023-06-07,株式会社
株式会社岡山建築工業,大阪府泉大津市池浦町４丁目７番１４号,2023-06-07,株式会社
株式会社峰組,福岡県宮若市竹原３８９番地１,2023-06-07,株式会社
株式会社川口商事,鹿児島県日置市伊集院町麦生田２６４５番地,2023-06-07,株式会社
株式会社希美設計事務所,大阪府大東市泉町１丁目１０番２６号,2023-06-07,株式会社
株式会社常盤テクノサービス,福岡県福岡市西区横浜１丁目２番１５号,2023-06-07,株式会社
株式会社常総,山口県下関市貴船町１丁目１１番１６号,2023-06-07,株式会社
株式会社幕末維新同好会,東京都調布市布田２丁目４０－１,2023-06-07,株式会社
株式会社建機販売サービス,北海道札幌市東区中沼町２８番地１２,2023-06-07,株式会社
株式会社建翔,神奈川県横浜市旭区白根５丁目１０番１号ＡＯＫＩＹＡＢＬＤ２階,2023-06-07,株式会社
株式会社弘成,愛媛県今治市国分１丁目１４番５号,2023-06-07,株式会社
株式会社彌榮,東京都新宿区四谷三栄町４番１４号,2023-06-07,株式会社
株式会社心身堂ホールディングス,大阪府和泉市はつが野６丁目１４番１３号,2023-06-07,株式会社
株式会社想いを紡ぐものがたり,福岡県福岡市中央区天神２丁目２番１２号Ｔ＆Ｊビルディング７Ｆ,2023-06-07,株式会社
株式会社想建,大分県中津市大字蛎瀬８１５番５,2023-06-07,株式会社
株式会社愛錠ロックサービス,福井県越前市芝原５丁目６番２３号,2023-06-07,株式会社
株式会社愛音ｐａｓｓｅｒｅｌｌｅ,福島県福島市飯坂町字銀杏１番地１３,2023-06-07,株式会社
株式会社新珠,宮崎県宮崎市月見ケ丘２丁目１１番４号プチメゾン月見ヶ丘２０３,2023-06-07,株式会社
株式会社新田フェンス,岡山県津山市二宮７９６番地２９,2023-06-07,株式会社
株式会社日々吉,福岡県久留米市日吉町１６－４－５０７,2023-06-07,株式会社
株式会社日本国際教育研究所,東京都港区白金２丁目７番１２号,2023-06-07,株式会社
株式会社明晃電気,栃木県河内郡上三川町大字多功１６２７番地１５,2023-06-07,株式会社
株式会社明翔電設,東京都あきる野市小川４８０番地５,2023-06-07,株式会社
株式会社星心工業,広島県三原市沼田東町釜山４８１番地１Ｂ１０２,2023-06-07,株式会社
株式会社晃成建設,福島県郡山市大槻町字南下大谷７２番地の１,2023-06-07,株式会社
株式会社月城,大阪府岸和田市宮本町４１番１号,2023-06-07,株式会社
株式会社有源,長野県安曇野市豊科高家３６３４番地２５,2023-06-07,株式会社
株式会社朋翎商事,神奈川県横浜市中区山下町１８８番地,2023-06-07,株式会社
株式会社未来インフラ五縁,愛知県一宮市千秋町佐野字白山４８５番地３１,2023-06-07,株式会社
株式会社村上工業,広島県安芸郡海田町南幸町１番３８－１０２号,2023-06-07,株式会社
株式会社東京自言流,東京都世田谷区梅丘１丁目５６番８－３１２号,2023-06-07,株式会社
株式会社松永,愛知県名古屋市北区三軒町２０３番地の２,2023-06-07,株式会社
株式会社松浦空調設備,東京都新宿区新宿３丁目１２番４号新宿Ｎタウンプラザ３０９号,2023-06-07,株式会社
株式会社正管工,東京都青梅市末広町２丁目８番地の３,2023-06-07,株式会社
株式会社沖田実業,京都府京丹後市網野町網野２７２２番地,2023-06-07,株式会社
株式会社沖縄エクステリア,沖縄県宜野湾市大謝名５丁目７番５号,2023-06-07,株式会社
株式会社波戸重機,山梨県富士吉田市上吉田４５１６番地の１１,2023-06-07,株式会社
株式会社清流の里,長野県松本市梓川倭３２２番地１,2023-06-07,株式会社
株式会社渡瀬金属工業,大阪府寝屋川市点野５丁目６番２号,2023-06-07,株式会社
株式会社温人．１２３,北海道札幌市清田区北野三条４丁目７番１８号,2023-06-07,株式会社
株式会社湯目家具百貨店,宮城県仙台市青葉区本町２丁目７番３号,2023-06-07,株式会社
株式会社源島家畜診療所,熊本県球磨郡多良木町大字黒肥地６４１５番地,2023-06-07,株式会社
株式会社濱口,東京都板橋区前野町３丁目１番１－２３０号ときわ台メリーガーデン,2023-06-07,株式会社
株式会社田中工務店,大阪府岸和田市磯上町２丁目１１番１３号,2023-06-07,株式会社
株式会社登,鹿児島県鹿児島市星ヶ峯２丁目３４番１７号,2023-06-07,株式会社
株式会社白金福助,徳島県徳島市銀座１２番地２,2023-06-07,株式会社
株式会社碑文谷塗装,東京都目黒区碑文谷１丁目１７番９号,2023-06-07,株式会社
株式会社祇園町屋,京都府京都市東山区祇園町南側５７０番地２６０,2023-06-07,株式会社
株式会社空,三重県四日市市小古曽２丁目２０番１２号,2023-06-07,株式会社
株式会社竹田索道,大分県中津市本耶馬渓町曽木１６９７番地,2023-06-07,株式会社
株式会社籠新,岐阜県岐阜市福富２１０１番地３,2023-06-07,株式会社
株式会社紬,茨城県水戸市泉町３丁目４番３３号,2023-06-07,株式会社
株式会社結エステート,大阪府豊中市箕輪２丁目１２番９号,2023-06-07,株式会社
株式会社総樹建設,京都府京都市伏見区醍醐構口町２３－３０１,2023-06-07,株式会社
株式会社緑地,愛知県名古屋市緑区鳴海町字石畑６番地の７,2023-06-07,株式会社
株式会社緑涼,広島県尾道市西藤町４４８番地７,2023-06-07,株式会社
株式会社織電,東京都世田谷区上用賀５丁目２２番１６－２０２号,2023-06-07,株式会社
株式会社美来,千葉県松戸市本町１７番地の１９伸和ビル４階,2023-06-07,株式会社
株式会社翔電社,神奈川県平塚市纒３２番地の３,2023-06-07,株式会社
株式会社花みどりファーム,長崎県佐世保市高花町４９８番地,2023-06-07,株式会社
株式会社茨城もぎたてファクトリー,茨城県東茨城郡茨城町大字小幡１８番地２７,2023-06-07,株式会社
株式会社萬裕,沖縄県那覇市曙１丁目１５番２号,2023-06-07,株式会社
株式会社行,愛知県名古屋市名東区極楽２丁目７番地サンパーク大鐘Ⅲ１Ｆ,2023-06-07,株式会社
株式会社角田工務店,東京都足立区椿２丁目２０番１３号,2023-06-07,株式会社
株式会社豊テック,大阪府泉大津市助松町３丁目１６番１７号,2023-06-07,株式会社
株式会社財システムズ,東京都千代田区岩本町３丁目１０番４号寿ビルディング３Ｆ,2023-06-07,株式会社
株式会社輝心,愛知県名古屋市西区上小田井２丁目１７８番地の５,2023-06-07,株式会社
株式会社農材ドットコム,東京都世田谷区若林１丁目１８番１０号,2023-06-07,株式会社
株式会社都市開発,青森県青森市花園１丁目２８番２０号メゾン花園Ⅱ１０２号,2023-06-07,株式会社
株式会社酒と飯,東京都足立区梅田８丁目１４番２－１２０９号,2023-06-07,株式会社
株式会社金徳産業,大阪府堺市南区釜室５３７－１,2023-06-07,株式会社
株式会社長良,岐阜県岐阜市長良３丁目８３番地,2023-06-07,株式会社
株式会社長谷川電創,岡山県岡山市北区西辛川３０５－２,2023-06-07,株式会社
株式会社陽だまりデザイン,栃木県宇都宮市日の出１丁目７番４号,2023-06-07,株式会社
株式会社陽奏,奈良県桜井市大字粟殿１００６番地の１５,2023-06-07,株式会社
株式会社隼鋼業,宮城県塩竈市佐浦町２番１９号西塩釜レジデンス４１号,2023-06-07,株式会社
株式会社雷銀映像,東京都渋谷区代々木２丁目２６番５－１１０２号,2023-06-07,株式会社
株式会社青森ＨＲマネジメント,青森県八戸市大字大久保字行人坂３１番地１３,2023-06-07,株式会社
株式会社須貝美装,宮城県仙台市太白区西の平１丁目２１番２７号,2023-06-07,株式会社
株式会社香心,群馬県吾妻郡草津町大字草津９３３番地１０,2023-06-07,株式会社
株式会社高西企画,東京都北区東十条４丁目１２番２号－４０２,2023-06-07,株式会社
株式会社鰤身,熊本県天草市楠浦町８９６番地１０,2023-06-07,株式会社
株式会社１＆５,福岡県福岡市東区松崎３丁目３３番３８－２０５号,2023-06-07,株式会社
株式会社１０２８,静岡県伊豆の国市長岡１０６７番地の１,2023-06-07,株式会社
株式会社３０３,大阪府泉大津市東助松町４丁目５番８号,2023-06-07,株式会社
株式会社３５２３,宮崎県宮崎市青島３丁目１２番２２号,2023-06-07,株式会社
株式会社７２,東京都渋谷区神山町４１－７エクティ神山町１０１,2023-06-07,株式会社
株式会社Ａ‐ＯＮＥ,広島県三原市宮沖２丁目２番５号,2023-06-07,株式会社
株式会社Ａ＆Ｃｏｍｐａｎｙ,東京都新宿区西新宿６丁目１５番１号,2023-06-07,株式会社
株式会社ＡＢＤＵＬＬＡＨ,埼玉県草加市稲荷５丁目４番１１号,2023-06-07,株式会社
株式会社ＡＤ．Ｇｓｔｙｌｅ,大阪府松原市南新町３丁目３４４番地,2023-06-07,株式会社
株式会社ＡＤＯＲＥ,奈良県橿原市内膳町５丁目２番４０号ＦＡＣＥビル３階,2023-06-07,株式会社
株式会社ＡＬＢＡ　ＥＳＴＡＴＥ,大阪府堺市中区深井中町３２４９番地,2023-06-07,株式会社
株式会社ＡＭ久保事務所,東京都中央区八丁堀１丁目４番５号川村八重洲ビル,2023-06-07,株式会社
株式会社ＡＮＳＹ,静岡県浜松市中区蜆塚１丁目１７番３号,2023-06-07,株式会社
株式会社ＡＯＭＩ,東京都青ヶ島村無番地,2023-06-07,株式会社
株式会社ＡＲＣＡＴＨ,東京都渋谷区道玄坂１丁目１６番６号二葉ビル８ｂ,2023-06-07,株式会社
株式会社ＡＷＡＭＡＣＨＩ,徳島県徳島市新町橋２丁目９番地山下ビル１階,2023-06-07,株式会社
株式会社ＡＹＯ,東京都中野区南台４丁目４７番７号ヒルトップテラス笹塚１０２,2023-06-07,株式会社
株式会社Ａｉｍ　Ｈｉｇｈ,埼玉県飯能市美杉台４丁目１５番地１５,2023-06-07,株式会社
株式会社Ａｎｇｅ,大阪府阪南市自然田１７０１番地の１,2023-06-07,株式会社
株式会社Ａｐｅｘ　Ａｒｃｈｉｔｅｃｔ,福岡県福岡市中央区大濠１丁目４番１７－４０６号,2023-06-07,株式会社
株式会社Ａｓａｋｕｓａ　Ｆｉｎａｎｃｉａｌ　Ｍｏｔｏｒｓ,東京都台東区西浅草２丁目１８番１２号,2023-06-07,株式会社
株式会社ＡｔｏＺ,東京都中央区銀座１丁目１２番４号Ｎ＆ＥＢＬＤ．６Ｆ,2023-06-07,株式会社
株式会社ＢＡＳＥ,愛知県名古屋市中区錦３丁目６番１５号先名古屋テレビ塔３階,2023-06-07,株式会社
株式会社ＢＡＷＣＬＥ,東京都中央区銀座１丁目１６番７号銀座大栄ビル５階,2023-06-07,株式会社
株式会社ＢＥ,茨城県東茨城郡城里町大字石塚７４３番地の１,2023-06-07,株式会社
株式会社ＢＥＡＭ,東京都墨田区向島３丁目４０番７号,2023-06-07,株式会社
株式会社ＢＥＣＫ,岡山県総社市門田６０番地３,2023-06-07,株式会社
株式会社ＢＦＬ,愛知県名古屋市中区栄４丁目１１番１６号ＡＴＳ栄ビル５０２号,2023-06-07,株式会社
株式会社ＢＩＬＬＡ,奈良県葛城市中戸４２２番地２,2023-06-07,株式会社
株式会社ＢＬＡＮＫ＆ＣＯＬＯＲ,東京都目黒区中央町１丁目４番１０号,2023-06-07,株式会社
株式会社ＢＮ‐Ｎ,福岡県糟屋郡篠栗町津波黒２丁目１９番３２号,2023-06-07,株式会社
株式会社ＢＲＳ不動産,埼玉県草加市氷川町２１５８番地１８,2023-06-07,株式会社
株式会社ＢＴＬＳ,三重県四日市市滝川町１１－１６,2023-06-07,株式会社
株式会社Ｂａｋｅｍｏｎ,東京都中央区勝どき１丁目１３番６－６０８号,2023-06-07,株式会社
株式会社Ｂａｒｏｎ,東京都渋谷区道玄坂２丁目６番１５号鈴井ビルＢ１Ｆ,2023-06-07,株式会社
株式会社Ｂｅ‐ｇｒｏｗＮ,千葉県船橋市坪井西２丁目５番２５号,2023-06-07,株式会社
株式会社Ｂｅ　Ｃｏｌｏｒｆｕｌ　Ｃｏｍｐａｎｙ,神奈川県海老名市扇町５番８号,2023-06-07,株式会社
株式会社Ｂｅａｕｔｙ＆Ｂｅａｓｔ,東京都世田谷区太子堂２丁目８番１７号,2023-06-07,株式会社
株式会社Ｂｌａｄｅ・Ｈｅａｒｔ,愛知県名古屋市中区栄４丁目７番１７号ユタカビル５階,2023-06-07,株式会社
株式会社ＢｌａｖＳｔｙｌｅ,東京都世田谷区奥沢１丁目２８番５号,2023-06-07,株式会社
株式会社Ｂｏｄｙ　Ｓｏｍｍｅｌｉｅｒ,東京都目黒区自由が丘１丁目２２番４号ＴＴＭＣＦＬＡＴ－３０１,2023-06-07,株式会社
株式会社Ｂｏｎｔｅｃｈ,神奈川県相模原市中央区田名２７７２番地１４,2023-06-07,株式会社
株式会社Ｂｏｒｎ　Ａｇａｉｎ,石川県輪島市マリンタウン４番地３３,2023-06-07,株式会社
株式会社ＣＡＨＬＵＡ,東京都八王子市万町７７番地２０,2023-06-07,株式会社
株式会社ＣＬＥＡＮＵＰ,大阪府豊中市豊南町南５丁目１１－４－２０１,2023-06-07,株式会社
株式会社ＣＯＬＯＲＳＳ,香川県丸亀市川西町北２０３４番地２サイレントハイツ２号,2023-06-07,株式会社
株式会社ＣＯＯＯＬ　ＮＡＧＯＹＡ,愛知県名古屋市天白区一本松１丁目１０２番地,2023-06-07,株式会社
株式会社ＣＯＳＬＡＢＯ,奈良県香芝市真美ヶ丘２丁目１３番７号,2023-06-07,株式会社
株式会社ＣＲＹＳＴＡＬ,福岡県福岡市中央区渡辺通２丁目９番８－６０１号,2023-06-07,株式会社
株式会社Ｃａｍ＆Ｓｅｒｇｅ　Ｌｕｘｕｒｙ　Ｈｏｕｓｅｓ　Ｒｅｓｏｒｔ＆Ｓｋｉ,北海道虻田郡倶知安町北一条西１丁目１番地１山崎ビル３階,2023-06-07,株式会社
株式会社Ｃａｍａｒｏ,埼玉県鴻巣市幸町６番地２４,2023-06-07,株式会社
株式会社Ｃａｒ　Ｐａｉｎｔｅｒｓ國上,福岡県小郡市美鈴の杜３丁目４番地１６,2023-06-07,株式会社
株式会社Ｃｅｎｔｒａｌ　Ｄｏｇｍａ　Ｈｏｌｄｉｎｇｓ,東京都港区六本木３丁目３番１５号麻布台ＴＳタワー３０２,2023-06-07,株式会社
株式会社Ｃｏｅｕｒ,熊本県熊本市北区植木町平野４２１番地１,2023-06-07,株式会社
株式会社Ｃｏｒｅｖｉｎｅ,宮城県仙台市太白区中田３丁目７番４５号,2023-06-07,株式会社
株式会社Ｄ‐ｆｏｒｍ,長野県下伊那郡高森町大島山９２９番地１,2023-06-07,株式会社
株式会社Ｄ’ｓＡＭ,愛知県名古屋市西区城町１９０番地の２,2023-06-07,株式会社
株式会社Ｄ．Ｉ．Ｗ,千葉県千葉市中央区蘇我３丁目２０－２ソレアード２０１,2023-06-07,株式会社
株式会社ＤＡＩＨＡＴＥＣＴ,静岡県藤枝市下当間６０番地の１,2023-06-07,株式会社
株式会社ＤＥＩｃｏｎｎｅｃｔ,大阪府大阪市港区築港４丁目２番２１－５０４号,2023-06-07,株式会社
株式会社ＤＨ,山形県新庄市五日町３２２番地の５リアルマンション２　２１２号,2023-06-07,株式会社
株式会社ＤＭ’Ｇａｒａｇｅ,福島県いわき市泉ケ丘２丁目６２番地の３,2023-06-07,株式会社
株式会社ＤＮＫ,東京都世田谷区尾山台３丁目９－１,2023-06-07,株式会社
株式会社ＤＯＭＩＮＡＴＥ,福岡県福岡市中央区天神２丁目２番１２号,2023-06-07,株式会社
株式会社Ｄｉｇｉｔａｌ　Ａｒｒｏｗ　Ｐａｒｔｎｅｒｓ,東京都渋谷区渋谷２丁目２２－３渋谷東口ビル６Ｆ,2023-06-07,株式会社
株式会社Ｅ‐ＳＴ,大阪府泉南郡熊取町大久保南２丁目３番１７号,2023-06-07,株式会社
株式会社ＥＣＯ　ＭＡＮＡＧＥ　ＨＯＬＤＩＮＧＳ,東京都中央区日本橋室町１丁目１１番１２号日本橋水野ビル７階,2023-06-07,株式会社
株式会社ＥＣＹ,群馬県高崎市貝沢町１４２７番地１,2023-06-07,株式会社
株式会社ＥＮＡＳＵ,愛知県名古屋市東区泉２丁目１１番４号４０２号,2023-06-07,株式会社
株式会社ＥＸＥＥＤ．ＨＯＬＤＩＮＧＳ,広島県広島市西区横川新町１０番２５号,2023-06-07,株式会社
株式会社Ｅｉｄｒｉａｎ,東京都世田谷区用賀３丁目３番１６号,2023-06-07,株式会社
株式会社Ｅｎｃｏｕｒａｇｅ　Ｃｒｅａｔｅ,愛知県名古屋市中村区名駅４丁目２４番５号第２森ビル４０１,2023-06-07,株式会社
株式会社Ｅｎｗｏｒｋｓ,埼玉県所沢市上新井１丁目２２番地の２鹿島ハイツＢ－２０６,2023-06-07,株式会社
株式会社Ｅｓｐｒｉｔ,東京都八王子市別所２丁目１８番地３－４０４号,2023-06-07,株式会社
株式会社ＦＥＳ絆コーポレーション,東京都新宿区四谷３丁目１１番地山一ビル４階,2023-06-07,株式会社
株式会社ＦＨ管理,大阪府大阪市中央区平野町１丁目８番１５号,2023-06-07,株式会社
株式会社ＦＬＹＭＯＲＥ,東京都江東区千石３丁目１番２４号,2023-06-07,株式会社
株式会社ＦＳパートナーズ,福岡県福岡市南区柳河内１丁目９番２９号鈴木ビル６階,2023-06-07,株式会社
株式会社Ｆｌａｔ‐Ｓｐｈｅｒｅ,愛知県名古屋市中村区名駅３丁目４－１０アルティメイト名駅１ｓｔ２階,2023-06-07,株式会社
株式会社Ｆｌａｔ　Ｃｅｎｔｒａｌ,東京都渋谷区代官山町８－７Ｄａｉｗａ代官山ビル１階,2023-06-07,株式会社
株式会社Ｆｒｏｍ　Ｕｓ,広島県三原市大和町椋梨１１３５番地１,2023-06-07,株式会社
株式会社Ｆｕｔｕｒｅ　Ｍｅｄｉｃａｌ,東京都三鷹市北野３丁目１１番４５号,2023-06-07,株式会社
株式会社ＧＤＳ,北海道札幌市西区二十四軒四条７丁目５番２５号,2023-06-07,株式会社
株式会社ＧＩＦＴ,岐阜県瑞浪市寺河戸町１０９０番地３ブランシュラピーヌ１階Ｅ号室,2023-06-07,株式会社
株式会社ＧＬＡＮ,千葉県千葉市花見川区幕張町３丁目１５７２番地１,2023-06-07,株式会社
株式会社ＧＲＥＹ　ＡＲＥＡ,東京都世田谷区下馬６丁目１９番３－５０１号,2023-06-07,株式会社
株式会社Ｇｉｏｉａ,埼玉県草加市栄町２丁目１１番３－８０１号,2023-06-07,株式会社
株式会社Ｇｌｏｂａｌｉｎｋ,愛知県名古屋市北区大曽根３丁目５番２３号ｏｚ　ａｌｌｏｇｇｉｏ　８０５号室,2023-06-07,株式会社
株式会社Ｇｒａｎｄｅ　Ａｍｏｒｅ,東京都世田谷区下馬２丁目２１番１号Ｂ１,2023-06-07,株式会社
株式会社Ｇｒａｔｅｆｕｌ　Ｃｒｅｗ,東京都新宿区新宿２丁目１１番７号５Ｆ,2023-06-07,株式会社
株式会社Ｇｒｅｅｄ,広島県福山市神辺町字下御領１３０５番地１,2023-06-07,株式会社
株式会社Ｇｒｉｎ　Ａｓｓｏｃｉａｔｅｓ,大阪府泉南郡熊取町大宮４丁目９６３番地の６,2023-06-07,株式会社
株式会社Ｈ・Ｓ,和歌山県有田市宮崎町４７番地,2023-06-07,株式会社
株式会社Ｈ＆Ｋ,埼玉県狭山市大字北入曽６９５番地の３,2023-06-07,株式会社
株式会社ＨＡＤＡＮＯ,静岡県伊豆市熊坂１２５７番地の９７,2023-06-07,株式会社
株式会社ＨＡＮＡＭＡＲＵ,岐阜県瑞浪市一色町６丁目５９番地,2023-06-07,株式会社
株式会社ＨＡＲＥ,福岡県福岡市博多区博多駅前１丁目１８番４号ヴィラージュ博多駅前ＢＵＩＬＤＩＮＧ５階,2023-06-07,株式会社
株式会社ＨＡＹＥＳ　ＴＲＡＤＩＮＧ　ＣＯＭＰＡＮＹ,東京都中央区日本橋本町３丁目３番６号ワカ末ビル７階,2023-06-07,株式会社
株式会社ＨＤＦ,岐阜県岐阜市東鶉３丁目５９番地,2023-06-07,株式会社
株式会社ＨＩＴＯＥ,香川県高松市高松町１５５７番地１８,2023-06-07,株式会社
株式会社ＨＭＣ,愛知県大府市柊山町３丁目２１３番地,2023-06-07,株式会社
株式会社ＨＰ・Ｅ,千葉県千葉市稲毛区園生町４５１番地５０,2023-06-07,株式会社
株式会社ＨＳＩ,福岡県柳川市三橋町棚町６６１番地２,2023-06-07,株式会社
株式会社Ｈａｉｌｅｙ．,東京都渋谷区恵比寿南１丁目１７番６号コートモデリアサウス恵比寿４０２,2023-06-07,株式会社
株式会社Ｈａｎａｚ,神奈川県横浜市瀬谷区宮沢２丁目１９－１,2023-06-07,株式会社
株式会社Ｈａｎｄｓ　ＪＡＰＡＮ,東京都渋谷区渋谷３丁目６番１８号２Ｆ,2023-06-07,株式会社
株式会社Ｈｅａｔ‐ｅｒ,埼玉県和光市白子３丁目３３番１９号,2023-06-07,株式会社
株式会社Ｈｏｓｐｅｅｄ,東京都品川区東五反田５丁目２５－１８ＥＮＺＯ五反田ビル七階,2023-06-07,株式会社
株式会社Ｉ＆Ｆホールディングス,佐賀県嬉野市嬉野町大字下野丙１７４６番地,2023-06-07,株式会社
株式会社ＩＧ,大阪府大阪市阿倍野区王子町２丁目１７番２３－１１０２号,2023-06-07,株式会社
株式会社ＩＭＵＴＹ,愛知県一宮市赤見２丁目９番２１号,2023-06-07,株式会社
株式会社ＩＮ‐ＷＯＯＤ,宮城県仙台市泉区泉中央３丁目３０番地の１１,2023-06-07,株式会社
株式会社ＩＰコーポレーション,沖縄県島尻郡伊平屋村字島尻１９８２番地の４９,2023-06-07,株式会社
株式会社ＩＳＨＩＢＡＳＨＩ,茨城県結城市富士見町４丁目２番地２,2023-06-07,株式会社
株式会社Ｉｎｆｉｎｉ,大阪府和泉市万町９７番地の１,2023-06-07,株式会社
株式会社Ｉｎｐｒｏｖｅｍｅｎｔ‐Ｂａｓｅ,愛媛県松山市森松町５９２－１０,2023-06-07,株式会社
株式会社Ｊ＆Ｓパートナーズ,東京都千代田区麹町４丁目３番地紅谷ビル５階,2023-06-07,株式会社
株式会社ＪＡＤＥ,愛媛県今治市桜井甲１１８１番地２８,2023-06-07,株式会社
株式会社ＪＡＭ,大阪府堺市西区浜寺昭和町１丁１２５番１,2023-06-07,株式会社
株式会社ＪＳ‐ＴＥＣ,大阪府大東市寺川３丁目１番４５号,2023-06-07,株式会社
株式会社ＪＵＮｃｒａｆｔ,埼玉県白岡市篠津２０４３番地３,2023-06-07,株式会社
株式会社Ｊｉｎ　ｔｏ　Ｎｉｃｋ,東京都渋谷区神宮前６丁目２３－４桑野ビル２階,2023-06-07,株式会社
株式会社Ｋ‐ＢＯＸ,神奈川県綾瀬市小園１４３３番地３１,2023-06-07,株式会社
株式会社Ｋ‐ＴＥＣＨ,愛知県豊田市西中山町太田７１番地５８,2023-06-07,株式会社
株式会社Ｋ’Ｚ設備工業,京都府宇治市五ケ庄戸ノ内４８番地の１０２,2023-06-07,株式会社
株式会社Ｋ’ｓガレージ,熊本県熊本市南区田井島３丁目９番１５３号,2023-06-07,株式会社
株式会社Ｋ・Ｓ・Ｃ,東京都八王子市上柚木２丁目６３番地,2023-06-07,株式会社
株式会社ＫＥＮＺＯＵ,千葉県茂原市早野２１２８番地１－１０２号,2023-06-07,株式会社
株式会社ＫＥＴＯＲＵＺ,岡山県岡山市北区柳町２丁目１１番２０号,2023-06-07,株式会社
株式会社ＫＩＴＥ　ＦＯＲＣＥ,福岡県糸島市有田中央２丁目２番７４号,2023-06-07,株式会社
株式会社ＫＩＹＯＭＩＺＵ　ＤＩＶＥ,東京都千代田区神田小川町２丁目１２－１４晴花ビル４Ｆ,2023-06-07,株式会社
株式会社ＫＭＫ,千葉県鴨川市小湊６６９番地１,2023-06-07,株式会社
株式会社ＫＮＴ,埼玉県大里郡寄居町大字赤浜１０８５番地１,2023-06-07,株式会社
株式会社ＫＳ　ｃｏｎｓｕｌｔｉｎｇ,福岡県福岡市博多区博多駅前１丁目２３番２号ＰａｒｋＦｒｏｎｔ博多駅前一丁目５Ｆ－Ｂ,2023-06-07,株式会社
株式会社ＫＵＲＡＣＩＬ,神奈川県藤沢市羽鳥１丁目１番１０～１０１５号,2023-06-07,株式会社
株式会社ＫＵＲＥＫＡＲＵ,東京都渋谷区代々木２丁目３８番１－８０１号ＭＯＤＩＥＲ・ＹＯＹＯＧＩ・ＲＥＳＩＤＥＮＣＥ,2023-06-07,株式会社
株式会社ＫＷＡＹＫ,東京都品川区南大井５丁目４番１号,2023-06-07,株式会社
株式会社Ｋａｉ　ａｄ空間工房,東京都調布市深大寺元町１丁目１５番地１０,2023-06-07,株式会社
株式会社Ｋｆｌｏｏｒ,千葉県船橋市駿河台２丁目１７番２７号,2023-06-07,株式会社
株式会社Ｋｏｕｅｉ,愛知県名古屋市緑区大高町字川添５４番地４,2023-06-07,株式会社
株式会社ＬＡＶＩＡ,東京都渋谷区神南１丁目１４番１号,2023-06-07,株式会社
株式会社ＬＥＯ,北海道留萌郡小平町字小平町４３５番地の２,2023-06-07,株式会社
株式会社ＬＦＡ,神奈川県横浜市戸塚区戸塚町３３１番地１ネクサスシーズン戸塚１０１号,2023-06-07,株式会社
株式会社ＬＩＳＥＩＮ,広島県東広島市八本松東２丁目８番２８－１０号,2023-06-07,株式会社
株式会社ＬＭＮＯＰ,大阪府堺市中区深井水池町３４０６番地７,2023-06-07,株式会社
株式会社ＬＯＷＥＲ,東京都港区南青山２丁目２番１５号ウィン青山９４２,2023-06-07,株式会社
株式会社Ｌａｎａｋｉｌａ　Ｈａｐｐｉｎｅｓｓ,新潟県新潟市秋葉区新津本町２丁目５番３１号,2023-06-07,株式会社
株式会社Ｌａｎｄ,東京都中央区銀座１丁目１２番４号,2023-06-07,株式会社
株式会社Ｌａｚｚｃｏｍ,福岡県福岡市東区箱崎７丁目７－１７－７０５,2023-06-07,株式会社
株式会社ＬｉＮＯ,広島県広島市中区鉄砲町８番６号ありみビル２０２,2023-06-07,株式会社
株式会社Ｌｉｂ,福岡県田川郡赤村大字内田６２１番地２１,2023-06-07,株式会社
株式会社Ｌｕｎａｒｔｈ,東京都江東区扇橋２丁目２０番９号滝沢ビル１０２,2023-06-07,株式会社
株式会社ＬｕｘＳｐｅｉ,東京都新宿区新宿４丁目３番２５号,2023-06-07,株式会社
株式会社Ｌｕｘｉｓ　Ｉｎｔｅｒｎａｔｉｏｎａｌ,大阪府堺市東区大美野１６２番地７４,2023-06-07,株式会社
株式会社Ｍ’ｓ　ＣＯＬＯＲ,神奈川県川崎市高津区溝口２丁目７番２７号,2023-06-07,株式会社
株式会社Ｍ’ｓマネジメント,東京都中央区東日本橋３丁目５番１６号,2023-06-07,株式会社
株式会社Ｍ７Ｌｏｇｉ,東京都世田谷区尾山台３丁目９番１号,2023-06-07,株式会社
株式会社ＭＡＧＩＣ　ＩＳＬＡＮＤ,東京都品川区南品川２丁目１２番１１号コーポマルサン３０３,2023-06-07,株式会社
株式会社ＭＡＲＵＫ,東京都渋谷区道玄坂１丁目１０番８号渋谷道玄坂東急ビル２Ｆ－Ｃ,2023-06-07,株式会社
株式会社ＭＤＲ,埼玉県川口市大字東本郷６８９番地,2023-06-07,株式会社
株式会社ＭＥＨＲＡＮ,神奈川県小田原市久野１６９６番地の１０,2023-06-07,株式会社
株式会社ＭＧＯ,東京都大田区大森北５丁目５番５号,2023-06-07,株式会社
株式会社ＭＩＲＡＩＣＬＥ　ＲＩＳＥ,東京都渋谷区恵比寿１丁目３４番１１号グランドヒルズ恵比寿１８０６,2023-06-07,株式会社
株式会社ＭＩＲＡＩＴＥＣＨ,大阪府東大阪市鴻池徳庵町６番２５号,2023-06-07,株式会社
株式会社ＭＪ,埼玉県狭山市新狭山２丁目１４番２号レクセル新狭山７０５,2023-06-07,株式会社
株式会社ＭＬＣ,神奈川県川崎市幸区中幸町３丁目１６番地４,2023-06-07,株式会社
株式会社Ｍａｙ‐Ｊ,東京都板橋区仲町１４番６－１０１号,2023-06-07,株式会社
株式会社Ｍｅｄ　ＮＹＫ,大阪府箕面市石丸３丁目１１番２２号,2023-06-07,株式会社
株式会社Ｍｅｄｉ　Ｆｒａｇｓ,東京都渋谷区道玄坂１丁目１０番８号渋谷道玄坂東急ビル２Ｆ－Ｃ,2023-06-07,株式会社
株式会社ＭｏｕｎＴｏｎｅ,東京都品川区東五反田４丁目１番２７－２－５０８号,2023-06-07,株式会社
株式会社ＭｙＬｉｅｎ,奈良県橿原市新賀町１５５番地２－１０２,2023-06-07,株式会社
株式会社ＭｙＬｉｆｅ,福岡県糸島市志摩小富士３５２番地,2023-06-07,株式会社
株式会社Ｎ‐Ｃｉｒｃｌｅ,熊本県熊本市東区御領６丁目８番１３号Ｌ－フィネス９０５,2023-06-07,株式会社
株式会社ＮＡ,愛知県東海市荒尾町大脇９１番地,2023-06-07,株式会社
株式会社ＮＩＫＡＭＩ,和歌山県海南市小野田１５３１番地２５８,2023-06-07,株式会社
株式会社ＮＫコンサルタント,北海道札幌市北区新琴似九条２丁目３番１０－１０１号,2023-06-07,株式会社
株式会社ＮＵＤＩＴＹ　ＤＲＥＳＳ,大阪府大阪市西区北堀江２丁目８番１７－１０２号,2023-06-07,株式会社
株式会社Ｎａｆ　Ｃｏｌｌｅｃｔｉｏｎ’ｓ,東京都大田区大森南５丁目１番２０号,2023-06-07,株式会社
株式会社ＯＤＥＯＮ,東京都中央区湊２丁目１２番１６－４０７号,2023-06-07,株式会社
株式会社ＯＤＳ,香川県観音寺市植田町２７番地２,2023-06-07,株式会社
株式会社ＯＮＥ　ＬＩＦＥ,東京都目黒区目黒３丁目８番１０号パラスト目黒三丁目１０６号,2023-06-07,株式会社
株式会社ＯＮＥテック,福岡県大野城市雑餉隈町５丁目４番１５号,2023-06-07,株式会社
株式会社ＯＳＡ,千葉県船橋市みやぎ台１丁目８番７号コーポピオーネ１０２号,2023-06-07,株式会社
株式会社Ｏｆｆｉｃｅ　Ｆｏｕｒ‐Ｃ,福岡県北九州市八幡東区清田４丁目１５‐４,2023-06-07,株式会社
株式会社ＰＥＡＫ　ＳＴＡＴＥ,東京都品川区大井１丁目６－３アゴラ大井町７１９,2023-06-07,株式会社
株式会社ＰＯＳＴ　ＤＥＳＩＧＮ,愛知県大府市共和町７丁目２２３番地,2023-06-07,株式会社
株式会社ＰＲＯＴＥＡ,京都府木津川市城山台９丁目６番地６,2023-06-07,株式会社
株式会社Ｐｒｉｍａｌ　Ｏａｔｈ,大阪府大阪狭山市大野台６丁目７番５号,2023-06-07,株式会社
株式会社Ｐｒｏｓｐｅｒｅ,東京都三鷹市新川１丁目２番１５－３０２号,2023-06-07,株式会社
株式会社Ｐｕｚｚｌｅ　Ｐｉｅｃｅ,福岡県大川市大字酒見２７９番地１,2023-06-07,株式会社
株式会社ＱＵＲＵ,福岡県福岡市中央区大名２丁目６番１１号,2023-06-07,株式会社
株式会社ＲＤＳ,東京都新宿区四谷三栄町７番１６号,2023-06-07,株式会社
株式会社ＲＥ‐Ｉ‐ＷＡ福岡,福岡県福岡市南区玉川町４番２７号オークヒルズ高宮２０２号,2023-06-07,株式会社
株式会社ＲＥＩＮＡ,東京都渋谷区渋谷１丁目１番１１号サン青山ビル１階,2023-06-07,株式会社
株式会社ＲＥＳＰＥＸ,東京都中央区日本橋堀留町１丁目８番１１号日本橋人形町スクエア３階,2023-06-07,株式会社
株式会社ＲＩＳＥ８,大阪府堺市西区鳳中町４丁９９－２０３,2023-06-07,株式会社
株式会社ＲＩＴＺ　ＷＩＮＧ,三重県津市美里町北長野７９２番地,2023-06-07,株式会社
株式会社Ｒａｂｙ,埼玉県三郷市早稲田１丁目１－１ＫＴＴ１０ビル３Ｆ,2023-06-07,株式会社
株式会社Ｒｅメイク,東京都北区赤羽１丁目４０番１１－８０２号プレール・ドゥーク赤羽Ⅱ,2023-06-07,株式会社
株式会社Ｒｏｃｋ　Ａｒｏｕｎｄ,東京都世田谷区等々力７丁目１６番１０号ザ等々力アジト２Ｄ,2023-06-07,株式会社
株式会社Ｒｏｏｔｓ,福岡県福岡市博多区住吉１丁目１番９号,2023-06-07,株式会社
株式会社ＲｕｎＷＡＹ,東京都渋谷区神宮前６丁目２３番４号桑野ビル２階,2023-06-07,株式会社
株式会社Ｓ‐Ｓｔｙｌｅ,千葉県柏市西山２丁目１１番１８号,2023-06-07,株式会社
株式会社Ｓ・Ｔ・Ｂｒｅａｋ,愛知県春日井市上条町１丁目１９２番地４ＫＳＢｕｉｌｄｉｎｇ４階Ａ号室,2023-06-07,株式会社
株式会社Ｓ水産,宮崎県日南市南郷町中村乙９９８番地１０４,2023-06-07,株式会社
株式会社Ｓ．Ｔクリエーション,大阪府東大阪市荒本１丁目５番１７号,2023-06-07,株式会社
株式会社ＳＨＩＮ,千葉県松戸市新松戸南２丁目１５１番地,2023-06-07,株式会社
株式会社ＳＩＦ,東京都足立区弘道１丁目１番１７号,2023-06-07,株式会社
株式会社ＳＫリーディング,京都府京都市西京区上桂大野町２６番地３,2023-06-07,株式会社
株式会社ＳＯＬ,東京都目黒区自由が丘２丁目１６番１２号,2023-06-07,株式会社
株式会社ＳＯＵ,京都府京都市上京区相国寺６４３－６風良都館３Ｆ,2023-06-07,株式会社
株式会社ＳＰＩＣＡ,愛知県名古屋市緑区亀が洞３丁目１３０４番地,2023-06-07,株式会社
株式会社ＳＴＯＲＡＧＥＯＮＥ,愛知県名古屋市港区須成町３丁目３８番地,2023-06-07,株式会社
株式会社ＳＵＮ　ＰＩＬＬＡＲ,大阪府豊中市庄内東町６丁目７番１５号,2023-06-07,株式会社
株式会社ＳＵＴＥＫＩ　ＤＥＳＩＧＮ,島根県松江市西茶町４０－１ｅｎｕｎ２Ｆ,2023-06-07,株式会社
株式会社Ｓｅｌ　ＣｈｅＲ,大阪府大阪市福島区福島３丁目１番５５－１７０２号,2023-06-07,株式会社
株式会社ＳｆｉｄａＲｅ,愛知県東海市加木屋町論田５番地１５８,2023-06-07,株式会社
株式会社Ｓｈｉｎｓｅｉ,福岡県直方市知古１丁目８番１３号カーサ宮ノ前直方Ａ－１０１号,2023-06-07,株式会社
株式会社Ｓｎｏｗｂｉｒｄ,沖縄県豊見城市字豊崎１番地７９５,2023-06-07,株式会社
株式会社Ｔ．Ｙ,東京都中央区日本橋人形町２丁目３３番５号,2023-06-07,株式会社
株式会社ＴＡＳＵＫＡＲＵ,千葉県流山市流山４丁目５２４番地の３,2023-06-07,株式会社
株式会社ＴＥＲＲＥホールディングス,神奈川県横須賀市走水２丁目１６番１１号,2023-06-07,株式会社
株式会社ＴＨＥ　ＥＺＯ,東京都世田谷区上馬１丁目１３番６－６０１号,2023-06-07,株式会社
株式会社ＴＫＫアセットマネジメント,愛知県名古屋市中区丸の内１丁目４番１２号アレックスビル３階,2023-06-07,株式会社
株式会社ＴＭＰ,東京都江東区三好３丁目３番４号７０１,2023-06-07,株式会社
株式会社ＴＮＦ,千葉県市川市妙典４丁目１２番２３－２０１号,2023-06-07,株式会社
株式会社ＴＮＴ,京都府京都市中京区三条通烏丸東入梅忠町２４番地三条ＣＯＨＪＵビル４Ｆ,2023-06-07,株式会社
株式会社ＴＯＨ,東京都世田谷区宮坂１丁目３６番９号,2023-06-07,株式会社
株式会社ＴＯＫＵＴＯ,福岡県福岡市博多区博多駅東２丁目８番２２号１階,2023-06-07,株式会社
株式会社ＴＯＭＹエンタテイメント,東京都江東区古石場１丁目１０番９号,2023-06-07,株式会社
株式会社ＴＲ‐Ｇｒｉｔ,愛知県小牧市大字本庄２６０５番地５７,2023-06-07,株式会社
株式会社ＴＲコーポレーション,愛知県春日井市出川町３丁目９番地１１,2023-06-07,株式会社
株式会社ＴＴ企画,東京都多摩市東寺方６７７番地の６,2023-06-07,株式会社
株式会社ＴＴＳ,静岡県静岡市葵区南沼上１丁目３番２５号,2023-06-07,株式会社
株式会社ＴＴＴ,東京都中央区晴海１丁目６番１－２３０７号,2023-06-07,株式会社
株式会社ＴＷＥＬＶＥ,大阪府和泉市いぶき野３丁目６番１－８１４号,2023-06-07,株式会社
株式会社ＴＹＮ,千葉県柏市若柴１７８番地４柏の葉キャンパス１４８街区１Ｗ－２７１１,2023-06-07,株式会社
株式会社ＴＹＲ,愛知県名古屋市東区泉２丁目２１番２５号,2023-06-07,株式会社
株式会社Ｔａｋａｙａｍａ＆Ｃｏ．,静岡県浜松市南区立野町２９６,2023-06-07,株式会社
株式会社Ｔａｔｏｒｅ,沖縄県那覇市松島１丁目２１－１４－２０５,2023-06-07,株式会社
株式会社Ｔｈｒｅｅ　ｎｉｎｅ,福島県郡山市朝日２丁目１２番２号あさひ３番街Ｇ棟,2023-06-07,株式会社
株式会社ＵＩエンジニアリング,千葉県木更津市真里１６２番地６,2023-06-07,株式会社
株式会社ＵＮＤＯ,東京都渋谷区本町３丁目１０番３号清水橋矢部ビル４階,2023-06-07,株式会社
株式会社ＵＰＲＩＳＩＮＧ,岐阜県可児郡御嵩町御嵩９５２番地２３,2023-06-07,株式会社
株式会社Ｕｎｍｅｒｇｅ,東京都中央区銀座１丁目２２番１１号銀座大竹ビジデンス２Ｆ,2023-06-07,株式会社
株式会社ＷＡＤＡ,広島県福山市瀬戸町大字地頭分６６番地１ブランドール９７・２０３,2023-06-07,株式会社
株式会社ＷＡＬＬＩＳ　ＰＥＴ,大阪府高槻市唐崎中３丁目１７番１１号,2023-06-07,株式会社
株式会社ＷＡＴ,東京都足立区大谷田３丁目１５番８号ファインクロス７番館１０１,2023-06-07,株式会社
株式会社ＷＩＡＲ,福岡県みやま市瀬高町下庄１４１８－６,2023-06-07,株式会社
株式会社ＷＵ,東京都渋谷区松濤１丁目１番３号,2023-06-07,株式会社
株式会社Ｗａｌｋａｂｌｅ　Ｆｕｔｕｒｅ,福岡県久留米市旭町６７番地学校法人久留米大学基礎３号館３階３０３室,2023-06-07,株式会社
株式会社ＷｉｓＭ,千葉県習志野市津田沼１丁目２番７号２Ｆ,2023-06-07,株式会社
株式会社Ｗｏ‐ｏｎｅ,愛知県名古屋市中村区名駅４丁目２４－１６広小路ガーデンアベニュー４階,2023-06-07,株式会社
株式会社Ｗｏｎｄｅｒｓ　Ｊａｐａｎ,神奈川県鎌倉市笹目町１２番５号,2023-06-07,株式会社
株式会社ＹＥＡＭ,神奈川県横浜市戸塚区戸塚町４７５４番地,2023-06-07,株式会社
株式会社ＹＫ,福島県いわき市平字愛谷町三丁目６番地の４ノワグレーヌＣ１０２,2023-06-07,株式会社
株式会社ＹＫ工業,北海道札幌市東区東苗穂十三条２丁目２４番３７号,2023-06-07,株式会社
株式会社Ｙｏｕ＆Ｉ,神奈川県川崎市中原区小杉町３丁目２５２番地５－５０２,2023-06-07,株式会社
株式会社Ｙｏｕ＆Ｉ,福岡県久留米市国分町１５１０番地４,2023-06-07,株式会社
株式会社ＺＥＮ,宮崎県宮崎市橘通東４丁目４－１４,2023-06-07,株式会社
株式会社ＺＥＲＯ　ＯＮＥ,愛知県名古屋市守山区桔梗平１丁目１２０６番地,2023-06-07,株式会社
株式会社ａｒｃ　Ｕ,東京都渋谷区東１丁目２７番６号東和渋谷ビル５Ｆ,2023-06-07,株式会社
株式会社ｂｏｋｕｎｏ,愛媛県伊予郡松前町大字浜７７５番地１バルーンビル５号,2023-06-07,株式会社
株式会社ｃｈｅｒｉｍｅｎｔ,東京都世田谷区喜多見５丁目２０番１号,2023-06-07,株式会社
株式会社ｃｏｍｏｒｅｂｉ,岐阜県恵那市岩村町２３３２,2023-06-07,株式会社
株式会社ｆｅｌｌｏｗｓ,京都府京都市上京区今出川通御前上る社家長屋町６９０番地３,2023-06-07,株式会社
株式会社ｈｉｇｈ　ｂｒｉｄｇｅ,東京都渋谷区富ヶ谷１丁目４９番４号,2023-06-07,株式会社
株式会社ｉｒｏｄｏｒｉ,愛知県名古屋市千種区新西１丁目１番３３号ネオハイツ新香流１０１号,2023-06-07,株式会社
株式会社ｋ‐Ｈａｃｋ,北海道釧路市北大通３丁目７番３号,2023-06-07,株式会社
株式会社ｋｉｍｉｎｉ不動産,福岡県北九州市八幡西区池田３丁目６番１６号,2023-06-07,株式会社
株式会社ｋｏｎｊｏ,東京都世田谷区奥沢６丁目３３番１４号もみの木ビル２０８,2023-06-07,株式会社
株式会社ｌｕｓ,広島県廿日市市城内２丁目１２番９－２－Ａ,2023-06-07,株式会社
株式会社ｍｕｄｄｌｅｒ,東京都世田谷区赤堤４丁目４５番１３号,2023-06-07,株式会社
株式会社ｍｕｓｕｂｉ．,東京都中央区日本橋堀留町１丁目４番２号６Ｆ,2023-06-07,株式会社
株式会社ｏｒ,岡山県岡山市北区南方５丁目７番２０号コーディアルフォレストＲ２０３,2023-06-07,株式会社
株式会社ｐｏｕｒＬ,東京都中央区日本橋室町１丁目１１番１２号日本橋水野ビル７階,2023-06-07,株式会社
株式会社ｒａｉｍｕ,大阪府東大阪市玉串町西１丁目３番１６号,2023-06-07,株式会社
株式会社ｓｔｙｌｅＬａｂ,東京都町田市南大谷１７６番地,2023-06-07,株式会社
株式会社ｔｙｐｅ　ａＢ,東京都渋谷区恵比寿４丁目１７番８号第２エビスハイツ５０１,2023-06-07,株式会社
株式会社ｗｉｌｌ,埼玉県富士見市大字東大久保５８６番地２１,2023-06-07,株式会社
楚光株式会社,群馬県邑楽郡千代田町大字舞木９４０番地,2023-06-07,株式会社
横山電気株式会社,香川県観音寺市村黒町５８６番地２,2023-06-07,株式会社
欣禾株式会社,東京都新宿区百人町２丁目２２番１６－３０２号,2023-06-07,株式会社
毘沙門商会合同会社,岩手県遠野市綾織町鵢崎３地割４６番地,2023-06-07,合同会社
水本化学工業株式会社,奈良県高市郡明日香村大字御園２４７番地の２,2023-06-07,株式会社
津之江農事実行組合,大阪府高槻市津之江町１丁目４０番１９号,2023-06-07,その他の設立登記法人
浪井丸天水産株式会社,大分県佐伯市蒲江大字西野浦１９８番地４,2023-06-07,株式会社
海莉建設株式会社,栃木県宇都宮市東刑部町３７８番地,2023-06-07,株式会社
渋谷二丁目西地区市街地再開発組合,東京都渋谷区渋谷２丁目１４－６,2023-06-07,その他
渡辺事務所合同会社,山口県下松市古川町１丁目６番３号,2023-06-07,合同会社
温州電兔電子商務有限公司,,2023-06-07,外国会社等
漯河市騰達汽車出租有限公司　日本駐在員事務所,東京都新宿区山吹町１３０－５ソーラ・デ・吉岡ビル２階ＤＡＯＳＰＡＣＥ神楽坂２０８号室,2023-06-07,外国会社等
特定非営利活動法人みらいスクールラボ,東京都中央区日本橋兜町１７番１－７０６号,2023-06-07,その他の設立登記法人
特定非営利活動法人ババジのクリヤーヨーガ教育協会,山梨県北杜市大泉町西井出８２４０番地４６３０,2023-06-07,その他の設立登記法人
特定非営利活動法人国際親善教育機構,東京都小平市美園町１丁目７番１４号,2023-06-07,その他の設立登記法人
特定非営利活動法人夏の風,鹿児島県曽於市末吉町二之方１４４番地４,2023-06-07,その他の設立登記法人
特定非営利活動法人Ｏ‐Ｐａｒｋ,東京都世田谷区奥沢５丁目２３番１６－６０１号,2023-06-07,その他の設立登記法人
琉球アスティーダオート株式会社,沖縄県那覇市久茂地２丁目２番２号タイムスビル２Ｆ,2023-06-07,株式会社
瓏瀾株式会社,大阪府大阪市浪速区桜川４丁目１２番１７－３０３号,2023-06-07,株式会社
生生株式会社,京都府京都市南区上鳥羽南唐戸町７番地Ｋビル４００１号室,2023-06-07,株式会社
真琴アート株式会社,千葉県佐倉市上志津１０７７番地４２,2023-06-07,株式会社
矢口技建株式会社,埼玉県久喜市久喜東４丁目１０番１３号,2023-06-07,株式会社
祥雲合同会社,千葉県銚子市本城町４丁目５１０番地１,2023-06-07,合同会社
福豊株式会社,愛知県知立市山町御手洗２番地９６パビリオン第２みたらし５０３号,2023-06-07,株式会社
税理士法人南＆パートナーズ,京都府京都市中京区東洞院通竹屋町上る三本木町４５０番地１,2023-06-07,その他の設立登記法人
税理士法人ｔｒｅｅ,京都府南丹市園部町若松町５８番地,2023-06-07,その他の設立登記法人
笹にすずめ株式会社,東京都葛飾区新小岩２丁目１９－１３,2023-06-07,株式会社
結美不動産株式会社,静岡県御前崎市佐倉２９７６番地の１,2023-06-07,株式会社
美・和ママキッズ合同会社,広島県福山市松永町４丁目２６番４２－４号,2023-06-07,合同会社
萱草堂株式会社,福岡県福岡市博多区祇園町４番３号チサンマンション祇園６０８号室,2023-06-07,株式会社
蕪商会株式会社,広島県広島市東区山根町２７番１－６０１号,2023-06-07,株式会社
行政書士法人ライフパートナーズ,奈良県香芝市鎌田５５３番地２０,2023-06-07,その他の設立登記法人
行政書士法人碓井プランニング,富山県富山市上飯野２０番地６,2023-06-07,その他の設立登記法人
觀龍合同会社,東京都葛飾区堀切３丁目３５番１号,2023-06-07,合同会社
輝騰合同会社,神奈川県横浜市中区弥生町１丁目５－１ライオンズマンション伊勢佐木長者町第２２０３号室,2023-06-07,合同会社
進電設株式会社,大阪府柏原市本郷４丁目３番６号,2023-06-07,株式会社
遠田不動産株式会社,千葉県市川市南八幡３丁目１２番４号,2023-06-07,株式会社
野元教材株式会社,鹿児島県姶良郡湧水町北方１８１６番地,2023-06-07,株式会社
金谷株式会社,東京都墨田区横川３丁目６番７号２－Ｌ室,2023-06-07,株式会社
靈岩株式会社,東京都杉並区梅里２丁目２５番１３号高円寺プラザ,2023-06-07,株式会社
高安自動車工業株式会社,沖縄県糸満市字国吉７２０番地,2023-06-07,株式会社
３５８合同会社,大阪府貝塚市小瀬３８７－１レオパレスＫＯＫＡＤＯ１０１,2023-06-07,合同会社
３Ｗ合同会社,東京都練馬区春日町４丁目２４番２４号,2023-06-07,合同会社
ＡＮＡＳ　ＳＭＡＲＴ合同会社,東京都荒川区東日暮里６丁目２６－３第一藤井荘２０２号,2023-06-07,合同会社
ＡＲＭＥＲＩＡ　ＰＬＡＮＳ合同会社,東京都目黒区自由が丘１丁目１９番１８号,2023-06-07,合同会社
ＡＳＡＬＩＹＡ　ＩＮＴＥＲＮＡＴＩＯＮＡＬ合同会社,千葉県山武市埴谷２６４３番Ｅ棟,2023-06-07,合同会社
ＡＵＴＯ　ＢＯＤＹ株式会社,福岡県福岡市早良区東入部８丁目２０番１８号,2023-06-07,株式会社
Ａｋａｋｕｒａ　Ｃｅｎｔｒａｌ合同会社,新潟県妙高市大字赤倉５４９番地３３,2023-06-07,合同会社
Ａｔａｒ合同会社,千葉県船橋市前原西２丁目１４番２号別館,2023-06-07,合同会社
Ａｕｒｕｍ合同会社,東京都世田谷区下馬６丁目８番１７号メゾンドリラ１０２,2023-06-07,合同会社
Ａｖｅｒ合同会社,香川県高松市田村町４１６番地１フルールＭ２０１,2023-06-07,合同会社
ＡｘｏｎＴｅｃｈ株式会社,神奈川県横浜市磯子区磯子３丁目１３番Ｋ－２０６号,2023-06-07,株式会社
Ｂ‐ＳＯＡＤ合同会社,茨城県かすみがうら市稲吉東２丁目７番２６号,2023-06-07,合同会社
ＢＡＧＥＳＨＷＡＲ　ＤＡＲＳＨＡＮ合同会社,埼玉県草加市手代１丁目３１番２－４０２号,2023-06-07,合同会社
ＢＥＮ　ＩＮＴＥＲＮＡＴＩＯＮＡＬ株式会社,千葉県八千代市八千代台北６丁目８番地６ガーデンヒルズ八千代１０２号,2023-06-07,株式会社
ＢＩＧ　ＨＯＵＳＥ合同会社,東京都千代田区麹町１丁目６番１６号半蔵門海和ビル９階（Ｃ／ＯＪｏｏ－ｒｅａｌｅｓｔａｔｅ－ｏｆｆｉｃｅ）,2023-06-07,合同会社
ＢＰＦレーザイノベーション株式会社,愛知県長久手市立花２８８８番地１,2023-06-07,株式会社
ＢＴＲプランニング合同会社,東京都台東区根岸１丁目１番１５号小林ビル２階,2023-06-07,合同会社
ＢＹ‐ＨＥＸ合同会社,東京都杉並区清水１丁目１９番１４号,2023-06-07,合同会社
Ｂａｍｂｏｏ　Ｃｅｎｔｅｒ　Ｇｒｏｕｐ　Ｊａｐａｎ株式会社,大阪府吹田市岸部北２丁目２５番１０号,2023-06-07,株式会社
Ｂａｒｃｏｄｅ株式会社,神奈川県川崎市川崎区東田町２番地５大久保ビル１０２,2023-06-07,株式会社
Ｂｌｉｄｖｅｎ株式会社,栃木県足利市今福町４２５番地,2023-06-07,株式会社
ＣＡＬＥＮＥ　ＴＥＳＩＡ合同会社,埼玉県川口市元郷５丁目３－１５－２０２,2023-06-07,合同会社
ＣＪアライアンス株式会社,東京都新宿区西新宿１丁目２０番３号西新宿高木ビル,2023-06-07,株式会社
ＣＲＯＳＳ　ＲＥＢＯＲＮ株式会社,愛知県名古屋市港区遠若町３丁目４８番地,2023-06-07,株式会社
ＣｅｒａＮｏｖａ株式会社,愛知県丹羽郡大口町余野６丁目５３番地,2023-06-07,株式会社
Ｃｏｎｎｅｃｔ　ｄｅｓｉｇｎ　ｏｆｆｉｃｅ株式会社,新潟県長岡市花園南１丁目９７番地,2023-06-07,株式会社
ＤＤ　Ｎｅｘｕｓ　Ｐａｒｔｎｅｒｓ株式会社,東京都世田谷区太子堂３丁目１１番１３号,2023-06-07,株式会社
ＤＨＡＫＡ　ＴＲＡＤＥ合同会社,埼玉県蕨市南町２丁目４番１号サンコーポ２０３,2023-06-07,合同会社
ＤＲＥＡＭＣ株式会社,埼玉県川口市並木２丁目３６番１０号,2023-06-07,株式会社
Ｄｏｎ　Ｄｏｎランド合同会社,福島県西白河郡中島村大字滑津字大池向１１番地２,2023-06-07,合同会社
Ｄｏｎｇ　ｇｕａｎ　ｓｈｉ　ｚｈｅｎ　ｋｅ　ｓｈｉ　ｙｅ　ｙｏｕ　ｘｉａｎ　ｇｏｎｇ　ｓｉ,,2023-06-07,外国会社等
ＥＭＩ株式会社,東京都渋谷区円山町１０番１２号ランドステージ渋谷２０１,2023-06-07,株式会社
ＥＶＥＳＴＥＰ合同会社,東京都渋谷区道玄坂１丁目１０番８号渋谷道玄坂東急ビル２Ｆ―Ｃ,2023-06-07,合同会社
ＦＩＲＥ合同会社,沖縄県国頭郡宜野座村字漢那２２６２番地の１４８,2023-06-07,合同会社
ＦｉｅｌｄＢｅａｒ合同会社,東京都台東区東上野５丁目５番１２－１４０２号Ｂｒｉｌｌｉａ上野Ｐｌａｃｅ,2023-06-07,合同会社
ＦｉｎｄＶａｌｕｅ株式会社,福島県郡山市緑町９ー１２,2023-06-07,株式会社
ＧＡＴＥＲＥＸ株式会社,千葉県船橋市北本町２丁目６３番１４号,2023-06-07,株式会社
Ｇｌａｎｚ合同会社,山口県下関市彦島角倉町４丁目９番３０号,2023-06-07,合同会社
Ｇｒｏｗａｔｔ株式会社,東京都台東区台東１丁目２４番９号ブライト秋葉原Ｂ１Ｆ,2023-06-07,株式会社
ＨＡＫＵＲＯ株式会社,滋賀県草津市上笠３丁目２６番２９号,2023-06-07,株式会社
ＨＡＲＯＯＮ　ＴＲＡＤＩＮＧ合同会社,埼玉県川口市大字源左衛門新田２９４－１,2023-06-07,合同会社
ＨＣＣ蘭瑄医療株式会社,東京都中央区日本橋本町３丁目３－６ワカ末ビル７階９号室,2023-06-07,株式会社
ＨＩＤＥＡＷＡＹ　ＷＯＲＫＳ株式会社,北海道空知郡上富良野町南町２丁目１番２５号,2023-06-07,株式会社
ＨＫ合同会社,奈良県香芝市関屋北６丁目２２番７号,2023-06-07,合同会社
ＨＭＡＣコーポレーション株式会社,愛知県名古屋市昭和区南分町３丁目３７番地の１,2023-06-07,株式会社
ＨＱＢ研究所株式会社,新潟県糸魚川市大字須川１７１６番地,2023-06-07,株式会社
Ｉ＆Ｔ株式会社,埼玉県蕨市北町１丁目１６－１２本田マンション１号棟３０５号,2023-06-07,株式会社
Ｉ．Ｓ．Ａｄｖｉｓｏｒｙ　Ｔｏｋｙｏ合同会社,東京都港区浜松町２丁目２番１５号浜松町ダイヤビル２Ｆ,2023-06-07,合同会社
ＩＣＳ株式会社,東京都中央区銀座１丁目２２番１１号銀座大竹ビジデンス２Ｆ,2023-06-07,株式会社
ＩＬＦインベストメント株式会社,千葉県我孫子市我孫子２丁目１－１グラン・レジデンス１５２５号,2023-06-07,外国会社等
ＩＷＡＫ合同会社,東京都中央区日本橋２丁目１番３号,2023-06-07,合同会社
Ｉｎｆｉｎｉｔｅ株式会社,東京都板橋区弥生町７９番６号,2023-06-07,株式会社
Ｉｔｏ設計株式会社,神奈川県藤沢市藤が岡２丁目１６番３～２２５号,2023-06-07,株式会社
ＪＦＧコーポレーション株式会社,東京都福生市大字熊川１６５５番地１,2023-06-07,株式会社
ＪＰ　Ｅｃｏｍｍｅｒｃｅ，Ｉｎｃ．,,2023-06-07,外国会社等
ＪＳＹ‐Ｇｌｏｂａｌ株式会社,東京都千代田区神田和泉町１番地６－１６ヤマトビル４０５,2023-06-07,株式会社
Ｋ・Ｉ・Ｔサービス合同会社,長野県松本市大字島内２０４７番地１１タウニービュー２０１号,2023-06-07,合同会社
ＫＡＭＩＳＯＲＩ　ＷＯＲＸ株式会社,神奈川県横浜市保土ケ谷区常盤台３０－３－２,2023-06-07,株式会社
ＫＣソリューション株式会社,東京都新宿区四谷４丁目３番地１,2023-06-07,株式会社
ＫＯＢＡＹＡ株式会社,東京都墨田区緑４丁目４番５号レオーネＹ．Ｏ５０３号,2023-06-07,株式会社
ＫＳ　ｓｑｕａｒｅ合同会社,京都府宇治市五ケ庄二番割４９番地の２,2023-06-07,合同会社
ＫＳＴＡｘ税理士法人,東京都中央区築地１丁目１３－１０サクセス銀座東ビル１０階,2023-06-07,その他の設立登記法人
ＫＴＹ合同会社,千葉県柏市増尾２丁目１６番４号,2023-06-07,合同会社
ＬＣサポート株式会社,愛媛県今治市南高下町１丁目３番７号,2023-06-07,株式会社
Ｌｅ　ｍｉｒｏｏｉｒ合同会社,大阪府茨木市西河原１丁目５番２８号の２,2023-06-07,合同会社
Ｌｕｘｅ株式会社,千葉県市川市市川１丁目６番９号,2023-06-07,株式会社
Ｍパワー一般社団法人,東京都千代田区九段南３丁目７番７号成和綜合会計事務所内,2023-06-07,その他の設立登記法人
ＭＩＤ　ＳＴＹＬＥ株式会社,福岡県福岡市南区若久５丁目１５番１４号,2023-06-07,株式会社
ＭＳＣエネルギー輸送株式会社,兵庫県神戸市中央区多聞通２丁目１番１号,2023-06-07,株式会社
ＭＳＸ株式会社,東京都港区赤坂１丁目８番１号赤坂インターシティＡＩＲ１４Ｆ,2023-06-07,株式会社
Ｍａｇｅｎｔａ合同会社,東京都渋谷区恵比寿２丁目２４番６‐５０４号,2023-06-07,合同会社
Ｍｅｇｕｍｉ　Ｃｏｎｓｕｌｔａｎｔ合同会社,東京都足立区鹿浜２丁目４１番７－１０７号,2023-06-07,合同会社
Ｍｉｙａｋｏ　Ｎｅｘｔ一般社団法人,東京都港区六本木１丁目６番１号泉ガーデンタワーＫＰＭＧ税理士法人内,2023-06-07,その他の設立登記法人
Ｍｏ，ｓｔ合同会社,東京都青梅市畑中３丁目４８３番地の６,2023-06-07,合同会社
Ｎ．プラン合同会社,愛知県名古屋市中川区小本本町２丁目５９グレイス小本本町３０２,2023-06-07,合同会社
ＮＫＣＬ　ＪＡＰＡＮ株式会社,東京都台東区花川戸１丁目１０－１４,2023-06-07,株式会社
ＮＰＯ法人Ａｑｕａ　Ｄｒｅａｍ　Ｐｒｏｊｅｃｔ,千葉県千葉市美浜区ひび野２丁目３番地,2023-06-07,その他の設立登記法人
ＮＰＯ法人ＦＵＬＡＺ,兵庫県西脇市和田町８３９番地の３,2023-06-07,その他の設立登記法人
ＮＹＣＩ５株式会社,東京都中央区新川１丁目６番１１号,2023-06-07,株式会社
Ｎｏｒｉ’ｓ株式会社,石川県羽咋市垣内田町１２番地１,2023-06-07,株式会社
ＯＬＤＧＥＡＲ　ＺＩＰＡＮＧ　ＡＲＴ株式会社,福岡県北九州市小倉北区三郎丸３丁目１４番２２号,2023-06-07,株式会社
Ｏｋｉｎａ合同会社,神奈川県横浜市南区真金町２丁目２０番地９朝日プラザ大通り公園４０４号,2023-06-07,合同会社
Ｏｗｎｅｒ’ｓ　Ｓａｌｏｎ株式会社,東京都狛江市岩戸北２丁目２番１７号,2023-06-07,株式会社
ＰＡＲＣＡ合同会社,鹿児島県いちき串木野市川上３０５２－１,2023-06-07,合同会社
ＰＣＣＮ合同会社,広島県広島市安佐北区白木町大字三田７３７６番地１３,2023-06-07,合同会社
ＰＯＷＥＲ　ＫＡＲＡＴＥ　ＭＢＫ，ＩＮＣ．日本駐在員事務所,東京都新宿区新宿５丁目１４－１２天翔オフィス新宿三丁目２階２０７号室,2023-06-07,外国会社等
Ｐｌｕｓｌａｂ株式会社,東京都渋谷区神泉町１０番１５号,2023-06-07,株式会社
ＲＡＨＥＮ株式会社,神奈川県川崎市中原区井田３丁目１番１９号,2023-06-07,株式会社
Ｒｏｏｔｓ　Ｈｉｍａｌａｙａ株式会社,東京都立川市柴崎町５丁目１７番２号,2023-06-07,株式会社
Ｓアセット株式会社,愛知県名古屋市昭和区滝川町４７番地の５,2023-06-07,株式会社
Ｓ．ＰＡＩＹＵＮ　ＥＶＥＲＥＳＴ合同会社,大阪府東大阪市御厨東２丁目６番１８号,2023-06-07,合同会社
Ｓ１０合同会社,東京都板橋区蓮根３丁目１５番３－７０１号,2023-06-07,合同会社
ＳＡホールディングス株式会社,北海道上川郡新得町一条北１丁目２番地,2023-06-07,株式会社
ＳＡＮＹＵ　ＣＯＲＰＯＲＡＴＩＯＮ株式会社,東京都中央区日本橋箱崎町２７番９号オフィスヴェラ日本橋箱崎１階,2023-06-07,株式会社
ＳＤコーポレーション株式会社,北海道札幌市手稲区前田五条６丁目１番１６号,2023-06-07,株式会社
ＳＧＰ株式会社,愛知県海部郡蟹江町宝１丁目４２５番地,2023-06-07,株式会社
ＳＩコンサルティング合同会社,愛知県名古屋市中村区岩塚本通２丁目２２番地,2023-06-07,合同会社
ＳＪ　ＩＮＴＥＲＮＡＴＩＯＮＡＬ合同会社,東京都中野区東中野１丁目４２番１０－３０３号,2023-06-07,合同会社
ＳＴＥＡＤＹ株式会社,東京都世田谷区駒沢３丁目１６番２号レ・クレドール駒沢３０１,2023-06-07,株式会社
ＳＴＯＲＹ　ＤＥＳＩＧＮ株式会社,福岡県福岡市南区多賀１丁目１９－４２－２０６,2023-06-07,株式会社
Ｓｈｅｎ　Ｚｈｅｎ　Ｓｈｉ　Ｓｅｎ　Ｈｅ　Ｓｈｉ　Ｙｅ　Ｙｏｕ　Ｘｉａｎ　Ｇｏｎｇ　Ｓｉ,,2023-06-07,外国会社等
Ｓｈｅｎｚｈｅｎｓｈｉ　Ｈａｎｗａｎｇ　Ｅｌｅｃｔｒｏｎｉｃｓ　Ｃｏ．，Ｌｔｄ,,2023-06-07,外国会社等
Ｓｐａｒｋｌｅ　ＡＩ株式会社,東京都中央区築地２丁目１２番１０号,2023-06-07,株式会社
Ｓｔａｓｈ　Ｎｏｍｉｎｅｅｓ合同会社,新潟県妙高市大字関川２２４３番地１９,2023-06-07,合同会社
ＴＡＬＯ　ｊａ　ｄｅｓｉｇｎ株式会社,東京都世田谷区三軒茶屋１丁目４０番３－２０１号,2023-06-07,株式会社
ＴＣＯ株式会社,香川県高松市藤塚町２丁目１２番１９号,2023-06-07,株式会社
ＴＥＮＭＡ合同会社,山口県周南市城ケ丘３丁目１１番８－３０６号,2023-06-07,合同会社
ＴＨ．ｄｅｓｉｇｎ株式会社,福岡県北九州市若松区浜町１丁目４番１５号,2023-06-07,株式会社
ＴＲＩＣＡＳＴＬＥ　ＩＮＴＥＲＮＡＴＩＯＮＡＬ，ＩＮＣ．,東京都江戸川区東葛西３丁目２番１１号,2023-06-07,外国会社等
ＴＲＩＣＯＬＯＲＥ株式会社,東京都渋谷区円山町５番５号Ｎａｖｉ渋谷Ⅴ３階,2023-06-07,株式会社
Ｔｅａｍｗｏｒｋ　Ｃｒｅａｔｉｖｅ株式会社,東京都文京区春日２丁目４番１０号１階,2023-06-07,株式会社
Ｔｒｅｖｉｓｔａ株式会社,京都府京都市左京区下鴨宮崎町１１９－１,2023-06-07,株式会社
Ｖｉオール合同会社,山形県山形市五十鈴２丁目６－２３,2023-06-07,合同会社
Ｗｉｚアセットマネジメント合同会社,兵庫県姫路市北新在家１丁目６番１３号,2023-06-07,合同会社
Ｙ．Ｎ．Ｓ．Ｃ合同会社,山形県山形市蔵王温泉１２６番地,2023-06-07,合同会社
ＹＤＬ合同会社,群馬県太田市石原町２３０番地３,2023-06-07,合同会社
Ｚｈｅｊｉａｎｇ　ｅｒｈｕｉｋｅｊｉ　Ｃｏ．，Ｌｔｄ,,2023-06-07,外国会社等
ａｎｙ税理士法人,東京都台東区東上野３丁目１５番１０号,2023-06-07,その他の設立登記法人
ｂｅｍｉｏｎ合同会社,熊本県八代市井上町２９７－８,2023-06-07,合同会社
ｃｈｉｂｉ株式会社,東京都目黒区中町１丁目５番２１号,2023-06-07,株式会社
ｈｕｂａｗａ合同会社,徳島県徳島市東船場町１丁目１８番地,2023-06-07,合同会社
ｋｅｅｐＡ株式会社,北海道札幌市中央区南一条西１６丁目１番地３２３春野ビル３Ｆ,2023-06-07,株式会社
ｌｉｔ合同会社,群馬県高崎市末広町１８７番地１ベルメゾン末広Ｗ５０６号,2023-06-07,合同会社
ｑｉｎｇｄａｏｓｈａｎｇｙｕｊｉａｊｕｙｏｎｇｐｉｎｙｏｕｘｉａｎｇｏｎｇｓｉ,,2023-06-07,外国会社等
ｓｈｅｎｚｈｅｎｓｈｉｚｈｉｓｈｅｎｇｙｏｕｐｉｎｋｅｊｉｙｏｕｘｉａｎｇｏｎｇｓｉ,,2023-06-07,外国会社等
ｓｈｅｎｚｈｅｎｓｈｉｚｈｏｎｇｘｉｎｇｚｈｕｂａｏｙｏｕｘｉａｎｇｏｎｇｓｉ,,2023-06-07,外国会社等
ｔｅｔｏｔｅレリーフ株式会社,埼玉県さいたま市大宮区桜木町２丁目３番地大宮マルイ７階,2023-06-07,株式会社
ｕｐｎｅｘ株式会社,東京都江東区森下３丁目１９番１３号,2023-06-07,株式会社
ｚｈｅｎｇｚｈｏｕｚｈｕｏｌｉａｎｈａｎｇｓｈａｎｇｍａｏｙｏｕｘｉａｎｇｏｎｇｓｉ,,2023-06-07,外国会社等
きいてかく合同会社,東京都豊島区池袋２丁目３６－１,2023-06-08,合同会社
さいたまベスト株式会社,埼玉県さいたま市北区奈良町３番地７パールマンションＢ棟１１２,2023-06-08,株式会社
さくらいカンパニー合同会社,愛知県小牧市大字二重堀９８１番地１,2023-06-08,合同会社
なかやまノブヒロ株式会社,奈良県香芝市すみれ野１丁目１８－１６,2023-06-08,株式会社
はにわ観光株式会社,埼玉県所沢市大字下安松１５８８番地の１カサブランカ２－２０７,2023-06-08,株式会社
みち合同会社,神奈川県茅ヶ崎市矢畑２４番地８,2023-06-08,合同会社
るきえま株式会社,埼玉県さいたま市西区大字中野林８７３番地３１,2023-06-08,株式会社
アイズリアルエステート株式会社,神奈川県横浜市鶴見区鶴見中央４丁目２６番１３号ドメイン横濱鶴見弐番館１００１,2023-06-08,株式会社
アイボットインベストインティ株式会社,東京都台東区西浅草３丁目９番２－３０２号,2023-06-08,株式会社
アステル株式会社,埼玉県川口市並木３丁目２８番９－２０３号,2023-06-08,株式会社
アドバンス合同会社,茨城県常総市中妻町４２３０番地７,2023-06-08,合同会社
アンドエー株式会社,愛知県名古屋市中村区名駅３丁目４番１０号アルティメイト名駅１ｓｔ２階,2023-06-08,株式会社
インテリアコダカ合同会社,千葉県我孫子市湖北台１０丁目６番１８号,2023-06-08,合同会社
ウィングフィールド株式会社,北海道江別市大麻ひかり町６番地の１１,2023-06-08,株式会社
エイエンタープライズ合同会社,栃木県栃木市都賀町平川１０８番地３,2023-06-08,合同会社
エイトユアーズ合同会社,東京都世田谷区池尻２丁目２６番７号フラッツ池尻３０１,2023-06-08,合同会社
エクセレント国際株式会社,大阪府大阪市中央区谷町６丁目６番７号第五松屋ビル１０６７号室,2023-06-08,株式会社
エヌエー合同会社,兵庫県西宮市和上町６番２４号オリーブハイツ３Ｆ,2023-06-08,合同会社
エムプレイスメント株式会社,東京都千代田区神田小川町３丁目１４番地,2023-06-08,株式会社
エンヲデザイン合同会社,沖縄県那覇市牧志２丁目１７番２７号４０１号室,2023-06-08,合同会社
オレンジ株式会社,大阪府大阪市北区西天満３丁目１１－１５Ｓ－ＲＥＳＩＤＥＮＣＥ西天満グランジュール１５０５室,2023-06-08,株式会社
オーサムウェア株式会社,東京都町田市つくし野１丁目１番地１,2023-06-08,株式会社
カンノ・ワークス合同会社,福島県郡山市安積２丁目３６９－１,2023-06-08,合同会社
ギャランティ・インベストメント株式会社,東京都目黒区下目黒３丁目１０番２９号,2023-06-08,株式会社
クライム株式会社,福島県双葉郡富岡町大字本岡字王塚５４１番地,2023-06-08,株式会社
クラージュ合同会社,茨城県つくば市並木２丁目９番地,2023-06-08,合同会社
ケンズ・チョイス・ジャパン合同会社,東京都中央区八丁堀３丁目１１番１２号,2023-06-08,合同会社
コカ機工株式会社,東京都小平市仲町４０７番地の１４,2023-06-08,株式会社
コミュナルテクノロジーサービス株式会社,神奈川県相模原市緑区西橋本５丁目４番２１号,2023-06-08,株式会社
コージィラボ株式会社,愛知県名古屋市中村区名駅３丁目４－１０アルティメイト名駅１ｓｔ　２階,2023-06-08,株式会社
サンテルホールディングス株式会社,宮崎県宮崎市清水２丁目２番１０号３１０６Ｂｌｄｇ．,2023-06-08,株式会社
シェアリングＤＡＯサポート株式会社,東京都港区虎ノ門４丁目３番２０号神谷町ＭＴビル１４Ｆ,2023-06-08,株式会社
ジェネシスソフトウェア開発合同会社,京都府京都市上京区三本木通西入ル宮垣町９１番１０２,2023-06-08,合同会社
ジャスミーラボ株式会社,東京都港区北青山１丁目２番３号,2023-06-08,株式会社
スズヒロ合同会社,北海道札幌市白石区菊水元町四条２丁目５番７号,2023-06-08,合同会社
スズメ株式会社,大阪府大阪市中央区船場中央２丁目１番４号船場センタービル４号館地下一階Ｂ１０８ＲＯＹＡＬＯＦＦＩＣＥ内,2023-06-08,株式会社
スタロワ企画株式会社,東京都江戸川区西小松川町８番２号,2023-06-08,株式会社
ステラホーム株式会社,大阪府堺市堺区榎元町６丁５番５号,2023-06-08,株式会社
スマイルホーム株式会社,東京都板橋区成増３丁目２５番１－９１０号,2023-06-08,株式会社
セカンドフィドル株式会社,福岡県福岡市中央区天神４丁目６番２８号天神ファーストビル７階,2023-06-08,株式会社
センテラス天文館管理組合,鹿児島県鹿児島市千日町１番１号,2023-06-08,その他
ゼロ・コネクション株式会社,高知県高知市東石立町５３番地４,2023-06-08,株式会社
ソセイ株式会社,大阪府松原市田井城５丁目２番８号,2023-06-08,株式会社
タワフトレーディング株式会社,茨城県常総市小保川１３３０番地,2023-06-08,株式会社
ターシャ株式会社,福島県いわき市平字田町１２０番地ＬＡＴＯＶ６階,2023-06-08,株式会社
ダブルアール株式会社,東京都中央区銀座１丁目１２番４号Ｎ＆ＥＢＬＤ．６Ｆ,2023-06-08,株式会社
チュリス鶴舞管理組合,愛知県名古屋市中区千代田１丁目１５－１５,2023-06-08,その他
トウセイデバイス株式会社,東京都港区浜松町２丁目２番１５号２Ｆ,2023-06-08,株式会社
ナウド・アドバイザリー株式会社,東京都世田谷区池尻１丁目８－４,2023-06-08,株式会社
ネゴシエーターズ株式会社,大阪府枚方市西禁野１丁目１－２５－３０２,2023-06-08,株式会社
ハネソル株式会社,東京都大田区池上７丁目２－７,2023-06-08,株式会社
ファースト・コンパス合同会社,東京都千代田区神田淡路町２丁目１０５ワテラスアネックス１２０５,2023-06-08,合同会社
フィールドアップ株式会社,長野県上伊那郡宮田村３３５６番地５,2023-06-08,株式会社
フォレスト株式会社,東京都大田区東嶺町４４番１号,2023-06-08,株式会社
フルオブワンダーホールディングス合同会社,大阪府吹田市豊津町９番２２号大同門本部ビル６Ｆ,2023-06-08,合同会社
ブリングコンサルティング株式会社,東京都渋谷区渋谷２丁目１０番１５号,2023-06-08,株式会社
ブルーエステート株式会社,福岡県福岡市南区平和２丁目７番３５－５０２号,2023-06-08,株式会社
ブルーバードコンサルティング合同会社,沖縄県沖縄市泡瀬３丁目４４番２６号－２０５号,2023-06-08,合同会社
プロシードテック株式会社,愛知県名古屋市西区八筋町２６０番地,2023-06-08,株式会社
ベストユニオン事業協同組合,福島県郡山市安積町日出山４丁目１４４番地,2023-06-08,その他の設立登記法人
マインズ株式会社,愛知県名古屋市中村区名駅３丁目４番１０号アルティメイト名駅１ｓｔ２階,2023-06-08,株式会社
マウントロイヤルホリデーズ株式会社,東京都新宿区百人町１丁目１１番２８号プラット１００・２０６号室,2023-06-08,外国会社等
マーク・インターナショナル・ジャパン合同会社,東京都渋谷区神宮前６丁目２３番４号桑野ビル２階,2023-06-08,合同会社
メモリーワン株式会社,兵庫県三田市南が丘２丁目３番２３号,2023-06-08,株式会社
ユニオンエコ株式会社,神奈川県藤沢市用田１１１８,2023-06-08,株式会社
ライフネクスト株式会社,東京都品川区西五反田１丁目２６番２号五反田サンハイツ９１１,2023-06-08,株式会社
リノワレンタカー株式会社,東京都港区六本木７丁目７番７号トライセブンロッポンギ８階,2023-06-08,株式会社
リンクス合同会社,神奈川県鎌倉市大町１丁目８番３号,2023-06-08,合同会社
レグルスアルファ株式会社,大阪府大阪市東住吉区桑津３丁目１番１４号,2023-06-08,株式会社
一株式会社,高知県高知市東秦泉寺７８番地１,2023-06-08,株式会社
一般社団法人いきいきライフ協会知多,愛知県常滑市新開町４丁目７番地,2023-06-08,その他の設立登記法人
一般社団法人おもしろ総合研究所,大阪府東大阪市水走３丁目３番７号,2023-06-08,その他の設立登記法人
一般社団法人ぐれーとたいむ,福岡県福津市中央２丁目１１番３号,2023-06-08,その他の設立登記法人
一般社団法人じゆうのもり,山形県飽海郡遊佐町小松字佐渡１番地の２,2023-06-08,その他の設立登記法人
一般社団法人みなとスクール,大阪府大阪市港区波除２丁目１２－６,2023-06-08,その他の設立登記法人
一般社団法人ウィーン国際音楽文化協会,東京都大田区蒲田５丁目４６番１１号,2023-06-08,その他の設立登記法人
一般社団法人セーブ・ザ・リーフ,東京都港区白金２丁目７番１２号,2023-06-08,その他の設立登記法人
一般社団法人ハルノヒ,茨城県水戸市南町３丁目３番３５号,2023-06-08,その他の設立登記法人
一般社団法人フラワーライフ振興協議会,東京都中央区銀座８丁目４番２７号菊乃香銀座１階,2023-06-08,その他の設立登記法人
一般社団法人ユニットＷＯＷカンパニー,大阪府大阪市城東区森之宮２丁目６番３３７号,2023-06-08,その他の設立登記法人
一般社団法人三重県山岳・スポーツクライミング連盟,三重県津市観音寺町６０４番地３８,2023-06-08,その他の設立登記法人
一般社団法人上場を目指す会,東京都豊島区高松２丁目５２－９アンジュール高松１０２,2023-06-08,その他の設立登記法人
一般社団法人予防カウンセリング協会,東京都中央区銀座１丁目３番９号,2023-06-08,その他の設立登記法人
一般社団法人修理部品品質評価協会,神奈川県横浜市中区伊勢佐木町３丁目１０４登美屋第７ビル,2023-06-08,その他の設立登記法人
一般社団法人共同学童保育所ききょうクラブ,北海道函館市桔梗町４００番地１,2023-06-08,その他の設立登記法人
一般社団法人北海道北広島キッチンカー協会,北海道北広島市大曲緑ヶ丘２丁目１２番地９,2023-06-08,その他の設立登記法人
一般社団法人厚生医療機構,東京都渋谷区神宮前６丁目２３番１０号,2023-06-08,その他の設立登記法人
一般社団法人向日葵,兵庫県神戸市須磨区妙法寺字女夫岩１０９４－７,2023-06-08,その他の設立登記法人
一般社団法人向野石地管理,福岡県福岡市南区向野２丁目２５番１３号,2023-06-08,その他の設立登記法人
一般社団法人四国文化研究所,香川県丸亀市城東町３丁目１０番１９,2023-06-08,その他の設立登記法人
一般社団法人地域まちもり,愛知県名古屋市中村区名駅南２丁目３番３７号,2023-06-08,その他の設立登記法人
一般社団法人埼玉リリーフセンター,埼玉県さいたま市大宮区桜木町２丁目３番地,2023-06-08,その他の設立登記法人
一般社団法人岡山県酒問題ゼロＬａｂ,岡山県岡山市北区東島田町１丁目８番５号,2023-06-08,その他の設立登記法人
一般社団法人新札,東京都千代田区霞が関３丁目２番５号,2023-06-08,その他の設立登記法人
一般社団法人日本シーシャ協議会,東京都港区南青山１丁目１０番３南青山Ｄビル４階,2023-06-08,その他の設立登記法人
一般社団法人日本消波根固ブロック協会,東京都千代田区神田錦町３丁目６番地,2023-06-08,その他の設立登記法人
一般社団法人柏野学区自治連合福祉協議会,京都府京都市北区紫野中柏野町２３－５番地,2023-06-08,その他の設立登記法人
一般社団法人沖縄アメリカンフットボール協会,沖縄県那覇市旭町１１２番地２９・１５０３,2023-06-08,その他の設立登記法人
一般社団法人電気災害防止協会,埼玉県八潮市大字浮塚４３０番地１,2023-06-08,その他の設立登記法人
一般社団法人青少年育成アスリートプロジェクト,奈良県生駒市萩の台７９３番地１ハイツ萩の台１０１号室,2023-06-08,その他の設立登記法人
一般社団法人青少年育成柔道プロジェクト,奈良県生駒市萩の台７９３番地１ハイツ萩の台１０１号室,2023-06-08,その他の設立登記法人
一般社団法人鹿児島ＥＶチャージ協会,鹿児島県鹿児島市西千石町７番３３－７０６号,2023-06-08,その他の設立登記法人
一般社団法人ＢＴＯＬ,沖縄県那覇市鏡原町１３番１３号岸本ハイツ３階,2023-06-08,その他の設立登記法人
一般社団法人Ｄ．Ｂ．Ｌ．Ｓｔｙｌｅ協会,大阪府大阪市住之江区住之江２丁目５番７号,2023-06-08,その他の設立登記法人
一般社団法人ＤＥＮＣＹ,広島県広島市南区宇品神田３丁目７番２号,2023-06-08,その他の設立登記法人
一般社団法人ＧＯＴＯ,東京都千代田区丸の内３丁目１番１号東京共同会計事務所内,2023-06-08,その他の設立登記法人
一般社団法人ＭＩＲＯＣＵ,東京都港区芝３丁目１２番１３－７０４号,2023-06-08,その他の設立登記法人
一般社団法人ＳＵＫＥＲＯＫＵ,東京都千代田区丸の内３丁目１番１号東京共同会計事務所内,2023-06-08,その他の設立登記法人
一般社団法人ＴＨＹＭＥ,東京都中央区日本橋３丁目２番１４号,2023-06-08,その他の設立登記法人
一般財団法人小池駿介奨学基金,福島県会津若松市栄町２番１４号,2023-06-08,その他の設立登記法人
一般財団法人月経前症候群社会認知普及協会,東京都千代田区霞が関３丁目６－１５,2023-06-08,その他の設立登記法人
三幸不動産株式会社,愛知県名古屋市天白区平針２丁目１１１１番地Ａ２ビル５０１,2023-06-08,株式会社
三木グループホールディングス株式会社,東京都中野区大和町３丁目４３番１３号,2023-06-08,株式会社
三水株式会社,東京都荒川区町屋３丁目２４番２号面川ビル二階２１８号室,2023-06-08,株式会社
三譲株式会社,東京都杉並区梅里２丁目２５番１３号高円寺プラザ,2023-06-08,株式会社
中村商店株式会社,京都府京都市伏見区桃山町金井戸島２番地の１９,2023-06-08,株式会社
中益株式会社,千葉県印旛郡酒々井町中川１１－３足立ビル３階,2023-06-08,株式会社
中道合同会社,長崎県大村市三城町６３３－１エスポワールＢ棟１０２号,2023-06-08,合同会社
企業組合Ｃｉｅｌｏ　Ｂｌｕ,大分県大分市上田町１丁目３番１－９１３号ロフティ羽屋,2023-06-08,その他の設立登記法人
伊王島地区連合自治会,長崎県長崎市伊王島町１丁目乙２５７,2023-06-08,その他
優浬製作株式会社,熊本県上益城郡嘉島町大字井寺６８９番地,2023-06-08,株式会社
兒玉勝之合同会社,東京都杉並区和田３丁目６番２号ＥＭＳⅡ２０３,2023-06-08,合同会社
労働者協同組合ワーカーズコレクティブデポット,神奈川県横浜市港北区新横浜２丁目８－４オルタナティブ生活館１Ｆ,2023-06-08,その他の設立登記法人
匠株式会社,神奈川県横浜市都筑区川和町２３３０－１,2023-06-08,株式会社
医療法人Ｔｒｉ‐ＮＥＸＴ,宮城県仙台市青葉区中央１丁目２番３号,2023-06-08,その他の設立登記法人
協同組合イースタンハウジンググループ,岩手県宮古市山口１丁目２番２７号,2023-06-08,その他の設立登記法人
南城モバイル合同会社,沖縄県南城市大里字大里１７０６番地２,2023-06-08,合同会社
南相土木株式会社,福島県双葉郡浪江町大字幾世橋字辻７４番地１,2023-06-08,株式会社
友成株式会社,大阪府大阪市天王寺区悲田院町９－１７阪和ビル３０１号室,2023-06-08,株式会社
司法書士法人ありがとう,広島県広島市中区基町５番４４号,2023-06-08,その他の設立登記法人
司法書士法人青葉リーガルオフィス,東京都港区北青山２丁目７番１３号プラセオ青山ビル３階,2023-06-08,その他の設立登記法人
合同会社あいあーる,沖縄県宮古島市平良字西里６８３番地３,2023-06-08,合同会社
合同会社あさひ商店,東京都新宿区西新宿３丁目３番１３号西新宿水間ビル２Ｆ,2023-06-08,合同会社
合同会社えんぴつ,神奈川県横浜市西区浅間町１丁目４番地３,2023-06-08,合同会社
合同会社かとう,愛知県半田市向山町１丁目１１０番地,2023-06-08,合同会社
合同会社すいーとぴぃ,三重県四日市市野田２丁目５番２１号,2023-06-08,合同会社
合同会社つなぐ,東京都東久留米市柳窪５丁目７番４号,2023-06-08,合同会社
合同会社とよ,京都府京都市北区紫野上石龍町１６番地,2023-06-08,合同会社
合同会社まるけい,熊本県菊池郡大津町大字平川１４８番地,2023-06-08,合同会社
合同会社みあれ,京都府京都市西京区川島莚田町９番地３Ｄ－０２,2023-06-08,合同会社
合同会社みずべ,神奈川県横浜市西区北幸２丁目１０番地２８むつみビル３Ｆ,2023-06-08,合同会社
合同会社もんでん,兵庫県神戸市中央区磯辺通１丁目１番１８号カサベラ国際プラザビル７０７号室,2023-06-08,合同会社
合同会社やまぶき,東京都杉並区荻窪３丁目４６番１９号,2023-06-08,合同会社
合同会社わくわく,愛知県名古屋市北区清水２丁目２２番７号,2023-06-08,合同会社
合同会社アイエスクリエイト,福岡県那珂川市片縄北６丁目５番１５号,2023-06-08,合同会社
合同会社アイケー,広島県広島市安芸区中野東６丁目２３番８１－１２号,2023-06-08,合同会社
合同会社アシスト,東京都豊島区池袋本町１丁目２１－８アネックスハナブサ１Ｂ,2023-06-08,合同会社
合同会社アセンブル,京都府京都市伏見区羽束師志水町１６５－２１３,2023-06-08,合同会社
合同会社アソシエイト,群馬県太田市東別所町５００番地４ハイツライブリー１０１号,2023-06-08,合同会社
合同会社アヤネ＆ｙｕｋｅｙ,富山県富山市下冨居１丁目１５番１８号,2023-06-08,合同会社
合同会社アンダースリー,東京都葛飾区亀有３丁目４２番１７－３０２号ガーデンホーム亀有パークフォート,2023-06-08,合同会社
合同会社イースリー,東京都港区南青山３丁目１番３６号青山丸竹ビル６Ｆ,2023-06-08,合同会社
合同会社エアサポート,千葉県船橋市飯山満町３丁目１５１９番地１,2023-06-08,合同会社
合同会社エスピナロサ,北海道札幌市清田区北野六条５丁目１２番２１号,2023-06-08,合同会社
合同会社エマコンサルティング,広島県広島市中区上幟町９番３２－１５０３号,2023-06-08,合同会社
合同会社オーパス,東京都港区南青山３丁目６番４号新幸ビルディング２２号室,2023-06-08,合同会社
合同会社キャッシュクリエイト,東京都江東区高橋１４－１６,2023-06-08,合同会社
合同会社クラフトジャパン,神奈川県横浜市中区扇町４丁目１１番１３号,2023-06-08,合同会社
合同会社クールアンクル３,愛知県名古屋市緑区桶狭間森前２００５番地,2023-06-08,合同会社
合同会社グレンアード建築研究所,長崎県島原市城内３丁目１０７８－１エクセレント城内Ａ棟,2023-06-08,合同会社
合同会社シアテック,東京都台東区上野７丁目３番９－７１９号アルベルゴ上野,2023-06-08,合同会社
合同会社センス,神奈川県横浜市青葉区あざみ野４丁目１６番地５黒沼ハイツ１０１,2023-06-08,合同会社
合同会社ニトルス,大阪府高槻市天神町１丁目８番２号,2023-06-08,合同会社
合同会社ハピネス,茨城県取手市上高井３５２番地２１コーポ廣瀬１０１号室,2023-06-08,合同会社
合同会社ハンブル,神奈川県川崎市麻生区高石３丁目１２－１３－９,2023-06-08,合同会社
合同会社ハーラン,東京都港区南青山３丁目６番４号新幸ビルディング２１号室,2023-06-08,合同会社
合同会社ヒカルミズ,東京都品川区東五反田２丁目９番１－７０１号,2023-06-08,合同会社
合同会社ファースト,栃木県那須塩原市下永田２丁目１０５１番地１,2023-06-08,合同会社
合同会社ポラリス,埼玉県川越市南大塚２丁目１７番地２５ゴールドクレスト４０６,2023-06-08,合同会社
合同会社マルジナリア,東京都江東区東陽２丁目３番１６－３１２号,2023-06-08,合同会社
合同会社ミナト,大阪府大阪市生野区巽南１丁目９番２５号,2023-06-08,合同会社
合同会社モンステラ,東京都世田谷区北烏山３丁目２２－１,2023-06-08,合同会社
合同会社リセスタ,岡山県岡山市南区箕島１３４６‐２,2023-06-08,合同会社
合同会社レック・カンパニー,茨城県牛久市さくら台２丁目３１番地２５,2023-06-08,合同会社
合同会社ワイ・エム・シー,東京都渋谷区桜丘町２３番１７号シティコート桜丘４０８,2023-06-08,合同会社
合同会社ワダチ創研,山梨県南都留郡西桂町小沼２７２４番地１,2023-06-08,合同会社
合同会社ヴィント,神奈川県川崎市宮前区土橋３丁目２７番地１２,2023-06-08,合同会社
合同会社三徳会,神奈川県厚木市森の里４丁目２６番５号,2023-06-08,合同会社
合同会社佐野,東京都新宿区四谷坂町１２－１４－１１０３,2023-06-08,合同会社
合同会社佐野商店,富山県高岡市丸の内５番１０号,2023-06-08,合同会社
合同会社創和テック,香川県丸亀市郡家町１８７１番地１,2023-06-08,合同会社
合同会社協和メディカル,福岡県福岡市早良区百道２丁目９－６－１００２号室グランドメゾン百道プレイス,2023-06-08,合同会社
合同会社吉門,大阪府大阪市西成区天下茶屋東２丁目８番６号,2023-06-08,合同会社
合同会社大山,三重県鈴鹿市東旭が丘１丁目４番２６号,2023-06-08,合同会社
合同会社大鹿産業,大阪府大阪市北区梅田１丁目２番２号大阪駅前第２ビル１２－１２,2023-06-08,合同会社
合同会社妙な少女,東京都中央区築地７丁目１２－１３－７０２,2023-06-08,合同会社
合同会社寿咲,東京都立川市富士見町１丁目３３番８号,2023-06-08,合同会社
合同会社寿福,静岡県浜松市浜北区染地台２丁目５－２１,2023-06-08,合同会社
合同会社小川リメイク,静岡県静岡市駿河区豊田２丁目５番２５号,2023-06-08,合同会社
合同会社尖石,長野県茅野市湖東８１１１番地１,2023-06-08,合同会社
合同会社御福プロパティーズ,東京都千代田区丸の内３丁目１番１号東京共同会計事務所内,2023-06-08,合同会社
合同会社新札,東京都千代田区霞が関３丁目２番５号,2023-06-08,合同会社
合同会社昇龍,東京都中央区銀座６丁目６番１号銀座風月堂ビル５Ｆ,2023-06-08,合同会社
合同会社暖和,愛知県常滑市阿野町２丁目１０７番地,2023-06-08,合同会社
合同会社桜ケアプランサービス,福岡県宗像市桜１丁目１５７１番地２４,2023-06-08,合同会社
合同会社森のくろくま,茨城県水戸市青柳町６６７番地の１５,2023-06-08,合同会社
合同会社極美,愛知県豊明市栄町大根１－１３１０,2023-06-08,合同会社
合同会社歴々,東京都杉並区上荻４丁目１１番８－２０１号テラス西荻窪,2023-06-08,合同会社
合同会社流,東京都港区西麻布４丁目１１番２－１０１号,2023-06-08,合同会社
合同会社真成工業,熊本県八代市高下東町１７５番地（Ⅰ１０１）,2023-06-08,合同会社
合同会社真西電設,大阪府大阪市住吉区清水丘２丁目４番７－２０１号,2023-06-08,合同会社
合同会社誠商店,東京都目黒区洗足１丁目７番６号,2023-06-08,合同会社
合同会社魁皇塾,愛知県名古屋市西区幅下１丁目１５番３号－２,2023-06-08,合同会社
合同会社Ａ‐ｊｕ,千葉県長生郡一宮町一宮２４６８番地２,2023-06-08,合同会社
合同会社Ａ　Ｌｉｆｅ　ＬＡＢ,埼玉県入間市久保稲荷１丁目１０番地１－１７－１０１,2023-06-08,合同会社
合同会社Ａｖａｌｏｎ,東京都品川区平塚１丁目７番３号ファインクレスト戸越４０３,2023-06-08,合同会社
合同会社ＢＩＮＨ　ＭＩＮＨ,岐阜県可児市広見６０６番地、可児第一マンション１０２号,2023-06-08,合同会社
合同会社Ｂａｒｋａｄａ,東京都江戸川区西小岩４丁目６番１９号エルカーサ西小岩３０１,2023-06-08,合同会社
合同会社ＢｅｌｌとＬｏｖｅ,東京都渋谷区桜丘町２３番１７号シティーコート桜丘,2023-06-08,合同会社
合同会社ＢｏｏＢｏｏ,神奈川県茅ヶ崎市室田１丁目１５番４５号２０２,2023-06-08,合同会社
合同会社ＣＨＡＮＣＥ,茨城県東茨城郡城里町大字増井１４７７番地の２,2023-06-08,合同会社
合同会社Ｃａｐｅｌｌａ,東京都港区南青山４丁目２３－１カーザベラ３０１号室,2023-06-08,合同会社
合同会社Ｃｅｄａｒ,東京都立川市錦町１丁目３番２１号ライオンビル４０４号室,2023-06-08,合同会社
合同会社Ｃｒａｆｔｓｍａｎｓｈｉｐ,滋賀県草津市青地町６０７番地１０,2023-06-08,合同会社
合同会社ＤＥＫＡＩＳＵＫＥ,埼玉県越谷市東越谷２丁目１６番地５０,2023-06-08,合同会社
合同会社ＤｍａｃｋＪａｐａｎ,東京都新宿区北新宿１丁目２８番３号今西ハイツ１０３号,2023-06-08,合同会社
合同会社Ｄｏｔ．ｃｏｌｌｅｃｔｏｒ,神奈川県藤沢市片瀬海岸１丁目７番２５～４０１号,2023-06-08,合同会社
合同会社Ｄｒｅａｍ,愛知県豊田市上郷町島姫２６番地３,2023-06-08,合同会社
合同会社Ｆｏｌｋ,神奈川県相模原市緑区青山４３８番地２,2023-06-08,合同会社
合同会社ＧＯ　ＴＯ　ＷＥＬＬ,愛知県名古屋市東区白壁３丁目１番３０号プレミアマルシェ白壁９０１号,2023-06-08,合同会社
合同会社Ｇｏｏｄ　ｌｕｃｋ,千葉県旭市清和甲１６９４番地,2023-06-08,合同会社
合同会社ＨＩＧＨ　ＧＬＯＷ,茨城県結城市みどり町１丁目１番地１１,2023-06-08,合同会社
合同会社ＨＰ　Ｍｏｂｉｌｅ,千葉県八千代市八千代台北１丁目９－３コーポ総３０１号,2023-06-08,合同会社
合同会社ＩＣＨＩ,群馬県館林市富士見町１４－２５,2023-06-08,合同会社
合同会社ＩＬＭ,大阪府大阪市都島区都島中通３丁目５番４３－１５０３号,2023-06-08,合同会社
合同会社Ｉｓｏｌａ　Ｆｏｒｔｕｎａ,福島県南相馬市小高区井田川字西迫７９番地の３,2023-06-08,合同会社
合同会社ＪＡＭ,大阪府交野市東倉治１丁目７番２－３０５号,2023-06-08,合同会社
合同会社ＪＩＣＣＯ,長野県佐久市長土呂１１８３番地９,2023-06-08,合同会社
合同会社Ｋ　ＡＮＤ　Ｋラボ,三重県三重郡菰野町大字神森７８７番地１７,2023-06-08,合同会社
合同会社ＫＣ,石川県金沢市高畠１丁目５２７番地ランプロス１０２,2023-06-08,合同会社
合同会社ＬＥＧＩＴ,埼玉県志木市下宗岡４丁目１４番４５号,2023-06-08,合同会社
合同会社ＬＵＣＩＡＺ,神奈川県厚木市中町２丁目１１番１０号ダイヤモンドビル３Ｆ,2023-06-08,合同会社
合同会社Ｌａ　ｐｏｒｔ’ｅ,兵庫県神戸市長田区片山町２丁目６番１４号,2023-06-08,合同会社
合同会社Ｌｉｎｋ,神奈川県横浜市栄区笠間３丁目９番１９－１０１号,2023-06-08,合同会社
合同会社ＭＩＲＩＺＥ,北海道旭川市永山九条１０丁目４－９,2023-06-08,合同会社
合同会社ＭＩＳＡＫＩ,福岡県福岡市博多区光丘町３丁目１番１２号,2023-06-08,合同会社
合同会社ＭＯＳＳ,岐阜県郡上市和良町宮代１０３８番地２,2023-06-08,合同会社
合同会社Ｍｉｎｅｒｖａ,北海道札幌市中央区南五条西６丁目１８番１号ＨＢＮビル３階Ｄ号室,2023-06-08,合同会社
合同会社ＭｉｔｚｕＬａｂ,東京都杉並区成田東１丁目４９－７ハイネス阿佐ヶ谷６０６号室,2023-06-08,合同会社
合同会社ＮＴアクティブ,富山県砺波市石丸３１番地,2023-06-08,合同会社
合同会社Ｐ‐ＦＬＡＳＨ,東京都渋谷区渋谷２丁目１９番１５号宮益坂ビルディング６０９,2023-06-08,合同会社
合同会社ＰＯＤ,東京都渋谷区千駄ヶ谷３丁目２０番１０号２階,2023-06-08,合同会社
合同会社Ｒｅｓｔａｒｔ,茨城県取手市井野８９６－６,2023-06-08,合同会社
合同会社Ｒｉｎｇ’ｓ,山口県周南市花陽２丁目１０番８号ベルハイム花陽１０１号,2023-06-08,合同会社
合同会社Ｓ．Ｋ,千葉県市川市妙典２丁目１６番１１－１０７号（ジュピテール）,2023-06-08,合同会社
合同会社ＳＧ,京都府京都市中京区柿本町３９５,2023-06-08,合同会社
合同会社ＳＨＩＫＩ,兵庫県姫路市青山西５丁目９番１２号,2023-06-08,合同会社
合同会社ＳＫＹＲＯＣＫＥＴ,東京都中央区銀座１丁目１２－４Ｎ＆ＥＢＬＤ．７階,2023-06-08,合同会社
合同会社ＳＭＣ,東京都中野区中野２丁目１１番６号丸由ビル１０２号,2023-06-08,合同会社
合同会社Ｓａｌｉｒ,埼玉県蕨市南町１丁目１９番２号ブランノーヴァ蕨（Ⅱ）３０１号,2023-06-08,合同会社
合同会社ＴＣＹＭ,熊本県合志市須屋１８９１番地１－１０２号,2023-06-08,合同会社
合同会社ＴＯＳＡ　ＨＯＰＥ,高知県高知市東城山町１２６番地１７,2023-06-08,合同会社
合同会社ＴＲｕｕＮＫ,三重県伊賀市新堂５６５番地１,2023-06-08,合同会社
合同会社ＴＵＧＩＨＡＧＩ,鳥取県鳥取市吉岡温泉町２３２番地,2023-06-08,合同会社
合同会社ＴＶイエロー,兵庫県神戸市西区今寺２４番地の２２,2023-06-08,合同会社
合同会社Ｕｍａｎ,東京都中央区日本橋兜町１７－２兜町第６葉山ビル４Ｆ,2023-06-08,合同会社
合同会社Ｖ＆Ｈ,埼玉県朝霞市三原２丁目４番３３号ＪＮハイツ１０１Ｂ号,2023-06-08,合同会社
合同会社ＹＳ,大阪府大阪市北区神山町８番１号,2023-06-08,合同会社
合同会社ａｗａｉ,東京都港区南青山２丁目２番１５号,2023-06-08,合同会社
合同会社ｅ‐Ｐｌａｎ,大阪府大阪市此花区春日出中２丁目１５番１５号,2023-06-08,合同会社
合同会社ｅｍｂｒａｃｅ,東京都渋谷区道玄坂１丁目１０番８号渋谷道玄坂東急ビル２Ｆ－Ｃ,2023-06-08,合同会社
合同会社ｉｚｍ,長野県松本市本庄１丁目７番１２号,2023-06-08,合同会社
合同会社ｋｎｏｔ,福島県双葉郡富岡町大字上手岡字下千里７０,2023-06-08,合同会社
合同会社ｍ‐ＢＡＳＥ,兵庫県明石市上ノ丸３丁目１０番２２号,2023-06-08,合同会社
合同会社ｓｅｋｉｎｏ,東京都港区元麻布３丁目１番３５号ＶＯＲＴ元麻布５階,2023-06-08,合同会社
合豊株式会社,東京都豊島区雑司が谷３丁目８－２コモンシティ目白６０１号室,2023-06-08,株式会社
吉村林業株式会社,山口県美祢市西厚保町原１２５４番地,2023-06-08,株式会社
和舟株式会社,愛知県名古屋市中川区南脇町３丁目３２番地の１,2023-06-08,株式会社
四葉株式会社,茨城県つくば市研究学園５丁目３０番地１４,2023-06-08,株式会社
國信組株式会社,広島県三原市須波ハイツ３丁目１８番２１号,2023-06-08,株式会社
土地家屋調査士法人田内工務所,静岡県湖西市鷲津７９５番地の１,2023-06-08,その他の設立登記法人
増渕商事株式会社,茨城県常総市内守谷町３９８７番地４,2023-06-08,株式会社
大基合同会社,東京都荒川区西尾久８丁目３０－１－５２４,2023-06-08,合同会社
大洋トレーディング合同会社,東京都葛飾区高砂３丁目１－４６－２１６,2023-06-08,合同会社
好日株式会社,東京都千代田区霞が関３丁目２番５号,2023-06-08,株式会社
安沁株式会社,東京都墨田区横川３丁目６番７号３－Ｇ室,2023-06-08,株式会社
山田商事株式会社,大阪府豊中市上新田４丁目２２番１－２０４号,2023-06-08,株式会社
常滑文化振興合同会社,愛知県常滑市多屋町５丁目４０番地,2023-06-08,合同会社
弁護士法人大友法律事務所,千葉県千葉市中央区本千葉町４－１４内海ビル２階,2023-06-08,その他の設立登記法人
徳雲貿易合同会社,福岡県福岡市西区愛宕３丁目４番１２号,2023-06-08,合同会社
恒勝商事株式会社,大阪府大阪市平野区加美北１丁目１８番９号,2023-06-08,株式会社
愛実不動産株式会社,東京都中央区築地２丁目１５番１５－１００５号,2023-06-08,株式会社
成行合同会社,大阪府大阪市中央区道修町３丁目３番８－１４０３号,2023-06-08,合同会社
日工建設株式会社,福島県いわき市江畑町江ノ上３６番地,2023-06-08,株式会社
日本サイバーセキュリティ株式会社,大阪府大阪市中央区難波５丁目１番６０号なんばスカイオ２７階,2023-06-08,株式会社
日本山川モータース株式会社,香川県仲多度郡多度津町西港町１６番地７,2023-06-08,株式会社
晟ＹＩ株式会社,大阪府大阪市東住吉区鷹合４丁目２１番１６号１Ｆ－Ｅ,2023-06-08,株式会社
朝日社会保険労務士法人,長野県上伊那郡宮田村１５７番地,2023-06-08,その他の設立登記法人
東京築城株式会社,東京都中央区明石町５－１３シャルマン築地明石町４１７,2023-06-08,株式会社
東海白金ホールディングス株式会社,愛知県名古屋市中区錦１丁目５番１１号,2023-06-08,株式会社
松山労働福祉協会,愛媛県松山市雄郡２丁目１０－８,2023-06-08,その他
栄塗装株式会社,埼玉県さいたま市大宮区三橋１丁目５９９番地大成第二マンション５０２,2023-06-08,株式会社
株式会社あくあえんたーぷらいず,福島県郡山市久留米６丁目７１番地５,2023-06-08,株式会社
株式会社ありのまま,大阪府大阪市中央区道修町２丁目２番５号イヌイ第二ビル２階,2023-06-08,株式会社
株式会社おおまじめ,大分県中津市大字合馬４１７－２,2023-06-08,株式会社
株式会社おふとん,大阪府東大阪市花園本町１丁目７番１３号,2023-06-08,株式会社
株式会社かなざわＴＡＫＥＹＡ,石川県金沢市疋田２丁目２９番地,2023-06-08,株式会社
株式会社きずな,神奈川県川崎市川崎区京町２丁目３番１－４０１号,2023-06-08,株式会社
株式会社さいかち財託,東京都品川区旗の台６丁目２４番１２号６０３号室,2023-06-08,株式会社
株式会社すももテラス,兵庫県芦屋市西蔵町１０番１１－４１４号,2023-06-08,株式会社
株式会社だん,東京都渋谷区神山町３８番８号インナートリッププラザ神山町１０１,2023-06-08,株式会社
株式会社なかまる,東京都葛飾区堀切６丁目６番４号,2023-06-08,株式会社
株式会社にこうえ,大阪府大阪市中央区安堂寺町２丁目６番１１－２３０６号,2023-06-08,株式会社
株式会社のほん,東京都文京区千石３丁目３２－１０,2023-06-08,株式会社
株式会社ひなた防水,神奈川県茅ヶ崎市鶴が台９番８－４０１号,2023-06-08,株式会社
株式会社ぽれぽれ,長野県上伊那郡中川村大草３２８０－７,2023-06-08,株式会社
株式会社まつも塗装,埼玉県さいたま市大宮区三橋４丁目２２９番地５,2023-06-08,株式会社
株式会社まるふく不動産,宮城県東松島市牛網字駅前一丁目１０番地１８,2023-06-08,株式会社
株式会社まるみ屋,東京都杉並区高円寺南２丁目１６番２号,2023-06-08,株式会社
株式会社みすず,茨城県取手市中原町１２－１９,2023-06-08,株式会社
株式会社めじ,広島県尾道市土堂１丁目１１－１６,2023-06-08,株式会社
株式会社やいま,宮崎県都城市久保原町９街区３の２６号Ｔ－ＹＡＩＭＡ　Ａ－１０１,2023-06-08,株式会社
株式会社ゆいせい,大阪府大阪市東住吉区照ケ丘矢田４丁目４番１５号,2023-06-08,株式会社
株式会社ゆくい,沖縄県浦添市港川２丁目２５番１－１００６号ミルコマンション浦添港川ビュー,2023-06-08,株式会社
株式会社りのべる,福島県福島市丸子字冨塚１３番地の１,2023-06-08,株式会社
株式会社ろーたす,神奈川県大和市下鶴間２２０２番地１６,2023-06-08,株式会社
株式会社アイオーエヌ,大阪府大阪市中央区内本町２丁目３番８号,2023-06-08,株式会社
株式会社アイケーテック,栃木県足利市伊勢町４丁目４番地１０,2023-06-08,株式会社
株式会社アイティフォースホールディングス,大阪府堺市東区西野２８８番地６５,2023-06-08,株式会社
株式会社アイディールワールド,愛知県小牧市新町１丁目３２０番地,2023-06-08,株式会社
株式会社アイネットリリーネクスト,東京都千代田区丸の内１丁目１番３号,2023-06-08,株式会社
株式会社アクセント,埼玉県東松山市箭弓町２丁目２番２３号,2023-06-08,株式会社
株式会社アジューダパートナーズ,東京都中央区日本橋２丁目２番３号ＲＩＳＨＥビルＵＣＦ４階,2023-06-08,株式会社
株式会社アズサソリューション,千葉県印西市滝野６丁目６番１２号,2023-06-08,株式会社
株式会社アッセンブリープラス,愛知県高浜市田戸町７丁目２番地３９,2023-06-08,株式会社
株式会社アドドットコム,東京都渋谷区渋谷２丁目２４番１２号渋谷スクランブルスクエア３９Ｆ,2023-06-08,株式会社
株式会社アロー,福岡県北九州市八幡西区陣原１丁目９番４号,2023-06-08,株式会社
株式会社アンカー,大阪府大阪市旭区高殿３丁目２番１４号,2023-06-08,株式会社
株式会社アン・ムール,兵庫県たつの市御津町釜屋３８１番地２,2023-06-08,株式会社
株式会社アーチ,福岡県福岡市博多区山王２丁目６番１２－６０２号,2023-06-08,株式会社
株式会社イベ専,京都府京都市北区鷹峯黒門町２７番地の９６,2023-06-08,株式会社
株式会社インターリレイト,東京都港区南麻布５丁目１０番２７‐２１８号,2023-06-08,株式会社
株式会社ウッドベル,福島県二本松市上川崎字三ッ石６８番地１,2023-06-08,株式会社
株式会社エイチ・アール・エム,大阪府寝屋川市春日町２１番１５号,2023-06-08,株式会社
株式会社エスアールシー,宮城県東松島市矢本字町浦１００番地２６,2023-06-08,株式会社
株式会社エスエスコンサルティング,東京都渋谷区渋谷１丁目１１番３号第一小山ビル３階,2023-06-08,株式会社
株式会社エッセンシャルピクチャーズ,東京都港区南青山３丁目１番３６号青山丸竹ビル６Ｆ,2023-06-08,株式会社
株式会社エディットシフト,東京都港区芝５丁目３２番１２号シャーメゾンステージ田町３Ｆ,2023-06-08,株式会社
株式会社エフテック,山口県山口市朝田２９６番地７,2023-06-08,株式会社
株式会社エムアイ電興,愛媛県松山市松ノ木１丁目２番４０号,2023-06-08,株式会社
株式会社エル,東京都港区新橋４丁目１５番１号ウイング新橋ビル２階Ｃ号室,2023-06-08,株式会社
株式会社エンデヴァー,埼玉県八潮市伊草１丁目４番地１３,2023-06-08,株式会社
株式会社エンハビ,兵庫県神戸市中央区北野町２丁目６番２号,2023-06-08,株式会社
株式会社エージェント・ワン,東京都新宿区西新宿３丁目８番１３号,2023-06-08,株式会社
株式会社エース,東京都品川区南品川４丁目１５番３号５０１,2023-06-08,株式会社
株式会社オオタアーキテック,神奈川県相模原市中央区東淵野辺４丁目１６番１１－３０３号,2023-06-08,株式会社
株式会社オフィスイデア,東京都中央区新川２丁目１０番１－１９０７号,2023-06-08,株式会社
株式会社オフィスエンニチ,大阪府大阪市住之江区南港北２丁目１番１０号１０階,2023-06-08,株式会社
株式会社オフィス吉野,埼玉県さいたま市浦和区元町１丁目２７番８号ゼブリナス元町１００,2023-06-08,株式会社
株式会社オンワードプラス,愛知県知多郡武豊町字塩田２２２番地５,2023-06-08,株式会社
株式会社オータム,三重県四日市市笹川２丁目１５０番地ノートルメゾンＡ－２０２,2023-06-08,株式会社
株式会社カグー,東京都品川区東五反田５丁目２１番１５号,2023-06-08,株式会社
株式会社カワサキコンサルト,福岡県福岡市中央区赤坂１丁目１５番１号,2023-06-08,株式会社
株式会社ガーデンケア,東京都世田谷区北烏山７丁目２２番２１号,2023-06-08,株式会社
株式会社キッチンフィールド,茨城県つくば市松代５丁目７番地６,2023-06-08,株式会社
株式会社キミラボ,神奈川県横浜市西区高島２丁目１９－１２横浜スカイビル２０Ｆ,2023-06-08,株式会社
株式会社キャリアエージェントホールディングス,東京都中央区築地３丁目１２番５号＋ＳＨＩＦＴ・ＴＳＵＫＩＪＩ２階,2023-06-08,株式会社
株式会社キャリアドバンス,東京都渋谷区道玄坂１丁目１０番８号渋谷道玄坂東急ビル２Ｆ－Ｃ,2023-06-08,株式会社
株式会社キュリオ,東京都渋谷区道玄坂１丁目１２番１号,2023-06-08,株式会社
株式会社ギミック,東京都大田区北千束１丁目５１－３,2023-06-08,株式会社
株式会社クイックステーション,大阪府大阪市中央区南船場４丁目７番２１号,2023-06-08,株式会社
株式会社クオリア,東京都北区王子１丁目１０番１７号ヒューリック王子ビル５階Ａ－１区画,2023-06-08,株式会社
株式会社クチュールアシュテ,大分県大分市緑が丘５丁目４番６号,2023-06-08,株式会社
株式会社クリアテック,沖縄県那覇市安謝１丁目３番１９号ＷＡＫＵＷＡＫＵガーデン１、３０１,2023-06-08,株式会社
株式会社クリエイトワーク,静岡県沼津市東椎路３６３番地の１,2023-06-08,株式会社
株式会社クロスコアット,熊本県熊本市東区八反田２丁目２０番１０号,2023-06-08,株式会社
株式会社クローバー不動産,大阪府大阪市北区芝田２丁目８番１０号６階,2023-06-08,株式会社
株式会社グランディール,奈良県奈良市中登美ヶ丘５丁目１１番９号,2023-06-08,株式会社
株式会社グランディールプラス,福岡県春日市春日原南町２丁目４番地,2023-06-08,株式会社
株式会社グランドール,神奈川県横浜市鶴見区下末吉４丁目９－１７ユナイト鶴見サンドラの杜１０３号,2023-06-08,株式会社
株式会社グランパークせとうち農園,岡山県岡山市北区大内田８２０番地７,2023-06-08,株式会社
株式会社グレイスライン,神奈川県横浜市金沢区六浦２丁目９－２３－６０７,2023-06-08,株式会社
株式会社ケイプロック,福岡県福岡市中央区薬院３丁目１６－２７－４,2023-06-08,株式会社
株式会社ケイマン運輸,愛知県弥富市稲荷４丁目５３番地,2023-06-08,株式会社
株式会社ココピー,神奈川県横浜市中区桜木町１丁目１０１番地１クロスゲート７階,2023-06-08,株式会社
株式会社ココレラボ,愛知県名古屋市中村区横前町１００番地,2023-06-08,株式会社
株式会社コマチ,福岡県福岡市東区名島２丁目２３番５号,2023-06-08,株式会社
株式会社サクラビット不動産,東京都中野区東中野１丁目４番４号,2023-06-08,株式会社
株式会社サラソタ,東京都中野区中央５丁目２５番２号,2023-06-08,株式会社
株式会社サワセイ,愛知県小牧市中央１丁目２００番地,2023-06-08,株式会社
株式会社サン・エー,神奈川県横浜市青葉区たちばな台２丁目１８番４４号,2023-06-08,株式会社
株式会社サークルウェル,福島県伊達市梁川町字中町４２番地３,2023-06-08,株式会社
株式会社シエナ,大阪府大阪市住吉区山之内１丁目１０番２８－１９０５号,2023-06-08,株式会社
株式会社シロハナ,福島県耶麻郡猪苗代町字本町３３番地１,2023-06-08,株式会社
株式会社スタートアップラボ,東京都中央区銀座７丁目１３番６号サガミビル２階,2023-06-08,株式会社
株式会社スタートチャレンジ,埼玉県所沢市緑町４丁目４６－１１,2023-06-08,株式会社
株式会社スターリスト,東京都新宿区西新宿３丁目３番１３号西新宿水間ビル６階,2023-06-08,株式会社
株式会社スターリング,東京都北区王子本町１丁目２２－１ＫＳＧビル３０５,2023-06-08,株式会社
株式会社ステイヤー,東京都江戸川区松江２丁目１０番１２号,2023-06-08,株式会社
株式会社ストラリズモ,愛知県名古屋市中区錦３丁目２番３２号,2023-06-08,株式会社
株式会社スト・ライク,広島県広島市南区松原町３番２－３６０５号,2023-06-08,株式会社
株式会社スマイル,大阪府大阪市阿倍野区天王寺町北３丁目１０番４号,2023-06-08,株式会社
株式会社スマートスタッフ,福岡県福岡市中央区平尾４丁目１４番２７号,2023-06-08,株式会社
株式会社セイワホーム,大阪府寝屋川市寝屋南２丁目１９番１号,2023-06-08,株式会社
株式会社セガワ,宮城県石巻市渡波字新沼７２番地１,2023-06-08,株式会社
株式会社セット・アップ,東京都葛飾区東新小岩５丁目１５番１８号,2023-06-08,株式会社
株式会社セリエメンテナンス,栃木県宇都宮市下荒針町３７８７番地,2023-06-08,株式会社
株式会社ゼロ,東京都杉並区上荻３丁目２５番１０号ダイヤモンドマンション５０４号,2023-06-08,株式会社
株式会社ゼロイチ塗装,愛知県名古屋市南区芝町６０番地グレース芝５０３号,2023-06-08,株式会社
株式会社タカゾノホールディングス,東京都中央区勝どき３丁目１２番１号,2023-06-08,株式会社
株式会社ダイスアクセスネットワークサービス,香川県丸亀市川西町北９６８－２,2023-06-08,株式会社
株式会社ティーケーエアシステム,東京都多摩市豊ヶ丘１丁目３５番地の２７,2023-06-08,株式会社
株式会社テクノフルール,兵庫県姫路市東今宿３丁目９番１７－８０３号メゾン中村東今宿,2023-06-08,株式会社
株式会社テシ政宗,大阪府豊能郡豊能町希望ケ丘２丁目２８番１１号,2023-06-08,株式会社
株式会社テラ・ノーチェ,東京都港区浜松町２丁目２番１５号浜松町ダイヤビル２Ｆ,2023-06-08,株式会社
株式会社ディテラート,静岡県富士市大淵３４５９番地の１,2023-06-08,株式会社
株式会社デイアクロス,福岡県宗像市朝町３０１番地２,2023-06-08,株式会社
株式会社デキタ,埼玉県春日部市粕壁東２丁目３番３９号紅雲堂ビル２階,2023-06-08,株式会社
株式会社デルファイ,滋賀県大津市相模町４番５－Ａ１０４号,2023-06-08,株式会社
株式会社トムウィン,兵庫県明石市本町１丁目２番３３号,2023-06-08,株式会社
株式会社トヨシマ開発,埼玉県川口市並木３丁目９－１０ＣＫハウス西川口１０２号,2023-06-08,株式会社
株式会社トラストケムジャパン,東京都杉並区井草３丁目２２番２号２０３,2023-06-08,株式会社
株式会社トラストソリューション,兵庫県神戸市北区小倉台５丁目２番地の４２,2023-06-08,株式会社
株式会社ナマシヴァーヤ,東京都豊島区雑司が谷２丁目３番１３号サンハイム中島１Ｆ,2023-06-08,株式会社
株式会社ハモニカ,埼玉県所沢市東所沢和田２丁目３７番地の４アドグランデ所沢イ－スト６０７,2023-06-08,株式会社
株式会社ハリーエンタープライズ,三重県津市高茶屋７丁目１０番２５号,2023-06-08,株式会社
株式会社バウンスマート,広島県広島市中区十日市町１丁目４番２４号,2023-06-08,株式会社
株式会社バラカグループ,愛知県春日井市知多町１丁目１２１,2023-06-08,株式会社
株式会社バリューサポート,東京都小平市天神町４丁目１８番３号,2023-06-08,株式会社
株式会社バリュー・ファインダー,神奈川県横浜市西区北幸１丁目１１番１号水信ビル７階,2023-06-08,株式会社
株式会社パソコンＨＥＬＰ王,兵庫県加古郡稲美町国岡２丁目１０１番地,2023-06-08,株式会社
株式会社ビッグサン,東京都西東京市富士町４丁目７番１８号,2023-06-08,株式会社
株式会社ピアハーモニー,東京都練馬区桜台１丁目３８－６,2023-06-08,株式会社
株式会社フィオキュリ,三重県四日市市日永２丁目１番１０号,2023-06-08,株式会社
株式会社フィルコンセプト,愛知県江南市小折町八反畑１９７番地４,2023-06-08,株式会社
株式会社フジトヨホールディングス,神奈川県横浜市鶴見区鶴見中央１丁目３１番２２－３００９号,2023-06-08,株式会社
株式会社フリーダム,高知県高知市介良甲７５９番地,2023-06-08,株式会社
株式会社フルカワ,神奈川県横浜市保土ケ谷区星川３丁目１９番２２号,2023-06-08,株式会社
株式会社フレアデザイン,兵庫県淡路市多賀９９４番地１,2023-06-08,株式会社
株式会社フードゲート,東京都豊島区南池袋２丁目２４番７号ＭＫビル３階,2023-06-08,株式会社
株式会社ブランティー,高知県高知市桜馬場２番２８－９０７号,2023-06-08,株式会社
株式会社プロンプトマーケット,東京都渋谷区神宮前６丁目２３番４号桑野ビル２階,2023-06-08,株式会社
株式会社プント,東京都千代田区五番町２番地１４カーサ五番町２０２号,2023-06-08,株式会社
株式会社ベストトップ,埼玉県幸手市東１丁目３－２０,2023-06-08,株式会社
株式会社ベルフィーヌ,東京都立川市錦町２丁目２番１号ＳＫ錦町ビル４階,2023-06-08,株式会社
株式会社ホウデン,京都府京都市右京区西京極東衣手町１９,2023-06-08,株式会社
株式会社ホンキジク,東京都品川区大崎２丁目５番６号ザ・パークハウス大崎２０９,2023-06-08,株式会社
株式会社マテリアルマジック,茨城県つくば市赤塚５０２番地５７ハーマナイズ２１赤塚２０１号,2023-06-08,株式会社
株式会社ミツヅカ家,神奈川県秦野市菩提２６３番地の１０,2023-06-08,株式会社
株式会社ミネラル創和,新潟県燕市吉田法花堂１３７３番地,2023-06-08,株式会社
株式会社メラノレウカ,兵庫県宝塚市逆瀬川１丁目１１番１号アピア２－１４１,2023-06-08,株式会社
株式会社メレンワン,神奈川県相模原市中央区相模原３丁目７番３号,2023-06-08,株式会社
株式会社ヤマキシ不動産,石川県野々市市本町６丁目１２番７０号,2023-06-08,株式会社
株式会社ユウキ住宅販売,大阪府大阪市淀川区西宮原３丁目３番３号,2023-06-08,株式会社
株式会社ユナイテッドウェルネス,愛知県名古屋市中区金山４丁目１番７号,2023-06-08,株式会社
株式会社ヨコテ住設,埼玉県南埼玉郡宮代町字山崎３２２番地,2023-06-08,株式会社
株式会社ライズ,神奈川県川崎市川崎区南町８－２－８０１,2023-06-08,株式会社
株式会社ラピスラズリ,東京都港区西麻布４丁目２０番６号,2023-06-08,株式会社
株式会社リアルエステート,長野県塩尻市大字広丘堅石１１９０番地２,2023-06-08,株式会社
株式会社リベロ,愛知県名古屋市中村区名駅５丁目２９番１０号,2023-06-08,株式会社
株式会社ローズバルコニー,東京都文京区小石川３丁目１２番３号,2023-06-08,株式会社
株式会社ロータス,東京都渋谷区恵比寿１丁目１５番９号日宝恵比寿ビル４０３,2023-06-08,株式会社
株式会社ワコ,兵庫県尼崎市塚口町３丁目４１番地の１８,2023-06-08,株式会社
株式会社七穂,大阪府大阪市中央区備後町２丁目５番８号,2023-06-08,株式会社
株式会社下川工務店,神奈川県小田原市田島９５２番地の１,2023-06-08,株式会社
株式会社中村商事,神奈川県伊勢原市東富岡５８４番地の２,2023-06-08,株式会社
株式会社中野エージェント,愛知県名古屋市中村区名駅４丁目２４番５号第２森ビル４０１,2023-06-08,株式会社
株式会社京都コネクト,京都府京都市左京区岩倉忠在地町２７７番地１,2023-06-08,株式会社
株式会社光琉,滋賀県甲賀市甲賀町高嶺１１９０番地,2023-06-08,株式会社
株式会社八州工業,熊本県阿蘇市一の宮町坂梨２４４９番地４,2023-06-08,株式会社
株式会社凱陽,神奈川県鎌倉市手広５丁目４番１－１１９号,2023-06-08,株式会社
株式会社初雪堂,群馬県前橋市富士見町赤城山１７１１番地２,2023-06-08,株式会社
株式会社加藤,兵庫県芦屋市船戸町５－１８－１０４,2023-06-08,株式会社
株式会社十美,福岡県福岡市南区屋形原１丁目１４番３－１０２号,2023-06-08,株式会社
株式会社千里,徳島県吉野川市美郷字川俣７番地２,2023-06-08,株式会社
株式会社博智工業,愛知県愛知郡東郷町兵庫１丁目１４番地４,2023-06-08,株式会社
株式会社博越,東京都世田谷区北烏山１丁目３１番２２号,2023-06-08,株式会社
株式会社向井企業,三重県松阪市久保町１８５５番地１６７４,2023-06-08,株式会社
株式会社和宙,愛知県日進市赤池町箕ノ手２番地１５２１,2023-06-08,株式会社
株式会社咲間サッシ工業,宮城県角田市横倉字左関１２１番地３,2023-06-08,株式会社
株式会社喜多,兵庫県姫路市飾磨区中野田２丁目１６４番地,2023-06-08,株式会社
株式会社土田電気,茨城県日立市小木津町４丁目５番１９号,2023-06-08,株式会社
株式会社大谷工作室,兵庫県南あわじ市津井１３２４番地２,2023-06-08,株式会社
株式会社天一商事,大阪府岸和田市土生町４１７４番地の１－１０１号,2023-06-08,株式会社
株式会社太翔工業,福岡県柳川市久々原３６９番地２,2023-06-08,株式会社
株式会社奥林工業,和歌山県和歌山市毛見１０２４番地３,2023-06-08,株式会社
株式会社安久,福井県福井市宝永３丁目１０番７号,2023-06-08,株式会社
株式会社宏和組,大阪府門真市東江端町１２番２５－８０２号,2023-06-08,株式会社
株式会社宮下不動産,群馬県渋川市白井５８１番地２,2023-06-08,株式会社
株式会社宮川ファーム,石川県加賀市庄町ル１０３番地１,2023-06-08,株式会社
株式会社小川,愛知県名古屋市北区東味鋺１丁目７１５番地,2023-06-08,株式会社
株式会社小江戸よろず屋,埼玉県川越市宮元町１５番地８,2023-06-08,株式会社
株式会社小阪,大阪府東大阪市菱屋西６丁目１番３８号,2023-06-08,株式会社
株式会社山寨造型,宮城県仙台市青葉区堤町３丁目１２番１６号高橋ビル２０５,2023-06-08,株式会社
株式会社川口設備工業,神奈川県厚木市温水２００６番地３８,2023-06-08,株式会社
株式会社川口電気,神奈川県平塚市北豊田６４９番地の９,2023-06-08,株式会社
株式会社川商グレイン,宮城県登米市南方町大袋２１０番地,2023-06-08,株式会社
株式会社広栄,佐賀県唐津市和多田本村７番２７号,2023-06-08,株式会社
株式会社徳丸屋,福岡県大野城市雑餉隈町５丁目３－１４平岡コーポ１０２,2023-06-08,株式会社
株式会社心制電,茨城県那珂郡東海村大字須和間１７４番地１２２,2023-06-08,株式会社
株式会社悠善,岡山県倉敷市白楽町３２９番地フォブールＱＵＡ（Ｂ棟１０２）,2023-06-08,株式会社
株式会社情動,東京都中野区中野５丁目２番７号ＣｒａｆｔＰａｃｋ中野２０２,2023-06-08,株式会社
株式会社日立産業,茨城県日立市十王町伊師１７５５－３７,2023-06-08,株式会社
株式会社星野商事,東京都豊島区北大塚２丁目７－７第五市田ビル３Ｆ,2023-06-08,株式会社
株式会社東京リライフ,東京都目黒区八雲５丁目１５番２１号,2023-06-08,株式会社
株式会社松下測量設計事務所,大阪府八尾市太田新町３丁目１７５－１ダイヤ八尾１０４号,2023-06-08,株式会社
株式会社松井建総,愛知県犬山市桃山台２丁目８８番地,2023-06-08,株式会社
株式会社松田製作所,大阪府豊中市服部寿町５丁目４９番地,2023-06-08,株式会社
株式会社森島,滋賀県甲賀市甲南町野田５８５番地１,2023-06-08,株式会社
株式会社正力,東京都中央区日本橋室町１丁目１１番１２号日本橋水野ビル７階,2023-06-08,株式会社
株式会社武甲,埼玉県さいたま市北区日進町１丁目１８６番地１,2023-06-08,株式会社
株式会社永井建装,千葉県市原市加茂２丁目２番地１０ノーブルヴィラＣ棟,2023-06-08,株式会社
株式会社江南商事,福岡県福岡市東区香椎照葉３丁目１番１３－１６１７号,2023-06-08,株式会社
株式会社津久井商事,神奈川県大和市下鶴間２丁目１０番１４号,2023-06-08,株式会社
株式会社濵岡不動産,熊本県玉名郡長洲町大字清源寺１３７２番地,2023-06-08,株式会社
株式会社瀬川塗装店,埼玉県新座市池田５丁目９番４号,2023-06-08,株式会社
株式会社琉聖,沖縄県糸満市字糸満１６７９番地の１クローバー糸満小前１０１号室,2023-06-08,株式会社
株式会社琥珀,沖縄県糸満市字阿波根６６番地の８,2023-06-08,株式会社
株式会社田中エスポワール,東京都江戸川区江戸川６丁目４番地２,2023-06-08,株式会社
株式会社田端電気,福岡県中間市通谷６丁目４番８号,2023-06-08,株式会社
株式会社田部井商事,群馬県伊勢崎市五目牛町１１番地１,2023-06-08,株式会社
株式会社由鎌倉,神奈川県鎌倉市御成町１１番５－４０２号,2023-06-08,株式会社
株式会社畠山美装,千葉県鎌ケ谷市南初富５丁目９番１８号ヴェルド・ミール１０１号,2023-06-08,株式会社
株式会社真昇興業,大阪府大阪市東淀川区大桐５丁目１３番１６号,2023-06-08,株式会社
株式会社社長のミギウデ,宮城県仙台市青葉区木町１６番４３－１０２号,2023-06-08,株式会社
株式会社福島Ｎｅｘｔ,福島県双葉郡楢葉町大字山田岡字駅内５８番地,2023-06-08,株式会社
株式会社福新ホールディングス,神奈川県足柄下郡箱根町仙石原１２４６番地の５８４,2023-06-08,株式会社
株式会社秀和,群馬県藤岡市本郷１３４９番地２,2023-06-08,株式会社
株式会社笑美友,富山県魚津市相木２０９番地１,2023-06-08,株式会社
株式会社篠塚保温,茨城県古河市尾崎３９７３番地,2023-06-08,株式会社
株式会社篠田建設,静岡県田方郡函南町上沢４８１番地,2023-06-08,株式会社
株式会社結,京都府京都市山科区北花山中道町７６番地１２,2023-06-08,株式会社
株式会社維苑,東京都中央区日本橋箱崎町５番１１号ユニバーサルビル,2023-06-08,株式会社
株式会社総建,茨城県東茨城郡茨城町大字上雨ヶ谷９２２番地１,2023-06-08,株式会社
株式会社織彩,大阪府富田林市高辺台１丁目２０番３５号,2023-06-08,株式会社
株式会社美亜工業,千葉県千葉市若葉区千城台北１丁目２番１３号アルカンシエルＡ館１０３号,2023-06-08,株式会社
株式会社美惠,茨城県結城郡八千代町大字平塚１４２２番地１,2023-06-08,株式会社
株式会社翔志,千葉県船橋市本郷町７１９番地５,2023-06-08,株式会社
株式会社翔真,茨城県稲敷郡美浦村大字土屋１９７７番地２００,2023-06-08,株式会社
株式会社翠陽住設,東京都八王子市大谷町４５３番地３,2023-06-08,株式会社
株式会社西小倉ホールディングス,福岡県北九州市小倉北区西港町１２２番地の２２,2023-06-08,株式会社
株式会社計器工業,三重県三重郡朝日町大字縄生４７２番地５,2023-06-08,株式会社
株式会社誉や商店,東京都府中市矢崎町１丁目３６番地の３１,2023-06-08,株式会社
株式会社谷津テクノス,愛知県春日井市押沢台３丁目８番地４,2023-06-08,株式会社
株式会社逸,大阪府大阪市中央区島之内１丁目１１番２２－５１０号,2023-06-08,株式会社
株式会社金虎,青森県八戸市東白山台４丁目１０番１０号,2023-06-08,株式会社
株式会社長川商事,大阪府守口市藤田町１丁目３７番６号ロイヤルオーディン藤田町１０５Ｂ号室,2023-06-08,株式会社
株式会社長滝林業,岡山県津山市阿波１０６０番地,2023-06-08,株式会社
株式会社雪ラボ,埼玉県幸手市上高野１丁目１５番地２０,2023-06-08,株式会社
株式会社雷鳥,埼玉県川口市川口１丁目３番４号,2023-06-08,株式会社
株式会社飛翔,大阪府和泉市鍛治屋町４７番地の１０,2023-06-08,株式会社
株式会社高橋葬祭,神奈川県横浜市磯子区杉田２丁目８番２２－Ａ２０２号,2023-06-08,株式会社
株式会社鳥黒,三重県四日市市西新地７番３号,2023-06-08,株式会社
株式会社２ＮＥ８,東京都新宿区横寺町２８番地ＳＡＮ神楽坂１階,2023-06-08,株式会社
株式会社３３,埼玉県さいたま市浦和区神明１丁目２７番２５号,2023-06-08,株式会社
株式会社５８,東京都江東区枝川３丁目９番１０－２２１号,2023-06-08,株式会社
株式会社７クルール,大阪府大阪市生野区桃谷４丁目１８番１５号,2023-06-08,株式会社
株式会社Ａ＆Ｍ,愛知県名古屋市緑区滝ノ水２丁目２０１８番地の２,2023-06-08,株式会社
株式会社Ａ．Ｔ,福岡県福岡市博多区中洲５丁目６番１０号ＬＡ博多１階Ａ,2023-06-08,株式会社
株式会社ＡＣサポート,愛知県名古屋市守山区廿軒家１５番２２号エレストビル３Ｆ,2023-06-08,株式会社
株式会社ＡＣＥＳ,東京都昭島市緑町３丁目１番１号,2023-06-08,株式会社
株式会社ＡＤＣ,埼玉県桶川市大字舎人新田５５４番地の１,2023-06-08,株式会社
株式会社ＡＩＭＳ,山口県宇部市浜田３丁目４番１４号,2023-06-08,株式会社
株式会社ＡＫ　ＪＡＰＡＮ　ＴＲＡＤＩＮＧ　ＣＯ,茨城県坂東市中里１２０番地２Ｃ,2023-06-08,株式会社
株式会社ＡＫ　ＴＲＡＤＩＮＧ,愛知県弥富市前ケ須町勘助走２９番地１プレジオＢ－１０２,2023-06-08,株式会社
株式会社ＡＯＩ,山形県米沢市広幡町成島１２０９番地１,2023-06-08,株式会社
株式会社ＡＲＩＧＡＴＯＵ　ＡＣＥ,三重県松阪市射和町５６５番地１,2023-06-08,株式会社
株式会社ＡＳＤ,茨城県つくばみらい市陽光台４丁目３番地４,2023-06-08,株式会社
株式会社ＡＴＮＯＳ,北海道札幌市南区南沢六条４丁目１６－１０,2023-06-08,株式会社
株式会社ＡＺ　ＣＡＲＧＯ,山口県宇部市大字西岐波１２６９番地１,2023-06-08,株式会社
株式会社ＡＺＡＤ　ＴＲＡＤＩＮＧ,宮城県伊具郡丸森町金山字下片山１６５番地１,2023-06-08,株式会社
株式会社Ａｇｒｉ　Ｌｏｒｅ　Ｌａｂ．,広島県三次市下志和地町７７６番地１,2023-06-08,株式会社
株式会社Ａｋｓｈｕ,奈良県奈良市南京終町６８１番地,2023-06-08,株式会社
株式会社Ａｒｔｉ　Ｊｏｕｒｎｅｙ,神奈川県川崎市多摩区生田７丁目２５番２１号１０４号室,2023-06-08,株式会社
株式会社Ａｔｌａｚ,東京都目黒区東山１丁目６番５号,2023-06-08,株式会社
株式会社ＢＬＣホールディングス,長野県安曇野市豊科南穂高３７４番地２,2023-06-08,株式会社
株式会社ＢＬＥＥＣＫＥＲ,東京都目黒区中目黒２丁目５番２５号ハウス中目黒５０３,2023-06-08,株式会社
株式会社ＢＲＡ,東京都中央区入船３丁目２番９号－６０４号,2023-06-08,株式会社
株式会社ＢＲＯＳＫＯＡ,熊本県熊本市北区弓削５丁目３番６６号トミーマンション２０３,2023-06-08,株式会社
株式会社ＢＳＣ企画,兵庫県神戸市東灘区魚崎南町５丁目２－１２－１０５,2023-06-08,株式会社
株式会社Ｂｒｉａ,愛知県名古屋市名東区社台１丁目１７０番地,2023-06-08,株式会社
株式会社Ｂｒｉｇｈｔｂｙｔｅ,大阪府大阪市阿倍野区三明町１丁目８番１７号プライド阿倍野ノースガーデン３０２号,2023-06-08,株式会社
株式会社ＣＨＡＩＮ,大分県日田市大字渡里４１－１１,2023-06-08,株式会社
株式会社ＣＲＥＣＴ,佐賀県杵島郡江北町大字山口１３６３－９Ａ１,2023-06-08,株式会社
株式会社ＣＳＣ,奈良県生駒郡平群町大字梨本５６２番地の６,2023-06-08,株式会社
株式会社Ｃａｃｈｅｔｔｅ,大阪府東大阪市本庄１丁目３番１３号,2023-06-08,株式会社
株式会社Ｃｈｉｅｚ,埼玉県加須市根古屋４７８番地３,2023-06-08,株式会社
株式会社ＣｉｅｌＢｌｅｕ,福島県相馬市中村字川沼３１１番地の１,2023-06-08,株式会社
株式会社ＤＥＢＵ,神奈川県小田原市栄町１丁目４番２号第１２松本ビル５階,2023-06-08,株式会社
株式会社ＤＲＥＡＭＤＯＯＲ,東京都中央区銀座１丁目２２番１１号銀座大竹ビジデンス２階,2023-06-08,株式会社
株式会社Ｄｅ　Ｈｉｓｔｏｒｉａ,京都府京都市東山区一橋宮ノ内町１５番地２３,2023-06-08,株式会社
株式会社Ｄｕｒａｃｌｅ　ＨＤ,大阪府高槻市高槻町１６－５,2023-06-08,株式会社
株式会社Ｅ．ｂｏｕｎｃｅ,沖縄県那覇市首里石嶺町２丁目２３２番地１,2023-06-08,株式会社
株式会社Ｅ２,京都府宇治市伊勢田町浮面４４番地の５,2023-06-08,株式会社
株式会社ＥＡＳＴ,茨城県那珂市津田２４９８番地４９,2023-06-08,株式会社
株式会社ＥＣＬＡＴ　ＦＩＥＲＴＥ,大阪府堺市北区百舌鳥梅北町５丁４４９－１－１Ｆ,2023-06-08,株式会社
株式会社Ｆ,愛知県東海市名和町北脇３０番地華小路（２０２号）,2023-06-08,株式会社
株式会社Ｆ‐ｒｅｅ,京都府京都市伏見区塩屋町２３８－２Ｆ,2023-06-08,株式会社
株式会社ＦＥＮＴＺ,香川県高松市楠上町２丁目３－７アルファパーク栗林駅南１４０２,2023-06-08,株式会社
株式会社ＦＯＯＤ　ＲＥＣＯＲＤＳ,東京都渋谷区神宮前６丁目２３番４号桑野ビル２階,2023-06-08,株式会社
株式会社ＦＴウィング,福岡県糟屋郡久山町大字久原２７２９番地１１,2023-06-08,株式会社
株式会社ＦＵＮＮＹ,愛知県名古屋市中区栄４丁目１６番１５号（プレサンスグラン栄ザタワー７０５号）,2023-06-08,株式会社
株式会社ＦａｒＧａｌｕ,北海道紋別郡遠軽町南町４丁目１３番地,2023-06-08,株式会社
株式会社ＦａｚｅｒＡｇｏｒａ,新潟県三条市月岡２丁目２７－３４,2023-06-08,株式会社
株式会社ＦｉｔＭｅ,岡山県笠岡市高島５２０８,2023-06-08,株式会社
株式会社Ｆｒａｎｃａ　ＡＩ,東京都中央区銀座１丁目１２番４号Ｎ＆ＥＢＬＤ．６Ｆ,2023-06-08,株式会社
株式会社Ｆｕｎ　Ｄｉｍｅｎｓｉｏｎ,東京都新宿区新小川町８－１３－３０１,2023-06-08,株式会社
株式会社ＧＯＯＤＷＩＬＬ,東京都渋谷区幡ヶ谷３丁目３９番１２号渋谷ウェストビル１階,2023-06-08,株式会社
株式会社ＧＲＣ,山口県長門市東深川２５３２番地４,2023-06-08,株式会社
株式会社Ｇｅｍｉｎｉ,東京都渋谷区代々木１丁目４４番４号,2023-06-08,株式会社
株式会社ＧｏｏｄＲａｈｔ　Ｊａｐａｎ,神奈川県三浦郡葉山町木古庭５３９番地の２,2023-06-08,株式会社
株式会社Ｈ,東京都台東区浅草橋１丁目７番７号,2023-06-08,株式会社
株式会社ＨＡＩＬ,大阪府大阪市中央区上本町西３丁目２番８－３０２号,2023-06-08,株式会社
株式会社ＨＡＲＥ,群馬県吾妻郡中之条町大字西中之条４５７番地,2023-06-08,株式会社
株式会社ＨＦＣ,愛知県名古屋市中村区松重町４番５５号,2023-06-08,株式会社
株式会社ＨＩＧＨＥＳＴ,大阪府枚方市養父東町８番７号,2023-06-08,株式会社
株式会社ＨＩＶＩ　ＩＮＤＵＳＴＲＩＥＳ,東京都練馬区東大泉１丁目２０番８号フォルトゥナート４０２,2023-06-08,株式会社
株式会社ＨａｇｉｙａＫｏｕｇｙｏ,茨城県日立市諏訪町１丁目１６番９号,2023-06-08,株式会社
株式会社ＨａｒｕＴｏＮａ,大阪府枚方市西船橋２丁目１１番６号,2023-06-08,株式会社
株式会社Ｈｕｒｕ　Ｈｕｒｕ,東京都中央区日本橋小舟町８番１４－３０５号,2023-06-08,株式会社
株式会社Ｉｎｏｔｅｃｈ,大阪府岸和田市岡山町４６１番地の７ハナハウスⅡ－２０１号,2023-06-08,株式会社
株式会社ＪＩＮコーポレーション,山梨県韮崎市藤井町坂井６０３番地２,2023-06-08,株式会社
株式会社ＪＬａｚｏ,神奈川県小田原市中新田３１８番地の１９,2023-06-08,株式会社
株式会社ＪＴＭＲ,東京都品川区大井４丁目８番１号,2023-06-08,株式会社
株式会社ＪＵＭＢＯ,神奈川県伊勢原市岡崎６９３９番地４３,2023-06-08,株式会社
株式会社Ｊｓ６ｘ,東京都港区南麻布２丁目２番２４号,2023-06-08,株式会社
株式会社Ｋ‐ｃｒｅｗ,東京都大田区大森北１丁目１１番１０－３０３号,2023-06-08,株式会社
株式会社Ｋ’ｓコーポレーション,宮城県仙台市青葉区高松１丁目１６番１号,2023-06-08,株式会社
株式会社Ｋデザイン,静岡県磐田市豊岡３９４６番地１,2023-06-08,株式会社
株式会社ＫＡＩＳＨＯＷ,東京都品川区西五反田８丁目３番１４号ライオンズフォーシア五反田２０２,2023-06-08,株式会社
株式会社ＫＡＭＡＫＥＮ,兵庫県伊丹市春日丘１丁目４３番地１,2023-06-08,株式会社
株式会社ＫＡＯＲＵ,東京都杉並区高円寺北１丁目２１番５号高円寺ＬＯＯＰ７－２Ｆ－０４,2023-06-08,株式会社
株式会社ＫＡＺ‐ｎｅｔ,東京都足立区日ノ出町６番４号,2023-06-08,株式会社
株式会社ＫＢ,大分県大分市南津留９番２０号,2023-06-08,株式会社
株式会社ＫＣ　ＷＩＮＧ,大分県別府市餅ケ浜町５番８号,2023-06-08,株式会社
株式会社ＫＦキャピタル,東京都千代田区平河町２丁目４番７号,2023-06-08,株式会社
株式会社ＫＫＳ,大阪府茨木市島３丁目３番１６号,2023-06-08,株式会社
株式会社ＫＳＦＲ８,東京都千代田区内幸町２丁目１番６号,2023-06-08,株式会社
株式会社ＫＳＫＤＥＳＩＧＮ,埼玉県新座市野火止３丁目１１番４４－７号,2023-06-08,株式会社
株式会社Ｋａｉｍａｒｕ,東京都東大和市桜が丘４丁目２９番地の１２７,2023-06-08,株式会社
株式会社Ｋａｒａｋｕｒｕ,大阪府大阪市城東区今福東２丁目１５－３０ｙ’ｓコート３０２,2023-06-08,株式会社
株式会社ＫｏｍｕｒｉｃｅＨＤ,三重県桑名郡木曽岬町大字和泉１５１番地,2023-06-08,株式会社
株式会社Ｌ．Ｂ,千葉県千葉市若葉区川井町１２４番地３,2023-06-08,株式会社
株式会社ＬＤＫ,千葉県船橋市駿河台１丁目３２番８号パークワンモア東船橋アネックス１０２号室,2023-06-08,株式会社
株式会社ＬＩＦＥ　ＡＲＴ,茨城県稲敷郡阿見町大字阿見４７５２番地１８,2023-06-08,株式会社
株式会社ＬＩＮＫ,千葉県船橋市薬円台３丁目１６番５－４１２号,2023-06-08,株式会社
株式会社ＬＳ,高知県高知市伊勢崎町２番３号,2023-06-08,株式会社
株式会社ＬＵＤＥＮＳ　ＫＹＯＴＯ,京都府京都市中京区間之町通二条上る夷町５６０－８,2023-06-08,株式会社
株式会社ＬｉＶ,福岡県大野城市大城４丁目１３番１４－１号,2023-06-08,株式会社
株式会社Ｌｉｆｏｘ,北海道登別市登別温泉町７６番地,2023-06-08,株式会社
株式会社Ｌｉｌｙ　Ｂｅｌｌ,大阪府茨木市大池１丁目１２番２－２０４号,2023-06-08,株式会社
株式会社Ｌｉｎｇｅｒｉｅ　Ｃｏｓｍｅｔｉｃｓ,東京都港区赤坂１丁目１４番５号アークヒルズエグゼクティブタワー３０２,2023-06-08,株式会社
株式会社Ｌｏｖｅｌｙｂｏｎｅ,愛知県名古屋市南区宝生町４丁目５番地の１,2023-06-08,株式会社
株式会社Ｌｕｓｔｅｒ,東京都港区南青山５丁目１８番４号地下１階,2023-06-08,株式会社
株式会社Ｍ＆Ｌ,兵庫県神戸市北区星和台６丁目１１番地の８,2023-06-08,株式会社
株式会社ＭＥＹＴ,群馬県北群馬郡吉岡町大字大久保３６４番地１、２階,2023-06-08,株式会社
株式会社ＭＯＲ,福島県南相馬市原町区西町１丁目４６番地の１,2023-06-08,株式会社
株式会社ＭＴＳ,埼玉県吉川市吉川２丁目２３番地１,2023-06-08,株式会社
株式会社ＭａｕＬｏａ　Ｌｉｆｅ,群馬県桐生市広沢町１丁目２７７８番地の１,2023-06-08,株式会社
株式会社ＭｉＣａｓｅ,東京都足立区梅島３丁目３３－６エンブレム西新井２Ｆ,2023-06-08,株式会社
株式会社Ｍｒ,兵庫県丹波市春日町松森９３２番地１,2023-06-08,株式会社
株式会社Ｍｓｔａｇｅ,東京都品川区西五反田２丁目９番７号ドルミ五反田アンメゾン８０２号室,2023-06-08,株式会社
株式会社Ｍｕｌｔｉｐｌｅ　Ｔｏｋｙｏ,東京都港区西麻布４丁目１３番２３－３０２号,2023-06-08,株式会社
株式会社Ｍｙオフィス,東京都立川市錦町２丁目１０番１３号,2023-06-08,株式会社
株式会社Ｎ‐ｍａｎａｇｅ,大阪府高石市羽衣４丁目２番３７－４０１号,2023-06-08,株式会社
株式会社ＮＥＯ　ＲＥＶＩＶＡＬ,福島県会津若松市材木町２丁目３番８８号,2023-06-08,株式会社
株式会社ＮＥＯＮ,愛知県名古屋市中区栄３丁目１２番３２号レジャーセンタービル２階,2023-06-08,株式会社
株式会社ＮＧＫ,茨城県石岡市柿岡１８３４番地,2023-06-08,株式会社
株式会社ＮＳＤ設備,愛知県名古屋市北区東味鋺２丁目４０８番地の１,2023-06-08,株式会社
株式会社Ｎｅｗｔｏｎｅ,東京都練馬区中村北４丁目２４番１５－２０２号,2023-06-08,株式会社
株式会社Ｎｉｇｈｔ＆ｄａｙ,北海道札幌市中央区南四条西１４丁目１番３２号,2023-06-08,株式会社
株式会社Ｎｏｔｈａｓ,東京都杉並区高円寺南３丁目１番１０－３０１号ブラン・セル高円寺,2023-06-08,株式会社
株式会社Ｏ’ｓ　Ｇ．Ｋ　ＩＺＭ,愛知県額田郡幸田町大字荻字研山２１番地,2023-06-08,株式会社
株式会社Ｏ．Ｓ,神奈川県相模原市中央区上溝８６９番地３,2023-06-08,株式会社
株式会社ＯＴＯ　Ｆｏｏｄｓ,神奈川県相模原市中央区相模原６丁目１番１５号,2023-06-08,株式会社
株式会社Ｏｎｅ　ｂｙ　Ｏｎｅ　Ｍｕｓｉｃ,東京都新宿区高田馬場１丁目３２番地１０号,2023-06-08,株式会社
株式会社ＰＬＥＡＳＡＮＴ,神奈川県横浜市港北区大曽根３丁目１６番５６－４号,2023-06-08,株式会社
株式会社ＰｒｏＧｏｏｄ,東京都渋谷区道玄坂１丁目１０番８号渋谷道玄坂東急ビル２Ｆ－Ｃ,2023-06-08,株式会社
株式会社ＱＬＡＵ,神奈川県横浜市青葉区あざみ野４丁目２８－５０,2023-06-08,株式会社
株式会社Ｑｕａｔｔｒｏ,高知県宿毛市南沖須賀二丁目６番１号,2023-06-08,株式会社
株式会社Ｑｕｄａｎ,東京都杉並区上荻３丁目７番５号,2023-06-08,株式会社
株式会社ＲＥＡＬ　ＴＩＭＥ,東京都豊島区駒込１丁目３９番５号,2023-06-08,株式会社
株式会社ＲＥＤ,北海道札幌市白石区中央二条６丁目１－３８ＳＯＣ白石ビル１Ｆ,2023-06-08,株式会社
株式会社ＲＩＣＯ　ＴＥＣ,三重県松阪市丹生寺町１２７番地２,2023-06-08,株式会社
株式会社ＲＭ２,東京都練馬区関町北３丁目１６番１０号,2023-06-08,株式会社
株式会社ＲＯＳＳＹ,大阪府豊中市長興寺南３丁目１３番１５－３０２号,2023-06-08,株式会社
株式会社ＲＯＸ,兵庫県尼崎市食満３丁目１４番８号,2023-06-08,株式会社
株式会社Ｒｅｖｅ,神奈川県厚木市中町４丁目４番１５号,2023-06-08,株式会社
株式会社Ｒｏｕｎｄ　Ｅｌｅｍｅｎｔ,東京都江戸川区上篠崎３丁目８番１１号,2023-06-08,株式会社
株式会社ＳＡＫＩＧＡＫＥ,東京都立川市錦町２丁目１番２１号シャトー丸山２Ｆ－Ａ,2023-06-08,株式会社
株式会社ＳＡＴＯＹＡ,東京都渋谷区道玄坂１丁目１０番８号渋谷道玄坂東急ビル２Ｆ－Ｃ,2023-06-08,株式会社
株式会社ＳＥＲＩＯ　ｉｌｏ,愛知県名古屋市中区葵２丁目１３番２４号メゾンドール上泉５０５号,2023-06-08,株式会社
株式会社ＳＧ,大阪府枚方市宮之阪４丁目３１番１６号,2023-06-08,株式会社
株式会社ＳＫペイント,神奈川県高座郡寒川町一之宮８丁目３番１０号,2023-06-08,株式会社
株式会社ＳＮＫＩ,東京都品川区豊町１丁目１３番１４－１０１号,2023-06-08,株式会社
株式会社ＳＰＹＳ,東京都杉並区高円寺北２丁目３番１１号,2023-06-08,株式会社
株式会社ＳＳエンジニアリング,埼玉県さいたま市見沼区東大宮６丁目１９番地６,2023-06-08,株式会社
株式会社ＳＳｓｔｙｌｅ,奈良県宇陀市榛原長峯１１番地の５,2023-06-08,株式会社
株式会社ＳＴＰ,新潟県北蒲原郡聖籠町大字網代浜１４５４番地３,2023-06-08,株式会社
株式会社ＳＴＹＬＥＹ　ＬＩＮＫＳ,東京都立川市柏町３丁目２番地の５８,2023-06-08,株式会社
株式会社Ｓｅｃｒｅｔａｒｙ,東京都練馬区東大泉７丁目４９番１６号,2023-06-08,株式会社
株式会社ＳｈｏｗｃａｓｅＴｏｋｙｏ,東京都港区南青山２丁目２－１５ウィン青山９４２,2023-06-08,株式会社
株式会社Ｓｉｎｇｌｅ　Ｇｏｌｆ,東京都港区海岸３丁目７番３－５０１号,2023-06-08,株式会社
株式会社Ｓｐｅｚｉｅ,愛知県丹羽郡大口町替地１丁目３４６番地,2023-06-08,株式会社
株式会社Ｓｐｏｒｔｓ　Ｖａｌｕｅ　Ｃｒｅａｔｉｏｎ,東京都中央区日本橋室町１丁目１１番１２号日本橋水野ビル７階,2023-06-08,株式会社
株式会社ＳｔａｎｄＳｔａｒｔ,東京都立川市曙町２丁目８番２８号,2023-06-08,株式会社
株式会社Ｓｔａｒ‐ｓｐａｃｅ,千葉県柏市若柴１番地４８９,2023-06-08,株式会社
株式会社Ｓｕｎ．ｃｒａｎｅ,福岡県福岡市中央区大手門２丁目５番２８－９０３号ル・サンク大濠公園,2023-06-08,株式会社
株式会社Ｔ‐Ａｓｓｉｓｔ,埼玉県桶川市北１丁目２－２３エンドウマンション２０１,2023-06-08,株式会社
株式会社Ｔ‐ＧＲＯＷ,大阪府大阪市生野区小路東３丁目４番１６号,2023-06-08,株式会社
株式会社Ｔ・Ａ・ＧＨＤ,愛知県海部郡蟹江町本町６丁目２２０番地,2023-06-08,株式会社
株式会社Ｔ＆Ｃエンタープライズ,島根県雲南市木次町新市３９番地,2023-06-08,株式会社
株式会社ＴＩＥＳ,大阪府藤井寺市小山５丁目１７番２号,2023-06-08,株式会社
株式会社ＴＹＯ,大阪府大阪市天王寺区空堀町５番１５－１００３号,2023-06-08,株式会社
株式会社Ｔｅｃｈｎｏｌｏｇｙ　Ｔｒａｎｓｆｅｒ　ａｎｄ　Ｃｏｍｍｕｎｉｃａｔｉｏｎ　Ｉｎｔｅｒｎａｔｉｏｎａｌ,神奈川県横浜市磯子区磯子５丁目９番５号,2023-06-08,株式会社
株式会社Ｔｅｃｈｔｉｃａｌ,東京都渋谷区道玄坂１丁目１０番８号渋谷道玄坂東急ビル２Ｆ－Ｃ,2023-06-08,株式会社
株式会社Ｔｅｅ’ｓ　Ｎｅｘｔ,北海道札幌市北区新琴似五条１３丁目４番５号,2023-06-08,株式会社
株式会社Ｔｈｉｎｋ　Ｆｏｒ　Ｙｏｕｒｓｅｌｆ,東京都港区南青山３丁目１番３６号青山丸竹ビル６Ｆ,2023-06-08,株式会社
株式会社Ｔｕｔｔｉ　Ｃｒｅａｔｅ,神奈川県横浜市青葉区あざみ野１丁目２７番地１イディオスあざみ野Ｃ棟２０３号,2023-06-08,株式会社
株式会社Ｕｎｓ,茨城県鹿嶋市大字爪木８０９番地６,2023-06-08,株式会社
株式会社ＷＡＩＷＡＩ,香川県高松市木太町２７６０番地１プルミエール木太町２０１,2023-06-08,株式会社
株式会社ＷＡＶＩＣ,香川県坂出市文京町１丁目１番２号,2023-06-08,株式会社
株式会社ＷＥＬＬＶＹ,東京都豊島区目白５丁目１４番１号,2023-06-08,株式会社
株式会社ＷＩＮ　Ｉｎｔｅｒｎａｔｉｏｎａｌ　Ｊａｐａｎ,神奈川県茅ヶ崎市本村３丁目１３番１８号,2023-06-08,株式会社
株式会社ＷＩＳＫＹ,大阪府松原市北新町３丁目５番１０－２０６号,2023-06-08,株式会社
株式会社Ｗｅ　Ｍｅｔ,東京都渋谷区千駄ヶ谷５丁目２１番１４号バリューＨＲビル２階,2023-06-08,株式会社
株式会社ＷｅＲ,神奈川県川崎市高津区東野川２丁目１５番１０号,2023-06-08,株式会社
株式会社Ｗｅｓｔ　Ｖｉｌｌａｇｅ　Ｃｏｍｍｕｎｉｔｙ,大阪府堺市堺区大町東３丁２番２８号永木ビル２階,2023-06-08,株式会社
株式会社Ｙ’ｓ　Ｐｈａｒｍ,茨城県つくば市二の宮２丁目２番地２０－１０２号,2023-06-08,株式会社
株式会社Ｙ’ｓ不動産,福岡県福岡市西区愛宕３丁目３番４８号,2023-06-08,株式会社
株式会社ＹＨ,岡山県赤磐市桜が丘東６丁目６番地１１,2023-06-08,株式会社
株式会社ＹＯＯＬ,群馬県前橋市本町３丁目２番１１号,2023-06-08,株式会社
株式会社ＹＳ,愛知県一宮市定水寺字小脇２７番地１,2023-06-08,株式会社
株式会社ＺＥＵＳ,愛知県名古屋市中村区名駅５丁目３１番１０号リンクス名駅ビル５Ｆ、６Ｆ,2023-06-08,株式会社
株式会社ａｌｂｍ,東京都港区港南３丁目６番２１－１８１３号Ａ,2023-06-08,株式会社
株式会社ｃｏｃｏ‐ｎｏ‐ｗａ,大阪府八尾市東町６丁目１２６番地の４５,2023-06-08,株式会社
株式会社ｃｏｎｎｅｃｔｉｏｎ,大阪府高槻市西真上１丁目２４番５－２０５号,2023-06-08,株式会社
株式会社ｄｃ,東京都千代田区富士見２丁目２番１４－２０３号,2023-06-08,株式会社
株式会社ｆｉｎｅ　ｗｅａｔｈｅｒ,東京都新宿区戸山３丁目２１番５号,2023-06-08,株式会社
株式会社ｆｏｒｐｌａｃｅ,神奈川県横浜市南区六ツ川２丁目２４番地泉タウン３４－２０２,2023-06-08,株式会社
株式会社ｍｉｌｌ,東京都三鷹市新川１丁目１０番３３号ＡＮレジデンス１０２,2023-06-08,株式会社
株式会社ｍｋｉ,東京都中野区上高田５丁目３７番５号パブリック・ハイツアネックス２００,2023-06-08,株式会社
株式会社ｍｏｃｏ,大阪府東大阪市花園東町１丁目１６番１９号,2023-06-08,株式会社
株式会社ｎａｔｓｕｍｅｇｕｍｉ,愛知県名古屋市港区宝神町字西屋敷１１２１番地の２,2023-06-08,株式会社
株式会社ｒｅｃｌａ,東京都大田区大森北６丁目１４－３,2023-06-08,株式会社
株式会社ｓｏｓｏ,埼玉県さいたま市浦和区針ヶ谷３丁目１５番９号,2023-06-08,株式会社
株式会社ｓｕｎｓ,山形県鶴岡市末広町１５－３ＲＹＵビル２Ｆ,2023-06-08,株式会社
株式会社ｔａｎｅ,京都府京都市上京区油小路中立売西入ル甲斐守町９７西陣産業創造會館２階,2023-06-08,株式会社
株式会社ｔｏｋｉｏｇｒａｐｈ,大阪府茨木市沢良宜西４丁目１４番１号,2023-06-08,株式会社
桜三合同会社,大阪府岸和田市岡山町２３８番地の３０,2023-06-08,合同会社
桜橋文化会館株式会社,京都府京都市左京区鹿ケ谷法然院町１５,2023-06-08,株式会社
横浜市ＳＤＧｓ事業協同組合,神奈川県横浜市中区住吉町１丁目１３番地,2023-06-08,その他の設立登記法人
泰洋恒業株式会社,栃木県足利市田中町５７－２－６０５,2023-06-08,株式会社
清水工業株式会社,茨城県小美玉市三箇１１５番地６,2023-06-08,株式会社
特定非営利活動法人あいむ,福岡県福岡市中央区大名２丁目１０番４号シャンボール大名Ｄ４０６,2023-06-08,その他の設立登記法人
特定非営利活動法人グランツ,長野県長野市戸隠祖山４４７０番地,2023-06-08,その他の設立登記法人
特定非営利活動法人ＣＯＭＩＮＩ,愛知県名古屋市北区西味鋺１丁目８１５番地の３,2023-06-08,その他の設立登記法人
玉川建工株式会社,茨城県牛久市さくら台１丁目２３番地１１,2023-06-08,株式会社
産後ケア株式会社,神奈川県小田原市国府津２丁目８番２７号,2023-06-08,株式会社
田中内装株式会社,愛知県津島市青塚町６丁目７番地,2023-06-08,株式会社
畜産トータルサポート株式会社,神奈川県相模原市南区下溝９３２番地６,2023-06-08,株式会社
相馬設備工業株式会社,埼玉県所沢市東所沢和田１丁目２７番地の１６,2023-06-08,株式会社
社会保険労務士法人島谷事務所,大阪府大阪市北区天神橋３丁目３番３号,2023-06-08,その他の設立登記法人
祐屋合同会社,広島県福山市柳津町７２９番地,2023-06-08,合同会社
祥和合同会社,東京都足立区綾瀬５丁目２３番８－２０１号,2023-06-08,合同会社
秋本水産株式会社,山口県長門市仙崎１４０番地３,2023-06-08,株式会社
税理士法人トラスティル,東京都中央区京橋２丁目２番１号京橋エドグランサウス４階,2023-06-08,その他の設立登記法人
税理士法人笠原会計,長野県上伊那郡辰野町大字平出１７１７番地１,2023-06-08,その他の設立登記法人
税理士法人Ｓｔａｘ,千葉県千葉市中央区村田町７１５番地,2023-06-08,その他の設立登記法人
絢水産業株式会社,大阪府大阪市北区南森町２丁目２番７－１１０１号,2023-06-08,株式会社
肥達代購合同会社,千葉県千葉市緑区誉田町２丁目２番地８０１,2023-06-08,合同会社
葉港ホールディングス株式会社,長崎県佐世保市万津町５番８号,2023-06-08,株式会社
行政書士法人すみれ,愛媛県松山市森松町１０５４番地５,2023-06-08,その他の設立登記法人
西播未来創造株式会社,兵庫県宍粟市山崎町門前７６番地１－５０１,2023-06-08,株式会社
西松プライベートリート投資法人,東京都港区虎ノ門１丁目１６番１７号,2023-06-08,その他の設立登記法人
西野宮住設株式会社,熊本県玉名市横田２１９番地,2023-06-08,株式会社
起動力合同会社,東京都北区浮間１丁目１番１４号リムジンビル１０３,2023-06-08,合同会社
金川経営コンサルティング株式会社,兵庫県尼崎市東園田町９丁目２５番地の５－２０５号,2023-06-08,株式会社
開源国際商貿株式会社,東京都荒川区町屋３丁目２４番２号面川ビル３０１号室,2023-06-08,株式会社
青葉商業株式会社,千葉県松戸市秋山４２９番地の３,2023-06-08,株式会社
飛虎株式会社,千葉県東金市田間１丁目１２板倉ハイツ１０１,2023-06-08,株式会社
馬可波羅株式会社,東京都千代田区霞が関３丁目２番５号,2023-06-08,株式会社
魚津市下中島地域振興会,富山県魚津市慶野１７２－２,2023-06-08,その他
４４‐ｐｒｏｊｅｃｔ株式会社,沖縄県宮古島市平良字西里２７番地,2023-06-08,株式会社
ＡＣＥサービス株式会社,三重県松阪市飯高町野々口１３４番地,2023-06-08,株式会社
ＡＫＹコーポレーション株式会社,兵庫県神戸市長田区若松町３丁目２番４号アトレ新長田駅前９０３号室,2023-06-08,株式会社
ＡＯアカウンテイング合同会社,東京都中央区日本橋蛎殻町１丁目２８番７号３０１号室,2023-06-08,合同会社
ＡＵＮ株式会社,神奈川県平塚市宮の前４番４号,2023-06-08,株式会社
ＡＺＩＯ　Ｊａｐａｎ合同会社,東京都中央区京橋２丁目７－８,2023-06-08,合同会社
Ｂ‐ＴＲＩＰ株式会社,東京都港区北青山２丁目７番９号,2023-06-08,株式会社
ＢＲＡＮＤ株式会社,東京都目黒区大橋１丁目５番１号,2023-06-08,株式会社
Ｂｅａｕｔｉｆｕｌ　Ｂｒｏｗ株式会社,大阪府大阪市西区京町堀１丁目１６番８号ＲＥ－０２１ビル５０２,2023-06-08,株式会社
ＢｉｚＤｅｓｉｇｎ株式会社,神奈川県横浜市金沢区能見台２丁目２７－１８,2023-06-08,株式会社
ＢｌｕＯｃｅａｎ　Ｓｅｃｕｒｉｔｙ　Ｊａｐａｎ株式会社,東京都千代田区霞が関１丁目４番１号日土地ビル４階,2023-06-08,株式会社
Ｃ＆Ｆ合同会社,福岡県福岡市中央区春吉２丁目１０－６モントーレ天神１４０６,2023-06-08,合同会社
ＣＡＲ　ＲＥＳＴ　ＴＳＵＫＵＢＡ株式会社,茨城県つくば市上河原崎４９番地４（高山Ｃ６街区３）,2023-06-08,株式会社
ＣＨＥＦ株式会社,愛知県名古屋市中村区名駅１丁目１番１号ＪＰタワー名古屋２１階,2023-06-08,株式会社
ＣＬＥＡＤ合同会社,東京都国分寺市東元町１丁目１９－２７メゾンアンソレイエ２０３,2023-06-08,合同会社
ＣＯＮＮＥＣＴ合同会社,愛知県名古屋市北区上飯田北町２丁目２８－１,2023-06-08,合同会社
Ｃｈｅｒ　ｂｒｕｎ合同会社,東京都世田谷区上用賀６丁目１５番１５号,2023-06-08,合同会社
Ｄ．Ｓ阿武隈株式会社,福島県須賀川市前田川字兎田１２３番地,2023-06-08,株式会社
ＤＯＧＯＴＯＣＫ合同会社,茨城県水戸市石川２丁目４２９９番地の１３,2023-06-08,合同会社
Ｄｏｊａ合同会社,大阪府大阪市北区東天満２丁目７－４イシモトビル４Ｆ,2023-06-08,合同会社
Ｇ’Ｆｉｖｅ株式会社,東京都荒川区東日暮里６丁目１２番５号,2023-06-08,株式会社
Ｇ＆ｉｔｅｃ合同会社,神奈川県鎌倉市由比ガ浜２丁目１７番１５号,2023-06-08,合同会社
ＧＣ合同会社,東京都大田区中央１丁目１１－２３－１０１,2023-06-08,合同会社
Ｇｌｏｂａｌ　Ｃｏｎｓｕｌｔｉｎｇ合同会社,愛知県名古屋市中村区名駅３丁目４番１０号アルティメイト名駅１ｓｔ２階,2023-06-08,合同会社
Ｈ＆Ｃ　Ｇｌｏｂａｌ　Ｃａｐｉｔａｌ株式会社,東京都渋谷区恵比寿１丁目２４番１４号ＥＸＯＳ恵比寿５階,2023-06-08,株式会社
ＨＯＭＩＥ株式会社,茨城県筑西市辻２３７７番地,2023-06-08,株式会社
ＩＮＴＥＲ　ＤＯＯＲ株式会社,東京都港区南青山５丁目４番３０号南青山ＹＳＳビル７階,2023-06-08,株式会社
Ｉｍａｇｉｎａｔｉｏｎ合同会社,東京都北区浮間１丁目１番１４号リムジンビル１０７,2023-06-08,合同会社
Ｊフラッグホールディングス株式会社,群馬県太田市緑町８１－３,2023-06-08,株式会社
Ｋプラン株式会社,広島県広島市佐伯区五日市駅前２丁目６番８号,2023-06-08,株式会社
Ｋ＆Ｋ株式会社,三重県四日市市別山３丁目１０６,2023-06-08,株式会社
Ｋ８株式会社,兵庫県姫路市北条口２丁目８１番地２,2023-06-08,株式会社
ＫＡＡＭ株式会社,東京都渋谷区神宮前６丁目２３番４号桑野ビル２階,2023-06-08,株式会社
ＫＥＩＨＡＣＨＩ株式会社,兵庫県丹波市柏原町柏原２９３番地４,2023-06-08,株式会社
ＫＯＮ株式会社,東京都千代田区神田小川町２丁目４番１４号フィールドクレストビル８階,2023-06-08,株式会社
ＫｏｎｄａｔｅＸ株式会社,東京都中央区日本橋室町１丁目１１番１２号日本橋水野ビル７階,2023-06-08,株式会社
Ｌ＆Ｌ産業株式会社,富山県富山市新庄町１７番地９,2023-06-08,株式会社
ＬＨ株式会社,東京都荒川区町屋３丁目２４番２号面川ビル二階２１９号室,2023-06-08,株式会社
ＬＩＲＥＴＹ株式会社,東京都品川区小山３丁目１４－２シティタワー武蔵小山２５１２号室,2023-06-08,株式会社
Ｌｅｏｎａｒｄｏ　Ｓ．ｐ．ａ．,東京都千代田区霞が関３丁目２番１号霞が関コモンゲート西館２４階,2023-06-08,外国会社等
Ｌｏｎｅｋｉｔｅ株式会社,宮城県栗原市高清水中の茎９４番地５１０,2023-06-08,株式会社
ＬｕｕＴｓ株式会社,神奈川県横浜市保土ケ谷区上菅田町１３３５－１,2023-06-08,株式会社
Ｍ’ｓ　ｈｏｍｅ合同会社,宮城県仙台市泉区八乙女１丁目４番地の１エクメーネ八乙女２０１,2023-06-08,合同会社
ＭＡＲＫＳ合同会社,滋賀県大津市におの浜３丁目２番７－１６０２号,2023-06-08,合同会社
ＭＩＲＡＩＯ株式会社,三重県津市丸之内２１番２５号,2023-06-08,株式会社
ＭＫＫ株式会社,兵庫県神戸市中央区熊内町４丁目１３番１７－１５０６号,2023-06-08,株式会社
ＭＯＭＯ合同会社,大阪府枚方市田口２丁目１０番２号,2023-06-08,合同会社
ＭＯＮＯ　ＣＯＬＯＲ株式会社,神奈川県川崎市中原区上丸子山王町２丁目１３３２グランデュール山王１０２,2023-06-08,株式会社
ＭＯＴＯＲＢＩＫＩＮＧ株式会社,東京都狛江市東野川２丁目２２番７－４０３号,2023-06-08,株式会社
ＭＸ一般社団法人,東京都新宿区四谷２丁目９番地１５東京ユナイテッド綜合事務所内,2023-06-08,その他の設立登記法人
Ｍａｔ合同会社,大阪府大阪市東淀川区東中島１丁目１９－１１大城ビル２Ｆ,2023-06-08,合同会社
Ｍｉｙａｋｏ　Ｎｅｘｔ　ＰＳ合同会社,東京都港区六本木１丁目６番１号泉ガーデンタワーＫＰＭＧ税理士法人内,2023-06-08,合同会社
ＮＥＸＴ合同会社,東京都港区芝５丁目１６－１４三田ノックスビル３Ｆ,2023-06-08,合同会社
ＮＰＯ法人ソナフル,神奈川県川崎市宮前区菅生１丁目１番８号シャトレー菅生２０２号室,2023-06-08,その他の設立登記法人
ＮＰＯ法人出会いの杜プロジェクト,秋田県北秋田市住吉町４番２３号鷹巣スポーツビル７号室,2023-06-08,その他の設立登記法人
Ｎｅｘｔ‐Ｔｅｋ株式会社,東京都墨田区文花１丁目１８－１３,2023-06-08,株式会社
ＮｏｔＡｖｅｒａｇｅ株式会社,東京都港区麻布十番２丁目１９番８号２階,2023-06-08,株式会社
ＰＣＣ　Ａｓｉａ　Ｌｉｍｉｔｅｄ．,東京都渋谷区神宮前１丁目５－８神宮前タワービルディング１４階,2023-06-08,外国会社等
ＰＵＳＨ　ＳＡＬＥ,栃木県栃木市岩舟町新里１３０４－４２,2023-06-08,外国会社等
ＲＥＩＷＡ　ＥＳＴＡＴＥ株式会社,大阪府大阪市西区新町３丁目４番１１－５０４号,2023-06-08,株式会社
ＲＥＮＴ　Ａ　ＶＥＨＩＣＬＥ株式会社,高知県香美市土佐山田町旭町５丁目３番８号,2023-06-08,株式会社
ＲＯＬ合同会社,大阪府高槻市淀の原町４７番２号,2023-06-08,合同会社
Ｒｅワーク株式会社,神奈川県小田原市荻窪１１０８－８,2023-06-08,株式会社
ＳＡＥＡ合同会社,東京都世田谷区下馬５丁目２７番４号,2023-06-08,合同会社
ＳＨＩＮＲＡＩ株式会社,群馬県前橋市南町２丁目６３番地３（３Ｄ）,2023-06-08,株式会社
ＳＳＧ　ＡＵＴＯ　ＪＡＰＡＮ株式会社,三重県松阪市上川町１６５５番地１,2023-06-08,株式会社
ＳＴＰホールディングス株式会社,佐賀県佐賀市鍋島町大字八戸溝１５０番地５,2023-06-08,株式会社
ＳｔａｒＳｈｉｐ株式会社,鳥取県鳥取市湖山町東４丁目２７番地２,2023-06-08,株式会社
Ｓｔｅｌｌａｒｉｘ合同会社,沖縄県糸満市字兼城７５４番地の２,2023-06-08,合同会社
Ｓｔｙｌｅ　Ｌａｂｏ株式会社,東京都港区南青山３丁目３番３号,2023-06-08,株式会社
ＴＯＲＣＨ株式会社,東京都千代田区丸の内３丁目２番２号,2023-06-08,株式会社
ＴＯＹ　Ｎｉｐｐｏｎ合同会社,広島県呉市広吉松２丁目２－６,2023-06-08,合同会社
ＴＵＫ合同会社,大阪府松原市北新町５丁目３番４号,2023-06-08,合同会社
ＵＮＩＣＯＲＮＣＲＯＳＳ　ＮＥＴＷＯＲＫ合同会社,大阪府大阪市住吉区長居東４丁目１５番２０－４０３号,2023-06-08,合同会社
ＵＰＰ株式会社,神奈川県横浜市青葉区若草台１７番地１１,2023-06-08,株式会社
ＶｉｃＯｎｅ株式会社,東京都渋谷区代々木２丁目１番１号新宿マインズタワー,2023-06-08,株式会社
Ｖｉｒｔｕｏｓ　Ｊａｐａｎ株式会社,東京都港区南青山２丁目４番９号ＫＬＯ南青山ビル,2023-06-08,株式会社
ＷＩＩＰＡＫ株式会社,東京都豊島区北大塚２丁目２３番３－１５０４号,2023-06-08,株式会社
Ｗｉｓｅ５３エステート株式会社,千葉県千葉市花見川区幕張町５丁目４１７番地１５４－５０３号,2023-06-08,株式会社
Ｙ＆Ｌ合同会社,茨城県笠間市東平２丁目６番９号,2023-06-08,合同会社
ＹＡＳＩＮ　ＰＴＹ　ＬＴＤ,沖縄県中頭郡西原町字千原１６６番地１,2023-06-08,外国会社等
ａｒｃｌｏｕｄ株式会社,東京都墨田区東駒形２丁目２０番５－７０１号,2023-06-08,株式会社
ｈｓｈ株式会社,東京都豊島区東池袋３丁目１５番１４号クレール東池袋２０６号,2023-06-08,株式会社
ｊｕｊｕｂｅ株式会社,大分県別府市北浜１丁目４番２９号,2023-06-08,株式会社
ｐｒｅｓｅｎｔ合同会社,宮城県岩沼市あさひ野１丁目４番地の５,2023-06-08,合同会社
ｒｉｇｈｔ　ｈａｎｄ合同会社,京都府京都市南区西九条藤ノ木町２５,2023-06-08,合同会社
ｓａｎａｔａｎａ　ｄｅｓｉｇｎ株式会社,東京都台東区松が谷４丁目２１番１号辰巳マンション６０２,2023-06-08,株式会社
あすのくおれ合同会社,埼玉県秩父市大野原４１８番地１,2023-06-09,合同会社
いばしょ株式会社,大阪府東大阪市荒川３丁目５番６号,2023-06-09,株式会社
がんばれば愛株式会社,東京都大田区中央５丁目２９番１号ネオハイツ・ヴェルビュー００５号,2023-06-09,株式会社
そめは合同会社,東京都新宿区新小川町９番１８号ダイヤハウス柏本２０３,2023-06-09,合同会社
つくりて合同会社,神奈川県厚木市妻田南２丁目１２―２２,2023-06-09,合同会社
どんぐり助産院合同会社,石川県白山市荒屋町に９５番地３,2023-06-09,合同会社
みゆ幸業株式会社,福岡県福岡市中央区薬院１丁目１５番１３号,2023-06-09,株式会社
みらいサポート合同会社,愛知県海部郡蟹江町大字蟹江本町字コノ割一丁目１番地,2023-06-09,合同会社
ゆかしの合同会社,東京都渋谷区幡ヶ谷１丁目２－２京王幡ヶ谷ビル４Ｆ,2023-06-09,合同会社
アイビー株式会社,福岡県北九州市戸畑区浅生３丁目５番１８号,2023-06-09,株式会社
アイワアシスト合同会社,大阪府大阪市北区芝田２丁目８番１１号共栄ビル３階,2023-06-09,合同会社
アイ・ソフトブレーン合同会社,東京都練馬区上石神井１丁目８番２ー２０１号,2023-06-09,合同会社
アシュヴィン合同会社,東京都杉並区宮前４丁目２１番３１号,2023-06-09,合同会社
アップ住建株式会社,大阪府守口市大日町３丁目３７番３号,2023-06-09,株式会社
アビーム株式会社,愛知県名古屋市東区古出来１丁目１番８号古出来ビル４Ｆ,2023-06-09,株式会社
アンドドット株式会社,東京都渋谷区元代々木町５２番７－３０２,2023-06-09,株式会社
イトウ合同会社,東京都八王子市寺町１－２８千代田マンション八王子４０４３号室,2023-06-09,合同会社
イノウエ工業株式会社,栃木県足利市島田町７１２番地１０,2023-06-09,株式会社
エコブランド合同会社,栃木県小山市大字横倉新田７番地９６,2023-06-09,合同会社
エルエルケアリング合同会社,埼玉県さいたま市南区辻８丁目９番６号,2023-06-09,合同会社
オンリーワンイノベーション株式会社,東京都中央区日本橋室町１丁目１１番１２号日本橋水野ビル７階,2023-06-09,株式会社
オータムリーフ合同会社,兵庫県高砂市米田町米田８８４番地の３,2023-06-09,合同会社
カナン合同会社,愛知県名古屋市千種区萱場２丁目５番４１号ローレルコート千種北６０２号,2023-06-09,合同会社
カワセキ株式会社,東京都新宿区西早稲田１丁目１６番３号古菅ビル２階,2023-06-09,株式会社
キセキ株式会社,東京都港区六本木７丁目１７番１２号六本木ビジネスアパートメンツ２１４号室,2023-06-09,株式会社
キングスペックジャパン株式会社,東京都豊島区西巣鴨４丁目３１番４号青山ビル１Ｆ,2023-06-09,株式会社
キングファーニチャー株式会社,大阪府大阪市東住吉区照ケ丘矢田２丁目７番２号淘金ビルＡ号室,2023-06-09,株式会社
クジラ株式会社,大阪府八尾市東久宝寺３丁目５番２９号,2023-06-09,株式会社
クラウド＆パッケージ株式会社,東京都中央区銀座６丁目６番１号銀座風月堂ビル５階,2023-06-09,株式会社
グレースメディカル合同会社,東京都渋谷区道玄坂１丁目１０番８号渋谷道玄坂東急ビル２Ｆ－Ｃ,2023-06-09,合同会社
サイエンテックスジャパン株式会社,東京都千代田区外神田２丁目３番７号アーバンファーストビル４階,2023-06-09,株式会社
サミット株式会社,東京都荒川区西尾久７丁目１１番１２号２Ｆ－Ａ室,2023-06-09,株式会社
サンライズ不動産株式会社,石川県金沢市無量寺５丁目８１番地１,2023-06-09,株式会社
シェアードヴィジョンズ株式会社,東京都八王子市椚田町５０５番地１,2023-06-09,株式会社
ジョア合同会社,大阪府東大阪市日下町４丁目４番１９号,2023-06-09,合同会社
セイカリサーチ株式会社,兵庫県姫路市飾磨区入船町１番地,2023-06-09,株式会社
セピア合同会社,大阪府吹田市日の出町２６番１５号,2023-06-09,合同会社
タヒトベース合同会社,東京都豊島区駒込６丁目４番５号,2023-06-09,合同会社
ティーエスデザイン株式会社,大阪府豊中市曽根東町３丁目５番３号コマウィング７０１号室,2023-06-09,株式会社
テイクストーンズコンサルティング合同会社,東京都八王子市散田町３丁目９番１５号ライオンズマンション西八王子駅前１００１号,2023-06-09,合同会社
テクハン・ホールディングス株式会社,京都府京都市中京区西ノ京北聖町１０番地の２,2023-06-09,株式会社
トヨタ中古車販売株式会社,愛知県豊田市本新町８丁目２４番地１,2023-06-09,株式会社
ドストラ株式会社,東京都渋谷区渋谷２丁目１９番１５号宮益坂ビルディング６０９,2023-06-09,株式会社
ハル運転代行株式会社,千葉県君津市鎌滝７１７番地４,2023-06-09,株式会社
バリューマックス株式会社,東京都豊島区東池袋５丁目７番１号ＤＲＳ第３ビル３０１号室,2023-06-09,株式会社
ヒダクレ商事株式会社,埼玉県川口市芝３丁目１－２４メゾンハピーＩ３０５号室,2023-06-09,株式会社
ヒューマンテクノ株式会社,東京都千代田区九段北４丁目３－２０九段フラワーホーム４０３号,2023-06-09,株式会社
ビューアジア株式会社,東京都渋谷区円山町５番５号Ｎａｖｉ渋谷Ｖ３階,2023-06-09,株式会社
フラット株式会社,茨城県筑西市一本松１５３７番地２,2023-06-09,株式会社
フレンドリー不動産管理株式会社,兵庫県明石市大道町１丁目５番５号,2023-06-09,株式会社
フロム・グローバル株式会社,東京都豊島区上池袋２丁目２５番９－１０６号,2023-06-09,株式会社
ブリッジアンドリンク株式会社,東京都品川区西品川１丁目１番１号,2023-06-09,株式会社
プラスアルテ合同会社,大阪府大阪市北区梅田１丁目２番２号大阪駅前第２ビル１２－１２,2023-06-09,合同会社
ホワイトロード合同会社,愛知県一宮市浅野字福寿庵５５番地１,2023-06-09,合同会社
ポンテホールディングス株式会社,石川県白山市深瀬新町９６番地１,2023-06-09,株式会社
マインドケア北九州株式会社,福岡県北九州市小倉北区大畠１丁目６番１２号,2023-06-09,株式会社
ミライ株式会社,京都府京都市南区八条源町６８番地１４,2023-06-09,株式会社
メイク株式会社,長野県松本市南松本２丁目８番７号,2023-06-09,株式会社
ライスファーム株式会社,佐賀県唐津市浜玉町浜崎２７０１番地,2023-06-09,株式会社
ラルステック株式会社,宮城県仙台市青葉区本町１丁目９番５号,2023-06-09,株式会社
リヨンド合同会社,東京都町田市玉川学園５丁目１６－１－２,2023-06-09,合同会社
リーベスト桜新町管理組合,東京都世田谷区弦巻３丁目２１－１７,2023-06-09,その他
ルフレス株式会社,兵庫県神戸市東灘区住吉宮町４丁目４－１,2023-06-09,株式会社
レストレーションアシスト株式会社,福岡県福岡市早良区賀茂４丁目１７番２４号,2023-06-09,株式会社
ロジクオーレコンサルティング株式会社,千葉県市川市島尻１番４４－１６１３号クレストシティタワーズ浦安,2023-06-09,株式会社
ワイズスピン合同会社,東京都渋谷区道玄坂１丁目１２番１号渋谷マークシティＷ２２Ｆ,2023-06-09,合同会社
ワタコ合同会社,東京都渋谷区代々木４丁目２３番１６－４０６号,2023-06-09,合同会社
ワーカーズ・コレクティブ　ふくの輪,埼玉県越谷市南越谷１丁目２９０４－３,2023-06-09,その他
ヴィーガンマテリアル株式会社,埼玉県さいたま市大宮区宮町１丁目５番地銀座ビル７階,2023-06-09,株式会社
一般社団法人サンライズ２,東京都港区赤坂７丁目６番１５号,2023-06-09,その他の設立登記法人
一般社団法人ピアサポート仲よし,岡山県岡山市北区広瀬町１０番３０号,2023-06-09,その他の設立登記法人
一般社団法人ワットプッターラーム寺院,埼玉県幸手市大字上吉羽１３１６番地１,2023-06-09,その他の設立登記法人
一般社団法人不動産建設産業発展連合会,東京都杉並区高円寺北２丁目４番８号,2023-06-09,その他の設立登記法人
一般社団法人千葉市地籍調査協会,千葉県千葉市中央区中央３丁目１０番６号,2023-06-09,その他の設立登記法人
一般社団法人地域・ひと・ＬＩＦＥサポート広島,広島県東広島市西大沢１丁目２８－１５,2023-06-09,その他の設立登記法人
一般社団法人地域改革,福井県福井市中央１丁目９－２４福井中央ビル３階,2023-06-09,その他の設立登記法人
一般社団法人日本ニューボーンフォトグラファー協会,神奈川県小田原市飯泉３８番地の８,2023-06-09,その他の設立登記法人
一般社団法人日本メンタルアップ協会,栃木県足利市久保田町１５４４番地,2023-06-09,その他の設立登記法人
一般社団法人日本木質構造用ねじ工業会,大阪府東大阪市森河内西１丁目６番３０号若井ホールディングス株式会社内,2023-06-09,その他の設立登記法人
一般社団法人日露経済交流フォーラム,東京都千代田区平河町２丁目２番１号２階,2023-06-09,その他の設立登記法人
一般社団法人漢方マイスター協会,東京都豊島区南大塚１丁目４７－５,2023-06-09,その他の設立登記法人
一般社団法人福とらの会,福島県相馬市中村字大手先４２番地の１５,2023-06-09,その他の設立登記法人
一般社団法人福岡ＰＲＯＣＥＥＤ,福岡県糟屋郡新宮町美咲１丁目４番１０－２０３号,2023-06-09,その他の設立登記法人
一般社団法人福祉人材研修センター,京都府京都市北区衣笠東開キ町７番地３,2023-06-09,その他の設立登記法人
一般社団法人陽光活水センター,東京都荒川区南千住８丁目８番１－７１３号,2023-06-09,その他の設立登記法人
一般社団法人ＡＺ　Ｂａｎｄｅ,東京都大田区東雪谷３丁目９番９号,2023-06-09,その他の設立登記法人
一般社団法人Ａｌｌｙａｂｌｅ,大阪府大阪市北区梅田１丁目２番２号大阪駅前第２ビル１２－１２,2023-06-09,その他の設立登記法人
一般社団法人ＣＯＲＥ’Ｓ,新潟県新潟市中央区弁天３丁目２番２４号ＳＫＥＴＣＨ内,2023-06-09,その他の設立登記法人
一般社団法人Ｇｏｏｄ　Ｊａｐａｎ,広島県廿日市市吉和１８９３番地,2023-06-09,その他の設立登記法人
一般社団法人ＲＥＬＩＡＮＣＥ研究会,神奈川県横浜市鶴見区下末吉３丁目６番１号（済生会横浜市東部病院循環器内科）,2023-06-09,その他の設立登記法人
一般社団法人ＳＯＮＧ　ＬＡＭ　ＪＡＰＡＮ,大阪府大阪市生野区巽北３丁目２番２０号,2023-06-09,その他の設立登記法人
一般社団法人ＴＮＴ,東京都千代田区丸の内３丁目１番１号東京共同会計事務所内,2023-06-09,その他の設立登記法人
一般財団法人安津素彦記念研究財団,東京都渋谷区代々木３丁目８番１０号,2023-06-09,その他の設立登記法人
三ツ星株式会社,福岡県福岡市博多区奈良屋町１０－３西日本奈良屋ビル５０２,2023-06-09,株式会社
中通物流合同会社,埼玉県比企郡ときがわ町大字別所１４番地５,2023-06-09,合同会社
丸泰産業株式会社,愛知県名古屋市西区名塚町５丁目３３番地,2023-06-09,株式会社
京都文英堂株式会社,京都府京都市南区吉祥院嶋高町１２番地,2023-06-09,株式会社
人汽国際株式会社,京都府京都市下京区志水町１３８－２,2023-06-09,株式会社
今日からきもの株式会社,神奈川県横浜市港北区篠原東１丁目１番１６号,2023-06-09,株式会社
代行ジャパン合同会社,東京都豊島区要町１丁目２番１２－３０３号,2023-06-09,合同会社
価興業株式会社,神奈川県川崎市麻生区金程４丁目１３番６号,2023-06-09,株式会社
光焙若株式会社,東京都荒川区町屋２丁目５番１７号フィオーレ１０１号室,2023-06-09,株式会社
凡白庵合同会社,岡山県岡山市北区芳賀１７２８番地９,2023-06-09,合同会社
医療法人星陵眼科緑内障クリニック,宮城県仙台市青葉区支倉町４番３１号田沼ビル２階,2023-06-09,その他の設立登記法人
医療法人社団松,東京都千代田区神田多町２丁目７番地大橋ビル１階,2023-06-09,その他の設立登記法人
医療法人結城記念みなと産婦人科クリニック,宮城県登米市迫町佐沼字小金丁２２番地５,2023-06-09,その他の設立登記法人
千予株式会社,埼玉県飯能市大字下加治１６１番地１,2023-06-09,株式会社
南海サービス株式会社,栃木県足利市田中町７８２番地ｍｉｔａビル１Ｆ,2023-06-09,株式会社
原宿インペリアルハイツ管理組合法人,東京都渋谷区神宮前２丁目３０番１０号,2023-06-09,その他の設立登記法人
合同会社えにし,埼玉県富士見市大字水子１８９７番地３プレジールⅡ２０１,2023-06-09,合同会社
合同会社こまり設計事務所,兵庫県姫路市西延末３０５番地１０,2023-06-09,合同会社
合同会社なまけもの,長野県諏訪郡富士見町富士見４６５４番地６,2023-06-09,合同会社
合同会社のびる,岐阜県大垣市桐ケ崎町６７・２Ｆ,2023-06-09,合同会社
合同会社もかそと,東京都府中市晴見町１丁目２８番地グリーンハイツ７号棟４０５,2023-06-09,合同会社
合同会社アニマルラボ,東京都港区赤坂８丁目１１番２６号,2023-06-09,合同会社
合同会社アンプ,東京都東村山市富士見町５丁目３番３８号鹿間ハイツ１０３号室,2023-06-09,合同会社
合同会社インターカンパニー,新潟県新潟市西区みずき野６丁目１２番６号,2023-06-09,合同会社
合同会社エクスチェンジ,東京都港区新橋２丁目１６番１号,2023-06-09,合同会社
合同会社エンペラー,東京都立川市上砂町１丁目１３番地の１都営上砂町１丁目アパート１８棟２１８号,2023-06-09,合同会社
合同会社オルタナ２４,東京都千代田区丸の内３丁目１番１号東京共同会計事務所内,2023-06-09,合同会社
合同会社オルタナ２５,東京都千代田区丸の内３丁目１番１号東京共同会計事務所内,2023-06-09,合同会社
合同会社オロライト,福岡県久留米市螢川町６１番地２,2023-06-09,合同会社
合同会社カオカ,大阪府大阪市阿倍野区昭和町２丁目３番３号センチュリーロイヤル昭和町２Ｆ,2023-06-09,合同会社
合同会社カカシ,大阪府堺市堺区永代町５丁２番１８号,2023-06-09,合同会社
合同会社クライア,東京都杉並区方南２丁目２８番４５号ドエル方南２０１,2023-06-09,合同会社
合同会社コンサルタントイナ,愛知県田原市赤羽根町寺山２１番地３,2023-06-09,合同会社
合同会社サイクロン,栃木県宇都宮市仲町３番１９号宇都宮ハイツ５０１号,2023-06-09,合同会社
合同会社サイファークリエイション,千葉県流山市前平井１０８番地ＢｒｉｌｌｉａｎＶｉｅｗＣｅｎｔｒａｌＰａｒｋ５０３,2023-06-09,合同会社
合同会社サポテン,広島県広島市西区南観音６丁目１２－７,2023-06-09,合同会社
合同会社サンライズ１,東京都港区赤坂７丁目６番１５号,2023-06-09,合同会社
合同会社シンカーコンサルティング,埼玉県所沢市くすのき台１丁目１０－７肥沼ビル３Ｆ,2023-06-09,合同会社
合同会社ジュディス,神奈川県相模原市南区相模大野２丁目１６番６号－２０１,2023-06-09,合同会社
合同会社ジーニアス,神奈川県横浜市磯子区磯子８丁目１５番１－３０１号,2023-06-09,合同会社
合同会社スマートエックス,大阪府茨木市五日市緑町３番４号ピュアハイム伊津香３０３号,2023-06-09,合同会社
合同会社セッターズ,東京都江戸川区南葛西５丁目２番２８号６０１,2023-06-09,合同会社
合同会社ゼロエミッション火力発電システム研究所,東京都大田区田園調布２丁目８番１４号,2023-06-09,合同会社
合同会社トレゾー,愛知県名古屋市守山区小幡北６０３番地,2023-06-09,合同会社
合同会社ナツツバメ,埼玉県北足立郡伊奈町西小針４丁目２８番地,2023-06-09,合同会社
合同会社バオウェン,千葉県柏市若葉町８番２号,2023-06-09,合同会社
合同会社パーシモン,東京都調布市染地１丁目２４番地１７,2023-06-09,合同会社
合同会社プラーナ,茨城県取手市取手２丁目２番２号たきもとビル３階,2023-06-09,合同会社
合同会社マルキ建材,埼玉県比企郡ときがわ町大字玉川４０８４番地４,2023-06-09,合同会社
合同会社マルヨシ商会,岡山県岡山市北区北方２丁目２番１２号,2023-06-09,合同会社
合同会社メタマケ,東京都多摩市落合２丁目１７‐１０,2023-06-09,合同会社
合同会社メディカルオフィス岩崎,東京都港区三田５丁目２番２２－９１１号,2023-06-09,合同会社
合同会社ラシク,東京都渋谷区富ヶ谷２丁目１８番１号ダイアパレス駒場１０５,2023-06-09,合同会社
合同会社リアン,宮崎県児湯郡川南町大字平田４６７番地２,2023-06-09,合同会社
合同会社他力,東京都府中市是政５丁目６番６,2023-06-09,合同会社
合同会社伶,沖縄県那覇市松尾２丁目１７番７号,2023-06-09,合同会社
合同会社四季,滋賀県草津市草津３丁目１４－３６ＫＹＯＨＯＲＩＳＥ１０１号室,2023-06-09,合同会社
合同会社大樹,福岡県北九州市小倉南区田原新町２丁目７番１－２０５号,2023-06-09,合同会社
合同会社幸生アカウティング,東京都豊島区東池袋３丁目２３番２２号,2023-06-09,合同会社
合同会社徳永不動産,三重県桑名市大字北別所１５８７番地２スターリットＢ棟２０５号,2023-06-09,合同会社
合同会社米光ゲーム,東京都豊島区北大塚３丁目１７番５号アルシェ大塚２０２号,2023-06-09,合同会社
合同会社結,東京都東村山市廻田町４丁目２４番地９２,2023-06-09,合同会社
合同会社良幸,大阪府泉南市信達大苗代６６０－１グランドソレーユ泉南２階Ａ号,2023-06-09,合同会社
合同会社菖蒲リース,東京都千代田区丸の内３丁目１番１号東京共同会計事務所内,2023-06-09,合同会社
合同会社華匠,愛知県江南市木賀本郷町南１２２番地,2023-06-09,合同会社
合同会社躍進,栃木県下野市上坪山３６９番地,2023-06-09,合同会社
合同会社近畿経理センター,大阪府豊中市熊野町４丁目５番１の２号,2023-06-09,合同会社
合同会社高雄企画,大阪府高槻市三島江４丁目１８番１２号,2023-06-09,合同会社
合同会社黒木工業,宮崎県えびの市大字原田３４４８番地１,2023-06-09,合同会社
合同会社１０１０,埼玉県さいたま市大宮区土手町２丁目７６番地柊１０２,2023-06-09,合同会社
合同会社１３６,埼玉県入間市高倉１丁目６番３８－７０７号,2023-06-09,合同会社
合同会社ＢＬＵＥ　ＰＩＬＬＯＷ,東京都豊島区南長崎３丁目１１番５号２Ｆ,2023-06-09,合同会社
合同会社ＢＮＴ．Ｌｉｆｅ,神奈川県横浜市金沢区釜利谷東７丁目１３番３８号,2023-06-09,合同会社
合同会社Ｂａｍｂｏｏ,富山県高岡市中川上町１２番２１号マリオン中川１０２,2023-06-09,合同会社
合同会社Ｂｅｓｔ　Ｄａｙｓ,埼玉県上尾市大字西貝塚１３９番地,2023-06-09,合同会社
合同会社ＣＡＭＰ,東京都世田谷区代沢５丁目６番地１４号,2023-06-09,合同会社
合同会社ＣＳＫ,埼玉県さいたま市浦和区岸町１丁目１５－１１－２,2023-06-09,合同会社
合同会社Ｃｏｚｙ,東京都目黒区五本木１丁目３５－３,2023-06-09,合同会社
合同会社ＤＩＱ運輸,佐賀県鳥栖市真木町２０５３番地４ローアレーガー鳥栖２０１,2023-06-09,合同会社
合同会社ＤＪ,神奈川県座間市広野台１丁目３６番８号コスモタカハシ２０１号,2023-06-09,合同会社
合同会社Ｄｉａｌｏｇｕｅ　Ｐａｒｔｎｅｒｓ,兵庫県神戸市中央区八幡通１丁目１番２２号８０１,2023-06-09,合同会社
合同会社Ｄｉｓｐｏｒｔ,北海道上川郡東川町東町２丁目１７番７号,2023-06-09,合同会社
合同会社ＥｄｕＩＴ,埼玉県さいたま市緑区美園１丁目２６番地１ミルトヴィレッジ１－２０３号,2023-06-09,合同会社
合同会社ＦＣＹｓ　ＧＲＯＵＰ,栃木県那須塩原市西栄町一丁目３番地,2023-06-09,合同会社
合同会社ＦＵＫＵＷＡＫＡ,大阪府大阪市東住吉区中野３丁目２番１２－１４０１号,2023-06-09,合同会社
合同会社Ｇ‐ｓｔｙｌｅ,神奈川県相模原市南区上鶴間本町１丁目１６番４５号,2023-06-09,合同会社
合同会社ＧＦトラスト,東京都品川区西五反田１丁目１１ー１アイオス五反田９１１号室,2023-06-09,合同会社
合同会社ＧＯ‐ＵＮ‐ＮＯＨ,東京都豊島区高田２丁目５番４－２０２号,2023-06-09,合同会社
合同会社ＧＯＡＴ,石川県野々市市中林５丁目２３,2023-06-09,合同会社
合同会社Ｇｉｓ,東京都杉並区西荻南３丁目８－１６メゾン西荻４１３,2023-06-09,合同会社
合同会社Ｊａｓｍｉｎｅ,東京都渋谷区道玄坂１丁目１０番８号渋谷道玄坂東急ビル２Ｆ－Ｃ,2023-06-09,合同会社
合同会社Ｊｏｙ　Ｈｏｐｅ　Ｃｏｍｐａｎｙ,沖縄県うるま市石川１丁目５１番５号２階,2023-06-09,合同会社
合同会社Ｋ‐ＡＤＶＡＮＣＥ,兵庫県神戸市中央区中山手通１丁目９番２号ＭＯＺＡＮビル６０７号,2023-06-09,合同会社
合同会社ＫＡＲＡＳＡＷＡ．ＢＲＯ,石川県金沢市野町３丁目１‐２,2023-06-09,合同会社
合同会社ＫＯＵＢＯＫＵ,山口県宇部市野原１丁目１０番１３号,2023-06-09,合同会社
合同会社Ｍ．Ｙ．ＰＲＥＣＩＯＵＳ,東京都八王子市散田町３丁目９－１９－８０４,2023-06-09,合同会社
合同会社ＭＥ＆Ｋ,東京都杉並区天沼２丁目４０番１１号,2023-06-09,合同会社
合同会社ＭＹＫ,東京都豊島区池袋４丁目１－１サントスビル１階,2023-06-09,合同会社
合同会社Ｎｅｗ　ｌｉｆｅ,茨城県那珂市菅谷５９１番地の１７,2023-06-09,合同会社
合同会社Ｎｏａ,東京都江東区冬木５番１号ＧＯＢＡＮＫＡＮ２０５,2023-06-09,合同会社
合同会社ＯＣＥＡＮＳ,神奈川県藤沢市片瀬海岸１丁目８番２２号,2023-06-09,合同会社
合同会社ＯｎｅＭｉｌｌｉｏｎ,大阪府大阪市北区梅田１丁目１－３大阪駅前第３ビル２９階１－１－１号室,2023-06-09,合同会社
合同会社Ｏｒｇａｎｉｃ　Ｐｒｏｊｅｃｔ,兵庫県西宮市東町１丁目２番１３号,2023-06-09,合同会社
合同会社Ｐ＆Ｒ,沖縄県中頭郡北中城村字仲順６４番地３,2023-06-09,合同会社
合同会社ＰＬＵＳ　ＵＬＴＲＡ,東京都八王子市石川町１０９８番地１,2023-06-09,合同会社
合同会社Ｐｒｉｍａ　Ｃｏｌｌｅｃｔｉｏｎ,神奈川県横浜市南区永楽町２丁目２３ランドフォレストＭ横浜４階４０１号,2023-06-09,合同会社
合同会社ＰｔｏＤ,東京都葛飾区青戸７丁目３２,2023-06-09,合同会社
合同会社ＲＫＭＫ,鹿児島県曽於市末吉町二之方６０１５番地５,2023-06-09,合同会社
合同会社Ｒｅ’Ｄ,茨城県守谷市百合ケ丘１丁目２４１９番地の１３,2023-06-09,合同会社
合同会社ＲｅＡＣＴ,東京都中野区本町４丁目６－３平友荘１階６号室,2023-06-09,合同会社
合同会社Ｒｅｆｉｎｅｄ,愛知県愛西市大井町宮新田２２番地１６,2023-06-09,合同会社
合同会社Ｒｉｇｈｔ‐Ｈａｎｄ　Ｃｏｎｓｕｌｔｉｎｇ,福島県田村市船引町石森字舘１０８番地,2023-06-09,合同会社
合同会社ＳＵＰＰＯＲＴ,熊本県山鹿市川端町２０６番地プレインハイツⅡ２０７号,2023-06-09,合同会社
合同会社ＳＹＣ,兵庫県神戸市中央区磯辺通１丁目１番１８号カサベラ国際プラザビル７０７,2023-06-09,合同会社
合同会社ＳｈｕｇａｒＹ,福岡県福岡市中央区天神１丁目６番８号天神ツインビル５階,2023-06-09,合同会社
合同会社Ｓｙｎｏｔｐｒｏ,埼玉県和光市中央２丁目４番３－６０８号,2023-06-09,合同会社
合同会社Ｔ２Ｃｒｅａｔｅ,佐賀県三養基郡基山町大字宮浦１５９６番地１,2023-06-09,合同会社
合同会社ＴＨプラス,東京都豊島区池袋本町２丁目１２番１７号クロワール池袋本町２０２号,2023-06-09,合同会社
合同会社ＴＫコミット,北海道札幌市南区澄川六条４丁目３番１７号,2023-06-09,合同会社
合同会社ＴｏｕｇｈＳｅｖｅｎ,東京都豊島区東池袋３丁目１１番９号三島ビル４０２,2023-06-09,合同会社
合同会社ＶｉｔａＮｕｏｖａ,東京都荒川区荒川５丁目２－５ビクセル西日暮里９０４,2023-06-09,合同会社
合同会社ｅ．ｋトレーディング,愛知県高浜市沢渡町１丁目６番地５４,2023-06-09,合同会社
合同会社ｆ,栃木県宇都宮市伝馬町４番８号,2023-06-09,合同会社
合同会社ｉｎｔｅｒｉｏｒ,長野県茅野市宮川２００２番地,2023-06-09,合同会社
合同会社ｍｉｎｅｙ,大阪府寝屋川市梅が丘２丁目３２－１５,2023-06-09,合同会社
合同会社ｓａｋａｍｏｔｏ,東京都足立区本木北町１６番５号,2023-06-09,合同会社
合同会社ｔｅｎ‐ｂａｇｇｅｒ,東京都渋谷区代々木５丁目７番５号ＰＯＲＴＡＬＰＯＩＮＴｙｏｙｏｇｉ－ｋｏｅｎ４０２,2023-06-09,合同会社
合同会社ｗｉｔｈ　Ｕ,静岡県静岡市駿河区西島２７６番地の１レジデンス光２、２０３号,2023-06-09,合同会社
同元安株式会社,大阪府大阪市中央区谷町７丁目１番３９－３０１号Ａ,2023-06-09,株式会社
坦途跨境貿易合同会社,大阪府大阪市東淀川区下新庄５丁目２２－２２ラフォーレ下新庄３０２号室,2023-06-09,合同会社
坪内氷問屋株式会社,兵庫県西宮市浜甲子園２丁目４番２１号,2023-06-09,株式会社
垣内地区,大阪府八尾市垣内３丁目１４６番地,2023-06-09,その他
大誠設備株式会社,大阪府寝屋川市高倉１丁目９－５,2023-06-09,株式会社
富士高フーヅホールディングス株式会社,東京都豊島区駒込３丁目３番１７号,2023-06-09,株式会社
山田建設合同会社,佐賀県佐賀市東与賀町大字下古賀２０２５番地,2023-06-09,合同会社
川原工業株式会社,広島県尾道市瀬戸田町沢３２５番地５,2023-06-09,株式会社
弁護士法人花車,東京都港区虎ノ門１丁目３番１号,2023-06-09,その他の設立登記法人
拓建匠株式会社,岡山県倉敷市児島下の町１０丁目３８４番地２６,2023-06-09,株式会社
日航物流株式会社,愛知県名古屋市中区金山１丁目１５番３号アルバックスタワー金山駅前８０２号,2023-06-09,株式会社
明宝株式会社,大阪府大阪市東淀川区相川２丁目２４－３３ルームリバーサイドＡ２１０号室,2023-06-09,株式会社
未来産業株式会社,茨城県常総市水海道橋本町３５８８番地６,2023-06-09,株式会社
東衛株式会社,東京都墨田区文花１丁目３４番１１－３０５号,2023-06-09,株式会社
株式会社あきた自立推進機構ハッピーシャムロック,秋田県秋田市保戸野八丁４番５号,2023-06-09,株式会社
株式会社あぷろーず,東京都八王子市南大沢２丁目１７番地７,2023-06-09,株式会社
株式会社あやの和,東京都板橋区大山町４番６号セラヴィ大山４０１,2023-06-09,株式会社
株式会社えびす,沖縄県宮古島市平良字西里２３３番地野津テナント２Ｆ,2023-06-09,株式会社
株式会社えむえむ,大阪府大阪市中央区大手通２丁目４番８号,2023-06-09,株式会社
株式会社おはあさ,兵庫県神戸市東灘区本山南町８丁目６番２６号,2023-06-09,株式会社
株式会社さん,静岡県静岡市葵区慈悲尾２６２番地の６４,2023-06-09,株式会社
株式会社さんあい大阪,大阪府東大阪市瓜生堂２丁目８番２号,2023-06-09,株式会社
株式会社ぜんぶ,静岡県沼津市吉田町３５番１５号,2023-06-09,株式会社
株式会社たんごオフィス,京都府京丹後市峰山町杉谷３１７番地,2023-06-09,株式会社
株式会社てらすはうす,大阪府枚方市大垣内町２丁目１７番３号,2023-06-09,株式会社
株式会社どるふぃん,大阪府大阪市天王寺区上本町６丁目３番３１－１３０９号,2023-06-09,株式会社
株式会社ほんまち不動産,宮崎県東臼杵郡門川町本町１丁目５５番地１,2023-06-09,株式会社
株式会社まねき猫,佐賀県小城市牛津町乙柳５６９番地,2023-06-09,株式会社
株式会社めぐ流,東京都江戸川区中央３丁目２０番２４号,2023-06-09,株式会社
株式会社らくだ舎,京都府京都市伏見区竹田田中宮町７番地ケイズビラ堀川４０１,2023-06-09,株式会社
株式会社わのてっく,兵庫県芦屋市大桝町１番１３－２０４号,2023-06-09,株式会社
株式会社アイコとバ,神奈川県海老名市泉２丁目１４番１－１５２０号,2023-06-09,株式会社
株式会社アキフリー,福岡県福岡市東区馬出５丁目２０－３１ＴＨＹＭＥ７０２,2023-06-09,株式会社
株式会社アクロシード,埼玉県新座市片山１丁目７番９号,2023-06-09,株式会社
株式会社アドバンスホームエステート,北海道函館市八幡町２１番１号２Ｆ,2023-06-09,株式会社
株式会社アロハナインターナショナル,東京都港区海岸１丁目１番１,2023-06-09,株式会社
株式会社アンドギア,兵庫県小野市大島町１６２６番地,2023-06-09,株式会社
株式会社アンドテイル,大阪府大阪市都島区都島北通１丁目２３番２６－６０３号,2023-06-09,株式会社
株式会社イチカワ工務店,愛知県稲沢市北市場本町３丁目１１番地３,2023-06-09,株式会社
株式会社イテレーション,東京都世田谷区中町２丁目４番４－３０６号,2023-06-09,株式会社
株式会社イネーブルメント・コンサルティング,東京都港区南青山３丁目１５番９号ＭＩＮＯＷＡ表参道３階２６０号室,2023-06-09,株式会社
株式会社イノベイト,兵庫県芦屋市船戸町５番２６号マリアキャリーヌビル,2023-06-09,株式会社
株式会社インテリア・青葉,神奈川県横浜市青葉区新石川１丁目４番地２ドレッセあざみ野エスタフレンテ１１４号,2023-06-09,株式会社
株式会社インテリア園装,山口県山陽小野田市共和台１１番１号,2023-06-09,株式会社
株式会社インテリード,福岡県福岡市西区小戸５丁目１０－１４－２１５,2023-06-09,株式会社
株式会社インフィールド,埼玉県ふじみ野市市沢１丁目１７番１８号,2023-06-09,株式会社
株式会社ウィルエイト,東京都武蔵野市関前５丁目１４番１７号,2023-06-09,株式会社
株式会社ウッドワーカー,京都府京都市北区紫野門前町３９,2023-06-09,株式会社
株式会社エストレラ,神奈川県横浜市港北区師岡町１番地１１,2023-06-09,株式会社
株式会社エフワンホールディングス,大阪府茨木市星見町２２番１１号,2023-06-09,株式会社
株式会社エブリン開発,長野県諏訪郡富士見町富士見とちの木４１６５,2023-06-09,株式会社
株式会社エル・フィールド,大阪府大阪狭山市金剛２丁目１１番２７号,2023-06-09,株式会社
株式会社エータイムリー,東京都昭島市松原町１丁目１番２０－４２７号,2023-06-09,株式会社
株式会社オオルリ,東京都八王子市散田町２丁目１４－１７,2023-06-09,株式会社
株式会社オヒア,愛知県名古屋市守山区市場１２番１９号（ライオンズマンション矢田川橋緑地ウエスト１２０１号）,2023-06-09,株式会社
株式会社オルマ,三重県四日市市諏訪栄町４番１０号アピカビル３Ｆ,2023-06-09,株式会社
株式会社オープンキャスティング,東京都渋谷区神宮前５丁目６番４号Ｐａｔｈ表参道Ｃ棟３階,2023-06-09,株式会社
株式会社カケル,石川県河北郡津幡町井上の荘３丁目２６番地,2023-06-09,株式会社
株式会社カミナリ,大阪府大阪市北区梅田１丁目２番２号大阪駅前第２ビル１２－１２,2023-06-09,株式会社
株式会社カースタイルジャパン,福岡県福岡市中央区高砂１丁目２０番１８号,2023-06-09,株式会社
株式会社キョクチ,埼玉県川口市大字芝７００５番地の３,2023-06-09,株式会社
株式会社クライシス・アライアンス,福岡県福岡市博多区博多駅前４丁目１６番６号,2023-06-09,株式会社
株式会社クレスティーダ,沖縄県豊見城市字我那覇１２７番地,2023-06-09,株式会社
株式会社クロニクル,東京都葛飾区お花茶屋３丁目５－１１－６０１,2023-06-09,株式会社
株式会社グランソレイユ・エスケイ,大阪府枚方市楠葉野田２丁目３６番２６号,2023-06-09,株式会社
株式会社グリープフラワー,埼玉県さいたま市大宮区仲町２丁目７１番地ソシオ大宮６Ｆ,2023-06-09,株式会社
株式会社グリーンマリア,東京都多摩市落合１丁目５－１－３０７,2023-06-09,株式会社
株式会社グレースリーフ,東京都港区赤坂１丁目１番１７号,2023-06-09,株式会社
株式会社ケイエスワン,千葉県君津市三直１２６４番地５８,2023-06-09,株式会社
株式会社ケイエムアドアプリ,東京都足立区千住龍田町３－１３－２Ｆ,2023-06-09,株式会社
株式会社ケイジェイテック,茨城県古河市仁連２３９５番地７,2023-06-09,株式会社
株式会社ケーティービー,神奈川県横浜市神奈川区子安通３丁目３９３番地,2023-06-09,株式会社
株式会社コズモゴニックアーク,東京都渋谷区渋谷２丁目７番１４号ＶＯＲＴＡＯＹＡＭＡ３０２,2023-06-09,株式会社
株式会社コラジン,神奈川県海老名市杉久保北１丁目１番２号,2023-06-09,株式会社
株式会社サンホーム,愛知県知多市日長字栗林５番地,2023-06-09,株式会社
株式会社シン,兵庫県姫路市広畑区西蒲田１６８６番地,2023-06-09,株式会社
株式会社シンエイ,佐賀県佐賀市諸富町大字徳富２０７２番地２,2023-06-09,株式会社
株式会社シンワ工業,埼玉県さいたま市岩槻区加倉５丁目９番３５号,2023-06-09,株式会社
株式会社ジャストイット,東京都江東区枝川１丁目１４番１８号２０２,2023-06-09,株式会社
株式会社スカイハーモニー,大阪府大阪市北区中津３丁目３番１７号平成ビル４階,2023-06-09,株式会社
株式会社スクーデリア沖縄,沖縄県うるま市字江洲２１０５番地２３,2023-06-09,株式会社
株式会社スタジオミモザ,神奈川県横須賀市鷹取１丁目１４番２３号,2023-06-09,株式会社
株式会社スターダスト,東京都足立区加平１丁目１５番１４号ハイムタツノコ２０２,2023-06-09,株式会社
株式会社スピンオフ,大阪府守口市八雲東町１丁目１番１６－４Ｂ号,2023-06-09,株式会社
株式会社スマートブレイン,愛知県半田市昭和町１丁目２番地,2023-06-09,株式会社
株式会社スリーポイント,大阪府大阪市北区梅田１丁目２番２号大阪駅前第２ビル２階５－６号室,2023-06-09,株式会社
株式会社セルフィッシュ,茨城県下妻市別府９７６番地,2023-06-09,株式会社
株式会社セレンディピティ,長野県長野市青木島１丁目３４番地５,2023-06-09,株式会社
株式会社セーラスレッド,山口県防府市多々良２丁目３番２６号,2023-06-09,株式会社
株式会社タイムアウトマーケット大阪,大阪府大阪市北区芝田１丁目１番４号,2023-06-09,株式会社
株式会社タカ商,福岡県久留米市日吉町１１番地９ヴェルデ３６０－３０３,2023-06-09,株式会社
株式会社タグサイン,香川県三豊市三野町大見甲５７３５番地１,2023-06-09,株式会社
株式会社ターゾー,東京都台東区上野３丁目１０番６－６０１号,2023-06-09,株式会社
株式会社ダブル・ブロ,千葉県船橋市市場４丁目１番１棟３０４号,2023-06-09,株式会社
株式会社ツジコ農林,佐賀県武雄市朝日町大字中野８０１０番地,2023-06-09,株式会社
株式会社ツノエンジン,宮崎県児湯郡都農町大字川北４８２２番地１,2023-06-09,株式会社
株式会社ティーアイル,埼玉県狭山市入間川１丁目１８－３０ハイツ狭山７０７,2023-06-09,株式会社
株式会社テクノリバイブ,大阪府東大阪市横沼町３丁目５番５号,2023-06-09,株式会社
株式会社テストデザインジャパン,長野県駒ヶ根市飯坂１丁目２９番４１号,2023-06-09,株式会社
株式会社ディーエフプランニング,愛知県日進市竹の山４丁目２００９番地,2023-06-09,株式会社
株式会社トラスト,東京都渋谷区幡ヶ谷１丁目３番１号幡ヶ谷ゴールデンマンション７０６号室,2023-06-09,株式会社
株式会社トラスト,京都府京都市左京区岩倉北池田町６番地１シェルブリュー岩倉２０３,2023-06-09,株式会社
株式会社トランストレード大阪,京都府京都市下京区新町通綾小路下る船鉾町３７９番地トランスベックビル,2023-06-09,株式会社
株式会社トリケン,埼玉県大里郡寄居町大字保田原２８４番地２,2023-06-09,株式会社
株式会社ナチュール・デザイン,岩手県八幡平市野駄第４地割７６番地２,2023-06-09,株式会社
株式会社ネクストメディアワーク,東京都新宿区新宿７丁目１２番１号新宿平和ビル１階,2023-06-09,株式会社
株式会社ネコノテ舎,長野県諏訪郡下諏訪町本郷７０９８－１向陽台ハウスＦ,2023-06-09,株式会社
株式会社ハイファイブ,愛知県名古屋市中村区名駅１丁目１－１ＪＰタワー名古屋２１Ｆ,2023-06-09,株式会社
株式会社ハルヒロ,埼玉県川口市栄町３丁目２番１５－１０６号,2023-06-09,株式会社
株式会社バイタルライフ,東京都目黒区自由が丘２丁目１６番２４号３０２,2023-06-09,株式会社
株式会社パラメディック,神奈川県横浜市中区花咲町１丁目１６番地１イーグルズネスト１０１号,2023-06-09,株式会社
株式会社パワーアセット,神奈川県横浜市青葉区たちばな台２丁目５番地１３,2023-06-09,株式会社
株式会社ヒトリンクス,神奈川県横浜市旭区南本宿町１４４番地１６,2023-06-09,株式会社
株式会社ビューティーラボ,東京都港区浜松町１丁目１２番８号,2023-06-09,株式会社
株式会社ビースタイル,東京都立川市柏町４丁目５０番地の２,2023-06-09,株式会社
株式会社ビーピー,東京都墨田区本所４丁目２１番３号,2023-06-09,株式会社
株式会社ファイブゼン,兵庫県洲本市千草己４２７番地１８,2023-06-09,株式会社
株式会社フェリスミライ,兵庫県尼崎市名神町２丁目１９番２５号,2023-06-09,株式会社
株式会社フォース,高知県吾川郡いの町枝川６４６番地５,2023-06-09,株式会社
株式会社フォー・ユー,富山県富山市中川原９２番地３７藤田第三ビル２０１号室,2023-06-09,株式会社
株式会社フロアーＤ,埼玉県さいたま市西区大字指扇１０４番地１０,2023-06-09,株式会社
株式会社プラスコード,大阪府堺市北区百舌鳥陵南町２丁６５９番地,2023-06-09,株式会社
株式会社プロペルインターナショナル,大阪府大阪市北区中津１丁目２番２１号中津明大ビル,2023-06-09,株式会社
株式会社ベルネージュ,東京都港区南麻布５丁目１５番１６号,2023-06-09,株式会社
株式会社ペイントビジョン,神奈川県厚木市上依知１０５４－４,2023-06-09,株式会社
株式会社ホリノＭＩコーポレーション,東京都渋谷区円山町５番５号,2023-06-09,株式会社
株式会社ボンビーノ,東京都港区麻布十番２丁目２１番６－２１０２号,2023-06-09,株式会社
株式会社ポートラル,大阪府大阪市生野区鶴橋１丁目４－２,2023-06-09,株式会社
株式会社マネーシューズ,東京都新宿区新宿１丁目３１番１９号サンウエストビル４階,2023-06-09,株式会社
株式会社メインパープル,東京都港区麻布十番２丁目２１番６－２１０２号,2023-06-09,株式会社
株式会社メルヘンホールディングス,東京都八王子市散田町３丁目７番１８号,2023-06-09,株式会社
株式会社ユナイテック,埼玉県川口市大字安行北谷６０５番地の５,2023-06-09,株式会社
株式会社ライトメディア,福岡県福岡市博多区博多駅前１丁目２３番２号ＰａｒｋＦｒｏｎｔ博多駅前１丁目５Ｆ－Ｂ,2023-06-09,株式会社
株式会社ライフイン２４ソリューションズ,東京都豊島区東池袋４丁目１４番２号ワークスタジオ０１ビル,2023-06-09,株式会社
株式会社ラネージュ,埼玉県白岡市新白岡２丁目１番地ルネ・グランテラス２０１,2023-06-09,株式会社
株式会社ランクスワーク,埼玉県久喜市間鎌３２６番地７,2023-06-09,株式会社
株式会社リズムオン,茨城県つくば市並木３丁目２３番地２５,2023-06-09,株式会社
株式会社リソースストリーム,大阪府東大阪市高井田１５番５号,2023-06-09,株式会社
株式会社リブーン,長崎県長崎市出島町２番１１号,2023-06-09,株式会社
株式会社リベルテクス,愛知県名古屋市西区那古野２丁目１４番１号なごのキャンパス,2023-06-09,株式会社
株式会社リメイク,福島県会津若松市門田町大字飯寺字村東３８１番地,2023-06-09,株式会社
株式会社リロイタ,茨城県つくば市天久保３丁目１４－１１ヴィレッジコスモ１０１,2023-06-09,株式会社
株式会社レオウィズ,埼玉県熊谷市中央２丁目４４９,2023-06-09,株式会社
株式会社ロジテム木下,埼玉県所沢市東所沢５丁目２番地の１７第２ＹＴビル３０１号室,2023-06-09,株式会社
株式会社一心珠,福岡県福岡市博多区博多駅南２丁目１１－２５,2023-06-09,株式会社
株式会社一霞,埼玉県川口市大字伊刈８２１番地の５,2023-06-09,株式会社
株式会社七日屋,福岡県北九州市小倉南区若園１丁目３番２号,2023-06-09,株式会社
株式会社上浦運輸,鹿児島県熊毛郡南種子町中之上２９７６番地１４,2023-06-09,株式会社
株式会社不動産ショップ三松,東京都府中市寿町２丁目２番地の４７ジュネス寿２０２,2023-06-09,株式会社
株式会社中村興業,大阪府堺市中区東山４２３番地１,2023-06-09,株式会社
株式会社中村設備,佐賀県鹿島市浜町１２２２番地１,2023-06-09,株式会社
株式会社中部インターナショナル,愛知県名古屋市港区知多１丁目３１０番地,2023-06-09,株式会社
株式会社井上ＡＣＣ,京都府舞鶴市字上福井９７２番地１,2023-06-09,株式会社
株式会社住まいるコンサル,熊本県熊本市南区富合町志々水３７９,2023-06-09,株式会社
株式会社住まいフェア,大阪府大阪市北区西天満２丁目２番５号,2023-06-09,株式会社
株式会社侘助,神奈川県横浜市中区山下町２８－２ライオンズプラザ山下公園１１０５,2023-06-09,株式会社
株式会社冨田園,佐賀県伊万里市伊万里町甲３４９番地１,2023-06-09,株式会社
株式会社北九州にほんごセンター,福岡県北九州市八幡東区中央２丁目１番１号レインボープラザ１階,2023-06-09,株式会社
株式会社原田塗装,徳島県徳島市新浜本町３丁目７番４１－１号,2023-06-09,株式会社
株式会社友楽ソフト,東京都千代田区九段南１丁目５番６号りそな九段ビル５ＦＫＳフロア,2023-06-09,株式会社
株式会社品川商事,山口県下関市小月本町２丁目２０番１８号,2023-06-09,株式会社
株式会社品美,東京都品川区南品川２丁目１２番２号,2023-06-09,株式会社
株式会社大和商事,北海道札幌市西区西野十条８丁目１３番１２号,2023-06-09,株式会社
株式会社大貴工業,岡山県倉敷市中島１５４１番地４,2023-06-09,株式会社
株式会社奏陽建設,神奈川県足柄上郡中井町井ノ口４０６６番地３,2023-06-09,株式会社
株式会社孫右衛門,神奈川県藤沢市辻堂元町３丁目１５番１６号,2023-06-09,株式会社
株式会社寅午,東京都豊島区西池袋２丁目３－１１グランディール目白１０５号室,2023-06-09,株式会社
株式会社小内エンジニア,埼玉県志木市上宗岡４丁目１１番２５号,2023-06-09,株式会社
株式会社山下工業,兵庫県伊丹市中野東２丁目２１２番地,2023-06-09,株式会社
株式会社山際左官工業所,新潟県新潟市北区横土居３４３８番地,2023-06-09,株式会社
株式会社岡工業,佐賀県伊万里市二里町大里甲１７９２番地１６,2023-06-09,株式会社
株式会社座間工業,神奈川県横須賀市小矢部２丁目１５番１７号,2023-06-09,株式会社
株式会社心心心,千葉県市原市馬立１８９９－４,2023-06-09,株式会社
株式会社忠建設,山口県下関市垢田町５丁目２４番２０号,2023-06-09,株式会社
株式会社恩送り不動産,静岡県富士市中野５０５番地の６ウイングセブン１０１号室,2023-06-09,株式会社
株式会社想和,栃木県栃木市星野町４２７番地１,2023-06-09,株式会社
株式会社戸山業務店,宮崎県宮崎市吉村町北中甲１２０５番地６,2023-06-09,株式会社
株式会社新堀,東京都渋谷区千駄ヶ谷５丁目２３番９号,2023-06-09,株式会社
株式会社日本経済投資研究所,大阪府大阪市淀川区西中島３丁目１８番２１号ＮＬＣ新大阪１８号館３－Ｈ,2023-06-09,株式会社
株式会社星野自動車,新潟県新潟市江南区旭４丁目４番２２号２,2023-06-09,株式会社
株式会社未凪,静岡県磐田市見付１８６８番地１コーポベルーガＢ－１０３,2023-06-09,株式会社
株式会社東和住設,長野県松本市大字今井４９０７番地１,2023-06-09,株式会社
株式会社東宝ハウスＮＥＸＴ,東京都新宿区西新宿７丁目２２番９号,2023-06-09,株式会社
株式会社松井電気,埼玉県春日部市上蛭田７００番地９,2023-06-09,株式会社
株式会社林璃の杜,東京都港区西麻布４丁目２１番１１号２Ｆ,2023-06-09,株式会社
株式会社桜の道,千葉県君津市杢師２丁目４番１５号,2023-06-09,株式会社
株式会社梅本商店,埼玉県さいたま市見沼区大字御蔵１９番地７７,2023-06-09,株式会社
株式会社次世代,群馬県太田市市場町７２７番地７,2023-06-09,株式会社
株式会社水まわりメンテ福岡,福岡県筑紫野市紫３丁目１０番３３号,2023-06-09,株式会社
株式会社沖縄ダイケンエステート,沖縄県那覇市おもろまち１丁目１番１２号,2023-06-09,株式会社
株式会社熊坂重量,神奈川県愛甲郡愛川町中津２１０２番地の６,2023-06-09,株式会社
株式会社田中将文総合保険サービス,北海道帯広市西十五条南１１丁目１番地５２,2023-06-09,株式会社
株式会社田中工業,大分県大分市大字市８８８番地の１６４,2023-06-09,株式会社
株式会社百市,島根県安来市古川町４３８番地,2023-06-09,株式会社
株式会社矢野メディカルオフィス,長崎県佐世保市大和町４５－６０,2023-06-09,株式会社
株式会社福嘉建設,埼玉県入間郡三芳町大字藤久保８９番地５０,2023-06-09,株式会社
株式会社縁と糸,東京都八王子市犬目町１１４番地１１,2023-06-09,株式会社
株式会社群狼,千葉県千葉市美浜区真砂１丁目９－１３,2023-06-09,株式会社
株式会社翔け橋,東京都新宿区四谷三栄町３番１３号ライトビル４０１,2023-06-09,株式会社
株式会社花筏,大阪府大阪市西淀川区花川２丁目１３番２０－１０１号,2023-06-09,株式会社
株式会社菓子工房レガール,埼玉県春日部市牛島７４０番地１,2023-06-09,株式会社
株式会社装工社,大分県大分市明野高尾３丁目１５番１０号,2023-06-09,株式会社
株式会社西光,兵庫県宝塚市安倉南２丁目４番２６号,2023-06-09,株式会社
株式会社逸見解体,長野県松本市大字中山１１９６番地,2023-06-09,株式会社
株式会社長月,静岡県浜松市浜北区小松４４５６番地の１,2023-06-09,株式会社
株式会社雄,大阪府大阪市平野区平野本町５丁目１３番８号,2023-06-09,株式会社
株式会社青田建築,兵庫県姫路市船津町２５８４番地２,2023-06-09,株式会社
株式会社風張工務店,岩手県九戸郡洋野町大野第６４地割７４番地１６,2023-06-09,株式会社
株式会社高貴,埼玉県加須市上樋遣川５２１０番地１,2023-06-09,株式会社
株式会社１,大阪府大阪市中央区南本町４丁目３番１６号ブランズタワー御堂筋本町３４０１号室,2023-06-09,株式会社
株式会社１年１組,岐阜県岐阜市交人４５９番地２,2023-06-09,株式会社
株式会社１ＨＵＮＤＲＥＤ　ＭＵＳＩＣ,東京都世田谷区北沢３丁目３－９,2023-06-09,株式会社
株式会社３ｒｄ　ｐｌａｔｉｎａｍ．,大阪府大阪市中央区安土町２丁目４番１１－４３１４号,2023-06-09,株式会社
株式会社５ｃｏｃｈｉ,栃木県下都賀郡壬生町大字北小林１１６１番地８９,2023-06-09,株式会社
株式会社８００００００ｗｏｒｋｓ,愛知県春日井市高蔵寺町７丁目４－２,2023-06-09,株式会社
株式会社Ａ＆Ｋ,静岡県富士宮市青木平２２０番地,2023-06-09,株式会社
株式会社ＡＣＥ　Ｃｏｎｓｕｌｔｉｎｇ,東京都豊島区要町１丁目１３番４号,2023-06-09,株式会社
株式会社ＡＣＴＸ,埼玉県熊谷市太井１７０６番地の１,2023-06-09,株式会社
株式会社ＡＩＭ,埼玉県和光市南１丁目１８番２号,2023-06-09,株式会社
株式会社ＡＭＴＦ,愛知県長久手市五合池１１６クロンド藤が丘３Ａ,2023-06-09,株式会社
株式会社ＡＶＥＮＴＵＳ,埼玉県さいたま市北区大成町４丁目８７番地５,2023-06-09,株式会社
株式会社Ａｎｅｌａ,大阪府高槻市城北町２丁目１１番３号－５Ｆ,2023-06-09,株式会社
株式会社ＢｉｒｄＲｏｃｋ,東京都港区南青山３丁目１番３６号青山丸竹ビル６Ｆ,2023-06-09,株式会社
株式会社Ｃ．Ｓ．Ｅ．,福岡県福岡市中央区今泉１丁目４番９号,2023-06-09,株式会社
株式会社Ｃ２,東京都渋谷区神宮前６丁目２３番４号桑野ビル２階,2023-06-09,株式会社
株式会社ＣＨＡＩＮ,埼玉県志木市幸町１丁目４番１６号第二アビタシオン浅倉５０１,2023-06-09,株式会社
株式会社ＣＨＡｉＮＯＮ,愛知県名古屋市中川区松重町４番４１号,2023-06-09,株式会社
株式会社ＣＨＥＥＲＳ,東京都渋谷区渋谷２丁目１４番１３号岡崎ビル８階,2023-06-09,株式会社
株式会社Ｃｈａｍｐｓ,長野県安曇野市三郷明盛３００３番地,2023-06-09,株式会社
株式会社ＣｘＯ　ＶＡＬＵＥ,東京都港区北青山１丁目３番１号アールキューブ青山３Ｆ,2023-06-09,株式会社
株式会社Ｄ‐ＲＥＸ,石川県白山市鶴来大国町西５１９番地,2023-06-09,株式会社
株式会社Ｄ‐ｅｉ８ｈｔ,大分県大分市寿町９番１２号ロイヤルシティ寿町１００２,2023-06-09,株式会社
株式会社ＤＡＮＫ,大阪府松原市東新町５丁目２－２３ワンズテラス高見の里Ｃ－２棟,2023-06-09,株式会社
株式会社ＤＯＮ,神奈川県横須賀市若松町３丁目１６－サンコリーヌタワー５０５,2023-06-09,株式会社
株式会社ＤｉｇｉｔａｌＡｒｃｈｉ,神奈川県鎌倉市大町１丁目１番１４号,2023-06-09,株式会社
株式会社Ｄｒｅａｍ　Ｃｈａｓｅｒｓ,東京都世田谷区経堂１丁目２１番１６号キリン堂ビル３階,2023-06-09,株式会社
株式会社ＥＮ,愛知県津島市中一色町北山５９番地２,2023-06-09,株式会社
株式会社ＥＮＴｉ９,東京都台東区台東１丁目１２番２号,2023-06-09,株式会社
株式会社ＥＳＯＬＡ,東京都新宿区西新宿７丁目２２番４３号,2023-06-09,株式会社
株式会社ＥＺＥＬ,埼玉県川口市前上町１２番１０号,2023-06-09,株式会社
株式会社Ｅｃｘｉｓ,千葉県千葉市中央区富士見２丁目７番９号富士見ビル６０９号,2023-06-09,株式会社
株式会社Ｅｎｓｅｍｂｌｅｓ,埼玉県さいたま市南区沼影１丁目１１番２号,2023-06-09,株式会社
株式会社Ｅｖｅｎｌｙ,福岡県福岡市博多区博多駅前２丁目１番１号福岡朝日ビル１階,2023-06-09,株式会社
株式会社ＦＡＢＩＡ,東京都渋谷区神山町４０－２,2023-06-09,株式会社
株式会社ＦＩＲＳＴ　ＣＲＯＰ　ＣＯＦＦＥＥ　ＪＡＰＡＮ,東京都江東区白河２丁目２０番１０号,2023-06-09,株式会社
株式会社ＦｉｔＸ,東京都渋谷区上原２丁目３５番８－５０４号,2023-06-09,株式会社
株式会社Ｆｏｔｉａ,東京都足立区大谷田１丁目２２－２ｖｅｌａｄｅｖｅｒａｎｏ２０１,2023-06-09,株式会社
株式会社Ｆｕｔｕｒｅ　ｉｓ　ｎｏｗ,福岡県福岡市早良区小田部１丁目１１番１５号,2023-06-09,株式会社
株式会社Ｇ‐ｌｏｔｕｓ,北海道札幌市東区東苗穂六条１丁目７番９号,2023-06-09,株式会社
株式会社ＧＩＮ,大阪府大阪市中央区高麗橋１丁目５番２２号エヌビル３階,2023-06-09,株式会社
株式会社Ｇｌａｄ,茨城県ひたちなか市柳沢２３６番地の２,2023-06-09,株式会社
株式会社Ｇｏａｆｅｗ,熊本県熊本市中央区水前寺３丁目８－１ＨＩＬＯ８０８・１０１,2023-06-09,株式会社
株式会社Ｇｒｅｅｎ　ｕｐ,京都府宇治市小倉町神楽田３８番地の１９１,2023-06-09,株式会社
株式会社Ｇｒｉｐ　Ｗｏｒｋｓ,大阪府高槻市富田町１丁目１１番９号ツインビル３０２号室,2023-06-09,株式会社
株式会社ＨＡＹＡＫ,埼玉県蕨市南町１丁目２５番２号,2023-06-09,株式会社
株式会社ＨＮＣ,福岡県福岡市南区大橋４丁目２９番３０－１００２号エイリックスタイル大橋テラスヒルズ,2023-06-09,株式会社
株式会社ＨＯＨ,東京都世田谷区千歳台２丁目２２－１２,2023-06-09,株式会社
株式会社ＨＯＫＫＡＩＤＯ　ＴＲＡＤＩＮＧ,北海道名寄市風連町字日進４４３０番地,2023-06-09,株式会社
株式会社ＨＯＴ　ＭＡＮ,東京都港区新橋３丁目２２番２号つるやＴＫビル２Ｆ,2023-06-09,株式会社
株式会社ＨＲＣＯ,兵庫県神戸市東灘区住吉南町２丁目９番１８号,2023-06-09,株式会社
株式会社ＩＳＨＩＧＵＲＡ,茨城県常総市坂手町１２９５番地,2023-06-09,株式会社
株式会社Ｉｎ　Ｌｉｖｉｎｇ,神奈川県南足柄市和田河原１１４９番地８,2023-06-09,株式会社
株式会社Ｊ・Ｋ,埼玉県川口市上青木西５丁目２３番１９号３Ｆ,2023-06-09,株式会社
株式会社ＪＣ　Ｃｏｍｍｅｒｃｅ,兵庫県神戸市長田区四番町２丁目５－１１,2023-06-09,株式会社
株式会社Ｊｏｐｐｙ,北海道旭川市東光二十二条６丁目５番１６号,2023-06-09,株式会社
株式会社Ｊｕｓｔ　ｍｅａｔ,大阪府豊中市長興寺南３丁目５番６号,2023-06-09,株式会社
株式会社Ｋ‐Ｃｒｏｓｓ,東京都豊島区池袋２丁目３６番１号,2023-06-09,株式会社
株式会社Ｋ‐ＳＥＩ,岡山県岡山市北区中井町２丁目１番１３号（３０１号）,2023-06-09,株式会社
株式会社ＫＡＷＡＫＹＵ,大阪府東大阪市玉串元町２丁目９番２号,2023-06-09,株式会社
株式会社ＫＥＮ,大阪府八尾市末広町３丁目７番２０号,2023-06-09,株式会社
株式会社ＫＯＳ,奈良県奈良市南京終町６６７－２－Ｃ,2023-06-09,株式会社
株式会社ＫＵＮＩＭＩ,東京都町田市常盤町３１０５番地２７,2023-06-09,株式会社
株式会社ＫａＫａ　Ｃｒｅａｔｉｏｎ,東京都目黒区青葉台３丁目１８番３号ＴＨＥＷＯＲＫＳ４１４号,2023-06-09,株式会社
株式会社Ｋｏｔｏ,東京都千代田区神田和泉町１番地６－１６ヤマトビル４０５,2023-06-09,株式会社
株式会社ＬＩＮＫ,千葉県印西市発作４１３番地３,2023-06-09,株式会社
株式会社Ｌｅｐｕｓ,東京都港区赤坂２丁目８番１６号赤坂光和ビルＢ１Ｆ,2023-06-09,株式会社
株式会社Ｌｉｆｅ＆Ｂｉｚサポート,埼玉県本庄市東台２丁目３番１号,2023-06-09,株式会社
株式会社Ｌｉｌｍｅ,愛知県名古屋市中区大須３丁目２番１５号栄南ＫＴビル６階,2023-06-09,株式会社
株式会社Ｌｉｓｓａｇｅ,東京都三鷹市大沢３丁目８番９号１号棟,2023-06-09,株式会社
株式会社ＭＩＲＡｉ,福岡県田川郡福智町神崎１０９８番地１１８,2023-06-09,株式会社
株式会社Ｎ＆Ｋ　Ａｄｖｉｓｏｒｙ,埼玉県三郷市中央２丁目４６番地１３,2023-06-09,株式会社
株式会社ＮＣＣ,大阪府大阪市西区立売堀５丁目６番１５号,2023-06-09,株式会社
株式会社ＮＥＸＴ　ＷＯＲＫＳ,富山県富山市大町３４番地３２,2023-06-09,株式会社
株式会社ＮＫＹ,福井県福井市高屋町第２２号１１番地１,2023-06-09,株式会社
株式会社ＮＬＤ,石川県金沢市片町２丁目２１番１２号,2023-06-09,株式会社
株式会社ＮＯＶＥＬ,北海道旭川市末広六条５丁目８番１０号,2023-06-09,株式会社
株式会社ＮＳＴＪＫ,埼玉県蕨市中央５丁目５番２号,2023-06-09,株式会社
株式会社Ｎｓ　Ｌｅａｄ,東京都港区芝５丁目３２番１２号,2023-06-09,株式会社
株式会社Ｎｕｍｂ,東京都港区新橋２丁目５番２号堀ビル４０２,2023-06-09,株式会社
株式会社ＯＮ　ＴＨＥ　ＳＣＥＮＥ,東京都港区南青山２丁目２番１５号ＷｉｎＡｏｙａｍａビルＵＣＦ６階,2023-06-09,株式会社
株式会社ＯＮＯＴＥＲＲＡＣＥ,北海道北見市留辺蘂町栄町８４番地１,2023-06-09,株式会社
株式会社ＯＷＮ　ＰＥＡＫ,東京都大田区北千束１丁目６６番３号,2023-06-09,株式会社
株式会社Ｏｎｅ,東京都新宿区四谷１丁目１８ｂｅｌｌｅ四谷５階,2023-06-09,株式会社
株式会社ＰＲＯＴＥＲＩＥＲ,福岡県福岡市東区筥松１丁目１５番５号,2023-06-09,株式会社
株式会社ＰＴＲ,栃木県さくら市喜連川８４－１,2023-06-09,株式会社
株式会社Ｐｉｎｎａｃｌｅ,福岡県福岡市中央区天神２丁目２番１２号Ｔ＆Ｊビルディング７Ｆ,2023-06-09,株式会社
株式会社Ｐｌａｙ　ａｔ　Ｗｉｌｌ,大阪府大阪市福島区海老江５丁目２－６セイシア大拓２６－７０１号室,2023-06-09,株式会社
株式会社ＲＡ　ＴＯＫＹＯ,東京都港区南青山３丁目１番３６号青山丸竹ビル６Ｆ,2023-06-09,株式会社
株式会社ＲＥＡＬＳｅｌｅｃｔ,愛知県尾張旭市印場元町５丁目４番地１４,2023-06-09,株式会社
株式会社Ｒｅ　ＰＥＡＲ,大阪府高槻市城北町２丁目３－１１レーベンハイム４０３,2023-06-09,株式会社
株式会社Ｒｅ・Ｌｕｃｉａリフォーム,東京都八王子市下柚木３丁目１０５７番地３７,2023-06-09,株式会社
株式会社Ｒｅｕｓｅ,神奈川県横浜市港北区鳥山町６５６番地新横浜フラワーマンション１０２号,2023-06-09,株式会社
株式会社Ｒｈｙｏｌｉｔｅ,愛知県豊田市高岡町池端８１－２５,2023-06-09,株式会社
株式会社Ｒｉｔａｗｅｌｌ,大阪府高槻市如是町４５番１号,2023-06-09,株式会社
株式会社Ｒｉｔｏｒｎｏ,東京都杉並区堀ノ内１丁目４番１４号ＬＥＧＡＬＡＮＤ方南町３０３,2023-06-09,株式会社
株式会社ＳＡＩ　ＧＨＡＮＩ,福岡県宮若市沼口１２１４－２,2023-06-09,株式会社
株式会社ＳＩＬＡＫ,東京都渋谷区道玄坂１丁目１０番８号渋谷道玄坂東急ビル２Ｆ－Ｃ,2023-06-09,株式会社
株式会社ＳＫＳ,茨城県水戸市千波町１７９９番地の４１,2023-06-09,株式会社
株式会社ＳＯＭＯ　ＧＲＯＵＰ,埼玉県蓮田市大字閏戸字曽根２３７２番地１,2023-06-09,株式会社
株式会社ＳＰＩＶＥＲ　Ｊａｐａｎ,神奈川県川崎市高津区新作６丁目２番６０号,2023-06-09,株式会社
株式会社Ｓｉｓｕ,東京都渋谷区千駄ヶ谷４丁目１３番７号,2023-06-09,株式会社
株式会社Ｓｐｒａｙ,東京都渋谷区神宮前３丁目６－１８ドミール神宮前１０１,2023-06-09,株式会社
株式会社Ｓｔｕｄｉｏ６２,東京都中野区中央３丁目１３－１４田中ビル２階,2023-06-09,株式会社
株式会社ＳｔｕｄｉｏＷｉｚ,埼玉県比企郡嵐山町大字平澤２４５６番地,2023-06-09,株式会社
株式会社ＳｕｎＴｏＬ,愛知県名古屋市昭和区小坂町２丁目８番地１Ｂｒａｎｃｈｅ吹上　ＬＡ　ＳＯＥＵＲ　４０２,2023-06-09,株式会社
株式会社ＴＣ　ＤＡＯ,福岡県福岡市南区塩原３丁目２２番２２－２０３号,2023-06-09,株式会社
株式会社ＴＥＡＭ‐ＵＮＴＲＡＣＥ,大阪府大阪市中央区南船場３丁目６番２４号,2023-06-09,株式会社
株式会社ＴＥＲＲＡＣＯＹＡ,長野県上高井郡小布施町大字北岡３３８番地,2023-06-09,株式会社
株式会社ＴＨＥＦＯＯＬ,鹿児島県鹿児島市宇宿６丁目６番１０号ヒルサイド樋口２０１,2023-06-09,株式会社
株式会社Ｔａｚｏｅ　Ａｃｃｏｕｎｔｉｎｇ　Ｏｆｆｉｃｅ,熊本県熊本市南区御幸笛田４丁目１９番１５－１号,2023-06-09,株式会社
株式会社Ｔｈｅ　Ｍｏｕｎｔａｉｎ,東京都港区南青山３丁目１番３６号青山丸竹ビル６Ｆ,2023-06-09,株式会社
株式会社Ｔｏｇｏ,徳島県徳島市南庄町５丁目６１番地の１３,2023-06-09,株式会社
株式会社Ｔｏｐ１ｓｔ,大阪府大阪市中央区日本橋１丁目１０番１２号,2023-06-09,株式会社
株式会社Ｔｒｉｂｉｒｔｈ,東京都台東区上野６丁目１番１１号,2023-06-09,株式会社
株式会社Ｕｎｉ‐ＩＴ,東京都江東区深川２丁目５番１号,2023-06-09,株式会社
株式会社Ｕｎｉｏｎ　Ｌｅａｇｕｅ,神奈川県鎌倉市扇ガ谷１丁目１１番１号,2023-06-09,株式会社
株式会社Ｕｓｔｏｒｋ,大阪府吹田市千里山東４丁目１４－２２－５０１,2023-06-09,株式会社
株式会社ＶＩＬＬＡＧＥＵＰ,広島県呉市平原町８番２４号,2023-06-09,株式会社
株式会社ＷＡＺＡ,京都府京都市中京区六角通麩屋町西入大黒町９０番地ドルチェヴィータ京都六角５０３,2023-06-09,株式会社
株式会社ＷＥＬＬＳ,愛知県名古屋市中村区名駅３丁目２８番１２号大名古屋ビルヂング１１階,2023-06-09,株式会社
株式会社ＷＹＳ　Ｒｅｌａｔｉｏｎ,東京都渋谷区千駄ヶ谷３丁目８番５号,2023-06-09,株式会社
株式会社Ｗｉｓｅｂｉｒｄｓ　Ｊａｐａｎ,東京都目黒区下目黒１丁目８－１アルコタワー７階３９号,2023-06-09,株式会社
株式会社ＸＥＮＤＯＵ,東京都品川区西五反田８丁目８番１５号カーニープレイス五反田４Ｆ,2023-06-09,株式会社
株式会社ＸＩ,京都府宇治市天神台１丁目１番地の１８,2023-06-09,株式会社
株式会社ＸＹＺ　ＴＯＫＹＯ,東京都新宿区大京町３番地２０,2023-06-09,株式会社
株式会社Ｙ２Ｆｏｒｃｅ,東京都品川区西五反田３丁目１５番６号,2023-06-09,株式会社
株式会社ＹＯＨ,神奈川県茅ヶ崎市南湖３丁目１７番２０号,2023-06-09,株式会社
株式会社ＹＯＵＲ　ＦＡＲＭ,東京都中央区日本橋浜町２丁目４３番２号,2023-06-09,株式会社
株式会社ＹＲＫ,神奈川県座間市立野台３丁目２番１７号,2023-06-09,株式会社
株式会社ＹＹＤＳ,大阪府大阪市西区川口３丁目３番３号,2023-06-09,株式会社
株式会社Ｙｕｃａｓｈｉ,東京都世田谷区等々力１丁目３０番１６号ライオンズマンション等々力１０６,2023-06-09,株式会社
株式会社ＺＥＢＲＡ,京都府京都市左京区田中南西浦町９２番地７,2023-06-09,株式会社
株式会社ＺＥＣＨ,福岡県福岡市中央区今泉２丁目５番１９－８０２号,2023-06-09,株式会社
株式会社ＺＥＮ,兵庫県西宮市上大市５丁目２４番１４号,2023-06-09,株式会社
株式会社ＺＥＲＯ,兵庫県西宮市上田中町１８番３５－７２１号,2023-06-09,株式会社
株式会社Ｚｉｐａｎｇｒｉ,大阪府守口市京阪本通１丁目３番２号,2023-06-09,株式会社
株式会社ａｉ　ｇｒｏｕｐ,大阪府豊中市向丘１丁目２番２号,2023-06-09,株式会社
株式会社ａｌｌ　ｈｉｇｈｌｉｇｈｔ,大阪府大阪市浪速区恵美須西１丁目１－８－２０２,2023-06-09,株式会社
株式会社ａｎｄ　Ｄｅｓｉｇｎ,愛知県名古屋市西区城西５丁目１３番１号,2023-06-09,株式会社
株式会社ｃｏｍｒａｄｅ,神奈川県横浜市都筑区南山田町４８３８番地,2023-06-09,株式会社
株式会社ｃｏｐｐｙ,東京都渋谷区幡ヶ谷１丁目８番４号リッツパラシオ３０４,2023-06-09,株式会社
株式会社ｇｒａｐｈ,大阪府茨木市沢良宜東町１８番１７号,2023-06-09,株式会社
株式会社ｈａｌｐａ,千葉県市川市新田４丁目１０－１６,2023-06-09,株式会社
株式会社ｉ　ｆｏｒｍ,福井県鯖江市三六町２丁目３番８号,2023-06-09,株式会社
株式会社ｉｓｓｅｉ,福岡県田川郡赤村大字内田２２１２番地２,2023-06-09,株式会社
株式会社ｊｅｋｉ　Ｐｒｏｍｏｔｉｏｎ　ＣＯＲＥ,東京都渋谷区恵比寿南１丁目５番５号,2023-06-09,株式会社
株式会社ｋ‐ｈｏｕｓｅ建設,大阪府大東市氷野４丁目７番５２号,2023-06-09,株式会社
株式会社ｋｏｋｋｅｉ,千葉県柏市若柴１７８番地４柏の葉キャンパス１４８街区２ショップ＆オフィス棟６階,2023-06-09,株式会社
株式会社ｏｎｅ　ｓｈｏｔ,東京都港区三田１丁目６番３－２４０３号,2023-06-09,株式会社
株式会社ｒｅ再菜,神奈川県横浜市鶴見区駒岡１丁目２８番２３号１０２,2023-06-09,株式会社
株式会社ｒｉｎｇｓフーズ,埼玉県朝霞市三原５丁目５番５３号,2023-06-09,株式会社
株式会社ｔｇａｔｅ,東京都渋谷区渋谷２丁目８番２号荻津ビル２階,2023-06-09,株式会社
株式会社ｔｏｈｋａ,東京都港区南青山５丁目１２番５号,2023-06-09,株式会社
株式会社ｕｐｃｅｅｄ,東京都渋谷区渋谷１丁目１４番８号宮益ＳＫビル９階,2023-06-09,株式会社
株式会社ｖｅａｒ,東京都渋谷区道玄坂１丁目１０番８号渋谷道玄坂東急ビル,2023-06-09,株式会社
株式会社ｖｉｍａｌ,東京都渋谷区神宮前６丁目２３番４号桑野ビル２階,2023-06-09,株式会社
株式会社ｙａｈＤｏｒｙ,東京都大田区池上７丁目２－７,2023-06-09,株式会社
株式会社ｙｕｍｍｙ,茨城県取手市桜が丘４丁目２４－６,2023-06-09,株式会社
梅丸株式会社,東京都足立区大谷田１丁目１３番６号,2023-06-09,株式会社
楽学株式会社,大阪府大阪市淀川区西宮原３丁目２番１号新大阪ビジネス第２ニッケンマンション５２６号,2023-06-09,株式会社
正和合同会社,東京都新宿区榎町３４－３榎町ビル７階－２２室,2023-06-09,合同会社
江北町シルバー人材センター,佐賀県杵島郡江北町大字山口２６３７－７,2023-06-09,その他
海政株式会社,千葉県千葉市花見川区さつきが丘２丁目３４番２棟４０１号,2023-06-09,株式会社
深港株式会社,東京都荒川区町屋６丁目２４－７Ａ号室,2023-06-09,株式会社
瑞喜合同会社,埼玉県飯能市南町６番１１号,2023-06-09,合同会社
田尻田白大組,岐阜県可児市広見１５４０番地１,2023-06-09,その他
畠山商事株式会社,岩手県紫波郡紫波町片寄字四ツ屋１２４番地,2023-06-09,株式会社
社会保険労務士法人外国人雇用総合研究所,東京都港区赤坂２丁目１９番８号赤坂二丁目アネックス２階,2023-06-09,その他の設立登記法人
禅株式会社,大阪府高槻市明野町２０番１６号,2023-06-09,株式会社
紫電コンサルティング合同会社,埼玉県川口市芝西１丁目１７番２５号,2023-06-09,合同会社
縁建託株式会社,福岡県春日市白水ヶ丘３丁目１２９番地３Ｆ,2023-06-09,株式会社
自然北陸北関東合同会社,東京都港区西新橋１丁目２番９号メンターキャピタル税理士法人内,2023-06-09,合同会社
谷口工業株式会社,兵庫県姫路市田寺７丁目９番１１号エクレール田寺Ａ棟１０３,2023-06-09,株式会社
近畿ネクスト株式会社,大阪府大阪市浪速区難波中１丁目９－１０マッセ難波ビル８０６号,2023-06-09,株式会社
遠洋株式会社,大阪府大阪市淀川区十三元今里２丁目１２番２５－２０３号,2023-06-09,株式会社
錩潤科技株式会社,東京都渋谷区富ヶ谷１丁目１４番１４号４階,2023-06-09,株式会社
鑫順合同会社,福岡県久留米市善導寺町与田１５３－１吉田アパート２０１室,2023-06-09,合同会社
長谷川デザイン合同会社,東京都足立区扇１丁目２２番２６号イテリア扇Ｃ号室,2023-06-09,合同会社
雅之家株式会社,埼玉県越谷市大字袋山１４６７番地１８,2023-06-09,株式会社
青木工業株式会社,京都府京都市伏見区竹田西段川原町６５,2023-06-09,株式会社
青澄合同会社,東京都品川区南品川２丁目９番２５－３０４号,2023-06-09,合同会社
音柑株式会社,東京都渋谷区道玄坂１丁目１０番８号渋谷道玄坂東急ビル２Ｆ－Ｃ,2023-06-09,株式会社
鳩屋株式会社,愛知県名古屋市千種区田代町字岩谷４０番地の８,2023-06-09,株式会社
鴻博商事株式会社,福岡県福岡市南区井尻４丁目４５番２０－２０２号,2023-06-09,株式会社
神山珈琲株式会社,兵庫県芦屋市茶屋之町１１－８,2023-06-09,株式会社
３＆Ｆ　ＡＳＥＥＴＰＲＯＴＥＣＴＯＮ株式会社,東京都中央区日本橋小伝馬町２１－１－６Ｆ,2023-06-09,株式会社
Ａ‐ｐｌｕｓ建設株式会社,静岡県浜松市東区小池町２６７８番地の３,2023-06-09,株式会社
ＡＮＴＯＮ合同会社,東京都世田谷区太子堂５丁目１４番１４号,2023-06-09,合同会社
ＡＲＣＳＴＡＮＣＥ株式会社,東京都世田谷区代沢１丁目１１番９号－３,2023-06-09,株式会社
ＡＲＴＹ株式会社,埼玉県白岡市新白岡２丁目２３番地５,2023-06-09,株式会社
ＡＳＡＭＩ株式会社,東京都豊島区巣鴨３丁目１番１４－３０２号,2023-06-09,株式会社
ＡＳＩＲＡ　ＴＲＡＤＩＮＧ合同会社,千葉県野田市柏寺２３７－２,2023-06-09,合同会社
Ａａｙａｎ　ａｎｄ　Ａａｒｕｓｈｉ株式会社,東京都荒川区荒川３丁目２３番６号,2023-06-09,株式会社
Ａｇｅｎｔ　Ｗｏｒｋ合同会社,宮崎県都城市都北町５８６５番地４,2023-06-09,合同会社
Ａｌｔａｙ　Ｇｌｏｂａｌ合同会社,愛知県安城市古井町大久後３１‐３,2023-06-09,合同会社
ＡｓＮｅｖ合同会社,東京都渋谷区神泉町１０番１５号,2023-06-09,合同会社
ＢＦＭ株式会社,大阪府大阪市西区北堀江２丁目７番１７－１０２号,2023-06-09,株式会社
ＢＲＵＴＵＳ合同会社,東京都港区港南２丁目１７番１号京王品川ビル２階,2023-06-09,合同会社
Ｂｅｉｊｉｎｇ　Ｂｅｉｘｉ　Ｔｅｃｈｎｏｌｏｇｙ　Ｃｏ．Ｌｔｄ,,2023-06-09,外国会社等
ＢｅｚｉｅｒＳ　Ｄｅｓｉｇｎ株式会社,兵庫県神戸市西区二ツ屋１丁目２９番１２号,2023-06-09,株式会社
ＢｉｇＭａｃ　Ｃｏｍｐａｎｙ株式会社,大阪府大阪市中央区南船場１丁目１２番２６号ニュー船場ビル２０５,2023-06-09,株式会社
ＢｌｕｅＳｋｙ　Ｅｎｅｒｇｙ株式会社,東京都板橋区南常盤台１丁目１１－６レフア南常盤台１０２号室,2023-06-09,株式会社
Ｂｒｉｃｏｌｌａｂｏ合同会社,兵庫県尼崎市猪名寺１丁目１３番７号,2023-06-09,合同会社
Ｃ＆Ｈ株式会社,大阪府大阪市西淀川区柏里３丁目１２－５塚本野村ビル２０６,2023-06-09,株式会社
ＣＡＭＷＡＹ　ＴＲＡＤＩＮＧ　ＬＩＭＩＴＥＤ,,2023-06-09,外国会社等
ＣＳＣ合同会社,東京都新宿区榎町３４－３榎町ビル７階－１５室,2023-06-09,合同会社
Ｃａｓｓｉｓ　Ｃａｆｅ合同会社,青森県青森市松森２丁目５番１３号,2023-06-09,合同会社
Ｃｈａｎｇｚｈｏｕ　Ｔｏｐｔｒｅｅ　Ａｕｔｏ　Ｌａｍｐ　Ｃｏ．，Ｌｔｄ,,2023-06-09,外国会社等
Ｃｈｅｎｇｄｕ　Ｙｉｎｇｈｕｉ　Ｒｅａｌ　Ｅｓｔａｔｅ　Ｂｒｏｋｅｒａｇｅ　Ｃｏ．，Ｌｔｄ．,,2023-06-09,外国会社等
ＤＮインベストメント合同会社,東京都港区六本木６丁目１２番２－５１０号,2023-06-09,合同会社
ＤＰ　Ｒｅａｌ　Ｅｓｔａｔｅ　Ｊａｐａｎ合同会社,東京都渋谷区渋谷２丁目２４番１２号,2023-06-09,合同会社
Ｄａｌｉａｎ　Ｂａｂａｊｉｕｂａ　Ｃｏ．，Ｌｔｄ,,2023-06-09,外国会社等
ＤｉｎｇＬｉｎＷａｎｇＬｕｏＫｅＪｉ（Ｇｕａｎｇ　Ｚｈｏｕ）ＹｏｕＸｉａｎＧｏｎｇＳｉ,,2023-06-09,外国会社等
Ｄｏｎｇｇｕａｎ　Ｈｏｎｇｄａ　Ｐｒｏｄｕｃｔ　Ｄｅｓｉｇｎ　Ｃｏ．，Ｌｔｄ,,2023-06-09,外国会社等
Ｄｏｎｇｇｕａｎ　Ｋｕ　ｋａ　ｋａ　Ｅｌｅｃｔｒｏｎｉｃ　Ｃｏｍｍｅｒｃｅ　ｃｏ．，ＬＴＤ,,2023-06-09,外国会社等
Ｄｏｎｇｇｕａｎ　ｅａｇｌｅ　ｓｍａｒｔ　ｈｏｍｅ　ｔｅｃｈｎｏｌｏｇｙ　ｃｏ．，ｌｔｄ．,,2023-06-09,外国会社等
Ｄｏｎｇｔａｉ　Ｙｉ　Ｌｉ　Ｙａ　Ｃｌｏｔｈｉｎｇ　Ｃｏ．，Ｌｔｄ．,,2023-06-09,外国会社等
Ｅ－ＬＩＮＫ　ＰＬＡＳＴＩＣ　＆　ＭＥＴＡＬ　ＩＮＤＵＳＴＲＩＡＬ　ＣＯ．，ＬＴＤ．,,2023-06-09,外国会社等
Ｆａｈａｄ　Ｔｒａｄｉｎｇ合同会社,福岡県福岡市博多区博多駅東１丁目１－３３はかた近代ビル７Ｆ,2023-06-09,合同会社
Ｆｏｕｒｗｉｎ株式会社,東京都中央区日本橋兜町１７－２,2023-06-09,株式会社
Ｆｕ　Ｚｈｏｕ　Ｄｉ　Ｑｉｕ　Ｔｅｃｈｎｏｌｏｇｙ　Ｃｏ．，Ｌｔｄ．,,2023-06-09,外国会社等
Ｆｕ　ｚｈｏｕ　ｄｅ　ｓｅｎ　ｑｉａｎｇ　ｘｉｎ　ｘｉ　ｋｅ　ｊｉ　ｙｏｕ　ｘｉａｎ　ｇｏｎｇ　ｓｉ,,2023-06-09,外国会社等
Ｆｕｚｈｏｕ　ｓｈｅｎｇｓｉｄｕｎ　Ｓｐｏｒｔｓ　Ｇｏｏｄｓ　Ｃｏ．，Ｌｔｄ．,,2023-06-09,外国会社等
Ｆｙｅ株式会社,東京都新宿区新小川町５番４号ＮＩＣビル３階,2023-06-09,株式会社
ＧＡＮＺＨＯＵＳＨＩＳＨＥＹＩＪＩＡＪＵＹＯＵＸＩＡＮＧＯＮＧＳＩ,,2023-06-09,外国会社等
ＧＣｃｏｎｓｕｌｔｉｎｇ合同会社,東京都中野区中央１丁目２１－２－２０４,2023-06-09,合同会社
ＧＲＯＷＴＨ合同会社,長野県松本市征矢野２丁目１２番４３号,2023-06-09,合同会社
ＧＵＡＮＧＺＨＯＵ　ＹＩ　ＸＵＡＮ　ＺＥ　ＳＨＡＮＧ　ＭＡＯ　ＹＯＵ　ＸＩＡＮ　ＧＯＮＧ　ＳＩ,,2023-06-09,外国会社等
Ｇｌｏｂａｌ　Ｐａｃｈｉｎｋｏ株式会社,東京都千代田区神田和泉町１番地６－１６ヤマトビル４０５,2023-06-09,株式会社
Ｇｏｏｄ　Ｍｉｒｅ株式会社,東京都世田谷区太子堂３丁目３８番１号,2023-06-09,株式会社
Ｇｕａｎｇｚｈｏｕ　Ｄｉｎｇｌｉｎ　Ｔｒａｄｅ　Ｃｏ．，Ｌｔｄ．,,2023-06-09,外国会社等
Ｇｕａｎｇｚｈｏｕ　Ｎａ　Ｌｅ　Ｅ－ｃｏｍｍｅｒｃｅ　Ｃｏ．，Ｌｔｄ,,2023-06-09,外国会社等
Ｇｕａｎｇｚｈｏｕ　Ｎｕｏｓｈｕｉ　Ｉｎｔｅｒｎａｔｉｏｎａｌ　Ｔｒａｄｉｎｇ　Ｃｏ．，Ｌｔｄ．,,2023-06-09,外国会社等
Ｇｕａｎｇｚｈｏｕ　Ｑｉａｏｐｉｎ　Ｅ－ｃｏｍｍｅｒｃｅ　Ｌｔｄ．,,2023-06-09,外国会社等
Ｇｕｏｇｏｎｇ　Ｓｈｏｐｐｉｎｇ　Ｉｎｄｕｓｔｒｉａｌ　Ｃｏ．，Ｌｔｄ．,,2023-06-09,外国会社等
ＨＡＪＩＭＡＲＩＮＯＢＡＳＨＯ株式会社,東京都大田区田園調布南１５番３号,2023-06-09,株式会社
ＨＫ　ＴＷＥＬＶＥ　ＩＮＴＥＲＮＡＴＩＯＮＡＬ　ＣＯ．，ＬＩＭＩＴＥＤ,,2023-06-09,外国会社等
ＨＯＮＧＫＯＮＧ　ＭＩ　ＴＵ　ＥＬＥＣＴＲＯＮＩＣＳ　ＴＥＣＨＮＯＬＯＧＹ　ＣＯ．，ＬＩＭＩＴＥＤ,,2023-06-09,外国会社等
ＨＹホールディングス株式会社,島根県松江市東津田町４５３番地２,2023-06-09,株式会社
Ｈａｉｋａｗａｎｇｌｕｏｋｅｊｉ（ｓｈａｎｇｈａｉ）ｙｏｕｘｉａｎｇｏｎｇｓｉ,,2023-06-09,外国会社等
Ｈａｉｎｉｎｇ　Ｘｉｇｕａｎｘｉａｎｇ　ｌｅａｔｈｅｒｗｅａｒ　ＣＯ．，ＬＴＤ,,2023-06-09,外国会社等
Ｈａｎｇｚｈｏｕ　Ｌａｎｄ　Ａｐｐａｒｅｌ　Ｃｏ．，Ｌｔｄ,,2023-06-09,外国会社等
Ｈａｎｇｚｈｏｕ　Ｍａｉｇｅ　Ｔｏｙｓ　Ｃｏ．，Ｌｔｄ．,,2023-06-09,外国会社等
Ｈａｎｇｚｈｏｕｌｉａｎｄｉａｏｓｈｕｋｏｎｇｋｅｊｉｙｏｕｘｉａｎｇｏｎｇｓｉ,,2023-06-09,外国会社等
Ｈｅｎａｎ　ＴｏｎｇＴｏｎｇ　Ｓｈａｎｇｍａｏ　Ｙｏｕｘｉａｎ　Ｇｏｎｇｓｉ,,2023-06-09,外国会社等
Ｈｏｎｇ　Ｋｏｎｇ　Ｊｉｎｌｉａｎｇａｎ　Ｔｅｃｈｎｏｌｏｇｙ　Ｃｏ．，Ｌｉｍｉｔｅｄ,,2023-06-09,外国会社等
Ｈｕｍａｎ　Ｃａｐｉｔａｌ　Ｄｅｓｉｇｎ株式会社,大阪府堺市西区浜寺昭和町２丁１９３番地２,2023-06-09,株式会社
Ｉフェイマス株式会社,東京都葛飾区亀有２丁目２３－２第２かのう荘１階,2023-06-09,株式会社
ＩＱＩ　Ｊａｐａｎ株式会社,東京都港区東麻布３丁目４番１７号,2023-06-09,株式会社
ＩＴＡＲＧＥＴ　ＳＯＵＲＣＩＮＧ　ＣＯ．，ＬＩＭＩＴＥＤ,,2023-06-09,外国会社等
Ｉｎｃｅｎｓｅ　Ｈｏｕｓｅ　Ｅｎｔｅｒｐｒｉｓｅ　Ｃｏ．Ｌｔｄ．,,2023-06-09,外国会社等
ＪａｐａｎＧｌｏｂａｌＣｏｎｎｅｃｔ合同会社,東京都中央区銀座１丁目１２番４号Ｎ＆ＥＢＬＤ．６Ｆ,2023-06-09,合同会社
Ｋ＆Ｍ合同会社,東京都豊島区南池袋２丁目８－１８,2023-06-09,合同会社
ＫＡＭ株式会社,静岡県浜松市中区曳馬３丁目３６番３号,2023-06-09,株式会社
ＫＡＲＡＫＯ株式会社,東京都港区三田３丁目７番１３号,2023-06-09,株式会社
ＫＧＣ株式会社,東京都渋谷区千駄ヶ谷４丁目１９－１４サンネット千駄ヶ谷ビル３階東,2023-06-09,株式会社
ＫＰカンパニー合同会社,神奈川県横浜市神奈川区子安通３丁目３７８番地,2023-06-09,合同会社
Ｋａｚｅ合同会社,東京都港区元麻布３丁目１番６号,2023-06-09,合同会社
Ｋｅｒｉｃｈｅｍ　Ｍａｔｅｒｉａｌｓ　Ｓｃｉｅｎｃｅ　Ｃｏ．，　Ｌｔｄ,,2023-06-09,外国会社等
ＫｅｖＧｏ　Ｂｒａｎｄｓ　ＬＬＣ,,2023-06-09,外国会社等
Ｌ＆Ｂａｒｔｎｅｃｋ株式会社,大阪府大阪市北区梅田２丁目２－２ヒルトンプラザウエストオフィスタワー１９階,2023-06-09,株式会社
ＬＥＤＹ株式会社,東京都中央区日本橋本町４丁目６－１１鈴東ビル１Ｆ,2023-06-09,株式会社
ＬＩＥＴＯ合同会社,福岡県久留米市太郎原町１４６４－５,2023-06-09,合同会社
ＬＴ　Ａｓｓｅｔ　Ｍａｎａｇｅｍｅｎｔ合同会社,茨城県つくば市二の宮１丁目８－１８－２０４,2023-06-09,合同会社
Ｌｉｅｎ株式会社,埼玉県所沢市三ケ島１丁目８７番地の１コンフォート８７、２０２,2023-06-09,株式会社
ＬｉｎＧｏ企画合同会社,千葉県流山市おおたかの森東４丁目１８番２８,2023-06-09,合同会社
Ｌｕｎａ株式会社,福岡県福津市福間駅東２丁目２番２０号,2023-06-09,株式会社
ＭＡＩＸＩＦＡＺＨＡＮ　ＬＩＭＩＴＥＤ,,2023-06-09,外国会社等
ＭＩＺＵＫＩ合同会社,大阪府門真市岸和田３丁目２１－１１,2023-06-09,合同会社
ＭＵＳＥＧＯＬＦ株式会社,東京都千代田区有楽町２丁目７番１号,2023-06-09,株式会社
ＭＹＴＭ９１合同会社,愛知県一宮市木曽川町門間字東島海１番地,2023-06-09,合同会社
Ｍｅｌ　Ｃｏｆｆｅｅ　Ｒｏａｓｔｅｒｓ株式会社,大阪府大阪市西区新町１丁目２０－４,2023-06-09,株式会社
Ｎ　ＴＥＣＨ株式会社,山口県岩国市麻里布町５丁目８番２０号レジデンス麻里布１０２号室,2023-06-09,株式会社
ＮＥＸＴ　ＧＥＮ合同会社,東京都板橋区若木３丁目１番６号若木ハウス３０１,2023-06-09,合同会社
ＮＰＯ法人アイルビーワム,千葉県千葉市稲毛区稲毛３丁目１４番１６－１号,2023-06-09,その他の設立登記法人
ＮＰＯ法人ハビリテーションケア,神奈川県逗子市久木８丁目７番１５号,2023-06-09,その他の設立登記法人
ＮＰＯ法人ブカツナガサキ,長崎県長崎市かき道４丁目３５番７号,2023-06-09,その他の設立登記法人
ＮＰＯ法人石井わくわく物語,愛媛県松山市星岡４丁目１３番４５号,2023-06-09,その他の設立登記法人
ＮＰＯ法人ＨａｇｕｍＯ,兵庫県神戸市兵庫区中道通２丁目２－１－１Ｆ,2023-06-09,その他の設立登記法人
ＮＰＯ法人ｙｏｓｕｇａ,埼玉県越谷市東越谷９丁目４番地６,2023-06-09,その他の設立登記法人
ＮＳＫ株式会社,兵庫県神戸市長田区六番町２丁目４番地の９,2023-06-09,株式会社
Ｎａｎ　Ｔｏｎｇ　ＷａｎＬｉ　Ｔｅｘｔｉｌｅ　Ｃｏ．ｌｔｄ,,2023-06-09,外国会社等
Ｎｅａｒｌｙ　ｅｑｕａｌ株式会社,岩手県盛岡市盛岡駅前北通８番１９号,2023-06-09,株式会社
Ｎｅｗ　Ｓｏｌｕｔｉｏｎ合同会社,沖縄県国頭郡恩納村字名嘉真２２８８番地８０ハレアネラ３０５号,2023-06-09,合同会社
Ｎｅｘｓｔａｒ合同会社,愛知県知多郡武豊町字長宗１丁目８２番地,2023-06-09,合同会社
Ｎｉｎｇ　ｂｏ　ｆａｎ　ｈａｉ　ｇｕｏ　ｊｉ　ｍａｏ　ｙｉ　ｙｏｕ　ｘｉａｎ　ｇｏｎｇ　ｓｉ,,2023-06-09,外国会社等
ＰＳＬ株式会社,兵庫県西宮市段上町８丁目９番２３号,2023-06-09,株式会社
Ｐｌａｎｎｉｎｇ　Ｍ合同会社,福岡県八女市馬場１６１番地２,2023-06-09,合同会社
ＲＩＴＡ合同会社,宮崎県宮崎市学園木花台南３丁目３２－２,2023-06-09,合同会社
ＲＯＯＭＡＤＥ株式会社,東京都渋谷区代々木２丁目２０番１９号３階（ＣＶＣ会計内）,2023-06-09,株式会社
Ｒａｙｓｄａｔａ　Ｇｒｏｕｐ株式会社,東京都豊島区東池袋３丁目２１番２１－２７０５号,2023-06-09,株式会社
Ｓ＆Ｈコンサルティングパートナーズ社会保険労務士法人,千葉県野田市光葉町２丁目１６番地の１８,2023-06-09,その他の設立登記法人
ＳＡＮＤＥＮ　ＧＲＯＵＰ株式会社,埼玉県富士見市関沢２丁目２６番６号,2023-06-09,株式会社
ＳＧ　Ｇｌｏｂａｌ株式会社,東京都渋谷区桜丘町２６番１号セルリアンタワー１５階,2023-06-09,株式会社
ＳＨＥＮ　ＺＨＥＮ　ＳＨＩ　ＡＩ　ＫＥＮ　ＫＥ　ＪＩ　ＹＯＵ　ＸＩＡＮ　ＧＯＮＧ　ＳＩ,,2023-06-09,外国会社等
ＳＨＥＮＺＨＥＮ　ＣＨＵＹＩ　ＫＥＪＩ　ＹＯＵＸＩＡＮ　ＧＯＮＧＳＩ,,2023-06-09,外国会社等
ＳＨＥＮＺＨＥＮ　ＳＨＥＮＧＹＵＡＮ　ＢＯＹＡ　ＴＲＡＤＩＮＧ　ＣＯ．，ＬＴＤ,,2023-06-09,外国会社等
ＳＨＥＮＺＨＥＮＳＨＩＹＩＹＯＵＹＩＫＥＪＩＹＯＵＸＩＡＮＧＯＮＧＳＩ,,2023-06-09,外国会社等
ＳＨＥＮＺＨＥＮＹＯＵＣＵＮＳＨＵＭＡＫＥＪＩＹＯＵＸＩＡＮＧＯＮＧＳＩ,,2023-06-09,外国会社等
ＳＫスタッフ株式会社,佐賀県三養基郡基山町大字宮浦９６３番地１０,2023-06-09,株式会社
ＳＯ　ＤＥＳＩＧＮ株式会社,山形県山形市千代田８番地１,2023-06-09,株式会社
ＳＴ‐ＢＡＳＥ株式会社,大阪府枚方市北山１丁目１２番１３号,2023-06-09,株式会社
Ｓｅｒａ　Ｍｉｃ株式会社,京都府福知山市字堀１５３０番地の４,2023-06-09,株式会社
ＳｈｅｎＺｈｅｎ　Ｌｉｅｒｔａｉ　Ｔｅｃｈｎｏｌｏｇｙ　Ｃｏ．Ｌｔｄ．,,2023-06-09,外国会社等
ＳｈｅｎＺｈｅｎ　ＴｏｐＳｈａｒｐ　Ｐｒｅｃｉｓｉｏｎ　Ｅｌｅｃｔｒｏｎｉｃｓ　Ｃｏ．Ｌｔｄ,,2023-06-09,外国会社等
Ｓｈｅｎｚｈｅｎ　Ｃｌｅｅｆｕｎ　Ｅｌｅｃｔｒｏｎｉｃ　Ｔｅｃｈｎｏｌｏｇｙ　Ｃｏ．，Ｌｔｄ,,2023-06-09,外国会社等
Ｓｈｅｎｚｈｅｎ　Ｄｅ　Ｂａｉ　Ｓｉ　Ｔｅ　ｔｒａｄｅ　Ｃｏｍｐａｎｙ　Ｌｉｍｉｔｅｄ,,2023-06-09,外国会社等
Ｓｈｅｎｚｈｅｎ　Ｆｕｍｉｎｇ　Ｏｐｔｏｅｌｅｃｔｒｏｎｉｃｓ　ｔｅｃｈｎｏｌｏｇｙ　Ｃｏ．，Ｌｔｄ,,2023-06-09,外国会社等
Ｓｈｅｎｚｈｅｎ　Ｆｕｓｉｄｕｏｔｅ　Ｔｅｃｈｎｏｌｏｇｙ　Ｃｏ．，Ｌｔｄ．,,2023-06-09,外国会社等
Ｓｈｅｎｚｈｅｎ　Ｋｏｎｇｈｕｉ　Ｔｒａｄｉｎｇ　Ｃｏ．，Ｌｔｄ,,2023-06-09,外国会社等
Ｓｈｅｎｚｈｅｎ　Ｌａｉｋａ　Ｉｎｎｏｖａｔｉｏｎ　Ｃｏ．，Ｌｔｄ,,2023-06-09,外国会社等
Ｓｈｅｎｚｈｅｎ　Ｓｈｅｎｇｌｏｎｇｃｈｅｎ　Ｔｒａｄｉｎｇ　Ｃｏ．，Ｌｔｄ,,2023-06-09,外国会社等
Ｓｈｅｎｚｈｅｎ　Ｔｕｇｅ　Ｎｅｔｗｏｒｋ　Ｔｅｃｈｎｏｌｏｇｙ　Ｃｏ．，Ｌｔｄ．,,2023-06-09,外国会社等
Ｓｈｅｎｚｈｅｎ　Ｗｕｗｅｉ　Ｅ－Ｃｏｍｍｅｒｃｅ　Ｃｏ．，Ｌｔｄ,,2023-06-09,外国会社等
Ｓｈｅｎｚｈｅｎ　Ｚｈａｏｙａｎｇｔｉａｎｘｉａ　Ｔｅｃｈｎｏｌｏｇｙ　Ｃｏ．，Ｌｔｄ．,,2023-06-09,外国会社等
Ｓｈｅｎｚｈｅｎ　Ｚｈｅｎｘｉｎ　Ｅ－ｃｏｍｍｅｒｃｅ　Ｃｏ．，ＬＴＤ,,2023-06-09,外国会社等
Ｓｈｅｎｚｈｅｎ　Ｚｈｉｃｈｅｎ　Ｌｉｇｈｔｉｎｇ　Ｃｏ．，Ｌｔｄ．,,2023-06-09,外国会社等
Ｓｈｅｎｚｈｅｎｈｕｌｕｑｕｋｕａｉｈａｎｋｅｊｉｙｏｕｘｉａｎｇｏｎｇｓｉ,,2023-06-09,外国会社等
Ｓｈｅｎｚｈｅｎｓｈｉ　Ｄｅｓｈｉｑｉｎ　ｋｅｊｉ　ｙｏｕｘｉａｎ　ｇｏｎｇｓｉ,,2023-06-09,外国会社等
Ｓｈｅｎｚｈｅｎｓｈｉ　ｂａｉｗａｎｇｕａｎｇｇａｏ　ｙｏｕｘｉａｎｇｏｎｇｓｉ,,2023-06-09,外国会社等
Ｓｈｅｎｚｈｅｎｓｈｉｊｉｎｍｏｄｉａｎｚｉｋｅｊｉｙｏｕｘｉａｎｇｏｎｇｓｉ,,2023-06-09,外国会社等
Ｓｈｉｊｉａｚｈｕａｎｇ　Ｘｕｆｕ　Ｔｒａｄｉｎｇ　Ｃｏ．，Ｌｔｄ．,,2023-06-09,外国会社等
Ｓｈｉｎｅ＆Ｃｏ．合同会社,東京都文京区小石川１丁目１番１８－１３０２号,2023-06-09,合同会社
ＳｏＺｏ株式会社,大阪府大阪市此花区春日出中１丁目２番１号,2023-06-09,株式会社
ＳｏｃｉａｌＩｎｖｅｓｔｅｒ株式会社,宮城県仙台市太白区鹿野３丁目１４－６,2023-06-09,株式会社
ＴＭサービス合同会社,群馬県太田市金山町２５－１４－５０１,2023-06-09,合同会社
ＴＭＡグリーンエナジー２０２３合同会社,東京都千代田区丸の内１丁目８番２号,2023-06-09,合同会社
Ｔｏｙｏパーソナルエージェンシー株式会社,神奈川県厚木市林３丁目１５番５４号,2023-06-09,株式会社
Ｔｒｅｎｄ　ａｃｔ株式会社,茨城県土浦市東崎町１－７,2023-06-09,株式会社
Ｔｒｉｖｅｒｓｅ株式会社,東京都足立区東伊興４丁目５番１１号,2023-06-09,株式会社
ＵｉＣアドバイザリー合同会社,大阪府大阪市鶴見区放出東３丁目２１番４０号ローレルコート放出２０５,2023-06-09,合同会社
ＶＡＣ　Ｒｅａｌ　Ｅｓｔａｔｅ　Ａｄｖｉｓｏｒｙ合同会社,東京都渋谷区渋谷３丁目１番９号ＹＡＺＡＷＡビル３階,2023-06-09,合同会社
ＶＩＫＲＡＭ　ＣＯＲＰＯＲＡＴＩＯＮ合同会社,栃木県栃木市岩舟町新里１３０４番地５３号室,2023-06-09,合同会社
ＷＵＸＩ　ＹＵＣＨＡＯ　ＭＥＴＡＬ　ＭＡＴＥＲＩＡＬ　ＣＯ．，ＬＴＤ,,2023-06-09,外国会社等
Ｗｏｒｌｄｂｕｉｌｄｅｒ　Ｖｅｎｔｕｒｅｓ合同会社,東京都豊島区駒込３丁目１－３エコプレイス駒込Ａ－２階２０１号室,2023-06-09,合同会社
ＸＰＰＥＮ　ＴＥＣＨＮＯＬＯＧＹ　ＣＯ．,,2023-06-09,外国会社等
Ｘｕａｎｃｈｅｎｇ　ｃｉｔｙ　Ｙｕｇｕｏ　Ｅｌｅｃｔｒｏｎｉｃ　Ｃｏｍｍｅｒｃｅ　Ｃｏ．，Ｌｔｄ,,2023-06-09,外国会社等
Ｙ　Ｃａｐｉｔａｌ合同会社,東京都港区南青山１丁目３番１－１１０８号,2023-06-09,合同会社
ＹＡＭＡＴＯ株式会社,宮崎県宮崎市大字小松９６８番地,2023-06-09,株式会社
ＹＡＴＡＧＡＲＡＳＵ合同会社,熊本県宇城市松橋町両仲間４４２番地１タジマハイツ１０１号,2023-06-09,合同会社
ＹＯＬＯ株式会社,茨城県守谷市久保ケ丘２丁目１６番地８久保ケ丘ビル１０２,2023-06-09,株式会社
ＹＹ　Ｍｅｄｉｃａｌ合同会社,愛知県名古屋市名東区猪子石１丁目２８０５番地,2023-06-09,合同会社
Ｙａｓｈａｎｇ　Ｓｈｅｎｚｈｅｎ　Ｋｅｊｉ　Ｙｏｕｘｉａｎ　Ｇｏｎｇｓｉ,,2023-06-09,外国会社等
ＺＳＪ合同会社,東京都江戸川区中葛西３丁目１１番１７号,2023-06-09,合同会社
Ｚｈｏｎｇｓｈａｎ　Ｆｕ　Ｒｕｉ　Ｋａｎｇ　Ｅｌｅｃｔｒｏｎｉｃ　Ｃｏ　Ｌｔｄ,,2023-06-09,外国会社等
Ｚｈｏｎｇｓｈａｎ　Ｙｏｎｇｚｈｅｎ　Ｎｅｔｗｏｒｋ　Ｔｅｃｈｎｏｌｏｇｙ　Ｃｏ．，Ｌｔｄ,,2023-06-09,外国会社等
ｂｅｉｊｉｎｇｌｉｎｇｚｈｉｈｅｎｇｄａｓｈａｎｇｍａｏｙｏｕｘｉａｎｇｏｎｇｓｉ,,2023-06-09,外国会社等
ｄｏｎｇｇｕａｎｓｈｉ　ｌｉａｎｙｉ　ｄｉａｎｇｏｎｇ　ｃａｉｌｉａｏ　ｙｏｕｘｉａｎ　ｇｏｎｇｓｉ,,2023-06-09,外国会社等
ｇｕａｎｇｚｈｏｕｃｈｕａｎｇｙｉｘｉｎｍｅｉｗａｎｇｌｕｏｋｅｊｉｙｏｕｘｉａｎｇｏｎｇｓｉ,,2023-06-09,外国会社等
ｇｕｉｍａｕｖｅ株式会社,神奈川県逗子市小坪６丁目７－２０,2023-06-09,株式会社
ｈａｎｇｚｈｏｕｚｈｉｓｈａｎｇｃｈｕａｎｇｍｅｉｗｅｎｊｕｙｏｕｘｉａｎｇｏｎｇｓｉ,,2023-06-09,外国会社等
ｊｉｕｊｉａｎｇｃｈｕｉｍｉｎｇｒｕｘｉｎｘｉｋｅｊｉｙｏｕｘｉａｎｇｏｎｇｓｉ,,2023-06-09,外国会社等
ｌｅ　ｍａｎｉ　Ｊａｐａｎ合同会社,千葉県市原市東五所２５番地２２アーバン東五所２２０,2023-06-09,合同会社
ｐａｐａｙａ　ｊａｐａｎ株式会社,東京都港区虎ノ門４丁目１番４０号,2023-06-09,株式会社
ｑｉｎｇｄａｏｓｈｉｗｅｉｓｈｉｐｉｎｙｏｕｘｉａｎｇｏｎｇｓｉ,,2023-06-09,外国会社等
ｑｕａｎｚｈｏｕｂｅｉｊｉｓｉｄｉａｎｚｉｓｈａｎｇｗｕｙｏｕｘｉａｎｇｏｎｇｓｉ,,2023-06-09,外国会社等
ｓｈｅｎｚｈｅｎｓｈｉ　ｂａｎｍｉａｏ　ｋｅｊｉ　ｙｏｕｘｉａｎ　ｇｏｎｇｓｉ,,2023-06-09,外国会社等
ｓｈｅｎｚｈｅｎｓｈｉ　ｃｈｅｎｇｈａｉｎｅｎｇｙｕａｎ　ｋｅｊｉ　ｙｏｕｘｉａｎｇｏｎｇｓｉ,,2023-06-09,外国会社等
ｓｈｅｎｚｈｅｎｓｈｉｃｈａｎｇｚｈｉｇｅｂａｉｈｕｏｙｏｕｘｉａｎｇｏｎｇｓｉ,,2023-06-09,外国会社等
ｓｈｅｎｚｈｅｎｓｈｉｑｉｃｈａｎｇｗａｎｇｌｕｏｋｅｊｉｙｏｕｘｉａｎｇｏｎｇｓｉ,,2023-06-09,外国会社等
ｓｈｅｎｚｈｅｎｓｈｉｙｉｚｈｉｋｅｊｉｙｏｕｘｉａｎｇｏｎｇｓｉ,,2023-06-09,外国会社等
ｕｎｂｏｕｎｄ合同会社,東京都港区南青山３丁目１番３６号,2023-06-09,合同会社
ｙｕｅ　ｑｉｎｇ　ｓｈｉ　ｈｅ　ｘｕｎ　ｄｉａｎ　ｑｉ　ｙｏｕ　ｘｉａｎ　ｇｏｎｇ　ｓｉ,,2023-06-09,外国会社等
ｚｈｕｈａｉｄａｎｅｉｋｅｊｉｙｏｕｘｉａｎｇｏｎｇｓｉ,,2023-06-09,外国会社等
かいじ人材株式会社,東京都目黒区大橋１丁目５番１－３６０３号,2023-06-12,株式会社
ちるバース合同会社,東京都港区南青山３丁目１番３６号青山丸竹ビル６Ｆ,2023-06-12,合同会社
ひとりおやかた株式会社,東京都新宿区西新宿３丁目３－１３西新宿水間ビル６Ｆ,2023-06-12,株式会社
アイエルフリー株式会社,大阪府大阪市中央区南船場１丁目４番１６号,2023-06-12,株式会社
アエールプラザ管理組合法人,鹿児島県鹿児島市中央町２２番１６－３１０号,2023-06-12,その他の設立登記法人
アグリコネクトふえふき株式会社,山梨県笛吹市八代町南５６２番地,2023-06-12,株式会社
アコウ合同会社,埼玉県北葛飾郡杉戸町杉戸５丁目１８－２０,2023-06-12,合同会社
アドニス合同会社,東京都新宿区新宿２丁目５番１０号成信ビル１０階,2023-06-12,合同会社
アリアテック株式会社,東京都豊島区東池袋３丁目１９番１０号ライオンズタワー池袋７０５,2023-06-12,株式会社
イノセントボイス合同会社,東京都港区赤坂６丁目１０番３９号,2023-06-12,合同会社
ウイングイット合同会社,三重県松阪市高町２２９番地１４,2023-06-12,合同会社
エスジーミライ合同会社,福岡県大牟田市本町４丁目９番５,2023-06-12,合同会社
エムケーエー合同会社,東京都港区虎ノ門５丁目１３番１号虎ノ門４０ＭＴビル３階,2023-06-12,合同会社
オオサキプランニング合同会社,福岡県福岡市中央区高砂２丁目１番１８号,2023-06-12,合同会社
オズコーポレーション合同会社,東京都港区六本木５丁目１６－５,2023-06-12,合同会社
オハイアリイ株式会社,兵庫県姫路市別所町別所３丁目１２３番地１,2023-06-12,株式会社
カンサイ車輛株式会社,三重県鈴鹿市山本町４０番地８,2023-06-12,株式会社
キャピタルワークス合同会社,埼玉県さいたま市中央区上落合１丁目６番１－１２１３号,2023-06-12,合同会社
グリーンガーディアン合同会社,福岡県久留米市螢川町６２番地１,2023-06-12,合同会社
コノハナ株式会社,神奈川県伊勢原市上粕屋３３２番地の６,2023-06-12,株式会社
ゴーイングリンクジャパン株式会社,東京都中央区京橋１丁目２番５号京橋ＴＤビル７階,2023-06-12,株式会社
サン・カ合同会社,千葉県大網白里市みずほ台２丁目１９番地１,2023-06-12,合同会社
ジャパン・ロジスティクス・デベロップメント２特定目的会社,東京都中央区日本橋１丁目４番１号日本橋一丁目ビルディング,2023-06-12,その他の設立登記法人
スリーナインズ株式会社,東京都港区赤坂６丁目１９番３３－３０１号,2023-06-12,株式会社
ソル・ワークス株式会社,東京都港区北青山１丁目３番１号アールキューブ青山３階,2023-06-12,株式会社
タスカルコンサルティング合同会社,埼玉県鴻巣市宮前３７０－２,2023-06-12,合同会社
トップ産業株式会社,大阪府吹田市川岸町６番４３号,2023-06-12,株式会社
ト居株式会社,大阪府大阪市浪速区桜川４丁目１７－２７,2023-06-12,株式会社
ハーモニー・ロジスティックス合同会社,栃木県宇都宮市上大曽町４４８番地１０,2023-06-12,合同会社
ビットスミス合同会社,京都府京都市西京区下津林中島町１８２番地５,2023-06-12,合同会社
ビーアーム沖縄株式会社,沖縄県宜野湾市大謝名１丁目１番３号,2023-06-12,株式会社
ファミテック株式会社,東京都中央区銀座１丁目２２番１１号銀座大竹ビジデンス２階,2023-06-12,株式会社
フォトン株式会社,岐阜県多治見市音羽町４丁目３１番地,2023-06-12,株式会社
ブルークラッグ合同会社,神奈川県川崎市高津区下野毛３丁目９番１ー１０７号,2023-06-12,合同会社
プライムリーディングアーツ株式会社,東京都渋谷区渋谷２丁目１９－１５宮益坂ビルディング６０９,2023-06-12,株式会社
ボンドグローバルホールディングス株式会社,愛知県名古屋市昭和区御器所２丁目１番１号エムズ御器所ビル３Ｆ,2023-06-12,株式会社
ポートウインド・テクノロジー株式会社,東京都千代田区神田佐久間町３丁目２８星野ビル５０２号,2023-06-12,株式会社
ミルオネスト合同会社,東京都目黒区中根２丁目９番１５号,2023-06-12,合同会社
ヤスナリアンドカンパニー合同会社,福岡県福岡市中央区天神２丁目２番１２号Ｔ＆Ｊビルディング７Ｆ,2023-06-12,合同会社
ライフエイト株式会社,広島県広島市安佐北区落合２丁目３６番１８号,2023-06-12,株式会社
ライフゲート株式会社,大阪府大阪市中央区東心斎橋１丁目１７番５－４０３号,2023-06-12,株式会社
ル・シエル株式会社,山梨県南アルプス市十五所３６番地１,2023-06-12,株式会社
一般社団法人あるひケア,愛知県名古屋市中区丸の内２丁目１２番８号,2023-06-12,その他の設立登記法人
一般社団法人おはよう,石川県加賀市片山津町タ３８番地ジョイハウスＫ３０７,2023-06-12,その他の設立登記法人
一般社団法人みらい,熊本県人吉市下原田町字荒毛８３,2023-06-12,その他の設立登記法人
一般社団法人ろう,神奈川県横浜市西区浅間町１丁目４番３号ウィザードビル４０２,2023-06-12,その他の設立登記法人
一般社団法人エクソソーム創薬研究開発国際機構,東京都文京区本郷５丁目１６番１０号リエス本郷２０５号,2023-06-12,その他の設立登記法人
一般社団法人ガン免疫療法勉強会,熊本県玉名市岩崎９４４番地１,2023-06-12,その他の設立登記法人
一般社団法人サン・ワールド,東京都八王子市東町１番１１号クイーンズビルⅡ４Ｆ,2023-06-12,その他の設立登記法人
一般社団法人ジャパンペットクラブ,東京都港区六本木６丁目１０番１号,2023-06-12,その他の設立登記法人
一般社団法人ツェチェン・テンペル・リン,東京都千代田区外神田５丁目２番１１号,2023-06-12,その他の設立登記法人
一般社団法人ビーイングサポートひろしま,広島県東広島市福富町下竹仁１３５２番地３,2023-06-12,その他の設立登記法人
一般社団法人富山サンダーバーズ・スポーツコミュニティー,富山県射水市赤井８８番地２１,2023-06-12,その他の設立登記法人
一般社団法人日本食文化技術継承支援協会,岐阜県岐阜市茜部菱野３丁目１８６番地１,2023-06-12,その他の設立登記法人
一般社団法人明好会,埼玉県さいたま市大宮区上小町１０２０番地,2023-06-12,その他の設立登記法人
一般社団法人祭り推進会,青森県弘前市大字五所字野沢６１番地２４,2023-06-12,その他の設立登記法人
一般社団法人空き家整理協会,石川県能美市寺井町た４６番地,2023-06-12,その他の設立登記法人
一般社団法人豊洲スマートシティ推進協議会,東京都江東区豊洲６丁目４番２６号,2023-06-12,その他の設立登記法人
一般社団法人道東ＳＤＧｓ推進協議会,北海道野付郡別海町中春別３０７番地２,2023-06-12,その他の設立登記法人
一般社団法人ＡＷＡＰ,徳島県徳島市万代町５丁目７１番地４,2023-06-12,その他の設立登記法人
一般社団法人ＦＲＡ,兵庫県明石市松の内１丁目１０番地の３,2023-06-12,その他の設立登記法人
一般社団法人ＫＭＫ企画,東京都東大和市南街１丁目１８番地の５,2023-06-12,その他の設立登記法人
一般財団法人平,東京都渋谷区渋谷３丁目２番３号,2023-06-12,その他の設立登記法人
一般財団法人Ｋ‐ｅｄｕｃａｔｉｏｎ,広島県広島市南区大須賀町１６番５－３０７号,2023-06-12,その他の設立登記法人
三和テクニカル株式会社,愛知県名古屋市中区丸の内１丁目５番１４号,2023-06-12,株式会社
三水株式会社,東京都北区豊島５丁目５番９－８０７号,2023-06-12,株式会社
中部ビジネスリサーチ株式会社,愛知県名古屋市中区大井町一丁目２４番地ヴィークタワー名古屋東別院２００３号,2023-06-12,株式会社
信雅達株式会社,大阪府大阪市大正区三軒家西３丁目４番１６号中山ビル４０５Ｃ,2023-06-12,株式会社
凝舞坊株式会社,東京都豊島区池袋２丁目１７－８－４０５号室,2023-06-12,株式会社
功陽合同会社,東京都中央区日本橋室町１丁目１１番１２号日本橋水野ビル７階,2023-06-12,合同会社
労働者協同組合無茶々園の森,愛媛県西予市明浜町狩浜２－１３５０,2023-06-12,その他の設立登記法人
勇和金属株式会社,埼玉県児玉郡美里町大字猪俣１４７１番地１,2023-06-12,株式会社
千寿企画合同会社,神奈川県横浜市西区北幸２丁目１０番地２８むつみビル３Ｆ,2023-06-12,合同会社
合同会社ありのままに,愛知県稲沢市朝府町８番１－１４０９号,2023-06-12,合同会社
合同会社かたづくり,長野県北佐久郡軽井沢町軽井沢東８７番地２北２０２,2023-06-12,合同会社
合同会社くぬぎ山企画,千葉県鎌ケ谷市くぬぎ山４丁目７番１１号,2023-06-12,合同会社
合同会社こさか,愛知県名古屋市昭和区白金３丁目５番１１号,2023-06-12,合同会社
合同会社のびのび本舗,埼玉県さいたま市西区大字西遊馬１９８２番地１ポローニア指扇５０１,2023-06-12,合同会社
合同会社わん,沖縄県那覇市首里石嶺町３丁目３０１番地３,2023-06-12,合同会社
合同会社アシスト,東京都港区南青山３丁目１番３６号青山丸竹ビル６Ｆ,2023-06-12,合同会社
合同会社アズコーポレーション,神奈川県相模原市中央区上溝４４０４番地２,2023-06-12,合同会社
合同会社アトリエ佐藤,神奈川県横浜市戸塚区名瀬町５２番地１－３１０号,2023-06-12,合同会社
合同会社アールエム,群馬県前橋市堤町７０９番地２,2023-06-12,合同会社
合同会社イースト,広島県広島市安佐南区祇園１丁目２７番４－１３号,2023-06-12,合同会社
合同会社ウェルス・ブリッジ・コンサルタント,福島県福島市旭町２－２９シティハイムパールシティ１０２,2023-06-12,合同会社
合同会社オクサリス,東京都新宿区南町１６－７,2023-06-12,合同会社
合同会社オフィスミニ,愛知県春日井市藤山台１０丁目５番地３,2023-06-12,合同会社
合同会社カトレアルーム,神奈川県横浜市保土ケ谷区岩間町２丁目１０１番地１ドミールナガセ４０１号,2023-06-12,合同会社
合同会社カピリナ,大阪府大阪狭山市半田５丁目１１９６番地の４（４０５号）,2023-06-12,合同会社
合同会社サンパホーム,京都府京都市伏見区竹田七瀬川町１１番地１１,2023-06-12,合同会社
合同会社シャン・ド・フルール,大阪府高石市千代田５丁目８番２０号,2023-06-12,合同会社
合同会社スプリング,福岡県糟屋郡粕屋町戸原東１丁目４番２０－１２０７号,2023-06-12,合同会社
合同会社スマイルケア,埼玉県桶川市寿１丁目１１番１８号,2023-06-12,合同会社
合同会社ゼーレ,東京都青梅市今井５丁目２４１８番地１２,2023-06-12,合同会社
合同会社ドニエプル,愛知県名古屋市緑区浦里３丁目２８８番地,2023-06-12,合同会社
合同会社ニューアポンド,三重県桑名市桑栄町１番地１サンマンションアトレ桑名４０６,2023-06-12,合同会社
合同会社ハルイロ,香川県高松市多肥上町１７８６番地１テンリバーＢ１０４,2023-06-12,合同会社
合同会社パーキンソン病支援の会,神奈川県横浜市中区本牧和田１０番２２号,2023-06-12,合同会社
合同会社ビリーボックスジャパン,静岡県浜松市浜北区内野台１丁目２番１６号,2023-06-12,合同会社
合同会社フクダでんき,奈良県大和高田市大字勝目８６番地１１,2023-06-12,合同会社
合同会社プラナリｉシステム,東京都大田区西六郷４丁目２０番１３号,2023-06-12,合同会社
合同会社ホロムア,愛知県名古屋市中村区名駅４丁目２４番５号第２森ビル４０１,2023-06-12,合同会社
合同会社マイイノベーション,神奈川県横浜市保土ケ谷区瀬戸ケ谷町５３番地１６４,2023-06-12,合同会社
合同会社マチダ園,長野県中野市大字竹原５２２番地１,2023-06-12,合同会社
合同会社マツダ,福岡県鞍手郡鞍手町大字新北１０００番地の９,2023-06-12,合同会社
合同会社マネタイム,東京都府中市清水が丘３丁目４８番地の６０,2023-06-12,合同会社
合同会社ムラタ,静岡県菊川市吉沢４９９番地の１,2023-06-12,合同会社
合同会社モソロ,東京都港区麻布台３丁目５－５,2023-06-12,合同会社
合同会社ヤシオリ,埼玉県久喜市久喜東２丁目４４番１７号シンコー第二ビル３０５号,2023-06-12,合同会社
合同会社ランジュ,兵庫県姫路市北条口４丁目３７番地ミストラル北条口Ⅱ８０２号,2023-06-12,合同会社
合同会社リトルヴィジョン,東京都目黒区平町１丁目２２番１７－２１１号,2023-06-12,合同会社
合同会社下地しろあり,沖縄県宮古島市平良字東仲宗根２２７番地５,2023-06-12,合同会社
合同会社二重まる,東京都港区南青山２丁目２番１５号,2023-06-12,合同会社
合同会社佑里,大阪府大阪市住之江区北加賀屋５丁目６番１８－２１０号,2023-06-12,合同会社
合同会社俊岳,埼玉県さいたま市南区鹿手袋７丁目５番６号,2023-06-12,合同会社
合同会社優愛Ｃｏ．,群馬県伊勢崎市中町６６－２,2023-06-12,合同会社
合同会社元就,栃木県鹿沼市府中町１３２－１,2023-06-12,合同会社
合同会社千乃桜,群馬県北群馬郡吉岡町大字上野田１９２３番地１,2023-06-12,合同会社
合同会社南興,沖縄県那覇市曙１丁目１７番１号ポートハイム新５０１,2023-06-12,合同会社
合同会社喜楽,徳島県徳島市末広５丁目１番５７－５号,2023-06-12,合同会社
合同会社大志,大阪府大阪市福島区吉野２丁目１１番２０－３１６号,2023-06-12,合同会社
合同会社大谷興業,埼玉県行田市大字持田２４５２番地２,2023-06-12,合同会社
合同会社宮古島中央観光パーク,沖縄県宮古島市城辺字比嘉６２８番地５,2023-06-12,合同会社
合同会社旬菜キッチン,静岡県静岡市駿河区鎌田３５番地の２,2023-06-12,合同会社
合同会社本多自動車工業所,福井県大野市東山第１９号４番地７,2023-06-12,合同会社
合同会社樹ノ実,埼玉県川越市南大塚２丁目１９番地３昌栄ビル１０７号室,2023-06-12,合同会社
合同会社生産性工房,大阪府吹田市上山田７番Ｃ－６０５号,2023-06-12,合同会社
合同会社笑福,沖縄県那覇市壺屋２丁目２１番８号,2023-06-12,合同会社
合同会社藍色,愛知県知立市牛田町東前１４５番地７,2023-06-12,合同会社
合同会社裕苑,福岡県田川郡川崎町大字安眞木３７８０番地,2023-06-12,合同会社
合同会社言語聴覚士国家試験塾リンゴの樹,愛知県名古屋市瑞穂区玉水町２丁目１番地の１,2023-06-12,合同会社
合同会社鳳雲,東京都足立区東保木間１丁目２４番１－２０１号,2023-06-12,合同会社
合同会社３６５Ｂ＆Ｂ,大阪府大阪市生野区新今里４丁目６番８号,2023-06-12,合同会社
合同会社ＡＬＩＴＲＡＤＩＮＧ,福岡県宮若市四郎丸６－２－１０１桂ハイツ,2023-06-12,合同会社
合同会社ＡＰＲＯ,愛知県名古屋市西区上名古屋２丁目２４－２４野間ビル３階,2023-06-12,合同会社
合同会社ＡＷＫ,愛知県東海市高横須賀町栗ノ木３３番地２,2023-06-12,合同会社
合同会社Ａｉｒｙ,福岡県福岡市博多区美野島３丁目８番１号美野島シティビル１Ｆ,2023-06-12,合同会社
合同会社Ａｎｅｔｏｓ,埼玉県川口市大字里１４０１番地の２,2023-06-12,合同会社
合同会社ＢＥＡＲＳ,新潟県新潟市東区江南１丁目５番１０号２０２号室,2023-06-12,合同会社
合同会社ＢＯＷ,東京都葛飾区新小岩２丁目２１番１８号アルファスクエア新小岩１０２号室,2023-06-12,合同会社
合同会社ＢＵＩＬＤ,熊本県天草市五和町手野２丁目４１８番地３,2023-06-12,合同会社
合同会社Ｃ‐ｆｒｏＧ,愛知県半田市岩滑南浜町４４番地,2023-06-12,合同会社
合同会社ＣＲＥＯ　ＩＫＩＧＡＩ　ＴＲＩＰ,愛知県名古屋市中区栄４丁目１４番３１号,2023-06-12,合同会社
合同会社Ｃｌａｓｓ　ａｓｈｅ,神奈川県横須賀市野比２丁目８番１５号,2023-06-12,合同会社
合同会社Ｄｒｉｖｅ　ＢＥＡＳＴ,愛知県豊橋市中野町字二本松西３４（１０３）,2023-06-12,合同会社
合同会社ＥＳＴ,愛知県名古屋市西区名駅２丁目３４－１７セントラル名古屋１１０１,2023-06-12,合同会社
合同会社Ｅｄｕ　ｃｏ　Ｅｄｕ,東京都港区南青山３丁目１番３６号青山丸竹ビル６Ｆ,2023-06-12,合同会社
合同会社Ｅｓｐｏｉｒ,愛知県名古屋市北区大曽根４丁目３番６０号,2023-06-12,合同会社
合同会社Ｇ．Ｇ．Ｃ,埼玉県川越市大字笠幡３４－１３ピークハイムＡ１０６,2023-06-12,合同会社
合同会社ＧＯＫＯＵＥＮ,大阪府大阪市住吉区南住吉１丁目９番１０号,2023-06-12,合同会社
合同会社ＧＲＬ,群馬県太田市新田上中町３４５番地７,2023-06-12,合同会社
合同会社Ｈ．Ｗ梅谷,沖縄県島尻郡八重瀬町字玻名城１０９番地４Ｒ－２、３－Ａ号室,2023-06-12,合同会社
合同会社ＨＡＫＫＩ,沖縄県那覇市泊３丁目６番地１０フレスコア泊ゆいポート５０１,2023-06-12,合同会社
合同会社ＨＯＴＯ測量,青森県三戸郡階上町大字赤保内字外平１番地９,2023-06-12,合同会社
合同会社ＨＵＮＧ　ＳＯＮバッグス,埼玉県三郷市戸ケ崎３丁目４７０番地,2023-06-12,合同会社
合同会社Ｊ’Ａｃｃｏｕｎｔ,東京都中央区晴海３丁目１３－１－２９０１,2023-06-12,合同会社
合同会社ＪＵＮ,北海道河東郡音更町宝来仲町南１丁目３－５,2023-06-12,合同会社
合同会社ＫＡＴＡＳＨＩＲＯ形代,東京都荒川区荒川１丁目１３番１号,2023-06-12,合同会社
合同会社ＫＩＮＯＫＯ,東京都港区南青山３丁目１番３６号６Ｆ,2023-06-12,合同会社
合同会社ＫＮＡＸ,宮崎県宮崎市田代町１３８番地ＴＫＨⅡ７０６,2023-06-12,合同会社
合同会社ＬＩＢＡＬ,埼玉県さいたま市中央区下落合４丁目２０番６号,2023-06-12,合同会社
合同会社ＬＩＧ,神奈川県相模原市中央区横山４丁目２３番３号－２０２,2023-06-12,合同会社
合同会社ＬＩＧ,岐阜県養老郡養老町船附５３１番地２,2023-06-12,合同会社
合同会社Ｌａａｐ,愛知県名古屋市中区丸の内１丁目６番１４号（丸の内カジウラマンション８０１号）,2023-06-12,合同会社
合同会社ＬａｐｓｅＬｉＮｅ,静岡県沼津市上土町１００‐１ナティ沼津３０４,2023-06-12,合同会社
合同会社ＬｉＦｌｏｗ,埼玉県戸田市下前１丁目１１番２０－１５０１号,2023-06-12,合同会社
合同会社ＬｉｎｇＳｔｏｒａｇｅ,東京都中央区銀座１丁目１２番４号Ｎ＆ＥＢＬＤ．６Ｆ,2023-06-12,合同会社
合同会社ＭＯＧＡＮＡ,栃木県佐野市富岡町１４１８番地,2023-06-12,合同会社
合同会社Ｍａｒｃｏ,大阪府大阪市北区中之島６丁目１番３８－４９１３号,2023-06-12,合同会社
合同会社Ｍｅｒｒｙ＆Ｈａｐｐｙ,東京都港区港南４丁目６番３－３８０１号,2023-06-12,合同会社
合同会社ＭｏｏＳカンパニー,東京都港区愛宕２丁目５番１号愛宕グリーンヒルズＭＯＲＩタワー３４階,2023-06-12,合同会社
合同会社ＮＥＸＴ,大阪府大阪市中央区宗右衛門町３－８宗右衛門町ギャラクシーⅠ５Ｂ号室,2023-06-12,合同会社
合同会社ＮＯＡ,京都府京都市南区壬生通八条下る西入東寺町５１９番地９,2023-06-12,合同会社
合同会社ＮＰＣ,東京都荒川区西日暮里５丁目１０番１３号,2023-06-12,合同会社
合同会社ＯＮＥＢＥＴ,愛知県名古屋市熱田区四番２丁目１番２６号Ｓ－ＲＥＳＩＤＥＮＣＥ六番町８０６,2023-06-12,合同会社
合同会社Ｑｕｉｅｎ,東京都新宿区北町２２デュオ・スカーラ神楽坂タワー３０２,2023-06-12,合同会社
合同会社ＲＯＯＴ,岐阜県羽島市小熊町島２丁目１２５番地,2023-06-12,合同会社
合同会社Ｒｅｖｅｌ,大阪府大阪市中央区東心斎橋１丁目８番２－８０２号,2023-06-12,合同会社
合同会社Ｒｏｏｔｓ,東京都渋谷区道玄坂１丁目１０番８号渋谷道玄坂東急ビル２Ｆ,2023-06-12,合同会社
合同会社ＳＡＤＡＫＯ‐ＣＯ．,愛知県瀬戸市高根町２丁目２８メゾン共栄３０６,2023-06-12,合同会社
合同会社ＳＡＴＯＮＯＷＡ地蔵寺,高知県土佐郡土佐町地蔵寺１２１２,2023-06-12,合同会社
合同会社ＳＫカンパニー,埼玉県児玉郡美里町大字白石４２２番地４,2023-06-12,合同会社
合同会社Ｓａｆｕｎ,沖縄県石垣市字平得５５４番地１株式会社ケレス沖縄内,2023-06-12,合同会社
合同会社Ｓａｋｕｒａ　Ｔｒａｄｉｎｇ,福岡県福岡市中央区地行３丁目１６番１２号,2023-06-12,合同会社
合同会社Ｓｐｅｅｄ　Ｍｏｔｏｒｓ　Ｉｎｔｅｒｎａｔｉｏｎａｌ,山口県山口市平井５２５番地９（タウニーマタノＡ１０３）,2023-06-12,合同会社
合同会社ＴＡＩＫＯＵ,東京都あきる野市草花７０８番地１８,2023-06-12,合同会社
合同会社ＴＫＹ,東京都渋谷区道玄坂１丁目１０番８号渋谷道玄坂東急ビル２Ｆ－Ｃ,2023-06-12,合同会社
合同会社ＴＲＩＳＥ,兵庫県神戸市須磨区行幸町１丁目１番３３－２００３号,2023-06-12,合同会社
合同会社ＴａＴａ,神奈川県川崎市多摩区登戸３４８,2023-06-12,合同会社
合同会社Ｔｉｎｙ　Ｃｏｎｎｅｃｔ,福岡県糸島市泊９２９－４－Ｂ２０５,2023-06-12,合同会社
合同会社ＵＮＦＡＤＥ,兵庫県明石市本町１丁目２－３３興生ビル４Ｆ,2023-06-12,合同会社
合同会社ＹＣＡＮ,東京都港区南青山３丁目１番３６号青山丸竹ビル６Ｆ,2023-06-12,合同会社
合同会社ａｍｉａｍｉ,京都府京都市伏見区車町２７５,2023-06-12,合同会社
合同会社ｈａｓｈ,東京都世田谷区下馬３丁目２９番１５号,2023-06-12,合同会社
合同会社ｋｏｋｏ’ｓ　ｓｈｏｐ,東京都千代田区神田和泉町１番地６－１６ヤマトビル４０５,2023-06-12,合同会社
合同会社ｎ３,埼玉県鴻巣市人形３丁目２番３２号,2023-06-12,合同会社
合資会社山下商店,栃木県塩谷郡塩谷町大字大宮１９８８番地,2023-06-12,合資会社
吉川組建設株式会社,大阪府大阪市西淀川区姫里３丁目６番２－２０１号,2023-06-12,株式会社
吉祥株式会社,東京都台東区台東１丁目３２番６号小島ビル２０１,2023-06-12,株式会社
吉秀商事株式会社,愛媛県今治市片山２丁目５番１９－３号,2023-06-12,株式会社
和立株式会社,埼玉県戸田市中町１丁目６－２－３０７,2023-06-12,株式会社
城南商事株式会社,宮城県仙台市若林区一本杉町１１番８号,2023-06-12,株式会社
外事部株式会社,兵庫県加古川市尾上町長田５１７番地の４１,2023-06-12,株式会社
大栄興業株式会社,大阪府河内長野市日野２５０番地の１,2023-06-12,株式会社
大洋興産株式会社,兵庫県西宮市浜甲子園４丁目１番２４－２２６号,2023-06-12,株式会社
天佑合同会社,神奈川県厚木市中町２丁目１３番１３号ＫＴＹビル,2023-06-12,合同会社
天晴株式会社,福岡県福岡市東区多の津１丁目１０－１－４２９,2023-06-12,株式会社
奥のほそ道．ｃｏｍ合同会社,岩手県盛岡市本宮字大柳４３番地１９,2023-06-12,合同会社
宇部建設株式会社,山口県宇部市大小路３丁目１番４６号,2023-06-12,株式会社
宮テック株式会社,大阪府大阪市大正区鶴町３丁目１１番１０号,2023-06-12,株式会社
岩田建築アトリエ合同会社,愛知県名古屋市千種区本山町４丁目３５番地の２－３０５号室,2023-06-12,合同会社
左通右達株式会社,東京都北区浮間１丁目１番１４－１１８号,2023-06-12,株式会社
平澤工業合同会社,大阪府堺市堺区向陵東町２丁１番２７―２０７号,2023-06-12,合同会社
志株式会社,埼玉県鴻巣市本町８丁目５番５８－３０６号,2023-06-12,株式会社
恒欣株式会社,東京都渋谷区富ヶ谷１丁目１４番１４号３階,2023-06-12,株式会社
愛源合同会社,奈良県奈良市針町３７５７番地の３２,2023-06-12,合同会社
愛着良品株式会社,大阪府吹田市豊津町１２番４３号,2023-06-12,株式会社
拓源株式会社,大阪府大阪市西成区松３丁目１２番２－１０１号,2023-06-12,株式会社
日比田ベイオート倶楽部株式会社,埼玉県所沢市大字日比田４８０番地の１,2023-06-12,株式会社
昕元株式会社,大阪府大阪市大正区三軒家西３丁目４番１６号中山ビル４０７Ａ,2023-06-12,株式会社
星月商事株式会社,福岡県福岡市東区香住ヶ丘５丁目１９番１０号,2023-06-12,株式会社
春剛商事合同会社,東京都台東区浅草２丁目１２－８荒井ビル２０２号室,2023-06-12,合同会社
昭栄ハウジング株式会社,埼玉県本庄市本庄１丁目１番２６号,2023-06-12,株式会社
有田株式会社,京都府京都市下京区富小路通松原下る本上神明町４５４番地,2023-06-12,株式会社
有限会社三恵商事,東京都渋谷区桜丘町１５番８号,2023-06-12,有限会社
木村ペイント株式会社,三重県三重郡菰野町大字竹成２２４５番地２６,2023-06-12,株式会社
杉山商事株式会社,愛知県名古屋市中村区並木２丁目７８番地,2023-06-12,株式会社
東京都市貿易合同会社,東京都足立区千住柳町７―２,2023-06-12,合同会社
株式会社くきこプロ,東京都港区南麻布１丁目８番１３－２０２号,2023-06-12,株式会社
株式会社くもり,埼玉県さいたま市南区曲本４丁目２番１９－３号,2023-06-12,株式会社
株式会社くろまく,東京都豊島区池袋１丁目１１－３,2023-06-12,株式会社
株式会社びゅーてぃくる,奈良県香芝市高山台２丁目２１番地１０,2023-06-12,株式会社
株式会社まなぷろ,東京都新宿区西新宿３丁目２番９号東京ワシントンホテルビル２Ｆ,2023-06-12,株式会社
株式会社まろまゆ,埼玉県さいたま市見沼区東大宮４丁目４８番地１,2023-06-12,株式会社
株式会社めぐみ,神奈川県横浜市神奈川区子安通３丁目３９３番地,2023-06-12,株式会社
株式会社よしがい建築,兵庫県三田市乙原２３９３番地２６,2023-06-12,株式会社
株式会社アイリス,埼玉県北葛飾郡杉戸町大字本郷５６４番地３,2023-06-12,株式会社
株式会社アイリン,神奈川県小田原市荻窪３５９番地イシダビル３階,2023-06-12,株式会社
株式会社アキバクリーン,鹿児島県鹿児島市加治屋町８番１０号,2023-06-12,株式会社
株式会社アキ建築工房,京都府京都市山科区西野大鳥井町１１１番地の３４,2023-06-12,株式会社
株式会社アクシ・アーク,東京都世田谷区八幡山２丁目４番１４号,2023-06-12,株式会社
株式会社アステップ,埼玉県さいたま市北区日進町３丁目７７６番地１,2023-06-12,株式会社
株式会社アップビート,埼玉県春日部市西金野井４０５番地９９,2023-06-12,株式会社
株式会社アリヤ,熊本県熊本市北区武蔵ケ丘９丁目１番３６号,2023-06-12,株式会社
株式会社アルタイル,東京都新宿区新小川町６番３９号ニックハイム飯田橋９０１,2023-06-12,株式会社
株式会社アロウワークスタイル,神奈川県小田原市栄町３丁目１５番１１号２０１,2023-06-12,株式会社
株式会社アロース,埼玉県越谷市七左町１丁目１６番地１,2023-06-12,株式会社
株式会社アンリーシュド,東京都杉並区和泉２丁目１７番２７号,2023-06-12,株式会社
株式会社アールプラン,愛知県名古屋市中区錦３丁目９番１５号,2023-06-12,株式会社
株式会社アーレスプラン,兵庫県三木市緑が丘町西２丁目９番地の７,2023-06-12,株式会社
株式会社イイセプラス,京都府京都市右京区西院月双町１０５－８０１号,2023-06-12,株式会社
株式会社インフィニティ,茨城県龍ケ崎市上町４２６４番地１－３Ｆ,2023-06-12,株式会社
株式会社イヴチャーム,東京都港区浜松町２丁目１３番１０号,2023-06-12,株式会社
株式会社イースト・Ｓ,東京都国分寺市西恋ヶ窪１丁目１６－１１イースト・エス３０５号,2023-06-12,株式会社
株式会社ウォーターランド,群馬県太田市西新町１０３番地１０ＷＬオフィス,2023-06-12,株式会社
株式会社エスカンパニー,埼玉県川口市大字前野宿２７２番地の４,2023-06-12,株式会社
株式会社エヌファシリティーズ,兵庫県川西市東多田２丁目３０－２３,2023-06-12,株式会社
株式会社エムテック,愛知県犬山市字前並７１番地,2023-06-12,株式会社
株式会社エン,兵庫県美方郡香美町香住区沖浦５１５番地６,2023-06-12,株式会社
株式会社オウガ工業,京都府京都市下京区橘町３１番地１Ｔａｃｈｉｂａｎａ３１,2023-06-12,株式会社
株式会社オクスリープ,東京都港区高輪２丁目１２番１３号レジデンス高輪２０１号室,2023-06-12,株式会社
株式会社オテガル,東京都新宿区西新宿３丁目３番１３号西新宿水間ビル２Ｆ,2023-06-12,株式会社
株式会社オネスト,大阪府東大阪市旭町２０番８号,2023-06-12,株式会社
株式会社オハナ,山口県岩国市由宇町南５丁目４番１６号,2023-06-12,株式会社
株式会社オレンジフォース,和歌山県海南市名高５０５番地４,2023-06-12,株式会社
株式会社カメスキ,大阪府大阪市北区長柄東２丁目９番７７,2023-06-12,株式会社
株式会社カームレスト・Ｒ,広島県広島市南区段原２丁目５番９－７０１号,2023-06-12,株式会社
株式会社キクシマ,山梨県山梨市北２２６番地,2023-06-12,株式会社
株式会社キタガワ,兵庫県川西市西多田１丁目２６番１７号,2023-06-12,株式会社
株式会社キャンバス,福島県田村郡小野町大字小野新町字中通１８番地,2023-06-12,株式会社
株式会社クリエイト,奈良県大和高田市幸町３番３－３１６号,2023-06-12,株式会社
株式会社クリーンジャイアント,東京都渋谷区渋谷２丁目１９－１５宮益坂ビルディング６０９,2023-06-12,株式会社
株式会社クレール,埼玉県新座市栄５丁目１番１３号リヴパレスイケヤ１階,2023-06-12,株式会社
株式会社クロスオーバー,東京都豊島区南長崎３丁目１１番９号,2023-06-12,株式会社
株式会社グローカルリンク,山梨県甲斐市西八幡８８１番地２,2023-06-12,株式会社
株式会社ケイ・エス・アイ研究所,岐阜県羽島市上中町長間１２６１番地,2023-06-12,株式会社
株式会社コルサント,東京都港区浜松町２丁目２番１５号浜松町ダイヤビル２Ｆ,2023-06-12,株式会社
株式会社ゴーアウス,東京都台東区柳橋１丁目１４番５号,2023-06-12,株式会社
株式会社サクステート,静岡県藤枝市南新屋４１２番地の９,2023-06-12,株式会社
株式会社サバンナ,埼玉県比企郡川島町大字出丸中郷１４０５番地,2023-06-12,株式会社
株式会社シグルタ,埼玉県さいたま市大宮区桜木町２丁目３番地大宮マルイ７階,2023-06-12,株式会社
株式会社シャイン,広島県広島市佐伯区五日市町大字美鈴園３９番地２０,2023-06-12,株式会社
株式会社ジェルマ,東京都渋谷区代々木４丁目１１番１７号,2023-06-12,株式会社
株式会社ジエーテクス,栃木県宇都宮市清原台１丁目５番１２号,2023-06-12,株式会社
株式会社ジニア,大阪府堺市北区百舌鳥梅北町１丁８－２新栄プロパティ三国ヶ丘２階,2023-06-12,株式会社
株式会社ステラ,京都府京都市下京区大黒町２２７番地第２キョートビル４０２,2023-06-12,株式会社
株式会社ゼロイチアイランド,埼玉県加須市多門寺５５３番地５,2023-06-12,株式会社
株式会社タクミ,大阪府松原市三宅東４丁目１６８６番地,2023-06-12,株式会社
株式会社タケトー,北海道旭川市豊岡四条５丁目３番３号,2023-06-12,株式会社
株式会社タサカ・スタイル,東京都港区海岸３丁目８番１７－６０８号,2023-06-12,株式会社
株式会社タマニ,山梨県上野原市コモアしおつ１丁目３３番１号,2023-06-12,株式会社
株式会社チームガイア,神奈川県小田原市栄町３丁目１５番１１号２０１,2023-06-12,株式会社
株式会社ツインベスター,愛知県名古屋市瑞穂区関取町１３１番地,2023-06-12,株式会社
株式会社テックソリューションズ,東京都港区新橋５丁目１２番６号,2023-06-12,株式会社
株式会社ディメンションズ,東京都板橋区高島平７丁目２５番１０号,2023-06-12,株式会社
株式会社デュオコミュニケーションズ,東京都港区南青山３丁目１番３６号青山丸竹ビル６Ｆ,2023-06-12,株式会社
株式会社デレガ,東京都港区北青山１丁目３番１号アールキューブ青山３階,2023-06-12,株式会社
株式会社トゥインクル,埼玉県北葛飾郡松伏町大字松伏３１４９番地,2023-06-12,株式会社
株式会社トラスト,愛知県名古屋市守山区四軒家２丁目５４５番地パレス森孝１Ｆ,2023-06-12,株式会社
株式会社ドゥダイレクト,愛知県名古屋市中区丸の内３丁目１４番３２号,2023-06-12,株式会社
株式会社ナイア,神奈川県鎌倉市材木座５丁目８番１９号,2023-06-12,株式会社
株式会社ナムテック,千葉県千葉市稲毛区作草部町７６８番地１０,2023-06-12,株式会社
株式会社ハイバレー,秋田県秋田市中通２丁目２－３２山二ビル７階,2023-06-12,株式会社
株式会社ハイランド,東京都江戸川区平井６丁目５番１５－２０２号室,2023-06-12,株式会社
株式会社ハイ・キューブトレード,東京都台東区東上野３丁目３２番２号３Ｆ,2023-06-12,株式会社
株式会社ハクネツ,東京都渋谷区道玄坂１丁目１０番８号渋谷道玄坂東急ビル２Ｆ－Ｃ,2023-06-12,株式会社
株式会社ハッピー,沖縄県那覇市牧志３丁目２番５０号,2023-06-12,株式会社
株式会社ハツネ,神奈川県横浜市保土ケ谷区常盤台８６番１－７１８号,2023-06-12,株式会社
株式会社ハナハタホーム,福岡県福岡市南区花畑１丁目３０番５号,2023-06-12,株式会社
株式会社ハートブルー,東京都新宿区西新宿３丁目３番１３号,2023-06-12,株式会社
株式会社パトス・マネジメント,東京都渋谷区上原１丁目２２－１１－１０２,2023-06-12,株式会社
株式会社ヒダカ,埼玉県羽生市大字下岩瀬８３３番地１,2023-06-12,株式会社
株式会社ヒューゲルフェルト,広島県東広島市志和町冠１５０２－１,2023-06-12,株式会社
株式会社ヒョーワ,埼玉県川口市赤井２丁目１３番１１号,2023-06-12,株式会社
株式会社ビットコード,東京都渋谷区渋谷２丁目１９－１５宮益坂ビルディング６０９,2023-06-12,株式会社
株式会社ビビプロダクツ,東京都港区浜松町２丁目２番１５号浜松町ダイヤビル２Ｆ,2023-06-12,株式会社
株式会社ファヴァール,東京都千代田区神田鍛冶町３丁目３,2023-06-12,株式会社
株式会社ファーストプロ,兵庫県姫路市飾磨区山崎１５９番地,2023-06-12,株式会社
株式会社ファーマシストサポート,神奈川県厚木市旭町３丁目１２－２６,2023-06-12,株式会社
株式会社ブリッジアイランド,東京都品川区東品川２丁目２番２５－６０７号,2023-06-12,株式会社
株式会社ブレイブジャパン,大分県竹田市大字門田２３８番地４,2023-06-12,株式会社
株式会社プラスワン設計事務所,大阪府枚方市宮之阪３丁目２４番１３号,2023-06-12,株式会社
株式会社プラネット,東京都荒川区荒川３丁目３番１４号,2023-06-12,株式会社
株式会社プレジャーモーメント,東京都港区浜松町２丁目２番１５号浜松町ダイヤビル２Ｆ,2023-06-12,株式会社
株式会社プロス,京都府宇治市宇治野神７１番地の４,2023-06-12,株式会社
株式会社ヘルスウェルス,東京都港区愛宕１丁目１番１－１９１３号,2023-06-12,株式会社
株式会社ヘルム,東京都港区南麻布２丁目１０－１３－２０２,2023-06-12,株式会社
株式会社ホッピー,東京都中央区東日本橋１丁目２番１３号,2023-06-12,株式会社
株式会社ホルドブレイ,愛知県名古屋市中川区富田町大字千音寺字南島３４６７番地の４,2023-06-12,株式会社
株式会社ホワイトリバー,東京都江東区白河４丁目３－１－４０６,2023-06-12,株式会社
株式会社マサキ設備,埼玉県富士見市水谷東３丁目４番３号,2023-06-12,株式会社
株式会社マックスコーポレーション,北海道函館市中道２丁目２５番７－１号,2023-06-12,株式会社
株式会社マティエールＨＲＴ,東京都港区海岸１丁目２番３号汐留芝離宮ビルディング２１階,2023-06-12,株式会社
株式会社マリン・インフラリサーチ,福岡県福岡市中央区大名１丁目９－４５藤和大名コープ５１０,2023-06-12,株式会社
株式会社マルチクラフト,大阪府四條畷市岡山２丁目５番２号,2023-06-12,株式会社
株式会社ミソラ,大阪府大阪市中央区島之内２丁目３－１０－２０１号室,2023-06-12,株式会社
株式会社ミニマム,兵庫県芦屋市山手町１３番２－２号,2023-06-12,株式会社
株式会社ミライコニック,東京都港区港南２丁目１７番１号,2023-06-12,株式会社
株式会社ミライトラスト,秋田県秋田市新屋船場町５番７号,2023-06-12,株式会社
株式会社モミカワークス,東京都港区高輪４丁目２３番６号ハイホーム高輪７０８,2023-06-12,株式会社
株式会社ヤマフジ,徳島県阿南市富岡町南向１４番地１,2023-06-12,株式会社
株式会社ユニティ建材,静岡県静岡市清水区辻４丁目８番２４号,2023-06-12,株式会社
株式会社ユニバースゲート,兵庫県加古郡稲美町国安４３８,2023-06-12,株式会社
株式会社ヨシムラ,和歌山県田辺市中万呂２２番地の４,2023-06-12,株式会社
株式会社ラシック,東京都港区麻布十番１丁目２－７－７０１,2023-06-12,株式会社
株式会社ラッキーフレンズ,東京都世田谷区奥沢４丁目３４番１３号,2023-06-12,株式会社
株式会社リブラヴィジョン,東京都新宿区西新宿３丁目３番１３号西新宿水間ビル６階,2023-06-12,株式会社
株式会社ルビー,埼玉県加須市大門町５番地１,2023-06-12,株式会社
株式会社ワイズホーム,神奈川県横浜市旭区川井本町１０９－２福士ビル１０２,2023-06-12,株式会社
株式会社ヴィーヴル,奈良県桜井市大字桜井２３２番地,2023-06-12,株式会社
株式会社三和マネジメント,東京都渋谷区神宮前２丁目１２番２号,2023-06-12,株式会社
株式会社三好造型,香川県観音寺市室本町１１４５番地１１９,2023-06-12,株式会社
株式会社三宝,東京都新宿区岩戸町１４番地神楽坂不二ビル１階,2023-06-12,株式会社
株式会社中沢,山梨県甲府市住吉２丁目３番２３号,2023-06-12,株式会社
株式会社丸三屋ホールディングス,東京都港区高輪３丁目７番６号,2023-06-12,株式会社
株式会社仲間興業,沖縄県石垣市字登野城５７６番地１ＴＡＫＥＨＡⅢ６－Ａ号,2023-06-12,株式会社
株式会社佐藤剛事務所,東京都世田谷区千歳台６丁目１６番３号東京テラスＧ棟８０５,2023-06-12,株式会社
株式会社佐藤工業,神奈川県横須賀市長井５丁目１０番３０号,2023-06-12,株式会社
株式会社佐野,京都府京都市下京区西七条西久保町２３番地グランフェルティ京都梅小路１０５,2023-06-12,株式会社
株式会社光の樹,兵庫県三田市狭間が丘５丁目４－４,2023-06-12,株式会社
株式会社加納屋,山形県南陽市長岡６７１番地の１,2023-06-12,株式会社
株式会社北青山ＰＳＷオフィス,東京都港区北青山１丁目４番１号,2023-06-12,株式会社
株式会社協栄プラントサービス,青森県上北郡六ヶ所村大字尾駮字野附３４６番地２,2023-06-12,株式会社
株式会社司電アドバンス,兵庫県神戸市長田区浪松町４丁目１－１６,2023-06-12,株式会社
株式会社吉田企画,東京都渋谷区渋谷２丁目１９番１５号宮益坂ビルディング６０９,2023-06-12,株式会社
株式会社和広建設,広島県広島市東区戸坂大上１丁目１番４号,2023-06-12,株式会社
株式会社嘉賢科技,東京都豊島区池袋２丁目６６番３号同源ビル５Ｆ,2023-06-12,株式会社
株式会社地域・ＰＰＰ総合研究所,福岡県福岡市早良区百道３丁目１０番３０－４１３号,2023-06-12,株式会社
株式会社基,徳島県三好市池田町マチ２１７８番地２７,2023-06-12,株式会社
株式会社大国塗装店,埼玉県戸田市喜沢２丁目２５番地の１１－１０２号,2023-06-12,株式会社
株式会社大工タカハギ,埼玉県春日部市大沼６丁目１３３番地３,2023-06-12,株式会社
株式会社宇栄原塗装,神奈川県横浜市鶴見区潮田町４丁目１５２番地３０,2023-06-12,株式会社
株式会社宇都宮製作所,大阪府大阪市生野区巽北４丁目２番２２号ＢＡＤＧＥ北巽５０９号,2023-06-12,株式会社
株式会社宏鋼,埼玉県新座市馬場２丁目５番４号,2023-06-12,株式会社
株式会社宮古島工業,沖縄県宮古島市平良字荷川取５１５番地１７,2023-06-12,株式会社
株式会社小山田ファーム,北海道天塩郡豊富町字上サロベツ西九線２９０番地,2023-06-12,株式会社
株式会社平,福岡県糟屋郡篠栗町大字津波黒６０６番地８,2023-06-12,株式会社
株式会社平右衛門,兵庫県尼崎市瓦宮２丁目２５番１０号,2023-06-12,株式会社
株式会社幸総建,埼玉県新座市野火止７丁目１４番７号,2023-06-12,株式会社
株式会社庭猿,京都府京都市西京区松尾井戸町５６番地３,2023-06-12,株式会社
株式会社建美,北海道札幌市西区八軒五条西１０丁目１番４１－３１８号,2023-06-12,株式会社
株式会社弥生インフォテック,高知県高知市神田２３５６番地６１,2023-06-12,株式会社
株式会社成伸工業,秋田県にかほ市平沢字長表１５番地５,2023-06-12,株式会社
株式会社成楽,北海道札幌市中央区北三条西１７丁目２番３６北海航測ビル２階,2023-06-12,株式会社
株式会社承栄,東京都墨田区錦糸１丁目１４番７－５０３号ティックハウス,2023-06-12,株式会社
株式会社故郷,大阪府大阪市鶴見区安田３丁目１５－５,2023-06-12,株式会社
株式会社方文貿易,神奈川県横浜市都筑区勝田町３６８番地１,2023-06-12,株式会社
株式会社有馬電工,福岡県福岡市東区雁の巣２丁目３２番６号,2023-06-12,株式会社
株式会社本田工業,熊本県上益城郡甲佐町大字府領６４７番地,2023-06-12,株式会社
株式会社東北高商,秋田県秋田市広面字鍋沼７３番地３,2023-06-12,株式会社
株式会社東輝,東京都北区赤羽１丁目５２－４グリーンマンション３０２号室,2023-06-12,株式会社
株式会社松葉屋,埼玉県春日部市梅田３丁目１７４,2023-06-12,株式会社
株式会社桃の木会,沖縄県那覇市首里赤平町２丁目１３番地２赤平市街地分譲住宅１階,2023-06-12,株式会社
株式会社桜トラスト,福岡県糟屋郡宇美町若草１丁目１９番２４号,2023-06-12,株式会社
株式会社梶山農園,福岡県みやま市山川町尾野１４３９番地２,2023-06-12,株式会社
株式会社櫻木総合事務所,福岡県田川市上本町９－２７,2023-06-12,株式会社
株式会社水口石油,奈良県宇陀郡御杖村大字菅野３９８番地,2023-06-12,株式会社
株式会社永水クリーンセンター,鹿児島県鹿児島市小川町２７番２号,2023-06-12,株式会社
株式会社永田工業,宮崎県日向市本町１０番４２号やまとハイツ１０１号,2023-06-12,株式会社
株式会社浅井,愛知県愛西市元赤目町川並２４８番地４,2023-06-12,株式会社
株式会社田口塩鶏,愛知県北設楽郡設楽町田口字玉ノ木３番地１,2023-06-12,株式会社
株式会社目黒ビューティーラボ,東京都目黒区五本木３丁目１番６号,2023-06-12,株式会社
株式会社相続思庵,神奈川県大和市深見３２１０番地１９,2023-06-12,株式会社
株式会社福プロダクション,東京都港区西麻布３丁目６番１号六本木センチュリオンタワー,2023-06-12,株式会社
株式会社福和,千葉県習志野市大久保２丁目２番３号,2023-06-12,株式会社
株式会社福岡中央コンサルタント,福岡県福岡市中央区唐人町１丁目１２番３１－６０５号,2023-06-12,株式会社
株式会社積小商事,埼玉県さいたま市大宮区桜木町１丁目３７８番地ＢＩＺｃｏｍｆｏｒｔ大宮西口５０７,2023-06-12,株式会社
株式会社空蒼知３１,愛知県名古屋市中村区名駅南２丁目３番３７号,2023-06-12,株式会社
株式会社絆伸興業,愛知県豊川市牛久保町八幡口１０２番地の２,2023-06-12,株式会社
株式会社結び,栃木県さくら市氏家１８５１－１ｅプラザ参番館２Ｆ,2023-06-12,株式会社
株式会社結工房,京都府京都市上京区西洞院通中立売下る菊屋町２５２番地１,2023-06-12,株式会社
株式会社結心,東京都渋谷区千駄ヶ谷３丁目３－３エグゼクティブ原宿７０１,2023-06-12,株式会社
株式会社結萌,大阪府大阪市阿倍野区天王寺町南３丁目１１番２３－１３０２号,2023-06-12,株式会社
株式会社縁の和,大阪府大阪市住之江区中加賀屋３丁目３番１１号グランアッシュ中加賀屋プレミア８０２,2023-06-12,株式会社
株式会社美浦屋,秋田県潟上市天王字二田２１９番地４７,2023-06-12,株式会社
株式会社聖栄工業,東京都江戸川区興宮町３番１号リブリ・興２０７,2023-06-12,株式会社
株式会社自分,東京都品川区旗の台１丁目１０番１６号,2023-06-12,株式会社
株式会社自由な生活．,沖縄県宮古島市伊良部字前里添５５４番地１,2023-06-12,株式会社
株式会社花渕設備,東京都板橋区大山金井町１９番５号,2023-06-12,株式会社
株式会社苅谷建設,大阪府大阪市此花区朝日２丁目４番８号,2023-06-12,株式会社
株式会社若桜クリエイト,兵庫県宝塚市泉町１９番２８号,2023-06-12,株式会社
株式会社菅建設,兵庫県宝塚市美幸町１番３４号エアロプレーン宝塚１階Ｂ号室,2023-06-12,株式会社
株式会社菜乃花,埼玉県蓮田市藤ノ木４丁目１７４番地,2023-06-12,株式会社
株式会社薫化舎ふくしま,福島県郡山市赤木町２１番１０号エトワール赤木５Ｆ,2023-06-12,株式会社
株式会社薬膳ＤＥ美,神奈川県横浜市鶴見区矢向６丁目１８番１７号,2023-06-12,株式会社
株式会社藤田電気,京都府相楽郡精華町大字下狛小字上新庄６６番地３,2023-06-12,株式会社
株式会社輝來,鹿児島県鹿児島市谷山中央１丁目４３９９番地大重ビル２Ｆ,2023-06-12,株式会社
株式会社輝流工業,福岡県北九州市小倉北区新高田１丁目９番９号,2023-06-12,株式会社
株式会社遊名人,秋田県仙北市角館町中菅沢９４番地７,2023-06-12,株式会社
株式会社銘希商事,兵庫県姫路市西夢前台２丁目１５番地,2023-06-12,株式会社
株式会社長野電機,長野県須坂市大字福島２５９番地,2023-06-12,株式会社
株式会社阿部改進商店,宮城県石巻市湊字伊原津８番地,2023-06-12,株式会社
株式会社陳瑜,宮城県角田市横倉字福室８５番地１,2023-06-12,株式会社
株式会社須崎の洲ＰＦＩサービス,高知県須崎市港町９番２３号,2023-06-12,株式会社
株式会社１ＰＬＵＳ,埼玉県狭山市新狭山２丁目８番地の７,2023-06-12,株式会社
株式会社３,愛知県名古屋市守山区瀬古東１丁目１３１９番地,2023-06-12,株式会社
株式会社４４,京都府城陽市寺田尼塚４７番地１１,2023-06-12,株式会社
株式会社７７４,埼玉県坂戸市大字東和田２１１番地,2023-06-12,株式会社
株式会社７ＣＡＭＰＳＴＡＲＳ,神奈川県横浜市中区山下町１０６－１光元ビル２階,2023-06-12,株式会社
株式会社９Ｏｃｔｅｔ,埼玉県川越市大字鯨井１５５５番地４（鯨井サイコロＥ号棟）,2023-06-12,株式会社
株式会社Ａ’ｓ　ｖｉｓｉｏｎ,愛知県名古屋市中区新栄２丁目４０－６グランルクレ新栄ウエスト９０７,2023-06-12,株式会社
株式会社Ａ．,大阪府大阪市福島区海老江５丁目２番６－１００１号,2023-06-12,株式会社
株式会社ＡＤ　ＬＥＯＮ,大阪府大阪市淀川区木川東３丁目４番１１号,2023-06-12,株式会社
株式会社ＡＩＺＡＷＡホールディングス,愛知県岡崎市井田町字稲場２番地１,2023-06-12,株式会社
株式会社ＡＫＡＭＡ,東京都台東区浅草５丁目７２番９号,2023-06-12,株式会社
株式会社ＡＭＵＺＡ,長野県茅野市仲町５番２０号,2023-06-12,株式会社
株式会社ＡＳＩＳ,埼玉県東松山市材木町６番８号,2023-06-12,株式会社
株式会社ＡＸＩＳ,埼玉県久喜市菖蒲町菖蒲１９０,2023-06-12,株式会社
株式会社ＡｌｌｏＯｔａ,東京都大田区多摩川１丁目７番６号ＣＯＣＯＳＰＡＣＥ多摩川２階,2023-06-12,株式会社
株式会社Ａｎｄ,東京都港区北青山２丁目１２番８号ＢＩＺＳＭＡＲＴ青山,2023-06-12,株式会社
株式会社Ａｎｏａｋ,東京都港区六本木５丁目１６番５号インペリアル六本木１号館６００号室,2023-06-12,株式会社
株式会社Ａｐｌｕｍ,大阪府茨木市平田台１番９号,2023-06-12,株式会社
株式会社Ａｔｌａｓ　Ｃｒｅａｔｉｏｎ,東京都渋谷区恵比寿２丁目２８番１０号秀ビルＥ２２,2023-06-12,株式会社
株式会社Ｂ‐Ｓｍｉｌｅ,愛知県知多市岡田字江口山５番地１,2023-06-12,株式会社
株式会社ＢＬＡＣＫＨＯＬＥ,東京都新宿区大久保２丁目１５番９－１０６号,2023-06-12,株式会社
株式会社ＢＳＬ,青森県むつ市金谷１丁目１６－７,2023-06-12,株式会社
株式会社Ｂｅ　Ｔｏｇｅｔｈｅｒ,大阪府大阪市中央区南本町１丁目６番７－２１１１号,2023-06-12,株式会社
株式会社Ｂｕｉｌｄ,山梨県甲府市古上条町５３４番地３,2023-06-12,株式会社
株式会社Ｃ’ｅｓｔ　ｌｅ　ｐｉｅｄ,京都府京都市伏見区羽束師古川町２１９番地２３,2023-06-12,株式会社
株式会社ＣＦＯファイブ,東京都千代田区九段南１丁目５－６りそな九段ビル５Ｆ・ＫＳフロア,2023-06-12,株式会社
株式会社ＣＩＲＣＵＳ,東京都中野区東中野３丁目２３番８号,2023-06-12,株式会社
株式会社Ｃａｔｉｏｎ,東京都荒川区南千住２丁目３番１号,2023-06-12,株式会社
株式会社ＣｏＰａｌｅｔｔｅ,大阪府茨木市東太田４丁目７番１３号の３,2023-06-12,株式会社
株式会社ＣｏｍｐａｎｙＢ,東京都港区南青山３丁目１番３６号青山丸竹ビル６Ｆ,2023-06-12,株式会社
株式会社Ｃｏｒｅ,大阪府大阪市中央区農人橋１丁目１番７号谷町エクセルビル８Ｆ,2023-06-12,株式会社
株式会社Ｃｒａｆｔ　Ａｇｅｎｔ,山梨県山梨市上神内川１６４６番地ステーションビル竹川３－Ａ,2023-06-12,株式会社
株式会社Ｃｒｅｓｃｅｎｔ,東京都港区浜松町２丁目２番１５号浜松町ダイヤビル２Ｆ,2023-06-12,株式会社
株式会社Ｄ‐ＲＩＳＥ,兵庫県高砂市北浜町牛谷６３番地の１,2023-06-12,株式会社
株式会社ＤＡＩＬＥ,愛知県名古屋市千種区池下町２丁目３７番地グランドメゾン池下ザ・タワー２７０２号,2023-06-12,株式会社
株式会社Ｄｉｘｒｏｓ,東京都渋谷区神宮前６丁目２３番４号桑野ビル２階,2023-06-12,株式会社
株式会社ＥＬＳ,東京都港区南青山２丁目７番３０号ムラハンビル１Ｆ,2023-06-12,株式会社
株式会社Ｅｌｅｖｅｎ　Ｃｌｅａｎ　Ｐｌｕｓ,埼玉県入間市東藤沢６丁目２５番２３号３０１,2023-06-12,株式会社
株式会社ＥｎＣｏｎｎｅｃｔｉｏｎ,埼玉県東松山市大字石橋１６０１番地,2023-06-12,株式会社
株式会社Ｅｙｅ　Ｕｎｉｖｅｒｓｅ,東京都千代田区紀尾井町３番３３号プリンス通りビル２階,2023-06-12,株式会社
株式会社Ｆ‐ＭＳ,東京都渋谷区神宮前６丁目３５番３－５０２号,2023-06-12,株式会社
株式会社Ｆ・Ｆ・Ｃ,埼玉県川口市柳崎２丁目９番２号,2023-06-12,株式会社
株式会社ＦＵＪＩＴＥＸ,秋田県仙北市田沢湖角館東前郷字中関４８－４,2023-06-12,株式会社
株式会社ＦＵＫＵＲＩ,静岡県掛川市駅前５番地の１２ポレスター掛川８０２,2023-06-12,株式会社
株式会社Ｆｉｒｓｔ愛,東京都渋谷区恵比寿３丁目４８番５号グランデ恵比寿５０７,2023-06-12,株式会社
株式会社ＦｉｖｅＳロジスティクス,埼玉県八潮市大字大瀬１８３４番地１,2023-06-12,株式会社
株式会社ＧＣＥインスティチュート,東京都中央区銀座６丁目６番１号,2023-06-12,株式会社
株式会社ＧＬブリティッシュ,兵庫県神戸市中央区新港町１１番１号,2023-06-12,株式会社
株式会社ＧＯＯＤ　ＷＡＶＥ,東京都足立区佐野２丁目４３番１４－５０１号,2023-06-12,株式会社
株式会社ＧＲｉＮＳ,神奈川県横浜市都筑区牛久保東２丁目８番地４,2023-06-12,株式会社
株式会社Ｈ‐ＴＥＣ,兵庫県加古郡稲美町六分一１２９２番地１,2023-06-12,株式会社
株式会社ＨＡＬ　ＳＹＳＴＥＭ．,愛知県一宮市瀬部字小出７番地３,2023-06-12,株式会社
株式会社ＨＡＲＮＡＳ,東京都新宿区北新宿１丁目７番１７号ＫＥＮＨＥＩＭ１０３,2023-06-12,株式会社
株式会社ＨＩＲＯ,大阪府大阪市北区大淀中５丁目８番２１号,2023-06-12,株式会社
株式会社ＨＩＴＨ,東京都足立区南花畑４丁目３１番４号Ｍ・Ｙ第２ビル２０１,2023-06-12,株式会社
株式会社Ｈｅｌｐｆｕｌ,神奈川県川崎市川崎区浅田３丁目１０番２２号,2023-06-12,株式会社
株式会社ＩＢＳ,兵庫県川西市西畦野１丁目１７番１０号,2023-06-12,株式会社
株式会社ＩＣＨＩ,神奈川県大和市南林間６丁目３番６号,2023-06-12,株式会社
株式会社ＩＭＡＭＵＲＡ,大阪府枚方市招提南町１丁目２２番９号,2023-06-12,株式会社
株式会社ＩＹＡＳＨＩ,神奈川県大和市中央２丁目１番２１号モミヤマビル２階,2023-06-12,株式会社
株式会社Ｉｎｔｅｒｃｈａｎｇｅ,北海道帯広市西九条南１９丁目８番地６,2023-06-12,株式会社
株式会社Ｊ,岡山県岡山市北区旭本町１番地３５,2023-06-12,株式会社
株式会社ＪＡＳＰＥＲ　ＣＲＥＡＴＩＯＮ,兵庫県西脇市西脇６８５番地の１０,2023-06-12,株式会社
株式会社ＪＢＬ,東京都豊島区上池袋２丁目２８番５号,2023-06-12,株式会社
株式会社Ｊｉｒホールディングス,埼玉県さいたま市中央区上落合２丁目３－２－５階,2023-06-12,株式会社
株式会社Ｋ‐ＬＥＡＧＵＥ,東京都中央区晴海３丁目６番８－３５１３号,2023-06-12,株式会社
株式会社Ｋ’ｓ　ＣＯＮＮＥＣＴ,東京都府中市新町２丁目６８番地９,2023-06-12,株式会社
株式会社Ｋ’ｓ　Ｏｆｆｉｃｅ,東京都港区六本木４丁目３番１１号六本木ユニハウス２２３,2023-06-12,株式会社
株式会社ＫＥＮＳＯＬ,福岡県築上郡吉富町大字今吉２０‐１,2023-06-12,株式会社
株式会社ＫＩＮＨＩＤＡ,岐阜県下呂市金山町金山２３７３番地１３,2023-06-12,株式会社
株式会社ＫＩＲＩＮＡ,富山県富山市布目１５１５‐５,2023-06-12,株式会社
株式会社ＫＳＩ,兵庫県神戸市兵庫区水木通９丁目１番４０－６０２号,2023-06-12,株式会社
株式会社Ｋｕｍｕｒａ　Ｔｅｃｈｎｏ,大阪府堺市西区浜寺諏訪森町東１丁１９番地３諏訪ノ森ガーデンハウス２０５号,2023-06-12,株式会社
株式会社ＬＡＵＮＣＨ,東京都港区新橋６丁目８番１－３０６号室,2023-06-12,株式会社
株式会社ＬＩＮＯＡＣＥ,兵庫県神戸市中央区港島中町３丁目２番地１ポートアイランド団地６１号棟４０７号,2023-06-12,株式会社
株式会社ＬＳＭ,東京都中央区銀座７丁目１３番２０号銀座ＴＨビル９階,2023-06-12,株式会社
株式会社ＬａｄｙＰｒｏｍｏｔｉｏｎ,福岡県福岡市中央区天神３丁目６番１２号天神岡部ビル５階,2023-06-12,株式会社
株式会社Ｌｉｎｋ,神奈川県大和市南林間６丁目２９番３２号ドゥフォレストⅡ－３０２,2023-06-12,株式会社
株式会社Ｌｏｇｉ　Ｐｏｉｎｔ,神奈川県伊勢原市板戸３８８番地１野村ビル１階,2023-06-12,株式会社
株式会社Ｌｏｗｅ,東京都渋谷区東２丁目１４番２８号ラフィーネ渋谷Ａ棟,2023-06-12,株式会社
株式会社Ｍ,大阪府堺市堺区旭ヶ丘北町４丁４番２８号,2023-06-12,株式会社
株式会社Ｍアシスト,愛知県安城市古井町釈迦山４番地,2023-06-12,株式会社
株式会社ＭＡＮＥＬＡ,東京都中央区銀座１丁目１２番４号Ｎ＆ＥＢＬＤ．６Ｆ,2023-06-12,株式会社
株式会社ＭＡＯＭＯ総合研究所,大阪府大阪市北区鶴野町３番９－２８０６号,2023-06-12,株式会社
株式会社ＭＡＺＵＥＬ,長崎県長崎市鳴見町５０番地１,2023-06-12,株式会社
株式会社ＭＥＤＶＥＤ,愛知県大府市桃山町２丁目２８２番地,2023-06-12,株式会社
株式会社ＭＪＴｅＫ,東京都新宿区新宿５丁目１４番１２号,2023-06-12,株式会社
株式会社ＭＯＶＩＣ,東京都港区南青山２丁目２番１５号,2023-06-12,株式会社
株式会社ＭＰｒａｓ,静岡県焼津市栄町１丁目１０番１０号,2023-06-12,株式会社
株式会社ＭＲＫ,神奈川県横浜市港北区日吉７丁目２０番３６号,2023-06-12,株式会社
株式会社ＭＲＫコーポレーション,神奈川県横浜市中区曙町２丁目２３番地１,2023-06-12,株式会社
株式会社ＭＳＫホールディングス,東京都立川市幸町３丁目１６番地の１,2023-06-12,株式会社
株式会社ＭＵ企画,愛知県名古屋市中区栄５丁目２１番３７号グランルージュ栄Ⅱ１１０２号,2023-06-12,株式会社
株式会社Ｍｓｔｙｌｅ,鹿児島県鹿児島市岡之原町４１６番地１,2023-06-12,株式会社
株式会社ＮＤＳ,大阪府大阪市西区立売堀５丁目６番１５号,2023-06-12,株式会社
株式会社ＮＯ．８,宮城県塩竈市杉の入１丁目１番５号,2023-06-12,株式会社
株式会社ＮＯＸ　ＤＥＳＩＧＮ,東京都世田谷区松原５丁目２７－１０,2023-06-12,株式会社
株式会社ＮＴＥＣコーポレーション,兵庫県姫路市広畑区正門通４丁目１０番地６,2023-06-12,株式会社
株式会社ＮｅｔＴｅｃｈ,福岡県福岡市南区的場１丁目１０番７号,2023-06-12,株式会社
株式会社ＮｅｘｔＡｒｃ,福岡県福岡市中央区薬院２丁目４番３９号７０３,2023-06-12,株式会社
株式会社ＯＨＡＮＡ商店,山梨県甲府市上今井町１５２７－７,2023-06-12,株式会社
株式会社ＯＫＩＮＡＷＡ　ＣＬＵＢ,沖縄県那覇市松島１丁目１１番２３号２Ｆ,2023-06-12,株式会社
株式会社ＯＮＥ　Ｑ,東京都国分寺市日吉町４丁目２２番地１,2023-06-12,株式会社
株式会社ＯＮＥＳＴ,東京都渋谷区恵比寿４丁目２０番４号,2023-06-12,株式会社
株式会社ＯＳエナジー,兵庫県西脇市堀町４００番地の５,2023-06-12,株式会社
株式会社ＯｒｅＢｉｓ,東京都港区東麻布１丁目１６番１０号,2023-06-12,株式会社
株式会社ＰＡＣＨＡ,兵庫県加古郡稲美町下草谷３４０番地の１１５,2023-06-12,株式会社
株式会社ＰＡＭ,福岡県春日市ちくし台２丁目５１番地,2023-06-12,株式会社
株式会社Ｐａｒａｄｉｇｍ　Ｓｈｉｆｔ,東京都港区赤坂４丁目８番１９号赤坂フロントタウン３階,2023-06-12,株式会社
株式会社Ｐｅｃｕｎｉａ　Ｃｏｎｓｕｌｔｉｎｇ,東京都台東区浅草橋３丁目２８番２号,2023-06-12,株式会社
株式会社Ｐｅｌｅ,島根県松江市浜乃木４丁目１１番８号,2023-06-12,株式会社
株式会社Ｐｒｉｍｅ,埼玉県行田市大字真名板２０９５番地,2023-06-12,株式会社
株式会社ＲＥＶＩＶＡＬ,神奈川県相模原市緑区寸沢嵐９１９番地３,2023-06-12,株式会社
株式会社ＲＯＣＫ・ＯＮＥ,高知県高知市梅ノ辻２番５号大幸ビル,2023-06-12,株式会社
株式会社ＲｕＲｅｉ’ｓ,栃木県小山市大字南半田４１３－１１,2023-06-12,株式会社
株式会社Ｓ２Ｌｉｎｅ,福岡県福岡市東区蒲田２丁目９８０番地,2023-06-12,株式会社
株式会社ＳＤＳおひさま１号,東京都港区東新橋２丁目１１番７号,2023-06-12,株式会社
株式会社ＳＯＲＡＩＥ,兵庫県尼崎市昭和通６丁目２０３番地の１藤和ハイタウン尼崎８０４号,2023-06-12,株式会社
株式会社ＳＰケア,秋田県潟上市天王字追分西７０番地３－１０５号,2023-06-12,株式会社
株式会社ＳＹＯＫＯＲＡ　ｆｔ．ＲＩＫＹＵ,愛知県名古屋市瑞穂区汐路町３丁目３４番地２,2023-06-12,株式会社
株式会社Ｓｈｅｅｍｅｔｚ,石川県金沢市稚日野町南３１７番地３,2023-06-12,株式会社
株式会社Ｓｉｘｔｙ　ｓｉｘ,東京都目黒区青葉台３丁目４番１－１２０１号タワーテラス目黒青葉台,2023-06-12,株式会社
株式会社Ｓｋｙ　Ｈｏｍｅ,京都府向日市寺戸町東田中瀬１７番地３,2023-06-12,株式会社
株式会社Ｔ‐ａｓ,広島県広島市南区宇品御幸２丁目１－２０,2023-06-12,株式会社
株式会社Ｔ＆Ｓサービス,埼玉県春日部市大畑２１７番地１,2023-06-12,株式会社
株式会社ＴＡＲＩＵＳ,埼玉県鴻巣市加美１丁目４番８号,2023-06-12,株式会社
株式会社ＴＨＩＲＤ　ＨＥＲＯ,神奈川県横浜市都筑区荏田南４丁目２３番２３号,2023-06-12,株式会社
株式会社ＴＫ機工,静岡県御殿場市印野１７０６番地,2023-06-12,株式会社
株式会社ＴＫ産業,群馬県北群馬郡榛東村大字新井２８７２番地２４,2023-06-12,株式会社
株式会社ＴＬＣ,東京都港区元麻布２丁目１－２１ＹＳビル１階,2023-06-12,株式会社
株式会社ＴＯＨ,東京都渋谷区神宮前６丁目１２番１８号,2023-06-12,株式会社
株式会社ＴＯＳ,東京都港区芝２丁目２２番１７号,2023-06-12,株式会社
株式会社ＴＷ,兵庫県豊岡市城崎町湯島９６番地,2023-06-12,株式会社
株式会社ＴｗｏＴｈｒｅｅ,福岡県福岡市西区姪の浜６丁目４番１１－１１０１号,2023-06-12,株式会社
株式会社ＵＳＣ,千葉県市原市北国分寺台４丁目１０番地４,2023-06-12,株式会社
株式会社ＷＡＣ,大阪府大阪市北区西天満５丁目１番１１号西天満５１１ビル１Ｆ,2023-06-12,株式会社
株式会社ＷＡＦＵＫＵ　Ｌａｂｓ,東京都港区浜松町２丁目２番１５号浜松町ダイヤビル２Ｆ,2023-06-12,株式会社
株式会社ＷＩＬＬｇｌｏｓｓｙ,埼玉県鴻巣市本町４丁目７番２７－１００５号,2023-06-12,株式会社
株式会社ＷＰＣＡ,福岡県福岡市中央区西公園１３番１２号,2023-06-12,株式会社
株式会社ＸＥＮＯＮ,福岡県福岡市東区香椎駅前３丁目５番１５号,2023-06-12,株式会社
株式会社ＹＧＦ,東京都台東区台東２丁目２６番１‐６０１号ＵＮＲＥＶＥ,2023-06-12,株式会社
株式会社ＹＭＫインスペクション,東京都千代田区外神田６丁目８－１０－１Ｆ,2023-06-12,株式会社
株式会社ＹＵＴＡＫＡ,大阪府堺市堺区北庄町２丁２番２１号,2023-06-12,株式会社
株式会社ＺＥＢＲＡ総建,山梨県笛吹市石和町四日市場７５０番地６,2023-06-12,株式会社
株式会社ＺＥＲＯＩＣＨＩ,東京都新宿区西新宿３丁目３番１３号西新宿水間ビル６階,2023-06-12,株式会社
株式会社ＺＥＲＱ,大阪府藤井寺市津堂２丁目６番４７号,2023-06-12,株式会社
株式会社ａｎｄ　Ｍｏｒｅ,群馬県前橋市南町３丁目５０番地２プラザアン２階Ｄ－４１,2023-06-12,株式会社
株式会社ｆｉｃｙｅｔ,神奈川県横浜市西区西戸部町１丁目９１番地,2023-06-12,株式会社
株式会社ｇｒａｚｉｅ,神奈川県横浜市中区扇町２丁目８番６号第二東里ビル４１４号室,2023-06-12,株式会社
株式会社ｈ．ｃｕｂｅｄ,埼玉県行田市棚田町１丁目４２番地５ライフピア１０１Ａ,2023-06-12,株式会社
株式会社ｈａｒｍｏｎｙ,東京都港区西麻布３丁目６番１号六本木センチュリオンタワー,2023-06-12,株式会社
株式会社ｈａｒｕ　ｈａｎａ,宮城県加美郡色麻町四竃字新宿二番６２番地,2023-06-12,株式会社
株式会社ｌｅ　ＳＵＮ　ｒｏｉ,神奈川県横浜市都筑区大熊町７１９番地,2023-06-12,株式会社
株式会社ｌｉｆｅｃｔ,埼玉県さいたま市南区別所７丁目１５－８－１４０３,2023-06-12,株式会社
株式会社ｎａｔｕｒａｌ,千葉県野田市山崎２７０２番地の１５８,2023-06-12,株式会社
株式会社ｓｆｉｄａ,東京都渋谷区笹塚２丁目２７番５号,2023-06-12,株式会社
株式会社ｓｔｏｘｔｏｃｋ,大阪府大阪市中央区南船場４丁目１０番２０号,2023-06-12,株式会社
株式会社ｓｕｍｉｋａ,東京都港区浜松町１丁目１８番１３号高桑ビル３階,2023-06-12,株式会社
株式会社ｔｒｏｎ,兵庫県洲本市物部３丁目６番１８号,2023-06-12,株式会社
株式会社ｕｎｉ’ｓ　ｂｅｓｔ,大阪府枚方市岡東町１７－３１,2023-06-12,株式会社
株式会社ｗｏｒｌｄ　ｐｌｕｓ,東京都港区六本木３丁目１３番１０号北麻布ビルディング４Ｆ,2023-06-12,株式会社
楽漢堂３３株式会社,東京都立川市砂川町２丁目５８番地の１３,2023-06-12,株式会社
永恒株式会社,福岡県福岡市中央区天神４丁目７７番地３階３０７号,2023-06-12,株式会社
淳風Ａｃｃｏｕｎｔｉｎｇ合同会社,京都府京都市西京区桂御所町１番地９９,2023-06-12,合同会社
焼肉ジュージュー株式会社,北海道標津郡中標津町東二条北１丁目２番地,2023-06-12,株式会社
特定非営利活動法人しゅわっち,愛知県北名古屋市沖村西ノ郷２０５番地,2023-06-12,その他の設立登記法人
特定非営利活動法人Ｇｒｅｅｎ　Ｊｏｕｒｎｅｙ,愛知県名古屋市瑞穂区船原町６丁目１５番地の４,2023-06-12,その他の設立登記法人
知行国際株式会社,福岡県福岡市博多区祇園町８番１２号,2023-06-12,株式会社
社会保険労務士法人メイカーズ,福岡県福岡市博多区博多駅東３丁目１番２９号博多第２ムカヰビル５０１号,2023-06-12,その他の設立登記法人
社会保険労務士法人池井戸労務事務所,愛知県名古屋市中村区名駅南４丁目６番１７号,2023-06-12,その他の設立登記法人
福浜ホールディングス株式会社,福島県いわき市小名浜字中原１０番地の３０,2023-06-12,株式会社
福盛建設合同会社,東京都江戸川区西小岩２丁目１９番１６号,2023-06-12,合同会社
税理士法人ＴＡＫＥＵＣＨＩ,大阪府大阪市中央区瓦町２丁目３番１５号ＪＵＮ’Ｓ瓦町ビルディング内,2023-06-12,その他の設立登記法人
紬建築株式会社,大阪府高石市綾園３丁目１１番９号,2023-06-12,株式会社
萬福発電合同会社,兵庫県明石市大蔵町２５番２－２号,2023-06-12,合同会社
蒼星株式会社,愛知県海部郡大治町大字三本木字寒宿５番地の２,2023-06-12,株式会社
隆鑫合同会社,茨城県結城市大字結城１２６８１,2023-06-12,合同会社
電力エージェント株式会社,福岡県福岡市城南区堤１丁目２番２０号,2023-06-12,株式会社
飛羽株式会社,埼玉県川口市青木西二丁目１番１号,2023-06-12,株式会社
高橋会計合同会社,神奈川県川崎市麻生区百合丘２丁目１８番地１２,2023-06-12,合同会社
黒姫ガーデン合同会社,長野県上水内郡信濃町大字野尻２１８０,2023-06-12,合同会社
龍江合同会社,東京都荒川区東尾久２丁目２－９三祥ビル２２４号室,2023-06-12,合同会社
８２合同会社,佐賀県唐津市西城内２番１７－２号,2023-06-12,合同会社
Ａ．Ｏ＆ＡＳＳＯＣＩＡＴＥＳ株式会社,群馬県前橋市南町３丁目３６番地２,2023-06-12,株式会社
Ａ２Ｚ　ＰＬＡＮＮＩＮＧ合同会社,沖縄県沖縄市仲宗根町３番１１号,2023-06-12,合同会社
ＡＤＤ　ＪＡＰＡＮ株式会社,福岡県福岡市中央区赤坂３丁目１３番３号ＡｋａｓａｋａＳａｎａｓ,2023-06-12,株式会社
ＡＩＥ　ＤＥＳＩＧＮ　ＨＯＭＥ株式会社,兵庫県尼崎市南塚口町１丁目３番１４号,2023-06-12,株式会社
ＡＯＹＵ　ＥＲＡ　ＩＮＴＥＲＮＡＴＩＯＮＡＬ　ＴＥＣＨＮＯＬＯＧＹ　ＣＯ．，ＬＩＭＩＴＥＤ,,2023-06-12,外国会社等
ＡＳアドバイザリー合同会社,京都府京都市中京区御池通高倉西入ル高宮町２１９番地サニーフォレストビル４階,2023-06-12,合同会社
ＡＴＮ　Ｗｏｒｌｄ　ＣＡＰＩＴＡＬ合同会社,東京都港区赤坂２丁目１７番５０－４０１号,2023-06-12,合同会社
Ａｃｅ‐ＫＥ　Ｃｏｎｓｕｌｔｉｎｇ株式会社,北海道網走郡大空町女満別東陽３丁目３－８,2023-06-12,株式会社
ＡｉＺｅｒｏ　Ｔｅｃｈｎｏｌｏｇｙ株式会社,神奈川県横浜市西区みなとみらい３丁目７番１号オーシャンゲートみなとみらい８階,2023-06-12,株式会社
Ａｋｉ合同会社,埼玉県川口市芝富士１丁目２０番９号,2023-06-12,合同会社
Ａｎｏｔｈｅｒ　ｓｔｏｒｙ合同会社,東京都渋谷区道玄坂１丁目１０番８号渋谷道玄坂東急ビル２Ｆ－Ｃ,2023-06-12,合同会社
Ａｓｋ‐Ｐｒｏｆ株式会社,兵庫県芦屋市岩園町５番６号,2023-06-12,株式会社
Ａｖａｒｉｄｇｅ株式会社,岡山県倉敷市沖５３０番地１６,2023-06-12,株式会社
ＢＡＫＥ　ＡＮＤ　ＬＩＦＥ合同会社,東京都渋谷区道玄坂１丁目１０番８号渋谷道玄坂東急ビル２Ｆ－Ｃ,2023-06-12,合同会社
ＢＢ　ＰＲＯＰＥＲＴＹ株式会社,東京都港区元赤坂１丁目７番１７号,2023-06-12,株式会社
ＢＬＵＥ　ＯＣＥＡＮ　ＳＴＵＤＩＯ株式会社,神奈川県横浜市保土ケ谷区東川島町４７－７,2023-06-12,株式会社
Ｂｅｉｊｉｎｇ　Ｚｈｏｎｇｈｅ　Ｚｈｉｃｈｅｎｇ　Ａｄｖｅｒｔｉｓｉｎｇ　Ｍｅｄｉａ　Ｌｔｄ．,,2023-06-12,外国会社等
ＢｒｉｄｇｅＢｏｎｄ合同会社,東京都豊島区北大塚２丁目２５番２－３０２号,2023-06-12,合同会社
ＢｒｉｇｈｔＲｏａｄ合同会社,三重県伊勢市船江１丁目６番３２号,2023-06-12,合同会社
ＣＩＮＥＰＨＩＬＥ株式会社,東京都港区赤坂８丁目１１番３８－２５０１号,2023-06-12,株式会社
ＣＯＮＴＵＴ合同会社,神奈川県伊勢原市石田８５０番地の１センターヒルズ２１弐番館６０１号,2023-06-12,合同会社
ＣＲＥＡＳ合同会社,兵庫県姫路市河間町３７番地,2023-06-12,合同会社
ＣＳ株式会社,大阪府大阪市浪速区日本橋５丁目１２－９共栄ビル４０５号,2023-06-12,株式会社
Ｃａｒｂｏｎ　ＥＸ株式会社,東京都港区六本木１丁目６番１号,2023-06-12,株式会社
Ｃｌｉｎｉｃ　Ｒｅｖａ株式会社,東京都港区南麻布１丁目２７番２０号,2023-06-12,株式会社
ＣｏｌｏｒＣｏｒａｌ　Ｉｎｃ．,,2023-06-12,外国会社等
Ｃｏｗ’ｓ株式会社,熊本県菊池市隈府１４９７番地７,2023-06-12,株式会社
Ｃｒｅ‐Ｄｒｅａｍ株式会社,千葉県印西市東の原２丁目６番地９,2023-06-12,株式会社
ＤＢＨ株式会社,岐阜県岐阜市日野南９丁目１番１７号,2023-06-12,株式会社
ＤＯＮＧＧＵＡＮ　ＣＡＭＥＬ　ＧＲＡＳＳ　ＮＥＴＷＯＲＫ　ＴＥＣＨＮＯＬＯＧＹ　ＣＯ．，ＬＴＤ．,,2023-06-12,外国会社等
Ｄｏｎｇｇｕａｎ　Ｄｉｓｈａ　Ｅｌｅｃｔｒｏｍｅｃｈａｎｉｃａｌ　Ｃｏ．，ＬＴＤ,,2023-06-12,外国会社等
Ｄｏｎｇｇｕａｎ　Ｓｈｉｎｕｏｆｅｉ　Ｏｕｔｄｏｏｒ　Ｅｑｕｉｐｍｅｎｔ　Ｃｏ．，Ｌｔｄ．,,2023-06-12,外国会社等
ＥＧＯトレード株式会社,東京都品川区南品川２丁目４番７号アサミビル９階,2023-06-12,株式会社
ＥＰ　Ｓｏｌｕｔｉｏｎ株式会社,東京都文京区小日向３丁目８番８号,2023-06-12,株式会社
Ｅｌｅｔｕｓ株式会社,福岡県福岡市東区香椎照葉６丁目２番５２－３３０７号アイランドシティオーシャン＆フォレストタワーレジデンスＷＥＳＴ,2023-06-12,株式会社
Ｅｎｐｉｎｇ　Ｒｕｉｘｉ　ｔｒａｄｉｎｇ　ｃｏ．，ｌｔｄ,,2023-06-12,外国会社等
ＦＩＢ株式会社,大阪府寝屋川市河北西町５１－１９,2023-06-12,株式会社
ＦＲ　ｃｏｒｅ株式会社,東京都港区六本木１丁目９番３５－１２０６号,2023-06-12,株式会社
Ｆｉｖｅ　Ｃｅｎｔｓ株式会社,東京都港区白金２丁目５番２０号,2023-06-12,株式会社
Ｆｕｚｈｏｕ　Ｙｉｎｇｔｕ　ｓｈａｎｇｍａｏｙｏｕｘｉａｎｇｏｎｇｓｉ,,2023-06-12,外国会社等
Ｇ　ＦＯＲＥＳＴ株式会社,宮崎県児湯郡都農町大字川北４８５３番地１,2023-06-12,株式会社
Ｇ５プロパティ合同会社,東京都千代田区麹町４丁目３番地４,2023-06-12,合同会社
ＧＬＯＢＡＬ　ＪＰＬ合同会社,東京都港区六本木６丁目１０－１六本木ヒルズ１６Ｆ,2023-06-12,合同会社
ＧＳＴ合同会社,東京都中央区銀座１丁目２２－１１銀座大竹ビジデンス２Ｆ,2023-06-12,合同会社
Ｇｏｌｄｅｎ　ＬＸ合同会社,埼玉県春日部市中央２丁目２６番地１９第５アオイビル３０３号,2023-06-12,合同会社
Ｇｕａｎｇ　Ｚｈｏｕ　Ｔｕｏ　Ｚａｎ　Ｍａｏ　Ｙｉ　Ｙｏｕ　Ｘｉａｎ　Ｇｏｎｇ　Ｓｉ,,2023-06-12,外国会社等
Ｇｕａｎｇｚｈｏｕ　ｙｉｎｆｕｍａｏｙｉ　ｙｏｕｘｉａｎｚｅｒｅｎｇｏｎｇｓｉ,,2023-06-12,外国会社等
Ｇｕａｎｇｚｈｏｕｓｈｉ　Ｙｉｄｅｍｉｎｇ　Ｄｉａｎｚｉｓｈａｎｇｗｕ　Ｙｏｕｘｉａｎｇｏｎｇｓｉ,,2023-06-12,外国会社等
ＨＢＦ株式会社,山梨県笛吹市石和町松本２２２番地１３０,2023-06-12,株式会社
ＨＹアソシエイツ株式会社,神奈川県横浜市青葉区新石川１丁目４番地２－２０１号,2023-06-12,株式会社
Ｈａｎｇｚｈｏｕ　Ｗｏ　Ｂｕ　Ｌａｉ　Ｄｅ　Ｊｉａ　Ｊｕ　Ｃｏ．，Ｌｔｄ,,2023-06-12,外国会社等
Ｈａｎｇｚｈｏｕ　ｗａｗａｚｈｉｎｅｎｇｋｅｊｉ　ｙｏｕｘｉａｎｇｏｎｇｓｉ,,2023-06-12,外国会社等
Ｈｅｎａｎ　Ｃｅｎｔｅｒ　Ｉｍｐｏｒｔ　ａｎｄ　Ｅｘｐｏｒｔ　Ｔｒａｄｅ　Ｃｏ．，Ｌｔｄ．,,2023-06-12,外国会社等
Ｈｕｍａｎ　Ｄｒｅａｍ　Ｌａｂｏ合同会社,東京都渋谷区円山町５番５号Ｎａｖｉ渋谷Ｖ３階,2023-06-12,合同会社
ＩｎｎｅｒＣｕｌｔｕｒｅ株式会社,東京都港区南青山３丁目１番３６号青山丸竹ビル６Ｆ,2023-06-12,株式会社
ＪＶＧ　Ｎａｔｕｒａｌ　Ｆａｒｍｉｎｇ　Ｉｎｖｅｓｔｍｅｎｔｓ株式会社,神奈川県川崎市川崎区中島３丁目７番１号川崎中盛会通りビル２階,2023-06-12,株式会社
Ｊａｄｅｍｏｎｙ合同会社,東京都新宿区高田馬場３丁目１－５サンパティオ高田馬場３０９号,2023-06-12,合同会社
Ｋ．ｌｉｆｉｘ株式会社,兵庫県加古川市別府町西脇２丁目１５番地,2023-06-12,株式会社
ＫＣ　Ｍａｉｎｔｅｎａｎｃｅ合同会社,大阪府富田林市東板持町３丁目２５－６,2023-06-12,合同会社
ＫＧＣ株式会社,福岡県福岡市中央区天神２丁目２番１２号Ｔ＆Ｊビルディング７Ｆ,2023-06-12,株式会社
ＫＩＳティンバー合同会社,岐阜県多治見市東山２丁目４番地１７,2023-06-12,合同会社
ＫＫキャピタル合同会社,東京都港区南青山３丁目１番３６号青山丸竹ビル６Ｆ,2023-06-12,合同会社
ＫＷＴ　ＩＮＶＥＳＴＭＥＮＴＳ株式会社,東京都港区西麻布３丁目６番１号六本木センチュリオンタワー７０１号,2023-06-12,株式会社
Ｋｅｔｔｌ　Ｔｅａ　Ｊａｐａｎ合同会社,福岡県久留米市梅満町１１６３－３グランピア六ツ門３０２号室,2023-06-12,合同会社
ＬＢＳホールディングス株式会社,埼玉県上尾市壱丁目南２２番地６,2023-06-12,株式会社
ＬａｓｔＲｅｓｏｒｔ合同会社,東京都港区浜松町２丁目２－１５浜松町ダイヤハイツ２Ｆ,2023-06-12,合同会社
Ｌｉｎｇｚ合同会社,富山県富山市桜木町１２番５号桜木プラザビル１階ＪＫ,2023-06-12,合同会社
Ｍ＆Ｊ　ＣＯＭＰＡＮＹ株式会社,福岡県福岡市中央区今泉２丁目４－３１－２０１,2023-06-12,株式会社
ＭＡＫＥＢＬＯＣＫ　ＨＯＮＧＫＯＮＧ　ＣＯＭＰＡＮＹ　ＬＩＭＩＴＥＤ,,2023-06-12,外国会社等
ＭＩＲＡＩ株式会社,山口県宇部市黒石北２丁目３番４８－２,2023-06-12,株式会社
ＭＩＺＵＨＩＫＩ　ＴＲＡＤＥ株式会社,東京都港区南青山２丁目２番１５号ＷｉｎＡｏｙａｍａビルＵＣＦ６３５,2023-06-12,株式会社
ＭＯ株式会社,北海道帯広市西五条南１５丁目１１番地３プラムフィールド５０１号,2023-06-12,株式会社
ＭＵＳＡ　ＴＲＡＤＩＮＧ合同会社,茨城県結城郡八千代町大字平塚４８２４番地１３－Ｂ,2023-06-12,合同会社
ＭＸＧＰ合同会社,東京都新宿区四谷２丁目９番地１５東京ユナイテッド綜合事務所内,2023-06-12,合同会社
ＭＸＴＫ合同会社,東京都新宿区四谷２丁目９番地１５東京ユナイテッド綜合事務所内,2023-06-12,合同会社
Ｍａｋｉｎｇ合同会社,愛知県稲沢市国府宮１丁目１１番３－２０４号,2023-06-12,合同会社
Ｍｅｍｅ合同会社,神奈川県横浜市鶴見区鶴見中央３丁目３番２１－１０８号,2023-06-12,合同会社
Ｍｉｙａｋｏ　Ｎｅｘｔ特定目的会社,東京都港区六本木１丁目６番１号泉ガーデンタワーＫＰＭＧ税理士法人内,2023-06-12,その他の設立登記法人
Ｍｒｃ．ｌｉｎｋ合同会社,大阪府大阪市中央区船場中央２丁目１番４－４１０号,2023-06-12,合同会社
ＮＡＳＥＥＭＡ　ＴＲＡＤＩＮＧ株式会社,埼玉県北葛飾郡杉戸町大字椿７６７番地３７,2023-06-12,株式会社
ＮＥｔｏＨＡ合同会社,神奈川県横浜市中区山下町２５５番地１,2023-06-12,合同会社
ＮＩＮＧＢＯ　ＨＵＩＮＩＮＧ　ＥＬＥＣＴＲＩＣＡＬ　ＣＯ．ＬＴＤ,,2023-06-12,外国会社等
ＮＴ株式会社,大阪府大阪市中央区南船場２丁目１１番４号,2023-06-12,株式会社
ＯＲＵＣ興業株式会社,愛知県春日井市牛山町１２６８－２０,2023-06-12,株式会社
Ｏｎｅ‐Ｓｔｏｐ　Ｃｏｎｓｕｌｔｉｎｇ株式会社,東京都港区芝浦１丁目１３番１０号,2023-06-12,株式会社
ＰＩＶＯＴＩＡ株式会社,東京都港区南青山３丁目１番３６号青山丸竹ビル６階,2023-06-12,株式会社
ＰＮＰ合同会社,茨城県つくば市二の宮２丁目１３番地３フレンズ洞峰６０１号,2023-06-12,合同会社
Ｐａｒｋｓｉｄｅ　Ｗａｒｅｈｏｕｓｅ合同会社,埼玉県富士見市大字水子３０５７－１,2023-06-12,合同会社
Ｐｒｏｃａｄｅ株式会社,東京都渋谷区道玄坂１丁目１０番８号渋谷道玄坂東急ビル２Ｆ－Ｃ,2023-06-12,株式会社
Ｐｕｊｉａｎｇ　Ｑｉａｎｗｅｉ　Ｍａｏｙｉ　Ｙｏｕｘｉａｎ　Ｇｏｎｇｓｉ,,2023-06-12,外国会社等
Ｑｉｎｇｄａｏ　Ａｉ　Ｒｕｉｓｅｎ　Ｅｙｅｌａｓｈｅｓ　Ｃｏ．，Ｌｔｄ．,,2023-06-12,外国会社等
Ｑｉｎｇｄａｏ　Ｘｉｚｉ　Ｉｎｔｅｒｎａｔｉｏｎａｌ　Ｔｒａｄｅ　Ｃｏ．，Ｌｔｄ．,,2023-06-12,外国会社等
Ｑｉｎｇｄａｏ　Ｙｅｅｈｏ　Ｓａｆｅｔｙ　Ｃｏ．，Ｌｔｄ,,2023-06-12,外国会社等
Ｑｕａｎｚｈｏｕ　Ｊｉｅｏｕｍｉ　ｑｉｐｅｉｍａｏｙｉ　ｙｏｕｘｉａｎｇｏｎｇｓｉ,,2023-06-12,外国会社等
Ｒプラス建築株式会社,大阪府和泉市黒鳥町３丁目１０番２６－２号,2023-06-12,株式会社
ＲＡＮＤＡＮＡ合同会社,千葉県山武市大木６８９番地３１,2023-06-12,合同会社
ＲＩＭＯ合同会社,埼玉県新座市池田５丁目１０－３８,2023-06-12,合同会社
Ｒｙｄａ　ｈｏｌｉｄａｙ　ｔｒａｖｅｌ株式会社,愛知県名古屋市中区丸の内１丁目２－３１景雲橋ハイツ５０１,2023-06-12,株式会社
Ｒｙｏｍａ株式会社,大阪府藤井寺市国府１丁目７番３２号,2023-06-12,株式会社
ＳＥＩＴＯＫＵホールディングス株式会社,三重県鳥羽市鳥羽４丁目２３８８番地１０,2023-06-12,株式会社
ＳＨＡＯＸＩＮＧ　ＣＯＵＮＴＹ　ＹＯＮＧＳＨＥＮＧ　ＣＨＥＭＩＣＡＬ　ＦＩＢＲＥ　ＣＯ．，ＬＴＤ,,2023-06-12,外国会社等
ＳＨＥＮＺＨＥＮ　ＢＯＹＡＴＡ　ＥＬＥＣＴＲＯＮＩＣ　ＣＯ．，ＬＴＤ．,,2023-06-12,外国会社等
ＳＨＥＮＺＨＥＮ　ＥＬＩＫＡＮＧ　ＴＥＣＨＮＯＬＯＧＹ　ＣＯ．，ＬＴＤ．,,2023-06-12,外国会社等
ＳＰＯＺＥＲ　ＵＫ　ＬＴＤ,,2023-06-12,外国会社等
ＳＳＥ八峰能代洋上風力発電合同会社,東京都港区六本木３丁目２番１号六本木グランドタワー,2023-06-12,合同会社
ＳＵＮＲＥＸ株式会社,大阪府堺市中区土師町４丁２５番８号,2023-06-12,株式会社
ＳＵＮＲＩＳＥ株式会社,東京都台東区上野４丁目４Ｈｉｒｏｋｏｕｊｉ２０００ビル１Ｆ,2023-06-12,株式会社
ＳｈａｎｇＨａｉ　ＬｉＡｏＭａｏＹｉ　ＹｏｕＸｉａｎＧｏｎｇＳｉ,,2023-06-12,外国会社等
ＳｈａｎｇＨａｉ　ＺｈｕＦａｎＭａｏＹｉ　ＹｏｕＸｉａｎＧｏｎｇＳｉ,,2023-06-12,外国会社等
Ｓｈａｎｇｈａｉ　Ｑｉｙｉ　Ｃｕｌｔｕｒｅ　Ｃｏｍｍｕｎｉｃａｔｉｏｎ　Ｃｏ．，Ｌｔｄ,,2023-06-12,外国会社等
ＳｈｅｎＺｈｅｎ　ＭｅｉＤａＨｕｉ　Ｃｏ．Ｌｔｄ,,2023-06-12,外国会社等
ＳｈｅｎＺｈｅｎＳｈｉ　ＸｉｎＮｕｏＬｉａｎｇＺｉＫｅＪｉ　ＹｏｕＸｉａｎＧｏｎｇＳｉ,,2023-06-12,外国会社等
ＳｈｅｎＺｈｅｎｓｈｉ　ｓｈｅｎｇｈｕａｋｅｊｉ　ｙｏｕｘｉａｎｇｏｎｇｓｉ,,2023-06-12,外国会社等
Ｓｈｅｎｚｈｅｎ　Ｂａｉｈａｎｇ　Ｔｅｃｈｎｏｌｏｇｙ　Ｃｏ．，Ｌｔｄ,,2023-06-12,外国会社等
Ｓｈｅｎｚｈｅｎ　Ｆｕｒｕｎｚｅ　Ｅｌｅｃｔｒｏｎｉｃ　Ｃｏｍｍｅｒｃｅ　Ｃｏ．，ＬＴＤ,,2023-06-12,外国会社等
Ｓｈｅｎｚｈｅｎ　Ｈａｉｑｉ　Ｅ－Ｃｏｍｍｅｒｃｅ　Ｃｏ．，Ｌｔｄ．,,2023-06-12,外国会社等
Ｓｈｅｎｚｈｅｎ　Ｊｉｍｏｋｅ　Ｉｎｆｏｒｍａｔｉｏｎ　Ｔｅｃｈｎｏｌｏｇｙ　Ｃｏ．，Ｌｔｄ．,,2023-06-12,外国会社等
Ｓｈｅｎｚｈｅｎ　Ｊｕｂｏ　Ｅｌｅｃｔｒｏｎｉｃｓ　Ｃｏ．，Ｌｔｄ,,2023-06-12,外国会社等
Ｓｈｅｎｚｈｅｎ　Ｌｉｈｅ　Ｙａ　ｔｅｃｈｎｏｌｏｇｙ　ｃｏ．，ＬＴＤ,,2023-06-12,外国会社等
Ｓｈｅｎｚｈｅｎ　Ｒｏｃｋｒｏｌｌ　Ｔｒａｄｉｎｇ　Ｃｏ．，Ｌｔｄ．,,2023-06-12,外国会社等
Ｓｈｅｎｚｈｅｎ　Ｓｈｕａｎｇｍｕｓａｎｌｉｎ　Ｅｌｅｃｔｒｏｎｉｃｓ　Ｃｏ．，Ｌｔｄ,,2023-06-12,外国会社等
Ｓｈｅｎｚｈｅｎ　Ｘｉｎｇｙｕｎｓｈｕ　Ｔｒａｄｉｎｇ　Ｃｏ．，Ｌｔｄ．,,2023-06-12,外国会社等
Ｓｈｅｎｚｈｅｎ　ｂｏｃｈｕａｎｇｚｈｉｎｅｎｇｋｅｊｉ　ｙｏｕｘｉａｎｇｏｎｇｓｉ,,2023-06-12,外国会社等
Ｓｈｅｎｚｈｅｎ　ｋａｉｚｈｅｎｇｎｕｏｋｅｊｉ　ｙｏｕｘｉａｎｇｏｎｇｓｉ,,2023-06-12,外国会社等
Ｓｈｅｎｚｈｅｎ　ｋａｎｇｌｉｔｅ　Ｔｅｃｈｎｏｌｏｇｙ　Ｃｏ．，ｌｔｄ．,,2023-06-12,外国会社等
Ｓｈｅｎｚｈｅｎｓｈｉ　Ｓｈｕｏｇｕｏｌｅｉｌｅｉ　Ｋｅｊｉ　Ｙｏｕｘｉａｎｇｏｎｇｓｉ,,2023-06-12,外国会社等
Ｓｈｅｎｚｈｅｎｓｈｉ　Ｘｉｎｃｈｅｎｇｙｉｎｇ　Ｇｕｏｊｉｍａｏｙｉ　ｙｏｕｘｉａｎｇｏｎｇｓｉ,,2023-06-12,外国会社等
Ｓｈｅｎｚｈｅｎｓｈｉ　ｈａｌｅｉｔｅｔｅｃｈ　ＣｏＬｔｄ,,2023-06-12,外国会社等
Ｓｈｅｎｚｈｅｎｓｈｉ　ｊｉａｊｉａｎｓｈｅｎｇｈｕｏ　ｋｅｊｉ　ｙｏｕｘｉａｎｇｏｎｇｓｉ,,2023-06-12,外国会社等
Ｓｈｅｎｚｈｅｎｓｈｉ　ｐｕｂｉｎｋｅｊｉ　ｙｏｕｘｉａｎｇｏｎｇｓｉ,,2023-06-12,外国会社等
ＳｈｏＷｏｒｋｓ株式会社,愛知県名古屋市名東区高社２丁目８０番地（佐藤ビル２０７号）,2023-06-12,株式会社
Ｓｈｏｔｅｎｇａｉ株式会社,大阪府大阪市中央区南船場２丁目１０番２７号,2023-06-12,株式会社
ＳｏＦｕｎ関東株式会社,東京都品川区南品川４丁目４番７号,2023-06-12,株式会社
Ｓｏｎｇｘｉ　Ｃｏｕｎｔｙ　Ｓｈｅｎｇｓｉｄｕｎ　Ｗａｔｃｈ　Ｉｎｄｕｓｔｒｙ　Ｃｏ．，Ｌｔｄ．,,2023-06-12,外国会社等
Ｓｔａｒ　Ｆｉｔｎｅｓｓ株式会社,長野県伊那市西春近８５０１－１１,2023-06-12,株式会社
Ｔアセット株式会社,福岡県宗像市三郎丸１丁目８番１８号,2023-06-12,株式会社
ＴＥＡＭＥＬＯ株式会社,東京都江戸川区下篠崎町４番７号板東ビル１０２号室,2023-06-12,株式会社
ＴＬＵＳＴ株式会社,群馬県北群馬郡榛東村大字新井２８７２番地２４,2023-06-12,株式会社
ＴＲＣＬ株式会社,茨城県ひたちなか市大字田彦１３９４番地６,2023-06-12,株式会社
ＴａｉＹｕａｎＬｉｎｇＸｉａｎＰａｏＭａｏＹｉＹｏｕＸｉａｎＧｏｎｇＳｉ,,2023-06-12,外国会社等
ＵＩ計画株式会社,山梨県笛吹市石和町広瀬９４２番地３,2023-06-12,株式会社
ＵＬＵ合同会社,大阪府堺市北区蔵前町２丁１６－３５ステージ村田１１－２０２,2023-06-12,合同会社
ＶｉＮａサービス合同会社,栃木県栃木市大平町富田３８８番地４渡辺ハイツ１０６,2023-06-12,合同会社
ＷＡＫＵＷＡＫＵカンパニー株式会社,愛知県名古屋市南区六条町１丁目６７番地,2023-06-12,株式会社
ＷＯＲＬＤ　ＪＯＩＮＴ株式会社,大阪府大阪市此花区島屋３丁目２番１６号,2023-06-12,株式会社
Ｗｅｎｚｈｏｕ　ｘｉｎｎｕｏｅｒ　Ｅｌｅｃｔｒｉｃ　Ｔｅｃｈｎｏｌｏｇｙ　Ｃｏ．，Ｌｔｄ,,2023-06-12,外国会社等
Ｗｕｙｕａｎ　Ｊｉｎｇｍａ　Ｔｅｃｈｎｏｌｏｇｙ　Ｃｏ．，Ｌｔｄ．,,2023-06-12,外国会社等
Ｘｉａｍｅｎ　Ｍｅｎｇｇｕａｎｚｈｏｎｇｆｅｎｇ　Ｄｉａｎｚｉｓｈａｎｇｗｕ　Ｙｏｕｘｉａｎｇｏｎｇｓｉ,,2023-06-12,外国会社等
ｂ．ｓ．株式会社,東京都港区南麻布２丁目９番１１号,2023-06-12,株式会社
ｄｏｎｇｇｕａｎｓｈｉ　ｈｕｉｓｈｅｎ　ｄｉａｎｚｉｋｅｊｉ　ｙｏｕｘｉａｎｇｏｎｇｓｉ,,2023-06-12,外国会社等
ｆｅｉｓｈｉ　ｄｉａｎｚｉｃｈａｎｐｉｎ（ｓｈｅｎｚｈｅｎ）ｙｏｕｘｉａｎｇｏｎｇｓｉ,,2023-06-12,外国会社等
ｆｏｓｈａｎｓｈｉ　ｌｉｘｉｎｈｏｎｇ　ｓｈａｎｇｍａｏｙｏｕｘｉａｎｚｅｒｅｎｇｏｎｇｓｉ,,2023-06-12,外国会社等
ｆｕｚｈｏｕ　ｅｎｚｈｅ　ｊｉａｏｙｕｋｅｊｉ　ｙｏｕｘｉａｎｇｏｎｇｓｉ,,2023-06-12,外国会社等
ｇｕａｎｇｚｈｏｕ　ｙｉｙｅｇｕｚｈｏｕ　ｋｅｊｉｙｏｕｘｉａｎｇｏｎｇｓｉ,,2023-06-12,外国会社等
ｇｕａｎｇｚｈｏｕｓｈｉ　ｗｅｉｌｉａｎ　ｄｉａｎｚｉｓｈａｎｇｗｕ　ｙｏｕｘｉａｎｇｏｎｇｓｉ,,2023-06-12,外国会社等
ｈｕｉｚｈｏｕｓｈｉ　ｚｈｉｔｏｎｇ　ｊｉａｎｋａｎｇｋｅｊｉ　ｙｏｕｘｉａｎｇｏｎｇｓｉ,,2023-06-12,外国会社等
ｊｕｙｅ　ｊｉｎｇｋｕｏｄｉａｎｚｉｓｈａｎｇｗｕ　ｙｏｕｘｉａｎｇｏｎｇｓｉ,,2023-06-12,外国会社等
ｊｕｙｅｘｉａｎ　ｘｉｅｈｏｕｙｉｄｕｍａｏｙｉ　ｙｏｕｘｉａｎｇｏｎｇｓｉ,,2023-06-12,外国会社等
ｌａｎｂｏｗａｎ　ｓｈｅｎｚｈｅｎ　ｋｅｊｉ　ｙｏｕｘｉａｎｇｏｎｇｓｉ,,2023-06-12,外国会社等
ｌａｎｚｈｏｕ　ｈａｏｓｈｕｎ　ｓｈａｎｇｍａｏ　ｙｏｕｘｉａｎｚｅｒｅｎｇｏｎｇｓｉ,,2023-06-12,外国会社等
ｌｕｘｅ　ｔｒａｖｅｌ株式会社,大阪府堺市中区深井北町８０２番地７,2023-06-12,株式会社
ｎｉｎｇｂｏ　ａｎｔｅｍａｉｇｅ　ｃｉｘｉｎｇｋｅｊｉ　ｙｏｕｘｉａｎｇｏｎｇｓｉ,,2023-06-12,外国会社等
ｎｉｎｇｂｏ　ｑｉｍａｏｚｈｉｓｈｉｃｈａｎｑｕａｎｆｕｗｕ　ｙｏｕｘｉａｎｇｏｎｇｓｉ,,2023-06-12,外国会社等
ｏｆｆｉｃｅ５株式会社,東京都港区南青山２丁目２番１５号ウィン青山９４２,2023-06-12,株式会社
ｐｉｎｇｌｕｘｉａｎ　ｙｉｎｇｔｏｎｇｂａｉｈｕｏ　ｙｏｕｘｉａｎｇｏｎｇｓｉ,,2023-06-12,外国会社等
ｐｍ合同会社,神奈川県三浦郡葉山町一色１８２１番地の６,2023-06-12,合同会社
ｐｕｊｉａｎｇ　ｃａｏｋｅｍａｏｙｉ　ｙｏｕｘｉａｎｇｏｎｇｓｉ,,2023-06-12,外国会社等
ｓｈａｎｇｈａｉ　ｙｕｄｉａｎｄｉａｎｚｉｓｈａｎｇｗｕ　ｙｏｕｘｉａｎｇｏｎｇｓｉ,,2023-06-12,外国会社等
ｓｈｅｎｚｈｅｎ　ｐａｉｆｕｋｅｊｉ　ｙｏｕｘｉａｎｇｏｎｇｓｉ,,2023-06-12,外国会社等
ｓｈｅｎｚｈｅｎｓｈｉ　ｃｈｅｎｊｉａｌｉｙｅｋｅｊｉ　ｙｏｕｘｉａｎｇｏｎｇｓｉ,,2023-06-12,外国会社等
ｓｈｅｎｚｈｅｎｓｈｉ　ｄｅｓｈｉｓｈｉｙｅ　ｙｏｕｘｉａｎｇｏｎｇｓｉ,,2023-06-12,外国会社等
ｓｈｅｎｚｈｅｎｓｈｉ　ｄｏｎｇｔｅａｎｆａｎｇｓｈｅｂｅｉ　ｙｏｕｘｉａｎｇｏｎｇｓｉ,,2023-06-12,外国会社等
ｓｈｅｎｚｈｅｎｓｈｉ　ｈａｉｙｕｎｄｉａｎｚｉｓｈａｎｇｗｕ　ｙｏｕｘｉａｎｚｅｒｅｎｇｏｎｇｓｉ,,2023-06-12,外国会社等
ｓｈｅｎｚｈｅｎｓｈｉ　ｊｉｎｇｌｉｋｅｊｉ　ｙｏｕｘｉａｎｇｏｎｇｓｉ,,2023-06-12,外国会社等
ｓｈｅｎｚｈｅｎｓｈｉ　ｊｕｎｄｅｋｅｊｉ　ｙｏｕｘｉａｎｇｏｎｇｓｉ,,2023-06-12,外国会社等
ｓｈｅｎｚｈｅｎｓｈｉ　ｌａｎｘｕｅｊｉａｏｆｕｓｈｉ　ｙｏｕｘｉａｎｇｏｎｇｓｉ,,2023-06-12,外国会社等
ｓｈｅｎｚｈｅｎｓｈｉ　ｌｅｊｉａｙｉ　ｋｅｊｉ　ｙｏｕｘｉａｎｇｏｎｇｓｉ,,2023-06-12,外国会社等
ｓｈｅｎｚｈｅｎｓｈｉ　ｌｉｎｇｔａｏｋｅｊｉ　ｙｏｕｘｉａｎｇｏｎｇｓｉ,,2023-06-12,外国会社等
ｓｈｅｎｚｈｅｎｓｈｉ　ｐｅｎｇｓｈｅｎｇｇｏｎｇｙｅｚｈｉｎｅｎｇｋｅｊｉ　ｙｏｕｘｉａｎｇｏｎｇｓｉ,,2023-06-12,外国会社等
ｓｈｅｎｚｈｅｎｓｈｉ　ｓａｎｊｕｋｅｊｉ　ｙｏｕｘｉａｎｇｏｎｇｓｉ,,2023-06-12,外国会社等
ｓｈｅｎｚｈｅｎｓｈｉ　ｘｉａｏｙｉｎｇｔａｏｓｈｉｙｅ　ｙｏｕｘｉａｎｇｏｎｇｓｉ,,2023-06-12,外国会社等
ｓｈｅｎｚｈｅｎｓｈｉ　ｙｏｕｙａｎｇｋｅｊｉ　ｙｏｕｘｉａｎｇｏｎｇｓｉ,,2023-06-12,外国会社等
ｔｅｔｏｒｙ株式会社,東京都世田谷区船橋１丁目４１－４,2023-06-12,株式会社
ｗｅｎｌｉｎｇ　ｄｉｎｇｆａｎ　ｄｉａｎｚｉｓｈａｎｇｗｕ　ｙｏｕｘｉａｎｇｏｎｇｓｉ,,2023-06-12,外国会社等
ｗｕｈａｎ　ｊｉｎｚｈｏｕｄａ　ｓｈａｎｇｍａｏｙｏｕｘｉａｎｇｏｎｇｓｉ,,2023-06-12,外国会社等
ｙｉ　ｗｕ　ｓｈｉ　ｃｈａｎｇ　ｙｕａｎ　Ｅ－Ｃｏｍｍｅｒｃｅ　Ｃｏ．，Ｌｔｄ,,2023-06-12,外国会社等
ｙｉｗｕｓｈｉ　ｈｕｉｅｒｓｉ　ｄｉａｎｚｉｓｈａｎｇｗｕ　ｙｏｕｘｉａｎｇｏｎｇｓｉ,,2023-06-12,外国会社等
ｙｉｗｕｓｈｉ　ｑｉａｎｙａｎｇｄｉａｎｚｉｓｈａｎｇｗｕ　ｙｏｕｘｉａｎｇｏｎｇｓｉ,,2023-06-12,外国会社等
おうちでマーラータン株式会社,東京都新宿区大久保３丁目８番３号２９Ｆ,2023-06-13,株式会社
くりとんたん株式会社,東京都渋谷区渋谷２丁目１９番１５号宮益坂ビルディング６０９,2023-06-13,株式会社
みどりの工作室,愛知県名古屋市天白区天白町大字平針字大根ケ越１５９－３５,2023-06-13,その他
らしく株式会社,東京都墨田区江東橋４丁目２７番１４号錦糸町楽天地ビル３階ＢＩＺｃｏｍｆｏｒｔ錦糸町５４番,2023-06-13,株式会社
アイズウェル合同会社,東京都目黒区平町２丁目２番１４号,2023-06-13,合同会社
アキラ株式会社,大阪府大阪市北区同心２丁目３番１３号,2023-06-13,株式会社
アクトピア株式会社,熊本県熊本市中央区花畑町１番１４号Ａ＆Ｍ　ＨＡＮＡＢＡＴＡ３０１号,2023-06-13,株式会社
アトリエＮＹ合同会社,神奈川県三浦市南下浦町上宮田３４４４番地２,2023-06-13,合同会社
アドテックス合同会社,大阪府大阪市生野区巽東２丁目９番２５号プロスパーイースト３０１号,2023-06-13,合同会社
アドヴァンスグループホールディングス株式会社,大阪府堺市堺区北旅籠町東１丁１番１０号,2023-06-13,株式会社
イモーテル合同会社,千葉県四街道市山梨４１７番地,2023-06-13,合同会社
イーコムウィズ株式会社,大阪府大阪市大正区三軒家西３丁目４番１６号中山ビル４０７Ｂ,2023-06-13,株式会社
クオーレ労務経営株式会社,大阪府大阪市阿倍野区帝塚山１丁目１０番３２－３０６号,2023-06-13,株式会社
クレド・コンストラクションマネジメント株式会社,東京都港区虎ノ門１丁目１７番１号虎ノ門ヒルズビジネスタワー,2023-06-13,株式会社
グリーンベース株式会社,宮城県亘理郡山元町高瀬字宿原９７番地２,2023-06-13,株式会社
グローイングバンブ株式会社,青森県青森市大字筒井字桜川３８番地,2023-06-13,株式会社
サイドサポート合同会社,福岡県福岡市博多区博多駅前１丁目２３番２号５Ｆ－Ｂ,2023-06-13,合同会社
スカイレンタカー京阪株式会社,大阪府大阪市東淀川区上新庄２丁目１番７号,2023-06-13,株式会社
スキルシェア合同会社,福岡県福岡市中央区天神２丁目２番１２号７階,2023-06-13,合同会社
スパイラルハウス合同会社,東京都目黒区下目黒４丁目１６番１号,2023-06-13,合同会社
スローライフ株式会社,兵庫県加古川市加古川町寺家町６２１ＪＡビル２Ｆ,2023-06-13,株式会社
セシェイカホールディングスリミテッド,東京都新宿区歌舞伎町２丁目８－３,2023-06-13,外国会社等
タカツキ昆布株式会社,大阪府高槻市南庄所町１０番６号,2023-06-13,株式会社
タカラネクスト株式会社,徳島県徳島市徳島本町３丁目６番地,2023-06-13,株式会社
ツツミ株式会社,千葉県船橋市本中山７丁目１５番１号原木中山サンクス１０１室,2023-06-13,株式会社
ティエイチ株式会社,福島県福島市上名倉字松北１２番地の３,2023-06-13,株式会社
トータルサービスゼン合同会社,大阪府大阪市東成区大今里１丁目２３－１８レオパレス大今里１０４号,2023-06-13,合同会社
ナチュラルメディカルアロマ株式会社,東京都中央区勝どき５丁目３番地１号勝どきザタワー４９１０,2023-06-13,株式会社
ナノイノベーション合同会社,千葉県浦安市今川２丁目５番４０号レジデンスＭ＆Ｙ２０５,2023-06-13,合同会社
ニュービン株式会社,東京都中央区日本橋兜町１７番２号兜町第６葉山ビル４階,2023-06-13,株式会社
ネコスケ株式会社,福岡県福岡市早良区次郎丸５丁目１３番５６号ｆｉｋａ次郎丸３０１号室,2023-06-13,株式会社
ハピネスコーポレーション株式会社,岐阜県美濃加茂市西町３丁目２８５番地１,2023-06-13,株式会社
バイオソリューションホールディングス株式会社,東京都港区麻布永坂町１番地一番地ハウス２Ａ,2023-06-13,株式会社
バイオＸ株式会社,東京都品川区東五反田１丁目２番１５号,2023-06-13,株式会社
パニー株式会社,大阪府豊中市春日町３丁目９番３７号Ｇ－２１号,2023-06-13,株式会社
ビエリモ株式会社,長野県上田市常田３丁目１５－１信州大学繊維学部内ＡＲＥＣ重量機器設置室,2023-06-13,株式会社
ファイン・フーズカンパニー合同会社,広島県福山市多治米町２丁目１４番８号,2023-06-13,合同会社
フードベース株式会社,宮城県仙台市若林区卸町２丁目６番地の４,2023-06-13,株式会社
ベリーホーム合同会社,山梨県甲府市丸の内２丁目２‐１ＣＲＯＳＳ５００、１Ｆ,2023-06-13,合同会社
ホワイト・システム株式会社,兵庫県神戸市北区花山台２１番４号,2023-06-13,株式会社
マインドセット合同会社,神奈川県小田原市小八幡３丁目７番５２‐２号,2023-06-13,合同会社
ミライズ合同会社,大阪府高槻市紫町３番１号ジェイグラン高槻１０５,2023-06-13,合同会社
メイブンスティード株式会社,東京都港区六本木７丁目７番７号トライセブンロッポンギ８階,2023-06-13,株式会社
ユーソン産業株式会社,大阪府大阪市中央区北久宝寺町３丁目６番１号本町南ガーデンシティ７階,2023-06-13,株式会社
ユーティージー合同会社,神奈川県横浜市都筑区仲町台１丁目７番１８号ビューロー仲町台３０４号,2023-06-13,合同会社
ユーバリュー株式会社,東京都渋谷区神宮前６丁目２３番４号桑野ビル２階,2023-06-13,株式会社
ライフステップクリエーション株式会社,東京都北区滝野川７丁目２１番３－３０８号,2023-06-13,株式会社
リューツウ不動産株式会社,東京都台東区上野５丁目２６番４号オフィスＲ７階,2023-06-13,株式会社
リンリン合同会社,大阪府大阪市住吉区南住吉１丁目８番２２－４０１号,2023-06-13,合同会社
ルミノ株式会社,熊本県熊本市東区戸島２丁目６番６２号,2023-06-13,株式会社
ルーヴ合同会社,東京都中野区弥生町４丁目２６番４号ルフォン中野富士見町７０３,2023-06-13,合同会社
ロベーラ合同会社,大阪府大阪市城東区中央３丁目１番２９号サンハイツ白井８０５,2023-06-13,合同会社
一般社団法人なみはや講談協会,大阪府大阪市天王寺区筆ケ崎町２番５０－５１６号,2023-06-13,その他の設立登記法人
一般社団法人みんなの居場所かむはぴ,京都府向日市寺戸町中垣内２７番地,2023-06-13,その他の設立登記法人
一般社団法人みんなの居場所つくり隊縁楽結,東京都八王子市兵衛１丁目１５番１号プロメテール１０３号室,2023-06-13,その他の設立登記法人
一般社団法人アクアフロンティア,大阪府大阪市港区弁天４丁目５－２１,2023-06-13,その他の設立登記法人
一般社団法人パーソナル・ビューティ・デザイン協会,福岡県福岡市中央区薬院１丁目６番２５－４０２号,2023-06-13,その他の設立登記法人
一般社団法人メディカルブリッジ,東京都千代田区神田小川町１丁目８番地フタバビル３階,2023-06-13,その他の設立登記法人
一般社団法人仁秀グループ,滋賀県草津市野路１丁目８－１８エルミナｅｅビルディング１００４号,2023-06-13,その他の設立登記法人
一般社団法人千翔企画,島根県松江市和多見町９７番地ザ・チャイムビル３０１,2023-06-13,その他の設立登記法人
一般社団法人和装美研究の会,東京都立川市一番町２丁目３６番地の１,2023-06-13,その他の設立登記法人
一般社団法人地球社会レジリエンスセンター,京都府京都市左京区吉田本町３６番地１京都大学国際科学イノベーション棟１０４ベンチャーインキュベーションセンター内,2023-06-13,その他の設立登記法人
一般社団法人大規模言語モデル産業応用コンソーシアム,東京都練馬区石神井町５丁目１６番１０号,2023-06-13,その他の設立登記法人
一般社団法人大阪観光・舟運事業組合,大阪府大阪市北区堂島１丁目１番２５号新山本ビル６Ｆ,2023-06-13,その他の設立登記法人
一般社団法人居住支援・困難者支援ラボ,東京都板橋区成増１丁目２９番７－８０５号,2023-06-13,その他の設立登記法人
一般社団法人日本伝承会,東京都港区三田２丁目１２番５号,2023-06-13,その他の設立登記法人
一般社団法人日本ＳＮＳムービークリエイター協会,大阪府大阪市中央区常盤町２丁目１番７号,2023-06-13,その他の設立登記法人
一般社団法人未来システム研究所,埼玉県草加市松原５丁目３番８－８０１号,2023-06-13,その他の設立登記法人
一般社団法人気候変動と文化財,東京都新宿区津久戸町１番１号,2023-06-13,その他の設立登記法人
一般社団法人畜産応援プロジェクト,滋賀県大津市打出浜３番３７号,2023-06-13,その他の設立登記法人
一般社団法人船橋ＦＣスポーツクラブ,千葉県船橋市習志野台７丁目８番３５号サウスウイング２０３号,2023-06-13,その他の設立登記法人
一般社団法人農林水産協会,東京都中央区日本橋浜町２丁目３３番５号マリオン浜町ビル７階ＪＡＣ内,2023-06-13,その他の設立登記法人
一般社団法人道,大阪府大阪市中央区南船場２丁目７番２４号ＪＵＳＴ南船場８０１,2023-06-13,その他の設立登記法人
一般社団法人郡上福祉協力会,岐阜県郡上市八幡町新町９５１番地,2023-06-13,その他の設立登記法人
一般社団法人馬子屋,大阪府大阪市北区芝田２丁目８－１１共栄ビル３階,2023-06-13,その他の設立登記法人
一般社団法人ＪＰＡ３,東京都千代田区丸の内３丁目１番１号東京共同会計事務所内,2023-06-13,その他の設立登記法人
一般社団法人ＭＳＳ,千葉県千葉市中央区新宿２丁目１番２１号,2023-06-13,その他の設立登記法人
一般社団法人ＯＬＢこども基金,東京都千代田区紀尾井町３番１０号,2023-06-13,その他の設立登記法人
一般財団法人こどもたちと共に歩む会,東京都港区赤坂８丁目１１番３８－１１０２号,2023-06-13,その他の設立登記法人
一般財団法人子ども文庫の会,東京都渋谷区元代々木町４９番２３－２０２号,2023-06-13,その他の設立登記法人
一般財団法人日本文化振興財団みやび,奈良県橿原市白橿町２丁目２２１１番地１,2023-06-13,その他の設立登記法人
一般財団法人ＹＯＬＯ,千葉県鎌ケ谷市軽井沢２０１２番地９４号,2023-06-13,その他の設立登記法人
中部開発株式会社,愛知県碧南市源氏町１丁目１５番地４,2023-06-13,株式会社
丸屋機工株式会社,広島県福山市南手城町４丁目２０番７号,2023-06-13,株式会社
久松エイジェント株式会社,長野県茅野市中大塩２２番地４４,2023-06-13,株式会社
匯京株式会社,東京都江東区深川１丁目１番２号協和ビル２階４９号室,2023-06-13,株式会社
医療法人なりかわ内科脳神経内科クリニック,宮城県仙台市泉区泉中央南５番６号,2023-06-13,その他の設立登記法人
医療法人井上歯科医院,福岡県福岡市博多区寿町２丁目４番２２号,2023-06-13,その他の設立登記法人
医療法人名取たにぐちクリニック,宮城県名取市杜せきのした２丁目５番地の７,2023-06-13,その他の設立登記法人
医療法人愛貴会,福岡県福岡市西区小戸１丁目１６番２６号,2023-06-13,その他の設立登記法人
卓康株式会社,東京都板橋区桜川２丁目４－４パークサイドコート桜川３０４号室,2023-06-13,株式会社
可期株式会社,大阪府大阪市北区大淀南２丁目２番９－４５０２号,2023-06-13,株式会社
合同会社きらめき,静岡県磐田市明ケ島原３１番地１,2023-06-13,合同会社
合同会社つなぐ,北海道帯広市自由が丘６丁目１番地１３,2023-06-13,合同会社
合同会社ひのまるＴＯＳＯ,青森県青森市筒井３丁目１４－２１,2023-06-13,合同会社
合同会社アオ次,兵庫県尼崎市南武庫之荘２丁目１１番１０－１０６号,2023-06-13,合同会社
合同会社アクアポイント,東京都中央区銀座１丁目１２番４号Ｎ＆Ｅ・ＢＬＤ．７階,2023-06-13,合同会社
合同会社アンカー環境ソリューションズ,東京都千代田区一ツ橋２丁目４番３号,2023-06-13,合同会社
合同会社アヴニール,栃木県小山市東城南２丁目５－６グランオッツ３棟２０３,2023-06-13,合同会社
合同会社アーク設計,神奈川県横浜市鶴見区駒岡４丁目１６番３５号,2023-06-13,合同会社
合同会社イガラシ,東京都中野区中央４丁目３８番５号,2023-06-13,合同会社
合同会社オフィスサポート,千葉県印西市戸神台２丁目１－１－５０４,2023-06-13,合同会社
合同会社クローバー電力,大阪府枚方市宇山町２番１８号,2023-06-13,合同会社
合同会社ケーエムシー,香川県善通寺市吉原町１６８８番地１,2023-06-13,合同会社
合同会社サクラサク,静岡県静岡市駿河区東新田１丁目１３番９号,2023-06-13,合同会社
合同会社サバイバルグランピング,東京都渋谷区猿楽町１４番２８－４０６号,2023-06-13,合同会社
合同会社シンクレティ,東京都港区海岸１丁目９－１４－１２０１,2023-06-13,合同会社
合同会社シンワテクニカル,大阪府大阪市福島区福島７丁目１３－２,2023-06-13,合同会社
合同会社シーダ企画,千葉県船橋市湊町１丁目１８番３号,2023-06-13,合同会社
合同会社スカイノア,岡山県岡山市北区大元１丁目１１番２２号,2023-06-13,合同会社
合同会社スタジオオクロック,東京都杉並区荻窪３丁目４７－６,2023-06-13,合同会社
合同会社スミビ,東京都八王子市元本郷町４丁目１４番２３－１０７号,2023-06-13,合同会社
合同会社スリークアドバンス,福島県郡山市緑町９番１２号,2023-06-13,合同会社
合同会社タックン,岡山県岡山市中区四御神１９９番地２（Ａ１０１）,2023-06-13,合同会社
合同会社タルカリワロ相模原,神奈川県相模原市緑区寸沢嵐１７４３,2023-06-13,合同会社
合同会社ダシナファーム,長野県飯田市駄科３３６番地３,2023-06-13,合同会社
合同会社ティー・テクノフィールド,東京都新宿区下落合２丁目５番３号千成ビル２０３,2023-06-13,合同会社
合同会社ディアマン,福島県郡山市清水台２丁目８番１６号,2023-06-13,合同会社
合同会社ナレッジ,奈良県吉野郡大淀町大字下渕６６番地吉野総合ビル３階３号室,2023-06-13,合同会社
合同会社ヒセイ,群馬県伊勢崎市下植木町１１番１－１Ｆ,2023-06-13,合同会社
合同会社ブランドゥファンド,山梨県北杜市高根町清里３５４５－４０７０清里の森２－７－５,2023-06-13,合同会社
合同会社ブルームスマイル,沖縄県那覇市与儀１丁目２２番１５号グランツ１－４０２,2023-06-13,合同会社
合同会社プレイス,京都府京都市上京区中町通丸太町下る駒之町５６１番地４河原町スカイマンション３０６,2023-06-13,合同会社
合同会社ライト,大阪府豊中市北桜塚３丁目２番３５号,2023-06-13,合同会社
合同会社リプレイ,東京都世田谷区等々力７丁目１４番２－２０３号,2023-06-13,合同会社
合同会社リライフ,三重県津市久居一色町２２３番地４０,2023-06-13,合同会社
合同会社ローカルケアアラインメント,北海道札幌市厚別区厚別中央五条４丁目８番１２－７０３号,2023-06-13,合同会社
合同会社ワンオフ,大阪府交野市星田西２丁目４４番１号,2023-06-13,合同会社
合同会社ヴィレクール,滋賀県大津市中央３丁目４番１６号,2023-06-13,合同会社
合同会社中井エステート,大阪府阪南市尾崎町１５３番地の１５,2023-06-13,合同会社
合同会社光昭,熊本県熊本市東区錦ケ丘２３番５号的場ビル１０２,2023-06-13,合同会社
合同会社勇伸,北海道枝幸郡枝幸町南浜町１３４５番地６９,2023-06-13,合同会社
合同会社喜楽,大阪府枚方市東田宮１丁目３－２０,2023-06-13,合同会社
合同会社団栗,沖縄県那覇市字与儀２１４番地２,2023-06-13,合同会社
合同会社大心メンテ,熊本県八代市建馬町２番１１号,2023-06-13,合同会社
合同会社山口会計,東京都杉並区井草２丁目２４番６号,2023-06-13,合同会社
合同会社幸栄冷熱サービス,茨城県龍ケ崎市若柴町２９１０番地３,2023-06-13,合同会社
合同会社建築の相談所,宮城県仙台市青葉区二日町１６番２－８０７号,2023-06-13,合同会社
合同会社日星ｗｏｒｋｓ,長野県岡谷市銀座２丁目１番５号,2023-06-13,合同会社
合同会社春山建設,東京都千代田区神田須田町２丁目２番１３号,2023-06-13,合同会社
合同会社来夢,和歌山県和歌山市吉田３６３番地吉田第三坂本ビル３０１号室,2023-06-13,合同会社
合同会社松栄建設,神奈川県横須賀市久里浜３丁目２４番１０号アローネ久里浜３０２,2023-06-13,合同会社
合同会社桒田組,広島県福山市駅家町大字近田１６６番地１,2023-06-13,合同会社
合同会社浅草インベスターズ,東京都新宿区西新宿８丁目５番１号,2023-06-13,合同会社
合同会社運動,秋田県南秋田郡五城目町字七倉１１６番地１４,2023-06-13,合同会社
合同会社香川農笑,香川県高松市檀紙町１３９３番地２,2023-06-13,合同会社
合同会社８１サービス,高知県香南市野市町西野５２６番地１,2023-06-13,合同会社
合同会社ＡＱＵＡ商会,千葉県富里市七栄６５４番地３１５,2023-06-13,合同会社
合同会社ＡＴＯＫ,兵庫県西宮市深津町６番３２－３０３号,2023-06-13,合同会社
合同会社Ａｋａｔｓｕｋｉ,東京都港区芝３丁目１４－１４シャッツクヴェレ芝３０１,2023-06-13,合同会社
合同会社Ｂ＆Ｈプランニング,静岡県沼津市原１７２１番地の１１コチビル１階西,2023-06-13,合同会社
合同会社ＢＫ‐Ｆｏｏｄ,大阪府大阪市中央区島之内１丁目２２番１２号ロイヤルハイツ寿,2023-06-13,合同会社
合同会社Ｃｌｉｐ,福岡県京都郡苅田町大字苅田６１８番地１,2023-06-13,合同会社
合同会社Ｆ．ワークス,東京都渋谷区桜丘町２３番１７号シティコート桜丘４０８,2023-06-13,合同会社
合同会社Ｆｉｒｍａｍｅｎｔ,宮城県仙台市青葉区向田３－３,2023-06-13,合同会社
合同会社Ｆｒｕｉｔ　ｃａｔ,東京都渋谷区西原１丁目１０－１３,2023-06-13,合同会社
合同会社ＧＯＬＤ・いち,山梨県甲府市貢川本町５番１４号,2023-06-13,合同会社
合同会社ＨＡＹＡＳＨＩ企画,山口県宇部市東小羽山町１丁目３番２号,2023-06-13,合同会社
合同会社ＨＯＳＨＯフォレストリー＆ファーム,三重県津市西丸之内３５番３号トレゾァ４０１号,2023-06-13,合同会社
合同会社ＨＰアシスト,東京都三鷹市下連雀１丁目２２番７号２０２,2023-06-13,合同会社
合同会社Ｋ・Ｓ・Ｋ,新潟県長岡市古正寺１丁目３０７３番地サーパス古正寺４０８号室,2023-06-13,合同会社
合同会社ＫＩＮＵ,栃木県宇都宮市鶴田町３０６７－２,2023-06-13,合同会社
合同会社Ｋａｗａｉｉｎｏ,東京都港区北青山１丁目３－１アールキューブ青山３Ｆ,2023-06-13,合同会社
合同会社ＬＩＣＯＬＩＮＫ,東京都中野区中野３丁目２３番４６号エルシオン１０３,2023-06-13,合同会社
合同会社ＬＩＮＧＺ,神奈川県愛甲郡愛川町中津３６１番地の３,2023-06-13,合同会社
合同会社ＭＡＩＣＯＭ,沖縄県宮古島市平良字久貝３７－１エコビエント和１－Ａ,2023-06-13,合同会社
合同会社ＭＧＥ,福岡県福岡市博多区中洲５丁目１－１９エンクレスト福岡１３０１,2023-06-13,合同会社
合同会社ＭＭＭマネージメント,広島県広島市中区十日市町１丁目６番２８－３０２号,2023-06-13,合同会社
合同会社ＭＯＥＴ,愛知県名古屋市中川区中郷２丁目５３番地の１シティハイツいぶき２０６号,2023-06-13,合同会社
合同会社ＭＷＲ,群馬県太田市世良田町１０５８番地１,2023-06-13,合同会社
合同会社Ｍａｃｈｅｖａ,山梨県甲府市城東３丁目１５番１９号,2023-06-13,合同会社
合同会社ＰＫアセットマネジメント,神奈川県茅ヶ崎市香川３丁目２２番１４－２号,2023-06-13,合同会社
合同会社Ｐｈａｒｍｉｘ　Ｌａｂｏ,兵庫県神戸市西区学園東町４丁目１１－７,2023-06-13,合同会社
合同会社Ｒｉｓｅ,香川県高松市新田町甲４５９番地１３,2023-06-13,合同会社
合同会社ＳＨＷオフィス,大阪府大阪市旭区高殿６丁目１６番７号,2023-06-13,合同会社
合同会社ＳＫＹｇａｒｄｅｎ,新潟県南蒲原郡田上町大字羽生田１９番地１,2023-06-13,合同会社
合同会社Ｓａｎｔｒａ,東京都渋谷区円山町１５番６号アーバンコート渋谷２０２,2023-06-13,合同会社
合同会社Ｓｔａｉｎｅｄ‐Ｇ,長野県茅野市北山４０２６ステンドグラス,2023-06-13,合同会社
合同会社Ｓｕｂａｓｉ　ｍｏｔｏｒｓ,茨城県筑西市玉戸１５２３－１０７武井住宅リバティ１０－１０６号室,2023-06-13,合同会社
合同会社ＴＡＫＡＺＯＥ,佐賀県佐賀市本庄町大字鹿子１４１０番地,2023-06-13,合同会社
合同会社ＴＯＫ,東京都港区南青山３丁目１番３６号青山丸竹ビル６Ｆ,2023-06-13,合同会社
合同会社ＶＯＤＣＡ,東京都渋谷区神宮前２丁目３３－１２ビラ・ビアンカ２０１,2023-06-13,合同会社
合同会社Ｗ,大阪府大阪市北区梅田１丁目２番２号大阪駅前第二ビル１２－１２,2023-06-13,合同会社
合同会社Ｗ　ＢＥＩＮＧ,兵庫県尼崎市西大物町１２番５５－３３０３号,2023-06-13,合同会社
合同会社ｂａｓｅ,大阪府摂津市鳥飼上１丁目３番１２号,2023-06-13,合同会社
合同会社ｃｏｍｏｒｅｂｉ　ｆａｒｍ,広島県尾道市因島大浜町５０４－５,2023-06-13,合同会社
合同会社ｄｒｅａｍ,滋賀県野洲市冨波甲１００８番地１,2023-06-13,合同会社
合同会社ｔｅｒｒａ,宮城県仙台市太白区山田上ノ台町６番１０号,2023-06-13,合同会社
吉家リソース株式会社,大阪府大阪市東成区玉津２丁目１８番４３号,2023-06-13,株式会社
名護観光合同会社,沖縄県名護市大北３丁目２０－１７アンドバーテラス２０３,2023-06-13,合同会社
向遠株式会社,大阪府大阪市大正区三軒家西３丁目４番１６号中山ビル３０３Ｃ,2023-06-13,株式会社
和光医科株式会社,東京都墨田区緑２丁目８番９号,2023-06-13,株式会社
嘉合株式会社,大阪府大阪市大正区三軒家西３丁目４番１６号中山ビル２１１Ａ,2023-06-13,株式会社
夜明けのホールディングス合同会社,東京都品川区中延５丁目１４番２７号,2023-06-13,合同会社
大成商会株式会社,神奈川県横浜市南区永楽町１丁目７番地２伊勢佐木町ダイカンプラザＣｉｔｙⅡ１１０５号,2023-06-13,株式会社
大治株式会社,千葉県鎌ケ谷市新鎌ケ谷２丁目８番１７号,2023-06-13,株式会社
大阪建機サービス株式会社,大阪府大阪市港区市岡３丁目６番２０号,2023-06-13,株式会社
天遊株式会社,大阪府吹田市千里山西６丁目６２番Ａ－１０４号,2023-06-13,株式会社
宇梵合同会社,大阪府大阪市東成区大今里南１丁目１８番７号大宝今里ロイヤルハイツ３０７号室,2023-06-13,合同会社
宇都宮子育て支援株式会社,栃木県宇都宮市錦２丁目７番２号ポケットオフィスＮＩＳＨＩＫＩ,2023-06-13,株式会社
安信商事株式会社,大阪府茨木市彩都あさぎ６丁目８番９号,2023-06-13,株式会社
安申株式会社,東京都台東区台東２丁目３０番１１号ＧＲＥＷ秋葉原ＢＬＤ７階,2023-06-13,株式会社
富川合同会社,千葉県千葉市稲毛区小仲台７丁目２４番９－２０７号,2023-06-13,合同会社
小森株式会社,大阪府大阪市住之江区安立２丁目１０番１４号三坂ビル３０２号室,2023-06-13,株式会社
小諸ウイングス株式会社,長野県小諸市荒町２丁目４番５号,2023-06-13,株式会社
山惠株式会社,栃木県小山市大字東野田２２７３番地,2023-06-13,株式会社
弁護士法人若杉法律事務所,福岡県福岡市中央区大名２丁目１１番２５号新栄ビル５階,2023-06-13,その他の設立登記法人
文育合同会社,大阪府大阪市此花区四貫島２丁目３番１－４０１号,2023-06-13,合同会社
新耀永通株式会社,大阪府大阪市東淀川区下新庄５丁目２２－２２－３０３,2023-06-13,株式会社
新諾株式会社,東京都足立区栗原３丁目２６番１号２Ｆ,2023-06-13,株式会社
日向合同会社,東京都中央区銀座４丁目３番２号銀座白亜ビル５階,2023-06-13,合同会社
日本映画Ｖｉｓｉｏｎ株式会社,大阪府大阪市大正区三軒家西３丁目４番１６号中山ビル４０５Ｂ,2023-06-13,株式会社
日本泓曄株式会社,大阪府大阪市大正区三軒家西３丁目４番１６号中山ビル３０８Ａ,2023-06-13,株式会社
明月堂株式会社,宮崎県日南市南郷町東町２番地７,2023-06-13,株式会社
春秋テック株式会社,大阪府大阪市浪速区浪速東１丁目１０番１０－１００５号,2023-06-13,株式会社
時語株式会社,大阪府阪南市舞４丁目３０番６号,2023-06-13,株式会社
暁綜合建設株式会社,兵庫県神戸市灘区桜ヶ丘町１５－６５－７０６,2023-06-13,株式会社
有限会社箕浦商店,群馬県高崎市並榎町５３２番地１,2023-06-13,有限会社
東栄Ｆｕｋｕｙａｍａ株式会社,東京都豊島区北大塚２丁目４番７号桜坂ハイツ８０２号,2023-06-13,株式会社
東洋トラスト合同会社,東京都中央区銀座１丁目２２番１１号銀座大竹ビジデンス２階,2023-06-13,合同会社
東運株式会社,東京都足立区西新井本町５丁目２番４－１０２号,2023-06-13,株式会社
株式会社あわいち,兵庫県淡路市佐野６０５番地２,2023-06-13,株式会社
株式会社えにし,熊本県八代市植柳新町２丁目２号２番地,2023-06-13,株式会社
株式会社とまり木,大阪府大阪市北区梅田１丁目２番２号大阪駅前第２ビル１２－１２,2023-06-13,株式会社
株式会社どんぐり,長野県北佐久郡御代田町大字御代田２５６８番地２７,2023-06-13,株式会社
株式会社ひまとゆ,鳥取県米子市新開２丁目１３番４７号,2023-06-13,株式会社
株式会社みのり,大阪府大阪市平野区加美南５丁目１－１４リッツ３番館２０２号,2023-06-13,株式会社
株式会社りのべる,長野県松本市大字島立８５７番地１,2023-06-13,株式会社
株式会社りん,東京都渋谷区富ヶ谷１丁目３３番５号,2023-06-13,株式会社
株式会社アサカワ,兵庫県神戸市中央区熊内町８丁目７番９号,2023-06-13,株式会社
株式会社アセット市ヶ谷,東京都千代田区九段南４丁目６番１号,2023-06-13,株式会社
株式会社アンセムユー,大阪府大阪市北区天神橋５丁目５番１６号,2023-06-13,株式会社
株式会社アーバンアクティブジャパン,東京都杉並区下高井戸４丁目３５番２６号メゾン杉Ｂ１０１号,2023-06-13,株式会社
株式会社イルマダムス,神奈川県横浜市港南区港南５丁目１６番５号,2023-06-13,株式会社
株式会社ウィリディス・マリス,神奈川県横浜市保土ケ谷区川辺町２番地５パークタワー横濱星川１５０２号,2023-06-13,株式会社
株式会社エフビーエム,広島県広島市安佐南区古市２丁目２番２５号ＦＫビル３階,2023-06-13,株式会社
株式会社エフラインスポーツ,大阪府大阪市西成区北津守３丁目４番５号,2023-06-13,株式会社
株式会社エンリッチ,大阪府大阪市中央区玉造２丁目２５番１号アバンティオ玉造５階,2023-06-13,株式会社
株式会社オサナイ塗装,神奈川県茅ヶ崎市菱沼１丁目６番１１号,2023-06-13,株式会社
株式会社オリンポス,東京都新宿区中落合１丁目１２番８号ＧＲＡＮＰＡＳＥＯ新宿中井１０３,2023-06-13,株式会社
株式会社オレンジリーフコンサルティング,千葉県流山市おおたかの森西１丁目２０番地の１－１２１５,2023-06-13,株式会社
株式会社カスタニエ,神奈川県横浜市青葉区あざみ野４丁目２３番地７,2023-06-13,株式会社
株式会社カラーコレクション,東京都港区芝２丁目３番１２号芝シムラビル８Ｆ,2023-06-13,株式会社
株式会社ガーリック・ホリック,東京都豊島区北大塚２丁目２９番３号,2023-06-13,株式会社
株式会社キムラ,広島県福山市南手城町３丁目１０番１９号,2023-06-13,株式会社
株式会社キャラメル,福岡県福岡市南区清水３丁目１７番７号,2023-06-13,株式会社
株式会社キャリアマッチ,東京都府中市寿町３丁目５番１号アトラス府中７０４,2023-06-13,株式会社
株式会社キャンディーエイト,広島県広島市西区草津東２丁目８番２５号,2023-06-13,株式会社
株式会社キーストン総研,東京都新宿区西新宿７丁目７番２５号ワコーレ新宿第二ビル４０１号,2023-06-13,株式会社
株式会社クラフトワークス,神奈川県横浜市金沢区富岡西４丁目５番１６号,2023-06-13,株式会社
株式会社クリーンエステック,新潟県阿賀野市北本町１２番１４－３号,2023-06-13,株式会社
株式会社クレインヴィレッジ,長崎県佐世保市三浦町２番１号アルファビル２Ｆ２０７号,2023-06-13,株式会社
株式会社クロスアップ,東京都中央区日本橋室町１丁目１１番１２号日本橋水野ビル７階,2023-06-13,株式会社
株式会社グロスペリティ,福岡県福岡市東区香椎２丁目３７番１号,2023-06-13,株式会社
株式会社コピュラ,神奈川県平塚市紅谷町８－１６,2023-06-13,株式会社
株式会社コロン,兵庫県明石市二見町東二見７３２番地の１８,2023-06-13,株式会社
株式会社ゴールドバンク,東京都江戸川区中葛西７丁目４－１０クレスト中葛西１０１,2023-06-13,株式会社
株式会社サンクチュアリ,東京都青梅市新町３丁目４１番地の７,2023-06-13,株式会社
株式会社サンロジ,神奈川県平塚市ふじみ野２丁目１５番８号,2023-06-13,株式会社
株式会社サン・クエスト,大阪府大阪市平野区平野東４丁目３番１０号,2023-06-13,株式会社
株式会社ジェーテック,青森県青森市自由ケ丘２丁目１８番地２,2023-06-13,株式会社
株式会社スターフェリー,東京都中央区日本橋室町１丁目１１番１２号日本橋水野ビル７階,2023-06-13,株式会社
株式会社ステラ,千葉県流山市南流山２丁目２番地の７渋谷ビル２０９号室,2023-06-13,株式会社
株式会社セカンドレグ,北海道北見市美山町南８丁目４５番地４９,2023-06-13,株式会社
株式会社タスク,兵庫県尼崎市御園１丁目９番２号,2023-06-13,株式会社
株式会社タダミ,福島県南会津郡只見町大字只見字沖１５０９番地,2023-06-13,株式会社
株式会社ティフォックス,福岡県大野城市旭ケ丘２丁目２番１５号,2023-06-13,株式会社
株式会社ディーインベストメント,東京都中央区銀座１丁目１２番４号Ｎ＆ＥＢＬＤ．６Ｆ,2023-06-13,株式会社
株式会社トラストテック,佐賀県三養基郡上峰町大字坊所２７２４番地トップフィールドＡ棟２０１号,2023-06-13,株式会社
株式会社トレードインクジャパン,大阪府大阪市北区梅田１丁目１番３号大阪駅前第３ビル２９階１－１－１号室,2023-06-13,株式会社
株式会社ナチュラルアセットマネジメント,福岡県朝倉市一木１１４８番地の１,2023-06-13,株式会社
株式会社ナチュラルエステート,福岡県朝倉市一木１１４８番地の１,2023-06-13,株式会社
株式会社ナチュラルリアルティ,福岡県朝倉市一木１１４８番地の１,2023-06-13,株式会社
株式会社ニイケ,佐賀県佐賀市鬼丸町１５番７号,2023-06-13,株式会社
株式会社ハウジングリリース,東京都世田谷区駒沢１丁目４番１４号,2023-06-13,株式会社
株式会社ハーツ,大阪府大阪市北区梅田１丁目２番２号大阪駅前第２ビル１２－１２,2023-06-13,株式会社
株式会社バイザストック,大阪府守口市八雲西町１丁目４５番１５－１０３号,2023-06-13,株式会社
株式会社パワーズ,長野県諏訪市大字豊田２８３７番地１,2023-06-13,株式会社
株式会社ビットサニー,東京都江戸川区松江７丁目１８番６号,2023-06-13,株式会社
株式会社ピクニック,宮城県仙台市若林区荒井東１丁目６番地の６－２Ｆ,2023-06-13,株式会社
株式会社ファストブレイク,大阪府大阪市此花区春日出北２丁目８番６号,2023-06-13,株式会社
株式会社ファーストアップ,千葉県四街道市池花２丁目２１番１号,2023-06-13,株式会社
株式会社ファーストフィールド,東京都板橋区熊野町１２番１５号,2023-06-13,株式会社
株式会社フォースイッチ,東京都渋谷区渋谷２丁目１９番１５号宮益坂ビルディング６０９,2023-06-13,株式会社
株式会社ブーストアップエンターテインメント,東京都渋谷区桜丘町２３番１７号シティコート桜丘４０８,2023-06-13,株式会社
株式会社プロスペラス,大阪府大阪市西区阿波座１丁目１１番１８号昭和本町ビル４１１号室,2023-06-13,株式会社
株式会社ベビーマッサージたんぽぽ,大阪府大阪市東淀川区淡路３丁目６－２３ジョリメゾン１０１,2023-06-13,株式会社
株式会社ベルフィーダ,東京都千代田区神田東松下町２５番地,2023-06-13,株式会社
株式会社ベースワークス,埼玉県本庄市児玉町児玉１４３７番地１,2023-06-13,株式会社
株式会社ポンテ,東京都港区南青山５丁目４番３５－１００６号,2023-06-13,株式会社
株式会社マイン,大阪府泉北郡忠岡町忠岡中３丁目４番１５号,2023-06-13,株式会社
株式会社マンモスロック,東京都世田谷区上用賀１丁目１番１－２０１号,2023-06-13,株式会社
株式会社ムラカミミニポンプ,佐賀県神埼市神埼町竹３４６８番地３,2023-06-13,株式会社
株式会社メイプル,兵庫県揖保郡太子町佐用岡２４番地４,2023-06-13,株式会社
株式会社メルク,東京都世田谷区桜丘４丁目５番１０号バームハイツ千歳船橋３０５,2023-06-13,株式会社
株式会社モンチッチ,東京都葛飾区西新小岩５丁目３番２７号,2023-06-13,株式会社
株式会社ユニファ・テック,千葉県市川市八幡２丁目９番１５号ブラッサムフォーラム市川,2023-06-13,株式会社
株式会社ラディッシュ,神奈川県平塚市御殿１丁目２番４１－２号,2023-06-13,株式会社
株式会社ラリンド,東京都港区六本木５丁目１３番１４号メゾン麻布６０６号室,2023-06-13,株式会社
株式会社リアティー,東京都渋谷区道玄坂１丁目１０番８号渋谷道玄坂東急ビル２Ｆ－Ｃ,2023-06-13,株式会社
株式会社リセンシャル,東京都港区麻布十番３丁目４番６号,2023-06-13,株式会社
株式会社リバネス,宮城県白石市郡山字平成３７番地,2023-06-13,株式会社
株式会社レ・シュー,神奈川県鎌倉市西鎌倉１丁目１番１０号,2023-06-13,株式会社
株式会社ヴィラント,神奈川県小田原市堀之内２０２番地の６,2023-06-13,株式会社
株式会社三星商会,神奈川県相模原市南区古淵３丁目１１番１６号古淵シティビル４０８,2023-06-13,株式会社
株式会社不動産法人Ｚ,熊本県熊本市南区近見８丁目６番２９号,2023-06-13,株式会社
株式会社丸共,岐阜県美濃加茂市田島町１丁目１４番地,2023-06-13,株式会社
株式会社久輝工業,佐賀県伊万里市二里町八谷搦１２０４番地１ネオス伊万里ザ・スクエア２０３号室,2023-06-13,株式会社
株式会社優勝ゴリラ,東京都江戸川区西葛西２丁目１６番１５号－８０２,2023-06-13,株式会社
株式会社加藤,福岡県田川市大字伊田４４５９番地１２,2023-06-13,株式会社
株式会社加藤板金,新潟県南魚沼市下薬師堂７９番地１０,2023-06-13,株式会社
株式会社南城エステート,沖縄県島尻郡与那原町字与那原３０６７番地の１,2023-06-13,株式会社
株式会社古越斎,大阪府大阪市中央区南本町１丁目５番地２サンコービル１００８号,2023-06-13,株式会社
株式会社司工務店,東京都江東区辰巳１丁目５番６号クレヴィア辰巳ブライトステージ４０３,2023-06-13,株式会社
株式会社坂井板金工業,富山県富山市藤木２１０５番地１２,2023-06-13,株式会社
株式会社大桜重機,北海道中川郡池田町字西一条１１丁目２番地５３,2023-06-13,株式会社
株式会社大熊設備工業,神奈川県綾瀬市深谷中４丁目２７番５０号サンビレッジ綾瀬Ｂ―２０１,2023-06-13,株式会社
株式会社大谷商店,神奈川県相模原市中央区横山４丁目２３番１５号江上マンション１０３号,2023-06-13,株式会社
株式会社宇井復旧,千葉県香取郡多古町島２３４８番地,2023-06-13,株式会社
株式会社宮本電器,三重県伊賀市馬場１１３番地の１,2023-06-13,株式会社
株式会社寿１,福岡県北九州市小倉南区石田南２丁目４番１号,2023-06-13,株式会社
株式会社寿２,福岡県北九州市小倉南区石田南２丁目４番１号,2023-06-13,株式会社
株式会社岩崎電気商会,神奈川県伊勢原市石田３０６番地の１－１０３,2023-06-13,株式会社
株式会社島田設備,東京都北区神谷２丁目４１番１－４０１号モナークマンション赤羽,2023-06-13,株式会社
株式会社投資活動,東京都中野区本町１丁目５番１７－１０１号,2023-06-13,株式会社
株式会社新生設備設計,福岡県福岡市東区二又瀬新町９番２０－５０３号,2023-06-13,株式会社
株式会社日本開発,茨城県坂東市逆井２２６０番地３,2023-06-13,株式会社
株式会社旭総業,東京都板橋区前野町６丁目１０番４－１０８号,2023-06-13,株式会社
株式会社明るい未来ラボ,東京都大田区山王４丁目２８番５号ヴィレッヂ山王Ａ棟２,2023-06-13,株式会社
株式会社星輝グローバル,三重県四日市市赤堀３丁目１２番２２号,2023-06-13,株式会社
株式会社春コーポレーション,宮城県柴田郡柴田町東船迫２丁目１番１０－Ｃ棟,2023-06-13,株式会社
株式会社景光商事,大阪府大阪市中央区高麗橋２丁目２番２号日宝北浜ビル５Ｆ６号室,2023-06-13,株式会社
株式会社朝倉組,大阪府大阪市北区西天満３丁目１０番４号,2023-06-13,株式会社
株式会社東京事務所,東京都渋谷区東２丁目６番１８号プライムハウス２０３号,2023-06-13,株式会社
株式会社栄晋内装,埼玉県川口市鳩ヶ谷緑町１丁目３番４－２０２号,2023-06-13,株式会社
株式会社桜水道,滋賀県大津市石山寺５丁目６番１０号,2023-06-13,株式会社
株式会社横田ハウス,茨城県稲敷郡阿見町大字荒川本郷９３８番地,2023-06-13,株式会社
株式会社正大,大阪府吹田市広芝町９番２８号江坂三生ビル３Ｆ,2023-06-13,株式会社
株式会社泉成,宮城県仙台市泉区八乙女中央５丁目９－２、２０１号室,2023-06-13,株式会社
株式会社海南製作所,愛知県弥富市鯏浦町上六４１番地７,2023-06-13,株式会社
株式会社清和製作所,長野県千曲市大字八幡２４８８番地１,2023-06-13,株式会社
株式会社盛ホールディングス,東京都江東区塩浜１丁目４番３３－８３９号,2023-06-13,株式会社
株式会社石坂,山梨県南アルプス市和泉９８４番地１,2023-06-13,株式会社
株式会社磯村建設,東京都練馬区北町２丁目３５番２号,2023-06-13,株式会社
株式会社神戸三田アニマルクリニック,兵庫県三田市沢谷７８３番地,2023-06-13,株式会社
株式会社秋真流商事,神奈川県綾瀬市深谷中８丁目１番６号,2023-06-13,株式会社
株式会社糸,宮城県登米市南方町高石５番地３２,2023-06-13,株式会社
株式会社聚昴,東京都立川市富士見町６丁目６３番２３号,2023-06-13,株式会社
株式会社聡愛,福島県福島市大森字西ノ内８８番地の２,2023-06-13,株式会社
株式会社茜運送,広島県呉市神原町１９番１７号,2023-06-13,株式会社
株式会社薬屋ヤマバヤシ,島根県邑智郡美郷町粕淵２５２番地５,2023-06-13,株式会社
株式会社西高工業,石川県能美市来丸町６０番地,2023-06-13,株式会社
株式会社豊喜コンサルティング,東京都世田谷区玉川４丁目３５番３号,2023-06-13,株式会社
株式会社豊源,福岡県福岡市中央区高砂１丁目２４番１６－１００２号,2023-06-13,株式会社
株式会社遊,山梨県甲府市新田町２番２８号,2023-06-13,株式会社
株式会社重山,福岡県福岡市中央区赤坂１丁目１１－２０－８ｂｉｔＡＫＡＳＡＫＡ,2023-06-13,株式会社
株式会社野見山電工,福岡県春日市宝町４丁目１番地１０３号,2023-06-13,株式会社
株式会社雅建装,埼玉県春日部市米島８０５番地１０,2023-06-13,株式会社
株式会社音斗,石川県金沢市新保本４丁目１１番地,2023-06-13,株式会社
株式会社風天サーキュラーパワー,広島県福山市南手城町１丁目１７番１１号,2023-06-13,株式会社
株式会社香川鉄筋,徳島県板野郡上板町西分字キ々木１２番地１５,2023-06-13,株式会社
株式会社高田庭苑,神奈川県川崎市高津区久末１５６６番地１,2023-06-13,株式会社
株式会社８８ＣＯＭＰＡＮＹ,東京都荒川区西日暮里５丁目１１番２号,2023-06-13,株式会社
株式会社ＡＩ．ＴＯＯＰ,大阪府大阪市北区梅田１丁目２番２号大阪駅前第２ビル１２－１２,2023-06-13,株式会社
株式会社ＡＬＬ　ＭＩＧＨＴ,福岡県福岡市中央区清川２丁目１番３１号１Ｆ,2023-06-13,株式会社
株式会社ＡＭＡＲＡ,東京都日野市程久保６５０番地,2023-06-13,株式会社
株式会社ＡＮＫ,神奈川県相模原市南区磯部１９５２番地２９,2023-06-13,株式会社
株式会社ＡＮＭＥＬ,神奈川県横浜市西区北幸２丁目１０番地２８むつみビル３Ｆ,2023-06-13,株式会社
株式会社Ａｎｉｍｉ,東京都豊島区南大塚２丁目３８番１号リードシー大塚ビル３階,2023-06-13,株式会社
株式会社Ａｒｋ,大阪府大阪市北区大淀中５丁目１４番１号,2023-06-13,株式会社
株式会社Ａｓ,新潟県新潟市南区鷲ノ木新田１２４番地,2023-06-13,株式会社
株式会社Ａｗａ,大阪府大阪市中央区宗右衛門町５－１２ニュージャパンビル５階５０３,2023-06-13,株式会社
株式会社Ｂ・ＢＲＡＶＥ,愛知県豊田市亀首町東畑５８番地８,2023-06-13,株式会社
株式会社Ｂｕｌｌ　Ｖｉｌｌａｇｅ,神奈川県相模原市中央区淵野辺３丁目６番２０号信栄ビルＢ１０２,2023-06-13,株式会社
株式会社Ｃａｎｖａｓ,大阪府大阪市北区梅田１丁目１－３大阪駅前第３ビル２９階１－１－１号室,2023-06-13,株式会社
株式会社Ｃｈｅｅｒ‐ｆｕｌ,大分県大分市大字宮崎９３２番地光吉フロントテラス２０３,2023-06-13,株式会社
株式会社Ｃｌｏｖｅｒ,千葉県南房総市市部７５９番地１,2023-06-13,株式会社
株式会社ＤａｔａＤｅｃｉｓｉｏｎ,兵庫県神戸市垂水区塩屋町１丁目５番１１－１０２号,2023-06-13,株式会社
株式会社Ｄｅｅ　ＣＲＡＮＥ,兵庫県尼崎市武庫之荘６丁目１６番１０号,2023-06-13,株式会社
株式会社Ｅ‐ＰＯＷＥＲ,東京都港区西麻布２丁目２６番７号,2023-06-13,株式会社
株式会社ＥｎｖｉｒｏＶｉｌｌａｇｅ,東京都港区芝浦２丁目２番１５号,2023-06-13,株式会社
株式会社Ｅｎｖｉｒｏｎｍｅｎｔ,東京都渋谷区神宮前５丁目４７番１０号ＯＤ表参道ビル３階,2023-06-13,株式会社
株式会社ＦＬＡ‐ＧＲＩＴ,東京都三鷹市下連雀６丁目１７番５号,2023-06-13,株式会社
株式会社ＦＯＵＲ　ＳＴＡＲＳ,静岡県御殿場市印野１７９１番地の４,2023-06-13,株式会社
株式会社ＦＳ不動産管理,東京都北区王子３丁目１５番４号,2023-06-13,株式会社
株式会社Ｆｉｎｇ’ｓ,東京都文京区小石川２丁目１番２号ユニオン小石川第１ビル３０１号,2023-06-13,株式会社
株式会社ＧＦＭ企画,神奈川県小田原市中村原２４０番地３７,2023-06-13,株式会社
株式会社ＧＲＡＳＩＭ,千葉県我孫子市柴崎台１丁目２番１号,2023-06-13,株式会社
株式会社ＧＲＥＥ‐Ｔ,東京都三鷹市新川６丁目２９－１８,2023-06-13,株式会社
株式会社Ｇｅａｒｎｅｔ　Ｊａｐａｎ,埼玉県川越市東田町４番地２７７,2023-06-13,株式会社
株式会社ＧｏＬａＺｏ,大阪府大阪市東淀川区瑞光２丁目８－１９－６０２,2023-06-13,株式会社
株式会社ＨＡＧＡＩ,東京都千代田区西神田２丁目５番７号,2023-06-13,株式会社
株式会社ＨＡＬＵＨＡＬＯ,栃木県小山市粟宮１丁目２番２９号,2023-06-13,株式会社
株式会社ＨＡＭ,静岡県浜松市中区鍛冶町１４０Ｃビル４階,2023-06-13,株式会社
株式会社ＨＡＭＡＣＨＩ,東京都渋谷区神宮前６丁目２３番４号桑野ビル２階,2023-06-13,株式会社
株式会社ＨＥＬＩＭ,栃木県宇都宮市江曽島本町３番３１号サニーガーデン１０３,2023-06-13,株式会社
株式会社ＨＯＰＥ,大阪府大阪市北区中津６丁目１１番１０号,2023-06-13,株式会社
株式会社ＨＯＰＥ・ＯＮＥ,岡山県岡山市中区桑野７５０番地８,2023-06-13,株式会社
株式会社ＨＹＡＫＵ‐ＳＨＩＫＩ,東京都新宿区歌舞伎町２丁目２４番７号エコロ新宿第２ビル５０１号室,2023-06-13,株式会社
株式会社ＩＧｃｏｎｎｅｃｔ,東京都品川区東大井２丁目２３番４－１００５号,2023-06-13,株式会社
株式会社ＩＫＤ,大阪府門真市東田町１５番２７号,2023-06-13,株式会社
株式会社ＩＴＳＵＫＡ,長野県上高井郡小布施町大字雁田６０５,2023-06-13,株式会社
株式会社ＪＥＶ　Ｅｄｕｃａｔｉｏｎ,東京都豊島区南大塚３丁目５５番１号,2023-06-13,株式会社
株式会社ＪＳ　ＷＯＲＫＳ．ＣＯ,沖縄県那覇市古波蔵３丁目７番２－２０２号室,2023-06-13,株式会社
株式会社ＪＳＰＧ,長野県駒ヶ根市赤穂２３番地１７０,2023-06-13,株式会社
株式会社Ｋ・Ｍ,兵庫県西宮市南甲子園２丁目６番１０－２０１号,2023-06-13,株式会社
株式会社Ｋ＆Ｙ,千葉県松戸市本町一丁目１８番地,2023-06-13,株式会社
株式会社ＫＡＭＵ,大阪府大阪市此花区高見３丁目１３番１４号,2023-06-13,株式会社
株式会社ＫＩＹＯＳＥ,大阪府大阪市浪速区恵美須西３丁目１５番５号マンションぐっど５０８室,2023-06-13,株式会社
株式会社ＫＵＭＯ＆Ｃｏ,東京都渋谷区初台１丁目５１番地１号初台センタービル２１１,2023-06-13,株式会社
株式会社ＫＹＴ,神奈川県川崎市中原区木月４丁目４２番８号ネクストステージＢ,2023-06-13,株式会社
株式会社ＬＩＡＩＳＯＮ,兵庫県小野市天神町９４６番地の２,2023-06-13,株式会社
株式会社ＬＹＮＤＡ,秋田県秋田市東通８丁目１番１７号,2023-06-13,株式会社
株式会社Ｌｉｆｅ　Ｐｌａｎ,大阪府堺市中区堀上町３１７番地５,2023-06-13,株式会社
株式会社Ｌｉｎｋ,大阪府大阪市西区西本町１丁目４番１号オリックス本町ビル４階,2023-06-13,株式会社
株式会社Ｌｏｔｕｓ,大阪府茨木市南耳原１丁目６番３１号アヴニール０１０７号,2023-06-13,株式会社
株式会社Ｌｏｙａｌｔｙ,東京都新宿区西新宿３丁目３番１３号西新宿水間ビル６階,2023-06-13,株式会社
株式会社Ｍ’ｓアート,愛知県刈谷市一ツ木町鵜島１番地２４９,2023-06-13,株式会社
株式会社ＭＥＲＡＫＩ,大阪府吹田市円山町５３番６４号,2023-06-13,株式会社
株式会社ＭＩＳＯＫＡ,大阪府大阪市中央区今橋２丁目５番８号,2023-06-13,株式会社
株式会社ＭＩＳＯＮＯ,東京都大田区東嶺町４３番１４号,2023-06-13,株式会社
株式会社Ｍｉｒａｋｕｕ,千葉県鎌ケ谷市中沢１０２５番地２４,2023-06-13,株式会社
株式会社Ｍｉｓｏｇｉ,栃木県鹿沼市下永野６００番地１,2023-06-13,株式会社
株式会社ＮＡＮＤＡ,東京都豊島区池袋３丁目４９－２メゾンコレーユ１０２号室,2023-06-13,株式会社
株式会社ＮＡＯ,兵庫県加西市北条町東南２０５番地の１,2023-06-13,株式会社
株式会社Ｎｅｘｔｅｐ,東京都千代田区神田小川町１丁目９番９号リンデンハウス２０１,2023-06-13,株式会社
株式会社Ｎｏｉｉ,山梨県富士吉田市上暮地４丁目５番２号,2023-06-13,株式会社
株式会社ＯＫＮＷ,沖縄県那覇市牧志３丁目１３番１１号アリエッタミオナ７０１,2023-06-13,株式会社
株式会社Ｐ＆Ｐ　Ｃｒｅａｔｉｏｎ,大阪府大阪市東住吉区今川６丁目４番２１号,2023-06-13,株式会社
株式会社ＰＩＣＮＩＣ,福岡県福岡市中央区赤坂１丁目１４番２２号,2023-06-13,株式会社
株式会社Ｐｌｕｓ　Ｔａｓｋ,広島県広島市東区牛田東２丁目１６－２０牛田東コープマンション１０３,2023-06-13,株式会社
株式会社Ｑ,大阪府堺市中区東八田３４０番地５,2023-06-13,株式会社
株式会社Ｒ＆Ｔ,東京都豊島区池袋２丁目４３番３号,2023-06-13,株式会社
株式会社ＲＡＦＵ,兵庫県神戸市長田区長田町３丁目２番１９号ルミナスハイツ長田２０１号,2023-06-13,株式会社
株式会社Ｒｅａｌ　Ｎｅｅｄｓ,大阪府箕面市西小路４丁目４番３号,2023-06-13,株式会社
株式会社Ｒｏｃｋ＆Ｃｏｍｐａｎｙ,東京都文京区本郷６丁目２５番１４号,2023-06-13,株式会社
株式会社ＳＡグループ,岡山県岡山市北区青江４丁目１０－２２,2023-06-13,株式会社
株式会社ＳＡＤＡＪＡＰＡＮ,千葉県野田市柏寺２５８番地６,2023-06-13,株式会社
株式会社ＳＨＯ,大阪府東大阪市足代北２丁目１番１３号,2023-06-13,株式会社
株式会社ＳＨＯＷ　ＭＥ,京都府京都市中京区壬生東檜町３４番地２,2023-06-13,株式会社
株式会社ＳＫ・マネジメント・ラボ,宮城県仙台市若林区卸町２丁目６番地の４,2023-06-13,株式会社
株式会社ＳＵＮＡＢＡ,東京都渋谷区神宮前４丁目２６番２８号２Ｆ,2023-06-13,株式会社
株式会社ＳｔｉＬｅ,島根県益田市種村町イ１７８０番地１,2023-06-13,株式会社
株式会社Ｓｗｉｔｃｈ,神奈川県茅ヶ崎市浜竹１丁目４番２５号,2023-06-13,株式会社
株式会社ＴＡＮＯＳＩＭ．,青森県五所川原市大字広田字下り松２６番地３,2023-06-13,株式会社
株式会社ＴＭＨ,神奈川県横浜市鶴見区馬場２丁目３－６,2023-06-13,株式会社
株式会社ＴＯＵＲＭＡＬＩＮＥ,東京都小金井市貫井北町３丁目２９番２１号,2023-06-13,株式会社
株式会社ＴＲＩＰＬＥ・Ｍ・ＣＯＲＰＯＲＡＴＩＯＮ,神奈川県小田原市下堀１０６－４,2023-06-13,株式会社
株式会社ＴＲＵＥ‐ＨＥＡＲＴ,富山県富山市富岡町４３２番地４,2023-06-13,株式会社
株式会社ＴＳＣ,兵庫県神戸市中央区生田町３丁目２－１０ルナコーポ１Ｆ,2023-06-13,株式会社
株式会社Ｔａｋａｈａｓｈｉ,広島県福山市松永町２丁目１９番５５号,2023-06-13,株式会社
株式会社ＵＳ,兵庫県宝塚市千種１丁目６番１０号,2023-06-13,株式会社
株式会社ＵＳｔｒａｄ,東京都目黒区中央町２丁目３番６号ＩＺビル１０２,2023-06-13,株式会社
株式会社ＵＴＥＫＩ,東京都世田谷区奥沢７丁目８番９号,2023-06-13,株式会社
株式会社ＵｎｉＣａｌｕ．,東京都足立区伊興１丁目２０番９号,2023-06-13,株式会社
株式会社ＶＯＬＴ,東京都港区赤坂８丁目１２番２８号パレス赤坂５０２,2023-06-13,株式会社
株式会社ＶｉＶｉ,神奈川県横浜市南区吉野町１丁目２番地,2023-06-13,株式会社
株式会社Ｗ　Ｗｈａｌｅ,福岡県福岡市東区香椎照葉４丁目２－１セントラル・パーク壱番館１４１２,2023-06-13,株式会社
株式会社ＷＩＥ．Ｒ,京都府京都市中京区御池通高倉西入高宮町２１６番地グランフォルム御池,2023-06-13,株式会社
株式会社ＷＫＴ,兵庫県姫路市飾磨区清水７４番地２,2023-06-13,株式会社
株式会社Ｗｏｒｌｄ　Ｂｒｉｄｇｅ,大阪府大阪市中央区南久宝寺町１丁目９－６エスエルビル３０２号,2023-06-13,株式会社
株式会社Ｙ＆Ｋｃｈｅｆｓ,兵庫県姫路市辻井１丁目３番４４－５号,2023-06-13,株式会社
株式会社ＹＩレストレーション,埼玉県さいたま市南区辻２丁目３番２７号小山ハイツ３号室,2023-06-13,株式会社
株式会社ＺＵ,徳島県徳島市沖浜東１丁目５番地コーポハマダ２－５Ｇ,2023-06-13,株式会社
株式会社ａｉｒ,長崎県東彼杵郡川棚町百津郷２９６番地１８２,2023-06-13,株式会社
株式会社ａｓｆａｃｔ,東京都立川市栄町２丁目５２番地の３６,2023-06-13,株式会社
株式会社ｆｕｊｉｇｒｏｕｐ,岐阜県高山市八軒町２丁目４０番地１０,2023-06-13,株式会社
株式会社ｇｉｖｅｒ,大阪府大阪市平野区長吉長原１丁目１番５３号,2023-06-13,株式会社
株式会社ｇｒａｓｐｅｄｉａ,広島県広島市南区宇品御幸３丁目２番６号,2023-06-13,株式会社
株式会社ｌｕｃｋｗｅａｖｅ,神奈川県相模原市南区相武台２丁目２番２号,2023-06-13,株式会社
株式会社ｍａｔｏｍａ,東京都世田谷区大原１丁目４８番１３号,2023-06-13,株式会社
株式会社ｐｕｒｅ　ｓｏｕｌ,愛知県名古屋市中区栄４丁目９番１０号,2023-06-13,株式会社
株式会社ｒｏｏｔ,広島県広島市西区己斐本町１丁目５番８号,2023-06-13,株式会社
株式会社ｓｙｎｃ,福岡県福岡市中央区薬院１丁目８番２０－７０５号,2023-06-13,株式会社
楽求国際貿易株式会社,東京都千代田区神田佐久間町３丁目２８番地星野ビル５１０,2023-06-13,株式会社
清航株式会社,大阪府大阪市中央区日本橋１丁目２５－１６－５０３,2023-06-13,株式会社
特定非営利活動法人ＭｉｎｔＧｒｅｅｎ,京都府木津川市木津町宮ノ内１６番地,2023-06-13,その他の設立登記法人
祥福合同会社,千葉県流山市松ケ丘５丁目７０２番地の３４,2023-06-13,合同会社
福井くにみ風力合同会社,福井県福井市中央１丁目２０番２５号,2023-06-13,合同会社
緑桜株式会社,神奈川県横浜市中区桜木町１丁目１０１番地１クロスゲート７階,2023-06-13,株式会社
纂贏株式会社,大阪府大阪市大正区三軒家西３丁目４番１６号中山ビル３０４Ｂ,2023-06-13,株式会社
興和システムソリューションズ株式会社,福岡県福岡市南区屋形原１丁目２番１０号,2023-06-13,株式会社
藤沢第四期株式会社,東京都江戸川区中葛西５丁目２０番９号ＳＵＮＧＩＯＩＡＮｏｒｔｈ１０１,2023-06-13,株式会社
軽齢日本株式会社,東京都台東区台東１丁目２４番９号ブライト秋葉原Ｂ１Ｆ,2023-06-13,株式会社
農事組合法人味心,和歌山県紀の川市上丹生谷２４１番地の２,2023-06-13,その他の設立登記法人
近畿産業株式会社,大阪府貝塚市近木９６０番地,2023-06-13,株式会社
鈴乃和株式会社,佐賀県唐津市木綿町１９６７－２船越ビル１Ｆ,2023-06-13,株式会社
錦琪株式会社,東京都墨田区東駒形２丁目２番１３東駒形二丁目ビル２０７号室,2023-06-13,株式会社
青進工業株式会社,香川県丸亀市津森町６２３番地２,2023-06-13,株式会社
須崎水産加工株式会社,高知県須崎市赤崎町１番２０号,2023-06-13,株式会社
高野電設株式会社,東京都江戸川区西一之江２丁目１５番１９号,2023-06-13,株式会社
２ＳＵＮ貿易株式会社,千葉県流山市松ケ丘４丁目５０５番地の２４,2023-06-13,株式会社
Ａ‐Ｓｈｉｐ株式会社,東京都大田区大森本町１丁目６－２－１２１９大森パークホームズベイサイドコート,2023-06-13,株式会社
ＡＲ＆Ｓ合同会社,東京都渋谷区神宮前２丁目３３－１８－２０５,2023-06-13,合同会社
ＡＴＨＥＮＡ　ＡＶＩＡＴＩＯＮ　ＬＥＡＳＩＮＧ　ＵＫ　ＬＴＤ,,2023-06-13,外国会社等
ＡＴＨＥＮＡ３　ＡＶＩＡＴＩＯＮ　ＬＥＡＳＩＮＧ　ＬＩＭＩＴＥＤ,,2023-06-13,外国会社等
Ａｉｒ合同会社,東京都新宿区余丁町６番３５号,2023-06-13,合同会社
Ａｒｌｏ　Ｔｅｃｈｎｏｌｏｇｉｅｓ　Ｉｎｔｅｒｎａｔｉｏｎａｌ　Ｌｉｍｉｔｅｄ,,2023-06-13,外国会社等
Ａｖｏｌｏｎ　Ａｅｒｏｓｐａｃｅ　ＡＯＥ　４０　Ｌｉｍｉｔｅｄ,,2023-06-13,外国会社等
Ａｖｏｌｏｎ　Ａｅｒｏｓｐａｃｅ（Ｉｒｅｌａｎｄ）ＡＯＥ４７　Ｌｉｍｉｔｅｄ,,2023-06-13,外国会社等
Ａｖｏｌｏｎ　Ａｅｒｏｓｐａｃｅ（Ｉｒｅｌａｎｄ）ＡＯＥ４８　Ｌｉｍｉｔｅｄ,,2023-06-13,外国会社等
Ａｖｏｌｏｎ　Ａｅｒｏｓｐａｃｅ（Ｉｒｅｌａｎｄ）ＡＯＥ４９　Ｌｉｍｉｔｅｄ,,2023-06-13,外国会社等
ＡｖｏｌｏｎＬｅａｓｉｎｇＩｒｅｌａｎｄ３Ｌｉｍｉｔｅｄ,,2023-06-13,外国会社等
ＢＯＣ　Ａｖｉａｔｉｏｎ（ＵＫ）Ｌｉｍｉｔｅｄ,,2023-06-13,外国会社等
Ｂｅｙｏｎｄｏｏｒ合同会社,東京都渋谷区渋谷３丁目６番１６号エメラルドアオキビル５Ｆ,2023-06-13,合同会社
ＣＡＮＡＴＡ　Ｄｅｓｉｇｎ株式会社,奈良県橿原市醍醐町２７５番地の１,2023-06-13,株式会社
Ｃｌｏｕｄサイエンス株式会社,東京都板橋区舟渡１丁目１２番１１号,2023-06-13,株式会社
Ｃｏｎｃｅｎｔｒｉｘ　ＳＲＥＶ　Ｓｉｎｇａｐｏｒｅ　Ｐｔｅ．Ｌｔｄ．,,2023-06-13,外国会社等
ＣｕｒｅＢｏｄｙ合同会社,東京都港区麻布十番２丁目７番５号カスタリア２０４,2023-06-13,合同会社
Ｅ　Ｏｎｅ　Ｔｅｃｈ株式会社,大阪府摂津市鳥飼下３丁目４７番９号,2023-06-13,株式会社
Ｅサービス株式会社,大阪府大阪市西淀川区千舟３丁目９番２２号,2023-06-13,株式会社
ＥＣＤＬ合同会社,神奈川県川崎市幸区北加瀬１丁目８番１号３０６,2023-06-13,合同会社
ＥＩＧＨＴ株式会社,東京都江戸川区西葛西２丁目１８番３－５０１号,2023-06-13,株式会社
ＥＴＴＮ合同会社,東京都中央区銀座１丁目１２番４号Ｎ＆ＥＢＬＤ．６Ｆ,2023-06-13,合同会社
Ｅｌｅｃｔｒｏ　Ｓｃｉｅｎｔｉｆｉｃ　Ｉｎｄｕｓｔｒｉｅｓ，Ｉｎｃ．,,2023-06-13,外国会社等
ＦＵＮＣ合同会社,茨城県つくば市春日４丁目２３番地７プレジデントふれあい３０２号,2023-06-13,合同会社
Ｇナチュラルハーベスト株式会社,広島県福山市春日町浦上２７２６番地４,2023-06-13,株式会社
ＧＲＥＥＮ　ＧＯＬＤ　ＪＡＰＡＮ株式会社,東京都港区南青山２丁目１０番１１号,2023-06-13,株式会社
Ｇｅｍｍｙｏ　Ｊａｐａｎ株式会社,東京都港区赤坂２丁目２３番１号アークヒルズ・フロントタワーＩｎＣｏｎｔｒｏｌ内,2023-06-13,株式会社
Ｇｒａｎ　ｅｓｔａｔｅ株式会社,大阪府大阪市福島区大開１丁目１９番１号,2023-06-13,株式会社
Ｈ＆Ａ　ＦＯＯＤＩＥＳ合同会社,神奈川県横須賀市太田和１丁目３０番７号ベルヴィオーラ１０２,2023-06-13,合同会社
ＨＡＬＯ　ＪＡＰＡＮ合同会社,大阪府大阪市住吉区長居東３丁目１１－１７能祖ビル２Ｂ,2023-06-13,合同会社
ＨＣ‐Ｓｏｆｔｗａｒｅ合同会社,宮城県仙台市宮城野区福室２丁目８番１７号福室マンション３１４号,2023-06-13,合同会社
ＨＰＣサイエンス株式会社,東京都板橋区舟渡１丁目１２番１１号,2023-06-13,株式会社
Ｈｅｅｊｉｎ　Ｓｔｏｒｅ合同会社,大阪府大阪市浪速区下寺３丁目３番１０－７Ｃ号,2023-06-13,合同会社
ＨｅｕｎｇＡＬｉｎｅＣＯ．，Ｌｔｄ,,2023-06-13,外国会社等
ＩＫＯＩ株式会社,千葉県習志野市鷺沼５丁目５番１８号,2023-06-13,株式会社
ＩＯＩ株式会社,大阪府大阪市天王寺区上本町３丁目１番１９－１２０１号,2023-06-13,株式会社
ＩＲＯＮＳ　ｄｅｓｉｇｎ　ｊａｐａｎ株式会社,熊本県熊本市東区御領１丁目１番９８号,2023-06-13,株式会社
Ｉｎｆｉｎｉｔｙ　Ｊａｐａｎ　Ｋｙｏｔｏ１合同会社,東京都千代田区丸の内３丁目１番１号東京共同会計事務所内,2023-06-13,合同会社
Ｉｎｆｉｎｉｔｙ　Ｊａｐａｎ　Ｔｏｋｙｏ１合同会社,東京都千代田区丸の内３丁目１番１号東京共同会計事務所内,2023-06-13,合同会社
Ｉｎｆｉｎｉｔｙ　Ｊａｐａｎ　Ｔｏｋｙｏ２合同会社,東京都千代田区丸の内３丁目１番１号東京共同会計事務所内,2023-06-13,合同会社
ＪＩＣ支援協同組合,愛知県名古屋市東区東桜１丁目１４番１２号イースタンビル本館４０９号室,2023-06-13,その他の設立登記法人
Ｊａｐａｎ　Ｈｅａｒｔｓ株式会社,群馬県館林市大谷町３００１－３６,2023-06-13,株式会社
ＫＡＮＮＡ株式会社,沖縄県浦添市西原６丁目１５番３号,2023-06-13,株式会社
ＫＩＥＮ　ＩＣＦＩＸ合同会社,大阪府大阪市西成区太子１丁目１５番３－３０１号,2023-06-13,合同会社
ＫＹＯＥＩ‐ＦＡ株式会社,京都府京都市西京区大枝中山町１番地４２３,2023-06-13,株式会社
Ｋａｌｅ株式会社,東京都千代田区永田町２丁目１４番２号山王グランドビル３階スリーアイズキャピタル株式会社内,2023-06-13,株式会社
ＫａｒｍＳ合同会社,東京都中央区新川１丁目６番１２号,2023-06-13,合同会社
Ｋｉｎｇ　Ｒｏｏｍ３３株式会社,大阪府大阪市中央区内淡路町１丁目１番５－５０１号,2023-06-13,株式会社
ＬＩＦＲＥＥＬＹ合同会社,埼玉県越谷市瓦曽根１丁目１８番地２２号ベルーフ館３０３号室,2023-06-13,合同会社
ＬＩＶＥ　Ａ　ＬＩＦＥ株式会社,岐阜県本巣市小柿４９番地４,2023-06-13,株式会社
ＬＰＪ株式会社,大阪府東大阪市日下町４丁目３番４４号,2023-06-13,株式会社
Ｌａｆｃａｄｉｏ　Ｌｅａｓｉｎｇ　Ｊａｐａｎ　Ｌｉｍｉｔｅｄ,,2023-06-13,外国会社等
Ｌｉｎｏ　Ｌｉｆｅ株式会社,東京都世田谷区三宿２丁目２５番１４号２５１４ｍｉｓｙｕｋｕ２号室,2023-06-13,株式会社
ＬｉｔｔＤｅｓｉｇｎ合同会社,岡山県津山市上河原１１７０番地３,2023-06-13,合同会社
Ｌｉｖｅｆｏｒ株式会社,東京都渋谷区猿楽町１８番８号,2023-06-13,株式会社
Ｍ’ｓＴＲＡＩＬ合同会社,新潟県長岡市今井２丁目１６６番地ハイツビギン１Ｆ,2023-06-13,合同会社
ＭＩＯ株式会社,大阪府寝屋川市成田町８番４号,2023-06-13,株式会社
ＭＴＳ株式会社,三重県松阪市東町２１６番地２,2023-06-13,株式会社
ＮＥＳＴＲＡＤＥ　Ｓ．Ａ．,,2023-06-13,外国会社等
ＮＯＡＨ株式会社,東京都板橋区弥生町３－３メゾトーネＭ３０１室,2023-06-13,株式会社
ＮＰＯ法人Ｋｉｄｓ　Ｆｕｔｕｒｅ　Ｐａｓｓｐｏｒｔ,福岡県福岡市博多区千代１丁目２０番３１号,2023-06-13,その他の設立登記法人
ＮＴＴイノベーティブデバイス株式会社,東京都港区港南１丁目２番７０号,2023-06-13,株式会社
ＮＵＳｋｉｎＥｎｔｅｒｐｒｉｓｅｓＰｒｏｄｕｃｔｓ．Ｉｎｃ．,,2023-06-13,外国会社等
Ｎｏａ’ｓ　ａｒｃｈｅ株式会社,東京都昭島市宮沢町５１２番地１パークホームズ昭島中神４２８号,2023-06-13,株式会社
ＯＦＦＩＣＥ　ＹＥＬＬ合同会社,福岡県北九州市戸畑区銀座１丁目２番２８号,2023-06-13,合同会社
Ｏｐｅｎ　Ｓａｌｅｓ合同会社,東京都渋谷区代々木３丁目５５－１０－１０３,2023-06-13,合同会社
ＰＲＡＮＡＢ合同会社,神奈川県横浜市鶴見区東寺尾東台１１－２,2023-06-13,合同会社
Ｐａｎａｓｏｎｉｃ　Ａｕｔｏｍｏｔｉｖｅ　Ｓｙｓｔｅｍｓ　Ｅｕｒｏｐｅ　ＧｍｂＨ,,2023-06-13,外国会社等
Ｐｏｓｔｔａ　Ｔｅｃｈｎｏｌｏｇｙ　ＩＮＣ,,2023-06-13,外国会社等
ＲＡＣＥＩ株式会社,東京都町田市木曽西２丁目５番地６,2023-06-13,株式会社
ＲＫ　ＲＡＣＩＮＧ株式会社,東京都杉並区西荻北４丁目１２番９号イズハウス２Ｆ,2023-06-13,株式会社
Ｒｉｃｏｒｄｉ株式会社,大阪府池田市西本町６番１７号メゾンクレール６０１,2023-06-13,株式会社
ＳＢ貿易合同会社,香川県丸亀市福島町８２番地きさらぎハイツ２０３号,2023-06-13,合同会社
ＳＥＥＤ　Ｔｅｃｈｎｏｌｏｇｙ株式会社,京都府京都市右京区嵯峨柳田町３５番地４３,2023-06-13,株式会社
ＳＨホールディングス株式会社,東京都世田谷区玉川田園調布２丁目９番１４号,2023-06-13,株式会社
ＳＫ合同会社,大阪府大阪市中央区南船場２丁目１０番３０号ＮＬＣ心斎橋アースビル,2023-06-13,合同会社
ＳＵＮＣＴＵＳ　ＡＲＣＨ　ＢＲＥＷＩＮＧ合同会社,栃木県日光市稲荷町３丁目３２５番地,2023-06-13,合同会社
Ｓｈａｄｏｇ合同会社,東京都渋谷区神泉町１０番１５号アネックス神泉３０１,2023-06-13,合同会社
Ｓｈｅｎｚｈｅｎ　Ｌａｎ　Ｚｈｕｏ　Ｙｕｅ　Ｅｌｅｃｔｒｏｎｉｃｓ　Ｔｅｃｈｎｏｌｏｇｙ　Ｃｏ．，,,2023-06-13,外国会社等
Ｓｈｉｎａｎｏ　Ａｖｉａｔｉｏｎ　Ｌｅａｓｉｎｇ　Ｌｉｍｉｔｅｄ,,2023-06-13,外国会社等
Ｓｏｌｄａｔ株式会社,東京都新宿区下落合３丁目１９番２号,2023-06-13,株式会社
Ｓｕｐｅｒ　Ｈｉｇｈ－Ｄｅｆｉｎｉｔｉｏｎ　ｅｌｅｃｔｒｏｎｉｃｓ　Ｉｎｃ,,2023-06-13,外国会社等
Ｓｕｐｅｒｂ株式会社,東京都港区南麻布２丁目８番１－２０１号,2023-06-13,株式会社
Ｔ．ｃｒｕｉｓｅ合同会社,兵庫県洲本市安乎町宮野原５９３番地,2023-06-13,合同会社
ＴＣ株式会社,山口県防府市清水町１４番２８号,2023-06-13,株式会社
ＴＯＦＵ合同会社,東京都練馬区南田中５丁目１０番３２号－２０５号室,2023-06-13,合同会社
ＴＯＰＳＯＮＥ　ＩＮＣ．,,2023-06-13,外国会社等
ＴＲＥリゾーツ株式会社,東京都新宿区西新宿６丁目１５番１－２９０２号,2023-06-13,株式会社
Ｔａｋｅｃｈｉｙｏ株式会社,大阪府大阪市北区梅田１丁目２番２号大阪駅前第２ビル１２－１２,2023-06-13,株式会社
Ｕ‐ＤＡＴＡ合同会社,大阪府豊中市新千里東町３丁目７番１－６０５号,2023-06-13,合同会社
ＵＴＯＰＢＲＡＮＤ　ＭＡＲＫＥＴＩＮＧ　ＣＯ．，ＬＴＤ,,2023-06-13,外国会社等
ＷＯＮＤＥＲ　ＳＥＡＳＯＮ合同会社,千葉県船橋市本町７丁目２３番１０号,2023-06-13,合同会社
Ｗｅｓｔｗｏｏｄ　Ｓｈｉｐｐｉｎｇ　Ｌｉｎｅｓ,,2023-06-13,外国会社等
ＷｒｉｔｉｎｇＷｒｉｔｅ合同会社,東京都豊島区南池袋３丁目１８－４９，ナチュレ東池袋２０３号室,2023-06-13,合同会社
ＸＥＮＥＳＴホールディングス株式会社,東京都中央区日本橋本石町３丁目３番１０号ダイワビル４階,2023-06-13,株式会社
ＹＡＤＯＫＡＲＩ合同会社,埼玉県鶴ヶ島市大字五味ヶ谷６７番地２４,2023-06-13,合同会社
ＹＮ３株式会社,東京都世田谷区野沢３丁目７番１１号ロイヤルスパークル柿の木坂３０２,2023-06-13,株式会社
ａｍａｉｎ株式会社,東京都目黒区下目黒３丁目７－８ガラステージ目黒３０４,2023-06-13,株式会社
ｅｐｉｃｅプランニング株式会社,兵庫県神戸市垂水区桃山台４丁目２番地の１１,2023-06-13,株式会社
ｇａｔｅｗａｙ株式会社,神奈川県厚木市上依知２７８番地４,2023-06-13,株式会社
ｓｂｉｃｅ合同会社,東京都港区浜松町２丁目２番１５号浜松町ダイヤビル２Ｆ,2023-06-13,合同会社
ｓｈｅｎｚｈｅｎ　ｓｈｉ　ｓｈｅｎｈａｏｄａ　ｄｉａｎｚｉ　ｙｏｕｘｉａｎ　ｇｏｎｇｓｉ,,2023-06-13,外国会社等
ｓｈｅｎｚｈｅｎ　ｘｉｎｙｉｔｏｎｇ　ｋｅｊｉｙｏｕｘｉａｎｇｏｎｇｓｉ,,2023-06-13,外国会社等
いっしん株式会社,兵庫県明石市樽屋町１番２９号,2023-06-14,株式会社
うつのみや表参道スクエア管理組合,栃木県宇都宮市馬場通り４丁目１番１,2023-06-14,その他
みんなのＮＰＯ法人,兵庫県神戸市西区神出町五百蔵１４２番地の１８３,2023-06-14,その他の設立登記法人
アクアサポート株式会社,大阪府大阪市淀川区三津屋北２丁目１４番２９号,2023-06-14,株式会社
アスミ建設株式会社,東京都豊島区東池袋１丁目２８番１－４０２号,2023-06-14,株式会社
アンシャル合同会社,群馬県高崎市和田多中町３０３番地１,2023-06-14,合同会社
イクサージュ目黒管理組合,東京都目黒区下目黒３丁目１０番３４,2023-06-14,その他
イフジ合同会社,東京都江戸川区西葛西３丁目１３番１２－５０７号田中第２ビルツイン・コート,2023-06-14,合同会社
エスダブルプラニング株式会社,東京都板橋区大山東町３０番９－４０７号,2023-06-14,株式会社
エステート・マネジメント合同会社,埼玉県戸田市笹目２丁目２番地の３－１０１号室,2023-06-14,合同会社
エスドットエッチ合同会社,北海道札幌市西区八軒六条東１丁目４－１４,2023-06-14,合同会社
エスプラン合同会社,大阪府大阪市北区大淀南２丁目７－１,2023-06-14,合同会社
エフトラスティ株式会社,東京都中央区八丁堀１丁目３番７号双鶴八重洲ビル３Ｆ,2023-06-14,株式会社
エンドスケープ株式会社,群馬県高崎市江木町９８３番地１ヤマタカシティビル１階,2023-06-14,株式会社
オールスターキャスト株式会社,兵庫県尼崎市神田南通６丁目１８４番地１Ｆ,2023-06-14,株式会社
カシマ瓦工業株式会社,兵庫県川西市向陽台２丁目７番地の７８,2023-06-14,株式会社
カワテク株式会社,神奈川県川崎市川崎区渡田新町３丁目４番２９号,2023-06-14,株式会社
クリエイション合同会社,神奈川県横浜市磯子区磯子２丁目４番２０号,2023-06-14,合同会社
クリエイトバリュー合同会社,広島県広島市中区十日市町２丁目５番２９－２０２号,2023-06-14,合同会社
コーンフラワー合同会社,大阪府大阪市北区梅田１丁目１番３号大阪駅前第３ビル２９階１－１－１号室,2023-06-14,合同会社
ゴールデンサン株式会社,大阪府大阪市中央区平野町２丁目５－８,2023-06-14,株式会社
サンテック株式会社,大阪府堺市西区浜寺船尾町西１丁２５２番地,2023-06-14,株式会社
ザ・チェリー株式会社,東京都八王子市寺田町４３２番地６７－２０２号,2023-06-14,株式会社
シバハマ合同会社,東京都世田谷区野沢３丁目７番１１号オークス柿の木坂３０２,2023-06-14,合同会社
シーエイチエムエレクトリカル株式会社,東京都中央区勝どき６丁目３番２－２１０８号,2023-06-14,株式会社
ジュネイト株式会社,福岡県飯塚市平恒１１５番地５１,2023-06-14,株式会社
ステップワン貿易株式会社,千葉県千葉市中央区本町３丁目４番６号１Ｆ,2023-06-14,株式会社
テーストマート合同会社,福岡県福岡市博多区博多駅前４丁目３３番１１－３０７号,2023-06-14,合同会社
ドットエイト株式会社,大阪府大阪市北区中津３丁目１１番２－９０２号,2023-06-14,株式会社
ドルチ合同会社,香川県善通寺市吉原町１２９番地１,2023-06-14,合同会社
ナイツ合同会社,神奈川県川崎市麻生区高石３丁目１１―９大和ハイツ２０３,2023-06-14,合同会社
バックロー株式会社,愛知県名古屋市中川区東かの里町１１０番地の１,2023-06-14,株式会社
パーツペディア株式会社,大阪府大阪市淀川区三津屋中２丁目１１番７号－４号,2023-06-14,株式会社
フォーフロイデ株式会社,東京都荒川区西日暮里２丁目２０番１－２００２号,2023-06-14,株式会社
ブリッジ運輸株式会社,愛知県みよし市東山台３３番地６,2023-06-14,株式会社
プラスエステ合同会社,東京都渋谷区道玄坂１丁目１０番８号渋谷道玄坂東急ビル２Ｆ－Ｃ,2023-06-14,合同会社
プレイス合同会社,大阪府堺市西区上野芝向ヶ丘町２丁２番１４号,2023-06-14,合同会社
マエストロ合同会社,滋賀県高島市拝戸１１７５番地１６,2023-06-14,合同会社
ミュージック・コミックス株式会社,東京都千代田区内神田２丁目２番６号,2023-06-14,株式会社
メディカルプランナー株式会社,大阪府池田市城南３丁目５番２１－６０７号,2023-06-14,株式会社
ユナイテッドワークス合同会社,鹿児島県枕崎市岩崎町３２２番地,2023-06-14,合同会社
ラッキースムーズ合同会社,神奈川県横浜市保土ケ谷区藤塚町１１－１ロイヤルシャトー保土ヶ谷公園２０２,2023-06-14,合同会社
リリトレ合同会社,神奈川県横浜市西区浅間町１丁目４番３号ウィザードビル４０２,2023-06-14,合同会社
リーブイットラック株式会社,大阪府茨木市双葉町８番１４号エスポワール茨木５０１号,2023-06-14,株式会社
レリーフホーム株式会社,北海道札幌市白石区平和通１７丁目北２－１０,2023-06-14,株式会社
一般社団法人いきいきライフ協会みのり,山梨県南都留郡山中湖村平野５１９番地の８４の１０１,2023-06-14,その他の設立登記法人
一般社団法人なごみはなこ,栃木県小山市大字乙女９５６番地３４,2023-06-14,その他の設立登記法人
一般社団法人はなゑみ,愛知県名古屋市南区観音町３丁目８２,2023-06-14,その他の設立登記法人
一般社団法人エスプロ,大阪府大阪市淀川区十八条１丁目１番３２号ザ・レジデンス東三国,2023-06-14,その他の設立登記法人
一般社団法人オーディエー,東京都中央区日本橋茅場町１丁目９番２号第一稲村ビル７階,2023-06-14,その他の設立登記法人
一般社団法人ココカラスタジオ,京都府京都市伏見区深草西浦町１丁目１０龍谷大学至心館３５９滋野正道研究室,2023-06-14,その他の設立登記法人
一般社団法人サニーデイズ,東京都練馬区北町１丁目２１番１０号,2023-06-14,その他の設立登記法人
一般社団法人フリージア,茨城県東茨城郡城里町大字石塚２２５８番地の６,2023-06-14,その他の設立登記法人
一般社団法人メディスマイル,宮城県仙台市青葉区花京院１丁目４番２５号,2023-06-14,その他の設立登記法人
一般社団法人ユイマール塾,沖縄県那覇市松川２丁目１６番１号シオンハウス２Ｆ,2023-06-14,その他の設立登記法人
一般社団法人北兵庫労働安全協会,兵庫県豊岡市城南町１番１号,2023-06-14,その他の設立登記法人
一般社団法人古民家再生協会山口中央,山口県山口市吉敷上東３丁目３番１６号,2023-06-14,その他の設立登記法人
一般社団法人川内薬剤師会,鹿児島県薩摩川内市西向田町１７番１１号,2023-06-14,その他の設立登記法人
一般社団法人日本ガットフレイル会議,東京都渋谷区上原１丁目３番９号,2023-06-14,その他の設立登記法人
一般社団法人日本グローバル文化交流協会,大阪府大阪市中央区西心斎橋２丁目１番１３号,2023-06-14,その他の設立登記法人
一般社団法人東村山地域振興機構,東京都東村山市本町２丁目６番地５,2023-06-14,その他の設立登記法人
一般社団法人樹恵子サロン,東京都練馬区桜台２丁目１６番２号,2023-06-14,その他の設立登記法人
一般社団法人渋谷あそびば制作委員会,東京都渋谷区桜丘町１番,2023-06-14,その他の設立登記法人
一般社団法人鳳施術協会,東京都渋谷区道玄坂２丁目１５番１号,2023-06-14,その他の設立登記法人
一般社団法人ＡＡＲＦｅｓ,東京都調布市小島町１丁目１２番４号ハイツエンジェル１０１,2023-06-14,その他の設立登記法人
一般社団法人ＣＨＣＰ東京医科歯科大学未来医療推進機構,東京都千代田区丸の内１丁目８番１号,2023-06-14,その他の設立登記法人
一般社団法人ＮＮプロパティ・ワン,東京都千代田区大手町２丁目２番２号アーバンネット大手町ビル,2023-06-14,その他の設立登記法人
一般社団法人ＳＨＩＲＡＯＩ　ＰＲＯＪＥＣＴＳ,北海道白老郡白老町大町３丁目８番１２号２階,2023-06-14,その他の設立登記法人
一般財団法人野村芳光財団,東京都渋谷区代官山町１３番８号,2023-06-14,その他の設立登記法人
万恒株式会社,埼玉県川口市中青木４丁目８番１２号,2023-06-14,株式会社
万盛商事株式会社,茨城県筑西市藤ケ谷１６７３番地２,2023-06-14,株式会社
三保造船健康保険組合,静岡県静岡市清水区三保３７９７番地,2023-06-14,その他
三友株式会社,茨城県つくば市二の宮１丁目２－２,2023-06-14,株式会社
三和住宅株式会社,三重県松阪市嬉野中川町６０番地の４,2023-06-14,株式会社
三埔津和株式会社,大阪府大阪市住之江区安立２丁目１０番１４号三坂ビル３０１号室,2023-06-14,株式会社
不流月株式会社,千葉県船橋市印内２丁目３番１５号ＴＯＰ西船橋第一２０４,2023-06-14,株式会社
中江株式会社,東京都荒川区東日暮里３丁目９番１４－４０４号,2023-06-14,株式会社
京セラグリーンイノベーション合同会社,京都府京都市伏見区竹田鳥羽殿町６番地,2023-06-14,合同会社
京商自動車株式会社,兵庫県神崎郡福崎町山崎コモイケ１７３番地１,2023-06-14,株式会社
但馬くらしのサポート合同会社,兵庫県養父市八鹿町八鹿１６５５番地４,2023-06-14,合同会社
北しりリゾートＤＭＣ合同会社,北海道小樽市築港５－７,2023-06-14,合同会社
医療法人八峯会,宮城県仙台市青葉区八幡１丁目１０番１５号,2023-06-14,その他の設立登記法人
合同会社あしか荘,千葉県銚子市海鹿島町５２９０番地,2023-06-14,合同会社
合同会社かいあお,大阪府岸和田市南町５７番１６号,2023-06-14,合同会社
合同会社こんふぉた,宮崎県宮崎市大字大瀬町１５３８番地２,2023-06-14,合同会社
合同会社ひかりといろ,大阪府松原市東新町４丁目６番１５号,2023-06-14,合同会社
合同会社まるふく,東京都練馬区関町南２丁目２５番３７号,2023-06-14,合同会社
合同会社アキラ・メルナ,山梨県北杜市高根町村山北割２９８４番地,2023-06-14,合同会社
合同会社アクロス,北海道札幌市豊平区福住二条４丁目２番２１－２０６号,2023-06-14,合同会社
合同会社アモーレ,神奈川県三浦郡葉山町堀内２０５号,2023-06-14,合同会社
合同会社イーナエード,北海道石狩郡当別町六軒町６９番地２３,2023-06-14,合同会社
合同会社ウエスト,神奈川県横浜市旭区中沢１丁目１４－１９,2023-06-14,合同会社
合同会社エルモス,東京都中央区銀座７丁目１３番６号サガミビル２階,2023-06-14,合同会社
合同会社キャプションホテルマネジメント,東京都千代田区大手町１丁目７番２号東京サンケイビル１６階,2023-06-14,合同会社
合同会社クリスティーン,東京都港区浜松町２丁目２番１５号,2023-06-14,合同会社
合同会社クローバー,千葉県浦安市北栄１丁目１７番１５号浦安駅前ビル２階２０１号室,2023-06-14,合同会社
合同会社グッドチームモーターズ,北海道札幌市中央区南九条西２３丁目３番１－５０７号,2023-06-14,合同会社
合同会社ケアステーション・れい,愛知県名古屋市中川区春田３丁目５６番地マンションＧＡＩＡ２０３号室,2023-06-14,合同会社
合同会社ケイシン,北海道札幌市厚別区上野幌二条６丁目１０－５,2023-06-14,合同会社
合同会社シリウス,東京都台東区谷中２丁目１－１１,2023-06-14,合同会社
合同会社スターボードシステム,兵庫県神戸市中央区磯辺通１丁目１番１８号カサベラ国際プラザビル７０７,2023-06-14,合同会社
合同会社ステラ,高知県高知市潮新町２丁目１０番１号,2023-06-14,合同会社
合同会社スリーエス,北海道札幌市東区北四十一条東４丁目２番１６号,2023-06-14,合同会社
合同会社ダンディール,愛知県瀬戸市上之山町２丁目１７１番地の３６１,2023-06-14,合同会社
合同会社トラストサポート,福島県石川郡石川町大字双里字桜町３７番地の１,2023-06-14,合同会社
合同会社トラストスマイル,大阪府大阪市城東区放出西１丁目５番１６号,2023-06-14,合同会社
合同会社トリプルウィン,愛知県春日井市大留町５丁目３－１６,2023-06-14,合同会社
合同会社ニホニウム,福岡県福岡市博多区冷泉町２－９クレアランドマーク３０５,2023-06-14,合同会社
合同会社フィールドハイ,愛知県一宮市北方町北方字狐塚郷３０番地,2023-06-14,合同会社
合同会社フェニックスコンサルティング,東京都台東区上野６丁目１番６号御徒町グリーンハイツ１００５号,2023-06-14,合同会社
合同会社フラット,愛知県春日井市中新町１丁目２７番地３,2023-06-14,合同会社
合同会社プラマーサービス,北海道苫小牧市拓勇東町７丁目４番２１号,2023-06-14,合同会社
合同会社ヘリオス,東京都新宿区歌舞伎町２丁目４５番４号ジェスト３０ビル５階,2023-06-14,合同会社
合同会社ホームスクールニコニコ,愛知県名古屋市東区砂田橋３丁目２番１０２－１０１０号,2023-06-14,合同会社
合同会社ボルドー,千葉県浦安市北栄１丁目１７番１５号浦安駅前ビル２階２０２号室,2023-06-14,合同会社
合同会社ボールキャッスル,東京都渋谷区神宮前６丁目２３番４号桑野ビル２階,2023-06-14,合同会社
合同会社マウロア,広島県福山市神辺町大字上御領字金平７３１７,2023-06-14,合同会社
合同会社ママン,島根県大田市温泉津町今浦ハ１２９７番地,2023-06-14,合同会社
合同会社ユニオン,北海道札幌市中央区南二条東１丁目１番１２号,2023-06-14,合同会社
合同会社ユーグライコ,山口県宇部市あすとぴあ６丁目９番８号,2023-06-14,合同会社
合同会社ラディアント,福岡県福岡市博多区住吉３丁目１番２０－７０１号,2023-06-14,合同会社
合同会社ラプラス,東京都練馬区旭丘１丁目５７番１３－３０３号,2023-06-14,合同会社
合同会社レフスタジオ,群馬県前橋市下小出町２丁目２２番２４号,2023-06-14,合同会社
合同会社勇英,北海道苫小牧市大成町２丁目６番３－３０５号,2023-06-14,合同会社
合同会社千帆,大阪府大阪市浪速区敷津西２丁目１３－２,2023-06-14,合同会社
合同会社和設備,岩手県滝沢市穴口２７５－８,2023-06-14,合同会社
合同会社夢明,北海道紋別市真砂町３丁目１－１,2023-06-14,合同会社
合同会社宮城,沖縄県名護市大北４丁目２３番５－Ｂ－１号チャレンジハウス２００１,2023-06-14,合同会社
合同会社旭,東京都大田区大森西１丁目１４番１３号,2023-06-14,合同会社
合同会社櫟木商事,東京都立川市錦町４丁目１１番１２号,2023-06-14,合同会社
合同会社田なべや,大分県別府市野口元町６番５号,2023-06-14,合同会社
合同会社神倉,東京都三鷹市深大寺２丁目１２番７号,2023-06-14,合同会社
合同会社笹塚ダイワビル,東京都渋谷区笹塚２丁目１２番１号,2023-06-14,合同会社
合同会社自由帳,北海道札幌市南区澄川四条５丁目２番１６－１０２号,2023-06-14,合同会社
合同会社至幸の魚,兵庫県佐用郡佐用町西徳久４８６番地８,2023-06-14,合同会社
合同会社至誠一貫,兵庫県神戸市西区伊川谷町有瀬１６７１－１６,2023-06-14,合同会社
合同会社鈴欣,愛知県知多郡南知多町大字日間賀島字一本松６番地,2023-06-14,合同会社
合同会社青木畳店,東京都江東区深川２丁目１７番３号,2023-06-14,合同会社
合同会社３ｒｄ　Ｓｔａｇｅ,東京都渋谷区道玄坂２丁目１５番１号ノア道玄坂１１９,2023-06-14,合同会社
合同会社ＡＣＴＩＶＡ,鹿児島県鹿児島市西田２丁目２８－６ＡＳＫＡⅡ　５０５号,2023-06-14,合同会社
合同会社ＡＬＧＯ,愛知県豊田市千石町２丁目５２３番地プリムローズ１０２号,2023-06-14,合同会社
合同会社Ａｄｏｔ,島根県江津市黒松町３６６－１２,2023-06-14,合同会社
合同会社ＡｏＳｏＬａ,宮城県仙台市太白区大野田４丁目６番地の１リバーサイド三樹１号館１０２－Ｂ,2023-06-14,合同会社
合同会社ＢＡＣＣ,東京都中野区野方２丁目１３番６号,2023-06-14,合同会社
合同会社ＢＬＵＥ　ＲＩＶＥＲ,東京都渋谷区神泉町１０番１５号,2023-06-14,合同会社
合同会社ＣＡＲＺ,東京都中野区丸山１丁目１９番６号,2023-06-14,合同会社
合同会社Ｃｏｎｎｅｃｔ　Ｉ,岩手県上閉伊郡大槌町吉里々々第１１地割６４－１０,2023-06-14,合同会社
合同会社ＤＩＲＥＣＴＯＲＮＡＤＥ,北海道札幌市南区藤野四条８丁目１番４０号,2023-06-14,合同会社
合同会社Ｄｏｒｏｔｈｙ,東京都渋谷区道玄坂１丁目１０番８号渋谷道玄坂東急ビル１階,2023-06-14,合同会社
合同会社Ｅｌｉａｍ,東京都練馬区向山２丁目２２番１９号,2023-06-14,合同会社
合同会社ＦＥＳＴＡ,福岡県福岡市博多区中洲５丁目４番６－３０８号リバーフェイス博多,2023-06-14,合同会社
合同会社ＦｉＥＬＤ　ＡＤＡＰＴ,兵庫県川西市緑台３丁目５番－１１３,2023-06-14,合同会社
合同会社Ｈｏｎｅｙｃｏｍｂ,奈良県奈良市学園赤松町２４４５－７－１０１ノバカネイチ学園前二番館,2023-06-14,合同会社
合同会社Ｈｏｒｉｚｏｎ,千葉県流山市おおたかの森南３丁目１０番地の２１,2023-06-14,合同会社
合同会社ＪＥカンパニー,大阪府大阪市北区梅田１丁目２番２号,2023-06-14,合同会社
合同会社Ｋ＆Ａプロジェクト,新潟県新潟市東区寺山１丁目８番４１号,2023-06-14,合同会社
合同会社ＫＫＣＨ,東京都中央区日本橋室町１丁目１１番１２号日本橋水野ビル７階,2023-06-14,合同会社
合同会社ＫＯＥＩ,兵庫県尼崎市杭瀬南新町４丁目５番６－１１０１号,2023-06-14,合同会社
合同会社ＫＯＵ,兵庫県明石市大久保町大窪１９９２－１グラティチュード大久保１０３,2023-06-14,合同会社
合同会社ＬＡＮＴＡＮ,神奈川県藤沢市辻堂元町４丁目１７－８マグノリア湘南２０４,2023-06-14,合同会社
合同会社ＬＩＦＥ　ＷＯＲＫ,東京都渋谷区渋谷２丁目１９番１５号,2023-06-14,合同会社
合同会社Ｍ＆Ｆカンパニー,神奈川県横浜市中区日ノ出町１丁目３６番地マンションアクロス６０４号室,2023-06-14,合同会社
合同会社ＭＩＲＯＫＵ,愛知県安城市篠目町童子２１０番地３,2023-06-14,合同会社
合同会社ＭＫコーポレーション,山口県宇部市相生町５番１０号,2023-06-14,合同会社
合同会社ＭＵＲＡ　ＴＲＡＤＩＮＧ,埼玉県行田市持田１丁目１５番１８号サンハイツ持田３０３,2023-06-14,合同会社
合同会社ＮＥＥＤＳ,神奈川県横浜市都筑区新栄町１３－１８－４１０,2023-06-14,合同会社
合同会社ＮＥＷ　ＰＥＲＩＯＤ,東京都中央区銀座１丁目１２番４号,2023-06-14,合同会社
合同会社ＮＧＬ,新潟県新潟市中央区笹口１丁目２３番地９メゾンマルス１０２号,2023-06-14,合同会社
合同会社ＮａｖｙＦｉｅｌｄ,福島県福島市方木田字水戸内５番地の１２,2023-06-14,合同会社
合同会社Ｏｎｅ　Ｐｏｌｉｔｅ,大分県中津市大字下池永１９２－１１,2023-06-14,合同会社
合同会社ＲＥＤ　ＢＥＡＮ,東京都八王子市小宮町１１８８番地３５,2023-06-14,合同会社
合同会社ＲＥＤＳ,東京都渋谷区神泉町１０番１５号,2023-06-14,合同会社
合同会社Ｒｉｎｇ,静岡県静岡市清水区長崎１１１７番地２サンライズ．アヴェニュー１０２号室,2023-06-14,合同会社
合同会社ＳＦＩＤＡ,北海道札幌市手稲区曙四条１丁目２番３号エステートライフ曙４条２０２号,2023-06-14,合同会社
合同会社ＳＴＲＩＤＥ,福島県いわき市平塩字古川８５番地の２,2023-06-14,合同会社
合同会社ＳＶＡＮ,北海道恵庭市美咲野６丁目８番２２号,2023-06-14,合同会社
合同会社Ｓｕｎｐｏｓｉ,愛知県尾張旭市大塚町２丁目１番地１,2023-06-14,合同会社
合同会社ＴＦアセットマネジメント,大分県大分市日岡３丁目６番２７号,2023-06-14,合同会社
合同会社ＴＩＡＲＡ,神奈川県横浜市西区中央１丁目３７番１－３０７号,2023-06-14,合同会社
合同会社ＴＮＴ,東京都千代田区丸の内３丁目１番１号東京共同会計事務所内,2023-06-14,合同会社
合同会社ＴＲＹＳＥ,愛知県愛西市森川町百石山壱番割１６６３番地２４,2023-06-14,合同会社
合同会社Ｔｅａｃｈ　ｍｅ,東京都立川市錦町１丁目４－４立川サニーハイツ２０３［ＫＯＤＡＣＨＩ］,2023-06-14,合同会社
合同会社Ｔｈｒｅｅ　Ｗａｙｓ,岐阜県本巣市文殊１３４番地１,2023-06-14,合同会社
合同会社Ｕｐ　Ｓｔａｒｔ,福岡県福岡市博多区那珂３丁目７番９号,2023-06-14,合同会社
合同会社ＵｐｐｅｒＦｉｅｌｄ,大阪府大阪市淀川区西宮原２丁目７－２４－４０２,2023-06-14,合同会社
合同会社ｂａｌｌｙｈｏｏ,神奈川県小田原市久野３５０８番地の１,2023-06-14,合同会社
合同会社ｒｅｌａｔｉｏｎｓｈｉｐ　Ｑｕａｌｉｔｙ,熊本県熊本市北区八景水谷４丁目５番８８号,2023-06-14,合同会社
合同会社ｓｙｎａｓｔａ,千葉県松戸市松飛台４６３番地の１１,2023-06-14,合同会社
和惠康株式会社,東京都千代田区内幸町１丁目１番１号帝国ホテルタワー１５階１９号室,2023-06-14,株式会社
嘉興合同会社,山口県防府市開出西町３２番１１号,2023-06-14,合同会社
夏陽合同会社,沖縄県那覇市安里１丁目１番５８号２階５号室,2023-06-14,合同会社
大阪国際大学・大阪国際大学短期大学部　同窓会,大阪府守口市藤田町６丁目２１番５７号,2023-06-14,その他
小西工業株式会社,北海道札幌市北区新琴似二条１３丁目２番６号,2023-06-14,株式会社
屋久島里めぐり推進協議会,鹿児島県熊毛郡屋久島町宮之浦８２３－１,2023-06-14,その他
岡邊建設株式会社,山口県山口市芝崎町９番１－４号,2023-06-14,株式会社
成美アート工房株式会社,栃木県宇都宮市上欠町１２３１番地２６７,2023-06-14,株式会社
新日田株式会社,埼玉県さいたま市北区別所町６２番地６ハッピースマイルベッショ２０１,2023-06-14,株式会社
新星商事合同会社,三重県桑名郡木曽岬町大字小和泉６８,2023-06-14,合同会社
日本宣馳株式会社,東京都文京区本郷４丁目１６番６号文京区本郷四丁目ビル天翔オフィス後楽園７階７０４号室,2023-06-14,株式会社
日章ＲＥＸ株式会社,愛知県名古屋市西区見寄町１７２番,2023-06-14,株式会社
有限会社カムグッド,東京都板橋区大和町２２番１８号,2023-06-14,有限会社
本草の物語株式会社,千葉県我孫子市湖北台３丁目７番１号,2023-06-14,株式会社
松崎財閥株式会社,茨城県古河市磯部２７番地ビレッジハウス総和２－５０２号,2023-06-14,株式会社
株式会社あさい,東京都港区北青山２丁目１２番４号坂本ビル３階,2023-06-14,株式会社
株式会社あすわ,福井県福井市板垣５丁目１２０１番地,2023-06-14,株式会社
株式会社いろはカンパニー,宮崎県宮崎市大塚町宮田２８５０番地３,2023-06-14,株式会社
株式会社どすこい土俵,神奈川県横浜市鶴見区鶴見中央３丁目１番２７－８０２号,2023-06-14,株式会社
株式会社まちづくり研究所,神奈川県川崎市川崎区四谷下町２０番１９号１０３,2023-06-14,株式会社
株式会社まる京,北海道札幌市中央区宮の森二条１７丁目１３番３１号,2023-06-14,株式会社
株式会社めいけん,東京都渋谷区神宮前６丁目２３番４号桑野ビル２階,2023-06-14,株式会社
株式会社アイケーエム,兵庫県加古川市野口町坂元北２丁目９０番地,2023-06-14,株式会社
株式会社アップル,大阪府堺市堺区中瓦町２丁３－１８高砂屋ビル５階,2023-06-14,株式会社
株式会社アピアホールディングス,広島県福山市春日町７丁目２番３３号,2023-06-14,株式会社
株式会社アマテル,神奈川県横浜市緑区台村町１０３８番地４,2023-06-14,株式会社
株式会社アラジン,京都府京都市右京区梅津徳丸町７番地１１,2023-06-14,株式会社
株式会社アルバライズ,新潟県新潟市中央区天神１丁目１番地,2023-06-14,株式会社
株式会社アレックス,茨城県龍ケ崎市若柴町１６９０,2023-06-14,株式会社
株式会社アーク不動産,群馬県高崎市倉賀野町１０６７番地１４,2023-06-14,株式会社
株式会社イコールシェア,新潟県柏崎市柳橋町９番３０－３０３号,2023-06-14,株式会社
株式会社イマケン,愛知県一宮市浅野字西屋敷１１０番地８,2023-06-14,株式会社
株式会社インナーコンパスキャリア,千葉県市川市福栄３丁目３番２０－２０８号,2023-06-14,株式会社
株式会社ウエストびら,北海道網走市字能取２４２番地の１５,2023-06-14,株式会社
株式会社ウォータークラウン,東京都江戸川区北篠崎１丁目２番４号,2023-06-14,株式会社
株式会社エグチ工業,北海道釧路市新富士町５丁目２番４９号,2023-06-14,株式会社
株式会社エコネス,広島県広島市安佐南区相田２丁目１７番１０－３５号,2023-06-14,株式会社
株式会社エスプラスプロジェクト,大阪府守口市北斗町１２－８,2023-06-14,株式会社
株式会社エム・クリエイト,東京都足立区大谷田１丁目３９番１号シャイン・ハイム大谷田１０２,2023-06-14,株式会社
株式会社エモロジックワン,東京都渋谷区渋谷３丁目１番９号,2023-06-14,株式会社
株式会社エンブレース,大阪府大阪市淀川区十三元今里２丁目１２番２５号１０２室,2023-06-14,株式会社
株式会社オオスギシゲキ,福岡県飯塚市相田７５－２０,2023-06-14,株式会社
株式会社オフィスツカサエンタープライズ,神奈川県横浜市神奈川区片倉１丁目３０番５号レオネクストフローラ片倉１０４号,2023-06-14,株式会社
株式会社オフィス葉山,神奈川県川崎市多摩区登戸１８３１番地１デル・スールテラス１０１,2023-06-14,株式会社
株式会社オールスター,広島県広島市安佐南区山本８丁目１番２－１７号,2023-06-14,株式会社
株式会社カプール,神奈川県横浜市鶴見区尻手３丁目８－１２Ｃ－Ｆｉｒｓｔ１０２,2023-06-14,株式会社
株式会社カマクラ,福岡県福岡市西区拾六町５丁目１５番１号,2023-06-14,株式会社
株式会社カラークリエイト,北海道釧路市末広町１０丁目１番６号サンエス釧路駅前ビル４階,2023-06-14,株式会社
株式会社カーグラスＧＬＵＥ,福島県いわき市常磐関船町３丁目７番地の２,2023-06-14,株式会社
株式会社ガガストロベリー,東京都中央区銀座１丁目１２番４号Ｎ＆ＥＢＬＤ．６Ｆ,2023-06-14,株式会社
株式会社クロスウィズユー,神奈川県川崎市川崎区駅前本町１１番地２川崎フロンティアビル４階,2023-06-14,株式会社
株式会社クローバー,兵庫県姫路市白浜町甲４０２番地１３８,2023-06-14,株式会社
株式会社クーレックス,神奈川県横浜市磯子区滝頭２丁目１９番８号,2023-06-14,株式会社
株式会社グローイングアップ,千葉県野田市みずき２丁目２０番地７１,2023-06-14,株式会社
株式会社グローバルワンストップジャパン,東京都千代田区内幸町１丁目３番１号,2023-06-14,株式会社
株式会社サンブリッヂ,神奈川県厚木市愛甲１丁目１２番５号,2023-06-14,株式会社
株式会社サン設備ホールディングス,埼玉県川口市上青木西３丁目６番３４号,2023-06-14,株式会社
株式会社シューズ,大阪府大阪市中央区南本町２丁目１‐１本町サザンビル２Ｆ２０８号室,2023-06-14,株式会社
株式会社シーアイシステム,神奈川県横浜市港北区新吉田町５５２４番地６３,2023-06-14,株式会社
株式会社スタジオケイブ,東京都杉並区高円寺南４丁目２６番１６号芦野ビル２０１,2023-06-14,株式会社
株式会社セカンドライフ,徳島県徳島市佐古三番町１６番６－１１０３号,2023-06-14,株式会社
株式会社セブンクラウドハウス,東京都千代田区神田佐久間町２丁目１３－３３藤波ビル４Ｆ,2023-06-14,株式会社
株式会社タキサワシステム,岩手県盛岡市緑が丘１丁目８番１５号,2023-06-14,株式会社
株式会社タレントギア,東京都世田谷区経堂３丁目２８番１０号,2023-06-14,株式会社
株式会社テクノス,三重県桑名市陽だまりの丘１丁目１００２番地モデルノⅡ棟０２０２号室,2023-06-14,株式会社
株式会社ディーシーエー,兵庫県神戸市中央区北野町２丁目５－２１,2023-06-14,株式会社
株式会社デザインマルゴー,大阪府泉南郡熊取町大久保南５丁目１１番２号,2023-06-14,株式会社
株式会社トップクラス,千葉県千葉市中央区鵜の森町１２－１榎ビル１０１,2023-06-14,株式会社
株式会社トモニ,東京都渋谷区神泉町１２－７ＦｏｕｒＳ２Ｆ,2023-06-14,株式会社
株式会社トライムーン,東京都文京区小日向１丁目２２番７号,2023-06-14,株式会社
株式会社トラッシュエージェント,東京都大田区大森南１丁目１１番２号,2023-06-14,株式会社
株式会社ドンナワークス,茨城県龍ケ崎市藤ケ丘３丁目９番地１３,2023-06-14,株式会社
株式会社ハイレバ,神奈川県横浜市戸塚区汲沢１丁目９－１２,2023-06-14,株式会社
株式会社ハクトケ,東京都港区南青山２丁目２－１５,2023-06-14,株式会社
株式会社パル,神奈川県横浜市西区北幸２丁目１０番地２８むつみビル３Ｆ,2023-06-14,株式会社
株式会社ファンダメンタルバリュー研究所,東京都港区北青山１丁目３番１－３号,2023-06-14,株式会社
株式会社フォルテ,東京都文京区本郷３丁目１６番６号,2023-06-14,株式会社
株式会社フォンテック大阪,東京都杉並区荻窪５丁目１８番１１－３０１号,2023-06-14,株式会社
株式会社フライングサーカス,愛知県名古屋市中区千代田５丁目１１番３３号ＳＴ　ＰＬＡＺＡ　ＴＳＵＲＵＭＡＩ本館５Ａ,2023-06-14,株式会社
株式会社フラットスリー,静岡県浜松市北区細江町中川７３４６番地,2023-06-14,株式会社
株式会社フラット工業,北海道江別市大麻泉町３３番地の１１パークヒル１０４,2023-06-14,株式会社
株式会社フリースタイル,静岡県三島市壱町田２６４番地の２,2023-06-14,株式会社
株式会社ブラッサムワークス,大阪府八尾市光南町２丁目５番１４号,2023-06-14,株式会社
株式会社ブランカ,東京都調布市布田２丁目１７番地１,2023-06-14,株式会社
株式会社プロスペクトブリッジ,大阪府大阪市阿倍野区松崎町２丁目６番１４－４０４号,2023-06-14,株式会社
株式会社ホライズン,東京都新宿区西早稲田３丁目１８番１６号１Ｆ,2023-06-14,株式会社
株式会社マクノウチ,千葉県千葉市中央区生実町８３２番地３Ｂ棟,2023-06-14,株式会社
株式会社マロンコーポレーション,神奈川県川崎市麻生区高石６丁目１５番２３－２０３号アクエルド百合ヶ丘,2023-06-14,株式会社
株式会社マ企画,大分県別府市田の湯町３番７号アライアンスタワーＺ４階,2023-06-14,株式会社
株式会社ミタカ,宮崎県児湯郡都農町大字川北５５２９番地１１,2023-06-14,株式会社
株式会社ミドリシャ,東京都板橋区若木２丁目２番１３号,2023-06-14,株式会社
株式会社ミナパ,東京都板橋区弥生町５８番１号,2023-06-14,株式会社
株式会社メディリンク,北海道札幌市東区北十六条東３丁目１番３１－１２０２号,2023-06-14,株式会社
株式会社モノリス,愛知県東海市富木島町伏見４丁目８番地１２,2023-06-14,株式会社
株式会社ヤマキエンジニアリング,北海道札幌市南区石山三条６丁目１０番５号,2023-06-14,株式会社
株式会社ヨウタウン,東京都新宿区矢来町５０番地５,2023-06-14,株式会社
株式会社ラッキーレンタカー,青森県八戸市青葉３丁目５番１８－１号,2023-06-14,株式会社
株式会社リメイクスリー,北海道札幌市東区北四十一条東２丁目１－１５パラディーゾ４１２,2023-06-14,株式会社
株式会社リープス,東京都八王子市鑓水２１０７番地７,2023-06-14,株式会社
株式会社レバ,東京都千代田区神田猿楽町２丁目１番２号鎌形ビル４階,2023-06-14,株式会社
株式会社ワールドウイング,千葉県松戸市西馬橋３２小林ビル３０２,2023-06-14,株式会社
株式会社三位,兵庫県西宮市下大市東町３５番３－２０３号,2023-06-14,株式会社
株式会社下岸製作所,兵庫県宍粟市山崎町岸田５７８番地,2023-06-14,株式会社
株式会社今匠建築,青森県青森市大字石江字江渡５２番地１０１,2023-06-14,株式会社
株式会社伊豆,埼玉県鴻巣市吹上富士見４丁目１４番２０号,2023-06-14,株式会社
株式会社住まいる,大阪府四條畷市大字岡山２３８番地の８,2023-06-14,株式会社
株式会社余市ドリームス,北海道余市郡余市町黒川町４丁目１２２番,2023-06-14,株式会社
株式会社充満貿易,北海道夕張郡由仁町本町２７３番地１,2023-06-14,株式会社
株式会社八和建設,神奈川県横浜市瀬谷区下瀬谷２丁目１９番地７セジュール下瀬谷Ｅ１０１,2023-06-14,株式会社
株式会社勝健,兵庫県神戸市東灘区御影塚町４丁目１－４－５０２号,2023-06-14,株式会社
株式会社千羽がんす,神奈川県平塚市入野２５１番地の４,2023-06-14,株式会社
株式会社吉田商店,兵庫県神戸市灘区城内通４丁目２番２２号,2023-06-14,株式会社
株式会社咲顔,茨城県取手市紫水３丁目９番地５,2023-06-14,株式会社
株式会社土呂急配,埼玉県さいたま市北区本郷町１６０７番地４,2023-06-14,株式会社
株式会社壱乃家,京都府舞鶴市字余部下８１５番地,2023-06-14,株式会社
株式会社大翔土建,沖縄県浦添市前田３丁目１５９５番地１,2023-06-14,株式会社
株式会社奔,埼玉県行田市佐間２丁目３番２４号つくもハイツＢ棟１０２,2023-06-14,株式会社
株式会社奥田重機,兵庫県姫路市飾磨区妻鹿１４９８番地１,2023-06-14,株式会社
株式会社宝城,兵庫県宝塚市川面３丁目１６番１３号２Ｆ,2023-06-14,株式会社
株式会社平島商事,大阪府大阪市中央区島之内１丁目４番３０号２Ｆ,2023-06-14,株式会社
株式会社庭づくり,熊本県合志市竹迫１８２６番地５,2023-06-14,株式会社
株式会社新潟ハタラク不動産,新潟県長岡市中沢２丁目１０６３番１,2023-06-14,株式会社
株式会社日本国際観光,東京都日野市大字石田４３５－６７シャルマンハウス１号館１０１,2023-06-14,株式会社
株式会社明真,北海道北広島市北の里３８番地５,2023-06-14,株式会社
株式会社星光,大阪府大阪市城東区鴫野西２丁目２番８号エステマール大阪城１０１号室,2023-06-14,株式会社
株式会社昴建設,兵庫県姫路市北条宮の町８８番地,2023-06-14,株式会社
株式会社木村建設,兵庫県明石市二見町西二見８１０番地の１ライオンズマンション明石二見３０５号,2023-06-14,株式会社
株式会社東北共栄運輸,青森県八戸市大字長苗代字化石３４番地１,2023-06-14,株式会社
株式会社林グループ,神奈川県川崎市高津区溝口５丁目６番３１号,2023-06-14,株式会社
株式会社梨真,東京都東大和市芋窪１丁目１９９８番地の６７,2023-06-14,株式会社
株式会社武蔵,東京都武蔵村山市学園１丁目５３番地の５,2023-06-14,株式会社
株式会社永順商会,千葉県印西市高西新田４０番地,2023-06-14,株式会社
株式会社江部建築設計事務所,新潟県新潟市中央区大島６０番地１,2023-06-14,株式会社
株式会社浅田製作所,神奈川県川崎市川崎区渡田向町３－１３,2023-06-14,株式会社
株式会社浪漫商事,神奈川県横浜市緑区長津田町４１９６,2023-06-14,株式会社
株式会社浪華,大阪府大阪市中央区内久宝寺町３丁目１番１４号アザリア８０１号室,2023-06-14,株式会社
株式会社源,神奈川県愛甲郡愛川町中津１１２４番地の８,2023-06-14,株式会社
株式会社澤田塗装,北海道小樽市銭函１丁目３５番２４号,2023-06-14,株式会社
株式会社真神,香川県東かがわ市松原２１４２番地,2023-06-14,株式会社
株式会社縁,大阪府大阪市東住吉区桑津３丁目２９番４－１０５号,2023-06-14,株式会社
株式会社視覚デザインラボ,千葉県浦安市堀江３丁目６番１０号,2023-06-14,株式会社
株式会社谷藤建機,埼玉県児玉郡上里町大字七本木３５５１番地２,2023-06-14,株式会社
株式会社雅京都観光,京都府向日市森本町天神森１６番地１,2023-06-14,株式会社
株式会社雅工業,千葉県柏市逆井２９０番地,2023-06-14,株式会社
株式会社集英社ＴＯＯＮ　ＦＡＣＴＯＲＹ,東京都千代田区九段北１丁目８番１号,2023-06-14,株式会社
株式会社青葉堂,京都府舞鶴市浜町７－１０,2023-06-14,株式会社
株式会社龍興,北海道苫小牧市大成町１丁目１２番１０号,2023-06-14,株式会社
株式会社３ＭＡ,東京都目黒区碑文谷５丁目９番１３号ヴェルデ学芸大学１０１,2023-06-14,株式会社
株式会社ＡＣＥ　ＰＲＩＤＥ,大阪府大阪市中央区島之内１丁目１９－１３山金ビル３階,2023-06-14,株式会社
株式会社ＡＩ　ＣＡＲＳ,三重県四日市市河原田町２２９０番地,2023-06-14,株式会社
株式会社ＡＩＬＬＩＯ,群馬県高崎市浜尻町７０７番地１３Ｅ棟,2023-06-14,株式会社
株式会社ＡＩＲ‐Ｄ　ＦＯＵＮＤＡＴＩＯＮ,神奈川県茅ヶ崎市中海岸４丁目１２９８６番地５２,2023-06-14,株式会社
株式会社ＡＰＬＵＳ,大阪府大阪市城東区関目６丁目１３番１２号,2023-06-14,株式会社
株式会社ＡＳＳＹ,愛知県長久手市杁ケ池５０６番地３,2023-06-14,株式会社
株式会社ＡＳＴＹ,兵庫県神戸市西区池上１丁目１４－４,2023-06-14,株式会社
株式会社ＡＴＡＬＬ,福岡県福岡市中央区天神２丁目２番１２号Ｔ＆Ｊビルディング７Ｆ,2023-06-14,株式会社
株式会社ＡＺｓｔｙｌｅ,愛知県名古屋市中村区上ノ宮町１丁目２８,2023-06-14,株式会社
株式会社Ａｆｆｅｋｔ,京都府福知山市字天田９４番地の１３,2023-06-14,株式会社
株式会社Ａｇａｋｉ,大阪府大阪市中央区南本町２丁目４番１６号本町デビスビル７階,2023-06-14,株式会社
株式会社Ａｌｌ　ＡｔｏＺ,大阪府大阪市北区梅田１丁目１－３大阪駅前第３ビル２９階１－１－１号室,2023-06-14,株式会社
株式会社Ａｐｅｒｏ,福岡県北九州市八幡東区山路松尾町２７番８号,2023-06-14,株式会社
株式会社Ａｓｔｅｒｉ,北海道札幌市中央区北十四条西１５丁目３－７,2023-06-14,株式会社
株式会社Ａｓｕｍｉ,福岡県福岡市南区大橋１丁目２７番２０－２０３号,2023-06-14,株式会社
株式会社Ｂ．Ｏ．Ｔ,鳥取県日野郡日野町下榎１３２番地１,2023-06-14,株式会社
株式会社ＢＡＲＡＮＧＡＹ,福岡県久留米市合川町１７４３－１,2023-06-14,株式会社
株式会社ＢＬＩＮＫ,東京都新宿区西新宿４丁目１番１０号東建ニューハイツ西新宿３０２,2023-06-14,株式会社
株式会社ＢａＢ,愛知県名古屋市中区丸の内３丁目２１－２１丸の内東桜ビル２０８号,2023-06-14,株式会社
株式会社Ｂｅｎｄ　Ｔｗｏ,神奈川県横浜市瀬谷区下瀬谷２丁目３７番地の２２,2023-06-14,株式会社
株式会社Ｂｉｚｆｕｌ,埼玉県越谷市蒲生茜町２５番地２２,2023-06-14,株式会社
株式会社Ｂｌｕｅ　Ｒｏｃｋｅｔ,東京都江東区有明１丁目５番２号ブリリア有明シティタワー３１０３,2023-06-14,株式会社
株式会社Ｂｏｎ’ｚ,北海道旭川市末広東一条６丁目３番１２号,2023-06-14,株式会社
株式会社ＣＥＮＤＲＥ,神奈川県鎌倉市大町５丁目１３－１４スタンザカマクラ２０２号室,2023-06-14,株式会社
株式会社ＣＨＣ　ＮＡＶＩＧＡＴＩＯＮ　ＪＡＰＡＮ,東京都台東区台東１丁目２４番９号ブライト秋葉原Ｂ１Ｆ,2023-06-14,株式会社
株式会社ＣＬＩＭＢｉｌｄ’ｓ,北海道札幌市白石区川北一条１丁目４－２３,2023-06-14,株式会社
株式会社ＣＯＬＬＩＮＥＳ,香川県高松市三条町６４１番地,2023-06-14,株式会社
株式会社Ｃｕｏｒｅ,大阪府八尾市西山本町４丁目１５番８号,2023-06-14,株式会社
株式会社Ｄ‐Ｃ‐Ｉ,神奈川県横浜市南区永田東２丁目３４番２７号,2023-06-14,株式会社
株式会社ＤＣＴ,福岡県遠賀郡遠賀町遠賀川３丁目１１番１号シャーメゾンＭＫアッシュ２０１号,2023-06-14,株式会社
株式会社ＤＩＮＧ　ＭＩＮＧ,大阪府東大阪市長堂１丁目１０番２０号サンモール５２２,2023-06-14,株式会社
株式会社ＤＮエンタテインメント,東京都渋谷区上原２丁目２８番５号,2023-06-14,株式会社
株式会社ＤＲＥＡＭ　ＢＥＬＩＥＶＥＲ,東京都新宿区高田馬場１丁目３２番１０号,2023-06-14,株式会社
株式会社Ｄａｎｄｅｌｉｏｎ,北海道網走市字豊郷１３１,2023-06-14,株式会社
株式会社Ｄｏｗｅｌｌ,福岡県福岡市東区松田３丁目１０番２０号,2023-06-14,株式会社
株式会社Ｅ’ＳＥＮＳＥ,東京都新宿区戸山１丁目１６番１６号,2023-06-14,株式会社
株式会社Ｅスパイス,茨城県古河市横山町３丁目９番地９号,2023-06-14,株式会社
株式会社ＥＡＣＹ,群馬県太田市山之神町５３４番地２０,2023-06-14,株式会社
株式会社Ｅｎｔｅｒ　Ｗｏｒｔｈ,東京都北区滝野川７丁目４８番２－１００５号ＣＯＭＦＯＲＩＡ滝野川,2023-06-14,株式会社
株式会社Ｆｏｎｔ,東京都国分寺市南町３丁目１７番１号,2023-06-14,株式会社
株式会社Ｆｒａｔｚ,東京都新宿区西早稲田２丁目１８－３２スケール５０１号室,2023-06-14,株式会社
株式会社Ｇ・Ｓｕｎｓ,神奈川県横浜市港南区野庭町６２１番地野庭団地１棟１１５号,2023-06-14,株式会社
株式会社ＧＫ,東京都練馬区石神井台６丁目８番２号,2023-06-14,株式会社
株式会社ＧＯ　ＳＴＡＹ,東京都葛飾区鎌倉４丁目２８番７号,2023-06-14,株式会社
株式会社ＧＴＯ,東京都杉並区下高井戸４丁目９－８,2023-06-14,株式会社
株式会社ＨＥＩＤＩ,沖縄県那覇市字安謝２５１番地１やしま産業ビル２０２号,2023-06-14,株式会社
株式会社Ｉコーポレーション,大阪府大阪市福島区鷺洲５丁目１２番１－７１０号,2023-06-14,株式会社
株式会社ＩＳＭ,大阪府堺市堺区新町３番４－４０３,2023-06-14,株式会社
株式会社ＩＴ　Ａｎｙｗｈｅｒｅ,神奈川県横浜市戸塚区前田町２１４番地１グランドメゾン東戸塚７番館４１１号,2023-06-14,株式会社
株式会社ＪＫグローバル,大阪府大阪市生野区桃谷４丁目１２番１８号,2023-06-14,株式会社
株式会社ＪＴｔｒａｄｉｎｇ,大阪府大阪市北区梅田２丁目５番１３号桜橋第一ビル３０４号,2023-06-14,株式会社
株式会社ＫＡＺＵＨＡ,千葉県八街市八街ろ９２番地７,2023-06-14,株式会社
株式会社ＫＩＴ,沖縄県那覇市古波蔵３丁目１番７－７０５号エテラ・クッカ古波蔵,2023-06-14,株式会社
株式会社ＫＫＲこころ,兵庫県神戸市中央区北野町２丁目１６番６号,2023-06-14,株式会社
株式会社ＫＯＩＺＵＭＩ,茨城県土浦市木田余東台１丁目１３番９号,2023-06-14,株式会社
株式会社ＫＯＴＯＳＡ,大阪府堺市西区草部３３５番地３ハイローズオオトリＢ棟２０１号,2023-06-14,株式会社
株式会社ＫＵＲＯＤＥＮ,兵庫県尼崎市塚口本町３丁目１９番３号,2023-06-14,株式会社
株式会社Ｋｏａｌａｂ,東京都豊島区東池袋２丁目３８番４,2023-06-14,株式会社
株式会社Ｌ‐ＭＯＷ,茨城県つくば市玉取２１８８番地１,2023-06-14,株式会社
株式会社ＬＩＦＩＸ,大阪府大阪市西淀川区佃５丁目１１番２０号,2023-06-14,株式会社
株式会社ＬＩＧＨＴＳＨＩＰ,新潟県上越市昭和町２丁目１７番１７号,2023-06-14,株式会社
株式会社ＬＩＬＩＡ,大阪府大阪市西区北堀江１丁目２２番４号１４０２,2023-06-14,株式会社
株式会社Ｌａ　ＧＬＯＩＲＥ,東京都練馬区下石神井６丁目２８番２号Ｈ室,2023-06-14,株式会社
株式会社Ｍ・ＰＯＷＥＲ,富山県富山市八尾町福島５丁目５１番地２,2023-06-14,株式会社
株式会社Ｍ＆Ｍ,愛知県名古屋市守山区翠松園３丁目１１１３番地,2023-06-14,株式会社
株式会社Ｍ２Ｆａｃｔｏｒｙ,東京都荒川区南千住３丁目３４番８－１００４号,2023-06-14,株式会社
株式会社ＭＥＲＡＫＩ,東京都世田谷区北烏山７丁目３１番１７号,2023-06-14,株式会社
株式会社ＭＦＡ,東京都八王子市東浅川町２４５番地１９,2023-06-14,株式会社
株式会社ＭＫリフォーム,千葉県松戸市八ケ崎３丁目２９番１号,2023-06-14,株式会社
株式会社ＭＭ‐アドバイザリー,東京都杉並区成田東４丁目３番１－５０３号,2023-06-14,株式会社
株式会社ＭＰ,愛知県名古屋市昭和区車田町２丁目１０１番地,2023-06-14,株式会社
株式会社ＭＵＮＩＱＵＥ,沖縄県うるま市字兼箇段３６２番地１７,2023-06-14,株式会社
株式会社ＭＵＳＵＢＵ,奈良県生駒市桜ケ丘３番２１号,2023-06-14,株式会社
株式会社ＭＹ　Ｎｅｉｇｈｂｏｒｓ,京都府相楽郡和束町大字下島小字横枕１１番地１,2023-06-14,株式会社
株式会社ＭＹＷ,愛知県名古屋市緑区横吹町４０１番地の２,2023-06-14,株式会社
株式会社Ｍａｈｋ,福井県坂井市春江町寄安第１０号４０番地４,2023-06-14,株式会社
株式会社Ｍｉｒｒｏｒ,東京都目黒区上目黒４丁目１０番１３号,2023-06-14,株式会社
株式会社Ｍｏｄｅｒｎな木こりの工務店,愛知県名古屋市昭和区御器所４丁目１０番９号,2023-06-14,株式会社
株式会社Ｍｙｋｏｎｏｓ,埼玉県さいたま市浦和区領家７丁目２２番６号,2023-06-14,株式会社
株式会社ＮＥＡＴ,東京都目黒区緑が丘２丁目１１番３号,2023-06-14,株式会社
株式会社ＮｅｘｔＧｅｎ　Ｓｏｌｕｔｉｏｎｓ,東京都目黒区緑が丘２丁目２４番１９号,2023-06-14,株式会社
株式会社Ｎｏｒｔｈ　Ｗｅａｌｔｈ,東京都杉並区上荻４丁目１２番１７号,2023-06-14,株式会社
株式会社ＯＮＥ　ＴＯＰ,兵庫県尼崎市額田町１７番１－８０９号,2023-06-14,株式会社
株式会社Ｏｆｆｉｃｅ‐ＨＡＬ,埼玉県上尾市柏座３丁目２番６号フィーリア上尾１１５,2023-06-14,株式会社
株式会社ＰＡＧＥ‐ＯＮＥ,大阪府大阪市東住吉区住道矢田２丁目６番１５号,2023-06-14,株式会社
株式会社ＰＪＭ,東京都新宿区荒木町１３番地７,2023-06-14,株式会社
株式会社ＰＯＰＯＲＯ,埼玉県さいたま市大宮区桜木町２丁目３番地大宮マルイ７階,2023-06-14,株式会社
株式会社ＰＲＯＳＰＥＣＴ,大阪府大阪市福島区福島７丁目２０番１８号,2023-06-14,株式会社
株式会社Ｐｅａｃｅ　Ｇｒａｙ,愛知県名古屋市天白区御幸山２０１番地（アヴァンセテラス御幸山３０２号）,2023-06-14,株式会社
株式会社ＰｌｕｓＯｎｅ,静岡県沼津市高島町１８－１２パスコグランドマンション３１０号室,2023-06-14,株式会社
株式会社Ｐｏｔａ,神奈川県横浜市保土ケ谷区宮田町２丁目１５５番地１８－３０５号,2023-06-14,株式会社
株式会社Ｒペイント,佐賀県三養基郡みやき町大字寄人１５８４番地８,2023-06-14,株式会社
株式会社ＲＡＦＴＥＬ　ＨＯＭＥ’Ｓ,東京都新宿区市谷本村町３番２０号新盛堂ビル別館５階,2023-06-14,株式会社
株式会社ＲＥＶＯ,大阪府大阪市北区梅田２丁目５番１３号桜橋第一ビル３０４号,2023-06-14,株式会社
株式会社ＲＩＴＡＲＩＴＡ,山口県周南市平和通２丁目２４番地,2023-06-14,株式会社
株式会社ＲｉｎｇｓＣａｒｅ,千葉県浦安市日の出１丁目４番Ｈ－１３０２号ベイシティ浦安,2023-06-14,株式会社
株式会社ＳＡ　Ｊａｐａｎ,東京都港区南青山２丁目４番１５号天翔南青山ビルＳ－４１２,2023-06-14,株式会社
株式会社ＳＡＯ不動産,東京都港区赤坂２丁目１４番５号Ｄａｉｗａ赤坂ビル７階,2023-06-14,株式会社
株式会社ＳＡｉＬ,兵庫県神戸市垂水区五色山７丁目５番３号ストラタハウス５号,2023-06-14,株式会社
株式会社ＳＢＣ,東京都目黒区青葉台３丁目１番１２号,2023-06-14,株式会社
株式会社ＳＢＣ湘南接骨院,神奈川県横浜市戸塚区上倉田町９０８番地,2023-06-14,株式会社
株式会社ＳＨ,大阪府河内長野市木戸１丁目１４番４５－１０３号,2023-06-14,株式会社
株式会社ＳＯＧＯ建築設計,東京都渋谷区千駄ヶ谷３丁目１番１０号１０Ｆ,2023-06-14,株式会社
株式会社ＳＯＬＡ,広島県大竹市油見３丁目１９番１８号,2023-06-14,株式会社
株式会社ＳＵＲＹＡ　ＳＡＮＧＡ,広島県東広島市西条栄町１０－３０東広島ＳｅａＰｌａｃｅ２０２,2023-06-14,株式会社
株式会社Ｓｏｒｒｉｓｏ,沖縄県那覇市久米２丁目２１番１０号、１０５号,2023-06-14,株式会社
株式会社ＳｔａｒｔＬｉｎｅ,北海道札幌市北区東茨戸二条１丁目２５番８号,2023-06-14,株式会社
株式会社Ｓｔｒａｉｇｈｔ,兵庫県三田市富士が丘２丁目９番地１７,2023-06-14,株式会社
株式会社Ｓｕｎ・Ｇｒａｃｅ,東京都八王子市元本郷町３丁目１７番１２号庚辰ビル３０２,2023-06-14,株式会社
株式会社ＴＯＭＯＲＲＯＷ,千葉県船橋市習志野台２丁目５番１４号,2023-06-14,株式会社
株式会社ＴＯＮＳＯＦＴ,東京都中央区銀座６丁目６番１号銀座風月堂ビル５階,2023-06-14,株式会社
株式会社ＴＸＭ,神奈川県中郡大磯町西久保１９５番地６,2023-06-14,株式会社
株式会社Ｔａｎｇｏ　Ｑｕｅｒｉｄｏ,東京都練馬区富士見台３丁目２２番１９号,2023-06-14,株式会社
株式会社Ｔｒｙ　Ｍａｒｋｅｔ,千葉県柏市豊四季台２丁目１番１－１０８号デュオヒルズ柏,2023-06-14,株式会社
株式会社ＵＫＳＹ,大阪府大阪狭山市池尻中１丁目３３番１号,2023-06-14,株式会社
株式会社ＵｐＳｉｄｅ,東京都世田谷区千歳台４丁目２１番３号,2023-06-14,株式会社
株式会社ＶＥＣＴＩＭ,大阪府大阪市淀川区東三国２丁目３８番１２号岸本第三ビル３０４号室,2023-06-14,株式会社
株式会社Ｗ,福岡県福岡市早良区百道３丁目５番６－１０２号,2023-06-14,株式会社
株式会社ＷＥＧＯＡＬ,東京都杉並区高井戸東２丁目３番８号クレストフォルム高井戸南３０８号室,2023-06-14,株式会社
株式会社Ｗｅｂ３マイニング,愛知県名古屋市中区新栄１丁目４１番３０号ホームタウンビルディング１Ｆ,2023-06-14,株式会社
株式会社ＷｏｒｋＮｙａｎ,東京都足立区足立１丁目８番１号メゾン・ラフィーネ５０２,2023-06-14,株式会社
株式会社ＹＳＲＭ　ｗｏｒｋｓ,埼玉県川口市大字安行領家１２２２番地の１－２０４号,2023-06-14,株式会社
株式会社Ｚｅｓｔｙ　Ａｇｅｎｔ．,東京都西多摩郡日の出町大字平井２４０－９ルミナスハイム１０３,2023-06-14,株式会社
株式会社ａｄｗｉｚ,神奈川県横浜市中区上野町１丁目２０番地９,2023-06-14,株式会社
株式会社ａｎｄ　ｍｏｒｅ,大阪府守口市大日東町４番Ａ８０１,2023-06-14,株式会社
株式会社ｂｌａｎｃａ,東京都大田区蒲田５丁目４３番地１０号第二日比野ビル２階,2023-06-14,株式会社
株式会社ｉｄｅａｌ．Ｂｅ,神奈川県川崎市高津区千年８０番２号千年大藤ビル２０２,2023-06-14,株式会社
株式会社ｋｅｙ　ｌａｂ,東京都小平市大沼町３丁目８番６号,2023-06-14,株式会社
株式会社ｍｉｔａｒａｓｈｉ,東京都新宿区西新宿３丁目３番１３号西新宿水間ビル２Ｆ,2023-06-14,株式会社
株式会社ｎｉｃｏ,埼玉県春日部市西金野井４０３番地５,2023-06-14,株式会社
株式会社ｒａｉｓｅ．Ａ,京都府京都市西京区大枝南福西町２丁目１６番地６,2023-06-14,株式会社
株式会社ｓｔｕｄｉｏ　Ｈ,兵庫県姫路市飾磨区清水６２番地の１,2023-06-14,株式会社
株式会社ｗｉｔｈ　ＬＩＦＥ,神奈川県横浜市鶴見区馬場３丁目４番１８号,2023-06-14,株式会社
株式会社ｗｏｒｍｗｏｏｄ,千葉県佐倉市中志津４丁目１－２２,2023-06-14,株式会社
森水株式会社,東京都台東区下谷２丁目２４－１１,2023-06-14,株式会社
横浜総合株式会社,神奈川県大和市福田１４１２番地９,2023-06-14,株式会社
水上工芸株式会社,愛知県名古屋市西区南堀越１丁目１６番３号アメニティハイム１０３号,2023-06-14,株式会社
洪田工業株式会社,愛知県名古屋市中区富士見町１３番１９号,2023-06-14,株式会社
浩川株式会社,東京都江東区亀戸５丁目２５－９金沐荘２０３号,2023-06-14,株式会社
災害支援ネットワークちば,千葉県千葉市美浜区真砂５丁目２１－１２（ＮＰＯクラブ内）,2023-06-14,その他
特定非営利活動法人ホームホスピスあいのさと,福岡県八女郡広川町大字吉常５７８番地３,2023-06-14,その他の設立登記法人
特定非営利活動法人春之会,鹿児島県鹿屋市寿８丁目５番３５号,2023-06-14,その他の設立登記法人
特定非営利活動法人音楽で地域を元気にする会,東京都葛飾区東金町３丁目３１番１６号古山ビル１階,2023-06-14,その他の設立登記法人
特定非営利活動法人ＥＳＤＧＺ　ＯＴＡＫＩ,千葉県夷隅郡大多喜町大戸４３３番地,2023-06-14,その他の設立登記法人
特定非営利活動法人ＫＯＢＥジュニアハイスクールクラブ,兵庫県神戸市垂水区舞子坂３丁目９番２０号,2023-06-14,その他の設立登記法人
特定非営利活動法人ＴＳＵＮＡＧＵ　ＭＯＫＡ,栃木県真岡市台町２４８１番地,2023-06-14,その他の設立登記法人
社会保険労務士法人シャローム牛田,広島県広島市東区牛田新町１丁目６番４２号ムラタビル２０２,2023-06-14,その他の設立登記法人
税理士法人丸木会計事務所,愛媛県松山市宮田町１３９番地１４,2023-06-14,その他の設立登記法人
税理士法人出口会計事務所,茨城県潮来市日の出８丁目４番地１７,2023-06-14,その他の設立登記法人
竹起株式会社,大阪府大阪市中央区南船場１丁目３－１６グランドメゾン長堀橋６０３号,2023-06-14,株式会社
舜和株式会社,東京都足立区東六月町７番３号,2023-06-14,株式会社
華盛株式会社,神奈川県横浜市中区長者町２丁目６番地１ライフレビュー横濱関内スクエアⅡ４０４号室,2023-06-14,株式会社
行政書士法人みらい法務会計,新潟県三条市西裏館３丁目６番６９号,2023-06-14,その他の設立登記法人
行政書士法人Ｒｏｗｉｎｇ,福岡県福岡市東区多の津４丁目９番１－５０３号沖ビル,2023-06-14,その他の設立登記法人
豐帆株式会社,東京都中央区日本橋本町１丁目６番３号日本橋ダイヤモンドマンション３０４号,2023-06-14,株式会社
赤坂第二期株式会社,東京都江戸川区中葛西５丁目２０番９号ＳＵＮＧＩＯＩＡ　Ｎｏｒｔｈ１０１,2023-06-14,株式会社
赤松工業合同会社,宮崎県児湯郡新富町大字伊倉２１番地１１,2023-06-14,合同会社
越境ＥＣ　ＢＲ株式会社,東京都台東区上野２丁目７番７号,2023-06-14,株式会社
越境ＥＣ　ＷＫ株式会社,東京都台東区上野２丁目７番７号,2023-06-14,株式会社
都市開発サポート株式会社,大分県大分市大道町４丁目１番９号,2023-06-14,株式会社
長内商事株式会社,青森県青森市浪館前田３丁目８番１６号,2023-06-14,株式会社
隆盛株式会社,神奈川県横浜市中区太田町２丁目３１－１友盛ビル３Ｆ,2023-06-14,株式会社
集賢堂株式会社,大阪府大阪市大正区三軒家西３丁目４番１６号中山ビル４０６Ａ,2023-06-14,株式会社
高知アニメクリエイター聖地プロジェクト実行委員会,高知県高知市はりまや町２丁目４番４号,2023-06-14,その他
３６９プロ合同会社,神奈川県茅ヶ崎市東海岸北５丁目１０番５０－３号,2023-06-14,合同会社
８ホールディングス株式会社,広島県呉市中央１丁目９番８号,2023-06-14,株式会社
ＡＡＳＨＡ合同会社,東京都板橋区赤塚１丁目３２番１２－２０３号,2023-06-14,合同会社
ＡＢＥ合同会社,神奈川県大和市深見西１丁目３番３号ＲＡＲＡ大和第３－２０２,2023-06-14,合同会社
ＡＤＲＩＥＬ　ＧＲＯＵＰ合同会社,埼玉県羽生市南７丁目５番地１３笈川コーポ１０２,2023-06-14,合同会社
Ａｇａｒｕｕ合同会社,東京都港区白金２丁目１番８号,2023-06-14,合同会社
Ｂ・Ｓ株式会社,東京都新宿区高田馬場４丁目９－１４ふみビル４階,2023-06-14,株式会社
ＢＯＷＬＳ合同会社,愛知県岡崎市江口３丁目５番地１３,2023-06-14,合同会社
Ｂｅｉｊｉｎｇ　Ｙｉｚｉｂａｉ　Ｔｒａｄｅ　Ｃｏ．，ＬＴＤ,,2023-06-14,外国会社等
Ｂｌｕｅｆｏｒｅｓｔ　Ｃａｐｉｔａｌ　Ｐａｒｔｎｅｒｓ株式会社,東京都千代田区飯田橋４丁目５－１６飯田橋コアビル５Ｆ,2023-06-14,株式会社
ＣＲＥＡ　ＺＥＲＯ合同会社,北海道札幌市豊平区平岸三条５丁目４番２２号平岸グランドビル３０２,2023-06-14,合同会社
Ｃａｓｈｍａｌｌｏｗ　Ｊａｐａｎ株式会社,東京都江東区有明３丁目７番２６号有明フロンティアビルＢ棟９階,2023-06-14,株式会社
Ｄ・Ｐａｒｔｎｅｒｓ合同会社,東京都中央区日本橋兜町１－２,2023-06-14,合同会社
Ｄｏｎｇｇｕａｎ　Ｓｉｌｉｎｇ　Ｔｅｃｈｎｏｌｏｇｙ　Ｃｏ．，Ｌｔｄ,,2023-06-14,外国会社等
Ｅｄｇｅ　Ｂａｓｅ株式会社,東京都渋谷区渋谷２丁目１９－１５宮益坂ビルディング６０９,2023-06-14,株式会社
Ｅｆｆｅｃｔ合同会社,北海道千歳市勇舞１丁目１０番４号,2023-06-14,合同会社
ＦＲＡジャパン株式会社,山口県周南市大字栗屋１５６番地の３４,2023-06-14,株式会社
ＦＵＮＡＤＯ株式会社,京都府京都市下京区松原通東洞院東入本燈籠町７番地１ライオンズマンション東洞院８０５号,2023-06-14,株式会社
ＨＡＰＰＹ　ＡＵＴＯ　ＴＲＡＤＥＲＳ合同会社,千葉県大網白里市清水９５８番地１３,2023-06-14,合同会社
ＨＡＲＡＭ　ＩＮＴＥＲＮＡＴＩＯＮＡＬ株式会社,栃木県真岡市熊倉１丁目１０番地３みどりヶ丘ハイツⅦ２０５号室,2023-06-14,株式会社
ＨＯＮＧＫＯＮＧ　ＲＥＶＯ　ＩＮＴＥＲＮＡＴＩＯＮＡＬ　ＴＲＡＤＥ　ＣＯ．，ＬＩＭＩＴＥＤ,,2023-06-14,外国会社等
ＨＲＥ　ＴＲＡＤＩＮＧ　ＣＯＭＰＡＮＹ　ＬＩＭＩＴＥＤ,,2023-06-14,外国会社等
Ｈａｉｎａｎ　ｃａｉｈｅ　ｊｉｎｃｈｕｋｏｕ　ｍａｏｙｉ　ｙｏｕｘｉａｎｇｏｎｇｓｉ,,2023-06-14,外国会社等
ＩｔｏＲｙｏ株式会社,千葉県白井市桜台２丁目４番１０棟１０１号,2023-06-14,株式会社
Ｊ　Ｌｉｎｋ合同会社,大阪府茨木市山手台新町２丁目２番１９号,2023-06-14,合同会社
ＪＩＰＲＯ株式会社,大阪府東大阪市五条町９番３０号シャルマンコーポ枚岡公園Ｂ棟４０５号,2023-06-14,株式会社
ＪＰＡ３合同会社,東京都千代田区丸の内３丁目１番１号東京共同会計事務所内,2023-06-14,合同会社
ＪＲ西日本プライベートリート投資法人,大阪府大阪市北区中之島２丁目２番７号中之島セントラルタワー,2023-06-14,その他の設立登記法人
ＪＳＨＤ合同会社,東京都千代田区丸の内３丁目４番１号新国際ビル６階,2023-06-14,合同会社
Ｊｏｈｎｓｏｎ　Ｃｏｎｔｒｏｌｓ－Ｈｉｔａｃｈｉ　Ａｉｒ　Ｃｏｎｄｉｔｉｏｎｉｎｇ　Ｓｉｎｇａｐｏｒｅ　Ｐｔｅ．Ｌｔｄ．,,2023-06-14,外国会社等
ＫＮ企画株式会社,京都府宇治市宇治弐番１６番地,2023-06-14,株式会社
ＫＯＭＡＩ　ＤＥＳＩＧＮ　ＡＲＴ株式会社,京都府京都市北区紫野下柳町５１－１,2023-06-14,株式会社
ＫＵＲＥＨＡ　ＥＮＥＲＧＹ　ＳＯＬＵＴＩＯＮＳ　ＬＬＣ,,2023-06-14,外国会社等
Ｌ＆Ｐ株式会社,大阪府大阪市生野区鶴橋４丁目１０－２３,2023-06-14,株式会社
ＬＫ株式会社,愛知県常滑市久米字南沢２番地１,2023-06-14,株式会社
ＬＴ内装合同会社,東京都江戸川区南小岩７丁目６番５－８０２号,2023-06-14,合同会社
ＬＴＬ合同会社,愛知県名古屋市中区栄１丁目２２－２ライオンズ名古屋ビル４２８号室,2023-06-14,合同会社
Ｌａｐｉｓ　Ｗｅｌｌｎｅｓｓ株式会社,埼玉県さいたま市大宮区仲町３丁目１０５番地鳥海ビル２０２室,2023-06-14,株式会社
Ｍ‐Ｓ　ＴＲＡＤＩＮＧ合同会社,茨城県下妻市黒駒１０５３番３,2023-06-14,合同会社
ＭＨメディカルヘルス株式会社,東京都港区南青山２丁目２４番５号ビューロー青山２０４号,2023-06-14,株式会社
ＭＨ資産マネジメント株式会社,東京都港区南青山２丁目２４番５号ビューロー青山２０４号,2023-06-14,株式会社
ＭＩＮＨ　ＫＨＡＮＧ合同会社,東京都豊島区要町３丁目２８番１号エクレールハイム２０１号,2023-06-14,合同会社
ＭＮ　ＥＮＴＥＲＰＲＩＳＥＳ株式会社,埼玉県本庄市東台１丁目２９９１番地４マロンハイツ２０３号室,2023-06-14,株式会社
ＭＵＲＥ合同会社,福岡県福岡市中央区赤坂１丁目２番１５－９０１号,2023-06-14,合同会社
Ｍｕｈｏｏ合同会社,兵庫県豊岡市百合地１０７５番１号,2023-06-14,合同会社
ＮＥＧＵＵＮ株式会社,東京都足立区花畑４丁目３４番６号笹原ビル２０２号,2023-06-14,株式会社
ＮＥＷ　ＬＩＦＥ株式会社,大阪府大阪市西成区梅南２丁目２番２６－２０１号,2023-06-14,株式会社
ＮＦＯ株式会社,奈良県橿原市雲梯町３４７番地１５,2023-06-14,株式会社
ＮＩＨＯＮ　ＩＮＴＥＲＮＡＴＩＯＮＡＬ　ＳＥＶＥＮ　ＳＴＡＲ　ＭＡＣＨＩＮＥＲＹ合同会社,愛知県名古屋市中村区名駅５丁目４番１４号花車ビル北館,2023-06-14,合同会社
ＮＯＴＯＹ株式会社,神奈川県横浜市青葉区荏田町４４９番地２９,2023-06-14,株式会社
ＮＰＯ法人いっしょに,福岡県北九州市小倉北区原町１丁目９番１－３０２号,2023-06-14,その他の設立登記法人
ＮＰＯ法人生きテク,東京都渋谷区神宮前６丁目２３番４号,2023-06-14,その他の設立登記法人
Ｎａｔｕｒａ合同会社,大分県大分市大字猪野６１番地の２,2023-06-14,合同会社
ＰＲＯ‐ＳＡＦＥ株式会社,大阪府大阪市北区梅田１丁目２番２号大阪駅前第２ビル１２－１２,2023-06-14,株式会社
ＱＩＮＧＤＡＯ　ＡＮＬＡＩＴＥ　ＭＡＯＹＩＹＯＵＸＩＡＮＧＯＮＧＳＩ,,2023-06-14,外国会社等
Ｑｉｎｇｄａｏ　Ｚｈｅｎｇｔａｏ　Ｔｏｏｌ　Ｃｏ．，ＬＴＤ,,2023-06-14,外国会社等
ＲＭＯグループ株式会社,神奈川県藤沢市鵠沼松が岡２丁目９番５号,2023-06-14,株式会社
ＲＳＫ合同会社,愛知県名古屋市中村区名駅３丁目４－１０アルティメイト名駅１ｓｔ２階,2023-06-14,合同会社
ＳＨＥＮＺＨＥＮＳＨＩ　ＨＡＩＳＨＡＮＧ　ＣＨＵＡＮＧＸＩＮＪＩＳＨＵ　ＹＯＵＸＩＡＮＧＯＮＧＳＩ,,2023-06-14,外国会社等
ＳＫＹ　ＬＩＮＫ　ＩＮＴＥＲＮＡＴＩＯＮＡＬ株式会社,千葉県野田市関宿江戸町１２０番地１,2023-06-14,株式会社
Ｓｈｅｎ　Ｚｈｅｎ　Ｓｈｉ　Ｈａｉ　Ｓｅｎ　Ｒｕｉ　Ｋｅ　Ｊｉ　Ｙｏｕ　Ｘｉａｎ　Ｇｏｎｇ　Ｓｉ,,2023-06-14,外国会社等
Ｓｈｅｎｚｈｅｎ　Ｃｈａｎｇｓｈｅｎｇ　Ｔｅｃｈｎｏｌｏｇｙ　ＣＯ．，ＬＴＤ．,,2023-06-14,外国会社等
Ｓｈｅｎｚｈｅｎ　Ｇｒｅｅｎ　Ｅｌｅｃｔｒｉｃａｌ　Ａｐｐｌｉａｎｃｅ　Ｃｏ．，Ｌｔｄ,,2023-06-14,外国会社等
Ｓｈｅｎｚｈｅｎ　Ｍｉｎｇｙａｎｇ　Ｉｎｔｅｒｎａｔｉｏｎａｌ　Ｂｉｏｔｅｃｈ　Ｃｏ．，Ｌｔｄ,,2023-06-14,外国会社等
Ｓｈｅｎｚｈｅｎ　Ｚｈｅｎ　Ｍｅｉ　Ｊｅｗｅｌｒｙ　Ｃｏ．，Ｌｔｄ,,2023-06-14,外国会社等
Ｓｈｅｎｚｈｅｎｓｈｉ　ｈｏｎｇｊｕｎｔａｎｇ　ｗｅｎｈｕａ　ｙｏｕｘｉａｎ　ｇｏｎｇｓｉ,,2023-06-14,外国会社等
Ｓｈｅｎｚｈｅｎｓｈｉ　ｈｕａｍｅｉｌｉａｎｘｕｎ　ｋｅｊｉ　ｙｏｕｘｉａｎｇｏｎｇｓｉ,,2023-06-14,外国会社等
ＳｉＳｌａｂｏｒａｔｏｒｙ合同会社,北海道余市郡余市町美園町１９８番地２７,2023-06-14,合同会社
Ｓｍａｌｔ株式会社,埼玉県川口市大字峯１０５７番地の６,2023-06-14,株式会社
Ｓｔａｒｎｉ合同会社,神奈川県横浜市港北区綱島西５丁目４番５２号,2023-06-14,合同会社
Ｓｕｎｎｙ　ｓｉｄｅ株式会社,大阪府大阪市西成区岸里東１丁目１４番１４号,2023-06-14,株式会社
Ｔ＆Ｕ税理士法人,大阪府大阪市西区江戸堀１丁目２３番２６号西八千代ビル３Ｂ,2023-06-14,その他の設立登記法人
ＴＥＣＨＧＥＮＥＲＯ　ＳＯＬＵＴＩＯＮＳ　ＰＲＩＶＡＴＥ　ＬＩＭＩＴＥＤ,,2023-06-14,外国会社等
ＴＭインタミデーション合同会社,和歌山県有田郡有田川町大字徳田５２４番地,2023-06-14,合同会社
Ｔｅａｍ‐ｍａｔｅ株式会社,神奈川県横浜市西区浅間町１丁目４番３号ウィザードビル４０２,2023-06-14,株式会社
Ｔｒｅｎｄ　Ｃｏｍｐａｎｙ株式会社,京都府京都市中京区場之町５９６エスメラルダ７０４,2023-06-14,株式会社
Ｕ．Ａ．協同組合,大阪府松原市上田２丁目７番２３号,2023-06-14,その他の設立登記法人
ＵＣＰ株式会社,大阪府大阪市中央区安土町２丁目５番１号,2023-06-14,株式会社
ＷＥＥＴＥＣＨ株式会社,愛知県知立市牛田町東向山９９番地１,2023-06-14,株式会社
ＷＥＬＬＦＯＲＣＥＳ　ＪＡＰＡＮ株式会社,愛知県名古屋市東区東桜２丁目３番５号,2023-06-14,株式会社
ＷＩＮＮＥＲ　ＭＥＤＩＣＡＬ　ＣＯ　ＬＴＤ,,2023-06-14,外国会社等
ＹＨＹ健康管理株式会社,神奈川県川崎市川崎区小川町１６－１７－４０９,2023-06-14,株式会社
Ｙｕｎ　Ｔｉｎｇ　Ｓｈｅｎ　Ｚｈｅｎ　Ｋｅ　Ｊｉ　Ｙｏｕ　Ｘｉａｎ　Ｇｏｎｇ　Ｓｉ,,2023-06-14,外国会社等
ＺＡＶＩ　ＥＸＰＯＲＴＳ合同会社,茨城県結城郡八千代町大字粟野２３０－３,2023-06-14,合同会社
ｈｅｃｈａｎｇｇｕａｎｌｉｚｉｘｕｎ（ｇｕａｎｇｚｈｏｕ）ｙｏｕｘｉａｎｇｏｎｇｓｉ,,2023-06-14,外国会社等
ｌａｎｚｈｏｕ　ｐｅｎｇｃｈｅｎｇｊｉａｎｃａｉ　ｘｉａｏｓｈｏｕ　ｙｏｕｘｉａｎｇｏｎｇｓｉ,,2023-06-14,外国会社等
ｓｈｅｎｚｈｅｎｓｈｉ　ｂｅｉｌｅｉｋｅｍａｎ　ｋｅｊｉ　ｙｏｕｘｉａｎｇｏｎｇｓｉ,,2023-06-14,外国会社等
ｓｈｅｎｚｈｅｎｓｈｉ　ｊｉｋｅｍａｍａ　ｋｅｊｉ　ｙｏｕｘｉａｎｇｏｎｇｓｉ,,2023-06-14,外国会社等
ｓｈｅｎｚｈｅｎｓｈｉ　ｊｉｎｙｕａｎｌｉｍａｏｙｉ　ｙｏｕｘｉａｎｇｏｎｇｓｉ,,2023-06-14,外国会社等
ｓｈｅｎｚｈｅｎｓｈｉｗｅｉｚｈｉｋｅｊｉｙｏｕｘｉａｎｇｏｎｇｓｉ,,2023-06-14,外国会社等
ｓｈｅｎｚｈｅｎｓｈｉｘｉｎｇｙｕｎｈｕｉｊｕｍａｏｙｉｙｏｕｘｉａｎｇｏｎｇｓｉ,,2023-06-14,外国会社等
ｙｉｗｕｓｈｉ　ｘｉｎｇｒｏｎｇ　ｚｈｉｎｅｎｇｋｅｊｉ　ｙｏｕｘｉａｎｇｏｎｇｓｉ,,2023-06-14,外国会社等
ｚｈａｏｑｉｎｇｓｈｉ　ａｏｊｉｗａｎｇｌｕｏｋｅｊｉ　ｙｏｕｘｉａｎｇｏｎｇｓｉ－ｙａｏｙｕｅ,,2023-06-14,外国会社等
あずさ株式会社,東京都中央区銀座６丁目６番１号,2023-06-15,株式会社
かふう沖縄株式会社,沖縄県宜野湾市大山２丁目９番２号前田商事第一ビル１Ｂ,2023-06-15,株式会社
さいたまレンタカー株式会社,埼玉県さいたま市岩槻区上野３丁目５番８,2023-06-15,株式会社
とんかつ合同会社,宮崎県延岡市下伊形町５９８１番地４プチメゾン大村１０５,2023-06-15,合同会社
どっとまる合同会社,東京都北区滝野川１丁目１番１－４０１号ＥＸＬ１１１,2023-06-15,合同会社
アテナ・アソシエイツ合同会社,東京都港区南青山３丁目１番３号スプライン青山東急ビル３階,2023-06-15,合同会社
アトリエコード株式会社,東京都品川区東大井６丁目１７－１－１Ｆ,2023-06-15,株式会社
アルテミス・アポロン株式会社,東京都世田谷区千歳台４丁目２６番２号芦花公園スカイハイツ６０３,2023-06-15,株式会社
エナジー・トランジション・ベンチャーズ合同会社,東京都千代田区大手町２丁目３番２号,2023-06-15,合同会社
カヤ株式会社,埼玉県川口市上青木西３丁目１０番６号,2023-06-15,株式会社
ケーロクヨン合同会社,京都府京都市下京区朱雀宝蔵町４４番地協栄ビル２階京都朱雀スタジオ,2023-06-15,合同会社
コバテック合同会社,神奈川県横浜市中区本牧町２丁目３１３番地７サングレイス本牧２０４号室,2023-06-15,合同会社
サニーオート株式会社,大阪府松原市天美我堂７丁目４９８番地の３,2023-06-15,株式会社
サンマンション大塚管理組合法人,宮崎県宮崎市大塚町窪田３２７２番地,2023-06-15,その他の設立登記法人
サービスＧＪ株式会社,東京都港区海岸３丁目１６－９－７０１,2023-06-15,株式会社
シンフォニー合同会社,東京都中央区銀座１丁目６番１１号土志田ビルディング３Ｆ,2023-06-15,合同会社
シーマユナイテッドフットボールクラブ合同会社,群馬県高崎市京目町１０８番地６,2023-06-15,合同会社
スカイインタナショナルトレーディングプライベートリミテッド,東京都八王子市子安町２丁目１３－１６花コーポ２階２４号室,2023-06-15,外国会社等
スターズ合同会社,千葉県茂原市緑ケ丘３丁目１７番地１,2023-06-15,合同会社
ステージ２１管理株式会社,大阪府豊中市本町５丁目１番１号,2023-06-15,株式会社
ゼロシックステレマーケティング合同会社,大阪府大阪市城東区関目４丁目７番１１号,2023-06-15,合同会社
タイエンコンサルティング合同会社,東京都中央区銀座１丁目１２番４号Ｎ＆ＥＢＬＤ．６Ｆ,2023-06-15,合同会社
ダイヤエンジ株式会社,岡山県岡山市南区浦安本町２１番地１０,2023-06-15,株式会社
テラノテクノロジー株式会社,静岡県浜松市東区西塚町３１４番地の２８,2023-06-15,株式会社
トラストジュエリー株式会社,福岡県福岡市東区箱崎３丁目８番１４－２０１号,2023-06-15,株式会社
トラスト協同組合,富山県富山市婦中町田島５４６番地３,2023-06-15,その他の設立登記法人
トランス不動産株式会社,東京都港区新橋１丁目１８番２１号第一日比谷ビル６１４,2023-06-15,株式会社
ハムケン合同会社,東京都港区北青山３丁目４－３,2023-06-15,合同会社
ビズファウンド株式会社,大阪府交野市東倉治５丁目４番１７号,2023-06-15,株式会社
ファンク株式会社,東京都港区白金台４丁目２－１０ランドステージ白金台２０２,2023-06-15,株式会社
ブリッジゴールド株式会社,東京都台東区上野３丁目６番７号泉ビル５階,2023-06-15,株式会社
ヘレウスノーブルライトジャパン株式会社,東京都文京区大塚２丁目９番３号,2023-06-15,株式会社
ユニオンエンジニアリング株式会社,兵庫県神戸市中央区布引町１丁目１番８号,2023-06-15,株式会社
ユニオンシステムズ株式会社,兵庫県神戸市中央区布引町１丁目１番８号,2023-06-15,株式会社
ユニバース合同会社,兵庫県神戸市長田区御屋敷通２丁目５－２,2023-06-15,合同会社
リーチ株式会社,沖縄県名護市大北４丁目１７番４－１０７号ハイグレースＴｕｈａ,2023-06-15,株式会社
レインボー食品株式会社,福島県いわき市渡辺町上釜戸字青谷８３番地,2023-06-15,株式会社
一般社団法人あいりす,東京都東村山市美住町１丁目２１－２０,2023-06-15,その他の設立登記法人
一般社団法人たきびれっじ,山口県下関市豊北町大字滝部４７５番地３,2023-06-15,その他の設立登記法人
一般社団法人みあげて,山梨県西八代郡市川三郷町市川大門１７７７番地１,2023-06-15,その他の設立登記法人
一般社団法人アマヤル,岐阜県岐阜市長良７１４番地１,2023-06-15,その他の設立登記法人
一般社団法人コザミクストピア,沖縄県沖縄市照屋１丁目１番７号,2023-06-15,その他の設立登記法人
一般社団法人仁,東京都世田谷区太子堂２丁目１番１号,2023-06-15,その他の設立登記法人
一般社団法人南魚沼防災活動センター,新潟県南魚沼市二日町１３８番地１,2023-06-15,その他の設立登記法人
一般社団法人東京都相続支援協会,東京都港区新橋３丁目９番１０号天翔新橋ビル８０１号,2023-06-15,その他の設立登記法人
一般社団法人横浜川崎海上コンテナ協会,神奈川県横浜市中区本牧ふ頭１番１０号ターミナルオフィスセンター３０１号,2023-06-15,その他の設立登記法人
一般社団法人淡路町ＧＰ,東京都新宿区四谷２丁目９番地１５東京ユナイテッド綜合事務所内,2023-06-15,その他の設立登記法人
一般社団法人独立進歩学会,東京都葛飾区宝町１丁目１７番１３号グランシャリオ２０１,2023-06-15,その他の設立登記法人
一般社団法人神奈川県自動車販売店協会,神奈川県横浜市都筑区池辺町３６６３番地,2023-06-15,その他の設立登記法人
一般社団法人福祉のみらい,東京都足立区綾瀬２丁目３６番２号,2023-06-15,その他の設立登記法人
一般財団法人柳川育英財団,東京都港区芝公園２丁目３番６号,2023-06-15,その他の設立登記法人
三方良合同会社,東京都文京区本郷１丁目３１番１２号プラウド本郷一丁目ディアージュ１００２号室,2023-06-15,合同会社
九宇宝株式会社,大阪府大阪市西成区橘３丁目１４番１号１０９号,2023-06-15,株式会社
亡藤井千秋　相続財産,東京都三鷹市下連雀３丁目３３番１３号三鷹第二ビル３０８号室　正岡法律事務所,2023-06-15,その他
亡高𣘺信司　相続財産,東京都三鷹市下連雀３丁目３３番１３号三鷹第ニビル３０８号室　正岡法律事務所,2023-06-15,その他
今日興マネジメント株式会社,東京都中央区湊３丁目１３番８号３０１号室,2023-06-15,株式会社
医療法人仁志会,埼玉県深谷市上敷免３６５番地,2023-06-15,その他の設立登記法人
医療法人新中道皮ふ科クリニック,宮城県宮城郡利府町新中道２丁目５番１０号,2023-06-15,その他の設立登記法人
協同組合ＦＢ,岡山県岡山市北区奥田本町２３番１７号,2023-06-15,その他の設立登記法人
合同会社くらふく,岡山県倉敷市南畝５丁目６番７号,2023-06-15,合同会社
合同会社ちむぐくる,大阪府豊中市庄内栄町１丁目７番３号,2023-06-15,合同会社
合同会社ちるどれん,大阪府大阪市生野区小路東１丁目２－２１,2023-06-15,合同会社
合同会社まほろばコンサル,愛知県名古屋市瑞穂区東栄町４丁目７番地の１,2023-06-15,合同会社
合同会社まみー,大阪府豊中市千里園３丁目６番１０号千里園マンションＣ２０２,2023-06-15,合同会社
合同会社みんぴい商会,北海道札幌市北区拓北五条４丁目６番７号,2023-06-15,合同会社
合同会社エスポワール,宮城県仙台市若林区大和町５丁目１１番３２－１００２号,2023-06-15,合同会社
合同会社オメガ,大阪府大阪市西淀川区歌島３丁目５番５－３０１,2023-06-15,合同会社
合同会社カイダンラボ,京都府福知山市字篠尾１２５７番地,2023-06-15,合同会社
合同会社カトルヴァントロワ,東京都世田谷区下馬１丁目２２－８,2023-06-15,合同会社
合同会社キュリオラボ,石川県かほく市木津ロ７７‐６,2023-06-15,合同会社
合同会社クロスフレームラボ,東京都港区浜松町２丁目２番１５号浜松町ダイヤビル２Ｆ,2023-06-15,合同会社
合同会社チャンドラマン,愛知県名古屋市中区栄３丁目１２番６号インペリアルプラザＢ１,2023-06-15,合同会社
合同会社チリー,北海道札幌市北区屯田四条７丁目１－１ミズキビル１Ｆ,2023-06-15,合同会社
合同会社トーゲツ,東京都府中市栄町２丁目２８番地の７,2023-06-15,合同会社
合同会社ビジネスブリッジ,山形県米沢市通町２丁目５番６３号,2023-06-15,合同会社
合同会社ピーアールジェイ・パートナーズ,東京都千代田区二番町３番地４,2023-06-15,合同会社
合同会社ホヌ,岐阜県高山市名田町４丁目１９番地５,2023-06-15,合同会社
合同会社メソッド・キャピタル,東京都葛飾区亀有５丁目４８番５号,2023-06-15,合同会社
合同会社メルクーバ,福岡県福岡市中央区天神２丁目２番１２号Ｔ＆Ｊビルディング７Ｆ,2023-06-15,合同会社
合同会社ユメカケル,鹿児島県鹿児島市中山町１９６５番地１,2023-06-15,合同会社
合同会社リブラ,北海道札幌市西区山の手一条１３丁目５番２６号,2023-06-15,合同会社
合同会社レイヴン,東京都東村山市青葉町３丁目３２番地２１コーポ秋津２０７,2023-06-15,合同会社
合同会社七菓,兵庫県神戸市須磨区妙法寺字菅ノ池３－１フィーカ須磨の丘１階,2023-06-15,合同会社
合同会社万ノ木コーポレーション,東京都練馬区羽沢２丁目１１番８号,2023-06-15,合同会社
合同会社工藤電機,北海道小樽市潮見台２丁目３番２号和光ハイツ３号棟２０３号室,2023-06-15,合同会社
合同会社愛ＹＡＭＡＤＡ,新潟県新潟市中央区大島１０６番地１,2023-06-15,合同会社
合同会社明和,大阪府大阪市生野区中川東２丁目２０番１５号,2023-06-15,合同会社
合同会社杉,静岡県浜松市東区小池町７２１番地の１,2023-06-15,合同会社
合同会社来味,兵庫県姫路市白浜町寺家１丁目２００番地,2023-06-15,合同会社
合同会社桃源郷,徳島県徳島市八万町上福万２２０番地８,2023-06-15,合同会社
合同会社猫山,神奈川県鎌倉市由比ガ浜３丁目６番１２－１０５号,2023-06-15,合同会社
合同会社福岡ビルマネージメント,福岡県福岡市東区香住ヶ丘４丁目９番１８号,2023-06-15,合同会社
合同会社翔電社,埼玉県東松山市大字上野本２６４―９,2023-06-15,合同会社
合同会社英智エデュケーション,東京都国分寺市南町３丁目２３番４号第三浦野ビル３階,2023-06-15,合同会社
合同会社Ａ‐ＺＥＲＯ,東京都台東区浅草橋１丁目１１―９ＴＨＥＤＡＹＡＳＡＫＵＳＡＢＡＳＨＩ４０５,2023-06-15,合同会社
合同会社ＡＲＡＮＣＨＡ,大阪府貝塚市小瀬５０５番地２,2023-06-15,合同会社
合同会社Ａｓｓｉｓｔ　Ｙｏｕ,熊本県合志市須屋２５７８番地２キャッスル須屋３０１号,2023-06-15,合同会社
合同会社ＢＡＬＯＲＡＭＡ,愛知県豊橋市向山町字三ノ輪１３番地６,2023-06-15,合同会社
合同会社ＢＡＲＵ,埼玉県さいたま市桜区栄和３丁目１５番２号,2023-06-15,合同会社
合同会社ＢＣＪ‐７３,東京都千代田区丸の内１丁目１番１号パレスビル５階,2023-06-15,合同会社
合同会社Ｃａｌｍｅ,埼玉県入間市大字仏子６番地６,2023-06-15,合同会社
合同会社Ｃｅｌｅｓｔｅ　Ｂｌｕｅ,東京都練馬区旭町１丁目５番１４号,2023-06-15,合同会社
合同会社ＤＯＯＰ,東京都港区芝４丁目６番１３号,2023-06-15,合同会社
合同会社ＦＵＮ　ＴＥＡＭ,福岡県福岡市中央区春吉２丁目１０－６モントーレ天神１４０６,2023-06-15,合同会社
合同会社ＨＲＭＴ,東京都港区台場１丁目１番２－１３０７号,2023-06-15,合同会社
合同会社Ｉｌ　ｅｔａｉｔ　ｕｎｅ　ｆｏｉｓ,京都府京都市中京区河原町通二条下る一之船入町３７６クロトビル３Ｆ,2023-06-15,合同会社
合同会社ＬＩＭ,東京都練馬区西大泉３丁目１８番１８号,2023-06-15,合同会社
合同会社Ｌａ　Ｌｏｕｐｉｏｔｅ,東京都港区浜松町２丁目２番１５号浜松町ダイヤビル２Ｆ,2023-06-15,合同会社
合同会社ＭＡＲＶＥＬ,鹿児島県霧島市隼人町姫城９０８番地１０,2023-06-15,合同会社
合同会社ＮＥＷ　ＬＡＢＥＬ,東京都港区六本木３丁目１５番２４号,2023-06-15,合同会社
合同会社ＮＩＣＯ,宮崎県延岡市平原町２丁目１３４３番地１号,2023-06-15,合同会社
合同会社ＮＩＫＩ,東京都荒川区西日暮里１丁目４５－８,2023-06-15,合同会社
合同会社ＰｏｒｔｏＰａｒｃｏ,北海道小樽市花園２丁目１０番４号ヴォンジュール花園２０１号,2023-06-15,合同会社
合同会社ＳＡ‐Ｌ,京都府京都市南区久世殿城町５２４番地１,2023-06-15,合同会社
合同会社ＳＨＯＯＴＥＲ　ＯＮＥ,埼玉県さいたま市中央区下落合５丁目１７番１－１号,2023-06-15,合同会社
合同会社ＴＨＲＥＥ,東京都新宿区新宿７丁目２４番１号６０２,2023-06-15,合同会社
合同会社ＴＳ,神奈川県厚木市旭町４丁目１６番１７号９－１０３,2023-06-15,合同会社
合同会社Ｗ,東京都品川区西五反田８丁目１０－２１,2023-06-15,合同会社
合同会社ＹＥＬＬ,福岡県田川郡香春町大字中津原２７２４番地仲江アパート１０１号,2023-06-15,合同会社
合同会社ＹＫシステムデザイン,東京都北区神谷１丁目２９番８－８０２号グランドール神谷,2023-06-15,合同会社
合同会社ＹＮＯ,東京都渋谷区神南１丁目１２－１４宮田ビル６Ｆ,2023-06-15,合同会社
合同会社Ｙｏｓｈｉｔａｔｓｕ,東京都中央区銀座１丁目２２番１１号,2023-06-15,合同会社
合同会社ｄｅｓｉｇｎ８１,東京都渋谷区神泉町１０－１７ハイシティ渋谷４０３号室,2023-06-15,合同会社
合同会社ｌｉｂｅｒｍｅｎｔ,東京都東久留米市下里３丁目１９番９号ペルセウス１０１,2023-06-15,合同会社
合同会社ｍａｒｕｍｅｒｏ,神奈川県横浜市旭区白根２丁目３１番１―６０２号,2023-06-15,合同会社
合同会社ｔｍａａ,東京都千代田区神田小川町３丁目２８番５号,2023-06-15,合同会社
哲希株式会社,神奈川県伊勢原市桜台１丁目９－５,2023-06-15,株式会社
大昭ホールディングス株式会社,茨城県龍ケ崎市１６８６番地,2023-06-15,株式会社
大福通商株式会社,三重県桑名市大字小貝須７７９番地１０,2023-06-15,株式会社
奈良山月合同会社,奈良県奈良市四条大路１丁目３番２０－１１号,2023-06-15,合同会社
小鳥株式会社,東京都港区元赤坂１丁目２番７号,2023-06-15,株式会社
弁護士法人麻布十番総合法律事務所,東京都港区麻布十番２丁目２０番１４号麻布十番ハウス２０４,2023-06-15,その他の設立登記法人
新都キャピタル株式会社,愛知県名古屋市中区栄１丁目８番１６号,2023-06-15,株式会社
日本の宿　おもてなし検定委員会,東京都品川区東品川２丁目３－１４東京フロントテラス７階　株式会社ＪＴＢ総合研究所内,2023-06-15,その他
星和株式会社,東京都北区浮間１丁目１番１４号リムジンビル３２３,2023-06-15,株式会社
東京重量物車輌株式会社,埼玉県三郷市早稲田１丁目５－５－１０４,2023-06-15,株式会社
東呉株式会社,神奈川県横浜市中区蓬莱町２丁目６番地２ライオンズマンション関内第３－７０１室,2023-06-15,株式会社
松山みかんエナジー合同会社,愛媛県松山市湊町６丁目６番地２,2023-06-15,合同会社
松葉商会株式会社,愛知県名古屋市中区新栄３丁目１４－１５－３０２,2023-06-15,株式会社
株式会社うみぶどうファーム,沖縄県名護市宮里１丁目２８－８南西ビル２Ｆ,2023-06-15,株式会社
株式会社おそうじ屋さん,三重県四日市市西浜田町２番３号ティーダ１０１,2023-06-15,株式会社
株式会社くゆ㐂,沖縄県八重山郡与那国町字与那国５９番地２,2023-06-15,株式会社
株式会社みゆきコーポレーション,福岡県福岡市城南区長尾４丁目１６番１６－５０２号,2023-06-15,株式会社
株式会社ゆーろほーぷ,東京都中央区佃２丁目１０番９－２９０３号,2023-06-15,株式会社
株式会社アイディアルマジック,東京都港区南青山３丁目１３番２号山川ビル２階,2023-06-15,株式会社
株式会社アクア,福岡県福岡市博多区吉塚４丁目３番１８号,2023-06-15,株式会社
株式会社アザステ,東京都江東区豊洲５丁目５－１－３６０３,2023-06-15,株式会社
株式会社アットプラス,東京都港区浜松町２丁目２番１５号浜松町ダイヤビル２階,2023-06-15,株式会社
株式会社アベンジャーズ,大阪府大阪市平野区平野元町４番７－１０１号,2023-06-15,株式会社
株式会社アヤメ興業,埼玉県熊谷市銀座６丁目３番３６号,2023-06-15,株式会社
株式会社アルガ,栃木県宇都宮市城南３丁目２番２１号,2023-06-15,株式会社
株式会社アルタゲート,東京都港区東麻布２丁目３５番１号ＫＣビル６Ｆ,2023-06-15,株式会社
株式会社インボイスクアッド,東京都大田区大森西１丁目１５番３号,2023-06-15,株式会社
株式会社ウェルビーイング,東京都足立区足立４丁目６番１５号,2023-06-15,株式会社
株式会社エスアール,新潟県新潟市東区松和町１２番３０号,2023-06-15,株式会社
株式会社エレクレスト,京都府向日市上植野町十ケ坪７－５,2023-06-15,株式会社
株式会社エーストラスト,大阪府泉大津市西港町７番１２号,2023-06-15,株式会社
株式会社キャリアバリュー,大阪府大阪市中央区日本橋１丁目１８－１日本一会館４階４０５号,2023-06-15,株式会社
株式会社クラブウラノス,大阪府大阪市北区西天満３丁目７番１７号,2023-06-15,株式会社
株式会社クリエスト,香川県観音寺市大野原町大野原１７１３番地１,2023-06-15,株式会社
株式会社クリーンワン,兵庫県伊丹市西野５丁目３５１番地１,2023-06-15,株式会社
株式会社グッドキャスト,静岡県浜松市中区早馬町３番地５早馬町冨士物産ビル４階,2023-06-15,株式会社
株式会社グロリア,愛知県名古屋市中川区細米町２丁目６９番地,2023-06-15,株式会社
株式会社ゴールドフォレスト,東京都千代田区麹町２丁目５番地２ゴールドフォレスト半蔵門１３０１号,2023-06-15,株式会社
株式会社サクラ,栃木県小山市東城南１丁目１５番地２,2023-06-15,株式会社
株式会社サプリタウン,東京都中央区日本橋３丁目２番１４号新槇町ビル別館第一１階,2023-06-15,株式会社
株式会社サンエム,愛知県知多市梅が丘１丁目１４番地の１,2023-06-15,株式会社
株式会社サンパペル,大阪府大阪市鶴見区鶴見４丁目１番１２号,2023-06-15,株式会社
株式会社シルナジャパン,大阪府大阪市中央区本町橋２番２４号,2023-06-15,株式会社
株式会社ジェネラス,大阪府豊中市螢池北町２丁目３番４８－３０４号,2023-06-15,株式会社
株式会社ジャパンスペシャリティエージェンシー,東京都千代田区内幸町２丁目２番２号,2023-06-15,株式会社
株式会社スカイパレード,福岡県糟屋郡篠栗町和田３丁目２７－７,2023-06-15,株式会社
株式会社スカーシティ,山梨県甲府市中央２丁目１３番２０号４階,2023-06-15,株式会社
株式会社ステムリンク,大阪府大阪市西区阿波座２丁目３番２３号,2023-06-15,株式会社
株式会社タウラスアルファ,愛媛県越智郡上島町弓削下弓削１０００番地,2023-06-15,株式会社
株式会社チアフル,愛媛県東温市志津川南４丁目８番地２５,2023-06-15,株式会社
株式会社テイクオン,大阪府大阪市城東区中浜２丁目１６番２３号,2023-06-15,株式会社
株式会社テクテクアーキテクツラボ,茨城県水戸市千波町１９９４番地の２５,2023-06-15,株式会社
株式会社ナガツキ,神奈川県横浜市磯子区新杉田町３番地５ライオンズマンション３０６号,2023-06-15,株式会社
株式会社ネフリティス,東京都台東区千束１丁目１９－１１－１２０２,2023-06-15,株式会社
株式会社ノイルーエ,千葉県八千代市八千代台南１丁目３１番１２号,2023-06-15,株式会社
株式会社ノスリ,東京都小笠原村父島字小曲コーヒー山,2023-06-15,株式会社
株式会社ノーストレーディング,新潟県阿賀野市高田１２８番地６,2023-06-15,株式会社
株式会社ノート,大阪府大阪市中央区常盤町１丁目４－１ライオンズマンション東本町６０９,2023-06-15,株式会社
株式会社ハウス不動産情報,大阪府大阪市此花区春日出南３丁目３－４１,2023-06-15,株式会社
株式会社ハニカム,東京都調布市調布ケ丘２丁目１２番１号調布ザ・ハウス１０４,2023-06-15,株式会社
株式会社ハレカ,埼玉県川口市桜町１丁目５番１８号,2023-06-15,株式会社
株式会社ビジョン．ホールディングス,大阪府大阪市北区野崎町６番７号,2023-06-15,株式会社
株式会社ビーネクスト,宮城県仙台市太白区長町６丁目１３番２号フリシャー仙台ビル,2023-06-15,株式会社
株式会社フェアカム,岡山県岡山市中区穝東町１丁目２番１６号,2023-06-15,株式会社
株式会社フラワー・オブ・ライフ,奈良県生駒市鹿ノ台南１丁目５番地１４,2023-06-15,株式会社
株式会社フリューゲル,東京都文京区千駄木３丁目２９番９号,2023-06-15,株式会社
株式会社ブレッシング,広島県三原市本郷北２丁目１８番４１号,2023-06-15,株式会社
株式会社プラスＯＮＥ,奈良県北葛城郡王寺町久度２丁目２番２号１００８,2023-06-15,株式会社
株式会社マイフィットダンス,神奈川県横浜市港南区港南台３丁目１１番３１号殿山グリーンビル２０１,2023-06-15,株式会社
株式会社マルキョウホテルズ,兵庫県神戸市中央区浜辺通５丁目１番１４号,2023-06-15,株式会社
株式会社ムーブ,千葉県船橋市坪井東５丁目１８番１９号,2023-06-15,株式会社
株式会社メイプル,東京都港区芝３丁目８番２号,2023-06-15,株式会社
株式会社ヤマテック,鳥取県境港市外江町２９７３番地１,2023-06-15,株式会社
株式会社ユウアンドアイ,兵庫県神戸市須磨区大手町７丁目５番２７号,2023-06-15,株式会社
株式会社ユーズエージェンシー,愛知県名古屋市中区錦３丁目２番２３号,2023-06-15,株式会社
株式会社リアルアザラシ,北海道旭川市永山九条１２丁目１番４号パレスシャリオ１０３号室,2023-06-15,株式会社
株式会社リバーズエコ,愛媛県伊予郡砥部町宮内２番地,2023-06-15,株式会社
株式会社リバーノース,東京都足立区西新井４丁目１８番１３号,2023-06-15,株式会社
株式会社リブラテック,埼玉県蕨市塚越３丁目１３番１４号,2023-06-15,株式会社
株式会社リュミエール,大阪府大阪市平野区背戸口１丁目１０番６号,2023-06-15,株式会社
株式会社リーパス・バディ,大阪府大阪市中央区高麗橋２丁目５番１８号,2023-06-15,株式会社
株式会社レインボーツリーリゾート,東京都港区南青山２丁目２番１５号,2023-06-15,株式会社
株式会社三共新設,東京都中央区日本橋室町４丁目１番１４号,2023-06-15,株式会社
株式会社優笑創建,兵庫県神崎郡市川町近平２５７番地,2023-06-15,株式会社
株式会社光,愛媛県今治市別名１７９番地３,2023-06-15,株式会社
株式会社八雲,兵庫県宝塚市口谷東２丁目６番６号,2023-06-15,株式会社
株式会社大黒商会,福島県須賀川市森宿字安積田２１５番地,2023-06-15,株式会社
株式会社子育てサポートリアルティ,東京都港区港南１丁目２番７０号,2023-06-15,株式会社
株式会社宝翔,兵庫県宝塚市安倉南２丁目１８番１２号,2023-06-15,株式会社
株式会社山形重機,山形県山形市蔵王半郷１６２０番地１,2023-06-15,株式会社
株式会社川野工務店,徳島県名西郡石井町石井字白鳥３３番地１,2023-06-15,株式会社
株式会社徳道,三重県津市大里窪田町２８９４番地,2023-06-15,株式会社
株式会社支縁,栃木県宇都宮市越戸３丁目５番８号,2023-06-15,株式会社
株式会社新入農産企画,福岡県直方市大字上新入２０３５番地６,2023-06-15,株式会社
株式会社新生不動産,福岡県福岡市南区大橋１丁目２７番１６号,2023-06-15,株式会社
株式会社日本クリーンスタッフ,愛知県名古屋市天白区大坪２丁目１８０８番地天野ビル１０２号,2023-06-15,株式会社
株式会社明秀,東京都足立区中央本町３丁目１７－１２－１０１７,2023-06-15,株式会社
株式会社易購,東京都港区浜松町２丁目２番１５号浜松町ダイヤビル２Ｆ,2023-06-15,株式会社
株式会社未来輝く研究所,福岡県筑紫野市二日市南３丁目９番１号１Ｆ,2023-06-15,株式会社
株式会社松本組,大阪府寝屋川市国松町４５番６号,2023-06-15,株式会社
株式会社柏潤,東京都港区赤坂７丁目９番５号赤坂Ｑビル２０６,2023-06-15,株式会社
株式会社楓星木材,宮崎県宮崎市下北方町野田５９０番地６,2023-06-15,株式会社
株式会社橙百合,神奈川県川崎市中原区小杉町２丁目２２８番地１,2023-06-15,株式会社
株式会社毎日興産,大阪府東大阪市本町１５－４毎日興産ビル,2023-06-15,株式会社
株式会社海ノ月,北海道札幌市西区西野十条８丁目１３番８号,2023-06-15,株式会社
株式会社清海,福岡県福岡市東区松香台２丁目６番１号崎村ビル２０２号室,2023-06-15,株式会社
株式会社煌,茨城県水戸市大塚町１８８４番地の２クレストハウスＢ棟１０２号,2023-06-15,株式会社
株式会社甲森,大阪府大阪市西区千代崎２丁目１２番６号７階,2023-06-15,株式会社
株式会社白飛,山形県山形市江俣４丁目１８番４３号,2023-06-15,株式会社
株式会社翔電工,長野県安曇野市堀金三田４１０番地８,2023-06-15,株式会社
株式会社菓澄想,兵庫県赤穂市加里屋４０番地６赤穂プラザハイツ１０４,2023-06-15,株式会社
株式会社金沢,東京都台東区台東１丁目２４番９号ブライト秋葉原Ｂ１階,2023-06-15,株式会社
株式会社鉞,大阪府大阪市平野区加美北１丁目１８番９号,2023-06-15,株式会社
株式会社門井事務所,大阪府大阪市東淀川区大道南３丁目１０番２６号,2023-06-15,株式会社
株式会社霧海風,東京都台東区浅草橋３丁目１０番７号ヴォーガコルテ浅草橋Ⅱ１００２号,2023-06-15,株式会社
株式会社響喜,東京都大田区東雪谷４丁目２４番４号,2023-06-15,株式会社
株式会社風景,東京都北区浮間１丁目１番１４号リムジンビル３１３,2023-06-15,株式会社
株式会社高一,宮城県仙台市泉区七北田字東裏６９番地,2023-06-15,株式会社
株式会社鳥取理学療法センター,鳥取県倉吉市関金町大鳥居６３９番地,2023-06-15,株式会社
株式会社齊藤商事,北海道札幌市東区東雁来町３００番２１７,2023-06-15,株式会社
株式会社龍木,茨城県龍ケ崎市長山４丁目１番地３５,2023-06-15,株式会社
株式会社０９Ｇａｒａｇｅ,静岡県浜松市東区中郡町５９９番地,2023-06-15,株式会社
株式会社１０４ＷＯＲＫＳ,東京都中央区東日本橋２丁目８－３ＪＭＦビル東日本橋０１,2023-06-15,株式会社
株式会社１ｓｔ　Ｂａｂｙ,東京都千代田区麹町２丁目５番地２－１２０１号,2023-06-15,株式会社
株式会社２９６０,大阪府大阪市淀川区西中島７丁目１２－２３ホーククレセント第一ビル６Ｆ,2023-06-15,株式会社
株式会社３６９,大阪府大阪市北区曾根崎新地２丁目１番１３号,2023-06-15,株式会社
株式会社ＡＧｒｏｗｔｈ　Ｏｎｅ,東京都港区虎ノ門３丁目１８番６号朝日虎ノ門マンション６１４号室,2023-06-15,株式会社
株式会社ＡＩＴコンサル研究所,山梨県甲斐市下今井２１７７番地,2023-06-15,株式会社
株式会社ＡＰＰＩ,東京都目黒区目黒１丁目４番１６号目黒Ｇビル７Ｆ,2023-06-15,株式会社
株式会社ＡＴＫ,京都府与謝郡与謝野町字男山２８番地１８,2023-06-15,株式会社
株式会社Ａｒｃｔｕｒｕｓ,東京都港区芝浦４丁目１２－３６－１９０７,2023-06-15,株式会社
株式会社ＣＬＡＭＰ,大阪府大阪市鶴見区緑１丁目１２－２５,2023-06-15,株式会社
株式会社Ｃａｒｎｅｌｉａｎ,東京都墨田区江東橋３丁目５番８号,2023-06-15,株式会社
株式会社Ｃａｓａ,神奈川県横浜市港北区菊名１丁目１６番２３号,2023-06-15,株式会社
株式会社ＥＭＳＹ,東京都調布市布田３丁目３８番地３ライオンズガーデン調布けやきの杜３０５,2023-06-15,株式会社
株式会社ＥｄｕＭｅ,新潟県新潟市西区五十嵐中島５丁目１４番２３号,2023-06-15,株式会社
株式会社ＦＡＣＴＯＲＩＺＥ,神奈川県横須賀市三春町２丁目３２番地,2023-06-15,株式会社
株式会社Ｆｉｔ　Ｎｅｔｗｏｒｋｓ,東京都千代田区富士見１丁目３番１１号,2023-06-15,株式会社
株式会社Ｇスピリッツ,大阪府大阪市北区天神橋５丁目７番１０号,2023-06-15,株式会社
株式会社ＧＭＨ,大阪府堺市北区東上野芝町２丁４５２番地６,2023-06-15,株式会社
株式会社ＨＡＫＡ　ＴＲＡＶＥＬ,大阪府大阪市西区西本町１丁目１３番３８号５２３,2023-06-15,株式会社
株式会社ＨＡＬＯ,岡山県岡山市北区津島本町１６番３３号,2023-06-15,株式会社
株式会社ＨＡＮＡＢＩ,東京都渋谷区恵比寿１丁目２２－２１－３０１,2023-06-15,株式会社
株式会社Ｈｏｐｅ,北海道札幌市東区苗穂町１０丁目３番３－１０１号,2023-06-15,株式会社
株式会社Ｈｏｐｅｆｕｌ,埼玉県新座市片山１丁目１６番１６号,2023-06-15,株式会社
株式会社Ｈｕｇ‐Ｍｅ,千葉県八千代市緑が丘西３丁目８番地１０,2023-06-15,株式会社
株式会社ＩＳＭ,東京都港区東麻布３丁目１０番１号アーデン麻布４０１号室,2023-06-15,株式会社
株式会社ＩＴソリューションズ,東京都中央区築地３丁目１－４築地武蔵野マンション９０２,2023-06-15,株式会社
株式会社Ｊ・ＲＥＶＯ,東京都中央区銀座１丁目１２番４号Ｎ＆ＥＢＬＤ．６Ｆ,2023-06-15,株式会社
株式会社ＪＢＴ,東京都豊島区南大塚３丁目１２－３ダンサイドビル４Ｆ,2023-06-15,株式会社
株式会社Ｊｏｂｓ,東京都新宿区西新宿３丁目３番１３号西新宿水間ビル６階,2023-06-15,株式会社
株式会社Ｋ’ｓダイヤ,愛媛県松山市山西町７６９番地９,2023-06-15,株式会社
株式会社Ｋ＆Ｋデザイン,東京都港区港南２丁目１７番１号京王品川ビル２Ｆ,2023-06-15,株式会社
株式会社Ｋ．Ｒサポート,福岡県糟屋郡志免町別府１丁目２０－６,2023-06-15,株式会社
株式会社ＫＡＲＩＮＯ・ＬＸ,長野県松本市並柳４丁目１４番１１号,2023-06-15,株式会社
株式会社ＫＥＮ設備,青森県五所川原市字上平井町５４番地９,2023-06-15,株式会社
株式会社ＫＥＮＭＡＮ,熊本県合志市須屋３７４８番地,2023-06-15,株式会社
株式会社ＫＧＴｓｅｎｓｅ,愛知県名古屋市名東区高社２丁目２７番地,2023-06-15,株式会社
株式会社ＫＪＢ,東京都港区元麻布２丁目１２番３号元麻布マンション２０２号,2023-06-15,株式会社
株式会社ＫＵＭＡＫＩＲＩＹＡ,静岡県浜松市中区田町２３１番地の８プレイスワン田町２０１,2023-06-15,株式会社
株式会社Ｋａｎａｏｔｏ,東京都中央区月島１丁目３番１２号,2023-06-15,株式会社
株式会社Ｌ．ＳＵＮＲＩＳＥ,大阪府大阪市東成区神路４丁目５番３０号,2023-06-15,株式会社
株式会社ＬＥＡＤ・Ｌｉｖｉｎｇ,宮城県仙台市泉区上谷刈字羽黒山６番地の５９,2023-06-15,株式会社
株式会社ＬＯＢＢ’Ｓ,静岡県静岡市駿河区下川原５丁目５番２７号,2023-06-15,株式会社
株式会社ＬＳＣ,神奈川県横須賀市若松町１丁目１５番地高田ビル２Ｆ,2023-06-15,株式会社
株式会社ＭＥＭＥ,福井県敦賀市荕生野８３号２番地の１９,2023-06-15,株式会社
株式会社ＭＹコーポレーション,大阪府大阪市淀川区西中島４丁目１３－１１,2023-06-15,株式会社
株式会社ＭＹプランニングス,静岡県静岡市駿河区丸子３１３３番地の５,2023-06-15,株式会社
株式会社Ｍａｓｔｅｒ’ｓ,大阪府岸和田市春木本町７－１ロイヤルヴェール山下１０４,2023-06-15,株式会社
株式会社Ｍｉｃｏｎｎｅ,奈良県橿原市十市町７９９番地,2023-06-15,株式会社
株式会社ＮＡ建築設計事務所,東京都北区東田端１丁目３番５－６０６号コスモ田端グレイスフォーム,2023-06-15,株式会社
株式会社ＮＡＫＥＤ,東京都中央区銀座１丁目１２番４号Ｎ＆ＥＢＬＤ．６Ｆ,2023-06-15,株式会社
株式会社ＮＥＯクリエイト,福岡県三井郡大刀洗町大字山隈１３１４－４,2023-06-15,株式会社
株式会社ＮＩＩＺＡＷＡ,東京都港区南青山３丁目１番３６号青山丸竹ビル６Ｆ,2023-06-15,株式会社
株式会社ＮＭＣマネージメント,大阪府大阪市東淀川区東中島１丁目１７番５－６１７号,2023-06-15,株式会社
株式会社ＮＭＫ,大阪府堺市北区百舌鳥赤畑町２丁９４番地６、２Ｆ,2023-06-15,株式会社
株式会社Ｎａｔｕｒａｌ　Ｌｉｆｅ,兵庫県尼崎市武庫元町１丁目１３番１２号２０３,2023-06-15,株式会社
株式会社ＯＡＳＩＳ　ＧＡＲＤＥＮ,北海道札幌市中央区南一条西２０丁目１番６－５０５号,2023-06-15,株式会社
株式会社ＯＭＯＫＵＲＡ,東京都港区北青山１丁目３番１号アールキューブ青山３階,2023-06-15,株式会社
株式会社Ｐ２Ｘ,東京都千代田区丸の内２丁目２番１号岸本ビルヂング６階,2023-06-15,株式会社
株式会社ＰＭＰ,東京都足立区宮城１丁目１３番２号,2023-06-15,株式会社
株式会社Ｐｅｒｔｉｃａ,京都府京都市山科区上野山田４－２,2023-06-15,株式会社
株式会社Ｐｕｙｏｌ,愛知県名古屋市千種区池下町２丁目６３番地の２５グランドメゾン池下ザ・タワー３８０５号,2023-06-15,株式会社
株式会社Ｒ＆Ｔ企画,宮城県仙台市若林区大和町４丁目７番７号,2023-06-15,株式会社
株式会社ＲＡＤ,北海道石狩市花川北二条１丁目５番地１４,2023-06-15,株式会社
株式会社ＲＥＡＬＩＺＥ,静岡県浜松市浜北区小林１６３８－１８,2023-06-15,株式会社
株式会社ＲｅＳＵＲＵＧＡ,静岡県伊豆市土肥６３８番地,2023-06-15,株式会社
株式会社Ｒｅｌａｘ,埼玉県川口市前上町２１番地３レオネクストはな１０３,2023-06-15,株式会社
株式会社Ｓ．Ａ．Ｔ,大阪府高槻市氷室町２丁目３８番１１‐１０１号,2023-06-15,株式会社
株式会社ＳＥＩＳＩＮ,東京都西東京市ひばりが丘２丁目１３番１８号シルクハイツ１Ｆ,2023-06-15,株式会社
株式会社ＳＨＡＫＥ　ＨＡＮＤＳ,東京都世田谷区喜多見６丁目２３番４号ソレアード成城南Ｄ棟１,2023-06-15,株式会社
株式会社ＳＨＩＮＡＮＯＫＩ,東京都中央区銀座１丁目１２番４号Ｎ＆ＥＢＬＤ．６Ｆ,2023-06-15,株式会社
株式会社ＳＫＲ,茨城県小美玉市江戸１８７番地３,2023-06-15,株式会社
株式会社ＳＫＹ　ＣＡＳＴＬＥ　ＦＩＬＭ,東京都千代田区九段北１丁目１０番１号九段勧業ビル５階,2023-06-15,株式会社
株式会社ＳＯＬＡ,福岡県福岡市中央区那の川２丁目５番１２－２０３号,2023-06-15,株式会社
株式会社ＳＯＲＡ,大阪府吹田市清水１０番１－１０６号,2023-06-15,株式会社
株式会社ＳＲＨ,兵庫県尼崎市東園田町４丁目１０１番地の７ナイトービル,2023-06-15,株式会社
株式会社ＳＴサービス,静岡県浜松市浜北区西美薗１８７０番地の１６ベルメゾン宮裏１０５,2023-06-15,株式会社
株式会社ＳＵＮＲＩＳＥ,東京都北区東十条３丁目１０番１－１３０３号,2023-06-15,株式会社
株式会社Ｓｈｕｋｅｙ’ｓ,東京都世田谷区上北沢４丁目２８番８号,2023-06-15,株式会社
株式会社ＴＥＭＰＥＲＡＴＵＲＥ,広島県広島市中区東白島町１３番６－５０１号,2023-06-15,株式会社
株式会社ＴＫＨ,兵庫県姫路市岡田３５０番地１ジヴェルニー岡田９０３,2023-06-15,株式会社
株式会社ＴＲＹ,宮崎県宮崎市中央通３番２号鷲頭ビル１Ｆ,2023-06-15,株式会社
株式会社ＴＷＯＴＯＭ,東京都中央区銀座１丁目２２番１１号銀座大竹ビジデンス２階,2023-06-15,株式会社
株式会社ＴｅａｍＣＭＯ,東京都港区南青山２丁目２番１５号ウィン青山９４２,2023-06-15,株式会社
株式会社Ｔｈｅ　Ｆｒｉｅｎｄｓ　Ｓｐｏｒｔｓ　Ｃｏｍｐａｎｙ,東京都台東区浅草３丁目３４番１０号ロワール浅草３０１,2023-06-15,株式会社
株式会社Ｕ２ｗｅｂ,東京都豊島区東池袋３丁目２０番１号,2023-06-15,株式会社
株式会社Ｖ＆Ｕ　Ｃｏｎｓｕｌｔｉｎｇ,東京都文京区小石川１丁目２３番２－９０２号,2023-06-15,株式会社
株式会社Ｖｅｒｄｉｃｔ,東京都世田谷区若林４丁目３０番６－３０１号パラスト若林公園,2023-06-15,株式会社
株式会社ＷＡＫＥＬ,北海道札幌市中央区北五条西１１丁目１５番地４,2023-06-15,株式会社
株式会社ＹＡＢＹ,東京都千代田区東神田２丁目９番１９－５１２号,2023-06-15,株式会社
株式会社ＹＯＴＯＲＩＥ,東京都港区南青山３丁目１番３６号青山丸竹ビル６Ｆ,2023-06-15,株式会社
株式会社ＺＥＰＥＴ,北海道札幌市白石区東札幌二条６丁目９番１３号ルーブル富士１Ｆ,2023-06-15,株式会社
株式会社ａｉｉｏ,東京都港区南青山２丁目４番１２号,2023-06-15,株式会社
株式会社ｉ．ｍ．ｉ,北海道札幌市中央区南二条東２丁目１６番地,2023-06-15,株式会社
株式会社ｌｉｖｅ　ｕｐ,大阪府大阪市住之江区北加賀屋２丁目５番３２号,2023-06-15,株式会社
株式会社ｍａｙｕｐａｎ,大阪府枚方市高塚町２５番１－１００３号,2023-06-15,株式会社
株式会社ｔｒｙ‐ｇｒｏｕｐ,東京都中野区上高田３丁目４０番６号もはんビル２Ｆ,2023-06-15,株式会社
森聯コンサルティング株式会社,東京都板橋区若木２丁目２１－３上板橋ダイカンプラザシティ２－３１２号室,2023-06-15,株式会社
橋本石油株式会社,東京都中央区月島２丁目６番１２号,2023-06-15,株式会社
櫻龍株式会社,大阪府大阪市西成区橘１丁目３番６号,2023-06-15,株式会社
正信ソーラージャパン株式会社,東京都港区浜松町２丁目２番１５号,2023-06-15,株式会社
潤城株式会社,大阪府大阪市西成区玉出西２丁目１２番１１号チェリーハイツ３０５,2023-06-15,株式会社
爍宇合同会社,埼玉県川口市飯塚３丁目１－２４－３０２,2023-06-15,合同会社
特定非営利活動法人ありのままでスバラシイ,埼玉県さいたま市大宮区桜木町２丁目５４６－１ワイエス桜木２１－２０２号室,2023-06-15,その他の設立登記法人
特定非営利活動法人うちねこ２２,東京都練馬区東大泉３丁目５０番１０号植村ビル２階,2023-06-15,その他の設立登記法人
特定非営利活動法人ぎふ外国人サポートセンター,岐阜県岐阜市琴塚２丁目１５番２３号,2023-06-15,その他の設立登記法人
特定非営利活動法人はじめの一歩あおば,愛知県名古屋市守山区桜坂２丁目２３０８番地,2023-06-15,その他の設立登記法人
特定非営利活動法人東京囃子塾,東京都港区海岸３丁目９番４０号１７０６号室,2023-06-15,その他の設立登記法人
特定非営利活動法人Ｈａｐｐｉｎｅｓｓ　Ｋｉｄｓ　Ｌａｂｏ,和歌山県和歌山市栄谷９５９番地２４３,2023-06-15,その他の設立登記法人
特定非営利活動法人ＪＵＤＯ　ＷＯＲＫＳ　ＪＡＰＡＮ,千葉県市川市欠真間２丁目１３番２０号,2023-06-15,その他の設立登記法人
玉景コンサルティング合同会社,東京都港区南麻布１丁目１５番４号,2023-06-15,合同会社
睿億株式会社,東京都中野区江古田４丁目２５－３,2023-06-15,株式会社
穿合同会社,東京都港区浜松町２丁目２番１５号浜松町ダイヤビル２Ｆ,2023-06-15,合同会社
越ノ酒匠株式会社,神奈川県横浜市鶴見区栄町通４丁目３８番地１２ＫＹハウスⅡ１０６号室,2023-06-15,株式会社
農事組合法人新潟たじり,新潟県長岡市寺泊田尻２９５番地,2023-06-15,その他の設立登記法人
飲月株式会社,東京都江戸川区西小岩５丁目１２番１６号ＫＵＲＡＳＳＫＯＩＷＡ・２Ｇ,2023-06-15,株式会社
龍井空間株式会社,大阪府大阪市大正区三軒家西３丁目４番１６号中山ビル３０９Ｃ,2023-06-15,株式会社
３６９マーケティング合同会社,大阪府大阪市生野区鶴橋３丁目１番３８－４０６号,2023-06-15,合同会社
Ａ‐Ｌｉｎｋ株式会社,神奈川県川崎市高津区末長２丁目１０－１６溝の口スペック５０１号室,2023-06-15,株式会社
ＡＲＩＵＮ合同会社,東京都豊島区南池袋１丁目９番１８号２２７号室,2023-06-15,合同会社
ＡＷＳ株式会社,東京都足立区東和３丁目１０番１０－１１１号,2023-06-15,株式会社
Ａｉｐｉｃｔｏｒｓ株式会社,大阪府大阪市淀川区東三国６丁目１２－１１,2023-06-15,株式会社
Ａｒｔｉｓｔ　Ｉｎ　Ｒｅｓｉｄｅｎｃｅ　ＬＬＣ,,2023-06-15,外国会社等
Ｂ‐ＹＯＵＴＨ株式会社,東京都世田谷区池尻３丁目１６番２４－１０５号,2023-06-15,株式会社
ＢＨＳ合同会社,東京都港区南青山３丁目１番３６号青山丸竹ビル６Ｆ,2023-06-15,合同会社
ＢＰ　ＭＯＢＩＬＥ　ＬＬＣ,,2023-06-15,外国会社等
ＢＵＺＭ株式会社,大阪府大阪市西区京町堀２丁目８－２４メゾンカルム４０１,2023-06-15,株式会社
Ｂｏｅｈｍｅｒ　ＣＡＭ　Ｒｅｖｏｌｕｔｉｏｎ株式会社,愛媛県松山市千舟町４丁目１－４ヒラキビル２０１,2023-06-15,株式会社
ＢｒｅｅｚｉＢ株式会社,大阪府大阪市東住吉区住道矢田７丁目３１番８号,2023-06-15,株式会社
Ｃ株式会社,沖縄県浦添市勢理客２丁目１５番２４号１０１号室,2023-06-15,株式会社
Ｃｅｎｔｒｏ株式会社,大阪府羽曳野市軽里３丁目４番５号,2023-06-15,株式会社
ＤＡＮ合同会社,大阪府大阪市浪速区日本橋３丁目１番２７号６０５号室,2023-06-15,合同会社
ＤｅｅｐＢｌｕｅ　Ｎｅｔｗｏｒｋ株式会社,東京都千代田区神田三崎町２丁目１０番１１号Ｐｅｇビル３Ｂ－５,2023-06-15,株式会社
Ｄｙｎａｍｉｃｓ　Ｂａｎｋ株式会社,東京都港区東麻布１丁目９番１１号,2023-06-15,株式会社
Ｅｎｊｏｙ　Ｔｏｋｙｏ合同会社,東京都文京区弥生２丁目１４番８－１０６号,2023-06-15,合同会社
ＦＩＲＳＴ　ＷＩＮＴＯＰ　ＬＯＧＩＳＴＩＣＳ株式会社,東京都台東区上野２丁目７番７号,2023-06-15,株式会社
Ｇ　ＳＴＲＥＡＭ合同会社,兵庫県姫路市小姓町３５－１船場西ビル２階３号,2023-06-15,合同会社
ＧＩＰ株式会社,東京都港区芝５丁目３６番４号札の辻スクエア９階,2023-06-15,株式会社
ＧＵＡＮＧＺＨＯＵ　ＨＵＡＬＡＩ　ＴＲＡＤＩＮＧ　ＣＯ．，ＬＴＤ．,,2023-06-15,外国会社等
Ｈ２Ｉｎｎｏｖａｔｏｒ合同会社,長野県北安曇郡白馬村大字北城１４９２０－２８３,2023-06-15,合同会社
ＨＦ　ＡＵＴＯ株式会社,兵庫県加古郡稲美町下草谷字東北野４４１番地の８８,2023-06-15,株式会社
ＨＩ　ＬＩＦＥ合同会社,福岡県福岡市西区福重３丁目１２－２１－１Ｆ,2023-06-15,合同会社
ＨＩＦ　ＦＵＮＤ６号合同会社,東京都新宿区西新宿６丁目２１番１号アイタウン・プラザ２０３号,2023-06-15,合同会社
ＨＯＣＯ株式会社,東京都目黒区上目黒４丁目３２番６号,2023-06-15,株式会社
ＨＯＮＧＫＯＮＧ　ＳＯＬＡＲＴＥＣＨ　ＩＮＴＥＲＮＡＴＩＯＮＡＬ　ＴＲＡＤＥ　ＣＯ．，ＬＩＭＩＴＥＤ,,2023-06-15,外国会社等
Ｈａｒｅｔｏ　Ｄｅｓｉｇｎ株式会社,栃木県さくら市上阿久津１４０６番地１,2023-06-15,株式会社
ＩＤＥＡＬ‐ＣＡＲＥＥＲＢＲＩＤＧＥ　ＪＡＰＡＮ株式会社,神奈川県横浜市中区山手町２６１－１マートルコート山手２６１番館２０４号室,2023-06-15,株式会社
ＩＳコンサルティング合同会社,東京都北区赤羽南１丁目４番１２号－４０４,2023-06-15,合同会社
Ｊ．ＲＯＡＤ合同会社,京都府向日市寺戸町殿長２９番地の２サンイースト２０２,2023-06-15,合同会社
ＪＡＰＡＮ　ＣＭＣ株式会社,東京都中央区銀座１丁目２２番１１号銀座大竹ビジデンス２Ｆ,2023-06-15,株式会社
ＪＰ９９‐ｓｑｕｉｓｈｙ株式会社,東京都港区赤坂４丁目１３番５号,2023-06-15,株式会社
ＪＵグループホールディングス株式会社,東京都墨田区横川３丁目７番１０号,2023-06-15,株式会社
ＪｉｕＪｉａｎｇ　ＸｕａｎＹｉＧｅＳｈａｎｇＭａｏ　ＹｏｕＸｉａｎＧｏｎｇＳｉ,,2023-06-15,外国会社等
Ｋ‐ＦＡＳ株式会社,東京都港区東麻布１丁目６－８－６０２,2023-06-15,株式会社
ＫＫＳ　ＪＡＰＡＮ合同会社,茨城県猿島郡境町大字染谷１４４３番地１,2023-06-15,合同会社
ＬＣ　Ｉｎｖｅｓｔｍｅｎｔ株式会社,神奈川県川崎市川崎区小川町１６－１７－５０３,2023-06-15,株式会社
ＬＩＦＩＸ合同会社,東京都文京区千駄木３丁目４８番２号Ｕｃｏｕｒｔ千駄木４０２,2023-06-15,合同会社
Ｌｅｍａｉｒｅ　Ｊａｐａｎ株式会社,東京都港区虎ノ門２丁目２番５号共同通信会館４階ＳＣＳ国際税理士法人内,2023-06-15,株式会社
Ｍ・Ｅ・Ｓ株式会社,新潟県長岡市中之島字根岸８４６番地１,2023-06-15,株式会社
Ｍ．Ｈ．Ｍ．ＴＲＡＤＥＲＳ,千葉県長生郡長生村水口１２４１番地３２オフィス２号,2023-06-15,外国会社等
ＭＲ＆Ｃカンパニー株式会社,神奈川県横浜市旭区中希望が丘８２－７,2023-06-15,株式会社
ＭＳ株式会社,大阪府大阪市東成区東中本１丁目１５番１４号,2023-06-15,株式会社
ＭＴ　ＴＲＡＤＩＮＧ合同会社,兵庫県神戸市長田区雲雀ヶ丘３丁目６－１－３０４,2023-06-15,合同会社
Ｍａ　ｖｉｅ合同会社,福岡県北九州市小倉南区沼緑町５丁目６番１号,2023-06-15,合同会社
ＮＡＴＵＲＡＬ　ＢＥＡＵＴＹ　ＯＣＥＡＮＳ株式会社,愛知県名古屋市東区泉３丁目１７番１０号泉ビル３階,2023-06-15,株式会社
ＮＢＯエンターテインメント合同会社,東京都中野区弥生町１丁目５０番１２号メゾンブロア２０３号,2023-06-15,合同会社
ＮＰＯ法人文化共創協会,埼玉県本庄市けや木１丁目２４番１５号,2023-06-15,その他の設立登記法人
ＮａｎＣｈｅｎｇＺｉＹｕａｎＭａｏＹｉＹｏｕＸｉａｎＧｏｎｇＳｉ,,2023-06-15,外国会社等
ＰＡＣＩＦＩＣ　ＧＡＴＥ合同会社,東京都台東区上野７丁目１３番１０－６１２号,2023-06-15,合同会社
Ｐｉａｎｔｅ株式会社,東京都千代田区東神田１丁目６番８－２０２号,2023-06-15,株式会社
ＱＵＡＮＺＨＯＵ　ＪＩＮＦＵＢＥＩ　ＴＲＡＤＩＮＧ　ＣＯ．，ＬＴＤ．,,2023-06-15,外国会社等
Ｑｕｅｅｎ　Ｂａｔｔｅｒｙ　Ｍｅｔａｌｓ株式会社,東京都武蔵野市吉祥寺南町３丁目１５番１２－２０３,2023-06-15,株式会社
ＲＣＯＭＢ合同会社,東京都千代田区丸の内２丁目１番１号明治生命館７階ディーエルエイ・パイパー東京パートナーシップ外国法共同事業法律事務所内,2023-06-15,合同会社
ＲＥＩＧＮ株式会社,東京都港区東麻布１丁目９番１１号,2023-06-15,株式会社
ＲＭＴ＆カスタマーサービス株式会社,岡山県浅口市金光町占見新田２５３８番地,2023-06-15,株式会社
Ｒｅ‐Ｍａｒｋｅｔ株式会社,大阪府大阪市中央区南本町２丁目４番１６号本町デビスビル７階,2023-06-15,株式会社
Ｒｙｚｅｎ合同会社,東京都新宿区西新宿３丁目３番１３号西新宿水間ビル２Ｆ,2023-06-15,合同会社
ＳＥＶＥＮ　ＳＥＡＳ　ＦＯＯＤ合同会社,東京都中央区月島３丁目２番７号,2023-06-15,合同会社
ＳＧＥＴ札幌１蓄電所合同会社,東京都千代田区丸の内３丁目１番１号東京共同会計事務所内,2023-06-15,合同会社
ＳＧＥＴ札幌２蓄電所合同会社,東京都千代田区丸の内３丁目１番１号東京共同会計事務所内,2023-06-15,合同会社
ＳＨＥＮＺＨＥＮ　ＧＵＡＮＬＩＮＸＩＮ　ＫＥＪＩ　ＹＯＵ　ＸＩＡＮ　ＧＯＮＧ　ＳＩ,,2023-06-15,外国会社等
ＳＭＢ株式会社,東京都町田市中町１丁目２番２号森町ビル１Ｆ,2023-06-15,株式会社
Ｓｈａｎｇｈａｉ　ＹｅＪｉａ　Ｉｍｐｏｒｔ　＆　Ｅｘｐｏｒｔ　Ｃｏ．，Ｌｔｄ．,,2023-06-15,外国会社等
Ｓｈｅｎｚｈｅｎ　Ｂａｎｊｉａｎｇｙｕｎ　Ｔｒａｄｉｎｇ　Ｃｏ．，Ｌｔｄ．,,2023-06-15,外国会社等
Ｓｈｅｎｚｈｅｎ　Ｇｏｎｇｊｉｎ　Ｈｏｎｇｔｕ　Ｔｒａｄｉｎｇ　Ｃｏ．，Ｌｔｄ．,,2023-06-15,外国会社等
Ｓｈｅｎｚｈｅｎ　Ｌｉａｎｈｅ　Ｆｅｎｇｃｈｅｎｇ　Ｚｈｕａｎｇｓｈｉ　Ｓｈｅｊｉ　Ｌｔｄ,,2023-06-15,外国会社等
Ｓｈｅｎｚｈｅｎ　Ｙｏｕｙｉｎｇｚｈｏｎｇ　Ｔｅｃｈｎｏｌｏｇｙ　Ｃｏ．，Ｌｔｄ,,2023-06-15,外国会社等
Ｓｈｅｎｚｈｅｎｓｈｉ　Ｃｈｕａｎｇｌｉｈｏｎｇ　ｍａｏｙｉ　ｙｏｕｘｉａｎｇｏｎｇｓｉ,,2023-06-15,外国会社等
Ｓｈｅｎｚｈｅｎｓｈｉ　Ｈａｉｃｈｕａｎｇｓｈａｎｇｗｕｙｏｕｘｉａｎｇｏｎｇｓｉ,,2023-06-15,外国会社等
Ｓｔｅｌｌａ合同会社,東京都中野区若宮１丁目３－４,2023-06-15,合同会社
Ｔ＆Ｔ合同会社,大阪府堺市堺区中安井町３丁３番地９,2023-06-15,合同会社
ＴＡＤＹ合同会社,栃木県小山市駅東通り１丁目３１番１６号柏コーポ４０２号,2023-06-15,合同会社
ＴＡＮＡＡＫＫ　ＥＶＧＲＩＤ株式会社,愛知県豊橋市駅前大通１丁目１３５番地,2023-06-15,株式会社
ＴＣ株式会社,兵庫県神戸市中央区多聞通１丁目３番１１号ハイツ神戸２１１号室,2023-06-15,株式会社
ＴＦカペラ合同会社,東京都練馬区氷川台４丁目４７番１８号,2023-06-15,合同会社
ＴＨＡＩ　ＨＯＡ合同会社,東京都荒川区町屋３丁目８番１５号ヴィチーノ町屋２０２号室,2023-06-15,合同会社
ＴＨＩＮＨ　ＨＩＥＵ合同会社,大阪府大阪市生野区巽北１丁目２１番２９号１１１３号室,2023-06-15,合同会社
ＴＩＡＮＣＨＡＮＧ　ＭＯＮＴ　ＭＡＲＴＥ　ＩＮＴＥＲＮＡＴＩＯＮＡＬ　ＴＲＡＤＥ　Ｃｏ　Ｌｔｄ,,2023-06-15,外国会社等
ＴＯＫＹＯ　ＷＨＥＥＬＳ,千葉県長生郡長生村水口１２４１番地３２オフィス１号,2023-06-15,外国会社等
Ｔｉａｎｍｅｎ　Ｐｏｌｉｚｕｏ　Ｍａｏｙｉ　Ｙｏｕｘｉａｎｇｏｎｇｓｉ,,2023-06-15,外国会社等
Ｔｏｍスニーカー合同会社,大阪府大阪市西区九条南４丁目１５－１４,2023-06-15,合同会社
ＵＮＯＭＩ株式会社,東京都港区三田１丁目２番１８号ＴＴＤビル,2023-06-15,株式会社
ＵＳ　Ｄｉｒｅｃｔ　Ｅ－Ｃｏｍｍｅｒｃｅ　Ｌｉｍｉｔｅｄ,,2023-06-15,外国会社等
ＶＩＲＴＵＡＬ　ＬＩＧＨＴ　ＴＥＣＨＮＯＬＯＧＹ　ＬＩＭＩＴＥＤ,,2023-06-15,外国会社等
Ｗｉｌｌｅｄｅｒ　Ｉｎｃ．,東京都新宿区西落合１丁目２５－１５－１０１,2023-06-15,外国会社等
ＹＯＮ株式会社,東京都渋谷区円山町５番５号Ｎａｖｉ渋谷Ｖ３階,2023-06-15,株式会社
ＹＯＵＲＳ　ＦＡＳＨＩＯＮ　ＪＥＷＥＬＲＹ　ＬＩＭＩＴＥＤ,,2023-06-15,外国会社等
Ｙｉｗｕｓｈｉ　Ｗｕｓｉ　Ｍａｏｙｉ　Ｙｏｕｘｉａｎｇｏｎｇｓｉ,,2023-06-15,外国会社等
Ｙｏｎｇｋａｎｇ　ｓｈｉ　ｊｉｎｙａｏ　ｍａｏｙｉ　ｙｏｕｘｉａｎｇｏｎｇｓｉ,,2023-06-15,外国会社等
ＺＨＩＹＵＮ　ＩＮＦＯＲＭＡＴＩＯＮ（ＩＮＴＥＲＮＡＴＩＯＮＡＬ）ＴＥＣＨＮＯＬＯＧＹ　ＣＯ．，ＬＩＭＩＴＥＤ,,2023-06-15,外国会社等
ａｉｄａ株式会社,東京都港区北青山１丁目３番１号アールキューブ青山３階,2023-06-15,株式会社
ｂｉｎｂｌｅ合同会社,宮城県仙台市若林区河原町２丁目２番１９号フォーチュンヒルズ２－１０３,2023-06-15,合同会社
ｅｎ．株式会社,香川県高松市三谷町４３４８番地８,2023-06-15,株式会社
ｆｒｅｓｃａ合同会社,沖縄県うるま市石川山城８１４－１ホワイトリーフ３階,2023-06-15,合同会社
ｈｕｇｅ　Ａ合同会社,埼玉県入間市大字仏子８７９番地１４,2023-06-15,合同会社
ｏｈ合同会社,兵庫県明石市二見町西二見１５３１番地４アルファスマート西二見駅前５０６号室,2023-06-15,合同会社
ｓｈａｎｔｏｕｓｈｉ　ｌｅｅｒｋｅｊｉ　ｙｏｕｘｉａｎｇｏｎｇｓｉ,,2023-06-15,外国会社等
ｓｈｅｎ　ｚｈｅｎ　ｃｈａｎｇ　ｃｈｕａｎ　ｍａｏ　ｙｉ　ｙｏｕ　ｘｉａｎ　ｇｏｎｇ　ｓｉ,,2023-06-15,外国会社等
ｓｈｅｎ　ｚｈｅｎ　ｗａｎ　ｚｉ　ｋｅ　ｊｉ　ｙｏｕ　ｘｉａｎ　ｇｏｎｇ　ｓｉ,,2023-06-15,外国会社等
ｔｈｅ　Ｍｉｒａｃｌｅ株式会社,東京都港区赤坂４丁目１３番８－５０２号,2023-06-15,株式会社
ｖｉｎｏｍｅｚｃａｌ株式会社,東京都港区元麻布３丁目１０番９号山水ハイム元麻布６０２,2023-06-15,株式会社
ｗｕｈａｎｓｈｉｂａｎｇｐｕｔｅｊｉｎｃｈｕｋｏｕｙｏｕｘｉａｎｇｏｎｇｓｉ,,2023-06-15,外国会社等
ｘｉａｍｅｎ　ｐｕｌａｓｉｌｉｇｅ　ｋｅｊｉ　ｙｏｕｘｉａｎｇｏｎｇｓｉ,,2023-06-15,外国会社等
ｙｉ　ｗｕ　ｓｈｉ　ｑｉｎ　ｙｕ　ｄｉａｎ　ｚｉ　ｓｈａｎｇ　ｗｕ　ｙｏｕ　ｘｉａｎ　ｇｏｎｇ　ｓｉ,,2023-06-15,外国会社等
うえのさやか合同会社,東京都渋谷区恵比寿４丁目２０－３恵比寿ガーデンプレイスタワー１８階,2023-06-16,合同会社
おいらの株式会社,大阪府堺市西区上野芝向ヶ丘町４丁２０番１０号,2023-06-16,株式会社
きっと良くなる株式会社,北海道札幌市中央区北一条西２４丁目２番２６号ＴＡＫＵＢＩ２階,2023-06-16,株式会社
さつき建材株式会社,大阪府大阪市城東区東中浜８丁目１番８号,2023-06-16,株式会社
なぐりっ子クラブ,埼玉県飯能市大字上名栗３０８６,2023-06-16,その他
みらい事業協同組合,兵庫県姫路市東今宿１丁目５番１１号,2023-06-16,その他の設立登記法人
もがみバイオマス発電２株式会社,山形県新庄市大字福田字福田山７１１番地の５２,2023-06-16,株式会社
よくわからない株式会社,東京都小平市美園町１丁目７番１４号,2023-06-16,株式会社
アルファウェイ株式会社,愛知県名古屋市千種区今池１丁目６番４号,2023-06-16,株式会社
アンビエントデザインズ株式会社,愛知県名古屋市中区新栄２丁目１番４１号,2023-06-16,株式会社
イーダック合同会社,東京都小平市美園町２丁目３番２０号,2023-06-16,合同会社
ウェルサス合同会社,東京都豊島区東池袋１丁目３４番５号いちご東池袋ビル６階,2023-06-16,合同会社
エクタ株式会社,東京都渋谷区笹塚３丁目５１番１号ＶｉｌｌａＡｌｂａ笹塚２０１,2023-06-16,株式会社
エフピーパートナーズ株式会社,兵庫県姫路市飾西３８番地１,2023-06-16,株式会社
カイナカ合同会社,東京都江東区東雲１丁目９番４２－１８０９号,2023-06-16,合同会社
カプセルトレード合同会社,東京都渋谷区桜丘町４－１４ＶＯＲＴ渋谷桜丘５Ｆ,2023-06-16,合同会社
カワハラ屋株式会社,鹿児島県鹿児島市草牟田２丁目８番３５号オークマンションⅡ２０２号,2023-06-16,株式会社
カンリーサイソン株式会社,大阪府大阪市東成区大今里西３丁目１５番３９号今里西青山ビル５０３号,2023-06-16,株式会社
グッドテックサービス合同会社,神奈川県横浜市港北区日吉本町６丁目２２番２号,2023-06-16,合同会社
コージー設備工業株式会社,東京都豊島区駒込６丁目２３番１１号パリオ１階,2023-06-16,株式会社
サンタク工業株式会社,岡山県岡山市西崎本町７番５号,2023-06-16,株式会社
サン商事株式会社,千葉県印西市西の原４丁目４番地２４,2023-06-16,株式会社
ジー・エー・インベストメント合同会社,宮崎県宮崎市松橋１丁目２番１６号ラ・ジョア１００２号,2023-06-16,合同会社
スカイブランチ合同会社,東京都足立区島根２丁目１７番５号２Ｆ,2023-06-16,合同会社
スタートライン株式会社,神奈川県横浜市旭区さちが丘１４８番地４さちが丘ダイカンプラザスポーツメント６１１号,2023-06-16,株式会社
セミテックジャパン合同会社,愛知県名古屋市南区柴田町１丁目１４番地,2023-06-16,合同会社
タティコ株式会社,大阪府大阪市西成区天下茶屋１丁目４番１８号ＳＵＮ生一番館３０１号室,2023-06-16,株式会社
ダブルインパクト株式会社,熊本県熊本市東区若葉５丁目１９番７３号,2023-06-16,株式会社
ディグル合同会社,愛知県あま市篠田新割１３番地６,2023-06-16,合同会社
トレードビジネス合同会社,東京都中央区銀座７丁目１３番２０号銀座ＴＨビル９階,2023-06-16,合同会社
ネクストブリッジパートナーズ株式会社,東京都練馬区関町北３丁目５－５,2023-06-16,株式会社
ハッピーハウス合同会社,大阪府大阪市生野区巽北１丁目１０番２５号ＯＴＬＡハイツ１０１,2023-06-16,合同会社
ヒイラギ工房合同会社,沖縄県那覇市古島２丁目６番地１泉水マンション３０３,2023-06-16,合同会社
ブルーウイング社会保険労務士法人,愛知県名古屋市中区金山１丁目９番１９号,2023-06-16,その他の設立登記法人
プレミスト南千里津雲台パークフロント管理組合法人,大阪府吹田市津雲台３丁目１番１プレミスト南千里津雲台パークフロント管理事務室,2023-06-16,その他の設立登記法人
プレミスト南千里津雲台パークブリーゼ管理組合法人,大阪府吹田市津雲台３丁目２番６プレミスト南千里津雲台パークブリーゼ管理事務室,2023-06-16,その他の設立登記法人
ベイブリッジ合同会社,東京都中央区銀座１丁目１２番４号Ｎ＆Ｅ．ＢＬＤ．６Ｆ,2023-06-16,合同会社
ホープ企画開発合同会社,沖縄県国頭郡本部町字伊豆味２８６５番地,2023-06-16,合同会社
メルティリッチ株式会社,千葉県流山市南流山４丁目３番地の１１ロイヤル南流山１０５,2023-06-16,株式会社
ヤマナビ株式会社,東京都中央区日本橋蛎殻町１丁目１１番３号中銀日本橋マンシオン５０８,2023-06-16,株式会社
ラインエステート合同会社,鹿児島県鹿児島市高麗町１２番２６号,2023-06-16,合同会社
ランボウズ株式会社,東京都世田谷区下馬３丁目１１番１４号,2023-06-16,株式会社
リブロンジャパン株式会社,千葉県香取郡多古町十余三３４８番地２,2023-06-16,株式会社
一般社団法人らいふサポートおやま,栃木県小山市天神町２丁目８番５０号トーヨーハイツ２０１号,2023-06-16,その他の設立登記法人
一般社団法人タガヤス,埼玉県さいたま市大宮区北袋町１丁目１５０番地６,2023-06-16,その他の設立登記法人
一般社団法人バトン,佐賀県唐津市浜玉町横田下９３１番地,2023-06-16,その他の設立登記法人
一般社団法人フォルトゥナ,愛知県名古屋市北区桐畑町１００番地,2023-06-16,その他の設立登記法人
一般社団法人ワークランド,鹿児島県肝属郡東串良町池之原２７５９番地１,2023-06-16,その他の設立登記法人
一般社団法人城崎温泉観光協会,兵庫県豊岡市城崎町湯島７８番地,2023-06-16,その他の設立登記法人
一般社団法人奄美せとうち観光協会,鹿児島県大島郡瀬戸内町大字古仁屋字大湊２６番地１４,2023-06-16,その他の設立登記法人
一般社団法人山口県ドローン協会,山口県防府市大字高井２７０番地の１,2023-06-16,その他の設立登記法人
一般社団法人律明会,千葉県松戸市和名ケ谷８０８番地の２３,2023-06-16,その他の設立登記法人
一般社団法人日本みらいメディカル推進協会,東京都江東区東砂３丁目２０番２４―１２０２号,2023-06-16,その他の設立登記法人
一般社団法人日本テーブルフットボール協会,東京都調布市仙川町１丁目２３番地５,2023-06-16,その他の設立登記法人
一般社団法人福祉総合支援協議会,大阪府大阪市西成区梅南２丁目４－２７,2023-06-16,その他の設立登記法人
一般社団法人長崎県武道空手連合会,長崎県長崎市かき道１丁目５番９号,2023-06-16,その他の設立登記法人
一般社団法人ＣＯ‐ＭＯＲＩ,徳島県三好郡東みよし町足代２１２６番地,2023-06-16,その他の設立登記法人
一般社団法人Ｅｖｅｒｙｐａｗｄｙ,栃木県那須郡那須町大字高久丙１１４７番地４８８,2023-06-16,その他の設立登記法人
一般社団法人ＨＭアトラス,東京都中央区日本橋１丁目４番１号,2023-06-16,その他の設立登記法人
一般社団法人Ｓｔ．Ｍ,東京都渋谷区千駄ヶ谷３丁目５９番４号クエストコート原宿４０４,2023-06-16,その他の設立登記法人
一般社団法人ＴＨＳ,東京都千代田区丸の内２丁目１番１号,2023-06-16,その他の設立登記法人
一般財団法人ＭＡＴＲＩＸ,大阪府吹田市春日４丁目３番３号,2023-06-16,その他の設立登記法人
三只羊合同会社,埼玉県川口市飯塚３丁目１－２４－２０１,2023-06-16,合同会社
中六人部地区農村ＲＭＯ事業推進連絡会議,京都府福知山市字大内３１１８番地,2023-06-16,その他
九潤株式会社,東京都足立区栗原３丁目２６番１号２Ｆ,2023-06-16,株式会社
利星合同会社,東京都北区豊島８丁目２１番２号,2023-06-16,合同会社
北関東良品販売合同会社,群馬県高崎市下豊岡町５８２―３２,2023-06-16,合同会社
医療法人スエヒロ歯科,宮城県柴田郡大河原町大谷字末広４５－１,2023-06-16,その他の設立登記法人
医療法人浅田医院,埼玉県川越市稲荷町１２番地８,2023-06-16,その他の設立登記法人
南東エアー合同会社,沖縄県石垣市字石垣４９１番地７,2023-06-16,合同会社
古香會株式会社,大阪府大阪市天王寺区真法院町１０番１１号,2023-06-16,株式会社
合同会社あっとＣａｒｅ,東京都町田市森野４丁目６番４号,2023-06-16,合同会社
合同会社えのま,福島県福島市大森字日陰５８番地の２,2023-06-16,合同会社
合同会社おると,千葉県佐倉市西志津６丁目６番１２号,2023-06-16,合同会社
合同会社くすのせ,大阪府大阪市北区中之島６丁目１番３８－１４１２号,2023-06-16,合同会社
合同会社さくらゼミナール,神奈川県横須賀市大津町１丁目１２番２０号相和地所ビル２０２号,2023-06-16,合同会社
合同会社じゅいち,愛知県名古屋市緑区大高町字儀長５番地,2023-06-16,合同会社
合同会社すばらしい木,東京都豊島区南池袋１丁目９番１８号１０１号室,2023-06-16,合同会社
合同会社ちはや,東京都新宿区新宿７丁目２番３－１４０１号,2023-06-16,合同会社
合同会社とらのもん,東京都港区虎ノ門１丁目２３番２－４２１１号,2023-06-16,合同会社
合同会社のこのこ,神奈川県藤沢市下土棚５５５番地,2023-06-16,合同会社
合同会社りぴゅあ,埼玉県朝霞市東弁財３丁目１５番３号,2023-06-16,合同会社
合同会社アイズカレント,神奈川県横浜市港北区綱島東３丁目４番１１号,2023-06-16,合同会社
合同会社アブロード,大阪府大阪市北区浮田２丁目５番９号,2023-06-16,合同会社
合同会社イデアル,富山県富山市丸の内２丁目１－１７ビラージュ丸の内２０６号,2023-06-16,合同会社
合同会社ウェルフェアジャパン,群馬県高崎市中尾町４３１番地５,2023-06-16,合同会社
合同会社エベレストファーム,東京都台東区東上野３丁目１５番１２号エムプレイス東上野２０２号室,2023-06-16,合同会社
合同会社エムヘランサ,北海道札幌市北区新川三条１２丁目７番１号,2023-06-16,合同会社
合同会社オーガニックベジプランナー,岐阜県岐阜市柳津町高桑堤外３丁目１２番地,2023-06-16,合同会社
合同会社オーシャン,大阪府大阪市西淀川区佃５丁目１２番１号,2023-06-16,合同会社
合同会社オーメタル,東京都板橋区栄町２９番１３号,2023-06-16,合同会社
合同会社キャリアバディ,東京都新宿区西新宿３丁目３番１３号西新宿水間ビル２Ｆ,2023-06-16,合同会社
合同会社キャンバス,鹿児島県鹿児島市西千石町１１－２１鹿児島ＭＳビル５階,2023-06-16,合同会社
合同会社キュポラ,埼玉県川口市栄町１丁目１２番２１,2023-06-16,合同会社
合同会社クラージュ,大阪府大阪市中央区船越町２丁目３番１１－９０３号,2023-06-16,合同会社
合同会社サステナブルアース,東京都大田区西嶺町３２番１４号,2023-06-16,合同会社
合同会社セレニティ,大阪府大阪市北区梅田１丁目１‐３大阪駅前第３ビル２９階１‐１‐１号室,2023-06-16,合同会社
合同会社ソージュ,東京都練馬区関町北３丁目４３番１８号,2023-06-16,合同会社
合同会社ネクスト,千葉県船橋市葛飾町２丁目４２６番地イニシア西船橋１０２号,2023-06-16,合同会社
合同会社バーテックス,奈良県北葛城郡広陵町大字平尾６７３番地１１,2023-06-16,合同会社
合同会社パウリスタノ,三重県津市安濃町内多２８４６番地３,2023-06-16,合同会社
合同会社フォーチュンエッジ,東京都目黒区中根１丁目７番６号カーサコリエンテ１階,2023-06-16,合同会社
合同会社プラスアス,福岡県北九州市小倉北区熊本３丁目１３番３３－４０１号,2023-06-16,合同会社
合同会社プラネット,東京都世田谷区上北沢１丁目１５番－１１号ｄｗｅｌｌ上北沢Ａ棟１０４,2023-06-16,合同会社
合同会社プリマヴェーラ,東京都新宿区西新宿３丁目３番１３号西新宿水間ビル６階,2023-06-16,合同会社
合同会社ホーリーズ,東京都新宿区北新宿４丁目４番４号朝日プラザ北新宿６０１,2023-06-16,合同会社
合同会社マチカド,北海道旭川市三条通８丁目１７０５番地２９ステラビル地下１階,2023-06-16,合同会社
合同会社ミートハウス,神奈川県厚木市寿町３丁目１１－５,2023-06-16,合同会社
合同会社ライジング,神奈川県茅ヶ崎市白浜町１番１０－１号,2023-06-16,合同会社
合同会社ライトワン,熊本県熊本市東区戸島２丁目７番２０号,2023-06-16,合同会社
合同会社リベル,東京都渋谷区道玄坂１丁目１５－３プリメーラ道玄坂６１１,2023-06-16,合同会社
合同会社ルナ,千葉県習志野市袖ケ浦５丁目１３番１４号,2023-06-16,合同会社
合同会社ワイエイチ,東京都新宿区中落合２丁目１７番７号,2023-06-16,合同会社
合同会社世界散歩,東京都新宿区西新宿３丁目３番１３号西新宿水間ビル２Ｆ,2023-06-16,合同会社
合同会社作興業,沖縄県中頭郡読谷村字渡具知１４４番地,2023-06-16,合同会社
合同会社元気作りジムおれんじ,長野県諏訪市大字中洲５６７２番地４,2023-06-16,合同会社
合同会社吉田ビル,東京都杉並区高円寺南３丁目４５番２号２－Ａ号室,2023-06-16,合同会社
合同会社和懐堂,大阪府吹田市日の出町１１番４７号,2023-06-16,合同会社
合同会社大崎みらい研究所,愛知県知多郡美浜町大字上野間字越智２７番地４,2023-06-16,合同会社
合同会社大福,兵庫県神戸市西区池上４丁目２－１０リバーサイド岡田２０２,2023-06-16,合同会社
合同会社悠,大阪府大阪狭山市狭山２丁目１０５０番地－２０２号室,2023-06-16,合同会社
合同会社明星土木,茨城県取手市稲５９１番地４,2023-06-16,合同会社
合同会社桑・太郎,愛知県豊明市三崎町井ノ花１１番地１５アリエル井ノ花Ａ号,2023-06-16,合同会社
合同会社永福レコード,福岡県福岡市中央区天神４丁目６‐２８天神ファーストビル７階,2023-06-16,合同会社
合同会社渡辺空設工業,東京都小平市上水本町４丁目１７番１５号,2023-06-16,合同会社
合同会社琉木,北海道旭川市亀吉二条１丁目３番１６号,2023-06-16,合同会社
合同会社相模県央樹木医事務所,神奈川県相模原市中央区相模原１丁目１０－１３－１０１,2023-06-16,合同会社
合同会社石井木材,東京都渋谷区恵比寿２丁目３７番８号,2023-06-16,合同会社
合同会社空音空良,東京都新宿区中落合１丁目１０－８新興ビル４０２,2023-06-16,合同会社
合同会社結誠,愛知県名古屋市瑞穂区井の元町２５２番地の１,2023-06-16,合同会社
合同会社裕ファミリー,大阪府大阪市平野区長吉出戸４丁目６番７号,2023-06-16,合同会社
合同会社誠幸,兵庫県多可郡多可町中区岸上４８５番地４５,2023-06-16,合同会社
合同会社道,東京都港区芝浦４丁目４番２７－２２６号,2023-06-16,合同会社
合同会社遼佳,東京都中央区銀座１丁目２２番１１号銀座大竹ビジデンス２Ｆ,2023-06-16,合同会社
合同会社鹿児島映像社,鹿児島県鹿児島市呉服町２－８,2023-06-16,合同会社
合同会社５８クリエイト,大阪府大阪市淀川区西中島１丁目６番１３号,2023-06-16,合同会社
合同会社ＡＴＬＡＳ,東京都港区西麻布３丁目２１番２２－６０６号,2023-06-16,合同会社
合同会社ＢＡ　ＴＲＡＤＩＮＧ,栃木県小山市大字南和泉９５６番地１－Ａ,2023-06-16,合同会社
合同会社Ｂａｕｍ,東京都国立市中１丁目１６―５０―１０３,2023-06-16,合同会社
合同会社Ｃ‐Ｒａｎｇｅ　Ｓｔｕｄｉｏ,三重県度会郡大紀町阿曽４４３番地,2023-06-16,合同会社
合同会社ＣＯＭ．Ｓ,長崎県島原市田町７６６番地１,2023-06-16,合同会社
合同会社ＥＬＭ,東京都品川区大崎２丁目７番地８ライズアップ大崎３０２,2023-06-16,合同会社
合同会社Ｇ　ＮＩＮＥ,東京都杉並区和泉２丁目３５番１０号,2023-06-16,合同会社
合同会社Ｇａｄａｂｏｕｔｓ,和歌山県西牟婁郡すさみ町周参見２５０３－１,2023-06-16,合同会社
合同会社Ｇｕｓｕｋｕ,愛媛県松山市山西町１３５８番地６３,2023-06-16,合同会社
合同会社ＨｔｏＳ,神奈川県川崎市麻生区王禅寺東３丁目８番７号,2023-06-16,合同会社
合同会社ＩＳＳＫ,東京都練馬区石神井台４丁目１０－６,2023-06-16,合同会社
合同会社Ｉｎｃｒｅｎｅｒｇｙ,神奈川県横浜市西区北幸２丁目１０番地２８むつみビル３Ｆ,2023-06-16,合同会社
合同会社ＫＪコンサルタンツ,東京都小平市学園東町３丁目１４番７号,2023-06-16,合同会社
合同会社ＫＭＣ,大分県日田市中央１丁目１番２４号,2023-06-16,合同会社
合同会社ＬＩＢＥＲＯ,東京都港区浜松町２丁目２番１５号浜松町ダイヤビル２Ｆ,2023-06-16,合同会社
合同会社ＬＩＦＥ,大阪府大阪市中央区鎗屋町２丁目３番３－２０３号,2023-06-16,合同会社
合同会社Ｌｉｆｅ　Ｃｈａｎｇｅ　Ｓｕｐｐｏｒｔ,東京都足立区綾瀬２丁目３１番７号,2023-06-16,合同会社
合同会社ＭＯＯＮＳ,兵庫県神戸市灘区六甲台町９番２－５０３号,2023-06-16,合同会社
合同会社ＭＴＭ,神奈川県藤沢市大鋸２丁目９番７～５０１号,2023-06-16,合同会社
合同会社ＭＵＫＩＮＣＯＳ,東京都渋谷区道玄坂１丁目１０番８号渋谷道玄坂東急ビル２Ｆ－Ｃ,2023-06-16,合同会社
合同会社Ｍｅｄｉｃａｌ　Ｍａｒｖｅｌ,東京都千代田区神田神保町１丁目６２番地２,2023-06-16,合同会社
合同会社ＮＯＲＩＫＯ　ＩＮＴＥＲＮＡＴＩＯＮＡＬ,佐賀県佐賀市兵庫南３丁目５番１－７０１号,2023-06-16,合同会社
合同会社Ｎｅｗ　Ｂｌａｃｋ,福岡県うきは市浮羽町朝田３７０－１,2023-06-16,合同会社
合同会社Ｎｏ　ｓｉｄｅ,東京都豊島区巣鴨１丁目６－６－７０２,2023-06-16,合同会社
合同会社ＰＯＰＯ　ｍｕｓｅ,静岡県浜松市中区田町２２３番地の２１ビオラ田町３階,2023-06-16,合同会社
合同会社Ｒ．Ｋ,東京都豊島区南池袋２丁目１０番５号中丸ビル２０２,2023-06-16,合同会社
合同会社ＲＩＡＺ　ＴＲＡＤＩＮＧ,栃木県栃木市岩舟町静３０３番地３,2023-06-16,合同会社
合同会社ＳＨＯＤＥＮＫＯ,神奈川県高座郡寒川町倉見２３８６番地１６,2023-06-16,合同会社
合同会社ＳＩＬＶＥＲ　ＬＡＢＥＬ,東京都新宿区大久保２丁目１番９－１００２号,2023-06-16,合同会社
合同会社ＳＩＮＱＳＥＮＳ,大阪府茨木市真砂２丁目１３－１０フローエンス吉田Ⅱ１０１号室,2023-06-16,合同会社
合同会社Ｓｏｆｒｉａ,大阪府大阪市天王寺区上汐５丁目７番１１号セタピエーナ夕陽丘８０１号,2023-06-16,合同会社
合同会社ＴＲＡＶＩＲＡＭ,大阪府大阪市此花区梅花三丁目３１番１３号,2023-06-16,合同会社
合同会社Ｔｃｏｍｐａｎｙ,東京都杉並区和田３丁目３番１１号,2023-06-16,合同会社
合同会社Ｔｓｕｋａｈａｒａ,広島県福山市坪生町１丁目４９番９号,2023-06-16,合同会社
合同会社ＷｉｎＤ,東京都杉並区浜田山４丁目３１―６,2023-06-16,合同会社
合同会社ＹＳ　ＦＡＣＴＯＲＹ,埼玉県川口市上青木３丁目７番２９号,2023-06-16,合同会社
合同会社ｆａｗ,東京都千代田区神田岩本町１番地岩本町ビル９５号,2023-06-16,合同会社
合同会社ｆｕｇａｓｈｉ,福岡県福岡市博多区中洲５丁目４番６－１２１１号リバーフェイス博多,2023-06-16,合同会社
合同会社ｆｕｍｉａ,宮崎県児湯郡新富町大字新田５６７番地２,2023-06-16,合同会社
合同会社ｈｏｎｅｙ　ｂｅｅ,群馬県渋川市半田２１０２番２号エスペランサＡ２０１,2023-06-16,合同会社
合同会社ｎａｏ建築工房,兵庫県神戸市北区北五葉１丁目８番２０号,2023-06-16,合同会社
合同会社ｎｏｂｌｅ　ｓｔｙｌｅ,大阪府豊中市上野西３丁目５番３６号,2023-06-16,合同会社
品川リゾート特定目的会社,東京都港区西新橋１丁目２番９号メンターキャピタル税理士法人内,2023-06-16,その他の設立登記法人
壹仟佳株式会社,静岡県伊東市富戸９７５－１２６,2023-06-16,株式会社
大合株式会社,大阪府大阪市生野区巽北１丁目１番１号１Ｆ－Ｅ,2023-06-16,株式会社
大島工業株式会社,東京都江戸川区西小岩３丁目２０番１１号,2023-06-16,株式会社
大成株式会社,東京都渋谷区道玄坂１丁目１０番８号渋谷道玄坂東急ビル２Ｆ－Ｃ,2023-06-16,株式会社
安道聖株式会社,兵庫県神戸市中央区元町通５丁目２－３甲南サンシティー元町３２７,2023-06-16,株式会社
小田木・香川・橋詰弁護士法人,東京都港区虎ノ門３丁目１７番７号虎ノ門平井ビル７階,2023-06-16,その他の設立登記法人
山一商店株式会社,大阪府大阪市天王寺区上汐５丁目７番７－６０３号,2023-06-16,株式会社
市村ホールディングス株式会社,茨城県石岡市柿岡２０６５番地,2023-06-16,株式会社
幸楽合同会社,神奈川県相模原市中央区淵野辺本町４丁目２２番１０号,2023-06-16,合同会社
弘前りんご株式会社,青森県弘前市大字高杉字神原２５０番地１１,2023-06-16,株式会社
後藤電気株式会社,宮城県遠田郡美里町北浦字半兵衛１８番地１,2023-06-16,株式会社
愛馨医療サービス合同会社,大阪府大阪市中央区高津３丁目１５番６グランドパレス夕陽ヶ丘１００９,2023-06-16,合同会社
振余投資諮問有限公司,京都府京都市東山区松原広道東入北入月輪町９６番地１３,2023-06-16,外国会社等
新星熱機工業株式会社,大阪府大阪市東住吉区今川８丁目９番２１号,2023-06-16,株式会社
日心国際警備保障株式会社,兵庫県神戸市中央区相生町５丁目１０番１８号シティビル神戸５０３号室,2023-06-16,株式会社
日本工機株式会社,奈良県奈良市五条西２丁目１５番１９号,2023-06-16,株式会社
日本維新の会　福岡市議団,福岡県福岡市中央区天神１丁目８番１号,2023-06-16,その他
明月商会合同会社,大阪府大阪市西区九条南２丁目１６－１３,2023-06-16,合同会社
明石ファーム株式会社,静岡県浜松市中区田町２２８番地の５,2023-06-16,株式会社
未来空間株式会社,東京都杉並区久我山２丁目１７番３号,2023-06-16,株式会社
東小千谷地区振興協議会,新潟県小千谷市東栄１丁目３－２３,2023-06-16,その他
株式会社あおい,千葉県木更津市長須賀３７２番地４,2023-06-16,株式会社
株式会社あおば,静岡県静岡市葵区東静岡１丁目１番１０－２０５号,2023-06-16,株式会社
株式会社ここいろ,愛媛県宇和島市丸之内３丁目６番２号,2023-06-16,株式会社
株式会社こころ,三重県伊勢市御薗町高向２０１８番地,2023-06-16,株式会社
株式会社たかみ,北海道札幌市北区北二十三条西４丁目２番３号プラザハイツ２４－４０５号,2023-06-16,株式会社
株式会社つむぎ文庫,東京都新宿区中井１丁目２番４－３０４号,2023-06-16,株式会社
株式会社つむぐや,大阪府大阪市中央区本町２丁目３番４号,2023-06-16,株式会社
株式会社ひとつ道,愛知県名古屋市名東区松井町２４６番地の４,2023-06-16,株式会社
株式会社ひみつきち,神奈川県横浜市都筑区川和町８１番地４エクセル市ヶ尾南６０１,2023-06-16,株式会社
株式会社ひらつか,北海道石狩郡当別町字中小屋５３１１番地,2023-06-16,株式会社
株式会社アカマツ,栃木県宇都宮市本丸町１３番１６号,2023-06-16,株式会社
株式会社アサヒ,東京都中央区新川１丁目８番１９－１２０１号,2023-06-16,株式会社
株式会社アセットレイズ,東京都中央区日本橋蛎殻町１丁目１９番１号,2023-06-16,株式会社
株式会社アトラクトホーム,岐阜県可児市塩１２７７番地２－１０３号,2023-06-16,株式会社
株式会社アネックス,神奈川県綾瀬市吉岡東４丁目１０番６号,2023-06-16,株式会社
株式会社アメージングマジック,東京都新宿区西新宿６丁目１２番７号ストーク新宿１Ｆ,2023-06-16,株式会社
株式会社インパクトトレーディングホールディングス,神奈川県横浜市港北区新横浜３丁目９番５号,2023-06-16,株式会社
株式会社イーストボード,徳島県名西郡石井町藍畑字東覚円１３１番地１,2023-06-16,株式会社
株式会社ウィーブリング,東京都墨田区墨田２丁目９番１９号アウル大川端２Ｆ－５,2023-06-16,株式会社
株式会社エイチエムユー,長崎県大村市西大村本町７６４番地６サン荘２０３号,2023-06-16,株式会社
株式会社エキサイティブ,兵庫県神戸市中央区磯辺通１丁目１番１８号カサベラ国際プラザビル７０７,2023-06-16,株式会社
株式会社エクラ,千葉県松戸市八ケ崎３丁目７６番地の５,2023-06-16,株式会社
株式会社エステイトブライト,広島県広島市佐伯区五月が丘２丁目１０番４１号,2023-06-16,株式会社
株式会社エスホームズ,神奈川県横須賀市佐原４丁目８番３４号,2023-06-16,株式会社
株式会社エナジーモス,東京都江戸川区西葛西７丁目９番１８号,2023-06-16,株式会社
株式会社エヌ・イー・キャピタル,東京都杉並区阿佐谷南１丁目２５番３２号,2023-06-16,株式会社
株式会社エムイー,福岡県福岡市早良区野芥４丁目４９番１６号,2023-06-16,株式会社
株式会社オープンマインド,福岡県北九州市小倉北区京町２丁目７番８号小倉ビル１階,2023-06-16,株式会社
株式会社オールスリー,愛知県名古屋市名東区猪子石原３丁目７０９番地の１,2023-06-16,株式会社
株式会社カタリス,千葉県松戸市大橋４５５－６８,2023-06-16,株式会社
株式会社カンビオ,東京都中央区銀座１丁目２７－８セントラルビル７０３号,2023-06-16,株式会社
株式会社キノミノ,東京都新宿区筑土八幡町４番１６－１０３号,2023-06-16,株式会社
株式会社クレインカンパニー,東京都渋谷区千駄ヶ谷４丁目２９番１２－８０２号,2023-06-16,株式会社
株式会社クレスメゾン,三重県津市河芸町上野１１６８番地１９５,2023-06-16,株式会社
株式会社クロスリンク,愛知県津島市神守町字中ノ折６２番地,2023-06-16,株式会社
株式会社グローバルメガプランニング,東京都昭島市福島町１丁目１８番６号ベルリオ１０２号室,2023-06-16,株式会社
株式会社ケイエステート春山,鹿児島県姶良市平松６４４１番地１,2023-06-16,株式会社
株式会社ケイエフメディカル,福岡県福岡市早良区百道浜３丁目３番７－３０６号,2023-06-16,株式会社
株式会社コネクト,東京都港区芝大門２丁目１０－７桜門会ビルⅡ４Ｆ,2023-06-16,株式会社
株式会社コンケン,福島県福島市方木田字下川原４５番地の１,2023-06-16,株式会社
株式会社コンパス,滋賀県栗東市蜂屋８９３番地１（１０４号）フェリオ,2023-06-16,株式会社
株式会社コンフィー,東京都世田谷区瀬田３丁目９－８,2023-06-16,株式会社
株式会社シトラ,東京都港区芝５丁目２７－３ＭＢＣ,2023-06-16,株式会社
株式会社シャインスカイ,大阪府大阪市天王寺区六万体町１番２５号３階,2023-06-16,株式会社
株式会社シャチ,東京都港区赤坂６丁目１８－７－２０２,2023-06-16,株式会社
株式会社シンビ,静岡県静岡市清水区押切１２５１番地の２,2023-06-16,株式会社
株式会社シープ,東京都渋谷区東２丁目２３番１４号,2023-06-16,株式会社
株式会社ジェノ,東京都国分寺市南町３丁目４番１２－Ｂ号,2023-06-16,株式会社
株式会社スノーセブン,東京都新宿区高田馬場１丁目１番１３－７０３号,2023-06-16,株式会社
株式会社スマイルにしき,山口県岩国市錦町広瀬６７０７番地１,2023-06-16,株式会社
株式会社セイワ,埼玉県和光市下新倉５丁目２番２０号,2023-06-16,株式会社
株式会社ゼロカラット,宮城県名取市下余田字原田４６番１,2023-06-16,株式会社
株式会社ソサエティスケーツ,東京都新宿区高田馬場１丁目２２番５,2023-06-16,株式会社
株式会社タナベコーポレーション,三重県松阪市小黒田町４６８番地３,2023-06-16,株式会社
株式会社ティアラ,東京都新宿区西新宿３丁目３－１３西新宿水間ビル６階,2023-06-16,株式会社
株式会社テックエージェント,東京都中央区築地３丁目１－４築地武蔵野マンション４０３,2023-06-16,株式会社
株式会社テックＪ,東京都港区赤坂５丁目３番６号,2023-06-16,株式会社
株式会社テノアト設計工舎,神奈川県中郡二宮町百合が丘１丁目１２番１６号３７,2023-06-16,株式会社
株式会社ディエス,東京都足立区舎人５丁目９番１９－１０３号,2023-06-16,株式会社
株式会社ナル,大阪府枚方市山之上北町６０番１－１６０９号,2023-06-16,株式会社
株式会社ナワテル,大阪府四條畷市大字中野５６番地の１サンマンションアトレ忍ヶ丘１０９,2023-06-16,株式会社
株式会社ニコラシステム,東京都渋谷区道玄坂１丁目１６番６号二葉ビル８ｂ,2023-06-16,株式会社
株式会社ネオ電工,三重県津市芸濃町椋本３８９１番地２,2023-06-16,株式会社
株式会社ネクストメイクス,神奈川県横浜市中区蓬莱町２丁目６番１４号,2023-06-16,株式会社
株式会社ハジメカラ,東京都新宿区西新宿５丁目２４番１７号ＳＩＬ西新宿６階,2023-06-16,株式会社
株式会社パートナーズシェア,東京都墨田区八広３丁目２６番４,2023-06-16,株式会社
株式会社ヒサク,東京都渋谷区恵比寿３丁目２１－６恵比寿ガーデンヒルズ１０１,2023-06-16,株式会社
株式会社ピーススピリット,京都府向日市寺戸町新田２９番地の１,2023-06-16,株式会社
株式会社フラモン,沖縄県浦添市当山２丁目２５番８－２号２Ｆ,2023-06-16,株式会社
株式会社フロントランナー,福岡県うきは市浮羽町古川１０９７番地１,2023-06-16,株式会社
株式会社プラスピース,静岡県藤枝市高柳２丁目５番３２号コーポＫ３Ｂ,2023-06-16,株式会社
株式会社プレジャースタイル,大阪府大阪市中央区瓦町４丁目５番３号日宝西本町ビル５Ｆ３号室,2023-06-16,株式会社
株式会社ヘルスナビ,岡山県岡山市北区津島本町１４番４８号,2023-06-16,株式会社
株式会社ベストフィット,大阪府大阪市西成区鶴見橋３丁目１番地３０号安田ビル２階６－７号室,2023-06-16,株式会社
株式会社ホープウェーブ,東京都渋谷区渋谷２丁目１０番６号,2023-06-16,株式会社
株式会社ポピー,大阪府八尾市緑ヶ丘４丁目９番地の４７,2023-06-16,株式会社
株式会社マツウラ企画,福島県福島市野田町４丁目９番５４号,2023-06-16,株式会社
株式会社マーケティング,東京都新宿区荒木町１６番地エスペロビル４０５,2023-06-16,株式会社
株式会社ミル・グラシアス,大阪府泉佐野市長滝３２６９番地の１３,2023-06-16,株式会社
株式会社ミース,愛知県名古屋市港区明正２丁目２８１番地,2023-06-16,株式会社
株式会社メルピナス,奈良県生駒市西旭ケ丘１３－１４,2023-06-16,株式会社
株式会社モノリス,茨城県守谷市大柏１００７番地の２４,2023-06-16,株式会社
株式会社ライトワン,兵庫県三田市高次２丁目１番２６－１０２号,2023-06-16,株式会社
株式会社リアンプランニング,東京都中央区銀座７丁目４番１３号銀座メディカルビルアネックス４階,2023-06-16,株式会社
株式会社リクリエイト,大阪府八尾市太田新町３丁目１０９番地,2023-06-16,株式会社
株式会社リンクス,東京都杉並区宮前５丁目２０番２９号,2023-06-16,株式会社
株式会社ルクセ,広島県福山市熊野町甲１９６１番地７,2023-06-16,株式会社
株式会社レストランひまわり,東京都渋谷区千駄ヶ谷５丁目１６番１６－４０１号,2023-06-16,株式会社
株式会社レフティミート,大阪府豊中市服部寿町２丁目１５番１７号,2023-06-16,株式会社
株式会社伊藤工業,京都府長岡京市勝竜寺１０番１３号,2023-06-16,株式会社
株式会社南紀クリーニング,和歌山県田辺市鮎川７６２番地の４,2023-06-16,株式会社
株式会社古賀建設,長崎県諫早市永昌東町６番１０号,2023-06-16,株式会社
株式会社呼子建設,福岡県太宰府市吉松４丁目１番６－２０３号,2023-06-16,株式会社
株式会社夢道,大阪府羽曳野市西浦６丁目４－２４,2023-06-16,株式会社
株式会社大麒,東京都足立区神明２丁目４番２０号,2023-06-16,株式会社
株式会社宮本電気,千葉県柏市柏の葉３丁目４番地の３２,2023-06-16,株式会社
株式会社山本機械商会,和歌山県岩出市川尻６番地の８ミムラビル２０６号,2023-06-16,株式会社
株式会社岩井内装,広島県広島市安佐北区可部８丁目１４番７号,2023-06-16,株式会社
株式会社川崎医療器械店,神奈川県川崎市麻生区早野７３８,2023-06-16,株式会社
株式会社彩,神奈川県横浜市都筑区仲町台１丁目２６－１７ＡｉｌＥ１Ｆ,2023-06-16,株式会社
株式会社愛と創造ラボラトリー,東京都日野市百草３１５番地の１コスモ聖蹟桜ヶ丘４０９,2023-06-16,株式会社
株式会社日本エリア,大阪府大阪市住之江区粉浜西１丁目１番１６－７０５号,2023-06-16,株式会社
株式会社日本ギャップ解決研究所,東京都大田区大森本町２丁目１８番５号,2023-06-16,株式会社
株式会社朝日,福岡県福岡市南区皿山４丁目１４番８号濵健ビル２０１号,2023-06-16,株式会社
株式会社東京ふとん店,静岡県浜松市南区頭陀寺町３３０番地の４,2023-06-16,株式会社
株式会社松永企画,大阪府大阪市東住吉区桑津３丁目２０番２６号,2023-06-16,株式会社
株式会社梅山建設,東京都足立区伊興３丁目２３－２９ワコーレ竹の塚１０４号室,2023-06-16,株式会社
株式会社樹理,埼玉県川口市上青木西３丁目３番２８号,2023-06-16,株式会社
株式会社池田やフーズ,愛媛県八幡浜市２５８番地２,2023-06-16,株式会社
株式会社海太郎,福岡県北九州市小倉北区中井４丁目４番２７号,2023-06-16,株式会社
株式会社済済社,東京都三鷹市井の頭３丁目１０番８号,2023-06-16,株式会社
株式会社湯田コンストラクション,広島県福山市神辺町字徳田８５０番地７,2023-06-16,株式会社
株式会社潮目ラボ,東京都港区北青山１丁目３番１号アールキューブ青山３階,2023-06-16,株式会社
株式会社町おこしパートナー,兵庫県加古川市平岡町新在家１３７９番地の１,2023-06-16,株式会社
株式会社百花王,東京都小平市花小金井８丁目１０番２７号,2023-06-16,株式会社
株式会社石川電機,愛知県知多郡東浦町大字緒川字古流作１番地の２５,2023-06-16,株式会社
株式会社福家ながさき不動産,長崎県大村市富の原１丁目１１８３番地１,2023-06-16,株式会社
株式会社竹田組,和歌山県東牟婁郡串本町潮岬１５９５番地１,2023-06-16,株式会社
株式会社笑福家不動産,滋賀県大津市本堅田４丁目１５番２５－６０５号,2023-06-16,株式会社
株式会社美馬建設,大阪府大阪市大正区三軒家東２丁目２番１１号,2023-06-16,株式会社
株式会社英仁社,大阪府富田林市宮町１丁目９番１２号ルミエール宮１０１,2023-06-16,株式会社
株式会社藤建,大阪府八尾市恩智中町４丁目８１番地の４,2023-06-16,株式会社
株式会社西森,高知県高知市桟橋通３丁目１６番２０号,2023-06-16,株式会社
株式会社進源,神奈川県横浜市南区浦舟町１丁目１番地６４,2023-06-16,株式会社
株式会社雲養,東京都小平市大沼町３丁目２５番２－１号,2023-06-16,株式会社
株式会社音束,静岡県静岡市駿河区曲金３丁目５番４１号,2023-06-16,株式会社
株式会社飛鳥,埼玉県さいたま市岩槻区大字鹿室字新切６２５番地,2023-06-16,株式会社
株式会社２０００,東京都中央区銀座１丁目１２番４号Ｎ＆ＥＢＬＤ．６Ｆ,2023-06-16,株式会社
株式会社ＡＣＨＩＨＡ　ＳＥＲＶＩＣＥ,愛知県名古屋市中村区川前町５２４番地,2023-06-16,株式会社
株式会社ＡＬＵ,神奈川県横浜市都筑区南山田３丁目２番１号,2023-06-16,株式会社
株式会社ＡＺＵ,宮城県石巻市立町１丁目２番１３号リオモール二番館１階,2023-06-16,株式会社
株式会社Ａｐｐｌｉｅｄ　ＦＵＳＩＯＮ　Ｔｅｃｈｎｏｌｏｇｙ,岐阜県土岐市下石町９００番地の１,2023-06-16,株式会社
株式会社Ａｐｐｔｅｃｈ,神奈川県川崎市多摩区宿河原２丁目３２－７パストラル雪ヶ坂３０５,2023-06-16,株式会社
株式会社Ａｓｔｒｅａ,東京都港区西麻布４丁目１５－３グレンパーク西麻布４０１,2023-06-16,株式会社
株式会社Ａｔｏｍｉｃ　Ｌｅａｐ,東京都武蔵野市吉祥寺本町１丁目２０番１号吉祥寺永谷シティプラザ１００２,2023-06-16,株式会社
株式会社Ｂ＆Ｒ,東京都練馬区貫井２丁目３番６号,2023-06-16,株式会社
株式会社ＢＣＪ‐７４,東京都千代田区丸の内１丁目１番１号パレスビル５階,2023-06-16,株式会社
株式会社ＢＥＳＴ１,東京都新宿区北新宿４丁目４番１６号,2023-06-16,株式会社
株式会社ＢＩＬＬＩＯＮ　ＦＥＥＴ,大阪府大阪市北区梅田２丁目２番２号ヒルトンプラザウエスト１９階,2023-06-16,株式会社
株式会社Ｂｅ‐ｙｏｕ,東京都渋谷区広尾４丁目１番１６－２０３号,2023-06-16,株式会社
株式会社Ｂｅｌｃｏｒｅ,神奈川県茅ヶ崎市出口町１１－３４－１,2023-06-16,株式会社
株式会社Ｂｉｇ　ｓｍｉｌｅ,福岡県北九州市小倉北区京町２丁目７番８号小倉ビル１階,2023-06-16,株式会社
株式会社Ｂｌａｃｋ,東京都渋谷区千駄ヶ谷４丁目５－１０コンフォリア北参道１２０２,2023-06-16,株式会社
株式会社Ｂｒｅａｄｅａｒ,福井県鯖江市水落町３丁目１３０１番１号,2023-06-16,株式会社
株式会社ＣＩＮＱ,愛知県西尾市上町南荒子２６番地５,2023-06-16,株式会社
株式会社ＣＩＲＣＬ,東京都渋谷区道玄坂１丁目１０番８号渋谷道玄坂東急ビル２Ｆ－Ｃ,2023-06-16,株式会社
株式会社ＣＯＯ,愛知県名古屋市中村区名駅３丁目４番１０号,2023-06-16,株式会社
株式会社Ｃｒｅｅｒ,東京都渋谷区桜丘町４番８号プレシャス渋谷１００５,2023-06-16,株式会社
株式会社Ｄ＆Ｂ,東京都豊島区東池袋１丁目３３番４号ニュー池袋ハイツ６０７,2023-06-16,株式会社
株式会社ＤＥＬＩＧＨＴＩＴ,東京都葛飾区西新小岩５丁目２６番１９－９０１号,2023-06-16,株式会社
株式会社ＥＮＺＯ,滋賀県愛知郡愛荘町円城寺８１９番地７,2023-06-16,株式会社
株式会社ＥＳＰＯＩＲ,群馬県高崎市貝沢町７２４番地１,2023-06-16,株式会社
株式会社ＥＶＯＣＯＳ,兵庫県神戸市中央区雲井通１丁目１番１号ツイン雲井ＦＬＥＸ２１,2023-06-16,株式会社
株式会社Ｅｒｉｓ,石川県金沢市黒田２丁目１８４番地２,2023-06-16,株式会社
株式会社ＦＣＷＬ,三重県津市河芸町千里ヶ丘７７番地９,2023-06-16,株式会社
株式会社ＦＬＯＯＭ,広島県尾道市栗原西１丁目２番２４号,2023-06-16,株式会社
株式会社ＦＬＯＷ,福岡県福岡市中央区天神１丁目１－１アクロス福岡１Ｆｆａｂｂｉｔ,2023-06-16,株式会社
株式会社ＦＬＹＴＯ,東京都世田谷区野沢１丁目３５－７－４０６,2023-06-16,株式会社
株式会社ＦＲＥＡＫＳ,大阪府大阪市北区中津３丁目３５番１６－６０５号,2023-06-16,株式会社
株式会社Ｆｉｎｉｋｓ,東京都港区赤坂２丁目１６番６号,2023-06-16,株式会社
株式会社Ｇ．Ａ．ＢＵＩＬＤ,奈良県橿原市八木町３丁目４番２３号,2023-06-16,株式会社
株式会社Ｇｉｒａｓｏｌ,東京都新宿区西新宿７丁目７番地３３号新銘ビル４階,2023-06-16,株式会社
株式会社ＧｏＥｎインフィニティ,富山県富山市呉羽町６９２６番地,2023-06-16,株式会社
株式会社Ｈ．Ｇｃｄ,東京都三鷹市井の頭２丁目３２－８,2023-06-16,株式会社
株式会社ＨＡＲＥＴＡ,東京都西東京市芝久保町４丁目４番４Ｂ－３２４号,2023-06-16,株式会社
株式会社ＨＥＡＲＴＳ　ＡＮＤ　ＬＩＶＥＳ,栃木県宇都宮市宝木本町１４７４番地１４,2023-06-16,株式会社
株式会社ＨＩＳＴＯＲＩＡ　ｂｅａｕｔｙ　ｐｌａｃｅ,大阪府堺市北区黒土町３００２番地２３,2023-06-16,株式会社
株式会社ＨＹＮＮ,大阪府大阪市北区梅田２丁目５番１３号桜橋第一ビル３０４号,2023-06-16,株式会社
株式会社Ｈｅｌｐ　Ｓｈａｒｅ,大阪府大阪市北区梅田１丁目２番２号大阪駅前第２ビル１２－１２,2023-06-16,株式会社
株式会社Ｉ‐Ｄｅａｒ,北海道札幌市北区篠路町拓北３１番地,2023-06-16,株式会社
株式会社Ｉ．Ｍ．Ｓ．,三重県四日市市北浜田町２番１－３０４号,2023-06-16,株式会社
株式会社ＩＥＤＩＡ,東京都新宿区新宿１丁目１６番１０号コスモス御苑ビル７０２号室,2023-06-16,株式会社
株式会社ＩＮＡＺＵＭＡ,福島県郡山市久留米６丁目２の５二瓶マンション２０３,2023-06-16,株式会社
株式会社ＩＲＯＫＯ,石川県金沢市八日市１丁目７６７番地,2023-06-16,株式会社
株式会社Ｉｃｏｎｎｅｃｔ,神奈川県横浜市南区通町２丁目３７番地,2023-06-16,株式会社
株式会社Ｊ‐ＦｏｕｒＴｅｅＮ,福岡県福岡市早良区城西３丁目３番９号,2023-06-16,株式会社
株式会社Ｊ‐ｉｎＳＰＡＣＥ,東京都港区芝公園１丁目１番１２号芝公園電気ビルディング６Ｆ,2023-06-16,株式会社
株式会社ＪＡＣＫ,東京都板橋区新河岸１丁目５番６－１０３号,2023-06-16,株式会社
株式会社ＪＡＰＡＮＥＺＥＺＥＲＯ　ＥＮＴＥＲＴＡＩＮＭＥＮＴ,神奈川県横浜市神奈川区西寺尾４丁目２４番２－４０４号,2023-06-16,株式会社
株式会社ＪＢＺプレミアムエアサービス,東京都文京区根津２丁目３７番１－９０３号,2023-06-16,株式会社
株式会社ＪＯＫＥＲ,石川県金沢市南四十万１丁目１９５番地,2023-06-16,株式会社
株式会社ＪＲ‐ＴＲＡＤＥ,東京都新宿区大久保１丁目１番４９号タキカワ大久保ビル７Ｆ,2023-06-16,株式会社
株式会社Ｊｏｉｎｔ　ｓｑｕａｒｅ,沖縄県国頭郡本部町字大浜８８５番地１,2023-06-16,株式会社
株式会社Ｊｕｂｉｌａｔｉｏｎ,東京都新宿区西新宿２丁目１番１号新宿三井ビルディング４９階,2023-06-16,株式会社
株式会社Ｋ‐Ｗｏｒｋｓ,群馬県伊勢崎市長沼町２０２７番地１,2023-06-16,株式会社
株式会社Ｋ．マサコ,愛知県江南市高屋町本郷７６番地,2023-06-16,株式会社
株式会社ＫＡＩ　ＴＯＫＹＯ,東京都目黒区碑文谷４丁目６番１６号,2023-06-16,株式会社
株式会社ＫＡＭＩＫＡＺＥ,群馬県太田市東新町６２９番地２,2023-06-16,株式会社
株式会社ＫＩＴＡＭＵＲＡ,兵庫県豊岡市出石町柳２６番地,2023-06-16,株式会社
株式会社ＫＮＫ,長野県長野市大字柳原２３６１番地３,2023-06-16,株式会社
株式会社ＫＳＫ,東京都大田区東矢口３丁目２１番１９号,2023-06-16,株式会社
株式会社ＫＴコーポレーション,大阪府東大阪市長堂１丁目１２番１号－６０１,2023-06-16,株式会社
株式会社ＫｅｅＰ・ｇｏｉｎｇ,福井県福井市中央１丁目１０番５号,2023-06-16,株式会社
株式会社Ｋｏａ,滋賀県東近江市聖和町１１番１７号,2023-06-16,株式会社
株式会社ＫｕＫｕＲｕ,三重県鈴鹿市道伯町２４１９番地メゾンドグラシューズ２０１,2023-06-16,株式会社
株式会社ＬＢメディア,東京都杉並区高円寺南４丁目４３番１３号,2023-06-16,株式会社
株式会社ＬＣ２,福岡県北九州市小倉北区浅野３丁目８番１号ＡＩＭ（アジア太平洋インポートマート）ビル６階,2023-06-16,株式会社
株式会社ＬＰＳＨ,東京都中央区日本橋室町１丁目１１番１２号日本橋水野ビル７Ｆ,2023-06-16,株式会社
株式会社Ｌｅａｆ,静岡県浜松市浜北区宮口３５１５番地の１ドエルコートＡ－１,2023-06-16,株式会社
株式会社ＬｅｖｅＬｉｖｉｎｇ,千葉県松戸市本町１７－１１芹澤ビル６Ｆ,2023-06-16,株式会社
株式会社Ｌｉｂｅｒｔｙ　Ｅｄｕｃａｔｉｏｎ,東京都港区南青山３丁目１番３６号青山丸竹ビル６Ｆ,2023-06-16,株式会社
株式会社ＬｉｔＵｐ,兵庫県西宮市甲子園口４丁目６－１３－４０２,2023-06-16,株式会社
株式会社ＬｏｎｏＬｅ’ａ,福岡県宗像市栄町２番地１－２階,2023-06-16,株式会社
株式会社Ｍ．Ｄ．Ｋ,愛知県尾張旭市緑町緑ケ丘１００番地２５０,2023-06-16,株式会社
株式会社Ｍ．Ｓコンサルティング,神奈川県川崎市多摩区東三田３丁目１０番２－１４０４号,2023-06-16,株式会社
株式会社ＭＥＮ’Ｓ　ＨＡＩＲ　ＪＡＰＡＮ,東京都渋谷区神宮前３丁目２７番１５号ＦＬＡＧ３Ｆ,2023-06-16,株式会社
株式会社ＭＪＹ,広島県東広島市西条西本町２８番１－２０６号,2023-06-16,株式会社
株式会社ＭＹＮ,東京都足立区西綾瀬３丁目２２番４号,2023-06-16,株式会社
株式会社ＭＹＲＩＳＥ,東京都新宿区西新宿３丁目３番１３号西新宿水間ビル２Ｆ,2023-06-16,株式会社
株式会社Ｍｏｎｔｅ,北海道札幌市清田区里塚三条３丁目２２番２３号,2023-06-16,株式会社
株式会社Ｍｔ．ｓ,東京都新宿区東榎町１１番地アクア神楽坂１Ｆ,2023-06-16,株式会社
株式会社ＮＥＯ‐Ｃｒａｆｔ．ＪＡＰＡＮ,長野県千曲市大字稲荷山５１０番地７,2023-06-16,株式会社
株式会社ＮＯＲＩＤＥＮ,大阪府枚方市杉山手３丁目１８番８号,2023-06-16,株式会社
株式会社ＮＳ,三重県四日市市久保田２丁目１１番３８－２号,2023-06-16,株式会社
株式会社ＮＵＭＩＡ,福島県双葉郡浪江町大字西台字坂下７番地１,2023-06-16,株式会社
株式会社Ｎｉｋｓ,東京都江東区大島７丁目３１番１８号,2023-06-16,株式会社
株式会社Ｏ．Ｍ．Ｃ,宮城県仙台市青葉区八幡６丁目１２－１２,2023-06-16,株式会社
株式会社ＯＨＡＫＯ,東京都千代田区神田松永町１３番地ＶＯＲＴ秋葉原Ⅱ,2023-06-16,株式会社
株式会社ＯＨＡＮＡ,宮崎県宮崎市学園木花台南２丁目１１番地３,2023-06-16,株式会社
株式会社ＯＪＨＨ,大阪府大阪市西区南堀江１丁目１１番５号２Ｆ,2023-06-16,株式会社
株式会社ＯＮＥ　ＴＥＡＭ　ＰＬＡＮＮＩＮＧ,長野県長野市大字石渡１３０番地５,2023-06-16,株式会社
株式会社ＯＰ,大阪府高石市千代田１丁目６－３,2023-06-16,株式会社
株式会社ＯＲＡＦ,大阪府泉佐野市市場西１丁目９番８号,2023-06-16,株式会社
株式会社Ｏｎｅ　ｆｏｒ　ａｌｌ,神奈川県横浜市港北区箕輪町３丁目２５番１１号,2023-06-16,株式会社
株式会社ＰＥＡＣＥ,群馬県太田市植木野町１８２番地１,2023-06-16,株式会社
株式会社ＰＥＴＴＯＮ,長野県長野市大字南長池２０５番地,2023-06-16,株式会社
株式会社ＰＩＣ映像事務所,東京都杉並区高円寺南５丁目３１番１９号プルーム１０４,2023-06-16,株式会社
株式会社ＰＯＷＥＲ　ＯＦ　ＬＯＶＥ,大阪府富田林市喜志町５丁目２－６スタディオ喜志１０１号,2023-06-16,株式会社
株式会社Ｐａｌｓ,広島県広島市安佐南区伴北７丁目４８番２２号,2023-06-16,株式会社
株式会社Ｐｒｉｍｅ　Ｄａｔａ３６５,神奈川県横浜市南区八幡町６８番地,2023-06-16,株式会社
株式会社Ｑホールディングス,富山県富山市中島４丁目２番１４号,2023-06-16,株式会社
株式会社ＲＩＮＤＯ,長野県伊那市ますみヶ丘１１７２番地５１,2023-06-16,株式会社
株式会社ＲＩＳＥ,愛知県名古屋市中川区福川町３丁目１番地の１８（ユーハウス第３蜆橋４０４号）,2023-06-16,株式会社
株式会社ＲＯＫＵ,埼玉県さいたま市大宮区大門町２丁目２０番地２ＴＭＯ北棟ＴＭＯｆｆⅰｃｅ大宮１０１号室,2023-06-16,株式会社
株式会社Ｒｅライフ,茨城県龍ケ崎市板橋町２１６７番地,2023-06-16,株式会社
株式会社Ｒｅ．Ｌａｕｄ,宮城県石巻市新館３丁目１番７号ヴィラシャトン１０２号,2023-06-16,株式会社
株式会社ＲｅＨＯＵＳＥ,大阪府大阪市東住吉区住道矢田１丁目１９番１８号,2023-06-16,株式会社
株式会社Ｒｅｎｔ,大阪府東大阪市楠根３丁目９番１９号,2023-06-16,株式会社
株式会社Ｒｅｖｉｖｅ　Ｈｕｂ,大阪府大阪市北区曾根崎新地１丁目８番１９号４階,2023-06-16,株式会社
株式会社Ｒｉｏｎ,大阪府大阪市中央区上本町西１丁目５番２４－１１０１号,2023-06-16,株式会社
株式会社ＳＫａＴ,東京都新宿区西新宿７丁目５番５号Ｐｌａｚａ西新宿ＵＣＦ４階,2023-06-16,株式会社
株式会社ＳＫｘＴＥＣＨ,東京都渋谷区恵比寿西２丁目１９番９号フランセスビル１Ｆ,2023-06-16,株式会社
株式会社ＳＯＬＥＩＬ,東京都渋谷区恵比寿南１丁目１１－１６－３０７,2023-06-16,株式会社
株式会社ＳＴＩ,千葉県市原市喜多９０６番地１９２,2023-06-16,株式会社
株式会社ＳＵＮＮＹ,大阪府八尾市天王寺屋２丁目１８番地の２,2023-06-16,株式会社
株式会社ＳＵＰＥＲ　ＭＩＳＳＩＯＮ,広島県広島市西区三滝本町１丁目１番６－２０１号,2023-06-16,株式会社
株式会社Ｓａｍ　ｃｉｃｅｒＯ,沖縄県那覇市曙３丁目７番１号真松ビル１Ｆ,2023-06-16,株式会社
株式会社Ｓａｎｔａｓｕ,東京都目黒区平町１丁目７番７号,2023-06-16,株式会社
株式会社Ｓｅａ　Ｒａｉｎｂｏｗ,京都府京都市山科区四ノ宮神田町２８－２,2023-06-16,株式会社
株式会社Ｓｔｅｐ,東京都目黒区原町２丁目１６番４号,2023-06-16,株式会社
株式会社Ｔ‐ＧＲＯＷ,大阪府松原市別所４丁目１０番３１－２０１号,2023-06-16,株式会社
株式会社ＴＣ．,神奈川県座間市ひばりが丘３丁目８番６号,2023-06-16,株式会社
株式会社ＴＰ１,千葉県市川市南八幡４丁目３番７－３０９号グリーンターフ南八幡第Ⅲ,2023-06-16,株式会社
株式会社ＴＳＵＳＨＩＭＡ　ＲＥＳＯＲＴ,愛知県名古屋市千種区内山３丁目８番１６号,2023-06-16,株式会社
株式会社ＴＷＥＬＶＥ,大阪府大阪市中央区島之内１丁目１５番２５－２００３号,2023-06-16,株式会社
株式会社ＴｏＷｏｒｌｄ,東京都杉並区和田３丁目４９番２１号シフォン東高円寺２０４,2023-06-16,株式会社
株式会社ＵＧ,兵庫県神戸市中央区北長狭通１丁目２０番１２号地蔵ビル４Ｆ,2023-06-16,株式会社
株式会社ＶＩＯＬＥＴ,東京都渋谷区神宮前６丁目２３番４号桑野ビル２階,2023-06-16,株式会社
株式会社ＷＡＯＮＡＳ,大阪府大阪市阿倍野区阪南町１丁目１５番１５号,2023-06-16,株式会社
株式会社ＷＥＳＣＯＮ,福島県郡山市開成２丁目２８番１号プラザ開成第１－１０２号,2023-06-16,株式会社
株式会社ＷＩＺＥ,東京都新宿区西新宿１丁目４番１１号全研プラザＳｐａｃｅｓ新宿６２２号,2023-06-16,株式会社
株式会社Ｗｈｉｚ　Ｕ,高知県高知市北本町２丁目１番１２号,2023-06-16,株式会社
株式会社Ｙ．Ｃ　ＣＩＲＣＵＬＡＴＥ,東京都目黒区大橋２丁目２４番１号,2023-06-16,株式会社
株式会社ＹＳエステート,大阪府大阪市平野区瓜破西３丁目４番２４号,2023-06-16,株式会社
株式会社ＹｏＳｏＭｏ,兵庫県神戸市垂水区桃山台２丁目１１８８番地の８３,2023-06-16,株式会社
株式会社ｃｒｕｓｔ,富山県富山市新富町１丁目４番１号ファイブワンビル１階,2023-06-16,株式会社
株式会社ｅＢｕｉｌｄｓ,北海道札幌市中央区南一条西７丁目１２番地２,2023-06-16,株式会社
株式会社ｆｌａｇＭｅ,福岡県福岡市博多区博多駅前４丁目１４番２３号,2023-06-16,株式会社
株式会社ｈｄｆ,大分県大分市中津留１丁目２番３号エクセル中津留２０１,2023-06-16,株式会社
株式会社ｈｓｃ,東京都新宿区西新宿３丁目３番１３号西新宿水間ビル６階,2023-06-16,株式会社
株式会社ｉ．ｂａｓｅ,愛知県豊明市阿野町稲葉１２番地１,2023-06-16,株式会社
株式会社ｉｎｎｏｖａｔｉｏｎ　ｗｉｚａｒｄ,東京都世田谷区経堂１丁目１７番１３号,2023-06-16,株式会社
株式会社ｉｓｅｅ,東京都渋谷区上原１丁目３３番１６号ラメール代々木上原３０３,2023-06-16,株式会社
株式会社ｋｕｂｏｔｔｉ,東京都江戸川区平井４丁目８番１２号トランクＭ３０１,2023-06-16,株式会社
株式会社ｍｅｌｏｄｙ,東京都新宿区西新宿３丁目３－１３西新宿水間ビル６階,2023-06-16,株式会社
株式会社ｓｕｎａｏ,福岡県福岡市早良区大字脇山２６０８番地９,2023-06-16,株式会社
株式会社ｔｉｎｙｓｕｂ,岡山県岡山市北区伊島町２丁目１３番２５号ラグゼ１Ｆ,2023-06-16,株式会社
株式会社ｗｅｂコンピュータサービス,東京都中央区築地２丁目１１－２６築地ＭＫビル４階,2023-06-16,株式会社
桜島不動産株式会社,鹿児島県鹿児島市西田１丁目１５番地１２桜島不動産ビル１階,2023-06-16,株式会社
橋本建設工業株式会社,大阪府泉南市男里６丁目１５番１号朝日プラザシティサザンコーストＢ棟１４１０号,2023-06-16,株式会社
津越商事株式会社,東京都日野市南平１丁目２６番地６メゾン・ド・ノア南平（２）Ｄ４０３,2023-06-16,株式会社
清信株式会社,千葉県松戸市古ケ崎９番地の１８,2023-06-16,株式会社
湘南Ｂ‐ｓｔｙｌｅ株式会社,神奈川県茅ヶ崎市元町４番１４号,2023-06-16,株式会社
湘南Ｎ‐ｓｔｙｌｅ株式会社,神奈川県大和市下鶴間１８６７番地４,2023-06-16,株式会社
煕寧株式会社,大阪府大阪市西成区山王１丁目１４番１１号丸大マンション２０２号室,2023-06-16,株式会社
特定非営利活動法人きずなドリーム,北海道釧路市芦野５丁目２８番４号,2023-06-16,その他の設立登記法人
特定非営利活動法人チベタン・チルドレンズ・プロジェクト,神奈川県横浜市港南区東永谷１丁目８番８号,2023-06-16,その他の設立登記法人
特定非営利活動法人若葉,佐賀県佐賀市久保泉町大字上和泉１１９１番２０,2023-06-16,その他の設立登記法人
白嶽酒造株式会社,長崎県対馬市美津島町雞知甲４９０番地１,2023-06-16,株式会社
祥和株式会社,福島県郡山市安積町日出山３丁目２７５番地,2023-06-16,株式会社
福隆清吉株式会社,大阪府大阪市西成区天下茶屋１丁目４番４号,2023-06-16,株式会社
税理士法人アドバリュー,東京都新宿区四谷１丁目８番地１４四谷一丁目ビル６階,2023-06-16,その他の設立登記法人
税理士法人ベネディックス,埼玉県富士見市鶴馬１丁目１３番２２－４０３号,2023-06-16,その他の設立登記法人
穂北塗装株式会社,宮崎県西都市大字南方２３４６番地１２,2023-06-16,株式会社
維新・大地,北海道札幌市中央区北一条西２丁目,2023-06-16,その他
美康堂生薬日本株式会社,東京都渋谷区神宮前１丁目２３番２８号,2023-06-16,株式会社
羽瑠美商事株式会社,大阪府大阪市北区野崎町１番３０－１７０５号,2023-06-16,株式会社
胖兎国際株式会社,大阪府堺市堺区中安井町１丁４番１０－８０６号,2023-06-16,株式会社
英富ジャパン合同会社,東京都稲城市平尾３丁目１番１号３２―４０３,2023-06-16,合同会社
荘園企業有限会社,神奈川県横浜市旭区上白根１丁目１番１９－１０１号,2023-06-16,有限会社
薩摩重機工業株式会社,大阪府大阪市鶴見区浜３丁目４番３７号,2023-06-16,株式会社
藤井百合子株式会社,大阪府大阪市大正区三軒家西３丁目４番１６号中山ビル４０９Ａ,2023-06-16,株式会社
豊見城エビ養殖産業合同会社,沖縄県豊見城市字翁長８５４番地１,2023-06-16,合同会社
都洋通商株式会社,大阪府大阪市大正区三軒家西３丁目４番１６号中山ビル４０８Ａ,2023-06-16,株式会社
鄔金株式会社,大阪府大阪市旭区生江３丁目４番２３号１－Ａ,2023-06-16,株式会社
開宝物産株式会社,大阪府大阪市旭区生江３丁目４番２３号２－Ｃ,2023-06-16,株式会社
阜康株式会社,東京都墨田区東駒形２丁目２番１３東駒形二丁目ビル２０３号室,2023-06-16,株式会社
阜東商事株式会社,大阪府大阪市淀川区西宮原２丁目６－１６新大阪コーポビアネーズ１１３８号室,2023-06-16,株式会社
青空草原合同会社,東京都世田谷区梅丘２丁目６－５,2023-06-16,合同会社
８４４８株式会社,東京都千代田区富士見１丁目３番１１号,2023-06-16,株式会社
ＡＤＥＮＡ　Ｊａｐａｎ合同会社,東京都港区虎ノ門５丁目１番４号東都ビル２Ｆ,2023-06-16,合同会社
ＡＮＢＡＩホールディングス株式会社,千葉県茂原市高師５２１番地６,2023-06-16,株式会社
ＡＰＥ株式会社,大阪府大阪市中央区東心斎橋２丁目１番１７号２Ｆ,2023-06-16,株式会社
Ａｌ　Ｈａｂｅｅｂｉ合同会社,東京都新宿区西早稲田３丁目１３－３,2023-06-16,合同会社
Ａｒｃｈｉｔｅｃｔ環境株式会社,栃木県那須郡那須町大字豊原丙６０９番地３,2023-06-16,株式会社
ＢｏｒｇＲｏｉｄ株式会社,長野県諏訪郡下諏訪町４７８７番地サンハイツ諏訪湖６０６号室,2023-06-16,株式会社
ＣＩＬＡＮＴＲＯ合同会社,大阪府大阪市阿倍野区丸山通１丁目６‐６,2023-06-16,合同会社
ＣＫ株式会社,東京都渋谷区千駄ヶ谷４丁目１９－１４サンネット千駄ヶ谷ビル３階東,2023-06-16,株式会社
ＣＬＯＵＤ　Ｌ株式会社,富山県富山市総曲輪１丁目２番２０号桜木町センタービル３Ｆ,2023-06-16,株式会社
ＣＵＲＡＤＥＡＲ株式会社,三重県津市末広町９９１番地７,2023-06-16,株式会社
Ｃｈａｉｎ‐Ｍｏｖｉｅｓ株式会社,愛知県名古屋市緑区大高台３丁目８０８番地グリーンヒルズ大高台２－１０２号,2023-06-16,株式会社
Ｃｈｉｃ株式会社,東京都文京区小石川４丁目６番１８－２０５号,2023-06-16,株式会社
ＣｏＧｏＬｉｎｋｓ　Ｊａｐａｎ株式会社,東京都千代田区四番町４番地９新東京国際リーガル内,2023-06-16,株式会社
ＣｏｍＡｐ　Ｊａｐａｎ合同会社,東京都港区赤坂２丁目１４番５号Ｄａｉｗａ赤坂ビル４階,2023-06-16,合同会社
Ｃｏｍｈｕｍａｎ‐Ｑｕａｌｉｔｙ株式会社,東京都渋谷区恵比寿１丁目１５－９－４０３,2023-06-16,株式会社
ＤＡＶＡＯ　ＫＡＮＳＡＩ　ＭＯＲＴＯＲＳ株式会社,兵庫県西脇市黒田庄町前坂１１８９番地,2023-06-16,株式会社
Ｄｒｙ＆Ｃｏ．株式会社,東京都杉並区成田西２丁目１番１１号,2023-06-16,株式会社
ＥＡＲＴＨ株式会社,千葉県千葉市稲毛区小仲台２丁目４番１１号川島ビル１階,2023-06-16,株式会社
ＥＤＲＵＭＳ株式会社,大阪府大阪市大正区三軒家西３丁目４番１６号中山ビル４０８Ａ,2023-06-16,株式会社
ＥＸＯＴＥＣ　ＰＲＯＤＵＣＴ　ＪＡＰＡＮ株式会社,東京都港区港南２丁目１５番１号品川インターシティＡ棟１８階,2023-06-16,株式会社
ＦＬＴＣ株式会社,神奈川県横浜市中区簑沢１０５番地４－２０１,2023-06-16,株式会社
ＧＩＦＴ株式会社,埼玉県吉川市保１丁目２６番地９グリーンパーク吉川Ⅱ１０８号,2023-06-16,株式会社
ＧＲＡＮＸ株式会社,東京都新宿区北新宿１丁目３５番４－７０４号,2023-06-16,株式会社
ＧＵＡＮＧＺＨＯＵ　ＹＥＹＡＮ　ＴＥＣＨＮＯＬＯＧＹ　ＣＯ．，ＬＴＤ,,2023-06-16,外国会社等
Ｇｕａｎｇｚｈｏｕ　Ｈｕａｎｄａｏ　ＮＥＴＷＯＲＫ　ＴＥＣＨＮＯＬＯＧＹ　Ｃｏ．，Ｌｔｄ．,,2023-06-16,外国会社等
Ｇｕａｎｇｚｈｏｕ　Ｒｕｉｋｕ　Ａｕｔｏ　Ｐａｒｔｓ　Ｃｏ．,,2023-06-16,外国会社等
ＨＯＭＥＳＴＡＴＥ　ＪＡＰＡＮ株式会社,東京都渋谷区富ヶ谷１丁目１４番１４号３階,2023-06-16,株式会社
ＨＯＮＧ　ＫＯＮＧ　ＭＯＮＩＣＡ　ＦＵＲＮＩＴＵＲＥ　ＬＩＭＩＴＥＤ,,2023-06-16,外国会社等
Ｈｏｎｇ　Ｋｏｎｇ　Ｓｋｙ　Ｔｏｐ　Ｐｏｗｅｒ　Ｔｅｃｈｎｏｌｏｇｙ　Ｃｏ．，Ｌｉｍｉｔｅｄ,,2023-06-16,外国会社等
Ｈｏｓｔｅｌ　Ｉｎｎ株式会社,東京都港区麻布台２丁目３番５号,2023-06-16,株式会社
Ｊ．ｆｅｌｌｏｗｓ株式会社,京都府京都市南区吉祥院中島町３０番１３号,2023-06-16,株式会社
ＪＡＤＥ合同会社,東京都新宿区原町１丁目３８番地,2023-06-16,合同会社
ＪＡＰＡＮ　ＦＵＴＵＲＥ　ＧＲＯＵＰ合同会社,大阪府大阪市中央区備後町１丁目６番１号,2023-06-16,合同会社
ＪＩＣＣ‐０２株式会社,東京都港区虎ノ門１丁目３番１号,2023-06-16,株式会社
ＪＴＦ　ＴＥＣＨ　ＣＯ．，ＬＩＭＩＴＥＤ,,2023-06-16,外国会社等
ＫＩＹ合同会社,広島県広島市中区西平塚町９番４－４０１,2023-06-16,合同会社
ＫＯＴＯＭＯＴＯ合同会社,神奈川県横浜市青葉区美しが丘１丁目１３番地１０吉村ビル１０７号,2023-06-16,合同会社
Ｋａｍｉ　Ｉｎｔｅｒｎａｔｉｏｎａｌ株式会社,東京都豊島区南大塚２丁目１番１０－１０１Ａ号,2023-06-16,株式会社
Ｌ＆Ｈ　Ｌａｂ合同会社,北海道北広島市大曲幸町４丁目３番地６,2023-06-16,合同会社
ＬＡＶＩＴ株式会社,東京都港区六本木４丁目８番５号５階Ｋａｎｔ．ｃｏ‐ｏｆｆｉｃｅ,2023-06-16,株式会社
Ｌａティダ株式会社,沖縄県中頭郡中城村字当間７８８番地,2023-06-16,株式会社
Ｌｉｎｏ合同会社,北海道札幌市北区北二十五条西８丁目３番１４号,2023-06-16,合同会社
Ｌｕａｎａ　ｌｅ’ａ合同会社,東京都東村山市栄町３丁目３２番地９,2023-06-16,合同会社
ＭＴＶ合同会社,東京都青梅市河辺町５丁目８番地１４,2023-06-16,合同会社
ＭＹＭキャピタル合同会社,神奈川県横浜市青葉区荏田西４丁目２番地５５,2023-06-16,合同会社
Ｍａｒｒｉｃｈ　Ｔｒａｄｉｎｇ合同会社,神奈川県綾瀬市寺尾中３丁目１番２６－４０６号,2023-06-16,合同会社
Ｍｅｄｉｃａｌ　Ｒｈｏｄｕｓ株式会社,東京都新宿区西新宿３丁目３番１３号西新宿水間ビル６階,2023-06-16,株式会社
ＮＡＧＡＲＥ株式会社,三重県名張市つつじが丘南１番町３９番地１０,2023-06-16,株式会社
ＮＡＲＩＴＡ　ＭＯＴＯＲＳ　ＰＴＹ　ＬＴＤ,千葉県長生郡長生村水口１２４１番地３０オフィス６Ａ号,2023-06-16,外国会社等
ＮＥＶＥＲＬＡＮＤ　ＮＥＴＷＯＲＫ　ＴＥＣＨＮＯＬＯＧＹ　ＣＯ．，ＬＩＭＩＴＥＤ,,2023-06-16,外国会社等
ＮＰＯ法人ぼちまる,愛媛県今治市高市甲５５１番地７,2023-06-16,その他の設立登記法人
Ｐｈｉｌｉｐｐｉｎｅｓ　Ａｉｒａｓｉａ　Ｉｎｃ．ｄｏｉｎｇ　ｂｕｓｉｎｅｓｓ　ｕｎｄｅｒ　ｔｈｅ　ｎａｍｅ　ａｎｄ　ｓｔｙｌｅ　ｏｆ　Ａｉｒａｓｉａ,千葉県成田市取香１４８番地１,2023-06-16,外国会社等
ＰｉｘｉＣｒａｆｔ株式会社,神奈川県川崎市川崎区宮前町５番９号４Ｆ,2023-06-16,株式会社
Ｑｕａｎｔｅｘａ　Ｊａｐａｎ株式会社,東京都中央区日本橋室町４丁目３番９号,2023-06-16,株式会社
Ｒ＆Ｍ　ＣＯＲＰＯＲＡＴＩＯＮ合同会社,神奈川県厚木市飯山４８２６－３,2023-06-16,合同会社
ＲＥＢＥＬ　ＣＯＭＰＡＮＹ株式会社,東京都港区六本木３丁目３番１６－２０２号,2023-06-16,株式会社
Ｒａｐｉｄ　Ｌｏｇｉｓｔｉｃｓ　Ｊａｐａｎ株式会社,千葉県習志野市茜浜２丁目１番２号,2023-06-16,株式会社
ＲｅＶｉｌｌａｓ株式会社,大阪府大阪市浪速区敷津西２丁目１３－２,2023-06-16,株式会社
Ｒｅｅｓ　Ａｇｅｎｃｙ株式会社,福岡県福岡市博多区博多駅東２丁目８－６－５Ｆ,2023-06-16,株式会社
Ｒｅｎｅ合同会社,東京都港区北青山１丁目３番１号アールキューブ青山３階,2023-06-16,合同会社
ＳＡＩＴＯＨ　ＴＡＫＥＳＨＩ　ＬＬＣ合同会社,宮城県仙台市泉区紫山４丁目２７番地の６,2023-06-16,合同会社
ＳＡＲＡ　ＰＥＲＦＥＣＴＩＯＮ株式会社,東京都豊島区池袋本町２丁目３３番１６号,2023-06-16,株式会社
ＳＥＤ合同会社,茨城県取手市桜が丘１丁目２９番１２号,2023-06-16,合同会社
ＳＨ合同会社,富山県富山市総曲輪１丁目２番２０号桜木町センタービル８Ｆ,2023-06-16,合同会社
ＳＨＥＮ　ＺＨＥＮ　ＳＨＩ　ＸＩＮ　ＤＵＯ　ＬＥＩ　ＭＡＯ　ＹＩ　ＹＯＵ　ＸＩＡＮ　ＧＯＮＧ　ＳＩ,,2023-06-16,外国会社等
ＳＴグラン株式会社,沖縄県浦添市牧港１丁目２２番１４号１Ｆ,2023-06-16,株式会社
ＳＵＰＥＲ　ＢＥＮＴＯ　ＥＮＴＥＲＴＡＩＮＭＥＮＴ株式会社,東京都世田谷区赤堤４丁目４５番８号上保共同アパート２Ｆ,2023-06-16,株式会社
ＳＷＢＳＥＣＵＲＩＴＹ株式会社,大阪府東大阪市西堤楠町３丁目５番１９号,2023-06-16,株式会社
Ｓｈｅｎｙａｎｇ　ＤＥＷＯ　Ｃｏｍｍｅｒｃｉａｌ　ａｎｄ　Ｔｒａｄｉｎｇ　Ｃｏ．，Ｌｔｄ．,,2023-06-16,外国会社等
Ｓｈｅｎｚｈｅｎ　Ｚｈｏｎｇｆｅｉ　Ｅ－ｃｏｍｍｅｒｃｅ　Ｃｏ．，Ｌｔｄ．,,2023-06-16,外国会社等
Ｓｈｅｎｚｈｅｎ　ｓｈｉ　ｋｅ　ｎｕｏ　ｔｅ　ｓｈａｎｇｍａｏ　ｙｏｕｘｉａｎ　ｇｏｎｇｓｉ,,2023-06-16,外国会社等
Ｓｈｅｎｚｈｅｎｓｈｉ　Ｈｅｎｇｘｉｎｇｗｅｉｔａｉ　Ｋｅｊｉｙｏｕｘｉａｎ　ｇｏｎｇｓｉ,,2023-06-16,外国会社等
Ｓｈｅｎｚｈｅｎｓｈｉｆｅｎｇｃｈｉｄｉａｎｚｉｓｈａｎｇｗｕｙｏｕｘｉａｎｇｏｎｇｓｉ,,2023-06-16,外国会社等
Ｓｔｏｒｙ株式会社,東京都渋谷区代々木２丁目２１－３太閤コーポ２Ｆ,2023-06-16,株式会社
Ｔ＆Ｅ　Ｃｏｍｐａｎｙ株式会社,宮城県塩竈市千賀の台１丁目２番１５号,2023-06-16,株式会社
ＴＦＪ８合同会社,東京都中央区新川１丁目１７番１８号,2023-06-16,合同会社
ＴＭＧ　ＣＡＲＮＥＴ株式会社,千葉県佐倉市王子台５丁目１３番地１マリーナＢ棟２０６,2023-06-16,株式会社
ＴＯＰ　ＰＡＲＴＮＥＲ合同会社,大阪府大阪市城東区鴫野東１丁目８－２０－０１号,2023-06-16,合同会社
ＴＲＹ　ＦＩＲＳＴ株式会社,東京都千代田区外神田１丁目１５番１３号秋葉原Ｂ＆Ｖビル８階,2023-06-16,株式会社
ＴＹ　Ａｄｖｉｓｏｒｙ合同会社,東京都港区南青山３丁目１－３６青山丸竹ビル６Ｆ,2023-06-16,合同会社
ＷＡＣＴＯＲＹホールディングス株式会社,広島県安芸郡府中町茂陰１丁目８番７号,2023-06-16,株式会社
ＷＩＬＬＯＷ株式会社,和歌山県和歌山市布施屋２２０番地,2023-06-16,株式会社
Ｗｅｈｏｐｅ合同会社,大阪府堺市堺区南丸保園３番７号,2023-06-16,合同会社
Ｗｕ　Ｘｉ　Ｙｉ　Ｒｉ　Ｊｉａ　Ｍａｏ　Ｙｉ　Ｙｏｕ　Ｘｉａｎ　Ｇｏｎｇ　Ｓｉ,,2023-06-16,外国会社等
ＸｉａＭｅｎＪｕＨｏｎｇＤａＤｉａｎＺｉＳｈａｎｇＷｕＹｏｕＸｉａｎＧｏｎｇＳｉ,,2023-06-16,外国会社等
Ｙ‐３ホールディングス株式会社,東京都杉並区宮前５丁目２０番２９号,2023-06-16,株式会社
ＹＤＫメカトロニクス株式会社,福井県福井市稲多新町２の７番地,2023-06-16,株式会社
ｆｉｇｕｒｅｓ合同会社,東京都練馬区早宮１丁目２５番２号,2023-06-16,合同会社
ｉｎＢａｓｅ株式会社,東京都目黒区五本木２丁目１３番２号１階,2023-06-16,株式会社
ｍｏｉｘａ株式会社,神奈川県茅ヶ崎市甘沼５６１番地３,2023-06-16,株式会社
ｎａｎｔｏｎｇｄｕｋａｉｄｉａｎｚｉｓｈａｎｇｗｕｙｏｕｘｉａｎｇｏｎｇｓｉ,,2023-06-16,外国会社等
ｎｉｎｇｂｏ　ｂａｉ　ｙｉｎｇ　ｊｉｎ　ｃｈｕ　ｋｏｕ　ｙｏｕ　ｘｉａｎ　ｇｏｎｇ　ｓｉ,,2023-06-16,外国会社等
ｐｕｔｉａｎｓｈｉｑｉｘｉａｍａｏｙｉｙｏｕｘｉａｎｇｏｎｇｓｉ,,2023-06-16,外国会社等
ｑｕａｎｚｈｏｕｓｈｉ　ｈｕａｎｇｙｕ　ｄｉａｎｚｉ　ｓｈａｎｇｗｕ　ｙｏｕｘｉａｎ　ｇｏｎｇｓｉ,,2023-06-16,外国会社等
ｓｈａｎｔｏｕｓｈｉ　ｈａｎｓｈｅｎｇ　ｓｕｌｉａｏ　ｚｈｉｐｉｎ　ｙｏｕｘｉａｎ　ｇｏｎｇｓｉ,,2023-06-16,外国会社等
ｓｈｅｎｚｈｅｎｓｈｉｊｕａｎｃｈｉｓｈａｎｇｍａｏｙｏｕｘｉａｎｇｏｎｇｓｉ,,2023-06-16,外国会社等
ｙｉｗｕｓｈｉｘｕｄｉｎｇｄｉａｎｚｉｓｈａｎｇｗｕｙｏｕｘｉａｎｇｏｎｇｓｉ,,2023-06-16,外国会社等
いづみエンジニアリング株式会社,神奈川県川崎市宮前区菅生６丁目３番１０号,2023-06-19,株式会社
うめとさくらカンパニー株式会社,福岡県小郡市井上１０５４番地５,2023-06-19,株式会社
お掃除．ｃｏｍ株式会社,大阪府大阪市北区国分寺２丁目１番１４－１０階Ｂ,2023-06-19,株式会社
とくとうグループ株式会社,大阪府枚方市春日北町１丁目４１番４号,2023-06-19,株式会社
とねり不動産株式会社,島根県松江市黒田町６３－２４,2023-06-19,株式会社
とも株式会社,山梨県中央市上三條２４３－１３,2023-06-19,株式会社
はなぶさ株式会社,埼玉県川口市大字西新井宿１０４３番２号,2023-06-19,株式会社
ぱるがんぽっと合同会社,長野県飯田市中央通り２丁目２１番地５井上ビル,2023-06-19,合同会社
ひととひと不動産株式会社,兵庫県神戸市東灘区御影３丁目２番１１－１０７号,2023-06-19,株式会社
みーなみ合同会社,沖縄県中頭郡中城村字南上原１３９番地６街区２－３画地,2023-06-19,合同会社
よしお株式会社,福岡県福岡市中央区春吉２丁目１５番３号,2023-06-19,株式会社
アクリルグッズジャパン株式会社,北海道札幌市中央区南三条西６丁目８番地フロントムカイデビル３階,2023-06-19,株式会社
アグリジャパン株式会社,鳥取県米子市淀江町佐陀１７６３番地２,2023-06-19,株式会社
アサカ住設合同会社,千葉県船橋市三山２丁目１３番１号,2023-06-19,合同会社
アスク税理士法人,東京都豊島区池袋２丁目６２番３号明輝ビル８階,2023-06-19,その他の設立登記法人
アディス株式会社,埼玉県草加市八幡町７３９－１,2023-06-19,株式会社
アバンティ株式会社,神奈川県相模原市南区新磯野２丁目１番５号東成ビル４Ｆ,2023-06-19,株式会社
イマチャン合同会社,東京都板橋区幸町２１番１０号レジデンシャル幸町３０３,2023-06-19,合同会社
インディヴィジョン合同会社,埼玉県熊谷市沼黒７０９番地２,2023-06-19,合同会社
ウォーターロックラボ株式会社,東京都文京区本郷３丁目２５番１３号,2023-06-19,株式会社
ウルシ・シップ・ホールディング合同会社,東京都中央区京橋２丁目２番１号,2023-06-19,合同会社
エクレバー・ジャパン株式会社,東京都中央区日本橋本町２丁目２番２号日本橋本町ＹＳビル２階在日フランス商工会議所内,2023-06-19,株式会社
エススリー株式会社,大阪府大阪市此花区酉島１丁目３番１－１２１４号,2023-06-19,株式会社
オプトリビング株式会社,神奈川県横浜市都筑区佐江戸町１７０７番地１,2023-06-19,株式会社
オリビア合同会社,沖縄県那覇市泊３丁目４番１号Ｎａｋａ　ｇｒｏｕｐ　Ｂｌｄｇ．９、３０１号室,2023-06-19,合同会社
クスナ株式会社,東京都中央区日本橋室町１丁目１１番１２号,2023-06-19,株式会社
クラバース株式会社,神奈川県相模原市南区西大沼３丁目１番２３号,2023-06-19,株式会社
クラレザパートナーズ合同会社,東京都渋谷区神泉町１０番１５号,2023-06-19,合同会社
クロス・ギルド合同会社,東京都府中市小柳町４丁目３番地の２,2023-06-19,合同会社
グッドワン株式会社,千葉県四街道市大日５４３番地１２５,2023-06-19,株式会社
ザイコアインターナショナル株式会社,東京都新宿区新宿６丁目７番２２号,2023-06-19,株式会社
ジー・エイチ・ジー・ジャパン合同会社,大阪府池田市満寿美町１０番５号,2023-06-19,合同会社
ゼット・エフ・パッシブ・セーフティ・システムズ・ジャパン株式会社,神奈川県横浜市中区山下町２０９番地,2023-06-19,株式会社
タキグチ測量企画株式会社,山梨県富士吉田市上暮地４丁目２番３号,2023-06-19,株式会社
ダブルアールビー株式会社,神奈川県川崎市多摩区菅野戸呂１６番４号,2023-06-19,株式会社
トレフル合同会社,奈良県桜井市大字粟殿９９－１,2023-06-19,合同会社
ナカヤマコーポレーション株式会社,東京都千代田区神田三崎町２丁目２０番１号石川ビル３０６,2023-06-19,株式会社
ニューステップ合同会社,沖縄県豊見城市宜保４丁目２番地４,2023-06-19,合同会社
ネクストパティオ株式会社,東京都文京区音羽１丁目１２番８号,2023-06-19,株式会社
ハケンＧＹＭ株式会社,東京都中央区日本橋室町１丁目１１番１２号日本橋水野ビル７階,2023-06-19,株式会社
ビンテック合同会社,愛知県小牧市小牧４丁目１４６番地デュオヒルズ小牧７０１号,2023-06-19,合同会社
ピアレスグディス株式会社,東京都足立区千住緑町１丁目２１－１０ジャパンステイ千住１１５号室,2023-06-19,株式会社
ピエモヴェリータ株式会社,山梨県南アルプス市加賀美３２４１番地,2023-06-19,株式会社
ファイブシングス合同会社,兵庫県明石市藤江１０５６番地の１,2023-06-19,合同会社
ファルコンテック合同会社,大阪府大阪市淀川区加島４丁目１０番１６号,2023-06-19,合同会社
ファーストエイト株式会社,北海道札幌市豊平区福住一条９丁目２番１０号,2023-06-19,株式会社
ブルージー・テクノロジー株式会社,東京都千代田区神田佐久間町３丁目２８星野ビル５０３号,2023-06-19,株式会社
ボーデンネット・ジャパン合同会社,大阪府池田市満寿美町１０番５号,2023-06-19,合同会社
マルシェ株式会社,埼玉県川口市芝中田２丁目８番１０号,2023-06-19,株式会社
マークベース株式会社,埼玉県川口市本町４丁目７番２１号,2023-06-19,株式会社
メトリックホールディングス株式会社,北海道札幌市中央区南一条西６丁目１１番地札幌北辰ビル,2023-06-19,株式会社
モリモト石材合同会社,大阪府和泉市春木町３－１,2023-06-19,合同会社
ユアサ運送株式会社,埼玉県さいたま市緑区松木２丁目２６番地１８,2023-06-19,株式会社
ヨスガコンサルティング合同会社,埼玉県狭山市祇園２１番６号,2023-06-19,合同会社
リノネム合同会社,大阪府大阪市住吉区清水丘１丁目４－２４,2023-06-19,合同会社
レイズ合同会社,大阪府門真市舟田町４番１９号,2023-06-19,合同会社
ロータス株式会社,東京都立川市曙町３丁目２０番６号レオパレスゴールデンベセル２０４号,2023-06-19,株式会社
一般社団法人あぶナビ,山口県阿武郡阿武町大字奈古２２４８番地１,2023-06-19,その他の設立登記法人
一般社団法人たぬき,岐阜県郡上市和良町宮代１０３８番地２,2023-06-19,その他の設立登記法人
一般社団法人アシアトウアン協会,兵庫県神戸市東灘区本山北町４丁目９番４１号,2023-06-19,その他の設立登記法人
一般社団法人アートフェスティバル,青森県弘前市大字駒越字村元１７番地４,2023-06-19,その他の設立登記法人
一般社団法人ギター文化推進協議会,茨城県石岡市柴間４３１番地３５,2023-06-19,その他の設立登記法人
一般社団法人ジーエフ・ワークス,栃木県足利市中川町５番地１,2023-06-19,その他の設立登記法人
一般社団法人バスケットスクールＨＩＧＨ　ＲＡＩＳＥ,福岡県福岡市博多区住吉２丁目４－７レジデンス博多１１０５,2023-06-19,その他の設立登記法人
一般社団法人ポジティヴヘルスジャパン,長野県北佐久郡軽井沢町大字発地１２７４番地１１３,2023-06-19,その他の設立登記法人
一般社団法人リジェーネ,東京都新宿区若葉１丁目１４番地,2023-06-19,その他の設立登記法人
一般社団法人健康な食事・食環境コンソーシアム,埼玉県坂戸市千代田３丁目９番２１号,2023-06-19,その他の設立登記法人
一般社団法人大田臨海部まちづくり推進法人,東京都大田区東海２丁目２番１号株式会社大田花き内,2023-06-19,その他の設立登記法人
一般社団法人日本投資協会,東京都中央区日本橋兜町７番１号ＫＡＢＵＴＯＯＮＥ９Ｆ,2023-06-19,その他の設立登記法人
一般社団法人日本文章表現協会,大阪府大阪市北区梅田１丁目２番２号大阪駅前第２ビル１２－１２,2023-06-19,その他の設立登記法人
一般社団法人日本看護メディカル美容研究所,東京都港区南青山３丁目１番３６号青山丸竹ビル６Ｆ,2023-06-19,その他の設立登記法人
一般社団法人日本骨格ケア推進センター,岡山県真庭市三崎４７番地１０,2023-06-19,その他の設立登記法人
一般社団法人泌尿器科学術研究会,京都府京都市左京区聖護院川原町５４京都大学医学部附属病院泌尿器科,2023-06-19,その他の設立登記法人
一般社団法人福祉葬送,栃木県那須塩原市上厚崎４５７番地９,2023-06-19,その他の設立登記法人
一般社団法人美しい日本を作る会,埼玉県さいたま市岩槻区大字掛５５５番地１０,2023-06-19,その他の設立登記法人
一般社団法人聖籠町発酵食品を楽しむ会,新潟県新潟市東区紫竹５丁目５番６号,2023-06-19,その他の設立登記法人
一般社団法人虹の会いちかわさんち,静岡県湖西市南台３丁目６番１８号,2023-06-19,その他の設立登記法人
一般社団法人谷原門中,沖縄県那覇市字小禄３５６番地,2023-06-19,その他の設立登記法人
一般社団法人近隣トラブル対策支援機構,東京都港区西新橋１丁目１－１,2023-06-19,その他の設立登記法人
一般社団法人０村ＣＣ,福岡県北九州市小倉南区湯川新町２丁目１０番２８号,2023-06-19,その他の設立登記法人
一般社団法人ＩＴ文化推進機構,東京都中央区銀座１丁目１２番４号Ｎ＆ＥＢＬＤ．６Ｆ,2023-06-19,その他の設立登記法人
一般社団法人ＭＳＣエクソソーム療法研究会,東京都中央区日本橋３丁目５番１２号ヒューリック八重洲通ビル３Ｆ,2023-06-19,その他の設立登記法人
一般財団法人地域医療推進センター尾北,愛知県一宮市緑５丁目２番１８号,2023-06-19,その他の設立登記法人
三泉合同会社,兵庫県芦屋市東山町１４番１９号,2023-06-19,合同会社
下園電設株式会社,岡山県岡山市南区築港新町２丁目７番２号,2023-06-19,株式会社
不動産管理アライ株式会社,埼玉県新座市野火止２丁目２番１８号,2023-06-19,株式会社
丸羽興業株式会社,埼玉県北葛飾郡松伏町田中１丁目１６番地３２,2023-06-19,株式会社
住友生命２０２３基金流動化株式会社,東京都千代田区丸の内３丁目１番１号東京共同会計事務所内,2023-06-19,株式会社
信長株式会社,埼玉県川口市並木３丁目２３番２５－９０３号,2023-06-19,株式会社
優輝建設株式会社,熊本県熊本市東区戸島５丁目１２番６号,2023-06-19,株式会社
光那合同会社,兵庫県神戸市垂水区大町２丁目６番Ｃ－３０４号,2023-06-19,合同会社
励耘株式会社,大阪府大阪市東成区神路４丁目３－１０スター・レジデンス新深江２０５号室,2023-06-19,株式会社
労働者協同組合コトノワ,熊本県玉名市上小田３７１番地,2023-06-19,その他の設立登記法人
医療法人夢花会,秋田県秋田市大町１丁目２番７号サンパティオ大町Ａ棟２階Ａ号室,2023-06-19,その他の設立登記法人
医療法人清睦会,宮城県名取市増田３丁目８番６７号,2023-06-19,その他の設立登記法人
医療法人社団鈴蘭会,千葉県千葉市稲毛区小仲台２丁目５番３号稲栄ビル１階・５階・６階・７階,2023-06-19,その他の設立登記法人
友聯株式会社,大阪府大阪市中央区船越町１丁目５番８－４０６号,2023-06-19,株式会社
合同会社あやめ,埼玉県八潮市大字鶴ケ曽根１４８４番地５,2023-06-19,合同会社
合同会社いろは,奈良県奈良市学園大和町３丁目５番地,2023-06-19,合同会社
合同会社げんきの伝播,埼玉県三郷市谷口５２３番地４,2023-06-19,合同会社
合同会社ことり社,東京都板橋区徳丸４丁目２５番２０‐２０５号,2023-06-19,合同会社
合同会社ごえん,島根県出雲市武志町６４５番地２,2023-06-19,合同会社
合同会社はるいろ,岡山県倉敷市老松町３丁目１４番３３号,2023-06-19,合同会社
合同会社もく,東京都江東区豊洲６丁目２－２９－１４１７,2023-06-19,合同会社
合同会社アクトライズ,岐阜県岐阜市琴塚４丁目３番３３号,2023-06-19,合同会社
合同会社アトラス,東京都中央区日本橋１丁目４番１号,2023-06-19,合同会社
合同会社アナリブ,山梨県韮崎市富士見３丁目９番１４号,2023-06-19,合同会社
合同会社エクセルバランス,静岡県浜松市東区笠井町３６番地１,2023-06-19,合同会社
合同会社エボリューション,東京都目黒区中目黒４丁目８－２５－９１０,2023-06-19,合同会社
合同会社エメラギア,神奈川県相模原市南区相模大野４丁目５―９―９０１,2023-06-19,合同会社
合同会社エール鍼灸訪問マッサージ,東京都足立区加平１丁目７－１２フィオーレ北綾瀬４０５,2023-06-19,合同会社
合同会社オールメンテ,沖縄県那覇市宇栄原５丁目３０番－２号,2023-06-19,合同会社
合同会社クローバー,千葉県大網白里市みやこ野１丁目３－１５,2023-06-19,合同会社
合同会社サジタリウス,埼玉県北足立郡伊奈町本町２丁目３１番地,2023-06-19,合同会社
合同会社サットワン,大阪府大阪市住之江区南港北２丁目１番１０号ＡＴＣビルＩＴＭ棟３階Ｄ－１,2023-06-19,合同会社
合同会社スタジオ１０１,埼玉県さいたま市見沼区東大宮４丁目５８番地８ジョイナス東大宮１０１,2023-06-19,合同会社
合同会社トムズ,埼玉県児玉郡上里町大字神保原町５７５－２,2023-06-19,合同会社
合同会社ナチュール,長崎県五島市籠淵町２４５０番地１,2023-06-19,合同会社
合同会社ノルデスタアセット,北海道札幌市豊平区月寒西四条５丁目２－１０,2023-06-19,合同会社
合同会社フリースタイル,滋賀県高島市新旭町旭８９３番地３,2023-06-19,合同会社
合同会社ボックス・ワン,埼玉県草加市神明１丁目１番地３号ネバーランド草加４０５,2023-06-19,合同会社
合同会社マルブリッジ,埼玉県川口市西川口１丁目２４番５号レガーロ西川口駅前５０１,2023-06-19,合同会社
合同会社リップルマーク,新潟県新潟市中央区女池６丁目８番１２号サンライフＫａｎｚａｗａＡ棟１０１号,2023-06-19,合同会社
合同会社リラクティブマインド,東京都江東区南砂２丁目４番２５－４１９号,2023-06-19,合同会社
合同会社ロクラ,東京都港区浜松町２丁目２番１５号浜松町ダイヤビル２Ｆ,2023-06-19,合同会社
合同会社三珠,千葉県船橋市宮本３丁目８番２８号昭和コーポ１０７号,2023-06-19,合同会社
合同会社仕合,大阪府和泉市室堂町８４１番地の９,2023-06-19,合同会社
合同会社伊佐設計工房,沖縄県うるま市字赤道１７３番地２丸博ビル２Ｆ,2023-06-19,合同会社
合同会社会縁,埼玉県さいたま市南区神明１丁目１０番７号,2023-06-19,合同会社
合同会社大洋,奈良県奈良市三条添川町１番５号,2023-06-19,合同会社
合同会社天鶏,東京都江東区白河４丁目９番１５－１３０６号,2023-06-19,合同会社
合同会社山陽商会,岡山県赤磐市神田６１７番地２,2023-06-19,合同会社
合同会社康盛,三重県多気郡多気町朝柄２９６５番地１,2023-06-19,合同会社
合同会社康輝,埼玉県坂戸市伊豆の山町２１番地３９ＫＩＶオフィス伊豆の山２号棟Ｂ号室,2023-06-19,合同会社
合同会社彩喜,埼玉県越谷市大字弥十郎５００番地１０,2023-06-19,合同会社
合同会社我逢人,大阪府大阪市浪速区日本橋５丁目４－２０エスタビル５－Ｂ,2023-06-19,合同会社
合同会社月のひかり,東京都港区南青山２丁目２番１５号,2023-06-19,合同会社
合同会社未来会計プロジェクト,東京都品川区西五反田２丁目２４番４号,2023-06-19,合同会社
合同会社紬,埼玉県羽生市南羽生２丁目１２番地６,2023-06-19,合同会社
合同会社雄喜,埼玉県朝霞市溝沼７丁目４番２５号,2023-06-19,合同会社
合同会社ＡＤＯ,千葉県千葉市中央区富士見１丁目６－２冨士見第二ビル４階,2023-06-19,合同会社
合同会社ＡＩＣｏｎｎｅｃｔ,東京都中野区中野２丁目１４－２６千光荘２０３,2023-06-19,合同会社
合同会社ＡＫＩＲＡ２３,埼玉県越谷市レイクタウン１丁目２１番地１,2023-06-19,合同会社
合同会社ＡＬＡ,東京都中央区銀座１丁目１２－４Ｎ＆ＥＢＬＤ．７階,2023-06-19,合同会社
合同会社ＢＥＲＥＩＴ,埼玉県さいたま市大宮区北袋町１丁目２５０番地の６,2023-06-19,合同会社
合同会社Ｂｉｇ　Ｃａｓｔｌｅ,愛知県名古屋市東区東桜１丁目６番３号,2023-06-19,合同会社
合同会社Ｂｒｅｅｚｉｅ,鳥取県鳥取市湯所町１丁目４０７番地２,2023-06-19,合同会社
合同会社ＣＩＲＣＬＥ　ＰＯＲＴ,東京都渋谷区神泉町１０番１５号,2023-06-19,合同会社
合同会社Ｃａｔｒｉｓｅ,埼玉県坂戸市浅羽野３丁目２番地７ＫＩＳ亜洲商会館坂戸Ｃ号室,2023-06-19,合同会社
合同会社Ｃｒｅｓｃｅｎｔｅ,東京都中央区晴海２丁目３番３０－１１１３号,2023-06-19,合同会社
合同会社ＥＺキャリア,大阪府大阪市西成区中開３丁目４番１１号,2023-06-19,合同会社
合同会社ＦＥＷＳＭ,東京都渋谷区本町６丁目３０－１３本町グリーンハイツ１０１,2023-06-19,合同会社
合同会社ＨＡＩ　ＤＡＮＧ　ＧＲＯＵＰ,埼玉県熊谷市桜木町１丁目４８コーエービル１Ｆ,2023-06-19,合同会社
合同会社ＨＫＴ開発,神奈川県川崎市幸区塚越４丁目３４５番１－１０２６号,2023-06-19,合同会社
合同会社ＨＭ　ＴＲＡＤＥＲＳ,栃木県足利市小俣町２４０番地１,2023-06-19,合同会社
合同会社ＩＮ,埼玉県ふじみ野市上福岡１丁目２番１７号上福岡第二ビル３Ｆ,2023-06-19,合同会社
合同会社ＩＮＵ‐Ｈａｃｋｅｒ,東京都渋谷区道玄坂１丁目１０番８号渋谷道玄坂東急ビル２Ｆ－Ｃ,2023-06-19,合同会社
合同会社Ｋ４クリエイト,千葉県市川市行徳駅前１丁目１６番３号花房ビル２階,2023-06-19,合同会社
合同会社ＫＥパワー２５,東京都千代田区霞が関３丁目２番１号霞が関コモンゲート西館２２階株式会社Ｋエナジー内,2023-06-19,合同会社
合同会社ＫＥパワー２６,東京都千代田区霞が関３丁目２番１号霞が関コモンゲート西館２２階株式会社Ｋエナジー内,2023-06-19,合同会社
合同会社ＫＥパワー２７,東京都千代田区霞が関３丁目２番１号霞が関コモンゲート西館２２階株式会社Ｋエナジー内,2023-06-19,合同会社
合同会社ＫＥパワー２８,東京都千代田区霞が関３丁目２番１号霞が関コモンゲート西館２２階株式会社Ｋエナジー内,2023-06-19,合同会社
合同会社ＫＨＹシステム,滋賀県野洲市野田１８４２番地１,2023-06-19,合同会社
合同会社ＬＩＢＥＲＴＡ,埼玉県さいたま市大宮区桜木町２丁目３番地大宮マルイ７階,2023-06-19,合同会社
合同会社Ｌｏｇｒａｍ　Ｂｒｅｗｉｎｇ,東京都世田谷区中町４丁目１８番５号,2023-06-19,合同会社
合同会社Ｌｏｏｋ　ｕｐ,埼玉県三郷市早稲田５丁目５番地１ＬＭ三郷早稲田公園２０６号室,2023-06-19,合同会社
合同会社ＭＣＣ,埼玉県さいたま市大宮区大門町２丁目２５番地１１ＴＭＯ南棟１０２,2023-06-19,合同会社
合同会社ＭＳＫ,愛知県名古屋市緑区森の里１丁目９６番地の４,2023-06-19,合同会社
合同会社Ｍｅｄｉａ　ｏｆ　Ｌａｎｇｕｅ,東京都渋谷区道玄坂１丁目１０番８号渋谷道玄坂東急ビル２Ｆ－Ｃ,2023-06-19,合同会社
合同会社Ｍｅｄｉｃａｌ　Ｒｉｖｅｒ　Ｊａｐａｎ,東京都立川市富士見町１丁目３５－１３－８１２,2023-06-19,合同会社
合同会社Ｍｏｘｉｅ,宮城県仙台市青葉区春日町７番３１－３０２号,2023-06-19,合同会社
合同会社Ｎ＆Ａｓｓｏｃｉａｔｅｓ,東京都港区虎ノ門１丁目１番地２１号新虎ノ門実業会館５階,2023-06-19,合同会社
合同会社ＮＫゆいまーる,埼玉県さいたま市南区白幡６丁目９番８号,2023-06-19,合同会社
合同会社Ｎｅｗ　Ａｇｅ,兵庫県尼崎市常吉２丁目１５番５－２０１号,2023-06-19,合同会社
合同会社Ｏ．ＥＬ　ＳＨＡＤＤＡＩ　ＧＬＯＢＡＬ　ＳＥＲＶＩＣＥＳ,大阪府岸和田市内畑町６２１番地,2023-06-19,合同会社
合同会社ＯＢテクノ,広島県福山市東村町字永松６８３番１号,2023-06-19,合同会社
合同会社ＰＳＬｉｆｅ,埼玉県鴻巣市原馬室２０５－７,2023-06-19,合同会社
合同会社Ｐｒｏｄｅｐｃｏ,東京都国立市西２丁目２３番地の６２,2023-06-19,合同会社
合同会社ＲＦ,東京都港区海岸１丁目１番１－４２０８号,2023-06-19,合同会社
合同会社ＳＨＫ,北海道札幌市中央区北五条西２８丁目３番１－８０１号,2023-06-19,合同会社
合同会社ＳＭＢ,東京都目黒区三田１丁目４番４－２０１２号恵比寿ビュータワー,2023-06-19,合同会社
合同会社ＴＡＩＨＯ,東京都葛飾区四つ木１丁目２０番２号エムエス四ツ木ビル３０１,2023-06-19,合同会社
合同会社ＴＯＮＩＴＯＹ,大阪府池田市緑丘１丁目４番１８－４０２号プロシード池田・緑丘,2023-06-19,合同会社
合同会社ＴＳＵＮＡＧＡＲＩ,東京都渋谷区渋谷２丁目１９番１５号宮益坂ビルディング６０９,2023-06-19,合同会社
合同会社Ｕｎｉｔ,埼玉県さいたま市大宮区桜木町２丁目３番地大宮マルイ７階,2023-06-19,合同会社
合同会社ＷｏｒｋｉｎｇＭａｎａｇｅｍｅｎｔ,神奈川県藤沢市高倉１１９６－１,2023-06-19,合同会社
合同会社ＹＡＭＡＭＯＲＩ,栃木県鹿沼市下久我７１２番地,2023-06-19,合同会社
合同会社ＺＥＮＢＩＯ,神奈川県横浜市青葉区さつきが丘１１番地３２,2023-06-19,合同会社
合同会社ａｃｒｏｗｏｒｋ,兵庫県神戸市中央区宮本通７丁目２番２２号ファーストフィオーレ三宮イーストⅡ１０１,2023-06-19,合同会社
合同会社ａｔｍａｒｋ　ｓａｋｉ,広島県福山市川口町５丁目２０番１３号,2023-06-19,合同会社
合同会社ｉｅＣＯＮＮＥＣＴソリューションズ,東京都港区麻布十番１丁目３－７－６０２,2023-06-19,合同会社
合同会社ｏｎｏｎｏ,千葉県流山市野々下３丁目９４８番地の８,2023-06-19,合同会社
合同会社ｓａｏｒｓａ,東京都小平市上水本町４丁目２２－２－８０９,2023-06-19,合同会社
合同会社ｓｗｉｍｍｙ,東京都中央区銀座３丁目３番１４号,2023-06-19,合同会社
和光コーポレーション株式会社,大阪府和泉市鶴山台４丁目１０番６号,2023-06-19,株式会社
和寒町地域担い手育成センター運営協議会,北海道上川郡和寒町字日ノ出４番地,2023-06-19,その他
城藤興業株式会社,千葉県柏市南逆井１丁目１３番５３号フェアリー・ローズⅠ－１０３号,2023-06-19,株式会社
大川工業株式会社,奈良県奈良市西登美ヶ丘６丁目１２番１号,2023-06-19,株式会社
大樹熟成チーズ株式会社,北海道広尾郡大樹町西本通１２番地,2023-06-19,株式会社
大永メンテナンス株式会社,和歌山県西牟婁郡白浜町保呂３２２番地の３,2023-06-19,株式会社
大阪湾ＬＮＧシッピング株式会社,大阪府大阪市中央区平野町４丁目１番２号,2023-06-19,株式会社
天行株式会社,東京都練馬区錦２丁目１０－１６－１０３号,2023-06-19,株式会社
安心水草合同会社,静岡県掛川市吉岡４８番３,2023-06-19,合同会社
御徳蓄電所合同会社,東京都千代田区丸の内３丁目１番１号東京共同会計事務所内,2023-06-19,合同会社
徳友株式会社,埼玉県熊谷市河原町１丁目２６番地プラスコート熊谷５０５,2023-06-19,株式会社
徳懿物藏株式会社,大阪府大阪市中央区船越町１丁目５－８－４０５号室,2023-06-19,株式会社
心愛運送株式会社,栃木県宇都宮市御幸ケ原町１１７番地８テツカハイツ５－１０１号室,2023-06-19,株式会社
拓親株式会社,沖縄県浦添市安波茶１丁目３９番７号,2023-06-19,株式会社
新千歳空港サービス株式会社,東京都大田区平和島６丁目１番１号,2023-06-19,株式会社
新成工業株式会社,岐阜県揖斐郡揖斐川町和田字井戸尻３２２番地５,2023-06-19,株式会社
新興和製薬株式会社,東京都荒川区南千住３丁目２７－２浅草ビル５０８,2023-06-19,株式会社
日本Ｍｅｔａｌｉｅｎ株式会社,東京都墨田区立川３丁目６番１２－５０４号,2023-06-19,株式会社
日錦貿易株式会社,千葉県山武市松尾町借毛本郷２３６４－１６ルーミー松尾階１０２号室,2023-06-19,株式会社
易通合同会社,埼玉県戸田市喜沢２丁目８番地の５５,2023-06-19,合同会社
暢移株式会社,東京都目黒区碑文谷５丁目２－５Ｔ＆Ａビル５Ｆ,2023-06-19,株式会社
朗詩株式会社,大阪府大阪市中央区高津３丁目８－１９スター・レジデンス黒門９０５号室,2023-06-19,株式会社
東海岸生コンクリート株式会社,兵庫県尼崎市東海岸町１番地１４,2023-06-19,株式会社
栄合同会社,埼玉県草加市新里町８９５番地サングランデ１－１０１号,2023-06-19,合同会社
株式会社あいシステムデザイン,栃木県宇都宮市簗瀬町１７８５番地３９,2023-06-19,株式会社
株式会社あかねいろ,秋田県横手市朝日が丘１丁目２番２号,2023-06-19,株式会社
株式会社あったまりん,愛知県豊川市小田渕町３丁目７１番地の２,2023-06-19,株式会社
株式会社お肉のがなは,沖縄県国頭郡本部町字谷茶２８番地７,2023-06-19,株式会社
株式会社かずもとや,大阪府泉大津市松之浜町２丁目１２番２７－５号,2023-06-19,株式会社
株式会社からだ柔健,神奈川県足柄下郡湯河原町土肥３丁目８番地の１７,2023-06-19,株式会社
株式会社しも,東京都墨田区業平４丁目６番１３号,2023-06-19,株式会社
株式会社じん,北海道釧路市弥生２丁目１０番６号,2023-06-19,株式会社
株式会社ちさの,北海道虻田郡ニセコ町字本通１３７番地,2023-06-19,株式会社
株式会社とら吉,埼玉県新座市野寺５丁目１番２８号,2023-06-19,株式会社
株式会社にしき家,千葉県市原市西五所８番地１０,2023-06-19,株式会社
株式会社はちゃめちゃ,東京都千代田区神田佐久間町３丁目１６番地２００７,2023-06-19,株式会社
株式会社はなみずき,熊本県熊本市東区上南部１丁目１６番７２号,2023-06-19,株式会社
株式会社ふっか,福岡県福岡市中央区大名２丁目４番３８号,2023-06-19,株式会社
株式会社まなべ療育センター,神奈川県海老名市東柏ケ谷５丁目１番１５号スターライトビル２０１,2023-06-19,株式会社
株式会社まる吉,福島県福島市御山字中屋敷１１５番地の１,2023-06-19,株式会社
株式会社みなみ,神奈川県相模原市中央区東淵野辺２丁目７番８－１号,2023-06-19,株式会社
株式会社みらい保温,茨城県つくばみらい市伊丹２８３１番地,2023-06-19,株式会社
株式会社ものづくり住宅,鹿児島県薩摩郡さつま町轟町２４番地４,2023-06-19,株式会社
株式会社アキレア,埼玉県新座市栄５丁目１０番８号,2023-06-19,株式会社
株式会社アクアテック,岐阜県岐阜市西川手１丁目６９番地,2023-06-19,株式会社
株式会社アップロード,北海道札幌市豊平区月寒東三条１６丁目２番１２号,2023-06-19,株式会社
株式会社アルゴインサイト,東京都港区三田２丁目８番１２－６０３号,2023-06-19,株式会社
株式会社アルマ設計建築企画,千葉県千葉市美浜区中瀬１丁目３番地幕張テクノガーデンＣＢ棟３階ＭＢＰ,2023-06-19,株式会社
株式会社アンリトゥン,大阪府大阪市西区京町堀１丁目１４－２４タツト靭公園ビル４０２,2023-06-19,株式会社
株式会社アールステージ,熊本県熊本市中央区萩原町９番９１－８０２号,2023-06-19,株式会社
株式会社アールレーシング,滋賀県草津市南草津２丁目４－１ジオ南草津フロントステージ９０３,2023-06-19,株式会社
株式会社ウェルコピ,千葉県千葉市中央区仁戸名町３番地７,2023-06-19,株式会社
株式会社エコグランド,千葉県船橋市西習志野３丁目２０番１２号,2023-06-19,株式会社
株式会社エス・イー・プロパティ,東京都世田谷区太子堂２丁目７番６号,2023-06-19,株式会社
株式会社エドホールディングス,東京都江戸川区南小岩５丁目４番１６号,2023-06-19,株式会社
株式会社エドモンド,新潟県新潟市中央区弁天橋通２丁目２０番２５号宮ノ下荘２０３号,2023-06-19,株式会社
株式会社エヌワンポテト,鹿児島県大島郡伊仙町大字検福１１８番地,2023-06-19,株式会社
株式会社エムワイティ,北海道札幌市西区発寒八条１４丁目５１４番地４８,2023-06-19,株式会社
株式会社オフィス・グリーン,神奈川県横浜市港北区高田東４丁目５番２号,2023-06-19,株式会社
株式会社オリネット,北海道登別市カルルス町１６番地,2023-06-19,株式会社
株式会社オートミ,東京都文京区大塚３丁目１番１１号,2023-06-19,株式会社
株式会社カザン建設,埼玉県川越市大字下広谷５２５番地１１,2023-06-19,株式会社
株式会社カタロク,東京都港区西新橋２丁目２番７号ＭＡＲＹＳＯＬビル４階,2023-06-19,株式会社
株式会社ガレージ・スズキ,愛知県安城市新田町郷東３９番地４,2023-06-19,株式会社
株式会社クローバー,鹿児島県鹿児島市山田町１５３３番地２,2023-06-19,株式会社
株式会社グリーンベーダー,山梨県甲府市里吉１丁目８番１６号,2023-06-19,株式会社
株式会社ケアリー東北,宮城県仙台市宮城野区幸町２丁目２３番１号,2023-06-19,株式会社
株式会社ケントマネージＨＤ,滋賀県野洲市三上８３０番地,2023-06-19,株式会社
株式会社ゴールデンカムラック,福岡県福岡市博多区吉塚７丁目２－２３ロジテックスａ棟ａ５,2023-06-19,株式会社
株式会社サングリーン沖縄,沖縄県糸満市字喜屋武１８１７番地の１,2023-06-19,株式会社
株式会社シマソル,沖縄県那覇市古波蔵３丁目１番１－４０５号,2023-06-19,株式会社
株式会社シンプル不動産,北海道札幌市白石区北郷二条３丁目１番１７号,2023-06-19,株式会社
株式会社シーク,埼玉県川口市幸町２丁目１３番１７号,2023-06-19,株式会社
株式会社シートテックホームズ,埼玉県鶴ヶ島市大字三ツ木１８番地１６,2023-06-19,株式会社
株式会社ジェサップ・ジャパン,東京都墨田区両国４丁目７番１１ー５０１号かがみキャッスル,2023-06-19,株式会社
株式会社ジョイエイト,千葉県千葉市美浜区稲毛海岸５丁目２番２号２１２,2023-06-19,株式会社
株式会社ジーユー,東京都千代田区神田錦町３丁目１８寿ビル７階,2023-06-19,株式会社
株式会社スタイルラボホームズ,滋賀県近江八幡市金剛寺町３０３番地２,2023-06-19,株式会社
株式会社スノーブル,神奈川県綾瀬市寺尾釜田２丁目１番５号,2023-06-19,株式会社
株式会社スマイル,愛知県安城市横山町赤子８２番地２,2023-06-19,株式会社
株式会社スマート,福岡県北九州市小倉北区片野２丁目９番１８号,2023-06-19,株式会社
株式会社スマートグランツ,大阪府大阪市北区中津５丁目１２－２デンクマール６５－３０１,2023-06-19,株式会社
株式会社セカンド,大阪府大阪市中央区南本町１丁目５隅谷ビル４階,2023-06-19,株式会社
株式会社ダイナモ,東京都新宿区百人町２丁目２４番１号羽黒ビル３階Ｂ室,2023-06-19,株式会社
株式会社ティガー,北海道千歳市高台２丁目８番１０号,2023-06-19,株式会社
株式会社ティーエー商会,埼玉県桶川市大字川田谷２２１番地８－２Ｆ,2023-06-19,株式会社
株式会社ティークリエイティブ,東京都中央区日本橋浜町３丁目２３番１１号プライム浜町ビル３階,2023-06-19,株式会社
株式会社テクノス,滋賀県大津市富士見台４９番１号,2023-06-19,株式会社
株式会社ディーライン,埼玉県川越市仙波町１丁目４番１２号,2023-06-19,株式会社
株式会社デザインライフ,埼玉県桶川市坂田西２丁目４８－１０,2023-06-19,株式会社
株式会社トムアンドジェリー,北海道苫小牧市新明町５丁目２番２号,2023-06-19,株式会社
株式会社トリケラトプス,大阪府大阪市中央区日本橋１丁目４番１２号,2023-06-19,株式会社
株式会社トリプラス,埼玉県北本市本町６丁目１６３番地,2023-06-19,株式会社
株式会社ドット,埼玉県戸田市本町４丁目４－６ＴＢＣ,2023-06-19,株式会社
株式会社ドレスサロンジューン,山形県酒田市ゆたか１丁目１５番１８,2023-06-19,株式会社
株式会社ナンバーセブン,埼玉県草加市手代３丁目５４番４１号,2023-06-19,株式会社
株式会社ニッキグラフィカ,山梨県甲府市里吉４丁目１番１号,2023-06-19,株式会社
株式会社ハイローズ,埼玉県さいたま市大宮区東町２丁目１２２番地４,2023-06-19,株式会社
株式会社ハキュー．インク,東京都豊島区東池袋１丁目３４番５号,2023-06-19,株式会社
株式会社ハッピーヘルパー,京都府京都市西京区大枝沓掛町２番１２,2023-06-19,株式会社
株式会社バヤシ,群馬県沼田市白沢町上古語父１３３７番地１,2023-06-19,株式会社
株式会社パトリシア,京都府京都市右京区西京極徳大寺団子田町６２番地１３,2023-06-19,株式会社
株式会社ビーフィールド,東京都墨田区八広４丁目４０番１号,2023-06-19,株式会社
株式会社ファーストエス,東京都大田区久が原６丁目１２番１４号,2023-06-19,株式会社
株式会社ファーストストーリー,北海道千歳市東雲町３丁目１番地１７,2023-06-19,株式会社
株式会社ファーストタイムリレーション,東京都中央区日本橋２丁目１－１７,2023-06-19,株式会社
株式会社フィールド,福島県郡山市希望ヶ丘１１－２さくらビル１０２,2023-06-19,株式会社
株式会社フュージョン,愛知県名古屋市中川区尾頭橋１丁目３番８号,2023-06-19,株式会社
株式会社フリースーツ石垣,沖縄県石垣市字大川２７８番地ＴＡＭＡビルⅡ２０１号,2023-06-19,株式会社
株式会社ブライトライト,岐阜県岐阜市達目洞２４番地３４,2023-06-19,株式会社
株式会社ベイスラボ,東京都千代田区神田小川町３丁目７番３号,2023-06-19,株式会社
株式会社ベリーホットネットワーク,北海道札幌市中央区北五条東３丁目１－２０－１２０５,2023-06-19,株式会社
株式会社ホエールミート,大阪府大阪市福島区野田４丁目５番１３号,2023-06-19,株式会社
株式会社ホクダイプラス,神奈川県横浜市青葉区青葉台２丁目１０番地３,2023-06-19,株式会社
株式会社ホーネスト,埼玉県和光市白子３丁目２０番１１－５１３号,2023-06-19,株式会社
株式会社ホームテック,神奈川県横浜市港北区新横浜２丁目１４番８号オフィス新横浜２１０号室,2023-06-19,株式会社
株式会社マカチョーケ,沖縄県石垣市字川平内原４９３番１,2023-06-19,株式会社
株式会社マスターズリンク,大阪府大阪市中央区淡路町２丁目１－１堺筋千島ビル６階,2023-06-19,株式会社
株式会社ミセル,大阪府大阪市北区中之島３丁目１－８,2023-06-19,株式会社
株式会社ムツミコーポレーション,福島県郡山市逢瀬町多田野字上山田原９５番地,2023-06-19,株式会社
株式会社メイクプロ,東京都渋谷区渋谷３丁目１番１号,2023-06-19,株式会社
株式会社メディアタイムズ,東京都中央区京橋３丁目１番１号,2023-06-19,株式会社
株式会社モアベル,兵庫県尼崎市尾浜町３丁目２９番１７号１Ｆ,2023-06-19,株式会社
株式会社モイスティーヌＫｏａ,千葉県千葉市稲毛区稲毛町５丁目６０番地８稲毛台サンハイツＡ棟４０５号,2023-06-19,株式会社
株式会社ユカリス,大阪府高槻市淀の原町１０番２号,2023-06-19,株式会社
株式会社ライタス,神奈川県藤沢市湘南台４丁目７－８－３０６,2023-06-19,株式会社
株式会社ラフター,埼玉県新座市栄２丁目２番１４号,2023-06-19,株式会社
株式会社ラフトホールディングス,兵庫県神戸市須磨区古川町１丁目３番１６号,2023-06-19,株式会社
株式会社ラブラ,埼玉県さいたま市浦和区神明１丁目７番１５号,2023-06-19,株式会社
株式会社ランドスケープ彩,埼玉県蓮田市藤ノ木１丁目１５９番地,2023-06-19,株式会社
株式会社ラヴィット,大阪府大阪市浪速区日本橋西１丁目２番２５号ＳＴ難波ビル４Ｆ,2023-06-19,株式会社
株式会社リアングリー,千葉県鎌ケ谷市東初富２丁目６番６－２０号,2023-06-19,株式会社
株式会社リトルユニバース,沖縄県浦添市安波茶２丁目１番２号,2023-06-19,株式会社
株式会社リペる,埼玉県草加市谷塚町５９５番地１５,2023-06-19,株式会社
株式会社リ・ファイン,福岡県久留米市宮ノ陣６丁目８番２８号,2023-06-19,株式会社
株式会社リープ,兵庫県豊岡市日高町江原１０６番地１生田ビル１０３,2023-06-19,株式会社
株式会社レイズ,埼玉県春日部市増戸４５４番地４,2023-06-19,株式会社
株式会社レースホース,京都府木津川市州見台６丁目２番地１１７,2023-06-19,株式会社
株式会社ロケットリンクテクノロジー,東京都目黒区緑が丘１丁目１４－１１,2023-06-19,株式会社
株式会社ロスネット,富山県高岡市戸出栄町１１番地,2023-06-19,株式会社
株式会社ワイエスホーム代官山,東京都渋谷区代官山町１２番４号,2023-06-19,株式会社
株式会社ヴィノダ,東京都港区西麻布１丁目２番１４号,2023-06-19,株式会社
株式会社七彩,高知県高知市介良乙９９３番地１４,2023-06-19,株式会社
株式会社中西建設,福岡県遠賀郡遠賀町大字今古賀５８８番地３,2023-06-19,株式会社
株式会社丸正,兵庫県神戸市灘区城内通１丁目８番１号,2023-06-19,株式会社
株式会社久野オートプラザ,愛知県東海市加木屋町山之脇３３番地５,2023-06-19,株式会社
株式会社仕合,大阪府和泉市室堂町８４１番地の９,2023-06-19,株式会社
株式会社佐藤組,東京都新宿区北新宿１丁目１６番２５号,2023-06-19,株式会社
株式会社倭塾,東京都千代田区内神田１丁目１８番１１号,2023-06-19,株式会社
株式会社光琉,埼玉県新座市栄５丁目７番２４号,2023-06-19,株式会社
株式会社光画室,東京都港区西麻布４丁目１１－７－１０４,2023-06-19,株式会社
株式会社勝心,兵庫県神戸市中央区栄町通１丁目１３番地,2023-06-19,株式会社
株式会社勝春,東京都八王子市横山町８番１５号,2023-06-19,株式会社
株式会社叶建設,沖縄県宮古島市平良字下里１０９０番地１奥原マンションＡ－３０１,2023-06-19,株式会社
株式会社和久井内装,千葉県松戸市常盤平６丁目１６番地の７,2023-06-19,株式会社
株式会社和田建設技術研究所,奈良県天理市小路町５７番地６,2023-06-19,株式会社
株式会社営業窓口,東京都豊島区南池袋２丁目２５番５号,2023-06-19,株式会社
株式会社売苫七,北海道苫小牧市泉町２丁目４番５号,2023-06-19,株式会社
株式会社大城商会,静岡県浜松市東区植松町２６８番地の１ビレッタ第二浜松９０７,2023-06-19,株式会社
株式会社天斗,埼玉県三郷市戸ケ崎１丁目４２５番地１,2023-06-19,株式会社
株式会社天道,北海道札幌市白石区北郷三条７丁目１－２１,2023-06-19,株式会社
株式会社宮下商店,山梨県都留市田野倉８３８番地,2023-06-19,株式会社
株式会社山本,北海道千歳市千代田町３丁目２番地山本ビル２Ｆ,2023-06-19,株式会社
株式会社彦十,東京都中野区鷺宮１丁目１６番９号鈴木ビル２０１,2023-06-19,株式会社
株式会社彩月,兵庫県豊岡市城崎町湯島１０８番地,2023-06-19,株式会社
株式会社彰帝,愛知県大府市江端町６丁目５６番地,2023-06-19,株式会社
株式会社志学門,大阪府大阪市天王寺区烏ケ辻１丁目３番２５号久保田興産桃谷駅前ビル４Ｆ,2023-06-19,株式会社
株式会社日本果実,東京都大田区大森東５丁目２８番１０号,2023-06-19,株式会社
株式会社明朗,東京都新宿区高田馬場３丁目２番１４‐５０９号天翔オフィス高田馬場,2023-06-19,株式会社
株式会社月乃家,鳥取県境港市渡町９４２番地,2023-06-19,株式会社
株式会社木村工務店,福島県いわき市平中神谷字後原８番地の５,2023-06-19,株式会社
株式会社末広,兵庫県加古川市野口町坂元北２丁目７６番地,2023-06-19,株式会社
株式会社来芙,東京都台東区上野３丁目１６番２号,2023-06-19,株式会社
株式会社東戸塚リフォーム,神奈川県横浜市戸塚区平戸町５８２番地１２コスモ東戸塚グランパルクＡ－７１７号,2023-06-19,株式会社
株式会社東洋ナーチャー,埼玉県入間郡三芳町大字藤久保３７５－１１０,2023-06-19,株式会社
株式会社松本ＦＣ,兵庫県神戸市東灘区田中町３丁目１１番２０－６０３号,2023-06-19,株式会社
株式会社柴田産商,大阪府大阪市生野区林寺２丁目２７番９号,2023-06-19,株式会社
株式会社柴田電気設備管理事務所,兵庫県三木市吉川町みなぎ台２丁目６番地の３,2023-06-19,株式会社
株式会社桜インターナショナル,神奈川県相模原市南区双葉２丁目１番２４号,2023-06-19,株式会社
株式会社池田板金工業所,福岡県三潴郡大木町大字三八松１１４番地２,2023-06-19,株式会社
株式会社津田技建,兵庫県高砂市曽根町１２６３番地の１,2023-06-19,株式会社
株式会社湫,埼玉県川口市青木１丁目２２－１７－２０５ライオンズマンション川口青木,2023-06-19,株式会社
株式会社熊日熊本駅西販売センター,熊本県熊本市西区春日４丁目２０－１０,2023-06-19,株式会社
株式会社爽風,佐賀県佐賀市大和町大字尼寺３４２４番地１,2023-06-19,株式会社
株式会社矢部総業,埼玉県八潮市大字南後谷７６０番地２０１号,2023-06-19,株式会社
株式会社福井花園,北海道空知郡南幌町南１８線西１４番地,2023-06-19,株式会社
株式会社福猫,埼玉県東松山市美原町３丁目２番地１４,2023-06-19,株式会社
株式会社竹商キャスター,大阪府八尾市松山町２丁目４番２４号,2023-06-19,株式会社
株式会社結,千葉県船橋市習志野５丁目６番３８－２０１号,2023-06-19,株式会社
株式会社美彩,神奈川県高座郡寒川町宮山１２３２番地６,2023-06-19,株式会社
株式会社聖子不動産,愛知県岡崎市法性寺町字上屋敷３番地,2023-06-19,株式会社
株式会社聖家真心建匠,大分県別府市大字鶴見１６８４番地の５,2023-06-19,株式会社
株式会社花芽,東京都世田谷区北沢２丁目２６－１９号ヒルズⅡ４０１,2023-06-19,株式会社
株式会社認知行動研究所,東京都文京区本郷３丁目４－３お茶の水ビル５Ｆ８４８お茶の水ビル,2023-06-19,株式会社
株式会社誠ステップ,青森県十和田市大字深持字下中平１８番地２,2023-06-19,株式会社
株式会社農業生産法人嘉数ファーム,沖縄県糸満市字伊敷２４３番地,2023-06-19,株式会社
株式会社逢の来野郷,北海道白老郡白老町字北吉原１７４番地,2023-06-19,株式会社
株式会社関西未来,大阪府大阪市西成区松３丁目１２番２号、１０３号室,2023-06-19,株式会社
株式会社阿部建設,神奈川県厚木市中町３丁目１番２４号吉村ビル３Ｆ,2023-06-19,株式会社
株式会社雪月花,千葉県浦安市高洲７丁目１番１－２１７号,2023-06-19,株式会社
株式会社電撃,東京都渋谷区西原１丁目１２－１２,2023-06-19,株式会社
株式会社電脳ワークス,東京都渋谷区恵比寿１丁目７－４,2023-06-19,株式会社
株式会社須藤建装,埼玉県川口市弥平１丁目１５番４号,2023-06-19,株式会社
株式会社須賀水道,埼玉県川口市大字赤山２６番地の１３,2023-06-19,株式会社
株式会社飛行船,埼玉県狭山市大字水野２３６番地の１８,2023-06-19,株式会社
株式会社高坂ホールディングス,新潟県長岡市大島本町１丁目８番地１１,2023-06-19,株式会社
株式会社龍美Ｐｌｕｓ,福岡県福岡市東区美和台７丁目２番１１－１０３号,2023-06-19,株式会社
株式会社２ＢＬＡＣＫ,東京都世田谷区池尻４丁目３８番１１号中川ビル２０１,2023-06-19,株式会社
株式会社３３３Ｄｏｇ‐Ｃａｒｅ,埼玉県坂戸市西坂戸３丁目１２番８号,2023-06-19,株式会社
株式会社８７Ｆｒ,東京都西多摩郡檜原村小沢３９２６番地,2023-06-19,株式会社
株式会社ＡＯＩ,京都府京都市伏見区京町３丁目１８２番１・２Ｆ,2023-06-19,株式会社
株式会社ＡＰＲＩＤＥ　ＩＮ　ＴＨＥ　ＮＩＧＨＴＳ,千葉県千葉市稲毛区作草部１丁目１６番４号,2023-06-19,株式会社
株式会社ＡＳＡコンサルティング,大阪府大阪市西区京町堀１丁目４番４－７０１号,2023-06-19,株式会社
株式会社ＡＴＡＲＵ,埼玉県八潮市大瀬４丁目１２番地５エスカーザⅡ２０３,2023-06-19,株式会社
株式会社Ａｄｖａｎｃｅｍｅｎｔ,東京都渋谷区神宮前６丁目２３番４号,2023-06-19,株式会社
株式会社Ａｉｒ　Ｄ,愛知県名古屋市天白区一本松２丁目７０６番地,2023-06-19,株式会社
株式会社Ａｉｒｓａｌｅｓ,東京都渋谷区円山町５番５号Ｎａｖｉ渋谷Ｖ３階,2023-06-19,株式会社
株式会社ＢＲＩＧＨＴＯＦ,埼玉県熊谷市宮町２丁目４９番地１０（２Ｆ）,2023-06-19,株式会社
株式会社Ｂｅ　ＣＯＮＮＥＣＴ　Ｐｌｕｓ,岡山県倉敷市福島２００番地１２４,2023-06-19,株式会社
株式会社Ｃ＆Ｓ,埼玉県さいたま市緑区馬場１丁目１９番地２セジュールネオサイトⅠ―１０２,2023-06-19,株式会社
株式会社ＣＬＥＡＮ　ａｎｄ　ＣＨＥＥＲ,兵庫県尼崎市塚口本町２丁目３１番１０号,2023-06-19,株式会社
株式会社ＣＲＦ,岐阜県不破郡垂井町宮代２７４１番地の１０,2023-06-19,株式会社
株式会社ＣＴＦ,大阪府枚方市都丘町２番１０号（２階）,2023-06-19,株式会社
株式会社Ｃｈａｌｅｕｒふくふく,福岡県北九州市八幡東区川淵町８番１１号,2023-06-19,株式会社
株式会社Ｅ‐Ｖｅｒｔｅｘ,徳島県徳島市上助任町三本松３７１番地の１,2023-06-19,株式会社
株式会社ＥＤＥＮ,愛媛県松山市一番町２丁目１番地３,2023-06-19,株式会社
株式会社ＦＩＲＳＴ　ＰＡＧＥ,東京都豊島区東池袋４丁目３－６石田ビル２階,2023-06-19,株式会社
株式会社ＦＲＥＥ,東京都港区六本木３丁目１０－１１青木ビル２Ｆ－Ａ,2023-06-19,株式会社
株式会社ＧＡＴＨＥＲＩＮＧ,神奈川県茅ヶ崎市円蔵２３２２番地１－１０１号Ｔ．Ｔ湘南２０００,2023-06-19,株式会社
株式会社ＧＴＪ,東京都渋谷区神宮前６丁目２３番４号桑野ビル２階,2023-06-19,株式会社
株式会社Ｇｉｒａｆｆｅ構造設計,千葉県松戸市東松戸１丁目８番地の７レジーナレジデンス５０１号,2023-06-19,株式会社
株式会社Ｇｏｏｄ　Ｒｅｃｏｖｅｒｙ,大阪府堺市西区浜寺石津町中１丁７－３８コスモ浜寺石津町１２０４号室,2023-06-19,株式会社
株式会社Ｉｎ‐ｃｌｏｖｅｒ,東京都墨田区石原２丁目３０番４－１０１号,2023-06-19,株式会社
株式会社ＪＵＮＫＯ．ＢＳＴＹＬＥ,埼玉県春日部市中央１丁目４４番７号,2023-06-19,株式会社
株式会社Ｋ　ｓｋｏｇ,北海道中川郡幕別町字千住３９７番地１１,2023-06-19,株式会社
株式会社ＫＨＩ,福島県福島市堀河町６番１１号,2023-06-19,株式会社
株式会社ＫＳリムジン,北海道札幌市中央区北五条西８丁目１番１号,2023-06-19,株式会社
株式会社Ｌ’ｅｃｒｉｎ,鳥取県西伯郡日吉津村大字日吉津４６９番地３,2023-06-19,株式会社
株式会社Ｌ・Ｒ・Ｓ,東京都西東京市芝久保町２丁目１８番２６号,2023-06-19,株式会社
株式会社Ｌ＆Ａ　ＣＨＩＢＡ,千葉県君津市中野４丁目６番２８号,2023-06-19,株式会社
株式会社ＬＡＤＮＥＳＳ,埼玉県川口市南前川２丁目２３番１８号,2023-06-19,株式会社
株式会社ＬＣ,東京都新宿区西新宿３丁目３番１３号西新宿水間ビル２Ｆ,2023-06-19,株式会社
株式会社ＬＣＳＶ,愛知県瀬戸市幡山町７番地,2023-06-19,株式会社
株式会社ＬＩＡ,埼玉県草加市氷川町２１５２番地２クレドール草加１０６号,2023-06-19,株式会社
株式会社ＬＩＢ,福岡県福岡市南区南大橋１丁目９番１１号,2023-06-19,株式会社
株式会社ＬＩＮＫ,千葉県船橋市二和西５丁目５番７号,2023-06-19,株式会社
株式会社ＬＩＮＫＳ,神奈川県茅ヶ崎市円蔵２３２２番地１－１０１号Ｔ．Ｔ湘南２０００,2023-06-19,株式会社
株式会社ＬＭ,東京都千代田区九段南１丁目５番６号りそな九段ビル５Ｆ・ＫＳフロア,2023-06-19,株式会社
株式会社Ｌｅａｄｉｎｇ　Ｌｉｖｅｓ,大阪府大阪市生野区田島５丁目１９番６号,2023-06-19,株式会社
株式会社Ｌｉｌ　Ｆｅｌｉｚ,福岡県福岡市中央区平尾２丁目８番３３号,2023-06-19,株式会社
株式会社ＬｉｎｋＴａｎｋ,東京都港区芝５丁目３６番４号札の辻スクエア９Ｆ,2023-06-19,株式会社
株式会社Ｍ２　Ａｇｅｎｃｙ,東京都目黒区中目黒４丁目８番２５号,2023-06-19,株式会社
株式会社ＭＡＲＵＯ,兵庫県姫路市網干区浜田７４番地４,2023-06-19,株式会社
株式会社ＭＯＵＲＡ,大阪府大阪市西成区梅南２丁目４－２７,2023-06-19,株式会社
株式会社ＭＳマネジメント,東京都品川区東五反田２丁目１６番１－２６０２号,2023-06-19,株式会社
株式会社ＭＳ建設,東京都足立区花畑６丁目３７番７号,2023-06-19,株式会社
株式会社Ｍｅｄｉｚａｉｎｅ,埼玉県上尾市本町６丁目１番３３号リビングゲートシティⅦ１０２,2023-06-19,株式会社
株式会社ＭｉＣａｒ,広島県広島市安佐南区伴中央４丁目３４３１－１,2023-06-19,株式会社
株式会社Ｎ‐ｓｔｙｌｅ,大阪府守口市南寺方東通５丁目１０番７号,2023-06-19,株式会社
株式会社ＮＢ８,福岡県みやま市瀬高町下庄１８２６番地２５号,2023-06-19,株式会社
株式会社ＮＥＯ,東京都渋谷区道玄坂１丁目１０番８号渋谷道玄坂東急ビル２Ｆ－Ｃ,2023-06-19,株式会社
株式会社ＮＩＳＡＮ,埼玉県川口市芝西２丁目８番１２号,2023-06-19,株式会社
株式会社ＮＯ　ＨＡＩＲ,岡山県美作市長谷内２３５番地,2023-06-19,株式会社
株式会社ＮＯＩＡ,東京都千代田区外神田６丁目１４番３号,2023-06-19,株式会社
株式会社ＯＨＡＲＡ,長野県松本市大字蟻ケ崎１８７２番地４,2023-06-19,株式会社
株式会社ＯＬＤ　ＳＰＯＲＴ,東京都練馬区石神井町５丁目３番１５－３０３号,2023-06-19,株式会社
株式会社ＯＮ・ＡＬＬ,埼玉県さいたま市西区大字土屋４０８番地９,2023-06-19,株式会社
株式会社ＯｒｔｈｏＣｏｎｓｕｌｔｉｎｇ,東京都品川区東品川４丁目１１番３６号プライムパークス品川シーサイドザ・タワー,2023-06-19,株式会社
株式会社ＰＯＮＺＵ,東京都渋谷区神宮前６丁目２３番４号,2023-06-19,株式会社
株式会社ＲＯＯＫＩＥ,東京都新宿区西新宿３丁目３番１３号西新宿水間ビル６階,2023-06-19,株式会社
株式会社Ｒａｆｆｉａ,東京都江東区亀戸５丁目４番６－１０４号,2023-06-19,株式会社
株式会社Ｒｅ・ＦＩＲＳＴ,埼玉県本庄市緑２丁目２－４,2023-06-19,株式会社
株式会社Ｒｅｆｏｌｄｉｎｇ,岐阜県海津市海津町平原６９１番地,2023-06-19,株式会社
株式会社Ｒｅｐｉａ,北海道札幌市中央区南六条東２丁目４－１ＰＬＩＥ南６条４階,2023-06-19,株式会社
株式会社Ｓ　ｍｅｄｉｃａｌ,東京都港区南青山３丁目１０番４１号ジュエル青山ビル２０２号,2023-06-19,株式会社
株式会社Ｓ＆ＬＩＦＥ　Ｃｏｍｐａｎｙ,東京都中央区晴海１丁目８番８号晴海トリトンスクエアオフィスタワーＷ棟１８階,2023-06-19,株式会社
株式会社ＳＡＩＫＥＩ,千葉県千葉市中央区富士見２丁目７番９号富士見ビル６０９号,2023-06-19,株式会社
株式会社ＳＤＭＭ,大阪府大阪市中央区船場中央１丁目３－２－１０１船場センタービル２号館１階,2023-06-19,株式会社
株式会社ＳＥＹ,静岡県浜松市中区山手町３８番２８号,2023-06-19,株式会社
株式会社ＳＫＢ,山梨県甲州市塩山熊野４４０番地１,2023-06-19,株式会社
株式会社ＳＵＮ,福岡県北九州市小倉南区大字新道寺１２０２－２,2023-06-19,株式会社
株式会社ＳＵＮＢＯＫ,埼玉県さいたま市岩槻区仲町１丁目５番１５－２号,2023-06-19,株式会社
株式会社ＳＵＲＵＧＡホールディングス,北海道千歳市千代田町６丁目７番地,2023-06-19,株式会社
株式会社ＳａＮａ,東京都渋谷区神泉町１０番１５号,2023-06-19,株式会社
株式会社Ｓｄｅｃｏ,広島県広島市中区三川町４番１７号サンコウビル３０３,2023-06-19,株式会社
株式会社Ｓｅｕｌ,埼玉県草加市旭町６丁目２番１７号,2023-06-19,株式会社
株式会社ＳｏＲｏＮｏ,大阪府大阪市北区芝田２丁目８番１１号共栄ビル３階,2023-06-19,株式会社
株式会社Ｓｕｎｓｈｉｎｅ,大阪府大阪市阿倍野区天王寺町南３丁目５番１４－１２０５号,2023-06-19,株式会社
株式会社Ｔ‐ＬＩＦＥ,兵庫県姫路市北平野２丁目９番１７号,2023-06-19,株式会社
株式会社Ｔ’ｓ　Ｈａｙａｍａ,神奈川県三浦郡葉山町一色２０１２番地,2023-06-19,株式会社
株式会社ＴＭフロンテ,千葉県柏市小青田５丁目７番地４０１号,2023-06-19,株式会社
株式会社ＴＮＢ,大阪府大阪市天王寺区小橋町３番６号幸伸ビル３階（３１）,2023-06-19,株式会社
株式会社ＴＲＥＥ　ＳＴＡＲ,大阪府大阪市中央区日本橋１丁目４番１２号,2023-06-19,株式会社
株式会社ＴＲＥＮＲＩＣＨ,愛知県豊橋市横須賀町重森３０番地プラシード・カーサ２０１,2023-06-19,株式会社
株式会社ＴＹｃｏｍｐａｎｙ,京都府京都市山科区小山小川町５８番地,2023-06-19,株式会社
株式会社Ｔｅｒａｇａｋｉ,埼玉県川越市日東町９番地３,2023-06-19,株式会社
株式会社Ｔｈｅ　Ｏｖｅｒ,大阪府大阪市生野区勝山南１丁目１７番４号,2023-06-19,株式会社
株式会社ＴｏＤｏ,東京都渋谷区神宮前６丁目２３番４号桑野ビル２Ｆ,2023-06-19,株式会社
株式会社Ｔｒｕｍｐ,神奈川県横浜市磯子区森１丁目１３番３－１１０２号,2023-06-19,株式会社
株式会社ＴｓｕｄｏｉＢａ,岡山県岡山市南区福浜町１５番１０号,2023-06-19,株式会社
株式会社ＵＫＥＴＵＧＩ,東京都渋谷区恵比寿４丁目２０番３号恵比寿ガーデンプレイスタワー２７Ｆ,2023-06-19,株式会社
株式会社ＵＮＩＴＩＳ,神奈川県横浜市瀬谷区三ツ境１５番４葵ビル４Ｆ,2023-06-19,株式会社
株式会社ＵＮＩＴＹ,山梨県都留市つる３丁目９番１４号,2023-06-19,株式会社
株式会社ＵＰ　ＦＯＲＷＡＲＤ,千葉県成田市台方２７２番地１,2023-06-19,株式会社
株式会社ＵＴＡＲＩＴＯ,東京都渋谷区桜丘町１２番８号渋谷コーポラス２０５,2023-06-19,株式会社
株式会社Ｕｃｈｅｅｎｏ,山梨県北杜市明野町上手７５５７番地２,2023-06-19,株式会社
株式会社ＷＡＫＡＢＡ,埼玉県さいたま市大宮区桜木町２丁目３番地大宮マルイ７階,2023-06-19,株式会社
株式会社ＷＡＶＹ,神奈川県川崎市川崎区東田町三丁目２４番４階,2023-06-19,株式会社
株式会社Ｗｅｌｌａｐｓａｒａ,東京都中央区銀座１丁目６番８号,2023-06-19,株式会社
株式会社Ｗｏｒｋ１１,大阪府大阪市中央区上町１丁目２番２８－２６０５号,2023-06-19,株式会社
株式会社Ｙ・Ａ・Ｔ,埼玉県越谷市越ヶ谷２丁目６番２号,2023-06-19,株式会社
株式会社ＹＭ　ＣＯＲＰ,兵庫県明石市太寺２丁目５番８号,2023-06-19,株式会社
株式会社ａＬＡＢＯ,埼玉県熊谷市柿沼１００１番地３,2023-06-19,株式会社
株式会社ｈａｕｔｅｃｏｕｔｕｒｅ　ｍｕｓｉｃ,東京都港区港南４丁目１－１０リバージュ品川８０４,2023-06-19,株式会社
株式会社ｉ‐ｒｉｎｋ,山口県岩国市麻里布町３丁目４－６見室不動産ビル４０２号室,2023-06-19,株式会社
株式会社ｉｉｊｉｍａ,千葉県茂原市早野新田４８番地１０,2023-06-19,株式会社
株式会社ｋ‐ｃｏｎｎｅｃｔ,東京都港区東新橋１丁目１番２１号,2023-06-19,株式会社
株式会社ｋｉｔ,東京都墨田区菊川３丁目２１番１５－５０４号,2023-06-19,株式会社
株式会社ｍ’ｄ　Ｐｈｏｔｏ＆Ｃｒａｆｔ,新潟県新潟市江南区天野３丁目３番１８号,2023-06-19,株式会社
株式会社ｎｅｗｅｍｂａｎｋｍｅｎｔ,埼玉県さいたま市見沼区大字新堤７番地２２荒川ビル２ＦＢ,2023-06-19,株式会社
株式会社ｒｉ・ＢａｓｉＬ,埼玉県吉川市大字吉川１６０５番地２吉川店舗５号,2023-06-19,株式会社
株式会社ｓａｍｕｒａｉ　ｄａｙｓ,大阪府大阪市北区中津１丁目８番１４号メゾン富士５０２号室,2023-06-19,株式会社
株式会社ｔｓｕｄｏｗ,東京都目黒区中目黒１丁目７番１１－３０３号,2023-06-19,株式会社
株式会社ｕＬｕ,大分県日田市大字日高１０９５番地３,2023-06-19,株式会社
森果情報技術株式会社,大阪府大阪市中央区西心斎橋２丁目１２－２２－４０７号室,2023-06-19,株式会社
森田リーシング株式会社,神奈川県横浜市港北区下田町５丁目１６番５号,2023-06-19,株式会社
歳時記株式会社,北海道札幌市中央区大通西１８丁目２番地８ファミール大通７１３号,2023-06-19,株式会社
永平發展有限公司,東京都渋谷区神南１丁目８－１８クオリア神南フラッツ５０５号室　株式会社ファンバス内,2023-06-19,外国会社等
泓欣株式会社,東京都豊島区巣鴨１丁目１４－１２東洋巣鴨コーポ１０２号,2023-06-19,株式会社
浜松市天竜川しらす鰻漁業生産組合,静岡県浜松市南区西島町１０９３番地の１,2023-06-19,その他の設立登記法人
海斗株式会社,東京都大田区蒲田１丁目２２番７号コルナス蒲田３０３,2023-06-19,株式会社
潤東株式会社,山形県山形市蔵王成沢字町浦７２２番地１,2023-06-19,株式会社
特定非営利活動法人ケアセンター足柄,神奈川県足柄上郡開成町吉田島４２９０番地,2023-06-19,その他の設立登記法人
益群株式会社,大阪府堺市堺区三条通６－１７－２０２,2023-06-19,株式会社
眞言命光秘流寶瀧山命光不動尊寳来寺,和歌山県橋本市隅田町下兵庫１０５９番地の１０,2023-06-19,その他の設立登記法人
知止株式会社,北海道札幌市豊平区中の島一条９丁目４番１４－１０５号,2023-06-19,株式会社
紀南Ｖｅｔｓ株式会社,和歌山県西牟婁郡上富田町朝来１４３番地の７,2023-06-19,株式会社
纏工業株式会社,神奈川県横浜市神奈川区菅田町２９７８番地６宮向団地１街区１号棟２０２号室,2023-06-19,株式会社
聖美投資コンサルティング合同会社,埼玉県川口市元郷２丁目１５番１－３８０５号エルザタワー５５,2023-06-19,合同会社
英建株式会社,鹿児島県出水市平和町５番地,2023-06-19,株式会社
菊羽建設株式会社,神奈川県横浜市港北区菊名４丁目１０番２８号,2023-06-19,株式会社
藤山青果株式会社,北海道余市郡余市町黒川町８丁目３９番地,2023-06-19,株式会社
行政書士法人ｔｏｍｏｎｉ,神奈川県川崎市高津区諏訪１丁目７番２号,2023-06-19,その他の設立登記法人
西武狭山グリーンヒル団地管理組合法人,埼玉県入間市大字上藤沢４０６番地３２,2023-06-19,その他の設立登記法人
西浦住宅管理組合法人,京都府京都市伏見区深草西浦町７丁目１９番地集会所,2023-06-19,その他の設立登記法人
西神戸金属株式会社,兵庫県明石市二見町福里５２１番地の１１,2023-06-19,株式会社
農事組合法人全国アンジェリカ栽培組合,和歌山県和歌山市坂田４６２番地,2023-06-19,その他の設立登記法人
農事組合法人建市会,千葉県市原市武士１８４番地,2023-06-19,その他の設立登記法人
開星トランスポート株式会社,千葉県市川市原木３丁目１６番１９号,2023-06-19,株式会社
阿部製薬日本株式会社,東京都荒川区南千住３丁目２７－２浅草ビル５０８,2023-06-19,株式会社
青南プランニング株式会社,東京都港区南青山４丁目２３番６号,2023-06-19,株式会社
青森県カーボン・オフセット促進事業協同組合,青森県三沢市南町４丁目３１番地３４６９号,2023-06-19,その他の設立登記法人
順和インフォメーション株式会社,大阪府大阪市港区磯路２丁目１２番１－６０１号,2023-06-19,株式会社
鮑氏株式会社,埼玉県さいたま市南区大字太田窪２３４８－２３,2023-06-19,株式会社
０１トレカ株式会社,大阪府大阪市北区大淀南２丁目２－９新梅田タワー４１Ｆ,2023-06-19,株式会社
４ＥＳＴ　ＪＡＰＡＮ株式会社,京都府京都市左京区岡崎徳成町２４番地６,2023-06-19,株式会社
ＡＦマネジメントコンサルティング株式会社,京都府宇治市伊勢田町井尻３４番地３グラン・コート宇治西３０６,2023-06-19,株式会社
ＡＩＤＥＳＩＧＮ株式会社,東京都新宿区西早稲田２丁目５番１６号７Ｆ,2023-06-19,株式会社
ＡＩＫ合同会社,東京都江戸川区西篠崎２丁目２６番１２号,2023-06-19,合同会社
Ａｉｒ株式会社,千葉県鎌ケ谷市東道野辺４丁目１１番１０号,2023-06-19,株式会社
Ａｑｕａ　Ｂｅａｒ株式会社,大阪府寝屋川市石津南町３番１１号,2023-06-19,株式会社
ＢＥＢＡＳＩＳＭ株式会社,東京都東久留米市滝山６丁目２番２号,2023-06-19,株式会社
Ｂｉｒｄｉｅ　Ｒｕｓｈ株式会社,千葉県市川市稲越１丁目１９番６号ウッドサイド市川２０１号,2023-06-19,株式会社
Ｂｒｏａｄｅｒｓ株式会社,東京都新宿区西新宿３丁目７番１号新宿パークタワーＮ３０Ｆ,2023-06-19,株式会社
ＣＳＱ株式会社,埼玉県蕨市南町２丁目２８番３号,2023-06-19,株式会社
Ｃｉｅｌｏｍａｒｅ合同会社,東京都世田谷区桜１丁目５７－１２チューダービレッジ桜３号棟,2023-06-19,合同会社
Ｃｌａｗ　Ａｐｐ株式会社,東京都港区南青山２丁目４番１５号,2023-06-19,株式会社
Ｄ－ＦＩＬＭＳ,東京都新宿区新宿５丁目１８－１１タナカビル４０６,2023-06-19,その他
ＤＩＫＯ合同会社,東京都港区芝大門１丁目１－１３－３０７,2023-06-19,合同会社
Ｄｃｃｅｌｌ株式会社,福岡県糸島市篠原西２丁目５番５号,2023-06-19,株式会社
ＥＥＣ合同会社,岩手県遠野市宮守町下宮守１８地割２５番地１,2023-06-19,合同会社
Ｅｉｇｈｔｓ株式会社,新潟県新潟市東区上木戸４丁目１５番１０号,2023-06-19,株式会社
ＦＢライフ株式会社,北海道札幌市豊平区豊平一条２丁目１番１２号フェアフィールド菊水１号室,2023-06-19,株式会社
ＦＯＤホールディング株式会社,大阪府大阪市中央区博労町２丁目４番１１号中博ビル,2023-06-19,株式会社
ＦＯＦＯ　ＢＦＪＰ株式会社,神奈川県川崎市川崎区四谷上町１０番２－２０４クオス川崎エスタル,2023-06-19,株式会社
ＦＰステーション合同会社,大阪府大阪市北区梅田１丁目２番２号大阪駅前第２ビル１２－１２,2023-06-19,合同会社
Ｆｉｖｅ　ＢＲＯ　Ｔｒａｄｉｎｇ株式会社,富山県射水市堀岡９８番地,2023-06-19,株式会社
Ｇ．インターステラージャパン株式会社,東京都中央区銀座６丁目１３番１６号銀座ＷａｌｌビルＵＣＦ５階,2023-06-19,株式会社
ＧＯＫＯＨ株式会社,東京都新宿区市谷左内町２９－２パークアクシス市谷左内町１０６号室,2023-06-19,株式会社
Ｇｌｏｂａｌ　Ｎｅｃｓ株式会社,福岡県福岡市南区大橋３丁目２５－１２－１５号,2023-06-19,株式会社
ＨＥＲＯ　ＥＮＴＥＲＰＲＩＳＥ合同会社,埼玉県川口市並木１丁目１８番２６号エクセレント並木１０１,2023-06-19,合同会社
ＨＦＦ株式会社,栃木県宇都宮市簗瀬３丁目２９番１７号,2023-06-19,株式会社
Ｈａｐｐｙ　Ｍ’ｓ合同会社,栃木県小山市大字千駄塚３２５番地１６,2023-06-19,合同会社
ＩＮＦＩＮＩＴＩ株式会社,埼玉県和光市白子１丁目１４番１号,2023-06-19,株式会社
ＪＡＴＴ　ＩＮＴＥＲＮＡＴＩＯＮＡＬ株式会社,神奈川県厚木市下川入４９４番地１－２０２,2023-06-19,株式会社
ＪＪ株式会社,埼玉県さいたま市緑区山崎１丁目１２番６号,2023-06-19,株式会社
Ｋ．ＫＯＵＢＯＵホールディングス株式会社,愛知県豊田市百々町６丁目７番地２,2023-06-19,株式会社
ＫＣＣ株式会社,東京都渋谷区上原２丁目４７番１３号,2023-06-19,株式会社
ＫＮＫ株式会社,千葉県旭市イの１６８８番地１,2023-06-19,株式会社
ＫＴ株式会社,東京都足立区皿沼１丁目５番６号タカハシビル２０２,2023-06-19,株式会社
ＫＵＬＤＥＥＰ　ＴＲＡＤＩＮＧ株式会社,栃木県栃木市岩舟町新里１３０４番地５２号室,2023-06-19,株式会社
ＫＹＯＴＯ　ＬＡＮＫＡ　ＴＲＡＤＩＮＧ合同会社,千葉県東金市上布田４１番地３,2023-06-19,合同会社
Ｍ２ＳＯＬコンサルティング株式会社,神奈川県鎌倉市城廻１４５番地２０,2023-06-19,株式会社
ＭＯＭＩＪＩ合同会社,静岡県富士市松岡１０００番地の２２,2023-06-19,合同会社
ＭＳＴ合同会社,東京都江東区塩浜２丁目１４番１４号竹島ビル,2023-06-19,合同会社
Ｍａｉａ　Ｉｎｔｅｒｎａｔｉｏｎａｌ株式会社,東京都墨田区東駒形２丁目２番１３東駒形二丁目ビル３０３号室,2023-06-19,株式会社
ＮＰＯ法人がんばろう猪名川,兵庫県川辺郡猪名川町万善字北殿２番地,2023-06-19,その他の設立登記法人
ＯＵＲ．ＤＡＴＡ合同会社,東京都渋谷区神宮前６丁目２３番４号桑野ビル２階,2023-06-19,合同会社
Ｐ＆Ｏ合同会社,東京都江戸川区南葛西４丁目６‐３‐５０１,2023-06-19,合同会社
ＰＬＵＳ　ＯＮＥ株式会社,千葉県千葉市美浜区稲毛海岸４丁目１３－１－６０３,2023-06-19,株式会社
Ｐａｋ　Ｓｈｏｋａｉ株式会社,宮城県仙台市青葉区子平町３４番地１フルセビル４Ｃ,2023-06-19,株式会社
Ｒ株式会社,兵庫県明石市魚住町清水１６１８番地１,2023-06-19,株式会社
ＲＹＯアーキテクト株式会社,大分県大分市勢家町１丁目１番１２号,2023-06-19,株式会社
ＲｅａｌＮｅｔｗｏｒｋｓ　ＬＬＣ．,,2023-06-19,外国会社等
Ｓ＆Ｘ株式会社,千葉県市川市市川２丁目２２－６ＤＳビル,2023-06-19,株式会社
ＳＡＷＡＫ株式会社,埼玉県さいたま市岩槻区美園東１丁目７番地５－４１０,2023-06-19,株式会社
ＳＥＡＣ合同会社,埼玉県草加市八幡町７３９番地１,2023-06-19,合同会社
ＳＧパートナーズ株式会社,千葉県松戸市松戸新田４１０番地の４３,2023-06-19,株式会社
ＳＵＮＣＵ合同会社,兵庫県神戸市中央区北長狭通６丁目２－１３，３０２号,2023-06-19,合同会社
Ｓｏｔａｉ　Ｅｎｅｒｇｙ　Ｓｏｌｕｔｉｏｎｓ　Ｐｔｅ．Ｌｔｄ．,千葉県千葉市中央区本千葉町１３－１パークホームズ千葉１０１２,2023-06-19,外国会社等
ＴＥＮＥＺ　ＭＡＮＡＧＥＭＥＮＴ株式会社,東京都目黒区東山３丁目６－９－４０３,2023-06-19,株式会社
ＴＫコーポレーション株式会社,大阪府大阪市北区梅田３丁目２番４号,2023-06-19,株式会社
ＴＭＴユニバーサル合同会社,埼玉県行田市富士見町２丁目２７番地１９,2023-06-19,合同会社
ＴＮ協立株式会社,愛知県豊橋市神野西町１丁目２番地,2023-06-19,株式会社
ＵＺＡＳＴＹＬＥプランニング株式会社,沖縄県中頭郡読谷村字宇座２４１番地スミワハウス２４１,2023-06-19,株式会社
ＷｈｉｔｅＬａｂ株式会社,東京都中央区日本橋室町１丁目１１番１２号日本橋水野ビル７階,2023-06-19,株式会社
Ｙ＆Ｃ株式会社,沖縄県那覇市西２丁目２１番１－４０１号ル・サンク那覇西街,2023-06-19,株式会社
ＹＢＳＫ株式会社,東京都渋谷区道玄坂１丁目１０番８号渋谷道玄坂東急ビル２Ｆ－Ｃ,2023-06-19,株式会社
ＺＥＲＯ　ＧＲＡＶＩＴＹ株式会社,東京都大田区田園調布１丁目４３－２,2023-06-19,株式会社
ＺＥＲＯＫＡＲＡ合同会社,神奈川県横浜市都筑区東山田３丁目２３番３－２０１,2023-06-19,合同会社
ｅｃｏｔｅｃ株式会社,埼玉県川口市桜町３丁目２番１６号,2023-06-19,株式会社
ｅｌ合同会社,東京都世田谷区上馬１丁目３２番１９号,2023-06-19,合同会社
ｉＳＴ株式会社,東京都中央区銀座１丁目１２番４号Ｎ＆ＥＢＬＤ．６Ｆ,2023-06-19,株式会社
ｉｓｏ企画合同会社,千葉県千葉市美浜区高洲４丁目１１番３－５０４号,2023-06-19,合同会社
ｍｅｍｅ合同会社,東京都目黒区中央町１丁目１３番,2023-06-19,合同会社
ｓａｋａｉｏｆｆｉｃｅ株式会社,埼玉県和光市下新倉２丁目７番５号,2023-06-19,株式会社
ｙｓｉ合同会社,東京都千代田区神田錦町２丁目１番地５,2023-06-19,合同会社
みのる合同会社,大阪府堺市美原区阿弥４８５番地２０,2023-06-20,合同会社
アグレッシブモーター整備販売株式会社,大阪府池田市住吉１丁目１４－２３－２０３,2023-06-20,株式会社
インフィールドシステム株式会社,青森県青森市大字新城字山田６６６番地２１１,2023-06-20,株式会社
ウィズ株式会社,秋田県北秋田市栄字中綱８９番地２,2023-06-20,株式会社
ウィン不動産株式会社,福岡県北九州市小倉北区若富士町２番１号,2023-06-20,株式会社
エムズクリエイション株式会社,大阪府東大阪市水走３丁目３番４０号フレスデザイン第３ビル１Ｆ,2023-06-20,株式会社
エム・シー合同会社,宮城県仙台市泉区館２丁目４－４,2023-06-20,合同会社
エンデバー・ユナイテッド・パートナーズ・２９株式会社,東京都千代田区丸の内２丁目５番１号丸の内二丁目ビル６階,2023-06-20,株式会社
クプルル合同会社,千葉県八千代市緑が丘西５丁目１５番地２６,2023-06-20,合同会社
クレイ・テクノロジーズ株式会社,東京都港区浜松町２丁目２－１５浜松町ダイヤビル２Ｆ,2023-06-20,株式会社
グリーンプロ合同会社,岡山県倉敷市林１９０５番地１,2023-06-20,合同会社
スポーツアーツＪＡＰＡＮ株式会社,愛知県名古屋市中村区森田町３丁目５番２１号ＧｒｉｄＮａｇｏｙａ,2023-06-20,株式会社
セラ・イマージュ合同会社,埼玉県川口市並木２丁目３６番１５号,2023-06-20,合同会社
タイネス株式会社,石川県金沢市畝田西２丁目１１７番地カナディアンビレッジＫＵＮＯＲＩ１０２号,2023-06-20,株式会社
デライト合同会社,東京都中央区日本橋浜町３丁目４３番９－８０４号,2023-06-20,合同会社
ドラゴンキッズ合同会社,福岡県福岡市西区小戸３丁目５０番１－８０９号ホワイトパレス姪浜,2023-06-20,合同会社
ヌシヤ株式会社,石川県輪島市稲舟町竹ノ端５０番地,2023-06-20,株式会社
ネクスト・コンサルティング株式会社,神奈川県横浜市港北区新横浜３丁目７番地１８,2023-06-20,株式会社
ハウル株式会社,東京都練馬区旭町３丁目２７番１３号５０１号,2023-06-20,株式会社
プラスケイ合同会社,神奈川県川崎市高津区末長３丁目１１番８号,2023-06-20,合同会社
ベンテラ日本合同会社,東京都渋谷区桜丘町２６番１号セルリアンタワー１５階,2023-06-20,合同会社
マーベリック株式会社,神奈川県川崎市幸区戸手４丁目９番２－１００６号,2023-06-20,株式会社
ミスターカンパニー合同会社,愛知県名古屋市中区大須３丁目１４－５５ネオハイツ大須４０５,2023-06-20,合同会社
ミラノシカ合同会社,福岡県築上郡上毛町大字東上１２４８番地,2023-06-20,合同会社
モノノフパートナーズ合同会社,東京都渋谷区広尾４丁目１番３０－６０２号,2023-06-20,合同会社
モリアンフード株式会社,東京都渋谷区神宮前６丁目２３番４号桑野ビル２階,2023-06-20,株式会社
ラーラエネルギー開発株式会社,福島県南相馬市原町区小木迫字堂西５４番地の１,2023-06-20,株式会社
リベルテ株式会社,東京都世田谷区上野毛１丁目１８番２１号ＤＲホームズ上野毛４０１号室,2023-06-20,株式会社
リードイクティス合同会社,福岡県福岡市中央区天神２丁目２番１２号Ｔ＆Ｊビルディング７Ｆ,2023-06-20,合同会社
ロメックス株式会社,東京都渋谷区富ヶ谷１丁目１４番１４号４階,2023-06-20,株式会社
ワールドグルメ株式会社,神奈川県横浜市磯子区杉田１丁目１１－３０,2023-06-20,株式会社
ヴィヴィ株式会社,新潟県新潟市東区寺山３丁目４番４号,2023-06-20,株式会社
一般社団法人みんなのグリーフケア,東京都大田区山王２丁目１１番４－７０１号,2023-06-20,その他の設立登記法人
一般社団法人ゆるととＬａｂ．,大阪府大阪市東淀川区東中島１丁目１７番５－６２２号,2023-06-20,その他の設立登記法人
一般社団法人アーバンスポーツ信州,長野県塩尻市大字宗賀７１番地８３８,2023-06-20,その他の設立登記法人
一般社団法人アールイー,鹿児島県鹿児島市鴨池１丁目４２番２２号,2023-06-20,その他の設立登記法人
一般社団法人エンフィール,埼玉県さいたま市浦和区高砂１丁目２番１－２１０号,2023-06-20,その他の設立登記法人
一般社団法人ブルガリア乳酸菌促進森の会,栃木県佐野市富士町９６３番地,2023-06-20,その他の設立登記法人
一般社団法人メディア人フォーラム,埼玉県川越市連雀町１３番地４小島家店蔵内,2023-06-20,その他の設立登記法人
一般社団法人リノポポキ,岐阜県本巣郡北方町栄町２丁目４４番地,2023-06-20,その他の設立登記法人
一般社団法人三重県司法福祉事業者連絡協議会,三重県鈴鹿市江島本町１８番３３号,2023-06-20,その他の設立登記法人
一般社団法人共創福祉ひだ,岐阜県飛騨市古川町下気多９９０番地,2023-06-20,その他の設立登記法人
一般社団法人可茂地区社会福祉協力会,岐阜県美濃加茂市太田町２５７４番地２,2023-06-20,その他の設立登記法人
一般社団法人国際長寿臨床医学会,東京都千代田区丸の内２丁目３番２号郵船ビルディング１階,2023-06-20,その他の設立登記法人
一般社団法人外壁塗装保証協会,神奈川県横浜市港北区小机町１８９０,2023-06-20,その他の設立登記法人
一般社団法人愛護陽之縁,大阪府池田市住吉１丁目４－３－１０１,2023-06-20,その他の設立登記法人
一般社団法人日中体育交流促進協会,茨城県つくば市島名５４１番地６,2023-06-20,その他の設立登記法人
一般社団法人日本こども運動協会,東京都府中市紅葉丘１丁目３３番地の９,2023-06-20,その他の設立登記法人
一般社団法人日本モータースポーツ協議会,静岡県浜松市南区本郷町５６８番地,2023-06-20,その他の設立登記法人
一般社団法人窓廻り装飾事業協会,東京都北区浮間４丁目１３番２１号,2023-06-20,その他の設立登記法人
一般社団法人関西不動産管理,大阪府大阪市西成区出城１丁目８番１９号３Ｆ,2023-06-20,その他の設立登記法人
一般社団法人馬のしっぽ,茨城県つくば市谷田部７７７番地１,2023-06-20,その他の設立登記法人
一般社団法人ＫＣシキタ,愛知県名古屋市緑区鎌倉台２丁目１７０９番地,2023-06-20,その他の設立登記法人
一般社団法人ＬＵＣＥ,鹿児島県鹿児島市小松原２丁目２０番２号,2023-06-20,その他の設立登記法人
一般社団法人Ｒｕｐｉｎａｓｕ　ＬＡＢ,東京都小平市学園西町３丁目２１番２９－３号,2023-06-20,その他の設立登記法人
一般社団法人ｌｅａｆ　ｇｒｅｅｎ,東京都三鷹市上連雀１丁目１２番地７号三鷹ビジネスパーク１号館Ｂ１Ｆ、ＭｕｓａｓｈｉｎｏＶａｌｌｅｙ内,2023-06-20,その他の設立登記法人
三雄電機株式会社,香川県高松市香川町川内原３８２番地１,2023-06-20,株式会社
上海トーカ商事株式会社,熊本県熊本市中央区紺屋今町３番８号フォーエス紺屋今町１００２,2023-06-20,株式会社
世着株式会社,京都府京都市伏見区深草直違橋北１丁目４７７番地１８ファーストコート藤森２１２号室,2023-06-20,株式会社
中川ファミリーオフィス合同会社,東京都新宿区西落合３丁目２２番２２号,2023-06-20,合同会社
中郷興業株式会社,岐阜県大垣市青木町１番地１,2023-06-20,株式会社
京北高圧ホース合同会社,京都府京都市右京区京北鳥居町中山田２番の１,2023-06-20,合同会社
京潤株式会社,千葉県船橋市坪井西２丁目５番３号,2023-06-20,株式会社
人事を尽くしてなを執着心株式会社,東京都新宿区西落合３丁目２２番２２号,2023-06-20,株式会社
人材開発株式会社,東京都新宿区市谷八幡町１番地１新高ビル８０１,2023-06-20,株式会社
人生いつも三合目株式会社,東京都新宿区西落合３丁目２２番２２号,2023-06-20,株式会社
会計事務所ＩＭＰＡＣＴ　ＤＥＳＩＧＮ　ＯＦＦＩＣＥ株式会社,東京都港区浜松町１丁目２０番１０号ライオネス浜松町５０６号室,2023-06-20,株式会社
労働者協同組合創造集団４４０Ｈｚ,東京都新宿区新宿１丁目３６－２新宿第七葉山ビル３Ｆ,2023-06-20,その他の設立登記法人
北東産業株式会社,北海道亀田郡七飯町字上藤城２２２番地の３３,2023-06-20,株式会社
合同会社いちえみ,沖縄県浦添市屋富祖４丁目４番２３－２号,2023-06-20,合同会社
合同会社いちばっち,東京都渋谷区道玄坂１丁目１０番８号渋谷道玄坂東急ビル２Ｆ－Ｃ,2023-06-20,合同会社
合同会社ここあす,鳥取県米子市上福原３０２番地１,2023-06-20,合同会社
合同会社すろー,愛媛県松山市和泉北１丁目５番３号,2023-06-20,合同会社
合同会社はやと,北海道札幌市南区澄川四条１丁目６番１－３０８号,2023-06-20,合同会社
合同会社らぶる,東京都新宿区南町１２―３０３,2023-06-20,合同会社
合同会社アシスト・エス,群馬県藤岡市藤岡１４９６番地１,2023-06-20,合同会社
合同会社エコリバース,茨城県坂東市小山２０２５,2023-06-20,合同会社
合同会社エピキュリアン,兵庫県加古川市野口町野口１２９番地の４６東加古川ハイタウンＣ－１０１８,2023-06-20,合同会社
合同会社オダシマクリエイト,石川県金沢市粟崎町レ１番地３５,2023-06-20,合同会社
合同会社クルタ,東京都港区元麻布２丁目３番４３号,2023-06-20,合同会社
合同会社クローネ,東京都世田谷区鎌田１丁目３番２号玉川ハウス１０２,2023-06-20,合同会社
合同会社グラン・ジュテ,茨城県古河市東諸川６７番地１,2023-06-20,合同会社
合同会社グローバルリサーチ,北海道釧路市鳥取北９丁目１０番１１号,2023-06-20,合同会社
合同会社ザ・インタラクション,東京都新宿区西新宿３丁目３番１３号西新宿水間ビル６階,2023-06-20,合同会社
合同会社スマイル,大阪府大阪市平野区瓜破西３丁目２番２１号１０２,2023-06-20,合同会社
合同会社ツバメ,神奈川県藤沢市藤沢５４５番地の１６ダイアパレス湘南藤沢Ⅱ１３０４号室,2023-06-20,合同会社
合同会社テルミエンジニアリング,東京都大田区下丸子３丁目２２－１５、５０３号室,2023-06-20,合同会社
合同会社ネルソン,東京都小金井市本町２丁目２０番１２－１１０３号シティライブ武蔵小金井参番館,2023-06-20,合同会社
合同会社バウ,山口県宇部市山門３丁目５番２５－４号,2023-06-20,合同会社
合同会社フイリー,神奈川県川崎市麻生区高石４丁目３２－２１,2023-06-20,合同会社
合同会社ブロロロ,東京都渋谷区神宮前６丁目２３番４号桑野ビル２階,2023-06-20,合同会社
合同会社ヘロン,東京都新宿区大京町２４番地１ガーデンクレスト６０２,2023-06-20,合同会社
合同会社マイセルフ,北海道上川郡当麻町五条東２丁目１番１５号,2023-06-20,合同会社
合同会社マルワインターナショナル,千葉県千葉市若葉区小倉町１８０８番地２０,2023-06-20,合同会社
合同会社令和興業,山口県宇部市神原町２丁目５番１０－９号,2023-06-20,合同会社
合同会社宇高,東京都文京区千駄木４丁目１７番２―１４０１号,2023-06-20,合同会社
合同会社山将,神奈川県厚木市妻田南１丁目２１番２２号,2023-06-20,合同会社
合同会社希来里,千葉県大網白里市みずほ台１丁目１２－６,2023-06-20,合同会社
合同会社朝日ハウジング,東京都江東区亀戸２丁目２４番１－２０１号,2023-06-20,合同会社
合同会社波乗りうさぎ,大分県大分市角子原２丁目３－２５,2023-06-20,合同会社
合同会社紺屋町,群馬県前橋市千代田町４丁目６番５号,2023-06-20,合同会社
合同会社美創,秋田県秋田市土崎港南３丁目１２番地２３,2023-06-20,合同会社
合同会社花万,兵庫県伊丹市山田４丁目７番３５－２５０１号,2023-06-20,合同会社
合同会社隆希グループ,東京都練馬区石神井町３丁目２４－７,2023-06-20,合同会社
合同会社０４２６,東京都八王子市平町２５８－４,2023-06-20,合同会社
合同会社１０４Ｇａｍｅｓ,東京都稲城市平尾１丁目６０‐１８石井ハイム２０２号室,2023-06-20,合同会社
合同会社１０４Ｈｏｍｅｓ,東京都稲城市平尾１丁目５９番地の７中溝アパート２号室,2023-06-20,合同会社
合同会社ＡＬＣＡＮＳＡＲ,沖縄県宜野湾市真栄原３丁目８番３号ハイランドマンション７階,2023-06-20,合同会社
合同会社ＡＺＵＭＩＮＯＴＥＲＲＡＣＥ,長野県北安曇郡白馬村大字北城４５９７番地２,2023-06-20,合同会社
合同会社Ｂａｂｙ　Ｄｕｃｋ,茨城県那珂市菅谷４３５２－１－１０２,2023-06-20,合同会社
合同会社Ｃｏｍｐｌｅｔｅ,東京都杉並区下高井戸２丁目１４番１４－２０７号,2023-06-20,合同会社
合同会社ＤＴＫ,岐阜県岐阜市美島町２丁目８番地１,2023-06-20,合同会社
合同会社Ｄａｎｓｈｉｋｏ　Ｌａｂ,東京都千代田区平河町１丁目６番１５号ＵＳビル８Ｆ,2023-06-20,合同会社
合同会社ＤｅｕｘＨ,東京都葛飾区南水元２丁目２６番１７号２階,2023-06-20,合同会社
合同会社ＥＭＺ,大阪府大阪市北区大淀南２丁目２番９‐６０４号,2023-06-20,合同会社
合同会社Ｅｐｉｃ　Ｙａｒｄ,神奈川県藤沢市善行坂１丁目１‐２６リラシティ藤沢１０１２,2023-06-20,合同会社
合同会社ＨＡＮＡコーポレーション,大阪府大阪市中央区島之内１丁目１５番１２号３０１,2023-06-20,合同会社
合同会社ＨＡＲＵ,長崎県諫早市貝津町２１８８－１クリエイト・トウワⅡ４０１号,2023-06-20,合同会社
合同会社ＨＲＫ,福岡県福岡市中央区薬院３丁目１２番２２－１００１号,2023-06-20,合同会社
合同会社ＨＵＮＤＲＥＤ,東京都渋谷区道玄坂１丁目１０番８号渋谷道玄坂東急ビル２Ｆ－Ｃ,2023-06-20,合同会社
合同会社Ｈｏｌｏｍｕａ,大阪府八尾市都塚２丁目４５番地の３,2023-06-20,合同会社
合同会社ＩＴ５ＣＡＤ,東京都渋谷区神宮前６丁目２３番４号桑野ビル２階,2023-06-20,合同会社
合同会社Ｌ＆Ｍテンマヤワークス,神奈川県横浜市戸塚区下倉田町１１３５番地２号,2023-06-20,合同会社
合同会社ＬＹＳ,熊本県熊本市東区画図町大字重富５２９－１,2023-06-20,合同会社
合同会社Ｌａｎ,東京都新宿区西新宿３丁目３番１３号西新宿水間ビル２Ｆ,2023-06-20,合同会社
合同会社ＭＡＪＯＬＩＣＡ　ＶＯＩＣＥ,東京都板橋区小茂根１丁目２５番８号フラッツ小茂根２０３,2023-06-20,合同会社
合同会社ＭＡＹ企画,東京都新宿区西落合４丁目１０番２０号,2023-06-20,合同会社
合同会社ＭＥＩ　ＩＮＶＥＳＴＭＥＮＴ,東京都江東区有明２丁目１－２－２０９,2023-06-20,合同会社
合同会社ＭａｒｉＨｅｒｍｅ,愛知県名古屋市中村区名駅４丁目２４番５号第２森ビル４０１,2023-06-20,合同会社
合同会社Ｎスタイル,和歌山県和歌山市栄谷３００コーポ川原崎１０６号,2023-06-20,合同会社
合同会社Ｐｌａｎｅｔ,広島県広島市安佐南区祇園６丁目１９－１０Ｆｉｏｒｅ１０４,2023-06-20,合同会社
合同会社ＱＯＬ,静岡県富士市永田町１丁目１５中村ビル２０１,2023-06-20,合同会社
合同会社ＲＩ’Ｓ　ＴＥＣ,京都府城陽市寺田丁子口７２－２７,2023-06-20,合同会社
合同会社ＲＳＩ,静岡県富士市蓼原１９２番地の１グランディアⅡ－４０３号,2023-06-20,合同会社
合同会社Ｒｅ．Ｖｉｖａｌ,埼玉県越谷市東越谷１丁目１０番５号,2023-06-20,合同会社
合同会社ＳＳＴ,愛知県名古屋市北区若葉通１丁目２１番地メゾンコロル６０２号,2023-06-20,合同会社
合同会社ＳＴＡＲＴ,大阪府大阪市浪速区幸町３丁目４番１０－３０６号,2023-06-20,合同会社
合同会社Ｓｕｍｍａｒｙ,東京都江東区豊洲５丁目１番１３－３６２３号,2023-06-20,合同会社
合同会社Ｔ‐ＡＭＢＩＴＩＯＮ,熊本県熊本市西区城山下代１丁目１１番２４号,2023-06-20,合同会社
合同会社ＴＨＥ　ＯＴＨＥＲ　ＯＮＥ,福島県いわき市平上荒川字長尾２７９－３太陽書店いわき店,2023-06-20,合同会社
合同会社ＴＭサポート,大阪府枚方市宮之阪１丁目２３‐１４‐１２０５,2023-06-20,合同会社
合同会社ＷＩ,東京都練馬区東大泉５丁目１－８,2023-06-20,合同会社
合同会社Ｙクラフト,神奈川県横浜市磯子区丸山１丁目６番１－５０１号,2023-06-20,合同会社
合同会社ｃｏｃｏ,大阪府大阪市天王寺区上汐３丁目２番１６号アリビオ上本町３０４,2023-06-20,合同会社
合同会社ｃｏｎｆｉｄｏ,宮崎県都城市鷹尾２丁目１５街区１８号,2023-06-20,合同会社
合同会社ｅｔｅｒｎａｌ　ｌｉｇｈｔ,広島県広島市南区丹那町６６－３５－３０３,2023-06-20,合同会社
合同会社ｎｅｋｏｔｈｅｔａ,京都府宇治市明星町３丁目６番地の１３１,2023-06-20,合同会社
合同会社ｏｎｅ　ｓｔａｒｔ,愛知県名古屋市瑞穂区東栄町４丁目２６番地の２,2023-06-20,合同会社
合同会社ｙｍコーポレーション,岡山県岡山市北区高柳西町２－１７・２階,2023-06-20,合同会社
和歌山県公共ホール創造ネットワークモデル事業実行委員会,和歌山県和歌山市小松原通１丁目１番地,2023-06-20,その他
嘉華合同会社,東京都世田谷区駒沢４丁目１９－３スカイコート駒沢第２－１０７号室,2023-06-20,合同会社
四ツ葉株式会社,東京都中央区日本橋兜町１７番２号兜町第６葉山ビル４Ｆ,2023-06-20,株式会社
尊光寺,埼玉県坂戸市大字塚越１２０２番地３８,2023-06-20,その他の設立登記法人
小森工業株式会社,新潟県新潟市西区小新２３８番地５,2023-06-20,株式会社
山ニ青空合同会社,東京都墨田区立花４丁目２８番地２１,2023-06-20,合同会社
延岡市水産物消費拡大推進協議会株式会社,宮崎県延岡市北浦町古江２９２８番地５,2023-06-20,株式会社
弥勒合同会社,鹿児島県鹿児島市紫原２丁目４９番３号,2023-06-20,合同会社
心乃不動産株式会社,東京都豊島区上池袋３丁目３４－１１－１００４,2023-06-20,株式会社
恒瀚合同会社,東京都千代田区神田三崎町２丁目１０番１１号ＰＥＧビル５Ｂ－４号室,2023-06-20,合同会社
愛媛カーゴリンク株式会社,愛媛県新居浜市寿町１２番５４号１階,2023-06-20,株式会社
愛心クリーン合同会社,千葉県野田市山崎２６４９－１ビレッジハウス山崎２－４０４,2023-06-20,合同会社
斗愛ファームラシカ株式会社,千葉県佐倉市大篠塚７７３番地,2023-06-20,株式会社
新川電気工事株式会社,東京都中央区新川１丁目２８番４－６０１号,2023-06-20,株式会社
日本佐藤健康研究院株式会社,東京都豊島区南大塚１丁目３６－１６新田ハイツ２０１,2023-06-20,株式会社
晴る家こうむ店合同会社,福岡県福岡市中央区荒戸２丁目１番８号高橋ビル２０１号,2023-06-20,合同会社
暁サービス株式会社,岡山県岡山市南区万倍２３番地３６,2023-06-20,株式会社
未来ＶＩＳＩＯＮ株式会社,東京都千代田区紀尾井町３番１０号紀尾井町ガーデンタワー２５０４号（Ｃ／Ｏｓｈｉｍａｄａ－ｏｆｆｉｃｅ）,2023-06-20,株式会社
東京ライブラリー株式会社,東京都渋谷区恵比寿南２丁目３０番１－１０４号,2023-06-20,株式会社
東拓不動産株式会社,茨城県古河市旭町１丁目４番５号,2023-06-20,株式会社
株式会社いわきシンクウ,福島県いわき市好間町榊小屋字生木葉４番４,2023-06-20,株式会社
株式会社かのう商会,群馬県渋川市八木原５３４番地,2023-06-20,株式会社
株式会社つなぐ,新潟県燕市水道町２丁目３番１５号,2023-06-20,株式会社
株式会社ひととなり,東京都渋谷区東２丁目２７番１４号,2023-06-20,株式会社
株式会社ぽるく,北海道札幌市白石区南郷通１丁目南３番１６号ローズ・アヴェニュー南郷通１０１号,2023-06-20,株式会社
株式会社まや,大阪府堺市堺区中瓦町１丁３番２０号,2023-06-20,株式会社
株式会社みんなのかいじょ犬,宮城県宮城郡七ヶ浜町松ヶ浜字浜屋敷４３番地の１,2023-06-20,株式会社
株式会社もっちー,東京都中央区銀座１丁目２２番１１号銀座大竹ビジデンス２階,2023-06-20,株式会社
株式会社よっしー,長崎県諫早市西里町２４番地８,2023-06-20,株式会社
株式会社わかさ,島根県松江市福原町２０番地９,2023-06-20,株式会社
株式会社アクアベラソリューションズ,大阪府大阪市中央区西心斎橋１丁目４番５号,2023-06-20,株式会社
株式会社アナ,大阪府東大阪市加納６丁目１６番４号,2023-06-20,株式会社
株式会社アーキフォレスト,東京都大田区池上４丁目２７番１４号,2023-06-20,株式会社
株式会社アーバンライフ,群馬県前橋市天川町３９番地１３,2023-06-20,株式会社
株式会社ウィーモット,東京都品川区北品川５丁目８－２７北品川レジデンス３０１,2023-06-20,株式会社
株式会社エコクリーンハウス,福岡県糟屋郡須惠町大字旅石６８番地２７３,2023-06-20,株式会社
株式会社エミュー,京都府京都市南区西九条比永城町７０番地,2023-06-20,株式会社
株式会社エンゼルス,東京都品川区上大崎３丁目５番１１号ＭＥＧＵＲＯＶＩＬＬＡＧＡＲＤＥＮ４Ｆ,2023-06-20,株式会社
株式会社オーサム企画,静岡県富士市中島５１０番地の３,2023-06-20,株式会社
株式会社カナカ,京都府京都市南区久世大藪町５番地８桂川ハウス希１Ｆ,2023-06-20,株式会社
株式会社カーテック平和,福岡県福岡市博多区西月隈３丁目５番１３号,2023-06-20,株式会社
株式会社キム,大阪府摂津市千里丘新町５番２２－１２０４号,2023-06-20,株式会社
株式会社クリディア,神奈川県横浜市鶴見区市場下町９番１１号コーポ中山３０１号,2023-06-20,株式会社
株式会社ケイズ,沖縄県那覇市牧志２丁目１７番２７－４０１号,2023-06-20,株式会社
株式会社コムズ,熊本県球磨郡多良木町大字久米１２３０番地,2023-06-20,株式会社
株式会社サクセスウエイト,東京都杉並区井草３丁目４番１号,2023-06-20,株式会社
株式会社ザイ・テックエンジ,神奈川県鎌倉市材木座６丁目２３番５号,2023-06-20,株式会社
株式会社シマダ,熊本県熊本市南区江越１丁目２番２１号,2023-06-20,株式会社
株式会社シュウゼンｐｌｕｓ,神奈川県横浜市泉区新橋町１４５６番地９,2023-06-20,株式会社
株式会社シュウハチ,鹿児島県鹿児島市郡元１丁目９番７号川路ビル１０１,2023-06-20,株式会社
株式会社シンサービス,神奈川県横浜市旭区南本宿町９３番地６０ドルチェ壱番館１０２,2023-06-20,株式会社
株式会社スタンドゥール,神奈川県川崎市幸区堀川町７２番地２１ラゾーナ川崎レジデンスＲ９１２,2023-06-20,株式会社
株式会社チリトマト,大阪府大阪市阿倍野区北畠２丁目８番４６号,2023-06-20,株式会社
株式会社チー神,東京都目黒区目黒本町１丁目１０番１７号,2023-06-20,株式会社
株式会社ティヒ,東京都目黒区鷹番３丁目２１番地１４－３０３号,2023-06-20,株式会社
株式会社ティーティーファクトリー,東京都江戸川区西小岩３丁目３３番５－２０３号,2023-06-20,株式会社
株式会社テクノホーム,大阪府東大阪市若江北町１丁目１５番２７号Ａ１０２,2023-06-20,株式会社
株式会社テックル,宮崎県宮崎市清武町今泉丙２０２３番地３６,2023-06-20,株式会社
株式会社テンセイサポート,東京都調布市東つつじケ丘１丁目１６番地３－２０１,2023-06-20,株式会社
株式会社デイシン,愛知県名古屋市天白区植田山４丁目１１０１番地,2023-06-20,株式会社
株式会社デイズ,愛知県一宮市中島通２丁目３７番地５,2023-06-20,株式会社
株式会社バックオフィスセンター,広島県広島市中区八丁堀１５番１０号,2023-06-20,株式会社
株式会社ビジトレ,東京都杉並区上高井戸１丁目１４番６－４０５号,2023-06-20,株式会社
株式会社ビヌスタ,東京都品川区上大崎３丁目２番１号目黒センタービル８階,2023-06-20,株式会社
株式会社ファーストクラス,東京都品川区西五反田２丁目１３番１号,2023-06-20,株式会社
株式会社フォーリーフ,東京都千代田区外神田２丁目２番１７号,2023-06-20,株式会社
株式会社フジメン,静岡県裾野市伊豆島田２７０番地の１,2023-06-20,株式会社
株式会社ブロード,新潟県上越市仲町１丁目６番５号,2023-06-20,株式会社
株式会社プロダクツ,東京都港区南青山４丁目１７番３３号,2023-06-20,株式会社
株式会社ホーム＆アイ・ホールディングス,大阪府大阪市西区立売堀１丁目９番１５号,2023-06-20,株式会社
株式会社ポトフォリ,福岡県大牟田市天領町１丁目２２９番地１４,2023-06-20,株式会社
株式会社ミームン,沖縄県沖縄市南桃原４丁目１８番３３号,2023-06-20,株式会社
株式会社ムロテック,石川県能美郡川北町字与九郎島ロ５番地１,2023-06-20,株式会社
株式会社ムンライトジャパン,東京都葛飾区細田４丁目７番５号,2023-06-20,株式会社
株式会社モバイルエージェンシー,東京都品川区大井２丁目３番１２号,2023-06-20,株式会社
株式会社ライフビジョン,埼玉県さいたま市西区大字西遊馬１２７０番地１,2023-06-20,株式会社
株式会社ラシックス,大阪府豊中市岡町北２丁目７番３７号,2023-06-20,株式会社
株式会社ラノスインターナショナル,新潟県新潟市東区向陽２丁目４番１０号,2023-06-20,株式会社
株式会社リサエネ,愛知県名古屋市中区新栄１丁目６番２０号ＯＪビル４Ｂ,2023-06-20,株式会社
株式会社リッチドラゴン,東京都港区白金３丁目１番１３号日恵ビル２階,2023-06-20,株式会社
株式会社リフレクション,熊本県熊本市西区池上町１１４９番地,2023-06-20,株式会社
株式会社リベルタ,奈良県奈良市法蓮町７５７番地の１４,2023-06-20,株式会社
株式会社リンク・エステートジャパン,大阪府大阪市中央区南船場２丁目７番２０号日宝安堂寺橋ビル３Ｆ－３,2023-06-20,株式会社
株式会社ルートワン,愛知県名古屋市緑区桃山２丁目１７１番地,2023-06-20,株式会社
株式会社レナトス,東京都西東京市南町２丁目２１番１１号,2023-06-20,株式会社
株式会社ワールドネット,愛知県岡崎市昭和町字北浦１７番地１,2023-06-20,株式会社
株式会社三成舎,東京都板橋区宮本町６２番４号リーゼ板橋本町４０３,2023-06-20,株式会社
株式会社三開工業,北海道富良野市北の峰町２８番２８号,2023-06-20,株式会社
株式会社中川,東京都新宿区西落合３丁目２２番２２号,2023-06-20,株式会社
株式会社中川商店,東京都新宿区西落合３丁目２２番２２号,2023-06-20,株式会社
株式会社丸正塗装,静岡県富士宮市田中町６９９番地の１,2023-06-20,株式会社
株式会社二川畜産,兵庫県加古川市平岡町二俣２４９番地の１,2023-06-20,株式会社
株式会社京山,千葉県松戸市松戸字坂下１２８９番－１,2023-06-20,株式会社
株式会社京都ＷＯＲＫＳ　ＬＡＢ,京都府京都市下京区松原通烏丸西入玉津島町２９４番地コモンルーム四条烏丸４１５,2023-06-20,株式会社
株式会社住光企画,東京都練馬区土支田１丁目１１番５号,2023-06-20,株式会社
株式会社信福総合建設,千葉県千葉市若葉区桜木２丁目２５番２７号桜木ハイリビング弐番館４０２号,2023-06-20,株式会社
株式会社光和西日本,愛知県名古屋市中区錦３丁目１番３０号,2023-06-20,株式会社
株式会社光英,愛知県豊田市丸山町９丁目１８番地２Ｆ,2023-06-20,株式会社
株式会社右門建匠,長崎県佐世保市野中町４２８番地３３,2023-06-20,株式会社
株式会社地域振興開発,北海道稚内市中央４丁目１５番３９－１０１号,2023-06-20,株式会社
株式会社守谷企画,大阪府大阪市西区北堀江２丁目２番２４号プラディーバ北堀江９Ｆ,2023-06-20,株式会社
株式会社小山技建,東京都足立区六月２丁目１１番１７－３０３号,2023-06-20,株式会社
株式会社小林,奈良県橿原市中町２００番地の１４７,2023-06-20,株式会社
株式会社岩田塗装,愛知県豊田市東広瀬町城下９番地１,2023-06-20,株式会社
株式会社幸伸,石川県金沢市松島２丁目６３番地,2023-06-20,株式会社
株式会社斎藤,香川県高松市磨屋町５番地１１磨屋町ビル２階,2023-06-20,株式会社
株式会社有園再建,茨城県常総市水海道高野町１９１番地３,2023-06-20,株式会社
株式会社来園,愛知県名古屋市中川区中島新町１丁目３０５番地,2023-06-20,株式会社
株式会社東洋サービス,神奈川県横浜市中区弥生町２丁目１９番地１バースシティ横浜大通り公園９０１号室,2023-06-20,株式会社
株式会社松心閣,大阪府大阪市中央区常盤町１丁目４－１－６０７,2023-06-20,株式会社
株式会社松田屋,福岡県福岡市博多区上川端町１０番２６１号,2023-06-20,株式会社
株式会社湯沢不動産,新潟県南魚沼郡湯沢町大字湯沢３１７－６－２階,2023-06-20,株式会社
株式会社滋賀ブランド,滋賀県大津市鏡が浜４番１－１５０３号,2023-06-20,株式会社
株式会社眞栄城電気,東京都大田区池上７丁目８番１５号,2023-06-20,株式会社
株式会社真成,長野県塩尻市大字宗賀７１番地１８９,2023-06-20,株式会社
株式会社福田左官,北海道苫小牧市川沿町１丁目１２番２６号,2023-06-20,株式会社
株式会社立王,東京都大田区田園調布１丁目５２番１２号ＧｒａｎＤｕｏＤｅｎｅｎｃｈｏｆｕⅢ２０１,2023-06-20,株式会社
株式会社綾香,福岡県福岡市中央区薬院１丁目１５番２３－７０７号,2023-06-20,株式会社
株式会社羽玖,富山県高岡市中曽根１２番地４,2023-06-20,株式会社
株式会社聖愛,兵庫県伊丹市西野３丁目２４４,2023-06-20,株式会社
株式会社能登島クラス,石川県七尾市能登島鰀目町５５部１７番地,2023-06-20,株式会社
株式会社裕建,広島県広島市安佐北区亀山南２丁目５５番７号,2023-06-20,株式会社
株式会社金彩,福岡県福岡市中央区春吉２丁目１３番１７号,2023-06-20,株式会社
株式会社長浜工業,東京都江戸川区一之江８丁目３番２号エムエムビル３０２,2023-06-20,株式会社
株式会社関電気サービス,埼玉県さいたま市緑区大字下山口新田１７６番地,2023-06-20,株式会社
株式会社阿部板金店,群馬県伊勢崎市野町１２２番地７,2023-06-20,株式会社
株式会社雅天建設,熊本県上益城郡益城町大字小池１５２６番地,2023-06-20,株式会社
株式会社食堂,福岡県福岡市西区愛宕２丁目３番２号,2023-06-20,株式会社
株式会社飯干内装,宮崎県都城市乙房町４１９番地３,2023-06-20,株式会社
株式会社Ａ‐Ｃｏｎｎｅｃｔ,埼玉県北葛飾郡杉戸町杉戸２丁目２番３号,2023-06-20,株式会社
株式会社ＡＤＤＩＣＴ　ＯＮＥ,東京都渋谷区渋谷３丁目１番９号ＹＡＺＡＷＡビル３階,2023-06-20,株式会社
株式会社ＡＩプロダクション,東京都港区元麻布３丁目１番３５号ＶＯＲＴ元麻布５階,2023-06-20,株式会社
株式会社ＡＬＰＨＡ　ＴＲＡＤＩＮＧ,千葉県佐倉市大崎台２丁目８－７－１０２,2023-06-20,株式会社
株式会社ＡＱ　Ｐａｒｔｎｅｒｓ,東京都千代田区神田松永町１３ＶＯＲＴ秋葉原Ⅱ,2023-06-20,株式会社
株式会社ＡＵＴＯＢＵＤＤＹ,東京都板橋区大谷口北町８３番８号,2023-06-20,株式会社
株式会社Ａｈｉｒｕ５５,福岡県福岡市中央区平尾２丁目３番２４号,2023-06-20,株式会社
株式会社Ａｌｌｕｒｅ,兵庫県神戸市中央区北野町３丁目１番６号北野ヒルハウス２０２,2023-06-20,株式会社
株式会社ＢＡＵＺホールディングス,東京都目黒区中央町１丁目１８番９号,2023-06-20,株式会社
株式会社ＢＢＡ,東京都江戸川区南葛西５丁目１８番３－１１０６号,2023-06-20,株式会社
株式会社ＢＥＹＯＮＤ,福岡県福岡市中央区大手門３丁目４番５号,2023-06-20,株式会社
株式会社ＢＴＮ．ＴＲＡＤＩＮＧ,茨城県石岡市若松３丁目７番２３号,2023-06-20,株式会社
株式会社Ｂｅｅ,大阪府大阪市西区靱本町１丁目１６番２０号,2023-06-20,株式会社
株式会社ＣＦＯサーチ,東京都港区北青山２丁目１２番８号,2023-06-20,株式会社
株式会社ＣＩＴＲＯＮ　ＡＩ,東京都新宿区高田馬場３丁目１２番５号セブンビル３Ｓ,2023-06-20,株式会社
株式会社ＣＰ,千葉県茂原市千代田町１丁目７番地８号マルモトビル３Ｆ左,2023-06-20,株式会社
株式会社ＣＲＹＰＴＯ　ＢＵＴＴＥＲ,広島県広島市西区三滝本町２丁目９番２３－３０１号,2023-06-20,株式会社
株式会社Ｃｌｏｕｄ　Ｎｉｎｅ,大阪府高槻市北大樋町４番１号,2023-06-20,株式会社
株式会社Ｃｌｏｕｄｙ,東京都港区白金２丁目５番５－７０３号,2023-06-20,株式会社
株式会社Ｄｅｃｌｉｃ,東京都渋谷区渋谷２丁目１９番１５号,2023-06-20,株式会社
株式会社Ｅｖｅｒ,東京都千代田区九段南１丁目５番６号りそな九段ビル５階ＫＳフロア,2023-06-20,株式会社
株式会社ＦＯＳＳＥＴＴＡ,東京都渋谷区鉢山町５番７号,2023-06-20,株式会社
株式会社ＦＲＡＧＭＥＮＴ,大阪府大阪市淀川区木川西１丁目６－１１,2023-06-20,株式会社
株式会社ＦＵＫＵＺＥＮ,大阪府枚方市香里ケ丘１丁目９番地の５（２０６）,2023-06-20,株式会社
株式会社ＦｉｅｌｄＷｏｒｋｓ,新潟県長岡市深沢町２０８５－１６ながおか新産業創造センタールーム８,2023-06-20,株式会社
株式会社ＦｉｎｅＬｉｇ,福岡県福岡市東区松田３丁目１８番１９－１０２号,2023-06-20,株式会社
株式会社ＧＥＮＦＯＲＤ,東京都豊島区南池袋２丁目４５番２－２０１１号,2023-06-20,株式会社
株式会社ＧＧＴ,愛知県名古屋市中村区名駅１丁目１番１号ＪＰタワー２１Ｆ,2023-06-20,株式会社
株式会社ＧＵＡＲＤ　ＨＯＲＳＥ,東京都品川区旗の台２丁目２番３号,2023-06-20,株式会社
株式会社ＨＡＬＬＥＬＵＪＡＨ,茨城県常総市内守谷町きぬの里１丁目８番地１８,2023-06-20,株式会社
株式会社ＨＹネクスト,茨城県神栖市大野原６丁目３番３７号,2023-06-20,株式会社
株式会社Ｈｉｇｈｓｔｏ,東京都渋谷区神宮前６丁目２３－４桑野ビル２階,2023-06-20,株式会社
株式会社ＩＤ　ＣＯＳＭＥ,大阪府大阪市港区弁天１丁目６番５号,2023-06-20,株式会社
株式会社ＩＫＭｏｂｉｌｉｔｙ,静岡県浜松市東区大島町３８０－２,2023-06-20,株式会社
株式会社ＪＳ,大阪府大阪市中央区本町４丁目５番３号,2023-06-20,株式会社
株式会社ＪｏｂＲａｉｓｅ,静岡県富士市平垣２９１番地の８・３Ｆ北側,2023-06-20,株式会社
株式会社Ｋ‐ＮＥＸＴ,青森県上北郡おいらせ町川端３８番地２,2023-06-20,株式会社
株式会社Ｋ．Ｎ．Ｐ,広島県広島市東区尾長西２丁目１０番２３号,2023-06-20,株式会社
株式会社ＫＩ,福岡県糟屋郡篠栗町大字篠栗４０１３番地１,2023-06-20,株式会社
株式会社ＫＲＨ,東京都中野区新井１丁目１１番５号,2023-06-20,株式会社
株式会社ＬＡＬ,鳥取県鳥取市江津７０１番地３,2023-06-20,株式会社
株式会社ＬＵＸ,大阪府大阪市北区曾根崎新地１丁目２番３４号新谷安ビル３階,2023-06-20,株式会社
株式会社Ｌａｎｄ,奈良県五條市西吉野町平沼田１３９３番地,2023-06-20,株式会社
株式会社Ｌｅａｌｅ,福岡県福岡市中央区大手門２丁目１０番２９号,2023-06-20,株式会社
株式会社Ｌｉｖｅ　Ａｎｄ　Ｌｉｆｅ,愛知県名古屋市東区代官町３番１２号,2023-06-20,株式会社
株式会社Ｌｏｇｉｃ＆Ｃｏｍｐａｎｙ,東京都渋谷区恵比寿３丁目７－２,2023-06-20,株式会社
株式会社ＭＡＨＯＲＯＢＡ,東京都杉並区高円寺南４丁目４１番１０号ＵＰＢＡＳＥ高円寺１０４,2023-06-20,株式会社
株式会社ＭＨ,神奈川県平塚市代官町２１－１６－３０３,2023-06-20,株式会社
株式会社ＭＩＰ,大阪府大阪市城東区成育３丁目９番１２－１３０１号,2023-06-20,株式会社
株式会社ＭＭ,東京都中央区日本橋人形町３丁目１２番７－５０１号,2023-06-20,株式会社
株式会社ＭＯＮＫＳ,東京都杉並区高円寺南３丁目２２番８－３０１号,2023-06-20,株式会社
株式会社ＭＳファミリア,大阪府大阪市淀川区塚本４丁目１番１－２０５号,2023-06-20,株式会社
株式会社Ｍｉｍｏｓａ,長野県北佐久郡軽井沢町大字長倉４５３３番地２０７,2023-06-20,株式会社
株式会社Ｎトラスト,熊本県山鹿市蒲生９０番地４,2023-06-20,株式会社
株式会社ＮＫｐｒｏｐｅｒｔｙ,新潟県新潟市西区青山１丁目１番１７号,2023-06-20,株式会社
株式会社ＯＡＳＩＳ,東京都墨田区立川３丁目６番１２号ルーチェヴィラ５０６,2023-06-20,株式会社
株式会社ＰＬＵＳ　ＯＮＥ,大阪府堺市西区鳳東町７丁８００番地１０Ｃｏｌｌｅｃｔｉｏｎ鳳東町５０７号,2023-06-20,株式会社
株式会社ＰＭＡ,大阪府泉大津市助松町１丁目２番２９号,2023-06-20,株式会社
株式会社ＰＯＺＭＡＮ,大阪府大阪市北区大淀南２丁目２－９－１００５,2023-06-20,株式会社
株式会社ＰＲａｄｖｉｓｅｒＬａｂ,福岡県福岡市博多区千代４丁目４－１６四季のいろＢＬＤ２Ｆ,2023-06-20,株式会社
株式会社Ｐａｔｈ　ｏｆ　Ｌｉｇｈｔｓ,東京都中央区銀座１丁目１２－４Ｎ＆ＥＢＬＤ７階,2023-06-20,株式会社
株式会社ＰｅｒＦａｃｔ,東京都渋谷区広尾１丁目２－１・４Ｆ,2023-06-20,株式会社
株式会社Ｐｅｒｅｇｉｎｕｓ,三重県津市半田５９２番地１松生卓球道場内,2023-06-20,株式会社
株式会社Ｐｌｕｓ　ｏｎｅ,愛知県名古屋市東区古出来１丁目５番２３号,2023-06-20,株式会社
株式会社ＱＵＢＥ,東京都中央区銀座１丁目１２番４号Ｎ＆ＥＢＬＤ．６Ｆ,2023-06-20,株式会社
株式会社Ｒ・Ｊ,茨城県北茨城市磯原町磯原１７５４－２レユシールニシザワ１０２,2023-06-20,株式会社
株式会社ＲＥＣインダストリー,愛知県名古屋市中区栄３丁目１５番３３号,2023-06-20,株式会社
株式会社ＲＨＥ,兵庫県三木市緑が丘町中２丁目１番地の１４,2023-06-20,株式会社
株式会社ＲｅＬｉｆｅ　Ｐｒｏｐｅｒｔｙ,大阪府大阪市中央区安土町２丁目３番１３号大阪国際ビルディング１４階,2023-06-20,株式会社
株式会社Ｒｅｄ　Ｔａｂｂｙ,兵庫県西宮市甲子園口北町１７－１９ヴィラージュＭ１０３,2023-06-20,株式会社
株式会社Ｓ‐ＢＲＡＮＤ,神奈川県相模原市緑区橋本３丁目１９番１７－５０１号プリムローズハウス,2023-06-20,株式会社
株式会社ＳＨＩＲＡＫＡＢＡ,大阪府大阪市中央区日本橋１丁目１７－１７ピカソ日本一ビル７０３号,2023-06-20,株式会社
株式会社ＳＩＤＥ‐２,神奈川県横浜市緑区鴨居４丁目５８番１１－２０５号,2023-06-20,株式会社
株式会社ＳＩＮＣＥ,東京都港区北青山１丁目３番１号アールキューブ青山３Ｆ,2023-06-20,株式会社
株式会社ＳＮＤ,大阪府吹田市青山台３丁目２７番２号,2023-06-20,株式会社
株式会社ＳＯＨＡＩＬ　ＴＲＡＤＩＮＧ　ＣＯＭＰＡＮＹ,新潟県北蒲原郡聖籠町東港７丁目８６１番地２,2023-06-20,株式会社
株式会社ＳＵＮ　ＳＥＶＥＮ,香川県高松市木太町１９７２番地１エトワールⅡＡ２０２,2023-06-20,株式会社
株式会社Ｓｅｃｏｎｄｂａｓｅ,福岡県福岡市東区馬出５丁目７番７号,2023-06-20,株式会社
株式会社ＳｉｎＣｏｍｐａｎｙ,愛知県西尾市吉良町富好新田四縄２０番地エルピーダ２０１号室,2023-06-20,株式会社
株式会社Ｓｉｒｉｏ,神奈川県横浜市中区桜木町２丁目２番地港陽ビル４Ｆ,2023-06-20,株式会社
株式会社Ｓｍｉｌｅｙ,栃木県佐野市赤見町３５５９番地１,2023-06-20,株式会社
株式会社Ｓｏｌｉｄ　Ｃｒｅｗ,東京都港区芝５丁目３６番４号札の辻スクエア９階,2023-06-20,株式会社
株式会社ＳｔｅｐＮｏｔｉｃｅ,千葉県市川市鬼高４丁目１０－８,2023-06-20,株式会社
株式会社ＴＣＧ,東京都目黒区駒場１丁目４－４アジールコフレ渋谷神泉２０２号,2023-06-20,株式会社
株式会社ＴＦＫ,大阪府堺市南区檜尾３１７８番地,2023-06-20,株式会社
株式会社ＴＫ,大阪府大阪市福島区福島７丁目２０番１８－４２０３号,2023-06-20,株式会社
株式会社ＴＮＣ,東京都墨田区東向島５丁目４１番１５号,2023-06-20,株式会社
株式会社ＴＯＵＳＥＮ,大阪府大阪市東住吉区住道矢田７丁目１０番１３号,2023-06-20,株式会社
株式会社ＴＯＷＥＲ５,東京都渋谷区恵比寿１丁目１５番９号日宝恵比寿ビル４０３,2023-06-20,株式会社
株式会社Ｔａｍ３,大阪府大阪市中央区北久宝寺町２丁目２番１３号マエダビル５Ｆ、５０５号,2023-06-20,株式会社
株式会社Ｔｃｏｎｎｅｃｔｉｏｎｓ,福岡県筑紫野市針摺東１丁目２１番２７号,2023-06-20,株式会社
株式会社ＵＫ,北海道札幌市中央区北三条東１０丁目１２１番地プレミストタワーズ札幌苗穂ブライトゲートＢ２２１１号,2023-06-20,株式会社
株式会社Ｖ３ＳＣ　ＴＲＡＤＩＮＧ,神奈川県愛甲郡愛川町春日台３丁目１番地の２７,2023-06-20,株式会社
株式会社Ｖｉｓｐｅｒａ,東京都新宿区新宿４丁目１－６ＪＲ新宿ミライナタワー１８Ｆ,2023-06-20,株式会社
株式会社Ｗｉｎｄ‐ｆ,茨城県かすみがうら市坂１番地,2023-06-20,株式会社
株式会社ＸＲＡＩＳＥ,東京都渋谷区神宮前６丁目２３番４号桑野ビル２階,2023-06-20,株式会社
株式会社Ｙ８,愛知県名古屋市中区栄５丁目４番１２号（９０３号室）,2023-06-20,株式会社
株式会社ＹＴＥＡＭ,愛知県名古屋市守山区廿軒家３０番８号,2023-06-20,株式会社
株式会社ＹＵＵＬＥ,東京都渋谷区恵比寿西１丁目３３番６号ＪＰｎｏｉｅ恵比寿西１Ｆ,2023-06-20,株式会社
株式会社ｃｕｒａｓｏ　ｖｉｌｌａｇｅ,大分県大分市長浜町１丁目１－１２尾形ビル１０２,2023-06-20,株式会社
株式会社ｄｅｎｄｒｉｔｅ,東京都品川区中延４丁目４番３号メゾンエスト３０３,2023-06-20,株式会社
株式会社ｆｅｌｉｚ,大阪府泉南郡田尻町吉見３６９番地３,2023-06-20,株式会社
株式会社ｌｉｎｅｂｕｉｌｄ,東京都足立区梅島３丁目４３番１号,2023-06-20,株式会社
株式会社ｍａｍａｚｉ,岐阜県瑞浪市上平町４丁目５１番地,2023-06-20,株式会社
株式会社ｍｏｍｏ,東京都千代田区神田神保町３丁目９番地１５幸保ビル２階Ａ号室,2023-06-20,株式会社
株式会社ｏｎｅ．ｔｈｒｅｅ,東京都渋谷区恵比寿１丁目２３番２１号ヤマトハイツ４０１,2023-06-20,株式会社
株式会社ｏｔｎ,東京都品川区上大崎２丁目６番４号ＨＩＬＬＳＩＤＥ白金長者丸Ｃ号室,2023-06-20,株式会社
株式会社ｐｌｕｓ　Ｇ,静岡県静岡市駿河区聖一色３５７番地の１,2023-06-20,株式会社
株式会社ｓｏｒａｍｉ,東京都港区赤坂６丁目６番２９－５０３号,2023-06-20,株式会社
桃花不動産株式会社,愛媛県松山市和泉北１丁目１６番１０号,2023-06-20,株式会社
沛貽珂堂有限公司,兵庫県神戸市中央区八幡通１丁目１－２１甲南メゾン三宮１０３号室,2023-06-20,外国会社等
瀬戸内アイランドウイスキー株式会社,山口県大島郡周防大島町大字伊保田１１９５番地,2023-06-20,株式会社
特定非営利活動法人エール,長崎県諫早市福田町２５７０番地３,2023-06-20,その他の設立登記法人
特定非営利活動法人優タウン,神奈川県藤沢市南藤沢７番２号沢滝ビル２階ｔｈｅＫＡＩＤＡＮｆｕｊｉｓａｗａ内,2023-06-20,その他の設立登記法人
特定非営利活動法人芦ノ湖発淡水の釣りの未来を考える会,神奈川県足柄下郡箱根町箱根６１番地,2023-06-20,その他の設立登記法人
特定非営利活動法人ＩＰＧＣ‐Ｈｉｒｏｓｈｉｍａ,広島県広島市中区本川町３丁目１番５号,2023-06-20,その他の設立登記法人
盛青医薬株式会社,東京都台東区下谷１丁目１１番５－８０３号,2023-06-20,株式会社
礼賢株式会社,東京都台東区松が谷２丁目１５番８号浅草Ｋ２ビル４０４号室,2023-06-20,株式会社
社会保険労務士法人ＭＩＲＡＩ,大阪府大阪市中央区大手前１丁目７番３１号ＯＭＭ１階ＳｅｒｖｉｃｅＯｆｆｉｃｅＷ天満橋,2023-06-20,その他の設立登記法人
神の木農場合同会社,山梨県笛吹市御坂町下野原１１２０番地,2023-06-20,合同会社
福建株式会社,東京都江戸川区南小岩２丁目１０番１８号,2023-06-20,株式会社
福田企業株式会社,東京都江東区東砂５丁目５番６－４０７号室,2023-06-20,株式会社
税理士法人ケインズアイ,千葉県千葉市中央区問屋町１番３５号,2023-06-20,その他の設立登記法人
税理士法人フォワード会計,千葉県松戸市松戸１８７９番地の１松戸商工会館３階,2023-06-20,その他の設立登記法人
華騰合同会社,千葉県市川市市川２丁目３１番１９号コーポヤマカ１０２,2023-06-20,合同会社
華龍商事株式会社,広島県東広島市高屋町杵原２６番地１,2023-06-20,株式会社
郡山エンターテイメント合同会社,福島県郡山市駅前１丁目４番地８号遠藤ビル３階,2023-06-20,合同会社
金太郎錦鯉株式会社,愛知県豊田市中金町如来１３２番地１,2023-06-20,株式会社
鑫源豊株式会社,東京都板橋区高島平８丁目１３番１４－３０１号,2023-06-20,株式会社
雅インターナショナル株式会社,愛知県名古屋市守山区川宮町３９０－２アプトエーデルワイスＢ,2023-06-20,株式会社
高鶴株式会社,大阪府大阪市中央区南船場２丁目９－１ＴｈｅＰｅａｋＳｈｉｎｓａｉｂａｓｈｉ５０１室,2023-06-20,株式会社
鴻昇株式会社,東京都江戸川区東小岩６丁目２番１１号,2023-06-20,株式会社
Ａ‐ＦｉｖｅＳｔａｒｋｅ株式会社,埼玉県所沢市大字上安松１０８７番地の８,2023-06-20,株式会社
Ａ４ＪＰ　Ｏｃｔｏｂａｌｌ合同会社,東京都中央区日本橋３丁目９番１号日本橋三丁目スクエア１１階,2023-06-20,合同会社
Ａ４ＪＰ　Ｏｃｔｏｂａｌｌ特定目的会社,東京都中央区日本橋３丁目９番１号日本橋三丁目スクエア１１階,2023-06-20,その他の設立登記法人
ＡＦ合同会社,東京都中央区銀座１丁目１５番１３号ＶＯＲＴ銀座ｒｅｓｉｄｅｎｃｅ１００１,2023-06-20,合同会社
ＡＩＳアウトソーシング株式会社,埼玉県八潮市大字伊勢野２０８番地１,2023-06-20,株式会社
Ａｆｏｒｅ　Ｊａｐａｎ株式会社,福岡県福岡市博多区比恵町１番１８号１１階,2023-06-20,株式会社
Ａｓｔｅｒｉｓｋ株式会社,東京都杉並区阿佐谷南１丁目１２番１号アズ阿佐ヶ谷レジデンス（３０６）,2023-06-20,株式会社
Ｂｅｓｔｅｖｅｒ株式会社,神奈川県川崎市高津区下作延２丁目２２番２３－５０４号,2023-06-20,株式会社
Ｃ‐ｐｕｂｌｉｃ株式会社,三重県四日市市諏訪栄町６番１５号旭ビル,2023-06-20,株式会社
ＣＯＲＥ合同会社,大分県大分市新春日町２丁目６番４０号山の手マンション２０５,2023-06-20,合同会社
ＣＲｅＡＴＯＲ　ＣＯＭＭＵＮＩＴＹ株式会社,東京都渋谷区宇田川町３番７号ヒューリック渋谷公園通りビル５Ｆ－７０,2023-06-20,株式会社
Ｄ＆ＡデパートＪａｐａｎ合同会社,大阪府堺市西区浜寺諏訪森町西４丁３１７番地３,2023-06-20,合同会社
Ｄｅｎｔ．Ｅｄｕ合同会社,東京都文京区関口１丁目１０番２０－６０５号,2023-06-20,合同会社
Ｅｘｐｌｏｒｅ　ＤＸ株式会社,東京都港区新橋６丁目５番４号ＤＩＫマンション５２３号室,2023-06-20,株式会社
ＧＡＲＡＭ　ＥＤＵ合同会社,東京都渋谷区恵比寿南１丁目１９番１号３０２,2023-06-20,合同会社
Ｇｒａｃｅ　Ｌｏｏｐ合同会社,神奈川県藤沢市辻堂東海岸１丁目１０番１２号,2023-06-20,合同会社
Ｈ＆Ｈ合同会社,群馬県前橋市本町２丁目３番１７号,2023-06-20,合同会社
ＨＥＩＫＯＵＳＥＮ株式会社,千葉県野田市木間ケ瀬７３０番地８４,2023-06-20,株式会社
ＪＡＣＱＵＥｓ　Ｊａｐａｎ合同会社,千葉県袖ケ浦市横田３３－１トモネビル２０２,2023-06-20,合同会社
ＪＨＣ株式会社,群馬県太田市西新町９３番地４,2023-06-20,株式会社
ＪＩＡＮＧＹＩＮ　ＳＩＡＮ　ＰＬＡＳＴＩＣ　ＰＲＯＴＥＣＨ　ＣＯ．ＬＴＤ,,2023-06-20,外国会社等
ＪＫＦＯＯＤＳ株式会社,神奈川県横浜市中区新山下２丁目１１番２７－７０１号,2023-06-20,株式会社
ＬＩＢＥＬ合同会社,東京都豊島区池袋２丁目５７－１コンフォリア池袋３０１,2023-06-20,合同会社
ＬｅａｄｉｎｇＶｉｓｉｏｎ株式会社,東京都墨田区江東橋４丁目２７番１４号楽天地ビル３Ｆ,2023-06-20,株式会社
ＬｉＦＥ　ＴｉＭＥ株式会社,沖縄県那覇市松尾２丁目７番２６号,2023-06-20,株式会社
Ｌｉｂｏｎ株式会社,東京都品川区東五反田４丁目４番４号,2023-06-20,株式会社
Ｌｏｇｉｃ株式会社,大阪府大阪市東住吉区住道矢田８丁目１８－１２,2023-06-20,株式会社
ＬｏｎｇＹａｎＳｈｉＢｕＥｒＷａｎＪｉａＭａｏＹｉＹｏｕＸｉａｎＧｏｎｇＳｉ,,2023-06-20,外国会社等
ＭＪ商事合同会社,埼玉県熊谷市三ヶ尻３７２７大塚倉庫８－１Ｆ,2023-06-20,合同会社
Ｍａｒｙｇｏｌｄ合同会社,神奈川県横須賀市追浜東町２丁目３－１ザ・パークハウス追浜Ｄ－５２５,2023-06-20,合同会社
ＭｏｏｎＬｉｇｈｔ合同会社,兵庫県神戸市兵庫区駅南通１丁目２番２６－２０１号ＳＵＮＲＩＳＥＢＬＤＳＫＯＢＥ,2023-06-20,合同会社
Ｍｏｔｏｋｉ蒸研株式会社,京都府京都市上京区下立売通七本松東入長門町４１４番地,2023-06-20,株式会社
Ｎ．Ａ．Ａ株式会社,東京都江戸川区鹿骨１丁目２０番９号ラ・マドレⅦ２０２,2023-06-20,株式会社
ＮＡＣＳ株式会社,埼玉県川口市芝富士２丁目９番１１号,2023-06-20,株式会社
ＮＥＶＥＲ　ＭＩＮＤ　ＷＯＲＫＳ合同会社,大阪府大阪市北区梅田１丁目１－３大阪駅前第３ビル２３０７,2023-06-20,合同会社
ＮＮＫ　ＡＵＴＯ株式会社,茨城県土浦市永井１８８０番地,2023-06-20,株式会社
ＮＰＯ法人秦野本町ＳＳ,神奈川県秦野市今泉８４番地の１５,2023-06-20,その他の設立登記法人
ＮＹＳ株式会社,神奈川県藤沢市片瀬山４丁目９番１５号,2023-06-20,株式会社
ＯＦＦＩＣＥＨＵＢ株式会社,福岡県福岡市南区花畑３丁目３９－２６フラワーパレス１０３号室,2023-06-20,株式会社
ＯＬＥＡ　ＰＥＡＣＥ合同会社,神奈川県相模原市南区当麻２５９３番地１,2023-06-20,合同会社
ＯＳ　ＪＡＰＡＮ株式会社,大阪府大阪市中央区瓦町１丁目７番２号ＴＴＮ堺筋本町ビル４Ｆ,2023-06-20,株式会社
ＰＨＯＯＯＴＯＳ　ＮＥＴＷＯＲＫ　ＴＥＣＨＮＯＬＯＧＹ　ＣＯ．，ＬＴＤ．,,2023-06-20,外国会社等
ＰｕＴｉａｎＳｈｉＣｈｅｎｇＸｉａｎｇＱｕＲｉＺｈｉＥ－Ｂｕｓｉｎｅｓｓ　Ｃｏ．，Ｌｔｄ,,2023-06-20,外国会社等
Ｒ＆Ｎ株式会社,東京都中央区晴海３丁目１３番２号３５１６号,2023-06-20,株式会社
Ｒｅ‐Ｐｏｉｎｔ合同会社,神奈川県海老名市東柏ケ谷１丁目２番１８号,2023-06-20,合同会社
ＲｉｃｈＧｕｌｆ株式会社,福岡県北九州市若松区青葉台南２丁目１７－１２－３０４,2023-06-20,株式会社
ＳＬＯＷＲＡＤＩＣＡＬ合同会社,東京都港区白金台４丁目５番４号コンシェリア白金台９０４,2023-06-20,合同会社
ＳＯＦＩＴ合同会社,東京都足立区竹の塚３丁目２０番１１竹の塚ファッションセンタービル３０２号室,2023-06-20,合同会社
ＳＴＯＲＭ　ＴＩＭＥ合同会社,東京都港区六本木４丁目９－２俳優座ビル８０４号室,2023-06-20,合同会社
Ｓｅａｋｅｎ　Ｖｉｌｌａｇｅ株式会社,神奈川県横浜市港北区仲手原２丁目２－１７,2023-06-20,株式会社
Ｓｎａｃｋｆｏｏｄ合同会社,東京都渋谷区渋谷２丁目１９－１５宮益坂ビルディング６０９,2023-06-20,合同会社
Ｓｏｌｏｍｏｎ　Ｔｅｃｈｎｏｌｏｇｙ日本株式会社,東京都千代田区神田紺屋町８番地,2023-06-20,株式会社
ＴＡＴ　Ｃａｐｉｔａｌ　Ｆｕｎｄ　Ｊａｐａｎ株式会社,東京都港区元麻布２丁目１１番１７－４０５号,2023-06-20,株式会社
ＴＥＫＯ合同会社,東京都大田区久が原２丁目１２番１２－７０５号,2023-06-20,合同会社
ＴＭＳ株式会社,兵庫県尼崎市塚口町１丁目１８番地の７メゾンパル８０４号,2023-06-20,株式会社
ＴＯＢＩＫＯＥ株式会社,東京都渋谷区渋谷３丁目１番地９号ＹＡＺＡＷＡビル３階,2023-06-20,株式会社
ＴＯＫＹＯ　ＭＥＧＡＮＥ　ＪＵＮＫ株式会社,東京都中央区月島１丁目２０番５号,2023-06-20,株式会社
ＶＥＲＴＥＸ株式会社,熊本県熊本市西区城山下代１丁目１番３号,2023-06-20,株式会社
Ｖｉｃｔｏｒｉａ合同会社,神奈川県川崎市宮前区平２丁目１２－１３－５０４センチュリータウン,2023-06-20,合同会社
Ｘｉｎｇｔａｉ　Ｈａｎｔｕ　Ｔｒａｄｅ　Ｃｏ．，Ｌｔｄ．,,2023-06-20,外国会社等
ＹｏｎｇＫａｎｇＳｈｉＷｅｉＳｅｎＭａｏＹｉＹｏｕＸｉａｎＧｏｎｇＳｉ,,2023-06-20,外国会社等
Ｙｏｎｇｋａｎｇｓｈｉ　Ｑｉｍｏｄｉａｎｄｏｎｇｇｏｎｇｊｕｙｏｕｘｉａｎｇｏｎｇｓｉ,,2023-06-20,外国会社等
Ｚ．Ｅ．Ｎ株式会社,山梨県甲府市和戸町１０８番地１,2023-06-20,株式会社
Ｚｅｎｐｌａｔ株式会社,東京都千代田区九段北１丁目９番地５号朝日マンション４０９号,2023-06-20,株式会社
ｄｉｆｆｕｓｅ合同会社,神奈川県横浜市神奈川区羽沢南２丁目２４番６号,2023-06-20,合同会社
ｌｏｎｇｙａｎｓｈｉｍｏｍｉｍａｏｙｉｙｏｕｘｉａｎｇｏｎｇｓｉ,,2023-06-20,外国会社等
ｌｏｎｇｙａｎｓｈｉｑｕｎｄｉａｎｆｕｍａｏｙｉｙｏｕｘｉａｎｇｏｎｇｓｉ,,2023-06-20,外国会社等
ｌｏｎｇｙａｎｓｈｉｙｉｑｉａｎｍａｏｙｉｙｏｕｘｉａｎｇｏｎｇｓｉ,,2023-06-20,外国会社等
ｍｅｄｉｃａｌ　ｃａｒｅ合同会社,茨城県神栖市知手中央６丁目１３番１２号,2023-06-20,合同会社
ｓｈａｎｇｈａｉｙｉｓｈｏｕｊｉｘｉｅｋｅｊｉｙｏｕｘｉａｎｇｏｎｇｓｉ,,2023-06-20,外国会社等
ｓｈｅｎｚｈｅｎｓｈｉ　ｌａｎｙａｎｇ　ｄｉａｎｚｉ　ｓｈａｎｇｗｕ　ｙｏｕｘｉａｎ　ｇｏｎｇｓｉ,,2023-06-20,外国会社等
あすのき株式会社,福岡県大牟田市大字田隈５０５番地２,2023-06-21,株式会社
くるくる株式会社,東京都多摩市落合１丁目４６番１号ココリア多摩センター７階,2023-06-21,株式会社
たくみ工務店株式会社,東京都練馬区平和台４丁目１３番１８号第三桜マンション３０５号,2023-06-21,株式会社
ちびっこはうす株式会社,栃木県宇都宮市中島町７６５番地１,2023-06-21,株式会社
ゆうしゅん観光ＸＸ株式会社,北海道札幌市南区定山渓温泉西２丁目４５番地２,2023-06-21,株式会社
アイケーユウ株式会社,兵庫県川西市東畦野３丁目２番７－６号１０１,2023-06-21,株式会社
アイ・フォース・パートナーズ合同会社,愛知県名古屋市昭和区南分町６丁目３１番地の１,2023-06-21,合同会社
アガベソーラーホールディングス一般社団法人,東京都中央区八丁堀４丁目２番１０号ＡＯＪ税理士法人内,2023-06-21,その他の設立登記法人
アスカ商事株式会社,千葉県浦安市弁天３丁目２番２４－３号,2023-06-21,株式会社
アーヘン合同会社,愛知県名古屋市中区丸の内１丁目１５番２０号,2023-06-21,合同会社
イグレック株式会社,東京都中央区銀座１丁目２２番１１号銀座大竹ビジデンス２Ｆ,2023-06-21,株式会社
イーグル株式会社,愛知県海部郡蟹江町大字蟹江新田字佐屋川西５６番地,2023-06-21,株式会社
ウィーデイ合同会社,東京都八王子市子安町１丁目４８番９号２０２号室,2023-06-21,合同会社
エクセレントシティ船橋ＥＡＳＴ管理組合,千葉県船橋市湊町２丁目１－１７,2023-06-21,その他
エフコム株式会社,宮城県仙台市若林区卸町２丁目１番地の８パークホームズ仙台卸町１２０７,2023-06-21,株式会社
エンオーク合同会社,大阪府大阪市北区梅田１丁目２番２号大阪駅前第２ビル１２－１２,2023-06-21,合同会社
オークソーラーホールディングス一般社団法人,東京都中央区八丁堀４丁目２番１０号ＡＯＪ税理士法人内,2023-06-21,その他の設立登記法人
オールリーダーコンサルティング株式会社,東京都港区北青山１丁目３番１号アールキューブ青山３階,2023-06-21,株式会社
カリンソーラーホールディングス一般社団法人,東京都千代田区九段南３丁目７番７号成和綜合会計事務所内,2023-06-21,その他の設立登記法人
キング手袋株式会社,和歌山県和歌山市布引３３３番地,2023-06-21,株式会社
クライオソリューションズ株式会社,兵庫県神戸市中央区御幸通２丁目１番２６号Ｍ＆Ｃビル５０１,2023-06-21,株式会社
クラスタークリエイタージョブズ株式会社,東京都品川区西五反田８丁目９番５号,2023-06-21,株式会社
グリーンカンパニー合同会社,徳島県徳島市一宮町東丁４７５番地２,2023-06-21,合同会社
コネクトリビング株式会社,東京都東久留米市小山５丁目２番３３号,2023-06-21,株式会社
ジャパン・ホタカ特定目的会社,東京都港区虎ノ門３丁目２２番１０－２０１号,2023-06-21,その他の設立登記法人
スリーフィールズ合同会社,岡山県倉敷市三田３３５‐２,2023-06-21,合同会社
セカンドフュージョン株式会社,神奈川県相模原市南区若松５丁目１５番８号,2023-06-21,株式会社
ソホー株式会社,栃木県佐野市田沼町８４４番地,2023-06-21,株式会社
ソルディポンテ合同会社,東京都三鷹市井の頭１丁目２３番１２号,2023-06-21,合同会社
タイガー運送株式会社,大阪府枚方市桜丘町５番１２－４０２号,2023-06-21,株式会社
ダイナミックマーケティングプライベートリミテッド,東京都福生市大字熊川１６６０－２０ルーレブＡ２Ｆ,2023-06-21,外国会社等
ティ・エイチ・シックス・ジャパン合同会社,広島県広島市東区光町１丁目６番１７－１０６号,2023-06-21,合同会社
デージフード株式会社,沖縄県那覇市松尾１丁目４番２号テラスビル１階,2023-06-21,株式会社
トーホーホールディングス株式会社,東京都三鷹市下連雀３丁目３４番１３号,2023-06-21,株式会社
ナツミサ合同会社,北海道札幌市豊平区豊平五条１０丁目２番８号カーサ・フォレスト豊平２０１号,2023-06-21,合同会社
ニコラ合同会社,東京都板橋区前野町２丁目２３番７号クレール・カシワ３００,2023-06-21,合同会社
ハットリ・コンサル合同会社,愛知県名古屋市昭和区福江２丁目４番７号クレスト福江２４８　４Ｂ号,2023-06-21,合同会社
ハランソーラーホールディングス一般社団法人,東京都中央区八丁堀４丁目２番１０号ＡＯＪ税理士法人内,2023-06-21,その他の設立登記法人
パラゴン２８ジャパン株式会社,東京都渋谷区恵比寿４丁目２０番３号恵比寿ガーデンプレイスタワー１８階,2023-06-21,株式会社
パヴォ・キャピタル・ジャパン合同会社,広島県広島市東区光町１丁目６番１７－１０６号,2023-06-21,合同会社
ヒノキソーラーホールディングス一般社団法人,東京都千代田区九段南３丁目７番７号成和綜合会計事務所内,2023-06-21,その他の設立登記法人
ヒルズ株式会社,神奈川県横浜市中区寺久保４０番地７,2023-06-21,株式会社
ピクアル株式会社,埼玉県春日部市大枝３６０番地シティプラザせんげん台壱番館２３１号,2023-06-21,株式会社
ピーピーエフエー・ジャパン・テン特定目的会社,東京都港区虎ノ門３丁目２２番１０－２０１号,2023-06-21,その他の設立登記法人
ファイン合同会社,静岡県浜松市中区西浅田２丁目５－３７ベルシティ浅田５０２,2023-06-21,合同会社
ファミール・ヴィラ第三仙石原管理組合法人,神奈川県足柄下郡箱根町仙石原５５４番地の１,2023-06-21,その他の設立登記法人
フォーティーディー株式会社,神奈川県横浜市戸塚区上倉田町１３０６番地２,2023-06-21,株式会社
フローイヤー株式会社,東京都町田市原町田４丁目１６－１５メゾンケイヒン１０１号室,2023-06-21,株式会社
ブルジェドール株式会社,鹿児島県霧島市国分湊１３２５－１,2023-06-21,株式会社
ベストアート株式会社,東京都板橋区板橋２丁目６３－４グローリア初穂板橋５０１号ＥＡＳＹＯＦＦＩＣＥ,2023-06-21,株式会社
ポプラソーラーホールディングス一般社団法人,東京都千代田区九段南３丁目７番７号成和綜合会計事務所内,2023-06-21,その他の設立登記法人
ポリヤマソフト株式会社,東京都文京区本郷３丁目３８－１０さかえビル２Ｆ,2023-06-21,株式会社
マリアージュ賃貸株式会社,神奈川県横浜市旭区二俣川１丁目４６－２６新堀ビル３０２,2023-06-21,株式会社
マリン企画株式会社,佐賀県唐津市町田３丁目１番４０号,2023-06-21,株式会社
ヤナギソーラーホールディングス一般社団法人,東京都千代田区九段南３丁目７番７号成和綜合会計事務所内,2023-06-21,その他の設立登記法人
ヨモギソーラーホールディングス一般社団法人,東京都中央区八丁堀４丁目２番１０号ＡＯＪ税理士法人内,2023-06-21,その他の設立登記法人
リフィックス株式会社,北海道河東郡音更町すずらん台北町１丁目５番地２,2023-06-21,株式会社
ロアーブル・ガーデン古淵管理組合法人,神奈川県相模原市中央区東淵野辺４丁目１４番２３号,2023-06-21,その他の設立登記法人
一心フード合同会社,栃木県宇都宮市東宿郷６丁目７番１１号,2023-06-21,合同会社
一般社団法人あんど暮らし,埼玉県春日部市八丁目１７９番地５,2023-06-21,その他の設立登記法人
一般社団法人さくら会,大阪府大阪市北区梅田１丁目１１番４号大阪駅前第４ビル２階２－２号室,2023-06-21,その他の設立登記法人
一般社団法人はりまキッチンカー協会,兵庫県揖保郡太子町立岡４４０番地５,2023-06-21,その他の設立登記法人
一般社団法人よつば会,東京都渋谷区東３丁目２０番２号ＫＩビル１階,2023-06-21,その他の設立登記法人
一般社団法人アップグレード検定,滋賀県近江八幡市馬淵町２０８番地４,2023-06-21,その他の設立登記法人
一般社団法人サイエンスナビゲート,神奈川県横浜市栄区飯島町１３７５番地,2023-06-21,その他の設立登記法人
一般社団法人スポーツビジネススタートアップ企業支援機構,千葉県浦安市日の出２丁目１４番１０号,2023-06-21,その他の設立登記法人
一般社団法人レジリエンスウレア協会,東京都中央区銀座８丁目１２番５号,2023-06-21,その他の設立登記法人
一般社団法人中部ダンス振興協会,愛知県名古屋市北区大杉２丁目６番６号,2023-06-21,その他の設立登記法人
一般社団法人健瑞会,東京都中央区銀座５丁目４番６号ロイヤルクリスタル銀座４階,2023-06-21,その他の設立登記法人
一般社団法人医療政策・病院経営研究協会,東京都港区赤坂９丁目７番７号,2023-06-21,その他の設立登記法人
一般社団法人大和ハウスウェルビーイングコアファンド,東京都中央区日本橋１丁目４番１号,2023-06-21,その他の設立登記法人
一般社団法人愛藤会,東京都港区南青山５丁目１４番７号アヴァン南青山Ｂ１,2023-06-21,その他の設立登記法人
一般社団法人日本クラフトジン協会,東京都新宿区歌舞伎町１丁目１１番１２号ＫＩビル地下１階,2023-06-21,その他の設立登記法人
一般社団法人武神館,千葉県野田市野田６３６番地,2023-06-21,その他の設立登記法人
一般社団法人水と緑のまち,東京都渋谷区神山町２０番４６号グランドメゾン松濤３０６,2023-06-21,その他の設立登記法人
一般社団法人配管調査普及協会,山形県山形市大字風間字地蔵山下２０６８番地,2023-06-21,その他の設立登記法人
一般社団法人静岡裾野リトルシニア,静岡県裾野市葛山３４９番地,2023-06-21,その他の設立登記法人
一般社団法人非営利団体みんなの家ＨＯＵＳＥ　ＦＯＲ　ＡＬＬ,広島県広島市東区中山新町２丁目３番２０号,2023-06-21,その他の設立登記法人
一般社団法人ＡＩ　Ｃｏ‐Ｉｎｎｏｖａｔｉｏｎ　Ｌａｂｓ　ＫＯＢＥ活用推進協議会,兵庫県神戸市中央区浜辺通５丁目１番１４号,2023-06-21,その他の設立登記法人
一般社団法人ＤＨＷＣＦ,東京都中央区日本橋１丁目４番１号,2023-06-21,その他の設立登記法人
一般社団法人Ｘ‐ｂｏｘ,千葉県成田市加良部４丁目１７番地６,2023-06-21,その他の設立登記法人
一般社団法人Ｙｏｔｅｉ　Ｔｗｏ,東京都千代田区霞が関３丁目２番５号,2023-06-21,その他の設立登記法人
一般社団法人ｉｚｕＲｏｃｋ,静岡県伊豆市菅引２９番地,2023-06-21,その他の設立登記法人
一般財団法人さいたま市遺跡調査会,埼玉県さいたま市大宮区高鼻町２丁目３０５番地の４,2023-06-21,その他の設立登記法人
久福株式会社,東京都江戸川区平井７丁目１７－１１－５１８,2023-06-21,株式会社
創維科技實業有限公司,東京都新宿区西新宿６丁目１２番１６－１３０５号,2023-06-21,外国会社等
労働者協同組合おたすけおんがく隊,宮城県石巻市雄勝町分浜字波板７３－３,2023-06-21,その他の設立登記法人
労働者協同組合わーい,兵庫県神戸市西区見津が丘３丁目８番５号,2023-06-21,その他の設立登記法人
北山企画株式会社,東京都武蔵野市吉祥寺東町２丁目４番２号,2023-06-21,株式会社
北海道工商会株式会社,北海道札幌市中央区南一条西１０丁目４番地１５６大通ホワイトビル,2023-06-21,株式会社
医療法人社団健花会,東京都目黒区中根２丁目１番１２号ボヌール都立大学参番館地下１階Ａ号室,2023-06-21,その他の設立登記法人
医療法人社団甲心会,兵庫県西宮市甲子園口４丁目２２番２２号,2023-06-21,その他の設立登記法人
協創企画合同会社,神奈川県逗子市新宿３丁目１３―２２,2023-06-21,合同会社
古田配管株式会社,大阪府泉佐野市上瓦屋３４０番地の７,2023-06-21,株式会社
合同会社あのん,北海道札幌市東区北四十二条東１７丁目１番１－２０１号,2023-06-21,合同会社
合同会社きっとうまくいく,愛知県稲沢市平和町西光坊宮西１４番地,2023-06-21,合同会社
合同会社ふくるむ,兵庫県神戸市東灘区御影石町２丁目１５番２３号アバントコート御影１階,2023-06-21,合同会社
合同会社アイリーカンパニー,沖縄県那覇市牧志１丁目４番２６－２号牧志ガーデンイースト４０１,2023-06-21,合同会社
合同会社アイ・エフ,栃木県大田原市中央２丁目４番１０号,2023-06-21,合同会社
合同会社アラカント,東京都品川区大井３丁目２６番４号,2023-06-21,合同会社
合同会社アルメール,東京都墨田区千歳３丁目５－１１ＨＷＨＩＬＬＳ森下４０２,2023-06-21,合同会社
合同会社イレブンファンド,大阪府大阪市北区大淀中２丁目１１番８号４Ｆ,2023-06-21,合同会社
合同会社インクルージョン,沖縄県那覇市首里石嶺町２丁目２６５番地１４,2023-06-21,合同会社
合同会社エイチエスコーポレーション,東京都港区南青山４丁目２７番２３号ニュー堀マンションＣ棟２０２,2023-06-21,合同会社
合同会社エステート静岡,静岡県富士市緑町６番１４号,2023-06-21,合同会社
合同会社エテプランタン,東京都港区麻布十番３丁目３番１０号ラニビルツー６階,2023-06-21,合同会社
合同会社クロトコンサルティング,東京都北区滝野川６丁目２１番１－２４０２号,2023-06-21,合同会社
合同会社グランブリッジ,東京都国立市東１丁目１５番１１号４４８ビル３Ｆ,2023-06-21,合同会社
合同会社ケイアイ,京都府京都市中京区油小路通三条下る三条油小路町１５６番地ザ・パークハウス三条油小路１０４号,2023-06-21,合同会社
合同会社シャイニング,沖縄県那覇市松山１丁目６番１４号エンブレム松山２Ｆ,2023-06-21,合同会社
合同会社スマイルクリエ,福岡県福岡市南区和田１丁目４番７８－２０５号,2023-06-21,合同会社
合同会社スモールフィールド,奈良県奈良市帝塚山１丁目３７番１３号,2023-06-21,合同会社
合同会社ニソル,北海道札幌市北区北三十七条西９丁目１番１０－２０８号,2023-06-21,合同会社
合同会社フジコーポレーション,福岡県福岡市中央区清川３丁目８－１７－１４０５,2023-06-21,合同会社
合同会社プラチナ,東京都港区北青山２丁目７番２６号,2023-06-21,合同会社
合同会社モチコマ,東京都目黒区駒場２丁目８－９Ｃ棟,2023-06-21,合同会社
合同会社ユウトラスト,神奈川県川崎市多摩区枡形２丁目１番１０－１０２号,2023-06-21,合同会社
合同会社ワイズ・フォーチュン,東京都世田谷区深沢７丁目２３番１０号,2023-06-21,合同会社
合同会社同心,大阪府大阪市東成区大今里南１丁目１８番７号大宝今里ロイヤルハイツ２０１号室,2023-06-21,合同会社
合同会社名嘉企画,東京都葛飾区堀切３丁目３５番１号,2023-06-21,合同会社
合同会社大塚研究所,東京都渋谷区円山町５番５号Ｎａｖｉ渋谷Ⅴ３階,2023-06-21,合同会社
合同会社小田ドッグスクール,千葉県松戸市小金原５丁目３４番地の２４,2023-06-21,合同会社
合同会社星の空,静岡県磐田市森本４６番地２,2023-06-21,合同会社
合同会社春源堂,京都府京都市山科区御陵鳥ノ向町３７－３－３０３,2023-06-21,合同会社
合同会社月の海,静岡県浜松市東区上新屋町２３７番地の３,2023-06-21,合同会社
合同会社泰夢,北海道札幌市北区太平五条５丁目３番１８号,2023-06-21,合同会社
合同会社石渡勇輝,東京都新宿区西新宿３丁目５番１２号トーカン新宿第二キャステール３１０号室,2023-06-21,合同会社
合同会社織慶,大阪府東大阪市瓢箪山町４番９号,2023-06-21,合同会社
合同会社藤原電設,和歌山県西牟婁郡白浜町内ノ川７５６番地の３,2023-06-21,合同会社
合同会社鈴音,福島県いわき市常磐上湯長谷町釜ノ前１４０番地の１５５,2023-06-21,合同会社
合同会社長尾板金製作所,北海道札幌市北区篠路町上篠路３４３番地１９２,2023-06-21,合同会社
合同会社闊達,東京都目黒区東が丘１丁目３１番１６号ＧｒｅｅｎＣｏｕｒｔ東が丘１０３,2023-06-21,合同会社
合同会社鷲田鷲男商店,長野県岡谷市湖畔４丁目３番１７－４号,2023-06-21,合同会社
合同会社２ｎｄ,東京都立川市柴崎町３丁目９番７号多摩川実業ビル１階,2023-06-21,合同会社
合同会社３６５,北海道札幌市東区北二十七条東２丁目２番１５号コンツェルトパーク北２７,2023-06-21,合同会社
合同会社Ａ．Ｗ,東京都世田谷区代田４丁目１０番２３号メゾンドール新代田ビル４０Ｇ,2023-06-21,合同会社
合同会社Ａｃｉｅｓ,岐阜県多治見市北丘町２丁目３６－３,2023-06-21,合同会社
合同会社Ａｎｅｍｂｏ,神奈川県横浜市戸塚区南舞岡１丁目３１番１９号,2023-06-21,合同会社
合同会社Ａｒｔｉｓｔ　Ｐａｔｈｗａｙ,東京都渋谷区渋谷２丁目１９－１５宮益坂ビルディング６０９,2023-06-21,合同会社
合同会社ＣとＨ,石川県珠洲市飯田町１４部６番地,2023-06-21,合同会社
合同会社Ｃｈａｉ　Ｍｉｋｈｏｒｉ,富山県富山市安住町６番１２,2023-06-21,合同会社
合同会社Ｃｒｏｓｓ　ｓｔｏｎｅ,千葉県鎌ケ谷市東道野辺４丁目９－４０サジタリアＤ２０２,2023-06-21,合同会社
合同会社ＥＥＦ,沖縄県那覇市泉崎１丁目１０番１６号,2023-06-21,合同会社
合同会社ＥＳＰＥＲＡＮＺＡ,兵庫県神戸市北区筑紫が丘６丁目２番地の１１,2023-06-21,合同会社
合同会社ＥＳＷ,大阪府大阪市城東区新喜多東１丁目８番４０－２０８号,2023-06-21,合同会社
合同会社ＥＸＩＮＧ,北海道札幌市東区中沼町５６番地４８,2023-06-21,合同会社
合同会社Ｅｎｔｅｒｏｌｅ,青森県三戸郡五戸町字塚無岱１―１８,2023-06-21,合同会社
合同会社ＦＵＫＵＹＡＭＡ．ＳＰＯＲＴＳ．ＬＡＢ,埼玉県さいたま市北区東大成町１丁目６１２－３,2023-06-21,合同会社
合同会社ＨＫＴ,大阪府堺市南区釜室４０７番地４３,2023-06-21,合同会社
合同会社ＨＴＣ,神奈川県川崎市高津区久末３８６番地１ユーカリハイツ久末９０５,2023-06-21,合同会社
合同会社ＩＣＥ　ＣＡＲＰＥＴ,東京都港区三田１丁目６番３－１１０７号,2023-06-21,合同会社
合同会社ＩＳＳＡＩ,神奈川県川崎市幸区神明町１丁目４２番地８,2023-06-21,合同会社
合同会社ＩＴＢ,千葉県浦安市日の出６丁目１９番１５号,2023-06-21,合同会社
合同会社Ｍ‐ＴＥＣ,神奈川県横浜市港南区大久保１丁目７番２７号,2023-06-21,合同会社
合同会社Ｍ・Ａ・Ｐ,福岡県古賀市天神１丁目１番２０号,2023-06-21,合同会社
合同会社ＮＳ,東京都江戸川区中葛西１丁目２番１８－１１０号,2023-06-21,合同会社
合同会社ＰＡＯ,沖縄県うるま市石川白浜２丁目２番２２号２Ｆ,2023-06-21,合同会社
合同会社ＰＬＵＳ‐Ｆ,宮城県富谷市明石台３丁目１８番３１号,2023-06-21,合同会社
合同会社ＲＫ,兵庫県神戸市須磨区戎町２丁目１番１０－２０３号,2023-06-21,合同会社
合同会社ＳＯＬ,東京都立川市柴崎町３丁目４番７号鳥豊ビル１Ｆ,2023-06-21,合同会社
合同会社ＳＵＮＮＹ　ＡＬＬ　ＤＡＹ,東京都調布市調布ケ丘３丁目６５‐２６,2023-06-21,合同会社
合同会社Ｓｅａ　Ｓｈｏｒｅ　Ｓｔａｎｄａｒｄ,沖縄県宮古島市平良字西里７２０番地８ＳｅａＳｈｏｒｅＳｔａｎｄａｒｄＡ号室,2023-06-21,合同会社
合同会社Ｔ．Ｉ,京都府京都市東山区一橋宮ノ内町７番１７,2023-06-21,合同会社
合同会社ＴＵＢＡＳＡ,三重県四日市市諏訪栄町９番１５号,2023-06-21,合同会社
合同会社Ｔｏｋｏｎａｔｓｕ　Ｂａｓｅ,沖縄県名護市字饒平名１２７番地,2023-06-21,合同会社
合同会社ＺＥＡＬフューチャータイガーファンド,東京都中央区日本橋室町１丁目１１番６号,2023-06-21,合同会社
合同会社ｌｕｖｗｉｎｅ　ｉｎｔｅｒｎａｔｉｏｎａｌ,東京都港区南青山２丁目２番１５号,2023-06-21,合同会社
吉岡株式会社,岡山県岡山市北区富町１丁目２０番１４－２０３号室,2023-06-21,株式会社
国岡商店株式会社,愛媛県松山市姫原３丁目４番１３号,2023-06-21,株式会社
国平貿易株式会社,福岡県八女市納楚４５８番地１,2023-06-21,株式会社
墨一二株式会社,東京都千代田区四番町４－９ＳＴＫ内,2023-06-21,株式会社
大同設備株式会社,兵庫県西宮市山口町下山口１丁目５番１０号,2023-06-21,株式会社
大嶋でんき株式会社,青森県上北郡おいらせ町若葉７丁目１４０番地７８１,2023-06-21,株式会社
大発株式会社,東京都葛飾区新宿６丁目２番１－２５２７号シティタワー金町タワー棟,2023-06-21,株式会社
天空デリプラス合同会社,北海道江別市野幌屯田町３番地の１,2023-06-21,合同会社
安琪国際株式会社,東京都渋谷区本町１丁目１８番１０－２０４号,2023-06-21,株式会社
山口製材所株式会社,福岡県八女市上陽町久木原１０１６番地１,2023-06-21,株式会社
山翠ニセコ株式会社,東京都渋谷区渋谷２丁目１６番５号,2023-06-21,株式会社
山野合同会社,大阪府大阪市平野区加美正覚寺１丁目１３番１８号,2023-06-21,合同会社
希望株式会社,沖縄県中頭郡北谷町北谷２丁目１５番地４スペリオールハンビー北谷６０７室,2023-06-21,株式会社
建翠株式会社,東京都大田区池上３丁目３１番９号,2023-06-21,株式会社
弘道化学工業株式会社,大阪府大阪市淀川区西中島５丁目８－２６,2023-06-21,株式会社
徳島レンタカー合同会社,徳島県板野郡松茂町中喜来字中瀬西ノ越１８－４１,2023-06-21,合同会社
断熱推進イニシアチブ合同会社,長野県佐久市北川５２５－２１,2023-06-21,合同会社
日本技研プロパティ合同会社,福岡県福岡市城南区田島３丁目１７の９,2023-06-21,合同会社
日本ＳＮサービス株式会社,大阪府門真市城垣町２１番１－１０１号,2023-06-21,株式会社
晄興業株式会社,東京都大田区大森西２丁目１番６号クレスト北川３０１,2023-06-21,株式会社
東京三洋エステート株式会社,東京都新宿区西新宿７丁目７番３３号,2023-06-21,株式会社
東京生命健康株式会社,東京都千代田区四番町４－９ＳＴＫ内,2023-06-21,株式会社
東洋セフコン株式会社,東京都大田区新蒲田２丁目２３番１８号,2023-06-21,株式会社
東瀛三山株式会社,千葉県船橋市浜町２丁目１番１号,2023-06-21,株式会社
株式会社あいホームホールディングス,静岡県静岡市葵区古庄５丁目１番１４号,2023-06-21,株式会社
株式会社あゆむ,神奈川県横浜市神奈川区白幡上町３６番２５号,2023-06-21,株式会社
株式会社けものみち,東京都稲城市平尾２丁目５０番地の３３,2023-06-21,株式会社
株式会社こにし建匠,兵庫県加東市上滝野３１２番地１,2023-06-21,株式会社
株式会社とりくむ,東京都港区六本木７丁目２１番２４号モデュール１０１号室,2023-06-21,株式会社
株式会社ながろ不動産,愛媛県松山市本町６丁目６番地７ロータリー本町３０６号,2023-06-21,株式会社
株式会社のらくろ,東京都北区志茂２丁目２１－６,2023-06-21,株式会社
株式会社ぺこふる,宮城県白石市田町２丁目３－３９－２,2023-06-21,株式会社
株式会社ぺこり,東京都千代田区内幸町１丁目３番１号,2023-06-21,株式会社
株式会社みらい１１１,東京都練馬区高野台５丁目７番６号,2023-06-21,株式会社
株式会社ゆかりや,宮城県気仙沼市古町４丁目１番１３号,2023-06-21,株式会社
株式会社ゆきは,福岡県福岡市南区曰佐４丁目３８番８号,2023-06-21,株式会社
株式会社ゆめか,東京都世田谷区経堂４丁目３６番７号,2023-06-21,株式会社
株式会社アキラ工務店,埼玉県川越市中台１丁目１０番地１８,2023-06-21,株式会社
株式会社アクアクオリス,大阪府摂津市鳥飼下２丁目７番１１号Ｄ号,2023-06-21,株式会社
株式会社アグリエ,北海道石狩市緑苑台東三条１丁目５番地,2023-06-21,株式会社
株式会社アットマーク,岐阜県岐阜市上川手５７４番地,2023-06-21,株式会社
株式会社アップセル,東京都世田谷区上北沢１丁目３１番６号,2023-06-21,株式会社
株式会社アトライズ,大分県大分市畑中１丁目８番２１号,2023-06-21,株式会社
株式会社アバンテ,北海道札幌市豊平区平岸二条７丁目１番１１号平岸２・７レジデンス３０３号,2023-06-21,株式会社
株式会社アミティＬｉｎｋ,兵庫県神戸市北区藤原台北町７丁目８番１２－２０３号,2023-06-21,株式会社
株式会社アルファブレインジャパン,宮城県仙台市宮城野区東仙台４丁目２番７６号ガーベラ仙台１０１,2023-06-21,株式会社
株式会社アルファメタル,東京都葛飾区東水元３丁目１８番７号細谷コーポ１０５,2023-06-21,株式会社
株式会社アルファモード,大阪府吹田市片山町１丁目５番８号１階,2023-06-21,株式会社
株式会社アールテラス,山口県山口市若宮町２番４８号,2023-06-21,株式会社
株式会社アールリンクス,東京都府中市白糸台１丁目１２－５Ａ号棟,2023-06-21,株式会社
株式会社イグナイトエンジ,新潟県新潟市東区寺山１丁目１４番１４号,2023-06-21,株式会社
株式会社イスズコーポレーション,奈良県生駒市鹿ノ台西３丁目１３番地２,2023-06-21,株式会社
株式会社ウナアラ,埼玉県新座市東北２丁目３０番１６号,2023-06-21,株式会社
株式会社エスコート・ランナー,大阪府豊中市勝部３丁目５番２０号２Ｆ,2023-06-21,株式会社
株式会社エバーグリーン,千葉県松戸市紙敷１４２４番地の３８,2023-06-21,株式会社
株式会社エム・アール・エフ,熊本県熊本市東区山ノ神２丁目１４番５号,2023-06-21,株式会社
株式会社オモトハウジング,神奈川県横浜市青葉区鉄町１３９３番地,2023-06-21,株式会社
株式会社オリビア,静岡県富士市日乃出町９４番地の２サーパス日乃出町公園３０７号,2023-06-21,株式会社
株式会社カネマル不動産,東京都北区浮間１丁目１番１１号,2023-06-21,株式会社
株式会社カピタン,埼玉県さいたま市大宮区桜木町２丁目３番地大宮マルイ７階,2023-06-21,株式会社
株式会社カワノ,広島県広島市西区東観音町１６番１１－２０３号,2023-06-21,株式会社
株式会社クララス,北海道札幌市中央区南二条西８丁目１番地８プライムレジデンス札幌２０２,2023-06-21,株式会社
株式会社ケーオーコーポレーション,東京都武蔵野市境１丁目３番１４号リトルガーデン４０３,2023-06-21,株式会社
株式会社コウォップ,神奈川県横浜市西区北幸２丁目１０番地２８むつみビル３Ｆ,2023-06-21,株式会社
株式会社コンサバイル,東京都狛江市中和泉１丁目１番１７号,2023-06-21,株式会社
株式会社サザンコネクト,和歌山県橋本市小峰台２丁目１２番地５９,2023-06-21,株式会社
株式会社シュエット,石川県金沢市光が丘３丁目２０７番地,2023-06-21,株式会社
株式会社シリカ,神奈川県横浜市青葉区美しが丘５丁目２９番地２,2023-06-21,株式会社
株式会社スリーフィールズ,千葉県鎌ケ谷市新鎌ケ谷３丁目１２－１３,2023-06-21,株式会社
株式会社スリーヴイホーム,千葉県千葉市中央区弁天１丁目２番８号,2023-06-21,株式会社
株式会社セカンド設計,福岡県那珂川市中原２丁目１２４－９０２号,2023-06-21,株式会社
株式会社センシン,大阪府堺市南区晴美台１丁３１番１号,2023-06-21,株式会社
株式会社タネニハ,東京都東久留米市南町２丁目３－１９,2023-06-21,株式会社
株式会社ティーエス,東京都江戸川区鹿骨４丁目７番９号,2023-06-21,株式会社
株式会社テクノフーズ,東京都足立区綾瀬２丁目２６番７－１０５号,2023-06-21,株式会社
株式会社デジタルアンディバイド,千葉県流山市おおたかの森南１丁目７番地の２ＧｌｉｃｉｎａＯｔａｋａ－４０４,2023-06-21,株式会社
株式会社トリッパーズ・ジャパン,東京都港区北青山１丁目４番１－３１１号,2023-06-21,株式会社
株式会社ネオ,東京都杉並区堀ノ内３丁目３１番１１号,2023-06-21,株式会社
株式会社ノールエモート,北海道札幌市白石区川北一条３丁目２番１２号,2023-06-21,株式会社
株式会社ハッチアンドエマージ,東京都目黒区柿の木坂１丁目２６－２,2023-06-21,株式会社
株式会社ハピナツ,千葉県松戸市稔台７丁目１４－１ハイライフ稔台１０４,2023-06-21,株式会社
株式会社バイナリーブレイン,東京都中央区日本橋室町１丁目１１番１２号,2023-06-21,株式会社
株式会社バーナ技研,大阪府豊中市庄本町１丁目７番２３号,2023-06-21,株式会社
株式会社パピノラ,福岡県福岡市南区向野２丁目２３番２０－５０２号ヒルクレスト筑紫丘,2023-06-21,株式会社
株式会社ビカーズ,千葉県大網白里市木崎３１９番地１６,2023-06-21,株式会社
株式会社ビジネスアップ,福岡県福岡市中央区大名２丁目６番１１号,2023-06-21,株式会社
株式会社ビーエフ,茨城県ひたちなか市釈迦町６番地１６,2023-06-21,株式会社
株式会社ファイブラック,岡山県倉敷市真備町箭田１８９２番地９,2023-06-21,株式会社
株式会社ファーストライト,神奈川県厚木市水引２丁目６番２３号コーポ水引１０７,2023-06-21,株式会社
株式会社フューチャー,大分県大分市ひばりケ丘１丁目８－１,2023-06-21,株式会社
株式会社プロテック,大阪府大阪市西区京町堀１丁目１１番７号京旺ビル４階Ｂ号室,2023-06-21,株式会社
株式会社ホームズカンパニージャパン,東京都千代田区神田鍛冶町３丁目４番地ｏａｋ神田鍛冶町７階,2023-06-21,株式会社
株式会社マルヨシホーム企画,福岡県筑紫野市石崎３丁目１７番１号,2023-06-21,株式会社
株式会社ムラツクル,愛知県名古屋市緑区鳴海町字北浦１５番地２,2023-06-21,株式会社
株式会社ユナイテッドメディカル,千葉県千葉市美浜区若葉３丁目１番１８号,2023-06-21,株式会社
株式会社リフィックス,広島県福山市松永町４丁目１６番４２－５号,2023-06-21,株式会社
株式会社リレーション,兵庫県神戸市東灘区御影中町１丁目６番７号シティホームズ御影Ａ棟４階,2023-06-21,株式会社
株式会社ロトンド,東京都新宿区新宿５丁目１８番２０号ルックハイツ新宿８０３号室,2023-06-21,株式会社
株式会社ワンリー,京都府京都市北区紫野宮東町１０番地３ルモン紫野６０２,2023-06-21,株式会社
株式会社三好商事,東京都荒川区町屋３丁目１－１３,2023-06-21,株式会社
株式会社三橋屋,福島県福島市郡山市字道場４０３,2023-06-21,株式会社
株式会社上賀茂ゆーあい,京都府京都市北区上賀茂南大路町７８番地,2023-06-21,株式会社
株式会社久和,千葉県千葉市花見川区畑町３５１番地,2023-06-21,株式会社
株式会社五十,北海道札幌市北区北三十四条西１１丁目１番１１号アップルハウス北３４条Ⅲ１０１号,2023-06-21,株式会社
株式会社信和ハウジング,奈良県大和郡山市新町８３０－５,2023-06-21,株式会社
株式会社光空設,東京都八王子市楢原町５５０番地２ＣＡＳＡ花の木Ｂ棟,2023-06-21,株式会社
株式会社兼子設備,埼玉県越谷市大字袋山１６５７番地１０,2023-06-21,株式会社
株式会社前川事務所,愛知県名古屋市東区泉１丁目１８番３０号プラウドタワー名古屋久屋大通公園８０５号,2023-06-21,株式会社
株式会社創造空間,兵庫県相生市垣内町７－２５,2023-06-21,株式会社
株式会社千代,東京都港区北青山１丁目３番１号アールキューブ青山３階,2023-06-21,株式会社
株式会社吉村工務店,高知県南国市浜改田３８０番地イ,2023-06-21,株式会社
株式会社大川家具Ｍａｔｓｕｍｏｔｏ,福岡県大川市大字小保５２１－１,2023-06-21,株式会社
株式会社大関Ｎｉｉｋｕ,東京都八王子市石川町６９３番地,2023-06-21,株式会社
株式会社岩井総合,埼玉県比企郡川島町大字白井沼５５６番地１,2023-06-21,株式会社
株式会社川﨑新聞舗,青森県八戸市小田１丁目５番１５号,2023-06-21,株式会社
株式会社希林プロモーション,東京都渋谷区恵比寿西１丁目８番２号ウエストパレスビル４０６,2023-06-21,株式会社
株式会社拓申,大阪府大阪市都島区善源寺町２丁目２番１－６２６号,2023-06-21,株式会社
株式会社日本カウンセラー振興会,愛知県名古屋市西区名駅２丁目３４番１７号セントラル名古屋１１０１号,2023-06-21,株式会社
株式会社日本農林開発,福岡県福岡市東区香椎駅前１丁目１７番２８号,2023-06-21,株式会社
株式会社東北金属,秋田県大仙市横堀字星宮７２７番地２,2023-06-21,株式会社
株式会社松永工業,千葉県千葉市花見川区さつきが丘１丁目３５番１１棟５０３号,2023-06-21,株式会社
株式会社桐野経営事務所,埼玉県さいたま市南区大字大谷口３１４７番地５,2023-06-21,株式会社
株式会社磯貝,東京都北区滝野川６丁目７番８号４０２号室,2023-06-21,株式会社
株式会社神戸カラルー倶楽部,兵庫県小野市天神町６７９番地の４３,2023-06-21,株式会社
株式会社笑顔にします,東京都江戸川区西葛西２丁目１７番１３号,2023-06-21,株式会社
株式会社美車工房,福岡県糟屋郡宇美町ゆりが丘１丁目１３番１０号,2023-06-21,株式会社
株式会社能古島おがわ農園,福岡県福岡市西区能古７２３番地１,2023-06-21,株式会社
株式会社識彩,大阪府吹田市内本町１丁目２番７号Ａｎｄｏ．Ａ．Ｐ３ａ,2023-06-21,株式会社
株式会社谷地温泉,青森県十和田市大字法量字谷地１番地,2023-06-21,株式会社
株式会社豊園,埼玉県川口市領家１丁目４番６号エクセルパレス２０１号,2023-06-21,株式会社
株式会社鶴田設計事務所,福岡県北九州市戸畑区中原新町２番１号,2023-06-21,株式会社
株式会社６４Ｓｔａｒ,千葉県松戸市新松戸北２丁目１１番地の１新松戸ファミールハイツ４－２０４,2023-06-21,株式会社
株式会社Ａ‐ＣＯＲＮ,東京都渋谷区道玄坂１丁目１０番８号渋谷道玄坂東急ビル２Ｆ－Ｃ,2023-06-21,株式会社
株式会社ＡＺＥＬＹＡ,埼玉県川口市上青木４丁目８番１号ジェンティール１０２号,2023-06-21,株式会社
株式会社ＡＺＭＡＴ　ＴＲＡＤＩＮＧ,栃木県小山市城北３丁目３番１３号アンビションＡ１階４号室,2023-06-21,株式会社
株式会社ＡｌｎａｃＥ,福岡県福岡市博多区千代４丁目４－１６四季のいろＢＬＤ２Ｆ,2023-06-21,株式会社
株式会社Ａｒｒｏｗ　ｂｒｉｄｇｅ　ｃｏｎｓｕｌｔｉｎｇ,滋賀県草津市南草津プリムタウン２丁目５－５,2023-06-21,株式会社
株式会社Ａｔｌａｎｔｉｃａ,福岡県久留米市日吉町７番地１－１階１０４号室,2023-06-21,株式会社
株式会社Ａｕｔｏ　Ｇｕｒｕ,神奈川県横浜市中区本牧元町３９番１－３０１号,2023-06-21,株式会社
株式会社ＢＢ,愛知県名古屋市西区市場木町４４１番地,2023-06-21,株式会社
株式会社ＢＵＯＹ,千葉県印旛郡酒々井町中川１１－３足立ビル３Ｆ,2023-06-21,株式会社
株式会社Ｂａｉｌｅｙ,東京都品川区西五反田５丁目５番１１ＡＲＫＭＡＲＫ目黒不動前４０８,2023-06-21,株式会社
株式会社Ｃａｎｔｅｒａｎｚａ,東京都渋谷区円山町５番１８号道玄坂スクエア５０３,2023-06-21,株式会社
株式会社Ｃｒｅｗ,大阪府吹田市江坂町３丁目４番３９号イクロスアメニティ江坂ビル１Ｆ,2023-06-21,株式会社
株式会社Ｄｙｎａｍｉｃ　Ｍｙｎｅｔ,東京都品川区西五反田１丁目１７番１第二東栄ビル５０３号,2023-06-21,株式会社
株式会社Ｅ楽器,福岡県北九州市小倉北区神岳１丁目４番２４－６０２号,2023-06-21,株式会社
株式会社ＦＡＲＴ　ＦＲＥＥ,秋田県北秋田市鷹巣字本屋敷４６番地１,2023-06-21,株式会社
株式会社ＦＩＴ,兵庫県神戸市長田区大橋町４丁目３番５号,2023-06-21,株式会社
株式会社ＦＵＪＩＴＡ,兵庫県豊岡市江本３８８番地の１トラディショナルガーデン３０１号,2023-06-21,株式会社
株式会社Ｇａｒｄｅｎ‐Ｔｏｏｌ,和歌山県橋本市高野口町伏原１８９番地の２,2023-06-21,株式会社
株式会社ＧｅｎｅｒａｔｉｖｅＸ,東京都渋谷区神宮前６丁目２３－４,2023-06-21,株式会社
株式会社Ｇｏｏｄｗｉｌｌ,東京都練馬区上石神井４丁目３番３号ひかりコーポ１０２号,2023-06-21,株式会社
株式会社Ｈ．Ｈ,東京都大田区山王２丁目１番８－３０８号山王アーバンライフ,2023-06-21,株式会社
株式会社ＨＡＹＡＢＵＳＡ,島根県邑智郡邑南町日和２１１０番地,2023-06-21,株式会社
株式会社ＨＰＩシステムズ,東京都渋谷区道玄坂１丁目１０番８号渋谷道玄坂東急ビル２Ｆ－Ｃ,2023-06-21,株式会社
株式会社Ｈｉ　ｌｕｃｋ,神奈川県藤沢市鵠沼松が岡２丁目１２番２２号,2023-06-21,株式会社
株式会社Ｈｉｄｅｋｉ,兵庫県加古川市加古川町河原１２番地の５,2023-06-21,株式会社
株式会社Ｈｉｇｈｅｓｔ,東京都大田区田園調布南２－９－１Ｆ,2023-06-21,株式会社
株式会社Ｋコネクト,大阪府大阪市中央区谷町１丁目７番４号２階,2023-06-21,株式会社
株式会社Ｋ２．,岐阜県各務原市那加前洞新町１丁目１６９番地１,2023-06-21,株式会社
株式会社ＫＡＳＳＹ,兵庫県神戸市灘区箕岡通４丁目７番１４号,2023-06-21,株式会社
株式会社ＫＵＲＯＭＡＫＵ,東京都品川区東五反田４丁目１０番２２号パークアクシス池田山６７２,2023-06-21,株式会社
株式会社ＬＡＮＧＨＡＭ,神奈川県横浜市西区浅間町１丁目４番３号ウィザードビル４０２,2023-06-21,株式会社
株式会社ＬＩＦＩＸ,広島県広島市安佐南区相田１丁目３－２５,2023-06-21,株式会社
株式会社ＬＩＦＩＸ,兵庫県神戸市垂水区小束台東８番地の１６,2023-06-21,株式会社
株式会社ＬＩＶＲＡＲＹ,東京都中央区銀座１丁目９－８奥野ビルＢ１ＬＩＳＴＥＲ,2023-06-21,株式会社
株式会社ＬＮＵ,東京都渋谷区神宮前２丁目１３番９号ＢＩＲＴＨ神宮前、５Ｆ,2023-06-21,株式会社
株式会社ＬＴＲ,千葉県船橋市緑台１丁目１番５８号,2023-06-21,株式会社
株式会社ＬｏｃａｌＸ,長野県北佐久郡軽井沢町大字長倉２１３９－１２２０,2023-06-21,株式会社
株式会社Ｌｏｔｕｓ,広島県広島市南区東雲２丁目２番３６号エクレール東雲３０１,2023-06-21,株式会社
株式会社ＭＥＤＩＣＡＬＬＡＢＯ＆ＣＯ．,岐阜県岐阜市島栄町１丁目３３番地シャトーシャルマン１Ｆ,2023-06-21,株式会社
株式会社ＭＥＬＬＯＷＳ,神奈川県川崎市川崎区大島１丁目２７番６号,2023-06-21,株式会社
株式会社ＭＩＫＥＲＩＤＥ,兵庫県川西市大和東２丁目８７番地の１０,2023-06-21,株式会社
株式会社ＭＩＹＡＣＨＩ,神奈川県横浜市港北区樽町３丁目４番１７－３０１号,2023-06-21,株式会社
株式会社ＭＮＣプロジェクト,宮城県仙台市太白区鹿野本町１１番２１号,2023-06-21,株式会社
株式会社ＭＯＮＴ,東京都渋谷区道玄坂１丁目１０番８号渋谷道玄坂東急ビル２Ｆ－Ｃ,2023-06-21,株式会社
株式会社ＭＯＯＮ,長崎県長崎市三和町４９４番地３,2023-06-21,株式会社
株式会社ＭＳＳ,東京都武蔵野市中町３丁目１０番７号,2023-06-21,株式会社
株式会社Ｍａｌｉｄｄｙ,東京都町田市中町４丁目１４番１１号ル・ベント中町１０２,2023-06-21,株式会社
株式会社Ｍａｙｕｉ,神奈川県厚木市旭町５丁目４２番３１－２０４号,2023-06-21,株式会社
株式会社Ｍｅａ．Ｄｉａ,兵庫県西宮市甲子園口３丁目１３番２０号,2023-06-21,株式会社
株式会社Ｍｙｆａ　Ｐｒｏｄｕｃｔｓ,熊本県熊本市東区御領２丁目２０番１３号,2023-06-21,株式会社
株式会社ＮＡＧＡＯＫＡ,福岡県みやま市山川町河原内１３３０,2023-06-21,株式会社
株式会社ＮＡＶＹＰＬＥ,石川県野々市市太平寺１丁目１８０番地,2023-06-21,株式会社
株式会社ＮＩＫＡ,東京都渋谷区神宮前６丁目２３番地４号桑野ビル２階,2023-06-21,株式会社
株式会社ＮＯＢＬＥ,大阪府大阪市中央区南本町１丁目６番９－１３１１号,2023-06-21,株式会社
株式会社ＮＳＫ,愛媛県松山市高岡町４９７番地１,2023-06-21,株式会社
株式会社ＮＹ,沖縄県那覇市牧志２丁目１７－２７－４０１,2023-06-21,株式会社
株式会社ＯＭＯＩｄｅ　ＷＯＲＫＳ,福岡県久留米市国分町１９５番地１０,2023-06-21,株式会社
株式会社ＯＮＥ　ＬＩＧＨＴ,神奈川県横浜市栄区桂町１８０番地１１・１階Ｂ室,2023-06-21,株式会社
株式会社Ｏｎｃｌｅ　Ｄｅｌｕｓｉｏｎ,東京都台東区根岸５丁目７番９号,2023-06-21,株式会社
株式会社ＰＩ＆Ｇ,東京都港区赤坂７丁目９番４号梅沢ビル３階,2023-06-21,株式会社
株式会社ＰＬＵＳ‐ＳＥＲＶＩＣＥ,東京都千代田区麹町６丁目６番２号番町麹町ビルディング５ＦＷｅＷｏｒｋ麹町,2023-06-21,株式会社
株式会社ＲＩＢ　ｃｈｏｃｏｌａｔｅ,愛知県瀬戸市品野町５丁目２４番地,2023-06-21,株式会社
株式会社ＲＯＧＥＮ,埼玉県上尾市今泉１丁目１番地１８,2023-06-21,株式会社
株式会社Ｒａｐｔｕｒｅ,岐阜県養老郡養老町瑞穂１１７番地,2023-06-21,株式会社
株式会社Ｒａｕｇｈ,東京都渋谷区笹塚１丁目４８番１９,2023-06-21,株式会社
株式会社Ｓ．Ｋガレージ,静岡県浜松市東区大島町１１２３番地,2023-06-21,株式会社
株式会社Ｓ．Ｓコーポレーション,東京都新宿区市谷甲良町１番２６号,2023-06-21,株式会社
株式会社ＳＥＥＫＥＲＳ,東京都港区浜松町１丁目３０番５号浜松町スクエア１０階,2023-06-21,株式会社
株式会社ＳＥＲＡＰＨＩＭ　ＴＲＡＤＩＮＧ　ＪＡＰＡＮ,東京都港区西麻布１丁目９番７号,2023-06-21,株式会社
株式会社ＳＫ,東京都港区六本木７丁目６番１９号６Ｆ,2023-06-21,株式会社
株式会社ＳＫＹ,大阪府大阪市中央区島之内２丁目１２－１０平田ビル２Ｆ,2023-06-21,株式会社
株式会社ＳＴｏＬＹ,東京都台東区今戸２丁目３０番８号ときわビル２０１,2023-06-21,株式会社
株式会社ＴＡＧ　ＨＯＭＥ,京都府京都市南区上鳥羽中河原町６７番地,2023-06-21,株式会社
株式会社ＴＥＡＭたかちゃん,大阪府大阪市生野区新今里３丁目１番４－３０４号,2023-06-21,株式会社
株式会社ＴＲＹ　ＦＵＮＳ,福岡県福岡市中央区大名２丁目２番４３号－７Ｆ,2023-06-21,株式会社
株式会社ＴＷＣ,大阪府茨木市彩都やまぶき４丁目１４－２１,2023-06-21,株式会社
株式会社Ｔｅｎｅｔ,滋賀県大津市粟津町４－７石山駅前近江鉄道ビル５Ｆ,2023-06-21,株式会社
株式会社Ｖｅｒｕｍ　Ｈｅａｒｔｓ,神奈川県横浜市保土ケ谷区岡沢町２６１番地３０シュバルトロアＣ２０２,2023-06-21,株式会社
株式会社ＶｉｎＢｌｅｕ,大阪府枚方市出口６丁目６３番１号,2023-06-21,株式会社
株式会社Ｖｏｉｃｅ,大阪府大阪市中央区瓦町４丁目４番３号２Ｆ,2023-06-21,株式会社
株式会社ＷＩＣＫ,大阪府大阪市中央区島之内１丁目２０番１１号,2023-06-21,株式会社
株式会社ＷｅｌｌＢｅ,茨城県日立市みかの原町１丁目１番１３号,2023-06-21,株式会社
株式会社ＹＡＥ,北海道札幌市中央区北五条西６丁目１－２３北海道通信ビル９階,2023-06-21,株式会社
株式会社ＹＭプロジェクト,北海道札幌市手稲区新発寒六条９丁目９番２２号,2023-06-21,株式会社
株式会社ＹＵＩコーポレーション,埼玉県さいたま市大宮区下町１丁目６２番地１－１１０２,2023-06-21,株式会社
株式会社ｂｌｏｏｍ,東京都新宿区西新宿３丁目３番１３号西新宿水間ビル６階,2023-06-21,株式会社
株式会社ｃｏｎｉ,福岡県福岡市博多区元町２丁目５番２１－２０２号,2023-06-21,株式会社
株式会社ｅｎ,茨城県取手市小文間３８６８番地２,2023-06-21,株式会社
株式会社ｅｐａｒｔｉｃｌｅ,北海道富良野市桂木町４番７１号,2023-06-21,株式会社
株式会社ｆｅｌｉｚｒａｂｏ,千葉県白井市西白井４丁目１８番地１２,2023-06-21,株式会社
株式会社ｈａｎａ,愛知県豊田市平沢町井戸洞１９番・２２番１合地,2023-06-21,株式会社
株式会社ｈａｒｍｏｎｉｃ　ｆｉｅｌｄ,広島県三原市大和町和木２１６３番地７,2023-06-21,株式会社
株式会社ｌｉａｎｅ,埼玉県坂戸市大字森戸１１０６番地３４,2023-06-21,株式会社
株式会社ｍｅｄｉｌｅｇａｍｅ,東京都江東区枝川３丁目１０－２０ハイラーク木場４０１,2023-06-21,株式会社
株式会社ｍｕｋｕ,東京都港区赤坂４丁目３－９赤坂藤マンション３０２,2023-06-21,株式会社
株式会社ｓｈｉｎ,兵庫県芦屋市船戸町５番２６号,2023-06-21,株式会社
株式会社ｓｉｅｎ,東京都練馬区石神井台２丁目２５番１２号,2023-06-21,株式会社
株式会社ｔｈｉｎｋｓｐａｃｅ,東京都港区南青山３丁目２番４号セントラル青山Ｎｏ．６－３Ａ,2023-06-21,株式会社
株式会社ｙＢ,福岡県福岡市東区香椎照葉６丁目２番５２－９０２号アイランドシティオーシャン＆フォレストタワーレジデンスＷＥＳＴ棟,2023-06-21,株式会社
株式会社ｙｅｌｌｂａ,東京都港区赤坂８丁目５－４０ペガサス青山３１０,2023-06-21,株式会社
森の研究所合同会社,石川県かほく市高松ツ８５番地,2023-06-21,合同会社
比留間製麺株式会社,東京都中野区新井２丁目２０番９号,2023-06-21,株式会社
水木株式会社,東京都墨田区両国２丁目１７番１７号両国ダイヤハイツ２０２－Ｓ,2023-06-21,株式会社
永吉株式会社,東京都江戸川区西小岩５丁目１２番１６号ＫＵＲＡＳＳＫＯＩＷＡ・２Ｆ,2023-06-21,株式会社
片岡学童クラブ,群馬県高崎市片岡町２丁目１２－２１,2023-06-21,その他
特定非営利活動法人ハナレヤ,岩手県花巻市十二丁目６４３番地,2023-06-21,その他の設立登記法人
特定非営利活動法人パープルソングスキャンフライ,東京都文京区本郷１丁目４番４号水道橋ビル２Ｆ,2023-06-21,その他の設立登記法人
石杉コンサルティング株式会社,東京都台東区雷門２丁目１４番９号ＮＳビル２・３０１,2023-06-21,株式会社
秀明株式会社,東京都足立区西新井本町４丁目２番１０－３０４号,2023-06-21,株式会社
税理士法人鶴間・及川会計事務所,東京都港区新橋１丁目１８番１９号キムラヤ大塚ビル６階,2023-06-21,その他の設立登記法人
笑楽航合同会社,石川県金沢市小立野２丁目２３‐１１サーパスシティ小立野２１４,2023-06-21,合同会社
絆株式会社,東京都文京区本郷３丁目４番３号ヒルズ８８４お茶の水ビル５階,2023-06-21,株式会社
結めぐる株式会社,茨城県古河市茶屋新田４０６－２,2023-06-21,株式会社
織都リフォーム株式会社,大阪府池田市槻木町１番２０号グローバル槻木１０１号,2023-06-21,株式会社
興和試験株式会社,鹿児島県南九州市頴娃町別府６００６番地１,2023-06-21,株式会社
芥和家株式会社,埼玉県春日部市粕壁東６丁目９番４２－２０３号,2023-06-21,株式会社
行政書士法人琉球ＨＩＫＡＲＩ,沖縄県那覇市牧志２丁目１６番４６号,2023-06-21,その他の設立登記法人
道南木材産業株式会社,北海道北斗市当別８５８番地の１,2023-06-21,株式会社
鑫森株式会社,大阪府大阪市住之江区泉１丁目２番５１号,2023-06-21,株式会社
龍川北海道糯酒業株式会社,東京都港区白金台２丁目２６番９号,2023-06-21,株式会社
龍翔株式会社,埼玉県川口市大字安行原７９０番地の５,2023-06-21,株式会社
６ＡＭ合同会社,東京都渋谷区渋谷２丁目１９－１５宮益坂ビルディング６０９,2023-06-21,合同会社
ＡＫホールディングス株式会社,沖縄県うるま市字赤野９８１－１２,2023-06-21,株式会社
ＡＲ　ＴＲＡＤＩＮＧ株式会社,栃木県栃木市岩舟町新里１３０３－２番地３４号室,2023-06-21,株式会社
ＡＲＱＸ株式会社,東京都渋谷区笹塚１丁目６０番９号ボヌールトーキササヅカ３０２号室,2023-06-21,株式会社
ＡＳＬＯＥ合同会社,東京都台東区台東１丁目２７番１１号佐藤第二ビル３０４室,2023-06-21,合同会社
Ａｉ３合同会社,兵庫県神戸市中央区東川崎町１丁目８－４産業振興センター５階西－１１,2023-06-21,合同会社
Ｂｏｗｌｉｎｅ　Ｋｎｏｔ合同会社,東京都世田谷区赤堤５丁目１９－６,2023-06-21,合同会社
Ｂｒａｎｄ　Ｍｅ株式会社,東京都目黒区鷹番３丁目１２番６号ＫＡＺビル２０１,2023-06-21,株式会社
ＣＢＤ株式会社,福岡県大川市大字小保５２１－１,2023-06-21,株式会社
ＣＨＡＴＴＨＡ　ＴＲＡＤＩＮＧ合同会社,栃木県栃木市岩舟町新里１３０４番地５９号室,2023-06-21,合同会社
ＣＳＡ株式会社,東京都台東区浅草６丁目１番１６号ＨＡＴＣＨビル,2023-06-21,株式会社
Ｃａｎｔｉｎｏ合同会社,東京都世田谷区千歳台１丁目２９番地１号パークハウスフォレストリエ５１２号室,2023-06-21,合同会社
Ｃａｔｈａｒｓｉｓ　Ｉｎｃ．,東京都昭島市田中町３丁目２番５号,2023-06-21,外国会社等
Ｃｈａｎｇｚｈｏｕ　Ｋｕｋｕ　ＣＮＣ　Ｔｅｃｈｎｏｌｏｇｙ　Ｃｏ．，Ｌｔｄ,,2023-06-21,外国会社等
Ｃｙｒｅｓ株式会社,東京都港区赤坂１丁目１番１７号細川ビル,2023-06-21,株式会社
ＤＡＲＵＭＡ　ＪＡＰＡＮ株式会社,東京都千代田区三崎町二丁目１０番１１号ｐｅｇビル６Ｂ－３号室,2023-06-21,株式会社
Ｅ．Ｋ．Ｐ合同会社,東京都世田谷区世田谷３丁目２６－１３,2023-06-21,合同会社
ＦＯＷ株式会社,東京都渋谷区本町１丁目４－４ポートハウス初台１０１,2023-06-21,株式会社
Ｆｅｌｉｓ株式会社,福島県いわき市中央台鹿島２丁目３－２４,2023-06-21,株式会社
Ｆｕｎｄａｍｅｎｔａｌ　Ｒｅｓｅａｒｃｈ　Ａｓｓｏｃｉａｔｅｓ　Ｉｎｃ．,東京都渋谷区渋谷２丁目２１番１号渋谷ヒカリエ３３階,2023-06-21,外国会社等
Ｆｕｒｉｔｅｎ株式会社,東京都渋谷区道玄坂１丁目１０番８号,2023-06-21,株式会社
ＧＥＭＳ株式会社,東京都渋谷区神宮前３丁目２５－６神宮前ウィンテルビル３Ｆ,2023-06-21,株式会社
ＧＩＴＡ合同会社,東京都葛飾区堀切３丁目１３番１５号ハマースミス４０１号,2023-06-21,合同会社
ＧＲＥＥＮ　ＨＯＵＳＥ合同会社,埼玉県川口市西川口２丁目１番１５号リバーハイツ１０３,2023-06-21,合同会社
Ｇｅｎｅｓｉｓ合同会社,東京都江戸川区南葛西６丁目５番１６号,2023-06-21,合同会社
Ｇｌｏｂａｌ　Ａｓｓｉｓｔ２０２３株式会社,宮城県仙台市青葉区本町１丁目５番２８号,2023-06-21,株式会社
Ｇｌｏｂａｌ　Ｍｅｄｉｃａｌ　Ｓｃｉｅｎｃｅ株式会社,東京都中央区銀座２丁目６番１２号大倉本館１１階,2023-06-21,株式会社
Ｈ２ＮＥＸＴ合同会社,東京都新宿区西新宿３丁目３番１３号西新宿水間ビル２Ｆ,2023-06-21,合同会社
ＨＳＷ株式会社,沖縄県那覇市樋川１丁目３５番１号カンセイホーム樋川３－Ｂ,2023-06-21,株式会社
Ｈｏｎｇ　Ｋｏｎｇ　Ｋｉｌｏ　Ｔｅｃｈｎｏｌｏｇｙ　Ｃｏ．，Ｌｉｍｉｔｅｄ,,2023-06-21,外国会社等
ＩＭＰＲＥＳＳＩＯＮ株式会社,沖縄県浦添市牧港４丁目６番１号,2023-06-21,株式会社
ＩＮＴＬＯＯＰ　Ｌａｂｓふくしま株式会社,愛知県名古屋市中村区名駅４丁目２４番５号第２森ビル９Ｆ,2023-06-21,株式会社
Ｊｉｎｚｈｏｕａｏｆａｎｍａｏｙｉｙｏｕｘｉａｎｇｏｎｇｓｉ,,2023-06-21,外国会社等
ＫＭＤ４７６合同会社,大阪府豊中市寺内１丁目３番７号,2023-06-21,合同会社
ＫＮパートナーズ株式会社,兵庫県西宮市西宮浜４丁目１２番５－４１０号,2023-06-21,株式会社
ＫＯＤ株式会社,東京都板橋区宮本町７番１号,2023-06-21,株式会社
ＫＴＣ科技日本株式会社,東京都文京区湯島１丁目１２番４号,2023-06-21,株式会社
Ｌ．Ｂ株式会社,福岡県北九州市小倉南区富士見町二丁目７番１４号ＣｌｏｕｄＦｕｊｉｍｉ３階Ｂ号室,2023-06-21,株式会社
ＬＧＺ株式会社,福岡県福岡市東区原田４丁目３１番１６号,2023-06-21,株式会社
Ｌｅｘｉａ株式会社,福岡県福岡市中央区天神１丁目２番４号農業共済ビル４階,2023-06-21,株式会社
Ｌｕｍｉｑｕｅ合同会社,大阪府大阪市浪速区久保吉２丁目１番３－１０１号,2023-06-21,合同会社
ＭＥＤＩＣＴＵＳ株式会社,大阪府大阪市東成区玉津１丁目９番２０号,2023-06-21,株式会社
ＭＮＧＴ株式会社,東京都荒川区西尾久７丁目１０番２－Ａ室,2023-06-21,株式会社
ＭＯＭＯ株式会社,東京都港区白金１丁目２番１－Ｅ２３１３号,2023-06-21,株式会社
ＭＳＫホーム株式会社,千葉県市原市うるいど南３丁目８番地１,2023-06-21,株式会社
ＭＹＡＮＭＡＲ　ＯＣＣ　ＣＯＭＰＡＮＹ　ＬＩＭＩＴＥＤ,沖縄県浦添市沢岻２丁目１７番１号,2023-06-21,外国会社等
Ｍａｌｕ　Ｕｎｉｔｅｄ合同会社,長野県下高井郡木島平村大字往郷１３２７番地１,2023-06-21,合同会社
ＮＰＯ法人そよ風,福岡県北九州市若松区鴨生田４丁目１２番９号,2023-06-21,その他の設立登記法人
ＮＰＯ法人伊勢原どうぶつ愛護の会,神奈川県伊勢原市東大竹９９７番地の９,2023-06-21,その他の設立登記法人
ＮＹＣ　Ｌｉｎｋｓ株式会社,東京都世田谷区野沢３丁目３番１５号ジュネスパーク柿の木坂１０３,2023-06-21,株式会社
Ｏｆｆｉｃｅ　１８３合同会社,福岡県福岡市中央区平尾４丁目１６－１３－２０６,2023-06-21,合同会社
Ｐｅｎ＆Ｃｏ．株式会社,東京都千代田区神田和泉町１番地６－１６ヤマトビル４０５,2023-06-21,株式会社
ＲＵ合同会社,栃木県足利市大前町１３１０－３ハイツ大前１０１,2023-06-21,合同会社
ＲＶＳ株式会社,広島県福山市引野町５丁目３番４号,2023-06-21,株式会社
ＲｅＥＮＴＲＹ株式会社,東京都墨田区緑４丁目１１番４号,2023-06-21,株式会社
ＲｉｎＰｒｏ　ＢＹＧＫ株式会社,埼玉県蓮田市西新宿６丁目１４２番地９,2023-06-21,株式会社
ＳＡＮＹＯＵ株式会社,大阪府大阪市西成区松３丁目１１番２８号１階,2023-06-21,株式会社
ＳＣＳＫ　ＡＭＬ対策事業準備株式会社,東京都江東区豊洲３丁目２番２４号,2023-06-21,株式会社
ＳＥＲＡＣＨＡ　ＳＥＡ＆ＨＩＬＬ合同会社,広島県世羅郡世羅町大字東神崎３１５－１,2023-06-21,合同会社
ＳＨＥＮＺＨＥＮ　ＰＯＲＴＫＥＹＳ　ＥＬＥＣＴＲＯＮＩＣ　ＴＥＣＨＮＯＬＯＧＹ　ＣＯ．，ＬＴＤ,,2023-06-21,外国会社等
ＳＨＥＮＺＨＥＮ　ＵＰ　ＬＩＧＨＴＩＮＧ　ＴＥＣＨＮＯＬＯＧＹ　ＣＯ．，ＬＴＤ,,2023-06-21,外国会社等
ＳＰＩＴＺＥ　ＪＡＰＡＮ株式会社,東京都千代田区紀尾井町１番３号,2023-06-21,株式会社
ＳＵ　ｃａｒ株式会社,大阪府堺市南区美木多上１３６９－１,2023-06-21,株式会社
Ｓｈｅｎｚｈｅｎ　Ｃｈｕａｎｇｑｕａｎ　Ｅｌｅｃｔｒｏｎｉｃｓ　Ｃｏ．，Ｌｔｄ,,2023-06-21,外国会社等
Ｓｈｅｎｚｈｅｎ　Ｎｉｎｇｚｅ　Ｔｅｃｈｎｏｌｏｇｙ　Ｃｏ．，Ｌｔｄ．,,2023-06-21,外国会社等
Ｓｏｎｎｅｎｂｌｕｍｅ第一発電所合同会社,東京都文京区本郷５丁目３３番１０号,2023-06-21,合同会社
ＳｔａｒＬｉｆｔ株式会社,東京都渋谷区神宮前６丁目２３番４号桑野ビル２階,2023-06-21,株式会社
Ｓｙｍｐａｌ株式会社,東京都千代田区神田猿楽町２丁目８－１１ＶＯＲＴ水道橋（企）,2023-06-21,株式会社
Ｔコーポレーション合同会社,東京都台東区浅草２丁目２７－１２,2023-06-21,合同会社
Ｔ・Ｓコンストラクション株式会社,兵庫県姫路市的形町的形１３６０番地１９,2023-06-21,株式会社
ＴＡＤＡＭＡＴＵ　ＡＰＰＳ合同会社,神奈川県川崎市麻生区栗木台５丁目８―１５―２,2023-06-21,合同会社
ＴＨＵ　ＨＵＹＥＮ合同会社,兵庫県尼崎市西難波町４丁目６番２６－６０２号,2023-06-21,合同会社
ＴＭＫＹ　Ｃｅｎｔｒａｌ　Ｆｉｅｌｄ　Ｍａｎａｇｅｍｅｎｔ株式会社,埼玉県鶴ヶ島市大字上広谷４５５番地１,2023-06-21,株式会社
ＴＯＯＷＡ株式会社,兵庫県尼崎市武庫川町２丁目１０番１－７０２号,2023-06-21,株式会社
Ｔｉａｎｊｉｎ　Ｓｈｕｓｈｉ　Ｊｕｈｅ　Ｃｒｏｓｓ－ｂｏｒｄｅｒ　Ｅ－ｃｏｍｍｅｒｃｅ　Ｃｏ．，Ｌｔｄ,,2023-06-21,外国会社等
Ｔｏｋｙｏ　Ｃａｔｅｒｉｎｇ　Ｃｌｕｂ株式会社,東京都港区東麻布１丁目２３番５号ＰＭＣビル２Ｆ,2023-06-21,株式会社
Ｔｒｕｓｔ　ｈｏｍｅ株式会社,大阪府大阪市西区江之子島１丁目７－３－９Ｆ,2023-06-21,株式会社
Ｔｓｔａｒｔ株式会社,愛知県名古屋市中村区名駅３丁目４－１０アルティメイト名駅１ｓｔ２階,2023-06-21,株式会社
Ｔｗｏ　Ｔａｉｌｓ株式会社,東京都小金井市梶野町１丁目２－３６,2023-06-21,株式会社
ＵＮＩＯＮｘＤＥＳＩＧＮ株式会社,愛知県名古屋市緑区大高町字己新田１５３番地の３,2023-06-21,株式会社
Ｕｎｉｏｎ　Ｍａｒｉｔｉｍｅ　Ｓｅｒｖｉｃｅｓ合同会社,東京都千代田区内幸町２丁目２番２号富国生命ビル渥美坂井法律事務所・外国法共同事業内,2023-06-21,合同会社
ＸＧＩＭＩ　Ｔｅｃｈｎｏｌｏｇｙ　ＣＯ．，ＬＴＤ,,2023-06-21,外国会社等
ＺｅｒｏＮｏｒｔｈ株式会社,東京都千代田区外神田６丁目１５番１４号外神田ストークビル３１４,2023-06-21,株式会社
ａｎｄ　ｅ株式会社,大阪府吹田市千里山東１丁目１７番４５－７０１号,2023-06-21,株式会社
ｃｌｅａｎ　ｕｐ合同会社,福岡県福岡市東区原田２丁目２６番１６－２０５号,2023-06-21,合同会社
ｃｕｒｉｏｐｈ株式会社,東京都渋谷区道玄坂１丁目１０番８号渋谷道玄坂東急ビル２Ｆ－Ｃ,2023-06-21,株式会社
ｅｒａｂｂｉｔ合同会社,神奈川県横浜市戸塚区品濃町５４９番地６ドムス常盤９１１号,2023-06-21,合同会社
ｆｐｉ合同会社,大阪府大阪市住吉区長居４丁目９番２３号サンフラワー長居４０７号,2023-06-21,合同会社
ｇａｔｈｅｒ合同会社,東京都北区赤羽２丁目４５－３－２０３,2023-06-21,合同会社
ｉプロパティ１３合同会社,東京都千代田区永田町２丁目１４番２号－３階スリーアイズキャピタル株式会社内,2023-06-21,合同会社
ｓｅｌｆ　ｓｅｎｓｅ株式会社,東京都台東区浅草橋３丁目４番４号,2023-06-21,株式会社
ｓｈｅｎｚｈｅｎ　ｐｉｎｂｅｉ　ｋｅｊｉ　ｙｏｕｘｉａｎ　ｇｏｎｇｓｉ,,2023-06-21,外国会社等
ｗｉｓｔａｃｋ株式会社,東京都中央区晴海３丁目１３番１－２６０７号,2023-06-21,株式会社
あすなろパートナーズ協同組合,福岡県福岡市東区三苫７丁目１番９号,2023-06-22,その他の設立登記法人
こどもおりょうりラボ株式会社,神奈川県藤沢市片瀬海岸２丁目２０－１２ＯＨＡＮＡｔｅｒｒａｃｅ２Ｆ,2023-06-22,株式会社
さくら警備株式会社,千葉県千葉市花見川区検見川町３丁目３０８番地１９冨原マンション１０１号,2023-06-22,株式会社
にくの松株式会社,佐賀県伊万里市黒川町福田７８４番地１,2023-06-22,株式会社
アカデミックハブ株式会社,東京都新宿区歌舞伎町２丁目４６番７号第３平沢ビル５Ｆ－Ｂ,2023-06-22,株式会社
アガベソーラー合同会社,東京都中央区八丁堀４丁目２番１０号ＡＯＪ税理士法人内,2023-06-22,合同会社
アフロ・トーク合同会社,鹿児島県南九州市知覧町郡４８５７番地４９,2023-06-22,合同会社
アリビオ合同会社,福島県福島市渡利字椚町４８－１アリビオ椚２０１,2023-06-22,合同会社
アルマレーザーズ・ジャパン株式会社,東京都港区芝４丁目４－２０グーゴルプレックスミレニアムビル４階,2023-06-22,株式会社
エッセンシャルズ株式会社,東京都渋谷区円山町５番５号Ｎａｖｉ渋谷Ｖ３Ｆ,2023-06-22,株式会社
エンカウンター・フジ合同会社,静岡県富士宮市大宮町９－４,2023-06-22,合同会社
エンデバー・ユナイテッド・パートナーズ・３１株式会社,東京都千代田区丸の内２丁目５番１号丸の内二丁目ビル６階,2023-06-22,株式会社
オークソーラー合同会社,東京都中央区八丁堀４丁目２番１０号ＡＯＪ税理士法人内,2023-06-22,合同会社
キハル合同会社,大阪府大阪市東成区神路４丁目１１番１８号,2023-06-22,合同会社
キヨエギャラリー合同会社,北海道虻田郡ニセコ町字中央通８９番地,2023-06-22,合同会社
クリニカタナカマーケティング株式会社,神奈川県横須賀市久里浜７丁目３１番１－１０９号,2023-06-22,株式会社
クレシタ株式会社,福岡県福岡市中央区天神２丁目３番１０号,2023-06-22,株式会社
ゲートシティ大崎業務商業棟事務所管理組合,東京都品川区大崎１丁目１１－１,2023-06-22,その他
ゲートシティ大崎業務商業棟全体管理組合,東京都品川区大崎１丁目１１－１,2023-06-22,その他
ゲートシティ大崎業務商業棟店舗共有者会,東京都品川区大崎１丁目１１－１,2023-06-22,その他
ゲートシティ大崎街区管理組合,東京都品川区大崎１丁目１１－１,2023-06-22,その他
サングリーン株式会社,愛知県名古屋市港区天目町１１２番地,2023-06-22,株式会社
シーアップ株式会社,福岡県大野城市仲畑４丁目２番１７号,2023-06-22,株式会社
スカイウォーカー株式会社,東京都新宿区西早稲田１丁目１１番８号ヴィラ早稲田２０２ａ,2023-06-22,株式会社
セラゴンバイオサイエンスジャパン株式会社,東京都千代田区丸の内１丁目１１番１号パシフィックセンチュリープレイス丸の内８階,2023-06-22,株式会社
ダブルアイ合同会社,東京都中央区銀座１丁目１２番４号Ｎ＆ＥＢＬＤ．６Ｆ,2023-06-22,合同会社
チャンネルワン株式会社,東京都中央区晴海３丁目１６番１号,2023-06-22,株式会社
テラス・キャピタルパートナーズ株式会社,東京都港区港南１丁目９番３６号,2023-06-22,株式会社
トライデント株式会社,愛知県知多郡武豊町大字冨貴字砂水７２番地１,2023-06-22,株式会社
ナマステ株式会社,沖縄県那覇市辻１丁目１５番１－６０３号琉食辻町マンション,2023-06-22,株式会社
ハウスク株式会社,大阪府大阪市浪速区難波中２丁目１０番７０号なんばパークスタワー１９Ｆ,2023-06-22,株式会社
ハランソーラー合同会社,東京都中央区八丁堀４丁目２番１０号ＡＯＪ税理士法人内,2023-06-22,合同会社
パークコミュニティーズ株式会社,東京都港区海岸１丁目１番１－６１４号,2023-06-22,株式会社
マーレ合同会社,東京都中央区銀座１丁目１２番４号Ｎ＆ＥＢＬＤ．６Ｆ,2023-06-22,合同会社
ミネルヴァ株式会社,東京都中央区日本橋兜町１７番２号兜町第６葉山ビル４Ｆ,2023-06-22,株式会社
ヨモギソーラー合同会社,東京都中央区八丁堀４丁目２番１０号ＡＯＪ税理士法人内,2023-06-22,合同会社
ライズ・ジャパン合同会社,神奈川県川崎市中原区新城３丁目６－１－３Ｆ,2023-06-22,合同会社
リベラリオ合同会社,東京都立川市柏町３丁目４２番地４６,2023-06-22,合同会社
リベルテ合同会社,東京都江東区東雲１丁目９番１４－１３０７号,2023-06-22,合同会社
リライフホームズ株式会社,東京都千代田区九段南１丁目５番６号りそな九段ビル５階ＫＳフロア,2023-06-22,株式会社
一般社団法人アナザーステージ,島根県隠岐郡隠岐の島町下西１０１４番地１２,2023-06-22,その他の設立登記法人
一般社団法人クレア人財育英協会,東京都千代田区紀尾井町３番１２号紀尾井町ビル６階,2023-06-22,その他の設立登記法人
一般社団法人全国牡蠣協議会,広島県江田島市江田島町宮ノ原２丁目３１番２３号,2023-06-22,その他の設立登記法人
一般社団法人北海道トライアスロン連合,北海道札幌市手稲区前田四条８丁目５番１号,2023-06-22,その他の設立登記法人
一般社団法人富山県平和大使協議会,富山県富山市西公文名町１１番１号,2023-06-22,その他の設立登記法人
一般社団法人未来・美・自然アート研究会,茨城県土浦市荒川沖東１丁目５番１号,2023-06-22,その他の設立登記法人
一般社団法人東京安全衛生講習協会,東京都江東区青海２丁目７番４号ＴｈｅＳＯＨＯ・Ｏｄａｉｂａ７１１号室,2023-06-22,その他の設立登記法人
一般社団法人水戸終活支援センター,茨城県小美玉市外之内２６９－３５,2023-06-22,その他の設立登記法人
一般社団法人絵本プロフェッショナル協会,静岡県浜松市西区平松町１８３０番地の１,2023-06-22,その他の設立登記法人
一般社団法人錬心舘空手道,鹿児島県日置市伊集院町下谷口４５６３番地,2023-06-22,その他の設立登記法人
一般社団法人２０世紀応援団アーカイブ,東京都渋谷区神宮前６丁目２３番４号桑野ビル２階,2023-06-22,その他の設立登記法人
一般社団法人ＣＯＣＯＡ,宮城県岩沼市藤波一丁目５番３６号,2023-06-22,その他の設立登記法人
一般社団法人ＤＸＷＯＲＬＤ,東京都品川区西五反田１丁目１－８ＮＭＦ五反田駅前ビル６階,2023-06-22,その他の設立登記法人
一般社団法人ＲａｉｓｅＢｅａｕｔｙ協会,福岡県北九州市小倉南区大字新道寺１０２２番地１,2023-06-22,その他の設立登記法人
三建株式会社,茨城県取手市桑原１５４９番地５,2023-06-22,株式会社
三明興産株式会社,東京都品川区西五反田１丁目２１番７号,2023-06-22,株式会社
三階菱花円合同会社,宮城県白石市鷹巣西３丁目１番５号,2023-06-22,合同会社
備後町インベストメンツ合同会社,東京都港区六本木１丁目６番１号泉ガーデンタワー,2023-06-22,合同会社
備後町マネジメント合同会社,東京都港区六本木１丁目６番１号泉ガーデンタワー,2023-06-22,合同会社
光ＴＫ株式会社,東京都台東区上野３丁目１６番２号天翔上野末広町ビル６階６０５－Ｃ号室,2023-06-22,株式会社
北九州商事株式会社,福岡県北九州市小倉北区清水１丁目１５番７号,2023-06-22,株式会社
千海株式会社,東京都荒川区町屋３丁目２４番２号面川ビル２１５号室,2023-06-22,株式会社
合同会社ういんかむ,神奈川県逗子市沼間５丁目１８番４６号,2023-06-22,合同会社
合同会社えんむすび,埼玉県さいたま市岩槻区本町３丁目２－５,2023-06-22,合同会社
合同会社けやき,大阪府岸和田市大町４丁目６番３３号,2023-06-22,合同会社
合同会社ここから,北海道上川郡東川町東２号北８,2023-06-22,合同会社
合同会社しあん,愛媛県四国中央市土居町野田甲５２３,2023-06-22,合同会社
合同会社たづくり総合研究所,東京都調布市深大寺東町７丁目４１番地７,2023-06-22,合同会社
合同会社ねこのひげ,広島県安芸郡坂町横浜東２丁目１０番１６号,2023-06-22,合同会社
合同会社ひまわり,熊本県天草市亀場町亀川１１０２番地８,2023-06-22,合同会社
合同会社みつおか,神奈川県横浜市瀬谷区阿久和東３丁目３番地１０,2023-06-22,合同会社
合同会社オフィスＹ,東京都板橋区清水町３７番８号,2023-06-22,合同会社
合同会社カチドキ,山口県宇部市亀浦５丁目３番３３－１号,2023-06-22,合同会社
合同会社カナボリック,東京都府中市緑町１丁目１０番地の３パールドゥＮ府中３０２,2023-06-22,合同会社
合同会社キソラジ,長野県木曽郡木曽町新開大原１２９－１６６,2023-06-22,合同会社
合同会社キッケイ,東京都日野市百草９２０番地の１２３,2023-06-22,合同会社
合同会社シンプルプラン,千葉県船橋市芝山１丁目１６番１２号,2023-06-22,合同会社
合同会社スイップホック,青森県北津軽郡板柳町いたや町２丁目４８番地１,2023-06-22,合同会社
合同会社スカイラーシスターズ,東京都千代田区大手町１丁目１番１号大手町パークビルディング１７階,2023-06-22,合同会社
合同会社セロ,福岡県福岡市西区徳永北１４番５号ヴィルヌーブ１Ｆ,2023-06-22,合同会社
合同会社トモリス,愛知県名古屋市昭和区川名本町２丁目１７番地の２,2023-06-22,合同会社
合同会社ピーティーピー,東京都板橋区桜川３丁目１２番３号,2023-06-22,合同会社
合同会社ファミリアフェイス,福岡県福岡市東区下原２丁目３７番２８－１０１号ＳＰＲＩＯ,2023-06-22,合同会社
合同会社フェアリースマイル,東京都板橋区中丸町２５番２号ＣｏｃｏｏＮ池袋２０１,2023-06-22,合同会社
合同会社フォウバル,東京都中央区銀座１丁目２２番１１号銀座大竹ビジデンス２Ｆ,2023-06-22,合同会社
合同会社ブルーオーシャン・パートナーズ,東京都港区芝浦１丁目６番４１－２２２４号,2023-06-22,合同会社
合同会社プラス,北海道苫小牧市表町５丁目１０番７号セントラル駅前ビル３階,2023-06-22,合同会社
合同会社ライフ,神奈川県平塚市北金目３丁目１５番４０号,2023-06-22,合同会社
合同会社リリウム,兵庫県西宮市南越木岩町２番１２－２０３号,2023-06-22,合同会社
合同会社リリエステート,岐阜県羽島郡笠松町長池１３６－３,2023-06-22,合同会社
合同会社レベルライフ,大阪府守口市藤田町６丁目５番５号,2023-06-22,合同会社
合同会社和顔愛語,秋田県秋田市雄和椿川字長者屋敷９番地１,2023-06-22,合同会社
合同会社文創,大阪府岸和田市松風町１３番５８号春木ｗｏｒｋｓｐａｃｅ１０１号室,2023-06-22,合同会社
合同会社新盛商事,東京都葛飾区東新小岩５丁目３番２号,2023-06-22,合同会社
合同会社日本コミュニケーション研究所,東京都大田区大森北４丁目７－１２,2023-06-22,合同会社
合同会社柴田不動産,東京都中央区佃２丁目２番１１－３７０６号,2023-06-22,合同会社
合同会社芸術花火シリーズ,東京都渋谷区恵比寿南２丁目１番８号恵比寿ＯＴビル３Ｆ,2023-06-22,合同会社
合同会社茶ノン,北海道札幌市北区北十条西３丁目２３番地１,2023-06-22,合同会社
合同会社青山,大阪府和泉市和田町３０２番地の１,2023-06-22,合同会社
合同会社７ＰＬＡＩＳＩＲ,東京都中野区弥生町１丁目６番６号,2023-06-22,合同会社
合同会社ＢＤ,東京都文京区本駒込４丁目３９－２リーラ駒込１０８,2023-06-22,合同会社
合同会社ＢＬＵＴＥ　ＣＯＭＰＡＮＹ,東京都渋谷区円山町５番５号Ｎａｖｉ渋谷Ｖ３階,2023-06-22,合同会社
合同会社ＣＲＡＦＴＹ,群馬県伊勢崎市田中島町１４００番地６グランディールビルアネックス２０６,2023-06-22,合同会社
合同会社ＧＭＴカンパニー,神奈川県藤沢市鵠沼桜が岡１丁目９番１６号,2023-06-22,合同会社
合同会社ＨＹ,大阪府大阪市生野区林寺２丁目１６番１４号,2023-06-22,合同会社
合同会社Ｈａｐｐｙ　Ｈｏｍｅ　Ｓｔｏｒｅ,福岡県久留米市東町３９－２７第一森光ビル４０２号,2023-06-22,合同会社
合同会社ＩＣＥ,富山県富山市堀川町１１番地２,2023-06-22,合同会社
合同会社Ｋ．Ｓ,東京都港区赤坂２丁目１７番５０－１８０１号,2023-06-22,合同会社
合同会社ＫＧ,京都府綾部市青野町西ノ後４３番地,2023-06-22,合同会社
合同会社Ｋｏｔｓｕｂｕ,滋賀県彦根市中藪１丁目１４番２号,2023-06-22,合同会社
合同会社ＭＮキャリア,奈良県香芝市狐井３６２番地３,2023-06-22,合同会社
合同会社Ｍｉｎａｍｉ,東京都渋谷区代々木１丁目５３番１号,2023-06-22,合同会社
合同会社Ｍｏｎｔ　Ｂｌａｎｃ,東京都中央区銀座１丁目１２－４Ｎ＆ＥＢＬＤ．７階,2023-06-22,合同会社
合同会社ＮＥＸＴ　Ｇ,沖縄県那覇市曙３丁目１６－１ブランシエラ那覇曙プレミスト１２０２号室,2023-06-22,合同会社
合同会社ＯＭ開発,福島県相馬郡飯舘村小宮字沼平５５１番地,2023-06-22,合同会社
合同会社Ｏｒｉ,福岡県福津市中央２丁目１５番１８号,2023-06-22,合同会社
合同会社ＰＡＤＡＭ,兵庫県加東市長貞１０４９番地１,2023-06-22,合同会社
合同会社ＰＩＸＹ,北海道札幌市東区北六条東６丁目１番地２エスポアシティ札幌３１２号,2023-06-22,合同会社
合同会社ＵＺ,沖縄県那覇市三原１丁目２６番４０－３１１号室,2023-06-22,合同会社
合同会社Ｗｅｂｖｅ,東京都渋谷区道玄坂１丁目１０番８号渋谷道玄坂東急ビル２Ｆ－Ｃ,2023-06-22,合同会社
合同会社Ｗｉｚｆｌｉｃｋ,大阪府大阪市北区堂山町１‐５三共梅田ビル７階オギャーズ梅田内,2023-06-22,合同会社
合同会社ｃｏｍｒａｄｅｓ,福岡県福岡市南区大平寺１丁目４１番１８号,2023-06-22,合同会社
合同会社ｇｏｋｉｇｅｎ,北海道札幌市白石区菊水三条５丁目３番３０,2023-06-22,合同会社
合同会社ｋｏａ,北海道旭川市永山八条５丁目２番１２号エクセレント８５Ａ－１０５,2023-06-22,合同会社
合同会社ｌｉｃｈｔ,北海道旭川市五条通１２丁目１３９５番地２,2023-06-22,合同会社
合同会社ｍｅｄｉｃａｌｉｋｅ,東京都足立区中川４丁目３３―４亀有中川マンション６０４,2023-06-22,合同会社
合同会社ｍｕｇｉｂａｔａｋｅ,東京都中央区日本橋室町１丁目１１－１２日本橋水野ビル７階,2023-06-22,合同会社
合同会社ｗｏｏｄ　ｂｕｉｌｄｉｎｇ,山口県防府市国分寺町６番１５号,2023-06-22,合同会社
大家設備株式会社,北海道札幌市手稲区金山二条１丁目５番８号,2023-06-22,株式会社
奥村＆Ｃｏｍｐａｎｙ合同会社,東京都国立市富士見台２丁目３７番地の７ダイアパレス国立Ⅱ５０１,2023-06-22,合同会社
如意株式会社,東京都台東区台東１丁目３２番６号小島ビル３０１,2023-06-22,株式会社
安杰貿易株式会社,茨城県桜川市真壁町原方１２０番地,2023-06-22,株式会社
宝淘株式会社,茨城県つくば市竹園３丁目１５番地ウエリスつくば竹園５２３号,2023-06-22,株式会社
實澤源商事株式会社,大阪府大阪市生野区生野東２丁目３番４９号,2023-06-22,株式会社
山田園株式会社,北海道余市郡仁木町東町１２丁目３８番地,2023-06-22,株式会社
山芳製菓ホールディングス株式会社,東京都千代田区丸の内２丁目４番１号,2023-06-22,株式会社
岩商事株式会社,福岡県糟屋郡篠栗町大字尾仲５８６番地１,2023-06-22,株式会社
川崎南部青果仲卸組合株式会社,神奈川県川崎市幸区南幸町３丁目１２６番地１,2023-06-22,株式会社
弁理士法人山名国際特許事務所,東京都中央区八丁堀４丁目１０番１１号,2023-06-22,その他の設立登記法人
慧德樂株式会社,東京都墨田区緑１丁目２１番１３号キャッスルマンション両国１０１,2023-06-22,株式会社
慧龍株式会社,大阪府大阪市大正区三軒家西３丁目４番１６号中山ビル４０９Ｃ,2023-06-22,株式会社
拡大合同会社,大阪府大阪市生野区新今里２丁目１１番１２号カルム今里１階,2023-06-22,合同会社
文映株式会社,東京都豊島区東池袋２丁目６２－８ビックオフィスプラザ池袋５０２号,2023-06-22,株式会社
新千歳運輸株式会社,北海道千歳市新星２丁目５番１号,2023-06-22,株式会社
日天管理株式会社,神奈川県横浜市港北区新横浜１丁目７番地９友泉新横浜一丁目ビル１階,2023-06-22,株式会社
日本ケアホーム株式会社,東京都中野区中野６丁目２３番４号中野ビル１階,2023-06-22,株式会社
日本諾恒医薬株式会社,神奈川県座間市広野台１丁目５０番１号吉豊ビル２０１室,2023-06-22,株式会社
有八有ジャパン株式会社,東京都中央区銀座１丁目２２番１１号銀座大竹ビジデンス２Ｆ,2023-06-22,株式会社
札幌重建株式会社,北海道札幌市中央区南九条西４丁目１番１０号家安ビル２階,2023-06-22,株式会社
東和株式会社,東京都台東区下谷３丁目８番４－２０２号,2023-06-22,株式会社
株式会社あーす介護ショップ,静岡県藤枝市岡出山１丁目９番５号芳村ビル１Ｆ,2023-06-22,株式会社
株式会社かたつくり,東京都調布市染地２丁目８番地３Ｃ－１１２,2023-06-22,株式会社
株式会社からへ,愛知県一宮市大和町妙興寺字中之町５５番地２,2023-06-22,株式会社
株式会社すし良月,東京都渋谷区恵比寿２丁目３７番８号,2023-06-22,株式会社
株式会社まちでん,群馬県前橋市山王町２１番地６,2023-06-22,株式会社
株式会社みやみや,東京都新宿区荒木町９正起ビル１Ｆ,2023-06-22,株式会社
株式会社ゆるくかつ,東京都文京区千石１丁目２２番２－５０１号,2023-06-22,株式会社
株式会社らいくえ,福岡県糸島市前原１０３７番地１,2023-06-22,株式会社
株式会社アエルデザイン,神奈川県横浜市神奈川区平川町１４番地４－２０６,2023-06-22,株式会社
株式会社アティックエンターテイメント,東京都中央区日本橋蛎殻町１丁目３５－８,2023-06-22,株式会社
株式会社アモア,岡山県赤磐市周匝１０６９番地１,2023-06-22,株式会社
株式会社アレセ,東京都港区南青山３丁目１４－１０シプレ南青山１階,2023-06-22,株式会社
株式会社アーバンコートナンバ,岡山県総社市総社２丁目１番３３号,2023-06-22,株式会社
株式会社イエキリ建設,愛知県愛西市町方町北前４２番地５,2023-06-22,株式会社
株式会社イーアース,沖縄県中頭郡北中城村字安谷屋１９３４番地３階,2023-06-22,株式会社
株式会社エピオンシステム,鹿児島県鹿児島市東千石町１－３鹿児島第二ビル　２Ｆ－Ｂ,2023-06-22,株式会社
株式会社エムズカッシュ,和歌山県伊都郡九度山町大字慈尊院２７８番地の２３,2023-06-22,株式会社
株式会社エーアイアール,埼玉県狭山市大字南入曽７７２番地の１２,2023-06-22,株式会社
株式会社エーカム,東京都台東区上野３丁目１５番７号ＵＥＮＯＹＯＵＲ,2023-06-22,株式会社
株式会社エースコネクション,東京都中野区東中野２丁目１２番１８号フェリスバニラ２０４,2023-06-22,株式会社
株式会社オフィス伊東,宮城県多賀城市八幡４丁目２番１２号,2023-06-22,株式会社
株式会社オベロンケア,東京都北区豊島８丁目４番１０号,2023-06-22,株式会社
株式会社オレンジセブン,東京都千代田区富士見２丁目１７番１号,2023-06-22,株式会社
株式会社キクチ塗装,青森県五所川原市字栄町２１番地,2023-06-22,株式会社
株式会社クラセロ,東京都江東区亀戸３丁目８番４号クレアメゾン天神橋５０３号室,2023-06-22,株式会社
株式会社クレア,東京都千代田区紀尾井町３番１２号紀尾井町ビル６階,2023-06-22,株式会社
株式会社クレイドル,静岡県沼津市岡一色２７５番地の１,2023-06-22,株式会社
株式会社ケーマイト,兵庫県芦屋市山手町１２番６号,2023-06-22,株式会社
株式会社コネクトワン,東京都中央区銀座１丁目２２番１１号銀座大竹ビジデンス２Ｆ,2023-06-22,株式会社
株式会社シックハック,北海道札幌市南区澄川五条９丁目６番１０号,2023-06-22,株式会社
株式会社シニフィエ,広島県広島市中区大手町１丁目１番２６号大手町一番ビル３０５,2023-06-22,株式会社
株式会社ジャパン,兵庫県神戸市中央区神仙寺通３丁目１－２３新神戸ファーストビル３０１,2023-06-22,株式会社
株式会社ジャパン・キッチン・エフ,福井県あわら市春宮３丁目４番３号,2023-06-22,株式会社
株式会社ジョイントリンク,埼玉県さいたま市南区大字大谷口５３９７番地,2023-06-22,株式会社
株式会社ジンの設備,神奈川県三浦市初声町和田２５５８番地８,2023-06-22,株式会社
株式会社スノードーム,東京都新宿区西新宿３丁目３番１３号西新宿水間ビル６階,2023-06-22,株式会社
株式会社スリーアローズ,愛知県半田市旭町３丁目４８番地,2023-06-22,株式会社
株式会社ソナム,岩手県久慈市長内町３２地割１５番地２,2023-06-22,株式会社
株式会社ソーリク,埼玉県越谷市流通団地１丁目４－８,2023-06-22,株式会社
株式会社ダイヤモンドラボ,大阪府大阪市東成区深江南１丁目１６番３１号,2023-06-22,株式会社
株式会社ダブルアール,東京都中央区東日本橋２丁目２番５号ジャコワ東日本橋１１０３号,2023-06-22,株式会社
株式会社ツープラススリー,兵庫県神戸市兵庫区新開地５丁目１番１０号,2023-06-22,株式会社
株式会社トップエステート,大阪府大阪市西淀川区野里１丁目２２番１９号,2023-06-22,株式会社
株式会社ドスティー,東京都中央区日本橋室町１丁目１１番１２号日本橋水野ビル７階,2023-06-22,株式会社
株式会社ヌンクアウト,広島県広島市東区牛田新町４丁目９番６号,2023-06-22,株式会社
株式会社ハッザ,神奈川県横浜市港北区綱島西５丁目２番３１号,2023-06-22,株式会社
株式会社パレード,東京都中央区新川１丁目６番１１号,2023-06-22,株式会社
株式会社ファニーデベロップメント,東京都新宿区南榎町４３番地３,2023-06-22,株式会社
株式会社ファーストヘルタス,東京都千代田区麹町２丁目１０番３号,2023-06-22,株式会社
株式会社フォアスピード,東京都港区芝５丁目３０－１藤和芝コープ２０７,2023-06-22,株式会社
株式会社フジシマ,岐阜県岐阜市長良井田３０番地２シェリルＢ,2023-06-22,株式会社
株式会社フュージョン・クリエイツ,群馬県高崎市あら町２０１番地セレストタワー高崎３０２号,2023-06-22,株式会社
株式会社マテリアルゲート,広島県東広島市鏡山２丁目３１３番地,2023-06-22,株式会社
株式会社メイコーＮＥＸＴ,神奈川県綾瀬市大上５丁目１４番１５号,2023-06-22,株式会社
株式会社ヤングヘア・プラス,徳島県海部郡海陽町大里字中小路３９番地４５,2023-06-22,株式会社
株式会社ユウノキ工業,愛媛県松山市東大栗町甲６５１番地２号,2023-06-22,株式会社
株式会社ユナムライ,東京都世田谷区奥沢１丁目５６番１７号,2023-06-22,株式会社
株式会社ラグレイス不動産,熊本県熊本市北区清水亀井町４３番５３号ラグレイス清水１０７,2023-06-22,株式会社
株式会社ランレア,群馬県富岡市富岡１６４７番地８,2023-06-22,株式会社
株式会社リアーム,東京都墨田区文花１丁目１８－１３,2023-06-22,株式会社
株式会社レガシー,神奈川県川崎市中原区新丸子東３丁目１３０１番地Ｇ３１０４,2023-06-22,株式会社
株式会社ロイストリーム,東京都新宿区西新宿６丁目５－１新宿アイランドタワー２３階,2023-06-22,株式会社
株式会社ワタナベトータルサポート,静岡県沼津市高島町１５番５号ぬましんＣＯＭＰＡＳＳ２階,2023-06-22,株式会社
株式会社ワープル９３,東京都中央区銀座１丁目１２番４号Ｎ＆Ｅ．ＢＬＤ．６Ｆ,2023-06-22,株式会社
株式会社一,岡山県倉敷市阿知２丁目２番９号Ａ,2023-06-22,株式会社
株式会社一興,大阪府東大阪市横小路町６丁目２番３２号,2023-06-22,株式会社
株式会社伊藤建築,愛知県西尾市寺津町浜南３４番地,2023-06-22,株式会社
株式会社六方よし,東京都中央区銀座２丁目１２番１２号３Ａ,2023-06-22,株式会社
株式会社出口工務店,兵庫県明石市大久保町山手台２丁目１１１番地の５,2023-06-22,株式会社
株式会社千葉,大阪府八尾市高砂町５丁目５５番地の３,2023-06-22,株式会社
株式会社吉村建設,神奈川県相模原市緑区大島２８４３番地１,2023-06-22,株式会社
株式会社契電舎,福島県福島市岡島字三島１１番地の３,2023-06-22,株式会社
株式会社寅の家,大阪府大阪市西成区天下茶屋３丁目７－１０,2023-06-22,株式会社
株式会社富森商事,東京都台東区上野５丁目７－７－３０５,2023-06-22,株式会社
株式会社寿コーポレーション,東京都杉並区松ノ木１丁目７番９号,2023-06-22,株式会社
株式会社寿寿苑,福岡県久留米市善導寺町飯田５０３番地３,2023-06-22,株式会社
株式会社小顔ｌｏｕｎｇｅ,東京都港区赤坂６丁目１９番４５号コートモデリア六本木４０５,2023-06-22,株式会社
株式会社建設機工,神奈川県三浦市南下浦町上宮田３４３９番地３サンコートマホロバ１－５０７,2023-06-22,株式会社
株式会社感,東京都千代田区飯田橋１丁目９番６号,2023-06-22,株式会社
株式会社木ノ本,東京都千代田区五番町５番地１ＪＳ市ヶ谷ビル２Ｆ,2023-06-22,株式会社
株式会社森盛,東京都豊島区高田１丁目３１－５,2023-06-22,株式会社
株式会社津代住設,大阪府東大阪市稲田上町１丁目３番２８号,2023-06-22,株式会社
株式会社深谷農商会,埼玉県深谷市櫛引２０番地１,2023-06-22,株式会社
株式会社玉川ＨＯＭＥ’Ｓ,千葉県茂原市高師１７３５番地茂原ショッピングプラザアスモ２階,2023-06-22,株式会社
株式会社瑞建,鳥取県米子市河崎２７５番地ラフェスタ河崎３０５号,2023-06-22,株式会社
株式会社盟幸,鹿児島県出水市野田町上名２８６番地,2023-06-22,株式会社
株式会社直喜空き家研究所,茨城県水戸市元吉田町１２４７－２グリーンヒルハイツ１０１号室,2023-06-22,株式会社
株式会社石井内装,宮崎県東臼杵郡椎葉村大字不土野１０３９番地イ,2023-06-22,株式会社
株式会社竜幸,岐阜県土岐市下石陶史台５丁目２９番地,2023-06-22,株式会社
株式会社藤春,愛知県豊田市貝津町町屋５８番地,2023-06-22,株式会社
株式会社鈴木,東京都日野市三沢５丁目１６番地の９,2023-06-22,株式会社
株式会社高森水産,北海道虻田郡豊浦町字幸町３０番地３,2023-06-22,株式会社
株式会社高橋,東京都練馬区平和台２丁目３０番２号,2023-06-22,株式会社
株式会社黒田電機,佐賀県鳥栖市田代大官町８０５番地３,2023-06-22,株式会社
株式会社２３,東京都港区南青山２丁目２番１５号,2023-06-22,株式会社
株式会社ＡＦＴＥＲ　ＷＯＲＫ　ＳＴＵＤＩＯ,東京都渋谷区神南１丁目１４－７ワイズ神南ビル２ＦＳＬＯＴＨ,2023-06-22,株式会社
株式会社ＢＥＬＩＥＶＥ,大阪府堺市北区新堀町１丁３２番地１－１２０５号,2023-06-22,株式会社
株式会社ＢＥＹＯＮＤ　ＥＮＧＩＮＥＥＲＩＮＧ,福岡県福岡市中央区薬院３丁目１６－２６西鉄薬院ビル５Ｆ,2023-06-22,株式会社
株式会社Ｂｉｓｔａｒ,東京都渋谷区神宮前６丁目２３－４桑野ビル２Ｆ,2023-06-22,株式会社
株式会社Ｂｌｅｕ,千葉県市原市ちはら台東２丁目９番地２５,2023-06-22,株式会社
株式会社Ｂｒｉｌｌｅｒ,北海道札幌市手稲区金山一条４丁目９番１８号,2023-06-22,株式会社
株式会社ＣＯＵＲＡＧＥ,大阪府大阪市西区南堀江３丁目７番１３－９０４号,2023-06-22,株式会社
株式会社ＣａｍＳｑｕａｒｅ,沖縄県那覇市松山２丁目２６番１－２０６号,2023-06-22,株式会社
株式会社ＣｈａｌＣｈａｌ,千葉県松戸市中根３３番地の７ヴェコーヤ２０２号,2023-06-22,株式会社
株式会社Ｃｉｎｄｅｒｅｌｌａ,兵庫県神戸市中央区八幡通３丁目２－５Ｉ・Ｎ東洋ビル３階,2023-06-22,株式会社
株式会社Ｃｏ‐ＴＨＩＮＫ,福岡県福岡市中央区天神４丁目１番１８号,2023-06-22,株式会社
株式会社Ｃｏｎｖｅｒｓｉｏｎ　Ｈｏｍｅ,愛知県名古屋市緑区尾崎山２丁目９１４番地,2023-06-22,株式会社
株式会社ＤＡＩＬ,沖縄県名護市宮里１丁目２８－８南西ビル２階,2023-06-22,株式会社
株式会社ＤＡＹＳ,東京都千代田区丸の内１丁目１１番１号１３Ｆ,2023-06-22,株式会社
株式会社ＤＩＧ,北海道札幌市豊平区豊平四条９丁目２番１８号,2023-06-22,株式会社
株式会社ＤＯ　ＰＬＡＮ,東京都江戸川区東葛西６丁目１８番８号アソルティ葛西４０１号室,2023-06-22,株式会社
株式会社Ｄｅｄｅｋｉｎｄ　Ｔｏｋｙｏ,東京都中央区日本橋大伝馬町２－２プライムアーバン日本橋大伝馬町１１０３,2023-06-22,株式会社
株式会社Ｆ‐ＳＫ,東京都新宿区新宿１丁目３５番９号カテリーナ新宿蔵王１０２,2023-06-22,株式会社
株式会社ＦＩＮＺＡＣＫ,埼玉県八潮市大字南川崎７６４番地１,2023-06-22,株式会社
株式会社ＦＲＩＣＥ,東京都中央区銀座６丁目３番１６号銀座ＷａｌｌビルＵＣＦ５階,2023-06-22,株式会社
株式会社ＧＢＧＨ　ＪＡＰＡＮ,東京都港区北青山２丁目７番２７号Ｐ’ｓＧＡＩＥＮＭＡＥ８Ｆ,2023-06-22,株式会社
株式会社ＧＥＮＳＥＮ,神奈川県足柄下郡箱根町塔之澤９０番地の１,2023-06-22,株式会社
株式会社ＧＭ,滋賀県大津市国分１丁目５００番地の１１３,2023-06-22,株式会社
株式会社ＨＪ　Ｉｎｔｅｒｎａｔｉｏｎａｌ　Ｊａｐａｎ,大阪府岸和田市荒木町２丁目２－２２平成ビル１Ｆ,2023-06-22,株式会社
株式会社ＨＯＰＰＥＲ,神奈川県横浜市都筑区仲町台４丁目２２番１１号１０２,2023-06-22,株式会社
株式会社ＨＯＵＳＥＮ不動産,兵庫県神戸市兵庫区湊町４丁目２番１２－２０１号,2023-06-22,株式会社
株式会社ＨＲＤ＆Ｒｅｓｅａｒｃｈ,東京都新宿区西新宿３丁目３番１３号西新宿水間ビル２Ｆ,2023-06-22,株式会社
株式会社Ｈｅａｖｅｎ’ｓ,東京都板橋区南常盤台１丁目１１番６号,2023-06-22,株式会社
株式会社ＪＵＳＴＥＭ,岐阜県大垣市鶴見町６１９番地１５,2023-06-22,株式会社
株式会社ＫＬ,長野県長野市大字鶴賀上千歳町１３２３番地長野会館２階,2023-06-22,株式会社
株式会社Ｋｅｙｓ,和歌山県和歌山市津秦９１番地３５シャーメゾン紀水Ａ－２－２０２,2023-06-22,株式会社
株式会社Ｋｏｅｒｕ,大阪府堺市東区日置荘西町３丁２２番３９－１０２号,2023-06-22,株式会社
株式会社ＬＯＮＧＯ,東京都渋谷区道玄坂１丁目１０番８号渋谷道玄坂東急ビル２Ｆ－Ｃ,2023-06-22,株式会社
株式会社Ｌｅｅ＆Ｃｅｌｌ　Ｌａｂｏｒａｔｏｒｙ,東京都中央区銀座７丁目１３番６号サガミビル２階,2023-06-22,株式会社
株式会社Ｌｕｃｋらく,東京都千代田区神田須田町２丁目２５番ＧＹＢ秋葉原５階,2023-06-22,株式会社
株式会社Ｍ,静岡県富士市鮫島４４０番地の１７,2023-06-22,株式会社
株式会社ＭＩＲＡＰ　ＤＯＯＲ,大阪府大阪市中央区平野町２丁目５－８平野町センチュリービル２階,2023-06-22,株式会社
株式会社ＭａｈｋＢｅｓｔ,大阪府大阪市西区土佐堀１丁目４番６号肥後橋新興産ビル９Ｆ,2023-06-22,株式会社
株式会社Ｍｅｗ．,東京都渋谷区道玄坂１丁目１２番１号渋谷マークシティ２２Ｆ,2023-06-22,株式会社
株式会社Ｍｉｒａｇｅ,東京都千代田区外神田１丁目６番１号外神田ビル６階,2023-06-22,株式会社
株式会社ＮＥＸＴ　ＰＬＵＳ,東京都墨田区江東橋４丁目２７番１４号楽天地ビル３階３６号室,2023-06-22,株式会社
株式会社ＮＩＣＥ,大阪府大阪市北区東天満２丁目９番４号,2023-06-22,株式会社
株式会社ＮｉｎｅＰｒｅｓｅａ,兵庫県神戸市須磨区高倉台７丁目２番７号,2023-06-22,株式会社
株式会社ＯＦＰ,東京都中央区銀座１丁目１２番４号６Ｆ,2023-06-22,株式会社
株式会社ＯＴＡＫＩ　ＫＩＣＫ＆ＢＯＸＩＮＧ,東京都中野区新井１丁目３２番３号,2023-06-22,株式会社
株式会社ＰＬＵＭ,愛知県あま市七宝町鷹居１丁目５９番地,2023-06-22,株式会社
株式会社Ｐｉｅｃｅ,東京都中野区本町１丁目１番５－４０５号,2023-06-22,株式会社
株式会社ＲＣＡ,愛知県名古屋市瑞穂区萩山町２丁目１０番地の５,2023-06-22,株式会社
株式会社ＲＤ７,東京都文京区本郷４丁目１６番６号,2023-06-22,株式会社
株式会社Ｒｅａｂｕｚｚ,兵庫県神戸市中央区御幸通８丁目１－６神戸国際会館２２階,2023-06-22,株式会社
株式会社ＲｅｖＬｏｎ,東京都新宿区新宿２丁目１１－４ストークビル長崎１００３,2023-06-22,株式会社
株式会社Ｓ．Ｏ．Ｐ,東京都文京区千石４丁目３９－６,2023-06-22,株式会社
株式会社ＳＡＮＫＩ,熊本県熊本市東区長嶺南５丁目３番２号,2023-06-22,株式会社
株式会社ＳＡＴＴＩ　ＴＲＡＤＩＮＧ,群馬県沼田市下発知町２９８番地,2023-06-22,株式会社
株式会社ＳＨＮ,大阪府大阪市住吉区浅香１丁目６番３５号,2023-06-22,株式会社
株式会社ＳＪ,東京都港区六本木７丁目６番１９号７Ｆ,2023-06-22,株式会社
株式会社ＳＫＫアセットマネジメント,愛知県名古屋市中区栄３丁目１０番２１号,2023-06-22,株式会社
株式会社ＳＲ,東京都港区六本木７丁目６番１９号８Ｆ,2023-06-22,株式会社
株式会社ＳＴＮ,愛知県名古屋市東区泉３丁目５番１号,2023-06-22,株式会社
株式会社Ｓｉｒｉｕｓ,東京都立川市高松町３丁目１８番１２号ディアコート３０２,2023-06-22,株式会社
株式会社Ｓｏｚａｉ,愛知県名古屋市中村区名駅４丁目２４番５号第２森ビル４０１,2023-06-22,株式会社
株式会社ＴＨＥ　ＵＬＴＲＡ　ＢＬＡＣＫ,神奈川県大和市中央林間西２丁目９番１０号,2023-06-22,株式会社
株式会社ＴＳＪ,愛知県名古屋市中区上前津１丁目１３番２号ドゥーエ上前津８０５号,2023-06-22,株式会社
株式会社ＴＳＵＴＡＹＡ　ＤＥＳＩＧＮ,東京都板橋区西台１丁目４４番５号,2023-06-22,株式会社
株式会社Ｔｅｌｌｕｒｉｃ　Ｈｅａｒｔ,静岡県伊東市銀座元町４－１－２Ｆ,2023-06-22,株式会社
株式会社ＵＦホールディングス,東京都新宿区西新宿７丁目５番６号,2023-06-22,株式会社
株式会社ＵＮ　ｆｌｅｕｒｉｓｔｅ,東京都板橋区西台１丁目４４番５号,2023-06-22,株式会社
株式会社ＵｎｉＭｅｄ,東京都文京区春日２丁目１１番８－３０４号,2023-06-22,株式会社
株式会社ＷＢＤコーポレーション,東京都西東京市南町３丁目１８番４１号,2023-06-22,株式会社
株式会社ＹＡＹＯＩ　ＨＯＭＥ,徳島県阿南市見能林町東浦５５番地２,2023-06-22,株式会社
株式会社ＹＯＫＵＳＵＲＵ,東京都中央区銀座１丁目１２番４号Ｎ＆ＥＢＬＤ．６Ｆ,2023-06-22,株式会社
株式会社ＹＯＵ‐０,広島県広島市西区己斐本町２丁目１１番３号,2023-06-22,株式会社
株式会社ＹＷＢ,千葉県佐倉市上座４００番地２６６,2023-06-22,株式会社
株式会社ａｄｖｅｎＴＲＹ,東京都渋谷区千駄ヶ谷４丁目９番３－３１４号シティハウス神宮北参道,2023-06-22,株式会社
株式会社ａｓｓｉｓｔ,茨城県牛久市ひたち野東３丁目２８番地２０,2023-06-22,株式会社
株式会社ａｔｔｒａｉｔ,岩手県盛岡市中央通２丁目１番２５号ピアッツァニオービル５階,2023-06-22,株式会社
株式会社ｂｌｕｅｂｉｒｄ,東京都立川市若葉町１丁目１７番地の１,2023-06-22,株式会社
株式会社ｃｒａｆｔエステート,熊本県熊本市東区戸島西２丁目２番５号,2023-06-22,株式会社
株式会社ｆｍｍ,東京都文京区本駒込４丁目４０－３,2023-06-22,株式会社
株式会社ｇｕｍｍｙ,山口県山陽小野田市大字有帆５７番地,2023-06-22,株式会社
株式会社ｉｃｈｉ,大阪府八尾市植松町４丁目５番１８号大東スペース八尾１０１,2023-06-22,株式会社
株式会社ｉｏ,東京都港区芝１丁目３番２号,2023-06-22,株式会社
株式会社ｍｅｌｔ,京都府京都市中京区西ノ京島ノ内町２２番地２ベアーレ芳樹１０８,2023-06-22,株式会社
株式会社ｍｏｏｎｂｏｗ,東京都世田谷区太子堂１丁目１２－２７コンフォートテラス１００５号,2023-06-22,株式会社
株式会社ｎｉｎｉ,東京都港区南青山３丁目１番３６号青山丸竹ビル６Ｆ,2023-06-22,株式会社
株式会社ｒｏｖｉｃ,大阪府堺市中区新家町２４８番地１,2023-06-22,株式会社
株式会社ｓｔｏｒｉａ,東京都府中市幸町２丁目３１番地の５,2023-06-22,株式会社
株式会社ｔａｍａｇｏ,東京都中央区銀座１丁目２２－１銀座タワー２１０１,2023-06-22,株式会社
株式会社ｔｏｎａｒｉｎｏ,東京都中央区日本橋兜町９番５号ＴＨＥ、ＨＵＢ日本橋兜町７０５,2023-06-22,株式会社
株式会社ｗｉＳｔｅｒｉａ,大阪府豊中市刀根山４丁目３番５４－４０３号,2023-06-22,株式会社
桜之園株式会社,大阪府大阪市東淀川区下新庄２丁目８番１６号,2023-06-22,株式会社
森森株式会社,東京都台東区台東１丁目３２番６号小島ビル３０２,2023-06-22,株式会社
池谷建築計画合同会社,富山県砺波市豊町１丁目１６番２６号,2023-06-22,合同会社
浅橋株式会社,東京都墨田区横川３丁目６番７号２－Ｑ室,2023-06-22,株式会社
渡辺商事株式会社,東京都葛飾区水元４丁目５番９号,2023-06-22,株式会社
渡邊建築株式会社,岡山県岡山市北区今７丁目２４番８号,2023-06-22,株式会社
灯株式会社,大阪府富田林市藤沢台２丁目２番１８号,2023-06-22,株式会社
特定非営利活動法人山帰来,滋賀県大津市北小松１４９４番地,2023-06-22,その他の設立登記法人
特定非営利活動法人日本医療健康協会,東京都新宿区百人町１丁目２２－２４朝日ビル４階,2023-06-22,その他の設立登記法人
福留興産株式会社,千葉県船橋市海神町３丁目１１９番地５５,2023-06-22,株式会社
船橋一般社団法人,東京都港区虎ノ門３丁目２２番１０－２０１号,2023-06-22,その他の設立登記法人
華美株式会社,東京都足立区千住橋戸町６２－２天宏ビル４０２号室,2023-06-22,株式会社
虹龍合同会社,兵庫県川西市小花２丁目７番３号シャンテ川西１０５,2023-06-22,合同会社
見明合同会社,福岡県北九州市小倉南区下曽根３丁目１４番１２号,2023-06-22,合同会社
豊泰時代株式会社,東京都江戸川区平井５丁目４５番５号渡辺ハイツ１０１,2023-06-22,株式会社
金田株式会社,富山県中新川郡立山町利田２２３３番地１,2023-06-22,株式会社
銀泰株式会社,大阪府大阪市旭区今市１丁目２－５カルム千林４０１号室,2023-06-22,株式会社
風道ホールディングス株式会社,岡山県岡山市東区西大寺上２丁目７番４５号,2023-06-22,株式会社
飲食店デザイン研究所株式会社,東京都港区西麻布３丁目３番１号長井ビル３Ｆ,2023-06-22,株式会社
Ａ＆Ｆ株式会社,広島県広島市安佐南区相田１丁目８－７－６シャーメゾン相田Ｂ２０２,2023-06-22,株式会社
ＡＣＴｓｔａｇｅ合同会社,東京都港区南青山２丁目２番１５号ウィン青山９４２,2023-06-22,合同会社
ＡＬＩ貿易合同会社,岡山県浅口市鴨方町六条院中３８８０番地１,2023-06-22,合同会社
Ａｉ＆Ｐａｒｔｎｅｒｓ株式会社,東京都港区六本木７丁目７番７号Ｔｒｉ－Ｓｅｖｅｎ・Ｒｏｐｐｏｎｇｉ８階,2023-06-22,株式会社
Ｂ．Ｂ　ＳＴＯＣＫＹ株式会社,福岡県福岡市早良区田村２丁目６番１６－１号,2023-06-22,株式会社
ＢＥＣＳ株式会社,奈良県奈良市橋本町３－１,2023-06-22,株式会社
ＢｉｚＴｅｃｈＰｏｒｔ合同会社,東京都中央区日本橋１丁目１３番１号日鉄日本橋ビル３階,2023-06-22,合同会社
Ｂｌｕｅ　Ｆｉｅｌｄｓ合同会社,鹿児島県阿久根市多田２８１８番地１,2023-06-22,合同会社
Ｃｒｅｒｙ合同会社,東京都渋谷区神宮前６丁目２３－４桑野ビル２階,2023-06-22,合同会社
ＤＬ　ＪＡＰＡＮ株式会社,広島県広島市南区宇品東２丁目１番４０号,2023-06-22,株式会社
ＤＵＮＡ＆Ｃｏ．合同会社,東京都新宿区市谷加賀町２丁目４番１１－１０１号,2023-06-22,合同会社
Ｄｅｃｅｎｔｉｆｙ株式会社,東京都千代田区丸の内１丁目８番１号丸の内トラストタワーＮ館１９階ｆａｂｂｉｔ内,2023-06-22,株式会社
Ｄｕｃｅ　ｍｉｘ不動産株式会社,京都府京都市中京区三条通高倉東入桝屋町５３番地１,2023-06-22,株式会社
ＥＭＤ　Ｆａｃｔｏｒｙ合同会社,東京都荒川区南千住７丁目１－１ブランズタワー南千住２１０２,2023-06-22,合同会社
ＥＶＯＬＶＩＮＧ株式会社,埼玉県所沢市西所沢１丁目５番１６号３階,2023-06-22,株式会社
ＧＩＬ株式会社,東京都立川市西砂町１丁目２番地の１４１,2023-06-22,株式会社
ＧＬＯＢＡＬ　Ｅ‐ＭＡＮＡＧＥＭＥＮＴ　ＳＥＲＶＩＣＥＳ株式会社,岐阜県可児市大森１７６６番地２２４,2023-06-22,株式会社
Ｇｏｌｄ　Ｃｅｌｌａｒ株式会社,東京都中央区銀座８丁目２番１１号,2023-06-22,株式会社
Ｇｕｉｄｉｉ株式会社,香川県高松市サンポート２－１高松シンボルタワー４Ｆ５Ｆ,2023-06-22,株式会社
ＨａｄａｌＳｅｃｕｒｉｔｙ合同会社,東京都中央区銀座１丁目１２番４号Ｎ＆ＥＢＬＤ．６Ｆ,2023-06-22,合同会社
ＩＲｉＳ合同会社,北海道札幌市中央区南七条西１４丁目１番１６－３０３号,2023-06-22,合同会社
ＪＣＴ　ＪＡＰＡＮ株式会社,東京都港区浜松町２丁目５番３号,2023-06-22,株式会社
ＪＹＳ株式会社,福岡県北九州市小倉南区朽網西４丁目１７番２号,2023-06-22,株式会社
Ｋ２．エンジ株式会社,兵庫県神戸市西区丸塚２丁目３－３０Ａ－２０４,2023-06-22,株式会社
ＫＯＵＳＥＩ株式会社,福岡県北九州市戸畑区大字中原先の浜４６－１０３,2023-06-22,株式会社
Ｌｉｍｉｔ　Ｂｒｅａｋ　Ｊａｐａｎ合同会社,東京都港区元麻布３丁目１番６号,2023-06-22,合同会社
Ｍ’ｓ合同会社,千葉県市原市鶴舞１０５４番地４８,2023-06-22,合同会社
ＭＥＰＲＯ株式会社,香川県丸亀市金倉町１１１５番地,2023-06-22,株式会社
ＭＫＯ合同会社,滋賀県草津市野路町３０００番地６０１アメニティ南草津Ⅱ,2023-06-22,合同会社
Ｍｉｎｅ　Ａｒｔｓ株式会社,京都府京都市東山区祇園町南側５７０－１２７,2023-06-22,株式会社
ＮＣＴアグリ株式会社,東京都千代田区外神田１丁目１８番１３号,2023-06-22,株式会社
ＮＧＯＣ　ＤＵＯＮＧ合同会社,大阪府大阪市浪速区大国２丁目６番１０号２８号室,2023-06-22,合同会社
ＮＩＨＯＮ　ＨＯＢＢＹ　ＳＵＰＰＬＹ合同会社,東京都千代田区神田和泉町１番地６－１６ヤマトビル４０５,2023-06-22,合同会社
ＮＯＶＡＳ株式会社,東京都中央区銀座１丁目１２番４号Ｎ＆ＥＢＬＤ．６Ｆ,2023-06-22,株式会社
ＮＰＯ法人つくば・茨城医用画像診断フォーラム,茨城県つくば市天久保２丁目１－１医学医療系４１５室,2023-06-22,その他の設立登記法人
ＮＰＯ法人みちしるべ,東京都中央区銀座７丁目１３番２０号銀座ＴＨビル９階,2023-06-22,その他の設立登記法人
ＮＰＯ法人未来への扉Ａｓｈ,福岡県北九州市小倉北区片野４丁目１２番１０号,2023-06-22,その他の設立登記法人
Ｎｉｐｐｏｎ　Ｓｕｎｌｉｔ　Ｐｒｏｐｅｒｔｙ合同会社,東京都千代田区麹町１丁目６番１６号半蔵門海和ビル９階（Ｃ／ＯＪｏｏ‐ｒｅａｌｅｓｔａｔｅ‐ｏｆｆｉｃｅ）,2023-06-22,合同会社
ＮｏＮＯ株式会社,大阪府大阪市北区本庄東２丁目２番２４－２０２,2023-06-22,株式会社
ＮｏｖａＬｕｘｅ株式会社,大阪府大阪市旭区今市１丁目２－５カルム千林４０４号室,2023-06-22,株式会社
Ｐｉｎｅｗｏｏｄ　ＤＭＳ　Ｊａｐａｎ合同会社,東京都千代田区内幸町１丁目３番１号幸ビルディング９階,2023-06-22,合同会社
Ｐｏｗｅｒ　Ｗａｖｅ株式会社,神奈川県藤沢市遠藤９４４番地６グリーンヒル湘南１階１０３号室,2023-06-22,株式会社
Ｐｒｉｍｅ　Ｗａｒｅ株式会社,大阪府大阪市西区南堀江１丁目２６番１５－２９０１号,2023-06-22,株式会社
ＳＱ株式会社,埼玉県さいたま市中央区本町東４丁目１０番５号プリムヴェール十一番館１０２,2023-06-22,株式会社
Ｓｅａｂｏａｒｄ　Ｆｏｏｄｓ　Ｊａｐａｎ合同会社,東京都港区元麻布３丁目１番６号,2023-06-22,合同会社
ＳｅｎｔｉｎｅｌＱｕａｎｔｕｍＰｈａｒｍａ合同会社,東京都品川区二葉３丁目１－２０クレヴィスタ戸越公園３０５,2023-06-22,合同会社
Ｓｔａｎｄａｒｄ建設株式会社,東京都中央区日本橋小舟町９番３号,2023-06-22,株式会社
ＳｔａｎｄａｒｄＡＤ株式会社,東京都中央区日本橋小舟町９番３号,2023-06-22,株式会社
ＳｔａｎｄａｒｄＤａｔａ株式会社,東京都中央区日本橋小舟町９番３号,2023-06-22,株式会社
ＳｔａｎｄａｒｄＲａｃｉｎｇ株式会社,東京都中央区日本橋小舟町９番３号,2023-06-22,株式会社
Ｓｕｇａｒ株式会社,岐阜県山県市高木７０５番地２８,2023-06-22,株式会社
Ｓｕｎｎｙｄａｙｓ合同会社,東京都港区南青山２丁目２番１５号ＷＩＮ青山５３１,2023-06-22,合同会社
Ｔ．Ｉエンジニアリング株式会社,新潟県新発田市菅谷３００８番地１,2023-06-22,株式会社
ＴＨＳ麓山合同会社,東京都千代田区丸の内２丁目１番１号,2023-06-22,合同会社
ＴＭＥ株式会社,愛知県名古屋市西区天塚町１丁目３６番地の２,2023-06-22,株式会社
ＴＯＫＹＯ高原家株式会社,千葉県柏市豊四季５２０番地４０－２０３号室,2023-06-22,株式会社
ＴＳＱＬＡＢ．合同会社,群馬県前橋市二之宮町２７３６－７,2023-06-22,合同会社
Ｔｈｅ　ＯＮＥ株式会社,東京都中央区勝どき１丁目３番１－２５０９号,2023-06-22,株式会社
Ｖｉｖｉ株式会社,大阪府東大阪市加納８丁目２番２６号,2023-06-22,株式会社
ＷａｔｅｒＴｒｅｅＤｅｓｉｇｎ株式会社,埼玉県さいたま市岩槻区城町１丁目４番５７号,2023-06-22,株式会社
Ｘｅｃｏｒ株式会社,神奈川県藤沢市鵠沼松が岡５丁目５番７号,2023-06-22,株式会社
ＹＯＵ司法書士法人,東京都渋谷区渋谷２丁目１１番１号,2023-06-22,その他の設立登記法人
ｅｓｔｙ合同会社,東京都江東区白河４丁目４番１－３１２号,2023-06-22,合同会社
ｍ．ｐａｒｋ合同会社,東京都渋谷区神宮前２丁目３０－８エイティ神宮前４０３,2023-06-22,合同会社
ｖｉｃｔｏｒｉａｆｒｕｉｔ株式会社,東京都港区南青山２丁目２番１５号ウィン青山９４２,2023-06-22,株式会社
ｗａｋａｂａｒ株式会社,京都府京都市下京区七条通油小路東入大黒町２２７番地第２キョートビル４０２,2023-06-22,株式会社
ｗａｔｅｒ　ｇａｒｄｅｎ株式会社,東京都渋谷区神泉町１番２２号コラム神泉１１０６,2023-06-22,株式会社
おばんざい食堂株式会社,大阪府大阪市中央区千日前１丁目７番４号,2023-06-23,株式会社
やんばるカーサポート株式会社,沖縄県名護市字宮里１００４番地,2023-06-23,株式会社
アイワマーケティングジャパン株式会社,東京都千代田区神田須田町１丁目２３番地１,2023-06-23,株式会社
アドラ株式会社,千葉県千葉市若葉区若松町９８４－４７１,2023-06-23,株式会社
アールブランド株式会社,東京都港区北青山１丁目３番１号アールキューブ青山３階,2023-06-23,株式会社
イシデ合同会社,宮城県柴田郡川崎町大字前川字手代塚山１－９７,2023-06-23,合同会社
エナジーフロー株式会社,岐阜県大垣市西之川町１丁目２９９番地５,2023-06-23,株式会社
エネルギー・ソリューションズ・アドバイザリー合同会社,東京都足立区千住曙町４１－２－６０１,2023-06-23,合同会社
エンパシー株式会社,東京都渋谷区神宮前３丁目２１－２１ＡＲＩＳＴＯ原宿２階,2023-06-23,株式会社
オプティード合同会社,埼玉県越谷市赤山本町３番地２４―１２０１号,2023-06-23,合同会社
カルマン株式会社,東京都板橋区双葉町３９－１１バロンビル５０１室,2023-06-23,株式会社
クラシックサーフワークス合同会社,徳島県海部郡海陽町宍喰浦字古目８４,2023-06-23,合同会社
グリーンソーラー株式会社,東京都目黒区碑文谷５丁目２番５号,2023-06-23,株式会社
グローバルプラチナ合同会社,神奈川県横浜市中区本牧元町２４番１号,2023-06-23,合同会社
コスモスアセット合同会社,埼玉県さいたま市浦和区常盤９丁目１６番５号２０３,2023-06-23,合同会社
サクラホールディングス株式会社,大阪府大阪市西成区千本北２丁目１番９号,2023-06-23,株式会社
サクラライズ合同会社,北海道札幌市東区北二十三条東９丁目４番１９－３号,2023-06-23,合同会社
サンバイ株式会社,大阪府大阪市西区南堀江２丁目７番４号,2023-06-23,株式会社
サードプレイス合同会社,神奈川県横浜市栄区笠間３丁目９‐２３Ｃ１０１,2023-06-23,合同会社
シロイト株式会社,東京都港区南青山２丁目２番１５号ウィン青山１２１４号,2023-06-23,株式会社
ジェイナビゲーター合同会社,京都府京都市下京区石不動之町６８２番地６,2023-06-23,合同会社
ジーニアス株式会社,神奈川県厚木市寿町２丁目２－５－１４０６,2023-06-23,株式会社
スカイキューブ合同会社,京都府相楽郡精華町光台２丁目２番地２,2023-06-23,合同会社
スワリスパートナーズ株式会社,神奈川県横浜市西区浅間町１丁目４番３号ウィザードビル４０２,2023-06-23,株式会社
タクトフル株式会社,東京都渋谷区渋谷２丁目１９番１５号宮益坂ビルディング６０９,2023-06-23,株式会社
ダブルレインボウ合同会社,岡山県倉敷市林１３２３－２７,2023-06-23,合同会社
ティー＆エム合同会社,栃木県小山市東城南１丁目２６番地１７,2023-06-23,合同会社
ディアナ合同会社,東京都台東区上野５丁目９‐２１‐Ｌ１,2023-06-23,合同会社
ディマーレ株式会社,東京都港区麻布台２丁目３番３号,2023-06-23,株式会社
トレジャラーズ株式会社,東京都渋谷区道玄坂１丁目１６番６号,2023-06-23,株式会社
ハイツ西馬込マンション建替組合,東京都中央区八重洲１丁目９番９号東京建物株式会社　内,2023-06-23,その他
ハコスカ商会合同会社,神奈川県茅ヶ崎市芹沢６４６番７,2023-06-23,合同会社
フォレストリサイクル株式会社,福島県本宮市高木字原５８番地１,2023-06-23,株式会社
ブレスト合同会社,福岡県福岡市中央区六本松３丁目７番３６号,2023-06-23,合同会社
プレミアムセキュリティ株式会社,千葉県市川市香取１丁目４番６号ハッピーマンション香取３０６号,2023-06-23,株式会社
マナビシステム合同会社,神奈川県川崎市幸区塚越４丁目３１４番地２日商岩井塚越マンション１１３,2023-06-23,合同会社
ラナ・プレイス合同会社,栃木県鹿沼市千渡１７６６－１８Ｄ号室,2023-06-23,合同会社
リーディングエッジ・モータ・デザイン株式会社,東京都港区西新橋１丁目２番９号日比谷セントラルビル１４階,2023-06-23,株式会社
ワンスタイル合同会社,大阪府大阪市旭区清水１丁目８番２２号２階,2023-06-23,合同会社
一般社団法人ことのは,東京都八王子市長房町１９６番地３０ハウスゆう２０３号,2023-06-23,その他の設立登記法人
一般社団法人さいたまスポーツ健康推進協会,埼玉県さいたま市西区大字指扇１０２２番地１,2023-06-23,その他の設立登記法人
一般社団法人つばさ乗馬苑,埼玉県日高市大字大谷沢６８１番地１,2023-06-23,その他の設立登記法人
一般社団法人ゆずりあいＪＡＰＡＮ,東京都世田谷区梅丘１丁目２１番７号,2023-06-23,その他の設立登記法人
一般社団法人アレルギーらいふ協会,千葉県市川市大野町２丁目１８８４番地２２,2023-06-23,その他の設立登記法人
一般社団法人フィオーレ・フォンテ,埼玉県さいたま市中央区下落合５丁目５番１０号リノ２０１,2023-06-23,その他の設立登記法人
一般社団法人ミチヅクリ,山梨県北杜市高根町清里念場原３５４５番２７６,2023-06-23,その他の設立登記法人
一般社団法人亀島川にぎわい創出協議会,東京都中央区新川１丁目３－２,2023-06-23,その他の設立登記法人
一般社団法人公務員研修協会,大阪府大阪市中央区久太郎町１丁目７番１１号,2023-06-23,その他の設立登記法人
一般社団法人品川宅建運営協議会,東京都品川区戸越３丁目１１番１６号コアビル,2023-06-23,その他の設立登記法人
一般社団法人国東シュタイナーあめつちの学校,大分県国東市国見町岐部３３５１番地,2023-06-23,その他の設立登記法人
一般社団法人国際環境技術機構,大阪府大阪市東淀川区東中島１丁目１７番５号,2023-06-23,その他の設立登記法人
一般社団法人国際魂術コーチアカデミー協会,千葉県松戸市本町１７番地１１芹澤ビル６Ｆ,2023-06-23,その他の設立登記法人
一般社団法人恵雅会,神奈川県横浜市保土ケ谷区新桜ケ丘２丁目３０番１７号,2023-06-23,その他の設立登記法人
一般社団法人日本フォトグラファー協会,千葉県千葉市花見川区幕張町３丁目１５３５番地１クロシェットＢ２０１号,2023-06-23,その他の設立登記法人
一般社団法人紺屋町,群馬県前橋市千代田町４丁目６番５号,2023-06-23,その他の設立登記法人
一般社団法人障がい者卓球選手支援協会,東京都板橋区本町４１番１－１０２号グローリオ板橋本町,2023-06-23,その他の設立登記法人
一般社団法人Ｆ‐ＳＴＹＬＥスポーツクラブ,神奈川県平塚市纒６０１番地の３,2023-06-23,その他の設立登記法人
一般社団法人ＪＡＰＡＮ　ＣＹＣＡＤ　ＳＯＣＩＥＴＹ,神奈川県茅ヶ崎市本村２丁目２番１８号,2023-06-23,その他の設立登記法人
一般社団法人Ｋパワーサプライ,東京都千代田区丸の内３丁目１番１号東京共同会計事務所内,2023-06-23,その他の設立登記法人
一般社団法人ＮＥＸＴ,滋賀県長浜市末広町２４０番地１７ワイエフビル１８,2023-06-23,その他の設立登記法人
一般社団法人Ｐｅａｃｅ　Ｅｄｕｃａｔｉｏｎ　Ｌａｂ　Ｎａｇａｓａｋｉ,長崎県長崎市浜町１１番１９号ＯＩＤＥＯＩＤＥビル３Ｆ,2023-06-23,その他の設立登記法人
一般財団法人新事業創生機構,東京都新宿区早稲田鶴巻町５６５番地５０２号,2023-06-23,その他の設立登記法人
三番日生株式会社,大阪府大阪市東成区深江北３丁目４番２１号エクラ深江橋６０７Ａ,2023-06-23,株式会社
中角土地改良区,三重県度会郡玉城町中角７６２,2023-06-23,その他
九門株式会社,東京都府中市北山町２丁目２８番地の１,2023-06-23,株式会社
井原市美星天文普及協会,岡山県井原市美星町大倉１７２３－７０,2023-06-23,その他
備後町インベストメンツ特定目的会社,東京都港区六本木１丁目６番１号泉ガーデンタワー,2023-06-23,その他の設立登記法人
備後町インベストメンツ１一般社団法人,東京都港区六本木１丁目６番１号泉ガーデンタワー,2023-06-23,その他の設立登記法人
備後町インベストメンツ２一般社団法人,東京都港区六本木１丁目６番１号泉ガーデンタワー,2023-06-23,その他の設立登記法人
億上株式会社,東京都北区浮間１丁目１番１４－１１６号,2023-06-23,株式会社
合同会社あんりケア,大阪府高石市千代田１丁目７番８号,2023-06-23,合同会社
合同会社おさかな,東京都新宿区市谷砂土原町１丁目２番地１４市谷砂土原レジデンス４０１,2023-06-23,合同会社
合同会社かわいｅ灯油やさん,福井県越前市帆山町第８号３２番地の１,2023-06-23,合同会社
合同会社こんぺいとう,東京都杉並区方南２丁目２１－１７ボーセジュール２０１,2023-06-23,合同会社
合同会社たくみ,静岡県静岡市駿河区大和２丁目１番２－２０１号,2023-06-23,合同会社
合同会社のびざかり,福岡県福岡市南区高木２丁目１１－１０－９０３,2023-06-23,合同会社
合同会社アレック,東京都世田谷区船橋１丁目１番１５号ヒルサイドビル３０２,2023-06-23,合同会社
合同会社アンビエントライト,東京都世田谷区上北沢４丁目２９－２９プラシード上北沢０１０１,2023-06-23,合同会社
合同会社インデュア,神奈川県川崎市高津区明津１６―３,2023-06-23,合同会社
合同会社ウイング,神奈川県横浜市青葉区新石川３丁目１３番地２５,2023-06-23,合同会社
合同会社ウインランニングサイエンス,鹿児島県鹿児島市西伊敷６丁目３２番６号,2023-06-23,合同会社
合同会社ウンパルンパ,北海道帯広市大空町８丁目８番地１１,2023-06-23,合同会社
合同会社エニゴ,東京都渋谷区道玄坂１丁目１０番８号渋谷道玄坂東急ビル２Ｆ－Ｃ,2023-06-23,合同会社
合同会社エルムーブ,茨城県龍ケ崎市長峰町１５１１,2023-06-23,合同会社
合同会社カラット,東京都千代田区鍛冶町１丁目６番２号林ビル４階,2023-06-23,合同会社
合同会社コトリギ,東京都世田谷区北沢３丁目２７－４立木ビル２Ｆ,2023-06-23,合同会社
合同会社サポートビジネス,神奈川県横浜市青葉区奈良３丁目６番地３１号,2023-06-23,合同会社
合同会社サンリアル,東京都新宿区四谷４丁目６番１号,2023-06-23,合同会社
合同会社シェイド,青森県弘前市大字境関字亥ノ宮６５番地１,2023-06-23,合同会社
合同会社シャインエッジ,大阪府大阪市都島区御幸町２丁目１３番１１号,2023-06-23,合同会社
合同会社ジャパンドリーム,愛知県豊橋市三本木町字新東上６４‐４,2023-06-23,合同会社
合同会社スターアラジン,千葉県八千代市吉橋２４５８番地,2023-06-23,合同会社
合同会社ストラトジックＰＳＭ研究会,東京都渋谷区桜丘町２３番１７号シティコート桜丘４０８,2023-06-23,合同会社
合同会社チームＭ,福岡県福岡市西区小戸３丁目９‐２,2023-06-23,合同会社
合同会社パンダロケット,愛知県豊田市大畑町上屋敷２１４番地,2023-06-23,合同会社
合同会社ビューティーアップ,福岡県福岡市博多区千代２丁目２２番８号,2023-06-23,合同会社
合同会社ビリーフ,大阪府大阪市北区天神橋３丁目１番４３号,2023-06-23,合同会社
合同会社ファンネル,北海道釧路市鳥取南８丁目１３番６号,2023-06-23,合同会社
合同会社フォルフ,神奈川県厚木市毛利台２丁目２５番７号,2023-06-23,合同会社
合同会社プラシア,愛知県名古屋市緑区鳴海町字細根１１８番地の６２,2023-06-23,合同会社
合同会社プレジール,新潟県新潟市西区五十嵐東３丁目６－２２,2023-06-23,合同会社
合同会社ペン丸,大阪府大阪市天王寺区舟橋町６番９号セイワパレス真田山公園東５０１号,2023-06-23,合同会社
合同会社ミライエネ,神奈川県横浜市神奈川区中丸１８番地の２,2023-06-23,合同会社
合同会社ルビア,岩手県遠野市上郷町細越１２地割１４番地３,2023-06-23,合同会社
合同会社世界樹ジェムストーン,埼玉県さいたま市桜区大字下大久保１０２６番１号メゾンプロスパリティー３０３号室,2023-06-23,合同会社
合同会社人材エンジェルス,岡山県岡山市北区南中央町６－１５ウェーブレジデンス医大前１０１,2023-06-23,合同会社
合同会社喫茶去,東京都中央区銀座１丁目１２番４号Ｎ＆ＥＢＬＤ．６Ｆ,2023-06-23,合同会社
合同会社山下資本管財,大阪府吹田市千里山西２丁目１番４７号,2023-06-23,合同会社
合同会社山王,東京都日野市日野本町４丁目２４番地の１８,2023-06-23,合同会社
合同会社徳樹,沖縄県南城市佐敷字新開１番地８８,2023-06-23,合同会社
合同会社志青塾,長野県塩尻市大字大門５７番地４,2023-06-23,合同会社
合同会社晴愛,岡山県倉敷市児島柳田町５１６番地２０,2023-06-23,合同会社
合同会社産業保健キャリア開発,大阪府大阪市西区江戸堀１丁目１番１１号大同生命東館,2023-06-23,合同会社
合同会社百鬼,東京都杉並区高円寺南２丁目１番１５号,2023-06-23,合同会社
合同会社福和,沖縄県中頭郡西原町字兼久２５３－３０１,2023-06-23,合同会社
合同会社英建,宮崎県宮崎市太田３丁目７番２１号プチメゾン南宮崎２０５号,2023-06-23,合同会社
合同会社菅井夏樹,東京都目黒区南２丁目６－９,2023-06-23,合同会社
合同会社軽助,福岡県福岡市博多区山王２丁目１２番２号コーポ日下部２０６,2023-06-23,合同会社
合同会社野分,神奈川県鎌倉市御成町９番６号,2023-06-23,合同会社
合同会社金天,東京都世田谷区桜上水４丁目２２－８シェフルール桜上水２０４,2023-06-23,合同会社
合同会社電田,大阪府大阪市中央区日本橋２丁目２１番１０号宮田ビル１階,2023-06-23,合同会社
合同会社龍,東京都小金井市東町４丁目４３番１３号,2023-06-23,合同会社
合同会社７２,埼玉県比企郡鳩山町鳩ヶ丘３丁目１９－４,2023-06-23,合同会社
合同会社ＡＤＥ,東京都江東区豊洲６丁目２－３１－４３１１,2023-06-23,合同会社
合同会社ＢＲＭ　Ｌａｂｏ,東京都文京区湯島４丁目１１－７,2023-06-23,合同会社
合同会社Ｆ３,千葉県船橋市前原西６丁目１番７１号,2023-06-23,合同会社
合同会社ＦＲＯＭＥ,東京都杉並区松ノ木３丁目２６－７－２０６,2023-06-23,合同会社
合同会社ＦｒｅｅＬｉｆｅ久太,兵庫県明石市貴崎３丁目２番サンハイツ貴崎２号棟１０２号,2023-06-23,合同会社
合同会社ＨＡＫＵ,東京都北区王子５丁目１番２－１８０３号,2023-06-23,合同会社
合同会社ＫＨブレーン,新潟県新潟市東区寺山３丁目５番８号,2023-06-23,合同会社
合同会社ＫｉｉＮ,東京都渋谷区恵比寿西２丁目４－６佐々木ビル２０２,2023-06-23,合同会社
合同会社ＬＥＡ,東京都江東区豊洲６丁目２－３１－４３１１,2023-06-23,合同会社
合同会社Ｌｅｉ,東京都台東区入谷２丁目２４番６－７０２号ライオンズフォーシア入谷イースト,2023-06-23,合同会社
合同会社Ｌｉｂｅｒｔｙ,神奈川県藤沢市菖蒲沢９３８番地の２ルーフハウスＡ１０５,2023-06-23,合同会社
合同会社Ｌｉｎｋ　ａｎｄ　Ｃａｒｅｅｒ,群馬県伊勢崎市喜多町４７番地－１０１,2023-06-23,合同会社
合同会社Ｍａｋｉ　Ｅｎｔｅｒｐｒｉｓｅ,東京都港区赤坂９丁目１番７－８６８号,2023-06-23,合同会社
合同会社Ｎ２,東京都千代田区丸の内３丁目１番１号東京共同会計事務所内,2023-06-23,合同会社
合同会社Ｏｎｅ　Ｓｔｅｐ　Ｃｏ　Ｌｔｄ．,茨城県神栖市知手中央８丁目１３番１６号,2023-06-23,合同会社
合同会社ＰＡＬＡＣＥ,大阪府大阪市住之江区新北島１丁目５番７号,2023-06-23,合同会社
合同会社ＰＵＢＵＤＵ　ＩＮＴＥＲＮＡＴＩＯＮＡＬ,千葉県柏市藤ケ谷２１５番地６－Ｎｏ．８,2023-06-23,合同会社
合同会社ＲＩＡＮ,大阪府枚方市香里園東之町１７番２号,2023-06-23,合同会社
合同会社Ｒｅｅｎａ,高知県須崎市野見１７８,2023-06-23,合同会社
合同会社ＳＯＲＡ,愛知県名古屋市中区錦２丁目７番１号ＣＡＭＥＬＬＩＡ丸の内１００３号,2023-06-23,合同会社
合同会社ＳＲ,群馬県前橋市天川大島町３丁目５８－３メゾングランディール１０１,2023-06-23,合同会社
合同会社Ｓｎｉｐｅｒｓ,千葉県千葉市花見川区幕張町５丁目１６１番地エクセルフラット２０１号,2023-06-23,合同会社
合同会社ＴＡＫＫＵＮファーム,千葉県いすみ市弥正１３２９番地３,2023-06-23,合同会社
合同会社ＴＫ２,東京都世田谷区弦巻４丁目２７番１０号,2023-06-23,合同会社
合同会社ＴＭＣ　ＪＡＰＡＮ　ＷＯＲＬＤＮＥＴＷＯＲＫ,東京都港区南青山３丁目１番３６号,2023-06-23,合同会社
合同会社Ｗ．Ｌ．Ｃｏｎｓｕｌｔｉｎｇ,新潟県妙高市大字関山１６７３番地１４,2023-06-23,合同会社
合同会社ＹＡＩＣＨＩ,東京都練馬区高松３丁目１９番２５号,2023-06-23,合同会社
合同会社Ｙｏｔｅｉ　Ｔｗｏ１,東京都千代田区霞が関３丁目２番５号,2023-06-23,合同会社
合同会社ａｋａ　ａｋａ,石川県金沢市片町１丁目８番地２０号ＧＡＺＡビル２Ｆ,2023-06-23,合同会社
合同会社ａｔｅｌｉｅｒ　ｈａｒｕ,北海道虻田郡倶知安町南四条東３丁目１１番地６０,2023-06-23,合同会社
合同会社ｍｏｎｏｅｓｓ,大分県大分市大字旦野原４００番地の９０,2023-06-23,合同会社
和田フードテック株式会社,大阪府大阪市中央区安土町２丁目３番１３号,2023-06-23,株式会社
和鸞株式会社,大阪府大阪市中央区瓦屋町１丁目１４番１５－１０１号,2023-06-23,株式会社
土地家屋調査士法人Ｒｕｎ,岩手県盛岡市上堂３丁目２番１５号工藤ビル４階,2023-06-23,その他の設立登記法人
大洋商事株式会社,東京都練馬区貫井４丁目６番１２号,2023-06-23,株式会社
大田株式会社,東京都北区王子本町１丁目２２番１号１０３室,2023-06-23,株式会社
宮古島ロケーションサービス合同会社,沖縄県宮古島市平良字久貝８３５番地７,2023-06-23,合同会社
富士不動産建設株式会社,大分県中津市大字蛎瀬５８２番地７,2023-06-23,株式会社
寝屋川市東大利町（Ａ街区）防災街区整備事業準備組合,大阪府寝屋川市早子町２３番２－２１７号,2023-06-23,その他
小野・谷田部グローカル合同会社,東京都千代田区霞が関３丁目２番５号霞が関ビルディング５階,2023-06-23,合同会社
岡田商会合同会社,千葉県浦安市日の出５丁目３番Ａ－４０２号セレナヴィータ新浦安,2023-06-23,合同会社
心斎橋労務会計合同会社,大阪府大阪市中央区博労町３丁目２番１５号プレサンス心斎橋モデルノ１３０２,2023-06-23,合同会社
恒業商事株式会社,福岡県福岡市博多区博多駅前４丁目４番２０号船津ビル８０２号,2023-06-23,株式会社
恵比寿ＣＡＴビル不動産株式会社,東京都渋谷区恵比寿西２丁目３－１６,2023-06-23,株式会社
悠会計株式会社,大阪府大阪市北区梅田１丁目２番２号大阪駅前第２ビル１２－１２,2023-06-23,株式会社
新和工業株式会社,東京都港区新橋２丁目１６番１号ニュー新橋ビル７０８,2023-06-23,株式会社
日出資源再生株式会社,千葉県香取郡多古町多古２０００番地２１７,2023-06-23,株式会社
日本エコロジア株式会社,大分県大分市高松２丁目１番１２号,2023-06-23,株式会社
日本ゴウノエイ株式会社,東京都港区港南２丁目１６番１号品川イーストワンタワー７Ｆ,2023-06-23,株式会社
日本大洋株式会社,大阪府大阪市生野区勝山北５丁目１０－３,2023-06-23,株式会社
有限会社加川鮮魚店,広島県広島市安佐北区口田４丁目３番１２号,2023-06-23,有限会社
木古内風力開発株式会社,東京都千代田区霞が関３丁目２番５号,2023-06-23,株式会社
東易商事合同会社,東京都荒川区東尾久２丁目３８番７号ハイツＨＡＮＡＷＡ２０２号室,2023-06-23,合同会社
株式会社きんぎょ,鹿児島県鹿児島市宮之浦町５７０番地Ａ２０５号,2023-06-23,株式会社
株式会社てらす,広島県広島市安佐北区可部５丁目６番１３－１０２号,2023-06-23,株式会社
株式会社てんめや不動産,千葉県柏市亀甲台町１丁目５番９号,2023-06-23,株式会社
株式会社ふじ椿,東京都武蔵野市中町１丁目１９番１１号アーバン武蔵野４０１,2023-06-23,株式会社
株式会社ぷらす・あるふぁ一級建築士事務所,東京都港区元赤坂１丁目１番７－１１０１号,2023-06-23,株式会社
株式会社やまのうち,鹿児島県姶良市加治木町諏訪町１９７番地,2023-06-23,株式会社
株式会社アウル,東京都港区新橋６丁目２２番１号,2023-06-23,株式会社
株式会社アルタ,東京都台東区三ノ輪１丁目５番１号,2023-06-23,株式会社
株式会社アンタイド・テクノロジー・コラボレーション,山口県防府市大字浜方１０番地の２０,2023-06-23,株式会社
株式会社アンリアライズ,秋田県大館市御成町１丁目１２番６号,2023-06-23,株式会社
株式会社イケムツ,千葉県山武市横田１０７５番地３３,2023-06-23,株式会社
株式会社イロドリ,長崎県五島市三尾野２丁目１－１２勤王ビル１Ｆ,2023-06-23,株式会社
株式会社インコム,奈良県奈良市西大寺新町１丁目１番１２号,2023-06-23,株式会社
株式会社ウィズオオシマ,愛知県岩倉市大市場町郷廻１４４番地,2023-06-23,株式会社
株式会社ウェルネスプロパティーズ,東京都中央区勝どき５丁目３－１－１００３,2023-06-23,株式会社
株式会社エイアール建設,大阪府大阪市西区北堀江３丁目４－１９大阪金物会館３０１,2023-06-23,株式会社
株式会社エスアイメディカル,大阪府堺市北区金岡町１４２３番地４ビッグカーサ堺しらさぎ駅前２３２６号,2023-06-23,株式会社
株式会社エスティエム,東京都江戸川区東小岩６丁目１０番１１号ソルトリバー２０３,2023-06-23,株式会社
株式会社エムシーエル制作所,神奈川県相模原市南区若松６丁目１０番２５号,2023-06-23,株式会社
株式会社エムズエイ,三重県鈴鹿市南江島町２３番７号,2023-06-23,株式会社
株式会社オリオンスクエア,東京都練馬区南田中２丁目１６番１７号アスカハイムＢ－１０１,2023-06-23,株式会社
株式会社キミジマ,千葉県浦安市堀江６丁目１５番３２号,2023-06-23,株式会社
株式会社クロールアップ,神奈川県相模原市南区南台５丁目１１番１９号ペアナードオダサガ１０６,2023-06-23,株式会社
株式会社グローバルこころ,香川県高松市香川町川東上１４４１番地１２,2023-06-23,株式会社
株式会社ケイアイエス,栃木県宇都宮市駒生１丁目５番３１号,2023-06-23,株式会社
株式会社ケーエス電機,神奈川県藤沢市遠藤１４４０番地,2023-06-23,株式会社
株式会社ケーズムーン,北海道札幌市中央区南十四条西９丁目２番１３号山鼻屯田記念会館１階,2023-06-23,株式会社
株式会社コースト,東京都渋谷区道玄坂１丁目１０番８号２Ｆ－Ｃ,2023-06-23,株式会社
株式会社ゴルフメイトジャパン,東京都江東区冬木１６－８,2023-06-23,株式会社
株式会社サニー,東京都足立区梅島３丁目３－２４,2023-06-23,株式会社
株式会社シエイト,長崎県長崎市鍛冶屋町６－３－１Ｆ,2023-06-23,株式会社
株式会社シーク・アミューズメント,東京都渋谷区渋谷２丁目１９－１５宮益坂ビルディング６０９,2023-06-23,株式会社
株式会社ジャパンウォーターサプライ,熊本県宇城市松橋町豊崎１１８７番地４,2023-06-23,株式会社
株式会社ジャパンリソース,三重県北牟婁郡紀北町相賀４８０番地１０１,2023-06-23,株式会社
株式会社ストリーム,東京都世田谷区玉川台２丁目３０番１号,2023-06-23,株式会社
株式会社スリピ,東京都渋谷区道玄坂１丁目１０番８号渋谷道玄坂東急ビル２Ｆ－Ｃ,2023-06-23,株式会社
株式会社セコケイ,東京都大田区西馬込１丁目３０番６号,2023-06-23,株式会社
株式会社テクノカットスタジオ,東京都目黒区中町２丁目１２番４号,2023-06-23,株式会社
株式会社テラネクスト,東京都新宿区下落合３丁目１２番３０号,2023-06-23,株式会社
株式会社ディケイド,東京都品川区上大崎４丁目１番１号,2023-06-23,株式会社
株式会社ナハトマーケティングキャピタル,東京都渋谷区道玄坂１丁目１２番１号,2023-06-23,株式会社
株式会社ニューヨークセブン,大阪府大阪市阿倍野区昭和町１丁目２０番１１号,2023-06-23,株式会社
株式会社ネクストオン,和歌山県和歌山市湊１８５０番地,2023-06-23,株式会社
株式会社ネコノ手事務代行サービス,群馬県伊勢崎市宮子町３４０１－３,2023-06-23,株式会社
株式会社ハロワン,神奈川県横浜市西区北幸２丁目１０番２８号むつみビル３Ｆ,2023-06-23,株式会社
株式会社バクタム,北海道札幌市中央区南二条西１０丁目１０００－２４ＴＡＫＥＴＯビル２Ｆ,2023-06-23,株式会社
株式会社マツモトテッキン,京都府京都市下京区大宮通七条下る上之町４２５番地１アイアーツ七条大宮７０１号,2023-06-23,株式会社
株式会社ミライズ不動産,秋田県大仙市大曲日の出町１丁目２０番１５号,2023-06-23,株式会社
株式会社ユユｂｅａｕｔｙ,東京都新宿区歌舞伎町１丁目２番３号レオ新宿ビル５０８,2023-06-23,株式会社
株式会社ユー・エス・アイ,神奈川県横浜市都筑区佐江戸町１４６番地１,2023-06-23,株式会社
株式会社ライジング,長崎県大村市小路口本町５０６番地１,2023-06-23,株式会社
株式会社ライフワン,東京都江東区豊洲４丁目１０番３－７０５号,2023-06-23,株式会社
株式会社リアピ国,東京都世田谷区北沢３丁目２５番１号,2023-06-23,株式会社
株式会社リワードグロウ,千葉県木更津市請西南４丁目３２番地２３,2023-06-23,株式会社
株式会社リンドブルム,千葉県印西市平賀学園台３丁目２２番８号,2023-06-23,株式会社
株式会社ロングアイランドカンパニー,神奈川県藤沢市鵠沼海岸１丁目３番３号,2023-06-23,株式会社
株式会社ワイドツリー,千葉県佐倉市染井野１丁目８番地６,2023-06-23,株式会社
株式会社ワンワールド,東京都江戸川区東小岩１丁目２２－１５－２０３号室,2023-06-23,株式会社
株式会社七色,愛知県安城市福釜町鴻ノ巣２番地３,2023-06-23,株式会社
株式会社七輪さく,福岡県糟屋郡志免町片峰中央３丁目１６－２４,2023-06-23,株式会社
株式会社上山企画,東京都杉並区本天沼１丁目３番２号,2023-06-23,株式会社
株式会社中東国際興業,大阪府大阪市東淀川区小松２丁目１６－２７小松ビル２０１号室,2023-06-23,株式会社
株式会社久留プラスチック,愛知県小牧市大字西之島１５８９番地,2023-06-23,株式会社
株式会社仁,東京都清瀬市元町１丁目１０－１,2023-06-23,株式会社
株式会社來伸,島根県松江市宍道町佐々布１０７番地７,2023-06-23,株式会社
株式会社優羽,東京都江戸川区西篠崎２丁目９番２０号,2023-06-23,株式会社
株式会社博多屋,福岡県福岡市東区多の津１丁目８番３号,2023-06-23,株式会社
株式会社印西みどりガーデン,千葉県印西市戸神６２４番８,2023-06-23,株式会社
株式会社古澤農園,熊本県阿蘇市波野大字滝水２３４番地３,2023-06-23,株式会社
株式会社吉瑞,愛知県名古屋市昭和区菊園町２丁目２番地の１,2023-06-23,株式会社
株式会社名古屋医療福祉,愛知県名古屋市中川区西伏屋２丁目１４２０番地ＭＥＬＦＯＲＴⅠ１０１号,2023-06-23,株式会社
株式会社和美鴻業,長野県松本市大字笹賀３９６７番地１,2023-06-23,株式会社
株式会社夢叶興業,広島県竹原市港町２丁目１３番３号,2023-06-23,株式会社
株式会社大明,三重県桑名市大字下深谷部５０１番地１,2023-06-23,株式会社
株式会社大羅技建,大阪府堺市中区深井清水町１２８２番地１コンフォールふかいのもり２０６号,2023-06-23,株式会社
株式会社大黒屋,富山県射水市川口７９０番地２,2023-06-23,株式会社
株式会社安田ハウス,茨城県稲敷郡美浦村大字土屋１８３４番地の８,2023-06-23,株式会社
株式会社宗硝子店,熊本県葦北郡芦北町大字計石１７３４番地,2023-06-23,株式会社
株式会社巧,岡山県岡山市北区平野８９番地９,2023-06-23,株式会社
株式会社常盤通り未来共創まちづくり,山口県宇部市東琴芝２丁目１番３１号,2023-06-23,株式会社
株式会社復米,大阪府大阪市西成区鶴見橋１丁目１６－２８－１０１号,2023-06-23,株式会社
株式会社恵美寿,神奈川県秦野市東田原６６０番地の１,2023-06-23,株式会社
株式会社日光商会,大阪府豊中市末広町１丁目８－３０－２０５,2023-06-23,株式会社
株式会社日本中央生物医学研究所,千葉県山武郡九十九里町片貝５１１５－５,2023-06-23,株式会社
株式会社東京医歯学総合研究所,東京都大田区北千束３丁目３５－５－２０２,2023-06-23,株式会社
株式会社栢森教育研究所,東京都新宿区新宿２丁目１２番１３号新宿アントレサロンビル２階,2023-06-23,株式会社
株式会社案と,愛知県愛西市勝幡町塩畑２６８６番地,2023-06-23,株式会社
株式会社森下堂,福岡県福岡市中央区高砂１丁目２２番１０号えびすヒルズ１Ｆ,2023-06-23,株式会社
株式会社椿,大阪府河内長野市日野３７２番地の甲,2023-06-23,株式会社
株式会社澤源,大阪府枚方市招提中町１丁目２８番３１号Ｙ＆Ｉ２階,2023-06-23,株式会社
株式会社煌心,大阪府大阪市東淀川区大桐５丁目１４番１１－４０２号,2023-06-23,株式会社
株式会社特務機関社,東京都日野市東平山３丁目２２番地の５,2023-06-23,株式会社
株式会社狼煙,福岡県飯塚市太郎丸５０４番地４,2023-06-23,株式会社
株式会社神山農園,福井県越前市広瀬町第１３７号８番地,2023-06-23,株式会社
株式会社結芽クリエイト,東京都港区北青山２丁目７－２６メゾン青山１００１,2023-06-23,株式会社
株式会社美星コメットファーム,岡山県井原市美星町星田２番４７号,2023-06-23,株式会社
株式会社美豊,千葉県市川市市川３丁目４０番８号,2023-06-23,株式会社
株式会社茅ヶ崎エフエム,神奈川県茅ヶ崎市茅ヶ崎１丁目１番１４号,2023-06-23,株式会社
株式会社蔦自動車販売,奈良県磯城郡田原本町大字唐古１８番地,2023-06-23,株式会社
株式会社藤田,宮崎県宮崎市下北方町井手下南２５番地２アルファスマート神宮北８０２号,2023-06-23,株式会社
株式会社道水ホールディングス,北海道函館市豊川町２７番５号,2023-06-23,株式会社
株式会社際ホールディングス,和歌山県和歌山市毛革屋丁２５番地,2023-06-23,株式会社
株式会社青空,神奈川県伊勢原市桜台２丁目７番５０号,2023-06-23,株式会社
株式会社飛翔建設コーポレーション,千葉県八千代市八千代台東２丁目９－１,2023-06-23,株式会社
株式会社龍神,大分県佐伯市蒲江大字蒲江浦４５６３番地１,2023-06-23,株式会社
株式会社２６ＴＧ,愛知県春日井市篠木町７丁目３６番地１９,2023-06-23,株式会社
株式会社ＡＧＲＥＡ,東京都東村山市栄町１丁目１０番地６－４０３,2023-06-23,株式会社
株式会社ＡＰＥＸ　ＧＲＯＵＰ,大阪府大阪市北区梅田１丁目１番３号大阪駅前第３ビル２９階１－１－１号室,2023-06-23,株式会社
株式会社Ａｇｒｅａｂｌｅ,神奈川県秦野市堀西１１８１番地,2023-06-23,株式会社
株式会社ＢＤＲ,大阪府大阪市都島区中野町１丁目１３番４号,2023-06-23,株式会社
株式会社ＢＲＥＡＴＨ,東京都大田区田園調布１丁目５５番２０号浅間ビル２１０号,2023-06-23,株式会社
株式会社ＢＲＩＮＧＥＲ　ＣＬＵＢ,大阪府大阪市西区新町１丁目１４番２１－６２０号,2023-06-23,株式会社
株式会社Ｂｅａｕｔｙ‐Ｏｎｅ,愛知県名古屋市中区栄４丁目１５番１４号栄ハイホーム５１２号,2023-06-23,株式会社
株式会社Ｃ‐ＬＩＮＫＳ,神奈川県横浜市都筑区川向町１４６番地１１,2023-06-23,株式会社
株式会社ＣＡＲ．ＢＡＳＥ．ＺＥＯＮＩＣ,青森県青森市大字新城字平岡１２４番地２９,2023-06-23,株式会社
株式会社ＣＯＭ,東京都大田区大森南３丁目１０番１号,2023-06-23,株式会社
株式会社ＣＯＮＮＥＣＴ・ＣＢ,愛知県豊田市丸山町８丁目３フラワーパーク１０５号室,2023-06-23,株式会社
株式会社ＣＴＦ,東京都世田谷区等々力５丁目１１番３号－６,2023-06-23,株式会社
株式会社Ｃｏｎｃｌｕｓｉｏｎ,神奈川県横浜市緑区上山３丁目１１番２６号,2023-06-23,株式会社
株式会社Ｄ＆Ｌ,大阪府大阪市淀川区西中島５丁目８－２９－７０７号,2023-06-23,株式会社
株式会社Ｄｅｌｉｇｈｔｆｕｌ,沖縄県豊見城市字我那覇８７番地８,2023-06-23,株式会社
株式会社Ｅ‐ＣＡＭＯ,大阪府大阪市西区北堀江３丁目４番１３号,2023-06-23,株式会社
株式会社ＥＩＢＥＮ,神奈川県横須賀市久里浜２丁目８番９号,2023-06-23,株式会社
株式会社Ｆ・Ｔ,大阪府大阪市北区梅田２丁目５番１３号桜橋第一ビル,2023-06-23,株式会社
株式会社ＦＯＸＹ,静岡県浜松市中区萩丘５丁目６番１号,2023-06-23,株式会社
株式会社Ｆｅｒｍｅｎｔ　Ｂａｓｅ,栃木県小山市西城南６丁目１５番地８,2023-06-23,株式会社
株式会社Ｆｒｅｉ　Ｚｉｎ,岩手県盛岡市大通３丁目６番１２号,2023-06-23,株式会社
株式会社Ｇ‐プライム,広島県呉市海岸４丁目３番７号,2023-06-23,株式会社
株式会社ＧＰＰ,宮城県仙台市青葉区錦町２丁目３－２４ベレオ錦町３０１,2023-06-23,株式会社
株式会社ＧｒｏｗＣｈａｎｃｅ,東京都杉並区高円寺南５丁目１８番９－３号,2023-06-23,株式会社
株式会社ＨＩＲＡＴＡ,神奈川県平塚市万田２丁目２６番１４号,2023-06-23,株式会社
株式会社Ｈａｎａｂｉ,東京都中央区銀座１丁目２２番１１号２階,2023-06-23,株式会社
株式会社ＩＩＩＩＩＮＯＵＴ,東京都目黒区鷹番２丁目１８番２号福田ハウス２０１,2023-06-23,株式会社
株式会社ＩＩＲＯＴ,東京都渋谷区松濤１丁目３番８号,2023-06-23,株式会社
株式会社ＩＲＯＲＩ,東京都品川区南品川５丁目１６－７Ｕ－ｍａｋｅ南品川１Ｆ,2023-06-23,株式会社
株式会社ＩＳＳＡ,大阪府大阪市城東区放出西１丁目２番５１－９０８号,2023-06-23,株式会社
株式会社Ｊａｐａｎ　Ｓｏｌａｒ　Ｗｏｒｋｓ,栃木県大田原市美原２丁目３１９６番地１２,2023-06-23,株式会社
株式会社ＬＳＩＮＧ,神奈川県横浜市南区蒔田町字三度台１０１８番地１５ワコーレロイヤルヒルズ６１９号室,2023-06-23,株式会社
株式会社Ｌｉｎｋ,香川県坂出市府中町１６７７番地８,2023-06-23,株式会社
株式会社Ｌｏｖｅ,東京都渋谷区渋谷３丁目３番５号,2023-06-23,株式会社
株式会社ＭＡＥ,東京都港区南麻布１丁目８番１６号,2023-06-23,株式会社
株式会社ＭＥＪＯＲＡＲ,東京都文京区白山１丁目２１－１５,2023-06-23,株式会社
株式会社Ｎ‐ＴＲＵＳＴ,東京都立川市幸町３丁目１２番地２２,2023-06-23,株式会社
株式会社ＮＥＮＥ．,東京都品川区西五反田１丁目４番８－３０６号,2023-06-23,株式会社
株式会社ＮＮＷ,広島県広島市佐伯区五日市５丁目１０番１７号２０１号室,2023-06-23,株式会社
株式会社ＮＯＶＯＣＥＬＬ　ＪＡＰＡＮ,東京都新宿区百人町４丁目９－７新宿ユーエストビル６階,2023-06-23,株式会社
株式会社Ｎｅｌ,埼玉県さいたま市桜区大字神田４３８番地１神山ハイツ１０２,2023-06-23,株式会社
株式会社Ｎｅｏｇｒａｐｈｉｃａ,東京都渋谷区代々木３丁目１番３号,2023-06-23,株式会社
株式会社ＯＡＳＩＳクリニカルパートナーズ,東京都渋谷区渋谷１丁目１５－１５テラス渋谷美竹１５１０,2023-06-23,株式会社
株式会社ＯＭＩ,千葉県千葉市美浜区幕張西６丁目２５番地２１,2023-06-23,株式会社
株式会社ＯＮＥ,東京都葛飾区柴又６丁目１２－１８－２Ｆ,2023-06-23,株式会社
株式会社ＰＡＬ　ＪＯＹ,宮城県多賀城市浮島２丁目３２番１３－２０６号,2023-06-23,株式会社
株式会社ＰＩＣケニー,東京都品川区大崎３丁目５－２エステージ大崎ビル６Ｆ,2023-06-23,株式会社
株式会社Ｐａｂｌｏ,東京都新宿区新宿６丁目２７番２９号,2023-06-23,株式会社
株式会社Ｐｌａｎ　Ｂ,長野県長野市大字川合新田９３４番地１,2023-06-23,株式会社
株式会社Ｐｒｏｆｉｔ　Ｃｏｎｓｕｌｔｉｎｇ,東京都中央区日本橋室町１丁目１１－１２,2023-06-23,株式会社
株式会社Ｑｕｗａｋ,愛媛県四国中央市川之江町４０６１－２６,2023-06-23,株式会社
株式会社ＲＩＹＡ,大阪府大阪市生野区巽北１丁目１番１号３Ｆ－Ｇ,2023-06-23,株式会社
株式会社ＲｅＲａｙ,広島県尾道市因島中庄町７１０番地３,2023-06-23,株式会社
株式会社Ｒｅｅ’ｓ,山口県山口市富田原町４番３４号,2023-06-23,株式会社
株式会社Ｒｉｔａｉｚ,千葉県柏市若柴１７８－４柏の葉キャンパス１４８街区２ショップ＆オフィス棟６階,2023-06-23,株式会社
株式会社Ｓ．Ｋ．ｔｅｃｈ,神奈川県綾瀬市深谷中６丁目３番１８号グリーンヒルズＫ２０３,2023-06-23,株式会社
株式会社ＳＨＩＭＡＭＯＮ　ＤＥＳＩＧＮ,神奈川県横浜市中区山下町２１９番地カーサ丸徳３０３,2023-06-23,株式会社
株式会社ＳＨＯＯＰ　ＳＴＵＤＩＯ,東京都渋谷区道玄坂１丁目２０番３号６Ｆ,2023-06-23,株式会社
株式会社ＳＯＬエステート,福岡県糸島市波多江駅南１丁目１６番１０号,2023-06-23,株式会社
株式会社ＳＴソリューション,東京都千代田区麹町２丁目１０番地３,2023-06-23,株式会社
株式会社Ｓａｌｉｎａ,東京都渋谷区円山町２３番４号－３０１,2023-06-23,株式会社
株式会社Ｓｐｅｓ,三重県四日市市菅原町１２５番地６,2023-06-23,株式会社
株式会社Ｔ‐トレーディング,神奈川県川崎市高津区坂戸１丁目１６番１号,2023-06-23,株式会社
株式会社ＴＥＡＭ　ＭＹ　ＳＫＹ,千葉県浦安市北栄３丁目７番１４－３０１号,2023-06-23,株式会社
株式会社ＴＥＲＵＬＡＮＤ,東京都杉並区荻窪３丁目３番１０号‐２Ｆ,2023-06-23,株式会社
株式会社ＴＧＳホールディングス,茨城県日立市白銀町２丁目１４番１号,2023-06-23,株式会社
株式会社ＴＴＫ２０２３,東京都世田谷区弦巻５丁目７番３０－６０３号,2023-06-23,株式会社
株式会社Ｔｒｕｓｔ　Ｐｏｒｔ,神奈川県横浜市保土ケ谷区仏向町１３０９番地２６,2023-06-23,株式会社
株式会社Ｕｓｗｉｎｇ　Ｊａｐａｎ,愛知県名古屋市中区新栄１丁目２８番２３号レインボー第２瓦町９２０号室,2023-06-23,株式会社
株式会社ＶＯＩＣＥ．Ｗ,大阪府大阪市城東区今福西２丁目１番３号,2023-06-23,株式会社
株式会社Ｗ　Ｌａｂｏ．,大阪府大阪市西区新町１丁目１４番２１－４０１３号,2023-06-23,株式会社
株式会社Ｗ＆Ｓ,福岡県福岡市東区松崎１丁目４番１２号,2023-06-23,株式会社
株式会社Ｗｅｌｌｖｙ,高知県高知市鴨部８９５番地２１,2023-06-23,株式会社
株式会社Ｙ’ｓ　Ｌａｂ．,熊本県熊本市西区上代１丁目１９番３号,2023-06-23,株式会社
株式会社ＹＣＯ　ＧＲＯＵＰ,東京都杉並区高円寺南４丁目２４番１１号宝山ビル１１２Ａ,2023-06-23,株式会社
株式会社ＹＤＹＳ,神奈川県横浜市都筑区茅ケ崎中央４６番５号カネキビル１Ｆ,2023-06-23,株式会社
株式会社ｂｙ３,岡山県岡山市北区西崎本町８番１７号,2023-06-23,株式会社
株式会社ｄａ　Ｖｉｎｃｉ,栃木県大田原市中田原６３６番地３,2023-06-23,株式会社
株式会社ｄｏｏｒ,香川県高松市太田下町２１３１番地ソレアード太田Ｂ２０５,2023-06-23,株式会社
株式会社ｈａｍａ．ｓｔ,福島県双葉郡楢葉町大字山田岡字堂ノ下６番地４,2023-06-23,株式会社
株式会社ｍｔ．Ｃａｒｅｅｒ,神奈川県横浜市泉区中田南５丁目４２番９－１号,2023-06-23,株式会社
株式会社ｎｉｃｏＣＡＭＰ,東京都大田区西六郷２丁目５５番４号,2023-06-23,株式会社
株式会社ｎｏｖａ,香川県高松市木太町１８５６－１－１０３,2023-06-23,株式会社
株式会社ｒｏｕｇｈｍａ,北海道苫小牧市光洋町１丁目１－２０,2023-06-23,株式会社
株式会社ｓｔｒａｙａ,東京都新宿区高田馬場１丁目３２－１４ＴＳビルＢ１,2023-06-23,株式会社
株式会社ｔｅｃｈｂｅａｒ,東京都渋谷区道玄坂１丁目１６－６二葉ビル８ｂ,2023-06-23,株式会社
森風力開発株式会社,東京都千代田区霞が関３丁目２番５号,2023-06-23,株式会社
正和製作技術株式会社,大阪府大阪市西淀川区姫里２丁目１３－８,2023-06-23,株式会社
沖縄ドルフィンレンタカー株式会社,沖縄県那覇市宇栄原３丁目３３－５小禄マンション２０７号,2023-06-23,株式会社
沖縄空手世界大会実行委員会,沖縄県那覇市泉崎１丁目２－２本庁舎１２階,2023-06-23,その他
海王建設合同会社,千葉県佐倉市王子台１丁目２２番地１３海佑ビル５階,2023-06-23,合同会社
渚メディカル株式会社,静岡県田方郡函南町柏谷１３１９番地の５,2023-06-23,株式会社
渡辺ゆきのぶ後援会,岐阜県可児郡御嵩町井尻３４－３,2023-06-23,その他
特定非営利活動法人バードライフサポート虹いろ,東京都国分寺市東恋ヶ窪４丁目２８番地３メゾン西国分寺３０３,2023-06-23,その他の設立登記法人
特定非営利活動法人福岡県就労支援センター,福岡県大野城市白木原２丁目５番２５号,2023-06-23,その他の設立登記法人
特定非営利活動法人Ｔｈｅ　Ｖｉｌｌａｇｅ,神奈川県秦野市鶴巻南１丁目２８番５６号,2023-06-23,その他の設立登記法人
王子放課後児童クラブ,和歌山県新宮市田鶴原町２丁目１０－１,2023-06-23,その他
白子町地域公共交通活性化協議会,千葉県長生郡白子町関５０７４－２,2023-06-23,その他
盛島国際株式会社,大阪府大阪市天王寺区味原町１３－１２－４階４０１号室,2023-06-23,株式会社
知内風力開発株式会社,東京都千代田区霞が関３丁目２番５号,2023-06-23,株式会社
石井木材株式会社,岐阜県郡上市大和町徳永７５０番地２,2023-06-23,株式会社
社会保険労務士法人ＬＩＮＫ,愛知県名古屋市中区丸の内２丁目１７－１３ＮＫ丸の内ビル２階,2023-06-23,その他の設立登記法人
社会福祉法人弘勝会色えんぴつ,埼玉県羽生市大字加羽ケ崎２８１番地２,2023-06-23,その他の設立登記法人
福岡小郡一般社団法人,東京都港区元赤坂１丁目１番８号株式会社赤坂国際会計内,2023-06-23,その他の設立登記法人
福島風力開発株式会社,東京都千代田区霞が関３丁目２番５号,2023-06-23,株式会社
福済株式会社,大阪府大阪市西成区玉出中２丁目１２番１４号朝日プラザパレセーヌ５１１室,2023-06-23,株式会社
種子島不動産株式会社,鹿児島県西之表市東町７０５３番地３,2023-06-23,株式会社
簡拍株式会社,大阪府東大阪市上石切町２丁目１２番１４号,2023-06-23,株式会社
紅雲技研株式会社,大阪府大阪市西成区松１丁目５番４号１０２号室,2023-06-23,株式会社
自然派住宅研究所株式会社,栃木県宇都宮市中戸祭町２８９９番地２５,2023-06-23,株式会社
蒼天開発株式会社,愛知県名古屋市熱田区千年１丁目２６番１号,2023-06-23,株式会社
西川建材株式会社,大阪府枚方市大字穂谷２１９０番地,2023-06-23,株式会社
郷原筑康園株式会社,福岡県久留米市田主丸町志塚島３９０番地２,2023-06-23,株式会社
長万部風力開発株式会社,東京都千代田区霞が関３丁目２番５号,2023-06-23,株式会社
高尾台ハイツ管理組合法人,兵庫県神戸市垂水区塩屋町６丁目１番８号,2023-06-23,その他の設立登記法人
ＡＮＮＡ投資株式会社,東京都新宿区納戸町２６－８ＡＲＲＯＮビルＢ１－Ａ号室,2023-06-23,株式会社
Ａｓｕｎｃｉｏｎ合同会社,東京都八王子市大谷町３２０番地１,2023-06-23,合同会社
ＢＲＡＮＤＯＮ　ＧＲＯＵＰ　ＳＲＬ,,2023-06-23,外国会社等
ＢＵＩＬＤ株式会社,東京都新宿区西新宿３丁目３番１３号西新宿水間ビル６階,2023-06-23,株式会社
ＢＵＳＨＲＡ　ＴＲＡＤＩＮＧ合同会社,神奈川県伊勢原市東大竹７０７番地２９ハイツ７０７－２０１号室,2023-06-23,合同会社
Ｂｅｉｊｉｎｇ　Ｙｕｌｉｎｇｗａｎ　Ｃｕｌｔｕｒｅ　Ｃｏ．Ｌｔｄ,,2023-06-23,外国会社等
Ｂｅｙｏｎｄ　Ｉｎｄｅｘ合同会社,東京都杉並区高井戸東３丁目１３番７号ニュー浜田山マンション１０５,2023-06-23,合同会社
Ｂｒａｚｚａｎｉ合同会社,沖縄県名護市字稲嶺９８４番地１９ＡＺＡＭＩＨＯＵＳＥ名護１Ｆ,2023-06-23,合同会社
Ｃａｍｐａｃｅ株式会社,神奈川県川崎市中原区下小田中１丁目３２番２５号,2023-06-23,株式会社
Ｃｈｉｌｌ＆Ｂａｂｙ合同会社,神奈川県座間市小松原１丁目２９番３号,2023-06-23,合同会社
Ｃｒａｚｙ　Ｓｎｏｗ株式会社,東京都渋谷区富ヶ谷１丁目１４番１４号４階,2023-06-23,株式会社
ＤＥＥＰＡＫ合同会社,福岡県福岡市中央区高砂２丁目８－２０,2023-06-23,合同会社
Ｄｅｎｔａｌ．Ｄｅｓｉｇｎ．Ｓｔｕｄｉｏ株式会社,東京都品川区南大井３丁目２０番１１号伊藤ビル６０６号室,2023-06-23,株式会社
ＥＳＫ株式会社,沖縄県中頭郡嘉手納町字兼久７７－１古謝店舗中,2023-06-23,株式会社
ＥＳＹＮＩＣ　ＯＮＬＩＮＥ　ＬＩＭＩＴＥＤ,,2023-06-23,外国会社等
Ｅａｓｙ　Ｇｏ株式会社,東京都三鷹市牟礼４丁目１３－３－２１０６,2023-06-23,株式会社
ＦＡＳＨＩＯＮ　ＳＴＡＲＴ合同会社,東京都荒川区東日暮里６丁目２２番５号大和マンション１０３号,2023-06-23,合同会社
Ｆｏｓｈａｎ　Ｄａｊｉａｏ　Ｒｉｊｉ　Ｂａｇｓ　＆　Ｃｌｏｔｈｉｎｇ　Ｃｏ．，Ｌｔｄ．,,2023-06-23,外国会社等
Ｇｒａｎｄ　Ｈａｒｍｏｎｙ株式会社,香川県高松市多肥上町２０７１番地７,2023-06-23,株式会社
Ｇｕａｎｇｚｈｏｕ　Ｓｈｅｎｇｓｈｉ　Ｎｅｔｗｏｒｋ　Ｔｅｃｈｎｏｌｏｇｙ　Ｃｏ．，Ｌｔｄ．,,2023-06-23,外国会社等
ＨＯＮＧＫＯＮＧ　ＰＲＯＳＴＥＲ　ＴＲＡＤＩＮＧ　ＬＩＭＩＴＥＤ,,2023-06-23,外国会社等
Ｈａｐｐｉｅｒ合同会社,福岡県福岡市南区弥永５丁目２３番１９－２０１号,2023-06-23,合同会社
Ｈｉｄｅ’ｓ　ｃｏｍｐａｎｙ合同会社,大阪府八尾市竹渕西３丁目１４５番地,2023-06-23,合同会社
ＩＤＭ‐ｉｎｄｕｓｔｒｉａ株式会社,千葉県柏市篠籠田１３８２番地３９,2023-06-23,株式会社
ＪＡＫＴ株式会社,東京都新宿区大久保１丁目１０番１５号レックスマンション１００２号,2023-06-23,株式会社
ＪＡＮＡＳ　ＪＡＰＡＮ株式会社,東京都目黒区三田２丁目６－１７目黒台スカイマンション５２２,2023-06-23,株式会社
Ｋ．Ａトレーディング株式会社,群馬県伊勢崎市昭和町１６３６番地１,2023-06-23,株式会社
Ｌ４Ｔ　Ｊａｐａｎ合同会社,東京都港区赤坂２丁目１４番５号Ｄａｉｗａ赤坂ビル４階,2023-06-23,合同会社
Ｌｉｆｅ　Ｃｏｏｒｄｉｎａｔｅ　Ｎｉｓｅｋｏ株式会社,北海道虻田郡ニセコ町字本通２４９番地５,2023-06-23,株式会社
ＭＷ合同会社,東京都新宿区北新宿１丁目７番２０号,2023-06-23,合同会社
ＭＹ　ＢＥＡＵＴＹ株式会社,福岡県福岡市中央区赤坂３丁目８番３１－１４０１号,2023-06-23,株式会社
ＭａｘＴｏｋｙｏ　Ｈｏｌｄｉｎｇｓ株式会社,東京都港区白金１丁目２５－１１－１３０１,2023-06-23,株式会社
Ｍｉｃｒｏ　Ｃｏｍｐｕｔｅｒ（ＨＫ）Ｔｅｃｈ　Ｌｉｍｉｔｅｄ,,2023-06-23,外国会社等
Ｍｉｇｅｒｕ　ｌａｎｋａ合同会社,千葉県松戸市幸谷７６４番地７アエラス２１－１０２号,2023-06-23,合同会社
Ｍｉｎｏｒｉ　ＥｄｕＣｅｎｔｅｒ合同会社,千葉県市原市八幡２１０１番地１４,2023-06-23,合同会社
Ｍｕｓｈｒｏｏｍ株式会社,東京都千代田区三番町２－１－１１０４,2023-06-23,株式会社
ＮＡＲＵＩ　Ｐｒｏｐｅｒｔｙ　Ｍａｎａｇｅｍｅｎｔ合同会社,東京都港区港南３丁目６番２１－２７０６号,2023-06-23,合同会社
ＮＥＯＴＥＣＫ　ＴＥＣＨＮＯＬＯＧＹ　ＬＩＭＩＴＥＤ,,2023-06-23,外国会社等
ＮＦＡ株式会社,東京都杉並区大宮２丁目４番２号,2023-06-23,株式会社
ＮＪ．フェミナス株式会社,大阪府大阪市城東区鴫野西４丁目１番３３号Ｗｅｌｆａｒｅ大阪京橋ビル,2023-06-23,株式会社
ＮＲ株式会社,千葉県印西市木下東２丁目１４－１７,2023-06-23,株式会社
Ｎｉｓｅｋｏ　Ｈｏｎｅｙ　Ｃｏｍｐａｎｙ株式会社,北海道虻田郡倶知安町ニセコひらふ一条３丁目５番４１号２Ｆ,2023-06-23,株式会社
ＰＡラボ合同会社,東京都渋谷区渋谷３丁目６－２エクラート渋谷５Ｆ,2023-06-23,合同会社
ＰＡＨ合同会社,愛知県名古屋市中区栄３丁目１２番６号ライオンズマンション栄８１１号室,2023-06-23,合同会社
ＰＡＴＥＬ　ＴＲＡＤＩＮＧ株式会社,栃木県小山市神山１丁目１番３５号いずみマンション２Ｅ,2023-06-23,株式会社
ＰＷＯベンチャー株式会社,東京都港区虎ノ門５丁目１１番１５号２Ｆ,2023-06-23,株式会社
Ｐｒｏｇｒｅｓｓｅｒ　Ｈｏｌｄｉｎｇ　ＪＰ株式会社,大阪府大阪市西成区鶴見橋１丁目６番１９号塩谷マンション３０１号,2023-06-23,株式会社
Ｒｏｂｏｔｉｃｓｗａｒｅ　Ｐｔｅ．Ｌｔｄ．,広島県広島市西区横川町１丁目６－１３,2023-06-23,外国会社等
Ｒｕｔｈ　ｉｎｔｅｒｎａｔｉｏｎａｌ合同会社,千葉県松戸市新松戸６丁目８４番地２オークヒルズ新松戸２０３号,2023-06-23,合同会社
ＳＡＫＵＲＡ　ＡＵＴＯ合同会社,栃木県小山市大字南和泉９５７番地２,2023-06-23,合同会社
ＳＥホールディングス株式会社,愛知県名古屋市名東区高間町５４４番地,2023-06-23,株式会社
ＳＧＱ合同会社,静岡県静岡市駿河区丸子６丁目３番５号,2023-06-23,合同会社
ＳＫ　ＴＲＡＤＩＮＧ株式会社,愛知県弥富市狐地１丁目３３番地,2023-06-23,株式会社
Ｓｈｅｎｚｈｅｎ　Ｈａｎｙｉｎｇ　Ｎｅｗ　Ｅｎｅｒｇｙ　Ｔｅｃｈｎｏｌｏｇｙ　Ｃｏ．，Ｌｔｄ．,,2023-06-23,外国会社等
Ｓｈｅｎｚｈｅｎ　Ｓｐｏｄａｇ　Ｔｅｃｈｎｏｌｏｇｙ　Ｃｏ．，Ｌｔｄ．,,2023-06-23,外国会社等
Ｓｈｏｎａｎ　Ｓｅｃｒｅｔ　Ｓｅｒｖｉｃｅ株式会社,神奈川県相模原市南区相模大野３丁目１５番１６号エヌケイビル１０２,2023-06-23,株式会社
Ｓｏｎｇｙｕａｎ　Ｌｉｎｓｅｎ　Ｎｅｔｗｏｒｋ　Ｔｅｃｈｎｏｌｏｇｙ　Ｃｏ．，Ｌｔｄ．,,2023-06-23,外国会社等
Ｓｕｎ株式会社,東京都杉並区天沼１丁目１番１４号,2023-06-23,株式会社
Ｔ‐ｌｉｆｅ合同会社,東京都江戸川区西葛西７丁目２２－２０,2023-06-23,合同会社
ＴＧＬ株式会社,新潟県柏崎市田塚２丁目２－２４,2023-06-23,株式会社
ＴＨＥ　ＤＹＮＡＭＩＣＳ合同会社,東京都豊島区池袋２丁目１３－７－３Ｆ見山店舗ビル,2023-06-23,合同会社
ＴＯＲＩＭＡ株式会社,静岡県静岡市清水区殿沢２丁目３番３７号,2023-06-23,株式会社
ＴＷＴ合同会社,東京都足立区新田３丁目３６－２ハートアイランド１２０１,2023-06-23,合同会社
Ｔｗｉｎ　Ｔｒｅｅ株式会社,東京都世田谷区代沢３丁目１番２号,2023-06-23,株式会社
Ｖ８ＴＲＡＤＥ株式会社,沖縄県中頭郡嘉手納町字水釜１０７番地,2023-06-23,株式会社
Ｗａｂｕ合同会社,東京都千代田区神田和泉町１番地６－１６ヤマトビル４０５,2023-06-23,合同会社
ＷａｒｍＷａｖｅ株式会社,東京都港区北青山２丁目７番２０号猪瀬ビル２Ｆ,2023-06-23,株式会社
ＹＭＳ　ＤＥＶＥＬＯＰＭＥＮＴ合同会社,大阪府大阪市西区南堀江３丁目６番１号西大阪ビルディング６０３号室,2023-06-23,合同会社
ｆｏｓｈａｎｓｈｉｊｉｎｇｈｕｉｈａｎｄｉａｎｚｉｓｈａｎｇｗｕｙｏｕｘｉａｎｇｏｎｇｓｉ,,2023-06-23,外国会社等
ｈａｉｋｏｕ　ｇｕｏｒｅｎｄｉａｎｚｉｓｈａｎｇｗｕ　ｙｏｕｘｉａｎｇｏｎｇｓｉ,,2023-06-23,外国会社等
ｍｉｙａｇｉ　ｍｏｔｏｙｏｓｈｉ　ｓｏｌａｒ合同会社,東京都中央区晴海１丁目８－１０晴海アイランドトリトンスクエアオフィスタワーＸ２５Ｆ,2023-06-23,合同会社
ｎｋｓ合同会社,東京都足立区扇１丁目１番１４号,2023-06-23,合同会社
ｑｕａｎｚｈｏｕｓｈｉｌｉｎｇｘｉｎｇｙｉｋｅｊｉｙｏｕｘｉａｎｇｏｎｇｓｉ,,2023-06-23,外国会社等
ｓｈｅｎｚｈｅｎ　ｐｕｒｕｉｓｉｄｉａｎｚｉｓｈａｎｇｗｕ　ｙｏｕｘｉａｎｇｏｎｇｓｉ,,2023-06-23,外国会社等
ｓｈｅｎｚｈｅｎ　ｓｈｉ　ｈｕｉ　ｙｉ　ｍａｎ　ｇｕａｎｇ　ｇａｏ　ｙｏｕ　ｘｉａｎ　ｇｏｎｇ　ｓｉ,,2023-06-23,外国会社等
ｓｈｅｎｚｈｅｎｓｈｉｇｅｌｅｋｅｊｉｙｏｕｘｉａｎｇｏｎｇｓｉ,,2023-06-23,外国会社等
ｓｈｅｎｚｈｅｎｚｈｏｎｇｑｉｎｇｊｉａｊｕｙｏｎｇｐｉｎｙｏｕｘｉａｎｇｏｎｇｓｉ,,2023-06-23,外国会社等
あがたマネジメントサービス合同会社,京都府宇治市宇治乙方４７番地,2023-06-26,合同会社
さくら坂税理士法人,東京都大田区田園調布本町５６番３号,2023-06-26,その他の設立登記法人
むろデン株式会社,愛知県日進市岩崎台２丁目１４２２番地,2023-06-26,株式会社
アイロン・マウンテン・ジャパン・データセンター合同会社,東京都千代田区霞が関３丁目２番６号東京倶楽部ビルディング１１階,2023-06-26,合同会社
アシェル鎌倉株式会社,神奈川県鎌倉市上町屋２２８番地１８,2023-06-26,株式会社
アスプラスパートナー株式会社,東京都中央区銀座１丁目１２－４,2023-06-26,株式会社
アリージェンス株式会社,愛知県名古屋市中区金山３丁目１５番２０号佐藤マンション６０２号,2023-06-26,株式会社
オカダ設備株式会社,愛知県名古屋市緑区桶狭間西８２５番地,2023-06-26,株式会社
ココリアン株式会社,埼玉県川口市中青木２丁目２１番地１番,2023-06-26,株式会社
コデザイン株式会社,神奈川県横浜市神奈川区栄町６番地１ロア参番館２０９号,2023-06-26,株式会社
サンライズ合同会社,東京都台東区元浅草３丁目８－１,2023-06-26,合同会社
ザ・セントラル団地管理組合法人,東京都昭島市もくせいの杜２丁目１０番２９号,2023-06-26,その他の設立登記法人
ジェーシュン興業株式会社,東京都江東区新大橋２丁目１５番２号ナイツブリッヂビル３０１,2023-06-26,株式会社
スタンダードプラス株式会社,東京都中央区銀座１丁目１５番４号７階,2023-06-26,株式会社
セイフリィ企画株式会社,奈良県香芝市瓦口１７３番地４－２０２,2023-06-26,株式会社
タウルスアセット・マネジメント株式会社,大阪府堺市堺区南島町１丁３６番地１３－１００４号,2023-06-26,株式会社
タントラ・ジャパン合同会社,東京都港区港南２丁目１６番１号品川イーストワンタワー４Ｆ,2023-06-26,合同会社
ダイナソルコンサルティング株式会社,東京都豊島区南大塚１丁目６０番２０号天翔大塚駅前ビル１２Ｆ,2023-06-26,株式会社
ティエイチイー株式会社,鹿児島県大島郡与論町大字立長２５０７番地,2023-06-26,株式会社
ビブチット合同会社,東京都品川区二葉２丁目１２番２号シティハイム西大井２０２号室,2023-06-26,合同会社
ビーエル・サービス株式会社,埼玉県川口市大字安行原２０８６番地の１－１０２号,2023-06-26,株式会社
フォーテック株式会社,大阪府大阪市住之江区浜口東２丁目７番２５号トクブチビル３Ｆ,2023-06-26,株式会社
フジタカ工業株式会社,兵庫県姫路市夢前町古知之庄２０７番地６,2023-06-26,株式会社
ブリック・レーン・パートナーズ合同会社,東京都千代田区丸の内２丁目１番１号,2023-06-26,合同会社
ブルーグリーンサービス株式会社,神奈川県川崎市多摩区菅仙谷３丁目１番１９－１０５号,2023-06-26,株式会社
プラスホーム株式会社,愛知県名古屋市中区金山３丁目１５番２０号佐藤マンション６０２号,2023-06-26,株式会社
マイファ株式会社,東京都中央区銀座１丁目１２番４号Ｎ＆ＥＢＬＤ．７階,2023-06-26,株式会社
ミックスアップ合同会社,東京都世田谷区玉川４丁目２６番６号,2023-06-26,合同会社
ユーシン株式会社,東京都町田市高ヶ坂６丁目１１番１７号,2023-06-26,株式会社
ライトシャフト株式会社,埼玉県吉川市美南２丁目１２番地１４,2023-06-26,株式会社
ロジオス株式会社,東京都大田区羽田５丁目３番１号スカイプラザオフィス１０階Ｂ,2023-06-26,株式会社
ロゼットリーフ株式会社,千葉県市川市宝１丁目１３番１２号,2023-06-26,株式会社
一本株式会社,福岡県太宰府市御笠１丁目１０－１１,2023-06-26,株式会社
一般社団法人こぐま会,千葉県千葉市中央区村田町１１８０番地,2023-06-26,その他の設立登記法人
一般社団法人みらいど,大阪府高槻市大冠町３丁目２１番２号,2023-06-26,その他の設立登記法人
一般社団法人ウェルネスビューティーライフ協会,大分県大分市高尾台１丁目１７番１２号,2023-06-26,その他の設立登記法人
一般社団法人ダイヤモンド,兵庫県西宮市上甲子園２丁目４番１２号,2023-06-26,その他の設立登記法人
一般社団法人プライベートビジネスオーナー協会,福岡県福岡市南区井尻２丁目１８番３６－４０８号,2023-06-26,その他の設立登記法人
一般社団法人大阪多民族キリスト教会,大阪府大阪市東成区大今里１丁目２１番６号サンあいＩ号館５０３号,2023-06-26,その他の設立登記法人
一般社団法人日本エアブラシ協会,東京都渋谷区富ヶ谷２丁目１６番１１－６０３号プラウドフラット代々木八幡,2023-06-26,その他の設立登記法人
一般社団法人日本バフ研磨協会,広島県広島市南区出汐１丁目６－１出汐レスト１階１０２号室,2023-06-26,その他の設立登記法人
一般社団法人日本中小企業ＤＣ支援協会,福岡県筑紫野市二日市北２丁目１８番５－９０１号,2023-06-26,その他の設立登記法人
一般社団法人日本発達障害学会,東京都北区中里１丁目９番１０－４０２号パレドール六義園北,2023-06-26,その他の設立登記法人
一般社団法人枕ラボ,鹿児島県枕崎市栄中町１６５番地,2023-06-26,その他の設立登記法人
一般社団法人生成ＡＩ活用普及協会,東京都千代田区神田岩本町１－５,2023-06-26,その他の設立登記法人
一般社団法人長崎県立西彼杵高等学校バレーボール部後援会,長崎県西海市大瀬戸町瀬戸西濱郷５９４番地９４,2023-06-26,その他の設立登記法人
一般社団法人ＢｕｄｄｈｉｓｍＡｓｈｒａｍ,愛知県江南市木賀本郷町西１５２番地,2023-06-26,その他の設立登記法人
一般社団法人ＤｅＳｃｉ　Ｊａｐａｎ,東京都千代田区神田神保町３丁目２１－７英弘ビル３Ｆ,2023-06-26,その他の設立登記法人
一般社団法人ＫＵＲＵ　ＫＵＲＵ,広島県安芸高田市向原町長田２７２８－１,2023-06-26,その他の設立登記法人
一般社団法人ｏｈａｎａ,奈良県葛城市八川１３５番地７,2023-06-26,その他の設立登記法人
万年青株式会社,大阪府大阪市生野区新今里３丁目２番８号ピンクパンサービル１階,2023-06-26,株式会社
三合株式会社,埼玉県さいたま市中央区大戸４丁目２０－１４,2023-06-26,株式会社
三永合同会社,東京都江東区大島４丁目１番１－８３０号,2023-06-26,合同会社
京葉労働教育協同組合,千葉県船橋市本町６丁目３－８－５０７号室,2023-06-26,その他の設立登記法人
千葉県電気工事工業組合　東金支部,千葉県東金市東岩崎１－５東金商工会館３階,2023-06-26,その他
千馳産業株式会社,神奈川県横浜市神奈川区橋本町２丁目５番地３コットンハーバータワーズＢＷ－３２０６,2023-06-26,株式会社
南大阪中央ファーム株式会社,大阪府四條畷市楠公２丁目５番２６号２Ｆ,2023-06-26,株式会社
南相馬空き家・空き地サポートセンター,福島県南相馬市原町区旭町１丁目４６－４,2023-06-26,その他
厚沢部風力開発株式会社,東京都千代田区霞が関３丁目２番５号,2023-06-26,株式会社
合勝商事株式会社,埼玉県越谷市大字平方９５０番地１,2023-06-26,株式会社
合同会社せいぶつ,兵庫県豊岡市元町５－５,2023-06-26,合同会社
合同会社せんじんケアサービス,東京都中央区明石町５－１３－５０８号,2023-06-26,合同会社
合同会社ぜんだあず,北海道北広島市大曲緑ヶ丘５丁目１０－８,2023-06-26,合同会社
合同会社といろ,広島県福山市坪生町３丁目２６番８号,2023-06-26,合同会社
合同会社ひばりコンサルタント,埼玉県新座市野火止４丁目１番１５－５１１号,2023-06-26,合同会社
合同会社めぐみ,大阪府高槻市緑町３番２９－１０１号,2023-06-26,合同会社
合同会社アセットＫ,大阪府堺市北区長曽根町３０８２番地５エンジェルズ・アイ２０２号,2023-06-26,合同会社
合同会社ウルル,埼玉県和光市白子１丁目２４番３３号,2023-06-26,合同会社
合同会社エイチ・ツー・オー,愛知県名古屋市千種区大島町１丁目４７番地,2023-06-26,合同会社
合同会社エスポワール,福岡県北九州市八幡西区本城４丁目６番１７号,2023-06-26,合同会社
合同会社オフィスサナエ,大阪府吹田市藤白台３丁目５番５－３０１号,2023-06-26,合同会社
合同会社ガネーシャ,東京都調布市多摩川１丁目３８－１ブレスマーク調布多摩川３１８,2023-06-26,合同会社
合同会社サイネットワークス,千葉県松戸市西馬橋幸町４１番地第２グリーンハイツ５０６号,2023-06-26,合同会社
合同会社シルクロイリス,三重県伊勢市上野町２０６２－６５,2023-06-26,合同会社
合同会社スピリトオゾ,東京都荒川区南千住６丁目４３番３－８０３号,2023-06-26,合同会社
合同会社チコット,静岡県焼津市本町３丁目１番１号,2023-06-26,合同会社
合同会社パロサント,埼玉県さいたま市南区文蔵１丁目１２－１２ローレルコート南浦和４０９,2023-06-26,合同会社
合同会社ビイビイシステム,新潟県長岡市古正寺１丁目３０７３番地－９０５サーパス古正寺９０５号室,2023-06-26,合同会社
合同会社ペーチカ,東京都府中市矢崎町４丁目１大東京綜合卸売りセンター内,2023-06-26,合同会社
合同会社マサツグミート,大分県日田市大字十二町４６３番地１,2023-06-26,合同会社
合同会社ミレリザイア,東京都北区滝野川７丁目２６番１４号,2023-06-26,合同会社
合同会社モエ・アポ,北海道札幌市厚別区厚別中央五条４丁目１２番１号若草物語１０１号室,2023-06-26,合同会社
合同会社ラパンサービス,神奈川県横浜市南区別所中里台２１番１３号,2023-06-26,合同会社
合同会社ヴレアープ,埼玉県川口市桜町３丁目３番１６号,2023-06-26,合同会社
合同会社一,大阪府大阪市福島区福島２丁目１０番２２号,2023-06-26,合同会社
合同会社光州,大阪府大阪市中央区高津２丁目３番２０号１階,2023-06-26,合同会社
合同会社愛京訪問看護ステーション謝恩,福岡県久留米市北野町十郎丸１８７６番７号,2023-06-26,合同会社
合同会社憂新住宅,福岡県福岡市早良区次郎丸６丁目１０番１１－１０３号,2023-06-26,合同会社
合同会社熊本サービス,熊本県熊本市中央区京町２丁目３番３４号,2023-06-26,合同会社
合同会社結,愛知県名古屋市千種区大島町１丁目４７番地,2023-06-26,合同会社
合同会社関西エナジー１,京都府京都市中京区西ノ京西中合町５９－３宏栄ビル２Ｆ,2023-06-26,合同会社
合同会社関西エナジー２,京都府京都市中京区西ノ京西中合町５９－３宏栄ビル２Ｆ,2023-06-26,合同会社
合同会社７ａｐｐｌｅ,東京都千代田区岩本町２丁目１６番４号４０１,2023-06-26,合同会社
合同会社ＡＢリアルエステート,東京都品川区東品川１丁目３番１５号ｔｈｅＤＯＣＫ,2023-06-26,合同会社
合同会社ＡＲＣ＆Ｃｏ．,大阪府大阪市中央区平野町３丁目１番６号ビズミックス淀屋橋１０１,2023-06-26,合同会社
合同会社Ｃ＆Ｃ,大阪府大阪市浪速区敷津西２丁目１３－２,2023-06-26,合同会社
合同会社ＣＵＣＵ,東京都中央区晴海３丁目１３番１－９０２号,2023-06-26,合同会社
合同会社Ｃｈａｐｔｅｒ,兵庫県神戸市中央区山本通２丁目９番１９号,2023-06-26,合同会社
合同会社Ｃｏｕｎｔ９,北海道札幌市中央区南十七条西１３丁目１番３６号,2023-06-26,合同会社
合同会社Ｆ・Ｌ・Ｃ,大阪府河内長野市天野町６８２番地の１,2023-06-26,合同会社
合同会社Ｆｏｒｔｕｎａ　ｌｅｇａｍｉ,福岡県北九州市小倉南区沼緑町３丁目１６番１２号,2023-06-26,合同会社
合同会社ＧＲＡＮＳＩＴＥ,東京都千代田区内神田２丁目４番３号ＧＲＡＮＳＩＴＥＯＴＥＭＡＣＨＩ９０１号,2023-06-26,合同会社
合同会社Ｇｉｆｔ３６５,福島県郡山市深沢２丁目６番２４号,2023-06-26,合同会社
合同会社Ｉ‐Ｐｌａｎｎｉｎｇ,東京都板橋区宮本町１５番２－３０５号,2023-06-26,合同会社
合同会社ＩＭＣ,埼玉県さいたま市西区大字西遊馬２７０－１,2023-06-26,合同会社
合同会社Ｉｎａｄａ,京都府長岡京市神足２丁目８－１７レジデンス野上２０８,2023-06-26,合同会社
合同会社ＪＥＡＮＮＥ,福岡県福岡市博多区博多駅東１丁目１番２５号宝ビル２階,2023-06-26,合同会社
合同会社Ｋ２,岐阜県多治見市平野町１丁目１０番地の１６,2023-06-26,合同会社
合同会社ＬＯＧＩ　ＦＬＡＧ８号,東京都中央区日本橋１丁目４番１号,2023-06-26,合同会社
合同会社Ｍ．ＢＲＯＴＨＥＲＳ,埼玉県狭山市笹井１丁目１５－１２－１０２号室けやきマンション２,2023-06-26,合同会社
合同会社ＭＡＮＡＴＥＡ,東京都千代田区二番町１－２番町ハイム７１６号室,2023-06-26,合同会社
合同会社ＭＯＯＮ,滋賀県草津市南草津５丁目６番地９,2023-06-26,合同会社
合同会社ＮＢ,大阪府大阪市平野区加美正覚寺２丁目１０番２６号,2023-06-26,合同会社
合同会社ＮＥＴ　ＺＥＲＯ　ＩＮＶＥＳＴＭＥＮＴ２号,東京都中央区築地３丁目１１番６号築地スクエアビル９階,2023-06-26,合同会社
合同会社ＮＥＴ　ＺＥＲＯ　ＩＮＶＥＳＴＭＥＮＴ３号,東京都中央区築地３丁目１１番６号築地スクエアビル９階,2023-06-26,合同会社
合同会社ＮＥＴ　ＺＥＲＯ　ＩＮＶＥＳＴＭＥＮＴ４号,東京都中央区築地３丁目１１番６号築地スクエアビル９階,2023-06-26,合同会社
合同会社ＮＥＴ　ＺＥＲＯ　ＩＮＶＥＳＴＭＥＮＴ５号,東京都中央区築地３丁目１１番６号築地スクエアビル９階,2023-06-26,合同会社
合同会社ＮＧＵ,埼玉県北葛飾郡杉戸町大字大島５３３番地６,2023-06-26,合同会社
合同会社ＮＯＢＬＥ,熊本県熊本市中央区下通１丁目１１番２１号ロフティ西銀座会館ビル４階ＡＢ号室,2023-06-26,合同会社
合同会社Ｎｅｗｂｉｅ,宮崎県宮崎市大字浮田１００９番地５,2023-06-26,合同会社
合同会社Ｏｆｆｉｃｅ　Ｌａｎｄｉｎｇ２３,東京都港区北青山１丁目３番１号アールキューブ青山３階,2023-06-26,合同会社
合同会社Ｏｎｅ　Ａｄｄｉｔｉｏｎ,大阪府大阪市北区梅田１丁目２番２号大阪駅前第２ビル１２－１２,2023-06-26,合同会社
合同会社ＲＡインベストメント,大阪府大阪市中央区北浜１丁目９番１０号北浜宗田ビル５０２,2023-06-26,合同会社
合同会社ＲＥ創建築,熊本県菊池郡菊陽町大字津久礼２３２８番地１コンフォート三里木Ａ棟２０５号,2023-06-26,合同会社
合同会社ＲＳＳ,東京都足立区千住桜木１丁目３番３－３０３号,2023-06-26,合同会社
合同会社Ｒｉｐｐｌｅｓ,埼玉県越谷市レイクタウン５丁目１３番地４ソレイユ啓耀３０３,2023-06-26,合同会社
合同会社ＳＤテクニカルサービス,東京都江戸川区興宮町１８番１４－１０１号,2023-06-26,合同会社
合同会社Ｓｔａｒｔ　Ｌｉｎｅ,東京都文京区本郷５丁目３２番２１－２０１号,2023-06-26,合同会社
合同会社ＴＵＯＮＧ　ＳＡＮ,大分県国東市国東町浜崎２５３５－３－Ⅱ２０２号,2023-06-26,合同会社
合同会社ＹＡＥ,大阪府大阪市北区梅田１丁目２番２号大阪駅前第２ビル１２－１２,2023-06-26,合同会社
合同会社ＹＨＳＧ,神奈川県川崎市麻生区万福寺５丁目２０番２０－５０３号菱興百合ヶ丘マンション,2023-06-26,合同会社
合同会社ｂａｂ,東京都町田市忠生２丁目２７番地５０,2023-06-26,合同会社
合同会社ｄａｇｍａ,長崎県長崎市千々町９０８番地２,2023-06-26,合同会社
合同会社ｔｏｍｏｎｉ,東京都渋谷区神泉町１０番１５号,2023-06-26,合同会社
合同会社ｖｉｓｉｔｏｒ,埼玉県入間郡三芳町大字藤久保３４９番地７５,2023-06-26,合同会社
味夢の畑株式会社,京都府船井郡京丹波町須知色紙田２３番地１,2023-06-26,株式会社
啓強株式会社,東京都北区西ケ原１丁目４３番４－３０１号アイランダー駒込,2023-06-26,株式会社
大連国上塑料有限公司,福岡県北九州市小倉北区浅野３丁目８番１号ＡＩＭビル６階,2023-06-26,外国会社等
威林株式会社,東京都中央区佃３丁目２番１２－２０６号,2023-06-26,株式会社
弁護士法人米子東町法律事務所,鳥取県米子市東町２９６番地,2023-06-26,その他の設立登記法人
成田一般社団法人,東京都港区元赤坂１丁目１番８号株式会社赤坂国際会計内,2023-06-26,その他の設立登記法人
新希望株式会社,東京都中央区東日本橋２丁目３番２－８０２号,2023-06-26,株式会社
日創合同会社,熊本県熊本市中央区渡鹿６丁目１－６２ＥＥＬⅡ２階２０２号室,2023-06-26,合同会社
日本キリスト改革派那覇教会,沖縄県豊見城市字我那覇２８２番地の２,2023-06-26,その他の設立登記法人
景昇国際株式会社,東京都品川区南大井３丁目３０番１－１００２号,2023-06-26,株式会社
東急鎌倉城廻ハイム管理組合,神奈川県鎌倉市城廻５０２番地,2023-06-26,その他
東興業株式会社,千葉県船橋市夏見２丁目５番３－４号,2023-06-26,株式会社
東葉コンサルタント株式会社,東京都港区芝２丁目２８番１１号芝ＭＫビル３階ＬｉｎｋＳｐａｃｅＡ３０３号室,2023-06-26,株式会社
松岭株式会社,東京都中央区勝どき５丁目３番１－３８１８号,2023-06-26,株式会社
栄海発展株式会社,大阪府大阪市旭区今市１丁目２－５カルム千林５０１号室,2023-06-26,株式会社
株式会社あすパブリッシング,東京都千代田区神田和泉町１番地６－１６ヤマトビル４０５,2023-06-26,株式会社
株式会社あらた,東京都大田区池上４丁目３０番１２号第６朝日ビル１０４,2023-06-26,株式会社
株式会社あんしんドットコム,東京都渋谷区渋谷２丁目１５番１号,2023-06-26,株式会社
株式会社うわさ,東京都立川市羽衣町１丁目１９番２７号－２０５号,2023-06-26,株式会社
株式会社ここん,神奈川県横浜市都筑区勝田南２丁目７番１４号さつきハイツ１０１号,2023-06-26,株式会社
株式会社ごこう,埼玉県和光市白子２丁目２３番４５号,2023-06-26,株式会社
株式会社さくや,愛知県安城市大東町２番１号ゼルクシティ安城ＳＡ－３０１,2023-06-26,株式会社
株式会社しのはらんど,広島県広島市西区井口３丁目２１番１９号,2023-06-26,株式会社
株式会社すずらん,愛知県名古屋市中川区中島新町２丁目１１１６番地の２,2023-06-26,株式会社
株式会社はなどう,京都府宇治市小倉町南浦１８番地の１１,2023-06-26,株式会社
株式会社みずいろでいず,東京都新宿区新宿７丁目２６番６１号カーサＫＨ１０１,2023-06-26,株式会社
株式会社めしや大磯港,神奈川県中郡大磯町大磯１３９８番地１８,2023-06-26,株式会社
株式会社やしさん,愛知県名古屋市瑞穂区浮島町１２番１００２号（瑞穂センチュリーマンション）,2023-06-26,株式会社
株式会社やまと板金,北海道札幌市白石区川下四条２丁目１番６号,2023-06-26,株式会社
株式会社アウルコーポレーション,大阪府大阪市西区新町１丁目１４番２１－２３０５号,2023-06-26,株式会社
株式会社アゲイン,鳥取県米子市目久美町２３番地７,2023-06-26,株式会社
株式会社アフェット,大阪府大阪市住之江区粉浜３丁目１３番９－３０９号,2023-06-26,株式会社
株式会社アン,広島県広島市南区段原日出１丁目１２番１８－３０２号,2023-06-26,株式会社
株式会社アーバンインターナショナル,東京都渋谷区代々木２丁目２３番１号,2023-06-26,株式会社
株式会社イマジン,新潟県上越市大豆１丁目４番３号メゾン四季１０２号,2023-06-26,株式会社
株式会社ウェルビーイング,神奈川県横浜市金沢区柴町３２番地１２４,2023-06-26,株式会社
株式会社エフ企画,熊本県下益城郡美里町永富２３５４番地,2023-06-26,株式会社
株式会社エム,大阪府寝屋川市上神田２丁目３番２１号,2023-06-26,株式会社
株式会社エム企画,北海道岩内郡岩内町字野束２７２番地６,2023-06-26,株式会社
株式会社オオホリ,埼玉県さいたま市桜区道場２丁目１１番２９号ヴィラＳａｋｕｒａＡ１０３,2023-06-26,株式会社
株式会社オクタコード,埼玉県春日部市南４丁目２５番１１号,2023-06-26,株式会社
株式会社オリーブコート,大阪府大阪市東淀川区下新庄４丁目２１番Ｂ－１０３号,2023-06-26,株式会社
株式会社オルハ,東京都荒川区東日暮里４丁目２７番１１号Ｎｏ．１０１５,2023-06-26,株式会社
株式会社カカオブイエックス,東京都中央区勝どき４丁目１１番１０号３０１号室,2023-06-26,外国会社等
株式会社カート企画,神奈川県相模原市中央区緑が丘２丁目１４番６号,2023-06-26,株式会社
株式会社キャリアサポート,京都府京都市北区小山元町４８番地,2023-06-26,株式会社
株式会社キャリアデザイン,大阪府吹田市広芝町１０番８号江坂董友ビル３０６号室,2023-06-26,株式会社
株式会社ギョウフリｇｒｏｕｐ,熊本県熊本市中央区坪井４丁目８－１３,2023-06-26,株式会社
株式会社クリエイティクス,富山県富山市東富山寿町２丁目６番１６号,2023-06-26,株式会社
株式会社グラム,兵庫県神戸市東灘区深江北町４丁目１１番２４号,2023-06-26,株式会社
株式会社グリーンステージ,福岡県福岡市西区姪の浜３丁目２９番８－６０２号,2023-06-26,株式会社
株式会社グローバルインテリジェンストレーディング,東京都町田市小山町５００７番地１４,2023-06-26,株式会社
株式会社グローリアス西湘,東京都町田市小野路町２８５３番地の１,2023-06-26,株式会社
株式会社サウナデニホンイチ,東京都渋谷区道玄坂１丁目１０番８号渋谷道玄坂東急ビル２Ｆ－Ｃ,2023-06-26,株式会社
株式会社シェイプス,大阪府大阪市北区天満４丁目１６番１７号,2023-06-26,株式会社
株式会社シスピタ,愛知県稲沢市高御堂４丁目１１番地１,2023-06-26,株式会社
株式会社ショーアップオン,神奈川県川崎市川崎区浅田３丁目１９番５号コーポＳａ２０２,2023-06-26,株式会社
株式会社スカイエンジニアリング,兵庫県神戸市東灘区向洋町中１丁目１７番地アジアワンセンター,2023-06-26,株式会社
株式会社スマートセレクト,東京都町田市金井ヶ丘１丁目１０番１号,2023-06-26,株式会社
株式会社スムーズライフ,東京都新宿区大久保２丁目１８番１０号新宿スカイプラザ７０７号室,2023-06-26,株式会社
株式会社スモールステップ,大阪府大阪市東淀川区東淡路５丁目９番２号,2023-06-26,株式会社
株式会社セントラルジャパン１,大阪府高槻市京口町１１番１５号,2023-06-26,株式会社
株式会社ソーシャルスタイル,愛知県岡崎市矢作町字市場３１番地４,2023-06-26,株式会社
株式会社タイムトゥーイート,東京都新宿区西新宿３丁目３番１３号西新宿水間ビル６階,2023-06-26,株式会社
株式会社タイヨウ,和歌山県和歌山市西庄１０１６番地,2023-06-26,株式会社
株式会社ダイトサービス,群馬県藤岡市下大塚４７０番地,2023-06-26,株式会社
株式会社チョイス,大阪府大阪市浪速区幸町１丁目２番９号,2023-06-26,株式会社
株式会社トラスト,愛知県名古屋市中区錦３丁目１９番１０号,2023-06-26,株式会社
株式会社ハイジ,鹿児島県曽於市大隅町中之内７３２３番地１,2023-06-26,株式会社
株式会社ハヤシ建設工業,京都府京都市西京区大原野上里南ノ町５４４番地の３,2023-06-26,株式会社
株式会社バーベルラジオ,神奈川県横須賀市芦名２丁目６－１,2023-06-26,株式会社
株式会社パワーバンクネクスト大分,大分県国東市国東町重藤２０１１番地,2023-06-26,株式会社
株式会社ファッションファネル,東京都千代田区岩本町１丁目３番１号神田ビジネスセンターＴＨＥ・ＨＵＢ神田ＥＡＳＴ・３Ｇ,2023-06-26,株式会社
株式会社ファーストクリエイト,東京都千代田区外神田６丁目５番１１号,2023-06-26,株式会社
株式会社フィラメント,東京都中央区銀座７丁目１３番２１号銀座新六洲ビル２階,2023-06-26,株式会社
株式会社フォーネクスト,大阪府大阪市港区弁天１丁目２－１大阪ベイタワー１４階,2023-06-26,株式会社
株式会社フューチャーワーク,東京都町田市小野路町２８５３番地の１,2023-06-26,株式会社
株式会社プラス,千葉県市原市馬立８１８番地,2023-06-26,株式会社
株式会社プレミックス,東京都墨田区錦糸２丁目１３番３号内山ビル１Ｆ,2023-06-26,株式会社
株式会社ベースボールアカデミー福島,福島県郡山市堤下町１３番８号,2023-06-26,株式会社
株式会社マトイ,福島県郡山市富久山町久保田字石鼻３９番地,2023-06-26,株式会社
株式会社マルユウ,東京都足立区小台２丁目３番２１－２１１号,2023-06-26,株式会社
株式会社ミツワ,東京都江東区扇橋２丁目１２番２号岡野ビル４０１,2023-06-26,株式会社
株式会社ミライノチカラ,千葉県茂原市萱場３６１１番地,2023-06-26,株式会社
株式会社ムートン,鹿児島県霧島市霧島田口２６３８番地３２１,2023-06-26,株式会社
株式会社ライフライン,山口県光市大字三輪９１３番地６,2023-06-26,株式会社
株式会社ラディショナル,東京都大田区大森北５丁目９番１１号濱崎屋ビル２Ｆ,2023-06-26,株式会社
株式会社ラビリス,大阪府大阪市淀川区西中島３丁目１１番２４号新大阪第１１山よしビル８階,2023-06-26,株式会社
株式会社リジェネ,岐阜県岐阜市加納栄町通７丁目２４,2023-06-26,株式会社
株式会社ワイケイアシスト,東京都小平市学園西町２丁目２４－１７－１０２,2023-06-26,株式会社
株式会社三成開発,熊本県熊本市北区津浦町４４－５,2023-06-26,株式会社
株式会社中総建,奈良県吉野郡黒滝村大字寺戸３０８番地,2023-06-26,株式会社
株式会社仲設備,大阪府大阪市西淀川区竹島３丁目２－４,2023-06-26,株式会社
株式会社伊藤,愛知県日進市梅森町上松３２６番地,2023-06-26,株式会社
株式会社創夢,熊本県熊本市北区高平１丁目３７番２２号,2023-06-26,株式会社
株式会社原,愛知県名古屋市守山区小幡南２丁目１４番１７号グランコンフォール１０１号,2023-06-26,株式会社
株式会社友認,大阪府大阪市中央区宗右衛門町２番３号美松ビル３階,2023-06-26,株式会社
株式会社和なは,東京都中央区銀座１丁目２２番１１号銀座大竹ビジデンス２Ｆ,2023-06-26,株式会社
株式会社地域創生事業マネジメント,東京都豊島区西池袋１丁目４番１０号,2023-06-26,株式会社
株式会社大和まほろば産業,奈良県宇陀市榛原角柄７８番地の２,2023-06-26,株式会社
株式会社大商商事,埼玉県川口市南町２丁目６番６６号,2023-06-26,株式会社
株式会社尺間嶽麦酒,大分県佐伯市大手町３丁目５番７号,2023-06-26,株式会社
株式会社帝王,大阪府大阪市北区芝田１丁目１０番１０号,2023-06-26,株式会社
株式会社廣虎,大分県大分市大字里２４７５番地の１２６,2023-06-26,株式会社
株式会社日照堂コネクト,埼玉県草加市谷塚町１１７９番地２６,2023-06-26,株式会社
株式会社明水,兵庫県尼崎市南武庫之荘５丁目２５番１４ー２０２号,2023-06-26,株式会社
株式会社有明,東京都江東区北砂４丁目７番９号陽光ハイム北砂１０１,2023-06-26,株式会社
株式会社未来産業,東京都立川市一番町４丁目３５番地の１１,2023-06-26,株式会社
株式会社桜美,北海道札幌市東区東苗穂十二条３丁目１９番２１号,2023-06-26,株式会社
株式会社樹澄,静岡県静岡市駿河区向敷地５丁目１０番６７号ベルフラッツ１０１号,2023-06-26,株式会社
株式会社母原の丘,福岡県北九州市小倉南区大字母原５６番地１４,2023-06-26,株式会社
株式会社潤徳,東京都練馬区関町南３丁目２８番１７号ホワイト富士２階,2023-06-26,株式会社
株式会社真海,福島県郡山市大槻町字中野３１番地の１,2023-06-26,株式会社
株式会社石井事務所,神奈川県川崎市幸区小倉３丁目１７番３７号,2023-06-26,株式会社
株式会社結,神奈川県相模原市中央区氷川町４番３号,2023-06-26,株式会社
株式会社翔聖興業,熊本県熊本市北区楠７丁目７番５号１００１号室,2023-06-26,株式会社
株式会社職の教科書,愛知県名古屋市名東区藤森１丁目２番地,2023-06-26,株式会社
株式会社豊平区,北海道札幌市中央区南三条西８丁目１２番１０号,2023-06-26,株式会社
株式会社鐵建,岐阜県羽島市竹鼻町字下町３００６番１,2023-06-26,株式会社
株式会社鳳雛,福岡県柳川市大和町栄４９０番地２,2023-06-26,株式会社
株式会社４ピース・コミュニケーションズ,山口県萩市大字東田町１４番地１ＴＫビル１階,2023-06-26,株式会社
株式会社ＡＢＵＮＤＡＮＣＥ,大阪府大阪市北区西天満３丁目４番５－６０１号,2023-06-26,株式会社
株式会社ＡＥＧＩＳ,埼玉県三郷市鷹野４丁目１０７番地１０,2023-06-26,株式会社
株式会社ＡＬＴＥＲＮＡＴＩＶＥ　ＡＲＴ,東京都三鷹市下連雀３丁目３４番１５号アトラス三鷹レジデンス３０４,2023-06-26,株式会社
株式会社ＡＭＬＯＴ,香川県高松市出作町４９７番地１１,2023-06-26,株式会社
株式会社ＡＱＵＡ,神奈川県平塚市紅谷町８－１６,2023-06-26,株式会社
株式会社ＡＳＫＫ,東京都目黒区下目黒２丁目３番７－６１０号パークナード目黒,2023-06-26,株式会社
株式会社Ａｋｉｍｏｔｏ,福島県田村市大越町下大越字町２８番地２,2023-06-26,株式会社
株式会社Ａｍｅｈａ,千葉県柏市戸張１３１４番地９,2023-06-26,株式会社
株式会社Ａｒｃｔｅｃｈ,北海道札幌市北区新琴似十条９丁目５番７号,2023-06-26,株式会社
株式会社Ａｒｍｏｒ　Ｔｅｃｈ　Ｌａｂ,神奈川県川崎市麻生区王禅寺西２丁目１４番１０号,2023-06-26,株式会社
株式会社Ａｓｓｉｓｔ　Ｃａｒ　Ｌｉｆｅ,三重県亀山市下庄町６６０番地１０,2023-06-26,株式会社
株式会社Ｃ‐Ａｂｉｒｉｔｉ,東京都千代田区神田須田町１丁目７番地ＫＤＸレジデンス秋葉原Ⅱ１００４号,2023-06-26,株式会社
株式会社ＣＯＮＮＥＣＴ,岡山県岡山市南区福田１１－１グレイスホームＡ棟１０２,2023-06-26,株式会社
株式会社Ｃｉｅｌ,東京都港区北青山３丁目９－１２セイジュンビル１Ｆ,2023-06-26,株式会社
株式会社Ｃｏｌｏｒ,東京都千代田区二番町９番地３,2023-06-26,株式会社
株式会社Ｃｏｎｔｅ　Ｂｌｅｕ,東京都目黒区上目黒２丁目１９番２５号ケイトガーデン１０３号室,2023-06-26,株式会社
株式会社Ｃｒｏｓｓ,鹿児島県曽於市大隅町中之内７０５３番地２,2023-06-26,株式会社
株式会社ＤＳＫ,愛知県春日井市白山町３丁目１１番地１８,2023-06-26,株式会社
株式会社ＥＩＷＡ　ＳＥＣＵＲＩＴＹ　ＳＥＲＶＩＣＥ,東京都杉並区堀ノ内２丁目１１番３２号栄和清運本社ビル３階,2023-06-26,株式会社
株式会社ＥＴＳ,神奈川県横浜市中区本牧大里町９－２３－３１２,2023-06-26,株式会社
株式会社Ｅｄｇｅ,神奈川県横浜市港南区日野南５丁目２－１－３０９,2023-06-26,株式会社
株式会社ＦＵＪＩ,岐阜県揖斐郡池田町藤代３５８番地の４７,2023-06-26,株式会社
株式会社Ｆａｍｉｌｉｏ,東京都渋谷区神宮前６丁目２３番４号桑野ビル２階,2023-06-26,株式会社
株式会社Ｆｅｌｉｘｉａ,東京都豊島区北大塚２丁目１６番９号ライオンズマンション大塚１００２,2023-06-26,株式会社
株式会社Ｆｉｎｅ　Ａｒｔ,東京都目黒区五本木３丁目２９番５号,2023-06-26,株式会社
株式会社ＧＲＥＥＮ‐ＣＯＮＮＥＣＴ,福岡県福岡市中央区舞鶴１丁目８－２６－１０２７号,2023-06-26,株式会社
株式会社Ｇｉｐｔ,東京都中央区八丁堀４丁目８番７－２０２号,2023-06-26,株式会社
株式会社Ｇｒｅｅｎ　Ａｌｉｃｅ,埼玉県所沢市東町１２番１０号,2023-06-26,株式会社
株式会社Ｇｒｏｎ,大阪府大阪市西区江戸堀２丁目１－１江戸堀センタービルＢ１、２８号室,2023-06-26,株式会社
株式会社ＨＡＲＸ,東京都墨田区業平１丁目１２番７－２０４号,2023-06-26,株式会社
株式会社ＨＥＲＢＡＮＩＣ,大阪府大阪市西区江戸堀２丁目１番１号江戸堀センタービル,2023-06-26,株式会社
株式会社ＨＥＳＴＩＡＴＨ,大阪府箕面市新稲７丁目７番１３号,2023-06-26,株式会社
株式会社ＩＳＤ,長崎県大村市池田２丁目２６７番地３,2023-06-26,株式会社
株式会社ＪＨＭ,佐賀県武雄市東川登町大字袴野１０８２２番地１,2023-06-26,株式会社
株式会社ＪＳＤ,埼玉県白岡市西１０丁目１３番２９,2023-06-26,株式会社
株式会社ＪＹＯＮＥＴＳ企画,福岡県中間市中央１丁目４－１２,2023-06-26,株式会社
株式会社ＫＡＦＵＫＵ,愛知県弥富市楠１丁目３８番地,2023-06-26,株式会社
株式会社ＫＯＫＯＲＯ,大阪府豊中市曽根東町３丁目５番３号コマウイング５０３号,2023-06-26,株式会社
株式会社ＬＧコンサルティング,東京都荒川区西日暮里２丁目２２－１－３４０１,2023-06-26,株式会社
株式会社ＬＩＮＫ９,東京都港区麻布台３丁目１番６号３Ｆ,2023-06-26,株式会社
株式会社ＬＩＶＯ,東京都渋谷区渋谷２丁目２４番１３号３９階,2023-06-26,株式会社
株式会社ＬＯＨＡＳ,熊本県山鹿市鹿本町来民１０７３－９,2023-06-26,株式会社
株式会社ＬＯＫＩＡＲ,東京都新宿区西新宿３丁目３番１３号西新宿水間ビル６階,2023-06-26,株式会社
株式会社ＬＵＭＩＺＥ,東京都目黒区五本木２丁目１５番９号,2023-06-26,株式会社
株式会社ＬＵＸＬＥ,兵庫県豊岡市城崎町湯島６７５番地の２,2023-06-26,株式会社
株式会社Ｌｉｆｅ　Ｍａｎａｇｅｍｅｎｔ,大阪府大阪市中央区瓦町４丁目３番２号本町ＵＭビル３階,2023-06-26,株式会社
株式会社Ｍ’ｓ,茨城県神栖市神栖２丁目３番３２号,2023-06-26,株式会社
株式会社Ｍコンストラクト,東京都調布市緑ケ丘１丁目４５番地５０,2023-06-26,株式会社
株式会社ＭＩＵ,沖縄県石垣市字石垣２７０番地６,2023-06-26,株式会社
株式会社ＭＱＳ,埼玉県白岡市西１丁目１５番８,2023-06-26,株式会社
株式会社ＭＲ　ＥＮＴＥＲＴＡＩＮＭＥＮＴ,東京都新宿区新宿６丁目２７番２９－２９０８号,2023-06-26,株式会社
株式会社ＭＹ‐Ｒ,神奈川県横浜市神奈川区神大寺２丁目１１－５－３０３グリーンハイツ神大寺Ⅱ,2023-06-26,株式会社
株式会社Ｎ’ｓ　Ｃｏｒｐｏｒａｔｉｏｎ,東京都中野区新井５丁目１９番４号,2023-06-26,株式会社
株式会社ＮＥＸＴＷＡＶＥ,大阪府大阪市北区中津４丁目６－５キャッスル中津４Ａ,2023-06-26,株式会社
株式会社ＮＯＢＬＥ,東京都中央区晴海２丁目３番２‐４６０３号,2023-06-26,株式会社
株式会社Ｎｕｍｂｅｒ　Ａｒｔ,東京都墨田区太平２丁目４番８号,2023-06-26,株式会社
株式会社ＯＴＯＷＡ　ＬＡＢＯ,東京都文京区音羽１丁目２０番１４号,2023-06-26,株式会社
株式会社Ｏｎｅ　ｔｏ　Ｏｎｅ　ＧＯＬＦ,東京都中央区築地２丁目１５番１５号セントラル東銀座８０１,2023-06-26,株式会社
株式会社ＯｎｅＡｒｃ,大阪府交野市私部６丁目２６番２号,2023-06-26,株式会社
株式会社ＰＧＸ　Ｈｅａｌｔｈｃａｒｅ,大阪府大阪市中央区道修町３丁目２番５号,2023-06-26,株式会社
株式会社Ｐａｃｅ,香川県高松市多肥上町７９８番地１４,2023-06-26,株式会社
株式会社Ｐｌａｔｆｏｒｍ　Ｓｋｙ,東京都港区南青山２丁目３番３号１２０５,2023-06-26,株式会社
株式会社ＱｕＡＲＴｓ,東京都豊島区巣鴨３丁目１４番２９号,2023-06-26,株式会社
株式会社Ｒ,愛知県名古屋市中区錦３丁目１８番１３号アミューズ錦５Ｆ,2023-06-26,株式会社
株式会社ＲＡＬＯＶＥＲ,愛知県あま市七宝町鯰橋６丁目９５番地,2023-06-26,株式会社
株式会社ＲＩＳＥ,鹿児島県薩摩川内市中郷１丁目１２番２７号オリーブハウスＡ１０２,2023-06-26,株式会社
株式会社ＲＵＩＳＯＦＴ,埼玉県蕨市塚越１丁目６番１０号蕨第５サニーコート８０１号,2023-06-26,株式会社
株式会社Ｒａｉｏｓｅ,神奈川県川崎市中原区木月３丁目２８番６－１号,2023-06-26,株式会社
株式会社Ｒｉｒｅ,大阪府大阪市中央区大手通３丁目３番３号日宝東本町ビルＢＦ３号室,2023-06-26,株式会社
株式会社ＳＡＣＵ,北海道小樽市桜３丁目２０番２号,2023-06-26,株式会社
株式会社ＳＫＴ　Ｃｏｒｐｏｒａｔｉｏｎ,大阪府大阪市西成区千本中１丁目１番１号エムズ岸里９０６,2023-06-26,株式会社
株式会社ＳＵＮＩ,福岡県北九州市若松区塩屋４丁目１番４－２０１号,2023-06-26,株式会社
株式会社Ｓｎａｃｋ　Ｐａｃｋ,東京都中央区銀座１丁目１２番４号Ｎ＆ＥＢＬＤ．７階,2023-06-26,株式会社
株式会社ＴＡＰＥＴＵＭ,愛知県名古屋市中区栄３丁目１１番１５号,2023-06-26,株式会社
株式会社ＴＢＣ,福岡県福岡市東区奈多１丁目９番１０号,2023-06-26,株式会社
株式会社ＴＥＲＭＩＮＵＳ,東京都江戸川区中葛西３丁目１１番８号,2023-06-26,株式会社
株式会社ＴＨＥ　ＭＯＮＤＯ,愛知県名古屋市中区錦１丁目３番２８号プラセシオン名古屋伏見９０４号,2023-06-26,株式会社
株式会社ＴｅｅＰｅｅ,鳥取県米子市福市８６０－１,2023-06-26,株式会社
株式会社ＵＮＩＱＵＥ　ＬＡＮＫＡ,神奈川県綾瀬市吉岡字山崎２５１１番１,2023-06-26,株式会社
株式会社ＵＮＴＯＵＣＨＡＢＬＥ　ＰＲＯＭＯＴＩＯＮ,東京都大田区南馬込２丁目１１番６号,2023-06-26,株式会社
株式会社ＷＡＫＡＴＳＵＫＩ,新潟県新潟市中央区姥ケ山５４５番地,2023-06-26,株式会社
株式会社ＹＭＤＣ,神奈川県横浜市戸塚区柏尾町９３２－３,2023-06-26,株式会社
株式会社ＹＴＭ,大阪府東大阪市西石切町１丁目４番７号,2023-06-26,株式会社
株式会社ｇｏｇａ,兵庫県神戸市中央区海岸通４丁目１番１１号２階,2023-06-26,株式会社
株式会社ｍｔ‐ａｒｃ,福岡県福岡市博多区比恵町１番３０号サンいずみビル２Ｆ,2023-06-26,株式会社
株式会社ｎ５,東京都港区北青山１丁目３番１号アールキューブ青山３階,2023-06-26,株式会社
株式会社ｔｕ・ｍｏｎａｎｇｅ,東京都新宿区新宿１丁目３６番２号新宿第七葉山ビル３階,2023-06-26,株式会社
株式会社ｕｎｉｓｏｎ　ｃｏｕｒｉｒ,愛知県春日井市中切町１丁目５－４,2023-06-26,株式会社
株式会社ｗｉｔｈ　ｒｅｈａ,群馬県前橋市昭和町３丁目１９番９号,2023-06-26,株式会社
河原聖佳合同会社,埼玉県加須市正能４９３番地２,2023-06-26,合同会社
渡辺浄化槽管理合同会社,千葉県旭市ニ６１６８－８,2023-06-26,合同会社
特定非営利活動法人りりあ子ども食堂,兵庫県神戸市兵庫区荒田町１丁目１６番地の１３,2023-06-26,その他の設立登記法人
真屋合同会社,奈良県奈良市あやめ池北３丁目１２番５号,2023-06-26,合同会社
社会保険労務士法人ワタナベ,東京都千代田区紀尾井町１番３号東京ガーデンテラス紀尾井町紀尾井タワー１３Ｆ,2023-06-26,その他の設立登記法人
社会福祉法人博善会,埼玉県さいたま市浦和区東仲町１０－２,2023-06-26,その他の設立登記法人
米日中株式会社,大阪府大阪市生野区新今里５丁目１５番１７号ブランシュⅡ４ａ,2023-06-26,株式会社
蒙海合同会社,東京都豊島区西池袋４丁目２３番１２号,2023-06-26,合同会社
誠恒商事合同会社,東京都大田区京浜島２丁目３－５,2023-06-26,合同会社
豊和株式会社,北海道札幌市中央区南十一条西１丁目１番４９号,2023-06-26,株式会社
逍然株式会社,東京都大田区上池台１丁目１４－２１－２Ｆ,2023-06-26,株式会社
金子国際株式会社,東京都杉並区阿佐谷北２丁目９番２号,2023-06-26,株式会社
鼎力株式会社,東京都目黒区上目黒１丁目１３番１１号リバーサイド中目黒１０２,2023-06-26,株式会社
ＡＩｎｅｗＩＰ合同会社,愛知県尾張旭市瀬戸川町２丁目１０５番地５,2023-06-26,合同会社
ＡＫコーポレーション株式会社,北海道札幌市中央区南八条西４丁目４２２番,2023-06-26,株式会社
ＡＬ　ＧＨＡＮＩ　ＴＲＡＤＥＲＳ合同会社,茨城県東茨城郡茨城町大字小幡１１９３番地１,2023-06-26,合同会社
ＡＬＦＡ株式会社,東京都千代田区神田佐久間町１丁目１６番大橋ビル５０３,2023-06-26,株式会社
ＡＰＡ株式会社,大阪府大阪市中央区南久宝寺町１丁目６番１０号９０５号室,2023-06-26,株式会社
Ａｎｇｅ合同会社,東京都豊島区東池袋４丁目２１番１－３１１３号,2023-06-26,合同会社
Ａｎｊｉ　Ｂｕ　Ｗｕ　Ｚｈｕ　Ｊｉａ　Ｊｕ　Ｙｏｎｇ　Ｐｉｎ　Ｃｏ．，Ｌｔｄ,,2023-06-26,外国会社等
ＢＬＡＣＫ　ＳＴＯＮＥ合同会社,愛知県安城市今本町７丁目５番地１アルカディアＡ－１０５,2023-06-26,合同会社
Ｂｌｕｅｍｏｔｉｏｎ合同会社,和歌山県田辺市芳養松原１丁目３番１６号,2023-06-26,合同会社
ＣＲＦＴＺ株式会社,東京都港区南青山３丁目３番３号,2023-06-26,株式会社
ＤＭ　Ｂｉｚ株式会社,東京都台東区台東３丁目１６－５ミハマビル５Ｆ,2023-06-26,株式会社
ＤＲＣホールディングス株式会社,大阪府大阪市北区紅梅町２番６号,2023-06-26,株式会社
ＥＣＯ‐ＳＯＵＲＣＥＳ株式会社,東京都台東区上野６丁目７－１６川久保ビル８２０号,2023-06-26,株式会社
ＦＵＪＩ株式会社,東京都中央区銀座１丁目２２番１１号銀座大竹ビジデンス２階,2023-06-26,株式会社
ＧＩキャピタル・マネジメント準備会社株式会社,東京都千代田区麹町１丁目７番地相互半蔵門ビルディング３階,2023-06-26,株式会社
ＧＬＭ株式会社,東京都千代田区丸の内２丁目４番１号,2023-06-26,株式会社
ＧＭＳグロースコンサルティング合同会社,大分県大分市明野高尾４丁目５番地の２,2023-06-26,合同会社
Ｇｅｎｂａ‐ａｉ株式会社,東京都江東区住吉２丁目５番１０号,2023-06-26,株式会社
Ｈ＆Ａ　Ｗｅａｌｔｈ　ｍａｎａｇｅｍｅｎｔ株式会社,埼玉県戸田市笹目南町２０番９号,2023-06-26,株式会社
ＨＫ　Ｉｎｔｅｒｎａｔｉｏｎａｌ合同会社,栃木県栃木市城内町２丁目１１番２７号ケイアイマンションＲ－１０３,2023-06-26,合同会社
Ｉ．Ｓ．Ｊ．Ｐ　Ｖｅｎｔｕｒｅ合同会社,東京都中央区日本橋茅場町２丁目７番６号晴花ビル７階,2023-06-26,合同会社
ＪＧＳマネージメント株式会社,神奈川県横浜市青葉区新石川２丁目１３番１８号グレイスビーノ１１０号室,2023-06-26,株式会社
ＪＰＡＸ株式会社,茨城県守谷市本町６８６番地の２２,2023-06-26,株式会社
ＫＨＡＮ　ＷＡＬＩ　ＴＲＡＤＩＮＧ株式会社,千葉県野田市次木１５９番地リバーサイドコーポ相澤Ａ２０５,2023-06-26,株式会社
ＫＯＴＯＮＯ株式会社,神奈川県横浜市西区浅間町１丁目４番３号ウィザードビル４０２,2023-06-26,株式会社
Ｍ＆Ｈ　ＣＡＦＥ合同会社,大阪府大阪市浪速区浪速東１丁目２番２４－１００８号,2023-06-26,合同会社
ＭＫ　ＭＡＮＡＧＥＭＥＮＴ株式会社,愛知県名古屋市南区岩戸町１９番２７号プリンセス大磯通３０３号,2023-06-26,株式会社
ＭＯＮＵ合同会社,大阪府大阪市生野区小路東２丁目６番１９－５０２号,2023-06-26,合同会社
ＭＲＪ貿易株式会社,北海道士別市西士別町１８９９番地１１,2023-06-26,株式会社
Ｎ．Ｑ．Ｓ　ＴＲＡＤＩＮＧ合同会社,栃木県栃木市岩舟町新里１３０４番地５８号室,2023-06-26,合同会社
ＮＯＯＲ　ＴＲＡＤＩＮＧ合同会社,栃木県栃木市岩舟町新里１３０４番地５４号室,2023-06-26,合同会社
ＮＵＥＴＥＣ合同会社,埼玉県熊谷市曙町５丁目９７番地２０６号室,2023-06-26,合同会社
Ｎａｉｎｏｈ合同会社,東京都渋谷区道玄坂１丁目１０番８号渋谷道玄坂東急ビル２Ｆ－Ｃ,2023-06-26,合同会社
Ｐａｉｎｔ　ｉｔ合同会社,東京都大田区南六郷１丁目３４－５ユニバーサル７－３０５,2023-06-26,合同会社
ＳＤ佐久合同会社,沖縄県浦添市字経塚８０１番地２,2023-06-26,合同会社
ＳＫＹＬＩＮＥ株式会社,東京都足立区興野１丁目１６番８号,2023-06-26,株式会社
ＳＵＭＭＥＲ娯樂株式会社,東京都中央区築地３丁目１－４築地武蔵野マンション１１０３号,2023-06-26,株式会社
ＳＵＳＨＭＡ合同会社,東京都江戸川区西葛西６丁目８番５アロー西葛西駅前ビル３Ｆ，３０１,2023-06-26,合同会社
Ｓａｎｄ　Ｊａｐａｎ　Ｉｎｔｅｒｎａｔｉｏｎａｌ株式会社,東京都港区東新橋２丁目１番６号－４階,2023-06-26,株式会社
Ｓａｎｌｙｎ　Ｎｉｈｏｎ　Ｉｎｔｅｒｎａｔｉｏｎａｌ合同会社,神奈川県横浜市神奈川区新子安１丁目１６番２７号ビックガーデン子安３０５号,2023-06-26,合同会社
Ｓｅｎｎａ　ＶＩ合同会社,東京都港区元麻布３丁目１番６号,2023-06-26,合同会社
Ｓｅｖｅｎｔｙ　Ｎｉｎｔｈ　Ｇｒｏｕｐ　Ｊａｐａｎ株式会社,東京都千代田区麹町３丁目５番２号ビュレックス麹町５０９,2023-06-26,株式会社
Ｓｈｅｎｚｈｅｎ　ＦｅｉＴｉａｎＸｉａ　Ｔｅｃｈｎｏｌｏｇｙ　Ｌｔｄ,,2023-06-26,外国会社等
Ｓｈｅｎｚｈｅｎ　ＨｏｎｇＳｈｕｏ　Ｅｌｅｃｔｒｏｎｉｃｓ　Ｃｏ．，Ｌｔｄ,,2023-06-26,外国会社等
ＳｕＳｕ合同会社,東京都新宿区百人町２丁目２０番２２号スカイコート新宿Ⅱ１０８－Ｄ,2023-06-26,合同会社
ＴＡ　Ｂｅｎｅｆｉｔ合同会社,大阪府大阪市淀川区塚本６丁目１番３号,2023-06-26,合同会社
ＴＭＲＧ　ＪＡＰＡＮ合同会社,北海道虻田郡倶知安町ニセコひらふ一条２丁目６番９号雪ニセコＬｕｋｅ’ｓ　Ｏｙｓｔｅｒ　Ｂａｒ　ａｎｄ　Ｃｈｏｐ　Ｈｏｕｓｅ,2023-06-26,合同会社
Ｔｗｏ　Ｂｉｒｄｓ　Ｃｏｎｓｕｌｔｉｎｇ株式会社,神奈川県横浜市港北区日吉本町５丁目１１番１４号,2023-06-26,株式会社
ＷＡＫＡＴＩＡＩ合同会社,東京都豊島区南大塚２丁目４５－１１メゾンドールアム１０１,2023-06-26,合同会社
ＷＳモータース合同会社,熊本県熊本市南区城南町１２３４－１,2023-06-26,合同会社
Ｗｉｌｌｉａｍ合同会社,東京都葛飾区奥戸８丁目１６番１４号,2023-06-26,合同会社
ＷｏｎｄｅｒＡｇｅｎｔ株式会社,東京都品川区西五反田１丁目２８番４号３Ｆ,2023-06-26,株式会社
ＷｏｎｄｅｒＳｔｒａｔｅｇｉｃＥｄｕｃａｔｉｏｎ株式会社,東京都品川区東五反田５丁目２２番３３号ＴＫ池田山ビル２Ｆ,2023-06-26,株式会社
ＹＡＤＩ合同会社,鹿児島県鹿児島市小松原２丁目２３番１９号サーパス小松原５０５号,2023-06-26,合同会社
ａｓｏｂｕｙ株式会社,栃木県那須塩原市二区町４０６番地８９,2023-06-26,株式会社
ｃｏｏｋｈａｃｋ合同会社,京都府京都市下京区朱雀宝蔵町４４番地協栄ビル２階京都朱雀スタジオＮ５０５,2023-06-26,合同会社
ｉＨｅｒｂ　ＪＡＰＡＮ合同会社,東京都中央区銀座６丁目１０－１ＧＩＮＺＡＳＩＸ１３階,2023-06-26,合同会社
ｉＳＳＩ合同会社,東京都世田谷区奥沢３丁目３５番１３号,2023-06-26,合同会社
ｉｄｅａＰｉ株式会社,東京都台東区上野６丁目７番１６川久保ビル８１６号,2023-06-26,株式会社
あんこ株式会社,東京都杉並区梅里１丁目４番４７号,2023-06-27,株式会社
きづきアセット株式会社,静岡県静岡市葵区両替町１丁目６－８第一松永ビル,2023-06-27,株式会社
みんなの福祉株式会社,東京都江東区亀戸１丁目２番３－６０１号亀戸テンビル,2023-06-27,株式会社
イベート農業合同会社,千葉県富津市青木３丁目１７番地７,2023-06-27,合同会社
エスコートラン株式会社,京都府京都市右京区西院六反田町４７－３０３,2023-06-27,株式会社
エスダブリューエイチジャパン株式会社,神奈川県横浜市港北区新横浜２丁目６－１２ＳＴＡＦビル７階,2023-06-27,株式会社
カリンソーラー合同会社,東京都千代田区九段南３丁目７番７号成和綜合会計事務所内,2023-06-27,合同会社
コンフォータブル合同会社,埼玉県川口市朝日３丁目９番９号,2023-06-27,合同会社
サラテック合同会社,神奈川県三浦市南下浦町金田２２３－２３,2023-06-27,合同会社
シゲル合同会社,東京都調布市多摩川５丁目１０番地２,2023-06-27,合同会社
シリコンバンクエナジーシンクタンク株式会社,東京都中央区銀座６丁目１３番５号東武銀座第２ビル８階,2023-06-27,株式会社
シーケンス株式会社,大阪府大阪市阿倍野区丸山通１丁目３番３２号,2023-06-27,株式会社
シーテック富山株式会社,富山県富山市中島３丁目７番２０号,2023-06-27,株式会社
スター株式会社,埼玉県さいたま市南区文蔵４丁目２５番１２－２０１号,2023-06-27,株式会社
スマイノコト株式会社,埼玉県上尾市中妻３丁目８番地６ＲＹＯ１Ｆ,2023-06-27,株式会社
テクナビ合同会社,東京都豊島区目白１丁目４－１５アーバンライフ目白駅前１５０３,2023-06-27,合同会社
トミオー通商株式会社,東京都港区赤坂４丁目８番１９号赤坂フロントタウン３階,2023-06-27,株式会社
トミヨ株式会社,愛知県名古屋市中村区賑町２４－４,2023-06-27,株式会社
ドッグワン株式会社,北海道旭川市東鷹栖一線十九号２８２２－５,2023-06-27,株式会社
ハクミサービス合同会社,長野県伊那市西春近３７９４番地７,2023-06-27,合同会社
ヒノキソーラー合同会社,東京都千代田区九段南３丁目７番７号成和綜合会計事務所内,2023-06-27,合同会社
フェアリーフィール合同会社,埼玉県越谷市越ヶ谷３丁目３番１６号２階,2023-06-27,合同会社
プレイス株式会社,東京都港区南青山３丁目１番３６号青山丸竹ビル６Ｆ,2023-06-27,株式会社
ベストパートナーズ合同会社,東京都中央区銀座１丁目１２番４号Ｎ＆Ｅ・ＢＬＤ．７階,2023-06-27,合同会社
ポプラソーラー合同会社,東京都千代田区九段南３丁目７番７号成和綜合会計事務所内,2023-06-27,合同会社
ヤナギソーラー合同会社,東京都千代田区九段南３丁目７番７号成和綜合会計事務所内,2023-06-27,合同会社
ユゼンピクチャースタイル合同会社,大阪府大阪市中央区本町２丁目３－４アソルティ本町４階,2023-06-27,合同会社
リーイズム合同会社,埼玉県ふじみ野市ふじみ野２丁目２０―１０―２０９,2023-06-27,合同会社
一休合同会社,大阪府大阪市淀川区塚本５丁目９－４－３０１,2023-06-27,合同会社
一般社団法人ひまわり応援隊,長野県飯田市鼎中平１９０９番地３,2023-06-27,その他の設立登記法人
一般社団法人らくご米多朗,神奈川県川崎市多摩区菅稲田堤３丁目１９番４７号,2023-06-27,その他の設立登記法人
一般社団法人ヨグネット,東京都千代田区神田和泉町１番地６－１６ヤマトビル４０５,2023-06-27,その他の設立登記法人
一般社団法人ワクチン問題研究会,兵庫県宝塚市川面５丁目１０番３２－２０５号,2023-06-27,その他の設立登記法人
一般社団法人伊豆石文化探究会,静岡県沼津市本田町５番１７号,2023-06-27,その他の設立登記法人
一般社団法人全国ペットシッター協会,東京都新宿区新宿５丁目４番１号新宿Ｑフラットビル７０７,2023-06-27,その他の設立登記法人
一般社団法人千葉ユニバーサルスポーツ倶楽部,千葉県千葉市中央区富士見２丁目７－９富士見ビル６階千葉ビジネスセンター,2023-06-27,その他の設立登記法人
一般社団法人国際文化交流協会素食会,千葉県松戸市新作１０５７－２,2023-06-27,その他の設立登記法人
一般社団法人日本アビバメント箕輪福音教会,長野県上伊那郡箕輪町大字中箕輪１１３８８番地１,2023-06-27,その他の設立登記法人
一般社団法人松本国際高等学校同窓会,長野県松本市村井町南３丁目６番２５号,2023-06-27,その他の設立登記法人
一般社団法人ＡＳＡＭＩ,東京都大田区西蒲田７丁目４３番９号ザ・シティ西蒲田Ⅱ,2023-06-27,その他の設立登記法人
一般社団法人Ｒｅ‐Ｇｅｎｅｒａｔｉｏｎ,大阪府大阪市北区梅田１丁目１番３号大阪駅前第３ビル２９階１－１－１号室,2023-06-27,その他の設立登記法人
一般社団法人ＴＳＵＮＡＧＵ,沖縄県名護市字宇茂佐１５２８番地４,2023-06-27,その他の設立登記法人
一般社団法人ｍｅ,鹿児島県奄美市名瀬末広町６－１３,2023-06-27,その他の設立登記法人
一般財団法人花まる・伸生育英財団,埼玉県さいたま市浦和区常盤９丁目１９番１０号,2023-06-27,その他の設立登記法人
中野ホーム株式会社,埼玉県比企郡鳩山町大字泉井９６６番地２,2023-06-27,株式会社
八方日進株式会社,東京都新宿区内藤町１番地６－７０７号,2023-06-27,株式会社
加須施設開発特定目的会社,東京都千代田区飯田橋４丁目７番１号結和税理士法人内,2023-06-27,その他の設立登記法人
北海道地域ＩＣＴ研究開発合同会社,北海道室蘭市水元町２７番１号室蘭工業大学教育・研究１３号館,2023-06-27,合同会社
医療法人優真会,愛知県弥富市前ケ須町南本田３４９番地,2023-06-27,その他の設立登記法人
医療法人社団西仁会,千葉県銚子市小浜町２０１７番地８,2023-06-27,その他の設立登記法人
医療法人蓮華会,愛知県丹羽郡大口町中小口２丁目２３８番地ダイナリッチ水野２０３号室,2023-06-27,その他の設立登記法人
合同会社きぶな商会,埼玉県所沢市花園１丁目２４２９番地の７,2023-06-27,合同会社
合同会社たき火,石川県金沢市額乙丸町ハ１７２,2023-06-27,合同会社
合同会社なごみ,大阪府大阪市西成区千本北１丁目１３番３号エルメゾン５ｔｈ１０１号室,2023-06-27,合同会社
合同会社までな,長野県安曇野市豊科２２４８番地１,2023-06-27,合同会社
合同会社もみ亭,広島県広島市西区三篠町２丁目７－３原田ビル１階,2023-06-27,合同会社
合同会社やすらぎ,埼玉県川口市上青木３丁目１８番１０号タケヤハイツ２０３号,2023-06-27,合同会社
合同会社わっしょい,長崎県佐世保市大塔町６３２番地３２,2023-06-27,合同会社
合同会社アイビック,大分県大分市大字千歳２０８２番地の５３,2023-06-27,合同会社
合同会社アーステック,東京都台東区花川戸１丁目７番５号,2023-06-27,合同会社
合同会社エンスージアストシステムテック,茨城県つくば市みどりの２丁目３６番地３,2023-06-27,合同会社
合同会社コネクト・ハーツ,山口県宇部市則貞５丁目１０番９号,2023-06-27,合同会社
合同会社サニーデイ,福岡県糸島市高田１丁目２９番７号,2023-06-27,合同会社
合同会社シンカーディー,茨城県取手市新川２３７番地１,2023-06-27,合同会社
合同会社スリーアローズ,北海道札幌市中央区南十七条西１２丁目１番１７－２０１号,2023-06-27,合同会社
合同会社ドルフィン,島根県出雲市浜町１３３１番地１,2023-06-27,合同会社
合同会社パラソル,神奈川県川崎市中原区宮内１丁目１－３０－２松永方,2023-06-27,合同会社
合同会社ピチポ,埼玉県和光市白子１丁目２４番３３号,2023-06-27,合同会社
合同会社フィノボ,福岡県福岡市東区香椎１丁目２６－３１－４０３,2023-06-27,合同会社
合同会社フォリクロ,茨城県鹿嶋市宮中１丁目６番１０号,2023-06-27,合同会社
合同会社ミシェルトータルビューティー,千葉県松戸市金ケ作１８番地の６４,2023-06-27,合同会社
合同会社ヨシプラス,東京都八王子市山田町１９５６番地４,2023-06-27,合同会社
合同会社リエゾン,大阪府東大阪市寿町１丁目１番８号,2023-06-27,合同会社
合同会社ルー,福井県福井市堂島町第６号３番地,2023-06-27,合同会社
合同会社レイアート,大阪府三島郡島本町山崎１丁目３番１６－７号,2023-06-27,合同会社
合同会社ワトクハウス,千葉県野田市中里１１６４番地,2023-06-27,合同会社
合同会社万事屋小林,東京都足立区西伊興３丁目７番２３号,2023-06-27,合同会社
合同会社住まいのべんり屋,長野県茅野市宮川４８２２番地４,2023-06-27,合同会社
合同会社厚岸ソーラー,東京都港区六本木６丁目１０番１号六本木ヒルズ森タワー,2023-06-27,合同会社
合同会社吹崎民宿,長崎県対馬市美津島町吹崎２６番地１,2023-06-27,合同会社
合同会社夷隅ソーラー,東京都港区六本木６丁目１０番１号六本木ヒルズ森タワー,2023-06-27,合同会社
合同会社小松事務所,埼玉県川越市伊勢原町２丁目１９番地６,2023-06-27,合同会社
合同会社弥生,大分県速見郡日出町大字豊岡６１００番地６９,2023-06-27,合同会社
合同会社慈光,大阪府大阪市西成区南津守１丁目５番２０号,2023-06-27,合同会社
合同会社日本再生医療促進機構,大阪府大阪市東成区大今里３丁目１６番２－３０２号,2023-06-27,合同会社
合同会社水登舎,兵庫県川西市向陽台１丁目６番地の３３,2023-06-27,合同会社
合同会社由利本荘ソーラー,東京都港区六本木６丁目１０番１号六本木ヒルズ森タワー,2023-06-27,合同会社
合同会社真登商店,東京都中央区日本橋兜町１１番１２－２０２号,2023-06-27,合同会社
合同会社神木陽凪,千葉県船橋市緑台２丁目９番船橋グリーンハイツ５棟３０３号,2023-06-27,合同会社
合同会社稲作,神奈川県相模原市中央区相模原３丁目１１番４号８０５号室,2023-06-27,合同会社
合同会社豚さま,茨城県つくば市二の宮２丁目１２番６号,2023-06-27,合同会社
合同会社金盛,大阪府大阪市中央区東心斎橋１丁目２－１（２６０３室）,2023-06-27,合同会社
合同会社雄健,北海道札幌市北区篠路五条３丁目６番２１号,2023-06-27,合同会社
合同会社ＡＳＨ,埼玉県朝霞市栄町３丁目８番１８号,2023-06-27,合同会社
合同会社Ｂ．ｅ,千葉県千葉市緑区高田町４１６番地５８９,2023-06-27,合同会社
合同会社Ｄ‐ｐｌａｃｅ,東京都台東区根岸５丁目９－２２ライオンズ東京根岸レジデンス８０９号室,2023-06-27,合同会社
合同会社ＥＮＺＯ　ＧＡＭＥＳ,東京都多摩市永山６丁目９番地の１５ハイム永山Ⅱ１０５,2023-06-27,合同会社
合同会社ＧＯＢ,千葉県市川市妙典５丁目１３番３３号ａ＆ｙビル３Ｆ,2023-06-27,合同会社
合同会社ＨＩＩＲＡＧＩ,北海道札幌市南区北ノ沢１７５２番地６,2023-06-27,合同会社
合同会社Ｊ＆Ｋ　Ｊａｐａｎ　Ｓｕｒｐｌｕｓ,埼玉県川越市大字藤間５２７番地１,2023-06-27,合同会社
合同会社ＫＳパートナー,東京都台東区花川戸１丁目７番５号,2023-06-27,合同会社
合同会社ＬＬＦ,東京都港区浜松町２丁目２番１５号浜松町ダイヤビル２Ｆ,2023-06-27,合同会社
合同会社Ｍ＆Ａ,大阪府堺市堺区出島町２丁６番２９号,2023-06-27,合同会社
合同会社ＭＩＴＡＳ,東京都千代田区神田須田町１丁目２４－３０,2023-06-27,合同会社
合同会社Ｍｉｘ　Ｕｐ,北海道札幌市手稲区星置三条１丁目２７番１号,2023-06-27,合同会社
合同会社Ｎａｊａ,広島県庄原市西城町油木１１６４,2023-06-27,合同会社
合同会社Ｎｏｖａｌｉｓ,東京都中央区銀座１丁目１２番４号Ｎ＆ＥＢＬＤ．６Ｆ,2023-06-27,合同会社
合同会社ＯＴ,大阪府泉南郡熊取町小垣内４丁目２５７６番地の１１,2023-06-27,合同会社
合同会社ＲＩＺＩＮＧ,埼玉県さいたま市桜区大字神田１８８番地ヴァンベール神山Ⅰ－２０３,2023-06-27,合同会社
合同会社ＲＯＳＡ,埼玉県所沢市大字荒幡８５４番地の８エクシード下山口２０２,2023-06-27,合同会社
合同会社ＳＡＮＹＵ,北海道札幌市南区藤野二条６丁目６番１４号,2023-06-27,合同会社
合同会社ＳＯ‐ＧＡ,長野県塩尻市大門三番町３番６号,2023-06-27,合同会社
合同会社ＳＰＩＤＥＡ,埼玉県さいたま市浦和区岸町２丁目３番１３－１号Ｄｕｐｌｅｘ岸町Ａ２,2023-06-27,合同会社
合同会社ＳＴＣＥ,宮崎県都城市姫城町１５街区７の１号,2023-06-27,合同会社
合同会社ＳＴＯＲＥＳ,福岡県福岡市博多区博多駅前３丁目１１－２４ピュアドームパラジオ７０１,2023-06-27,合同会社
合同会社Ｓｏｅｌ,福島県郡山市喜久田町字寺久保２４－９６,2023-06-27,合同会社
合同会社ＳｕｂｌｉｍｅＶｉｓｉｏｎ,埼玉県さいたま市南区大字大谷口８７５番地１６,2023-06-27,合同会社
合同会社ＴＫ企画,静岡県伊豆市戸倉野下川原３０７－１,2023-06-27,合同会社
合同会社ＴＯＵ,長崎県西彼杵郡長与町高田郷２１２５番地２,2023-06-27,合同会社
合同会社Ｗｉｌｌ,岡山県倉敷市寿町５－６,2023-06-27,合同会社
合同会社Ｙｕｒａｋｏ　Ｏｆｆｉｃｅ,大阪府大阪市北区西天満３丁目６番３５号リアライズ西天満ビル２階,2023-06-27,合同会社
合同会社ｂｌｅｓｓｉｎｇ　ｎｅｔｗｏｒｋ,北海道札幌市中央区北七条西１９丁目１番地３,2023-06-27,合同会社
合同会社ｂｒｉｃｋｓｔａｃｋ,北海道江別市野幌寿町７番地の１２,2023-06-27,合同会社
合同会社ｆｕｎＧｌａｚｅ,神奈川県横浜市金沢区能見台４丁目３―１５つどいの街弐番館９０１号室,2023-06-27,合同会社
合同会社ｈｉｍａｗａｒｉ,鹿児島県霧島市隼人町姫城３丁目１５１番地,2023-06-27,合同会社
合同会社ｌｅａｆ,大阪府高槻市南芥川町２番１４－２０２号,2023-06-27,合同会社
合同会社ｎｏｚｅｉ‐ｊｕｍｐ,兵庫県加古郡播磨町北野添３丁目６番２４号,2023-06-27,合同会社
合同会社ｎｕｃｍａｍ,兵庫県宝塚市宝梅２丁目７番５－４０６号,2023-06-27,合同会社
合同会社ｐｅａｃｈ,大阪府大阪市住吉区遠里小野４丁目７番１６号,2023-06-27,合同会社
合同会社ｓｏｔｔａ,東京都渋谷区恵比寿２丁目３２番１０号ベラカーサ広尾３０５,2023-06-27,合同会社
品介株式会社,大阪府大阪市西区京町堀２丁目６番２０－２２０５号,2023-06-27,株式会社
嘉和合同会社,愛知県名古屋市中村区八社２丁目１１２番地１０５号室,2023-06-27,合同会社
奥川フーズコンサルティング株式会社,東京都中央区京橋３丁目３番１３号平和ビル３号館３Ｆ,2023-06-27,株式会社
学習塾経営コンサルティング株式会社,埼玉県上尾市向山２丁目３９番地１,2023-06-27,株式会社
富惟工業株式会社,東京都港区三田１丁目２番１８号ＴＴＤビル,2023-06-27,株式会社
小番茄株式会社,東京都豊島区西池袋１丁目３１－５白井ビル３－１３号室,2023-06-27,株式会社
山日株式会社,愛知県碧南市若宮町２丁目６１,2023-06-27,株式会社
幸健株式会社,大阪府大阪市生野区林寺２丁目８番２号Ｂ２０２号室,2023-06-27,株式会社
徳潤株式会社,東京都渋谷区円山町６番７号,2023-06-27,株式会社
快進株式会社,愛知県名古屋市西区菊井２丁目１９番８号（エステムプラザ名古屋駅前プライムタワー１１０３号）,2023-06-27,株式会社
慶栄株式会社,東京都豊島区西池袋１丁目３１－５白井ビル３０９号室,2023-06-27,株式会社
星元資訊株式会社,大阪府大阪市中央区南船場１丁目１０番１２号－７０２号,2023-06-27,株式会社
星野商会株式会社,東京都渋谷区富ヶ谷１丁目１４－１４スタンフォードアネックスビル３Ｆ,2023-06-27,株式会社
栩林合同会社,東京都練馬区桜台１丁目７番７－４１２号,2023-06-27,合同会社
株式会社いやさか研究所,福島県須賀川市栄町２００ピュア３、２０１号,2023-06-27,株式会社
株式会社ごはんデリ,東京都港区新橋２丁目２０番１５号新橋駅前ビル１号館４階,2023-06-27,株式会社
株式会社たいてぃー,神奈川県川崎市高津区二子６丁目１番７号,2023-06-27,株式会社
株式会社ましら,宮城県仙台市太白区柳生４丁目１５番５号,2023-06-27,株式会社
株式会社ゆいダイアモンド,東京都台東区上野５丁目２２－４ＲＴビル４階,2023-06-27,株式会社
株式会社アイ・ピー・エス,茨城県稲敷郡阿見町うずら野１丁目５番３ＭＺＡ壱番館１０６号室,2023-06-27,株式会社
株式会社アスカム,北海道小樽市望洋台３丁目１３番７号,2023-06-27,株式会社
株式会社アドバンス,島根県松江市法吉町１８６番地７,2023-06-27,株式会社
株式会社アプリコット商会,新潟県柏崎市桜木町２１番６号,2023-06-27,株式会社
株式会社アンドホームズ,東京都新宿区北新宿２丁目２番２０号シャトレサンシャインＧ３０１,2023-06-27,株式会社
株式会社イエダコーポレーション,大阪府松原市天美我堂４丁目７番５号（Ｄ号）,2023-06-27,株式会社
株式会社インフィニティー,兵庫県神戸市長田区御屋敷通３丁目１番３４－１００３号,2023-06-27,株式会社
株式会社ウィズグロース,宮城県仙台市青葉区中央２丁目２番３０号,2023-06-27,株式会社
株式会社エイチ・プランニング,福島県田村市船引町船引字四城内前３５番地,2023-06-27,株式会社
株式会社エクソキネシス,東京都千代田区神田小川町２丁目２番８号天下堂ビル３階,2023-06-27,株式会社
株式会社エムアンドディー,愛知県碧南市中町３丁目７０番地,2023-06-27,株式会社
株式会社エルキャット,東京都渋谷区道玄坂１丁目１０番８号渋谷道玄坂東急ビル２Ｆ－Ｃ,2023-06-27,株式会社
株式会社エルモサ・ジャパン,東京都千代田区神田佐久間町３丁目２９－２リヨンドール秋葉原２０１,2023-06-27,株式会社
株式会社エンパワーリンク,愛知県名古屋市西区菊井２丁目１９番８号（エステムプラザ名古屋駅前プライムタワー１１０３号）,2023-06-27,株式会社
株式会社オフィスＮ,大阪府東大阪市長栄寺１７番３号,2023-06-27,株式会社
株式会社ガレージ零,福岡県糸島市板持１０４番地２,2023-06-27,株式会社
株式会社グランツ,大阪府豊中市利倉２丁目２番１６号,2023-06-27,株式会社
株式会社ケーズパートナー,埼玉県さいたま市浦和区高砂３丁目１０番４号,2023-06-27,株式会社
株式会社サニー,神奈川県川崎市多摩区西生田１丁目１３－４,2023-06-27,株式会社
株式会社システムコア,神奈川県横浜市旭区白根５丁目３８番３号,2023-06-27,株式会社
株式会社シン遊,東京都足立区六月２丁目２１－１５,2023-06-27,株式会社
株式会社スカイ通信,石川県金沢市横山町１５番６号,2023-06-27,株式会社
株式会社スマイル,大阪府大阪市浪速区幸町２丁目１番１７号８０５,2023-06-27,株式会社
株式会社ソワネ,東京都武蔵野市吉祥寺南町５丁目１４番５号グリーンヒルズミナミ２０１,2023-06-27,株式会社
株式会社ダブルベリー,東京都新宿区歌舞伎町１丁目２２番９号,2023-06-27,株式会社
株式会社チョンマゲ,高知県高知市追手筋１丁目８番１５号大原ビル１階,2023-06-27,株式会社
株式会社ティーアイデザイン,神奈川県川崎市中原区下小田中６丁目１４番３６号,2023-06-27,株式会社
株式会社ディーシックス,東京都新宿区百人町１丁目１７番６号成田ビルＢ１,2023-06-27,株式会社
株式会社ディールス,北海道函館市石川町１２２番地８５,2023-06-27,株式会社
株式会社トラス・エー,東京都葛飾区堀切６丁目２８番１５号,2023-06-27,株式会社
株式会社トータルブリッジ,岩手県盛岡市永井１６地割８７番地,2023-06-27,株式会社
株式会社ネクストライフジャパン,東京都渋谷区恵比寿３丁目３５番１－１０３号,2023-06-27,株式会社
株式会社ヒカリ,広島県広島市中区舟入町２番２０号,2023-06-27,株式会社
株式会社ヒューマリビューション,神奈川県座間市南栗原５丁目１４番５８号,2023-06-27,株式会社
株式会社ビルドラム,埼玉県春日部市本田町２丁目４４番地３,2023-06-27,株式会社
株式会社フィールド・ストーン,北海道札幌市豊平区月寒西三条７丁目４番２０－３１６号,2023-06-27,株式会社
株式会社ブラネス,大阪府大阪市淀川区新高５丁目１６番１２号,2023-06-27,株式会社
株式会社ブレイブ,大阪府大阪市西淀川区中島１丁目３８番１０号１１,2023-06-27,株式会社
株式会社ベンターナ,静岡県静岡市駿河区稲川３丁目１２番２－３０４号,2023-06-27,株式会社
株式会社ベンティ,京都府京都市中京区東洞院御池下る笹屋町４４５番地日宝烏丸ビル４Ｆ,2023-06-27,株式会社
株式会社ホームドライホールディングス,兵庫県神戸市北区鈴蘭台北町７丁目４番２２号,2023-06-27,株式会社
株式会社ライフ,東京都港区南麻布３丁目２０番１号Ｄａｉｗａ麻布テラス５Ｆ,2023-06-27,株式会社
株式会社リナチュレジャパン,神奈川県逗子市小坪１丁目１１－１－１０３,2023-06-27,株式会社
株式会社リペックス,静岡県浜松市浜北区高畑７５７番地の１,2023-06-27,株式会社
株式会社ロビン,埼玉県川口市戸塚東２丁目２６番３５号,2023-06-27,株式会社
株式会社ローブワールド,千葉県船橋市金杉台２丁目２番１１棟５０４号,2023-06-27,株式会社
株式会社三松ホールディングス,福岡県筑紫野市岡田３丁目１０番９号,2023-06-27,株式会社
株式会社三金建設,東京都新宿区西新宿４丁目１１番２０号,2023-06-27,株式会社
株式会社上長島崎,京都府京都市下京区七条御所ノ内本町４４番地,2023-06-27,株式会社
株式会社丸福,大阪府東大阪市瓢箪山町３番１０号,2023-06-27,株式会社
株式会社全空警,兵庫県神戸市灘区永手町５丁目２番７－３０２号,2023-06-27,株式会社
株式会社千景,茨城県水戸市千波町１９５番地の３,2023-06-27,株式会社
株式会社協友国際,東京都練馬区北町３丁目１７番１－３０２号,2023-06-27,株式会社
株式会社富士商社,静岡県富士市大淵１４３２３番１,2023-06-27,株式会社
株式会社寛圓来,東京都中央区銀座１丁目３番３号Ｇ１ビル７階,2023-06-27,株式会社
株式会社寺尾装飾,兵庫県西宮市中島町７番９号,2023-06-27,株式会社
株式会社将星,東京都中央区新川１丁目６番６号,2023-06-27,株式会社
株式会社山田の窓口,神奈川県川崎市中原区上丸子天神町３０５番地２,2023-06-27,株式会社
株式会社岐匠,岐阜県岐阜市鏡島精華１丁目４－２０,2023-06-27,株式会社
株式会社岩手日報久慈センター,岩手県宮古市保久田８番１２号,2023-06-27,株式会社
株式会社徳超電気,大阪府大阪市東淀川区北江口３丁目４番１２－２０１号,2023-06-27,株式会社
株式会社慧光,兵庫県芦屋市六麓荘町６番３０号,2023-06-27,株式会社
株式会社曼京,東京都墨田区業平２丁目１６番４号ホーユウコンフォルト隅田公園６０３号室,2023-06-27,株式会社
株式会社杉田幼児園,神奈川県横浜市磯子区杉田４丁目６番３１号,2023-06-27,株式会社
株式会社柏原工業,埼玉県所沢市大字北岩岡３５０番地２５,2023-06-27,株式会社
株式会社樹,茨城県筑西市向川澄５１番地５,2023-06-27,株式会社
株式会社燈々庵コーポレーション,大阪府高槻市奈佐原２丁目１４番１５－４０６号,2023-06-27,株式会社
株式会社片桐設備,埼玉県さいたま市北区吉野町２丁目２２０番地６１－１０２,2023-06-27,株式会社
株式会社皓,長野県上田市中野６８４番地２７,2023-06-27,株式会社
株式会社秋根製薬,東京都港区南麻布３丁目９番１５号,2023-06-27,株式会社
株式会社米山興業,長野県須坂市大字小山字南原３番地２３４,2023-06-27,株式会社
株式会社羊緑園,東京都小平市学園西町３丁目３番５号ファミール学園西Ｂ棟１０１号,2023-06-27,株式会社
株式会社萬利商事,千葉県千葉市若葉区若松町４１１番地９７,2023-06-27,株式会社
株式会社葛城エイト,奈良県葛城市山田１２３番地１,2023-06-27,株式会社
株式会社藤田土木,福島県いわき市平字五色町６３番地富士一第一ビル,2023-06-27,株式会社
株式会社西友,愛知県名古屋市守山区瀬古東２丁目３２６番地の６,2023-06-27,株式会社
株式会社銀の葉,鹿児島県鹿児島市下福元町３６１０番地１,2023-06-27,株式会社
株式会社銀雅ライン,兵庫県神戸市須磨区桜の杜２丁目１０番３０号,2023-06-27,株式会社
株式会社鎌商コンシェル,宮城県仙台市宮城野区白鳥２丁目８番１６号,2023-06-27,株式会社
株式会社静安,東京都台東区浅草５丁目４７番２号匯金・浅草ビル１１９,2023-06-27,株式会社
株式会社韓サム,高知県高知市帯屋町２丁目１番２５号新生ビル２Ｆ,2023-06-27,株式会社
株式会社麻布リサーチ,東京都港区麻布十番１丁目２－７,2023-06-27,株式会社
株式会社Ａｉｒ　Ｇｒｏｏｖｅ,埼玉県川越市砂新田５丁目３６番地２２,2023-06-27,株式会社
株式会社ＢＯＣホールディングス,福岡県福岡市博多区博多駅南４丁目１４番１５号,2023-06-27,株式会社
株式会社Ｂａｃｋ　Ｃａｓｔ．Ｄｅｓｉｇｎ,東京都渋谷区道玄坂１丁目１０番８号渋谷道玄坂東急ビル２Ｆ－Ｃ,2023-06-27,株式会社
株式会社ＣＡＲＰＥ　ＤＩＥＭ,東京都豊島区池袋１丁目７－３１,2023-06-27,株式会社
株式会社ＣＲＡＦＴ,埼玉県さいたま市見沼区大字中川１０７番地４スモールベアマンション５０１,2023-06-27,株式会社
株式会社Ｃａｎｏａ,千葉県山武郡横芝光町屋形２４２９番地１４,2023-06-27,株式会社
株式会社Ｃｈｉｎｏｏｋ,東京都三鷹市下連雀３丁目４２－１８－５０８,2023-06-27,株式会社
株式会社Ｃｌａｓｓ,東京都新宿区若葉２丁目１２番地１アンベリール新宿若葉２０１,2023-06-27,株式会社
株式会社Ｃｌｏｓｅ　Ｔａｂｌｅ,神奈川県横浜市西区みなとみらい４丁目２番１号,2023-06-27,株式会社
株式会社Ｄ’ｓ　ＡＳＳＥＴＳ,兵庫県神戸市灘区高羽町３丁目１２番２号,2023-06-27,株式会社
株式会社ＤＥＮＮＹＳ,埼玉県川口市大字芝６４９９番地,2023-06-27,株式会社
株式会社ＤＲＥＡＭ,千葉県船橋市前原東５丁目２４－６,2023-06-27,株式会社
株式会社ＤＵＳＴＢＯＸ,北海道札幌市中央区北三条西２８丁目２番１号,2023-06-27,株式会社
株式会社ＥＶＲＡＣ,大阪府高槻市富田町１丁目１３番２６号,2023-06-27,株式会社
株式会社ＥＸ‐Ｓｔｙｌｅ,埼玉県さいたま市見沼区大字蓮沼３３９番地２ＰａｒｃｖｅｒｔＤ館１０３号室,2023-06-27,株式会社
株式会社Ｆａｒｍａｃｉａ　Ｄａｙｓ,東京都台東区蔵前３丁目１４番６号シティーカーム２０４,2023-06-27,株式会社
株式会社ＦｏｏＭ,大阪府高槻市桜ケ丘南町１０番１１号,2023-06-27,株式会社
株式会社Ｇｌｅｅａｔ,福岡県糟屋郡篠栗町大字篠栗３９５２番地５,2023-06-27,株式会社
株式会社Ｇｒｏｗ　Ｗａｖｅ,神奈川県川崎市中原区木月４丁目５９番１５－４号,2023-06-27,株式会社
株式会社ＨＩＲＯＷＡＹ,山口県光市光井２丁目８番地１２号,2023-06-27,株式会社
株式会社Ｈｅａｒｔ　ＪＡＰＡＮ,東京都新宿区西新宿３丁目９番７－１１１４号,2023-06-27,株式会社
株式会社Ｋ‐ファクトリーソリューション,宮城県柴田郡川崎町大字今宿字叺畑１６番地,2023-06-27,株式会社
株式会社ＫＡＧＳｃｒｅａｔｉｏｎ,愛知県常滑市金山字坊田１番１,2023-06-27,株式会社
株式会社Ｋａｃｈｉｂｉｎ,兵庫県神戸市垂水区神陵台９丁目１３番２５号,2023-06-27,株式会社
株式会社Ｋｎｉｔ,東京都目黒区大橋２丁目２２番２号エメロード大坂１階,2023-06-27,株式会社
株式会社Ｌ’ｓ　ＣＲＥＡＴＥ,東京都豊島区南池袋２丁目４番３号池袋ホウライビル３－Ｃ,2023-06-27,株式会社
株式会社ＬＣｃｏｎｎｅｃｔ,神奈川県横浜市青葉区美しが丘１丁目１３番地１０吉村ビル１０７号,2023-06-27,株式会社
株式会社ＬＩＶＥＳＴ,東京都台東区浅草橋５丁目２番３号鈴和ビル９階,2023-06-27,株式会社
株式会社ＬＵＣＡ,大阪府枚方市藤阪元町２丁目５０番４－１０２号,2023-06-27,株式会社
株式会社Ｌｉｂｅｒ,埼玉県川越市大字下赤坂７５２番地１８,2023-06-27,株式会社
株式会社ＭＨ　Ｃｏｒｐｏｒａｔｉｏｎ,神奈川県横浜市中区北仲通５丁目５７－２ザ・タワー横浜北仲２２１７号,2023-06-27,株式会社
株式会社ＭＭ,千葉県松戸市岩瀬１１４－１９ヒルズ岩瀬１０３号室,2023-06-27,株式会社
株式会社ＭＯＯＮ,北海道札幌市白石区菊水四条２丁目２番地１リバーライト菊水１Ｆ,2023-06-27,株式会社
株式会社ＭＴＢ,東京都大田区田園調布本町４１番１６号,2023-06-27,株式会社
株式会社Ｍｉｎｄ　Ｔｏｎｉｃ,東京都練馬区三原台１丁目４２－７,2023-06-27,株式会社
株式会社Ｍｉｒａｉ　Ｐｏｃｋｅｔ,兵庫県神戸市東灘区住吉宮町６丁目９番３号,2023-06-27,株式会社
株式会社Ｍｒ．ＳＴＩＣＫ,東京都渋谷区道玄坂１丁目１６番６号二葉ビル８Ｂ,2023-06-27,株式会社
株式会社Ｎ．Ｂ．Ｃ,東京都江戸川区上篠崎３丁目８－７、２Ｆ,2023-06-27,株式会社
株式会社ＮＥＸＴ,東京都港区南青山３丁目１番３６号青山丸竹ビル６Ｆ,2023-06-27,株式会社
株式会社ＮＩＫＡ,大阪府大阪市北区梅田１丁目１－３大阪駅前第３ビル２９階１－１－１号室,2023-06-27,株式会社
株式会社ＰＯＲＴＥ,新潟県長岡市坂之上町３丁目１番地９エクスコート今井５階,2023-06-27,株式会社
株式会社ＱＰＳ,東京都新宿区四谷４丁目２７－６ラインビルド新宿御苑１０４,2023-06-27,株式会社
株式会社ＲＩＳＥ,埼玉県さいたま市桜区大字大久保領家４２２番地２８,2023-06-27,株式会社
株式会社ＲＯＸ　ｍａｎａｇｅｍｅｎｔ,兵庫県神戸市中央区中山手通２丁目１０番５号永都ビル神戸本館６階６Ｂ,2023-06-27,株式会社
株式会社Ｒｅｌｍｓ,東京都府中市四谷３丁目６３番地の３８,2023-06-27,株式会社
株式会社ＳＨＩＮＥＩ,大阪府東大阪市長田西４丁目３番２９昌園ビル４０１号,2023-06-27,株式会社
株式会社ＳＯＭＡ,東京都渋谷区上原１丁目３２番３号,2023-06-27,株式会社
株式会社ＳＵＲＥ,茨城県古河市松並２丁目１１番３号,2023-06-27,株式会社
株式会社Ｓｌａｎｇ,大阪府大阪市鶴見区今津中３丁目２番３６－４０７号,2023-06-27,株式会社
株式会社Ｓｏｌｏ,東京都渋谷区道玄坂１丁目１０番８号渋谷道玄坂東急ビル２Ｆ－Ｃ,2023-06-27,株式会社
株式会社ＴＯＮＯ,東京都渋谷区神泉町２２番３号ピアース渋谷ＷＥＳＴ４０５,2023-06-27,株式会社
株式会社ＴＲＹ＆ＢＵＹ,北海道札幌市清田区平岡八条３丁目６番１号,2023-06-27,株式会社
株式会社Ｔｗｉｎｇｓ,神奈川県横浜市中区長者町２丁目５－４夕陽ヶ丘ニュースカイマンション８０６,2023-06-27,株式会社
株式会社Ｕアライアンス,東京都目黒区目黒３丁目１番２－５０５号,2023-06-27,株式会社
株式会社Ｕ．Ｍ．Ｅ,埼玉県さいたま市浦和区常盤１丁目３番９号ロイヤルプラザ常盤３０８号,2023-06-27,株式会社
株式会社ＵｐＲｉｖｅｒ,福岡県小郡市大保１３９９番地１－１０１号室,2023-06-27,株式会社
株式会社Ｗｅｌｂｙヘルスケアソリューションズ,東京都中央区京橋１丁目１１番１号,2023-06-27,株式会社
株式会社ＷｉＬＬファシリティ,千葉県印旛郡酒々井町酒々井５６番地の３,2023-06-27,株式会社
株式会社Ｗｉｌｌｏｗ３８,埼玉県さいたま市中央区本町東７丁目２番１－７１０号,2023-06-27,株式会社
株式会社Ｗｉｎｗａｒｄ,福岡県糟屋郡宇美町貴船５丁目２４番１２号,2023-06-27,株式会社
株式会社Ｗｉｓｔｅｒｉａ,石川県鳳珠郡能登町字崎山１丁目５７番地,2023-06-27,株式会社
株式会社ＹＺ　ＰＡＲＴＮＥＲＳ,東京都港区南麻布３丁目１９－１８－４０２,2023-06-27,株式会社
株式会社Ｙａｂａｉｉ,東京都中央区銀座１丁目１２－４Ｎ＆Ｅ－ＢＬＤ．７階,2023-06-27,株式会社
株式会社ｃａｌｉｎ,神奈川県横浜市港北区綱島西１丁目６番６号,2023-06-27,株式会社
株式会社ｅｎ,福岡県筑紫野市石崎３丁目１２番２９号（ヴェルヴィルイノウエ２０３号）,2023-06-27,株式会社
株式会社ｌａｎｄ．ｎｉｃｏ,大阪府摂津市鳥飼本町３丁目１６－６３,2023-06-27,株式会社
株式会社ｍａｎｙｏｎｅ,神奈川県横浜市西区みなとみらい５丁目３番１－Ｏ－２９０５号,2023-06-27,株式会社
株式会社ｒｅｇａｌｉｎｏ,福岡県福岡市城南区茶山６丁目１番２６号,2023-06-27,株式会社
株式会社ｔａｇ　ｓｔａｎｄａｒｄ,東京都渋谷区道玄坂１丁目１７番５号オリンピックビル２Ｆ,2023-06-27,株式会社
株式会社ｔｅｔｏｔｅ,大阪府大阪市阿倍野区昭和町２丁目９番２２号,2023-06-27,株式会社
株式会社ｕｎｃｒｅｄｉｔ,兵庫県淡路市岩屋９２５－５メゾン岩屋４０３号室,2023-06-27,株式会社
栴檀アソシエイツ株式会社,東京都千代田区神田駿河台４丁目２－５－１６０３,2023-06-27,株式会社
浦和土地開発株式会社,埼玉県さいたま市浦和区東高砂町１０番２９号,2023-06-27,株式会社
特定非営利活動法人千麒麟,兵庫県美方郡新温泉町千谷２４０番地１,2023-06-27,その他の設立登記法人
特定非営利活動法人弟子屈自然共生協会サロルンカムイ,北海道川上郡弟子屈町字熊牛原野二十線西８－１,2023-06-27,その他の設立登記法人
理想株式会社,大阪府大阪市中央区船場中央２丁目１番４号船場センタービル４号館地下一階Ｂ１０８ＲＯＹＡＬＯＦＦＩＣＥ内,2023-06-27,株式会社
社会福祉法人力水会,山口県岩国市美和町生見字石兼２４８９番地１,2023-06-27,その他の設立登記法人
福汀株式会社,東京都墨田区東駒形２丁目２－１３東駒形二丁目ビル４０３号室,2023-06-27,株式会社
税理士法人アステール・アジュール,島根県松江市母衣町９５番地古田ビル,2023-06-27,その他の設立登記法人
紅星貿易合同会社,大阪府河内長野市緑ケ丘北町７番１１号,2023-06-27,合同会社
翼出北合同会社,東京都小金井市本町５丁目３８番２７号ヴィラシャローム２０２,2023-06-27,合同会社
谷口アセットマネジメント合同会社,鹿児島県志布志市有明町野神２６９０番地８,2023-06-27,合同会社
雑色中央ビル管理組合法人,東京都大田区仲六郷２丁目２９番３号,2023-06-27,その他の設立登記法人
鹿島エコクリエイション株式会社,茨城県神栖市東和田２１番地１１,2023-06-27,株式会社
Ａａｒｙａｄｅｖ株式会社,埼玉県坂戸市末広町９－１９坂戸ダイカンプラザＣＩＴＹⅡ３１１号室,2023-06-27,株式会社
ＢｏｓｔｏｎＧｅｎｅ　Ｊａｐａｎ株式会社,東京都港区浜松町２丁目４番１号世界貿易センタービルディング南館１７階,2023-06-27,株式会社
Ｂｒａｎｄｃｏｒｅ合同会社,千葉県香取郡多古町十余三３７１番地１５４,2023-06-27,合同会社
Ｆａｍｉｌｙ合同会社,千葉県柏市東柏１丁目２３番２３号,2023-06-27,合同会社
Ｆｅｌｉｚ株式会社,埼玉県児玉郡上里町大字堤６０４番地３,2023-06-27,株式会社
ＧＡＩＡ‐ＫＡＩＧＡ株式会社,東京都大田区中央６丁目３０番２号,2023-06-27,株式会社
ＩＷ‐ＰＲ合同会社,東京都品川区東五反田４丁目６－７－８０１,2023-06-27,合同会社
Ｉｎｖｅｓｔｍｅｎｔ　Ｅｘｃｅｌｌｅｎｃｅ　Ｊａｐａｎ合同会社,千葉県千葉市花見川区花園３丁目９番１７号,2023-06-27,合同会社
ＫＴＶ　Ｅｎｔｅｒｐｒｉｓｅｓ合同会社,東京都三鷹市新川２丁目７番４号ジブリィ三鷹３０６,2023-06-27,合同会社
ＫＵＲ合同会社,東京都葛飾区金町３丁目６－６木村ビル２Ｆ,2023-06-27,合同会社
ＬＩＧＨＴＴＥＣＨ　ＪＡＰＡＮ株式会社,東京都港区赤坂２丁目５－８ヒューリックＪＰ赤坂ビル３Ｆ,2023-06-27,株式会社
ＬＵＭＩＮ教育株式会社,埼玉県さいたま市桜区山久保２丁目１６番１号,2023-06-27,株式会社
Ｌｅｖｅｒａｇｅ　ｌｉｆｅ合同会社,東京都港区南青山３丁目１番３６号青山丸竹ビル６Ｆ,2023-06-27,合同会社
Ｌｉｏｘｅ株式会社,東京都渋谷区神宮前６丁目２３番４号桑野ビル２階,2023-06-27,株式会社
ＭＥＣＣＨＡ　ＬＵＣＫ合同会社,兵庫県明石市小久保６丁目１番地の１０,2023-06-27,合同会社
ＭＯＲＩ商事合同会社,東京都北区西ケ原３丁目５４番８号２Ｆ,2023-06-27,合同会社
ＭＯＴＩ　ＧＲＯＵＰ合同会社,大阪府大阪市生野区新今里５丁目１番８号,2023-06-27,合同会社
ＭＳＨラソラ川西合同会社,大阪府大阪市中央区北浜３丁目５番２２号,2023-06-27,合同会社
ＭＴコンサルティング株式会社,埼玉県さいたま市大宮区下町２丁目５１番８号コーポＫＥＮ２０５号室,2023-06-27,株式会社
Ｎ‐ＬＩＮＥ株式会社,東京都品川区八潮３丁目２番２３号フラットヒルズ２０８,2023-06-27,株式会社
Ｎ＆Ｋトレーディング株式会社,福岡県古賀市天神５丁目１番５号－１０１号室,2023-06-27,株式会社
ＮＣＣＡＰ１‐１株式会社,東京都千代田区大手町１丁目３番１号,2023-06-27,株式会社
ＮＳＡＭＢＡ　ＴＲＡＶＥＬ　ＳＯＬＵＴＩＯＮ合同会社,埼玉県所沢市松葉町１３番５－３０１号アーガスヒルズ６７,2023-06-27,合同会社
ＮｅｗＭｅ株式会社,東京都港区南青山３丁目３－３リビエラ南青山ビル１Ｆ,2023-06-27,株式会社
ＰＥＡＣＥ株式会社,愛知県東海市富木島町伏見２丁目１３番地の１１,2023-06-27,株式会社
Ｐｕｚｚｌｅ合同会社,東京都渋谷区代々木５丁目６７番３号グロワール代々木２０２,2023-06-27,合同会社
ＱＵＲＥＳＨＩ　ＴＲＡＤＩＮＧ合同会社,北海道江別市東光町１０４番地の１４,2023-06-27,合同会社
Ｒ・Ｈ・Ｓ株式会社,埼玉県吉川市大字下内川３６０番地１,2023-06-27,株式会社
ＲＩＣＨ株式会社,大阪府箕面市粟生間谷西３丁目１７番１８－２０１号,2023-06-27,株式会社
Ｒａｔａｔａ　Ａｒｔｓ株式会社,東京都新宿区新宿５丁目１８番２０－８０３号,2023-06-27,株式会社
ＳＩＬＫ　ＴＥＣＨ株式会社,東京都中央区明石町１番７－７１１号,2023-06-27,株式会社
ＳＬ　ＴＯＫＡＩ合同会社,三重県四日市市西日野町４９１８番地,2023-06-27,合同会社
Ｓａｉ　Ｋｉｎｇｄｏｍ合同会社,東京都江戸川区篠崎町４丁目１２番８号,2023-06-27,合同会社
Ｓｅｎｎａ　Ｉ合同会社,東京都港区元麻布３丁目１番６号,2023-06-27,合同会社
Ｓｅｎｎａ　ＩＩ合同会社,東京都港区元麻布３丁目１番６号,2023-06-27,合同会社
Ｓｅｎｎａ　ＩＩＩ合同会社,東京都港区元麻布３丁目１番６号,2023-06-27,合同会社
Ｓｅｎｎａ　ＩＶ合同会社,東京都港区元麻布３丁目１番６号,2023-06-27,合同会社
Ｓｅｎｎａ　Ｖ合同会社,東京都港区元麻布３丁目１番６号,2023-06-27,合同会社
Ｓｕｂｓｅｔ株式会社,大阪府大阪市中央区谷町４丁目８番１号８０１,2023-06-27,株式会社
Ｓｕｐｒｅｍｏｌｏｇｙ　Ｓｏｆｔｗａｒｅ　Ｓｅｒｖｉｃｅｓ　Ｊａｐａｎ株式会社,東京都港区芝大門２丁目１２番１０号Ｔ＆Ｇ浜松町ビル６階,2023-06-27,株式会社
Ｔ．Ｄ　ＴＲＡＮＳＰＯＲＴ合同会社,兵庫県神戸市中央区多聞通１丁目３番１１号ハイツ神戸２０２号室,2023-06-27,合同会社
ＴＡＯ株式会社,東京都杉並区高円寺南３丁目２６番１３号,2023-06-27,株式会社
ＴＨＸ　ＡＲＴ合同会社,東京都新宿区山吹町１３０番５－２０５号,2023-06-27,合同会社
ＴＮＡ　Ｇｒｏｕｐ合同会社,埼玉県さいたま市桜区南元宿１丁目３－３元宿ストアＢ号室,2023-06-27,合同会社
ＴＳＴ株式会社,広島県広島市安佐北区上深川町４３９番地,2023-06-27,株式会社
ＴａｋＴｅｃｈ合同会社,埼玉県新座市野火止５丁目２番５５－８０６号,2023-06-27,合同会社
Ｔｗｏ　Ｆａｃｅ合同会社,東京都中央区日本橋室町１丁目１１番１２号７階,2023-06-27,合同会社
ＸＵＳＯＦＴ合同会社,東京都台東区北上野２丁目１０番５－６０４号藤和シティコープ上野Ⅱ,2023-06-27,合同会社
ＹＢＫ株式会社,東京都港区港南２丁目１６番１号品川イーストワンタワー４Ｆ,2023-06-27,株式会社
ＺＸＷ株式会社,長野県安曇野市穂高４７５番地９,2023-06-27,株式会社
ａ４２ｘ株式会社,神奈川県茅ヶ崎市中海岸４丁目１番４２号２０５,2023-06-27,株式会社
ｃｒａｍ株式会社,大阪府池田市石橋１丁目１１番１３号,2023-06-27,株式会社
ｓｏＬｉｆｅ株式会社,愛知県稲沢市平和町勝幡新田２５９番地,2023-06-27,株式会社
ときわ平キリスト教会,千葉県松戸市常盤平６丁目４番地の９,2023-06-28,その他の設立登記法人
ひびきフローティングウィンド合同会社,東京都新宿区新宿１丁目８番１号大橋御苑駅ビル２階,2023-06-28,合同会社
イナバ合同会社,沖縄県那覇市辻２丁目６番１２号辻２４ビル３０３,2023-06-28,合同会社
エリドリ合同会社,青森県八戸市大字田面木字沼ノ平７番地６,2023-06-28,合同会社
エンモカ株式会社,東京都文京区本駒込４丁目３７番７号,2023-06-28,株式会社
ガンバル工業合同会社,愛知県岡崎市明大寺町字大圦３４番地１２エミナンス竜美丘１０２,2023-06-28,合同会社
クレアコンサルティング合同会社,大阪府大阪市北区芝田２丁目８－１１共栄ビル３Ｆ,2023-06-28,合同会社
サンインターナショナル株式会社,兵庫県神戸市中央区北長狭通１丁目１０番２号蓬莱亭ビル３Ｆ,2023-06-28,株式会社
サンライ株式会社,大阪府大阪市北区菅栄町１１番４号,2023-06-28,株式会社
シンライモーターズ合同会社,神奈川県厚木市上依知１３９４番地４大森ハイツ１０３号,2023-06-28,合同会社
ジーエフシー株式会社,千葉県船橋市習志野台４丁目８番６号１０５,2023-06-28,株式会社
セルリアメディカルサポート株式会社,東京都渋谷区神宮前３丁目３８番７号小林ビル２０１,2023-06-28,株式会社
ソレイユアセット合同会社,埼玉県さいたま市浦和区常盤９丁目１６番５号２０３,2023-06-28,合同会社
ダイナマックス株式会社,東京都港区海岸１丁目２－３汐留芝離宮ビル２１階,2023-06-28,株式会社
テックアイランド合同会社,山形県酒田市飛島字勝浦甲７３番地,2023-06-28,合同会社
デジタルソフトクリーム合同会社,東京都多摩市落合１丁目１０番１号京王多摩センターｓｃ２階ＫＥＩＯＢＩＺＰＬＡＺＡ多摩センター内１３番,2023-06-28,合同会社
トップフーズインターナショナル株式会社,埼玉県さいたま市岩槻区大字大口４６８番地２,2023-06-28,株式会社
トレジャー・オブ・ジャパン株式会社,愛知県名古屋市名東区一社２丁目６番地サニーヴェイル一社２Ｆ,2023-06-28,株式会社
ニッポンパートナーシップ合同会社,宮崎県東諸県郡国富町大字竹田１５３６番地４,2023-06-28,合同会社
ニヒンメディア株式会社,東京都港区赤坂１丁目３－５赤坂アビタシオンビル８０６,2023-06-28,株式会社
ネイチャーライフ合同会社,岡山県岡山市北区西古松２丁目２２番１１号,2023-06-28,合同会社
ネクスト株式会社,東京都大田区東矢口３丁目２３番３号,2023-06-28,株式会社
ハートフォード・グローバル株式会社,愛知県長久手市市が洞２丁目９０５番地７,2023-06-28,株式会社
フォルテ住建株式会社,三重県鈴鹿市算所１丁目１２番３号,2023-06-28,株式会社
フォレストアセットマネジメント株式会社,埼玉県久喜市西大輪３５１番地１,2023-06-28,株式会社
プリマーズＳｔｙｌｅ合同会社,大阪府池田市栄町８番１０－４０１号,2023-06-28,合同会社
ホワイトワークス合同会社,大阪府大阪市浪速区難波中２丁目１０－５２－１７０３,2023-06-28,合同会社
ミャンマーザーベストワーンマンパワーグループ株式会社,愛知県名古屋市中区栄１丁目１６番１６号チサンマンション栄６０１号室,2023-06-28,外国会社等
ヤマザキファクトリー合同会社,茨城県龍ケ崎市馴馬町３９１６番地,2023-06-28,合同会社
ライラックインベストメント株式会社,東京都千代田区大手町１丁目４番２号,2023-06-28,株式会社
ラテヴィヤンコ合同会社,福岡県福岡市中央区警固２丁目１５番３号ＣＡＮＮＥＲＹ警固本通り３０２号,2023-06-28,合同会社
リックジャパン合同会社,東京都世田谷区桜新町１丁目３９－１７,2023-06-28,合同会社
レリスメディカル＆ファイナンス株式会社,群馬県前橋市川原町２丁目２５番地２,2023-06-28,株式会社
ロジ株式会社,岡山県笠岡市神島４８６０番地１,2023-06-28,株式会社
一般社団法人ことおと企画,東京都世田谷区玉川３丁目２７－１－玉川３丁目住宅５０７,2023-06-28,その他の設立登記法人
一般社団法人アトリア,大阪府門真市末広町４３番１号,2023-06-28,その他の設立登記法人
一般社団法人ウネシャル,三重県四日市市午起２丁目４番１号,2023-06-28,その他の設立登記法人
一般社団法人カルディアイルマーレ,山口県宇部市大字中野開作３１４番地６,2023-06-28,その他の設立登記法人
一般社団法人サー・ドクター・中松フォーエバー,東京都世田谷区下馬６丁目３１番１０号,2023-06-28,その他の設立登記法人
一般社団法人ソーラ・ヒーリング協会,静岡県浜松市西区大人見町１７５０番地の９５,2023-06-28,その他の設立登記法人
一般社団法人ディグニティ,東京都品川区上大崎２丁目１８番２５号目黒三田フラワーマンション６０１,2023-06-28,その他の設立登記法人
一般社団法人デジタル創続推進機構,東京都渋谷区富ヶ谷１丁目３番８号,2023-06-28,その他の設立登記法人
一般社団法人ユアー在宅クリニック,山梨県南アルプス市吉田１１３３番地１ＫＭ１１３３Ｚ号室,2023-06-28,その他の設立登記法人
一般社団法人丸瀬布みっけの森,北海道紋別郡遠軽町丸瀬布上武利１１８番１,2023-06-28,その他の設立登記法人
一般社団法人児対協,東京都港区南青山２丁目２番１５号,2023-06-28,その他の設立登記法人
一般社団法人全日本健康産業海外推進連合会,東京都港区新橋４丁目２２－４ＶＯＲＴ新橋Ⅲ３階,2023-06-28,その他の設立登記法人
一般社団法人国東教育共同体・モルゲンシュテルン,大分県国東市国東町岩屋２０８３番地１,2023-06-28,その他の設立登記法人
一般社団法人大津同胞生活相談綜合センター,滋賀県大津市木下町２番地３４,2023-06-28,その他の設立登記法人
一般社団法人熊本県ＭＴＢリーグ,熊本県上益城郡御船町大字上野５１１２番地,2023-06-28,その他の設立登記法人
一般社団法人ＤＯＦＯＲＦＩＳＨ,北海道札幌市中央区北八条西２０丁目１番２０号,2023-06-28,その他の設立登記法人
一般社団法人Ｅｎｇｔｏｒ協会,東京都世田谷区駒沢５丁目２６番７号駒沢パークサイドテラスノース３Ｆ,2023-06-28,その他の設立登記法人
一般社団法人ＭＭカーボンオフセット研究会,東京都港区西新橋１丁目２番９号メンターキャピタル税理士法人内,2023-06-28,その他の設立登記法人
一般社団法人ＮＥＲＥＩＳ,沖縄県宮古島市平良字西里６２３番地２,2023-06-28,その他の設立登記法人
一般財団法人Ｐａｌｅ　Ｂｌｅｕ　Ｄｏｔ,神奈川県川崎市中原区新城２丁目１３番８号,2023-06-28,その他の設立登記法人
三仔フードサービス株式会社,東京都葛飾区金町５丁目２３番８号５０１号室,2023-06-28,株式会社
上里種苗株式会社,埼玉県児玉郡上里町大字七本木３６０６番地５,2023-06-28,株式会社
中部仮設ホールディングス株式会社,愛知県名古屋市北区浪打町１丁目１０番地の１,2023-06-28,株式会社
中野興業株式会社,埼玉県狭山市大字北入曽９２８番地の１１,2023-06-28,株式会社
亀吉電設株式会社,北海道札幌市西区福井８丁目６番１５号ＣＡＬＭ　ＨＯＵＳＥ　Ⅱ－Ａ号,2023-06-28,株式会社
井上合同会社,埼玉県草加市清門１丁目２８０番地４,2023-06-28,合同会社
元亀合同会社,東京都江戸川区平井１丁目５番７号,2023-06-28,合同会社
医療法人みなみまち矯正歯科,愛知県豊橋市草間町字平南１３番地,2023-06-28,その他の設立登記法人
医療法人ＭＳＫ,愛知県長久手市戸田谷９０１番地１アピタ長久手店Ｂ１Ｆ,2023-06-28,その他の設立登記法人
千億投資株式会社,東京都新宿区中井１丁目９番９号,2023-06-28,株式会社
参道園合同会社,東京都港区南青山５丁目１２番２４－４０９号,2023-06-28,合同会社
双林株式会社,大阪府大阪市北区天満２丁目１－１２天満橋ＳＥビル４１２号室,2023-06-28,株式会社
合同会社あうる,埼玉県八潮市大字浮塚９１３番地１,2023-06-28,合同会社
合同会社さぁ,愛知県名古屋市中区大井町４番１０号１０３,2023-06-28,合同会社
合同会社ふぉるて,東京都豊島区東池袋１丁目１７番１１号パークハイツ池袋１１０５号,2023-06-28,合同会社
合同会社むすび,東京都調布市国領町４丁目６１番地６,2023-06-28,合同会社
合同会社アイリス,愛知県名古屋市中区新栄１丁目６－２４ＪＯＹ新栄１Ｆ,2023-06-28,合同会社
合同会社アンテシー,東京都江東区亀戸９丁目２番１７号,2023-06-28,合同会社
合同会社ウェルサポカスミ,埼玉県富士見市大字鶴馬３２４５,2023-06-28,合同会社
合同会社エストデザインオフィス,埼玉県久喜市桜田２丁目６番２－１０５,2023-06-28,合同会社
合同会社エムエス１,愛知県名古屋市港区春田野２丁目９０１番地ファミリアーレ戸田川緑地４０３号,2023-06-28,合同会社
合同会社エース,東京都練馬区豊玉北２丁目２５番７号レジデンス豊玉イースト１０２,2023-06-28,合同会社
合同会社オケヤラボラトリー,東京都江東区亀戸５丁目３８番３０号,2023-06-28,合同会社
合同会社カルシン,東京都江戸川区中葛西３丁目２６番６号２０５,2023-06-28,合同会社
合同会社グリーン,兵庫県神戸市西区春日台６丁目１７番１３号,2023-06-28,合同会社
合同会社サクラオート,東京都江東区木場１丁目４番６号カナルグランデ７０１,2023-06-28,合同会社
合同会社タローズ,広島県広島市中区本川町２丁目４番１７号ＯＴＡビル１階,2023-06-28,合同会社
合同会社ディーアール,兵庫県神戸市東灘区西岡本３丁目１番９－２０１号,2023-06-28,合同会社
合同会社トップインベストメント,東京都新宿区西新宿７丁目２１番９号天翔西新宿ビル,2023-06-28,合同会社
合同会社ナカシマ,福岡県福岡市南区柳河内２丁目１０番１５－１号,2023-06-28,合同会社
合同会社ハンク,東京都練馬区豊玉北２丁目２５番７号レジデンス豊玉イースト１０２,2023-06-28,合同会社
合同会社ミュージックスクエア京都,京都府京都市中京区上大阪町５２１エンパイヤビルＢ１,2023-06-28,合同会社
合同会社ライチアセットアドバイザーズ,東京都港区六本木６丁目３－１六本木ヒルズクロスポイント,2023-06-28,合同会社
合同会社リオタール,東京都町田市小川７丁目７番１２号,2023-06-28,合同会社
合同会社リトラエル,東京都港区南青山２丁目２番１５号,2023-06-28,合同会社
合同会社リージャリー,東京都大田区田園調布５丁目５５番１０号,2023-06-28,合同会社
合同会社ルベン,沖縄県浦添市安波茶１丁目７番１８号,2023-06-28,合同会社
合同会社中村,神奈川県横浜市旭区今宿東町８９１番地３,2023-06-28,合同会社
合同会社井上道場,神奈川県横浜市港南区港南台９丁目２３番１１号港南台ビル３Ｆ,2023-06-28,合同会社
合同会社佐賀新聞販売センター諸富,佐賀県佐賀市兵庫南４丁目２１番１３号,2023-06-28,合同会社
合同会社土師,福岡県福岡市東区香椎駅前２丁目１番３,2023-06-28,合同会社
合同会社多来福,埼玉県川口市幸町３丁目９番１６号ライオンズマンション幸町９０８,2023-06-28,合同会社
合同会社大一,茨城県つくば市大角豆５９５番地,2023-06-28,合同会社
合同会社天竺,群馬県藤岡市保美濃山字前野４０１－１１,2023-06-28,合同会社
合同会社新旧工業,宮崎県都城市立野町９号６番地３西村コーポレーションⅡ３０５号,2023-06-28,合同会社
合同会社月見,東京都江東区牡丹１丁目５番４号やぎさんビル２Ｆ,2023-06-28,合同会社
合同会社東勝,愛知県名古屋市天白区八事石坂１２９番地,2023-06-28,合同会社
合同会社柚,広島県呉市焼山泉ヶ丘２丁目１４番９号,2023-06-28,合同会社
合同会社河野渡邉管理,東京都渋谷区東２丁目１０番１７号,2023-06-28,合同会社
合同会社王司馬,群馬県利根郡みなかみ町西峰須川４１８－１,2023-06-28,合同会社
合同会社福染工務店,埼玉県越谷市赤山本町３－２４ライオンズグローベル越谷ステーションプラザ１２０１号,2023-06-28,合同会社
合同会社蒼天,栃木県栃木市平柳町１丁目１１番５号Ｄ－Ｒｏｏｍ・Ｂ２０２,2023-06-28,合同会社
合同会社講演・研修．ｃｏｍ,東京都中野区若宮１丁目５６番９号エルマーノ若宮２０３,2023-06-28,合同会社
合同会社青眼商社,青森県弘前市大字境関字豊川２８番地１,2023-06-28,合同会社
合同会社鳳翔,埼玉県川口市西川口４丁目１６番１８号,2023-06-28,合同会社
合同会社麗華,長野県東御市滋野乙４７５０番地１,2023-06-28,合同会社
合同会社ＡＨＭＥＴ,埼玉県川口市北原台１丁目１２－２１エマーユ東川口３０７号室,2023-06-28,合同会社
合同会社Ｂ＆Ｍ,大阪府泉大津市東豊中町１丁目６－２２,2023-06-28,合同会社
合同会社Ｃ＆Ｔ,兵庫県神戸市兵庫区福原町１５－４福原町草壁店舗,2023-06-28,合同会社
合同会社ＣｉＸＸ,東京都渋谷区道玄坂１丁目１０番８号渋谷道玄坂東急ビル２Ｆ－Ｃ,2023-06-28,合同会社
合同会社Ｄの意思,静岡県富士市中里１０３番地の３３,2023-06-28,合同会社
合同会社ＤＥＡＩＩ,佐賀県佐賀市駅前中央２丁目２－１０アビタシオン神野７０１,2023-06-28,合同会社
合同会社Ｄｒｉｖｅｏｐｔ,東京都大田区山王３丁目３８－１本テイタリー山王２０１,2023-06-28,合同会社
合同会社ＥＣテクノロジーズ,東京都渋谷区渋谷２丁目１９－１５宮益坂ビルディング６０９,2023-06-28,合同会社
合同会社ＥＵＲＯ,新潟県糸魚川市蓮台寺２丁目５－１７,2023-06-28,合同会社
合同会社Ｅｎｊｉｎ,大阪府大阪市北区梅田１丁目１‐３大阪駅前第３ビル２９階１‐１‐１号室,2023-06-28,合同会社
合同会社Ｆｒｏｎｔ＆Ｆｒｏｎｔ,京都府京都市中京区西ノ京御輿岡町１５番２３号杉本アパート３０１号室,2023-06-28,合同会社
合同会社Ｇａｙａｎｔｈｉ　Ａｕｔｏ　Ｐａｒｔｓ,千葉県柏市高柳４７１番地６－Ａ,2023-06-28,合同会社
合同会社Ｇｒｅｇｅ,神奈川県厚木市飯山南３丁目３－６,2023-06-28,合同会社
合同会社Ｋ６,静岡県三島市文教町１丁目５番１５号,2023-06-28,合同会社
合同会社ＫＴ,大分県別府市大字鶴見２９３７番地の１,2023-06-28,合同会社
合同会社ＬＵＸ,東京都板橋区本町１６－１－２０５,2023-06-28,合同会社
合同会社ＮＲＥ‐４９インベストメント,東京都港区虎ノ門２丁目１０番４号オークラプレステージタワー,2023-06-28,合同会社
合同会社Ｎｅｉｇｈｂｏｒｓ,大阪府高槻市津之江町１丁目１０番５号,2023-06-28,合同会社
合同会社ＳＡＧＵＮ,岡山県岡山市中区東川原２６７番地２,2023-06-28,合同会社
合同会社ＳＭＡＲＴ　Ｄｅｕｘ,東京都渋谷区円山町５番５号Ｎａｖｉ渋谷Ｖ３階,2023-06-28,合同会社
合同会社ＳＭＡＲＴ　Ｔｒｏｉｓ,東京都渋谷区円山町５番５号Ｎａｖｉ渋谷Ｖ３階,2023-06-28,合同会社
合同会社ＳＭＡＲＴ　Ｕｎ,東京都渋谷区円山町５番５号Ｎａｖｉ渋谷Ｖ３階,2023-06-28,合同会社
合同会社Ｓｕｐｅｒｉｏｒ　Ｒｅｓｏｌｕｔｉｏｎ,東京都港区港南４丁目６－８－３１０１,2023-06-28,合同会社
合同会社ＴＡＭＩ　ＣＯＲＰＯＲＡＴＩＯＮ,神奈川県川崎市中原区上丸子山王町１丁目１３９９番地８,2023-06-28,合同会社
合同会社ＴＡＯ,宮崎県宮崎市月見ケ丘２丁目１１番４号プチメゾン月見ヶ丘２０３,2023-06-28,合同会社
合同会社ＴＤフード,東京都江東区南砂７丁目１番１８－４１３号,2023-06-28,合同会社
合同会社Ｔｗｉｎ　Ｓｔａｒ,宮崎県都城市山田町中霧島３１５７番地１７,2023-06-28,合同会社
合同会社ａｓｉａｎ‐ｓａｎｐｏ,静岡県伊豆市八木沢１３６５番地の１シーサイドスパ西伊豆土肥６１１号室,2023-06-28,合同会社
合同会社ｃｈｏｋｉ,東京都千代田区神田三崎町２丁目１０番１１号ＰＥＧビル４Ｂ－３,2023-06-28,合同会社
合同会社ｉ・シナジー,高知県高知市潮見台１丁目３２０７番地,2023-06-28,合同会社
合同会社ｌｕｚ,埼玉県さいたま市北区大成町４丁目６２９番地１プラザ・ドゥ・カルモ１０３,2023-06-28,合同会社
合同会社ｎｃｆ,東京都目黒区下目黒４丁目８番１０－２０３号,2023-06-28,合同会社
合同会社ｗａｉｗａｉ企画,三重県松阪市中町１８２６番地１,2023-06-28,合同会社
吉藤建設株式会社,福岡県福岡市中央区渡辺通１丁目９番２号－６０４,2023-06-28,株式会社
喜惣治屋株式会社,愛知県春日井市大和通１丁目７番地１３,2023-06-28,株式会社
基石株式会社,大阪府大阪市中央区南新町２丁目２－９プレサンス大手前パークサイドⅡ８０７号室,2023-06-28,株式会社
天昊貿易合同会社,埼玉県幸手市西１丁目６番２号,2023-06-28,合同会社
天興株式会社,大阪府寝屋川市高宮２丁目８番２０号,2023-06-28,株式会社
宮本建材合同会社,愛媛県今治市常盤町３丁目２番地１アルファライフ今治銀座７０１号,2023-06-28,合同会社
情報化サポート株式会社,埼玉県さいたま市大宮区桜木町２丁目３番地大宮マルイ７階,2023-06-28,株式会社
成美商会株式会社,東京都江戸川区南篠崎町５丁目１２番２－３３０号,2023-06-28,株式会社
新陽株式会社,東京都豊島区北大塚３丁目３２番６号第５不二ハイツ５３Ａ号,2023-06-28,株式会社
日本芸拓株式会社,東京都豊島区池袋４丁目３番２－３Ｆ号,2023-06-28,株式会社
日本青山株式会社,大阪府大阪市東住吉区鷹合４丁目２１番１６号１Ｆ－Ｈ,2023-06-28,株式会社
晋成株式会社,茨城県つくば市みどりの中央７５番地１１,2023-06-28,株式会社
有限会社小川商店,東京都墨田区京島１丁目９番１号,2023-06-28,有限会社
有限会社源後製作所,群馬県邑楽郡大泉町北小泉１丁目３３番８号,2023-06-28,有限会社
東杉源株式会社,大阪府大阪市中央区島之内１丁目１１－２９,2023-06-28,株式会社
株式会社あびらプランニング,北海道勇払郡安平町早来大町１１３番地２,2023-06-28,株式会社
株式会社あみる不動産,愛知県豊田市梅坪町２丁目６番地１,2023-06-28,株式会社
株式会社いつみお,神奈川県川崎市麻生区上麻生２丁目３５番２８号,2023-06-28,株式会社
株式会社いろどり関西,大阪府大阪市北区堂島浜２丁目２番２８号堂島アクシスビル４Ｆ,2023-06-28,株式会社
株式会社うなぎテック,静岡県湖西市大知波３３８番地の１０５,2023-06-28,株式会社
株式会社えのきや,新潟県糸魚川市大字木浦１９８６６番地,2023-06-28,株式会社
株式会社おおきに,大阪府大阪市北区曾根崎新地１丁目２－６新松リンデンビルＢ１,2023-06-28,株式会社
株式会社かぼっちゃ,東京都世田谷区瀬田５丁目１番１６－７０３号,2023-06-28,株式会社
株式会社きいちのメモ,東京都練馬区向山４丁目２０番３０号,2023-06-28,株式会社
株式会社のんのこフーズ,福岡県福岡市博多区博多駅東２丁目１番２３号,2023-06-28,株式会社
株式会社はじめよう,愛知県一宮市大和町毛受字一本松６０番地シャトー一本松２０５号,2023-06-28,株式会社
株式会社ぶるまる,愛知県名古屋市中村区名駅南１丁目１６番２５号,2023-06-28,株式会社
株式会社ぽくてぃ,東京都品川区南大井１丁目１番１８号１Ｆ,2023-06-28,株式会社
株式会社みどり総研,神奈川県大和市中央林間３丁目６番１－４０５号,2023-06-28,株式会社
株式会社アクシージアバリュークリエイター,東京都新宿区西新宿２丁目６番１号新宿住友ビル３５階,2023-06-28,株式会社
株式会社アクセスリスト,埼玉県新座市東北２丁目３６番１１号ＥＨ第４ビル４階,2023-06-28,株式会社
株式会社アセットエフ,東京都千代田区神田神保町３丁目１１番１号安田神保町マンション７０６号,2023-06-28,株式会社
株式会社アドバンテージシステム,愛知県一宮市泉１丁目２番３号,2023-06-28,株式会社
株式会社アプレミディ,東京都世田谷区野毛３丁目１８－１－３０７,2023-06-28,株式会社
株式会社アポロ,東京都新宿区荒木町１１－６７－４０２,2023-06-28,株式会社
株式会社アルファプロ,神奈川県川崎市多摩区枡形２丁目２１番９号キャッスルスクエア１０２号室,2023-06-28,株式会社
株式会社アンジークスプロパティ,東京都港区南麻布４丁目１０番１０－４０３号,2023-06-28,株式会社
株式会社アンドケイ,青森県五所川原市字元町９８番地,2023-06-28,株式会社
株式会社イコー・プロテック,大阪府大阪市北区曾根崎２丁目１５番１６－３２１５号,2023-06-28,株式会社
株式会社イタニ工業,東京都調布市国領町７丁目１番地１－２０５,2023-06-28,株式会社
株式会社イノチュウ,愛知県長久手市根の神１１０５－４０２,2023-06-28,株式会社
株式会社イロハ技建,栃木県さくら市下河戸９６番地,2023-06-28,株式会社
株式会社インフィニティ創研,千葉県木更津市吾妻２丁目９番７号サンライズタチバナ５号室,2023-06-28,株式会社
株式会社イージス,東京都渋谷区神宮前６丁目２３番４号桑野ビル２階,2023-06-28,株式会社
株式会社ウィルＡＣＴ,福岡県福岡市城南区友丘３丁目１２番１４－１号,2023-06-28,株式会社
株式会社ウォルカム,東京都国立市西２丁目２３番地の６２,2023-06-28,株式会社
株式会社エンジョイ,三重県松阪市船江町３３番地１２,2023-06-28,株式会社
株式会社エヴデ,長野県北佐久郡軽井沢町大字長倉１４６３－１,2023-06-28,株式会社
株式会社ケーズマネジメント,大阪府大阪市中央区上汐２丁目２番１２号,2023-06-28,株式会社
株式会社サンリード,滋賀県大津市見世１丁目２１番１１号,2023-06-28,株式会社
株式会社シャマル,東京都大田区大森東２丁目５番１８号インベスト大森２７－１０１,2023-06-28,株式会社
株式会社シンエイ,群馬県高崎市白銀町９番地白銀ビル３階,2023-06-28,株式会社
株式会社シーズ,埼玉県さいたま市南区南浦和１丁目２６番地３号コーポヒルトップ１０１,2023-06-28,株式会社
株式会社ジェイキャスエアウェイズ,東京都千代田区富士見１丁目３番１１号富士見デュープレックスＢ’ｓ４Ｆ,2023-06-28,株式会社
株式会社スガイベイシス,大阪府吹田市垂水町１丁目３２番３２号,2023-06-28,株式会社
株式会社デイフィール,東京都江戸川区船堀３丁目１０番８号船堀パールガーデン６０６,2023-06-28,株式会社
株式会社デジソル,東京都墨田区立川１丁目５－１０アイリス森下３０１,2023-06-28,株式会社
株式会社トーイチ,栃木県小山市大字犬塚８３４番地１,2023-06-28,株式会社
株式会社ドム,東京都港区虎ノ門４丁目１番１号,2023-06-28,株式会社
株式会社ネクストイノベーション,和歌山県和歌山市松原２１９番地１,2023-06-28,株式会社
株式会社ノートン,北海道札幌市東区北三十五条東１丁目３番３号パークサイドＮ３５－４階,2023-06-28,株式会社
株式会社ハリモト,群馬県安中市安中５丁目２番４１号,2023-06-28,株式会社
株式会社バーガーポリス,東京都目黒区碑文谷４丁目２４番１６号,2023-06-28,株式会社
株式会社パリバティ,北海道札幌市中央区南一条西１６丁目１番地３２３春野ビル３Ｆ,2023-06-28,株式会社
株式会社ヒガドー,大阪府大阪市城東区今福東１丁目１３番８号１Ｆ,2023-06-28,株式会社
株式会社ファイブリング,埼玉県さいたま市見沼区東大宮５丁目６番３号４Ｆ,2023-06-28,株式会社
株式会社フォーマンセル,東京都品川区大井１丁目３１－１－２８０１,2023-06-28,株式会社
株式会社ブロスブロス,福岡県福岡市博多区中呉服町３番２５号,2023-06-28,株式会社
株式会社プライムガーデン,北海道札幌市白石区本郷通６丁目北５番１－４０１号,2023-06-28,株式会社
株式会社ペイントマン,沖縄県浦添市伊祖２丁目２４番３、１０１号,2023-06-28,株式会社
株式会社ミーズカンパニー,千葉県松戸市古ケ崎４丁目３５６４番地の８,2023-06-28,株式会社
株式会社メディコープ,埼玉県さいたま市南区大字太田窪３２０５－４,2023-06-28,株式会社
株式会社ユアメモリーパートナーズ,北海道帯広市西二十三条南３丁目２１番地７,2023-06-28,株式会社
株式会社ライトニング,東京都港区白金３丁目９番１１号－２Ｆ,2023-06-28,株式会社
株式会社ライフベース,福岡県那珂川市今光２丁目９１番地,2023-06-28,株式会社
株式会社リアリ,北海道苫小牧市三光町３丁目５番１０号,2023-06-28,株式会社
株式会社リンゴホールディングス,東京都港区赤坂２丁目８番１４－５０４号,2023-06-28,株式会社
株式会社リヴクライム・リアルエステート,大阪府大阪市中央区西心斎橋１丁目１０番４０号１８階,2023-06-28,株式会社
株式会社レコグラム,大阪府大阪市北区梅田１丁目２番２号大阪駅前第２ビル１２－１２,2023-06-28,株式会社
株式会社レヴカンパニー,大阪府大阪市阿倍野区北畠３丁目１４番３６号,2023-06-28,株式会社
株式会社ロングラン,東京都千代田区外神田５丁目１番７号秋葉原五番館４階,2023-06-28,株式会社
株式会社ワイズファクトリー,埼玉県川口市大字赤芝新田３４５番地の４,2023-06-28,株式会社
株式会社ワンライフ,新潟県南魚沼市麓１５０番地１,2023-06-28,株式会社
株式会社ヴェルヴェットフィルムズ,東京都渋谷区道玄坂１丁目１０番８号渋谷道玄坂東急ビル２Ｆ－Ｃ,2023-06-28,株式会社
株式会社一ゑ水産,三重県尾鷲市中村町９番１０号,2023-06-28,株式会社
株式会社中川設備,栃木県下都賀郡壬生町大字国谷３２２番地２８７,2023-06-28,株式会社
株式会社中西不動産,兵庫県神戸市兵庫区熊野町４丁目７番１７号,2023-06-28,株式会社
株式会社佐藤工業,岐阜県各務原市鵜沼南町１丁目５５番地,2023-06-28,株式会社
株式会社光成ホールディングス,広島県福山市箕沖町４５番２,2023-06-28,株式会社
株式会社北九州不動産,福岡県北九州市小倉北区上到津４丁目４番１－２０２号,2023-06-28,株式会社
株式会社吉津商店,神奈川県横浜市南区真金町２丁目１８－２,2023-06-28,株式会社
株式会社吉田木工所,埼玉県さいたま市岩槻区大字釣上３１－３,2023-06-28,株式会社
株式会社向日葵リフォーム,静岡県焼津市小土８２６番地の１ファミーユＷ・Ａ２０１,2023-06-28,株式会社
株式会社大嶋電気管理事務所,埼玉県上尾市小泉１丁目４０－２０－１０３,2023-06-28,株式会社
株式会社大幸工務店,千葉県千葉市中央区新宿１丁目５番１６号１０１号室,2023-06-28,株式会社
株式会社孫の手,福岡県大牟田市新栄町１６番地４,2023-06-28,株式会社
株式会社宇野貿易,三重県桑名市大字桑部１０５６番地１,2023-06-28,株式会社
株式会社安心,東京都世田谷区経堂２丁目１７番１６号メゾン・ド・シルフ３０１,2023-06-28,株式会社
株式会社小山内装,東京都羽村市緑ヶ丘１丁目７番地２２,2023-06-28,株式会社
株式会社巖野,佐賀県武雄市武雄町大字富岡９２９１番地６,2023-06-28,株式会社
株式会社川島,東京都品川区大崎４丁目２番１３－８０８号,2023-06-28,株式会社
株式会社巫,岡山県備前市日生町日生２９９６番地１,2023-06-28,株式会社
株式会社日本活力研究所,愛知県名古屋市名東区牧の原３丁目１０６番地,2023-06-28,株式会社
株式会社東,福岡県大川市大字幡保５６番地１,2023-06-28,株式会社
株式会社松商店,兵庫県加古郡稲美町印南６４６番地の５３,2023-06-28,株式会社
株式会社栞システム,埼玉県草加市中央１丁目４番２－１号,2023-06-28,株式会社
株式会社瀬戸内調剤薬局,愛媛県松山市土橋町８６番地１,2023-06-28,株式会社
株式会社特電ホールディングス,兵庫県姫路市中地字早瀬６９４番地,2023-06-28,株式会社
株式会社田中コンサル,広島県広島市中区東千田町１丁目１番５５－３００１号,2023-06-28,株式会社
株式会社禅芯工業,北海道江別市萌えぎ野西６番地の３,2023-06-28,株式会社
株式会社福新工業,埼玉県三郷市茂田井３８８番地３,2023-06-28,株式会社
株式会社禮成工業,広島県尾道市因島土生町１７４７番地１,2023-06-28,株式会社
株式会社竹内架設,栃木県宇都宮市宝木町２丁目１１１１番地１２４,2023-06-28,株式会社
株式会社蓮見優,東京都目黒区柿の木坂２丁目１９番８号,2023-06-28,株式会社
株式会社藤田興産,千葉県船橋市飯山満町２丁目５１７番地２ソレアード飯山満５０１号,2023-06-28,株式会社
株式会社詩季彩,東京都江戸川区船堀５丁目９番２１－１０５号,2023-06-28,株式会社
株式会社谷口ハウス,埼玉県三郷市谷口５３５番地,2023-06-28,株式会社
株式会社長竹建設,千葉県佐倉市井野１４４９番地５,2023-06-28,株式会社
株式会社青栁,福岡県宗像市朝野１８０番地１,2023-06-28,株式会社
株式会社麺らぼ,大阪府大阪市中央区高麗橋１丁目３－２メゾン高麗橋１０２,2023-06-28,株式会社
株式会社３１５,東京都港区六本木１丁目９番１号,2023-06-28,株式会社
株式会社ＡＭＧ・ｓｕｐｐｏｒｔ,神奈川県横須賀市船越町７丁目３４番５フォーアール２０２,2023-06-28,株式会社
株式会社ＡＲＩＡ　ＡＳＳＥＴ,東京都文京区本郷１丁目３５番２７－６０２号,2023-06-28,株式会社
株式会社Ａｄｏｎｅｓｓ,東京都千代田区富士見１丁目３番１１号富士見デュープレックスＢ’ｓ４Ｆ,2023-06-28,株式会社
株式会社Ａｉｍ,愛知県名古屋市西区中小田井５丁目４５９コーポ大木曽４０３,2023-06-28,株式会社
株式会社Ａｔｈｄｅｍｙ,東京都港区白金３丁目１番１３号日恵ビル２階,2023-06-28,株式会社
株式会社ＢＡＳＥＭＥＮＴ,大阪府大阪市西区本田３丁目１番６号,2023-06-28,株式会社
株式会社ＢＥＳＴ,埼玉県川口市大字新堀３２２番地６－２Ｆ,2023-06-28,株式会社
株式会社ＢＯＸ‐１,愛媛県四国中央市川之江町２２７９番地１,2023-06-28,株式会社
株式会社Ｂｉｓｈｏｋｕ,愛知県名古屋市東区東大曽根町２１４番地の１,2023-06-28,株式会社
株式会社Ｂｕｉｌｄｅｒ,東京都八王子市中野山王３丁目２４番５号リバーサイド五十嵐１０２号,2023-06-28,株式会社
株式会社ＣＸＣクロスカルチャー,東京都中央区築地７丁目１４番１４－４０３号,2023-06-28,株式会社
株式会社Ｃｕｐｉｄ　Ｓｔａｒ,東京都新宿区百人町１丁目１８番９－５０３号,2023-06-28,株式会社
株式会社ＥＡＳＴ　ＲＩＶＥＲ,東京都杉並区高円寺北３丁目２１番８－２０４号,2023-06-28,株式会社
株式会社ＥＭＰＥＲＯＲ,東京都港区南青山３丁目１番３６号青山丸竹ビル６Ｆ,2023-06-28,株式会社
株式会社ＥＺＭ,東京都渋谷区神宮前４丁目１番１７号ヴィラ千草３０２,2023-06-28,株式会社
株式会社Ｅｌｅｍｅｎｔｓ,東京都世田谷区野沢４丁目５番１５号,2023-06-28,株式会社
株式会社Ｆ．Ｐ．Ｓ,熊本県水俣市白浜町１６番５号,2023-06-28,株式会社
株式会社Ｆｅｎｉｃｅ,東京都港区南麻布１丁目９－４,2023-06-28,株式会社
株式会社Ｇ＆Ｌ　Ｌｉｖｅ,東京都渋谷区渋谷２丁目９番８号日総第２５ビル６階,2023-06-28,株式会社
株式会社ＧＡＹＥ＆ＧＡＭＺＥ,埼玉県川口市戸塚３丁目３３番２－２０４号ファミールメゾン,2023-06-28,株式会社
株式会社Ｇｒａｃｅ　Ｔｈｅ　Ｗｏｒｌｄ,長野県上伊那郡辰野町大字辰野１１１６番地４,2023-06-28,株式会社
株式会社Ｇｒａｎｄ　Ｃｏｎｓｕｌｔｉｎｇ,愛知県名古屋市千種区今池１丁目１５番３号エスポワールＫ４０３号室,2023-06-28,株式会社
株式会社ＨＩＲＡＫＵ,滋賀県近江八幡市安土町下豊浦３０６７,2023-06-28,株式会社
株式会社ＨＯＵＥＩ,広島県広島市中区大手町１丁目３番２６号大手町一番ビル３０５,2023-06-28,株式会社
株式会社ＨＴ,埼玉県さいたま市中央区円阿弥４丁目８番２号,2023-06-28,株式会社
株式会社ＨＴＭ　ＨＯＬＤＩＮＧＳ　ＪＡＰＡＮ,東京都千代田区麹町１丁目６番１６号半蔵門海和ビル９階（Ｃ／ＯＪｏｏ‐ｒｅａｌｅｓｔａｔｅ‐ｏｆｆｉｃｅ）,2023-06-28,株式会社
株式会社Ｉ・Ｃユニバース,福岡県太宰府市青山２丁目１４番２号,2023-06-28,株式会社
株式会社Ｉｍｐａｃｔ　Ｐｏｉｎｔ,東京都世田谷区成城９丁目１番５号フォレスト成城２０２,2023-06-28,株式会社
株式会社ＪＲＰ,埼玉県本庄市東台２丁目３番１号ＫＲＳ本庄ビル１Ｆ,2023-06-28,株式会社
株式会社ＪＳスタイルワークス,東京都港区南青山７丁目１番５号＆ＣＡＬＭｍｉｎａｍｉａｏｙａｍａ４０１,2023-06-28,株式会社
株式会社Ｋａｚａｌｉ,東京都千代田区神田美土代町１１番地９－４０４号,2023-06-28,株式会社
株式会社Ｋｉｒａｒｉ,千葉県我孫子市本町３丁目５番２７－２０２号エスポワール,2023-06-28,株式会社
株式会社ＬＡＵＧＨＷＩＴＨＤＯＧ,東京都江戸川区東小岩１丁目１７番２０号,2023-06-28,株式会社
株式会社ＬＰＧ,東京都世田谷区代田５丁目１番地１８号,2023-06-28,株式会社
株式会社ＬｉｂｅｒｔｙＣｏｎｎｅｃｔｉｏｎ,東京都豊島区南池袋３丁目１３番９－３０７号,2023-06-28,株式会社
株式会社Ｍ‐ＲＯＳＡ,東京都渋谷区千駄ヶ谷３丁目１７番５号,2023-06-28,株式会社
株式会社ＭＡＬＣＡ,静岡県藤枝市下之郷１３６３番地の１８,2023-06-28,株式会社
株式会社ＭＢＬ,京都府綾部市広小路３丁目５１,2023-06-28,株式会社
株式会社ＭＧＣ,福岡県福岡市博多区半道橋１丁目１７番２６号,2023-06-28,株式会社
株式会社ＭＫ　Ｃｏｒｐｏｒａｔｉｏｎ,東京都港区港南４丁目６番１－２６０２号,2023-06-28,株式会社
株式会社ＭＴホールディングス,埼玉県朝霞市三原２丁目１９番２０号,2023-06-28,株式会社
株式会社ＭＵＬＴＩ　ＩＮＴＥＣ,茨城県つくば市梅園２丁目２５番地２９,2023-06-28,株式会社
株式会社ＭＺＫ,東京都港区南青山３丁目１番３６号,2023-06-28,株式会社
株式会社Ｍａｃｂｅｅ　Ｐｌａｎｅｔ準備会社,東京都渋谷区渋谷３丁目１１番１１号,2023-06-28,株式会社
株式会社Ｍｓ　Ｃｏｍｐａｎｙ　Ｊａｐａｎ,東京都荒川区西日暮里１丁目３７番１４－９０２号,2023-06-28,株式会社
株式会社ＮＥＸＴ　ＨＥＬＰ,京都府京都市北区鷹峯千束町７番地,2023-06-28,株式会社
株式会社Ｎａｐｏｌｉ,東京都荒川区町屋７丁目２０番８－１０２号,2023-06-28,株式会社
株式会社Ｎｉｄｏｍｉグループ,大阪府大阪市中央区南久宝寺町１丁目６－６－３０２号,2023-06-28,株式会社
株式会社ＯＫＡＤＡ　ＣＯ．，ＬＴＤ．,東京都江東区東陽２丁目３番６－５１９号,2023-06-28,株式会社
株式会社Ｏｐｐｌｕｃｋ,東京都港区南青山３丁目１番３６号青山丸竹ビル６Ｆ,2023-06-28,株式会社
株式会社ＰＡＬ,大阪府東大阪市下小阪１丁目６番４号,2023-06-28,株式会社
株式会社Ｑｒｉｘｔａ,神奈川県横浜市神奈川区東神奈川２丁目４７－１０－２０４,2023-06-28,株式会社
株式会社ＲＥＣＯＵＰＥＲ,三重県志摩市志摩町片田４２８７番地１,2023-06-28,株式会社
株式会社ＲＩＥＬＬＥ,東京都中央区銀座１丁目１６－７,2023-06-28,株式会社
株式会社ＲＩＳＥ　ＴＥＣＨ,埼玉県さいたま市南区大字広ヶ谷戸３１４番地４,2023-06-28,株式会社
株式会社ＲＵＩ,愛知県日進市竹の山４丁目８２３番地アミティエⅡ３０１,2023-06-28,株式会社
株式会社Ｒｅ　Ｌｉｆｅ　ＺＥＲＯ,北海道名寄市西二条南５丁目１３番地,2023-06-28,株式会社
株式会社ＲｅＡｃｔｉｖａｔｉｏｎ,兵庫県神戸市西区井吹台北町１丁目１７－１－１２１０,2023-06-28,株式会社
株式会社Ｒｅｂｏｗｌ,東京都北区赤羽西１丁目３７－１ホワイトシェル４Ｆ,2023-06-28,株式会社
株式会社Ｒｉｍｕｌ,茨城県水戸市南町２丁目３－５永瀬ビル１階,2023-06-28,株式会社
株式会社ＳＲ商事,東京都日野市平山３丁目４０番地の３,2023-06-28,株式会社
株式会社ＳＳトラスト,東京都江戸川区西葛西７丁目１０番１６号,2023-06-28,株式会社
株式会社ＳＷＡＣＫ,愛知県名古屋市中区錦３丁目６番１５号先名古屋テレビ塔３階,2023-06-28,株式会社
株式会社Ｓｅｌｅｎｅ,兵庫県神戸市中央区栄町通３丁目４番６－８０８号,2023-06-28,株式会社
株式会社Ｓｉｉ,広島県安芸郡府中町大須３丁目８番２１－２号,2023-06-28,株式会社
株式会社Ｓｎｕｇ,東京都渋谷区道玄坂１丁目１０番８号渋谷道玄坂東急ビル２Ｆ－Ｃ,2023-06-28,株式会社
株式会社Ｓｐｏｖｉｓｏｒ,神奈川県横浜市西区浅間町１丁目４番３号ウィザードビル４０２,2023-06-28,株式会社
株式会社Ｓｙｓｔｅｍ　Ｗｉｔｃｈ,東京都目黒区自由が丘２丁目１６番１２号ＲＪ３,2023-06-28,株式会社
株式会社Ｔ‐ＯＮＥ,東京都豊島区池袋１丁目１２番２号,2023-06-28,株式会社
株式会社Ｔプランズ,大阪府大阪市中央区北浜３丁目５番１９号御堂筋ホワイトビル８１４,2023-06-28,株式会社
株式会社ＴＳＯ,福岡県那珂川市松木３丁目３２番地２０２号室,2023-06-28,株式会社
株式会社Ｔｈｒｕｓｈ,茨城県稲敷郡阿見町本郷１丁目１７番地６,2023-06-28,株式会社
株式会社Ｖａｘｉｌａ　Ｌａｂｓ,東京都新宿区西新宿３丁目３番１３号西新宿水間ビル２Ｆ,2023-06-28,株式会社
株式会社ＷＳＧ,兵庫県神戸市中央区中山手通１丁目１番８号,2023-06-28,株式会社
株式会社Ｗｅ　ａｒｅ　ｔｈｅ　Ｎｏｒｔｈ,北海道苫小牧市見山町４丁目１３番１１号,2023-06-28,株式会社
株式会社ＹＡＫＵ　ＹＡＫＵ,大分県大分市弁天２丁目６－２９,2023-06-28,株式会社
株式会社Ｙａｃｏ,東京都目黒区上目黒１丁目２６番１,2023-06-28,株式会社
株式会社ＺＯＳＳ,東京都中央区新富２丁目５番２号増田ビル２階,2023-06-28,株式会社
株式会社ｂｅ　ｍｅ．ｌａｂ,兵庫県神戸市中央区明石町４８番地,2023-06-28,株式会社
株式会社ｆｕｇａｔｏ,東京都目黒区東が丘１丁目１７番１５号,2023-06-28,株式会社
泰和貿易合同会社,東京都中央区日本橋室町１丁目１１番１２号日本橋水野ビル７階,2023-06-28,合同会社
海誠国際株式会社,東京都港区芝５丁目１２－１０芝五丁目４０２,2023-06-28,株式会社
清水五条経営コンサルタント株式会社,京都府京都市東山区本町２丁目７８番地,2023-06-28,株式会社
特定非営利活動法人南河内観光まちづくり研究所,大阪府富田林市常盤町３番１７号（４０２）,2023-06-28,その他の設立登記法人
特定非営利活動法人本通キャットライフ,佐賀県鳥栖市本通町１丁目８５５番地１４九州メディカル・サービス２階,2023-06-28,その他の設立登記法人
特定非営利活動法人朴庵詩碑の会,愛媛県上浮穴郡久万高原町東明神甲５９６番地１,2023-06-28,その他の設立登記法人
特定非営利活動法人Ｒａｉｌｗａｙ　Ｆａｎ　Ｃｌｕｂ,東京都日野市日野本町２丁目１７番地の２２メゾンＳＥＩＷＡ１０１,2023-06-28,その他の設立登記法人
睿誠徳康株式会社,大阪府大阪市中央区島之内１丁目１１－２９,2023-06-28,株式会社
藤原商事株式会社,東京都千代田区神田和泉町１番地６の１インターナショナルビル８０２号室,2023-06-28,株式会社
行奕株式会社,大阪府大阪市東淀川区相川２丁目２４－３３ルームリバーサイドＡ２０８号室,2023-06-28,株式会社
辻・本郷シェアードサービス株式会社,東京都新宿区西新宿１丁目２５番１号新宿センタービル３１Ｆ,2023-06-28,株式会社
鑫囍株式会社,京都府京都市南区西九条南小路町４番地１,2023-06-28,株式会社
阪和商事株式会社,大阪府大阪市西区靱本町１丁目１５番１０－５０８号,2023-06-28,株式会社
防爆テクノロジー株式会社,埼玉県入間市豊岡５丁目１－９,2023-06-28,株式会社
３９サポート合同会社,三重県鈴鹿市白子１丁目２８番２１号,2023-06-28,合同会社
Ａ．Ｍ．Ｒ．株式会社,愛知県名古屋市名東区牧の原３丁目８０２番地,2023-06-28,株式会社
ＡＡＡサンエイテック合同会社,福島県東白川郡塙町大字植田字坂ノ下１００番地２,2023-06-28,合同会社
ＡＫ　Ｃｏｒｐｏｒａｔｉｏｎ合同会社,埼玉県草加市稲荷２丁目２５番５号,2023-06-28,合同会社
ＡＫ　ＴＲＡＤＩＮＧ合同会社,栃木県栃木市岩舟町新里１３０４番地５５号室,2023-06-28,合同会社
ＡＬＩ　ＮＡＺ　ＣＯＲＰＯＲＡＴＩＯＮ合同会社,栃木県那須塩原市井口１１５６番地４６ラピタハイツ２０１,2023-06-28,合同会社
ＡＳＩＦ　ＴＲＡＤＩＮＧ合同会社,栃木県栃木市岩舟町新里１３０３番地２（２６号室）,2023-06-28,合同会社
Ａｐｕｓ　Ｌｉｇｈｔｓ　Ａｖｉａｔｉｏｎ　Ｌｉｍｉｔｅｄ,,2023-06-28,外国会社等
ＢＮＳＤ合同会社,千葉県白井市富塚１０４９番地の４ニューサンフラワーマンション４０５,2023-06-28,合同会社
Ｂｏｂａ＆Ｃｈｉａ合同会社,大阪府大阪市天王寺区小橋町１４－６３－１３０３,2023-06-28,合同会社
ＣＨＯ株式会社,埼玉県川口市西川口４丁目５－１８,2023-06-28,株式会社
Ｄｅｅｒｆｉｅｌｄ　Ｇｒｅｅｎ　Ｎｉｈｏｎ株式会社,東京都港区虎ノ門１丁目１０番５号ＫＤＸ虎ノ門一丁目ビル１１Ｆ,2023-06-28,株式会社
Ｄｏｎｇｇｕａｎ　Ｒｕｉｚｈｉｄａ　Ｔｅｃｈｎｏｌｏｇｙ　Ｃｏ．，ＬＴＤ,,2023-06-28,外国会社等
Ｄｕｂａｉ　Ｇｌｏｂａｌ　Ｊａｐａｎ　Ｏｆｆｉｃｅ合同会社,東京都港区六本木６丁目１番２０号六本木電気ビル７階,2023-06-28,合同会社
ＦＩＮＥＹＡＲＤ合同会社,東京都中野区中野２丁目４番２１号,2023-06-28,合同会社
ＧＯＯＤＹ株式会社,東京都大田区池上５丁目７番５号ベルサイユ池上４０７,2023-06-28,株式会社
Ｇｌｏｂａｌ　Ｔｅｃｈ　Ｐａｒｔｎｅｒｓ　ＬＬＣ,,2023-06-28,外国会社等
ＧｕａｎｇｚｈｏｕＣｉｔｙ　Ｘｉｎｇｗａｎｇｒｕｉｊｉｅ　Ｅｌｅｃｔｒｉｃ　Ｔｅｃｈｎｏｌｏｇｙ　Ｃｏ．，ＬＴＤ,,2023-06-28,外国会社等
ＨＯＮＧＫＯＮＧ　ＹＥＥＺＥＮ　ＬＩＧＨＴＩＮＧ　ＣＯ．，ＬＩＭＩＴＥＤ,,2023-06-28,外国会社等
Ｈｕｂｅｉ　Ｑｉｃｈｅｎｇ　Ｅｄｕｃａｔｉｏｎ　Ｃｏｎｓｕｌｔｉｎｇ　Ｃｏ．，ＬＴＤ,,2023-06-28,外国会社等
ＩＢＥＣ株式会社,東京都港区芝１丁目２番１－３４０４号,2023-06-28,株式会社
Ｊｏｂ　Ｃｏａｃｈ合同会社,群馬県利根郡みなかみ町湯原４５８番地４１ＵＮＥＸＢＵＩＬＤＩＮＧ１０２,2023-06-28,合同会社
ＫＡＴＴＩ株式会社,大分県杵築市大字南杵築９７２,2023-06-28,株式会社
ＫＣ　ＪＡＰＡＮ株式会社,東京都新宿区新宿６丁目４番８号１Ｆ,2023-06-28,株式会社
ＫｏＫｏＣｈｉ合同会社,東京都渋谷区東１丁目２番５号三海苑マンション４Ａ,2023-06-28,合同会社
ＬＡＶＥＮＤＡ　ＲＩＶＥＲ　ＣＯＭＰＡＮＹ　ＬＩＭＩＴＥＤ,北海道虻田郡倶知安町字旭３４９番地３９,2023-06-28,外国会社等
Ｌｅｇｎａ　Ｔｅｃｈ株式会社,東京都港区虎ノ門１丁目１７番１号,2023-06-28,株式会社
ＭＥ＆ＦＵＴＵＲＥ株式会社,北海道札幌市白石区東札幌五条１丁目１－１,2023-06-28,株式会社
ＭＯＯＳＡ＆ＥＳＳＡ　ＩＮＴＥＲＮＡＴＩＯＮＡＬ合同会社,栃木県下都賀郡壬生町大字藤井６１２番地７,2023-06-28,合同会社
Ｍｏｒｉｔａ株式会社,福岡県京都郡みやこ町犀川横瀬１７０番地,2023-06-28,株式会社
Ｐａｗｄｅａ株式会社,東京都港区麻布十番１丁目８－１１ＴＡＫＡＤＥＮ十番３Ｆ,2023-06-28,株式会社
ＰａｙＩｎＯｎｅ　ＪＰ合同会社,東京都北区浮間１丁目７－２３兆豊浮間ビル５０２号室,2023-06-28,合同会社
Ｐｒｉｍｅ　Ｐｒｉｏｒｉｔｙ　Ｔｅｃｈｎｏｌｏｇｙ　Ｊａｐａｎ株式会社,福岡県福岡市博多区中洲５丁目３番８号アクア博多５階,2023-06-28,株式会社
ＲＴＳ合同会社,神奈川県逗子市小坪４丁目１８―１,2023-06-28,合同会社
Ｒａｉｈ株式会社,東京都渋谷区渋谷２丁目１９－１５宮益坂ビルディング６０９,2023-06-28,株式会社
ＲｉｓＥ株式会社,兵庫県芦屋市平田町１番１０号,2023-06-28,株式会社
Ｓ＆Ｌ株式会社,東京都葛飾区西新小岩４丁目２１番２１－２０４号,2023-06-28,株式会社
Ｓ．Ａ．ＪＰ＆ＢＤ合同会社,栃木県佐野市万町２７６９番地１３,2023-06-28,合同会社
ＳＡＧＯエステート株式会社,広島県安芸郡府中町茂陰１丁目２番２９号,2023-06-28,株式会社
ＳＨＵＫＥ株式会社,東京都豊島区南長崎１丁目１７番１７号,2023-06-28,株式会社
ＳＭＡＲＴ　ＷＯＯＤ　ＪＡＰＡＮ株式会社,東京都港区赤坂１丁目１１番４４号赤坂インターシティ５階ＭａｚａｒｓＪａｐａｎ株式会社内,2023-06-28,株式会社
ＳＯＲＡＣＯＭ　ＣＯＲＰＯＲＡＴＩＯＮ，ＬＴＤ．,,2023-06-28,外国会社等
ＳＴＡＲ　ＳＴＲＡＴＥＧＩＣ　ＧＲＯＵＰ　ＬＩＭＩＴＥＤ,北海道虻田郡倶知安町ニセコひらふ一条２丁目６番９号雪ニセコ３１７　３１８　７５８　７５９号室,2023-06-28,外国会社等
ＳＵＮＳＰＲＩＮＧ　ＲＥＡＬＴＹ株式会社,東京都港区麻布十番３丁目３－３,2023-06-28,株式会社
Ｓｈａｋｅｅｌ　Ｔｒａｄｉｎｇ株式会社,兵庫県三木市自由が丘本町３丁目３４４番地,2023-06-28,株式会社
Ｓｈｅｎｚｈｅｎ　Ｄａｎｋｅｓｈｕ　Ｔｒａｄｉｎｇ　Ｃｏ．，Ｌｔｄ,,2023-06-28,外国会社等
Ｓｈｅｎｚｈｅｎ　Ｌａｉｐｅｎｇ　Ｘｉｎｘｉ　Ｋｅｊｉ　Ｙｏｕｘｉａｎｇｏｎｇｓｉ,,2023-06-28,外国会社等
Ｓｈｅｎｚｈｅｎ　Ｔａｎｇｃｈｅｎ　Ｊｉｕｚｈｏｕ　Ｔｅｃｈｎｏｌｏｇｙ　Ｃｏ．，Ｌｔｄ．,,2023-06-28,外国会社等
Ｓｈｅｎｚｈｅｎ　Ｔｉａｎｃｈｉ　Ｅｌｅｃｔｒｏｎｉｃ　Ｔｒａｄｅ　Ｃｏ．，ＬＴＤ,,2023-06-28,外国会社等
Ｓｈｅｎｚｈｅｎ　ｂｏｒｕｉｙｕａｎｐｉｊｕ　ｙｏｕｘｉａｎｇｏｎｇｓｉ,,2023-06-28,外国会社等
Ｓｈｅｎｚｈｅｎｓｈｉ　Ｃｈｅｎｃｈｅｎｇｋｅｊｉ　ｙｏｕｘｉａｎｇｏｎｇｓｉ,,2023-06-28,外国会社等
Ｓｈｅｎｚｈｅｎｓｈｉ　ＫａｍｕＫｅｊｉ　Ｙｏｕｘｉａｎｇｏｎｇｓｉ,,2023-06-28,外国会社等
Ｓｐｒｕｃｅ　Ｃｏｎｅ　Ａｖｉａｔｉｏｎ　Ｌｉｍｉｔｅｄ,,2023-06-28,外国会社等
ＴＧＭ株式会社,新潟県新潟市東区松崎２丁目１８番５号,2023-06-28,株式会社
ＴＧＲ合同会社,兵庫県宝塚市山本中１丁目４番７号,2023-06-28,合同会社
ＵＮＫＵ　ＬＩＭＩＴＥＤ,北海道虻田郡倶知安町字樺山４８－８８,2023-06-28,外国会社等
ＵＳＡＲＥＴＡＭＡ株式会社,東京都港区芝５丁目１９－７－３０８,2023-06-28,株式会社
Ｕｎｉｔｅｄ　Ｇｏｌｄｅｎ　Ｌｉｇｈｔ株式会社,兵庫県神戸市長田区久保町３丁目８番２号木田ハイツ２階,2023-06-28,株式会社
Ｖｉｅｔサービス合同会社,埼玉県児玉郡上里町大字三町１８５番地４ワンルームのぞみ２０２号,2023-06-28,合同会社
Ｗａｓａｂｉ　Ｔｅｃｈｎｏｌｏｇｉｅｓ　ＬＬＣ,,2023-06-28,外国会社等
Ｙ‐ｄｅｓｉｇｎ合同会社,滋賀県甲賀市水口町高塚９－１１,2023-06-28,合同会社
Ｙｏｕｓｈｅｎｇ　Ｐｉｎｊｉａｎ（Ｓｈａｎｇｈａｉ）Ｔｒａｄｉｎｇ　Ｃｏ．，ＬＴＤ,,2023-06-28,外国会社等
Ｚｈｏｎｇｓｈａｎｓｈｉ　ｘｉｎｇｙｕｅ　ｄｉａｎｚｉｋｅｊｉ　ｙｏｕｘｉａｎｇｏｎｇｓｉ,,2023-06-28,外国会社等
ｅ‐ＫＵＲＡＳＨＩ株式会社,東京都品川区東大井４丁目１３番１１－３０７号,2023-06-28,株式会社
ｓｈｅｎｚｈｅｎｓｈｉ　ｊｉｎｇｘｉｎｓｈｉｙｅ　ｙｏｕｘｉａｎｇｏｎｇｓｉ,,2023-06-28,外国会社等
ｙｉｃｈａｎｇ　ｄｉｎｇｓｈｏｕｄｉａｎｚｉｓｈａｎｇｗｕ　ｙｏｕｘｉａｎｇｏｎｇｓｉ,,2023-06-28,外国会社等
たからゆき株式会社,東京都北区王子本町１丁目２２番１号ＫＳＧビル２０５号室,2023-06-29,株式会社
アイプラスモボット株式会社,埼玉県加須市愛宕１丁目９番１９号,2023-06-29,株式会社
アップ株式会社,大阪府堺市堺区北三国ヶ丘町８丁７番７号,2023-06-29,株式会社
アップ音楽工房合同会社,埼玉県川口市坂下町２丁目１５番２５号,2023-06-29,合同会社
アドバンス・ラボ合同会社,福岡県福岡市中央区大名１丁目９番２１－２０２号,2023-06-29,合同会社
アンドシップ合同会社,東京都品川区東品川１丁目３６番３号,2023-06-29,合同会社
エイエイト株式会社,大阪府和泉市唐国町３丁目９番１９号,2023-06-29,株式会社
エスプロエ合同会社,京都府長岡京市長岡１丁目２０－２,2023-06-29,合同会社
オプティセル株式会社,神奈川県横浜市中区桜木町１丁目１０１番地１クロスゲート７階,2023-06-29,株式会社
オークツリー株式会社,京都府京都市下京区四条通柳馬場東入立売東町１２番地１,2023-06-29,株式会社
クラフィット株式会社,北海道函館市桔梗町６９５番地５,2023-06-29,株式会社
グローカル株式会社,東京都港区芝１丁目６番１０号,2023-06-29,株式会社
ジャパンインフラホールディングス３６号一般社団法人,東京都港区元赤坂１丁目１番７号,2023-06-29,その他の設立登記法人
ジャパンインフラホールディングス３７号一般社団法人,東京都港区元赤坂１丁目１番７号,2023-06-29,その他の設立登記法人
ジャパンインフラホールディングス３８号一般社団法人,東京都港区元赤坂１丁目１番７号,2023-06-29,その他の設立登記法人
ジャパンインフラ３６号合同会社,東京都港区元赤坂１丁目１番７号,2023-06-29,合同会社
ジャパンインフラ３７号合同会社,東京都港区元赤坂１丁目１番７号,2023-06-29,合同会社
ジャパンインフラ３８号合同会社,東京都港区元赤坂１丁目１番７号,2023-06-29,合同会社
スターズ行政書士法人,兵庫県西宮市戸田町１－２０ホワイトビル４階,2023-06-29,その他の設立登記法人
ソーラーアップルホールディングス一般社団法人,東京都千代田区九段南３丁目７番７号成和綜合会計事務所内,2023-06-29,その他の設立登記法人
ソーラーキャロットホールディングス一般社団法人,東京都千代田区九段南３丁目７番７号成和綜合会計事務所内,2023-06-29,その他の設立登記法人
ソーラーマスカットホールディングス一般社団法人,東京都千代田区九段南３丁目７番７号成和綜合会計事務所内,2023-06-29,その他の設立登記法人
トライベース株式会社,東京都港区芝１丁目６番１０号,2023-06-29,株式会社
トランヒーロジャパン株式会社,神奈川県横浜市戸塚区深谷町７６－３,2023-06-29,株式会社
ニフティデコライフ株式会社,東京都渋谷区道玄坂１丁目１０番８号渋谷道玄坂東急ビル２Ｆ－Ｃ,2023-06-29,株式会社
ネプタス株式会社,千葉県印西市舞姫１丁目７番地１０,2023-06-29,株式会社
ノベルトレーディング株式会社,東京都台東区上野６丁目７－１６川久保ビル８１７号,2023-06-29,株式会社
ハチイチドローン株式会社,大阪府羽曳野市野１０５番地の１,2023-06-29,株式会社
バーベル合同会社,神奈川県藤沢市葛原２０２０番地,2023-06-29,合同会社
パラベラム・パートナーズ株式会社,東京都港区赤坂９丁目７番１号ミッドタウンタワー７階,2023-06-29,株式会社
マスターピーシーズジャパン合同会社,京都府京都市西京区樫原蛸田町４０番地クレセントオークス２０２号室,2023-06-29,合同会社
マーベリックソリューション株式会社,愛知県名古屋市北区垣戸町１丁目１０番地の１ＧＯＬＤ５０１号,2023-06-29,株式会社
リアクトパートナーズ株式会社,北海道札幌市東区伏古十一条４丁目８番１５号,2023-06-29,株式会社
ワールドクラス合同会社,福岡県糸島市前原西１丁目５－１８－６０１,2023-06-29,合同会社
一般社団法人おーきな笑,沖縄県うるま市与那城平安座１１番地,2023-06-29,その他の設立登記法人
一般社団法人カラフルドットライフ,愛媛県松山市石手３丁目８番８号,2023-06-29,その他の設立登記法人
一般社団法人中村裕パラスポーツサポートミーティング,大分県大分市明野東２丁目７番３３号,2023-06-29,その他の設立登記法人
一般社団法人二枚貝技術開発研究所,熊本県合志市御代志１６７５－７,2023-06-29,その他の設立登記法人
一般社団法人天理ＴＲＡＣＫ＆ＦＩＥＬＤ,奈良県天理市石上町４５３番地９,2023-06-29,その他の設立登記法人
一般社団法人常滑市身体障害者福祉協会,愛知県常滑市大野町８丁目５３番地,2023-06-29,その他の設立登記法人
一般社団法人生成系ＡＩ協会,東京都港区芝５丁目３６番４号札の辻スクエア９Ｆ,2023-06-29,その他の設立登記法人
一般社団法人白神山地アートミュージアム,秋田県にかほ市平沢字前谷地１１２番地４,2023-06-29,その他の設立登記法人
一般社団法人福岡県社会福祉協会,福岡県福岡市東区香住ヶ丘３丁目５番１５号,2023-06-29,その他の設立登記法人
一般社団法人縁ｊｏｉｎｔ,沖縄県うるま市与那城屋慶名４６７番地７７,2023-06-29,その他の設立登記法人
一般社団法人長崎県トライアスロン協会,長崎県長崎市鶴見台２丁目２３番２３号,2023-06-29,その他の設立登記法人
一般社団法人ＬＥＶＥＣＨＹ３号,東京都千代田区紀尾井町３－８第２紀尾井町ビル９０１アクシス綜合会計事務所内,2023-06-29,その他の設立登記法人
一般社団法人ｉｍａｒｇｉｎ,奈良県磯城郡三宅町大字屏風４４０番地６４,2023-06-29,その他の設立登記法人
一般財団法人トータルサポートセンター．フォア．セルフキュアー,徳島県板野郡板野町松谷字シシトキ西１１番地５,2023-06-29,その他の設立登記法人
一般財団法人日本ソーシャルワークセンター,東京都港区港南４丁目７番８号都漁連水産会館,2023-06-29,その他の設立登記法人
七賢電設株式会社,茨城県常総市内守谷町きぬの里３丁目３７－７セッジフィールド１０２,2023-06-29,株式会社
三祥株式会社,大阪府大阪市中央区船場中央２丁目１番４号船場センタービル４号館地下一階Ｂ１０８ＲＯＹＡＬＯＦＦＩＣＥ内,2023-06-29,株式会社
久邇ウエルネス株式会社,東京都港区新橋４丁目２１番６号,2023-06-29,株式会社
億雍株式会社,京都府京都市中京区天神山町２８０番地石勘ビル５Ｆ－０７,2023-06-29,株式会社
凱旋商事株式会社,大阪府大阪市平野区瓜破西３丁目８番６号,2023-06-29,株式会社
北澤株式会社,東京都豊島区駒込１丁目１６番１０サンハイム１０２号,2023-06-29,株式会社
医療法人みやけ整形外科,愛知県愛知郡東郷町大字春木字太子４５－１,2023-06-29,その他の設立登記法人
医療法人テルミナ,愛知県名古屋市中村区鳥居通４丁目１３番１,2023-06-29,その他の設立登記法人
千賀株式会社,東京都墨田区横川４丁目１－２０－１Ｆ－Ｂ,2023-06-29,株式会社
合同会社あすとび,埼玉県富士見市東みずほ台４丁目３－１４Ｏｒｉｅｎｓ１０２,2023-06-29,合同会社
合同会社ききょう,東京都千代田区一ツ橋２丁目６番３号アクシスインベストメントアドバイザーズ株式会社内,2023-06-29,合同会社
合同会社はなぶさ,東京都八王子市めじろ台３丁目１３番地９,2023-06-29,合同会社
合同会社まてなへあ,千葉県松戸市五香４丁目４０番地の１０,2023-06-29,合同会社
合同会社カフネ,京都府京都市下京区朱雀宝蔵町４４番地,2023-06-29,合同会社
合同会社クローバー,東京都荒川区東日暮里６丁目５１番１０－１００３号,2023-06-29,合同会社
合同会社サードプレイス,東京都江東区豊洲６丁目２番２９号－１６１８,2023-06-29,合同会社
合同会社シェアワークス,東京都渋谷区渋谷２丁目１９－１５宮益坂ビルディング６０９,2023-06-29,合同会社
合同会社ショウキ,福岡県春日市一の谷１丁目１５１番地１,2023-06-29,合同会社
合同会社ブラサク,東京都足立区竹の塚３丁目１５番１８号,2023-06-29,合同会社
合同会社マゼンダ,福岡県福岡市中央区大名２丁目９番２９第二プリンスビル９０８号,2023-06-29,合同会社
合同会社ミヤハラ,長野県千曲市大字杭瀬下６９－１,2023-06-29,合同会社
合同会社ミライズ,東京都墨田区文花２丁目１９番２－２２３号,2023-06-29,合同会社
合同会社ワイズワン東郷中央,愛知県名古屋市中区栄２丁目３番１号名古屋広小路ビルヂング１７階,2023-06-29,合同会社
合同会社一三五,東京都町田市三輪町１５２５番地３まほーむ三輪町３号,2023-06-29,合同会社
合同会社三粒コーポレーション,宮城県仙台市青葉区愛子東４丁目５番４７号,2023-06-29,合同会社
合同会社北神興業,兵庫県神戸市西区南別府１丁目６番１－１０７,2023-06-29,合同会社
合同会社十人十色,埼玉県川越市大字小室６０６番地２,2023-06-29,合同会社
合同会社小橋川テント,沖縄県浦添市港川１丁目３４番５号,2023-06-29,合同会社
合同会社日本自然調査機構,茨城県水戸市東台２丁目１１－１９,2023-06-29,合同会社
合同会社桜菫,大阪府大阪市西区九条南４丁目１番７号,2023-06-29,合同会社
合同会社池澤,東京都江戸川区南葛西１丁目９－４アリエッタ１０１,2023-06-29,合同会社
合同会社紺野,東京都北区赤羽１丁目６５番３号アビタルフレール５０１号,2023-06-29,合同会社
合同会社綿貫ホールディングス,福岡県福岡市南区大池１丁目２３番８号インパレス野間大池２０５,2023-06-29,合同会社
合同会社葵心工業,東京都八王子市横川町７３１番地石井マンションピーコック２０１号室,2023-06-29,合同会社
合同会社霧島ライスパック,福岡県福岡市中央区赤坂２丁目４番５－１０３号,2023-06-29,合同会社
合同会社飛翔庵,京都府城陽市寺田大川原４番地の２６,2023-06-29,合同会社
合同会社黒子サポート,東京都東村山市野口町１丁目２３番地３８第３ハシバハイツ３０１,2023-06-29,合同会社
合同会社１１０２,東京都杉並区天沼３丁目２９－６,2023-06-29,合同会社
合同会社ＧＦＫ‐ＳＵＣＣＥＳＳ,千葉県市川市高谷２丁目２番１８－１０６号（クレール市川）,2023-06-29,合同会社
合同会社Ｈ・Ｙ,東京都新宿区大久保２丁目６番１０－２０２号,2023-06-29,合同会社
合同会社ＨＯＭＥ,和歌山県和歌山市西庄１０１６番地,2023-06-29,合同会社
合同会社ＩＢＬ,福岡県福岡市東区多の津５丁目４４番１号,2023-06-29,合同会社
合同会社Ｋｒｕｓｈ,岡山県井原市西江原町１５８６番地３,2023-06-29,合同会社
合同会社ＬＩＶＥＮ,京都府京都市西京区大枝北沓掛町１丁目５番地２,2023-06-29,合同会社
合同会社ＭＥ,愛知県名古屋市中村区名駅４丁目２４番５号第２森ビル４０１,2023-06-29,合同会社
合同会社ＭＲＭ,千葉県松戸市南花島１丁目７番地の７,2023-06-29,合同会社
合同会社ＮａＮａ,千葉県柏市布施１７０１－２,2023-06-29,合同会社
合同会社ＯＫＰ,群馬県高崎市双葉町９番２０号,2023-06-29,合同会社
合同会社ＯＳＰＳＯ,埼玉県川越市大字小ケ谷７９番地１１,2023-06-29,合同会社
合同会社ＲｕＣｉ,東京都世田谷区太子堂４丁目５番３０号,2023-06-29,合同会社
合同会社Ｓ．Ｔ．Ｓ　ＥＮＴＥＲＰＲＩＳＥ,沖縄県沖縄市登川１丁目３３番３２号,2023-06-29,合同会社
合同会社ＳＡＢＢＡＴＨ,神奈川県相模原市南区磯部７１番地３,2023-06-29,合同会社
合同会社ＳＡＲＥＤＯ,長野県松本市清水１丁目１番２号,2023-06-29,合同会社
合同会社ＳＯＵＬＡＢＯ,岐阜県山県市徳永２０５番地１,2023-06-29,合同会社
合同会社ＳＰＲＯＵＴ,北海道札幌市中央区南七条西６丁目４２３－４３－３０３号,2023-06-29,合同会社
合同会社Ｔ＆Ａ,東京都世田谷区上野毛３丁目２３番１号サウススクエア１０５,2023-06-29,合同会社
合同会社Ｔ．フロンティア,沖縄県那覇市字与儀２３番地,2023-06-29,合同会社
合同会社Ｔｈｉｎｋ　ｒｉｃｈ,青森県青森市青葉３丁目１３番地２６プレステージＡ１０３号,2023-06-29,合同会社
合同会社ｃｏｎｔｉｇｏ,沖縄県島尻郡南風原町字宮平１９１番地６,2023-06-29,合同会社
合同会社ｏｕｅｎ社,沖縄県宜野湾市真志喜３丁目１番１－３０２号比嘉アパート,2023-06-29,合同会社
合同会社ｗａｎｏ,北海道苫小牧市明野新町５丁目２２番１９号,2023-06-29,合同会社
埼玉ドローンサービス株式会社,埼玉県川口市柳崎３丁目１２番４３号,2023-06-29,株式会社
大一水産株式会社,静岡県伊東市静海町１１番１４号,2023-06-29,株式会社
威音器楽器株式会社,大阪府大阪市中央区内本町２丁目３－１１内本町グリーンビル７Ｆ,2023-06-29,株式会社
安歌コンサルティングサービス株式会社,兵庫県神戸市中央区御幸通８丁目１番６号神戸国際会館２２階１４２号室,2023-06-29,株式会社
安騰株式会社,大阪府大阪市中央区船越町１丁目５－８－４０９号室,2023-06-29,株式会社
宮本株式会社,埼玉県川口市戸塚東１丁目２５番３３ニューグリーンスティ３０３号,2023-06-29,株式会社
尼崎下水道メンテナンス事業協同組合,兵庫県尼崎市西立花町２丁目２０番９号,2023-06-29,その他の設立登記法人
幼一花商株式会社,東京都台東区台東１丁目２３番４五十川ビル３０２号,2023-06-29,株式会社
悦之声株式会社,東京都豊島区池袋２丁目４９番１号高橋乾幸ビル３０１,2023-06-29,株式会社
新創株式会社,大阪府大阪市中央区瓦屋町３丁目９－７シティライフディナスティ日本橋２０４号室,2023-06-29,株式会社
日商拓産株式会社,東京都杉並区清水３丁目３１番１０号,2023-06-29,株式会社
日本イノベーティブフィジックス合同会社,東京都港区港南２丁目１６番４号品川グランドセントラルタワー８階,2023-06-29,合同会社
日本藍狐株式会社,大阪府大阪市西成区橘３丁目７番３号１階,2023-06-29,株式会社
日鉄プロセッシング株式会社,大阪府堺市堺区熊野町西３丁２番７号,2023-06-29,株式会社
昭明文苑株式会社,東京都杉並区井草４丁目１番４号シグマース１‐Ａ号室,2023-06-29,株式会社
有限会社みつ星薬局,長野県長野市豊野町豊野１３３３番地３,2023-06-29,有限会社
有限会社三光商会,東京都港区白金１丁目２番１２号,2023-06-29,有限会社
有限会社第一工務,山口県宇部市大字上宇部１０７８番地の２,2023-06-29,有限会社
木子木株式会社,大阪府堺市南区高倉台２丁１１番１３号,2023-06-29,株式会社
東南株式会社,東京都北区中里１丁目２１番２号中里ビル１Ｆ,2023-06-29,株式会社
東方仙台株式会社,兵庫県西宮市鷲林寺南町１０－４５,2023-06-29,株式会社
株式会社いぶきコーポレーション,東京都世田谷区等々力８丁目２６番８号,2023-06-29,株式会社
株式会社いろどり,愛知県名古屋市熱田区切戸町２丁目２番地,2023-06-29,株式会社
株式会社すずなり,東京都目黒区駒場１丁目３０－９ラフィーヌ駒場１０１,2023-06-29,株式会社
株式会社どんぐり,東京都中央区湊２丁目１５－１４－１２０６,2023-06-29,株式会社
株式会社ゆうかり,福岡県北九州市小倉南区春ケ丘１０番７号（Ａ棟２０７）,2023-06-29,株式会社
株式会社アイリス警備保障,大阪府大阪市東淀川区東中島２丁目８番地８ワークステーション新大阪５０５号,2023-06-29,株式会社
株式会社アクシスＩＴ,東京都千代田区丸の内１丁目１１番１号,2023-06-29,株式会社
株式会社アシスト,大阪府大阪市東住吉区杭全４丁目１－１５ツワイアクト８８－１Ｆ,2023-06-29,株式会社
株式会社アット・ボタニカル,北海道札幌市中央区南九条西１６丁目３番７号,2023-06-29,株式会社
株式会社アトリエミッチェル,神奈川県相模原市緑区橋本３丁目２７番６号,2023-06-29,株式会社
株式会社インフォテック,東京都杉並区西荻北３丁目２１番１５－１２０３号ベルフォート西荻,2023-06-29,株式会社
株式会社エイト,東京都渋谷区代官山町９－１０ＳｏｄａＣＣｏ１Ｆ株式会社グリーンルーム内,2023-06-29,株式会社
株式会社エニシエイト,大阪府大阪市東住吉区矢田２丁目７番１２,2023-06-29,株式会社
株式会社エビュー,福岡県福岡市南区大楠２丁目４番１４号第２フジサンビル２０２号,2023-06-29,株式会社
株式会社エムエステート,愛媛県松山市清水町２丁目１３番地１５,2023-06-29,株式会社
株式会社エートゥゼット,埼玉県さいたま市岩槻区大字長宮１０６２番地４,2023-06-29,株式会社
株式会社カガ,兵庫県尼崎市御園町２４番地尼崎第一ビル４０２号,2023-06-29,株式会社
株式会社カワタツフーズ,東京都青梅市大柳町１３８０番地の１マイキャッスル青梅７０５,2023-06-29,株式会社
株式会社キリシマ,兵庫県尼崎市御園町２４番地尼崎第一ビル４０２号,2023-06-29,株式会社
株式会社クリエイト,大阪府大阪市中央区日本橋１丁目２５番２３号,2023-06-29,株式会社
株式会社クレフラン,東京都中央区銀座１丁目２２番１１号銀座大竹ビジデンス２Ｆ,2023-06-29,株式会社
株式会社グラニフマーケティング,東京都渋谷区神宮前２丁目３４番１７号,2023-06-29,株式会社
株式会社コネクトプラス,静岡県浜松市東区薬師町３５７番地,2023-06-29,株式会社
株式会社サイコロ・マネジメント,東京都練馬区大泉学園町６丁目２７番２０号,2023-06-29,株式会社
株式会社シビルサポート・ケイ,宮城県仙台市青葉区本町１丁目１４番１８号,2023-06-29,株式会社
株式会社シマ,東京都国分寺市本町４丁目１３番１２号,2023-06-29,株式会社
株式会社シンシア,京都府京都市左京区浄土寺下南田町１０３－１Ｆ,2023-06-29,株式会社
株式会社スぺークローリー,大阪府大阪市東淀川区淡路４丁目１４番１３号,2023-06-29,株式会社
株式会社スシル工業,愛知県名古屋市中川区尾頭橋３丁目１５番５号、裕富ビル,2023-06-29,株式会社
株式会社スリーカウント,京都府京都市下京区小稲荷町８５番地８,2023-06-29,株式会社
株式会社スリール,愛知県知多郡阿久比町大字卯坂字向山下１番地９サンヒルズＪ２０１号,2023-06-29,株式会社
株式会社スロウライフ,大阪府枚方市長尾元町６丁目２番１５号サンビレッジ長尾３０３,2023-06-29,株式会社
株式会社ゼウスブリッジ,東京都江戸川区東葛西８丁目２３番２２号,2023-06-29,株式会社
株式会社ソフィアホームズ,石川県小松市下粟津町子３３番地１,2023-06-29,株式会社
株式会社タイドスクエア・ジャパン,東京都港区虎ノ門４丁目３－１－２７階,2023-06-29,株式会社
株式会社トライアブル,兵庫県西宮市上甲子園４丁目６番３号,2023-06-29,株式会社
株式会社ドド・アセール,東京都豊島区池袋２丁目３６－１ＢＩＺｃｏｍｆｏｒｔ池袋西口８Ｆ－５０号室,2023-06-29,株式会社
株式会社ハートケアナーシング,東京都調布市下石原３丁目２０番地７,2023-06-29,株式会社
株式会社パインスマート,兵庫県神戸市灘区大和町４丁目２番５－２０１号,2023-06-29,株式会社
株式会社ビーアイ,富山県富山市山室１４４番地２０,2023-06-29,株式会社
株式会社ファーストスター,愛知県安城市東栄町６丁目２４番地１７ジュネス神谷１０１,2023-06-29,株式会社
株式会社フォレストベース,福島県白河市上ノ原４番地３３,2023-06-29,株式会社
株式会社フタバ,山梨県笛吹市春日居町小松１０７８番地１,2023-06-29,株式会社
株式会社フルスマイル,埼玉県さいたま市浦和区高砂２丁目３番４－７０１号,2023-06-29,株式会社
株式会社プロジェクトＭ,東京都豊島区駒込１丁目１９番５号ＤＧ駒込１０１,2023-06-29,株式会社
株式会社ホンダ不動産,兵庫県神戸市西区伊川谷町有瀬６９６－４７－２０１,2023-06-29,株式会社
株式会社マルニホールディングス,福島県郡山市谷島町５番４２号,2023-06-29,株式会社
株式会社ミミフィーユ,東京都新宿区新宿２丁目５－１５小菅ビル５０５,2023-06-29,株式会社
株式会社ミメロ,東京都世田谷区弦巻３丁目１２－２２ジェイパーク桜新町４０２,2023-06-29,株式会社
株式会社モビリティアンサーホールディングス,東京都江東区有明３丁目７番２６号有明フロンティアビルＢ棟９階,2023-06-29,株式会社
株式会社リパル,神奈川県平塚市四之宮３丁目６番３３号新倉ビル１０４,2023-06-29,株式会社
株式会社リベルタス,埼玉県桶川市西２丁目４番３－３号,2023-06-29,株式会社
株式会社レリオン,北海道札幌市中央区大通西７丁目１－１井門札幌パークフロント９階,2023-06-29,株式会社
株式会社ロックヒルファーム,東京都練馬区石神井町２丁目３４番１７－１０９号,2023-06-29,株式会社
株式会社ヴァリアストレード,山口県岩国市麻里布町２丁目７番９号岩国ＹＳビル２階,2023-06-29,株式会社
株式会社三ノ輪明神,東京都中央区日本橋３丁目３－３,2023-06-29,株式会社
株式会社三愛,鹿児島県鹿児島市松原町６番２号松原ハイツ１０２号,2023-06-29,株式会社
株式会社中嶋機械,宮城県仙台市泉区松森字新田１７５番地の２,2023-06-29,株式会社
株式会社丸勝,京都府京都市下京区朱雀宝蔵町９０番地,2023-06-29,株式会社
株式会社住連川建設,大阪府四條畷市雁屋北町５番５号,2023-06-29,株式会社
株式会社免疫健康開発,東京都中央区銀座１丁目２２－１１銀座大竹ビジデンス２Ｆ,2023-06-29,株式会社
株式会社冨和,兵庫県西宮市南郷町９番５２号,2023-06-29,株式会社
株式会社南生商会,石川県金沢市福久町ホ２８番地１プロスパーヤマキ２０１,2023-06-29,株式会社
株式会社太源,東京都新宿区中落合２丁目１８番１９号犬竹荘２０３,2023-06-29,株式会社
株式会社安媛,大阪府大阪市東住吉区鷹合４丁目２１番１６号１Ｆ－Ｃ,2023-06-29,株式会社
株式会社寺元工業,滋賀県大津市大江６丁目２８番２１号アイリスキシバ４０５号,2023-06-29,株式会社
株式会社山和,兵庫県西宮市南郷町９番５２号,2023-06-29,株式会社
株式会社希禅工業,愛知県あま市七宝町遠島七反田５６５番地,2023-06-29,株式会社
株式会社幸田画業,千葉県柏市しいの木台４丁目４１番８号,2023-06-29,株式会社
株式会社新成,神奈川県相模原市中央区淵野辺本町２丁目３２番２０号,2023-06-29,株式会社
株式会社日中茶龍,東京都新宿区西早稲田２丁目４番２３号グランベル西早稲田プレシャス９０２,2023-06-29,株式会社
株式会社木の葉,愛知県名古屋市中区栄１丁目５番１４号,2023-06-29,株式会社
株式会社木瓜舎,東京都国立市東１丁目４番地の２０,2023-06-29,株式会社
株式会社東京シネリサーチ,東京都中央区銀座３丁目１３番５号,2023-06-29,株式会社
株式会社東和,山梨県笛吹市石和町川中島１６０７番地３１,2023-06-29,株式会社
株式会社森設備工房,千葉県四街道市内黒田３０８番地１３,2023-06-29,株式会社
株式会社横須賀マリン開発,神奈川県横須賀市小川町１３番地４ＭＳＰビル１Ｆ,2023-06-29,株式会社
株式会社櫻景,東京都豊島区西巣鴨１丁目１９－１０,2023-06-29,株式会社
株式会社武島建設,埼玉県川口市前川１丁目２６番１４号,2023-06-29,株式会社
株式会社毅仁商事,大阪府大阪市北区天満橋２丁目２番１３号１Ｆ,2023-06-29,株式会社
株式会社湘北,千葉県成田市美郷台２丁目２５番地１,2023-06-29,株式会社
株式会社福祉の萬屋傍楽,北海道枝幸郡枝幸町北浜町１０７番地３０,2023-06-29,株式会社
株式会社秘祝,東京都台東区上野１丁目２番９号,2023-06-29,株式会社
株式会社箱根民泊,神奈川県足柄下郡箱根町元箱根字御殿６番３４,2023-06-29,株式会社
株式会社縁,広島県東広島市三永２丁目１４番２７－１０１号,2023-06-29,株式会社
株式会社自動レジ研究所,大阪府大阪市淀川区木川西２丁目２－１,2023-06-29,株式会社
株式会社花住坂,京都府京田辺市花住坂１丁目１番地３,2023-06-29,株式会社
株式会社萱森建設,新潟県加茂市大字加茂新田３９６９番地２,2023-06-29,株式会社
株式会社誠和,兵庫県西宮市南郷町９番５２号,2023-06-29,株式会社
株式会社輝夜,神奈川県厚木市鳶尾３丁目１番４－２０１号,2023-06-29,株式会社
株式会社進詩工業,福岡県北九州市八幡西区楠橋下方２丁目２番４３号（Ａ棟１０１）,2023-06-29,株式会社
株式会社響,東京都江東区富岡１丁目６－６ＴＴＲビル地下１階,2023-06-29,株式会社
株式会社高笠,北海道北広島市西の里南２丁目１２番地５,2023-06-29,株式会社
株式会社Ａコマース,大阪府大阪市住吉区上住吉１丁目１番６号,2023-06-29,株式会社
株式会社ＡＩＳサポート,三重県鈴鹿市西条５丁目４０番地の１,2023-06-29,株式会社
株式会社ＡＬ　ＲＩＨＬＡ,茨城県筑西市二木成１５２５番地,2023-06-29,株式会社
株式会社Ａｔａｒａｘｉａ　Ｌｉｆｅ,東京都多摩市豊ヶ丘２丁目１５－３－４０３,2023-06-29,株式会社
株式会社ＢＡＳＥ,東京都江戸川区東松本１丁目８番１３号,2023-06-29,株式会社
株式会社ＢＧＩ,東京都府中市府中町３丁目７番地の１９,2023-06-29,株式会社
株式会社ＢＲＡＶＥ,茨城県石岡市瓦谷２１５７番地,2023-06-29,株式会社
株式会社ＢＵＺＺＯＮＥ,愛知県名古屋市中区栄２丁目９番５号,2023-06-29,株式会社
株式会社ＢｅＬＬＡ,東京都八王子市東町１番１０号グランデハイツ八王子８０１,2023-06-29,株式会社
株式会社Ｂｅｗｉｓｔｅｎｚ,大阪府大阪市北区樋之口町１番２０－３７０２号,2023-06-29,株式会社
株式会社Ｂｏｕｎｄｙ,神奈川県横須賀市秋谷２丁目７番８号,2023-06-29,株式会社
株式会社ＣＨＥＥＳＥプラス,大阪府大阪市中央区南船場３丁目１１番１０号心斎橋太陽ビル,2023-06-29,株式会社
株式会社ＣＯＢＢ,東京都中野区中央２丁目３０－９－２２８,2023-06-29,株式会社
株式会社Ｃｏａｃｈ　Ｇｒａｃｅ,東京都港区港南２丁目１５番１号品川インターシティＡ棟２８階,2023-06-29,株式会社
株式会社ＣｏｌｌａＷｉｎｄ,新潟県新潟市西区五十嵐２の町８０５０,2023-06-29,株式会社
株式会社Ｃｏｒｄｉｓ,兵庫県神戸市灘区宮山町３丁目１番１８トーカン六甲キャスティール１０５号,2023-06-29,株式会社
株式会社ＤＥＬＡＮＯ,埼玉県川口市並木２丁目２４番１８－１２０３号オーベル川口並木,2023-06-29,株式会社
株式会社ＤａｎＡ　Ｃｒｅａｔｉｏｎｓ,福岡県北九州市八幡西区光貞台２丁目２５番１０号,2023-06-29,株式会社
株式会社Ｄｉｍｅ,沖縄県石垣市字新川８７－３,2023-06-29,株式会社
株式会社Ｄｗｅｌｌｉｎｇ,宮城県仙台市若林区荒井南２９番地の５,2023-06-29,株式会社
株式会社Ｅ　Ａｓｓｅｔｓ　Ｍａｎａｇｅｍｅｎｔ,東京都足立区保木間４丁目２８番１７号,2023-06-29,株式会社
株式会社ＥＶＩＲＯシャンパーニュ,福井県福井市安波賀中嶋町第６号２番地,2023-06-29,株式会社
株式会社Ｅｒｉｍａｋｉｌｉｚａｒｄ,東京都江戸川区本一色３丁目１１－２０－１０２,2023-06-29,株式会社
株式会社ＦＵＮＰＥＡ,東京都台東区柳橋１丁目４番３号ツイントラスⅡビル２階,2023-06-29,株式会社
株式会社ＦｉＶＥ　ＭＯＶＥＭＥＮＴ,埼玉県越谷市蒲生茜町１１番地１０,2023-06-29,株式会社
株式会社Ｆｏｒｅｓｔ＆Ｃｏ．,東京都江東区辰巳１丁目５番１７－２５０６号,2023-06-29,株式会社
株式会社ＧＲＣオートリース,北海道札幌市東区丘珠町５２４番地９３,2023-06-29,株式会社
株式会社Ｇｅｎｅｒａｌ　Ｏｎｅ,岐阜県土岐市泉町久尻三十二丁目７番地,2023-06-29,株式会社
株式会社ＨＡＪＩＭＥ　ＡＳＡＯＫＡ,東京都渋谷区神宮前２丁目３０番７－１０４号,2023-06-29,株式会社
株式会社ＨＯＭＥ　ＭＡＰ,東京都台東区下谷３丁目１番２４号,2023-06-29,株式会社
株式会社Ｈｅｌｌｏ　Ｗｏｒｌｄ,熊本県菊池郡大津町大字大津１２６９番地８,2023-06-29,株式会社
株式会社Ｈｉｌｌｔｏｐ　Ｃｏｒｐｏｒａｔｉｏｎ,兵庫県西宮市南郷町９番５２号,2023-06-29,株式会社
株式会社ＩＤＥＡＳ,埼玉県坂戸市薬師町２２番地８第一石田ビル１０２号,2023-06-29,株式会社
株式会社ＪＣ,東京都稲城市矢野口２３９９－１,2023-06-29,株式会社
株式会社ＫＡＫＩＭＡＳＡ,滋賀県大津市粟津町５番７号,2023-06-29,株式会社
株式会社ＫｎＴ,東京都台東区浅草橋５丁目４番５号,2023-06-29,株式会社
株式会社Ｌａ　Ｆｏｎｔｅ,京都府南丹市美山町和泉大迫１０番地１０,2023-06-29,株式会社
株式会社ＬａｎｄＮｉｎｅ,千葉県千葉市美浜区中瀬２丁目６番地１ワールドビジネスガーデンマリブウエスト２階,2023-06-29,株式会社
株式会社Ｌｉｆｅｓｉｚｅ,兵庫県西宮市南甲子園１丁目２番１９－２０１号,2023-06-29,株式会社
株式会社Ｍ．Ｅ．Ｃ,福岡県糸島市神在西３丁目９番１号,2023-06-29,株式会社
株式会社Ｍ３７,東京都八王子市長沼町１０７６番地４,2023-06-29,株式会社
株式会社ＭＫスリー,東京都江戸川区東瑞江１丁目４８－８－１０１,2023-06-29,株式会社
株式会社Ｍａｃｈｉｄａホールディングス,大阪府堺市北区北花田町４丁１１９番地１,2023-06-29,株式会社
株式会社ＭｅＬｉｋｅハウジング,東京都新宿区高田馬場３丁目１－５サンパティオ高田馬場５２２号室,2023-06-29,株式会社
株式会社Ｎ,福岡県糟屋郡宇美町桜原１丁目４番３号,2023-06-29,株式会社
株式会社Ｎ５,東京都千代田区神田和泉町１番地６－１６ヤマトビル４０５,2023-06-29,株式会社
株式会社ＮＡＭＥ,大阪府大阪市中央区東心斎橋１丁目１６番２０号心斎橋ステージアビル５階,2023-06-29,株式会社
株式会社ＯＮＥ　ＴＲＵＳＴＹ,千葉県市川市稲荷木２丁目７番６号,2023-06-29,株式会社
株式会社ＯＵＧＡ,千葉県木更津市金田東１丁目１２番地１１,2023-06-29,株式会社
株式会社ＰＥＴ’Ｓ　ＭＯＳＴ,東京都中央区日本橋浜町３丁目３４番地５号吉田ビル１階,2023-06-29,株式会社
株式会社Ｐｉｎｚ,東京都新宿区西新宿３丁目３番１３号西新宿水間ビル２Ｆ,2023-06-29,株式会社
株式会社Ｐｏｓｔ　ＭＢＡ’ｓ,東京都渋谷区松濤１丁目２８－７シャトレー松濤４０３,2023-06-29,株式会社
株式会社Ｐｒｏｐｅｅ,東京都練馬区中村１丁目８－２,2023-06-29,株式会社
株式会社Ｒ,東京都葛飾区奥戸６丁目２１番２２号,2023-06-29,株式会社
株式会社ＲＡＤ　ＭＡＲＩＮＥ　ＣＬＵＢ,東京都大田区東矢口３丁目５番５－７０２号,2023-06-29,株式会社
株式会社ＲＩＲＩＨＡＲＵ,和歌山県和歌山市三葛５５６－１３,2023-06-29,株式会社
株式会社ＲＯＯＴＺ,宮城県仙台市青葉区三条町１３番１１号,2023-06-29,株式会社
株式会社Ｒｏａ,大阪府大阪市西区靱本町１丁目１４番１１号ＲＥ－０１４（５０２号室）,2023-06-29,株式会社
株式会社Ｒｏｃｋｓ　Ｏｆｆ,東京都品川区旗の台６丁目２３番１０－６０１号,2023-06-29,株式会社
株式会社Ｓ．Ｓ．Ｃ,長野県岡谷市長地梨久保２丁目１６番５号,2023-06-29,株式会社
株式会社Ｓｉｍｐｌｅｍａｔｅ,埼玉県さいたま市大宮区桜木町２丁目３番地大宮マルイ７階,2023-06-29,株式会社
株式会社Ｔ２Ｋ,静岡県浜松市中区田町３２９－８マルマンビル２Ｆ,2023-06-29,株式会社
株式会社ＴＡＫＵＭＩ,千葉県市川市市川南１丁目２番３号１０２号室,2023-06-29,株式会社
株式会社ＴＥＡＬ,福岡県福岡市博多区板付４丁目８番１号,2023-06-29,株式会社
株式会社ＴＥＣ,東京都東大和市芋窪６丁目１０１２番地の１２,2023-06-29,株式会社
株式会社ＴＨＥ,石川県金沢市長土塀３丁目６‐１シティハウス金沢犀川１０１号,2023-06-29,株式会社
株式会社ＴＨＲＥＥ８,兵庫県神戸市中央区元町通５丁目３番１８号７Ｆ,2023-06-29,株式会社
株式会社ＴＫ,福岡県福岡市東区馬出４丁目４番２号,2023-06-29,株式会社
株式会社ＴＯＵＷＡ,千葉県木更津市金田東１丁目１２番地１１,2023-06-29,株式会社
株式会社ＴｅｎＢｌｏｏｍ,北海道札幌市白石区菊水二条１丁目８番１６－３０４号,2023-06-29,株式会社
株式会社Ｔｈｉｎｋ,東京都港区新橋２丁目８番１号,2023-06-29,株式会社
株式会社Ｔｏ　Ｊａｐａｎ,京都府京都市下京区深草町５８６番地１ＡＤ・ＣＯＭビル２階,2023-06-29,株式会社
株式会社ＵＲＡ　ＥＬＥＶＥＮ,埼玉県羽生市大字上岩瀬５番地１,2023-06-29,株式会社
株式会社ＶＥＳＴＡＲＣＨ,大阪府大阪狭山市大野台１丁目２７番１１号,2023-06-29,株式会社
株式会社ＷＥＤＧＥ,神奈川県横浜市鶴見区岸谷２丁目２番５号,2023-06-29,株式会社
株式会社ＹＫＧ,千葉県松戸市栗ケ沢８３０番地の６１,2023-06-29,株式会社
株式会社ａｂｃ,東京都品川区小山５丁目１６番２号,2023-06-29,株式会社
株式会社ｇｒｉｍｐｉ,大阪府東大阪市花園本町２丁目１３番９号,2023-06-29,株式会社
株式会社ｍｅｍｅｎｔｏ,奈良県桜井市大字竜谷４０８番地の３,2023-06-29,株式会社
株式会社ｓｕｍ,千葉県市川市新田１丁目６番２１号（若葉ヴィラ２０２号）,2023-06-29,株式会社
横浜山手町株式会社,東京都江戸川区中葛西５丁目２０番９号ＳＵＮＧＩＯＩＡＮｏｒｔｈ１０１,2023-06-29,株式会社
欧亜株式会社,大阪府大阪市生野区新今里１丁目１０番１７号,2023-06-29,株式会社
渡良瀬陸送商事株式会社,茨城県古河市尾崎３９５７番地９,2023-06-29,株式会社
無相合同会社,東京都中央区東日本橋２丁目２８－４,2023-06-29,合同会社
特定非営利活動法人さくら,福島県本宮市白岩字塩ノ崎４１５,2023-06-29,その他の設立登記法人
特定非営利活動法人キャリア形成推進研究所,北海道札幌市中央区北四条西７丁目５番３７号緑苑第二ビル８０３号,2023-06-29,その他の設立登記法人
特定非営利活動法人北海道難聴支援ネットワーク,北海道札幌市中央区南一条西１７丁目２９１番地８５北海道公立大学法人札幌医科大学医学部耳鼻咽喉科・頭頸部外科学講座内,2023-06-29,その他の設立登記法人
特定非営利活動法人玉津サッカークラブ,愛媛県西条市下島山甲２０５５番地６０,2023-06-29,その他の設立登記法人
窓智化株式会社,東京都中央区新富１丁目１５番１１号マキプラザビル４０３,2023-06-29,株式会社
経天偉業株式会社,東京都千代田区神田三崎町２丁目１０番１１号Ｐｅｇビル３Ａ－３号室,2023-06-29,株式会社
義達国際株式会社,大阪府貝塚市二色北町１－１５カワサキ貝塚倉庫２階（２０６）,2023-06-29,株式会社
航空ネットワークコンサルタンツ株式会社,愛知県名古屋市中区千代田１丁目１１番２６号,2023-06-29,株式会社
藤沢第二期株式会社,東京都江戸川区中葛西５丁目２０番９号ＳＵＮＧＩОＩＡＮоｒｔｈ１０１,2023-06-29,株式会社
西岡空調設備株式会社,千葉県千葉市花見川区柏井１丁目２０番５棟５０３号,2023-06-29,株式会社
釧路中央税理士法人,北海道釧路市愛国西４丁目２番２号,2023-06-29,その他の設立登記法人
錦虎株式会社,東京都千代田区神田三崎町２丁目１０番１１号Ｐｅｇビル３Ａ－４号室,2023-06-29,株式会社
風の庭株式会社,大阪府大阪市住吉区万代東メゾン東和一丁目３－２２－１０８号室,2023-06-29,株式会社
高田商事有限会社,静岡県駿東郡小山町須走２４２番地,2023-06-29,有限会社
鴻晟株式会社,大阪府大阪市住之江区安立２丁目７番２－３０６号,2023-06-29,株式会社
Ａ．Ｉ．ＰＣ合同会社,富山県富山市西長江本町７－３,2023-06-29,合同会社
ＡＬＬＳＯ　ＴＥＣＨＮＯＬＯＧＹ　（ＨＫ）　ＬＩＭＩＴＥＤ,,2023-06-29,外国会社等
ＡｉＬｅＫｅ（ＴｉａｎＪｉｎ）Ｔｅｃｈｎｏｌｏｇｙ　Ｃｏ．，Ｌｔｄ．,,2023-06-29,外国会社等
Ａｏｉ　ＰＬＡＮＴ株式会社,愛知県名古屋市中区栄４丁目２０番２号第２和光ビル１０５号室,2023-06-29,株式会社
ＢＥＮＴＯ　ＯＦ　ＪＡＰＡＮ合同会社,東京都目黒区大橋２丁目４番２１号グリーンランドビル６０１,2023-06-29,合同会社
Ｂｅｉｊｉｎｇ　Ｈｕａｘｉａｚｈｉｙｏｎｇ　Ｔｅｃｈｎｏｌｏｇｙ　Ｄｅｖｅｌｏｐｍｅｎｔ　Ｃｏ　Ｌｔｄ,,2023-06-29,外国会社等
Ｂｅｉｊｉｎｇ　ＳｈｉｌｉｈｅＴｅｃｈｎｏｌｏｇｙ　Ｄｅｖｅｌｏｐｍｅｎｔ　Ｃｏ．，Ｌｔｄ．,,2023-06-29,外国会社等
ＢｅｔｏＬａｂｏ合同会社,愛媛県今治市常盤町４丁目４番３０号１Ｆ,2023-06-29,合同会社
Ｃｈａｎｇｓｈａ　Ａｏｓｕｏ　Ｄｉａｎｚｉｓｈａｎｇｗｕ　Ｙｏｕｘｉａｎｇｏｎｇｓｉ,,2023-06-29,外国会社等
ＣｈｅｎＤｕ　ＪｕｎＨｏｎｇＸｉｎｇ　Ｔｅｃｈｎｏｌｏｇｙ　Ｃｏ．，Ｌｔｄ．,,2023-06-29,外国会社等
ＣｈｅｎｇＤｕ　ＪｉｎｇＳｈｉＳｈｉＹｅ　Ｃｏ．，Ｌｔｄ．,,2023-06-29,外国会社等
ＣｈｅｎｇＤｕ　ＪｕＬｉＨｅｎｇ　Ｔｅｃｈｎｏｌｏｇｙ　Ｃｏ．，Ｌｔｄ．,,2023-06-29,外国会社等
ＣｈｅｎｇＤｕ　ＲｏｎｇＢｉｎ　Ｔｒａｄｉｎｇ　Ｃｏ．，Ｌｔｄ．,,2023-06-29,外国会社等
Ｄ＆Ｇ　ＥＭＰＩＲＥ株式会社,東京都豊島区南大塚２丁目１１－１０ミモザビル３Ｆ,2023-06-29,株式会社
ＤＹＬ株式会社,東京都中野区本町４丁目４８番１７号,2023-06-29,株式会社
ＤｏｎｇＧｕａｎＳｈｉ　ＤｕｏＦｅｉ　ＳｈａｎｇＭａｏ　Ｃｏ．，Ｌｔｄ．,,2023-06-29,外国会社等
ＤｏｎｇＧｕａｎＳｈｉＹｕａｎＳｈａｎｇＤｉａｎＺｉＹｏｕＸｉａｎＧｏｎｇＳｉ,,2023-06-29,外国会社等
ＤｕｏＦｅｉ（ＳｈｅｎＺｈｅｎ）Ｔｒａｄｉｎｇ　Ｃｏ．，Ｌｔｄ．,,2023-06-29,外国会社等
ＦＩＩＤＯ合同会社,埼玉県越谷市大沢５４７番地６,2023-06-29,合同会社
ＧＡＲＮＥＴ株式会社,東京都東大和市狭山５丁目１５８０番地,2023-06-29,株式会社
Ｈ＆Ｓ　ＥＮＴＥＲＰＲＩＳＥＳ合同会社,愛知県名古屋市熱田区神宮３丁目５番７号,2023-06-29,合同会社
ＨＡＲＵＳＯＲＡ不動産株式会社,大阪府寝屋川市萱島東３丁目２４番４号プリンスヴィラ１０７号室,2023-06-29,株式会社
ＨＩ－ＴＲＵＭＰ　ＴＥＣＨ　ＬＩＭＩＴＥＤ,,2023-06-29,外国会社等
ＨＵＮＴＳＭＡＮ株式会社,大阪府大阪市大正区小林東２丁目９－５－５０２,2023-06-29,株式会社
ＨｕａＬｅｉＸｕａｎ（Ｔｉａｎｊｉｎ）Ｔｅｃｈｎｏｌｏｇｙ　Ｃｏ．，Ｌｔｄ．,,2023-06-29,外国会社等
ＩＲＯＮＷＯＲＫＥＲ　ｋｊ合同会社,大阪府高槻市日向町６番５号,2023-06-29,合同会社
Ｉｎｔｒａｄｏ　Ｌｉｆｅ＆Ｓａｆｅｔｙ　Ｊａｐａｎ合同会社,茨城県水戸市泉町２丁目２番３３号水戸泉町ビル７階,2023-06-29,合同会社
Ｊｕｓｔｅｃｈ　Ｅｃｏｍｍｅｒｃｅ　Ｌｉｍｉｔｅｄ,,2023-06-29,外国会社等
Ｌａｂｏｒｓｉｎｇ　Ｓａｆｅｔｙ　Ｐｒｏｄｕｃｔｓ　Ｉｎｃ．,,2023-06-29,外国会社等
Ｌｗｅｓｔ合同会社,大阪府大阪市中央区高麗橋１丁目７－７Ｔｈｅｋｉｔａｈａｍａ２５１１号室,2023-06-29,合同会社
Ｍａｒｋｓｕｐ株式会社,神奈川県横浜市中区曙町４丁目５９番地,2023-06-29,株式会社
ＭｏｒｅＮｅｕ株式会社,千葉県野田市柳沢４２番地の１３５,2023-06-29,株式会社
ＮＥ‐Ｓｔｙｌｅ合同会社,東京都豊島区千早２丁目１４番７号,2023-06-29,合同会社
ＮＰＯ法人みんなのデータサイト,福島県福島市飯坂町字一本松１１番７,2023-06-29,その他の設立登記法人
Ｎｅｘｔｅｄｇｅ　Ｌａｂｓ　Ｉｎｃ,,2023-06-29,外国会社等
Ｎｉｎｇｂｏ　Ｔｉａｎｈｏｎｇ　Ｓｔａｔｉｏｎｅｒｙ　ｃｏ．ｌｔｄ．,,2023-06-29,外国会社等
Ｎｏｒｔｈ　Ｌｉｎｋ株式会社,千葉県市川市福栄２丁目２１番１１号,2023-06-29,株式会社
ＯＨＡＹＯ人材サービス株式会社,東京都葛飾区新小岩１丁目５６番１４号キャッスルマンション新小岩７０２号室,2023-06-29,株式会社
Ｐｒｅｓｔｉｇｉｅｕｘ　Ｈｏｌｄｉｎｇｓ　Ｇｒｏｕｐ合同会社,千葉県習志野市鷺沼台３丁目１２番１７号,2023-06-29,合同会社
Ｑｉｎｇｄａｏ　Ｗｅｍａｙ　Ｔｅｘｔｉｌｅ　ＣＯ．，Ｌｔｄ．,,2023-06-29,外国会社等
Ｑｕａｎｔｕｍ　Ｍｅｓｈ株式会社,東京都港区六本木１丁目３番４１号アークヒルズサイド１Ｆ,2023-06-29,株式会社
ＲＦＰ株式会社,東京都杉並区高井戸東４丁目３番２２号,2023-06-29,株式会社
Ｒｉｍａｎ　Ｊａｐａｎ株式会社,愛知県名古屋市東区白壁１丁目５８番地,2023-06-29,株式会社
Ｒｏａｄ株式会社,愛知県名古屋市中区新栄１丁目４９番６号ＫＤＸ千早レジデンス１１０８号,2023-06-29,株式会社
Ｒｏｋａ株式会社,北海道札幌市中央区南九条西４丁目６－１７－２０１,2023-06-29,株式会社
ＳＨＡＮＧＨＡＩ　ＳＨＥＮＧＨＡＮＣＨＯＮＧＷＵＺＨＥＮＬＩＡＯ　ＣＯ．，ＬＴＤ,,2023-06-29,外国会社等
ＳＨＥＮ　ＺＨＥＮ　ＳＨＩ　ＲＵＮ　ＦＥＮＧ　ＣＨＵＡＮＧ　ＸＩＮ　ＫＥＪＩ　ＣＯ，．ＬＴＤ,,2023-06-29,外国会社等
ＳＨＩＫＩ株式会社,東京都千代田区神田神保町３丁目２番地１,2023-06-29,株式会社
ＳＨＩＯＭＯＮ株式会社,埼玉県さいたま市大宮区三橋２丁目５３９番地３,2023-06-29,株式会社
ＳＫ合同会社,神奈川県川崎市幸区東小倉１５番７－６０３号ドメス新川崎,2023-06-29,合同会社
ＳＫＡＣ株式会社,千葉県船橋市夏見３丁目１９番１０－１０２号,2023-06-29,株式会社
ＳＰＡ株式会社,神奈川県横浜市西区みなとみらい３丁目７番１号オーシャンゲートみなとみらい８階,2023-06-29,株式会社
ＳＷＥＬＬ　ＳＯＣＩＥＴＹ株式会社,大阪府大阪市天王寺区大道２丁目６番１号,2023-06-29,株式会社
ＳｈａｎＸｉＤｉｎｇＹｕａｎＳｈｅｎｇＫｅＪｉＹｏｕＸｉａｎＧｏｎｇＳｉ,,2023-06-29,外国会社等
Ｓｈａｎｇｈａｉ　Ｊｉｎｇ　Ｙｕ　Ｎｅｔｗｏｒｋ　Ｔｅｃｈｎｏｌｏｇｙ　Ｃｏ．，Ｌｔｄ．,,2023-06-29,外国会社等
Ｓｈｅｎ　ｚｈｅｎ　ｓｈｉ　ｍａｎ　ｓｕｏ　ｍａｏ　ｙｉ　ｙｏｕ　ｘｉａｎ　ｇｏｎｇ　ｓｉ,,2023-06-29,外国会社等
ＳｈｅｎＺｈｏｕ　ＸｕＲｉ（ＴｉａｎＪｉｎ）Ｔｒａｄｉｎｇ　Ｃｏ．，Ｌｔｄ,,2023-06-29,外国会社等
Ｓｈｅｎｚｈｅｎ　Ｂｕｑｉａｎｌａｏ　Ｔｅｃｈｎｏｌｏｇｙ　Ｃｏ．，Ｌｔｄ．,,2023-06-29,外国会社等
Ｓｈｅｎｚｈｅｎ　Ｆｕｓｉｔａｉ　Ｎｅｔｗｏｒｋ　Ｔｅｃｈｎｏｌｏｇｙ　Ｃｏ．，Ｌｔｄ,,2023-06-29,外国会社等
Ｓｈｅｎｚｈｅｎ　Ｌｉｎｆｅｎｇ　Ｂａｏｚｈｕａｎｇ　ＺｈｉＰｉｎ　Ｙｏｕｘｉａｎｇｏｎｇｓｉ,,2023-06-29,外国会社等
Ｓｈｅｎｚｈｅｎ　Ｚｈｉｙｕａｎｔｏｎｇｔａｉ　ｔｅｃｈｎｏｌｏｇｙ　Ｃｏ．ＬＴＤ,,2023-06-29,外国会社等
Ｓｈｅｎｚｈｅｎ　ｓｈｉ　ｙｉ　ｂｏ　ｔｅ　ｇｕｏｊｉ　ｍａｏｙｉ　ｙｏｕｘｉａｎ　ｇｏｎｇｓｉ,,2023-06-29,外国会社等
Ｓｉｍｐｌｅ合同会社,福岡県福岡市早良区小田部１丁目２８－１４－１,2023-06-29,合同会社
ＴＨＡＮＨ　ＫＨＡＮＧ合同会社,埼玉県坂戸市伊豆の山町２１番地３９ＫＩＶオフィス伊豆の山２号棟Ａ号室,2023-06-29,合同会社
ＴＨＵＣ　ＰＨＡＭ　ＶＩＥＴ　ＨＵＮＧ　ＮＧＡ合同会社,東京都八王子市台町４丁目４６番３号,2023-06-29,合同会社
Ｔｏｍｏｒｒｏｗ　Ｖｅｎｔｕｒｅ合同会社,沖縄県宮古島市平良字東仲宗根添１１６６番地３１９,2023-06-29,合同会社
Ｕｌｉｎｋｅｒ　Ｔｅｃｈｎｏｌｏｇｙ　Ｌｉｍｉｔｅｄ,,2023-06-29,外国会社等
ＷＡＣ化学株式会社,東京都稲城市東長沼９８２番地の３,2023-06-29,株式会社
ＹＫＹ株式会社,埼玉県川口市南前川２丁目１１番２３号２０２,2023-06-29,株式会社
ＹｏｕｎｇＯｎｅ広告株式会社,東京都北区赤羽２丁目６９番２号,2023-06-29,株式会社
Ｚｈｅｎｇｘｕｅｓｉ（Ｔｉａｎｊｉｎ）Ｔｅｃｈｎｏｌｏｇｙ　Ｃｏ．，Ｌｔｄ,,2023-06-29,外国会社等
ｃ．ｉ．ｈ株式会社,千葉県習志野市谷津５丁目４番９号岸田ビル２Ａ,2023-06-29,株式会社
ｃｈａｎｇ　ｓｈａ　ｌｉ　ｒｕ　ｄｉａｎ　ｚｉ　ｋｅ　ｊｉ　ｙｏｕ　ｘｉａｎ　ｇｏｎｇ　ｓｉ,,2023-06-29,外国会社等
ｃｏｃｏ　ｓｍｉｌｉｎｇ合同会社,神奈川県茅ヶ崎市松が丘２丁目５番８号ボヌール湘南１０１,2023-06-29,合同会社
ｄｏｎｇｇｕａｎｓｈｉｍｅｉｗａｎｇｌｕｏｙｏｕｘｉａｎｇｏｎｇｓｉ,,2023-06-29,外国会社等
ｊｉｌｉｎｓｈｉｊｉｊｉｎｇｄｉａｎｚｉｓｈａｎｇｗｕｙｏｕｘｉａｎｇｏｎｇｓｉ,,2023-06-29,外国会社等
ｌｏｎｇｙａｎｓｈｉｂｉｔｕｘｉｍａｏｙｉｙｏｕｘｉａｎｇｏｎｇｓｉ,,2023-06-29,外国会社等
ｎｉｎｇｂｏｙｉｓｈｉｓｈａｎｇｍａｏｙｏｕｘｉａｎｇｏｎｇｓｉ,,2023-06-29,外国会社等
ｓｈｅｎ　ｚｈｅｎ　ｓｈｉ　ｈａ　ｐｅｉ　ｑｉ　ｍａｏ　ｙｉ　ｙｏｕ　ｘｉａｎ　ｇｏｎｇ　ｓｉ,,2023-06-29,外国会社等
ｓｈｅｎｚｈｅｎ　ｙｉｎ　ｓｈｅ　ｃｈｕａｎｇ　ｘｉｎ　ｙｏｕ　ｘｉａｎ　ｇｏｎｇ　ｓｉ,,2023-06-29,外国会社等
ｓｈｅｎｚｈｅｎｓｈｉ　ｆｕｙａｎｇｘｉｎ　ｆａｎｇｚｈｉｐｉｎ　ｙｏｕｘｉａｎｇｏｎｇｓｉ,,2023-06-29,外国会社等
ｓｈｅｎｚｈｅｎｓｈｉ　ｋｕｓｉ　ｙｕｎｄｏｎｇ　ｋｅｊｉ　ｙｏｕｘｉａｎ　ｇｏｎｇｓｉ,,2023-06-29,外国会社等
ｓｈｅｎｚｈｅｎｓｈｉｊｉｎｘｉａｎｇｙａｎｇｈｕａｍａｏｙｉｙｏｕｘｉａｎｇｏｎｇｓｉ,,2023-06-29,外国会社等
さくらマネージメント株式会社,大阪府東大阪市俊徳町１丁目３番２３号桜ガーデン２０２,2023-06-30,株式会社
さんかホールディングス株式会社,福岡県北九州市八幡西区筒井町１５番２号,2023-06-30,株式会社
アフィニティリンク株式会社,宮城県仙台市泉区泉ケ丘１丁目２１番２３号,2023-06-30,株式会社
アルカディア国際株式会社,福岡県久留米市東和町二丁目１１番西田産業第６ビル３０５,2023-06-30,株式会社
アロアロ株式会社,大阪府大阪市阿倍野区旭町２丁目１番１－２１２号,2023-06-30,株式会社
エグゼヴィータ株式会社,神奈川県鎌倉市大町１丁目９番２２号,2023-06-30,株式会社
オレンジ株式会社,大阪府吹田市桃山台５丁目４番２号クレヴィア千里桃山台７０４号室,2023-06-30,株式会社
クオラ株式会社,群馬県高崎市福島町７５７番地２パルステージ１０１,2023-06-30,株式会社
ケーエスセキュリティ株式会社,大阪府大阪市東住吉区針中野２丁目１２番９号,2023-06-30,株式会社
サイボウズ・コネクトシー株式会社,東京都中央区日本橋２丁目７番１号,2023-06-30,株式会社
スマイル合同会社,滋賀県甲賀市甲南町池田１５４５番地８２,2023-06-30,合同会社
スマホレスキュー合同会社,埼玉県上尾市井戸木１丁目２６番地１２,2023-06-30,合同会社
ソーラーアップル合同会社,東京都千代田区九段南３丁目７番７号成和綜合会計事務所内,2023-06-30,合同会社
ソーラーキャロット合同会社,東京都千代田区九段南３丁目７番７号成和綜合会計事務所内,2023-06-30,合同会社
ソーラーマスカット合同会社,東京都千代田区九段南３丁目７番７号成和綜合会計事務所内,2023-06-30,合同会社
データコンサルティングラボ株式会社,東京都千代田区神田和泉町１－６－１６ヤマトビル４０５,2023-06-30,株式会社
ドバイホーム株式会社,東京都港区愛宕２丁目５番１号愛宕グリーンヒルズＭＯＲＩタワー２４階,2023-06-30,株式会社
バワナ株式会社,千葉県千葉市花見川区花園１丁目７－２第８花園ビル３０４号,2023-06-30,株式会社
ポーション株式会社,東京都渋谷区渋谷２丁目１９番１５号宮益坂ビルディング６０９,2023-06-30,株式会社
ポーランド研究会合同会社,北海道札幌市西区西野九条３丁目４番５号,2023-06-30,合同会社
ミナミマーブルプロ株式会社,岐阜県揖斐郡大野町大字公郷１４番地２,2023-06-30,株式会社
ライズエステート株式会社,大阪府大阪市中央区南久宝寺町１丁目６－９,2023-06-30,株式会社
ラクホクホールディングス株式会社,京都府京都市北区西賀茂坊ノ後町１３番地３,2023-06-30,株式会社
リィンカーネーション合同会社,東京都杉並区西荻北５丁目２５番１３号ライオンズマンション５０１,2023-06-30,合同会社
リッチグローバル株式会社,千葉県市川市相之川１丁目５番９－６０９号,2023-06-30,株式会社
ワールドガラスエージェント株式会社,大阪府大阪市中央区本町２丁目３－４アソルティ本町４階,2023-06-30,株式会社
一般社団法人おじさん未来研究所,東京都新宿区西新宿３丁目３番１３号西新宿水間ビル６階,2023-06-30,その他の設立登記法人
一般社団法人まちつくり隊,京都府京都市西京区嵐山中尾下町３２－３,2023-06-30,その他の設立登記法人
一般社団法人個人事業主支援協会,兵庫県芦屋市楠町５番３－３０４号,2023-06-30,その他の設立登記法人
一般社団法人富山ブラック伝承会,富山県射水市戸破１５５５番地の１,2023-06-30,その他の設立登記法人
一般社団法人日韓エンターテイメント協会,東京都新宿区西新宿７丁目１８番１８号新宿税理士ビル本館５０１号,2023-06-30,その他の設立登記法人
一般社団法人育児ケアサポート協会,大阪府豊中市原田元町３丁目４番５号,2023-06-30,その他の設立登記法人
一般社団法人道開きチャクラリーディング協会,神奈川県横浜市西区平沼１丁目４０番１号嶋森ビル８階,2023-06-30,その他の設立登記法人
一般社団法人金沢空家研究所,石川県金沢市野町３丁目１１番１号,2023-06-30,その他の設立登記法人
一般社団法人Ａｒｕ,大阪府大阪市旭区新森３丁目３番９号,2023-06-30,その他の設立登記法人
一般社団法人ＣＷＪグループ,東京都新宿区余丁町１４番２５－４０８号,2023-06-30,その他の設立登記法人
一般社団法人ＳＨ０６８,東京都港区虎ノ門３丁目２２番１０－２０１号,2023-06-30,その他の設立登記法人
一般社団法人ＳＨ０６９,東京都港区虎ノ門３丁目２２番１０－２０１号,2023-06-30,その他の設立登記法人
一般社団法人ｎｉ‐ｆｅ,栃木県足利市福居町４６９番地５,2023-06-30,その他の設立登記法人
一誠株式会社,東京都江東区亀戸５丁目２５－９金沐莊１０１,2023-06-30,株式会社
中重産業株式会社,大分県大分市顕徳町１丁目１番２４号,2023-06-30,株式会社
丹野建設工業株式会社,宮城県名取市高柳字圭田３１２番地の１,2023-06-30,株式会社
佳坊株式会社,大阪府大阪市西成区長橋３丁目５番３号マンションきずな３０３室,2023-06-30,株式会社
充良架設株式会社,埼玉県行田市大字須加４４８番地３,2023-06-30,株式会社
医療法人ひのとり,愛知県名古屋市北区山田２丁目４番５８号,2023-06-30,その他の設立登記法人
医療法人やませ,愛知県名古屋市中区錦３丁目１６－２７栄パークサイドプレイス９階,2023-06-30,その他の設立登記法人
医療法人社団峻栄会,東京都足立区江北６丁目２３番４号,2023-06-30,その他の設立登記法人
厦門派珊電子商務有限公司,,2023-06-30,外国会社等
合同会社いおり,神奈川県相模原市緑区中野１０７７－１,2023-06-30,合同会社
合同会社うんなん補聴器センター,島根県雲南市三刀屋町三刀屋７３番地５,2023-06-30,合同会社
合同会社くっきぃあん,福岡県福岡市東区高美台３丁目２０番１２号,2023-06-30,合同会社
合同会社しろねこ舎,千葉県松戸市松戸１３０７番地の１松戸ビル１３Ｆ,2023-06-30,合同会社
合同会社はたす,東京都世田谷区豪徳寺１丁目５５番２６号,2023-06-30,合同会社
合同会社ぽぽまり企画,岡山県岡山市中区西川原１５５番地１１,2023-06-30,合同会社
合同会社まさのや,東京都世田谷区喜多見５丁目４番３０号テラスフローラ３０２,2023-06-30,合同会社
合同会社アイギス,大阪府大阪市中央区島之内１丁目２２－２２－６０２,2023-06-30,合同会社
合同会社エンズ,東京都練馬区豊玉北４丁目２番３号フェリーチェ一番館１０３号室,2023-06-30,合同会社
合同会社カムレイドトウキョウ・ジャパン,東京都港区浜松町２丁目２番１５号,2023-06-30,合同会社
合同会社カメリア,東京都江戸川区鹿骨２丁目４２番１７－４０１号,2023-06-30,合同会社
合同会社カリンボディ,滋賀県甲賀市甲賀町鳥居野７６５,2023-06-30,合同会社
合同会社クリーム,東京都大田区北千束３丁目１３番１３号,2023-06-30,合同会社
合同会社グランディオーソ,京都府京都市西京区桂上野中町２０３番地桂川テラス２０３,2023-06-30,合同会社
合同会社スリーレイン,東京都文京区大塚３丁目６番８号アークビギン６０３,2023-06-30,合同会社
合同会社セットアッパー,東京都渋谷区渋谷２丁目１９－１５宮益坂ビルディング６０９,2023-06-30,合同会社
合同会社ソウセイラボ,福岡県那珂川市五郎丸３丁目３番２２号,2023-06-30,合同会社
合同会社ティーアイイーシステム,大阪府大阪市北区梅田１丁目１‐３大阪駅前第３ビル２９階１‐１‐１号室,2023-06-30,合同会社
合同会社ハートアンダーブレード,愛知県瀬戸市薬師町５０番地の４シティパレス瀬戸１１０２号,2023-06-30,合同会社
合同会社バニラ,石川県白山市横町９８番地‐１０１,2023-06-30,合同会社
合同会社パイプラインド,東京都港区芝大門２丁目４－５芝ダイヤハイツ９０８,2023-06-30,合同会社
合同会社ビジネス・ベース・アイ,東京都港区南青山７丁目１番１４－４２５号,2023-06-30,合同会社
合同会社ビッグ・ブラザー,東京都江東区北砂３丁目２８番７号,2023-06-30,合同会社
合同会社ボディデザインコンサル,東京都渋谷区代々木２丁目２６番２号第２桑野ビル２－Ｄ号室,2023-06-30,合同会社
合同会社ポリヌス,群馬県高崎市吉井町下長根１２７番地８,2023-06-30,合同会社
合同会社マーキュリー１００,東京都港区西新橋１丁目２番９号メンターキャピタル税理士法人内,2023-06-30,合同会社
合同会社メディアラボ,東京都中野区野方６丁目９番６号,2023-06-30,合同会社
合同会社ラッセル,埼玉県さいたま市大宮区吉敷町２丁目７４番地１－７０２号,2023-06-30,合同会社
合同会社ラフィネルコ,愛知県名古屋市昭和区車田町２丁目５番地（プラウド吹上公園パサージュ８０１）,2023-06-30,合同会社
合同会社ラポールワークス,東京都大田区萩中３丁目５番７号,2023-06-30,合同会社
合同会社リサイクル雅,北海道札幌市中央区北七条西１９丁目１番地拓商ビル２Ｆ,2023-06-30,合同会社
合同会社リツェア,東京都渋谷区本町３丁目４９番１０号ティーエスハイム４０３,2023-06-30,合同会社
合同会社ワンネステラ,神奈川県川崎市麻生区岡上１丁目８－１０,2023-06-30,合同会社
合同会社今井興業,大阪府大阪市生野区新今里５丁目９番９－１０１号,2023-06-30,合同会社
合同会社南日本総合建設,鹿児島県鹿児島市小野２丁目１４番１６号,2023-06-30,合同会社
合同会社大和,東京都板橋区南常盤台２丁目９番６－２０１号,2023-06-30,合同会社
合同会社心園,東京都目黒区東山３丁目１５番１号,2023-06-30,合同会社
合同会社日天,東京都中央区晴海２丁目３番２－６１７号,2023-06-30,合同会社
合同会社桜來,大阪府池田市石橋２丁目４番５号,2023-06-30,合同会社
合同会社秋葉,東京都江戸川区江戸川３丁目９番地１５,2023-06-30,合同会社
合同会社稲妻商会,山口県周南市泉原町１－３－１,2023-06-30,合同会社
合同会社竜王苑,栃木県日光市藤原１３５６－１５,2023-06-30,合同会社
合同会社縁甚,大阪府大阪市中央区東心斎橋２丁目７番３１号プロスパービル八幡筋３Ｆ,2023-06-30,合同会社
合同会社酒井開発柏中部,千葉県柏市篠籠田６４７番地,2023-06-30,合同会社
合同会社鵬宇,神奈川県川崎市川崎区川崎大師駅前二丁目１２番１６号,2023-06-30,合同会社
合同会社ＡＰＲＳ　ＪＡＰＡＮ　ＬＡＮＫＡ,神奈川県平塚市南金目３７５番地の１コーポＪＪ１０２,2023-06-30,合同会社
合同会社Ａｄｄ　Ｓｉｇ,愛媛県松山市来住町１４８９－１プレジール来住１Ｆテナント,2023-06-30,合同会社
合同会社ＢＡＲＣＯＤＥ,東京都江東区新木場１丁目８番２０号,2023-06-30,合同会社
合同会社Ｃ．Ｂカンパニー,東京都中央区東日本橋３丁目３－１７ＲＥ－ＫＮＯＷ東日本橋３Ｃ,2023-06-30,合同会社
合同会社Ｃｏｏ,東京都世田谷区駒沢３丁目１６番２号レ・クレドール駒沢２０１,2023-06-30,合同会社
合同会社ＥＡＣＨ　ＳＴＯＲＹ実行委員会,東京都世田谷区宮坂２丁目２５－１ＨＩＲＡＹＡＧＯＴＯＫＵＪＩ,2023-06-30,合同会社
合同会社Ｅｖｅｒ　Ｙｏｕｒｓ,福岡県行橋市中央１丁目１０番２８号トワヴェール中央２０２,2023-06-30,合同会社
合同会社ＧＫ０６８,東京都港区虎ノ門３丁目２２番１０－２０１号,2023-06-30,合同会社
合同会社ＧＫ０６９,東京都港区虎ノ門３丁目２２番１０－２０１号,2023-06-30,合同会社
合同会社ＧＯＬＤ　ＥＡＲＴＨ,東京都千代田区岩本町２丁目１７－４泰合ビルⅡ５０４号室,2023-06-30,合同会社
合同会社ＨＯ,東京都豊島区雑司が谷３丁目１番５号目白アビタシオン１０５号,2023-06-30,合同会社
合同会社ＩＭＥＩ,福岡県福岡市博多区住吉３丁目５‐２‐２０２号,2023-06-30,合同会社
合同会社ＩＲＩＥ,東京都千代田区隼町２番１２号,2023-06-30,合同会社
合同会社Ｋ‐ＬＩＮＫ,福岡県久留米市梅満町９２５‐１ジョグ六ツ門南１０６号室,2023-06-30,合同会社
合同会社ＫＡＴＡＴＥＭＡ,大阪府泉佐野市下瓦屋１６４番地の１,2023-06-30,合同会社
合同会社ＫＨＴ,福岡県福岡市西区野方６丁目１８番３６号,2023-06-30,合同会社
合同会社ＬＨアセットマネジメント,東京都港区六本木７丁目３番１９号,2023-06-30,合同会社
合同会社Ｌａｎｄｉｓ,千葉県松戸市串崎南町９３番地の２プレミール２０２号,2023-06-30,合同会社
合同会社ＭＡＳＴＥＲＫＥＹ,山形県天童市小路２丁目３番１６号,2023-06-30,合同会社
合同会社ＭＰ　Ｇｌｏｂａｌ,千葉県松戸市大谷口２６３番地の９,2023-06-30,合同会社
合同会社ＭＳ総合企画,東京都渋谷区桜丘町４番１４号ＶＯＲＴ渋谷桜丘ビル５Ｆ,2023-06-30,合同会社
合同会社ＭＵＮＣＨＩＥ,群馬県安中市板鼻６１７番地１１,2023-06-30,合同会社
合同会社ＭｉｄＷｉｖｅｓ,東京都目黒区下目黒６丁目５番２１－１０５号シティテラス下目黒,2023-06-30,合同会社
合同会社ＮＢＰ,東京都千代田区神田三崎町３丁目４－８ヤマダビル２０２,2023-06-30,合同会社
合同会社ＮＯＡＨ,神奈川県大和市深見西４丁目３－２５,2023-06-30,合同会社
合同会社ＯＦＦＩＣＥ　ＨＡＺＵＫＩ,東京都町田市相原町２９６３番地,2023-06-30,合同会社
合同会社Ｏｈａｎａ,広島県広島市安佐南区祇園３丁目４４番１５号ハイカムール祇園２０１号,2023-06-30,合同会社
合同会社Ｏｒｉｇｉｎａｔｉｖｅ,東京都町田市真光寺１丁目１番地１レーベンスガルテン鶴川１１０２,2023-06-30,合同会社
合同会社ＰＬＯＵＴＳ,東京都渋谷区道玄坂１丁目１０番８号渋谷道玄坂東急ビル２Ｆ－Ｃ,2023-06-30,合同会社
合同会社ＰＳＭ,埼玉県川口市朝日２丁目２番８号,2023-06-30,合同会社
合同会社Ｐｏｒｔａｎａ,東京都目黒区上目黒２丁目４４番９号,2023-06-30,合同会社
合同会社ＲＥＳ企画,京都府福知山市字長田４５９番地の１８３,2023-06-30,合同会社
合同会社ＳＰＷ,神奈川県横浜市西区浅間町１丁目４番３号ウィザードビル４０２,2023-06-30,合同会社
合同会社ＳｔｅｐＬｉｎｋ,千葉県船橋市三咲６丁目３４番１２号,2023-06-30,合同会社
合同会社ＴＦコンサルタント,埼玉県草加市松原５丁目１０番２０号,2023-06-30,合同会社
合同会社ＴＳＵＭＵＧＩ,茨城県水戸市堀町２０９２番地の１３シャーメゾンＲ＆Ｙ・Ｂ棟１０３号,2023-06-30,合同会社
合同会社Ｕｐ　ｄｒａｆｔ,静岡県三島市文教町２丁目１４番３３号,2023-06-30,合同会社
合同会社Ｖａｌｕｅ　Ｎｏｗ,東京都渋谷区道玄坂１丁目１０番８号渋谷道玄坂東急ビル２Ｆ－Ｃ,2023-06-30,合同会社
合同会社Ｙ．ｓコーポレーション,福島県いわき市小島町３丁目３番地の３,2023-06-30,合同会社
合同会社ＹＡＭ,東京都杉並区高井戸西３丁目４番２２－２０３号,2023-06-30,合同会社
合同会社ＹＫ　ＺＩＯＮ,山口県下関市南部町２１－１９「１階」,2023-06-30,合同会社
合同会社ｅｙｒｉｅ,愛知県名古屋市中村区名駅４丁目２４番５号第２森ビル４０１,2023-06-30,合同会社
合同会社ｉｋｕｔａｍａ,東京都千代田区神田神保町１丁目６４－３黒政ビル５Ｆ,2023-06-30,合同会社
合同会社ｍｉｎｏｒｉ,福島県南会津郡南会津町穴原３６５,2023-06-30,合同会社
合同会社ｎｉｃｏｌｉｆｅ,兵庫県加古川市平岡町土山２４番地の２２,2023-06-30,合同会社
合同会社ｎｕｎｃ．,東京都目黒区上目黒４丁目３３番１９号上目黒ガーデン２０１,2023-06-30,合同会社
合同会社ｓｈｏｏｔ　ｔｅｃｈ,埼玉県川口市大字神戸５８９番地の４４,2023-06-30,合同会社
合同会社ｔｒｉｐ,宮崎県日向市比良町４丁目４２番地イムタマンション３０１号,2023-06-30,合同会社
坤元株式会社,大阪府大阪市浪速区日本橋東３丁目１５番３号ハイツクシノ５０Ｃ号室,2023-06-30,株式会社
塚越工業株式会社,群馬県前橋市下新田町５２２番地１グラン・シャリオ２０３号,2023-06-30,株式会社
大東未来株式会社,東京都中央区八重洲２丁目１－１－１２,2023-06-30,株式会社
大阪通天閣合同会社,東京都港区元赤坂１丁目１番８号株式会社赤坂国際会計内,2023-06-30,合同会社
天佑興産株式会社,岡山県岡山市北区上中野１丁目４番１１号,2023-06-30,株式会社
好百年株式会社,大阪府大阪市旭区今市１丁目２－５カルム千林４０５号室,2023-06-30,株式会社
尾張社会保険労務協会,愛知県江南市飛高町門野２１２－１,2023-06-30,その他
岩田株式会社,大阪府大阪市旭区清水１丁目１２番１４号モデラート千林１０１号室,2023-06-30,株式会社
常州ライ沃斯光電科技有限公司,,2023-06-30,外国会社等
広西火蝠商貿有限公司,,2023-06-30,外国会社等
弯曲投資株式会社,大阪府大阪市旭区今市１丁目２－５カルム千林３０５号室,2023-06-30,株式会社
愛清広い株式会社,大阪府大阪市大正区三軒家西３丁目４番１６号中山ビル３０６Ａ,2023-06-30,株式会社
日伯農工株式会社,島根県出雲市佐田町反邊１３９１番地１,2023-06-30,株式会社
日本再生医療株式会社,東京都港区赤坂９丁目１番７号,2023-06-30,株式会社
日本桜泉国際株式会社,大阪府大阪市西区西本町２丁目５番１４号,2023-06-30,株式会社
日東組株式会社,東京都品川区小山４丁目９番１２号,2023-06-30,株式会社
易晟株式会社,大阪府大阪市此花区春日出中１丁目９－１３－２０２,2023-06-30,株式会社
春柏合同会社,埼玉県久喜市栗橋東１丁目２１番地５１号,2023-06-30,合同会社
智宇株式会社,大阪府大阪市西成区長橋１丁目５－７－３０６,2023-06-30,株式会社
有方合同会社,大阪府大阪市浪速区大国３丁目６番１２号サンハイツ笹井４０１号室,2023-06-30,合同会社
村上開発合同会社,福岡県太宰府市国分４丁目１９番１９号,2023-06-30,合同会社
杭州宏捷光電設備有限公司,,2023-06-30,外国会社等
杭州西坤貿易有限公司,,2023-06-30,外国会社等
林ノ隅株式会社,東京都江戸川区南小岩７丁目１１番２１号メゾン福田２０１,2023-06-30,株式会社
栄蔵合同会社,大阪府八尾市小阪合町４丁目６番１９号,2023-06-30,合同会社
株式会社うちばこや,福岡県久留米市東町１番地２９カトルズ旭１００２号,2023-06-30,株式会社
株式会社ちーずをたべさせる人,大阪府八尾市陽光園２丁目６番３２号,2023-06-30,株式会社
株式会社ととと,岐阜県多治見市精華町６８番地,2023-06-30,株式会社
株式会社はね,東京都渋谷区千駄ヶ谷２丁目９番１２号千駄ヶ谷ルーテルハイツ　２０４,2023-06-30,株式会社
株式会社ふうか,東京都台東区松が谷２丁目９番１－２０３号,2023-06-30,株式会社
株式会社やさしいチカラ,福岡県福岡市西区西都１丁目１７番２８ラヴィクレール３０３号,2023-06-30,株式会社
株式会社やまひろ,東京都練馬区桜台３丁目４３番２号,2023-06-30,株式会社
株式会社アイテック,大阪府大阪市東淀川区柴島２丁目１８番１９号,2023-06-30,株式会社
株式会社アオフル,大阪府大阪市北区梅田１丁目２番２号大阪駅前第２ビル１２－１２,2023-06-30,株式会社
株式会社アケボノ電気,埼玉県羽生市大字上岩瀬６９４番地,2023-06-30,株式会社
株式会社アドバイス,沖縄県那覇市山下町８番７号,2023-06-30,株式会社
株式会社アミンコーポレーション,埼玉県三郷市彦成３丁目９番７－６０１号,2023-06-30,株式会社
株式会社アリクス,広島県広島市東区牛田早稲田４丁目２番２７号,2023-06-30,株式会社
株式会社アンデージ,宮城県仙台市若林区長喜城字山神４３番地の７,2023-06-30,株式会社
株式会社アートスタイルホーム,北海道紋別郡雄武町字雄武１８５０番地の１２,2023-06-30,株式会社
株式会社イノベーター,和歌山県和歌山市伝法橋南ノ丁６－６ジョイフル伝法橋３０１,2023-06-30,株式会社
株式会社イノヴェイター,広島県広島市佐伯区利松３丁目２５番４８－２０４号ヒュッゲ,2023-06-30,株式会社
株式会社イロドリデザイン,東京都渋谷区渋谷２丁目１９－１５宮益坂ビルディング６０９,2023-06-30,株式会社
株式会社エゼル,東京都練馬区下石神井５丁目１８番１８号プレジール石神井公園Ⅲ２０１,2023-06-30,株式会社
株式会社エム・アイ・エス,宮城県仙台市若林区志波町１３番地の１５サンライズ志波町３１４号,2023-06-30,株式会社
株式会社エレノア,福岡県福岡市博多区中洲３丁目１番２号川丈ビル２Ｆ・Ｃ室,2023-06-30,株式会社
株式会社オンピステ,東京都板橋区東新町２丁目４７番１号,2023-06-30,株式会社
株式会社オーパス,長野県北佐久郡軽井沢町大字長倉３９２３番地１,2023-06-30,株式会社
株式会社オールイン,福岡県北九州市小倉北区船頭町３番３８号,2023-06-30,株式会社
株式会社カイトホーム,兵庫県西宮市甲子園口４丁目２１番２５号レイアーク甲子園４０１,2023-06-30,株式会社
株式会社クラフトワークス,千葉県松戸市上矢切１５９５番地の３,2023-06-30,株式会社
株式会社クリエバリュー,沖縄県浦添市宮城３丁目１３番１１号つばめ荘３０５号室,2023-06-30,株式会社
株式会社クリンクル,大阪府箕面市粟生間谷西１丁目６番８－４０２号,2023-06-30,株式会社
株式会社クローバー,東京都港区芝浦４丁目１６番３６号,2023-06-30,株式会社
株式会社グッド・ワン,神奈川県横浜市金沢区六浦４丁目１０番３４号,2023-06-30,株式会社
株式会社サンマルコーポレーション,広島県広島市安佐北区白木町三田８９２４番地２,2023-06-30,株式会社
株式会社シンドリア,大阪府大阪市浪速区稲荷１丁目５番３９号ターミナルサイド太田６０１号,2023-06-30,株式会社
株式会社ジノベーション,大阪府大阪市中央区安堂寺町２丁目６番１５－６０３号,2023-06-30,株式会社
株式会社スタジオＡＭＴ　ＪＡＰＡＮ,東京都港区北青山３丁目６番７号青山パラシオタワー１１階,2023-06-30,株式会社
株式会社スタジオＦ,福岡県糟屋郡久山町大字久原４０４２番地ラフィーネメゾン上久原Ｅ２０３,2023-06-30,株式会社
株式会社セフィーロ,東京都新宿区高田馬場４丁目１２－１１,2023-06-30,株式会社
株式会社ゼンショ,沖縄県那覇市前島２丁目８－７－２階,2023-06-30,株式会社
株式会社チョイスユアメイド,東京都港区南青山２丁目２番１５号ウィン青山９４２,2023-06-30,株式会社
株式会社チンタコインターナショナル,千葉県白井市十余一１５番地１０号１０２,2023-06-30,株式会社
株式会社テラスシステムズ,埼玉県さいたま市大宮区桜木町１丁目３７８,2023-06-30,株式会社
株式会社トラスト,三重県四日市市波木町１２８番地,2023-06-30,株式会社
株式会社トリプルフォー,静岡県静岡市葵区瀬名中央３丁目２８番１５－１０１号,2023-06-30,株式会社
株式会社ドルフィン・バリュー・アップ１４号,東京都港区芝公園１丁目１番１号住友不動産御成門タワー７階,2023-06-30,株式会社
株式会社ノサル,東京都千代田区神田須田町２丁目２５番地ＧＹＢ秋葉原４Ｆ,2023-06-30,株式会社
株式会社ハイビスカス,埼玉県さいたま市大宮区宮町３丁目３６番地１ガルボ大宮３０１,2023-06-30,株式会社
株式会社ハクタ設備,茨城県稲敷郡阿見町中央５丁目５番１３号,2023-06-30,株式会社
株式会社フォーシナジー,大阪府大阪市西区靱本町１丁目１４番１１号ＲＥ－０１４．３０１号室,2023-06-30,株式会社
株式会社フロンティア・エンタテインメント,東京都渋谷区桜丘町１７－６協栄ビル６階,2023-06-30,株式会社
株式会社ベンヌ,埼玉県春日部市増田新田４６７番地６８,2023-06-30,株式会社
株式会社ホームキーパー,東京都世田谷区赤堤１丁目７番５号,2023-06-30,株式会社
株式会社ライトバックス,香川県丸亀市土器町東７丁目８７７番地,2023-06-30,株式会社
株式会社ランダムファクトリー,東京都渋谷区道玄坂１丁目１０番８号渋谷道玄坂東急ビル２Ｆ－Ｃ,2023-06-30,株式会社
株式会社ループ,愛知県豊橋市飯村北３丁目６番地１,2023-06-30,株式会社
株式会社レアレア,三重県四日市市曽井町１６２１番地１,2023-06-30,株式会社
株式会社ヴァーデメーカム,京都府京都市中京区亀屋町４０５,2023-06-30,株式会社
株式会社佐藤海苔ａｅｒｕ,東京都渋谷区神宮前５丁目４６－１５フィルパーク表参道２Ｆ,2023-06-30,株式会社
株式会社佐野商店,大阪府箕面市小野原西５丁目７番２４号,2023-06-30,株式会社
株式会社健康寿命アドバンス,東京都渋谷区神宮前３丁目４－５－３Ｆ,2023-06-30,株式会社
株式会社優凪,群馬県渋川市上白井２３３０番地,2023-06-30,株式会社
株式会社匠グループ,茨城県久慈郡大子町大字頃藤５１４９番地１,2023-06-30,株式会社
株式会社十駒,東京都台東区雷門２丁目８－８コンフォート浅草１Ｆ,2023-06-30,株式会社
株式会社協進工業,埼玉県さいたま市緑区大字大牧１４５７番地３４,2023-06-30,株式会社
株式会社和古乎,愛知県蒲郡市御幸町５－８若草ハイツ,2023-06-30,株式会社
株式会社地研,大阪府茨木市竹橋町６番１３号,2023-06-30,株式会社
株式会社塩飽Ｆｉｓｈｅｒｉｅｓ,香川県丸亀市本島町小阪１２９０,2023-06-30,株式会社
株式会社大倉,高知県高知市朝倉本町２丁目４番１１号,2023-06-30,株式会社
株式会社大雅,栃木県宇都宮市戸祭台５１番地１,2023-06-30,株式会社
株式会社富貴商会,大阪府八尾市龍華町１丁目４番２－２４１０号,2023-06-30,株式会社
株式会社小鹿金融経済研究所,東京都渋谷区神宮前６丁目２３番４号桑野ビル２階,2023-06-30,株式会社
株式会社山匠,福岡県筑紫野市大字山家１０２４番地３９２,2023-06-30,株式会社
株式会社旅画,東京都足立区東和２丁目２１－２－３Ｆ,2023-06-30,株式会社
株式会社日昇,東京都江東区木場５丁目１番５号メイプルハイム木場Ｂ１１０,2023-06-30,株式会社
株式会社星澤,東京都台東区鳥越２丁目８番４号,2023-06-30,株式会社
株式会社梓生,東京都港区西麻布４丁目１１番７号秀和西麻布レジデンス４０６,2023-06-30,株式会社
株式会社水野工業,静岡県静岡市駿河区中島９７７番地の３,2023-06-30,株式会社
株式会社江利田設計,福岡県福岡市西区生の松原３丁目３９番１０号,2023-06-30,株式会社
株式会社海川,神奈川県横浜市磯子区森１丁目１３番３－１３０１号,2023-06-30,株式会社
株式会社碧紋,京都府京都市下京区東洞院通四条下る元悪王子町４２番地,2023-06-30,株式会社
株式会社絶対王者,東京都渋谷区道玄坂１丁目１０番８号渋谷道玄坂東急ビル２Ｆ－Ｃ,2023-06-30,株式会社
株式会社美馬美装,東京都渋谷区渋谷２丁目１９番１５号宮益坂ビルディング６０９,2023-06-30,株式会社
株式会社聖石,宮城県名取市堀内字北竹１５３番地の１,2023-06-30,株式会社
株式会社西瓜社,東京都台東区東上野３丁目１５番１４号ＭＣオフィス東上野３０７,2023-06-30,株式会社
株式会社警備保障プランナー,広島県福山市芦田町福田９２番地２５,2023-06-30,株式会社
株式会社谷本進事務所,静岡県静岡市葵区沓谷１丁目２７番１９－９号,2023-06-30,株式会社
株式会社金盛建設,新潟県新潟市秋葉区矢代田３２３番地１,2023-06-30,株式会社
株式会社門ボーリング,大阪府豊中市穂積１丁目９番１９号,2023-06-30,株式会社
株式会社青空ホールディングス,神奈川県横浜市金沢区泥亀１丁目１５番２号,2023-06-30,株式会社
株式会社高橋７６８８,東京都東大和市中央３丁目８９９番地の１３,2023-06-30,株式会社
株式会社高鹿,埼玉県さいたま市岩槻区大字本宿１５６番地３,2023-06-30,株式会社
株式会社０１工務店,福岡県北九州市小倉南区沼本町１丁目９番４５－２１１号,2023-06-30,株式会社
株式会社１ＢＡＳＥ,静岡県静岡市駿河区国吉田１丁目１０番４６号ブエナビスタＣ－１０２,2023-06-30,株式会社
株式会社３Ｌｉｎｋ,山口県周南市東山町１番１７号,2023-06-30,株式会社
株式会社９３５,東京都港区西麻布４丁目１１番４号,2023-06-30,株式会社
株式会社ＡＬＭＡＶＩＳＩＯＮ,石川県七尾市八幡町ニ部３番地,2023-06-30,株式会社
株式会社ＡＷＳ,大阪府大阪市平野区喜連１丁目５番３４号,2023-06-30,株式会社
株式会社Ａｌｅｇｒｉａ,京都府京都市北区紫野南舟岡町４６－１５－２０６,2023-06-30,株式会社
株式会社ＡｎｄＰｌｕｓ,東京都中央区八丁堀２丁目８番１号牧野ビル４０１,2023-06-30,株式会社
株式会社Ａｖｅｎｉｒｅ,岡山県倉敷市児島柳田町６０９－２,2023-06-30,株式会社
株式会社ＢＥ‐ｎｅｘｔ,愛知県豊田市若宮町４丁目１番地３,2023-06-30,株式会社
株式会社ＢＥＥＳ,東京都渋谷区恵比寿１丁目２３番１５号－４０６,2023-06-30,株式会社
株式会社ＢＨＣ,千葉県我孫子市柴崎台５丁目１番２‐１０６グリーンヒルズ天王台,2023-06-30,株式会社
株式会社ＢＩＯＲＹ,東京都港区赤坂９丁目４番１号パークコート赤坂檜町ザ・タワー１３０１,2023-06-30,株式会社
株式会社ＢＬＡＣＫ　ＬＩＬＬＹ,東京都渋谷区広尾５丁目１番４３号８０２,2023-06-30,株式会社
株式会社Ｂｅｓｔ　Ｐｒａｃｔｉｃｅ　Ｃｏｎｓｕｌｔｉｎｇ,東京都豊島区西池袋１丁目４番１０号,2023-06-30,株式会社
株式会社Ｃｈａｒｔｅｒ　Ｈｏｕｓｅ,東京都中央区銀座１丁目１２番４号,2023-06-30,株式会社
株式会社Ｃｒｅｎｏｓ,東京都渋谷区恵比寿１丁目１０－６清園ビル５Ｆ,2023-06-30,株式会社
株式会社ＤＩＲＥＣＴＩＯＮ,東京都東村山市久米川町５丁目２０番地２９久米川ハイツ１階,2023-06-30,株式会社
株式会社ＤＩＹＡ　ＪＡＰＡＮ,神奈川県鎌倉市由比ガ浜３丁目７番３０号,2023-06-30,株式会社
株式会社Ｄｅｚ,東京都国立市谷保６７９８番地の１９ステラ国立Ｅ棟,2023-06-30,株式会社
株式会社Ｄｉｇｉｔａｌ　ｈａｗｋ,東京都台東区元浅草３丁目１６－４Ｌｉｂｅｒｏ２０１,2023-06-30,株式会社
株式会社Ｅ‐ｓｔｙｌｅ,千葉県柏市篠籠田１３９２番地４３メゾン柏ウエストＢ－２０２号,2023-06-30,株式会社
株式会社ＥＴプロジェクト,東京都中央区佃２丁目１２番１－９０５号,2023-06-30,株式会社
株式会社ＦＲ‐Ｇ,東京都港区芝浦４丁目２２番１－２６１８号芝浦アイランドエアタワー,2023-06-30,株式会社
株式会社Ｆｒｅｅ　ａｖｅｎｉｒ,神奈川県鎌倉市常盤１１５番地１深沢ホワイトプラザ２階,2023-06-30,株式会社
株式会社Ｇ．Ｏ．Ｎ,愛媛県今治市大西町脇甲１２２６番地２９,2023-06-30,株式会社
株式会社Ｇｏ山口,山口県下関市前田２丁目３１番５４号,2023-06-30,株式会社
株式会社Ｇｒｏｗｔｈ　Ｐａｒｔｎｅｒｓ,埼玉県戸田市喜沢１丁目３２番地の２３,2023-06-30,株式会社
株式会社Ｈ２,新潟県新潟市西区内野上新町１２１２４番地,2023-06-30,株式会社
株式会社ＩＳＳ,東京都台東区浅草橋１丁目９番１２号,2023-06-30,株式会社
株式会社ＩｍｐｒｅｓｓａＥｎｔｅｒｔａｉｎｍｅｎｔ,東京都目黒区上目黒３丁目１－１０ヴェルデナポリ２０３,2023-06-30,株式会社
株式会社ＪＡＹ,大阪府大阪市東成区東小橋３丁目１５番１号２ＦＡ,2023-06-30,株式会社
株式会社ＪＯＩＮＴ,神奈川県横浜市西区南幸２丁目１２番１０号ＩＴＯビル８Ｆ,2023-06-30,株式会社
株式会社ＪＰ　ＦＵＮＣＴＩＯＮＳ,東京都目黒区三田２丁目７番２号２０３,2023-06-30,株式会社
株式会社Ｊｏｂ　Ｂｒｏｔｈｅｒｓ,東京都国分寺市東恋ヶ窪１丁目２８０番地４ザ・パークハウス国分寺四季の森Ⅱ－１０５,2023-06-30,株式会社
株式会社ＫＡＮＳＨＯＫＵ,大阪府東大阪市大蓮東４丁目６番２９号,2023-06-30,株式会社
株式会社ＫＨＡＲＡＬ　ＴＲＡＤＩＮＧ,茨城県坂東市逆井３５３６番地大都ビル２０１,2023-06-30,株式会社
株式会社ＫＯＢＩＦＯＯＤＳ,石川県金沢市寺町４丁目１４‐２０レガロカナザワ２０３,2023-06-30,株式会社
株式会社ＫＴＭ,福岡県福岡市博多区井相田３丁目２１番１１号,2023-06-30,株式会社
株式会社Ｋａｍａｎｏｖａ,東京都渋谷区宇田川町３－７ヒューリック渋谷公園通りビル５Ｆ－７３,2023-06-30,株式会社
株式会社Ｋａｎｏｃｏ,北海道上川郡当麻町北星１区,2023-06-30,株式会社
株式会社Ｋｏｕｓｉｎ,埼玉県三郷市鷹野３丁目１１８番地２,2023-06-30,株式会社
株式会社ＬＩＦＩＸ,三重県鈴鹿市算所４丁目７番２７号,2023-06-30,株式会社
株式会社ＬＵＣＥ,千葉県我孫子市下ケ戸６０５番地の９,2023-06-30,株式会社
株式会社Ｌｅａｐ,愛知県西尾市上町下屋敷１８－４１,2023-06-30,株式会社
株式会社Ｌｉｂ　ＴＥＣＨ,福岡県福岡市中央区小笹３丁目５番１６－７０２号,2023-06-30,株式会社
株式会社Ｌｉｎｋｔｅｃｈ,東京都港区白金１丁目２番１－Ｅ３４０６号,2023-06-30,株式会社
株式会社Ｌｕｍｉｎａ　ＩＩＩマスターリース,東京都港区虎ノ門４丁目１番２８号,2023-06-30,株式会社
株式会社Ｍ’２マーケット,千葉県香取市小見川２４６番地３,2023-06-30,株式会社
株式会社ＭＥＤＩＡＴＩＯＮ,東京都千代田区神田和泉町１番地６－１６ヤマトビル４０５,2023-06-30,株式会社
株式会社ＭＨＭＧ,新潟県燕市吉田法花堂１２６７番地の１,2023-06-30,株式会社
株式会社ＭＳプリマステラ,東京都世田谷区松原５丁目５番１号,2023-06-30,株式会社
株式会社ＭＴＲ,埼玉県所沢市旭町２８番１０号,2023-06-30,株式会社
株式会社Ｎ．Ｋ工業,宮城県宮城郡利府町しらかし台３丁目１２番地７,2023-06-30,株式会社
株式会社ＮＩＦＡコミュニケーションズ,北海道札幌市中央区南一条西８丁目９－１エコネットビル,2023-06-30,株式会社
株式会社Ｎｅｘｕｓ,岐阜県大垣市郭町２丁目２５番地,2023-06-30,株式会社
株式会社Ｏｗｗｌ‐Ｅｄｉｔ　Ｅｎｅｒｇｙ,福島県郡山市大町２丁目９番１３号信京ビル３０１号,2023-06-30,株式会社
株式会社ＰＢ　ＷＯＲＫＳ,東京都日野市三沢３丁目２７番地の６,2023-06-30,株式会社
株式会社ＰＥＲＦＥＣＴ,東京都港区虎ノ門４丁目１－１神谷町トラストタワー２３Ｆ,2023-06-30,株式会社
株式会社Ｐｌｕｓ　Ｃａｒｅｅｒ,東京都港区白金３丁目７番１８号アポロホール＆ルナハウス２０１,2023-06-30,株式会社
株式会社Ｐｒｅｍｉｅｒ,石川県金沢市芳斉１丁目５番１９号,2023-06-30,株式会社
株式会社ＲＡＤ,福岡県福岡市中央区大名１丁目１番１６号宮田ビル１０３,2023-06-30,株式会社
株式会社ＲＩＲＹ　ＤＥＳＩＧＮ,福岡県八女郡広川町大字長延８３０,2023-06-30,株式会社
株式会社ＲＳ設備,沖縄県那覇市宇栄原４丁目４－２５番地１Ｆ２号室,2023-06-30,株式会社
株式会社ＳＥＮＳＥｅｅ,東京都渋谷区猿楽町５番２１－２０６号代官山ＢＬＥＳＳ,2023-06-30,株式会社
株式会社ＳＨＩＫＩ　ＦＡＲＭＥＲＳ　ＣＬＵＢ,滋賀県草津市北山田町８１０番地,2023-06-30,株式会社
株式会社ＳＨＯＷＭＡＮホールディングス,大阪府大阪市天王寺区上汐３丁目１番２５号,2023-06-30,株式会社
株式会社ＳＨＵＫＥＩ,京都府京都市伏見区醍醐鍵尾町１番地４１,2023-06-30,株式会社
株式会社ＳＮＡＰＴＡＧ　ＪＡＰＡＮ,東京都台東区浅草橋５丁目４番５号,2023-06-30,株式会社
株式会社ＳＹＨ,東京都中央区銀座１丁目１３番６号Ｄａｉｗａプレイス銀座Ⅳ３階,2023-06-30,株式会社
株式会社Ｓｉｍｐｒａｙ,神奈川県川崎市中原区新丸子東３丁目１３０１Ｇ１４１２,2023-06-30,株式会社
株式会社Ｓｏａｒ,大阪府大阪市平野区瓜破東２丁目５‐７６,2023-06-30,株式会社
株式会社Ｓｔａｒｇａｔｅ　Ｐｒｏｊｅｃｔ,福岡県田川郡糸田町３７３８番地３,2023-06-30,株式会社
株式会社ＳｕｎＢｅｌｌ　ＪＣ,東京都江戸川区西小岩３丁目１２番１１号,2023-06-30,株式会社
株式会社ＴＤＭ準備会社,東京都港区浜松町１丁目３０番５号,2023-06-30,株式会社
株式会社ＴＭＮＣ,東京都渋谷区道玄坂１丁目１０番８号渋谷道玄坂東急ビル２Ｆ－Ｃ,2023-06-30,株式会社
株式会社ＴＯＫＵ,東京都渋谷区道玄坂１丁目１０番８号渋谷道玄坂東急ビル２Ｆ－Ｃ,2023-06-30,株式会社
株式会社ＴＲＹ＆Ｃｏ,山口県光市三井１丁目１３番２２号,2023-06-30,株式会社
株式会社ＴＳＵＮＡＧＵホールディングス,三重県四日市市川島町６６１２番地２,2023-06-30,株式会社
株式会社ＴｈｒｅｅＳｔａｒｓ,東京都中央区銀座１丁目２２番１１号銀座大竹ビジデンス２Ｆ,2023-06-30,株式会社
株式会社Ｔｉｄｙｕｐ,東京都目黒区東山１丁目２１－２６ＱＧ東山３０１,2023-06-30,株式会社
株式会社Ｔｒａｃｔ,神奈川県川崎市中原区井田中ノ町１３番１－３号,2023-06-30,株式会社
株式会社ａｃｃｅｌｃｏｒｅ,東京都港区赤坂３丁目２１－１７ＡＳＫ赤坂ビル７階,2023-06-30,株式会社
株式会社ａｆｆｅｃｔｉｏｎ,愛媛県松山市祝谷２丁目４番６号,2023-06-30,株式会社
株式会社ａｙｕｍｏ,大阪府大阪市北区角田町１番１２号阪急ファイブアネックスビル（ＧＶＨ＃５内）,2023-06-30,株式会社
株式会社ｃｏｍ‐ｔｅｘｔ,東京都渋谷区幡ヶ谷１丁目２－２京王幡ヶ谷ビル４Ｆ,2023-06-30,株式会社
株式会社ｄｉｇｕｐ,東京都港区新橋４丁目２９番１号プラウド新虎通り４０４,2023-06-30,株式会社
株式会社ｅｎｖｏｇｕｅ,大阪府藤井寺市御舟町３－３４－１０２,2023-06-30,株式会社
株式会社ｆｌａｐ　ｍｙ　ｗｉｎｇｓ,大阪府大阪市此花区西九条６丁目１番１６号３階,2023-06-30,株式会社
株式会社ｆｏｕｆｏｕ,東京都渋谷区南平台町４番８－４０７号,2023-06-30,株式会社
株式会社ｉ‐ｎｏｔｅ,東京都渋谷区代々木２丁目２３番１号ニューステイトメナー５７０,2023-06-30,株式会社
株式会社ｉｍｐａｃｔ　ｆｏｏｄ,東京都台東区寿１丁目１１番１９－６０５号,2023-06-30,株式会社
株式会社ｍａｉｔｔａ,北海道函館市上野町２７番２号,2023-06-30,株式会社
株式会社ｎｏｖｅｌｉｏ,鹿児島県鹿児島市谷山中央４丁目１４２番地４　２Ｆ,2023-06-30,株式会社
株式会社ｐｌｕｓｌ,大阪府大阪市西区北堀江１丁目２２番３号マインズ北堀江Ｗ９,2023-06-30,株式会社
株式会社ｓｏｙ　ｓｅａ,大阪府大阪市西区北堀江１丁目３番１０号エクセルコート北堀江１００２,2023-06-30,株式会社
株式会社ｗａｋａｔｓｕ,沖縄県国頭郡恩納村字恩納６５２５番地,2023-06-30,株式会社
株式会社ｙｏｕ　ａｎｏａｌ,東京都東村山市秋津町５丁目５番地１０１,2023-06-30,株式会社
桃山台コーポラス管理組合法人,大阪府豊中市新千里南町３丁目１番１－１１２号,2023-06-30,その他の設立登記法人
横坂木材株式会社,群馬県沼田市利根町根利５７６番地,2023-06-30,株式会社
深セン市鉄渣集装箱服務有限公司,,2023-06-30,外国会社等
渡会商事株式会社,埼玉県上尾市須ケ谷２丁目５１,2023-06-30,株式会社
特定非営利活動法人スォーノ・リッコ・アンサンブル京都,京都府京都市西京区樫原内垣外町２５番地の１６,2023-06-30,その他の設立登記法人
特定非営利活動法人ナタデココ,東京都千代田区平河町１丁目６番１５号ＵＳビル８Ｆ,2023-06-30,その他の設立登記法人
特定非営利活動法人厚成,茨城県常総市豊岡町丁１６５０番地１,2023-06-30,その他の設立登記法人
特定非営利活動法人関西フォーリンレジデントサポートセンター,大阪府豊能郡豊能町希望ケ丘６丁目４番地の１９,2023-06-30,その他の設立登記法人
百鑫株式会社,大阪府大阪市西成区北開１丁目１－２２,2023-06-30,株式会社
税理士法人さくらゲート,栃木県宇都宮市宿郷３丁目１９番８号,2023-06-30,その他の設立登記法人
竹花商事株式会社,神奈川県藤沢市長後１０３８番地の１７グレイス２０２,2023-06-30,株式会社
菅原工業合同会社,茨城県龍ケ崎市川原代町４８４番地の５,2023-06-30,合同会社
菜菜倶楽部,徳島県名西郡石井町高川原字天神３６４番地,2023-06-30,その他
農事組合法人茨城県農業推進組合,茨城県水戸市内原町９０７番地７,2023-06-30,その他の設立登記法人
鋭賽株式会社,東京都渋谷区円山町５番５号Ｎａｖｉ渋谷Ｖ３階,2023-06-30,株式会社
錦鯉商事株式会社,大阪府大阪市中央区谷町６丁目１４番１７Ｃｏｌｌｅｃｔｉｏｎ空堀１０３号室,2023-06-30,株式会社
雲鯨貿易（香港）有限公司,,2023-06-30,外国会社等
飽海地区教科用図書採択協議会,山形県酒田市本町２丁目２－４５,2023-06-30,その他
高円寺経営研究所株式会社,東京都杉並区高円寺南４丁目４４番３号マーキュリービル４階,2023-06-30,株式会社
龍行商事株式会社,京都府京都市伏見区深草西浦町２丁目９９番地コーポフローラ２０５号室,2023-06-30,株式会社
２０Ｈｅｒｔｚ合同会社,東京都豊島区高松１丁目１３－６マンション山和２０２号室,2023-06-30,合同会社
２ＧＯ．ＫＥＩＢＩ株式会社,大阪府堺市堺区大仙西町５丁１３２－１２,2023-06-30,株式会社
Ａ‐Ｄｅｓｉｇｎ株式会社,東京都品川区西中延２丁目９番４号ユリシス荏原１０１,2023-06-30,株式会社
Ａ．Ｎ．Ｌ．Ｐ合同会社,東京都北区上十条１丁目１９番１８－１０２号コーポパレス,2023-06-30,合同会社
ＡＣＳ株式会社,神奈川県横浜市泉区中田西１丁目１９番１５－２０７号,2023-06-30,株式会社
ＡＮＡＹＡ　ＴＲＡＤＩＮＧ合同会社,東京都文京区春日１丁目１番１２号,2023-06-30,合同会社
ＡＵＭＥＤＩ　ＴＥＣＨＮＯＬＯＧＹ　ＨＯＮＧ　ＫＯＮＧ　ＬＩＭＩＴＥＤ,,2023-06-30,外国会社等
Ａｘｉｏｓ　Ｆｉｎａｎｃｉａｌ　Ｔｅｃｈｎｏｌｏｇｉｅｓ株式会社,東京都中央区銀座７丁目１３番２０号銀座ＴＨビル９階,2023-06-30,株式会社
Ｂｅｉｊｉｎｇ　ＫａｉＰｕ　Ｏｕｔｄｏｏｒ　Ｐｒｏｄｕｃｔｓ　Ｃｏ．，Ｌｔｄ,,2023-06-30,外国会社等
ＢｌｕｅＯＣ・ＪＡＰＡＮ株式会社,東京都台東区西浅草３丁目４番２号,2023-06-30,株式会社
ＣＨＥＥＲＳ＆ＣＯ．合同会社,東京都豊島区高田１丁目８―６ＫＳビル４０１,2023-06-30,合同会社
ＣＫＬＡＵ　ＴＥＣＨＮＯＬＯＧＩＥＳ　ＩＮＣ．,,2023-06-30,外国会社等
Ｃａｎａｌｏ株式会社,東京都渋谷区神宮前２丁目１６番１２号,2023-06-30,株式会社
Ｃｈｅｎｇｄｕ　Ｙｉｑｉｇｏｕ　Ｋｅｊｉ　Ｙｏｕｘｉａｎｇｏｎｇｓｉ,,2023-06-30,外国会社等
Ｃｉｘｉ　Ｇｏｎｇｃｈｉ　Ｔｒａｄｅ　Ｃｏ．，ＬＴＤ,,2023-06-30,外国会社等
ＤＭＬ　ＳＵＰＰＬＹ　ＣＨＡＩＮ　ＭＡＮＡＧＥＭＥＮＴ　ＣＯ．，ＬＩＭＩＴＥＤ,,2023-06-30,外国会社等
Ｅｕｐｈｏｒｉａ７合同会社,東京都文京区小石川１丁目１番１８－１３０２号,2023-06-30,合同会社
Ｆｅｕ株式会社,東京都港区南青山５丁目１０番２号,2023-06-30,株式会社
ＦｏＳｈａｎＳｈｉ　ＭｉｎｇＮｉａｏ　ＤｉａｎＺｉ　ＫｅＪｉ　ＹｏｕＸｉａｎ　ＧｏｎｇＳｉ,,2023-06-30,外国会社等
Ｆｏｓｈａｎ　ｄｕｉｌｕｍａｏｙｉ　ｙｏｕｘｉａｎｇｏｎｇｓｉ,,2023-06-30,外国会社等
ＧＦＪ株式会社,東京都昭島市郷地町２丁目１５番１５号,2023-06-30,株式会社
Ｇｒｏｏｖｙ　Ｌｉｆｅ株式会社,東京都豊島区上池袋４丁目１３番１０－２０７号,2023-06-30,株式会社
Ｇｕａｎｇ　Ｚｈｏｕ　Ｓｈｕｏ　Ｊｉｎｇ　Ｋｅ　Ｊｉ　Ｙｏｕ　Ｘｉａｎ　Ｇｏｎｇ　Ｓｉ,,2023-06-30,外国会社等
ＧｕａｎｇＺｈｏｕＳｈｉ　ＦａＤｉＹａＪｉｎＳｈｕＺｈｉＰｉｎ　ＹｏｕＸｉａｎＧｏｎｇＳｉ,,2023-06-30,外国会社等
Ｇｕａｎｇｚｈｏｕ　Ｄａｏｋｅ　Ｎｅｔｗｏｒｋ　Ｔｅｃｈｎｏｌｏｇｙ　Ｃｏ，，Ｌｔｄ．,,2023-06-30,外国会社等
Ｇｕａｎｇｚｈｏｕ　ＴｏｎｇＨｕｉ　Ｔｒａｄｅ　Ｃｏ．，Ｌｔｄ．,,2023-06-30,外国会社等
Ｇｕａｎｇｚｈｏｕ　ｊｕｎｚｈｉ　ｔｒａｄｉｎｇ　ｃｏ．ＬＴＤ．,,2023-06-30,外国会社等
Ｇｕａｎｇｚｈｏｕｓｈｉ　Ｓａｎｋｅｓｈｕ　Ｋｅｊｉ　Ｙｏｕｘｉａｎｇｏｎｇｓｉ,,2023-06-30,外国会社等
Ｈ．Ａ．ＴＲＡＤＩＮＧ合同会社,栃木県下都賀郡野木町大字南赤塚８３０番地１３,2023-06-30,合同会社
ＨＡＤＡＫＥＪＩ　ＳＨＥＮＺＨＥＮ　ＹＯＵＸＩＡＮＧＯＮＧＳＩ,,2023-06-30,外国会社等
ＨＥ　ＪＩＮ　ＳＨＩ　ＭＩＮ　ＳＨＵＮ　ＪＩＡＮ　ＣＡＩ　ＹＯＵ　ＸＩＡＮ　ＧＯＮＧ　ＳＩ,,2023-06-30,外国会社等
ＨＩＯＮ株式会社,東京都港区赤坂２丁目８番１４－５０４号,2023-06-30,株式会社
ＨＯＮＧＫＯＮＧ　ＮＵＴ　ＴＥＣＨＮＯＬＯＧＹ　ＣＯ　ＬＩＭＩＴＥＤ,,2023-06-30,外国会社等
ＨａｎｇＺｈｏｕ　ＤｕＹａ　Ｔｒａｄｉｎｇ　Ｃｏ．，Ｌｔｄ．,,2023-06-30,外国会社等
Ｈａｎｇｚｈｏｕ　Ｒｏｎｇｈａｎ　Ｅ－Ｃｏｍｍｅｒｃｅ　Ｃｏ．，Ｌｔｄ,,2023-06-30,外国会社等
Ｈｕａ　Ｚｈｏｕ　Ｓｈｉ　Ｄｏｎｇ　Ｊｕ　Ｍａｏ　Ｙｉ　Ｙｏｕ　Ｘｉａｎ　Ｇｏｎｇ　Ｓｉ,,2023-06-30,外国会社等
ＩｎｔｅｒｆａｃｅＸ合同会社,大阪府大阪市北区豊崎４丁目１‐１７オリーブコート２０１,2023-06-30,合同会社
Ｊｉａｘｉｎｇ　Ｋｕｎｆｉｎｅ　Ａｕｔｏ　Ｐａｒｔｓ　Ｃｏ．，Ｌｔｄ,,2023-06-30,外国会社等
ＫＥＹＴ合同会社,福島県南相馬市原町区二見町３丁目２８,2023-06-30,合同会社
ＫｈａｎｈＬｏｎｇ合同会社,東京都台東区西浅草２丁目７番５号,2023-06-30,合同会社
Ｋｎｅｉｐｐ　ＧｍｂＨ,,2023-06-30,外国会社等
ＬＥＶＥＣＨＹファンド３号合同会社,東京都千代田区紀尾井町３－８第２紀尾井町ビル９０１アクシス綜合会計事務所内,2023-06-30,合同会社
ＬＮＨ合同会社,東京都品川区南品川５丁目８－１１,2023-06-30,合同会社
ＭＡＬＩＫ　ＴＲＡＤＩＮＧ合同会社,茨城県古河市尾崎３４７５－１０,2023-06-30,合同会社
ＭＯＨＭＥＤＲＡＦＩＱ＆ＳＯＮＳ株式会社,茨城県下妻市下妻戊２２４番地３クシタハイツ３階２７号,2023-06-30,株式会社
Ｍｉｃｈｅｌｌｅ．株式会社,東京都品川区東五反田２丁目８－５ＫＮビル５Ｆ,2023-06-30,株式会社
Ｍｉｃｈｉｒｕ合同会社,神奈川県横浜市中区本郷町３丁目１６０番地,2023-06-30,合同会社
Ｍｉｎｑｉｎｇｘｉａｎ　Ｔｕｌｅ　Ｄｉａｎｚｉｓｈａｎｇｗｕｙｏｕｘｉａｎｇｏｎｇｓｉ,,2023-06-30,外国会社等
ＮＡＮＷＥＩ　ＴＥＣＨＮＯＬＯＧＹ（ＨＯＮＧ　ＫＯＮＧ）ＬＩＭＩＴＥＤ,,2023-06-30,外国会社等
ＮＩＮＧＢＯ　ＱＩＬＩ　ＤＩＡＮＺＩＳＨＡＮＧＷＵ　ＹＯＵＸＩＡＮＧＯＮＧＳＩ,,2023-06-30,外国会社等
ＮＰＣ株式会社,東京都中央区銀座６丁目１３番５号東武銀座第２ビル８階,2023-06-30,株式会社
ＮＷＴ合同会社,東京都荒川区東日暮里１丁目２７番４号ＣＡＳＡ８８１０１号室,2023-06-30,合同会社
Ｎｉｎｇｂｏ　Ｍｕｓｈｕｏ　Ｄｉａｎｚｉｓｈａｎｇｗｕ　Ｃｏ．，ＬＴＤ．,,2023-06-30,外国会社等
ＯＳＨＩ　ＴＲＡＤＩＮＧ合同会社,千葉県山武市松尾町山室字宮小路２３２番６,2023-06-30,合同会社
ＯＺＩＳ合同会社,新潟県新潟市中央区笹口３丁目１０番地１０ポートヴィラ新潟笹口１０６号,2023-06-30,合同会社
ＰＲＯＳＰＥＲ株式会社,福岡県福岡市中央区高砂１丁目１番２５号,2023-06-30,株式会社
Ｐｉｎｇｙａｎｇ　Ｃｏｕｎｔｙ　Ｏｕｚｈａｎ　Ｅ－Ｂｕｓｉｎｅｓｓ　Ｃｏ．，Ｌｔｄ．,,2023-06-30,外国会社等
Ｑｉｎｇ　Ｄａｏ　Ｓｈｉ　Ｂａｏ　Ｘｉｎ　Ｃａｉ　Ｌｉａｏ　Ｃｏ．ＬＴＤ,,2023-06-30,外国会社等
Ｑｕａｎｚｈｏｕ　Ｄａｙｔｅｃｈ　Ｅｌｅｃｔｒｏｎｉｃｓ　Ｃｏ．，Ｌｔｄ．,,2023-06-30,外国会社等
Ｒ’ｓ　Ｃｏｍｐａｎｙ株式会社,兵庫県神戸市灘区篠原北町４丁目１３番１２号,2023-06-30,株式会社
Ｒ３株式会社,東京都中央区日本橋室町１丁目１１番１２号日本橋水野ビル７階,2023-06-30,株式会社
ＲＹソリューション合同会社,北海道小樽市望洋台３丁目１３番１９号,2023-06-30,合同会社
ＲｅｎＬｉｆｅ株式会社,大阪府泉大津市千原町２丁目１８－４,2023-06-30,株式会社
Ｒｕｂｙ　Ｇｒｏｕｐ合同会社,大阪府大阪市浪速区戎本町１丁目４－１６－４０２号,2023-06-30,合同会社
Ｓ＆Ｔ　ＰＡＲＴＮＥＲＳ株式会社,大阪府大阪市浪速区大国３丁目７番７－６０３号,2023-06-30,株式会社
ＳＨＥＮ　ＺＨＥＮ　ＳＨＩ　ＨＥＩ　ＭＡＯ　ＫＥ　ＪＩ　ＹＯＵ　ＸＩＡＮ　ＧＯＮＧ　ＳＩ,,2023-06-30,外国会社等
ＳＨＥＮ　ＺＨＥＮ　ＳＨＩ　ＭＡＩ　ＳＩ　ＳＨＵ　ＭＡ　ＹＯＵ　ＸＩＡＮ　ＧＯＮＧ　ＳＩ,,2023-06-30,外国会社等
ＳＨＥＮ　ＺＨＥＮ　ＷＥＩ　ＴＥ　ＺＨｌ　ＮＥＮＧ　ＫＥ　ＪＩ　ＹＯＵ　ＸＩＡＮ　ＧＯＮＧ　ＳＩ,,2023-06-30,外国会社等
ＳＨＥＮＺＨＥＮ　ＬＩＦＡＮ　ＭＡＯ　ＹＩ　ＹＯＵ　ＸＩＡＮ　ＧＯＮＧ　ＳＩ,,2023-06-30,外国会社等
ＳＨＥＮＺＨＥＮ　ＰＥＣＲＯＮ　ＮＥＷ　ＥＮＥＲＧＹ　ＣＯ．，ＬＴＤ．,,2023-06-30,外国会社等
ＳＨＥＮＺＨＥＮＳＨＩ　ＸＵＡＮＬＵＤＩＡＮＺＩＳＨＡＧＮＷＵ　ＹＯＵＸＩＡＮＧＯＮＧＳＩ,,2023-06-30,外国会社等
ＳＨＩＮＳＥＮ一般社団法人,東京都千代田区丸の内１丁目８番２号鉄鋼ビルディング４階,2023-06-30,その他の設立登記法人
ＳＫ商事株式会社,埼玉県越谷市七左町５丁目１６０,2023-06-30,株式会社
Ｓｈａｎｇ　Ｈａｉ　Ｄｉ　Ａｎｇ　Ｗａｎｇ　Ｌｕｏ　Ｋｅ　Ｊｉ　Ｙｏｕ　Ｘｉａｎ　Ｇｏｎｇ　Ｓｉ,,2023-06-30,外国会社等
Ｓｈｅｎ　ｚｈｅｎ　Ｔｅｎｆｅｌ　Ｔｅｃｈｎｏｌｏｇｙ　Ｃｏ．，Ｌｔｄ,,2023-06-30,外国会社等
ＳｈｅｎＺｈｅｎ　Ｖ－ＳＹＳ　Ｔｅｃｈｎｏｌｏｇｙ　Ｃｏ．，Ｌｔｄ，,,2023-06-30,外国会社等
Ｓｈｅｎｇｏｎｇ（Ｓｈｅｎｚｈｅｎ）Ｊｉｎ　Ｃｈｕ　Ｋｏｕ　Ｙｏｕ　Ｘｉａｎ　Ｇｏｎｇ　Ｓｉ,,2023-06-30,外国会社等
Ｓｈｅｎｚｈｅｎ　Ｅｎｇｅｔｅ　Ｄｉａｎｚｉｋｅｊｉ　Ｙｏｕｘｉａｎｇｏｎｇｓｉ,,2023-06-30,外国会社等
Ｓｈｅｎｚｈｅｎ　Ｇｕａｎｇｍａｉｄａ　Ｅ－ｃｏｍｍｅｒｃｅ　Ｃｏ．，　Ｌｔｄ．,,2023-06-30,外国会社等
Ｓｈｅｎｚｈｅｎ　Ｈｅｎｇｄａ　Ｅｌｅｃｔｒｏｎｉｃ　Ｃｏｍｍｕｎｉｃａｔｉｏｎ　Ｃｏ．，Ｌｔｄ．,,2023-06-30,外国会社等
Ｓｈｅｎｚｈｅｎ　Ｌａｎｊｉｎｇ　Ｔｒａｄｉｎｇ　Ｃｏ．，Ｌｔｄ．,,2023-06-30,外国会社等
Ｓｈｅｎｚｈｅｎ　Ｌｅｗｕｂｉａｎ　Ｔｅｃｈｎｏｌｏｇｙ　Ｃｏ．，Ｌｔｄ,,2023-06-30,外国会社等
Ｓｈｅｎｚｈｅｎ　Ｌｉｊｉｎｘｉｎ　Ｔｅｃｈｎｏｌｏｇｙ　Ｃｏ．，Ｌｔｄ．,,2023-06-30,外国会社等
Ｓｈｅｎｚｈｅｎ　Ｌｏｖｅ　ＵＳ　Ｔｒａｄｉｎｇ　Ｃｏ．，Ｌｔｄ．,,2023-06-30,外国会社等
Ｓｈｅｎｚｈｅｎ　Ｍａｎｄｏｒａ　Ｇａｒｍｅｎｔｓ　Ｃｏ．，Ｌｔｄ．,,2023-06-30,外国会社等
Ｓｈｅｎｚｈｅｎ　ＲｕｉＤｉＴｕ　Ｔｅｃｈｎｏｌｏｇｙ　Ｃｏ．，Ｌｔｄ,,2023-06-30,外国会社等
Ｓｈｅｎｚｈｅｎ　Ｓｈｅｎｃｈｕａｎｇ　Ｈｉｇｈ　ｔｅｃｈ　Ｅｌｅｃｔｒｏｎｉｃｓ　Ｃｏ．Ｌｔｄ,,2023-06-30,外国会社等
Ｓｈｅｎｚｈｅｎ　Ｓｈｉ　Ｋｅｚｅ　ｍａｏ　ｙｉ　ｙｏｕ　ｘｉａｎ　ｇｏｎｇ　ｓｉ,,2023-06-30,外国会社等
Ｓｈｅｎｚｈｅｎ　Ｓｉｎｃｅｒｉｔｙ　Ｔｅｃｈｎｏｌｏｇｙ　Ｃｏ．，Ｌｔｄ,,2023-06-30,外国会社等
Ｓｈｅｎｚｈｅｎ　ＴｕｎＫｏｕＳｔａｒ　Ｔｅｃｈｎｏｌｏｇｙ　Ｃｏｍｐａｎｙ　Ｌｉｍｉｔｅｄ,,2023-06-30,外国会社等
Ｓｈｅｎｚｈｅｎ　Ｘｉｎｇｔｕｃｈｕｃｈｕａｎｇ　Ｔｅｃｈｎｏｌｏｇｙ　Ｃｏ．，Ｌｔｄ,,2023-06-30,外国会社等
Ｓｈｅｎｚｈｅｎ　Ｚｈｅｎｔｕｏ　Ｔｅｃｈｎｏｌｏｇｙ　Ｃｏ．，Ｌｔｄ．,,2023-06-30,外国会社等
Ｓｈｅｎｚｈｅｎ　Ｚｈｏｎｇｍｉｎｇｇｕａｎｇｄｉａｎ　Ｔｅｃｈｎｏｌｏｇｙ　Ｃｏ．，Ｌｔｄ,,2023-06-30,外国会社等
Ｓｈｅｎｚｈｅｎ　ｂｏｓｈｅｎｇ　ｉｎｄｕｓｔｒｉａｌ　ｃｏ．　ＬＴＤ－ｙｕａｎ　ｍｅｎｇｈｕａｎ,,2023-06-30,外国会社等
Ｓｈｅｎｚｈｅｎ　ｑｉｂａｎ　ｅｌｅｃｔｒｏｎｉｃ　ｃｏｍｍｅｒｃｅ　ｃｏ．，ｌｔｄ,,2023-06-30,外国会社等
Ｓｈｅｎｚｈｅｎ　ｓｈｉ　ｚｈｏｎｇｚｈｉｓａｎｗｅｉ　ｋｅｊｉｙｏｕｘｉａｎｇｏｎｇｓｉ,,2023-06-30,外国会社等
Ｓｈｅｎｚｈｅｎｓｈｉ　Ｂａｓｉｔｅ　Ｓｈａｎｇｍａｏ　Ｙｏｕｘｉａｎｇｏｎｇｓｉ,,2023-06-30,外国会社等
Ｓｈｅｎｚｈｅｎｓｈｉ　Ｄｕｏｍｅｉｑｉ　Ｓｈａｎｇｍａｏ　Ｙｏｕｘｉａｎ　Ｇｏｎｇｓｉ,,2023-06-30,外国会社等
Ｓｈｅｎｚｈｅｎｓｈｉ　Ｈｕｉｆｕｆｅｎｇｙｕａｎ　Ｋｅｊｉ　Ｙｏｕｘｉａｎｇｏｇｎｓｉ,,2023-06-30,外国会社等
Ｓｈｅｎｚｈｅｎｓｈｉ　Ｋａｆｅｉｎｕｏ　Ｋｅｊｉ　Ｙｏｕｘｉａｎ　Ｇｏｎｇｓｉ,,2023-06-30,外国会社等
Ｓｈｅｎｚｈｅｎｓｈｉ　Ｔｕｏｙｕ　Ｋｅｊｉ　Ｙｏｕｘｉａｎｇｏｎｇｓｉ,,2023-06-30,外国会社等
Ｓｈｅｎｚｈｅｎｓｈｉ　Ｗｅｉｃｈｕａｎｇ　Ｓｈｉｄａｉ　Ｋｅｊｉ　Ｙｏｕｘｉａｎｇｏｎｇｓｉ,,2023-06-30,外国会社等
Ｓｈｅｎｚｈｅｎｓｈｉ　Ｘｉａｏｙｉ　Ｗａｎｇｌｕｏｋｅｊｉ　Ｙｏｕｘｉａｎｇｏｎｇｓｉ,,2023-06-30,外国会社等
Ｓｈｅｎｚｈｅｎｓｈｉ　Ｙａｔａｉｗａｎｇｌｕｏｋｅｊｉ　ｙｏｕｘｉａｎｇｏｎｇｓｉ,,2023-06-30,外国会社等
Ｓｈｅｎｚｈｅｎｓｈｉ　ｘｉｎｋｅｗｅｉ　ｄｉａｎｚｉ　ｙｏｕｘｉａｎｇｏｎｇｓｉ,,2023-06-30,外国会社等
Ｓｈｉｋｉ　Ｌｉｖｉｎｇ合同会社,長野県北安曇郡白馬村大字北城８８４０－３,2023-06-30,合同会社
Ｓｈｉｎｓｅｎ　Ｋａｎｐｉｎ　Ｈｏｍｅ　Ｋａｂｕｓｉｋｉｋａｉｓｙａ,,2023-06-30,外国会社等
Ｓｔｅｌｌａ・Ｍａｇｏ株式会社,大阪府堺市中区土塔町８４番地４,2023-06-30,株式会社
Ｓｕ　Ｚｈｏｕ　ＥＯ－ＵＰ　Ｔｒａｄｅ　Ｃｏ．，Ｌｔｄ,,2023-06-30,外国会社等
Ｓｕｎｓｈｉｎｅ合同会社,東京都北区上中里３丁目１０－７塩野ビル１０２,2023-06-30,合同会社
ＴＩＦＦ　ＣＯ．，　ＬＩＭＩＴＥＤ,,2023-06-30,外国会社等
ＴＯＲＩＫＡＩホールディングス株式会社,佐賀県三養基郡基山町大字宮浦９９１番地２,2023-06-30,株式会社
ＴｈａｎｋｓＷｏｒｋｓ株式会社,東京都渋谷区神山町７番８号,2023-06-30,株式会社
Ｔｈｅ　ｐｒｏｍｉｓｅｄ　Ｌａｎｄ株式会社,東京都足立区小台１丁目６番１９号,2023-06-30,株式会社
Ｔｏｈｏ　Ａｄｖｉｓｏｒｓ株式会社,大阪府大阪市西区南堀江４丁目３－１９－３０６,2023-06-30,株式会社
Ｔｏｍｏｖａｔｉｏｎ　Ｉｎｃ．株式会社,東京都中央区銀座１丁目２２番１１号銀座大竹ビジデンス２Ｆ,2023-06-30,株式会社
ＶＥＰ株式会社,東京都杉並区高円寺北４丁目４－６,2023-06-30,株式会社
ＶｕｎａＰａｙ株式会社,沖縄県那覇市首里寒川町２丁目４－５,2023-06-30,株式会社
Ｗｉｓｄｏｍｐｒｏ　ＬＬＣ,,2023-06-30,外国会社等
Ｗｏｎｄｅｒｓ　Ｔｅｃｈ　Ｃｏ．，Ｌｔｄ．,,2023-06-30,外国会社等
Ｗｕｈａｎ　Ｑｉａｎｂａｉｙｉ　Ｓｈａｎｇｍａｏ　Ｙｏｕｘｉａｎ　Ｇｏｎｇｓｉ,,2023-06-30,外国会社等
Ｗｕｙｕａｎ（Ｓｈｅｎｚｈｅｎ）ＳｈｅｊｉＹｏｕｘｉａｎｇｏｎｇｓｉ,,2023-06-30,外国会社等
Ｘｉａｍｅｎ　Ｌｉｅｋｏｎｇ　Ｗａｎｇｌｕｏ　Ｋｅｊｉ　Ｃｏ．，Ｌｔｄ,,2023-06-30,外国会社等
Ｘｉａｎｇｘｉａｎ　Ｋｅｊｉ　Ｓｈｅｎｚｈｅｎ　Ｙｏｕｘｉａｎｇｏｎｇｓｉ,,2023-06-30,外国会社等
ＸｉｎＸｉａｎｇＳｈｉ　ＣｈｅｎＺｈｉＮｉｎｇＳｈａｎｇＭａｏ　ＹｏｕＸｉａｎＧｏｎｇＳｉ,,2023-06-30,外国会社等
ＹＯＮＧＫＡＮＧ　ＢＥＮＬＥ　ＴＲＡＤＩＮＧ　ＣＯ．，ＬＴＤ．,,2023-06-30,外国会社等
ＺｈｅＪｉａｎｇ　ＧｕａｎＪｉｅＳｈｅｎｇＷｕＫｅＪｉ　ＹｏｕＸｉａｎＧｏｎｇＳｉ,,2023-06-30,外国会社等
Ｚｈｅｊｉａｎｇ　Ｈｕａｊｉａｎ　Ｎｅｎｇｙｕａｎｋｅｊｉ　Ｙｏｕｘｉａｎｇｏｎｇｓｉ,,2023-06-30,外国会社等
Ｚｈｅｎｇｚｈｏｕ　ｅ－ｌｉｎｋ　Ｅ－ｃｏｍｍｅｒｃｅ　Ｃｏ．，Ｌｔｄ．,,2023-06-30,外国会社等
Ｚｈｕ　ｈａｉ　ｈｏｎｇ　ｙａ　ｍａｏ　ｙｉ　ｙｏｕ　ｘｉａｎ　ｇｏｎｇ　ｓｉ,,2023-06-30,外国会社等
Ｚｈｕ　ｈａｉ　ｈｕａ　ｋｅ　ｄｉａｎ　ｚｉ　ｋｅ　ｊｉ　ｙｏｕ　ｘｉａｎ　ｇｏｎｇ　ｓｉ,,2023-06-30,外国会社等
ａｒｃｈｉｓｏｆｔ株式会社,東京都練馬区下石神井１丁目６番１８号,2023-06-30,株式会社
ｂｙｔｅＳｔｒｅａｍｅ株式会社,東京都渋谷区道玄坂１丁目１０番８号渋谷道玄坂東急ビル２Ｆ－Ｃ,2023-06-30,株式会社
ｃｈｅｎｇｄｕ　ｊｉｎｇｓｈｕｏｙｕｆｅｎｇｄｉａｎｚｉｓｈａｎｇｗｕ　ｙｏｕｘｉａｎｇｏｎｇｓｉ,,2023-06-30,外国会社等
ｃｈｕｚｈｏｕ　ｎａｉｓｉｊｉｎｃｈｕｋｏｕｍａｏｙｉ　ｙｏｕｘｉａｎｇｏｎｇｓｉ,,2023-06-30,外国会社等
ｆｏｓｈａｎｃｈｅｎｚｈａｎ　ｑｉｙｅｇｕａｎｌｉ　ｙｏｕｘｉａｎｇｏｎｇｓｉ,,2023-06-30,外国会社等
ｆｏｓｈａｎｓｈｉ　ｈｕｃｈｅｎｇｐｉｊｕｓｈｉｙｅ　ｙｏｕｘｉａｎｇｏｎｇｓｉ,,2023-06-30,外国会社等
ｆｕｚｈｏｕｎａｎｍｉｎｇｓｈａｎｇｍａｏｙｏｕｘｉａｎｇｏｎｇｓｉ,,2023-06-30,外国会社等
ｇａｎｚｈｏｕ　ｙｉｙａｎｚｈｏｎｇｍａｏｙｉ　ｙｏｕｘｉａｎｇｏｎｇｓｉ,,2023-06-30,外国会社等
ｇｕａｎｇ　ｚｈｏｕ　ｘｉｎｇ　ｘｕａｎ　ｘｉａｏ　ｓｈｏｕ　ｙｏｕ　ｘｉａｎ　ｇｏｎｇ　ｓｉ,,2023-06-30,外国会社等
ｇｕａｎｇｚｈｏｕｓｈｉ　ｂｅｉｋｕｍａｏｙｉ　ｙｏｕｘｉａｎｇｏｎｇｓｉ,,2023-06-30,外国会社等
ｈａｉｋｏｕｓｈｉ　ｙａｎｇｄａｋｅｊｉ　ｙｏｕｘｉａｎｇｏｎｇｓｉ,,2023-06-30,外国会社等
ｈａｎｇｚｈｏｕ　ｙｉｇｅｈｕａｚｈｕａｎｇｐｉｎ　ｙｏｕｘｉａｎｇｏｎｇｓｉ,,2023-06-30,外国会社等
ｈａｎｇｚｈｏｕ　ｙｕｂｏｊｉｎｃｈｕｋｏｕ　ｙｏｕｘｉａｎｇｏｎｇｓｉ,,2023-06-30,外国会社等
ｈｅｙｕａｎｓｈｉ　ｈａｎｇｘｉａｋｅｊｉ　ｙｏｕｘｉａｎｇｏｎｇｓｉ,,2023-06-30,外国会社等
ｈｕｎａｎ　ｌｏｎｇｑｉｄｉａｎｚｉｋｅｊｉ　ｙｏｕｘｉａｎｇｏｎｇｓｉ,,2023-06-30,外国会社等
ｉｉｉ　Ｉｎｔｅｒｎａｔｉｏｎａｌ　ＪＡＰＡＮ株式会社,神奈川県川崎市多摩区枡形３丁目５番１９－７０１号,2023-06-30,株式会社
ｊｉａｎｇｓｈａｎ　ｘｉａｏｘｉｏｎｇｇｏｎｇｙｉｐｉｎ　ｙｏｕｘｉａｎｇｏｎｇｓｉ,,2023-06-30,外国会社等
ｎａｎｊｉｎｇ　ｂｕｘｉｆｅｉｄｉａｎｚｉｋｅｊｉ　ｙｏｕｘｉａｎｇｏｎｇｓｉ,,2023-06-30,外国会社等
ｎａｎｊｉｎｇ　ｙａｎｔｕｑｉｃｈｅｙｏｎｇｐｉｎ　ｙｏｕｘｉａｎｇｏｎｇｓｉ,,2023-06-30,外国会社等
ｒｅ・ＢＯＲＮ株式会社,埼玉県越谷市宮本町１丁目３５番地４,2023-06-30,株式会社
ｓｈａｎｔｏｕｓｈｉ　ｃｈｕａｎｇｙｉｎｇｗａｎｊｕ　ｙｏｕｘｉａｎｇｏｎｇｓｉ,,2023-06-30,外国会社等
ｓｈｅｎｚｈｅｎ　ｋａｉｓｕｄａ　ｔｅｃｈｎｏｌｏｇｙ　ｃｏ．，Ｌｔｄ,,2023-06-30,外国会社等
ｓｈｅｎｚｈｅｎ　ｗａｎｈａｎｇｑｉｙｅｋｅｊｉ　ｙｏｕｘｉａｎｇｏｎｇｓｉ,,2023-06-30,外国会社等
ｓｈｅｎｚｈｅｎｓｈｉ　ａｋａｋｕｋｅｊｉ　ｙｏｕｘｉａｎｇｏｎｇｓｉ,,2023-06-30,外国会社等
ｓｈｅｎｚｈｅｎｓｈｉ　ｂａｏｌｉｓｈｉｂａｏｚｈｕａｎｇ　ｙｏｕｘｉａｎｇｏｎｇｓｉ,,2023-06-30,外国会社等
ｓｈｅｎｚｈｅｎｓｈｉ　ｄｅｙａｚｈｉｌｉａｎｋｅｊｉ　ｙｏｕｘｉａｎｇｏｎｇｓｉ,,2023-06-30,外国会社等
ｓｈｅｎｚｈｅｎｓｈｉ　ｈａｎｄｉａｎｄｉａｎｋｅｊｉ　ｙｏｕｘｉａｎｇｏｎｇｓｉ,,2023-06-30,外国会社等
ｓｈｅｎｚｈｅｎｓｈｉ　ｈｕａｈａｏｄｉａｎｚｉｔｏｎｇｘｕｎ　ｙｏｕｘｉａｎｇｏｎｇｓｉ,,2023-06-30,外国会社等
ｓｈｅｎｚｈｅｎｓｈｉ　ｌｉｎｚｅｋｅｊｉ　ｙｏｕｘｉａｎｇｏｎｓｉ,,2023-06-30,外国会社等
ｓｈｅｎｚｈｅｎｓｈｉ　ｍａｉｊｉｈｏｎｇｊｉｓｈｕ　ｙｏｕｘｉａｎｇｏｎｇｓｉ,,2023-06-30,外国会社等
ｓｈｅｎｚｈｅｎｓｈｉ　ｎｉｕｙｅ　ｋｅｊｉ　ｙｏｕｘｉａｎｇｏｎｇｓｉ,,2023-06-30,外国会社等
ｓｈｅｎｚｈｅｎｓｈｉ　ｔｅｗｅｉｄａｋｅｊｉ　ｙｏｕｘｉａｎｇｏｎｇｓｉ,,2023-06-30,外国会社等
ｓｈｅｎｚｈｅｎｓｈｉ　ｘｉｎｊｉｈａｉｋｅｊｉ　ｈｅｈｕｏｑｉｙｅ,,2023-06-30,外国会社等
ｓｈｅｎｚｈｅｎｓｈｉ　ｙｉｑｉｙｉｎｇｗａｎｇｌｕｏｋｅｊｉ　ｙｏｕｘｉａｎｇｏｎｇｓｉ,,2023-06-30,外国会社等
ｓｈｅｎｚｈｅｎｓｈｉ　ｚｈｉｓｅｎｄｉａｎｚｉｓｈａｎｇｗｕ　ｙｏｕｘｉａｎｇｏｎｇｓｉ,,2023-06-30,外国会社等
ｔｕｌｉｎｇｓｈｉｘｕｎ（ｓｈｅｎｚｈｅｎ）ｙｏｕｘｉａｎｇｏｎｇｓｉ,,2023-06-30,外国会社等
ｗｕｈａｎｄｅｍａｏ　ｄｉａｎｚｉｓｈａｎｇｗｕ　ｙｏｕｘｉａｎｇｏｎｇｓｉ,,2023-06-30,外国会社等
ｘｉａｍｅｎ　ｙｉｎｇｔｕｗａｎｇｌｕｏｋｅｊｉ　ｙｏｕｘｉａｎｇｏｎｇｓｉ,,2023-06-30,外国会社等
ｙａｎｔａｉ　ｙａｘｕｎｊｉｎｇｍａｏ　ｙｏｕｘｉａｎｇｏｎｇｓｉ,,2023-06-30,外国会社等
ｙｉ　ｗｕ　ｐｕ　ｈｕｉ　ｄｉａｎ　ｚｉ　ｓｈａｎｇ　ｗｕ　ｙｏｕ　ｘｉａｎ　ｇｏｎｇ　ｓｉ,,2023-06-30,外国会社等
ｚｈｅｎｇｚｈｏｕ　ｏｕｋｅｌａｗａｎｇｌｕｏｋｅｊｉ　ｙｏｕｘｉａｎｇｏｎｇｓｉ,,2023-06-30,外国会社等
ｚｈｏｎｇｓｈａｎ　ｓｈｉ　ｇｅ　ｒｕｉ　ｄｉａｎｑｉ　ｙｏｕｘｉａｎ　ｇｏｎｇｓｉ,,2023-06-30,外国会社等
ｚｈｕ　ｈａｉ　ｓｈｉ　ａｏ　ｗｅｉ　ｋｅ　ｊｉ　ｙｏｕ　ｘｉａｎ　ｇｏｎｇ　ｓｉ,,2023-06-30,外国会社等
