法人名,住所,設立日,法人種別
かわい電工株式会社,愛知県豊川市国府南３丁目１１番地２,2022-08-01,株式会社
アイリス株式会社,群馬県伊勢崎市太田町４００－５９,2022-08-01,株式会社
アグファーム株式会社,熊本県菊池市泗水町吉富１７３番地５４,2022-08-01,株式会社
アリ・トレーディング株式会社,岐阜県不破郡垂井町宮代字市場５５５番地１,2022-08-01,株式会社
アーキデザインアソシエイツ株式会社,大阪府大阪市西区西本町２丁目５番３号,2022-08-01,株式会社
インサーネ株式会社,東京都江東区越中島２丁目１－３２プラウドシティ越中島１０２,2022-08-01,株式会社
イーワン工業株式会社,山口県下松市藤光町１丁目１９番１６号,2022-08-01,株式会社
ウエルファームフード合同会社,茨城県土浦市富士崎１丁目８番１７号,2022-08-01,合同会社
エヌの合同会社,東京都港区北青山２丁目１２番４号,2022-08-01,合同会社
エム・テック株式会社,福岡県福岡市東区多の津１丁目１４番１号,2022-08-01,株式会社
ギードゾル合同会社,大阪府大阪市北区天神橋３丁目２番１９号ドエル南森町１００３号室,2022-08-01,合同会社
クローバー合同会社,埼玉県草加市金明町２３６番地９ベルドゥムール草加金明２０４,2022-08-01,合同会社
サイバーセキュリティジャパン株式会社,東京都新宿区高田馬場４丁目４０番１１号ユニゾ高田馬場看山ビル１０Ｆ,2022-08-01,株式会社
サニーテク株式会社,東京都足立区扇１丁目１５番７－９０４号,2022-08-01,株式会社
ステップオファー株式会社,神奈川県横浜市港北区新横浜３丁目１７番１２号（アルファスペース新横浜）ビステーション新横浜内,2022-08-01,株式会社
スペンモ・テクノロジー・ジャパン株式会社,東京都新宿区西新宿３丁目３番１３号西新宿水間ビル６Ｆ,2022-08-01,株式会社
ティーアンドエム株式会社,大阪府岸和田市池尻町６８８番地の１,2022-08-01,株式会社
ティーシーソフト合同会社,東京都港区浜松町２丁目２番１５号浜松町ダイヤビル２Ｆ,2022-08-01,合同会社
トレシーズ合同会社,群馬県高崎市新町３１８２番１３号,2022-08-01,合同会社
ニセコ総業合同会社,北海道磯谷郡蘭越町字湯里１０２－８,2022-08-01,合同会社
ニッポン・ウエルス・ＡＭＡＭＯ合同会社,東京都中央区日本橋室町１丁目１３番７号,2022-08-01,合同会社
パーラマネジメント株式会社,東京都新宿区山吹町３３４番地,2022-08-01,株式会社
ヒロ総合電設株式会社,福岡県春日市春日原南町２丁目３２－４,2022-08-01,株式会社
プライマリーソリューションジャパン合同会社,群馬県前橋市国領町１丁目１２番２２号,2022-08-01,合同会社
ボテロワール合同会社,三重県多気郡多気町前村１２６番地,2022-08-01,合同会社
マーキュリー健康保険組合,東京都新宿区百人町１丁目２２－１７,2022-08-01,その他
リエート株式会社,埼玉県さいたま市岩槻区上野１丁目１６番地９マルイチコーポ１０２外山方,2022-08-01,株式会社
リソニックワーク株式会社,静岡県浜松市中区幸３丁目１６番５７号,2022-08-01,株式会社
一般社団法人かふうなー,沖縄県那覇市上之屋１丁目３番２５－１００１号コンフォート新都心,2022-08-01,その他の設立登記法人
一般社団法人ことりＦＰ相続センター,福岡県福岡市博多区諸岡３丁目１７番２１号,2022-08-01,その他の設立登記法人
一般社団法人もっくる,奈良県奈良市藤ノ木台１丁目８番２８－１０１号,2022-08-01,その他の設立登記法人
一般社団法人カラダのフローラ研究所,東京都町田市成瀬が丘１丁目８番地７,2022-08-01,その他の設立登記法人
一般社団法人グローバル人材情報センター,東京都台東区台東１丁目５番２６号２Ｆ,2022-08-01,その他の設立登記法人
一般社団法人スティーラス・プロトコル,東京都中央区銀座８丁目１６番６号ときわぎ館２階,2022-08-01,その他の設立登記法人
一般社団法人ネット依存支援協会,静岡県静岡市駿河区みずほ３丁目３番地の１８,2022-08-01,その他の設立登記法人
一般社団法人メタ振興ファーム,東京都千代田区一番町６番地１ロイアル一番町Ａー６０３号,2022-08-01,その他の設立登記法人
一般社団法人ワーカーズ・コレクティブはっぴいさん,神奈川県横浜市中区南仲通４丁目３９番地石橋ビル３階,2022-08-01,その他の設立登記法人
一般社団法人和泉公共施設サポート,大阪府和泉市仏並町８４番地の２,2022-08-01,その他の設立登記法人
一般社団法人国際介護士協会,大阪府大阪市住吉区苅田７丁目１２番１９－３１８号,2022-08-01,その他の設立登記法人
一般社団法人日本電気自動車レース招致委員会,東京都杉並区永福１丁目１６番４号,2022-08-01,その他の設立登記法人
一般社団法人登別アドベンチャー協会,北海道登別市登別温泉町１０９番地Ｂ１０２,2022-08-01,その他の設立登記法人
一般社団法人礼楽舎,東京都国分寺市東元町２丁目２０番１０号ライオンズマンション１０２号室,2022-08-01,その他の設立登記法人
一般社団法人笑楽,神奈川県横浜市旭区中白根２丁目３０番８号,2022-08-01,その他の設立登記法人
一般社団法人紡,兵庫県多可郡多可町中区門前３３３－２,2022-08-01,その他の設立登記法人
一般社団法人Ｄ‐ｌｉｖｅ,富山県氷見市伊勢大町１丁目２６７番地１６,2022-08-01,その他の設立登記法人
一般社団法人ＦＣ　ＥＴＨＥＲＬＩＧＨＴ,埼玉県入間郡毛呂山町前久保南４丁目４０番地４１,2022-08-01,その他の設立登記法人
一般社団法人Ｒ＆Ｙ,大阪府大阪市北区梅田１丁目１－３大阪駅前第３ビル２９階１－１－１号室,2022-08-01,その他の設立登記法人
一般社団法人ＴＯＫＳ,大阪府大阪市中央区本町１丁目５番６号大阪山甚ビル,2022-08-01,その他の設立登記法人
一般財団法人カムナ,岡山県岡山市北区下石井２丁目１０番３０号杜の街グレース岡山ザ・タワー３３０７,2022-08-01,その他の設立登記法人
一般財団法人東邦人財育成・社会貢献財団,京都府京都市中京区壬生御所ノ内町３２番地,2022-08-01,その他の設立登記法人
一般財団法人ＪＡＳＰＥＣ,兵庫県神戸市中央区港島中町３丁目１番地４１号棟６０５号室,2022-08-01,その他の設立登記法人
三金合同会社,千葉県千葉市稲毛区作草部町１２６５,2022-08-01,合同会社
丸吉鐵工株式会社,北海道札幌市西区発寒十二条１３丁目１番１号,2022-08-01,株式会社
久久合同会社,埼玉県草加市神明１丁目９番２６号,2022-08-01,合同会社
久喜環境テクノロジー株式会社,埼玉県久喜市菖蒲町台９５７番地,2022-08-01,株式会社
九州合同会社,埼玉県さいたま市見沼区大字東新井７１０番地２９の２０１号室,2022-08-01,合同会社
仲村設備工業株式会社,宮崎県児湯郡新富町大字上富田３７１９番地１,2022-08-01,株式会社
伊格賦株式会社,東京都新宿区西五軒町７番１２プラティーク神楽坂４０１号,2022-08-01,株式会社
医療法人たかはし内科・循環器内科クリニック,大阪府寝屋川市大利町２１番２号寝屋川大利メディカルガーデンズ３階,2022-08-01,その他の設立登記法人
医療法人はしクリニック,大阪府豊中市少路２丁目３番２２号ＪＭＬクリニックビル豊中２階,2022-08-01,その他の設立登記法人
医療法人青樹会,群馬県桐生市新里町山上字天笠南５００番地１,2022-08-01,その他の設立登記法人
十三不動産株式会社,愛知県名古屋市昭和区村雲町１６番１１号,2022-08-01,株式会社
印旛開発土木株式会社,千葉県佐倉市石川５３９番地６,2022-08-01,株式会社
合同会社えんじん,大阪府大阪市福島区福島３丁目５－２１－２０１,2022-08-01,合同会社
合同会社さんちょうめ,神奈川県横浜市中区曙町３丁目４０番地,2022-08-01,合同会社
合同会社ななつ,高知県高知市横浜１４５番地１７,2022-08-01,合同会社
合同会社ひまわり縁,熊本県熊本市中央区中央街２番５号アストラルハイム４０５,2022-08-01,合同会社
合同会社みのり訪問看護ステーションみのり,兵庫県西宮市小松東町１丁目２番９号,2022-08-01,合同会社
合同会社アイエス・セミソリューション,熊本県上益城郡益城町大字田原２０８１番地１０,2022-08-01,合同会社
合同会社アイビス,北海道札幌市中央区南十八条西１４丁目３－３２－２０３,2022-08-01,合同会社
合同会社アントワーク,茨城県ひたちなか市大字東石川２４５０－５２,2022-08-01,合同会社
合同会社アーカトルシュ,東京都千代田区神田東松下町１０－１,2022-08-01,合同会社
合同会社アークエクスプレス,愛知県名古屋市天白区一本松１丁目１１１２番地（アスピリア一本松１０１号）,2022-08-01,合同会社
合同会社イタバシケ,宮城県仙台市泉区鶴が丘１丁目３０番地の３,2022-08-01,合同会社
合同会社イノベーションＬＡＢ上越,新潟県上越市高土町１丁目８番１号,2022-08-01,合同会社
合同会社イノベーションＬＡＢ新潟,新潟県新潟市中央区南笹口１丁目５番６号,2022-08-01,合同会社
合同会社イージス,北海道札幌市中央区北三条西２４丁目１番１０－３０５号,2022-08-01,合同会社
合同会社エクシア,福岡県北九州市小倉南区若園４丁目１１番６号,2022-08-01,合同会社
合同会社エドエックス・ラボ京都,京都府木津川市木津小川１５番地１木津川ＰＯＲＴ,2022-08-01,合同会社
合同会社オリーブ,愛知県名古屋市中区丸の内１丁目１７番１９号,2022-08-01,合同会社
合同会社オルタナ１４,東京都千代田区丸の内３丁目１番１号東京共同会計事務所内,2022-08-01,合同会社
合同会社カプサイシン大好き,東京都杉並区西荻南２丁目７番１０－４０１号,2022-08-01,合同会社
合同会社キタヤマ,大阪府大阪市阿倍野区松崎町３丁目１３番３５－１００３号,2022-08-01,合同会社
合同会社グリーン,愛知県名古屋市中区丸の内１丁目１７番１９号,2022-08-01,合同会社
合同会社タツケン,千葉県印西市戸神台２丁目１番地２棟８１５号,2022-08-01,合同会社
合同会社チャイルド,福岡県福岡市城南区片江３丁目２２番１７号ビバリーヒルズ片江Ⅰ・Ａ２０５号,2022-08-01,合同会社
合同会社テスティングリサーチ,東京都台東区下谷２丁目１１番１４号,2022-08-01,合同会社
合同会社ディール,埼玉県八潮市大字大原４４９番地スタシィオン参番館１０２,2022-08-01,合同会社
合同会社ドリームホープマーケット,愛知県岡崎市鴨田町字猿堂１９番地２,2022-08-01,合同会社
合同会社ヒデキコーポレーション,大阪府松原市岡３丁目２番１２号,2022-08-01,合同会社
合同会社ブルー,愛知県名古屋市中区丸の内１丁目１７番１９号,2022-08-01,合同会社
合同会社一期,大阪府羽曳野市古市７丁目９番５号,2022-08-01,合同会社
合同会社三共トラスト,東京都板橋区四葉１丁目３－１０ＢｅｖｅｒｌｙＨｏｍｅｓ下赤塚１０５号,2022-08-01,合同会社
合同会社不動産ガレージ,静岡県伊東市湯川４５２番地の１４０,2022-08-01,合同会社
合同会社今関商会,千葉県八街市沖１０１４－１,2022-08-01,合同会社
合同会社夢大,鹿児島県鹿屋市笠之原町３８番３３号,2022-08-01,合同会社
合同会社岡本事務所,和歌山県御坊市熊野３７５番地,2022-08-01,合同会社
合同会社彩賀工業,千葉県市原市廿五里１２２７－８,2022-08-01,合同会社
合同会社愛,北海道札幌市西区西野八条３丁目１１番１号,2022-08-01,合同会社
合同会社明日葉,山口県下関市新垢田東町２丁目３番４号,2022-08-01,合同会社
合同会社田中製作所,京都府宇治市槇島町一ノ坪７,2022-08-01,合同会社
合同会社百式,茨城県常陸大宮市田子内町３２３５番地の２,2022-08-01,合同会社
合同会社直土建,熊本県上益城郡益城町大字安永１４９７番地,2022-08-01,合同会社
合同会社神戸コネクト,兵庫県神戸市中央区磯上通８丁目１－２９カサベラビルＣ＆Ｍビル４０３,2022-08-01,合同会社
合同会社篤,埼玉県朝霞市溝沼４丁目１０番１６号,2022-08-01,合同会社
合同会社紫インベストメント,東京都渋谷区神宮前６丁目２３番４号桑野ビル２階,2022-08-01,合同会社
合同会社ＡＤＥＬＩＳＳ,福岡県福岡市中央区天神２丁目３番１０号天神パインクレスト７１９号,2022-08-01,合同会社
合同会社ＡＯＺＯＲＡ,福岡県福岡市博多区神屋町４－２ウエスタンビル１Ｆ,2022-08-01,合同会社
合同会社ＡＳサポート,千葉県市川市南八幡５丁目２１番１０号３階,2022-08-01,合同会社
合同会社ＡｉｎｏＤｅｓｉｇｎ,東京都港区南青山２丁目２番１５号,2022-08-01,合同会社
合同会社Ａｎｙ　Ｒｏａｄ,大分県別府市上人ケ浜町３番２０号,2022-08-01,合同会社
合同会社ＣＡＳＤＡＹ,東京都新宿区新宿５丁目１番１号,2022-08-01,合同会社
合同会社ＣＨＡＭＢＥＲＳ,愛知県名古屋市天白区八事山４３５,2022-08-01,合同会社
合同会社Ｄｒｉｐ　Ｃａｐｅ　Ｄｉｇｉｔａｌ,東京都港区元麻布３丁目１番６号ＢＬＩＮＫ・ＳＭＡＲＴ・ＷＯＲＫＳＰＡＣＥ,2022-08-01,合同会社
合同会社Ｅ＆Ｍ,茨城県つくば市豊里の杜２丁目３６番地５,2022-08-01,合同会社
合同会社Ｆａｍｉｌｙ　ｍｅｍｏｒｉｅｓ,沖縄県中頭郡読谷村字古堅８６７番地８,2022-08-01,合同会社
合同会社Ｆｒｅｅｄｏｍ,埼玉県草加市手代１丁目８番１４号,2022-08-01,合同会社
合同会社ＨＥＮＡＭＡ,東京都渋谷区円山町２４番４号メゾンブランシュ渋谷１０１号室,2022-08-01,合同会社
合同会社ＩＳＳＡ,千葉県木更津市大和３丁目４番３号グランポート木更津５０２号室,2022-08-01,合同会社
合同会社Ｊ２Ｆ,東京都新宿区南元町１４－２,2022-08-01,合同会社
合同会社Ｋコンサルタント,岐阜県本巣市仏生寺８８２番地３,2022-08-01,合同会社
合同会社ＫＡＮＡＤＥＲＵ,福岡県福岡市東区香椎浜３丁目３番５－２６１５号,2022-08-01,合同会社
合同会社ＫＤＯ　Ｔｒａｄｉｎｇ,千葉県白井市七次台３丁目８番２号,2022-08-01,合同会社
合同会社ＫＵ　ｆｏｏｄ,大阪府吹田市出口町２６－１,2022-08-01,合同会社
合同会社ＫＵ　ｔｅｃｈｎｏｌｏｇｙ,愛知県西尾市羽塚本郷４４―１,2022-08-01,合同会社
合同会社Ｌａｐａｎ,東京都渋谷区道玄坂１丁目１６－６二葉ビル８ｂ,2022-08-01,合同会社
合同会社ＬｉｅＮａｒｃ,埼玉県さいたま市浦和区常盤９丁目１９番１９号サンシティ２０１号,2022-08-01,合同会社
合同会社ＭＩＣＨＩＴＯＳＯＲＡ,静岡県富士市松本１４３番地の２６,2022-08-01,合同会社
合同会社ＭＲＭ,東京都大田区羽田４丁目１０番７－２０２号,2022-08-01,合同会社
合同会社ＮＯ．８,東京都目黒区青葉台３丁目１７番７号佐藤マンション１Ｆ,2022-08-01,合同会社
合同会社ＮＴ,大阪府泉南郡熊取町新野田２丁目２１番１０号,2022-08-01,合同会社
合同会社ＯＫ‐２,大阪府箕面市桜井１丁目１９番６号,2022-08-01,合同会社
合同会社Ｏａ　ｏａ,大阪府大阪市北区梅田１丁目１－３大阪駅前第３ビル２９階１－１－１,2022-08-01,合同会社
合同会社Ｏｎｅ２,福岡県福岡市博多区銀天町３丁目６番２９－５０５号ヒューマインド南福岡かえで通り,2022-08-01,合同会社
合同会社ＰＡＲＴＹｘＰＡＲＴＹ,茨城県日立市多賀町１丁目１５番１号谷川ビルＢ１Ｆ,2022-08-01,合同会社
合同会社ＲＵＢＡＮ,茨城県日立市多賀町１丁目１５番１号谷川ビル１０２,2022-08-01,合同会社
合同会社ＳＫＹＹ,東京都世田谷区松原６丁目３９番７号,2022-08-01,合同会社
合同会社ＴＫＳ,東京都新宿区四谷本塩町１１番２号,2022-08-01,合同会社
合同会社ＴＹＳコンサルティング,東京都世田谷区船橋４丁目１－１４,2022-08-01,合同会社
合同会社ＵＮＩＣＯ,東京都足立区西新井６丁目４０番５号,2022-08-01,合同会社
合同会社Ｗｅｂｕｌａｌ,愛知県岡崎市大平町字ゼッポウ９番地３,2022-08-01,合同会社
合同会社Ｘｅｎａ,東京都江戸川区北小岩２丁目１４番地２号京成サンコーポ小岩１０１号室,2022-08-01,合同会社
合同会社ＹＡ１,東京都目黒区柿の木坂３丁目１１番４－３０２号,2022-08-01,合同会社
合同会社ＹＡ２,東京都目黒区柿の木坂３丁目１１番４－３０２号,2022-08-01,合同会社
合同会社ＹＳエネルギー,北海道札幌市中央区南一条西８丁目１４番地３札幌第二スカイビル５階,2022-08-01,合同会社
合同会社ｃｈｅｅｍｙ,大阪府大阪市西区南堀江１丁目２１番１６号,2022-08-01,合同会社
合同会社ｅｖｅｒ　ｆｒｅｅ,埼玉県深谷市本田４４０６番地,2022-08-01,合同会社
合同会社ｍａｎｕｓ,大阪府大阪市天王寺区寺田町１丁目７番７－６０５号,2022-08-01,合同会社
合同会社ｒｅｓｕｍｅ,東京都渋谷区道玄坂１丁目１０番８号渋谷道玄坂東急ビル２Ｆ－Ｃ,2022-08-01,合同会社
合同会社ｓｕｃｃｅｓｓ,東京都渋谷区神宮前６丁目２３番４号,2022-08-01,合同会社
合同会社ｖｉｅｗ,東京都江東区豊洲１丁目２－８－８１３,2022-08-01,合同会社
合資会社高良住宅,沖縄県那覇市字田原２８９番地３,2022-08-01,合資会社
吉優藍合同会社,埼玉県春日部市南３丁目３－１２,2022-08-01,合同会社
吉礼総合ストア協同組合,和歌山県和歌山市吉礼５３５番地の３,2022-08-01,その他の設立登記法人
同道株式会社,大阪府東大阪市高井田１番１０号,2022-08-01,株式会社
塔羅亜日本株式会社,東京都荒川区南千住８丁目８番１－１８１０号,2022-08-01,株式会社
外山法務合同会社,茨城県土浦市真鍋新町８番２２号,2022-08-01,合同会社
大成みずの建設株式会社,北海道石狩市花川北四条２丁目２２番地１８,2022-08-01,株式会社
大明株式会社,大阪府大阪市生野区中川西１丁目５－２０,2022-08-01,株式会社
家具レンタルファースト合同会社,大阪府大阪市中央区南本町３丁目３番１４号貴田ビル５階,2022-08-01,合同会社
小山ＬＵＫＡ温泉合同会社,東京都台東区浅草５丁目４６－９－３０１,2022-08-01,合同会社
弁理士法人Ｉｎｔｇｒｏｗ　Ｌｏｕｎｇｅ,東京都渋谷区渋谷３丁目６番２号,2022-08-01,その他の設立登記法人
新成株式会社,東京都台東区東上野６丁目２４番７香川ビル３Ｆ,2022-08-01,株式会社
新本合株式会社,大阪府大阪市東成区神路４丁目３－１０スターレジデンス新深江３０６号室,2022-08-01,株式会社
新発田工房株式会社,新潟県新発田市押廻５５７番地,2022-08-01,株式会社
新華株式会社,大阪府大阪市東成区神路４丁目３－１０スターレジデンス新深江３０３号室,2022-08-01,株式会社
日東電線工業九州株式会社,大分県宇佐市大字下高家２０５８番地,2022-08-01,株式会社
明和装業株式会社,北海道空知郡南幌町南１２線西１３番地,2022-08-01,株式会社
東斉株式会社,東京都豊島区池袋３丁目６９番１号パレ・ドール池袋Ⅱ３０５室,2022-08-01,株式会社
松大株式会社,大阪府大阪市天王寺区空清町４－１１杉野ビル本館１０８号室,2022-08-01,株式会社
株式会社えんや,愛知県名古屋市東区白壁２丁目１４番２７号,2022-08-01,株式会社
株式会社ことのはラーニング,神奈川県横浜市港北区篠原町７２番地２－３－２０５,2022-08-01,株式会社
株式会社さぼてん,埼玉県さいたま市緑区道祖土１丁目２６番５号サイドエクセル２０１号室,2022-08-01,株式会社
株式会社ひなた,宮崎県東諸県郡綾町大字南俣６２２番地３,2022-08-01,株式会社
株式会社ふらっとＣＯＭＭ．,山口県山口市小郡船倉町３番１１号,2022-08-01,株式会社
株式会社みどりメディカルサポート,愛知県名古屋市緑区篭山１丁目１０９番地の１シティコーポ小坂南１０１号,2022-08-01,株式会社
株式会社アイテムコネクト,岐阜県可児市川合２２番地１,2022-08-01,株式会社
株式会社アキエース,東京都新宿区西新宿３丁目３番１３号西新宿水間ビル６階,2022-08-01,株式会社
株式会社アジア物産ＱＨＤ,埼玉県さいたま市岩槻区大字浮谷２４４０番地１３,2022-08-01,株式会社
株式会社アニングトラスト,大分県別府市石垣東７丁目１番３６号ＢＭマンション,2022-08-01,株式会社
株式会社アベニール,愛知県名古屋市中村区二瀬町８６番地,2022-08-01,株式会社
株式会社アラバト,東京都新宿区西新宿３丁目３番１３号,2022-08-01,株式会社
株式会社アースアイ,愛知県名古屋市西区菊井２丁目７番８号,2022-08-01,株式会社
株式会社アールシーソリューション,埼玉県川越市大字砂新田４１４番地３,2022-08-01,株式会社
株式会社イノベーションホーム,大阪府大阪市天王寺区六万体町５番２４号ナカイビル５Ｆ,2022-08-01,株式会社
株式会社イミセンス,東京都渋谷区神宮前６丁目２３番４号桑野ビル２階,2022-08-01,株式会社
株式会社イリス,東京都品川区南品川５丁目１３－１５モア南品川２０２,2022-08-01,株式会社
株式会社インペラトーレ,神奈川県川崎市幸区中幸町４丁目４５番地５－１３０４,2022-08-01,株式会社
株式会社エムズ,新潟県柏崎市大字芋川２４３３番地１,2022-08-01,株式会社
株式会社エメポワール,京都府八幡市下奈良宮ノ道８番地の２,2022-08-01,株式会社
株式会社オカベホールディングス,徳島県美馬郡つるぎ町半田字東毛田４８番地,2022-08-01,株式会社
株式会社オプミッド,大阪府堺市北区金岡町１９４５番地５,2022-08-01,株式会社
株式会社カキテツ,北海道苫小牧市木場町２丁目３番３２号,2022-08-01,株式会社
株式会社カムイ,北海道札幌市中央区南七条西４丁目４２４番地１２すすきのプラザビル７０８号,2022-08-01,株式会社
株式会社カレーだし,東京都世田谷区三宿２丁目４－１０,2022-08-01,株式会社
株式会社キュウハン,京都府京都市山科区大塚西浦町３４,2022-08-01,株式会社
株式会社キーパーズ,埼玉県川越市大字扇河岸１０５番地６,2022-08-01,株式会社
株式会社クレイジーコミュニティカンパニー,東京都渋谷区東３丁目１２番８号ｅｓｔ３,2022-08-01,株式会社
株式会社クロスウィン,東京都港区赤坂４丁目３番１５号ＦＳＫ赤坂ビル２Ｆ,2022-08-01,株式会社
株式会社クロスリアル,大阪府大阪市北区芝田１丁目１番４号阪急ターミナルビル１６Ｆ,2022-08-01,株式会社
株式会社コアラ川崎,神奈川県川崎市中原区下小田中２丁目９番５号,2022-08-01,株式会社
株式会社コットンバスケット,兵庫県川西市水明台３丁目６番地の３３,2022-08-01,株式会社
株式会社サマサマ,埼玉県入間市向陽台１丁目１番地１７駅前プラザ１３－１０３,2022-08-01,株式会社
株式会社シロウトニケ,京都府京丹後市網野町島津４５８番地,2022-08-01,株式会社
株式会社ジェネシス,東京都世田谷区等々力４丁目１２番１０－４０５号,2022-08-01,株式会社
株式会社ジオプロテクト,長野県長野市大字金箱２８２番地７,2022-08-01,株式会社
株式会社スタックカラー名古屋北,愛知県名古屋市東区徳川２丁目１７番１６号,2022-08-01,株式会社
株式会社スペリオルワン,神奈川県横浜市青葉区千草台３８番地８－４０２号,2022-08-01,株式会社
株式会社スマイルライフ,福岡県北九州市小倉南区東貫３丁目３番２１号,2022-08-01,株式会社
株式会社タカヤ,埼玉県志木市幸町１丁目７番３２号,2022-08-01,株式会社
株式会社ダイジュホーム,愛知県名古屋市瑞穂区彌富通５丁目４２番地ユニーブル弥富通７０１号,2022-08-01,株式会社
株式会社ディライトビューティ,大阪府大阪市東成区神路２丁目９番６号,2022-08-01,株式会社
株式会社トラシアス,埼玉県川口市鳩ヶ谷緑町１丁目５－１１,2022-08-01,株式会社
株式会社トータル・ライフ,東京都昭島市宮沢町３丁目３番９号,2022-08-01,株式会社
株式会社トーマ,神奈川県川崎市川崎区宮前町７番２号シェリールプレイス川崎５０１号,2022-08-01,株式会社
株式会社ドウガマニア,東京都渋谷区桜丘町１７番１２号渋谷ジョンソンビル４０１,2022-08-01,株式会社
株式会社ドリズインターナショナル,東京都江戸川区南小岩７丁目２６－１６リバティ小岩４Ｆ,2022-08-01,株式会社
株式会社ナカジマ,京都府京都市伏見区羽束師鴨川町２番地２３,2022-08-01,株式会社
株式会社ナースケア東北,宮城県仙台市太白区富沢西５丁目１２番地の２８ＰＡＳＳＩＯＮＥⅣ,2022-08-01,株式会社
株式会社ネプチューン・ジャパン,香川県坂出市府中町５４１１番地１,2022-08-01,株式会社
株式会社ハピネスライフ武,北海道函館市美原３丁目３３番１３－１０１号,2022-08-01,株式会社
株式会社ヒロテック,埼玉県草加市柳島町３番地９,2022-08-01,株式会社
株式会社ファイブリゲート,東京都品川区西五反田１丁目２４番４号,2022-08-01,株式会社
株式会社フェアズフェア,東京都三鷹市新川１丁目５番５号,2022-08-01,株式会社
株式会社ブッソール,長野県東筑摩郡山形村２７０９番地２,2022-08-01,株式会社
株式会社ブライトテクノロジーズ,大阪府大阪市中央区博労町１丁目４番１０号,2022-08-01,株式会社
株式会社プラスワン,熊本県熊本市北区八景水谷２丁目７番１０号,2022-08-01,株式会社
株式会社ベルコンピューティングシステム,京都府京都市下京区松原通烏丸西入ル玉津島町２９４,2022-08-01,株式会社
株式会社ベルベットアーツ,静岡県御殿場市神山平３丁目４番地の４,2022-08-01,株式会社
株式会社ムラヤマ自動車販売,新潟県南魚沼市島新田３１１番地３,2022-08-01,株式会社
株式会社メイク,愛知県愛知郡東郷町大字春木字白土２番地２５,2022-08-01,株式会社
株式会社メンタルアシスト,京都府京都市下京区玉津島町２９４,2022-08-01,株式会社
株式会社ヤマミ,長野県小県郡青木村大字村松３８番地１,2022-08-01,株式会社
株式会社ラフ,東京都練馬区豊玉北５丁目６番１１号ミグハウス２０２,2022-08-01,株式会社
株式会社リバイオール,愛知県名古屋市瑞穂区市丘町１丁目２１番地の１－４０８,2022-08-01,株式会社
株式会社リライフ,大阪府大阪市北区本庄東２丁目２番３０号,2022-08-01,株式会社
株式会社レクサス,大阪府大阪市東成区中本１丁目１４番１－９０１号,2022-08-01,株式会社
株式会社ローセル,東京都町田市三輪町５３０番地１,2022-08-01,株式会社
株式会社ワイズプラス,東京都世田谷区南烏山４丁目１０番３ＫＳビル３０１,2022-08-01,株式会社
株式会社三ツ星鑑定事務所,福岡県福岡市中央区舞鶴１丁目４番２５号プリモパルティーレ８０２,2022-08-01,株式会社
株式会社中平パーク,高知県高知市神田１７５３番地３６,2022-08-01,株式会社
株式会社中野,京都府京都市山科区北花山中道町６１番地８,2022-08-01,株式会社
株式会社伊藤不動産,東京都荒川区荒川３丁目３３番３号,2022-08-01,株式会社
株式会社信尚,埼玉県三郷市高洲三丁目２２７番地５,2022-08-01,株式会社
株式会社内藤,東京都大田区久が原５丁目１１番１８号,2022-08-01,株式会社
株式会社出願代行サービス,東京都千代田区神田北乗物町１６柴崎ビル３階,2022-08-01,株式会社
株式会社北海道日信,北海道札幌市豊平区美園十二条７丁目７番６号,2022-08-01,株式会社
株式会社古月,熊本県熊本市北区植木町伊知坊８８６番地１,2022-08-01,株式会社
株式会社四季暦,京都府綴喜郡宇治田原町緑苑坂４４番地の４,2022-08-01,株式会社
株式会社地域エネルギー開発,東京都港区六本木１丁目６番１号,2022-08-01,株式会社
株式会社垣見内装,愛知県一宮市木曽川町門間字沼奥３９番地,2022-08-01,株式会社
株式会社太田古鐵商店,福岡県京都郡苅田町港町２０番地１６,2022-08-01,株式会社
株式会社宗村熔接工業,新潟県燕市八王寺１３８６番地,2022-08-01,株式会社
株式会社家族チキンファミリー,福岡県福岡市中央区薬院１丁目６番５－６０３号,2022-08-01,株式会社
株式会社小野研究所,東京都板橋区桜川２丁目５－７－３Ｆ,2022-08-01,株式会社
株式会社市藤,新潟県新潟市中央区女池２丁目２番２１号,2022-08-01,株式会社
株式会社幸成,千葉県八千代市萱田１１５６番地１,2022-08-01,株式会社
株式会社德和,宮城県仙台市若林区木ノ下１丁目２４番１７号,2022-08-01,株式会社
株式会社振動制御研究所,東京都中央区銀座１丁目２１－５ＪＫビル２Ｆ,2022-08-01,株式会社
株式会社政秀,大阪府東大阪市菱江４丁目５番２１号,2022-08-01,株式会社
株式会社新夢,埼玉県川口市大字芝６９９０番地の７４,2022-08-01,株式会社
株式会社日橋商会,東京都調布市布田３丁目３０番地１,2022-08-01,株式会社
株式会社明戸珈琲,岩手県盛岡市内丸４番７号,2022-08-01,株式会社
株式会社未来建築工房,大阪府藤井寺市大井４丁目１１番５０号,2022-08-01,株式会社
株式会社来光ホールディングス,愛知県西春日井郡豊山町大字豊場字大山６９番地１,2022-08-01,株式会社
株式会社松村,兵庫県神戸市兵庫区熊野町３丁目５番５号,2022-08-01,株式会社
株式会社桂ホールディングス,宮城県黒川郡大和町テクノヒルズ３１,2022-08-01,株式会社
株式会社森のファーム山形,山形県長井市五十川６１９６番地１,2022-08-01,株式会社
株式会社横山建材,大阪府泉佐野市長滝３２７０番地の１３,2022-08-01,株式会社
株式会社浅原工業,山口県周南市大字呼坂１１００番地の１２８,2022-08-01,株式会社
株式会社瀬川,東京都墨田区太平２丁目１９番４号ファーストハイツ２０２号室,2022-08-01,株式会社
株式会社盛大,静岡県静岡市駿河区西脇５１２番地の３,2022-08-01,株式会社
株式会社福井商事,東京都新宿区大久保２丁目１－９日興ユニパリス大久保１００１,2022-08-01,株式会社
株式会社秩父フードクリエイツ,埼玉県秩父市中町１１番２号,2022-08-01,株式会社
株式会社空想科学具現化工業,大阪府堺市堺区神南辺町１丁２８番地４,2022-08-01,株式会社
株式会社翔,大阪府泉佐野市野出町１２番２７号,2022-08-01,株式会社
株式会社聡輝,東京都渋谷区桜丘町２９ー５石島ビル３０１号,2022-08-01,株式会社
株式会社豊之助,香川県さぬき市津田町鶴羽２１８０番地３,2022-08-01,株式会社
株式会社豊紫園,神奈川県横浜市都筑区早渕３丁目１１番８－２号,2022-08-01,株式会社
株式会社金洋,大阪府大阪市淀川区田川北２丁目５－３４・Ｅ棟２０１号室,2022-08-01,株式会社
株式会社関工務店,新潟県魚沼市根小屋１３３７番地乙,2022-08-01,株式会社
株式会社陶粧,東京都東久留米市滝山７丁目２番２号,2022-08-01,株式会社
株式会社頭皮ｌａｂｏ,大阪府大阪市北区紅梅町２番３号,2022-08-01,株式会社
株式会社ＡＴＨ,愛知県名古屋市中区富士見町１３番１９号,2022-08-01,株式会社
株式会社ＡＸＩＳ,京都府京都市右京区西京極堤下町３番地１イニシア桂大橋１１６号室,2022-08-01,株式会社
株式会社Ａｓｐｉｒｉｎｇ　ｌｉｆｅ,神奈川県川崎市川崎区渡田向町２０番１５－１０３号,2022-08-01,株式会社
株式会社ＢＥＴＯＵＰＥ,兵庫県神戸市長田区松野通１丁目７番６－７０３号,2022-08-01,株式会社
株式会社ＢＩＮＡＵＲＡＬ,東京都新宿区新宿６丁目２番４号,2022-08-01,株式会社
株式会社ＢＬＡＮＣＯ,福岡県北九州市八幡西区大浦２丁目１２番１６号,2022-08-01,株式会社
株式会社Ｂｅｅ　Ｊａｐａｎ,和歌山県田辺市今福町９８番地１階,2022-08-01,株式会社
株式会社ＢｏＤＹ　ＬＩＮＫ,大阪府岸和田市木材町９番地の１５,2022-08-01,株式会社
株式会社Ｂｏｎｄ　ｏｆ　Ｌｏｖｅ,熊本県熊本市中央区内坪井町３番８号プレステージュ坪井２０３号,2022-08-01,株式会社
株式会社ＣＡＬＹＸＲＯＢＥ,東京都杉並区和田３丁目５７番８号,2022-08-01,株式会社
株式会社ＣＡＳＡ,兵庫県宝塚市中山桜台５丁目１番１号,2022-08-01,株式会社
株式会社Ｃｕｌｔｉｖａｔｅ　Ｍｅｔａｂｏｌｉｓｍ,山梨県北杜市武川町柳澤３９７１－２５,2022-08-01,株式会社
株式会社Ｄ・Ｓ・Ｐ,広島県福山市幕山台２丁目６番２１号,2022-08-01,株式会社
株式会社ＤＥ仙台,宮城県仙台市宮城野区榴岡１丁目５番１８メゾン長喜城３０５号,2022-08-01,株式会社
株式会社ＤＥＮ農,福岡県福岡市中央区大名２丁目６番１１号,2022-08-01,株式会社
株式会社Ｄｅｎｖａｔｉｏｎ,東京都板橋区赤塚６丁目３５番１４号,2022-08-01,株式会社
株式会社Ｄｉａｆａ,東京都新宿区戸山３丁目２１番５号ロータスコート西早稲田６０１,2022-08-01,株式会社
株式会社Ｄｉｏ　Ｇｒｅｅｎ,東京都江戸川区東小松川４丁目４５番１０－６０３号,2022-08-01,株式会社
株式会社Ｄｏｃｔｏｒ’ｓ　Ｆｉｔｎｅｓｓ,大阪府大阪市東淀川区東中島１丁目２０番１９号新大阪ヒカリビル９階,2022-08-01,株式会社
株式会社ＥＣＯＡＳ,愛知県名古屋市天白区大坪２丁目１７１６ハイツエール１０１,2022-08-01,株式会社
株式会社ＥＳＴＯＢＩ,兵庫県尼崎市東塚口町１丁目１１番１号,2022-08-01,株式会社
株式会社Ｅｃｃｅｌｌｅｎｔｅ,静岡県藤枝市高洲５５番地の１,2022-08-01,株式会社
株式会社ＥｎＺｏ,東京都千代田区外神田２丁目１８番１３号東郷ビル４Ｆ,2022-08-01,株式会社
株式会社Ｅｎｈａｎｃｅ,福岡県北九州市小倉北区紺屋町１４番３１号２Ｆ,2022-08-01,株式会社
株式会社Ｅｎｏ’ｓ,東京都新宿区西落合２丁目１２番２号,2022-08-01,株式会社
株式会社ＧＡＳＴ技研本社,長野県伊那市伊那部２８３３番地６伊那サテライトセンター,2022-08-01,株式会社
株式会社ＧＥＮＪＩ,香川県高松市木太町１１５３番地１木太マンション３０４号,2022-08-01,株式会社
株式会社ＧＩＤ　Ｔａｌｋ,沖縄県那覇市前島３丁目２５番２号泊ポートビル５Ｆ,2022-08-01,株式会社
株式会社ＧＯＫＩＧＥＮ,熊本県熊本市中央区下通１丁目７番２４号,2022-08-01,株式会社
株式会社ＧＯＯＤ　ＷＥＳＴ,福岡県福岡市西区福重４丁目１７番７号,2022-08-01,株式会社
株式会社ＧＲＡＶＩＴＹ,大阪府大阪市中央区平野町３丁目１番７号,2022-08-01,株式会社
株式会社Ｇｉｆｔｙ,大阪府大阪市北区梅田１丁目２番２－２００号大阪駅前第２ビル２階３－１－２,2022-08-01,株式会社
株式会社ＨＡＭＴＷＯ,大阪府大阪市住吉区千躰１丁目４番３８号住吉スカイハイツ１０５号室,2022-08-01,株式会社
株式会社ＨＡＮＳＨＩＮ　ＪＡＰＡＮ,千葉県市川市八幡１丁目１６番５号本八幡パークハウス５０４号,2022-08-01,株式会社
株式会社ＨＮＨＤ,京都府綾部市高津町宇州６番地,2022-08-01,株式会社
株式会社ＨＯＲＩＭＯＴＯ,愛媛県今治市大正町７丁目１番６１号,2022-08-01,株式会社
株式会社ＩＤＥＡＬ,大阪府大阪市北区梅田１丁目１－３大阪駅前第３ビル２９階１－１－１号室,2022-08-01,株式会社
株式会社ＩＮＯＶ,愛知県名古屋市守山区翠松園２丁目１８１２番地,2022-08-01,株式会社
株式会社ＩＳＨＩＫＯ,愛知県名古屋市名東区豊が丘１４０４番地アーバンイシコ１０２号,2022-08-01,株式会社
株式会社ＩＴ共創,東京都新宿区高田馬場１丁目２８番１０号,2022-08-01,株式会社
株式会社ＪＳ　Ｕｎｉｖｅｒｓｅ,京都府木津川市城山台１１丁目１０番地１４,2022-08-01,株式会社
株式会社ＪＳ技術サービス,東京都墨田区江東橋１丁目１６番２号,2022-08-01,株式会社
株式会社Ｋ’ｓ　ＢＥＮＣＨ,宮城県仙台市宮城野区岩切１丁目２番２７号,2022-08-01,株式会社
株式会社ＫＲ　Ｃｏａｔ,兵庫県尼崎市塚口町４丁目２６番地の７市隆ハイツ塚口５０Ｈ,2022-08-01,株式会社
株式会社ＫＳトータルサービス,東京都品川区東五反田５丁目２１番１３－６０２号,2022-08-01,株式会社
株式会社Ｌ’ＡＵＢＥ,愛媛県松山市太山寺町１３０５番地２,2022-08-01,株式会社
株式会社ＬＩＦＩＸ,大阪府大阪市中央区谷町５丁目３番１２号２Ｆ,2022-08-01,株式会社
株式会社ＬＩＮＫＴＨ,埼玉県比企郡嵐山町大字志賀５５５番地１２,2022-08-01,株式会社
株式会社ＬＯＯＰ,広島県広島市安佐北区口田南７丁目６番２９号,2022-08-01,株式会社
株式会社Ｌａｎｇｅｌｏ,兵庫県神戸市東灘区向洋町中３丁目１番地の１０、３番館２０３号,2022-08-01,株式会社
株式会社Ｍ‐ｓｔｙｌｅ,和歌山県和歌山市下三毛７４３番地７５,2022-08-01,株式会社
株式会社ＭＡＰＬＥ,大阪府箕面市桜ケ丘２丁目１番２７号,2022-08-01,株式会社
株式会社ＭＩＮＯＬＩＮＯ,兵庫県神戸市西区櫨谷町栃木１３８番地の１,2022-08-01,株式会社
株式会社ＭＲ　ＴＲＡＤＩＮＧ,千葉県香取郡多古町十余三３３８番地９,2022-08-01,株式会社
株式会社ＭａｒｋＡｌｏｎｅ,愛知県名古屋市東区白壁５丁目４３番地（マルーン白壁１０１号）,2022-08-01,株式会社
株式会社ＮＦホールディングス,東京都大田区田園調布３丁目６番４号,2022-08-01,株式会社
株式会社ＮＳパワーキャピタル,広島県広島市中区東千田町２丁目９番５７号広電タワービル,2022-08-01,株式会社
株式会社ＮｅｘｔＴｅａｃｈｅｒｓ,東京都北区中十条４丁目１番１４－１１０３号ドゥーエ東十条,2022-08-01,株式会社
株式会社Ｏ．Ｋ不動産,兵庫県姫路市飾磨区清水３丁目７０番地,2022-08-01,株式会社
株式会社ＯＣＴオクト,東京都練馬区中村南３丁目２６番７－２０３号,2022-08-01,株式会社
株式会社ＯＮＥ’Ｓ　ＲＯＯＴＳ．,神奈川県横浜市青葉区もえぎ野３番地３６,2022-08-01,株式会社
株式会社ＯＳＴ,北海道札幌市豊平区平岸四条１２丁目１２番２７号,2022-08-01,株式会社
株式会社Ｏｃｅａｎ　Ｏｎｅ,長野県飯田市鼎中平２４０５番地２,2022-08-01,株式会社
株式会社ＰＴＦ,東京都新宿区富久町３６番１７－４号,2022-08-01,株式会社
株式会社Ｐａｌｅｔｔｅ,大阪府大阪市城東区関目３丁目３番１６号,2022-08-01,株式会社
株式会社Ｐｏｋｅｒ　Ａｇｅｎｔ,東京都練馬区大泉町２丁目３２－２３私奥道の戸建,2022-08-01,株式会社
株式会社Ｐｒｅｃｉｏｕｓ,東京都新宿区西新宿７丁目３番１号三光パークビル４Ｆ,2022-08-01,株式会社
株式会社ＲＥＬＹ,大阪府枚方市南楠葉１丁目６５番２－１０１号,2022-08-01,株式会社
株式会社ＲｅＷＯＲＫＳ,福岡県小郡市美鈴が丘５丁目１６番地１７,2022-08-01,株式会社
株式会社Ｒｏｏｔｉｎｇ,埼玉県桶川市西１丁目５番３号,2022-08-01,株式会社
株式会社ＳＡＫ,広島県広島市安佐南区大町西１丁目４２番２４号,2022-08-01,株式会社
株式会社ＳＢＬａｂ,東京都港区六本木７丁目３番８－５１８号,2022-08-01,株式会社
株式会社ＳＣＩＥＮＴＡ・ＮＯＶＡ,東京都大田区北千束１丁目６０番９号,2022-08-01,株式会社
株式会社ＳＧＴ,神奈川県横浜市緑区長津田みなみ台１丁目２４番地３３,2022-08-01,株式会社
株式会社ＳＨＡＲＥ’Ｓ,長野県松本市南松本２丁目１－１５－１ａｐａｉｓｅｒ,2022-08-01,株式会社
株式会社ＳＨＯ‐ＳＡＮ,東京都杉並区阿佐谷南１丁目１８番６号第７スカイビル３０１号室,2022-08-01,株式会社
株式会社ＳＩＯＮ　ＴＲＡＤＩＮＧ,埼玉県北葛飾郡松伏町大字大川戸３０１番地１,2022-08-01,株式会社
株式会社ＳＯＬＩＤ,兵庫県神戸市中央区栄町通１丁目１番１２号,2022-08-01,株式会社
株式会社ＳＴＡＴＩＯＮ,愛知県名古屋市中村区大宮町２丁目３６－２エムズ大宮町２Ｆ,2022-08-01,株式会社
株式会社Ｓｔｒａｔｅｇｉｃ　Ｌｉｆｅ,宮城県仙台市青葉区中山３丁目４番２０号,2022-08-01,株式会社
株式会社Ｔ‐Ｄｅｃｏｒａｔｉｎｇ,岡山県岡山市北区吉備津７３７番地,2022-08-01,株式会社
株式会社Ｔ＆Ｈ,大阪府大阪市中央区安土町２丁目２－１５,2022-08-01,株式会社
株式会社ＴＡＧ,茨城県龍ケ崎市高須町４０２２番地１,2022-08-01,株式会社
株式会社ＴＡＭ,大阪府大阪市平野区平野北１丁目７番２０号,2022-08-01,株式会社
株式会社ＴＥＡＭ　Ｚｅｎ,福井県吉田郡永平寺町松岡薬師２丁目９２番地,2022-08-01,株式会社
株式会社ＴＲＯＹ,神奈川県横浜市中区北仲通５丁目５７番地２ザ・タワー横浜北仲１３０３号室,2022-08-01,株式会社
株式会社Ｔｈｅ　ＲｅＢｒａｎｄ,大阪府大阪市中央区今橋３丁目２番２－５０１号,2022-08-01,株式会社
株式会社Ｕ＆Ｉ,東京都立川市錦町２丁目１番２３号,2022-08-01,株式会社
株式会社ＶＥＮＵＳ,大阪府大阪市中央区高津３丁目１４番３４号インペリアル高津１０２,2022-08-01,株式会社
株式会社ＷＥＥＤ　ＪＡＰＡＮ,愛知県名古屋市中区大須１丁目７－１４パークＩＭビル２Ｆ,2022-08-01,株式会社
株式会社ＷＥＳＴ,愛知県長久手市坊の後９０３番地,2022-08-01,株式会社
株式会社ＷＩＳＥ　ＵＰ,千葉県船橋市海神町南１丁目１６１０番地１エルフィーノ西船橋パークテラス１００４号,2022-08-01,株式会社
株式会社ＷＴ,愛知県知立市栄２丁目１５番地,2022-08-01,株式会社
株式会社ＹＨ興産,沖縄県沖縄市園田３丁目８番１３号,2022-08-01,株式会社
株式会社ＹＬＳ,東京都北区豊島５丁目２番２０－１３１８号,2022-08-01,株式会社
株式会社Ｙａｍａ,東京都文京区大塚４丁目５１番１号,2022-08-01,株式会社
株式会社Ｙｕｔａｋａｅ,大阪府大阪市浪速区元町３丁目１１番２１号ＣＯＺＹ４０１号,2022-08-01,株式会社
株式会社ＺＥＮ,北海道札幌市中央区南六条西７丁目５番２号,2022-08-01,株式会社
株式会社ａｎ’ｎａｔｕｒｅ,京都府京都市右京区太秦馬塚町２０番地３５,2022-08-01,株式会社
株式会社ｃｏｎｎｅｃＴｒｕｓｔ,東京都杉並区下井草３丁目７番１２号,2022-08-01,株式会社
株式会社ｄｉｓｈ　ｗｏｒｋｓ,東京都渋谷区本町３丁目１２番１号,2022-08-01,株式会社
株式会社ｆＡｉｒ　Ｊａｐａｎ,東京都港区浜松町２丁目２番１５号浜松町ダイヤビル２Ｆ,2022-08-01,株式会社
株式会社ｆｅｍｔｏ,岐阜県大垣市丸の内２丁目５０番地パサージュ大垣８０４,2022-08-01,株式会社
株式会社ｆｉｔｓ,新潟県新潟市東区山木戸４丁目７番１２号,2022-08-01,株式会社
株式会社ｆｏｏｄ．ｃｏｍ,兵庫県明石市本町１丁目６－１３中浜ビル１階,2022-08-01,株式会社
株式会社ｇ,東京都千代田区紀尾井町４番１号,2022-08-01,株式会社
株式会社ｈａａｗｉ,大阪府大阪市東淀川区柴島３丁目７番３８号,2022-08-01,株式会社
株式会社ｊｏｉａ,東京都中央区銀座７丁目１３－６サガミビル２Ｆ,2022-08-01,株式会社
株式会社ｋｅｙ,埼玉県さいたま市見沼区春岡３丁目３７番地２,2022-08-01,株式会社
株式会社ｕｎｉｔｅｄ　ｍｅｄｉｃａｌｓ,大阪府大阪市旭区新森２丁目３番２号ラリュー・デュボアＡ１０２,2022-08-01,株式会社
梅宮商事株式会社,東京都新宿区新宿７丁目３番１６号,2022-08-01,株式会社
正利株式会社,東京都台東区東上野３丁目１０番４号グローシア上野２０１,2022-08-01,株式会社
温心看護株式会社,福岡県北九州市小倉南区横代北町３丁目１６番３０号２,2022-08-01,株式会社
滴翠株式会社,京都府京都市北区紫野西野町２９－５,2022-08-01,株式会社
特定非営利活動法人日本国際中小企業振興機構,東京都府中市府中町２丁目６番地の１３,2022-08-01,その他の設立登記法人
特定非営利活動法人立川災害ボランティアネット,東京都立川市栄町１丁目３０番地の３,2022-08-01,その他の設立登記法人
特定非営利活動法人闘牛と錦鯉の伝統文化を守る会,新潟県長岡市豊詰町２１９番地２０,2022-08-01,その他の設立登記法人
税理士法人日本アップパートナーズ,東京都千代田区丸の内３丁目４－１新国際ビル８階,2022-08-01,その他の設立登記法人
美葵株式会社,宮崎県日向市大字幸脇１１５５番地１,2022-08-01,株式会社
芙楽株式会社,大阪府大阪市東淀川区西淡路１丁目１－９ビジネス新大阪７０７号室,2022-08-01,株式会社
行田羽生資源環境組合,埼玉県行田市本丸２番５号,2022-08-01,地方公共団体
金霖株式会社,大阪府大阪市東成区神路４丁目３－１０スターレジデンス新深江３０８号室,2022-08-01,株式会社
閲士株式会社,大阪府大阪市西区江戸堀１丁目１０－１１マルイト江戸堀ビル２０２号室,2022-08-01,株式会社
Ａ警備株式会社,埼玉県新座市野寺２丁目１５番２４号,2022-08-01,株式会社
Ｂｉｚｚ合同会社,神奈川県横浜市泉区岡津町２６９９－１,2022-08-01,合同会社
ＣＥＹＨ株式会社,東京都北区神谷１丁目１２番２－２０７号東十条ダイカンプラザ,2022-08-01,株式会社
ＣＹＣＮ株式会社,大阪府大阪市東住吉区西今川１丁目１番１６号,2022-08-01,株式会社
Ｄｉｇｉｍｅｉｓｔｅｒ株式会社,福岡県福岡市中央区大宮１丁目２番２５号,2022-08-01,株式会社
ＥＦＣＪサービス合同会社,東京都港区西新橋１丁目２２―１４,2022-08-01,合同会社
ＥＭＰＯＲＩＵＭ　ＭＯＴＯＲＳ合同会社,宮城県仙台市青葉区山手町９番３２号Ⅱ－１０１,2022-08-01,合同会社
ＥＴフロンティア株式会社,東京都中央区月島２丁目２番１０号クエスト正徳５０３号室,2022-08-01,株式会社
ＦＥＥＬ株式会社,愛知県名古屋市中川区応仁町１丁目２番地の１,2022-08-01,株式会社
ＧＥＯ・ＷＯＲＫ株式会社,北海道札幌市白石区東米里２１２４番地１１８,2022-08-01,株式会社
ＧＲＡＮＤ　ＢＲＥＥＺＥ株式会社,福岡県福岡市中央区渡辺通３丁目１０番３９－１３０２号,2022-08-01,株式会社
ＨＡＩ　ＲＡＭＯＳ株式会社,福岡県福岡市博多区比恵町１－１８東カン福岡第二キャステール７１８,2022-08-01,株式会社
ＨＩＫＡＲＵ　ＡＳＳＥＴ合同会社,愛知県名古屋市千種区神田町４番５号,2022-08-01,合同会社
ＨＯＫＩ　ＰＬＡＮＥＴ株式会社,埼玉県川口市栄町１丁目８番６号,2022-08-01,株式会社
ＨＳＪ株式会社,茨城県つくば市学園南３丁目６３番地１２ファミ－ユＡ棟１０２号,2022-08-01,株式会社
ＩＫＤＣ合同会社,東京都調布市小島町１丁目２７－１－２０５,2022-08-01,合同会社
ＩＫＥ株式会社,北海道釧路市幸町５丁目６番地,2022-08-01,株式会社
Ｊ．Ｐｒｉｖｅｅ株式会社,東京都港区六本木６丁目１０番１号,2022-08-01,株式会社
ＪＯＩＮＴ株式会社,北海道札幌市北区麻生町６丁目１０－８－１０２,2022-08-01,株式会社
ＫＡＪＩコンサルティング株式会社,東京都千代田区丸の内２丁目５番１号丸の内二丁目ビル,2022-08-01,株式会社
ＫＥＳＨＡＶ合同会社,栃木県宇都宮市鶴田町３４１７番地１６,2022-08-01,合同会社
ＫＧモーターズ株式会社,広島県東広島市志和町七条椛坂１６９８－３,2022-08-01,株式会社
ＫＪ合同会社,東京都三鷹市上連雀９丁目２３番５号,2022-08-01,合同会社
ＫＲ合同会社,愛知県岡崎市城南町３丁目８番地６石川ハイツ１０２,2022-08-01,合同会社
Ｋｖｅｌｌ株式会社,東京都中央区銀座７丁目１３番６号サガミビル２階,2022-08-01,株式会社
ＬＩＦＥデザイン北海道株式会社,北海道札幌市北区新琴似町７７１番地５,2022-08-01,株式会社
ＬｅａｆＫ合同会社,東京都港区浜松町２丁目２番１５号浜松町ダイヤビル２Ｆ,2022-08-01,合同会社
Ｌｕｍｉｎａ株式会社,大阪府堺市中区毛穴町１２６番地１,2022-08-01,株式会社
ＭＫ株式会社,愛知県名古屋市中村区竹橋町１４－２ブランドブラン１階Ａ号室,2022-08-01,株式会社
Ｍｉｒａｂｅｌｌｅ合同会社,東京都港区南青山３丁目１５番９号ＭＩＮＯＷＡ表参道３Ｆ,2022-08-01,合同会社
ＮＦＴマーケティング株式会社,東京都渋谷区渋谷３丁目９番９号東京建物渋谷ビル８階,2022-08-01,株式会社
ＮＩＳＳＯキャピタル株式会社,愛知県名古屋市中区千代田３丁目１１番１４号プレサンスロジェ鶴舞駅前１００２号,2022-08-01,株式会社
ＮＫプランニング株式会社,東京都墨田区千歳３丁目３－３,2022-08-01,株式会社
ＮＯＡＫ合同会社,兵庫県神戸市北区上津台２丁目１６番６号,2022-08-01,合同会社
ＮｉＥＷ株式会社,東京都杉並区久我山５丁目３３番２８号,2022-08-01,株式会社
Ｎｐｌｕｓ株式会社,東京都千代田区神田三崎町２丁目１４番５号３Ｂ,2022-08-01,株式会社
Ｏ．ＨＩＫＥ株式会社,沖縄県那覇市前島３丁目２５番２号泊ポートビル５Ｆ,2022-08-01,株式会社
Ｐａｖｏ　Ｓｔｕｄｉｏ株式会社,大阪府大阪市東成区神路４丁目３－１０スターレジデンス新深江３０４号室,2022-08-01,株式会社
Ｑ＆Ｋ合同会社,大阪府柏原市玉手町４－２９－１０１,2022-08-01,合同会社
ＲＩＮ　ＳＨＩＰＰＩＮＧ株式会社,大阪府大阪市港区福崎２丁目８番３９号,2022-08-01,株式会社
ＲＴ合同会社,大阪府和泉市伯太町１丁目１３番１０号,2022-08-01,合同会社
Ｒｅｄ　Ｗａｌｌｅｔ株式会社,東京都千代田区大手町１丁目７番２号東京サンケイビル２７Ｆ,2022-08-01,株式会社
Ｓｅｄｉｍｅｎｔ合同会社,岡山県岡山市北区磨屋町１－２磨屋町ビル２棟２階,2022-08-01,合同会社
Ｓｔｒｉｎｇｓ　Ａｕｄｉｏ　Ｌａｂ合同会社,東京都狛江市東野川３丁目１２番３１号,2022-08-01,合同会社
Ｔ‐ｆｅａｎ合同会社,奈良県奈良市三条本町９番２１号ＪＲ奈良伝宝ビル４Ｆ,2022-08-01,合同会社
Ｔライン株式会社,兵庫県伊丹市中野西１丁目１６６番地,2022-08-01,株式会社
ＴＡＢＩＫＥ　ＪＡＰＡＮ株式会社,茨城県常総市大生郷町１０７０番地２,2022-08-01,株式会社
ＴＢＣマネジメント株式会社,大阪府吹田市山田東２丁目１０番３３－３０１号,2022-08-01,株式会社
ＴＧＳＧインベストメント株式会社,愛知県名古屋市中区千代田５丁目４番１６号,2022-08-01,株式会社
ＴＨＩＥＮ　ＫＩＭ　ＧＲＯＵＰ合同会社,神奈川県川崎市川崎区東田町１０番地３０ＫＳビル２０２,2022-08-01,合同会社
ＴＭＴ合同会社,兵庫県姫路市花田町小川３３７番地１７,2022-08-01,合同会社
ＴＲＡＹＤ＆Ｃｏ．合同会社,東京都大田区中馬込１丁目１１番１６号,2022-08-01,合同会社
ＴｈｉｎｋＳｔａｒ株式会社,東京都荒川区町屋５丁目１８,2022-08-01,株式会社
Ｔｈｒｅｅｇｅｍ株式会社,大阪府大阪市東成区神路４丁目３－１０スターレジデンス新深江８０３号室,2022-08-01,株式会社
ＵＦＫｏｆｆｉｃｅ株式会社,沖縄県中頭郡西原町字千原１６６番地の２（ブルームＫｉｋｕ１－２０７号）,2022-08-01,株式会社
ＵＳエンジニアリング株式会社,東京都青梅市友田町２丁目７０２番地の２,2022-08-01,株式会社
ＶＤＭ‐Ｅ合同会社,東京都世田谷区用賀１丁目１３番２３－４０４号,2022-08-01,合同会社
Ｘ　Ｄｅｔｅｃｔ株式会社,神奈川県川崎市中原区井田２丁目５番４号,2022-08-01,株式会社
ＹＭ＆Ｃｏｍｐａｎｙ合同会社,福岡県福岡市早良区藤崎１丁目５番３１号,2022-08-01,合同会社
ａｂｓｔｒａｃｔ　ｄｅｓｉｇｎ合同会社,新潟県新潟市中央区高志１丁目３番１４号アクシス１,2022-08-01,合同会社
ｍａｓａｆｕｍｉ合同会社,東京都調布市国領町５丁目３３番地４７ＴＯＫＩＯ国領１０３号室,2022-08-01,合同会社
ｏｆｆｉｃｅ．ＬＯＶＩＮＳＯＮ合同会社,兵庫県姫路市大塩町２８５番地１１,2022-08-01,合同会社
ｔｏＢＥ　Ｔｅｃｈ株式会社,東京都港区六本木３丁目４番３３号,2022-08-01,株式会社
うめ産業株式会社,大阪府松原市小川５丁目２－２２,2022-08-02,株式会社
しらかべ労働衛生コンサル合同会社,愛知県名古屋市東区白壁２丁目４０１番地,2022-08-02,合同会社
すこやか防府株式会社,山口県防府市大字新田２５４番地の２,2022-08-02,株式会社
たかた株式会社,兵庫県三田市相生町１０－２,2022-08-02,株式会社
ゆずきレンタカーリース株式会社,兵庫県姫路市広畑区西蒲田５４６番地１９,2022-08-02,株式会社
よろずやねっと合同会社,東京都小金井市東町１丁目４０番１１号,2022-08-02,合同会社
アクセラ株式会社,東京都世田谷区下馬６丁目１９－１２－１０１,2022-08-02,株式会社
アジアディールハブジャパン合同会社,東京都港区赤坂２丁目１４番５号Ｄａｉｗａ赤坂ビル７階,2022-08-02,合同会社
アゼリアワークス合同会社,東京都中央区日本橋浜町３丁目７番１０号,2022-08-02,合同会社
エラスムス海運株式会社,東京都中央区日本橋浜町２丁目５８番４－８０２号,2022-08-02,株式会社
クロノス株式会社,神奈川県川崎市麻生区高石４丁目１６番２１－４０３号,2022-08-02,株式会社
グリーン・プラネット合同会社,福岡県宗像市栄町６番地１１－５０１号,2022-08-02,合同会社
ゲノム研究所株式会社,長野県佐久市猿久保８７３番地１０－６０５,2022-08-02,株式会社
ココファニチャー合同会社,宮崎県日向市本町８０３６番地,2022-08-02,合同会社
コスモ農緑株式会社,香川県丸亀市中府町３丁目１番１号,2022-08-02,株式会社
コモロノ株式会社,長野県小諸市八幡町２丁目５番１３号３０７,2022-08-02,株式会社
サンワイズ産業株式会社,岐阜県美濃加茂市下米田町西脇１２４８番地２,2022-08-02,株式会社
シガキーピングサービス株式会社,長野県下高井郡山ノ内町大字平穏２２７７小石屋旅館内,2022-08-02,株式会社
スッゲー株式会社,鹿児島県鹿児島市武１丁目２６番７号２階,2022-08-02,株式会社
スフォルゼスト株式会社,東京都練馬区東大泉３丁目６６番１６号大泉ガーデン３０１号室,2022-08-02,株式会社
ゼフ株式会社,兵庫県尼崎市東園田町３丁目１８番地の１ハイツアザレア１０３号,2022-08-02,株式会社
タルヤ株式会社,東京都渋谷区道玄坂２丁目２０番６号,2022-08-02,株式会社
タワー・ストリート特定目的会社,東京都港区愛宕２丁目５番１号,2022-08-02,その他の設立登記法人
ダイナム総合サービス株式会社,群馬県前橋市上長磯町２４７番地１,2022-08-02,株式会社
チカラ企画株式会社,東京都品川区西五反田４丁目１８－５大村ビル２Ｆ,2022-08-02,株式会社
ディーズエナジーパートナー株式会社,東京都港区芝２丁目２９番１０号,2022-08-02,株式会社
デンタルワークマン合同会社,千葉県市川市中国分３丁目１９番３０号,2022-08-02,合同会社
トンダ株式会社,東京都荒川区南千住３丁目２７－２浅草ビルＨ号室,2022-08-02,株式会社
パナソニックｉ‐ＰＲＯセンシングソリューションズ労働組合,福岡県福岡市博多区美野島４丁目１番６２号パナソニックｉ‐ＰＲＯセンシングソリューションズ株式会社内,2022-08-02,その他の設立登記法人
ビズクル株式会社,広島県安芸郡熊野町萩原７丁目９番３５号,2022-08-02,株式会社
ファーストクラス子安駅管理組合法人,神奈川県横浜市神奈川区子安通１丁目３番地４,2022-08-02,その他の設立登記法人
フォレストグループ合同会社,岡山県岡山市北区内山下１丁目１４番５号２０５,2022-08-02,合同会社
ブルーライン企画合同会社,東京都港区虎ノ門１丁目１７番１号虎ノ門ヒルズビジネスタワー１５階ＣＩＣＴｏｋｙｏ,2022-08-02,合同会社
プラスエックス合同会社,福岡県福岡市南区向野２丁目７番１４号２０２号,2022-08-02,合同会社
ヘルプキーマン株式会社,大阪府寝屋川市黒原旭町８番３号,2022-08-02,株式会社
ベルフォース株式会社,大阪府吹田市南吹田３丁目９番１４号,2022-08-02,株式会社
マテリアル合同会社,京都府宇治市神明石塚３９番地の７４,2022-08-02,合同会社
マーヴェリックス・ベンチャーズ株式会社,東京都渋谷区渋谷２丁目１０番２号渋谷２丁目ビル２Ｆ,2022-08-02,株式会社
ミシット合同会社,埼玉県深谷市岡２６２４番地９号鎌田ビル２階,2022-08-02,合同会社
ライトハウス株式会社,東京都港区北青山２丁目１２番８号,2022-08-02,株式会社
リハプライム静岡株式会社,静岡県御前崎市御前崎８０番地の７,2022-08-02,株式会社
一般社団法人ひかりのほうへ,東京都日野市東平山２丁目１８番地の４０,2022-08-02,その他の設立登記法人
一般社団法人みらい価値創造支援協会,東京都世田谷区池尻４丁目８番２５－５０８号,2022-08-02,その他の設立登記法人
一般社団法人アートでピースｄｅえじゃないか事務局,大阪府大阪市天王寺区味原町６番２５号,2022-08-02,その他の設立登記法人
一般社団法人エンター,島根県雲南市木次町里方３０番地２,2022-08-02,その他の設立登記法人
一般社団法人クオリティ・コントロール・アソシエイツ,東京都港区台場１丁目３番４－３００９号,2022-08-02,その他の設立登記法人
一般社団法人クリーンライフ西日本協会,愛知県一宮市八幡２丁目９番１０号,2022-08-02,その他の設立登記法人
一般社団法人マクアケ,鳥取県東伯郡琴浦町大字徳万９２番地５,2022-08-02,その他の設立登記法人
一般社団法人リレーショナルヘルス・ネットワーク,千葉県松戸市千駄堀１４８９番地,2022-08-02,その他の設立登記法人
一般社団法人三栄,東京都品川区戸越６丁目８番２０号,2022-08-02,その他の設立登記法人
一般社団法人令和政治社会問題研究所,千葉県松戸市古ケ崎２丁目３２６６番地の１,2022-08-02,その他の設立登記法人
一般社団法人信成会,岩手県紫波郡矢巾町大字煙山第２地割１３１番地,2022-08-02,その他の設立登記法人
一般社団法人全国子ども支援協議会星のエール,東京都渋谷区道玄坂２丁目１８番１１号サンモール道玄坂２２８号,2022-08-02,その他の設立登記法人
一般社団法人大倉倶楽部・山月,神奈川県小田原市板橋９１３番地,2022-08-02,その他の設立登記法人
一般社団法人心優会,福岡県飯塚市平塚３９６番地－１,2022-08-02,その他の設立登記法人
一般社団法人日南新選組,宮崎県日南市南郷町中村甲２６６１番地,2022-08-02,その他の設立登記法人
一般社団法人日本インドネシア連合会,神奈川県大和市深見２２００番地７,2022-08-02,その他の設立登記法人
一般社団法人日本隕石協会,栃木県足利市葉鹿町１丁目２８番地３ＭＳＵビル２階,2022-08-02,その他の設立登記法人
一般社団法人春の会,神奈川県横浜市中区日本大通１８番地ＫＲＣビルディング７Ｆ,2022-08-02,その他の設立登記法人
一般社団法人松栄,愛知県名古屋市南区要町３丁目１７番地,2022-08-02,その他の設立登記法人
一般社団法人臨床検査室連携支援会,東京都新宿区信濃町３５番地,2022-08-02,その他の設立登記法人
一般社団法人野球のチカラ,愛知県一宮市明地字藤之棚１２４番地,2022-08-02,その他の設立登記法人
一般社団法人関ヶ原ＤＭＯ,岐阜県不破郡関ケ原町大字関ケ原３４４１番地の１１１,2022-08-02,その他の設立登記法人
一般社団法人ＡＶＥＮＤＡ,北海道函館市堀川町１７番３号,2022-08-02,その他の設立登記法人
一般社団法人ＣＯＺＩＥＳＴ,東京都町田市図師町３３６番地７,2022-08-02,その他の設立登記法人
一般社団法人ＫＳＦＲ３,東京都千代田区内幸町２丁目１番６号,2022-08-02,その他の設立登記法人
一般社団法人ＫＵドローンマップ開拓機構,富山県黒部市北新２０３番地１４,2022-08-02,その他の設立登記法人
信州発芽工房合同会社,長野県小県郡長和町古町３７－３,2022-08-02,合同会社
信貴コンサルティング合同会社,神奈川県横浜市青葉区大場町３５９－１３,2022-08-02,合同会社
克成建設株式会社,兵庫県姫路市夢前町神種９８番地１,2022-08-02,株式会社
医療法人社団蒼人会,岡山県倉敷市水江１１８６番地３,2022-08-02,その他の設立登記法人
協同組合ｓｏｕｌ‐ｌｉｇｈｔ‐ｃｏｏｐｅｒａｔｉｖｅ,山形県最上郡金山町大字金山大柳２６６番地１４,2022-08-02,その他の設立登記法人
協和商事株式会社,東京都豊島区池袋２丁目６８番１０－２０９号,2022-08-02,株式会社
友和産業合同会社,兵庫県加西市東笠原町３８６－１,2022-08-02,合同会社
司耀電子株式会社,大阪府大阪狭山市山本北１３４９－１,2022-08-02,株式会社
合同会社うべ電工,山口県宇部市大字西岐波１１３８－５,2022-08-02,合同会社
合同会社くじら,宮城県仙台市青葉区五橋１丁目４番３０号４Ａ,2022-08-02,合同会社
合同会社すごす,京都府京都市南区東九条東岩本町１８,2022-08-02,合同会社
合同会社すみれ,和歌山県和歌山市築港２丁目５番地１２,2022-08-02,合同会社
合同会社ほのぼの,沖縄県石垣市字新川１４番地１,2022-08-02,合同会社
合同会社まなじゅうざ,大阪府大阪市東住吉区西今川３丁目１４番１号,2022-08-02,合同会社
合同会社みなもと,沖縄県浦添市仲間３丁目１８番１号,2022-08-02,合同会社
合同会社みのり,兵庫県神戸市長田区西丸山町２丁目１番１３号,2022-08-02,合同会社
合同会社めらや,石川県野々市市扇が丘２９番１６号,2022-08-02,合同会社
合同会社もりなが,宮崎県宮崎市希望ケ丘４丁目１３番５０号,2022-08-02,合同会社
合同会社ゆうせつ札幌,北海道札幌市北区拓北四条１丁目５番８号,2022-08-02,合同会社
合同会社よしまる,静岡県伊豆市八木沢１２９４番地の１,2022-08-02,合同会社
合同会社アイビー,長野県上伊那郡箕輪町大字中箕輪９５４０－１,2022-08-02,合同会社
合同会社アスマキナ,島根県雲南市三刀屋町三刀屋１２３０－２５,2022-08-02,合同会社
合同会社アベニールイモビリエ,東京都渋谷区代々木２丁目１６番１４号,2022-08-02,合同会社
合同会社アルコ建設,千葉県柏市中央１丁目４番１７号,2022-08-02,合同会社
合同会社イヅコ,東京都品川区小山４丁目４番２２号武蔵小山ビルｐｒｉｍｅＳ,2022-08-02,合同会社
合同会社インサイト,東京都江戸川区一之江３丁目１３番３号,2022-08-02,合同会社
合同会社エンメタータ,大阪府大阪市西区新町１丁目３１番６号,2022-08-02,合同会社
合同会社オフィスＮＥＯ,沖縄県沖縄市比屋根３丁目１６番２号,2022-08-02,合同会社
合同会社オプティマル,静岡県静岡市駿河区小鹿９７２番地６,2022-08-02,合同会社
合同会社オマカセカンパニー,東京都中央区八丁堀３丁目７番４号,2022-08-02,合同会社
合同会社オールブルー,沖縄県那覇市字真地３４５番地１ティダ・コートＢ－２０１,2022-08-02,合同会社
合同会社クランプル,千葉県鎌ケ谷市道野辺中央４丁目１６番１８号,2022-08-02,合同会社
合同会社グリーンオフィス,静岡県浜松市中区田町２２３－２１ビオラ田町３階,2022-08-02,合同会社
合同会社グローバルメンテナンス,北海道北斗市本町２丁目１番１１号,2022-08-02,合同会社
合同会社ケームサービス,愛知県春日井市桃山町２丁目３９７番地１,2022-08-02,合同会社
合同会社コンパス,沖縄県島尻郡南風原町字宮平４３２番地５,2022-08-02,合同会社
合同会社シーフィールド,兵庫県神戸市北区谷上南町９番２２号,2022-08-02,合同会社
合同会社スマイルドッグ,大阪府東大阪市若江西新町１丁目５番２６号,2022-08-02,合同会社
合同会社スマイルホーム,東京都町田市金井ヶ丘４丁目４０番７号,2022-08-02,合同会社
合同会社ゼットン,東京都品川区東五反田３丁目１０－２０,2022-08-02,合同会社
合同会社トゥイ・シン,兵庫県丹波市柏原町柏原３６２番地,2022-08-02,合同会社
合同会社ファンラボ,茨城県水戸市宮町１丁目２－４ＭＹＭビル３Ｆ,2022-08-02,合同会社
合同会社ポラリス,東京都練馬区錦１丁目２１番２１号,2022-08-02,合同会社
合同会社マルス,神奈川県横浜市青葉区美しが丘４丁目２７－２０,2022-08-02,合同会社
合同会社レックスフォード,東京都江戸川区東葛西６丁目４番３号,2022-08-02,合同会社
合同会社ワンダフルビューティー,東京都中央区日本橋３丁目２番１４号新槇町ビル別館第一２階,2022-08-02,合同会社
合同会社丸富,静岡県磐田市中泉３０３８番地２,2022-08-02,合同会社
合同会社丸山ハイランド,熊本県上益城郡山都町下名連石新２９番地６６,2022-08-02,合同会社
合同会社信歩,長崎県長崎市平山台１丁目５番３号,2022-08-02,合同会社
合同会社六畳,東京都武蔵野市吉祥寺本町１丁目１３番２号,2022-08-02,合同会社
合同会社凪の河,大阪府枚方市香里園山之手町２－１６－４０３,2022-08-02,合同会社
合同会社前商,兵庫県神戸市北区若葉台３丁目７番１４号,2022-08-02,合同会社
合同会社友和,宮崎県都城市南横市町３９９３番地４４,2022-08-02,合同会社
合同会社吉善,滋賀県草津市大路１丁目１－１エルティ９３２－４階草津ＳＯＨＯビジネスオフィス内１区画,2022-08-02,合同会社
合同会社夢の華,和歌山県和歌山市和歌浦東２丁目４番１６号,2022-08-02,合同会社
合同会社大政興業,沖縄県中頭郡北中城村字和仁屋１４２番地,2022-08-02,合同会社
合同会社奥友,宮城県大崎市古川福沼２丁目４番５３号,2022-08-02,合同会社
合同会社川上アセットマネジメント,兵庫県神戸市須磨区白川台３丁目６６番地の２,2022-08-02,合同会社
合同会社心来,長崎県長崎市若竹町３４－２２,2022-08-02,合同会社
合同会社月虹,兵庫県神戸市中央区磯上通８丁目１－２９カサベラビルＣ＆Ｍ４０３号室,2022-08-02,合同会社
合同会社木ｔｏ木,長野県下伊那郡喬木村６０４番地,2022-08-02,合同会社
合同会社海洋教育訓練所,長崎県長崎市上戸石町１５５４番地,2022-08-02,合同会社
合同会社石垣プロジェクト１,沖縄県石垣市美崎町４番地１２トーヨーミサキビル３階,2022-08-02,合同会社
合同会社花菜屋,神奈川県横浜市都筑区荏田南５丁目７番３号,2022-08-02,合同会社
合同会社赤嶺,沖縄県那覇市字小禄１６６２番地泉マンション３０１,2022-08-02,合同会社
合同会社進龍電気,沖縄県宮古島市平良字下里７３２番地６,2022-08-02,合同会社
合同会社里山マーケティング事務所,東京都中央区銀座１丁目２２番１１号銀座大竹ビジデンス２階,2022-08-02,合同会社
合同会社鮨１００年,東京都大田区久が原１丁目１０番１０号ラヴィール,2022-08-02,合同会社
合同会社００８,岡山県岡山市中区西川原３３７番地１コンチェルトＡ３０２,2022-08-02,合同会社
合同会社３９,福岡県福岡市西区太郎丸２丁目５－１１,2022-08-02,合同会社
合同会社ＡＫＡＮＥ,兵庫県神戸市東灘区田中町２丁目１５番１３－４０３号,2022-08-02,合同会社
合同会社ＡＬＢＡＬＩＺＥ,千葉県千葉市中央区新千葉１丁目７－２ペリエ＋ｐｌｕｓビル０５号室,2022-08-02,合同会社
合同会社ＡＮＥＬＬＯ,北海道札幌市東区北十二条東５丁目１番３５号,2022-08-02,合同会社
合同会社ＡＰＡＣＨＥ,佐賀県唐津市鏡１７６０番地２,2022-08-02,合同会社
合同会社ＢＩＯｔｒｉｌｏｇｙ,兵庫県神戸市中央区東川崎町１丁目５番９－３００７号,2022-08-02,合同会社
合同会社Ｃ．ＲＩＺＥ,広島県東広島市西条町下三永２８６８番２号,2022-08-02,合同会社
合同会社ＤＥＣＥＮＴ　Ｊ＆Ｂ,神奈川県横浜市緑区鴨居６丁目８番１７号,2022-08-02,合同会社
合同会社ＤＥＥＰ,東京都大田区蒲田４丁目４７番６Ｔｒｕｍｐｔｏｗｅｒ９０５,2022-08-02,合同会社
合同会社ＥＨＨＯ,栃木県那須郡那須町大字高久乙２２５３番地１３,2022-08-02,合同会社
合同会社ＥＳＳＥＮＴＩＡＬ,東京都新宿区大久保３丁目８－３ラトゥール新宿ガーデン２４１６,2022-08-02,合同会社
合同会社ＦＰ　ＯＮＥ,岐阜県可児市皐ケ丘５丁目４０番地,2022-08-02,合同会社
合同会社ＦｉｎＳ,東京都渋谷区恵比寿１丁目２３番１５－２０４号,2022-08-02,合同会社
合同会社Ｆｒｅｅ　ｗａｙ,東京都渋谷区道玄坂１丁目１０番８号渋谷道玄坂東急ビル２Ｆ－Ｃ,2022-08-02,合同会社
合同会社ＧＧＧ３,東京都練馬区練馬１丁目２０番８号日建練馬ビル２Ｆ,2022-08-02,合同会社
合同会社ＧＲＩ,東京都世田谷区玉川３丁目３９番３０－５０１号,2022-08-02,合同会社
合同会社Ｌｅ　Ｂｅａｕ　Ｃａｄｅａｕ　Ｗ,神奈川県藤沢市弥勒寺３丁目２５番３号,2022-08-02,合同会社
合同会社Ｌｉｂｒａｆｔ,東京都豊島区南池袋３丁目２３番８号,2022-08-02,合同会社
合同会社Ｌｉｅｎ,北海道札幌市中央区南六条西３丁目６番２２号,2022-08-02,合同会社
合同会社ＮＦＴ　Ａｒｔ　Ｃｒｅａｔｏｒｓ,埼玉県戸田市下前２丁目５番１２－２０３号,2022-08-02,合同会社
合同会社ＮＳエンジニアリング,群馬県藤岡市立石新田３７５番地１ウィンブルドン２１,2022-08-02,合同会社
合同会社ＮａｖｉＰｅｎ,福井県敦賀市昭和町２丁目１５番１０号,2022-08-02,合同会社
合同会社Ｎｓ,愛媛県松山市針田町３番地の４,2022-08-02,合同会社
合同会社ＯｎｅＦｌａｇ,沖縄県那覇市銘苅１丁目１０－２１－４０３センチュリーヒルズ新都心,2022-08-02,合同会社
合同会社Ｐ＆Ｉ,兵庫県神戸市北区日の峰５丁目１０番地４―７０３,2022-08-02,合同会社
合同会社ＰＯＳＴ,沖縄県中頭郡北谷町字北前４１６番地２Ｆ,2022-08-02,合同会社
合同会社Ｐｏｒｔ　Ｌｉｂｅｒｏ,東京都目黒区目黒本町５丁目１３番２号,2022-08-02,合同会社
合同会社ＲＥＸＡＲＴＥ,東京都千代田区飯田橋２丁目１８番１－２１０号,2022-08-02,合同会社
合同会社Ｒｅ　ｃｒａ　ｔｕｃｌｅ,神奈川県愛甲郡愛川町中津３２４番地１,2022-08-02,合同会社
合同会社ＳＴＥＰ　ＢＹ　ＳＴＥＰ,北海道旭川市神居五条１０丁目２番９号エポックカムイ２０２号室,2022-08-02,合同会社
合同会社ＴＥＮＳＴＡＲ,京都府綴喜郡宇治田原町大字岩山小字畠田７０番地－１号,2022-08-02,合同会社
合同会社ＴＯ　ＹＯＵ,兵庫県揖保郡太子町福地４５３番地１,2022-08-02,合同会社
合同会社ＷＯＲＴＨ　ＭＡＮＮＥＲＳ,愛知県名古屋市港区港栄４丁目８番２２号,2022-08-02,合同会社
合同会社ＷＯＶ,長崎県佐世保市栄町３－１５　２Ｆ,2022-08-02,合同会社
合同会社Ｗａｎ’ｓ　Ｈｏｍｅ,香川県さぬき市造田宮西８７７番地３,2022-08-02,合同会社
合同会社ＹＫ,広島県福山市城興ケ丘２５番２１号,2022-08-02,合同会社
合同会社ｄｉｇｉｍａ,東京都新宿区西新宿３丁目３番１３号,2022-08-02,合同会社
合同会社ｔｎ．,群馬県高崎市上並榎町１１１７番地５ＰＩＳＴＥ１０１,2022-08-02,合同会社
国土企画建設株式会社,大阪府大阪市中央区博労町４丁目４番１１号,2022-08-02,株式会社
多摩中央テクノ株式会社,東京都武蔵村山市中央１丁目７番地の５,2022-08-02,株式会社
大和露合同会社,滋賀県東近江市宮川町４４０番地,2022-08-02,合同会社
大植株式会社,兵庫県明石市本町１丁目２番３３号興生ビル４Ｆ,2022-08-02,株式会社
大玉合同会社,大阪府大阪市城東区鴫野西１丁目３番１７号,2022-08-02,合同会社
大阪大学フォーサイト株式会社,大阪府吹田市山田丘２番８号,2022-08-02,株式会社
安善株式会社,東京都江東区東砂５丁目５番６号Ｋビル２０１号室,2022-08-02,株式会社
安藤興業株式会社,宮城県仙台市太白区あすと長町４丁目２番５８－２０７号,2022-08-02,株式会社
宮濱国際貿易株式会社,東京都新宿区北新宿１丁目１－１０,2022-08-02,株式会社
宮薗防災株式会社,鹿児島県鹿児島市岡之原町１１３１番地２,2022-08-02,株式会社
家興合同会社,東京都東久留米市下里２丁目１３番５号,2022-08-02,合同会社
富山新薬株式会社,富山県富山市中島２丁目７番２７号,2022-08-02,株式会社
小泉機器ホールディングス株式会社,東京都府中市分梅町４丁目２番地の４,2022-08-02,株式会社
常陽グリーンエナジー株式会社,茨城県水戸市南町２丁目５番５号,2022-08-02,株式会社
広島竹林合同会社,広島県広島市西区南観音２丁目１－４２,2022-08-02,合同会社
愛慕医美＆Ａｍｕｎｉ　Ｂｅａｕｔｙ株式会社,東京都荒川区南千住３丁目２７－２浅草ビル５０８号室,2022-08-02,株式会社
日本情報技術産業株式会社,東京都新宿区西新宿３丁目３番１３号西新宿水間ビル２Ｆ,2022-08-02,株式会社
有恒コーポレーション株式会社,東京都目黒区下目黒２丁目１９番６号,2022-08-02,株式会社
東京龍銀株式会社,東京都荒川区東尾久５丁目１番１－１００３号,2022-08-02,株式会社
松方再生資源株式会社,福岡県福岡市東区箱崎ふ頭５丁目１番３３号,2022-08-02,株式会社
株式会社あいどころ,愛知県名古屋市千種区今池４丁目８番８号,2022-08-02,株式会社
株式会社あまむすび,新潟県新潟市中央区紫竹山６丁目３番５号,2022-08-02,株式会社
株式会社かたづけ本舗こすも,兵庫県神戸市兵庫区下沢通８丁目４番３３－９０２号,2022-08-02,株式会社
株式会社かのう建築,愛知県知多市南巽が丘１丁目１４番地の１,2022-08-02,株式会社
株式会社かりゆしファーム,北海道浦河郡浦河町字東栄５８８番地の９,2022-08-02,株式会社
株式会社さかいや,三重県四日市市桜町１３３番地２,2022-08-02,株式会社
株式会社さくら堂,大阪府東大阪市鴻池元町３番１１－２０３号,2022-08-02,株式会社
株式会社だるまカンパニー,鹿児島県鹿児島市千日町１３番２４号ニューニシノビル１階,2022-08-02,株式会社
株式会社はたまお,大阪府堺市中区深井畑山町２５００番地,2022-08-02,株式会社
株式会社ひいらぎ,兵庫県尼崎市南武庫之荘３丁目８番１－３０３号,2022-08-02,株式会社
株式会社ひといき,埼玉県蕨市錦町１丁目９番１号プランドールＪＩＮ３０１号,2022-08-02,株式会社
株式会社ほけんの輪,兵庫県尼崎市武庫之荘１丁目３２番７－１０１号,2022-08-02,株式会社
株式会社ほっと食品,沖縄県島尻郡与那原町字与那原１０６２番地の１,2022-08-02,株式会社
株式会社もんどりあん,福岡県糟屋郡粕屋町戸原西４丁目７番２３号,2022-08-02,株式会社
株式会社わんぱく・エンタテイメント,大阪府枚方市伊加賀西町２番１－１５０５号リバティパーク枚方Ａ棟,2022-08-02,株式会社
株式会社アイエムビー,福岡県京都郡苅田町大字与原１７０４番地１０７号,2022-08-02,株式会社
株式会社アイカ,大阪府和泉市黒鳥町２丁目１番１８号,2022-08-02,株式会社
株式会社アイル,大阪府堺市中区東山８３１番地６,2022-08-02,株式会社
株式会社アウィス,兵庫県神戸市中央区御幸通８丁目１－６神戸国際会館２２階,2022-08-02,株式会社
株式会社アグリアソシエ,兵庫県三田市大川瀬１７８番地,2022-08-02,株式会社
株式会社アグリ・プロ,北海道河東郡音更町字東和東１線３３番地,2022-08-02,株式会社
株式会社アネシスサカイ,静岡県浜松市東区上西町１３０９番地の２,2022-08-02,株式会社
株式会社アルトラスト,愛知県名古屋市港区油屋町４丁目１４番地の１,2022-08-02,株式会社
株式会社アンク,東京都国分寺市西恋ヶ窪１丁目７番地４０,2022-08-02,株式会社
株式会社アークウェオニー,大阪府大阪市中央区南船場２丁目３番４号日宝長堀ビル６０７号,2022-08-02,株式会社
株式会社イレクション,福岡県北九州市小倉北区神岳２丁目７番２０－３号,2022-08-02,株式会社
株式会社インターモーダ,埼玉県白岡市小久喜９４６番地,2022-08-02,株式会社
株式会社イート糸島,福岡県糸島市前原駅南２丁目９番２２－９０９号,2022-08-02,株式会社
株式会社ウェルスプラス,愛知県名古屋市港区明正１丁目８２番地,2022-08-02,株式会社
株式会社ウッドビー,神奈川県川崎市高津区二子４丁目１３－１５和光マンション１０１号室,2022-08-02,株式会社
株式会社エイジェーホテルマネジメント,京都府京都市下京区烏丸通五条下る大坂町４００番地三善ビル７階,2022-08-02,株式会社
株式会社エイワイ,神奈川県相模原市南区旭町２番４号,2022-08-02,株式会社
株式会社エクラ,山口県下関市山の田中央町２番１号,2022-08-02,株式会社
株式会社エステート・サカイ,岡山県倉敷市鶴形１丁目２番１５号,2022-08-02,株式会社
株式会社エターナル,宮城県仙台市青葉区中央１丁目２番地３仙台マークワン１９Ｆ,2022-08-02,株式会社
株式会社エム．アイネット,大阪府寝屋川市清水町４６番１号,2022-08-02,株式会社
株式会社エモーション,東京都北区赤羽北２丁目３１番１６号アクトピア北赤羽壱番館１１８－Ｂ号,2022-08-02,株式会社
株式会社オフィスナナ,千葉県千葉市中央区祐光２丁目１１番１２号,2022-08-02,株式会社
株式会社オフィスＧ,神奈川県横浜市神奈川区鶴屋町２丁目２４番地１谷川ビルディング本館地下１階,2022-08-02,株式会社
株式会社カズ・ワールド,東京都足立区保木間４丁目４０番１１号,2022-08-02,株式会社
株式会社キュアセル,東京都中央区日本橋堀留町１丁目９番１０号,2022-08-02,株式会社
株式会社クイーン,東京都江戸川区松島３丁目６番１９号,2022-08-02,株式会社
株式会社クロガネ,東京都杉並区清水１丁目１－８－１０３号室,2022-08-02,株式会社
株式会社ケイアイ,滋賀県長浜市新庄中町１８７番地４,2022-08-02,株式会社
株式会社コンサル,岡山県岡山市中区浜２丁目５番１１号Ｎ・Ｏ桜道１０２号,2022-08-02,株式会社
株式会社コンティニューキャリア,兵庫県明石市人丸町５番１３号,2022-08-02,株式会社
株式会社コンドウ建設,兵庫県丹波市春日町国領１９０８番地,2022-08-02,株式会社
株式会社サンテックホールディングス,大阪府枚方市南中振１丁目１番２８号,2022-08-02,株式会社
株式会社サヴァイヴ,兵庫県丹波市春日町野村２５６１番地,2022-08-02,株式会社
株式会社シェノンテック,栃木県栃木市片柳町２丁目５５番１３号,2022-08-02,株式会社
株式会社シマダ建装,東京都品川区戸越５丁目１８番１１号宮前ビル３Ｆ,2022-08-02,株式会社
株式会社シンクパース,兵庫県三田市すずかけ台３丁目４番地２－２番館３０７号,2022-08-02,株式会社
株式会社シーアールキッチン,神奈川県相模原市中央区田名４３２４番地１,2022-08-02,株式会社
株式会社ジャック,東京都江戸川区松島３丁目６番１９号,2022-08-02,株式会社
株式会社ジョイントタイヤサービス,広島県広島市南区皆実町４丁目６番１２－２号,2022-08-02,株式会社
株式会社スイッチ,東京都港区西麻布４丁目２－６菱和パレス西麻布２０８号,2022-08-02,株式会社
株式会社ステップワーク,埼玉県所沢市大字山口１６５番地の５オークヴィラ１号館２０１号,2022-08-02,株式会社
株式会社スモール,大阪府高槻市真上町４丁目４番４５号,2022-08-02,株式会社
株式会社スリーバー,東京都中野区上高田１丁目２番４３号,2022-08-02,株式会社
株式会社スワーク,千葉県印旛郡栄町安食２１６４－３,2022-08-02,株式会社
株式会社セブン・ジェイ・デジタル・パートナーズ,東京都千代田区有楽町１丁目７番１号,2022-08-02,株式会社
株式会社ソアスト,神奈川県横浜市中区花咲町１丁目４８番地３ロゼ桜木町内,2022-08-02,株式会社
株式会社ダイナ引越センター,東京都豊島区南長崎２丁目２４番１０号,2022-08-02,株式会社
株式会社ティエヌエム,石川県金沢市もりの里１丁目１５４番地,2022-08-02,株式会社
株式会社ティースリィラボ,大阪府東大阪市楠根２丁目１０番２１号,2022-08-02,株式会社
株式会社テクニクス,広島県広島市南区宇品海岸１丁目１０番２３号空久保ビル１０２号,2022-08-02,株式会社
株式会社テクノネットワーク,東京都中野区若宮１丁目２９番４号,2022-08-02,株式会社
株式会社ディーパレッタ,福岡県福岡市博多区下呉服町３番２３－１４０５号,2022-08-02,株式会社
株式会社トトノイ,東京都武蔵野市吉祥寺本町４丁目２６番３号ドルミローナ吉祥寺２０１,2022-08-02,株式会社
株式会社トラスト,東京都西東京市東町５丁目８番９号,2022-08-02,株式会社
株式会社トランセンド,東京都武蔵野市桜堤３丁目２３番３号グランパルク武蔵野１０３,2022-08-02,株式会社
株式会社トータルサポート,神奈川県大和市福田５丁目２４番地９,2022-08-02,株式会社
株式会社ナガヒロ,宮城県名取市増田７丁目３番２３号Ａ－８,2022-08-02,株式会社
株式会社ネクストロジアイ,兵庫県神戸市中央区神仙寺通４丁目７－９－２,2022-08-02,株式会社
株式会社ネクスト．Ｔ．フード,大阪府大阪市都島区都島本通４丁目５番８号,2022-08-02,株式会社
株式会社ノース・クーリエ,大阪府茨木市桑田町１８番６号,2022-08-02,株式会社
株式会社ヒネエル,沖縄県沖縄市中央１丁目１０番３号,2022-08-02,株式会社
株式会社ビステラ,沖縄県那覇市久米２丁目３番１５号ＣＯＩ那覇ビル５階,2022-08-02,株式会社
株式会社ピュア・サポート,神奈川県相模原市中央区千代田１丁目８番２２－１０１号,2022-08-02,株式会社
株式会社フェイスリサーチ,愛知県名古屋市中区丸の内２丁目１５番１２号４階,2022-08-02,株式会社
株式会社フェイス・コーチング,東京都港区南青山２丁目２番１５号ＷＩＮ青山５３１,2022-08-02,株式会社
株式会社ブレードワークス,東京都東村山市萩山町１丁目７番地７,2022-08-02,株式会社
株式会社プレミア・ブライトコネクト,東京都千代田区麹町２丁目４番地１,2022-08-02,株式会社
株式会社ボンティフル,千葉県浦安市海楽２丁目９番２６号,2022-08-02,株式会社
株式会社ポストアナトミー,東京都世田谷区等々力２丁目３３番１３号２Ｆ,2022-08-02,株式会社
株式会社ミライ・エステート,石川県白山市相木町７番地,2022-08-02,株式会社
株式会社モノマネ,東京都大田区南六郷３丁目１０－１６六郷ＢＡＳＥ２２３号室,2022-08-02,株式会社
株式会社ユウキロジ,三重県松阪市肥留町７８４番地２,2022-08-02,株式会社
株式会社ユニコーン,東京都渋谷区上原２丁目２８番８号４Ｂ,2022-08-02,株式会社
株式会社ヨシミズ,群馬県前橋市南町３丁目５０番地２－２階Ｄ,2022-08-02,株式会社
株式会社ライオンズゲート,兵庫県尼崎市西昆陽１丁目２１番１１号,2022-08-02,株式会社
株式会社ライフクリエイト,滋賀県栗東市高野３２０番地２,2022-08-02,株式会社
株式会社ラニット,福島県伊達郡川俣町大字鶴沢字馬場８番地の１,2022-08-02,株式会社
株式会社ラビタル,沖縄県中頭郡西原町字内間８５番地の５,2022-08-02,株式会社
株式会社ラ・リノ,福島県郡山市富田町字池向７１番地１,2022-08-02,株式会社
株式会社リソナティ,東京都渋谷区代々木２丁目２３番１－２４１号,2022-08-02,株式会社
株式会社ロアキャピタル,東京都品川区東大井１丁目１１番２５号,2022-08-02,株式会社
株式会社ワイアール,埼玉県さいたま市南区鹿手袋５丁目１番１２号,2022-08-02,株式会社
株式会社ワッサイ,神奈川県川崎市川崎区浅田４丁目１１番１５－１号,2022-08-02,株式会社
株式会社ワンメディカ,東京都港区北青山２丁目９番５号,2022-08-02,株式会社
株式会社一,滋賀県野洲市比江１０１８番地８,2022-08-02,株式会社
株式会社三友塗装,神奈川県川崎市麻生区片平２丁目６番８号１０６号室,2022-08-02,株式会社
株式会社上野技術研究所,東京都品川区平塚１丁目７番１８号メゾンド星山２０２,2022-08-02,株式会社
株式会社中江農産,滋賀県近江八幡市大中町５０番地,2022-08-02,株式会社
株式会社丸達水産,北海道室蘭市東町３丁目１番１２号,2022-08-02,株式会社
株式会社伊賀芙蓉,三重県伊賀市上野茅町２７０６番地,2022-08-02,株式会社
株式会社光洋,愛媛県南宇和郡愛南町御荘菊川２３６５番地,2022-08-02,株式会社
株式会社八咲不動産,愛知県名古屋市緑区浦里１丁目１６０番地,2022-08-02,株式会社
株式会社凪,鹿児島県鹿児島市東坂元４丁目９番１４号,2022-08-02,株式会社
株式会社創木,東京都江東区東砂５丁目５番６号Ｋビル２０５号室,2022-08-02,株式会社
株式会社古峰商事,栃木県鹿沼市草久３０２７番地,2022-08-02,株式会社
株式会社吉祥,東京都墨田区向島４丁目２７番８－２０２号,2022-08-02,株式会社
株式会社吉野早﨑屋,鹿児島県鹿児島市吉野町３０４２番地１０,2022-08-02,株式会社
株式会社喜和味,香川県観音寺市観音寺町甲３０１８番地１,2022-08-02,株式会社
株式会社堀井工業,北海道小樽市銭函５丁目５２番地１,2022-08-02,株式会社
株式会社増田電気設備,東京都青梅市畑中３丁目９７２番地の３,2022-08-02,株式会社
株式会社夢あそび,兵庫県神戸市中央区野崎通４丁目４番１２号,2022-08-02,株式会社
株式会社大島瓦店,長崎県佐世保市天神４丁目２３３５番地,2022-08-02,株式会社
株式会社大有林,兵庫県明石市樽屋町１５番１７号２０２,2022-08-02,株式会社
株式会社大興業,大阪府大阪狭山市大野台７丁目２２番１３号,2022-08-02,株式会社
株式会社岸端板金,静岡県榛原郡吉田町住吉５１８２番地の４,2022-08-02,株式会社
株式会社峯照,福岡県糸島市二丈上深江１０３５番地,2022-08-02,株式会社
株式会社崎原産業,沖縄県中頭郡北谷町字玉上１４４番地１,2022-08-02,株式会社
株式会社平建工務店,熊本県球磨郡山江村大字山田乙２３９７番地,2022-08-02,株式会社
株式会社庵や,神奈川県横浜市青葉区大場町１７４番地２２１,2022-08-02,株式会社
株式会社戸越測量事務所,兵庫県川西市南花屋敷４丁目８番９号,2022-08-02,株式会社
株式会社新川商事,福岡県飯塚市佐與１２１７番地,2022-08-02,株式会社
株式会社日本ハイネス四日市,三重県四日市市三滝台１丁目１２番地１１,2022-08-02,株式会社
株式会社未来へつなぐ,埼玉県白岡市千駄野１１０１番地２,2022-08-02,株式会社
株式会社東友,岐阜県揖斐郡揖斐川町白樫古屋敷３１０番２８,2022-08-02,株式会社
株式会社松助,鳥取県西伯郡伯耆町久古２２０７番地１,2022-08-02,株式会社
株式会社桜管理,大阪府富田林市桜井町１丁目１８番９号,2022-08-02,株式会社
株式会社桝谷モータース,奈良県桜井市大字粟殿４７２番地の２,2022-08-02,株式会社
株式会社森田ジャパン,広島県福山市大門町３丁目１６番１４号,2022-08-02,株式会社
株式会社横山農園,北海道中川郡幕別町字新和１６２番地の９１４,2022-08-02,株式会社
株式会社樹の里,岩手県花巻市高木第１８地割４番地１,2022-08-02,株式会社
株式会社河口工業,鳥取県鳥取市気高町奥沢見１０８番地,2022-08-02,株式会社
株式会社湯海ホールディングス,静岡県伊豆市土肥６７０番地の２,2022-08-02,株式会社
株式会社灯晃社,鹿児島県霧島市国分下井６６６番地３１,2022-08-02,株式会社
株式会社烏山建設,滋賀県大津市比叡平２丁目１４番２１号,2022-08-02,株式会社
株式会社田中モータース,兵庫県神戸市北区藤原台北町３丁目１５番２３号,2022-08-02,株式会社
株式会社白桃農園,徳島県名西郡神山町神領字本上角１７３番地,2022-08-02,株式会社
株式会社皐月,東京都足立区綾瀬７丁目２２番７号ブラウンパレス第２、４０５,2022-08-02,株式会社
株式会社相棒舎,大分県由布市湯布院町川上１１８８番地２５,2022-08-02,株式会社
株式会社睦,鹿児島県志布志市志布志町田之浦２０７２番地,2022-08-02,株式会社
株式会社福士重量,大阪府和泉市王子町３丁目８－２０パールコート１０３,2022-08-02,株式会社
株式会社積彩,東京都国分寺市並木町１丁目３番地６４,2022-08-02,株式会社
株式会社筑波非連続情報技術研究所,茨城県つくば市みどりの南５４－１１,2022-08-02,株式会社
株式会社箱舟猫兎,神奈川県厚木市緑ケ丘２丁目１４番８－１号,2022-08-02,株式会社
株式会社緑晃,神奈川県座間市栗原１２０４番地,2022-08-02,株式会社
株式会社美らの家,沖縄県那覇市古波蔵１丁目３２番１２号カスティーロパレス１階,2022-08-02,株式会社
株式会社美濃ベース,岐阜県美濃市東市場町２９９３番地の６,2022-08-02,株式会社
株式会社肉の立山,富山県中新川郡立山町米沢３６番地１,2022-08-02,株式会社
株式会社親康電設,北海道旭川市南二条通２３丁目１９７５番地４６６,2022-08-02,株式会社
株式会社詠悠,福岡県北九州市八幡西区幸神２丁目１番２１号,2022-08-02,株式会社
株式会社進藤工業,京都府京都市山科区東野森野町１０番地２サンルシエル山科森野町２０１号,2022-08-02,株式会社
株式会社那覇直葬センター,沖縄県那覇市曙１丁目１４番４号,2022-08-02,株式会社
株式会社長野工業,兵庫県明石市二見町福里１５２番地の１０,2022-08-02,株式会社
株式会社阪本ポンプ工営,岐阜県岐阜市蔵前５丁目３番地４,2022-08-02,株式会社
株式会社食彩ＢＡＳＥＬＡＢ,東京都中野区大和町３丁目３９番４号グローリオ高円寺３０５,2022-08-02,株式会社
株式会社ＡＤＥＸ,北海道登別市登別温泉町１０９番地Ｂ１０２,2022-08-02,株式会社
株式会社ＡＩＯ,山口県山口市秋穂東６４８番地１３７,2022-08-02,株式会社
株式会社ＡＬＬ　ＡＣＣＥＰＴ,大阪府堺市堺区南三国ヶ丘町３丁２番１９－２０３号,2022-08-02,株式会社
株式会社Ａｇｅｎｔ　Ｏｎｅ,東京都港区南麻布３丁目９番１４号,2022-08-02,株式会社
株式会社ＡｑｕａＸ,東京都渋谷区広尾５丁目２３番５号長谷部第１ビル１階,2022-08-02,株式会社
株式会社ＡｒｔＴｒａｃｔｉｏｎ,大阪府堺市堺区南半町東１丁１番１３号,2022-08-02,株式会社
株式会社Ｂ．Ｗ．Ｇ,大阪府大阪市北区本庄東２丁目２－２５クリエイト天八ビル３階,2022-08-02,株式会社
株式会社ＢＯＫＵ,岡山県倉敷市茶屋町１７０６番地,2022-08-02,株式会社
株式会社ＢＵＲＮＩＮＧ　ＭＡＮ,広島県広島市安佐南区中筋１丁目２０番５－５０９号,2022-08-02,株式会社
株式会社Ｂａｓｉｎ,京都府福知山市字長田２７５６番地の３,2022-08-02,株式会社
株式会社ＢｏｏｍＡＣＥ,北海道札幌市中央区南六条西６丁目７番地１第６旭観光ビル３階ＳＴＲＯＮＧＥＲ内,2022-08-02,株式会社
株式会社Ｃ．サイカ,熊本県熊本市北区植木町清水３８１０番地,2022-08-02,株式会社
株式会社ＣＩＲＣＬＥ,東京都新宿区歌舞伎町２丁目１７番４号コリンズビル３７Ｂ１,2022-08-02,株式会社
株式会社ＣＭファシリティーズ,長崎県長崎市田中町５７３番地３,2022-08-02,株式会社
株式会社ＣＲ．ｒｉｄｅ,北海道釧路市星が浦北３丁目３番５号,2022-08-02,株式会社
株式会社ＣＲＥＡ　ＳＴＹＬＥ,福岡県北九州市若松区大字頓田１８４番地５（サンライズアリタＢ２０１）,2022-08-02,株式会社
株式会社Ｃａｅｌｕｍ,神奈川県横浜市栄区中野町１２８番地,2022-08-02,株式会社
株式会社Ｃｌａｆ,埼玉県さいたま市見沼区大字新堤１８－３グランドベル２０１,2022-08-02,株式会社
株式会社Ｃｒａｚｙ　Ｃｏｍｍｉｔ,東京都新宿区西新宿３丁目３番１３号西新宿水間ビル６Ｆ,2022-08-02,株式会社
株式会社ＤＩＡＧＲＡＭＳ,熊本県熊本市西区城山下代２丁目４番１号,2022-08-02,株式会社
株式会社ＤｅＦｉｍａｎｓ,東京都港区東麻布１丁目１４番５－５０３号,2022-08-02,株式会社
株式会社ＦＵＫＵＲＥＫＯ,香川県さぬき市津田町津田１４０２番地２３,2022-08-02,株式会社
株式会社Ｆａｉｃｅ,宮城県名取市小山１丁目５番１３号サニースクウェア小山２０１号,2022-08-02,株式会社
株式会社Ｆｉｒｓｔ　Ｓｔｅｐ,愛知県名古屋市西区名駅２丁目３４番１７セントラル名古屋１１０１号,2022-08-02,株式会社
株式会社Ｆｌｙｂｙ,東京都中央区銀座１丁目１２－４Ｎ＆ＥＢＬＤ．７階,2022-08-02,株式会社
株式会社Ｆｏｒｅｓｉｇｈｔ　Ｏｎｅ,大阪府岸和田市三田町２６３番地エスト・エトワールＢ棟１０１号,2022-08-02,株式会社
株式会社Ｇ　ＣＬＡＳ,大分県別府市朝見３丁目１８番３号,2022-08-02,株式会社
株式会社ＧＩＮＯＺＡ,沖縄県那覇市おもろまち４丁目１６番５号サンライズＧＩＮＯＺＡ７階,2022-08-02,株式会社
株式会社ＧＩＮＺＡ,東京都福生市大字福生８８０番地３９ウィズビル１階,2022-08-02,株式会社
株式会社ＧＬＤ‐ＬＡＢ．,鳥取県鳥取市若葉台南１丁目５番５号,2022-08-02,株式会社
株式会社ＧＯ,千葉県柏市柏１丁目７番１号ライオンズタワー柏７０３号室,2022-08-02,株式会社
株式会社Ｈ‐ｔｅｃ,岐阜県関市下之保２７６８番地１,2022-08-02,株式会社
株式会社ＨＡＮ‐ＴＨＥＭ,大阪府東大阪市新池島町３丁目２番１８号,2022-08-02,株式会社
株式会社ＨＳＥ　Ｇｌｏｂａｌ,大阪府大阪市中央区島之内２丁目１１番５－６０２号,2022-08-02,株式会社
株式会社ＨａｌｅＡｎｅｌａ,神奈川県藤沢市弥勒寺３丁目１２番１６号～３号,2022-08-02,株式会社
株式会社Ｈｇｒｏｕｐ,愛媛県松山市三町３丁目８番１７号,2022-08-02,株式会社
株式会社ＩＦＡｉｎｓｕｒａｎｃｅ,京都府京都市中京区槌屋町８４－２,2022-08-02,株式会社
株式会社ＪＩＤＡＩ,東京都港区高輪３丁目１２番８号,2022-08-02,株式会社
株式会社Ｋ＆ＡＪ,東京都港区西新橋３丁目５番２号,2022-08-02,株式会社
株式会社ＫＩＭＩＥＩ,神奈川県三浦市城山町９番１８号,2022-08-02,株式会社
株式会社ＫＫＳ,栃木県那須塩原市接骨木４４３番地地方競馬教養センターＡ棟,2022-08-02,株式会社
株式会社ＫＯＭＰＩＳ,東京都中野区新井２丁目５１番１２号,2022-08-02,株式会社
株式会社ＫＴＫコーポレーション,神奈川県横浜市青葉区美しが丘１丁目１１番,2022-08-02,株式会社
株式会社ＬＩＢＥＲＡＴＥ,東京都江東区越中島３丁目６番３－９０５号,2022-08-02,株式会社
株式会社ＬＩＶＥＬＹ,千葉県浦安市高洲５丁目１番Ｃ－１８０５号,2022-08-02,株式会社
株式会社ＬＯＬ　ＣＲＥＡＴＩＯＮ,熊本県熊本市中央区水前寺公園２８番４５プラッツＳ１０３号,2022-08-02,株式会社
株式会社Ｍ’ｓｕｎｆｌｏｗｅｒ,東京都渋谷区恵比寿１丁目８番３号,2022-08-02,株式会社
株式会社ＭＡＮＪＩ,神奈川県三浦郡葉山町下山口１９６５番地の７,2022-08-02,株式会社
株式会社ＭＡＲＩＮ,福岡県福岡市城南区松山２丁目５番１３－３０２号,2022-08-02,株式会社
株式会社ＭＤエース,東京都練馬区桜台１丁目７番７シルバービル４０２号室,2022-08-02,株式会社
株式会社ＭＥＡＴＳ,大阪府大阪市此花区梅香３丁目２９－２,2022-08-02,株式会社
株式会社ＭＥＬ,静岡県駿東郡清水町徳倉２７０６番地,2022-08-02,株式会社
株式会社ＭＩＫ,熊本県熊本市中央区手取本町四丁目１５番みどりやトーキビル地下１階,2022-08-02,株式会社
株式会社ＭＫ　ＮＥＸＴ,北海道北見市寿町２丁目１番２０号,2022-08-02,株式会社
株式会社ＭＯＴＯＦＵ,大阪府大阪市中央区久太郎町４丁目１番３号大阪センタービル６階１７９号室,2022-08-02,株式会社
株式会社ＮＡＯ,福岡県北九州市八幡西区岸の浦１丁目１３番３３号,2022-08-02,株式会社
株式会社ＮＥＭＵＩ,兵庫県神戸市長田区久保町６丁目１番１号アスタくにづか４番館東棟２階２０２区画６号室,2022-08-02,株式会社
株式会社Ｎｅｘｓｕｓｏｎｅ,東京都江東区青海２丁目７番４号ｔｈｅＳＯＨＯ１１０６号室,2022-08-02,株式会社
株式会社ＰＩＴＴＩ,千葉県柏市若柴１７３番地８柏の葉キャンパス１５１街区Ｃ－１００３,2022-08-02,株式会社
株式会社ＰＯＩ,東京都大田区大森北２丁目４－１４－１２０４,2022-08-02,株式会社
株式会社Ｐｉｅｃｅ　ｏｆ　ｃａｋｅ,大阪府大阪市大正区三軒家東１丁目２０番１１号４０３,2022-08-02,株式会社
株式会社Ｒ‐Ｃｏｎｓｕｌｔｉｎｇ,東京都練馬区東大泉３丁目３６－１５,2022-08-02,株式会社
株式会社ＲＡＩＮＢＯＷ,東京都世田谷区池尻３丁目３０番２号,2022-08-02,株式会社
株式会社ＲＥＭＳ,愛知県名古屋市天白区池場２丁目２８０５番地の２,2022-08-02,株式会社
株式会社ＲＥＯ,神奈川県横浜市港北区新横浜１丁目１４番地２０光正第２ビル８０１号室,2022-08-02,株式会社
株式会社ＲＩＴＺ,静岡県浜松市北区引佐町伊平６５１番地の１,2022-08-02,株式会社
株式会社Ｒｅｇｏｌｉｔｈ　Ｃｌｏｖｅｒ,神奈川県横浜市戸塚区平戸３丁目１２番２号,2022-08-02,株式会社
株式会社Ｒｅｌｙ‐ｂｅａｕｔｅ,東京都渋谷区神宮前１丁目１番１－５０４号,2022-08-02,株式会社
株式会社Ｓコンサル,東京都世田谷区弦巻２丁目３３番２０－２０９号,2022-08-02,株式会社
株式会社ＳＡＹ＆Ｃｏ,大阪府岸和田市吉井町３丁目１６番１６号,2022-08-02,株式会社
株式会社ＳＢＭ,岡山県岡山市南区新保１１３８番地１５,2022-08-02,株式会社
株式会社ＳＥＥＢＯＸ　ＪＡＰＡＮ,東京都港区元赤坂１丁目２番７号赤坂Ｋタワー,2022-08-02,株式会社
株式会社ＳＥＮＫＡＩフーズ,福岡県福岡市博多区博多駅前３丁目７番３５－６０７号博多ハイテックビル,2022-08-02,株式会社
株式会社ＳＧＳ,埼玉県川口市大字榛松７６６番地の１,2022-08-02,株式会社
株式会社ＳＩＧＮＡＬ,富山県富山市婦中町下轡田６８８番地１４シャーメゾン下轡田１０２号,2022-08-02,株式会社
株式会社ＳＬホールディングス,埼玉県三郷市栄３丁目６６番地７,2022-08-02,株式会社
株式会社ＳＮＳクリエイト,大阪府茨木市真砂２丁目１６番４３－２０１号,2022-08-02,株式会社
株式会社ＳＳＳサービス,大阪府箕面市小野原東４丁目１１番１３号,2022-08-02,株式会社
株式会社ＳａｍＣｏｍ,東京都新宿区新宿１丁目２３番１２号ガーデンフラット６０２,2022-08-02,株式会社
株式会社Ｓｉｎ．,東京都渋谷区神宮前６丁目２３番４号桑野ビル２階,2022-08-02,株式会社
株式会社Ｓｕｉｋａ　ｃｈａｎ,静岡県静岡市駿河区中島３１７５番地の２,2022-08-02,株式会社
株式会社Ｓｕｎ　Ｊｏｚｅｎ,静岡県焼津市中新田２５１番地の３,2022-08-02,株式会社
株式会社Ｔプランニング,東京都品川区東五反田３丁目６番１７号,2022-08-02,株式会社
株式会社Ｔ・ＴＥＸ,福島県福島市渡利字柳小路５０番地の７,2022-08-02,株式会社
株式会社Ｔ・ｄｅｎｓｅｔｓｕ,石川県能美市大浜町亥１６番地２,2022-08-02,株式会社
株式会社Ｔ１,石川県金沢市駅西新町１丁目３９番１０号,2022-08-02,株式会社
株式会社ＴＡＳ．ＭＡ,福岡県福岡市早良区百道浜１丁目５番１－５０１号シーサイドももちイーストステージ１号棟,2022-08-02,株式会社
株式会社ＴＢＫメディカルマネジメント,京都府京都市下京区五条通室町東入醍醐町２６８番地リーガル京都烏丸五条通り１１０２号室,2022-08-02,株式会社
株式会社ＴＨＩＲＴＹ　ＳＩＸ,滋賀県草津市野路東１丁目１－１立命館大学ＢＫＣインキュベータ３０５号,2022-08-02,株式会社
株式会社ＴＯＴＡＬクリーニングＤｒｅａｍ,鹿児島県鹿児島市紫原３丁目４３番１１－１０８号,2022-08-02,株式会社
株式会社ＴＳＵＹＡＮＡ,京都府京都市中京区聚楽廻東町３２番地５イロハプラス二条２０１,2022-08-02,株式会社
株式会社Ｔｒｉｋｏｎ　Ｇｒａｐｈｉｃｓ,東京都杉並区井草１丁目１６番３号,2022-08-02,株式会社
株式会社Ｔｒｕｓｔｗｏｒｔｈｙ,東京都世田谷区上馬４丁目３２番１４オーベル上馬３０４号,2022-08-02,株式会社
株式会社ＵＺＩＴＥＣＨ,神奈川県横須賀市大矢部２丁目１１番７号,2022-08-02,株式会社
株式会社Ｗ,香川県高松市多賀町２丁目１番１３号市川ビル３階,2022-08-02,株式会社
株式会社ＷＡＮ　ａｎｄ　ＯＮＬＹ,愛知県名古屋市千種区東山元町３丁目７０番地,2022-08-02,株式会社
株式会社ＷＡＲＰ,鹿児島県鹿児島市中央町５－１６トーカンマンション中央町２０３号,2022-08-02,株式会社
株式会社Ｙ．Ｇ．Ｓ,東京都大田区池上６丁目１番２１号ＣＳ池上ビル３Ｆ,2022-08-02,株式会社
株式会社Ｙ．Ｔ．Ｓ,静岡県焼津市三右衛門新田６番地の１,2022-08-02,株式会社
株式会社ＹＳＫ,東京都世田谷区東玉川１丁目１番９号Ｙ’ｓフラット１０１,2022-08-02,株式会社
株式会社ＹＵ‐ｍｅ,北海道上川郡剣淵町東町７９番地,2022-08-02,株式会社
株式会社ＹＵＳＡ企画事務所,愛知県名古屋市中村区名駅２丁目４５番１４号東進名駅ビル４Ｆ,2022-08-02,株式会社
株式会社ＺＩＳＥＤＡＩ,東京都港区北青山２丁目７番９号,2022-08-02,株式会社
株式会社ａｌｉｍ,東京都中央区銀座３丁目１１番１９号,2022-08-02,株式会社
株式会社ｅｎ’ｓ,東京都港区浜松町２丁目２番１５号浜松町ダイヤビル２階,2022-08-02,株式会社
株式会社ｆｉｎｅｓｓｅ　ｏｎｅ,大阪府藤井寺市沢田２丁目５番３３号,2022-08-02,株式会社
株式会社ｉ　ｓＯｉｌ,大阪府大阪市中央区南船場３丁目２番２２号,2022-08-02,株式会社
株式会社ｋｅｙ,愛知県名古屋市中川区十番町３丁目１７番地,2022-08-02,株式会社
株式会社ｎｅｃｃｏ,東京都足立区伊興本町１丁目８番１号,2022-08-02,株式会社
株式会社ｓｉｎｓａ,神奈川県綾瀬市上土棚中２丁目１４－９６－１０１,2022-08-02,株式会社
株式会社ｓｌａｓｈ,兵庫県神戸市中央区海岸通６丁目１番１３－３５０３号,2022-08-02,株式会社
株式会社ｓｌｏｅｓ,長野県小諸市八幡町２丁目５番１３号３０７,2022-08-02,株式会社
株式会社ｓｎｏｗ　ｆｒｉｅｎｄ,大阪府高槻市真上町６丁目９番１号藤和コアティ高槻ハイタウンＢ棟３０５,2022-08-02,株式会社
株式会社ｔｒｉｎｉｔｙ,東京都練馬区田柄４丁目３５－２０,2022-08-02,株式会社
株式会社ｗａｎｄｅｒｏｕｔ,東京都渋谷区恵比寿西１丁目３０番１０号,2022-08-02,株式会社
株式会社ｗｉｌｌ’ｓ,愛知県名古屋市中区金山１丁目１１番１０号金山ハイホーム８１２号,2022-08-02,株式会社
株式会社ｙｏｕｒｃｏｍｍｅｒｃｅ,東京都板橋区南常盤台１丁目１１番地６号レフア南常盤台１０１号室,2022-08-02,株式会社
株式会社ｚｅｒｏ‐ＯＮＥ,大阪府大阪市中央区東心斎橋２丁目８番３号日宝笠屋町会館２階,2022-08-02,株式会社
株式会社ｚｚｚｇｏｏ,東京都新宿区西新宿３丁目３番１３号西新宿水間ビル６Ｆ,2022-08-02,株式会社
沼津カンパニー株式会社,京都府京都市伏見区深草西浦町８丁目１１３番地西陣ビル２階,2022-08-02,株式会社
泉和産業株式会社,埼玉県川口市川口５丁目１１番１５号クレアホームズ川口パークブライト２０３号室,2022-08-02,株式会社
浪速ミート株式会社,大阪府大阪市浪速区元町３丁目１０番９号,2022-08-02,株式会社
照井塗装株式会社,東京都練馬区大泉町２丁目３２番１６号,2022-08-02,株式会社
特定非営利活動法人ハッピーライフ,大阪府寝屋川市香里北之町２番６号,2022-08-02,その他の設立登記法人
琥珀株式会社,東京都豊島区高田３丁目３番２２－１０３号,2022-08-02,株式会社
福岡リビングライフ株式会社,福岡県福岡市西区周船寺３丁目７番２２－６０１号サーパス周船寺,2022-08-02,株式会社
秀林茶荘株式会社,京都府京都市南区西九条針小路町７７番地,2022-08-02,株式会社
税理士法人ＵＮＮＡＭＥＤＳＥＲＶＩＣＥ,東京都世田谷区太子堂３丁目３０番４－２０４号,2022-08-02,その他の設立登記法人
翔信電工合同会社,神奈川県川崎市麻生区下麻生２丁目３８番１１号,2022-08-02,合同会社
肉のふじた株式会社,長崎県大村市協和町６８１番地４,2022-08-02,株式会社
藤原介護ステーション株式会社,大阪府岸和田市上松町３０６１番地,2022-08-02,株式会社
行政書士法人いろは,大阪府大阪市淀川区西中島３丁目１８番９－７０５号,2022-08-02,その他の設立登記法人
調和電工株式会社,神奈川県横浜市鶴見区仲通３丁目８１番地１９メゾン・ド・ノン２０２号,2022-08-02,株式会社
遠山商事株式会社,東京都足立区梅田７丁目９番１２号梅田カトレアハイツ２０１号室,2022-08-02,株式会社
長谷川企画株式会社,広島県廿日市市宮内１２７１番地１,2022-08-02,株式会社
阪栄ホールディングス株式会社,神奈川県綾瀬市寺尾本町１丁目４番１５号,2022-08-02,株式会社
雨野未来株式会社,東京都練馬区錦１丁目２５番２５,2022-08-02,株式会社
龍誠商貿合同会社,東京都板橋区小茂根４丁目２２－１９グランシェル２０４,2022-08-02,合同会社
龍順産業株式会社,宮崎県宮崎市佐土原町下田島字天神中須７６００番２,2022-08-02,株式会社
１９３ｔｒｅｅ合同会社,岩手県紫波郡矢巾町大字北郡山第１２地割９６番地３,2022-08-02,合同会社
ＡＮＡＬＹＺＥＲ株式会社,広島県東広島市鏡山３丁目１３番６０号,2022-08-02,株式会社
ＡＸＩＳ株式会社,宮崎県宮崎市田代町２４５番地ファーストライフⅡ１０５号,2022-08-02,株式会社
Ａｄ‐Ｒｏｂｉｎ株式会社,栃木県宇都宮市海道町１９５番地４,2022-08-02,株式会社
Ａｌｏｈａ　Ａｉｎａ合同会社,福岡県福岡市西区豊浜２丁目１８番５号,2022-08-02,合同会社
ＢＩＺＡＲＱ　ＡＤＶＩＳＯＲＹ株式会社,東京都新宿区新宿５丁目１５番２号池与ビル５０３,2022-08-02,株式会社
Ｂｉｇｗｅｌｌｈｅｍｐ合同会社,東京都新宿区西新宿３丁目３番１３号西新宿水間ビル６階,2022-08-02,合同会社
Ｂｌｕｅ　Ｃｒｅａ株式会社,東京都港区南青山２丁目２２番１４号フォンテ青山３０３,2022-08-02,株式会社
ＣＭＯＮ　ＪＡＰＡＮ合同会社,東京都新宿区西新宿３丁目３番１３号西新宿水間ビル２Ｆ,2022-08-02,合同会社
Ｄｅｌｔａ　Ｆｒｅｎｉ　Ｊａｐａｎ合同会社,広島県広島市西区庚午中２丁目１６番１－１０２号,2022-08-02,合同会社
Ｅ‐Ｐｏｗｅｒメンテナンス株式会社,東京都大田区多摩川２丁目２１番２４号東京電業社ビル１Ｆ,2022-08-02,株式会社
ＥＡＲＴＨ　ＣＯＲＰＯＲＡＴＩＯＮ合同会社,東京都江戸川区松江１丁目３番３号,2022-08-02,合同会社
ＥＮＮＥ株式会社,神奈川県小田原市栄町４丁目４番２９号,2022-08-02,株式会社
ＥＳＲ３４合同会社,東京都港区浜松町１丁目２０番１０号ライオネス浜松町５０６号室,2022-08-02,合同会社
ＥＶネットワーク株式会社,千葉県船橋市南三咲２丁目２５番１５号,2022-08-02,株式会社
Ｅｄｇｅ技研合同会社,東京都中央区銀座１丁目１２番４号Ｎ＆ＥＢＬＤ．７階,2022-08-02,合同会社
ＧＥＩＨＯＫＵ　ＥＳＴ株式会社,広島県三次市十日市南１丁目４番５号,2022-08-02,株式会社
ＧＦＧ合同会社,東京都中央区勝どき１丁目３番１－２１０４号,2022-08-02,合同会社
ＧＳＤ株式会社,愛知県日進市梅森町上松３５１番地３,2022-08-02,株式会社
ＧＷＣ株式会社,神奈川県茅ヶ崎市赤松町３－１７－３０３号チサンハイム辻堂,2022-08-02,株式会社
ＩＫＥＤＡ株式会社,熊本県上益城郡御船町大字辺田見２０３番地５,2022-08-02,株式会社
ＩＮＦＩＣＴ株式会社,東京都豊島区南池袋１丁目１６番１５号ダイヤゲート池袋５Ｆ,2022-08-02,株式会社
ＩＴＢＩ合同会社,東京都大田区下丸子２丁目３２番１４号,2022-08-02,合同会社
ＪＰＣＡＭ株式会社,大阪府大阪市港区八幡屋４丁目１－３ベイサイドハイツⅡ４０１号室,2022-08-02,株式会社
ＫＵＲＹ株式会社,長野県塩尻市大字広丘吉田５１２番地２７,2022-08-02,株式会社
ＫＹＣＣ合同会社,神奈川県川崎市麻生区上麻生１丁目１５番１２－３０３号,2022-08-02,合同会社
ＬＥＯＮ合同会社,東京都世田谷区下馬１丁目３２番１７号浅川方,2022-08-02,合同会社
ＬＩＯＮ　Ｅｎｔｅｒｐｒｉｓｅ合同会社,福井県福井市問屋町１丁目１２４番地ラフォーレ北野２０１,2022-08-02,合同会社
ＬａｇｏＶｅｒｄｅ．ＲＥＳＩＤＥＮＣＥ．０３合同会社,東京都港区芝２丁目２７番８号ＶＯＲＴ芝公園７Ｆ,2022-08-02,合同会社
Ｍサポート株式会社,大阪府大阪市大正区南恩加島６丁目１２－９,2022-08-02,株式会社
ＭＧＫ　Ｔｒａｎｓｃｅｎｄｅｎｃ合同会社,東京都渋谷区神宮前６丁目２３番４号桑野ビル２階,2022-08-02,合同会社
ＭＨ・ＴＲＡＤＩＮＧ合同会社,千葉県印西市小林２４９１番地１天壇荘２０１号,2022-08-02,合同会社
ＭＴ　Ｇｏｄｅｒｅ株式会社,愛知県江南市天王町駒野１３７番地,2022-08-02,株式会社
Ｍａｉｓｏｎ　ｄｅ　Ｎｏａｈｒ合同会社,兵庫県たつの市誉田町内山４３番地３,2022-08-02,合同会社
Ｍａｔｓｕ合同会社,東京都大田区山王３丁目１３－１３,2022-08-02,合同会社
Ｍｉｄｏｒｉ　Ｖｅｎｔｕｒｅｓ合同会社,東京都渋谷区恵比寿１丁目１９番１５号ウノサワ東急ビル３階,2022-08-02,合同会社
ＭｏｌｄＴｅｃｓ合同会社,神奈川県横浜市港北区新横浜２丁目１５番１０号ＹＳビルディング２階,2022-08-02,合同会社
ＮＥＸＴＯＮ　ＧＬＯＢＡＬ株式会社,東京都港区三田１丁目３－４０－２０１号室,2022-08-02,株式会社
Ｎｅｗｂｉｅ合同会社,東京都中央区銀座７丁目１３番６号サガミビル２階,2022-08-02,合同会社
ＯＲＧＡＮＩＣ　ＧＲＥＥＮ　ＴＥＡ　ＬＩＦＥ株式会社,静岡県浜松市中区常盤町１３８番地の８ローレルコート常盤２０３号,2022-08-02,株式会社
ＰＡＬ．レンタリース株式会社,兵庫県川西市清和台東２丁目４番地の２８,2022-08-02,株式会社
ＰＳＮ　ＩＮＴＥＲＮＡＴＩＯＮＡＬ合同会社,千葉県白井市復１４５７番地の３、１６号ハイツ２０２号室,2022-08-02,合同会社
ＰＳＹＣＬＥ　ＤＩＳＴＲＩＢＵＴＩＮＧ株式会社,神奈川県相模原市中央区田名４９４４番地１,2022-08-02,株式会社
Ｒ　Ｓｔｙｌｅ合同会社,大阪府松原市北新町３丁目９番１９号,2022-08-02,合同会社
ＲＥＡＬ　ＭＩＲＡＣＬＥ株式会社,東京都青梅市河辺町８丁目１８番地の１２ー２０２,2022-08-02,株式会社
Ｒｅｎａｌ　Ｃａｒｅ　Ｓｏｌｕｔｉｏｎｓ　Ｊａｐａｎ合同会社,東京都港区港南１丁目２番７０号,2022-08-02,合同会社
Ｓ．Ｇ．Ｃｏｍｍｉｔｍｅｎｔ株式会社,広島県広島市西区商工センター１丁目６番４０号,2022-08-02,株式会社
Ｓ．Ｈ．ＡＵＴＯ　ＴＲＡＤＩＮＧ合同会社,千葉県東金市上布田５３８番地１,2022-08-02,合同会社
ＳＨＩＮＹ　ＥＳＳＥＮＣＥ合同会社,石川県鳳珠郡穴水町字岩車１１‐３５‐６,2022-08-02,合同会社
Ｓｈｉｎｉｎｇ　Ｒｉｎｇ株式会社,東京都港区南青山５丁目１０－１二葉ビル５階,2022-08-02,株式会社
Ｓｍａｒｔ　Ｂｏｘ株式会社,大阪府大阪市東住吉区駒川１丁目１４番２４号,2022-08-02,株式会社
Ｓｎｏｗ３５合同会社,東京都目黒区碑文谷６丁目１番４号,2022-08-02,合同会社
ＳｔａｒＤｉｒｅｃｔｏｒｙ株式会社,東京都港区六本木２丁目２番２号,2022-08-02,株式会社
ＴＨＥ　ＲＩＣＥ株式会社,東京都東村山市本町２丁目１７番地７,2022-08-02,株式会社
ＴＲＤ５株式会社,東京都千代田区神田猿楽町２丁目５番８号,2022-08-02,株式会社
ＵＫＩＵＫＩ　ＰＲＯＪＥＣＴ株式会社,東京都渋谷区神宮前６丁目２３番４号,2022-08-02,株式会社
ＷＨＩＲＬＷＩＮＤ合同会社,静岡県静岡市駿河区池田６６５番地の２ＭＥＬＡＮＺＡＮＡ３０５,2022-08-02,合同会社
ＷＯＮＤＥＲＦＵＬ　ＷＯＲＬＤ株式会社,大阪府羽曳野市大黒３５０番地の６,2022-08-02,株式会社
ＹＫ　ＧＲＯＵＰ株式会社,神奈川県横浜市港北区新横浜１丁目１４番６号,2022-08-02,株式会社
ＹＬＣ総合サービス株式会社,東京都北区田端１丁目５－４,2022-08-02,株式会社
ＹＬＩＦＩＸ合同会社,東京都港区元麻布３丁目１－３６,2022-08-02,合同会社
ＹＵＭＥＴＯＭＯ合同会社,東京都渋谷区神宮前６丁目２３番４号桑野ビル２階,2022-08-02,合同会社
ｍａｎｕａｌ合同会社,東京都青梅市新町９丁目３番地の１－Ａ１０２,2022-08-02,合同会社
ｎｉｉｊｉｉ合同会社,大阪府大阪市東住吉区住道矢田８丁目１１番８号,2022-08-02,合同会社
あかり動物病院株式会社,静岡県伊東市南町１丁目３番６号,2022-08-03,株式会社
かしましか株式会社,東京都港区白金台２丁目１９番３号,2022-08-03,株式会社
さんほれ株式会社,東京都千代田区神田佐久間町３丁目２１－４０１,2022-08-03,株式会社
にんぎょい会たくま,香川県三豊市詫間町詫間１３５５番地１,2022-08-03,その他
ふくいヒトモノデザイン株式会社,福井県福井市順化１丁目１番１号,2022-08-03,株式会社
やす株式会社,福岡県北九州市八幡東区清田２丁目１５番６号,2022-08-03,株式会社
アイＭＡＩＮ合同会社,神奈川県川崎市宮前区西野川３丁目９番２１号,2022-08-03,合同会社
アドート株式会社,東京都江東区富岡１丁目２２番２４号門前仲町レジデンス参番館１０１,2022-08-03,株式会社
アミダ産業合同会社,京都府城陽市寺田北山田３１番地の１００,2022-08-03,合同会社
アートプランツ株式会社,宮崎県宮崎市宮脇町７８番地３,2022-08-03,株式会社
イダト機工株式会社,東京都江戸川区西瑞江５丁目１９番地６４,2022-08-03,株式会社
インフェルノブラスト合同会社,東京都新宿区高田馬場２丁目１０番１５号ＹＯＫＥⅣ－３０１,2022-08-03,合同会社
イーアフルエンス合同会社,東京都渋谷区宇田川町３番７号ヒューリック渋谷公園通りビル５Ｆ－４３,2022-08-03,合同会社
ウッドストック株式会社,愛知県春日井市廻間町字落重６２,2022-08-03,株式会社
エイヤー株式会社,大阪府大阪市福島区福島３丁目６番６－２０２号,2022-08-03,株式会社
エスグランデ株式会社,神奈川県足柄下郡箱根町二ノ平１２９７－３２８,2022-08-03,株式会社
エニグマ株式会社,愛知県名古屋市昭和区山脇町３丁目２番地の４,2022-08-03,株式会社
オイカゼ株式会社,熊本県菊池郡菊陽町武蔵ヶ丘２丁目１７番１３号,2022-08-03,株式会社
オウズプラン株式会社,大阪府東大阪市森河内東２丁目７番２４号,2022-08-03,株式会社
オフィスこがねむし北山合同会社,静岡県伊東市鎌田１０８６番地の４６６,2022-08-03,合同会社
カミフク板金株式会社,栃木県日光市土沢１８８２番地１エクセレント藤和Ａ－１０１,2022-08-03,株式会社
ガウェイトン株式会社,東京都町田市成瀬が丘３丁目２１番地１,2022-08-03,株式会社
クロウズワークス合同会社,大阪府高槻市山手町２丁目３番７号,2022-08-03,合同会社
グラティスフード株式会社,福岡県みやま市瀬高町本郷９０１番地１,2022-08-03,株式会社
グリーンナチュレ合同会社,静岡県静岡市葵区山崎１丁目２４－１１,2022-08-03,合同会社
ショウヨウＲＥＭ株式会社,大阪府堺市北区長曽根町４５番地,2022-08-03,株式会社
スマートワークコミュニケーションズ合同会社,東京都港区南青山２丁目２番１５号ウィン青山９４２,2022-08-03,合同会社
スモールビズコンサルティング合同会社,東京都江東区海辺１５－５サークルキューブ海辺２０８,2022-08-03,合同会社
セブン商事株式会社,大阪府大阪市生野区小路東４丁目３番２８－２０１号,2022-08-03,株式会社
セントラル株式会社,神奈川県横浜市南区万世町２丁目２３番地１ポートヴィラＡＫ９０３号室,2022-08-03,株式会社
タダヨシ産業株式会社,大阪府大阪市浪速区恵美須西３丁目１６－３９ラフォーレ新今宮１０２号,2022-08-03,株式会社
テラステック株式会社,福岡県遠賀郡遠賀町遠賀川３丁目３２番５号,2022-08-03,株式会社
ナシエンテ合同会社,新潟県新発田市池ノ端９３５番地,2022-08-03,合同会社
ナレッジビラジャパン合同会社,東京都新宿区下宮比町２番２８－１０２７号,2022-08-03,合同会社
ニュースカイグローバル株式会社,宮城県仙台市宮城野区宮千代３丁目１番７号,2022-08-03,株式会社
ネクサス株式会社,東京都中央区日本橋小舟町８番１３号,2022-08-03,株式会社
パウ・コーポレーション株式会社,東京都港区虎ノ門４丁目１番２８号,2022-08-03,株式会社
パッセ株式会社,兵庫県神戸市中央区山本通１丁目７番１５号２階,2022-08-03,株式会社
ヒロホールディングス株式会社,岡山県岡山市北区久米２２６番地,2022-08-03,株式会社
ファクトリアル・ジャパン株式会社,東京都中央区日本橋３丁目９番１号日本橋三丁目スクエア１１階,2022-08-03,株式会社
フジキュー株式会社,愛知県名古屋市昭和区伊勝町２丁目３０番地の２,2022-08-03,株式会社
フラクタル合同会社,東京都豊島区池袋１丁目７番２３号,2022-08-03,合同会社
ブルー・グローブ株式会社,東京都渋谷区恵比寿西１丁目２２番１号代官山ＧＮビル３階,2022-08-03,株式会社
ベルトラスト株式会社,福岡県直方市大字感田１３１４番地１,2022-08-03,株式会社
ベルロジック合同会社,東京都豊島区南大塚２丁目１１番１０号ミモザビル３Ｆ,2022-08-03,合同会社
ポポロ株式会社,大阪府茨木市山手台新町１丁目１２番７号,2022-08-03,株式会社
マサルインダストリー株式会社,岩手県二戸市石切所字穴牛長久保７番地１,2022-08-03,株式会社
ママンカンパニー,東京都中央区新川２丁目４－１２,2022-08-03,その他
リバースコンサルティング合同会社,茨城県古河市東本町３丁目９番４６号,2022-08-03,合同会社
リレーポイント合同会社,熊本県熊本市中央区中央街４－２２アルバ銀座通りビル２Ｆ,2022-08-03,合同会社
リージジャパン株式会社,愛知県名古屋市瑞穂区塩入町３番３号,2022-08-03,株式会社
レア就労支援サービス合同会社,福岡県福岡市東区香椎照葉３丁目２－４－６１３,2022-08-03,合同会社
レトログラード株式会社,兵庫県丹波篠山市池上２４５番地１０,2022-08-03,株式会社
ロイヤルマンションＨＡＭＡＤＡ株式会社,三重県四日市市中浜田町１番２号,2022-08-03,株式会社
一元健康株式会社,東京都港区虎ノ門１丁目１１番４号,2022-08-03,株式会社
一恵住宅サービス株式会社,東京都八王子市加住町１丁目２５３番地１,2022-08-03,株式会社
一般社団法人あけぼの総合支援センター,栃木県佐野市富岡町１３３２番地,2022-08-03,その他の設立登記法人
一般社団法人シラソル,東京都千代田区丸の内３丁目１番１号東京共同会計事務所内,2022-08-03,その他の設立登記法人
一般社団法人スリーベイズ,東京都杉並区上井草４丁目１６番１６号,2022-08-03,その他の設立登記法人
一般社団法人ツバメの会,神奈川県横浜市鶴見区鶴見中央１丁目３１番２２－１８１０号,2022-08-03,その他の設立登記法人
一般社団法人ピースセンター小松,石川県小松市本町４丁目５１番地,2022-08-03,その他の設立登記法人
一般社団法人ファーム徳田,三重県鈴鹿市徳田町１００６番地の１徳田ふれあい会館内,2022-08-03,その他の設立登記法人
一般社団法人フリースクールＩＦラボ,東京都三鷹市牟礼７丁目４番２５号－２,2022-08-03,その他の設立登記法人
一般社団法人世界連邦クラブ,山形県酒田市浜松町７７番４０,2022-08-03,その他の設立登記法人
一般社団法人健幸,大分県杵築市大字杵築２５２番地１８,2022-08-03,その他の設立登記法人
一般社団法人全国軽貨物協会,東京都墨田区錦糸１丁目２番１号アルカセントラル１４階,2022-08-03,その他の設立登記法人
一般社団法人宮城県相続支援協会,宮城県仙台市青葉区本町１丁目５番２８号カーニープレイス仙台駅前通６０３号室,2022-08-03,その他の設立登記法人
一般社団法人広島県相続支援協会,広島県広島市西区草津本町２４番３号１階,2022-08-03,その他の設立登記法人
一般社団法人文学フリマ事務局,東京都世田谷区桜新町２丁目１３番１０号,2022-08-03,その他の設立登記法人
一般社団法人日本マダニー,神奈川県厚木市旭町４丁目１１番２７号２Ｆ,2022-08-03,その他の設立登記法人
一般社団法人栃木県相続支援協会,栃木県宇都宮市宿郷１丁目１９番１７号パースレジデンス宿郷２Ｆ,2022-08-03,その他の設立登記法人
一般社団法人沖縄スタートアップ支援協会,沖縄県那覇市首里大名町２丁目１００番地,2022-08-03,その他の設立登記法人
一般社団法人甑島社中,鹿児島県薩摩川内市里町里３４６３番地１,2022-08-03,その他の設立登記法人
一般社団法人産後セラピー協会,神奈川県藤沢市藤沢９７６番地６湘南ビル４階,2022-08-03,その他の設立登記法人
一般社団法人養老町シルバー人材センター,岐阜県養老郡養老町高田７９番地２養老町老人福祉センター内,2022-08-03,その他の設立登記法人
一般社団法人ＡＩ　ｔｕｎｉｎｇ　ｓｅｌｆｍａｓｔｅｒ,兵庫県伊丹市山田４丁目４番２３号,2022-08-03,その他の設立登記法人
一般社団法人Ａｒｔ　Ｃａｎ　Ｓａｖｅ　Ｕｓ,東京都杉並区高井戸東３丁目７番２号,2022-08-03,その他の設立登記法人
一般社団法人ＤＡＮＣＥ＆ＡＲＴ　ＡＳＳＯＣＩＡＴＩＯＮ　ｏｆｆｉｃｅ志儀,兵庫県明石市大久保町高丘１丁目１２番地の７,2022-08-03,その他の設立登記法人
一般社団法人Ｏｋｉｎａｗａ　Ｄｒｏｎｅ．ｌａｂ,沖縄県国頭郡国頭村字安田６２番地,2022-08-03,その他の設立登記法人
一般社団法人Ｐ３みかげ,兵庫県神戸市東灘区御影中町１丁目７番１５号,2022-08-03,その他の設立登記法人
一般社団法人Ｒｏｏｔｓ,大阪府大阪市北区西天満４丁目１１番８号,2022-08-03,その他の設立登記法人
一般社団法人Ｓ＆Ｄｘ１,東京都千代田区神田三崎町２丁目４番１号ＴＵＧ－Ⅰビル９Ｆ,2022-08-03,その他の設立登記法人
中部産業ホールディングス株式会社,愛知県豊田市梅坪町６丁目２番地８,2022-08-03,株式会社
丸誠真建興業株式会社,北海道札幌市手稲区曙三条３丁目９番１５号,2022-08-03,株式会社
佳宏株式会社,京都府京都市北区紫野北舟岡町２７番地８２,2022-08-03,株式会社
侑壮株式会社,大阪府八尾市清水町１丁目２番１９－２０７号,2022-08-03,株式会社
信榮産業株式会社,岐阜県羽島市正木町須賀２０９２番地,2022-08-03,株式会社
元祖ファンシー株式会社,愛知県一宮市瀬部字小出６５番地,2022-08-03,株式会社
全日空商事ダリアリーシング株式会社,東京都港区東新橋１丁目５番２号,2022-08-03,株式会社
出向起業スピンアウトキャピタル合同会社,東京都港区赤坂１丁目１２番３２号アーク森ビル３階,2022-08-03,合同会社
勝家株式会社,千葉県印西市鹿黒南５丁目３番地１,2022-08-03,株式会社
医療法人鶴英会,神奈川県鎌倉市雪ノ下１丁目１６番２５号,2022-08-03,その他の設立登記法人
医療法人ＦＡＧＭ,大阪府枚方市岡東町１４番４８号やまぐちビル４階,2022-08-03,その他の設立登記法人
友田写真館合同会社,兵庫県神戸市東灘区深江本町２丁目１１－１２－１０４,2022-08-03,合同会社
司法書士法人ライタス綜合事務所,神奈川県横浜市神奈川区台町１１番地３０台ビル１２,2022-08-03,その他の設立登記法人
合同会社あんなかどうぶつ病院,千葉県流山市前平井１７７－１プロシードＴＸ流山セントラルパーク店舗０００２,2022-08-03,合同会社
合同会社かがやき,奈良県橿原市石原田町１０２番地の１３,2022-08-03,合同会社
合同会社けりーな企画,兵庫県姫路市仁豊野９４３番地２０３,2022-08-03,合同会社
合同会社さくらエステート,熊本県上益城郡嘉島町大字鯰２７３８,2022-08-03,合同会社
合同会社ふるすぺっく,大阪府東大阪市荒本北２丁目２番３号,2022-08-03,合同会社
合同会社まるさんかくしかく,大阪府大阪市中央区日本橋１丁目５－１５おおきに日本一ビル９０１,2022-08-03,合同会社
合同会社まるちゃ,大阪府吹田市寿町１丁目３番１６号ヤングバリー３０１号,2022-08-03,合同会社
合同会社アズマシー,青森県五所川原市字大町５０１番地１５,2022-08-03,合同会社
合同会社イーグル,東京都江東区南砂２丁目９－５,2022-08-03,合同会社
合同会社オメガ,兵庫県芦屋市六麗荘町１１番５号,2022-08-03,合同会社
合同会社カフービジネスサポート,沖縄県那覇市字安里１７８番地ミオビエント新都心７０５,2022-08-03,合同会社
合同会社シトラスグリーン,兵庫県神戸市長田区久保町６丁目１番１号アスタくにづか４番館２０２,2022-08-03,合同会社
合同会社シングリット,東京都中央区銀座１丁目１２番４号Ｎ＆ＥＢＬＤ．７階,2022-08-03,合同会社
合同会社ジョイントヘルスプロモーション,神奈川県横須賀市追浜本町１丁目９８番,2022-08-03,合同会社
合同会社セラヴィ,宮崎県宮崎市大坪西２丁目１番３１号レイクサイド大坪２０３号,2022-08-03,合同会社
合同会社ゼストワン,大阪府南河内郡河南町大字神山４８６－１３,2022-08-03,合同会社
合同会社タミヤエンジニアリング,埼玉県上尾市仲町１丁目３―６オーチャード５０１,2022-08-03,合同会社
合同会社チームイズム,愛媛県松山市今在家４丁目１５番２５号,2022-08-03,合同会社
合同会社ディーディートレーディング,山梨県南都留郡富士河口湖町船津２７８９番地８,2022-08-03,合同会社
合同会社フォワードプランニング,京都府乙訓郡大山崎町字円明寺小字佃１０番６号,2022-08-03,合同会社
合同会社ミッドキャッスルリーシング,東京都港区六本木６丁目１０番１号六本木ヒルズ森タワー,2022-08-03,合同会社
合同会社ユニバーサルトレーディング,栃木県栃木市岩舟町新里１３０４番地２８号室,2022-08-03,合同会社
合同会社ヴィクトリア,神奈川県川崎市中原区小杉陣屋町２丁目２０番１号,2022-08-03,合同会社
合同会社万庄,熊本県熊本市西区河内町東門寺８２３番地,2022-08-03,合同会社
合同会社中西企画,京都府京都市左京区一乗寺松田町１０２,2022-08-03,合同会社
合同会社五葉,東京都江東区亀戸２丁目６番６号,2022-08-03,合同会社
合同会社伸晄事務サービス,京都府京都市中京区西洞院通三条下る柳水町８４番地三洋六角ビル４階,2022-08-03,合同会社
合同会社健倖,千葉県四街道市鹿渡１１１６番地３エトアールＡ２０５号室,2022-08-03,合同会社
合同会社善恵,広島県広島市東区山根町３９番１２号,2022-08-03,合同会社
合同会社大家アニメート,北海道旭川市末広六条１１丁目５番２号,2022-08-03,合同会社
合同会社太田電工,大分県大分市政所２丁目４－６－１,2022-08-03,合同会社
合同会社小笠原工務店,島根県大田市水上町福原６６５番地１９,2022-08-03,合同会社
合同会社平田プロモーション,東京都立川市錦町１丁目１１番７号メゾンドノアロゼ錦町５０３号,2022-08-03,合同会社
合同会社幹建工業,広島県福山市引野町６２５番地１,2022-08-03,合同会社
合同会社施策ぱっと,東京都港区南青山２丁目２番１５号,2022-08-03,合同会社
合同会社旅とサウナと温泉と,宮城県仙台市青葉区米ケ袋１丁目７番２９号ジュネス米ケ袋３０４,2022-08-03,合同会社
合同会社暮らしの応援舎,福岡県福岡市東区千早５丁目４番４－２０２号,2022-08-03,合同会社
合同会社豊将,福岡県福岡市南区野間３丁目１３番２４号,2022-08-03,合同会社
合同会社金丸コーポレーション,京都府京都市右京区西院笠目町２４－３－６０８,2022-08-03,合同会社
合同会社金藤,東京都足立区神明２丁目１１番８－１０５号,2022-08-03,合同会社
合同会社高千穂いまちゃんカンパニー,宮崎県西臼杵郡高千穂町大字岩戸２５７５番地,2022-08-03,合同会社
合同会社３４５,大阪府大阪市東住吉区針中野３丁目２－２５グローハイツ針中野１０２号,2022-08-03,合同会社
合同会社ＡＭＡＹＡＮ,東京都東久留米市本町１丁目５番１８号,2022-08-03,合同会社
合同会社Ａｖｅｒｅｅｌ,東京都渋谷区円山町５番５号Ｎａｖｉ渋谷Ｖ３階,2022-08-03,合同会社
合同会社ＢＥ＆ＧＯ,福岡県福岡市南区多賀１丁目２－３６－２０１,2022-08-03,合同会社
合同会社ＢｌｕｅＷａｌｌｅｔ,新潟県見附市市野坪町２－５０－１,2022-08-03,合同会社
合同会社Ｂｏｏｍｂｏｏｍ‐ｈｉｖｅ,岡山県倉敷市茶屋町１５６４番地１１,2022-08-03,合同会社
合同会社Ｂｏｓｏａｎ,東京都中野区江原町３丁目３２―８,2022-08-03,合同会社
合同会社ＣＮリサーチ,岐阜県岐阜市高砂町１丁目１７番地,2022-08-03,合同会社
合同会社Ｄ‐ｎｅｘｔ,広島県広島市佐伯区五日市５丁目１０－１７－２０２,2022-08-03,合同会社
合同会社ＤＡ　ＴＲＡＤＩＮＧ,北海道石狩郡当別町弥生１１７番地２８,2022-08-03,合同会社
合同会社Ｄｏｇｍａ,京都府長岡京市下海印寺下内田１番地１Ｔｉａｒｅ西山天王山２０１,2022-08-03,合同会社
合同会社ＦＵＪＩＫＡＩ,神奈川県藤沢市辻堂新町３丁目７番２８号第２さつきハイム２０３,2022-08-03,合同会社
合同会社ＩＭＡＭＵ,東京都新宿区新宿５丁目１１番２８号,2022-08-03,合同会社
合同会社Ｊエンジニアリング,京都府宇治市木幡北島２１番地の５７,2022-08-03,合同会社
合同会社ＪＥＴ　ｓｔｏｒｅ,東京都多摩市落合２丁目３８番地３０１,2022-08-03,合同会社
合同会社ＪＵＮＳＨＩＮ,東京都武蔵野市吉祥寺南町１丁目２９番地６号メゾンフローラ１０５,2022-08-03,合同会社
合同会社Ｋ’ｓ　Ｌａｂ．,三重県松阪市豊原町３１９番地９,2022-08-03,合同会社
合同会社ＫＡＮＡＤＥ,東京都目黒区下目黒４丁目１９番１４,2022-08-03,合同会社
合同会社ＫＥＮＴＡＲＯ,兵庫県宝塚市寿楽荘１１―１２,2022-08-03,合同会社
合同会社ＫＩＡキャピタル,東京都千代田区霞が関３丁目２番５号,2022-08-03,合同会社
合同会社ＬＩＮＢＥＣＫ,埼玉県川口市芝樋ノ爪２丁目５番５ー３０３号,2022-08-03,合同会社
合同会社Ｌａ　ＰＬＵＳ,新潟県上越市五智１丁目１５番２０号ヌーベルシャトゥー１０３号,2022-08-03,合同会社
合同会社ＬｉＰｌａ,岡山県玉野市八浜町見石１６０５番地５,2022-08-03,合同会社
合同会社ＭＩＹＡＢＩ,千葉県木更津市羽鳥野５丁目１番地３,2022-08-03,合同会社
合同会社ＭＯＭＥＮＴ,京都府京都市中京区麩屋町通二条下る尾張町２３１番地,2022-08-03,合同会社
合同会社Ｍａｒｉｎ　Ｓｐｉｃｅ　Ｌａｎｋａ,千葉県柏市大塚町２番１２号大塚町ハウス１０１号,2022-08-03,合同会社
合同会社Ｍｉｒａｉｅ,東京都八王子市戸吹町３９１－５,2022-08-03,合同会社
合同会社ＮＳ工業,大阪府大阪市平野区瓜破東３丁目２番２８号,2022-08-03,合同会社
合同会社Ｎｏｔ　ｂａｄ　Ｉｎｃ．,東京都足立区東和３丁目１３番１－９２６号,2022-08-03,合同会社
合同会社Ｐａｔｈ　Ｂｅｉｎｇ,神奈川県小田原市西酒匂１丁目８－２７－５０９,2022-08-03,合同会社
合同会社ＲＥＵＮＩＯＮ　ＳＴＵＤＩＯ,京都府京都市右京区西京極北大入町４３－３,2022-08-03,合同会社
合同会社ＲＩＭＥ,神奈川県三浦郡葉山町堀内１９６７－７,2022-08-03,合同会社
合同会社Ｓ２ＤＩＯ,東京都港区浜松町２丁目２番１５号浜松町ダイヤビル２Ｆ,2022-08-03,合同会社
合同会社ＳＡＫＡＥ,愛知県知多郡東浦町大字生路字生片山６３番地の３,2022-08-03,合同会社
合同会社ＳＩＧＮパートナーズ,島根県浜田市長浜町４９４番地甲,2022-08-03,合同会社
合同会社ＳＹ２,東京都江東区有明１丁目２－１１,2022-08-03,合同会社
合同会社Ｓａｔｔｖａ,和歌山県紀の川市貴志川町長山２５６番地メゾン・ドゥ・ソレイユⅡ１０１,2022-08-03,合同会社
合同会社Ｓｎｏｗｆｌａｋｅ,沖縄県宜野湾市嘉数４丁目２８番９号,2022-08-03,合同会社
合同会社Ｔ‐ＨＭＥ,石川県金沢市磯部町へ３１‐４,2022-08-03,合同会社
合同会社ＴＳＵＢＡＳＡ,福島県福島市笹谷字出水田４番地１８,2022-08-03,合同会社
合同会社ＹＩＭＡＩ,東京都新宿区西早稲田２丁目７番地６号,2022-08-03,合同会社
合同会社ｈｉｒｏｍｉｓｕｙａ,東京都荒川区西日暮里２丁目３０－２－３０４,2022-08-03,合同会社
合同会社ｍｕｉｍｉ,東京都江東区亀戸２丁目１４番１２号,2022-08-03,合同会社
合同会社ｔｏ　ｔｈｅ　Ｎｅｘｔ,神奈川県伊勢原市下糟屋３００２番地の６,2022-08-03,合同会社
和暢株式会社,東京都八王子市万町２番地１,2022-08-03,株式会社
四国近畿建材株式会社,大阪府東大阪市稲田新町３丁目９番６０号,2022-08-03,株式会社
四季株式会社,京都府京都市上京区寺町通荒神口上る荒神町１１５番地２,2022-08-03,株式会社
壽技工株式会社,岩手県宮古市日影町４番１２号,2022-08-03,株式会社
大楠住宅株式会社,大阪府茨木市駅前４丁目７番１７号,2022-08-03,株式会社
太陽商事株式会社,千葉県浦安市鉄鋼通り１丁目４番５号,2022-08-03,株式会社
孝雅建設株式会社,宮城県仙台市若林区大和町３丁目１１番１－５１０号,2022-08-03,株式会社
小林ヒューマンリソース事業協同組合,宮崎県小林市堤２７４８番地４,2022-08-03,その他の設立登記法人
山一木材有限会社,栃木県佐野市戸奈良町８４８番地,2022-08-03,有限会社
山池株式会社,大阪府大阪市中央区南船場１丁目３番１７号永都ビル大阪長堀,2022-08-03,株式会社
弁理士法人鈴榮特許綜合事務所,東京都港区芝３丁目２３番１号,2022-08-03,その他の設立登記法人
弁護士法人Ｚｅｎｏｓ,愛知県名古屋市中区丸の内２丁目１８番２２号三博ビル２０６号,2022-08-03,その他の設立登記法人
志成知能合同会社,東京都江東区東砂４丁目２４番地３－８０８号,2022-08-03,合同会社
新・野﨑プランニング株式会社,東京都板橋区板橋１丁目４８番１２号ＧＣＴビル７Ｆ,2022-08-03,株式会社
新成合同会社,東京都小平市小川町２丁目１３３７,2022-08-03,合同会社
日本吉屋株式会社,奈良県高市郡高取町大字観覚寺９２３番地１,2022-08-03,株式会社
日本生命第８回劣後ローン流動化株式会社,東京都千代田区丸の内３丁目１番１号東京共同会計事務所内,2022-08-03,株式会社
日本ＪＣＪ株式会社,東京都豊島区南大塚２丁目１１－２－６０３号,2022-08-03,株式会社
早川管財合同会社,千葉県船橋市山手１丁目１番３－９１０号,2022-08-03,合同会社
明亮株式会社,岐阜県養老郡養老町下笠５０７８番４,2022-08-03,株式会社
時代星雲株式会社,東京都中央区銀座１丁目２１番１６－２０３号,2022-08-03,株式会社
有限会社エフ,京都府京都市東山区大黒町通五条上る２丁目大黒町３０２番地,2022-08-03,有限会社
東建設株式会社,奈良県大和高田市幸町３番３－６２０号,2022-08-03,株式会社
東昇実業株式会社,東京都荒川区南千住３丁目２７－２浅草ビル５０８号室,2022-08-03,株式会社
東進システムズ株式会社,東京都江東区佐賀１丁目１１番１１号東海永代ハイツ４０３,2022-08-03,株式会社
東静ガード株式会社,静岡県富士宮市杉田１１３０番地の１,2022-08-03,株式会社
株式会社あかつき,大阪府南河内郡河南町大字一須賀４３８番地の１,2022-08-03,株式会社
株式会社いいくぼ,山梨県南巨摩郡富士川町青柳町３５９番地１,2022-08-03,株式会社
株式会社うめのきや,石川県鳳珠郡能登町字宇出津新１５５番地,2022-08-03,株式会社
株式会社かなう,福岡県北九州市八幡西区下上津役４丁目９番３号,2022-08-03,株式会社
株式会社こはる地所,福島県伊達市保原町字六丁目１９番地３,2022-08-03,株式会社
株式会社さかなプロダクション,東京都千代田区九段南１丁目５－６りそな九段ビル５階ＫＳフロア,2022-08-03,株式会社
株式会社さくら通り運送,岩手県北上市和賀町竪川目８地割１１４番３,2022-08-03,株式会社
株式会社しんしん,東京都武蔵野市中町２丁目１３番２７号,2022-08-03,株式会社
株式会社とわ,栃木県小山市城北５丁目１０－１,2022-08-03,株式会社
株式会社ななつぼし,兵庫県姫路市網干区浜田７０番地１４,2022-08-03,株式会社
株式会社にいや,広島県広島市西区横川町３丁目９番４号,2022-08-03,株式会社
株式会社やすらぎ見附,石川県珠洲市宝立町鵜飼２字７３番地１,2022-08-03,株式会社
株式会社アイズリアルティ,東京都国分寺市西恋ヶ窪４丁目３０番地１４,2022-08-03,株式会社
株式会社アイトラック,大分県大分市大字横尾１９３９番地の４,2022-08-03,株式会社
株式会社アシストはた建設,北海道名寄市東四条南４丁目６番地１,2022-08-03,株式会社
株式会社アトリエわたなべ緑,埼玉県草加市旭町５丁目３番７号,2022-08-03,株式会社
株式会社アド兵,神奈川県平塚市纒１６４番地の９プラザ・シフォレⅡ１０２,2022-08-03,株式会社
株式会社アルクハナ,三重県伊勢市東大淀町５３２番地２,2022-08-03,株式会社
株式会社アンドディ,神奈川県茅ヶ崎市香川６丁目１６番２４号,2022-08-03,株式会社
株式会社アンドＦ,福岡県嘉麻市上臼井３２８番地１,2022-08-03,株式会社
株式会社アールホールディングス,北海道登別市富浦町２２３番地１,2022-08-03,株式会社
株式会社イクシード,東京都板橋区志村１丁目１２番２６号,2022-08-03,株式会社
株式会社イデアウィングス,大阪府大阪市淀川区西中島６丁目３番２４号北白石ビル西館４Ｆ,2022-08-03,株式会社
株式会社インターキューブホールディングス,東京都港区港南２丁目１５番３号,2022-08-03,株式会社
株式会社イーフレンズ,東京都港区芝５丁目２６番２４号田町スクエア１Ｆ,2022-08-03,株式会社
株式会社ウラヌス,岐阜県岐阜市長森細畑３４４番地１,2022-08-03,株式会社
株式会社ウラベ工芸,東京都八王子市宇津貫町１４３５番地,2022-08-03,株式会社
株式会社エクセレントワーク,宮崎県延岡市野地町３丁目３４４９－１－Ａ－２,2022-08-03,株式会社
株式会社エタークリエイション,東京都港区西新橋２丁目４番３号,2022-08-03,株式会社
株式会社エヌトラック,愛知県名古屋市昭和区荒田町５丁目２７番地の２プラウド石川橋２０１号,2022-08-03,株式会社
株式会社エムアールシー,福岡県北九州市八幡西区御開３丁目５番８－２０３号,2022-08-03,株式会社
株式会社エムズフォレスト,東京都中央区日本橋中洲１番５浜町グランドハイツ２０７号,2022-08-03,株式会社
株式会社エムハート,新潟県三条市下保内４０９番地２５,2022-08-03,株式会社
株式会社オオシモ工業,広島県広島市西区庚午北４丁目９番２７‐３０９号,2022-08-03,株式会社
株式会社オフィス３５８,東京都文京区本郷４丁目１７番８号,2022-08-03,株式会社
株式会社キタタニ,大阪府寝屋川市池田１丁目１３番１号,2022-08-03,株式会社
株式会社キュール,山梨県西八代郡市川三郷町大塚４８１０－１,2022-08-03,株式会社
株式会社キレイプレミアム,福島県郡山市芳賀１丁目１番７号,2022-08-03,株式会社
株式会社クオル出版,福井県福井市足羽２丁目１９番１１号,2022-08-03,株式会社
株式会社クラウドナイン,東京都足立区西新井本町１丁目５番２号,2022-08-03,株式会社
株式会社クリアライズ,愛知県一宮市北方町北方字西本郷２０７番地２,2022-08-03,株式会社
株式会社クロスパーク,東京都新宿区西新宿３丁目３番１３号,2022-08-03,株式会社
株式会社グランテック,大阪府四條畷市岡山東２丁目６番７号,2022-08-03,株式会社
株式会社グリーンフラッシュ,茨城県水戸市南町２丁目４－５１レーベン水戸１３０６,2022-08-03,株式会社
株式会社コアオプトテクノロジー,東京都千代田区岩本町２丁目１３番６号,2022-08-03,株式会社
株式会社コボリン,東京都東村山市野口町２丁目１８番地５,2022-08-03,株式会社
株式会社コンジーニアル,東京都中央区銀座７丁目１３番６号サガミビル２階,2022-08-03,株式会社
株式会社サトウ工務店,東京都北区中里２丁目６番３号,2022-08-03,株式会社
株式会社システムラボ,東京都千代田区九段北１丁目９番５号朝日九段マンション６１８,2022-08-03,株式会社
株式会社シマネライン,島根県松江市美保関町森山４５２番地１,2022-08-03,株式会社
株式会社シャキーホールディングス,茨城県水戸市吉沢町７９０番地の１２,2022-08-03,株式会社
株式会社ジャフコグループＳＩＤ‐１,東京都港区虎ノ門１丁目２３番１号ジャフコグループ株式会社内,2022-08-03,株式会社
株式会社スアール,東京都豊島区池袋２丁目２２番２号３Ｆ,2022-08-03,株式会社
株式会社スタディクラウド,東京都新宿区西新宿３丁目３番１３号西新宿水間ビル２Ｆ,2022-08-03,株式会社
株式会社ストークス,宮崎県都城市岩満町１４１番地１,2022-08-03,株式会社
株式会社ゼストカーズ,沖縄県宮古島市伊良部字長浜１４４３番地,2022-08-03,株式会社
株式会社ソブエビル,愛知県名古屋市西区花の木２丁目２１番２２号,2022-08-03,株式会社
株式会社ソワン,千葉県成田市西三里塚１番地１２７,2022-08-03,株式会社
株式会社タイコー,千葉県山武市木原２２１番地１,2022-08-03,株式会社
株式会社ダイアサ,愛知県高浜市呉竹町３丁目５番地３２,2022-08-03,株式会社
株式会社ティーエス,岩手県一関市東山町長坂字柴宿３２番地３９,2022-08-03,株式会社
株式会社テミクス・データ,東京都港区六本木１丁目４番５号,2022-08-03,株式会社
株式会社ディー・ジェイ,東京都江東区塩浜２丁目１１番１８号金海ビル,2022-08-03,株式会社
株式会社トテソリゾ,神奈川県藤沢市鵠沼神明２丁目１２番２５‐１０１号,2022-08-03,株式会社
株式会社トレジャースクエア,大阪府豊中市小曽根４丁目２－１パークハイツアイリス１階Ａ,2022-08-03,株式会社
株式会社トータスレンタカー,東京都江東区新木場３丁目４番６号,2022-08-03,株式会社
株式会社ドリームアシスト長野,愛知県名古屋市千種区千種２丁目２３番６号,2022-08-03,株式会社
株式会社ドローンクリエイティブサービス,栃木県宇都宮市竹下町６２２番地２６,2022-08-03,株式会社
株式会社ナオトモ,栃木県下都賀郡野木町大字丸林３９８番地８マロード３階,2022-08-03,株式会社
株式会社ナカトモ,滋賀県大津市日吉台３丁目１７番１２号,2022-08-03,株式会社
株式会社ノムラ,鹿児島県鹿児島市吉野町８７６０番地１８,2022-08-03,株式会社
株式会社ハウスケア,三重県志摩市志摩町片田２９７６番地,2022-08-03,株式会社
株式会社ハッピー商店,東京都千代田区神田佐久間町３丁目３８番地第５東ビル５階,2022-08-03,株式会社
株式会社ハマー,兵庫県神戸市垂水区学が丘１丁目１９番１６号,2022-08-03,株式会社
株式会社バライロ,神奈川県逗子市桜山３丁目１９－４,2022-08-03,株式会社
株式会社ビジネスプロセスサービス,東京都新宿区西新宿７丁目３番４号,2022-08-03,株式会社
株式会社ビジョンアシスタント,東京都中央区新川１丁目３番２１号,2022-08-03,株式会社
株式会社ビーアイテック,大阪府堺市北区北花田町３丁４４番１７号,2022-08-03,株式会社
株式会社ピース,大阪府河内長野市北青葉台４番２号,2022-08-03,株式会社
株式会社ピースマシナリー,福岡県久留米市白山町５６５番地２－４０３号,2022-08-03,株式会社
株式会社フォレスト,兵庫県芦屋市新浜町７－１２－３０６,2022-08-03,株式会社
株式会社フォレストホールディングス,三重県伊勢市中島２丁目１番２４号,2022-08-03,株式会社
株式会社フォンテーヌリアン,東京都文京区大塚１丁目４番１５号－２５０４,2022-08-03,株式会社
株式会社フクナガ,福岡県北九州市小倉北区下富野５丁目１４番７－１号,2022-08-03,株式会社
株式会社フットワーク,東京都江東区亀戸７丁目２１番３号,2022-08-03,株式会社
株式会社フレグラッド,宮城県仙台市青葉区大町１丁目２番１８－４０３号,2022-08-03,株式会社
株式会社フレスカ,宮崎県児湯郡高鍋町大字北高鍋２４２５番地１,2022-08-03,株式会社
株式会社ブライト,東京都品川区西五反田２丁目２番１０号,2022-08-03,株式会社
株式会社ブリキック,静岡県牧之原市東萩間２３３８番地４６,2022-08-03,株式会社
株式会社ブリス,愛知県名古屋市緑区八つ松１丁目４０１番地の２０,2022-08-03,株式会社
株式会社ブロッサム,大阪府摂津市別府２丁目２４－１４,2022-08-03,株式会社
株式会社プライス,岐阜県羽島郡岐南町上印食３丁目８４番地,2022-08-03,株式会社
株式会社プリマ,岐阜県大垣市菅野３丁目５番地宗宮ビル１０３,2022-08-03,株式会社
株式会社プレスリー,北海道札幌市東区北八条東４丁目１－２０,2022-08-03,株式会社
株式会社プログレスワン,静岡県磐田市森下１００８番地５,2022-08-03,株式会社
株式会社プロスペリタ,山梨県都留市上谷２丁目１番１５号新町別館Ａ棟１階Ｃ,2022-08-03,株式会社
株式会社ベンチプレス,東京都江東区亀戸７丁目２１番３号,2022-08-03,株式会社
株式会社ボクノブルー,東京都町田市金井ヶ丘２丁目２９－１９ビラージュ玉川学園Ａ２０２,2022-08-03,株式会社
株式会社ボタボンズ,北海道札幌市北区新琴似三条７丁目４番３号,2022-08-03,株式会社
株式会社マアス,広島県広島市南区出島２丁目２番１８号,2022-08-03,株式会社
株式会社マツモト,和歌山県和歌山市西浜８５９番地１２,2022-08-03,株式会社
株式会社ママクリエイターラボ,兵庫県神戸市中央区野崎通７丁目３－１４アスモ新神戸ビル１０１,2022-08-03,株式会社
株式会社マルケン,長野県北佐久郡軽井沢町大字長倉２１１５番地１１７２,2022-08-03,株式会社
株式会社マルフ,広島県広島市西区南観音５丁目２番１０号,2022-08-03,株式会社
株式会社ミサダメ,東京都豊島区池袋４丁目２９番６－１１０３号,2022-08-03,株式会社
株式会社ミヤウチ,東京都台東区元浅草４丁目７番１号,2022-08-03,株式会社
株式会社ミライエ,東京都足立区保木間２丁目２番地６号キッズフォトスタジオチョコ２Ｆ,2022-08-03,株式会社
株式会社メイフェア,福岡県大牟田市大字橘１５８番地１,2022-08-03,株式会社
株式会社モモ,東京都渋谷区神山町５番２０号ＺＩＮＥＹＯＹＯＧＩ－ＫＯＥＮ２Ｅ,2022-08-03,株式会社
株式会社ユウキ,京都府京都市伏見区中島外山町１１６番地２７,2022-08-03,株式会社
株式会社ユノテック,宮崎県小林市東方７７２番地,2022-08-03,株式会社
株式会社ライトローズ,東京都新宿区高田馬場２丁目１－１センテニアルタワー７０３,2022-08-03,株式会社
株式会社ラギッドブラザーズ,宮城県仙台市宮城野区原町３丁目８番１０号Ｌｉｂｅｒｔｅ－Ｃ,2022-08-03,株式会社
株式会社リチースト,愛知県名古屋市中区千代田２丁目２５－１３－８０５,2022-08-03,株式会社
株式会社リビスマ,千葉県八千代市米本２１３７番地１,2022-08-03,株式会社
株式会社リンクテクト,徳島県徳島市川内町加賀須野２２３番地の１,2022-08-03,株式会社
株式会社レアレア,大阪府堺市西区上野芝町３丁４番２０号ＴＫビル２０１,2022-08-03,株式会社
株式会社ロジブラン,広島県広島市佐伯区楽々園６丁目１２番６５号,2022-08-03,株式会社
株式会社ワイアールジー,福岡県遠賀郡水巻町吉田西１丁目３番１８号,2022-08-03,株式会社
株式会社ワイフライト,静岡県浜松市西区馬郡町２９６４番地,2022-08-03,株式会社
株式会社ワールドドリーム商事,東京都板橋区東坂下２丁目１１番７号レセット高橋ビルⅡ４０２,2022-08-03,株式会社
株式会社一孝,宮崎県宮崎市大字小松９０４番地１,2022-08-03,株式会社
株式会社三輪,兵庫県神戸市中央区脇浜町２丁目１番１６号,2022-08-03,株式会社
株式会社丸國建設,福島県郡山市田村町守山字上河原４１番地２１,2022-08-03,株式会社
株式会社丸貴渡邊組,北海道旭川市豊岡十三条１丁目４番１号,2022-08-03,株式会社
株式会社五狐稲荷大社,埼玉県戸田市本町３丁目４番１４号,2022-08-03,株式会社
株式会社井上建装,北海道釧路市若松町１７番１１号クレイトンハウスＳ１０２号,2022-08-03,株式会社
株式会社井筒屋,香川県観音寺市茂西町１丁目６番１５号,2022-08-03,株式会社
株式会社俺はやる,栃木県鹿沼市茂呂２６６番地９,2022-08-03,株式会社
株式会社健樹苑,愛知県西尾市中畑町大山５番地７,2022-08-03,株式会社
株式会社八ヶ岳むらはま工房,山梨県北杜市高根町東井出４９８６番地１４２７,2022-08-03,株式会社
株式会社共栄工業,島根県松江市上乃木５丁目１０－３５,2022-08-03,株式会社
株式会社内装のすぎやま,静岡県富士宮市外神東町２４１番地の３,2022-08-03,株式会社
株式会社利建,広島県三原市本郷北４丁目６番８号,2022-08-03,株式会社
株式会社古川ホールディングス,京都府舞鶴市字余部下８２１番地２,2022-08-03,株式会社
株式会社古賀断熱,大阪府堺市南区三木閉３１番地,2022-08-03,株式会社
株式会社吉建,岐阜県各務原市各務おがせ町５丁目２２５番地２,2022-08-03,株式会社
株式会社吉田管理,京都府福知山市前田新町５２番地,2022-08-03,株式会社
株式会社啓和プラント,福岡県遠賀郡岡垣町大字内浦１５１番地１,2022-08-03,株式会社
株式会社大生,東京都八王子市万町８２番地１,2022-08-03,株式会社
株式会社天狗山リゾート開発,群馬県吾妻郡草津町大字草津字白根４６４番地２７,2022-08-03,株式会社
株式会社寺内動物病院,栃木県塩谷郡高根沢町大字石末２０３１番地,2022-08-03,株式会社
株式会社小林板金,新潟県長岡市雲出町３９６番地１,2022-08-03,株式会社
株式会社山倉,新潟県新潟市江南区西山５２０番地４,2022-08-03,株式会社
株式会社山口電気,愛知県名古屋市緑区姥子山４丁目８０６番地の４,2022-08-03,株式会社
株式会社山崎木材,滋賀県東近江市甲津畑町１１６４番地,2022-08-03,株式会社
株式会社山川,東京都江東区亀戸２丁目３６番１２号,2022-08-03,株式会社
株式会社山旅旅,東京都江東区森下３丁目１３－１３－１４０２,2022-08-03,株式会社
株式会社山添組,鹿児島県出水郡長島町鷹巣９１９番地１１,2022-08-03,株式会社
株式会社岐阜補聴器,岐阜県岐阜市加納上本町３丁目１４番地,2022-08-03,株式会社
株式会社岸田電機,兵庫県姫路市下手野４丁目８番７２号,2022-08-03,株式会社
株式会社嶋ホーム,東京都立川市砂川町８丁目６２番地の８,2022-08-03,株式会社
株式会社川勝モータース,京都府京都市左京区岩倉花園町２８３番地１,2022-08-03,株式会社
株式会社幸茸園,京都府宇治市五ケ庄広岡谷１番地の１２,2022-08-03,株式会社
株式会社德長造園土木,神奈川県藤沢市遠藤１５３５番地の１２,2022-08-03,株式会社
株式会社恩田美装,愛知県名古屋市北区芳野３丁目１０番１１号,2022-08-03,株式会社
株式会社成和ホールディングス,宮城県富谷市成田２丁目３番地３成田ビル２０１号,2022-08-03,株式会社
株式会社採用コンサル,東京都新宿区西新宿７丁目３番４号,2022-08-03,株式会社
株式会社新名古屋技術社,愛知県刈谷市司町８丁目１５番地,2022-08-03,株式会社
株式会社日和産業,兵庫県姫路市御国野町国分寺字酉ノ前６５５番地１,2022-08-03,株式会社
株式会社日新,千葉県千葉市稲毛区小仲台７丁目２２番５号エクセレントシティ稲毛小仲台ガーデン４０４号,2022-08-03,株式会社
株式会社木工舎,岡山県岡山市北区十日市東町６－５０,2022-08-03,株式会社
株式会社木理舎,奈良県奈良市佐紀町２１３４番地の１,2022-08-03,株式会社
株式会社朷,神奈川県三浦郡葉山町下山口１２３２番地,2022-08-03,株式会社
株式会社杉浦プレス,静岡県湖西市新居町中之郷３０３５番地の１６,2022-08-03,株式会社
株式会社杏桜翠,東京都世田谷区上祖師谷１丁目１４番１号,2022-08-03,株式会社
株式会社東京衡機不動産,神奈川県相模原市南区上鶴間６丁目３１番９号,2022-08-03,株式会社
株式会社東創,茨城県水戸市吉沼町１７５１番地６,2022-08-03,株式会社
株式会社東北不動産管財,宮城県仙台市若林区遠見塚２丁目４１番１７号フォーサイド１０１,2022-08-03,株式会社
株式会社東進,兵庫県神戸市長田区若松町２丁目１番９号３Ｆ,2022-08-03,株式会社
株式会社林織物,福井県坂井市坂井町下兵庫第２４６号２番地,2022-08-03,株式会社
株式会社桜宴堂,東京都墨田区八広５丁目３０番１２－６０２号,2022-08-03,株式会社
株式会社植喜代,神奈川県茅ヶ崎市南湖２丁目９番１０号,2022-08-03,株式会社
株式会社楠本,大阪府松原市天美南２丁目２４５番地の２,2022-08-03,株式会社
株式会社橋本会計事務所,広島県広島市西区草津梅が台８番８－５号,2022-08-03,株式会社
株式会社橋爪中川,京都府福知山市字中ノ５２番地,2022-08-03,株式会社
株式会社欣基,大阪府堺市西区鳳南町３丁１９９－１Ｒ１２０８,2022-08-03,株式会社
株式会社水穂,京都府船井郡京丹波町上大久保コウヤ垣内３番地２,2022-08-03,株式会社
株式会社永島ホールディングス,福岡県北九州市門司区西海岸２丁目３番２７－２１０号,2022-08-03,株式会社
株式会社池下ＢＩＭ設備,東京都中野区本町１丁目３２番２号ハーモニータワー１５階,2022-08-03,株式会社
株式会社泉,静岡県静岡市葵区有永町２２番６０号,2022-08-03,株式会社
株式会社浅利商店,富山県富山市千石町６丁目３番３号,2022-08-03,株式会社
株式会社清國,東京都中央区銀座４丁目１３番１６号,2022-08-03,株式会社
株式会社渡辺商店,静岡県富士市永田町１丁目１４７番地,2022-08-03,株式会社
株式会社渡邉総建,山梨県甲府市大里町１４８番地１４,2022-08-03,株式会社
株式会社湘南ウッドロード,神奈川県中郡二宮町二宮２２１４番地の１６,2022-08-03,株式会社
株式会社田中ドア,和歌山県田辺市上秋津２６０５番地の１,2022-08-03,株式会社
株式会社田中屋,兵庫県神崎郡福崎町南田原２９９３－１伸和ビル１０５,2022-08-03,株式会社
株式会社田中情報サービス,福岡県福岡市早良区弥生１丁目２番３３－１０１号,2022-08-03,株式会社
株式会社益田美装,熊本県熊本市南区川口町１０２３番地１,2022-08-03,株式会社
株式会社看医ラボ,大阪府大阪市西成区長橋１丁目１３番２２号金輝ビル２０３,2022-08-03,株式会社
株式会社真和環境,宮崎県西都市大字三宅２４４５番地１２,2022-08-03,株式会社
株式会社真結建設,広島県広島市佐伯区杉並台４７番地１１,2022-08-03,株式会社
株式会社石塚長治郎商店,山形県鶴岡市水沢戊８８番地,2022-08-03,株式会社
株式会社石川商会,愛知県豊橋市南小池町１６５番地,2022-08-03,株式会社
株式会社秋葉建築設計事務所,東京都青梅市今井１丁目２４７番地,2022-08-03,株式会社
株式会社竹晴,東京都武蔵野市境南町２丁目６番５号,2022-08-03,株式会社
株式会社総和,神奈川県川崎市高津区子母口１０００番地１３,2022-08-03,株式会社
株式会社緒方機工,長崎県佐世保市鹿町町下歌ヶ浦９５７番地３,2022-08-03,株式会社
株式会社興健,神奈川県厚木市温水西１丁目４番２５号ハイツ小麦１０２,2022-08-03,株式会社
株式会社菓樹,福岡県築上郡上毛町大字吉岡６０９番地１３,2022-08-03,株式会社
株式会社葵,東京都杉並区方南１丁目２３番地６号,2022-08-03,株式会社
株式会社設立準備法人第１号,東京都千代田区九段南１丁目６番１７号,2022-08-03,株式会社
株式会社谷本ホールディングス,愛媛県松山市桑原１丁目２番４１号,2022-08-03,株式会社
株式会社谷澤園芸,栃木県日光市森友１５９０番地１４,2022-08-03,株式会社
株式会社豊福構造設計,福岡県福岡市城南区樋井川５丁目５番５号,2022-08-03,株式会社
株式会社貴公史,熊本県宇土市城塚町６５５番地,2022-08-03,株式会社
株式会社辻工業,大阪府富田林市錦織北２丁目３番３号,2022-08-03,株式会社
株式会社近藤家畜医院,岩手県盛岡市城西町１０番３５－４０８号,2022-08-03,株式会社
株式会社達隆,東京都豊島区高田３丁目３番２２－１０５号,2022-08-03,株式会社
株式会社遠藤工業,岐阜県岐阜市岩崎２７１番地４,2022-08-03,株式会社
株式会社鈴喜板金,静岡県牧之原市静波１３２７番地の１,2022-08-03,株式会社
株式会社銀座ＡＣＥ,東京都中央区銀座５丁目１４番１６号銀座アビタシオンビル４０５,2022-08-03,株式会社
株式会社長楽グロース,島根県松江市玉湯町玉造３２３番地,2022-08-03,株式会社
株式会社関西化工,和歌山県和歌山市島２６番地１３５,2022-08-03,株式会社
株式会社阿部外装,新潟県新発田市三日市５２０番地３,2022-08-03,株式会社
株式会社集中モード,東京都渋谷区神宮前１丁目１０番３４－４１０号,2022-08-03,株式会社
株式会社飛翔,東京都板橋区中丸町１６番１２号リーフハイツときわ１階,2022-08-03,株式会社
株式会社高島建設,徳島県徳島市国府町東高輪３２７番地５,2022-08-03,株式会社
株式会社魚＿水産,静岡県御前崎市池新田３４４８番地の１ヴィアレットＡ棟,2022-08-03,株式会社
株式会社３３３,岩手県滝沢市鵜飼大緩３９番地１０,2022-08-03,株式会社
株式会社５６Ｇａｍｉｎｇ,東京都渋谷区桜丘町２６番１号セルリアンタワー１５階,2022-08-03,株式会社
株式会社７０Ｃｏ．,愛知県名古屋市中区錦３丁目１８番６号シャイン山清ビル４Ａ,2022-08-03,株式会社
株式会社７１０,愛媛県西条市石田７２３番地,2022-08-03,株式会社
株式会社ＡＣＥ,埼玉県戸田市美女木２丁目１１番地の１エクセルアキモト４０２,2022-08-03,株式会社
株式会社ＡＣＭＥＥ,東京都新宿区西新宿７丁目７番２８号,2022-08-03,株式会社
株式会社ＡＥＰ,東京都渋谷区渋谷２丁目１９番１５号宮益坂ビルディング６０９,2022-08-03,株式会社
株式会社ＡＩＭＥＥ,愛媛県松山市歩行町１丁目５番地９,2022-08-03,株式会社
株式会社ＡＮＳＷＥＲ　ＭＡＣＨＩＮＥ,神奈川県川崎市川崎区下並木１２番地１－１０１,2022-08-03,株式会社
株式会社ＡＯＫ,愛知県豊橋市向山町字川北９番地４グランドゥール向山１０１号,2022-08-03,株式会社
株式会社ＡＲＫＬＥＴ,愛知県名古屋市千種区池園町２丁目１３ヒルハウス２　１０１,2022-08-03,株式会社
株式会社ＡＲＴＳ,愛知県名古屋市中区錦３丁目４番１２号,2022-08-03,株式会社
株式会社ＡＴＴＥＮＤ,東京都港区赤坂９丁目６－２７カーム乃木坂２Ｆ,2022-08-03,株式会社
株式会社ＡＵＢＥ,鹿児島県鹿児島市武２丁目１４番２７－１４０１号,2022-08-03,株式会社
株式会社Ａｃｅ,東京都西東京市東伏見５丁目６番５号,2022-08-03,株式会社
株式会社Ｂ＆Ｂ　Ｂｅｉｊａ‐ｆｌｏｒ,栃木県佐野市大橋町２０７８番地アラキビル１０１,2022-08-03,株式会社
株式会社ＢＯＫＵ,大阪府大阪市北区堂島１丁目３番２８号堂島センターＢ－１,2022-08-03,株式会社
株式会社ＢＯＮホールディングス,大阪府豊中市小曽根３丁目５番７号,2022-08-03,株式会社
株式会社ＢＰＭ,東京都江東区亀戸１丁目３２番８号イワハナビル７Ｆ,2022-08-03,株式会社
株式会社ＢＴＲ,岡山県津山市小原２００番地２９,2022-08-03,株式会社
株式会社Ｂｅ　Ｆｒｏｎｔ,東京都新宿区住吉町１番１９号,2022-08-03,株式会社
株式会社ＢｅｎａＶｉ,東京都千代田区東神田１丁目１３－１４－３０１,2022-08-03,株式会社
株式会社ＢｉＰＳ,千葉県千葉市花見川区み春野３丁目５番１６号,2022-08-03,株式会社
株式会社Ｃ‐ＣＲＥＳＴ,福岡県大野城市仲畑４丁目１６番４８号,2022-08-03,株式会社
株式会社Ｃ．Ｆ．Ｅ,長野県松本市深志２丁目２番６号加納ビル,2022-08-03,株式会社
株式会社ＣＡＬＭＩＮ,大阪府大阪市中央区内本町１丁目２－１５谷四スクエアビル５階０４,2022-08-03,株式会社
株式会社ＣＨＰ,京都府京都市伏見区深草西浦町６丁目６２キャッスル深草３０２,2022-08-03,株式会社
株式会社ＣＳＭキャピタル,東京都千代田区内神田１丁目２番２号,2022-08-03,株式会社
株式会社Ｃｏｍｍｅｒｃｅ　Ｃｒｅｗ,東京都品川区上大崎３丁目２番９号,2022-08-03,株式会社
株式会社Ｃｏｒａｌ　Ｒｅｅｆ,神奈川県厚木市中町３丁目６番１４号,2022-08-03,株式会社
株式会社ＤＥＲＭＡ,北海道札幌市中央区南二条東１丁目１番地１２,2022-08-03,株式会社
株式会社ＤＥＳＩＧＮ　ＬＩＮＫＳ,愛知県名古屋市中区丸の内３丁目４番１２号,2022-08-03,株式会社
株式会社Ｄｏｗｎ　Ｓｔｙｌｅ,岐阜県飛騨市神岡町東雲１１６３－５１,2022-08-03,株式会社
株式会社ＥＹＥ‐ＬＥＴ,東京都渋谷区神宮前６丁目２３番４号桑野ビル２階,2022-08-03,株式会社
株式会社ＥｎＤｅｅｐ,広島県広島市佐伯区旭園１１番４８号,2022-08-03,株式会社
株式会社ＦＡＳＴ　ＧＬＯＢＡＬ　ＦＲＥＩＧＨＴ　ＪＰ,愛知県名古屋市中村区大宮町３丁目２８－３,2022-08-03,株式会社
株式会社ＦＬＥＸ,東京都中央区日本橋２丁目１番３号アーバンネット日本橋二丁目ビル１０階,2022-08-03,株式会社
株式会社ＦＲＳＫ,大阪府堺市西区鳳中町１０丁６番１号パレス竹ヶ城１Ｃ号,2022-08-03,株式会社
株式会社Ｆｌｏ,東京都中央区銀座１丁目２２番１１号銀座大竹ビジデンス２Ｆ,2022-08-03,株式会社
株式会社Ｆｌｏｗ,東京都品川区上大崎３丁目２番９号,2022-08-03,株式会社
株式会社Ｆｏｒ　ｌｉｆｅ,東京都新宿区西新宿７丁目７番３３号新銘ビル２Ｆ,2022-08-03,株式会社
株式会社ＧＡＲＤＥＮ,東京都世田谷区成城３丁目２４番３３号,2022-08-03,株式会社
株式会社ＧＦカンパニー,兵庫県神戸市東灘区西岡本７丁目１３番１３号,2022-08-03,株式会社
株式会社ＧＬＯＶＩＣＴ,東京都港区南青山１丁目１０番３号南青山Ｄビル６階,2022-08-03,株式会社
株式会社ＧＯＣＨＯ,神奈川県藤沢市大庭５０１２番地の３,2022-08-03,株式会社
株式会社ＧＰＣ,東京都目黒区上目黒１丁目１７番５号,2022-08-03,株式会社
株式会社ＧＲＥＥＮ　ＦＲＥＡＫＳ,群馬県前橋市大渡町１丁目１２番地６,2022-08-03,株式会社
株式会社Ｇｉｖｅ　Ｃｏｍｐａｎｙ,東京都世田谷区千歳台１丁目３０番３６号,2022-08-03,株式会社
株式会社ＧｏｌｄＷｅｌｌ,東京都港区港南１丁目９番３６号,2022-08-03,株式会社
株式会社Ｇｒａｎｄｅ　Ｐｌａｇｅ,東京都墨田区両国２丁目２０番１２－２３３号,2022-08-03,株式会社
株式会社ＨＡＰＰＹ　ＤＲＥＡＭ,東京都港区西麻布２丁目２５－２５リクレイシア西麻布２番館１２０３,2022-08-03,株式会社
株式会社ＨＡＹＡＶＵＳＡ,神奈川県川崎市宮前区初山２丁目１１番３－２号,2022-08-03,株式会社
株式会社ＨＯＸＩＮ,兵庫県神戸市北区西大池２丁目１２番１－５０２号,2022-08-03,株式会社
株式会社ＨＲＯホールディングス,愛知県春日井市東野町４丁目１０番地１,2022-08-03,株式会社
株式会社ＨＴＣ,神奈川県高座郡寒川町一之宮２丁目２３番１１号茅ヶ崎タワー２００Ａ,2022-08-03,株式会社
株式会社Ｈａｎａｔａｎｉ,徳島県徳島市栄町１丁目１２,2022-08-03,株式会社
株式会社ＩＤＥＡＬ　ＦＯＵＲ,静岡県静岡市駿河区下川原５丁目２０番８号,2022-08-03,株式会社
株式会社ＩＮＡＢＡ,静岡県静岡市葵区下１１８６番地の３,2022-08-03,株式会社
株式会社ＩＲＩＳＥＲ,東京都港区浜松町１丁目１８番１３号高桑ビル３階,2022-08-03,株式会社
株式会社Ｉｓｔｙｌｅ,長野県佐久市根岸１７９９番地１,2022-08-03,株式会社
株式会社ＩｖｙＧａｉｎ,千葉県千葉市中央区新千葉１丁目７－２,2022-08-03,株式会社
株式会社ＪＥＷＥＬＲＹ　ＬＡＮＤ,北海道札幌市豊平区平岸五条１４丁目２番２５号ＭＧビル２Ｆ,2022-08-03,株式会社
株式会社Ｋ‐ＢＲＥＥＤ,愛知県尾張旭市新居町下切戸１２４６番地９,2022-08-03,株式会社
株式会社Ｋ‐ＳＹ,神奈川県相模原市南区下溝３０４番地９,2022-08-03,株式会社
株式会社Ｋ＆Ｇ,岐阜県各務原市川島緑町２丁目１５９番地１,2022-08-03,株式会社
株式会社ＫＣＳ,愛媛県伊予市１１３１番地１,2022-08-03,株式会社
株式会社ＫＯ‐ＩＤＥＡ,千葉県千葉市中央区星久喜町９３９番地,2022-08-03,株式会社
株式会社ＫＯＫＩＴＡ,大阪府池田市呉服町６番１３号,2022-08-03,株式会社
株式会社ＫＯＮＫＯＮ,青森県三沢市松園町２丁目１５番２８号,2022-08-03,株式会社
株式会社ＫＳＯＬ,東京都新宿区高田馬場１丁目３１番８号,2022-08-03,株式会社
株式会社ＫＷＮ,大阪府大阪市中央区南久宝寺町２丁目３番６号Ｙｏｎｅｚａｗａ船場ビル７０１号,2022-08-03,株式会社
株式会社Ｌ．Ｔ．Ｃ,東京都板橋区板橋１丁目４８番１２号ＧＣＴビル７Ｆ,2022-08-03,株式会社
株式会社ＬｅＡｄ　Ｏｆｆ,愛知県名古屋市北区三軒町１３７番地の４,2022-08-03,株式会社
株式会社Ｌｅａｄｏｎ,東京都港区南青山２丁目２番１５号,2022-08-03,株式会社
株式会社Ｌｅａｐｎｅｓ,宮城県栗原市高清水桜丁１４番４,2022-08-03,株式会社
株式会社Ｌｉｂｅｒａｌ,東京都小平市たかの台４６番１２号ＯＰＴたかの台２０２号室,2022-08-03,株式会社
株式会社Ｌｉｖｅ　ｔｈｅ　ｌｉｆｅ,東京都中央区銀座１丁目１２番４号Ｎ＆ＥＢＬＤ・６Ｆ,2022-08-03,株式会社
株式会社Ｍ‐クローバ,広島県東広島市八本松飯田８丁目８番３０－１２号,2022-08-03,株式会社
株式会社Ｍ‐ＴＹ　Ａｓｓｉｓｔ,神奈川県厚木市三田南３丁目９番３６－５号,2022-08-03,株式会社
株式会社Ｍ‐ｈｏｐｅ,静岡県静岡市駿河区馬渕４丁目１０番２４号,2022-08-03,株式会社
株式会社Ｍ’ｓ　Ｔｒａｎｓｐｏｒｔ,東京都昭島市東町５丁目６番７号,2022-08-03,株式会社
株式会社Ｍ　Ｇａｒｄｅｎ,東京都港区芝５丁目１２－１５ＫＮビル２階,2022-08-03,株式会社
株式会社ＭＡＬＵＩＣＨＩ,東京都目黒区駒場１丁目３９番１８号１階,2022-08-03,株式会社
株式会社ＭＡＲＯ,広島県広島市西区楠木町２丁目１０番１４－１１０１号,2022-08-03,株式会社
株式会社ＭＡＲＷＡ　ＴＲＡＤＩＮＧ,埼玉県春日部市西金野井１９０４番２,2022-08-03,株式会社
株式会社ＭＤＣ,東京都港区西新橋２丁目８番１８号共立ビル３Ｆ,2022-08-03,株式会社
株式会社ＭＩコンサルティング,愛知県名古屋市東区葵３丁目２３番３号第１４オーシャンビル,2022-08-03,株式会社
株式会社ＭＩＫＡＴＡ,千葉県松戸市高塚新田１２８－２－１－８－２０１,2022-08-03,株式会社
株式会社ＭＩＲＡＩＺＥ,京都府京都市山科区大宅中小路町３５－３,2022-08-03,株式会社
株式会社ＭＲＫ,大阪府高石市加茂１丁目１３番２８号,2022-08-03,株式会社
株式会社ＭＴＩ,愛知県名古屋市中区錦１丁目４番１９号プラウドタワー名古屋丸の内１５０１号,2022-08-03,株式会社
株式会社Ｍｉｔｓｕｋｉ,東京都荒川区荒川１丁目１４番１３号,2022-08-03,株式会社
株式会社Ｍｏｔｈｅｒ＆Ｃｌｅａｒｗａｔｅｒ,山口県宇部市大字小串６７番地７,2022-08-03,株式会社
株式会社ＮＡＧＯＭＩ,大阪府八尾市安中町６丁目８番１０号,2022-08-03,株式会社
株式会社ＮＡＯプランニング,大阪府泉南市馬場２丁目５番７号,2022-08-03,株式会社
株式会社ＮＩＣＥ　ＯＮＥ,大阪府柏原市大字高井田１５７２番地の５,2022-08-03,株式会社
株式会社ＮＭＰ,石川県金沢市諸江町３０‐１アルプラザ金沢店２階,2022-08-03,株式会社
株式会社ＮＮＫ,愛知県名古屋市南区南野３丁目１８５番地,2022-08-03,株式会社
株式会社ＮｅｕＢｕｒｇ,東京都豊島区東池袋２丁目１番３号ＭＫビル２０２号室,2022-08-03,株式会社
株式会社Ｎｅｘｔ,東京都八王子市めじろ台１丁目９番地１,2022-08-03,株式会社
株式会社Ｎｅｘｔ　Ｖｉｓｉｏｎ,広島県福山市新涯町４丁目７番１号,2022-08-03,株式会社
株式会社Ｎｅｘｔｒｅｋ,東京都港区新橋４丁目１番１号,2022-08-03,株式会社
株式会社Ｏｆｆｉｃｅ　Ｖｉｏｌｅｔｔａ,神奈川県横浜市泉区領家３丁目１４番地６,2022-08-03,株式会社
株式会社ＰＵＧＮＵＳ,東京都渋谷区本町４丁目１６番１０号ＡＶＥＮＩＲ渋谷本町２０６,2022-08-03,株式会社
株式会社Ｐａｒａｃｒａｆ,山口県下関市山の田本町１８番２８号,2022-08-03,株式会社
株式会社Ｐｒｏｄｕｃｅ　Ｓｔｙｌｅ,神奈川県足柄上郡開成町中之名７６番地１１,2022-08-03,株式会社
株式会社ＱＶＥＣ,大阪府大阪市鶴見区鶴見３丁目１２番地２５ドリームネオポリス鶴見Ⅲ１０１,2022-08-03,株式会社
株式会社Ｒ．Ｍ,愛知県額田郡幸田町大字菱池字菅田４３番地（３０１）,2022-08-03,株式会社
株式会社ＲＡＫＵＮＹ,岡山県倉敷市中島９２５番地１０,2022-08-03,株式会社
株式会社ＲＥＢＯＯＲＮ,千葉県柏市花野井１５３２番地１,2022-08-03,株式会社
株式会社ＲＬＦ,東京都港区南青山２丁目２－１５ＷｉｎＡｏｙａｍａビルＵＣＦ６３５,2022-08-03,株式会社
株式会社ＲＯＩ,愛媛県松山市歩行町１丁目１３番地５,2022-08-03,株式会社
株式会社ＲＳＰ,京都府京都市南区久世上久世町４５６番地２２,2022-08-03,株式会社
株式会社ＲＷ,青森県青森市浜田１丁目１０番地１４,2022-08-03,株式会社
株式会社ＲｅＯ,神奈川県茅ヶ崎市浜之郷１１７６番地３５,2022-08-03,株式会社
株式会社Ｒｅｏ,宮城県仙台市太白区郡山字谷地田東２８－１コルベイユＡ１０１,2022-08-03,株式会社
株式会社ＳＡＮＴＯ,千葉県市川市欠真間２丁目１－２１－１Ｆ,2022-08-03,株式会社
株式会社ＳＣＲＡＴＣＨＨ,愛知県岡崎市羽根北町４丁目３番地５,2022-08-03,株式会社
株式会社ＳＫサービス,神奈川県相模原市緑区中野１３８０番地３,2022-08-03,株式会社
株式会社ＳＲ‐ＢＡＳＥ,東京都港区東麻布１丁目８番１４－５０１号,2022-08-03,株式会社
株式会社ＳＴ,大阪府大阪市淀川区三津屋中３丁目８－２０,2022-08-03,株式会社
株式会社ＳＴＹＬＥ　ＯＮＥ,東京都葛飾区西水元４丁目１５番２０号,2022-08-03,株式会社
株式会社Ｓａｙカウンセリングオフィス,京都府京都市右京区西院高田町４－１－１０３,2022-08-03,株式会社
株式会社ＳｉｌｖｅｒＬｅａｆ,長崎県長崎市出島町２－１１出島交流会館８Ｆ,2022-08-03,株式会社
株式会社ＳｍａｒＴｒｅｅ,愛知県名古屋市名東区扇町２丁目１番地の２ヴィアーレ星ヶ丘の森２１４号,2022-08-03,株式会社
株式会社Ｓｍｉｌｅ　Ｆｒｕｉｔ,和歌山県西牟婁郡上富田町市ノ瀬１７１２番地の１,2022-08-03,株式会社
株式会社Ｓｐａｒｋ　Ｐｒｏｊｅｃｔ,東京都渋谷区宇田川町３６－１７ニューシブヤマンション１０１,2022-08-03,株式会社
株式会社ＳｐｏｒｔｓＴｅｃｈ　Ｊａｐａｎ,東京都港区麻布十番２丁目７－５カスタリア麻布十番七面坂４０８号室,2022-08-03,株式会社
株式会社Ｓｔ,新潟県新潟市中央区東大通１丁目６番２８号５渡辺ビル１階,2022-08-03,株式会社
株式会社Ｔ．Ｍカンパニー,群馬県前橋市千代田町５丁目１３番１号ＺＯＯＭ２１ビル２－Ａ,2022-08-03,株式会社
株式会社ＴＡＣＳ,大阪府東大阪市若江南町４丁目２番２５号,2022-08-03,株式会社
株式会社ＴＭＫ,東京都中野区中野５丁目３８番３－１０７号,2022-08-03,株式会社
株式会社ＴＯＫＵＭＩ,宮崎県都城市山之口町富吉６２６４番地１,2022-08-03,株式会社
株式会社ＴｅｃＮｅｃｔ,東京都中野区弥生町２丁目１９番１３号エクセレビル４階,2022-08-03,株式会社
株式会社Ｕ‐ＷＯＲＫ,京都府京都市南区唐橋門脇町２９番地１ルネ西大路１０１０,2022-08-03,株式会社
株式会社Ｕスタイル,東京都豊島区南池袋２丁目８番９号２階,2022-08-03,株式会社
株式会社ＵＮＩＴＥ,東京都板橋区板橋１丁目４８番１２号ＧＣＴビル７Ｆ,2022-08-03,株式会社
株式会社Ｕｎｉｃｏｒｎ,東京都小金井市本町１丁目１７－９－２０５,2022-08-03,株式会社
株式会社ＷＡＳＯコンサルティング,愛知県名古屋市西区名駅２丁目３４番１７号セントラル名古屋１１０１号,2022-08-03,株式会社
株式会社ＷＥＣＡＳ,広島県広島市安佐南区伴東４丁目１０番４３号１階,2022-08-03,株式会社
株式会社Ｗａｎｂｌｅｍ,埼玉県熊谷市円光１丁目１番３３号,2022-08-03,株式会社
株式会社ＷｏｏｄＲｏｓｅ,新潟県十日町市南新田町３丁目８－２,2022-08-03,株式会社
株式会社Ｗｒｅｉｎ　Ｆｏｒｃｅ,大阪府豊中市長興寺北２丁目４番３１－３０１号,2022-08-03,株式会社
株式会社Ｙ’ｓ　ＯＮＥ,千葉県野田市光葉町３丁目２６番地の７リリーベルＡ,2022-08-03,株式会社
株式会社ＹＡＳ設備設計,長崎県佐世保市赤崎町１４６３番地１１,2022-08-03,株式会社
株式会社ＹＫ,東京都八王子市本町２７番９号,2022-08-03,株式会社
株式会社ＹＭＧ,神奈川県横浜市青葉区市ケ尾町５４２番地３４,2022-08-03,株式会社
株式会社ＹＳ企画,京都府京都市西京区嵐山朝月町６６番地,2022-08-03,株式会社
株式会社Ｚ２ＡＬＰＨＡ,東京都港区南青山２丁目２－１５ＷｉｎＡｏｙａｍａビルＵＣＦ６３５,2022-08-03,株式会社
株式会社ＺＥＮ　ＤＡＸ,静岡県磐田市富里２２４番地の１８,2022-08-03,株式会社
株式会社ＺｅＬｏ　Ａｖａｎｄｅ,長野県松本市深志２丁目２番６号加納ビル,2022-08-03,株式会社
株式会社Ｚｅｎ内装,福岡県福岡市博多区那珂５丁目３番７－２０４号,2022-08-03,株式会社
株式会社ＺｅｒｏＯｎｅ,東京都港区新橋３丁目４番１０号,2022-08-03,株式会社
株式会社ａｄｄ．,岐阜県恵那市長島町正家１０６１番地３１,2022-08-03,株式会社
株式会社ａｎｄ　ｍｏｒｅ,大阪府大阪市住吉区東粉浜２丁目１０番９号３Ｆ－Ｂ,2022-08-03,株式会社
株式会社ｂａｇｕｎｉ,東京都江東区東砂２丁目１２番３７－８０７号,2022-08-03,株式会社
株式会社ｂｅｓｔＵＮＩＴ,福岡県春日市春日原北町３丁目２３－４０１号,2022-08-03,株式会社
株式会社ｂｍｔｏｔａｌ,岐阜県岐阜市菅生２丁目４番１７号,2022-08-03,株式会社
株式会社ｂｏａｒ,熊本県熊本市中央区上水前寺２丁目１番１１号,2022-08-03,株式会社
株式会社ｂｏｆｏ,神奈川県横浜市神奈川区栄町１番地１９グレイス横浜ポートシティ２０４号,2022-08-03,株式会社
株式会社ｃｈｉｒｏｌｉ,京都府長岡京市今里３丁目１－２５,2022-08-03,株式会社
株式会社ｃｒｅａｔｕｒｅ,東京都千代田区有楽町２丁目１０番１号,2022-08-03,株式会社
株式会社ｅｌｌｅｎ,東京都中野区本町３丁目１２番１５号,2022-08-03,株式会社
株式会社ｆｒｅｅｄｏｍ,兵庫県神戸市中央区磯上通８丁目１番２９号,2022-08-03,株式会社
株式会社ｈａｌｌｏｗ,東京都港区芝５丁目１２－１５ＫＮビル２階,2022-08-03,株式会社
株式会社ｋａｙｕｍｉ,東京都渋谷区恵比寿南１丁目１１番１６号,2022-08-03,株式会社
株式会社ｍｅｂａｅ,兵庫県宝塚市野上１丁目１番３号シャローム逆瀬川２階,2022-08-03,株式会社
株式会社ｍｏｄｅｓｔｙ,群馬県高崎市菅谷町８２７番地２,2022-08-03,株式会社
株式会社ｐｅａｃｅ　ｏｆ　ｍｉｎｄ,京都府京都市東山区林下町４２２番地２サンピアザ南棟２階,2022-08-03,株式会社
株式会社ｔｉｄａ　ｓｍｉｌｅ,東京都東久留米市本町１丁目５番１８号,2022-08-03,株式会社
株式会社ｗｉｌｌａｔｅ,愛媛県宇和島市川内甲１９２１番地７,2022-08-03,株式会社
株式会社ｙ＆ｙ,神奈川県川崎市宮前区犬蔵３丁目１３番２２号,2022-08-03,株式会社
梅原建業株式会社,東京都江戸川区谷河内２丁目１１番２０号,2022-08-03,株式会社
水辺合同会社,東京都葛飾区東新小岩５丁目１２－１１－３階,2022-08-03,合同会社
波止場ＣＰＴ合同会社,兵庫県西宮市名塩南台２丁目４番地１６,2022-08-03,合同会社
源田秋業株式会社,大阪府大阪市東成区深江北３丁目４番２１号エクラ深江橋１１０Ｂ,2022-08-03,株式会社
特定非営利活動法人けいはんなアバターチャレンジ,京都府相楽郡精華町光台２丁目２番地２,2022-08-03,その他の設立登記法人
特定非営利活動法人スマートアクセシビリティ,千葉県千葉市美浜区中瀬１丁目３番地幕張テクノガーデンＣＢ棟ＭＢＰ,2022-08-03,その他の設立登記法人
特定非営利活動法人ラオス教育支援活動プロジェクト,東京都品川区上大崎４丁目５番３１号,2022-08-03,その他の設立登記法人
特定非営利活動法人レザミ・デ・ザール,静岡県沼津市大岡１０５６番地の１０,2022-08-03,その他の設立登記法人
特定非営利活動法人ワークトライフスクウェア,宮城県白石市福岡長袋字陣場屋敷４８番地,2022-08-03,その他の設立登記法人
特定非営利活動法人十人十色,埼玉県児玉郡神川町大字渡瀬７４０番地１,2022-08-03,その他の設立登記法人
特定非営利活動法人日本鷹馬文化顕彰会,佐賀県武雄市橘町大字大日２１７８番地,2022-08-03,その他の設立登記法人
特定非営利活動法人横浜エクセレンススポーツクラブ,神奈川県横浜市中区真砂町２丁目２５番地関内中央ビル４階Ｋ４０２,2022-08-03,その他の設立登記法人
特定非営利活動法人海老名自立支援センターともに,神奈川県海老名市杉久保南１丁目７番１６号,2022-08-03,その他の設立登記法人
特定非営利活動法人薬薬連携ＳＤＧｓ　ＫＡＮＡＺＡＷＡ,石川県金沢市泉が丘１丁目３‐５サーパス泉が丘３０３号室,2022-08-03,その他の設立登記法人
瑞翔株式会社,大阪府大阪市東成区深江北３丁目４番２１号エクラ深江橋７０３Ｂ,2022-08-03,株式会社
界外株式会社,大阪府大阪市東成区深江北３丁目４番２１号エクラ深江橋２１２Ａ,2022-08-03,株式会社
社会保険労務士法人伊佐治社会保険労務士事務所,岐阜県岐阜市長良福光２４０８番地１,2022-08-03,その他の設立登記法人
社会福祉法人のんのん英育会,静岡県島田市御仮屋町８８４９番地の１,2022-08-03,その他の設立登記法人
税理士法人トラスト会計,北海道網走市南六条西３丁目８番地２,2022-08-03,その他の設立登記法人
税理士法人宇野会計事務所,東京都文京区小石川２丁目１番１３号２０３,2022-08-03,その他の設立登記法人
穴吹合同会社,香川県高松市鍛冶屋町７番地１２,2022-08-03,合同会社
竹内商店株式会社,広島県広島市安佐南区東原３丁目１８番１３－７－２０１号,2022-08-03,株式会社
給湯ジョーズ株式会社,大阪府四條畷市南野４丁目４番２５号,2022-08-03,株式会社
美弘産業合同会社,東京都中野区中野２丁目３０番７号５Ｆ,2022-08-03,合同会社
聖峰株式会社,東京都中央区入船１丁目９番８号ピエノアーク入船ビル３０３,2022-08-03,株式会社
艾洋合同会社,埼玉県川越市大字藤間７９番地７三冨士グロリアスマンション新河岸１号館３１３号室,2022-08-03,合同会社
菊地電設株式会社,北海道札幌市東区東苗穂十三条４丁目１１番１８号,2022-08-03,株式会社
藍山株式会社,大阪府大阪市西成区天下茶屋１丁目６番２１号,2022-08-03,株式会社
蛯原林業株式会社,宮崎県日南市南郷町榎原丙８８０番地,2022-08-03,株式会社
行政書士法人つくし,愛知県犬山市大字五郎丸字新田組１３番地５,2022-08-03,その他の設立登記法人
行政書士法人淺上法務事務所,福岡県福岡市東区千早３丁目９番２３号,2022-08-03,その他の設立登記法人
行橋京都メディカルセンター組合,福岡県行橋市東大橋２丁目９番１号,2022-08-03,地方公共団体
財經株式会社,東京都新宿区四谷４丁目２４番１６号,2022-08-03,株式会社
達知株式会社,大阪府東大阪市御厨東１丁目２番２７号,2022-08-03,株式会社
鉑悦株式会社,東京都江東区枝川１丁目１４番６－７０１号,2022-08-03,株式会社
静熱会計合同会社,静岡県熱海市清水町３の２３の６１４,2022-08-03,合同会社
ＡＤＳ株式会社,東京都葛飾区青戸３丁目３７番１５号京成青戸ビル３Ｆ,2022-08-03,株式会社
ＡＤＵＳ株式会社,千葉県船橋市西船１丁目１２番２７－２０４号,2022-08-03,株式会社
ＡＭＳＡ株式会社,愛知県豊明市栄町姥子１９番地１１,2022-08-03,株式会社
ＡＮＴ合同会社,大阪府大阪市西区靭本町一丁目６番１０号,2022-08-03,合同会社
ＡＲＣＨＶＳＴ合同会社,東京都世田谷区三軒茶屋１丁目６－１１－５０２,2022-08-03,合同会社
ＡＳＩＡＮＳＴＡＲ　ＬＩＦＥ　ＣＲＥＡＴＩＯＮ株式会社,神奈川県横浜市西区高島２丁目６番３２号,2022-08-03,株式会社
Ａｒｋ　Ｉｎｔｅｒｎａｔｉｏｎａｌ合同会社,東京都中央区銀座１丁目１５－４銀座１丁目ビル７階,2022-08-03,合同会社
ＡｕｔｏＭａｘＪＰ株式会社,東京都港区浜松町２丁目２番１５号浜松町ダイヤビル２Ｆ,2022-08-03,株式会社
ＡｘｉｍＴｒａｄｅ株式会社,東京都渋谷区道玄坂１丁目１２番１号渋谷マークシティＷ２２階,2022-08-03,株式会社
ＢＩＭ合同会社,神奈川県相模原市中央区横山３丁目３１番１３号エリオス３０７,2022-08-03,合同会社
ＢＬＵＥＭＯＯＮ　ＭＵＳＩＣ合同会社,東京都新宿区西新宿３丁目３番１３号,2022-08-03,合同会社
Ｂｏｌｉｎｏｐｓｉｓ株式会社,東京都千代田区有楽町１丁目７番１号,2022-08-03,株式会社
Ｂｏｎｒｏｙ　Ｒｅｎｅｗａｂｌｅ　Ｊａｐａｎ株式会社,東京都千代田区神田佐久間河岸８４号地サンユウビル２０１,2022-08-03,株式会社
Ｂｒｏｗｎ’ｓ　Ｓｏｎ　Ｍｙａｎｍａｒ　ＢＳＭ合同会社,東京都荒川区東尾久２丁目３１番９号－２０２,2022-08-03,合同会社
ＢｕｌｋＵｐ　Ｃａｐｉｔａｌｓ合同会社,兵庫県神戸市中央区琴ノ緒町４丁目６番６号第一マス一ビル４０２号,2022-08-03,合同会社
Ｃｈａｎｃｅ　Ｍａｋｅ株式会社,東京都渋谷区本町５丁目５番１０号,2022-08-03,株式会社
Ｃｉｔｙ　Ｇｏプロパティーズ株式会社,大阪府大阪市生野区新今里３丁目４番１７号シャトー第４今里１０６Ａ,2022-08-03,株式会社
Ｃｒｅａｍ合同会社,神奈川県横浜市西区北幸１丁目１１番１号水信ビル７階,2022-08-03,合同会社
Ｄ’ｓ　Ｇｒａｃｅ　Ｊａｐａｎ合同会社,愛知県西春日井郡豊山町大字青山字江川１０－１,2022-08-03,合同会社
ＥＭＩＺＡ合同会社,埼玉県川口市坂下町２丁目１６番１７号,2022-08-03,合同会社
ＥＴＢＳ合同会社,東京都葛飾区奥戸２丁目４２－１０,2022-08-03,合同会社
ＧＥＮＥＳＴ株式会社,東京都新宿区上落合２丁目２６－３２,2022-08-03,株式会社
ＧＲＹＰＨ　ＦＲＯＮＴＩＥＲ株式会社,東京都世田谷区世田谷１丁目４１番２号,2022-08-03,株式会社
Ｇｌｏｃａｌ　Ｉｎｎｏｖａｔｉｏｎ株式会社,愛知県豊橋市東七根町字一ノ沢１１３番地,2022-08-03,株式会社
ＨＡＴＴＯＲＩ　ＢＡＧＥＬ株式会社,岡山県岡山市北区奉還町１丁目４番地１２－１,2022-08-03,株式会社
ＨＫ　Ｔｒａｄｉｎｇ　Ｃｏｍｐａｎｙ合同会社,神奈川県横浜市中区福富町西通４５－１ファーストビル１階,2022-08-03,合同会社
ＩＹマネジメント合同会社,東京都港区南麻布１丁目２５番３号２０１,2022-08-03,合同会社
Ｉｍｐｒｏｖｅ合同会社,北海道札幌市豊平区平岸三条８丁目７－３０,2022-08-03,合同会社
ＪＫ　Ｐｒｏｐｅｒｔｙ　Ｍａｎａｇｅｍｅｎｔ株式会社,東京都渋谷区代々木神園町３番２号,2022-08-03,株式会社
ＫＭＥ株式会社,神奈川県平塚市東真土３丁目８番６４号,2022-08-03,株式会社
Ｋａｎｄｊｉ　Ｊａｐａｎ株式会社,東京都新宿区西新宿３丁目３番１３号西新宿水間ビル６Ｆ,2022-08-03,株式会社
Ｌｅｒｏｎ株式会社,東京都中央区銀座１丁目１２番４号Ｎ＆ＥＢＬＤ．６Ｆ,2022-08-03,株式会社
Ｌｉｅｂｅ　Ｃｏｒａ株式会社,東京都港区新橋６丁目１３番１２号ＶＯＲＴ新橋Ⅱ７階,2022-08-03,株式会社
Ｌｉｌｌｙ　ＴｅＡｍｏ株式会社,大阪府大阪市浪速区大国２丁目８－７,2022-08-03,株式会社
Ｍ’ｓトータル家賃保証株式会社,東京都八王子市横川町２番地２,2022-08-03,株式会社
ＭＡＭ合同会社,兵庫県神戸市兵庫区吉田町２丁目２３番７号２階,2022-08-03,合同会社
ＭＡＹＡ　ＩＮＶＥＮＴＩＶＥ合同会社,東京都小平市学園東町１丁目１６番３２号富士見荘１０３号,2022-08-03,合同会社
Ｍｅｒｉｔ　Ａｓｓｅｔ　Ｍａｎａｇｅｍｅｎｔ株式会社,東京都中央区佃１丁目１１番７号１１０３,2022-08-03,株式会社
Ｎ＆Ｋ株式会社,千葉県千葉市花見川区千種町７４番地１,2022-08-03,株式会社
ＮＡＭ　ＣＵＯＮＧ株式会社,茨城県土浦市中村東１丁目１１番８号,2022-08-03,株式会社
ＮＥＯ　ＳＴＹＬＥ株式会社,熊本県上益城郡益城町大字木山４７３番地１,2022-08-03,株式会社
ＮＩＩＸＩＡ　ＧＲＯＵＰ株式会社,東京都千代田区飯田橋３丁目６番８号飯田橋Ｔ＆Ｓビル３階,2022-08-03,株式会社
ＮＰＯ法人ぎんともも,福岡県福岡市博多区博多駅２―４―１６福泉第一ビル２階Ｃ,2022-08-03,その他の設立登記法人
Ｏ３Ｌｉｆｅ株式会社,千葉県船橋市薬円台１丁目５番３号プレミールサザエ２０６号,2022-08-03,株式会社
Ｏｆｆｉｃｅ　Ｍｉｔｓｕ株式会社,兵庫県西宮市木津山町６番２５号,2022-08-03,株式会社
Ｏｎ　ｔｈｅ　ｔａｂｌｅ株式会社,沖縄県那覇市港町２丁目１４番２４号,2022-08-03,株式会社
ＰＭ　ＣＬＯＵＤ株式会社,東京都渋谷区神宮前６丁目２３番４号桑野ビル２Ｆ,2022-08-03,株式会社
ＰＯＲＴＢＡＣＫ株式会社,兵庫県神戸市中央区海岸通５番地,2022-08-03,株式会社
ＰＵＲＰＲＩＳＥ株式会社,埼玉県比企郡嵐山町大字菅谷７番地２,2022-08-03,株式会社
Ｐａｔｉｎａ　Ｃｏｍｐａｎｙ合同会社,東京都板橋区成増３丁目２０番１６号,2022-08-03,合同会社
Ｑ　Ｅｎｔｅｒｐｒｉｓｅ　Ｓｙｓｔｅｍｓ株式会社,北海道札幌市北区北十三条西３丁目２番２４－４０２号,2022-08-03,株式会社
Ｑｕｉｎｔｕｓ合同会社,東京都八王子市別所１丁目４１－１－７－１７０５,2022-08-03,合同会社
ＲＣＰソリューションズ合同会社,福岡県福岡市南区向野２丁目１０番２５号,2022-08-03,合同会社
ＲＩＴＺ　ＭＯＯＮ合同会社,東京都江東区門前仲町２丁目２－１５大竹ビル３０３,2022-08-03,合同会社
ＲＳ合同会社,兵庫県姫路市西庄乙６９－１ＯＡＦＬＡＴ西庄ＥＡＳＴⅠ１０３,2022-08-03,合同会社
ＲａｙｎｓＡｒｃｈｉｔｅｃｔ合同会社,東京都新宿区西新宿３丁目３番１３号西新宿水間ビル２Ｆ,2022-08-03,合同会社
Ｒｅａｄｉｃｕｌｏｕｓ　Ｌａｂ株式会社,大阪府大阪市東成区深江北３丁目４番２１号エクラ深江橋２０８Ａ,2022-08-03,株式会社
Ｒｅｓｔａ　Ｌｉｎｋ株式会社,福岡県福岡市博多区博多駅南３丁目５番３５号大蔵マンション南博多２０８号室,2022-08-03,株式会社
Ｒｍｉｅｓ株式会社,宮城県仙台市青葉区小松島４丁目１５番３０－４０４号,2022-08-03,株式会社
ＳＤＧソリューションズ合同会社,大阪府大阪市浪速区敷津西２丁目１６－２４－４５,2022-08-03,合同会社
ＳＥＬＬ‐ＨＯＭＥ建設株式会社,愛知県北名古屋市西之保宮前１番地,2022-08-03,株式会社
ＳＴＥＬＬＡ合同会社,東京都中央区銀座１丁目１２番４号Ｎ＆ＥＢＬＤ７階,2022-08-03,合同会社
ＳＴＹＬＥ　ＪＡＰＡＮ株式会社,東京都港区北青山３丁目１５番５号,2022-08-03,株式会社
ＳｅｃｏｎｄＨａｎｄ株式会社,広島県江田島市江田島町切串３丁目２１番１２号,2022-08-03,株式会社
Ｓｐａｃｅ　Ｃｏｎｎｅｃｔ株式会社,東京都港区南青山２丁目２番１５号,2022-08-03,株式会社
ＴＣＮ‐ＳＯＬ株式会社,東京都荒川区西日暮里１丁目３２番６号,2022-08-03,株式会社
ＴＫＣ株式会社,千葉県船橋市飯山満町２丁目４８１番地２６ノーブルコートⅠ－１０５号,2022-08-03,株式会社
ＴＮ　Ｔｒａｎｓ　ｐｏｒｔ株式会社,群馬県太田市下浜田町１２１３番地－１０１,2022-08-03,株式会社
ＴＳＧプロパティ株式会社,東京都港区南青山３丁目１５番９号,2022-08-03,株式会社
Ｔｏｍｏｒｅａ　Ｔｅｃｈｎｏｌｏｇｉｅｓ株式会社,東京都千代田区一番町１４番地２－６０１号,2022-08-03,株式会社
Ｔｒｕｎｋ合同会社,千葉県浦安市明海６丁目１番１０号パークシティグランデ新浦安トレードポート２階,2022-08-03,合同会社
ＶＩＳＢＹＴＥ株式会社,東京都新宿区西新宿３丁目３番１３号,2022-08-03,株式会社
ＷＨＩＴＥ　ＤＩＳＨ株式会社,福岡県福岡市中央区天神２丁目３番１０号天神パインクレスト７１９,2022-08-03,株式会社
ＷＩＬＤ　ＴＥＣ合同会社,栃木県那須郡那須町大字高久丙３０６１番地,2022-08-03,合同会社
ＹＫＫオープン合同会社,静岡県駿東郡長泉町下土狩９１５番地の１７,2022-08-03,合同会社
ａｎｄＳＣＡＰＥＳ合同会社,東京都八王子市高尾町２２１７,2022-08-03,合同会社
ａｎｄｙｏｕ不動産株式会社,愛知県名古屋市緑区東神の倉２丁目１５０５番地,2022-08-03,株式会社
ａｓｓｅｔ　ａｃｃｅｌｅｒａｔｉｏｎ　ａｘｉｓ合同会社,東京都渋谷区代々木２丁目３３番１,2022-08-03,合同会社
ｂｅＦｒｉｅｎｄｚ株式会社,東京都渋谷区神南１丁目２３－１４リージャス渋谷公園通りビル１Ｆ,2022-08-03,株式会社
ｅｔｒａ株式会社,福岡県福岡市中央区春吉２丁目９番１号ファロディハルヨシⅡ６０３,2022-08-03,株式会社
ｈｉｃｓ株式会社,栃木県宇都宮市中里町２５４番地１４６,2022-08-03,株式会社
ｍｏｎｂｕｒａｎ合同会社,神奈川県横浜市鶴見区小野町１４番地１０４－１０６号,2022-08-03,合同会社
ｏｔｏｋｕｒａ株式会社,福岡県北九州市八幡西区別所町１６番９号,2022-08-03,株式会社
ｒｉｓｅｓ株式会社,兵庫県芦屋市前田町７－１２,2022-08-03,株式会社
ｓｔｏ．ｔ株式会社,東京都港区海岸１丁目１番１－５３０５号,2022-08-03,株式会社
ｗｏｒｋｅｒ　ｂｅｅ合同会社,東京都葛飾区立石８丁目６番１８号,2022-08-03,合同会社
きのしたペットクリニック株式会社,秋田県秋田市将軍野南３丁目１０番３号,2022-08-04,株式会社
こどもの未来株式会社,東京都世田谷区北沢２丁目１１番１５号,2022-08-04,株式会社
さくら水道株式会社,新潟県阿賀野市蒔田６５５番地,2022-08-04,株式会社
なごみホールディング合同会社,東京都千代田区丸の内３丁目１番１号東京共同会計事務所内,2022-08-04,合同会社
みらいネクスト株式会社,群馬県桐生市堤町３丁目７番４７号,2022-08-04,株式会社
みらい株式会社,東京都葛飾区小菅３丁目１９番３号,2022-08-04,株式会社
むらた合同会社,千葉県船橋市前原東２丁目１６番１０－４０６号,2022-08-04,合同会社
わんこ合同会社,大阪府柏原市旭ケ丘３丁目１番７８号サンハイツ旭ヶ丘１０１,2022-08-04,合同会社
アサヒ環境株式会社,愛媛県東温市北野田７４番地２,2022-08-04,株式会社
アールアンド合同会社,東京都渋谷区道玄坂１丁目１０番８号渋谷道玄坂東急ビル２Ｆ－Ｃ,2022-08-04,合同会社
インクション株式会社,神奈川県横浜市都筑区川和町２２９５番地１６ブリランテＢ１０１,2022-08-04,株式会社
ウォーターコンサルタンツ株式会社,東京都町田市玉川学園８丁目２番１０号,2022-08-04,株式会社
エイチエスコンサルティング合同会社,神奈川県横浜市中区宮川町２丁目５５番地１ルリエ横浜宮川町１００３,2022-08-04,合同会社
エフシーワークス株式会社,岡山県津山市小田中１３１４－７,2022-08-04,株式会社
エボニーアンドアイボリー合同会社,神奈川県鎌倉市七里ガ浜東２丁目７番１８－４０２号,2022-08-04,合同会社
オーイ貿易株式会社,大阪府大阪市東淀川区西淡路２丁目１３番３号,2022-08-04,株式会社
オーディーエムスクエア合同会社,千葉県千葉市緑区平川町１８９４番地２,2022-08-04,合同会社
オールイヤーズ株式会社,東京都世田谷区太子堂２丁目１７－５佐藤ビル３階,2022-08-04,株式会社
オールエイト株式会社,新潟県新潟市東区松崎２丁目１５番８号,2022-08-04,株式会社
ガードライン株式会社,鹿児島県鹿屋市名貫町３５４３番地５,2022-08-04,株式会社
ガールズエンド株式会社,東京都目黒区自由が丘２丁目１６番１２号ＬＣ１Ｆ,2022-08-04,株式会社
クラコ株式会社,東京都新宿区西新宿３丁目３番１３号西新宿水間ビル６階,2022-08-04,株式会社
グリーンランド合同会社,東京都中央区日本橋２丁目１番１７号丹生ビル２階,2022-08-04,合同会社
ケアホルム株式会社,東京都渋谷区鶯谷町１３番１号,2022-08-04,株式会社
ケルン・インベストメント・マネジメント合同会社,東京都中央区新川２丁目２３番８－６０２号,2022-08-04,合同会社
コクボスタジオ合同会社,東京都新宿区西新宿３丁目３番１３号,2022-08-04,合同会社
ジオメトリ株式会社,東京都渋谷区千駄ヶ谷５丁目６番１５号,2022-08-04,株式会社
スタジオ５１合同会社,長崎県佐世保市鹿町町深江７番地１,2022-08-04,合同会社
スマイルファシリティマネジメント株式会社,沖縄県国頭郡宜野座村字漢那２０２７番地１,2022-08-04,株式会社
ティーサン管理株式会社,大阪府枚方市南楠葉２丁目７－３０－１０１,2022-08-04,株式会社
ティーファミリー株式会社,京都府京都市右京区嵯峨北堀町２０－１０２アドニス嵯峨２０１号,2022-08-04,株式会社
ドローンプランニング株式会社,愛知県一宮市猿海道１丁目８番５号,2022-08-04,株式会社
ネオミーファーム株式会社,群馬県伊勢崎市下触町８６６番地１リベェルティＤ１０３,2022-08-04,株式会社
バディーズ株式会社,栃木県宇都宮市インターパーク２丁目４番地１,2022-08-04,株式会社
バーテックス・インベストメント・ソリューションズ株式会社,東京都千代田区有楽町１丁目１３番１号,2022-08-04,株式会社
パティーナ北綾瀬管理組合,東京都足立区東和５丁目１０－６,2022-08-04,その他
ヒゲニ合同会社,三重県四日市市赤水町１５２番地１,2022-08-04,合同会社
ヒュートレックス株式会社,東京都千代田区九段南１丁目５番６号りそな九段ビル５ＦＫＳフロア,2022-08-04,株式会社
ピッポロパッぴッポ合同会社,東京都渋谷区本町２丁目３－１－２３号,2022-08-04,合同会社
ファティリティー合同会社,埼玉県さいたま市西区大字指扇１２１２－８,2022-08-04,合同会社
フォークツールズ合同会社,東京都渋谷区渋谷２丁目１０番６号,2022-08-04,合同会社
プロージット合同会社,東京都府中市寿町１丁目４番地１７－４階,2022-08-04,合同会社
ベネコン株式会社,東京都千代田区丸の内２丁目３－２郵船ビルディング１Ｆ,2022-08-04,株式会社
ホワイトスタート株式会社,東京都千代田区永田町２丁目１７番５号ローレル永田町１０８,2022-08-04,株式会社
マッチ合同会社,東京都八王子市別所２丁目１３コリナス長池４－４０２,2022-08-04,合同会社
ミルフィー株式会社,東京都中央区八丁堀４丁目３番５号,2022-08-04,株式会社
メカニックベース湘南株式会社,神奈川県平塚市平塚５丁目２５番１１号ＴＮビル３階,2022-08-04,株式会社
メタル急便株式会社,宮城県仙台市青葉区中山５丁目１５番１０－１０５号,2022-08-04,株式会社
メディウスバンドコスモロギー株式会社,東京都新宿区揚場町２番２０号大和ビル３Ｅ,2022-08-04,株式会社
メディカルアセット合同会社,東京都練馬区貫井５丁目２４番１５号,2022-08-04,合同会社
ユニバースプロダクション株式会社,東京都豊島区東池袋３丁目１１番９号下総屋ビル６０１号室,2022-08-04,株式会社
リバーグループ株式会社,兵庫県西宮市南郷町５番１７号,2022-08-04,株式会社
リベカ合同会社,石川県金沢市泉野町６丁目２番２号,2022-08-04,合同会社
一般社団法人みずほの家,兵庫県丹波篠山市北新町４８番地２０,2022-08-04,その他の設立登記法人
一般社団法人オレンジ音楽協会,香川県さぬき市鴨部３９１番地,2022-08-04,その他の設立登記法人
一般社団法人トリニティプラス,奈良県奈良市東登美ヶ丘４丁目１６番２号,2022-08-04,その他の設立登記法人
一般社団法人ファボラボ,埼玉県川越市脇田本町２６番地１０川越クレセントビル２階,2022-08-04,その他の設立登記法人
一般社団法人フレート・インベストメントサード,東京都千代田区六番町２番地８番町Ｍビル３Ｆ,2022-08-04,その他の設立登記法人
一般社団法人世界琉球協会,沖縄県宜野湾市我如古３丁目７番１３－５０３号我如古アパート,2022-08-04,その他の設立登記法人
一般社団法人在日ベトナム人ゴルフ協会,埼玉県吉川市中央１丁目４番地１,2022-08-04,その他の設立登記法人
一般社団法人彩真会,埼玉県さいたま市見沼区大字南中野５７番地,2022-08-04,その他の設立登記法人
一般社団法人日中消化器内視鏡医療促進協会,北海道札幌市北区北二十一条西５丁目１番２号,2022-08-04,その他の設立登記法人
一般社団法人日本デジタル起業協会,東京都渋谷区恵比寿南３丁目９番１６号５階,2022-08-04,その他の設立登記法人
一般社団法人日本リボニスト協会,京都府京都市上京区元百万遍町５４２番地,2022-08-04,その他の設立登記法人
一般社団法人日本医療防災技術研究所,東京都中央区銀座６丁目１０番１号,2022-08-04,その他の設立登記法人
一般社団法人日本生活文化研究所,石川県金沢市長土塀１丁目１６番２号,2022-08-04,その他の設立登記法人
一般社団法人日本遊漁水産協会,大阪府泉南郡岬町淡輪４７７５番地の２,2022-08-04,その他の設立登記法人
一般社団法人東京丸の内パートナーシップ,東京都千代田区丸の内２丁目３番２号郵船ビル１Ｆ,2022-08-04,その他の設立登記法人
一般社団法人渋谷の遊び場を考える会,東京都渋谷区恵比寿２丁目３２番２１号,2022-08-04,その他の設立登記法人
一般社団法人熊本屋台村,熊本県熊本市中央区城東町二丁目２２番,2022-08-04,その他の設立登記法人
一般社団法人紘武杖道会,東京都渋谷区代々木１丁目５４番１１号パルナス代々木５０１,2022-08-04,その他の設立登記法人
一般社団法人農業インフラ新技術協会,東京都新宿区改代町２６番地１,2022-08-04,その他の設立登記法人
一般社団法人高度高所作業機構,広島県広島市西区中広町３丁目１１番５号,2022-08-04,その他の設立登記法人
一般社団法人Ｂａｒｏｎｅｓｓ,神奈川県横浜市鶴見区東寺尾東台１５番１４－２号,2022-08-04,その他の設立登記法人
一般社団法人ＬＩＳＯＢＵ,愛知県大府市若草町２丁目１１６番地,2022-08-04,その他の設立登記法人
一般社団法人ｉｎｔｅｌｌｅｔｅ,神奈川県川崎市幸区小倉１丁目６番５号,2022-08-04,その他の設立登記法人
一般財団法人マリン・ファウンデーション・トラスト,東京都千代田区丸の内１丁目６番２号新丸の内センタービルディング２１階,2022-08-04,その他の設立登記法人
一般財団法人日本移動式衛生検査所,京都府京都市東山区今熊野日吉町１２番２,2022-08-04,その他の設立登記法人
一般財団法人東三河スポーツ地域振興財団,愛知県豊橋市植田町字大膳３９番地の５,2022-08-04,その他の設立登記法人
久我山商事株式会社,東京都杉並区久我山５丁目２２番１２号,2022-08-04,株式会社
京急文庫タクシー労働組合,神奈川県横浜市金沢区福浦２丁目１５番地２号,2022-08-04,その他の設立登記法人
佳佳商事株式会社,大阪府大阪市西成区松１丁目５番４号２０４号室,2022-08-04,株式会社
例の合同会社,愛知県名古屋市中村区岩塚本通２丁目２０パレス中村Ｂ３号,2022-08-04,合同会社
光男合同会社,埼玉県越谷市大字船渡１７３６番地１,2022-08-04,合同会社
友岡株式会社,愛媛県松山市中村３丁目２番５１号,2022-08-04,株式会社
司法書士法人青い空事務所,群馬県前橋市西片貝町４丁目２０番地１,2022-08-04,その他の設立登記法人
合同会社こどものアトリエぶーふーうー,大阪府大阪市西成区天神ノ森２丁目６番３５号,2022-08-04,合同会社
合同会社てくてく福祉会,大阪府守口市寺方本通２丁目１５番１１号,2022-08-04,合同会社
合同会社なぎの木,鹿児島県姶良市加治木町反土２７０６番地,2022-08-04,合同会社
合同会社なごや子ども発達研究所,愛知県名古屋市天白区福池２丁目２６番地の２,2022-08-04,合同会社
合同会社ねこねこプランニング,東京都江戸川区松島３丁目２９番１６号,2022-08-04,合同会社
合同会社ひいらぎ杢工,新潟県上越市三和区神田１２３６番地,2022-08-04,合同会社
合同会社まっつん,埼玉県川口市柳崎１丁目４番８号,2022-08-04,合同会社
合同会社よいしょ,東京都町田市金森東４丁目１番３号,2022-08-04,合同会社
合同会社アジール,神奈川県高座郡寒川町一之宮１丁目８－１２,2022-08-04,合同会社
合同会社アリビオ,東京都世田谷区奥沢２丁目４８―１８,2022-08-04,合同会社
合同会社アロハインベストメント,香川県高松市高松町１１２７番地６７,2022-08-04,合同会社
合同会社イラストエンジン,東京都渋谷区神宮前６丁目２３番４号桑野ビル２階,2022-08-04,合同会社
合同会社イレブンラインズ,茨城県稲敷郡阿見町大字大室５２０－２７,2022-08-04,合同会社
合同会社オンリング,大阪府大阪市住吉区大領４丁目５番２５号,2022-08-04,合同会社
合同会社カネユミ建築,鹿児島県鹿児島市春山町２２８６番地３,2022-08-04,合同会社
合同会社ガネーシャ,千葉県四街道市大日２６８番地２エヴァーグリーン１０２,2022-08-04,合同会社
合同会社クッシー,東京都世田谷区北沢２丁目６－８サンハイツ北沢２０１,2022-08-04,合同会社
合同会社グッドフーズ,東京都杉並区荻窪１丁目２９番５号,2022-08-04,合同会社
合同会社グッドマインドワークス,東京都台東区寿１丁目１２番５－３０２号,2022-08-04,合同会社
合同会社グッドリフォーム,福岡県福岡市南区柏原４丁目８番２９号Ｃ棟,2022-08-04,合同会社
合同会社ケーブリッジ,埼玉県入間市大字下藤沢７２５番地１５,2022-08-04,合同会社
合同会社サクラージュ,熊本県熊本市北区植木町豊田８３０番地１,2022-08-04,合同会社
合同会社サンクチュアリ,静岡県静岡市駿河区中島６５２番地の１,2022-08-04,合同会社
合同会社シバ,兵庫県伊丹市野間５丁目１番７号,2022-08-04,合同会社
合同会社シラソル,東京都千代田区丸の内３丁目１番１号東京共同会計事務所内,2022-08-04,合同会社
合同会社シンスター,熊本県八代市新開町１番４３号,2022-08-04,合同会社
合同会社ジィー・ワークス,大阪府大阪市東成区大今里南３丁目１２番１８号,2022-08-04,合同会社
合同会社ジャストワン,東京都豊島区南大塚２丁目１１－１０ミモザビル３Ｆ,2022-08-04,合同会社
合同会社ツジデジタル,東京都豊島区高田３丁目４０－３,2022-08-04,合同会社
合同会社ティーボーン,東京都渋谷区神宮前６丁目２３番４号桑野ビル２階,2022-08-04,合同会社
合同会社ナラティブプレイス,東京都世田谷区砧６丁目２７番１９号笑恵館,2022-08-04,合同会社
合同会社ノアーズ,熊本県熊本市東区長嶺南５丁目３番１５３号,2022-08-04,合同会社
合同会社ハナミズキ,大阪府枚方市長尾元町３丁目３３番１２号,2022-08-04,合同会社
合同会社ハレルヤ,千葉県松戸市松戸新田２４番地３－１７号,2022-08-04,合同会社
合同会社ヒーローズ,大阪府大阪市中央区瓦町３丁目４－１０日宝御堂ビル６０８,2022-08-04,合同会社
合同会社ビギンズ,北海道旭川市神楽一条１０丁目１番７号,2022-08-04,合同会社
合同会社ファースト,大阪府大阪市北区天神橋４丁目６番１９号サンプラザ井上３１１号,2022-08-04,合同会社
合同会社フォレストヴィラ山中湖,山梨県南都留郡山中湖村山中３７３－３,2022-08-04,合同会社
合同会社フラットヒル,大阪府守口市八雲西町３丁目４番１号,2022-08-04,合同会社
合同会社プライムタイムファクトリー,東京都東村山市萩山町４丁目７番地１５,2022-08-04,合同会社
合同会社マウンテン,福岡県福岡市南区鶴田４丁目１番１０－１０１１号ロワールマンションやよい坂,2022-08-04,合同会社
合同会社マーキット,東京都渋谷区道玄坂１丁目１０番８号渋谷道玄坂東急ビル２Ｆ－Ｃ,2022-08-04,合同会社
合同会社ミクラ,福島県いわき市平塩字宮前２０番地の２,2022-08-04,合同会社
合同会社ヤコミ投資,千葉県印西市高花６丁目３２番５号,2022-08-04,合同会社
合同会社ヤマダ設工,大阪府交野市私部１丁目８番１－２０２号,2022-08-04,合同会社
合同会社リスタート,愛知県北名古屋市井瀬木高畑１３１－１,2022-08-04,合同会社
合同会社リデラス,大阪府大阪市中央区南本町１丁目６番７－１８０７号,2022-08-04,合同会社
合同会社レッドシャーク,東京都世田谷区代沢２丁目２８番４－３０６号,2022-08-04,合同会社
合同会社ロジックワーク,埼玉県羽生市大字中岩瀬５３９番地１,2022-08-04,合同会社
合同会社三佳,福岡県福岡市博多区諸岡４丁目３７番２５号,2022-08-04,合同会社
合同会社佐々木木工,青森県上北郡おいらせ町向山２丁目４８番地２,2022-08-04,合同会社
合同会社価値創造,大阪府高槻市玉川２丁目１８番３０３号,2022-08-04,合同会社
合同会社健充,愛知県高浜市呉竹町５丁目１番地１５,2022-08-04,合同会社
合同会社前川電気設備,奈良県生駒郡斑鳩町神南５丁目１番１５号,2022-08-04,合同会社
合同会社地球の鼓動,熊本県熊本市中央区国府２丁目１０番４７号,2022-08-04,合同会社
合同会社壬寅,埼玉県さいたま市大宮区桜木町２丁目３番地大宮マルイ７階,2022-08-04,合同会社
合同会社壱祥,三重県鈴鹿市林崎１丁目１４番７号,2022-08-04,合同会社
合同会社春山商店,兵庫県尼崎市元浜町５丁目９８番１２号,2022-08-04,合同会社
合同会社東京ビジネス,東京都板橋区東新町１丁目３５番８号柿木ハウス２０１,2022-08-04,合同会社
合同会社永盛,東京都豊島区池袋４丁目３４番５号データバンビル４階,2022-08-04,合同会社
合同会社浜家商事,青森県上北郡東北町上北南１丁目２２番地９４,2022-08-04,合同会社
合同会社浜田経営労務相談室,神奈川県横浜市港北区篠原西町３２番１７号,2022-08-04,合同会社
合同会社潮汐,長崎県五島市奥浦町１５３１－１,2022-08-04,合同会社
合同会社真花久,京都府京都市伏見区深草大亀谷万帖敷町８４０番地,2022-08-04,合同会社
合同会社福音,大阪府大阪市住吉区帝塚山東１丁目４番１８号,2022-08-04,合同会社
合同会社私たちの地球会議ホールディングス,福島県田村郡小野町大字塩庭字平内１５７－１,2022-08-04,合同会社
合同会社緑心,東京都東久留米市下里３丁目１７番２２号,2022-08-04,合同会社
合同会社翔総合リフォーム,沖縄県うるま市字天願１５７０番地１,2022-08-04,合同会社
合同会社藤ｇｒｏｗ　ｕｐ,沖縄県沖縄市池原２丁目７番１５号,2022-08-04,合同会社
合同会社謝敷工務店,沖縄県那覇市首里山川町１丁目１３９番地７,2022-08-04,合同会社
合同会社鈴屋,大阪府吹田市津雲台７丁目５番９号２階,2022-08-04,合同会社
合同会社ＡＦＦＬＡＴＵＳ,大阪府大阪市浪速区元町１丁目１１番１６－１００９号,2022-08-04,合同会社
合同会社ＢＥＡＮＥＬ,東京都新宿区大京町３番地５パーシモン四谷１０１,2022-08-04,合同会社
合同会社Ｂｅｍａ,京都府京都市右京区西院西矢掛町１８番地,2022-08-04,合同会社
合同会社ＤＴＪ,神奈川県川崎市多摩区菅６丁目４番２４号秋山菅マンション２０５号室,2022-08-04,合同会社
合同会社Ｅｉｍ,東京都江戸川区篠崎町３丁目１８番１６号Ｔ・ＧｅｎⅥ１０６,2022-08-04,合同会社
合同会社Ｅｐｉｌｉｓｓ,三重県四日市市西日野町５００５番地１ピュアハイムＡ－２０２,2022-08-04,合同会社
合同会社Ｆ・Ｏｒｕｔｏ,神奈川県横浜市鶴見区鶴見中央５丁目５番９－４０２号,2022-08-04,合同会社
合同会社Ｆａｂ・ＣＲＥＡＲＴ,東京都日野市平山３丁目２７番地の１４,2022-08-04,合同会社
合同会社Ｆｕｊｉ　Ｆａｍｉｌｙ,愛知県名古屋市港区大西２丁目９９番地,2022-08-04,合同会社
合同会社ＧＯＭＡ,愛知県名古屋市名東区文京台二丁目１０４番地第２柴田ビル１階,2022-08-04,合同会社
合同会社ＧＲＯＷＴＨ,新潟県新潟市江南区茗荷谷２６４番地,2022-08-04,合同会社
合同会社Ｇｊａｍ,神奈川県相模原市緑区下九沢２１３２番地２５,2022-08-04,合同会社
合同会社Ｇｒａｎｄ　Ｇｒｏｗ　ｕｐ,沖縄県中頭郡西原町上原２丁目２９番地の１１スリークロック３－Ｄ,2022-08-04,合同会社
合同会社Ｇｒｏｗｒｉｅｎｄｓ,東京都文京区目白台２丁目９番５号目白台サンハイツ２０６,2022-08-04,合同会社
合同会社Ｈｏｐｅｆｕｌ　Ｐｒｏｊｅｃｔ,東京都多摩市鶴牧２丁目２５番地２,2022-08-04,合同会社
合同会社ＩＧＲ,東京都中央区築地３丁目９番１０号築地ビル９Ｆ,2022-08-04,合同会社
合同会社ＪＯＹＯＮＥ,東京都渋谷区道玄坂１丁目１０番８号渋谷道玄坂東急ビル２Ｆ－Ｃ,2022-08-04,合同会社
合同会社ＪＵＬＩＵＳＥＲＶＩＮＧ,京都府京都市伏見区桃山与五郎町１番地の１６５,2022-08-04,合同会社
合同会社ＪＵＵ　ＪＵＵ,埼玉県春日部市粕壁東３丁目１６番２号,2022-08-04,合同会社
合同会社ＫＢ‐１,埼玉県越谷市大字北後谷８１０番地１,2022-08-04,合同会社
合同会社ＫＳＲ,東京都世田谷区野毛２丁目２４番１５号,2022-08-04,合同会社
合同会社Ｌａｐｉｓ,大阪府大阪市西成区花園南１丁目１３番６号メゾンオーク１０３号,2022-08-04,合同会社
合同会社Ｍ２,熊本県熊本市中央区古川町８番１号コートビレッジアボシ４０１号,2022-08-04,合同会社
合同会社ＭＩＲＡＩＯ一級建築士事務所,千葉県市原市ちはら台東６丁目１番地６０,2022-08-04,合同会社
合同会社ＭＯミュージック,神奈川県鎌倉市梶原２丁目１５番１３号,2022-08-04,合同会社
合同会社ＮＳサービス,静岡県浜松市東区有玉西町８２８番地の１,2022-08-04,合同会社
合同会社ＮＶＤ,埼玉県川口市西川口１丁目３０番２５－７０１号パインエクセレンス,2022-08-04,合同会社
合同会社Ｎｅｗ　Ｓｔａｔｅ,東京都渋谷区千駄ヶ谷５丁目２６番５号（代々木シティホームズ４０８号室）,2022-08-04,合同会社
合同会社ＰＲＩＺＥ,東京都中央区銀座１丁目１２番４号Ｎ＆ＥＢＬＤ．６Ｆ,2022-08-04,合同会社
合同会社ＰａｔｔｅｒｎＢａｓｅｄ,長崎県長崎市宿町７０１番地５,2022-08-04,合同会社
合同会社Ｐｒｏｄｕｃｅ　ａｎｙ　Ｃｏｌｏｕｒ　ＴａＩＺ,東京都世田谷区喜多見４丁目７番４３号,2022-08-04,合同会社
合同会社ＲＩＭＯＲＵＮＥ,東京都渋谷区本町２丁目３５番６号渋谷本町オリエントコートＢ棟１０４,2022-08-04,合同会社
合同会社Ｒａｍｕｎｅ　Ｐｉｃ,東京都新宿区西新宿３丁目３番１３号西新宿水間ビル２Ｆ,2022-08-04,合同会社
合同会社Ｓ．Ｋ．Ｎファーム,千葉県袖ケ浦市奈良輪７９６番地１メロウ・ブリーズ２０２,2022-08-04,合同会社
合同会社ＳＴＡＹ　ＣＬＯＳＥ,東京都大田区大森西３丁目４－１６,2022-08-04,合同会社
合同会社ＳＴＥＰ　ＷＩＬＬ,埼玉県川口市本町４丁目３番地１４小峰第一ビル,2022-08-04,合同会社
合同会社ＳＷＡＹ,大阪府大阪市東住吉区南田辺１丁目９－７コーポ水都１Ｆ１０３号室,2022-08-04,合同会社
合同会社ＳｏｌｏｍｏＮ,神奈川県平塚市紅谷町２－２４－４０５,2022-08-04,合同会社
合同会社ＴＡＫＥＣＡＲＥ,東京都渋谷区恵比寿西１丁目２番１号７０７号室,2022-08-04,合同会社
合同会社ＴＡＹＬＯＲ　ＴＤ,大阪府大阪市生野区小路２丁目１１番７号エクラ小路２０８号,2022-08-04,合同会社
合同会社ＴＨＥ　ＢＯＸ　ＪＡＰＡＮ,東京都渋谷区渋谷１丁目１番６号エムエフ青山６０４,2022-08-04,合同会社
合同会社ＴＨＥＣＡＲＤ,東京都世田谷区北沢３丁目２７番１６号ラ・カーサ北沢２０２,2022-08-04,合同会社
合同会社ＴＹダンスカンパニー,兵庫県西宮市宮西町２－１１ラ・レジェール廣瀬６０５号,2022-08-04,合同会社
合同会社ＴＹＴカンパニー,兵庫県加古川市新神野７丁目１番８－１３号,2022-08-04,合同会社
合同会社Ｔｏｒｃｈ,東京都世田谷区経堂５丁目１０番１５号,2022-08-04,合同会社
合同会社ＵＦＯ,香川県綾歌郡宇多津町浜八番丁１３３番地５,2022-08-04,合同会社
合同会社ＹＡＭＡＭＯＴＯ,千葉県市川市新田２丁目３１番１６－３０３号アーバンビュー市川,2022-08-04,合同会社
合同会社ＺＩＮＮＯ,三重県桑名市大字和泉３８５番地,2022-08-04,合同会社
合同会社ｈａｙａｔｏｓｐｅｅｄ,兵庫県明石市荷山町２７４６－６,2022-08-04,合同会社
合同会社ｋｉｔｒａｔ,東京都豊島区南大塚２丁目４５番１１号メゾンドールアム６０１号,2022-08-04,合同会社
合同会社ｍａｙｕ’ｓ　ｋｉｔｃｈｅｎ,福岡県福岡市早良区田隈３丁目１７番１０号,2022-08-04,合同会社
合同会社ｍｉｓｅｎ,石川県金沢市東山１丁目２９番６号,2022-08-04,合同会社
合同会社ｔｒａｆｆａｓ,千葉県松戸市小金原９丁目５番地の３７号ラフィネ常盤平１０１号室,2022-08-04,合同会社
和牛マニア合同会社,愛知県春日井市押沢台７丁目９番地１４,2022-08-04,合同会社
土地家屋調査士法人都市工房,東京都中野区東中野１丁目３０番１５号,2022-08-04,その他の設立登記法人
多田社会保険労務士法人,福井県福井市高木中央１丁目２１０９番地フォーラムハウスＣ,2022-08-04,その他の設立登記法人
大幸産業株式会社,宮崎県宮崎市清武町今泉甲３８２８番地４８,2022-08-04,株式会社
大澤総業株式会社,新潟県新潟市東区猿ケ馬場２丁目４６３番地７,2022-08-04,株式会社
奥羽車輌株式会社,秋田県仙北市角館町上菅沢１８８番地,2022-08-04,株式会社
季もち株式会社,山梨県笛吹市石和町東高橋１０９番地１,2022-08-04,株式会社
安善株式会社,大阪府大阪市都島区東野田町４丁目５－２翠連マンション５０３号室,2022-08-04,株式会社
定園株式会社,京都府京都市左京区一乗寺塚本町９番地,2022-08-04,株式会社
家禾株式会社,京都府京都市東山区七条通大和大路西入西之門町５５８番,2022-08-04,株式会社
寛政機工株式会社,神奈川県横浜市鶴見区寛政町１４番５－１０１号,2022-08-04,株式会社
小倉合名会社,石川県白山市荒屋町に５４番地,2022-08-04,合名会社
小室システム株式会社,福岡県福岡市博多区博多駅南３丁目５番１８号,2022-08-04,株式会社
小蜜蜂株式会社,大阪府大阪市東成区東小橋１丁目１７－３１グランドハイツ東小橋７０６号室,2022-08-04,株式会社
山崎ＲＡ株式会社,静岡県静岡市駿河区小鹿７３９番地,2022-08-04,株式会社
岩本設備株式会社,愛知県名古屋市中川区富田町大字榎津字袋尻４２７番地の２,2022-08-04,株式会社
川谷株式会社,大阪府大阪市都島区東野田町４丁目５－２翠連マンション４０５号室,2022-08-04,株式会社
常陽産業株式会社,茨城県鹿嶋市大字泉川１５６８番地,2022-08-04,株式会社
庄子ホールディングス株式会社,宮城県仙台市太白区泉崎２丁目１１番１３号,2022-08-04,株式会社
弁理士法人桐朋,東京都渋谷区代々木２丁目１番１号新宿マインズタワー,2022-08-04,その他の設立登記法人
弁護士法人東京ＦＡＩＲＷＡＹ法律事務所,東京都新宿区四谷３丁目７番地６ＮＫ第８ビル５Ｆ,2022-08-04,その他の設立登記法人
弘住ハウス株式会社,神奈川県横浜市中区北仲通５丁目５７番地２,2022-08-04,株式会社
成学教育株式会社,東京都新宿区新宿２丁目１２番１３号新宿アントレサロンビル２階,2022-08-04,株式会社
新海航運株式会社,兵庫県神戸市中央区海岸通２丁目２番３号,2022-08-04,株式会社
日本キリスト改革派　長丘教会,福岡県福岡市南区長丘１丁目１５－５,2022-08-04,その他
日本銭乃賀株式会社,大阪府大阪市都島区東野田町４丁目５－２翠連マンション３１７号室,2022-08-04,株式会社
日本ＣＡＲ’Ｓ合同会社,千葉県香取郡多古町出沼１５６－４６,2022-08-04,合同会社
星洋株式会社,福岡県福岡市西区愛宕３丁目４－１２－２０１,2022-08-04,株式会社
最上地方農業委員会協議会,山形県新庄市沖の町１０－３７,2022-08-04,その他
有限会社タカラホーム,沖縄県豊見城市字渡橋名１５９番地,2022-08-04,有限会社
有限会社紫光商事,東京都渋谷区初台１丁目１番１３号,2022-08-04,有限会社
栃木住宅建設株式会社,栃木県栃木市都賀町升塚１１０番地,2022-08-04,株式会社
栄土地改良区,三重県鈴鹿市秋永町４４３,2022-08-04,その他
栄建設工業株式会社,広島県安芸郡海田町曙町１４番５号,2022-08-04,株式会社
株式会社あい不動産企画,埼玉県北本市緑２丁目２７番地,2022-08-04,株式会社
株式会社いな穂,東京都中央区築地２丁目１４番１２号,2022-08-04,株式会社
株式会社うぇるなす,東京都渋谷区渋谷２丁目１９番１５号宮益坂ビルディング６０９,2022-08-04,株式会社
株式会社えじそんず,熊本県熊本市南区馬渡１丁目１６番６－２０１号コアマンションネクステージ平成さくら通り,2022-08-04,株式会社
株式会社かいはつ,兵庫県姫路市花田町勅旨１９８番地,2022-08-04,株式会社
株式会社かぞくのパンはっぱや,愛知県西尾市楠村町北荒子１４番地１,2022-08-04,株式会社
株式会社きそば中清,東京都武蔵野市吉祥寺本町４丁目４番１５号,2022-08-04,株式会社
株式会社さとう企画,東京都江戸川区平井１丁目２番１１－２０４号,2022-08-04,株式会社
株式会社すまいるヘルプ,東京都東久留米市南沢３丁目１０番１８号,2022-08-04,株式会社
株式会社すわやま,兵庫県神戸市中央区諏訪山町５番１１号,2022-08-04,株式会社
株式会社たむら,岡山県井原市門田町４３６９番地,2022-08-04,株式会社
株式会社てん,福島県いわき市平下神谷字宿７８番地,2022-08-04,株式会社
株式会社とみおか薬局,福岡県福岡市東区水谷２丁目５１番１９号,2022-08-04,株式会社
株式会社なえどこ,東京都江東区新大橋２丁目２－５,2022-08-04,株式会社
株式会社のぞみ,埼玉県さいたま市浦和区仲町１丁目１４番６号４０６,2022-08-04,株式会社
株式会社ひまわり,東京都江戸川区西小岩１丁目２９番１４号ホワイトビル３０１,2022-08-04,株式会社
株式会社みつば,福岡県福岡市南区大橋２丁目２番１７号大橋駅南クリニックビル４階,2022-08-04,株式会社
株式会社みつ葉,神奈川県三浦市初声町下宮田５９９番地,2022-08-04,株式会社
株式会社アイチューブ,東京都千代田区外神田１丁目７番６号ＡＫＩＢＡカルチャーズＺＯＮＥ６Ｆ,2022-08-04,株式会社
株式会社アイプラント,山口県宇部市大字際波２４４５番地５,2022-08-04,株式会社
株式会社アイプレックス,東京都千代田区東神田１丁目２番２号,2022-08-04,株式会社
株式会社アイ・シー・ティー・ラボ,千葉県松戸市三ケ月１２８５番地,2022-08-04,株式会社
株式会社アオプロ,青森県青森市桜川３丁目３番３号,2022-08-04,株式会社
株式会社アクアヴェール,東京都千代田区富士見１丁目３番１１号富士見デュープレックスＢ‘ｓ４Ｆ,2022-08-04,株式会社
株式会社アシスト,群馬県伊勢崎市大正寺町２１８－１株式会社晃和伊勢崎工場２Ｆ,2022-08-04,株式会社
株式会社アトリエブルーボトル,東京都杉並区善福寺１丁目６番１１号,2022-08-04,株式会社
株式会社アトリエ・リセルフ,東京都練馬区石神井町４丁目１４番８号,2022-08-04,株式会社
株式会社アドアストラ,愛知県名古屋市千種区田代町字蝮池上１０８番地の１９５,2022-08-04,株式会社
株式会社アドナイ・イルエ,大阪府大阪市生野区桃谷１丁目１０番１８号ツインコートＭ１Ｆ,2022-08-04,株式会社
株式会社アバッリ,新潟県村上市碁石４０番地,2022-08-04,株式会社
株式会社アプラス,北海道北見市末広町１７３番地９２,2022-08-04,株式会社
株式会社アマイロ,香川県東かがわ市松原６０番地,2022-08-04,株式会社
株式会社アミ,香川県高松市錦町２丁目１０番２１号,2022-08-04,株式会社
株式会社アルカフォリア,東京都中央区銀座１丁目２２番１１号,2022-08-04,株式会社
株式会社アルタノ,東京都千代田区有楽町１丁目６番３号日比谷頴川ビル１１０３号室,2022-08-04,株式会社
株式会社アンティークワン,愛知県名古屋市天白区植田西２丁目２１７番地ＳｔｕｄｉｏＡ１－３０２号,2022-08-04,株式会社
株式会社アークウィズコンサルティング,東京都中央区銀座１丁目１２番４号Ｎ＆ＥＢＬＤ．６Ｆ,2022-08-04,株式会社
株式会社アーバンプロパティマネージメントクルー,東京都狛江市元和泉１丁目１番２号エコルマ２‐２０１号,2022-08-04,株式会社
株式会社アールダヴァンギャルド,東京都世田谷区上野毛１丁目２６番１４号,2022-08-04,株式会社
株式会社インクリメンタル,茨城県つくば市吾妻１丁目１６番地２デュオヒルズつくば吾妻６０９号,2022-08-04,株式会社
株式会社インテグラル,茨城県常総市相野谷町２６８番地,2022-08-04,株式会社
株式会社インフイニイテイ,宮崎県延岡市南町２丁目２番地１１,2022-08-04,株式会社
株式会社ウエノ電気産業,熊本県熊本市北区鶴羽田３丁目１５番３８号,2022-08-04,株式会社
株式会社ウールデザイン,大阪府大阪市北区曾根崎新地１丁目５－４,2022-08-04,株式会社
株式会社エクサ,宮城県仙台市青葉区二日町１６番２－４０２号,2022-08-04,株式会社
株式会社エコキャリ,静岡県富士宮市大宮町１２番１０号,2022-08-04,株式会社
株式会社エコグループ,宮城県仙台市太白区柳生２丁目２５番地の１２,2022-08-04,株式会社
株式会社エスケートラスト,東京都北区赤羽１丁目６６番５－４０１号,2022-08-04,株式会社
株式会社エストプラス,東京都豊島区池袋本町１丁目１７番４号ウィン池袋２０２,2022-08-04,株式会社
株式会社エスポワール,愛知県名古屋市天白区土原４丁目３６６番地の１,2022-08-04,株式会社
株式会社エスライフ,愛知県知立市鳥居１丁目５番地７,2022-08-04,株式会社
株式会社エス・ワイ企画,徳島県徳島市多家良町池谷２１７番地の６,2022-08-04,株式会社
株式会社エーティーライン,東京都東大和市芋窪５丁目１１５０番地の２,2022-08-04,株式会社
株式会社オオゾノ,埼玉県越谷市神明町１丁目１４０－４,2022-08-04,株式会社
株式会社オスマン工業,埼玉県川口市戸塚２丁目３番２８号,2022-08-04,株式会社
株式会社オダカミボディー,岡山県倉敷市南畝２丁目８番２５号,2022-08-04,株式会社
株式会社オモヰカネ,東京都練馬区大泉学園町４丁目２２番２号,2022-08-04,株式会社
株式会社オーディープランニング,東京都葛飾区東金町１丁目１８番１０号東金町ビル１階,2022-08-04,株式会社
株式会社カイシン建設,愛知県清須市西枇杷島町片町１０６番地,2022-08-04,株式会社
株式会社カネダ塗装店,滋賀県高島市新旭町旭８９３番地２１,2022-08-04,株式会社
株式会社カートライス,宮城県宮城郡利府町神谷沢字化粧坂６７番地９,2022-08-04,株式会社
株式会社ガレージ・５５５,広島県三次市四拾貫町９４６番地１,2022-08-04,株式会社
株式会社クレスト,愛知県名古屋市中区栄５丁目４番１２号,2022-08-04,株式会社
株式会社グラミル,長野県長野市大字若槻団地３番地２６８,2022-08-04,株式会社
株式会社グリーンダイバーシティ,東京都町田市小山町８９９番地１,2022-08-04,株式会社
株式会社グローブエイト,東京都中央区銀座６丁目１３番１６号銀座ＷａｌｌビルＵＣＦ５０１,2022-08-04,株式会社
株式会社ケアチャンプ,神奈川県横浜市栄区東上郷町１番３５号,2022-08-04,株式会社
株式会社ケア・プアメリア,東京都江戸川区東小岩４丁目１２番７号,2022-08-04,株式会社
株式会社ケイリンク,静岡県御殿場市萩原５１番地７,2022-08-04,株式会社
株式会社ゲートワン,北海道札幌市白石区本通１２丁目南２番１９号,2022-08-04,株式会社
株式会社ココロミ,大阪府大阪市東住吉区西今川１丁目１４番２３号プライムタワー西今川１Ｆ,2022-08-04,株式会社
株式会社コムフィー,兵庫県姫路市西新町１２５番地,2022-08-04,株式会社
株式会社コリドラス,大阪府大阪市中央区南船場４丁目１１番１４号山三ビル３Ｆ,2022-08-04,株式会社
株式会社コンコーディアグローバル,東京都中央区銀座１丁目３番３号Ｇ１ビル７Ｆ,2022-08-04,株式会社
株式会社コンフォートプランニング,静岡県静岡市葵区駒形通１丁目１番５－２０２号,2022-08-04,株式会社
株式会社コースト,沖縄県うるま市字具志川３０８４番地１,2022-08-04,株式会社
株式会社ゴービヨンド,東京都中央区日本橋大伝馬町１１番８号５Ｆ,2022-08-04,株式会社
株式会社サウナ東京,東京都港区赤坂３丁目１３番４号赤坂三河家ビル１階,2022-08-04,株式会社
株式会社サクシードサポート,宮城県仙台市太白区長町南３丁目７－６,2022-08-04,株式会社
株式会社サンタトレンド,福岡県糟屋郡粕屋町仲原１丁目１３番１５号,2022-08-04,株式会社
株式会社シグナス水力発電研究所,長野県安曇野市穂高柏原２８７２番地２２,2022-08-04,株式会社
株式会社シミズトライムホールディングス,静岡県静岡市清水区長崎新田４２８番地の１,2022-08-04,株式会社
株式会社ショウエイ,三重県桑名市松ノ木３丁目７番地１,2022-08-04,株式会社
株式会社シンシアメディカルコンサルティング,東京都品川区戸越６丁目７番１５号,2022-08-04,株式会社
株式会社ジーロコーポレーション,埼玉県川口市芝１丁目２３番５－５１１号ルミエール３番館,2022-08-04,株式会社
株式会社スキルワーク,兵庫県伊丹市千僧２丁目１６７番地吉井ビル４０１号,2022-08-04,株式会社
株式会社スキロジー,福岡県福岡市博多区博多駅前２丁目１９番１７号トーカン博多第５ビル３１２号室,2022-08-04,株式会社
株式会社スポットライト,東京都中央区銀座７丁目１５番８号タウンハイツ銀座４０６,2022-08-04,株式会社
株式会社スマートテックシステムズ,埼玉県久喜市西大輪３７１番地１メイゾン東鷲宮５０２号,2022-08-04,株式会社
株式会社セカンドライフ,千葉県松戸市稔台４丁目１９番地の５,2022-08-04,株式会社
株式会社セカンドリンク,大阪府大阪市東成区神路３丁目１７番２４号,2022-08-04,株式会社
株式会社セゾンパートナーズ,東京都文京区関口１丁目４３番５号,2022-08-04,株式会社
株式会社セブンセカンド,東京都杉並区高井戸東１丁目１番６０号東側事務所,2022-08-04,株式会社
株式会社ソキアリアルティ,大阪府大阪市東淀川区東中島２丁目９番１５号,2022-08-04,株式会社
株式会社ソライズ,東京都千代田区神田猿楽町２丁目８－１１,2022-08-04,株式会社
株式会社ターンフラット,大阪府大阪市中央区南久宝寺町２丁目１－２,2022-08-04,株式会社
株式会社ダイキ自動車,島根県松江市東出雲町揖屋２１５２番地１４,2022-08-04,株式会社
株式会社ダイヤホーム,大阪府大阪市東住吉区駒川２丁目２番５－８０２号,2022-08-04,株式会社
株式会社デザインワークス,北海道札幌市清田区平岡八条１丁目７番３２号,2022-08-04,株式会社
株式会社トップクラス,神奈川県平塚市東真土２丁目１６番１４－１０３号,2022-08-04,株式会社
株式会社トップセレクト,大阪府守口市梅園町９番９号,2022-08-04,株式会社
株式会社トップフロアグループ,広島県広島市中区東白島町２１番５－３０２号,2022-08-04,株式会社
株式会社トラストエイト,愛知県西春日井郡豊山町大字豊場字八反１０７番地関連商品棟内,2022-08-04,株式会社
株式会社トーテック,神奈川県厚木市寿町１丁目７番１４号,2022-08-04,株式会社
株式会社ニククッパ,東京都中央区銀座２丁目１０番８号マニエラ銀座ビル４階,2022-08-04,株式会社
株式会社ネオサンライズ,東京都大田区羽田３丁目１７番１３号,2022-08-04,株式会社
株式会社ネクストＫ,神奈川県横浜市戸塚区小雀町１９５番地２,2022-08-04,株式会社
株式会社ノックトゥーン,東京都千代田区外神田３丁目６番１７号フェニックスビル７Ｆ,2022-08-04,株式会社
株式会社ハイライトクリーン,埼玉県秩父市定峰３番地４,2022-08-04,株式会社
株式会社ハマサキ商会,大阪府堺市東区北野田１０８４番地５０５号,2022-08-04,株式会社
株式会社バルテックコミュニケーションズ,東京都新宿区西新宿６丁目２２番１号,2022-08-04,株式会社
株式会社ヒュッゲ,千葉県市川市大野町１丁目４５９－４,2022-08-04,株式会社
株式会社ビアンサ,神奈川県横浜市中区本牧町１丁目２８２番地,2022-08-04,株式会社
株式会社ビスタ,京都府京都市北区上賀茂本山２５８番地１０,2022-08-04,株式会社
株式会社ビッグアイ,北海道河東郡音更町宝来西町北１丁目６番地３,2022-08-04,株式会社
株式会社ビルドノート,岐阜県大垣市藤江町２丁目４３番地２,2022-08-04,株式会社
株式会社ファイヤームーン,東京都荒川区東日暮里３丁目２３番４号,2022-08-04,株式会社
株式会社ファーストプロダクション,宮城県仙台市宮城野区岩切字余目南１１５番地１,2022-08-04,株式会社
株式会社フジサワビジネスコンサルティング,石川県金沢市野田２丁目５１,2022-08-04,株式会社
株式会社フロイデ,東京都台東区下谷１丁目１１番１５号ソレイユ入谷４階,2022-08-04,株式会社
株式会社ブイスリー,神奈川県茅ヶ崎市甘沼２００番地１－２２１号グランドヒル,2022-08-04,株式会社
株式会社ブレイブワン,熊本県上益城郡嘉島町大字鯰２８３３番地３,2022-08-04,株式会社
株式会社ブレイントラスト,東京都大田区蒲田５丁目２１－１３ペガサスステーションプラザ蒲田Ｂ２Ｆ,2022-08-04,株式会社
株式会社プリサイス,東京都千代田区九段南１丁目５番６号りそな九段ビル５階ＫＳフロア,2022-08-04,株式会社
株式会社プルール,東京都渋谷区神宮前５丁目４６番１号,2022-08-04,株式会社
株式会社プレイワーク,東京都渋谷区恵比寿西１丁目３３番６号ＪＰｎｏｉｅ恵比寿西１Ｆ,2022-08-04,株式会社
株式会社プロスペ,兵庫県神戸市西区学園東町２丁目４番地Ｄ－１０６号,2022-08-04,株式会社
株式会社プロースト,大阪府大阪市中央区平野町３丁目３番７号,2022-08-04,株式会社
株式会社ベアコネ,大阪府大阪市東住吉区南田辺１丁目７番３１号,2022-08-04,株式会社
株式会社ベアーズホーム,愛知県丹羽郡扶桑町大字高木字桜木５３２番地,2022-08-04,株式会社
株式会社ベストオート,島根県出雲市平田町２４７１番地１,2022-08-04,株式会社
株式会社ベストソリューション,大阪府大阪市北区曾根崎２丁目１６番１９号,2022-08-04,株式会社
株式会社ホーシン,東京都大田区中央６丁目１７番８号,2022-08-04,株式会社
株式会社ポワント,神奈川県横浜市鶴見区下末吉６丁目１番１５号２階,2022-08-04,株式会社
株式会社マツミ,東京都渋谷区恵比寿１丁目９番１０号ドエリング恵比寿７０２号,2022-08-04,株式会社
株式会社マリンサービス,北海道苫小牧市永福町２丁目７番７号,2022-08-04,株式会社
株式会社ミライエ不動産販売,大阪府寝屋川市小路南町１６番６０－２０３号室,2022-08-04,株式会社
株式会社ユアエイド,神奈川県川崎市麻生区千代ケ丘６丁目１３番地１０,2022-08-04,株式会社
株式会社ユウダイ,神奈川県川崎市高津区二子１丁目１９番７号ウィステリア玉川１０２,2022-08-04,株式会社
株式会社ヨシ,沖縄県石垣市字宮良１１７番地グランステージＫＩＮＡ３０３,2022-08-04,株式会社
株式会社ライトリーフ,兵庫県神戸市灘区船寺通４丁目２番８号,2022-08-04,株式会社
株式会社ライフ,京都府京都市下京区五坊大宮町９６番６,2022-08-04,株式会社
株式会社ライフェンリッチ,東京都千代田区丸の内１丁目１１番１号,2022-08-04,株式会社
株式会社ラグラポ,東京都中央区日本橋２丁目１番３号,2022-08-04,株式会社
株式会社ラディッツキャピタルマネジメント,山形県山形市緑町３丁目２番４６－１号,2022-08-04,株式会社
株式会社ラ・メゾン,長崎県佐世保市上原町５７３番地１,2022-08-04,株式会社
株式会社ラーニング,東京都中野区若宮３丁目４７番６号シルクコート鷺宮１０５,2022-08-04,株式会社
株式会社リアウィス,愛知県刈谷市築地町１丁目２８番地２０,2022-08-04,株式会社
株式会社リゾバース,沖縄県浦添市牧港１丁目５８番９号１階,2022-08-04,株式会社
株式会社リバビレ,東京都新宿区西新宿３丁目２番９号ワシントンホテルビル本館２階,2022-08-04,株式会社
株式会社リンクホールディングス,青森県青森市浜館２丁目１番地１,2022-08-04,株式会社
株式会社リード,東京都文京区小石川２丁目９番３号,2022-08-04,株式会社
株式会社ルビー,大阪府大阪市北区曾根崎新地１丁目６番１０号,2022-08-04,株式会社
株式会社レイホーム,神奈川県大和市福田１６９１番地１１,2022-08-04,株式会社
株式会社レゾーＫ,東京都渋谷区本町５丁目２６番２－２０１号,2022-08-04,株式会社
株式会社レプラホーン,岐阜県高山市塩屋町１７６７番地１,2022-08-04,株式会社
株式会社ワイズ・プロ・ジャパン,兵庫県神戸市中央区栄町通５丁目２番１６号,2022-08-04,株式会社
株式会社一路,東京都武蔵野市吉祥寺本町２丁目８番４号ｉ－ｏｆｆｉｃｅ吉祥寺,2022-08-04,株式会社
株式会社三井建設,静岡県熱海市伊豆山５０１番地,2022-08-04,株式会社
株式会社井上自動車,高知県吾川郡仁淀川町見ノ越２２６番地１,2022-08-04,株式会社
株式会社伊三郎製ぱん,福岡県久留米市長門石３丁目１番１８号,2022-08-04,株式会社
株式会社伊藤コンサルタント,石川県羽咋郡志賀町高浜町ノ７４番地,2022-08-04,株式会社
株式会社依田工業,長野県佐久市長土呂１８５番地１,2022-08-04,株式会社
株式会社優しい時間,愛知県名古屋市千種区竹越２丁目６番１７号,2022-08-04,株式会社
株式会社八建,愛知県大府市北崎町島原２５番地の１,2022-08-04,株式会社
株式会社内村創業,熊本県菊池郡菊陽町大字久保田１３５７番地,2022-08-04,株式会社
株式会社北海道やさいの王国,北海道広尾郡大樹町柏木町１１番地３５,2022-08-04,株式会社
株式会社南架設,岩手県奥州市水沢姉体町字山居前２番地７,2022-08-04,株式会社
株式会社叶聖,石川県輪島市鳳至町石浦町４３番地４,2022-08-04,株式会社
株式会社吉田工業,茨城県稲敷市脇川７７２番地,2022-08-04,株式会社
株式会社名東労務サポート,愛知県名古屋市名東区高社２丁目８０番地佐藤ビル３０１,2022-08-04,株式会社
株式会社大和輪業商会,秋田県湯沢市横堀字小田中９番地５,2022-08-04,株式会社
株式会社大心,滋賀県犬上郡豊郷町大字高野瀬６５５番地１,2022-08-04,株式会社
株式会社太政,大阪府大阪市住之江区浜口東３丁目１３番１６－２０１号,2022-08-04,株式会社
株式会社宮武組,愛知県名古屋市緑区大将ケ根１丁目２９１４番地,2022-08-04,株式会社
株式会社小倉特殊,神奈川県横浜市磯子区岡村１丁目６番５－２号,2022-08-04,株式会社
株式会社小川,大阪府大阪市西区江戸堀１丁目２５番２５－９０５号,2022-08-04,株式会社
株式会社小春,東京都中野区野方１丁目５番３号ヴァンクレール大木１０２,2022-08-04,株式会社
株式会社山之内食品,大分県佐伯市大字上岡１６７３番地１,2022-08-04,株式会社
株式会社山口,北海道夕張郡長沼町西１線南３番地,2022-08-04,株式会社
株式会社岡野屋商店,大阪府大阪市中央区日本橋２丁目６－１０,2022-08-04,株式会社
株式会社広久企画,東京都杉並区井草２丁目１８番７号,2022-08-04,株式会社
株式会社建石事務所,千葉県船橋市本町７丁目２３番１９号,2022-08-04,株式会社
株式会社強羅,東京都杉並区西荻南４丁目１２番５号,2022-08-04,株式会社
株式会社影山設備,茨城県下妻市高道祖３０９番地１０３,2022-08-04,株式会社
株式会社後見サポートいなほ,東京都多摩市永山２丁目２３番地の３７,2022-08-04,株式会社
株式会社快晴工業,宮城県東松島市矢本字上河戸１６１番地４,2022-08-04,株式会社
株式会社悠,長崎県長崎市毛井首町３４５番地,2022-08-04,株式会社
株式会社想希建設,神奈川県厚木市上落合６７５番地２,2022-08-04,株式会社
株式会社愛繕工業,岡山県倉敷市藤戸町天城９９番地,2022-08-04,株式会社
株式会社戸塚,山梨県都留市夏狩２５３番地,2022-08-04,株式会社
株式会社扇設備工業,神奈川県小田原市寿町３丁目３番１３号,2022-08-04,株式会社
株式会社新見まちづくりカンパニー,岡山県新見市井倉５５０番地１,2022-08-04,株式会社
株式会社日本農業土木,東京都品川区西五反田１丁目１３番７号マルキビル１０１号室,2022-08-04,株式会社
株式会社日環総,茨城県水戸市元吉田町２２５番地,2022-08-04,株式会社
株式会社昴興産,兵庫県加古郡稲美町国岡８２１番地の１,2022-08-04,株式会社
株式会社杉田,大分県大分市大字森町６６５番地の１,2022-08-04,株式会社
株式会社東京地方研究所,東京都練馬区貫井４丁目４７番３８号,2022-08-04,株式会社
株式会社松岡商会,大阪府寝屋川市小路北町２３番３９号,2022-08-04,株式会社
株式会社松永板金工業,新潟県三条市嘉坪川１丁目１１番１８号,2022-08-04,株式会社
株式会社松浦牧場,宮崎県児湯郡新富町大字新田１６５９７番地２,2022-08-04,株式会社
株式会社森のサラダ,神奈川県三浦郡葉山町上山口２３６８番地の１,2022-08-04,株式会社
株式会社森川商事,東京都千代田区麹町４丁目５番地,2022-08-04,株式会社
株式会社森建,高知県安芸郡奈半利町乙２５９５番地,2022-08-04,株式会社
株式会社武蔵,東京都小平市小川町１丁目２４７５番地の４,2022-08-04,株式会社
株式会社水上会計プラスサポート,東京都中央区日本橋茅場町３丁目３番１０号,2022-08-04,株式会社
株式会社浜口商店,大阪府大阪市西区本田４丁目７番２号,2022-08-04,株式会社
株式会社浩東,埼玉県蕨市塚越５丁目３６－４,2022-08-04,株式会社
株式会社渡辺総業,熊本県合志市幾久富１３１５－１,2022-08-04,株式会社
株式会社湘南マシンテクノ,神奈川県藤沢市葛原２３１４番地,2022-08-04,株式会社
株式会社湯川工業,奈良県桜井市大字吉備４７２番地の２２,2022-08-04,株式会社
株式会社片岡不動産,茨城県つくば市花畑３丁目３１番地２０,2022-08-04,株式会社
株式会社田中工業,大阪府大阪市西成区津守３丁目１番２－１１０２号,2022-08-04,株式会社
株式会社福嶋組,宮城県仙台市青葉区高松１丁目１０番６０号,2022-08-04,株式会社
株式会社福田建装,大阪府大阪市東淀川区下新庄３丁目１０番１３－２０４号,2022-08-04,株式会社
株式会社筑前蒲鉾本舗,福岡県福津市西福間３丁目３５番１号,2022-08-04,株式会社
株式会社紫永,京都府舞鶴市字森９７０番地,2022-08-04,株式会社
株式会社結ｍｏｖｉｅ,広島県広島市西区古江東町２５番１９－４０３号,2022-08-04,株式会社
株式会社縁,大阪府大阪市天王寺区東上町３番１７セレッソコート上本町ＥＡＳＴ５１０号,2022-08-04,株式会社
株式会社縁Ｊｏｙ,大阪府大阪市西区北堀江１丁目９番４号三洋北堀江ビル７０１号室,2022-08-04,株式会社
株式会社船建,秋田県男鹿市船川港船川字新浜町６０番地３,2022-08-04,株式会社
株式会社芦屋トレーディング,大阪府大阪市北区樋之口町１番２０－２９０５号,2022-08-04,株式会社
株式会社茂森農園,滋賀県長浜市布勢町１６１０番地,2022-08-04,株式会社
株式会社薬剤師ベース,山形県鶴岡市美咲町１２番３号,2022-08-04,株式会社
株式会社薬理創健,群馬県伊勢崎市山王町３１７番地７,2022-08-04,株式会社
株式会社藤創建,神奈川県横浜市神奈川区広台太田町８番地１,2022-08-04,株式会社
株式会社虎雅,大阪府堺市西区菱木４丁１８７８番地１,2022-08-04,株式会社
株式会社西和電工,兵庫県加西市栄町３３８番地,2022-08-04,株式会社
株式会社西松サービス,愛知県名古屋市緑区大根山１丁目１９０６番地,2022-08-04,株式会社
株式会社角陸パートナーズアカウンティング,東京都新宿区西新宿３丁目１番４号第２佐山ビル１０Ｆ,2022-08-04,株式会社
株式会社豊和,愛知県名古屋市中村区十王町１５番１２号,2022-08-04,株式会社
株式会社越高商店,北海道常呂郡訓子府町仲町１番地,2022-08-04,株式会社
株式会社金剛丸,佐賀県杵島郡白石町大字深浦１２５番地５,2022-08-04,株式会社
株式会社金昌,大阪府門真市江端町４番１６号,2022-08-04,株式会社
株式会社金田工業,大阪府和泉市幸３丁目１７番６７－２０３号,2022-08-04,株式会社
株式会社鈴音,神奈川県横浜市旭区上川井町３２２２番地,2022-08-04,株式会社
株式会社長崎保温工業,長崎県佐世保市三浦町２０番４号４０６号,2022-08-04,株式会社
株式会社門間商事,大阪府枚方市交北３丁目１番１６－１０４号,2022-08-04,株式会社
株式会社阿部住建,香川県高松市牟礼町大町１０８６番地２,2022-08-04,株式会社
株式会社雲盛テック,千葉県松戸市小根本５１番地２レジデンスユーカリ３０５号室,2022-08-04,株式会社
株式会社高井,愛媛県今治市中寺３２０番地８,2022-08-04,株式会社
株式会社高圧洗科,熊本県熊本市東区長嶺南３丁目２番３２号,2022-08-04,株式会社
株式会社１ｓｔ・インプレッション,東京都世田谷区桜３丁目１６番２号,2022-08-04,株式会社
株式会社Ａ．Ｐ,神奈川県川崎市高津区梶ケ谷３丁目５番地５,2022-08-04,株式会社
株式会社ＡＢＯＤＥ　ＯＦ　ＳＮＯＷ,東京都渋谷区神南１丁目１５番３号神南プラザ６０３,2022-08-04,株式会社
株式会社ＡＬＢ,愛媛県新居浜市岸の上町２丁目６番３５号,2022-08-04,株式会社
株式会社ＡＮＧＬＥ,兵庫県神戸市中央区山本通４丁目１９番１５－４０７号,2022-08-04,株式会社
株式会社ＡＰＲＩＳ,東京都新宿区早稲田鶴巻町５７２番地アルテシモサグラ７０５,2022-08-04,株式会社
株式会社ＡＲＣＨＩ,福岡県福岡市南区大池１丁目１０番３－５０５号Ｐｒｉｍａｖｅｒａ大池公園前,2022-08-04,株式会社
株式会社ＡＳＥＮＳＥ,大阪府大阪市中央区北久宝寺町３丁目６番１号本町南ガーデンシティ７階,2022-08-04,株式会社
株式会社ＡＳＴＡＲ,大阪府堺市東区西野１１１番地２０・１Ｆ,2022-08-04,株式会社
株式会社Ａｅｔｈｅｒ,東京都新宿区大久保２丁目２１番１０号ジュネス大久保１０２,2022-08-04,株式会社
株式会社Ａｉｇｉｓ,東京都目黒区自由が丘３丁目５番３号,2022-08-04,株式会社
株式会社ＢＡＫＵホールディングス,愛知県岡崎市美合町字本郷２９０番地,2022-08-04,株式会社
株式会社ＢＡＲＲＡ,東京都世田谷区下馬６丁目２２番８－１０１号,2022-08-04,株式会社
株式会社ＢＢＭリアルエステート,大阪府大阪市北区曾根崎新地２丁目６－２３,2022-08-04,株式会社
株式会社ＢＵＦＵ,愛知県名古屋市西区城西４丁目１１番１８号,2022-08-04,株式会社
株式会社Ｂｅｔｏｙａｍａ,山口県下関市秋根本町１丁目７－５第一坂野ビル１０２,2022-08-04,株式会社
株式会社Ｂｉｓｔｒｏ,神奈川県横浜市港北区綱島西４丁目３－１９,2022-08-04,株式会社
株式会社Ｃ＆Ｃパートナーズ,東京都西東京市住吉町４丁目１７番１３号,2022-08-04,株式会社
株式会社Ｃ４Ｃ　Ｌａｂｓ,東京都渋谷区笹塚１丁目６４番８号Ｄａｉｗａ笹塚ビル６階,2022-08-04,株式会社
株式会社ＣＡＮＡＴＡ,東京都世田谷区北沢２丁目２７番９号１Ｆ,2022-08-04,株式会社
株式会社ＣＥＬＩＮＡ．,大阪府大阪市中央区西心斎橋１丁目１０番１７号ポポロビル４階Ｓ号,2022-08-04,株式会社
株式会社ＣＦＡ,兵庫県神戸市中央区浜辺通４丁目１番２３号三宮ベンチャービル,2022-08-04,株式会社
株式会社ＣＬＭ,広島県福山市寺町９－１２－３Ｆ,2022-08-04,株式会社
株式会社ＣＰＣ,大阪府大阪市天王寺区上本町１丁目１番１８－４１３号,2022-08-04,株式会社
株式会社Ｃｌｏｖｅｒ　Ｌｉｎｋ,大阪府高槻市塚原４丁目７－１,2022-08-04,株式会社
株式会社ＤＴＦ,北海道札幌市東区東雁来八条４丁目５番８号,2022-08-04,株式会社
株式会社Ｅｎｊｉｇｒａｐｈ,香川県高松市木太町４４２４番地１０,2022-08-04,株式会社
株式会社Ｅｓｐｏｒｔ欅,埼玉県鶴ヶ島市大字五味ヶ谷８８番地２６,2022-08-04,株式会社
株式会社Ｆライン,大阪府大阪市東成区大今里３丁目２０番２２号,2022-08-04,株式会社
株式会社Ｆ＆ｙｏｕ,京都府宇治市志津川南組２２番地１,2022-08-04,株式会社
株式会社Ｆ．Ｔ．Ｗ,山梨県中巨摩郡昭和町西条新田４０１番地９メゾン山の都Ａ１０１,2022-08-04,株式会社
株式会社Ｆ．ｃｈｉｎｏｉｓ,大阪府大阪市北区堂島１丁目５番５号,2022-08-04,株式会社
株式会社ＦＡＢＳＰＡＣＥ　ＪＡＰＡＮ,東京都中央区八丁堀１丁目９番６号吉半八重洲通りビル７階,2022-08-04,株式会社
株式会社ＦＯＲＵＭＹＵ,東京都新宿区西新宿３丁目３番１３号西新宿水間ビル６Ｆ,2022-08-04,株式会社
株式会社Ｆｒｅｅｓｔｙｌｅ　Ｐｌａｎｅｔｓ,大阪府吹田市片山町４丁目５番７号,2022-08-04,株式会社
株式会社ＦｕｌｌＤｉｖｅ,東京都大田区上池台１丁目４８番１６号,2022-08-04,株式会社
株式会社Ｇ‐ｒｏａｄ,東京都千代田区九段南１丁目５番６号りそな九段ビル５Ｆ・ＫＳフロア,2022-08-04,株式会社
株式会社Ｇ＆Ｔ　Ｇｅｍ　Ｔｏｐ,埼玉県さいたま市見沼区大字小深作３９１番地１５,2022-08-04,株式会社
株式会社Ｇ．ＳＴＲＡＣＴ,広島県広島市南区向洋新町３丁目１３番１０号,2022-08-04,株式会社
株式会社ＧＥＥＫ’Ｓ　ＤＥＮ,静岡県藤枝市大東町５４０番地の２１,2022-08-04,株式会社
株式会社ＧＩＶＥ　ＹＯＵ　ＩＮＦＩＮＩＴＹ,東京都調布市布田２丁目４３番地２レガーレ調布エスト１Ａ,2022-08-04,株式会社
株式会社ＧＯ,東京都渋谷区恵比寿１丁目１５番９号４０３,2022-08-04,株式会社
株式会社Ｇｅｒｂｅｒａ,大阪府大阪市淀川区西中島３丁目２２番２０号川丸ビル３０１,2022-08-04,株式会社
株式会社Ｈ．Ｓ．Ｐ,岩手県下閉伊郡田野畑村明戸２２１番地１,2022-08-04,株式会社
株式会社ＨＡＳＳＯＨ,大分県大分市大字松岡８２２８番地の１,2022-08-04,株式会社
株式会社ＨＩＲＯＭＯＴＯ,東京都台東区橋場１丁目３０番４号,2022-08-04,株式会社
株式会社ＨＯＳＯＯ　ａｒｃｈｉｔｅｃｔｕｒｅ,京都府京都市上京区黒門通元誓願寺下る毘沙門町７５２番地,2022-08-04,株式会社
株式会社ＩＮ八木林業,福島県東白川郡塙町大字那倉字塚野２８番地６,2022-08-04,株式会社
株式会社ＩＮＤＥＥＤ,広島県広島市安佐北区口田２丁目２１番２１号,2022-08-04,株式会社
株式会社ＩＰＲｈｉｎｏ,東京都足立区伊興１丁目１４番１４号,2022-08-04,株式会社
株式会社ＩＺＵＭＩ,三重県三重郡菰野町大字潤田３５５番地１,2022-08-04,株式会社
株式会社Ｊ‐ＮＥＸＵＳ,神奈川県川崎市幸区幸町１丁目７８０番地３７グランイーグル川崎５０２,2022-08-04,株式会社
株式会社ＪＯＧ　Ｊａｐａｎ,東京都渋谷区広尾３丁目４番８号ウヴラージュ広尾２０３,2022-08-04,株式会社
株式会社Ｋ‐スタイル,神奈川県座間市相武台１丁目４１番５号,2022-08-04,株式会社
株式会社ＫＡＡＱ　ＬＯＧＩＳＴＩＣＳ,愛知県名古屋市名東区平和が丘５丁目１０９番地（平和ヶ丘ＹＯハウス１０２号）,2022-08-04,株式会社
株式会社ＫＡＺ・インターナショナル,埼玉県北本市宮内６丁目５２番地１,2022-08-04,株式会社
株式会社ＫＨＫホールディングス,東京都渋谷区渋谷１丁目１０番３号,2022-08-04,株式会社
株式会社ＫＯＴＯＨＡ,愛媛県松山市古川西３丁目３番１０号,2022-08-04,株式会社
株式会社ＫＳＣ,神奈川県藤沢市亀井野１丁目１５番地の２,2022-08-04,株式会社
株式会社ＫＳＥ　ｐｌｕｓ,大阪府大阪市中央区平野町３丁目１番９号,2022-08-04,株式会社
株式会社Ｋｏｋｏｎａ,兵庫県姫路市南町７６番地,2022-08-04,株式会社
株式会社ＬＩＢＥＲＯ,愛知県一宮市浅野字大西１３７番地,2022-08-04,株式会社
株式会社ＬＩＢＥＲＴＡＤ,東京都八王子市三崎町４－１１トーネンビル６ＦＢ,2022-08-04,株式会社
株式会社ＬＹＫ,大阪府大阪市西成区松１丁目５番４号２０３号室,2022-08-04,株式会社
株式会社Ｌｉｖｅ　Ｂｏｘ,埼玉県さいたま市南区辻２丁目３番２７号小山ハイツ２０２,2022-08-04,株式会社
株式会社Ｌｉｖｉｔａｅ,愛知県春日井市下条町３丁目１２番地１０ドミール２０２号,2022-08-04,株式会社
株式会社Ｌｕｚ,東京都八王子市楢原町２７５番地３,2022-08-04,株式会社
株式会社Ｍ’ｓテクニカル,熊本県熊本市南区八分字町３０６番地９,2022-08-04,株式会社
株式会社Ｍ＆Ｉクリエーション,香川県高松市仏生山町甲３０００番地１,2022-08-04,株式会社
株式会社ＭＪ,東京都台東区上野５丁目１８番７号,2022-08-04,株式会社
株式会社ＭＯＮＯＬＩＴＨ,長野県千曲市大字須坂１２番地１,2022-08-04,株式会社
株式会社ＭＯＳＴ,富山県下新川郡入善町青木２０２１番地,2022-08-04,株式会社
株式会社ＭＵＲＡＳＡＭＥ,東京都府中市新町２丁目５１番２６号,2022-08-04,株式会社
株式会社Ｍａｋｅ　Ｙｏｕｒ　Ｄａｙ,長崎県長崎市伊勢町２番３０－４０２号,2022-08-04,株式会社
株式会社Ｍｉｍｏｓａ,大阪府大阪市中央区北浜３丁目５番２２号オリックス淀屋橋ビル３階３０２号,2022-08-04,株式会社
株式会社Ｍｉｘｅｄ　Ｎｕｔｓ,東京都中央区銀座１丁目１２－４Ｎ＆ＥＢＬＤ．７階,2022-08-04,株式会社
株式会社Ｍｉｙａｍｏｔｏ　Ｇｒｏｕｐ,滋賀県大津市日吉台２丁目１９番１２号,2022-08-04,株式会社
株式会社ＭｏｖｅＮｏｗ,東京都世田谷区北沢２丁目２２番９号,2022-08-04,株式会社
株式会社Ｍｓｔｙｌｅ,東京都稲城市矢野口６６９番地９,2022-08-04,株式会社
株式会社Ｎ・Ｔサービス,大阪府寝屋川市成美町５番１７号,2022-08-04,株式会社
株式会社Ｎ建商,香川県三豊市豊中町岡本２９０番地,2022-08-04,株式会社
株式会社ＮＡＺＡ,東京都江戸川区北小岩５丁目３６番１号,2022-08-04,株式会社
株式会社ＮＥＸＴスマイル,愛知県名古屋市千種区楠元町１丁目４３番地の１,2022-08-04,株式会社
株式会社ＮＥＸＵＳ,神奈川県平塚市岡崎３９２７番地の９,2022-08-04,株式会社
株式会社ＮＮアセットマネジメント,東京都渋谷区神山町３９番１２号,2022-08-04,株式会社
株式会社ＮＳＰ,埼玉県春日部市道口蛭田１２番地５,2022-08-04,株式会社
株式会社Ｎｅｘｔ　Ｌｅａｐ,大阪府大阪市中央区島之内１丁目１６－２２おおきに長堀橋鰻谷北サニーアパートメント８０４,2022-08-04,株式会社
株式会社Ｎｓ．ｄｒｅ,東京都荒川区西日暮里２丁目４９－５－４０１,2022-08-04,株式会社
株式会社ＯＣＴ　ＷＯＲＫＳ．,愛知県清須市春日川中３０番地,2022-08-04,株式会社
株式会社ＯＲＡＮＧＥ　Ｗｏｒｋｓ,東京都品川区上大崎２丁目１５番１９号,2022-08-04,株式会社
株式会社Ｏｎｆｌｅｅｋ　Ａｇｅｎｔ,東京都新宿区西新宿７丁目１８番１９号新宿税理士ビル第二別館佐竹ビル２２１,2022-08-04,株式会社
株式会社ＰＬＡＹＦＵＬ　ＭＡＧ,神奈川県茅ヶ崎市出口町８番１３－２号,2022-08-04,株式会社
株式会社ＰＬＯＯＦ,神奈川県相模原市緑区原宿３丁目７番７号ハイツセカンド１０１,2022-08-04,株式会社
株式会社ＰＬＵＳ　ＵＰ,大阪府大阪市中央区久太郎町１丁目５番３１号,2022-08-04,株式会社
株式会社Ｒ‐ＯＮＥ,愛知県名古屋市緑区有松１０６０番地富田ビル２０６,2022-08-04,株式会社
株式会社ＲＩＡ,三重県亀山市栄町１４１８番地２１ハイマート栄Ａ２０５号,2022-08-04,株式会社
株式会社ＲＩＤＧＥ,愛媛県東温市南方２５４番地３,2022-08-04,株式会社
株式会社ＲＴＰ,大阪府大阪市中央区島之内１丁目２２番２３号堺筋山忠ビル９０２号,2022-08-04,株式会社
株式会社Ｒｅ‐Ｃｌｏｕｄ,広島県庄原市中本町１丁目８番１号２Ｆ,2022-08-04,株式会社
株式会社Ｒｅ　ｖｉｓｉｏｎｅ,大阪府大阪市中央区南船場２丁目１１番１２号アオヤマビル８Ｆ－Ｂ,2022-08-04,株式会社
株式会社Ｒｕｌｅｄ　ｌｉｎｅ,長野県松本市中央２丁目３番２０号,2022-08-04,株式会社
株式会社Ｒｙｏ,東京都千代田区東神田１丁目１４番１７－１３０３号,2022-08-04,株式会社
株式会社Ｓ‐ＷＩＬＬ,愛媛県松山市和泉南５丁目６番７号,2022-08-04,株式会社
株式会社ＳＡＫＵＲＡ,兵庫県姫路市市川橋通１丁目１７番地１－２０１,2022-08-04,株式会社
株式会社ＳＡＴＴＯ,神奈川県大和市南林間８丁目２－１０－２,2022-08-04,株式会社
株式会社ＳＢＣ,宮城県仙台市宮城野区岩切字谷地８番地４－１０２号,2022-08-04,株式会社
株式会社ＳＣＡＦＦＯＬＤ,神奈川県川崎市川崎区中島３丁目９番１号,2022-08-04,株式会社
株式会社ＳＣＥＮＥ,愛知県名古屋市中区錦２丁目５番３２号,2022-08-04,株式会社
株式会社ＳＥ．ナンバー,埼玉県草加市氷川町１６１番地１３,2022-08-04,株式会社
株式会社ＳＥＮＳＥ　ＴＡＫＡＳＡＫＩ,群馬県高崎市宿横手町１４１番地４,2022-08-04,株式会社
株式会社ＳＨＯＫＥＮ,茨城県鹿嶋市大字下津２６５番地２６（メゾンラメールⅡ－１０２）,2022-08-04,株式会社
株式会社ＳＨＯＷ　ＴＩＭＥ,福岡県飯塚市北古賀１８０番地４リバーサイド中園Ａ号,2022-08-04,株式会社
株式会社ＳＫ２４,北海道札幌市中央区北六条西２０丁目２番２９号２階,2022-08-04,株式会社
株式会社ＳＬＣ,東京都世田谷区等々力５丁目３０番１０号,2022-08-04,株式会社
株式会社ＳＬＯＰＥ,東京都中央区日本橋人形町１丁目１５番４号,2022-08-04,株式会社
株式会社ＳＲ２コーポレーション,神奈川県川崎市中原区小杉町１丁目４０３番地１０－４０３,2022-08-04,株式会社
株式会社ＳＵＩ,東京都世田谷区代沢５丁目３３番５号,2022-08-04,株式会社
株式会社ＳＷＩＮＧエンターテインメントアンドコミュニケーションズ,山口県山口市吉敷上東２丁目２番１５号,2022-08-04,株式会社
株式会社Ｓｈｉｎｅ　Ｓｔｅｌｌａ,東京都豊島区西池袋１丁目２９番１４－２０４号,2022-08-04,株式会社
株式会社Ｓｉｅｇ,熊本県熊本市南区近見８丁目６－１１アニューエイティ２０２号,2022-08-04,株式会社
株式会社Ｓｍｉｌｅｓｈｉｐ,福岡県福岡市南区野多目４丁目１４番４７号,2022-08-04,株式会社
株式会社Ｔ‐ａｃｔ,東京都足立区千住曙町３２－１５,2022-08-04,株式会社
株式会社Ｔ＆Ｍ．Ｉｎｖｅｓｔｍｅｎｔ,東京都武蔵野市桜堤２丁目１３番１－８１９号,2022-08-04,株式会社
株式会社Ｔ＆Ｔ,神奈川県大和市西鶴間２丁目６番１６号,2022-08-04,株式会社
株式会社ＴＡＬＯ,兵庫県伊丹市伊丹４丁目６番１４号,2022-08-04,株式会社
株式会社ＴＭＣ,神奈川県相模原市中央区相模原５丁目９番２号９Ｆ,2022-08-04,株式会社
株式会社ＴＯＬＦ,福岡県福岡市東区名島３丁目２２番１６号,2022-08-04,株式会社
株式会社ＴＯＳＡＲＡＫＵ,高知県高知市福井町１９７０番地２８,2022-08-04,株式会社
株式会社ＴＲＵＮＫ,神奈川県大和市林間２丁目１番２５号ルックハイツ南林間１０５,2022-08-04,株式会社
株式会社ＴＳＴＭ,北海道札幌市豊平区豊平六条３丁目４番３８号コーポひだの２Ｆ,2022-08-04,株式会社
株式会社Ｔａｍａｋｉ,沖縄県沖縄市古謝２丁目１２－２１,2022-08-04,株式会社
株式会社ＴｅＹ,岩手県岩手郡葛巻町葛巻第３９地割１５９番地３,2022-08-04,株式会社
株式会社Ｔｓｕｋｕｓｈｉ,福岡県福岡市西区姪浜駅南３丁目１５－２４－５０１,2022-08-04,株式会社
株式会社Ｕｒｓｕｌａ,神奈川県相模原市緑区二本松３丁目１４－２２マハローラ２０２,2022-08-04,株式会社
株式会社ＶＯＬＴ,大阪府守口市菊水通４丁目９番５号,2022-08-04,株式会社
株式会社Ｖｉｃｓｏｌ,大阪府大阪市東淀川区東中島１丁目６番１４号新大阪第二日大ビル３０９号,2022-08-04,株式会社
株式会社ＶｘＲＥＤ,埼玉県さいたま市桜区大字下大久保９３０－１キャピタルピット２０１,2022-08-04,株式会社
株式会社ＷＩＴＨＹＯＵエンタープライズ,東京都新宿区高田馬場４丁目２番９号コスタレイ高田馬場２０２,2022-08-04,株式会社
株式会社Ｗｉｎ　ｔｈｒｏｕｇｈ,東京都北区滝野川１丁目５４番３号,2022-08-04,株式会社
株式会社Ｘｅｎｏ,徳島県徳島市応神町西貞方字小島１０２番地４,2022-08-04,株式会社
株式会社ＹＭＴＫ,埼玉県越谷市川柳町２丁目４１０番地,2022-08-04,株式会社
株式会社ＹＯＳＨＩＺＡＷＡ　Ｐｒｅｍｉｕｍ　Ｗｏｒｋｓ新潟,新潟県新潟市中央区万代１丁目６番１号,2022-08-04,株式会社
株式会社Ｙａｍａｋａｗａ,岐阜県可児市広見１７２８番地１,2022-08-04,株式会社
株式会社ＺＥＲＯＳＴＡ,愛知県名古屋市西区上名古屋４丁目１２番１４号,2022-08-04,株式会社
株式会社ｃｏｎ　ａｎｉｍａ,愛知県名古屋市中村区名駅３丁目２０番２０号名駅錦ビル６Ｆ,2022-08-04,株式会社
株式会社ｄｉｌｕｔａ,香川県丸亀市今津町１０３番地,2022-08-04,株式会社
株式会社ｅｋｅｉ　ｌａｂｓ,東京都渋谷区神南１丁目１１番３号ＰＯＲＴＡＬＰＯＩＮＴＳＨＩＢＵＹＡ,2022-08-04,株式会社
株式会社ｌａｉａ,東京都武蔵野市吉祥寺本町１丁目１８番２号Ｍ９ビル８Ｆ,2022-08-04,株式会社
株式会社ｌｅ　ｃｏｃｏｎ,長野県長野市川中島町上氷鉋５０１番地３２,2022-08-04,株式会社
株式会社ｌｉｔｔｌｅａｍｕｌｅｔ,神奈川県横浜市西区高島２丁目１１番２号スカイメナー横浜５１９,2022-08-04,株式会社
株式会社ｍｅｒ,岐阜県恵那市武並町藤字花の木２４０３番１５０,2022-08-04,株式会社
株式会社ｏｆｆｉｃｅ　ｚｕｃｃｈｉｎｉ,大阪府大阪市北区天満２丁目１２－３ヴィレッジリバー南森町４－Ｄ,2022-08-04,株式会社
株式会社ｏｆｆｉｉｃｅ．ｋ,三重県いなべ市北勢町下平３１５番地,2022-08-04,株式会社
株式会社ｓｏｒａｉｒｏ,大阪府大阪市東淀川区東淡路４丁目２０番８－２０２号,2022-08-04,株式会社
株式会社ｕ,東京都中央区銀座１丁目６番６号ＧＩＮＺＡＡＲＲＯＷＳ７Ｆ,2022-08-04,株式会社
株式会社ｙ．エフォート,神奈川県横浜市戸塚区上矢部町７９６番地１０,2022-08-04,株式会社
株式会社ｙｅｓｊａｐａｎ,東京都中央区築地２丁目８番１号,2022-08-04,株式会社
梟農園株式会社,岡山県津山市河辺６６２番地７,2022-08-04,株式会社
池永建設株式会社,東京都葛飾区東新小岩３丁目８番５－４０５号,2022-08-04,株式会社
池田電工株式会社,広島県三原市宮浦５丁目１３番７号,2022-08-04,株式会社
浅井情報技術株式会社,愛知県額田郡幸田町大字相見字阿原３２番地,2022-08-04,株式会社
海天合同会社,東京都中野区本町４丁目４５番９号,2022-08-04,合同会社
清水エステート株式会社,神奈川県川崎市川崎区伊勢町４番９号,2022-08-04,株式会社
清水物産丸高工務店株式会社,茨城県稲敷市清水２０６０番地１,2022-08-04,株式会社
無限責任千歳村ターツウシナイ負債整理組合,北海道千歳市（千歳郡千歳村大字千歳村字ターツウシナイ）,2022-08-04,その他の設立登記法人
特定非営利活動法人つきぐるみ,埼玉県さいたま市岩槻区大字柏崎１２２１番地５,2022-08-04,その他の設立登記法人
特定非営利活動法人動物医療健康協会,埼玉県越谷市千間台西１丁目５番地２ＫＭビル２０２株式会社エクステージ注文住宅設計内,2022-08-04,その他の設立登記法人
特定非営利活動法人尚志館,北海道苫小牧市美園町４丁目１番３号,2022-08-04,その他の設立登記法人
特定非営利活動法人日本弱者男性センター,神奈川県横浜市緑区長津田４丁目９番６号ホドガヤマンション３０６号,2022-08-04,その他の設立登記法人
特定非営利活動法人桃手スマート・サポート,埼玉県和光市広沢１番２号,2022-08-04,その他の設立登記法人
珊瑚株式会社,千葉県船橋市北本町２丁目５７番２－２０３号,2022-08-04,株式会社
生活のデジタル化サポートセンター株式会社,神奈川県茅ヶ崎市東海岸北２丁目８番２１号,2022-08-04,株式会社
盛岡市廃棄物処分場環境保全対策協議会,岩手県盛岡市若園町２－１８,2022-08-04,その他
知誠株式会社,東京都世田谷区桜上水１丁目２４番２２号ソネット経堂２０３号室,2022-08-04,株式会社
税理士法人八木会計,神奈川県相模原市緑区橋本６丁目２７番２号第一間瀬ビル５階,2022-08-04,その他の設立登記法人
第一グループホールディングス株式会社,東京都新宿区西新宿７丁目５番２５号,2022-08-04,株式会社
縁株式会社,埼玉県川口市上青木１丁目３番３９号,2022-08-04,株式会社
肆喜株式会社,兵庫県神戸市中央区日暮通４丁目１番６,2022-08-04,株式会社
葵株式会社,滋賀県長浜市小堀町１９７番地１７,2022-08-04,株式会社
行政書士法人ＷＩＳＥ　ＰＡＲＴＮＥＲ,東京都千代田区九段南４丁目７番２２号メゾン・ド・シャルー３０５,2022-08-04,その他の設立登記法人
裕真建設株式会社,岡山県岡山市南区福島３丁目１４番２８号,2022-08-04,株式会社
西辰産業株式会社,福岡県福岡市東区箱崎７丁目２０番６号,2022-08-04,株式会社
誉興業株式会社,大阪府東大阪市友井５丁目３番８－２０６号,2022-08-04,株式会社
金木株式会社,東京都豊島区池袋本町４丁目３４－４,2022-08-04,株式会社
鑫鑫貿易株式会社,山口県宇部市大字東須恵１４４８番地４,2022-08-04,株式会社
阿部商事株式会社,千葉県市川市相之川１丁目２０番７号ライオンズガーデンシティ南行徳２０６,2022-08-04,株式会社
雷音株式会社,北海道札幌市中央区北三条西４丁目１番地１,2022-08-04,株式会社
霞ヶ関税理士法人,埼玉県川越市東田町５番地３３,2022-08-04,その他の設立登記法人
韶深株式会社,大阪府大阪市中央区南船場１丁目１３－１５長堀三栄プラザ３１５室,2022-08-04,株式会社
齊藤重建工業株式会社,秋田県大館市沼館字神田表１２番地２,2022-08-04,株式会社
１７Ｔｒａｄｅ株式会社,愛知県名古屋市北区杉栄町５丁目１１９番地の２,2022-08-04,株式会社
３６‐ＶｉｅｔＭａｒｔ合同会社,大阪府大阪市西成区花園北２丁目１５番３１号,2022-08-04,合同会社
Ａ‐Ｐａｒｔｎｅｒｓ合同会社,新潟県新潟市西区青山８丁目２番３３号,2022-08-04,合同会社
ＡＡＤＨＡＭ　ＭＯＴＯＲ　ＴＲＡＤＩＮＧ　ＰＶＴ　ＬＴＤ,千葉県大網白里市清水字芝９５８－１０－６,2022-08-04,外国会社等
ＡＢＥ　ＭＯＴＯＲＳ合同会社,千葉県八街市沖２０３０番地５,2022-08-04,合同会社
ＡＣＥ株式会社,大阪府大阪市生野区林寺２丁目１番２１号１Ｆ,2022-08-04,株式会社
ＡＩＯＮ株式会社,大阪府大阪市浪速区湊町２丁目２番５－１４１６号,2022-08-04,株式会社
ＡＫＡＳＡＫＡ　ＡＵＴＯ　ＴＲＡＤＩＮＧ,千葉県佐倉市大篠塚７７３－Ａ,2022-08-04,外国会社等
Ａｆｔｅｒ　ｔｈｅ　Ｒａｉｎ合同会社,東京都港区芝浦４丁目２０番２－２３０１号,2022-08-04,合同会社
Ａｙｙａｎ　Ａｕｔｏ　Ｃｏｒｐｏｒａｔｉｏｎ,千葉県八街市朝日２８４－１０,2022-08-04,外国会社等
Ｂインパクト３号合同会社,東京都渋谷区渋谷２丁目２４番１２号,2022-08-04,合同会社
ＣＤＣ信用保証株式会社,東京都渋谷区恵比寿南２丁目１番８号,2022-08-04,株式会社
ＣＩＳ　Ｍｏｖｉｅ　Ｗｏｒｋｓ株式会社,千葉県流山市おおたかの森東４丁目４６番地の１,2022-08-04,株式会社
Ｄｅｆｔ株式会社,愛知県丹羽郡扶桑町大字高雄字中海道１２２番地４,2022-08-04,株式会社
Ｄｉｖｅｒｓｉｔｙ　Ｈｏｌｄｉｎｇｓ合同会社,東京都中央区銀座１丁目１２番４号Ｎ＆Ｅ・ＢＬＤ６階,2022-08-04,合同会社
Ｆ．Ｗ．Ｍ株式会社,大阪府大阪市都島区片町１丁目４番７号カスティーヨ天満橋３０２号,2022-08-04,株式会社
ＦＵＳＯホールディングス株式会社,静岡県島田市三ッ合町１２８５番地の２,2022-08-04,株式会社
Ｆｅｅｌｆｒｅｅ合同会社,北海道虻田郡ニセコ町字本通１６６番地１,2022-08-04,合同会社
ＦｏｕｎｄＮａｔｉｏｎ株式会社,東京都新宿区西新宿３丁目３番１３号西新宿水間ビル６階,2022-08-04,株式会社
Ｇｏｌｉａｔｈ合同会社,東京都中央区京橋２丁目８番２１号仁大ビル天翔オフィス京橋７４０号室,2022-08-04,合同会社
ＨＡＳコンサルティングエステート合同会社,神奈川県川崎市宮前区宮前平２丁目５番地２３ルピアコート宮前平５０１,2022-08-04,合同会社
ＨＩＴＯＴＳＵＭＥ合同会社,東京都千代田区六番町４番地５,2022-08-04,合同会社
ＨＴＧｒｏｕｐ合同会社,埼玉県蕨市中央５丁目５番１３号,2022-08-04,合同会社
ＩＢＮリスクマネジメント岡山株式会社,岡山県岡山市北区本町６番３６号第一セントラルビル４階,2022-08-04,株式会社
ＩＦ　ＹＯＵ　ＷＡＮＴ合同会社,東京都渋谷区神宮前６丁目２３－４桑野ビル２Ｆ,2022-08-04,合同会社
ＩＭＮＫ株式会社,東京都渋谷区広尾５丁目７番３５号広尾コンプレックスビル２Ｆ,2022-08-04,株式会社
ＩＳＵＺＵ合同会社,東京都中央区日本橋茅場町２丁目１７番地９号長尾ビル３Ｆ,2022-08-04,合同会社
ＩＴＣマネジメント株式会社,鹿児島県鹿児島市堀江町１番２１号,2022-08-04,株式会社
Ｉｓｈ株式会社,大阪府大阪市阿倍野区北畠１丁目２２－１２－３０５,2022-08-04,株式会社
ＪＡＰＡＮＴＩＧＥＲＳ合同会社,埼玉県東松山市大字毛塚５７８－１,2022-08-04,合同会社
ＪＡＳ株式会社,大阪府大阪市都島区東野田町４丁目５－２翠連マンション４０６号室,2022-08-04,株式会社
ＪＵＫＥＳＷＥＬＬ株式会社,大阪府大阪市北区梅田１丁目１－３大阪駅前第３ビル２９階１－１－１号室,2022-08-04,株式会社
Ｋ‐ｔｒｅｎｄ　ｊａｐａｎ株式会社,愛知県名古屋市中区千代田２丁目１９番７号１Ｆ,2022-08-04,株式会社
Ｌ　ｔｒｅａｔ合同会社,東京都八王子市四谷町７６３番地６,2022-08-04,合同会社
Ｌｓ３株式会社,愛知県名古屋市東区葵３丁目２４番２号,2022-08-04,株式会社
ＭＥＮＤＩＳ　ＭＯＴＯＲＳ＆ＣＯ,千葉県八街市八街ほ６６９－１６,2022-08-04,外国会社等
ＭＯＳＴ株式会社,兵庫県神戸市中央区琴ノ緒町５丁目５－９フューチャービル３階３０２号,2022-08-04,株式会社
Ｍｒｋｅｙ　ｓｙｓｔｅｍ合同会社,大阪府大阪市淀川区宮原１丁目１番１号新大阪阪急ビル３Ｆ,2022-08-04,合同会社
ＮＨＡＴ　ＭＩＮＨ合同会社,愛知県名古屋市中川区横堀町３丁目３１番地ジーニアスＩ、４０５号,2022-08-04,合同会社
ＮＩＰＰＯＮ　ＮＥＴ　ＥＮＴＥＲＰＲＩＳＥＳ,千葉県八街市朝日２８４－１０－２,2022-08-04,外国会社等
ＮＯＧＡＭＩ合同会社,大分県大分市国分新町３６－１,2022-08-04,合同会社
ＮＰＯ法人アニマルボランティアサポート,福岡県福岡市東区美和台５丁目１番２２－２０１号ハイカムール・メイプル,2022-08-04,その他の設立登記法人
ＮＳエンジニアリング合同会社,茨城県結城市大字結城１２００４番地７,2022-08-04,合同会社
Ｎｉｃｏｌｄｓｙｓｔｅｍ株式会社,富山県中新川郡立山町新堀１２８２番地４,2022-08-04,株式会社
Ｎｕｓｓｌｉ　Ｊａｐａｎ合同会社,大阪府大阪市北区豊崎３丁目１６番１６－１１０１号,2022-08-04,合同会社
ＯＨ‐ＢＵＤＤＹ株式会社,茨城県つくばみらい市上平柳１１４３番地１,2022-08-04,株式会社
ＯＨ‐Ｓ．ＪＡＰＡＮ株式会社,沖縄県名護市港１丁目１４番１号アダンホテル１ＦＡ号室,2022-08-04,株式会社
ＯＲＩＥＮＴ＆ＰＡＣＩＦＩＣ　ＥＮＴＥＲＰＲＩＳＥ株式会社,東京都八王子市大塚４９９番地１,2022-08-04,株式会社
ＯＲＩＯＮ　ＭＯＴＯＲＳ,千葉県八街市東吉田７２５番地オフィス２号,2022-08-04,外国会社等
ＯＸ－ＢＲＩＤＧＥ　ＮＥＰＡＬ　ＥＤＵＣＡＴＩＯＮ　ＣＯＮＳＵＬＴＡＮＣＹ　ＰＶＴ．ＬＴＤ．,神奈川県横浜市神奈川区子安台１丁目９－１３,2022-08-04,外国会社等
Ｏｋｉｎａｗａ　Ｅｎｔｅｒｐｒｉｓｅｓ,千葉県八街市山田台４９４番地５－Ｂ,2022-08-04,外国会社等
Ｏｓａｋａ　Ｉｎｄｙ株式会社,大阪府大阪市平野区加美正覚寺３丁目２番２０－４０６号,2022-08-04,株式会社
ＰＨＡＭ　ＱＵＹＮＨ関東株式会社,東京都豊島区巣鴨３丁目１３番６号,2022-08-04,株式会社
ＰＰＦＩＬＭ株式会社,大阪府大阪市西成区松２丁目４－２７ライフステージ花園５０４号室,2022-08-04,株式会社
ＰＳＢ合同会社,東京都新宿区下宮比町２番２８号飯田橋ハイタウン８１５号室,2022-08-04,合同会社
Ｐｉｖｏｔ合同会社,三重県伊勢市桜木町１１５番地２１,2022-08-04,合同会社
Ｒ＆Ｓ合同会社,福岡県久留米市通東町５番地１６富士ビル４０７,2022-08-04,合同会社
Ｒｏｓｅａｎｎ株式会社,茨城県牛久市小坂町２１７２－１,2022-08-04,株式会社
ＳＡＰＰＯＲＯ　ＴＲＡＤＩＮＧ　ＰＲＩＶＡＴＥ　ＬＩＭＩＴＥＤ,千葉県山武郡九十九里町片貝１７６１番地４シェアオフィスⅠ号,2022-08-04,外国会社等
ＳＣＫ株式会社,沖縄県宜野湾市嘉数４丁目１４番７号,2022-08-04,株式会社
ＳＨＡＮ　ＡＵＴＯ,千葉県山武市和田１１６２番地１ハイツグリーンウッド１０１－１,2022-08-04,外国会社等
ＳＨＩＧＡ－ＫＡＮＤＹ　ＭＯＴＯＲＳ　ＰＲＩＶＡＴＥ　ＬＩＭＩＴＥＤ,千葉県八街市文違６０－３４オフイス２号,2022-08-04,外国会社等
ＳＫＹ　ＬＩＮＫ合同会社,東京都新宿区新宿２丁目１２番１３号新宿アントレサロンビル２階,2022-08-04,合同会社
ＳＰＲＡＹ株式会社,東京都江戸川区東小岩６丁目３２－２,2022-08-04,株式会社
ＳＵＢＲＩ　ＭＵＴＨＴＨＵ　ＲＩＣＥ　ＭＩＬＬ,千葉県八街市東吉田７２５番地オフィス３号,2022-08-04,外国会社等
ＳＵＮＳＰＥＬ株式会社,神奈川県鎌倉市七里ガ浜１丁目９番２２号,2022-08-04,株式会社
Ｓｅｅｃｏ　Ｌａｎｋａ　Ｐｖｔ　Ｌｔｄ,茨城県東茨城郡茨城町大字奥谷１８２１－３５－１０１,2022-08-04,外国会社等
ＳｋｕｎＰ合同会社,京都府京都市西京区山田大吉見町３－２,2022-08-04,合同会社
Ｔ．ｂｒｉｄｇｅ株式会社,大阪府茨木市島４丁目１１番３０号,2022-08-04,株式会社
ＴＡＣＫＬＥ株式会社,三重県津市白山町二本木５２６番地,2022-08-04,株式会社
ＴＨＥ　ＩＭＡＧＥ　ＨＯＵＳＥ,千葉県八街市東吉田７２５番地オフィス１４号,2022-08-04,外国会社等
ＴＶＮ　ＢＲＯＳ株式会社,群馬県伊勢崎市曲沢町７６７番地１４,2022-08-04,株式会社
ＵＳＡＮ株式会社,大阪府大阪市西淀川区歌島２丁目１０番５－１１０３号,2022-08-04,株式会社
ＶＩＢ株式会社,広島県福山市沖野上町４丁目８番２３号,2022-08-04,株式会社
Ｖｌｉｇｈｔｕｐ株式会社,東京都千代田区丸の内１丁目１１番１号,2022-08-04,株式会社
Ｗ・Ｆ・Ｃ株式会社,福岡県嘉麻市牛隈１３６２番地１,2022-08-04,株式会社
ＷＡＶＶ株式会社,大阪府守口市南寺方東通４丁目２０番２３号,2022-08-04,株式会社
Ｙ’ｓクリーンサービス株式会社,岐阜県美濃加茂市中部台４丁目６番地２,2022-08-04,株式会社
Ｚｅｒｏ　Ｏｎｅ合同会社,東京都中央区銀座７丁目１５番８号タウンハイツ銀座４０６,2022-08-04,合同会社
＿程株式会社,大阪府大阪市東成区深江北３丁目４番２１号エクラ深江橋１１０Ｃ,2022-08-04,株式会社
ｂｕｄｄｙ　ｃｏｎｓｕｌｔｉｎｇ株式会社,奈良県奈良市鹿野園町５３１番地３,2022-08-04,株式会社
ｅ‐ＦＯＬＬＯＷ株式会社,新潟県新潟市南区大通黄金５丁目１４番地６,2022-08-04,株式会社
ｅＭａｇｅ　Ｓｙｓｔｅｍｓ合同会社,東京都町田市中町１丁目４番２号,2022-08-04,合同会社
ｇＭＫホールディングス株式会社,福岡県福岡市東区松香台１丁目８番３９号,2022-08-04,株式会社
ｐａｓ合同会社,新潟県新潟市中央区東堀前通５番町４２２番地五泉屋ビル３階,2022-08-04,合同会社
ｑｉｎｇ　ｄａｏ　ｃｏｎｇ　ｌａｎ　ｍａｏ　ｙｉ　ｙｏｕ　ｘｉａｎ　ｇｏｎｇ　ｓｉ,,2022-08-04,外国会社等
ｔｙａｄ株式会社,神奈川県横浜市中区花咲町１丁目４８番３号ロゼ桜木町４０６号,2022-08-04,株式会社
あおい株式会社,千葉県印西市高花５丁目１６番地１,2022-08-05,株式会社
あぐりす合同会社,千葉県我孫子市新木１５６８番地,2022-08-05,合同会社
おれんぢ株式会社,広島県広島市安佐南区大塚西７丁目７番３５号,2022-08-05,株式会社
かえてくコンサルティング合同会社,埼玉県蓮田市東６丁目４番１７号ＯｐｕｓⅡ－２０３号,2022-08-05,合同会社
じょう商店合同会社,宮城県石巻市向陽町２丁目３番７号,2022-08-05,合同会社
すなまち不動産株式会社,東京都江東区東砂４丁目１６番１０号,2022-08-05,株式会社
せんむすび合同会社,大阪府大阪市北区梅田１丁目２番２号大阪駅前第２ビル２階５－６号室,2022-08-05,合同会社
なんでも不動産鑑定団株式会社,東京都渋谷区代々木２丁目３０番２号,2022-08-05,株式会社
みやつき株式会社,東京都中野区沼袋２丁目１９番１１号フジテラス中野２１２号室,2022-08-05,株式会社
みらいパートナーズ株式会社,神奈川県横浜市西区みなとみらい２丁目２－１ランドマークプラザ５Ｆ,2022-08-05,株式会社
もぐもぐ青虫株式会社,千葉県八千代市村上南５丁目８番地６レクセルグランデ勝田台４１７号,2022-08-05,株式会社
やまと興業株式会社,長野県飯田市中村７０４番地２,2022-08-05,株式会社
わいた第２地熱発電株式会社,熊本県阿蘇郡小国町大字宮原２３２２番１号,2022-08-05,株式会社
アイエヌジー株式会社,愛知県北名古屋市熊之庄石原８３番地２,2022-08-05,株式会社
アイエフアセット合同会社,埼玉県春日部市豊野町２丁目１９番地１,2022-08-05,合同会社
アイスチェンジ株式会社,大阪府河内長野市神ガ丘８９０番地,2022-08-05,株式会社
アイディ株式会社,神奈川県横浜市緑区三保町２４５３番地サンテラスＭＩＨＯ２０３号,2022-08-05,株式会社
アイビー工業株式会社,群馬県高崎市中室田町１０６７番地,2022-08-05,株式会社
アキ株式会社,栃木県宇都宮市下栗町７５７番地３６ソーレルメゾン２０１,2022-08-05,株式会社
アコブライト合同会社,東京都目黒区平町１丁目４番２２号,2022-08-05,合同会社
アドラゴスファーマ株式会社,茨城県取手市小文間５６６２番地,2022-08-05,株式会社
アフリカ株式会社,大阪府大阪市東淀川区豊新５丁目１４番１７号第２道山マンション３０５号,2022-08-05,株式会社
アリママ株式会社,大阪府大阪市天王寺区筆ケ崎町６番１２－２７０１号,2022-08-05,株式会社
イエン合同会社,東京都足立区中央本町１丁目１６番１－３０６号,2022-08-05,合同会社
インベスト佐々木株式会社,島根県浜田市竹迫町２３７４番地２０,2022-08-05,株式会社
エリエールフィールドパートナー株式会社,東京都千代田区富士見２丁目１０番２号,2022-08-05,株式会社
カイエンロジスティクス株式会社,大阪府泉佐野市若宮町４番１８号レナート若宮３０３号室,2022-08-05,株式会社
カンザス特定目的会社,東京都中央区銀座１丁目６番１１号アースタックス税理士法人内,2022-08-05,その他の設立登記法人
ギルドフォース合同会社,埼玉県行田市藤原町３丁目９番地３,2022-08-05,合同会社
クラフタスジャパン株式会社,東京都世田谷区若林３丁目１番１８号,2022-08-05,株式会社
クロスレッカーサービス株式会社,群馬県吾妻郡東吾妻町大字箱島１１８９番地２,2022-08-05,株式会社
グッドファット合同会社,千葉県船橋市前原西２丁目１４－２津田沼駅前安田ビル別館２階,2022-08-05,合同会社
グリーン・ライフ合同会社,群馬県前橋市粕川町女渕１４８０番地４,2022-08-05,合同会社
グローバルアクアテック合同会社,埼玉県さいたま市大宮区北袋町１丁目１９０番地２平和台Ａ－１１７,2022-08-05,合同会社
コネクトファーム株式会社,大阪府堺市西区山田１１６６番地４,2022-08-05,株式会社
サニースターズ合同会社,茨城県かすみがうら市稲吉東４丁目１４番１号,2022-08-05,合同会社
サンワテクニック株式会社,埼玉県所沢市大字南永井８４０番地の２,2022-08-05,株式会社
シュレーダー商会株式会社,兵庫県加古川市加古川町友沢２３５番地の５,2022-08-05,株式会社
スズキコンストラクション株式会社,愛知県一宮市蓮池字郷西６５番地１,2022-08-05,株式会社
ソリボーン株式会社,愛知県名古屋市中区錦１丁目５番１１号,2022-08-05,株式会社
ソーラー・ワン株式会社,東京都港区港南２丁目３番１３号,2022-08-05,株式会社
チームＡ株式会社,沖縄県那覇市久茂地１丁目１番１号９階,2022-08-05,株式会社
ディーメンテサービス株式会社,宮城県仙台市宮城野区高砂１丁目３０番地の１４,2022-08-05,株式会社
ニッセイ筑豊株式会社,福岡県飯塚市伊川５３７番地１,2022-08-05,株式会社
パール＆カンパニー合同会社,東京都豊島区西池袋３丁目２１－１３ウエストパークタワー１１０７号室,2022-08-05,合同会社
ビーアンドエス合同会社,栃木県栃木市境町４番１２号１０１,2022-08-05,合同会社
ファルコンソリューションズ合同会社,東京都武蔵野市御殿山２丁目８－９－３０６,2022-08-05,合同会社
フキヤ株式会社,愛知県安城市東栄町１丁目１０番１５号Ａ・Ｃｉｔｙ新安城東１１０,2022-08-05,株式会社
フジイコネクト合同会社,三重県四日市市羽津町２２番３０号,2022-08-05,合同会社
ブルーウイング税理士法人,愛知県岡崎市緑丘２丁目２番地１１,2022-08-05,その他の設立登記法人
ペグズホーム株式会社,東京都大田区東雪谷５丁目９番８号松本ビル１Ｆ,2022-08-05,株式会社
ミライ・コンサルタント株式会社,福島県郡山市富久山町久保田字石堂１番地の１,2022-08-05,株式会社
メイクワン株式会社,神奈川県横浜市保土ケ谷区初音ケ丘３８番２１号,2022-08-05,株式会社
ユー株式会社,熊本県熊本市北区植木町大和６９－１,2022-08-05,株式会社
ラッキー合同会社,神奈川県大和市上和田１０４１番地コーポかつらＡ２０２,2022-08-05,合同会社
ルビーエム株式会社,千葉県佐倉市新町７０－１アップルＡ１０３,2022-08-05,株式会社
ロットスマイル合同会社,埼玉県さいたま市見沼区大字南中野１０１４番地９,2022-08-05,合同会社
ワークソース株式会社,栃木県宇都宮市西川田５丁目３番１４号,2022-08-05,株式会社
一般社団法人あじさい,栃木県河内郡上三川町大字上郷２１３１－６,2022-08-05,その他の設立登記法人
一般社団法人つばさ公益社,長野県佐久市小田井９０６番地,2022-08-05,その他の設立登記法人
一般社団法人オーバル,佐賀県三養基郡上峰町大字坊所２５１４番地５６,2022-08-05,その他の設立登記法人
一般社団法人ダイバーシティ・ネットワークＳＡＫＵＲＡ,福岡県北九州市小倉北区浅野２丁目１番２１号駅西幹線ビル６０３,2022-08-05,その他の設立登記法人
一般社団法人ミチブシ,東京都港区西新橋１丁目２番９号メンターキャピタル税理士法人内,2022-08-05,その他の設立登記法人
一般社団法人ミント,愛知県名古屋市中川区横前町６８番地,2022-08-05,その他の設立登記法人
一般社団法人全日本青少年ｅスポーツ協会Ｇａｍｅｉｃ,東京都品川区西五反田２丁目９番７号,2022-08-05,その他の設立登記法人
一般社団法人国際交流スポーツ協会,兵庫県神戸市長田区日吉町４丁目１番４号ヒーモリビル２Ｆ,2022-08-05,その他の設立登記法人
一般社団法人大阪水都安全情報センター,大阪府大阪市旭区太子橋３丁目１５－１２－３０２,2022-08-05,その他の設立登記法人
一般社団法人天王山命教寺,兵庫県川辺郡猪名川町木津字笠嶺６番,2022-08-05,その他の設立登記法人
一般社団法人鹿島デジタル社会推進協会,佐賀県鹿島市大字中村１６４５番地１,2022-08-05,その他の設立登記法人
一般社団法人Ｂｅｌｌ　Ｂｏｔｔｏｍ　Ｊｅａｎｓ　Ｄａｙ,大阪府大阪市此花区伝法６丁目２番１－４０３号,2022-08-05,その他の設立登記法人
一般社団法人ＦｕｔｕｒｅＳＤＧｓ協会,東京都豊島区池袋２丁目１４－４池袋ＴＡビル８Ｆ,2022-08-05,その他の設立登記法人
一般社団法人ＪＣＩアクセシビリティ協会,徳島県鳴門市大麻町池谷字浜田９６番地１,2022-08-05,その他の設立登記法人
一般社団法人ＭＤ３３０事務サポートセンター,東京都中央区日本橋２丁目１２番９号日本橋グレイスビル２Ｆ,2022-08-05,その他の設立登記法人
一般社団法人Ｐｒｏ　Ｆｉｔ,兵庫県加古郡稲美町国岡４丁目１１５番地,2022-08-05,その他の設立登記法人
一般社団法人ＲＥＧＩＥ,島根県仁多郡奥出雲町三沢５０１番地１号,2022-08-05,その他の設立登記法人
一般社団法人ｔｓｕｎａｇａｒｉ,福島県須賀川市影沼町１２０番地２,2022-08-05,その他の設立登記法人
一般財団法人こども未来支援協会,東京都豊島区巣鴨２丁目１１番４号,2022-08-05,その他の設立登記法人
一般財団法人ふるさと創造センター,東京都豊島区巣鴨２丁目１１番４号,2022-08-05,その他の設立登記法人
三協自動車株式会社,三重県熊野市井戸町３１１５番地１,2022-08-05,株式会社
世味株式会社,東京都新宿区新宿１丁目２４番７号ルネ御苑プラザ７１０号室,2022-08-05,株式会社
中之島会計事務所株式会社,大阪府大阪市北区中之島３丁目６番３２号ダイビル本館,2022-08-05,株式会社
丸淳株式会社,熊本県天草市久玉町３１７３番地２,2022-08-05,株式会社
亀井建設株式会社,神奈川県横浜市瀬谷区本郷２丁目２番地２１守屋ハイツ１０３,2022-08-05,株式会社
二川上枝大前税理士法人,香川県高松市中央町１４番１６号,2022-08-05,その他の設立登記法人
信達晨テック株式会社,東京都港区浜松町２丁目２番１５号浜松町ダイヤビル２Ｆ,2022-08-05,株式会社
健美Ｐｌｕｓ株式会社,東京都豊島区池袋２丁目２２番１－７０１号,2022-08-05,株式会社
元ちゃんオフィス株式会社,沖縄県中頭郡嘉手納町字水釜５４８番地３,2022-08-05,株式会社
別館１合同会社,千葉県船橋市前原西２丁目１２番１３号３階,2022-08-05,合同会社
勇石工業株式会社,千葉県八千代市八千代台北１７丁目１４番５号,2022-08-05,株式会社
医療法人まつだ会,群馬県甘楽郡甘楽町大字小幡字中道１７５番地１,2022-08-05,その他の設立登記法人
千和株式会社,東京都豊島区南池袋２丁目８番５－７０４号,2022-08-05,株式会社
双葉工業株式会社,宮崎県延岡市粟野名町１８０２番地,2022-08-05,株式会社
双魯合同会社,大阪府大阪市中央区島之内２丁目１５番１６－２０９号,2022-08-05,合同会社
合同会社あべ会計,愛媛県松山市平和通５丁目１―７,2022-08-05,合同会社
合同会社いわし屋,高知県土佐市宇佐町井尻１番地,2022-08-05,合同会社
合同会社ともすび,東京都西多摩郡檜原村１００１―１,2022-08-05,合同会社
合同会社とらこ,大分県別府市大字鶴見５２４番地の１,2022-08-05,合同会社
合同会社みちのくサービス,青森県青森市花園１丁目２３－５、１Ｆ,2022-08-05,合同会社
合同会社アルト,福島県いわき市自由ケ丘５１番地の１,2022-08-05,合同会社
合同会社アレグリア,北海道札幌市西区発寒十一条５丁目１番１２号,2022-08-05,合同会社
合同会社アロマユーパイン,埼玉県蓮田市大字川島２８６番地１０,2022-08-05,合同会社
合同会社アンカープロジェクト,神奈川県横浜市戸塚区戸塚町５０２４番地１パークホームズ戸塚ステーションプレミア６０５号,2022-08-05,合同会社
合同会社アンティ,長野県茅野市北山４０３５番地,2022-08-05,合同会社
合同会社アートロゼ,福島県いわき市平字田町２９番地,2022-08-05,合同会社
合同会社ウェルスマインド,埼玉県越谷市神明町１丁目８４番地３,2022-08-05,合同会社
合同会社エイトリス,大阪府大阪市西区新町１丁目１４番２１－３１０３号,2022-08-05,合同会社
合同会社エクシア,千葉県松戸市根本１２２番１オークハイツ５０４号室,2022-08-05,合同会社
合同会社エヌドット,石川県金沢市窪６丁目２４５番１トレンディ伏見台４０６,2022-08-05,合同会社
合同会社エメ,京都府城陽市寺田東ノ口１２番地の４宮崎マンション２棟４０２号,2022-08-05,合同会社
合同会社オフィス山根,東京都武蔵野市中町３丁目１７－１５－３０７,2022-08-05,合同会社
合同会社ガガギゴ,東京都中野区東中野５丁目１１－８,2022-08-05,合同会社
合同会社ガレージゲゼレ,石川県加賀市小塩町長山１番地３,2022-08-05,合同会社
合同会社キリコ設計事務所,高知県高知市鷹匠町２丁目５番３３号,2022-08-05,合同会社
合同会社グローバルナビゲーション,大阪府大阪市中央区島之内２丁目２番１０－２０５号,2022-08-05,合同会社
合同会社ケーリーフ,東京都文京区湯島３丁目７－１４,2022-08-05,合同会社
合同会社コンフィデンス,大阪府吹田市五月が丘東６－Ａ６１０,2022-08-05,合同会社
合同会社サイバーウルフ,埼玉県新座市馬場２丁目１０番１１号,2022-08-05,合同会社
合同会社サザンカ,愛知県西尾市徳永町北屋敷５９番地１,2022-08-05,合同会社
合同会社スカイアース,東京都江戸川区東葛西２丁目１４番４号,2022-08-05,合同会社
合同会社スカラ,石川県金沢市野町３丁目１１番１号２Ｆオフィス１,2022-08-05,合同会社
合同会社センチュリー,千葉県八千代市八千代台東４丁目２４番７号,2022-08-05,合同会社
合同会社デスクワークス,神奈川県小田原市成田７５０番地の１,2022-08-05,合同会社
合同会社ハイク,熊本県熊本市中央区草葉町１－３９ＡＩｍａｌｌ２Ｆ,2022-08-05,合同会社
合同会社ヒナタ重建,北海道札幌市西区二十四軒一条２丁目３－３４－２０１,2022-08-05,合同会社
合同会社ファイヴセェンシス,東京都豊島区要町３丁目１番１３号池袋要町マンション１０７号,2022-08-05,合同会社
合同会社フォトエミー,島根県出雲市塩冶町９５７番地５,2022-08-05,合同会社
合同会社プレザント,秋田県秋田市仁井田二ツ屋２丁目３番５５号,2022-08-05,合同会社
合同会社プロステージ,大阪府大阪市天王寺区烏ケ辻１丁目１番１９－２０２号,2022-08-05,合同会社
合同会社マイージ,東京都渋谷区笹塚２丁目１４番１５号ヴェルト笹塚ツイン１－１３０３,2022-08-05,合同会社
合同会社ママカラＢ,鹿児島県霧島市溝辺町麓３６８番地４,2022-08-05,合同会社
合同会社マルタ,東京都中央区日本橋蛎殻町２丁目１１番８－１００１号,2022-08-05,合同会社
合同会社マーズテクノロジーズ,東京都文京区白山１丁目１８番５号,2022-08-05,合同会社
合同会社三徳,広島県広島市東区福田８丁目２８番２８号,2022-08-05,合同会社
合同会社亮栄工業,埼玉県越谷市大字大道１３９番地,2022-08-05,合同会社
合同会社再生サポート,埼玉県越谷市東越谷２丁目８番地３５,2022-08-05,合同会社
合同会社大ヒロ,愛知県春日井市西本町２丁目１２番地１１,2022-08-05,合同会社
合同会社奥ノ院,神奈川県横浜市中区桜木町１丁目１０１番地１クロスゲート７階,2022-08-05,合同会社
合同会社春多屋,福岡県太宰府市国分１丁目１２番３０号,2022-08-05,合同会社
合同会社智永,東京都文京区向丘１丁目１０番１０－１３０３号,2022-08-05,合同会社
合同会社桃源,三重県員弁郡東員町大字大木２６４８番地２,2022-08-05,合同会社
合同会社永瀬商事,群馬県高崎市下佐野町６９３番地４,2022-08-05,合同会社
合同会社片岡左官工業,千葉県市原市君塚４丁目１番地２－３０４号,2022-08-05,合同会社
合同会社現生,神奈川県横浜市南区大岡１丁目１５－１９ユナイト弘明寺モディリアーニ,2022-08-05,合同会社
合同会社璃と瑠,京都府京都市山科区上花山桜谷１－２パデシオン山科夢ケ丘４２７,2022-08-05,合同会社
合同会社結,京都府京都市伏見区竹田東小屋ノ内町９９番地５,2022-08-05,合同会社
合同会社綾彩ファーム,香川県高松市田村町９９４番地１,2022-08-05,合同会社
合同会社葡萄の蔓,東京都江東区東陽５丁目３２番４号,2022-08-05,合同会社
合同会社蒼水設備,埼玉県さいたま市緑区大字三室２０２番地６６アールガレージ浦和東Ⅰ１０３号室,2022-08-05,合同会社
合同会社藤井工業,埼玉県春日部市西金野井１３番地３３,2022-08-05,合同会社
合同会社財務経営支援,山梨県甲府市朝気１丁目１番３号,2022-08-05,合同会社
合同会社軽将,埼玉県さいたま市南区大字広ヶ谷戸３８８番地３,2022-08-05,合同会社
合同会社長橋建設,群馬県高崎市吉井町小串１０３,2022-08-05,合同会社
合同会社１０９ＳＴＣ,静岡県浜松市北区三ヶ日町大崎３５７番地２８,2022-08-05,合同会社
合同会社５ミッション,埼玉県入間市大字野田３０５１番地５ザ・ハウス１０３,2022-08-05,合同会社
合同会社ＡＡ,東京都江東区豊洲５丁目１－１３－１７１７,2022-08-05,合同会社
合同会社ＡＣＷ研究所,福岡県福岡市南区若久６丁目２５番８号,2022-08-05,合同会社
合同会社ＡＮＤＯ,埼玉県入間市大字下藤沢１１５２番地２１,2022-08-05,合同会社
合同会社ＡＰ,北海道苫小牧市字美沢２６１番地の５６,2022-08-05,合同会社
合同会社ＡＰ　ＦＡＲＭ,栃木県芳賀郡芳賀町祖母井南１丁目１９番地５,2022-08-05,合同会社
合同会社ＡＴＩＸＩ,東京都渋谷区神宮前４丁目２６番２８号原宿Ｖ２ビル２階,2022-08-05,合同会社
合同会社Ａｌｌｒｉｇｈｔ,沖縄県豊見城市字豊崎１番地４４２,2022-08-05,合同会社
合同会社Ａｍｅｐｏｎ,福岡県福岡市東区香椎浜３丁目３番５モントーレ香椎浜サーフタワーセンターコート２８０１号,2022-08-05,合同会社
合同会社ＢＬＥＳＳ,東京都江東区亀戸６丁目４０番７号,2022-08-05,合同会社
合同会社ＢＬＯＷ,山口県下関市形山町４番２６号,2022-08-05,合同会社
合同会社ＢＲＡＶＥ　ＳＡＴＯ,東京都府中市日新町５丁目６７番地の７６,2022-08-05,合同会社
合同会社ＢｅＳｉｄｅ,東京都新宿区大京町１９番地ルート四谷三丁目４０３,2022-08-05,合同会社
合同会社Ｂｌｕｅ　ＨＯ,東京都港区南青山２丁目２番１５号,2022-08-05,合同会社
合同会社Ｃｌａｉｏｍｈ　Ｓｏｌａｉｓ,東京都渋谷区道玄坂１丁目１０番８号渋谷道玄坂東急ビル２Ｆ－Ｃ,2022-08-05,合同会社
合同会社Ｃｌｅａｒ　Ｐｌａｎｎｉｎｇ,東京都中央区日本橋久松町６番１０号ＳＶＥＬＴＯ５０１号,2022-08-05,合同会社
合同会社ＤＩＶＥ,千葉県船橋市習志野台２丁目６０番２号,2022-08-05,合同会社
合同会社ＤａｔａＴｒａｎｓＭｉｓｓｉｏｎ,神奈川県小田原市本町２丁目１１番２３－９０６号ザ・レジデンス小田原三の丸,2022-08-05,合同会社
合同会社ＥｉｇｅｎＢｅａｔｓ,東京都調布市深大寺南町４丁目５番地１５,2022-08-05,合同会社
合同会社ＦＥＲＮＡ,北海道札幌市豊平区旭町３丁目２－７－３０３,2022-08-05,合同会社
合同会社ＦＬＡＴ,千葉県浦安市入船２丁目１番８０４号,2022-08-05,合同会社
合同会社ＧＬＯＢＡＬＷＡＹ,茨城県北相馬郡利根町大字中谷５０３番地１,2022-08-05,合同会社
合同会社ＧＳＢ,栃木県宇都宮市西川田本町２丁目６番１８号,2022-08-05,合同会社
合同会社ＨＢ８４,京都府京都市下京区二ノ宮町通七条通上る下二之宮町４２３番地タウンハウス八木２０３,2022-08-05,合同会社
合同会社ＨＵ．ＰＡＩＮＴ,千葉県君津市人見１４１１番地トラッド人見１０２,2022-08-05,合同会社
合同会社Ｉホールディングス,神奈川県横浜市中区福富町東通３８番地３アントヒルビル２０３,2022-08-05,合同会社
合同会社Ｉ．Ｔ．Ｏ,神奈川県横須賀市森崎３丁目６番５５号,2022-08-05,合同会社
合同会社ＩＮＣＵＢＡＴＩＯＮ,東京都墨田区墨田２丁目１２番４号,2022-08-05,合同会社
合同会社Ｋ‐ファーム吉野ヶ里,佐賀県神埼郡吉野ヶ里町箱川１６４５番地,2022-08-05,合同会社
合同会社Ｋホールディングス,神奈川県横浜市中区長者町８丁目１３２番地１０サミタスビル４階,2022-08-05,合同会社
合同会社ＫＳ,東京都目黒区三田１丁目１１番１１－４０４号プライムアーバン恵比寿,2022-08-05,合同会社
合同会社ＫＵ　ｐｒｏｐｅｒｔｙ,高知県高知市南金田１８－１０,2022-08-05,合同会社
合同会社ＬＥＧＥＮＤＳ,埼玉県吉川市美南１丁目２番地２リブリ・ＳＡＫＵＲＡ１５－３０８号室,2022-08-05,合同会社
合同会社ＬＲ　Ｗｏｒｋｓ,埼玉県さいたま市見沼区大字南中丸６９６番地６,2022-08-05,合同会社
合同会社Ｌｅｐｓｅｙ,東京都港区南青山２丁目２番１５号,2022-08-05,合同会社
合同会社Ｌｅｔｅ,東京都港区西麻布３丁目２１番２０号,2022-08-05,合同会社
合同会社Ｌｉｆｅ　ｕｐ,北海道札幌市南区簾舞六条２丁目３番１９号,2022-08-05,合同会社
合同会社ＭＣＰ,広島県広島市安佐南区中須１丁目４０番４－２号,2022-08-05,合同会社
合同会社ＭＹ,沖縄県中頭郡西原町字与那城３４５番地の５（パレスｐｋｍ１Ｆ）,2022-08-05,合同会社
合同会社ＮＢＣ,東京都港区南青山２丁目４番１５－Ｓ３１５,2022-08-05,合同会社
合同会社ＮＥＯ日之出,千葉県茂原市東郷１３０６番地１,2022-08-05,合同会社
合同会社ＮＯＤＯＣＡ,千葉県南房総市白浜町白浜５９３３番地,2022-08-05,合同会社
合同会社ＯＮ　ＰＯＩＮＴ,福岡県福岡市西区戸切１丁目１番１７号,2022-08-05,合同会社
合同会社Ｒリンクス,東京都目黒区青葉台１丁目１４番１５－２０３号目黒第１コーポ,2022-08-05,合同会社
合同会社ＲＥＡＬＩＺＥ,千葉県柏市柏３丁目６番１５号ＡＴＳビル２階,2022-08-05,合同会社
合同会社ＲＵＢＹ,大阪府大阪市西成区太子１丁目１３番１号金井ハイツ２０１号室,2022-08-05,合同会社
合同会社ＲＷＹ,埼玉県児玉郡上里町大字勅使河原８６６番地８,2022-08-05,合同会社
合同会社Ｓ＆Ｅ,北海道札幌市中央区南三条西８丁目２－１ＳＡＫＵＲＡ－Ｓ３,2022-08-05,合同会社
合同会社ＳＡＮＡ,熊本県熊本市中央区慶徳堀町１番地１（４０１号）,2022-08-05,合同会社
合同会社ＳＫＫ,岐阜県中津川市千旦林１５４０番地の１,2022-08-05,合同会社
合同会社ＳＫＹマネジメント,神奈川県横浜市港北区日吉本町２丁目４７番２号,2022-08-05,合同会社
合同会社ＳＯＬＮＡ,埼玉県川口市長蔵２丁目１６番２７号ガレージハウス６・１号室,2022-08-05,合同会社
合同会社ＳＴ工業,愛媛県今治市常盤町５丁目６番２１号２Ｆ,2022-08-05,合同会社
合同会社ＳＴＵＤＩＯ彩白,東京都練馬区豊玉中１丁目８番１５号グリーン・ハウス１０２,2022-08-05,合同会社
合同会社ＳｐｅｃｔａＣｒｅｗ,東京都目黒区祐天寺１丁目１１番１０号グランドゥール祐天寺１０５,2022-08-05,合同会社
合同会社ＴＳコネコント,兵庫県尼崎市御園町２７番地の３さきタワー・サンクタス尼崎駅前２１０５号,2022-08-05,合同会社
合同会社Ｔａｋｅ　Ｂｅｔｔｅｒ　Ｆａｒｍ,千葉県千葉市美浜区真砂１丁目２番８－１１２号,2022-08-05,合同会社
合同会社Ｖｒｅｅｚｅ　Ｏｎｅ,神奈川県座間市相武台１丁目２９番３号２Ｆ,2022-08-05,合同会社
合同会社Ｗｏｒｋｅｒｓ　Ｐｒｏ,佐賀県西松浦郡有田町南山丁４３１番地１,2022-08-05,合同会社
合同会社Ｙ’ｚインベストメント,群馬県みどり市笠懸町阿左美２５９７番地３レンブラントガーデンＡＺＡＭＩ－Ｄ,2022-08-05,合同会社
合同会社ＹＳＨ,東京都世田谷区瀬田４丁目１番９－２０３号,2022-08-05,合同会社
合同会社ＹＳＳ,千葉県柏市布施５６６番地,2022-08-05,合同会社
合同会社ＹＴ,東京都板橋区徳丸４丁目３１番２６号,2022-08-05,合同会社
合同会社Ｙｏｈａｋｕ,東京都渋谷区渋谷２丁目１９－１５宮益坂ビルディング６０９,2022-08-05,合同会社
合同会社ｅｎｔｘｍｅｎｔ,東京都中央区月島３丁目２４番８－７０５号,2022-08-05,合同会社
合同会社ｒｏｐｅｔ,福岡県福岡市南区大楠３丁目９番２６－１号,2022-08-05,合同会社
合同会社ｔａｔｏｅ,千葉県市川市日之出２２番１－１２９号,2022-08-05,合同会社
善航株式会社,大阪府大阪市都島区東野田町４丁目５－２翠連マンション４０８号室,2022-08-05,株式会社
土地家屋調査士法人岡林測量設計,東京都世田谷区喜多見７丁目２５番１７－３０２号,2022-08-05,その他の設立登記法人
大光総研株式会社,千葉県松戸市小金きよしケ丘２丁目１９番地の３,2022-08-05,株式会社
大勝テンダ株式会社,千葉県印旛郡酒々井町伊篠５０４－１２－１０１,2022-08-05,株式会社
奥津軽社中合同会社,青森県東津軽郡今別町大字大川平字熊沢３８,2022-08-05,合同会社
家と暮らし合同会社,徳島県三好郡東みよし町足代１６５０,2022-08-05,合同会社
山一管財株式会社,宮城県富谷市成田３丁目３２番地５,2022-08-05,株式会社
岡本工業株式会社,山口県岩国市旭町３丁目１１番２７号,2022-08-05,株式会社
弁理士法人有我国際特許事務所,東京都新宿区四谷４丁目１６番３号,2022-08-05,その他の設立登記法人
愛逢橋株式会社,埼玉県さいたま市緑区大字下野田５７９番地１,2022-08-05,株式会社
押上合同会社,東京都港区虎ノ門３丁目２２番１０－２０１号,2022-08-05,合同会社
斌斌娃株式会社,東京都台東区北上野２丁目２５番９号－５０５号室,2022-08-05,株式会社
新井興業合同会社,栃木県佐野市高萩町１２１０番地３,2022-08-05,合同会社
新都心オフィスマネージメント合同会社,東京都千代田区丸の内１丁目１１番１号,2022-08-05,合同会社
新領域株式会社,東京都港区麻布狸穴町４１番地１,2022-08-05,株式会社
日祥株式会社,千葉県四街道市吉岡５００番地１０,2022-08-05,株式会社
木曽三川御囲堤砂利採取事業協同組合,愛知県清須市西枇杷島町南大和１５９番地,2022-08-05,その他の設立登記法人
東成マリン株式会社,東京都中央区晴海１丁目８番１２号,2022-08-05,株式会社
栄環境株式会社,群馬県桐生市宮本町１丁目２番７号,2022-08-05,株式会社
株式会社あっと,京都府八幡市川口東扇１４－１８,2022-08-05,株式会社
株式会社おひさま・ふぁーむ,群馬県前橋市柏倉町２４３９番地１２,2022-08-05,株式会社
株式会社かどや,埼玉県さいたま市北区吉野町２丁目２５７番地６,2022-08-05,株式会社
株式会社かなけん,東京都港区港南２丁目１６番１号品川イーストワンタワー４階,2022-08-05,株式会社
株式会社くぼなか,兵庫県明石市松江３７３番地の１,2022-08-05,株式会社
株式会社こもれび,神奈川県横浜市中区曙町１丁目３,2022-08-05,株式会社
株式会社すずらん動物病院,北海道河東郡音更町木野大通東１３丁目４番地４,2022-08-05,株式会社
株式会社そしゃる,群馬県渋川市赤城町棚下８３３番地３,2022-08-05,株式会社
株式会社みすず,北海道札幌市中央区南二条西７丁目２番地,2022-08-05,株式会社
株式会社むさし水産,大阪府大阪市生野区林寺３丁目７番３７号,2022-08-05,株式会社
株式会社もみの樹,大阪府大阪市東淀川区豊里５丁目１番１－２０３号,2022-08-05,株式会社
株式会社ゆうしょう,東京都江東区大島４丁目１０番９号,2022-08-05,株式会社
株式会社アイティーエム,大阪府大阪市東成区大今里南５丁目２０番４号,2022-08-05,株式会社
株式会社アイランド,東京都中央区日本橋蛎殻町１丁目１８番７号,2022-08-05,株式会社
株式会社アイル,東京都渋谷区渋谷３丁目１３－５,2022-08-05,株式会社
株式会社アイ・プラス,千葉県富里市七栄１２７番４８,2022-08-05,株式会社
株式会社アジアスタッフ,埼玉県坂戸市大字上吉田７３番地１０,2022-08-05,株式会社
株式会社アステリア,愛知県名古屋市北区猿投町２３番地,2022-08-05,株式会社
株式会社アスピレテック,東京都千代田区神田駿河台２丁目９番地３３パークコート千代田駿河台ヒルトップレジデンス１１０１号,2022-08-05,株式会社
株式会社アスペルジュ,東京都世田谷区駒沢５丁目１３番１３号,2022-08-05,株式会社
株式会社アメニティリペアワークス２４,千葉県市川市妙典６丁目１０番３号,2022-08-05,株式会社
株式会社アリス,東京都港区赤坂３丁目１７番１号いちご赤坂３１７ビル５階,2022-08-05,株式会社
株式会社アルジェント,東京都千代田区丸の内１丁目８番３号丸の内トラストタワー本館２０階,2022-08-05,株式会社
株式会社アルバライズ,大分県大分市ふじが丘山手１丁目１０番７号,2022-08-05,株式会社
株式会社アレキ,東京都大田区西糀谷１丁目２９番１号,2022-08-05,株式会社
株式会社アールテック,福岡県福岡市西区大字元岡２５８９－２,2022-08-05,株式会社
株式会社インクルーシブ,京都府京都市中京区天神山町２８０番地５Ｆ－０６,2022-08-05,株式会社
株式会社インサクセス,香川県高松市古新町１０番地３砂屋ビル４０３,2022-08-05,株式会社
株式会社インセプション,東京都港区南麻布４丁目５番６３号,2022-08-05,株式会社
株式会社ウィステリア,大阪府大阪市東淀川区小松２丁目５番５号,2022-08-05,株式会社
株式会社ウェアハウスケーアール,富山県富山市公文名２１番地,2022-08-05,株式会社
株式会社ウェルビーイング,滋賀県大津市春日町２番１－２９０６号,2022-08-05,株式会社
株式会社ウェルビーイングアンドキャリア,京都府京都市伏見区深草西浦町６丁目７９－５,2022-08-05,株式会社
株式会社ウタリ,北海道札幌市中央区南十七条西１５丁目２番３－１００５号,2022-08-05,株式会社
株式会社エアストリームワン,千葉県富津市篠部１５０４番地,2022-08-05,株式会社
株式会社エステート・リーリオ,埼玉県さいたま市浦和区木崎１丁目１番２７号,2022-08-05,株式会社
株式会社エスユーピー,神奈川県逗子市桜山１丁目１番１５号,2022-08-05,株式会社
株式会社エスライン,神奈川県厚木市七沢２４９番,2022-08-05,株式会社
株式会社エデュスタ,岩手県北上市中野町２丁目２２番２０号,2022-08-05,株式会社
株式会社エハシファーム,千葉県旭市高生１１６６番地,2022-08-05,株式会社
株式会社エピ,千葉県木更津市東太田１丁目１番２７号,2022-08-05,株式会社
株式会社エムケー加工,大阪府大阪市阿倍野区阿倍野筋１丁目７番２０－２３０３号,2022-08-05,株式会社
株式会社エム・スタイル,茨城県つくば市二の宮２丁目５番地１吉春ビルⅢ４０３,2022-08-05,株式会社
株式会社オーロラ,東京都港区新橋３丁目３番３号新橋パイオニアビル４Ｆ,2022-08-05,株式会社
株式会社カスミ,東京都多摩市連光寺２丁目９番地の２８,2022-08-05,株式会社
株式会社カプリス,埼玉県さいたま市見沼区大字新堤１３１－４,2022-08-05,株式会社
株式会社ガイダンス,東京都目黒区鷹番１丁目５－２,2022-08-05,株式会社
株式会社ガレージエム,埼玉県さいたま市北区吉野町２丁目２６１番地２１,2022-08-05,株式会社
株式会社キッド,大阪府大阪市阿倍野区北畠１丁目１０番９号,2022-08-05,株式会社
株式会社キューズ,福岡県福岡市博多区板付５丁目１２番２６－９０３号,2022-08-05,株式会社
株式会社クリーン,千葉県君津市末吉３５番地４,2022-08-05,株式会社
株式会社クローバー,埼玉県狭山市鵜ノ木１０番６号,2022-08-05,株式会社
株式会社グリンクスマネジメント,東京都練馬区豊玉北６丁目１９番２号シンフォニア豊玉２０５,2022-08-05,株式会社
株式会社グローバルメタバース,東京都渋谷区神宮前１丁目１５番５号,2022-08-05,株式会社
株式会社ケーズコランダム,千葉県浦安市弁天１丁目１１番２号,2022-08-05,株式会社
株式会社ココピアワークス広島,広島県広島市中区大手町１丁目１番２０号相生橋ビル７階,2022-08-05,株式会社
株式会社ココ・シンデレラ,大阪府大阪市浪速区桜川４丁目３番２２号,2022-08-05,株式会社
株式会社コレトチ,栃木県宇都宮市桜４丁目１番２５号,2022-08-05,株式会社
株式会社コーエン,埼玉県草加市新栄１丁目５番地１３,2022-08-05,株式会社
株式会社サクマ,千葉県習志野市東習志野１丁目１３番２号,2022-08-05,株式会社
株式会社サミット,愛知県岡崎市中島町字上町６６番地,2022-08-05,株式会社
株式会社サメダ,山梨県甲府市右左口町４２１２番地１,2022-08-05,株式会社
株式会社サンスプラウト,大阪府大阪市北区梅田１丁目３番１号大阪駅前第１ビル８階５号,2022-08-05,株式会社
株式会社サンパール,大阪府和泉市伯太町６丁目１０番５号,2022-08-05,株式会社
株式会社サーキットホーム,埼玉県北葛飾郡杉戸町大字並塚１５６９番地１,2022-08-05,株式会社
株式会社シャルメント,大阪府大阪市中央区日本橋１丁目１７番１７号,2022-08-05,株式会社
株式会社シャンパン,京都府京都市右京区西院月双町１１１番地マンハイム五条６１１号,2022-08-05,株式会社
株式会社シルバー,千葉県千葉市中央区要町２番１２号,2022-08-05,株式会社
株式会社シーガル,神奈川県横浜市西区楠町１８番地６横浜西口オーケービル５Ｆ,2022-08-05,株式会社
株式会社ジェスキャリア,千葉県船橋市前原西２丁目１４番１－１２０８号,2022-08-05,株式会社
株式会社ジェットアンドリー,東京都中野区中央３丁目４５番２４－１０５号,2022-08-05,株式会社
株式会社ジムニーランド,東京都中野区上高田４丁目３番１号２０３,2022-08-05,株式会社
株式会社スピアヘッド,東京都渋谷区恵比寿西１丁目２０－６Ｋ＆Ｓ恵比寿ビル１０Ｆ,2022-08-05,株式会社
株式会社スピリタ,東京都千代田区九段北４丁目３番１１－８０２号,2022-08-05,株式会社
株式会社スマイルコネクト,栃木県宇都宮市桜４丁目３番１１号ナイスパークステイツ桜５０３,2022-08-05,株式会社
株式会社スマートスタイル,埼玉県川口市大字東本郷１０１５番地の１,2022-08-05,株式会社
株式会社セイワークス,東京都板橋区赤塚６丁目１５番１６号,2022-08-05,株式会社
株式会社セクト,京都府亀岡市河原町２００番地の３,2022-08-05,株式会社
株式会社ソルルス,山形県東置賜郡高畠町大字安久津１７２４番地の１,2022-08-05,株式会社
株式会社タイム,群馬県前橋市富士見町石井２４４５番地４４,2022-08-05,株式会社
株式会社タスクビト,宮城県仙台市青葉区南吉成１丁目１４番地の４,2022-08-05,株式会社
株式会社タチカワ,福岡県筑紫野市大字永岡９４８番地１,2022-08-05,株式会社
株式会社チアーズ,福岡県福岡市南区長住６丁目１０番１号,2022-08-05,株式会社
株式会社チャユ,北海道稚内市港４丁目７番２６号オレンジコート３－１０３,2022-08-05,株式会社
株式会社ティーズファーム,熊本県玉名市伊倉北方１９３番地１,2022-08-05,株式会社
株式会社テルミニ,大阪府大阪市中央区上町Ｃ番７号,2022-08-05,株式会社
株式会社デコアスト,宮城県仙台市青葉区一番町３丁目３番１６号,2022-08-05,株式会社
株式会社トベテック,栃木県大田原市若草１丁目１３８４番地１,2022-08-05,株式会社
株式会社トーラス,千葉県印旛郡酒々井町本佐倉１１番地２１,2022-08-05,株式会社
株式会社ナル,大阪府大阪市旭区高殿３丁目３番５号,2022-08-05,株式会社
株式会社ノイド,大阪府大阪市西区江之子島２丁目１番２１－２０３号,2022-08-05,株式会社
株式会社ハウスサービス,北海道札幌市東区北四十六条東７丁目５－２３－３０２,2022-08-05,株式会社
株式会社バンテック,千葉県千葉市中央区村田町７３３番地１１グリーンビレッジ浜野駅前３０５号,2022-08-05,株式会社
株式会社パッケージパーク,大阪府貝塚市西町９番５号,2022-08-05,株式会社
株式会社ヒロホーム,大阪府吹田市江坂町２丁目６番１０号江坂ＤＡプラザ７０６号室,2022-08-05,株式会社
株式会社ピリアピリカ,北海道室蘭市柏木町１２番６号,2022-08-05,株式会社
株式会社ファーストケア,東京都荒川区荒川５丁目１９番１５号２Ｆ,2022-08-05,株式会社
株式会社フラット,東京都港区南青山２丁目２番１５号ウィン青山９４２,2022-08-05,株式会社
株式会社フリティ,神奈川県川崎市多摩区宿河原７丁目１番１０－１０６号,2022-08-05,株式会社
株式会社フレンドシップ,大阪府松原市岡３丁目３番８号,2022-08-05,株式会社
株式会社フローティングライフ,滋賀県野洲市吉川２２８１番地１２,2022-08-05,株式会社
株式会社ブレインズ,埼玉県さいたま市中央区下落合７丁目６番１９－３０２号,2022-08-05,株式会社
株式会社プレッセル,福岡県糟屋郡篠栗町大字尾仲１１２４番地１,2022-08-05,株式会社
株式会社プロズ,埼玉県川口市芝中田１丁目１６番１０－１０３号,2022-08-05,株式会社
株式会社ホアクレスト,福岡県福岡市早良区小田部３丁目１３番８－１０１号,2022-08-05,株式会社
株式会社ホワイトウエーブプロスタジオ,千葉県袖ケ浦市蔵波台５丁目９番地１０,2022-08-05,株式会社
株式会社ボイジャー,東京都千代田区丸の内１丁目９番２号,2022-08-05,株式会社
株式会社ポラリス,佐賀県佐賀市神園５丁目５番２６号,2022-08-05,株式会社
株式会社ポーチュラカ・地域生活支援,埼玉県桶川市朝日２丁目１０番１号,2022-08-05,株式会社
株式会社マプロ,群馬県高崎市上中居町４８０番地３ロザージュ１０２号,2022-08-05,株式会社
株式会社マミーハウス,三重県桑名市多度町下野代１０３３番地７,2022-08-05,株式会社
株式会社ミュゼリーブル,愛知県岡崎市柱４丁目３番地１７,2022-08-05,株式会社
株式会社ミライクル,神奈川県横浜市神奈川区子安通３丁目３９５番地１グーディッシュ新子安５０４号,2022-08-05,株式会社
株式会社メイディット,千葉県船橋市西船３丁目７番３５号エクセラン１０１,2022-08-05,株式会社
株式会社メイユール,東京都豊島区池袋４丁目２４番４号ヴィラ生華１０２,2022-08-05,株式会社
株式会社メイリウム,福岡県福岡市中央区天神３丁目１４番２号公建ビル３０３号,2022-08-05,株式会社
株式会社メーセー,愛知県一宮市定水寺字杁ノ口２番地１,2022-08-05,株式会社
株式会社モエザ,群馬県館林市富士原町１０５７番地３７７ウエルネス２０３号,2022-08-05,株式会社
株式会社モノリス,山口県下関市大字綾羅木４０１番地５,2022-08-05,株式会社
株式会社モルトグラート,東京都世田谷区上馬３丁目１０番１０号,2022-08-05,株式会社
株式会社ヤイタオートワークス,茨城県つくばみらい市谷井田１５９６番地２,2022-08-05,株式会社
株式会社ユカ,東京都中野区野方６丁目５１番９号,2022-08-05,株式会社
株式会社ユナイトリンク,群馬県高崎市下之城町７９７番地１,2022-08-05,株式会社
株式会社ユニウム,東京都渋谷区神宮前６丁目２３番４号桑野ビル２階,2022-08-05,株式会社
株式会社ライフサポート幸英,東京都北区赤羽西１丁目１番８－３０１号ベルヴィータ赤羽,2022-08-05,株式会社
株式会社ラシダジャパン,愛知県豊橋市天伯町字竜ケ丘１１番地７ホワイト荘ハウス１０,2022-08-05,株式会社
株式会社ラナーエスートレーディング,岐阜県各務原市須衛町７丁目２５７番地,2022-08-05,株式会社
株式会社ラリトプル,神奈川県横浜市旭区中希望が丘９４番地４１,2022-08-05,株式会社
株式会社ランバス,千葉県野田市関宿台町１６８０番地,2022-08-05,株式会社
株式会社リノベハウス,大阪府大阪市北区天神橋４丁目８番２７号,2022-08-05,株式会社
株式会社リリオロック,埼玉県久喜市菖蒲町新堀４８０番地１６,2022-08-05,株式会社
株式会社リープ,群馬県伊勢崎市赤堀今井町２丁目１３２７番地１,2022-08-05,株式会社
株式会社レア,大阪府堺市堺区四条通２番１号,2022-08-05,株式会社
株式会社レコード,東京都中央区銀座５丁目１１番１３号幸田ビル２Ｆ,2022-08-05,株式会社
株式会社ローカルクラフト,長野県南佐久郡南相木村２０６７番地１,2022-08-05,株式会社
株式会社ワイエムズ,福岡県福岡市南区高宮２丁目１４番１８号,2022-08-05,株式会社
株式会社ワイズメイト,岡山県岡山市北区今７丁目６番２５号,2022-08-05,株式会社
株式会社ワーキングシェア,北海道紋別郡湧別町東９４１番地の４,2022-08-05,株式会社
株式会社一組,大阪府大阪市大正区平尾３丁目１２番７号,2022-08-05,株式会社
株式会社三井外構,埼玉県北足立郡伊奈町大字小室８１４２番地２,2022-08-05,株式会社
株式会社三栄建設,埼玉県所沢市大字山口７３４番地の１,2022-08-05,株式会社
株式会社三浦金属,岩手県上閉伊郡大槌町大槌第３地割８４番地,2022-08-05,株式会社
株式会社三田タイル工業,神奈川県川崎市高津区久末１５１０番地３７,2022-08-05,株式会社
株式会社三越マルシエ,千葉県浦安市当代島２丁目１番１号ＭＣビルディング,2022-08-05,株式会社
株式会社上田工業,埼玉県上尾市弁財１丁目６番１９号,2022-08-05,株式会社
株式会社中之島物産,大阪府大阪市北区曾根崎新地１丁目１番１３号１階,2022-08-05,株式会社
株式会社中畑防水工業,千葉県流山市南流山５丁目６番地の１８,2022-08-05,株式会社
株式会社丸増,茨城県古河市下大野２２０７番地１３,2022-08-05,株式会社
株式会社丸富建設工業,宮城県伊具郡丸森町大内字岩城西５０番地２,2022-08-05,株式会社
株式会社井口林業,岐阜県中津川市茄子川１１１番地の６１,2022-08-05,株式会社
株式会社京華,大阪府大阪市中央区南船場４丁目１０番２０号４１１号室,2022-08-05,株式会社
株式会社創成,北海道札幌市北区北二十七条西１２丁目６番７－４３号,2022-08-05,株式会社
株式会社北斗法律会計事務所,東京都墨田区菊川３丁目１３番３号ＫＳビル３階,2022-08-05,株式会社
株式会社南建設,神奈川県横浜市中区羽衣町３丁目６３羽衣ビル４階,2022-08-05,株式会社
株式会社和希愛愛,大阪府大阪市生野区生野西３丁目６番１４号小松橋ライフ２０４,2022-08-05,株式会社
株式会社善祥,千葉県船橋市金杉５丁目２９番２２号,2022-08-05,株式会社
株式会社国松建設工業,神奈川県川崎市川崎区池田１丁目３番１５－１２０１号,2022-08-05,株式会社
株式会社坂本電気,千葉県我孫子市南青山２２番地の１９,2022-08-05,株式会社
株式会社増田設備,神奈川県川崎市多摩区長沢１丁目１０番１１－２号,2022-08-05,株式会社
株式会社大勇コネクション,千葉県君津市外箕輪４丁目２９番６号,2022-08-05,株式会社
株式会社大吉板金,福島県南会津郡只見町大字蒲生字上原１１６８番地,2022-08-05,株式会社
株式会社大蔵商事,新潟県上越市大字福橋１１４７番地１１,2022-08-05,株式会社
株式会社大門,北海道網走市潮見１丁目３５７番地の５,2022-08-05,株式会社
株式会社天彦,福岡県北九州市小倉北区鍛冶町１丁目８番１４号２階,2022-08-05,株式会社
株式会社天沼塗装,埼玉県三郷市戸ケ崎３丁目１７９番地１,2022-08-05,株式会社
株式会社太陽技研,新潟県上越市大潟区蜘ケ池１７１７番地１５,2022-08-05,株式会社
株式会社宮島左官,神奈川県横浜市保土ケ谷区上菅田町３３３番地,2022-08-05,株式会社
株式会社宮本建材,茨城県日立市河原子町３丁目７番１５号,2022-08-05,株式会社
株式会社宵々窓,神奈川県横浜市中区桜木町１丁目１０１番地１,2022-08-05,株式会社
株式会社小嶋商会,青森県つがる市木造豊田富久地８番地７,2022-08-05,株式会社
株式会社小澤建設,埼玉県さいたま市岩槻区南平野２丁目１８－２５,2022-08-05,株式会社
株式会社山下総業,福岡県大野城市筒井２丁目９番９号クレッセント９　２０１号,2022-08-05,株式会社
株式会社平井教材,大阪府豊中市原田元町２丁目１７番２１号,2022-08-05,株式会社
株式会社幻屋,千葉県旭市中谷里１７４０番地,2022-08-05,株式会社
株式会社広芝,三重県名張市希央台１番町４７番地,2022-08-05,株式会社
株式会社志村鉄工,山梨県都留市境３０２番地,2022-08-05,株式会社
株式会社悠内装,千葉県市川市伊勢宿１８番１９号,2022-08-05,株式会社
株式会社成栄住設,千葉県八千代市村上南１丁目１０番地２,2022-08-05,株式会社
株式会社時空プロジェクト,東京都中野区東中野１丁目５９番９号アトリエビル４０１,2022-08-05,株式会社
株式会社木下種苗,北海道空知郡中富良野町新町７番１２号,2022-08-05,株式会社
株式会社未来接続,埼玉県三郷市東町３１７番地３５,2022-08-05,株式会社
株式会社村上キャピタル,東京都江東区木場２丁目１８番４－９０７号,2022-08-05,株式会社
株式会社東和不動産,東京都港区新橋３丁目９番１０号,2022-08-05,株式会社
株式会社東明堂,東京都新宿区百人町２丁目１０番６号ルネッサンス新宿７０３号室,2022-08-05,株式会社
株式会社東邦コンサルティングパートナーズ,福島県福島市大町４番４号,2022-08-05,株式会社
株式会社森ＫＧ,福岡県三潴郡大木町大字前牟田６５９番地,2022-08-05,株式会社
株式会社水野モータース,岐阜県土岐市駄知町２３２１番地の１９５,2022-08-05,株式会社
株式会社池上環境建廃,大阪府堺市北区北花田町２丁４番地１（１００３号）,2022-08-05,株式会社
株式会社河島屋,山形県村山市大字河島甲８２２番地,2022-08-05,株式会社
株式会社清水農場,愛知県刈谷市井ケ谷町青木７９番地１,2022-08-05,株式会社
株式会社滝本園,愛知県半田市椎ノ木町４丁目１０番地,2022-08-05,株式会社
株式会社瀧下電気,静岡県沼津市足高４８３番地の４,2022-08-05,株式会社
株式会社熊本電算システム,熊本県菊池郡大津町大字室２番地１,2022-08-05,株式会社
株式会社田端工業,奈良県天理市備前町１２番地１,2022-08-05,株式会社
株式会社社交村,愛知県名古屋市昭和区御器所１丁目６番１０号（ＳｈｏｗａＢａｓｅ３０３号）,2022-08-05,株式会社
株式会社福わらひ,福島県福島市新町２番１５号,2022-08-05,株式会社
株式会社福州商事,神奈川県横浜市中区末広町３丁目８６番地,2022-08-05,株式会社
株式会社福数名,東京都足立区谷中１丁目２２番１３－３０７号,2022-08-05,株式会社
株式会社福融ＥＣ,東京都荒川区西日暮里５丁目１番１７号,2022-08-05,株式会社
株式会社秀,東京都豊島区池袋２丁目３番３号ゆう文ビル,2022-08-05,株式会社
株式会社箕輪家,東京都渋谷区恵比寿南３丁目４番１４号,2022-08-05,株式会社
株式会社美澪,千葉県船橋市前原西７丁目１１番２６－１０２号,2022-08-05,株式会社
株式会社自動車Ｌｉｆｅ,愛知県豊田市深見町糸代１０２番地７９,2022-08-05,株式会社
株式会社花島,京都府京都市上京区笹屋町通大宮西入桝屋町５９７番地,2022-08-05,株式会社
株式会社茂博,大分県別府市大字鉄輪８４６番地の２４,2022-08-05,株式会社
株式会社菅井農園,栃木県足利市久保田町１５４８番地１,2022-08-05,株式会社
株式会社藤井板金工業,大阪府羽曳野市飛鳥９７６番地の４,2022-08-05,株式会社
株式会社藤建,大阪府岸和田市磯上町２丁目１１番２号,2022-08-05,株式会社
株式会社藤田組,京都府京田辺市薪長尾谷２２番地３６,2022-08-05,株式会社
株式会社西坂商店,大阪府堺市西区平岡町３４１番地２,2022-08-05,株式会社
株式会社谷永,東京都港区高輪３丁目１１番８－１８０５号,2022-08-05,株式会社
株式会社鈴木ビル,東京都立川市柴崎町３丁目４番１４号ベルトリーサビル,2022-08-05,株式会社
株式会社飯田瓦店,千葉県印西市大森３４１０番地,2022-08-05,株式会社
株式会社鹿鳴,東京都港区西麻布２丁目２５－１５ユニマットミストラルポイント５階,2022-08-05,株式会社
株式会社麻生建設,熊本県熊本市東区桜木２丁目１６番１０号１０２,2022-08-05,株式会社
株式会社２２０,神奈川県川崎市中原区新城１丁目２番２７号新城京浜ビル１００３号,2022-08-05,株式会社
株式会社３６９Ｃａｔｓ．,神奈川県横須賀市安浦町２丁目２４番地コーポ米川２０１,2022-08-05,株式会社
株式会社４６,東京都葛飾区亀有５丁目１９番７号,2022-08-05,株式会社
株式会社６Ｓ,千葉県船橋市上山町２丁目２６２番地１２,2022-08-05,株式会社
株式会社Ａホールディングス,神奈川県川崎市宮前区宮崎２丁目６番地１０,2022-08-05,株式会社
株式会社ＡＣＮ関東,埼玉県さいたま市大宮区宮町２丁目８１番地,2022-08-05,株式会社
株式会社ＡＪ,神奈川県横浜市南区通町１丁目１２番地４グランドメゾン横浜蒔田４０４号,2022-08-05,株式会社
株式会社ＡＫＬＡＮＤ,大阪府大阪市天王寺区国分町２番１８号,2022-08-05,株式会社
株式会社ＡＬＢＡＬＩＺＥ,福岡県朝倉郡筑前町安野１４１－９,2022-08-05,株式会社
株式会社ＡＰＯＬＬＯ,愛知県豊田市若林東町中外根６５番地１、１５－４０１号,2022-08-05,株式会社
株式会社ＡＴ　Ｕｎｉｑｕｅ,埼玉県朝霞市田島２丁目９番５号,2022-08-05,株式会社
株式会社Ａｂｓｏ,東京都新宿区西新宿７丁目１４番１２号ペアレンツビル２Ｆ,2022-08-05,株式会社
株式会社ＡｉＬｅ,千葉県袖ケ浦市福王台３丁目２９番地１,2022-08-05,株式会社
株式会社Ａｉｃｏｃｏｋａｒａ,東京都墨田区太平２丁目５番７号ＫＯＷＡⅢビル４階,2022-08-05,株式会社
株式会社Ａｗａｋｅ,滋賀県長浜市三田町１３６７番地８１,2022-08-05,株式会社
株式会社ＢＡＢＡエンジニアリング,長野県上田市古里１７４１番地１２,2022-08-05,株式会社
株式会社ＢＩＫＫＡ,大阪府寝屋川市石津南町３番１号,2022-08-05,株式会社
株式会社ＢＲＥＥＺＩＡ,埼玉県桶川市若宮１丁目４番１４号,2022-08-05,株式会社
株式会社Ｂｌｏｓｓｏｍ　ＹＩＮ,東京都足立区竹の塚６丁目１６－１０－６０３号,2022-08-05,株式会社
株式会社Ｂｏｒｎ＆Ｂｏｎｅ,大阪府大阪市北区中津３丁目２４番３－３２１号,2022-08-05,株式会社
株式会社Ｂｕｉｌｄ　Ｐｌｕｓ,東京都墨田区両国２丁目１３－８両国駅前ビル７階,2022-08-05,株式会社
株式会社ＣＡＮ,東京都中央区日本橋３丁目２番１４号新槇町ビル別館第一、一階,2022-08-05,株式会社
株式会社ＣＡＲＡＶＡＮ,滋賀県近江八幡市仲屋町中２１近江八幡まちや倶楽部内,2022-08-05,株式会社
株式会社ＣＩＮＩＴＹ,高知県高知市大原町８８番地５,2022-08-05,株式会社
株式会社ＣＯＮＦＩＬＬ,東京都墨田区本所１丁目３６番７－５０２号,2022-08-05,株式会社
株式会社Ｃａｎ　Ｂｅ,東京都千代田区神田神保町２丁目３８番地,2022-08-05,株式会社
株式会社Ｃａｔ＆Ｇｒｅｅｎ,山形県東田川郡三川町大字押切新田字桜木６番地６,2022-08-05,株式会社
株式会社Ｃｒａｆｔ　ＯＮ,佐賀県小城市小城町晴気１３３９番地３,2022-08-05,株式会社
株式会社Ｃｒｅａｔｅ　Ｂｅｔｔｅｒ,千葉県松戸市高塚新田１５０－６１,2022-08-05,株式会社
株式会社Ｄ‐ＯＮＥ．ＴＥＣ,大阪府大阪市平野区加美北９丁目７番１４号,2022-08-05,株式会社
株式会社ＤＢｒｏｗｎ,千葉県四街道市大日４７１－１１８,2022-08-05,株式会社
株式会社ＤＣ,愛知県岡崎市土井町字駒之舞２４－３,2022-08-05,株式会社
株式会社ＤＩＶＥ,千葉県松戸市八ケ崎６丁目２９番地の８,2022-08-05,株式会社
株式会社ＤＴＴ,東京都中央区日本橋堀留町１丁目２番１号日本色素本社ビル４Ｆ,2022-08-05,株式会社
株式会社ＤＴＹ,大阪府大阪市中央区南船場４丁目１０番１８号ＮａｓａＰｒｉｍｅＨｏｕｓｅ別館５階,2022-08-05,株式会社
株式会社Ｅ‐ＰＡＩＮＴ,愛知県名古屋市西区枇杷島５丁目３０番２３号,2022-08-05,株式会社
株式会社ＥＧ‐Ｐｌａｎｔｓ,佐賀県佐賀市川副町大字犬井道１２５６番地１,2022-08-05,株式会社
株式会社ＥＬＥＮＯＲＥ,大阪府大阪市西区北堀江３丁目４番１９号２階,2022-08-05,株式会社
株式会社Ｅｎｌｉｇｈｔ,東京都府中市府中町１丁目６番地の１,2022-08-05,株式会社
株式会社ＦＲＣ,愛知県名古屋市中村区名駅南１丁目２８番２６号,2022-08-05,株式会社
株式会社ＦｉｃｙＴｅｃｈｎｏｌｏｇｙ,東京都港区南青山２丁目２番１５号,2022-08-05,株式会社
株式会社Ｆｏｒｔｕａ,徳島県吉野川市鴨島町内原４５番地３,2022-08-05,株式会社
株式会社ＦｕｔｕｒｅＥＣＯ,東京都豊島区池袋２丁目１４番地４号池袋ＴＡビル８Ｆ,2022-08-05,株式会社
株式会社ＧＡＢＭ,北海道札幌市中央区南二条西７丁目９番地６,2022-08-05,株式会社
株式会社ＧＮトラスト,大阪府大阪市北区万歳町１番６号ＳＴＡＲＳビル,2022-08-05,株式会社
株式会社ＧＲＡＶＩＴＹ,三重県四日市市広永町１３６６番地１,2022-08-05,株式会社
株式会社ＧＴＳ,東京都港区浜松町２丁目２番１５号浜松町ダイヤビル２Ｆ,2022-08-05,株式会社
株式会社ＧＹＭｗｏｒｋｓ,群馬県高崎市栄町３－１１,2022-08-05,株式会社
株式会社Ｇａｔｔｃｈａ,愛知県名古屋市千種区今池１丁目２８番１３号,2022-08-05,株式会社
株式会社Ｇｏｎｅ　Ｏｎ,福島県福島市伏拝字沖２４番地の４－Ｃ棟１０３号,2022-08-05,株式会社
株式会社Ｇｒａｎｄｉｒ,石川県能美市緑が丘７丁目１番地,2022-08-05,株式会社
株式会社Ｇｒａｎｔ,埼玉県狭山市大字堀兼９６８番地５,2022-08-05,株式会社
株式会社Ｇｒｏｗｔｈ　Ｄｅｎｔａｌ　Ｌａｂｏ,佐賀県佐賀市大和町大字松瀬３０８４番地,2022-08-05,株式会社
株式会社Ｈ＆Ｏ,千葉県鎌ケ谷市東初富５丁目８番４７号,2022-08-05,株式会社
株式会社ＨＡＮＥ経営,東京都中野区沼袋４丁目６－２,2022-08-05,株式会社
株式会社ＨＣ,福島県いわき市平字尼子町２番地の２６,2022-08-05,株式会社
株式会社ＩＮＤＩＧＯ　ＷＯＲＫＳ,宮崎県都城市上町１４街区２１号１階,2022-08-05,株式会社
株式会社ＩＯ　ＴＥＣ,愛知県名古屋市昭和区塩付通６丁目４５－１,2022-08-05,株式会社
株式会社ＩＳシール,大阪府堺市西区菱木２丁２２１６番地１,2022-08-05,株式会社
株式会社Ｊ　ＤＲＥＡＭ,大阪府大阪市都島区毛馬町２丁目４番２０号メゾンドゥジェム１０２号,2022-08-05,株式会社
株式会社ＪｉＪｉ,大阪府大阪市都島区東野田町５丁目３番２８号,2022-08-05,株式会社
株式会社Ｋ．Ｐ．Ｍ,埼玉県さいたま市大宮区桜木町４丁目３２１番地,2022-08-05,株式会社
株式会社ＫＡＧＡＹＡＫＩ,大阪府南河内郡河南町大字持尾７２５番地,2022-08-05,株式会社
株式会社ＫＥＥＰｓ,愛知県豊田市若林西町北山２０番地３,2022-08-05,株式会社
株式会社ＫＫＥスマイルサポート,東京都中野区本町４丁目３８番１３号日本ホルスタイン会館株式会社構造計画研究所本所内,2022-08-05,株式会社
株式会社ＫＭＴ,東京都荒川区東日暮里５丁目２５番３号大和田ビル２０１,2022-08-05,株式会社
株式会社ＫＰＬＵＳ,千葉県柏市中央２丁目２番１２号,2022-08-05,株式会社
株式会社Ｋｉｔａｎｏ,東京都板橋区徳丸５丁目１３番１５号,2022-08-05,株式会社
株式会社ＬＡＮＤ　ＡＧＥＮＴ,東京都練馬区下石神井３丁目１７番１号,2022-08-05,株式会社
株式会社ＬＩＶＥＦＬＩＸ,東京都墨田区江東橋４丁目１８番５号４階,2022-08-05,株式会社
株式会社ＬＯＨ,茨城県龍ケ崎市小通幸谷町２０１番地３,2022-08-05,株式会社
株式会社Ｌｉｋｅ　ｕｓ,愛知県海部郡蟹江町八幡１丁目７番地１,2022-08-05,株式会社
株式会社Ｌｉｎｋ,東京都港区赤坂４丁目８番１９号赤坂フロントタウン３Ｆ,2022-08-05,株式会社
株式会社Ｌｉｐｌｕｓ,神奈川県川崎市麻生区王禅寺西２丁目１２番８号リブリ・新百合ヶ丘２０２,2022-08-05,株式会社
株式会社Ｌｏｏｓｅｌｅａｆ,東京都中野区中央１丁目３８番１－２４０４号,2022-08-05,株式会社
株式会社Ｌｏｔｕｓ,埼玉県朝霞市東弁財１丁目１番２４号ブエナビスタ２階,2022-08-05,株式会社
株式会社Ｍ企画,滋賀県大津市国分２丁目４１７番地の２４,2022-08-05,株式会社
株式会社ＭＥＧＡＳＴＥＰ,静岡県掛川市家代の里１丁目１３番地の５サンライズⅢ２０１,2022-08-05,株式会社
株式会社ＭＥＳ,群馬県吾妻郡嬬恋村大字大前２２８６番１２４浅間湯本１６４,2022-08-05,株式会社
株式会社ＭＪインペリアル,群馬県高崎市下佐野町６０２番地４,2022-08-05,株式会社
株式会社ＭＫメンテナンス,栃木県大田原市元町２丁目９７６番地４,2022-08-05,株式会社
株式会社ＭＭオフィスフジイ,山口県周南市大字須々万奥２８０番地,2022-08-05,株式会社
株式会社ＭＭＴ,埼玉県入間郡三芳町大字藤久保９０１番地４,2022-08-05,株式会社
株式会社ＭＯＤＥＬ,神奈川県横浜市港南区大久保２丁目２６番３３号,2022-08-05,株式会社
株式会社ＭＯＲＥ,千葉県千葉市若葉区高品町１０６０番地９４,2022-08-05,株式会社
株式会社ＭＲＫ　ＫＵＢＯＴＡ,栃木県足利市大沼田町３２８番地１,2022-08-05,株式会社
株式会社ＭＳ＆Ｏ,北海道苫小牧市新中野町１丁目９番３号,2022-08-05,株式会社
株式会社Ｍａｒｂｌｅ　Ｗｏｒｋ,北海道札幌市東区東苗穂二条３丁目３番４３号札苗ビル２階,2022-08-05,株式会社
株式会社ＭｅｌｌｏＭｅｌｌｏｗ,千葉県野田市柏寺５２番地７,2022-08-05,株式会社
株式会社Ｍｅｔａ　Ｇｒａｐｈｉｃｓ,東京都渋谷区渋谷１丁目４番６号ニュー青山ビル５０１,2022-08-05,株式会社
株式会社Ｍｏｕｎｔａｉｎ　Ｆｒｉｅｎｄｓ,山形県飽海郡遊佐町遊佐字舞鶴８２番地の４,2022-08-05,株式会社
株式会社Ｎ‐Ｈｏｒｉｚｏｎ,大阪府大阪市西淀川区花川２丁目２１番１３－９０１号,2022-08-05,株式会社
株式会社Ｎ‐Ｗａ,東京都港区浜松町２丁目２番１５号浜松町ダイヤビル２Ｆ,2022-08-05,株式会社
株式会社Ｎ２Ｔソリューションズ,東京都港区元赤坂１丁目１番７号,2022-08-05,株式会社
株式会社ＮＥＥＤ,神奈川県横浜市青葉区荏子田２丁目２番地３,2022-08-05,株式会社
株式会社ＮＥＳＴ,群馬県太田市大原町４３２番地１,2022-08-05,株式会社
株式会社ＮＥＷ　ＳＴＯＲＹ,東京都文京区小石川５丁目２０番４－６０１号,2022-08-05,株式会社
株式会社ＮＥＸＴ,富山県魚津市吉島４番地,2022-08-05,株式会社
株式会社ＮＨＴ　ＣＯＲＰＯＲＡＴＩＯＮ,富山県射水市八幡町１丁目３番１６号,2022-08-05,株式会社
株式会社ＮＲ２,福岡県福岡市博多区博多駅南５丁目２－１９－１Ｆ,2022-08-05,株式会社
株式会社ＮＴＨ,京都府京都市中京区鍋屋町２２０番地,2022-08-05,株式会社
株式会社Ｎｅｘｔ　Ｓｔａｇｅ,千葉県千葉市中央区登戸１丁目２６番１５号,2022-08-05,株式会社
株式会社Ｎｏ．８３,福岡県久留米市大石町２０８番地,2022-08-05,株式会社
株式会社ＯＣＬ岡山コンクリート試験所,岡山県岡山市南区藤田２０２４番地,2022-08-05,株式会社
株式会社ＯＦＣ,香川県高松市国分寺町国分９１番３山田倉庫１階Ｄ・Ｅ号室,2022-08-05,株式会社
株式会社ＯＫＵＹＡＭＡ,熊本県熊本市南区城南町舞原２２９番地６,2022-08-05,株式会社
株式会社ＯＭＩＦ,千葉県山武市松尾町大堤３１８番地,2022-08-05,株式会社
株式会社ＯＵＴＲＩＰ,宮崎県宮崎市吉村町北原甲１４６９－３リシェス１０２,2022-08-05,株式会社
株式会社Ｏｌｇａ　Ｔｒａｄｉｎｇ,千葉県市川市南行徳１丁目２２番７－４０１号,2022-08-05,株式会社
株式会社Ｐ．Ｇ．ＥＳＴＡＴＥ,東京都千代田区外神田２丁目２番１２号福井ビル５階,2022-08-05,株式会社
株式会社ＰＥＡＣＥ　Ｌａｂ,神奈川県相模原市緑区大島１１番地３７２,2022-08-05,株式会社
株式会社ＰＬＡＮＴ,東京都墨田区本所１丁目２番１２号安澤ビル１Ｆ,2022-08-05,株式会社
株式会社Ｐｒｉｍｅ　Ａｄｖｉｓｏｒ,大阪府摂津市千里丘１丁目１１番６号,2022-08-05,株式会社
株式会社Ｒ２ｅ,群馬県高崎市上並榎町８９２番地９パシフィックハイツＫ,2022-08-05,株式会社
株式会社ＲＥＡＬ,東京都中央区日本橋茅場町２丁目１７番３号,2022-08-05,株式会社
株式会社ＲＥＦＩＮＥ,埼玉県さいたま市岩槻区日の出町９番３１－１号,2022-08-05,株式会社
株式会社ＲＥＩＷＡ,東京都青梅市東青梅５丁目１番地の２０,2022-08-05,株式会社
株式会社ＲＥＳＰＥＣＴ　ＪＡＰＡＮ,沖縄県沖縄市与儀１丁目３２番１号パシフィックビューマンション２０３号室,2022-08-05,株式会社
株式会社ＲＥＳＴＡＲ,宮城県仙台市青葉区花京院１丁目２番１５号ソララプラザ３階,2022-08-05,株式会社
株式会社ＲＭＣ,山形県酒田市東町１丁目２４番地１６,2022-08-05,株式会社
株式会社ＲＯＵＴＥ８６,愛知県豊橋市天伯町字春日野１６番地２,2022-08-05,株式会社
株式会社ＲＳＴ,神奈川県横須賀市金谷２丁目６番１５号,2022-08-05,株式会社
株式会社Ｒａｎｄ,静岡県静岡市葵区鷹匠３丁目１２－８鷹匠レジデンス７０６,2022-08-05,株式会社
株式会社Ｒｅｙｅｌｌ　Ｐａｒｋ,大阪府門真市新橋町３番３号門真プラザ２０６,2022-08-05,株式会社
株式会社Ｒｉｃｈ　Ｓｔｒｅａｍ,北海道札幌市西区発寒三条６丁目６番２０－８０２号,2022-08-05,株式会社
株式会社Ｒｏ４．,東京都渋谷区神宮前３丁目１５ー４ｊ－ｈｉｌｌｓｉｄｅ２Ｆ,2022-08-05,株式会社
株式会社ＳＡＧＡＲＡ,広島県東広島市西条町下見９６２番地４,2022-08-05,株式会社
株式会社ＳＡＮＫＥ,北海道札幌市中央区南十四条西５丁目１番１８号,2022-08-05,株式会社
株式会社ＳＢＣメディカルコンサルティング,東京都新宿区西新宿６丁目５番１号新宿アイランドタワー１２階,2022-08-05,株式会社
株式会社ＳＥＫＩＭＯＴＯ,埼玉県春日部市大場１３７６番地８号,2022-08-05,株式会社
株式会社ＳＧＮ,埼玉県所沢市緑町４丁目３４番３２号,2022-08-05,株式会社
株式会社ＳＨＡＨ　ＴＲＡＤＩＮＧ,千葉県野田市尾崎８１５番地の１１ヴィラパレス川間弐番館１０１,2022-08-05,株式会社
株式会社ＳＭＩＬＥ　ＨＯＭＥ,福岡県宗像市自由ヶ丘南２丁目１６番地１４,2022-08-05,株式会社
株式会社ＳＲＡＺ　Ｃｏ．,千葉県木更津市岩根３丁目６番１５号ベル２０１,2022-08-05,株式会社
株式会社ＳＴＢ,埼玉県鴻巣市加美３丁目２１５６番１,2022-08-05,株式会社
株式会社ＳＵＮＴＥ　ＲＵＫＡ,東京都港区赤坂８丁目４番１４号８Ｆ,2022-08-05,株式会社
株式会社ＳＷＥＬＬ,北海道虻田郡ニセコ町字元町２５７番地７花水木２０５号室,2022-08-05,株式会社
株式会社Ｓｅａｓｉｄｅ　Ａｇｒｉｃｕｌｔｕｒｅ,愛知県田原市赤羽根町太田１６番地の１,2022-08-05,株式会社
株式会社Ｓｈｅ,神奈川県横浜市青葉区美しが丘１丁目４番地１４プレシャスヒルズたまプラーザ５０１,2022-08-05,株式会社
株式会社Ｓｉｍｐｌｅｅ,東京都港区赤坂１丁目１２－３２アーク森ビル３Ｆ,2022-08-05,株式会社
株式会社Ｓｕｎ　ｌｉｇｈｔ,群馬県高崎市浜川町７４５番地,2022-08-05,株式会社
株式会社Ｔ‐ＳＹＳＴＥＭ,長野県上田市大屋５１６番地１,2022-08-05,株式会社
株式会社Ｔ’ｓ,千葉県市原市上高根９１番地の３,2022-08-05,株式会社
株式会社ＴＡＭＡ,埼玉県越谷市大字平方１８３４番地６,2022-08-05,株式会社
株式会社ＴＥＫＩＮＲＯ,神奈川県横浜市中区桜木町１丁目１０１番地１クロスゲート７階,2022-08-05,株式会社
株式会社ＴＩＡＲＡｓ,大阪府大阪市北区曾根崎２丁目５番１０号梅田パシフィックビルディング４０１,2022-08-05,株式会社
株式会社ＴＫＳ,神奈川県小田原市北ノ窪４５２番地,2022-08-05,株式会社
株式会社ＴＭＫ,千葉県船橋市三山２丁目３４番１４号－１０２号,2022-08-05,株式会社
株式会社ＴＯＫ,大阪府大阪市中央区常盤町２丁目３番８－１５０４号,2022-08-05,株式会社
株式会社ＴＯＯＬＢＯＸ,千葉県流山市南流山２丁目４番地の７グランジュール９０６,2022-08-05,株式会社
株式会社ＴＯＲＡ,愛知県名古屋市中区栄１丁目１４番１４号御園パレス４１３号,2022-08-05,株式会社
株式会社ＴＲＫ,埼玉県川越市大字古谷上３７４３番地,2022-08-05,株式会社
株式会社Ｔｅａ．Ｍ,徳島県美馬市穴吹町穴吹字藤原１１番地１,2022-08-05,株式会社
株式会社Ｔｒｉｃｏｏｌｓ,東京都世田谷区玉川１丁目１５番１－２００５号,2022-08-05,株式会社
株式会社Ｔｙｐｅ‐Ｍ,埼玉県久喜市久喜東４丁目１６番１号,2022-08-05,株式会社
株式会社ＵＢｅｅＣ,千葉県千葉市中央区栄町３９番１３号,2022-08-05,株式会社
株式会社ＵＮＡ,茨城県つくば市みどりの東６番地５,2022-08-05,株式会社
株式会社Ｕｎｉ．Ｖ,千葉県八千代市緑が丘２丁目３９番６号杉本店舗１０１,2022-08-05,株式会社
株式会社Ｗ‐ｔｏｕｒｉｓｍ,新潟県長岡市南町２丁目５番１５号,2022-08-05,株式会社
株式会社ＷＩＮＮＥＲＳ,千葉県柏市豊四季２８０番地２１,2022-08-05,株式会社
株式会社Ｙ’ｔｉｍｅ,埼玉県八潮市大字南川崎７５９番地２,2022-08-05,株式会社
株式会社Ｙ．Ｈ,大阪府堺市堺区柳之町西１丁２番２号プレアール柳之町２０２号,2022-08-05,株式会社
株式会社ＹＭＭ,東京都港区南麻布５丁目４番１－２０７号,2022-08-05,株式会社
株式会社ＹＯＳＨＩ‐ＳＨＯＷ,大阪府貝塚市堤８２番地,2022-08-05,株式会社
株式会社ａｔデンタルラボ,青森県八戸市長苗代３丁目２番８号,2022-08-05,株式会社
株式会社ｃｅｌｅｓｔｅ,北海道札幌市北区北二十一条西５丁目２－３１,2022-08-05,株式会社
株式会社ｃｈｅｌ　ｃｏｍｐａｎｙ,東京都港区南青山２丁目２２番２号,2022-08-05,株式会社
株式会社ｅＣｏｎｓｕｌｔｉｎｇ,東京都港区南青山３丁目１３番１８号,2022-08-05,株式会社
株式会社ｇｅｅｎｕｓ,東京都大田区南雪谷２丁目１７番１３号ＴＨＣビル４Ｆ,2022-08-05,株式会社
株式会社ｊＩｔＣｏｍ,茨城県稲敷郡阿見町うずら野３丁目２７－８,2022-08-05,株式会社
株式会社ｋａｒｋｉ商事,埼玉県朝霞市朝志ケ丘１丁目２番１－１０４４号,2022-08-05,株式会社
株式会社ｋｕｍｕ,愛知県名古屋市中区栄３丁目２３番１７号サカエサウスピークス１Ｆ３号室,2022-08-05,株式会社
株式会社ｍｏｆｆ,大阪府大阪市中央区内久宝寺町２丁目２番２２号,2022-08-05,株式会社
株式会社ｐｈａｒｍａ　ｓｍａｒｔ,愛知県名古屋市西区那古野２丁目２５番１１号,2022-08-05,株式会社
株式会社ｓｏｈａｋｕ,千葉県船橋市本町１丁目１１番１２号ウィンクレスト２階１号室,2022-08-05,株式会社
株式会社ｔｈｒｅａｄ,神奈川県横浜市青葉区あざみ野２丁目２６番地４５,2022-08-05,株式会社
株式会社ｔｕｋｕｒｕ,山形県西置賜郡白鷹町大字山口３５４８番地の２,2022-08-05,株式会社
株式会社ｕ‐ｃｒｅｗ,群馬県伊勢崎市八斗島町１５８８番地２,2022-08-05,株式会社
株式会社ｗｉｌｌ,福岡県久留米市東櫛原町１９２７番地３３　１Ｆ,2022-08-05,株式会社
株式会社ｗｉｎｄ．,東京都江東区門前仲町１丁目３番７号,2022-08-05,株式会社
株式会社ｗｉｔｈ　Ｃｒｅａｔｅ,東京都世田谷区千歳台６丁目１６番２－１２０１,2022-08-05,株式会社
株式会社ｘｐａｔｓ,東京都港区東麻布１丁目９番１１号ＧＲＯＷＴＨｂｙＩＯＱ１１０２,2022-08-05,株式会社
株式会社ｚ　ｇａｍｅ　ｓｔｕｄｉｏ,神奈川県横浜市金沢区柳町２－９,2022-08-05,株式会社
植木アセットマネジメント株式会社,群馬県前橋市千代田町２丁目４番１４号,2022-08-05,株式会社
植田屋ＩＴソリューション株式会社,愛知県豊橋市山田一番町１２０番地,2022-08-05,株式会社
武内商会株式会社,埼玉県川口市前上町３２－３３,2022-08-05,株式会社
永株式会社,東京都渋谷区千駄ヶ谷５丁目６番１４号ＹＢマンション１階,2022-08-05,株式会社
津洋株式会社,東京都練馬区小竹町１丁目５５－７日神パレス江古田３０３,2022-08-05,株式会社
浜野合同会社,千葉県千葉市中央区村田町７７－１７,2022-08-05,合同会社
海橋ジャパン株式会社,埼玉県川越市大塚２丁目９番地５,2022-08-05,株式会社
海源商事株式会社,東京都江東区南砂６丁目１番１１号Ｓａｌａｍａｚｉｌ３０１,2022-08-05,株式会社
特定非営利活動法人メーム,東京都世田谷区成城３丁目６番７号ガーデンフラッツ成城１０３,2022-08-05,その他の設立登記法人
特定非営利活動法人Ｓｏｃｉａｌ　Ｂｕｓｉｎｅｓｓ　Ｌａｂ．コミュニティ桜島,鹿児島県鹿児島市桜島西道町１８４番地３,2022-08-05,その他の設立登記法人
特定非営利活動法人ｅａｒｔｈ　ｔｒｅｅ,埼玉県春日部市大枝９６２番地１２,2022-08-05,その他の設立登記法人
盛世通商株式会社,東京都中央区日本橋３丁目２番１４号,2022-08-05,株式会社
眞瀬肉本家株式会社,大阪府豊中市熊野町４丁目１２番２３号,2022-08-05,株式会社
真栄工業合同会社,群馬県安中市板鼻２２１４番地,2022-08-05,合同会社
石井建設株式会社,佐賀県杵島郡江北町大字下小田２２７９番地,2022-08-05,株式会社
石川解体株式会社,沖縄県宜野湾市志真志２丁目２１番２－２０２号当山学生アパ―ト,2022-08-05,株式会社
社会保険労務士法人コマツオフィス,広島県福山市寺町９番１１号ディックスビル２Ｆ,2022-08-05,その他の設立登記法人
社会保険労務士法人細川総合パートナーズ,大阪府大阪市北区梅田１丁目１番３－２９００号,2022-08-05,その他の設立登記法人
祥鑫合同会社,埼玉県川口市仲町５－４５－６,2022-08-05,合同会社
福源株式会社,埼玉県川口市芝富士１丁目１２番２６号,2022-08-05,株式会社
税理士法人ライト,愛知県豊橋市天伯町字中里８２番地の１,2022-08-05,その他の設立登記法人
税理士法人中西会計事務所,兵庫県姫路市若菜町２丁目２５番地,2022-08-05,その他の設立登記法人
税理士法人Ｈｏｒｉｚｏｎ　Ｏｎｅ,東京都品川区上大崎３丁目１番１号目黒セントラルスクエア１４階,2022-08-05,その他の設立登記法人
縁株式会社,東京都墨田区東向島６丁目４８番１６－５０２号,2022-08-05,株式会社
航成建設株式会社,宮城県仙台市青葉区昭和町３番５５－１０２号,2022-08-05,株式会社
華建株式会社,愛知県豊川市住吉町２丁目１０番地,2022-08-05,株式会社
藍ｍｉｎｅｙｅ合同会社,福岡県小郡市希みが丘２丁目１６番地１５,2022-08-05,合同会社
藤武パートナーズ株式会社,東京都港区新橋６丁目２２番６号,2022-08-05,株式会社
誠懸株式会社,佐賀県武雄市武雄町大字富岡字西浦２７７番地,2022-08-05,株式会社
達仁工業合同会社,埼玉県新座市野火止７丁目７番４０号,2022-08-05,合同会社
重田一建設株式会社,鹿児島県西之表市西町６７番地南海マンション２０５号,2022-08-05,株式会社
関西ドローン事業協同組合,大阪府枚方市岡本町７番１号,2022-08-05,その他の設立登記法人
高知県立中村特別支援学校ＰＴＡ,高知県四万十市古津賀３０９１,2022-08-05,その他
鴻図株式会社,大阪府大阪市天王寺区生玉町１１番２９号－４０２号,2022-08-05,株式会社
７３１テクニカル合同会社,東京都板橋区徳丸６丁目５１番２号,2022-08-05,合同会社
Ａ・Ｍ　Ｃｏｒｐｏｒａｔｉｏｎ株式会社,北海道苫小牧市ときわ町６丁目７番１５号,2022-08-05,株式会社
ＡＪジャパン株式会社,愛知県名古屋市中区栄５丁目９番１７号,2022-08-05,株式会社
ＡＭＵＳＥＭＥＮＴ　ＡＧＥＮＴ合同会社,千葉県千葉市稲毛区小深町９０番地２４５,2022-08-05,合同会社
ＡＳＨ株式会社,東京都港区赤坂１丁目１番１７号細川ビル８１１,2022-08-05,株式会社
ＡＳＨＩＦＴ株式会社,東京都千代田区外神田４丁目１２番２号,2022-08-05,株式会社
ＡＴ合同会社,福岡県福岡市南区市崎１丁目２番８号高宮マンション４４４号,2022-08-05,合同会社
ＡＴＲＡ　Ｄｅｓｉｇｎ合同会社,東京都港区南青山２丁目２－１５ＷＩＮ青山５３,2022-08-05,合同会社
ＡｐｐＣａｔ合同会社,東京都江東区平野２丁目２番３－６０１号,2022-08-05,合同会社
ＢＥ　ＦＲＥＥ　ＣＡＰＩＴＡＬ株式会社,愛知県豊橋市東光町１２番地,2022-08-05,株式会社
ＢＲＩＤＧＥ．合同会社,千葉県木更津市真舟５丁目１番２７号,2022-08-05,合同会社
ＣＬＯＵＤ　ＥＮＴＥＲＴＡＩＮＭＥＮＴ合同会社,茨城県つくばみらい市陽光台１丁目１２番地１３グリーンヒルみらい４０２,2022-08-05,合同会社
Ｃｏ‐Ｅｖｏｌｕｔｉｏｎ　Ｎｅｔｗｏｒｋ合同会社,東京都港区芝公園３丁目５－８機械振興会館Ｂ１０７－２－１号,2022-08-05,合同会社
ＣｏＣｏ株式会社,香川県高松市鍛冶屋町１番地９ＴＨＥＡＩＲビル４Ｆ,2022-08-05,株式会社
Ｃｒｅａｓｅｅｋ株式会社,東京都千代田区外神田５丁目６番１４号,2022-08-05,株式会社
ＤＡＹＡ’ｓ　Ｆｏｏｄ＆Ｃｏｏｐｅｒａｔｉｏｎ株式会社,東京都小平市学園東町１丁目１６番３２号寿荘２０１号室,2022-08-05,株式会社
ＤＨＬ販売株式会社,大阪府泉佐野市市場南２丁目５０４番地の９大阪谷ビル４Ｆ,2022-08-05,株式会社
ＤｉｇＰｏｗｅｒ株式会社,東京都千代田区九段北１丁目１２番２号レオ九段４０２号,2022-08-05,株式会社
ＤｙｎａＣａｍｐｅｒＤＸ株式会社,東京都港区高輪４丁目２３番６号ハイホーム高輪７０８,2022-08-05,株式会社
ＥＭＯＴＯＲＡＤ　ＪＡＰＡＮ株式会社,東京都渋谷区円山町５番５号,2022-08-05,株式会社
ＥＶＥＲ株式会社,京都府京都市左京区下鴨宮崎町１１９－１,2022-08-05,株式会社
Ｅｌｌｅｓ　Ｆｉｌｍｓ株式会社,東京都渋谷区東３丁目２５番３－６０６号,2022-08-05,株式会社
ＦＡＳＴ　ＳＯＵＲＣＥ株式会社,茨城県常陸大宮市上小瀬２０８４－２０２室,2022-08-05,株式会社
ＦＩＴＨ合同会社,富山県南砺市土生新９７２番地,2022-08-05,合同会社
ＦＫ　Ｐｒｅｓｉｄｅ株式会社,福岡県福岡市西区野方４丁目２５番１号,2022-08-05,株式会社
ＧＥＮＥＰＲＯ合同会社,東京都練馬区大泉町４丁目６番５号,2022-08-05,合同会社
ＧＬＯＢＥ　ＡＩＲ　ＣＡＲＧＯ合同会社,東京都目黒区碑文谷２丁目１０番１６－５０６号,2022-08-05,合同会社
ＧＹＹ株式会社,神奈川県横浜市南区白妙町４丁目４２番地１ヴァンティアン横濱１３０３号室,2022-08-05,株式会社
Ｈ＆Ｉ株式会社,東京都渋谷区西原３丁目４４番１２号西原パークマンション３０１,2022-08-05,株式会社
ＨＡＬＦ　ＭＯＯＮ株式会社,大阪府大阪市北区中津１丁目２番３－４０２号,2022-08-05,株式会社
ＨＲＥ株式会社,岡山県倉敷市鶴形１丁目３番１号井上ビル１階西,2022-08-05,株式会社
ＨＵＢＳＴＥＰ合同会社,千葉県船橋市宮本６丁目１番１５－０００１号,2022-08-05,合同会社
Ｈａｎｉ株式会社,神奈川県相模原市緑区西橋本４丁目８番２２号,2022-08-05,株式会社
Ｈｅａｌｔｈ　Ｃｏｎｎｅｃｔ株式会社,東京都渋谷区恵比寿２丁目２８番１０号,2022-08-05,株式会社
ＩＨＴ株式会社,埼玉県越谷市大字平方３６３番地３,2022-08-05,株式会社
ＩＪＭエンジニアリング株式会社,神奈川県横浜市南区永田北２丁目６－８,2022-08-05,株式会社
ＪＤ合同会社,北海道札幌市中央区南一条西９丁目１５－２札幌南１条ビル４階Ｂ室,2022-08-05,合同会社
Ｋ’ｓインテリア株式会社,広島県呉市焼山ひばりヶ丘町１２番２３号,2022-08-05,株式会社
Ｋ＆Ｒ合同会社,東京都板橋区宮本町３２－６,2022-08-05,合同会社
ＫＭ　ＶＩＮＴＩＱＵＥ＆ＣＯ　ＬＬＣ,東京都港区南青山３丁目１０番４１号ジュエル青山ビル２０２号,2022-08-05,外国会社等
ＫＭＣＳ・ＲＡＤ株式会社,東京都世田谷区等々力３丁目２８番１７号グランドメゾン等々力１０１,2022-08-05,株式会社
ＫＳＫＪすぎもと合同会社,千葉県市川市八幡２丁目６番１５号,2022-08-05,合同会社
Ｌ＆Ｃクローバー株式会社,北海道札幌市東区北十一条東１１丁目１番６号,2022-08-05,株式会社
Ｌｅｅｗａｙ株式会社,千葉県松戸市馬橋３２４０－２はなみずき通貸家２－３階,2022-08-05,株式会社
Ｌｉｂ合同会社,東京都北区赤羽台３丁目２番１０号ＭＹ・ＹＯＵ・ＨＯＵＳＥ１０１号室,2022-08-05,合同会社
ＭＡＹＪ４株式会社,東京都千代田区飯田橋３丁目１１番１３号,2022-08-05,株式会社
ＭＩＢ株式会社,東京都中央区銀座１丁目１２番４号Ｎ＆ＥＢＬＤ．７階,2022-08-05,株式会社
ＭＩＲＯＨＩ　ＣＯＲＰＯＲＡＴＩＯＮ合同会社,東京都板橋区前野町１丁目２番１号－１０３,2022-08-05,合同会社
ＭＪＣホールディングス株式会社,大阪府大阪市北区梅田１丁目１番３号大阪駅前第３ビル２９階１－１－１号室,2022-08-05,株式会社
ＭＫＳモーター合同会社,神奈川県鎌倉市岡本２丁目１５－１１,2022-08-05,合同会社
ＭＳＲ株式会社,神奈川県横浜市神奈川区広台太田町５番地６－６０１,2022-08-05,株式会社
Ｍｏｎ　Ｓａｎ　Ａｕｔｈｏｒｓ合同会社,東京都港区南青山２丁目２番１５号,2022-08-05,合同会社
ＮＥＷ　ＴＨＩＮＫＩＮＧ株式会社,大阪府大阪市生野区新今里３丁目４番１７号シャトー第４今里２１０Ａ,2022-08-05,株式会社
Ｎｅｘｔ　Ｄｏｏｒ株式会社,群馬県館林市松原２丁目１番３０号,2022-08-05,株式会社
ＯＰＴＹ　ＥＣＯ株式会社,東京都千代田区九段南１丁目５番６号りそな九段ビル５Ｆ－ＫＳフロア,2022-08-05,株式会社
ＯＱＣ株式会社,東京都中央区日本橋室町４丁目３番９号,2022-08-05,株式会社
ＯＳＡＭＵ．ＤＰ株式会社,茨城県つくば市島名３５３６番地４,2022-08-05,株式会社
ＰＡＬ　ＤＲＩＶＥ　ＴＯＯＬＳ合同会社,福岡県福岡市南区平和４丁目１‐２０グリーンハイツ２１１号,2022-08-05,合同会社
ＰＬＡＮ３５株式会社,東京都江東区福住２丁目６番９号,2022-08-05,株式会社
ＰＲＥＶＡＩＬ　ＴＲＡＤＩＮＧ株式会社,茨城県常陸大宮市檜山６７２－１０,2022-08-05,株式会社
Ｐａｎ　Ｊａｐａｎ合同会社,大阪府大阪市旭区新森４丁目３番２９号フロラシオン新森公園７０３号,2022-08-05,合同会社
ＱＵＡＮＧ　ＤＵＯＮＧ合同会社,岐阜県本巣郡北方町高屋白木１丁目５６番地ＳＡＮＴＥ８８－１０５号,2022-08-05,合同会社
Ｒ誠信エステート合同会社,東京都江東区有明１丁目４番２０－８２６号,2022-08-05,合同会社
ＲＯＫＵＭＥＩ株式会社,東京都墨田区両国３丁目２０番６号小林ビル２階,2022-08-05,株式会社
Ｒｅ．ｃｏｒｄｅｃ株式会社,福岡県福岡市中央区赤坂３丁目４番３１－６１０号,2022-08-05,株式会社
Ｒｉｓｅ合同会社,大阪府大阪市天王寺区筆ケ崎町５番３８－８０６号,2022-08-05,合同会社
ＳＡＭＩ　ＴＲＡＤＩＮＧ株式会社,北海道苫小牧市元町１丁目４番８号,2022-08-05,株式会社
ＳＩＮＧＨ　ＢＲＯＴＨＥＲＳ合同会社,千葉県市川市大洲２丁目１３番１２－２０２号（つるさし苑）,2022-08-05,合同会社
ＳＯＮＧ　ＶＵ　ＧＲＯＵＰ株式会社,埼玉県東松山市材木町６－１８ベルメゾン１Ｆ,2022-08-05,株式会社
ＳＰＳホールディングス株式会社,東京都港区虎ノ門１丁目３－１東京虎ノ門グローバルスクエア５Ｆ,2022-08-05,株式会社
ＳＴ株式会社,東京都港区北青山１丁目２番３号,2022-08-05,株式会社
Ｓｅａｓｏｎｓ　Ｐｒｏｐｅｒｔｉｅｓ株式会社,神奈川県川崎市川崎区田町２丁目４番１３－１００５号,2022-08-05,株式会社
Ｓｕｓ‐Ｂｅ合同会社,福岡県久留米市六ツ門町１３番地２０－１Ｆ（Ｋ－８）,2022-08-05,合同会社
ＴＩＥＲＲＡ合同会社,岡山県玉野市後閑１番地１２７,2022-08-05,合同会社
ＴＭ国際株式会社,大阪府大阪市平野区長吉長原１丁目１１番２号,2022-08-05,株式会社
ＴＮパートナーズ株式会社,東京都品川区上大崎３丁目１番１号,2022-08-05,株式会社
ＴＰＳ株式会社,大分県大分市東津留２丁目１０番１１号ユナイテッド都留ビル５０１号室,2022-08-05,株式会社
Ｔｈｘ‐Ｃｙｃｌｅ合同会社,大分県大分市ふじが丘東３丁目４番２２号,2022-08-05,合同会社
ＷＡＭＯＸ合同会社,岐阜県揖斐郡池田町六之井１６２９番地の１,2022-08-05,合同会社
Ｗｈｉｔｅ　Ｈａｒｔ株式会社,栃木県那須郡那須町大字高久乙３３６９番地５８７,2022-08-05,株式会社
Ｗｉｎ‐Ｗｉｎ‐Ｗｏｒｋ株式会社,東京都世田谷区三軒茶屋２丁目３７番３号,2022-08-05,株式会社
ＹＡＭ．ＹＡＲＤ株式会社,大阪府東大阪市新庄２丁目５番１５号,2022-08-05,株式会社
ＹＭＴ株式会社,千葉県船橋市藤原７丁目３８番１２号,2022-08-05,株式会社
ｍｉｎａｎｏｋａｍｉ株式会社,埼玉県川越市大字鹿飼４９６番６号,2022-08-05,株式会社
ｍｒｐ　ｐｌｕｓ合同会社,神奈川県横浜市中区元町５丁目２０２番地１－５Ｆ,2022-08-05,合同会社
ｎａｔｕｒｕｓ合同会社,東京都港区南青山２丁目２番１５号,2022-08-05,合同会社
ｖｅｇｅ　ｂｏｎｄ合同会社,群馬県前橋市堤町２１４番地５,2022-08-05,合同会社
ｗｈａｒｆｌａｔ株式会社,埼玉県熊谷市本町２丁目１２８番地６０３,2022-08-05,株式会社
あづみ野ＩＴ株式会社,長野県安曇野市穂高牧２２３０－３０,2022-08-08,株式会社
つなぐをつくる合同会社,広島県福山市北吉津町５丁目３番１７号,2022-08-08,合同会社
なわてオート合同会社,大阪府四條畷市大字上田原７７５－５,2022-08-08,合同会社
はなまる賃貸合同会社,福岡県春日市春日原北町３丁目１１番地の１,2022-08-08,合同会社
やさい広場協同組合,山口県宇部市大字西岐波上請川６１６９番地１,2022-08-08,その他の設立登記法人
インクル株式会社,愛知県半田市柊町１丁目７２番地１,2022-08-08,株式会社
イーエスピーシーワン株式会社,東京都千代田区丸の内１丁目８番１号,2022-08-08,株式会社
ウエルネス・ファミリー株式会社,福岡県福岡市中央区大濠公園２番１７－４０１号,2022-08-08,株式会社
エスケイコーポレーション株式会社,三重県津市芸濃町北神山１４７０番地の３,2022-08-08,株式会社
エムズ合同会社,東京都目黒区上目黒３丁目１－１０ヴェルデナポリ２０３,2022-08-08,合同会社
グラシャス株式会社,東京都江戸川区北小岩２丁目１３－１３,2022-08-08,株式会社
グロースパートナーズ株式会社,東京都目黒区自由が丘２丁目１６－１２ＲＪ３,2022-08-08,株式会社
グローバルテクニカルブリッジ合同会社,東京都武蔵野市吉祥寺本町１丁目１３番２号シラカバビル５Ｆ－２,2022-08-08,合同会社
コミットメント・ＤＸ株式会社,東京都港区六本木６丁目１番２０号六本木電気ビル７Ｆ,2022-08-08,株式会社
サーカステクノロジーズ株式会社,東京都港区新橋２丁目２０番１５号新橋駅前ビル１号館６階ＢＩＳＴＡＴＩＯＮ,2022-08-08,株式会社
シェソップ合同会社,愛知県小牧市久保一色南２丁目２１９番地,2022-08-08,合同会社
セイリュウＫＭ株式会社,愛知県名古屋市北区新堀町１９番地の１,2022-08-08,株式会社
ゼロスリー株式会社,東京都渋谷区恵比寿１丁目４番１号恵比寿アーバンハウス３０１,2022-08-08,株式会社
タマキ建装株式会社,大阪府豊中市庄内栄町３丁目１２番３０号,2022-08-08,株式会社
チャイルドファーストなごみ株式会社,静岡県島田市若松町２６５３番地の１,2022-08-08,株式会社
トータルインテリアスズキ株式会社,神奈川県横浜市戸塚区柏尾町１３５２番地５６,2022-08-08,株式会社
ドリームマンバ合同会社,東京都渋谷区神泉町３－４－００１,2022-08-08,合同会社
ネクストウェーブ株式会社,大阪府大阪市都島区内代町１丁目１５－９,2022-08-08,株式会社
ハコベル株式会社,東京都品川区上大崎２丁目２４番９号,2022-08-08,株式会社
ハチドリソーラー株式会社,東京都新宿区市谷田町２丁目１７番地,2022-08-08,株式会社
ハーバー株式会社,東京都新宿区西新宿３丁目３番１３号西新宿水間ビル６階,2022-08-08,株式会社
バンドル合同会社,東京都墨田区業平５丁目３番６号メインステージ押上４－６０４号,2022-08-08,合同会社
ピーオービー株式会社,兵庫県神戸市中央区八幡通１丁目１－１４－６０４号,2022-08-08,株式会社
ファーアンドフィールド合同会社,福島県いわき市遠野町上遠野字久保作１０番地の１,2022-08-08,合同会社
ファーイースト株式会社,北海道千歳市文京４丁目６番地の５,2022-08-08,株式会社
フロムビー合同会社,大阪府大阪市北区豊崎３丁目１５－５,2022-08-08,合同会社
プッパイ合同会社,東京都調布市多摩川１丁目４４番１号ライオンズガーデン調布多摩川５０５,2022-08-08,合同会社
ヘッジハウス株式会社,東京都新宿区西新宿３丁目１０番７号サンハイツ梅村４０１号,2022-08-08,株式会社
ホンダ美創合同会社,愛知県常滑市西之口７丁目６５番地の１２,2022-08-08,合同会社
ラブペット合同会社,兵庫県西宮市青葉台２丁目１２番８号,2022-08-08,合同会社
ラボラトリー・アーセルス株式会社,神奈川県川崎市麻生区五力田１丁目４番４号,2022-08-08,株式会社
ララシステムズ株式会社,大阪府大阪市中央区南久宝寺町２丁目５番１０－６０２号,2022-08-08,株式会社
ルーベ合同会社,千葉県流山市西初石２丁目１１番地の１４,2022-08-08,合同会社
レオハナ株式会社,埼玉県所沢市林２丁目１４０番地の４,2022-08-08,株式会社
レーブ合同会社,東京都北区西ケ原３丁目６４番１７号,2022-08-08,合同会社
一般社団法人だるま十区,北海道札幌市西区山の手一条１３丁目１番１１号,2022-08-08,その他の設立登記法人
一般社団法人ゆずタウン,京都府京都市南区吉祥院中島町３０番地１３,2022-08-08,その他の設立登記法人
一般社団法人ウイズユー,宮城県仙台市太白区四郎丸字渡道３１番４号,2022-08-08,その他の設立登記法人
一般社団法人サマリア,東京都新宿区大久保１丁目２番１号,2022-08-08,その他の設立登記法人
一般社団法人啓瑞会,東京都武蔵野市中町１丁目２４番１５号,2022-08-08,その他の設立登記法人
一般社団法人国際先進医療機構,東京都文京区小石川４丁目４－５,2022-08-08,その他の設立登記法人
一般社団法人大津町古城四番太陽光発電所,東京都千代田区丸の内３丁目１番１号東京共同会計事務所内,2022-08-08,その他の設立登記法人
一般社団法人奥大和の郷,奈良県吉野郡東吉野村大字狭戸８０－１,2022-08-08,その他の設立登記法人
一般社団法人彩,福岡県行橋市東大橋３丁目１番１０号,2022-08-08,その他の設立登記法人
一般社団法人日本オンライン美文字協会,千葉県流山市江戸川台東３丁目２６１番地の３,2022-08-08,その他の設立登記法人
一般社団法人ＡＹＲ３,東京都中央区日本橋１丁目４番１号,2022-08-08,その他の設立登記法人
一般社団法人ＨＰＢＧプレート協会,埼玉県さいたま市大宮区北袋町１丁目８２番地１,2022-08-08,その他の設立登記法人
一般社団法人Ｍｅｄｆｅｓｓｉｏｎａｌ,東京都渋谷区渋谷２丁目１９－１５宮益坂ビルディングザ・渋谷レジデンス１００１,2022-08-08,その他の設立登記法人
一般社団法人ＰｅｅｒＬｉｎｋ,大阪府大阪市都島区都島中通２丁目１８番２４－３０４号,2022-08-08,その他の設立登記法人
一葉株式会社,東京都新宿区新宿７丁目３番５５号,2022-08-08,株式会社
久留米絣研究舎合同会社,福岡県福岡市南区筑紫丘１丁目１７－３６－６０６,2022-08-08,合同会社
二葉食糧株式会社,大阪府交野市倉治２丁目６７番５号,2022-08-08,株式会社
創利合同会社,宮城県宮城郡利府町春日字二ツ石２番地,2022-08-08,合同会社
勝榮石材株式会社,京都府福知山市和久市町２４６番地の１,2022-08-08,株式会社
医療法人だいち会,京都府京都市山科区上野御所ノ内町４番地２大栄ビル４階,2022-08-08,その他の設立登記法人
医療法人俊華会,岩手県一関市台町１０番６号,2022-08-08,その他の設立登記法人
医療法人希碧会,群馬県渋川市行幸田２８番地５,2022-08-08,その他の設立登記法人
医療法人社団真桜会,岩手県釜石市鵜住居町１丁目７０３番地,2022-08-08,その他の設立登記法人
千川通商株式会社,千葉県千葉市美浜区磯辺１丁目１８番２号,2022-08-08,株式会社
協陽置産株式会社,東京都新宿区百人町２丁目２６－５－８０１,2022-08-08,株式会社
博洋産業株式会社,大阪府大阪市都島区大東町１丁目９番２７号,2022-08-08,株式会社
双羽先端半導体株式会社,東京都千代田区麹町６丁目２番地６,2022-08-08,株式会社
合同会社きたじ経営診断所,埼玉県さいたま市大宮区桜木町１丁目３７８番,2022-08-08,合同会社
合同会社むすび,愛知県清須市朝日天王１５番地２－３０２号,2022-08-08,合同会社
合同会社やもと,福岡県福岡市中央区西中洲１２番１２‐１００４号エンクレスト天神シティ,2022-08-08,合同会社
合同会社アイデアル,静岡県磐田市上本郷１００２－１０８０７Ｊハイム豊田本郷８０７,2022-08-08,合同会社
合同会社アイリンクサポート,京都府長岡京市開田１丁目２１番５号,2022-08-08,合同会社
合同会社インベスト,福岡県飯塚市立岩１０４９番地１１,2022-08-08,合同会社
合同会社ウェルビーイングサポート,愛知県一宮市富士３丁目９番１８号,2022-08-08,合同会社
合同会社エヌ・マティ,北海道札幌市白石区菊水上町一条１丁目４０番地１０－１１０,2022-08-08,合同会社
合同会社エムアンドエム,新潟県上越市北城町１丁目２番３０号,2022-08-08,合同会社
合同会社エレン,埼玉県朝霞市泉水２丁目１２番４－５０５,2022-08-08,合同会社
合同会社エージェントサービス,北海道札幌市中央区北六条西１９丁目２３番１５号Ａｍｂｉｅｎｔｅ６１９　７０１号室,2022-08-08,合同会社
合同会社オオサカエイギョウショ,大阪府大東市三箇６丁目１０－１２Ｓｔｅｐ．Ｙ３０２,2022-08-08,合同会社
合同会社オフィスりふれくしょん,三重県伊勢市上野町３３９５,2022-08-08,合同会社
合同会社オールライト,鹿児島県鹿児島市西紫原町８番２０号,2022-08-08,合同会社
合同会社カフ,大阪府東大阪市横小路町３丁目１番４３号,2022-08-08,合同会社
合同会社カーレスキュー山本,山口県周南市大字上村３３８番地の１,2022-08-08,合同会社
合同会社キラキラ,北海道札幌市中央区南十一条西１丁目４番１８－１１０２号,2022-08-08,合同会社
合同会社クリエイティブオフィスフリー,福井県福井市下莇生田町２７－１－１,2022-08-08,合同会社
合同会社クレイン,愛知県安城市箕輪町唐生５４番地,2022-08-08,合同会社
合同会社グレイス,愛知県名古屋市緑区大高町字天神１２５番地,2022-08-08,合同会社
合同会社コズミックウィル,沖縄県島尻郡南風原町字宮平９５０番地５６宮平ハイツＡ－５５,2022-08-08,合同会社
合同会社ゴーゴーカンパニー,福岡県北九州市八幡東区大蔵２丁目４－５,2022-08-08,合同会社
合同会社サン,沖縄県那覇市辻２丁目１９番１５号,2022-08-08,合同会社
合同会社シュヴァルツ・ヴァルト,宮崎県都城市横市町６５５０番地３,2022-08-08,合同会社
合同会社ジャスティス,広島県広島市南区稲荷町１－１１ザパークハウス広島駅前通り１８０２号,2022-08-08,合同会社
合同会社ストライク・コーポレーション,東京都杉並区和泉１丁目８番２－８０２号,2022-08-08,合同会社
合同会社ティーグル,東京都新宿区箪笥町３９番地ルネ神楽坂９０２,2022-08-08,合同会社
合同会社トランジェント,東京都調布市染地２丁目８番地２３,2022-08-08,合同会社
合同会社ネクストドメイン,山梨県甲斐市中下条１０６８番地１１,2022-08-08,合同会社
合同会社ハイムル,大阪府豊中市上野西１丁目１－２５,2022-08-08,合同会社
合同会社ハチドリカンパニー,大阪府池田市住吉２丁目１１番４号,2022-08-08,合同会社
合同会社ハーマー,大阪府大阪市中央区上本町西５丁目１番３５号タワーザ上町台１６０１号,2022-08-08,合同会社
合同会社ビッグ,埼玉県川口市大字安行吉蔵２３番地の２５,2022-08-08,合同会社
合同会社ファミリーエデュケーション,福岡県糟屋郡志免町南里２丁目１番１８号,2022-08-08,合同会社
合同会社ファミリーマーケティング,福岡県糟屋郡志免町南里２丁目１番１８号,2022-08-08,合同会社
合同会社ファミリーリクルート,福岡県糟屋郡志免町南里２丁目１番１８号,2022-08-08,合同会社
合同会社プロデュース,大阪府大阪市中央区東心斎橋１丁目１７番１９号ｓｏｉｅ心斎橋３Ｆ,2022-08-08,合同会社
合同会社マツイオフィス,東京都練馬区豊玉上２丁目２３番７号,2022-08-08,合同会社
合同会社ミラージュ,大阪府大阪市中央区日本橋１丁目８番４号,2022-08-08,合同会社
合同会社ユニバース,大阪府箕面市箕面３丁目８番５４号,2022-08-08,合同会社
合同会社リーディング,千葉県市川市本行徳１３１８,2022-08-08,合同会社
合同会社ワイズクリエイティブ,神奈川県横浜市都筑区平台２０番８号,2022-08-08,合同会社
合同会社北海道おいしさ研究所,北海道札幌市中央区南五条西８丁目８番地２ヒロ５・８コート４０１号,2022-08-08,合同会社
合同会社北風と太陽,大阪府八尾市龍華町１丁目２番１－１１１０号,2022-08-08,合同会社
合同会社大和,愛知県日進市赤池町西組１４６番地,2022-08-08,合同会社
合同会社山岸電気,長野県下水内郡栄村大字北信６７番地３,2022-08-08,合同会社
合同会社援,東京都台東区浅草６丁目１３番地９－７０４号ルジェンテ浅草,2022-08-08,合同会社
合同会社日本会計センター,東京都港区浜松町２丁目２番１５号,2022-08-08,合同会社
合同会社晃輝,大分県大分市小中島２丁目３番８１号,2022-08-08,合同会社
合同会社神谷町インベストメント２５号,東京都港区虎ノ門５丁目１番４号,2022-08-08,合同会社
合同会社神谷町インベストメント２６号,東京都港区虎ノ門５丁目１番４号,2022-08-08,合同会社
合同会社西原,兵庫県川西市水明台１丁目１番地の９１,2022-08-08,合同会社
合同会社飛貴,埼玉県川口市大字安行領根岸２２１９番地,2022-08-08,合同会社
合同会社黍農園,愛知県名古屋市熱田区新尾頭１丁目６番１３号第１９金山フクマルビル９階,2022-08-08,合同会社
合同会社ＡＧＣ,東京都豊島区西池袋１丁目２９番１４号オリエント池袋１１０８号室,2022-08-08,合同会社
合同会社ＡＵＴＯ　ＦＡＣＴＯＲＹ,高知県香美市土佐山田町旭町２丁目１番３号,2022-08-08,合同会社
合同会社Ｃｏｄｒｏｗ　Ｌｉｐｓ,東京都墨田区千歳３丁目１１番６号プレスタイル両国弐番館７０２,2022-08-08,合同会社
合同会社ＤＡＶＩＮＣＩ,東京都中央区銀座１丁目２２番１１号銀座大竹ビジデンス２階,2022-08-08,合同会社
合同会社ＥｌｌｅＭａｒｉ,東京都新宿区新宿５丁目５－６,2022-08-08,合同会社
合同会社ＦＫコンサルティング,東京都渋谷区千駄ヶ谷５丁目３３番１号コープインフィールド４０２号室,2022-08-08,合同会社
合同会社ＧｒｅｅｎＯａｋ,山形県酒田市錦町４丁目１番地の２コーワビル１階,2022-08-08,合同会社
合同会社ＨＡＶＯＣ　ＢＡＳＥ,北海道札幌市中央区南九条西４丁目３－１ＡＭＳ　ＴＯＷＥＲ１９０５,2022-08-08,合同会社
合同会社ＫＮＳ,大阪府東大阪市西石切町３丁目６番１４号コスモレジデンス３０３号,2022-08-08,合同会社
合同会社ＬＣ　ｓｅｒｖｉｃｅ,愛知県長久手市蟹原２３０２番地,2022-08-08,合同会社
合同会社Ｍ‐ＴＥＣ,愛知県名古屋市中区錦２丁目１２番３２号,2022-08-08,合同会社
合同会社Ｍ’ｓ　Ｃｌｅａｎ　Ｐａｒｔｎｅｒ,栃木県栃木市野中町３７７番地２,2022-08-08,合同会社
合同会社ＭＭＹ,北海道室蘭市水元町６番１６号,2022-08-08,合同会社
合同会社ＭＲＴ,北海道札幌市西区西町北７丁目１番１号,2022-08-08,合同会社
合同会社Ｎｏｗ　Ｐｌｕｓ,神奈川県横浜市西区みなとみらい４丁目４－２横浜ブルーアベニュー１２Ｆ,2022-08-08,合同会社
合同会社ＯＭＵＳＵＢＩ,神奈川県川崎市中原区小杉御殿町２丁目１７２番地,2022-08-08,合同会社
合同会社ＰＰＬＩＦＥ,大阪府大阪市生野区生野西４丁目１－２９小谷ハイム１５号室,2022-08-08,合同会社
合同会社ＲＡＹ,東京都港区赤坂６丁目１０番６－５０３,2022-08-08,合同会社
合同会社Ｒｅｄｉｇｉｆｏｒｍ,千葉県千葉市稲毛区萩台町６９６―５１,2022-08-08,合同会社
合同会社ＳＰＴ,東京都府中市是政１丁目２０番地の１０８,2022-08-08,合同会社
合同会社ＴＡＯＭＡＸ,東京都港区西麻布４丁目１１番７号,2022-08-08,合同会社
合同会社Ｔｒｉｄｅｎｔ　Ｊａｐａｎ,東京都港区新橋５丁目１３番５号新橋ＭＣＶビル７階,2022-08-08,合同会社
合同会社Ｙ,東京都練馬区高野台３丁目１７－１４－１０,2022-08-08,合同会社
合同会社ｆｉｃａｔａ,愛知県一宮市今伊勢町本神戸字権現１５番地８,2022-08-08,合同会社
合同会社ｏｌｅｎ,北海道石狩市花川南十条３丁目１４９番地９,2022-08-08,合同会社
合同会社ｒｕｔａｓｔｏｎｅ,京都府京都市伏見区深草西伊達町８７－９２,2022-08-08,合同会社
合同会社ｔｓｕｋｉａ　ｌｌｃ,東京都墨田区東駒形３丁目１２番９号,2022-08-08,合同会社
営家株式会社,沖縄県那覇市松尾１丁目１０－２４ホークシティ那覇ビル４階,2022-08-08,株式会社
地域産業コンサルタント株式会社,東京都小平市上水本町５丁目２３番１－５０８号,2022-08-08,株式会社
大地建設株式会社,東京都渋谷区幡ヶ谷３丁目３９番１２号渋谷ウェストビル１階,2022-08-08,株式会社
宮川システムアンドサービス株式会社,愛知県北名古屋市二子比良出８４番地２エスポワールツイン２０２,2022-08-08,株式会社
宿の日花火ｉｎ湯郷実行委員会,岡山県美作市湯郷３２３－２,2022-08-08,その他
彦坂設備株式会社,愛知県豊橋市大岩町字北山６番地６２２,2022-08-08,株式会社
慶豊株式会社,京都府京都市中京区麩屋町通夷川上る笹屋町４９５ＹＯビルヂング２階,2022-08-08,株式会社
新日研株式会社,大阪府東大阪市荒本北１丁目２番３６－１１０９号,2022-08-08,株式会社
日本天主公教長崎教区教師社団,長崎県長崎市南山手町乙１番地,2022-08-08,その他の設立登記法人
東輝株式会社,岡山県加賀郡吉備中央町北２７８２‐３２６,2022-08-08,株式会社
松岡教材株式会社,岡山県津山市勝部１１１２番地２,2022-08-08,株式会社
株式会社あかさ,長野県松本市村井町南３丁目１２－２２オカモトタンメン,2022-08-08,株式会社
株式会社かもねぎ,福岡県福岡市博多区中呉服町５番２２－２０１号,2022-08-08,株式会社
株式会社しなやか,東京都中央区銀座１丁目２７番１０号,2022-08-08,株式会社
株式会社そらとたいよう,東京都清瀬市中里５丁目１０６０番地４,2022-08-08,株式会社
株式会社たくちゃんめし,東京都渋谷区神宮前６丁目２３番４号桑野ビル２階,2022-08-08,株式会社
株式会社はうつー,愛知県蒲郡市旭町１６番１６号,2022-08-08,株式会社
株式会社ひとひともん,北海道赤平市幌岡町２２８番地,2022-08-08,株式会社
株式会社ほのか,愛媛県東温市南方１４１番地１,2022-08-08,株式会社
株式会社まさみ商事,兵庫県姫路市西延末２１９番地１,2022-08-08,株式会社
株式会社わくわく,石川県金沢市駅西本町１丁目８‐２２,2022-08-08,株式会社
株式会社アクアカンパニー,東京都渋谷区神宮前６丁目３５番３号,2022-08-08,株式会社
株式会社アクロスデザインワークス,東京都世田谷区桜上水４丁目１７番４号,2022-08-08,株式会社
株式会社アサイン,神奈川県横浜市緑区台村町字住環下２９２番地１三経８ビル１Ｆ,2022-08-08,株式会社
株式会社アサノ建装,愛知県豊明市栄町武侍７番地１グラン・コート豊明１０７号,2022-08-08,株式会社
株式会社アソシエイト,沖縄県中頭郡中城村字南上原１０００番地１,2022-08-08,株式会社
株式会社アップル・Ｋ,青森県北津軽郡板柳町大字横沢字西里見１１７番地１９,2022-08-08,株式会社
株式会社アーク,東京都新宿区新宿１丁目２４番１号大塚ビル２階,2022-08-08,株式会社
株式会社アールイー・コンサルティング,福岡県福岡市南区筑紫丘２丁目２０番１６号,2022-08-08,株式会社
株式会社イエプラス不動産,東京都墨田区太平２丁目１３番９号,2022-08-08,株式会社
株式会社イノベイト,福井県福井市灯明寺１丁目６０４番地２,2022-08-08,株式会社
株式会社イワタ,東京都千代田区丸の内２丁目３番２号郵船ビルディング,2022-08-08,株式会社
株式会社イーテック,京都府京都市左京区岩倉花園町４４０番地の１,2022-08-08,株式会社
株式会社ウィズレイジ,東京都渋谷区恵比寿西２丁目８番１１号グランベル恵比寿Ⅳ６Ｆ,2022-08-08,株式会社
株式会社エイトヴィジョン,山梨県甲府市里吉１丁目１番４４号,2022-08-08,株式会社
株式会社エイワホールディングス,東京都世田谷区経堂１丁目５番４号,2022-08-08,株式会社
株式会社エステックサービス,静岡県浜松市北区三方原町５１番地の５,2022-08-08,株式会社
株式会社エッチアンドシーメディカル,東京都江東区有明１丁目４番２０号８１２号室,2022-08-08,株式会社
株式会社エムアイエフ,長野県北安曇郡池田町大字池田２７１３番地１１,2022-08-08,株式会社
株式会社エム・コネクト,静岡県静岡市清水区千歳町４番４９－３号エストレーモ銀河ⅡＡ,2022-08-08,株式会社
株式会社エンクリアル,神奈川県藤沢市本町３丁目１３番７号,2022-08-08,株式会社
株式会社オキナワ・ゴルフスペース,沖縄県那覇市字宇栄原１００９番地２,2022-08-08,株式会社
株式会社オール・アット・ワンス,静岡県浜松市浜北区新原５８１０番地,2022-08-08,株式会社
株式会社カリス,北海道登別市札内町２９９番地７,2022-08-08,株式会社
株式会社カワカミペイント,大阪府大阪市此花区四貫島２丁目３番５－３０２号,2022-08-08,株式会社
株式会社ギクト,東京都杉並区堀ノ内２丁目２５番５号,2022-08-08,株式会社
株式会社クラウドナイン,東京都世田谷区用賀１丁目１３－２３パークホームズ用賀一丁目２１２,2022-08-08,株式会社
株式会社クリフプランニング,大阪府大阪市平野区長吉六反３丁目２１番１０号,2022-08-08,株式会社
株式会社ケンカツ,東京都港区六本木４丁目９番２号俳優座ビル７１３号室,2022-08-08,株式会社
株式会社コッカ,神奈川県横浜市港南区日野中央３丁目２５番２４号,2022-08-08,株式会社
株式会社コペン建築設計事務所,山口県宇部市南小羽山町１丁目８番１３号,2022-08-08,株式会社
株式会社コンパス,神奈川県相模原市緑区橋本３丁目２７番６号Ｓ＆Ｙビル４階,2022-08-08,株式会社
株式会社サクラ商店,山梨県南都留郡富士河口湖町浅川６０１番地,2022-08-08,株式会社
株式会社サードプレイス,愛知県名古屋市天白区高宮町１５０１番地の１４,2022-08-08,株式会社
株式会社ジィーワン,岡山県岡山市北区西古松２丁目２４番２７号,2022-08-08,株式会社
株式会社ジュピター,北海道札幌市北区太平七条７丁目６番８－１０１号,2022-08-08,株式会社
株式会社スタジオＫ,埼玉県坂戸市本町１３番１－２０３号レーベンハイム坂戸フューレ,2022-08-08,株式会社
株式会社タグボート,埼玉県富士見市鶴瀬東２丁目１６番１８－３０２号,2022-08-08,株式会社
株式会社ダブルサーカス,京都府京都市上京区上立売通堀川東入堀之上町１１番地ルーシア今出川油小路３０５号,2022-08-08,株式会社
株式会社ツユハライ,東京都渋谷区道玄坂１丁目１０番８号渋谷道玄坂東急ビル２Ｆ－Ｃ,2022-08-08,株式会社
株式会社ツールフォース,大阪府大阪市港区波除５丁目１１番１８号,2022-08-08,株式会社
株式会社テイズセンス,大阪府大阪市福島区福島７丁目１７番９号大包ビル２Ｆ,2022-08-08,株式会社
株式会社トピア,千葉県印西市岩戸１５３４番地,2022-08-08,株式会社
株式会社ドリームストーン,東京都港区浜松町２丁目２番１５号浜松町ダイヤビル２Ｆ,2022-08-08,株式会社
株式会社ナカノ産業,京都府京都市南区東九条柳下町２１番地,2022-08-08,株式会社
株式会社ナッティーアンドカンパニー,大阪府東大阪市西堤本通東１丁目１番１号,2022-08-08,株式会社
株式会社ナルケン,神奈川県愛甲郡愛川町中津４０７１番地の３８,2022-08-08,株式会社
株式会社ナンヨー,山口県周南市大字下上字土井１５００番地１５,2022-08-08,株式会社
株式会社ネクスト,東京都渋谷区渋谷１丁目１２番１２号,2022-08-08,株式会社
株式会社ハイジア動物病院,高知県高知市朝倉己１３８番地９,2022-08-08,株式会社
株式会社パスレル,大阪府大阪市東住吉区公園南矢田３丁目１０－９コトブキエステート１０５号室,2022-08-08,株式会社
株式会社ヒトミファルマ,大阪府大阪市西淀川区柏里３丁目１番３８号,2022-08-08,株式会社
株式会社ヒューリンク,東京都世田谷区宮坂３丁目１０番７号,2022-08-08,株式会社
株式会社ビズヒント,東京都渋谷区渋谷２丁目１５番１号,2022-08-08,株式会社
株式会社ファイブ,大阪府岸和田市額原町１０９－５－２０１,2022-08-08,株式会社
株式会社フィールドソリューションズ,佐賀県三養基郡基山町大字長野１０６０番地,2022-08-08,株式会社
株式会社フウカ,東京都杉並区久我山５丁目８－１３,2022-08-08,株式会社
株式会社フジクラエナジーシステムズ,静岡県沼津市双葉町９番１号,2022-08-08,株式会社
株式会社フジ田産業不動産開発,和歌山県和歌山市神前１０９番地１９,2022-08-08,株式会社
株式会社フリボー,三重県四日市市諏訪栄町４番１０号アピカビル３Ｆ,2022-08-08,株式会社
株式会社フリースタイルエンジニア,広島県福山市新市町大字下安井３３１番地１,2022-08-08,株式会社
株式会社フリーランスサポート,福岡県福岡市中央区天神２丁目３番３６号,2022-08-08,株式会社
株式会社フロンティア,福岡県北九州市小倉南区大字曽根北区二丁目２２番,2022-08-08,株式会社
株式会社プラスバリュー,京都府京都市右京区太秦森ケ東町３０番地２,2022-08-08,株式会社
株式会社ヘッド・クォーターズ,奈良県吉野郡吉野町大字上市２７７番地の１,2022-08-08,株式会社
株式会社ベストビルダーズ,神奈川県座間市緑ケ丘２丁目１１番３号,2022-08-08,株式会社
株式会社ペイシェンス,兵庫県宝塚市千種２丁目３番１０号,2022-08-08,株式会社
株式会社ペグハック,北海道札幌市白石区本郷通３丁目南３－１４２０３,2022-08-08,株式会社
株式会社ボンサイ,大阪府大阪市中央区日本橋２丁目８番１５－９０６号,2022-08-08,株式会社
株式会社マグネット,東京都渋谷区渋谷２丁目７番１３号,2022-08-08,株式会社
株式会社ミヤエンジ,栃木県宇都宮市西川田本町１丁目１１番１号,2022-08-08,株式会社
株式会社ミヤビセキュアネットワーク,愛知県江南市高屋町中屋舗９８番地,2022-08-08,株式会社
株式会社モジュール,京都府亀岡市千代川町小川２丁目２０番１号,2022-08-08,株式会社
株式会社ヤナシタ工務店,神奈川県横浜市西区高島２丁目１１番２号スカイメナー横浜５１９,2022-08-08,株式会社
株式会社ユニメ工業,愛知県名古屋市中村区名駅南１丁目１１番１２号,2022-08-08,株式会社
株式会社ラーク,青森県青森市合浦１丁目９番１８号,2022-08-08,株式会社
株式会社リアルエステートマネジメント,福岡県福岡市博多区吉塚５丁目９番１７－２０４号,2022-08-08,株式会社
株式会社リグ,兵庫県宝塚市旭町３丁目２０番１９号,2022-08-08,株式会社
株式会社リタス,栃木県足利市通４丁目３４８７番地１,2022-08-08,株式会社
株式会社リビック,奈良県桜井市大字川合２７２番地の４,2022-08-08,株式会社
株式会社ルモンズグループホールディングス,東京都新宿区愛住町２２番地,2022-08-08,株式会社
株式会社ロサアスール,東京都目黒区自由が丘２丁目８番２号ラ・ヴィータ自由が丘Ｆ棟,2022-08-08,株式会社
株式会社ワイズ,奈良県香芝市真美ヶ丘１丁目１２番１１号,2022-08-08,株式会社
株式会社ワイティー,愛知県稲沢市稲葉５丁目４番１３号,2022-08-08,株式会社
株式会社ワンズライン,埼玉県三郷市高州１丁目４９番地９,2022-08-08,株式会社
株式会社ワールドキャピタル,北海道札幌市豊平区平岸三条７丁目２番１０号,2022-08-08,株式会社
株式会社ヴァルチャーサポート,岐阜県多治見市高田町５丁目１４番地の１,2022-08-08,株式会社
株式会社ヴェリタス,埼玉県上尾市浅間台４丁目１２番１５号,2022-08-08,株式会社
株式会社一徳ＣＯＣＯ,鹿児島県大島郡瀬戸内町大字諸鈍１９４番地,2022-08-08,株式会社
株式会社一心,兵庫県姫路市北新在家２丁目１９番１４－２号,2022-08-08,株式会社
株式会社一縁,栃木県那須塩原市三本木３８１番地１３,2022-08-08,株式会社
株式会社中山経営企画,愛知県名古屋市東区筒井２丁目１番１９号－４,2022-08-08,株式会社
株式会社久泰コーポレーション,東京都大田区蒲田本町２丁目４番地２号,2022-08-08,株式会社
株式会社住人十彩,三重県四日市市日永西２丁目９番１２号,2022-08-08,株式会社
株式会社侑和,千葉県館山市北条２５４２番地２２,2022-08-08,株式会社
株式会社信和ベルテックス,東京都板橋区新河岸１丁目１９－２鎌友ビル,2022-08-08,株式会社
株式会社周輪,広島県広島市中区光南２丁目７番４号,2022-08-08,株式会社
株式会社外山ファーム,茨城県下妻市大木７０７番地１,2022-08-08,株式会社
株式会社好建,愛知県豊田市田中町２丁目５６番地６,2022-08-08,株式会社
株式会社山田工芸,奈良県五條市二見４丁目７番４８号,2022-08-08,株式会社
株式会社崇史,福岡県宗像市陵厳寺１丁目１０番２号,2022-08-08,株式会社
株式会社工房Ｘ,東京都渋谷区渋谷２丁目１９－１５宮益坂ビルディング６０９,2022-08-08,株式会社
株式会社幸機,京都府京都市伏見区下鳥羽南円面田町１２４番地・４０７号,2022-08-08,株式会社
株式会社庭安,神奈川県横浜市都筑区南山田町４１７１番地ウイズ２Ａ－２０２,2022-08-08,株式会社
株式会社扇コーポレーション,岡山県岡山市東区竹原１１２５番地３８,2022-08-08,株式会社
株式会社新民通商,宮崎県小林市堤２００４番地３,2022-08-08,株式会社
株式会社新潟セキュリティ,新潟県新潟市中央区姥ケ山６丁目４番１６号第２阿部ビル２Ｆ,2022-08-08,株式会社
株式会社日総研,愛知県名古屋市中村区名駅１丁目１番１号ＪＰタワー名古屋２１階,2022-08-08,株式会社
株式会社昌工業,沖縄県うるま市勝連南風原３１８８番地６,2022-08-08,株式会社
株式会社明晃電機,奈良県橿原市菖蒲町１丁目１２番１７号,2022-08-08,株式会社
株式会社暁秀商事,大阪府東大阪市水走１丁目３番３４号,2022-08-08,株式会社
株式会社最好,東京都三鷹市牟礼１丁目５番２７号,2022-08-08,株式会社
株式会社木村工業,愛知県一宮市下川町五丁目２２番地１,2022-08-08,株式会社
株式会社東京グロース,東京都港区白金台５丁目１５番５号トゥワインデール２階,2022-08-08,株式会社
株式会社東方亮,大阪府大阪市淀川区田川北２丁目５－３４・Ｅ棟２０２号室,2022-08-08,株式会社
株式会社東陽建設,千葉県千葉市中央区登戸１丁目１１番２０号,2022-08-08,株式会社
株式会社歩,東京都世田谷区代田６丁目１６番２０号近野荘,2022-08-08,株式会社
株式会社永井,岡山県瀬戸内市邑久町山田庄２６８番地７,2022-08-08,株式会社
株式会社渡辺,北海道札幌市白石区川北三条１丁目９番３２号レッドルーフ川北２号,2022-08-08,株式会社
株式会社瀬戸内商事,兵庫県姫路市御立西２丁目６番２０号Ｆ御立ビル２０２号室,2022-08-08,株式会社
株式会社片岡鋼業,埼玉県草加市花栗１丁目６番５－９１７号,2022-08-08,株式会社
株式会社由里,京都府舞鶴市字浜２７４番地の２クレインズタワー５０２,2022-08-08,株式会社
株式会社盛和,東京都杉並区下高井戸２丁目１０番３－Ｂ１,2022-08-08,株式会社
株式会社神田商事,東京都港区南青山５丁目１２番４号泰平南青山ビル８階,2022-08-08,株式会社
株式会社祭装,岩手県紫波郡紫波町桜町字下川原３５番地１,2022-08-08,株式会社
株式会社秀和工業,岡山県岡山市北区下石井１丁目１－１７アクロスキューブビル２階,2022-08-08,株式会社
株式会社立和名建装,大阪府大阪市住吉区万代東２丁目３番１６－６１５号,2022-08-08,株式会社
株式会社第七機構,東京都渋谷区千駄ヶ谷５丁目３２番５－４０３号,2022-08-08,株式会社
株式会社若林工務店,東京都品川区小山台１丁目２９番８号横山ビル１０１,2022-08-08,株式会社
株式会社藤田摂建築設計事務所,香川県高松市春日町１７０６番地春日ビル５階,2022-08-08,株式会社
株式会社裕電工,愛知県名古屋市中村区元中村町１丁目１００番地,2022-08-08,株式会社
株式会社西日本コールドサービス,香川県観音寺市柞田町乙１６３６番地,2022-08-08,株式会社
株式会社雅商店,大阪府東大阪市徳庵本町３番５号,2022-08-08,株式会社
株式会社雅樹ち通商,奈良県奈良市肘塚町１６番地の５,2022-08-08,株式会社
株式会社青楓館,兵庫県神戸市北区唐櫃台４丁目７番１５号,2022-08-08,株式会社
株式会社１５Ｐｈｏｎｅ,東京都渋谷区神宮前２丁目２９番１号ジェントルエア神宮前,2022-08-08,株式会社
株式会社Ａ‐ｆｉｒｓｔ,埼玉県三郷市中央５丁目２４番地１７,2022-08-08,株式会社
株式会社Ａ．Ｓ．Ｔ,長野県塩尻市大字広丘郷原１７６４番地２４２,2022-08-08,株式会社
株式会社ＡＲＣ　Ｐｌａｎｎｉｎｇ,京都府京都市右京区太秦奥殿町３１番地１０,2022-08-08,株式会社
株式会社ＡＲＣＬＥＡＴ,東京都杉並区高井戸東１丁目６番１０号,2022-08-08,株式会社
株式会社ＡＳＯＢＯ,兵庫県伊丹市西野７丁目８６番地１,2022-08-08,株式会社
株式会社ＡＺ,長野県長野市柳町１－２小池ビル１－Ａ,2022-08-08,株式会社
株式会社Ａｇｅｎｔ　Ｇｒｏｕｐ,東京都大田区山王２丁目５番６号ＳＡＮＮＯＢＲＩＤＧＥ,2022-08-08,株式会社
株式会社Ａｇｅｎｔ　Ｐｌａｎｎｅｒ,京都府京都市東山区新橋通大和大路東入２丁目橋本町４０５番地５,2022-08-08,株式会社
株式会社Ａｉエステート,北海道札幌市厚別区厚別中央四条２丁目３０番１１号,2022-08-08,株式会社
株式会社Ａｌｌ　ｂｅｔ,神奈川県大和市つきみ野７丁目１２－２,2022-08-08,株式会社
株式会社Ａｐｒｉｃｏｔ,東京都杉並区下高井戸１丁目３１番１３－３０４号,2022-08-08,株式会社
株式会社Ａｔｅｌｉｅｒ　Ｂｏｘ,京都府京都市右京区太秦多藪町１４番６２,2022-08-08,株式会社
株式会社Ａｔｈｅｎａ　ｓｏｌｕｔｉｏｎｓ,東京都荒川区西日暮里２丁目４７番１号ウェザーコック近野４０３,2022-08-08,株式会社
株式会社ＢＲＩＣＫ,愛知県半田市花園町５丁目５番地の１ハートヒルズ花園３Ｄ号,2022-08-08,株式会社
株式会社ＢｅｃｏＣｏｗ,北海道札幌市手稲区手稲前田５７５番地１５,2022-08-08,株式会社
株式会社Ｂｏｏ,東京都調布市国領町４丁目１５番地３４,2022-08-08,株式会社
株式会社ＣＬＯＶＥＲ,東京都中野区中野４丁目１番１号中野サンプラザ９階,2022-08-08,株式会社
株式会社ＣＲＡＦＴ,愛知県一宮市下田２丁目４番２４－１号,2022-08-08,株式会社
株式会社ＣＲＵＴＥＣＨ,東京都新宿区西新宿３丁目３番１３号西新宿水間ビル６階,2022-08-08,株式会社
株式会社Ｃａｌａｔｈｅａ,東京都中央区新川２丁目１０番１－８１３号,2022-08-08,株式会社
株式会社Ｃｌｅａｆ,東京都渋谷区道玄坂１丁目１０番８号渋谷道玄坂東急ビル２Ｆ－Ｃ,2022-08-08,株式会社
株式会社ＣｌｅａｒＢｌｕｅ,鹿児島県奄美市名瀬金久町８番地１５,2022-08-08,株式会社
株式会社Ｃｏｍｐｌｅｔｅ　ｐｕｒｃｈａｓｅ結,大阪府大阪市中央区東高麗橋４番３号,2022-08-08,株式会社
株式会社ＣｘＷ,東京都中央区銀座１丁目２２番１１号銀座大竹ビジデンス２階,2022-08-08,株式会社
株式会社Ｄ‐ＪＡＰＡＮ　ＧＲＯＵＰ,東京都台東区台東４丁目２９番１３号明和センチュリー２１－９０２号室,2022-08-08,株式会社
株式会社Ｄトレジャー,東京都新宿区西新宿３丁目３番１３号,2022-08-08,株式会社
株式会社Ｄ＆Ｓ,福岡県福岡市中央区天神１丁目７番１５号,2022-08-08,株式会社
株式会社ＤＲＲ,愛知県名古屋市中区栄３丁目２３番３８号１階,2022-08-08,株式会社
株式会社Ｄｉｍ,福井県越前市家久町第３０号４番地の７,2022-08-08,株式会社
株式会社Ｅ‐Ｒ，ｓ　ＰＬＡＮ,山梨県甲府市上阿原町３１０番地２,2022-08-08,株式会社
株式会社Ｅ８ＰＡ,沖縄県名護市字瀬嵩４６３番地３,2022-08-08,株式会社
株式会社ＥＩＧＨＴ　ＦＩＶＥ,宮崎県宮崎市大字加江田４４４８番地７,2022-08-08,株式会社
株式会社ＥＮＰＹ,東京都新宿区西新宿７丁目２２番４５号ＫＤＸ西新宿ビル１０２,2022-08-08,株式会社
株式会社ＦＥＶＥＳ,京都府京都市中京区押小路通御幸町西入ル橘町６１０,2022-08-08,株式会社
株式会社Ｆｓｕｌ,福岡県福岡市早良区次郎丸４丁目３番２６号,2022-08-08,株式会社
株式会社ＧＡＲＡＧＥ　Ｍｙ,兵庫県たつの市神岡町東觜崎５６１番地２４,2022-08-08,株式会社
株式会社ＧＬＯＢＡＬ,福岡県北九州市八幡西区千代２丁目５番１０号,2022-08-08,株式会社
株式会社Ｇｌａｎ’ｚ,沖縄県那覇市前島２丁目５番１６号シャトレなが嶺３階,2022-08-08,株式会社
株式会社Ｇｌｏｒｙ　Ｒｏａｄ,大阪府箕面市船場西２丁目２２番１４号,2022-08-08,株式会社
株式会社ＨＩＧＨ‐ＦＩＥＬＤ,愛知県名古屋市名東区富が丘１２１番地１,2022-08-08,株式会社
株式会社ＨＭｓｕｎ,岡山県岡山市北区津島南２丁目５番２６号,2022-08-08,株式会社
株式会社Ｈａｎｚｏ　Ｇｒｏｕｐ,愛知県愛知郡東郷町春木台２丁目１１番地２１,2022-08-08,株式会社
株式会社Ｈａｓｈ９,愛知県弥富市東末広１丁目９番地１,2022-08-08,株式会社
株式会社ＩＢＡ,三重県伊勢市御薗町長屋２２２９番地３,2022-08-08,株式会社
株式会社ＩＢＵＳＵＫＩ　ＢＯＬＴ　ＳＣＡＬＥ,鹿児島県指宿市山川成川５６５９番地,2022-08-08,株式会社
株式会社ＩＲＯ,大阪府大阪市西区南堀江２丁目７番１７号フルーレ南堀江１０５,2022-08-08,株式会社
株式会社ＩＺＵＭＩ興業,山梨県都留市井倉３８７番地３,2022-08-08,株式会社
株式会社ＪＳ企画,静岡県藤枝市岡部町内谷９３０番地の１５,2022-08-08,株式会社
株式会社ＪＹＧ,神奈川県伊勢原市岡崎４８００番地の１１,2022-08-08,株式会社
株式会社ＫＡＷＡＭＵＲＡ　ＷＯＲＫＳ,大阪府東大阪市古箕輪１丁目４番２３号,2022-08-08,株式会社
株式会社ＫＫフローラ,北海道札幌市白石区東米里２０４７番６０,2022-08-08,株式会社
株式会社ＫＯＢＥ　Ｇｉｎｎａｎ屋,兵庫県神戸市須磨区外浜町２丁目２番６号,2022-08-08,株式会社
株式会社ＫＯＤＡ企画,愛知県半田市青山７丁目５番地の２,2022-08-08,株式会社
株式会社Ｋｉｎｇ’ｓ,山梨県富士吉田市下吉田５丁目２１番１９号,2022-08-08,株式会社
株式会社ＬＵＲＲＡ,東京都中央区銀座１丁目８番１４号,2022-08-08,株式会社
株式会社Ｌａｕｌｅａ,神奈川県横浜市南区永田東３丁目３番２３号,2022-08-08,株式会社
株式会社Ｌｉ‐Ｇ,愛知県一宮市下沼町３丁目２８番地,2022-08-08,株式会社
株式会社Ｌｉｆｅ　ｃｈａｒｔ,大阪府豊能郡能勢町片山１４１番地の１２,2022-08-08,株式会社
株式会社ＭＧ設備,兵庫県尼崎市額田町１８番１－６１４号,2022-08-08,株式会社
株式会社ＭＭＣ,埼玉県川越市吉田新町２丁目１２番地２,2022-08-08,株式会社
株式会社ＭＳＨアセット,東京都千代田区東神田２丁目９番８号,2022-08-08,株式会社
株式会社Ｍｉｎｓｅａ,東京都羽村市川崎２丁目３番１９－２０３号,2022-08-08,株式会社
株式会社Ｍｕｌｔｉｆｖｅｒｓｅ,東京都江東区豊洲５丁目６番２９－３２７号,2022-08-08,株式会社
株式会社ＮＦＢスタジオ横浜,神奈川県横浜市中区小港町１丁目１番地２ビューコート小港６号棟１１０４,2022-08-08,株式会社
株式会社ＮＫＪ,東京都板橋区東新町１丁目４１番１－４０１号,2022-08-08,株式会社
株式会社Ｎｅｏ　Ｄｒｉｖｅ,東京都あきる野市雨間４０１番地３０,2022-08-08,株式会社
株式会社Ｎｉｃｅ　Ｎａｔｕｒｅ,岩手県盛岡市西松園４丁目３２番２１号,2022-08-08,株式会社
株式会社ＯＰＲＥＬ,神奈川県三浦郡葉山町堀内１００５番地の３８,2022-08-08,株式会社
株式会社ＯｓｈｙＬａｂｏ,神奈川県大和市渋谷２丁目５番地１５,2022-08-08,株式会社
株式会社Ｐ＆Ｊ　ＬＩＦＥ,大阪府大阪市城東区今福西１丁目９番１２号アッシュコート城東４０２号室,2022-08-08,株式会社
株式会社ＰＲＯＳＨＩＭＡ,東京都中央区築地３丁目７番１号ＴＳＵＫＩＪＩＧＲＡＮＤＥ５Ｆ,2022-08-08,株式会社
株式会社Ｐｌａｓｔｅｒｉｏｒ,愛知県知立市山屋敷町富士塚１２番地２１,2022-08-08,株式会社
株式会社Ｑｕｅｓｔｉｏｎ,東京都中央区東日本橋３丁目３番１７号Ｒｅ－Ｋｎｏｗ東日本橋３Ｄ号室,2022-08-08,株式会社
株式会社ＲＡＦＴＥＬ,京都府京都市下京区河原町通四条下る順風町３１１番地エスリード四条河原町１４０２,2022-08-08,株式会社
株式会社ＲＯＵＥＴ,愛知県名古屋市瑞穂区田辺通４丁目１５番地の１－４０９号,2022-08-08,株式会社
株式会社ＲｅＬＩＶＥ,福島県二本松市油井字大窪１０３番地６,2022-08-08,株式会社
株式会社Ｓ‐ＯＮＥ貿易,香川県高松市亀田南町４２９番地３ピアパークⅠ１０１,2022-08-08,株式会社
株式会社ＳＡＴＯ,岡山県岡山市北区今４丁目２番１３号,2022-08-08,株式会社
株式会社ＳＨＩＮＡＤＡ,北海道札幌市中央区北三条西１丁目１番１,2022-08-08,株式会社
株式会社ＳＳＫ　Ｇｒｏｕｐ,東京都中央区日本橋箱崎町３２番９号猪子ビル３Ｆ,2022-08-08,株式会社
株式会社ＳＴオフィス,東京都江戸川区江戸川４丁目３番地１ダイアパレス一之江リバーウインズ３０１,2022-08-08,株式会社
株式会社Ｓｍａｒｔ　Ｌｅａｐ,東京都中央区銀座１丁目２２番１１号銀座大竹ビジデンス２階,2022-08-08,株式会社
株式会社Ｓｔｒｉｎｇ,福岡県福岡市中央区舞鶴１丁目２番８号セントラルビル５階Ｃ室,2022-08-08,株式会社
株式会社Ｔ＆Ｒ,大分県日田市若宮町６番２８号,2022-08-08,株式会社
株式会社ＴＭＯＮＥ,大阪府大阪市西区北堀江１丁目１６番２３号,2022-08-08,株式会社
株式会社ＴＯＬＴＥＣＨ,大阪府東大阪市日下町４丁目２番１０－５０３号,2022-08-08,株式会社
株式会社ＴＲＵＳＳＴＡＲ,大阪府大阪市北区西天満２丁目６番８号堂島ビルヂング３Ｆ,2022-08-08,株式会社
株式会社Ｔｅａｍ　Ｇｒｉｎ’ｎ　Ｔｏｋｙｏ,東京都杉並区成田東２丁目２８番６号,2022-08-08,株式会社
株式会社Ｕ,京都府京都市伏見区醍醐御陵東裏町６２番地,2022-08-08,株式会社
株式会社ＵＩＫＡ,福岡県福岡市南区塩原３丁目７番１７号サンシャイン大橋６階Ｂ－２,2022-08-08,株式会社
株式会社ＵＮＩＣＯ,兵庫県姫路市中地南町８２番地１,2022-08-08,株式会社
株式会社Ｕｍａ,埼玉県さいたま市北区日進町２丁目１５８４番地,2022-08-08,株式会社
株式会社ＵｎｉＳｏｐｈｙ,東京都中央区銀座１丁目２２番１１号銀座大竹ビジデンス２階,2022-08-08,株式会社
株式会社ＶＡＣＡＮＣＥ,東京都渋谷区桜丘町２６番１号セルリアンタワー１５階,2022-08-08,株式会社
株式会社Ｖａｍｏｓ,愛知県名古屋市守山区小幡５丁目１４番２２号メゾンニック２０３号室,2022-08-08,株式会社
株式会社ＷＡＶＥ,福岡県福岡市東区松田３丁目１３番８－２０７号,2022-08-08,株式会社
株式会社ＷＩＳＥ　ＭＩＳＳＩＯＮ,福岡県福岡市中央区今川１丁目２５番１８号イトーピア大濠マンション２０６号,2022-08-08,株式会社
株式会社Ｙ’ｚ,大阪府大阪市中央区南久宝寺町３丁目３番３号,2022-08-08,株式会社
株式会社ＹＮＹＫ,東京都渋谷区富ヶ谷１丁目１番１－２０１号,2022-08-08,株式会社
株式会社ａｆｔｅｒＧ,愛知県名古屋市中村区沖田町１０８番地の１,2022-08-08,株式会社
株式会社ａｍａ．,兵庫県姫路市土山東の町１５番７号,2022-08-08,株式会社
株式会社ａｔ　ｆｕｎ,千葉県大網白里市季美の森南５丁目１７番地２１,2022-08-08,株式会社
株式会社ｄｈｗｔｙ,熊本県山鹿市鹿央町千田６４５番地,2022-08-08,株式会社
株式会社ｄｏｃｈａｋｕ,福岡県糟屋郡新宮町上府北４丁目７番１６号,2022-08-08,株式会社
株式会社ｇｒａｎｔ,岐阜県羽島市竹鼻町丸の内１０丁目１５番地,2022-08-08,株式会社
株式会社ｈｉｓｕｉ,埼玉県川口市領家２丁目１７番２５号,2022-08-08,株式会社
株式会社ｍｅ‐ｍｏｒｉ,東京都渋谷区神宮前６丁目２３番４号桑野ビル２階,2022-08-08,株式会社
株式会社ｍｅｍｏ,東京都江東区南砂１丁目１３番地１５号,2022-08-08,株式会社
株式会社ｐａｓｓｅｒｅｌｌｅ,愛知県名古屋市西区大野木２丁目９１番地の３,2022-08-08,株式会社
株式会社ｔｏ‐ｂｒｉｇｈｔ,東京都港区赤坂９丁目２番１３ＴｏｋｙｏＣｈａｐｔｅｒｎｉｎｅｔｙｔｗｏ１３・４０７号,2022-08-08,株式会社
株式会社ｔｏｔｔｙ　ｄｅｓｉｇｎ,東京都渋谷区神宮前６丁目２３－４桑野ビル２Ｆ,2022-08-08,株式会社
株式会社ｕｎｉｔｅｍｉｎｄ,京都府京都市伏見区菱屋町６７１番地の３,2022-08-08,株式会社
清掃業助成診断株式会社,東京都港区南青山２丁目２番１５号ウィン青山１２１４号,2022-08-08,株式会社
特定非営利活動法人アニマルハートレスキュー,神奈川県横浜市都筑区茅ケ崎中央２８番８号,2022-08-08,その他の設立登記法人
特定非営利活動法人美ｒａｉｓ,兵庫県三田市ゆりのき台３丁目２５番地１、２棟１０４号,2022-08-08,その他の設立登記法人
睡眠担当顧問合同会社,東京都渋谷区代々木５丁目５５－６コンフォール参宮橋２０７,2022-08-08,合同会社
若荒井合同会社,山梨県甲府市中央１丁目１８－７,2022-08-08,合同会社
虎ノ門商事合同会社,東京都目黒区青葉台１丁目３０番１３号サンライズ中目黒８０１,2022-08-08,合同会社
質守株式会社,神奈川県大和市中央７丁目８番１号コート・アビ大和１０３,2022-08-08,株式会社
連進工業株式会社,沖縄県糸満市字糸満７３４番地の１,2022-08-08,株式会社
鑫隆通商株式会社,兵庫県神戸市中央区御幸通３丁目１番２１－１０１号,2022-08-08,株式会社
陸川国際貿易株式会社,大阪府大阪市淀川区田川北２丁目５－３４・Ｄ棟２０２号室,2022-08-08,株式会社
青楓合同会社,東京都千代田区富士見２丁目７番１－３１０５号,2022-08-08,合同会社
音戸倉橋環境事業協同組合,広島県呉市音戸町波多見２丁目１０番１０号,2022-08-08,その他の設立登記法人
香取会計センター合同会社,東京都葛飾区奥戸７丁目２０番２６号８０２号,2022-08-08,合同会社
２４９ｌａｂ合同会社,神奈川県川崎市多摩区生田６丁目３６－２９,2022-08-08,合同会社
ＡＬＰＨＡ合同会社,岡山県岡山市南区箕島２７６番地１フローラ箕島１０９号室,2022-08-08,合同会社
ＡＲＫＹ’Ｓ株式会社,埼玉県草加市青柳６丁目１２番９号,2022-08-08,株式会社
ＡＲＭ株式会社,愛知県清須市阿原池之表１１６番地,2022-08-08,株式会社
ＡＸＩＡ合同会社,埼玉県越谷市蒲生東町７番５２号,2022-08-08,合同会社
Ａｌｄｅｂａｒａｎ合同会社,東京都港区虎ノ門４丁目１－１１,2022-08-08,合同会社
Ａｓｔｌｅ株式会社,東京都渋谷区恵比寿西１丁目１８番４号ＡＨＭ’ＳＯＮＥ７Ｆ,2022-08-08,株式会社
Ｂ．Ｗ．Ｐ株式会社,愛知県名古屋市中区丸の内２丁目２番５号丸の内ヒビノ・オフィスラインズ６Ｂ,2022-08-08,株式会社
ＢａｂａＣｏｎｄａ　Ｔｅｃｈ株式会社,愛知県名古屋市中村区平池町４丁目６０番１２号グローバルゲート１１Ｆ,2022-08-08,株式会社
Ｂｈｉｍｅｓｈｗｏｒ合同会社,愛知県江南市大字今市場町高８３番地,2022-08-08,合同会社
Ｂｓｕｇａｒコンサルティング合同会社,埼玉県志木市幸町１丁目６番６７号,2022-08-08,合同会社
ＣＡ　ｗｅｉｄ合同会社,奈良県奈良市松陽台２丁目１２番８号,2022-08-08,合同会社
Ｃｏｍｅｉｎ株式会社,東京都渋谷区渋谷２丁目１９番１５号宮益坂ビルディング６０９,2022-08-08,株式会社
ＤＩＫＵＲＡ合同会社,東京都新宿区下落合４丁目３番９号コーポ江川１０３,2022-08-08,合同会社
ＦＡＳ株式会社,大阪府大阪市中央区東心斎橋１丁目４番１１号大和ビル８号館７０２－１号,2022-08-08,株式会社
ＦＲＥＥＥＭＥＲ株式会社,東京都渋谷区渋谷２丁目１９－１５宮益坂ビルディング６０９,2022-08-08,株式会社
ＨＩＮ株式会社,東京都港区白金６丁目２１番１２号,2022-08-08,株式会社
ＨＵＮＧ　ＴＨＩＮＨ合同会社,東京都豊島区高田３丁目３番１６号東方高田ビル３０９,2022-08-08,合同会社
Ｈｕｎｔｅｒｓ　Ｐｒｏｄｕｃｔｉｏｎ合同会社,福岡県福岡市中央区大名２丁目６番１１号,2022-08-08,合同会社
Ｉｍｐｅｒｉａｌ株式会社,京都府京都市中京区聚楽廻中町２７－２０－３２,2022-08-08,株式会社
Ｊ．Ｉ．Ｂ　ＶＥＮＴＵＲＥ株式会社,愛知県名古屋市中区東桜２丁目２２番地の２５,2022-08-08,株式会社
ＪＯＴＯ株式会社,沖縄県宜野湾市真志喜１丁目５番５号１Ｆ,2022-08-08,株式会社
Ｋ＆Ｍ株式会社,埼玉県さいたま市浦和区仲町２丁目１４番６号ハウス第五仲町３０２号,2022-08-08,株式会社
Ｋ２ａｃｃｏｕｎｔｉｎｇ合同会社,東京都品川区西五反田１丁目１７番１号第二東栄ビル６０２,2022-08-08,合同会社
ＫＡＲＴＡＬ工業合同会社,愛知県津島市莪原町字菱毛２７番地１,2022-08-08,合同会社
ＫＨＫ　Ｍｉｓｆｉｔｓ合同会社,東京都千代田区神田佐久間町２丁目１３番２７号,2022-08-08,合同会社
ＫＯＡ３株式会社,東京都三鷹市上連雀３丁目１２番２号,2022-08-08,株式会社
Ｋｉｎｇｓｅｍｉ　Ｋｙｏｔｏ株式会社,京都府京都市伏見区竹田藁屋町１０１番地,2022-08-08,株式会社
ＬＩＮＫ株式会社,山口県岩国市室の木町４丁目５番７－１６号,2022-08-08,株式会社
ＬＯＣＡＬ　ＶＩＢＥＳ株式会社,兵庫県神戸市東灘区住吉宮町４丁目２番５号エイボンビル１階,2022-08-08,株式会社
Ｌｅａｓｈロジスティックス株式会社,福岡県久留米市三潴町玉満９２０－１,2022-08-08,株式会社
ＭＹＣＬ　Ｊａｐａｎ株式会社,長野県小諸市本町１丁目２番１３号,2022-08-08,株式会社
Ｍａｈａｌｏｈａ　Ｕｐ合同会社,東京都目黒区自由が丘１丁目１９番１８号,2022-08-08,合同会社
Ｍｉｋｏ合同会社,北海道札幌市手稲区富丘三条５丁目１番３３－８０７号,2022-08-08,合同会社
Ｍｉｓｏｋａ　Ｃａｐｉｔａｌ合同会社,京都府京都市東山区新橋通東大路東入林下町４０３番地,2022-08-08,合同会社
ＮＰＯ法人海守くらぶ,長崎県西彼杵郡時津町西時津郷１０００番地２２２,2022-08-08,その他の設立登記法人
ＮＰＯ法人ＡＳＫ,兵庫県尼崎市田能４丁目４番７号,2022-08-08,その他の設立登記法人
ＮＹビルド株式会社,神奈川県藤沢市本町１丁目８番６号,2022-08-08,株式会社
Ｏｎｅ　Ａｃｒｅ　Ｏｇａｓａｗａｒａ合同会社,東京都小笠原村父島字西町アマリリス２０２,2022-08-08,合同会社
Ｐｒｏｓｐａｃｅ株式会社,東京都渋谷区恵比寿４丁目２０番３号恵比寿ガーデンプレイスタワー１８Ｆ,2022-08-08,株式会社
ＲＡＩＣＨＩＫＵＭＡ株式会社,沖縄県島尻郡南風原町字与那覇４８番地３－３０２,2022-08-08,株式会社
ＲＭＳ合同会社,大阪府大阪市淀川区西中島１丁目１３番１３号,2022-08-08,合同会社
Ｒｅｉ合同会社,愛媛県大洲市徳森５１１番地６,2022-08-08,合同会社
Ｓ．Ｂｉｒｄ合同会社,愛知県豊田市浄水町原山３２０番地２－１２０３,2022-08-08,合同会社
ＳＡＢＡＢＡ株式会社,京都府京都市西京区御陵大原１－３６,2022-08-08,株式会社
ＳＥＥＤ株式会社,東京都港区六本木４丁目８番１－１００２号,2022-08-08,株式会社
ＳＧＩメンテナンス株式会社,静岡県富士市津田２６０番地の１２,2022-08-08,株式会社
ＳＩＮＧＣＯＬＯＲ株式会社,東京都渋谷区円山町２８－１渋谷道玄坂スカイビル１１Ｆ,2022-08-08,株式会社
ＳＵＺＵＫＥＮ土木工業株式会社,北海道函館市瀬戸川町３８番地１９,2022-08-08,株式会社
Ｓｈａｐｅ‐Ｕｐ　Ｐａｒｔｎｅｒ株式会社,千葉県八千代市八千代台北８丁目６番１２号,2022-08-08,株式会社
Ｔ＆Ｔ合同会社,大阪府大阪市西成区天下茶屋２丁目６番３６－２０９号,2022-08-08,合同会社
ＴＡＦ株式会社,大阪府大阪市中央区谷町７丁目１－２５－６０２,2022-08-08,株式会社
ＴＴＣホールディングス株式会社,東京都新宿区西新宿８丁目１５番１７号,2022-08-08,株式会社
Ｔａｎｏｓｈｉｎｄａ合同会社,福岡県福岡市城南区友丘６丁目２番８－２０５号,2022-08-08,合同会社
Ｔｅｃｈｎｏ　Ｒｅｖｏｌｕｔｉｏｎｓ合同会社,愛知県名古屋市緑区鳴海町字有松裏４０番地の２３,2022-08-08,合同会社
ＷＥＢコンサルティング合同会社,東京都調布市多摩川６丁目２６番地２ミラ・フローレス１０２,2022-08-08,合同会社
Ｗｈｉｔｅ株式会社,東京都渋谷区渋谷２丁目１０番６号,2022-08-08,株式会社
Ｙｕｉ　Ｃｏｎｎｅｃｔｉｏｎ株式会社,大阪府大阪市中央区平野町３丁目１番６号ＢｉｚＭｉｉｘｙｏｄｏｙａｂａｓｈｉ８０２,2022-08-08,株式会社
ａｌｔａｉｒ合同会社,熊本県菊池市出田２８９１番地２,2022-08-08,合同会社
ａｓａｉメディカル株式会社,宮城県仙台市太白区柳生６丁目５番地の１３,2022-08-08,株式会社
ｂｅｌｌｔｒｅｅ合同会社,神奈川県横浜市南区永田山王台３９番２７号永田山王台コスモヒルズ９０８号室,2022-08-08,合同会社
ｂｏｂｏｌｉｎｋ合同会社,愛知県名古屋市守山区大字中志段味字古山田２５９９番地の３８,2022-08-08,合同会社
ｅｌｉｘｅｒ　ｆｌｏｗｅｒｔｏｏｌｓ株式会社,広島県福山市神辺町川南５５２番地１,2022-08-08,株式会社
ｉｎＪ．株式会社,愛知県蒲郡市三谷町東３丁目８３番地,2022-08-08,株式会社
ｒｅ‐ｐａｉｒ多摩株式会社,東京都日野市南平２丁目５９番地の１０３,2022-08-08,株式会社
ｓａｆｅｔｙ　ｐｌａｎ合同会社,東京都墨田区向島３丁目９－３トラディス向島４０３,2022-08-08,合同会社
ｓｔｅｒａ　ｓｔａｒ株式会社,福岡県久留米市長門石５丁目８番３２－１０３号,2022-08-08,株式会社
ｔｅａＲｅａｌ株式会社,東京都千代田区九段南１丁目５－６りそな九段ビル５Ｆ、ＫＳフロア,2022-08-08,株式会社
ｖａｌｕｅｓ合同会社,東京都目黒区中目黒４丁目８番２６－２０１号クリーンホームツルオカ,2022-08-08,合同会社
おりづる電力株式会社,広島県広島市中区中町７－３５和光中町ビル６階,2022-08-09,株式会社
こまいぬ行政書士法人,東京都西東京市富士町４丁目８番の９小菅ハイツ１０１号室,2022-08-09,その他の設立登記法人
みらい株式会社,茨城県つくばみらい市東栗山２４番地,2022-08-09,株式会社
わくわくアイスプラウツ株式会社,茨城県守谷市松前台１丁目２番地１,2022-08-09,株式会社
アキラデータ株式会社,東京都江戸川区北小岩６丁目３番９－２０６号,2022-08-09,株式会社
アクアテックシステム株式会社,東京都品川区東五反田１丁目１１番８号大阪屋ビル５Ｆ,2022-08-09,株式会社
アクティス・リミテッド,東京都港区六本木７丁目１２番２号Ｒ７ビルディング六本木,2022-08-09,外国会社等
アクロス合同会社,岩手県滝沢市穴口３０５番地１３,2022-08-09,合同会社
アリスジュエリー株式会社,東京都江戸川区篠崎町７丁目８番５号シティメゾン篠崎１０１,2022-08-09,株式会社
イルカ合同会社,大阪府大阪市西成区山王２丁目５番４号山王アパート２階,2022-08-09,合同会社
イーマインド株式会社,福岡県飯塚市川津９５番９５号,2022-08-09,株式会社
エイケイツー合同会社,神奈川県川崎市中原区井田中ノ町２番３－４０５号,2022-08-09,合同会社
エスケーリビング株式会社,兵庫県姫路市保城２０番１８号,2022-08-09,株式会社
エスティー電工株式会社,愛知県豊橋市有楽町１７番地,2022-08-09,株式会社
エネアップホールディングス株式会社,三重県津市白塚町５２３８番地１,2022-08-09,株式会社
エムズマネジメント合同会社,埼玉県北本市緑１丁目１２,2022-08-09,合同会社
エレイス・インベストメント合同会社,東京都中央区新川１丁目３０番７－１１０２号,2022-08-09,合同会社
カネヒロ合同会社,大阪府大阪市東成区東小橋１丁目１５番２号メゾン玉造３０１号,2022-08-09,合同会社
カラフル・デザイン・ラボ株式会社,神奈川県横浜市泉区緑園４丁目３番地１サンステージ緑園都市東の街３番館１０２号,2022-08-09,株式会社
グリーンパーク宝塚株式会社,兵庫県宝塚市新明和町１番１号,2022-08-09,株式会社
コウケンキャピタル株式会社,東京都港区浜松町２丁目２－１５浜松町ダイヤビル２Ｆ,2022-08-09,株式会社
コンパスビズ合同会社,東京都渋谷区幡ヶ谷１丁目１７－６－１０８パークハビオ笹塚,2022-08-09,合同会社
サウナケーション合同会社,兵庫県南あわじ市津井２９１９番地,2022-08-09,合同会社
シン・テクニカ株式会社,愛媛県松山市美沢２丁目７－１５,2022-08-09,株式会社
ジェイプラン合同会社,愛知県小牧市中央３丁目５６番地,2022-08-09,合同会社
ジェーコクリエーション株式会社,東京都江東区東砂１丁目４番９号本田ビル１０１号室,2022-08-09,株式会社
ジュンアイ不動産株式会社,埼玉県深谷市上柴町西５丁目１－３,2022-08-09,株式会社
スタックプラス合同会社,静岡県富士宮市大岩４５１番地の２７,2022-08-09,合同会社
セイバーホーム株式会社,大阪府大阪市北区天神橋２丁目５番２５若杉グランドビル２０４号室,2022-08-09,株式会社
セトラスホールディングス株式会社,香川県高松市磨屋町８番地１,2022-08-09,株式会社
ダイハツ合同会社,東京都江戸川区南小岩８丁目２２番２１－２０３号室,2022-08-09,合同会社
ツクリエビューティー合同会社,北海道函館市末広町１４－１ウエストサイドテラス１Ｆ,2022-08-09,合同会社
ティーアイ・カンパニー株式会社,千葉県千葉市稲毛区稲毛東６丁目１８番４号,2022-08-09,株式会社
テラサカ設備合同会社,福岡県福岡市博多区美野島１丁目２６番１７号,2022-08-09,合同会社
デンネット株式会社,静岡県伊豆の国市古奈１６２番地の１朝日ビル２０２号,2022-08-09,株式会社
ナッツワークス合同会社,滋賀県長浜市加納町６２５番地,2022-08-09,合同会社
ノヴァレックス株式会社,大阪府守口市大日町３丁目２番１６号,2022-08-09,株式会社
ハウスリペア株式会社,和歌山県和歌山市布施屋１０１６番地,2022-08-09,株式会社
バーチュー・クリエイティング株式会社,東京都渋谷区恵比寿１丁目１９番１９号恵比寿ビジネスタワー１０Ｆ,2022-08-09,株式会社
フォルトシュリット合同会社,北海道札幌市東区伏古八条２丁目９番２４号,2022-08-09,合同会社
フリーチェック株式会社,東京都港区南青山２丁目２番１５号,2022-08-09,株式会社
プルート合同会社,京都府京都市西京区桂坤町１７番地１８,2022-08-09,合同会社
ベンダーリンク合同会社,兵庫県姫路市六角１０８番地１,2022-08-09,合同会社
マルエイ不動産株式会社,長崎県諫早市小船越町１０７６番地２,2022-08-09,株式会社
ミズキン株式会社,愛知県名古屋市昭和区隼人町２番地の１０,2022-08-09,株式会社
ヤマトサービス工業株式会社,高知県宿毛市山奈町山田５９８番地１,2022-08-09,株式会社
ラニカイサービス株式会社,東京都品川区戸越１丁目１５－１５百番ビル３Ｆ３０１,2022-08-09,株式会社
リュミエール合同会社,東京都品川区上大崎２丁目１８番２５号,2022-08-09,合同会社
ワクラ合同会社,大阪府岸和田市下松町１丁目１０番１５号,2022-08-09,合同会社
ワム株式会社,福岡県福岡市中央区桜坂３丁目５番５４－２２０１号,2022-08-09,株式会社
一般社団法人かえるかなえる研究所,兵庫県高砂市高砂町鍛冶屋町１４１４ＬＩＮＣＴａｋａｓａｇｏ１Ｆ,2022-08-09,その他の設立登記法人
一般社団法人ことば道場,北海道茅部郡森町字森川町２７８番地５４,2022-08-09,その他の設立登記法人
一般社団法人ございん八木山,宮城県仙台市太白区八木山東２丁目２４番１４号,2022-08-09,その他の設立登記法人
一般社団法人カーボンニュートラル技術促進会,東京都中央区日本橋室町１丁目２－６日本橋大栄ビル７階,2022-08-09,その他の設立登記法人
一般社団法人デザインプラム設計企画,東京都大田区東雪谷２丁目１９番１１－Ａ号,2022-08-09,その他の設立登記法人
一般社団法人リアルスマイル,宮城県仙台市青葉区国分町３丁目１０番１５－３０１号,2022-08-09,その他の設立登記法人
一般社団法人住宅開口部グリーン化推進協議会,東京都中央区日本橋小舟町８番１３号５１１号室,2022-08-09,その他の設立登記法人
一般社団法人友愛千登利プランニング,東京都豊島区西池袋１丁目３７番１５号,2022-08-09,その他の設立登記法人
一般社団法人日本スポーツコミュニティ協会,埼玉県新座市野寺２丁目１３－８のぞみ１０２,2022-08-09,その他の設立登記法人
一般社団法人松代ガラパゴスイノベーション,新潟県十日町市松代字上原３８８３番地５,2022-08-09,その他の設立登記法人
一般社団法人泉鳳,東京都港区南青山４丁目２６番１０号Ｂｉｊａ南青山Ａ－１,2022-08-09,その他の設立登記法人
一般社団法人私塾まきば,神奈川県中郡大磯町東小磯５８８,2022-08-09,その他の設立登記法人
一般社団法人笠間スポーツコミッション,茨城県笠間市笠間２２５５番地３,2022-08-09,その他の設立登記法人
一般社団法人視覚情報サポートラジオ,千葉県千葉市中央区新千葉２丁目１０番１０号ニューリーブス３０６号,2022-08-09,その他の設立登記法人
一般社団法人里山創生やぶき,福島県西白河郡矢吹町滝八幡２番地,2022-08-09,その他の設立登記法人
一般社団法人阿智村全村博物館協会,長野県下伊那郡阿智村駒場１１５１番地,2022-08-09,その他の設立登記法人
一般社団法人ＢＥＡＵＤＯＵＢＬＥ,東京都港区南青山４丁目２６番１０号Ｂｉｊａ南青山Ａ－１,2022-08-09,その他の設立登記法人
一般社団法人Ｂｒａｎｔｏｍｅ,東京都港区虎ノ門５丁目１番４号,2022-08-09,その他の設立登記法人
一般社団法人ＤＲカイト,東京都中央区日本橋１丁目４番１号,2022-08-09,その他の設立登記法人
一般社団法人Ｋｏｉｎｕ,東京都港区虎ノ門５丁目１番４号,2022-08-09,その他の設立登記法人
一般社団法人ＬＳ１,東京都港区虎ノ門５丁目１番４号,2022-08-09,その他の設立登記法人
一般社団法人Ｍ．ｅ．ｅ,東京都新宿区新宿６丁目２７番２９－２４０９号,2022-08-09,その他の設立登記法人
一般社団法人ＭＴＲＥＳ,東京都港区元赤坂１丁目１番７号,2022-08-09,その他の設立登記法人
一般社団法人ＰＴＫ,東京都港区虎ノ門５丁目３番２０号株式会社アカウンティング・マネジメント・サービス内,2022-08-09,その他の設立登記法人
一般社団法人ＴＢＡ,東京都港区虎ノ門５丁目３番２０号株式会社アカウンティング・マネジメント・サービス内,2022-08-09,その他の設立登記法人
一般社団法人ＷＡＱ,千葉県八千代市ゆりのき台４丁目１０番地９,2022-08-09,その他の設立登記法人
一般社団法人Ｙｕｎ‐ｙｅｕｎｇ,東京都港区虎ノ門５丁目１番４号,2022-08-09,その他の設立登記法人
一般社団法人ｍｕｓｕｂｕ,新潟県新潟市中央区万代島５番１号,2022-08-09,その他の設立登記法人
三友合同会社,千葉県松戸市幸田５丁目３５０番地,2022-08-09,合同会社
三益商事株式会社,広島県広島市安芸区矢野南１丁目２２番２６－１０２号,2022-08-09,株式会社
丸の内クリーンテックパートナーズ株式会社,東京都千代田区丸の内２丁目３番１号,2022-08-09,株式会社
傑領株式会社,大阪府大阪市天王寺区空清町４－１１杉野ビル本館２０４号室,2022-08-09,株式会社
光代合同会社,千葉県山武郡九十九里町片貝２７５４番地,2022-08-09,合同会社
八幸住宅株式会社,大阪府柏原市大県３丁目４番２２号,2022-08-09,株式会社
共石化学株式会社,東京都あきる野市原小宮３２９,2022-08-09,株式会社
医療法人みなこデンタルクリニック,岐阜県高山市岡本町２丁目１０４番地７,2022-08-09,その他の設立登記法人
医療法人永徳会,群馬県前橋市上泉町２８７２番地１９,2022-08-09,その他の設立登記法人
千川商事株式会社,千葉県松戸市西馬橋幸町１１２ロイヤルパレス３０４号室,2022-08-09,株式会社
半田不動産合同会社,兵庫県神戸市西区伊川谷町前開１８３１番地の１,2022-08-09,合同会社
印西ファイブ運営合同会社,東京都千代田区神田神保町１丁目１１番地さくら綜合事務所内,2022-08-09,合同会社
原設備工業株式会社,沖縄県豊見城市字与根３８２番地,2022-08-09,株式会社
司法書士法人赤富士事務所,東京都杉並区今川２丁目２番１号,2022-08-09,その他の設立登記法人
合同会社あさみ商会,岐阜県多治見市白山町１丁目５６番地の１ロフティ多治見駅前Ⅱ－７０３,2022-08-09,合同会社
合同会社あゆむ,鹿児島県日置市吹上町与倉１３３２番地,2022-08-09,合同会社
合同会社おもち工房厚田ファーム,大分県国東市武蔵町成吉６１８番地,2022-08-09,合同会社
合同会社ぎふとぴあ,兵庫県神戸市西区今寺６番地の４サングリーン今井３０４号,2022-08-09,合同会社
合同会社ぎんかく,茨城県牛久市栄町４丁目１８８番地４,2022-08-09,合同会社
合同会社しら川,群馬県高崎市箕郷町白川１５６６番地１２,2022-08-09,合同会社
合同会社はっぴー,静岡県静岡市清水区巴町２番１３号,2022-08-09,合同会社
合同会社ほたる,山口県下関市大字綾羅木３４３－３番地,2022-08-09,合同会社
合同会社みつび,東京都豊島区東池袋１丁目４７番３号１７山京ビル７０４,2022-08-09,合同会社
合同会社やまげん,東京都中野区本町５丁目３３番２－６１０号,2022-08-09,合同会社
合同会社アドウインド１０１,東京都西東京市芝久保町１丁目４番１７－３０３号,2022-08-09,合同会社
合同会社アネモネ,東京都港区高輪３丁目１９番２２号,2022-08-09,合同会社
合同会社アロハサービス,東京都江戸川区東小岩５丁目１９－１３,2022-08-09,合同会社
合同会社アンナジャパン,大阪府吹田市千里山西５丁目３－８－１０１,2022-08-09,合同会社
合同会社アートオブサイエンス,東京都品川区西五反田８丁目１番７号,2022-08-09,合同会社
合同会社エヌ・プランニング,茨城県水戸市堀町１８１３番地,2022-08-09,合同会社
合同会社エース,沖縄県宮古島市平良字西仲宗根９０番地,2022-08-09,合同会社
合同会社オリジナルヴォイズ,栃木県宇都宮市下川俣町２０８番地４６ディアコート４号館,2022-08-09,合同会社
合同会社カノヤ,群馬県前橋市荒牧町２丁目２－２２,2022-08-09,合同会社
合同会社クリエイティヴワークパインヒルズ,東京都西東京市南町３丁目１４番１５号,2022-08-09,合同会社
合同会社ココデアンド,愛媛県西条市玉津６４８番地１,2022-08-09,合同会社
合同会社コドソシ,千葉県船橋市田喜野井４丁目７番２号,2022-08-09,合同会社
合同会社サイトー,神奈川県横浜市青葉区みたけ台３１番地２２,2022-08-09,合同会社
合同会社スグレモン,大阪府大阪市淀川区田川北２丁目３番１７号,2022-08-09,合同会社
合同会社セリフ,岡山県英田郡西粟倉村大字知社２５８－１,2022-08-09,合同会社
合同会社ナツレ,東京都杉並区高円寺北３丁目１９番６号サンライズ高円寺２０５,2022-08-09,合同会社
合同会社パレットリンク沖縄,沖縄県中頭郡北谷町字桑江４５３番地１０,2022-08-09,合同会社
合同会社フロンティア,東京都中央区日本橋浜町３丁目２５番８－２０１号,2022-08-09,合同会社
合同会社ベビーロータス,東京都渋谷区神宮前６丁目２９－４,2022-08-09,合同会社
合同会社モノアラガイ,東京都中央区日本橋兜町１７番２号兜町第６葉山ビル４階,2022-08-09,合同会社
合同会社ランシス,三重県四日市市茂福町２２番１４号,2022-08-09,合同会社
合同会社リクリーンプラス技研,大阪府大阪市淀川区西中島４丁目７番８号－７Ｄ,2022-08-09,合同会社
合同会社リユースえにし屋,東京都三鷹市下連雀３丁目３３番１７号,2022-08-09,合同会社
合同会社ロビンソン,静岡県浜松市東区上西町９番地の１５,2022-08-09,合同会社
合同会社伊藤不動産マネジメント,愛知県名古屋市昭和区松風町２丁目１９番地,2022-08-09,合同会社
合同会社凛,徳島県徳島市南沖洲５丁目４番２７－２０３号フランメゾン南沖洲Ａ,2022-08-09,合同会社
合同会社創楽堂,東京都品川区大井７丁目３番１４号,2022-08-09,合同会社
合同会社小やじ,沖縄県那覇市泉崎１丁目１５番６号,2022-08-09,合同会社
合同会社屋形船高本,東京都墨田区本所１丁目６番９号,2022-08-09,合同会社
合同会社川合学設計事務所,神奈川県茅ヶ崎市旭が丘８番１５号,2022-08-09,合同会社
合同会社杖谷商店,京都府京都市南区久世東土川町２７２番地１,2022-08-09,合同会社
合同会社桂,東京都新宿区西新宿３丁目３番１３号西新宿水間ビル６階,2022-08-09,合同会社
合同会社阿部不動産,愛知県名古屋市東区代官町１番１６号ヴェルビュ代官町１４０３号,2022-08-09,合同会社
合同会社高橋構造企画設計,東京都八王子市八日町９番２－６０３号,2022-08-09,合同会社
合同会社高橋笑店,愛知県小牧市大字二重堀５９番地１６,2022-08-09,合同会社
合同会社ＡＫＯＳ　Ｇｒｏｕｐ　ＬＬＣ,群馬県伊勢崎市境西今井６番地１５,2022-08-09,合同会社
合同会社Ａｐｏｌｌｏ,東京都港区虎ノ門５丁目１番４号,2022-08-09,合同会社
合同会社Ｂ＆Ｈ　Ｐｒｏｍｏｔｅｒ’ｓ,東京都渋谷区道玄坂１丁目１０番８号渋谷道玄坂東急ビル２Ｆ－Ｃ,2022-08-09,合同会社
合同会社ＢＬＡＣＫｅｙｅ,大阪府大阪市鶴見区緑１丁目１２番１４号,2022-08-09,合同会社
合同会社Ｂｒａｎｔｏｍｅ,東京都港区虎ノ門５丁目１番４号,2022-08-09,合同会社
合同会社ＣＫＵ,静岡県藤枝市高岡３丁目８番６号,2022-08-09,合同会社
合同会社ＣｙｂｅｒＬｉｎｋ,愛知県小牧市藤島２丁目３０番地,2022-08-09,合同会社
合同会社ＥＭＧ　Ｇｒｏｕｐ,茨城県下妻市大串７９０番地１,2022-08-09,合同会社
合同会社ＥＶＡ　ＧＮＯＳＩＳ,三重県多気郡明和町大字大淀甲１５２番地,2022-08-09,合同会社
合同会社Ｅｇｅｏ,大阪府大阪市東淀川区東中島１丁目１３－４３,2022-08-09,合同会社
合同会社Ｇｏｏｄ　Ｇａｒａｇｅ,愛知県名古屋市名東区猪子石原１丁目９０６番地,2022-08-09,合同会社
合同会社Ｈ２Ｏｆｆｉｃｅ,大阪府豊中市浜２丁目１番１５号,2022-08-09,合同会社
合同会社ＨＩＤＥＭＡＲＩ,兵庫県神戸市中央区北野町１丁目１番地,2022-08-09,合同会社
合同会社Ｈｉｌｌ　Ｓｗｏｒｄ,埼玉県朝霞市栄町２丁目７番２６号,2022-08-09,合同会社
合同会社Ｈｉｎｄｏｏ,東京都港区虎ノ門５丁目１番４号,2022-08-09,合同会社
合同会社Ｋ．ＡＳＳＥＴＳ,滋賀県大津市堅田１丁目１７番１号,2022-08-09,合同会社
合同会社ＫＪＰ,神奈川県足柄上郡大井町上大井１２９番地９シャーメゾングランツＡ１０１,2022-08-09,合同会社
合同会社ＫＮプロダクション,東京都渋谷区神宮前６丁目２３－４桑野ビル２階,2022-08-09,合同会社
合同会社ＫＳＫ,長野県安曇野市豊科高家３６４６番地３５,2022-08-09,合同会社
合同会社ＬＳ１,東京都港区虎ノ門５丁目１番４号,2022-08-09,合同会社
合同会社ＬｄｅＯ,愛知県一宮市下沼町２丁目１１番地４,2022-08-09,合同会社
合同会社Ｌｉｔｔｌｅ　Ｈａｎｏｉ,兵庫県神戸市兵庫区西出町２７柴田ビル１０２南,2022-08-09,合同会社
合同会社ＬｕＮａＣａｌａｎｔｏ,神奈川県横浜市中区住吉町５丁目６４番地１ＶＥＬＵＴＩＮＡ馬車道５０５号室,2022-08-09,合同会社
合同会社ＭＹ２,北海道網走郡美幌町字新町２丁目５５番地１,2022-08-09,合同会社
合同会社Ｍｅｉ,宮城県仙台市若林区志波町１５番１８号,2022-08-09,合同会社
合同会社ＮＫケアサービス,神奈川県横浜市旭区鶴ケ峰１丁目４６番地３ベルハイツ１０３号,2022-08-09,合同会社
合同会社ＯｆｆＤｅｌｔａ,東京都江戸川区清新町１丁目４番１２－５０１号,2022-08-09,合同会社
合同会社ＰＴＫ,東京都港区虎ノ門５丁目３番２０号株式会社アカウンティング・マネジメント・サービス内,2022-08-09,合同会社
合同会社Ｐｅｔａｐａ,東京都台東区小島２丁目２０番１１号ＬＩＧビル,2022-08-09,合同会社
合同会社Ｒｅｇａｌｏ,長崎県佐世保市白岳町１４９９－６－１日宇ヶ丘タウンⅡ５９,2022-08-09,合同会社
合同会社ＳＯＳＯＲＥＩ,東京都江戸川区臨海町３丁目６－１,2022-08-09,合同会社
合同会社ＳＹカンパニー,北海道札幌市白石区本通４丁目北２番１－１００３号,2022-08-09,合同会社
合同会社Ｓｅｌｆ‐ａｆｆｉｒｍａｔｉｏｎ．ｐｒｏｊｅｃｔ,東京都世田谷区中町５丁目３１番地１２白井ビル３Ｆ,2022-08-09,合同会社
合同会社Ｓｍａｒｔ　Ｉｎｖｅｓｔｍｅｎｔ,岡山県岡山市北区今８丁目２番２５号,2022-08-09,合同会社
合同会社ＴＢＡ,東京都港区虎ノ門５丁目３番２０号株式会社アカウンティング・マネジメント・サービス内,2022-08-09,合同会社
合同会社ＴＳＵＭＩＫＩ,滋賀県栗東市十里９８番地４,2022-08-09,合同会社
合同会社Ｔｕｎｉｐｉ,東京都清瀬市中里１丁目７１３－１１,2022-08-09,合同会社
合同会社ＶＩＴＳ,東京都八王子市明神町３丁目８番１３号レトワル明神町２０３号,2022-08-09,合同会社
合同会社ＷＯＲＬＤ　ＳＴＡＧＥ,大分県大分市須賀１丁目３番２２号,2022-08-09,合同会社
合同会社ｇ‐ｌａｂ,和歌山県田辺市稲成町字南江原２９８番地１,2022-08-09,合同会社
合同会社ｇｅｎｅｒｉｃ　ｇｒｏｕｐ,大阪府大阪市北区曾根崎新地１丁目１１－２０ＨＯＴＢＯＹビルザ・トキバックス北新地,2022-08-09,合同会社
合同会社ｍｉｎｇｏｏ,東京都板橋区中丸町４４－７ライオンズマンション中丸町３１４号室,2022-08-09,合同会社
合同会社ｍｙｕｋ,東京都品川区小山台１丁目１８番１８号,2022-08-09,合同会社
合同会社ｔａａｔ,東京都杉並区下井草１丁目２９番１９号,2022-08-09,合同会社
和のよろこび株式会社,山口県岩国市川西１丁目２１番１９号,2022-08-09,株式会社
坂本染工株式会社,広島県福山市神辺町大字川南２３１番地,2022-08-09,株式会社
大一運送株式会社,沖縄県那覇市曙１丁目１４－６金太郎ヒルズ曙８０１号室,2022-08-09,株式会社
安正投資株式会社,東京都新宿区中町２３番地１パレ神楽坂３０８,2022-08-09,株式会社
宮古テイケイハウス合同会社,沖縄県宮古島市平良字西里２７番地,2022-08-09,合同会社
建鑫株式会社,大阪府大阪市天王寺区生玉前町５番２８号アンビション三和３０３号,2022-08-09,株式会社
志村梱包倉庫株式会社,愛知県小牧市大字三ツ渕字中播州３３７番地,2022-08-09,株式会社
愛亀株式会社,滋賀県大津市大江３丁目３０番８号,2022-08-09,株式会社
整林テクノ合同会社,愛知県岡崎市才栗町字下屋敷１２番地,2022-08-09,合同会社
日本人財コンサルティング合同会社,東京都渋谷区神宮前６丁目２３番４号桑野ビル２階,2022-08-09,合同会社
明一合同会社,大阪府大阪市西淀川区佃２丁目１番３１号２０１号室,2022-08-09,合同会社
松尾不動産レジデンシャル株式会社,新潟県新潟市中央区紫竹山２丁目５番２４号,2022-08-09,株式会社
松本ホールディングス株式会社,栃木県真岡市並木町２丁目２１番地１,2022-08-09,株式会社
株式会社ありあけ,香川県高松市太田上町９０８番地１サーパス太田駅前５０１,2022-08-09,株式会社
株式会社えんしゅう相続,静岡県浜松市中区田町２２３番地の２１ビオラ田町３階,2022-08-09,株式会社
株式会社かもめオフィス,兵庫県芦屋市大東町１８番６－８０１号,2022-08-09,株式会社
株式会社しずおか経営会計,静岡県藤枝市前島２丁目８番１号,2022-08-09,株式会社
株式会社とこすけ,千葉県千葉市美浜区幕張西６丁目６番地５,2022-08-09,株式会社
株式会社のどか,青森県北津軽郡板柳町大字辻字松元４１番地１,2022-08-09,株式会社
株式会社ひはるコーポレーション,大阪府堺市北区北長尾町１丁７番１１号長谷川ビル２０３号,2022-08-09,株式会社
株式会社よりそる,兵庫県神戸市中央区浪花町５６起業プラザＫｉＰ内,2022-08-09,株式会社
株式会社よろこばファーム,三重県津市大里川北町８８番地,2022-08-09,株式会社
株式会社わだち,千葉県松戸市常盤平西窪町５－２４,2022-08-09,株式会社
株式会社アイティーオー,愛知県名古屋市中村区名駅４丁目５番２７号,2022-08-09,株式会社
株式会社アスプランナー,埼玉県さいたま市大宮区桜木町２丁目３番地大宮マルイ７階,2022-08-09,株式会社
株式会社アドバルーン,東京都墨田区墨田４丁目２９番１６－４０３号,2022-08-09,株式会社
株式会社イケタカ,大阪府大阪市北区梅田２丁目２番２号ヒルトンプラザウエストオフィスタワー１９階,2022-08-09,株式会社
株式会社インタープログレステクノロジーズ,東京都三鷹市北野２丁目４番３２号,2022-08-09,株式会社
株式会社インフィニット・イノベーション,広島県広島市安佐北区亀山１丁目１１番４号,2022-08-09,株式会社
株式会社エスエイト,広島県広島市中区橋本町１番１３－４０１号,2022-08-09,株式会社
株式会社エスエステート,兵庫県西宮市東町２丁目１－３６,2022-08-09,株式会社
株式会社エスワン,大阪府大阪市大正区平尾４丁目１７番３－１０３号,2022-08-09,株式会社
株式会社エニシング・ソリューション,愛知県名古屋市西区児玉３丁目７番２０号Ｃａｒｌｓｓｏｎ５０６号室,2022-08-09,株式会社
株式会社エムグリーンサポート,香川県坂出市府中町４４４２番地２,2022-08-09,株式会社
株式会社エムスリー,福岡県福岡市博多区中呉服町２番９号秋吉ビル４０１,2022-08-09,株式会社
株式会社エルズグラン,大阪府大阪市北区錦町３番８号,2022-08-09,株式会社
株式会社エルダイブ,北海道札幌市東区北二十二条東９丁目２番１４号,2022-08-09,株式会社
株式会社エース,神奈川県横浜市緑区長津田みなみ台４丁目１番地１プリマシティＥ－２１０号,2022-08-09,株式会社
株式会社オクムラショウカイ,愛知県あま市坂牧大塚１５番地,2022-08-09,株式会社
株式会社オフィス武陽ＨＧ,東京都清瀬市元町１丁目２番１１号,2022-08-09,株式会社
株式会社オンジン,愛知県一宮市浅井町西海戸４２１番地,2022-08-09,株式会社
株式会社オーラ,東京都新宿区新宿４丁目３番１７号,2022-08-09,株式会社
株式会社オー・エム,大阪府大阪市住吉区大領２丁目８番１３号,2022-08-09,株式会社
株式会社カリオモンズ,長崎県西彼杵郡時津町左底郷２９７番地３,2022-08-09,株式会社
株式会社カーフィールドヨシオカ,滋賀県愛知郡愛荘町石橋７２６番地,2022-08-09,株式会社
株式会社キビの家,岡山県加賀郡吉備中央町上竹２０８３番地３,2022-08-09,株式会社
株式会社キャストウェル,大阪府大阪市西区靱本町１丁目５番１８号ＮＡＮＥＩ本町ビル４Ｆ,2022-08-09,株式会社
株式会社ギガ・システムズ,福岡県春日市惣利１丁目１１５,2022-08-09,株式会社
株式会社クラフトカツヤマ,静岡県静岡市駿河区東新田２丁目１８番８号,2022-08-09,株式会社
株式会社クレッターン,東京都千代田区丸の内１丁目８番２号鉄鋼ビルディング４階,2022-08-09,株式会社
株式会社グッドワンホールディングス,沖縄県うるま市石川１丁目４０番１号,2022-08-09,株式会社
株式会社グラスファン,香川県高松市林町１２６５番地１,2022-08-09,株式会社
株式会社グローチア,福岡県福岡市中央区天神１丁目１番１号,2022-08-09,株式会社
株式会社グローバルリサーチ,愛知県名古屋市中区栄５丁目１９番２４号（プレサンスＴＨＥ栄３０２号）,2022-08-09,株式会社
株式会社コントレイル,秋田県秋田市寺内油田３丁目１４－２,2022-08-09,株式会社
株式会社コーエイ機材,福岡県田川市大字伊田４９２９番地２,2022-08-09,株式会社
株式会社サイケア,東京都渋谷区宇田川町２番１号渋谷ホームズ９２１,2022-08-09,株式会社
株式会社サカノウエ．,東京都目黒区柿の木坂１丁目２番７号,2022-08-09,株式会社
株式会社サンエー不動産,大阪府大阪市生野区巽東２丁目３番２４号,2022-08-09,株式会社
株式会社シークフォース,神奈川県横浜市戸塚区上倉田町３７８番地２日神パレス戸塚１０４,2022-08-09,株式会社
株式会社ジャムステーション,北海道石狩郡当別町太美スターライト１５０９番地２２９,2022-08-09,株式会社
株式会社ジョンソンワールド,埼玉県入間市向陽台１丁目１番地１７駅前プラザ１３－１０３,2022-08-09,株式会社
株式会社スタンダーズ,愛媛県松山市古川北３丁目１０番２５号Ａ,2022-08-09,株式会社
株式会社スターヴィア,大阪府大阪市北区茶屋町２－３０・４Ｆ,2022-08-09,株式会社
株式会社スノーボール,愛知県名古屋市名東区猪高台１丁目４１８番地の３,2022-08-09,株式会社
株式会社スマートフィックス,大阪府大阪市北区梅田１丁目１番３号大阪駅前第三ビル７階,2022-08-09,株式会社
株式会社タイガーマネジメント,愛知県豊田市百々町１丁目４１番地,2022-08-09,株式会社
株式会社タクスル,大阪府大阪市中央区大手前１丁目６番４号,2022-08-09,株式会社
株式会社ターエイ,東京都台東区上野３丁目３－１０センダビル３階,2022-08-09,株式会社
株式会社ダブラス,東京都八王子市本町２９番１９号２Ｆ,2022-08-09,株式会社
株式会社ツボログ,東京都渋谷区東１丁目３番２号渋谷常磐松ハウス１０１,2022-08-09,株式会社
株式会社ティータイム,静岡県浜松市浜北区染地台３丁目３３番１１号,2022-08-09,株式会社
株式会社ティーダ,東京都立川市柏町４丁目５６番地の１グローバルビル５０１号,2022-08-09,株式会社
株式会社ディライト,大阪府大阪市住之江区平林南２丁目６番１０号－３Ｆ,2022-08-09,株式会社
株式会社デュオ・リンク,滋賀県大津市茶が崎６番１－１２１３号,2022-08-09,株式会社
株式会社トランキロ,大阪府枚方市出口１丁目２番９１号,2022-08-09,株式会社
株式会社ナイスタイム,大阪府門真市新橋町８番３１号,2022-08-09,株式会社
株式会社ハウスアシスト,広島県広島市安佐北区可部南３丁目６番１９号,2022-08-09,株式会社
株式会社バラストワン,東京都北区上十条４丁目２番１６－９０６号,2022-08-09,株式会社
株式会社ヒジカタビルリース,東京都八王子市高倉町１７番地７,2022-08-09,株式会社
株式会社ビーエムシーファーム,神奈川県高座郡寒川町宮山２３２７番１,2022-08-09,株式会社
株式会社フォレスト,東京都八王子市高尾町１５９５番地３共立リライアンス高尾駅前３０８号,2022-08-09,株式会社
株式会社フレア,長崎県長崎市琴海村松町７１３番地１５,2022-08-09,株式会社
株式会社フロンティア,栃木県さくら市上河戸８１９番地３,2022-08-09,株式会社
株式会社プエデュ,岩手県盛岡市清水町８番８号トーカングランドマンション１０８号,2022-08-09,株式会社
株式会社プレジール,北海道札幌市中央区南十一条西８丁目２番４３号２０１,2022-08-09,株式会社
株式会社ペニーライフ,愛知県名古屋市名東区猪高台２丁目８０１番地の２３,2022-08-09,株式会社
株式会社マエダ製作所,大阪府吹田市南金田１丁目６番１号,2022-08-09,株式会社
株式会社マジカント,東京都渋谷区渋谷３丁目２７－１５坂上ビル７階,2022-08-09,株式会社
株式会社メディカルコーディネート,東京都豊島区池袋２丁目４３番１号,2022-08-09,株式会社
株式会社ユモリ,京都府舞鶴市字堂奥１３５１番地,2022-08-09,株式会社
株式会社ランクアップ,滋賀県甲賀市水口町本綾野１番１５号ファイン和,2022-08-09,株式会社
株式会社ランドマーク,秋田県秋田市大住３丁目１５番２６号,2022-08-09,株式会社
株式会社ランド・キャピタル,大阪府大阪市住之江区粉浜３丁目１番７号,2022-08-09,株式会社
株式会社リッキーカスタム,沖縄県中頭郡中城村字添石３８５番地,2022-08-09,株式会社
株式会社リーペック,沖縄県沖縄市高原３丁目５番２号,2022-08-09,株式会社
株式会社ルシエラ,東京都足立区東和３丁目４番９－１０１号,2022-08-09,株式会社
株式会社ロジれぼ,兵庫県高砂市荒井町御旅２丁目１番１７号,2022-08-09,株式会社
株式会社ワイエスクラフト,東京都八王子市暁町２丁目６番１５号朝日プラザ八王子１０４号,2022-08-09,株式会社
株式会社ワシントントレーディングジャパン,埼玉県入間市向陽台１丁目１番地１７駅前プラザ１３－１０３,2022-08-09,株式会社
株式会社一本気実業,東京都北区滝野川６丁目５５番５－２０２号室,2022-08-09,株式会社
株式会社万達,大阪府大阪市浪速区戎本町２丁目４番３号,2022-08-09,株式会社
株式会社三徹,沖縄県豊見城市字伊良波６８２番地５ディアコート１０２号室,2022-08-09,株式会社
株式会社三木町学校給食施設,香川県木田郡三木町大字池戸１７９０番地２,2022-08-09,株式会社
株式会社丸金,大阪府大阪市淀川区加島３丁目４番２２号,2022-08-09,株式会社
株式会社久智,静岡県浜松市東区神立町１４０番地の２,2022-08-09,株式会社
株式会社井上鉄工所,福井県三方郡美浜町日向第４７号３番地,2022-08-09,株式会社
株式会社但馬商会,兵庫県神戸市兵庫区大開通３丁目１番３号,2022-08-09,株式会社
株式会社傑内装,岩手県盛岡市東黒石野３丁目４番２７号,2022-08-09,株式会社
株式会社億達,大阪府大阪市西区本田４丁目９番２３号,2022-08-09,株式会社
株式会社元設工業,神奈川県川崎市川崎区殿町３丁目２１番１－２０３号,2022-08-09,株式会社
株式会社共建,和歌山県紀の川市貴志川町井ノ口２０２番地,2022-08-09,株式会社
株式会社内藤ＹＡ,岐阜県岐阜市明神町２丁目９番地,2022-08-09,株式会社
株式会社加瀬店舗開発,東京都荒川区東日暮里４丁目２７番１１号,2022-08-09,株式会社
株式会社北條,広島県広島市安佐南区八木４丁目２９番４６号,2022-08-09,株式会社
株式会社北海道サッポロライオン,北海道札幌市中央区南二条西２丁目７番地１,2022-08-09,株式会社
株式会社吉田,福岡県北九州市戸畑区新池２丁目１２番１９－２０１号,2022-08-09,株式会社
株式会社大久保工務店,兵庫県伊丹市野間６丁目２番１２－２０２号,2022-08-09,株式会社
株式会社大洋商事,埼玉県草加市弁天２丁目２７番４５号,2022-08-09,株式会社
株式会社大清,大阪府堺市北区金岡町２７８６－１－Ｆ号,2022-08-09,株式会社
株式会社大澤設備,北海道札幌市北区新琴似十条１４丁目２番１号,2022-08-09,株式会社
株式会社小林総合設備,大阪府枚方市渚西１丁目５番５５号,2022-08-09,株式会社
株式会社小野商会,大阪府摂津市一津屋３丁目４番４号,2022-08-09,株式会社
株式会社岡井鮮魚店,広島県広島市中区江波南２丁目５番１号,2022-08-09,株式会社
株式会社幸彩設備,東京都小平市鈴木町１丁目４２２番地６号富士見荘２０２号室,2022-08-09,株式会社
株式会社整美,栃木県宇都宮市下戸祭２丁目２０番３０号,2022-08-09,株式会社
株式会社日本アグロエコロジー,大分県大分市大手町２丁目１番１０号大手町コーポ１０１号,2022-08-09,株式会社
株式会社日比建,愛知県瀬戸市北脇町２２６番地の１５,2022-08-09,株式会社
株式会社昌盛商事,愛知県北名古屋市高田寺東の川３９番地,2022-08-09,株式会社
株式会社時空観測,北海道札幌市北区新琴似八条１５丁目６番２１号,2022-08-09,株式会社
株式会社晃和,和歌山県紀の川市藤井８５番地,2022-08-09,株式会社
株式会社有上設備,鹿児島県鹿児島市春山町２２９番地５,2022-08-09,株式会社
株式会社朝穂建設,東京都東大和市南街５丁目６６－９－２Ｆ,2022-08-09,株式会社
株式会社村田外装,北海道札幌市手稲区前田一条１０丁目３番３５－１０３号,2022-08-09,株式会社
株式会社枝興業,埼玉県上尾市大字平方４３００番地２ブルーアローα２０４,2022-08-09,株式会社
株式会社梟邸,神奈川県横須賀市長井５丁目１７番地３３－Ａ,2022-08-09,株式会社
株式会社永野広告,愛知県名古屋市中区松原１丁目１２番９号,2022-08-09,株式会社
株式会社池田建材,千葉県香取市一ノ分目１１５８番地,2022-08-09,株式会社
株式会社津田建築工房,愛媛県松山市和気町２丁目８７６番地６,2022-08-09,株式会社
株式会社田中葬儀社,福島県田村市大越町上大越字湯田３２番地１,2022-08-09,株式会社
株式会社白狼冷菓,北海道札幌市南区簾舞一条５丁目１０－８,2022-08-09,株式会社
株式会社皐月,愛知県名古屋市名東区高社１丁目２５８番地リエンピーレ一色７０１号,2022-08-09,株式会社
株式会社盛山設備,東京都足立区千住柳町２７番８号,2022-08-09,株式会社
株式会社真莉,神奈川県横浜市旭区南希望が丘１１６番地パレーシャル山王２０１,2022-08-09,株式会社
株式会社福岡通商,福岡県糟屋郡久山町大字久原４１８７番地１ヴァンベール弐番館１０２,2022-08-09,株式会社
株式会社福部電設工業,鹿児島県鹿児島市上荒田町１６番２７号上荒田福永ビル１０３号,2022-08-09,株式会社
株式会社笹木総業,愛媛県松山市西石井４丁目７－３６,2022-08-09,株式会社
株式会社紀翔工業,和歌山県紀の川市古和田１３３番地３,2022-08-09,株式会社
株式会社紘星会,青森県五所川原市大字水野尾字懸樋３０６番地,2022-08-09,株式会社
株式会社美輝,群馬県太田市新田村田町７４６－２,2022-08-09,株式会社
株式会社芭蕉,沖縄県那覇市字仲井真１３０番地２,2022-08-09,株式会社
株式会社西里辰巳家,奈良県生駒郡斑鳩町法隆寺西１丁目４番９号,2022-08-09,株式会社
株式会社谷建設,京都府船井郡京丹波町坂原中川原１５番地４,2022-08-09,株式会社
株式会社豊和,埼玉県川口市西青木２丁目１４番１６－３０４号,2022-08-09,株式会社
株式会社遠藤商事,埼玉県白岡市篠津１９３６番地１,2022-08-09,株式会社
株式会社金海商会,島根県仁多郡奥出雲町三成５９８番地１,2022-08-09,株式会社
株式会社銀昌閣,東京都千代田区丸の内２丁目２－１岸本ビルヂング２階２１３区,2022-08-09,株式会社
株式会社３１０４,熊本県人吉市東間上町３６６０番地１６,2022-08-09,株式会社
株式会社６ＤＩＲＥＣＴＩＯＮＳ,岡山県岡山市北区表町３丁目１８番６３号,2022-08-09,株式会社
株式会社９ｉｎｅｖｅｒｓｅ,東京都墨田区文花１丁目１８番１３号情報経営イノベーション専門職大学墨田キャンパス内,2022-08-09,株式会社
株式会社ＡＩビル,滋賀県大津市鶴の里２０番５号,2022-08-09,株式会社
株式会社ＡＫ,岡山県岡山市南区福成１丁目１７７番地３４おひさまハイツⅠ２０１号,2022-08-09,株式会社
株式会社ＡＳＮ,東京都渋谷区道玄坂１丁目１０番８号渋谷道玄坂東急ビル２Ｆ－Ｃ,2022-08-09,株式会社
株式会社ＡｉＬ,山形県東根市大字野川１５４０番地,2022-08-09,株式会社
株式会社Ａｋａｔｓｕｋｉ,東京都渋谷区上原２丁目２８－５ＴＨＥパームス代々木上原ヴェールテラス４０４,2022-08-09,株式会社
株式会社Ａｒｍｅｅ,三重県松阪市豊原町２９０番地３５,2022-08-09,株式会社
株式会社Ａｓｒｙ　Ｃｏｒｐｏｒａｔｉｏｎ,岡山県岡山市南区彦崎２８２６番地２２,2022-08-09,株式会社
株式会社ＢＥＳＴ,福岡県古賀市天神３丁目５番５号,2022-08-09,株式会社
株式会社Ｂｌａｃｋ　Ｐａｎｔｈｅｒ,兵庫県神戸市須磨区稲葉町５丁目２番１４－２号,2022-08-09,株式会社
株式会社Ｂｌｏｃｋｓ,長崎県長崎市新戸町３丁目１６番１１号ハイツ的石２０３,2022-08-09,株式会社
株式会社Ｃ‐Ｒｏｗｎ,大阪府大阪市中央区谷町６丁目３番１９号２Ｆ,2022-08-09,株式会社
株式会社Ｄ．Ｂ　Ｗｏｒｋｓ,大阪府大阪市淀川区新北野３丁目１１－１９－Ａ棟２０１,2022-08-09,株式会社
株式会社ＤＯＵＢＬＥ　Ａ,大阪府堺市北区南花田町２３３番地１さくらマンション３０３号,2022-08-09,株式会社
株式会社Ｄｅｎｚｅｌ＆Ｔｅｒｚｉ,愛知県名古屋市熱田区波寄町２３番１１号金山ＫＴビル２Ｆ,2022-08-09,株式会社
株式会社Ｄｅｔｏｘ,東京都国立市東１丁目１５番地の１１大学通り４４８ビル地下１階,2022-08-09,株式会社
株式会社ＤｉｎｉｎｇＲ,北海道札幌市中央区南四条西８丁目６番地３,2022-08-09,株式会社
株式会社ＥＥＺＥＯＩ,沖縄県那覇市山下町２９番１号,2022-08-09,株式会社
株式会社Ｅｎｐｏｓｓ,東京都港区西新橋３丁目１０番３号西新橋ＨＳビル３階,2022-08-09,株式会社
株式会社Ｅｖｅｒｇｒｅｅｎ　Ｈｏｌｄｉｎｇｓ,東京都渋谷区幡ヶ谷２丁目１番３号,2022-08-09,株式会社
株式会社ＦＯＲＭＯＳＡ,東京都墨田区緑４丁目２４番１９－５０１号,2022-08-09,株式会社
株式会社ＦＰコンサルティング阪神,兵庫県川西市湯山台１丁目３番地の７,2022-08-09,株式会社
株式会社ＧＢＣツールズ,大阪府大阪市中央区本町橋６－１９－３０１号,2022-08-09,株式会社
株式会社ＧＯＭＯＯＮ　ＧＲＯＵＰ,東京都中野区上高田４丁目２２番９号,2022-08-09,株式会社
株式会社Ｇｒａｔｉ・Ｓ,岐阜県瑞穂市稲里４６７番地１,2022-08-09,株式会社
株式会社Ｈ．Ｍ．Ｄホールディングス,和歌山県岩出市岡田７０６番地の１,2022-08-09,株式会社
株式会社ＨＡＳＥＮ,愛媛県松山市古川北３丁目６番８－３号,2022-08-09,株式会社
株式会社ＨＡＹＡＲＩ　ＪＡＰＡＮ,群馬県伊勢崎市長沼町６６０番地１１,2022-08-09,株式会社
株式会社Ｈａｊｉｍａｒｉ,岡山県岡山市北区津島西坂２丁目５番１５号リビンコートプライム津島２０６号,2022-08-09,株式会社
株式会社Ｈａｌｅ,愛媛県松山市南梅本町甲３９２番地５,2022-08-09,株式会社
株式会社Ｈｉｇｈ　Ｗａｌｌ,熊本県熊本市西区上熊本２丁目８番２２号ホワイトステージ上熊本５０２号室,2022-08-09,株式会社
株式会社Ｈｏｒｉｚｏｎｔａｌ　Ｌｉｎｅ,北海道札幌市南区澄川四条３丁目３番１０－６０１号,2022-08-09,株式会社
株式会社Ｉ・Ｄ・Ｓ,滋賀県甲賀市水口町山７１０番地１６０,2022-08-09,株式会社
株式会社ＩＡＭ,大阪府大阪市淀川区宮原３丁目４番３０号,2022-08-09,株式会社
株式会社ＩＥＭＯＮ,神奈川県川崎市高津区久地２丁目１６番３号,2022-08-09,株式会社
株式会社ＩＩＫＡ,愛知県名古屋市瑞穂区中根町４丁目４７番地の２,2022-08-09,株式会社
株式会社ＩＲＵＤＡ,大阪府大阪市生野区中川４丁目１５番３号,2022-08-09,株式会社
株式会社ＫＡＦＬＩＸ　ＣＬＯＵＤ,沖縄県那覇市具志３丁目２３番１３号,2022-08-09,株式会社
株式会社ＫＥＮＳＨＩＮ　ＩＮＦＩＮＩＴＹ,東京都品川区上大崎３丁目１番２号目黒第一マンションズ１００５,2022-08-09,株式会社
株式会社ＫＫライズ,大阪府大阪市住之江区中加賀屋２丁目２番２５号,2022-08-09,株式会社
株式会社ＫＭＣ,栃木県鹿沼市上石川１３７７番地３,2022-08-09,株式会社
株式会社ＬＥＸ,埼玉県和光市新倉２丁目２５番５号ジュネステージ３０５,2022-08-09,株式会社
株式会社ＬＩＦＥ　ＰＡＲＴＮＥＲ,愛知県岩倉市神野町又市２００番地２,2022-08-09,株式会社
株式会社ＬＩＦＩＸ,滋賀県栗東市霊仙寺６丁目７番１号,2022-08-09,株式会社
株式会社ＬＯＯＰ,千葉県船橋市前原西４丁目３３番１０－２０３号,2022-08-09,株式会社
株式会社Ｌｉｌｙ,香川県高松市松福町１丁目４番１２号,2022-08-09,株式会社
株式会社Ｌｉｚｋｉｔｃｈｅｎ,愛知県名古屋市中区丸の内１丁目２番３１号景雲橋ハイツ１Ｆ,2022-08-09,株式会社
株式会社Ｌｏｎｄ　Ｈｏｌｄｉｎｇｓ,東京都中央区銀座２丁目８番１９号２Ｆ,2022-08-09,株式会社
株式会社ＭＡＵＭＵ,千葉県松戸市日暮６丁目６０番地２Ｆ,2022-08-09,株式会社
株式会社ＭＩＲＡＩ　ＭＥＤＩＣＡＬ,大阪府大阪市東住吉区田辺４丁目１２－９,2022-08-09,株式会社
株式会社ＭＪ　ｃｒｅａｔｉｖｅ,東京都目黒区青葉台１丁目９－１７,2022-08-09,株式会社
株式会社ＭａｎｄＩ,東京都中央区八丁堀４丁目１０番２号八丁堀ビル６０３号,2022-08-09,株式会社
株式会社ＮＥＯ,東京都練馬区大泉町６丁目２８番２１号,2022-08-09,株式会社
株式会社ＮＥＯＭＥ,東京都港区芝浦４丁目１２－３６－１５０６,2022-08-09,株式会社
株式会社Ｎａｎａｓｅ,愛媛県松山市柳井町１丁目１１番地１ステクルビル２－Ａ,2022-08-09,株式会社
株式会社Ｎｏｖ,東京都渋谷区東３丁目２５番６号楠ビル２Ｆ,2022-08-09,株式会社
株式会社ＯＢＪ,山梨県甲斐市竜王９７１番地６,2022-08-09,株式会社
株式会社ＯＲＩＮＡＳ,東京都台東区蔵前４丁目２３番７,2022-08-09,株式会社
株式会社Ｏｎ　ｔｈｅ　Ｐｏｎｄ,東京都渋谷区渋谷２丁目１９－１５宮益坂ビルディング６０９,2022-08-09,株式会社
株式会社Ｏｎｅ　ｆｏｒ　Ａｌｌ,滋賀県長浜市大路町８７４番地２８,2022-08-09,株式会社
株式会社Ｐａｓｔｅｌ,広島県広島市中区広瀬町７番１０－３０４号,2022-08-09,株式会社
株式会社ＰｅｎｇｕｉｎＯｐｓ,神奈川県横浜市青葉区荏田町２４６番地１－Ｂ８０１,2022-08-09,株式会社
株式会社ＲＡＫＵＲＡＫＵ車,大阪府大阪市浪速区日本橋西２丁目５番１１号つたやビル４０２,2022-08-09,株式会社
株式会社ＲＥＧＩＳＴＡ,東京都渋谷区神宮前２丁目１１番７号,2022-08-09,株式会社
株式会社ＲＥＨＡＲＩ‐ＬＡＢＯ,東京都東村山市久米川町５丁目２９－５２,2022-08-09,株式会社
株式会社ＲＥＶＥＬＹＡ,東京都渋谷区渋谷１丁目３番９号ヒューリック渋谷一丁目ビル７階,2022-08-09,株式会社
株式会社ＲＯＬＬ,福岡県福岡市博多区比恵町４番２５号,2022-08-09,株式会社
株式会社ＲＴＭｏｄａ　Ｔｒａｄｉｎｇ,奈良県橿原市新賀町５２６番地グランヴェルビュ大和八木,2022-08-09,株式会社
株式会社ＲａｙＳＴＡ,東京都渋谷区宇田川町４番１０号宇田川町ビル,2022-08-09,株式会社
株式会社Ｒｅ．ＨＯＭＥ,広島県広島市安佐南区高取北４丁目１１番１０号,2022-08-09,株式会社
株式会社ＲｅＮ,東京都渋谷区宇田川町１３番８号ちとせ会館２階,2022-08-09,株式会社
株式会社Ｒｅｎｔ＆Ｍａｎａｇｅｍｅｎｔ,三重県四日市市十志町１６３番地２,2022-08-09,株式会社
株式会社ＳＮＪ,奈良県天理市武蔵町５８３番地,2022-08-09,株式会社
株式会社ＳＯＬＡＲ,愛知県一宮市大和町毛受字八幡前２１－２,2022-08-09,株式会社
株式会社ＳＰＩＮＮＡ　ＢＡＭＢＯＯ,東京都中野区丸山２丁目１６番１号,2022-08-09,株式会社
株式会社ＳＴ,東京都立川市曙町１丁目１２番２０号ＣＯＱＵＩＡビル７Ｆ,2022-08-09,株式会社
株式会社ＳＴ・システム,愛媛県西条市丹原町願連寺２５４番地８７,2022-08-09,株式会社
株式会社ＳｅＶｅｎジャパン,北海道江別市萌えぎ野西２９番地１５,2022-08-09,株式会社
株式会社Ｓｅｅｄｗｏｒｋｓ,東京都渋谷区神宮前６丁目２３番４号桑野ビル２階,2022-08-09,株式会社
株式会社Ｓｅｎｄ　ｌｕｃｋｓ,北海道釧路市新釧路町４番２１号,2022-08-09,株式会社
株式会社Ｓｅｐｔ　Ｅｔｏｉｌｅ,大阪府大阪市西区新町２丁目１４－１６－９０３,2022-08-09,株式会社
株式会社Ｓｏａｒｉｎｇ,京都府京都市西京区桂野里町５０番地７５アソシエイト和田第一ビル４Ｆ,2022-08-09,株式会社
株式会社Ｔ‐Ｔｏｍｏ,北海道虻田郡倶知安町北三条西２丁目９番地５,2022-08-09,株式会社
株式会社Ｔ＆Ｈ,愛知県名古屋市東区泉２丁目９番１３号,2022-08-09,株式会社
株式会社ＴＲＡＮＳＡＣＴＩＯＮ．ＴＨＲＥＥＥ,東京都江東区亀戸６丁目３１番２－１４１４号,2022-08-09,株式会社
株式会社ＴＲＵＥ　ＮＯＲＴＨ,東京都杉並区久我山２丁目５番１０号,2022-08-09,株式会社
株式会社ＴＳイノベーション,静岡県三島市谷田１６８番地の１エトワールＫ－３０５,2022-08-09,株式会社
株式会社ＴｈａｎＣａ,神奈川県横浜市磯子区原町８番３９－５０６号,2022-08-09,株式会社
株式会社Ｔｙｐｅｂａｓｅ,石川県野々市市粟田１丁目１５８番地,2022-08-09,株式会社
株式会社ＵＮＩＶＥＲＳＥ,宮城県仙台市若林区沖野２丁目１４番２２号シェ・ブランシュ３０６,2022-08-09,株式会社
株式会社Ｗｉｓｔｙ,埼玉県志木市中宗岡２丁目９番３５号壱番館１０２,2022-08-09,株式会社
株式会社Ｘ　ＧＲＯＵＰ,神奈川県横浜市神奈川区台町９－１３－４０５,2022-08-09,株式会社
株式会社Ｙ．施工,大阪府門真市本町２９番３号Ａ－０４,2022-08-09,株式会社
株式会社ＹＭ　ＪＡＰＡＮ,大阪府大阪市浪速区元町１丁目９番６号丸元仲ビル７０１号室,2022-08-09,株式会社
株式会社ＹＵＭＥ‐ＢＵＫＩ,沖縄県中頭郡読谷村字座喜味５７７番地,2022-08-09,株式会社
株式会社ＺｃＺｃ,広島県広島市南区翠２丁目１７番１４－２０２号,2022-08-09,株式会社
株式会社Ｚｅｂｒａｆｉｓｈ,岐阜県各務原市鵜沼山崎町７丁目２５番地,2022-08-09,株式会社
株式会社ａｃｔｒｉｚｚ,沖縄県浦添市屋富祖２丁目４番１６－８０５号ラフィーネヌーベル屋富祖,2022-08-09,株式会社
株式会社ａｎｙＳｅｅ,愛知県額田郡幸田町大字菱池字新田２９番地,2022-08-09,株式会社
株式会社ｅｌ　ｓｏｌ,神奈川県横浜市保土ケ谷区瀬戸ケ谷町２９８番地１１７,2022-08-09,株式会社
株式会社ｅｎ‐ｊｉｎ,福岡県福岡市博多区麦野４丁目９番１５号,2022-08-09,株式会社
株式会社ｆａｃｔ　ｄｅｓｉｇｎ,静岡県静岡市葵区若松町８７番地の３ＭＪ若松町１０１,2022-08-09,株式会社
株式会社ｉｋｏｉ,岐阜県加茂郡八百津町錦織８０８番地１,2022-08-09,株式会社
株式会社ｉｍｐｅｒｆｅｃｔ,広島県広島市佐伯区五日市７丁目１３番１６号,2022-08-09,株式会社
株式会社ｌｅｂｅｎ　Ａｐｕ,大阪府大阪市東成区中道１丁目１２番８号,2022-08-09,株式会社
株式会社ｎｅｋｏｎｏｔｅ,愛知県愛西市日置町八百歩１６９番地１,2022-08-09,株式会社
株式会社ｎｙｃ,広島県廿日市市阿品台北７番６号,2022-08-09,株式会社
株式会社ｐｏｎｏ,静岡県静岡市駿河区寺田２６３番地の４,2022-08-09,株式会社
株式会社ｒａｍｓ　ｈｅａｄ,東京都足立区東和３丁目６－１５,2022-08-09,株式会社
株式会社ｗｉｄｅｒ,福島県白河市北堀切３６番地５ＳＫＹＣＵＢＥ新白河Ｂ４号,2022-08-09,株式会社
樹合同会社,東京都品川区南品川３丁目６－２５－３１１,2022-08-09,合同会社
毅訊合同会社,東京都葛飾区青戸７丁目２３番１１号,2022-08-09,合同会社
淀川コンサルティング株式会社,大阪府大阪市淀川区西中島７丁目１－２９新大阪ＳＯＮＥビル５階,2022-08-09,株式会社
特定非営利活動法人団地ライフラボａｔ茶山台,大阪府堺市南区茶山台２丁２番１０棟３０５,2022-08-09,その他の設立登記法人
特定非営利活動法人木更津クリケット協会,千葉県木更津市畔戸１３５０番地２８,2022-08-09,その他の設立登記法人
特定非営利活動法人ＤＡＮＤＥＬＩＯＮデザイン事務所,京都府京都市中京区町頭町１１２,2022-08-09,その他の設立登記法人
特定非営利活動法人Ｈａｌｏ　ＡＲＴ,東京都豊島区南池袋２丁目２０番４号,2022-08-09,その他の設立登記法人
甜蜜陽光Ｓｗｅｅｔ　Ｓｕｎ株式会社,大阪府大阪市天王寺区空清町４－１１杉野ビル本館１０３号室,2022-08-09,株式会社
真秀コンサルタント事務所合同会社,奈良県奈良市四条大路１丁目３番５３－５２１号,2022-08-09,合同会社
石友軒株式会社,大阪府茨木市並木町１２番５号,2022-08-09,株式会社
社会福祉法人鎹,愛知県春日井市美濃町３丁目２０５番地,2022-08-09,その他の設立登記法人
神戸シティユニオン,兵庫県神戸市東灘区御影３丁目２番１１号－１３５,2022-08-09,その他の設立登記法人
穴水町特定地域づくり事業協同組合,石川県鳳珠郡穴水町字志ケ浦１６の６番地１１５,2022-08-09,その他の設立登記法人
臣創株式会社,北海道札幌市中央区南三条西６丁目５セザール第一札幌３０２号,2022-08-09,株式会社
興和商事株式会社,山梨県富士吉田市下吉田１０１９番地,2022-08-09,株式会社
興生株式会社,大阪府大阪市淀川区西宮原２丁目６番１６号新大阪コーポビアネーズ８４１号,2022-08-09,株式会社
芳源ホールディングス株式会社,千葉県香取市米野井９３８番地１,2022-08-09,株式会社
華億株式会社,東京都千代田区岩本町３丁目１０番７号,2022-08-09,株式会社
華琳株式会社,大阪府大阪市生野区田島５丁目２２－１５－１Ｂ,2022-08-09,株式会社
行政書士法人ＭＩＲＩＳＥ,大阪府大阪市中央区大手通１丁目３番５号ＫＴ大手通ビル２階Ｂ号室,2022-08-09,その他の設立登記法人
農事組合法人田中農産,福岡県みやま市山川町尾野１４８６番地６,2022-08-09,その他の設立登記法人
遠拓商事株式会社,京都府綴喜郡宇治田原町大字岩山小字後庵４９番地の２,2022-08-09,株式会社
金明株式会社,大阪府大阪市平野区平野市町１丁目１－１３申野オフィス３０１号室,2022-08-09,株式会社
銀正株式会社,東京都中央区日本橋横山町６－１７杉本ビル１Ｆ,2022-08-09,株式会社
長谷興産株式会社,愛知県名古屋市港区大西３丁目６４番地,2022-08-09,株式会社
青い地球株式会社,大分県宇佐市大字上田１２２番地の５,2022-08-09,株式会社
１８メンテナンス株式会社,沖縄県うるま市石川白浜２丁目１２番２４号,2022-08-09,株式会社
ＡＯＴＯＭＡＴＯ株式会社,愛知県名古屋市東区泉２丁目２８番２４号東和高岳ビル６０３号,2022-08-09,株式会社
ＡＹＲ３合同会社,東京都中央区日本橋１丁目４番１号,2022-08-09,合同会社
ＢＯＯＭ合同会社,福岡県福岡市南区大楠１丁目１０－１１－２０３号室,2022-08-09,合同会社
ＢＲＩＧＨＴＥＤ合同会社,北海道札幌市中央区北一条西２８丁目１番８号,2022-08-09,合同会社
Ｂｅａｕｔｙ　Ｓａｌｏｎ　Ｃ＆Ｊ株式会社,岡山県岡山市北区柳町２丁目２番２０号,2022-08-09,株式会社
Ｃ‐ｎｅｔ株式会社,兵庫県神戸市東灘区御影本町８丁目１４番１７－２０４号,2022-08-09,株式会社
ＣＡＴメディカル株式会社,大阪府大阪市天王寺区上之宮町１番１５－８０５号,2022-08-09,株式会社
ＣＨＩＫＩＩＮＡ合同会社,沖縄県島尻郡南風原町字本部４６１番地６,2022-08-09,合同会社
ＣＩＮＧ　ＩＮＴＥＲＮＡＴＩＯＮＡＬ合同会社,東京都江東区東雲１丁目９番５０号,2022-08-09,合同会社
ＤａＣａＣＫ合同会社,愛知県名古屋市西区比良４丁目２３９番地の４,2022-08-09,合同会社
ＥＬＩＴＥ　ＳＮＯＷＳＰＯＲＴＳ合同会社,北海道磯谷郡蘭越町字湯里１７番地５８,2022-08-09,合同会社
ＥＮ．ＷＯＲＫＳ合同会社,長野県松本市本庄１丁目４番１５号,2022-08-09,合同会社
ＦＡＴＲＩ　ＪＡＰＡＮ株式会社,京都府京都市下京区中堂寺粟田町９１番地ＫＲＰ９号館,2022-08-09,株式会社
ＦＩＳＥ合同会社,大阪府大阪市東成区東小橋１丁目１５番２号メゾン玉造３０１号,2022-08-09,合同会社
ＦＬＴ‐Ｊａｐａｎ合同会社,愛知県一宮市猿海道３丁目３―３,2022-08-09,合同会社
ＧＩＭＩＸ　ＳＯＬＵＴＩＯＮ株式会社,岡山県倉敷市水江９９９番地１,2022-08-09,株式会社
ＧＯＶＩＮＳＩＳ合同会社,千葉県千葉市若葉区千城台北１丁目２３番１号第１クロスビル１０１,2022-08-09,合同会社
ＧＵＦＵＦＵ合同会社,三重県いなべ市員弁町御薗５５０番地１,2022-08-09,合同会社
Ｇｒａｐｈ株式会社,東京都渋谷区神宮前６丁目２３番４号桑野ビル２階,2022-08-09,株式会社
Ｈ・Ｓ　Ｃｏｍｐａｎｙ株式会社,静岡県袋井市梅山２３５９番地の１３,2022-08-09,株式会社
Ｈ＆Ｔ合同会社,愛知県名古屋市中区大須３丁目３６番２０号スクエア・アパートメント２０１号室,2022-08-09,合同会社
ＨＨＨ株式会社,東京都渋谷区恵比寿３丁目３番１１号パラシオン恵比寿１０２号室,2022-08-09,株式会社
Ｉ　ａｍ合同会社,栃木県足利市里矢場町１００５－４,2022-08-09,合同会社
ＩＭＧ株式会社,島根県雲南市加茂町東谷２６番地２,2022-08-09,株式会社
ＩｒｏＨａ合同会社,大阪府泉大津市東港町８番１７号,2022-08-09,合同会社
ＪＮ事業協同組合,岐阜県可児市瀬田１０２番地２,2022-08-09,その他の設立登記法人
ＪＵＴＴ　ＭＯＴＯＲＳ合同会社,神奈川県座間市相武台３丁目４０番２１－１０３号ホーユウコンフォルト相武台前,2022-08-09,合同会社
ＫＩＮＧ株式会社,栃木県栃木市片柳町４丁目５番２－８号,2022-08-09,株式会社
ＫＳ　ＣＡＲ’Ｓ合同会社,静岡県浜松市南区楊子町７１番地の１,2022-08-09,合同会社
Ｋｙｏｔｏ株式会社,東京都港区白金台２丁目２６番９号,2022-08-09,株式会社
ＬＹ‐ジャパン株式会社,東京都中野区弥生町３丁目５－１０,2022-08-09,株式会社
Ｌａｖｉｅ株式会社,愛知県一宮市千秋町芝原字古井戸１５番地,2022-08-09,株式会社
ＬｏＭ．株式会社,大阪府池田市旭丘１丁目２番８－２０２号,2022-08-09,株式会社
Ｍ’Ｓアセットマネジメント合同会社,東京都港区浜松町２丁目２番１５号浜松町ダイヤビル２Ｆ,2022-08-09,合同会社
ＭＡＮＡ‐ｂ合同会社,兵庫県伊丹市安堂寺町５丁目２２番地の１０,2022-08-09,合同会社
ＭＩＭＯ株式会社,大阪府大阪市城東区新喜多１丁目２番７号,2022-08-09,株式会社
ＭＯＯＭＳ合同会社,東京都渋谷区神宮前６丁目２３番４号桑野ビル２階,2022-08-09,合同会社
ＭＴ　Ｓｏｌａｒｅ合同会社,東京都港区元赤坂１丁目１番７号,2022-08-09,合同会社
ＭＴＲ株式会社,大阪府大阪市西区新町２丁目１８－２０清水ビル２０１,2022-08-09,株式会社
ＭｅｄｉａＰｏｃｋｅｔ合同会社,東京都目黒区自由が丘２丁目１６―１２ＲＪ３,2022-08-09,合同会社
Ｎ　Ｍ　ＴＲＡＤＩＮＧ合同会社,岐阜県土岐市下石町６６０番地の２９サンテラス雅Ａ－２０１号,2022-08-09,合同会社
ＮＯＲＡ合同会社,神奈川県相模原市中央区相模原６丁目３－３－３０５,2022-08-09,合同会社
ＮＰＯ法人グッジョブサポート,鹿児島県鹿児島市泉町５番４号,2022-08-09,その他の設立登記法人
ＮＳ合同会社,茨城県水戸市千波町２４８０－１ニューマリッチ栗原１０３,2022-08-09,合同会社
Ｎｉｈｏｎｌｕｘ株式会社,東京都渋谷区神宮前６丁目２３番４号桑野ビル２階,2022-08-09,株式会社
Ｎｏｃｋｅｒ株式会社,東京都渋谷区道玄坂１丁目１０番８号渋谷道玄坂東急ビル２Ｆ－Ｃ,2022-08-09,株式会社
ＯｎｅＴｒｅｅ株式会社,北海道札幌市白石区栄通２０丁目３番２９号,2022-08-09,株式会社
ＰＤＬ株式会社,滋賀県大津市本宮２丁目４３番１０号,2022-08-09,株式会社
ＰＭ　Ｗｏｒｋｓ合同会社,東京都千代田区麹町５丁目５番地２６ＤＵＡＲＥＳ麹町５０２号,2022-08-09,合同会社
Ｒｅｖｅｒｓａｌ　Ｓｐｉｒｉｔ株式会社,岐阜県岐阜市日置江３４０番地,2022-08-09,株式会社
ＳＡＫＵＲＡ合同会社,福岡県北九州市小倉北区木町３丁目１１番１号,2022-08-09,合同会社
ＳＵＮＲＩＳＥ　ＨＡＲＢＯＵＲ合同会社,東京都港区高輪４丁目１４－１高輪ペアシティ５０８,2022-08-09,合同会社
ＳｉＦｉｖｅ　Ｊａｐａｎ　Ｃｏｒｐｏｒａｔｉｏｎ株式会社,神奈川県横浜市中区住吉町２丁目２２番地松栄関内ビル株式会社アキア・タックス・コンサルタンツ内,2022-08-09,株式会社
Ｓｍｉｌｅ行政書士法人,大阪府堺市北区長曽根町１３０番地２３堺商工会議所,2022-08-09,その他の設立登記法人
ＳｔｏＭ合同会社,東京都港区浜松町２丁目２番１５号浜松町ダイヤビル２Ｆ,2022-08-09,合同会社
Ｓｔｙｌｅ　Ａｒｔｓ株式会社,神奈川県横浜市中区尾上町４丁目４７番地リスト関内ビル４０３,2022-08-09,株式会社
ＴＣ　Ｊａｐａｎ株式会社,東京都千代田区内幸町１丁目３番１号幸ビルディング９階,2022-08-09,株式会社
ＴＲＥＳＳＡ合同会社,東京都新宿区西新宿７丁目５－５プラザ西新宿３０９,2022-08-09,合同会社
Ｔｈｅ　Ｒｏｙａｌ　Ｃｒｅｗ株式会社,神奈川県横浜市西区みなとみらい３丁目６番１号,2022-08-09,株式会社
ＷＡＢＩＴＯＷｏｒｋｓ株式会社,新潟県五泉市吉沢１丁目２番５号,2022-08-09,株式会社
Ｚｏｎ８ｅｎｅｒｇｉＥ株式会社,愛媛県松山市和気町１丁目２番地１,2022-08-09,株式会社
ａｎｄ　ｃｒｏｓｓｉｎｇ合同会社,愛知県名古屋市緑区曽根３丁目７０９番地,2022-08-09,合同会社
ｆｉｋａ合同会社,東京都八王子市鑓水２丁目８５番地８８,2022-08-09,合同会社
ｈｙｕｍｉｃ　ｏｆｆｉｃｅ株式会社,北海道網走市北三条西４丁目８番地の３,2022-08-09,株式会社
ｏｍｅｇａ　ｃｒｅａｔｅ株式会社,福岡県北九州市小倉北区香春口２丁目２番１６－７０１号,2022-08-09,株式会社
ｓｗｅｅｔ株式会社,沖縄県中頭郡読谷村字大湾３５６番地レキオススクエア大湾Ａ棟２階,2022-08-09,株式会社
ｗｉｔｈｉｎｇ株式会社,東京都中央区八丁堀４丁目１－４,2022-08-09,株式会社
あいうエデュケーション合同会社,愛知県岡崎市福岡町字東河原３３番地５,2022-08-10,合同会社
あおい綜合コンサルタント司法書士法人,愛知県名古屋市東区葵１丁目１８番３２号,2022-08-10,その他の設立登記法人
あなぶきキャピタルマネジメント株式会社,東京都港区芝大門２丁目２番１号,2022-08-10,株式会社
かむろ坂監査法人,東京都品川区西五反田３丁目１５番６号リードシー目黒不動前ビル７－２０,2022-08-10,その他の設立登記法人
くにさき工業株式会社,大分県大分市曙台３丁目１０番１号,2022-08-10,株式会社
そう株式会社,兵庫県姫路市岡田２４６番地１,2022-08-10,株式会社
つばめ家株式会社,静岡県菊川市東横地１３７８番地４Ｃｉｎｑ１０１号室,2022-08-10,株式会社
ふくファーマシー合同会社,山形県鶴岡市本町２丁目１６番１号,2022-08-10,合同会社
ぼくらの農業合同会社,埼玉県加須市中種足６６７番地１,2022-08-10,合同会社
よこはまＡＢＥビル株式会社,神奈川県横浜市西区高島２丁目３番２１号,2022-08-10,株式会社
わッ株式会社,東京都大田区西蒲田７丁目６１－３１ＨＵＮＣＨ２Ｆ,2022-08-10,株式会社
アキヤマ管理株式会社,神奈川県川崎市川崎区南町２０番地３,2022-08-10,株式会社
アクティヴォ・フォルマ合同会社,東京都北区王子４丁目２２番７号,2022-08-10,合同会社
アスコット・インベストメント・マネジメント株式会社,東京都渋谷区神宮前３丁目１番３０号,2022-08-10,株式会社
アソシエネット・ウエルファー株式会社,静岡県駿東郡清水町新宿１９０番地の１,2022-08-10,株式会社
アチーバー合同会社,奈良県奈良市朱雀５丁目２番地の２平城朱雀第１住宅３５－４０２,2022-08-10,合同会社
アドバーチャ株式会社,東京都渋谷区神宮前６丁目２３番４号桑野ビル２階,2022-08-10,株式会社
アングルトライホールディングス株式会社,熊本県上益城郡嘉島町大字井寺４１番地８,2022-08-10,株式会社
イケナカ工業株式会社,広島県尾道市西藤町９３６－１,2022-08-10,株式会社
イコシテトラ株式会社,石川県小松市川辺町２番地６８,2022-08-10,株式会社
イヴレスコンサルティング合同会社,東京都港区愛宕２丁目５番１号愛宕グリーンヒルズＭＯＲＩタワー２５Ｆ,2022-08-10,合同会社
イーユーシージャパン株式会社,東京都新宿区西新宿３丁目３番地１３号西新宿水間ビル６階,2022-08-10,株式会社
エイチエフエム株式会社,京都府京都市中京区六角通室町西入玉蔵町１３０番地スペリオン四条烏丸４０３号,2022-08-10,株式会社
エスエー株式会社,新潟県新潟市西区寺尾西５丁目２２番１９号ジョイプレイスファミリアＡ－１,2022-08-10,株式会社
エミュ株式会社,山梨県甲府市青葉町１番６号,2022-08-10,株式会社
オイルヘルパー株式会社,神奈川県伊勢原市板戸９１７番地の２サンヴェール伊勢原６０７号,2022-08-10,株式会社
オオトリ株式会社,神奈川県横須賀市汐入町５丁目３３番２７号,2022-08-10,株式会社
オリィーブ株式会社,埼玉県さいたま市北区本郷町２１５番地１,2022-08-10,株式会社
オンティエ合同会社,東京都世田谷区桜丘２丁目２番地１号チェリーガーデンＡ２０５,2022-08-10,合同会社
カク合同会社,埼玉県さいたま市北区宮原町３丁目５７２－１,2022-08-10,合同会社
カノエキャピタル合同会社,神奈川県川崎市多摩区菅馬場１丁目３１番９号,2022-08-10,合同会社
カーオペネクスト株式会社,新潟県上越市中郷区岡沢１３８４番地,2022-08-10,株式会社
キルク株式会社,東京都渋谷区猿楽町１７番５号ＤＡＩＫＡＮＹＡＭＡＴ－ＳＩＴＥ蔦屋書店３号館２階,2022-08-10,株式会社
サンポア合同会社,栃木県日光市木和田島１５６８番地１０４,2022-08-10,合同会社
サンユーホールディングス株式会社,神奈川県平塚市夕陽ケ丘３番２３号,2022-08-10,株式会社
シーマット株式会社,山形県寒河江市大字日田字平田１３０番地の１,2022-08-10,株式会社
スカイ自然工学株式会社,鳥取県倉吉市杉野１７６番地,2022-08-10,株式会社
ストレ株式会社,大阪府大阪市城東区今福東２丁目９番３号,2022-08-10,株式会社
スリーユー合同会社,和歌山県和歌山市狐島６１５－２８７,2022-08-10,合同会社
ゼンウェル中部株式会社,愛知県豊田市広美町郷西１３６番地,2022-08-10,株式会社
ダイヤモンドダリア合同会社,東京都渋谷区渋谷３丁目１－９,2022-08-10,合同会社
チェンジチェアコンサルティング合同会社,東京都西東京市南町４丁目１７番１４号,2022-08-10,合同会社
ツバサ株式会社,大阪府大阪市中央区鎗屋町２丁目２番９号ＲＥ－ＬＡＢ大阪中央ビル６Ｆ,2022-08-10,株式会社
テックプレッソホールディングス株式会社,岐阜県岐阜市宇佐３丁目７番１号,2022-08-10,株式会社
ドムス合同会社,東京都千代田区丸の内３丁目１番１号東京共同会計事務所内,2022-08-10,合同会社
ニュートン・インベストメント・マネジメント・ジャパン株式会社,東京都千代田区丸の内１丁目８番３号丸の内トラストタワー本館,2022-08-10,株式会社
ニューライフサイエンス株式会社,東京都渋谷区広尾１丁目７番２０号,2022-08-10,株式会社
ノバソフト株式会社,千葉県松戸市西馬橋幸町１１２,2022-08-10,株式会社
ハッピー・ワンダー・ネット株式会社,宮崎県宮崎市橘通東３丁目２番６号２階,2022-08-10,株式会社
ハルリカ株式会社,埼玉県川越市岸町３丁目９－１８,2022-08-10,株式会社
パウズウエルネス合同会社,鹿児島県霧島市隼人町東郷１丁目２９番地,2022-08-10,合同会社
パシフィック・アセット・マネジメント株式会社,東京都中央区勝どき６丁目５番１６号プライマル勝どき６０８号室,2022-08-10,株式会社
パーツプランニング株式会社,埼玉県川口市末広１丁目１５番９号２Ｆ,2022-08-10,株式会社
プレキャストブレイン株式会社,神奈川県藤沢市大庭５０５５番地の６湘南西部２～１４～１４５１,2022-08-10,株式会社
ホチツナフレンズ合同会社,三重県津市藤方３６０,2022-08-10,合同会社
一般社団法人おかやま食品ロス削減ネットワーク,岡山県岡山市北区東古松３丁目５番１５号,2022-08-10,その他の設立登記法人
一般社団法人わがや,宮崎県宮崎市佐土原町下那珂７９１番地５,2022-08-10,その他の設立登記法人
一般社団法人アクシス発見スクール,東京都千代田区九段南１丁目５番６号りそな九段ビル５階ＫＳフロア,2022-08-10,その他の設立登記法人
一般社団法人フラワーインテリアフラフルーデザイン協会,埼玉県新座市東北２丁目３１番５号,2022-08-10,その他の設立登記法人
一般社団法人フリーウェイ,東京都台東区台東４丁目２９番１３－８０２号,2022-08-10,その他の設立登記法人
一般社団法人交通文化観光推進機構,宮城県石巻市南中里３丁目１５番７－３０２号,2022-08-10,その他の設立登記法人
一般社団法人動植物と人間が共に快適空間を作る会,神奈川県横浜市金沢区福浦１丁目１番地１,2022-08-10,その他の設立登記法人
一般社団法人北広島デジタル田園開発機構,広島県山県郡北広島町今吉田１８０７番地,2022-08-10,その他の設立登記法人
一般社団法人合気道合心館,愛媛県松山市中央１丁目４番４号モーゼルビル３０２号,2022-08-10,その他の設立登記法人
一般社団法人太平洋開発,東京都台東区台東４丁目２９番１３－８０２号,2022-08-10,その他の設立登記法人
一般社団法人学術支援協会,茨城県ひたちなか市湊泉町３番９号,2022-08-10,その他の設立登記法人
一般社団法人岐阜県地方創生推進協会,岐阜県岐阜市寿町１丁目７番地１,2022-08-10,その他の設立登記法人
一般社団法人日本ベイビーシアターネットワーク,東京都東村山市富士見町３丁目１２番地６,2022-08-10,その他の設立登記法人
一般社団法人日本小児口腔発達学会,岡山県岡山市中区倉田５０８番地２１－２階,2022-08-10,その他の設立登記法人
一般社団法人日本相続センター,大阪府大阪市北区天神橋２丁目北１－１４－３０２号,2022-08-10,その他の設立登記法人
一般社団法人日本砂防コーヒー協会,岐阜県飛騨市神岡町坂富町１１番地１２,2022-08-10,その他の設立登記法人
一般社団法人日本ＢＣＰ支援サービス推進協会,東京都千代田区神田駿河台２丁目１番１９号アルベルゴ御茶の水１１０９,2022-08-10,その他の設立登記法人
一般社団法人環境自然保護協議会,東京都千代田区東神田３丁目４番１１号,2022-08-10,その他の設立登記法人
一般社団法人素足会,京都府宇治市五ケ庄平野８番地１,2022-08-10,その他の設立登記法人
一般社団法人美意識コンシェルジュ協会,東京都渋谷区本町２丁目４０番６号茶静山園ビル３階,2022-08-10,その他の設立登記法人
一般社団法人茨城県相続支援協会,茨城県鹿嶋市大字和７９７番地１３,2022-08-10,その他の設立登記法人
一般社団法人蒼いまちおこしカンパニー,宮城県東松島市矢本字大溜１１８番地１,2022-08-10,その他の設立登記法人
一般社団法人赤坂マーヴェリック,東京都港区虎ノ門３丁目２２番１０－２０１号,2022-08-10,その他の設立登記法人
一般社団法人飛鳥山,東京都台東区台東４丁目２９番１３－８０２号,2022-08-10,その他の設立登記法人
一般社団法人０術数秘学協会,和歌山県和歌山市有家３８１番地１７,2022-08-10,その他の設立登記法人
一般社団法人ｂｏｎｄ,東京都青梅市大門２丁目２０５番地の１,2022-08-10,その他の設立登記法人
七十七ヒューマンデザイン株式会社,宮城県仙台市青葉区中央３丁目３番２０号,2022-08-10,株式会社
丹峰合同会社,千葉県佐倉市直弥３３３番地１,2022-08-10,合同会社
云来合同会社,神奈川県相模原市中央区相模原２丁目２番１６号ルネッサンスプラザビル１Ｆ,2022-08-10,合同会社
五色丘クロス合同会社,兵庫県洲本市五色町鮎原神陽６００番地６５,2022-08-10,合同会社
光進トレーディング株式会社,愛知県海部郡飛島村大字梅之郷字宮東２５番地の１,2022-08-10,株式会社
再エネ電源開発株式会社,東京都千代田区霞が関３丁目２番５号,2022-08-10,株式会社
勝井電業株式会社,京都府城陽市寺田今堀５２番地の３８,2022-08-10,株式会社
医療法人双成会,群馬県桐生市相生町１丁目１４１番地の１,2022-08-10,その他の設立登記法人
南雲株式会社,東京都世田谷区奥沢５丁目２６番３号,2022-08-10,株式会社
合同会社えがおの森,鳥取県鳥取市南安長３丁目１０２番地ソファレファミーユ棟１０１号,2022-08-10,合同会社
合同会社くくる龍光堂,大阪府大阪市天王寺区餌差町１５－１０グランピア真田山１Ｆ,2022-08-10,合同会社
合同会社こざまるエンターテイメント,東京都港区高輪３丁目５－６カスタリア高輪台Ⅱ４０３,2022-08-10,合同会社
合同会社こたつまる,神奈川県横浜市磯子区汐見台３丁目２番地３ヴェレーナシティ上大岡６２１号,2022-08-10,合同会社
合同会社わいんばーギンザ,東京都中央区銀座５丁目１番１６号西山興業西銀座ビル４階,2022-08-10,合同会社
合同会社アルバトロス,愛知県名古屋市昭和区下構町２丁目２６番地ＮＯＶＥＬＢＲＩＧＨＴ　ＳＡＫＵＲＡＹＡＭＡ７０３号室,2022-08-10,合同会社
合同会社エスカレ,東京都世田谷区松原５丁目２３番１０号,2022-08-10,合同会社
合同会社エヌシー,高知県高知市春野町内ノ谷７４０番地,2022-08-10,合同会社
合同会社オミクス,千葉県市川市真間２丁目１番４号,2022-08-10,合同会社
合同会社オリエンス,東京都台東区小島１丁目１５番３号,2022-08-10,合同会社
合同会社オーリジェール,東京都武蔵野市吉祥寺本町３丁目４番９号コルティーレ２０２,2022-08-10,合同会社
合同会社カリス,千葉県船橋市西船４丁目２９－８ＮＳＴ西船３０５,2022-08-10,合同会社
合同会社クリーンエナジーファンド,東京都千代田区丸の内３丁目１番１号東京共同会計事務所内,2022-08-10,合同会社
合同会社ケンズデザインオフィス,岡山県岡山市北区中井町２丁目８－４１－３０１,2022-08-10,合同会社
合同会社ケーナオ・エージェンシー,東京都日野市南平６丁目２８―２４,2022-08-10,合同会社
合同会社コスモ,東京都東村山市秋津町５丁目１５－１－２０１,2022-08-10,合同会社
合同会社コスモテック,富山県中新川郡舟橋村東芦原１４０番地１０,2022-08-10,合同会社
合同会社コハラプロパティ,東京都千代田区内神田１丁目１１－１０コハラビル,2022-08-10,合同会社
合同会社ゴールデンカイト,東京都中央区日本橋１丁目４番１号,2022-08-10,合同会社
合同会社ステラ・イブ,東京都足立区竹の塚４丁目１３番３号シャングリラ竹の塚３０３,2022-08-10,合同会社
合同会社スプリング,兵庫県神戸市北区鈴蘭台西町３丁目１２番３６－２０４号,2022-08-10,合同会社
合同会社スモールミディアム,東京都港区高輪３丁目５－２０－２０２,2022-08-10,合同会社
合同会社スリーステップ,東京都八王子市本町３－１１メゾン橘２０１,2022-08-10,合同会社
合同会社セカンドファクター,東京都杉並区西荻北５丁目１５－３,2022-08-10,合同会社
合同会社デリシオーサ,兵庫県西宮市熊野町３番４ジェイグラン甲子園口７１２号,2022-08-10,合同会社
合同会社ネットデザインファクトリー,茨城県常総市菅生町２９６０番地,2022-08-10,合同会社
合同会社ハマ土建,沖縄県宮古島市伊良部字前里添１７００番地２,2022-08-10,合同会社
合同会社ハルクロ,群馬県高崎市高砂町６０番地１ハイラーク高崎１１０２号,2022-08-10,合同会社
合同会社ハートウェルズアップ,東京都文京区白山１丁目１６－６,2022-08-10,合同会社
合同会社ヒガシナダ,兵庫県神戸市東灘区魚崎中町２丁目１番１４号,2022-08-10,合同会社
合同会社ビックファイブ,香川県高松市北浜町８番２０号,2022-08-10,合同会社
合同会社フローラ,山梨県甲府市朝気１丁目１番７号,2022-08-10,合同会社
合同会社ミュース,東京都新宿区西新宿７丁目５－５プラザ西新宿３０９,2022-08-10,合同会社
合同会社ミーモテック,青森県弘前市大字桜林町５番地３,2022-08-10,合同会社
合同会社モエウハネ,沖縄県那覇市字安里１２８番地フレスコア泊９０１,2022-08-10,合同会社
合同会社モンテ不動産,埼玉県熊谷市別府５丁目１７番地,2022-08-10,合同会社
合同会社リアン,神奈川県相模原市中央区相模原５丁目２番１号,2022-08-10,合同会社
合同会社リクシー,宮崎県宮崎市江平西１丁目１番２４号Ｆ・ＳＴＡＧＥ江平８０１号,2022-08-10,合同会社
合同会社ルピナス,埼玉県戸田市中町１丁目６番地の９,2022-08-10,合同会社
合同会社ワイルデスト,東京都西東京市住吉町３丁目１０番２５－１６１０号,2022-08-10,合同会社
合同会社七幸,東京都世田谷区世田谷１丁目２６番８号,2022-08-10,合同会社
合同会社下村商店,大阪府堺市中区八田寺町８８番地,2022-08-10,合同会社
合同会社令和企画,東京都新宿区四谷三栄町２番１４号,2022-08-10,合同会社
合同会社南海プロテック,鹿児島県鹿児島市坂之上５丁目７番８号,2022-08-10,合同会社
合同会社大志企画,神奈川県横須賀市久里浜４丁目１３番１３号,2022-08-10,合同会社
合同会社大豊建設,沖縄県那覇市字安里１５番地４,2022-08-10,合同会社
合同会社好運商事,広島県福山市神村町字大日５８５２番１,2022-08-10,合同会社
合同会社山の辺製菓,滋賀県湖南市石部東１丁目７番１０号,2022-08-10,合同会社
合同会社岩佐,新潟県佐渡市相川鹿伏４１７番地,2022-08-10,合同会社
合同会社日吉建装,千葉県富里市日吉台５丁目３０番地１,2022-08-10,合同会社
合同会社日商結準備委員会,東京都中央区新富２丁目４番５号１階Ｅｌｉｓａオフィス１００２,2022-08-10,合同会社
合同会社旭食品,千葉県旭市足川１４０９,2022-08-10,合同会社
合同会社村山重機,新潟県新潟市北区大久保１７４番地,2022-08-10,合同会社
合同会社松神,大阪府大阪市淀川区十三東２丁目６－１６ヴィラポンテ２０２,2022-08-10,合同会社
合同会社森口総合研究室,兵庫県丹波篠山市八上上８６番地１,2022-08-10,合同会社
合同会社沖工業,神奈川県横浜市戸塚区名瀬町７９５番地３名瀬第二住宅２棟６０３号,2022-08-10,合同会社
合同会社浜風,京都府舞鶴市字浜２００６番地１０９,2022-08-10,合同会社
合同会社海ッペリーノ,神奈川県藤沢市片瀬海岸３丁目２４番２０号,2022-08-10,合同会社
合同会社燕,東京都台東区柳橋１丁目４番５号,2022-08-10,合同会社
合同会社百才,東京都中央区銀座１丁目２２番１１号,2022-08-10,合同会社
合同会社藍苺Ｒｉｂｅｓ,東京都練馬区中村南３丁目１０番３号,2022-08-10,合同会社
合同会社赤坂マーヴェリック,東京都港区虎ノ門３丁目２２番１０－２０１号,2022-08-10,合同会社
合同会社轟創建,大阪府門真市下島町１７番２０号Ｋコンフォート２０１号,2022-08-10,合同会社
合同会社都,新潟県新潟市西区寺尾台２丁目２番２０号,2022-08-10,合同会社
合同会社門田商会,兵庫県芦屋市西芦屋町４番８号２Ａ,2022-08-10,合同会社
合同会社隅田造園,滋賀県大津市青山７丁目１番９号,2022-08-10,合同会社
合同会社ＡＬＢＵＳ,熊本県菊池郡菊陽町大字津久礼３０５２番地１４,2022-08-10,合同会社
合同会社ＡＮＧＥＬＩＫＡ,東京都武蔵野市吉祥寺本町４丁目６番３号,2022-08-10,合同会社
合同会社Ｂｌｕｅｂｅｌｌ,熊本県八代市植柳新町２丁目２６号１番地,2022-08-10,合同会社
合同会社ＣＯＳＭＩＳＭ,神奈川県秦野市沼代新町３－４８,2022-08-10,合同会社
合同会社ＣＲＯＳ,東京都八王子市中町３番１４号ダイナシティ八王子８０２号,2022-08-10,合同会社
合同会社ＣＳＭ企画,埼玉県飯能市大字落合３４６番地２,2022-08-10,合同会社
合同会社Ｄｉｓｃｏｖｅｒｙ,東京都渋谷区東３丁目２５ライオンズプラザ恵比寿５０４,2022-08-10,合同会社
合同会社ＥＮＨＡＮＣＥ　ＦＡＣＴＯＲＹ,東京都江東区亀戸２丁目３７－１１,2022-08-10,合同会社
合同会社ＦＩＲＥ,東京都八王子市打越町１４８１－５１,2022-08-10,合同会社
合同会社Ｆａｉｔｈｆｕｌ,福岡県八女市納楚５４４番地,2022-08-10,合同会社
合同会社Ｆｕｚｉクリエイティブ,岐阜県大垣市西之川町１丁目１５７－１,2022-08-10,合同会社
合同会社Ｇｒａｆｆｉｔｉ’ｓ　Ｄｅｌｉ,栃木県宇都宮市川田町１２１７－１７ＯｎｅＩｃｈｉｒｉＣ棟,2022-08-10,合同会社
合同会社ＨＡＬＯＷ,埼玉県越谷市南越谷４丁目２１番地７,2022-08-10,合同会社
合同会社ＨｉＭａｒｉ開発,熊本県熊本市西区島崎６丁目３番１６号,2022-08-10,合同会社
合同会社Ｈｉｄｔｓ,奈良県北葛城郡王寺町本町５丁目１０番１４号,2022-08-10,合同会社
合同会社Ｉｒｉｓ,静岡県浜松市東区豊町２１９０－２,2022-08-10,合同会社
合同会社ＫＡＫＥＲＵＮＩ,東京都渋谷区道玄坂１丁目１０番８号渋谷道玄坂東急ビル２Ｆ－Ｃ,2022-08-10,合同会社
合同会社ＫＮＹ工業,愛知県日進市香久山１丁目１００３番地レオパレスステラコート１０１,2022-08-10,合同会社
合同会社ＫＯＴＯＮＯＨＡ,福井県大飯郡高浜町和田１１７字上浜田９９番地,2022-08-10,合同会社
合同会社Ｋａｚａｒｉｐｒｏｊｅｃｔ,東京都渋谷区神宮前６丁目２３番４号桑野ビル２階,2022-08-10,合同会社
合同会社ＬＥＤパートナーズ,山口県下関市一の宮東町２丁目２９１番地１６,2022-08-10,合同会社
合同会社ＭＥＤＥＬ,北海道札幌市東区北十五条東１丁目１－２８サニープレイス１５１－２０１,2022-08-10,合同会社
合同会社ＮＦＴ　ＡＲＴ　ＴＯＫＹＯ,東京都港区芝浦２丁目１番１１号,2022-08-10,合同会社
合同会社ＮＫ企画,東京都台東区根岸１丁目１番２７号,2022-08-10,合同会社
合同会社ＮＯＢｉＬ,大阪府枚方市香里ケ丘１１丁目１１番１２号,2022-08-10,合同会社
合同会社ＮＯＦＡ　Ｓ,東京都千代田区九段南１丁目５番６号りそな九段ビル５Ｆ・ＫＳフロア,2022-08-10,合同会社
合同会社ＰＲＯＡＲＴ,北海道札幌市手稲区西宮の沢一条４丁目１３番９号,2022-08-10,合同会社
合同会社Ｓ．Ｐ．ＩＮＴＥＲＮＡＴＩＯＮＡＬ,千葉県山武郡横芝光町牛熊８８２番地,2022-08-10,合同会社
合同会社ＳＡＵＭＡＫＩ,兵庫県神戸市東灘区岡本７丁目２１番３号,2022-08-10,合同会社
合同会社ＳＨＥｙＬＥＥ,東京都三鷹市井の頭５丁目８番３１号リッツコートⅡ１０１号室,2022-08-10,合同会社
合同会社ＳＭＬ,東京都大田区鵜の木３丁目４番１７号コルティーレ５０５,2022-08-10,合同会社
合同会社ＳｅｎＴｅｎｃｅ,東京都世田谷区三軒茶屋１丁目１６番２２号ＡＰＥＸ２０２号室,2022-08-10,合同会社
合同会社Ｔ＆Ｍ　Ｉｎｔｅｒｎａｔｉｏｎａｌ,千葉県松戸市本町１７番地の１１芦澤ビル６Ｆ,2022-08-10,合同会社
合同会社ＴＬＯ,北海道札幌市中央区南六条西４丁目５番地３３Ｇ４ビル７Ｆ,2022-08-10,合同会社
合同会社ＵＭＩＺＯＩ,岡山県岡山市北区花尻あかね町８番地１０１号,2022-08-10,合同会社
合同会社ＷＩＮＧ,東京都練馬区春日町２丁目１５番２２号,2022-08-10,合同会社
合同会社Ｗａｔｔａ,東京都新宿区西新宿３丁目３番１３号西新宿水間ビル６階,2022-08-10,合同会社
合同会社Ｙ２Ｃ,東京都多摩市諏訪２丁目２番地Ａ－１０１,2022-08-10,合同会社
合同会社ＹＵエージェンシー,東京都江東区東砂３丁目２番２０号,2022-08-10,合同会社
合同会社ｅ‐サポート,宮崎県宮崎市大島町南窪７９８,2022-08-10,合同会社
合同会社ｈｕｋｂｅ,新潟県小千谷市城内１丁目８番２０号,2022-08-10,合同会社
合同会社ｉｉｍａ,大阪府大阪市北区梅田１丁目１－３大阪駅前第３ビル２９階１－１－１号室,2022-08-10,合同会社
合同会社ｔｅｃｏｎｏ,福岡県糟屋郡宇美町ゆりが丘１丁目１２番４号,2022-08-10,合同会社
合同会社ｕｐｗａｒｄ,兵庫県丹波篠山市網掛４０７番地の１,2022-08-10,合同会社
大光建設株式会社,岐阜県加茂郡白川町和泉３０５番地１,2022-08-10,株式会社
大可不動産開発株式会社,東京都中央区銀座１丁目１８番２号,2022-08-10,株式会社
大同商事合同会社,東京都北区王子３丁目４番２１号,2022-08-10,合同会社
大地合同会社,東京都台東区千束３丁目２１－１２－２０１,2022-08-10,合同会社
天璣株式会社,大阪府大阪市中央区船場中央２丁目１番４号船場センタービル４号館地下一階Ｂ１０８ＲＯＹＡＬＯＦＦＩＣＥ内,2022-08-10,株式会社
政やエンタープライズ株式会社,大阪府高槻市大蔵司３丁目２０番１８号,2022-08-10,株式会社
新山口ＣＣホールディングス合同会社,山口県防府市多々良１丁目１５番１号,2022-08-10,合同会社
新農業支援協会合同会社,東京都渋谷区渋谷２丁目２４－１２渋谷スクランブルスクエア３９Ｆ,2022-08-10,合同会社
日易合同会社,東京都台東区上野６丁目７番１６号川久保ビル４Ｆ,2022-08-10,合同会社
日本産業株式会社,兵庫県神戸市中央区琴ノ緒町５丁目５番９号フューチャービル３階３０２号室,2022-08-10,株式会社
日香国際株式会社,大阪府大阪市中央区島之内２丁目４－１６ケイアンドティ道頓堀,2022-08-10,株式会社
昌連商事株式会社,東京都豊島区西池袋２丁目４０－４セレナハイム池袋アプレ６０２号室,2022-08-10,株式会社
月山合同会社,千葉県柏市しいの木台４丁目１５番地１３,2022-08-10,合同会社
東京酒類株式会社,東京都あきる野市秋川４丁目５番地８,2022-08-10,株式会社
東日本電気設備株式会社,宮城県仙台市青葉区中央４丁目１０番３号２ＦＪＭＦビル仙台０１,2022-08-10,株式会社
東銀リースビジネスイノベーション株式会社,東京都中央区新川２丁目２７番１号,2022-08-10,株式会社
東陽フーズ合同会社,東京都江戸川区東葛西６丁目２７番６号,2022-08-10,合同会社
板橋ホールディングス株式会社,和歌山県和歌山市有本１１１番地,2022-08-10,株式会社
株式会社あだちメディカルサービス,愛知県北名古屋市鹿田清水４０番地１,2022-08-10,株式会社
株式会社あだち陸送,新潟県長岡市宮本町１丁目甲８６３番地,2022-08-10,株式会社
株式会社いえびるこめぜん,神奈川県平塚市代官町１番２２号,2022-08-10,株式会社
株式会社いろは,東京都多摩市関戸２丁目２４番地の２６加瀬ビル１１７,2022-08-10,株式会社
株式会社えびすや,大阪府大阪市中央区高麗橋１丁目７番７－６０４号,2022-08-10,株式会社
株式会社きむらや,神奈川県横浜市都筑区東山田２丁目１４番２号,2022-08-10,株式会社
株式会社でじたる,東京都港区南青山２丁目２番１５号ウィン青山９４２,2022-08-10,株式会社
株式会社ひと・プラス,大阪府大阪市中央区本町２丁目３－４アソルティ本町４Ｆ,2022-08-10,株式会社
株式会社ひない鶏食品,秋田県南秋田郡井川町坂本字飛塚５８番地３,2022-08-10,株式会社
株式会社みちひらき,京都府京都市右京区嵯峨天龍寺広道町１０番地３６,2022-08-10,株式会社
株式会社みつき建設,福岡県柳川市三橋町中山１０５８番地１０,2022-08-10,株式会社
株式会社むうぶ,福岡県福岡市中央区天神１丁目１５番３８号,2022-08-10,株式会社
株式会社もりしま,滋賀県近江八幡市玉木町２丁目１６番地,2022-08-10,株式会社
株式会社アップステラ,福岡県福岡市中央区今川２丁目７－６０－１３０２,2022-08-10,株式会社
株式会社アディーレ・メディカルサービス,東京都豊島区東池袋３丁目１番１号サンシャイン６０,2022-08-10,株式会社
株式会社アトリエシャンティ,岐阜県各務原市蘇原柿沢町３丁目５番地１,2022-08-10,株式会社
株式会社アプローチ,熊本県熊本市中央区平成３丁目１５番３３号,2022-08-10,株式会社
株式会社アペックスジャパン,東京都江戸川区北葛西２丁目５番３０号,2022-08-10,株式会社
株式会社アルティメット・フローラグレイスギフト,沖縄県那覇市松山１丁目１９番１１号パークサイド松山ビル１Ｆ,2022-08-10,株式会社
株式会社アルテール,東京都品川区大井１丁目２３番７号,2022-08-10,株式会社
株式会社アレイ,神奈川県川崎市多摩区菅稲田堤３丁目８番２－２０７号,2022-08-10,株式会社
株式会社アヴェイルネクストホールディングス,熊本県上益城郡益城町大字田原１１５５番地８,2022-08-10,株式会社
株式会社アールＥホーム,宮城県塩竈市字庚塚１２８番地７３,2022-08-10,株式会社
株式会社イーエムエステート,滋賀県大津市稲葉台１４番２２号,2022-08-10,株式会社
株式会社エイチ,大阪府大阪市西成区太子１丁目１４番１６号,2022-08-10,株式会社
株式会社エイチアイ・トラスト,東京都千代田区丸の内１丁目６番２号新丸の内センタービルディング２１階,2022-08-10,株式会社
株式会社エコ助,東京都足立区中川４丁目４１番３０号東亜ビル２Ｆ,2022-08-10,株式会社
株式会社エスポワール,東京都江戸川区西葛西２丁目１番２４号,2022-08-10,株式会社
株式会社エテルノ,東京都台東区橋場１丁目２４番２０－１１０２号,2022-08-10,株式会社
株式会社エヌエスコンサルティング,神奈川県横浜市中区弁天通６丁目７６番地ＬＳＰ横濱プリマゾーナ７０５号室,2022-08-10,株式会社
株式会社エヌリンクス,熊本県熊本市中央区保田窪１丁目４番８号ニューエンパイヤＡ－２０３,2022-08-10,株式会社
株式会社エンムスビ,東京都港区新橋６丁目５番４号ＤＩＫマンション新橋４Ｆ,2022-08-10,株式会社
株式会社エンライツ,東京都渋谷区道玄坂１丁目１０番８号渋谷道玄坂東急ビル２Ｆ－Ｃ,2022-08-10,株式会社
株式会社エーティーエス,静岡県浜松市南区米津町６１３番地,2022-08-10,株式会社
株式会社オフィスアローズ,福岡県北九州市八幡西区光明２丁目８番７号,2022-08-10,株式会社
株式会社カワウチ,千葉県松戸市本町１７－１１芹澤ビル６Ｆ,2022-08-10,株式会社
株式会社キセキ食堂,埼玉県さいたま市岩槻区並木１丁目５番１号,2022-08-10,株式会社
株式会社クオーレ,神奈川県伊勢原市板戸２０８番地の１－３０１号,2022-08-10,株式会社
株式会社クラフトメーカー,宮城県仙台市宮城野区小田原１丁目１０番１－２０８号,2022-08-10,株式会社
株式会社クレイン,埼玉県草加市吉町２丁目３番１５号田川ハイツ１－１０８号,2022-08-10,株式会社
株式会社クロスワン,大阪府枚方市春日西町４丁目１番１号,2022-08-10,株式会社
株式会社グランドライン,兵庫県西宮市甲東園１丁目１－６パセオ甲東１Ｆ１１０,2022-08-10,株式会社
株式会社グローバルケア,福岡県鞍手郡鞍手町大字中山６３１番地２,2022-08-10,株式会社
株式会社グローバルトリップ,福岡県飯塚市天道１－２０２,2022-08-10,株式会社
株式会社グローバル東洋,大分県豊後大野市大野町田中１４５番地７,2022-08-10,株式会社
株式会社ケイズファクトリー,奈良県天理市川原城町８４６番地福住開発ビル１Ｆ,2022-08-10,株式会社
株式会社コーヒープライド,東京都千代田区麹町２丁目１０番地３,2022-08-10,株式会社
株式会社ゴロウホールディングス,新潟県新潟市中央区本町通３番町２０２番地２,2022-08-10,株式会社
株式会社サイグルＪＡＰＡＮ,東京都墨田区緑１丁目１４番６号シティポート両国３階袁暁娟税理士事務所内,2022-08-10,株式会社
株式会社サラサムイ,神奈川県横浜市港北区綱島東１丁目１３番１０号１階,2022-08-10,株式会社
株式会社サンズプロモーション,東京都港区浜松町２丁目２番１５号浜松町ダイヤビル２Ｆ,2022-08-10,株式会社
株式会社サンライトトレーディング,神奈川県横浜市中区扇町２丁目４番地２横浜関内京浜ビル３０３,2022-08-10,株式会社
株式会社シモケン,鳥取県鳥取市宮長２３５番地２２,2022-08-10,株式会社
株式会社シンティコーポレーション,沖縄県宜野湾市野嵩３丁目４番９号,2022-08-10,株式会社
株式会社シンデンコウ,東京都東久留米市南沢１丁目５番１１号,2022-08-10,株式会社
株式会社シンライズカンパニー,京都府京都市伏見区久我御旅町１１番地６１,2022-08-10,株式会社
株式会社ジェリー,大阪府大阪市住吉区墨江３丁目１７番１８号申野オフィス１０１号室,2022-08-10,株式会社
株式会社ジオ開発計画,岩手県久慈市長内町第１０地割３３番地１,2022-08-10,株式会社
株式会社ジンクリエイション,奈良県橿原市東坊城町１９７番地の１０,2022-08-10,株式会社
株式会社ストラクタス,栃木県宇都宮市富士見が丘２丁目１番８号,2022-08-10,株式会社
株式会社ソルナ,香川県仲多度郡まんのう町七箇３３０５番地２,2022-08-10,株式会社
株式会社テイクワンズ,東京都三鷹市大沢５丁目１８番１０号,2022-08-10,株式会社
株式会社テックブイ,東京都世田谷区北沢１丁目３３番１９号,2022-08-10,株式会社
株式会社ディリンク,神奈川県逗子市小坪３丁目１６番１号,2022-08-10,株式会社
株式会社トライワークス,東京都大田区千鳥３丁目７－１８,2022-08-10,株式会社
株式会社トランスポートサード,京都府久世郡久御山町市田新珠城２２０番地１,2022-08-10,株式会社
株式会社ナイン,東京都品川区戸越３丁目１１番１３号Ｋ＆ＭハイツⅢ３０５,2022-08-10,株式会社
株式会社ナチュエット,岐阜県可児郡御嵩町御嵩１８２２番地９５,2022-08-10,株式会社
株式会社ナルゲン,大分県大分市大字家島１０３７番地の１,2022-08-10,株式会社
株式会社ニシザワ商会,滋賀県東近江市中里町５６７番地,2022-08-10,株式会社
株式会社ノエフォトビジュアルズ,大阪府茨木市大字上音羽１６３番地,2022-08-10,株式会社
株式会社ハッチビューティージャパン,大阪府大阪市淀川区十三東２丁目６番８号,2022-08-10,株式会社
株式会社ハレサンホーム,東京都小平市回田町２７８番地の５,2022-08-10,株式会社
株式会社ハーティー・エステートコンサルティング,東京都足立区栗原３丁目２０番１０号,2022-08-10,株式会社
株式会社パルファム,東京都台東区東上野２丁目１０番２号,2022-08-10,株式会社
株式会社ヒロヤ,長崎県佐世保市祇園町２番２４号,2022-08-10,株式会社
株式会社ビューティリアム,東京都中央区銀座１丁目２２番１１号銀座大竹ビジデンス２階,2022-08-10,株式会社
株式会社ビヨンドフロー,東京都世田谷区奥沢５丁目１番１１号メゾンドジョワ２０２,2022-08-10,株式会社
株式会社ピースオブマインド,東京都港区浜松町２丁目２－１５,2022-08-10,株式会社
株式会社ファインデザイン,神奈川県横浜市緑区鴨居４丁目２３番１１号,2022-08-10,株式会社
株式会社ブライトアイ,愛知県名古屋市西区菊井２丁目７番８号,2022-08-10,株式会社
株式会社プッロ,東京都江戸川区西葛西６丁目２６番１２－１０５号ＳＫプラスパーステージ,2022-08-10,株式会社
株式会社プライムマネジメント,岡山県岡山市北区伊島町２丁目２０－２６エクセレント津島２Ｆ,2022-08-10,株式会社
株式会社プロメテミス,東京都練馬区中村南１丁目３０番５号,2022-08-10,株式会社
株式会社ホワイトワン,栃木県栃木市箱森町２番４４号,2022-08-10,株式会社
株式会社ホープアイ,愛知県名古屋市西区菊井２丁目７番８号,2022-08-10,株式会社
株式会社ポストモダン,東京都中野区中野６丁目２番１９号,2022-08-10,株式会社
株式会社ポラスト,東京都千代田区神田佐久間町３丁目２２号神田ＳＫビル,2022-08-10,株式会社
株式会社マチナス,三重県松阪市川井町６１１番地９,2022-08-10,株式会社
株式会社マルマス,茨城県那珂郡東海村大字舟石川８４３番地の１,2022-08-10,株式会社
株式会社ミルシル,東京都新宿区西新宿３丁目３番１３号西新宿水間ビル６階,2022-08-10,株式会社
株式会社ミーリス,神奈川県横浜市金沢区能見台通３４番７号ミュールバッハ能見台２０１,2022-08-10,株式会社
株式会社ユニオンプランニング,岡山県岡山市北区白石４２７番地６,2022-08-10,株式会社
株式会社ライカレイン,岐阜県岐阜市今小町３番地,2022-08-10,株式会社
株式会社ライズ製作所,千葉県市原市八幡浦１丁目１２番地３階,2022-08-10,株式会社
株式会社リエイト,東京都世田谷区奥沢５丁目３８番８号テラス自由が丘１Ｆ,2022-08-10,株式会社
株式会社リオトレーディング,京都府木津川市木津大次２９番地,2022-08-10,株式会社
株式会社リバティ,福岡県北九州市小倉北区上富野２丁目２番１０号ＦＩＲＳＴ上富野ハイツ３０１号,2022-08-10,株式会社
株式会社リュウビ,福岡県福岡市博多区東光寺町１丁目１７番２５号,2022-08-10,株式会社
株式会社ルリアンジュ,大阪府大阪市北区天満４丁目９番１６号,2022-08-10,株式会社
株式会社ル・パティシエ・ムタ,福岡県朝倉市宮野１７８４番地１,2022-08-10,株式会社
株式会社レインボーゲート,東京都千代田区外神田４丁目７番１１号,2022-08-10,株式会社
株式会社レプシム,東京都港区東新橋１丁目６番３号２４Ｆ,2022-08-10,株式会社
株式会社ローゼン・クランツ,静岡県静岡市駿河区西大谷３番地の１３,2022-08-10,株式会社
株式会社ワイエム,和歌山県海南市重根２３５番地１,2022-08-10,株式会社
株式会社ワイズプラチナラボ,東京都港区白金台５丁目１２番３－３０３号,2022-08-10,株式会社
株式会社一寿々,愛知県海部郡蟹江町舟入１丁目１６７番地,2022-08-10,株式会社
株式会社一路,岡山県瀬戸内市邑久町百田３番地５,2022-08-10,株式会社
株式会社三〇,東京都新宿区西新宿８丁目３番３２号カーメルＩ３０２号,2022-08-10,株式会社
株式会社三力不動産,福岡県福岡市中央区平和３丁目１２－１－２０３,2022-08-10,株式会社
株式会社三合商事,東京都新宿区高田馬場４丁目４－２,2022-08-10,株式会社
株式会社上舞技建,鹿児島県南さつま市加世田川畑４１４３番地２,2022-08-10,株式会社
株式会社中尾設備工業,鹿児島県鹿児島市中山町１２６５番地７,2022-08-10,株式会社
株式会社九龍薬品,東京都港区南青山２丁目２７番２２号青山安田ビル３階,2022-08-10,株式会社
株式会社亀谷工務店,神奈川県横須賀市馬堀海岸４丁目１番１２－２０２号,2022-08-10,株式会社
株式会社伊達研究所,東京都渋谷区渋谷２丁目１９－１５宮益坂ビルディング６０９,2022-08-10,株式会社
株式会社佐曽利園芸組合,兵庫県宝塚市上佐曽利字大垣内１６－１,2022-08-10,株式会社
株式会社優芯,東京都東村山市恩多町３丁目１９番地２０,2022-08-10,株式会社
株式会社元文不動産,東京都渋谷区元代々木町８番１０号,2022-08-10,株式会社
株式会社光,和歌山県東牟婁郡那智勝浦町大字朝日１丁目１９０番地,2022-08-10,株式会社
株式会社光興業,滋賀県大津市石山外畑町８０番地の１４,2022-08-10,株式会社
株式会社全日運輸機工,新潟県新潟市中央区上大川前通７番町１２３０番地７ストークビル鏡橋７階,2022-08-10,株式会社
株式会社勇輝,広島県福山市春日町浦上１４９５番地１,2022-08-10,株式会社
株式会社北国バンケットサービス,石川県金沢市尾山町９番１０号,2022-08-10,株式会社
株式会社友塗装,長崎県西彼杵郡長与町高田郷１３２４番地１,2022-08-10,株式会社
株式会社吉田,神奈川県座間市入谷西２丁目３８番１２号,2022-08-10,株式会社
株式会社和左官,兵庫県たつの市神岡町大住寺７６３番地１,2022-08-10,株式会社
株式会社和泉ホールディングス,大阪府泉南郡岬町望海坂３丁目３番３０号,2022-08-10,株式会社
株式会社墓石の大くぼ,奈良県橿原市新口町２３３番地の９,2022-08-10,株式会社
株式会社大和屋,福岡県福岡市南区長丘４丁目３番１９号サンコーポ長丘１０１号,2022-08-10,株式会社
株式会社大野クレーン,愛知県名古屋市港区油屋町４丁目２４番地の１ＲｏｓｓｏみなとＢ号,2022-08-10,株式会社
株式会社奥田工業,福岡県北九州市八幡西区永犬丸東町１丁目７番５４－２０３号,2022-08-10,株式会社
株式会社学び舎花桜,埼玉県さいたま市見沼区東大宮５丁目１５番地１,2022-08-10,株式会社
株式会社宝璃,福岡県北九州市八幡東区山王１丁目１番１３号,2022-08-10,株式会社
株式会社寅寅寅,愛媛県西条市朔日市２５７番地１,2022-08-10,株式会社
株式会社岡伸,岡山県岡山市北区田町２丁目１３番１号,2022-08-10,株式会社
株式会社弘和建設工業,神奈川県小田原市酒匂５丁目５番１７号,2022-08-10,株式会社
株式会社政真,愛知県豊田市吉原町平池４９番地１ヴォワールノール,2022-08-10,株式会社
株式会社日照園商会,東京都日野市万願寺６丁目４１番地の３第２日照ビル１０３,2022-08-10,株式会社
株式会社日産フーズ,滋賀県近江八幡市日吉野町６３１番地４,2022-08-10,株式会社
株式会社木村建装,愛知県知多市岡田美里町１８９番地,2022-08-10,株式会社
株式会社木津不動産,大阪府大阪市中央区上本町西３丁目２番２０－６０１号,2022-08-10,株式会社
株式会社東洋ドライクリーニング,東京都台東区元浅草４丁目２－１３石塚ビル１階,2022-08-10,株式会社
株式会社東海,静岡県静岡市駿河区東新田３丁目３１番１号,2022-08-10,株式会社
株式会社松井工業,三重県四日市市平尾町３０４３番１,2022-08-10,株式会社
株式会社松嶋商店,福岡県福津市花見が丘３丁目１８番１６号,2022-08-10,株式会社
株式会社楓会,東京都文京区白山５丁目２番１０号,2022-08-10,株式会社
株式会社河崎植木園,鳥取県米子市河崎１７１番地４,2022-08-10,株式会社
株式会社泰凜工業,埼玉県川口市川口１丁目３番１６－２０３号,2022-08-10,株式会社
株式会社渡組,新潟県上越市大字下荒浜８７５番地の１,2022-08-10,株式会社
株式会社然輝,神奈川県藤沢市円行１１１５番地の５,2022-08-10,株式会社
株式会社照手住建,神奈川県相模原市中央区相模原４丁目３番１７号相模原ＴＯＢビル７階,2022-08-10,株式会社
株式会社獅子團,東京都世田谷区三軒茶屋２丁目５２番１７－３０１号,2022-08-10,株式会社
株式会社瓦心,鹿児島県鹿児島市千年１丁目４１番４号,2022-08-10,株式会社
株式会社田中土建,滋賀県大津市大江７丁目１０番２８号,2022-08-10,株式会社
株式会社田中建業,鹿児島県鹿児島市中山町１８０４番地１,2022-08-10,株式会社
株式会社祭,愛知県日進市岩崎町小林９７番地１,2022-08-10,株式会社
株式会社積希,東京都渋谷区元代々木町１０番１１号,2022-08-10,株式会社
株式会社空花,埼玉県川口市大字久左衛門新田４２番地の２,2022-08-10,株式会社
株式会社篠原工業,岡山県岡山市南区古新田９０４番地９,2022-08-10,株式会社
株式会社苗林実業,東京都港区東新橋１丁目５番２号汐留シティセンター５階,2022-08-10,株式会社
株式会社華松,千葉県八千代市ゆりのき台７丁目２３番５号,2022-08-10,株式会社
株式会社輝月庭園,千葉県船橋市行田町４９番地１４ロイヤルシャトー船橋１０３号,2022-08-10,株式会社
株式会社遊園こみち,神奈川県厚木市森の里２丁目１８番８号,2022-08-10,株式会社
株式会社里光,鹿児島県鹿児島市西千石町１１－２１鹿児島ＭＳビル５階,2022-08-10,株式会社
株式会社野上,大分県日田市大字東有田２７７６番地１８,2022-08-10,株式会社
株式会社野島工業,埼玉県さいたま市見沼区大字東宮下３８６番地４,2022-08-10,株式会社
株式会社長野経営総研,東京都千代田区四番町６－１１－１１０２,2022-08-10,株式会社
株式会社阿部建設,宮城県仙台市宮城野区東仙台４丁目２番２号,2022-08-10,株式会社
株式会社高岡産業,広島県福山市引野町２丁目２１番４号,2022-08-10,株式会社
株式会社高瀬建設,大阪府吹田市上山田２番Ａ－３０１号,2022-08-10,株式会社
株式会社魚忠,静岡県浜松市西区舞阪町舞阪１７７２番地,2022-08-10,株式会社
株式会社鹿児島総合メンテナンス,鹿児島県鹿児島市牟礼岡２丁目３０番６号,2022-08-10,株式会社
株式会社鹿又,宮城県仙台市宮城野区福室１丁目１３番２７号,2022-08-10,株式会社
株式会社鹿毛組,兵庫県三田市つつじが丘南３丁目１－７,2022-08-10,株式会社
株式会社００８,山形県東置賜郡高畠町大字一本柳５０番地６,2022-08-10,株式会社
株式会社１００９,東京都渋谷区神宮前４丁目２６－２８－２Ｆ,2022-08-10,株式会社
株式会社３３３,広島県広島市西区大芝２丁目１６番２１－１４０４号,2022-08-10,株式会社
株式会社Ａ‐ＳＴＹＬＥ,大阪府大阪市北区松ケ枝町２番９号ＡＬＺＡ松ヶ枝２０２号室,2022-08-10,株式会社
株式会社ＡＬホールディングス,福岡県福岡市中央区大名２丁目１０番２９号,2022-08-10,株式会社
株式会社ＡＯＷ,東京都練馬区光が丘３丁目９番３号,2022-08-10,株式会社
株式会社ＡＲＳ　ＯＮＥ,東京都八王子市下柚木３丁目４番地３－４０３,2022-08-10,株式会社
株式会社ＡＳＡＮＯ,岐阜県羽島市小熊町天王３丁目５０番地２,2022-08-10,株式会社
株式会社ＡＳＭＩＫ．,東京都中央区銀座８丁目１４番９号,2022-08-10,株式会社
株式会社Ａｐｐｌｅ　ｔｒａｉｎ,東京都町田市金井ヶ丘４丁目３７番２号,2022-08-10,株式会社
株式会社Ｂ,東京都港区南麻布３丁目１１番４４－５０１号,2022-08-10,株式会社
株式会社ＢＡＲＢＡＳ,福岡県春日市春日原北町３丁目２４番地２Ｆ,2022-08-10,株式会社
株式会社ＢＬＩＮＫ,東京都稲城市東長沼２１１６－３メゾン・イシダ２０３,2022-08-10,株式会社
株式会社ＢＳＲ,福岡県福岡市東区千早４丁目２１番５５－１５２６号,2022-08-10,株式会社
株式会社Ｂｏｌｔｅｏ,東京都千代田区神田小川町３丁目２８番地５,2022-08-10,株式会社
株式会社Ｃトラン,千葉県富里市七栄６５４番地７６,2022-08-10,株式会社
株式会社ＣＡＲＰＬＥ,東京都千代田区神田須田町２丁目２３－１天翔ビル１１０４号,2022-08-10,株式会社
株式会社ＣＬＥＶＥＲｓ,神奈川県厚木市寿町１丁目３番１３号－３Ｆ,2022-08-10,株式会社
株式会社ＣＲＹＰＴＯ　ＦＯＲＥＳＴ,東京都渋谷区渋谷２丁目１９－１５宮益坂ビルディング６０９,2022-08-10,株式会社
株式会社Ｃｈｅｅｒなのはな,大阪府泉佐野市高松西２丁目５９０７番地の１１,2022-08-10,株式会社
株式会社Ｃｏｎｃｉｅｒｇｅ,東京都狛江市駒井町１丁目８番２号ｓｔｏｒｙｔｅｌｌｅｒｂｌｄ．,2022-08-10,株式会社
株式会社Ｃｏｚｙ　Ｃｏｎｓｕｌｔｉｎｇ,大阪府大阪市北区長柄東１丁目４番２３－８１２号,2022-08-10,株式会社
株式会社Ｄ．Ｇｒａｂ,大阪府大阪市鶴見区今津南２丁目８番１号,2022-08-10,株式会社
株式会社ＤＡＳＨ,京都府京都市西京区桂南滝川町４７番地サンフローラ桂５Ｄ,2022-08-10,株式会社
株式会社ＤＥＦＴ,福岡県福岡市早良区田隈１丁目１１番６号,2022-08-10,株式会社
株式会社ＤＩＡＬＴＯ,埼玉県さいたま市大宮区桜木町１丁目３７８番地,2022-08-10,株式会社
株式会社ＤＲＩＶＥ　Ｉｎｃｕｂａｔｉｏｎ,北海道札幌市中央区北二条東１丁目４－１９－７０３,2022-08-10,株式会社
株式会社ＤＳＮ,富山県富山市婦中町蔵島２６７番地５,2022-08-10,株式会社
株式会社Ｄｏｕｂｌｅ　Ｓｕｐｐｏｒｔ,大阪府岸和田市作才町１丁目６番６号,2022-08-10,株式会社
株式会社Ｄｕａｌ　Ｗｏｒｋ,東京都墨田区京島１丁目１番２－１８０８号,2022-08-10,株式会社
株式会社Ｅａｒｔｉｓｔ,東京都港区東麻布３丁目４番１７号,2022-08-10,株式会社
株式会社ＦＤＩ,静岡県牧之原市静波３２９９番地６,2022-08-10,株式会社
株式会社ＦＩＫＡ　Ｇｒｏｕｐ,埼玉県さいたま市緑区東浦和２丁目４５番地１７,2022-08-10,株式会社
株式会社ＦＯＬＢ,福岡県福岡市西区富士見３丁目１２番１８号,2022-08-10,株式会社
株式会社Ｆｌｕｋｅ,神奈川県秦野市下大槻１３１６番地の５,2022-08-10,株式会社
株式会社Ｇ‐ＮＥＸＴ,大阪府摂津市別府２丁目８番１８号,2022-08-10,株式会社
株式会社Ｇ‐Ｐｌｕｓ,福岡県久留米市北野町十郎丸１７０３番地５,2022-08-10,株式会社
株式会社ＧＩＦＴ．ＡＣＡＤＥＭＹ,東京都港区南青山５丁目１３番２号ＣＩＳＣビル２Ｆ,2022-08-10,株式会社
株式会社ＧＰ,東京都台東区北上野２丁目２５番９号ＩＳビル７階,2022-08-10,株式会社
株式会社ＧＵＥＳＴ　ＣＵＬＴＵＲＥ,東京都千代田区九段北４丁目３番２４号,2022-08-10,株式会社
株式会社ＨＡＣＨＩ　ＣＡＦＥ,福岡県福岡市博多区井相田１丁目９番１４号,2022-08-10,株式会社
株式会社ＨＡＲＬＳ,神奈川県横浜市中区太田町２丁目３２番地１ビラアペックス横浜関内３－Ｅ,2022-08-10,株式会社
株式会社ＨＣインベストメント,広島県広島市中区千田町３丁目２番１２－４０３号,2022-08-10,株式会社
株式会社ＨＪ,東京都新宿区新宿７丁目２６番７－４０８号,2022-08-10,株式会社
株式会社ＨＪＳ,大阪府松原市天美東４丁目２５０番地の２,2022-08-10,株式会社
株式会社ＨＲ＆Ｍ総研,東京都大田区下丸子４丁目２６番３－２１０３号,2022-08-10,株式会社
株式会社ＨＲＹ,福岡県福岡市東区千早５丁目１３番３８号,2022-08-10,株式会社
株式会社ＨＳ,大阪府大阪市此花区西九条４丁目３－３６ＪＵＭＡ２ビル３０１号,2022-08-10,株式会社
株式会社ＨＴＳ,東京都東久留米市幸町３丁目７番６号ハピネス京路２０２,2022-08-10,株式会社
株式会社ＩＮＣＲＥＡＳＥ,大阪府豊中市玉井町３丁目１－５,2022-08-10,株式会社
株式会社Ｉｎｔｅｇｒｉｔｙ,東京都杉並区浜田山４丁目１６番４－６０９号,2022-08-10,株式会社
株式会社Ｉｏｔａ　Ｓｔｕｄｉｏ,東京都武蔵野市吉祥寺本町３丁目１２番４号,2022-08-10,株式会社
株式会社Ｊ‐ＡＳＳＩＳＴ,大阪府大阪市中央区谷町１丁目４番２号,2022-08-10,株式会社
株式会社ＪＡＰＡＮ　Ｅ．Ｘ．Ｐ．,静岡県浜松市中区幸５丁目１１番２３号マイスペース２Ｅ,2022-08-10,株式会社
株式会社ＪＳＮインベストメント,神奈川県川崎市中原区小杉町２丁目２７６番地１Ｅ２２０７,2022-08-10,株式会社
株式会社Ｋ’ｓ　Ｆｒｏｎｔｉｅｒ,滋賀県東近江市福堂町３４８３番地,2022-08-10,株式会社
株式会社Ｋ．Ｉ　ｉｎｔｅｒｉｏｒ,神奈川県横須賀市馬堀町４丁目６番２７号,2022-08-10,株式会社
株式会社Ｋ２,新潟県新潟市中央区神道寺南１丁目１５番３号,2022-08-10,株式会社
株式会社ＫＡＲＺ,群馬県高崎市飯塚町４３３番地２,2022-08-10,株式会社
株式会社ＫＤワークス,宮城県大崎市三本木新町１丁目３番１１号,2022-08-10,株式会社
株式会社ＫＥＮ,福岡県北九州市小倉北区魚町２丁目６番１号,2022-08-10,株式会社
株式会社ＫＩＫＩテクノ,大阪府大阪市淀川区十八条２丁目１６番４６－１０１１号,2022-08-10,株式会社
株式会社ＫＳ,大阪府交野市私部７丁目１６番１３号,2022-08-10,株式会社
株式会社ＫＵＢＯＴＡ,岐阜県養老郡養老町高田６６８番地３,2022-08-10,株式会社
株式会社Ｋａｎａｕｐ,神奈川県相模原市中央区田名８４３４番地２,2022-08-10,株式会社
株式会社Ｋｌｏｃｋ,東京都江戸川区松江３丁目５番１２号,2022-08-10,株式会社
株式会社ＬＢＦ,東京都港区三田４丁目１番１７号,2022-08-10,株式会社
株式会社ＬＥＭ,東京都渋谷区道玄坂１丁目１９－６道玄坂ＯＫビル４Ｆ,2022-08-10,株式会社
株式会社ＬＧＤ,東京都渋谷区恵比寿２丁目６番２８－６０４号,2022-08-10,株式会社
株式会社ＬＰＳ,大阪府大阪市中央区安土町２丁目２番１０号本二ビル１階,2022-08-10,株式会社
株式会社Ｌａｈａｉｎａ,京都府相楽郡精華町光台１丁目７,2022-08-10,株式会社
株式会社Ｌａｈａｒａｓ,東京都港区虎ノ門１丁目２番１１号,2022-08-10,株式会社
株式会社Ｌａｋｅ　Ｒｉｖｅｒ,福岡県北九州市八幡西区岡田町１１番４９－７０８号,2022-08-10,株式会社
株式会社Ｌａｍｐ,鹿児島県西之表市西之表８０７７番地,2022-08-10,株式会社
株式会社ＬｉＰＬＵＳ,東京都港区東新橋１丁目９番２号汐留住友ビル１６階,2022-08-10,株式会社
株式会社Ｌｉｂｒｅ,大阪府豊中市庄内東町５丁目１０番３７－３０１号,2022-08-10,株式会社
株式会社Ｌｕｃｉｌａ　Ｌｕｃｉｌａ,東京都台東区入谷２丁目６番１１－７０１号,2022-08-10,株式会社
株式会社Ｌｕｍｉｔ,神奈川県横浜市中区本町５丁目４９甲陽ビル８階,2022-08-10,株式会社
株式会社Ｍ‐ＳＴＹＬＥ,東京都中央区勝どき１丁目８番１－３４１５号,2022-08-10,株式会社
株式会社Ｍ’ｓ,福岡県遠賀郡岡垣町海老津２丁目５番２号,2022-08-10,株式会社
株式会社ＭＡＲＥＵＳＨＩ,山梨県富士吉田市大明見５丁目５番５号,2022-08-10,株式会社
株式会社ＭＴ　ｆａｃｔｏｒｙ,滋賀県蒲生郡日野町大字西大路２２５７番地,2022-08-10,株式会社
株式会社ＭＵＮＩ,栃木県宇都宮市宮原１丁目８番１５号,2022-08-10,株式会社
株式会社ＭＵＳＵＢＵ,大阪府大阪市淀川区西宮原１丁目５番３３号新大阪飯田ビル１階夢あらた,2022-08-10,株式会社
株式会社ＭＹＳ,宮城県栗原市若柳字川北田中９５番地２,2022-08-10,株式会社
株式会社ＭｉＲＡＣＬＥＳ,埼玉県秩父郡東秩父村大字坂本５５,2022-08-10,株式会社
株式会社ＭｏｒｏｃｃｏＯｃｅａｎ,東京都世田谷区用賀１丁目２７番１８号スカイコート世田谷用賀９０４,2022-08-10,株式会社
株式会社Ｎ２フロンティア,福岡県福岡市東区東浜１丁目１３番７号１００５号,2022-08-10,株式会社
株式会社ＮＨプロパティ,大阪府大阪市中央区北浜２丁目６番１１号,2022-08-10,株式会社
株式会社ＮｏＲｅｐｌｉｃａ,栃木県宇都宮市東宿郷２丁目１３番２号,2022-08-10,株式会社
株式会社Ｏ．ｓｔｏｎｅ,大阪府茨木市新堂１丁目８番１９号,2022-08-10,株式会社
株式会社ＯＩＴＯ工業,埼玉県熊谷市曙町２丁目１４番地サンクレイドル熊谷曙町３０７,2022-08-10,株式会社
株式会社ＯＴＭエステート,神奈川県茅ヶ崎市菱沼１丁目１１番６７－５０１号グラビス,2022-08-10,株式会社
株式会社Ｏｆｆｉｃｅ　ＨＡＮＡ,東京都練馬区石神井町８丁目４９番１２号,2022-08-10,株式会社
株式会社Ｏｓａｐ,東京都目黒区青葉台３丁目３番１１号２階３階,2022-08-10,株式会社
株式会社Ｏｖａｌ　Ｃｏｎｎｅｃｔ,東京都港区虎ノ門３丁目１４－１－１８０５,2022-08-10,株式会社
株式会社Ｏｙｓｔｅｒ,東京都中央区日本橋小舟町８番１３号,2022-08-10,株式会社
株式会社ＰＬＵＭ　ＰＬＡＮ,熊本県熊本市東区長嶺東４丁目９番１０号,2022-08-10,株式会社
株式会社Ｒ‐９９,神奈川県大和市下鶴間１７８３番地３,2022-08-10,株式会社
株式会社Ｒ・Ｋプランニング,東京都町田市玉川学園２丁目１番１－１０２号,2022-08-10,株式会社
株式会社ＲＥＮＯＳＹ　Ｍ＆Ａ,東京都港区六本木３丁目２番１号,2022-08-10,株式会社
株式会社ＲＩＳＥＧＡＴＥ,大阪府大阪市中央区南久宝寺町３丁目３番３号１階,2022-08-10,株式会社
株式会社ＲＯＯＴ　ＰＬＵＳ,兵庫県神戸市中央区山本通２丁目６番２－７０１号,2022-08-10,株式会社
株式会社Ｒｅ,東京都新宿区新宿２丁目９番２２号,2022-08-10,株式会社
株式会社Ｒｅ‐Ｂｕｉｌｄ,東京都品川区東五反田１丁目１８番５－２０３号,2022-08-10,株式会社
株式会社Ｒｅ．Ｔｏｋｙｏ,東京都渋谷区東３丁目１４番２２号,2022-08-10,株式会社
株式会社Ｒｉｓｅ　Ｇｒｏｕｐ,神奈川県厚木市寿町３丁目１番１号－１０５,2022-08-10,株式会社
株式会社ＳＫＧ,茨城県下妻市本城町３丁目４４番地,2022-08-10,株式会社
株式会社ＳＱ,千葉県千葉市稲毛区小仲台２丁目１１－６メゾン小仲台１Ｆ,2022-08-10,株式会社
株式会社Ｓａｌｔｏ,兵庫県神戸市灘区記田町４丁目１番２６号,2022-08-10,株式会社
株式会社Ｓａｖｅ　ｔｈｅ　ＳＥＥＤ,愛知県名古屋市中区錦１丁目８番４９号カスタリア伏見１２０２号,2022-08-10,株式会社
株式会社Ｓｋｙ　Ｐｒｏｂｅ　Ｕｎｉｔ,北海道旭川市末広五条３丁目３番１１号,2022-08-10,株式会社
株式会社Ｓｍａｒｔ‐Ｊｏｂ,滋賀県草津市野村１丁目２５－２８,2022-08-10,株式会社
株式会社Ｓｏｕｒｉ,東京都葛飾区柴又５丁目３２番５号,2022-08-10,株式会社
株式会社Ｓｐｒｏｕｔ,群馬県高崎市栄町３番１１号高崎バナーズビル４Ｆ,2022-08-10,株式会社
株式会社Ｓｕｎｓｈｉｎｅ　Ｌｉｆｅ,東京都練馬区石神井町２丁目１０番１７号,2022-08-10,株式会社
株式会社Ｔ‐ＳＴＹＬＥ,岐阜県岐阜市中西郷１丁目１３９番地２,2022-08-10,株式会社
株式会社Ｔホールディングス,福岡県福岡市東区青葉６丁目２９番１２号,2022-08-10,株式会社
株式会社ＴＡカンパニー,宮城県仙台市青葉区中江１丁目１番２１号,2022-08-10,株式会社
株式会社ＴＡＹＯＲＩ,岡山県倉敷市北畝４丁目４番４３号,2022-08-10,株式会社
株式会社ＴＥＧＯ,鳥取県東伯郡北栄町江北７５番地,2022-08-10,株式会社
株式会社ＴＫ　ＴＲＡＤＩＮＧ,北海道札幌市南区澄川六条１１丁目１７番１号,2022-08-10,株式会社
株式会社ＴＯＲＵ　ＨＡＵＳ,福岡県福岡市早良区藤崎１丁目１６番２号,2022-08-10,株式会社
株式会社ＴＳ,富山県氷見市大浦１０番地３,2022-08-10,株式会社
株式会社Ｔｏｋｙｏ　Ｌａｎｄｓ,東京都新宿区上落合３丁目１９番地２１号１０７,2022-08-10,株式会社
株式会社Ｔｗｉｎｋｌｅ,東京都足立区千住大川町３６番１９号Ｌａ，Ｐｒｏｖｅｎｃｅ，ｄｕ北千住２０４,2022-08-10,株式会社
株式会社Ｕ‐ｎｅｔ　Ｉｎｔｅｒｎａｔｉｏｎａｌ,東京都中央区銀座１丁目１９番１４号,2022-08-10,株式会社
株式会社ＵＫハウス,大阪府高槻市宮田町２丁目１９番４号,2022-08-10,株式会社
株式会社ＵＮＩＴＹ,東京都葛飾区東四つ木３丁目６番２３号,2022-08-10,株式会社
株式会社Ｕｌｕ　Ｅｉｇｈｔ,東京都東村山市恩多町１丁目２６番地１６,2022-08-10,株式会社
株式会社Ｗｉｔｈ　Ｓｍｉｌｅｓ,鹿児島県鹿児島市広木３丁目１４番１１号,2022-08-10,株式会社
株式会社ＹＪＲ,東京都渋谷区神宮前６丁目２３番４号,2022-08-10,株式会社
株式会社ＹＭＯコーポレーション,神奈川県茅ヶ崎市菱沼１丁目９番１３号,2022-08-10,株式会社
株式会社ＺＯＵ,北海道札幌市中央区南三条西８丁目１番地１,2022-08-10,株式会社
株式会社ａｄｄ９,京都府京都市下京区高辻堀川町３６６－２－８０５,2022-08-10,株式会社
株式会社ａｌｌｅｇｒｏ,宮城県仙台市青葉区上杉１丁目７番２８‐４０３号,2022-08-10,株式会社
株式会社ｅｃｏキューブクリーンサービス,和歌山県新宮市南檜杖６０１番地５,2022-08-10,株式会社
株式会社ｅｄｇｅ,千葉県船橋市湊町２丁目１番１８号新堀ギタービル２Ｆ,2022-08-10,株式会社
株式会社ｉｋｅｔａｒａｉｋｕｗａ,大阪府大阪狭山市池尻中３丁目１９－４５,2022-08-10,株式会社
株式会社ｍｉｉｍｏ,東京都渋谷区幡ヶ谷２丁目５－３,2022-08-10,株式会社
株式会社ｏｆｆｉｃｅ　Ｂ,千葉県船橋市二和西６丁目１８番７０－３０４号,2022-08-10,株式会社
株式会社ｖｉｎｋａ,東京都中央区銀座１丁目２２番１１号銀座大竹ビジデンス２階,2022-08-10,株式会社
株式会社ｙａｗｌｔｒａｄｅｒ,東京都江戸川区東葛西５丁目１番１４号,2022-08-10,株式会社
株式会社ｚｕｔｔｉｅ,香川県高松市福岡町２丁目１２番１号福栄ビル,2022-08-10,株式会社
梅田設備合同会社,神奈川県海老名市東柏ケ谷５丁目１８番１１－４０１号,2022-08-10,合同会社
森吉株式会社,埼玉県川口市芝宮根町１７番３７号ペアパレス五十鈴１０３号,2022-08-10,株式会社
森林資源開発株式会社,新潟県十日町市干溝ニ４１９番地１,2022-08-10,株式会社
橘経営合同会社,兵庫県西宮市大社町１１－３７,2022-08-10,合同会社
正心株式会社,東京都世田谷区太子堂２丁目１４－２１ユースフル三軒茶屋４０４号室,2022-08-10,株式会社
流れ星不動産株式会社,富山県富山市五福１７２１番地１０,2022-08-10,株式会社
海倫司東京株式会社,東京都葛飾区小菅１丁目３７番１－１０７号ソライエ葛飾小菅,2022-08-10,株式会社
淡路島球団株式会社,兵庫県淡路市岩屋１８４６番地１,2022-08-10,株式会社
清松株式会社,千葉県千葉市花見川区花園町１５７３番地１０,2022-08-10,株式会社
漢松堂株式会社,埼玉県東松山市大字市ノ川１９９－１６４,2022-08-10,株式会社
澤皓株式会社,大阪府大阪市生野区巽北１丁目１番１号３Ｆ－Ｃ,2022-08-10,株式会社
特定非営利活動法人ひととき,岐阜県土岐市土岐ヶ丘４丁目２番地の４１,2022-08-10,その他の設立登記法人
特定非営利活動法人紫桜,石川県金沢市西念１丁目１５番７号恵西苑１号室,2022-08-10,その他の設立登記法人
生田流箏道音楽院,東京都大田区北千束３丁目１８－１１,2022-08-10,その他
石嵜園藝株式会社,大阪府茨木市南春日丘５丁目１番５５号ヴェルビュ茨木南春日丘３０６号,2022-08-10,株式会社
福興順株式会社,福井県敦賀市木崎１３号２８番地,2022-08-10,株式会社
積智研究院合同会社,東京都港区東新橋１丁目９番２号汐留住友ビル２１階,2022-08-10,合同会社
紀州木材工業株式会社,和歌山県有田郡湯浅町大字湯浅２７３５番地の１,2022-08-10,株式会社
綜合技術工房雷電株式会社,東京都葛飾区東金町３丁目２４番１号川畑ビル,2022-08-10,株式会社
縁屋株式会社,鳥取県鳥取市湖山町東５丁目５７０番地２,2022-08-10,株式会社
華州合同会社,福岡県福岡市東区馬出３丁目１４番６号,2022-08-10,合同会社
蓮ホールディングス株式会社,福岡県福岡市博多区祇園町６番２６号,2022-08-10,株式会社
行政書士法人いけね事務所,沖縄県うるま市字宮里８６８番地８,2022-08-10,その他の設立登記法人
行政書士法人イースマイル,愛知県春日井市鳥居松町４丁目１６７番地,2022-08-10,その他の設立登記法人
諾亜生命ｎｏａｈ　ｌｉｆｅ株式会社,大阪府大阪市天王寺区空清町４－１１杉野ビル本館３０２号室,2022-08-10,株式会社
逸家合同会社,千葉県松戸市二十世紀が丘柿の木町１０５番地の３,2022-08-10,合同会社
金ソウセイキ株式会社,群馬県伊勢崎市境女塚３１４番地６,2022-08-10,株式会社
雲頂株式会社,大阪府大阪市城東区今福南４丁目６番５９号Ｊａｃ．’ｓＨｏｕｓｅ２Ｆ－Ｂ号室,2022-08-10,株式会社
零技術研究所合同会社,愛知県名古屋市緑区上旭２丁目１３０１番地の８,2022-08-10,合同会社
養正株式会社,大阪府大阪市西成区玉出西２丁目１０番４８号,2022-08-10,株式会社
高橋金属株式会社,山梨県韮崎市神山町鍋山３９０番地,2022-08-10,株式会社
齋栄弱電設備株式会社,千葉県船橋市山手３丁目５番４０号,2022-08-10,株式会社
１２３４商事合同会社,東京都豊島区池袋２丁目１７－８－３１４号,2022-08-10,合同会社
ＡＫＡＳＨＩホールディングス株式会社,静岡県浜松市中区田町２２８番地の５,2022-08-10,株式会社
ＡＭＣ合同会社,鳥取県東伯郡琴浦町大字浦安２２８番地１,2022-08-10,合同会社
ＡＰ　ＭＡＲＴ合同会社,兵庫県神戸市兵庫区羽坂通３丁目７番１４号,2022-08-10,合同会社
ＡＲＡコンサルタントサービス株式会社,群馬県前橋市青柳町８６４番地１６,2022-08-10,株式会社
ＡＲＬＹ合同会社,東京都世田谷区北烏山７丁目２５番２－１０５号,2022-08-10,合同会社
ＡＸＬ株式会社,神奈川県横須賀市本町１丁目２－５ジュネスサンライトマンション３０２号,2022-08-10,株式会社
Ｂｅｅ株式会社,長崎県長崎市目覚町２５番２号カーサアーデント１０２号室,2022-08-10,株式会社
Ｂｉｚサポート協同組合,岡山県岡山市北区川入４８番,2022-08-10,その他の設立登記法人
Ｂｒｉｓａ合同会社,福岡県福岡市中央区港３丁目２－１,2022-08-10,合同会社
ＣＬＦ２合同会社,東京都中央区日本橋１丁目４番１号,2022-08-10,合同会社
ＣＹＯＳ合同会社,東京都港区南青山３丁目１番３６号青山丸竹ビル６Ｆ,2022-08-10,合同会社
ＤＡＲＥＤＩ株式会社,東京都港区南麻布４丁目４番２１号,2022-08-10,株式会社
ＤＵＡＬ合同会社,東京都八王子市元横山町２丁目５－６－２０５,2022-08-10,合同会社
Ｄｅａｒ　Ｍｕｓｅ　Ｇｒｏｕｐ株式会社,東京都港区西新橋３丁目２４番８号山内ビル３階,2022-08-10,株式会社
ＥＡＲＴＨＥＲ　ＨＯＭＥ　ＪＡＰＡＮ合同会社,福岡県福岡市中央区荒戸１丁目６番１号１Ｆ,2022-08-10,合同会社
ＥＢＩＳＵ　ＤＥＲＩＶＡＴＩＶＥＳ　ＰＴＥ．ＬＴＤ．,長野県北安曇郡白馬村大字北城４７８５－１ＲＯＫＡ５０１,2022-08-10,外国会社等
ＥＥＵ株式会社,東京都中央区築地４丁目１２番２号シグネットビル８Ｆ,2022-08-10,株式会社
ＥＶＥＲＦＲＥＳＨ合同会社,千葉県千葉市美浜区高洲３丁目１５－４－１２１０,2022-08-10,合同会社
ＧＣＪＩ７株式会社,東京都港区元赤坂１丁目１番８号株式会社赤坂国際会計内,2022-08-10,株式会社
Ｇｉｓｋａｒｄ株式会社,大阪府大阪市生野区巽北１丁目１番１号３Ｆ－Ｈ,2022-08-10,株式会社
Ｇｌｏｂａｌ　Ｓｔａｒ協同組合,静岡県藤枝市前島３丁目１２番３８号富士ビル２Ｆ,2022-08-10,その他の設立登記法人
Ｇｒｅｅｎｓｔａｆｆ　Ｍｅｄｉｃａｌ株式会社,東京都新宿区西新宿１丁目４番１１号全研プラザビル,2022-08-10,株式会社
Ｈ＆Ｒ建設株式会社,北海道千歳市大和４丁目８番１２号,2022-08-10,株式会社
ＨＡＮＡ協同組合,大阪府大阪市北区梅田１丁目１番３号大阪駅前第３ビル２０Ｆ,2022-08-10,その他の設立登記法人
ＨＡＲＵ株式会社,埼玉県越谷市千間台西３丁目１５番地７サンハイツ１０２,2022-08-10,株式会社
ＨＩＰＰＹ　ＷＯＲＫＳ合同会社,広島県広島市安佐南区上安２丁目５２番２９－２０１号Ｂ棟,2022-08-10,合同会社
ＨａＭａＲｕ株式会社,神奈川県横浜市中区桜木町１丁目１０１番地１クロスゲート７階,2022-08-10,株式会社
Ｈｉｇｈ　Ｌｉｆｅ株式会社,山形県山形市嶋北１丁目１２番６号,2022-08-10,株式会社
Ｈｕｎｎｙ　Ｐｏｔ株式会社,東京都世田谷区赤堤１丁目３９番５号,2022-08-10,株式会社
ＩＭＡＩＢＯＤＹ株式会社,愛知県岡崎市東牧内町字日久１０１番地１,2022-08-10,株式会社
Ｋ２税理士法人,東京都品川区西五反田１丁目１７番１号第二東栄ビル６０２,2022-08-10,その他の設立登記法人
ＫＥＳＷＩＣＫ　ＩＮＶＥＳＴＭＥＮＴＳ　ＰＴＹ　ＬＴＤ,長野県北安曇郡白馬村大字北城４７８５－１ＲＯＫＡ５０１,2022-08-10,外国会社等
ＫＲＣ株式会社,京都府京都市右京区太秦西野町１０番地１９,2022-08-10,株式会社
ＬＩＮＥサービス株式会社,鹿児島県鹿児島市中山町５２３１番地２,2022-08-10,株式会社
ＬＵＡＮＡ合同会社,宮崎県宮崎市青島西２丁目９番地１１オーシャンクレスト２０２号,2022-08-10,合同会社
Ｍ　Ｍ　ＣＨＥＥＭＡ合同会社,埼玉県入間市久保稲荷４丁目２番地９ターナ商事ビル３０３,2022-08-10,合同会社
Ｍ　ｆｌｏｗｅｒ株式会社,東京都中央区新川２丁目２３番１１号,2022-08-10,株式会社
Ｍａｇｅｌｌａｎ株式会社,大阪府大阪市生野区新今里３丁目４番１７号シャトー第４今里２１０Ｂ,2022-08-10,株式会社
Ｍｉｈａｒａｓｈｉ　Ｐｔｙ　Ｌｉｍｉｔｅｄ,,2022-08-10,外国会社等
ＮＡＭＹ　ＰＴＥ．　ＬＴＤ．,長野県北安曇郡白馬村大字北城４７８５－１ＲＯＫＡ５０１,2022-08-10,外国会社等
ＮＡＲＡ国際株式会社,大阪府堺市堺区新在家町西１丁２番２５号,2022-08-10,株式会社
ＮＥＯワークシステム株式会社,宮城県仙台市太白区柳生２丁目２７番地の１ダイアパレス南仙台１０３,2022-08-10,株式会社
ＮＩＢ株式会社,和歌山県岩出市山１６番地の１,2022-08-10,株式会社
ＮＫＴｅｃｈ株式会社,長崎県諫早市福田町１６１１番地１１２,2022-08-10,株式会社
ＮＰＯ法人未来へのみち,岐阜県岐阜市六条北４丁目１０番１９号,2022-08-10,その他の設立登記法人
ＯＣＥＡＮ　ＨＥＡＲＴ株式会社,大阪府大阪市生野区鶴橋４丁目１１番４号,2022-08-10,株式会社
Ｏｍｎｉｔｕｄｅ　Ｉｎｖｅｓｔｍｅｎｔｓ　Ｌｔｄ．,北海道虻田郡ニセコ町字ニセコ４３２－４９,2022-08-10,外国会社等
ＲＡＹＳ株式会社,宮城県仙台市青葉区宮町３丁目６番１５－１号,2022-08-10,株式会社
ＲＥＸＣＯ合同会社,鹿児島県大島郡与論町大字麦屋１０３９番地３,2022-08-10,合同会社
ＲＩＯＭＯＴＯＲ合同会社,千葉県野田市岩名１丁目６番地の２２,2022-08-10,合同会社
ＲｅＡｒｃｈｉ合同会社,埼玉県朝霞市朝志ケ丘１丁目５番４０－Ｅ－１０６号,2022-08-10,合同会社
Ｒｅｆｉｎｅ株式会社,北海道河西郡芽室町東めむろ二条北２丁目５番地８,2022-08-10,株式会社
ＳＡＨＩＷＡＬ　ＴＲＡＤＩＮＧ株式会社,埼玉県羽生市西５丁目２７番地１４,2022-08-10,株式会社
ＳＫＹ合同会社,東京都港区赤坂４丁目１４番１４－２２０８号,2022-08-10,合同会社
ＳＰＡＲＫ株式会社,兵庫県神戸市中央区浜辺通３丁目１番３１号,2022-08-10,株式会社
ＳＳＳ株式会社,宮城県柴田郡川崎町大字今宿字小銀沢山１番地１１５,2022-08-10,株式会社
ＳＷＩＦＴ株式会社,東京都葛飾区高砂２丁目１番１４号,2022-08-10,株式会社
Ｓｏｌｕｔｉｏｎｓ株式会社,愛知県名古屋市中村区名駅１丁目１番地３号ＪＲゲートタワー２７階,2022-08-10,株式会社
ＳｙｎｔｈｅｔｉｃＭＲ　Ｊａｐａｎ株式会社,東京都港区六本木１丁目１０番３－９０１号,2022-08-10,株式会社
Ｔｅｌｓｏｎ合同会社,東京都渋谷区神宮前６丁目２３－４桑野ビル２Ｆ,2022-08-10,合同会社
Ｔｈａｎｋオート株式会社,宮崎県宮崎市田野町甲５６０４番地２,2022-08-10,株式会社
ＵＰ　ＴＯ　ＭＥ株式会社,兵庫県神戸市東灘区森北町７丁目１１－１６,2022-08-10,株式会社
ＵＲＳパートナーズ合同会社,埼玉県さいたま市南区大字太田窪３２２６番地５,2022-08-10,合同会社
ＶＣホールディングス株式会社,東京都千代田区麹町３丁目５番地２,2022-08-10,株式会社
ＷＯＲＬＤ　ＷＥＡＬＴＨ　ＬＩＭＩＴＥＤ,北海道虻田郡ニセコ町字ニセコ４３２番地６７,2022-08-10,外国会社等
ＸＳＹＳ　Ｊａｐａｎ株式会社,東京都千代田区三番町６番地３三番町ＫＢ－６ビル,2022-08-10,株式会社
ＹＲＧＬ合同会社,北海道札幌市豊平区平岸五条８丁目１番１号イーストセンタービル９０２号室,2022-08-10,合同会社
ＺＩＲＡＥＬ合同会社,京都府京都市東山区祇園町北側３１３番地７,2022-08-10,合同会社
ｃｈａｉｎｏｎ株式会社,新潟県新潟市中央区近江２丁目１０－１２第二近江ビル５０１,2022-08-10,株式会社
ｅ‐Ｔｅｃ　Ｗｏｒｋｓ合同会社,東京都板橋区蓮根１丁目２９番７号,2022-08-10,合同会社
ｅｋｕｓ株式会社,千葉県松戸市松戸１３０７－１松戸ビル１３階,2022-08-10,株式会社
ｈｅｒｍｉｎｅ株式会社,東京都港区海岸３丁目１９番２－７１６号マリンシティダイヤモンドパレス,2022-08-10,株式会社
ｉＳＴＵＤｉＯ株式会社,東京都中央区銀座１丁目１２番４号Ｎ＆ＥＢＬＤ．７階,2022-08-10,株式会社
ｍｏｍｅｎｔ合同会社,東京都江戸川区船堀３丁目１６番５－１１５号,2022-08-10,合同会社
ｎｏｔ合同会社,東京都稲城市矢野口１２３１－３４,2022-08-10,合同会社
ｒｏａｒ合同会社,東京都港区西麻布１丁目１４番５号永都ビル西麻布１０２,2022-08-10,合同会社
うなじうなぎ合同会社,東京都港区南青山２丁目２番１５号,2022-08-12,合同会社
おいも祭合同会社,神奈川県横浜市鶴見区平安町２丁目２８番地１ヨコハマアイランドガーデン８５２,2022-08-12,合同会社
お坊さんの窓口株式会社,奈良県大和郡山市筒井町１３００番地,2022-08-12,株式会社
しらとり建設運輸株式会社,北海道札幌市白石区栄通１９丁目１１番２１号,2022-08-12,株式会社
すまいるＨＯＭＥ株式会社,茨城県つくば市梅園２丁目２６番地１３ＡＪテナント１０２,2022-08-12,株式会社
ひびき建設株式会社,和歌山県新宮市佐野１丁目２番７０号,2022-08-12,株式会社
まるさん商会株式会社,茨城県神栖市大野原中央４丁目９番７５号,2022-08-12,株式会社
アイアンテクノロジー株式会社,兵庫県丹波篠山市小原５９６,2022-08-12,株式会社
アオイクリエイト株式会社,愛知県豊田市丸根町４丁目５２番地６,2022-08-12,株式会社
アドライフ株式会社,東京都足立区千住桜木１丁目１０番３号,2022-08-12,株式会社
ウィステリアフーズ株式会社,静岡県熱海市銀座町７番１２号,2022-08-12,株式会社
ウッドプランニング株式会社,愛知県北設楽郡東栄町大字東薗目字弓バ２２番地,2022-08-12,株式会社
エイト企画株式会社,東京都千代田区五番町１２番地７,2022-08-12,株式会社
エクスワット・デジタル合同会社,東京都中央区日本橋１丁目１８番１４号,2022-08-12,合同会社
オウタム合同会社,神奈川県川崎市多摩区菅仙谷３丁目１番２５－３０２号,2022-08-12,合同会社
オンリーネスト株式会社,神奈川県横浜市西区みなとみらい６丁目３番４－４０８号,2022-08-12,株式会社
オーケー不動産合同会社,東京都練馬区高松４丁目１５番２１号,2022-08-12,合同会社
カサナレ株式会社,千葉県木更津市貝渕２丁目６番５１号,2022-08-12,株式会社
カシマホールディングス株式会社,茨城県神栖市南浜３番地５,2022-08-12,株式会社
キャッスル株式会社,東京都荒川区荒川１丁目５１－６,2022-08-12,株式会社
クイーン,福島県いわき市平字白銀町３－１,2022-08-12,その他
クライマ株式会社,北海道札幌市手稲区新発寒六条４丁目７番２１号,2022-08-12,株式会社
グランディアキャリアパートナーズ株式会社,東京都千代田区飯田橋２丁目１６番４号九段下コート３０１号,2022-08-12,株式会社
コスモス合同会社,東京都豊島区東池袋４丁目３４番３号,2022-08-12,合同会社
コネクティングジャパン株式会社,東京都新宿区新宿６丁目２９番１１号新宿イーストクロスタワー１０Ｆ,2022-08-12,株式会社
サステナビリティソリューション株式会社,東京都港区海岸１丁目２番３号汐留芝離宮ビルディング２１階,2022-08-12,株式会社
シェアステート株式会社,東京都台東区東上野５丁目２４－１２イーストＵビル７Ｆ,2022-08-12,株式会社
ジンナリー株式会社,大阪府吹田市佐竹台１丁目５番１０－４０７号,2022-08-12,株式会社
スリーエスエンタテインメント株式会社,埼玉県川越市大字寺尾７６３番地５,2022-08-12,株式会社
スリーピークスジャパン合同会社,東京都青梅市野上町２丁目２７９番地の４,2022-08-12,合同会社
セミサーブ株式会社,東京都町田市高ヶ坂２丁目２７番１９号,2022-08-12,株式会社
テクワ株式会社,埼玉県さいたま市大宮区桜木町２丁目３番地,2022-08-12,株式会社
テラスドーム合同会社,東京都中央区日本橋２丁目１番１７号丹生ビル２階,2022-08-12,合同会社
デジタルマート株式会社,千葉県佐倉市井野１５８６番地２５Ａ棟１０９号,2022-08-12,株式会社
ドーキョウ商事株式会社,東京都渋谷区渋谷３丁目１番９号ＹＡＺＡＷＡビル３階,2022-08-12,株式会社
ネオアニバース株式会社,神奈川県川崎市中原区小杉御殿町１丁目８９７番地１２,2022-08-12,株式会社
パインヒルズパートナーズ株式会社,大阪府大阪市中央区難波４丁目１番１５号近鉄難波ビル,2022-08-12,株式会社
ヒューマニクス株式会社,東京都中央区日本橋久松町１１番８号,2022-08-12,株式会社
フォルトゥーナトレーディング株式会社,東京都目黒区洗足２丁目２７番１０－１０２号,2022-08-12,株式会社
プラウド税理士法人,東京都千代田区神田猿楽町２丁目８－１１,2022-08-12,その他の設立登記法人
プラドレッド株式会社,兵庫県伊丹市鋳物師５丁目８５番地,2022-08-12,株式会社
プロスハイ株式会社,神奈川県横浜市港北区樽町４丁目８番７号３０１,2022-08-12,株式会社
ヘリテイジＥＳ合同会社,埼玉県さいたま市浦和区岸町６丁目５番１－５０１号,2022-08-12,合同会社
マスタープラン株式会社,千葉県鎌ケ谷市鎌ケ谷１丁目６－５０,2022-08-12,株式会社
マックトレスメイト株式会社,栃木県小山市粟宮１丁目１３番４号,2022-08-12,株式会社
マーケティングＢＰＯ株式会社,埼玉県狭山市富士見１丁目１４番６号速玉テラス４０１,2022-08-12,株式会社
ミカタ株式会社,東京都渋谷区恵比寿１丁目１５番９号日宝恵比寿ビル４０３,2022-08-12,株式会社
メモリアル合同会社,埼玉県川越市大字的場１９４２番地１,2022-08-12,合同会社
モバイルアプリシステムズ株式会社,東京都港区南青山２丁目２番１５号,2022-08-12,株式会社
ヤマブキ管財合同会社,秋田県能代市字後谷地１９番地２６,2022-08-12,合同会社
ユーズトレーディング株式会社,広島県広島市佐伯区八幡３丁目２３番２６号,2022-08-12,株式会社
ユーフォリアハウス株式会社,東京都墨田区横川３丁目７番１０号,2022-08-12,株式会社
ライフゲート株式会社,東京都練馬区大泉学園町４丁目１８番１号,2022-08-12,株式会社
リアン合同会社,東京都練馬区桜台３丁目３０番２号ＲａｆｆｉｎａｔｏＨｉｋａｗａｄａｉ３０１,2022-08-12,合同会社
リステート合同会社,愛知県名古屋市北区安井１丁目１６番６号,2022-08-12,合同会社
リビング不動産販売株式会社,東京都中野区江古田４丁目３７番１２号,2022-08-12,株式会社
リンク＆パートナーズ社会保険労務士法人,東京都千代田区神田司町２丁目１０番地神田司町国土ビル６階,2022-08-12,その他の設立登記法人
レギスタン株式会社,茨城県猿島郡境町大字百戸４８５,2022-08-12,株式会社
ロイヤルヴァンベール宮城蔵王管理組合法人,宮城県刈田郡蔵王町遠刈田温泉字鬼石原１番地３７１,2022-08-12,その他の設立登記法人
ワン合同会社,東京都新宿区四谷１丁目１８番ｂｅｌｌｅ四谷５階,2022-08-12,合同会社
一般社団法人こ・こいるＴＯＹＡＭＡ,富山県富山市奥田双葉町１５番３２－２１０号奥田双葉町ハイツⅠ,2022-08-12,その他の設立登記法人
一般社団法人まちまっち,宮城県富谷市杜乃橋２丁目２５番地４,2022-08-12,その他の設立登記法人
一般社団法人みんなの研究所,東京都千代田区神田神保町３丁目１番地６日建ビル１０階,2022-08-12,その他の設立登記法人
一般社団法人コンクリート資源循環促進協会,兵庫県神戸市兵庫区築地町６番６号,2022-08-12,その他の設立登記法人
一般社団法人セントポールズセーリングクラブ,神奈川県三浦郡葉山町堀内９００番地の１０,2022-08-12,その他の設立登記法人
一般社団法人三重広域ＤＸプラットフォーム,三重県多気郡多気町ヴィソン６７２番地１,2022-08-12,その他の設立登記法人
一般社団法人中部二胡之会,愛知県豊橋市向山東町４番地２ギャラリーＳ２階,2022-08-12,その他の設立登記法人
一般社団法人医療コンテナ推進協議会,東京都千代田区平河町１丁目６番１５号ＵＳビル７０１号室,2022-08-12,その他の設立登記法人
一般社団法人千一,神奈川県横浜市磯子区杉田８丁目１番６８号,2022-08-12,その他の設立登記法人
一般社団法人原町ソーラーパーク,東京都千代田区霞が関３丁目２番５号,2022-08-12,その他の設立登記法人
一般社団法人大阪府相続支援協会,大阪府堺市堺区北瓦町２丁２番１１号,2022-08-12,その他の設立登記法人
一般社団法人神戸播州物産振興会,兵庫県神戸市長田区細田町７丁目１番９号,2022-08-12,その他の設立登記法人
一般社団法人第一互助協会,熊本県合志市御代志１６６１番地１ルーロ合志１０２号,2022-08-12,その他の設立登記法人
一般社団法人野球専門大学,鹿児島県薩摩川内市樋脇町市比野２４３４番地８,2022-08-12,その他の設立登記法人
一般社団法人長島大陸まちデザイン,鹿児島県出水郡長島町鷹巣３７８６番地１４,2022-08-12,その他の設立登記法人
一般社団法人ＪＴＴ,兵庫県神戸市東灘区深江北町１丁目１５番１３－８０３号,2022-08-12,その他の設立登記法人
一般社団法人Ｏｔｏ倶楽部,兵庫県姫路市上大野６丁目５番１２号,2022-08-12,その他の設立登記法人
一般社団法人ＳＡＶＯＲＩＶＡ,福岡県北九州市小倉北区井堀３丁目３番５号,2022-08-12,その他の設立登記法人
一般社団法人ＴＯＲＩＯＳ,埼玉県さいたま市浦和区木崎５丁目２３番１４号２０２,2022-08-12,その他の設立登記法人
一般財団法人幸島文化振興財団,神奈川県川崎市麻生区栗木２丁目６番２０号,2022-08-12,その他の設立登記法人
三和商事合同会社,三重県三重郡菰野町大字大強原３８１４番地２,2022-08-12,合同会社
三基管財株式会社,東京都渋谷区道玄坂１丁目２０番２号アライアンスビル渋谷壱番館３階,2022-08-12,株式会社
三島駅南口東街区Ａ地区市街地再開発組合,静岡県三島市一番町９番４５号,2022-08-12,その他
中環アドバンスジャパン株式会社,神奈川県川崎市幸区堀川町５８０番地１６川崎テックセンター,2022-08-12,株式会社
仰木地区活性化委員会,滋賀県大津市仰木４丁目１５－１１,2022-08-12,その他
伝説祭実行委員会,神奈川県茅ヶ崎市常盤町５－２０メゾンドピア２０１,2022-08-12,その他
住家安心サービス株式会社,兵庫県神戸市中央区八幡通３丁目２‐５ＩＮ東洋ビル４０４,2022-08-12,株式会社
兆合同会社,兵庫県加古郡播磨町古宮３２３番地の１７,2022-08-12,合同会社
光援協公株式会社,大阪府吹田市江の木町１７番３７－７０２号,2022-08-12,株式会社
全管協中国株式会社,広島県広島市中区東千田町１丁目１番６１号,2022-08-12,株式会社
八咫烏株式会社,東京都中央区銀座１丁目２０－１１銀座１２０ビル３階,2022-08-12,株式会社
前田株式会社,東京都葛飾区東新小岩１丁目１２番３－９０２号,2022-08-12,株式会社
加藤建材分割準備新株式会社,静岡県浜松市中区曳馬３丁目１４番２２号,2022-08-12,株式会社
北海道イーズ株式会社,北海道札幌市東区北四十二条東１５丁目１番２１号松屋ビル１階,2022-08-12,株式会社
匠建株式会社,大分県大分市大字政所２１５２番地の３,2022-08-12,株式会社
医療法人ひごころ会,岐阜県各務原市鵜沼羽場町２丁目１５０番地１,2022-08-12,その他の設立登記法人
医療法人めぐみ会,山梨県中巨摩郡昭和町上河東１３１３番地１,2022-08-12,その他の設立登記法人
医療法人尚栄会,岐阜県土岐市泉町大富２２４番地の１１,2022-08-12,その他の設立登記法人
医療法人桜花会,山梨県甲斐市島上条３６８番地１,2022-08-12,その他の設立登記法人
千葉税理士法人,神奈川県横浜市港北区新吉田東５丁目７３番３４号,2022-08-12,その他の設立登記法人
原町ソーラーパーク合同会社,東京都千代田区霞が関３丁目２番５号,2022-08-12,合同会社
友輝株式会社,奈良県生駒市東生駒３丁目３９８－２７８,2022-08-12,株式会社
合同企畫サーバーＡｐｒｉｌ株式会社,千葉県松戸市高塚新田４９８－１３４,2022-08-12,株式会社
合同会社ためになる,東京都中央区銀座７丁目１３番６号サガミビル２階,2022-08-12,合同会社
合同会社だんだん,山梨県中央市布施２７４０番地１Ｋ－１２,2022-08-12,合同会社
合同会社てつまる,千葉県千葉市中央区富士見２丁目７番９号富士見ビル６０９号,2022-08-12,合同会社
合同会社とろみつ,東京都新宿区西新宿３丁目３番１３号西新宿水間ビル６階,2022-08-12,合同会社
合同会社はなカンパニー,大阪府大阪市北区芝田２丁目８番１１号,2022-08-12,合同会社
合同会社みらい,石川県金沢市花里町１６番１１号,2022-08-12,合同会社
合同会社みらいクリエイト,宮城県富谷市石積猿田５,2022-08-12,合同会社
合同会社むらさき,秋田県大館市幸町１２番９号,2022-08-12,合同会社
合同会社ゆうりんくす,埼玉県入間郡毛呂山町大字川角２２５３番地４,2022-08-12,合同会社
合同会社アキンド,埼玉県吉川市大字保７６７番地１３,2022-08-12,合同会社
合同会社アシスト,奈良県奈良市秋篠三和町１丁目７－１５,2022-08-12,合同会社
合同会社エクスパンド,京都府京都市山科区御陵大津畑町２２番地１６サンクタス京都山科６０３号,2022-08-12,合同会社
合同会社オザ,神奈川県横浜市神奈川区白幡西町３６番２５号,2022-08-12,合同会社
合同会社オフィス鴨部,高知県高知市鴨部２丁目９番２０号,2022-08-12,合同会社
合同会社オフィスＹＭ,富山県富山市西田地方町３丁目８番２９号ＰＬＡＺＡ磯部４０２号室,2022-08-12,合同会社
合同会社オフソフト,東京都渋谷区道玄坂１丁目１０番８号渋谷道玄坂東急ビル２Ｆ－Ｃ,2022-08-12,合同会社
合同会社オルトレ,広島県広島市西区三篠町１丁目７－２０エンドレスビル２０２号室,2022-08-12,合同会社
合同会社カランコエ,神奈川県相模原市中央区上矢部１丁目１５番１０号,2022-08-12,合同会社
合同会社クロコダイル,神奈川県横浜市磯子区洋光台３丁目１３－２－４０２,2022-08-12,合同会社
合同会社ケーエス８,茨城県龍ケ崎市長沖町１６３９番地,2022-08-12,合同会社
合同会社コバヤシカット,福井県坂井市丸岡町栄２丁目３４４番地,2022-08-12,合同会社
合同会社サンフラワー,東京都品川区戸越１丁目２２番３号,2022-08-12,合同会社
合同会社スガオプレイス,神奈川県川崎市宮前区菅生３丁目１４番７号,2022-08-12,合同会社
合同会社スギテック,大阪府箕面市桜井１丁目１３番２５号,2022-08-12,合同会社
合同会社スタック,東京都中央区月島１丁目２２－１－２１０９,2022-08-12,合同会社
合同会社スプラウト,東京都渋谷区道玄坂１丁目１０番８号渋谷道玄坂東急ビル２Ｆ－Ｃ,2022-08-12,合同会社
合同会社テリトリー・ギャラリー,東京都渋谷区千駄ヶ谷１丁目２３番６号,2022-08-12,合同会社
合同会社デコスター,東京都千代田区飯田橋４丁目１番７号,2022-08-12,合同会社
合同会社ドリーム・シフト,福岡県小郡市三国が丘４丁目１２０番地,2022-08-12,合同会社
合同会社ナイン,東京都港区赤坂２丁目８番１４号ラミアール赤坂３０４号,2022-08-12,合同会社
合同会社ナチュラルアクト,奈良県天理市柳本町３４７５番地３,2022-08-12,合同会社
合同会社ノトノコト,石川県珠洲市宝立町鵜飼３字３６番地,2022-08-12,合同会社
合同会社ノムラファーム,熊本県菊池市西寺１８４５番地,2022-08-12,合同会社
合同会社パックジョブ,東京都新宿区西新宿４丁目３２－１１セントビラ永谷６１３号,2022-08-12,合同会社
合同会社ピセコ,東京都あきる野市高尾４－１エステーハイム１０３,2022-08-12,合同会社
合同会社ファミリースペース,埼玉県さいたま市浦和区北浦和３丁目１９番８号,2022-08-12,合同会社
合同会社フェナカイト,神奈川県横浜市神奈川区三ツ沢下町２１番８－２０８号,2022-08-12,合同会社
合同会社フォルテ,東京都中央区銀座１丁目１２番４号Ｎ＆ＥＢＬＤ．６Ｆ,2022-08-12,合同会社
合同会社ブルーム・エフ,東京都中央区銀座８丁目１０番５号ＤＥＮＳＡＮビルＧ－１８２１７,2022-08-12,合同会社
合同会社プラビダプロダクション,福岡県福岡市西区西の丘２丁目３番１－３１５号,2022-08-12,合同会社
合同会社プロシード,北海道札幌市中央区南十一条西１１丁目２番３０号,2022-08-12,合同会社
合同会社プロンティア,東京都新宿区大久保２丁目１０－１１－２０８,2022-08-12,合同会社
合同会社ベレストラテジ,静岡県駿東郡長泉町下土狩１５２番地の１,2022-08-12,合同会社
合同会社マグラック,福井県福井市花堂中２丁目２５番３号,2022-08-12,合同会社
合同会社レオックス,東京都豊島区巣鴨４丁目２２－５巣鴨コーポラス４０１,2022-08-12,合同会社
合同会社レクレオ,神奈川県相模原市緑区橋本３丁目２７番６号,2022-08-12,合同会社
合同会社ロッキンチェア,埼玉県さいたま市大宮区桜木町４丁目９３４番地３,2022-08-12,合同会社
合同会社一路,兵庫県姫路市田井台２番地１０,2022-08-12,合同会社
合同会社五塔,愛知県名古屋市中区栄１丁目２２番２３号（藤和シティホームズ栄１５０２号）,2022-08-12,合同会社
合同会社光和,埼玉県久喜市上内１２７５番地２０１号室,2022-08-12,合同会社
合同会社匠翔,東京都荒川区南千住７丁目２１番５号,2022-08-12,合同会社
合同会社圧倒的,東京都荒川区西日暮里６丁目２３－６西日暮里レーベル４０１,2022-08-12,合同会社
合同会社城南実業,茨城県水戸市城南２丁目４番１３号キャスティーロ１０２号,2022-08-12,合同会社
合同会社多摩グローバル経営研究所,神奈川県川崎市多摩区宿河原４丁目１７番７号,2022-08-12,合同会社
合同会社定越,茨城県つくば市桜２丁目３８番地１２,2022-08-12,合同会社
合同会社富壁,埼玉県春日部市一ノ割２丁目８番７号,2022-08-12,合同会社
合同会社山佐,静岡県浜松市中区元城町１１５番地の１５,2022-08-12,合同会社
合同会社幻葉社,東京都大田区大森北４丁目３番１７号ホームズ丸岡１０２,2022-08-12,合同会社
合同会社恵心,愛知県名古屋市中区丸の内３丁目２３番２３号リエトコート丸の内１５０２号,2022-08-12,合同会社
合同会社日本カルチャーライスＣＬＵＢ,東京都文京区春日２丁目２４番１５号２Ｆ,2022-08-12,合同会社
合同会社時代家,北海道網走市南五条西１丁目６番地２,2022-08-12,合同会社
合同会社楽,埼玉県春日部市中央１丁目５６－８グレイスハイム藤田１ＦＡ,2022-08-12,合同会社
合同会社瀧事務所,静岡県静岡市清水区谷津町１丁目１０７５番地,2022-08-12,合同会社
合同会社産業保健総合事務所,東京都江東区南砂３丁目１４番２２号３０１,2022-08-12,合同会社
合同会社禮嘉,北海道札幌市白石区菊水元町一条４丁目１番３４－２０５号,2022-08-12,合同会社
合同会社縁,千葉県大網白里市大網８６－１２,2022-08-12,合同会社
合同会社若林設備設計,神奈川県横浜市瀬谷区三ツ境１４２番地６,2022-08-12,合同会社
合同会社豊前エコクラブ,福岡県築上郡築上町大字東築城１３７番地６,2022-08-12,合同会社
合同会社越前たけふ水産,福井県越前市矢船町第１７号８番地,2022-08-12,合同会社
合同会社０３,東京都渋谷区松濤１丁目２７番７号,2022-08-12,合同会社
合同会社７ＣＯＣＯ,千葉県浦安市高洲６丁目１番９－５０４号潮音の街,2022-08-12,合同会社
合同会社Ａ．Ａ,大阪府大阪市東淀川区菅原１丁目１３番１４号米虫ハイツ４０５号,2022-08-12,合同会社
合同会社ＡＣプラン＆パートナーズ,東京都新宿区早稲田町８５番地９,2022-08-12,合同会社
合同会社ＡＫＡＬＡ,大阪府大阪市都島区中野町４丁目２０番１号アーベイン桜ノ宮駅前３０１,2022-08-12,合同会社
合同会社Ａｃｃｅｌ,神奈川県横浜市南区中島町３丁目６１番２号ベルメゾン弘明寺１Ｆ,2022-08-12,合同会社
合同会社Ａｐｕｓ　Ｄｅｓｉｇｎ,大阪府茨木市春日３丁目４番３号,2022-08-12,合同会社
合同会社ＢＥＡＲ　ＢＯＯＫ,熊本県菊池郡菊陽町大字原水４６５２番地１４５,2022-08-12,合同会社
合同会社Ｂｏｍｍａｃ,北海道江別市錦町４４番地の５錦町レントビル３階,2022-08-12,合同会社
合同会社Ｂｒａｖｅ,鳥取県境港市上道町３４８０番地１,2022-08-12,合同会社
合同会社Ｂｒｉｄｇｅ　ｏｆ　ｔｈｅ　ｗｏｒｌｄ,東京都江戸川区中葛西７丁目１９番１１号,2022-08-12,合同会社
合同会社ＣＨサービス,北海道札幌市手稲区曙五条２丁目７番２２号,2022-08-12,合同会社
合同会社ＣＵＰＳ,富山県氷見市新保４１８番地,2022-08-12,合同会社
合同会社Ｅｓｐｅｒａｎｚａ,茨城県日立市十王町伊師３８６９－４,2022-08-12,合同会社
合同会社Ｅｔｅｒｎｉａ,熊本県菊池郡大津町大字引水４０番地６ランドマーク大津１０５,2022-08-12,合同会社
合同会社Ｆｏｏｄ　ａｎｄ　Ｖａｌｕｅ　Ｅｎｔｅｒｔａｉｎｍｅｎｔ,東京都中央区日本橋室町１丁目２番６号日本橋大栄ビル７階,2022-08-12,合同会社
合同会社ＧＲＥＡＴ　ＣＯＮＤＩＴＩＯＮ,神奈川県小田原市本町３丁目７番１７号,2022-08-12,合同会社
合同会社ＨＴＬ,愛知県名古屋市中川区小本本町３丁目１８６番地リブリ・ｃａｓａ荒子１０５号,2022-08-12,合同会社
合同会社ＩＮＤＩＣＡ　ＥＮＴＥＲＰＲＩＳＥＳ,茨城県筑西市松原１２４８番地高野コーポ２０６号室,2022-08-12,合同会社
合同会社ＩＮＴＪ,神奈川県横浜市鶴見区鶴見中央２丁目１１番１－６０７号,2022-08-12,合同会社
合同会社ＪＩＳＡ,茨城県つくば市花畑３丁目１３番地１０,2022-08-12,合同会社
合同会社ＪＯＯＯＹ,鹿児島県奄美市名瀬久里町９番地３,2022-08-12,合同会社
合同会社ＫＩ,千葉県君津市杢師２丁目１０番４１号,2022-08-12,合同会社
合同会社ＫＫＲ,東京都文京区音羽１丁目５―１１,2022-08-12,合同会社
合同会社ＫＳＭ,大阪府四條畷市中野本町６番２９号,2022-08-12,合同会社
合同会社ＬＬＬ　ＳＯＬＵＴＩＯＮＳ,東京都足立区西新井本町４丁目２９番１１－４０８号,2022-08-12,合同会社
合同会社Ｌａｐａ,高知県高知市石立町２１７－８,2022-08-12,合同会社
合同会社Ｌｙｒｉｓｃｈ　Ｃｏｄｅ,高知県高知市瀬戸南町２丁目８－５０,2022-08-12,合同会社
合同会社Ｍ＆Ｔ,福岡県柳川市三橋町藤吉５２０番地４－９０４号,2022-08-12,合同会社
合同会社Ｍ．Ａ　ＣＬＵＢ,神奈川県横浜市緑区三保町２１７７,2022-08-12,合同会社
合同会社ＭＪファミリア,茨城県つくば市学園の森３丁目３３番地４,2022-08-12,合同会社
合同会社ＭＴ,福岡県福岡市東区筥松４丁目１６番５９－９０６号,2022-08-12,合同会社
合同会社Ｍａｋｅ　Ｌａｂ,東京都大田区南六郷２丁目７番２号本道ビル２０１,2022-08-12,合同会社
合同会社Ｍｅｔ’ｓ,東京都武蔵野市吉祥寺南町１丁目２番２号東山ビル地下１階,2022-08-12,合同会社
合同会社Ｎａｔｕｒａｌ　Ｓｋｙ,神奈川県川崎市幸区大宮町３１番地１川崎ゲートタワー２１０３,2022-08-12,合同会社
合同会社ＯＦＦ,兵庫県洲本市五色町広石上１５８番地,2022-08-12,合同会社
合同会社ＯｎｅＳｍａｌｌＳｔｅｐ　Ｃｏｎｎｅｃｔ,千葉県市原市能満２０６１－１０８,2022-08-12,合同会社
合同会社Ｐ‐ｌｉｖｅ,東京都港区浜松町２丁目２番１５号浜松町ダイヤビル２階,2022-08-12,合同会社
合同会社Ｒｅｔａｉｌｆａｃｔｏｒｙ,愛知県一宮市時之島字大東１０７番地１,2022-08-12,合同会社
合同会社Ｓ＆Ｅ,北海道旭川市神居一条１４丁目２番１５号マリーンハイツ３１０,2022-08-12,合同会社
合同会社ＳＥＥＫ,神奈川県横浜市港南区笹下６丁目２番２号,2022-08-12,合同会社
合同会社Ｓｕｇａｒｌｏａｆ　Ｇａｒｄｅｎ,愛知県名古屋市瑞穂区松栄町２丁目２３番地の２,2022-08-12,合同会社
合同会社Ｓｕｎ　Ｒｏａｄ,東京都中野区中央２丁目２４－６,2022-08-12,合同会社
合同会社Ｔ‐ｗｏｒｋｓ,東京都府中市若松町２丁目７番地の１０ヴェラハイツ第２東府中陣屋２０３,2022-08-12,合同会社
合同会社Ｔ２,埼玉県川口市差間３丁目３３番８号サンブリーズ２０４号,2022-08-12,合同会社
合同会社ＴＨＥ　ＡＧＥＮＴ,東京都新宿区新宿７丁目６番地８号ＫＭハイＡ０２号室,2022-08-12,合同会社
合同会社ＴＮ,福岡県福岡市城南区樋井川４丁目３２番２２－４０３号,2022-08-12,合同会社
合同会社ＴＯＭＡＴＯ,東京都渋谷区恵比寿西２丁目８番９号代官山宝ビルⅢ三階,2022-08-12,合同会社
合同会社ＷＡＲＡＳＨＩＮＡ,大分県大分市下郡北３丁目１１番１７号,2022-08-12,合同会社
合同会社ＷＯＲＬＤ　ＳＵＲＦ　ＶＩＳＩＯＮ,埼玉県さいたま市北区盆栽町１２５番地,2022-08-12,合同会社
合同会社ＹＵＫＡＩ,京都府京都市左京区山端大塚町１８番地２９,2022-08-12,合同会社
合同会社ＺＯＵ,東京都江戸川区北小岩２丁目１１番１２号,2022-08-12,合同会社
合同会社ｉｍａｇｉｎｅ　ｎｏｔ　ｋｎｏｗｉｎｇ,東京都荒川区西日暮里６丁目１２番７号,2022-08-12,合同会社
合同会社ｌｉｍ,千葉県習志野市鷺沼４丁目１０番２－２号,2022-08-12,合同会社
合同会社ｓｉｉａ,愛知県豊田市水源町１丁目２３番地７,2022-08-12,合同会社
合同会社ｔｓｏｆｆｉｃｅ　ｓｈｏｐ,東京都板橋区小豆沢４丁目２３－１７－２０６,2022-08-12,合同会社
吉事合同会社,東京都世田谷区粕谷４丁目１９－８－１０５,2022-08-12,合同会社
向日市阪急洛西口駅西土地区画整理組合,京都府向日市寺戸町新田２２番地,2022-08-12,その他
土地家屋調査士法人グランドデザイン,広島県安芸郡海田町堀川町１番８号ホスタ海田堀川町３０２号,2022-08-12,その他の設立登記法人
大和国株式会社,東京都目黒区目黒１丁目４番１６号,2022-08-12,株式会社
大島株式会社,東京都豊島区巣鴨１丁目１７番３号子野ビル７０３号室,2022-08-12,株式会社
大真船舶株式会社,岡山県岡山市北区中山下１丁目９番１号,2022-08-12,株式会社
宁波市鄞州凱培德商貿有限公司,,2022-08-12,外国会社等
宮崎ひなたファーム株式会社,宮崎県宮崎市大字浮田清田迫１３６０番地１３,2022-08-12,株式会社
小川通商株式会社,三重県鈴鹿市東旭が丘２丁目２１番５号,2022-08-12,株式会社
小西株式会社,兵庫県西宮市丸橋町４番１７－３１８号,2022-08-12,株式会社
山和住販株式会社,東京都渋谷区代々木１丁目３０番１４号,2022-08-12,株式会社
山本鉄工所株式会社,兵庫県姫路市家島町坊勢６１番地,2022-08-12,株式会社
帝誠株式会社,奈良県奈良市押熊町２１１０番地の３２,2022-08-12,株式会社
平商事株式会社,福井県坂井市丸岡町羽崎第１４号２２番地４,2022-08-12,株式会社
恩典商事株式会社,大阪府大阪市中央区内本町２丁目３－１１内本町グリーンビル７Ｆ,2022-08-12,株式会社
愛嬌ワールド株式会社,大阪府柏原市旭ケ丘２丁目１０番１３号,2022-08-12,株式会社
愛華合同会社,埼玉県さいたま市見沼区東大宮７丁目４６－５－１０２,2022-08-12,合同会社
支援団体　ＭＩＬＡＩ,福島県郡山市田村町徳定字下北田２５－５ＣＡＭＰＵＳ２１Ａ－２０７,2022-08-12,その他
旅のしおり合同会社,岐阜県高山市大新町１丁目３９番地－１,2022-08-12,合同会社
日本軸研精工株式会社,神奈川県横浜市南区永楽町１丁目７番地２伊勢佐木町ダイカンプラザＣｉｔｙⅡ１１０５号,2022-08-12,株式会社
旭日株式会社,和歌山県海南市日方１２７３－４４・２Ｆ－２,2022-08-12,株式会社
昌盛商社株式会社,東京都足立区平野３丁目１９－２０,2022-08-12,株式会社
有限会社中山建設,大分県由布市挾間町挾間８５２番地,2022-08-12,有限会社
杭州上禾家居有限公司,,2022-08-12,外国会社等
東日本サービス株式会社,茨城県那珂郡東海村大字須和間３０５番地３,2022-08-12,株式会社
株式会社あいライン,徳島県板野郡上板町佐藤塚字東２４番地１,2022-08-12,株式会社
株式会社あおとき,東京都世田谷区北沢３丁目２７－４立木ビル２Ｆ,2022-08-12,株式会社
株式会社あかさき工業,兵庫県神戸市垂水区大町４丁目７番２４号,2022-08-12,株式会社
株式会社あかつき指導会,神奈川県横浜市青葉区藤が丘２丁目５番地２９,2022-08-12,株式会社
株式会社うる,兵庫県尼崎市南武庫之荘８丁目２３番１５－３０７号,2022-08-12,株式会社
株式会社えにし,千葉県千葉市若葉区高品町８９９番地１高品ハイツ２棟６０６号,2022-08-12,株式会社
株式会社えりなし,東京都渋谷区初台２丁目１６番２１－２０４号,2022-08-12,株式会社
株式会社えんじゃ,東京都千代田区神田小川町２丁目１２番１４号,2022-08-12,株式会社
株式会社お福,神奈川県相模原市中央区相模原６丁目２４－５松井ビル,2022-08-12,株式会社
株式会社ぐるり,神奈川県横浜市保土ケ谷区常盤台７９－１,2022-08-12,株式会社
株式会社たちばな石材,北海道旭川市旭町一条１９丁目２１５７番地の２２,2022-08-12,株式会社
株式会社つかさ,大阪府吹田市佐井寺３丁目１－５－５１２号,2022-08-12,株式会社
株式会社つむぐ,北海道札幌市清田区平岡公園東５丁目７番１２号,2022-08-12,株式会社
株式会社てって,岡山県岡山市北区下伊福西町２番１６号,2022-08-12,株式会社
株式会社ふたつ星,東京都葛飾区新小岩２丁目４０番１２号,2022-08-12,株式会社
株式会社ぷらす・あるふぁ,山形県長井市歌丸１６２９番地,2022-08-12,株式会社
株式会社まる姫,東京都中央区新富２丁目１－１,2022-08-12,株式会社
株式会社アクシュリンク,福岡県福岡市博多区博多駅前１丁目１５番２０号ＮＭＦ博多駅前ビル２階,2022-08-12,株式会社
株式会社アクティブラン,静岡県静岡市駿河区八幡５丁目１５番１８号,2022-08-12,株式会社
株式会社アップドラフト,埼玉県川口市東川口１丁目３番２号,2022-08-12,株式会社
株式会社アルバライズ,山梨県甲府市中央１丁目１２－１０,2022-08-12,株式会社
株式会社アーククレスト,秋田県横手市雄物川町薄井字東鳥屋場３０番地１,2022-08-12,株式会社
株式会社イズミワールド,東京都江東区牡丹３丁目２４番６－６０２号,2022-08-12,株式会社
株式会社インテリア神足,茨城県つくば市松代５丁目８番地１０,2022-08-12,株式会社
株式会社インテルノワーク,東京都足立区竹の塚２丁目１１番１６号,2022-08-12,株式会社
株式会社ウィンクルム,神奈川県横浜市中区桜木町１丁目１０１番地１クロスゲート７階,2022-08-12,株式会社
株式会社エイト工業,大阪府大阪市西淀川区御幣島６丁目４番２６号,2022-08-12,株式会社
株式会社エクストリームズ,東京都豊島区南池袋２丁目３０番８号,2022-08-12,株式会社
株式会社エコーベル,愛知県名古屋市東区泉３丁目１７－８,2022-08-12,株式会社
株式会社エスジーエフ,宮城県塩竈市尾島町１２－１４,2022-08-12,株式会社
株式会社エネルギーファクトリー,茨城県坂東市神田山１６２１番地３,2022-08-12,株式会社
株式会社エムライズコーポレーション,神奈川県横浜市都筑区池辺町３３２５番地,2022-08-12,株式会社
株式会社エンフィニティ,神奈川県横浜市都筑区中川３丁目２２番４号,2022-08-12,株式会社
株式会社エースブランド,埼玉県越谷市大字西方２９６５番地１－６０５,2022-08-12,株式会社
株式会社オダ設備工業,広島県広島市安佐南区八木９丁目２２番７号,2022-08-12,株式会社
株式会社オフィス,東京都豊島区池袋３丁目７番９号,2022-08-12,株式会社
株式会社オフィスオオモリ,三重県四日市市阿倉川町１１番１４号,2022-08-12,株式会社
株式会社オフィスリプル,北海道札幌市中央区南一条西１６丁目１番地３２３春野ビル３Ｆ,2022-08-12,株式会社
株式会社オーエムイノベーション,千葉県浦安市猫実３丁目２２番１７号,2022-08-12,株式会社
株式会社オーシャンホールディングス,東京都港区芝３丁目５番５号,2022-08-12,株式会社
株式会社オービット,石川県金沢市弥勒町カ１４５番地５,2022-08-12,株式会社
株式会社カラー,大阪府大阪狭山市東茱萸木１丁目５２２番地の５,2022-08-12,株式会社
株式会社クォンタムイノヴェーション,東京都渋谷区神南１丁目２３－１４リージャス公園通りビル,2022-08-12,株式会社
株式会社クラウドスタッフィング,神奈川県横浜市港北区新横浜２丁目５番地１４ＷＩＳＥＮＥＸＴ新横浜３Ｆ,2022-08-12,株式会社
株式会社クラシックスタジオ,茨城県結城市大字小田林２５１６番地１４,2022-08-12,株式会社
株式会社クレイン商会,茨城県土浦市中村西根番外１３番地１１中村西根アパートⅡ２０１,2022-08-12,株式会社
株式会社グレイスポイント,東京都江東区有明１丁目４番１１－２１０３号,2022-08-12,株式会社
株式会社グロワール,東京都三鷹市北野３丁目７番３号,2022-08-12,株式会社
株式会社ケイインダストリー,愛知県名古屋市緑区黒沢台５丁目１３１６番地の２サンハウス黒沢台２Ｆ,2022-08-12,株式会社
株式会社コネクトプラン,東京都足立区西新井５丁目４１番１７号,2022-08-12,株式会社
株式会社サイドワークス,東京都中央区銀座１丁目１２－４Ｎ＆ＥＢＬＤ．７階,2022-08-12,株式会社
株式会社サムシング４ｕ,埼玉県川口市大字木曽呂８９４番地,2022-08-12,株式会社
株式会社サンシャイン,岐阜県多治見市笠原町上原１２５４－１,2022-08-12,株式会社
株式会社サン工業,北海道札幌市豊平区西岡四条７丁目１番４３－２１０号,2022-08-12,株式会社
株式会社サーチアンドコア,東京都足立区六木１丁目４番５号,2022-08-12,株式会社
株式会社シュウゾウ,東京都渋谷区恵比寿２丁目１５番５号,2022-08-12,株式会社
株式会社シンソー,神奈川県横浜市港南区港南台６丁目１番４２号,2022-08-12,株式会社
株式会社シーズン,宮城県仙台市泉区桂２丁目１７番地の９,2022-08-12,株式会社
株式会社ジャパン作図,埼玉県北足立郡伊奈町栄３丁目１６番地１,2022-08-12,株式会社
株式会社スカイアンドケイ,東京都千代田区神田美土代町１１番地７神田美土代ビル２階,2022-08-12,株式会社
株式会社スカイネット,東京都八王子市館町１８８４番地３,2022-08-12,株式会社
株式会社スガワ・コーポレーション,三重県南牟婁郡紀宝町鵜殿９５６番地２,2022-08-12,株式会社
株式会社ステラ,福岡県福岡市中央区天神４丁目６番２８号天神ファーストビル７階,2022-08-12,株式会社
株式会社ストミラ,愛知県岡崎市新堀町字東小平田１５番地１,2022-08-12,株式会社
株式会社スプラウト,滋賀県近江八幡市出町４１４番地６,2022-08-12,株式会社
株式会社スルガオート,静岡県島田市井口４２３番地の３,2022-08-12,株式会社
株式会社ゼロブランズ,東京都江東区潮見２丁目８番１０号,2022-08-12,株式会社
株式会社ゼンワ,東京都中野区白鷺２丁目３５番８号,2022-08-12,株式会社
株式会社ソフォス,東京都荒川区東日暮里５丁目１３番５－５０２号,2022-08-12,株式会社
株式会社タナユウ,三重県松阪市中道町４０５番地６,2022-08-12,株式会社
株式会社ダイコーワークス,兵庫県宝塚市弥生町５番１‐１３２１号,2022-08-12,株式会社
株式会社ツザキ,兵庫県神戸市北区大沢町中大沢９７４番地,2022-08-12,株式会社
株式会社ティーアイ技研,愛知県一宮市大毛字長畑４５番地１,2022-08-12,株式会社
株式会社ディーフィールド,大阪府大阪市淀川区西中島７丁目１番２６号,2022-08-12,株式会社
株式会社デゴイチ,京都府京都市南区上鳥羽金仏３１番地,2022-08-12,株式会社
株式会社トップフロンティア,神奈川県相模原市中央区宮下本町１丁目１番２１号,2022-08-12,株式会社
株式会社トラバサ,兵庫県神戸市兵庫区中道通７丁目１番１３－３０７号,2022-08-12,株式会社
株式会社トロンコミュニティー,神奈川県横浜市港北区師岡町４６４番地ユーコート大倉山１０４号室,2022-08-12,株式会社
株式会社トロンワークス,神奈川県横浜市港北区師岡町４６４番地ユーコート大倉山１０４号室,2022-08-12,株式会社
株式会社ネクストリープ,福岡県宗像市稲元４丁目１５番３３－１０５号,2022-08-12,株式会社
株式会社ハウスリサイクル,福岡県宗像市原町２２１７番地１,2022-08-12,株式会社
株式会社ハチハチ,東京都渋谷区道玄坂１丁目２２番７号,2022-08-12,株式会社
株式会社ハヤシカツ,大阪府大阪市北区芝田２丁目８番１１号共栄ビル３階,2022-08-12,株式会社
株式会社ハリテツ,兵庫県宝塚市弥生町５番１－１２７号,2022-08-12,株式会社
株式会社ハルカンパニー,岡山県岡山市北区今５丁目１１番１号（２０８）,2022-08-12,株式会社
株式会社ハンクラ,広島県広島市東区牛田東２丁目２番１５号,2022-08-12,株式会社
株式会社バイタリジェンス,神奈川県横浜市港北区新横浜１丁目２番１号Ｂ１０３,2022-08-12,株式会社
株式会社バイタリティ,東京都新宿区西新宿２丁目４番１号新宿ＮＳビル１４階,2022-08-12,株式会社
株式会社バイネーム,東京都荒川区東日暮里３丁目３２番１０－７０１号,2022-08-12,株式会社
株式会社パサージオ,東京都渋谷区幡ヶ谷２丁目１４番５号幡ヶ谷マンション,2022-08-12,株式会社
株式会社パレスピュア・イシカワ,三重県鈴鹿市南江島町２０番１０号,2022-08-12,株式会社
株式会社ビューティーカレンダー,東京都千代田区有楽町１丁目１２番１号新有楽町ビル１１階,2022-08-12,株式会社
株式会社ビューティーリサーチ,福岡県久留米市御井旗崎３丁目４番７号－１０５号室,2022-08-12,株式会社
株式会社ファミリアインターナショナル,兵庫県神戸市中央区磯上通４丁目３番１０号,2022-08-12,株式会社
株式会社フォアフロント,和歌山県橋本市慶賀野４１番地,2022-08-12,株式会社
株式会社フォロー,広島県広島市中区白島九軒町２１番７号,2022-08-12,株式会社
株式会社フォーウェイズテクノロジー,東京都府中市寿町１丁目１番１１号第２福井ビル３Ｆ,2022-08-12,株式会社
株式会社フジイ,千葉県千葉市中央区生実町９４３番地１４,2022-08-12,株式会社
株式会社フューチャーハウス,茨城県水戸市中央１丁目３番地１５号,2022-08-12,株式会社
株式会社フルゴリラ,東京都練馬区早宮３丁目２０番２２号アゼリア豊島園２０５,2022-08-12,株式会社
株式会社フレール,東京都台東区西浅草３丁目２５番２９号松山ビル３０１号,2022-08-12,株式会社
株式会社ブルーリーフ,東京都渋谷区神宮前６丁目２３番４号桑野ビル２階,2022-08-12,株式会社
株式会社プラトリ,京都府京都市南区久世殿城町５０番地１５,2022-08-12,株式会社
株式会社プレイスワン設計,長野県岡谷市本町４丁目１３番１６号,2022-08-12,株式会社
株式会社プログレス３,埼玉県比企郡ときがわ町大字玉川２１４２番地８,2022-08-12,株式会社
株式会社ベアーキャット,埼玉県川越市霞ケ関東３丁目１３番地２６,2022-08-12,株式会社
株式会社ベルクファーマ,兵庫県神戸市兵庫区荒田町１丁目１５番６号４Ｆ,2022-08-12,株式会社
株式会社ホウユウ,大阪府岸和田市上野町西２６番５－４０６号,2022-08-12,株式会社
株式会社マイコム,宮城県仙台市泉区上谷刈３丁目１５番１－１１７号,2022-08-12,株式会社
株式会社マッシュ,東京都中野区本町２丁目１番８号,2022-08-12,株式会社
株式会社マルコ,愛知県名古屋市名東区照が丘２４２番地,2022-08-12,株式会社
株式会社マルタケ設備,愛媛県松山市高岡町３９８番地１３,2022-08-12,株式会社
株式会社マーケティング・プラス・ラボ,大阪府高槻市東城山町１１番６号,2022-08-12,株式会社
株式会社ミカクリエイト,三重県松阪市久保町１８１９番地１４,2022-08-12,株式会社
株式会社ミライエ製作所,神奈川県横浜市港北区大豆戸町８６６番地,2022-08-12,株式会社
株式会社ミライチ,東京都豊島区池袋２丁目３６番１号ＩＮＦＩＮＩＴＹＩＫＥＢＵＫＵＲＯ６Ｆ,2022-08-12,株式会社
株式会社ミライピース,東京都渋谷区渋谷２丁目１９番１５号宮益坂ビルディング６０９,2022-08-12,株式会社
株式会社ムラケン,東京都北区中里１丁目９番１号,2022-08-12,株式会社
株式会社メインプレイス,北海道札幌市豊平区平岸三条１３丁目８番１８号グランツ南平岸１０１号,2022-08-12,株式会社
株式会社メディコムプランニング,東京都千代田区鍛冶町２丁目９番７号大貫ビル３Ａ,2022-08-12,株式会社
株式会社ヨシザワデザイン設備設計,埼玉県さいたま市南区別所７丁目１番３３号武蔵浦和駅前ハイツ１号棟５０２号室,2022-08-12,株式会社
株式会社ヨーシー,北海道旭川市永山八条５丁目２－１２エクセレント８５Ａ－２０１,2022-08-12,株式会社
株式会社ライトンアップ,東京都中央区銀座１丁目２２番１１号銀座大竹ビジデンス２階,2022-08-12,株式会社
株式会社ライト・ファースト,東京都小平市花小金井南町３丁目３２番５号,2022-08-12,株式会社
株式会社ライフサイズ,東京都昭島市中神町１１３６番地２８ＲｉｓｉｎｇＳｕｎ１０１号,2022-08-12,株式会社
株式会社ライフリンク,愛知県春日井市前並町１丁目２番地１２,2022-08-12,株式会社
株式会社ラリー,東京都渋谷区笹塚１丁目６１番８－９１４号,2022-08-12,株式会社
株式会社ランニングシューズ,東京都渋谷区神宮前３丁目２７番１０－３０１号,2022-08-12,株式会社
株式会社リバースイン,大阪府柏原市清州１丁目１番１３号,2022-08-12,株式会社
株式会社リマイン,富山県富山市安住町７番１８号富山安住町第一生命ビルディング３階,2022-08-12,株式会社
株式会社リンプラス,東京都目黒区目黒３丁目７番１号,2022-08-12,株式会社
株式会社リ・キューブ,山梨県中巨摩郡昭和町築地新居６００番地,2022-08-12,株式会社
株式会社ルーベンス,福岡県那珂川市中原６丁目１１番３４号,2022-08-12,株式会社
株式会社レオデザインオフィス,東京都調布市若葉町１丁目２２番地１,2022-08-12,株式会社
株式会社ワンゴール,神奈川県川崎市幸区幸町２丁目６８１番地２４,2022-08-12,株式会社
株式会社ワンズブルーム,東京都渋谷区広尾１丁目１－３１,2022-08-12,株式会社
株式会社ワンバース,大阪府豊能郡豊能町東ときわ台３丁目６番地の１１,2022-08-12,株式会社
株式会社一葉ラボ,千葉県松戸市新松戸２丁目３４番地１１０３号,2022-08-12,株式会社
株式会社三令社,北海道札幌市豊平区福住三条８丁目４番１９号,2022-08-12,株式会社
株式会社三幸ホームデザイン,神奈川県横浜市都筑区中川中央１丁目５番１８号,2022-08-12,株式会社
株式会社不二屋,大阪府岸和田市春木旭町５番２５号,2022-08-12,株式会社
株式会社二見ホールディングス,北海道札幌市中央区南三条西２丁目１６番地５,2022-08-12,株式会社
株式会社亨通総合サービス,広島県広島市西区中広町２丁目２６番１７号,2022-08-12,株式会社
株式会社伊藤ファイン企画,千葉県船橋市宮本６丁目２４番１０号,2022-08-12,株式会社
株式会社佐々ファーム,鹿児島県志布志市松山町尾野見２０７８番地,2022-08-12,株式会社
株式会社光,東京都大田区蒲田１丁目２番４－４０２号,2022-08-12,株式会社
株式会社共栄企画,北海道札幌市白石区北郷２３４６番地１８２,2022-08-12,株式会社
株式会社前村建築,鹿児島県曽於市財部町北俣４４６９－２,2022-08-12,株式会社
株式会社加賀美,大阪府大阪市北区東天満２丁目３番７－１４０５号,2022-08-12,株式会社
株式会社勝真建設,兵庫県加西市大村町５３４番地,2022-08-12,株式会社
株式会社友和工務店,東京都荒川区東尾久２丁目２２番１３号,2022-08-12,株式会社
株式会社和寿海運,熊本県宇城市三角町三角浦１１６０番地１７１伊藤ビル１階,2022-08-12,株式会社
株式会社堀部青果,兵庫県南あわじ市八木寺内９４５番地,2022-08-12,株式会社
株式会社壱組,栃木県塩谷郡高根沢町大字宝積寺２２４８番地４７,2022-08-12,株式会社
株式会社大聖工業,茨城県神栖市神栖１丁目１７番３２号Ｏｒｆｅｖｒｅ３０６,2022-08-12,株式会社
株式会社大都工業,東京都江戸川区江戸川４丁目８番地２７,2022-08-12,株式会社
株式会社太心,栃木県足利市五十部町５５番地,2022-08-12,株式会社
株式会社安室塗研,兵庫県姫路市香寺町須加院３３８番地２１２,2022-08-12,株式会社
株式会社宮本工業,東京都葛飾区柴又６丁目２０番１７号,2022-08-12,株式会社
株式会社富永塾,福岡県福岡市中央区大手門２丁目７番４号,2022-08-12,株式会社
株式会社小澤商事,東京都渋谷区東３丁目１５番８号,2022-08-12,株式会社
株式会社山と風,東京都墨田区江東橋１丁目１２番１号錦糸町ダイヤモンドパレス４０３,2022-08-12,株式会社
株式会社山本内装,東京都調布市深大寺元町４丁目２７番地５,2022-08-12,株式会社
株式会社山本杏鹿堂,大阪府岸和田市小松里町１２０４－６,2022-08-12,株式会社
株式会社山桜,福岡県久留米市三潴町西牟田２０５０番地９,2022-08-12,株式会社
株式会社岡南メディカ,岡山県岡山市北区東古松５丁目３番１号８０６,2022-08-12,株式会社
株式会社岡本工業,石川県金沢市玉鉾４丁目１０６番地,2022-08-12,株式会社
株式会社岩瀬建設,愛知県豊橋市忠興１丁目１番地６,2022-08-12,株式会社
株式会社島口商店,北海道札幌市中央区南二条西２５丁目１番２１号,2022-08-12,株式会社
株式会社左美屋,愛知県瀬戸市東山町１丁目１６９番地の４,2022-08-12,株式会社
株式会社帯広セレモニー,北海道旭川市豊岡九条６丁目２番１２号,2022-08-12,株式会社
株式会社幸徳建装,大阪府大阪狭山市半田６丁目１１２９番地の１シティパレス狭山２０２,2022-08-12,株式会社
株式会社愛車堂,滋賀県愛知郡愛荘町島川１１５９番地,2022-08-12,株式会社
株式会社敬豊リサイクル,大阪府岸和田市上松町５６４番地の１,2022-08-12,株式会社
株式会社新城不動産,福岡県久留米市小森野２丁目３番１－１号,2022-08-12,株式会社
株式会社新潟不動産,新潟県新潟市中央区鏡が岡４番１４号１,2022-08-12,株式会社
株式会社日本ティーピービー,東京都中野区中野２丁目２９番１５－２０９号,2022-08-12,株式会社
株式会社日本慧造,石川県野々市市三日市３丁目３２４,2022-08-12,株式会社
株式会社明誠,滋賀県長浜市本庄町６７８番地,2022-08-12,株式会社
株式会社有紀,兵庫県神戸市中央区栄町通３丁目４－１０,2022-08-12,株式会社
株式会社東京書店,東京都渋谷区東２丁目１４番１３号,2022-08-12,株式会社
株式会社東盛トラベル,東京都世田谷区祖師谷１丁目１４番１４号,2022-08-12,株式会社
株式会社松永総合企画,福岡県福岡市中央区天神３丁目６番４号,2022-08-12,株式会社
株式会社桜福,茨城県筑西市門井１９８６番地８,2022-08-12,株式会社
株式会社梵,北海道札幌市西区発寒十五条２丁目１番１号,2022-08-12,株式会社
株式会社極征,東京都足立区西新井本町２丁目６番３号イヴハウス３０５,2022-08-12,株式会社
株式会社正華,兵庫県神戸市中央区熊内町５丁目９番４号林ビル２０１,2022-08-12,株式会社
株式会社永晟,兵庫県神戸市中央区熊内町５丁目９番４号林ビル２０１,2022-08-12,株式会社
株式会社永玉,兵庫県尼崎市東難波町３丁目２２番２８号２階,2022-08-12,株式会社
株式会社渡建,三重県鈴鹿市東庄内町４０９番地,2022-08-12,株式会社
株式会社渡邉商事,静岡県富士市厚原６２９番地,2022-08-12,株式会社
株式会社王景コーポレーション,千葉県八千代市八千代台南１丁目７番４貝塚ビル２階,2022-08-12,株式会社
株式会社瑞生通商,東京都新宿区歌舞伎町２丁目２番２０－１００５号,2022-08-12,株式会社
株式会社白附測量開発,福岡県嘉麻市上山田１２３７番地１２フェルヴォーレⅠ２０１号,2022-08-12,株式会社
株式会社目黒工務店,宮城県名取市愛島台６丁目１７番地の１１,2022-08-12,株式会社
株式会社石井牧場,大分県宇佐市院内町小平８３番地,2022-08-12,株式会社
株式会社石津商事,茨城県潮来市大洲３８０番地,2022-08-12,株式会社
株式会社神地の郷,京都府亀岡市西別院町神地西ノ谷７８番地,2022-08-12,株式会社
株式会社秀吉,宮崎県宮崎市大字生目４０５１番地１,2022-08-12,株式会社
株式会社秀和マネジメント,神奈川県横浜市港南区上大岡西３丁目４番４－４０１号,2022-08-12,株式会社
株式会社立和,沖縄県島尻郡南風原町字宮城３０９番地３,2022-08-12,株式会社
株式会社篤月,東京都練馬区関町北３丁目４番８－２０３号,2022-08-12,株式会社
株式会社紅仙,福岡県飯塚市平恒４３７番地,2022-08-12,株式会社
株式会社紡,大阪府河内長野市木戸西町３丁目１１番１－１２０５号,2022-08-12,株式会社
株式会社絆興業,徳島県名西郡神山町鬼籠野字坂瀬川４４－２,2022-08-12,株式会社
株式会社綜合設備スズキ,千葉県我孫子市天王台４丁目５－１６パークハイツ我孫子台６１０号室,2022-08-12,株式会社
株式会社美鈴,東京都大田区西六郷３丁目１７番３号,2022-08-12,株式会社
株式会社花籠果,東京都中央区銀座７丁目１３－６サガミビル２Ｆ,2022-08-12,株式会社
株式会社荻島建築,東京都北区豊島７丁目１７番５号,2022-08-12,株式会社
株式会社蕎麦安武,福岡県太宰府市宰府２丁目７番１６号,2022-08-12,株式会社
株式会社西岡工業,大阪府岸和田市別所町３丁目３９番２３号,2022-08-12,株式会社
株式会社谷口塗装,兵庫県西宮市仁川百合野町１０番５６号,2022-08-12,株式会社
株式会社遠藤工業,茨城県つくば市鹿島台９番地７,2022-08-12,株式会社
株式会社野﨑設計,福井県福井市新保１丁目１４０６番地,2022-08-12,株式会社
株式会社長谷川エンジニアリング,千葉県市原市村上７８８番地２,2022-08-12,株式会社
株式会社零,東京都足立区綾瀬３丁目２１－１３クラウド綾瀬２０１号室,2022-08-12,株式会社
株式会社飯塚千鳥屋,福岡県飯塚市本町４番２１号,2022-08-12,株式会社
株式会社高田商店,愛知県大府市吉川町１丁目３８番地,2022-08-12,株式会社
株式会社高田建設工業,兵庫県加古川市加古川町大野３００番地の１,2022-08-12,株式会社
株式会社２ｄａｙｓ,東京都港区南青山７丁目１２番１６－３１９号,2022-08-12,株式会社
株式会社２ｎｄＳｔａｒ,京都府福知山市字前田１８７８番地の１３６,2022-08-12,株式会社
株式会社３２８Ｐｒｏｐｅｒｔｉｅｓ,広島県広島市中区猫屋町３番２８号,2022-08-12,株式会社
株式会社３Ｙ,熊本県熊本市中央区下通１丁目３番８号下通ＮＳビル６Ｆ,2022-08-12,株式会社
株式会社６９１,福岡県久留米市日ノ出町６９番地１,2022-08-12,株式会社
株式会社ＡＢＣ　Ｓｕｐｐｏｒｔｅｒ,北海道北見市川東６３２番地８,2022-08-12,株式会社
株式会社ＡＢＥ工務店,神奈川県川崎市高津区千年新町３２番地１２,2022-08-12,株式会社
株式会社ＡＫＴＩＣＳ,千葉県習志野市実籾５丁目４４番５号,2022-08-12,株式会社
株式会社ＡＬＢＡＬＩＺＥ,茨城県守谷市ひがし野３丁目５番地１グリーンパーク守谷壱番館１０１,2022-08-12,株式会社
株式会社ＡＬＦＡＣＩＯ　ＣＬＵＢ,福岡県糸島市二丈鹿家１７９２番１,2022-08-12,株式会社
株式会社ＡＬＩＶＥ,山口県山口市大内氷上６丁目５番１号,2022-08-12,株式会社
株式会社ＡＬＵＬＬＡ,京都府京都市西京区御陵北山下町７番地の１,2022-08-12,株式会社
株式会社ＡＯＴＹ,静岡県静岡市駿河区中野新田１２５番地の１,2022-08-12,株式会社
株式会社ＡＲＩＳ,北海道釧路市鶴野東２丁目１９番７号,2022-08-12,株式会社
株式会社ＡＳＳＩＳＴＡＲ,福井県福井市田尻栃谷町第３８号３６番地５０,2022-08-12,株式会社
株式会社ＡＷＡ,三重県津市城山１丁目１４番２号,2022-08-12,株式会社
株式会社ＡＺ　ａｒｔ　ｄｅｎｔａｌ,大阪府東大阪市稲葉３丁目１１番２２号田中ビル３Ｆ,2022-08-12,株式会社
株式会社ＡＺＵＬＢＬＵＥ,東京都豊島区南長崎５丁目３１番１４号田中荘店舗１０３号室,2022-08-12,株式会社
株式会社ＡｉＦｅｒｎａ,愛知県名古屋市中区丸の内１丁目５－１５ＧＲＡＮＤＥ　ＮＥＲＯ　３Ｆ,2022-08-12,株式会社
株式会社Ａｉｔｅ柔整師会,東京都港区赤坂２丁目１６番２１号,2022-08-12,株式会社
株式会社Ｂ‐ｄａｓｈ,東京都港区芝浦１丁目１３番１０号第３東運ビル８Ｆ,2022-08-12,株式会社
株式会社Ｂ‐ｒｅｘ,東京都中野区中野３丁目３４番３号,2022-08-12,株式会社
株式会社ＢＡＳＥ,千葉県君津市西原９５５番地２,2022-08-12,株式会社
株式会社ＢＡＵＬＩＦＥ,東京都渋谷区渋谷２丁目１９－１５宮益坂ビルディング６０９,2022-08-12,株式会社
株式会社ＢＩＧ　ＵＰ　ＪＡＰＡＮ,福岡県福岡市西区愛宕４丁目２番４５－６０５号,2022-08-12,株式会社
株式会社ＢＭ,北海道札幌市中央区大通東３丁目２－３,2022-08-12,株式会社
株式会社ＢＯＮＤＳ,東京都葛飾区新小岩３丁目２６番８号,2022-08-12,株式会社
株式会社Ｂｅｎｅｔａｇｅ,東京都渋谷区神山町１０番４－５０２号ルーエ渋谷神山町,2022-08-12,株式会社
株式会社Ｂｅｓｐｏｋｅ　Ｐｒｏｄｕｃｔ,茨城県つくば市千現２丁目１番地６つくば研究支援センターＢ－５,2022-08-12,株式会社
株式会社Ｂｌｏｏｍ,広島県広島市中区上幟町５番３－５０１号グリーンガーデン上幟,2022-08-12,株式会社
株式会社Ｂｏｕｑｕｅｔ　Ｂａｓｅ,大阪府大阪市北区梅田１丁目１－３大阪駅前第３ビル２９階１－１－１号室,2022-08-12,株式会社
株式会社Ｂｒｉｓｅ,大阪府堺市美原区黒山３１８－１,2022-08-12,株式会社
株式会社Ｃ,山梨県中巨摩郡昭和町清水新居１６６６番地,2022-08-12,株式会社
株式会社ＣＡＲ‐ＧＯ　ＢＲＩＤＧＥ,東京都中央区銀座６丁目６番１号,2022-08-12,株式会社
株式会社ＣＲＯＳＳ．８,兵庫県尼崎市食満５丁目２２番３２－３号,2022-08-12,株式会社
株式会社Ｃａｔ　Ｆｉｓｈ,東京都港区浜松町２丁目２番１５号２Ｆ,2022-08-12,株式会社
株式会社Ｃｈａｒｍ　Ｇａｒｄｅｎ,千葉県鎌ケ谷市鎌ケ谷９丁目１５番３６－３号,2022-08-12,株式会社
株式会社ＣｌｅＣｈｅｚｎｄ,長崎県長崎市船大工町３番１９号七福ビル２０２,2022-08-12,株式会社
株式会社Ｃｒｅｓｔ,鹿児島県姶良市加治木町木田１１８７番地２,2022-08-12,株式会社
株式会社ＤＤＥ徳島,徳島県徳島市名東町３丁目３７９番地３,2022-08-12,株式会社
株式会社ＤＩＡＴＥＣ,埼玉県久喜市本町３丁目８番４４号,2022-08-12,株式会社
株式会社ＤＭ東建,熊本県熊本市南区護藤町９０６番,2022-08-12,株式会社
株式会社Ｄｉｅｓｅｌ,北海道恵庭市文京町４丁目３番３号,2022-08-12,株式会社
株式会社Ｄｉｇｉｔａｌ　Ｇａｔｈｅｒ,埼玉県さいたま市見沼区大和田町２丁目１４９４番地２ベルテ北山参番館２０１号室,2022-08-12,株式会社
株式会社Ｄｕｎｋ,東京都中央区銀座６丁目１３番１６号銀座Ｗａｌｌビル５階,2022-08-12,株式会社
株式会社ＥＢＩＮ,東京都港区六本木７丁目７番１３－２６０２号,2022-08-12,株式会社
株式会社ＥＦＯＡＴ,東京都渋谷区神宮前６丁目２３番４号桑野ビル２階,2022-08-12,株式会社
株式会社ＥＩＫＯＨホールディングス,愛知県名古屋市昭和区山手通３丁目９番地の１,2022-08-12,株式会社
株式会社ＥＬＥＧＡＮＣＥ,千葉県千葉市花見川区朝日ケ丘２丁目１番２号,2022-08-12,株式会社
株式会社ＥＮＩＴＹ,福岡県福岡市南区平和１丁目５－２０－１０１,2022-08-12,株式会社
株式会社ＥＲＥ,千葉県木更津市中央２丁目７番２３－４０２号,2022-08-12,株式会社
株式会社ＥＺＯ企画,北海道札幌市手稲区稲穂四条４丁目２０番５号,2022-08-12,株式会社
株式会社Ｅｍｍａ　Ｂｌａｎｃ,東京都渋谷区東３丁目２０番４号ＲａｙＱｕｏｎＥＢＩＳＵ４階,2022-08-12,株式会社
株式会社Ｅｎｚｉｎｅ,東京都渋谷区道玄坂１丁目１０番８号渋谷道玄坂東急ビル２Ｆ－Ｃ,2022-08-12,株式会社
株式会社Ｅｑｕａｌ,兵庫県神戸市長田区腕塚町９丁目７番１１号,2022-08-12,株式会社
株式会社ＦＩＶＥ　ＳＥＮＳＥＳ,神奈川県横浜市港北区新横浜１丁目２番１号Ｂ１０３,2022-08-12,株式会社
株式会社ＦＵＮｓｈｉｏｎ,神奈川県藤沢市辻堂６丁目２６番４３号,2022-08-12,株式会社
株式会社Ｆａｓａｉ　ＴＯＫＹＯ,東京都中野区若宮２丁目１３番３号,2022-08-12,株式会社
株式会社ＦｏｕｒＣｅｌｌ,奈良県橿原市内膳町４丁目４－８林ビル２Ｆ,2022-08-12,株式会社
株式会社Ｆｕｌｌ　Ｕｎｌｅａｓｈ,東京都渋谷区道玄坂１丁目１０番８号渋谷道玄坂東急ビル２Ｆ－Ｃ,2022-08-12,株式会社
株式会社Ｇ‐テック,千葉県野田市柏寺３２３番地１７,2022-08-12,株式会社
株式会社Ｇ‐ｓｔｙｌｅ,福岡県北九州市小倉南区下城野２丁目１番１２号コーポ城野１０１号室,2022-08-12,株式会社
株式会社ＧＯ‐コネクト,神奈川県横浜市中区日ノ出町１丁目２番地スカイコート横浜日ノ出町９１２号室,2022-08-12,株式会社
株式会社ＧＯＩホールディングス,神奈川県横浜市神奈川区鶴屋町３丁目３０番地５タクエー横浜西口ビル５階,2022-08-12,株式会社
株式会社ＧＲＯＣＫ,福井県福井市上毘沙門町第３号１番地６,2022-08-12,株式会社
株式会社Ｇｌｏｂａｌ　Ｆｒａｎｃｈｉｓｅ,東京都港区南麻布１丁目１番３－１０５号,2022-08-12,株式会社
株式会社Ｇｒｅｅｎ　Ｓｕｓｔａｉｎａｂｌｅ　Ａｇｒｉｃｕｌｔｕｒｅ,栃木県佐野市飛駒町３８７０番地１,2022-08-12,株式会社
株式会社Ｈ　Ｓｍａｒｔ,東京都港区南青山３丁目１番３号スプライン青山東急ビル４階,2022-08-12,株式会社
株式会社ＨＡＲＵ,奈良県吉野郡大淀町大字北野４６番地の１６,2022-08-12,株式会社
株式会社ＨＤホールディングス,東京都目黒区八雲１丁目１番５－７０５号八雲一丁目アパート,2022-08-12,株式会社
株式会社ＨＩ‐ＰＲＩＤＥ,東京都渋谷区東３丁目２５番１０号,2022-08-12,株式会社
株式会社ＨＩＧＨＳＣＯＲＥ,東京都中央区銀座１丁目２２番１１号銀座大竹ビジデンス２階,2022-08-12,株式会社
株式会社ＨＩＫＡ,愛知県名古屋市中村区名駅南１丁目１４－９エルザビル名古屋駅前１２０２,2022-08-12,株式会社
株式会社ＨＩＹＯＲＩ,愛媛県西条市朔日市６０６番地１０,2022-08-12,株式会社
株式会社Ｈｉｇｈ　ｓｃｏｒｅ,長野県長野市大字鶴賀上千歳町１４１３番地、３階,2022-08-12,株式会社
株式会社Ｉ．Ｋ．Ｏｎｅ,大阪府柏原市大県２丁目２番３号,2022-08-12,株式会社
株式会社ＩＦＴ,大分県別府市大字鉄輪９番地の９－１０６,2022-08-12,株式会社
株式会社ＩＪＯＢ,東京都豊島区南大塚３丁目３９－６－２Ｆ,2022-08-12,株式会社
株式会社ＩＮＦＩＮＩＬＩＮＫ,東京都品川区東五反田５丁目２５－１６ＭＬＪ五反田ビル８階,2022-08-12,株式会社
株式会社Ｊ＆ｈａｐｐｉｎｅｓｓ,新潟県新発田市富塚町２丁目９３３番地１,2022-08-12,株式会社
株式会社ＪＩＮ,大阪府大阪市中央区東心斎橋１丁目１９番１８号シンサイドビル２階,2022-08-12,株式会社
株式会社ＪＯＪＯやまぐち,山口県山口市三の宮２丁目３番２号,2022-08-12,株式会社
株式会社Ｊａｌａｌｉ　Ｔｒａｄｉｎｇ,大阪府柏原市大字雁多尾畑５５８０－１－１０３,2022-08-12,株式会社
株式会社Ｋ‐Ｄｅｎｃｅ,東京都新宿区西新宿３丁目７－１新宿パークタワーＮ３０階,2022-08-12,株式会社
株式会社Ｋ‐ｅａｔ,福岡県福岡市博多区比恵町１番１８号,2022-08-12,株式会社
株式会社ＫＢ,東京都中央区築地３丁目１１番６号築地スクエアビル８階株式会社トータルブレーン内,2022-08-12,株式会社
株式会社ＫＣ,静岡県浜松市中区富塚町１８７３番地の４レイクコート富塚３０２,2022-08-12,株式会社
株式会社ＫＩＺＵＫＩ,三重県桑名市多度町下野代４８２番地,2022-08-12,株式会社
株式会社ＫＯ‐ＣＯ,茨城県石岡市国府６丁目４番２０号ブリーロ石岡,2022-08-12,株式会社
株式会社ＫＯＡ,福岡県北九州市八幡西区黒崎２丁目４番１１号,2022-08-12,株式会社
株式会社ＫＲコーポレーション,大阪府大阪市鶴見区浜３丁目８－４３トレンディー鶴見３０８号室,2022-08-12,株式会社
株式会社Ｋａｂｏｂ　Ｔｅｃｈｎｏｌｏｇｙ　Ｊａｐａｎ,東京都千代田区神田神保町１丁目５０浦野ビル７Ｆ,2022-08-12,株式会社
株式会社Ｋａｓｈ,東京都目黒区下目黒６丁目６番２号,2022-08-12,株式会社
株式会社ＫｅｎｃｏｒｅＤｉａ,千葉県浦安市日の出２丁目１６番１８号,2022-08-12,株式会社
株式会社Ｋｅｙｔａｉｌ,山口県山口市中央１丁目５番９号,2022-08-12,株式会社
株式会社Ｋｉｎｇｅｒ,東京都台東区台東１丁目１３番８号,2022-08-12,株式会社
株式会社Ｋｏｔａ,山口県萩市大字椿２６１７番地２,2022-08-12,株式会社
株式会社ＬＥＹＬＹＳ　ＴＯＫＹＯ,東京都渋谷区神宮前２丁目２０番１２号２Ａ,2022-08-12,株式会社
株式会社ＬＩＢ,東京都中央区銀座１丁目２２番１１号銀座大竹ビジデンス２階,2022-08-12,株式会社
株式会社Ｌｉｎｋ　Ｒｏｏｍ,東京都江東区清澄３丁目６番１５号オープンレジデンシア清澄白河１０２,2022-08-12,株式会社
株式会社Ｌｙｎｘ,神奈川県川崎市高津区東野川２丁目１３番５号コーポ宮台１０２,2022-08-12,株式会社
株式会社Ｍ’ｓ,神奈川県藤沢市円行２丁目１１番地の１０,2022-08-12,株式会社
株式会社ＭＡＨＡＬＯ不動産,兵庫県明石市大久保町山手台１丁目６６番地の８,2022-08-12,株式会社
株式会社ＭＡＫＩＳＴＥＲ,兵庫県神戸市西区今寺３４番地の６,2022-08-12,株式会社
株式会社ＭＣＤ・ＰＬＵＳ,神奈川県川崎市高津区下作延２丁目１０番１１号,2022-08-12,株式会社
株式会社ＭＩＬＩＫＯ,千葉県印旛郡栄町安食台６丁目８番４号,2022-08-12,株式会社
株式会社ＭＩＬＬＩＯＮ　ＩＳＨＩＧＡＫＩ,沖縄県石垣市美崎町１１番地６,2022-08-12,株式会社
株式会社ＭＩＹＡ　Ｓｐｏｒｔｓ　Ｌａｂ,長野県須坂市大字仁礼字峰の原３１５３番地８７７,2022-08-12,株式会社
株式会社ＭＫＳ,東京都東村山市久米川町１丁目４８番地６１レーベンハイム久米川３１４,2022-08-12,株式会社
株式会社ＭＵＪＩＮ　ＧＯＬＦ,千葉県八千代市村上８８１番地１ライオンズマンション勝田台７０８号,2022-08-12,株式会社
株式会社ＭａＳａＫａＲｉ　ＪａＰａＮ６２,栃木県宇都宮市今宮４丁目１７番２号,2022-08-12,株式会社
株式会社Ｍａｎｅｎｔ,京都府京都市東山区本町２１丁目４８１番地の１号,2022-08-12,株式会社
株式会社Ｍｅｄｉｃａｌ　Ａｒｃｈ,東京都品川区東中延２丁目８番１０号マツダビル２０１,2022-08-12,株式会社
株式会社ＮＥＷ　ＮＥＸＵＳ,京都府京都市伏見区深草西伊達町８７－９２,2022-08-12,株式会社
株式会社Ｎａｎｉ,東京都世田谷区瀬田１丁目１６番２３号,2022-08-12,株式会社
株式会社Ｎａｏ　Ｋｏｂａｙａｓｈｉ　Ａｒｔ＆Ｄｅｓｉｇｎ,東京都文京区本郷６丁目１９番２号,2022-08-12,株式会社
株式会社ＮｅｘｔＩｎｎｏｖａｔｉｏｎ,茨城県水戸市鯉淵町１７８５番地の５－２Ｆ,2022-08-12,株式会社
株式会社Ｎｉｃｅ　Ｄａｙ,東京都武蔵野市境南町２丁目３番１４号グローリア初穂武蔵境７０６室,2022-08-12,株式会社
株式会社Ｎｉｃｅ　Ｗｏｒｋ,東京都中野区弥生町２丁目１３番１号ＢｅｌｌｅＦｌｅｕｒ１０１,2022-08-12,株式会社
株式会社Ｎｏａｈ,東京都港区六本木７丁目１２－２Ｒ７ビルディングＳＰＡＣＥＳ六本木,2022-08-12,株式会社
株式会社Ｎｏｃｔ,東京都渋谷区東３丁目１７番１４号,2022-08-12,株式会社
株式会社ＯＦＡ,北海道空知郡中富良野町字中富良野東２線北四号,2022-08-12,株式会社
株式会社ＯＦＦＩＣＥ　ＣＯＭＡＴＣＨ,東京都渋谷区神山町９番４－１００１号パークアクシス渋谷神山町,2022-08-12,株式会社
株式会社ＯＧＲ,東京都目黒区柿の木坂２丁目３番７－１０２号,2022-08-12,株式会社
株式会社ＯＬＥＮ’Ａ薬粧研究所,東京都中央区銀座１丁目２２番１１号銀座大竹ビジデンス２階,2022-08-12,株式会社
株式会社ＯＲＳ,東京都品川区西五反田８丁目２－１２アール五反田７Ａ,2022-08-12,株式会社
株式会社Ｏｆｆｉｃｅ‐Ｓ,埼玉県鴻巣市宮地３丁目６番５８号,2022-08-12,株式会社
株式会社Ｏｎｅ　Ｓｍｉｌｅ　Ｔｅｃｈ,神奈川県横浜市保土ケ谷区岩崎町３４番２７号,2022-08-12,株式会社
株式会社ＰＢＡＤＡＯ,東京都渋谷区代官山町１３－５代官山１３５ビル,2022-08-12,株式会社
株式会社ＰＥＬＬＳ,東京都渋谷区鶯谷町３番４号ピンキーハウス１Ａ,2022-08-12,株式会社
株式会社ＰＥＴＯＭＥＭＯ,大阪府和泉市葛の葉町２丁目２５番１３号,2022-08-12,株式会社
株式会社ＰＭＵ‐ＪＡＰＡＮ,福岡県福岡市中央区大名２丁目８番１８号,2022-08-12,株式会社
株式会社ＰＲＥＳＴＯ　ＣＯＲＳＡ,茨城県坂東市神田山１３８０番地４,2022-08-12,株式会社
株式会社ＰＲＯＧＲＥＳＳ,大阪府泉佐野市新安松２丁目３番３７－１０３号,2022-08-12,株式会社
株式会社ＰＲｏｏｔ,長崎県長崎市興善町４－６,2022-08-12,株式会社
株式会社ＱＯＬホームズ,茨城県水戸市笠原町１３５６番地緑ヶ丘ハイツ２０１,2022-08-12,株式会社
株式会社ＲＤグローバルリンク,愛知県名古屋市中村区名駅３丁目２５番３号,2022-08-12,株式会社
株式会社ＲＩＴＡ　ｃｒｅａｔｉｏｎｓ,福岡県福岡市博多区博多駅前２丁目１９番１７号トーカン博多第５ビル３１２号室,2022-08-12,株式会社
株式会社Ｒｅ,大阪府寝屋川市高柳７丁目９－７,2022-08-12,株式会社
株式会社ＲｙａｎＧｒｅｅｎコンサルティング,東京都大田区久が原１丁目２２番９号,2022-08-12,株式会社
株式会社Ｓ＆Ｈ,神奈川県横浜市戸塚区前田町５０２番地５サンクタス東戸塚８０８号,2022-08-12,株式会社
株式会社ＳＥＡＳＯＮ,神奈川県川崎市多摩区生田８丁目７番１２－２号,2022-08-12,株式会社
株式会社ＳＨＡＤＯＷ,北海道函館市本町２－１,2022-08-12,株式会社
株式会社ＳＨＥＬＬＰＩＳＨ,東京都渋谷区広尾４丁目１－２７－５０９,2022-08-12,株式会社
株式会社ＳＩＮ,山口県下関市山の田中央町１番１８号,2022-08-12,株式会社
株式会社ＳＩＳ,福岡県糟屋郡篠栗町中央３丁目１番１３号,2022-08-12,株式会社
株式会社ＳＫＥＣ,石川県金沢市御所町未１１番地１,2022-08-12,株式会社
株式会社ＳＬＹ,北海道札幌市中央区南一条西５丁目１番５号Ｎ．Ｃａｌｌｅビル４階,2022-08-12,株式会社
株式会社ＳＭＩＬＥ,東京都江東区平野２丁目８番５－１０７号,2022-08-12,株式会社
株式会社ＳＭＴアセット,千葉県習志野市奏の杜２丁目２番３－１１４６号,2022-08-12,株式会社
株式会社ＳＮＹ警備,大阪府八尾市山本町南８丁目３番６－２０４号,2022-08-12,株式会社
株式会社ＳＯＬＥＩＬ,東京都港区赤坂２丁目１０番２号吉川ビル２階,2022-08-12,株式会社
株式会社ＳＱＯＯＬ　ＴＥＣＨ,東京都足立区東和５丁目１３番１４号,2022-08-12,株式会社
株式会社ＳＵＮＴＩＥＲ,山口県下関市熊野町１丁目７番１２－１０２号,2022-08-12,株式会社
株式会社Ｓｈｉｎｅ,兵庫県神戸市中央区北長狭通１丁目２０番９号,2022-08-12,株式会社
株式会社Ｓｏｌａｔｉ　Ｌａｂ,東京都江東区永代２丁目２７番６号,2022-08-12,株式会社
株式会社ＳｏｕｄａｎＮＦＴ,宮城県東松島市矢本字上河戸２８３番地１０ウイン上河戸Ｃ,2022-08-12,株式会社
株式会社ＳｐｒＡｕｔ　Ａｃｃｏｕｎｔｉｎｇ,東京都中央区日本橋小舟町８－１３,2022-08-12,株式会社
株式会社Ｓｔ．Ｍａｔｔｈｅｗ,東京都北区滝野川６丁目１３－１５,2022-08-12,株式会社
株式会社Ｔ‐ｒｙｎ,千葉県松戸市千駄堀１４４６番地の２２,2022-08-12,株式会社
株式会社ＴＡＣＯ,東京都渋谷区東４丁目１２番１号,2022-08-12,株式会社
株式会社ＴＡＳＫサービス,富山県富山市西中野町１丁目１番４号,2022-08-12,株式会社
株式会社ＴＣ,福岡県福岡市東区香椎照葉２丁目３番３２号,2022-08-12,株式会社
株式会社ＴＧＳ,東京都足立区舎人５丁目９番２号,2022-08-12,株式会社
株式会社ＴＭＳ,東京都渋谷区広尾５丁目４番１２号大成鋼機ビル４階,2022-08-12,株式会社
株式会社ＴＯＭＭＹ　ＶＥＲＳＥ,千葉県印旛郡酒々井町東酒々井５丁目５－２２,2022-08-12,株式会社
株式会社ＴＲＵＳＴＹＯＵ,東京都渋谷区神宮前６丁目２３番４号桑野ビル２階,2022-08-12,株式会社
株式会社Ｔａｋｉｂｉ　ａｇｅ,北海道札幌市中央区北六条西２２丁目２番３号チュリス札幌１階,2022-08-12,株式会社
株式会社ＵＥＤＡ,東京都葛飾区青戸５丁目１９番９号,2022-08-12,株式会社
株式会社ＵＮＳＴＯＰ,東京都渋谷区神宮前６丁目２３－４桑野ビル２Ｆ,2022-08-12,株式会社
株式会社ＶＩＥＷＳ,神奈川県藤沢市渡内２丁目２番３０－２号,2022-08-12,株式会社
株式会社Ｙ’ｓ　ｃｏｍｐａｎｙ,兵庫県加古川市加古川町稲屋９７１番地の４,2022-08-12,株式会社
株式会社ＹＡＴＴＯエンタテインメント,東京都中央区銀座１丁目１２番４号Ｎ＆ＥＢＬＤ．６Ｆ,2022-08-12,株式会社
株式会社ＹＤＥ,福井県福井市大宮５丁目１３番２９号,2022-08-12,株式会社
株式会社ＹＭＳ,神奈川県横浜市保土ケ谷区岩間町２丁目１１１番地,2022-08-12,株式会社
株式会社ＺＡＹＡＮ　ＡＵＴＯＭＯＢＩＬＥ,愛知県岩倉市中本町東葭原３２番地５コーポ真鈴２０６号,2022-08-12,株式会社
株式会社ｂｏｌｔ．,東京都目黒区鷹番２丁目１４番１４－４０３号ＰＲＩＭＥＵＲＢＡＮ学芸大学,2022-08-12,株式会社
株式会社ｄｅｐｉｓ,東京都中央区銀座１丁目１５－７マック銀座ビル３階,2022-08-12,株式会社
株式会社ｅａｓｅ,埼玉県三郷市谷口１５番地,2022-08-12,株式会社
株式会社ｆｅｌｌｏｗ,東京都豊島区池袋２丁目７７番１－３０４号,2022-08-12,株式会社
株式会社ｆｉｔ,千葉県千葉市中央区新千葉２丁目１４番６号,2022-08-12,株式会社
株式会社ｆｏｏｄｉｚｍ,東京都新宿区西新宿６丁目５番１号新宿アイランドタワー２階,2022-08-12,株式会社
株式会社ｌｕｎｅｔｔｅｓ,神奈川県川崎市宮前区鷺沼３丁目２番地７,2022-08-12,株式会社
株式会社ｍａｒｕｆｕｋｕ,滋賀県大津市中央２丁目１－６ドエルコトブキ７０４号室,2022-08-12,株式会社
株式会社ｍｉｌｌｉａｒｔ,北海道札幌市北区屯田八条１２丁目５番２７号,2022-08-12,株式会社
株式会社ｎａｎａｈａｃｈｉ,石川県金沢市松村町七丁目１３６番地,2022-08-12,株式会社
株式会社ｎｅｘｔ　ｌｅｖｅｌ　ｍａｒｋｅｔｉｎｇ,神奈川県横浜市戸塚区原宿５丁目１７番１２号,2022-08-12,株式会社
株式会社ｎｏｔｉｃｅ,兵庫県西宮市甲子園浦風町５番３－５０１号,2022-08-12,株式会社
株式会社ｐａｎｅｎｃａ,神奈川県横浜市中区西竹之丸１０７番地３チェリーハイツ山手１０３,2022-08-12,株式会社
株式会社ｐｉｃ‐ｓｔｅｐ,東京都渋谷区幡ヶ谷２丁目９番１１号幡ヶ谷ＤＫビル２Ｆ,2022-08-12,株式会社
株式会社ｓｏｕｅｉ,三重県桑名市筒尾２丁目１３番地８,2022-08-12,株式会社
株式会社ｓｔｅｒｎ,東京都渋谷区神宮前２丁目２番３９－１２０３号ＴＨＥＣＯＵＲＴ神宮外苑,2022-08-12,株式会社
株式会社ｔａｍａｇｏ,東京都北区滝野川６丁目７番１３号,2022-08-12,株式会社
株式会社ｙｏｕ,京都府京都市中京区河原町通二条下る一之船入町５３７番地１７イーグルコート御池高瀬川５１２号,2022-08-12,株式会社
桜建設株式会社,埼玉県上尾市大字原市４１２６番地１２,2022-08-12,株式会社
椿貿易株式会社,東京都千代田区九段南１丁目５番６号りそな九段ビル５ＦＫＳフロア,2022-08-12,株式会社
機整株式会社,福岡県古賀市小竹８４４－１,2022-08-12,株式会社
津門商事合同会社,兵庫県西宮市鳴尾町１丁目９番８－４０１号,2022-08-12,合同会社
湯田温泉花火大会実行委員会,山口県山口市湯田温泉６丁目６－５３,2022-08-12,その他
烽陶株式会社,東京都江東区亀戸２丁目４２－６日神パレステージ亀戸第２,2022-08-12,株式会社
熊本ハワイフェス実行委員会,熊本県阿蘇郡南阿蘇村大字久石４４１１－９,2022-08-12,その他
熊本不二コンクリート工業分割準備株式会社,熊本県菊池市泗水町田島２４４４番地,2022-08-12,株式会社
特定非営利活動法人エバーフリー,兵庫県神戸市北区杉尾台１丁目１０番地の２５,2022-08-12,その他の設立登記法人
特定非営利活動法人ブループレートプロジェクト,東京都西東京市中町５丁目７番５号,2022-08-12,その他の設立登記法人
特定非営利活動法人大富士フットボールクラブ,静岡県富士宮市外神２３８番地の８,2022-08-12,その他の設立登記法人
特定非営利活動法人Ｇｒｅｅｎ　Ｗｉｔｃｈ,東京都世田谷区粕谷１丁目１１番２２号,2022-08-12,その他の設立登記法人
特定非営利活動法人ＳＡＣ,静岡県磐田市掛塚１４１２,2022-08-12,その他の設立登記法人
王家フーズ合同会社,埼玉県南埼玉郡宮代町百間２丁目４番１７号パオトウビル,2022-08-12,合同会社
環境微生物研究所株式会社,石川県野々市市末松３丁目５７０番地,2022-08-12,株式会社
百尚好（杭州）科技有限公司,,2022-08-12,外国会社等
盛岡市クリーンセンター公害防止対策協議会,岩手県盛岡市上田字小鳥沢１４８－２５,2022-08-12,その他
碧クリエイト沖縄株式会社,沖縄県中頭郡北谷町字桑江８６番地１,2022-08-12,株式会社
福本千昇株式会社,広島県広島市西区都町４１番２号,2022-08-12,株式会社
税理士法人愛知総合会計事務所,愛知県名古屋市中区丸の内３丁目２番２９号,2022-08-12,その他の設立登記法人
税理士法人経営支援,東京都品川区西五反田８丁目３番６号ＴＫ五反田ビル６Ｆ,2022-08-12,その他の設立登記法人
竹華ジャパン株式会社,神奈川県横浜市西区北幸１丁目１１番１号水信ビル７Ｆ,2022-08-12,株式会社
綜合防災設備株式会社,東京都大田区上池台５丁目２１番１８号,2022-08-12,株式会社
美里工業株式会社,兵庫県加古郡播磨町古宮４丁目４－２６,2022-08-12,株式会社
藤和土地家屋調査士法人渋谷,東京都渋谷区本町１丁目７番１６号初台ハイツ２階,2022-08-12,その他の設立登記法人
藤本商事合同会社,広島県広島市西区天満町１６番７号,2022-08-12,合同会社
行政書士法人シトラス,長崎県長崎市千歳町６－１１高島第３ビル３０１,2022-08-12,その他の設立登記法人
誉聘実北＿展（上海）有限公司,,2022-08-12,外国会社等
鑫広産業株式会社,山口県山陽小野田市大字津布田３９－１０,2022-08-12,株式会社
開運大吉懐古堂合同会社,埼玉県春日部市備後東６丁目６－１４－３号,2022-08-12,合同会社
阪急阪神不動産ジョインＰＨ‐Ｗ合同会社,大阪府大阪市北区芝田１丁目１番４号,2022-08-12,合同会社
駅前ミュージアム株式会社,東京都渋谷区猿楽町１７番５号ＤＡＩＫＡＮＹＡＭＡＴ－ＳＩＴＥ蔦屋書店３号館２階,2022-08-12,株式会社
黒崎花店株式会社,岡山県井原市井原町３４２番地４,2022-08-12,株式会社
ＡＣＴＹ・ＰＲＯ合同会社,千葉県習志野市奏の杜１丁目５－５－２０１,2022-08-12,合同会社
ＡＩＰ株式会社,大阪府岸和田市土生町２丁目３１番３１号,2022-08-12,株式会社
ＡＪ合同会社,千葉県柏市常盤台１番１４号,2022-08-12,合同会社
ＡＭＴ株式会社,神奈川県茅ヶ崎市共恵１丁目１番５号３０１,2022-08-12,株式会社
ＡＴＬＡＳ・ａｇｅｎｃｙ株式会社,福岡県福岡市中央区今泉１丁目２番８－９０３号,2022-08-12,株式会社
Ａｕｔｏ　ＶＲ株式会社,北海道札幌市中央区北一条東４丁目１番地１サッポロファクトリー１条館,2022-08-12,株式会社
Ｂ‐ＣａＬＬ株式会社,茨城県つくば市研究学園３丁目３番地,2022-08-12,株式会社
ＢＥＹＯＮＤ　ＬＩＭＩＴＳ株式会社,東京都港区虎ノ門５丁目１３番１号虎ノ門４０ＭＴビル７階,2022-08-12,株式会社
Ｂｅａｕｔｉｆｕｌ　Ｌｉｖｅｓ合同会社,東京都大田区南六郷１丁目１６番２０号,2022-08-12,合同会社
Ｂｌｕｅｋｅ株式会社,東京都江東区有明１丁目４番１１号,2022-08-12,株式会社
ＣＢＳ株式会社,沖縄県名護市字宮里４４７番１６の１佐久川氏店舗・事務所,2022-08-12,株式会社
ＣＨＲＯＦＹ株式会社,東京都千代田区内神田１丁目５番１６号アルテ大手町７階,2022-08-12,株式会社
ＣＰＭ　Ａｓｓｅｔｓ　Ｊａｐａｎ合同会社,大阪府大阪市北区芝田１丁目１番４号,2022-08-12,合同会社
ＣＵＢｅ株式会社,愛知県名古屋市西区長先町１９３番地,2022-08-12,株式会社
ＣＷＰ　ＧＬＯＢＡＬ株式会社,福井県大野市鍬掛第２号４番地１,2022-08-12,株式会社
Ｃａｌｍａ　Ｃａｒｉｎａ合同会社,東京都足立区梅田８丁目１４番２号４３２号室,2022-08-12,合同会社
ＣｅｎｔＦｌｙＧａｔｅ株式会社,東京都八王子市東町１番１０号グランデハイツ八王子８０２,2022-08-12,株式会社
Ｃｏｎｔｅ　Ｍｕｓｉｃ　Ｇｒｏｕｐ合同会社,神奈川県川崎市宮前区宮崎２丁目２号７番,2022-08-12,合同会社
Ｄ２Ｃ　ＳＯＬＵＴＩＯＮ株式会社,東京都渋谷区渋谷３丁目１番１号,2022-08-12,株式会社
ＤＬＨ　Ｈｏｌｄｉｎｇｓ　Ｅｎｔｅｒｐｒｉｓｅ合同会社,東京都港区元麻布３丁目１番６号,2022-08-12,合同会社
ＤＳ株式会社,東京都武蔵野市西久保２丁目２番６－１０５号ソフィア西久保,2022-08-12,株式会社
Ｄｉｃｋｓｏｎ　Ｌｅｕｎｇ合同会社,東京都千代田区神田須田町２丁目２３番１－６０９号,2022-08-12,合同会社
ＦＯＲＣＯ合同会社,東京都渋谷区道玄坂１丁目１０番８号渋谷道玄坂東急ビル２Ｆ－Ｃ,2022-08-12,合同会社
ＦＲＡＣＳ合同会社,福岡県福岡市南区平和２丁目６番２０－２０１号オクトス南山荘通,2022-08-12,合同会社
ＦＵＢＡＲ合同会社,東京都板橋区弥生町３２－３,2022-08-12,合同会社
ＦＵＮＡＮＤＯ合同会社,東京都渋谷区幡ヶ谷２丁目２１番１号シャトレー幡ヶ谷８０６,2022-08-12,合同会社
ＦＶＣ株式会社,東京都足立区千住３丁目６５アンコアール２０１号,2022-08-12,株式会社
Ｆｉｒｓｔ　Ｊｏｙｃｅ株式会社,神奈川県藤沢市辻堂東海岸４丁目１５番１７～２０６号,2022-08-12,株式会社
Ｆｒｏｎｔｉｅｒ３３合同会社,東京都渋谷区本町２丁目１７番１４号ＴＲＥＡＳＵＲＥ１０１,2022-08-12,合同会社
ＧＨＥＥ株式会社,神奈川県横浜市旭区柏町９２番９号,2022-08-12,株式会社
ＧＮＭ合同会社,東京都新宿区西新宿３丁目３番１３号西新宿水間ビル６Ｆ,2022-08-12,合同会社
ＨＥＥ合同会社,埼玉県所沢市大字中富１８３１番地の３９,2022-08-12,合同会社
ＨＳ　Ｄｅｓｉｇｎ株式会社,東京都世田谷区松原３丁目１８番１１号,2022-08-12,株式会社
Ｈｉｒｏｃｋｅｔ　Ｃｏｍｍｕｎｉｃａｔｉｏｎ,神奈川県相模原市中央区水郷田名３丁目３－７,2022-08-12,その他
Ｈｉｓｈｉｇａｔａ　Ａｒｔ　Ｐｒｏｊｅｃｔ,北海道札幌市白石区菊水元町二条１丁目９－１１－１　Ｃｈａｍｅｌｅｏｎ　Ｌａｂｅｌ　内,2022-08-12,その他
ＩＭＳ　ＪＡＰＡＮ株式会社,東京都新宿区西新宿７丁目４番７号イマス浜田ビル３Ｆ－Ｂ１１号室,2022-08-12,株式会社
ＩＳＨＩＮ合同会社,千葉県市川市湊新田２丁目７番３号（エステートピアＫｅｉ１０１号）,2022-08-12,合同会社
Ｉｎｄｕｓｔｒｙ　Ａｌｐｈａ株式会社,東京都文京区本郷４丁目１－１菊花ビル７０１,2022-08-12,株式会社
Ｉｒｅｉｅ　ｓｃｈｅｍｅ株式会社,大阪府大阪市中央区安堂寺町１丁目３番６号,2022-08-12,株式会社
Ｋ・Ａｓｓｅｔ株式会社,岡山県倉敷市福田町福田７０５番地３,2022-08-12,株式会社
ＫＩＢＡＲＵ　ＳＵＰＰＯＲＴ　ＶＩＥＴＮＡＭ株式会社,東京都新宿区西新宿３丁目３番１３号西新宿水間ビル６Ｆ,2022-08-12,株式会社
ＫＩＣ春日部２特定目的会社,東京都港区南青山４丁目２１番２６号リュエル青山Ｃ棟Ｂ１細谷総合会計事務所内,2022-08-12,その他の設立登記法人
Ｌｏｎｇ　Ｔｒａｉｌ　Ｃｏｍｐａｎｙ株式会社,神奈川県横須賀市三春町２丁目１番地４第一大谷ビル２Ｆ,2022-08-12,株式会社
ＭＡＣ株式会社,埼玉県川口市大字東本郷２０４番地の３３,2022-08-12,株式会社
ＭＡＸ株式会社,沖縄県那覇市字天久１１９６番地１２藤浦通関ビル３階Ｓｅａｓｉｄｅ　Ｏｆｆｉｃｅ３１９号室,2022-08-12,株式会社
ＭＩＲＡＲＧＯ　ＨＯＬＤＩＮＧＳ株式会社,東京都文京区大塚１丁目４番１５－１１０９号,2022-08-12,株式会社
ＭＫプロダクション,埼玉県狭山市大字水野２３０－１,2022-08-12,その他
ＭＳＬＩＮＥ株式会社,大阪府松原市田井城１丁目１２２－１０,2022-08-12,株式会社
ＮＤホールディングス株式会社,三重県松阪市垣鼻町７５６番地,2022-08-12,株式会社
ＮＩＳＡＮＧＳ　ＣＯＲＰＯＲＡＴＩＯＮ合同会社,栃木県栃木市大平町富田３９２番地９マルベリー大平３０４,2022-08-12,合同会社
ＮＭ・ＴＲＵＳＴ株式会社,東京都西多摩郡日の出町大字平井２６３４番地２３,2022-08-12,株式会社
ＮＰＯ法人恵愛サポート,埼玉県白岡市太田新井１３７６番地４４,2022-08-12,その他の設立登記法人
Ｎｅｘ株式会社,大阪府豊中市中桜塚１丁目２３番１０号,2022-08-12,株式会社
ＯＦＦＩＣＥ　ＢＡＫＵＳＡＮ株式会社,東京都小金井市緑町２丁目１２－１５,2022-08-12,株式会社
ＯＬＤ　ＳＴＡＲ株式会社,千葉県市原市ちはら台西２丁目４番地７,2022-08-12,株式会社
Ｏｃｅａｎ　Ｄｒｏｎｅ株式会社,東京都練馬区中村北１丁目１１－４メゾン練馬３０１号室,2022-08-12,株式会社
ＰＬＡＹＦＩＥＬＤ,愛知県名古屋市西区枇杷島５丁目２２－２,2022-08-12,その他
ＰＲＥＴＴＹ　ＰＯＲＫ　ＦＡＣＴＯＲＹ株式会社,東京都新宿区歌舞伎町１丁目１０番３号,2022-08-12,株式会社
ＰＲＯＳＰＥＲ株式会社,広島県安芸郡海田町畝２丁目３番２４－１０３号,2022-08-12,株式会社
ＱｕｅｓｔｉｏｎＰｒｏ　Ｊａｐａｎ株式会社,東京都港区浜松町２丁目２番１５号浜松町ダイヤビル２Ｆ,2022-08-12,株式会社
Ｒ株式会社,熊本県玉名市岩崎７６４番地１,2022-08-12,株式会社
Ｒｅｍａｋｅ　ｅａｓｙ株式会社,東京都渋谷区渋谷３丁目２６番１２号３０２,2022-08-12,株式会社
Ｒｅｎｏ　Ｓｙｓｔｅｍ株式会社,三重県四日市市諏訪栄町７番３４号,2022-08-12,株式会社
ＳＫＴ合同会社,大阪府吹田市南金田１丁目８番１１－１２０２号,2022-08-12,合同会社
ＳＳＲ企画合同会社,東京都港区六本木１丁目７番１０－１５１０号,2022-08-12,合同会社
ＳＴＡＲ　ＢＲＩＤＧＥ合同会社,埼玉県川越市通町２０番地２（プレシス本川越ルミナス２０５号室）,2022-08-12,合同会社
ＳＹＮＣＴＥＣ株式会社,千葉県市川市福栄３丁目１９番１２－６０３号,2022-08-12,株式会社
Ｓｅｍｉ　ｎｅｘｔ株式会社,神奈川県横浜市港北区綱島東６丁目１１番３０号,2022-08-12,株式会社
Ｓｉｍｕｌａｃｒａ＆Ｓｉｍｕｌａｔｉｏｎ株式会社,東京都港区新橋２丁目１１番１０号,2022-08-12,株式会社
Ｔ＆Ｎ株式会社,愛知県名古屋市守山区小幡千代田１６－２７,2022-08-12,株式会社
ＴＤ　Ｌｉｇｈｔｅｃ株式会社,埼玉県さいたま市南区内谷３丁目１５－１２,2022-08-12,株式会社
ＴＨＥ株式会社,東京都目黒区上目黒２丁目１６－１リードシー中目黒１Ｆ－Ｂ,2022-08-12,株式会社
ＴＫＯＮＥＸ株式会社,東京都新宿区新宿２丁目１５番９号２Ｒ,2022-08-12,株式会社
ＴＲＡＶＩＳ　ＲＩＶＥＳＴ株式会社,香川県丸亀市郡家町２７４番地１,2022-08-12,株式会社
Ｔｈｅ８株式会社,東京都新宿区西新宿３丁目３番１３号西新宿水間ビル６階,2022-08-12,株式会社
Ｔｒｏｍｂｏｎｅ　Ｑｕａｒｔｅｔｔｏ　Ｂｏｏｎ,東京都江戸川区江戸川５丁目１５－６３,2022-08-12,その他
Ｖａｌｅｒｉｅ合同会社,栃木県宇都宮市西原１丁目１番４２号,2022-08-12,合同会社
ＸＭＬ合同会社,三重県伊賀市上野徳居町３３４３,2022-08-12,合同会社
ｋｕｎｉｏｋｏ　ｊａｐａｎ株式会社,東京都新宿区西新宿３丁目３番１３号西新宿水間ビル６階,2022-08-12,株式会社
ｌｏｖｅｒｌｙ株式会社,東京都世田谷区玉川２丁目１１番１１号,2022-08-12,株式会社
ｏｎｅ＆ｏｎｅ株式会社,兵庫県神戸市須磨区平田町２丁目２番１２号,2022-08-12,株式会社
ｏｎｉｏｎ株式会社,東京都新宿区西新宿３丁目３番１３号西新宿水間ビル６階,2022-08-12,株式会社
ｐｕｉ株式会社,大阪府堺市堺区賑町３丁２番６－３号,2022-08-12,株式会社
ｒｏｕｎｄ　ｒｏｏｆ合同会社,埼玉県熊谷市中央２丁目２６８番地２,2022-08-12,合同会社
いわき梅田水産株式会社,福島県いわき市自由ケ丘７番地の６タウニィセブン２０５,2022-08-15,株式会社
なかしまドローン株式会社,福岡県遠賀郡岡垣町吉木東１丁目２４番１０号,2022-08-15,株式会社
ぱれっとミュージックマネジメント株式会社,東京都板橋区蓮沼町６番１５号,2022-08-15,株式会社
ひまわり株式会社,京都府京都市上京区小川通一条上る革堂町５８１番地デトム・ワン烏丸一条１０６号,2022-08-15,株式会社
みや合同会社,兵庫県神戸市北区鈴蘭台北町８丁目４－１２,2022-08-15,合同会社
むうむうえのき合同会社,山梨県北杜市長坂町小荒間７９７番地,2022-08-15,合同会社
むつ小川原モビリティ協同組合,青森県上北郡六ヶ所村大字倉内字笹崎１０５０番地１,2022-08-15,その他の設立登記法人
アトラス合同会社,東京都中央区日本橋蛎殻町２丁目１５－９,2022-08-15,合同会社
アバックス合同会社,熊本県熊本市東区長嶺南７丁目１６番１号,2022-08-15,合同会社
アリ広株式会社,東京都江東区北砂３丁目２８番１－３０３号,2022-08-15,株式会社
アーベント合同会社,東京都渋谷区渋谷２丁目１９―１５宮益坂ビルディング６０９,2022-08-15,合同会社
インテグラルメイト株式会社,大阪府大阪市港区弁天１丁目２番１号大阪ベイタワー１４Ｆ,2022-08-15,株式会社
インフラ調査測量株式会社,福岡県糟屋郡宇美町宇美６丁目１４番２８号,2022-08-15,株式会社
インペラトリス株式会社,東京都港区六本木４丁目３番１１号六本木ユニハウス４１４号室,2022-08-15,株式会社
エアリンク株式会社,宮城県仙台市青葉区本町２丁目１７番２１号ＣＯ本町ビル３Ｆ,2022-08-15,株式会社
カツシマ建設株式会社,和歌山県東牟婁郡那智勝浦町大字狗子ノ川７番地１,2022-08-15,株式会社
クリエイティブリゾー司株式会社,千葉県鎌ケ谷市東道野辺２丁目７番２９－１０号,2022-08-15,株式会社
クルール株式会社,東京都板橋区舟渡２丁目５番３号レ・スタ浮間公園１０２,2022-08-15,株式会社
グローバルトレーディング合同会社,埼玉県越谷市大字北後谷３７１－８,2022-08-15,合同会社
コスモ商事株式会社,長野県飯田市丸山町３丁目５６７９番地１,2022-08-15,株式会社
サンテック印刷株式会社,福島県郡山市日和田町高倉字藤坦１番地の３９２,2022-08-15,株式会社
スマイルハート合同会社,長野県長野市大字鶴賀南千歳町８６０番地６懐石舎ビル１階,2022-08-15,合同会社
ダイヤモンドＶＡ合同会社,茨城県水戸市上水戸２丁目４番２６号上水戸ホームズＤ２０３号室,2022-08-15,合同会社
チームネクスト合同会社,東京都港区白金３丁目２３―６フォリア白金１階,2022-08-15,合同会社
デジサイエンス株式会社,東京都新宿区西早稲田３丁目１２番５－６０１号,2022-08-15,株式会社
トウワトレーディング株式会社,愛知県名古屋市中村区向島町４丁目１７番地の３,2022-08-15,株式会社
トレジャーハント株式会社,東京都港区浜松町２丁目２番１５号浜松町ダイヤビル２Ｆ,2022-08-15,株式会社
トーマス税理士法人,東京都中央区日本橋大伝馬町１７番４号５階,2022-08-15,その他の設立登記法人
ナチュラルライフ株式会社,群馬県渋川市北橘町下箱田６２６番地２７,2022-08-15,株式会社
ネイビーブレザー株式会社,東京都世田谷区豪徳寺１丁目２２番５号,2022-08-15,株式会社
ファイブ・スター・パートナーズ株式会社,東京都港区南青山１丁目２０番２号乃木坂ビジネスコート３０２号室,2022-08-15,株式会社
フジファクトリー株式会社,愛知県名古屋市緑区鳴海町字山下７３番地の１,2022-08-15,株式会社
プロットコンサルティング株式会社,東京都中野区中野２丁目２６番１号,2022-08-15,株式会社
ベト心株式会社,埼玉県朝霞市膝折町３丁目２番４１号,2022-08-15,株式会社
ホールエナジー株式会社,福岡県糟屋郡志免町別府４丁目２０番１３号,2022-08-15,株式会社
マナビポップ株式会社,愛知県豊明市新栄町６丁目１８２番地,2022-08-15,株式会社
マナレコジャパン株式会社,東京都中央区日本橋３丁目９番１号日本橋三丁目スクエア２階,2022-08-15,株式会社
マーヴェリック株式会社,東京都世田谷区羽根木１丁目２９番２号,2022-08-15,株式会社
ムサシ協同組合,埼玉県所沢市大字荒幡８８５番地の７,2022-08-15,その他の設立登記法人
ヤーミージャパン株式会社,東京都豊島区東池袋３丁目１番１号サンシャイン６０、４５階,2022-08-15,株式会社
リスヨンジャパン株式会社,東京都新宿区新宿１丁目３６－２－３Ｆ,2022-08-15,株式会社
リハプライム和歌山株式会社,和歌山県西牟婁郡白浜町日置２１３５番地,2022-08-15,株式会社
リバイブリゾート・システム株式会社,大阪府大阪市淀川区宮原４丁目１番４５号新大阪八千代ビル,2022-08-15,株式会社
リファクタラーニング合同会社,大阪府大阪市北区梅田１丁目１－３大阪駅前第３ビル２９階１－１－１号室,2022-08-15,合同会社
ルミエ合同会社,大阪府大阪市平野区加美北１丁目２３番２７号２０１号室,2022-08-15,合同会社
ロジック・ジャパン株式会社,福島県郡山市駅前２丁目３－７エリート３０・２Ｆ,2022-08-15,株式会社
一七株式会社,大阪府大阪市淀川区淡路五丁目５－２０マンションタカヤマ４０１,2022-08-15,株式会社
一般社団法人あゆみ会,大阪府大阪市平野区長吉六反１丁目３番２７号,2022-08-15,その他の設立登記法人
一般社団法人きょうどうみんなの文化教室,東京都世田谷区経堂４丁目３１番８号,2022-08-15,その他の設立登記法人
一般社団法人たいせい子どもの未来サポート,北海道札幌市豊平区平岸五条６丁目２番２０－４０１号,2022-08-15,その他の設立登記法人
一般社団法人ちゃぽっと,愛知県豊田市豊栄町９丁目９９番地５,2022-08-15,その他の設立登記法人
一般社団法人ウーマンフードヘルス協会,沖縄県中頭郡北中城村字喜舎場１４７８番地ＥＭウェルネス暮らしの発酵ライフスタイルリゾート２４４号室,2022-08-15,その他の設立登記法人
一般社団法人オイコクレジット・ジャパン,京都府京都市上京区烏丸通今出川上る岡松町２５５番２クラッパードイン内,2022-08-15,その他の設立登記法人
一般社団法人グローバル教育奨学会,東京都千代田区二番町３番地麹町スクエア１階,2022-08-15,その他の設立登記法人
一般社団法人サポートホールディングス４４号,東京都千代田区丸の内３丁目１番１号東京共同会計事務所内,2022-08-15,その他の設立登記法人
一般社団法人スポーツバイタライザー,山梨県甲府市朝気２丁目１番１６号,2022-08-15,その他の設立登記法人
一般社団法人ビーイングジャパン,三重県松阪市駅部田町６１５番地１９,2022-08-15,その他の設立登記法人
一般社団法人ルビィホールディングス,東京都千代田区丸の内３丁目１番１号東京共同会計事務所内,2022-08-15,その他の設立登記法人
一般社団法人三枝国際技術振興会,東京都世田谷区池尻２丁目３７番１４号,2022-08-15,その他の設立登記法人
一般社団法人二川リンケージ,愛知県豊橋市二川町字中町１３１番地,2022-08-15,その他の設立登記法人
一般社団法人全国技術アジャスター協会,東京都千代田区岩本町３丁目４番６号トナカイタワーズ２階,2022-08-15,その他の設立登記法人
一般社団法人大田区教職員互助会,東京都大田区池上３丁目２７番６号（旧池上図書館１階）,2022-08-15,その他の設立登記法人
一般社団法人天照会,大阪府大阪市北区天神橋４丁目５番２号,2022-08-15,その他の設立登記法人
一般社団法人宮城県年金協会,宮城県仙台市青葉区二日町２－１キムラオフィスビル５階,2022-08-15,その他の設立登記法人
一般社団法人所有者不明土地利用円滑化推進協議会,兵庫県西宮市浦風町３番６号,2022-08-15,その他の設立登記法人
一般社団法人日本名輪会,東京都板橋区蓮根３丁目１４番２９号一般社団法人日本競輪選手会内,2022-08-15,その他の設立登記法人
一般社団法人相続みらいサポート協会,東京都品川区西五反田２丁目４番６－４０３号,2022-08-15,その他の設立登記法人
一般社団法人相続・不動産相談センター,大阪府大阪市北区堂島２丁目１番２５号,2022-08-15,その他の設立登記法人
一般社団法人福祉芸術支援機構,静岡県三島市中島９４番地の１,2022-08-15,その他の設立登記法人
一般社団法人頭痛セラピー協会,愛知県蒲郡市水竹町木船３６番地１,2022-08-15,その他の設立登記法人
一般社団法人Ｆｕｔｕｒｅ　ｏｆ　Ａｓｉａ,大阪府大阪市東住吉区北田辺４丁目１３番９号,2022-08-15,その他の設立登記法人
一般社団法人ＫＲＦ１０１,東京都千代田区内幸町２丁目１番６号,2022-08-15,その他の設立登記法人
一般社団法人ＫＲＦ１０２,東京都千代田区内幸町２丁目１番６号,2022-08-15,その他の設立登記法人
一般社団法人ＫＲＦ１０３,東京都千代田区内幸町２丁目１番６号,2022-08-15,その他の設立登記法人
一般社団法人ＮＭＮ医療研究会,東京都中央区銀座１丁目１４番４号,2022-08-15,その他の設立登記法人
一般社団法人ＴＩＭＨＡ経済研究所,東京都港区元赤坂１丁目２番１７号赤坂Ｋタワー２６階,2022-08-15,その他の設立登記法人
三葉合同会社,東京都荒川区荒川３丁目６１番６号,2022-08-15,合同会社
上海景祥食品有限公司　日本駐在員事務所,東京都足立区千住緑町１丁目２１－１０ジャパンステイ千住１０４号室,2022-08-15,外国会社等
九段下ソーラーホールディングス一般社団法人,東京都千代田区麹町２丁目８番地ＭＬＣ麹町ビル４階フィンポート税理士法人内,2022-08-15,その他の設立登記法人
九段下ソーラー合同会社,東京都千代田区麹町２丁目８番地ＭＬＣ麹町ビル４階フィンポート税理士法人内,2022-08-15,合同会社
五つ星交通株式会社,大阪府堺市中区小阪７１番地４,2022-08-15,株式会社
五常コンサルティング株式会社,愛知県名古屋市緑区黒沢台４丁目１６０３番地の２,2022-08-15,株式会社
全共連第２回劣後ローン流動化株式会社,東京都千代田区丸の内３丁目１番１号東京共同会計事務所内,2022-08-15,株式会社
全国建物損害調査協会株式会社,東京都中野区中央４丁目１番３号ボニータ新中野ビル４階,2022-08-15,株式会社
六原トラスト不動産合同会社,東京都大田区池上２丁目２１番９号,2022-08-15,合同会社
北海道ブルワリー株式会社,北海道苫小牧市錦町２丁目２番１７号,2022-08-15,株式会社
北海道農業會,北海道札幌市中央区北四条西１丁目１番地,2022-08-15,その他の設立登記法人
医療法人エスポワール,愛知県名古屋市名東区牧の原３丁目３０１番地１,2022-08-15,その他の設立登記法人
医療法人上野,岩手県北上市上野町５丁目５番地,2022-08-15,その他の設立登記法人
医療法人社団芳世会,千葉県富津市大堀１８３１番地,2022-08-15,その他の設立登記法人
協和マネジメント株式会社,福岡県福岡市東区名島３丁目５番１５号,2022-08-15,株式会社
印西ファイブ開発一般社団法人,東京都千代田区神田神保町１丁目１１番地さくら綜合事務所内,2022-08-15,その他の設立登記法人
司法書士法人つばさ総合事務所,東京都中央区日本橋本町２丁目３番１５号共同ビル新本町６階,2022-08-15,その他の設立登記法人
合同会社すわっこホーム,長野県諏訪市大字豊田３１０番地３,2022-08-15,合同会社
合同会社つなぐ総研,広島県広島市中区幟町７番３０号４階,2022-08-15,合同会社
合同会社アドインテグリティ,愛知県名古屋市緑区左京山１５０３番地ユニロイヤル緑パーク３０３号,2022-08-15,合同会社
合同会社オリエント・トレーディング,静岡県静岡市駿河区寺田３－１０,2022-08-15,合同会社
合同会社オレンダーインターナショナル,茨城県稲敷市羽賀２２６７番地１－２号棟,2022-08-15,合同会社
合同会社ガレージカスガ,長野県伊那市美篶９４８１番地,2022-08-15,合同会社
合同会社コンパーノ,東京都東大和市向原３丁目２番地の１３,2022-08-15,合同会社
合同会社サポート４４号,東京都千代田区丸の内３丁目１番１号東京共同会計事務所内,2022-08-15,合同会社
合同会社サムライドライバーズ,東京都港区白金台４丁目１０番１０号,2022-08-15,合同会社
合同会社サンライズイヅモ,東京都港区南青山２丁目２番１５,2022-08-15,合同会社
合同会社シェルホ,宮城県仙台市青葉区貝ケ森１丁目５番１３号,2022-08-15,合同会社
合同会社スリーエス,愛知県名古屋市西区山木２丁目２４８番地,2022-08-15,合同会社
合同会社ゼン,東京都板橋区高島平７丁目３２－１１－５０１,2022-08-15,合同会社
合同会社ソウルマート,愛知県刈谷市相生町３丁目９番地ｚｉｚｉビル,2022-08-15,合同会社
合同会社ナツメサクセン,岡山県岡山市北区下伊福２丁目８番４号エクレール２１‐３０３号室,2022-08-15,合同会社
合同会社ニシナラ,千葉県船橋市西習志野４丁目２１番６号,2022-08-15,合同会社
合同会社ノア,茨城県取手市白山２丁目２３番１６号,2022-08-15,合同会社
合同会社ハクワークス,埼玉県熊谷市本町１丁目２２２,2022-08-15,合同会社
合同会社ヒガシ,大分県大分市大字城原１７３４の３０番地,2022-08-15,合同会社
合同会社フィールドセンター,三重県四日市市小杉町１２６０番地１,2022-08-15,合同会社
合同会社フリーウェイ,東京都台東区台東４丁目２９番１３－８０２号,2022-08-15,合同会社
合同会社ラミテック,群馬県伊勢崎市安堀町１８９７－１ＹＳファーストハイムＣ２０２,2022-08-15,合同会社
合同会社リベト,東京都港区南青山２丁目２番１５号,2022-08-15,合同会社
合同会社ルビィ,東京都千代田区丸の内３丁目１番１号東京共同会計事務所内,2022-08-15,合同会社
合同会社ワイ・オー,神奈川県横浜市金沢区六浦南４丁目２０番３－１１１２号,2022-08-15,合同会社
合同会社今井総業,大阪府大阪市東住吉区山坂１丁目１９番２２号山坂長屋Ｂ,2022-08-15,合同会社
合同会社太平洋開発,東京都台東区台東４丁目２９番１３－８０２号,2022-08-15,合同会社
合同会社慶樂,京都府京都市北区衣笠北荒見町５番地２アンシェンヌ京都衣笠１０１号,2022-08-15,合同会社
合同会社松井商店,北海道札幌市豊平区豊平三条１丁目１番５－６０９号,2022-08-15,合同会社
合同会社武田,愛媛県松山市余戸中３丁目１０番３５号,2022-08-15,合同会社
合同会社江別江労舎,北海道江別市文京台南町２２番地の１１,2022-08-15,合同会社
合同会社飛鳥山,東京都台東区台東４丁目２９番１３－８０２号,2022-08-15,合同会社
合同会社８,沖縄県沖縄市比屋根３丁目１４－３,2022-08-15,合同会社
合同会社ＡＫクリエイト,東京都墨田区堤通１丁目１２番１３号,2022-08-15,合同会社
合同会社Ａｒｃ　Ｔｒａｄｅ　Ｊａｐａｎ,宮崎県都城市南鷹尾町１２街区２１号,2022-08-15,合同会社
合同会社ＣＨＪＭ,東京都世田谷区下馬３丁目２５番４号,2022-08-15,合同会社
合同会社ＣＨＯＵＥＴＴＥ,東京都足立区西新井栄町２丁目８―２４マジマカシテンポ１０１,2022-08-15,合同会社
合同会社Ｃｕｂｅｓ,福島県福島市渡利字沼ノ町２番地の１,2022-08-15,合同会社
合同会社Ｄコミュニティ,岩手県盛岡市門１丁目１９番１９号,2022-08-15,合同会社
合同会社ＤＡＩＣＨＩ,山口県山陽小野田市大字東高泊１９１５番地２３,2022-08-15,合同会社
合同会社Ｄｏｕｂｌｅ‐Ｕｐ,東京都渋谷区桜丘町２３番１７号シティコート桜丘４０８,2022-08-15,合同会社
合同会社ＦＩＲＳＴ　ＶＡＬＬＥＹ,京都府亀岡市大井町並河３丁目１７番３号,2022-08-15,合同会社
合同会社ＧＳボートＹＯＵ,沖縄県石垣市字大川１９８番地８シグマビル２０１号,2022-08-15,合同会社
合同会社Ｇｅｎｅｒｅｕｘ,東京都中央区銀座１丁目２２－１１銀座大竹ビジデンス２Ｆ,2022-08-15,合同会社
合同会社Ｇｉｇｉ．ｇｒａｐｈｉｃｓ,東京都文京区千駄木２丁目４４番１７号,2022-08-15,合同会社
合同会社Ｇｏｌｄｂｅｒｇ,埼玉県上尾市柏座１丁目１０―１キャッスル上尾５０４,2022-08-15,合同会社
合同会社Ｈｉｓｓｏｒｉａ,大阪府摂津市別府２丁目３２番１３号,2022-08-15,合同会社
合同会社ＪＴＯＷＥＲ　Ｉｎｆｒａｓｔｒｕｃｔｕｒｅ２,東京都港区南青山２丁目２番３号,2022-08-15,合同会社
合同会社Ｋ．ｉ．Ｃ．Ｏ．ｈｅａｒｔ,大阪府堺市北区常磐町３丁１９９番地２,2022-08-15,合同会社
合同会社ＫＴ,愛知県東海市富木島町東山田１１８番地の３,2022-08-15,合同会社
合同会社Ｌ‐ＡＣＴグループ,京都府京都市伏見区深草大亀谷大山町８６－１４,2022-08-15,合同会社
合同会社ＬＩＢ,兵庫県芦屋市公光町９番６号,2022-08-15,合同会社
合同会社ＭＩＮＡＷＯＲＫＳ,埼玉県春日部市増富２９５番地１１,2022-08-15,合同会社
合同会社ＭＭＴ,大阪府大阪市東淀川区小松４丁目１６番８号グランドパレス上新庄小松マンション２０１号室,2022-08-15,合同会社
合同会社ＭＯ企画,大阪府大阪市東淀川区淡路３丁目２０番４７号,2022-08-15,合同会社
合同会社ＮＫＳ,宮崎県宮崎市大字郡司分甲２２３６番地２ディアス本郷Ａ棟２０１号,2022-08-15,合同会社
合同会社Ｎｅｗｌｙ　Ｒｅｂｏｒｎ,東京都品川区上大崎３丁目１１番２号－１０３,2022-08-15,合同会社
合同会社ＯＡＳＩＳ,長野県駒ヶ根市赤須町９番１５号,2022-08-15,合同会社
合同会社ＯＮ　ＳＹＳＴＥＭ,埼玉県新座市野火止７丁目１６番１１－２０６号,2022-08-15,合同会社
合同会社ＰＬＡＹＰＬＡＮＥＴ,沖縄県那覇市字安里３８１番地１,2022-08-15,合同会社
合同会社ＰＯＰＯＬ,福岡県福岡市中央区今泉２丁目４－２３－３０１,2022-08-15,合同会社
合同会社Ｒｅ’ｍａｋｅ,東京都武蔵野市緑町１丁目２番１７号,2022-08-15,合同会社
合同会社Ｒｅｇｌｅｓｓ,福岡県福岡市中央区荒津２丁目１番７－４０３号ベルメゾン西公園テラス,2022-08-15,合同会社
合同会社ＳＫクリーニング,東京都新宿区西新宿３丁目３－１３,2022-08-15,合同会社
合同会社ＳＯＮＡＩＬ,徳島県鳴門市撫養町林崎字北殿町２９番地,2022-08-15,合同会社
合同会社Ｓａｉ,山梨県甲府市蓬沢１丁目１０番１２号,2022-08-15,合同会社
合同会社ＴＨ,東京都中央区日本橋浜町３丁目３番１－２８１０号,2022-08-15,合同会社
合同会社ＴＨＥ　ＴＡＣＴＩＣＡＬ　ＴＯＫＹＯ,埼玉県戸田市新曽南３丁目１２番４号,2022-08-15,合同会社
合同会社ＴＩＧ,滋賀県甲賀市水口町新城５８５番地８,2022-08-15,合同会社
合同会社ＹＫＢ,東京都港区南青山２丁目２番１５号,2022-08-15,合同会社
合同会社ｅｎｏ島,神奈川県藤沢市鵠沼石上１丁目７番８ビッグライズビル５階,2022-08-15,合同会社
合同会社ｇｒｏｗｖｅｒ,千葉県千葉市美浜区打瀬２丁目５番地,2022-08-15,合同会社
合同会社ｌｅ　ｃｉｅｌ,大阪府大阪市中央区高麗橋１丁目７番７－５４０２号,2022-08-15,合同会社
合同会社ｕｃ＆ｉ,千葉県松戸市常盤平３丁目３番地の４６,2022-08-15,合同会社
合名会社楪,愛知県岡崎市明大寺町字馬場東１６２番地５,2022-08-15,合名会社
吉森株式会社,東京都文京区根津２丁目１４番１０号日興パレス文京プラザ２０２号室,2022-08-15,株式会社
堀合同会社,広島県福山市川口町１丁目１１番４１号,2022-08-15,合同会社
夏日合同会社,東京都品川区西五反田７丁目１３番５号ＤＫ五反田４階４１８号室,2022-08-15,合同会社
太陽株式会社,東京都江東区東陽２丁目４番３９号新東陽ビル４階,2022-08-15,株式会社
安齋美子行政書士法人,東京都港区港南１丁目９番３６号アレア品川ビル１３階エキスパートオフィス品川内,2022-08-15,その他の設立登記法人
富士パミス株式会社,山梨県南都留郡山中湖村山中字梁尻１４６１番地８先,2022-08-15,株式会社
富士山国際交流協同組合,静岡県御殿場市新橋２０３４番地,2022-08-15,その他の設立登記法人
山工株式会社,大阪府大東市三箇６丁目１番２８号,2022-08-15,株式会社
弁護士法人アーライツ法律事務所,東京都中央区築地３丁目９－１０築地ビル３階,2022-08-15,その他の設立登記法人
弁護士法人ネクサス法律事務所,東京都千代田区内神田１丁目２番１号ＩＳＭ・Ｏｔｅｍａｃｈｉ１０階,2022-08-15,その他の設立登記法人
日本水産工学会,東京都新宿区山吹町３５８－５,2022-08-15,その他
日立国際株式会社,神奈川県川崎市中原区井田２丁目９番８号,2022-08-15,株式会社
星野屋合同会社,神奈川県綾瀬市小園１３９０番地１１,2022-08-15,合同会社
有限会社アンデック,山口県下関市彦島本村町５丁目６番８号,2022-08-15,有限会社
未来予想図株式会社,山梨県甲斐市宇津谷１８５－１,2022-08-15,株式会社
株式会社おまめ,京都府京都市上京区堀川通今出川上る実相院町１３９番地３,2022-08-15,株式会社
株式会社かなえる,神奈川県茅ヶ崎市松が丘２丁目５番地３２－７号,2022-08-15,株式会社
株式会社すずなぎ,京都府京都市伏見区羽束師古川町６４７番地３羽束師団地２棟４０９号,2022-08-15,株式会社
株式会社そら,東京都目黒区下目黒５丁目１６番１６号,2022-08-15,株式会社
株式会社ひろぴこ企画,福岡県福岡市早良区干隈６丁目８番３９－１０２号,2022-08-15,株式会社
株式会社ふじまる弁当,愛知県安城市御幸本町８番１号,2022-08-15,株式会社
株式会社まごのてシステム,長野県長野市差出南２丁目２６番４号,2022-08-15,株式会社
株式会社まるよし工務店,埼玉県狭山市広瀬台１丁目５２番２５号,2022-08-15,株式会社
株式会社みらい＆パートナーズ,長野県上伊那郡南箕輪村字中野原８３０６番１９９０,2022-08-15,株式会社
株式会社やまでら本店,福島県会津若松市日新町１２番２３号,2022-08-15,株式会社
株式会社やまやま,和歌山県伊都郡かつらぎ町大字丁ノ町１５２６番地,2022-08-15,株式会社
株式会社ゆいまーる,静岡県浜松市中区木戸町６番１－３０８号プライムタウン木戸町,2022-08-15,株式会社
株式会社アイダイム,栃木県小山市南乙女１丁目６－２６,2022-08-15,株式会社
株式会社アクセサリートツプ,愛知県岡崎市元能見町１１７番地,2022-08-15,株式会社
株式会社アシスト,東京都渋谷区渋谷３丁目２８番１５号渋谷Ｓ野口ビル１０Ｆ,2022-08-15,株式会社
株式会社アシストホビー,大阪府大阪市淀川区西中島４丁目１１番２７号,2022-08-15,株式会社
株式会社アストライズ,沖縄県島尻郡八重瀬町字伊覇１２３番地１,2022-08-15,株式会社
株式会社アソコマーシャル,東京都杉並区堀ノ内３丁目３１番１１号,2022-08-15,株式会社
株式会社アップビレッジ開発,青森県八戸市根城１丁目３４番１４号,2022-08-15,株式会社
株式会社アペルタ,大阪府枚方市黄金野２丁目９番１５号,2022-08-15,株式会社
株式会社アポロ島﨑,群馬県高崎市中豊岡町６４番地２,2022-08-15,株式会社
株式会社アルカンシエル,東京都北区昭和町２丁目３番２－４０５号,2022-08-15,株式会社
株式会社アンパサンド,愛媛県松山市土居田町６２０番地７,2022-08-15,株式会社
株式会社アーキプラス,千葉県千葉市美浜区磯辺１丁目４７番３号,2022-08-15,株式会社
株式会社アークシルクガーデン,宮城県仙台市宮城野区小田原１丁目１０番２５－８１２号,2022-08-15,株式会社
株式会社アールコンセプト,東京都府中市府中町２丁目３－６,2022-08-15,株式会社
株式会社インテリアシン,福岡県那珂川市片縄５丁目７番地１－１０１号,2022-08-15,株式会社
株式会社インデックスタイプ,東京都大田区蒲田５丁目４０番地,2022-08-15,株式会社
株式会社ウィスタリア,東京都板橋区前野町６丁目３９－５,2022-08-15,株式会社
株式会社エコテクノロジー,北海道小樽市星野町２５０番地１１,2022-08-15,株式会社
株式会社エドゼン,新潟県新潟市西蒲区下和納３５６９番地サンシャイン２８Ａ‐１０２,2022-08-15,株式会社
株式会社エネリンクホールディングス,東京都港区虎ノ門４丁目３番１号,2022-08-15,株式会社
株式会社エミライズ,福岡県福岡市東区下原３丁目１番４９－１０１号,2022-08-15,株式会社
株式会社エムテックス,愛知県豊田市上郷町３丁目４番地６,2022-08-15,株式会社
株式会社エム・シー・エフ,埼玉県さいたま市緑区東浦和８丁目２１番５－１０２号,2022-08-15,株式会社
株式会社エルスタイルホールディングス,東京都中央区銀座１丁目１５番７ＭＡＣ銀座ビル３階,2022-08-15,株式会社
株式会社エージェントパートナー福岡,福岡県福岡市中央区天神１丁目９番１７号福岡天神フコク生命ビル１５Ｆ,2022-08-15,株式会社
株式会社オーエスジャパン,大阪府大阪市大正区泉尾２丁目１５番３号サンコー第８ハイツ１０２号,2022-08-15,株式会社
株式会社カハラ,京都府京都市山科区東野中井ノ上町１９番地１２,2022-08-15,株式会社
株式会社カワグループ本社,和歌山県有田郡広川町大字広５０１番地の５,2022-08-15,株式会社
株式会社カーライフ粟津,石川県小松市井口町へ３１番地,2022-08-15,株式会社
株式会社キトウコーポレーション,愛知県名古屋市中川区西伏屋２丁目９０３番地,2022-08-15,株式会社
株式会社キョウ・クリエイト,京都府京都市下京区四条堀川西入唐津屋町５３３,2022-08-15,株式会社
株式会社ククナ,東京都中央区日本橋人形町２丁目２３番５号－４Ｆ,2022-08-15,株式会社
株式会社クライミング,大阪府大阪市東淀川区井高野１丁目２８番５８－２３号,2022-08-15,株式会社
株式会社クロムビジョン,東京都渋谷区初台２丁目１６番２０－２１１号,2022-08-15,株式会社
株式会社ケイワン,宮崎県宮崎市柳丸町１５３番地１パティオ柳丸Ｃ２－２,2022-08-15,株式会社
株式会社コンティニュー,埼玉県川口市上青木５丁目１０番１３号,2022-08-15,株式会社
株式会社サイバーセキュリティインターナショナル,東京都港区高輪２丁目１－１３,2022-08-15,株式会社
株式会社サッポロ土谷ホールディングス,北海道札幌市東区本町二条１０丁目２番３５号,2022-08-15,株式会社
株式会社サトカ,東京都江戸川区松江７丁目１９番２号,2022-08-15,株式会社
株式会社サマサマコミュニケーションズ,東京都杉並区堀ノ内３丁目３１番１１号,2022-08-15,株式会社
株式会社サンケア,東京都西東京市住吉町３丁目４番１９号,2022-08-15,株式会社
株式会社サンデーモーニング,岐阜県大垣市問屋町１－２,2022-08-15,株式会社
株式会社サントー,山口県下松市潮音町２丁目２番２号,2022-08-15,株式会社
株式会社サンビルド,岡山県岡山市北区青江５丁目１８番２３号,2022-08-15,株式会社
株式会社システムデザインマネジメント,大阪府大阪市城東区鴫野西５丁目１番４－１０８号,2022-08-15,株式会社
株式会社シャイン不動ＳＵＮ建物管理,沖縄県那覇市前島１丁目１番１４号アルヴィータ美栄橋１Ｆ,2022-08-15,株式会社
株式会社シャルマン,愛媛県新居浜市郷３丁目１４番１３号,2022-08-15,株式会社
株式会社シンリョク,沖縄県豊見城市字饒波６５番地、１Ｆ,2022-08-15,株式会社
株式会社シーガル,千葉県習志野市津田沼６丁目１１番２４号,2022-08-15,株式会社
株式会社シーダー,愛知県名古屋市西区花の木１丁目１３番１８号マザー花の木７０４号室,2022-08-15,株式会社
株式会社ジャントレーディング,沖縄県中頭郡中城村字和宇慶６３１番地１,2022-08-15,株式会社
株式会社ジュノエスク,東京都千代田区飯田橋１丁目８番９号,2022-08-15,株式会社
株式会社ジョイアカリーナ,東京都世田谷区桜丘２丁目１１番２号,2022-08-15,株式会社
株式会社スタジオウエスト一級建築士事務所,東京都中央区八丁堀３丁目１１番９号,2022-08-15,株式会社
株式会社スマートシステム,福岡県久留米市宮ノ陣５丁目１０番２０号,2022-08-15,株式会社
株式会社セカンドフィールド,長野県駒ヶ根市下平８００番地１,2022-08-15,株式会社
株式会社セカンドメタル,福岡県田川郡福智町伊方４３４６番地,2022-08-15,株式会社
株式会社セナ・インターナショナル,神奈川県横浜市青葉区美しが丘４丁目５２番地８６,2022-08-15,株式会社
株式会社ダイシン,福岡県福岡市中央区大名２丁目１０番４号Ｄ－８１０,2022-08-15,株式会社
株式会社ダンマルシェ,兵庫県明石市硯町３丁目４番２３号,2022-08-15,株式会社
株式会社チェリーブロッサム,神奈川県足柄上郡松田町寄２４９７番地２,2022-08-15,株式会社
株式会社チームワーク,福島県会津若松市町北町大字上荒久田字鈴木６０番地１,2022-08-15,株式会社
株式会社ティーエム,東京都中央区日本橋箱崎町４１番６－１００５号,2022-08-15,株式会社
株式会社テック２１,静岡県浜松市南区飯田町３０３番地,2022-08-15,株式会社
株式会社ディライト,京都府京都市右京区西京極午塚町７４番地,2022-08-15,株式会社
株式会社ディラネスリゾート,山梨県南都留郡山中湖村山中１４２番地,2022-08-15,株式会社
株式会社デメーテル,東京都品川区西五反田１丁目２６番２号五反田サンハイツ９１１,2022-08-15,株式会社
株式会社トキワ工業,愛知県名古屋市中川区中京南通２丁目１３番地,2022-08-15,株式会社
株式会社トラスト・コンサルティングアンドパートナーズ,東京都新宿区新宿１丁目２番１号,2022-08-15,株式会社
株式会社ドットジェイピー,福岡県福岡市中央区天神４丁目６番２８号天神ファーストビル７階,2022-08-15,株式会社
株式会社ドラコニックエンターテインメント,北海道函館市昭和４丁目４９番６号,2022-08-15,株式会社
株式会社ネクスト,愛知県春日井市知多町２丁目９１番地１,2022-08-15,株式会社
株式会社ネクストステージ,京都府京都市下京区七条通東洞院東入る材木町４９９番地２第１キョートビル内,2022-08-15,株式会社
株式会社ネクストドア,愛知県名古屋市千種区観月町１丁目２５番地,2022-08-15,株式会社
株式会社ノア,北海道札幌市東区伏古十二条２丁目９番２号,2022-08-15,株式会社
株式会社ハッピーマフィン,三重県桑名市北魚町３６番地,2022-08-15,株式会社
株式会社バースタイプ,大阪府吹田市豊津町９番２２号大同門本部ビル６Ｆ,2022-08-15,株式会社
株式会社パレスディー,福岡県福岡市博多区東那珂３丁目５－１９－１００２,2022-08-15,株式会社
株式会社ヒルタソウケン,福島県いわき市山田町法田５２番地の１,2022-08-15,株式会社
株式会社ビューティワールド・エンタープライセス,東京都新宿区新宿１丁目２番１号,2022-08-15,株式会社
株式会社ビルド遠藤グループ,岩手県岩手郡葛巻町葛巻第７地割９１番地,2022-08-15,株式会社
株式会社ビーンズテック,北海道上川郡清水町御影東六条５丁目５番地１,2022-08-15,株式会社
株式会社ピアホム,高知県高知市鴨部２丁目２番３９－７０６号サーパス鴨部,2022-08-15,株式会社
株式会社フォレスト,東京都大田区大森北１丁目８番１５号ラトゥールヴェルディ４０１号室,2022-08-15,株式会社
株式会社フォレスト,埼玉県越谷市大字大竹４５０番地,2022-08-15,株式会社
株式会社フォーウェイズラボラトリー,東京都世田谷区上野毛４丁目３０番１－６０１号,2022-08-15,株式会社
株式会社フロンティア,福岡県遠賀郡水巻町中央７番２０号ディアスＢＥＮ１０１号,2022-08-15,株式会社
株式会社ブルーローズ・ライフ,埼玉県秩父市野坂町２丁目１２番４４号,2022-08-15,株式会社
株式会社プロフーモ,兵庫県明石市野々上３丁目１３番地の１西明石グリーンハイツ１Ｆ,2022-08-15,株式会社
株式会社ベルニュース,東京都中央区日本橋久松町１１番６号,2022-08-15,株式会社
株式会社ペルルブラン,愛媛県宇和島市新町２丁目１番９号ラトゥール新町２０１,2022-08-15,株式会社
株式会社マルクコーポレーション,千葉県富里市七栄６５３番地５４,2022-08-15,株式会社
株式会社ユメテック,大阪府堺市中区小阪１６９番地１,2022-08-15,株式会社
株式会社ユースパレイス,千葉県船橋市本中山２丁目２番１号,2022-08-15,株式会社
株式会社リーフマインド,北海道札幌市中央区南十三条西７丁目２番１１号,2022-08-15,株式会社
株式会社ルピナス,宮城県仙台市泉区黒松２丁目１番１５号,2022-08-15,株式会社
株式会社レッドマスク,大阪府堺市堺区三宝町４丁２４２番地３,2022-08-15,株式会社
株式会社レベルシックス,埼玉県入間市宮寺２３５６番地,2022-08-15,株式会社
株式会社ヴィクトリアビューティクイン,東京都新宿区西新宿８丁目１２番１号,2022-08-15,株式会社
株式会社ヴィクトリア・マーケティングアンドアソシエイツ,東京都新宿区新宿１丁目２番１号,2022-08-15,株式会社
株式会社一期一会,東京都港区南青山２丁目３番３号パークコート青山ザ・タワー７０３,2022-08-15,株式会社
株式会社一番ジャパン,岐阜県大垣市問屋町１－２,2022-08-15,株式会社
株式会社丈英メディカル,愛知県名古屋市昭和区高峯町１２３番地,2022-08-15,株式会社
株式会社三田村工業,大阪府大阪市平野区加美北９丁目１７番３号,2022-08-15,株式会社
株式会社九州ステップ,福岡県京都郡苅田町若久町３丁目１４－６,2022-08-15,株式会社
株式会社九福商社,大阪府八尾市大竹７丁目１６９番地,2022-08-15,株式会社
株式会社井上架設工業,岡山県岡山市東区城東台西１丁目９番１４号,2022-08-15,株式会社
株式会社介英会,群馬県前橋市公田町６０４番地１,2022-08-15,株式会社
株式会社令和メディカルアソシエイツ,東京都港区西麻布２丁目２４番２６－４０２号,2022-08-15,株式会社
株式会社企画屋本舗,東京都中央区日本橋堀留町１丁目１番７号西田ビル４Ｆ,2022-08-15,株式会社
株式会社伍代建設工業,福島県郡山市図景２丁目２番４号図景アーバン１０１,2022-08-15,株式会社
株式会社優ＲＵＲＩ,埼玉県八潮市大字二丁目２０５番地,2022-08-15,株式会社
株式会社八恵堂,福岡県福岡市南区横手４丁目１９－１８,2022-08-15,株式会社
株式会社冨田塗装,愛知県小牧市安田町１２１番地オフィス１２１Ａ,2022-08-15,株式会社
株式会社前田工業,鳥取県鳥取市国府町宮下２２８番地２,2022-08-15,株式会社
株式会社千原工業,鹿児島県鹿児島市原良７丁目３５番１６号,2022-08-15,株式会社
株式会社原賀保温,福岡県糟屋郡篠栗町大字篠栗２１４９番地５,2022-08-15,株式会社
株式会社吉宰,愛媛県今治市波方町小部甲２６７番地,2022-08-15,株式会社
株式会社名伸サービス,愛知県名古屋市中川区荒江町１４番８号,2022-08-15,株式会社
株式会社和,埼玉県比企郡滑川町みなみ野２丁目５番地８,2022-08-15,株式会社
株式会社喫茶店から始まるまちづくり,愛知県名古屋市北区中味鋺１丁目９５２番地,2022-08-15,株式会社
株式会社国際アルバトロス,千葉県白井市木８２５－４,2022-08-15,株式会社
株式会社大京機工,大阪府寝屋川市点野２丁目６番９号,2022-08-15,株式会社
株式会社大徳玉,東京都中央区日本橋小伝馬町１７番１５号,2022-08-15,株式会社
株式会社大手前パートナーズ,大阪府大阪市中央区石町１丁目１番１号,2022-08-15,株式会社
株式会社大樹,愛知県安城市新田町出郷５３番地,2022-08-15,株式会社
株式会社大海コーポレーション,京都府宇治市槇島町十八５３番地の１,2022-08-15,株式会社
株式会社大野木型,滋賀県守山市古高町２４５番地２,2022-08-15,株式会社
株式会社寛文社,愛知県名古屋市守山区弁天が丘７０２番地,2022-08-15,株式会社
株式会社山屋,栃木県鹿沼市御成橋町１丁目２２６３－６,2022-08-15,株式会社
株式会社岩川建材,鹿児島県鹿児島市小山田町５８４３番地,2022-08-15,株式会社
株式会社布留川電気,千葉県山武郡九十九里町片貝４８３番地,2022-08-15,株式会社
株式会社弘光,神奈川県川崎市中原区井田２丁目９番８号,2022-08-15,株式会社
株式会社彩の国建築研究所,埼玉県さいたま市南区南本町１丁目１４番５号,2022-08-15,株式会社
株式会社悠久,神奈川県横浜市南区永楽町１丁目８番地５０１,2022-08-15,株式会社
株式会社成澤建築,北海道札幌市手稲区新発寒五条３丁目８番１５号,2022-08-15,株式会社
株式会社日嵩建設,神奈川県横浜市旭区白根６丁目５７番１号,2022-08-15,株式会社
株式会社旺伸,愛知県津島市東柳原町２丁目３４番地１,2022-08-15,株式会社
株式会社明倫建設,東京都練馬区石神井台４丁目１４番１２号,2022-08-15,株式会社
株式会社明和,北海道函館市美原１丁目３６番２６号,2022-08-15,株式会社
株式会社明神電設,鳥取県鳥取市丸山町８３番地５,2022-08-15,株式会社
株式会社木幡ベース,福島県二本松市木幡字松木下９番地５,2022-08-15,株式会社
株式会社木村,東京都渋谷区東２丁目１４番１３号,2022-08-15,株式会社
株式会社東京家電,東京都渋谷区東２丁目１４番１３号,2022-08-15,株式会社
株式会社東京活動写真,東京都港区新橋２丁目５－６大村ビル７０３,2022-08-15,株式会社
株式会社松玉,東京都墨田区石原４丁目３番６号鳥羽田ビル１Ｆ,2022-08-15,株式会社
株式会社柴田電気商会,富山県小矢部市水島５２２番地１,2022-08-15,株式会社
株式会社栄健ネット,埼玉県さいたま市大宮区桜木町２丁目３番地大宮マルイ７階,2022-08-15,株式会社
株式会社武心,埼玉県上尾市大字地頭方５２６番地１,2022-08-15,株式会社
株式会社毎日が月曜日,北海道札幌市豊平区豊平三条９丁目３番１０号,2022-08-15,株式会社
株式会社海月,大阪府大阪市西区阿波座１丁目２番２号,2022-08-15,株式会社
株式会社湾岸経済研究所,神奈川県横浜市金沢区能見台１丁目１６番地４,2022-08-15,株式会社
株式会社玉城建装工業,千葉県市原市青葉台４丁目１３番地１２,2022-08-15,株式会社
株式会社生楽,愛知県名古屋市昭和区鶴舞３丁目１６番２０号,2022-08-15,株式会社
株式会社相基興業,千葉県市川市国分２丁目１１番１７号花神ビル２０１,2022-08-15,株式会社
株式会社睦工務店,京都府京都市右京区嵯峨広沢北下馬野町５番地４,2022-08-15,株式会社
株式会社福田,長野県小諸市加増２丁目７番１号,2022-08-15,株式会社
株式会社福祉環境サービス,長野県大町市大町９２１番地９,2022-08-15,株式会社
株式会社秀星,愛知県常滑市青海町７丁目５５番地の２,2022-08-15,株式会社
株式会社紡不動産,宮城県仙台市青葉区落合５丁目１５番３８号,2022-08-15,株式会社
株式会社義心建設,兵庫県神戸市兵庫区新開地６丁目２番３－６０３号ライオンズマンション神戸第３,2022-08-15,株式会社
株式会社花音,千葉県柏市若白毛５７２番地,2022-08-15,株式会社
株式会社蓮堂商会,千葉県柏市北柏３丁目１３番８－５０５号,2022-08-15,株式会社
株式会社薩長工務店,北海道札幌市東区北四十一条東２丁目１番６－２０１号,2022-08-15,株式会社
株式会社藤大建設,神奈川県相模原市中央区弥栄１丁目１７番２３号ハイツココロ１０２,2022-08-15,株式会社
株式会社西建築事務所,新潟県南魚沼市宮村下新田２１７番地１,2022-08-15,株式会社
株式会社西方堂,兵庫県神戸市兵庫区梅元町１番８号,2022-08-15,株式会社
株式会社誠商事,京都府亀岡市篠町森山先５番地５２,2022-08-15,株式会社
株式会社財遊舎,大分県杵築市大田小野１６３２番地,2022-08-15,株式会社
株式会社金俊,兵庫県姫路市花田町高木３４６番地,2022-08-15,株式会社
株式会社金座,大阪府和泉市葛の葉町６０番地の１１,2022-08-15,株式会社
株式会社銅和コーポレーション,千葉県八千代市八千代台西１０丁目２３番６号,2022-08-15,株式会社
株式会社長谷川装建,埼玉県吉川市中央３丁目４３番地２３,2022-08-15,株式会社
株式会社雄建,京都府京都市北区大宮薬師山東町２０番地の３,2022-08-15,株式会社
株式会社雄心,愛知県豊田市朝日町７丁目５番地１,2022-08-15,株式会社
株式会社雅,長野県飯田市上郷飯沼３１６９番地２,2022-08-15,株式会社
株式会社雨漏検査,奈良県奈良市神殿町２２０番地の１２３,2022-08-15,株式会社
株式会社香潤,埼玉県草加市谷塚町５８０番地１,2022-08-15,株式会社
株式会社高電,滋賀県近江八幡市江頭町６１９番地６,2022-08-15,株式会社
株式会社高鹿工業,埼玉県三郷市後谷２４５番地１,2022-08-15,株式会社
株式会社３３,愛知県名古屋市中区錦３丁目２０番１４号,2022-08-15,株式会社
株式会社７ＣＩＲＣＬＥ,千葉県君津市塚原１０９番地４,2022-08-15,株式会社
株式会社９５ｂｅｔａ,東京都千代田区有楽町１丁目２番２号東宝日比谷ビル９階,2022-08-15,株式会社
株式会社Ａ．Ｓ．ＬＩＮＥ,神奈川県川崎市川崎区四谷上町１６番３－１０２号,2022-08-15,株式会社
株式会社Ａ１Ｇｒｏｗｔｈ,東京都世田谷区北沢３丁目２１番４号あぶおーぼ２０２,2022-08-15,株式会社
株式会社ＡＦＤ,愛知県名古屋市中区大須３丁目６番２５号ミュプレ矢場町１１０５号室,2022-08-15,株式会社
株式会社ＡＨＰ,東京都千代田区飯田橋４丁目５番１４号飯田橋サンポーロハイツ５０,2022-08-15,株式会社
株式会社ＡＩＯ産業,大阪府大阪市西成区松１丁目２番１０号２階,2022-08-15,株式会社
株式会社ＡＲＥＡ,兵庫県神戸市兵庫区中道通２丁目１番１７号,2022-08-15,株式会社
株式会社ＡＶＥＮＩＲ,神奈川県横浜市南区上大岡五丁目３番３１号ラ・ジェンヌ上大岡２０５号,2022-08-15,株式会社
株式会社ＡＹＡホーム,兵庫県神戸市須磨区白川台５丁目４６番地の４,2022-08-15,株式会社
株式会社Ａｄｖｅｎｔｕｒｅ　Ｗｏｒｋｓ,大阪府泉大津市松之浜町２丁目３－７,2022-08-15,株式会社
株式会社ＡｉＳＫ,埼玉県越谷市赤山町１丁目４８,2022-08-15,株式会社
株式会社ＡｓＬ,京都府京都市北区西賀茂円峰１－４２,2022-08-15,株式会社
株式会社ＡｓｈＤ,長野県木曽郡大桑村大字野尻３１４０番地,2022-08-15,株式会社
株式会社Ａｔｅｌｉｅｒ４６０,宮城県仙台市太白区長町２丁目４番２号,2022-08-15,株式会社
株式会社Ａｖａｎｃｅｒ,神奈川県横浜市旭区二俣川１丁目６８番地３,2022-08-15,株式会社
株式会社Ａｖｅｃ　ａｍｏｕｒ,福岡県福岡市中央区荒戸２丁目２番８号ロワールマンション大濠Ⅱ２０６号,2022-08-15,株式会社
株式会社Ｂ　ｔｏ　Ｚ,埼玉県蕨市塚越２丁目７番６号ＴＭＳビル１Ｆ,2022-08-15,株式会社
株式会社ＢＩＫＡＳＨ,茨城県日立市幸町１丁目１２番１号,2022-08-15,株式会社
株式会社ＢＬＡＣＫ　ＧＯＬＤ,富山県高岡市姫野９２１番地８,2022-08-15,株式会社
株式会社ＢＬＵＥ,東京都新宿区揚場町１番３号,2022-08-15,株式会社
株式会社ＢＲＩＤＧＥ,東京都西東京市芝久保町１丁目１２番６６－１４０４号,2022-08-15,株式会社
株式会社ＢＴ,宮城県仙台市青葉区本町１丁目６番２３号７階,2022-08-15,株式会社
株式会社Ｂｅ‐ＢＰ,福岡県福岡市博多区銀天町２丁目１番２７号,2022-08-15,株式会社
株式会社Ｂｅ　Ｇｒｅｅｎ,東京都大田区東矢口３丁目７番３号醍醐マンション３０５,2022-08-15,株式会社
株式会社ＢｅＧＧＢ,大阪府東大阪市高井田１番１０号－２０２号室,2022-08-15,株式会社
株式会社Ｂｒｏｏｍｅ,京都府京都市右京区西院寿町４０番地３,2022-08-15,株式会社
株式会社Ｃ＆Ｓ,神奈川県横浜市瀬谷区三ツ境２番地２６,2022-08-15,株式会社
株式会社ＣＩＲＣＬＥ　ｏｆ　ＦＡＭ,千葉県船橋市山手２丁目１番２１号,2022-08-15,株式会社
株式会社ＣＯＮＮＥＣＴ,大阪府大阪市西区靱本町１丁目１３番３号,2022-08-15,株式会社
株式会社Ｃｉｒｆｅｃｔ　Ｔｅｃｈｎｏｌｏｇｙ,東京都渋谷区恵比寿１丁目１９番１９号,2022-08-15,株式会社
株式会社Ｃｏｍｐａｓｓ,福岡県福岡市中央区鳥飼３丁目７番２１号ジョイフルプラザ１０１号,2022-08-15,株式会社
株式会社Ｃｏｎｅｘｉｏｎ,広島県広島市安佐南区東原２丁目１番１－４－１０２号,2022-08-15,株式会社
株式会社Ｄ’ｓ　ＧＲａｎｄ,埼玉県本庄市児玉町吉田林３０１番地,2022-08-15,株式会社
株式会社ＤＲＥＡＭ　ＦＡＣＴＯＲＹ,大阪府大阪市生野区鶴橋３丁目６番４号ジュエル鶴橋１階,2022-08-15,株式会社
株式会社Ｄｅｓａｆｉｏ,大阪府大阪市中央区南本町１丁目５番１５号,2022-08-15,株式会社
株式会社Ｄｒｅａｍ　Ｃｒｅａｔｅ,福岡県福岡市博多区博多駅前３丁目７番３５号博多ハイテックビル５０５,2022-08-15,株式会社
株式会社ＥＮＩＡ,和歌山県和歌山市伊太祈曽５１３番地２,2022-08-15,株式会社
株式会社ＥｌｌｅＮａ,大阪府大阪市北区堂島３丁目３番２８－１２０３号,2022-08-15,株式会社
株式会社Ｅｎｓｉｎ,埼玉県草加市弁天２丁目３０番１６号,2022-08-15,株式会社
株式会社Ｆ‐ＲＩＳＥ,大阪府高石市西取石８丁目３番２６号,2022-08-15,株式会社
株式会社Ｆ＆ＬＣサポート,大阪府吹田市江坂町１丁目２２番２号,2022-08-15,株式会社
株式会社Ｆ．Ｏ．Ｑ．Ｕ．Ｓ．ＫＹＯＴＯ,京都府京都市左京区松ケ崎今海道町２番地８,2022-08-15,株式会社
株式会社ＦＲＹ,東京都中央区勝どき２丁目１０番１６号,2022-08-15,株式会社
株式会社ＦＴｒｙ,愛知県名古屋市西区名駅２丁目３４番１７号セントラル名古屋１１０１号室,2022-08-15,株式会社
株式会社ＧＡＩＮ,山口県周南市大字中須南５９９番地の２,2022-08-15,株式会社
株式会社ＧＡＭＥ　ＣＨＡＮＧＥＲ,愛知県名古屋市熱田区伝馬１丁目８番１０号（オープンレジデンシア神宮南５０２号）,2022-08-15,株式会社
株式会社ＧＩＯ損害調査,福島県福島市瀬上町字行人堂１番地の４７,2022-08-15,株式会社
株式会社ＧＴＰ　Ｍｅｄｉｃａｌ,東京都品川区大崎２丁目９番２－３２０１号,2022-08-15,株式会社
株式会社ＧｏｏｄＶｉｂｅｓ,千葉県柏市東上町１番１号ダイヤモンドクレスト柏２－Ｆ号室,2022-08-15,株式会社
株式会社Ｈ＆Ｙ,東京都足立区綾瀬２丁目２３番１６号４０３,2022-08-15,株式会社
株式会社ＨＡＮＡＢＩ,愛知県豊田市竹生町４丁目６番地,2022-08-15,株式会社
株式会社ＨＡＲＢＯＲ,長野県安曇野市穂高柏原１５６５番３号,2022-08-15,株式会社
株式会社ＨＡＲＩＣＯＮＮＥＣＴ,東京都品川区北品川３丁目７番２２号７０２,2022-08-15,株式会社
株式会社ＨＥＲＢＥＳＴ,東京都港区白金１丁目１０番３－９０４号,2022-08-15,株式会社
株式会社ＨＩＲＡＫＵ,愛知県名古屋市中川区尾頭橋３丁目１４番１１号,2022-08-15,株式会社
株式会社Ｈｅｗ　Ｐａｃｋｅｒ,東京都品川区西五反田２丁目４－６－４１０,2022-08-15,株式会社
株式会社ＨｉＴＯＫＯＴＯ,東京都千代田区飯田橋２丁目９番４号サンパーク千代田１００１号,2022-08-15,株式会社
株式会社ＩＫ,大阪府大阪市阿倍野区阪南町５丁目３番２９号,2022-08-15,株式会社
株式会社ＩＮＦＩＮＩＴＹ　ＣＡＳＣＡＤＥ,埼玉県行田市大字持田６８７番３,2022-08-15,株式会社
株式会社ＩＷＡＳＡＫＩ　Ａｓｓｅｔｍｅｎｔ,東京都品川区大崎２丁目９番２－８０４号,2022-08-15,株式会社
株式会社ＩｎｔｅｇｒｉｔｙＳｅｒｖｉｃｅ,神奈川県川崎市高津区二子３丁目１６－４０,2022-08-15,株式会社
株式会社Ｉｓｈｉｚｕｋａ　Ｊａｐａｎ　Ｋｎｉｖｅｓ,愛知県西尾市上町猿ケ坂１番地県営上町住宅５棟２０８号室,2022-08-15,株式会社
株式会社ＪＰ　Ｂｕｙｅｒｓ,山梨県甲府市古上条町５番地２,2022-08-15,株式会社
株式会社ＪＴＯＷＥＲ　Ｉｎｆｒａｓｔｒｕｃｔｕｒｅ　Ｈｏｌｄｉｎｇｓ２,東京都港区南青山２丁目２番３号,2022-08-15,株式会社
株式会社Ｋアンドカンパニー,東京都武蔵野市吉祥寺南町３丁目４－３,2022-08-15,株式会社
株式会社ＫＣＮ,埼玉県越谷市東越谷１丁目１９番地１１プランヴェール越谷１０１号,2022-08-15,株式会社
株式会社ＫＭ　ｅｘｃｅｅｄ,愛知県安城市相生町１９番１号,2022-08-15,株式会社
株式会社ＫＮＳ,京都府京都市北区紫野下鳥田町２０－６,2022-08-15,株式会社
株式会社ＫＯＴＡＫＡ,東京都板橋区西台４丁目４番３１－４０９号,2022-08-15,株式会社
株式会社Ｋａｅｄｅ・Ｍｐｓｇ,大阪府寝屋川市寿町５０番１７号,2022-08-15,株式会社
株式会社ＬＩＮＫＥＲ,東京都江東区福住１丁目５番３号,2022-08-15,株式会社
株式会社ＬＯＶＥ　ＡＬＬ,宮城県柴田郡大河原町字幸町１１番地８,2022-08-15,株式会社
株式会社Ｌｅｐｒｏ,福岡県福岡市博多区博多駅前３丁目１４－１２,2022-08-15,株式会社
株式会社Ｌｉｌｙ,福岡県福岡市博多区竹丘町２丁目５番１８号,2022-08-15,株式会社
株式会社Ｌｏｃｏ　Ｂａｓｅ,栃木県宇都宮市陽南２丁目１－４５メゾン・ド・カンパーニュ１Ｆ店舗,2022-08-15,株式会社
株式会社Ｍ＆Ｍコンサルティング,福岡県福岡市中央区六本松４丁目２番６－１２０６号,2022-08-15,株式会社
株式会社ＭＭＭ　Ｌｉｎｇｅｒｉｅ　Ｌａｂｏ,大阪府大阪市中央区西心斎橋１丁目１０番４号,2022-08-15,株式会社
株式会社ＭＲＥＳＴ,大阪府堺市中区深井沢町３３２９番地メゾン深井１０１号,2022-08-15,株式会社
株式会社ＮＡＩＬ　Ｒ,福島県福島市本町１番２０号,2022-08-15,株式会社
株式会社ＯＮＥ,北海道札幌市南区澄川一条３丁目２番１６号メゾンドシャルマン,2022-08-15,株式会社
株式会社ＯＮＥ　Ｄａｙｄｒｅａｍ,静岡県静岡市清水区有度本町４番４号,2022-08-15,株式会社
株式会社ＯＰＳＡ,東京都中央区日本橋浜町２丁目９番１号ＳＢＴビル３階,2022-08-15,株式会社
株式会社Ｏｔｈｅｌｌｏ,大阪府大阪市北区梅田２丁目４番９号ブリーゼタワー１階,2022-08-15,株式会社
株式会社ＰＲＯＧＲＥＳＳＩＯ,北海道札幌市中央区大通西１丁目１４番地２桂和大通ビル５０,2022-08-15,株式会社
株式会社ＰＶＣ,鹿児島県鹿児島市田上２丁目２８番１９号,2022-08-15,株式会社
株式会社Ｐａｃｉｆｉｃ　Ｍｅｔａ,東京都品川区大崎２丁目９番２－８０４号,2022-08-15,株式会社
株式会社Ｐｈｒａｓｅ,大阪府大阪市中央区材木町１番６号,2022-08-15,株式会社
株式会社Ｐｉｓｔｙ,大阪府堺市西区浜寺昭和町５丁６６３番地３－３０３号,2022-08-15,株式会社
株式会社Ｐｏｗｅｒ　Ｄｉａｍｏｎｄ　Ｓｙｓｔｅｍｓ,東京都新宿区西早稲田１丁目２２番３号,2022-08-15,株式会社
株式会社Ｒａｉｎｂｏｗ　ＬｉｆｅＴｅｃｈ,東京都中央区築地５丁目４番１９号,2022-08-15,株式会社
株式会社ＲｅＶｉａｍ　Ｅｎｅｒｇｙ,秋田県秋田市旭北錦町３番３４号,2022-08-15,株式会社
株式会社Ｒｉｒｅ　Ｃｏ．,愛媛県新居浜市庄内町４丁目７番１１号,2022-08-15,株式会社
株式会社ＳＡＮＹＯ,愛知県名古屋市北区大我麻町２２番地の１フィオーレ１０５号,2022-08-15,株式会社
株式会社ＳＥＳＳＥＩ,熊本県熊本市南区護藤町１３３７番地,2022-08-15,株式会社
株式会社ＳＫＯｃｏ,兵庫県加古川市野口町良野１２番地の１,2022-08-15,株式会社
株式会社ＳＰＡＲＫ,福岡県宗像市田熊６丁目４番１０－２０３号,2022-08-15,株式会社
株式会社ＳＲエステート,兵庫県尼崎市東園田町５丁目１４２番１号法界寺ビル２０１号,2022-08-15,株式会社
株式会社ＳＹＭ,福岡県糟屋郡粕屋町仲原３丁目２０番１号,2022-08-15,株式会社
株式会社Ｓａｃａｎａ,千葉県船橋市古和釜町５８９番地４１号,2022-08-15,株式会社
株式会社Ｓａｎｉｗａ,東京都府中市紅葉丘１丁目１９番地の２３,2022-08-15,株式会社
株式会社Ｓｈｉｎｙｕ,兵庫県西宮市山口町上山口２４２９番地６,2022-08-15,株式会社
株式会社Ｓｔｙｌｅ　Ｃｏｌｏｒ　Ｊａｐａｎ,東京都中央区日本橋小伝馬町２１番１号ＴＨＥ・ＰＯＲＴＡＬ・Ｎｉｈｏｍｂａｓｈｉ・Ｅａｓｔ４Ｆ,2022-08-15,株式会社
株式会社Ｓｗｉｔｃｈ　Ｘ,埼玉県久喜市青葉５丁目２３番地１,2022-08-15,株式会社
株式会社ＴＡＣマネジメント,愛知県名古屋市瑞穂区新開町２１番４号,2022-08-15,株式会社
株式会社ＴＡＫＥ１,福岡県福岡市南区市崎１丁目２番８号,2022-08-15,株式会社
株式会社ＴＡＲＥＬ,埼玉県草加市苗塚町３３２番地６,2022-08-15,株式会社
株式会社ＴＡＸＩＡ,奈良県天理市平等坊町１０８番地１,2022-08-15,株式会社
株式会社ＴＥＲＲＡ,香川県高松市出作町４７１番地２,2022-08-15,株式会社
株式会社ＴＨＥ　ＲＩＣＨ,長野県諏訪市大手１丁目１１番３号百瀬ビル２Ｆ,2022-08-15,株式会社
株式会社ＴＨＥＡＴＨＥ,東京都港区南麻布２丁目２番２８号,2022-08-15,株式会社
株式会社ＴＫＭ,愛知県刈谷市沖野町１丁目３番地２０,2022-08-15,株式会社
株式会社ＴＭ．Ｗｏｒｋｓ,東京都練馬区小竹町２丁目１９番６号,2022-08-15,株式会社
株式会社ＴＯＭＯ,千葉県成田市吉岡５６０番地１５３,2022-08-15,株式会社
株式会社ＴＯＲＣＨ　ＭＡＲＫＥＴＩＮＧ,東京都町田市能ヶ谷４丁目２３－２アンジュール鶴川２０７,2022-08-15,株式会社
株式会社Ｔａｋｅ　Ｕｒｂａｎ,東京都中央区勝どき１丁目３番１号,2022-08-15,株式会社
株式会社ＴｅｋｕＴｅｋｕ,長野県安曇野市豊科南穂高５０番地１,2022-08-15,株式会社
株式会社Ｔｈｅ　Ｂｕｚｚ　Ｃｒｅａｔｅ,埼玉県草加市高砂２丁目７１番１号ストーク草加一番館,2022-08-15,株式会社
株式会社ＴｏｍｉＤｅｎ　ｌａｂｏ,群馬県高崎市中里見町１１８番地１,2022-08-15,株式会社
株式会社ＴｒｕｓｔＴｈｒｅｅ,福井県敦賀市三島町３７号２０番地,2022-08-15,株式会社
株式会社Ｕ会計システム,大阪府大阪市中央区大手通１丁目３番５号,2022-08-15,株式会社
株式会社ＵＢＥ　ＭＩＲＡＩチャレンジ,山口県宇部市中央町２丁目５番１７号新光産業株式会社中央町ビル３階,2022-08-15,株式会社
株式会社ＶＩＰｆｕｊｉｉ,兵庫県神戸市垂水区潮見が丘１丁目７番１２号,2022-08-15,株式会社
株式会社ＶＩＶＡ　ＬＡ　ＶＩＤＡ　ＦＡＣＴＯＲＹ,大阪府大阪市福島区福島６丁目８番１３－８０５号,2022-08-15,株式会社
株式会社ＶＩＸＴ,大阪府岸和田市土生町５丁目２番４号,2022-08-15,株式会社
株式会社ＶＬＡＢ,大阪府大阪市北区鶴野町４番１１号２Ｆ朝日プラザ梅田,2022-08-15,株式会社
株式会社ＷＩＮＧＳ,神奈川県川崎市川崎区堀之内町５番地１０プリズムコート１００１,2022-08-15,株式会社
株式会社ＹＯａ・Ｋ,東京都港区高輪３丁目２５番２２号,2022-08-15,株式会社
株式会社ＹＵＫＩＫＯ　ＷＡＴＡＮＡＢＥ　ＤＥＳＩＧＮ　ＯＦＦＩＣＥ,東京都中野区東中野１丁目３１番２号ワコーレ東中野Ⅱ２０１,2022-08-15,株式会社
株式会社Ｚｅｎ,埼玉県戸田市笹目２丁目１６番地の１５,2022-08-15,株式会社
株式会社ａｕｔｏｆｉｔ,東京都文京区本郷５丁目２５番１８－５０１号,2022-08-15,株式会社
株式会社ｂｅａｕｓｉｃ,東京都渋谷区恵比寿西１丁目８番２号恵比寿ウエストパレスビル４１５,2022-08-15,株式会社
株式会社ｃａｎｏ,福岡県福岡市博多区山王１丁目１４番８号,2022-08-15,株式会社
株式会社ｃｏｃｏｍｉｃ,山口県岩国市尾津町５丁目１１番１号,2022-08-15,株式会社
株式会社ｄｅｗａｒｓ　ｍａｎａｇｅｍｅｎｔ,東京都渋谷区道玄坂１丁目１３－５,2022-08-15,株式会社
株式会社ｆｅａｔホールディングス,東京都港区虎ノ門４丁目３番１号,2022-08-15,株式会社
株式会社ｆｕｊｉｍｏｔｏ,熊本県熊本市西区八島町７４５番地１メルカートマンション３０１号,2022-08-15,株式会社
株式会社ｉｓプラス,大阪府堺市北区長曽根町１１７９番地１０（５１１号）,2022-08-15,株式会社
株式会社ｌａｓｔ　Ｂｅｔ,兵庫県西宮市常磐町１番３１号アットマークビル３階,2022-08-15,株式会社
株式会社ｍ’ｓＦＬＡＩＲ．,長野県諏訪市大手２丁目１６番５号,2022-08-15,株式会社
株式会社ｍｉｒａｉｅｘ,福岡県筑後市大字西牟田４９８９番地４,2022-08-15,株式会社
株式会社ｏ＆ｏ　ｄｅｓｉｇｎ,神奈川県横浜市保土ケ谷区岡沢町２８７番地９,2022-08-15,株式会社
株式会社ｏｗｌｌｙ,東京都板橋区大谷口北町４３番４－２０５号,2022-08-15,株式会社
株式会社ｕｌｕ,東京都板橋区舟渡１丁目１４番２３号,2022-08-15,株式会社
株式会社ｗｈｏ,神奈川県川崎市高津区溝口２丁目７番１８号ＫＴビーンズⅠ３０１,2022-08-15,株式会社
梵Ａｇｒｉｓｏｌ合同会社,富山県富山市呉羽町５０４４番地２,2022-08-15,合同会社
永楽合同会社,東京都新宿区西新宿３丁目３番１３号西新宿水間ビル２Ｆ,2022-08-15,合同会社
湘南クラウド株式会社,神奈川県藤沢市江の島１丁目４番１４号,2022-08-15,株式会社
潮音株式会社,東京都北区田端新町１丁目７番１４－３１２号,2022-08-15,株式会社
特定目的会社カフー,東京都港区西新橋１丁目２番９号メンターキャピタル税理士法人内,2022-08-15,その他の設立登記法人
特定非営利活動法人ふくしま倶楽部,福島県福島市太田町３２番８号,2022-08-15,その他の設立登記法人
特定非営利活動法人ふれあい広場ながれやま,千葉県流山市向小金３丁目１４１番地の６４,2022-08-15,その他の設立登記法人
特定非営利活動法人五ヶ瀬すたいる,宮崎県西臼杵郡五ヶ瀬町大字三ヶ所２２０１番地,2022-08-15,その他の設立登記法人
特定非営利活動法人北米教育ｅスポーツ連盟日本本部,東京都千代田区外神田２丁目１４番１０号第二電波ビル９階,2022-08-15,その他の設立登記法人
特定非営利活動法人ＮＧＯ神戸外国人救援ネット,兵庫県神戸市中央区中山手通１丁目２８番７号,2022-08-15,その他の設立登記法人
特定非営利活動法人ｔｅとｔｅの会,宮崎県日向市亀崎西２丁目８６番地落合様方,2022-08-15,その他の設立登記法人
神田ソーラーホールディングス一般社団法人,東京都千代田区麹町２丁目８番地ＭＬＣ麹町ビル４階フィンポート税理士法人内,2022-08-15,その他の設立登記法人
神田ソーラー合同会社,東京都千代田区麹町２丁目８番地ＭＬＣ麹町ビル４階フィンポート税理士法人内,2022-08-15,合同会社
福恩源株式会社,福岡県田川郡川崎町大字池尻４８１番地２,2022-08-15,株式会社
福楽合同会社,岡山県岡山市中区藤原光町１丁目９－８,2022-08-15,合同会社
禾亦株式会社,大阪府大阪市天王寺区空清町４－１１杉野ビル本館５０４号室,2022-08-15,株式会社
秋葉原ソーラーホールディングス一般社団法人,東京都千代田区麹町２丁目８番地ＭＬＣ麹町ビル４階フィンポート税理士法人内,2022-08-15,その他の設立登記法人
秋葉原ソーラー合同会社,東京都千代田区麹町２丁目８番地ＭＬＣ麹町ビル４階フィンポート税理士法人内,2022-08-15,合同会社
箱根七福荘温泉ホテル株式会社,東京都板橋区上板橋３丁目１１番１１－１０２号,2022-08-15,株式会社
聖福合同会社,福岡県福岡市中央区白金１丁目８番３－６０６号,2022-08-15,合同会社
興要運輸株式会社,青森県黒石市大字浅瀬石字扇田４３９番地１,2022-08-15,株式会社
行政書士法人みらいへ法務事務所,愛知県一宮市泉２丁目５番１４号Ｖｅｒｅｄｅ泉Ａ,2022-08-15,その他の設立登記法人
裕華株式会社,大阪府大阪市浪速区敷津西２丁目８番１号,2022-08-15,株式会社
豊大株式会社,大阪府東大阪市高井田１番１０号－４０７号室,2022-08-15,株式会社
豊羽ビル株式会社,東京都墨田区東駒形１丁目３番９号,2022-08-15,株式会社
路人株式会社,東京都北区浮間１丁目１番１４号リムジンビル２０９,2022-08-15,株式会社
辻設備株式会社,愛知県津島市杁前町４丁目２３番地１,2022-08-15,株式会社
遠航株式会社,大阪府大阪市中央区谷町６丁目１１番８－２０１号,2022-08-15,株式会社
鈴恵寺株式会社,千葉県佐倉市中志津７丁目２３番８号,2022-08-15,株式会社
雅トランスポーター株式会社,北海道札幌市白石区北郷二条６丁目４－１－１０２,2022-08-15,株式会社
ＡＬ　Ｉｎｖｅｓｔｍｅｎｔ株式会社,東京都千代田区霞が関３丁目２番５号,2022-08-15,株式会社
ＡＴＳ株式会社,東京都千代田区神田神保町３丁目２番地,2022-08-15,株式会社
Ａｌｆａ　Ｅｘｃｌｕｓｉｖｅ株式会社,東京都港区芝５丁目２９番２２－５０５号,2022-08-15,株式会社
Ａｔ　Ｃｒｅａｔｉｖｅ合同会社,京都府京都市中京区壬生仙念町１８－２－１Ｆ,2022-08-15,合同会社
Ａｔｈｐｅｇａ合同会社,兵庫県神戸市西区岩岡町岩岡７５５番地の６,2022-08-15,合同会社
ＢＢｓｔａｒｔ株式会社,東京都千代田区一番町１０番地２一番町Ｍビル８階,2022-08-15,株式会社
Ｂｅａｕｔｙ　Ｌｉｆｅ　Ｄｅｓｉｇｎ株式会社,福岡県福岡市博多区美野島３丁目８－１－２０２,2022-08-15,株式会社
Ｂｌａｎｋｅｔ株式会社,福岡県福岡市西区今宿３丁目２－５５,2022-08-15,株式会社
Ｂｌｕｅｓｅａ株式会社,東京都江東区東砂５丁目５番６－３０６号,2022-08-15,株式会社
ＣＡＤＡＮ株式会社,京都府京都市中京区門前町５３９,2022-08-15,株式会社
ＤＬコーポレーション合同会社,東京都豊島区上池袋１丁目１７番２号マイハイム・アイ２０１号,2022-08-15,合同会社
ＤＯＭＩ株式会社,東京都品川区東品川４丁目１１番３６－１６２６号,2022-08-15,株式会社
Ｄｏｎｇｇｕａｎ　Ｓｈｉｔｕｏ　Ｓｕｐｐｌｙ　Ｃｈａｉｎ　Ｍａｎａｇｅｍｅｎｔ　Ｃｏ．，Ｌｔｄ．,,2022-08-15,外国会社等
ＥＮＰＬＡホールディングス株式会社,山形県東置賜郡高畠町大字糠野目５９１番地の２,2022-08-15,株式会社
Ｅｎｓｅｍｂｌｅ　Ｓｏｗｅｒ,京都府京都市西京区川島滑樋町３３－９川島滑樋町テラスハウス２号室,2022-08-15,その他
ＦＡＣＴＯＲＹ　ＫＩＴＣＨＥＮ株式会社,東京都江東区豊洲６丁目２－３１スカイズタワー＆ガーデン１７０８,2022-08-15,株式会社
Ｆｒａｎｋ　Ｏｎｅ株式会社,大阪府大阪市都島区東野田町４丁目５－２翠連マンション３１５号室,2022-08-15,株式会社
ＧＫトランスポート株式会社,大阪府大阪市中央区本町２丁目６番８号,2022-08-15,株式会社
ＧＲＯＯＶＥ　ＰＲＯＤＵＣＴＩＯＮ合同会社,愛知県額田郡幸田町大字相見字阿原８３番地,2022-08-15,合同会社
Ｇａｒｄｅｎ　Ｈｉｌｌｓ一般社団法人,東京都港区六本木１丁目９番１０号アークヒルズ仙石山森タワー４０階ＳａｎｎｅＧｒｏｕｐＪａｐａｎ株式会社内,2022-08-15,その他の設立登記法人
ＨＡＲＬＯＷ合同会社,東京都目黒区青葉台１丁目６番１号代官山ハウス１Ｆ,2022-08-15,合同会社
ＩＮＦＩＮＩＴＹ合同会社,東京都港区浜松町２丁目２番１５号浜松町ダイヤビル２Ｆ,2022-08-15,合同会社
ＩＴＩ商事株式会社,東京都港区海岸３丁目２番９号,2022-08-15,株式会社
ＩＴＩＣＩＴＹ株式会社,東京都港区海岸３丁目２番９号,2022-08-15,株式会社
Ｉｎｆｏｔｒｅｅ　Ｇｌｏｂａｌ　Ｓｏｌｕｔｉｏｎｓ合同会社,東京都港区赤坂２丁目１４番５号Ｄａｉｗａ赤坂ビル４階,2022-08-15,合同会社
ＪＡＰＡＮ‐ＥＳＣＯ株式会社,大阪府大阪市北区天神橋２丁目２番１０号ハイマウントビル３０３号,2022-08-15,株式会社
ＪＣＴ合同会社,埼玉県川口市南町１丁目１３番３号,2022-08-15,合同会社
ＪＵＧＯ合同会社,北海道札幌市豊平区月寒東三条１９丁目２番１３号ワイズムーンＡ棟,2022-08-15,合同会社
Ｋ‐キャピタル株式会社,大阪府大阪市北区本庄西１丁目１番７－４４０４号,2022-08-15,株式会社
Ｋ‐コンサルタント株式会社,大阪府大阪市北区本庄西１丁目１番７－４４０４号,2022-08-15,株式会社
Ｋ’ｓ　Ｏｈａｎａ合同会社,東京都墨田区向島３丁目３０番３号,2022-08-15,合同会社
ＫＯＢＥイノベーションガレージ合同会社,兵庫県神戸市中央区御幸通８丁目１番６号神戸国際会館２２Ｆ,2022-08-15,合同会社
ＬＥＡＸ　ＬＩＦＥ合同会社,福岡県福岡市中央区天神２丁目３番１０号天神パインクレスト７１９号,2022-08-15,合同会社
ＬＩＦＥ　ＢＡＹ株式会社,神奈川県横浜市西区霞ケ丘７７－７,2022-08-15,株式会社
Ｌａｒｇｅｓｔ株式会社,千葉県千葉市若葉区若松町２３９２番地３,2022-08-15,株式会社
Ｌｅａｎｃｏｄｅ，Ｉｎｃ．,,2022-08-15,外国会社等
Ｍ＆Ｍ合同会社,福岡県福岡市博多区住吉２丁目１７番２１号,2022-08-15,合同会社
ＭＩＡＮ　Ｉｎｔｅｒｎａｔｉｏｎａｌ株式会社,大分県別府市田の湯町３番７号４階,2022-08-15,株式会社
Ｍａｎａｇｉｎｇ　Ｓｐａｃｅ株式会社,京都府宇治市槙島町南落合４８－１８,2022-08-15,株式会社
ＭｅｄＰｏｐ株式会社,千葉県浦安市日の出６丁目１９番４号,2022-08-15,株式会社
Ｍｕｓｉｃ　ｏｆ　Ｌｉｆｅ,埼玉県蕨市中央３丁目８番７号ファンタジア５０３号室,2022-08-15,その他
ＮＥＷアカント株式会社,岐阜県大垣市問屋町１－２,2022-08-15,株式会社
ＮＩＣ合同会社,東京都板橋区向原２丁目１１－１６ＬａＬｕｃｅＢ１０３,2022-08-15,合同会社
ＮＰＯ法人こうけん新潟,新潟県新潟市中央区学校町通１番町１２市役所前ビル３階,2022-08-15,その他の設立登記法人
ＯＫＡＭＵ株式会社,広島県広島市安佐北区可部町綾ケ谷４１７－２,2022-08-15,株式会社
Ｐｌａｎｄｏｒ　ＳＫ合同会社,神奈川県相模原市中央区緑が丘２丁目３５番１２号,2022-08-15,合同会社
Ｒ・Ｋ合同会社,大阪府大阪市中央区東平１丁目４番１７号,2022-08-15,合同会社
ＲＭＳ株式会社,東京都千代田区一番町１０番地２一番町Ｍビル６階,2022-08-15,株式会社
ＲＵＧＬＯＢＡＬ株式会社,大阪府大阪市北区万歳町３番１２－３０４号,2022-08-15,株式会社
Ｒａｐｉｄｕｓ株式会社,東京都千代田区麹町４丁目１番地,2022-08-15,株式会社
Ｒｅ‐Ｊｉｎ株式会社,大阪府茨木市中津町１６－２４,2022-08-15,株式会社
ＳＡＮＡＭ株式会社,東京都国分寺市日吉町４丁目１７番地１５金子貸店舗２号室,2022-08-15,株式会社
ＳＹ測量株式会社,大阪府東大阪市荒本新町４番１３号,2022-08-15,株式会社
ＳｅｎｄＢｉｒｄ　Ｊａｐａｎ合同会社,東京都港区虎ノ門２丁目２番５号４階,2022-08-15,合同会社
Ｓｈａｃｋｍａｎｎ　Ｂｉｏｔｅｃｈｎｏｌｏｇｉｅｓ，Ｉｎｃ．株式会社,東京都港区南青山２丁目２番１５号,2022-08-15,株式会社
Ｓｈｅｎｚｈｅｎ　Ｍｉｎｇｇｕａｎｇ　Ｉｎｔｅｒｎａｔｉｏｎａｌ　Ｆｒｅｉｇｈｔ　Ｆｏｒｗａｒｄｉｎｇ　Ｃｏ．，Ｌｔｄ．,,2022-08-15,外国会社等
Ｔ．Ｍ．Ｌｉｆｅ株式会社,山口県防府市勝間２丁目３－７,2022-08-15,株式会社
ＴＨＥ　ＴＡＩＬＯＲ株式会社,大阪府大阪市淀川区西中島３丁目１１番２６号Ａｕｒｏｒａビル新大阪６Ｆ,2022-08-15,株式会社
ＴＰＲＩ　Ｔｅｃｈｎｏｌｏｇｉｅｓ　Ｐｒｉｖａｔｅ　Ｌｉｍｉｔｅｄ,,2022-08-15,外国会社等
Ｔｅｃｈｋｎｏｗ　Ｓｙｓｔｅｍｓ株式会社,愛知県名古屋市中村区名駅１丁目１番１号ＪＰタワー２１階,2022-08-15,株式会社
Ｕｎｄｅｒ　Ｔｈｅ　Ｄａｙ合同会社,大阪府枚方市津田西町３丁目６番３１号,2022-08-15,合同会社
ＷｉｎＷｉｎ株式会社,埼玉県蕨市北町４丁目１０番１４号,2022-08-15,株式会社
Ｙ・シュパース合同会社,京都府京都市伏見区向島二ノ丸町２６－１６,2022-08-15,合同会社
ｅえん合同会社,東京都板橋区高島平７丁目２９番１２－４０１号,2022-08-15,合同会社
ｆｒｅｅｌｙｌｏｇｉｃ株式会社,東京都板橋区南常盤台１丁目１１番６号レフア南常盤台１０１号室,2022-08-15,株式会社
ｓｏｕｋｉ株式会社,兵庫県宝塚市泉ガ丘１２番２２号,2022-08-15,株式会社
ｔｗｅｎｔｙ株式会社,福島県郡山市安積町長久保３丁目３５番地１,2022-08-15,株式会社
ｗｅｌｌ　ｕｐ合同会社,奈良県北葛城郡広陵町馬見中１丁目４番地１５－１,2022-08-15,合同会社
えむ株式会社,埼玉県川口市飯塚３丁目９番１８号,2022-08-16,株式会社
かめおかこども木育株式会社,京都府亀岡市亀岡駅北１丁目８番地２,2022-08-16,株式会社
くれブックス合同会社,東京都品川区西五反田５丁目６－３１－１０２,2022-08-16,合同会社
さくらビルダー株式会社,兵庫県明石市松江１１３番地の２－１０１,2022-08-16,株式会社
てんけんサービス株式会社,東京都渋谷区本町３丁目３６番５号,2022-08-16,株式会社
みらい合同会社,兵庫県神戸市兵庫区福原町５－４,2022-08-16,合同会社
アイエスケイパートナーズ合同会社,東京都渋谷区神宮前６丁目２５番８－１３０３号神宮前コーポラス,2022-08-16,合同会社
アニメアートセンター株式会社,東京都中野区中野５丁目２２番地２２号,2022-08-16,株式会社
アーヴァイン株式会社,福岡県福岡市東区和白東１丁目１－１－２０５コアマンション和白東パセオ,2022-08-16,株式会社
インキュベーター株式会社,東京都渋谷区渋谷２丁目１９－１５宮益坂ビルディング６０９,2022-08-16,株式会社
インサイン株式会社,東京都渋谷区神宮前６丁目２３－４桑野ビル２階,2022-08-16,株式会社
ウェルフェア・イノベーション株式会社,千葉県千葉市若葉区桜木８丁目６番６号ハピネスⅡ３０６号,2022-08-16,株式会社
エアビジョン株式会社,東京都渋谷区千駄ヶ谷４丁目２９番１２号北参道ダイヤモンドパレス１０４,2022-08-16,株式会社
エデュケーション合同会社,大阪府大阪市城東区今福西５丁目３番１１号アベリアⅢ５０３号室,2022-08-16,合同会社
オンオクリ株式会社,愛知県名古屋市中区正木４丁目８番８号（８０３号室）,2022-08-16,株式会社
カトウ誠作所合同会社,神奈川県横浜市西区宮崎町５８番地１,2022-08-16,合同会社
クロスディ株式会社,熊本県熊本市西区河内町野出４７番地１,2022-08-16,株式会社
グルーバル・ワン合同会社,東京都中央区晴海２丁目３－２－４３０５,2022-08-16,合同会社
グレーシアパーク八王子みなみ野管理組合法人,東京都八王子市みなみ野４丁目２５番１号,2022-08-16,その他の設立登記法人
ケイアンドケイ合同会社,大阪府大阪市東住吉区湯里４丁目３番１２号,2022-08-16,合同会社
コノハノ株式会社,埼玉県加須市久下５丁目２９３番地８,2022-08-16,株式会社
ゴールデンアイ合同会社,大阪府大阪市城東区古市３丁目２２番１９号,2022-08-16,合同会社
サンホールディングス株式会社,東京都千代田区麹町２丁目１４番地,2022-08-16,株式会社
サンライズ合同会社,神奈川県相模原市南区上鶴間本町４丁目５２番２３号,2022-08-16,合同会社
ジー・ジェイ・レジデンス・イレブン一般社団法人,東京都港区六本木１丁目９番１０号アークヒルズ仙石山森タワー４０階,2022-08-16,その他の設立登記法人
セカンドカラー合同会社,埼玉県川越市南大塚１丁目１１番地１１アデニウム川越南大塚１０８号室,2022-08-16,合同会社
セプトン株式会社,大阪府堺市堺区三国ヶ丘御幸通１５４－５１１,2022-08-16,株式会社
セールスター株式会社,東京都渋谷区恵比寿３丁目４８番１号６階,2022-08-16,株式会社
タイズ＆リンク・アセットマネジメント株式会社,兵庫県神戸市中央区北野町４丁目１２番３８号,2022-08-16,株式会社
ディゴン・コンサルティング株式会社,東京都品川区東五反田１丁目１０番９号３階,2022-08-16,株式会社
トータルオート運輸合同会社,神奈川県足柄上郡中井町井ノ口２４１６－１,2022-08-16,合同会社
ナカイ株式会社,神奈川県海老名市国分北４丁目７番２号,2022-08-16,株式会社
ハルモト商事合同会社,東京都千代田区神田佐久間町４丁目１４－１岩崎ビル１階,2022-08-16,合同会社
ファイフ・キャピタル・ジャパン株式会社,東京都港区虎ノ門４丁目１番２８号虎ノ門タワーズオフィス１９階,2022-08-16,株式会社
ファーストクラス町田駅前管理組合法人,東京都町田市原町田１丁目１番５号,2022-08-16,その他の設立登記法人
フルサイクル株式会社,山口県周南市大字久米９３１番地の９９　１－１０３号,2022-08-16,株式会社
プリエイト株式会社,東京都港区三田２丁目７番７号（４０２号）,2022-08-16,株式会社
プレシャスナイン株式会社,東京都渋谷区道玄坂１丁目１０番８号渋谷道玄坂東急ビル２Ｆ－Ｃ,2022-08-16,株式会社
ポナハロ合同会社,東京都中央区銀座７丁目１３番６号サガミビル２階,2022-08-16,合同会社
メタトリエ株式会社,愛知県名古屋市中区錦２丁目９番２０号トラスト伏見駅前ビル１階,2022-08-16,株式会社
ライムズスポーツコンサルティング株式会社,東京都渋谷区幡ヶ谷３丁目６９番２号,2022-08-16,株式会社
ラニカイコンサルティング合同会社,東京都調布市染地１丁目２１番地１６,2022-08-16,合同会社
リク合同会社,埼玉県三郷市彦倉１丁目３２番地フルール三郷Ｃ５,2022-08-16,合同会社
リッチライフ株式会社,神奈川県伊勢原市桜台１丁目１番１４号第２牧野ビル１階,2022-08-16,株式会社
ロカヴォール株式会社,新潟県燕市本町２丁目１番１９号燕駅前ビル１Ｆ２号,2022-08-16,株式会社
ロッカ合同会社,千葉県市川市南八幡３丁目８番１３号,2022-08-16,合同会社
ワイルズ合同会社,東京都港区虎ノ門３丁目１８番６号朝日虎ノ門マンション６１４号室,2022-08-16,合同会社
一般社団法人たけたうまれ,大分県竹田市大字竹田町５５１,2022-08-16,その他の設立登記法人
一般社団法人やいづ子育て・多世代交流支援協会ことこと,静岡県焼津市栄町５丁目１番１号,2022-08-16,その他の設立登記法人
一般社団法人エイト,京都府八幡市美濃山御幸２０番地５,2022-08-16,その他の設立登記法人
一般社団法人キフクリエイト,東京都板橋区南町５９－６－４０５,2022-08-16,その他の設立登記法人
一般社団法人サステナブル・デベロップメント推進協会,東京都杉並区南荻窪２丁目７番３号,2022-08-16,その他の設立登記法人
一般社団法人ジャパン・インスピレーション＆イノベーション・パートナーズ,東京都大田区下丸子４丁目２１番１５号サウスタワー２７Ｆ,2022-08-16,その他の設立登記法人
一般社団法人ハッピー浅草,東京都千代田区霞が関３丁目２番５号,2022-08-16,その他の設立登記法人
一般社団法人ファンドドゥ１１号,東京都千代田区霞が関３丁目２番５号,2022-08-16,その他の設立登記法人
一般社団法人四番隊,千葉県袖ケ浦市奈良輪３１９番地つばさガーデン奈良輪５０６号,2022-08-16,その他の設立登記法人
一般社団法人小水力発電推進機構,京都府長岡京市今里５丁目１３番１１号,2022-08-16,その他の設立登記法人
一般社団法人希望への道,東京都新宿区百人町１丁目１９―１３塚本ビル３階,2022-08-16,その他の設立登記法人
一般社団法人承継計画研究所,東京都中央区日本橋堀留町２丁目３番８号田源ビル４階,2022-08-16,その他の設立登記法人
一般社団法人日本デジタルノマド協会,秋田県山本郡三種町外岡字中嶋１３５番地１４１,2022-08-16,その他の設立登記法人
一般社団法人日本自傷リストカット支援協会,東京都江東区豊洲５丁目５番１８号ルミレイス豊洲１００７号室,2022-08-16,その他の設立登記法人
一般社団法人病院運営効率化推進協議会,東京都港区港南２丁目１５番１号品川インターシティＡ棟２８階,2022-08-16,その他の設立登記法人
一般社団法人神戸サンスクリット奨学会,兵庫県神戸市東灘区岡本３丁目９番２０－２０７号,2022-08-16,その他の設立登記法人
一般社団法人空プロジェクト,大阪府八尾市八尾木５丁目５５番の５,2022-08-16,その他の設立登記法人
一般社団法人虔十の木,東京都八王子市上壱分方町１８５番地１２,2022-08-16,その他の設立登記法人
一般社団法人赤ちゃんの頭の形と発達支援ベビベビ,埼玉県さいたま市大宮区北袋町２丁目８２番地オークヒルズ南大宮２－２０２,2022-08-16,その他の設立登記法人
一般社団法人関東業者協力会,東京都新宿区高田馬場１丁目３１番８号高田馬場ダイカンプラザ２０１,2022-08-16,その他の設立登記法人
一般社団法人隣愛,大阪府泉大津市池園町１番５号,2022-08-16,その他の設立登記法人
一般社団法人高知県グリーンディール協会,高知県高知市高埇６番１９号,2022-08-16,その他の設立登記法人
一般社団法人ＡＯエナジー,東京都千代田区丸の内１丁目７番１２号サピアタワー１８階,2022-08-16,その他の設立登記法人
一般社団法人ＨＲＸ,大阪府大阪市西区西本町１丁目２－１４,2022-08-16,その他の設立登記法人
一般社団法人Ｊ‐ＥＰＳ　ｒｅｃｙｃｌｉｎｇ協会,東京都杉並区上高井戸１丁目８番３号エーム館３階,2022-08-16,その他の設立登記法人
一般社団法人ＮｕｒＣｅ脳神経外科看護研究会,東京都文京区千石２丁目１１番９－１２６号,2022-08-16,その他の設立登記法人
一般社団法人ＰＥＰ　ＭＯＴＯＭＡＣＨＩ,福島県郡山市本町１丁目１４番１９号２階,2022-08-16,その他の設立登記法人
一般社団法人ＳＤＧｓｘ総探共育アカデミア,広島県東広島市西条町下見４１９７番地１２,2022-08-16,その他の設立登記法人
一般社団法人ＵＮＳＳ,埼玉県さいたま市緑区東浦和８丁目８番地６,2022-08-16,その他の設立登記法人
一般社団法人ｂｌａｃｋ　ｏｎｅ,大阪府東大阪市水走２丁目６番３３号,2022-08-16,その他の設立登記法人
一般財団法人すこやかさゆたかさの未来研究所,東京都千代田区丸の内１丁目８番３号丸の内トラストタワー本館２０階,2022-08-16,その他の設立登記法人
三ツ矢物流九州株式会社,福岡県築上郡吉富町大字直江１５１番地１,2022-08-16,株式会社
三ツ矢物流関西株式会社,大阪府松原市岡６丁目２番１号,2022-08-16,株式会社
中盛株式会社,大阪府大阪市都島区内代町１丁目１２番１６号ベストレジデンス都島５０１号,2022-08-16,株式会社
井上メディカル株式会社,大阪府八尾市都塚１丁目２３,2022-08-16,株式会社
八千年製薬株式会社,埼玉県さいたま市大宮区大成町１丁目１７２番地１,2022-08-16,株式会社
北沢マリン株式会社,東京都世田谷区北沢４丁目１番１１号,2022-08-16,株式会社
医療法人ＳＰＧ,埼玉県草加市栄町２丁目１１番９号松原ツインタワービルＡ棟４階,2022-08-16,その他の設立登記法人
合同会社あしたの学校,神奈川県藤沢市長後１３２４番地２号アネシス１０７号室,2022-08-16,合同会社
合同会社さくらコンフォートライフ,岐阜県岐阜市福光南町９番５－５０１号（毛利コーポ）,2022-08-16,合同会社
合同会社すみれ,長野県佐久市岩村田２０１３番地１,2022-08-16,合同会社
合同会社せせらぎ,愛媛県松山市平和通２丁目６番地７,2022-08-16,合同会社
合同会社つぼみのゆめ,千葉県木更津市港南台４丁目１３番地４,2022-08-16,合同会社
合同会社ひなげし,埼玉県朝霞市仲町２丁目１０番１２号カプルーフＡ１０１,2022-08-16,合同会社
合同会社りら,東京都大田区東糀谷４丁目４番１６号,2022-08-16,合同会社
合同会社わーお,東京都新宿区新宿１丁目３６番２号新宿第七葉山ビル３階,2022-08-16,合同会社
合同会社アップデイト・プラス１,宮崎県西都市有吉町１丁目４０番地,2022-08-16,合同会社
合同会社イグアル,神奈川県大和市深見西８丁目１０番６号,2022-08-16,合同会社
合同会社ウェルスデザイン,東京都渋谷区道玄坂１丁目１０番８号渋谷道玄坂東急ビル２Ｆ－Ｃ,2022-08-16,合同会社
合同会社エスアール,大阪府八尾市竹渕２丁目６,2022-08-16,合同会社
合同会社エッグレイ,千葉県船橋市海神２丁目２３番４５号オリオン１０１号室,2022-08-16,合同会社
合同会社エフセット・ジャパン,神奈川県横浜市中区立野５７番地２３,2022-08-16,合同会社
合同会社クマ,埼玉県熊谷市箱田４６－８,2022-08-16,合同会社
合同会社クリエイタープログレス,東京都渋谷区道玄坂１丁目１０番８号渋谷道玄坂東急ビル２Ｆ－Ｃ,2022-08-16,合同会社
合同会社コスモスプラネット,茨城県水戸市千波町１７２２番地の２,2022-08-16,合同会社
合同会社コネクト,大阪府東大阪市下小阪１丁目１３－２９,2022-08-16,合同会社
合同会社ゴエモン,東京都目黒区下目黒２丁目１６－１４プラチナフォルム目黒１階,2022-08-16,合同会社
合同会社シャンスライフ,大阪府大阪市淀川区宮原２丁目７番１２号,2022-08-16,合同会社
合同会社シル・ハビラ．,東京都港区台場１丁目３番５－３０１号,2022-08-16,合同会社
合同会社スリーピース,福岡県宗像市日の里１丁目２８番地（１０５棟２０号）,2022-08-16,合同会社
合同会社ツリーフォレスト,熊本県八代市松江町５００番地１（１－１）,2022-08-16,合同会社
合同会社ディーンスターク,大阪府堺市美原区丹上３３８番地１,2022-08-16,合同会社
合同会社トリコ,東京都港区白金台５丁目５番２－７０５号,2022-08-16,合同会社
合同会社ハッピー浅草,東京都千代田区霞が関３丁目２番５号,2022-08-16,合同会社
合同会社ファストコーポレーション,兵庫県小野市片山町１２６２番地キャスター片山２０２号室,2022-08-16,合同会社
合同会社フィアール,大阪府大阪市東淀川区東中島２丁目１７番１１－８０１号,2022-08-16,合同会社
合同会社マルテス,大阪府堺市東区北野田９６４番地１７,2022-08-16,合同会社
合同会社ヤマトクリーンサービス,大阪府東大阪市稲葉１丁目８－２４,2022-08-16,合同会社
合同会社ユーシン,京都府京田辺市薪堀切谷７番地８１,2022-08-16,合同会社
合同会社ライフシード,三重県伊勢市二見町溝口２６２番地１,2022-08-16,合同会社
合同会社ランクルー,東京都渋谷区神宮前６丁目２３番４号桑野ビル２階,2022-08-16,合同会社
合同会社リスタート,大阪府東大阪市日下町７丁目３番４２号,2022-08-16,合同会社
合同会社ロンドベル,大阪府大阪市天王寺区烏ケ辻２丁目１０番１８－７０３号,2022-08-16,合同会社
合同会社中目黒会計事務所,東京都目黒区中目黒３丁目６番２号中目黒ＦＳビル５階,2022-08-16,合同会社
合同会社元気商會,愛知県春日井市東野町９丁目２０番７号,2022-08-16,合同会社
合同会社国際創造研究所,大阪府豊中市南桜塚２丁目１１番６－１０１号,2022-08-16,合同会社
合同会社彩幸日和,大阪府和泉市富秋町１丁目１３番６２号,2022-08-16,合同会社
合同会社新発田バイオマス発電所,東京都港区浜松町１丁目１番１０号,2022-08-16,合同会社
合同会社東部リサイクルセンター,青森県青森市小柳２丁目１番１号,2022-08-16,合同会社
合同会社柿の和,島根県鹿足郡吉賀町柿木２７５番地,2022-08-16,合同会社
合同会社歩,大阪府泉南市信達牧野２３４－１０,2022-08-16,合同会社
合同会社笑福,大阪府阪南市下出１０７番地の７,2022-08-16,合同会社
合同会社縁,沖縄県うるま市字高江洲８１５番地１コーポ宮里２０２,2022-08-16,合同会社
合同会社長岡,愛知県半田市新池町２丁目２０２番地の２３,2022-08-16,合同会社
合同会社陽とヒト,沖縄県宜野湾市大謝名２丁目２４番５号,2022-08-16,合同会社
合同会社４Ｌｅｇｓ．ｃｏｍｐａｎｙ,島根県益田市東町２８番５１号,2022-08-16,合同会社
合同会社８０８,愛知県名古屋市北区上飯田西町２丁目４６番地の１ＡｒｓａＮＥＸＴ４０１号,2022-08-16,合同会社
合同会社ＡＮＳＷＥＲ,東京都渋谷区道玄坂１丁目１０番８号渋谷道玄坂東急ビル２Ｆ－Ｃ,2022-08-16,合同会社
合同会社ＡＳＡ,兵庫県尼崎市神田中通９丁目２８５番地の１４,2022-08-16,合同会社
合同会社ＡＳＫ,愛知県名古屋市中区丸の内１丁目７番１３号プレサンス丸の内アドブル４０５号,2022-08-16,合同会社
合同会社ＡＳＬ,茨城県稲敷市椎塚１２０７番地２２,2022-08-16,合同会社
合同会社ＡＷ,神奈川県横浜市中区根岸旭台３５番地５コートヒルズ横濱山手ウエスト棟３０５,2022-08-16,合同会社
合同会社ＡｄｄＭｅｔａ,東京都新宿区西新宿３丁目３番１３号西新宿水間ビル２Ｆ,2022-08-16,合同会社
合同会社ＢＵＫＡＳ,東京都渋谷区道玄坂１丁目１０番８号渋谷道玄坂東急ビル２Ｆ－Ｃ,2022-08-16,合同会社
合同会社Ｂｅｌｓ,東京都渋谷区神宮前６丁目２３番４号桑野ビル２階,2022-08-16,合同会社
合同会社ＣＬＯＶＥＲ　ＣＲＥＡＴＥ,大阪府大阪市西成区萩之茶屋２丁目８番３号,2022-08-16,合同会社
合同会社Ｃｈｉｃｋ,東京都渋谷区神宮前６丁目２３番４号桑野ビル２階,2022-08-16,合同会社
合同会社Ｄ‐Ｉｎｓｉｇｈｔ,大阪府豊中市上新田１丁目１８番１－１００３号,2022-08-16,合同会社
合同会社Ｅｉｇｈｔ　Ｃａｓｔｌｅ,岡山県倉敷市笹沖２６９番地２,2022-08-16,合同会社
合同会社Ｅｌｚａ,茨城県鹿嶋市大字宮中２０８０－８,2022-08-16,合同会社
合同会社Ｆ‐Ｓｔｅｐｓ,東京都渋谷区渋谷２丁目１９番１５号宮益坂ビルディング６０９,2022-08-16,合同会社
合同会社ＦＭＹ,東京都江東区枝川１丁目１番４－６０１号,2022-08-16,合同会社
合同会社Ｈ．Ｂ．Ｂ,東京都中央区銀座７丁目１７番１８号ジュエル銀座４０５号室,2022-08-16,合同会社
合同会社ＨＡＮＡＰＹ,東京都八王子市楢原町４４８－３ＡＱＵＡ楢原２０５,2022-08-16,合同会社
合同会社ＨＡＰＰＹ　ＪＡＰＡＮ,新潟県新潟市江南区直り山８３１番地,2022-08-16,合同会社
合同会社ＩＭＡＧＥＭ,沖縄県那覇市安謝２丁目２８番地２７,2022-08-16,合同会社
合同会社ＫＡＲＶＯＮ,茨城県猿島郡境町大字若林字西谷津台２５７８番１,2022-08-16,合同会社
合同会社ＫＥＮＭＡ電設,高知県高知市朝倉甲１９８番地６藤ハイツ１０１号,2022-08-16,合同会社
合同会社ＫＭＫ,大阪府大阪市東淀川区下新庄３丁目４番２７－８０６号,2022-08-16,合同会社
合同会社ＫＴサービス,茨城県鹿嶋市大字浜津賀８２６番地２,2022-08-16,合同会社
合同会社Ｌｅ　Ａｌｕ,東京都墨田区亀沢４丁目６－９プロシード錦糸町９０１,2022-08-16,合同会社
合同会社Ｌｅａ　Ａｎｅｌａ,愛知県名古屋市千種区鍋屋上野町字東脇１０８９番地,2022-08-16,合同会社
合同会社Ｌｉｂｅｒｏ,秋田県北秋田市七日市字田ノ沢１４０－１,2022-08-16,合同会社
合同会社ＭＥＧＵＭＩ,東京都江戸川区西瑞江４丁目１４－５５,2022-08-16,合同会社
合同会社ＭＩＮＡＴＯ,兵庫県神戸市東灘区田中町１丁目１４番２３－１０２号,2022-08-16,合同会社
合同会社ＭＲ．ｌｉｅｎ,大阪府大阪市東住吉区東田辺２丁目２６番３号,2022-08-16,合同会社
合同会社Ｍｏｕｓｅ　Ｋｉｄｓ,大阪府大阪市浪速区戎町一丁目４番１６－２０１号,2022-08-16,合同会社
合同会社ＮＥＸＴＡＲＴ,埼玉県川口市飯塚４丁目４番２４号クレア川口２０１号室,2022-08-16,合同会社
合同会社ＮＩＴＲＯ,東京都中央区日本橋２丁目２－３,2022-08-16,合同会社
合同会社ＮＶＨ９Ｘ,大阪府大阪市生野区新今里３丁目２２番１９号サンハイツ今里２０１号,2022-08-16,合同会社
合同会社ＯＨＫ,東京都港区赤坂９丁目４番１－２００５号,2022-08-16,合同会社
合同会社ＯＲＡＮＱＵＥ,埼玉県さいたま市北区本郷町１７－１、コンフォール西本郷９－９０１,2022-08-16,合同会社
合同会社ＰＥＲＯ,愛知県名古屋市中区栄５丁目１１番４号,2022-08-16,合同会社
合同会社ＲＥＡＣＴ,千葉県八千代市緑が丘１丁目１１番地１２,2022-08-16,合同会社
合同会社ＲＸ,東京都立川市柏町３丁目１９番地の１４,2022-08-16,合同会社
合同会社Ｒａｙ,沖縄県沖縄市美里２丁目２７番１６号,2022-08-16,合同会社
合同会社ＳＴａｒｋ,埼玉県本庄市小島南１丁目２番１０号ＰＬＡＮＥＴＣ,2022-08-16,合同会社
合同会社ＳＵＫＥＳＡＮ,東京都羽村市富士見平１丁目９番地１３―３０５,2022-08-16,合同会社
合同会社ＳＵＮＦＬＯＷＥＲ,神奈川県横浜市神奈川区大口通２３番地ＢＵＣＫＷＨＥＡＴ，ＴＡＮＡＫＡ，４Ａ,2022-08-16,合同会社
合同会社Ｔ２,東京都新宿区西早稲田２丁目１４番３号リシェス西早稲田２１１,2022-08-16,合同会社
合同会社Ｔｒａｉｌｈｅａｄ,宮崎県西臼杵郡高千穂町大字三田井１０－２,2022-08-16,合同会社
合同会社Ｗｉｎｇｒｏｗ,沖縄県うるま市字兼箇段１４５４番地１、２Ｆ,2022-08-16,合同会社
合同会社ＺＥＣＴ,千葉県船橋市新高根３丁目１３番１７号,2022-08-16,合同会社
合同会社ＺＥＲＯ,京都府亀岡市本梅町平松河原垣内１８,2022-08-16,合同会社
合同会社ｂｏｃｏａｒｔ,兵庫県三木市志染町中自由が丘２丁目５１番地の１１３,2022-08-16,合同会社
合同会社ｃｏｍｐａｓｓｉｏｎ,高知県高知市北御座１１番８号,2022-08-16,合同会社
合同会社ｅｌｉｓｈ,群馬県伊勢崎市連取町１６１３番地８コーポタガヤＡ,2022-08-16,合同会社
合同会社ｍａｒｉｎａ,大阪府大阪市東住吉区北田辺６丁目２番１０－２０１号,2022-08-16,合同会社
合同会社ｏｒｂｅ,千葉県浦安市富士見５丁目１２番５－１０２号ライオンズマンション舞浜第２,2022-08-16,合同会社
合同会社ｐｅａｋ,三重県名張市桔梗が丘３番町三街区９５番地,2022-08-16,合同会社
合同会社ｔｍｔｙ,東京都港区港南３丁目５番１０―３２０１号,2022-08-16,合同会社
合同会社ｔｒｕｓｔ,東京都渋谷区渋谷２丁目１９番１５－６０９号,2022-08-16,合同会社
吉時達株式会社,東京都新宿区四谷４丁目２４番１６号御苑ハイム３階,2022-08-16,株式会社
嘉之源株式会社,東京都中央区日本橋本町１丁目７番１３号,2022-08-16,株式会社
回転わんこそば株式会社,東京都新宿区歌舞伎町１丁目２２番９号Ｊゴールドビル５階,2022-08-16,株式会社
大字白谷,滋賀県高島市マキノ町白谷１５８－１白谷地区活性化施設（大字白谷集会所）,2022-08-16,その他
小霧山株式会社,東京都文京区大塚５丁目７番１１－６１１号,2022-08-16,株式会社
山井株式会社,大阪府八尾市長池町１丁目２７番地の３８,2022-08-16,株式会社
山建合同会社,神奈川県横浜市中区長者町３丁目７番地１３,2022-08-16,合同会社
成信合同会社,東京都新宿区大久保２丁目１３番１２－１０１号,2022-08-16,合同会社
播合同会社,兵庫県姫路市上大野１丁目１３番２１号,2022-08-16,合同会社
敦古不研古芸術品収蔵合同会社,大阪府大阪市北区与力町７番５－３０５号,2022-08-16,合同会社
日鉄鋼管分割準備株式会社,東京都千代田区丸の内２丁目６番１号,2022-08-16,株式会社
星空株式会社,大阪府大阪市阿倍野区阿倍野元町１４－５－４１３号室,2022-08-16,株式会社
晨麓株式会社,東京都台東区上野５丁目８番１０－９０５号上野アビタシオン,2022-08-16,株式会社
晴耕雨読合同会社,徳島県徳島市八万町法花１３１番地６,2022-08-16,合同会社
月見草株式会社,東京都墨田区文花１丁目３４番１１－３１２号,2022-08-16,株式会社
有限会社フィラトゥラディクローサジャパン,大阪府大阪市中央区心斎橋筋２丁目２番２２号小大丸ビル２Ｆ,2022-08-16,有限会社
東総合保険株式会社,群馬県伊勢崎市小泉町１５５番地５,2022-08-16,株式会社
染空株式会社,東京都台東区上野３丁目１６番２号天翔上野末広町ビル６１１号室,2022-08-16,株式会社
株式会社あにも,沖縄県島尻郡八重瀬町字伊覇６５番地２４,2022-08-16,株式会社
株式会社あぶくまビール,福島県石川郡玉川村大字南須釜字奥平２９０番地すがまプラザ交流センターＲｏｏｍ４,2022-08-16,株式会社
株式会社うまいエクスプレス,東京都中央区築地６丁目２４番８号,2022-08-16,株式会社
株式会社うるおい,埼玉県秩父市中村町３丁目２０番１２号,2022-08-16,株式会社
株式会社えんデータサービス,東京都国立市東３丁目１４番地の１６,2022-08-16,株式会社
株式会社くまもとホーム,熊本県熊本市中央区南熊本４丁目４番２号南熊本ハイツＡ－２,2022-08-16,株式会社
株式会社さとみワークス,愛知県名古屋市東区泉３丁目８番１号（ＵＲＢＡＮ　ＣＬＯＵＤ　ＩＺＵＭＩ７０２号）,2022-08-16,株式会社
株式会社じんせい,東京都中央区銀座１丁目２２番１１号銀座大竹ビジデンス２階,2022-08-16,株式会社
株式会社たろう,東京都渋谷区神宮前６丁目８番４号,2022-08-16,株式会社
株式会社とみえい,愛媛県西条市壬生川５４６番地１,2022-08-16,株式会社
株式会社ともプロダクション,愛知県犬山市大字羽黒字中深田１番地２３,2022-08-16,株式会社
株式会社ながた,沖縄県国頭郡恩納村字仲泊７５４番地３,2022-08-16,株式会社
株式会社はるひメディファ,愛知県北名古屋市熊之庄古井７１番地２,2022-08-16,株式会社
株式会社まんじゅう太郎,東京都台東区下谷１丁目１１番１７号,2022-08-16,株式会社
株式会社みらいＤＣ,東京都世田谷区上祖師谷２丁目２番３５－１３０号,2022-08-16,株式会社
株式会社アイケイ,千葉県千葉市中央区栄町９番１１号ゴールデンプラザ１Ｆ１号,2022-08-16,株式会社
株式会社アイリーン,群馬県桐生市新里町新川３７７９番地１０－３,2022-08-16,株式会社
株式会社アップス,大阪府大阪市平野区長吉川辺３丁目１８番１５号,2022-08-16,株式会社
株式会社アプレシエ,兵庫県西宮市鳴尾浜３丁目７番６号,2022-08-16,株式会社
株式会社アンドハチ,東京都品川区上大崎１丁目３番３号,2022-08-16,株式会社
株式会社アーキリペイント,大阪府藤井寺市大井３丁目１２番６号,2022-08-16,株式会社
株式会社アークス,兵庫県姫路市東延末４丁目８１番地,2022-08-16,株式会社
株式会社エクサス,大阪府東大阪市宝町１８－１１,2022-08-16,株式会社
株式会社エコミライフ,大阪府大阪市東淀川区豊里６丁目２７番１０号アパートメント東淀川区Ⅳ３０２号室,2022-08-16,株式会社
株式会社エターナル,大阪府堺市西区上１６７番地８,2022-08-16,株式会社
株式会社エヌ設計,愛知県名古屋市天白区鴻の巣１丁目１５１５番地の１,2022-08-16,株式会社
株式会社エフエフシー,東京都江東区有明３丁目５番７号ＴＯＣ有明イーストタワー７階,2022-08-16,株式会社
株式会社エフ・エス・ケー,兵庫県西宮市鳴尾浜１丁目２２番地５,2022-08-16,株式会社
株式会社エルココ,東京都港区南青山２丁目２６番１号,2022-08-16,株式会社
株式会社オクトパス,東京都渋谷区神南１丁目１２番１４号渋谷宮田ビル６Ｆ、７Ｆ、８Ｆ,2022-08-16,株式会社
株式会社オリジンジャパン,東京都府中市美好町３丁目４番地の２８,2022-08-16,株式会社
株式会社カツオ,大阪府四條畷市南野２丁目９番６号,2022-08-16,株式会社
株式会社カレイドグラフィックス,東京都千代田区神田佐久間町３丁目２１番５号ヒガシカンダビル３０７号,2022-08-16,株式会社
株式会社カワグチホールディングス,愛知県名古屋市中村区名駅１丁目１番１号ＪＰタワー名古屋,2022-08-16,株式会社
株式会社カワノ,神奈川県横浜市港南区日野４丁目５０番１９号,2022-08-16,株式会社
株式会社キタケン,福岡県北九州市小倉北区木町３丁目１０番１４号,2022-08-16,株式会社
株式会社キーレイズ,東京都港区芝４丁目７番６号,2022-08-16,株式会社
株式会社クラブオーサム,東京都国分寺市泉町３丁目３５番１号,2022-08-16,株式会社
株式会社ケーエステクノ,千葉県千葉市稲毛区長沼町２２３番地１２,2022-08-16,株式会社
株式会社ゲート,東京都渋谷区神宮前６丁目２３番４号桑野ビル２階,2022-08-16,株式会社
株式会社ココイロ,兵庫県神戸市西区平野町大畑４５６,2022-08-16,株式会社
株式会社コミュニティケア,奈良県大和郡山市南井町１９番地６５,2022-08-16,株式会社
株式会社ゴードン,兵庫県宝塚市売布東の町２１番２２号,2022-08-16,株式会社
株式会社サマサマ企画ジャパン,東京都港区白金３丁目１番７号Ｋ＆Ｇ５１０ハウス５０２,2022-08-16,株式会社
株式会社システムライフ流通,大阪府枚方市宗谷１丁目１２番６３号,2022-08-16,株式会社
株式会社シーイーテクノロジー,東京都墨田区緑４丁目２１番１０号,2022-08-16,株式会社
株式会社ジョイハント,愛知県半田市栄町４丁目６５番地,2022-08-16,株式会社
株式会社ジールホールディングス,大阪府大阪市東淀川区西淡路１丁目１番９号,2022-08-16,株式会社
株式会社スターゲート,東京都墨田区向島５丁目３４－２３０１,2022-08-16,株式会社
株式会社スティング,東京都北区赤羽１丁目７番９号赤羽第一葉山ビル４階,2022-08-16,株式会社
株式会社スムマ,東京都千代田区紀尾井町３番地３３－６階,2022-08-16,株式会社
株式会社ソーシャルワーク福岡,福岡県福岡市中央区警固２丁目９番１４号,2022-08-16,株式会社
株式会社ティーシー,埼玉県戸田市大字新曽５６２番地,2022-08-16,株式会社
株式会社ディーツーエックスアソシエイツ,愛知県名古屋市中区栄３丁目１５－２７いちご栄ビル９階,2022-08-16,株式会社
株式会社ディーメイク,神奈川県川崎市川崎区砂子１丁目８番地８万年ビル２Ｆ,2022-08-16,株式会社
株式会社トップアイビー,千葉県香取郡多古町多古２６１８番地１,2022-08-16,株式会社
株式会社トラス,長野県伊那市境１９６２番地,2022-08-16,株式会社
株式会社トラストコーポレーションＧＰ,神奈川県横浜市瀬谷区二ツ橋町３８１番地,2022-08-16,株式会社
株式会社ドクターコーチ,東京都港区南麻布４丁目１１－３１ザ・パーククロス広尾６０１,2022-08-16,株式会社
株式会社ニューライフ,熊本県人吉市上漆田町３４４３番地１,2022-08-16,株式会社
株式会社ノア・ネクスト,大阪府大阪市中央区瓦町４丁目５番３号,2022-08-16,株式会社
株式会社ノーサイドグループ,愛知県名古屋市中村区太閤１丁目２２番１３号,2022-08-16,株式会社
株式会社ハッピーフラワー,東京都世田谷区桜新町２丁目４番１５号,2022-08-16,株式会社
株式会社ハヤシユニフォーム,愛知県名古屋市北区清水４丁目６番１８号,2022-08-16,株式会社
株式会社ハロー,兵庫県加西市北条町栗田１２３番６,2022-08-16,株式会社
株式会社ピーエス,福島県福島市東浜町７番３５号,2022-08-16,株式会社
株式会社ファリンヌ,山梨県甲府市太田町２１番１５号,2022-08-16,株式会社
株式会社ファーストドライブインプレッション,栃木県大田原市前田１０６番地２,2022-08-16,株式会社
株式会社フェローザ,東京都台東区台東２丁目１０－１３,2022-08-16,株式会社
株式会社フジノ,東京都品川区大井３丁目２番１４号,2022-08-16,株式会社
株式会社フロッグワークス,新潟県糸魚川市大字桂６７７番地１,2022-08-16,株式会社
株式会社ブルーマイスター,兵庫県三田市けやき台５丁目２５番地２０３,2022-08-16,株式会社
株式会社ヘキサクリエイト,東京都台東区下谷３丁目８番４号Ａｐｒｉｃｏｔ上野入谷,2022-08-16,株式会社
株式会社ベイサイド総合地所,神奈川県横浜市中区山田町７番地１２エステハイム横浜２０３号室,2022-08-16,株式会社
株式会社ホライズンアンドカンパニー九州,東京都江東区有明３丁目５番７号ＴＯＣ有明イーストタワー７階,2022-08-16,株式会社
株式会社マインド,大阪府堺市中区深井清水町３７６８番地２プロスパーハイツ深井４０５号,2022-08-16,株式会社
株式会社マチダヤ,神奈川県相模原市南区上鶴間本町８丁目４６番１６号,2022-08-16,株式会社
株式会社マノワール,東京都新宿区新宿６丁目２７番２号パークフラッツ新宿イーストサイド５０１,2022-08-16,株式会社
株式会社ママミン相談所,東京都世田谷区太子堂３丁目１３番９号,2022-08-16,株式会社
株式会社マリエフォルテ,東京都港区六本木７丁目７番１３号,2022-08-16,株式会社
株式会社マークインサイト,茨城県つくば市花畑３丁目２９番地１４,2022-08-16,株式会社
株式会社メディアアドバンス,東京都板橋区上板橋２丁目１０番１－３０３号,2022-08-16,株式会社
株式会社メディックスアーム東京,東京都千代田区神田淡路町１丁目１番１号,2022-08-16,株式会社
株式会社メディックスアーム神奈川,東京都千代田区神田淡路町１丁目１番１号,2022-08-16,株式会社
株式会社メンズスター,福岡県福岡市中央区港１丁目８番１０－６０３号,2022-08-16,株式会社
株式会社ユニオン,東京都渋谷区笹塚３丁目１７－４にしのビル３０２号,2022-08-16,株式会社
株式会社ユープロモ,沖縄県那覇市樋川１丁目２８番２８号ガーデンシャトー１０１号,2022-08-16,株式会社
株式会社ラピ,東京都新宿区西新宿３丁目３番１３号西新宿水間ビル６階,2022-08-16,株式会社
株式会社リブラ,東京都目黒区目黒３丁目１番７－３０６号,2022-08-16,株式会社
株式会社リメイ,群馬県藤岡市中栗須２１８番地１,2022-08-16,株式会社
株式会社リレア,愛知県名古屋市昭和区南分町２丁目４９番地,2022-08-16,株式会社
株式会社ルピエ,群馬県桐生市末広町３番８号,2022-08-16,株式会社
株式会社ロメッツ,東京都渋谷区円山町５番５号,2022-08-16,株式会社
株式会社ワダイコ,静岡県静岡市葵区建穂１丁目１３番６号,2022-08-16,株式会社
株式会社ワダブシ動画オフィス,東京都台東区谷中２丁目１６－１１ビレッジ谷中Ｂ２０３,2022-08-16,株式会社
株式会社ワーク・ステーション,東京都品川区旗の台２丁目１１番４－１１０２号,2022-08-16,株式会社
株式会社中須左官店,京都府京都市右京区山ノ内瀬戸畑町１０番地９,2022-08-16,株式会社
株式会社五龍神,東京都中央区銀座６丁目１３番１６号,2022-08-16,株式会社
株式会社人的資本化,東京都中央区新川２丁目２７番４－６０２号,2022-08-16,株式会社
株式会社令和企画,東京都豊島区高田３丁目１１番１４号高田馬場シティハイツ８０３,2022-08-16,株式会社
株式会社住まいずＯＮＥ,山形県山形市南栄町１丁目４８番２号,2022-08-16,株式会社
株式会社住宅販売コンサル,神奈川県横浜市中区山手町１８４番地６,2022-08-16,株式会社
株式会社佐野商事,徳島県鳴門市大麻町桧字東山田１４番地６５,2022-08-16,株式会社
株式会社保堂,大阪府堺市北区中長尾町３丁５番２１号,2022-08-16,株式会社
株式会社優凪,大阪府堺市西区北条町１丁３０－５１ヒルサイドマンション１０２号室,2022-08-16,株式会社
株式会社八十八,大阪府大阪市北区本庄西１丁目６番１４号,2022-08-16,株式会社
株式会社八巻,岡山県岡山市東区古都南方３０７７番地１,2022-08-16,株式会社
株式会社八広ガレージ,京都府京都市下京区岩上通仏光寺上る雁金町４００－８,2022-08-16,株式会社
株式会社前橋みらいコーポレーション,群馬県前橋市文京町３丁目３１番１２号,2022-08-16,株式会社
株式会社剛板,香川県高松市新田町甲２７００番地７,2022-08-16,株式会社
株式会社勇進建材,神奈川県横浜市青葉区寺家町１６８,2022-08-16,株式会社
株式会社協和建設,神奈川県厚木市下荻野６０４の５番地,2022-08-16,株式会社
株式会社吉和,神奈川県横浜市戸塚区汲沢町４７４番地６,2022-08-16,株式会社
株式会社和田防水,神奈川県相模原市南区相武台１丁目１１番６－２０３号,2022-08-16,株式会社
株式会社咲ｓｅｅｄ,愛知県あま市新居屋郷７７番地,2022-08-16,株式会社
株式会社大丸システム,愛知県瀬戸市菱野町１７６番地,2022-08-16,株式会社
株式会社如意棒,京都府亀岡市古世町西内坪９番地３亀岡駅前ぎばさんビル３Ｆ,2022-08-16,株式会社
株式会社宇田川建設,埼玉県越谷市レイクタウン６丁目１９番地４ＡＢＩＥＳⅡ５０１,2022-08-16,株式会社
株式会社寄り糸,東京都世田谷区三宿１丁目１３番４－１１０２号,2022-08-16,株式会社
株式会社富士鳥居,東京都港区南青山６丁目１番６号,2022-08-16,株式会社
株式会社山口建設,千葉県船橋市高根台４丁目３１番８号,2022-08-16,株式会社
株式会社岐阜中央物流,岐阜県多治見市旭ケ丘１０丁目２番地の２６９,2022-08-16,株式会社
株式会社岸川建設,大阪府大阪市城東区古市１丁目２３番２３号,2022-08-16,株式会社
株式会社平成セキュリティ,東京都多摩市和田３０８番地,2022-08-16,株式会社
株式会社德治昭童画館,大阪府八尾市山城町３丁目６番３２－１０１号,2022-08-16,株式会社
株式会社心栄建設,栃木県真岡市上高間木３丁目１８番地２,2022-08-16,株式会社
株式会社我がミッションホールディングス,東京都千代田区紀尾井町３番１０号紀尾井町ガーデンタワー２５０４号（Ｃ／Ｏｓｈｉｍａｄａ－ｏｆｆｉｃｅ）,2022-08-16,株式会社
株式会社日の出企画,大阪府大阪市西区西本町１丁目１４番２４号,2022-08-16,株式会社
株式会社松戸社中,千葉県松戸市横須賀２丁目３番地の１９アヴァンセ・クロシェット２０２号,2022-08-16,株式会社
株式会社松田年生商店,福岡県福岡市博多区祇園町４番３－９０１号,2022-08-16,株式会社
株式会社楽学,大阪府大阪市淀川区西中島３丁目１８番９号,2022-08-16,株式会社
株式会社樋口翠松園,大阪府八尾市服部川６丁目２８６番地,2022-08-16,株式会社
株式会社横山,北海道北斗市村山１５４番地の１,2022-08-16,株式会社
株式会社武田エステート,東京都江戸川区松島２丁目３５番３６号武田ビル,2022-08-16,株式会社
株式会社沖新工業,沖縄県中頭郡読谷村字波平５１３番地２・２Ｆ,2022-08-16,株式会社
株式会社浅間フォーウェイ,群馬県吾妻郡長野原町大字北軽井沢１９８８番地７５,2022-08-16,株式会社
株式会社温菓,福島県いわき市常磐上湯長谷町堀ノ内１０２番地の８,2022-08-16,株式会社
株式会社當山内装,沖縄県南城市大里字稲嶺２１０１番地３９,2022-08-16,株式会社
株式会社知識工業,大阪府堺市中区平井１０２９番地１２,2022-08-16,株式会社
株式会社砂川板金工業,大阪府泉南郡熊取町紺屋２丁目１８－４,2022-08-16,株式会社
株式会社翔栄,東京都北区志茂２丁目５９番２号,2022-08-16,株式会社
株式会社菅和,千葉県茂原市押日４１７番地６,2022-08-16,株式会社
株式会社菜のはな,東京都北区赤羽北２丁目２５番８－１３０５号アクトピア北赤羽六番館,2022-08-16,株式会社
株式会社華,神奈川県横浜市旭区善部町４２番地８３,2022-08-16,株式会社
株式会社華年アーバン,東京都台東区東上野５丁目１８番１号上野アインスタワー１５０６,2022-08-16,株式会社
株式会社製造情報プラットフォーム,愛知県名古屋市中村区二瀬町１３３番地の１,2022-08-16,株式会社
株式会社西尾,大阪府堺市南区高倉台２丁４６番７号,2022-08-16,株式会社
株式会社金虎,長野県長野市篠ノ井小松原１６６８番地４,2022-08-16,株式会社
株式会社長尾,京都府京都市南区吉祥院中河原里北町３３番地,2022-08-16,株式会社
株式会社飛鳥山荘,奈良県宇陀市室生砥取１７７番地,2022-08-16,株式会社
株式会社鶴家,石川県野々市市御経塚３丁目２２４番地,2022-08-16,株式会社
株式会社＆Ｌｕｘｅ,東京都港区芝浦４丁目２０番２－３４０５号,2022-08-16,株式会社
株式会社５００Ｔ,東京都目黒区上目黒５丁目８番８号リネアＧ,2022-08-16,株式会社
株式会社８８,大阪府大阪市平野区瓜破１丁目１番１１－１３１４号,2022-08-16,株式会社
株式会社８８’ｓ,愛知県一宮市上祖父江字東本郷３８番地１,2022-08-16,株式会社
株式会社Ａ．Ｒ．Ｔ,神奈川県相模原市中央区田名３１６４番地１０,2022-08-16,株式会社
株式会社ＡＧＥＮＴ　ＢＡＮＫ,大阪府大阪市北区梅田１丁目１番３号大阪駅前第３ビル２９階１－１－１号室,2022-08-16,株式会社
株式会社ＡＮＩＭＡＴＩＯＮ　ｐｌｕｓ,東京都世田谷区代沢３丁目１７番１７号プレミスト代沢１０２,2022-08-16,株式会社
株式会社ＡＰＥＸ　ＭＡＲＫＥＴＩＮＧ,東京都渋谷区渋谷１丁目１５－１２ＬＡＩＤＯＵＴＳＨＩＢＵＹＡ２０４,2022-08-16,株式会社
株式会社Ａｄｏｒｅｒ,東京都渋谷区千駄ヶ谷３丁目５１番１０号ＰＯＲＴＡＬＰＯＩＮＴＨＡＲＡＪＵＫＵＦＤ－２９,2022-08-16,株式会社
株式会社Ａｏｉコンサルティング,東京都目黒区三田１丁目７番１３－４１５号ヒューリック目黒三田,2022-08-16,株式会社
株式会社Ａｒｘｃｓ,奈良県北葛城郡王寺町王寺２丁目１２－１１プラウディアコート９０３,2022-08-16,株式会社
株式会社ＢＣＬａｂｏ,東京都荒川区南千住５丁目２３－４ジーフラックス２ｃ,2022-08-16,株式会社
株式会社ＢＲＥＥＺＥ,宮城県東松島市赤井字川前二２２１－１,2022-08-16,株式会社
株式会社ＢＵＫＡＲＵ,北海道札幌市中央区南二条西２２丁目１－１テイストビル２Ｆ,2022-08-16,株式会社
株式会社Ｂａｒｒｉｅｒ　Ｆｒｅｅ,秋田県秋田市将軍野南３丁目１０番９号,2022-08-16,株式会社
株式会社Ｂｌｕｅ　Ｆｌｉｎｔ,東京都渋谷区神宮前６丁目２３番４号桑野ビル２階,2022-08-16,株式会社
株式会社Ｂｒａｓｈ　Ｕｐ,東京都台東区浅草４丁目２３番７号,2022-08-16,株式会社
株式会社Ｂｒｅａｔｈ　ｏｆ　ＬＩＦＥ,千葉県千葉市緑区古市場町４７２－１ニッシンビル２０１,2022-08-16,株式会社
株式会社Ｂｕｚｚ　Ｃｅｂｏｎ,神奈川県川崎市多摩区登戸２５６７番地１０１号,2022-08-16,株式会社
株式会社ＣＩＲＣＯ,東京都目黒区目黒４丁目２１番５号,2022-08-16,株式会社
株式会社ＣＵＬＬＡＮＤ,沖縄県那覇市宇栄原２丁目１５番２７号,2022-08-16,株式会社
株式会社ＣＹコーポレーション,東京都世田谷区奥沢７丁目３２番３号,2022-08-16,株式会社
株式会社Ｃｈａｒｉｓ,奈良県北葛城郡王寺町王寺２丁目２番１号,2022-08-16,株式会社
株式会社Ｃｈｅｆ’ｓ　Ｒｏｏｍ,東京都新宿区市谷甲良町２番１５号３階,2022-08-16,株式会社
株式会社Ｃｏｇｎｉｔｉｏｎ,東京都千代田区九段南３丁目５番１２号４０５号室,2022-08-16,株式会社
株式会社ＤＡＩＣＨＩ,大阪府大阪市中央区瓦町１丁目５番８号,2022-08-16,株式会社
株式会社Ｄｒ．山口バイオレゾナンス応用研究所,大阪府大阪市西区新町３丁目６番１９－１００４号,2022-08-16,株式会社
株式会社ＥＮＫＥＩ,広島県広島市中区舟入本町３番２３－９０１号,2022-08-16,株式会社
株式会社ＥＲＩＩ,神奈川県横浜市中区野毛町３丁目１３１番地１コスモ桜木町グランポール４１０号室,2022-08-16,株式会社
株式会社ＥＴＭ,石川県河北郡津幡町字津幡ル４０番地２,2022-08-16,株式会社
株式会社ＥＷＤＯＯＲＳ,大阪府南河内郡太子町大字山田４８１番地の１４,2022-08-16,株式会社
株式会社Ｅａｒｎｅｓｔ,東京都新宿区新宿２丁目１３番１０号,2022-08-16,株式会社
株式会社Ｅｆｕｓｅ,福岡県福岡市博多区博多駅東２丁目１０番１６－３０１号,2022-08-16,株式会社
株式会社ＦＡ‐ＣＯＮＮＥＣＴ,東京都新宿区歌舞伎町１丁目１３番７号,2022-08-16,株式会社
株式会社ＦＥＭＳＨＩＮ,大阪府大阪市北区芝田２丁目６番３０号梅田清和ビル６Ｆ,2022-08-16,株式会社
株式会社ＦＵＤＯＵハウジング,大阪府四條畷市田原台９丁目１８番３８号,2022-08-16,株式会社
株式会社Ｆｕｔｕｒｅ　Ｓｅｎｓｅ,東京都新宿区百人町１丁目９番１４号デュオメゾン新宿百人町３０１,2022-08-16,株式会社
株式会社ＧＬＯＩＲＥ,大阪府堺市西区菱木１丁２２８５番地５,2022-08-16,株式会社
株式会社ＧＯＯＤＤＡＹ,沖縄県那覇市安謝１丁目９番１９号,2022-08-16,株式会社
株式会社ＧＳＭ,神奈川県横浜市港北区新横浜１丁目２番１号Ｂ１０３,2022-08-16,株式会社
株式会社Ｇｒｉｐ,東京都渋谷区渋谷２丁目１９－１５宮益坂ビルディング６０９,2022-08-16,株式会社
株式会社Ｇｕｚｍａｎｉａ,福岡県北九州市小倉北区浅野３丁目８番１号ＡＩＭビル６階,2022-08-16,株式会社
株式会社Ｈ２ｔｅｎ,東京都立川市柴崎町２丁目５番３号ＳＯＨＯプラザ立川３０２,2022-08-16,株式会社
株式会社ＨＩＴＳＵＪＩ　ＪＡＰＡＮ,東京都台東区谷中５丁目１－９,2022-08-16,株式会社
株式会社ＨＯＵＳＥ　ＧＡＴＥ,大阪府大阪市中央区島之内１丁目８－８－４Ｆ,2022-08-16,株式会社
株式会社ＩＨＧ,埼玉県戸田市大字新曽１８９２番地,2022-08-16,株式会社
株式会社ＩＰＬＡＮＴ,神奈川県横浜市神奈川区立町１４番地３立町ビル２０５号,2022-08-16,株式会社
株式会社ＩＲＳ,大阪府和泉市はつが野２丁目１５番３２号,2022-08-16,株式会社
株式会社ＩＳＨＩ,埼玉県川口市芝塚原２丁目２１番１８号リバティ川口１０１号,2022-08-16,株式会社
株式会社ＩＴａｌｅｎｔ,東京都台東区上野３丁目１５番７号,2022-08-16,株式会社
株式会社ＪＰＹホールディングス,愛知県名古屋市中村区平池町４丁目６０番地の１２グローバルゲート１１階,2022-08-16,株式会社
株式会社ＪＵＧ．,東京都新宿区新宿２丁目１１番７号第３３宮廷ビル９０６,2022-08-16,株式会社
株式会社Ｋ＆Ｈ,東京都板橋区板橋２丁目６２番８号キャニオンマンション第２板橋３０１号室,2022-08-16,株式会社
株式会社ＫＡＩＳＥＩ,群馬県みどり市笠懸町鹿４７３５－３－９,2022-08-16,株式会社
株式会社ＫＡＷＡＦＵＪＩ,福岡県北九州市八幡東区河内２丁目２番４８号,2022-08-16,株式会社
株式会社ＫＩＧ,千葉県市原市五井３３３４番地１アーバンシャトー市原２０１,2022-08-16,株式会社
株式会社ＫＯＫＨＡＲ　ＴＲＡＤＩＮＧ,長野県松本市大字島内１６６６番地３７５,2022-08-16,株式会社
株式会社ＬＥＢＥＲＴＥ,神奈川県横浜市保土ケ谷区峰沢町３０７番地２３,2022-08-16,株式会社
株式会社ＬＥＧＥＮＤ,千葉県匝瑳市春海１２２１番地１,2022-08-16,株式会社
株式会社ＬＩＮＫ,大阪府大阪市東淀川区東中島１丁目２１番２４号２Ｆ,2022-08-16,株式会社
株式会社ＬＸ商事,福岡県福岡市博多区東月隈５丁目３１番１号,2022-08-16,株式会社
株式会社Ｌａｆｔｅｌ,山口県山口市阿知須４８６番地２,2022-08-16,株式会社
株式会社Ｌｅ　ｍｏｍｅｎｔ,東京都港区六本木４丁目３番１１号六本木ユニハウス２２３,2022-08-16,株式会社
株式会社Ｌｅｉ,愛知県名古屋市中区栄２丁目８番５号,2022-08-16,株式会社
株式会社Ｌｅｏｎａｒｄ,千葉県木更津市真舟３丁目４番８号,2022-08-16,株式会社
株式会社Ｌｉｆｅ　Ｓｍｉｌｅ,静岡県下田市西本郷１丁目１０番６‐２号,2022-08-16,株式会社
株式会社ＬｉｎｋＰｌａｎｎｅｒ,群馬県前橋市総社町植野１４０番地８,2022-08-16,株式会社
株式会社ＭＫＲ,東京都中央区日本橋箱崎町３２番３－１０３号,2022-08-16,株式会社
株式会社ＭＯＭＯ,東京都中野区本町６丁目１０番１５号Ｄキャスル新中野１０６,2022-08-16,株式会社
株式会社ＭａｇｎｕｓどっとＶ,沖縄県豊見城市字豊崎３番地の５９,2022-08-16,株式会社
株式会社ＭａｍａＷｅｌｌ,茨城県つくば市吾妻２丁目５番地１つくば市産業振興センター１Ｆ,2022-08-16,株式会社
株式会社Ｍａｒｔｅｆａｃｔ,栃木県小山市大字立木１０９９番地,2022-08-16,株式会社
株式会社Ｍａｒｖｅｌｉｘ　ｓｏｕｔｈ,東京都台東区東上野３丁目３７番１３号３階,2022-08-16,株式会社
株式会社Ｍｄｒｒｒｒｒ,埼玉県さいたま市南区内谷７丁目４番８号,2022-08-16,株式会社
株式会社Ｍｉｍ’ｓ,埼玉県熊谷市久下２００５番地１,2022-08-16,株式会社
株式会社Ｍｏｉ,東京都中野区弥生町３丁目５番１６号シャーロックホームズ１０２,2022-08-16,株式会社
株式会社Ｎ．Ｋｃｏｍｐａｎｙ,大阪府大阪市住之江区新北島１丁目４番２８号,2022-08-16,株式会社
株式会社ＮＹ,兵庫県神戸市中央区下山手通２丁目１番４号エレンシアビル３階,2022-08-16,株式会社
株式会社Ｏ＆Ｄ,神奈川県横浜市都筑区加賀原１丁目２３番１４－２０３号,2022-08-16,株式会社
株式会社ＯＧ,東京都墨田区業平１丁目１８番７－６０２号,2022-08-16,株式会社
株式会社ＯＨＣ,東京都世田谷区太子堂５丁目３１－１３コリーヌ太子堂１０１号室,2022-08-16,株式会社
株式会社ＯＮＥ,大阪府東大阪市長堂１丁目２番１６号東大阪新光ビル３０９号室,2022-08-16,株式会社
株式会社ＯＮＥ　ＣＲＯＳＳ,大阪府大阪市東成区深江北２丁目１番３号,2022-08-16,株式会社
株式会社ＯＮＥＷＡＹ　ＧＬＯＯＰ,福岡県北九州市小倉南区下曽根４丁目１３番１６号,2022-08-16,株式会社
株式会社Ｏｆｆｉｃｅ　Ｔｅｅ,神奈川県足柄上郡大井町金手１０４８番地３,2022-08-16,株式会社
株式会社Ｐｅｒｉｔａｇｅ,東京都中央区銀座１丁目２２番１１号銀座大竹ビジデンス２階,2022-08-16,株式会社
株式会社Ｐｉｅｃｅ　Ｌｉｎｋ,大阪府大東市北条１丁目６番１７号クレストハイツ１０１号,2022-08-16,株式会社
株式会社Ｐｉｎｋｙ　Ｒｏｓｅｙ,石川県野々市市御経塚４丁目１５１番地,2022-08-16,株式会社
株式会社Ｐｉｚｃａ　ｄｅ　Ｓａｌ,京都府京都市左京区孫橋町３１－４ペンタグラム川端御池１階,2022-08-16,株式会社
株式会社ＲＡＫＵ　Ｕ,大阪府大阪市中央区南船場２丁目４番２０号大阪福谷ビル３Ｆ,2022-08-16,株式会社
株式会社ＲＢＣ,広島県東広島市八本松町正力８０１番地２,2022-08-16,株式会社
株式会社ＲＣＦ,福岡県糸島市潤３丁目２９番１号,2022-08-16,株式会社
株式会社ＲＥＴＯＲＯＳ,千葉県千葉市稲毛区小仲台２丁目９番１号川村ビルＡ棟１０１,2022-08-16,株式会社
株式会社ＲＧＢ,東京都渋谷区本町５丁目７番７号,2022-08-16,株式会社
株式会社ＲＳオートバイ,兵庫県尼崎市杭瀬南新町４丁目６番８号,2022-08-16,株式会社
株式会社ＲＹＯＹＵＵ,鹿児島県鹿児島市宇宿５丁目２８番５号グランドステージ宇宿１０１号,2022-08-16,株式会社
株式会社ＲｉＭｏ,神奈川県横浜市西区平沼２丁目１３番３－４０３号,2022-08-16,株式会社
株式会社Ｒｉｄｅ．ＪＰ,東京都港区麻布十番１丁目２番７号,2022-08-16,株式会社
株式会社Ｒｏｏｐ,新潟県長岡市南七日町７０番地１４,2022-08-16,株式会社
株式会社Ｓ．Ｚ．Ｔ　Ｊａｐａｎ　Ｔｒａｄｉｎｇ,群馬県館林市近藤町８０１番地の１５,2022-08-16,株式会社
株式会社ＳＡエンジニアリング,高知県須崎市浦ノ内西分８０４番地,2022-08-16,株式会社
株式会社ＳＡＮＳ,神奈川県横浜市中区常盤町３丁目２２番地３徳栄ビル４－４０３号,2022-08-16,株式会社
株式会社ＳＥＧ,東京都港区西新橋２丁目１４番７号笠井ビル４階,2022-08-16,株式会社
株式会社ＳＧメディカルパートナーズ,静岡県静岡市葵区紺屋町１７－１葵タワー１階,2022-08-16,株式会社
株式会社ＳＪＹ,東京都豊島区南大塚３丁目１番１２－９０２号,2022-08-16,株式会社
株式会社ＳＫ・ＰＲＯ,兵庫県丹波市山南町谷川１０２３番地,2022-08-16,株式会社
株式会社ＳＯＵ,福岡県糟屋郡新宮町大字上府１１０３番地１,2022-08-16,株式会社
株式会社ＳＴＲＵＴ,東京都国立市東１丁目１４番２１号,2022-08-16,株式会社
株式会社ＳＴＳ　ＬＵＸＵＲＹ　ＪＡＰＡＮ,鹿児島県鹿児島市五ヶ別府町３３５１番地３　１０３号,2022-08-16,株式会社
株式会社Ｓｅｐｔ,大阪府大阪市北区天神橋３丁目５番２３号ＳＵＮＰＡＸ３０１号室,2022-08-16,株式会社
株式会社Ｓｍａｒｔ通信,和歌山県和歌山市神前１７番地７,2022-08-16,株式会社
株式会社Ｓｔａｒ　Ｌｉｎｋ,北海道札幌市清田区平岡七条１丁目３番５－１０２号,2022-08-16,株式会社
株式会社Ｓｕｎｂｒｉｄｇｅ,千葉県成田市郷部１３２番地１－１０３号,2022-08-16,株式会社
株式会社ＴＨＡＮＫＦＵＬＬ．,群馬県高崎市浜尻町１１３５番地サンクフルタウン２－Ｆ号室,2022-08-16,株式会社
株式会社Ｔｒｙ　Ｇｅｔ,大阪府大阪市中央区南船場１丁目４番９号,2022-08-16,株式会社
株式会社ＵＥ,愛知県瀬戸市新道町１７番地,2022-08-16,株式会社
株式会社ＵＦＳ,東京都町田市上小山田町１８２－２３,2022-08-16,株式会社
株式会社ＵＲＡＫＡＴＡ,東京都世田谷区北沢２丁目２６－１９ヒルズⅡ４０２,2022-08-16,株式会社
株式会社Ｕｓａｙａｍａ＆Ｃｏ．,東京都新宿区西新宿３丁目３番１３号西新宿水間ビル６階,2022-08-16,株式会社
株式会社ＶＥＮＵＳ　ＢＲＩＤＧＥ,大阪府大阪市港区弁天５丁目６番６号,2022-08-16,株式会社
株式会社ＶＯＸＸ,東京都港区赤坂５丁目３番６号,2022-08-16,株式会社
株式会社Ｖｏｉｃｅ,東京都八王子市子安町２丁目３４－１８ＦＯＲＴ子安４０２号,2022-08-16,株式会社
株式会社ＷＯＲＬＤ　ＧＥＡＲ,兵庫県明石市大久保町高丘２丁目３番地の２,2022-08-16,株式会社
株式会社ＷＯＲＬＤ　ＳＨＩＰ,兵庫県神戸市須磨区離宮前町１丁目４番１７－１号,2022-08-16,株式会社
株式会社ＹＧＰ,愛知県名古屋市東区代官町１５－３,2022-08-16,株式会社
株式会社ａｉ　ｎｏｗａ,大阪府泉南郡田尻町吉見７２５,2022-08-16,株式会社
株式会社ｅｔｏ,石川県金沢市高岡町２２番５号,2022-08-16,株式会社
株式会社ｆ‐ｇｒｏｗ,大阪府枚方市茄子作４丁目３２－８ラネージュ枚方３０１,2022-08-16,株式会社
株式会社ｆｏｕｒＹｏｕ,高知県宿毛市南沖須賀１番１０号,2022-08-16,株式会社
株式会社ｇｒａｃｅ,東京都台東区柳橋１丁目９番９号ＧＲＡＮＰＡＳＥＯ２０２号,2022-08-16,株式会社
株式会社ｈｅｄｇｅ,東京都港区三田１丁目３番４０号天翔オフィス麻布十番５階５１１号室,2022-08-16,株式会社
株式会社ｉＮＤ,兵庫県神戸市灘区岩屋北町５丁目１番２１－１０２号,2022-08-16,株式会社
株式会社ｍｏｍｏｋａｅｎ,群馬県高崎市上豊岡町１０２９番地３,2022-08-16,株式会社
株式会社ｍｔｃ．ｃｏｇｎｉｓｓｉｏｎ,東京都目黒区三田２丁目１６－１０,2022-08-16,株式会社
株式会社ｎｏｒｍ,東京都渋谷区渋谷２丁目８番７号青山宮野ビル１０１,2022-08-16,株式会社
株式会社ｏｃｔ．,愛知県名古屋市千種区鹿子町６丁目１５番地の１－２０２号,2022-08-16,株式会社
株式会社ｏｎｚｅ,神奈川県横浜市港北区高田東４丁目１７番１６号トルバートＡ号室,2022-08-16,株式会社
株式会社ｏｕｒＮｉｎｅ,大阪府大阪市北区梅田１丁目２番２号大阪駅前第２ビル２階５－６号室,2022-08-16,株式会社
株式会社ｔｏ　ｂｅ,東京都渋谷区渋谷２丁目１９－１５宮益坂ビルディング６０９,2022-08-16,株式会社
株式会社ｖａｓｔｕｓ,熊本県熊本市北区清水亀井町５５番６３号,2022-08-16,株式会社
株式会社ｙａｂｕ　ｆｏｏｄ　Ｃｏｍｐａｎｙ,東京都大田区蒲田５丁目２１番１３号ペガサスステーションＢ２－３２号室,2022-08-16,株式会社
極美株式会社,愛知県名古屋市北区大曽根４丁目１番４５号,2022-08-16,株式会社
永興株式会社,埼玉県さいたま市南区南浦和３丁目１１番１６号南浦和第３ローヤルコーポ１１０号,2022-08-16,株式会社
池本電気株式会社,大阪府大阪市都島区友渕町１丁目６番５－１４１０号,2022-08-16,株式会社
沖縄くがに保険サービス株式会社,沖縄県中頭郡西原町棚原１丁目２１番地の４,2022-08-16,株式会社
特定非営利活動法人どんぐりの森,東京都多摩市関戸２丁目３３番地の１ラサール聖蹟１号２０２,2022-08-16,その他の設立登記法人
申聯株式会社,東京都新宿区上落合３丁目１９番地２１号１０１,2022-08-16,株式会社
社会福祉法人わか草会,埼玉県さいたま市中央区本町東４丁目５０６番２,2022-08-16,その他の設立登記法人
神明ホーム株式会社,兵庫県神戸市垂水区西舞子１丁目７番３７号,2022-08-16,株式会社
福岡久山合同会社,東京都港区元赤坂１丁目１番８号株式会社赤坂国際会計内,2022-08-16,合同会社
税理士法人みのり会計,埼玉県さいたま市大宮区桜木町４丁目４１番地ＡＳＰＥＲＯＢＬＤ３階,2022-08-16,その他の設立登記法人
税理士法人山田会計,愛知県名古屋市中区千代田２丁目１５番１号,2022-08-16,その他の設立登記法人
章敬コンサルティング株式会社,東京都江東区東陽２丁目４番３９号新東陽ビル４階,2022-08-16,株式会社
英嘉株式会社,埼玉県蕨市南町３丁目１４番地１１号３０２号室,2022-08-16,株式会社
行政書士法人まつおよう子法務事務所,福岡県北九州市八幡西区丸尾町２番１号,2022-08-16,その他の設立登記法人
行政書士法人宮下弘和事務所,埼玉県川口市元郷２丁目１３番１０号,2022-08-16,その他の設立登記法人
行政書士法人未来経営,長野県松本市大手４丁目６番４号,2022-08-16,その他の設立登記法人
行政書士法人ＳＧＸ,千葉県松戸市本町３－３横山ビル２階,2022-08-16,その他の設立登記法人
西麻布管財株式会社,東京都港区西麻布２丁目１３番１５号大山ビル５Ｆ,2022-08-16,株式会社
農業法人Ｉ．Ｋ．Ｔファーム株式会社,愛知県稲沢市平和町須ケ谷郷５２６番地,2022-08-16,株式会社
金星グローバル株式会社,神奈川県横浜市西区みなとみらい４丁目４番２号横浜ブルーアベニュー１２Ｆ,2022-08-16,株式会社
金達国際株式会社,東京都葛飾区堀切１丁目１７－１１－３０２号デュオ堀切菖蒲園,2022-08-16,株式会社
鈴友林業合同会社,山形県鶴岡市茅原町１７番７号,2022-08-16,合同会社
鵬成商事合同会社,兵庫県たつの市新宮町井野原１３４－５,2022-08-16,合同会社
１５インダストリ合同会社,大阪府大阪市中央区安土町３丁目２番１４号,2022-08-16,合同会社
Ａ　Ｌｏｗ株式会社,大阪府大東市扇町１４番２４号,2022-08-16,株式会社
ＡＣＣＯＴＲＡ合同会社,東京都江東区有明１丁目４番２０号２０３１,2022-08-16,合同会社
ＡＯＭＯＲＩ　ＪＡＰＡＮ株式会社,茨城県結城郡八千代町大字西大山４００番地６,2022-08-16,株式会社
ＡＳＰｉＡ　ＪＡＰＡＮ株式会社,東京都台東区蔵前４丁目３１番１０号,2022-08-16,株式会社
ＡＹ　Ｉｎｖｅｓｔｍｅｎｔ合同会社,東京都港区赤坂８丁目１１番１１号,2022-08-16,合同会社
ＡＺホールディングス株式会社,大阪府大阪市中央区瓦町４丁目３番７号,2022-08-16,株式会社
Ａｄｏ　Ｓｔｒｉｎｇｓ,東京都杉並区阿佐谷北５丁目１９－２,2022-08-16,その他
Ａｍｂｉｃｉｏｎ合同会社,奈良県磯城郡三宅町大字石見４５７番地の２,2022-08-16,合同会社
Ａｎ　Ｆｕｎｎｙ　Ｐｒｏｊｅｃｔ合同会社,長野県松本市渚２丁目９番７号みのりハイツ１０６号室,2022-08-16,合同会社
ＡｐｐＢｌｕｅ合同会社,東京都江東区平野２丁目２番３－６０１号,2022-08-16,合同会社
ＡｔＺ　Ｂｕｓｉｎｅｓｓ　Ｐａｒｔｎｅｒｓ株式会社,神奈川県厚木市戸室１丁目１５－６,2022-08-16,株式会社
Ａｙａｎ　Ｔｒａｄｉｎｇ合同会社,千葉県成田市本城３２番地１５５パークハイツ本城台Ｂ棟２階２０２号室,2022-08-16,合同会社
ＢＲＡＮＤ　ＥＡＴＳ合同会社,東京都港区三田３丁目３番４号,2022-08-16,合同会社
ＣＨＡＮＴ合同会社,東京都中野区弥生町１丁目５５－１１－４０２,2022-08-16,合同会社
ＣＮＮクリーン合同会社,奈良県奈良市西大寺国見町２丁目１７番２０号小河ハイツ１０３号,2022-08-16,合同会社
ＣＵＴＩＥ　ＱＵＥＥＮ株式会社,沖縄県中頭郡読谷村字長浜１５２５番地１,2022-08-16,株式会社
Ｃａｒ　Ｅｘｃｅｌｌｅｎｃｅ　Ｊａｐａｎ株式会社,神奈川県横浜市青葉区新石川４丁目７番地３４,2022-08-16,株式会社
Ｃｈｕｎｇ　Ｈｉｎｇ　Ｌｉｍｉｔｅｄ，Ｊａｐａｎ株式会社,福岡県福岡市東区香椎照葉５丁目１番１２－３５０１号,2022-08-16,株式会社
Ｃｙｃｌｉｎｇ　ＧＹＰＳＹ合同会社,神奈川県小田原市城山１丁目３１番３３号,2022-08-16,合同会社
ＤＧＳ　Ｊａｐａｎ株式会社,東京都千代田区丸の内２丁目３番１号,2022-08-16,株式会社
Ｄｏ＆Ｄｏ．株式会社,東京都渋谷区道玄坂１丁目１０番８号渋谷道玄坂東急ビル２Ｆ－Ｃ,2022-08-16,株式会社
ＥｍｏＶａＬｉｙ合同会社,宮城県遠田郡涌谷町字北田８８番地５,2022-08-16,合同会社
Ｅｖｏｌ　Ｗｏｒｋｓ株式会社,福岡県福岡市西区野方３丁目２５番７号,2022-08-16,株式会社
ＦＬＯＲ‐ＣＯＮＮＥＣＴ株式会社,埼玉県上尾市大字原市４１４４番地７,2022-08-16,株式会社
ＦＯＲＴＯＰ合同会社,東京都渋谷区千駄ヶ谷３丁目１６－１原宿プラザ２０１,2022-08-16,合同会社
ＦＹアカウンティング合同会社,東京都品川区上大崎３丁目１番１５号グランドレジデンス目黒１０３,2022-08-16,合同会社
Ｇ・Ｈ・Ｆ株式会社,広島県広島市安佐北区安佐町久地追崎８５２３番地２,2022-08-16,株式会社
Ｇ．ＰＲＩＮＴ株式会社,愛知県弥富市加稲１丁目７番地２,2022-08-16,株式会社
Ｇａｒｄｅｎ　Ｈｉｌｌｓ　ＰＳ合同会社,東京都港区六本木１丁目９番１０号アークヒルズ仙石山森タワー４０階ＳａｎｎｅＧｒｏｕｐＪａｐａｎ株式会社内,2022-08-16,合同会社
ＨＦＣＴ合同会社,埼玉県川口市金山町１２番１－３１０４号サウスゲートタワー川口,2022-08-16,合同会社
ＨＬＢ１１号合同会社,東京都千代田区霞が関３丁目２番５号,2022-08-16,合同会社
ＨＯＡＮＧ　ＨＩＥＰ合同会社,福岡県福岡市南区大楠３丁目１４番２６,2022-08-16,合同会社
ＨＯＴ　ＤＯＧ　ＳＴＵＤＩＯ合同会社,東京都世田谷区深沢４丁目３１番２２号,2022-08-16,合同会社
ＨＵＮＧ　ＴＨＩＮＨ株式会社,大阪府枚方市高野道２丁目３８番１６号,2022-08-16,株式会社
ＩＣＴソリューションズ株式会社,宮城県柴田郡村田町大字村田字反町１６番地Ｅ－２,2022-08-16,株式会社
ＩＫＳ　ＪＡＰＡＮ株式会社,東京都豊島区高田３丁目１５番１４号５階,2022-08-16,株式会社
ＩＮＳＵＫＩ　ＥＮＴＥＲＰＲＩＳＥＳ合同会社,茨城県石岡市柿岡２７４５番地,2022-08-16,合同会社
Ｊ　Ｎｅｅｄ株式会社,千葉県印西市船尾１３６８番地２６,2022-08-16,株式会社
ＫＥＩサービス合同会社,東京都中央区銀座１丁目１５番７号ＭＡＣ銀座ビル３階,2022-08-16,合同会社
ＫＯＴＯＢＵＫＩ会計株式会社,神奈川県横浜市金沢区能見台５丁目５２番地１３,2022-08-16,株式会社
Ｌｏｎｇｅｖｉｔｙ　Ｐａｒｔｎｅｒｓ株式会社,東京都港区虎ノ門４丁目１番１号,2022-08-16,株式会社
Ｌｕｃｋｙ　Ｓｙｓｔｅｍｓ株式会社,東京都千代田区九段南１丁目５番６号りそな九段ビル５階ＫＳフロア,2022-08-16,株式会社
Ｍ‐ＤＡＱＪａｐａｎ株式会社,東京都港区赤坂２丁目２３番１号アークヒルズ・フロントタワーＩｎＣｏｎｔｒｏｌ内,2022-08-16,株式会社
Ｍ＆Ｍ　Ｓｉｓｔｅｒｓ株式会社,兵庫県神戸市西区竹の台２丁目１番地の３２,2022-08-16,株式会社
ＭＣＦ　Ｅｌｅｃｔｒｉｃ　Ｄｒｉｖｅ株式会社,広島県広島市南区大州５丁目１１番１０号,2022-08-16,株式会社
ＭＦカプセルからだのせんたく合同会社,兵庫県宝塚市中山桜台６丁目１８番２－１２０９号,2022-08-16,合同会社
ＭＨＨＯ　Ｅｌｅｃｔｒｉｃ　Ｄｒｉｖｅ株式会社,広島県広島市南区小磯町１７４番地１６,2022-08-16,株式会社
ＭＩＫＡＴＡＫＮＯ　ＡＵＴＯ　ＳＥＲＶＩＣＥ株式会社,東京都新宿区百人町２丁目１番４５号赤煉瓦２２４,2022-08-16,株式会社
ＭＩＮＨ　ＮＧＯＣ合同会社,東京都福生市本町９５番地９サンライズ福生３０１号,2022-08-16,合同会社
ＭＯエンタープライズ合同会社,大阪府大阪市平野区平野南３丁目１番１３－１０２号,2022-08-16,合同会社
ＭＯＦＯ　ＴＯＫＹＯ株式会社,神奈川県川崎市宮前区犬蔵３丁目１５－４３,2022-08-16,株式会社
Ｍｏｏｎｓｈｏｔ　Ｅｎｔｅｒｔａｉｎｍｅｎｔ株式会社,東京都港区三田３丁目４番３号ＲＩＰＬ９Ｂ２０２,2022-08-16,株式会社
ＮＡＡ管財株式会社,東京都中野区中野６丁目２３番地４号中野ビル２階,2022-08-16,株式会社
ＮＫｃｏｒｐｏｒａｔｉｏｎ株式会社,大阪府門真市石原町３７番１６号,2022-08-16,株式会社
ＮＰＯ法人こどもと農がつながる給食だんだん,福島県郡山市喜久田町坪沢４丁目１０２番地,2022-08-16,その他の設立登記法人
ＮＰＯ法人ホワイトベア,北海道札幌市東区北十九条東１５丁目１番２１号,2022-08-16,その他の設立登記法人
ＯＢＦａｌｌ株式会社,東京都港区海岸３丁目８番１号シーフォレシティ芝浦５０８,2022-08-16,株式会社
ＯＦＦＩＣＥ　ＤＣ株式会社,神奈川県秦野市曽屋２丁目６番３４号,2022-08-16,株式会社
ＯＫ　ｃｏｍｐａｎｙ合同会社,東京都新宿区西新宿３丁目３番１３号西新宿水間ビル６Ｆ,2022-08-16,合同会社
ＯＳＤＥＮ株式会社,神奈川県大和市南林間１丁目９－８メゾン・ド・ユース・リバーズ３１０号,2022-08-16,株式会社
ＯＳＨＩＴＯＤＡＴＥ合同会社,東京都新宿区矢来町４１番地ザ・ＦハウスＮＯ．１２,2022-08-16,合同会社
ＰＡＶＥ株式会社,神奈川県横浜市港北区錦が丘２３－７－Ｂ１,2022-08-16,株式会社
ＰＥＡＫＴＲＥＥ株式会社,東京都新宿区新宿５丁目１３番５号,2022-08-16,株式会社
ＰＩＧＥＯＮ　ＧＲＯＵＰ合同会社,大阪府大阪市浪速区元町２丁目３―１４―３１２,2022-08-16,合同会社
ＰＬＳ合同会社,宮城県仙台市青葉区栗生１丁目１７－２３ＢＢＭビル１０１,2022-08-16,合同会社
ＰＳＮ　ＥＮＴＥＲＰＲＩＳＥＳ合同会社,茨城県取手市小文間５１６０番地３２,2022-08-16,合同会社
ＱＵＤＲＡＴ　ＩＮＴＥＲＮＡＴＩＯＮＡＬ株式会社,茨城県筑西市玉戸１３０９番６５大吉亭１０８,2022-08-16,株式会社
ＲＡＩＳＥ合同会社,広島県広島市東区福田５丁目１９３１番地３８,2022-08-16,合同会社
ＲＥＡＬ‐Ａ株式会社,東京都港区南青山２丁目２番１５号ウィン青山９４２,2022-08-16,株式会社
ＲＹＣパートナーズ株式会社,東京都港区浜松町２丁目２番１５号,2022-08-16,株式会社
ＲｅｈａＢｅｅ合同会社,東京都渋谷区神宮前６丁目２３番４号桑野ビル２Ｆ,2022-08-16,合同会社
ＳＨＩＤＤＡ　ＢＨＩＲＡＶ合同会社,東京都国分寺市西恋ヶ窪３丁目６－６東京ビル６Ａ２０８,2022-08-16,合同会社
ＳＩＮＣＯＰＥ株式会社,東京都中野区新井５丁目１番９－５０５号,2022-08-16,株式会社
ＳＵＮ輪ＢＡＳＥ株式会社,兵庫県神戸市垂水区塩屋北町２丁目２番６号,2022-08-16,株式会社
Ｓａｌａｍ　Ｔｒａｄｉｎｇ株式会社,大阪府和泉市福瀬町４８８－１,2022-08-16,株式会社
Ｓａｌｏｎ　Ｂｒａｉｎ株式会社,東京都目黒区祐天寺１丁目１０番１２号メゾンロワール２０３,2022-08-16,株式会社
Ｓｅｃｏｎｄ　ｄｏｔ株式会社,大阪府吹田市広芝町４番３４号,2022-08-16,株式会社
Ｓｅｒａｆｉｎｉ　Ｐｒｏｄｕｃｔｉｏｎｓ合同会社,東京都渋谷区神宮前６丁目２３番４号桑野ビル２階,2022-08-16,合同会社
Ｓｔｏｒｙ　Ｈｏｍｅ株式会社,栃木県那須塩原市豊浦１２２番地１,2022-08-16,株式会社
ＴＥＮＴＨＰＩＮ　ＭＡＮＡＧＥＭＥＮＴ　ＣＯＮＳＵＬＴＡＮＴＳ株式会社,大阪府大阪市北区太融寺町５番１５号,2022-08-16,株式会社
ＴＨＣＨＫ合同会社,東京都江東区北砂４丁目１５番２４号,2022-08-16,合同会社
ＶｅｒｉＮｉｐｐｏｎＬｉｍｉｔｅｄ,長野県北安曇郡白馬村大字北城８３０－２７　５４,2022-08-16,外国会社等
ＹＭジャパン株式会社,東京都中央区銀座１丁目２２番１１号,2022-08-16,株式会社
Ｚｅｌｋｏｖａ　Ｔｏｋｙｏ株式会社,神奈川県横浜市港北区綱島上町１－１グリーンサラウンドシティ３－８０７,2022-08-16,株式会社
ａ‐ｗｏｒｋ合同会社,東京都目黒区東が丘２丁目５番２８－１２０５号ＭＡＳＴＬｉｆｅＡＮＮＥＸ,2022-08-16,合同会社
ｄｅｖｄｅｓｉｇｎ合同会社,東京都渋谷区富ヶ谷２丁目３６番５号中西ビル２０５,2022-08-16,合同会社
ｅｌａｍａ合同会社,東京都目黒区自由が丘１丁目３１番７号２Ｆ,2022-08-16,合同会社
ｉｋｉ合同会社,東京都江戸川区清新町１丁目３－２－９１１号室,2022-08-16,合同会社
ｉｍｐＲｏｏｍ合同会社,大阪府堺市堺区松屋大和川通１丁２番２０号,2022-08-16,合同会社
ｍｔｒ株式会社,大阪府豊中市二葉町１丁目１番７号,2022-08-16,株式会社
あーとＥＣＯグループ株式会社,佐賀県佐賀市高木瀬町大字東高木１３３１番地１５,2022-08-17,株式会社
しん合同会社,福岡県福岡市東区土井４丁目２９番１号今井アパート１階,2022-08-17,合同会社
ななふく株式会社,北海道札幌市南区石山二条３丁目７番１号,2022-08-17,株式会社
アイリー建物土地株式会社,愛知県名古屋市東区橦木町３丁目５４番地,2022-08-17,株式会社
アポロ弁理士法人,東京都千代田区神田佐久間町１丁目８番４号アルテール秋葉原７０８,2022-08-17,その他の設立登記法人
アルファ合同会社,東京都千代田区神田神保町３丁目１１－１安田神保町マンション－２２,2022-08-17,合同会社
イーノ株式会社,東京都世田谷区野沢４丁目２番１０号,2022-08-17,株式会社
エイトワイ保険サービス株式会社,兵庫県加古川市平岡町つつじ野１－７４,2022-08-17,株式会社
エステートＴＡＯＫＡ合同会社,東京都国分寺市東戸倉２丁目２４番４号,2022-08-17,合同会社
エフグローバル合同会社,東京都千代田区麹町４丁目７番２号,2022-08-17,合同会社
オルクスキャピタル合同会社,東京都千代田区神田三崎町２丁目１６－８,2022-08-17,合同会社
キコサム・ジャパン株式会社,東京都葛飾区亀有４丁目１３番３－２０４号,2022-08-17,株式会社
グリーンコンパス合同会社,福岡県北九州市小倉南区徳力新町２丁目１３－１０南方ハイツイズミ１０２,2022-08-17,合同会社
グレープホールディングス株式会社,東京都千代田区大手町１丁目５番１号,2022-08-17,株式会社
ケイズプラン合同会社,東京都世田谷区砧４丁目２７番９号砧ガーデンハイツ２０１号,2022-08-17,合同会社
ゲラルディーニジャパン株式会社,兵庫県神戸市中央区東町１２３番地１貿易ビル９１２,2022-08-17,株式会社
サイドアテンド株式会社,京都府京都市伏見区深草西伊達町８７－９２,2022-08-17,株式会社
シャイノール株式会社,東京都中央区銀座１丁目２２番１１号銀座大竹ビジデンス２階,2022-08-17,株式会社
ジャパンインフラホールディングス２４号一般社団法人,東京都港区元赤坂１丁目１番７号,2022-08-17,その他の設立登記法人
ジャパンインフラホールディングス２５号一般社団法人,東京都港区元赤坂１丁目１番７号,2022-08-17,その他の設立登記法人
ジャパンインフラ２４号合同会社,東京都港区元赤坂１丁目１番７号,2022-08-17,合同会社
ジャパンインフラ２５号合同会社,東京都港区元赤坂１丁目１番７号,2022-08-17,合同会社
ジー・ジェイ・レジデンス・イレブン特定目的会社,東京都港区六本木１丁目９番１０号アークヒルズ仙石山森タワー４０階,2022-08-17,その他の設立登記法人
ソラティオ不動産合同会社,千葉県木更津市永井作１丁目６番２４号,2022-08-17,合同会社
タイムマシーン株式会社,東京都世田谷区松原５丁目２７－１０,2022-08-17,株式会社
テラノホールディングス株式会社,埼玉県鶴ヶ島市富士見２丁目２１番６号,2022-08-17,株式会社
ディーディーインベストメント合同会社,東京都千代田区麹町４丁目７番２号,2022-08-17,合同会社
デグー不動産合同会社,東京都東村山市富士見町３丁目１０－２,2022-08-17,合同会社
トッピーバードサプライズ合同会社,東京都渋谷区初台１丁目５１番１号初台センタービル６０１号室,2022-08-17,合同会社
ドッグリサーチ株式会社,東京都練馬区春日町５丁目３３－２９かすがコーポラス１０９,2022-08-17,株式会社
ネクストポケット株式会社,福岡県福岡市博多区博多駅南５丁目７番３２号,2022-08-17,株式会社
ハービット株式会社,東京都港区南青山２丁目２番１５号,2022-08-17,株式会社
パインウィンドダイニング株式会社,大阪府大阪市東淀川区瑞光１丁目３番１９号,2022-08-17,株式会社
パレットワン株式会社,栃木県佐野市大橋町１０９５－６－１０１,2022-08-17,株式会社
ピカ株式会社,東京都港区元麻布２丁目１４番９－１０２号,2022-08-17,株式会社
フェアリードリーム株式会社,東京都千代田区飯田橋２丁目１６番４号九段下コート３０１号,2022-08-17,株式会社
プラナリアエンターテイメント株式会社,大阪府大阪市中央区日本橋２丁目１６－１０－６０１号室,2022-08-17,株式会社
ベターライフエステート株式会社,東京都港区白金台３丁目１９番１号,2022-08-17,株式会社
ペン輝株式会社,千葉県鎌ケ谷市丸山１丁目１８番４５号,2022-08-17,株式会社
マス株式会社,東京都目黒区大橋１丁目５番１－２７０１号,2022-08-17,株式会社
モリト建設合同会社,埼玉県草加市稲荷６丁目１５番２０号,2022-08-17,合同会社
リンリンマネジメント合同会社,大阪府大阪市港区夕凪２丁目１６－２－３０１,2022-08-17,合同会社
ワイアールエス合同会社,奈良県奈良市四条大路４丁目１番１５号,2022-08-17,合同会社
ワイホ株式会社,東京都渋谷区広尾３丁目１４番２６号広尾シダーコート２０１,2022-08-17,株式会社
一般社団法人あんしん相続窓口,福岡県福岡市中央区天神１丁目１０番２０号天神ビジネスセンター９階,2022-08-17,その他の設立登記法人
一般社団法人ゆるしいろ,愛知県豊田市明和町３丁目１番地１３,2022-08-17,その他の設立登記法人
一般社団法人ウイグル難民支援基金,東京都足立区新田３丁目３７番１１－２２９号,2022-08-17,その他の設立登記法人
一般社団法人スマイリージャパン,福岡県糟屋郡粕屋町大字大隈１０８番地６,2022-08-17,その他の設立登記法人
一般社団法人スマートフードチェーン推進機構,東京都千代田区九段南４丁目８番２１号山脇ビル１０Ｆ,2022-08-17,その他の設立登記法人
一般社団法人チャイルドＢＡＳＥ,兵庫県三田市上井沢１５６番地１２,2022-08-17,その他の設立登記法人
一般社団法人ピアサンクス,東京都中央区銀座１丁目１２番４号Ｎ＆ＥＢＬＤ．６Ｆ,2022-08-17,その他の設立登記法人
一般社団法人ペットと共に生きる共済会,東京都江東区大島４丁目１２番６－３０１号,2022-08-17,その他の設立登記法人
一般社団法人リメイクデザイナー協会,愛知県一宮市南小渕字屋敷１２９番地,2022-08-17,その他の設立登記法人
一般社団法人中目黒をさらに良くする連絡会,東京都目黒区上目黒２丁目１番１号ＧＴタワーＢ１Ｆ株式会社中目黒ジーティー内,2022-08-17,その他の設立登記法人
一般社団法人交通事故治療の窓口,福岡県福岡市東区香椎駅前１丁目９番６号４階,2022-08-17,その他の設立登記法人
一般社団法人仁福会,埼玉県川越市野田町２丁目４番地２４,2022-08-17,その他の設立登記法人
一般社団法人全日本芸能協会,東京都中野区本町３丁目２９番１３号－１１０２号,2022-08-17,その他の設立登記法人
一般社団法人国連支援ＳＤＧＳ促進協会,東京都千代田区神田小川町３丁目２４番地１５号,2022-08-17,その他の設立登記法人
一般社団法人国際労働法務協会,大阪府大阪市北区芝田２丁目８－１１共栄ビル３階３０１号室,2022-08-17,その他の設立登記法人
一般社団法人建設発生土適正提供協会,大阪府大阪市北区浪花町１３－３８千代田ビル北館８Ｆ,2022-08-17,その他の設立登記法人
一般社団法人日本芸術文化発芽塾,広島県広島市東区光町１丁目１１番５－１１０６号チサンマンション,2022-08-17,その他の設立登記法人
一般社団法人根本療法研究会,北海道札幌市北区新琴似二条１０丁目１番１０号,2022-08-17,その他の設立登記法人
一般社団法人相続包括支援センター,北海道札幌市東区北十二条東７丁目１番３５号,2022-08-17,その他の設立登記法人
一般社団法人防災訓練士協会,東京都目黒区柿の木坂１丁目７番９号,2022-08-17,その他の設立登記法人
一般社団法人ＡＡＡ,福岡県福岡市中央区平尾３丁目２６番１３号,2022-08-17,その他の設立登記法人
一般社団法人Ａｚｕｒｅ　ｓｋｙ,福岡県福岡市中央区笹丘１丁目２０番１号フリーデンス笹丘１０４号,2022-08-17,その他の設立登記法人
一般社団法人Ｂｅ　Ａｍｂｉｔｉｏｕｓ,愛知県名古屋市東区泉１丁目１１番６号ミソカビル２Ｆ,2022-08-17,その他の設立登記法人
一般社団法人ＣＬＵＢ　ＨＯＵＳＥ,兵庫県姫路市白鳥台２丁目１番５号,2022-08-17,その他の設立登記法人
一般社団法人Ｃｌｏｖｅｒ,栃木県那須塩原市三区町６５９番地１１０,2022-08-17,その他の設立登記法人
一般社団法人ＤＸＶＣ,長野県東御市滋野乙２４９３番地１,2022-08-17,その他の設立登記法人
一般社団法人ＥＴＮＡ,東京都渋谷区神宮前６丁目３番３５－６１０号,2022-08-17,その他の設立登記法人
一般社団法人Ｆｅｍｔｅｃｈ　Ｃｏｍｍｕｎｉｔｙ　Ｊａｐａｎ,東京都渋谷区渋谷２丁目１９番１５号宮益坂ビルディング６０９,2022-08-17,その他の設立登記法人
一般社団法人ＨＮＯ,東京都千代田区丸の内３丁目１番１号東京共同会計事務所内,2022-08-17,その他の設立登記法人
一般社団法人ＭＩＬＫＩＤＳ,北海道野付郡別海町別海緑町１１９番地の２,2022-08-17,その他の設立登記法人
一般社団法人Ｍｉｇｒａｔｉｏｎ＆Ｌａｂ,東京都港区赤坂２丁目１９番８号,2022-08-17,その他の設立登記法人
一般社団法人Ｍｙｃｉｎ,東京都大田区大森西３丁目１番３８号マチノマ大森３階,2022-08-17,その他の設立登記法人
一般社団法人ＲａｉｎｂｏＷ　Ｗａｌｋｉｎｇ,長野県佐久市新子田１９３４番地,2022-08-17,その他の設立登記法人
一般財団法人サウンドハウスこどものみらい財団,宮城県牡鹿郡女川町女川浜字大原６０１番地,2022-08-17,その他の設立登記法人
一般財団法人ＷＡＤＯＵ,京都府京都市北区鷹峯上ノ町７,2022-08-17,その他の設立登記法人
八角コンサルティング株式会社,兵庫県加古川市加古川町南備後４５番１号,2022-08-17,株式会社
創縁興業株式会社,千葉県柏市明原１丁目１１－１７,2022-08-17,株式会社
卉島株式会社,兵庫県神戸市中央区海岸通２丁目２番３号サンエービル西館６０５,2022-08-17,株式会社
卓元テクノロジー合同会社,栃木県宇都宮市若松原２丁目１０番６号１０１号,2022-08-17,合同会社
古橋不動産株式会社,千葉県千葉市緑区おゆみ野中央６丁目９番地２６,2022-08-17,株式会社
合同会社こうじの木,埼玉県深谷市国済寺５４８番地１,2022-08-17,合同会社
合同会社ここよろ,埼玉県さいたま市南区沼影１丁目１１番２号Ｃ－２１１１,2022-08-17,合同会社
合同会社しょう五,三重県多気郡明和町大字大淀甲１６７番地,2022-08-17,合同会社
合同会社とらとらとら,東京都文京区本駒込４丁目３７番７－８０４号,2022-08-17,合同会社
合同会社ひかるねこ,東京都渋谷区渋谷２丁目１９番１５号宮益坂ビルディング６０９,2022-08-17,合同会社
合同会社むさしのＳｉｇｎ,東京都武蔵野市吉祥寺北町４丁目１１番２６号,2022-08-17,合同会社
合同会社れもん工作所,愛知県瀬戸市窯元町１２１番６,2022-08-17,合同会社
合同会社アイドプランニング,兵庫県尼崎市梶ケ島２番１２号,2022-08-17,合同会社
合同会社アプレミディ,東京都新宿区富久町１番９－４０６号,2022-08-17,合同会社
合同会社アークスター,埼玉県さいたま市西区大字内野本郷４２４番地４宮原フラット２０６,2022-08-17,合同会社
合同会社イロトリドリ,大阪府大阪市中央区内久宝寺町４丁目１番１４－９０３号,2022-08-17,合同会社
合同会社インディペンデント,宮城県仙台市泉区高森３丁目４番地の２８６,2022-08-17,合同会社
合同会社ウィンクファイナンス,東京都港区赤坂２丁目１８番１３号,2022-08-17,合同会社
合同会社エスクルーグループ,京都府京都市伏見区深草西伊達町８７－９２,2022-08-17,合同会社
合同会社エトオト,兵庫県神戸市中央区下山手通２丁目１３番３号９階,2022-08-17,合同会社
合同会社エラノラ,長野県諏訪市城南２丁目２５２６番地１,2022-08-17,合同会社
合同会社エーツウ,兵庫県加東市東古瀬１３５番地２,2022-08-17,合同会社
合同会社カーム,愛知県一宮市花池１丁目１２番２号,2022-08-17,合同会社
合同会社キッチンカーネットジャパン,熊本県阿蘇郡西原村大字布田１０３８番地８,2022-08-17,合同会社
合同会社サブカル通信社,東京都中央区銀座１丁目２２番１１号銀座大竹ビジデンス２階,2022-08-17,合同会社
合同会社シエスタ,愛知県春日井市東野町５丁目１８番地１１サピースパーブ１０２号,2022-08-17,合同会社
合同会社ジェイエーラボラトリー,大阪府大阪市西区土佐堀１丁目１－４山内ビル３Ｆ,2022-08-17,合同会社
合同会社スタジオ・サンク,東京都葛飾区堀切３丁目１４番１号堀切三番館１０１,2022-08-17,合同会社
合同会社スターモール,東京都港区赤坂１丁目４番１４号ダイヤモンドビル赤坂３０１,2022-08-17,合同会社
合同会社ディーメド,山梨県上野原市上野原４３１３,2022-08-17,合同会社
合同会社ハーフネイチャー,北海道札幌市東区北三十三条東１５丁目２番６号フォーシーズン２－２Ｇ号,2022-08-17,合同会社
合同会社ビス,北海道雨竜郡雨竜町字尾白利加９１番地２８,2022-08-17,合同会社
合同会社プラスワン,兵庫県宝塚市山手台東３丁目２５番５号,2022-08-17,合同会社
合同会社マイクロドーズ,大阪府大阪市城東区関目２丁目１６番２８－４１１号,2022-08-17,合同会社
合同会社マエダ,香川県高松市木太町５０４６番地２１蓮池マンション２０５,2022-08-17,合同会社
合同会社ミモザ,鹿児島県阿久根市赤瀬川１１８８番地１３中村アパートＢ棟１０５号,2022-08-17,合同会社
合同会社ラポール,東京都港区南青山２丁目２－１５,2022-08-17,合同会社
合同会社ラリアンス,東京都あきる野市草花１６０４番地,2022-08-17,合同会社
合同会社ルピナス,東京都杉並区井草３丁目２６番１０号,2022-08-17,合同会社
合同会社ヴェルフジャパン,静岡県静岡市葵区両替町２丁目２－７第二カドデビル４ｂ,2022-08-17,合同会社
合同会社万和,東京都板橋区前野町６丁目２６番７号ヴィラサンベルナールときわ台２０１号室,2022-08-17,合同会社
合同会社代々木パートナーズ,東京都渋谷区神宮前６丁目２３番４号,2022-08-17,合同会社
合同会社佐藤・石田国際会計パートナーズ,東京都港区港南１丁目９－３６アレア品川１３階,2022-08-17,合同会社
合同会社佐藤商会,千葉県野田市東宝珠花２９２番地,2022-08-17,合同会社
合同会社佑成,大阪府大阪市西成区玉出西２丁目１２番１１号チェリーハイツ３０２号室,2022-08-17,合同会社
合同会社光栄,鹿児島県鹿児島市油須木町５２０番地,2022-08-17,合同会社
合同会社勇武,東京都渋谷区神宮前６丁目２３番４号桑野ビル２階,2022-08-17,合同会社
合同会社和,東京都目黒区目黒本町５丁目３１－９,2022-08-17,合同会社
合同会社和,北海道日高郡新ひだか町静内ときわ町３丁目５番１４号,2022-08-17,合同会社
合同会社夢と希望,東京都渋谷区道玄坂１丁目１０番８号渋谷道玄坂東急ビル２Ｆ－Ｃ,2022-08-17,合同会社
合同会社悠,大阪府大阪市旭区中宮５丁目２番２６号中宮ビル２階,2022-08-17,合同会社
合同会社有道,大阪府大阪市西成区玉出西２丁目１２番１１号チェリーハイツ４０３号室,2022-08-17,合同会社
合同会社滝澤,東京都足立区南花畑１丁目２番１８号,2022-08-17,合同会社
合同会社秋田林業,秋田県由利本荘市御門２３５番地５,2022-08-17,合同会社
合同会社育,京都府京都市伏見区深草願成町１０番地の１,2022-08-17,合同会社
合同会社臨床評価支援コンサルタント,大阪府大阪市都島区友渕町２丁目７番１７－２０５号,2022-08-17,合同会社
合同会社長谷川物販,山口県長門市東深川１４７１番地１０,2022-08-17,合同会社
合同会社３６９,沖縄県宮古島市下地字川満１３７４－６,2022-08-17,合同会社
合同会社ＡＩ　ＫＡＧｏ　Ｐｒｏｊｅｃｔ,福岡県久留米市諏訪野町１９８１－６,2022-08-17,合同会社
合同会社ＡＮＹＵ,静岡県浜松市西区舞阪町弁天島２８６９番地の７,2022-08-17,合同会社
合同会社ＡＲ３,沖縄県沖縄市中央１丁目１４－２,2022-08-17,合同会社
合同会社Ａｄｄｌｏｖｅｌｙ,山口県山口市米屋町２－７ｍｉｒａｉ３６５内,2022-08-17,合同会社
合同会社ＢＯＵＳＨ,沖縄県沖縄市明道１丁目２４番７号,2022-08-17,合同会社
合同会社ＢＰＲ,東京都新宿区岩戸町７番地コンフォリア神楽坂ＤＥＵＸ６０２,2022-08-17,合同会社
合同会社Ｃｏｎｓｃｉｏｕｓ,大阪府大阪市平野区長吉長原西１丁目５番３４号,2022-08-17,合同会社
合同会社ＤｅｖｅＰａｎ,茨城県つくば市苅間１４４８－４グリーンコートＢ１０３,2022-08-17,合同会社
合同会社ＦＳ,静岡県駿東郡長泉町上土狩５７－１７グリシーヌ３０３,2022-08-17,合同会社
合同会社Ｆｏｒｔｕｎａ,大阪府大阪市大正区三軒家東５丁目１０番９－７０２号,2022-08-17,合同会社
合同会社Ｈａｃ　Ｍｅｅ,千葉県柏市宿連寺２６１番地２３ブルーハーツ１０２号,2022-08-17,合同会社
合同会社ＨｉＪｏＪｏ．ｃｏｍ６,東京都千代田区霞が関３丁目２番５号,2022-08-17,合同会社
合同会社Ｈｏｒｕｓ,大阪府大阪市天王寺区小橋町１２番２－３１４号,2022-08-17,合同会社
合同会社Ｋｅｅｐ　Ｌｉｎｋｉｎｇ,埼玉県富士見市ふじみ野西２丁目１番地１アイムふじみ野タワー西館７０２,2022-08-17,合同会社
合同会社ＬＡ‐Ｂｏｏ,石川県能美市寺井町た４６番地,2022-08-17,合同会社
合同会社ＬＯＴパートナーズ,東京都新宿区新宿２丁目１１－７第３３宮庭ビル４１１号室,2022-08-17,合同会社
合同会社Ｍ‐ライフ・コンサルティング,東京都江戸川区北小岩６丁目１３番４号コスモビル３階,2022-08-17,合同会社
合同会社Ｍｅｉｋｉｃｋ’ａ,埼玉県さいたま市中央区上落合５丁目１５番８号シスＤ,2022-08-17,合同会社
合同会社Ｍｉｒｏｋｕ　Ｊａｐａｎ,愛知県稲沢市平和町嫁振３２４番地,2022-08-17,合同会社
合同会社Ｏｒ,北海道札幌市中央区南六条西３丁目６番地２２,2022-08-17,合同会社
合同会社ＰＦＳ,千葉県市川市田尻４丁目９番１６号,2022-08-17,合同会社
合同会社ＰｉｎｋＰｉｎｅ,大分県臼杵市大字臼杵２－１０７－７４３－９０３,2022-08-17,合同会社
合同会社Ｐｏｔｏｍａｃ,茨城県つくば市千現１丁目１８番地１８コンフォール千現Ｂ棟１０１号,2022-08-17,合同会社
合同会社ＲａｉｎＳｍｉｌｅ,滋賀県大津市山百合の丘８番２４号,2022-08-17,合同会社
合同会社ＳＫＹ,愛知県みよし市三好丘桜５丁目５番４号,2022-08-17,合同会社
合同会社Ｔ．Ｎ．Ｓ　ＬＡＮＫＡ,茨城県水戸市元石川町８９６番地,2022-08-17,合同会社
合同会社ＴＤＮホールディングス,東京都板橋区小茂根３丁目４番１７号,2022-08-17,合同会社
合同会社ＴＰＡ,福岡県福岡市博多区博多駅前４丁目１４番２３－１３０４号,2022-08-17,合同会社
合同会社ＴＰＣ,東京都練馬区大泉学園町３丁目１７－６０,2022-08-17,合同会社
合同会社ＶＥＲＳＡＴＲ,東京都世田谷区北沢３丁目２番１１号,2022-08-17,合同会社
合同会社ＸＥＮＯ　ＰＲＯＪＥＣＴ,京都府京都市伏見区深草西伊達町８７－９２,2022-08-17,合同会社
合同会社ＹＤＫ,東京都文京区後楽２丁目５番１－１４１３号,2022-08-17,合同会社
合同会社Ｙｅｌｌｏｗ　Ｌｏｂｓｔｅｒ,大阪府大阪市天王寺区上本町５丁目５番６号,2022-08-17,合同会社
合同会社ａｃｒｏｗｅｂ,茨城県水戸市見川２丁目５０－７ＴＯＭＩ５０Ａ２Ｆ,2022-08-17,合同会社
合同会社ｎｏｎｆｉｃｔｉｏｎ,東京都江戸川区中葛西５丁目３５番８アパートメントけやき通り中葛西４０３号,2022-08-17,合同会社
合同会社ｎｏｒｔｈ２２ＬＬＣ,北海道札幌市北区屯田三条２丁目１番１７号アドマーニＤ２号,2022-08-17,合同会社
合同会社ｐｅａｃｈ,東京都世田谷区北烏山６丁目１１番３－２５０１号,2022-08-17,合同会社
吉光株式会社,大阪府大阪市西成区千本中２丁目３番２３号太平マンション２０５号,2022-08-17,株式会社
向陽株式会社,東京都葛飾区細田３丁目９番１５－６０３号,2022-08-17,株式会社
四海商事株式会社,岡山県瀬戸内市長船町八日市１０７番地２,2022-08-17,株式会社
土地家屋調査士法人田尻事務所,熊本県熊本市東区小峯３丁目１番１８号,2022-08-17,その他の設立登記法人
大連トレーディング合同会社,愛知県犬山市大字羽黒字中深田２４番地９,2022-08-17,合同会社
平田不動産株式会社,奈良県香芝市五ヶ所３６８番地１,2022-08-17,株式会社
建平株式会社,大阪府大阪市中央区島之内２丁目１１番６号,2022-08-17,株式会社
建築想像株式会社,東京都杉並区浜田山４丁目１８番２７号,2022-08-17,株式会社
弁理士法人正林国際特許商標事務所,東京都千代田区丸の内１丁目７番１２号,2022-08-17,その他の設立登記法人
弁理士法人鍛冶橋通りＩＰ　Ｆｉｒｍ,東京都中央区京橋３丁目１０番１号ＮＥＷＳ京橋６階,2022-08-17,その他の設立登記法人
東京丸万有限会社,東京都荒川区東尾久３丁目３６番７号,2022-08-17,有限会社
東北システムワークス株式会社,宮城県石巻市鹿又字学校前７５－９,2022-08-17,株式会社
東福興産株式会社,大阪府大阪市西淀川区中島２丁目１３番２８号,2022-08-17,株式会社
株式会社あけぼの陸運,埼玉県幸手市大字天神島４７３番地９,2022-08-17,株式会社
株式会社あまい総研,兵庫県神戸市兵庫区吉田町２丁目７番２号,2022-08-17,株式会社
株式会社くるみホーム,大阪府八尾市太子堂２丁目１番４４号,2022-08-17,株式会社
株式会社ととのい,東京都港区麻布十番３丁目６番６号麻布十番ハイツ２０４,2022-08-17,株式会社
株式会社はっこうファーム,熊本県宇土市栗崎町１０９９番地３,2022-08-17,株式会社
株式会社アイリス,島根県松江市西津田１０丁目１７番１２号,2022-08-17,株式会社
株式会社アオイ企画,東京都目黒区緑が丘１丁目２２番２１号ＣＡＳＡ・ＢＲＩＣＫＳ自由が丘２０９,2022-08-17,株式会社
株式会社アプローズ,大分県大分市城崎町２丁目２番２９－６０７号アルバクレスタ城崎,2022-08-17,株式会社
株式会社アールアンドティー,埼玉県さいたま市岩槻区南平野５丁目１０番地６,2022-08-17,株式会社
株式会社アールサポート,愛知県名古屋市東区東桜２丁目１３番９号,2022-08-17,株式会社
株式会社イマショウ,千葉県千葉市花見川区幕張町６丁目１１７番６号中台ビル１Ｆ,2022-08-17,株式会社
株式会社インフォダム,東京都千代田区神田須田町１丁目２－７淡路町駅前ビル３階３５７号室,2022-08-17,株式会社
株式会社ウェルフーズ,北海道札幌市白石区東札幌二条４丁目８番３０－４０１号,2022-08-17,株式会社
株式会社ウォークフリーリー,東京都八王子市大和田町２丁目２０番２４号,2022-08-17,株式会社
株式会社エイチアイ・エンターテインメント,東京都千代田区丸の内１丁目６番２号新丸の内センタービルディング２１階,2022-08-17,株式会社
株式会社エイトディー,大阪府大阪市東淀川区東中島１丁目１７－５－３４１号,2022-08-17,株式会社
株式会社エフシーりんく,石川県金沢市額谷１丁目８１番地,2022-08-17,株式会社
株式会社エム・ネクスト,北海道札幌市白石区北郷六条９丁目７－２４,2022-08-17,株式会社
株式会社エンラボ,東京都港区南青山３丁目１５－９ＭＩＮＯＷＡ表参道３Ｆ－２４０,2022-08-17,株式会社
株式会社オフィスタカノ,東京都足立区東綾瀬１丁目２０番６－６０２号,2022-08-17,株式会社
株式会社オラパ,東京都港区六本木５丁目１２番７－４０６号,2022-08-17,株式会社
株式会社ガスパール,東京都世田谷区上野毛４丁目３０番１－３０２号,2022-08-17,株式会社
株式会社キーファクト,東京都港区南青山２丁目２番１５号,2022-08-17,株式会社
株式会社グリーンアーキテック,大阪府茨木市稲葉町６－１１,2022-08-17,株式会社
株式会社グリーンハウス,京都府京都市中京区高倉通錦小路上る貝屋町５６５番地１四条高倉スカイハイツ３１２,2022-08-17,株式会社
株式会社ケージェーワイ,大阪府寝屋川市寝屋１丁目２９番１－５０７号,2022-08-17,株式会社
株式会社ケーフィックス,東京都大田区久が原５丁目２２番１３号,2022-08-17,株式会社
株式会社コネクションレント,北海道札幌市白石区北郷七条３丁目６番１－６０２号,2022-08-17,株式会社
株式会社シマダ,北海道札幌市白石区本通３丁目南２番８号,2022-08-17,株式会社
株式会社ジェイズ,東京都江戸川区東葛西８丁目３２番１３号,2022-08-17,株式会社
株式会社ジェイ・フィールド,東京都葛飾区東金町２丁目７番２２号ロッシュ・ブラウン金町２０６号,2022-08-17,株式会社
株式会社ジャイアンと,福岡県久留米市東町４９５番地１ツインステートビル２階,2022-08-17,株式会社
株式会社スイーミークローゼット,東京都港区東新橋１丁目６番３号２４Ｆ,2022-08-17,株式会社
株式会社セキュリティサンキュー,東京都港区浜松町２丁目２番１５号浜松町ダイヤビル２Ｆ,2022-08-17,株式会社
株式会社ゼスト・フーズラボ,京都府京都市伏見区淀水垂町３３０番地２７,2022-08-17,株式会社
株式会社ソイルデザイン,東京都葛飾区東金町７丁目２６番３号,2022-08-17,株式会社
株式会社ソエダ農産,福岡県那珂川市大字不入道５５４番地,2022-08-17,株式会社
株式会社ソエルテ,京都府京都市西京区桂市ノ前町１番地八番館１階,2022-08-17,株式会社
株式会社タツノオトシゴ,沖縄県那覇市銘苅２丁目３番１号なは産業支援センター４１０号室,2022-08-17,株式会社
株式会社ダイコー,宮城県東松島市矢本字上新沼１２番地２,2022-08-17,株式会社
株式会社チョク,東京都渋谷区道玄坂１丁目１０番８号渋谷道玄坂東急ビル２Ｆ－Ｃ,2022-08-17,株式会社
株式会社ツリートランク,大阪府大阪市鶴見区浜５丁目南１－２４－３０５,2022-08-17,株式会社
株式会社テラバース,京都府京都市左京区吉田本町３６番地１京都大学国際科学イノベーション棟,2022-08-17,株式会社
株式会社デルクイ総合研究所,東京都目黒区八雲３丁目１２番２４－３１０号,2022-08-17,株式会社
株式会社トワメーム,熊本県山鹿市中７７５番地１２,2022-08-17,株式会社
株式会社トーワリコ,東京都渋谷区道玄坂２丁目１５番１号ノア道玄坂９０７,2022-08-17,株式会社
株式会社ニューガンボタウン,広島県広島市西区草津新町２丁目１６番１号,2022-08-17,株式会社
株式会社ハートベース,鹿児島県鹿児島市甲突町１９番２０－４０１号,2022-08-17,株式会社
株式会社ビリオネアクラブ九州,福岡県福岡市東区香椎照葉３丁目３番１号アイランドタワースカイクラブ３３０１号,2022-08-17,株式会社
株式会社ファンタジスタ,大阪府大阪市平野区瓜破西１丁目８番１０－９０４号,2022-08-17,株式会社
株式会社プレゼンス,東京都足立区舎人５丁目５－２,2022-08-17,株式会社
株式会社ベストアクティ,宮城県仙台市宮城野区福室２丁目８番１７号福室マンション３１４号,2022-08-17,株式会社
株式会社ベストキャリア・ストラテジー,愛知県名古屋市中区新栄２丁目２番１号イノフィス４階,2022-08-17,株式会社
株式会社メディア・ディレクション,大阪府大阪市北区西天満５丁目１３番１６号,2022-08-17,株式会社
株式会社メディックスアーム,東京都千代田区神田淡路町１丁目１番１号,2022-08-17,株式会社
株式会社メディックスアーム千葉,東京都千代田区神田淡路町１丁目１番１号,2022-08-17,株式会社
株式会社モリアゲ,東京都港区芝５丁目３６番４号札の辻スクエア９階,2022-08-17,株式会社
株式会社ユウシュウグループ,愛知県名古屋市中村区大門町２２番地,2022-08-17,株式会社
株式会社ユキ工業,愛媛県西条市樋之口３６９番地８,2022-08-17,株式会社
株式会社ユナイト,茨城県日立市田尻町２丁目７１番,2022-08-17,株式会社
株式会社ユリオプス,福岡県福岡市西区今宿駅前１丁目１５－１８マリブ今宿シーサイドテラスＳＡＬＴ内,2022-08-17,株式会社
株式会社ライドエステート,東京都千代田区一番町３番３号ラシーヌ一番町２Ｆ,2022-08-17,株式会社
株式会社リアラ,北海道札幌市厚別区厚別東三条６丁目４番８号,2022-08-17,株式会社
株式会社リンクス,東京都台東区上野１丁目１１番９号イマスサニービル５階,2022-08-17,株式会社
株式会社ルチエ,東京都中央区勝どき６丁目３番１－３７２２号,2022-08-17,株式会社
株式会社ルークユニバース,東京都渋谷区神宮前６丁目２３ー４桑野ビル２階,2022-08-17,株式会社
株式会社レンタルミックス沖縄,沖縄県島尻郡南風原町字津嘉山１７８１番地２,2022-08-17,株式会社
株式会社ロジマド,東京都渋谷区神宮前６丁目２３番４号桑野ビル２階,2022-08-17,株式会社
株式会社ワイズプラス,東京都新宿区大京町１０－１１四谷中央マンション３０５,2022-08-17,株式会社
株式会社一楽,栃木県大田原市南金丸１１５８番地７,2022-08-17,株式会社
株式会社五十嵐商店,東京都中央区新富２丁目１０－７ＭＭガーデン１００３,2022-08-17,株式会社
株式会社利九利,東京都多摩市落合１丁目２４番地の１ルミエール４０６,2022-08-17,株式会社
株式会社北島吉春,千葉県千葉市中央区長洲１丁目１６番７号,2022-08-17,株式会社
株式会社北道商事,北海道札幌市手稲区手稲山口８０４番２,2022-08-17,株式会社
株式会社古賀電工,佐賀県三養基郡みやき町大字簑原１２３７番地１０２,2022-08-17,株式会社
株式会社善輝,埼玉県三郷市彦成１丁目３０９番地３,2022-08-17,株式会社
株式会社圴清会,東京都大田区上池台１丁目１３番１号,2022-08-17,株式会社
株式会社天福商事,大阪府大阪市港区三先２丁目２０番２－５１２号,2022-08-17,株式会社
株式会社山元ホールディングス,東京都中央区日本橋本石町１丁目１番４号,2022-08-17,株式会社
株式会社山常,兵庫県尼崎市潮江４丁目４番１号,2022-08-17,株式会社
株式会社投資のヒント,東京都多摩市落合１丁目３６番地ザ・パークハウス多摩センター７０９号,2022-08-17,株式会社
株式会社日心月歩,愛知県名古屋市名東区高針１丁目１５２０番地,2022-08-17,株式会社
株式会社未来アンテナ,兵庫県西宮市甲子園口北町１９－１６パインレーン２Ｆ,2022-08-17,株式会社
株式会社杉浦企画,千葉県松戸市東平賀２４０番地,2022-08-17,株式会社
株式会社栄伸,宮城県黒川郡大和町落合相川字塚越７６番地,2022-08-17,株式会社
株式会社栞,京都府城陽市寺田垣内後５８番地の１,2022-08-17,株式会社
株式会社洸寿,愛知県西春日井郡豊山町大字豊場字諏訪１１５番地１,2022-08-17,株式会社
株式会社琉測システム互,沖縄県うるま市字赤道３０３番地８,2022-08-17,株式会社
株式会社真由美装蹄所,東京都大田区山王３丁目４０番３号,2022-08-17,株式会社
株式会社秀昌,石川県羽咋郡志賀町若葉台１９番地１,2022-08-17,株式会社
株式会社竹内クレーン工業兵庫,兵庫県加東市社１００番地の２,2022-08-17,株式会社
株式会社美石ファイナンス,東京都武蔵野市吉祥寺本町１丁目３３番１６号サンクタス吉祥寺ハートランド３０５号,2022-08-17,株式会社
株式会社角屋,愛知県名古屋市南区西又兵ヱ町４丁目３１番地の１,2022-08-17,株式会社
株式会社谷口工業,京都府宇治市宇治弐番８２番地７,2022-08-17,株式会社
株式会社辰己興業,東京都大田区大森北４丁目１３番１４号,2022-08-17,株式会社
株式会社高木産業,福岡県北九州市小倉北区緑ケ丘１丁目１５番１４号,2022-08-17,株式会社
株式会社黒岩商事,埼玉県さいたま市見沼区東大宮４丁目５２番地９,2022-08-17,株式会社
株式会社黒須鑑定,新潟県新潟市西区立仏１４３１,2022-08-17,株式会社
株式会社０８１６,東京都新宿区西新宿６丁目１５－１,2022-08-17,株式会社
株式会社ＡＧジャパンリゾーツマネジメント,東京都千代田区大手町１丁目５番６号大手町タワー,2022-08-17,株式会社
株式会社ＡＩＳ,東京都千代田区神田小川町１丁目１１番地,2022-08-17,株式会社
株式会社ＡＴＴＥＮＴＩＶＥ,東京都新宿区西新宿２丁目４番１号新宿ＮＳビル１４階ＭＥＧＡオフィス,2022-08-17,株式会社
株式会社Ａｃｅｓ,宮城県仙台市宮城野区鶴ケ谷８丁目８番地の８アスコット鶴ケ谷２０２,2022-08-17,株式会社
株式会社Ａｒｃｓｐｉｃａ,大阪府大阪市東住吉区田辺２丁目１番６号,2022-08-17,株式会社
株式会社Ａｒｄｅｎｔ,東京都港区新橋２丁目４番５号不二ビルディング１０Ｆ,2022-08-17,株式会社
株式会社ＢＨＳ,福岡県福岡市南区大橋１丁目２－１９伊藤ビルＢ１,2022-08-17,株式会社
株式会社ＢＬＩＮＫ,東京都世田谷区代沢１丁目２２番６号コーパスクリスティ代沢１０３号,2022-08-17,株式会社
株式会社Ｂｅｙｏｎｄ　Ｓｑｕａｒｅ　Ｓｏｌｕｔｉｏｎｓ,東京都港区赤坂４丁目８番１９号赤坂フロントタウン３階,2022-08-17,株式会社
株式会社ＢｉｚＭａｇｉｃ,東京都渋谷区幡ヶ谷２丁目２７番７号,2022-08-17,株式会社
株式会社Ｃａｎ　ｆｌｙ,大阪府大阪市浪速区塩草１丁目４番１５－１０４号,2022-08-17,株式会社
株式会社Ｃｕｐｉｄ,東京都中央区湊１丁目１２－１０八丁堀リバーゲート３階,2022-08-17,株式会社
株式会社ＤＡＮＩＳＨ　ＩＮＴＥＲＮＡＴＩＯＮＡＬ,茨城県下妻市南原３８番地１,2022-08-17,株式会社
株式会社Ｄｅ‐Ｔｉｅｄ　ＵＰ,栃木県宇都宮市今泉３丁目６－１１テック宇都宮ビル２０１,2022-08-17,株式会社
株式会社Ｄｅｓｉｇｎ　Ｂｏｌｔ,東京都渋谷区渋谷１丁目１５番１２号２０４,2022-08-17,株式会社
株式会社Ｅｎｒｉｃｈ,東京都港区六本木４丁目５番１１号,2022-08-17,株式会社
株式会社ＦＬＯＷ,東京都中央区月島３丁目３１番７－７０２号,2022-08-17,株式会社
株式会社ＦＯＯＤＳ　ＳＯＲＡ,大阪府大阪市都島区高倉町３丁目１番１０号大和ビル２Ｆ,2022-08-17,株式会社
株式会社ＦＲＧ‐Ｒ,神奈川県相模原市中央区東淵野辺２丁目１０番２号,2022-08-17,株式会社
株式会社ＧＡＲＮＩＥＲ,千葉県市川市中山３丁目２番１５号,2022-08-17,株式会社
株式会社ＧＡＴＥ,佐賀県伊万里市立花町１０３９番地１２－３０６,2022-08-17,株式会社
株式会社ＧＥＮＥＲＯＵＳ,東京都渋谷区恵比寿南１丁目７番８号ニューライフ恵比寿８０５号室,2022-08-17,株式会社
株式会社ＧＵＳＳ,滋賀県大津市国分１丁目３番２－２号,2022-08-17,株式会社
株式会社Ｇｏｏｄ　Ｓｈａｐｅ,大阪府柏原市玉手町３番２３号,2022-08-17,株式会社
株式会社ＨＡＣＫ,愛知県名古屋市中区千代田１丁目１０番１６号ネスパルドイブ３０４,2022-08-17,株式会社
株式会社ＨＯＵＳＩＮＧ　ＭＡＲＫＥＴ,埼玉県富士見市ふじみ野西１丁目１７番地８カーサ・アンジェロふじみ野３０１,2022-08-17,株式会社
株式会社ＩＲＯＨＡ,北海道札幌市北区東茨戸三条１丁目１１番１号,2022-08-17,株式会社
株式会社ＩｌｕｍｉｎａｒＥｒａ,千葉県流山市西初石５丁目２３番地の５カスティージョＡ－２０２,2022-08-17,株式会社
株式会社ＪＳ,千葉県市川市欠真間１丁目９番１５号,2022-08-17,株式会社
株式会社ＫＡＯＲＵ,大阪府大阪市福島区福島６丁目２０番２号,2022-08-17,株式会社
株式会社ＫＮＹ　ＴＲＡＤＩＮＧ,愛知県名古屋市熱田区五番町２０番１９号５番ビル３０１,2022-08-17,株式会社
株式会社ＫＴＮＭＡ,東京都千代田区神田紺屋町４３番地紺屋町共同ビル,2022-08-17,株式会社
株式会社Ｋａｎｖａｓ,東京都江戸川区中葛西３丁目２３－１８ＬＥ・ＢＬＡＮＣ５００,2022-08-17,株式会社
株式会社ＬＡＦ,東京都港区赤坂６丁目１９番１１号メゾン赤坂２０１,2022-08-17,株式会社
株式会社ＬＥＯＰＡＲＤ,大阪府大阪市中央区東心斎橋２丁目４－６,2022-08-17,株式会社
株式会社ＬＥＲＩＲＯ　Ｃａｐｉｔａｌ,福岡県うきは市吉井町１８－１０,2022-08-17,株式会社
株式会社ＭＲＡ,大阪府大阪市北区梅田１丁目１１番４号大阪駅前第４ビル９階９２３－１６４１号,2022-08-17,株式会社
株式会社ＭＳＹホールディングス,大阪府東大阪市小若江２丁目１６番１０号,2022-08-17,株式会社
株式会社ＭＵＳＩＣ　ＣＩＲＣＵＳ,大阪府大阪市中央区久太郎町２丁目５－１９トライハードビル,2022-08-17,株式会社
株式会社Ｍａｘ＆ｔｈｅ　Ｃｏｍｐａｎｙ,東京都杉並区上荻１丁目１８番１６－５０１号,2022-08-17,株式会社
株式会社Ｍｅｔａ　Ａｋｉｔａ,秋田県秋田市横森２丁目１３－１８,2022-08-17,株式会社
株式会社Ｍｙ　Ｆｌａｉｒ,愛知県常滑市塩田町２丁目１３５番地,2022-08-17,株式会社
株式会社ＭｙＳａｕｎａ,東京都渋谷区神宮前６丁目２３番４号桑野ビル２階,2022-08-17,株式会社
株式会社ＮＥＸＴ　ＩＮＮＯＶＡＴＩＯＮ,大阪府枚方市香里ケ丘８丁目２２番地の１７,2022-08-17,株式会社
株式会社ＮＪ企画,佐賀県佐賀市兵庫北６丁目１番１０号,2022-08-17,株式会社
株式会社Ｎｏｕｖｅｌｌｅ’ｃ,大阪府堺市堺区三国ヶ丘御幸通１０番地,2022-08-17,株式会社
株式会社Ｐ‐ＴＥＣ,長野県茅野市米沢１４８番地１,2022-08-17,株式会社
株式会社Ｐａｚｚｏ,埼玉県戸田市大字新曽１９９１番地（リノリーゾ４０７号室）,2022-08-17,株式会社
株式会社Ｒ．Ｈ．Ｆ,大阪府大阪市阿倍野区旭町１丁目１番１４号,2022-08-17,株式会社
株式会社ＲＩＡＭ,北海道札幌市中央区北一条西２１丁目２番１－９０８号,2022-08-17,株式会社
株式会社ＲＩＥＰＬＵＳ,東京都港区虎ノ門３丁目１８番６号,2022-08-17,株式会社
株式会社ＲＩＳＥＮ,京都府向日市物集女町北ノ口１００番地の２９,2022-08-17,株式会社
株式会社ＲＵＮＲＵＮオート,茨城県つくば市筑穂３丁目１３番地１,2022-08-17,株式会社
株式会社Ｒｅｌｉｔｉｃｅ,千葉県佐倉市染井野６丁目１１－７,2022-08-17,株式会社
株式会社ＲｅｍｉｔＡｉｄ,東京都港区北青山３丁目３－１３共和五番館２階ＧｕｉｌｄＡｏｙａｍａ内,2022-08-17,株式会社
株式会社ＳＢＩＣマネジメントパートナーズ,愛知県名古屋市東区泉１丁目２１番２９号ＩＺＵＭＩ桜鈴館１０２,2022-08-17,株式会社
株式会社ＳＥＬＦ　ＤＥＳＩＧＮ,兵庫県尼崎市水堂町３丁目１番２１号,2022-08-17,株式会社
株式会社ＳＯＧＡＤＥＮ,愛知県名古屋市守山区向台３丁目２１１０番地,2022-08-17,株式会社
株式会社Ｓｈｉｐ　Ｍａｓｔｅｒ,千葉県成田市本城２５８番地,2022-08-17,株式会社
株式会社ＳｏＷｈａｔ,東京都世田谷区太子堂５丁目１７番１５号ルネサンスコート三軒茶屋茶沢通り２０２,2022-08-17,株式会社
株式会社ＴＥＲＡファーム,京都府亀岡市曽我部町寺広畑１２番地,2022-08-17,株式会社
株式会社ＴＯＫＫＩ　ＷＯＬＦ,東京都府中市八幡町３丁目１８番地の５ユニーブル東府中レジデンシャルステート３０２,2022-08-17,株式会社
株式会社Ｔａｋａｈｉｒｏ　Ｓｔｙｌｅ,東京都世田谷区祖師谷５丁目２１番９号,2022-08-17,株式会社
株式会社Ｔｅｃｈ０,東京都中央区銀座１丁目１２番４号Ｎ＆ＥＢＬＤ．６Ｆ,2022-08-17,株式会社
株式会社Ｔｈｅ　Ｂｒｉｄｇｅ　Ｇｒｏｕｐ,東京都港区北青山３丁目４番３－１１０１号,2022-08-17,株式会社
株式会社Ｔｈｉｎｋｅｒ,大阪府大阪市中央区久太郎町４丁目１番３号大阪センタービル６Ｆ,2022-08-17,株式会社
株式会社Ｕｓ　Ｌｉｎｋ,福岡県福岡市早良区原６丁目７番３号,2022-08-17,株式会社
株式会社ＶＲ　Ｈｅａｌｔｈｃａｒｅ,東京都港区芝２丁目１７番１１号１２０２,2022-08-17,株式会社
株式会社ＶＵ,大阪府大阪市平野区加美北５丁目３番１０号,2022-08-17,株式会社
株式会社Ｗｅｌｌ　ｕｐ,東京都渋谷区神宮前３丁目８番２４号１７５番館別館３０１,2022-08-17,株式会社
株式会社ＷｉｔｈＵＳ,東京都目黒区青葉台３丁目２２－１,2022-08-17,株式会社
株式会社Ｙ’ｓ,大阪府大阪市都島区毛馬町４丁目９番７号,2022-08-17,株式会社
株式会社ＹＤテック,宮城県仙台市泉区南光台７丁目１番８５－５０３号,2022-08-17,株式会社
株式会社Ｙｏｒｏｚｕｙａ,大阪府大阪市中央区内平野町２丁目２－７大阪文化会館４０３,2022-08-17,株式会社
株式会社ａｓｏｂｉｌ,大阪府岸和田市土生町３丁目１４番２７号川口ビル２Ｆ,2022-08-17,株式会社
株式会社ｄｕｐｌｅｘ,沖縄県那覇市字天久７６２番地１４クリアスビル２－Ｂ２,2022-08-17,株式会社
株式会社ｅｃｌａｔ,東京都世田谷区北沢２丁目２６番２５号,2022-08-17,株式会社
株式会社ｋｎｏｔ‐ｄｅｓｉｇｎ,佐賀県佐賀市今宿町７番１号,2022-08-17,株式会社
株式会社ｋｏｂｕｎｅ,宮崎県宮崎市南高松町１番３０号ディアス三井２０２号,2022-08-17,株式会社
株式会社ｍａｋｅ　ｍａｒｋｅ,東京都港区高輪１丁目２番１６号フラットウェル高輪２階,2022-08-17,株式会社
株式会社ｍａｒｏｗｅ,沖縄県国頭郡本部町字瀬底２５９３番地,2022-08-17,株式会社
株式会社ｍａｖｉｅ,宮崎県宮崎市中央通６番２３号尾関ビル２階,2022-08-17,株式会社
株式会社ｎｅｏＡＩ,東京都文京区本郷６丁目２５番１４号,2022-08-17,株式会社
株式会社ｒｏｂｉｎ,千葉県船橋市坪井町１５９番地１１,2022-08-17,株式会社
株式会社ｓｔｒａｉｇｈｔ,福岡県福岡市中央区天神４丁目６－２８天神ファーストビル７階,2022-08-17,株式会社
楽天データソリューションズ株式会社,東京都世田谷区玉川１丁目１４番１号,2022-08-17,株式会社
清英機電工業株式会社,大阪府堺市美原区南余部３８２番地２,2022-08-17,株式会社
湯屋プランニング株式会社,静岡県富士市久沢７８６番地の１,2022-08-17,株式会社
澤株式会社,北海道札幌市清田区里塚二条３丁目３番３８号,2022-08-17,株式会社
無名ホールディングス株式会社,東京都新宿区西新宿６丁目１２番４号コイトビル２０４号室,2022-08-17,株式会社
特定非営利活動法人さくらの縁,富山県砺波市矢木８６番地,2022-08-17,その他の設立登記法人
特定非営利活動法人なせばなる,岐阜県岐阜市金宝町４丁目２番地,2022-08-17,その他の設立登記法人
特定非営利活動法人アニマルホーム・心愛,群馬県館林市本町２丁目１４番２号,2022-08-17,その他の設立登記法人
特定非営利活動法人勇者の会,北海道札幌市西区発寒八条１１丁目２番２１号,2022-08-17,その他の設立登記法人
特定非営利活動法人悠渚,神奈川県横浜市金沢区高舟台２丁目３９番１５号第二久栄荘１０１,2022-08-17,その他の設立登記法人
特定非営利活動法人慈しみ安住の会,埼玉県朝霞市根岸台２丁目１４番１５号,2022-08-17,その他の設立登記法人
特定非営利活動法人静岡県音楽コンクール委員会,静岡県静岡市駿河区丸子新田２８０－１,2022-08-17,その他の設立登記法人
玉九株式会社,東京都台東区千束３丁目２１－１２－１０３,2022-08-17,株式会社
白浜ＭＬ合同会社,東京都千代田区丸の内３丁目１番１号東京共同会計事務所内,2022-08-17,合同会社
社会保険労務士法人いまここ,愛知県名古屋市中区錦１丁目４番２７号,2022-08-17,その他の設立登記法人
福寿合同会社,東京都足立区南花畑４丁目８番３号,2022-08-17,合同会社
税理士法人ポラリス,東京都中央区銀座１丁目１６番１号東貨ビル３階,2022-08-17,その他の設立登記法人
米木水産有限会社,愛媛県西予市三瓶町下泊１９５２番地１,2022-08-17,有限会社
紫達斎商貿株式会社,京都府京都市中京区西ノ京北壺井町８８－１二条プラザ３０５室,2022-08-17,株式会社
緋雲株式会社,大阪府大阪市福島区福島７丁目４番２２－４０３号,2022-08-17,株式会社
総和合同会社,京都府京都市左京区上高野薩田町４番地の２,2022-08-17,合同会社
舞福合同会社,沖縄県那覇市寄宮１丁目１２番５号コーポなかよし２－Ａ,2022-08-17,合同会社
行政書士法人テラス,東京都中央区銀座８丁目１７番５号,2022-08-17,その他の設立登記法人
西佑株式会社,千葉県船橋市湊町２丁目１番１９号ルミエール船橋１０５－Ｃ,2022-08-17,株式会社
賃貸住宅保証株式会社,京都府京都市北区小山南上総町５６番地２ＫＩビル,2022-08-17,株式会社
野崎産業汽船株式会社,長崎県佐世保市早岐１丁目６番３１号２階,2022-08-17,株式会社
野村リアルアセット・インベストメント株式会社,東京都千代田区大手町２丁目２番２号アーバンネット大手町ビル,2022-08-17,株式会社
雲邦貿易株式会社,京都府京都市上京区大宮通一条下る西側梨木町１９５－３－２Ｆ,2022-08-17,株式会社
鶴柱商事株式会社,埼玉県新座市新堀３丁目２番２号レヂオンス清瀬２０５,2022-08-17,株式会社
ＡＣＥ合同会社,東京都江戸川区宇喜田町１００７,2022-08-17,合同会社
ＡＣＲＯＶＩＥＷ　ＪＡＰＡＮ株式会社,広島県福山市伊勢丘５丁目３番３６号,2022-08-17,株式会社
ＡＨｉｓ株式会社,東京都港区浜松町２丁目２番１５号浜松町ダイヤビル２Ｆ,2022-08-17,株式会社
ＡＩＸＥ株式会社,東京都港区麻布十番３丁目８番６－１２０４号,2022-08-17,株式会社
ＡＯＧコンサルティング合同会社,神奈川県相模原市中央区上矢部１丁目１６番１３号,2022-08-17,合同会社
Ａｇａｖｅ　Ｊａｐａｎ合同会社,奈良県磯城郡田原本町大字唐古５２８－１,2022-08-17,合同会社
Ａｌｐｈａ　Ｊａｐａｎ株式会社,大阪府大阪市西区阿波座１丁目１４－１５三和ビル阿波座３６号,2022-08-17,株式会社
ＡｔａｒａＱｉ　ｂｙ　Ｑｇｒｏｕｐ合同会社,東京都港区六本木１丁目１０番３－９０１号,2022-08-17,合同会社
ＢＢＱＩＮＪＡＰＡＮ合同会社,愛知県豊明市二村台３丁目１－１第５４号棟１０５号室,2022-08-17,合同会社
Ｂｅ　Ｂｉｏ株式会社,東京都中央区佃３丁目６－５－５０９,2022-08-17,株式会社
Ｂｅｙｏｎｄ　Ｔｈｅ合同会社,東京都中央区銀座１丁目１２番４号Ｎ＆Ｅ、ＢＬＤ．６Ｆ,2022-08-17,合同会社
Ｃ・Ｗ・Ｐ株式会社,埼玉県熊谷市上之７１７番地１,2022-08-17,株式会社
ＣＬＪＰ　Ｄｅｖｉｃｅ　Ｏｆｆｅｒ株式会社,神奈川県横浜市中区元浜町３丁目２１番２号,2022-08-17,株式会社
ＣＶ合同会社,東京都新宿区西新宿３丁目３番１３号西新宿水間ビル２Ｆ,2022-08-17,合同会社
ＤＨ　ＥＮＴＥＲＰＲＩＳＥＳ合同会社,栃木県下都賀郡壬生町大字藤井１６００番地１,2022-08-17,合同会社
ＤＹＬ株式会社,沖縄県沖縄市比屋根１丁目１２番２７号、１０５号室,2022-08-17,株式会社
Ｅａｔ　Ｓｍｉｌｅ　Ｃｏｍｐａｎｙ株式会社,東京都新宿区四谷３丁目１１番地４,2022-08-17,株式会社
Ｇ‐ＵＰ合同会社,東京都中央区日本橋富沢町７番１８－９０５号,2022-08-17,合同会社
Ｇｏｍａ　ｇｌｏｂａｌ合同会社,大阪府大阪市淀川区新北野３丁目１１番１８号サンプラザ新北野Ｃ棟５０１号,2022-08-17,合同会社
Ｇｒｏｏｎｙ情報サービス株式会社,北海道札幌市中央区北二条東３丁目２番地２マルタビル札幌８階,2022-08-17,株式会社
ＨＭＩｐｒｏ合同会社,神奈川県厚木市上落合４０６番地１３,2022-08-17,合同会社
ＨＲ　ＰＬＵＳ合同会社,高知県高知市南はりまや町２丁目１５番１８号,2022-08-17,合同会社
Ｉ‐ｔｅｍホールディングス株式会社,広島県福山市御幸町大字中津原１８０８番地１,2022-08-17,株式会社
Ｉ＆Ａホールディングス株式会社,三重県熊野市井戸町４４６番地２３,2022-08-17,株式会社
ＩＭＩ株式会社,東京都杉並区本天沼３丁目２８番１０号,2022-08-17,株式会社
ＩＭＰ協同組合,岐阜県大垣市日の出町１丁目１番地,2022-08-17,その他の設立登記法人
ＩＮＡＭＩ　Ｓｐａｃｅ　Ｌａｂｏｒａｔｏｒｙ株式会社,東京都中央区銀座１丁目１２番４号Ｎ＆Ｅ・ＢＬＤ．６Ｆ,2022-08-17,株式会社
Ｊ　ＧＲＯＵＰ株式会社,東京都港区新橋３丁目２番６号杉本ビル３階,2022-08-17,株式会社
ＪＫＭ株式会社,栃木県小山市駅東通り１丁目５番３号田中ビル２階,2022-08-17,株式会社
Ｊｏｂ’ｓじゃぱん株式会社,東京都世田谷区粕谷３丁目１１－１,2022-08-17,株式会社
Ｊｏｓｉｅ株式会社,東京都荒川区東尾久４丁目４６番１１号,2022-08-17,株式会社
Ｋ．Ｋ．コンサルティング合同会社,京都府京都市中京区池須町４１２番地ネバーランド六角６０２号室,2022-08-17,合同会社
ＫＩＭＩ株式会社,大阪府大阪市中央区天満橋京町１番２３号サンシステム天満橋ビル９０１,2022-08-17,株式会社
ＫＪプロデュース合同会社,埼玉県戸田市大字新曽４２３番地,2022-08-17,合同会社
Ｋｙｏｄｏ　Ｔｅｃｈ合同会社,東京都港区赤坂２丁目２１番５号,2022-08-17,合同会社
ＬＯＧＩＳ　ＩＮＮＯＶＡＴＩＯＮ　ＪＡＰＡＮ株式会社,大阪府大阪市西成区天下茶屋１丁目４番１８号ＳＵＮ生一番館２０１号室,2022-08-17,株式会社
Ｌｉｎｏ　Ｐｏｎｏ株式会社,栃木県宇都宮市ゆいの杜７丁目２８番１５号,2022-08-17,株式会社
Ｍ．Ｍ．ＭＯＴＯＲＳ合同会社,千葉県船橋市古和釜町４０７番地１,2022-08-17,合同会社
ＭＡＢＥ　Ｊａｐａｎ株式会社,東京都中央区日本橋兜町９番１号,2022-08-17,株式会社
ＭＣ合同会社,東京都中央区築地６丁目１２番１－５０２号,2022-08-17,合同会社
ＭＣＤＣ合同会社,長野県北安曇郡白馬村大字北城字向原２９３７番地４２６,2022-08-17,合同会社
ＭＥＩＪＩ　ＡＵＴＯ合同会社,千葉県八街市朝日２２６番地２２コーポ朝日Ⅱ１０３,2022-08-17,合同会社
ＭＵＳＩＣ　ＨＡＣＫ合同会社,東京都渋谷区渋谷２丁目１９－１５宮益坂ビルディング６０９,2022-08-17,合同会社
ＭＹエステート株式会社,東京都港区六本木５丁目１４番２３号ホーマットコンコード５０１,2022-08-17,株式会社
Ｍａｋｅ　Ｗｏｒｄ株式会社,大阪府大阪市西区新町１丁目１３番１７号再生ビル新町３Ｆ,2022-08-17,株式会社
ＭｅｔａＰｒｏｐｅｒｔｙ株式会社,東京都足立区島根３丁目２１－１２,2022-08-17,株式会社
Ｍｅｔａｐ　Ｊａｐａｎ合同会社,東京都中央区築地１丁目２番１－５１１号,2022-08-17,合同会社
ＮＩＴＡＯ合同会社,福岡県古賀市天神１丁目２５番３３－６０６号,2022-08-17,合同会社
ＰＥＲＥＧＲＩＮＥ　ＣＯＮＳＵＬＴＩＮＧ株式会社,東京都中央区京橋１丁目１４番９号依田忠ビル５階株式会社えいえん堂内,2022-08-17,株式会社
ＰＭＫ　ＧＬＯＢＡＬ　ＳＯＬＵＴＩＯＮＳ合同会社,東京都江戸川区西葛西３丁目９－３５グリーンヒル西葛西２号館９１０号室,2022-08-17,合同会社
ＳＥＮＡ　ＣＨＥＭＩＣＡＬ株式会社,静岡県牧之原市細江１３３３番地１,2022-08-17,株式会社
ＳＨＩＮ　ＥＮＴＥＲＰＲＩＳＥＳ合同会社,千葉県千葉市若葉区小倉町１７１７番地,2022-08-17,合同会社
ＳＩＪ合同会社,東京都足立区西保木間２丁目７－４,2022-08-17,合同会社
ＳＯＡＲＩＣＨＥ株式会社,愛知県春日井市出川町２１６７番地２０,2022-08-17,株式会社
ＳＵＮ　ＦＡＣＴＯＲＹ’ｓ株式会社,兵庫県神戸市中央区野崎通７丁目３番１４号,2022-08-17,株式会社
ＴＢＪホールディングス株式会社,東京都千代田区丸の内２丁目１番１号,2022-08-17,株式会社
ＴＫ合同会社,神奈川県小田原市東町４丁目１１番４５－２号,2022-08-17,合同会社
ＴＭＣ合同会社,東京都町田市木曽西４丁目５番３号,2022-08-17,合同会社
ＴＯＭＯＺ合同会社,東京都中央区銀座１丁目１２番４号Ｎ＆ＥＢＬＤ．６Ｆ,2022-08-17,合同会社
ＷＯＲＬＤ　ＣＬＡＳＳ　ＥＦＦＥＣＴＳ　ＰＲＩＶＡＴＥ　ＬＩＭＩＴＥＤ,神奈川県厚木市関口１０１３番地１コーポ一心２号棟２０３号室,2022-08-17,外国会社等
ＹＯＨＡＮ　ＥＸＰＯＲＴＳ合同会社,栃木県栃木市岩舟町新里１３０３番地２、２５号,2022-08-17,合同会社
ｂｉｎｃａ合同会社,北海道虻田郡倶知安町字山田１８９－１３,2022-08-17,合同会社
ｋｏｍｏｒｉｅｉｔｏ合同会社,東京都世田谷区松原３丁目２３－２８－１０６,2022-08-17,合同会社
ｓｏｌホールディングス株式会社,神奈川県川崎市高津区下作延４丁目２８番２９号メイプルガーデン溝の口３０１,2022-08-17,株式会社
ｔｏｍ’ｓ　ｃｏｌｌｅｃｔｉｏｎ合同会社,広島県広島市安佐南区八木９丁目９－５０－１１フローレンス八木駅前３０７,2022-08-17,合同会社
むかえだ産業合同会社,千葉県市原市迎田４３,2022-08-18,合同会社
ゆいと合同会社,山梨県甲府市上今井町６７１番地４,2022-08-18,合同会社
アイ・カフェ株式会社,東京都台東区上野２丁目１１番１３号,2022-08-18,株式会社
アップル不動産株式会社,長野県飯田市座光寺４５９６番地１,2022-08-18,株式会社
イマン・トレーディング合同会社,千葉県木更津市畔戸２１２番地１,2022-08-18,合同会社
インテック株式会社,京都府長岡京市友岡２丁目３番１－３０４号,2022-08-18,株式会社
エイジング・テクノロジー合同会社,東京都渋谷区千駄ヶ谷３丁目３０番９号,2022-08-18,合同会社
エステートテック合同会社,東京都文京区本郷１丁目２１番７－８０４号,2022-08-18,合同会社
エッペンドルフ・ハイマック・テクノロジーズ労働組合,茨城県ひたちなか市大字武田１０６０番地,2022-08-18,その他の設立登記法人
グローバル・ツリーオブライト株式会社,熊本県阿蘇郡南阿蘇村大字下野４７７番地１,2022-08-18,株式会社
ケイスクワッド合同会社,東京都墨田区石原１丁目２３－２コンポステラ飯塚１１０２,2022-08-18,合同会社
コンチネンタル・オートノモス・モビリティー・ジャパン株式会社,神奈川県横浜市神奈川区新浦島一丁目１番地３２,2022-08-18,株式会社
ザファンド合同会社,東京都港区浜松町２丁目２番１５号浜松町ダイヤビル２Ｆ,2022-08-18,合同会社
ジャラックス株式会社,広島県広島市安芸区矢野東２丁目３０番１０－５号,2022-08-18,株式会社
テクノエンジニアリング株式会社,富山県氷見市柳田１４５９番地１０５号,2022-08-18,株式会社
ディジマーコンサルティング合同会社,埼玉県ふじみ野市ふじみ野１丁目４番２０－１００６号,2022-08-18,合同会社
デジタルコンディション合同会社,千葉県市川市妙典１丁目６番７－１０２号,2022-08-18,合同会社
デラックスジャパン株式会社,愛知県清須市西枇杷島町城並２丁目１７番地１２,2022-08-18,株式会社
ノングソフト合同会社,東京都小平市回田町２４２－５５,2022-08-18,合同会社
ノースアグリ合同会社,青森県弘前市大字川合字下川原５５－１,2022-08-18,合同会社
ビストロデリバリーサービス合同会社,大分県宇佐市大字佐々礼１６６０番地の３,2022-08-18,合同会社
ベイズ株式会社,東京都江戸川区南篠崎町５丁目９番２３号,2022-08-18,株式会社
ホライズン１７株式会社,東京都港区西新橋２丁目８番６号,2022-08-18,株式会社
マレビズ株式会社,愛知県名古屋市名東区八前３丁目１０３番地,2022-08-18,株式会社
ミッドフィールダージャパン株式会社,東京都豊島区東池袋１丁目３３－４,2022-08-18,株式会社
ミライワン合同会社,大阪府大阪市大正区小林東３丁目１２番２７号,2022-08-18,合同会社
モーメント株式会社,東京都豊島区高田３丁目３番２２－３０５号,2022-08-18,株式会社
ラクスベア株式会社,東京都世田谷区池尻２丁目２番１３号サンパレス池尻マンション１０１,2022-08-18,株式会社
リセンス合同会社,神奈川県横浜市西区高島２丁目１１番２号スカイメナー横浜５１９,2022-08-18,合同会社
一般社団法人しずおかＢｕｋａｔｓｕＤＯクラス,静岡県静岡市駿河区小鹿３丁目８番１１号,2022-08-18,その他の設立登記法人
一般社団法人やまぐちグローバルサポートアソシエーション,山口県下関市武久町１丁目１８番２３号,2022-08-18,その他の設立登記法人
一般社団法人アクティブウーマン,福岡県福岡市西区今宿青木１１１４番地２８Ｂ１,2022-08-18,その他の設立登記法人
一般社団法人キャリアＣｏＣｏ,福岡県北九州市八幡西区鳴水町１番１号,2022-08-18,その他の設立登記法人
一般社団法人ケアラーパートナー木の根っこ,東京都江戸川区中央２丁目４番１８,2022-08-18,その他の設立登記法人
一般社団法人シニア安心生活支援センター,広島県広島市西区己斐上１丁目４番１０－２０２号,2022-08-18,その他の設立登記法人
一般社団法人テスラ・オーナーズ・クラブ・ジャパン,東京都中野区上鷺宮３丁目１６番９号オーエスビル,2022-08-18,その他の設立登記法人
一般社団法人ヒアリングマーク推進協会ＲＡＤＹＯＮＥ,大阪府豊中市豊南町西４丁目２６番１の３号,2022-08-18,その他の設立登記法人
一般社団法人ヘルスケアイノベーション協会,東京都文京区本郷１丁目３０番２７－１２１１号,2022-08-18,その他の設立登記法人
一般社団法人保育栄養安全衛生協会,千葉県船橋市本町６丁目４番２３号ケイウッドビル３階,2022-08-18,その他の設立登記法人
一般社団法人地域未来研究所,千葉県佐倉市八幡台２丁目８番４号,2022-08-18,その他の設立登記法人
一般社団法人愛光,大阪府枚方市甲斐田新町１９番４号,2022-08-18,その他の設立登記法人
一般社団法人日本モンゴルスポーツ交流協会,大阪府大阪市北区南森町１丁目４番１１号,2022-08-18,その他の設立登記法人
一般社団法人日本障害者雇用担当者協議会,大阪府大阪市淀川区西宮原１丁目８番３３号日宝新大阪第２ビル４０８号,2022-08-18,その他の設立登記法人
一般社団法人日本飲食協会,神奈川県川崎市川崎区小川町７番地４アービラ川崎１１０５,2022-08-18,その他の設立登記法人
一般社団法人星塚寺院,鹿児島県鹿屋市旭原町２５３８番地９,2022-08-18,その他の設立登記法人
一般社団法人有形文化財登録推進協会ＡＲＫＳ,東京都八王子市初沢町１３８９番地４２,2022-08-18,その他の設立登記法人
一般社団法人青空プロジェクトＴＨＥ　ＤＡＹ,栃木県那須塩原市中塩原５６９番地,2022-08-18,その他の設立登記法人
一般社団法人Ａｒｔ＆Ｌｉｆｅ,福岡県福岡市中央区大手門３丁目１番１７号,2022-08-18,その他の設立登記法人
一般社団法人Ｂｉｒｔｈ,愛知県名古屋市千種区豊年町２番５号,2022-08-18,その他の設立登記法人
一般社団法人Ｆｏｒｗａｒｄ,東京都八王子市上柚木３丁目５番地４－２０７,2022-08-18,その他の設立登記法人
一般財団法人さち風会,東京都港区赤坂２丁目１０番１０号,2022-08-18,その他の設立登記法人
三宝土地建物株式会社,東京都渋谷区渋谷１丁目７番８号,2022-08-18,株式会社
中橋貿易株式会社,大阪府大阪市東成区東小橋１丁目１７－３１グランドハイツ東小橋２０６号室,2022-08-18,株式会社
五州株式会社,東京都墨田区向島４丁目３番８号グレイス向島２０１Ｄ号室,2022-08-18,株式会社
偉業合同会社,埼玉県三郷市彦倉１丁目３１番地フルール三郷Ｂ２,2022-08-18,合同会社
卓越株式会社,大阪府大阪市天王寺区空清町４－１１杉野ビル本館１０９号室,2022-08-18,株式会社
印西トレーディング合同会社,千葉県印西市木下１５２１－２７－１０１,2022-08-18,合同会社
参政党,東京都港区麻布台２丁目２－１２三貴ビル３階,2022-08-18,その他の設立登記法人
合同会社いしのま,静岡県静岡市駿河区南八幡町１２番２９号,2022-08-18,合同会社
合同会社ゆえん,香川県高松市今里町２丁目１４番地２０,2022-08-18,合同会社
合同会社アパスル,大阪府堺市西区鳳中町８丁２６５番地５,2022-08-18,合同会社
合同会社イグナイター,福岡県福岡市中央区大名１丁目７－３－９０６,2022-08-18,合同会社
合同会社エトワール高橋,福岡県福岡市南区柏原４丁目１４番２１号,2022-08-18,合同会社
合同会社シェ・リエ,神奈川県鎌倉市西鎌倉１丁目９番１７号,2022-08-18,合同会社
合同会社スクエア,愛知県名古屋市中区錦３丁目１３番１３号アロン錦Ａビル４階全号室,2022-08-18,合同会社
合同会社スピカ,埼玉県川口市戸塚２丁目２０－１－３０５ロイヤルメゾンⅠ,2022-08-18,合同会社
合同会社ダブルＲ,神奈川県横浜市瀬谷区相沢６丁目３７番地５,2022-08-18,合同会社
合同会社トゥキ,愛知県名古屋市西区那古野２丁目４番８号,2022-08-18,合同会社
合同会社トレセン東京,東京都江戸川区東小岩４丁目２０－３キャッスル小岩２０２,2022-08-18,合同会社
合同会社トレゾールモト,愛媛県松山市三津１丁目１０番１号,2022-08-18,合同会社
合同会社フュージオ,東京都港区南青山３丁目１番３６号青山丸竹ビル６Ｆ,2022-08-18,合同会社
合同会社プレザント,静岡県静岡市葵区伝馬町１５－１１－４０１,2022-08-18,合同会社
合同会社メタメタ建築計画,東京都三鷹市井の頭１丁目７－４０,2022-08-18,合同会社
合同会社モラウ,東京都杉並区西荻北２丁目６番８号コンフォートＮ１０１,2022-08-18,合同会社
合同会社ログコーポレーション,東京都杉並区和泉２丁目１３番９号,2022-08-18,合同会社
合同会社亀田リサーチ,神奈川県横浜市中区野毛町４丁目１７３－２－８０７,2022-08-18,合同会社
合同会社人見ソーラーセルパワー,栃木県矢板市乙畑１３９３番地１００,2022-08-18,合同会社
合同会社城間クリーン,沖縄県南城市大里字仲間７３２番地１,2022-08-18,合同会社
合同会社幸和,神奈川県川崎市中原区新丸子町７１２番地１５,2022-08-18,合同会社
合同会社晋章さくら,千葉県市原市飯沼５０１番地５,2022-08-18,合同会社
合同会社松下,熊本県熊本市中央区黒髪４丁目４０５番地,2022-08-18,合同会社
合同会社福龍,滋賀県大津市下阪本５丁目３番地１０,2022-08-18,合同会社
合同会社花桃エステート,東京都江東区冬木２１番２３号－１０３号,2022-08-18,合同会社
合同会社８３,埼玉県さいたま市大宮区桜木町２丁目３番地大宮マルイ７階,2022-08-18,合同会社
合同会社Ａ．Ｓ　Ｇｒｏｕｐ,沖縄県那覇市具志１丁目１３番１６号ブロードビーン１－Ａ号室,2022-08-18,合同会社
合同会社ＡＴＲＹＺ,新潟県南魚沼市滝谷１２９８番地,2022-08-18,合同会社
合同会社ＢＡＯ　ＮＧＯＣ,香川県高松市田町７－３－１階,2022-08-18,合同会社
合同会社Ｄ＆Ｉ,京都府京都市下京区七条御所ノ内中町５１,2022-08-18,合同会社
合同会社Ｅｎｓｏ　Ｓｐｏｒｔｓ　Ｊａｐａｎ,神奈川県横浜市港北区新横浜２丁目１２番地１２新横浜ＩＫビル,2022-08-18,合同会社
合同会社ＧＥＮＫＩ　ＰＲＯＤＵＣＴＩＯＮ,東京都渋谷区渋谷３丁目１０番１８－９０６号パークハビオ渋谷,2022-08-18,合同会社
合同会社Ｇｏｏｄ　Ｌｉｎｋ,東京都渋谷区円山町５番５号Ｎａｖｉ渋谷Ｖ３階,2022-08-18,合同会社
合同会社Ｋスピリット,神奈川県相模原市中央区向陽町２番１０号,2022-08-18,合同会社
合同会社Ｋパートナーズ,東京都練馬区中村３丁目２６番１１号,2022-08-18,合同会社
合同会社ＫＡＲＡカモン,東京都三鷹市下連雀３丁目３１番１０号,2022-08-18,合同会社
合同会社Ｋｊ　ｉｎｔｅｒｎａｔｉｏｎａｌ,茨城県筑西市海老ヶ島７６２番地１,2022-08-18,合同会社
合同会社ＬＥＯ,東京都中野区弥生町１丁目４６番２号,2022-08-18,合同会社
合同会社Ｌｉｂｅｒｔａ,大阪府大阪市東住吉区杭全７丁目６－１４,2022-08-18,合同会社
合同会社ＭＴ,鳥取県鳥取市安長３４８番地,2022-08-18,合同会社
合同会社ＭＵＫＵ,福岡県福岡市中央区薬院２丁目４番５号９Ｆ,2022-08-18,合同会社
合同会社ＯＭＥＧＡ　Ｍｅｂｉｕｓ．ｐｒｏｄｕｃｔｉｏｎ,群馬県桐生市新宿３丁目１１番２２号,2022-08-18,合同会社
合同会社Ｒ,東京都豊島区千早２丁目８番１６号,2022-08-18,合同会社
合同会社ＳＫＷ,神奈川県横浜市港南区東永谷３丁目５２番２３号セントバレーＢ棟２０１,2022-08-18,合同会社
合同会社ＳＭＡＲＴ,福岡県福岡市中央区天神２丁目３－１０天神パインクレスト７１９号,2022-08-18,合同会社
合同会社ＳＯＵＢＩ,東京都練馬区大泉学園町４丁目２０－３６,2022-08-18,合同会社
合同会社Ｙ，ｍａｎａｇｅ,山口県周南市新宿通６丁目８番５号,2022-08-18,合同会社
合同会社ＹＯＨ・ＷＬＹＳ　Ｃｏａｃｈｉｎｇ,東京都渋谷区神山町１－８田崎ビルＡ,2022-08-18,合同会社
合同会社ａｎｉｃｏ,北海道室蘭市高砂町３丁目１番８号,2022-08-18,合同会社
合同会社ｈａｍｉｎｏａ,千葉県船橋市二和西５丁目１６番４号,2022-08-18,合同会社
合同会社ｔａｋｉ,福井県福井市東森田２丁目１６４１番地,2022-08-18,合同会社
器約株式会社,京都府京都市北区大北山原谷乾町４７番地１０－２０５室,2022-08-18,株式会社
国康工業株式会社,群馬県伊勢崎市国定町１丁目１５７６番地２５,2022-08-18,株式会社
壬甲株式会社,福岡県福岡市博多区吉塚７丁目２番２７－３０１号,2022-08-18,株式会社
壹柒玖株式会社,大阪府大阪市東成区深江北３丁目４番２１号エクラ深江橋２０３Ｂ,2022-08-18,株式会社
小川町管財株式会社,神奈川県横須賀市若松町２丁目３３番地３サンハロー横須賀中央駅前１０９,2022-08-18,株式会社
川口精研株式会社,埼玉県川口市坂下町４丁目９番４号,2022-08-18,株式会社
川崎商事株式会社,大阪府大阪市中央区瓦町４丁目３番１４号御堂アーバンライフ８０２号,2022-08-18,株式会社
平罡合同会社,千葉県船橋市栄町１丁目９番１－３０２号,2022-08-18,合同会社
弁理士法人海田国際特許事務所,東京都千代田区神田神保町３丁目２９番地帝国書院ビル５階,2022-08-18,その他の設立登記法人
必達合同会社,埼玉県三郷市彦倉１丁目３１番地フルール三郷Ａ－１,2022-08-18,合同会社
悠博株式会社,大阪府大阪市天王寺区空清町４－１１杉野ビル本館１０７号室,2022-08-18,株式会社
日台産業研究所株式会社,東京都港区三田１丁目２番１８号ＴＴＤビル,2022-08-18,株式会社
日本オフィスビル合同会社,東京都品川区上大崎３丁目１番１号目黒セントラルスクエア１５階,2022-08-18,合同会社
日本神田マリン株式会社,兵庫県三田市つつじが丘北３丁目２－１０,2022-08-18,株式会社
日誠エネルギー開発合同会社,大阪府大阪市中央区高津１丁目９番１０－４０１号,2022-08-18,合同会社
東京中央合同会社,神奈川県川崎市中原区市ノ坪１９６－８,2022-08-18,合同会社
林技研株式会社,神奈川県川崎市麻生区栗木台５丁目１－２スカイグリーン１０５,2022-08-18,株式会社
株式会社あるかでぃあ,埼玉県さいたま市見沼区染谷３丁目２７４番１,2022-08-18,株式会社
株式会社さかなし薬局,福岡県福岡市中央区清川１丁目５番１３－１７０１号,2022-08-18,株式会社
株式会社ざんまいネット,東京都中央区築地４丁目７番５号,2022-08-18,株式会社
株式会社といろ,福岡県福岡市博多区博多駅前４丁目２３番４号アーバンクルーザー博多駅前３０３号室,2022-08-18,株式会社
株式会社はるまの湯,福岡県久留米市西町９３３番地２,2022-08-18,株式会社
株式会社ふぐの串田,東京都品川区西大井１丁目８番１５号,2022-08-18,株式会社
株式会社まねき経営,愛知県名古屋市中区上前津２丁目１番１１号上前津光菱ビル５Ｂ号,2022-08-18,株式会社
株式会社アイホーム,東京都台東区浅草５丁目４９－９,2022-08-18,株式会社
株式会社アコルデ,埼玉県三郷市彦川戸１丁目２７８番地１５,2022-08-18,株式会社
株式会社アジャイルテクノロジー,東京都港区赤坂８丁目４－１４青山タワープレイス８Ｆ,2022-08-18,株式会社
株式会社アスパイアグローバル,東京都港区西新橋１丁目２番９号日比谷セントラルビル１４階,2022-08-18,株式会社
株式会社アベコマーシャルジャパン,東京都杉並区堀ノ内３丁目３１番１１号,2022-08-18,株式会社
株式会社アルゴ．オーブ,神奈川県川崎市多摩区三田１丁目２８－２ライブリー三田１０７,2022-08-18,株式会社
株式会社アンセムホールディングス,東京都渋谷区道玄坂２丁目１１番１号,2022-08-18,株式会社
株式会社アヴニール,北海道旭川市東光八条５丁目４番１０号,2022-08-18,株式会社
株式会社アールプランニング,愛知県岩倉市東町掛目１９６番地１,2022-08-18,株式会社
株式会社イグレット,東京都江東区有明３丁目７－１１有明パークビル２０Ｆ,2022-08-18,株式会社
株式会社イチページ,東京都港区六本木４丁目１１番１１号ＧＭビル２階,2022-08-18,株式会社
株式会社ウェブラボ,大阪府大阪市北区菅原町１０番３３号ＡＬＩＣＥ－ＴＨＥＡＴＥＲＳＨＩＰ２０１号室,2022-08-18,株式会社
株式会社エヌアシスト,栃木県芳賀郡益子町大字益子４０６１番地,2022-08-18,株式会社
株式会社エヌマネジメント,大阪府豊中市新千里南町３丁目１番１―３１４号,2022-08-18,株式会社
株式会社エムズドリームカンパニー,京都府京都市左京区下鴨東梅ノ木町１０番地,2022-08-18,株式会社
株式会社オリエンタルホーム,群馬県利根郡昭和村大字川額７０番地１,2022-08-18,株式会社
株式会社オールドトール,愛知県名古屋市名東区勢子坊１丁目１２１６番地の１,2022-08-18,株式会社
株式会社ケントモ,京都府京都市北区小山中溝町３３,2022-08-18,株式会社
株式会社ココチＬａｂ,山口県宇部市大字東岐波５４９７番地１シャーメゾン東陽Ｂ棟２０２号,2022-08-18,株式会社
株式会社サトショー,神奈川県横浜市港南区東永谷１丁目３４番１６号,2022-08-18,株式会社
株式会社サードパーティースタジオ,大阪府大阪市中央区谷町２丁目８番１号,2022-08-18,株式会社
株式会社シュプリード,大阪府大阪市北区芝田２丁目８－１１,2022-08-18,株式会社
株式会社ジェイトック,神奈川県横浜市旭区南本宿町８９番６３,2022-08-18,株式会社
株式会社ジェミニプロパティーズ,神奈川県横浜市中区山手町１４３番地６,2022-08-18,株式会社
株式会社ジャンピング,京都府宇治市槇島町中川原９４番地２００号,2022-08-18,株式会社
株式会社スピカ,埼玉県さいたま市南区南本町２丁目２２番２号,2022-08-18,株式会社
株式会社スマイル,埼玉県新座市新座３丁目２番１６号,2022-08-18,株式会社
株式会社スマイルロードアシスト,群馬県伊勢崎市新栄町３９５５番地９,2022-08-18,株式会社
株式会社セカンド．,神奈川県厚木市中町２丁目７番１１号オーイズミダイニング６０３号室,2022-08-18,株式会社
株式会社タイコー・エンジニアリング,大阪府東大阪市日下町５丁目７－１４,2022-08-18,株式会社
株式会社タケシ商事,千葉県船橋市金杉台２丁目２番地９棟４０１,2022-08-18,株式会社
株式会社ドリームウェイ,東京都港区南青山５丁目９番６号,2022-08-18,株式会社
株式会社パル・ボヌール,愛知県名古屋市中村区羽衣町３７番地（リリーローサ１０６号）,2022-08-18,株式会社
株式会社ヒロインターナショナル,東京都港区南青山２丁目３番３号パークコート青山ザタワー１９０１,2022-08-18,株式会社
株式会社ピクシスホールディングス,東京都八王子市高倉町２９番地１０第三エステート吉武１０３号,2022-08-18,株式会社
株式会社ピスタ,福岡県福岡市博多区博多駅前３丁目７番３５号博多ハイテックビル５０５,2022-08-18,株式会社
株式会社ピリナ,埼玉県春日部市中央１丁目４８番地９サンライズビル春日部３階,2022-08-18,株式会社
株式会社フジヤマロガー,静岡県富士宮市大中里４５８,2022-08-18,株式会社
株式会社ブリリアンス,東京都足立区千住元町４番９号,2022-08-18,株式会社
株式会社プリート,神奈川県足柄上郡大井町上大井３２３番地の１,2022-08-18,株式会社
株式会社ベターミー,東京都世田谷区船橋７丁目７番１号ヘリオス相互世田谷１０１,2022-08-18,株式会社
株式会社マツナミホールディングス,東京都練馬区羽沢１丁目７番７号第二ゼネラルビル２階,2022-08-18,株式会社
株式会社ミカミ設備,広島県広島市西区庚午南１丁目３２番３４－９０１号,2022-08-18,株式会社
株式会社メディアの未来,東京都新宿区市谷砂土原町３丁目４－１いづみハイツ市ヶ谷６０１,2022-08-18,株式会社
株式会社モルゲングリーン,神奈川県川崎市宮前区潮見台８番１０－９１３号,2022-08-18,株式会社
株式会社ヤマシン工務店,東京都板橋区高島平１丁目４１番６号サンセイル西台６０８,2022-08-18,株式会社
株式会社ラッテラス,東京都港区赤坂９丁目７－７パークレジデンスザリッツカ－ルトン２７０５号室,2022-08-18,株式会社
株式会社ラフィーネ,神奈川県川崎市宮前区有馬４丁目８番１８号,2022-08-18,株式会社
株式会社リトリートラボ,東京都渋谷区桜丘町２２番１９号,2022-08-18,株式会社
株式会社ワイズ,兵庫県神戸市灘区中原通１丁目６番７号,2022-08-18,株式会社
株式会社ヴァンダライズ,神奈川県横浜市神奈川区西神奈川１丁目４番地７コーポ・タニ１０２,2022-08-18,株式会社
株式会社七美,埼玉県越谷市神明町２丁目３９７番地３－１０９号,2022-08-18,株式会社
株式会社上野保温工業,茨城県古河市東間中橋４４３番地,2022-08-18,株式会社
株式会社中興,東京都豊島区池袋４丁目２９番１１号トウセン池袋ビル６０９室,2022-08-18,株式会社
株式会社中部ワンダー,愛知県清須市一場御園８６０番地１５,2022-08-18,株式会社
株式会社久保エンジニアリング,神奈川県川崎市多摩区菅野戸呂１１番３７号パレドール稲田堤３－４０５,2022-08-18,株式会社
株式会社仕事の未来,東京都新宿区市谷砂土原町３丁目４－１いづみハイツ市ヶ谷６０１,2022-08-18,株式会社
株式会社佳星ジュエリー,東京都台東区台東４丁目７－９深律ビル３０１号,2022-08-18,株式会社
株式会社六本木青野総本舗,東京都港区六本木３丁目１５番２１号,2022-08-18,株式会社
株式会社共同興業,神奈川県相模原市南区新磯野１０３番地,2022-08-18,株式会社
株式会社共立テック,愛知県名古屋市緑区池上台１丁目２０９番地,2022-08-18,株式会社
株式会社勝豊,千葉県山武郡芝山町高田１２３８－１０,2022-08-18,株式会社
株式会社多摩スポーツクラブ,東京都立川市泉町５００番４アリーナ立川立飛,2022-08-18,株式会社
株式会社孝輝工業,埼玉県さいたま市見沼区東大宮６丁目４９番地１５シティヒルコート２０４号,2022-08-18,株式会社
株式会社安建,群馬県太田市吉沢町１０５８番地５,2022-08-18,株式会社
株式会社安心のライフプランナー,富山県高岡市常国２８９番地１１,2022-08-18,株式会社
株式会社実り,神奈川県横浜市磯子区杉田６丁目８番４号,2022-08-18,株式会社
株式会社山根空調設備,埼玉県川越市新富町２丁目２９番地９（ヴェルドミール新富９０１号室）,2022-08-18,株式会社
株式会社幸和,京都府京都市西京区大原野西境谷町２丁目９番地１６棟５０２号,2022-08-18,株式会社
株式会社徳宏,東京都豊島区高田３丁目３番２２－３０４号,2022-08-18,株式会社
株式会社政青商事,東京都江戸川区中葛西４丁目８－１５宇喜田カメリア４０８号室,2022-08-18,株式会社
株式会社斎藤鉄工所,北海道滝川市幸町３丁目４番３０号,2022-08-18,株式会社
株式会社日勝,京都府京都市東山区祇園町南側５７０－７１和晃ビル１Ｆ－２,2022-08-18,株式会社
株式会社日本東光貿易,千葉県八千代市米本２４３６－５３－Ｂ棟,2022-08-18,株式会社
株式会社最中屋,京都府京都市中京区壬生檜町６番地ＳＴハウス２Ｆ,2022-08-18,株式会社
株式会社本田ニット,東京都墨田区本所３丁目２４番６号,2022-08-18,株式会社
株式会社東昭こすも,栃木県河内郡上三川町大字多功１９２８番地１,2022-08-18,株式会社
株式会社栞‐ｓＨｉｏＮ,愛知県名古屋市中区丸の内２丁目１８番５号サンマルノウチビル３０１,2022-08-18,株式会社
株式会社極致,大阪府大阪市浪速区元町１丁目１１番１０－６０４号,2022-08-18,株式会社
株式会社池田興業,千葉県船橋市咲が丘２丁目２７番１０号,2022-08-18,株式会社
株式会社玄竜会,大阪府大阪市東住吉区湯里２丁目１６番３号,2022-08-18,株式会社
株式会社皆笑ホールディングス,山口県山口市小郡令和１丁目１番１号,2022-08-18,株式会社
株式会社総合建築,愛知県名古屋市港区東茶屋１丁目７１６番地,2022-08-18,株式会社
株式会社花道,埼玉県三郷市采女１丁目８０番地２美田ビル２Ｆ,2022-08-18,株式会社
株式会社衞藤農園,大分県由布市庄内町柿原３８６番地,2022-08-18,株式会社
株式会社貴山建設,大阪府富田林市錦織北２丁目６番１３－１０１号,2022-08-18,株式会社
株式会社赤鹿ホールディングス,兵庫県姫路市辻井１丁目１番２３号,2022-08-18,株式会社
株式会社農研,沖縄県宜野湾市真志喜２丁目６－１７,2022-08-18,株式会社
株式会社鈴木コンサルティング,埼玉県蕨市塚越７丁目６番１４号,2022-08-18,株式会社
株式会社隆豊,沖縄県うるま市字赤道５０２番地６６－１０４号,2022-08-18,株式会社
株式会社飛翔,埼玉県川口市芝西２丁目９－１６アベニール桜２０２,2022-08-18,株式会社
株式会社馬神,佐賀県神埼市千代田町下板２９５番地１,2022-08-18,株式会社
株式会社３Ｗ,千葉県浦安市日の出７丁目７－１６,2022-08-18,株式会社
株式会社Ａ＆Ｋ,兵庫県三木市緑が丘町三丁目１５番地の９,2022-08-18,株式会社
株式会社Ａ＆ＵＮ,長野県長野市箱清水２丁目１０番１３号,2022-08-18,株式会社
株式会社ＡＣＭ,神奈川県大和市中央林間５丁目１７番２０号,2022-08-18,株式会社
株式会社ＡＥＬＬ,東京都豊島区南大塚２丁目３８番１号リードシー大塚ビル８階,2022-08-18,株式会社
株式会社ＡＨＩＬ　ＴＲＡＤＩＮＧ,埼玉県加須市上崎６７２番地６,2022-08-18,株式会社
株式会社ＡＲ　ＪＡＰＡＮ,神奈川県相模原市南区磯部１０４番地１０,2022-08-18,株式会社
株式会社ＡＲＯＭＡ３６０ＪＡＰＡＮ,愛知県小牧市常普請１丁目１３６番地１,2022-08-18,株式会社
株式会社ＡＺＵＫＩ,神奈川県横浜市青葉区美しが丘１丁目１３番地４やよいビル１０３,2022-08-18,株式会社
株式会社Ａｄｅｌｌｅｃｉａ,東京都豊島区長崎４丁目３３番１３号,2022-08-18,株式会社
株式会社Ａｄｖｅｎｔ,東京都杉並区下高井戸４丁目４番１号,2022-08-18,株式会社
株式会社Ａｍｅｓａｎｋｏｈ,東京都新宿区西新宿７丁目７番１９セントラルレジデンス新宿シティタワー１００３号,2022-08-18,株式会社
株式会社Ａｎｇｅｌｆｉｓｈ,東京都世田谷区代田２丁目１番１８号第１０ＭＩヴィラ代田１０１,2022-08-18,株式会社
株式会社ＡｒｔＢＢ,長崎県大村市東野岳町１０８８,2022-08-18,株式会社
株式会社ＢＥＡＲ　ＨＯＵＳＥ,熊本県熊本市中央区水前寺３丁目１番１号,2022-08-18,株式会社
株式会社Ｂａｃｋｒｅｓｔ,東京都千代田区九段南１丁目５番６号りそな九段ビル５階ＫＳフロア,2022-08-18,株式会社
株式会社Ｃ３,東京都渋谷区神宮前６丁目２５番２号７０５号室,2022-08-18,株式会社
株式会社ＣＢ,愛知県名古屋市東区代官町３４番１２号ＪＢビル７階南号室,2022-08-18,株式会社
株式会社ＣＣＲ,東京都墨田区石原４丁目２２番４号,2022-08-18,株式会社
株式会社ＣＬＯＵＤ　ＢＡＮＫ,東京都品川区北品川１丁目８番１１号Ｄａｉｗａ品川Ｎｏｒｔｈビル５Ｆ,2022-08-18,株式会社
株式会社Ｃａｒｉｂ,神奈川県愛甲郡愛川町中津２３２１番地の６,2022-08-18,株式会社
株式会社Ｃｏｍｆｉｓ,神奈川県相模原市南区若松６丁目１２番８号,2022-08-18,株式会社
株式会社Ｃｕｌｔｕｒｅ　Ｔｒａｄｉｎｇｓ,東京都港区浜松町２丁目２番１５号浜松町ダイヤビル２Ｆ,2022-08-18,株式会社
株式会社ＤＪＩＮ　Ｔｅｃｈ　Ｓｏｌｕｔｉｏｎｓ,愛知県名古屋市中区栄３丁目２－３名古屋日興證券ビル４階,2022-08-18,株式会社
株式会社Ｄｙｅｉｎｇ,福岡県福岡市早良区原４丁目２５番１９－２０１号,2022-08-18,株式会社
株式会社ＥＣＯＤＡ,愛知県名古屋市中区新栄２丁目１３番１９号,2022-08-18,株式会社
株式会社ＥＮＩＸＩＡＳ,富山県富山市上飯野３０番地１５,2022-08-18,株式会社
株式会社ＥＸ　ＹＯＵ,徳島県徳島市多家良町上宝８２番地７,2022-08-18,株式会社
株式会社ＦＪ,東京都世田谷区野毛２丁目２０番２３－３１２号,2022-08-18,株式会社
株式会社Ｆｉｓｔ,神奈川県横浜市港北区日吉６丁目８番６－１０２号,2022-08-18,株式会社
株式会社ＨＹＲ＆Ｋ,愛知県一宮市木曽川町里小牧字笹原９０番地１,2022-08-18,株式会社
株式会社ＩＫＩ,沖縄県沖縄市園田１丁目８－２６,2022-08-18,株式会社
株式会社ＩＮＣＯＰ,京都府京都市右京区花園土堂町７番地３０,2022-08-18,株式会社
株式会社ＫＥＮＮＩＮ,埼玉県さいたま市岩槻区大字笹久保新田７７０番地１,2022-08-18,株式会社
株式会社ＫＳＪカンパニー,神奈川県横浜市中区福富町東通３８番地２,2022-08-18,株式会社
株式会社ＫｏＫｏｒｏ,高知県土佐市新居１５１番地,2022-08-18,株式会社
株式会社Ｌ＆Ｈ．ｃｏ,東京都豊島区池袋４丁目３６番１７号ＡＳＳ第３ビル８階,2022-08-18,株式会社
株式会社ＬＩＤＡＳ,東京都杉並区高円寺南４丁目１８番３０号,2022-08-18,株式会社
株式会社ＬＩＶＥＲＴＡ,東京都杉並区西荻北２丁目１１－７浅野ビル,2022-08-18,株式会社
株式会社Ｌｉｂｒｅ,東京都新宿区舟町１３番地四谷アパートメントＥ０７,2022-08-18,株式会社
株式会社ＭＡＲ‐Ｚ,京都府京都市中京区西ノ京右馬寮町１１－３６,2022-08-18,株式会社
株式会社ＭＢＫ,宮崎県都城市今町８４９６番地１,2022-08-18,株式会社
株式会社ＭＲＭデザイン,埼玉県さいたま市南区大字太田窪２３８６番地５,2022-08-18,株式会社
株式会社ＮＩＣＯ,埼玉県越谷市神明町２丁目３９７番地３－２０５号,2022-08-18,株式会社
株式会社Ｎｅｘｔ　Ｃｌｉｅｎｔ,京都府京都市伏見区深草大亀谷大山町２１番地１,2022-08-18,株式会社
株式会社Ｏ２,神奈川県川崎市麻生区片平１丁目１８番２０－３号,2022-08-18,株式会社
株式会社ＯＫＡＭＵＲＡ,愛知県名古屋市天白区平針南１丁目１７０１番地,2022-08-18,株式会社
株式会社Ｏｆｆｉｃｅ　Ａ　Ｏｎｅ,千葉県山武市松尾町大堤１５６番地２,2022-08-18,株式会社
株式会社ＯｐｅｎＳｋｙ,福岡県久留米市上津町２１９２番地４２３,2022-08-18,株式会社
株式会社Ｐａｎｄａ　Ｋｉｄｓ,東京都墨田区押上１丁目１５番２号,2022-08-18,株式会社
株式会社Ｐｏｐｐｙ,徳島県徳島市国府町日開８７０番地１,2022-08-18,株式会社
株式会社Ｐｓｙｃｈｏｎｏｉｄ,京都府宇治市羽拍子町３６－２コロニアル宇治４０３,2022-08-18,株式会社
株式会社ＲＥ’ｃｒｅａｔｉｏｎ,神奈川県川崎市多摩区登戸１８４２番地Ｍ’ｓｃｏｒｅ１Ｆ,2022-08-18,株式会社
株式会社Ｒｕｎ　Ｂｌｕｅ,東京都板橋区本町２９番１０号板橋アルプスマンション１０４,2022-08-18,株式会社
株式会社ＳＨＥＲＹＬＬ,東京都墨田区江東橋１丁目７番１２－３０１号ＳＫＹＷＥＳＴ,2022-08-18,株式会社
株式会社ＳＫＫ,沖縄県沖縄市比屋根３丁目１１番２１－２０３号,2022-08-18,株式会社
株式会社ＳＴＡＲ　ｉｎｖｅｓｔｍｅｎｔ　ｈｏｌｄｉｎｇｓ,東京都品川区東五反田５丁目１７番１７号,2022-08-18,株式会社
株式会社ＳＵＮ,京都府京都市南区西九条院町１６番地アルスールイン京都１Ｆ,2022-08-18,株式会社
株式会社ＳＵＮＳＨＩＮＥ,東京都品川区八潮５丁目１２番６９－１４１１号,2022-08-18,株式会社
株式会社Ｓｅｎｓｅ,神奈川県横浜市中区桜木町１丁目１番７号ヒューリックみなとみらい１０階,2022-08-18,株式会社
株式会社Ｓｉｍｐｌｙ　Ｇｒｅｅｎ,神奈川県鎌倉市御成町十一丁目２番地ヤノヤビル２Ｆ,2022-08-18,株式会社
株式会社Ｓｗｉｎｇ‐ｂｙ．ＹＫ,東京都世田谷区松原３丁目４１番２０－５０４号,2022-08-18,株式会社
株式会社ＴＨＰ　ｗｏｒｋｓ,神奈川県横浜市港北区新横浜１丁目２番１号Ｂ１０３,2022-08-18,株式会社
株式会社ＴＲＯＮ,愛知県名古屋市西区名西２丁目３２－２３,2022-08-18,株式会社
株式会社ＴＲＹＪＡＰＡＮ,滋賀県東近江市大森町１３５２番地,2022-08-18,株式会社
株式会社ＴｉｍｅＭａｒｋｅｔ,徳島県徳島市北田宮３丁目７番３７－２４号,2022-08-18,株式会社
株式会社ＵＥＲＵ,埼玉県さいたま市大宮区大成町３丁目５４８番地２富士幸ビル１階,2022-08-18,株式会社
株式会社ＵＴＯＰＩＡ,東京都杉並区西荻北２丁目１１－７浅野ビル,2022-08-18,株式会社
株式会社ＷＴＲ,宮城県仙台市宮城野区二十人町３０８番地の６クレアホームズ榴ヶ岡公園テラス５０５,2022-08-18,株式会社
株式会社Ｗｉｓｔｅｒｉｏｕｓ,大阪府大阪市西区靱本町２丁目９番１号ライオンズマンション靱公園２０３,2022-08-18,株式会社
株式会社ａｎｄＣｏ,大阪府大阪市福島区鷺洲５丁目１２番１－９０１号,2022-08-18,株式会社
株式会社ｄＰ,群馬県邑楽郡邑楽町大字中野４９２３番地２,2022-08-18,株式会社
株式会社ｅｍｏｋｉｔａ,北海道札幌市北区新川二条１丁目２－４７－５０２,2022-08-18,株式会社
株式会社ｇａｒａｇｅ　Ａ．Ｃ．Ｅ,埼玉県草加市柿木町２０５番地８,2022-08-18,株式会社
株式会社ｍｉｋｉ,東京都渋谷区代々木１丁目４番３－１０３号レグノ・コラージュ,2022-08-18,株式会社
株式会社ｎｅｅｚ,千葉県千葉市中央区星久喜町６７１番地１４,2022-08-18,株式会社
株式会社ｎｉｎｅ‐ｔａｉｎ,埼玉県春日部市大枝８９番地武里第二団地３街区３２棟１０８号,2022-08-18,株式会社
株式会社ｐｅａｃｅ　ｏｆ　ｃａｋｅ,東京都江東区豊洲２丁目５番１－４０１２号,2022-08-18,株式会社
株式会社ｖｉｔａｍｉｎｅ,東京都八王子市子安町４丁目１番１１－１０１号,2022-08-18,株式会社
森下電気株式会社,鹿児島県奄美市名瀬大字名瀬勝１６８５番地,2022-08-18,株式会社
永通合同会社,埼玉県三郷市彦倉１丁目３１番地フルール三郷Ａ２,2022-08-18,合同会社
池田建設株式会社,福島県いわき市小名浜下神白字綱取１７５番地の１１,2022-08-18,株式会社
特定非営利活動法人きたのわ,北海道札幌市南区石山１０３８番地１０,2022-08-18,その他の設立登記法人
特定非営利活動法人こころ星,埼玉県東松山市山崎町１０番地６,2022-08-18,その他の設立登記法人
特定非営利活動法人ジョインアス,茨城県稲敷郡阿見町大字実穀１２６９番地２０,2022-08-18,その他の設立登記法人
特定非営利活動法人スポーツクラブ２１富士,兵庫県三田市ゆりのき台３丁目２５番地２１,2022-08-18,その他の設立登記法人
特定非営利活動法人光かがやく絵顔の種,香川県丸亀市飯野町東分１２８１番地１,2022-08-18,その他の設立登記法人
特定非営利活動法人寿都観光クラブ,北海道寿都郡寿都町字大磯町１２８番地６,2022-08-18,その他の設立登記法人
特定非営利活動法人Ｇｙｍｎｅｘ,北海道北広島市新富町西２丁目４番地１,2022-08-18,その他の設立登記法人
瓦斯奥山株式会社,千葉県市川市柏井町２丁目７６０番地１４,2022-08-18,株式会社
田中株式会社,東京都江東区亀戸７丁目４１番１１－４０２号,2022-08-18,株式会社
益高株式会社,大阪府大阪市天王寺区空清町４－１１杉野ビル本館１１０号室,2022-08-18,株式会社
相澤庭苑工房株式会社,東京都多摩市関戸５丁目３５番地の１,2022-08-18,株式会社
税理士法人日創パートナーズ,宮城県仙台市泉区泉中央３丁目１８番地の６ＤＯＭＵＳ赤坂１０１,2022-08-18,その他の設立登記法人
立波株式会社,東京都墨田区向島４丁目３番８号グレイス向島２０１Ｃ号室,2022-08-18,株式会社
良鑫合同会社,神奈川県川崎市川崎区南町１１－１－１０１サングリーン川崎,2022-08-18,合同会社
英合同会社,広島県福山市日吉台１丁目７番１５号,2022-08-18,合同会社
青藤合同会社,東京都板橋区赤塚４丁目３４－３,2022-08-18,合同会社
黎明株式会社,沖縄県那覇市字天久１１９６番地１２藤浦通関ビル３階Ｓｅａｓｉｄｅ　Ｏｆｆｉｃｅ３２０号室,2022-08-18,株式会社
ＡＢＬＡＺＥ合同会社,埼玉県蕨市南町２丁目１番３号（グレースランド・ワラビ１０２号室）,2022-08-18,合同会社
ＡＣＳホールディングス株式会社,東京都北区赤羽北３丁目２６番１－１６０６号,2022-08-18,株式会社
ＡＳＡＨＩ合同会社,大阪府大阪市西成区旭１丁目４－２０,2022-08-18,合同会社
Ａｆｔｅｒ　Ｈｏｕｒｓ　Ｃｒｅａｔｉｖｅ合同会社,東京都葛飾区西新小岩１丁目７番９－１２０１号,2022-08-18,合同会社
Ａｍａｚｉｎｇ合同会社,東京都江東区有明３丁目７－２６，有明フロンティアビルＢ棟，９階,2022-08-18,合同会社
Ａｔｈｅｎｅ　Ｊａｐａｎ　Ｅｍｐｌｏｙｅｅ　Ｓｅｒｖｉｃｅｓ株式会社,東京都港区虎ノ門２丁目１０番４号オークラプレステージタワー,2022-08-18,株式会社
ＢＡＵ合同会社,千葉県成田市本城３２番地１５５パークハイツ本城台Ａ棟１階１０２号室,2022-08-18,合同会社
ＢＳＢインターナショナル合同会社,愛知県名古屋市瑞穂区市丘町２丁目２３番地－２０５号,2022-08-18,合同会社
ＢＷＣ合同会社,埼玉県飯能市大字双柳８７番５６号,2022-08-18,合同会社
Ｂａｙａｎｉ合同会社,東京都台東区下谷２丁目１３－１０－２０２,2022-08-18,合同会社
ＤＭ株式会社,東京都渋谷区恵比寿西１丁目３３番６号ＪＰｎｏｉｅ恵比寿西１Ｆ,2022-08-18,株式会社
ＤＲＯＮＥ　ＶＩＳＡ株式会社,茨城県常総市水海道橋本町３６１０番地１６,2022-08-18,株式会社
ＤＴ合同会社,東京都江戸川区一之江３丁目１２番１２号,2022-08-18,合同会社
Ｅ‐ＴＨＲＥＥ株式会社,東京都港区西麻布３丁目１９番３号西麻布フラッツ２０１,2022-08-18,株式会社
ＦＯＸＲＯＳＥ‐ＴＲＡＤＩＮＧ合同会社,東京都中央区銀座１丁目１２番４号６Ｆ,2022-08-18,合同会社
ＦＲＥＥＡＳＥ合同会社,埼玉県さいたま市大宮区桜木町１丁目３７８,2022-08-18,合同会社
Ｆｏｕｒ　Ｓｅａｓｏｎｓ株式会社,東京都千代田区外神田６丁目１番５号岩上ビル４階,2022-08-18,株式会社
Ｇｏｌｄ　Ｋｎｉｇｈｔ合同会社,群馬県高崎市柴崎町１２８３番地４,2022-08-18,合同会社
ＨＭＭＫ合同会社,千葉県鴨川市横渚１３２番地１大悟ビル１Ｆ,2022-08-18,合同会社
Ｈｕｙｅｎ　Ｈｉｅｎ株式会社,千葉県鎌ケ谷市東道野辺６丁目３番２３号,2022-08-18,株式会社
ＪＮ一般社団法人,東京都港区六本木１丁目９番１０号アークヒルズ仙石山森タワー４０階,2022-08-18,その他の設立登記法人
ＫＢＩアセットコンサルティング株式会社,兵庫県神戸市須磨区離宮前町１丁目４番４号,2022-08-18,株式会社
Ｋｙｏ‐ｔｅａ株式会社,大阪府大阪市淀川区西中島３丁目１３－１４タカミビル４０５室,2022-08-18,株式会社
Ｌ．Ｆｏｒｗａｒｄ株式会社,東京都板橋区成増２丁目１９－２,2022-08-18,株式会社
ＬＵＣＫＬＡＮＤＩＮＧ株式会社,大阪府大阪市住吉区遠里小野３丁目３－２５ロイヤル遠里小野３０２号,2022-08-18,株式会社
ＭＩＮＡ合同会社,千葉県八千代市村上１８９１番地１４メゾン秀和１０２,2022-08-18,合同会社
ＮＡＴ合同会社,京都府京都市伏見区醍醐和泉町１２番地３,2022-08-18,合同会社
ＮＥＩＧＨＢＯＲ合同会社,富山県富山市下飯野１７１番地２,2022-08-18,合同会社
ＮＰＯ法人しゃべくりシネマ,東京都三鷹市新川１丁目１３番１１号,2022-08-18,その他の設立登記法人
Ｏ２コミュニケーションズ株式会社,千葉県千葉市中央区中央４丁目１０番８－８０５号,2022-08-18,株式会社
ＱｕａｎｇＨｏｏｆ　Ｍｏｂｉｌｅ株式会社,岡山県総社市上原７０番地ビレッジハウス４‐１０６,2022-08-18,株式会社
ＲＡＩ　ＧＲＯＵＰ合同会社,大阪府大阪市淀川区塚本５丁目７番３－２０３号,2022-08-18,合同会社
ＲＡＹ株式会社,京都府京都市伏見区深草下川原町５１番６号安田マンション２階２０１号室,2022-08-18,株式会社
Ｒｉｏグループ株式会社,埼玉県越谷市蒲生南町１９番７４号,2022-08-18,株式会社
ＳＨＥＮ　ＬＡＮＫＡ　ＩＮＴＥＲＮＡＴＩＯＮＡＬ合同会社,愛知県名古屋市北区上飯田北町４丁目７５番地の４上飯田第２団地２棟６０５号,2022-08-18,合同会社
ＳＨＵＮ＆ｓｏｎｓ合同会社,愛知県名古屋市瑞穂区神前町２丁目２４番地,2022-08-18,合同会社
ＳＫＹ‐ＡＵＴＯ　ＰＲＯ株式会社,愛知県常滑市苅屋字柳田１７番地の１,2022-08-18,株式会社
ＳＭＩＬＥＹＯＧＡ合同会社,埼玉県ふじみ野市上福岡３丁目１０番３号,2022-08-18,合同会社
ＳＲＺ　Ｊａｐａｎ合同会社,神奈川県横浜市西区戸部町７丁目２２０番地,2022-08-18,合同会社
ＳＴＡ株式会社,東京都北区志茂２丁目３２番１２－６０４号,2022-08-18,株式会社
Ｓｅｔｈ　Ｃｅｙｌｏｎ合同会社,千葉県八千代市米本１０９９番地１,2022-08-18,合同会社
ＳｋｉＬＬ　ｕｐ　Ｉｎｄｉａ．株式会社,愛知県名古屋市中区丸の内２丁目７番２４号ＫＳ名古屋ビル５０１号,2022-08-18,株式会社
ＴＡＫＡ建株式会社,愛知県名古屋市港区名港２丁目２番１８号,2022-08-18,株式会社
ＴＯＷＡオアシス株式会社,東京都中央区銀座１丁目１２番４号Ｎ＆Ｅ、ＢＬＤ．７階,2022-08-18,株式会社
ＵＲＵＵ不動産合同会社,福岡県糸島市潤３丁目２８番８号,2022-08-18,合同会社
ＹＨ興業株式会社,茨城県つくば市今鹿島６１４１番地,2022-08-18,株式会社
ＹＵＩ株式会社,神奈川県横浜市中区桜木町１丁目１０１番地１クロスゲート７階,2022-08-18,株式会社
ａｓｂ合同会社,東京都江東区亀戸７丁目６２番１６－８０３号,2022-08-18,合同会社
ｃｏ‐Ｌｉｎｋ合同会社,神奈川県横浜市緑区鴨居１丁目１６番２－１０１号,2022-08-18,合同会社
ｄｃｎ株式会社,福岡県福岡市城南区樋井川２丁目２番５号第一吉浦ビル６０３,2022-08-18,株式会社
ｆｉｔ　ｃｏｍｐａｎｙ株式会社,東京都渋谷区広尾５丁目４番１２号大成鋼機ビル４階,2022-08-18,株式会社
ｎａＬＩＮＫ株式会社,東京都江東区有明１丁目４番２０－２００５号,2022-08-18,株式会社
ｒｅｍｕｌａ合同会社,東京都渋谷区渋谷２丁目１９－１５宮益坂ビルディング６０９,2022-08-18,合同会社
ｔａｋｅｍｉ合同会社,埼玉県さいたま市浦和区大原１丁目８番２号,2022-08-18,合同会社
ｔｅｔｏｔｅ行政書士法人,宮城県仙台市青葉区花京院２丁目１－６１オークツリー仙台４０６号,2022-08-18,その他の設立登記法人
ｔｈｒｅｅ‐ｔｅｎ株式会社,東京都港区三田５丁目３番８－２０９号,2022-08-18,株式会社
さいたま義肢装具サービス株式会社,埼玉県さいたま市見沼区東大宮４丁目５９番地１１,2022-08-19,株式会社
ひまわり合同会社,富山県富山市五番町５番６号,2022-08-19,合同会社
みるきくかく合同会社,神奈川県横浜市磯子区森が丘２丁目３０番１９号,2022-08-19,合同会社
やまだ家株式会社,徳島県海部郡海陽町奥浦字一宇谷１番地２６,2022-08-19,株式会社
アクト株式会社,神奈川県横浜市中区初音町１丁目２－８－３０４,2022-08-19,株式会社
アーツ・アンド・クラフツ株式会社,東京都渋谷区神宮前６丁目３２－７近藤ビル１Ｂ,2022-08-19,株式会社
カザオト合同会社,愛知県名古屋市南区内田橋１丁目１１番５号メゾン恵１０１号,2022-08-19,合同会社
カワセミ香港株式会社,北海道札幌市北区北七条西２丁目６番地　３７山京ビル６１２号,2022-08-19,株式会社
カワル管理株式会社,大阪府藤井寺市春日丘１丁目８番１５号,2022-08-19,株式会社
カントリーコンサルティング合同会社,宮城県仙台市青葉区国分町１丁目４番９号,2022-08-19,合同会社
サーフサイド鴨川管理組合法人,千葉県鴨川市東町１１２０番地２,2022-08-19,その他の設立登記法人
シルバーバックス株式会社,神奈川県横浜市泉区岡津町２７９８番地２３,2022-08-19,株式会社
ジャンルレス合同会社,福岡県福岡市中央区平尾５丁目１９番４０－３号,2022-08-19,合同会社
ジョイ企画株式会社,静岡県浜松市浜北区中瀬７１３６番地の９６,2022-08-19,株式会社
スタートアップアドバイザリー株式会社,東京都千代田区神田猿楽町２丁目１番１６号シエルブルー猿楽町３階,2022-08-19,株式会社
セントラルコート武蔵小杉管理組合,神奈川県川崎市中原区市ノ坪３４－１,2022-08-19,その他
チームレスキュー合同会社,兵庫県三木市与呂木６８３番地の３７４,2022-08-19,合同会社
ティフラップ合同会社,千葉県船橋市習志野２丁目８番１７号,2022-08-19,合同会社
ニフジ株式会社,東京都世田谷区松原５丁目５番７号サンライズマンションⅡ１０５,2022-08-19,株式会社
ノルン株式会社,大阪府大阪市西淀川区柏里２丁目７番２６号ラ・ピース塚本３０５号室,2022-08-19,株式会社
ハウスサポート合同会社,埼玉県春日部市大枝８６番地１マルイビル１０３,2022-08-19,合同会社
ハチカラツクル株式会社,青森県八戸市新湊１丁目１２番１０号,2022-08-19,株式会社
パシフィックアパート合同会社,千葉県山武市森２７９番地１４９号,2022-08-19,合同会社
ビダテック株式会社,神奈川県横浜市鶴見区仲通３丁目７６番地３鶴見ＮＳビル５０１,2022-08-19,株式会社
フォトホリック株式会社,東京都港区台場１丁目５番７－４１０号,2022-08-19,株式会社
フューネラル・ネクスト株式会社,埼玉県川口市大字安行領根岸２１２番３号,2022-08-19,株式会社
ブラウンマネジメント株式会社,大阪府大阪市中央区今橋２丁目１番１４－１００６号,2022-08-19,株式会社
マウント・エベレスト・エクイプメンツ・ストー・プライベート・リミテッド,東京都八王子市台町４丁目３３－８月ビル２０８号室,2022-08-19,外国会社等
ヴィーヴォワークス株式会社,愛知県一宮市今伊勢町宮後字郷東４５番地８ベルトピア一宮Ⅲ４０２号,2022-08-19,株式会社
一般社団法人あっぷるぼういず,長野県北安曇郡松川村５６５１番地２１８,2022-08-19,その他の設立登記法人
一般社団法人くらしのサポート研究所,大阪府藤井寺市春日丘１丁目８番１５号,2022-08-19,その他の設立登記法人
一般社団法人ほぼ半分,東京都小金井市貫井南町１丁目７番２２－２０７号ネオハイツ武蔵小金井,2022-08-19,その他の設立登記法人
一般社団法人みらなび,福岡県福岡市博多区祗園町４番３号チサンマンション祇園３１４号,2022-08-19,その他の設立登記法人
一般社団法人アイオー精密ものづくり教育振興会,岩手県花巻市東十二丁目第１７地割１番地１,2022-08-19,その他の設立登記法人
一般社団法人オンラインビジネス促進機構,埼玉県さいたま市浦和区東仲町２１番１１号,2022-08-19,その他の設立登記法人
一般社団法人ガイア国際交流教育研究所,愛知県豊橋市小向町字下野１１番地,2022-08-19,その他の設立登記法人
一般社団法人サクラ,神奈川県横浜市西区北幸１丁目５番１０号ＪＰＲ横浜ビル地下１階,2022-08-19,その他の設立登記法人
一般社団法人フォーピース,東京都千代田区丸の内３丁目１番１号東京共同会計事務所内,2022-08-19,その他の設立登記法人
一般社団法人ラボアシスタンツ,福岡県福岡市西区横浜１丁目４７号Ａ－３号,2022-08-19,その他の設立登記法人
一般社団法人全日本こどもの歌教育協会,東京都目黒区原町２丁目９番６号,2022-08-19,その他の設立登記法人
一般社団法人喜びの種,兵庫県伊丹市中野北２丁目１番５号,2022-08-19,その他の設立登記法人
一般社団法人国際音楽文化協会,福岡県福岡市南区高宮３丁目１２番２５号,2022-08-19,その他の設立登記法人
一般社団法人地域医療・介護福祉研究会,東京都新宿区西新宿２丁目２－１京王プラザホテル南館２階,2022-08-19,その他の設立登記法人
一般社団法人地域活力促進事業,富山県富山市上冨居２丁目９番６７号,2022-08-19,その他の設立登記法人
一般社団法人地球環境整備機構,東京都千代田区永田町２丁目１７番３号,2022-08-19,その他の設立登記法人
一般社団法人大田区カヌー協会,東京都大田区大森東２丁目１３番７号,2022-08-19,その他の設立登記法人
一般社団法人日本ウェルリビング推進機構,東京都渋谷区千駄ヶ谷４丁目２３番５号ＪＰＲ千駄ヶ谷ビル,2022-08-19,その他の設立登記法人
一般社団法人日本シニアライフ相談協会,神奈川県川崎市中原区新丸子町９１５番地２０、６Ｆ,2022-08-19,その他の設立登記法人
一般社団法人日本特殊詐欺防犯機構,神奈川県横浜市中区山下町１９４外丸ビル３階,2022-08-19,その他の設立登記法人
一般社団法人明徳,沖縄県浦添市当山２丁目３２番５号２０１,2022-08-19,その他の設立登記法人
一般社団法人玄海インドインベストメント１,東京都港区虎ノ門５丁目１番４号,2022-08-19,その他の設立登記法人
一般社団法人福祉輸送生活支援協会,山口県岩国市車町３丁目９番２０号,2022-08-19,その他の設立登記法人
一般社団法人麻産業創造開発機構,三重県伊勢市神田久志本町１７０４番地,2022-08-19,その他の設立登記法人
一般社団法人Ｆｌｏｗ,和歌山県和歌山市井戸２７５番地１９,2022-08-19,その他の設立登記法人
一般社団法人ＪＡＧ協会,兵庫県神戸市中央区中町通３丁目１番１６号サンビル５０２,2022-08-19,その他の設立登記法人
一般社団法人ＮＥＸＴＥ福知山,京都府福知山市字長田１２８９番地の１,2022-08-19,その他の設立登記法人
一般財団法人プロフェクト大谷司法支援基金,京都府京都市下京区四条通烏丸西入函谷鉾町１０１番地,2022-08-19,その他の設立登記法人
一般財団法人福井耀育英財団,東京都渋谷区西原１丁目２１番３－４０５号,2022-08-19,その他の設立登記法人
三川国際株式会社,埼玉県川口市東領家２丁目３５－９－１０３,2022-08-19,株式会社
三焱合同会社,東京都文京区根津２丁目１０番９号,2022-08-19,合同会社
中田株式会社,大阪府大阪市東成区深江北３丁目４番２１号エクラ深江橋２１３Ａ,2022-08-19,株式会社
久二株式会社,大阪府大阪市阿倍野区西田辺町２丁目１０番３号,2022-08-19,株式会社
仁ベストカンパニー合同会社,大阪府吹田市日の出町９番３３号,2022-08-19,合同会社
代々木プロパティー特定目的会社,東京都千代田区丸の内１丁目１１番１号,2022-08-19,その他の設立登記法人
千頌科技株式会社,千葉県印旛郡酒々井町上岩橋１３０７番地１,2022-08-19,株式会社
協和合同会社,千葉県八千代市緑が丘２丁目２０番１２号ベルウッド弐番館３０１,2022-08-19,合同会社
合力株式会社,大阪府大阪市中央区松屋町９番２０号ローレルステート松屋町４０７Ａ,2022-08-19,株式会社
合同会社こはる,三重県多気郡明和町大字明星２５３９番地３１,2022-08-19,合同会社
合同会社こぶたん,京都府城陽市寺田林ノ口１１－３６５,2022-08-19,合同会社
合同会社さくら,佐賀県嬉野市嬉野町大字下宿丙２２４５番地２,2022-08-19,合同会社
合同会社ねこハウス,京都府京都市南区東九条西札辻町４５,2022-08-19,合同会社
合同会社びよんどわーくす北海道,北海道苫小牧市北栄町２丁目５番２５号サンハイツ１０１,2022-08-19,合同会社
合同会社よつば,東京都目黒区原町１丁目３番２３号メゾンフィールドＵ３０１,2022-08-19,合同会社
合同会社アグリ総合研究所,東京都中央区銀座１丁目２２番１１号銀座大竹ビジデンス２階,2022-08-19,合同会社
合同会社アソボーテ,沖縄県那覇市松尾２丁目８番１６号,2022-08-19,合同会社
合同会社アミコ・コンサルティング,神奈川県横浜市西区花咲町７丁目１５８番地３サンクタス横浜ｍｉｄ２０４号,2022-08-19,合同会社
合同会社ウズマキソフト,東京都江東区豊洲５丁目５番１号,2022-08-19,合同会社
合同会社エイトコーポレーション,神奈川県横浜市中区初音町３丁目４９番地１クリオ黄金町６０７号室,2022-08-19,合同会社
合同会社クラウトメ,神奈川県横浜市保土ケ谷区境木本町６２－６,2022-08-19,合同会社
合同会社クラウドジャパン,神奈川県川崎市中原区井田中ノ町６番３８－４３２号,2022-08-19,合同会社
合同会社クルシュコフ,東京都港区白金３丁目１２番８号シルフィード白金４０２,2022-08-19,合同会社
合同会社クロシェット,東京都武蔵村山市神明３丁目２１番地,2022-08-19,合同会社
合同会社グラスＳＨＯＰ２４,兵庫県神戸市長田区房王寺町６丁目１番２１号,2022-08-19,合同会社
合同会社グランツアンドオンリー,神奈川県横浜市青葉区あざみ野１丁目１７番地８０,2022-08-19,合同会社
合同会社ケアコミット縁,京都府京都市伏見区向島二ノ丸町６８－１８２,2022-08-19,合同会社
合同会社サンクス,兵庫県伊丹市平松１丁目４番２９号,2022-08-19,合同会社
合同会社シャリーブル,埼玉県さいたま市北区植竹町１丁目１４２番地１－Ｂ１０２,2022-08-19,合同会社
合同会社ニューレカ,東京都品川区大崎２丁目５番２５号,2022-08-19,合同会社
合同会社ネオクリエイト,奈良県桜井市朝倉台東２丁目５３８番地の１０,2022-08-19,合同会社
合同会社マイアミ,愛知県名古屋市中区錦３丁目１３番４号錦成ビル地下１階Ｂ１号室,2022-08-19,合同会社
合同会社マナビ,東京都中央区湊２丁目１５番１４号,2022-08-19,合同会社
合同会社ライフケア・アポロ,奈良県大和高田市東三倉堂町１０番２号－２０５,2022-08-19,合同会社
合同会社リッシュ,兵庫県尼崎市南武庫之荘３丁目２２番７号,2022-08-19,合同会社
合同会社建明,神奈川県横浜市旭区鶴ケ峰１丁目４４－２６,2022-08-19,合同会社
合同会社戸張組,埼玉県八潮市大字二丁目３６８－１－Ｅ,2022-08-19,合同会社
合同会社新民堂,大阪府大阪市淀川区西中島５丁目８番２９号チサンマンション第３新大阪６０６号室,2022-08-19,合同会社
合同会社木村企画,北海道江別市いずみ野１９番地の７,2022-08-19,合同会社
合同会社沖縄農福連携協議会,沖縄県国頭郡国頭村字宜名真２１９番地,2022-08-19,合同会社
合同会社玉浦ラボ,東京都大田区山王３丁目１７番７号,2022-08-19,合同会社
合同会社結,静岡県榛原郡川根本町徳山１２２２－１,2022-08-19,合同会社
合同会社鳥山会計,神奈川県横浜市保土ケ谷区月見台２３番２３号,2022-08-19,合同会社
合同会社ＡＬＥＲＯ６７,東京都千代田区神田錦町１丁目２１番１号,2022-08-19,合同会社
合同会社ＡＬＥＲＯ６８,東京都千代田区神田錦町１丁目２１番１号,2022-08-19,合同会社
合同会社ＡＬＥＲＯ６９,東京都千代田区神田錦町１丁目２１番１号,2022-08-19,合同会社
合同会社ＡＬＥＲＯ７０,東京都千代田区神田錦町１丁目２１番１号,2022-08-19,合同会社
合同会社ＡｋａｌａＴｏｐ,奈良県吉野郡下市町大字広橋４１９番地の１,2022-08-19,合同会社
合同会社Ｃｌｉｆｆ,沖縄県浦添市字沢岻５６番地２,2022-08-19,合同会社
合同会社Ｃｏｌｏｒ’ｓ,北海道旭川市東七条２丁目１番７－５０３号アーバンライフ東７条５０３,2022-08-19,合同会社
合同会社Ｇ　ｕｐ,奈良県奈良市六条西３丁目２２番１５－Ｂ１０２号,2022-08-19,合同会社
合同会社ＨＡＫＯ‐ＴＥＣＨ,東京都江東区東雲１丁目１０－１４,2022-08-19,合同会社
合同会社ＨＭ　Ｈｏｌｄｉｎｇｓ,福岡県福岡市南区清水３丁目１１番２０号,2022-08-19,合同会社
合同会社ＨＮＯ,東京都千代田区丸の内３丁目１番１号東京共同会計事務所内,2022-08-19,合同会社
合同会社Ｉｎｃｅｐｔｉｏｎ,東京都中央区入船１丁目１番２６号永井ビル６階７０２,2022-08-19,合同会社
合同会社ＫＡＮＯＡ,北海道札幌市清田区北野六条１丁目１６番８号,2022-08-19,合同会社
合同会社ＫＲＦ１０１,東京都千代田区内幸町２丁目１番６号,2022-08-19,合同会社
合同会社ＫＲＦ１０２,東京都千代田区内幸町２丁目１番６号,2022-08-19,合同会社
合同会社ＫＲＦ１０３,東京都千代田区内幸町２丁目１番６号,2022-08-19,合同会社
合同会社ＫＵＲＳ　ＤＥＳＩＧＮ,千葉県松戸市本町１７番地１１芹澤ビル６Ｆ,2022-08-19,合同会社
合同会社ＬｔＧキャピタルパートナーズ,静岡県三島市大社町１８番５２号,2022-08-19,合同会社
合同会社Ｍ’ｓ　ｃｏｍｐａｎｙ,千葉県柏市名戸ケ谷１丁目１番１５号,2022-08-19,合同会社
合同会社ＭＩＴＵＷＡＹＡ,大阪府大阪市中央区瓦屋町３丁目８番８号,2022-08-19,合同会社
合同会社ＭＹＦＧ,東京都杉並区浜田山４丁目１６番４－３３１号ライオンズ浜田山セントマークス,2022-08-19,合同会社
合同会社ＮＥＷ県産品,沖縄県那覇市牧志３丁目５番１９号,2022-08-19,合同会社
合同会社ＰＩＹＯＫＯ,富山県高岡市野村１５３３番地１０,2022-08-19,合同会社
合同会社ＲＡＮＧＥ,大阪府大阪市淀川区十三本町２丁目９番３―７０３号,2022-08-19,合同会社
合同会社ＲＩＺＥ,大阪府大阪市西成区松３丁目１番１９号,2022-08-19,合同会社
合同会社Ｔ・Ｒ商事,埼玉県幸手市大字惣新田７１１番地,2022-08-19,合同会社
合同会社ＴＫＳ,北海道札幌市手稲区曙三条２丁目９番２４号,2022-08-19,合同会社
合同会社ＴＯＰ　ＳＰＡＲＫ,東京都中央区銀座１丁目２２番１１号銀座大竹ビジデンス２階,2022-08-19,合同会社
合同会社ＵＳＨＩＤＡ,東京都荒川区西日暮里６丁目１０番１４号プエルト西日暮里１０２,2022-08-19,合同会社
合同会社ＹＡ,北海道札幌市北区屯田七条１１丁目１２番１７号,2022-08-19,合同会社
合同会社ＹＳＣ２０２２,東京都千代田区麹町１丁目６番地９,2022-08-19,合同会社
合同会社ＺＥＲＯ,大阪府大阪市東成区東中本２丁目１－２１ナカムラビル１Ｆ,2022-08-19,合同会社
合同会社ｃｏｃｏｎ,長野県北佐久郡軽井沢町大字長倉２８４９－１３,2022-08-19,合同会社
合同会社ｉＲｅｇｏ,東京都杉並区荻窪５丁目２９番３号初鹿野ビル２階,2022-08-19,合同会社
合同会社ｒｉｓｅ　ｃｏｍｐａｎｙ,大阪府大阪市浪速区難波中２丁目５番１５－５０２号,2022-08-19,合同会社
合同会社ｒｏｖａｌｅｕｒ,東京都渋谷区東２丁目２７番２－２０４号,2022-08-19,合同会社
合同会社ｓｍａｇａｉ,広島県尾道市長江１丁目２８番２４号,2022-08-19,合同会社
合同会社ｔａｋｅ　Ｒｏｏｔ,三重県伊賀市市部１５１２番地,2022-08-19,合同会社
向陽株式会社,大阪府大阪市阿倍野区昭和町２丁目１０番６号ＥＳＴ－１・４０２号室,2022-08-19,株式会社
喜刷刷合同会社,埼玉県川口市西川口１丁目３０番２０号４Ｆ,2022-08-19,合同会社
堂島コネクト・リーガルサービス合同会社,大阪府大阪市北区西天満２丁目６番８号,2022-08-19,合同会社
境古河特定目的会社,東京都千代田区飯田橋４丁目７番１号結和税理士法人内,2022-08-19,その他の設立登記法人
大喜屋株式会社,千葉県八千代市高津東４丁目１４番地１３,2022-08-19,株式会社
大江商事株式会社,千葉県千葉市緑区高田町１６５８番地２,2022-08-19,株式会社
安信株式会社,東京都中野区鷺宮３丁目１５－１２,2022-08-19,株式会社
常滑市地域公共交通協議会,愛知県常滑市飛香台３丁目３番地の５常滑市役所企画課内,2022-08-19,その他
弁護士法人中山法律事務所,長野県長野市長門町１０９６番地,2022-08-19,その他の設立登記法人
日本バングラ株式会社,東京都新宿区百人町２丁目１０－９新大久保イニシャルハウス５０２,2022-08-19,株式会社
日本再生開発合同会社,埼玉県八潮市大字南川崎１５４１番地１,2022-08-19,合同会社
晶瑞立新株式会社,埼玉県本庄市寿３丁目２－１,2022-08-19,株式会社
本庄一元胡瓜部会選果機利用組合,埼玉県本庄市６２８－１,2022-08-19,その他
東和ビルテック株式会社,東京都足立区辰沼２丁目２番１号,2022-08-19,株式会社
東急ドエルアルス宮町１丁目管理組合,宮城県仙台市青葉区宮町１丁目５－２,2022-08-19,その他
株式会社あすのファーム,三重県津市半田１１１３番地２,2022-08-19,株式会社
株式会社いろは,神奈川県川崎市高津区溝口２丁目４番３号,2022-08-19,株式会社
株式会社ぐーてらすコミュニケーション,大分県大分市大字国分７０９番地の１,2022-08-19,株式会社
株式会社さいだ,石川県七尾市藤橋町未部４２番地２,2022-08-19,株式会社
株式会社てもみー,北海道北見市東相内町２３番地３,2022-08-19,株式会社
株式会社アイテクノス,山口県周南市千代田町９番６号,2022-08-19,株式会社
株式会社アカウンティングパートナーズ,大阪府松原市三宅中６丁目９番２２号,2022-08-19,株式会社
株式会社アクセスネクスト,神奈川県相模原市緑区東橋本２丁目９番１５号,2022-08-19,株式会社
株式会社アトリエＭａｙ　Ｉ,大阪府枚方市津田山手１丁目１３番３号,2022-08-19,株式会社
株式会社アドバンス,岡山県岡山市南区内尾３６９番地２５,2022-08-19,株式会社
株式会社アベグローバルジャパン,東京都港区白金３丁目１番７号Ｋ＆Ｇ５１０ハウス５０２,2022-08-19,株式会社
株式会社アミザ,東京都千代田区三番町１番地１３,2022-08-19,株式会社
株式会社アルバ,埼玉県深谷市西大沼３７３番地６,2022-08-19,株式会社
株式会社アレキ,岡山県岡山市北区柳町２丁目４番２３号６Ｆ東１,2022-08-19,株式会社
株式会社アンドーＰＭ,東京都足立区西新井１丁目３４番１５号,2022-08-19,株式会社
株式会社イシケン,福岡県福岡市早良区早良６丁目１２番１０号,2022-08-19,株式会社
株式会社イノベイトファーマ,北海道札幌市清田区平岡一条４丁目２番８－１号,2022-08-19,株式会社
株式会社インフォノーツ,神奈川県横浜市神奈川区片倉１丁目１７番３５－２０３号,2022-08-19,株式会社
株式会社ウェルスタート,北海道札幌市中央区北四条西１７丁目１番地ＶＥＲＩＴＡＳ美術館通１０６号,2022-08-19,株式会社
株式会社ウォームスト,宮城県仙台市泉区松陵４丁目３６番地の１０,2022-08-19,株式会社
株式会社ウニック,石川県白山市福留町４１３番地１,2022-08-19,株式会社
株式会社エコテクワークス,大阪府高槻市寿町１丁目６番１８号,2022-08-19,株式会社
株式会社エテルノリンク,埼玉県さいたま市西区西大宮４丁目１９番地１８,2022-08-19,株式会社
株式会社エパタ,東京都足立区千住寿町３２番地９,2022-08-19,株式会社
株式会社エントラーダ,神奈川県横浜市神奈川区羽沢町１７６５番地２－４０４,2022-08-19,株式会社
株式会社エンピ,埼玉県戸田市大字新曽２２２０番地の１（北戸田ファーストゲートタワー３０１号室）,2022-08-19,株式会社
株式会社エースクライム,東京都新宿区高田馬場３丁目１番５号サンパティオ高田馬場３０９号室,2022-08-19,株式会社
株式会社オバマオーバーシーズ,東京都港区白金３丁目１番７号Ｋ＆Ｇ５１０ハウス５０２,2022-08-19,株式会社
株式会社オフィスポラリス,東京都千代田区二番町９番３号,2022-08-19,株式会社
株式会社ギークニア,東京都豊島区南池袋１丁目１６－２０ぬかりやビル６階,2022-08-19,株式会社
株式会社クロス,東京都渋谷区恵比寿２丁目２５番１９号ザ・サンメゾン広尾エルド４０４,2022-08-19,株式会社
株式会社クロスイート,愛知県名古屋市中区錦３丁目１１番１６号,2022-08-19,株式会社
株式会社コンスタンス,東京都板橋区板橋２丁目６３番９－８０５号,2022-08-19,株式会社
株式会社サンライズ,東京都豊島区千早４丁目４５－７プラトウ武蔵野１０１,2022-08-19,株式会社
株式会社シャープナイン,東京都三鷹市牟礼４丁目３番３８－２０１号ランサＣ号棟,2022-08-19,株式会社
株式会社シージェイ,神奈川県川崎市幸区古市場１丁目４３番地,2022-08-19,株式会社
株式会社ジャパンテクニカ,東京都台東区浅草橋５丁目８番１１号大富ビル２階,2022-08-19,株式会社
株式会社ジャリールヘルスケア,和歌山県和歌山市新在家４７番地２０,2022-08-19,株式会社
株式会社スクールソング,東京都新宿区西新宿３丁目２０番２号東京オペラシティタワー３９階,2022-08-19,株式会社
株式会社スマトク不動産,東京都中央区銀座１丁目１３番８号ハビウル銀座９Ｆ,2022-08-19,株式会社
株式会社スリーナイン,大阪府大阪市中央区島之内２丁目１７番２５－４０１号,2022-08-19,株式会社
株式会社ゼロワンイノベーション,兵庫県神戸市中央区雲井通３丁目７番３号,2022-08-19,株式会社
株式会社ティージー・オフィス,京都府綾部市西町１丁目５３番地,2022-08-19,株式会社
株式会社テンフィールド,和歌山県和歌山市砂山南４丁目２番１７号,2022-08-19,株式会社
株式会社ドクターマッチング,東京都港区南青山４丁目１３番１号プレジデント南青山１０２,2022-08-19,株式会社
株式会社ノルダ,北海道札幌市中央区北四条西１７丁目１番地ＶＥＲＩＴＡＳ美術館通１０６号,2022-08-19,株式会社
株式会社ファニーワークス,神奈川県横浜市鶴見区市場上町７番４４号,2022-08-19,株式会社
株式会社フィールズ,神奈川県横浜市南区新川町１丁目１番２号－１００１,2022-08-19,株式会社
株式会社フェイス,東京都渋谷区道玄坂１丁目１７－９ヴェラハイツ道玄坂６０１,2022-08-19,株式会社
株式会社フォーフラッグス,神奈川県川崎市高津区下作延４丁目１８番９－４０２号,2022-08-19,株式会社
株式会社プリンセチア,静岡県沼津市泉町１６番２６号サンセゾン泉１０１,2022-08-19,株式会社
株式会社ペレラエクスプレス,栃木県下都賀郡壬生町大字助谷１１５番地,2022-08-19,株式会社
株式会社ホテルロッテ日本支店,東京都千代田区神田東松下町１８番地高正ビル　３階,2022-08-19,外国会社等
株式会社ミスター,大阪府藤井寺市川北１丁目３６－１,2022-08-19,株式会社
株式会社ムサシ工業,埼玉県さいたま市緑区大字間宮９７３番地１,2022-08-19,株式会社
株式会社ヤマフマリーナ唐津,佐賀県唐津市海岸通７１８２番地１６２,2022-08-19,株式会社
株式会社ユニバーサルワークス,大阪府大阪市西淀川区歌島２丁目９番２９号,2022-08-19,株式会社
株式会社ランニング,大阪府大阪市東成区深江北３丁目４番２１号エクラ深江橋７０６Ｂ,2022-08-19,株式会社
株式会社リボーン,大阪府大阪市大正区南恩加島３丁目２番２号,2022-08-19,株式会社
株式会社リンクス,東京都葛飾区堀切６丁目２８番９号,2022-08-19,株式会社
株式会社リーセント,東京都千代田区神田神保町１丁目６２番２リブクオーレ神保町１３０６号,2022-08-19,株式会社
株式会社リーフ,千葉県八街市富山１３１４番地３３５２,2022-08-19,株式会社
株式会社ルプレ,広島県広島市東区牛田本町２丁目１０番１６－２０５号,2022-08-19,株式会社
株式会社ワイズエアサービス,青森県八戸市大字妙字花生８－８９,2022-08-19,株式会社
株式会社ワットシー,福岡県福岡市博多区博多駅前３丁目７番３５号,2022-08-19,株式会社
株式会社㐂三郎,大阪府豊能郡能勢町野間西山１２９番地,2022-08-19,株式会社
株式会社上村工務店,広島県三次市畠敷町１６１６番地７,2022-08-19,株式会社
株式会社丸和,大阪府大阪市西成区梅南２丁目２－２６―２０４号,2022-08-19,株式会社
株式会社八起,東京都千代田区神田北乗物町２番地和田ビル２Ｆ,2022-08-19,株式会社
株式会社北川建築板金所,京都府京都市右京区太秦多藪町１４番地７２,2022-08-19,株式会社
株式会社城元工務店,大阪府大東市大字龍間１３１７番地１,2022-08-19,株式会社
株式会社大電,大分県大分市大字中戸次５１９１番地の５,2022-08-19,株式会社
株式会社太陽開発,沖縄県豊見城市字豊見城３４番地,2022-08-19,株式会社
株式会社岩崎教育サービス,神奈川県横浜市神奈川区鶴屋町２丁目１７番地,2022-08-19,株式会社
株式会社建美,愛媛県八幡浜市保内町川之石１番耕地２３７番地１３７,2022-08-19,株式会社
株式会社明日香ハウジング,東京都大田区下丸子２丁目１３番５－８０５号,2022-08-19,株式会社
株式会社時任電機,宮崎県小林市細野１４８０番地４,2022-08-19,株式会社
株式会社晋,東京都豊島区巣鴨４丁目３５－５池田ビル１０１号室,2022-08-19,株式会社
株式会社有馬ロイヤル,兵庫県神戸市北区有馬町９８７番地,2022-08-19,株式会社
株式会社服部,宮崎県児湯郡高鍋町大字持田６２４９番地１,2022-08-19,株式会社
株式会社本丸ビル,愛知県名古屋市中区三の丸１丁目１４番７号,2022-08-19,株式会社
株式会社東欧インターナショナル大阪,大阪府大阪市中央区北久宝寺町３丁目６番１号,2022-08-19,株式会社
株式会社松下硝子,愛知県豊川市東曙町５４番地,2022-08-19,株式会社
株式会社津村組,大阪府大阪市旭区清水４丁目１１番１０号,2022-08-19,株式会社
株式会社石狩産業,北海道札幌市東区北十九条東５丁目２番２号,2022-08-19,株式会社
株式会社福島郡山ＬＬタウン,福島県郡山市大槻町字中ノ平９１番地の１,2022-08-19,株式会社
株式会社補聴器専門館,広島県福山市御幸町上岩成５０４番地１,2022-08-19,株式会社
株式会社西舟,兵庫県尼崎市東難波町５丁目１５－２７－１０４,2022-08-19,株式会社
株式会社豆心フーズ,埼玉県越谷市大字船渡８１番地１,2022-08-19,株式会社
株式会社酔巧舎,神奈川県横浜市泉区上飯田町４９９番地１,2022-08-19,株式会社
株式会社鈴木事務所,東京都渋谷区恵比寿１丁目８番６号共同ビル７階,2022-08-19,株式会社
株式会社関西不動産,大阪府大阪市淀川区十三東３丁目２５番２－３０３号,2022-08-19,株式会社
株式会社陽葵サービス,東京都新宿区下落合１丁目１番１－４１４号,2022-08-19,株式会社
株式会社黒澤農産,宮城県栗原市一迫柳目字竹の内６３番地１,2022-08-19,株式会社
株式会社龍前商事,東京都文京区千駄木３丁目２２番１号,2022-08-19,株式会社
株式会社３１５０,東京都千代田区神田紺屋町３７番地６,2022-08-19,株式会社
株式会社７ＤＡＹＳ,愛知県名古屋市中区栄２丁目２－１広小路伏見中駒ビル２Ｆワンストップビジネスセンター名古屋栄店,2022-08-19,株式会社
株式会社８１１,東京都文京区本郷３丁目２５番１号山崎ビル２階,2022-08-19,株式会社
株式会社ＡＦｉＤ,宮城県塩竈市赤坂１２－３,2022-08-19,株式会社
株式会社ＡＳＥＮＥＳ,東京都渋谷区恵比寿２丁目１３番１２－７０１号,2022-08-19,株式会社
株式会社ＡＳＴＥＰ,埼玉県さいたま市中央区上落合９丁目８番８号,2022-08-19,株式会社
株式会社ＡＳＸＥＥＤ,東京都葛飾区堀切５丁目４番３－２０１号,2022-08-19,株式会社
株式会社ＢＩＧ　ＳＵＮ　ＰＬＡＮＮＩＮＧ,宮城県仙台市宮城野区田子２丁目３３番１７－３０７号,2022-08-19,株式会社
株式会社ＢＯＵｃｏｌｌｅｃｔｉｏｎ,富山県富山市呉羽町６２８２番地２５,2022-08-19,株式会社
株式会社ＢｌａｃｋｉｓｈＧｅａｒ,埼玉県川越市大字天沼新田２２１－１０プランドールＢ１０５,2022-08-19,株式会社
株式会社Ｂｌｕｅ　Ｇｅｎｅ,東京都渋谷区千駄ヶ谷３丁目２６番８号,2022-08-19,株式会社
株式会社Ｂｕｄｄｓ　Ｃｏｍｐａｎｙ,東京都中央区銀座１丁目２２番１１号銀座大竹ビジデンス２階,2022-08-19,株式会社
株式会社ＣＩＴＹ　ＳＯＵＴＨ,大阪府大阪市住吉区千躰２丁目４番３３号１階,2022-08-19,株式会社
株式会社ＣｏｄｅＦｏｘ,広島県広島市中区東千田町１丁目１番６６号ｈｉｔｏｔｏ広島ナレッジスクエア１Ｆ,2022-08-19,株式会社
株式会社Ｄ＆Ｙ　ＩＮＴＥＲＮＡＴＩＯＮＡＬ　ＴＲＡＤＥ,大阪府大阪市中央区島町２丁目２番３－４０３号,2022-08-19,株式会社
株式会社ＤＡＩＴＯコンサル,埼玉県入間市宮寺２８０８番地１ベルハイム２０１,2022-08-19,株式会社
株式会社ＤＥＳ,東京都渋谷区神宮前６丁目２３番４号桑野ビル２階,2022-08-19,株式会社
株式会社Ｄｅｎｉｓ　ｔｅｃｈ,東京都中央区銀座１丁目２２－１１銀座大竹ビジデンス２階,2022-08-19,株式会社
株式会社ＥＦＬａｂｏ,大阪府門真市大橋町２８番１５－１０９号,2022-08-19,株式会社
株式会社ＦＡＹＮＴＥＣＫ,茨城県笠間市安居２８９１番地１,2022-08-19,株式会社
株式会社Ｇ４Ｍ３ＲＺ,東京都渋谷区道玄坂１丁目１０番８号渋谷道玄坂東急ビル２Ｆ－Ｃ,2022-08-19,株式会社
株式会社ＧＡＬＥＮＤ,福岡県福岡市博多区冷泉町１０－２４博多冷泉町ビル２階,2022-08-19,株式会社
株式会社ＧＲ８,岐阜県可児市中恵土２３６０番地７ヨシキビル１階,2022-08-19,株式会社
株式会社Ｇｒａｎ　ｃｉｅｌｏ,埼玉県さいたま市浦和区北浦和４丁目１番８号Ｔビル３階,2022-08-19,株式会社
株式会社ＨＡＮＡＴＡＳ,徳島県徳島市川内町平石若松１００番地の６,2022-08-19,株式会社
株式会社ＨＥＡＶＥＮＧＲＡＳＳ,沖縄県沖縄市照屋３丁目１６番１７号,2022-08-19,株式会社
株式会社ＨｅａｖｅｎＤｈｏｍｅ,大阪府大阪市阿倍野区阿倍野筋５丁目９－２１－３Ｆ,2022-08-19,株式会社
株式会社ＩアンドＣ,兵庫県姫路市広畑区蒲田４丁目１２６５番地,2022-08-19,株式会社
株式会社ＩＮＮＯＶＡＴＩＯＮ,神奈川県横浜市旭区本宿町４４番地１テラモーネ二俣川２０７,2022-08-19,株式会社
株式会社Ｊスタイル,神奈川県横浜市磯子区磯子６丁目１０番１９号,2022-08-19,株式会社
株式会社ＪＴＷ,神奈川県横浜市磯子区杉田６丁目２番３－５０６号,2022-08-19,株式会社
株式会社ＫＣＫ　Ｂｕｓｉｎｅｓｓ　Ｓｕｐｐｏｒｔ,東京都台東区上野６丁目１番６号御徒町グリーンハイツ１００５号,2022-08-19,株式会社
株式会社ＫＭＳＰ,東京都港区西麻布３丁目１７番１４号,2022-08-19,株式会社
株式会社ＫＮＣ　Ｐｌａｎｎｉｎｇ,東京都港区芝５丁目２６番２４号田町スクエア２Ｆ,2022-08-19,株式会社
株式会社ＫｏｒｅＣｏｌｏｒエージェント,埼玉県八潮市中央１丁目３番地１３（１階）,2022-08-19,株式会社
株式会社Ｌｉｂｅｒｔａ,鹿児島県西之表市国上１７４－３,2022-08-19,株式会社
株式会社Ｌｉｎｋ　Ｓｅａ,長崎県長崎市古川町５－２１,2022-08-19,株式会社
株式会社Ｌｉｖｉａ　ＨｏｍｅＡｓｓｉｓｔ,兵庫県神戸市兵庫区下沢通１丁目１番１７号朝日プラザ湊川２０３,2022-08-19,株式会社
株式会社ＭＩＫＩＨＯＭＥ,広島県東広島市西条朝日町５番１号,2022-08-19,株式会社
株式会社ＭＫ,神奈川県横浜市神奈川区羽沢町９２６－１６５,2022-08-19,株式会社
株式会社ＭＯＶＥＤ,東京都港区北青山２丁目１２番３５号タートルストーン青山ビル２Ｆ,2022-08-19,株式会社
株式会社ＭＲ,千葉県成田市山之作２７７番地１,2022-08-19,株式会社
株式会社ＭＴベンチャーズ,東京都千代田区大手町１丁目４番２号,2022-08-19,株式会社
株式会社Ｍａｉｓｏｎ　Ｌｉａｒａ,愛知県西尾市城崎町３丁目１５番地１,2022-08-19,株式会社
株式会社Ｎ２Ｏ,大阪府寝屋川市大利町２１番２号,2022-08-19,株式会社
株式会社ＮＩＮＥ　ＲＥＸＸ,神奈川県横浜市鶴見区東寺尾北台１番１５－７０４号,2022-08-19,株式会社
株式会社Ｎｏｏｐｙ,東京都杉並区阿佐谷北４丁目７番１０号,2022-08-19,株式会社
株式会社ＯＮＥ,大阪府大阪市旭区生江３丁目９番１６号シャーメゾン城北２０１,2022-08-19,株式会社
株式会社Ｏｎｅ‐ｓｔｅｐ,長崎県大村市植松３丁目８５６番地５,2022-08-19,株式会社
株式会社Ｐｅａｃｅｎｕｔｓ,東京都渋谷区道玄坂１丁目１０番８号渋谷道玄坂東急ビル２Ｆ－Ｃ,2022-08-19,株式会社
株式会社Ｐｕｒｉｆｙ,沖縄県国頭郡恩納村字名嘉真２２８８番地２９１,2022-08-19,株式会社
株式会社ＲＯＵＧＨ,大阪府茨木市春日１丁目８番２号２階,2022-08-19,株式会社
株式会社ＳＦＢＣ,大阪府大阪市浪速区難波中１丁目１３番５号,2022-08-19,株式会社
株式会社ＳＨＩＮ総合美装,兵庫県神戸市中央区相生町４丁目６番１３号幸福ビル６０１号,2022-08-19,株式会社
株式会社ＳＭ,大阪府大阪市中央区島之内２丁目１１番１９－７０５号,2022-08-19,株式会社
株式会社ＳＮＳブランディング研究所,愛知県名古屋市中区大須４丁目２番２１号グリーンハイツ南久屋１１０１号室,2022-08-19,株式会社
株式会社ＳＴＵＤＩＯ　ＧＲＡＮＤＥ,青森県青森市佃２丁目３－７グランデ佃Ａ,2022-08-19,株式会社
株式会社Ｓｍａｒｔ　Ｉｎｖｅｓｔｏｒ,佐賀県多久市東多久町大字納所６４１８番地１ノースコートＢ－１,2022-08-19,株式会社
株式会社ＳｏＬ‐ＣｏＲＥ,東京都目黒区中目黒４丁目８－２５プライムメゾン中目黒２０６号,2022-08-19,株式会社
株式会社Ｓｔｒａｗ　Ｈａｔ,北海道札幌市中央区南六条西７丁目５番２号第８２松井ビル１階,2022-08-19,株式会社
株式会社ＴＣ,宮城県黒川郡大和町鶴巣大平字谷津沢一３４番地の１,2022-08-19,株式会社
株式会社ＴＨＥ４３,兵庫県宝塚市山手台西４丁目２７番１号,2022-08-19,株式会社
株式会社ＴＲＧ,兵庫県尼崎市常光寺１丁目２６番２６－４０３号,2022-08-19,株式会社
株式会社Ｔｈｉｎｋ　Ｏｋｉｎａｗａ,沖縄県南城市知念字具志堅３６番地,2022-08-19,株式会社
株式会社ＴｒｙＦｏｒｃｅ,北海道札幌市中央区南一条西１０丁目４番地１６３スペチアーレプリーモ１１０２号,2022-08-19,株式会社
株式会社Ｕｓｅａ,埼玉県新座市畑中２丁目１６番６７号,2022-08-19,株式会社
株式会社ＶＯＬＭＥＮＴ,東京都練馬区南大泉５丁目２番１０号大泉クラフトハウス２０２,2022-08-19,株式会社
株式会社ＷＡ‐ＢＵＮ,東京都港区南青山２丁目２番１５号,2022-08-19,株式会社
株式会社ＷＩＮＳＯＭＥ,岡山県岡山市北区大和町１丁目５番５号ネクステージヤマト３００,2022-08-19,株式会社
株式会社Ｗａｌｄ,東京都新宿区北新宿３丁目３５番１０号,2022-08-19,株式会社
株式会社ＷｅｌｌｅＷ,神奈川県川崎市多摩区三田１丁目２６番地１２アルシオン生田サンクロールヒルズ５０９,2022-08-19,株式会社
株式会社Ｘ‐Ａ,東京都渋谷区神宮前５丁目２１－４玉沢ハウスＡ,2022-08-19,株式会社
株式会社ＹＭＳ,兵庫県西宮市上ケ原九番町２番５１－３号,2022-08-19,株式会社
株式会社Ｙｓｔｅｅｌ,神奈川県横浜市保土ケ谷区今井町５０９番地エミネンス二俣川２－４０２号,2022-08-19,株式会社
株式会社ＺＥＮ,兵庫県神戸市北区東有野台１丁目６番地の７,2022-08-19,株式会社
株式会社ａｎｄＭａｍａ,山形県山形市成沢西４丁目８番５５号,2022-08-19,株式会社
株式会社ｂｒｉｌｌｉａｎｔ,東京都新宿区北新宿１丁目７番２１－６０５号,2022-08-19,株式会社
株式会社ｋｅｙｄｅｘ,岐阜県岐阜市高森町４丁目２番地１（Ｄ－ｒｏｏｍサシエ３０２号室）,2022-08-19,株式会社
株式会社ｔｏｃｒｅ,東京都港区南青山２丁目２番１５号,2022-08-19,株式会社
氷季合同会社,東京都文京区水道２丁目９番８号,2022-08-19,合同会社
永井サービス商会株式会社,京都府京都市山科区東野北井ノ上町１－７大翔第一ビル８０１号,2022-08-19,株式会社
永目合同会社,東京都中央区銀座４丁目１３番８号岩藤ビル５階,2022-08-19,合同会社
特定目的会社ミッドキャッスルホールディングス,東京都港区六本木６丁目１０番１号六本木ヒルズ森タワー,2022-08-19,その他の設立登記法人
特定非営利活動法人オリンポカーサ,島根県浜田市日脚町１８５番地１２（３）,2022-08-19,その他の設立登記法人
特定非営利活動法人フードバンクしまねあったか元気便,島根県松江市西津田３丁目５－１６ＪＡしまね津田支店２Ｆ地域つながりセンター内,2022-08-19,その他の設立登記法人
特定非営利活動法人ラストスタンド,北海道札幌市豊平区西岡五条１５丁目５－２３,2022-08-19,その他の設立登記法人
特定非営利活動法人子ども未来連合会,岡山県岡山市北区富田町１丁目５番１２号２０１号,2022-08-19,その他の設立登記法人
特定非営利活動法人Ｇｒｅｅｎ　Ｅｌｅｐｈａｎｔ,東京都あきる野市五日市２２３－２,2022-08-19,その他の設立登記法人
生涯活躍のまち静岡推進協議会,静岡県静岡市葵区追手町５番１号,2022-08-19,その他
社会保険労務士法人めいほく,愛知県清須市西枇杷島町古城１丁目６番地１６,2022-08-19,その他の設立登記法人
社会保険労務士法人飯田労務事務所,大阪府大阪市中央区南船場１丁目３－１７,2022-08-19,その他の設立登記法人
社会福祉法人愛心会,埼玉県さいたま市大宮区浅間町２丁目２６２番地４,2022-08-19,その他の設立登記法人
神谷町パートナーズ株式会社,東京都港区虎ノ門４丁目１番３４号,2022-08-19,株式会社
福の倉株式会社,青森県五所川原市十三羽黒崎１３３番地１８,2022-08-19,株式会社
税理士法人あがつま会計,群馬県吾妻郡中之条町大字中之条町４４１番地２０,2022-08-19,その他の設立登記法人
税理士法人ライトハウス,鹿児島県霧島市国分中央３丁目１６番３４号,2022-08-19,その他の設立登記法人
税理士法人室賀山田会計,愛知県名古屋市天白区井口１丁目１１１１番地室賀ビル１階,2022-08-19,その他の設立登記法人
英創株式会社,大阪府大阪市中央区島之内２丁目４－１６ケイアンドティ道頓堀２０６室,2022-08-19,株式会社
華貿国際物流日本株式会社,東京都千代田区神田神保町２丁目１４番地４朝日神保町プラザ５０２号,2022-08-19,株式会社
虎ノ門パートナーズ株式会社,東京都港区虎ノ門４丁目１番３４号,2022-08-19,株式会社
認可地縁団体　五明区,愛知県江南市五明町根場４０五明公民館,2022-08-19,その他
誠興金属株式会社,神奈川県相模原市南区麻溝台１０７３番地,2022-08-19,株式会社
農事組合法人かんらんＡｇｒｉ,群馬県吾妻郡嬬恋村大字田代９８４番地４,2022-08-19,その他の設立登記法人
連樹合同会社,東京都中央区勝どき６丁目３番１号,2022-08-19,合同会社
達飛株式会社,大阪府大阪市中央区日本橋１丁目３番６－４０４号,2022-08-19,株式会社
遠賀町遠賀川駅南土地区画整理組合,福岡県遠賀郡遠賀町大字木守１１２５－１,2022-08-19,その他
金神株式会社,埼玉県さいたま市岩槻区城南４丁目４番８５号ソファレ岩槻１０２号,2022-08-19,株式会社
銀河計画株式会社,北海道虻田郡喜茂別町字相川１５７,2022-08-19,株式会社
長岡パワージェネレーション株式会社,東京都千代田区麹町４丁目５番地２１,2022-08-19,株式会社
隽霖株式会社,大阪府大阪市東成区深江北３丁目４番２１号エクラ深江橋１０６Ａ,2022-08-19,株式会社
香本株式会社,大阪府大阪市住吉区清水丘３丁目１２番２１号,2022-08-19,株式会社
高槻商事株式会社,東京都中央区日本橋人形町２丁目２３番１号,2022-08-19,株式会社
ＡＣＬＥＡＮ株式会社,東京都港区西麻布１丁目１２番９－４０１号,2022-08-19,株式会社
ＡＣＴＩＶＥ　ＩＮＴＥＲＮＡＴＩＯＮＡＬ　ＢＵＳＩＮＥＳＳ　ＨＯＵＳＥ　ＰＶＴ．ＬＴＤ．,神奈川県横浜市保土ケ谷区峰岡町２丁目２４４番地ハイムカツマタ１Ｆ,2022-08-19,外国会社等
ＡＬＰジャパンワン特定目的会社,東京都港区元赤坂１丁目１番８号株式会社赤坂国際会計内,2022-08-19,その他の設立登記法人
Ａｄｖａｎ株式会社,神奈川県相模原市南区大野台５丁目７番７号,2022-08-19,株式会社
Ａｘｉｏｎ　Ｊａｐａｎ　Ｉｎｖｅｓｔｍｅｎｔ株式会社,東京都中央区日本橋室町１丁目２－６日本橋大栄ビル７階,2022-08-19,株式会社
ＢＥＯＮ　Ｊａｐａｎ株式会社,大阪府大阪市東成区深江北３丁目４番２１号エクラ深江橋７０３Ａ,2022-08-19,株式会社
Ｂｅｓｔ　Ｏａｓｉｓ株式会社,東京都千代田区平河町１丁目９番１号メゾン平河町３０１号,2022-08-19,株式会社
Ｂｉｎｕｌｉ　Ｅｎｔｅｒｐｒｉｓｅｓ,茨城県下妻市高道祖１３２８－１ナカジマハイツ６,2022-08-19,外国会社等
ＣＨＯＣＯ＆Ｄ株式会社,京都府京都市左京区田中南大久保町２３番地,2022-08-19,株式会社
ＤＣＹ合同会社,埼玉県さいたま市中央区鈴谷７丁目１０番１０号,2022-08-19,合同会社
Ｄａｉｌｙ　Ｕｐｄａｔｅ株式会社,東京都新宿区西新宿３丁目５番１２－２０４号,2022-08-19,株式会社
Ｄｉｓｃｉｐｌｉｎａ　Ｊａｐａｎ株式会社,東京都千代田区永田町２丁目１１番１号山王パークタワー３階,2022-08-19,株式会社
Ｅｘｐｅｒａｎｚａ合同会社,東京都練馬区土支田２丁目２９番１９号,2022-08-19,合同会社
ＦＲＡＴ株式会社,大阪府高槻市別所本町１７番５－５３３号,2022-08-19,株式会社
Ｇｎａｒｌｙ　Ｗａｖｅｓ合同会社,大阪府三島郡島本町高浜１丁目６番８号,2022-08-19,合同会社
ＨＩＲＯＳＨＩＭＡ　ＡＵＴＯ　ＴＲＡＤＩＮＧ　ＰＶＴ　ＬＴＤ,千葉県山武市上横地２９９５番地３,2022-08-19,外国会社等
ＨＯＳＨＩＮＯ　ＰＥＴ株式会社,大阪府大阪市浪速区戎本町２丁目９番１４号,2022-08-19,株式会社
Ｊ＆Ｍ合同会社,熊本県山鹿市鹿北町岩野字陣内２４２番地２,2022-08-19,合同会社
ＪＵＮＯＳ株式会社,東京都新宿区新宿１丁目３６番２号新宿第七葉山ビル３階,2022-08-19,株式会社
Ｋ’ｓ　ｌｉｎｋ合同会社,東京都港区六本木７丁目６番２号,2022-08-19,合同会社
ＫＡＮＤＹ　ＮＩＰＰＯＮ　ＥＮＴＥＲＰＲＩＳＥＳ,千葉県山武市上横地２９９５番地６,2022-08-19,外国会社等
ＫＡＮＤＹ　ＮＩＰＰＯＮ　ＥＮＴＥＲＰＲＩＳＥＳ　ＰＲＩＶＡＴＥ　ＬＩＭＩＴＥＤ,千葉県山武市上横地２９９５番地５,2022-08-19,外国会社等
ＬＩＦＡＣＴ合同会社,山梨県韮崎市龍岡町下條東割９９２‐１７,2022-08-19,合同会社
ＬＩＦＥ　ＨＯＰＥ　ＩＮＴＥＲＮＡＴＩＯＮＡＬ　ＰＶＴ　ＬＴＤ,千葉県佐倉市大篠塚１３５０番地１Ｂ,2022-08-19,外国会社等
ＬａｎｄＰ株式会社,大阪府高槻市月見町３２番１６号,2022-08-19,株式会社
Ｍ．Ｓ．ＴＲＡＤＩＮＧ　ＣＯＭＰＡＮＹ　ＬＡＮＫＡ　ＰＲＩＶＡＴＥ　ＬＩＭＩＴＥＤ,千葉県山武市上横地２９９５番地２,2022-08-19,外国会社等
ＭＩＮ　ＭＩＮ合同会社,千葉県千葉市花見川区幕張町５丁目４１７番地１５４第１３花園ビル４０３,2022-08-19,合同会社
ＭＩＲＡＩ株式会社,大阪府大阪市西成区天下茶屋３丁目１２番１７号,2022-08-19,株式会社
ＮＥＴＷＡＹ株式会社,埼玉県朝霞市本町２丁目６番１１号－３０３号室,2022-08-19,株式会社
ＮＨＴ合同会社,大阪府大阪市西成区橘２丁目８番１７号,2022-08-19,合同会社
ＮＫ環境サービス株式会社,神奈川県南足柄市壗下３５０番地,2022-08-19,株式会社
Ｏ．Ａ．インターナショナル株式会社,大阪府大阪市浪速区大国１丁目１２番２１号サンプラザ浪速１番館８０３号,2022-08-19,株式会社
ＰＩＥＣＥ株式会社,奈良県大和高田市大字吉井４８番地１３,2022-08-19,株式会社
ＰＬ合同会社,埼玉県坂戸市薬師町１０番地２１アネックス北坂戸１階,2022-08-19,合同会社
Ｐａｙｓｅｎｄ　Ｊａｐａｎ株式会社,東京都港区南青山２丁目２番１５号ウィン青山９４２,2022-08-19,株式会社
Ｓ．Ｏ．Ｇ株式会社,東京都板橋区大山町１９番７－１３０４号,2022-08-19,株式会社
ＳＡＤＥＭＡ　ＥＮＴＥＲＰＲＩＳＥＳ,茨城県筑西市女方１５０－８,2022-08-19,外国会社等
ＳＡＭＩＴＨＡ　ＭＯＴＯＲＳ,千葉県山武郡九十九里町藤下９５６番地５オフィスＣ号,2022-08-19,外国会社等
ＳＨＩＮＳＨＯ株式会社,静岡県田方郡函南町大土肥１９４‐５,2022-08-19,株式会社
ＳＩＰＩ株式会社,岡山県倉敷市広江５丁目３番２８号,2022-08-19,株式会社
ＳＪＲ合同会社,静岡県富士宮市大岩３５８番地の１,2022-08-19,合同会社
ＳＫ　ＪＡＰＡＮ株式会社,埼玉県八潮市大字木曽根６９９番６号,2022-08-19,株式会社
Ｓａｓｍｉ　Ｄｉｓｔｒｉｂｕｔｅｒｓ,茨城県筑西市藤ケ谷１３５５－１マイシティライフ１０番館２０３,2022-08-19,外国会社等
Ｓｅｒｉａｌ合同会社,東京都中央区銀座７丁目１３番２１号銀座新六洲ビル２Ｆ,2022-08-19,合同会社
Ｔ‐ＳＴＹＬＥ株式会社,千葉県柏市柏６丁目１０番２３号,2022-08-19,株式会社
Ｔ２株式会社,東京都中央区晴海１丁目６番１－２１１０号,2022-08-19,株式会社
ＴＯＦＦＬＯＮジャパン株式会社,大阪府八尾市美園町２丁目１０番３号,2022-08-19,株式会社
ＴＯＫＵＧＡＷＡ株式会社,東京都中央区銀座６丁目６番１号銀座風月堂ビル５Ｆ,2022-08-19,株式会社
ＶｅｒｙＢｅｒｒｙ合同会社,群馬県渋川市中郷４４１番地２８号,2022-08-19,合同会社
ｅ‐ＣＯＮ株式会社,北海道北見市北光６３３番地１７,2022-08-19,株式会社
ｍ‐ＳＡＲＰ合同会社,神奈川県川崎市中原区新丸子東３丁目１２０４番地ブリリア武蔵小杉４０４,2022-08-19,合同会社
ｍａｎｍａ　ｖｉｌｌａｇｅ合同会社,北海道河西郡芽室町東四条１丁目８番地２,2022-08-19,合同会社
ｎｕｐｌｉ　ｃａｐｉｔａｌ株式会社,東京都品川区南大井５丁目１０番２５－１００４号,2022-08-19,株式会社
あかつきプランニング合同会社,神奈川県川崎市幸区小向西町３丁目２８,2022-08-22,合同会社
おうぎ不動産株式会社,石川県金沢市示野町南５２番地,2022-08-22,株式会社
イワシンリテック株式会社,高知県南国市大埇甲８９６番地８,2022-08-22,株式会社
オルビータ株式会社,東京都江戸川区篠崎町３丁目２番６号鈴木ビル１階,2022-08-22,株式会社
ゲットレーブ株式会社,東京都中央区銀座１丁目１４番７号和田ビル１０階,2022-08-22,株式会社
コダマ電機工業株式会社,大分県大分市花園２丁目６番１２号,2022-08-22,株式会社
サークル合同会社,東京都板橋区加賀２丁目１６番１－１００４号,2022-08-22,合同会社
ジェージェートレーディング合同会社,群馬県高崎市中里見町２２７５番地１,2022-08-22,合同会社
スクラム社会保険労務士法人,東京都渋谷区松濤１丁目２８番２号,2022-08-22,その他の設立登記法人
ディーリンク合同会社,栃木県那須郡那須町大字豊原甲４９３７番地１,2022-08-22,合同会社
トランポワールド合同会社,神奈川県藤沢市石川１丁目７－５,2022-08-22,合同会社
ネストサイエンティフィック株式会社,東京都港区赤坂２丁目８番１４－５０４号,2022-08-22,株式会社
ピクチャー・レイ合同会社,千葉県山武市木原１１２番地８,2022-08-22,合同会社
フィンロジックス株式会社,東京都新宿区四谷３丁目１３番地ＳＥＡＢＩＲＤビル２階,2022-08-22,株式会社
フーズ・ラボ株式会社,香川県丸亀市土器町東９丁目１２４番地１６,2022-08-22,株式会社
マインドフル・コンサルティング合同会社,東京都大田区中馬込１丁目１１番１６号,2022-08-22,合同会社
ミーゴス合同会社,東京都新宿区弁天町１３５－１グレンドール新宿牛込柳町６０３,2022-08-22,合同会社
ライオンズワークス株式会社,大阪府大阪市中央区北久宝寺町１丁目４番１０号,2022-08-22,株式会社
ラプトデザイン株式会社,東京都豊島区池袋２丁目２３番１号富士ビル４階,2022-08-22,株式会社
ランダムウォーク合同会社,埼玉県さいたま市中央区本町西４丁目１８番１８号エイトシティーハイツ２０２号,2022-08-22,合同会社
リシェ合同会社,北海道北広島市希望ヶ丘２丁目３番６４,2022-08-22,合同会社
リンクスター合同会社,東京都中央区新川１丁目２３番地４号ＩＳリバーサイドビル１２０１号室,2022-08-22,合同会社
ワイド事業協同組合,愛知県名古屋市緑区砂田２丁目３０７番地,2022-08-22,その他の設立登記法人
ヴェルデ建築事務所株式会社,北海道札幌市北区太平二条３丁目３番１５号,2022-08-22,株式会社
一般社団法人くまもと戦争と平和のミュージアム設立準備会,熊本県熊本市中央区大江５丁目２番１５－２０３号,2022-08-22,その他の設立登記法人
一般社団法人さくらファーム林,三重県津市芸濃町林１８２４番地,2022-08-22,その他の設立登記法人
一般社団法人ゆのひら温泉観光協会,大分県由布市湯布院町湯平３５６番地１,2022-08-22,その他の設立登記法人
一般社団法人ゆみの里,千葉県館山市相浜１０２番地,2022-08-22,その他の設立登記法人
一般社団法人アラカタ文化企画,沖縄県宜野湾市我如古１丁目４７番１６号,2022-08-22,その他の設立登記法人
一般社団法人シルバーシャトー,東京都港区虎ノ門３丁目２２番１０－２０１号,2022-08-22,その他の設立登記法人
一般社団法人八幡流香道会,福岡県福岡市早良区百道２丁目７番２６－４０２号,2022-08-22,その他の設立登記法人
一般社団法人千葉県相続支援協会,千葉県船橋市宮本２丁目１５番１７号,2022-08-22,その他の設立登記法人
一般社団法人地域から日本を変える,東京都港区高輪４丁目８番１１－４０２号,2022-08-22,その他の設立登記法人
一般社団法人日本快眠ドライヘッドスパ協会,東京都渋谷区恵比寿１丁目２２番３号シルバープラザ８０５,2022-08-22,その他の設立登記法人
一般社団法人日本臨床開発機構,東京都港区赤坂４丁目１４番１４－３４０４号,2022-08-22,その他の設立登記法人
一般社団法人東京都人と動物のきずな福祉協会,東京都千代田区三番町９番地１麴町三番町マンション３１２号,2022-08-22,その他の設立登記法人
一般社団法人生活習慣改善・増進学会,愛知県名古屋市守山区川村町１４４番地,2022-08-22,その他の設立登記法人
一般社団法人移住者人材バンク,愛知県豊橋市柱七番町８１番地,2022-08-22,その他の設立登記法人
一般社団法人金色時代文化芸術協会,東京都品川区上大崎２丁目４番２４号Ｋ＆Ｑビル１Ｆ,2022-08-22,その他の設立登記法人
一般社団法人ＬＯＣＨＩＣ,東京都中央区銀座２丁目５番４号ファサード銀座９階,2022-08-22,その他の設立登記法人
一般社団法人Ｍ３プロジェクト,東京都港区虎ノ門３丁目２２番１０－２０１号,2022-08-22,その他の設立登記法人
一般社団法人ＳＬＬＳ,愛知県稲沢市祖父江町野田山中６５番地,2022-08-22,その他の設立登記法人
一般財団法人ニチレイＭＩＲＡＩｔｅｒｒａｃｅ財団,東京都中央区築地６丁目１９番２０号,2022-08-22,その他の設立登記法人
予感合同会社,大阪府大阪市中央区瓦屋町１丁目１４番１５号,2022-08-22,合同会社
井口建築株式会社,群馬県利根郡みなかみ町布施１６８０番地１,2022-08-22,株式会社
京海株式会社,東京都墨田区向島４丁目３番８号グレイス向島２０２Ｂ号室,2022-08-22,株式会社
仁工業合同会社,埼玉県秩父市大野原３４６９番地３,2022-08-22,合同会社
元斉百歳倶楽部株式会社,東京都千代田区内幸町１丁目１番１号帝国ホテルタワー１５階,2022-08-22,株式会社
先進友愛会,東京都港区元赤坂１丁目２－７赤坂Ｋタワー４階,2022-08-22,その他
兎一族　Ｌａｓ☆Ｒａｂｂｉｔａｓ,東京都八王子市北野町２８,2022-08-22,その他
北海道テラス株式会社,千葉県市川市中国分２丁目８番２４号,2022-08-22,株式会社
千特株式会社,大阪府大阪市浪速区下寺３丁目１番１４号エクレール夕陽ヶ丘２０３,2022-08-22,株式会社
合同会社あをによし,東京都杉並区成田西３丁目７番２１号,2022-08-22,合同会社
合同会社くじら,大阪府大阪市生野区勝山北２丁目１６番１９号,2022-08-22,合同会社
合同会社アドベンチャー,東京都豊島区東池袋１丁目３４番５号いちご東池袋ビル６階,2022-08-22,合同会社
合同会社イキイキファーム,埼玉県比企郡川島町大字下狢６５２,2022-08-22,合同会社
合同会社エイチプラス,愛知県日進市梅森台３丁目３０番地,2022-08-22,合同会社
合同会社エコスマ,佐賀県佐賀市大和町大字尼寺３７５３番地２,2022-08-22,合同会社
合同会社エンジェルズ,東京都八王子市大楽寺町３８４番地１３コーポフルヤ１０２号,2022-08-22,合同会社
合同会社コネクション,福岡県福岡市中央区今泉２丁目４番６５－７０４号天神ロイヤルガーデン,2022-08-22,合同会社
合同会社シルバーシャトー,東京都港区虎ノ門３丁目２２番１０－２０１号,2022-08-22,合同会社
合同会社シンスリー,東京都新宿区西新宿３丁目３番１３号西新宿水間ビル６階,2022-08-22,合同会社
合同会社スポーツサポ,青森県弘前市大字末広４丁目６番地６ヴィラシャンティ２０１号,2022-08-22,合同会社
合同会社タイヤランド丸友,沖縄県宮古島市平良字西里９７３番地２,2022-08-22,合同会社
合同会社タスクサポート,岡山県岡山市中区関４１１番地コスモハイツ関６０３号室,2022-08-22,合同会社
合同会社ティーダ,東京都千代田区丸の内３丁目１番１号東京共同会計事務所内,2022-08-22,合同会社
合同会社ナナズカンパニー,愛知県岡崎市栄町５丁目３５番地１１,2022-08-22,合同会社
合同会社フューチャー,群馬県前橋市南町３丁目５０‐２プラザアン２階Ｄ‐１５,2022-08-22,合同会社
合同会社プライズレス,千葉県千葉市若葉区貝塚町５５１番地１車坂事務所Ｃ棟２Ｆ,2022-08-22,合同会社
合同会社ホープ,東京都港区六本木３丁目１４番１３号ＵＦビル１階,2022-08-22,合同会社
合同会社ル・シエル,東京都新宿区西新宿３丁目３番１３号西新宿水間ビル６階,2022-08-22,合同会社
合同会社ローミングワールド,千葉県四街道市大日１８０６番地,2022-08-22,合同会社
合同会社千未来,北海道札幌市手稲区富丘二条４丁目３番２２号,2022-08-22,合同会社
合同会社大商,兵庫県尼崎市大庄西町１丁目５番１１号,2022-08-22,合同会社
合同会社日和,大阪府大阪市東住吉区駒川１丁目２１番１４号サンフラワー駒川４０３号室,2022-08-22,合同会社
合同会社樵,岩手県一関市大東町鳥海字向前畑１２０番地２,2022-08-22,合同会社
合同会社結福,奈良県奈良市南京終町１丁目９０番地の１エスペランス奈良アルティス５０４号,2022-08-22,合同会社
合同会社藏,東京都世田谷区北沢３丁目２４番１７号,2022-08-22,合同会社
合同会社阿佐ヶ谷ワン,東京都港区赤坂３丁目２１番１７号,2022-08-22,合同会社
合同会社ＢＯＯＬ,福島県いわき市小名浜下神白字武城１５番地の１小名浜テラスハウスＣ棟,2022-08-22,合同会社
合同会社Ｃａｒｒｅ,埼玉県所沢市松葉町１０番１３号,2022-08-22,合同会社
合同会社Ｄ・Ａ・Ｓ,埼玉県志木市本町４丁目１５番５号,2022-08-22,合同会社
合同会社Ｅｍｅｒａｌｄ　Ｃｉｔｙ,東京都渋谷区神宮前４丁目２６－２８原宿Ｖ２ビル２Ｆ,2022-08-22,合同会社
合同会社Ｍ３プロジェクト,東京都港区虎ノ門３丁目２２番１０－２０１号,2022-08-22,合同会社
合同会社ＮｅＰｒｏ,東京都町田市小山町７４９－３,2022-08-22,合同会社
合同会社Ｐ＆Ｄ,東京都葛飾区堀切１丁目３１番１６－１０１号ライオンズマンション堀切菖蒲園第２,2022-08-22,合同会社
合同会社ＲＥＧＯＬＩＴＨ,千葉県柏市塚崎８９５番地３ソル・レヴェンテⅡＣ－２０１号,2022-08-22,合同会社
合同会社ＳＢＨＮＹ,大阪府大阪市大正区三軒家東５丁目４－１エクシア大正３０３,2022-08-22,合同会社
合同会社Ｔ＆Ａプランニング,北海道札幌市豊平区月寒東一条６丁目４番２３号,2022-08-22,合同会社
合同会社Ｔｏｈｍａｗａｒｉ,神奈川県川崎市幸区鹿島田３丁目１７－１２イニシア新川崎ハウス１０２,2022-08-22,合同会社
合同会社Ｗｏｒｋｗｒｉｔｅ,埼玉県さいたま市大宮区北袋町１丁目６０１－１シントシティＢ３２２号室,2022-08-22,合同会社
合同会社ａｋｉｎａｕ,新潟県新潟市中央区沼垂西１丁目１番２６号,2022-08-22,合同会社
合同会社ｋｉｓｅｌ,東京都中央区銀座１丁目２２番１１号銀座大竹ビジデンス２階,2022-08-22,合同会社
合同会社ｍａｓｈｕｐ,東京都練馬区羽沢２丁目６番２号,2022-08-22,合同会社
合同会社ｒｃｏ,大阪府大阪市北区芝田２丁目８番１１号共栄ビル３Ｆ,2022-08-22,合同会社
合同会社ｒｏｃｋａｔｈｌｅｔｅ,東京都江戸川区西葛西６丁目１２番１号関寅ビル第二８０６号,2022-08-22,合同会社
合同会社ｓｗａｙ,東京都目黒区青葉台１丁目２０－２ＡＣＮ中目黒ｐｌａｃｅ３Ｆ,2022-08-22,合同会社
合同会社ｕｇａｊｉｎ,愛知県名古屋市中区栄３丁目１５番３３号栄ガスビル１３階,2022-08-22,合同会社
土屋興産株式会社,静岡県三島市長伏５７番地の２４,2022-08-22,株式会社
大久保文化芸術品東京株式会社,東京都豊島区西巣鴨１丁目３５番３号西巣鴨ペアパレス１０５号室,2022-08-22,株式会社
天相合同会社,東京都豊島区西池袋１丁目９番２－１３０４号,2022-08-22,合同会社
奥会津地域づくり協同組合,福島県大沼郡三島町大字早戸字湯ノ平９２４番地,2022-08-22,その他の設立登記法人
如意ＪＲＧ株式会社,和歌山県海南市日方１２７３－４４－１Ｆ－２,2022-08-22,株式会社
学校法人マヤ学園,島根県仁多郡奥出雲町横田１３７７－５番地,2022-08-22,その他の設立登記法人
弁護士法人ＡＺ　ＭＯＲＥ国際法律事務所,東京都千代田区永田町２丁目１７番１７号永田町ほっかいどうスクエア５階,2022-08-22,その他の設立登記法人
恩門株式会社,茨城県石岡市三村３１６５番地９,2022-08-22,株式会社
文和合同会社,東京都豊島区南池袋３丁目１８―３０ファースト日野ビル４Ｆ,2022-08-22,合同会社
日本中央開発特定目的会社,東京都港区虎ノ門５丁目１番４号,2022-08-22,その他の設立登記法人
日本喜得株式会社,東京都杉並区天沼２丁目７番７号マンション大竹３０１,2022-08-22,株式会社
日本当客ＤＵＮＫ株式会社,大阪府大阪市東成区深江北３丁目４番２１号エクラ深江橋１０７Ａ,2022-08-22,株式会社
有限会社フジ企画,大阪府豊中市岡町北１丁目１番１８号,2022-08-22,有限会社
東晴株式会社,東京都豊島区西池袋１丁目３１－５白井ビル３－１２号室,2022-08-22,株式会社
東進株式会社,東京都豊島区西池袋２丁目３０－２０音羽ビル３０１,2022-08-22,株式会社
株式会社えん,静岡県静岡市清水区蒲原神沢１３７４番地の６,2022-08-22,株式会社
株式会社かごや,東京都国立市青柳２丁目１０番地の８９,2022-08-22,株式会社
株式会社さんすけさん,福岡県北九州市小倉北区中島１丁目１１番７号,2022-08-22,株式会社
株式会社アケホシ,福岡県福岡市中央区大名１丁目１４－２３大名入江ビル３Ｆ,2022-08-22,株式会社
株式会社アセプト,大阪府大阪市旭区清水４丁目５番２３－５０６号,2022-08-22,株式会社
株式会社アミュザント,東京都足立区島根４丁目２２－１６,2022-08-22,株式会社
株式会社アリカ,東京都港区南青山２丁目２番１５号,2022-08-22,株式会社
株式会社ウェルビーイングケア沖縄,沖縄県那覇市首里石嶺町３丁目２３０番地１１,2022-08-22,株式会社
株式会社エイト,北海道札幌市西区西野八条２丁目１１番１号,2022-08-22,株式会社
株式会社エーワン,京都府京都市北区衣笠御所ノ内町６２番１０,2022-08-22,株式会社
株式会社オヤジトショサイ,神奈川県川崎市川崎区駅前本町１１番地２川崎フロンティアビル４階,2022-08-22,株式会社
株式会社カラーオブライフ,東京都品川区西五反田３丁目８番３号,2022-08-22,株式会社
株式会社クルミ,神奈川県川崎市幸区新小倉２－７－１３２０号室,2022-08-22,株式会社
株式会社グッドレッドロード,北海道札幌市白石区平和通７丁目北１０番１－２０５号,2022-08-22,株式会社
株式会社グレートデーン,東京都港区芝浦４丁目２１番１号,2022-08-22,株式会社
株式会社サイホク,東京都足立区青井６丁目２４番７号,2022-08-22,株式会社
株式会社サカタモータース,山形県酒田市新橋１丁目３‐１０,2022-08-22,株式会社
株式会社シバンコーポレーション,千葉県千葉市花見川区作新台５丁目４番５号,2022-08-22,株式会社
株式会社シンビオウシス・ウッズ,広島県広島市中区大手町４丁目５番１１－５０４号,2022-08-22,株式会社
株式会社シールズ,岩手県盛岡市住吉町３－１サリーレ２０３号,2022-08-22,株式会社
株式会社スイート,神奈川県横浜市中区長者町６丁目１１１番地横浜エクセレントⅧビル５階５０１号室,2022-08-22,株式会社
株式会社スカイ,大阪府大阪市中央区北浜３丁目５番１９号,2022-08-22,株式会社
株式会社スカイヒル,東京都港区南麻布５丁目２番４０－７０４号,2022-08-22,株式会社
株式会社スグクル,大阪府大阪市北区角田町８番４７号阪急グランドビル２０階,2022-08-22,株式会社
株式会社ツインムーングラフィック,神奈川県川崎市高津区千年４６０番地２,2022-08-22,株式会社
株式会社トラスト,東京都江東区東陽１丁目１７番１５号,2022-08-22,株式会社
株式会社トリニテ,東京都杉並区西荻南４丁目１１番２号月の家１０１,2022-08-22,株式会社
株式会社ナミキホーム,群馬県高崎市日高町４２７番地１ミヤビビル１０３号,2022-08-22,株式会社
株式会社ハピリア,神奈川県横浜市西区西平沼町４番１－Ｅ２０１０号,2022-08-22,株式会社
株式会社バイオマス・エネルギーセンター,茨城県小美玉市野田１４０４番地１,2022-08-22,株式会社
株式会社ファンコネ,佐賀県佐賀市卸本町６番１号,2022-08-22,株式会社
株式会社フクイチ,和歌山県西牟婁郡白浜町堅田１９５７番地の６,2022-08-22,株式会社
株式会社フリークアウト・インベストメント,東京都港区六本木６丁目３番１号,2022-08-22,株式会社
株式会社ブライトベース,福岡県福岡市中央区長浜３丁目２番４－８０２号,2022-08-22,株式会社
株式会社ブレイクアウェイ,東京都荒川区西日暮里５丁目３２番１０－３０２号ビガーＭ＆Ｍビル,2022-08-22,株式会社
株式会社ベストバイ,大阪府大阪市北区天満橋１丁目４－１４天満橋ビル２０２号室,2022-08-22,株式会社
株式会社ポック,東京都渋谷区元代々木町８番３号,2022-08-22,株式会社
株式会社マッシュスタイルラボ,東京都千代田区麹町５丁目７番地２ＭＦＰＲ麹町ビル,2022-08-22,株式会社
株式会社ママシェリー,東京都江東区東雲２丁目１番２１号ＩＨパークビル１階,2022-08-22,株式会社
株式会社マルイシ,北海道札幌市北区拓北四条４丁目４番２３号,2022-08-22,株式会社
株式会社マルイチ建装,埼玉県和光市新倉１丁目１４番５５号プルミエ・フルール１０２,2022-08-22,株式会社
株式会社マルハマ,高知県香南市野市町下井１０７８番地,2022-08-22,株式会社
株式会社マールストロム,東京都狛江市岩戸南３丁目１８番９号メゾン・ド・イグレックＡ号,2022-08-22,株式会社
株式会社リオライト,東京都江東区豊洲１丁目２番３９号,2022-08-22,株式会社
株式会社リザレ,千葉県松戸市西馬橋幸町１１２番地ロイヤルパレス４０７号,2022-08-22,株式会社
株式会社リバネスナレッジ,東京都新宿区下宮比町１番４号飯田橋御幸ビル,2022-08-22,株式会社
株式会社ルーク,愛知県名古屋市天白区梅が丘２丁目１５１０番地,2022-08-22,株式会社
株式会社レイズ,東京都練馬区豊玉上２丁目１４－１０－４０２,2022-08-22,株式会社
株式会社レスプランドール,東京都江戸川区東小岩５丁目３７番３号,2022-08-22,株式会社
株式会社ワイズマネジメント,大阪府大東市中垣内７丁目１番２１号,2022-08-22,株式会社
株式会社三河電工,愛知県岡崎市井田町字１丁目１４８番地２,2022-08-22,株式会社
株式会社九州酒販,福岡県福岡市南区三宅２丁目１５番２１号,2022-08-22,株式会社
株式会社匠然,埼玉県さいたま市西区大字飯田２４２－１３,2022-08-22,株式会社
株式会社吉博,埼玉県児玉郡美里町大字関４４８番地３,2022-08-22,株式会社
株式会社和,埼玉県熊谷市佐谷田３７４９番地１,2022-08-22,株式会社
株式会社和なごみ,神奈川県川崎市川崎区塩浜４丁目１２番１号,2022-08-22,株式会社
株式会社土肥,神奈川県海老名市中央１丁目１６番３１号Ａ＆ＮＩビル１Ｆ,2022-08-22,株式会社
株式会社大人の教養ＴＶ,福岡県福岡市中央区天神２丁目３番１０号天神パインクレスト７１９号,2022-08-22,株式会社
株式会社岡山エンジン,北海道札幌市中央区大通東１０丁目１５番地Ｅ－１ビル大通東１階,2022-08-22,株式会社
株式会社昇,長崎県佐世保市御船町４番１２号,2022-08-22,株式会社
株式会社有得,愛知県名古屋市東区泉２丁目１５－６グランデール泉７０４号室,2022-08-22,株式会社
株式会社朝日ＨＯＭＥ’Ｓ,千葉県市川市市川１丁目１２番１９号エイドビル４Ｆ,2022-08-22,株式会社
株式会社札幌クラス,北海道札幌市中央区南八条西９丁目７５８番地２３,2022-08-22,株式会社
株式会社楽笑,愛媛県松山市朝生田町５丁目３番地２８,2022-08-22,株式会社
株式会社池田保険事務所,茨城県取手市取手１丁目２番６号,2022-08-22,株式会社
株式会社石樟,福岡県北九州市八幡西区大膳２丁目１５番１２号,2022-08-22,株式会社
株式会社篠原レジデンス,高知県南国市小籠９４１番地の１１５,2022-08-22,株式会社
株式会社茉莉,東京都台東区上野１丁目１１番９号イマスサニービル７階ＪＴＡ内,2022-08-22,株式会社
株式会社遠藤,東京都調布市富士見町１丁目６番地２,2022-08-22,株式会社
株式会社香芝地所,奈良県香芝市上中３９１番地２,2022-08-22,株式会社
株式会社Ａ＆Ｅ,東京都立川市栄町６丁目２２番地の１７,2022-08-22,株式会社
株式会社Ａｃｒｏｘｅｅｄ,千葉県柏市十余二２４８番地３２８,2022-08-22,株式会社
株式会社Ａｄｖａｎｃｅ,神奈川県横浜市港南区港南台６丁目１９番３２－１０２号,2022-08-22,株式会社
株式会社ＡｐｏＹｏ,東京都墨田区八広１丁目１４番１３－２０３号ＦＥＲＩＯ曳舟,2022-08-22,株式会社
株式会社ＡｔｔａＢｏｙ　ＢＡＳＥＢＡＬＬ,神奈川県横浜市都筑区川和町２１９５番地３７,2022-08-22,株式会社
株式会社ＢＬＡＣＫＭＯＯＮ,東京都練馬区南大泉５丁目２２番１０－１０４号,2022-08-22,株式会社
株式会社ＢＰＳクラウドアカウンティング,東京都中央区銀座４丁目１３番８号,2022-08-22,株式会社
株式会社Ｃ‐ｖｅｒ,福井県敦賀市衣掛町１４６番地,2022-08-22,株式会社
株式会社ＣＨＡＰＬＵＳ,愛知県春日井市神領町北２丁目１３番地３,2022-08-22,株式会社
株式会社ＣＨＥＥＺ,京都府京都市下京区仏光寺通烏丸東入上柳町３３１番地タカノハスクエア３Ｆ３２６号室,2022-08-22,株式会社
株式会社ＣＯＲＡｉｅ,徳島県吉野川市鴨島町鴨島２８０番地昌栄ビル２階,2022-08-22,株式会社
株式会社Ｄ．Ｍ．Ｊ,北海道室蘭市宮の森町３丁目９番２０号,2022-08-22,株式会社
株式会社ＤＭＣ蔵王温泉ツーリズムコミッティ,山形県山形市蔵王温泉１８番地,2022-08-22,株式会社
株式会社Ｅ‐Ｌｉｆｅ,北海道札幌市東区北九条東２丁目２番３号ＪＰＴ北９条ビル１０２,2022-08-22,株式会社
株式会社Ｅｓｓｅｎｃｅ５,東京都渋谷区東１丁目２６番２０号,2022-08-22,株式会社
株式会社ＦＯＲ　ｃｏｍｐａｎｙ,東京都港区麻布十番４丁目４番１－２０９５号,2022-08-22,株式会社
株式会社ＦＲソリューション,東京都港区西新橋１丁目１９番３号第２双葉ビル４Ｆ,2022-08-22,株式会社
株式会社Ｇ・フューチャー,青森県八戸市湊高台３丁目５番３号,2022-08-22,株式会社
株式会社Ｇ＆Ｒ,沖縄県豊見城市字翁長８３２番地３,2022-08-22,株式会社
株式会社ＧＵパートナーズ,大阪府大阪市北区万歳町３番１２号萬栄ビル４０２,2022-08-22,株式会社
株式会社Ｇｅｎｋｉ　Ｃｏｍｍｕｎｉｔｙ,東京都千代田区内神田２丁目７番１３号山手ビル３号館３階,2022-08-22,株式会社
株式会社Ｇｏｏｄ　Ｗｏｒｋｓ,愛知県名古屋市中区栄２丁目２－１広小路伏見中駒ビル５Ｆ－７２,2022-08-22,株式会社
株式会社Ｇｒａｃｅ,愛媛県松山市二番町２丁目９番地１,2022-08-22,株式会社
株式会社ＩＮＳＩＳＴ,愛媛県今治市本町６丁目４番７０号,2022-08-22,株式会社
株式会社Ｊａｐａｎ　Ｎａｖｉ,東京都渋谷区円山町５番５号Ｎａｖｉ渋谷Ｖ３階,2022-08-22,株式会社
株式会社Ｊｕｓｔ　Ｒｅｌａｘ,東京都港区南青山３丁目１５番９号ＭＩＮＯＷＡ表参道３Ｆ－２３４,2022-08-22,株式会社
株式会社Ｋネクスト,静岡県静岡市駿河区丸子６３２５番地の１０,2022-08-22,株式会社
株式会社Ｋ．プランニングロジスティクス,福岡県飯塚市平恒９０８番地１,2022-08-22,株式会社
株式会社ＫＦＣ,東京都千代田区四番町２番地４,2022-08-22,株式会社
株式会社ＫＮＩＣＫ,兵庫県姫路市香寺町溝口４８９番地５－２階,2022-08-22,株式会社
株式会社ＫａｏＲｕ,大阪府茨木市橋の内３丁目２番１号,2022-08-22,株式会社
株式会社Ｌ,東京都新宿区西新宿３丁目３番１３号西新宿水間ビル６階,2022-08-22,株式会社
株式会社ＬＩＦＥ　ＲＩＳＥ　ｐａｒｔｎｅｒ,東京都豊島区要町３丁目１３－３－１０１,2022-08-22,株式会社
株式会社Ｌｉｆｅ　ｉｓ　Ｐａｒｔｎｅｒ,富山県富山市北代４１３５番地３１,2022-08-22,株式会社
株式会社Ｌｉｍｅｒ,東京都中央区銀座１丁目１２－４Ｎ＆ＥＢＬＤ．７階,2022-08-22,株式会社
株式会社ＭＡＮＡＬａｂ,東京都杉並区久我山３丁目２４番２２号,2022-08-22,株式会社
株式会社ＭＡＲＩＥ　ＴＥＲＥＳＩＡ,愛知県名古屋市東区泉１丁目３番２７号浜名ビル３階,2022-08-22,株式会社
株式会社ＭＡＲＭＯ,大阪府枚方市南楠葉１丁目６番２０－４０２号,2022-08-22,株式会社
株式会社ＭＩＳＡＣＥ,京都府京都市上京区釜座通丸太町上る夷川町３８０番地２シュワルベ６０５号室,2022-08-22,株式会社
株式会社Ｍａｒｋｉｔ,東京都中央区京橋１丁目１－５セントラルビル２階,2022-08-22,株式会社
株式会社Ｎ・Ｓ・Ｓ,大分県大分市政所１丁目２番３４号,2022-08-22,株式会社
株式会社ＮＡＫＡＪＩＭＡ,山梨県甲府市国母８丁目２８番３号,2022-08-22,株式会社
株式会社ＮＡＴＡＫＵ,大阪府大阪市中央区道頓堀１丁目東５－１９花招ビル１階,2022-08-22,株式会社
株式会社ＮＥＭ,北海道札幌市中央区南九条西１５丁目２番１５号,2022-08-22,株式会社
株式会社ＮＥＶＥＲＯＮＦＩＤＥ,東京都港区麻布台２丁目３番１２－２０２号,2022-08-22,株式会社
株式会社Ｎｅｘｔ　Ｒｅｌａｔｉｏｎ,東京都中央区銀座７丁目４番１５号,2022-08-22,株式会社
株式会社Ｎｅｘｔ　ｉｎｎｏｖａｔｉｏｎ,愛知県名古屋市中区錦３丁目４番２５号マリオットノース４階,2022-08-22,株式会社
株式会社ＯＭＩ,香川県高松市川島本町２９１番地３,2022-08-22,株式会社
株式会社ＯＺ,東京都江東区豊洲３丁目６番８－３９１６号,2022-08-22,株式会社
株式会社Ｏｉｄｏｎ‐Ｊａｐａｎ,鹿児島県姶良市加治木町反土１６０７番地,2022-08-22,株式会社
株式会社Ｏｓａｋａ　Ｄｉｎｉｎｇ,大阪府大阪市中央区本町４丁目５番４号ＧＴＣビル１Ｆ,2022-08-22,株式会社
株式会社Ｏｓｙｓｔｅｍ,北海道札幌市中央区南一条西７丁目６番地６ファインシティ札幌ザ・タワー大通公園８０２号,2022-08-22,株式会社
株式会社Ｐ．Ｖファーム,神奈川県横浜市神奈川区東神奈川２丁目４９番１６号,2022-08-22,株式会社
株式会社ＰＲＵＤＥＮＴ,福岡県大野城市御笠川１丁目４番３－３０１号,2022-08-22,株式会社
株式会社ＰＴＭ,兵庫県宝塚市寿楽荘２番１７－３０３号,2022-08-22,株式会社
株式会社Ｐｅｒｆｅｃｔ　Ｌｉｖｅ,神奈川県横浜市港北区新横浜２丁目１４番８オフィス新横浜８１０号,2022-08-22,株式会社
株式会社Ｒ＆Ｙ,千葉県千葉市稲毛区作草部２丁目２番４３号,2022-08-22,株式会社
株式会社ＲＥＢＯＲＮ,埼玉県蕨市塚越７丁目７番１３号,2022-08-22,株式会社
株式会社Ｒｅｄ,愛媛県松山市二番町１丁目８番地１６,2022-08-22,株式会社
株式会社Ｓ‐Ｌｉｆｅ,北海道札幌市東区北九条東２丁目２番３号ＪＰＴ北９条ビル１０２,2022-08-22,株式会社
株式会社Ｓ＆Ｐ,東京都墨田区横川５丁目９番１－９０４号,2022-08-22,株式会社
株式会社ＳＥＧＬＯ,愛知県名古屋市千種区徳川山町３丁目４番１４号,2022-08-22,株式会社
株式会社ＳＥＴＯ,神奈川県横浜市神奈川区大口通４０－５中銀横浜大口マンシオン１０２室,2022-08-22,株式会社
株式会社ＳＨＡＮＫ,東京都新宿区四谷３丁目１３番地ＳＥＡＢＩＲＤビル２Ｆ,2022-08-22,株式会社
株式会社ＳＴＳ,千葉県千葉市美浜区真砂１丁目１２番７－４０６号,2022-08-22,株式会社
株式会社Ｓｅａ　Ｔｒａｄｅ　Ｃｏｒｐｏｒａｔｉｏｎ,群馬県邑楽郡大泉町大字古海３４７番地の１,2022-08-22,株式会社
株式会社Ｓｕｒｖｅｙ　ｔｅａｍ,大阪府大阪市西区新町１丁目８番１３クレアホームズ７０１号,2022-08-22,株式会社
株式会社Ｓｗａｍｐ　Ｃｏｎｓｕｌｔｉｎｇ,東京都港区南青山７丁目１番２１－４０７号,2022-08-22,株式会社
株式会社Ｔ‐ＵＰ,大阪府東大阪市東上小阪３番２７号,2022-08-22,株式会社
株式会社Ｔ‐ｓｅｒｖｉｃｅ,東京都江東区亀戸３丁目５０番５号ミネコーポⅠ－１０１,2022-08-22,株式会社
株式会社Ｔ’ｓインテリアサービス,栃木県下都賀郡壬生町大字壬生甲２２３９番地１,2022-08-22,株式会社
株式会社Ｔ＆Ｎプランニング,富山県高岡市泉町９６７番地１,2022-08-22,株式会社
株式会社ＴＡＴＥＧａＴＡ,大阪府大阪市北区堂島１丁目３番４号堂島リンデンビル３階３号室,2022-08-22,株式会社
株式会社ＴＭプロパティマネジメント,埼玉県越谷市神明町１丁目１３５番地１,2022-08-22,株式会社
株式会社ＴＯ　ＮＥＸＴ,北海道札幌市中央区北二条西２丁目３２番地第３７桂和ビル６階６０４号,2022-08-22,株式会社
株式会社ＴＵＧＥＲＬＬ,沖縄県宮古島市伊良部字国仲５８８番地７,2022-08-22,株式会社
株式会社Ｔａｓｋ　Ｆｒｅｅ,福井県鯖江市東鯖江４丁目８－６,2022-08-22,株式会社
株式会社ＵＮＩＴＩＮＧ,東京都江東区大島８丁目３４－２２,2022-08-22,株式会社
株式会社ＵＳＡＫＵ　ＰＡＲＡＤＩＳＥ,沖縄県那覇市牧志１丁目１番３９号ステップビル２Ｆ－Ｂ,2022-08-22,株式会社
株式会社ＷＥＬＬ　Ｃｏｒｐｏｒａｔｉｏｎ,北海道小樽市稲穂１丁目２番１０号,2022-08-22,株式会社
株式会社ＷＩＬＬ,福岡県北九州市八幡西区浅川町１４番１８号,2022-08-22,株式会社
株式会社ＷＩＳ,東京都渋谷区円山町５番５号Ｎａｖｉ渋谷Ｖ３階,2022-08-22,株式会社
株式会社Ｗｏｎｄｅｒ　ｗｉｎｄ,愛知県名古屋市中区錦３丁目１４番４号シャインアルファ７階,2022-08-22,株式会社
株式会社ＹＭＺ,東京都墨田区向島４丁目３番８号グレイス向島２０１Ｆ号室,2022-08-22,株式会社
株式会社ＹＵＮＩ,東京都新宿区西早稲田３丁目１６番８号こゆきコーポ２階３号（２０３号室）,2022-08-22,株式会社
株式会社ｈｅａｌ　ｂｅａｕｔｙ　ｇｌｏｂａｌ,東京都新宿区高田馬場４丁目９番１８号畔上セブンビル２０１,2022-08-22,株式会社
株式会社ｈｅａｒｔｆｕｌ・Ｇ,熊本県熊本市中央区花畑町１番１４号Ａ＆Ｍ、ＨＡＮＡＢＡＴＡ３０１号,2022-08-22,株式会社
株式会社ｉｉｎａ,東京都江戸川区鹿骨５丁目１９番１３号ヴェルドミールカシマ３０３,2022-08-22,株式会社
株式会社ｎｕｔｓ,東京都港区三田３丁目５－２７ラ・トゥール三田３６０６号室,2022-08-22,株式会社
株式会社ｓｔｏｒｙｂｏａｒｄ　ｓｕｎ,東京都渋谷区元代々木町４５番１－２０６号ヒューリックコート元代々木,2022-08-22,株式会社
湯大株式会社,大阪府大阪市東成区深江北３丁目４番２１号エクラ深江橋１０７Ｂ,2022-08-22,株式会社
特定非営利活動法人くわの実,長野県上田市生田３４１２番地３,2022-08-22,その他の設立登記法人
特定非営利活動法人つくば市聾者協会,茨城県つくば市春風台１２番地３９,2022-08-22,その他の設立登記法人
特定非営利活動法人まおり,高知県香南市香我美町徳王子１６１７番地１,2022-08-22,その他の設立登記法人
特定非営利活動法人まちかける学生プロジェクトｐｌｕｓ,神奈川県横浜市神奈川区六角橋６丁目２８番２９号,2022-08-22,その他の設立登記法人
特定非営利活動法人越谷市カヌー協会,埼玉県越谷市大字蒲生３８３５番地１朝日パリオ越谷南Ⅰ－６０９号,2022-08-22,その他の設立登記法人
特定非営利活動法人Ｇｏ‐Ｋｕｍａ‐Ｋｉｄｓ,和歌山県新宮市佐野９７３－４、１Ｆ,2022-08-22,その他の設立登記法人
田口資産管理合同会社,東京都渋谷区千駄ヶ谷５丁目１３番１８－２０４号リビオ新宿御苑,2022-08-22,合同会社
盛大国際株式会社,栃木県下都賀郡壬生町大字上田１４６９番１,2022-08-22,株式会社
真牛株式会社,埼玉県東松山市大字上野本５５５－１,2022-08-22,株式会社
社会保険労務士法人ＴＥＣＯ　Ｃｏｎｓｕｌｔｉｎｇ,東京都新宿区矢来町１１２番地第二松下ビル２Ｆ,2022-08-22,その他の設立登記法人
花満開株式会社,沖縄県那覇市前島３丁目２５番２－２０７号,2022-08-22,株式会社
若澤株式会社,神奈川県川崎市高津区新作５丁目１１番１－３２４号,2022-08-22,株式会社
蜜成学株式会社,東京都墨田区横川３丁目６番７号３－Ｋ,2022-08-22,株式会社
農事組合法人アグリ躰光寺,滋賀県東近江市躰光寺町７６７番地,2022-08-22,その他の設立登記法人
迪易云（上海）科技有限公司　駐在事務所,東京都千代田区神田紺屋町４３紺屋町共同ビル３０３号室,2022-08-22,外国会社等
那覇西デベロップメント一般社団法人,東京都中央区日本橋１丁目４番１号日本橋一丁目ビルディング,2022-08-22,その他の設立登記法人
金伯金株式会社,神奈川県川崎市宮前区宮崎６６７－５,2022-08-22,株式会社
金楽株式会社,大阪府大阪市淀川区西宮原２丁目６－１６－１００３号室,2022-08-22,株式会社
金町三和自治会,東京都葛飾区金町３丁目１０番１３号,2022-08-22,その他
鈴鹿資源リサイクル株式会社,三重県鈴鹿市東庄内町字地蔵僧４３１６番地２,2022-08-22,株式会社
鎧濤株式会社,福岡県福岡市博多区祇園町８番１２号ロータリー大和１１１７号室,2022-08-22,株式会社
雨晨株式会社,大阪府大阪市淀川区田川北２丁目５－３４・Ｅ棟３０２号室,2022-08-22,株式会社
雪華商事株式会社,東京都板橋区西台３丁目７番１１号２０１室,2022-08-22,株式会社
青川国際貿易株式会社,大阪府大阪市中央区高津３丁目８－１９スター・レジデンス黒門２０３号室,2022-08-22,株式会社
高月パートナーズ株式会社,東京都港区高輪２丁目１－１５－２０２,2022-08-22,株式会社
鳴子温泉花火実行委員会,宮城県大崎市鳴子温泉字湯元４１番地鳴子観光ホテル内,2022-08-22,その他
黔明株式会社,宮城県仙台市宮城野区榴岡３丁目８番２４－４０１号,2022-08-22,株式会社
Ｂ株式会社,茨城県稲敷市月出里６２１番地,2022-08-22,株式会社
ＢＲＥＥＺＥ株式会社,大阪府大阪市旭区新森３丁目１７番１９号,2022-08-22,株式会社
Ｂｅｌｖｅｄｅｒｅ　Ｃｏｎｓｕｌｔｉｎｇ株式会社,東京都品川区南品川２丁目２－５－２階リードシー南品川ビル６号室,2022-08-22,株式会社
Ｂｅｓｔ　Ｑｕａｌｉｔｙ株式会社,神奈川県川崎市多摩区中野島３丁目３１番６２－５号,2022-08-22,株式会社
ＣＬＥＯＰＡＴＲＡ　ＧＲＯＵＰ合同会社,愛知県稲沢市稲島東２丁目７番地,2022-08-22,合同会社
ＤＸ総合研究所株式会社,大阪府大阪市北区豊崎１丁目２－４、１階,2022-08-22,株式会社
ＦＡサービス合同会社,埼玉県加須市旗井７７９番地,2022-08-22,合同会社
ＦＪＤ　Ｊａｐａｎ株式会社,東京都港区南青山４丁目１７番１３号１０３室,2022-08-22,株式会社
ＦＬＡＧ合同会社,埼玉県桶川市上日出谷南１丁目１番地の５,2022-08-22,合同会社
ＦＯＸＣＲＥＡＴＥ株式会社,広島県広島市中区銀山町３番１号ひろしまハイビル２１－１６Ｆ,2022-08-22,株式会社
Ｆｉｒｓｔ　ＲＥＩＴ　Ｊａｐａｎ　Ｔｗｏ一般社団法人,東京都港区赤坂２丁目１０番５号税理士法人赤坂国際会計事務所内,2022-08-22,その他の設立登記法人
Ｆｉｒｓｔ　ＲＥＩＴ　Ｊａｐａｎ２合同会社,東京都港区赤坂２丁目１０番５号税理士法人赤坂国際会計事務所内,2022-08-22,合同会社
ＧＯＬＢＡ株式会社,東京都港区新橋２丁目５番６号,2022-08-22,株式会社
ＧＵＲＡＳ株式会社,大阪府大阪市西区西本町１丁目１３番２０－５０３号,2022-08-22,株式会社
Ｈ＆Ｈ株式会社,大阪府大阪市東成区深江北３丁目４番２１号エクラ深江橋３１３Ｂ,2022-08-22,株式会社
ＩＲマネジメント株式会社,広島県広島市南区比治山町２番４号,2022-08-22,株式会社
Ｊ　Ｂａｄａｓｓ株式会社,東京都豊島区長崎５丁目７番５号ハイムコスモス１０２号,2022-08-22,株式会社
ＪＰＶＡＮ株式会社,大阪府大阪市東成区中道２丁目１５－５Ｏ’ｓＲＥＺＩＤＥＮＳＥ森之宮２０２号室,2022-08-22,株式会社
Ｊｂｃ　ｎｅｔｗｏｒｋ株式会社,京都府京都市伏見区深草下川原町５２番地５,2022-08-22,株式会社
ＫＡＮＯＡ合同会社,神奈川県平塚市菫平１９－１,2022-08-22,合同会社
ＫＥＹ不動産株式会社,愛知県名古屋市中区錦３丁目１１番２５号アーク栄錦ニュービジネスビル３１１号,2022-08-22,株式会社
ＭＡＳ　Ｃｏｎｓｕｌｔｉｎｇ株式会社,東京都大田区田園調布４丁目２６番２２号,2022-08-22,株式会社
ＭＡＴＳＵＫＡＮ　ＧＲＯＵＰ合同会社,群馬県伊勢崎市昭和町１８０９‐２‐５号,2022-08-22,合同会社
ＭＡＵＬＵ株式会社,東京都江東区亀戸７丁目３９番１１号,2022-08-22,株式会社
ＮＩＮＥ　ＦＬＡＰ合同会社,東京都江戸川区中葛西３丁目２４－１１ＢＬＥＳＳ葛西４０１,2022-08-22,合同会社
ＮＰＯ法人ダンデライオン,大阪府大阪市北区天神橋５丁目７番１０号さかしん天神橋ビル７０２号室,2022-08-22,その他の設立登記法人
Ｏｕｔｌｉｅｒ株式会社,東京都中央区日本橋蛎殻町１丁目１３番１号ユニゾ蛎殻町北島ビルＢ１階,2022-08-22,株式会社
ＰＡＧ　ＨＴＢ　Ｈｏｌｄｉｎｇｓ株式会社,東京都港区虎ノ門４丁目１番２８号虎ノ門タワーズオフィス２０階,2022-08-22,株式会社
ＰＯＬＵ合同会社,東京都文京区向丘２丁目３４番５－６０３号,2022-08-22,合同会社
ＰＳＣ　Ｂｉｏｔｅｃｈ　Ｊａｐａｎ合同会社,東京都港区虎ノ門４丁目３番１号城山トラストタワー東京赤坂法律事務所内,2022-08-22,合同会社
Ｐｌｕｇｉｎ　Ｂｏｕｔｉｑｕｅ　Ｌｉｍｉｔｅｄ,,2022-08-22,外国会社等
Ｐｒｏｇｒｅｄｉ合同会社,東京都港区南青山２丁目２番１５号,2022-08-22,合同会社
ＱｉｎｇＹｕａｎＳｈｉ　ＺｈｕｏＹｕｅ　Ｊｉａ　Ｊｕ　Ｓｈｉ　Ｙｅ　Ｃｏ．，ＬＴＤ．,,2022-08-22,外国会社等
ＲＳアセットアドバイザーズ株式会社,東京都港区六本木６丁目３番１号六本木ヒルズクロスポイント６階,2022-08-22,株式会社
ＳＡＥＮＣＯ株式会社,大阪府大阪市東成区深江北３丁目４番２１号エクラ深江橋５１１Ａ,2022-08-22,株式会社
ＳＨＯケン株式会社,熊本県上益城郡益城町大字宮園８６７番地５,2022-08-22,株式会社
ＳＯＬＵＮ合同会社,東京都新宿区西新宿３丁目３番１３号西新宿水間ビル６階,2022-08-22,合同会社
ＳＴサービス株式会社,岡山県浅口郡里庄町大字里見３１２１番地の１,2022-08-22,株式会社
ＳｈｅｎＺｈｅｎ　ＭａｉＮｕｏＤａ　ＭａｏＹｉ　ＹｏｕＸｉａｎＧｏｎｇＳｉ,,2022-08-22,外国会社等
Ｓｈｅｎｚｈｅｎ　Ｑｉａｎｈａｉ　Ｊｉａｙｉｎｇ　Ｉｎｔｅｌｌｉｇｅｎｔ　Ｔｅｃｈｎｏｌｏｇｙ　Ｃｏ．,,2022-08-22,外国会社等
Ｓｐｌａｓｈ　Ｐａｒｔｎｅｒｓ合同会社,神奈川県横浜市青葉区もえぎ野２０－１６,2022-08-22,合同会社
Ｔｅａｍ１０８合同会社,神奈川県横須賀市久村６３１番地４,2022-08-22,合同会社
Ｔｅｃｈｎｏ　Ｍ合同会社,愛知県名古屋市港区正徳町１丁目６２番地の１,2022-08-22,合同会社
Ｔｅｃｔｏ　Ｌｉｍｉｔｅｄ,,2022-08-22,外国会社等
Ｔｏｔａｌ　ｖｉｃｔｏｒｙ株式会社,東京都練馬区光が丘３丁目８番９－３０２号,2022-08-22,株式会社
Ｗｈｉｓｋ合同会社,東京都港区南青山３丁目１番３６号青山丸竹ビル６Ｆ,2022-08-22,合同会社
ＹＵＢＩ　ＣＯＲＰＯＲＡＴＩＯＮ合同会社,神奈川県横浜市南区共進町１丁目８番地４日清ハイツ２０２,2022-08-22,合同会社
ｃａｌｍ合同会社,大阪府高槻市藤の里町２８番２号,2022-08-22,合同会社
ｆｕｔｕｒｅＳＨＩＦＴ株式会社,東京都港区赤坂７丁目６番４１－４１１号赤坂七番館,2022-08-22,株式会社
ｒｅｆｒａｎｃ株式会社,宮城県仙台市宮城野区燕沢１丁目２番３１号,2022-08-22,株式会社
ｓｔｅａｄｙ　ｐｌａｎ株式会社,高知県高知市桟橋通４丁目１６番４２号日電工高知ビル２階,2022-08-22,株式会社
かまね株式会社,千葉県柏市旭町８丁目５番１９号,2022-08-23,株式会社
くまもと県産材ＳＣＭ協同組合,熊本県熊本市中央区神水１丁目１１番１４号,2022-08-23,その他の設立登記法人
みらい商事合同会社,千葉県山武郡九十九里町不動堂３０６番地１１,2022-08-23,合同会社
やまと事業承継サポートセンター合同会社,奈良県生駒郡三郷町勢野北２丁目７番１３号,2022-08-23,合同会社
アベリア合同会社,千葉県浦安市北栄２丁目１５番１１－１０６号エスポワールⅧ,2022-08-23,合同会社
アントニーファーム株式会社,山口県山口市佐山字産業団地南１２００番１６,2022-08-23,株式会社
エナ合同会社,東京都練馬区田柄３丁目１７番２０号,2022-08-23,合同会社
クルア・ベンジャロン株式会社,三重県鈴鹿市算所１丁目１２番２５号,2022-08-23,株式会社
サクラサカス株式会社,千葉県千葉市花見川区幕張本郷６丁目７番１号ハイツ本郷３０２号,2022-08-23,株式会社
スカイ・ホールディング合同会社,東京都江戸川区東葛西４丁目４番１号,2022-08-23,合同会社
ダンデライオン株式会社,東京都港区赤坂７丁目６番７０号キャストロ赤坂１０１,2022-08-23,株式会社
ティーエヌインキュベーション株式会社,東京都港区南麻布５丁目４番１号オパス有栖川テラス７０５,2022-08-23,株式会社
ディグポ有限会社,埼玉県さいたま市北区宮原町２丁目３９番地の８,2022-08-23,有限会社
トミオカファーム合同会社,福井県福井市春日１丁目６－４,2022-08-23,合同会社
フジマネジメント合同会社,愛媛県東温市野田１丁目５－２２,2022-08-23,合同会社
ボナファディズサポート株式会社,東京都千代田区神田神保町１丁目３６番地１新神保町ビル６０１号,2022-08-23,株式会社
ミリンダランカ合同会社,千葉県山武市松尾町大堤１６２番地４,2022-08-23,合同会社
リノテック株式会社,兵庫県神戸市灘区記田町４丁目１番６号,2022-08-23,株式会社
ヴェジファームデベロッパー合同会社,東京都港区麻布十番２丁目８番５号メゾンアザブディックス２０１,2022-08-23,合同会社
一般社団法人ひらかたしっぽの会,大阪府枚方市長尾元町７丁目３２番１号,2022-08-23,その他の設立登記法人
一般社団法人アジア大洋州小児神経学会,福岡県福岡市早良区百道浜１丁目３番７０－５８０５号,2022-08-23,その他の設立登記法人
一般社団法人カネタ土壌改修評議機構,高知県高知市仁井田４５６３番地１,2022-08-23,その他の設立登記法人
一般社団法人チームがじゃん,沖縄県中頭郡西原町字上原２０７番地,2022-08-23,その他の設立登記法人
一般社団法人住宅ローン問題相談センター,埼玉県新座市野寺４丁目２番１６号,2022-08-23,その他の設立登記法人
一般社団法人北斗星,東京都日野市大字上田３３９番地の５,2022-08-23,その他の設立登記法人
一般社団法人市民会議,千葉県船橋市市場１丁目８番１号,2022-08-23,その他の設立登記法人
一般社団法人日本マーケティングオペレーション協会,京都府京都市中京区河原町通二条下る２丁目下丸屋町４０３番地,2022-08-23,その他の設立登記法人
一般社団法人日本農スポ推進協議会,福島県福島市金谷川１番地福島大学人間発達文化学類保健体育棟蓮沼研究室内,2022-08-23,その他の設立登記法人
一般社団法人日本金属屋根施工ネットワーク,群馬県伊勢崎市上植木本町２６４６番地２２,2022-08-23,その他の設立登記法人
一般社団法人未来環境推進,東京都千代田区永田町２丁目１７－３,2022-08-23,その他の設立登記法人
一般社団法人東金労働基準協会,千葉県東金市東金５８７番地６南総通運（株）旧本社ビル３階,2022-08-23,その他の設立登記法人
一般社団法人沖縄県相続支援協会,沖縄県那覇市牧志３丁目１番２０号,2022-08-23,その他の設立登記法人
一般社団法人渋谷ボッチャ協会,東京都渋谷区神宮前４丁目１５番３号,2022-08-23,その他の設立登記法人
一般社団法人相馬,東京都千代田区内神田２丁目２番６号５階あすな会計事務所内,2022-08-23,その他の設立登記法人
一般社団法人茨城県ドローン協会,茨城県稲敷郡阿見町岡崎１丁目２０番地１,2022-08-23,その他の設立登記法人
一般社団法人ＧＴＯ,東京都日野市大字上田３３９番地の５,2022-08-23,その他の設立登記法人
一般社団法人ＨＡＷＡＨ　ＬＹＭＰＨＡＴＩＣ　ＳＹＳＴＥＭ　ＲＥＳＥＡＲＣＨ,北海道白老郡白老町日の出町５丁目２８番地７０,2022-08-23,その他の設立登記法人
一般社団法人ＭＹＮＫＳ,福井県あわら市下番第２３号２番地１４,2022-08-23,その他の設立登記法人
一般社団法人Ｓｔａｎｄ　Ｗｉｔｈ　Ｕｋｒａｉｎｅ　Ｊａｐａｎ,東京都目黒区目黒２丁目１１番３号,2022-08-23,その他の設立登記法人
中道農園株式会社,滋賀県野洲市比留田２４５８番地,2022-08-23,株式会社
亜美合同会社,東京都葛飾区立石６丁目８番１１－１０９号,2022-08-23,合同会社
仁和合同会社,三重県鈴鹿市大池３丁目９番５号,2022-08-23,合同会社
全ツ合同会社,東京都千代田区飯田橋３丁目１－６マリアナ飯田橋Ｅａｓｔ６Ｆ,2022-08-23,合同会社
共創合同会社,東京都府中市東芝町１番地の６４エフユニバース１０２８,2022-08-23,合同会社
加美屋リゾート株式会社,東京都渋谷区恵比寿３丁目９番１３号,2022-08-23,株式会社
勝田農業株式会社,埼玉県熊谷市男沼１５２番地２,2022-08-23,株式会社
医療法人社団星野歯科医院,新潟県上越市柿崎区上下浜４９６番地,2022-08-23,その他の設立登記法人
医療法人社団ｅｙｅ‐ｌａｎｄ,新潟県新潟市中央区西堀通３番町２５７番地１０,2022-08-23,その他の設立登記法人
医療法人ＥＭＭＡ,新潟県新潟市中央区万代１丁目３－１０万代Ｊビルディング５階,2022-08-23,その他の設立登記法人
単立折尾クリスチャン・チャーチ,福岡県北九州市八幡西区藤原２丁目１２番６号,2022-08-23,その他の設立登記法人
合同会社ことか,千葉県四街道市和良比２８９番地１,2022-08-23,合同会社
合同会社つなぐ,大分県大分市大道町２丁目８番１１号,2022-08-23,合同会社
合同会社ほぐっど,沖縄県沖縄市登川２丁目２７番１８号,2022-08-23,合同会社
合同会社みくりや,兵庫県明石市松が丘１丁目７番２２号,2022-08-23,合同会社
合同会社よろずや,佐賀県佐賀市兵庫北３丁目１２番２０号,2022-08-23,合同会社
合同会社アットマークオリヴィエ,埼玉県入間市大字野田１９７６番地５,2022-08-23,合同会社
合同会社アリアンツ,東京都町田市小山ヶ丘３丁目１２番地８ドミール多摩境Ｄ１０１,2022-08-23,合同会社
合同会社エンソレイル,千葉県流山市向小金３丁目７０―３０,2022-08-23,合同会社
合同会社カーム・スタンダード,長崎県長崎市北栄町５番１６号,2022-08-23,合同会社
合同会社グッドスペース,滋賀県草津市西大路町５番１０－７０３号ユニハイム草津フレッシア,2022-08-23,合同会社
合同会社グランセイ,千葉県千葉市美浜区高洲３丁目１５番４棟４１０号,2022-08-23,合同会社
合同会社グリットジョイン,東京都渋谷区神宮前６丁目２３番４号桑野ビル２階,2022-08-23,合同会社
合同会社シャファード‐Ｃｏ,栃木県下都賀郡壬生町大字藤井６１２番地８,2022-08-23,合同会社
合同会社シンクアップ宮崎,宮崎県宮崎市生目台東１丁目１６番地７,2022-08-23,合同会社
合同会社ドルフィン,福岡県那珂川市中原３丁目７番地６Ｆ,2022-08-23,合同会社
合同会社ナカムラ山事,三重県北牟婁郡紀北町島勝浦１６１番地２,2022-08-23,合同会社
合同会社ハピネ,兵庫県神戸市中央区橘通３丁目２番３号高山ビル３階,2022-08-23,合同会社
合同会社バズプロ,宮城県仙台市青葉区中央４丁目１０－３ＪＭＦビル仙台０１、２Ｆ,2022-08-23,合同会社
合同会社バンブーサークル,大阪府大阪市西区江戸堀１丁目２７番１－８０３,2022-08-23,合同会社
合同会社ヒロ・コーポレーション,東京都中央区銀座１丁目２２番１１号銀座大竹ビジデンス２階,2022-08-23,合同会社
合同会社フォレスター,大阪府大阪市西区境川２丁目５－２７谷野ビル２Ｆ,2022-08-23,合同会社
合同会社ヘルプリバー,茨城県つくば市並木２丁目２番地１８,2022-08-23,合同会社
合同会社モーニングストーン,青森県弘前市大字小沢字広野２６―１,2022-08-23,合同会社
合同会社北斗星,東京都日野市大字上田３３９番地の５,2022-08-23,合同会社
合同会社庄子建装,宮城県仙台市青葉区折立２丁目７番２０－６０７号,2022-08-23,合同会社
合同会社有明グリーンガレージ,北海道札幌市清田区有明５番２,2022-08-23,合同会社
合同会社２２世紀数理統計研究所,千葉県佐倉市臼井１５０３番地２,2022-08-23,合同会社
合同会社ＢＢＱＳＴＡＮＤ,鹿児島県鹿児島市下荒田１丁目６－１９,2022-08-23,合同会社
合同会社ＢＣＪ‐６７,東京都千代田区丸の内１丁目１番１号パレスビル５階,2022-08-23,合同会社
合同会社Ｂａｌｌｏｏｎ　ｕｐ,東京都新宿区西新宿２丁目２番１号ＫＥＩＯＢＩＺＰＬＡＺＡ,2022-08-23,合同会社
合同会社Ｂｅｙｏｎｄ,東京都足立区千住４丁目４－３－２０４,2022-08-23,合同会社
合同会社Ｂｉｏｔｙｆｕｌ,兵庫県姫路市御立西２丁目１０－２１－１,2022-08-23,合同会社
合同会社ＣＦＢ,大阪府茨木市総持寺駅前町４番１２号さくらいふビル２０３号室,2022-08-23,合同会社
合同会社ＣＯＭＢＡＴ　ＬＡＢＥＬ,東京都大田区南雪谷２丁目１２－９－２０１,2022-08-23,合同会社
合同会社Ｃｏ．ｌｌａｂｏ,北海道札幌市清田区美しが丘二条２丁目９番７号,2022-08-23,合同会社
合同会社ＤＲＡＧＯＮＭＯＴＯＲ,岡山県岡山市北区南中央町１０番４号,2022-08-23,合同会社
合同会社ＦＵＫＵＭＯＴＯ,岐阜県本巣市政田４３４番地１,2022-08-23,合同会社
合同会社ＧＴＯ,東京都日野市大字上田３３９番地の５,2022-08-23,合同会社
合同会社ＨＲ＆Ｎコンサルティング,東京都文京区関口１丁目６番５号プラウド文京関口７０４,2022-08-23,合同会社
合同会社Ｈａｐｐｙ　Ｓｍｉｌｅ,北海道岩見沢市幌向南二条２丁目２０５番地２,2022-08-23,合同会社
合同会社Ｉｓｋａｎｄａｒ,大阪府堺市美原区黒山５０３番地２,2022-08-23,合同会社
合同会社ＫＳＩ,静岡県静岡市葵区城東町２４番１５号,2022-08-23,合同会社
合同会社ＫｅｙＧ,東京都三鷹市井の頭５丁目１０番４号チェンテナリオＱ５,2022-08-23,合同会社
合同会社ＬＥＥＰＥＡＲＬ,京都府京都市山科区厨子奥若林町５１番地３,2022-08-23,合同会社
合同会社Ｎａｂｅｅクラブ,沖縄県那覇市古波蔵３丁目１番１－９０２号Ｆステージ古波蔵レイクフロント,2022-08-23,合同会社
合同会社Ｎｅｘｔ　Ｔｅｒｒａｃｅ,鹿児島県鹿児島市中町４番３号,2022-08-23,合同会社
合同会社Ｎｓちゅうりっぷ,神奈川県相模原市南区上鶴間本町１丁目４２番１２号,2022-08-23,合同会社
合同会社ＯＴＫ,埼玉県上尾市愛宕２丁目２４番６－１４号,2022-08-23,合同会社
合同会社ＰＯＰＰＯ,大分県佐伯市野岡町１丁目４番４３号,2022-08-23,合同会社
合同会社Ｒ＆Ｔ,東京都港区三田２丁目２０番３号クリスティ・ハウス２０３,2022-08-23,合同会社
合同会社Ｓ‐Ｃｕｌｔｕｒｅ,東京都目黒区自由が丘２丁目１６番地１２号ＲＪ３,2022-08-23,合同会社
合同会社Ｓｔｒａｗｂｅｒｒｙ　Ｆｉｅｌｄｓ,東京都渋谷区南平台町７番６－３１０号,2022-08-23,合同会社
合同会社Ｔ２ＰＬＵＳ,東京都目黒区中根２丁目１４番１９号,2022-08-23,合同会社
合同会社ＴＨＡＴＳＯＵ,千葉県野田市つつみ野２丁目２７番地の１,2022-08-23,合同会社
合同会社ＹＡＡ,大阪府大阪市西区新町４丁目８－８・１４０８号,2022-08-23,合同会社
合同会社ＹＭＤ・Ｎ,神奈川県川崎市川崎区四谷上町１０番２－７０４号クオス川崎エスタル,2022-08-23,合同会社
合同会社ｊｏｉｎ,神奈川県川崎市宮前区菅生１丁目１３－１４,2022-08-23,合同会社
合同会社ｋａＭ,東京都港区南青山２丁目２番１５号ＷＩＮ青山５３１,2022-08-23,合同会社
合同会社ｋａｗａｋａｍｉ,神奈川県横浜市緑区長津田７丁目１９番３３－２号,2022-08-23,合同会社
合同会社ｍｉｉｍｉ,北海道旭川市永山一条２丁目３－２１,2022-08-23,合同会社
合同会社ｏｆｆｉｃｅ　ｉｍｐａｃｔ,北海道旭川市豊岡九条５丁目５番８号,2022-08-23,合同会社
合同会社ｐｌａｙｚ,鹿児島県霧島市隼人町真孝２４４０番地１,2022-08-23,合同会社
合同会社ｓｕｎａｐｐ,佐賀県佐賀市本庄町１番地佐賀大学理工学部７号館３０８,2022-08-23,合同会社
合資会社港南創研,神奈川県横浜市港南区上永谷４丁目１０番２１号１１１,2022-08-23,合資会社
吉岡商事株式会社,佐賀県佐賀市八幡小路４番２７号３０１,2022-08-23,株式会社
名香生物製薬株式会社,東京都台東区松が谷３丁目５番９号西ビル２Ｆ,2022-08-23,株式会社
和太鼓　暁,埼玉県入間郡三芳町大字藤久保７１２３,2022-08-23,その他
多根合同会社,大阪府大阪市東成区中本５丁目２２番１１号ウエストハイツ中本３０３号室,2022-08-23,合同会社
大和スマートパートナーズ株式会社,神奈川県横浜市港北区新横浜３丁目７番地７新横浜アリーナ通りビル３階,2022-08-23,株式会社
太陽青果株式会社,大阪府大阪市福島区野田１丁目１番８６号,2022-08-23,株式会社
山崎商事株式会社,愛知県西尾市下羽角町六反６６番地,2022-08-23,株式会社
巧アセット株式会社,熊本県熊本市西区池上町３８０－５,2022-08-23,株式会社
投桃株式会社,大阪府大阪市東成区深江北３丁目４番２１号エクラ深江橋６１０Ａ,2022-08-23,株式会社
文学不動産株式会社,香川県高松市花園町２丁目１番地８,2022-08-23,株式会社
日本贛州臻昇資源貿易株式会社,東京都品川区南品川１丁目１番３号,2022-08-23,株式会社
日輝国際株式会社,兵庫県神戸市中央区磯辺通３丁目１番２号,2022-08-23,株式会社
有限会社大倉電子製作所,山形県村山市大字林崎６８番地,2022-08-23,有限会社
有限会社赤木建設,宮崎県小林市東方３２０１番地８,2022-08-23,有限会社
東京国林医療株式会社,東京都千代田区外神田２丁目１３番５号ＭＩＮＴＲＯＮ秋葉原ビル６階,2022-08-23,株式会社
株式会社くじらの島,沖縄県中頭郡読谷村字長浜１３７９番地,2022-08-23,株式会社
株式会社しぜんｉｎｇ,香川県丸亀市垂水町８９７番地３３,2022-08-23,株式会社
株式会社みらい不動産,神奈川県横浜市中区長者町９丁目１４５番地２,2022-08-23,株式会社
株式会社みらい北本,埼玉県北本市西高尾１丁目２１４番地,2022-08-23,株式会社
株式会社やまりき,東京都荒川区東日暮里１丁目１１番８号,2022-08-23,株式会社
株式会社アンディファインド,東京都新宿区西新宿１丁目３番３号品川ステーションビル新宿４１０号室,2022-08-23,株式会社
株式会社イクシナ,神奈川県横浜市泉区緑園３丁目３７番地３９,2022-08-23,株式会社
株式会社イタヤ,千葉県野田市はやま１７番地２,2022-08-23,株式会社
株式会社イマロ,東京都中野区松が丘２丁目１９－７－１０１,2022-08-23,株式会社
株式会社イーハウス,東京都新宿区百人町１丁目１８番８号大久保カドビル４０４号室,2022-08-23,株式会社
株式会社ウェルプロ,東京都八王子市大和田町２丁目５番４０号,2022-08-23,株式会社
株式会社ウラカン,東京都荒川区町屋７丁目１４番５－７０４号,2022-08-23,株式会社
株式会社エヌエフブレイン,神奈川県三浦郡葉山町長柄６５４番地の８,2022-08-23,株式会社
株式会社オカノメンテナンスサービス,沖縄県那覇市安謝１丁目２３番８号,2022-08-23,株式会社
株式会社カツヤオート苫小牧,北海道苫小牧市明野新町４丁目９番１８号,2022-08-23,株式会社
株式会社クラウドストライフ,大阪府大阪市西区北堀江１丁目１３番２３号３０２,2022-08-23,株式会社
株式会社クリエイトコモンズ,大阪府池田市畑１丁目２番１７号,2022-08-23,株式会社
株式会社クロスビジョン,佐賀県鳥栖市神辺町９１８番地,2022-08-23,株式会社
株式会社グランドステーキ,山口県周南市青山町１－１８ゆめタウン徳山２Ｆ,2022-08-23,株式会社
株式会社グロースリンク,富山県高岡市金屋１２９番地１,2022-08-23,株式会社
株式会社コッポラ,千葉県茂原市茂原８７０番地－６ヒカリハイツ１０２,2022-08-23,株式会社
株式会社コンサルバロン,愛知県津島市北町１２５番地７,2022-08-23,株式会社
株式会社サングリア,東京都渋谷区円山町１２番２号,2022-08-23,株式会社
株式会社サンサン,東京都中野区弥生町１丁目４３番１５号,2022-08-23,株式会社
株式会社サンダルフォン,佐賀県佐賀市北川副町大字新郷６２４番地,2022-08-23,株式会社
株式会社シンクスト,東京都渋谷区神宮前６丁目２３番４号桑野ビル２階,2022-08-23,株式会社
株式会社ジェミニ,徳島県徳島市川内町大松１４６番地の３,2022-08-23,株式会社
株式会社ジーエー,東京都世田谷区松原４丁目８番１０－２０１号,2022-08-23,株式会社
株式会社スタッツ,大阪府門真市島頭２丁目５番３３号,2022-08-23,株式会社
株式会社セオリーｉｎｃ,大阪府大阪市淀川区新高６丁目１４番７－３０５号,2022-08-23,株式会社
株式会社セリウム,大阪府四條畷市大字清瀧１１３０番７０号,2022-08-23,株式会社
株式会社ツインデイズ,茨城県土浦市荒川沖東３丁目３－２ＯＧビル２階,2022-08-23,株式会社
株式会社ツー・エムホールディングス,大阪府東大阪市元町２丁目３番６０号,2022-08-23,株式会社
株式会社ドルフィンケア,東京都調布市佐須町３丁目７番地１８,2022-08-23,株式会社
株式会社バフ,東京都渋谷区神宮前６丁目２３番４号桑野ビル２階,2022-08-23,株式会社
株式会社フォレスト製薬,大阪府大阪市中央区南船場４丁目６番２２号６０１号室,2022-08-23,株式会社
株式会社プレインアンドシー,東京都品川区東品川２丁目６番１７－８０５号,2022-08-23,株式会社
株式会社ライオット,福島県いわき市鹿島町走熊字坪下１０番地２０３,2022-08-23,株式会社
株式会社ライフケアサポートアップル,香川県東かがわ市三本松１２０６番地,2022-08-23,株式会社
株式会社ラッキーパンチ,東京都練馬区豊玉北６丁目１３番１１－５０４号,2022-08-23,株式会社
株式会社ラーク,東京都足立区谷中１丁目３２番２５－３０２号,2022-08-23,株式会社
株式会社リナレクス,東京都千代田区外神田３丁目１５番６号小暮末広ビル４階,2022-08-23,株式会社
株式会社リビエラ,滋賀県大津市大将軍２丁目７－３１ベルヴィ大将軍３０３,2022-08-23,株式会社
株式会社リピートワーク,大阪府大阪市都島区都島本通１丁目１５番１４号,2022-08-23,株式会社
株式会社リ・セゾン,東京都品川区大井６丁目１７番１７号,2022-08-23,株式会社
株式会社リーヴスツリー,大阪府大阪市西成区長橋１丁目４番７号今宮スカイハイツ１０２,2022-08-23,株式会社
株式会社レギオンサービス,埼玉県越谷市赤山町１丁目３０４番地１０,2022-08-23,株式会社
株式会社レシートローラ,長野県上水内郡飯綱町大字高坂字中原１３００番地２８,2022-08-23,株式会社
株式会社レッツ,大阪府堺市中区深阪６丁２１－５４,2022-08-23,株式会社
株式会社三晴,千葉県木更津市富士見１丁目２番１号株式会社木更津そごう内,2022-08-23,株式会社
株式会社八十八商会,東京都千代田区九段南２丁目８番５号,2022-08-23,株式会社
株式会社公心企業,熊本県宇城市松橋町竹崎１２４１番地１－２０５号,2022-08-23,株式会社
株式会社匠志向,大阪府大阪市大正区三軒家西３丁目４番１６号中山ビル,2022-08-23,株式会社
株式会社夢,東京都渋谷区東３丁目１１番１０号,2022-08-23,株式会社
株式会社大城保険サービス,沖縄県豊見城市字与根１７９番地,2022-08-23,株式会社
株式会社大志,東京都目黒区東が丘１丁目１０－１６アンビエラ東が丘１０２,2022-08-23,株式会社
株式会社大栄,埼玉県朝霞市本町１丁目２４番２号ＣｏｃｏｓＧａｒｄｅｎＶｉｌｌａ１０２号,2022-08-23,株式会社
株式会社完奈,千葉県千葉市緑区おゆみ野５丁目５６－１サンボナールＪ１０１,2022-08-23,株式会社
株式会社宣伝部長,福岡県北九州市小倉北区赤坂４丁目５番６号,2022-08-23,株式会社
株式会社巴ホテル,山形県鶴岡市末広町１２番６号,2022-08-23,株式会社
株式会社平間ファーム美瑛,北海道旭川市神居三条８丁目２番１５号,2022-08-23,株式会社
株式会社日本企福,大阪府大阪市生野区田島５丁目１９番７号８号室,2022-08-23,株式会社
株式会社病院まちねっと,大阪府大阪市中央区平野町４丁目６番４号,2022-08-23,株式会社
株式会社福元建築研究所,岡山県岡山市南区大福６７９番地２１,2022-08-23,株式会社
株式会社継貢社,大阪府大阪市北区天神橋２丁目５番３号－６０５,2022-08-23,株式会社
株式会社興明舎,新潟県刈羽郡刈羽村大字滝谷５５番地１,2022-08-23,株式会社
株式会社英幸商事,東京都町田市山崎町１３５６番地シーアイハイツＦ－９０３,2022-08-23,株式会社
株式会社豚平,岡山県苫田郡鏡野町古川８７３番地３,2022-08-23,株式会社
株式会社鄭記商事,東京都板橋区仲町１３番１－１０１,2022-08-23,株式会社
株式会社金一,兵庫県尼崎市昭和通２丁目１２番２９号黒谷ビル２Ｆ,2022-08-23,株式会社
株式会社金属技研,千葉県野田市目吹２２８４番地２,2022-08-23,株式会社
株式会社鑫達通商,北海道稚内市宝来３丁目２番１３号,2022-08-23,株式会社
株式会社長久,福岡県北九州市小倉南区葛原本町１丁目１２番９号,2022-08-23,株式会社
株式会社ＡＮＬＵＸＥ,愛知県岡崎市井内町字上堤１１番地１グレフューレ壱番館１０１号,2022-08-23,株式会社
株式会社ＡＸＥＦＩＥＬＤ,東京都中央区銀座１丁目１２番４号Ｎ＆ＥＢＬＤ．７階,2022-08-23,株式会社
株式会社ＡｌｇｏＣｒｅａｔｉｏｎ,東京都豊島区東池袋１丁目３４番５号いちご東池袋ビル６階,2022-08-23,株式会社
株式会社Ａｌｌ‐Ｒｉｇｈｔ,兵庫県尼崎市猪名寺１丁目２３番１６号,2022-08-23,株式会社
株式会社Ａｖｒｉｏｔ　Ｈｏｌｄｉｎｇｓ,東京都渋谷区道玄坂１丁目１０番８号渋谷道玄坂東急ビル２Ｆ‐Ｃ,2022-08-23,株式会社
株式会社ＢＡＮＳＯＯ,東京都目黒区中目黒２丁目９－１１,2022-08-23,株式会社
株式会社ＢＲＩＯＳＯ,東京都調布市入間町１丁目３７番４６号,2022-08-23,株式会社
株式会社Ｂｅｃｋｍａｎ,山口県岩国市牛野谷町３丁目３９番９－２号,2022-08-23,株式会社
株式会社Ｂｌｉｔｚｗａｙ　Ｊａｐａｎ,東京都港区芝大門１丁目４番４－９０９号,2022-08-23,株式会社
株式会社ＣＨＨ,愛知県名古屋市中川区尾頭橋１丁目１番３５号（シティコーポ尾頭橋２号館１００１号）,2022-08-23,株式会社
株式会社ＣｈａＰｌｕｓ,東京都渋谷区神宮前６丁目２３番４号桑野ビル２階,2022-08-23,株式会社
株式会社Ｃｙｇｎｕｓ,東京都渋谷区笹塚２丁目１６－４アンディーラニ笹塚２０１,2022-08-23,株式会社
株式会社Ｄｉｇｉｔｔｌｅ,東京都渋谷区渋谷２丁目６番６－２０１号,2022-08-23,株式会社
株式会社ＥＶＥＲＹＳ,東京都渋谷区道玄坂１丁目１０番８号渋谷道玄坂東急ビル２Ｆ－Ｃ,2022-08-23,株式会社
株式会社ＦＡＩＲＥ,埼玉県川口市芝西２丁目４番２１号,2022-08-23,株式会社
株式会社ＨＯＰ,大阪府大阪市淀川区西三国１丁目９番２６号,2022-08-23,株式会社
株式会社ＨＵＧＥＮ,東京都港区六本木４丁目２番２０号パークサイド六本木３１０号室,2022-08-23,株式会社
株式会社ＩＡＳ　ＪＡＰＡＮ,埼玉県北葛飾郡松伏町大字築比地２１６５番地２,2022-08-23,株式会社
株式会社ＩＢレジデンス,静岡県藤枝市兵太夫５８２番地の２,2022-08-23,株式会社
株式会社ＩＮＣＬＵＳＩＶＩＴＹ,東京都渋谷区神宮前６丁目２３番４号桑野ビル２階,2022-08-23,株式会社
株式会社Ｊｕｓｔ　Ｌｉｎｅ,神奈川県横浜市港北区菊名３丁目１５番３０号バーディー飯倉１０２号,2022-08-23,株式会社
株式会社Ｋ’ｚ　Ｆａｃｔｏｒｙ,東京都新宿区新宿１丁目３６番２号新宿第七葉山ビル３階,2022-08-23,株式会社
株式会社Ｋ＆Ｓ,大阪府富田林市若松町４丁目１４－４４,2022-08-23,株式会社
株式会社Ｋ．Ｄｒｅａｍ,北海道帯広市東四条南２０丁目１９番地,2022-08-23,株式会社
株式会社ＫＡＤＯＤＥ,東京都渋谷区代々木２丁目２１－３－２０１,2022-08-23,株式会社
株式会社ＫＡＮＤＹ　ＥＮＴＥＲＰＲＩＳＥＳ,千葉県野田市柏寺２５８番地１１,2022-08-23,株式会社
株式会社Ｋａｓｈｉｗａｇｉ,神奈川県綾瀬市寺尾釜田１丁目１番１２号,2022-08-23,株式会社
株式会社ＬＡＺＯＳＹ,大阪府豊中市蛍池中町２－３－１モンセーヌ蛍池ステーションサイド６１５,2022-08-23,株式会社
株式会社ＬＯＣＡＬ　ＪＡＰＡＮ,神奈川県横浜市神奈川区神大寺４丁目２４番地１２号,2022-08-23,株式会社
株式会社Ｌｕｎａ,東京都目黒区自由が丘２丁目１６－１２ＲＪ３,2022-08-23,株式会社
株式会社ＭＯＯＮ　ＴＩＭＥ,東京都西東京市谷戸町２丁目６番９－６１５号Ａ室,2022-08-23,株式会社
株式会社Ｍｅｉｈｏコーポレーション,大阪府八尾市田井中２丁目９０番地の２,2022-08-23,株式会社
株式会社Ｍｉｍｉｌｙ,東京都台東区北上野１丁目３－４アクシルコート上野６０４,2022-08-23,株式会社
株式会社ＮＡＯＦＡＲＭ,千葉県茂原市法目４１番地,2022-08-23,株式会社
株式会社ＰＡＴＨＦＩＮＤＥＲ,愛知県名古屋市瑞穂区洲山町１丁目４７ライオンズ新瑞橋第３　１０４号,2022-08-23,株式会社
株式会社ＰＨＸ,愛知県稲沢市高重町屋敷１８番地３,2022-08-23,株式会社
株式会社ＰＯＮＹＯＮＧ,大阪府吹田市江坂町２丁目２番９号清洲江坂ビル１Ｆ,2022-08-23,株式会社
株式会社ＲＩＧＩＤ,東京都足立区中央本町４丁目１２－１５・２Ｆ,2022-08-23,株式会社
株式会社Ｒａｖｅｎ,京都府八幡市八幡三本橋１８番地１６９,2022-08-23,株式会社
株式会社ＲｅＬｉｖｅ,神奈川県横浜市中区扇町１丁目１番地２５キンガビル,2022-08-23,株式会社
株式会社Ｒｅｖｅ,佐賀県武雄市武雄町大字武雄５７３１－３,2022-08-23,株式会社
株式会社ＳＡＮＴＡ　ＣＬＵＢ,大分県別府市石垣東８丁目１番３６号,2022-08-23,株式会社
株式会社ＳＡＮＹＡＭ　ＤＩＡＭＯＮＤＳ,東京都台東区台東２丁目６番６－４０２号,2022-08-23,株式会社
株式会社ＳＡＴＯエステート,福島県郡山市大槻町字反田５番１,2022-08-23,株式会社
株式会社ＳＥＮＳＥ,宮城県仙台市青葉区本町１丁目５番２８号カーニープレイス仙台駅前通６０３号室,2022-08-23,株式会社
株式会社ＳＧＴ,東京都西東京市西原町５丁目１番１７号,2022-08-23,株式会社
株式会社ＳＨＩＫＯＵ,埼玉県羽生市南４丁目９番地２３,2022-08-23,株式会社
株式会社ＳＩＭ,大阪府大阪市住吉区苅田９丁目１４番７－１３０３号,2022-08-23,株式会社
株式会社ＳＫ,千葉県いすみ市岬町和泉字上ノ原４１６番地２,2022-08-23,株式会社
株式会社ＳＫ１０,東京都板橋区板橋３丁目３９－３－２０２,2022-08-23,株式会社
株式会社ＳＴＡＮＤ　ＵＰ,滋賀県大津市大萱１丁目１７番３１－３０１号,2022-08-23,株式会社
株式会社Ｔ＆Ｔ,滋賀県大津市錦織１丁目２４番３８号,2022-08-23,株式会社
株式会社ＴＡＩＹＯ,東京都文京区西片２丁目１２番２６号,2022-08-23,株式会社
株式会社ＴＡＫＡＭＡＳＡ,愛知県北名古屋市法成寺八竜６９番地,2022-08-23,株式会社
株式会社ＴＡＯ,東京都渋谷区円山町５番５号Ｎａｖｉ渋谷Ｖ３階,2022-08-23,株式会社
株式会社ＴＯＨＣＡ,宮城県仙台市青葉区一番町１丁目１１番９号仙台リエゾン３０７,2022-08-23,株式会社
株式会社ＴＲＩＰＬＥ５,福岡県福岡市西区今宿１丁目１２番４－５０７号サングレート今宿オーシャンテラス,2022-08-23,株式会社
株式会社Ｔｉｇｒａｍ,福岡県宗像市田熊６丁目４番１０－２０２号,2022-08-23,株式会社
株式会社Ｕ．Ｔ．Ｒ,大阪府大阪市東成区中本５丁目１３番８－１００１号,2022-08-23,株式会社
株式会社ＵＣＨＩＤＡ,大阪府堺市美原区北余部４０番地１０３,2022-08-23,株式会社
株式会社Ｖｉｖｉ,大阪府堺市堺区戎之町東１丁１番６－８０２号,2022-08-23,株式会社
株式会社ＸＲＥＥＤ,大阪府羽曳野市南古市２丁目９番１２号,2022-08-23,株式会社
株式会社ＹＳＤ,三重県松阪市久保町１８２１番地４１,2022-08-23,株式会社
株式会社ＹＴＫ,兵庫県神戸市北区鹿の子台南町１丁目１０番１号,2022-08-23,株式会社
株式会社ＹＵＫＩＣＨＩ．ＣＯ,茨城県水戸市南町３丁目４番２４－３０１号,2022-08-23,株式会社
株式会社ａｎｄ　ａｗｅｓｏｍｅ,東京都世田谷区上野毛４丁目３３番１号,2022-08-23,株式会社
株式会社ｋｉｓｅｅｅｅｎ,大阪府大阪市平野区瓜破西２丁目１３番４３号,2022-08-23,株式会社
株式会社ｍａｍｅｐｉｎ,愛知県大府市柊山町１丁目１１２番地ＧＭ大府花咲台３－３０５,2022-08-23,株式会社
株式会社ｍｅｍｅ,福井県福井市中央１丁目８番２１号伊井ビル５号館２階,2022-08-23,株式会社
株式会社ｒｙｕ,大阪府大阪市西成区玉出東１丁目１０番２０号,2022-08-23,株式会社
森宗瓦工事店株式会社,山口県下関市一の宮町４丁目９番６号,2022-08-23,株式会社
池尚貿易株式会社,岐阜県大垣市東町２丁目１２０リバーサイドコートあづま５０５,2022-08-23,株式会社
清野株式会社,福岡県福岡市早良区賀茂３丁目１番４号（２０１号室）,2022-08-23,株式会社
熊本市立総合ビジネス専門学校　後援会,熊本県熊本市西区上熊本３丁目２５－５,2022-08-23,その他
熱海サニーハイツ管理組合法人,静岡県熱海市海光町７番１７号熱海サニーハイツ管理事務室,2022-08-23,その他の設立登記法人
特定非営利活動法人サードプレイス,和歌山県和歌山市元町奉行丁２丁目３番地１サンシティ広瀬１００５,2022-08-23,その他の設立登記法人
特定非営利活動法人スターズアーツ,東京都港区北青山１丁目６番１－１１８号,2022-08-23,その他の設立登記法人
特定非営利活動法人スポーツクラブエルマノス,福島県会津若松市一箕町大字八幡字墓料１０４番地の１７,2022-08-23,その他の設立登記法人
特定非営利活動法人日本睡眠衛生推進機構,愛知県春日井市中央通１丁目６４番地２号クイール中央通６－Ａ,2022-08-23,その他の設立登記法人
特定非営利活動法人石尾台おでかけサービス協議会,愛知県春日井市石尾台６丁目５番１５,2022-08-23,その他の設立登記法人
特定非営利活動法人ＳＭＩＬＥ,神奈川県藤沢市鵠沼橘１丁目４番８号,2022-08-23,その他の設立登記法人
田義建材合同会社,千葉県八街市八街は３９番地,2022-08-23,合同会社
禾下株式会社,埼玉県川口市中青木１丁目５番５－５０１号,2022-08-23,株式会社
米山隆一政策研究会,東京都千代田区永田町２丁目１－２衆議院第２議員会館７２４号室,2022-08-23,その他
胡人文化株式会社,愛知県名古屋市西区名駅１丁目１番１７号名駅ダイヤメイテツビル１１階,2022-08-23,株式会社
荏原コンサルティング株式会社,東京都品川区旗の台５丁目２４番１５号,2022-08-23,株式会社
行政書士法人フロイデ,千葉県船橋市高根台６丁目３３番２０号,2022-08-23,その他の設立登記法人
４ＤＰｏｃｋｅｔ株式会社,埼玉県川越市大字小堤５９５－１,2022-08-23,株式会社
８０ｂａｓｅ合同会社,大阪府茨木市竹橋町１２－１５－１０２,2022-08-23,合同会社
ＡＵＴＯＫＩ　ＥＮＴＥＲＰＲＩＳＥ合同会社,千葉県山武市雨坪１１０－４,2022-08-23,合同会社
Ａｓｃｐｈｅｒｅ合同会社,東京都中央区銀座６丁目１３－１６銀座ＷａｌｌビルＵＣＦ５０１,2022-08-23,合同会社
Ａｕｘｉｌｉａｒｙ株式会社,愛知県名古屋市東区代官町３５番１６号第一富士ビル６階,2022-08-23,株式会社
Ｂｅｙｏｎｄ　Ｒｏａｄ株式会社,東京都足立区梅田３丁目１７番１３号・１Ｆ,2022-08-23,株式会社
ＣＨＡＡＮＤ合同会社,埼玉県川越市的場北１丁目５番地１２－１階,2022-08-23,合同会社
ＣＪＫ健康支援コンサルタント株式会社,東京都杉並区桃井４丁目３番１３号－４０１号室,2022-08-23,株式会社
ＣＯＮＮＥＣＴＥＮ合同会社,埼玉県八潮市大字八條４３９番地Ｕｐｓｔａｉｒｓ,2022-08-23,合同会社
Ｄａｗｎｌｉｇｈｔ　Ａｄｖｉｓｏｒｓ　Ｊａｐａｎ合同会社,東京都千代田区神田小川町３丁目２８番１３号ラフィネお茶の水１００９号,2022-08-23,合同会社
Ｇａｒｄｅｎ　Ｈｉｌｌｓ特定目的会社,東京都港区六本木１丁目９番１０号アークヒルズ仙石山森タワー４０階ＳａｎｎｅＧｒｏｕｐＪａｐａｎ株式会社内,2022-08-23,その他の設立登記法人
Ｈｕｅ‐ｉｓｈ株式会社,東京都新宿区新宿６丁目２９番１１号新宿イーストクロスタワー１０Ｆ,2022-08-23,株式会社
ＩＲＩＳ一般社団法人,東京都千代田区丸の内３丁目１番１号東京共同会計事務所内,2022-08-23,その他の設立登記法人
ＫＡＪ国際技術支援協同組合,富山県富山市寺島４６番地７,2022-08-23,その他の設立登記法人
ＫＩＮＧＳ　ＡＵＴＯ株式会社,神奈川県厚木市山際１番地６オリエントハイツＮｏ．５－２１０,2022-08-23,株式会社
ＬＵＸ’ＪＵ合同会社,東京都渋谷区神南１丁目２２番９,2022-08-23,合同会社
Ｌｉｍエステート株式会社,宮城県仙台市宮城野区銀杏町５番１７－１０６号,2022-08-23,株式会社
Ｍ・Ｓ・ＴＲＡＤＩＮＧ株式会社,茨城県結城市大字大木４０９番地５２,2022-08-23,株式会社
ＭＧＥ株式会社,東京都港区西新橋２丁目２０番１号,2022-08-23,株式会社
ＭＩＲＡＣＬＥ　ＦＩＥＬＤ合同会社,東京都渋谷区渋谷１丁目１２－２,2022-08-23,合同会社
ＭＯＴＯＲＦＩＸ　ＡＵＴＯ　ＥＮＧＩＮＥＥＲＳ,三重県四日市市水沢町２４０５－３,2022-08-23,外国会社等
ＭＲコンサルティング合同会社,東京都台東区松が谷２丁目７－１０,2022-08-23,合同会社
ＭＳＫ株式会社,福岡県福岡市城南区南片江６丁目９番８号,2022-08-23,株式会社
ＭＴ‐ＳＭＹインベストメント一般社団法人,東京都中央区日本橋１丁目４番１号日本橋一丁目ビルディング,2022-08-23,その他の設立登記法人
Ｎ‐システム株式会社,神奈川県川崎市多摩区宿河原６丁目２６番２号,2022-08-23,株式会社
Ｎ．Ｍ．Ａ．ＬＡＮＫＡ　ＨＯＬＤＩＮＧＳ,千葉県八街市朝日２８４－１０１,2022-08-23,外国会社等
ＮＡＴＨＡＮ株式会社,大阪府大阪市中央区東心斎橋１丁目３番１０号－６０３,2022-08-23,株式会社
ＮＥＭ合同会社,埼玉県さいたま市北区土呂町１丁目３０番地２・６１０号,2022-08-23,合同会社
ＮＥＷＷＡＹ株式会社,大阪府東大阪市荒本新町４番１３号,2022-08-23,株式会社
ＮＭＮ聯盟株式会社,東京都豊島区巣鴨５丁目１５番１１号,2022-08-23,株式会社
ＮＰＯ法人まちラボ,神奈川県横浜市都筑区東山田１丁目２番１２号,2022-08-23,その他の設立登記法人
ＯＣＥＡＮ　ＷＨＥＥＬＳ　ＬＡＮＫＡ,新潟県妙高市大字小濁７３１レンタルスペース２Ｆ－３,2022-08-23,外国会社等
ＯＵＴＣＬＡＳＳ　ＨＯＬＤＩＮＧＳ株式会社,徳島県徳島市方上町寺内６番地の８,2022-08-23,株式会社
Ｏｌｉｖｅ株式会社,愛知県名古屋市中区錦２丁目４番１５号,2022-08-23,株式会社
Ｒｎ株式会社,北海道札幌市中央区南八条西４丁目２８８番地１ティアラタワー中島倶楽部６０６号,2022-08-23,株式会社
Ｓ・Ｋ＆Ｍ株式会社,東京都千代田区麹町４丁目５番地２０ＫＳビル７階,2022-08-23,株式会社
Ｓ．Ｔｅａ株式会社,兵庫県神戸市東灘区西岡本２丁目２６－１パークスクエア岡本７２７,2022-08-23,株式会社
ＳＹ工業株式会社,神奈川県横浜市西区みなとみらい２丁目２番１号横浜ランドマークプラザ５Ｆ,2022-08-23,株式会社
Ｔ＆Ｌ　ＦＯＯＤ合同会社,大阪府大阪市阿倍野区三明町２丁目１１番２９号６０１,2022-08-23,合同会社
ＴＯＰ工業株式会社,鹿児島県鹿屋市西祓川５０９－５谷口テナント１０５号,2022-08-23,株式会社
ＴＯＳＨＩＭＡ　ＴＲＡＤＩＮＧ　ＰＶＴ　ＬＴＤ,千葉県八街市朝日２８４－１０２,2022-08-23,外国会社等
ＴＰＭ兄弟商会株式会社,滋賀県大津市千石台３番２３号,2022-08-23,株式会社
ＴＳＴエナジーインベストメント株式会社,静岡県静岡市駿河区八幡１丁目５番３８号,2022-08-23,株式会社
ＴＳＵＢＡＳＡ合同会社,東京都目黒区上目黒３丁目４１番１号,2022-08-23,合同会社
ＵＭコンサルティング株式会社,岡山県岡山市南区福成２丁目１９番６号,2022-08-23,株式会社
Ｖｏｘ　ｅｔ合同会社,東京都港区西麻布４丁目５番１０－１１０５号,2022-08-23,合同会社
Ｙ＆Ｓ合同会社,東京都荒川区東尾久６丁目３６番９号プレサンスロジェ熊野前１０３号,2022-08-23,合同会社
ＹＥＳトラスト株式会社,大阪府大阪市北区西天満５丁目９番３号アールビル本館７階,2022-08-23,株式会社
ｃｏｃｏｒｏ株式会社,山口県岩国市今津町１丁目８番２６号,2022-08-23,株式会社
ｋａｉ総合サポート合同会社,兵庫県宝塚市野上１丁目１０番１５号,2022-08-23,合同会社
ｓｋｙｌａｎｄ株式会社,京都府京都市東山区六波羅南通東入三盛町１７０番地３－４Ｆ－４０１号,2022-08-23,株式会社
あーる合同会社,大阪府堺市北区長曽根町３０７９番地６,2022-08-24,合同会社
いろは不動産株式会社,大阪府大阪市港区南市岡３丁目８番２５号,2022-08-24,株式会社
きぼう監査法人,愛知県名古屋市中村区名駅南１丁目２８番２６号,2022-08-24,その他の設立登記法人
せんねん不動産株式会社,愛媛県松山市立花５丁目１番４８号,2022-08-24,株式会社
のうづか経営コンサルティング株式会社,東京都大田区西馬込２丁目６番２４号,2022-08-24,株式会社
はじめ商事株式会社,長野県塩尻市大字堀ノ内２５０番地１,2022-08-24,株式会社
はなぶさ合同会社,広島県広島市佐伯区五日市町大字下河内６６４番地１－１１０４号,2022-08-24,合同会社
まる工房合同会社,大阪府松原市田井城１丁目１２２番地の７,2022-08-24,合同会社
もりじ株式会社,富山県富山市新屋２番地３,2022-08-24,株式会社
アクティブライフ株式会社,東京都中央区新川１丁目２６番１６－７０３号,2022-08-24,株式会社
アップステアーズ株式会社,香川県高松市桜町２丁目７番４号,2022-08-24,株式会社
アーチキャピタル合同会社,東京都新宿区新宿６丁目２７番２９号コンフォリア新宿イーストサイドタワー６２２,2022-08-24,合同会社
イアンノット株式会社,東京都中央区銀座１丁目２２番１１号,2022-08-24,株式会社
イートンリアルエステート株式会社,東京都港区元赤坂１丁目１番５号富士陰ビル７階,2022-08-24,株式会社
ウエブン教材株式会社,東京都杉並区高円寺北３丁目２５番５号アルサーテ３０２,2022-08-24,株式会社
エアロプロビング・ジャパン株式会社,東京都中央区日本橋２丁目１番１７号丹生ビル２階,2022-08-24,株式会社
エンコネクト株式会社,茨城県つくば市飯田２８４番地２,2022-08-24,株式会社
エーケーワーク株式会社,京都府京丹後市大宮町口大野１９６７番地の５,2022-08-24,株式会社
クリール株式会社,富山県下新川郡入善町芦崎６９番地,2022-08-24,株式会社
クルーズワークス株式会社,東京都新宿区下宮比町２番２８号飯田橋ハイタウン７０７,2022-08-24,株式会社
グルファ株式会社,静岡県榛原郡川根本町上長尾４２１－４,2022-08-24,株式会社
サンエス合同会社,沖縄県宮古島市平良字西里２７番地１０４Ｂ,2022-08-24,合同会社
サーブ・バイオファーマ株式会社,鹿児島県鹿児島市東郡元町１９番１０－１２０１号,2022-08-24,株式会社
ジェシー株式会社,東京都渋谷区渋谷２丁目１１番１２－５０４Ａ号,2022-08-24,株式会社
スリーテック株式会社,広島県広島市安佐北区安佐町大字久地６６１５番地,2022-08-24,株式会社
スリーピース合同会社,大阪府枚方市南楠葉１丁目６番８号プレザントハウスビル１０４号,2022-08-24,合同会社
セイフテックコンサルタント合同会社,神奈川県川崎市麻生区片平３丁目１２番１２号,2022-08-24,合同会社
セトイン株式会社,香川県丸亀市本島町笠島３８０－１,2022-08-24,株式会社
タッドリセス株式会社,東京都渋谷区道玄坂１丁目１０番８号渋谷道玄坂東急ビル２Ｆ－Ｃ,2022-08-24,株式会社
トータルウェルネス神戸株式会社,兵庫県神戸市垂水区日向２丁目１番１６－６０１号,2022-08-24,株式会社
ニーハイメディア株式会社,東京都中央区日本橋兜町６番５号,2022-08-24,株式会社
ノナコンサルティング合同会社,東京都港区赤坂１丁目３番５号赤坂アビタシオン３Ｆ,2022-08-24,合同会社
パシフィックソーラーパーク合同会社,東京都港区麻布十番２丁目８番１６号ＩＳＩビル５階,2022-08-24,合同会社
ビーフォー合同会社,山梨県笛吹市石和町四日市場７５９番地１０,2022-08-24,合同会社
ファーストクリエイク合同会社,大阪府大阪狭山市半田５丁目２６２２番地の５,2022-08-24,合同会社
ブルベア株式会社,東京都世田谷区三軒茶屋２丁目５２番１２号Ｆｏｕｎｔａｉｎ４Ｆ,2022-08-24,株式会社
ブルードラゴン合同会社,静岡県菊川市堀之内１１０番地の１コーポ石川１階１０１号室,2022-08-24,合同会社
プラスマジック合同会社,東京都渋谷区渋谷２丁目１９－１５宮益坂ビルディング６０９,2022-08-24,合同会社
プレジール株式会社,千葉県船橋市西船５丁目８番１号,2022-08-24,株式会社
ラクーン合同会社,埼玉県戸田市笹目３丁目６－９,2022-08-24,合同会社
リソーサービス株式会社,東京都国分寺市東元町２丁目５番１０号,2022-08-24,株式会社
リパブリックマネージメント合同会社,広島県広島市東区光町１丁目６番１７号光町ハイム１０６,2022-08-24,合同会社
ワイアセット株式会社,東京都新宿区荒木町１９番地８,2022-08-24,株式会社
一般社団法人かながわ婦人懇話会,神奈川県横浜市港南区港南台４丁目４番５号,2022-08-24,その他の設立登記法人
一般社団法人みらいＤＸ推進協会,東京都渋谷区渋谷２丁目１９番１５号宮益坂ビルディング６０９,2022-08-24,その他の設立登記法人
一般社団法人ジャパンキッズ,大阪府大阪市北区豊崎５丁目３番２３号株式会社ココロ内,2022-08-24,その他の設立登記法人
一般社団法人フリーランスユースフル協会,千葉県市川市大野町３丁目１８２７番地２（パストラル石井２０６号）,2022-08-24,その他の設立登記法人
一般社団法人ブルトン,東京都中央区日本橋１丁目４番１号,2022-08-24,その他の設立登記法人
一般社団法人不動産安心相談センター,東京都港区麻布十番１丁目５番７号第一長門ビル３０２,2022-08-24,その他の設立登記法人
一般社団法人人間関係心理学協会,東京都新宿区西新宿３丁目３番１３号西新宿水間ビル６階,2022-08-24,その他の設立登記法人
一般社団法人全国ビジネスオーナー協会,東京都品川区大崎１丁目１９－１３－８１０,2022-08-24,その他の設立登記法人
一般社団法人国際美容芸術振興協会,群馬県太田市内ケ島町１５６７番地５,2022-08-24,その他の設立登記法人
一般社団法人木救,神奈川県南足柄市塚原４３５１番地,2022-08-24,その他の設立登記法人
一般社団法人未来人材ベンチャーイノベーション,東京都中央区八丁堀３丁目１８番１１号,2022-08-24,その他の設立登記法人
一般社団法人杉原千畝友愛人道支援機構,東京都目黒区鷹番１丁目２番１０号,2022-08-24,その他の設立登記法人
一般社団法人次世代教習所共創コンソーシアム,徳島県徳島市南田宮２丁目４番３号,2022-08-24,その他の設立登記法人
一般社団法人産業動物細菌叢評価・活用機構,京都府綴喜郡宇治田原町大字立川小字間谷１１番地１,2022-08-24,その他の設立登記法人
一般社団法人自由民主党市川市支部,千葉県市川市八幡２丁目２番１４号,2022-08-24,その他の設立登記法人
一般社団法人障碍者家族の財産相談窓口,神奈川県横浜市港北区大豆戸町６３６番地２コンフォート・パレス菊名ウエストコート６０５号室,2022-08-24,その他の設立登記法人
一般社団法人ＦＰＶドローン協会,東京都台東区台東１丁目８番５号秋葉原ラボ,2022-08-24,その他の設立登記法人
一般社団法人ＭＥＴＡ堺,大阪府堺市美原区今井１９０番地６,2022-08-24,その他の設立登記法人
一般社団法人ＵＲＳＰ協会,秋田県秋田市仁井田福島２丁目８番１１号,2022-08-24,その他の設立登記法人
一般社団法人ＶＥＲＥＤ３,東京都中央区八丁堀４丁目２番１０号ＡＯＪ税理士法人内,2022-08-24,その他の設立登記法人
一般社団法人ＶＥＲＥＤ４,東京都中央区八丁堀４丁目２番１０号ＡＯＪ税理士法人内,2022-08-24,その他の設立登記法人
一般財団法人士業育成財団,大阪府大阪市北区天神橋２丁目５の２５,2022-08-24,その他の設立登記法人
世鵬興業合同会社,埼玉県入間市大字新光５２４－３,2022-08-24,合同会社
中林不動産合同会社,新潟県長岡市堤町１番２２号,2022-08-24,合同会社
久保株式会社,東京都豊島区巣鴨５丁目２３－１５ルリコーポ１０３,2022-08-24,株式会社
伊欣泰株式会社,東京都文京区白山３丁目４番１２－１０８号,2022-08-24,株式会社
佐藤建設株式会社,大阪府豊中市若竹町１丁目３番２３号,2022-08-24,株式会社
佳海株式会社,東京都千代田区内神田３丁目１７番８号小山第一ビル４０２号室,2022-08-24,株式会社
北浦ドック株式会社,山口県萩市大字山田５３２５番地７,2022-08-24,株式会社
北辰商事株式会社,神奈川県大和市柳橋３丁目３５番地６,2022-08-24,株式会社
合同会社しおんらぽーる,北海道釧路市鳥取南８丁目５番３３号,2022-08-24,合同会社
合同会社すずね,神奈川県横浜市港北区新横浜１丁目１４番地４,2022-08-24,合同会社
合同会社ちねん酒店,沖縄県中頭郡西原町字我謝８０２番地,2022-08-24,合同会社
合同会社もりやま会計事務所,島根県出雲市中野町７８３番地５,2022-08-24,合同会社
合同会社アセット・ランド,長崎県長崎市立山２丁目１番３号,2022-08-24,合同会社
合同会社アップトゥリー,東京都足立区千住河原町７－１５,2022-08-24,合同会社
合同会社アンドプラス,広島県福山市南蔵王町３丁目４番８号,2022-08-24,合同会社
合同会社イサラ農産,沖縄県宮古島市城辺字福里２７２番地３,2022-08-24,合同会社
合同会社ウッドケア,沖縄県国頭郡金武町字伊芸２１４,2022-08-24,合同会社
合同会社エルユルマズ工業,埼玉県川口市元郷６丁目４番１号ヒマワリハイツ３０１号,2022-08-24,合同会社
合同会社オフィス岡田,愛媛県新居浜市中筋町１丁目１４番２５号,2022-08-24,合同会社
合同会社カサブランカ,山口県周南市大内町１番２２号,2022-08-24,合同会社
合同会社コップルス,東京都あきる野市二宮１５３８番地６,2022-08-24,合同会社
合同会社サンライズ,茨城県土浦市木田余７０３－１２,2022-08-24,合同会社
合同会社ジュマリ,大阪府大阪市阿倍野区旭町１丁目１番２１－９０１号,2022-08-24,合同会社
合同会社タクト,和歌山県和歌山市北島４０４番地１１９,2022-08-24,合同会社
合同会社トポロジー,東京都墨田区京島１丁目１番１号イーストコア曳舟Ⅰ番館２００２号,2022-08-24,合同会社
合同会社トラッシュアート,熊本県阿蘇市永草１５８８番地１,2022-08-24,合同会社
合同会社バディワン,秋田県雄勝郡羽後町字南西馬音内１番地１,2022-08-24,合同会社
合同会社ブルトン,東京都中央区日本橋１丁目４番１号,2022-08-24,合同会社
合同会社プレジャーＫＥＩＲＩＮ,東京都目黒区上目黒４丁目２３番９,2022-08-24,合同会社
合同会社ミドルアース,千葉県浦安市明海５丁目３番Ｂ－３０４号グランファースト新浦安,2022-08-24,合同会社
合同会社ロードワークス,茨城県つくば市栗原７１８番地,2022-08-24,合同会社
合同会社ワールド,京都府京都市下京区和泉屋町１６３番地１木屋町ビル３０１,2022-08-24,合同会社
合同会社光,兵庫県尼崎市東難波町３丁目１番２号プレジール東難波１０１,2022-08-24,合同会社
合同会社加藤塗工,愛知県名古屋市東区白壁２丁目１１番１３号,2022-08-24,合同会社
合同会社吉利,千葉県山武郡横芝光町尾垂イ３６５６番地７,2022-08-24,合同会社
合同会社太陽,東京都港区芝浦３丁目２０番７－８０２号,2022-08-24,合同会社
合同会社縁・ｅｎ,香川県高松市十川西町９３４番地１９,2022-08-24,合同会社
合同会社聚楽,北海道札幌市中央区南三条西２０丁目２－８,2022-08-24,合同会社
合同会社菜々福,沖縄県うるま市与那城西原１０２番地１,2022-08-24,合同会社
合同会社雲のアトリエ,三重県多気郡大台町弥起井１５８―２,2022-08-24,合同会社
合同会社青良,福岡県福岡市南区大楠３丁目２－１８－２０３号メゾンドファシル,2022-08-24,合同会社
合同会社高崎技術コンサルティング,群馬県高崎市弓町１０５番地１,2022-08-24,合同会社
合同会社Ａ‐ＬＩＮＥ,神奈川県藤沢市羽鳥２丁目４番６号オークヒルズ２０３,2022-08-24,合同会社
合同会社Ａｒｌ,大阪府大阪市中央区日本橋１丁目３番１３号,2022-08-24,合同会社
合同会社ＢＡＯ　ＭＩＮＨ,大阪府大阪市港区南市岡３丁目３番１８号,2022-08-24,合同会社
合同会社ＣＡＭＡＲＡＤＯ,東京都品川区戸越５丁目１８番７号２階,2022-08-24,合同会社
合同会社ＣＡＰＨ　ＴＥＣＨ,長野県安曇野市穂高有明９０８０番地１３,2022-08-24,合同会社
合同会社Ｃｏｍｆｅｅｐ,千葉県白井市西白井２丁目９番地５,2022-08-24,合同会社
合同会社ＤＥＮ　ＰＬＡＮ,北海道岩見沢市一条東４丁目２番地５,2022-08-24,合同会社
合同会社ＤＲ　ＤＩＭＡＮＴＨＡ　ＴＲＡＤＩＮＧ,千葉県白井市中１７５番地８,2022-08-24,合同会社
合同会社ＥＢＩ　ＨＯＭＥ,鹿児島県姶良市松原町２丁目８番地２２,2022-08-24,合同会社
合同会社ＧＯＲＤＯＮ,東京都荒川区荒川３丁目４３番４－１０３号ラ・ブランシュ,2022-08-24,合同会社
合同会社ＨＩＮＡＴＡ,石川県金沢市八日市１丁目６４２番地,2022-08-24,合同会社
合同会社ＨＭ　Ｃｏｎｓｕｌｔａｎｃｙ,福岡県福岡市南区清水３丁目１１番２０号,2022-08-24,合同会社
合同会社Ｈａｋｕｔａｋｕｕ,神奈川県横浜市西区高島２丁目１１番２号スカイメナー横浜５１９,2022-08-24,合同会社
合同会社ＩＭＥＴＨ　ＩＮＴＥＲＮＡＴＩＯＮＡＬ,千葉県印西市高西新田１０２番地１,2022-08-24,合同会社
合同会社Ｊｕｎｇｌｅ　Ｖｅｇｅｔａｂｌｅｓ,和歌山県橋本市高野口町小田１０１,2022-08-24,合同会社
合同会社ＭＩＮＡＭＩ,沖縄県中頭郡読谷村字大湾４４２番地１,2022-08-24,合同会社
合同会社ＭＴ＆Ｋ,神奈川県茅ヶ崎市円蔵１丁目１１番７０－３０８号,2022-08-24,合同会社
合同会社ＯＺＩＮ,大阪府大阪市北区南森町１丁目３番２９号ＭＳＴ南森町４０５,2022-08-24,合同会社
合同会社Ｑｕａｔｔｒｏ,兵庫県川西市緑が丘２丁目１番１０号,2022-08-24,合同会社
合同会社Ｒ．Ｈ．Ｙ,茨城県土浦市木田余７０３－１２,2022-08-24,合同会社
合同会社Ｒｙｏｋｉｔｅ,東京都港区南麻布３丁目２１－１４フロンティアレジデンス南麻布７０８,2022-08-24,合同会社
合同会社Ｓ．Ｈ．Ｃ,沖縄県中頭郡北中城村字島袋７０６－１,2022-08-24,合同会社
合同会社ＳＥＶＥＮ,大阪府大阪市北区浪花町３－２４ヒシヤビル１階,2022-08-24,合同会社
合同会社ＳＩＰ,神奈川県横浜市緑区白山４丁目４５番２８号,2022-08-24,合同会社
合同会社ＴＯＨＭＡ,大阪府大阪市西区京町堀１丁目３―１３辰巳ビル５階,2022-08-24,合同会社
合同会社Ｔｉｍｅ,京都府京都市中京区材木町１８１番地ニュー京都ビル１０４,2022-08-24,合同会社
合同会社Ｔｒｅｓｏｒ,静岡県静岡市葵区人宿町１丁目１－１０ＳＯＺＯＳＹＡＭビル３Ｆ,2022-08-24,合同会社
合同会社Ｔｗｉｎｓ,徳島県徳島市上八万町西山２６２番地,2022-08-24,合同会社
合同会社ＵＴロジスティクス,熊本県山鹿市鹿本町来民１７２５番地１,2022-08-24,合同会社
合同会社ＷａＴ,東京都新宿区北新宿１丁目２８番１４号,2022-08-24,合同会社
合同会社Ｘ,東京都港区六本木３丁目２－１,2022-08-24,合同会社
合同会社Ｘ,東京都千代田区東神田２丁目８番１６号,2022-08-24,合同会社
合同会社ａｅｒｕ,福島県郡山市熱海町熱海５丁目２７１,2022-08-24,合同会社
合同会社ｃｏｍｆｏｒｔＵ,東京都中央区銀座１丁目１２番４号Ｎ＆ＥＢＬＤ．６Ｆ,2022-08-24,合同会社
合同会社ｇｏｏＤｓｕｎ,群馬県高崎市山名町２５０２番地２,2022-08-24,合同会社
合同会社ｉｍａｎｏｒｙ,沖縄県宮古島市平良字西里２７番地１０２Ｂ,2022-08-24,合同会社
合同会社ｍｉＱｓ,東京都武蔵村山市残堀５丁目８６番地の１６,2022-08-24,合同会社
合同会社ｍｉｎｅ　ｈｅａｒｔ,東京都中央区銀座１丁目２２番１１号,2022-08-24,合同会社
合同会社ｎｏｍｏｎ,埼玉県川口市大字里１４９２番地の４,2022-08-24,合同会社
合同会社ｓｈｔ,東京都港区南青山２丁目２番１５号,2022-08-24,合同会社
大怔株式会社,北海道伊達市弄月町４２番地４３,2022-08-24,株式会社
大福株式会社,千葉県浦安市海楽２丁目２番２６－１号,2022-08-24,株式会社
太陽社マニュファクチャリング株式会社,岐阜県多治見市小田町６丁目１番地,2022-08-24,株式会社
安那投資合同会社,東京都中央区佃１丁目１１番９号シティフロントタワー２４０３,2022-08-24,合同会社
宮古３９合同会社,沖縄県宮古島市平良字西里２７番地１０４Ａ,2022-08-24,合同会社
山口造園土木株式会社,京都府京田辺市田辺茂ケ谷１３７番地,2022-08-24,株式会社
弁護士法人山本綜合法律事務所,東京都千代田区神田佐久間町２丁目１奥田ビル６Ｆ,2022-08-24,その他の設立登記法人
德作株式会社,大阪府大阪市生野区新今里３丁目４番１７号シャトー第４今里３１３Ｂ,2022-08-24,株式会社
拓実リーガル司法書士法人,東京都立川市柴崎町３丁目１１番４号東京ロジテック千代田ビル８階,2022-08-24,その他の設立登記法人
斑尾ホスピタリティ合同会社,長野県飯山市大字飯山１１４９２番地３２１,2022-08-24,合同会社
斑尾開発合同会社,東京都中央区銀座１丁目６番１１号土志田ビルディング３Ｆ,2022-08-24,合同会社
新エトロフ漁業株式会社,愛知県名古屋市南区鳥山町２丁目６７番地,2022-08-24,株式会社
日本未来株式会社,三重県桑名郡木曽岬町大字西対海地３０９番地,2022-08-24,株式会社
日本綜合ビジネス株式会社,京都府京都市伏見区向島二ノ丸町３３６番地１６,2022-08-24,株式会社
日立企画株式会社,愛知県名古屋市緑区大高町字西大高畑２５番地,2022-08-24,株式会社
易安樓株式会社,東京都杉並区西荻南１丁目２３番１１号,2022-08-24,株式会社
株式会社ありさん,神奈川県小田原市曽比１５４６番地の３,2022-08-24,株式会社
株式会社おっさんず１１,東京都港区台場１丁目３番４－３００２号,2022-08-24,株式会社
株式会社おともや,神奈川県鎌倉市山ノ内３０９－９,2022-08-24,株式会社
株式会社お寿司弥さん,東京都港区東麻布１丁目２９番１５号東麻布２９６ビル１階,2022-08-24,株式会社
株式会社かたべら,愛知県名古屋市昭和区白金１丁目１番４号プレザント白金７０１号,2022-08-24,株式会社
株式会社かるがもアセットマネジメント,東京都文京区本郷１丁目３０番２７－１２１１号,2022-08-24,株式会社
株式会社くるまのマエバシ,群馬県前橋市平和町２丁目１０番１１号,2022-08-24,株式会社
株式会社こうかはばつぐんだ,東京都中野区松が丘１丁目２８番１６号カスティーロ松が丘２０２号,2022-08-24,株式会社
株式会社なないろ・ひといろケアセンター,大阪府堺市堺区中三国ヶ丘町７丁４－４,2022-08-24,株式会社
株式会社ねこＬａｂｏｒａｔｏｒｙ,東京都練馬区南大泉１丁目２４番８号１Ｆ,2022-08-24,株式会社
株式会社まめやコーヒー,富山県富山市五番町５番１号,2022-08-24,株式会社
株式会社まよみ堂,熊本県熊本市中央区帯山３丁目３９番１３号石川ビル１０３号,2022-08-24,株式会社
株式会社やまぐち,東京都港区六本木４丁目４番３号六本木協和ビル西館１階,2022-08-24,株式会社
株式会社アイエルエム・パートナーズ,東京都港区新橋１丁目７番２号成瀬ビル４階,2022-08-24,株式会社
株式会社アイツール,大阪府大阪市西区立売堀６丁目７番５０－９０１号,2022-08-24,株式会社
株式会社アクア,東京都渋谷区渋谷２丁目１２番１２号三貴ビル２階,2022-08-24,株式会社
株式会社アニメマーケット,東京都新宿区西新宿３丁目３番１３号西新宿水間ビル２Ｆ,2022-08-24,株式会社
株式会社アールティアール,大阪府大阪市平野区西脇２丁目７番１５－７０５号,2022-08-24,株式会社
株式会社イーストアジアジャパン,北海道札幌市西区宮の沢四条３丁目１６番２９号,2022-08-24,株式会社
株式会社エイトゥリー,愛媛県今治市大新田町３丁目４番７号,2022-08-24,株式会社
株式会社エクセレント,和歌山県和歌山市駕町５６番地,2022-08-24,株式会社
株式会社エスサン,静岡県静岡市葵区鷹匠２丁目５番５号エクラージュ鷹匠２０２号,2022-08-24,株式会社
株式会社エスポワーク,福岡県福岡市東区和白丘４丁目６番２６号,2022-08-24,株式会社
株式会社オーサム・ワン,茨城県守谷市松ケ丘３丁目２０番地１４,2022-08-24,株式会社
株式会社オールイン,神奈川県横浜市南区六ツ川１丁目１３２番地１ヒルズ横浜南ガーデニア２号棟１０３号,2022-08-24,株式会社
株式会社カフゥ・カンパニー,福岡県福岡市東区名島１丁目１５番１０,2022-08-24,株式会社
株式会社キャリアアドバイザリーグループ,北海道札幌市中央区双子山３丁目２番３２号,2022-08-24,株式会社
株式会社ギフト,東京都葛飾区堀切５丁目３２番８号,2022-08-24,株式会社
株式会社グローバルスタートアップハブ,東京都中央区日本橋茅場町１丁目８番１号茅場町一丁目平和ビル８階ＢｃＨ,2022-08-24,株式会社
株式会社ケーダッシュ,栃木県宇都宮市富士見が丘１丁目１７－９,2022-08-24,株式会社
株式会社サクラ花,兵庫県神戸市兵庫区菊水町１０丁目３９番地の１１夢野団地１－９１３号,2022-08-24,株式会社
株式会社サスティナブルキッチン,大阪府大阪市東住吉区桑津３丁目２６番２号,2022-08-24,株式会社
株式会社サンテ・エ・ボーテ,神奈川県横浜市神奈川区高島台１番地３１,2022-08-24,株式会社
株式会社ザッツ,東京都江戸川区南葛西５丁目９番１７－２０５号,2022-08-24,株式会社
株式会社シェア経理,大阪府大阪市中央区南船場２丁目６番１０号,2022-08-24,株式会社
株式会社シンクロワークス,大阪府大阪市東成区東今里１丁目４番１５号,2022-08-24,株式会社
株式会社ジョージア園芸,広島県尾道市因島重井町６０５５番地１,2022-08-24,株式会社
株式会社スカイときがわ,埼玉県比企郡ときがわ町大字大野字勝負平１２５０番１０,2022-08-24,株式会社
株式会社スピードスター,神奈川県横浜市西区高島２丁目１１番２号スカイメナー横浜５１９,2022-08-24,株式会社
株式会社スペースライブ,東京都渋谷区道玄坂２丁目１９番３－５１７号,2022-08-24,株式会社
株式会社セブントラベル,東京都千代田区六番町４‐１１,2022-08-24,株式会社
株式会社ゼンケン,大分県大分市明野高尾２丁目１５番１２号,2022-08-24,株式会社
株式会社ソニッククリエーション,東京都港区六本木４丁目３番２１号,2022-08-24,株式会社
株式会社ソーシャルアイデンティティ,京都府京都市中京区町頭町１１０,2022-08-24,株式会社
株式会社ディノプロ,東京都杉並区大宮２丁目１４番２７号,2022-08-24,株式会社
株式会社トラストマネジメントサービス,東京都台東区竜泉３丁目３９番１０号,2022-08-24,株式会社
株式会社ナナティック,静岡県浜松市中区中島３丁目２７番７号,2022-08-24,株式会社
株式会社ニシムラ・ウェル・ビーイング,滋賀県大津市国分１丁目９番２５号,2022-08-24,株式会社
株式会社ヌエボパソ,東京都稲城市東長沼３１０６番地の４,2022-08-24,株式会社
株式会社ヌードルバンク,東京都文京区千駄木３丁目５０番１４－１００２号,2022-08-24,株式会社
株式会社ネイキッド,千葉県市川市国分２丁目２番７号,2022-08-24,株式会社
株式会社ネクスト,東京都渋谷区渋谷２丁目１９－１５宮益坂ビルディング６０９,2022-08-24,株式会社
株式会社ハネダ,東京都中央区日本橋茅場町２丁目１番１１号,2022-08-24,株式会社
株式会社パラビアコーポレーション,東京都世田谷区太子堂２丁目４番１号メゾンエスペランサ１０２,2022-08-24,株式会社
株式会社パークオート,千葉県我孫子市中峠３０５０番地の２１,2022-08-24,株式会社
株式会社ビューハウスＳａｎｔｅ　ｄｅ　ＴＯＭＯ,新潟県新潟市西区青山１丁目７‐８,2022-08-24,株式会社
株式会社ビリケンアイ,大阪府大阪市中央区平野町１丁目６－８メロディーハイム平野町２０２,2022-08-24,株式会社
株式会社ビーブリッジ,静岡県静岡市駿河区曲金４丁目１４番１２号,2022-08-24,株式会社
株式会社フオリポルタ,東京都港区赤坂６丁目３番８号高松ビルＢ１Ｆ,2022-08-24,株式会社
株式会社ベイシスハート,広島県広島市中区立町４－２,2022-08-24,株式会社
株式会社ホロン,東京都渋谷区恵比寿４丁目２０番４号恵比寿ガーデンプレイスグラススクエアＢ１階ＰＯＴＡＬＰＯＩＮＴ－Ｅｂｉｓ－,2022-08-24,株式会社
株式会社マナビバ,東京都中央区銀座１丁目２２番１１号銀座大竹ビジデンス２階,2022-08-24,株式会社
株式会社マミーウィル,東京都目黒区東山３丁目４－５,2022-08-24,株式会社
株式会社ミヤウチ,神奈川県横浜市青葉区もえぎ野１８番地１３アンジェレ藤が丘３０３,2022-08-24,株式会社
株式会社ミラクルホーム,愛知県愛西市稲葉町米野２９１番地,2022-08-24,株式会社
株式会社メリア,広島県広島市中区三川町７番４－３０１号,2022-08-24,株式会社
株式会社モアザンワーズ,東京都新宿区西新宿３丁目７番１号新宿パークタワー３０階,2022-08-24,株式会社
株式会社モハラ,群馬県太田市小舞木町２５番地,2022-08-24,株式会社
株式会社ライブアンドワールド,東京都千代田区九段南１丁目５番６号,2022-08-24,株式会社
株式会社ラッキートレーディング,埼玉県川口市西川口１丁目３０番２０号２Ｆ,2022-08-24,株式会社
株式会社リ・ボーンズ,北海道札幌市中央区南二条東３丁目９－１－８０５,2022-08-24,株式会社
株式会社レンズ,東京都渋谷区上原３丁目２９番１号,2022-08-24,株式会社
株式会社ヴィーダ・クリエイション,大阪府和泉市府中町４丁目５番１６号,2022-08-24,株式会社
株式会社上越建設,新潟県上越市大字稲谷１０４５番地,2022-08-24,株式会社
株式会社中村不動産,茨城県坂東市大崎２４６番地の２,2022-08-24,株式会社
株式会社具嶋商事,和歌山県橋本市菖蒲谷４６番地の２,2022-08-24,株式会社
株式会社利再来迎戸,東京都三鷹市井の頭４丁目５番７号,2022-08-24,株式会社
株式会社加治佐,和歌山県和歌山市本渡９２番地３,2022-08-24,株式会社
株式会社匠企画,東京都中央区日本橋２丁目１番３号アーバンネット日本橋二丁目ビル１０階,2022-08-24,株式会社
株式会社堀田慎一事務所,東京都港区港南４丁目６番８－２７０５号,2022-08-24,株式会社
株式会社大協組,岐阜県関市観音前５１番地３,2022-08-24,株式会社
株式会社天海,岡山県岡山市南区大福４０９－２７シャーメゾンガーデンズ大福１０１,2022-08-24,株式会社
株式会社安田,神奈川県横浜市神奈川区沢渡４３番地１ハイツ４３１－２０３号,2022-08-24,株式会社
株式会社宮の杜,栃木県栃木市平柳町１丁目２３番２６号,2022-08-24,株式会社
株式会社小堀瓦店,千葉県船橋市松が丘４丁目３１番１２号,2022-08-24,株式会社
株式会社岡山商会,大阪府枚方市香里ケ丘８丁目１８番地の１１,2022-08-24,株式会社
株式会社後藤精肉店,静岡県駿東郡長泉町下土狩１１３１番地,2022-08-24,株式会社
株式会社愛媛協和住宅,愛媛県松山市北条辻１１５９番地１３,2022-08-24,株式会社
株式会社成翔,兵庫県たつの市揖西町小神１２９番地９,2022-08-24,株式会社
株式会社手島資産管理,宮城県仙台市青葉区八幡１丁目９番１４号,2022-08-24,株式会社
株式会社日日,福岡県福岡市早良区曙１丁目９番２５－１０１号,2022-08-24,株式会社
株式会社松本石材,福島県福島市方木田字葉ノ木立２９番地１９５,2022-08-24,株式会社
株式会社松籟コーポレーション,兵庫県神戸市東灘区御影山手５丁目９番１１号,2022-08-24,株式会社
株式会社松籟マネジメント,兵庫県神戸市東灘区御影山手５丁目９番１１号,2022-08-24,株式会社
株式会社松籟Ｒ,兵庫県神戸市東灘区御影山手５丁目９番１１号,2022-08-24,株式会社
株式会社林,大阪府豊中市服部元町１丁目９番１号,2022-08-24,株式会社
株式会社栄心工業,鹿児島県鹿児島市西陵８丁目２４番２０号,2022-08-24,株式会社
株式会社梧桐三島,大阪府大阪市淀川区三津屋北１丁目３４－２水月２Ｆ,2022-08-24,株式会社
株式会社瑞昇ライジング,大阪府大阪市生野区巽北１丁目１番１号３Ｆ－Ｆ,2022-08-24,株式会社
株式会社祥大,鹿児島県薩摩川内市御陵下町１８番３０号,2022-08-24,株式会社
株式会社福屋,三重県熊野市木本町６９６番地７５,2022-08-24,株式会社
株式会社結弦,大阪府大阪市中央区久太郎町１丁目５番１３号,2022-08-24,株式会社
株式会社聖坤元,東京都豊島区東池袋５丁目７番１号ＤＲＳ第３ビル６０１号室,2022-08-24,株式会社
株式会社西田製麺,北海道帯広市西三条南４丁目１９番地,2022-08-24,株式会社
株式会社関口,神奈川県横浜市南区永田東１丁目１４番２６号,2022-08-24,株式会社
株式会社２ｎｄ　Ｖｉｌｌａｇｅ,東京都港区南麻布１丁目９番４－１００１号,2022-08-24,株式会社
株式会社６６ＨＥＲＯＥＳ,神奈川県藤沢市片瀬目白山１－８－７,2022-08-24,株式会社
株式会社Ａ‐ＬＰＩＮＵＳ,福岡県大野城市栄町２丁目５番２４号デイズマンション６０４,2022-08-24,株式会社
株式会社ＡＣＥ,福島県いわき市好間町下好間字鬼越１１番地の１,2022-08-24,株式会社
株式会社ＡＫＩＧＲＩＴ,東京都港区南青山３丁目１－３スプライン青山東急ビル,2022-08-24,株式会社
株式会社ＡＫＯ設計,愛知県名古屋市中村区豊国通２丁目３番地,2022-08-24,株式会社
株式会社ＡＲＴＲＡＣＴ,大阪府大阪市中央区南久宝寺町１丁目９番１０号,2022-08-24,株式会社
株式会社ＡＳＡ,東京都港区高輪３丁目１２番８号,2022-08-24,株式会社
株式会社ＡＳＫ,東京都千代田区丸の内３丁目２番２号丸の内二重橋ビル２階,2022-08-24,株式会社
株式会社ＡＴＲＥ,岩手県盛岡市月が丘１丁目２８番２６号,2022-08-24,株式会社
株式会社ＡｉｒＫａｍｕｙ,東京都目黒区東山２丁目８番２号グラン目黒東山２０２,2022-08-24,株式会社
株式会社ＡｎｙＳｉｇｎ,富山県富山市婦中町羽根新１０５番地３,2022-08-24,株式会社
株式会社Ａｓｓｉｓｔ,大阪府寝屋川市萱島東３丁目４番９号,2022-08-24,株式会社
株式会社Ｂ．Ａｍｂｉ,東京都新宿区西新宿３丁目３番１３号西新宿水間ビル６階,2022-08-24,株式会社
株式会社ＣＡＭＰ　ＭＡＮ,大阪府交野市東倉治４丁目２３番３号,2022-08-24,株式会社
株式会社Ｄ‐ｉｎｔｅｒｉｏｒ,群馬県桐生市新里町新川３９１８番地５,2022-08-24,株式会社
株式会社ＥＧＨＡＭ,東京都目黒区目黒１丁目４番１６号目黒Ｇビル７階,2022-08-24,株式会社
株式会社ＥＮ‐Ｗａｖｅ　ＸＧ,京都府京都市右京区嵯峨釈迦堂門前南中院町９番地２７,2022-08-24,株式会社
株式会社ＥＳＯ,大阪府豊中市緑丘３丁目６番３号,2022-08-24,株式会社
株式会社ＦＩＫＳ,東京都新宿区西新宿４丁目３０番９号,2022-08-24,株式会社
株式会社ＦＵＫＵ,東京都港区東麻布１丁目２９－９,2022-08-24,株式会社
株式会社Ｆｏｒｔｒｅｓｓ,福岡県福岡市中央区渡辺通３丁目１０番３９－４０９号,2022-08-24,株式会社
株式会社Ｆｏｒｚａ,埼玉県越谷市南越谷５丁目４番地６エクレール南越谷４０１号,2022-08-24,株式会社
株式会社ＧＢＲ,東京都中央区晴海３丁目１０番１号,2022-08-24,株式会社
株式会社ＧＬＯＲＩＯＵＳ　ＴＩＭＥ,熊本県熊本市中央区神水２丁目１３番３４号,2022-08-24,株式会社
株式会社ＧＵＣＲＡＦＴ,北海道札幌市白石区本通４丁目南８番４号,2022-08-24,株式会社
株式会社ＨＡＮＡ,福岡県福岡市中央区白金２丁目１３－１日野山第５ビル１０Ｆ,2022-08-24,株式会社
株式会社ＨＭＧ,兵庫県神戸市北区鈴蘭台西町６丁目１８番５０号,2022-08-24,株式会社
株式会社ＩＭサポート,広島県広島市西区高須台２丁目６番７号,2022-08-24,株式会社
株式会社ＩＮＦＩＮＩＴＩ８,東京都杉並区高円寺南５丁目１８番１７号,2022-08-24,株式会社
株式会社ＩＮＶＥＬ,東京都江東区青海２丁目５番１０号テレコムセンタービル東棟１４階,2022-08-24,株式会社
株式会社Ｊ　Ｔｒａｖｅｌ　Ｓｅｒｖｉｃｅ,福岡県福岡市博多区博多駅前４丁目１８番２４－５０２号,2022-08-24,株式会社
株式会社Ｋ‐Ｓｔｙｌｅ,東京都八王子市打越町６６０番地,2022-08-24,株式会社
株式会社ＫＤＦ,広島県広島市南区仁保３丁目１番９号サンシティー仁保２０５号,2022-08-24,株式会社
株式会社ＫＩＴＡＺＡＷＡ,東京都世田谷区下馬３丁目１８番５号,2022-08-24,株式会社
株式会社ＫＹＬＡＮ,大阪府大阪市都島区善源寺町２丁目２番１－１４２３号,2022-08-24,株式会社
株式会社ＫＹＴ,福岡県筑後市大字野町８０５－５アウローラ弐番館１０１号,2022-08-24,株式会社
株式会社Ｋｏｕｓｈｉｎ住設,東京都足立区青井４丁目４７番１０号,2022-08-24,株式会社
株式会社ＬＣ　Ｐａｒｔｎｅｒｓ,東京都台東区三筋１丁目５番５号三橋ビル２Ｆ,2022-08-24,株式会社
株式会社ＬＩＦＥ　ＦＵＮ　ＮＥＭＯＴＯ,東京都東大和市南街３丁目２５番地の１２－２,2022-08-24,株式会社
株式会社Ｌａ　Ｐｌａｉｓｉｒ,大阪府大阪市北区梅田１丁目１－３,2022-08-24,株式会社
株式会社Ｌａｆｔｉｖｅ,東京都港区芝４丁目７番６号芝ビルディング７０４,2022-08-24,株式会社
株式会社Ｌｉ‐ｔｕ,東京都北区浮間１丁目３－１－１１４号,2022-08-24,株式会社
株式会社Ｌｉｌｙ　Ｋ,愛知県名古屋市昭和区五軒家町２８番地７,2022-08-24,株式会社
株式会社Ｌｉｖｅ　Ｓｉｃ,新潟県上越市大貫４丁目８番２４号,2022-08-24,株式会社
株式会社Ｌｕｕｎａ,東京都江東区大島３丁目８番７号,2022-08-24,株式会社
株式会社Ｍ．Ｏ住設,茨城県牛久市小坂町１９２９番地１８,2022-08-24,株式会社
株式会社ＭＩＹＵＫＩ　ＦＯＯＤ　ＣＯＭＰＡＮＹ,栃木県宇都宮市兵庫塚３丁目４６番８号坪山ビル１階,2022-08-24,株式会社
株式会社ＭＪＳ,栃木県宇都宮市塙田３丁目１番１６号,2022-08-24,株式会社
株式会社ＭＲ．ＨＡＮＤＭＡＮ,香川県善通寺市金蔵寺町１０８５番地３,2022-08-24,株式会社
株式会社Ｍｉｔｓｕ　Ｅｌｅｃｔｒｉｃ,東京都港区西麻布２丁目２４番３－２０４号,2022-08-24,株式会社
株式会社Ｎ‐ＴＲＡＤＩＮＧ,愛知県名古屋市中村区森末町２丁目５０番地の３,2022-08-24,株式会社
株式会社Ｎ設計,岡山県倉敷市西阿知町４７番地１２,2022-08-24,株式会社
株式会社ＮＡプランニング,宮城県仙台市青葉区本町２丁目１０番３３号第二日本オフィスビル９Ｆ８号室,2022-08-24,株式会社
株式会社Ｎｅｗ　Ｓｔａｎｄａｒｄ,東京都渋谷区代々木２丁目２０番２号美和プラザ新宿２０３,2022-08-24,株式会社
株式会社ＯＥＣ,神奈川県横浜市旭区白根８丁目１９番２６号,2022-08-24,株式会社
株式会社ＯＴＴ,東京都新宿区西新宿３丁目３番１３号西新宿水間ビル２Ｆ,2022-08-24,株式会社
株式会社ＰＥＲＦＯＲＭ,広島県福山市西深津町３丁目８番２０－８号,2022-08-24,株式会社
株式会社Ｐｌｕｍ＆Ｃｏ．,東京都中央区日本橋室町１丁目１２－１２水島ビル３Ｆ,2022-08-24,株式会社
株式会社ＱＯＬ,東京都千代田区神田神保町３丁目２番２８号,2022-08-24,株式会社
株式会社ＲＩＳＥ２３,東京都東村山市秋津町４丁目１６番地１６４,2022-08-24,株式会社
株式会社ＲＳＤ工業,大阪府守口市大日町２丁目１３番５号,2022-08-24,株式会社
株式会社Ｒｅｆｅａｒｔ,東京都中央区銀座１丁目２２番１１号,2022-08-24,株式会社
株式会社ＳＡＲＵＨＩＫＯ,東京都新宿区西新宿３丁目３番１３号西新宿水間ビル６Ｆ,2022-08-24,株式会社
株式会社ＳＡＸＩＹ,神奈川県川崎市中原区中丸子１２３７番地１クレッセント武蔵小杉グランデイズ弐番館２０３,2022-08-24,株式会社
株式会社ＳＥＡＥＬ‐Ｄ,福岡県北九州市八幡西区上上津役１丁目２４番１号,2022-08-24,株式会社
株式会社ＳＨＡＲＥＺ,東京都江東区有明１丁目４番１１－２２１８号,2022-08-24,株式会社
株式会社ＳＬＥＥＰ　ＴＩＬＬ　ＴＯＫＹＯ,東京都渋谷区恵比寿４丁目１６番６号,2022-08-24,株式会社
株式会社ＳＭＪ,熊本県八代市旭中央通１９－６,2022-08-24,株式会社
株式会社ＳＰＥＳ,東京都渋谷区神宮前６丁目２３番４号桑野ビル２階,2022-08-24,株式会社
株式会社ＳＵＮ,東京都新宿区西新宿３丁目２番９号新宿ワシントンホテルビル本館２Ｆ,2022-08-24,株式会社
株式会社Ｓｏｌ．,東京都中野区江古田１丁目２８番３号ガーデンハウスエゴタＢ,2022-08-24,株式会社
株式会社Ｓｔｒａｔｏｉｍｍｕｎｅ,福岡県久留米市百年公園１番１号,2022-08-24,株式会社
株式会社ＴＨセカンド,山梨県中巨摩郡昭和町西条９９番地３,2022-08-24,株式会社
株式会社ＴＨＥ　ＦＩＲＳＴ　ＴＡＫＥ,東京都新宿区神楽坂６丁目６６番地１宝生堂ビル１階,2022-08-24,株式会社
株式会社ＴＫＫ,東京都渋谷区神南１丁目１３番８号パーク・アヴェニュー神南８０１,2022-08-24,株式会社
株式会社ＴＫＵ,兵庫県姫路市書写２３４２番地４,2022-08-24,株式会社
株式会社ＴＭＫ,佐賀県佐賀市水ヶ江３丁目１０番１号,2022-08-24,株式会社
株式会社ＴＳコンサルタント,東京都北区浮間１丁目１番１４号リムジンビル３４６,2022-08-24,株式会社
株式会社Ｔｉｍ’ｓ,愛知県名古屋市東区相生町７８番地主税ビル６０５,2022-08-24,株式会社
株式会社Ｔｒｙｎｎｏｘ,東京都新宿区西新宿７丁目７番２６号ワコーレ新宿第一ビル４１０,2022-08-24,株式会社
株式会社ＷｉｎＫ,栃木県佐野市中町６２３番地２,2022-08-24,株式会社
株式会社Ｙ＆Ｐ　ＡＳＳＥＴ　ＭＡＮＡＧＥＭＥＮＴ,東京都中央区銀座１丁目２２番１１号銀座大竹ビジデンス２階,2022-08-24,株式会社
株式会社ａ　Ｔｒｉｂｅ　Ａｇｅｎｃｙ,東京都港区西麻布２丁目１３番１号メイプル西麻布６Ｆ,2022-08-24,株式会社
株式会社ｄｅｓｓｉｏｎ,群馬県高崎市白銀町９番地白銀ビル３Ｆ,2022-08-24,株式会社
株式会社ｄｉｇｉｔａｌＡ,神奈川県横浜市瀬谷区宮沢１丁目２５番地３７,2022-08-24,株式会社
株式会社ｅ‐ａｃｔ,宮城県石巻市美園２丁目１６番２６グランチェスタＭ２０１号,2022-08-24,株式会社
株式会社ｅｎｎｅ,福岡県福岡市西区姪の浜５丁目２２番２２号,2022-08-24,株式会社
株式会社ｇｒｏｗ　ｕｐ,兵庫県尼崎市神田北通２丁目１２番地の１大陽ビルディング１Ｆ,2022-08-24,株式会社
株式会社ｍｉｍｉｃｏ,東京都江戸川区一之江町３０１１番地７,2022-08-24,株式会社
株式会社ｍｉｚｕｓａｓｈｉ,東京都目黒区下目黒３丁目６番３－６０５号パークリュクス目黒,2022-08-24,株式会社
株式会社ｍｓｃ,神奈川県相模原市南区東林間１丁目１６番１２－７０３号,2022-08-24,株式会社
株式会社ｑｏｏｄｉａ,東京都港区六本木７丁目７－７トライセブンロッポンギ８階,2022-08-24,株式会社
株式会社ｓｈａｒｅ,東京都渋谷区宇田川町１番１２－１９１１号,2022-08-24,株式会社
株式会社ｗｏｌｆｒａｍ,広島県広島市安佐南区西原２丁目２０番５－５号,2022-08-24,株式会社
梟ブランディング株式会社,大阪府大阪市北区芝田２丁目８－１１共栄ビル３Ｆ,2022-08-24,株式会社
櫻之美株式会社,大阪府大阪市東成区深江北３丁目４番２１号エクラ深江橋２０１Ｂ,2022-08-24,株式会社
永富合同会社,滋賀県大津市仰木の里２丁目１５番６号,2022-08-24,合同会社
永森木材有限会社,高知県長岡郡大豊町西峰４０６番地,2022-08-24,有限会社
汕湾総合サービス株式会社,東京都新宿区新宿２丁目２番１０号サニープラザ新宿御苑５０２号,2022-08-24,株式会社
清閑合同会社,兵庫県神戸市中央区国香通２丁目２番４－４０５号室,2022-08-24,合同会社
特定非営利活動法人九十九里浜観光振興会,千葉県山武郡九十九里町田中荒生字浜芝１５９４番地４４,2022-08-24,その他の設立登記法人
特定非営利活動法人大阪・うなぎの森植樹実行委員会,大阪府大阪市住之江区平林南１丁目１番８号,2022-08-24,その他の設立登記法人
特定非営利活動法人大阪福祉連合会,大阪府和泉市伯太町４丁目８番３１号,2022-08-24,その他の設立登記法人
特定非営利活動法人峰上交通,千葉県富津市宇藤原３２２番地,2022-08-24,その他の設立登記法人
特定非営利活動法人ＬＥＣＪａｐａｎ,千葉県山武郡横芝光町中台８４６番地４,2022-08-24,その他の設立登記法人
皆有福株式会社,大阪府大阪市中央区松屋町９番２０号ローレルステート松屋町６０２Ｂ,2022-08-24,株式会社
監査役ＤＸ株式会社,東京都港区浜松町２丁目２番１５号浜松町ダイヤビル２Ｆ,2022-08-24,株式会社
石神井台インベストメントワン一般社団法人,東京都千代田区九段南３丁目７番７号成和綜合会計事務所内,2022-08-24,その他の設立登記法人
社会保険労務士法人佐田労務管理,群馬県みどり市笠懸町鹿３２３０番地,2022-08-24,その他の設立登記法人
福岡ＥＣサイト株式会社,福岡県福岡市博多区博多駅前３丁目４番２５号,2022-08-24,株式会社
秀佳株式会社,神奈川県大和市下鶴間２０１７番地６ダイアパレスつきみ野壱番館３０２号,2022-08-24,株式会社
翔設計神奈川株式会社,神奈川県三浦郡葉山町堀内１３６３番地の４,2022-08-24,株式会社
耀輝株式会社,大阪府大阪市平野区瓜破２丁目１－５０アビタシオン２３,2022-08-24,株式会社
莫尼特株式会社,大阪府大阪市東成区深江北３丁目４番２１号エクラ深江橋４１０Ｂ,2022-08-24,株式会社
虹定株式会社,大阪府大阪市生野区新今里３丁目４番１７号シャトー第４今里１０６Ｂ,2022-08-24,株式会社
西新宿えい月合同会社,東京都新宿区西新宿５丁目１０－１９,2022-08-24,合同会社
金沢市道路公園灯メンテナンス合同会社,石川県金沢市昭和町１２番６号,2022-08-24,合同会社
錦江国際株式会社,福岡県福岡市博多区諸岡６丁目２１番地８号塚本ハイツＡ棟１０１,2022-08-24,株式会社
陶ｓｈｉｒａｋｕ合同会社,東京都町田市高ヶ坂１丁目４－１５,2022-08-24,合同会社
馬場商店株式会社,福岡県北九州市若松区本町１丁目６－８,2022-08-24,株式会社
１ｅａｄ’ｓ合同会社,福岡県福岡市南区塩原３丁目１７番１４号ウエストヒルズ塩原３０１,2022-08-24,合同会社
３Ｒ＆ｉｎｎｏｖａｔｉｏｎ株式会社,大阪府大東市諸福５丁目２番６４号,2022-08-24,株式会社
ＡＳＵｅｅ株式会社,東京都新宿区高田馬場１丁目３１番８号高田馬場ダイカンプラザ８２１,2022-08-24,株式会社
ＡＹＡＹＡ合同会社,東京都江東区東砂７丁目１８－２－１０３,2022-08-24,合同会社
ＡＹＷ株式会社,愛知県一宮市光明寺字権現塚１２１番地,2022-08-24,株式会社
ＡｐｐＥｎｇｉｎｅ合同会社,東京都江東区平野２丁目２番３－６０１号,2022-08-24,合同会社
Ａｑｕａ　Ｃｈａｉｎ　Ｃａｐｉｔａｌ合同会社,埼玉県上尾市大字瓦葺１９８８番地８ベラージオ２０１,2022-08-24,合同会社
Ａｗａｒｅｎｅｓｓ　Ｓｃｉｅｎｃｅ株式会社,東京都小金井市中町２丁目２４番１６号,2022-08-24,株式会社
Ｂｒｏｏｋｌｙｎ株式会社,東京都新宿区高田馬場２丁目１番１号,2022-08-24,株式会社
ＣＡＭＡＲＡＤＥ合同会社,千葉県浦安市明海５丁目２パークシティ新浦安Ｄ－１２０１,2022-08-24,合同会社
ＣＥＳ北海道１太陽光発電所合同会社,東京都港区南青山１丁目１番１号新青山ビル西館７階,2022-08-24,合同会社
Ｄ＆Ｉソリューションズ株式会社,新潟県新潟市中央区明石１丁目７番１２号新潟ＯＳＥビル５階,2022-08-24,株式会社
ＤＩＮＡＳ株式会社,富山県射水市太閤町７３番地グリーンヒルズ２０１,2022-08-24,株式会社
ＦＡＳＴ　ＲＥＴＡＩＬＩＮＧ　（ＩＮＤＩＡ）　ＭＡＮＡＧＥＭＥＮＴ　ＣＯＮＳＵＬＴＩＮＧ　ＰＲＩＶＡＴＥ　ＬＩＭＩＴＥＤ,,2022-08-24,外国会社等
Ｆｏｕｒ　Ｓｅａｍ合同会社,鹿児島県鹿児島市宇宿７丁目１０番１３号,2022-08-24,合同会社
Ｆｕｎｓｙｓ合同会社,大阪府大阪市北区西天満３丁目１３－２９シティタワー梅田イースト４０３号室,2022-08-24,合同会社
Ｇｏｉｓｔｅｃｈ株式会社,東京都千代田区平河町２丁目７番２号３階,2022-08-24,株式会社
Ｇｏｌｄｅｎ　Ｈｏｕｒ株式会社,東京都港区六本木２丁目２番７－９０２号,2022-08-24,株式会社
ＩＲＩＳ合同会社,東京都千代田区丸の内３丁目１番１号東京共同会計事務所内,2022-08-24,合同会社
ＪＰＳＰ株式会社,大阪府大阪市中央区森之宮二丁目１１－６,2022-08-24,株式会社
Ｊｅｌｌｙ　ｂｕｔｔｏｎ　ｇａｍｅｓ　ＬＴＤ,,2022-08-24,外国会社等
ＫＧ株式会社,東京都江東区東陽２丁目４番３９号新東陽ビル４階４７号室,2022-08-24,株式会社
Ｌ’ｓ　Ｃｏｎｎｅｃｔ株式会社,宮城県仙台市泉区南光台４丁目５番１７号,2022-08-24,株式会社
ＬＯＮＧ　ＳＴＯＲＹ’Ｚ株式会社,神奈川県茅ヶ崎市赤羽根１４３４番地３,2022-08-24,株式会社
ＬＹ合同会社,埼玉県坂戸市千代田４丁目７番１１－４０３号,2022-08-24,合同会社
ＭＡＬＣ合同会社,埼玉県入間市黒須２丁目６番２２号,2022-08-24,合同会社
ＭＡＳＨＡ　ＡＵＴＯ合同会社,三重県鈴鹿市住吉町８３３２,2022-08-24,合同会社
ＭＡＹＯＢＥ合同会社,東京都葛飾区新小岩１丁目２３番１号八重ビル２０１,2022-08-24,合同会社
ＭＴＤ合同会社,東京都渋谷区神宮前２丁目２番３９－１９０２号ＴＨＥＣＯＵＲＴ神宮外苑,2022-08-24,合同会社
ＮＭＴ株式会社,沖縄県宜野湾市大山６丁目８番１号エヌエイチオフィスビル３Ｆ夢空間Ａ－０６室,2022-08-24,株式会社
ＯＨＫＵＲＡ興産株式会社,広島県尾道市西藤町１９２５番地１５,2022-08-24,株式会社
ＯＴＳ　ＮＥＸＴ合同会社,東京都江戸川区南葛西５丁目１６番１号,2022-08-24,合同会社
ＯＹＳＴＥＲＳ合同会社,東京都港区北青山３丁目５番１４号６階,2022-08-24,合同会社
Ｐａｃｋｅｔ　Ｉｎｓｔｉｔｕｔｅ合同会社,東京都文京区本郷１丁目５番１７号,2022-08-24,合同会社
Ｐｅｅｂａ　Ｊａｐａｎ株式会社,東京都渋谷区渋谷２丁目１９番１５号宮益坂ビルディング６０９,2022-08-24,株式会社
ＰｉｇｌａｃｅＰｌｕｓ合同会社,埼玉県上尾市大字小敷谷６６番地８,2022-08-24,合同会社
ＲＯＹＡＬ　ＬＡＮＫＡ　ＥＸＰＯＲＴ株式会社,茨城県古河市関戸８６４番地４,2022-08-24,株式会社
Ｒｅｎｄｅｒ　Ｐｏｒｔ株式会社,東京都新宿区神楽坂２丁目１３番地,2022-08-24,株式会社
ＳＡＫＵＲＡ　ＥＮＴＥＲＰＲＩＳＥＳ合同会社,群馬県桐生市相生町２丁目８７６番地カニヤハイツＡ‐１０１,2022-08-24,合同会社
ＳＢＨＪＡＰＡＮ株式会社,神奈川県横浜市西区西戸部町２丁目１３３番地１４メゾン藤本１０２号,2022-08-24,株式会社
ＳＥＶＥＮ　ＮＵＴＳ合同会社,東京都中央区銀座１丁目２２番１１号,2022-08-24,合同会社
ＳＧナーシング合同会社,岐阜県多治見市美坂町８丁目１２番地の２,2022-08-24,合同会社
ＳＨＩＮ‐ライン株式会社,大阪府八尾市高安町南７丁目１１－８０２号,2022-08-24,株式会社
ＳＪＫＶ　（ＡＵ）　ＰＴＹ　ＬＴＤ,東京都清瀬市松山１丁目４４－３,2022-08-24,外国会社等
ＳＭＡＬ　ＳＴＵＦＦ　ＰＴＹ　ＬＴＤ,長野県下高井郡野沢温泉村大字豊郷９２８５番１の３,2022-08-24,外国会社等
ＳＴＲ８株式会社,東京都品川区西五反田６丁目２５番８号,2022-08-24,株式会社
ＳＵＮＬＵＡＮＡ合同会社,神奈川県川崎市幸区中幸町２丁目２４,2022-08-24,合同会社
Ｓｏｌｏ　Ｂｒａｎｄｓ　Ｊａｐａｎ合同会社,東京都江東区豊洲６丁目２番３１－１９１７号,2022-08-24,合同会社
Ｓｔｅｍｃｏ　ＰＴＹ　ＬＴＤ,北海道虻田郡倶知安町字樺山５９－１１９,2022-08-24,外国会社等
Ｓｕｍｍｅｒ　ｂ株式会社,東京都渋谷区代々木１丁目７番３号マノアールビル２０１,2022-08-24,株式会社
Ｔ‐ＯＮＥ合同会社,福岡県福岡市南区野多目３丁目２番１－１２０３号,2022-08-24,合同会社
ＴＥＫＩＴＯ　ＬＡＮＤ合同会社,茨城県東茨城郡茨城町大字神谷７７８番地９,2022-08-24,合同会社
ＴＫ　Ａｕｔｏ　Ｓｅｒｖｉｃｅ合同会社,山梨県南アルプス市有野３９３９番地,2022-08-24,合同会社
ＴＮプランニング合同会社,東京都町田市南町田４丁目１３番１－１１０号,2022-08-24,合同会社
ＵＮＫ株式会社,大阪府大阪市都島区都島本通４丁目９番１－３０４号,2022-08-24,株式会社
ＶＩＲＡ株式会社,大阪府大阪市生野区鶴橋２丁目１４－１４,2022-08-24,株式会社
Ｗｅｒｔｅｌｌ合同会社,東京都港区北青山２丁目７番２０号猪瀬ビル２Ｆ,2022-08-24,合同会社
Ｙ’ｓ合同会社,東京都渋谷区神宮前６丁目２３番４号桑野ビル２階,2022-08-24,合同会社
ＹＵＨＡＳ　ＬＡＮＫＡ　ＥＮＴＥＲＰＲＩＳＥＳ合同会社,茨城県結城市大字大木１９１７番地コーポアキタ１００２Ａ,2022-08-24,合同会社
Ｙｕｉｔ．株式会社,岡山県岡山市北区田中１７７－１０７ＰＬＡＮＤＯＲ１０３,2022-08-24,株式会社
きゅきゅ合同会社,大阪府大阪市中央区瓦屋町１丁目４番１７－５０３号,2022-08-25,合同会社
きらめきコンサル株式会社,愛媛県松山市道後樋又１番２２号ラルステージ道後樋又１２０３号,2022-08-25,株式会社
ちばＦＰコンサルティング株式会社,千葉県市原市山木１２３１番地２,2022-08-25,株式会社
みなとみらい総合建設株式会社,神奈川県横浜市中区長者町８丁目１３４番地長者町ビル９階,2022-08-25,株式会社
アクシリウム株式会社,愛知県名古屋市中村区名駅南１丁目１１－１２,2022-08-25,株式会社
アリーザ合同会社,三重県鈴鹿市野村町４４０番地の２,2022-08-25,合同会社
エグゼクティブワン株式会社,神奈川県川崎市川崎区宮本町六丁目１２番,2022-08-25,株式会社
エスエスコンサルティング株式会社,東京都新宿区新宿１丁目２０番１４号サンモール第８マンション２０３号室,2022-08-25,株式会社
エスケーグループホールディングス株式会社,埼玉県草加市谷塚上町３２４番地１,2022-08-25,株式会社
エスティーエヌ一般社団法人,東京都港区西新橋１丁目２番９号メンターキャピタル税理士法人内,2022-08-25,その他の設立登記法人
エヌケープロジェクト株式会社,大阪府堺市西区浜寺石津町中３丁６番１号,2022-08-25,株式会社
オリエンタル・サン・グローバル・リミテッド,東京都港区白金６丁目２５ー１６１２号,2022-08-25,外国会社等
オーシャン株式会社,熊本県熊本市東区健軍１丁目１５番２３号,2022-08-25,株式会社
カカイ株式会社,大阪府大阪市東成区深江北３丁目４番２１号エクラ深江橋３１３Ａ,2022-08-25,株式会社
カフカ合同会社,栃木県真岡市高勢町２丁目２９６番地,2022-08-25,合同会社
カルトワインズ合同会社,東京都千代田区神田神保町１丁目４６番地２アーバネックス神保町３０３,2022-08-25,合同会社
キューピッドキューブ株式会社,静岡県浜松市東区半田山４丁目６番８号,2022-08-25,株式会社
ギコウ株式会社,大阪府堺市堺区向陵東町２丁１２番２７号,2022-08-25,株式会社
ゴーダカフェ株式会社,東京都世田谷区若林４丁目３０番９号,2022-08-25,株式会社
サロン・ド・アフロディーテ株式会社,愛知県名古屋市東区葵１丁目１８番３２号早瀬ビル５０３号,2022-08-25,株式会社
サードプレイス合同会社,東京都千代田区丸の内２丁目２－１岸本ビルヂング６Ｆ,2022-08-25,合同会社
スリー・バリュー不動産株式会社,北海道札幌市北区屯田二条１丁目１番７号,2022-08-25,株式会社
ヒカルミライ株式会社,神奈川県相模原市南区上鶴間６丁目１０番７号,2022-08-25,株式会社
ファンダンゴ合同会社,愛知県名古屋市中区大須３丁目１３―９アンドール大須ビル１Ｂ,2022-08-25,合同会社
プロダクションオリエンタ合同会社,東京都渋谷区円山町５－４－３０２,2022-08-25,合同会社
ベスト・イベント株式会社,東京都渋谷区神南１丁目３番１号,2022-08-25,株式会社
メック都市開発１４号一般社団法人,東京都中央区日本橋１丁目４番１号日本橋一丁目ビルディング,2022-08-25,その他の設立登記法人
ユースティティア株式会社,長野県上水内郡飯綱町大字芋川１０４１番地,2022-08-25,株式会社
リタスタイル株式会社,愛知県名古屋市西区則武新町３丁目１－６３ラドーニ則武１３０３,2022-08-25,株式会社
リバイバルレザー合同会社,福井県福井市舟橋黒竜２丁目６１９番地,2022-08-25,合同会社
リブート合同会社,東京都渋谷区渋谷２丁目１９番１５号宮益坂ビルディング６０９,2022-08-25,合同会社
リリノワール合同会社,大阪府大阪市西区京町堀２丁目６番２０号,2022-08-25,合同会社
リレーションシップ合同会社,北海道札幌市厚別区厚別南４丁目１０番１０号,2022-08-25,合同会社
リンクフューチャー株式会社,山梨県北杜市長坂町長坂上条２２２８番地５,2022-08-25,株式会社
レラティブ合同会社,神奈川県横浜市旭区南本宿町８９番地４７,2022-08-25,合同会社
ヴァース合同会社,東京都中央区銀座１丁目１２番４号Ｎ＆ＥＢＬＤ．６Ｆ,2022-08-25,合同会社
一般社団法人きょうと福祉キャリアサポート,京都府城陽市富野狼谷２番地１,2022-08-25,その他の設立登記法人
一般社団法人きらめきの郷,群馬県前橋市三夜沢町５９０番地５６,2022-08-25,その他の設立登記法人
一般社団法人アシスト,富山県射水市作道２８２番地１,2022-08-25,その他の設立登記法人
一般社団法人グローバルゲート,神奈川県横浜市西区久保町２１－２１ＫＢＴビル３階,2022-08-25,その他の設立登記法人
一般社団法人レベルフリー,山口県山口市水の上町６番５号,2022-08-25,その他の設立登記法人
一般社団法人全国ドローン災害対策連絡会,東京都国分寺市南町３丁目２８番１号第３サイトウビル１Ｆ,2022-08-25,その他の設立登記法人
一般社団法人前田憲男音楽記念協会,東京都板橋区小茂根２丁目１１－４,2022-08-25,その他の設立登記法人
一般社団法人名古屋歯科健診センター,愛知県名古屋市中村区烏森町２丁目１２番地,2022-08-25,その他の設立登記法人
一般社団法人子供たちの健康と未来を護る会,東京都江東区新木場３丁目６番７号,2022-08-25,その他の設立登記法人
一般社団法人心緑海,神奈川県海老名市中新田５丁目２４番１号,2022-08-25,その他の設立登記法人
一般社団法人感情マネージメント協会,東京都中央区銀座１丁目１２番４号Ｎ＆ＥＢＬＤ．６Ｆ,2022-08-25,その他の設立登記法人
一般社団法人日本ホースボール協会,千葉県富里市中沢１８１０番地１,2022-08-25,その他の設立登記法人
一般社団法人第３職員室,石川県金沢市平和町３丁目１１番地２４‐１０２号,2022-08-25,その他の設立登記法人
一般社団法人英,神奈川県横浜市南区唐沢１８－２,2022-08-25,その他の設立登記法人
一般社団法人豊清心,神奈川県海老名市中新田５丁目２４番１号,2022-08-25,その他の設立登記法人
一般社団法人ＣＧ　ＫＹＯＴＯ,京都府京都市下京区仏光寺通烏丸東入上柳町３３１番地タカノハスクエア４Ｆ,2022-08-25,その他の設立登記法人
一般社団法人ＤＡＲＵＬ　ＵＬＯＯＭ　ＴＯＫＹＯ　Ｍａｄｒａｓａ＆Ｍａｓｊｉｄ,東京都葛飾区青戸４丁目２１番２８号３階,2022-08-25,その他の設立登記法人
一般社団法人ＥＯ　Ｔｏｋｙｏ　Ｗｅｓｔ,東京都港区芝浦３丁目７番１２号シグマビル６階,2022-08-25,その他の設立登記法人
一般社団法人ＭＡＫＥＩＮＵ．,福岡県福岡市南区若久１丁目１９番１－３１０号グリーンヒルズ,2022-08-25,その他の設立登記法人
一般社団法人ＯＲＤＥＲＭＡＤＥ子育て,静岡県富士宮市淀師１８１６番地の２８,2022-08-25,その他の設立登記法人
一般社団法人ＴＬＧライフエスコート,京都府京都市下京区塩小路通烏丸西入東塩小路町６１４番地新京都センタービル５階,2022-08-25,その他の設立登記法人
一般社団法人ＵＬＵＲＡ,茨城県つくば市天王台１丁目１番１号筑波大学体育系澤江研究室内,2022-08-25,その他の設立登記法人
三浦下水道コンセッション株式会社,神奈川県三浦市初声町下宮田２３２０番地２１２,2022-08-25,株式会社
中国地所株式会社,広島県東広島市西条町上三永１４１７番地の８,2022-08-25,株式会社
今井産業株式会社,岐阜県加茂郡白川町赤河８３１番地２,2022-08-25,株式会社
令和農産合同会社,沖縄県宮古島市伊良部字仲地１１番地,2022-08-25,合同会社
佳德株式会社,大阪府大阪市東成区深江北３丁目４番２１号エクラ深江橋６１０Ｂ,2022-08-25,株式会社
保證責任尾花澤町午房野負債整理組合,山形県尾花沢市大字午房野,2022-08-25,その他の設立登記法人
医療法人全健会,熊本県合志市竹迫２２４９番地２,2022-08-25,その他の設立登記法人
医療法人恵伸会,愛知県名古屋市北区浪打町２丁目９２番地１,2022-08-25,その他の設立登記法人
医療法人明俊会,愛知県稲沢市日下部北町５丁目５０番地,2022-08-25,その他の設立登記法人
合同会社あおいとり,東京都文京区本郷３丁目３５－３本郷ＵＣビル７階,2022-08-25,合同会社
合同会社なんくるシステムズ,埼玉県川越市新宿町５丁目１０番地３６,2022-08-25,合同会社
合同会社にじいろのカルテ,秋田県秋田市御所野湯本３丁目１番８号株式会社松紀秋田南青果センター内２階,2022-08-25,合同会社
合同会社まい・すたいる,千葉県印西市原山３丁目９番地３棟１０２号,2022-08-25,合同会社
合同会社みなみ,熊本県阿蘇郡南小国町大字赤馬場１８９６－７,2022-08-25,合同会社
合同会社アクステージ,福岡県福岡市中央区桜坂２丁目３番３１号,2022-08-25,合同会社
合同会社アンドエス,神奈川県茅ヶ崎市中海岸２丁目１番１号－１０２,2022-08-25,合同会社
合同会社ウェブ集客サポート,東京都目黒区碑文谷５丁目２－５Ｔ＆Ａビル５Ｆ,2022-08-25,合同会社
合同会社エコライフ,千葉県流山市松ケ丘１丁目４７５番地の３４サンサンプラザ１－１０５,2022-08-25,合同会社
合同会社エムナビコンフォート,神奈川県川崎市麻生区上麻生３丁目２２番６－７０７号,2022-08-25,合同会社
合同会社エンジェルランプ,東京都板橋区前野町４丁目６２番９号,2022-08-25,合同会社
合同会社カンバヤシ,東京都中央区日本橋３丁目２番１４号新槇町ビル別館第一２階,2022-08-25,合同会社
合同会社ココロの森,広島県広島市中区大手町１丁目１番２６号大手町一番ビル３０５,2022-08-25,合同会社
合同会社コンパクト,東京都渋谷区神泉町１０番１５号,2022-08-25,合同会社
合同会社サラサ,千葉県船橋市本町５丁目１５番１―３０３号,2022-08-25,合同会社
合同会社ソアレ,東京都調布市調布ケ丘２丁目１５番１号,2022-08-25,合同会社
合同会社トラスト,大分県別府市石垣東１０丁目６番８号３階Ｂ,2022-08-25,合同会社
合同会社バウハウス,東京都中央区銀座７丁目１３－２１,2022-08-25,合同会社
合同会社バンシル,埼玉県さいたま市見沼区大字蓮沼１５３８番１号グランモア・ゼファー２０３,2022-08-25,合同会社
合同会社ヒロ,大阪府大阪市西淀川区歌島１丁目１３番１０号１０１号室,2022-08-25,合同会社
合同会社フィクスト・スター,神奈川県横浜市神奈川区大口通３４番地２ラ・グラース横濱ｏｇｕｃｈｉ５０３号,2022-08-25,合同会社
合同会社ベネレット,埼玉県さいたま市南区鹿手袋４丁目２９番１０－８０２号,2022-08-25,合同会社
合同会社ホヌアンドアソシエイツ,埼玉県さいたま市中央区新中里３丁目３番１０号,2022-08-25,合同会社
合同会社ミラボン,東京都台東区浅草１丁目５－９－８０２,2022-08-25,合同会社
合同会社ヤスダ安心企画,宮城県角田市神次郎字遠見１２２番地,2022-08-25,合同会社
合同会社ライフカレント,新潟県上越市大和１丁目５番１７号,2022-08-25,合同会社
合同会社一歩,石川県河北郡内灘町白帆台１丁目４０２番地,2022-08-25,合同会社
合同会社三豊寝具販売,香川県観音寺市昭和町１丁目１番４１－６０２号,2022-08-25,合同会社
合同会社太田商会,東京都新宿区百人町２丁目２６番９ＮＣスクエア新宿ビル３Ｆ,2022-08-25,合同会社
合同会社安寧,富山県中新川郡立山町利田１０６７番地１６,2022-08-25,合同会社
合同会社旭商店,新潟県上越市大島区田麦１１５２番地,2022-08-25,合同会社
合同会社栗ちゃんサービス,埼玉県さいたま市緑区山崎１丁目２番１号,2022-08-25,合同会社
合同会社梅乃基,和歌山県田辺市磯間２４番２号,2022-08-25,合同会社
合同会社楠,奈良県橿原市小綱町４番２１号,2022-08-25,合同会社
合同会社結,北海道苫小牧市矢代町１丁目９番１２号,2022-08-25,合同会社
合同会社船員労働科学研究所,千葉県千葉市緑区誉田町２丁目２４番地４４２,2022-08-25,合同会社
合同会社那組開発,鹿児島県鹿屋市寿５丁目１７番１１号,2022-08-25,合同会社
合同会社Ｂｅ　Ｂｒｉｄｇｅ,兵庫県川西市萩原台西３丁目２０３番地,2022-08-25,合同会社
合同会社ＣＩＥ　Ｊａｐａｎ,広島県広島市中区幟町２－１０－３０１,2022-08-25,合同会社
合同会社Ｄａｙｎｅｅｄｓ,神奈川県鎌倉市大船３丁目６番２７号カサハラビル大船ⅣＡ棟１０１,2022-08-25,合同会社
合同会社Ｅｍｍａ,大阪府豊中市豊南町西３丁目２０番２０号伊丹マンション３１号室,2022-08-25,合同会社
合同会社Ｅｎｅｒｇｅｏ,東京都墨田区横川２丁目４番８号,2022-08-25,合同会社
合同会社ＧＭ　ＴＲＩＢＥ,神奈川県相模原市南区上鶴間本町９丁目３５番２６－２号,2022-08-25,合同会社
合同会社ＧＳプランニング,東京都中央区東日本橋３丁目６－１６グランスイート日本橋エイペックス１００３,2022-08-25,合同会社
合同会社ＨＦＭ,熊本県山鹿市山鹿１７９３番地５,2022-08-25,合同会社
合同会社Ｈａｌｕ　Ｈａｌｕ,東京都江東区北砂５丁目７番１５号,2022-08-25,合同会社
合同会社ＩＮＡＺＵＭＡ　ＧＡＭＥＳ,東京都豊島区南池袋１丁目１６番１５号ダイヤゲート池袋５階,2022-08-25,合同会社
合同会社ＫＯＮＯＫＯＮＯ,岡山県倉敷市東富井９７０－５６,2022-08-25,合同会社
合同会社ＬＩＮＫＴＨマネジメント,埼玉県さいたま市大宮区桜木町２丁目２－１０松木ビル２Ｆ,2022-08-25,合同会社
合同会社ＭＡＲＵ,新潟県新潟市中央区東堀前通５番町４１７番地１トーカンマンション東堀９０５号,2022-08-25,合同会社
合同会社Ｍｅｔａ　Ｔｅｃｈ,東京都渋谷区神南１丁目１３番１５号,2022-08-25,合同会社
合同会社ＰＥＬ,東京都江戸川区一之江１丁目６番２２号メゾン・まろうど２０５,2022-08-25,合同会社
合同会社ＰＨＡＮ　ＣＲ,埼玉県越谷市南越谷４丁目２２番地７富士コーポ１０３,2022-08-25,合同会社
合同会社Ｐｏｎｏｌａ,愛知県一宮市木曽川町黒田字西針口南ノ切３８番地１,2022-08-25,合同会社
合同会社Ｐｒｏｏｖ,東京都渋谷区渋谷２丁目１９―１５宮益坂ビルディング６０９,2022-08-25,合同会社
合同会社ＲＥＸ,千葉県柏市高柳４７２番地１３飯島ビルＢ棟２０１,2022-08-25,合同会社
合同会社Ｓ‐ＳＴＲＥＥＴ,広島県広島市東区牛田旭１丁目２番８－６０２号,2022-08-25,合同会社
合同会社ＴＥＮＳＯ,福岡県北九州市戸畑区千防２丁目１７番１０号３Ｆ,2022-08-25,合同会社
合同会社Ｔｉｇｅｒ,北海道札幌市中央区南九条西３丁目１番２８号,2022-08-25,合同会社
合同会社ａｍｉｔｉｅ,東京都中央区日本橋富沢町５－１０月村マンション７０３,2022-08-25,合同会社
合同会社ｂｅｅ,東京都目黒区碑文谷４丁目１５番１－３０１号,2022-08-25,合同会社
合同会社ｌｅ　ｌｉｅｎ,沖縄県宮古島市平良字西里３２９エビスビル１０１,2022-08-25,合同会社
合同会社ｓｏｌｅｉｌ　ｌｉｆｅ,神奈川県茅ヶ崎市萩園２０２８番地４７,2022-08-25,合同会社
吉峯梅庵合同会社,福井県吉田郡永平寺町北島第７号２２番地,2022-08-25,合同会社
大成住宅株式会社,神奈川県横浜市中区長者町８丁目１３４番地長者町ビル９階,2022-08-25,株式会社
大通貿易株式会社,東京都渋谷区代々木２丁目２９番１２号,2022-08-25,株式会社
大阪あがるくらぶ合同会社,大阪府大阪市中央区安土町２丁目５番５号本町明大ビル,2022-08-25,合同会社
宮永不動産株式会社,大分県宇佐市大字閤２４３番地の４,2022-08-25,株式会社
弁護士法人ＩＴＯ総合法律事務所,東京都渋谷区千駄ヶ谷１丁目２２番３号,2022-08-25,その他の設立登記法人
恒峰株式会社,大阪府大阪市阿倍野区阪南町５丁目４番２８号ファイブコート阪南町０４,2022-08-25,株式会社
慶幸屋台湾合同会社,新潟県佐渡市豊田７４４号,2022-08-25,合同会社
政林商事株式会社,岡山県倉敷市昭和１丁目１番３８号チサンマンション倉敷２０５号室,2022-08-25,株式会社
新もてぎ電力株式会社,栃木県芳賀郡茂木町大字茂木１０９０番地１,2022-08-25,株式会社
日本地球山株式会社,東京都千代田区一番町４番地５ニューライフ一番町１００３号,2022-08-25,株式会社
日本養蜂園株式会社,東京都世田谷区用賀４丁目５番地２２号,2022-08-25,株式会社
星元株式会社,東京都練馬区桜台１丁目７番７－４１８号,2022-08-25,株式会社
春和春木株式会社,大阪府岸和田市上松町２丁目１番１６号下松ビジネスセンター１０３号,2022-08-25,株式会社
昱電株式会社,東京都豊島区南大塚２丁目３７－１０吉岡ビル１０１号,2022-08-25,株式会社
智信国際物流株式会社,東京都品川区西五反田３丁目６番２３－１９０２号,2022-08-25,株式会社
有限会社ミノル紙工,埼玉県蕨市錦町１丁目１１番３７号,2022-08-25,有限会社
朝陽株式会社,千葉県松戸市八ケ崎６丁目３９番地の２２,2022-08-25,株式会社
松永商事株式会社,三重県松阪市嬉野算所町字北浦８９０番１,2022-08-25,株式会社
株式会社えがおの陽,兵庫県西宮市北六甲台２丁目１５番１５号,2022-08-25,株式会社
株式会社えび屋,宮城県石巻市わかば１丁目７番地８,2022-08-25,株式会社
株式会社おいぷろ,東京都新宿区中落合１丁目１２番１０号武田ビル６０１,2022-08-25,株式会社
株式会社さち,大阪府堺市西区浜寺石津町中４丁１０番１０号,2022-08-25,株式会社
株式会社すずよう,東京都大田区大森北３丁目１番４号斎藤ビル１０２,2022-08-25,株式会社
株式会社たすける,三重県四日市市阿倉川町１０番２６号,2022-08-25,株式会社
株式会社てぃだ,鹿児島県霧島市国分広瀬４丁目２８番３４号,2022-08-25,株式会社
株式会社りゅうじゅ,北海道上川郡上川町旭町５３番地,2022-08-25,株式会社
株式会社アッシェエンターテインメント,高知県高知市土佐山高川３３４番地３,2022-08-25,株式会社
株式会社アロッタ,大阪府大阪市浪速区桜川２丁目９番４号,2022-08-25,株式会社
株式会社アートザグループ,千葉県君津市杢師２丁目１２番３号,2022-08-25,株式会社
株式会社ウィングスプラン,栃木県宇都宮市瑞穂２丁目２０番地５,2022-08-25,株式会社
株式会社ウェミアス,栃木県宇都宮市上戸祭町２９８９番地１０５,2022-08-25,株式会社
株式会社エアライド,愛知県一宮市大和町戸塚字連田２０番地２９,2022-08-25,株式会社
株式会社エクセルホールディングス,静岡県沼津市双葉町９番１２－２号,2022-08-25,株式会社
株式会社エスアンドワイ,大阪府泉大津市若宮町５番１９号プレイズ泉大津１１０６号,2022-08-25,株式会社
株式会社エスエヌティ京都,京都府亀岡市保津町荒金３番地２,2022-08-25,株式会社
株式会社エマライズ,東京都多摩市貝取１４７４番地の１－３０５,2022-08-25,株式会社
株式会社エムケイプラン,静岡県浜松市中区高丘北２丁目２６番１４号ジュビロタウンＡ棟Ａ１０３,2022-08-25,株式会社
株式会社オデオン,岐阜県岐阜市三番町２０フロムイーストビル１階,2022-08-25,株式会社
株式会社オルマブルズ,福井県福井市二の宮３丁目１０番２０号,2022-08-25,株式会社
株式会社オンキョウヤ,秋田県由利本荘市大鍬町２７番地７,2022-08-25,株式会社
株式会社カタリテ,大阪府大阪市北区梅田１丁目１番３大阪駅前第３ビル２９階１－１－１号室,2022-08-25,株式会社
株式会社カネサ相田,北海道北見市常呂町字常呂３２番地４,2022-08-25,株式会社
株式会社ガーディアランス,東京都港区高輪３丁目１１番８号,2022-08-25,株式会社
株式会社ギンレイバイオ,石川県金沢市京町２５番２０号,2022-08-25,株式会社
株式会社コンベンションプラス,東京都文京区本郷３丁目３５－３本郷ＵＣビル７階,2022-08-25,株式会社
株式会社ゴールデン映像,東京都新宿区西新宿３丁目３番１３号西新宿水間ビル６階,2022-08-25,株式会社
株式会社サランガジン,大阪府箕面市小野原西６丁目４番９号,2022-08-25,株式会社
株式会社スマイルホーム,大阪府羽曳野市郡戸３３４番地７０スマイルホーム,2022-08-25,株式会社
株式会社スリール,大阪府大阪市港区波除２丁目１０番３号,2022-08-25,株式会社
株式会社セカンドウィンド,千葉県鴨川市江見東真門２９－２,2022-08-25,株式会社
株式会社セキュリティーワーク,広島県広島市西区西観音町１番１０－３０２号,2022-08-25,株式会社
株式会社セブンオーシャン・ジャパン,愛知県一宮市木曽川町門間字南島海２７番地,2022-08-25,株式会社
株式会社ゼーベック,千葉県船橋市前原東５丁目１５－３０ボナールタカシ２－２０３,2022-08-25,株式会社
株式会社バービ,東京都新宿区戸山１丁目１５番１３－５０５号,2022-08-25,株式会社
株式会社パレットテクノロジーズ,奈良県奈良市橋本町３－１,2022-08-25,株式会社
株式会社ヒラノ商会,和歌山県東牟婁郡那智勝浦町大字北浜２丁目４番地,2022-08-25,株式会社
株式会社ピーアールディ,愛知県豊橋市牟呂大西町２９番地の２２,2022-08-25,株式会社
株式会社ピーススマイル,大阪府大阪市都島区毛馬町５丁目３番２５号,2022-08-25,株式会社
株式会社フェアキャッチ,東京都渋谷区鶯谷町３番７号,2022-08-25,株式会社
株式会社フラクタル,神奈川県小田原市城山２丁目１６番３１号,2022-08-25,株式会社
株式会社ブラックホーク・マネジメント,神奈川県横浜市港北区日吉本町２丁目５－６,2022-08-25,株式会社
株式会社プロパティーユナイテッド,大阪府大阪市東淀川区淡路５丁目５－２０－１０２号室,2022-08-25,株式会社
株式会社プロメロ・エム,東京都江東区北砂６丁目１３番４号志村ビル１Ｆ,2022-08-25,株式会社
株式会社ベント,北海道札幌市清田区美しが丘三条５丁目８番３－３０５号,2022-08-25,株式会社
株式会社ペグ,福島県耶麻郡磐梯町大字磐梯字七ツ森７０８４番地１５,2022-08-25,株式会社
株式会社マサキ塗装店,福井県鯖江市西大井町第４２号４番地２０,2022-08-25,株式会社
株式会社マル金農園研究所,静岡県藤枝市瀬戸ノ谷７５３７番地の２,2022-08-25,株式会社
株式会社マーキュリー,千葉県千葉市美浜区幕張西４丁目１－１４－１０２,2022-08-25,株式会社
株式会社メイプルトップ,千葉県茂原市茂原８７０番地６ヒカリハイツ１０２,2022-08-25,株式会社
株式会社メモリーホームＡｔｅｌｉｅｒ,奈良県天理市川原城町８９７番地メモリーホームアトリエ第１２号館,2022-08-25,株式会社
株式会社モアファン,埼玉県川口市金山町１３番３０－５０５号,2022-08-25,株式会社
株式会社モヒート,大阪府八尾市高砂町５丁目５５番地の２６,2022-08-25,株式会社
株式会社モータースミニ,愛媛県宇和島市高串１番耕地１４３３番地１,2022-08-25,株式会社
株式会社ユウワ工業,愛知県海部郡大治町大字西條字南井口１０番地の４,2022-08-25,株式会社
株式会社ライフスタートブリッジ,大阪府大阪市鶴見区今津北５丁目１７番３号,2022-08-25,株式会社
株式会社ライフテック,沖縄県中頭郡西原町字翁長１７番地の４,2022-08-25,株式会社
株式会社ラフノート,大阪府大阪市西区江戸堀１丁目２１番４号ＭＲＫ江戸堀,2022-08-25,株式会社
株式会社ラ・ルーチェ,東京都中央区銀座４丁目１３番１４号４階,2022-08-25,株式会社
株式会社リアージュ,埼玉県加須市東栄１丁目９番１号,2022-08-25,株式会社
株式会社リーショー,東京都大田区南六郷３丁目１４番１１号１Ｆ,2022-08-25,株式会社
株式会社リーベクライス,大阪府東大阪市今米１丁目５番３５号美杜里ハイムⅡ３０３,2022-08-25,株式会社
株式会社ルーフ宮下,栃木県栃木市大宮町２０５７番地２０,2022-08-25,株式会社
株式会社レミエーション,福岡県春日市春日８丁目３６番地２,2022-08-25,株式会社
株式会社ロイジービブ,宮城県仙台市青葉区北根１丁目３番１号,2022-08-25,株式会社
株式会社ワタシ,大阪府大阪市中央区高麗橋２丁目３番１５号ＲＥ北浜ビルディング６Ｆ,2022-08-25,株式会社
株式会社万寿屋,愛知県名古屋市中区富士見町１７番３２号,2022-08-25,株式会社
株式会社三建設,福岡県北九州市八幡西区折尾５丁目８番４４号,2022-08-25,株式会社
株式会社三栄塗装,広島県三次市向江田町３０５番地７,2022-08-25,株式会社
株式会社中島総業,石川県金沢市元町１丁目１５番１９号,2022-08-25,株式会社
株式会社中村建設工業,福岡県田川郡福智町金田１０５３番地４,2022-08-25,株式会社
株式会社光希,愛知県あま市森８丁目１２番地２７,2022-08-25,株式会社
株式会社八州設計,福岡県北九州市八幡西区藤田２丁目１番１－２０５号,2022-08-25,株式会社
株式会社北原工務店,佐賀県佐賀市川副町大字南里１４４５番地１,2022-08-25,株式会社
株式会社南海ワークス,大阪府岸和田市春木大小路町１１番１２号,2022-08-25,株式会社
株式会社南豊商事,大阪府大阪市北区天神橋３丁目１－４３,2022-08-25,株式会社
株式会社原口産業,北海道亀田郡七飯町字中島１４０番地２,2022-08-25,株式会社
株式会社原田商事,東京都港区南青山５丁目４番３５号たつむら青山マンション１０１０号室,2022-08-25,株式会社
株式会社嘉門芦屋コリアン亭,兵庫県芦屋市川西町４番２号ＶＩＶＯ芦屋,2022-08-25,株式会社
株式会社回,神奈川県横浜市中区相生町２丁目５２番地泰生ポーチ３０１,2022-08-25,株式会社
株式会社壬戌,大阪府大阪市中央区安土町２丁目４番１１－３４１５号,2022-08-25,株式会社
株式会社家族の手,大阪府大阪市住吉区住吉２丁目５番２４号グルパ住吉１号館３０３号,2022-08-25,株式会社
株式会社平中ホールディングス,愛知県名古屋市中村区則武１丁目３１番２２号,2022-08-25,株式会社
株式会社日本リライフ,奈良県奈良市東登美ヶ丘１丁目１番３号,2022-08-25,株式会社
株式会社昇住物産,東京都豊島区南大塚３丁目１番１２－９０２号,2022-08-25,株式会社
株式会社時雨,東京都新宿区高田馬場１丁目２７番３号ニュー竹宝ビル５０６号室,2022-08-25,株式会社
株式会社末広企画,東京都足立区東和３丁目１６番５号,2022-08-25,株式会社
株式会社村田商事,千葉県鎌ケ谷市東中沢２丁目２２番３８号,2022-08-25,株式会社
株式会社東京トレカ取引所,東京都中央区日本橋２丁目１番３号アーバンネット日本橋二丁目ビル１０階,2022-08-25,株式会社
株式会社松建,岐阜県可児市緑ケ丘５丁目１４２番地,2022-08-25,株式会社
株式会社柔鍼,滋賀県大津市あかね町１８番１４号,2022-08-25,株式会社
株式会社桜梅桃李エッセンス,東京都東村山市富士見町１丁目１２番地２ヴィラージュ・ヴェール三番館６０５,2022-08-25,株式会社
株式会社樹々ケア,大阪府堺市東区高松４００番地１３,2022-08-25,株式会社
株式会社正輝商事,大阪府大阪市大正区三軒家西３丁目１０番１７,2022-08-25,株式会社
株式会社煌励,千葉県市原市辰巳台東２丁目１０番地６,2022-08-25,株式会社
株式会社福祉支援そよかぜ,沖縄県宜野湾市真志喜２丁目５番２０－４０３号メゾン・ド・アムール,2022-08-25,株式会社
株式会社秀亜,茨城県守谷市松前台７丁目２３番地９,2022-08-25,株式会社
株式会社竹取屋,神奈川県横浜市青葉区市ケ尾町１０６２番地１ローゼ市ヶ尾１０８号,2022-08-25,株式会社
株式会社美島産業,沖縄県宜野湾市大謝名４丁目１３－２９－２０１,2022-08-25,株式会社
株式会社誠掃,東京都葛飾区新小岩２丁目３６番地２号久保田荘１０１号室,2022-08-25,株式会社
株式会社豊和装業,千葉県市原市畑木３０２番地３,2022-08-25,株式会社
株式会社道和,北海道北広島市輪厚中央３丁目１番地２０,2022-08-25,株式会社
株式会社野沢温泉企画,長野県下高井郡野沢温泉村大字豊郷９２５４番地,2022-08-25,株式会社
株式会社鈴一建設,静岡県浜松市中区泉３丁目１番４３号Ｍビル３Ｆ,2022-08-25,株式会社
株式会社長縄工務店運輸,愛知県春日井市六軒屋町４丁目６３番地,2022-08-25,株式会社
株式会社雄プロダクション,東京都練馬区練馬１丁目２０番８号日建練馬ビル２Ｆ,2022-08-25,株式会社
株式会社雅堂,栃木県宇都宮市戸祭１丁目１１番１０号,2022-08-25,株式会社
株式会社零ＣＲＥＡＴＥ,栃木県足利市上渋垂町１１９番地,2022-08-25,株式会社
株式会社電王,奈良県奈良市北之庄町５３－２－１０３,2022-08-25,株式会社
株式会社高酸素グッドケアアンドグッドヘルス,東京都新宿区新宿２丁目１４番６号,2022-08-25,株式会社
株式会社３イルソーレ,大阪府大阪市天王寺区上本町６丁目２番３５－７０２号,2022-08-25,株式会社
株式会社ＡＨラボ,兵庫県明石市魚住町錦が丘３丁目９番地の１０第二ＮＳビル,2022-08-25,株式会社
株式会社ＡＬ‐ＢＵＲＡＱ　ＩＮＴＥＲＮＡＴＩＯＮＡＬ,埼玉県朝霞市北原１丁目２番１８号プレジデント朝霞台Ⅱ１０２,2022-08-25,株式会社
株式会社ＡＭＡＮＥＱ,三重県四日市市西伊倉町３番３号,2022-08-25,株式会社
株式会社ＡＮＲＥ,千葉県八街市砂７５７番地１６,2022-08-25,株式会社
株式会社ＡＱ,東京都渋谷区道玄坂１丁目１６番６号,2022-08-25,株式会社
株式会社ＡＲＣＨＥ,兵庫県神戸市長田区若松町２丁目１番３号,2022-08-25,株式会社
株式会社ＡＴ＆Ｎ,東京都渋谷区千駄ヶ谷５丁目２３－９－４Ｆ,2022-08-25,株式会社
株式会社Ａｅｒ,東京都江東区越中島１丁目２－７－４０４号室,2022-08-25,株式会社
株式会社Ａｎ，ｃｒｅａｔｉｏｎ,大阪府枚方市杉山手１丁目６番２４号,2022-08-25,株式会社
株式会社Ａｕｔｏ　Ｋｒｕｚｅ　Ｔｒａｄｉｎｇ,茨城県古河市大山１６９４番地２フジハイツ２０２,2022-08-25,株式会社
株式会社ＢＬＡＣＫ　ＫＩＮＧ　ＧＲＯＵＰ,沖縄県那覇市泉崎１丁目１３番８号ハーモニー泉崎ビル３階,2022-08-25,株式会社
株式会社ＢＬＯＯＭ,愛知県名古屋市中区栄５丁目２６番３９号ＧＳ栄ビル３階,2022-08-25,株式会社
株式会社Ｂｉｚｌａｂ,東京都目黒区駒場１丁目３４番９号,2022-08-25,株式会社
株式会社ＣＡＳＭホールディングス,大阪府大阪市北区豊崎３丁目２０番１２号,2022-08-25,株式会社
株式会社ＣＥＲＣＩＴ,宮城県仙台市青葉区広瀬町３番３４号,2022-08-25,株式会社
株式会社ＣＥＳ‐Ａｌｐｈａ,神奈川県横浜市港北区新横浜３丁目２４番５号新横浜ユニオンビルＡＮＮＥＸ７階,2022-08-25,株式会社
株式会社ＣＬＵＴＣＨ,神奈川県川崎市高津区末長４丁目６番８号,2022-08-25,株式会社
株式会社ＣＲＯＳＳ　ＧＯＬＤ,東京都世田谷区経堂１丁目１９番６号清水ビル３階,2022-08-25,株式会社
株式会社Ｃｏｎｎｅｃｔｉｏｎ　Ｃａｒｅ,大阪府大阪市城東区放出西３丁目７番２号,2022-08-25,株式会社
株式会社ＤＡＮＣＥ　ＥＬＥＧＡＮＣＥ,福岡県福岡市中央区薬院１丁目６番９号福岡ニッセイビル４階,2022-08-25,株式会社
株式会社ＤＫＳ,佐賀県佐賀市高木瀬西６丁目１１番４号,2022-08-25,株式会社
株式会社Ｄｏｎｕｔ　Ｓｏｌｕｔｉｏｎ,大阪府八尾市大竹７丁目１６９番地,2022-08-25,株式会社
株式会社ＥＸＣＬＵＺ,愛知県常滑市金山字石田１５０番地の３,2022-08-25,株式会社
株式会社ＦＳＡ,大阪府堺市南区竹城台２丁１１番１７号,2022-08-25,株式会社
株式会社Ｆｌｏｕｒｉｓｈ,福岡県糟屋郡志免町南里１丁目８番２８号マル伸ビル１Ｆ,2022-08-25,株式会社
株式会社ＧＡＭＢＥＲＥＴＴＯ,宮城県仙台市太白区向山３丁目２０番１６号,2022-08-25,株式会社
株式会社ＧＬＴ,神奈川県川崎市高津区千年新町１０番地１－１０１,2022-08-25,株式会社
株式会社ＧＲＥＥＮ　ＢＲＵＳＨ,東京都国分寺市南町３丁目２５番１０号セント・ヒルズ６０１,2022-08-25,株式会社
株式会社Ｇａｒｄｅｎｉａ,東京都中野区鷺宮１丁目５番７号オリエンタルビジネスセンター１０９号,2022-08-25,株式会社
株式会社Ｇｅｌｄ,東京都文京区白山２丁目２０－５－３０６,2022-08-25,株式会社
株式会社ＧｏｖＯｃｈ,東京都墨田区錦糸１丁目２－１,2022-08-25,株式会社
株式会社ＨＯＮＵＡ‐ＭＥＡ,山梨県富士吉田市ときわ台２丁目２－２４,2022-08-25,株式会社
株式会社ＨｉＭＥ,東京都港区元赤坂１丁目１番１７－１００１号,2022-08-25,株式会社
株式会社ＩＭＧ,東京都北区王子５丁目２番２－１１７号,2022-08-25,株式会社
株式会社Ｉｍｉｚｕｔｔｏ,富山県射水市片口久々江６７４番地２,2022-08-25,株式会社
株式会社Ｉｒａ,大阪府東大阪市日下町４丁目３－４４,2022-08-25,株式会社
株式会社ＪＰ　Ｃｏｌｌｅｃｔｉｂｌｅｓ,東京都府中市是政１丁目５２－２,2022-08-25,株式会社
株式会社Ｊｅｅｋａａ,福岡県福津市日蒔野１丁目１番地の２－１２０８号,2022-08-25,株式会社
株式会社Ｋ‐ＣＲＡＦＴ,千葉県白井市冨士２５３番地の６６,2022-08-25,株式会社
株式会社Ｋ‐ＬＩＮＥ,神奈川県横須賀市ハイランド４丁目２２番２号,2022-08-25,株式会社
株式会社ＫＡＴＡＯＫＡ,千葉県いすみ市岬町中滝９５５番地１２,2022-08-25,株式会社
株式会社ＫＯＫＩＮ,京都府舞鶴市字南田辺１２６番地５,2022-08-25,株式会社
株式会社ＫＯＯ,千葉県市原市青葉台３丁目１４番地１０,2022-08-25,株式会社
株式会社ＫＴＳ,東京都豊島区北大塚１丁目１４番１４号アーバン三恵６０２号室,2022-08-25,株式会社
株式会社Ｋａｗａｓａｋｉ　Ｗｏｒｋｓ,東京都三鷹市大沢３丁目３番２３号,2022-08-25,株式会社
株式会社Ｌ．Ｌ．Ｓｔａｔｉｏｎ,佐賀県唐津市北波多田中８００番地１９,2022-08-25,株式会社
株式会社ＬＩＰ,福岡県福岡市早良区荒江２丁目６番３７号第２渡辺ビル１Ｆ１０１号,2022-08-25,株式会社
株式会社ＬＯＯＰ,大阪府大阪市西区西本町１丁目１４番２５号豊幸ビル１Ｆ,2022-08-25,株式会社
株式会社ＬＵＸＩＳ,東京都渋谷区松濤１丁目２８番２号,2022-08-25,株式会社
株式会社Ｌｉｌｙ’ｓ　ｔｅａ,宮城県仙台市青葉区昭和町二丁目２３ノーヴスアーバンビル６０１号室,2022-08-25,株式会社
株式会社Ｌｉｎｋ　Ｗｏｒｋｅｒｓ,茨城県つくば市大曽根４３６番地１４号パティオ・シャルム２０１,2022-08-25,株式会社
株式会社Ｌｉｖｉｎｇ　Ｐｒｏｏｆ,東京都足立区保木間４丁目４９番８号,2022-08-25,株式会社
株式会社Ｌｕｎｅｌｉｒｅ,大分県国東市国見町伊美７番地,2022-08-25,株式会社
株式会社ＭＡＳＡＮＡ工務店,東京都世田谷区羽根木１丁目１９番６号シャトルＨＩＥＩ・２Ａ,2022-08-25,株式会社
株式会社ＭＣＤ,東京都多摩市関戸５丁目１７番地の１５グランツ聖蹟４０２,2022-08-25,株式会社
株式会社ＭＩＳＡＴＯ,福岡県北九州市八幡西区京良城町３－１６,2022-08-25,株式会社
株式会社ＭＩＵ,東京都渋谷区神宮前６丁目２３番４号桑野ビル２階,2022-08-25,株式会社
株式会社ＭＯＡＮＡ,広島県広島市中区国泰寺町２丁目２番２５－９０１号,2022-08-25,株式会社
株式会社ＭＳインターナショナルスクール,宮城県塩竈市本町１３番５号,2022-08-25,株式会社
株式会社ＭＳＡ,和歌山県橋本市小峰台１丁目２７番地の７,2022-08-25,株式会社
株式会社ＭＳｐｒｏｔｏ,東京都新宿区荒木町３番地１４ＹＤマンション２０５,2022-08-25,株式会社
株式会社ＮＦＩＧＵＲＥ,東京都渋谷区神宮前６丁目２３番４号桑野ビル２階,2022-08-25,株式会社
株式会社Ｎｅｏ,大阪府大阪市浪速区難波中２丁目６－１７,2022-08-25,株式会社
株式会社Ｎｏ．１８,大阪府大阪市北区曾根崎１丁目７番１５号曾根崎ムーンビル５階,2022-08-25,株式会社
株式会社ＯＤＤサービス,北海道札幌市東区北十一条東１３丁目２番８－１０５号,2022-08-25,株式会社
株式会社Ｏｎｅ　Ｓｔｅｐ,大阪府大阪市東成区東中本３丁目１９番２３号７Ｆ,2022-08-25,株式会社
株式会社ＰＢＪ,愛知県名古屋市瑞穂区太田町３丁目１９番地の１ＶｉｅｗＴｅｒｒａｃｅ１０２号,2022-08-25,株式会社
株式会社Ｐａｕｌ,愛知県名古屋市中区大須１丁目３５番１８号,2022-08-25,株式会社
株式会社Ｐｉｎｏｉｚｏｌａ,東京都台東区西浅草２丁目２５番１５号ブランシール浅草１０２号室,2022-08-25,株式会社
株式会社Ｐｌｕｍ　Ｐｌｕｓ．,高知県高知市高須２丁目２番２２号,2022-08-25,株式会社
株式会社Ｐｒｏｄｕｃｔ　Ｓａｌｅｓ,東京都中野区野方１丁目６番９号,2022-08-25,株式会社
株式会社Ｐｒｏｆｅｓｓｉｏｎａｌｓ,東京都葛飾区新小岩１丁目３３番１０号Ｗｉｓｅｎｏｔｅ２０１,2022-08-25,株式会社
株式会社ＲＹＯ,北海道札幌市中央区北四条東１丁目３番地１パシフィックタワー札幌２９０１号,2022-08-25,株式会社
株式会社Ｒｅ１６,東京都中野区本町３丁目６番１３号,2022-08-25,株式会社
株式会社ＲｉｔＡ,東京都町田市玉川学園７丁目１４番２号１３,2022-08-25,株式会社
株式会社Ｒｏｏｔｓ,長野県飯山市大字瑞穂３１８７番地,2022-08-25,株式会社
株式会社Ｓ‐ｓｔｙｌｅ,埼玉県さいたま市緑区大字三室４１６番地６,2022-08-25,株式会社
株式会社ＳＥＡＭＳ,神奈川県茅ヶ崎市浜竹１丁目１１番５２号,2022-08-25,株式会社
株式会社ＳＨＩＮＹＡ,東京都大田区羽田４丁目４番２６号,2022-08-25,株式会社
株式会社ＳＨＩＵＮエステート,香川県高松市番町４丁目７番９号,2022-08-25,株式会社
株式会社ＳＩＸＭＡＴＥ,千葉県袖ケ浦市福王台２丁目２０番地２,2022-08-25,株式会社
株式会社ＳＫＪ,東京都新宿区早稲田鶴巻町１１１番地フォレスト・インワセダ３０４号,2022-08-25,株式会社
株式会社ＳＯＦＩＸ,滋賀県草津市野路東１丁目１番１号立命館大学ＢＫＣインキュベータ,2022-08-25,株式会社
株式会社ＳＰ,兵庫県洲本市中川原町市原５２８番地,2022-08-25,株式会社
株式会社ＳＴＫ,茨城県つくば市みどりの南９３番地３,2022-08-25,株式会社
株式会社ＳＵＮ　ＣＲＡＦＴ,大分県大分市大字三芳９３３番地の３９,2022-08-25,株式会社
株式会社Ｓｏｌｏｗ　ｎｅｔ,大阪府枚方市氷室台１丁目６番１８号,2022-08-25,株式会社
株式会社Ｓｐａｒｋｌｅ,茨城県牛久市ひたち野西３丁目１２番地２,2022-08-25,株式会社
株式会社ＴＯＭＯ,千葉県市川市大野町４丁目２７７１番地の１１,2022-08-25,株式会社
株式会社ＴＳ,東京都葛飾区高砂２丁目３７番１第一正陽ビル４０４号室,2022-08-25,株式会社
株式会社ＴＳ‐ＫｉＢＯ,愛媛県新居浜市清水町９番４８号,2022-08-25,株式会社
株式会社ＴＹコーポレーション,新潟県新潟市中央区東大通１丁目１１番１２号パルコミニオンビル７階,2022-08-25,株式会社
株式会社ＴＹＳコーポレーション,北海道札幌市南区真駒内泉町３丁目４番１０号,2022-08-25,株式会社
株式会社ＵＮＩＴＥＯＮ,熊本県上益城郡山都町大平２７８番地１,2022-08-25,株式会社
株式会社Ｗ　Ｃｏｒａｌ,茨城県日立市田尻町３丁目４３番１５号,2022-08-25,株式会社
株式会社ＷＩＴＨ　ＳＵＮＲＩＳＥ,大阪府大阪市阿倍野区昭和町１丁目５番２６号ＥＢＩＳＵビル,2022-08-25,株式会社
株式会社ＷｅｌＣｒｏｐ,長崎県雲仙市瑞穂町古部甲１８１９番地,2022-08-25,株式会社
株式会社Ｙ’ｓエンジニアリング,兵庫県神戸市須磨区小寺町２丁目２－１２－２０２,2022-08-25,株式会社
株式会社ＹＡＳＵＤＡ,東京都目黒区祐天寺２丁目８－３Ｓ・Ｎビル１０１,2022-08-25,株式会社
株式会社ＹＣＯ,東京都立川市砂川町１丁目８番地の２９,2022-08-25,株式会社
株式会社Ｙａｎｓｅ,大阪府大阪市中央区西心斎橋２丁目１２番２２号朝日プラザ心斎橋５２２号室,2022-08-25,株式会社
株式会社ａ．ｏ,神奈川県藤沢市藤沢１００６－１パークホームズブロードマーク１０３,2022-08-25,株式会社
株式会社ａｔｌａｓ,千葉県木更津市千束台２丁目７番地１４,2022-08-25,株式会社
株式会社ａｕｂｅＢｉｚ,東京都渋谷区円山町５番５号Ｎａｖｉ渋谷Ｖ３階,2022-08-25,株式会社
株式会社ｃｌａｒｕｓ,宮崎県日向市北町２丁目１７番地６,2022-08-25,株式会社
株式会社ｃｏｅｕｒ　ａｍｏｕｒ５２,新潟県長岡市住吉３丁目８番２５号,2022-08-25,株式会社
株式会社ｃｕｅ,宮城県仙台市青葉区国分町１丁目８番１４号仙台協立第２ビル,2022-08-25,株式会社
株式会社ｉａｌ,大阪府大阪市北区大淀南２丁目２番４３－３７０６号,2022-08-25,株式会社
株式会社ｍｉｉｆｕｚ,東京都品川区上大崎３丁目２－１目黒センタービル８階,2022-08-25,株式会社
株式会社ｍｕｒｍｕｒ,東京都品川区小山３丁目２７番５号武蔵小山創業支援センター,2022-08-25,株式会社
株式会社ｎｉｃｏ,東京都中央区勝どき２丁目１２番１０号,2022-08-25,株式会社
株式会社ｐｒｉｍａｌ,大阪府大阪市中央区北久宝寺町２丁目６番１号５階,2022-08-25,株式会社
株式会社ｒｅｃｓ,東京都世田谷区上馬４丁目９番１１号,2022-08-25,株式会社
株式会社ｔｈｅ　ｅｄｇｅ,東京都港区白金台３丁目１番１１号マンション白金台７０４号室,2022-08-25,株式会社
株式会社ｕｌｕ,北海道室蘭市宮の森町４丁目５番１２号,2022-08-25,株式会社
森家合同会社,神奈川県藤沢市鵠沼桜が岡４丁目１番１４号,2022-08-25,合同会社
永溢株式会社,大阪府大阪市西成区天下茶屋１丁目１番１６号,2022-08-25,株式会社
清掃業衛生ユニオン光国クリーン合同会社,東京都府中市本町１丁目１２－２オウズ御殿山３０２号,2022-08-25,合同会社
特定非営利活動法人ほんわかのタネまき,石川県金沢市北袋町ヲ４８番地１（西村様方）,2022-08-25,その他の設立登記法人
特定非営利活動法人日本ＮＰＯサクセス,島根県浜田市日脚町１８５番地１２（３）,2022-08-25,その他の設立登記法人
白浜特定目的会社,東京都千代田区丸の内３丁目１番１号東京共同会計事務所内,2022-08-25,その他の設立登記法人
社会福祉法人今人倶楽部,愛媛県四国中央市三島宮川２丁目２番６号,2022-08-25,その他の設立登記法人
神穂土地建物株式会社,大阪府豊中市緑丘４丁目７番２号,2022-08-25,株式会社
福幸商事合同会社,埼玉県川口市幸町２丁目１５番６号,2022-08-25,合同会社
紡絹株式会社,神奈川県茅ヶ崎市東海岸北４丁目２番２８号,2022-08-25,株式会社
美博惠贏株式会社,大阪府大阪市東成区深江北３丁目４番２１号エクラ深江橋４１０Ａ,2022-08-25,株式会社
臨風合同会社,埼玉県さいたま市南区曲本５丁目１番２号,2022-08-25,合同会社
良宅計画合同会社,東京都武蔵野市仲町一丁目２７番１２号ＨｏｕｓｅＭａｒｉｍｏ３０３号,2022-08-25,合同会社
芍薬堂株式会社,鹿児島県鹿児島市下荒田１丁目５番６号,2022-08-25,株式会社
茶酒和庭株式会社,静岡県浜松市中区千歳町７５龍門堂ビル２Ｆ,2022-08-25,株式会社
荷亞海運株式会社,大阪府大阪市中央区南久宝寺町３丁目４番１５号,2022-08-25,株式会社
観舎株式会社,東京都豊島区池袋４丁目２９番１１号トウセン池袋ビル５０７号,2022-08-25,株式会社
遊和工房株式会社,長崎県大村市沖田町１２４番地１,2022-08-25,株式会社
錦野一般社団法人,東京都港区愛宕２丁目５番１号,2022-08-25,その他の設立登記法人
鍋時株式会社,福岡県北九州市八幡西区元城町２－２０,2022-08-25,株式会社
騰錦東京株式会社,東京都豊島区上池袋３丁目３５番１２－１２０１号,2022-08-25,株式会社
龍翔金属株式会社,愛媛県今治市高市字頓田甲７８８番地６,2022-08-25,株式会社
龍越商事株式会社,愛媛県四国中央市土居町上野甲３７９番地３,2022-08-25,株式会社
１ＮＣＥ株式会社,東京都港区六本木３丁目６番９号,2022-08-25,株式会社
３ＧＳＮ株式会社,東京都三鷹市上連雀３丁目１２番２号,2022-08-25,株式会社
ＡＭＡＫｏｏ株式会社,秋田県秋田市飯島字坂道端１９番地４,2022-08-25,株式会社
ＡＮ　Ｉｎｆｏ．合同会社,北海道札幌市中央区南一条西１３丁目４番地第４１ビッグプラザビルⅠ３階,2022-08-25,合同会社
ＡＮＮＹ合同会社,愛知県瀬戸市中水野町１丁目１２４（サンクレストみずのＡ－２０１）,2022-08-25,合同会社
Ａｐａｍａｎ　Ｉｎｔｅｒｎａｔｉｏｎａｌ株式会社,千葉県千葉市稲毛区小仲台１丁目５番１２－７１４号,2022-08-25,株式会社
ＢＨ　Ｕｎｉｖｅｒｓａｌ　Ｔｒａｄｉｎｇ合同会社,愛知県名古屋市中区錦１丁目１７番１３号,2022-08-25,合同会社
Ｂｌａｎｃａ合同会社,東京都渋谷区神宮前６丁目２３－４桑野ビル２階,2022-08-25,合同会社
Ｃｈｏｐｉａ合同会社,東京都港区浜松町２丁目２番１５号浜松町ダイヤビル２Ｆ,2022-08-25,合同会社
Ｃｌａｒｉｏｎ　Ｄｅｆｅｎｃｅ　（ＵＫ）　Ｌｉｍｉｔｅｄ,,2022-08-25,外国会社等
Ｃｌａｒｋ合同会社,東京都港区南麻布２丁目９番２６号,2022-08-25,合同会社
ＥＶＥＲＥＳＴ　ＣＯＲＰＯＲＡＴＩＯＮ合同会社,東京都昭島市松原町２丁目８－２６マリオ齋藤１０３,2022-08-25,合同会社
ＦＩＲＥ株式会社,東京都渋谷区恵比寿２丁目２番１１号,2022-08-25,株式会社
ＦＯＭＩＬ株式会社,広島県福山市曙町２丁目５番６号,2022-08-25,株式会社
Ｆｕｓｉｏｎ　Ｊａｐａｎ株式会社,新潟県長岡市西宮内２丁目５５番地チェスナットヒルＢ２０２,2022-08-25,株式会社
ＧＥＮＫＩ創造株式会社,神奈川県川崎市中原区新丸子東３丁目１１００番地１５－Ｓ２４０３,2022-08-25,株式会社
ＧＶ株式会社,東京都杉並区和田２丁目２６番３－１０１号,2022-08-25,株式会社
Ｇｓｐｒｉｎｇ株式会社,神奈川県横浜市西区高島２丁目１１番２号スカイメナー横浜５１９,2022-08-25,株式会社
ＨＲＴ合同会社,千葉県市川市菅野５丁目９番１２号（１０１）,2022-08-25,合同会社
ＨＹ‐ＣＯＳＭＥ株式会社,東京都新宿区西新宿６丁目１０番１号新宿オークシティ日土地西新宿ビル８階,2022-08-25,株式会社
ＨＹパートナーズ合同会社,埼玉県さいたま市浦和区大東２丁目２２番１７号,2022-08-25,合同会社
ＩＢＡＳＨＯ株式会社,愛知県名古屋市昭和区福江２丁目９－３３,2022-08-25,株式会社
ＩＧトレーディング株式会社,東京都江東区越中島１丁目２－７－２０４,2022-08-25,株式会社
ＩＧＵＡＺＵ株式会社,千葉県船橋市夏見６丁目２４番２０－２０２号,2022-08-25,株式会社
ＪＮ特定目的会社,東京都港区六本木１丁目９番１０号アークヒルズ仙石山森タワー４０階,2022-08-25,その他の設立登記法人
Ｊｉｍａ‐ｋｅ株式会社,大阪府大阪市北区太融寺町２－２１ニュープラザビル６０９号,2022-08-25,株式会社
ＫＩＳＡＣＨＩ．株式会社,東京都豊島区東池袋１丁目３４番５号いちご東池袋ビル６階,2022-08-25,株式会社
ＫＳＢ　ＪＡＰＡＮ株式会社,北海道札幌市中央区南八条西１丁目１３番地１３９,2022-08-25,株式会社
Ｋａｏｒｉ　Ｃｏｎｓｕｌｔｉｎｇ合同会社,埼玉県久喜市菖蒲町下栢間２７３２番地１,2022-08-25,合同会社
Ｋｒｅｉｓ　ｍａｎａｇｅｍｅｎｔ株式会社,東京都東久留米市金山町２丁目１番１８号,2022-08-25,株式会社
ＬＩＳ合同会社,神奈川県川崎市中原区小杉町３丁目６００－５１３号室,2022-08-25,合同会社
ＭＥＴＨＯＤ株式会社,東京都江戸川区西葛西５丁目６番２号第２８山秀ビル６Ｆ－６０１,2022-08-25,株式会社
ＭＩＲＡＩ株式会社,福岡県福岡市中央区天神２丁目３番１０号天神パインクレスト７１９号,2022-08-25,株式会社
ＭＳＣプロダクツ株式会社,愛知県清須市西枇杷島町南大和１６５番地,2022-08-25,株式会社
Ｍａｙ　Ｃｏｒｐｏｒａｔｉｏｎ株式会社,新潟県燕市粟生津２７２番地１号,2022-08-25,株式会社
Ｍｅｅｃｅ株式会社,東京都千代田区丸の内１丁目８－３丸の内トラストタワー本館２０階,2022-08-25,株式会社
Ｍｅｔａｓｅｃ．ｊｐ株式会社,東京都中央区銀座７丁目１４番１３号,2022-08-25,株式会社
Ｍｏｖａｂｌｅ　Ｔｙｐｅ，Ｉｎｃ．,東京都千代田区神田神保町３丁目１７－１５ヨシダＦＧビル５階,2022-08-25,外国会社等
Ｎテック合同会社,高知県高知市仁井田１６４８番地１８,2022-08-25,合同会社
Ｎパートナーズ合同会社,東京都品川区大崎２丁目９番２―２１０２号,2022-08-25,合同会社
ＮＪＫ合同会社,神奈川県川崎市中原区苅宿１４番３９号,2022-08-25,合同会社
ＮＫマリンユナイテッド株式会社,大阪府大阪市阿倍野区阿倍野筋１丁目１－４３あべのハルカス３１階,2022-08-25,株式会社
Ｎｏｔｈｉｎｇ　Ｔｅｃｈｎｏｌｏｇｙ　Ｊａｐａｎ株式会社,東京都中央区入船１丁目９－８ピエノアーク入船,2022-08-25,株式会社
ＯＩＳＨＩエンジニアリング株式会社,東京都江戸川区東小岩３丁目１９番１７号,2022-08-25,株式会社
ＰＡＵＤＥＬ　ＩＮＴＥＲＮＡＴＩＯＮＡＬ　ＦＯＯＤ合同会社,神奈川県川崎市中原区新城１丁目１２－７,2022-08-25,合同会社
ＰＲＥＶＥＮＴＥＣ株式会社,東京都文京区湯島４丁目６－１１－４０２,2022-08-25,株式会社
ＰｅｒＰｅｔＨｕｂ株式会社,東京都大田区上池台１丁目３２－７,2022-08-25,株式会社
ＲＯＯＦＴＯＰ合同会社,栃木県佐野市相生町２８４６番地３,2022-08-25,合同会社
Ｒｅａｌｉｄａｄ株式会社,愛知県名古屋市千種区見附町２丁目３２－１２０１,2022-08-25,株式会社
ＳＡＲＩＴＡ合同会社,埼玉県蕨市塚越２丁目１９番１０号コーポ吉野１０２号,2022-08-25,合同会社
ＳＨＥＮＺＨＥＮ　ＸＩＮＧＦＡＮＧＤＡ　ＫＥＪＩＹＯＵＸＩＡＮＧＯＮＧＳＩ,,2022-08-25,外国会社等
ＳＫＨＤ株式会社,静岡県掛川市宮脇２丁目１３番地の４,2022-08-25,株式会社
ＳＵＢＡＲＡＳＨＩＩ合同会社,東京都荒川区荒川３丁目４番４号荒川食飯ビル３０２号,2022-08-25,合同会社
Ｓａｍｕｒａｉ　Ｆｉｒｓｔ　Ｔｒａｄｉｎｇ合同会社,茨城県守谷市松前台５丁目１８番地１９,2022-08-25,合同会社
Ｓａｍｕｒａｉ　Ｇｌｏｂａｌ　Ａｒｍｉｅｓ　ＴＯＫＹＯ株式会社,東京都世田谷区給田４丁目９番２６号エスポワール３０２,2022-08-25,株式会社
Ｓｏｌｖｅ株式会社,福岡県福岡市城南区梅林１丁目１１番２８号,2022-08-25,株式会社
Ｔ’ＡＣＴ合同会社,千葉県東金市田間２丁目４４－９,2022-08-25,合同会社
Ｔ＆Ｐ合同会社,埼玉県越谷市北越谷２丁目２１番２号,2022-08-25,合同会社
Ｔ２ＡＲＲＯＷＳ株式会社,東京都渋谷区円山町５－５Ｎａｖｉ渋谷Ｖ３階,2022-08-25,株式会社
ＴＲ株式会社,沖縄県糸満市西崎６丁目７番１０号玉城アパート１０２,2022-08-25,株式会社
Ｔｅａｍ　Ｃｏ株式会社,東京都墨田区石原１丁目３５－８,2022-08-25,株式会社
ＵＭリサーチ＆コンサルティング合同会社,東京都目黒区目黒１丁目４－１６目黒Ｇビル７Ｆ,2022-08-25,合同会社
ＶＥＲＥＤ３合同会社,東京都中央区八丁堀４丁目２番１０号ＡＯＪ税理士法人内,2022-08-25,合同会社
ＶＥＲＥＤ４合同会社,東京都中央区八丁堀４丁目２番１０号ＡＯＪ税理士法人内,2022-08-25,合同会社
Ｖｉｎｃｕｌｕｍｃｏｒ株式会社,栃木県宇都宮市岩曽町１３９１番地１２,2022-08-25,株式会社
Ｗｉｌｉｚｅ合同会社,東京都渋谷区神宮前６丁目２３番４号桑野ビル２階,2022-08-25,合同会社
ＹＭＳ株式会社,東京都渋谷区宇田川町１６番８号渋谷センタービル３Ｆ,2022-08-25,株式会社
ＹＯＫＯＫＡＮＡ合同会社,秋田県秋田市濁川字三升作１－１３０,2022-08-25,合同会社
ａｔｈａ株式会社,富山県富山市磯部町１丁目７番２２号,2022-08-25,株式会社
ｌａ　ｑｕａＬａｂ合同会社,愛知県春日井市岩成台１０丁目１３番地５,2022-08-25,合同会社
ｎｅｋｏｎｅｋｏ合同会社,東京都千代田区外神田２丁目８番１４号株式会社さくら内,2022-08-25,合同会社
ｐｅａｃｈ＆Ｃｏ株式会社,北海道札幌市中央区南四条西１丁目１３－２Ｎｏ５ミカエルビル２０２,2022-08-25,株式会社
ｐｅｇｇ合同会社,愛知県名古屋市西区赤城町１８番地の２,2022-08-25,合同会社
ｕｓａｇｉ　ｄｏｕｇｈｎｕｔｓ株式会社,愛知県安城市花ノ木町８－６,2022-08-25,株式会社
おもてなし株式会社,大阪府大阪市中央区南船場１丁目１１番１９－１００２号,2022-08-26,株式会社
アウトドアオペラ株式会社,東京都中央区日本橋箱崎町４番３号,2022-08-26,株式会社
アソビ株式会社,新潟県新潟市東区物見山２丁目３５番２０号３,2022-08-26,株式会社
アンド未来創造株式会社,奈良県天理市田部町３５０－１,2022-08-26,株式会社
アートアップ・インターナショナル株式会社,東京都世田谷区桜上水１丁目２４番２２号ソネット経堂２０２号室,2022-08-26,株式会社
エンドフォーサイト株式会社,兵庫県神戸市中央区港島南町１丁目６番５号,2022-08-26,株式会社
エース行政書士法人,千葉県千葉市若葉区千城台東２丁目３６番７号,2022-08-26,その他の設立登記法人
オーシャンサービス株式会社,兵庫県神戸市灘区烏帽子町３丁目３番１１号,2022-08-26,株式会社
カーロテック株式会社,東京都港区海岸１丁目７番１号,2022-08-26,株式会社
ガイア・ユナイテッド株式会社,東京都港区虎ノ門１丁目１７番１号,2022-08-26,株式会社
グローバルファーム株式会社,沖縄県石垣市字平得５３番地１ＫＣビル１階,2022-08-26,株式会社
ココ不動産株式会社,東京都港区三田１丁目３番４０号,2022-08-26,株式会社
サオラ合同会社,石川県白山市柏町５番地８,2022-08-26,合同会社
ジャパンシークレット株式会社,愛知県愛知郡東郷町大字春木字新池２２４番地,2022-08-26,株式会社
ジャパン・ロジスティクス１一般社団法人,東京都中央区日本橋１丁目４番１号日本橋一丁目ビルディング,2022-08-26,その他の設立登記法人
ジーク合同会社,神奈川県相模原市中央区共和３丁目１０番２号共和ＭＳビル３０２,2022-08-26,合同会社
スエヒロ株式会社,兵庫県神戸市中央区東町１２６番地神戸シルクセンタービル８階,2022-08-26,株式会社
スタート株式会社,神奈川県横須賀市湘南国際村１丁目８番１号,2022-08-26,株式会社
ステップス合同会社,千葉県柏市柏２丁目１０番２－２８０３号,2022-08-26,合同会社
スプリングホールディングス株式会社,東京都中央区銀座６丁目１３－１６銀座ＷａｌｌビルＵＣＦ５階,2022-08-26,株式会社
スマイルラボ合名会社,埼玉県さいたま市見沼区堀崎町１２００番地１５５－４３－２,2022-08-26,合名会社
ゼストＤＣ一般社団法人,東京都千代田区丸の内３丁目１番１号東京共同会計事務所内,2022-08-26,その他の設立登記法人
タカックスホールディングス合同会社,東京都北区東十条１丁目６番１５号,2022-08-26,合同会社
チェックス株式会社,東京都港区東麻布２丁目３５－１ＫＣビル６Ｆ１９号室,2022-08-26,株式会社
チリ・ダイニング株式会社,福岡県福岡市博多区上牟田３丁目７番１２号,2022-08-26,株式会社
ツクリンク株式会社,茨城県神栖市神栖２丁目１７番１２号コーポセンチュリー１０２‐２,2022-08-26,株式会社
トウマ合同会社,東京都千代田区二番町９－３ＴＨＥＢＡＳＥ麹町１階,2022-08-26,合同会社
ナベヤホールディングス株式会社,岐阜県岐阜市金屋町１丁目１０番地,2022-08-26,株式会社
ネイバーゼットジャパン株式会社,東京都渋谷区千駄ヶ谷５丁目２７番５号,2022-08-26,株式会社
ファーストテーブル合同会社,北海道札幌市西区西町北１２丁目８番２２号,2022-08-26,合同会社
フラスコＰＲ株式会社,茨城県水戸市元吉田町３３７－３,2022-08-26,株式会社
ポラリス・メディカルサービス株式会社,東京都港区新橋６丁目２０番８号,2022-08-26,株式会社
メンズフラワー株式会社,大阪府大阪市中央区難波４丁目８番８号,2022-08-26,株式会社
モリモリ株式会社,大阪府大阪市中央区南本町３丁目３－２３インペリアル船場８０８号室,2022-08-26,株式会社
リノベーション株式会社,島根県浜田市旭町和田４４６番地,2022-08-26,株式会社
ワースワークス合同会社,福岡県福岡市中央区天神４丁目６番２８号天神ファーストビル７階,2022-08-26,合同会社
一般社団法人よつば,大阪府大阪市西成区天下茶屋１丁目１番１８号大宗内,2022-08-26,その他の設立登記法人
一般社団法人エイパック・ツー,東京都千代田区丸の内２丁目３番２号郵船ビルアルタードムス・ジャパン株式会社内,2022-08-26,その他の設立登記法人
一般社団法人マム・サポート,福島県双葉郡富岡町大字本岡字王塚４４５番地５５,2022-08-26,その他の設立登記法人
一般社団法人メディカルアミュレット,東京都文京区後楽２丁目６番１－９０６号,2022-08-26,その他の設立登記法人
一般社団法人五芒星,東京都葛飾区東堀切２丁目５番６号,2022-08-26,その他の設立登記法人
一般社団法人呉民俗文化研究会,広島県呉市宝町７番１７号堀口海運株式会社内,2022-08-26,その他の設立登記法人
一般社団法人地産地消振興会,大阪府大阪市北区天満２丁目２番１９号,2022-08-26,その他の設立登記法人
一般社団法人天命プロファイリング研究所,愛知県名古屋市千種区茶屋が坂１丁目７番４号ラポール茶屋ヶ坂１０２号,2022-08-26,その他の設立登記法人
一般社団法人愛贈舎,福岡県北九州市八幡西区八千代町１３番２０号,2022-08-26,その他の設立登記法人
一般社団法人新しい自治体財政を考える研究会,東京都港区南青山２丁目２番１５号ウィン青山９４２,2022-08-26,その他の設立登記法人
一般社団法人日本絵師協会,東京都港区芝３丁目１７番１５号クリエート三田３０４,2022-08-26,その他の設立登記法人
一般社団法人日本芸術文化国際研究所,埼玉県越谷市千間台西１丁目８番地７ＩＫビル２０５,2022-08-26,その他の設立登記法人
一般社団法人最上イノベーションエクスキュート,山形県新庄市十日町６０００‐１創造交流施設２階,2022-08-26,その他の設立登記法人
一般社団法人歌劇文化普及推進協会,東京都渋谷区恵比寿南３丁目１１番２５－７０５号,2022-08-26,その他の設立登記法人
一般社団法人看護のココロ,熊本県合志市豊岡２２１７番地１４５,2022-08-26,その他の設立登記法人
一般社団法人結び,兵庫県神戸市北区上津台５丁目４番２７－１号,2022-08-26,その他の設立登記法人
一般社団法人西神中央レジ開発,東京都千代田区霞が関３丁目２番５号,2022-08-26,その他の設立登記法人
一般社団法人野草の里やまうら,大分県杵築市山香町大字山浦２５０８番地,2022-08-26,その他の設立登記法人
一般社団法人首都圏建設産業ユニオン技術センター,東京都渋谷区神南１丁目３番１０号,2022-08-26,その他の設立登記法人
一般社団法人ＡＬＪ　Ｈｅａｌｔｈｃａｒｅ２,東京都中央区日本橋１丁目４番１号,2022-08-26,その他の設立登記法人
一般社団法人Ｃｈｅｅｒ　Ｐｉｇｇｙ　Ｂａｎｋ,東京都渋谷区恵比寿西２丁目１２番１号２０３,2022-08-26,その他の設立登記法人
一般社団法人Ｅパパ倶楽部,東京都目黒区鷹番３丁目１番８－４Ｆ,2022-08-26,その他の設立登記法人
一般社団法人ＩＶＦ・ＲＴ日本,東京都港区赤坂１丁目１４番１５号第３５興和ビル別館４Ｆ,2022-08-26,その他の設立登記法人
一般社団法人Ｍａｎａｂｉ　Ｃｒａｆｔ,千葉県千葉市花見川区柏井４丁目４９番２６号,2022-08-26,その他の設立登記法人
一般社団法人ＳＰＲＩＮＧ　ＬＯＶＥ春風,東京都渋谷区南平台町１２－６－３０３,2022-08-26,その他の設立登記法人
一般社団法人Ｓａｍｏｓ,東京都港区虎ノ門５丁目１番４号,2022-08-26,その他の設立登記法人
一般財団法人下関１型糖尿病はばたき応援,山口県下関市川中豊町１丁目２番３７号,2022-08-26,その他の設立登記法人
一般財団法人第一交通産業創業者黒土始基金,福岡県北九州市小倉北区馬借２丁目６番８号,2022-08-26,その他の設立登記法人
一般財団法人筒香青少年育成スポーツ財団,和歌山県橋本市赤塚５６番地の３,2022-08-26,その他の設立登記法人
不二岡工業株式会社,岐阜県不破郡垂井町府中１５９３番地,2022-08-26,株式会社
京浜住設株式会社,神奈川県横浜市金沢区富岡東１丁目４番８号,2022-08-26,株式会社
佐久間工業株式会社,東京都国立市谷保７１８３－１－１０３,2022-08-26,株式会社
優駿合同会社,千葉県千葉市稲毛区園生町１４１１番地３サニークレスト稲毛２０４号,2022-08-26,合同会社
北斗エンジニアリング株式会社,愛知県小牧市郷西町１５５番地,2022-08-26,株式会社
医療法人グローバル,大阪府和泉市いぶき野４丁目５番１９号,2022-08-26,その他の設立登記法人
友勝国際株式会社,千葉県千葉市中央区新宿２丁目６番１４－１００５号,2022-08-26,株式会社
司法書士法人相信,神奈川県相模原市中央区鹿沼台２丁目１１番６号３階,2022-08-26,その他の設立登記法人
合同会社えんとうん,茨城県ひたちなか市平磯町５２７８－４,2022-08-26,合同会社
合同会社おまつり,東京都港区南青山２丁目２番１５号ウィン青山９４２,2022-08-26,合同会社
合同会社かえる,山口県周南市大字湯野４７６１番地の２,2022-08-26,合同会社
合同会社そらまめ,愛知県清須市寺野郷前６２番地,2022-08-26,合同会社
合同会社のりちゃん,兵庫県西宮市すみれ台２丁目１２番地６,2022-08-26,合同会社
合同会社みつばち,大阪府大阪狭山市池尻自由丘２丁目１番８号,2022-08-26,合同会社
合同会社よつばケア,福岡県田川市新町１６－４５加来ビルテナント,2022-08-26,合同会社
合同会社ろんどべる,埼玉県児玉郡上里町大字三町８７２―４,2022-08-26,合同会社
合同会社アイリス,福岡県福岡市東区大字上和白１３３６－１－１－４０４号,2022-08-26,合同会社
合同会社インフィニティ,熊本県熊本市中央区京町２丁目８番２９号,2022-08-26,合同会社
合同会社インフレーション,石川県金沢市中屋南１８１,2022-08-26,合同会社
合同会社ウニ,東京都新宿区原町３丁目２１番地１プライムアーバン新宿夏目坂タワーレジデンス２１０３,2022-08-26,合同会社
合同会社エイパック・ツー,東京都千代田区丸の内２丁目３番２号郵船ビルアルタードムス・ジャパン株式会社内,2022-08-26,合同会社
合同会社エヌスリー,大阪府堺市南区新檜尾台４丁１６番２０－２０８号,2022-08-26,合同会社
合同会社オーマルシェ,東京都渋谷区渋谷１丁目１５－１２ＬＡＩＤＯＵＴＳＨＩＢＵＹＡ２０４,2022-08-26,合同会社
合同会社カーン,東京都中央区日本橋小伝馬町１７番１７号峰沢ビル７Ｆ,2022-08-26,合同会社
合同会社クレアーレ,北海道紋別市潮見町３丁目３番３６号,2022-08-26,合同会社
合同会社ゴトビキ,奈良県吉野郡天川村大字洞川４２０－２,2022-08-26,合同会社
合同会社サステナ,愛知県名古屋市中村区千原町１０－５８－４０１,2022-08-26,合同会社
合同会社テクノライコウ,石川県河北郡津幡町字能瀬ニ６２番地４,2022-08-26,合同会社
合同会社ドーンモビリティ研究所,神奈川県横浜市中区海岸通２丁目６ルネ・ブランシュ横浜海岸通り１２０６,2022-08-26,合同会社
合同会社ネクストワン,東京都文京区千駄木１丁目２２番５号,2022-08-26,合同会社
合同会社ハコブネ,東京都港区西麻布１丁目１２番８－１２０３号,2022-08-26,合同会社
合同会社ハーティープラム,千葉県松戸市稔台７丁目３１番地の１ハイピアー稔台３０５号,2022-08-26,合同会社
合同会社ホンダ,熊本県熊本市中央区琴平１丁目１番１１号,2022-08-26,合同会社
合同会社リベルダージ,宮城県仙台市泉区高玉町５番地の１,2022-08-26,合同会社
合同会社レゾンフォン,兵庫県西宮市甲風園３丁目７－１４,2022-08-26,合同会社
合同会社ワンダーウォール,宮崎県延岡市山月町２丁目４７４９－５０,2022-08-26,合同会社
合同会社丸屋カンパニー,広島県山県郡北広島町溝口１７１９番地,2022-08-26,合同会社
合同会社光翔エステート,北海道札幌市豊平区月寒中央通１０丁目６番１５号静香ビル１Ｆ,2022-08-26,合同会社
合同会社向中野工業,東京都八王子市みつい台２丁目２９番７号,2022-08-26,合同会社
合同会社和み,東京都国分寺市本町４丁目２０－１０－１０１,2022-08-26,合同会社
合同会社夏目,京都府木津川市南加茂台１３丁目８番地１５,2022-08-26,合同会社
合同会社大知,愛媛県大洲市中村５２７番地３,2022-08-26,合同会社
合同会社岩田屋,東京都中央区銀座１丁目２２－１１,2022-08-26,合同会社
合同会社心音,北海道札幌市南区澄川四条６丁目７番１４号,2022-08-26,合同会社
合同会社新輝,福岡県福岡市城南区友丘２丁目６番５－１１０号,2022-08-26,合同会社
合同会社真工業,長崎県北松浦郡佐々町口石免１４２４番地７,2022-08-26,合同会社
合同会社紗衣,東京都新宿区四谷４丁目８番地９ライオンズ四谷タワーゲート３０５,2022-08-26,合同会社
合同会社経営労務研究所,青森県南津軽郡藤崎町大字藤崎字村井２６－９,2022-08-26,合同会社
合同会社西神中央レジ開発,東京都千代田区霞が関３丁目２番５号,2022-08-26,合同会社
合同会社鮫,東京都中央区銀座８丁目１８番２号,2022-08-26,合同会社
合同会社麻心人,東京都大田区田園調布１丁目８番２０号,2022-08-26,合同会社
合同会社５ＤＡＹＳＰＬＵＳ,東京都渋谷区渋谷１丁目１５－１２,2022-08-26,合同会社
合同会社Ａ‐ＳＩＴＥ,東京都世田谷区上馬２丁目１６番９号ヴィラ上の山２０２,2022-08-26,合同会社
合同会社ＡＫＢＣ,東京都中央区銀座１丁目１２番４号ヴァンキッシュ４Ｆ,2022-08-26,合同会社
合同会社Ａｄａｍａｓ,広島県広島市中区大手町１丁目１－２６大手町一番ビル３０５,2022-08-26,合同会社
合同会社Ａｌｉｃｅ,兵庫県芦屋市船戸町５番２６号マリアキャリーヌビル,2022-08-26,合同会社
合同会社Ａｒｃｈ,神奈川県横浜市西区みなとみらい４丁目７番１－７２３号,2022-08-26,合同会社
合同会社ＢＣＪ‐６５,東京都千代田区丸の内１丁目１番１号パレスビル５階,2022-08-26,合同会社
合同会社ＣＡＢＩＮ,東京都千代田区麹町４丁目５番地２０ＫＳビル８Ｆ,2022-08-26,合同会社
合同会社ＣＡＮＴＩＫ,神奈川県川崎市多摩区東生田２丁目５番８号アトリエＢＡＧＵＳ,2022-08-26,合同会社
合同会社ＣＩＥＬ,熊本県熊本市中央区南千反畑町１３番９号サウススクエア１０２,2022-08-26,合同会社
合同会社ＣＯＣＯ　ＲＩＲＥ,長崎県佐世保市船越町６６３番地７,2022-08-26,合同会社
合同会社Ｃａｎ　Ｅｎｔｅｒｔａｉｎｍｅｎｔ,福岡県北九州市八幡西区浅川２丁目１４番４０号,2022-08-26,合同会社
合同会社Ｅｌ　Ａｒｍｅｌ,東京都中央区月島２丁目５番１０号エルム月島２０２号,2022-08-26,合同会社
合同会社ＦＲＯＧ,大阪府東大阪市吉田３丁目１３－３１,2022-08-26,合同会社
合同会社Ｆｅｌｉｃｉｔａ,熊本県八代市通町１１番１４号ニュークリエイトビル１Ｆ,2022-08-26,合同会社
合同会社ＦｌｏｗＲｉｓｈ,東京都新宿区西新宿３丁目３番１３号西新宿水間ビル６階,2022-08-26,合同会社
合同会社Ｇｉｏｃａｅｖｉｖｉ,神奈川県横浜市西区みなとみらい６丁目３番４号ブルーハーバータワーみなとみらい１００４,2022-08-26,合同会社
合同会社Ｈｉｎａｔａ,東京都台東区台東２丁目３２－４セントレイ御徒町３０２,2022-08-26,合同会社
合同会社Ｋｏｌｏ屋,東京都千代田区神田須田町２丁目６番地,2022-08-26,合同会社
合同会社Ｌ　ｃｏｒｐｏｒａｔｉｏｎ,東京都豊島区南池袋１丁目９番１８号ＧＯＧＯオフィス池袋２４８,2022-08-26,合同会社
合同会社Ｌｉｆｅ　Ｓｔｙｌｅ,北海道札幌市豊平区月寒東三条１６丁目９－２６アップルⅡ３０２号,2022-08-26,合同会社
合同会社Ｍ４,埼玉県八潮市中央１丁目２番地１（八潮市役所２Ｆ食堂）,2022-08-26,合同会社
合同会社Ｍａｅｓｅｎ,沖縄県那覇市真嘉比２丁目１２番１号,2022-08-26,合同会社
合同会社Ｍｏｂｉｌｅ　Ａｐｐｌｉｃａｔｉｏｎ　Ｐａｒｔｎｅｒｓ,東京都渋谷区渋谷２丁目１９番１５号,2022-08-26,合同会社
合同会社Ｎｏｖｉｃｅ　ｔｏ　Ａｐｅｘ,大阪府大阪市北区梅田１丁目４番１０００号大阪駅前第４ビル１０階,2022-08-26,合同会社
合同会社ＯＰＳ,兵庫県加古川市野口町良野１７１１パーク西山２０２,2022-08-26,合同会社
合同会社ＰＩＣＡＳＡ,福岡県福岡市中央区今泉１丁目２番８－５０５号ＡＮＤＯＮ,2022-08-26,合同会社
合同会社ＲＩＮＡＴＯ,東京都品川区大井１丁目５４番１号エスキーナホリエ１階,2022-08-26,合同会社
合同会社Ｓ４プランニング,大分県速見郡日出町大字豊岡３５００,2022-08-26,合同会社
合同会社ＳＥＰ,東京都豊島区東池袋１丁目３１番６号,2022-08-26,合同会社
合同会社ＳＦＡ,東京都中央区銀座１丁目１２番４号Ｎ＆ＥＢＬＤ．６Ｆ,2022-08-26,合同会社
合同会社Ｓａｍｏｓ,東京都港区虎ノ門５丁目１番４号,2022-08-26,合同会社
合同会社Ｓｐｌｉｔ　Ｋｉｃｋ,大阪府大阪市浪速区難波中３丁目７番２号新難波ビル４０３,2022-08-26,合同会社
合同会社ＴＡＴＳＵＫＥＮ,新潟県五泉市旭町２番３４号,2022-08-26,合同会社
合同会社Ｔｅａｇｌｅ,神奈川県横浜市港南区上大岡東１丁目１２番１３号ウィステリア５０３号室,2022-08-26,合同会社
合同会社ＷｏｒｌｄＷｉｄｅＬｏｖｅｒｓ,愛知県名古屋市中川区高杉町２１５,2022-08-26,合同会社
合同会社Ｙコンサリューション,東京都港区愛宕１丁目６番７号愛宕山弁護士ビル３０８,2022-08-26,合同会社
合同会社ＹＯＵＢＩ　ＤＥＳＩＧＮ,北海道札幌市北区北七条西６丁目１－４北苑マンション１２０５,2022-08-26,合同会社
合同会社ｃｏｍｍｅ　ｍｏｉ,大阪府大阪市淀川区三津屋北１丁目３６番１０－１２０６号,2022-08-26,合同会社
合同会社ｄｅｃｏ,大阪府和泉市はつが野２丁目１１－５４,2022-08-26,合同会社
同堂商事株式会社,東京都豊島区巣鴨１丁目１７番３号子野ビル６０３号室,2022-08-26,株式会社
嘉信株式会社,東京都北区赤羽台１丁目６番１３－６０９号,2022-08-26,株式会社
四建安全センター株式会社,香川県善通寺市吉原町５３７番地４,2022-08-26,株式会社
國酒プロモーション株式会社,東京都港区赤坂９丁目２－１３ｎｉｎｅｔｙｔｗｏ１３、２１０号室,2022-08-26,株式会社
大和プライムパートナーズ株式会社,東京都中央区日本橋１丁目１８番地１４第三正明ビル８階,2022-08-26,株式会社
大山智能株式会社,東京都荒川区南千住３丁目２７－２浅草ビル５０８号室,2022-08-26,株式会社
威仕株式会社,東京都港区白金６丁目１６番２５－１００１,2022-08-26,株式会社
孝龍重建株式会社,福島県伊達市保原町字北河原５６番地１,2022-08-26,株式会社
山河商事株式会社,大阪府大阪市中央区淡路町２丁目１番１０－６０８号,2022-08-26,株式会社
恵鑫株式会社,大阪府大阪市中央区松屋町９番２０号ローレルステート松屋町５０５Ａ,2022-08-26,株式会社
春田建設株式会社,千葉県船橋市二和東２丁目９番６号大成コーポ２０５号,2022-08-26,株式会社
有為株式会社,大阪府大阪市旭区清水５丁目５－１８ロイヤルコート清水１０２,2022-08-26,株式会社
木村秀則株式会社,北海道日高郡新ひだか町静内駒場５１番地,2022-08-26,株式会社
東京レジ２７一般社団法人,東京都千代田区丸の内３丁目１番１号東京共同会計事務所内,2022-08-26,その他の設立登記法人
東京レジ２７合同会社,東京都千代田区丸の内３丁目１番１号東京共同会計事務所内,2022-08-26,合同会社
東京レジ２８一般社団法人,東京都千代田区丸の内３丁目１番１号東京共同会計事務所内,2022-08-26,その他の設立登記法人
東京レジ２８合同会社,東京都千代田区丸の内３丁目１番１号東京共同会計事務所内,2022-08-26,合同会社
東京レジ２９一般社団法人,東京都千代田区丸の内３丁目１番１号東京共同会計事務所内,2022-08-26,その他の設立登記法人
東京レジ２９合同会社,東京都千代田区丸の内３丁目１番１号東京共同会計事務所内,2022-08-26,合同会社
東潤勝貿易株式会社,東京都台東区松が谷２丁目７番１０号村上ビル３Ａ号室,2022-08-26,株式会社
株式会社あざらし商会,千葉県富里市根木名２２１番地１７７号,2022-08-26,株式会社
株式会社くぬぎの森,兵庫県西宮市高木東町２５番１９号,2022-08-26,株式会社
株式会社ここから発達らぼ,埼玉県上尾市仲町１丁目７番２７号アークエムビル７Ｆ,2022-08-26,株式会社
株式会社すい匠,神奈川県大和市深見台４丁目１５番７号グランドールＭ・Ｋ３０６号,2022-08-26,株式会社
株式会社ながお,大阪府門真市五月田町１７番６号,2022-08-26,株式会社
株式会社まごのてカンパニー,埼玉県さいたま市大宮区桜木町２丁目３番地大宮マルイ７階,2022-08-26,株式会社
株式会社みちマネジメント,宮城県仙台市太白区土手内１丁目１０番１７号,2022-08-26,株式会社
株式会社やまきまちづくり研究所,東京都港区南青山１丁目１５番９号第４５興和ビル,2022-08-26,株式会社
株式会社アイエスピーホールディングス,神奈川県横浜市西区みなとみらい２丁目３番１号クイーンズタワーＡ１２階,2022-08-26,株式会社
株式会社アイデザイン企画,埼玉県北葛飾郡杉戸町内田４丁目３－４０,2022-08-26,株式会社
株式会社アクトデビュー,東京都新宿区百人町２丁目５番１－５０２号,2022-08-26,株式会社
株式会社アシェット,愛知県東海市荒尾町下平井６２番地,2022-08-26,株式会社
株式会社アセット,東京都豊島区南池袋２丁目３０番１１号池袋第一生命ビルディング３階,2022-08-26,株式会社
株式会社アダプト,東京都港区浜松町２丁目２番１５号浜松町ダイヤビル２Ｆ,2022-08-26,株式会社
株式会社アニムブ,長崎県長崎市興善町８番３号,2022-08-26,株式会社
株式会社アポロ,神奈川県大和市中央７丁目８番１号,2022-08-26,株式会社
株式会社アレックス溶接工業,愛知県額田郡幸田町大字菱池字細井８３番地（Ｃ）,2022-08-26,株式会社
株式会社アンクロップ,東京都世田谷区太子堂３丁目５番１３号２０２,2022-08-26,株式会社
株式会社アークライフ１１,埼玉県上尾市大字原市６４３番地４８,2022-08-26,株式会社
株式会社アールトラスト,群馬県前橋市富士見町石井３９８番地,2022-08-26,株式会社
株式会社インテレッセ・インターナショナル・ジャパン,東京都千代田区紀尾井町３番３１－１００１号,2022-08-26,株式会社
株式会社ウィングス,神奈川県川崎市幸区南加瀬４丁目３９番７号,2022-08-26,株式会社
株式会社ウッドベル,福岡県田川郡大任町大字今任原１２００番地２,2022-08-26,株式会社
株式会社エネフ,東京都港区三田１丁目４番２８号,2022-08-26,株式会社
株式会社エムファーマ,茨城県土浦市下高津２丁目６番２７号,2022-08-26,株式会社
株式会社エルサ,愛知県豊橋市清須町字地形１１番地,2022-08-26,株式会社
株式会社エルスマイル,東京都調布市富士見町３丁目６番地３２,2022-08-26,株式会社
株式会社オーネミューエ,東京都港区南青山２丁目２番１５号,2022-08-26,株式会社
株式会社オービタルシップ,埼玉県春日部市粕壁東６丁目７番４５号,2022-08-26,株式会社
株式会社カウントエイト,岡山県倉敷市中庄３１３９番地１－４０３,2022-08-26,株式会社
株式会社カミン・フードアンドサービス,東京都世田谷区用賀２丁目５番１６号メゾンＭ＆Ｈ、Ａ棟,2022-08-26,株式会社
株式会社カルテッツ,愛知県清須市西枇杷島町上新３７番地,2022-08-26,株式会社
株式会社グローバル森本,埼玉県川口市並木３丁目１８－８,2022-08-26,株式会社
株式会社ケー・プラン,大阪府門真市末広町１０番１６号,2022-08-26,株式会社
株式会社ココリハ,兵庫県三田市ゆりのき台３丁目２５番地４０,2022-08-26,株式会社
株式会社コーエン,兵庫県丹波篠山市大沢２丁目９番７号,2022-08-26,株式会社
株式会社サウスバウンズ,愛媛県松山市千舟町５丁目３－１７市駅前ビル４階,2022-08-26,株式会社
株式会社サステナリビング,愛知県豊橋市大橋通１丁目６８番地,2022-08-26,株式会社
株式会社サーチファンド・ジャパン０３,東京都千代田区丸の内１丁目８番２号,2022-08-26,株式会社
株式会社タイガー,大阪府大阪市西区西本町１丁目１５番６号,2022-08-26,株式会社
株式会社タパ,千葉県松戸市小金原６丁目１３番地,2022-08-26,株式会社
株式会社ダイキマシナリー,山口県宇部市大字東岐波１６２６番地３,2022-08-26,株式会社
株式会社ダイシス,埼玉県さいたま市中央区上落合２丁目１１番７－１３０５号,2022-08-26,株式会社
株式会社チアフル,埼玉県さいたま市岩槻区城南５丁目８番８－１号,2022-08-26,株式会社
株式会社チェスターアカデミー,東京都中央区八重洲１丁目７－２０,2022-08-26,株式会社
株式会社ツケゼン,大阪府大阪市北区中津３丁目３２番８号株式会社漬善商店内,2022-08-26,株式会社
株式会社ディペンダブル,東京都葛飾区西新小岩４丁目３６番２２号,2022-08-26,株式会社
株式会社トラストホーム,埼玉県越谷市瓦曽根２丁目６番３４号,2022-08-26,株式会社
株式会社トリトン,東京都台東区柳橋１丁目３２番５号栄徳ビル２Ｆ,2022-08-26,株式会社
株式会社トレーナーズカレッジ,東京都大田区池上１丁目３５番１０号,2022-08-26,株式会社
株式会社ドアーズラボ,大阪府大阪市都島区都島本通４丁目２０番１８－１０２号,2022-08-26,株式会社
株式会社ドリームネットワーク,神奈川県横浜市鶴見区下末吉５丁目３番２２－２１０号,2022-08-26,株式会社
株式会社ドローキャスティング,大阪府大阪市中央区北久宝寺町２丁目５番１５号,2022-08-26,株式会社
株式会社ニュートラル＆コー,神奈川県横浜市緑区長津田みなみ台６丁目２６番地１,2022-08-26,株式会社
株式会社ニューライフ,福岡県直方市大字中泉３０８－１,2022-08-26,株式会社
株式会社ネオ・パートナー,静岡県浜松市北区東三方町３０番地の１１,2022-08-26,株式会社
株式会社ネクストホーム,千葉県流山市大字東深井９７１番地の１０,2022-08-26,株式会社
株式会社ハイル,東京都千代田区神田小川町１丁目１番地,2022-08-26,株式会社
株式会社ハピウェブ,兵庫県神戸市西区玉津町出合７２番地の７,2022-08-26,株式会社
株式会社ハルミ,東京都中央区晴海２丁目２番４２－２４１６号,2022-08-26,株式会社
株式会社ハレ,神奈川県川崎市中原区下小田中３丁目２７番３６号,2022-08-26,株式会社
株式会社ハーブスホールディングス,愛知県名古屋市東区泉２丁目２９番１５号,2022-08-26,株式会社
株式会社ファイヤーマイナー,福岡県北九州市八幡東区前田３丁目１番１６号,2022-08-26,株式会社
株式会社ファインドテック,静岡県浜松市南区三島町１５０３番地フジビル２Ｆ南,2022-08-26,株式会社
株式会社フォースター,香川県高松市木太町４５３番地１丸忠第１３ビル１０７,2022-08-26,株式会社
株式会社フジモト,兵庫県三田市学園８丁目１番地３,2022-08-26,株式会社
株式会社フミセンス,東京都荒川区荒川４丁目１１番２－５０３号西日暮里サマリヤマンション,2022-08-26,株式会社
株式会社フローレンス,東京都港区新橋１丁目１８番２１号第一日比谷ビル５階,2022-08-26,株式会社
株式会社ブルービー,大阪府大阪市生野区巽西３丁目９番２６号,2022-08-26,株式会社
株式会社ベストクリエイト室蘭,北海道室蘭市中島町３丁目８番１０号,2022-08-26,株式会社
株式会社ペイントラッシュ,岡山県津山市川崎４３５番地２３,2022-08-26,株式会社
株式会社ホームケアアライアンス,愛知県名古屋市中区栄５丁目２６－３９ＧＳ栄ビル３階,2022-08-26,株式会社
株式会社マインドフルネス,東京都新宿区新宿２丁目４番２－４０１号,2022-08-26,株式会社
株式会社マークブレイン,岡山県倉敷市茶屋町１９５０番地４,2022-08-26,株式会社
株式会社ミナセント,東京都千代田区神田鍛冶町３丁目７番１２号,2022-08-26,株式会社
株式会社ミライエ,岡山県岡山市南区青江６丁目２番３４号,2022-08-26,株式会社
株式会社ミライズ,埼玉県さいたま市岩槻区城町１丁目３番３８号,2022-08-26,株式会社
株式会社ミライ企画,島根県松江市矢田町２５０番地１６７,2022-08-26,株式会社
株式会社メディアエル,東京都品川区西五反田３丁目７－６－１０１１号室,2022-08-26,株式会社
株式会社モモンタ,東京都新宿区西新宿３丁目９番７号,2022-08-26,株式会社
株式会社モンゴリアン９,東京都港区新橋３丁目４番３号加藤ビル３０３,2022-08-26,株式会社
株式会社ライズ,東京都新宿区西新宿３丁目３番１３号西新宿水間ビル６階,2022-08-26,株式会社
株式会社ライトニングブラスト,青森県青森市沖館４丁目６番３６号,2022-08-26,株式会社
株式会社ラウナ・プレイス,東京都世田谷区野毛２丁目８番２号,2022-08-26,株式会社
株式会社ラビワークス,沖縄県中頭郡西原町字翁長６２１番地,2022-08-26,株式会社
株式会社ラフィングＨＯＭＥ,福岡県久留米市合川町１１４番地１２,2022-08-26,株式会社
株式会社ラヴィサポート,東京都江東区富岡１丁目２５番５号,2022-08-26,株式会社
株式会社リコーズ,北海道江別市大麻沢町１１番地の４,2022-08-26,株式会社
株式会社リプタス,福岡県福岡市博多区博多駅前２丁目１番１号,2022-08-26,株式会社
株式会社リンカーンゴールドジャパン,東京都豊島区南大塚１丁目２３番１１号－８号室,2022-08-26,株式会社
株式会社リードパス,東京都中央区八丁堀４丁目８番２号,2022-08-26,株式会社
株式会社ローズ企画,大阪府大阪市浪速区湊町１丁目４番３６－８０７号,2022-08-26,株式会社
株式会社ワクワクプロジェクト,愛知県名古屋市東区東桜１丁目１－１アーバンネット名古屋ネクスタビル２Ｆ,2022-08-26,株式会社
株式会社ヴァリアスコンサルティング,山口県岩国市昭和町２丁目７番３－１０２号,2022-08-26,株式会社
株式会社三和電気,岐阜県多治見市白山町５丁目２５番地,2022-08-26,株式会社
株式会社中村興業,大阪府大阪市平野区平野元町５番５号Ｋ２ビル４０３,2022-08-26,株式会社
株式会社亜輝,福井県福井市江端町第１号１４番地,2022-08-26,株式会社
株式会社京都まるくま,京都府京都市上京区浄福寺通一条下る東西俵屋町１４４番地京都西陣ろおじ,2022-08-26,株式会社
株式会社伊賀市にぎわいパートナーズ,三重県伊賀市緑ケ丘南町２３３２番地,2022-08-26,株式会社
株式会社俊一商会,神奈川県高座郡寒川町田端３２７６,2022-08-26,株式会社
株式会社円基,高知県高知市南久万２２０番地２２,2022-08-26,株式会社
株式会社創具,山梨県甲府市白井町１９１４番地１,2022-08-26,株式会社
株式会社創和,福島県福島市瀬上町字柳沼５８番地の２Ｂ棟,2022-08-26,株式会社
株式会社加藤工業,愛知県豊明市新田町南山６８番地１０,2022-08-26,株式会社
株式会社勇香興業,広島県呉市安浦町安登西１０丁目２４番５号,2022-08-26,株式会社
株式会社匠屋,三重県名張市さつき台２番町３０７番地,2022-08-26,株式会社
株式会社千葉商店,埼玉県越谷市千間台東１丁目７番地１１,2022-08-26,株式会社
株式会社千賀サイクル,愛知県津島市中地町３丁目３１番地１,2022-08-26,株式会社
株式会社原土建,埼玉県川口市東領家２丁目４番１０号,2022-08-26,株式会社
株式会社吉華,東京都足立区栗原３丁目２６番１号２Ｆ,2022-08-26,株式会社
株式会社名古屋集成社,愛知県名古屋市中村区亀島１丁目３番１１号,2022-08-26,株式会社
株式会社和真フードレボリューション,東京都台東区浅草１丁目２－９,2022-08-26,株式会社
株式会社増井,静岡県浜松市中区葵西３丁目２６番１６号,2022-08-26,株式会社
株式会社大福帳,東京都渋谷区道玄坂１丁目２２番１２号和孝渋谷ビル３Ｆ・４Ｆ,2022-08-26,株式会社
株式会社小沼空調設備,東京都足立区西新井４丁目３３番１５号山崎マンション３０１,2022-08-26,株式会社
株式会社工房西谷,東京都杉並区阿佐谷北２丁目２３番６号,2022-08-26,株式会社
株式会社彩巴,埼玉県さいたま市大宮区吉敷町３丁目５８番１ライオンズ大宮サウスマークス２０３号,2022-08-26,株式会社
株式会社愛知省エネ・ＣＯ２計算センター,愛知県名古屋市千種区揚羽町２丁目２６番地の１ロイヤルメイツ揚羽西館１０１号,2022-08-26,株式会社
株式会社新夢,京都府城陽市久世南垣内１４２番地ＫＪＶＩＬＬＡ・Ⅰ－１０２号,2022-08-26,株式会社
株式会社日昇,埼玉県本庄市寿３丁目２－１,2022-08-26,株式会社
株式会社日生アソシエイト,京都府京都市下京区五条通堀川上ル小泉町１０１番地,2022-08-26,株式会社
株式会社星空ベース,岡山県井原市美星町大倉２３８９番地３,2022-08-26,株式会社
株式会社木村商店,東京都渋谷区恵比寿西１丁目２９番８号,2022-08-26,株式会社
株式会社東京熊,東京都渋谷区神宮前６丁目２３番４号桑野ビル２階,2022-08-26,株式会社
株式会社松島建設,兵庫県揖保郡太子町天満山６５番地５,2022-08-26,株式会社
株式会社桜木ケアガーデン,熊本県熊本市中央区上通町１１番１４ー２０２号,2022-08-26,株式会社
株式会社梵天,埼玉県さいたま市浦和区本太２丁目９番８号３Ｆ,2022-08-26,株式会社
株式会社極真エンタープライズ,熊本県熊本市東区若葉２丁目９番１４－５０１号シティマンション若葉,2022-08-26,株式会社
株式会社淡路谷工匠,大阪府大阪市港区市岡２丁目７番１７号,2022-08-26,株式会社
株式会社灯り,東京都世田谷区松原３丁目３６－４－１０３,2022-08-26,株式会社
株式会社燦々,大阪府大阪市北区松ケ枝町７－７,2022-08-26,株式会社
株式会社田中建築,愛知県豊川市御油町木ノ下６６番地の１,2022-08-26,株式会社
株式会社真栄ホールディングス,愛知県豊橋市駅前大通１丁目２７番地１,2022-08-26,株式会社
株式会社祥晃堂,富山県高岡市五福町１２番３号,2022-08-26,株式会社
株式会社笑凡フィルム,東京都北区東田端２丁目９番１７－２０６号,2022-08-26,株式会社
株式会社笠川薬舗,福井県小浜市小浜住吉２８番地,2022-08-26,株式会社
株式会社紫優,沖縄県島尻郡南風原町字宮平３７３番地１３,2022-08-26,株式会社
株式会社緑笑,福岡県嘉麻市山野３５７番地１,2022-08-26,株式会社
株式会社美建,愛知県名古屋市中区栄５丁目２６番３９号ＧＳ栄ビル３Ｆ,2022-08-26,株式会社
株式会社菅克,愛知県岡崎市保母町字新井３６番地１,2022-08-26,株式会社
株式会社菜の花レジデンス,千葉県木更津市請西東３丁目７番地１０,2022-08-26,株式会社
株式会社藤送,北海道札幌市東区東苗穂六条３丁目１１番２９号,2022-08-26,株式会社
株式会社近代ドリーム,東京都荒川区西日暮里５丁目１８番１２号Ｋ・Ｄｉビル３階,2022-08-26,株式会社
株式会社鉱山乃灯,東京都東村山市諏訪町１丁目２７番地３,2022-08-26,株式会社
株式会社須永商店,北海道札幌市中央区南二条東２丁目１６堀尾ビル,2022-08-26,株式会社
株式会社飛翔,大阪府大阪市北区大淀北１丁目６番２１－１７０１号,2022-08-26,株式会社
株式会社３６０ｂｅａｕｔｙ,東京都渋谷区猿楽町９番５号,2022-08-26,株式会社
株式会社Ａ‐Ｃｏｉｎ,長野県北佐久郡軽井沢町大字長倉２３５０番地１６１,2022-08-26,株式会社
株式会社Ａ‐Ｆｉｘ,埼玉県新座市野寺２丁目１５番２４号,2022-08-26,株式会社
株式会社Ａ’ｓ,愛知県名古屋市中区栄４丁目９番１０号,2022-08-26,株式会社
株式会社ＡＬＩＶＥ,愛知県豊橋市下地町字前田２番地７,2022-08-26,株式会社
株式会社ＡＬＬ　ＡＲＥ　ＢＲＯＴＨＥＲＳ,宮崎県東臼杵郡門川町大字門川尾末７３８０番地３,2022-08-26,株式会社
株式会社ＡＲＴ,愛知県名古屋市名東区大針２丁目６２番地（ヴェルドミール雅Ｂ号）,2022-08-26,株式会社
株式会社ＡＴＡＧＯ,熊本県上益城郡御船町大字上野６２２番地,2022-08-26,株式会社
株式会社ＡＴＥ,東京都豊島区南池袋１丁目１３番２３号,2022-08-26,株式会社
株式会社ＡＶＡＮ,東京都中央区明石町６番２３－６０１号,2022-08-26,株式会社
株式会社ＡＸＩＺ,沖縄県宮古島市平良字久貝８６６番地９ソレイル久貝Ⅰ,2022-08-26,株式会社
株式会社Ａｒｃｏｂａｌｅｎｏ,静岡県静岡市清水区北脇６７番地の４シゴーニュ１０２号,2022-08-26,株式会社
株式会社Ｂ‐Ｆｉｎｅ,神奈川県横浜市青葉区鴨志田町５２２番地５,2022-08-26,株式会社
株式会社ＢＣＪ‐６８,東京都千代田区丸の内１丁目１番１号パレスビル５階,2022-08-26,株式会社
株式会社ＢＲＡＶＥ,神奈川県横浜市保土ケ谷区川島町９７０番地３号,2022-08-26,株式会社
株式会社ＢＴＤ,石川県金沢市泉本町７丁目３番地１,2022-08-26,株式会社
株式会社ＢＵＩＬＤＥＲ’Ｓ,埼玉県川口市領家３丁目２１－７,2022-08-26,株式会社
株式会社Ｂｅｓｔｅａｍ,埼玉県ふじみ野市鶴ケ岡５丁目５番１－９２２,2022-08-26,株式会社
株式会社Ｂｉｚ　Ａｔｈｌｅｔｅ,大阪府大阪市北区梅田１丁目１番３号大阪駅前第三ビル２９階１－１－１号室,2022-08-26,株式会社
株式会社Ｂｕｔｔｅｒｆｌｙ　Ｅｆｆｅｃｔ,東京都渋谷区神泉町１１番１１号イーデンビル４Ｆ,2022-08-26,株式会社
株式会社Ｂｕｚｚ‐ＭＯ,東京都武蔵野市境南町２丁目５－１０,2022-08-26,株式会社
株式会社ＣＮＧコンサルティング,東京都千代田区六番町３番地１１玉柳テシコ六番町ビル５０１号室,2022-08-26,株式会社
株式会社ＣＲＡＳＵＭ,山口県周南市新町１丁目５番地,2022-08-26,株式会社
株式会社ＣＲＯＳ,大分県別府市餅ケ浜町３番３０号ミノルビル３－Ａ,2022-08-26,株式会社
株式会社Ｃｈａｍｓｈｏｔ,東京都板橋区南常盤台１丁目１１番６号レフア南常盤台１０１号室,2022-08-26,株式会社
株式会社ＤＩＹ　Ｐｌｕｓ,愛知県名古屋市中区丸の内１丁目１７番１９号,2022-08-26,株式会社
株式会社ＤＵ,東京都渋谷区渋谷１丁目４番１号,2022-08-26,株式会社
株式会社Ｄｒｅａｍ　Ｏｎ　Ｂｅａｕｔｙ,東京都港区麻布十番２丁目１６番１１号麻布十番２Ａビル４０１,2022-08-26,株式会社
株式会社Ｄｒｏｐ　Ｆｅｓｔｉｖａｌ　Ｊａｐａｎ,東京都港区六本木７丁目２番２９号,2022-08-26,株式会社
株式会社ＥＳＳＥＯＴＩＡ,東京都墨田区東墨田２丁目２３番６－５０４号セジョリ墨田イーストⅡ,2022-08-26,株式会社
株式会社ＥＹＫＴ,東京都足立区東和３丁目１５番７号,2022-08-26,株式会社
株式会社Ｅｖｖｉｖａ,山口県熊毛郡平生町大字平生村２２３番地の１,2022-08-26,株式会社
株式会社ＦＬＯＧ,東京都新宿区西新宿３丁目９－７フロンティア新宿タワー２００４,2022-08-26,株式会社
株式会社ＦＳＤホームズ,神奈川県川崎市高津区溝口１丁目１３－１８,2022-08-26,株式会社
株式会社ＦＵＳＥＥ,東京都渋谷区桜丘町３０番４－２０４号,2022-08-26,株式会社
株式会社ＧＭＥプレジャーグループ,石川県金沢市窪１丁目２０７番地２,2022-08-26,株式会社
株式会社ＧＹＧ,大阪府大阪市阿倍野区阿倍野筋２丁目４番３７号カスタリア阿倍野１５０５号室,2022-08-26,株式会社
株式会社Ｈ．Ｐ．Ｃ,愛知県名古屋市緑区上旭１丁目６０５番地シティコーポ上旭１０１号,2022-08-26,株式会社
株式会社ＨＡＴＡ　ＡＧＥ,高知県幡多郡大月町大字弘見２６１０番地,2022-08-26,株式会社
株式会社ＨＥＬＬＯ　ｂａｓｅ,大阪府大阪市北区西天満２丁目２番３号,2022-08-26,株式会社
株式会社ＨＭｉｔ’Ｓホールディングス,福岡県福岡市博多区山王１丁目１１－３５スクラム５５０３号室,2022-08-26,株式会社
株式会社ＨＳＭ,神奈川県横浜市磯子区丸山２丁目２２番１－５０８号,2022-08-26,株式会社
株式会社ＩＣＨＩＥ　ＭＡＲＫＥＴＩＮＧ,東京都港区六本木３丁目１８番１２号,2022-08-26,株式会社
株式会社ＩＣＨＩＥ　ＳＤＫ,東京都港区六本木３丁目１８番１２号,2022-08-26,株式会社
株式会社ＩＣＨＩＥホールディングス,東京都港区六本木３丁目１８番１２号,2022-08-26,株式会社
株式会社ＩＤＭ,東京都中央区銀座６丁目１３番９号ｂｉｚｃｕｂｅ,2022-08-26,株式会社
株式会社ＪＦＫ,東京都港区西麻布２丁目２５番１９号,2022-08-26,株式会社
株式会社Ｋ‐ｐｌａｎ,茨城県神栖市若松中央１丁目２２番１号サクラコーポ３－２,2022-08-26,株式会社
株式会社Ｋ＆ＪＷｏｒｋｓ,東京都港区芝５丁目２７番５号,2022-08-26,株式会社
株式会社Ｋ．Ｉ．プランニング,愛知県一宮市木曽川町外割田字西郷東１２５番地,2022-08-26,株式会社
株式会社ＫＫ,石川県金沢市諸江町上丁４６７番地４,2022-08-26,株式会社
株式会社ＫＯＪＩＲＯ　ＶＦＸ　ＤＥＳＩＧＮ,茨城県つくばみらい市東楢戸８８９番地２,2022-08-26,株式会社
株式会社Ｋａｇｕｒａ,東京都世田谷区砧２丁目１６－１－２４１,2022-08-26,株式会社
株式会社Ｋａｋｕ,福井県福井市西方２丁目１１－８,2022-08-26,株式会社
株式会社Ｋａｌｍｉａ,埼玉県越谷市東大沢３丁目２８－７ノーブルマンション１０２,2022-08-26,株式会社
株式会社Ｋｅｒａｕｎｏｓ,東京都世田谷区北烏山１丁目６０番２５－１０２号,2022-08-26,株式会社
株式会社Ｌ．Ｉ．Ｇ,栃木県小山市駅東通り１丁目２番１７号ＴＳビルⅠ３０２号室,2022-08-26,株式会社
株式会社Ｌ２Ｓ,宮崎県小林市南西方５９９３番地２,2022-08-26,株式会社
株式会社ＬＩＣ,東京都世田谷区梅丘１丁目６１番１４号,2022-08-26,株式会社
株式会社ＬＴＧ,東京都千代田区外神田２丁目８－４－４０３,2022-08-26,株式会社
株式会社ＬｉＣ　ＫＯＢＥ,兵庫県神戸市西区学園東町４丁目７番地の８,2022-08-26,株式会社
株式会社Ｌｉｇｈｔ　Ｅコマース,愛知県名古屋市中区新栄２丁目２番１９号新栄クリーンハイツ３０４,2022-08-26,株式会社
株式会社Ｌｉｖｅｎｏｗ,宮城県仙台市青葉区堤町１丁目１番４―１４０３号,2022-08-26,株式会社
株式会社Ｍ＆Ｓ,山形県山形市内表東２７１番地２,2022-08-26,株式会社
株式会社ＭＡＨＡＬＯ,東京都中央区湊２丁目１５番１４－４０５号,2022-08-26,株式会社
株式会社ＭＣＮＩＴＹ,東京都港区南青山２丁目１７番３号・４Ｆ,2022-08-26,株式会社
株式会社ＭＥＣ,神奈川県横浜市都筑区南山田２丁目３６番６－３０１号,2022-08-26,株式会社
株式会社ＭＳトラスト,神奈川県厚木市及川１１６７,2022-08-26,株式会社
株式会社ＭＳ商事,東京都港区南青山１丁目１５番９号第４５興和ビル,2022-08-26,株式会社
株式会社ＭＹＦＡＭ,兵庫県川西市大和西１丁目４８－２,2022-08-26,株式会社
株式会社Ｎファーム,福島県いわき市川前町下桶売字西向６５番地,2022-08-26,株式会社
株式会社Ｏｋｉｎａｗａ．Ｉｎｄｉｅｓ．Ｃｏｍｍｕｎｉｔｙ,大阪府大阪市北区曾根崎２丁目１番６号太洋ビル３階,2022-08-26,株式会社
株式会社Ｏｒｉｅｎｔａｌ　Ｗａｒｋｓ,千葉県千葉市若葉区大宮町４０９７番地１,2022-08-26,株式会社
株式会社Ｏｕｒ　Ｗｏｒｌｄ,東京都北区赤羽１丁目５９番８号ヒノデビル４Ｆ,2022-08-26,株式会社
株式会社Ｐ２Ｐ,大阪府大阪市大正区三軒家東１丁目１９番９号２階,2022-08-26,株式会社
株式会社ＰＦＴ,鹿児島県鹿児島市七ツ島１丁目１番２６号,2022-08-26,株式会社
株式会社ＲＥＲＩＳＥ,埼玉県越谷市大字袋山９９５番地７,2022-08-26,株式会社
株式会社ＲＹＯＷＡ,兵庫県西宮市東町２丁目４番１２号,2022-08-26,株式会社
株式会社ＲＹＵ’Ｓコーポレーション,神奈川県横浜市磯子区杉田１丁目１番１ヨコハマ・シーナリータワー２９０６号,2022-08-26,株式会社
株式会社ＲｅＲ　ＤＯＲＯＮＥＳＣＨＯＯＬ,東京都豊島区池袋本町１丁目４６番６号,2022-08-26,株式会社
株式会社Ｒｅａｃｈ,兵庫県神戸市北区鹿の子台南町４丁目２９番７号,2022-08-26,株式会社
株式会社Ｒｅｖｅｎｕｓ,千葉県千葉市美浜区打瀬１丁目２番地３セントラルパーク・ウエストシータワー２８０７,2022-08-26,株式会社
株式会社ＳＡＢＯＴＥＮ,大阪府大阪市阿倍野区昭和町５丁目９番２５号２Ｆ,2022-08-26,株式会社
株式会社ＳＢＩ　ｉｎｓｐｅｃｔｉｏｎ　ａｇｅｎｃｙ,埼玉県川口市飯塚３丁目７番１４号メゾンドボヌールＣ棟１０２号,2022-08-26,株式会社
株式会社ＳＧＭ,神奈川県相模原市中央区相模原８丁目１番１－１４０１号,2022-08-26,株式会社
株式会社ＳＨＩＲＯＱ,兵庫県宝塚市宝松苑３番２１号,2022-08-26,株式会社
株式会社ＳＯＮＯＳＡＫＩｅ,東京都港区北青山２丁目１２番８号ＢＩＺＳＭＡＲＴ青山２２０,2022-08-26,株式会社
株式会社ＳＯＵＭＡ,東京都渋谷区渋谷２丁目１９－１５宮益坂ビルディング６０９,2022-08-26,株式会社
株式会社ＳＴＡＲ　ＢＥＩ,滋賀県大津市雄琴１丁目１３番２２号,2022-08-26,株式会社
株式会社ＳＵＺＵＭＡＺＥ,愛知県豊橋市牟呂市場町２４番地６,2022-08-26,株式会社
株式会社Ｓｃａｌｅ,長野県下伊那郡平谷村２３７番地１,2022-08-26,株式会社
株式会社ＴＤＨ,埼玉県北葛飾郡松伏町大字松伏２８０２－８松伏貸家Ｋ,2022-08-26,株式会社
株式会社ＴＨＥ　ＳＵＮ,東京都世田谷区世田谷１丁目３７番４－３０４号,2022-08-26,株式会社
株式会社ＴＳＯＣホールディングス,東京都目黒区上目黒４丁目１７番５号,2022-08-26,株式会社
株式会社ＵＬ,兵庫県西宮市六湛寺町１４番５号太陽生命ビル３階株式会社ユーストーリー内,2022-08-26,株式会社
株式会社ＶｉｒｔｕａｌＢａｓｅ,東京都渋谷区神宮前２丁目３－１４サンフェル神宮前１０５,2022-08-26,株式会社
株式会社Ｗａｎ・ｄｅｒｆｕｌ　Ｌｉｆｅ,茨城県水戸市大塚町１７６９番地の１７,2022-08-26,株式会社
株式会社Ｗａｎｄｉｔ,鳥取県鳥取市吉成南町１丁目２４番２号,2022-08-26,株式会社
株式会社Ｗａｑｏｏメディカルサポート,東京都世田谷区上馬２丁目１４番１号,2022-08-26,株式会社
株式会社Ｗｈｉｔｅ,京都府京都市東山区祇園町北側３４７番地９１,2022-08-26,株式会社
株式会社Ｗｉｓｔｅｒｉａ,東京都中央区勝どき６丁目５番４‐２１５号,2022-08-26,株式会社
株式会社ａｌａｄｄｉｎ,埼玉県川越市新宿町１丁目１５番地５,2022-08-26,株式会社
株式会社ａｌｍ,愛知県名古屋市西区城西２丁目２番１３号,2022-08-26,株式会社
株式会社ａｎｄ　Ａ　ｓｔｎｄ,大阪府豊中市旭丘４番９８－６１１号,2022-08-26,株式会社
株式会社ｂｅ,東京都文京区音羽１丁目２４番８号,2022-08-26,株式会社
株式会社ｇｒｉｆｆｏｎ,埼玉県さいたま市北区東大成町１丁目６番地３ＴＯＰ大宮第９－４０８号室,2022-08-26,株式会社
株式会社ｈａｂａｎｅｒｏ,東京都港区浜松町２丁目２番１５号浜松町ダイヤビル２Ｆ,2022-08-26,株式会社
株式会社ｉｋｏｉ,福岡県築上郡築上町大字高塚２８６番地２,2022-08-26,株式会社
株式会社ｌｅａｄ,大阪府大阪市西区南堀江１丁目１４番２９号３Ｆ,2022-08-26,株式会社
株式会社ｍｉｎｅｔ,大阪府大阪市北区梅田１丁目１－３大阪駅前第３ビル２９階１－１－１号室,2022-08-26,株式会社
株式会社ｏｌｉｏ,京都府京都市上京区油小路通出水上る大黒屋町４７番地,2022-08-26,株式会社
株式会社ｒｅ　ｌｉｆｅ,愛知県名古屋市守山区大字中志段味字南原２６８６番地の１４０,2022-08-26,株式会社
株式会社ｓｕｐｅｒｄｅｆ,東京都港区南青山２丁目２番１５号,2022-08-26,株式会社
株式会社ｕｒａｒａｃａ,東京都目黒区鷹番３丁目６－７ワークコート学芸大学,2022-08-26,株式会社
椿皓株式会社,大阪府大阪市中央区松屋町９番２０号ローレルステート松屋町９０２Ｂ,2022-08-26,株式会社
特定目的会社ホテル１０１ニセコ,東京都千代田区霞が関３丁目２番５号,2022-08-26,その他の設立登記法人
特定非営利活動法人ステップＵＰ,茨城県坂東市長谷６８９番地３,2022-08-26,その他の設立登記法人
特定非営利活動法人晴れっと,大阪府大阪狭山市山本北１４２３－４,2022-08-26,その他の設立登記法人
特定非営利活動法人総合警備サービス防犯推進機構,東京都新宿区西新宿３丁目９番１号西新宿ティーオービル２階,2022-08-26,その他の設立登記法人
特定非営利活動法人花,群馬県高崎市剣崎町５２５番地１３,2022-08-26,その他の設立登記法人
特定非営利活動法人ＢＬＵＥ,愛知県みよし市明知町美並１番地６,2022-08-26,その他の設立登記法人
石山通り司法書士法人,北海道札幌市中央区南十条西１０丁目１番２０号,2022-08-26,その他の設立登記法人
科博達技術日本株式会社,愛知県蒲郡市三谷町前田６番地１,2022-08-26,株式会社
艾什特機床株式会社,東京都世田谷区世田谷１丁目４１番２号,2022-08-26,株式会社
英新リアルティ株式会社,東京都千代田区内神田１丁目１８番１１号東京ロイヤルプラザ４階,2022-08-26,株式会社
雲峰商事株式会社,埼玉県川口市西川口１丁目２９－３ライオンズマンション西川口第壱壱２０９号室,2022-08-26,株式会社
ＡＢ　ＡＵＴＯ　ＪＡＰＡＮ合同会社,茨城県下妻市鎌庭３９８番３,2022-08-26,合同会社
ＡＣＭ株式会社,福岡県糟屋郡志免町片峰中央３丁目１９－８,2022-08-26,株式会社
ＡＵＴＯＴＯＰ　ＪＡＰＡＮ株式会社,東京都港区芝浦３丁目１７番１１号天翔田町ビル８階８０９号室,2022-08-26,株式会社
Ａｌｐｈａ株式会社,大阪府大阪市中央区高津３丁目１１番２号,2022-08-26,株式会社
ＢＥＬＯＮＧ株式会社,東京都台東区東上野６丁目１番１７号中央ビル４０２号室,2022-08-26,株式会社
ＢｅＣＯＮＮＥＣＴ合同会社,東京都港区南青山３丁目１―３６青山丸竹ビル６Ｆ,2022-08-26,合同会社
ＣＮＫホールディングス株式会社,愛知県豊川市御津町西方樋田５６番地２,2022-08-26,株式会社
Ｅ４Ｇ株式会社,東京都調布市菊野台３丁目２８番地３１,2022-08-26,株式会社
ＦＲＥＹＡ株式会社,東京都足立区栗原３丁目２６番１号２Ｆ,2022-08-26,株式会社
ＦａｎｄＬａ合同会社,神奈川県川崎市宮前区平３丁目７番１８－１号,2022-08-26,合同会社
Ｆｉｎｄｅｒ＆Ｇｉｖｅｒ株式会社,東京都港区三田１丁目４番１号,2022-08-26,株式会社
Ｆｉｖｅ　Ｄａｔａ　Ｌａｂｏ株式会社,愛知県名古屋市千種区青柳町６丁目８番地の８ライオンズマンション吹上１４０１号,2022-08-26,株式会社
ＧＣＪＩ８株式会社,東京都港区元赤坂１丁目１番８号株式会社赤坂国際会計内,2022-08-26,株式会社
ＧＰ株式会社,大阪府大阪市中央区内本町１丁目２番１３号谷四ばんらいビル１０Ｆ１０Ｘ,2022-08-26,株式会社
ＨＯＡＮＧ　ＡＮＨ合同会社,福岡県福岡市博多区住吉２丁目１５－１０,2022-08-26,合同会社
Ｈａｐｐｙ　Ｃｒｅｗ株式会社,東京都江東区南砂１丁目３番１２号ユーレジデンス東陽町７０３,2022-08-26,株式会社
ＨｉｒｅＴａｘｉＪａｐａｎ合同会社,東京都港区南青山２丁目２番１５号ウィン青山３０９,2022-08-26,合同会社
Ｉ＆Ｐａｒｔｎｅｒｓ合同会社,奈良県奈良市法蓮町２０番地の１,2022-08-26,合同会社
ＪＷ銀座株式会社,東京都中央区銀座８丁目２番１号,2022-08-26,株式会社
Ｊａｐａｎ　Ｂｌｕｅ　Ｅｎｅｒｇｙ合同会社,東京都千代田区大手町１丁目７番２号東京サンケイビル２７階,2022-08-26,合同会社
Ｋ・Ｌ商事株式会社,埼玉県川口市上青木西１丁目２０番３４－１０６号,2022-08-26,株式会社
Ｋ＆Ｓ合同会社,東京都中央区明石町１番７－１７０６号,2022-08-26,合同会社
ＫＯＲＥ合同会社,東京都新宿区新宿５丁目１０番１０号海老沢ビル２０２,2022-08-26,合同会社
ＬＴ株式会社,埼玉県さいたま市見沼区大和田町１丁目２０５ラック大和田１Ｆ,2022-08-26,株式会社
Ｌｕｎａｌｏｇ株式会社,東京都港区浜松町２丁目２－１５浜松町ダイヤビル２Ｆ,2022-08-26,株式会社
Ｍ＆Ｉ株式会社,愛知県名古屋市天白区原１丁目１４０８番地の１,2022-08-26,株式会社
ＭＡＳＨＡＬＬＡＨ株式会社,三重県桑名市大字和泉５６２番地１,2022-08-26,株式会社
ＭＴ‐ＳＭＹインベストメント合同会社,東京都中央区日本橋１丁目４番１号日本橋一丁目ビルディング,2022-08-26,合同会社
ＭＵＲＡ合同会社,沖縄県うるま市石川曙２丁目１０番１５号,2022-08-26,合同会社
Ｍａｙ　Ｇｏｄ　ｂｌｅｓｓ　ｙｏｕ合同会社,東京都世田谷区下馬１丁目３０番６号,2022-08-26,合同会社
ＮＡＺ合同会社,愛知県瀬戸市東寺山町１６３番地,2022-08-26,合同会社
ＮＩＱ合同会社,東京都中央区日本橋人形町３丁目３番５号,2022-08-26,合同会社
ＯＲＥＭ合同会社,神奈川県相模原市緑区寸沢嵐１６１番地６メゾン優２０６,2022-08-26,合同会社
ＲＥＧＯＬＩＴＨ株式会社,福岡県福岡市博多区麦野６丁目５番２号,2022-08-26,株式会社
ＲｅＢｏｏｔ合同会社,神奈川県川崎市高津区二子１丁目１７－１ドレッセ二子新地１１３１,2022-08-26,合同会社
Ｒｏｓｅ　Ｂａｙ特定目的会社,東京都千代田区丸の内３丁目１番１号東京共同会計事務所内,2022-08-26,その他の設立登記法人
Ｓ２１株式会社,東京都文京区千駄木３丁目２４番５号,2022-08-26,株式会社
ＳＡ浜松町プロジェクト合同会社,東京都千代田区丸の内２丁目３番２号,2022-08-26,合同会社
ＳＨＩＮＲＡ　ＣＯＭＰＡＮＹ株式会社,鳥取県八頭郡智頭町大字智頭１５３４－１５,2022-08-26,株式会社
ＳＮＳ　Ｅｎｔｅｒｐｒｉｓｅｓ合同会社,埼玉県熊谷市四方寺４１５番地,2022-08-26,合同会社
ＳＰ合同会社,大阪府大阪市西淀川区柏里２丁目６番１７号盛山ビル２８号室,2022-08-26,合同会社
ＳＴ合同会社,大阪府大阪市淀川区塚本２丁目１５番３－３０１号,2022-08-26,合同会社
Ｓａｆｅ　Ｃｏｍｍｕｎｉｃａｔｉｏｎｓ株式会社,埼玉県さいたま市見沼区東大宮５丁目３５－２３山田ビル２階,2022-08-26,株式会社
ＳｈｏＷｏｒｋｓ株式会社,愛知県名古屋市名東区高社２丁目８０番地（佐藤ビル２０７号）,2022-08-26,株式会社
ＴＨＡ合同会社,福岡県久留米市東町３８－８－２Ｆ,2022-08-26,合同会社
ＴＫ合同会社,大阪府大阪市西淀川区柏里２丁目６番１７号盛山ビル２２号室,2022-08-26,合同会社
Ｔａｋｕｍａ　Ｄｅｓｉｇｎ株式会社,宮崎県日向市美々津町４８１５－１,2022-08-26,株式会社
Ｔｅｒｒａ　Ｇｒｅｅｎ　Ｓｙｎｅｒｇｙ株式会社,鳥取県米子市米原４丁目１番３１号,2022-08-26,株式会社
Ｔｈｅ　Ｐｅａｃｈ株式会社,東京都足立区栗原３丁目２６番１号２Ｆ,2022-08-26,株式会社
ＵＵ　Ｌｉｆｅ株式会社,東京都中央区新川２丁目１０番１－８０９号,2022-08-26,株式会社
ＹＡＮＡ　Ｐｒｏｊｅｃｔ合同会社,東京都新宿区富久町１２番１－２１０４号,2022-08-26,合同会社
Ｚｅｎ　Ｐａｃｉｆｉｃｏ株式会社,東京都世田谷区代沢４丁目４２－１５,2022-08-26,株式会社
ａｏ株式会社,愛知県名古屋市中区丸の内３丁目２０番２０号,2022-08-26,株式会社
ｂｅｄａ合同会社,埼玉県さいたま市大宮区桜木町２丁目３番地マルイ７Ｆ,2022-08-26,合同会社
ｆｂ７合同会社,東京都世田谷区玉川３丁目２０番２号,2022-08-26,合同会社
ｆｉｎｅ電設株式会社,埼玉県さいたま市岩槻区大字表慈恩寺５８７番地５,2022-08-26,株式会社
ｌｉｖｉｌ住建合同会社,東京都渋谷区神宮前６丁目２３番４号桑野ビル２階,2022-08-26,合同会社
ｙ．ｓ．ｎｅｔ合同会社,鳥取県米子市日原８０３番地２,2022-08-26,合同会社
あるくを考える株式会社,兵庫県尼崎市開明町３丁目６－４Ｅ２,2022-08-29,株式会社
いも太郎株式会社,山口県下関市富任町５丁目１番２４号,2022-08-29,株式会社
しょうおう高原牧場株式会社,岡山県勝田郡勝央町植月中９０４番地,2022-08-29,株式会社
アグリサービス合同会社,群馬県邑楽郡邑楽町大字中野４９０６－４,2022-08-29,合同会社
アベイユ合同会社,大阪府大阪市北区浪花町１０－１４メゾン・ド・ゴトウ５０５号,2022-08-29,合同会社
アミューズデザイン株式会社,神奈川県横浜市戸塚区戸塚町３５０８番地,2022-08-29,株式会社
アート・エージェンシー・ジャパン合同会社,茨城県取手市上萱場２５２番地,2022-08-29,合同会社
イリゼ教育合同会社,東京都豊島区池袋２丁目６８－１０池袋ダイカンプラザビル８１０,2022-08-29,合同会社
インフィニティフーズジャパン株式会社,東京都品川区大井１丁目３１番１号,2022-08-29,株式会社
エムズコンサル株式会社,東京都大田区矢口２丁目２４番５号,2022-08-29,株式会社
オフィスウォルター株式会社,千葉県松戸市上本郷３４２９番地,2022-08-29,株式会社
カプセルコーポレーション株式会社,愛知県名古屋市西区牛島町６－１名古屋ルーセントタワー４０階,2022-08-29,株式会社
サイエンスミッション株式会社,神奈川県川崎市中原区下小田中３丁目２０番３６号,2022-08-29,株式会社
サクラカンパニー株式会社,東京都世田谷区中町５丁目２８番４号,2022-08-29,株式会社
サンワークホールディングス株式会社,茨城県常総市豊岡町丙２１４７番地,2022-08-29,株式会社
スティルウィーライズ株式会社,岐阜県大垣市外渕２丁目１５７番地２セジュール近藤１０７,2022-08-29,株式会社
スミレ堂企画合同会社,長野県岡谷市御倉町２番２１号,2022-08-29,合同会社
セブンスターマンション香里園管理組合法人,大阪府寝屋川市香里南之町１９番２５号,2022-08-29,その他の設立登記法人
タスク工業株式会社,群馬県安中市岩井４３７番地１,2022-08-29,株式会社
ハビットソフト合同会社,広島県東広島市高屋高美が丘１丁目１５番３号,2022-08-29,合同会社
パラスト大森管理組合,東京都大田区大森北５丁目８－２６,2022-08-29,その他
ビルダブリッジ株式会社,東京都世田谷区世田谷１丁目４番１９号,2022-08-29,株式会社
プロトタイプ合同会社,東京都小平市小川町２丁目１１５７－１２,2022-08-29,合同会社
プロージット株式会社,東京都目黒区目黒３丁目６－２１－２０２,2022-08-29,株式会社
マミー合同会社,愛知県西春日井郡豊山町大字豊場字四ツ塚６１番地１,2022-08-29,合同会社
ミットエスイーエルインベストメント株式会社,東京都千代田区大手町１丁目２番１号,2022-08-29,株式会社
リザイアカント合同会社,埼玉県新座市栄５丁目８番４号パルティアＩ２０２号室,2022-08-29,合同会社
リーレン・ジャパン株式会社,福岡県福岡市博多区東那珂２丁目１３番６号,2022-08-29,株式会社
レザーテック合同会社,愛知県名古屋市中区錦１丁目１７番１３号,2022-08-29,合同会社
ワンヒッター株式会社,東京都江戸川区北葛西５丁目１４－１１クオーディア西葛西５０３,2022-08-29,株式会社
一般社団法人つないだ手と手,広島県広島市西区古江新町１１番１５号,2022-08-29,その他の設立登記法人
一般社団法人コーラスリハビリ協会,大阪府大阪市北区梅田２丁目５－１３桜橋第一ビル３０４号,2022-08-29,その他の設立登記法人
一般社団法人シンシキプロファイラー研究所,東京都港区虎ノ門３丁目８番２５号日総第２３ビル８０３,2022-08-29,その他の設立登記法人
一般社団法人ドッグデンタルマイスター協会,神奈川県藤沢市鵠沼藤が谷３丁目４番３号,2022-08-29,その他の設立登記法人
一般社団法人ファンツリー協会,熊本県熊本市中央区九品寺１丁目１番５－３１１号,2022-08-29,その他の設立登記法人
一般社団法人ブリリアンス心理学協会,兵庫県芦屋市大原町２７番１－３０３号,2022-08-29,その他の設立登記法人
一般社団法人ボナンザシー,鹿児島県出水市高尾野町大久保１５５番地２,2022-08-29,その他の設立登記法人
一般社団法人再生因子研究会,東京都港区南青山３丁目１５番６号,2022-08-29,その他の設立登記法人
一般社団法人幸崎丸山の里,広島県三原市幸崎能地７丁目７番３８号,2022-08-29,その他の設立登記法人
一般社団法人音楽・アートプロジェクト,愛知県名古屋市中村区鳥居通２丁目１２番地本陣センタービル２階,2022-08-29,その他の設立登記法人
一般社団法人ＤＯ・ＬＡ・ＱＵ・ＭＯＮＴ,福岡県小郡市大保１５４２番地１Ｂ－２０２号室,2022-08-29,その他の設立登記法人
一般社団法人Ｆｌｏｗｎｅｓｓ　ａｓｓｏｃｉａｔｉｏｎ,東京都昭島市玉川町５丁目１１番１８号,2022-08-29,その他の設立登記法人
三一科技株式会社,東京都新宿区西新宿３丁目３番－１３号西新宿水間ビル６階,2022-08-29,株式会社
三協株式会社,茨城県常総市本石下３番１,2022-08-29,株式会社
与倉運送株式会社,島根県松江市八幡町３３０番地１,2022-08-29,株式会社
医療法人久和会,熊本県熊本市東区月出７丁目１番１２号エレガンス月出１階,2022-08-29,その他の設立登記法人
医療法人社団ＴＣＭＡ,東京都世田谷区太子堂４丁目３０番２５号澤村カスケーダ１階１０１号,2022-08-29,その他の設立登記法人
医療法人ｌｉｎｏ‐ｓｍｉｌｅ,熊本県菊池郡菊陽町大字津久礼字下沖野２９５０－１４,2022-08-29,その他の設立登記法人
博樹心株式会社,北海道釧路市鳥取南８丁目７番１３号,2022-08-29,株式会社
合同会社にじと森,愛知県名古屋市名東区にじが丘１丁目１２番地の２星ケ丘スカイマンション７０３号,2022-08-29,合同会社
合同会社よこや,愛知県津島市下新田町３丁目１０２番地,2022-08-29,合同会社
合同会社アンノーン,東京都世田谷区等々力１丁目２番１５号,2022-08-29,合同会社
合同会社エクステリア未来,兵庫県加東市梶原２６０番地６,2022-08-29,合同会社
合同会社エムテン,埼玉県川口市川口１丁目３番１－４０４号ライオンズマンション,2022-08-29,合同会社
合同会社クローバー,埼玉県所沢市大字山口２８５８－６,2022-08-29,合同会社
合同会社サクエム,大阪府枚方市黄金野２丁目９－２７,2022-08-29,合同会社
合同会社サンフラワー,東京都足立区東綾瀬１丁目２９番５－２０２号,2022-08-29,合同会社
合同会社シアライズ,福岡県みやま市瀬高町上庄５２１－１,2022-08-29,合同会社
合同会社シーアイエスホールディングス,東京都新宿区西早稲田１丁目８番１９号,2022-08-29,合同会社
合同会社ステイト３０３,東京都世田谷区桜２丁目４番１－２２５号,2022-08-29,合同会社
合同会社ステレオ時代,埼玉県比企郡吉見町大字長谷１７５７－１５４,2022-08-29,合同会社
合同会社ストーリー,福岡県福岡市東区香椎駅前３丁目３３番３３－５０４号ＭＪＲ香椎,2022-08-29,合同会社
合同会社スーパーニッチ,岐阜県岐阜市コモンヒルズ北山８番地２７,2022-08-29,合同会社
合同会社ナラユカンパニー,埼玉県蓮田市椿山３丁目２０番４号,2022-08-29,合同会社
合同会社ハスラー,宮城県仙台市宮城野区鉄砲町２番地の２,2022-08-29,合同会社
合同会社フライツァイト,神奈川県逗子市逗子７丁目１２－９,2022-08-29,合同会社
合同会社ラピスプライベート,京都府京都市右京区常盤西町４,2022-08-29,合同会社
合同会社万葉,広島県東広島市安芸津町三津１２８９番地１,2022-08-29,合同会社
合同会社両方,東京都板橋区西台３丁目１５番３号,2022-08-29,合同会社
合同会社双和商店,広島県東広島市西条西本町１１番１－８０２号,2022-08-29,合同会社
合同会社吉星商事,京都府京都市中京区西ノ京永本町５番地３１,2022-08-29,合同会社
合同会社根っこや,大阪府柏原市大正３丁目１番３５号,2022-08-29,合同会社
合同会社桜花,兵庫県伊丹市中野西３丁目４９番地,2022-08-29,合同会社
合同会社猪之鼻,大阪府八尾市木の本３丁目２２番地の１４,2022-08-29,合同会社
合同会社筑後建設,福岡県筑後市大字西牟田６３９３番地６,2022-08-29,合同会社
合同会社紬,愛知県名古屋市緑区乗鞍２丁目１６０６番地の７,2022-08-29,合同会社
合同会社結び,茨城県稲敷郡阿見町大字阿見２２２３番地４フェリーチェＥ棟,2022-08-29,合同会社
合同会社視覚言語研究所０６２５,徳島県徳島市南田宮１丁目５番４３号,2022-08-29,合同会社
合同会社輪,大阪府大阪市旭区生江１丁目９番２０―２０１号,2022-08-29,合同会社
合同会社陽暉,東京都板橋区高島平７丁目１９－１２－５０２,2022-08-29,合同会社
合同会社鳳翔実業,大阪府箕面市牧落５丁目１番１３号,2022-08-29,合同会社
合同会社Ａｆｔｅｒｇｒｏｗ,鳥取県鳥取市末広温泉町５５４番地,2022-08-29,合同会社
合同会社ＢＰＯサービスセンター,大阪府羽曳野市尺度１６－１,2022-08-29,合同会社
合同会社ＣＮＥＬａｂ,神奈川県海老名市杉久保北４丁目１８－２４,2022-08-29,合同会社
合同会社ＣＯＺＹ,東京都板橋区板橋３丁目５番１号,2022-08-29,合同会社
合同会社Ｃｌｏｖ,東京都新宿区赤城下町４５番地ＫＢＣ、Ｂ－２号室,2022-08-29,合同会社
合同会社Ｅｘｔｒａ　Ｓｐａｃｅ,東京都新宿区西新宿３丁目３番１３号西新宿水間ビル２Ｆ,2022-08-29,合同会社
合同会社ＩＮＮＩ,東京都小金井市本町１丁目６－１７,2022-08-29,合同会社
合同会社Ｉｎｆｉｎｉｔｙ,大阪府豊中市本町１丁目９番１０－８０７号,2022-08-29,合同会社
合同会社Ｊ’ｓプラン,群馬県高崎市並榎町１８３番地１０,2022-08-29,合同会社
合同会社ＫＤ　ＩＮＴＥＲＮＡＴＩＯＮＡＬ,茨城県龍ケ崎市野原町６１番地３ロイヤル・コート野原第１０５号室,2022-08-29,合同会社
合同会社Ｋａｎｏｅｎ,東京都中央区日本橋堀留町２丁目７番２－１３１１号,2022-08-29,合同会社
合同会社ＬＩＮＫ,大阪府泉南市樽井７丁目２１番１３号,2022-08-29,合同会社
合同会社Ｌｉｅｎ　ｄｅ　ｆａｍｉｌｌｅ,茨城県古河市けやき平１丁目１２番地８,2022-08-29,合同会社
合同会社Ｌｉｎｅ　Ｒｉｖｅｒ,奈良県奈良市西登美ヶ丘７丁目１１番１号,2022-08-29,合同会社
合同会社Ｍ‐ＳＴＡＧＥ,岐阜県羽島市堀津町前谷１２９番地,2022-08-29,合同会社
合同会社ＭＫＳ,埼玉県川口市大字東本郷６６０－１,2022-08-29,合同会社
合同会社ＮｅｕｒｏｔｅｃｈＪＰ,東京都新宿区新宿１丁目３６番２号新宿第七葉山ビル３階,2022-08-29,合同会社
合同会社Ｐｅｔｉｔ　Ｓｏｕｒｉｒｅ,東京都品川区中延５丁目１０番１０－３０６号,2022-08-29,合同会社
合同会社Ｒｅｉｃｏｄｅ,東京都渋谷区神宮前６丁目２３番４号桑野ビル２階,2022-08-29,合同会社
合同会社ＳＯＬ,東京都足立区千住５丁目２７番１号ＣＡＳＡＲ北千住２０３,2022-08-29,合同会社
合同会社ＳＴＥＡＬ,山形県鶴岡市道形町２２番１０号,2022-08-29,合同会社
合同会社ＴＤ,愛知県刈谷市小垣江町下松１番地５,2022-08-29,合同会社
合同会社ＴＥＮ,香川県高松市鬼無町佐藤６５番地１,2022-08-29,合同会社
合同会社ＴＩＥＵ　ＹＥＮ,大阪府大阪市阿倍野区丸山通１丁目６番１６号松虫ハイツ１階１０３号室,2022-08-29,合同会社
合同会社ｈｕｍｏｒｉｓｔｉｑｕｅ,東京都中央区銀座１丁目２２番１１号銀座大竹ビジデンス２階,2022-08-29,合同会社
合同会社ｋｉｎｏｍｉ,長崎県長崎市金堀町８番２号,2022-08-29,合同会社
合同会社ｍｏｎａｓｅａ,千葉県柏市柏７０８番地２６,2022-08-29,合同会社
合同会社ｎｕｎ,東京都港区芝浦４丁目２１番１－４８０４号,2022-08-29,合同会社
合同会社ｙｃ,東京都中野区野方４丁目７番１３号,2022-08-29,合同会社
土場川水土里保全会,青森県上北郡東北町字塔ノ沢山１－４４７,2022-08-29,その他
大祥株式会社,東京都新宿区西新宿３丁目３番－１３号西新宿水間ビル６階,2022-08-29,株式会社
大超株式会社,東京都新宿区西新宿３丁目３番－１３号西新宿水間ビル６階,2022-08-29,株式会社
大通農牧科技株式会社,東京都新宿区西新宿３丁目３番－１３号西新宿水間ビル６階,2022-08-29,株式会社
寅和プラント株式会社,群馬県前橋市城東町５丁目３番８号,2022-08-29,株式会社
岡崎ビール株式会社,愛知県岡崎市竜美東３丁目１２番地１４,2022-08-29,株式会社
広路株式会社,大阪府大阪市東住吉区今林４丁目１０－２５,2022-08-29,株式会社
成広商事株式会社,大阪府大阪市西淀川区柏里２丁目７番２６号ラ・ピース塚本７０５号室,2022-08-29,株式会社
日信商事合同会社,千葉県松戸市北松戸３丁目７番地１,2022-08-29,合同会社
日本絵金株式会社,茨城県つくば市金田９０１,2022-08-29,株式会社
日美商事株式会社,東京都渋谷区代々木１丁目３７－７勝栄ビル３０３号室,2022-08-29,株式会社
杜の栖合同会社,茨城県神栖市息栖２８８２番地,2022-08-29,合同会社
東家商店合同会社,東京都三鷹市北野４丁目５番４１号,2022-08-29,合同会社
株式会社きららオートモビル,秋田県秋田市柳田字柳田５９番地２,2022-08-29,株式会社
株式会社くすのき不動産コンサルティング,東京都港区赤坂４丁目８番１９号赤坂フロントタウン３階,2022-08-29,株式会社
株式会社さわ不動産,静岡県静岡市駿河区下島１８８番地の１コーポラス下島１０３号室,2022-08-29,株式会社
株式会社たつみや,神奈川県横浜市中区山下町１２８番地ラ・トゥール前田３０１,2022-08-29,株式会社
株式会社とじまかしまＦａｒｍ,愛媛県宇和島市寄松甲１３８５番地,2022-08-29,株式会社
株式会社ふじＭＩＲＡＩ,佐賀県伊万里市二里町大里甲２０７８番地６フルスミッテＡ－１０１,2022-08-29,株式会社
株式会社みしま,静岡県沼津市添地町１２３番地１２３ビル２階,2022-08-29,株式会社
株式会社みらい,山口県山口市阿知須１０６７５番地５,2022-08-29,株式会社
株式会社めろめろ,東京都港区虎ノ門１丁目１７番１号虎ノ門ヒルズビジネスタワー５階,2022-08-29,株式会社
株式会社もち山金魚,岡山県津山市林田６８２－１,2022-08-29,株式会社
株式会社ゆとり建築,兵庫県丹波市春日町黒井１４５７番地,2022-08-29,株式会社
株式会社よつば,千葉県松戸市新松戸３丁目３番地１,2022-08-29,株式会社
株式会社アステック,兵庫県神崎郡福崎町西田原１７４７番地１,2022-08-29,株式会社
株式会社アスミライト,神奈川県横浜市瀬谷区竹村町８番地２３,2022-08-29,株式会社
株式会社イマココ,福岡県筑後市大字山ノ井２３３－４,2022-08-29,株式会社
株式会社エイチシーアイ,神奈川県逗子市久木４丁目２１番１７号,2022-08-29,株式会社
株式会社エクシコ,京都府京都市伏見区石田森南町７１番地５号ハイツ一里塚２０５号室,2022-08-29,株式会社
株式会社エス・エー・アイ・インターナショナル,大阪府摂津市千里丘新町５番２２－９３５号,2022-08-29,株式会社
株式会社エヌケーエナジーシステム,東京都世田谷区用賀１丁目１８番１２号ホーエ・ブルック用賀３０５,2022-08-29,株式会社
株式会社エバーファインド,埼玉県三郷市中央５丁目２８番地３２,2022-08-29,株式会社
株式会社オカダ,静岡県静岡市駿河区西脇６９２番地,2022-08-29,株式会社
株式会社オフィスアンサー,富山県富山市黒瀬２９８番地１ＩＢＢビル３０１号室,2022-08-29,株式会社
株式会社オフィスタケイチ,京都府京都市左京区田中大久保町１１番地ハイツタケイチ１Ｆ,2022-08-29,株式会社
株式会社オリベ商事,埼玉県入間市鍵山２丁目１２番１８号宮前荘Ⅱ－２０２,2022-08-29,株式会社
株式会社クロスバリュークリエイト,神奈川県横浜市中区桜木町１丁目１０１番地１クロスゲート７階,2022-08-29,株式会社
株式会社グランキオ,宮城県塩竈市石堂５番８号,2022-08-29,株式会社
株式会社コムピーク,京都府宇治市小倉町南堀池５６－３９,2022-08-29,株式会社
株式会社サムシングプラス,神奈川県横浜市緑区長津田４丁目２０番Ａ－７０９号,2022-08-29,株式会社
株式会社シネマファクトリー,岡山県岡山市北区花尻ききょう町１８番地１００,2022-08-29,株式会社
株式会社スリーアシスト,大阪府大阪市都島区都島南通２丁目１番７－８０３号,2022-08-29,株式会社
株式会社タイム,長崎県西彼杵郡時津町浦郷２７１番地３　１００４号,2022-08-29,株式会社
株式会社ティーアイ,埼玉県草加市両新田東町１４４番地６,2022-08-29,株式会社
株式会社ディノスシネマ,東京都豊島区東池袋１丁目１４番３号,2022-08-29,株式会社
株式会社トレーニングレース・ジャパン,香川県高松市屋島西町２３２４番地４ラフィーネＡ棟２０１号,2022-08-29,株式会社
株式会社トータルサイド,埼玉県所沢市大字下安松８７８番地の１１,2022-08-29,株式会社
株式会社ハイフィールドオフィス,大阪府東大阪市横沼町１丁目１４番５号中西ビル３Ｆ,2022-08-29,株式会社
株式会社ハイブリッドファーム,大阪府大阪市中央区南船場４丁目１０番１８号ナサプライムハウス別館５階,2022-08-29,株式会社
株式会社ヒーラー,広島県廿日市市佐方３丁目８番２８号,2022-08-29,株式会社
株式会社ファントムデザイン,東京都渋谷区代々木５丁目１４番３－３０８号,2022-08-29,株式会社
株式会社フォレストホールディングス,千葉県千葉市中央区登戸２丁目３番１５号川村ビル１階,2022-08-29,株式会社
株式会社フォーワード,鳥取県米子市両三柳３８６３番地１,2022-08-29,株式会社
株式会社フドウ,兵庫県加古川市加古川町北在家６９９番地の３,2022-08-29,株式会社
株式会社フリーインダストリー,大阪府岸和田市中井町３丁目５番２０号,2022-08-29,株式会社
株式会社フレンドシップリング,大阪府東大阪市荒本北２丁目２番１７号,2022-08-29,株式会社
株式会社ブホウ,東京都立川市柴崎町３丁目５番２０号,2022-08-29,株式会社
株式会社プランタン,大分県大分市大道町４丁目５番２７号第５ブンゴヤビル４０１,2022-08-29,株式会社
株式会社マンマミーヤ,愛知県名古屋市北区中味鋺３丁目１２８番地フォーブル幸１０１号,2022-08-29,株式会社
株式会社マーズホーム,香川県坂出市高屋町４８４番地１,2022-08-29,株式会社
株式会社ミドルフィールド,千葉県船橋市若松２丁目６番１棟－１１２号,2022-08-29,株式会社
株式会社ミライバシ,千葉県柏市藤ケ谷１１９１－１３,2022-08-29,株式会社
株式会社モアライド,三重県津市夢が丘２丁目２８番地４,2022-08-29,株式会社
株式会社ユビキタス,大阪府大阪市天王寺区上汐３丁目２番１６号アリビオ上本町７０２号室,2022-08-29,株式会社
株式会社ユーアンドアイ,福岡県福岡市博多区那珂５丁目３番３６号,2022-08-29,株式会社
株式会社リアライブ,北海道旭川市末広東一条３丁目１４８番地２３,2022-08-29,株式会社
株式会社ルークレイア,東京都豊島区池袋２丁目４８番２号ザ・バレル池袋２０１号,2022-08-29,株式会社
株式会社ルーム,大阪府大阪市中央区南本町３丁目４番７号,2022-08-29,株式会社
株式会社レオネクト,愛知県名古屋市中村区烏森町５丁目４４番地の１,2022-08-29,株式会社
株式会社ワングリップ,東京都港区北青山３丁目５番４３号表参道ＬＡＢ２Ｆ,2022-08-29,株式会社
株式会社友遊商会,愛知県一宮市萩原町串作字荒神浦５２番地１,2022-08-29,株式会社
株式会社名北エクステリア,神奈川県相模原市南区磯部４８１０番地３,2022-08-29,株式会社
株式会社大坪興業,岩手県滝沢市鵜飼白石５２番地１,2022-08-29,株式会社
株式会社宇宙,群馬県高崎市中尾町１２５２番地１０号,2022-08-29,株式会社
株式会社寅二,福岡県福岡市中央区大名１丁目３番３５号,2022-08-29,株式会社
株式会社山桜彩,東京都渋谷区恵比寿２丁目３３－１３－６０１,2022-08-29,株式会社
株式会社山電,静岡県島田市竹下４９９番地の３,2022-08-29,株式会社
株式会社岩田家具店,静岡県沼津市上土町１１番地の１,2022-08-29,株式会社
株式会社新創,東京都千代田区丸の内１丁目１１番１号,2022-08-29,株式会社
株式会社日亀屋,広島県広島市安佐南区東野１丁目２１番４７号,2022-08-29,株式会社
株式会社旭,東京都豊島区巣鴨４丁目２９番５号,2022-08-29,株式会社
株式会社晄衣,愛知県名古屋市中区錦２丁目５番５号八木兵伝馬町ビル３階３４２号室,2022-08-29,株式会社
株式会社晨明,愛知県名古屋市緑区四本木１１６番地の３,2022-08-29,株式会社
株式会社望月商店,東京都品川区西五反田７丁目１３番５号ＤＫ五反田４１７号室,2022-08-29,株式会社
株式会社東苑喜覚,沖縄県那覇市首里崎山町１丁目２６シャトレ照屋２０１,2022-08-29,株式会社
株式会社森義仁事務所,東京都世田谷区若林２丁目１番１０号,2022-08-29,株式会社
株式会社正豊商事,福岡県行橋市大字上稗田１１１番地４,2022-08-29,株式会社
株式会社竹川工業,神奈川県横浜市都筑区大熊町４９番地ブレッザ２－１０２号,2022-08-29,株式会社
株式会社第一興産,東京都新宿区西新宿８丁目２番２０号,2022-08-29,株式会社
株式会社絆‐ＫＩＺＵＮＡ,東京都新宿区中落合４丁目２３番２２号コートブリーズＢ１０３,2022-08-29,株式会社
株式会社総建,大阪府高槻市梶原６丁目５番８号,2022-08-29,株式会社
株式会社翔プランニング,千葉県印西市大森３８１２番地６エリール木下Ａ１０２,2022-08-29,株式会社
株式会社翔流通,大阪府堺市堺区一条通１９番１３号,2022-08-29,株式会社
株式会社至柏,愛知県名古屋市中区新栄２丁目４０番６号グランルクレ新栄ウエスト７１２号,2022-08-29,株式会社
株式会社良建技巧,岡山県岡山市南区当新田４４４番地２１,2022-08-29,株式会社
株式会社花,熊本県人吉市鶴田町８６７番地３,2022-08-29,株式会社
株式会社葵会,千葉県我孫子市天王台１丁目５番１号,2022-08-29,株式会社
株式会社蒼穹,広島県広島市中区中町７－１６ポレスター広島２Ｆ,2022-08-29,株式会社
株式会社街づくりデザインファクトリー,愛知県知多市長浦３丁目８４番地,2022-08-29,株式会社
株式会社誠,福岡県みやま市瀬高町本郷９４２番地１,2022-08-29,株式会社
株式会社談酒館,京都府船井郡京丹波町上大久保下地２６番地,2022-08-29,株式会社
株式会社辻貴,京都府京都市右京区山ノ内山ノ下町１２番地,2022-08-29,株式会社
株式会社進道,神奈川県座間市相模が丘１丁目３５番６０号１０１号,2022-08-29,株式会社
株式会社都心不動産,東京都杉並区下井草２丁目３６番９号,2022-08-29,株式会社
株式会社高盛,大阪府大阪市生野区巽北１丁目１番１号２Ｆ－Ｃ,2022-08-29,株式会社
株式会社龍の米,茨城県龍ケ崎市５３５１番地,2022-08-29,株式会社
株式会社３３,東京都新宿区中落合１丁目１７番１２号三井レジデンス２０３,2022-08-29,株式会社
株式会社３ＭＩＮＤ,愛知県名古屋市中川区愛知町１１番４号,2022-08-29,株式会社
株式会社ＡＫＷｏｗ,埼玉県八潮市大字伊勢野９６番地１Ｆ－ＬＯＧフォレストＥ棟,2022-08-29,株式会社
株式会社Ａｇｒｉｔｕｒｅ,京都府京都市下京区玉津島町２９４,2022-08-29,株式会社
株式会社Ａｌｍｏｎｄ　Ｄｅｓｉｇｎ,東京都世田谷区玉川台２丁目２１－１５フレップ１０３号室,2022-08-29,株式会社
株式会社Ａｍａｚｉｎｇ　Ｅｎｔｅｒｔａｉｎｍｅｎｔ,東京都渋谷区渋谷２丁目１０番１５号,2022-08-29,株式会社
株式会社Ａｒｃｈ　Ｒｉｓｅ　Ｃｏｍｍｕｎｉｃａｔｉｏｎｓ,神奈川県大和市福田７丁目１２番地２７,2022-08-29,株式会社
株式会社ＢＩＧ．Ｊ,東京都世田谷区岡本３丁目１３番７号,2022-08-29,株式会社
株式会社ＢＮＫ,東京都江戸川区篠崎町４丁目３１番９号,2022-08-29,株式会社
株式会社ＣＥＯコンシェルジュ,東京都港区芝浦４丁目２０番２－３４０５号,2022-08-29,株式会社
株式会社ＣＯＣＯＲＯ,千葉県富津市青木２丁目１６番１３号,2022-08-29,株式会社
株式会社ＣＯＭ　ＴＡＣＴ,長崎県佐世保市広田１丁目６－１９,2022-08-29,株式会社
株式会社Ｃｉｖａｎ　Ｊａｐａｎ,埼玉県さいたま市浦和区常盤３丁目１番１３号,2022-08-29,株式会社
株式会社ＤＡＮＧＡＮ　ＦＩＬＭ,東京都渋谷区桜丘町１５番８号高木産業会館２０６,2022-08-29,株式会社
株式会社ＤＲＥＡＭＣＯＮＮＥＣＴ,神奈川県横浜市鶴見区駒岡３丁目１番１－５０２号,2022-08-29,株式会社
株式会社Ｅ．Ｐ．Ｓ．群馬,群馬県高崎市西国分町３２５番地２フジコーハイツ１０２,2022-08-29,株式会社
株式会社ＥＡＳＴ,福岡県八女市馬場４９１番地３,2022-08-29,株式会社
株式会社ＥＧＧ’ｓ,東京都渋谷区神宮前１丁目１５番１４号,2022-08-29,株式会社
株式会社ＥｉＺＯ,大阪府大阪市北区錦町２番２号国労大阪会館３階,2022-08-29,株式会社
株式会社Ｅｖａｌ,大阪府大阪市北区西天満３丁目４番５号西天満ワークビル,2022-08-29,株式会社
株式会社Ｅｘ　Ｔｅｃｈ,熊本県玉名市中１６８６番地１西村ビル１階,2022-08-29,株式会社
株式会社Ｆａｃｅ　ｕｐ,神奈川県横浜市青葉区新石川１丁目１６－２５－Ａ２０１,2022-08-29,株式会社
株式会社Ｆｌｏｘ　Ｂｉｏ,東京都中央区東日本橋２丁目２８番４号日本橋ＣＥＴビル２階,2022-08-29,株式会社
株式会社Ｆｌｙｌｅａｆ,東京都港区浜松町２丁目２番１５号,2022-08-29,株式会社
株式会社ＦｏｒｔｕｎｅＧｒｏｗｔｈ,東京都江東区有明３丁目７－１１有明パークビル２０Ｆ,2022-08-29,株式会社
株式会社ＧＮＷホールディングス,岡山県岡山市南区植松４８７番地,2022-08-29,株式会社
株式会社ＧＹＸＵＳ,三重県四日市市住吉町１５番１５号,2022-08-29,株式会社
株式会社ＨＩＲＯエンタープライズ,東京都目黒区緑が丘１丁目６番９号,2022-08-29,株式会社
株式会社ＨＯＬＬＹＧＯＯＤ,埼玉県さいたま市南区文蔵３丁目２９番地１０号,2022-08-29,株式会社
株式会社ＩＴＭ,愛知県清須市西枇杷島町小田井１丁目３番地１５,2022-08-29,株式会社
株式会社Ｉｒｉｓ企画,東京都大田区北馬込１丁目３番１号,2022-08-29,株式会社
株式会社Ｉｓｌａｎｄ　Ｈ,和歌山県和歌山市有本５３６エスポワール紀の川４０７,2022-08-29,株式会社
株式会社ＪＢＰ,東京都板橋区高島平１丁目７９番３号,2022-08-29,株式会社
株式会社ＪＫＡＳ,大阪府大阪市中央区南船場４丁目１０番４号,2022-08-29,株式会社
株式会社Ｋ’ｓ　Ｆａｃｔｏｒｙ,愛媛県四国中央市豊岡町長田１７２２番地１,2022-08-29,株式会社
株式会社ＬＡＮＤＳ,東京都新宿区西新宿７丁目２１－９天翔西新宿ビル３０４,2022-08-29,株式会社
株式会社ＬＵＣＫＹ　ＫＥＮＳＯ,山形県上山市金谷７６番地,2022-08-29,株式会社
株式会社Ｌｉｂｅｒｔｙ,大阪府大阪市福島区鷺洲３丁目６番１０－３７０７号,2022-08-29,株式会社
株式会社Ｌｉｔｔｌｅ　Ｌｏｔｕｓ,沖縄県那覇市おもろまち１丁目１番２５－２１０２号,2022-08-29,株式会社
株式会社ＭＩＡＬＩ,群馬県高崎市新町１７１４番地１センチュリー新町３０７号,2022-08-29,株式会社
株式会社ＭＩＩＭＯＯ,大阪府大阪市淀川区野中北１丁目４番４１号メゾン・ド・ソアレ５０３,2022-08-29,株式会社
株式会社ＭＫＬＩＦＥ,静岡県伊東市川奈１２２５番地の１３５,2022-08-29,株式会社
株式会社ＭＫＴ１９８,愛知県岩倉市八剱町大塚１９９番地１,2022-08-29,株式会社
株式会社Ｍａｔｅ,東京都練馬区中村北２丁目２番３号コンパルティア練馬１０５,2022-08-29,株式会社
株式会社ＮＡＳＵＫＡＷＡ　ＧＲＯＵＰ　ＨＤ,東京都品川区上大崎２丁目１５－１９ＭＧ目黒駅前２階,2022-08-29,株式会社
株式会社ＯＭＵＳＵＢＩ,京都府久世郡久御山町大橋辺北島２２番地９,2022-08-29,株式会社
株式会社Ｏｐｓｙｓ,東京都葛飾区鎌倉３丁目２５番８－１０８号ウィンドテラス新柴又Ⅰ,2022-08-29,株式会社
株式会社Ｏｓａｎｐｏ,岡山県岡山市北区下伊福１丁目７番２４号,2022-08-29,株式会社
株式会社Ｏｖｅｒｌａｐ,京都府宇治市小倉町堀池１２－３０,2022-08-29,株式会社
株式会社ＰＲＥＭＩＥＲ　ＧＡＲＤＥＮ　ＨＯＬＤＩＮＧＳ,東京都品川区平塚１丁目１７番６号,2022-08-29,株式会社
株式会社Ｑｕａｂａｎ　ｚａｄａ,千葉県市原市立野３５７番地３,2022-08-29,株式会社
株式会社ＲＥ・Ｈ,東京都世田谷区宮坂１丁目３８番１９号,2022-08-29,株式会社
株式会社ＲＩＤＥＲＡ,東京都東村山市美住町２丁目１８－３９レクシオ東村山ティアーズガーデン５０８号,2022-08-29,株式会社
株式会社ＲｅＴｉｍｅ,静岡県静岡市清水区梅が岡２番３６号,2022-08-29,株式会社
株式会社Ｒｉｐｔｉｄｅ　Ｓｔｕｄｉｏ,東京都新宿区新宿２丁目１３番１０号武蔵野ビル,2022-08-29,株式会社
株式会社ＲｏｏｍＣｏｎｎｅｃｔ,東京都町田市小山ヶ丘６丁目５番地１,2022-08-29,株式会社
株式会社Ｒｕｄｏｌｆ,京都府城陽市寺田正道１４８番地の１５,2022-08-29,株式会社
株式会社ＳＤＪ,熊本県菊池郡大津町大字大津９７７番地,2022-08-29,株式会社
株式会社ＳＴＵＮ,東京都港区赤坂３丁目７番１３号５階,2022-08-29,株式会社
株式会社ＳＵＭＩＣＡ,東京都葛飾区青戸５丁目１９番３号,2022-08-29,株式会社
株式会社ＳＵＮＲＩＳＥ,東京都品川区北品川５丁目１２番４号リードシー御殿山ビル７Ｆ－０３,2022-08-29,株式会社
株式会社ＳＵＲＹＡ　Ｃｏｎｓｕｌｔｉｎｇ　Ｇｒｏｕｐ,東京都渋谷区恵比寿南１丁目１－１ＨｕｍａｘＥｂｉｓｕビル８Ｆ,2022-08-29,株式会社
株式会社Ｓｕｐｐｏｒｔ,群馬県吾妻郡嬬恋村大字大前２１３６番地２,2022-08-29,株式会社
株式会社ＴＳＪ,宮城県仙台市青葉区八幡７丁目１０番１号,2022-08-29,株式会社
株式会社ＴｅｔｒａＴｅｃｈ,埼玉県さいたま市中央区円阿弥７丁目１１番７－２０２号,2022-08-29,株式会社
株式会社ＴｈｒｅｅＦｏｌｄ,東京都新宿区高田馬場３丁目２０番３－２０１号,2022-08-29,株式会社
株式会社Ｔｏｒｔｏｉｓｅ,福岡県北九州市小倉北区浅野１丁目１番１号ビエラ小倉１Ｆ,2022-08-29,株式会社
株式会社ＶＡＮＴＡＲ,京都府京都市下京区米屋町１６９ナカガワビル３Ｆ,2022-08-29,株式会社
株式会社Ｗｅｌｌｎｅｓｓ　Ｔｒａｄｅ　Ｊａｐａｎ,東京都世田谷区池尻２丁目３１番７－８０６号,2022-08-29,株式会社
株式会社ＹＡＮＢＡＬ,大阪府貝塚市三ツ松７０６番地１３,2022-08-29,株式会社
株式会社ＹＫプランニング,広島県広島市中区国泰寺町２丁目３－１８－１９０４,2022-08-29,株式会社
株式会社Ｙｏｓｈｉｍｉｔｓｕ,埼玉県入間市大字下藤沢５０４番地１,2022-08-29,株式会社
株式会社ＺＥＲＵＣＨ　ＩＮＦＩＮＩＴＹ,福岡県北九州市小倉南区日の出町１丁目３番２０号,2022-08-29,株式会社
株式会社ａｉｒｙ,岐阜県海津市海津町馬目４２２番地２,2022-08-29,株式会社
株式会社ａｎｄｔ,東京都渋谷区神宮前４丁目２２－１８ＬＥＡＦ表参道１Ｆ,2022-08-29,株式会社
株式会社ｆｌｏｗ,東京都渋谷区代々木４丁目２５番１－５０３号,2022-08-29,株式会社
株式会社ｋ＆ｋ,京都府京都市南区唐橋平垣町１３番地,2022-08-29,株式会社
株式会社ｋｉｎｈａｇｅ,東京都中野区新井２丁目１５－６ｅｕｐｈｏｒｉａ中野３０２,2022-08-29,株式会社
株式会社ｓｏｎｏ,東京都港区南青山６丁目２番１３号ファイン青山５Ｆ,2022-08-29,株式会社
株式会社ｔａｇａ,東京都品川区南大井３丁目３５番１０号大森Ｇスクエア３階Ｂ号室,2022-08-29,株式会社
株式会社ｔｈｅ　ｒｏｏｔｓ,兵庫県姫路市北今宿２丁目４番５２号北今宿ビル３階,2022-08-29,株式会社
株式会社ｔｏｐｏ,福岡県那珂川市大字山田４６８番地１,2022-08-29,株式会社
樹都市デザイン株式会社,東京都武蔵野市吉祥寺東町１丁目２番３号,2022-08-29,株式会社
清薫寺,熊本県合志市須屋２６９５番地７６,2022-08-29,その他の設立登記法人
特定非営利活動法人キミノミライ,岐阜県多治見市大針町６番４７,2022-08-29,その他の設立登記法人
特定非営利活動法人一路,山梨県甲府市武田２丁目１２番８号,2022-08-29,その他の設立登記法人
特定非営利活動法人宮崎の海の歴史と文化を紡ぐ会,宮崎県延岡市赤水町５２６－ロ,2022-08-29,その他の設立登記法人
特定非営利活動法人ＡＹＵＤＡＭＥ　Ａ　ＡＹＵＤＡＲ,愛知県半田市岩滑中町４丁目１８５番地の４,2022-08-29,その他の設立登記法人
特定非営利活動法人ＭｕｌｔｉＰｒｉｄｅ,東京都昭島市緑町４丁目４番３３号グリーンヒルズ２０１号,2022-08-29,その他の設立登記法人
瑞和商事株式会社,大阪府大阪市東成区東小橋２丁目２番１６号金沢ビル１階西側,2022-08-29,株式会社
瑞達株式会社,大阪府大阪市住之江区安立２丁目１０番１４号三坂ビル３０４号室,2022-08-29,株式会社
社会保険労務士法人小倉事務所,静岡県焼津市焼津４丁目１３番１７号,2022-08-29,その他の設立登記法人
福祉住宅株式会社,大阪府大阪市北区梅田２丁目６番２０号パシフィックマークス西梅田４Ｆ,2022-08-29,株式会社
耀陽商事株式会社,東京都港区南青山４丁目１７番１３号１０５室,2022-08-29,株式会社
苅田計装有限会社,千葉県市原市五井西２丁目１８番地８,2022-08-29,有限会社
頂川株式会社,大阪府大阪市東成区深江北３丁目４番２１号エクラ深江橋６０７Ａ,2022-08-29,株式会社
鴻昇株式会社,埼玉県戸田市喜沢１丁目１５番地の１８,2022-08-29,株式会社
Ａ．Ｍ．Ｍ．合同会社,埼玉県川口市並木３丁目２７番２号,2022-08-29,合同会社
ＡＡＬＡＡＰ合同会社,千葉県市川市行徳駅前１丁目２０番１８－１０３号（メゾン行徳駅前）,2022-08-29,合同会社
ＡＡＭＫＡ合同会社,東京都世田谷区野沢２丁目３４番２号サンワイズ野沢１Ｆ－Ａ,2022-08-29,合同会社
ＡＬＴＡＩ合同会社,東京都豊島区南池袋１丁目９番１８号－２０８号室,2022-08-29,合同会社
ＡＳ合同会社,兵庫県西宮市二見町１３番１４号,2022-08-29,合同会社
Ａｎｄ　ｍｏｒｅ株式会社,東京都中央区銀座１丁目２２番１１号銀座大竹ビジデンス２階,2022-08-29,株式会社
Ｂ＆Ｒ物流テクノロジー株式会社,東京都台東区台東１丁目２２番４号アストロン台東ビル,2022-08-29,株式会社
ＢＨＯＣ合同会社,東京都世田谷区祖師谷１丁目２８－９ソルナクレイシア１０１,2022-08-29,合同会社
ＣｏｌｏｒｆｕｌＪａｐａｎ合同会社,東京都練馬区富士見台４丁目３３－３ブリランテＢ１０２,2022-08-29,合同会社
Ｃｏｎｏｋｏ合同会社,静岡県静岡市葵区大岩町１１番１４号,2022-08-29,合同会社
ＤＮ　Ｊａｐａｎ合同会社,福岡県福岡市東区馬出５丁目２番２－３０２号パインヒルズ馬出,2022-08-29,合同会社
Ｄｒ．Ｂｅｎｒｉ株式会社,東京都港区白金１丁目２５番２０－３０２号,2022-08-29,株式会社
ＧＥＯＰＯＲＴ株式会社,福岡県福岡市南区柏原６丁目６２番６－１２０１号,2022-08-29,株式会社
Ｇｌｏｂａｌ　Ｐｏｗｅｒ　Ｓｙｎｅｒｇｙ　Ｐｕｂｌｉｃ　Ｃｏｍｐａｎｙ　Ｌｉｍｉｔｅｄ,,2022-08-29,外国会社等
ＨＡＴＴＯ合同会社,千葉県富里市七栄５３２番地１９４さくらハイツＢ－１０２,2022-08-29,合同会社
Ｉｎｆｉｎｉｔｅ株式会社,大阪府大阪市天王寺区味原町７－７－４０２号室,2022-08-29,株式会社
ＩｎｓｉｄｅＯｕｔＷｏｒｋｓ合同会社,宮崎県東諸県郡綾町大字北俣吉井原２２６７－１,2022-08-29,合同会社
ＪＭＣホールディングス株式会社,大阪府大阪市北区大深町４番２０号グランフロント大阪タワーＡ２９Ｆ,2022-08-29,株式会社
ＬＩＦＥ　ＣＲＯＳＳＩＮＧ株式会社,宮城県仙台市泉区加茂４丁目１１番地の４,2022-08-29,株式会社
ＭＩＫＡＴＡ株式会社,岡山県津山市河辺１８５８番地８,2022-08-29,株式会社
ＭＫ　Ｊａｐａｎ株式会社,東京都江戸川区南篠崎町１丁目１１番１３号,2022-08-29,株式会社
ＭＭアセットマネジメント株式会社,東京都港区西新橋１丁目１８番６号クロスオフィス内幸町１１Ｆ,2022-08-29,株式会社
Ｍａｒｆｏｒｄ　Ｉｎｔｅｒｎａｔｉｏｎａｌ　Ｐｔｙ　Ｌｔｄ,北海道虻田郡倶知安町字山田８３番地５８,2022-08-29,外国会社等
Ｍａｚｄａ　Ｉｍａｓｅｎ　Ｅｌｅｃｔｒｉｃ　Ｄｒｉｖｅ株式会社,広島県東広島市八本松飯田２丁目１４番１号,2022-08-29,株式会社
ＭｅｔａＧａｔｅ合同会社,京都府京都市下京区朱雀宝蔵町４４番地協栄ビル２階京都朱雀スタジオ,2022-08-29,合同会社
ＮＥＷ　ＷＨＩＴＥ株式会社,東京都渋谷区代々木５丁目２９番８号,2022-08-29,株式会社
ＮＬ合同会社,福岡県福岡市博多区堅粕４丁目２１－１７,2022-08-29,合同会社
ＮＰＯ法人倉敷猫まもりの会,岡山県倉敷市玉島乙島８２５６番地３７株式会社マキシマ電業１階,2022-08-29,その他の設立登記法人
ＮＳＩＴインストラクション合同会社,東京都港区南青山２丁目２番１５号,2022-08-29,合同会社
Ｎｉｎｇｂｏｓｈｉ　ＹｉｎＺｈｏｕ　Ｄｏｎｇｆａｎｇ　ｘｉｕｘｉａｎｙｏｎｇｐｉｎ　Ｃｏ．，Ｌｔｄ．,,2022-08-29,外国会社等
ＰＭＰ株式会社,東京都新宿区西新宿３丁目３番１３号西新宿水間ビル６階,2022-08-29,株式会社
ＰＲＯＣＣＡ　Ｃｏｎｓｕｌｔ　Ｊａｐａｎ株式会社,東京都新宿区高田馬場１丁目３２－１０,2022-08-29,株式会社
Ｐａｒｉｔｙ株式会社,兵庫県西宮市上甲東園１丁目８番１８号,2022-08-29,株式会社
Ｐｌａｙｄｏｔｓ，ＬＬＣ,,2022-08-29,外国会社等
Ｐｏｐｐｙ株式会社,東京都新宿区西新宿１丁目４番１１号全研プラザＳＰＡＣＥＳ新宿,2022-08-29,株式会社
Ｒ３フードコンサルティング合同会社,京都府京都市北区紫竹上長目町１番地１メゾン紫竹１０２,2022-08-29,合同会社
Ｓ　ＧＲＯＵＰ合同会社,福岡県福岡市博多区吉塚１丁目１６番７号,2022-08-29,合同会社
ＳＴＹＥＦ株式会社,三重県鈴鹿市稲生西２丁目１１番１１号,2022-08-29,株式会社
Ｔｏｋｙｏ　Ａｕｔｏ　Ｉｎｓｐｅｃｔｉｏｎ株式会社,東京都小平市学園西町２丁目１７－１１,2022-08-29,株式会社
Ｕｎｉｖｅｒｓａｌ　ＭＵＳＥ株式会社,愛知県名古屋市千種区鹿子町６丁目６番地の１,2022-08-29,株式会社
Ｖｏｔｉｏｎ　Ｌｉｍｉｔｅｄ合同会社,東京都港区西新橋３丁目２４番８号山内ビル３階,2022-08-29,合同会社
ＷＩＮ．Ｄ合同会社,宮崎県東諸県郡国富町大字本庄４７１８番地７,2022-08-29,合同会社
Ｗｉｓｔｅｒｉａコンサルタント合同会社,福岡県福岡市早良区田村４丁目１１番６１号,2022-08-29,合同会社
ＺｈｏｎｇｓｈａｎＳｈｉＨｏｎｇＹｅＺｈｕａｎｇＸｉｕＧｏｎｇＣｈｅｎｇＹｏｕＸｉａｎＧｏｎｇＳｉ,,2022-08-29,外国会社等
ｉｔａｋ合同会社,京都府京都市左京区一乗寺里ノ西町５７番地,2022-08-29,合同会社
ｌａｎｉｂｏｏｋｓ合同会社,東京都渋谷区神宮前６丁目２３番４号桑野ビル２階,2022-08-29,合同会社
ｔｓｕｍｅｍａｒｕ　ｄｅｓｉｇｎ合同会社,東京都世田谷区松原５丁目１３番２号メイプルテラス１０２,2022-08-29,合同会社
あらそわ連実行委員会,徳島県徳島市寺島本町西１丁目６１番地,2022-08-30,その他
うわて工業株式会社,北海道札幌市東区北二十二条東２３丁目４番１１号,2022-08-30,株式会社
おこめジャパン・エンターテイメント合同会社,東京都渋谷区恵比寿１丁目８番１８号,2022-08-30,合同会社
さくら株式会社,福岡県福岡市西区上山門２丁目３９番８号,2022-08-30,株式会社
のこのこ農園合同会社,兵庫県加古川市上荘町都染３０３番地の１,2022-08-30,合同会社
らくだシステム株式会社,東京都江東区永代２丁目２３－１０,2022-08-30,株式会社
アサイト株式会社,埼玉県草加市瀬崎１丁目１２番３号ブルーメ谷塚２７２０３号室,2022-08-30,株式会社
アシストクラウド合同会社,神奈川県横浜市中区花咲町１丁目１８番地,2022-08-30,合同会社
アルヴァリンク社会保険労務士法人,愛知県名古屋市中区丸の内３丁目６番２７号ＥＢＳビル５階Ａ１２,2022-08-30,その他の設立登記法人
アーステックホールディングス株式会社,茨城県つくば市梶内５７７番地の４,2022-08-30,株式会社
インフォテックプラス株式会社,東京都中央区銀座１丁目１２番４号Ｎ＆ＥＢＬＤ．６Ｆ,2022-08-30,株式会社
ウェルスリー株式会社,北海道札幌市西区発寒三条１丁目２－２５,2022-08-30,株式会社
カンパニュラ株式会社,愛知県名古屋市昭和区出口町１丁目１番地の１,2022-08-30,株式会社
クマガイデンキ株式会社,東京都武蔵野市境２丁目２４番２１号,2022-08-30,株式会社
クロシオ・コンテンツ合同会社,東京都港区南青山４丁目１７番１４号メイポールフラット２０１,2022-08-30,合同会社
グランアルコン株式会社,静岡県富士市大淵２４５１番地の３,2022-08-30,株式会社
コスモ開発株式会社,大阪府枚方市藤阪元町３丁目５番２６号,2022-08-30,株式会社
サルステック株式会社,石川県河北郡内灘町字鶴ケ丘２丁目３１１番地,2022-08-30,株式会社
サンテ合同会社,東京都台東区駒形１丁目１番１１－７０１号,2022-08-30,合同会社
ジャパンエナジー株式会社,東京都小平市学園東町３丁目７－３４－２０３,2022-08-30,株式会社
ソルシエール株式会社,福岡県福岡市城南区七隈４丁目８番２０号,2022-08-30,株式会社
テンキ株式会社,福岡県久留米市北野町乙吉１４９番地４,2022-08-30,株式会社
ナナセ合同会社,東京都新宿区四谷坂町１２番１６号オープンレジデンシア四谷坂町７０２,2022-08-30,合同会社
ナレッジコーポレーション合同会社,兵庫県神戸市中央区八幡通３丁目１番９－１００６号,2022-08-30,合同会社
ハロージャパン株式会社,大阪府大阪市浪速区恵美須西２丁目１４番３－５０２,2022-08-30,株式会社
パクシル株式会社,岐阜県岐阜市長良１番地１,2022-08-30,株式会社
パルボーク合同会社,東京都港区南青山２丁目２番１５号,2022-08-30,合同会社
ビズケア合同会社,神奈川県横浜市都筑区中川中央１丁目３０番１号,2022-08-30,合同会社
フジオーディオ株式会社,山梨県山梨市万力１４９８番地２,2022-08-30,株式会社
ホークマネジメント合同会社,東京都港区東新橋１丁目９番２号汐留住友ビル１６階ＣＬＳＡキャピタルパートナーズジャパン株式会社内,2022-08-30,合同会社
ボウス・ウィナー企画株式会社,埼玉県飯能市柳町３番１３号セカンドウェストビル７０１,2022-08-30,株式会社
ライズシステム合同会社,茨城県つくば市吾妻３丁目１番地１ダイアパレスつくば学園都市６０４号,2022-08-30,合同会社
ライフアドベンチャー株式会社,神奈川県相模原市南区相模台２丁目２番２号ガーデンビルⅡ３階フェルゴ,2022-08-30,株式会社
リュミエール合同会社,東京都品川区荏原４丁目５番１７号,2022-08-30,合同会社
ワンビットクラーク合同会社,東京都足立区梅田８丁目１４番２,2022-08-30,合同会社
一樹株式会社,神奈川県横浜市中区山下町５８番地エクステ山下公園２３０１号室,2022-08-30,株式会社
一般社団法人ちょっとそこまで,神奈川県川崎市高津区溝口５丁目３番２８号,2022-08-30,その他の設立登記法人
一般社団法人アイランドシップ４号,東京都中央区八丁堀４丁目２番１０号ＡＯＪ税理士法人内,2022-08-30,その他の設立登記法人
一般社団法人アセットファイナンス名古屋,東京都中央区京橋２丁目７番１９号,2022-08-30,その他の設立登記法人
一般社団法人ウーマンズヴォイス協会,兵庫県神戸市中央区播磨町４９番地,2022-08-30,その他の設立登記法人
一般社団法人グリーンエネルギー,東京都港区虎ノ門３丁目２２番１０－２０１号,2022-08-30,その他の設立登記法人
一般社団法人サハナエンジェル,大阪府大阪市淀川区西中島４丁目５番２６－２０１号,2022-08-30,その他の設立登記法人
一般社団法人チアフル,東京都新宿区早稲田鶴巻町５５３番地牛山第２ビル２０１,2022-08-30,その他の設立登記法人
一般社団法人ロボットフレンドリー施設推進機構,東京都港区芝公園３丁目５番８号機械振興会館５０７号室,2022-08-30,その他の設立登記法人
一般社団法人児童発達支援研究機構,東京都新宿区高田馬場１丁目４番２１号サンパークマンション高田馬場１１１号,2022-08-30,その他の設立登記法人
一般社団法人士業の独立支援,東京都大田区東矢口３丁目３番１－９０２号,2022-08-30,その他の設立登記法人
一般社団法人多世代交流スペースミモザ,熊本県熊本市中央区壺川１丁目１番４号,2022-08-30,その他の設立登記法人
一般社団法人日本オンラインエステティック協会,大阪府大阪市福島区福島１丁目４－４０ＪＢＳＬ梅田ビル８０１,2022-08-30,その他の設立登記法人
一般社団法人日本コーチング協会,大阪府大阪市北区梅田２丁目２番２号ヒルトンプラザウエストオフィスタワー１８階,2022-08-30,その他の設立登記法人
一般社団法人日本地域振興機構,福岡県久留米市北野町大城３２番地,2022-08-30,その他の設立登記法人
一般社団法人日本骨盤協会,東京都港区南青山２丁目２番１５号,2022-08-30,その他の設立登記法人
一般社団法人時修学館,山口県宇部市芝中町７番２５号芝中ビル２Ｆ,2022-08-30,その他の設立登記法人
一般社団法人相続・空き家相談センターみやぎ,宮城県仙台市青葉区中央２丁目２番１０号,2022-08-30,その他の設立登記法人
一般社団法人秋田雨雀・土方与志記念青年劇場,東京都新宿区新宿２丁目９番２０号,2022-08-30,その他の設立登記法人
一般社団法人青森県終活支援隊,青森県青森市桜川９丁目１４番３号,2022-08-30,その他の設立登記法人
一般社団法人ＯＲＣＡ．Ｐｒｏｃｅｄｕｒｅ,鳥取県米子市上福原２３５番地９,2022-08-30,その他の設立登記法人
七七株式会社,大阪府泉佐野市日根野７２番３６,2022-08-30,株式会社
三吉商事株式会社,東京都墨田区向島４丁目３番８号グレイス向島２０２Ａ号室,2022-08-30,株式会社
亜央偉協同組合,愛知県あま市中萱津道場８５番地１,2022-08-30,その他の設立登記法人
仁木商事株式会社,兵庫県神戸市兵庫区湊町４丁目２番２２号,2022-08-30,株式会社
伊勢志摩ワイナリー株式会社,三重県伊勢市大世古２丁目５番１１号,2022-08-30,株式会社
北海道グリーンファーマ株式会社,北海道札幌市中央区大通東１丁目２番地,2022-08-30,株式会社
北陽興産株式会社,長野県東御市加沢９５７―１０,2022-08-30,株式会社
北鯤株式会社,東京都世田谷区深沢５丁目１３番１０号,2022-08-30,株式会社
医療法人社団高田馬場皮膚科・形成外科,東京都新宿区高田馬場１丁目２５番３２号１０８ビル５階,2022-08-30,その他の設立登記法人
千祥株式会社,東京都台東区上野３丁目３番６号,2022-08-30,株式会社
博文大和株式会社,大阪府大阪市平野区瓜破西３丁目５番２１号,2022-08-30,株式会社
合同会社しばこし,京都府木津川市加茂町里中森２番地１０,2022-08-30,合同会社
合同会社しんぷる,栃木県宇都宮市関堀町９７５番地３１,2022-08-30,合同会社
合同会社すずがみ,大阪府大阪市北区梅田１丁目１－３,2022-08-30,合同会社
合同会社ねこの手,東京都台東区浅草５丁目７２－２ブリシア浅草３０３,2022-08-30,合同会社
合同会社はぐれ研究院,埼玉県川口市戸塚２丁目４番８号むさしのヴィレッジ２（１０１号室）,2022-08-30,合同会社
合同会社りんどう,埼玉県所沢市金山町１２番１１号,2022-08-30,合同会社
合同会社アキ商店,埼玉県所沢市大字山口５０６６、６３－２－４０４,2022-08-30,合同会社
合同会社エクスプロラドルテクニコ,群馬県太田市熊野町３８番２２号,2022-08-30,合同会社
合同会社エトワールチョコ,東京都多摩市鶴牧１丁目１７番地アルテヴィータＢ－１１０１,2022-08-30,合同会社
合同会社カリドナル,兵庫県姫路市香寺町中仁野１１２番地,2022-08-30,合同会社
合同会社ガナジストン,栃木県栃木市薗部町２丁目１３番６号レオネクストハイツやまいち１０６,2022-08-30,合同会社
合同会社グランモンタニア,北海道札幌市中央区北七条西１６丁目１番地５４パールコート桑園中央弐番館４０７号,2022-08-30,合同会社
合同会社グリーンエネルギー,東京都港区虎ノ門３丁目２２番１０－２０１号,2022-08-30,合同会社
合同会社コスモスネット,東京都港区六本木７丁目１７番２２号,2022-08-30,合同会社
合同会社コタ,広島県三次市十日市東４丁目３－８,2022-08-30,合同会社
合同会社ジモトファブ,北海道夕張郡栗山町朝日３丁目２９番地１,2022-08-30,合同会社
合同会社スマートクリエイト,岐阜県岐阜市本郷町４丁目４２番地２,2022-08-30,合同会社
合同会社ヌマタ,神奈川県鎌倉市雪ノ下１丁目６番６号,2022-08-30,合同会社
合同会社ヒカリエ,静岡県静岡市駿河区小黒２丁目２番３号,2022-08-30,合同会社
合同会社ビッグ・Ａ,大阪府大阪市天王寺区大道３丁目５番１５号,2022-08-30,合同会社
合同会社プラスロイン,大阪府三島郡島本町広瀬１丁目４番３５－３号,2022-08-30,合同会社
合同会社プロスパ,宮城県宮城郡松島町磯崎字磯崎３３番地,2022-08-30,合同会社
合同会社ペンタトラ,栃木県小山市大字犬塚９９８番地６０２,2022-08-30,合同会社
合同会社ホソイ・コーポレーション,大阪府豊中市上野西１丁目１－２５,2022-08-30,合同会社
合同会社ホープ,長野県長野市真島町真島１７０５,2022-08-30,合同会社
合同会社ヤマケン,山口県山陽小野田市大字小野田６０９０番地１,2022-08-30,合同会社
合同会社ヨッシーヲ,千葉県千葉市中央区末広４丁目１９番２号ペイサージュパレス３０２号,2022-08-30,合同会社
合同会社ライフデリバー,香川県高松市三谷町７１１－１２,2022-08-30,合同会社
合同会社ラビッツＤｏｇｓ,東京都世田谷区北烏山６丁目１１－３－２１０１,2022-08-30,合同会社
合同会社ラポール,福岡県京都郡みやこ町豊津１３４５－３２番地,2022-08-30,合同会社
合同会社ルーバル,東京都港区西麻布４丁目８番２２－１０３号,2022-08-30,合同会社
合同会社レーブ,北海道札幌市北区新琴似六条１４丁目３番７号,2022-08-30,合同会社
合同会社大垣ハウス,岐阜県大垣市島町２８１番地７,2022-08-30,合同会社
合同会社弘文コーポレーション,北海道千歳市清流４丁目６番７号,2022-08-30,合同会社
合同会社日高畜産,鹿児島県鹿児島郡十島村大字口之島１９６番地,2022-08-30,合同会社
合同会社未来想像,三重県津市長岡町３０２１－３,2022-08-30,合同会社
合同会社東雲住宅,愛媛県松山市西一万町５番地２,2022-08-30,合同会社
合同会社楽,沖縄県うるま市与那城桃原５３１番１号,2022-08-30,合同会社
合同会社江藤商会,福岡県福岡市西区大字千里４４７番地１１,2022-08-30,合同会社
合同会社浅井,大阪府東大阪市若草町６番１４号,2022-08-30,合同会社
合同会社葵組,東京都中央区日本橋浜町１丁目１０番９－８０１号,2022-08-30,合同会社
合同会社訪問介護事業所花夢,北海道小樽市桜２丁目３８番３号,2022-08-30,合同会社
合同会社銀米衛ダイニング,神奈川県横浜市金沢区平潟町２５番１９号,2022-08-30,合同会社
合同会社響き,沖縄県那覇市銘苅２丁目４番５１号ジェイ・ツービル２０３号室,2022-08-30,合同会社
合同会社４ｙｏｕ,神奈川県横浜市戸塚区戸塚町２２３０－３ヒルズ南戸塚３号棟３０１号室,2022-08-30,合同会社
合同会社ＡＢＡＳ,東京都新宿区内藤町１番地５５プライムアーバン新宿内藤町３０２,2022-08-30,合同会社
合同会社Ａｉｄｅｒ,北海道札幌市東区北七条東３丁目１５番地３０,2022-08-30,合同会社
合同会社Ａｒｔ　Ｈｏｍｅ,北海道小樽市松ケ枝１丁目２３番７号,2022-08-30,合同会社
合同会社Ｂｏｄｙ　Ｌａｂｏｒａｔｏｒｙ,北海道札幌市東区北八条東９丁目１－５スウィング８９・２階,2022-08-30,合同会社
合同会社ＣＧＭ,大阪府大阪市北区梅田１丁目１－３大阪駅前第３ビル２９階１－１－１号室,2022-08-30,合同会社
合同会社ＣｏａｃｈｉｎｇＨｏｕｓｅＴｓｕｍｉｋｉ,東京都港区南青山２丁目２番１５号,2022-08-30,合同会社
合同会社ＥＩＳＨＩＮ,香川県丸亀市川西町北１９５５番地４,2022-08-30,合同会社
合同会社ＥＮＤＬＥＳＳ,神奈川県南足柄市和田河原７８８－７,2022-08-30,合同会社
合同会社ＦｏｕｒＳｏｕｎｄ,東京都新宿区西新宿７丁目１番７号新宿ダイカンプラザＡ１０１８,2022-08-30,合同会社
合同会社ＧＡＢＡＮＡ,東京都新宿区西新宿３丁目３番１３号西新宿水間ビル６階,2022-08-30,合同会社
合同会社ＧＹＳテクニカ,群馬県太田市熊野町２９番７号,2022-08-30,合同会社
合同会社ＨＩ,福岡県福岡市中央区舞鶴３丁目７番１５号,2022-08-30,合同会社
合同会社ＨＭＫＴ,東京都多摩市鶴牧１丁目１７番地アルテヴィータＢ－１１０１,2022-08-30,合同会社
合同会社ＨＲ,神奈川県横浜市鶴見区汐入町１丁目２３番地３,2022-08-30,合同会社
合同会社Ｉｎｉｔｉｏ,神奈川県横浜市旭区さちが丘２５番地７１,2022-08-30,合同会社
合同会社Ｉｎｖｅｓｔｏｒ,東京都調布市下石原１丁目７番地９,2022-08-30,合同会社
合同会社ＪＴＡＲＣ,兵庫県西宮市大谷町７番１９－２０７号,2022-08-30,合同会社
合同会社ＫＮサンク福岡,福岡県福岡市早良区昭代１丁目２１番２号,2022-08-30,合同会社
合同会社ＫＵ企画,神奈川県横浜市保土ケ谷区霞台１番２－３０９号,2022-08-30,合同会社
合同会社Ｋｅｎ,千葉県香取市みずほ台２丁目１－１４９鳳翔ビル３Ｆ,2022-08-30,合同会社
合同会社Ｌ　Ｐｌｕｓ,千葉県松戸市稔台８丁目６番地の１４エスコート松戸新田１０３,2022-08-30,合同会社
合同会社ＬＡＮＩｐｌａｃｅ,東京都世田谷区等々力３丁目３３番２５号２階,2022-08-30,合同会社
合同会社ＬＥＸＵＳ,東京都大田区蒲田５丁目１９番１号,2022-08-30,合同会社
合同会社ＬｏＬ,神奈川県横浜市保土ケ谷区仏向西４７番１－５０６号,2022-08-30,合同会社
合同会社Ｌｕｘｕｒｙ　ｌｉｆｅ,神奈川県横浜市鶴見区尻手３丁目３番４３－６２７号,2022-08-30,合同会社
合同会社Ｍ・ＨＥＲＯ,東京都練馬区土支田２丁目９番４号,2022-08-30,合同会社
合同会社ＭＩＲＡＩ,神奈川県横浜市神奈川区子安通１丁目２０１－５、１Ｆ,2022-08-30,合同会社
合同会社ＭａｓａＥｎｇｌｉｓｈ,東京都府中市分梅町５丁目２３番地の４５,2022-08-30,合同会社
合同会社ＯＨサービスＦｕｋｕｏｋａ,福岡県福岡市中央区赤坂１丁目７－５ロマネスク赤坂第２・２０５号室,2022-08-30,合同会社
合同会社ＰＳＯｎｅ　Ｃｏｒｄｅ,鳥取県鳥取市古海４７３番地１,2022-08-30,合同会社
合同会社ＲＥＤＳ,栃木県小山市大字横倉新田５番地１０ユニゾン横倉Ｂ１０３,2022-08-30,合同会社
合同会社Ｒｅｍａｋｅ　ｆｏｒ０,長野県上伊那郡飯島町飯島１６９７,2022-08-30,合同会社
合同会社ＳＥＣ,兵庫県神戸市兵庫区水木通６丁目４番１３－３０１号,2022-08-30,合同会社
合同会社ＳＨＩＭＡＢＲＯＳ,千葉県柏市高田７５１番地３０,2022-08-30,合同会社
合同会社ＳＩＭ　ＴＥＣＨ,東京都大田区山王２丁目１８番１３号,2022-08-30,合同会社
合同会社ＳｙＣ,徳島県徳島市川内町大松８９１番地の４島谷ハイツ,2022-08-30,合同会社
合同会社ＴＭ　ｌｉｎｅ,和歌山県岩出市岡田８１２番地の１,2022-08-30,合同会社
合同会社ＵｐＡｇｅｎｔ,埼玉県秩父郡長瀞町大字矢那瀬１７８番地６,2022-08-30,合同会社
合同会社ＷＯＲＬＤＳＵＲＰＲＩＳＥＦＩＴＮＥＳＳ,神奈川県横浜市西区高島２丁目１１番２号スカイメナー横浜５１９,2022-08-30,合同会社
合同会社ＹＲＣ,愛知県名古屋市中区千代田２丁目２４番１６号,2022-08-30,合同会社
合同会社ｂａｌｃｏｎ,東京都港区南青山２丁目２番１５号ＷＩＮ青山５３１,2022-08-30,合同会社
合同会社ｃ．ｆ．ｓｔａｃｋ,福島県郡山市富田町字上ノ内５番地２,2022-08-30,合同会社
合同会社ｃｏｎｓｉｓｔ,福岡県福岡市博多区住吉２丁目１９番２５－４０１号,2022-08-30,合同会社
君洋株式会社,兵庫県尼崎市西難波四丁目６番２６号ＺＥＲＯビル４Ａ号室,2022-08-30,株式会社
壱集館株式会社,埼玉県久喜市南１丁目４番１２号月曜館５０２号室,2022-08-30,株式会社
复興商貿合同会社,大阪府門真市大橋町１３番８号,2022-08-30,合同会社
大洗カオス合同会社,茨城県東茨城郡大洗町磯浜町２８９９－４,2022-08-30,合同会社
大門蒸溜所株式会社,大阪府交野市森南３丁目１２番２号,2022-08-30,株式会社
太陽商事合同会社,東京都足立区辰沼２丁目１７番２１号,2022-08-30,合同会社
宏杰實業有限公司,東京都中野区本町５丁目５－１,2022-08-30,外国会社等
宮田蒲団有限会社,兵庫県姫路市飾磨区妻鹿１１２３番地,2022-08-30,有限会社
山嵐株式会社,大阪府大阪市城東区中浜１丁目１７－１４センチュリー中浜１Ｅ,2022-08-30,株式会社
徳昭株式会社,東京都大田区西糀谷１丁目９－１３－１０４,2022-08-30,株式会社
惠澤山　龍城院,宮城県仙台市青葉区八幡４丁目８－３２,2022-08-30,その他
成研工業株式会社,東京都葛飾区金町３丁目３０番２号,2022-08-30,株式会社
日本Ｓｉｎｓｋｉ株式会社,千葉県市川市南八幡１丁目２１番１９号,2022-08-30,株式会社
星海合同会社,沖縄県島尻郡八重瀬町字東風平１１６０番地２６,2022-08-30,合同会社
暖エステート合同会社,神奈川県横浜市中区本牧三之谷８番４号,2022-08-30,合同会社
村内エネルギーサービス合同会社,東京都八王子市左入町７８７番地,2022-08-30,合同会社
東和夏日合同会社,東京都荒川区南千住３丁目２７－２浅草ビル５０８号室,2022-08-30,合同会社
株式会社あぐりあーの,三重県伊賀市希望ヶ丘東２丁目４番２０号,2022-08-30,株式会社
株式会社こころざし,長野県長野市大字鶴賀４２０番地２・２－北,2022-08-30,株式会社
株式会社さざなみ建設工業,大分県大分市里１丁目１番１９号,2022-08-30,株式会社
株式会社しまぞろえ,兵庫県淡路市育波４５９番地１,2022-08-30,株式会社
株式会社そうそう,東京都荒川区東日暮里３丁目２８番地１号,2022-08-30,株式会社
株式会社どんぐりちゃん,北海道札幌市西区発寒十二条５丁目４番１８号,2022-08-30,株式会社
株式会社ねこまる,福井県吉田郡永平寺町松岡葵３丁目３７番地,2022-08-30,株式会社
株式会社ふれあいプラザひまわり,三重県伊賀市上野中町２９７６番地,2022-08-30,株式会社
株式会社みなとや,長野県長野市篠ノ井布施高田１０５５番地６西棟西棟,2022-08-30,株式会社
株式会社ゆそえる,大阪府大阪市西区南堀江４丁目１５番１６号,2022-08-30,株式会社
株式会社アイドシス,東京都大田区山王２丁目５番１３号大森北口ビル５Ｆ,2022-08-30,株式会社
株式会社アグリ松川,長野県北安曇郡松川村３３６３番地３６,2022-08-30,株式会社
株式会社アベリア,埼玉県さいたま市大宮区大門町２丁目２０番地２ＴＭＯ北棟ＴＭＯｆｆｉｃｅ大宮,2022-08-30,株式会社
株式会社アンエンド,東京都文京区目白台１丁目１０番３号,2022-08-30,株式会社
株式会社アーククロス,鹿児島県鹿児島市上之園町１６番地５,2022-08-30,株式会社
株式会社イントレース・ジャパン,愛知県名古屋市昭和区東畑一丁目４２,2022-08-30,株式会社
株式会社ウリシステム,東京都新宿区北新宿１丁目１番１６－４０４号ＪＳＢＬＤ,2022-08-30,株式会社
株式会社ウリナラ,東京都新宿区歌舞伎町２丁目１７番１０号新宿小沼ビル７０５,2022-08-30,株式会社
株式会社エンラージ,大阪府豊中市緑丘４丁目２３番４の１号,2022-08-30,株式会社
株式会社エーエスワン,岐阜県岐阜市西河渡２丁目３番地１,2022-08-30,株式会社
株式会社オフィスたかはる,東京都江戸川区中葛西８丁目１７番１号,2022-08-30,株式会社
株式会社オープンアップ,東京都港区港南２丁目３番１号,2022-08-30,株式会社
株式会社カイゼン,北海道札幌市東区北八条東４丁目１番２０号ＥＺＯＨＵＢ　ＳＡＰＰＯＲＯ,2022-08-30,株式会社
株式会社カエツホールディングス,新潟県胎内市東牧７２６番地２８,2022-08-30,株式会社
株式会社カレクト・ツリーコーポレーション,東京都港区南青山２丁目２番１５号,2022-08-30,株式会社
株式会社キューアスＨＤ,東京都中央区八丁堀３丁目１９番２号,2022-08-30,株式会社
株式会社キートス東京,東京都町田市忠生２丁目１２番地２５,2022-08-30,株式会社
株式会社クロスオーバー,島根県出雲市上塩冶町２５６７番地１０,2022-08-30,株式会社
株式会社グッドミルズ,大阪府豊中市本町６丁目６番２６号,2022-08-30,株式会社
株式会社グリテート,東京都葛飾区新宿１丁目２３番３号,2022-08-30,株式会社
株式会社ケーエーエム,静岡県沼津市大手町２丁目５番１５号プレミスト沼津大手町１１０３号室,2022-08-30,株式会社
株式会社コンパス山梨,山梨県甲府市丸の内２丁目２－１ＣＲＯＳＳ５００－１Ｆ,2022-08-30,株式会社
株式会社コーダ,東京都渋谷区道玄坂１丁目１０番８号渋谷道玄坂東急ビル２Ｆ－Ｃ,2022-08-30,株式会社
株式会社サケフレンズ,愛知県名古屋市東区東桜２丁目３番７号東カン名古屋キャステール８４８,2022-08-30,株式会社
株式会社ショウエイシステム,宮城県仙台市若林区大和町５丁目３２番９－５１８号,2022-08-30,株式会社
株式会社シンサリシー,大阪府大阪市西区南堀江１丁目２４－１２,2022-08-30,株式会社
株式会社スパイス＆ＳＰＩＣＥ,福岡県春日市春日原東町３丁目１４番地３０１号,2022-08-30,株式会社
株式会社タマキ,宮城県仙台市青葉区桜ケ丘４丁目３１番１５号,2022-08-30,株式会社
株式会社ディーロク,東京都中野区上鷺宮５丁目７番３号仁平ビル３階,2022-08-30,株式会社
株式会社トゥクリエイト,愛知県豊明市栄町南舘３番地１５４４,2022-08-30,株式会社
株式会社ニセコリゾート香港不動産管理,北海道虻田郡倶知安町南三条西２丁目８番地３５,2022-08-30,株式会社
株式会社ニューフィールド,北海道札幌市中央区南一条西２３丁目１番８号チサンマンション札幌第８－５０１号室,2022-08-30,株式会社
株式会社ネクスト,神奈川県横浜市南区新川町１丁目１番２号エステムコート横濱大通り公園４０３号室,2022-08-30,株式会社
株式会社ノースワン,北海道札幌市中央区南三条西８丁目２番１号,2022-08-30,株式会社
株式会社ハヤシーズ,東京都調布市仙川町１丁目４番地３８,2022-08-30,株式会社
株式会社バチャ・スタ,東京都千代田区神田小川町１丁目６番１号,2022-08-30,株式会社
株式会社バランス,大阪府吹田市泉町１丁目１４番１８号３階,2022-08-30,株式会社
株式会社パスクシステム,大阪府堺市中区平井３０８番地１,2022-08-30,株式会社
株式会社ファーレン,東京都中野区鷺宮４丁目３１番２号,2022-08-30,株式会社
株式会社フューチャーオリエンテッド,神奈川県小田原市南鴨宮３丁目１２番１０号,2022-08-30,株式会社
株式会社フレックスプランニング,香川県綾歌郡宇多津町３３４３番地４,2022-08-30,株式会社
株式会社ブラザー,秋田県秋田市南通亀の町６番８号シティガーデン南通Ⅱ１００２号,2022-08-30,株式会社
株式会社プラウド８,神奈川県横須賀市汐入町２丁目６番地波多ビル３階,2022-08-30,株式会社
株式会社マスタード,大阪府大阪市西区北堀江２丁目７番７号１００３,2022-08-30,株式会社
株式会社ミライズタクティメント,神奈川県綾瀬市深谷南４丁目３番７－１号,2022-08-30,株式会社
株式会社メタクロシス,東京都中野区新井２丁目２０番１号,2022-08-30,株式会社
株式会社ヤシマ測器三次,広島県三次市三次町１７５１番地２,2022-08-30,株式会社
株式会社ライト,千葉県佐倉市山王１丁目２１番地１４,2022-08-30,株式会社
株式会社ライドワークス,兵庫県神戸市東灘区本山中町２丁目１番３２号,2022-08-30,株式会社
株式会社ラウエア,兵庫県尼崎市久々知１丁目７番４号,2022-08-30,株式会社
株式会社ラッドヨークフェロー,東京都江東区豊洲３丁目６番５－３９０３号,2022-08-30,株式会社
株式会社ランズライフサポート,東京都千代田区平河町１丁目６番１５号ＵＳビル８Ｆ,2022-08-30,株式会社
株式会社リトルステップ,愛知県名古屋市北区大曽根３丁目１０番７号リニアビル１Ｂ,2022-08-30,株式会社
株式会社リンクデザイン,東京都新宿区市谷加賀町２丁目５－４－２０７,2022-08-30,株式会社
株式会社リング,大阪府大阪市浪速区敷津東１丁目７番１３－３０３号,2022-08-30,株式会社
株式会社リーチアス,大阪府大阪市淀川区西中島１丁目１４－６メディオカーサ８０２,2022-08-30,株式会社
株式会社ルイントップ,愛知県名古屋市中区富士見町１５番１号杉江レジデンス５Ｂ号室,2022-08-30,株式会社
株式会社ワンエリア,広島県福山市神辺町大字八尋８３４番地５,2022-08-30,株式会社
株式会社一月二日,石川県野々市市稲荷１丁目７８番地,2022-08-30,株式会社
株式会社三プラントホールディングカンパニー,福島県いわき市小名浜字吹松２番１０,2022-08-30,株式会社
株式会社三成,福岡県福岡市早良区大字石釜字唐ノ原３２番６２,2022-08-30,株式会社
株式会社与平,東京都葛飾区奥戸８丁目１８番５号,2022-08-30,株式会社
株式会社中心建設,青森県五所川原市大字飯詰字福泉１６８番地２,2022-08-30,株式会社
株式会社中野電設,兵庫県神戸市垂水区狩口台７丁目１８番１号,2022-08-30,株式会社
株式会社令和情報ファイナンス,三重県伊賀市朝屋８７４番地の１,2022-08-30,株式会社
株式会社伊貸農園,北海道有珠郡壮瞥町字南久保内１４２番地１,2022-08-30,株式会社
株式会社來輪,長崎県諫早市川内町４０１番地,2022-08-30,株式会社
株式会社信州白樺クラフト製作所,長野県北佐久郡立科町大字芦田八ケ野１０２６番地,2022-08-30,株式会社
株式会社八建設工業,大阪府大阪市西成区花園北２丁目１２－２７,2022-08-30,株式会社
株式会社勝栄メタル,栃木県下都賀郡壬生町あけぼの町６番１４号,2022-08-30,株式会社
株式会社千石モータース,鹿児島県鹿児島市下福元町６７１９番地１２,2022-08-30,株式会社
株式会社坂井工業,福岡県北九州市八幡西区金剛１丁目７番６０号,2022-08-30,株式会社
株式会社富澤設計,東京都江戸川区篠崎町４丁目２４番１８号,2022-08-30,株式会社
株式会社小野商店,香川県善通寺市吉原町２０８８番地５,2022-08-30,株式会社
株式会社就職情報サービス,富山県富山市梅沢町３丁目８番２３号,2022-08-30,株式会社
株式会社山本管設,静岡県富士宮市中島町５２９番地の２４,2022-08-30,株式会社
株式会社念良,東京都板橋区宮本町５５番２号桜庭ビル２階,2022-08-30,株式会社
株式会社恒業,千葉県市原市ちはら台東１丁目９－１８Ｐ,2022-08-30,株式会社
株式会社明生環境,岡山県勝田郡勝央町黒坂４４５番地,2022-08-30,株式会社
株式会社星電業,神奈川県横浜市旭区南本宿町１５３番地４－１０２号室,2022-08-30,株式会社
株式会社東建,大阪府和泉市太町５２７番地の３,2022-08-30,株式会社
株式会社栄研フードサービス,青森県弘前市大字藤野１丁目４番地１,2022-08-30,株式会社
株式会社殿内,沖縄県糸満市字福地４４９番地,2022-08-30,株式会社
株式会社水道設備一式,大阪府大阪市住之江区西住之江２丁目５番８号,2022-08-30,株式会社
株式会社永盛,大阪府大阪市住吉区長居東４丁目１５－２１－５０２,2022-08-30,株式会社
株式会社永野資源,愛知県東海市高横須賀町町新田３１番地の５,2022-08-30,株式会社
株式会社清島エステート,東京都台東区浅草橋５丁目２７番６号１階,2022-08-30,株式会社
株式会社独研工業,静岡県浜松市南区下飯田町３１５番地,2022-08-30,株式会社
株式会社琉球Ｎｉｎｅ,沖縄県那覇市壺屋１丁目２６－２０－２０６ライオンズマンション壺屋第３,2022-08-30,株式会社
株式会社竹山畜産,鹿児島県指宿市新西方３０７２番地１,2022-08-30,株式会社
株式会社総合解体一,栃木県那須塩原市鍋掛１０８７番地７７８,2022-08-30,株式会社
株式会社羽辰國際,福岡県福岡市博多区博多駅前４丁目１３番２７号,2022-08-30,株式会社
株式会社華芸遊心,東京都新宿区高田馬場１丁目２８－１０バンフォーレ三慶ビル４階,2022-08-30,株式会社
株式会社薬王寺ＢＡＳＥ,福岡県福岡市東区舞松原５丁目１６番９号,2022-08-30,株式会社
株式会社藤和建商,北海道札幌市清田区平岡八条２丁目２－１３,2022-08-30,株式会社
株式会社賢造,埼玉県朝霞市幸町２丁目１４番３２号,2022-08-30,株式会社
株式会社赤坂プロジェクト,大阪府大阪市中央区谷町３丁目４番５号,2022-08-30,株式会社
株式会社軽舟,東京都府中市八幡町３丁目１９番地の２０ＳＵＮＳＡＴＩＡ１０３号室,2022-08-30,株式会社
株式会社逢春建設,東京都羽村市小作台３丁目９番地４,2022-08-30,株式会社
株式会社食哲,宮崎県宮崎市大島町笹原２００３番地１,2022-08-30,株式会社
株式会社駿工工務店,千葉県八千代市大学町２丁目２番１３号,2022-08-30,株式会社
株式会社高橋興業,神奈川県横浜市都筑区川和町２５７３番地１ドルフ城所Ⅱ２０２,2022-08-30,株式会社
株式会社高瀬,沖縄県名護市字宇茂佐１６０８番地－３０１,2022-08-30,株式会社
株式会社鷺島みかんじま,広島県三原市糸崎８丁目２番８号,2022-08-30,株式会社
株式会社Ａサインプロモーション,神奈川県横浜市鶴見区佃野町２９番３８号ＶＩＰ三晃ビル３Ｆ,2022-08-30,株式会社
株式会社ＡＰＯＣ,東京都新宿区高田馬場１丁目３２番１０号,2022-08-30,株式会社
株式会社ＡＲＡＴＡ,東京都葛飾区堀切５丁目３７－６,2022-08-30,株式会社
株式会社ＡＳＨ　ＧＡＲＤＥＮ,東京都調布市多摩川５丁目５番地４,2022-08-30,株式会社
株式会社Ａｃｔ　ａｒｉｓｅ,島根県出雲市馬木北町７８番地,2022-08-30,株式会社
株式会社Ａｎａｌｙｓｉｓ,埼玉県加須市柳生２０８４番地２,2022-08-30,株式会社
株式会社Ａｐｅｒｉ,東京都中央区日本橋１丁目２番１０号,2022-08-30,株式会社
株式会社Ｂ’ｌｉｇｈｔ,大阪府和泉市三林町９８２,2022-08-30,株式会社
株式会社ＢＡＬＬＯＮ,東京都千代田区外神田３丁目６番４号第一勧業信用組合秋葉原ビル,2022-08-30,株式会社
株式会社ＢＣＪ‐６６,東京都千代田区丸の内１丁目１番１号パレスビル５階,2022-08-30,株式会社
株式会社ＢｌａｎｃＰｕｒ,東京都多摩市関戸３丁目１０番地の６関戸センタービル５０１,2022-08-30,株式会社
株式会社ＣＲＥＶＩＡ,千葉県習志野市津田沼１丁目１０番４１号十番街ビル４０１,2022-08-30,株式会社
株式会社Ｃａｓａｂｌａｎｃａ,東京都港区赤坂９丁目６番１２号イワキビル３階,2022-08-30,株式会社
株式会社Ｄｅｌｍｏｔｔｅ,神奈川県横浜市港北区大倉山４丁目２６－１６大倉山ロンシャン１０２,2022-08-30,株式会社
株式会社ＤｏｕｂｌｅＺ,東京都中野区南台５丁目５番７号ＧＳハイム中野南台３０６,2022-08-30,株式会社
株式会社Ｅ・Ｆ・Ｊ,大阪府堺市堺区新在家町東２丁１番２－１０１号,2022-08-30,株式会社
株式会社ＥＢＡ,福岡県福岡市城南区片江２丁目１３番１１－１０２号フォブール花田,2022-08-30,株式会社
株式会社ＥＦＦ,神奈川県川崎市麻生区上麻生６丁目３２番１０号－Ｂ１０１,2022-08-30,株式会社
株式会社ＥＱ　ＬＡＢＯ,宮城県仙台市青葉区北目町６番６－２０２号,2022-08-30,株式会社
株式会社Ｆ‐Ｆｉｅｌｄ　Ｓｔｏｒｅ,東京都西東京市向台町６丁目１番１０号,2022-08-30,株式会社
株式会社ＧＡＰＳ千葉,千葉県匝瑳市八日市場ハ９１３番地２,2022-08-30,株式会社
株式会社ＧＩＦＴ,埼玉県熊谷市西野２７８番地４,2022-08-30,株式会社
株式会社Ｇａｉａ‐Ｘ,福岡県福岡市中央区大名２丁目６番１１号,2022-08-30,株式会社
株式会社Ｇｅｎｅｓｙ,東京都江戸川区南小岩１丁目７番１号,2022-08-30,株式会社
株式会社Ｇｉｖｅ　Ｒｉｓｅ,和歌山県東牟婁郡太地町大字太地４１２３番地,2022-08-30,株式会社
株式会社Ｇｌａｎｚ,福岡県福岡市西区石丸３丁目２０番１３－２０１号グランフェリオ,2022-08-30,株式会社
株式会社Ｇｔｅｃｈ,岐阜県大垣市外渕２丁目６５番地１９,2022-08-30,株式会社
株式会社Ｈ．ｃ．Ａ,東京都板橋区高島平１丁目５５番７号１Ｆ,2022-08-30,株式会社
株式会社ＨＡＣＨＩ　ＤＥＮ,東京都八王子市中野上町１丁目６番２２号ｒｅｅｍ中野上町１０１号,2022-08-30,株式会社
株式会社ＨＩＤＡＭＡＲＩ　ＨＯＵＳＥ,東京都八王子市七国４丁目１４番１９号,2022-08-30,株式会社
株式会社ＨＲＫ,千葉県千葉市中央区栄町３６番１０号甲南アセット千葉中央ビル８Ｆ,2022-08-30,株式会社
株式会社ＩＢＴＡＳＡＭ　ＩＮＴＥＲＮＡＴＩＯＮＡＬ　ＴＲＡＤＩＮＧ,栃木県小山市城東７丁目２１番２３号サクラハイツ５号,2022-08-30,株式会社
株式会社ＩＤＥＡＭＵ,東京都世田谷区池尻２丁目７番６－２０８号,2022-08-30,株式会社
株式会社ＩＧＭ　ＧＡＲＡＧＥ,北海道江別市新栄台２７番地の５,2022-08-30,株式会社
株式会社ＩＮＯＲＩ,長野県埴科郡坂城町大字南条４４３７番地３,2022-08-30,株式会社
株式会社ＪＩＯプランニング,東京都武蔵野市吉祥寺本町１丁目３２番３号ロイヤルプラザ３０３号室,2022-08-30,株式会社
株式会社ＫＯＩＴＡＲＯ,三重県桑名市大字下深谷部４８４７番地７４,2022-08-30,株式会社
株式会社ＫＯＭＩ,埼玉県草加市金明町７１８番地２,2022-08-30,株式会社
株式会社ＫＳＦＲ３,東京都千代田区内幸町２丁目１番６号,2022-08-30,株式会社
株式会社Ｋｅｅｐ,福岡県福岡市中央区天神５丁目６番１４号リビング天神３階,2022-08-30,株式会社
株式会社ＬＩＴ,大阪府大阪市中央区常盤町２丁目２－１７,2022-08-30,株式会社
株式会社ＬＶホールディングス,東京都品川区上大崎２丁目１４番９号,2022-08-30,株式会社
株式会社Ｌａｕｌｅ’ａ出版,北海道札幌市中央区南一条西１６丁目１番地３２３春野ビル３Ｆ,2022-08-30,株式会社
株式会社Ｌｕｃｋ　ｅｓｔａｔｅ,東京都調布市西つつじケ丘４丁目２８番地２１,2022-08-30,株式会社
株式会社ＭＡＹＡ,沖縄県那覇市辻１丁目４番地２０号,2022-08-30,株式会社
株式会社ＭＥＴＥＯＲ,東京都葛飾区堀切２丁目５５番１０号,2022-08-30,株式会社
株式会社ＭＥＹＡ,東京都新宿区新宿１丁目２４番７－８１１号,2022-08-30,株式会社
株式会社ＭＦＲＡ,東京都港区赤坂３丁目２１番２０号,2022-08-30,株式会社
株式会社ＭＩＬＩ,栃木県宇都宮市日の出１丁目６番１２号,2022-08-30,株式会社
株式会社ＭＹ　ＣＡＲ,埼玉県加須市川口５丁目５番地４,2022-08-30,株式会社
株式会社Ｍｕｇｉ,東京都中野区新井４丁目３１番５号,2022-08-30,株式会社
株式会社ＮＡＧＩＳＡ,三重県伊勢市御薗町長屋１０８１番地４,2022-08-30,株式会社
株式会社ＮＤＬ,北海道札幌市東区栄町６７８番地,2022-08-30,株式会社
株式会社ＮＯＲＵＦＥ,山梨県甲斐市万才７６８番地２,2022-08-30,株式会社
株式会社Ｎｏ．Ａ,神奈川県横浜市中区千代崎町１丁目２５番地６３,2022-08-30,株式会社
株式会社ＯＤＭ,宮城県岩沼市中央４丁目９番２３号,2022-08-30,株式会社
株式会社ＯＫＥＮ,福岡県行橋市泉中央３丁目３番１号,2022-08-30,株式会社
株式会社ＯＮＥ,東京都大田区北嶺町３２番８号,2022-08-30,株式会社
株式会社ＰＲＥＳＴ,神奈川県川崎市麻生区高石４丁目１６番２１－７０９号,2022-08-30,株式会社
株式会社ＰＲＯＭＥＴＨＥＵＳ,神奈川県横浜市中区長者町３丁目８番１３号ＴＫ関内プラザ７０７号室,2022-08-30,株式会社
株式会社Ｐｅｒｆｏｒｍａｎｃｅ　Ｅｑｕｉｎｅ　Ｓｅｒｖｉｃｅｓ,滋賀県大津市一里山４丁目２８番２０号,2022-08-30,株式会社
株式会社Ｐｉｎｅ　ｔｒｅｅ,長野県松本市大字島内３６９８番地,2022-08-30,株式会社
株式会社ＱＮＴ,静岡県浜松市中区西丘町７４７－１,2022-08-30,株式会社
株式会社ＲＥ,石川県金沢市片町２丁目２１番２７号,2022-08-30,株式会社
株式会社Ｒｅｆｌｅｃｔｉｏｎｓ,岡山県岡山市北区下石井２丁目７番４号,2022-08-30,株式会社
株式会社ＳＣＯＴ,東京都港区南青山５丁目１５番９号,2022-08-30,株式会社
株式会社ＳＳプロテクト,愛媛県四国中央市寒川町２５６１番地１ライフビルＮｏ．２－３０２号,2022-08-30,株式会社
株式会社ＳＴＡＧＥ　Ｊａｐａｎ,千葉県千葉市中央区栄町３６番１０号甲南アセット千葉中央ビル８Ｆ,2022-08-30,株式会社
株式会社Ｓａｋｉｙａｍａ,東京都江東区亀戸２丁目２２番１５号第２１東ビル,2022-08-30,株式会社
株式会社Ｓｏｌｅｉｌ,大阪府枚方市田口１丁目３９番３号共栄ハイツ１１号室,2022-08-30,株式会社
株式会社Ｔ　ｅｔｅｒｎａｌ,岡山県岡山市南区藤田４２２番地２７,2022-08-30,株式会社
株式会社ＴＥＮＤＥＲ　ＰＥＲＳＯＮ,神奈川県相模原市中央区相生３丁目１０番２２号,2022-08-30,株式会社
株式会社ＴＫコーポレーション,千葉県船橋市本町２丁目１番３４号船橋スカイビル２Ｆ,2022-08-30,株式会社
株式会社ＴＲＯＩＫＡ,東京都荒川区東日暮里４丁目１３番１５マンチェスターⅡ１Ｆ,2022-08-30,株式会社
株式会社ＴＳＵＮＡＧＵ,大阪府堺市北区百舌鳥本町１丁９番２アベニール・モズ２０４,2022-08-30,株式会社
株式会社ＴＵホールディングス,東京都江東区亀戸６丁目５７番１７号,2022-08-30,株式会社
株式会社Ｔｈｒｕｓｔ　ＵＰ,滋賀県愛知郡愛荘町安孫子２６４番地,2022-08-30,株式会社
株式会社ＵＮＩ．,東京都新宿区神楽坂３丁目２番８号５階,2022-08-30,株式会社
株式会社ＵＳＫ,千葉県船橋市本町２丁目１番３４号船橋スカイビル２Ｆ,2022-08-30,株式会社
株式会社ＶＩＧＡ,東京都港区南青山３丁目１５番９号,2022-08-30,株式会社
株式会社ＷＡＴＡＲＵ,神奈川県横須賀市大矢部２丁目１２番７号,2022-08-30,株式会社
株式会社Ｘ　ＷＯＲＫ　ＳＴＵＤＩＯ,神奈川県横浜市港北区新吉田東７丁目４番２号,2022-08-30,株式会社
株式会社ａｌｔｈｅａ,愛知県名古屋市中区錦２丁目７番７号プラウドタワー名古屋錦２５０３,2022-08-30,株式会社
株式会社ａｎｄ　ｗｏｒｋｓ,福岡県福岡市中央区天神４丁目６－２８天神ファーストビル７階,2022-08-30,株式会社
株式会社ａｖａｎｃｅ,神奈川県川崎市高津区溝口１丁目１２番２０号,2022-08-30,株式会社
株式会社ｃｈａｌｌｅｎｇｅｒ,福岡県福岡市中央区春吉３丁目１６－１９ピュア天神１階,2022-08-30,株式会社
株式会社ｄｅｐ,神奈川県横浜市神奈川区旭ケ丘１８番６号,2022-08-30,株式会社
株式会社ｅ’ＢＴ,富山県富山市八尾町杉田４９５番地,2022-08-30,株式会社
株式会社ｅｍｅ．,長野県松本市中央２丁目２番１３号２階,2022-08-30,株式会社
株式会社ｅｔｅｒｎｉｔｙ,大阪府柏原市平野２丁目１３番４１号,2022-08-30,株式会社
株式会社ｍａｕｖｅｒｉｒｅ,静岡県焼津市八楠４丁目８番地の３,2022-08-30,株式会社
株式会社ｔｏｏｂ,神奈川県横浜市港北区箕輪町２丁目６－３－５０１,2022-08-30,株式会社
株式会社ｕｌｕ,大阪府大阪市生野区勝山北５丁目１４番地１９,2022-08-30,株式会社
株式会社ｙ．ｔｅｃ,群馬県前橋市後家町１２７番地４,2022-08-30,株式会社
漢和ＣＪ合同会社,埼玉県川口市芝樋ノ爪１丁目１番４７号,2022-08-30,合同会社
特定非営利活動法人きずな,富山県富山市太田字住吉割２１３番１,2022-08-30,その他の設立登記法人
特定非営利活動法人くじら,愛媛県八幡浜市五反田１番耕地１０６番地３Ｆ,2022-08-30,その他の設立登記法人
特定非営利活動法人ステラＦリーグ,東京都中央区銀座１丁目１４番１３－６０６号,2022-08-30,その他の設立登記法人
特定非営利活動法人香川歴史的建造物保存活用会議,香川県丸亀市中府町４丁目２番２７号,2022-08-30,その他の設立登記法人
特定非営利活動法人Ｇｅｎｋｉみなかみ,群馬県利根郡みなかみ町猿ヶ京温泉８７６番地,2022-08-30,その他の設立登記法人
特定非営利活動法人Ｒ＆Ｄ　Ｃｅｎｔｅｒ　ｆｏｒ　Ｅｄｕｃａｔｉｏｎ　Ｓｅｒｖｉｃｅｓ　ａｓ　Ｓｏｃｉａｌ　Ｃｏｍｍｏｎ　Ｃａｐｉｔａｌ,東京都港区白金台４丁目９番９号白金台グリーン・リーブス８０１,2022-08-30,その他の設立登記法人
相馬土地合同会社,東京都港区高輪１丁目３番１３号ＮＢＦ高輪ビル７階,2022-08-30,合同会社
真弓ホールディングス株式会社,大阪府豊中市新千里東町２丁目４番Ｄ７－１００１号,2022-08-30,株式会社
社会福祉法人松寿会,広島県福山市神辺町大字川南１４３１－６,2022-08-30,その他の設立登記法人
福田建設工業株式会社,大阪府大阪市西淀川区大野３丁目１番４号,2022-08-30,株式会社
納谷工業株式会社,神奈川県横浜市磯子区杉田３丁目１０番１２号クレール杉田３０４号,2022-08-30,株式会社
維度株式会社,沖縄県浦添市仲西１丁目３番地２５、５階５０２の２,2022-08-30,株式会社
興和産業株式会社,埼玉県三郷市中央４丁目１９番地１７,2022-08-30,株式会社
茨木２ロジスティック特定目的会社,東京都港区東新橋１丁目５番２号汐留シティセンター,2022-08-30,その他の設立登記法人
茨木３ロジスティック特定目的会社,東京都港区東新橋１丁目５番２号汐留シティセンター,2022-08-30,その他の設立登記法人
葉月香合同会社,大阪府柏原市国分本町７丁目３番１号,2022-08-30,合同会社
豊瑞工業株式会社,和歌山県和歌山市府中８７０－２・２Ｆ０１,2022-08-30,株式会社
農事組合法人草原再生オペレーター組合,熊本県阿蘇市一の宮町宮地５８１６,2022-08-30,その他の設立登記法人
鑫鴻中華物産商貿株式会社,三重県津市本町２９番２４号ドゥナーレ津新町Ⅰ－１０５号室,2022-08-30,株式会社
麻布十番一般社団法人,東京都千代田区神田小川町３丁目２６番８号神田小川町三丁目ビル６階,2022-08-30,その他の設立登記法人
ＡＢＩＬＩＴＹ株式会社,愛知県名古屋市中区錦３丁目６番１５号,2022-08-30,株式会社
ＡＬＪ　Ｈｅａｌｔｈｃａｒｅ２合同会社,東京都中央区日本橋１丁目４番１号,2022-08-30,合同会社
ＡＭＣＣ合同会社,兵庫県宝塚市清荒神１丁目６番３号,2022-08-30,合同会社
ＡＲＥ株式会社,東京都葛飾区堀切１丁目１１番７号,2022-08-30,株式会社
ＣＫ　ＭＯＴＯＲＳ合同会社,千葉県山武市木原１４２０－５６オフィス４,2022-08-30,合同会社
ＣＯＬＩＢＲＩ株式会社,東京都港区港南４丁目７番５９－１００１号,2022-08-30,株式会社
ＤＯＸ合同会社,東京都港区芝２丁目１６－５－７０１,2022-08-30,合同会社
ＥＨＳＡＮ　ＴＲＡＤＩＮＧ合同会社,宮城県仙台市青葉区子平町１０番３１号フルセビル３Ｃ,2022-08-30,合同会社
Ｆ＆Ｓ合同会社,神奈川県小田原市中町２丁目６－３８－５プティメゾン中町１－Ｂ,2022-08-30,合同会社
Ｆａｍｉｌｙ協同組合,東京都台東区三筋２丁目９番６号,2022-08-30,その他の設立登記法人
Ｇ＆Ｊ株式会社,東京都新宿区高田馬場４丁目２２番３３号,2022-08-30,株式会社
ＧＡＡＭＡ　ＩＮＴＥＲＮＡＴＩＯＮＡＬ合同会社,東京都多摩市関戸２丁目３３番地の６ラサール聖蹟２号２０７,2022-08-30,合同会社
ＧＥＴＴＲ　ＪＰ合同会社,東京都中央区八丁堀４丁目４番４号３階,2022-08-30,合同会社
Ｈ．Ｗ．Ｃｏｍｍｕｎｉｃａｔｉｏｎ株式会社,北海道札幌市東区北二十四条東１３丁目１－６－１０２,2022-08-30,株式会社
ＨＩＲＡＹＡＭＡホールディングス株式会社,千葉県千葉市花見川区千種町２６３番２号,2022-08-30,株式会社
Ｊ＆Ａ合同会社,大阪府大阪市都島区毛馬町４丁目８番４－４０４号,2022-08-30,合同会社
Ｊ．Ｊ．Ｒ．Ｐａｒｔｎｅｒｓ株式会社,東京都新宿区山吹町７番地一誠レジデンス神楽坂６０１,2022-08-30,株式会社
ＪＣ企画合同会社,埼玉県蕨市塚越４丁目４番１４号,2022-08-30,合同会社
ＫＴＬ株式会社,東京都中央区日本橋堀留町２丁目３番３号,2022-08-30,株式会社
Ｋｅｎ　Ｋａｔａｂａｍｉ株式会社,奈良県奈良市登美ヶ丘３丁目２番８－１号,2022-08-30,株式会社
ＭｏｏｎＳａｉｌ株式会社,東京都台東区根岸３丁目１番１８－４０４号,2022-08-30,株式会社
ＭｔｏＳ,愛媛県松山市束本１丁目４番３６号,2022-08-30,その他
ＮＧＨＩＳＯＮＱＵＡＮ合同会社,東京都港区浜松町２丁目２－１５浜松町ダイヤビル２Ｆ,2022-08-30,合同会社
ＮＯＢＵアセットオペレーション株式会社,神奈川県横浜市南区永田南２丁目１２－４５,2022-08-30,株式会社
ＮＰＯ法人いいすぽ,福岡県飯塚市鯰田２４３９番地９５,2022-08-30,その他の設立登記法人
ＮＰＯ法人ほほえみ,福島県郡山市富久山町久保田字古町２番地の８エクレール郡山１－８０８号,2022-08-30,その他の設立登記法人
ＮＳＵ労働組合,神奈川県相模原市中央区宮下３丁目１２番１４号,2022-08-30,その他の設立登記法人
ＯＲＩＴ　ＭＯＴＯＲＳ株式会社,茨城県筑西市蓬田２９９番地１,2022-08-30,株式会社
ＯＷＡＹ株式会社,静岡県御殿場市板妻１７７番地,2022-08-30,株式会社
ＰＮＡ設立準備株式会社,東京都千代田区麹町３丁目２番地１,2022-08-30,株式会社
Ｑｕｅｔｚａｌ　Ａｕｄｉｏ株式会社,大阪府茨木市新中条町１０－７メゾンブラン３０７,2022-08-30,株式会社
ＳＫＹ　ＩＳＬＡＮＤ　ＧＲＯＵＰ合同会社,広島県福山市住吉町３－１２ピュアシティ住吉ＹＳＫビル１Ｆ,2022-08-30,合同会社
ＳＫＹパーソネルサービス株式会社,栃木県宇都宮市宮山田町２３５３番地１,2022-08-30,株式会社
ＳＵＬＡＶ合同会社,大阪府大阪市淀川区三津屋北１丁目３５番１６号２Ｆ,2022-08-30,合同会社
ＳＵＭ合同会社,東京都港区芝公園２丁目２番１－８０３号,2022-08-30,合同会社
Ｓｐｒｉｎｇ　Ｏｃｅａｎ合同会社,大阪府大阪市生野区桃谷２丁目１５番１０号,2022-08-30,合同会社
ＳｔａｎｄａｒｄＬＳ株式会社,東京都中央区日本橋小舟町９番３号,2022-08-30,株式会社
Ｔカンパニー合同会社,神奈川県川崎市宮前区馬絹２丁目１４－２６,2022-08-30,合同会社
Ｔ＆Ｔ明子株式会社,福島県福島市渡利字岩根町２２番地の２,2022-08-30,株式会社
ＴＯＫＡＩ　ＡＩＲＳＯＦＴ　ＰＡＲＫ合同会社,三重県亀山市小川町字松原１３５８－１,2022-08-30,合同会社
Ｔｈｏｒ合同会社,東京都千代田区丸の内２丁目２番３号丸の内仲通りビル６階,2022-08-30,合同会社
ＵＴＡ合同会社,北海道札幌市中央区南二条西１０丁目１０００－２４ＴＡＫＥＴＯビル,2022-08-30,合同会社
ＷＬＢ合同会社,大阪府寝屋川市香里本通町１１番１号,2022-08-30,合同会社
ＹＸＷ株式会社,神奈川県横浜市港北区新横浜２丁目１８番地４レアシス新横浜パークフロント,2022-08-30,株式会社
ａｄａｐｔ株式会社,神奈川県川崎市高津区下野毛２丁目７－１７リラフォート２０２号室,2022-08-30,株式会社
ｉＲＥＳ株式会社,千葉県松戸市上本郷３５５７－１マウンテンエミネンスＶ２０２,2022-08-30,株式会社
ｎｕｍｂｅｒ　ｅｉｇｈｔ株式会社,東京都江戸川区西小岩３丁目６番５号サキ西小岩３０２,2022-08-30,株式会社
いろは蔵パーク株式会社,山形県酒田市下安町４１番地の１,2022-08-31,株式会社
かみかつ事業協同組合,徳島県勝浦郡上勝町大字福原字下日浦９４番地４,2022-08-31,その他の設立登記法人
じゅげむ株式会社,広島県山県郡安芸太田町大字下殿河内１１７番地,2022-08-31,株式会社
たかみ産業株式会社,群馬県高崎市浜尻町６１２番地１,2022-08-31,株式会社
アイホープ株式会社,愛知県豊川市諏訪町四丁目９３番地コーポ竹屋第二１０１号室,2022-08-31,株式会社
アクティブリーシング１８号合同会社,東京都千代田区麹町４丁目７番２号,2022-08-31,合同会社
アトツギ合同会社,東京都千代田区九段南１丁目５番６号りそな九段ビル５階ＫＳフロア２９９５,2022-08-31,合同会社
アトリエＭＯＣＨＩＫＯ株式会社,神奈川県横浜市瀬谷区二ツ橋町１４０番地１８,2022-08-31,株式会社
アレスグーテ株式会社,滋賀県近江八幡市安土町常楽寺１２４番地１０,2022-08-31,株式会社
イージーパーツ株式会社,愛知県名古屋市中区金山１丁目１４番１６号,2022-08-31,株式会社
エスティーエヌ合同会社,東京都港区西新橋１丁目２番９号メンターキャピタル税理士法人内,2022-08-31,合同会社
エム・ライン株式会社,千葉県八千代市村上南３丁目３番地１－７０５号,2022-08-31,株式会社
エレメンツ合同会社,東京都港区三田１丁目１０番６－８０６号,2022-08-31,合同会社
グランツプラスホールディングス株式会社,神奈川県横浜市旭区白根２丁目２１番８号,2022-08-31,株式会社
ケーエー合同会社,愛知県蒲郡市三谷北通６丁目１６０番地,2022-08-31,合同会社
コネクトハート合同会社,山形県米沢市中田町１８５２コーポ玉虫Ａ２０８,2022-08-31,合同会社
サステナ・デアジャパン合同会社,東京都台東区西浅草３丁目２２番３－１９０７号浅草タワー,2022-08-31,合同会社
サーマルテクノ株式会社,東京都江戸川区北小岩４丁目１３番１０号,2022-08-31,株式会社
シンゲツ株式会社,東京都世田谷区三軒茶屋１丁目７番１５号,2022-08-31,株式会社
スマイルチャンス株式会社,愛知県名古屋市中区新栄１丁目３５番３号セントラルステージ新栄１階,2022-08-31,株式会社
ソフトテック株式会社,福岡県福岡市西区周船寺３丁目１７番３－４０９号,2022-08-31,株式会社
タイガーベル株式会社,東京都墨田区堤通２丁目１番２７号白髭交通ビル１階,2022-08-31,株式会社
トイ株式会社,和歌山県和歌山市西釘貫丁２丁目５３番地プレミール石川５０２,2022-08-31,株式会社
トワイライト合同会社,東京都東村山市美住町２丁目９番地５９,2022-08-31,合同会社
トーア工業株式会社,神奈川県横浜市青葉区しらとり台１番地６,2022-08-31,株式会社
ナカムラ工業株式会社,静岡県静岡市清水区入江岡町１２番５号,2022-08-31,株式会社
ナガワ信用保証株式会社,東京都台東区東上野１丁目１７－２第二江口ビル３Ｆ,2022-08-31,株式会社
ハイブリッジアーク合同会社,茨城県つくば市吾妻１丁目５番７号ダイワロイネットホテルつくばビル２階,2022-08-31,合同会社
ハッピーバード・トレード株式会社,東京都日野市東豊田４丁目１２番８号,2022-08-31,株式会社
ビオセルゴン合同会社,東京都葛飾区新小岩３丁目１６番８号,2022-08-31,合同会社
ビクトリアインターナショナル株式会社,埼玉県八潮市大字木曽根４０８－１,2022-08-31,株式会社
ピーピーエフエー・ジャパン・ナイン特定目的会社,東京都江東区亀戸６丁目５６番１５号,2022-08-31,その他の設立登記法人
フリグラム株式会社,愛知県東海市大田町東畑１４５番地Ｇライフ．オータ（３０２）,2022-08-31,株式会社
ブラックナイン株式会社,東京都品川区東大井３丁目１３番１１－４０２号,2022-08-31,株式会社
ポケットサイン株式会社,東京都千代田区神田須田町１丁目３番地９,2022-08-31,株式会社
マツシタデンキ合同会社,大分県大分市曙台２丁目７番７号,2022-08-31,合同会社
マニワ商事株式会社,新潟県新潟市東区海老ケ瀬８８１番地２,2022-08-31,株式会社
ムラサキ‐イタリア合同会社,埼玉県草加市青柳２丁目７番４０号,2022-08-31,合同会社
メタルーツ合同会社,長野県飯山市大字照岡７５１番地１,2022-08-31,合同会社
メープルパートナーズ合同会社,東京都中央区銀座１丁目２２番１１号銀座大竹ビジデンス２階,2022-08-31,合同会社
モリデン株式会社,愛媛県松山市今在家１丁目１１番４－３号,2022-08-31,株式会社
ライトウィル株式会社,愛媛県松山市元町４番２７号,2022-08-31,株式会社
リリーガーデン合同会社,東京都中央区銀座６丁目１３－１６,2022-08-31,合同会社
リンクスイノベーション株式会社,福島県西白河郡矢吹町田町４７１番地１３,2022-08-31,株式会社
一心合同会社,東京都世田谷区鎌田３丁目２４番４号,2022-08-31,合同会社
一般社団法人コミュニティ＆コミュニティホスピタル協会,東京都台東区三ノ輪２丁目７番５号,2022-08-31,その他の設立登記法人
一般社団法人シニアライフサポート協会大阪泉州,大阪府泉南市信達市場１８９７番地,2022-08-31,その他の設立登記法人
一般社団法人モリノネ,宮城県気仙沼市落合２５４－１,2022-08-31,その他の設立登記法人
一般社団法人ラーニングイノベーションコンソシアム,東京都中央区日本橋大伝馬町１３番地７,2022-08-31,その他の設立登記法人
一般社団法人ワンシード・ステージ,鹿児島県鹿屋市西原１丁目１６番２７号,2022-08-31,その他の設立登記法人
一般社団法人地域循環資源エネルギー開発機構,沖縄県国頭郡宜野座村字漢那２０７８番地の２８,2022-08-31,その他の設立登記法人
一般社団法人地方自治マネジメントプラットフォーム,宮城県仙台市若林区清水小路６－１,2022-08-31,その他の設立登記法人
一般社団法人外装リフォーム検査協会,福岡県北九州市小倉北区中井１丁目３１番５号,2022-08-31,その他の設立登記法人
一般社団法人大熊未来塾,福島県双葉郡大熊町大字熊川字久麻川８０番地,2022-08-31,その他の設立登記法人
一般社団法人日本バイヤー連盟,東京都千代田区丸の内１丁目１１－１パシフィックセンチュリープレイス１３階,2022-08-31,その他の設立登記法人
一般社団法人日本臨床胚培養士協会,神奈川県横浜市中区長者町４丁目１１番地７,2022-08-31,その他の設立登記法人
一般社団法人未来メディア協会,東京都港区虎ノ門１丁目１７番１号虎ノ門ヒルズビジネスタワー１５階,2022-08-31,その他の設立登記法人
一般社団法人誠徳会,茨城県古河市柳橋４２５番１,2022-08-31,その他の設立登記法人
一般社団法人６１１チャーチ,大阪府大阪市中央区内本町２丁目３番１１号４階,2022-08-31,その他の設立登記法人
一般社団法人ＥＡ　Ｊａｐａｎ,東京都渋谷区富ヶ谷１丁目１９－２ＬｕｎａＲｏｓｓａ渋谷４Ａ号,2022-08-31,その他の設立登記法人
一般社団法人ＥＴＨＩＣＡＬ　ＥＸＰＯ　ＪＡＰＡＮ,大阪府大阪市住之江区粉浜１丁目２番８号,2022-08-31,その他の設立登記法人
一般社団法人Ｌｉｆｅ,愛知県名古屋市緑区亀が洞３丁目１１７番地,2022-08-31,その他の設立登記法人
一般社団法人Ｍｉｒａｉ事業団,兵庫県神戸市中央区北長狭通５丁目５番１０号太洋物産ビル３階,2022-08-31,その他の設立登記法人
一般社団法人Ｓｐｏｒｔｓ　Ｃｏｍｍｕｎｉｃａｔｉｏｎ　Ａｓｓｏｃｉａｔｉｏｎ　Ｌｅｇｅｎｄ　Ｓｍｉｌｅ,東京都足立区綾瀬２丁目４０番１号シェブー・綾瀬６０３,2022-08-31,その他の設立登記法人
一般社団法人Ｓｕｎ　Ｖｉｌｌａｇｅ,大阪府大阪市平野区平野西５丁目１番１号,2022-08-31,その他の設立登記法人
一般財団法人日伸会ビハーラ医療福祉機構,京都府城陽市奈島下ノ畔３番地の３,2022-08-31,その他の設立登記法人
一般財団法人ＷＡＶＥ,東京都目黒区碑文谷１丁目２４番１４－８０１号パーク・ハイム目黒碑文谷,2022-08-31,その他の設立登記法人
中井技術士研究所株式会社,神奈川県小田原市本町２丁目４番２２－８０１号,2022-08-31,株式会社
京都国際医療サポート株式会社,大阪府大阪市西区江戸堀３丁目１番３１号７０１号室,2022-08-31,株式会社
伊桜誠達貿易合同会社,東京都足立区舎人２丁目１０番５号ＫＹビル４０２号,2022-08-31,合同会社
伸和建設株式会社,大阪府大阪市住吉区千躰２丁目５番７号,2022-08-31,株式会社
倫不動産株式会社,北海道札幌市白石区南郷通１５丁目南６番８－１０３号,2022-08-31,株式会社
八感創造株式会社,東京都目黒区自由が丘１丁目２２－３,2022-08-31,株式会社
六感株式会社,愛知県名古屋市中村区八社２丁目１１２番地ラ・ルーチェ１０３号室,2022-08-31,株式会社
前川創業株式会社,神奈川県横浜市港北区大倉山１丁目１８番６号,2022-08-31,株式会社
勝央株式会社,東京都世田谷区成城１丁目２６番９－２０１号,2022-08-31,株式会社
北海道勤労者財形住宅協同組合,北海道札幌市北区北七条西４丁目東カンビル８階,2022-08-31,その他の設立登記法人
医療法人社団ワイズ会,東京都豊島区上池袋４丁目４７番４号リレント上池袋ＰＴ２－１階１０４,2022-08-31,その他の設立登記法人
医療法人社団志心会,東京都世田谷区成城５丁目１３番２３号成城五丁目メディカルセンター１－Ａ,2022-08-31,その他の設立登記法人
医療法人社団英伸会,東京都品川区上大崎３丁目５番２号リードシー目黒イーストビル３階,2022-08-31,その他の設立登記法人
千歳商事株式会社,神奈川県愛甲郡愛川町中津１８０４番地の７,2022-08-31,株式会社
参参慢株式会社,大阪府大阪市城東区中浜１丁目１７－１４センチュリー中浜１Ｄ,2022-08-31,株式会社
合同会社えん,岡山県岡山市北区平野６２２番地８ＷＯＲＫＳＰＡＣＥⅡ２Ｊ号室,2022-08-31,合同会社
合同会社くましろライフサポート,長野県飯田市主税町１８番地,2022-08-31,合同会社
合同会社みのり,埼玉県戸田市本町５丁目２番２０－２０３号,2022-08-31,合同会社
合同会社ウィステリア,福岡県北九州市小倉北区中井１丁目１番２１号,2022-08-31,合同会社
合同会社ウタ,東京都大田区田園調布本町３１番６号,2022-08-31,合同会社
合同会社キツネアソビ,東京都豊島区南大塚２丁目１１番１０号ミモザビル３階,2022-08-31,合同会社
合同会社グランドライフ,北海道小樽市オタモイ３丁目２番７号,2022-08-31,合同会社
合同会社ケアライフ,東京都港区南青山２丁目２番１５号,2022-08-31,合同会社
合同会社ゲラゲラ,大阪府枚方市黄金野２丁目２７番１号,2022-08-31,合同会社
合同会社サトス,東京都杉並区堀ノ内２丁目２４番７号,2022-08-31,合同会社
合同会社サムウェアインプロダクション,東京都杉並区下高井戸４丁目４２－１５浜田山テラス１０１,2022-08-31,合同会社
合同会社スリーダム,千葉県市川市菅野４丁目１７番１２号ラ・メール岡野３０１,2022-08-31,合同会社
合同会社トラスト調査,東京都北区志茂１丁目３５番３号,2022-08-31,合同会社
合同会社ニッタカンパニー,千葉県浦安市富士見５丁目１９番１１－１０８号,2022-08-31,合同会社
合同会社ハピネス,埼玉県戸田市笹目１丁目２３番地の１０（ショコラＡ８号室）,2022-08-31,合同会社
合同会社パパしるべ,東京都品川区西中延３丁目１５番２号,2022-08-31,合同会社
合同会社パルフェ,神奈川県横浜市栄区桂台東７番地４－２０４,2022-08-31,合同会社
合同会社ピンヅモ,千葉県船橋市夏見４丁目２３番３０号矢野ビル２０３号,2022-08-31,合同会社
合同会社プラシア,東京都大田区大森西１丁目３番３号,2022-08-31,合同会社
合同会社ベストパートナーズ,大阪府大東市三箇２丁目１番１４号,2022-08-31,合同会社
合同会社マリンアート,福岡県北九州市小倉北区東篠崎１丁目１－３７－１００５,2022-08-31,合同会社
合同会社ミライヲツクル,愛媛県松山市萱町５丁目５５サーパス萱町２１０,2022-08-31,合同会社
合同会社ラックインジョブ,埼玉県戸田市新曽南３丁目８番１６－７０１号,2022-08-31,合同会社
合同会社ワールドトレーディング,神奈川県秦野市北矢名５２４番地の５シティ５、２０２号,2022-08-31,合同会社
合同会社和み,愛知県名古屋市東区泉１丁目２１番１１号（Ｅｎｃｈａｎｔｅ泉２０４号）,2022-08-31,合同会社
合同会社大由建設工業,茨城県下妻市下妻丁３４０番地２,2022-08-31,合同会社
合同会社山崎屋,東京都港区六本木３丁目１５番１１号ホーマットウエスト３３０,2022-08-31,合同会社
合同会社日本商店,東京都目黒区下目黒４丁目１１－１８マンション清水台１１０５号,2022-08-31,合同会社
合同会社昇華,東京都千代田区麹町４丁目７番２号,2022-08-31,合同会社
合同会社東陽,愛知県高浜市二池町３丁目２番地３１,2022-08-31,合同会社
合同会社森の三方よし,新潟県中魚沼郡津南町大字下船渡戊４９８－７,2022-08-31,合同会社
合同会社白道舎,大分県大分市大字政所２３５０番地の１３其田コーポ１０１,2022-08-31,合同会社
合同会社磯部会計事務所,神奈川県鎌倉市岩瀬７２６番地テラスアメニティーＥ１,2022-08-31,合同会社
合同会社空手道豊空会,愛知県豊橋市東新町５０番地,2022-08-31,合同会社
合同会社角田,東京都江戸川区東葛西４丁目２３番２号メゾンエイムＮＯ．１・１０１,2022-08-31,合同会社
合同会社進開,兵庫県西脇市郷瀬町４１７番地,2022-08-31,合同会社
合同会社阪本事務所,東京都世田谷区上用賀５丁目９番１９号,2022-08-31,合同会社
合同会社１ＵＰ,埼玉県和光市本町２番１８号ピュアパークヒルズ４０１号室,2022-08-31,合同会社
合同会社ＡＬＢＡ,福岡県大牟田市大字手鎌５５３番地３ホワイトビレッジ手鎌Ⅱ１０２号,2022-08-31,合同会社
合同会社ＡＬＧＯ,東京都葛飾区新宿１丁目１４－４,2022-08-31,合同会社
合同会社ＡＮＩＭ,東京都中央区銀座１丁目１２番４号Ｎ＆ＥＢＬＤ．７階,2022-08-31,合同会社
合同会社Ａｉｎ,沖縄県中頭郡西原町字幸地３４３番地１－２０３,2022-08-31,合同会社
合同会社ＦＬＡＳＨ　ＡＵＴＯ,栃木県足利市大前町５１４番地１コーポ２１－２０６,2022-08-31,合同会社
合同会社Ｆｏｒｅｖｅｒ　Ｂｒｉｄｇｅ,福岡県福岡市早良区曙２丁目１１番２９号,2022-08-31,合同会社
合同会社ＧＥＯ　ＰＯＷＥＲ　ＪＡＰＡＮ,東京都渋谷区渋谷１丁目１番６号エムエフ青山ビル６０４,2022-08-31,合同会社
合同会社Ｇｏｌｄ　Ｓｔａｒ,大阪府大阪市生野区小路東４丁目３番２８号ＳＯＨＯ小路４０１号室,2022-08-31,合同会社
合同会社Ｈ＆Ａ　ｓｏｌｕｔｉｏｎｓ,滋賀県大津市浜大津３丁目１０番１２号,2022-08-31,合同会社
合同会社Ｉｎｉｔｉａｌ,大阪府大阪市北区本庄西１丁目６番２６号中井ビル２階,2022-08-31,合同会社
合同会社ＫＥＹ．Ｐ,大阪府大阪市平野区瓜破１丁目１番１１－１４０８号,2022-08-31,合同会社
合同会社ＫＪＲ,愛知県一宮市定水寺字郷内５８番地２,2022-08-31,合同会社
合同会社Ｋｅｙ　Ｖａｌｌｅｙ,東京都渋谷区道玄坂１丁目１０番８号渋谷道玄坂東急ビル２Ｆ－Ｃ,2022-08-31,合同会社
合同会社ＬｉｎｇｕＡｒｔコンサルティング,東京都世田谷区池尻３丁目１１番３１号,2022-08-31,合同会社
合同会社Ｍ・Ｈ・Ｙ,東京都品川区東大井３丁目３番１２号,2022-08-31,合同会社
合同会社ＭＡＩＴＡＮＯ,福岡県福岡市南区大楠３丁目７番２４‐３０３号,2022-08-31,合同会社
合同会社ＭＯＫＥＬＬ,鳥取県東伯郡琴浦町大字竹内２７１番地,2022-08-31,合同会社
合同会社ＭＲ　ＮＧＯ,大阪府大阪市生野区新今里３丁目１６番１号,2022-08-31,合同会社
合同会社Ｍｉｒａｃｌｅ　Ｏｎｅ,東京都台東区上野６丁目１－６御徒町グリーンハイツ８０５,2022-08-31,合同会社
合同会社ＮＥＷ　ＤＡＷＮ,愛知県名古屋市中川区伏屋５丁目３０１番地,2022-08-31,合同会社
合同会社ＲＥＰＯＳ,茨城県つくば市古来６２８番地２ヴィラエスポワール古来４０２号室,2022-08-31,合同会社
合同会社Ｒａｃｃｏｏｎ,神奈川県横浜市中区桜木町１丁目１０１番１,2022-08-31,合同会社
合同会社Ｓ・Ｓｏｕｎｄ　Ｃｒｅａｔｉｏｎ,福岡県北九州市小倉北区三郎丸２丁目１０番７－２０３号,2022-08-31,合同会社
合同会社ＳＡＫＵＲＡ,東京都港区南青山２丁目２番１５号,2022-08-31,合同会社
合同会社ＳＢＳリアルティ,北海道札幌市西区山の手二条４丁目１番１１号,2022-08-31,合同会社
合同会社ＳＣＲＡＭＢＬＥ　ＦＩＬＭ,東京都世田谷区赤堤５丁目３２－４－２０２,2022-08-31,合同会社
合同会社ＳＨＩＮ,東京都荒川区荒川３丁目４番４号１Ｆ,2022-08-31,合同会社
合同会社ＳＴＧｓ,東京都昭島市昭和町１丁目３番３３号,2022-08-31,合同会社
合同会社Ｓｈｉｍｏｍｕｒａ　ＬＬＣ．,北海道旭川市神居三条１３丁目１番１１号,2022-08-31,合同会社
合同会社Ｓｉｌｋｙ　ｒｕｂ,東京都中央区湊２丁目１１番１－１１１９号,2022-08-31,合同会社
合同会社ＴＨＲ,東京都清瀬市中里５丁目１９番地２５,2022-08-31,合同会社
合同会社ＴＲＩＮＩＴＹ,東京都墨田区江東橋４丁目１８番７号７階,2022-08-31,合同会社
合同会社Ｕｎｉｔ　ＮＡ’ｓ,東京都新宿区高田馬場１丁目２８番地７号高田馬場ヒルサイドパレス６０５号室,2022-08-31,合同会社
合同会社ＹｉｎＹａｎｇ,千葉県浦安市明海６丁目１番１２－１００１号,2022-08-31,合同会社
合同会社ａｓｓｅｔ,愛知県名古屋市千種区宮根台２丁目１２番３号,2022-08-31,合同会社
合同会社ｆｒｏｎｔｉｅｒ,東京都豊島区南大塚２丁目１１－１０ミモザビル３階,2022-08-31,合同会社
合同会社ｎｅｕｆ,大阪府大阪市住吉区住吉１丁目４番６号,2022-08-31,合同会社
合同会社ｏｍｏ,埼玉県さいたま市岩槻区並木１丁目２２番３－１号,2022-08-31,合同会社
合同会社ｓｐｈｅｒｅ,宮崎県串間市大字本城７６０３,2022-08-31,合同会社
合資会社ＨＩＶＥ,兵庫県明石市魚住町清水１２０番地,2022-08-31,合資会社
城東興産株式会社,滋賀県甲賀市水口町城東４番１８号,2022-08-31,株式会社
大江貿易株式会社,大阪府大阪市中央区南久宝寺町３丁目４番１５号,2022-08-31,株式会社
大能バイオマス発電所合同会社,福岡県福岡市早良区百道浜２丁目４番２７号ＡＩビル６Ｆ,2022-08-31,合同会社
大輝株式会社,東京都世田谷区成城１丁目２６番９－１０５号,2022-08-31,株式会社
天成株式会社,沖縄県那覇市字国場９６３番地２玉アパート３０１室,2022-08-31,株式会社
奥尻島海産株式会社,北海道奥尻郡奥尻町字青苗６０番地２１,2022-08-31,株式会社
奥維納株式会社,東京都杉並区梅里２丁目２５番１３号高円寺プラザ２０３号,2022-08-31,株式会社
子博株式会社,大阪府大阪市浪速区大国２丁目６番１９－６０２号,2022-08-31,株式会社
山樹田商事株式会社,大阪府大阪市淀川区西宮原２丁目６番１６－１０２０号室,2022-08-31,株式会社
日の出５号合同会社,東京都港区海岸１丁目７番１号,2022-08-31,合同会社
日本不少株式会社,大阪府大阪市淀川区西中島７丁目１－３チサンマンション第８新大阪５０９号室,2022-08-31,株式会社
日本再生電子株式会社,大阪府大阪市東住吉区杭全２丁目７番１４号,2022-08-31,株式会社
日本茶生活合同会社,東京都中央区日本橋蛎殻町１丁目２６－４今井ビル５Ａ,2022-08-31,合同会社
日本藤川山本株式会社,東京都世田谷区世田谷１丁目４１番２号,2022-08-31,株式会社
晟桐株式会社,大阪府大阪市淀川区田川北２丁目５－３４・Ｅ棟３０１号室,2022-08-31,株式会社
有限会社トミタオート,栃木県足利市迫間町５１８番地１,2022-08-31,有限会社
東京消毒株式会社,東京都練馬区旭町３丁目２７－９,2022-08-31,株式会社
東京製薬株式会社,東京都中央区日本橋蛎殻町１丁目３番５号共同ビル２階２３号,2022-08-31,株式会社
株式会社いずみ,岡山県岡山市南区福成２丁目３番４０－５号,2022-08-31,株式会社
株式会社いわき管材,福島県いわき市平豊間字洞１９７番地,2022-08-31,株式会社
株式会社きゅら,東京都中央区築地２丁目１番１１号ガリシア銀座イースト７０８号室,2022-08-31,株式会社
株式会社さん,和歌山県日高郡日高町大字原谷５２１番地１,2022-08-31,株式会社
株式会社たかみ堂,千葉県松戸市新松戸東１４番地の３セゾンドルミナＢ－１０１,2022-08-31,株式会社
株式会社とものば,北海道岩内郡共和町南幌似３８番地の２,2022-08-31,株式会社
株式会社はまぐち建設,和歌山県岩出市吉田９２番地の３２,2022-08-31,株式会社
株式会社はやしだ,東京都豊島区池袋２丁目３８番２号,2022-08-31,株式会社
株式会社まねなび,東京都港区北青山２丁目７番２０号猪瀬ビル２Ｆ,2022-08-31,株式会社
株式会社わかやま健康ｓｔｙｌｅ,和歌山県和歌山市福島２７番地４,2022-08-31,株式会社
株式会社アイカワファーマシー,群馬県太田市由良町９３番地７,2022-08-31,株式会社
株式会社アイ・ラフ,富山県富山市豊島町４番２４号,2022-08-31,株式会社
株式会社アクシア,東京都足立区中川２丁目２－７－２０１,2022-08-31,株式会社
株式会社アジャイルエナジーＸ,東京都港区港南２丁目１６番５号,2022-08-31,株式会社
株式会社アップシティー,神奈川県横須賀市根岸町４丁目１番９号,2022-08-31,株式会社
株式会社アバンテプラス,大阪府松原市三宅中８丁目２番８号,2022-08-31,株式会社
株式会社アミカル,長崎県佐世保市江上町４６３１番地２,2022-08-31,株式会社
株式会社インテートＥＮＺＩＮ,大分県大分市小中島２丁目２番４－２号メイプルメゾン小中島公園前Ａ１０１,2022-08-31,株式会社
株式会社ウィズ動物病院,茨城県牛久市中央３丁目２６番地５,2022-08-31,株式会社
株式会社ウッドワークス,埼玉県和光市白子２丁目１３番２９号シャンボールクイーン１０１,2022-08-31,株式会社
株式会社ウルフ,福岡県太宰府市五条２丁目６番８号,2022-08-31,株式会社
株式会社エスラッシュ,東京都墨田区太平４丁目６番１４－８０４号,2022-08-31,株式会社
株式会社エニマス,東京都町田市原町田４丁目１１番１３号,2022-08-31,株式会社
株式会社エミューズ,東京都江東区亀戸６丁目３１番２－１８２１号,2022-08-31,株式会社
株式会社エンフィールド,東京都府中市緑町１丁目９番２号,2022-08-31,株式会社
株式会社エートク,宮城県仙台市若林区河原町２丁目１０番２５号,2022-08-31,株式会社
株式会社オスカー,埼玉県熊谷市中奈良１２２４番地２０,2022-08-31,株式会社
株式会社オフィス・エー,静岡県静岡市駿河区大谷２７８５番地の６２,2022-08-31,株式会社
株式会社カリス,滋賀県大津市本堅田６丁目２６番３号,2022-08-31,株式会社
株式会社カワチ工業,大阪府八尾市志紀町１丁目８６番地,2022-08-31,株式会社
株式会社キュー・オー・エル,愛知県名古屋市中区丸の内３丁目５番１号,2022-08-31,株式会社
株式会社ギガンジウム,大阪府大阪市浪速区日本橋西１丁目４番１９－２０３号,2022-08-31,株式会社
株式会社クラフトラボヨコミ,岡山県岡山市南区東畦５３２番地９,2022-08-31,株式会社
株式会社グランパ,東京都中央区銀座３丁目２番１３号銀座夏野Ｒビル４階,2022-08-31,株式会社
株式会社グローバルビジネス,埼玉県川口市東領家４丁目３番１４号,2022-08-31,株式会社
株式会社コアリンクス,兵庫県神戸市長田区大橋町４丁目４番１７号,2022-08-31,株式会社
株式会社コンナノ,東京都渋谷区神宮前２丁目１９－３,2022-08-31,株式会社
株式会社サクサム,東京都調布市国領町６丁目２０－３３,2022-08-31,株式会社
株式会社サバ６製麺所,大阪府大阪市福島区福島７丁目２１番３号,2022-08-31,株式会社
株式会社サンエイト,福島県郡山市安積町成田字田向４５番地の２６６,2022-08-31,株式会社
株式会社サンレート,滋賀県彦根市河原２丁目８番１０号ＭＫビル４０２号室,2022-08-31,株式会社
株式会社シビック・アンド・カンパニー,大阪府交野市幾野１丁目１０番７２２号,2022-08-31,株式会社
株式会社ジーリンクワークス,愛知県豊橋市駅前大通１丁目７１番地,2022-08-31,株式会社
株式会社スペード,富山県富山市向新庄町２丁目１４番４３－１号,2022-08-31,株式会社
株式会社スマイルクリーン,東京都中央区勝どき６丁目３－２－２５０１,2022-08-31,株式会社
株式会社セッション,兵庫県神戸市垂水区西舞子７丁目１６番４号,2022-08-31,株式会社
株式会社タイキコーポレーション,大阪府八尾市西久宝寺７２８番地の２,2022-08-31,株式会社
株式会社テクノ・ワーカー,千葉県四街道市大日５７９,2022-08-31,株式会社
株式会社テンフォー,愛媛県松山市中村４丁目１２番２５号,2022-08-31,株式会社
株式会社ニライパートナーズＩ,沖縄県中頭郡北谷町字浜川８番地２４しまぜんビル２Ｆ－Ｂ,2022-08-31,株式会社
株式会社ハピネス,東京都東大和市湖畔１丁目９０９番地の２,2022-08-31,株式会社
株式会社ハルク,埼玉県さいたま市中央区鈴谷４丁目１８番２－４０３号,2022-08-31,株式会社
株式会社パブロワークス,東京都大田区仲池上２丁目２９番１１号,2022-08-31,株式会社
株式会社パワフルポスト加古川,兵庫県加古川市加古川町粟津１１０７番地,2022-08-31,株式会社
株式会社ヒューマンスターク,東京都台東区西浅草１丁目５番１１号京成菊屋橋ビル４０５号室,2022-08-31,株式会社
株式会社ビーカインド,神奈川県大和市福田２丁目５番地１９藤岡第６ビル２０２号室,2022-08-31,株式会社
株式会社ピュア,兵庫県神戸市灘区都通３丁目２番７号,2022-08-31,株式会社
株式会社ファイナンシャルコンサルティング,広島県福山市松永町３丁目１６－１３，３０５号,2022-08-31,株式会社
株式会社ファテック,東京都調布市菊野台３丁目２６番７号,2022-08-31,株式会社
株式会社フィート,大阪府松原市阿保１丁目４番１２－１０７号,2022-08-31,株式会社
株式会社フラン,東京都千代田区麹町４丁目４番地１,2022-08-31,株式会社
株式会社フリーダム＆ラフ,東京都世田谷区代田３丁目２８番１２号,2022-08-31,株式会社
株式会社フルサワ板金,岐阜県大垣市東前４丁目１番地５,2022-08-31,株式会社
株式会社プロスペラーレ,大阪府大阪市生野区田島４丁目３－３２,2022-08-31,株式会社
株式会社プロパティリンク,愛知県知多市日長字神山畔８９番地,2022-08-31,株式会社
株式会社ベーシック,沖縄県宜野湾市大謝名４丁目１３－２９－２０１,2022-08-31,株式会社
株式会社ベーシック,東京都新宿区早稲田町８３番地５サンライトグリーンビル３０１号,2022-08-31,株式会社
株式会社ペイントエイト,北海道札幌市白石区中央一条７丁目４番１５号,2022-08-31,株式会社
株式会社ミューズ,東京都足立区保木間１丁目１番１６号,2022-08-31,株式会社
株式会社メモラブル,大阪府大阪市都島区都島北通１丁目１４－７プレアール都島Ⅳ１０１,2022-08-31,株式会社
株式会社ラッシュ・ツリーズ,東京都渋谷区渋谷１丁目７番１号渋谷Ｓ－６ビル２Ｆ,2022-08-31,株式会社
株式会社リセットハウス,大阪府堺市北区百舌鳥梅町１丁２番地６・２Ｆ,2022-08-31,株式会社
株式会社リバイス,千葉県匝瑳市飯倉台２１番地６,2022-08-31,株式会社
株式会社リベタス,東京都新宿区西新宿３丁目３番１３号西新宿水間ビル６階,2022-08-31,株式会社
株式会社ロロ,東京都渋谷区神宮前６丁目２３－４桑野ビル２階,2022-08-31,株式会社
株式会社ワイズ阿部川,埼玉県久喜市久喜東５丁目６番３８号,2022-08-31,株式会社
株式会社三浦,福岡県北九州市小倉北区堺町１丁目９番２２号北州観光ビル１０２,2022-08-31,株式会社
株式会社三石,大阪府堺市北区東雲東町２丁１番２０号,2022-08-31,株式会社
株式会社世田谷デザイン,神奈川県横浜市青葉区美しが丘１丁目１８－３－８－１０２,2022-08-31,株式会社
株式会社久久,東京都豊島区高田３丁目３番２２－１０４号,2022-08-31,株式会社
株式会社共進機工,東京都葛飾区南水元１丁目５番１７号,2022-08-31,株式会社
株式会社吉原創建,福岡県那珂川市道善１丁目４８番地２,2022-08-31,株式会社
株式会社吉川産業,大阪府大阪市北区長柄中３丁目６―１８セレッソコート梅田東５０３号室,2022-08-31,株式会社
株式会社善,岡山県岡山市北区十日市中町５番７号,2022-08-31,株式会社
株式会社太綱重設,福岡県福岡市東区塩浜１丁目１０番１２－３０３号,2022-08-31,株式会社
株式会社宇宙,兵庫県尼崎市東難波町４丁目１１－２,2022-08-31,株式会社
株式会社宮本電気,東京都葛飾区小菅２丁目２１番１８－７０１号,2022-08-31,株式会社
株式会社富友,東京都目黒区駒場１丁目１２番３１号セルディーナ駒場３０２,2022-08-31,株式会社
株式会社新選組,青森県八戸市大字白銀町字久保下１９番地１３,2022-08-31,株式会社
株式会社有村建設,兵庫県尼崎市大庄西町１丁目２０－１７,2022-08-31,株式会社
株式会社東京デジタルファーム,東京都練馬区富士見台３丁目２４番１４号,2022-08-31,株式会社
株式会社森山組,大阪府守口市南寺方北通１丁目６番４号,2022-08-31,株式会社
株式会社清水住建,東京都多摩市桜ヶ丘３丁目９番地の９,2022-08-31,株式会社
株式会社清輝不動産,神奈川県横浜市中区山下町１５５番地１４,2022-08-31,株式会社
株式会社狩野,埼玉県さいたま市浦和区北浦和１丁目６番１号,2022-08-31,株式会社
株式会社瑞嘉堂,東京都豊島区上池袋２丁目２８番５－１１０３号,2022-08-31,株式会社
株式会社田中モータース,東京都千代田区神田東松下町２５番地,2022-08-31,株式会社
株式会社石川工業店,東京都墨田区千歳２丁目８番１１号,2022-08-31,株式会社
株式会社祥縁美総,広島県東広島市西条町寺家５５９９番地の１,2022-08-31,株式会社
株式会社美雲コーポレーション,東京都葛飾区奥戸８丁目１８番５号,2022-08-31,株式会社
株式会社翔誠,大阪府大阪市生野区小路２丁目１２番２２号アークティカ小路１０３,2022-08-31,株式会社
株式会社蓮の実,岡山県総社市西郡９２２番地３,2022-08-31,株式会社
株式会社藤商事,大阪府羽曳野市野７番地２,2022-08-31,株式会社
株式会社藤巻商事,岡山県赤磐市沢原８４５番地４,2022-08-31,株式会社
株式会社蚕都,東京都目黒区東山３丁目３番１０号大沢ビル５０１,2022-08-31,株式会社
株式会社訳ありストア北の愛食,北海道石狩市花川北六条３丁目１８９番地１,2022-08-31,株式会社
株式会社谷口林業,宮崎県日南市吾田東４丁目４番１６－２０１号,2022-08-31,株式会社
株式会社豊洲,広島県東広島市高屋町造賀３５６４番地１６,2022-08-31,株式会社
株式会社豊野蔵,長野県長野市豊野町浅野７２２番地２,2022-08-31,株式会社
株式会社貴龍,東京都港区西麻布４丁目１４番２４号,2022-08-31,株式会社
株式会社野中自動車,佐賀県佐賀市富士町大字古湯４番地３,2022-08-31,株式会社
株式会社鈴木工業,千葉県茂原市萱場２９２番地２,2022-08-31,株式会社
株式会社長谷川興産,大阪府大阪市住之江区浜口西１丁目１３－１５カトレアビル３０４号室,2022-08-31,株式会社
株式会社飛将エンジニア,東京都江東区住吉２丁目１４番１６号１Ｆ,2022-08-31,株式会社
株式会社高倉アセットマネジメント,東京都新宿区西新宿１丁目１２番１号,2022-08-31,株式会社
株式会社鶴居村の恩返し,北海道阿寒郡鶴居村鶴居西２丁目４－１,2022-08-31,株式会社
株式会社Ａ．ＹＡＮＧ,大阪府大阪市北区梅田１丁目２番２－２００号大阪駅前第２ビル２階３－１－２,2022-08-31,株式会社
株式会社ＡＤＹトレーディング,埼玉県川口市大字芝５３０７番地の２,2022-08-31,株式会社
株式会社ＡＯＺＵ,東京都千代田区岩本町１丁目２番１１号渡東ビルディングアネックス,2022-08-31,株式会社
株式会社ＡＰ　ＶＩＩ　ＧＰ,東京都港区虎ノ門４丁目１番２８号虎ノ門タワーズオフィス１７階,2022-08-31,株式会社
株式会社ＡＳＫ　ＪＯＢ,福島県郡山市備前舘２丁目５２番地,2022-08-31,株式会社
株式会社ＡＷＥＳＯＭＥ　ＳＥ,東京都渋谷区道玄坂１丁目２１番１号ＳＨＩＢＵＹＡＳＯＬＡＳＴＡ３Ｆ,2022-08-31,株式会社
株式会社Ａｌｌ　Ｌｕｃｋ,山口県防府市千日２丁目１６番７－３号,2022-08-31,株式会社
株式会社Ａｌｔ,東京都豊島区高田３丁目６番１０号,2022-08-31,株式会社
株式会社Ａｍａｄａ,東京都豊島区西巣鴨１丁目１２－１ＴＯＫＹＯシティトリエ２２０１号,2022-08-31,株式会社
株式会社ＢＡＳＡ,東京都渋谷区神宮前６丁目２８番９号東武ビル５０３,2022-08-31,株式会社
株式会社ＢＨ＆Ｂ,福井県鯖江市住吉町３丁目１４番１０号,2022-08-31,株式会社
株式会社Ｂｅｔｅ　ａ　ｂｏｎ　Ｄｉｅｕ,大阪府茨木市耳原３丁目９番１７号の５,2022-08-31,株式会社
株式会社Ｂｒｉｌｌｅｒ,東京都中央区銀座１丁目６番１号クレッセントビル４階,2022-08-31,株式会社
株式会社ＣＯＭＰＲＯＭＩＳＯ,東京都渋谷区上原１丁目３－９,2022-08-31,株式会社
株式会社Ｃａｐ‐ａ‐ｐｉｅ,岡山県岡山市北区中山下１丁目１番１号グレースタワーⅢ１４０２号,2022-08-31,株式会社
株式会社ＣｈｏｃｏＢｉｓ,東京都渋谷区渋谷２丁目１９番１５号宮益坂ビルディング６０９,2022-08-31,株式会社
株式会社Ｃｌａｒｉｓ,大阪府大阪市西区新町１丁目１４番２１号,2022-08-31,株式会社
株式会社ＤＫホテルマネジメント,東京都千代田区内神田２丁目３番４号,2022-08-31,株式会社
株式会社Ｅ２Ｓ,東京都江東区大島１丁目５番９－９０３号,2022-08-31,株式会社
株式会社Ｅ３,埼玉県さいたま市大宮区大成町１丁目２４８番地３第２村上ビル１階,2022-08-31,株式会社
株式会社ＥＭＢＲＡＣＥ,東京都渋谷区渋谷２丁目１９番１５宮益坂ビルディング６０９,2022-08-31,株式会社
株式会社ＥＮＳＨＩＮ,千葉県君津市北子安６丁目２番３１号,2022-08-31,株式会社
株式会社ＦＡコンサル,東京都世田谷区深沢３丁目２２番５号,2022-08-31,株式会社
株式会社ＦＡＴＯ,千葉県長生郡長生村一松丁１７４番地,2022-08-31,株式会社
株式会社ＦＩＲＳＴ,大阪府大阪市北区堂島１丁目１番５号,2022-08-31,株式会社
株式会社ＦＴプラン,東京都豊島区南大塚３丁目１７番６号南大塚Ｋ．Ｙビル５階,2022-08-31,株式会社
株式会社ＦＴＳ,埼玉県川口市緑町８番４号,2022-08-31,株式会社
株式会社Ｆａｒｍｅ,大分県宇佐市大字佐々礼１４４４番地の３,2022-08-31,株式会社
株式会社ＧＬＡＮＺ,愛知県日進市三本木町下川田１８サンシャイン富士ＰａｒｔⅢ５１１,2022-08-31,株式会社
株式会社ＧＭ・ＭＯＴＯＲＳ,埼玉県川口市東領家１丁目１０番６－３０５号第２１まさひろ商事ビル,2022-08-31,株式会社
株式会社ＧＲＡＮＤＩＲ,東京都渋谷区幡ヶ谷２丁目１７－１－１６０３,2022-08-31,株式会社
株式会社ＧＲＥＥＮ,東京都千代田区神田小川町３丁目７番地１５ボナ神田小川町９Ｆ,2022-08-31,株式会社
株式会社Ｇｏｐｅ,東京都江東区有明１丁目４番２０－１７０１号,2022-08-31,株式会社
株式会社Ｇｒｏｗ　Ｓｉｄｅ,愛知県名古屋市西区名駅２丁目３４番１７号セントラル名古屋１１０１号,2022-08-31,株式会社
株式会社ＨＡＬＩＡＲＴ,北海道札幌市白石区南郷通２０丁目北１番３２－３０３号,2022-08-31,株式会社
株式会社ＨＵＧＵＳ,大阪府吹田市垂水町２丁目２０－３７,2022-08-31,株式会社
株式会社Ｈａｐｐｙ　Ｈｏｍｅ,大阪府大阪市都島区片町１丁目３番１１号ＪＣ大阪ビル５階１号室,2022-08-31,株式会社
株式会社Ｉｎｆｉｎｉｔｙ‐ｇｒｏｕｐ,宮城県仙台市泉区向陽台３丁目３７番１８号,2022-08-31,株式会社
株式会社Ｊトレーディング,東京都中央区日本橋小伝馬町１－７,2022-08-31,株式会社
株式会社Ｊａｐａｎ　Ｐａｙｍｅｎｔ　Ｓｅｒｖｉｃｅ,大阪府大阪市北区梅田１丁目１－３,2022-08-31,株式会社
株式会社Ｋ・Ｍ・Ｄ,東京都大田区西糀谷２丁目６番２号,2022-08-31,株式会社
株式会社Ｋ．フューチャー,大阪府箕面市粟生間谷東７丁目１８番１７号,2022-08-31,株式会社
株式会社Ｋ２,東京都港区六本木６丁目１２番３－２１０４号,2022-08-31,株式会社
株式会社ＫＡＮＡＥ,大阪府松原市天美南２丁目２３５番地の９,2022-08-31,株式会社
株式会社ＫＥＩＫＡ,東京都中央区銀座７丁目５番４号毛利ビル５階,2022-08-31,株式会社
株式会社ＫＥＮＤＡＬＬ,東京都中央区日本橋横山町８番５号５階,2022-08-31,株式会社
株式会社ＫＨＹ,東京都新宿区中落合２丁目８番２４－５１６号,2022-08-31,株式会社
株式会社ＫＩＭＯＮＪＵ,大阪府交野市星田８丁目１０番１５号,2022-08-31,株式会社
株式会社ＫＯＰホーム,埼玉県川越市野田町２丁目１３番地７１,2022-08-31,株式会社
株式会社ＫＴコーポレーション,大阪府豊中市立花町３丁目２番１－６０８号,2022-08-31,株式会社
株式会社ＫＵＲＡＥ,東京都中央区日本橋兜町１７番２号兜町第６葉山ビル４階,2022-08-31,株式会社
株式会社Ｋｉｒｅｉｉ,東京都港区赤坂８丁目４－１４青山タワ－プレイス８Ｆ,2022-08-31,株式会社
株式会社Ｋｓ,東京都港区六本木６丁目１２番３－２１０４号,2022-08-31,株式会社
株式会社ＬＣ＆Ｆ,千葉県市川市富浜２丁目１４番４ヴァンティアン４０１,2022-08-31,株式会社
株式会社ＬＦＡＭ,大阪府大阪市西区南堀江２丁目５番１９号ＧＡＴＯＤＭ南堀江公園前９０３号室,2022-08-31,株式会社
株式会社ＬｏｏＰ,東京都渋谷区恵比寿２丁目２７番１０－１０４号ＺＯＯＭ広尾,2022-08-31,株式会社
株式会社Ｌｏｙａｌｔｙ,東京都新宿区大久保１丁目１番３８号ＧＬＯＵ東新宿３０１,2022-08-31,株式会社
株式会社Ｍ＆Ｈインベストメント,兵庫県尼崎市西昆陽３丁目２５番１０号,2022-08-31,株式会社
株式会社ＭＧＬ　Ｉｎｖｅｓｔｍｅｎｔ,神奈川県川崎市宮前区馬絹１丁目９番１９号,2022-08-31,株式会社
株式会社ＭＩＲＡＲＣＨ,大阪府大阪市中央区宗右衛門町１番１２号,2022-08-31,株式会社
株式会社ＭＲＣ　ＳＵＮＲＩＳＥ　ＩＮＴＥＲＮＡＴＩＯＮＡＬ,埼玉県ふじみ野市桜ケ丘２丁目４０番６号,2022-08-31,株式会社
株式会社Ｍａｒｓ,東京都港区芝浦４丁目２１番１号,2022-08-31,株式会社
株式会社Ｍａｔｃｈ,東京都中央区日本橋馬喰町１丁目１１番６号,2022-08-31,株式会社
株式会社Ｍａｙｕｍｉ　Ｍａｓａｋｉ,長崎県長崎市鍛冶屋町４番１２号澤岡ビル２階,2022-08-31,株式会社
株式会社Ｍｒｓ．Ｓｉｌｅｎｃｅ　Ｄｏｇｏｏｄ,茨城県筑西市西方１５８８,2022-08-31,株式会社
株式会社Ｍｚｅｅ,東京都港区六本木５丁目１３番６－１００１号,2022-08-31,株式会社
株式会社Ｎ．Ｓｙｓｔｅｍ,東京都渋谷区渋谷２丁目１９番１５－１３１０号宮益坂ビルディング,2022-08-31,株式会社
株式会社Ｎ．Ｙ．Ｅ,大阪府豊中市浜２丁目３番１０号,2022-08-31,株式会社
株式会社ＮＡＮＩＫＩＲＵ,東京都豊島区上池袋３丁目３３－１６佐藤ビル１０１号,2022-08-31,株式会社
株式会社ＯＫＩ,東京都豊島区南長崎１丁目５番１９号,2022-08-31,株式会社
株式会社ＯＮ　Ｔｅｌｅｃｏｍ,福岡県北九州市八幡西区穴生１丁目１４番５－１０２３号,2022-08-31,株式会社
株式会社ＰＢＳ,兵庫県神戸市東灘区森南町２丁目２－１６－４０１,2022-08-31,株式会社
株式会社ＰＬＣ,福岡県福岡市博多区博多駅前３丁目７番３５号博多ハイテックビル５０５,2022-08-31,株式会社
株式会社ＰＯＮＴＩＳ,東京都港区新橋５丁目２５番２号,2022-08-31,株式会社
株式会社ＰＲＩＭＯ　ＰＡＳＳＯ,東京都港区北青山２丁目１２番４号坂本ビル３階,2022-08-31,株式会社
株式会社ＰＳＶａｌｕｅ,神奈川県川崎市宮前区有馬１丁目１４－１１,2022-08-31,株式会社
株式会社Ｒ’ｓ　Ｃｏｍｐａｎｙ,山梨県甲府市飯田５丁目５－２７Ｂ１Ｆ,2022-08-31,株式会社
株式会社ＲＥＧＲＩＭ,東京都新宿区高田馬場３丁目２０－１１第二林ビル１０１号,2022-08-31,株式会社
株式会社ＲＩＣＥ　ＥＮＴＥＲＴＡＩＮＭＥＮＴＳ,静岡県熱海市桜木町３３番５号,2022-08-31,株式会社
株式会社Ｒｅ　ｓｏｌｅｉｌ,大阪府茨木市永代町５番１０７号,2022-08-31,株式会社
株式会社ＳＨＡＣＨＩ　ＧＲＯＵＰ,北海道札幌市中央区南六条西３丁目６番地２３第８桂和ビル,2022-08-31,株式会社
株式会社ＳＮＳｐｒｏｇｒａｍｓ,福岡県筑紫野市塔原南３丁目１６－７,2022-08-31,株式会社
株式会社ＳＰＡＣＥ　ＷＯＲＫＳ　ＬＡＢ,東京都杉並区永福２丁目４２番４号,2022-08-31,株式会社
株式会社ＳＴＡＲＬＩＮＫ,東京都渋谷区渋谷３丁目２７番１１号祐真ビル本館６Ｆ,2022-08-31,株式会社
株式会社ＳＵＮ　ＲＩＳＥ　ＴＲＡＤＥ,千葉県野田市光葉町２丁目２６番地の２,2022-08-31,株式会社
株式会社Ｓｈｕｃｒａｎ,東京都世田谷区松原６丁目６番８－３０５号,2022-08-31,株式会社
株式会社Ｓｌａｃｋ,千葉県いすみ市深堀１６２０番地２３（太清荘Ａ－６）,2022-08-31,株式会社
株式会社Ｓｍａｒｔ　Ｓｅｃｕｒｉｔｙ,沖縄県宜野湾市伊佐３丁目２９番２７号マンションオアシス２Ｆ,2022-08-31,株式会社
株式会社Ｓｕｎｌｉｇｈｔ,神奈川県座間市東原１丁目７番２７号,2022-08-31,株式会社
株式会社Ｔ‐ｔｈｒｅｅ,大阪府大阪市生野区舎利寺１丁目６番１７号,2022-08-31,株式会社
株式会社ＴＩ‐ＤＡ,沖縄県那覇市繁多川２丁目１７番３２号コーポみどり３０２号室,2022-08-31,株式会社
株式会社ＴＭカンパニー,東京都品川区北品川４丁目８番１４－３０３号,2022-08-31,株式会社
株式会社ＴＯＫＹＯ　ＣＲＥＡＴＩＶＥ　ＬＡＮＤ,神奈川県川崎市幸区小向西町１丁目３９番地１３,2022-08-31,株式会社
株式会社ＴＯＮＡＬ‐ＭＣ,東京都江東区大島３丁目８番７－４２７号,2022-08-31,株式会社
株式会社Ｔｒｕｓｔ　Ｒｅｌａｔｉｏｎ,大阪府大阪市中央区南本町２丁目１番１号本町サザンビル６０５,2022-08-31,株式会社
株式会社ＶＲＩＴＩＭＥＳ,東京都新宿区南元町２５－１０,2022-08-31,株式会社
株式会社ＷＯＷ,岐阜県瑞穂市馬場前畑町１丁目８７番地,2022-08-31,株式会社
株式会社ＷａｄａＬａｂ,東京都中央区銀座１丁目３番３号ＧＩビル７階,2022-08-31,株式会社
株式会社ＹＡＭＡＫＩ,東京都世田谷区世田谷４丁目５番４号ゼスティー松陰神社Ⅱ２０３,2022-08-31,株式会社
株式会社ａｎｄ４Ｃ,東京都中央区銀座１丁目１２番４号Ｎ＆ＥＢＬＤ．７階,2022-08-31,株式会社
株式会社ｃａｉｆｕｌ,兵庫県神戸市長田区長田天神町２丁目３番３号,2022-08-31,株式会社
株式会社ｃｏｍａｃｈｉ,東京都目黒区碑文谷５丁目２番５号Ｔ＆Ａビル５階,2022-08-31,株式会社
株式会社ｍｍｔ,東京都港区港南４丁目２番７－３５１８号,2022-08-31,株式会社
株式会社ｏｆｆｉｃｅＴＨ,東京都港区赤坂６丁目１９番１１－３０１号,2022-08-31,株式会社
株式会社ｏｈａＬａｂ．,大阪府豊中市庄内西町２丁目２２番３８号４階,2022-08-31,株式会社
株式会社ｏｓａｋａｎａｔｏ,大阪府大阪市福島区野田１丁目１番８６号大阪市中央卸売市場本場北１５－１０,2022-08-31,株式会社
株式会社ｐｌｕｓＲｅｙ,群馬県みどり市笠懸町鹿４２７１番地８,2022-08-31,株式会社
株式会社ｓａｉ,山梨県甲斐市下今井３５３５－８,2022-08-31,株式会社
株式会社ｖｅｒｔｅｘ,東京都足立区千住河原町１９番９－２０１号室,2022-08-31,株式会社
池原建材株式会社,沖縄県宜野湾市嘉数４丁目１２番２号,2022-08-31,株式会社
沸かす株式会社,東京都足立区関原３丁目２３番１３号,2022-08-31,株式会社
浩成合同会社,群馬県高崎市吉井町本郷５８０番地－１,2022-08-31,合同会社
浪漫商事株式会社,東京都町田市成瀬が丘３丁目４番地８,2022-08-31,株式会社
特定非営利活動法人鹿児島フライングディスク・クラブ,鹿児島県鹿屋市札元１丁目２４番５号,2022-08-31,その他の設立登記法人
瑞兆株式会社,大阪府大阪市中央区谷町７丁目１番３９－３０１号Ｄ,2022-08-31,株式会社
社会福祉法人熊野会,和歌山県西牟婁郡上富田町生馬字両新田５１９番地６,2022-08-31,その他の設立登記法人
福勝縁株式会社,北海道苫小牧市柏木町５丁目２番７号,2022-08-31,株式会社
科源株式会社,大阪府大阪市西成区天神ノ森１丁目４番２号,2022-08-31,株式会社
税理士法人曽我Ｋ,東京都新宿区高田馬場１丁目１７番１５号,2022-08-31,その他の設立登記法人
紫峰商事株式会社,茨城県牛久市田宮町１０８４番地７０,2022-08-31,株式会社
芝浦エンジニアリング株式会社,愛知県名古屋市昭和区広路町字松風園１３番地の１,2022-08-31,株式会社
荒本建装株式会社,香川県綾歌郡宇多津町浜七番丁１０４番地１５,2022-08-31,株式会社
農事組合法人すずしろファーム,秋田県秋田市四ツ小屋字城下当場２７番地１,2022-08-31,その他の設立登記法人
近畿ガーデン株式会社,兵庫県神戸市灘区天城通１丁目５番１０号,2022-08-31,株式会社
達誠合同会社,千葉県松戸市上矢切１１４８番地の８,2022-08-31,合同会社
Ａｉ・Ｌｉｎｋ株式会社,新潟県新潟市江南区北山３９５番地２,2022-08-31,株式会社
ＢＡＭＢＯＯ合同会社,埼玉県鴻巣市鎌塚２丁目４－３山下邸１０１号室,2022-08-31,合同会社
Ｂｌａｃｋ　Ｇａｉｎ合同会社,神奈川県中郡大磯町国府本郷５０番地５,2022-08-31,合同会社
Ｂｕｃｈｉｓｈ　Ｆｉｌｍ合同会社,広島県東広島市安芸津町風早１３９３―４,2022-08-31,合同会社
ＣＡＲ　ＡＳＩＳＴ株式会社,香川県高松市檀紙町１１２８番地７,2022-08-31,株式会社
ＣＨＥＴＡＮＡ株式会社,埼玉県さいたま市中央区新中里４丁目１３－１１－４０３,2022-08-31,株式会社
Ｃｕｌｍｉｎｏ株式会社,東京都中央区日本橋小舟町９番３号,2022-08-31,株式会社
Ｄｕａｌ　Ｂｉｚ合同会社,静岡県富士市依田原町３番９号,2022-08-31,合同会社
ＥＲ２１株式会社,東京都港区六本木１丁目６番１号,2022-08-31,株式会社
ＥＲ２２株式会社,東京都港区六本木１丁目６番１号,2022-08-31,株式会社
ＥＲ２３株式会社,東京都港区六本木１丁目６番１号,2022-08-31,株式会社
ＥＲ２４株式会社,東京都港区六本木１丁目６番１号,2022-08-31,株式会社
ＥＲ２５株式会社,東京都港区六本木１丁目６番１号,2022-08-31,株式会社
Ｆａｃｅ合同会社,北海道札幌市中央区北三条西２７丁目１－７デュオヒルズ円山アーバンヴィラ４０７号室,2022-08-31,合同会社
Ｆｉｒｅｗｏｒｋｓ合同会社,東京都渋谷区代々木５丁目５１番７号,2022-08-31,合同会社
Ｆｉｖｅ．ｏ‐Ｏｎｅ株式会社,東京都足立区舎人２丁目１６番２８号,2022-08-31,株式会社
Ｆｏｏｄｅｌｕｘｅ株式会社,東京都港区浜松町１丁目３番１号,2022-08-31,株式会社
Ｆｕｔｕｒａ合同会社,北海道枝幸郡中頓別町字中頓別１８―１５２,2022-08-31,合同会社
Ｇｂｏｙｓ合同会社,東京都豊島区池袋本町１丁目７－１０－１１０１,2022-08-31,合同会社
ＧｌｏｂａｌＧｏ　Ｓａａｔｖｉｋ合同会社,大阪府大阪市中央区西心斎橋１丁目１６番１２号ニューアメリカンプラザ１０Ｆ－Ｃ号,2022-08-31,合同会社
Ｇｏｏｄ　ｓｈａｒｅ　ｌｉｎｋ株式会社,福岡県那珂川市道善２丁目６４番地,2022-08-31,株式会社
ＨＡＳＮＡＴ・ＴＲＡＤＩＮＧ株式会社,山梨県南アルプス市西南湖１００番地,2022-08-31,株式会社
ＨＡＳＵＮＡＧＡ株式会社,東京都港区南青山２丁目２番１５号ＷＩＮ青山,2022-08-31,株式会社
ＩＮＯＵＥ設計合同会社,福岡県福岡市早良区野芥２丁目３４番５号,2022-08-31,合同会社
ＩＲＥＴＨ株式会社,福岡県福岡市南区市崎１丁目１６番２７号,2022-08-31,株式会社
ＪＫ　ＪＡＰＡＮ合同会社,埼玉県鴻巣市鎌塚２丁目４－３山下邸２０２,2022-08-31,合同会社
Ｋ＆Ｋ株式会社,広島県広島市中区国泰寺町１丁目７番２８－７０６号,2022-08-31,株式会社
ＫＴＣ警備株式会社,岡山県倉敷市林２１７８番地１,2022-08-31,株式会社
ＬＯＹＡＬ　ＣＯＲＰＯＲＡＴＩＯＮ株式会社,神奈川県相模原市中央区田名８５５７番地７,2022-08-31,株式会社
Ｌｉｆｔｅｒ　ＨＤ株式会社,京都府京都市伏見区横大路下三栖南郷１５,2022-08-31,株式会社
Ｍ＆Ｔ株式会社,群馬県高崎市新町２２８６番地６,2022-08-31,株式会社
ＭＳＤ企業投資四号株式会社,東京都千代田区大手町１丁目９番２号,2022-08-31,株式会社
ＭＳＴＹ株式会社,東京都千代田区神田和泉町１番地２の１９石井ビル５階Ａ号室,2022-08-31,株式会社
Ｍａｋｅｌｉｆｅ合同会社,東京都新宿区南元町４－６４メゾンアイリス１０２,2022-08-31,合同会社
Ｍｏｒｐｈ株式会社,神奈川県川崎市幸区鹿島田１丁目１番５号,2022-08-31,株式会社
Ｎ２プランニング合同会社,東京都東村山市秋津町３丁目４６番１７号,2022-08-31,合同会社
ＮＥＵ株式会社,茨城県結城郡八千代町大字平塚３２７９番地３,2022-08-31,株式会社
Ｎａｇａｙａホールディングス株式会社,愛媛県松山市千舟町６丁目５番地９,2022-08-31,株式会社
ＰＬｉＢＯＴ株式会社,東京都葛飾区青戸３丁目２番２号,2022-08-31,株式会社
Ｐｉｇ＆Ｃｏｍｐａｎｙ株式会社,東京都港区白金台５丁目５番７－１０１号,2022-08-31,株式会社
Ｓカンパニー株式会社,長野県飯田市上郷飯沼３１８０番地３,2022-08-31,株式会社
ＳＣＧ７５一般社団法人,東京都港区虎ノ門４丁目１番２８号,2022-08-31,その他の設立登記法人
ＳＣＧ７６一般社団法人,東京都港区虎ノ門４丁目１番２８号,2022-08-31,その他の設立登記法人
ＳＣＧ７７一般社団法人,東京都港区虎ノ門４丁目１番２８号,2022-08-31,その他の設立登記法人
ＳＣＧ７８一般社団法人,東京都港区虎ノ門４丁目１番２８号,2022-08-31,その他の設立登記法人
ＳＣＧ７９一般社団法人,東京都港区虎ノ門４丁目１番２８号,2022-08-31,その他の設立登記法人
ＳＤ　Ｇｏ株式会社,東京都渋谷区恵比寿西１丁目２－１エビスマンション５０２号,2022-08-31,株式会社
ＳＥＡＬＢＡＮＫ　Ｃｏｍｍｕｎｉｃａｔｉｏｎｓ株式会社,大阪府堺市南区岩室１４２番地１１,2022-08-31,株式会社
ＳＧ合同会社,大阪府大阪市西淀川区野里２丁目２３番１９号レジデンス野里３０８号室,2022-08-31,合同会社
ＳＯＭ合同会社,東京都江東区扇橋２丁目２０番３－１０１号,2022-08-31,合同会社
ＳＴＡＲ　ＪＡＰＡＮ株式会社,東京都渋谷区代々木１丁目２－９－３０２,2022-08-31,株式会社
ＳＵＮＮＹ　ＴＲＡＮＧ合同会社,大阪府大阪市西成区千本北２丁目３２－３４エクセル新開コーポ１１号,2022-08-31,合同会社
ＳＷ技術株式会社,東京都墨田区錦糸４丁目４番８号２Ｆ,2022-08-31,株式会社
Ｓｈａｈ　ｔｒａｄｉｎｇ合同会社,大阪府和泉市池上町２８７番地の１（エクセレート池上２０５）,2022-08-31,合同会社
ＳｕｎｎｙＶａｌｌｅｙ株式会社,東京都品川区西品川１丁目１－１住友不動産大崎ガーデンタワー９階ＴＯＮＮＥＬＴＯＫＹＯ内,2022-08-31,株式会社
ＴＭＴ合同会社,大阪府大阪市西淀川区姫島５丁目８番１２号,2022-08-31,合同会社
ＴＯＭＯＴＯ株式会社,大阪府大阪市平野区喜連６丁目７番１９号１Ｆ,2022-08-31,株式会社
ＴｒｅｅＬａｂ合同会社,東京都世田谷区尾山台３丁目１３番４号,2022-08-31,合同会社
Ｕｎｉｔｅｄ　Ｔｒａｄｉｎｇ　Ｓｅｒｖｉｃｅ株式会社,沖縄県浦添市内間４丁目５－３７－１Ｆ,2022-08-31,株式会社
ＷＡＢＯＭ合同会社,東京都文京区本駒込５丁目１３－７日神パレステージ本駒込５０３,2022-08-31,合同会社
ＷＯＬＴＥＣＨ株式会社,東京都港区西麻布２丁目７番２号,2022-08-31,株式会社
Ｗｏｏｄ‐Ｍｉｚｅｒ　Ｊａｐａｎ合同会社,東京都新宿区西新宿１丁目２０番３号西新宿高木ビル８階,2022-08-31,合同会社
＿伽日本株式会社,東京都港区新橋６丁目１９番１３号ＷｅＷｏｒｋ新橋０２－１１１,2022-08-31,株式会社
ｃｉｅｌ社会保険労務士法人,熊本県熊本市北区龍田３丁目３２番１８号,2022-08-31,その他の設立登記法人
ｈａｂ株式会社,神奈川県川崎市宮前区小台１丁目６番地３ネイバーズ鷺沼３２７,2022-08-31,株式会社
ｍｉｋｉｍｕｕ合同会社,宮崎県小林市真方２５９３,2022-08-31,合同会社
ｍｏｖｅアソシエイツ株式会社,神奈川県川崎市宮前区馬絹１丁目９番１９－３０３号,2022-08-31,株式会社
ｔａｒｕＳｈｉｒｕ株式会社,埼玉県さいたま市緑区大字大門２７５５番地４５,2022-08-31,株式会社
