法人名,住所,設立日,法人種別
いちごＥＣＯ発電所２１一般社団法人,東京都千代田区内幸町１丁目１番１号,2021-08-02,その他の設立登記法人
いろは不動産株式会社,富山県滑川市横道３３４７番地,2021-08-02,株式会社
みやこ３５８合同会社,神奈川県藤沢市藤沢５７１番地,2021-08-02,合同会社
よつば介護事業協同組合,大阪府大東市氷野１丁目６３７番地の６,2021-08-02,その他の設立登記法人
アンドリード株式会社,千葉県市川市南行徳１丁目３番３号,2021-08-02,株式会社
アーク合同会社,大阪府豊中市清風荘２丁目７番２号,2021-08-02,合同会社
イネケン纉株式会社,福岡県八女郡広川町大字日吉８３２番地３,2021-08-02,株式会社
インパクトサークル株式会社,東京都港区港南２丁目１６番２号太陽生命品川ビル２８階,2021-08-02,株式会社
イーライフ合同会社,神奈川県川崎市幸区戸手４丁目１２番１－２１０４号,2021-08-02,合同会社
エアウェーブ合同会社,東京都台東区浅草橋３丁目３番４号,2021-08-02,合同会社
エクストラレス株式会社,東京都中央区京橋２丁目８番２１号喜久家ビルディング７階７１２号室,2021-08-02,株式会社
エコムシステムズ株式会社,福岡県久留米市諏訪野町１８２６番地５ＥＣＯＭビル３階,2021-08-02,株式会社
エスピーシーエンターテイメント合同会社,千葉県野田市なみき１丁目２５－３,2021-08-02,合同会社
エス・ピー・シー湖南株式会社,滋賀県大津市別保２丁目９番５０号,2021-08-02,株式会社
オレンジ・Ｏ合同会社,東京都港区浜松町２丁目２番１５号浜松町ダイヤビル２Ｆ,2021-08-02,合同会社
オー・ウェイ株式会社,兵庫県川西市緑台４丁目２番地の５９,2021-08-02,株式会社
キョウフジギョウ株式会社,東京都中央区東日本橋２丁目２８番５号５０８,2021-08-02,株式会社
クラフト合同会社,愛知県名古屋市千種区今池２丁目１４番１９号,2021-08-02,合同会社
クリーン明科株式会社,長野県安曇野市明科中川手２８２０番地５,2021-08-02,株式会社
サウナラウンジ株式会社,東京都港区南青山６丁目７番８－１１０１号,2021-08-02,株式会社
サカキバランド合同会社,神奈川県横浜市中区山下町２５番地ハリレラハウス７Ｆ,2021-08-02,合同会社
サニーガーデン株式会社,兵庫県芦屋市精道町６番１５号桑原ビル３階,2021-08-02,株式会社
セイショウ工業株式会社,栃木県矢板市上太田１２番地２０,2021-08-02,株式会社
タクト通商株式会社,兵庫県神戸市須磨区天神町４丁目４番３５号アスミビル２Ｆ,2021-08-02,株式会社
タッチ株式会社,東京都中央区勝どき１丁目８番１号,2021-08-02,株式会社
テックスプラス株式会社,兵庫県西宮市柏堂町１２番１０号,2021-08-02,株式会社
テルモ税理士法人,新潟県糸魚川市南寺町３丁目７番７号,2021-08-02,その他の設立登記法人
テンルアセットマネージメント株式会社,東京都台東区台東３丁目１番４号,2021-08-02,株式会社
ニチエイホーム株式会社,高知県高知市高須２丁目２番２０号,2021-08-02,株式会社
バリコーポレーション合同会社,広島県広島市中区宝町５番１１－１９０１号,2021-08-02,合同会社
パレットライフサイエンスジャパン株式会社,東京都港区海岸１丁目２－３汐留芝離宮ビルディング２１階,2021-08-02,株式会社
ファイブ行政書士法人,大阪府大阪市西区西本町１丁目８番２号三晃ビル３階,2021-08-02,その他の設立登記法人
ブリル合同会社,兵庫県宝塚市山本南１丁目３０番７号３０２,2021-08-02,合同会社
ブルジオン株式会社,大阪府大阪市西区江戸堀２丁目７番１９号,2021-08-02,株式会社
プラスＪａｐａｎ企画合同会社,東京都中央区新川２丁目２番２号八重洲第２パークビル５階,2021-08-02,合同会社
マルガレーテ研究所合同会社,東京都千代田区神田小川町１丁目７番８０３号,2021-08-02,合同会社
メイアイプラス合同会社,千葉県船橋市新高根１丁目２６番８号,2021-08-02,合同会社
メロウレイク株式会社,熊本県熊本市中央区安政町６番２９号,2021-08-02,株式会社
ユニバーサルフラート合同会社,東京都目黒区中目黒３丁目６番２号中目黒Ｆ．Ｓビル５階,2021-08-02,合同会社
ライズネット管理株式会社,東京都新宿区大久保２丁目４番１２号新宿ラムダックスビル８Ｆ,2021-08-02,株式会社
リリーフアドバイザリー合同会社,東京都国分寺市本町４丁目６番９号－４１２,2021-08-02,合同会社
一般社団法人おこしやす京都へ,京都府京都市東山区清閑寺霊山町５－４１,2021-08-02,その他の設立登記法人
一般社団法人ふるさと,埼玉県川越市砂新田５丁目３６番地８,2021-08-02,その他の設立登記法人
一般社団法人エーツージャパン,岐阜県岐阜市柳津町上佐波西５丁目１６,2021-08-02,その他の設立登記法人
一般社団法人オルパ,東京都千代田区丸の内３丁目１番１号東京共同会計事務所内,2021-08-02,その他の設立登記法人
一般社団法人トライアンフ１１０,大阪府大東市扇町１３番９－７０１号,2021-08-02,その他の設立登記法人
一般社団法人ビジョントレーニングサポート協会,兵庫県尼崎市水明町１３番地の１２、水明マンション１階,2021-08-02,その他の設立登記法人
一般社団法人ミラサス,石川県野々市市末松３丁目５７０番地（ケイ・エム・スクエア合同会社内）,2021-08-02,その他の設立登記法人
一般社団法人メンタルケアＯｎｅＷｉｎ,宮崎県宮崎市生目台東３丁目１２番地５,2021-08-02,その他の設立登記法人
一般社団法人匠時間,東京都墨田区墨田４丁目４４番１０号,2021-08-02,その他の設立登記法人
一般社団法人地域福祉活動協会,愛知県名古屋市守山区小幡５丁目８番１３号,2021-08-02,その他の設立登記法人
一般社団法人日本足場会,東京都新宿区新宿１丁目３２番１５号エムズ新宿御苑２Ｆ,2021-08-02,その他の設立登記法人
一般社団法人日本遊具屋外施設業協会,愛知県名古屋市西区上橋町２６１番地,2021-08-02,その他の設立登記法人
一般社団法人旭市母子寡婦福祉会,千葉県旭市椎名内３１４７番地,2021-08-02,その他の設立登記法人
一般社団法人淡路島観光振興協議会,兵庫県淡路市久留麻１８６０番地４０,2021-08-02,その他の設立登記法人
一般社団法人相続おまかせ支援協会,愛知県名古屋市中区栄２丁目５番１３号アイ・エスビル４階,2021-08-02,その他の設立登記法人
一般社団法人組織開発コーチ協会,東京都中央区銀座１丁目２０番１７号,2021-08-02,その他の設立登記法人
一般社団法人Ｄ－ｔａｆ,東京都大田区北馬込２丁目５２番５号,2021-08-02,その他の設立登記法人
一般社団法人Ｇｒｅｅｎ　ｉｎｎｏｖａｔｉｏｎ,東京都港区南青山６丁目７番８－１１０１号ファーロ南青山,2021-08-02,その他の設立登記法人
一般社団法人Ｓｕｎ　Ｈａｐｉ,愛知県豊橋市向山町字伝馬４９番地２,2021-08-02,その他の設立登記法人
一般財団法人杉本育文化財団,福井県福井市新保１丁目１２０１番地,2021-08-02,その他の設立登記法人
一般財団法人ＡＲＩＧＡＴＯ,東京都港区南青山１丁目２４番３号ＷｅＷｏｒｋＮｏｇｉｚａｋａ,2021-08-02,その他の設立登記法人
中里ファミリーインベストメンツ合同会社,神奈川県鎌倉市小町２丁目５番９号,2021-08-02,合同会社
京恩株式会社,神奈川県横浜市鶴見区潮田町２丁目１１４番地９,2021-08-02,株式会社
伊賀環境サービス株式会社,大阪府東大阪市若江西新町３丁目１番５号,2021-08-02,株式会社
住和グループ株式会社,神奈川県川崎市高津区梶ケ谷２丁目７番１７号,2021-08-02,株式会社
内野植木株式会社,東京都立川市上砂町２丁目３１－８,2021-08-02,株式会社
凱高産業株式会社,群馬県太田市熊野町６－１,2021-08-02,株式会社
医療法人楡のもり,岐阜県各務原市蘇原野口町５丁目１３０番地,2021-08-02,その他の設立登記法人
千尋貿易株式会社,東京都豊島区池袋１丁目１２番１５号三陽荘１０２号,2021-08-02,株式会社
千葉産業株式会社,宮城県登米市豊里町新田町１７０番地,2021-08-02,株式会社
協同組合リンクスタッフ,大阪府大阪市東住吉区桑津１丁目１３番２２号,2021-08-02,その他の設立登記法人
司法書士法人リーガルトップ,東京都豊島区南池袋２丁目１１番１号明王ビル３Ｆ,2021-08-02,その他の設立登記法人
合同会社こうのとり,岐阜県中津川市茄子川７３７番地の１,2021-08-02,合同会社
合同会社こども工房,宮崎県都城市乙房町４８３,2021-08-02,合同会社
合同会社ものがたり工作所,兵庫県神戸市須磨区高倉町２丁目１番２３－５０２号,2021-08-02,合同会社
合同会社エクステリア湘,神奈川県三浦郡葉山町一色９５９番地の３,2021-08-02,合同会社
合同会社オフィスおおやま,神奈川県横浜市港北区篠原東１丁目１２番１９号,2021-08-02,合同会社
合同会社オレンジボックス,東京都立川市富士見町６丁目１番２０３号,2021-08-02,合同会社
合同会社カチダス,東京都千代田区二番町１番地２,2021-08-02,合同会社
合同会社カルナフード,福岡県福津市日蒔野１丁目９番地の１０,2021-08-02,合同会社
合同会社コムピット,大阪府八尾市龍華町１丁目４番１－１６０７号,2021-08-02,合同会社
合同会社シンメイ,神奈川県横浜市港北区篠原町１１０５,2021-08-02,合同会社
合同会社スタジオＹＵＫＯ,兵庫県宝塚市逆瀬台４丁目９番１０号,2021-08-02,合同会社
合同会社スノードロップ,神奈川県川崎市多摩区枡形６丁目１８番６３号,2021-08-02,合同会社
合同会社セブンラーク,東京都世田谷区代沢３丁目１７番１７号,2021-08-02,合同会社
合同会社ソキウスケアマネジメント,兵庫県川西市湯山台１丁目２８－２０,2021-08-02,合同会社
合同会社タベタノ,東京都新宿区新宿１丁目３６番２号新宿第七葉山ビル３階,2021-08-02,合同会社
合同会社チャンプル,沖縄県石垣市字新川１１４－３,2021-08-02,合同会社
合同会社デジタル・ビジネス・ラボ,東京都世田谷区深沢５丁目１６番２２号,2021-08-02,合同会社
合同会社トリニティ・ワン,東京都千代田区内幸町２丁目１番６号,2021-08-02,合同会社
合同会社ナイン,東京都港区青山四丁目１５番１９号２０５,2021-08-02,合同会社
合同会社ハネトヤ,群馬県前橋市広瀬町１丁目１４番１３号,2021-08-02,合同会社
合同会社ハート,沖縄県宮古島市平良字東仲宗根８９４番地７,2021-08-02,合同会社
合同会社ブラッサム,沖縄県宜野湾市真栄原１丁目１５番２７号,2021-08-02,合同会社
合同会社ポリャンカ,東京都墨田区太平１丁目１番５－２０２号,2021-08-02,合同会社
合同会社マーカー,埼玉県鶴ヶ島市大字下新田６４０番地１３－１０２,2021-08-02,合同会社
合同会社モナドワークス,東京都港区南青山２丁目２番１５号,2021-08-02,合同会社
合同会社ラーメン虎一番,兵庫県尼崎市大島１丁目２番３号,2021-08-02,合同会社
合同会社リヒト,東京都中野区中野５丁目３２番９号ハウスポート中野１０２,2021-08-02,合同会社
合同会社リードケアーサービス,東京都新宿区大久保１丁目１番４９号タキカワビル２階,2021-08-02,合同会社
合同会社レベシェア１号,東京都練馬区桜台４丁目１９－１７,2021-08-02,合同会社
合同会社二本松太陽光発電所,大阪府大阪市北区堂島浜１丁目２番１号新ダイビル２３階,2021-08-02,合同会社
合同会社侶偉,埼玉県川口市上青木６丁目３８番１０号わかばビルⅡ４０１号,2021-08-02,合同会社
合同会社創生レオ,愛知県名古屋市中村区名駅３丁目３番８号１２０２号,2021-08-02,合同会社
合同会社吉川工業,愛知県名古屋市港区善進町２丁目２８番地の１（エルフェーヌ２０２号）,2021-08-02,合同会社
合同会社安心パックサービス,鹿児島県鹿児島市西伊敷１丁目２６番１号,2021-08-02,合同会社
合同会社常若総合サービス,東京都中央区銀座１丁目２２番１１号銀座大竹ビジデンス２階,2021-08-02,合同会社
合同会社有,兵庫県神戸市灘区六甲町３丁目１－５,2021-08-02,合同会社
合同会社濱田遠隔画像診断室,兵庫県芦屋市大原町１７番２６号,2021-08-02,合同会社
合同会社燈仁舎,東京都港区芝浦４丁目４番２７－１２０８号,2021-08-02,合同会社
合同会社紀成,和歌山県和歌山市田尻１８８番地,2021-08-02,合同会社
合同会社菅創,福岡県春日市昇町３丁目１５５番地,2021-08-02,合同会社
合同会社詩商事,福岡県久留米市櫛原町８８番地,2021-08-02,合同会社
合同会社風林堂薬局,鹿児島県熊毛郡屋久島町栗生１７５１番地５,2021-08-02,合同会社
合同会社Ａ．Ｔ．Ｖ,福岡県嘉穂郡桂川町大字土師２８番地３３４,2021-08-02,合同会社
合同会社ＡＳＯ　ＴＯＰ,熊本県阿蘇郡高森町大字色見１７２４番地,2021-08-02,合同会社
合同会社ＢＬＭ,東京都世田谷区若林４丁目１４番２３号,2021-08-02,合同会社
合同会社Ｂｅｅ’ｓ　Ｇａｒｄｅｎ,兵庫県芦屋市海洋町３－２９,2021-08-02,合同会社
合同会社ＤＩＫＥ,東京都中央区八丁堀２丁目２８番５－４０３号,2021-08-02,合同会社
合同会社Ｄｒａｋｅ,東京都江戸川区松島３丁目４３－１３シャトー松島７０４,2021-08-02,合同会社
合同会社Ｄｒｏｎｅ　Ｓｙｓｔｅｍ,奈良県香芝市五位堂６丁目２１６番地１－１０６号,2021-08-02,合同会社
合同会社ＥＫカンパニー,東京都昭島市松原町３丁目７番２０号,2021-08-02,合同会社
合同会社ＥｉｎｓＬｉｂｅ,東京都港区南青山２丁目２番１５号ＷＩＮ青山５３１,2021-08-02,合同会社
合同会社ＦＯ,東京都千代田区丸の内３丁目１番１号東京共同会計事務所内,2021-08-02,合同会社
合同会社ＦＳデンタルラボ,北海道札幌市南区澄川三条２丁目５番５号,2021-08-02,合同会社
合同会社Ｆｅｅｌ　Ｆｒｅｅ,佐賀県西松浦郡有田町楠木原乙３７９,2021-08-02,合同会社
合同会社ＧＯＬＤＲＡＳＨ,神奈川県横浜市中区初音町３丁目５３－１０本橋ビル４０１,2021-08-02,合同会社
合同会社ＧＸ,東京都江東区白河４丁目９番２５－２５０４号,2021-08-02,合同会社
合同会社Ｇｒｏｗｉｎｇ,神奈川県横浜市青葉区あざみ野２丁目２７番地４シャトレー２０２,2021-08-02,合同会社
合同会社ＪＧＨ,佐賀県佐賀市中央本町１番１０号ニュー寺元ビル５階,2021-08-02,合同会社
合同会社Ｋ’ｚ,熊本県熊本市中央区河原町４－１エバーライフ熊本中央６０１号,2021-08-02,合同会社
合同会社Ｋ＆Ｓ,埼玉県北足立郡伊奈町大字小室１１８８番地２,2021-08-02,合同会社
合同会社ＫＡＺＵ計装,神奈川県横須賀市坂本町３丁目１７番地,2021-08-02,合同会社
合同会社ＫＳＰ,沖縄県那覇市牧志１丁目４番５３－３０９号,2021-08-02,合同会社
合同会社ＫＴＳ,東京都立川市富士見町１丁目２８番４号,2021-08-02,合同会社
合同会社ＭＡＲＫＥ　ＳＭＩＬＥ,兵庫県加古川市加古川町篠原町１３－３加古川まいるビル１階,2021-08-02,合同会社
合同会社ＭＦ　ＳＱＵＡＲＥ,東京都世田谷区深沢４丁目２７－２０－２０５,2021-08-02,合同会社
合同会社ＭＫケアーサービス,東京都新宿区新宿２丁目７番３号ヴェラハイツ新宿御苑４０６号室,2021-08-02,合同会社
合同会社Ｍａｇｎｏｌｉａ　Ｐａｒｔｎｅｒｓ,東京都港区南青山２丁目２番１５号ウィン青山９階,2021-08-02,合同会社
合同会社Ｍｅ－Ｒａｙ,東京都新宿区北新宿４丁目１１番３,2021-08-02,合同会社
合同会社Ｍｉｌｅ,熊本県熊本市南区城南町舞原３０８番地１－２０５号,2021-08-02,合同会社
合同会社ＮＵＴＳ,広島県広島市中区幟町３－６０サムティ幟町６０２,2021-08-02,合同会社
合同会社Ｎｓ’Ｓｔｙｌｅ,群馬県高崎市貝沢町８２４番地,2021-08-02,合同会社
合同会社ＯＮＥ’Ｓ　ｄｅｓｉｇｎ,山梨県甲斐市西八幡１４１２,2021-08-02,合同会社
合同会社Ｐｒｅｖｅｎｔｉｏｎ　Ｐｒｏｊｅｃｔ,和歌山県和歌山市東田中１７４番地１,2021-08-02,合同会社
合同会社Ｒ　ｉｎｎｏｖａｔｉｏｎ,愛知県名古屋市中区栄１丁目６番１５号グランドメゾン御園座タワー３５０２号,2021-08-02,合同会社
合同会社ＲＩＣＨ　ＣＯＵＮＴＲＹ　ＬＩＦＥ,広島県三次市布野町上布野３４６番地,2021-08-02,合同会社
合同会社ＲＩＴＡＣＯＭ,神奈川県横浜市港北区大倉山４丁目２５番１２－１号,2021-08-02,合同会社
合同会社Ｒａｂｂｙ,奈良県生駒市辻町３９９番地４７－２８－１０２,2021-08-02,合同会社
合同会社ＳＥＮ,熊本県熊本市中央区桜町１番２５号未来会議室,2021-08-02,合同会社
合同会社ＳｈｏｗＭＥｉ,大阪府堺市北区大豆塚町１丁２８番地８,2021-08-02,合同会社
合同会社Ｔ－Ｓｔｙｌｅ,佐賀県佐賀市兵庫北１丁目２４番１９－１０２号,2021-08-02,合同会社
合同会社ＴＣＵ,神奈川県横浜市南区別所５丁目１４番１６号,2021-08-02,合同会社
合同会社ＴＯＵＪＩ　ＧＲＡＰＨＩＣＡ,愛知県名古屋市中区大須１丁目７番１４号パークＩＭビル２Ｆ,2021-08-02,合同会社
合同会社ＴＲＳ,香川県さぬき市津田町津田８２８番地２,2021-08-02,合同会社
合同会社ＵＴＡ,北海道札幌市中央区南八条西３丁目７茶やビル３階,2021-08-02,合同会社
合同会社Ｖａｌｈａｌｌａ　Ｐｒｏｍｏｔｉｏｎ,東京都豊島区南池袋１丁目９番地１８号２３２,2021-08-02,合同会社
合同会社ａｎｄＭＡ,大阪府堺市堺区櫛屋町東２丁２番７－１号,2021-08-02,合同会社
合同会社ｃｌａｗｓ,大阪府大阪市住吉区杉本２丁目２６番３１号,2021-08-02,合同会社
合同会社ｈｉｐ,大阪府和泉市和気町１丁目３０－６モアフェミン１階Ｃ号室,2021-08-02,合同会社
合同会社ｍｉＧｏ,東京都港区南青山２丁目２番１５号,2021-08-02,合同会社
合同会社ｐｌａｎｔｅｒ,兵庫県赤穂市大津１８７３番地の３,2021-08-02,合同会社
吉田造園株式会社,東京都大田区大森西１丁目１３番７号,2021-08-02,株式会社
大学入試ドットコム合同会社,奈良県橿原市雲梯町８５９番地の１スカイレジデンス１０１号室,2021-08-02,合同会社
大洋商事株式会社,宮崎県小林市細野３９１番地１,2021-08-02,株式会社
大津百貨店株式会社,東京都墨田区菊川２丁目２３番１号,2021-08-02,株式会社
大矢野運送株式会社,熊本県上天草市大矢野町上４２３０番地１,2021-08-02,株式会社
安信合同会社,東京都江東区亀戸１丁目１９番６－３１５号,2021-08-02,合同会社
安東塗装店株式会社,神奈川県高座郡寒川町大蔵３６３番地,2021-08-02,株式会社
建物装飾株式会社,福岡県福岡市中央区荒戸１丁目１－１３－２０２,2021-08-02,株式会社
弁護士法人番町総合法律事務所,東京都千代田区五番町５番地５号ヒューリック五番町ビル５階,2021-08-02,その他の設立登記法人
恒生商事合同会社,埼玉県越谷市大字大林２５３番地３５メゾンドミール２０１,2021-08-02,合同会社
日水テック株式会社,神奈川県横浜市中区本牧元町２７番１５号,2021-08-02,株式会社
日豊産業株式会社,広島県東広島市豊栄町清武８６８－２,2021-08-02,株式会社
朝倉商事株式会社,東京都足立区東保木間２丁目７番１９号,2021-08-02,株式会社
木下会計コンサルティング株式会社,埼玉県川越市新富町２丁目２２番地八十二銀行ビル４階,2021-08-02,株式会社
東明商事株式会社,長崎県佐世保市高梨町１２番２５号１,2021-08-02,株式会社
株式会社えくぼ,神奈川県川崎市麻生区王禅寺東６丁目１１番３８号,2021-08-02,株式会社
株式会社かなめ工房,神奈川県横浜市青葉区松風台３３番地１５青葉台ハイツ４０２号,2021-08-02,株式会社
株式会社かわた塾,岡山県岡山市北区北長瀬本町２０番５３号,2021-08-02,株式会社
株式会社きらり薬局,三重県三重郡朝日町白梅の丘東１丁目１４番地１６,2021-08-02,株式会社
株式会社こうや,埼玉県北葛飾郡杉戸町倉松２丁目１１番３９号,2021-08-02,株式会社
株式会社しんじゅＬ＆Ｍ,北海道中川郡幕別町忠類朝日６９番地,2021-08-02,株式会社
株式会社ただのやまもと,埼玉県さいたま市見沼区大和田町２丁目５２０番地２山幸ハイツ２０３号,2021-08-02,株式会社
株式会社なお新,神奈川県横浜市戸塚区上倉田町１９４１番地１,2021-08-02,株式会社
株式会社ひまわり交通,茨城県東茨城郡大洗町五反田７２１番地,2021-08-02,株式会社
株式会社ふれあい神余の里,千葉県館山市上野原１０１番地の９,2021-08-02,株式会社
株式会社まちづくり伊豆長岡温泉,静岡県伊豆の国市長岡１０５４番地の３,2021-08-02,株式会社
株式会社らくてんぼう,宮城県石巻市鹿又字新田町浦７９番地,2021-08-02,株式会社
株式会社アイリス,東京都大田区南久が原２丁目７番５号,2021-08-02,株式会社
株式会社アイ・エイド,福島県河沼郡会津坂下町大字大沖字上野１１７８番地５,2021-08-02,株式会社
株式会社アオイ警備保障,佐賀県佐賀市西田代１丁目５－１０　１０３,2021-08-02,株式会社
株式会社アキテック,福井県敦賀市三島町１丁目１６番２２号,2021-08-02,株式会社
株式会社アクト,北海道札幌市中央区北三条西７丁目１番地１,2021-08-02,株式会社
株式会社アサセハウジング,東京都新宿区高田馬場２丁目１４番２７号花富士ビル２階,2021-08-02,株式会社
株式会社アスリードコンサルティング,愛知県名古屋市西区則武新町２丁目２－３０サンハイツ則武２０５,2021-08-02,株式会社
株式会社アップワードマネジメント,兵庫県尼崎市下坂部２丁目１５番１５号,2021-08-02,株式会社
株式会社アトモズ,東京都港区麻布十番２丁目８番１７号斉藤ビル２０１,2021-08-02,株式会社
株式会社アドバンス住販,埼玉県入間市牛沢町３番２号,2021-08-02,株式会社
株式会社アルシェ,熊本県熊本市東区長嶺東１丁目４番８２号ベルガゾン１０５号室,2021-08-02,株式会社
株式会社アルズ,大阪府守口市大庭町１丁目１６番５号,2021-08-02,株式会社
株式会社アルファテクノ,東京都町田市成瀬２丁目７－６,2021-08-02,株式会社
株式会社アンキョ,福岡県福岡市博多区月隈２丁目２－２７,2021-08-02,株式会社
株式会社アンジェリーナジャパン,東京都中央区日本橋蛎殻町１丁目５番６号,2021-08-02,株式会社
株式会社アームプランニング,千葉県柏市名戸ケ谷７６２番地１２,2021-08-02,株式会社
株式会社インディゴ,埼玉県川越市新宿町３丁目１０番地１メイツ川越６１７号室,2021-08-02,株式会社
株式会社イーアンドイート,北海道釧路市緑ケ岡５丁目１６番３８号,2021-08-02,株式会社
株式会社ウッドベル２ｎｄ,神奈川県横浜市旭区白根７丁目２－１,2021-08-02,株式会社
株式会社エスアールエス,兵庫県宝塚市鹿塩２丁目５番１８号,2021-08-02,株式会社
株式会社エスエイチ,千葉県流山市松ケ丘４丁目５１４番地の１２０,2021-08-02,株式会社
株式会社エスユーサービス,東京都世田谷区桜丘５丁目１３番１１－２０２号,2021-08-02,株式会社
株式会社エムアールプランニング,兵庫県尼崎市食満６丁目１５番５－２号,2021-08-02,株式会社
株式会社オリヴィエ,岐阜県岐阜市山吹町４丁目８３番地,2021-08-02,株式会社
株式会社キクチ設備,兵庫県尼崎市尾浜町３丁目３１番３－４号,2021-08-02,株式会社
株式会社キングワールド,群馬県みどり市笠懸町西鹿田８６番地,2021-08-02,株式会社
株式会社キープフェイス,東京都港区高輪３丁目１９番２２－９０５号,2021-08-02,株式会社
株式会社クオリア,茨城県石岡市旭台１丁目１６番２７号,2021-08-02,株式会社
株式会社クルマ屋,愛知県名古屋市守山区八剣２丁目１５１５番地サンシティ八剣２－１Ａ,2021-08-02,株式会社
株式会社コトカタリ,京都府京都市下京区杉蛭子町２２３番地,2021-08-02,株式会社
株式会社コネクトスマイル,滋賀県甲賀市甲南町寺庄１６０９番地西宮２０９号室,2021-08-02,株式会社
株式会社サビハ,東京都新宿区百人町２丁目２２番３号岡田屋ビル１－Ｄ,2021-08-02,株式会社
株式会社サンガ新社,宮城県仙台市青葉区錦町２丁目４番１６号８階,2021-08-02,株式会社
株式会社ジャストケミカルズ,福岡県築上郡上毛町大字垂水１７８３番地７,2021-08-02,株式会社
株式会社スイーツ＆スイーツ,宮城県登米市中田町石森字加賀野３丁目８番地２０,2021-08-02,株式会社
株式会社スクエア,東京都新宿区中町２３－１パレ神楽坂１０３,2021-08-02,株式会社
株式会社スマートプラス,三重県津市垂水１９１１番地１,2021-08-02,株式会社
株式会社セイシン,千葉県松戸市上本郷３９６５松戸ＪＫハイツⅠ１０５号室,2021-08-02,株式会社
株式会社セーシェル,埼玉県ふじみ野市長宮２丁目１番地３１,2021-08-02,株式会社
株式会社タマモフロンティア,長野県長野市大字鶴賀権堂町２３６９番地,2021-08-02,株式会社
株式会社ディ・エム・シーいわき,東京都港区高輪２丁目１８番１０号,2021-08-02,株式会社
株式会社デジタルゴリラ,宮城県仙台市青葉区中央２丁目２番３０号日興ビル４Ｆ,2021-08-02,株式会社
株式会社デジファーム,宮城県仙台市青葉区中央１丁目２番３号仙台マークワンセンター１９階,2021-08-02,株式会社
株式会社デュアル,神奈川県横浜市中区不老町２丁目８番地不二ビル６０２,2021-08-02,株式会社
株式会社ナチュラルブリッジ,大阪府東大阪市西岩田３丁目３番１４－７０３号,2021-08-02,株式会社
株式会社ニューチャーズ,東京都大田区南馬込６丁目２８－１３,2021-08-02,株式会社
株式会社ニューディ,東京都千代田区神田佐久間町１丁目８－４アルテール秋葉原ビル７０８,2021-08-02,株式会社
株式会社ノードセキュリティジェーピー,東京都渋谷区道玄坂１丁目１２番１号渋谷マークシティ２２階,2021-08-02,株式会社
株式会社ハイタウン,福島県いわき市泉ケ丘２丁目３１番地の３,2021-08-02,株式会社
株式会社バイオマスレジン福島,福島県南相馬市原町区青葉町２丁目３番地相馬ガスホールディングス株式会社内,2021-08-02,株式会社
株式会社パデック,奈良県大和郡山市井戸野町１４番地１,2021-08-02,株式会社
株式会社ヒヤク,東京都港区高輪４丁目１９番１号オーキッドコート高輪３０１,2021-08-02,株式会社
株式会社ファーストフォロー,香川県高松市東ハゼ町８－７・２Ｆ,2021-08-02,株式会社
株式会社フェリスメディカル,福岡県福岡市博多区博多駅前４丁目３７番１号,2021-08-02,株式会社
株式会社フォーエスエヌ,茨城県土浦市佐野子６６８番地,2021-08-02,株式会社
株式会社フォーラムアソシエイツ,東京都港区虎ノ門４丁目３番１号,2021-08-02,株式会社
株式会社フラッグオン,埼玉県越谷市大字恩間５４２番地６,2021-08-02,株式会社
株式会社プライムパーソネル,東京都中央区銀座６丁目４番１号東海堂銀座ビル４階,2021-08-02,株式会社
株式会社プロセス建築工房,和歌山県西牟婁郡上富田町朝来２０７５番地の１８,2021-08-02,株式会社
株式会社ヘッズアップ,東京都新宿区北新宿１丁目１番３号アンベリール新宿９０３,2021-08-02,株式会社
株式会社ベストカー磐田,静岡県磐田市匂坂中１３９０番地の１,2021-08-02,株式会社
株式会社メゾンブルー,愛知県名古屋市緑区上旭１丁目６０８番地上旭ハイツ１Ｆ,2021-08-02,株式会社
株式会社リボーン,埼玉県蓮田市東６丁目１番６号,2021-08-02,株式会社
株式会社リリビラ,東京都清瀬市松山１丁目２番１６号リナージュ清瀬７０１号,2021-08-02,株式会社
株式会社リンク,岡山県倉敷市山地９８２番地２,2021-08-02,株式会社
株式会社レイス,兵庫県尼崎市神崎町１２番３１号,2021-08-02,株式会社
株式会社ヴィントシュティレ,大分県大分市城崎町２丁目４番２８号ヴィラ城崎６０２,2021-08-02,株式会社
株式会社上げ潮,鳥取県米子市西福原２丁目８番１４号,2021-08-02,株式会社
株式会社京葉リフォーム,千葉県千葉市若葉区都賀２丁目１２番１９号,2021-08-02,株式会社
株式会社京阪神ビジネスサービス,大阪府摂津市鳥飼本町４丁目１６番５号,2021-08-02,株式会社
株式会社仙台マーケット,宮城県仙台市宮城野区中野字神明１４２番地,2021-08-02,株式会社
株式会社北吉設備,福岡県福岡市博多区東月隈３丁目１７番７号,2021-08-02,株式会社
株式会社古河花桃どうぶつ病院,茨城県古河市松並２丁目６番１８号,2021-08-02,株式会社
株式会社和泉建業,宮城県登米市中田町浅水字新田２１９番地１,2021-08-02,株式会社
株式会社大吉フーズ,宮城県東松島市赤井字新川前２３番地８,2021-08-02,株式会社
株式会社天温堂江口薬局,千葉県八千代市勝田台１丁目３２番地２,2021-08-02,株式会社
株式会社宮,沖縄県島尻郡八重瀬町字友寄６９６番地,2021-08-02,株式会社
株式会社新東,愛知県名古屋市中区新栄３丁目１番５号エクセレンス新栄１０４号,2021-08-02,株式会社
株式会社日和建設,大阪府堺市東区大美野１７１番地３６,2021-08-02,株式会社
株式会社日野商事,千葉県船橋市市場２丁目１番２１－８０１号,2021-08-02,株式会社
株式会社杏世,東京都世田谷区弦巻４丁目２０番２号,2021-08-02,株式会社
株式会社東京シュリンプ,東京都渋谷区鶯谷町１９番１９号ソフィアハウス１階,2021-08-02,株式会社
株式会社東野商事,奈良県桜井市大字外山１０４０番地の１,2021-08-02,株式会社
株式会社櫛本会計,岡山県岡山市中区海吉１４４１番地１,2021-08-02,株式会社
株式会社泡沫,兵庫県淡路市久留麻２１７８番地,2021-08-02,株式会社
株式会社燈,大阪府大阪市鶴見区今津南４丁目４番３２号,2021-08-02,株式会社
株式会社狩俣空調設備,沖縄県宮古島市城辺字下里添９５１番地２,2021-08-02,株式会社
株式会社琉創,岐阜県海津市平田町勝賀１１８６番地１,2021-08-02,株式会社
株式会社琉球リバティソリューション,沖縄県那覇市天久１丁目２１番１０号,2021-08-02,株式会社
株式会社環境配慮プランニング,東京都国分寺市富士本３丁目１７番地２９,2021-08-02,株式会社
株式会社生浜エステートコンサル,千葉県市原市君塚２丁目２０番地１３,2021-08-02,株式会社
株式会社知るラボ,大阪府大阪市中央区備後町３丁目１－１１メイソンビル３階,2021-08-02,株式会社
株式会社秋茜,宮城県仙台市泉区高森３丁目４番地の１９０,2021-08-02,株式会社
株式会社立川建装,東京都立川市若葉町３丁目６９－３１,2021-08-02,株式会社
株式会社翔,埼玉県吉川市中野２４２番地２,2021-08-02,株式会社
株式会社良和,岡山県倉敷市大畠２丁目１５番１５号,2021-08-02,株式会社
株式会社説明の分かりやすい保険屋さん,大阪府岸和田市下池田町１丁目９番２２号,2021-08-02,株式会社
株式会社谷口実業ホールディングス,東京都新宿区新宿５丁目９番１０号Ｇ’ｓＧＲＡＮＤ新宿,2021-08-02,株式会社
株式会社開音,愛知県知多市日長台３３８番地,2021-08-02,株式会社
株式会社零樹建設,千葉県千葉市中央区長洲１丁目２９－９ラヴィベル本千葉３Ｆ,2021-08-02,株式会社
株式会社響エステート,東京都町田市原町田６丁目１５番１３号町田東口駅前ビル３０１,2021-08-02,株式会社
株式会社颯興業,宮崎県日向市大字日知屋８０９７番地２,2021-08-02,株式会社
株式会社高眞商事,東京都千代田区麹町３丁目１２番１２号麹町Ｍビル,2021-08-02,株式会社
株式会社２４３６５,長野県松本市梓川倭５３２－１,2021-08-02,株式会社
株式会社７３７,東京都中央区八重洲１丁目７番４号,2021-08-02,株式会社
株式会社７８ｃｏｎｔｉｎｕｅ,兵庫県神戸市東灘区魚崎南町４丁目１４番１０－７０８号,2021-08-02,株式会社
株式会社ＡＫＵＳ　ＨＤ,神奈川県川崎市幸区南加瀬２丁目１４番６号,2021-08-02,株式会社
株式会社ＡＲ,東京都新宿区大久保２丁目１３番５号福華ビル１１０,2021-08-02,株式会社
株式会社ＡＲＴ　ＮＥＸＴ,東京都港区赤坂３丁目１４番２号ドルミ赤坂４０２,2021-08-02,株式会社
株式会社ＢＩＧ　ＴＲＥＥ,東京都港区六本木７丁目１６番５号戸田ビル３Ｆ,2021-08-02,株式会社
株式会社ＢＬｕｎｏ,東京都世田谷区池尻１丁目７－１４アントレパルク３０４,2021-08-02,株式会社
株式会社ＢＮＢ,神奈川県横浜市神奈川区子安通３丁目３３１番地２フィオーレ新子安２０２号,2021-08-02,株式会社
株式会社Ｂａｋａｍｏｎ,京都府京都市北区上賀茂中ノ河原町６番地８,2021-08-02,株式会社
株式会社Ｂｅ　Ａｒｔｓ,東京都世田谷区弦巻４丁目１８－２６リポーズセイホー１０５号室,2021-08-02,株式会社
株式会社Ｂｅｌｌａ　Ｂｅｌｌａ,東京都渋谷区恵比寿１丁目１５番９‐４０３号日宝恵比寿ビル,2021-08-02,株式会社
株式会社Ｃ７,東京都江東区東陽２丁目３番２０－５０３号,2021-08-02,株式会社
株式会社ＣＨＩＴＡ美人,愛知県半田市住吉町１丁目５７番地,2021-08-02,株式会社
株式会社ＣＵＯＲＥ,埼玉県越谷市南越谷４丁目１１－４,2021-08-02,株式会社
株式会社ＣｈａｐｔｅＲ,東京都江東区清澄３丁目６－７,2021-08-02,株式会社
株式会社Ｃｉｎｅｍａｔｏｒｉｃｏ,神奈川県川崎市中原区新丸子町７６５番地新丸子ハイツ２０６,2021-08-02,株式会社
株式会社Ｃｕｅ　Ｃｏｍｐａｎｙ,東京都新宿区赤城下町２２番地２－１階,2021-08-02,株式会社
株式会社ＤＡＩＫＩ,大阪府大阪市東成区玉津１丁目２番１７号ＧＯＯＤＬＩＦＥＴＡＭＡＴＵＫＵＲＩ２０１,2021-08-02,株式会社
株式会社ＤＬＣ．,岡山県岡山市中区藤崎７１４番地９,2021-08-02,株式会社
株式会社Ｄａｌｓｅｏｎｇ,大阪府大阪市中央区久太郎町１丁目５番３１号,2021-08-02,株式会社
株式会社Ｄｉｌｉｔｙ,東京都目黒区大橋１丁目２番１０－２０８号ライオンズプラザ池尻大橋,2021-08-02,株式会社
株式会社ＥＸ‐Ｆｕｓｉｏｎ,大阪府大阪市中央区北久宝寺町３丁目６－１本町南ガーデンシティ７階,2021-08-02,株式会社
株式会社ＥＸ不動産,千葉県四街道市四街道１丁目４番９－１０１号,2021-08-02,株式会社
株式会社ＥｘｅＤｒｉｖｅ,大阪府大阪市生野区勝山北４丁目１４番２４号,2021-08-02,株式会社
株式会社Ｆ＆Ｅ,茨城県水戸市笠原町１６９５番地の１一階,2021-08-02,株式会社
株式会社ＦＡＲＭ　ＲＯＣＫＲＩＶＥＲ,鳥取県鳥取市叶２４４番地の６,2021-08-02,株式会社
株式会社ＦＲＯＧｓ,東京都港区高輪４丁目２３番６号ハイホ－ム高輪７０８,2021-08-02,株式会社
株式会社Ｆａｒ　Ｅａｓｔ　Ｉｎｎｏｖａｔｏｒｓ,東京都港区芝浦４丁目１９番１－３９０６号,2021-08-02,株式会社
株式会社Ｆｏｎｔａｎｉｑｕｅ,大阪府大阪市西淀川区野里２丁目２０番１２号メゾンレオ野里４０５,2021-08-02,株式会社
株式会社Ｇ‐ｕｎｉｃａｔｅ,東京都港区芝３丁目３２番１０－８０３号,2021-08-02,株式会社
株式会社Ｇ－ＬＩＮＫ,兵庫県宝塚市安倉南２丁目８番１４号,2021-08-02,株式会社
株式会社ＧＦアカデミア,大阪府八尾市本町５丁目１－３１,2021-08-02,株式会社
株式会社ＨＯＯＤ　ＳＴＡＲ,埼玉県入間市扇台６丁目２番１号１,2021-08-02,株式会社
株式会社ＩＮＣＬＵＳＩＶＥ,東京都豊島区北大塚２丁目１７番２号大塚ｐｈビル３Ｆ,2021-08-02,株式会社
株式会社ＩＮＦＩＮＩＴＹ８,大阪府大東市赤井３丁目１４番５９号メゾンエクセレント２０２号,2021-08-02,株式会社
株式会社ＩＱＵＺＯ,富山県富山市東田地方町１丁目５番５２ー９２２号アパガーデンプレイス富山,2021-08-02,株式会社
株式会社ＩＳ,神奈川県川崎市宮前区野川本町２丁目８番５号エクセレンス花水木Ｃ,2021-08-02,株式会社
株式会社ＩＴＡＤＡＫＩ,神奈川県横浜市都筑区茅ケ崎中央２１番１２号森村ビル５０１,2021-08-02,株式会社
株式会社ＪＭＭＥ,岐阜県高山市山田町２３５番地１,2021-08-02,株式会社
株式会社Ｊａｐａｎ　ＩＣＴ　Ｓｏｌｕｔｉｏｎｓ,東京都渋谷区神宮前６丁目２３番４号桑野ビル２階,2021-08-02,株式会社
株式会社Ｋ－ＢＬＯＯＤ,神奈川県横浜市青葉区寺家町３１３番地２,2021-08-02,株式会社
株式会社Ｋ．Ｇ．Ａ,兵庫県南あわじ市松帆西路１２０７番地１,2021-08-02,株式会社
株式会社ＫＯコンサルティング,愛知県名古屋市中村区名駅５丁目３３番２１号アクアタウン納屋橋５０６号,2021-08-02,株式会社
株式会社ＫＳＫ,三重県三重郡菰野町大字永井５０７番地１,2021-08-02,株式会社
株式会社Ｋｉｉｘ,愛知県名古屋市守山区喜多山２丁目２９番１号,2021-08-02,株式会社
株式会社ＬＡＣＩＤＥＭ,東京都渋谷区本町３丁目２番９号,2021-08-02,株式会社
株式会社ＬＡＣＯＲＩＮ,神奈川県鎌倉市七里ガ浜東４丁目１８番１０号,2021-08-02,株式会社
株式会社ＬＥＧＡＬＩＳＳ,埼玉県さいたま市大宮区宮町１丁目７１番地,2021-08-02,株式会社
株式会社ＬＯＢＢＹ,岩手県北上市和賀町藤根１４地割１００,2021-08-02,株式会社
株式会社ＬＯＫＡＨＩ,宮城県仙台市泉区北高森３５番地の１,2021-08-02,株式会社
株式会社ＬＯＬ,大阪府八尾市山本町北２丁目３－７,2021-08-02,株式会社
株式会社Ｌａｂｅｌ９,東京都渋谷区代官山町１１番１号,2021-08-02,株式会社
株式会社Ｌｉｆｏｒｌｄ,大阪府大阪市西淀川区柏里１丁目４番１３号,2021-08-02,株式会社
株式会社ＭＩＳＨＩＭＡ,神奈川県横浜市戸塚区名瀬町１５３３番地１,2021-08-02,株式会社
株式会社ＭＭＳ,東京都新宿区西新宿７丁目１番７号新宿ダイカンプラザＡ１０１８,2021-08-02,株式会社
株式会社ＭＲＦ,愛知県春日井市不二ガ丘３丁目１０４番地１２,2021-08-02,株式会社
株式会社ＭＳ,神奈川県横浜市保土ケ谷区仏向町９５１番地サニーヒルセイ１０６号,2021-08-02,株式会社
株式会社Ｍａｘｅｆｆ,東京都千代田区平河町２丁目５番３号,2021-08-02,株式会社
株式会社Ｍｉｒａｉ,福岡県福岡市中央区天神２丁目３番１０号天神パインクレスト７１９号,2021-08-02,株式会社
株式会社ＮＥＯ　ＬＡＮＤ,東京都新宿区歌舞伎町２丁目２３－１風林会館地下２階,2021-08-02,株式会社
株式会社ＮＫＧ,東京都千代田区永田町２丁目１４番３号,2021-08-02,株式会社
株式会社ＮＯＱＱＬＹ,千葉県流山市大字三輪野山８１６番地の１（運Ａ７街区３）２０１,2021-08-02,株式会社
株式会社Ｎａｔ　Ｌｉｍｉｔ,東京都中央区勝どき５丁目３番地１号勝どきザ・タワー３７２１号室,2021-08-02,株式会社
株式会社Ｎｅｗ　Ｅｃｈｏ　Ｍｉｎｄｓ,大阪府大阪市東住吉区南田辺５丁目９番９号,2021-08-02,株式会社
株式会社Ｎｅｘｔａｔｅ,千葉県浦安市当代島１丁目３番３号,2021-08-02,株式会社
株式会社ＯＡＩＳＯ,東京都北区中十条３丁目３５－１桑沢ビル５Ｆ,2021-08-02,株式会社
株式会社ＯＮＥ,石川県河北郡津幡町字津幡ハ９５,2021-08-02,株式会社
株式会社ＯＮＥ　ＴＲＹ,神奈川県相模原市南区東林間５丁目１８番１３号２階,2021-08-02,株式会社
株式会社Ｏｆｆｉｃｅ　Ｋ,福岡県福岡市博多区博多駅南３丁目１２番５号,2021-08-02,株式会社
株式会社ＰＯＳＴ,東京都中央区銀座６丁目１３番１６号銀座ＷａｌｌビルＵＣＦ５０１,2021-08-02,株式会社
株式会社Ｐｒｏｔｏｓｕｒｅ　Ｊａｐａｎ,東京都中央区日本橋兜町６番５号,2021-08-02,株式会社
株式会社ＱＬＵＳ建築設計事務所,熊本県熊本市東区戸島西１丁目２５番２０号ＧＡＬＥＮＡ・Ｃ－１,2021-08-02,株式会社
株式会社Ｒ．Ａ．Ｙ,愛知県春日井市割塚町１３８番地河合ビル１Ｆ,2021-08-02,株式会社
株式会社Ｒ．Ｍコーポレーション,東京都港区新橋１丁目１８番２１号第一日比谷ビル４Ｆ,2021-08-02,株式会社
株式会社ＲＡＭ,東京都世田谷区瀬田１丁目２８番１８号,2021-08-02,株式会社
株式会社ＲＳＪ,宮城県仙台市太白区上野山１丁目１６番６号,2021-08-02,株式会社
株式会社Ｒｅｓｔａｒｔ　ｙｕ　ｃｏｍｐａｎｙ,大阪府守口市寺内町１丁目１１番５－３０３号,2021-08-02,株式会社
株式会社Ｒｉｅ’ｓ　ｓｔｙｌｅ,兵庫県尼崎市武庫之荘３丁目１８番５号１階,2021-08-02,株式会社
株式会社Ｒｉｎｇｉｎｇ,神奈川県横浜市港北区新横浜３丁目７－７新横浜アリーナ通りビル３Ｆ－４６番,2021-08-02,株式会社
株式会社Ｒｏｂｅｒｕ　Ａｕｔｏ,愛知県瀬戸市三沢町１丁目３５６番地,2021-08-02,株式会社
株式会社ＳＤＩ,福岡県久留米市御井町１６４７番地２,2021-08-02,株式会社
株式会社ＳＥＥＤ,東京都江戸川区西小岩１丁目２２－１小岩東総ハイツ７０３号,2021-08-02,株式会社
株式会社ＳＰＫＧ,埼玉県さいたま市大宮区寿能町２丁目２１１番地３,2021-08-02,株式会社
株式会社ＳＴＡＮＤ,東京都台東区根岸３丁目５番７号,2021-08-02,株式会社
株式会社ＳＴＧ,東京都品川区南大井３丁目２０－１１伊藤ビルＢ１,2021-08-02,株式会社
株式会社ＳＵＢｋｉｃｋ,大阪府大阪市生野区巽北２丁目１２番５号３Ｆ,2021-08-02,株式会社
株式会社Ｓｕｇａｒｆｏｘ,千葉県柏市高柳１３６１番地７,2021-08-02,株式会社
株式会社Ｔ－Ｃｒｅｗ,奈良県奈良市三条大路１丁目８番２３号・大一車両ビル１Ｆ,2021-08-02,株式会社
株式会社ＴＨＣ,福岡県筑紫野市二日市中央２丁目５－２５,2021-08-02,株式会社
株式会社ＴＫコンサルティング,東京都江東区東雲２丁目２番１４－１０１４号,2021-08-02,株式会社
株式会社ＴＯＹＯ工業,宮城県宮城郡七ヶ浜町遠山１丁目１０番４５号,2021-08-02,株式会社
株式会社ＴＲＡＩＬホールディングス,東京都港区芝公園２丁目１１番１１号,2021-08-02,株式会社
株式会社ＵＣＭ,東京都新宿区早稲田鶴巻町５６８番地Ｂｒａｎｃｈｅ早稲田４０２,2021-08-02,株式会社
株式会社Ｕｎｉ　Ｃｒｕｉｓｅ　Ｉｎｎｏｖａｔｉｏｎ,神奈川県横浜市都筑区茅ケ崎南５丁目１３番２号,2021-08-02,株式会社
株式会社ＶＩＴＡ,東京都中央区八丁堀２丁目３０番１５号田畑ビル３階,2021-08-02,株式会社
株式会社ＶｉＬＬ,愛知県北名古屋市久地野牧野６番地２,2021-08-02,株式会社
株式会社Ｗｅｌｌｓｐｒｉｎｇ　Ｃｏｍｐａｎｙ,埼玉県川口市南鳩ヶ谷３丁目７番２号,2021-08-02,株式会社
株式会社Ｗｅｓｍａ,東京都新宿区西新宿４丁目２４番１８－３１５号,2021-08-02,株式会社
株式会社Ｗｏｒｌｄ　Ｓｔａｇｅ,福岡県福岡市中央区天神２丁目３番１０号天神パインクレスト７１９号,2021-08-02,株式会社
株式会社ＸＬＳ　ＷＯＲＬＤ,大阪府大阪市北区長柄中１丁目３番１９－２０３号,2021-08-02,株式会社
株式会社Ｙ,埼玉県ふじみ野市ふじみ野１丁目１番３９号３Ｆ,2021-08-02,株式会社
株式会社ＹＳＴ,神奈川県川崎市幸区中幸町３丁目３番１号,2021-08-02,株式会社
株式会社ｄｒｏｐ,東京都新宿区新宿１丁目３４番１１－９０２号,2021-08-02,株式会社
株式会社ｅｉｅｉｏ,京都府京都市南区東九条中御霊町５２番地,2021-08-02,株式会社
株式会社ｅｍｉｎｅｓｓ,東京都渋谷区神宮前３丁目３２番２号,2021-08-02,株式会社
株式会社ｈｒｒｒｓ,千葉県我孫子市南新木３丁目５－２クレストＭ壱番館２０３,2021-08-02,株式会社
株式会社ｉファシリティーズ,東京都新宿区西新宿４丁目１５番３号住友不動産西新宿ビル３号館７階,2021-08-02,株式会社
株式会社ｎｅｐｉ,東京都港区港南４丁目２番７シティタワー品川２００１号室,2021-08-02,株式会社
株式会社ｐｉｃｏｌｌｅｔ,埼玉県川口市南町１丁目１１番６号ルイシャトレ川口プレイズ１０５,2021-08-02,株式会社
株式会社ｓｑ－ｃｌｏｕｄ,東京都豊島区南長崎５丁目９番１０号レジェンド南長崎４０６号,2021-08-02,株式会社
株式会社ｓｕｋｉｃｏｔｏ,愛知県名古屋市瑞穂区洲雲町４丁目６２－５シェスタ桜山４Ｄ室,2021-08-02,株式会社
株式会社ｗｅａｒｃｏｏｒｄ,神奈川県横浜市中区元町４丁目１６８ＢＩＺｃｏｍｆｏｒｔ元町,2021-08-02,株式会社
株式会社ｙｏｕｓｅｎ,東京都渋谷区桜丘町２６番１号セルリアンタワー１５階,2021-08-02,株式会社
椎茸工房協同組合,新潟県南魚沼市今町１２４２番,2021-08-02,その他の設立登記法人
横浜大船一般社団法人,東京都中央区日本橋２丁目７番１号,2021-08-02,その他の設立登記法人
洋田株式会社,東京都墨田区東駒形３丁目１８－４,2021-08-02,株式会社
港の朝市協同組合,千葉県いすみ市大原７４００番地８,2021-08-02,その他の設立登記法人
特定非営利活動法人あいさぽセンター,福島県会津若松市馬場町１番２０号,2021-08-02,その他の設立登記法人
特定非営利活動法人リビングサービス,埼玉県さいたま市大宮区高鼻町１丁目５１－１三石ビル１Ｆ,2021-08-02,その他の設立登記法人
特定非営利活動法人上越名家ネットワーク,新潟県上越市頸城区百間町７８７番地１,2021-08-02,その他の設立登記法人
特定非営利活動法人地域ぐるみの子育てをすすめるひだまりの会,福岡県福岡市城南区田島２丁目１４番２号,2021-08-02,その他の設立登記法人
特定非営利活動法人彩の波,埼玉県さいたま市中央区上落合８丁目３番３２号ホームズさいたま中央店２階医療法人社団彩の風さいたま中央クリニック内,2021-08-02,その他の設立登記法人
特定非営利活動法人曽爾のあさひ,奈良県宇陀郡曽爾村大字掛５２６番地,2021-08-02,その他の設立登記法人
特定非営利活動法人輝生会,埼玉県越谷市千間台西４丁目８番地６０ドルフ千間台２０１号,2021-08-02,その他の設立登記法人
特定非営利活動法人ＯＳＡＫＡ　ＣＲＡＺＹ　ＧＩＲＬＳ,大阪府大阪市阿倍野区三明町１丁目７番２５号,2021-08-02,その他の設立登記法人
特定非営利活動法人ＴＯＳＳ東京教え方研究会,東京都町田市相原町３７０番地２２,2021-08-02,その他の設立登記法人
特定非営利活動法人Ｙｉｐｓ　ｌａｂ．　Ｊａｐａｎ,埼玉県白岡市小久喜８１０番地１,2021-08-02,その他の設立登記法人
社会福祉法人大同宏緑会,愛知県東海市名和町長生９番,2021-08-02,その他の設立登記法人
翔雲合同会社,東京都中央区銀座１丁目１２番４号Ｎ＆ＥＢＬＤ７階,2021-08-02,合同会社
翠樹華光株式会社,東京都千代田区一番町１０番地８一番町ウェストビル５階,2021-08-02,株式会社
肉信合同会社,徳島県板野郡板野町川端字内井３０番地１,2021-08-02,合同会社
興源株式会社,東京都千代田区岩本町２丁目１６番９号大和橋ビル１Ｆ,2021-08-02,株式会社
蒼天ベース株式会社,埼玉県入間市宮寺２８０８－１,2021-08-02,株式会社
藝象萬千文化教育寰宇發展株式会社,大阪府河内長野市末広町２番３７号,2021-08-02,株式会社
豊株式会社,千葉県南房総市加茂１７１番地,2021-08-02,株式会社
那羅延株式会社,大阪府大阪市西成区旭２丁目１番２８－４０２号,2021-08-02,株式会社
２ｎｄＬＩＮＥ合同会社,東京都目黒区目黒本町６丁目５番９号,2021-08-02,合同会社
５０－５０合同会社,東京都江戸川区船堀１丁目８－２２－１２０４,2021-08-02,合同会社
ＡｇｇｒｏＢｉｒｄ合同会社,京都府京都市中京区烏丸通三条東入ル梅忠町２４番地三条ＣＯＨＪＵビル４階,2021-08-02,合同会社
Ａｙｕｍｉｚｕ株式会社,東京都中央区日本橋浜町２丁目２５－２－８Ｆ,2021-08-02,株式会社
ＣＲＫ株式会社,神奈川県川崎市宮前区菅生ケ丘３８番３３号,2021-08-02,株式会社
ＤＥＳＡＶＯ株式会社,東京都港区六本木６丁目１番２０号六本木電気ビル７Ｆ,2021-08-02,株式会社
ＥＲＫ株式会社,東京都台東区駒形２丁目６－１０リバーレ浅草駒形３０２,2021-08-02,株式会社
Ｅｎｕｍａ　Ｊａｐａｎ合同会社,東京都新宿区舟町１５番地４４Ｇ＆Ｐビル,2021-08-02,合同会社
Ｆ企画株式会社,兵庫県神戸市東灘区鴨子ケ原２丁目３番２９－４０４号,2021-08-02,株式会社
ＧＬＯＩＲＥ　ＬＩＮＫ合同会社,東京都港区北青山２丁目７－２０猪瀬ビル２Ｆ,2021-08-02,合同会社
ＧＯＧＯシェア株式会社,愛知県名古屋市中区上前津２丁目１０番２８号,2021-08-02,株式会社
ＧＰＤあかつき合同会社,東京都千代田区一ツ橋２丁目５番５号,2021-08-02,合同会社
ＧＰＤかもめ合同会社,東京都千代田区一ツ橋２丁目５番５号,2021-08-02,合同会社
ＧＰＤこだま合同会社,東京都千代田区一ツ橋２丁目５番５号,2021-08-02,合同会社
ＧＰＤつばめ合同会社,東京都千代田区一ツ橋２丁目５番５号,2021-08-02,合同会社
ＧＰＤにちりん合同会社,東京都千代田区一ツ橋２丁目５番５号,2021-08-02,合同会社
ＧＰＤのぞみ合同会社,東京都千代田区一ツ橋２丁目５番５号,2021-08-02,合同会社
ＧＰＤひかり合同会社,東京都千代田区一ツ橋２丁目５番５号,2021-08-02,合同会社
ＧＰＤみどり合同会社,東京都千代田区一ツ橋２丁目５番５号,2021-08-02,合同会社
ＧＰＤ彗星合同会社,東京都千代田区一ツ橋２丁目５番５号,2021-08-02,合同会社
ＧＰＤ明星合同会社,東京都千代田区一ツ橋２丁目５番５号,2021-08-02,合同会社
ＧＰＤ月光合同会社,東京都千代田区一ツ橋２丁目５番５号,2021-08-02,合同会社
ＧＳホールディングス株式会社,東京都千代田区大手町１丁目７番２号,2021-08-02,株式会社
ＨＡＧ株式会社,千葉県袖ケ浦市のぞみ野７５番地７,2021-08-02,株式会社
ＨＡＲＰ株式会社,東京都千代田区丸の内３丁目４番１号新国際ビル６階,2021-08-02,株式会社
ＨＩＫＡＲＩ　Ｌｉｖｅｒ　Ｏｆｆｉｃｅ合同会社,東京都渋谷区神宮前６丁目２３番４号桑野ビル２階,2021-08-02,合同会社
ＨＫＴメンテナンス合同会社,兵庫県尼崎市上ノ島町１丁目６番１０号,2021-08-02,合同会社
ＩＢ株式会社,北海道札幌市中央区北四条東２丁目８サッポロユニオンハイツ４０１,2021-08-02,株式会社
Ｉｎｓｔｉｌｌａｒｔ株式会社,東京都港区麻布十番１丁目２番７号ラフィネ麻布十番７０１号室,2021-08-02,株式会社
ＪＫＲＭ合同会社,兵庫県芦屋市翠ケ丘町２０番４号１０１,2021-08-02,合同会社
ＪＭＡ　ＣＯＲＰＯＲＡＴＩＯＮ合同会社,東京都新宿区高田馬場２丁目１９番７号タックイレブン高田馬場９階９０４号,2021-08-02,合同会社
Ｊｕｎｅ　Ｗｏｒｌｄｗｉｄｅ株式会社,宮城県石巻市あゆみ野３丁目２番地１２,2021-08-02,株式会社
Ｋ　Ｓｅｍｉ　Ｔｅｃｈ株式会社,宮城県仙台市青葉区北根黒松２番３０－５０３号,2021-08-02,株式会社
Ｋ・Ｄエネルギー株式会社,宮城県角田市毛萱字南戸ノ内２１番地,2021-08-02,株式会社
ＫＡ２０合同会社,東京都江戸川区平井３丁目２３番２５号Ｆｌｅｕｒ平井５０１,2021-08-02,合同会社
Ｌ＆Ｎ合同会社,東京都台東区東上野２丁目４番３号,2021-08-02,合同会社
ＬＯＦ株式会社,東京都世田谷区鎌田２丁目２３番３号,2021-08-02,株式会社
Ｌｙｎｘ株式会社,東京都港区新橋６丁目８番１－２０１号室,2021-08-02,株式会社
ＭＡＵＩ株式会社,東京都文京区白山２丁目２番７号,2021-08-02,株式会社
ＭＫマネジメント合同会社,東京都新宿区北新宿１丁目８－２２－２０１,2021-08-02,合同会社
ＭＷＡＶＥエンジニアサポート合同会社,東京都港区浜松町２丁目２番１５号浜松町ダイヤビル２Ｆ,2021-08-02,合同会社
Ｎデザイン株式会社,埼玉県さいたま市中央区大字下落合１０８３番地３,2021-08-02,株式会社
ＮＡＮＡＩＲＯ　ＡＲＫ合同会社,東京都新宿区歌舞伎町２丁目２１番１７号,2021-08-02,合同会社
ＮＫフーズサプライ合同会社,千葉県鎌ケ谷市東中沢１丁目１２番１６号,2021-08-02,合同会社
ＮＰＯ法人子どもアドボカシーセンター福岡,福岡県福岡市中央区警固２丁目１７番２６－８０４号秀和警固レジデンス,2021-08-02,その他の設立登記法人
ＮＰＯ法人虐待どっとネット,大阪府大阪市住吉区大領１丁目２番２１号,2021-08-02,その他の設立登記法人
ＮＰＯ法人防災ＷＥＳＴ,熊本県熊本市西区城山半田１丁目７番２３号,2021-08-02,その他の設立登記法人
ＮｅＸＢＩＴ　Ｎｅｔｗｏｒｋｓ合同会社,東京都目黒区目黒４丁目１７番１６号,2021-08-02,合同会社
ＯＭＥＣＨＥ　ＥＭＥＫＡ　ＧＯＤＳＯＮ合同会社,神奈川県海老名市東柏ケ谷１丁目１７番１４－２０２号,2021-08-02,合同会社
ＰＣＫ株式会社,愛知県名古屋市港区天目町１１３番地,2021-08-02,株式会社
ＰＪＭＦ　Ｉｎｖｅｓｔｍｅｎｔｓ合同会社,東京都港区元赤坂１丁目１番７－１００６号,2021-08-02,合同会社
ＰＪＭＦ　ＭＬ合同会社,東京都港区元赤坂１丁目１番７－１００６号,2021-08-02,合同会社
ＰＰＢ株式会社,鹿児島県鹿児島市紫原７丁目３６番２６号－８階,2021-08-02,株式会社
ＲＢソーラーエメラルドホールディングス一般社団法人,東京都港区虎ノ門３丁目２２番１０－２０１号,2021-08-02,その他の設立登記法人
ＲＢソーラーエメラルド合同会社,東京都港区虎ノ門３丁目２２番１０－２０１号,2021-08-02,合同会社
ＲＢソーラーサファイアホールディングス一般社団法人,東京都港区虎ノ門３丁目２２番１０－２０１号,2021-08-02,その他の設立登記法人
ＲＢソーラーサファイア合同会社,東京都港区虎ノ門３丁目２２番１０－２０１号,2021-08-02,合同会社
ＲＢソーラールビーホールディングス一般社団法人,東京都港区虎ノ門３丁目２２番１０－２０１号,2021-08-02,その他の設立登記法人
ＲＢソーラールビー合同会社,東京都港区虎ノ門３丁目２２番１０－２０１号,2021-08-02,合同会社
Ｒｅｃｏｒｄ株式会社,兵庫県姫路市網干区新在家５６９番地,2021-08-02,株式会社
Ｒｉｎｇ－Ｌｉｎｋ株式会社,神奈川県川崎市宮前区宮崎２丁目９番地６ＢＬＥＳＳ宮崎台１３０６,2021-08-02,株式会社
ＳＳＶ株式会社,愛知県名古屋市港区新茶屋４丁目２８０３番地,2021-08-02,株式会社
ＳＴＡＲ　ＯＦ　ＡＳＰＩＲＡＴＩＯＮ株式会社,岐阜県岐阜市茜部野瀬１丁目４３番地,2021-08-02,株式会社
ＳＵＰＥＲ　ＪＵＮ　ＩＮＴＥＲＮＡＴＩＯＮＡＬ合同会社,埼玉県北足立郡伊奈町学園２丁目１３９番地,2021-08-02,合同会社
ＳｋｙＢｌｕｅＪａｐａｎ株式会社,福岡県北九州市小倉北区米町１丁目１番１号小倉駅前ひびきビル６階,2021-08-02,株式会社
ＴＤ株式会社,千葉県松戸市小金上総町１４番地の４丸大マンション１０２号,2021-08-02,株式会社
ＴＦアドバンス株式会社,神奈川県鎌倉市岡本１５００－１３－５１１,2021-08-02,株式会社
ＴＧＳＧホールディングス株式会社,愛知県名古屋市中区千代田５丁目４番１６号,2021-08-02,株式会社
ＴＫＳ合同会社,広島県安芸郡熊野町城之堀６丁目７－１,2021-08-02,合同会社
ＵＢｒａｉｎ合同会社,東京都新宿区新宿１丁目３６番１２号,2021-08-02,合同会社
Ｕｃｈｉｋａｗａ　Ｃｏｒｐｏｒａｔｉｏｎ株式会社,神奈川県川崎市宮前区潮見台８番１０－４１３号,2021-08-02,株式会社
ＵｒａＢａｎａｓｈｉ株式会社,東京都新宿区西新宿３丁目２番９号,2021-08-02,株式会社
ａ－ｓｔｅｐ株式会社,東京都大田区西糀谷３丁目２４番６号,2021-08-02,株式会社
ｔｓｕｚｕｋｉ　ＢＡＳＥ株式会社,東京都千代田区平河町２丁目７番２号９Ｆ,2021-08-02,株式会社
なないろ訪問看護ステーション株式会社,埼玉県北足立郡伊奈町本町２丁目２３番地ウエストガーデンⅡ１００号,2021-08-03,株式会社
アクシアホールディングス株式会社,愛媛県南宇和郡愛南町御荘平城３６２５番地,2021-08-03,株式会社
アッペンジャパン株式会社,東京都千代田区丸の内１丁目５番１号新丸の内ビルディング９階,2021-08-03,株式会社
アールティーエヌ株式会社,東京都千代田区神田須田町１丁目１４番１号ヒューリック神田須田町ビル１階,2021-08-03,株式会社
イノコス・ラボ株式会社,大阪府大阪市此花区島屋６丁目２番１４号,2021-08-03,株式会社
ウィングランド合同会社,北海道北広島市稲穂町東６丁目３番地２６,2021-08-03,合同会社
エアテス株式会社,岩手県盛岡市東松園４丁目８番７号,2021-08-03,株式会社
エイティ株式会社,愛知県名古屋市天白区植田山２丁目５０８番地の２,2021-08-03,株式会社
エヌビービーウォリックリース株式会社,東京都中央区日本橋浜町３丁目３番２号,2021-08-03,株式会社
エヌビービーケニルワースリース株式会社,東京都中央区日本橋浜町３丁目３番２号,2021-08-03,株式会社
エヌビービースノードンリース株式会社,東京都中央区日本橋浜町３丁目３番２号,2021-08-03,株式会社
エヌビービードーバーリース株式会社,東京都中央区日本橋浜町３丁目３番２号,2021-08-03,株式会社
エヌビービーベンネビスリース株式会社,東京都中央区日本橋浜町３丁目３番２号,2021-08-03,株式会社
エヌビービーベンモアリース株式会社,東京都中央区日本橋浜町３丁目３番２号,2021-08-03,株式会社
エヌビービーボルソバーリース株式会社,東京都中央区日本橋浜町３丁目３番２号,2021-08-03,株式会社
エージェント株式会社,大阪府富田林市若松町５丁目３番９号,2021-08-03,株式会社
オシエビト合同会社,大阪府堺市北区金岡町１２７７番地２グローリアス金岡Ｂ１０２号,2021-08-03,合同会社
カボデンタルシステムズジャパン合同会社,東京都千代田区丸の内２丁目１番１号明治生命館７階ディーエルエイ・パイパー東京パートナーシップ外国法共同事業法律事務所内,2021-08-03,合同会社
クラシード株式会社,宮崎県宮崎市大字恒久９４７番地１,2021-08-03,株式会社
クレインピーク合同会社,神奈川県茅ヶ崎市浜之郷８３５－１,2021-08-03,合同会社
グランスペクト株式会社,愛知県名古屋市緑区小坂１丁目６０２番地,2021-08-03,株式会社
コンパス合同会社,東京都八王子市片倉町７０３番地７ＭＮＴテラスハウス１０２,2021-08-03,合同会社
サステナブリッジ合同会社,東京都大田区東蒲田１丁目１番２２号,2021-08-03,合同会社
ジェネリック化粧品株式会社,山梨県甲府市丸の内１丁目２番９号丸の内駅前ビル２Ｆ,2021-08-03,株式会社
ジャパンファシリティ株式会社,愛知県岡崎市葵町１番地１０,2021-08-03,株式会社
ジー・ジェイ・レジデンス・フォー一般社団法人,東京都港区虎ノ門４丁目３番１号城山トラストタワー２７階ＳａｎｎｅＧｒｏｕｐＪａｐａｎ株式会社内,2021-08-03,その他の設立登記法人
ジー・ジェイ・レジデンス・フォー特定目的会社,東京都港区虎ノ門４丁目３番１号城山トラストタワー２７階ＳａｎｎｅＧｒｏｕｐＪａｐａｎ株式会社内,2021-08-03,その他の設立登記法人
スイートコーン合同会社,東京都千代田区神田三崎町２丁目１９番９号,2021-08-03,合同会社
スカイツーリスト株式会社,新潟県新潟市中央区堀之内南２丁目１９番１４号,2021-08-03,株式会社
スターク株式会社,愛媛県伊予市下吾川１８１４番地２５,2021-08-03,株式会社
スタート株式会社,東京都足立区古千谷本町４丁目１０番１号,2021-08-03,株式会社
スプーン株式会社,岡山県倉敷市庄新町１２番３‐７号,2021-08-03,株式会社
タクミキャピタルジャパン株式会社,東京都中央区日本橋２丁目１番３号アーバンネット日本橋二丁目ビル１０階,2021-08-03,株式会社
ディーパートラベル株式会社,東京都世田谷区太子堂１丁目１２番３８号,2021-08-03,株式会社
デリックス合同会社,東京都渋谷区神宮前６丁目２３番４号桑野ビル２階,2021-08-03,合同会社
ネオルバ株式会社,東京都文京区本郷２丁目４０番１７号,2021-08-03,株式会社
ピュア・グリーン株式会社,静岡県島田市御仮屋町７４４７番地の１０,2021-08-03,株式会社
フォワード税理士法人,東京都中央区日本橋本町３丁目１番６号,2021-08-03,その他の設立登記法人
フォーチュンアセット・パートナーズ株式会社,東京都目黒区三田１丁目３番２９－４０１号,2021-08-03,株式会社
フジ商事株式会社,東京都日野市大坂上１丁目２４－１２,2021-08-03,株式会社
フラハリンクス株式会社,愛知県名古屋市北区成願寺１丁目６番,2021-08-03,株式会社
フレッシュ株式会社,大阪府大阪市北区同心２丁目３番１９号ルネサンス同心ビル２０１号,2021-08-03,株式会社
マルチステージ合同会社,神奈川県横浜市港北区綱島上町４８番地１プラウド綱島上町４０３,2021-08-03,合同会社
モリタ建築株式会社,奈良県大和郡山市新町５５５番地１,2021-08-03,株式会社
ヤッパデータ・ジャパン株式会社,東京都千代田区九段南１丁目５番６号りそな九段ビル５Ｆ,2021-08-03,株式会社
ライスリーフ株式会社,大阪府茨木市庄２丁目１９番２１号,2021-08-03,株式会社
リッジビューパートナーズ合同会社,東京都大田区南雪谷４丁目１３－１８デザインコート南雪谷Ｄ棟,2021-08-03,合同会社
ワールドビジネス株式会社,群馬県安中市岩井字中ノ平１６０３番３０,2021-08-03,株式会社
一般社団法人たけの観光協会,兵庫県豊岡市竹野町竹野１７番地の２２,2021-08-03,その他の設立登記法人
一般社団法人アイコニック,長野県伊那市西箕輪３３４０番地２１４,2021-08-03,その他の設立登記法人
一般社団法人アキバコ,長野県須坂市中町２０２番地１,2021-08-03,その他の設立登記法人
一般社団法人ジーク,東京都港区南青山３丁目１８番１号３階,2021-08-03,その他の設立登記法人
一般社団法人フリースクール等連合会,大分県大分市大字下判田２３３４番地の５,2021-08-03,その他の設立登記法人
一般社団法人地域づくり美麻,長野県大町市美麻１６９８１番地,2021-08-03,その他の設立登記法人
一般社団法人情報医療機器研究会,静岡県伊東市富戸１３１７－４６５,2021-08-03,その他の設立登記法人
一般社団法人日本の心,千葉県松戸市下矢切１２８番地の３ビバ７０ハウス２０２号,2021-08-03,その他の設立登記法人
一般社団法人日本カーボンニュートラル協会,福井県越前市本保町第８号５番地の１,2021-08-03,その他の設立登記法人
一般社団法人福祉居場所づくり協会,青森県むつ市大字田名部字品ノ木３４番地２９０,2021-08-03,その他の設立登記法人
一般社団法人製銑科学技術コンソーシアム,東京都文京区弥生２丁目１１番１６号,2021-08-03,その他の設立登記法人
一般社団法人Ｐ．Ａ．Ａ．Ｓ,長野県北安曇郡白馬村大字北城１１４１８,2021-08-03,その他の設立登記法人
一般社団法人ＳＡＴＯ　ＬＡＢＯ,福岡県田川市大字奈良１５８７番地９５石川ハイツ１　１０２号室,2021-08-03,その他の設立登記法人
一般社団法人ＳＤＧｓてらす,山口県宇部市大字西岐波２２９番地３３８,2021-08-03,その他の設立登記法人
上村工務店株式会社,大阪府羽曳野市南恵我之荘３丁目６番２号,2021-08-03,株式会社
中小支援合同会社,東京都大田区大森北６丁目２５－１７,2021-08-03,合同会社
中村工業合同会社,神奈川県高座郡寒川町一之宮４丁目９番３５号,2021-08-03,合同会社
中村建材株式会社,和歌山県新宮市あけぼの２番６号,2021-08-03,株式会社
丸幸村松株式会社,静岡県掛川市西大渕５３８３番地の１,2021-08-03,株式会社
亜土夢株式会社,東京都台東区三筋１丁目９番９号,2021-08-03,株式会社
人材バンク唐津協同組合,佐賀県唐津市大名小路５－２,2021-08-03,その他の設立登記法人
佐友船舶科技株式会社,大阪府大阪市西成区天下茶屋１丁目４番４号Ａ１,2021-08-03,株式会社
佐藤ブルーベリー農園合同会社,大分県玖珠郡玖珠町大字帆足８９８番地の１７,2021-08-03,合同会社
佐藤洪平商事合同会社,東京都練馬区豊玉南１丁目２番７－２０３号,2021-08-03,合同会社
佗鵲堂株式会社,神奈川県足柄上郡松田町松田惣領１１番地２１,2021-08-03,株式会社
冷凍プリンソフト株式会社,三重県伊勢市宇治浦田３丁目２４番２９号,2021-08-03,株式会社
函館ハイトラスト株式会社,北海道函館市金堀町４番５－１０３号,2021-08-03,株式会社
加藤スペースファクトリー合同会社,愛知県名古屋市中区橘１丁目１６２４番地,2021-08-03,合同会社
勇榮合同会社,高知県室戸市吉良川町甲２８６２番地,2021-08-03,合同会社
医療法人小林整形外科,大阪府茨木市春日１丁目９番２２号タウンハウス今々館１階,2021-08-03,その他の設立登記法人
医療法人歯っぴー,岐阜県関市西本郷通２丁目２番１７号,2021-08-03,その他の設立登記法人
司法書士法人クロスロード,福岡県福岡市博多区博多駅南１丁目２番３号博多駅前第１ビル５階,2021-08-03,その他の設立登記法人
司法書士法人佐藤合同事務所,東京都千代田区神田神保町２丁目４番地,2021-08-03,その他の設立登記法人
合同会社あおぞら,神奈川県大和市林間１丁目１番１６号,2021-08-03,合同会社
合同会社ずぅしすてむ,長野県飯田市鼎名古熊２１４１番地１,2021-08-03,合同会社
合同会社とくしま自然エネルギー,徳島県徳島市応神町応神産業団地１０番地１,2021-08-03,合同会社
合同会社なかむら,鳥取県鳥取市賀露町北３丁目４番２８号,2021-08-03,合同会社
合同会社りんたろー,鳥取県米子市西福原７丁目９番１９号２号,2021-08-03,合同会社
合同会社アイティーエキスパート,大阪府大阪市北区西天満５丁目１番９号,2021-08-03,合同会社
合同会社アクシアプラス,岡山県岡山市北区中撫川６４６番地１０,2021-08-03,合同会社
合同会社アザーントレーディング,神奈川県相模原市南区磯部４０５番地－Ｃ２０２,2021-08-03,合同会社
合同会社アジャストトレーディング,千葉県長生郡一宮町船頭給２４８番地１３,2021-08-03,合同会社
合同会社アスリード,福岡県大野城市御笠川４丁目１１番１９号,2021-08-03,合同会社
合同会社アベイルシステム,福岡県福岡市博多区南八幡町２丁目８番５－１０４号コスモ南福岡ウィングガーデン,2021-08-03,合同会社
合同会社エクステリアスギモト,愛媛県松山市中西外６８１番地,2021-08-03,合同会社
合同会社オルタナ５,東京都千代田区丸の内３丁目１番１号東京共同会計事務所内,2021-08-03,合同会社
合同会社オーエスアイ,長崎県東彼杵郡波佐見町湯無田郷２８２番地４,2021-08-03,合同会社
合同会社ケイプラン,神奈川県小田原市風祭１０７番地の１パノラマハイツ５０１,2021-08-03,合同会社
合同会社コンタクト,大阪府大阪市西区南堀江１丁目７番３号オールドベティーズビル４Ｆ,2021-08-03,合同会社
合同会社サルー,東京都多摩市山王下１丁目１６－８,2021-08-03,合同会社
合同会社サークル,東京都文京区小石川３丁目２６番２号,2021-08-03,合同会社
合同会社スルメ不動産,東京都江戸川区一之江５丁目１６番地１０号,2021-08-03,合同会社
合同会社タカハシ,新潟県村上市肴町２０番８号,2021-08-03,合同会社
合同会社ダイフク,熊本県熊本市中央区慶徳堀町２４番地４０１,2021-08-03,合同会社
合同会社ネックス,宮崎県宮崎市大字芳士１６８３番地１,2021-08-03,合同会社
合同会社ファクトリー杉山,新潟県新発田市富塚町１丁目６番２号,2021-08-03,合同会社
合同会社フィールドＫ,熊本県熊本市東区尾ノ上３丁目１４番２号２階,2021-08-03,合同会社
合同会社フェリーチェ,沖縄県那覇市安謝１丁目２１番８号メゾン・ボヌール２０４,2021-08-03,合同会社
合同会社プロムネクト,埼玉県所沢市小手指台２８番地の１マーブル小手指２１１,2021-08-03,合同会社
合同会社ホワイトカンパニー,東京都大田区蒲田５丁目１９番１７号第８村上ビル２Ｆ,2021-08-03,合同会社
合同会社ミューチュアル,北海道旭川市九条西３丁目１番１６号,2021-08-03,合同会社
合同会社モットミル,東京都千代田区神田富山町７番４０９号,2021-08-03,合同会社
合同会社ラクチン,東京都八王子市別所１丁目４３番地８０,2021-08-03,合同会社
合同会社リッツ,東京都中野区本町１丁目１４－２アジールコート中野坂上３０６,2021-08-03,合同会社
合同会社リンクプラス,千葉県千葉市花見川区朝日ケ丘４丁目３８番７－１０１,2021-08-03,合同会社
合同会社五方よし,東京都中央区銀座１丁目２２番１１号銀座大竹ビジデンス２Ｆ,2021-08-03,合同会社
合同会社健康力アップ,大阪府大阪市中央区東平１丁目２番１５－１１０２号,2021-08-03,合同会社
合同会社吉田工務店,岩手県盛岡市上田字狐崎稲荷７５番地１,2021-08-03,合同会社
合同会社和愛,沖縄県豊見城市字真玉橋５５番地グリーンコーポ比嘉１０３,2021-08-03,合同会社
合同会社宗像建材,静岡県静岡市葵区桜町２丁目７－７,2021-08-03,合同会社
合同会社整体院すみれ,神奈川県相模原市中央区淵野辺１丁目６番１－１０２０号,2021-08-03,合同会社
合同会社渡名喜,沖縄県中頭郡中城村字南上原６３０番地３琉大東荘１０１号室,2021-08-03,合同会社
合同会社湘南ＷｅｂＷｏｒｋｓ,神奈川県平塚市公所２９０－１１,2021-08-03,合同会社
合同会社演人全開,東京都杉並区和泉４丁目４７番６号和泉多田マンション５０１,2021-08-03,合同会社
合同会社百式改,東京都渋谷区恵比寿西２丁目１７番２０号代官山佐野ビル,2021-08-03,合同会社
合同会社興英,長崎県佐世保市天神３丁目６００番地１８,2021-08-03,合同会社
合同会社若林,新潟県長岡市千手３丁目３番２１号,2021-08-03,合同会社
合同会社藤田商事,静岡県浜松市中区泉３丁目９番４３号,2021-08-03,合同会社
合同会社ＡＭＯ,東京都中央区日本橋大伝馬町２番１２－３０２号,2021-08-03,合同会社
合同会社Ｂｅａｕｔｙ　ｍａｎｉａ,東京都渋谷区恵比寿西１丁目３３番６－３０４号ＪＰｎｏｉｅ恵比寿西,2021-08-03,合同会社
合同会社ＣＲＰ,東京都葛飾区新小岩２丁目１０番９号新小岩バルコスビル４０１号,2021-08-03,合同会社
合同会社ＤＩＣＥ,和歌山県岩出市山１００５－４,2021-08-03,合同会社
合同会社ＤＩＹｐｌｕｓ,兵庫県明石市東野町２０５６－５０６,2021-08-03,合同会社
合同会社ＤＫ,神奈川県相模原市南区相模大野７丁目５番８－９０５号,2021-08-03,合同会社
合同会社Ｄｏｏｒｋｎｏｂ,東京都目黒区鷹番３丁目１４－２０エムズ鷹番１０１,2021-08-03,合同会社
合同会社ＥａｓｔＯｒｉｇｉｎａｌ,東京都中央区築地７丁目１８番２－５０２号,2021-08-03,合同会社
合同会社ＦＩＦＴＨ　ＥＬＥＭＥＮＴ,愛媛県松山市船ケ谷町１９３番地１,2021-08-03,合同会社
合同会社ＦＯＯＤ　ＪＵＧＧＬＥＲ,高知県高知市追手筋１丁目８－４－１Ｆ,2021-08-03,合同会社
合同会社ＨＩＲＯＣＫ,愛知県豊橋市細谷町字石蔵１６３番地２,2021-08-03,合同会社
合同会社Ｈａｒｖｅｓｔ,神奈川県大和市鶴間２丁目３－５,2021-08-03,合同会社
合同会社ＪＯＭＬ,東京都江戸川区中葛西５丁目２４番１７号,2021-08-03,合同会社
合同会社Ｋｕｐｏｎｏ,愛知県豊明市沓掛町峠前２１番地３５８,2021-08-03,合同会社
合同会社ＬＩＭＩＴＬＥＳＳ,東京都渋谷区神宮前６丁目２３番４号桑野ビル２階,2021-08-03,合同会社
合同会社Ｍ＆Ｈ　Ｃｏｒｐｏｒａｔｉｏｎ,神奈川県藤沢市藤沢９９１－１９ダイカンプラザ１０２,2021-08-03,合同会社
合同会社ＭＫラボ,香川県高松市仏生山町甲１０１５番地１２,2021-08-03,合同会社
合同会社ＭＴＹＲ企画,東京都杉並区南荻窪２丁目３８番３号,2021-08-03,合同会社
合同会社Ｍｉｘｅｄ　Ｒｅａｒｔｙ,神奈川県平塚市西真土３丁目９番１６号,2021-08-03,合同会社
合同会社Ｎ－Ｍｏｇ,神奈川県横浜市青葉区しらとり台２番地３５青葉台ハウス１０３,2021-08-03,合同会社
合同会社ＮｅＷｏｒｔｈ,和歌山県和歌山市弘西３８５番地１,2021-08-03,合同会社
合同会社ＮｉｓｈｉＰＲＯシステム,兵庫県神戸市垂水区つつじが丘７丁目１２番地の２,2021-08-03,合同会社
合同会社ＯＨＡＮＡ　ＭｔｏＭ,熊本県熊本市東区長嶺東４丁目４番１００号,2021-08-03,合同会社
合同会社Ｒｅｄｙ,神奈川県横浜市港南区笹下１丁目８番１０－２０１号,2021-08-03,合同会社
合同会社Ｓａｆｅｍｏｏｎ,大阪府枚方市南船橋１丁目５番５号,2021-08-03,合同会社
合同会社Ｔ・Ｋ・Ｓ・Ｒ企画,東京都中野区中野１丁目４１番５５号,2021-08-03,合同会社
合同会社Ｔ－ｂｏｎｅ,埼玉県川口市本町３丁目７番１１号,2021-08-03,合同会社
合同会社ＴＡＧＵＣＨＩ,岩手県盛岡市住吉町１３番４０号,2021-08-03,合同会社
合同会社ＴＣＫＹ,静岡県富士市永田町２丁目７５番地,2021-08-03,合同会社
合同会社ＴＲＵＳＴ,宮城県仙台市宮城野区苦竹２丁目３番７７－３０６号,2021-08-03,合同会社
合同会社Ｔａｋｅ－０,滋賀県大津市杉浦町１０番２９号３０５,2021-08-03,合同会社
合同会社ＷｅｂＬａｂ,東京都渋谷区本町１丁目８番３号エルスタンザ渋谷本町３０２,2021-08-03,合同会社
合同会社ＹＵＩＨＡ,大阪府大阪市北区豊崎６丁目４番９号有明マンション６Ａ号室,2021-08-03,合同会社
合同会社Ｙｏｃａｌｙ,愛媛県新居浜市上泉町１３番５２号,2021-08-03,合同会社
合同会社ａ－ｏｆｆｉｃｅ,兵庫県神戸市中央区橘通２丁目１番１８－３０１号,2021-08-03,合同会社
合同会社ｄｅｃｅｎｔ,島根県出雲市上塩冶町１４８,2021-08-03,合同会社
合同会社ｉｋｏｍｏｒｉ,東京都中央区銀座１丁目２２番１１号銀座大竹ビジデンス２階,2021-08-03,合同会社
合名会社塩屋醬油店,長野県須坂市大字須坂５３７番地,2021-08-03,合名会社
土地家屋調査士法人アクト,徳島県阿南市羽ノ浦町中庄原ノ内２０番地５,2021-08-03,その他の設立登記法人
土地家屋調査士法人内田事務所,神奈川県横浜市西区浜松町１２番１３－１０４号,2021-08-03,その他の設立登記法人
堺財経電算合同会社,東京都千代田区岩本町１丁目３番１号,2021-08-03,合同会社
大分杉原土地合同会社,東京都中央区八丁堀４丁目２番１０号ＡＯＪ税理士法人内,2021-08-03,合同会社
大王商事株式会社,東京都西東京市柳沢６丁目１番１１－１０１号,2021-08-03,株式会社
学校法人坂西学園,栃木県足利市山下町２６９２番地１,2021-08-03,その他の設立登記法人
山僖株式会社,神奈川県小田原市久野１９０－１０,2021-08-03,株式会社
山桜合同会社,東京都港区西新橋１丁目２番９号ＥＰコンサルティングサービス内,2021-08-03,合同会社
広尾フラワーストリート株式会社,東京都港区元麻布２丁目１番２０,2021-08-03,株式会社
弁護士法人野村総合法律事務所,大阪府大阪市北区西天満３丁目１４番１６号,2021-08-03,その他の設立登記法人
徳島中央テレビ株式会社,徳島県吉野川市鴨島町上下島４４０番地,2021-08-03,株式会社
放課後オポチュニティ合同会社,神奈川県鎌倉市津１１０１番地１１０,2021-08-03,合同会社
新徳島建材株式会社,徳島県阿南市学原町中西１５番地２,2021-08-03,株式会社
日幸建設株式会社,福井県敦賀市桜町４番１４号,2021-08-03,株式会社
昇栄警備合同会社,神奈川県相模原市緑区三井６８９番地,2021-08-03,合同会社
有限会社小野商店,長崎県松浦市今福町浦免５６０番地,2021-08-03,有限会社
有限会社美野ハイツ,岡山県倉敷市児島下の町４丁目１１番１号,2021-08-03,有限会社
朝日新聞水前寺販売株式会社,熊本県熊本市中央区水前寺５丁目２２番１９号,2021-08-03,株式会社
東北ウェイストエナジー株式会社,山形県米沢市信夫町３－１,2021-08-03,株式会社
東川バイオマス・薪＆木材事業合同会社,北海道上川郡東川町東５号南４番地,2021-08-03,合同会社
栗田電機工業株式会社,静岡県静岡市清水区北矢部町２丁目１１番３号,2021-08-03,株式会社
株式会社あさぴか,北海道旭川市二条通８丁目１４４番地２,2021-08-03,株式会社
株式会社おふぃす神成,東京都中野区本町６丁目１０番１４号,2021-08-03,株式会社
株式会社さぎょう,長野県松本市大字中山６５７９番地ロ,2021-08-03,株式会社
株式会社しどう極,東京都豊島区東池袋１丁目１７番１１号パークハイツ池袋１１０５号,2021-08-03,株式会社
株式会社そのだ,熊本県下益城郡美里町中郡１５０４番地,2021-08-03,株式会社
株式会社たかすタロファーム,北海道上川郡鷹栖町２０線十四号４番地,2021-08-03,株式会社
株式会社つかさ軽運,北海道旭川市東五条２丁目３番１６号,2021-08-03,株式会社
株式会社つくりえ,静岡県浜松市中区泉３丁目２番８号,2021-08-03,株式会社
株式会社はこだて西部まちづくＲｅ－Ｄｅｓｉｇｎ,北海道函館市元町１４番１号,2021-08-03,株式会社
株式会社ひとつば,大阪府羽曳野市島泉９丁目１４番４号,2021-08-03,株式会社
株式会社ひなた保証,宮崎県宮崎市橘通西３丁目３番２３号,2021-08-03,株式会社
株式会社みず川,岡山県倉敷市玉島３丁目９番２２号,2021-08-03,株式会社
株式会社れなファミリー,大阪府東大阪市若江南町４丁目２番６号,2021-08-03,株式会社
株式会社わらく,三重県松阪市鎌田町７３１番地１１,2021-08-03,株式会社
株式会社アイランド,広島県広島市中区鉄砲町４番１６－４０２号,2021-08-03,株式会社
株式会社アクティブホールディングス,宮崎県宮崎市清武町加納４丁目１０番地２,2021-08-03,株式会社
株式会社アンバーアイ,神奈川県横浜市戸塚区上倉田町１１１９番地,2021-08-03,株式会社
株式会社アーキテクト,愛知県名古屋市西区則武新町１丁目４－９,2021-08-03,株式会社
株式会社アール,静岡県掛川市葛川６１３番地１,2021-08-03,株式会社
株式会社アールドヴィーヴル,北海道札幌市西区平和一条５丁目８－１３,2021-08-03,株式会社
株式会社イガシステム,熊本県熊本市北区植木町大和８１番地６,2021-08-03,株式会社
株式会社イノヴァス,東京都豊島区南大塚３丁目１０番１０号いちご南大塚ビル３階,2021-08-03,株式会社
株式会社イーゴ,東京都中央区銀座３丁目１４－１,2021-08-03,株式会社
株式会社イーストブルー,愛知県名古屋市緑区大高町字寅新田１２５番地１,2021-08-03,株式会社
株式会社ウィズ・プランニング倉敷,岡山県倉敷市亀山２６４番地２（２０５）,2021-08-03,株式会社
株式会社ウィンペット,神奈川県茅ヶ崎市中海岸４丁目２番地１０,2021-08-03,株式会社
株式会社ウィン・テイク,茨城県つくば市上横場２４５６番地６,2021-08-03,株式会社
株式会社ウェルスアセット,東京都国分寺市南町２丁目１８－１－９０２,2021-08-03,株式会社
株式会社エイト,東京都あきる野市山田７７８番地２８,2021-08-03,株式会社
株式会社エイト,愛知県瀬戸市共栄通５丁目５３番地の６,2021-08-03,株式会社
株式会社エイト消防設備,東京都八王子市川口町３０１５番地６,2021-08-03,株式会社
株式会社エイ・オー,宮崎県宮崎市大工１丁目４番１８号,2021-08-03,株式会社
株式会社エスエスコンサルティング,愛知県名古屋市港区小碓２丁目１３０番地の１,2021-08-03,株式会社
株式会社エステート関,神奈川県横浜市都筑区大棚町３９５番地,2021-08-03,株式会社
株式会社エスパス,愛知県名古屋市中川区上脇町２丁目１１６番地,2021-08-03,株式会社
株式会社エス・アール・アイ,東京都品川区大崎２丁目５番６号,2021-08-03,株式会社
株式会社エッジワークス,東京都練馬区三原台１丁目１４－３７若尾ビル２００,2021-08-03,株式会社
株式会社エヌガタデイコウ,大阪府大阪市中央区西心斎橋１丁目６番３号６０４,2021-08-03,株式会社
株式会社エヌ商事,東京都渋谷区宇田川町２２番２号,2021-08-03,株式会社
株式会社エメラルドケーブ,大阪府大阪市北区中崎西４丁目３番４３号,2021-08-03,株式会社
株式会社エンカウンター,東京都千代田区神田神保町１丁目１２番地,2021-08-03,株式会社
株式会社エンパワーリングイングリッシュ,静岡県浜松市中区山手町１６番１８号,2021-08-03,株式会社
株式会社オフィス寺島,熊本県宇城市三角町三角浦１０２番地,2021-08-03,株式会社
株式会社オーサムテック,東京都町田市野津田町１８１０番地３０,2021-08-03,株式会社
株式会社オートキャッスル,岡山県倉敷市玉島黒崎３１９８番地２３,2021-08-03,株式会社
株式会社カワマー,愛知県名古屋市港区東海通３丁目２１番地の１,2021-08-03,株式会社
株式会社ガードプロジェクト昭島,東京都武蔵村山市残堀４丁目６３番地の５,2021-08-03,株式会社
株式会社キシン,岐阜県岐阜市茂地１０８番地７,2021-08-03,株式会社
株式会社ギンジ,東京都千代田区九段南１丁目５番６号りそな九段ビル５Ｆ・ＫＳフロア,2021-08-03,株式会社
株式会社クゼン工業,愛知県名古屋市緑区鳴海町字山ノ神１０３番地の３,2021-08-03,株式会社
株式会社クラウドカルチャー,東京都板橋区大山金井町５６番地１オリックス大山ビル６階,2021-08-03,株式会社
株式会社クローバーアカデミー,鳥取県米子市末広町３１１番地,2021-08-03,株式会社
株式会社グロデュースエンターテインメント,神奈川県相模原市南区上鶴間本町６丁目１１番３号,2021-08-03,株式会社
株式会社グローバルリンク,大阪府大阪市北区天満橋１丁目８番１５号ＯＡＰレジデンスタワー西館２６０２号,2021-08-03,株式会社
株式会社ケアエンリッチメント,兵庫県尼崎市武庫之荘２丁目２番２－４０６号,2021-08-03,株式会社
株式会社ココプラン,長野県松本市岡田町２１６－１,2021-08-03,株式会社
株式会社コネクティッドビレッジ,神奈川県平塚市中原３丁目３番２８号,2021-08-03,株式会社
株式会社シンヤエステート,東京都八王子市堀之内３丁目１０番地１１,2021-08-03,株式会社
株式会社シーズテクノロジー,千葉県柏市青葉台１丁目１４番１６号,2021-08-03,株式会社
株式会社スタートゴール,東京都新宿区新宿７丁目２６番７号ビクセル新宿１Ｆ,2021-08-03,株式会社
株式会社スマートセレモニー,広島県呉市中通２丁目７番７号,2021-08-03,株式会社
株式会社セイワ,熊本県合志市御代志１６６５番地１５１,2021-08-03,株式会社
株式会社ソラボ不動産,岩手県盛岡市東緑が丘１９番８号,2021-08-03,株式会社
株式会社タカオ刺しゅう,岐阜県岐阜市西明見町１７番地の１,2021-08-03,株式会社
株式会社ダウエアーシステム,大阪府大阪市鶴見区今津中３丁目６番２７－３１５号,2021-08-03,株式会社
株式会社チャンピョン,愛知県豊田市宝町津花８番地,2021-08-03,株式会社
株式会社チョコゾティック,東京都大田区田園調布１丁目２７番３号,2021-08-03,株式会社
株式会社ティエフラボ,富山県富山市本郷町３１プランドール３０２,2021-08-03,株式会社
株式会社ティエムエヌ,愛知県豊橋市草間町字東山１２４番地１（Ｂ２）,2021-08-03,株式会社
株式会社トップライズ,三重県津市木造町１７５０番地,2021-08-03,株式会社
株式会社トライセンス,東京都東久留米市前沢１丁目２番２６号,2021-08-03,株式会社
株式会社トラステック,山形県山形市篭田１丁目１番９号,2021-08-03,株式会社
株式会社ナイン・ズ,愛知県名古屋市瑞穂区日向町３丁目１８番地の１,2021-08-03,株式会社
株式会社ナジ,東京都豊島区巣鴨４丁目１６番１０号,2021-08-03,株式会社
株式会社ナビライン,神奈川県横浜市南区大岡１丁目５８番４７号,2021-08-03,株式会社
株式会社ナレバン,東京都渋谷区神宮前６丁目１８－１３－４Ｆ,2021-08-03,株式会社
株式会社ニコニコ製作所,大阪府大阪市中央区宗右衛門町６－１笠屋町ギャラクシービル１Ｃ,2021-08-03,株式会社
株式会社ネクストタッチ,山梨県中巨摩郡昭和町押越５１７－７,2021-08-03,株式会社
株式会社ネクストページ,東京都中央区銀座１丁目２２番１１号銀座大竹ビジデンス２階,2021-08-03,株式会社
株式会社パソナＨＲ　ＨＵＢ,兵庫県淡路市岩屋２９４２番地２６,2021-08-03,株式会社
株式会社パーフェクト,東京都渋谷区恵比寿西１丁目８番３号,2021-08-03,株式会社
株式会社ヒーローベース,東京都目黒区自由が丘２丁目１６番１２号ＬＣ１Ｆ,2021-08-03,株式会社
株式会社ビッグウエスト,大阪府八尾市新家町２丁目９６番地,2021-08-03,株式会社
株式会社ピアニシモ,広島県広島市中区舟入町２番２０号,2021-08-03,株式会社
株式会社ピカソコーポレーション,岐阜県岐阜市六条東２丁目５番１号,2021-08-03,株式会社
株式会社ファイナルフォーム,東京都港区南青山２丁目２番１５号,2021-08-03,株式会社
株式会社ファーストステージ,岡山県和気郡和気町尺所２４９番地１,2021-08-03,株式会社
株式会社フォーエヴァー,山梨県上野原市鶴川１４８７番地,2021-08-03,株式会社
株式会社フロイド,東京都渋谷区宇田川町３４番５号サイトービルⅢ５階３４,2021-08-03,株式会社
株式会社ブライト,東京都武蔵野市吉祥寺南町３丁目１９番８号,2021-08-03,株式会社
株式会社ブライトテック,静岡県富士市宮下３２４番地の１０,2021-08-03,株式会社
株式会社プロフェッショナルディベロップメント,静岡県静岡市駿河区稲川３丁目８番３号,2021-08-03,株式会社
株式会社ベスト,愛知県東海市荒尾町上ノ山８番地,2021-08-03,株式会社
株式会社ベストサポート,静岡県富士市中里４４３番地の７,2021-08-03,株式会社
株式会社ホープ,神奈川県横浜市港南区丸山台２丁目４１－８１クレインリング丸山台１０５,2021-08-03,株式会社
株式会社ボデーショップタニグチ,宮崎県宮崎市大字富吉２８０２番地２,2021-08-03,株式会社
株式会社ポールスター,青森県青森市大字野木字野尻３７番地７１３,2021-08-03,株式会社
株式会社マイズアップ,愛知県碧南市権現町３丁目２６１番地,2021-08-03,株式会社
株式会社マナジープラン,岡山県岡山市南区大福１１０２番地１０,2021-08-03,株式会社
株式会社マントラネット,福岡県北九州市小倉北区黄金１丁目７番２２－３０５号,2021-08-03,株式会社
株式会社マーキュリアエアボーンキャピタル,東京都千代田区内幸町１丁目３番３号,2021-08-03,株式会社
株式会社ミヤシゲ,長野県大町市大町６５０１番地１,2021-08-03,株式会社
株式会社ミュークル,東京都八王子市台町４丁目４番１２号,2021-08-03,株式会社
株式会社ミライ,埼玉県北本市山中１丁目５番地１,2021-08-03,株式会社
株式会社ムロヤ,和歌山県紀の川市貴志川町井ノ口７８９番地３,2021-08-03,株式会社
株式会社メディポート,大阪府茨木市庄２丁目１９番２１号,2021-08-03,株式会社
株式会社メデタ,東京都中央区日本橋富沢町四丁目１０番地京成日本橋富沢町ビル２Ｆ,2021-08-03,株式会社
株式会社ユリイカエステート,愛知県名古屋市天白区植田東３丁目５２１番地,2021-08-03,株式会社
株式会社リンクプランニング,神奈川県伊勢原市伊勢原１丁目６番１３号,2021-08-03,株式会社
株式会社ルポファーム,愛知県名古屋市中区新栄２丁目４４番２０号ＴＨＥ・ＡＳＴＯＮ・ＨＯＵＳＥ６２号室,2021-08-03,株式会社
株式会社レクセル,東京都文京区湯島３丁目２０番６―１２０６号,2021-08-03,株式会社
株式会社ロンバードホールディングス,東京都品川区西五反田１丁目５番１号,2021-08-03,株式会社
株式会社ワイズ電工,静岡県駿東郡小山町棚頭１１８１番地の１,2021-08-03,株式会社
株式会社一二三測量設計,高知県高知市中久万４９番地１２エントランスパークビル２００,2021-08-03,株式会社
株式会社三和システムサービス,東京都日野市日野本町２丁目１４番地の３,2021-08-03,株式会社
株式会社三愛Ｈｅａｌｔｈ,宮崎県宮崎市桜町２５番地５,2021-08-03,株式会社
株式会社三楽,岡山県岡山市北区大元駅前１０番７号,2021-08-03,株式会社
株式会社不登校‐ズ,愛知県高浜市湯山町５丁目１０番地１４,2021-08-03,株式会社
株式会社中根製作所,愛知県岡崎市葵町１０番地１４,2021-08-03,株式会社
株式会社井口建築,静岡県静岡市葵区長熊４９９番地の１,2021-08-03,株式会社
株式会社今寺商会,兵庫県神戸市西区今寺４－８－２０３,2021-08-03,株式会社
株式会社伊藤電工,静岡県袋井市新池３２５２番地,2021-08-03,株式会社
株式会社八幸電気工業,岡山県倉敷市真備町岡田１１８６番地,2021-08-03,株式会社
株式会社共栄住建,岐阜県各務原市鵜沼各務原町２丁目１０１番地１,2021-08-03,株式会社
株式会社円,群馬県高崎市元島名町１３７０番地１,2021-08-03,株式会社
株式会社創栄,東京都中央区晴海２丁目２番４２－２３０６号,2021-08-03,株式会社
株式会社千葉商事,愛知県豊橋市豊清町字豊清１９番地２,2021-08-03,株式会社
株式会社南信設備,長野県下伊那郡阿南町西條２１６２番地３,2021-08-03,株式会社
株式会社南山電設,三重県鈴鹿市末広北２丁目１番１号,2021-08-03,株式会社
株式会社只イエ,岐阜県各務原市川島松原町５５８番地５,2021-08-03,株式会社
株式会社吉穂工業,山梨県甲府市下飯田２丁目３番５号,2021-08-03,株式会社
株式会社嘉成善,愛知県名古屋市中区栄１丁目１６番１６号チサンマンション栄９１４号室,2021-08-03,株式会社
株式会社大和モータース,静岡県静岡市清水区蒲原４丁目２０番２０号,2021-08-03,株式会社
株式会社大手町カイロプラクティックオフィス,広島県広島市南区宇品西５丁目１１番１－１２０４号,2021-08-03,株式会社
株式会社太田工務店,北海道石狩市生振２７７番地４,2021-08-03,株式会社
株式会社宅建サニーリンク,北海道函館市上湯川町２８番５号,2021-08-03,株式会社
株式会社宮電,神奈川県相模原市緑区三井５７１番地２,2021-08-03,株式会社
株式会社小島防水,奈良県奈良市奈保町２０番１９号,2021-08-03,株式会社
株式会社山崎板金,長野県長野市大字安茂里８１９１番地,2021-08-03,株式会社
株式会社岩野研磨,神奈川県高座郡寒川町小谷１丁目８番４６－３号,2021-08-03,株式会社
株式会社工藤ヤ,山形県山形市双葉町１丁目４番２３－３０２号ＫＵＤウエストゲート,2021-08-03,株式会社
株式会社愛媛医療福祉サポート,愛媛県東温市田窪１８６５番地１５,2021-08-03,株式会社
株式会社折戸商事,大阪府大阪市平野区加美西１丁目１５番４号中岡第二マンション３０３,2021-08-03,株式会社
株式会社日曜日,愛知県西尾市田貫１丁目１９番地２,2021-08-03,株式会社
株式会社昭和ファミリー,和歌山県海南市岡田２９３－１５,2021-08-03,株式会社
株式会社月光,宮城県東松島市宮戸字松原８番地,2021-08-03,株式会社
株式会社未来,愛知県名古屋市瑞穂区岳見町２丁目８番地の２,2021-08-03,株式会社
株式会社未来警備,愛媛県伊予郡松前町大字浜１０１７番地,2021-08-03,株式会社
株式会社村山製作所,東京都武蔵村山市大字岸３４８番地,2021-08-03,株式会社
株式会社村嶋農園,熊本県宇城市不知火町高良１８０１番地１,2021-08-03,株式会社
株式会社板山ダクト,東京都葛飾区奥戸３丁目１２番１９号,2021-08-03,株式会社
株式会社林動物病院,静岡県三島市梅名９７番地の５,2021-08-03,株式会社
株式会社桃の華,岡山県岡山市北区大供表町１５番３号,2021-08-03,株式会社
株式会社浜工業,群馬県高崎市八幡町１２８７番地１０,2021-08-03,株式会社
株式会社清翔,愛知県名古屋市千種区内山１丁目２２番９号,2021-08-03,株式会社
株式会社温こころ,岐阜県各務原市鵜沼東町８丁目６番地,2021-08-03,株式会社
株式会社田中造園,大阪府和泉市今福町１丁目１１番２１号,2021-08-03,株式会社
株式会社田崎設備,愛知県豊田市畝部東町寺西７４番地１,2021-08-03,株式会社
株式会社癒しの輪,熊本県菊池郡菊陽町大字津久礼２０９８番地７４,2021-08-03,株式会社
株式会社白柳水産,静岡県浜松市西区舞阪町浜田７８番地の２,2021-08-03,株式会社
株式会社白猫不動産,神奈川県相模原市緑区二本松３丁目１４－１,2021-08-03,株式会社
株式会社石井エクステリア,群馬県高崎市箕郷町白川１７４３番地３,2021-08-03,株式会社
株式会社砂子,岡山県和気郡和気町吉田８７９番地７,2021-08-03,株式会社
株式会社神戸灘不動産管理,兵庫県神戸市灘区灘北通２丁目３番１９号,2021-08-03,株式会社
株式会社箱根強羅ホテルマネジメント,長野県北佐久郡軽井沢町大字長倉２１４８番地,2021-08-03,株式会社
株式会社総務コンサルタント,静岡県浜松市中区曳馬６丁目２２番１０号,2021-08-03,株式会社
株式会社翼翔運,奈良県生駒市真弓１丁目６番１９号,2021-08-03,株式会社
株式会社茉莉,岐阜県各務原市那加柄山町１０６番地１３,2021-08-03,株式会社
株式会社遠耀,東京都江戸川区上一色３丁目１９－１４,2021-08-03,株式会社
株式会社金物屋康,静岡県浜松市中区東伊場２丁目８番１４号,2021-08-03,株式会社
株式会社鈴木興業,静岡県焼津市中里５３９番地の３ヤマモトビル３－Ａ,2021-08-03,株式会社
株式会社鍬一,静岡県浜松市西区大山町４０２０番地の３,2021-08-03,株式会社
株式会社長尾創造所,愛知県岡崎市亀井町２丁目２１番地７,2021-08-03,株式会社
株式会社雄建,青森県平川市新館藤巻１３番地１,2021-08-03,株式会社
株式会社雲,大阪府大阪市中央区道頓堀１丁目５番１９号,2021-08-03,株式会社
株式会社青木総建,群馬県前橋市力丸町２２１番地６,2021-08-03,株式会社
株式会社順和トレード,兵庫県神戸市中央区八雲通２丁目２番１号,2021-08-03,株式会社
株式会社風早リフォーム,愛媛県松山市河野中須賀２１１番地９,2021-08-03,株式会社
株式会社高橋電設,静岡県富士市大渕２２３５番地の１６１,2021-08-03,株式会社
株式会社鶴屋本舗,福岡県北九州市八幡東区中央２丁目１８番８号,2021-08-03,株式会社
株式会社鶴建,山梨県南アルプス市野牛島２３８５番地４１,2021-08-03,株式会社
株式会社齊藤建工,静岡県藤枝市駅前１丁目５番２９号,2021-08-03,株式会社
株式会社３１Ｃｏｎｔｅｎｔｓ,東京都杉並区清水１丁目３８番１７号シティドルチェＣ,2021-08-03,株式会社
株式会社３Ｔ,東京都練馬区東大泉７丁目２７番４５号,2021-08-03,株式会社
株式会社４ＣＵＢＥ,北海道旭川市永山二条４丁目３番２５号フラワーハイツ２０３,2021-08-03,株式会社
株式会社Ａ－ＴＥＣ,新潟県新潟市江南区横越中央２丁目７番１０号,2021-08-03,株式会社
株式会社ＡＩＢＤラボ,大阪府大阪市阿倍野区旭町１丁目４番３号,2021-08-03,株式会社
株式会社ＡＪＥ,東京都中央区八丁堀１丁目１１番３号６階,2021-08-03,株式会社
株式会社ＡＰＥＸ,沖縄県沖縄市山内１丁目１０－３Ｓｔｏｎｅ　Ｒｉｖｅｒ２Ｆ,2021-08-03,株式会社
株式会社ＡＴＨガード,奈良県天理市川原城町６８０,2021-08-03,株式会社
株式会社Ａｉｎ　Ｇａｒｄｅｎ,三重県津市藤方１２１１番地１,2021-08-03,株式会社
株式会社Ａｑｕａ　ｓｈｉｎｅ　ｇａｒｄｅｎ,宮崎県宮崎市大字加江田４７４７番地２,2021-08-03,株式会社
株式会社ＢＩＺｃｏｎ,東京都千代田区鍛冶町２丁目１番２号,2021-08-03,株式会社
株式会社ＢＲＡＩＮＩＥＲ,東京都豊島区巣鴨３丁目１７番１３号カナールメゾン３０１号,2021-08-03,株式会社
株式会社Ｂｅｌｏｖｅｄ　Ｐｅｔｓ,岡山県加賀郡吉備中央町吉川４８６０番地６,2021-08-03,株式会社
株式会社ＣＨＡＲＭＥｗｈｉｔｅｎｉｎｇ,東京都豊島区高田３丁目１０番２１号,2021-08-03,株式会社
株式会社ＣＬＦ,石川県金沢市彦三町１丁目２番１号,2021-08-03,株式会社
株式会社ＣＲＳＣ　ＪＡＰＡＮ,東京都江東区大島８丁目２８－２４ライオンズステージ大島ウエストアクエア４１２,2021-08-03,株式会社
株式会社Ｃａｒａｔ２１,滋賀県長浜市神照町１９４番地２９,2021-08-03,株式会社
株式会社ＣｌａｓｓＨｏｍｅｓ,高知県高知市桜井町１丁目８番３２－３０１号,2021-08-03,株式会社
株式会社ＣｒｅａｓＰｌｕｓ,熊本県宇土市古城町１８９番地８,2021-08-03,株式会社
株式会社Ｃｒｅｅｋ,広島県広島市西区横川町３丁目５番９号,2021-08-03,株式会社
株式会社ＥＮＴＵＭ,大阪府大阪市北区曾根崎新地１丁目２－６喜多一ビル３Ｆ,2021-08-03,株式会社
株式会社ＦＡＣＩＬＩＴＹ　ＰＬＡＮ,岐阜県岐阜市加野４丁目４番８号,2021-08-03,株式会社
株式会社ＦＡＬＣＯＮ　ＣＬＡＳＳ,沖縄県宜野湾市字大謝名８９番地（宇地泊第２土地区画整理事業地区３３街区８）,2021-08-03,株式会社
株式会社ＦＩＶＥ　ＣＨＡＲＴＥＲ,東京都千代田区大手町１丁目５番１号大手町ファーストスクエアイーストタワー４Ｆ,2021-08-03,株式会社
株式会社Ｆｅｅｄ　Ｂａｃｋ　Ｏｆｆｉｃｅ,香川県高松市中野町２９－５高松プラザビル,2021-08-03,株式会社
株式会社Ｆｌａｔ　ｍａｋｅ,神奈川県横須賀市平作７丁目１８番１号,2021-08-03,株式会社
株式会社Ｆｒｅｅｄｏｍｄｕｔｙ,神奈川県横浜市旭区中沢１丁目１４番９号,2021-08-03,株式会社
株式会社Ｇ－ｓｔｏｒｙ,高知県須崎市鍛冶町７番１０号,2021-08-03,株式会社
株式会社ＧＯ　ＢＵＤＤＹ,神奈川県川崎市中原区井田三舞町１５－１プラウドシティ元住吉３３４,2021-08-03,株式会社
株式会社Ｇｒｏｖｅ,東京都練馬区大泉学園町８丁目２９－１８ナウ・ヴィレッジ大泉２０１,2021-08-03,株式会社
株式会社Ｈ．Ａ．Ｌ,北海道北広島市大曲南ヶ丘１丁目１０番地１,2021-08-03,株式会社
株式会社ＨＡＦＵＲＩ,滋賀県大津市野郷原１丁目１７番６５号,2021-08-03,株式会社
株式会社ＨＯＰＥ,東京都台東区下谷３丁目１番２４号,2021-08-03,株式会社
株式会社ＨＵＩＳ,静岡県浜松市西区神ケ谷町１１８２番地の２,2021-08-03,株式会社
株式会社Ｈａｎｄ　ｓｏｍｅ,大阪府大阪市東淀川区瑞光２丁目５番２９－３０４号,2021-08-03,株式会社
株式会社Ｈｏｕｓｅｆｕｌｌ,愛知県西尾市細池町北高洲１０４番地１,2021-08-03,株式会社
株式会社Ｉビルヂング,東京都杉並区下高井戸２丁目１番１０号,2021-08-03,株式会社
株式会社Ｉ－ＳＴＹＬＥ,大阪府大阪市中央区本町橋２－２３,2021-08-03,株式会社
株式会社ＩＭＡ,山形県米沢市林泉寺２丁目２－９７,2021-08-03,株式会社
株式会社ＩＭＴ,大阪府東大阪市宝持１丁目３番１９号,2021-08-03,株式会社
株式会社ＩＭＹＭＥ,東京都江戸川区南篠崎町１丁目２２番１９号,2021-08-03,株式会社
株式会社ＩＮＦＬＡＴＥ,東京都中央区銀座１丁目２２番１１号銀座大竹ビジデンス２階,2021-08-03,株式会社
株式会社Ｊ＆Ｍ　Ｄｅｓｉｇｎ,神奈川県相模原市中央区淵野辺本町１丁目３６番３４号,2021-08-03,株式会社
株式会社ＪＡたきかわ商事,北海道滝川市江部乙町西１２丁目１番５２号,2021-08-03,株式会社
株式会社ＪＥＳＴＡ,愛知県蒲郡市形原町東上松７番地１,2021-08-03,株式会社
株式会社ＪＵＮ’ＥＩ,山梨県南アルプス市寺部１７４０番地３,2021-08-03,株式会社
株式会社Ｋ’ｓ　ＴＯＷＮ,大阪府堺市東区大美野６５番地５,2021-08-03,株式会社
株式会社Ｋ．Ａ．Ｎ,広島県広島市中区銀山町１１番８号,2021-08-03,株式会社
株式会社ＫＡＣ,東京都中央区湊２丁目１１番１号,2021-08-03,株式会社
株式会社ＫＡＹ,広島県広島市東区戸坂山崎町３番２６号,2021-08-03,株式会社
株式会社ＫＩＮＮＩＫＵ,沖縄県宮古島市平良字西里１４６番地,2021-08-03,株式会社
株式会社ＫＯＵＪＩＮ,埼玉県さいたま市緑区松木３丁目４０番地９,2021-08-03,株式会社
株式会社ＫＳ,東京都板橋区高島平４丁目９番５号,2021-08-03,株式会社
株式会社ＫｏｎａＯａｈｕ,大阪府大阪市東淀川区上新庄２丁目３番４号,2021-08-03,株式会社
株式会社Ｋｙｏｒｅｉｓｈａ,東京都杉並区堀ノ内１丁目７番３１号８０１号室,2021-08-03,株式会社
株式会社ＬＥＡＰＥＣ,静岡県沼津市下香貫西村１４５２番地の１キャサリナＡＣＥ１０６,2021-08-03,株式会社
株式会社ＬＨＣ,神奈川県川崎市麻生区東百合丘３丁目１３番１号グレイス東百合丘弐番館１０１,2021-08-03,株式会社
株式会社Ｌａ　Ｃｉｅｌ,愛知県名古屋市千種区内山１丁目２２番９号,2021-08-03,株式会社
株式会社Ｌｉｆ,愛知県豊川市穂ノ原２丁目１番地２７,2021-08-03,株式会社
株式会社Ｌｏｃａｌ　Ｆｏｕｎｄ,北海道網走郡津別町字東二条３番地３,2021-08-03,株式会社
株式会社Ｍ．Ｒｏａｄ,埼玉県北本市山中２丁目２７番地,2021-08-03,株式会社
株式会社ＭＣＳ,東京都杉並区堀ノ内１丁目１番２号ユーロポート方南３０１,2021-08-03,株式会社
株式会社Ｍａｇｅｎｔａ,静岡県浜松市中区泉４丁目２６番２０号へーベルメゾン和泉２０１,2021-08-03,株式会社
株式会社Ｍａｌｉｂｕ　Ｊａｐａｎ,兵庫県西宮市西宮浜１丁目４６番地神戸マリーナ,2021-08-03,株式会社
株式会社ＮＥＵＥＷＥＬＴ,東京都杉並区久我山２丁目１３番７号,2021-08-03,株式会社
株式会社Ｎｉｃｏｌａｉ,大阪府大阪市住吉区万代４丁目１０番１４号読売センター帝塚山,2021-08-03,株式会社
株式会社Ｐｅｔｉｔ　ｐａｓ,新潟県新潟市東区東中島２丁目６番１号,2021-08-03,株式会社
株式会社Ｐｌｕｓ　Ｋ３,神奈川県相模原市中央区相模原１丁目２番７号,2021-08-03,株式会社
株式会社Ｐｏｒｔ,東京都中央区銀座１丁目１２番４号Ｎ＆Ｅ・ＢＬＤ．７階,2021-08-03,株式会社
株式会社ＲＥ,神奈川県足柄上郡大井町柳２６０番地,2021-08-03,株式会社
株式会社ＲａｙＮｅｘｔ,北海道札幌市中央区南九条西６丁目１号１番シティビル４Ｆ,2021-08-03,株式会社
株式会社Ｒｅアンマ,静岡県浜松市中区和合町２２０番地の２４５１,2021-08-03,株式会社
株式会社ＲｏｕｇｈＬｉｆｅ,岡山県岡山市南区豊成３丁目１７番８‐２０１号,2021-08-03,株式会社
株式会社Ｒｙｄｅｒ,神奈川県藤沢市藤沢９７２番地１ザ・フロント湘南藤沢１０３号,2021-08-03,株式会社
株式会社ＳＡプランニング,神奈川県茅ヶ崎市東海岸北３丁目１０番８－４０３,2021-08-03,株式会社
株式会社ＳＡＮ　ＩＮＤＵＳＴＲＹ,神奈川県横浜市西区平沼１丁目３２番１８－８０１号,2021-08-03,株式会社
株式会社ＳＣコーポレーション,愛知県岡崎市秦梨町字奴田４９番地８,2021-08-03,株式会社
株式会社ＳＨＡＲＥＦＯＲ　ｒｅｃｏｒｄｓ,石川県金沢市寺町５丁目７番２５号,2021-08-03,株式会社
株式会社ＳＫ,千葉県市原市磯ケ谷１２１８番地,2021-08-03,株式会社
株式会社ＳＲ,青森県むつ市松森町３番２号,2021-08-03,株式会社
株式会社ＳＴＦ,石川県七尾市中島町河崎カ部８番地,2021-08-03,株式会社
株式会社ＳＷＩＭ　ＷＯＲＬＤ,神奈川県横浜市神奈川区六角橋１丁目１１番１６号,2021-08-03,株式会社
株式会社Ｔ・Ｈ建工,岡山県倉敷市連島中央５丁目１８番２０号,2021-08-03,株式会社
株式会社ＴＫＤ,東京都千代田区麹町２丁目３番地３号ＦＤＣ麹町ビル４階,2021-08-03,株式会社
株式会社ＴＫＲ,愛知県額田郡幸田町大字菱池字西脇７３番地３,2021-08-03,株式会社
株式会社ＴＯＰ　ＥＮＤ　ＴＯＰ,山形県米沢市中田町５１４－１,2021-08-03,株式会社
株式会社ＴａｋｕＳｈｉｎ,愛媛県松山市庄甲２２９番地２,2021-08-03,株式会社
株式会社Ｔｒｅｅｄ,高知県高知市愛宕町２丁目１３番２号,2021-08-03,株式会社
株式会社ＵＲＵＩＣＨＩ,静岡県浜松市中区元城町２２２番地の２７アートフォルム元城５０３,2021-08-03,株式会社
株式会社ＵＷＡＭ,東京都品川区西大井２丁目１８－１２,2021-08-03,株式会社
株式会社Ｕｔｉｌｉｔｙ　Ｍｏｂｉｌｅ,神奈川県相模原市南区上鶴間本町６丁目２５番２号,2021-08-03,株式会社
株式会社Ｖａｇｕｅ,兵庫県神戸市垂水区千鳥が丘３丁目２１番２８－３０４号,2021-08-03,株式会社
株式会社ＷＯＮｄｅｒ,愛知県安城市横山町浜畔上６４番地２,2021-08-03,株式会社
株式会社ＷＯＲＫ　ＩＴ．,石川県金沢市小坂町南１８６番地,2021-08-03,株式会社
株式会社Ｙ’ｓ,静岡県周智郡森町草ケ谷１２３番地の３８,2021-08-03,株式会社
株式会社Ｙ’ｓ　ｃｏｒｐｏｒａｔｉｏｎ,東京都町田市野津田町１１４５番地５,2021-08-03,株式会社
株式会社Ｙ５,東京都千代田区大手町１丁目１番１号,2021-08-03,株式会社
株式会社ＹＭＲ,熊本県熊本市北区弓削４丁目９番４号,2021-08-03,株式会社
株式会社ＹＯＳＳＨＡ,神奈川県藤沢市鵠沼石上２丁目７番８号ビックライズビル５Ｆ,2021-08-03,株式会社
株式会社ＹＵＥＬ,東京都世田谷区玉川３丁目２８番１号,2021-08-03,株式会社
株式会社ＺＯＩＣ,静岡県静岡市葵区紺屋町８番地１３内野ビル４Ｆ,2021-08-03,株式会社
株式会社ａｉ,愛知県西尾市平坂町如月２番地１,2021-08-03,株式会社
株式会社ａｎｄ　ＬＥＯＮ,群馬県前橋市紅雲町２丁目１２番８号,2021-08-03,株式会社
株式会社ｃａｍ－ｏ’ｎ,愛知県名古屋市北区大曽根３丁目１７番１６号,2021-08-03,株式会社
株式会社ｃｌｏｃｈｅ,広島県広島市中区銀山町１２番２０号８７ビル２Ｆ,2021-08-03,株式会社
株式会社ｃｒａｎｋ,大阪府大阪市中央区難波４丁目１番１５号,2021-08-03,株式会社
株式会社ｄｅＲｉｇｈｔ,鹿児島県鹿児島市上之園町２７番１８号,2021-08-03,株式会社
株式会社ｅＱＯＬ,静岡県藤枝市高柳３丁目８番２８号,2021-08-03,株式会社
株式会社ｅｎｉｓｈｉｎｇ．Ｔ,愛知県名古屋市緑区鴻仏目１丁目５１８番地,2021-08-03,株式会社
株式会社ｆｏｒｅｓｔｅｃｈ,静岡県沼津市五月町８番８号,2021-08-03,株式会社
株式会社ｈａｒｖｅｎｅｒｇｙ,北海道札幌市手稲区富丘三条３丁目１番８号,2021-08-03,株式会社
株式会社ｉｓｐａｃｅ　Ｊａｐａｎ,東京都中央区日本橋浜町３丁目４２番３号,2021-08-03,株式会社
株式会社ｋｅｉ＆Ｔ,大阪府寝屋川市石津東町１９番６６号,2021-08-03,株式会社
株式会社ｋｎｏｃｋ,愛知県名古屋市中区大須１丁目７番１４号パークＩＭビル２Ｆ,2021-08-03,株式会社
株式会社ｋｏｍｏｒｅｂｉ,愛知県安城市南町５番１７号,2021-08-03,株式会社
株式会社ｍｕｍｕ,神奈川県藤沢市片瀬山３丁目２４番１１号片瀬山テラスハウス２,2021-08-03,株式会社
株式会社ｎｏｒｍ,東京都渋谷区神宮前６丁目２３番４号桑野ビル２階,2021-08-03,株式会社
株式会社ｗｅｂサービス研究所,香川県高松市天神前１０番５号高松セントラルスカイビルディング３Ｆｓｏｕｔｈ,2021-08-03,株式会社
森友株式会社,大阪府大阪市東住吉区湯里５丁目１６番地５号３Ｆ－Ｆ,2021-08-03,株式会社
森林共生アプリシエイト株式会社,東京都千代田区神田錦町３丁目２１番１３１５,2021-08-03,株式会社
欣栄商事合同会社,茨城県水戸市河和田町４４０５－３１－１Ｆ,2021-08-03,合同会社
水仙合同会社,東京都港区西新橋１丁目２番９号ＥＰコンサルティングサービス内,2021-08-03,合同会社
江波鉄工株式会社,三重県桑名市中央町１丁目１６番地,2021-08-03,株式会社
滋賀県建設工事業協同組合,滋賀県米原市枝折３６２番地,2021-08-03,その他の設立登記法人
特定非営利活動法人はるかぜ,香川県観音寺市原町１２０８番地１,2021-08-03,その他の設立登記法人
特定非営利活動法人アスリートの未来を考える会,和歌山県和歌山市本脇５３１番地１,2021-08-03,その他の設立登記法人
特定非営利活動法人ケアラー健康協会,千葉県市川市新田４丁目２番５号ヒロハイツ１Ｆ,2021-08-03,その他の設立登記法人
特定非営利活動法人楽園プロジェクト,北海道札幌市白石区栄通１１丁目１番３３号,2021-08-03,その他の設立登記法人
特定非営利活動法人燕メタセコイアの会,新潟県燕市吉田神田町１９番８号,2021-08-03,その他の設立登記法人
特定非営利活動法人関谷もみじの郷,栃木県那須塩原市関谷４４８番地１,2021-08-03,その他の設立登記法人
特定非営利活動法人青森県レクリエーション協会,青森県弘前市大字萱町５０番地１,2021-08-03,その他の設立登記法人
特定非営利活動法人ｓｏｃｉａｌｍａｔｅ,千葉県千葉市中央区富士見１丁目１３－１１紅谷ビル３０２,2021-08-03,その他の設立登記法人
特定非営利活動法人ｗｉｔｈ　Ｇ,秋田県由利本荘市大浦字蛇持４６番地１,2021-08-03,その他の設立登記法人
田尻林業株式会社,山梨県南アルプス市在家塚２３６番地１,2021-08-03,株式会社
白山木設計株式会社,石川県金沢市出雲町イ４３５番地,2021-08-03,株式会社
秋実株式会社,大阪府大阪市生野区巽北１丁目１番１号２Ｆ－Ｇ,2021-08-03,株式会社
藤合同会社,東京都港区西新橋１丁目２番９号ＥＰコンサルティングサービス内,2021-08-03,合同会社
藤和シティコープ古河管理組合,茨城県古河市中央町２丁目８－４５,2021-08-03,その他
藤進ファーム株式会社,熊本県阿蘇郡西原村大字布田１４５２番地,2021-08-03,株式会社
野呂林業株式会社,三重県松阪市飯南町有間野６５２番地,2021-08-03,株式会社
銀杏合同会社,東京都港区西新橋１丁目２番９号ＥＰコンサルティングサービス内,2021-08-03,合同会社
関西医療経営勉強会,兵庫県西宮市久保町１５－１１－７０３,2021-08-03,その他
雅ＦａｍｉｌｙＰｈａｒｍａｃｙ株式会社,熊本県熊本市南区近見２丁目４番５５号,2021-08-03,株式会社
風と地と木合同会社,東京都大田区久が原５丁目９番７号,2021-08-03,合同会社
高橋設備株式会社,神奈川県横浜市泉区下飯田町８９７番地１０,2021-08-03,株式会社
鵬越株式会社,東京都大田区蒲田５丁目４２－６－８０２,2021-08-03,株式会社
麦酒館・味蕾館運営準備株式会社,青森県十和田市西二十三番町１１番１号サングリーン１０３,2021-08-03,株式会社
Ａ　ｗｏｒｌｄ合同会社,東京都中央区銀座１丁目１５－４銀座一丁目ビル７Ｆ,2021-08-03,合同会社
Ａ－ＯＮＥ　ＢＥＡＤＳ　ＪＡＰＡＮ株式会社,山梨県甲府市高畑２丁目４番１８号第１コーポシマダ１０１,2021-08-03,株式会社
ＡＮＤ株式会社,石川県金沢市玉川町１１番２５号,2021-08-03,株式会社
ＡＲＴ－ＴＲＡ株式会社,東京都文京区小石川３丁目３８番３－３０４号,2021-08-03,株式会社
Ａｌｐｈａ株式会社,岐阜県各務原市鵜沼三ツ池町５丁目１８９番地,2021-08-03,株式会社
Ａｐｐ　Ｘ株式会社,東京都千代田区丸の内３丁目１番１号国際ビル,2021-08-03,株式会社
ＢＴ　Ｊａｐａｎ株式会社,長崎県佐世保市瀬戸越１丁目１５７０番地２５,2021-08-03,株式会社
ＢｒｏｎｚｅＢｅａｔｓ　Ｊａｐａｎ合同会社,東京都千代田区平河町１丁目６番１５号ＵＳビル８Ｆ,2021-08-03,合同会社
Ｃｌｏｕｄ９合同会社,愛知県名古屋市中区栄１丁目２２－２ライオンズ名古屋ビル５１３号,2021-08-03,合同会社
ＤＨＳＷＦ１合同会社,東京都千代田区永田町２丁目４番８号,2021-08-03,合同会社
Ｄａｉｋｏｕ金属株式会社,大阪府東大阪市森河内東１丁目２３番１５号,2021-08-03,株式会社
Ｄｉｃａｍｐ合同会社,神奈川県横浜市神奈川区栄町５－１横浜クリエーションスクエア１４階,2021-08-03,合同会社
ＥＧ　ＤＥＳＩＧＮ株式会社,岐阜県揖斐郡揖斐川町三輪１８２５番地,2021-08-03,株式会社
Ｅｄｉｔ　Ｐｌａｎ合同会社,東京都中央区佃３丁目１１番１８－４０３号,2021-08-03,合同会社
ＦＵＪＩ　ＡＮＩＭＡＴＩＯＮ株式会社,東京都渋谷区富ヶ谷１丁目１４番１４号３階,2021-08-03,株式会社
ＧＡＪＵ　ｍａｌｌ株式会社,埼玉県新座市野火止１丁目１１番３号,2021-08-03,株式会社
ＧＥＲＥＬ合同会社,静岡県富士宮市宮原４２１番地の３,2021-08-03,合同会社
ＧｅｎＡｉ合同会社,東京都中央区銀座１丁目２２番１１号銀座大竹ビジデンス２階,2021-08-03,合同会社
Ｈ．Ｎ．Ａ　ＭＯＴＯＲＳ,千葉県佐倉市大篠塚７７３番地Ａ－１,2021-08-03,外国会社等
ＨＩＡ株式会社,愛知県名古屋市西区稲生町字杁先２２００番地の１０（キャパシティ３１５号）,2021-08-03,株式会社
ＨＩＲＯＴＡＰＲＯ株式会社,岡山県岡山市南区箕島２９７０番地２,2021-08-03,株式会社
ＨＴ株式会社,茨城県龍ケ崎市南中島町１２３番地２４－２０３号,2021-08-03,株式会社
Ｈａｎｄｙ　Ｓｅｒｖｉｃｅ合同会社,愛知県一宮市花池４丁目１０番１６号,2021-08-03,合同会社
Ｈｕｎｎｙ　Ｃｏｕｔｕｒｅ株式会社,奈良県奈良市西九条町５５９番地の９,2021-08-03,株式会社
Ｉ　ＹＯＵＮＧ株式会社,東京都荒川区東尾久２丁目２番９－２１４号,2021-08-03,株式会社
Ｉｎｖｅｓｅｎｓｅ　Ｃｏｌｌｅｃｔｉｂｌｅｓ合同会社,東京都千代田区丸の内２丁目１番１号明治安田生命ビル１４階,2021-08-03,合同会社
Ｊ－ＧＹＵ　ＪＡＰＡＮ合同会社,愛知県一宮市笹野字宮西北５４番地１,2021-08-03,合同会社
Ｋ．Ｃ．Ｊ　ＭＯＴＯＲＳ,千葉県佐倉市大篠塚２７８番地Ａ－１,2021-08-03,外国会社等
Ｋ３合同会社,埼玉県草加市青柳７丁目１８－６,2021-08-03,合同会社
ＫＡＫＥＨＡＳＨＩ合同会社,千葉県船橋市本中山３丁目１７番２号横山ビル２０３号室,2021-08-03,合同会社
Ｋｉｒａｎ合同会社,神奈川県平塚市馬入２２３０－４,2021-08-03,合同会社
Ｌｉｆｅ　Ｐｌｕｓ合同会社,大阪府大阪市東住吉区今川７丁目８番１１号エイチ・ツー・オー今川１０３号室,2021-08-03,合同会社
Ｍエナジー一般社団法人,東京都千代田区九段南３丁目７番７号成和綜合会計事務所内,2021-08-03,その他の設立登記法人
Ｍソーラー一般社団法人,東京都千代田区九段南３丁目７番７号成和綜合会計事務所内,2021-08-03,その他の設立登記法人
ＭＯＮＯ　ＢＯＸ合同会社,愛知県名古屋市千種区今池南１２番７号（ドミール春岡２０２号）,2021-08-03,合同会社
ＭＯＳＴ株式会社,静岡県浜松市北区新都田２丁目１１番２８号,2021-08-03,株式会社
ＭＳＫ合同会社,静岡県浜松市東区大瀬町９９１番地,2021-08-03,合同会社
ＭＴＧｓ合同会社,神奈川県相模原市南区御園５丁目５－１６,2021-08-03,合同会社
Ｍａｃｂｅｔｈ　Ｌｉｍｉｔｅｄ,東京都中央区銀座１丁目６番１１号土志田ビルディング３階,2021-08-03,外国会社等
Ｍｏｒｉ＆Ｃｏ合同会社,北海道有珠郡壮瞥町字壮瞥温泉８６番地７,2021-08-03,合同会社
ＮＰＯ法人神戸ななつぼし,兵庫県神戸市須磨区平田町３丁目２番１５号,2021-08-03,その他の設立登記法人
ＮＰＯ法人青い鳥の会,鳥取県鳥取市立川町６丁目２３４番地旭町団地集会所,2021-08-03,その他の設立登記法人
ＯＲＩＯ　ＥＮＴＥＲＰＲＩＳＥＳ,千葉県山武市木原１４０２番地オフィス３号,2021-08-03,外国会社等
ＯＵＲＲＥ合同会社,群馬県高崎市鍛冶町１番地１１遠藤米穀店２階,2021-08-03,合同会社
ＰＲＰ合同会社,宮城県仙台市青葉区柏木１丁目９番３号,2021-08-03,合同会社
Ｐｕｓｈ　Ｂｅｙｏｎｄ合同会社,東京都渋谷区上原１丁目４１－１８－１０５,2021-08-03,合同会社
ＳＥＴＨＭＩＴＨＡ　ＡＵＴＯ　ＷＩＮＧＳ,千葉県佐倉市大篠塚９３３番地Ａ－１,2021-08-03,外国会社等
ＳＯＬＡ　ＣＨＵＲＣＨ,静岡県浜松市浜北区大平１２２８－２,2021-08-03,その他
ＳｈａｒｅＴｏｏｌｓ合同会社,岐阜県海津市平田町岡字大上２４－１,2021-08-03,合同会社
ＳｉｍｐｌｅＳｉｍ合同会社,滋賀県大津市日吉台１丁目８番５号,2021-08-03,合同会社
Ｓｕｓｔｉｎｅｒｉ株式会社,東京都渋谷区神宮前６丁目２３番４号桑野ビル２階,2021-08-03,株式会社
ＳｗｅｅｔＳｕｍｍｅｒ株式会社,兵庫県姫路市車崎１丁目５番１１－４０３号,2021-08-03,株式会社
ＴＥＮＴＯＴＥＮ株式会社,大阪府大阪市西区南堀江１丁目１１番１号,2021-08-03,株式会社
ＴＩＹＬ合同会社,東京都中央区銀座１丁目２２番１１号銀座大竹ビジデンス２階,2021-08-03,合同会社
ＴＰＡＣＫ株式会社,神奈川県大和市林間１丁目１３－４アドリーム南林間３０３,2021-08-03,株式会社
ＴＳＵＴＡＹＡホールディングス合同会社,東京都昭島市昭和町５丁目１１番６号,2021-08-03,合同会社
Ｔａｎｇｅｎｔ　Ｉｎｖｅｓｔｍｅｎｔ一般社団法人,東京都港区虎ノ門４丁目１番２８号,2021-08-03,その他の設立登記法人
Ｔｅｃｈ８８株式会社,鹿児島県鹿児島市薬師２丁目６番２３号,2021-08-03,株式会社
ＴｏＬ株式会社,愛知県名古屋市港区当知２丁目６０２,2021-08-03,株式会社
Ｔｏｋｙｏ　Ｓｔｒｅｅｔ　Ｓｔｙｌｅ合同会社,大阪府大阪市浪速区桜川１丁目１番３０号コーポ原１階,2021-08-03,合同会社
Ｕ－ｓｔｙｌｅ株式会社,東京都千代田区神田多町２丁目１番地神田東山ビル７Ｆ,2021-08-03,株式会社
ＷＲＴ少額短期準備株式会社,東京都千代田区内幸町２丁目２番３号,2021-08-03,株式会社
ＹＥＥＴｎＯＯＦ合同会社,東京都渋谷区神宮前６丁目２３番４号桑野ビル２階,2021-08-03,合同会社
ＺＥＲＯ　ＴＥＣＨ株式会社,東京都足立区入谷７丁目１４番３号石橋ビル１階,2021-08-03,株式会社
ＺＨＡＶＩＳ　ＥＮＴＥＲＰＲＩＳＥＳ,千葉県佐倉市大篠塚７７３番地Ｂ－１,2021-08-03,外国会社等
Ｚｅｎｋｏエンジ合同会社,福井県坂井市春江町為国亀ケ久保８７番地,2021-08-03,合同会社
ｆｌａｔｗｈｉｔｅ合同会社,東京都中央区銀座１丁目１２番４号Ｎ＆ＥＢＬＤ．７階,2021-08-03,合同会社
ｋｉｌｌｉｎｇ　ｔｉｍｅ株式会社,大阪府大阪市北区梅田１丁目１１－４－９２３大阪駅前第４ビル９階,2021-08-03,株式会社
ｎ．ｃｒｅｓｓｏｎ株式会社,三重県松阪市大黒田町３４４番地,2021-08-03,株式会社
ｎｅｗｔｒａｃｅ株式会社,東京都渋谷区道玄坂２丁目１０番７号,2021-08-03,株式会社
ｎｉｅｖｅｓｏｌｔｉｅｒｒａ合同会社,千葉県柏市布施新町４丁目１１番３号,2021-08-03,合同会社
いずみエステート株式会社,宮城県仙台市泉区山の寺２丁目２８番１３号エスポワール１０３号室,2021-08-04,株式会社
かき道楽株式会社,熊本県熊本市南区城南町坂野２７１番地,2021-08-04,株式会社
きょうの行政書士法人,千葉県白井市冨士５５番地の３８,2021-08-04,その他の設立登記法人
ぐっどぴーす株式会社,東京都千代田区神田佐久間町１丁目８番４号アルテール秋葉原７０８,2021-08-04,株式会社
ちょこっと株式会社,愛知県名古屋市緑区大高町字石ノ戸４番地の２,2021-08-04,株式会社
ねんど企画合同会社,福岡県福岡市中央区薬院３丁目１１番１０－５０７号,2021-08-04,合同会社
ひので合同会社,千葉県浦安市日の出５丁目６番１－１０７号,2021-08-04,合同会社
ひみつビール合同会社,三重県伊勢市二見町西８２９－１,2021-08-04,合同会社
ひより建築株式会社,埼玉県さいたま市浦和区北浦和３丁目１３番１２号,2021-08-04,株式会社
ひろしま国際平和文化祭実行委員会,広島県広島市中区加古町４番１７号,2021-08-04,その他
ふくおかクリエイト株式会社,福岡県福岡市中央区港３丁目３番１４号,2021-08-04,株式会社
みんなのサポート株式会社,東京都目黒区鷹番２丁目１６番１４号ラディアスＲビル３Ｂ,2021-08-04,株式会社
ゆうびホーム株式会社,愛知県稲沢市祖父江町大牧明田８３９番地７,2021-08-04,株式会社
ゆず株式会社,岡山県津山市野村３０３番地１,2021-08-04,株式会社
アクティブ・テクノロジーズ合同会社,愛知県名古屋市北区楠味鋺１丁目４１９番地（コンフォール光和Ｂ棟１０３号）,2021-08-04,合同会社
アトラップ株式会社,東京都足立区中川３丁目２０番１５号ツエルマット１０７号室,2021-08-04,株式会社
アドネス株式会社,東京都新宿区富久町８番２５号５Ｆ,2021-08-04,株式会社
アポクレ株式会社,宮城県仙台市泉区南光台４丁目１１－３１,2021-08-04,株式会社
アンダリィ合同会社,北海道上川郡美瑛町東町３丁目８番１－２０２号,2021-08-04,合同会社
アートエンジ株式会社,大阪府堺市堺区二条通２番１４号,2021-08-04,株式会社
アールイーワークス株式会社,石川県野々市市本町３丁目２番２７号ＳＵＮ８・２０５号室,2021-08-04,株式会社
イプシロン合同会社,大阪府茨木市北春日丘３丁目６番１２号,2021-08-04,合同会社
エアーヴィレッジＭ合同会社,宮崎県宮崎市江平東町１１番地６号フラワーマンション江平８０３号,2021-08-04,合同会社
エクシア・フィナンシャル株式会社,東京都港区六本木３丁目２番１号住友不動産六本木グランドタワー１５階,2021-08-04,株式会社
エヌシステム株式会社,宮崎県宮崎市花ケ島町笹原２２４１番地６,2021-08-04,株式会社
エフティヒア合同会社,東京都江東区辰巳１丁目６－１０ブリリア辰巳キャナルテラス１１０３,2021-08-04,合同会社
エム’ズハート株式会社,愛知県豊田市秋葉町７丁目１０番地２６,2021-08-04,株式会社
オトゥフ工業株式会社,愛知県西尾市丁田町中ノ切２９番地フラットサプレス市川Ａ棟２０号室,2021-08-04,株式会社
オーシャンフロント株式会社,千葉県館山市八幡８２１番地１,2021-08-04,株式会社
オールマイト株式会社,神奈川県川崎市多摩区菅２丁目１５番３号,2021-08-04,株式会社
クレール合同会社,千葉県夷隅郡大多喜町小田代１１００番地,2021-08-04,合同会社
グロウエール株式会社,三重県四日市市生桑町１８２８番地１４,2021-08-04,株式会社
ケイ・コミュニケーションズ合同会社,埼玉県さいたま市浦和区大東２丁目１７番３２号,2021-08-04,合同会社
ゲノムリード株式会社,香川県高松市常磐町２丁目３番地３５,2021-08-04,株式会社
ジャパンライズトレーディング株式会社,東京都立川市一番町４丁目１４番地の１一番町パレス２０６号,2021-08-04,株式会社
ジリデザイン株式会社,東京都目黒区下目黒２丁目２１番２７－９０１号カーサ目黒,2021-08-04,株式会社
ジー・ジェイ・レジデンス・ファイブ一般社団法人,東京都港区虎ノ門４丁目３番１号城山トラストタワー２７階ＳａｎｎｅＧｒｏｕｐＪａｐａｎ株式会社内,2021-08-04,その他の設立登記法人
スカイサプライ株式会社,愛知県春日井市中野町２丁目１０番地２３,2021-08-04,株式会社
ステップワン株式会社,岡山県津山市船頭町１９,2021-08-04,株式会社
スライブ電気株式会社,長崎県大村市須田ノ木町７６３番地４,2021-08-04,株式会社
セプテンバー・ナイン株式会社,福井県福井市灯明寺３丁目４５２４番地,2021-08-04,株式会社
センスオブワンダー合同会社,長野県松本市村井町北１丁目９番４１号,2021-08-04,合同会社
ソルマーレ合同会社,兵庫県神戸市中央区北野町１丁目５－２１ケーシーコート３０２号,2021-08-04,合同会社
タクト合同会社,北海道釧路市星が浦大通１丁目３番４号,2021-08-04,合同会社
タケナカ機工株式会社,和歌山県西牟婁郡上富田町生馬１０１６番地３,2021-08-04,株式会社
ディーアンドアイ株式会社,香川県高松市一宮町７１０番地１ＯＫビル３階,2021-08-04,株式会社
トラスト警備株式会社,高知県高知市桟橋通１丁目１３－１６,2021-08-04,株式会社
ナチュリーホーム株式会社,愛媛県新居浜市垣生３丁目９番２０号,2021-08-04,株式会社
ニューライフ広島管理組合法人,広島県広島市南区的場町１丁目７番１０号,2021-08-04,その他の設立登記法人
ハサウェイ合同会社,熊本県宇土市三拾町２９５番地２０,2021-08-04,合同会社
パーソナルワークス株式会社,京都府京都市下京区中堂寺坊城町２８番地７,2021-08-04,株式会社
ビジサポ株式会社,東京都豊島区東池袋２丁目１番７号ＯＳビル２０１,2021-08-04,株式会社
ファンズ・オペレーション合同会社,東京都港区西麻布３丁目２番地１号,2021-08-04,合同会社
ブリッジング協同組合,愛知県小牧市大字西之島２１２１番地３,2021-08-04,その他の設立登記法人
ブルーオーシャン経営コンサルティング株式会社,宮崎県都城市安久町１８８８番地１５,2021-08-04,株式会社
プレソフィア株式会社,東京都港区南青山２丁目２番１５号,2021-08-04,株式会社
プロティア・ソフトウェアサービス株式会社,東京都港区虎ノ門４丁目１番１３号プライムテラス神谷町７階,2021-08-04,株式会社
ボデーショップナラハ株式会社,福島県双葉郡楢葉町大字上繁岡字二枚橋１１５番地の５,2021-08-04,株式会社
ボンズ不動産株式会社,静岡県静岡市葵区幸町５７番地の１０,2021-08-04,株式会社
マイデンタル株式会社,京都府京都市北区上賀茂本山３７９番地２,2021-08-04,株式会社
マーンブレインネクスト株式会社,愛知県小牧市篠岡１丁目１５番地６,2021-08-04,株式会社
ヤマモトサービス株式会社,広島県廿日市市阿品台５丁目８番１７号,2021-08-04,株式会社
ラリゴ株式会社,東京都港区海岸１丁目７番１号東京ポートシティ竹芝オフィスタワー８Ｆ,2021-08-04,株式会社
リアルエステート・Ｍ＆Ａワークス株式会社,東京都墨田区太平２丁目６番１号キムラハイツ１０１,2021-08-04,株式会社
リズミック株式会社,茨城県土浦市並木４丁目１１番３７号,2021-08-04,株式会社
リデザイン・パートナーズ株式会社,東京都渋谷区元代々木町４９番１７号,2021-08-04,株式会社
リトリートプラン合同会社,静岡県磐田市家田３７８番地,2021-08-04,合同会社
リトルハート株式会社,岡山県岡山市北区伊島町２丁目２０－２６エクセレント津島２Ｆ,2021-08-04,株式会社
リバースエイジング株式会社,東京都渋谷区広尾５丁目４番１６号ＧＥＭＳ広尾クロス内６階６１号室,2021-08-04,株式会社
リビングプロモート合同会社,新潟県新潟市西区五十嵐２の町８６８０番地１１,2021-08-04,合同会社
ルピナス税理士法人,福岡県福岡市中央区大名２丁目１１番１３号大名偕成ビル８階,2021-08-04,その他の設立登記法人
ロージー合同会社,北海道札幌市北区北三十八条西６丁目１－６－２０１,2021-08-04,合同会社
ワイ・ティマネジメント合同会社,神奈川県横浜市戸塚区品濃町５６２番地４プレミスト東戸塚３１０号,2021-08-04,合同会社
ワーキーバジャパン合同会社,東京都港区元麻布３丁目１番６号,2021-08-04,合同会社
一般社団法人アナドロマス,東京都西多摩郡檜原村３０３番地,2021-08-04,その他の設立登記法人
一般社団法人クリスタルＷａｖｅ,和歌山県和歌山市大谷１６－７,2021-08-04,その他の設立登記法人
一般社団法人ソーイングマイスター協会,香川県高松市塩屋町１４番地５,2021-08-04,その他の設立登記法人
一般社団法人ソーシャル・キャピタル共創機構,東京都日野市多摩平２丁目５番地１多摩平の森産業連携センターＰｌａｎＴ,2021-08-04,その他の設立登記法人
一般社団法人フレンドリープレース,静岡県沼津市西間門２８番地の３,2021-08-04,その他の設立登記法人
一般社団法人レインボー,愛知県名古屋市瑞穂区鍵田町２丁目３２番地,2021-08-04,その他の設立登記法人
一般社団法人九州厚生会,福岡県福岡市中央区天神１丁目２番１２号,2021-08-04,その他の設立登記法人
一般社団法人北九州スポーツ青少年育成会,福岡県北九州市小倉南区湯川３丁目６番５６号,2021-08-04,その他の設立登記法人
一般社団法人古民家再生の会,神奈川県藤沢市遠藤７０１番地の６滝ノ沢ストアー１０７,2021-08-04,その他の設立登記法人
一般社団法人地域デジタル化推進協議会,東京都港区六本木６丁目１０番１号,2021-08-04,その他の設立登記法人
一般社団法人日中教育促進会,東京都新宿区大久保２丁目１９番４号いせ市ビル５階,2021-08-04,その他の設立登記法人
一般社団法人日本健康サポート協会,大阪府箕面市西小路３丁目１７番２４号,2021-08-04,その他の設立登記法人
一般社団法人日本道路興運,東京都新宿区西新宿６丁目６番３号,2021-08-04,その他の設立登記法人
一般社団法人東京佼成ウインドオーケストラ,東京都杉並区方南２丁目２９番２５号地下１階,2021-08-04,その他の設立登記法人
一般社団法人魚々錦会,三重県度会郡大紀町錦８９１番地１,2021-08-04,その他の設立登記法人
一般社団法人ＡＮＳＡＲＵＤＤＥＥＮ,埼玉県ふじみ野市大井１丁目３番２２号,2021-08-04,その他の設立登記法人
一般社団法人Ａｖａｎｃｅ　Ｊｕｄｏ　Ａｃａｄｅｍｙ,東京都日野市程久保８丁目２１番地の１ライオンズマンション多摩動物公園６０１,2021-08-04,その他の設立登記法人
一般社団法人Ｂ．Ａ．Ｌ．Ｌ,広島県広島市西区大宮１丁目９番５号,2021-08-04,その他の設立登記法人
一般社団法人ＦｕＲｅＲｕ,神奈川県横須賀市久里浜４丁目１３番１５号帝国堂ビル３階,2021-08-04,その他の設立登記法人
一般社団法人Ｇ＆Ｔ笑顔の会,東京都新宿区西新宿７丁目１番７号新宿ダイカンプラザＡ１０１８,2021-08-04,その他の設立登記法人
一般社団法人ＪＳＰＳ,兵庫県神戸市須磨区白川台５丁目７番地の４,2021-08-04,その他の設立登記法人
一般社団法人ＭＮＣリレーションズ,神奈川県横浜市瀬谷区本郷３丁目８番地８,2021-08-04,その他の設立登記法人
一般社団法人Ｒｅｓｕｌｔ,大阪府大阪市西成区南津守４丁目１番７０－８２号,2021-08-04,その他の設立登記法人
一般社団法人ＳＫＹＭ,兵庫県明石市魚住町西岡６２７番地の１,2021-08-04,その他の設立登記法人
一般社団法人ＴＳＭ１５９,東京都港区元赤坂１丁目１番７号,2021-08-04,その他の設立登記法人
一般財団法人シャンティハウス,神奈川県鎌倉市小町２丁目５番１７号,2021-08-04,その他の設立登記法人
一般財団法人下村財団,富山県富山市婦中町萩島３６９７番地８,2021-08-04,その他の設立登記法人
一般財団法人優財団,東京都港区西新橋１丁目５番１１号第１１東洋海事ビル９階,2021-08-04,その他の設立登記法人
一般財団法人日本芸術音楽協会,東京都港区六本木７丁目３番８号,2021-08-04,その他の設立登記法人
一般財団法人笠置育英会,京都府相楽郡笠置町大字笠置小字笠置山２９番地,2021-08-04,その他の設立登記法人
中川機工株式会社,徳島県小松島市金磯町１０番１０号,2021-08-04,株式会社
中野車輌工業株式会社,大阪府泉南郡熊取町つばさが丘東２丁目１４番５号,2021-08-04,株式会社
丸八加藤商店株式会社,静岡県磐田市豊浜中野９７２番地７,2021-08-04,株式会社
井口庖丁本店合同会社,京都府京都市下京区朱雀宝蔵町６２,2021-08-04,合同会社
光永建設工業株式会社,和歌山県和歌山市湊５丁目１３－５,2021-08-04,株式会社
八田西キリスト教会,大阪府堺市中区八田西町２丁１５番３号,2021-08-04,その他の設立登記法人
冨田電気興業株式会社,広島県福山市松浜町３丁目７番１３号,2021-08-04,株式会社
制御ソフト本舗合同会社,京都府宇治市槇島町南落合６３番地の７,2021-08-04,合同会社
医療法人勢風会,三重県津市久居野村町６００番地２,2021-08-04,その他の設立登記法人
医療法人嘉祥会,大阪府大阪市福島区鷺洲１丁目７番２９号,2021-08-04,その他の設立登記法人
医療法人夢はいつか会,大阪府大阪市中央区瓦町３丁目４番８号アサヒビル３Ｆ,2021-08-04,その他の設立登記法人
医療法人貴明会,三重県伊賀市東条７５番地１,2021-08-04,その他の設立登記法人
千葉幸町東住宅管理組合法人,千葉県千葉市美浜区幸町２丁目１０番２０号,2021-08-04,その他の設立登記法人
協同組合ニカホノサキ,秋田県にかほ市大竹字下後２６番地,2021-08-04,その他の設立登記法人
古川牧場株式会社,香川県高松市川島東町１５１７番地１,2021-08-04,株式会社
司法書士法人ひまわり,愛知県名古屋市中区栄２丁目２番２３号アーク白川公園ビルディング本館０７０１,2021-08-04,その他の設立登記法人
司法書士法人ＳＯＲＡ,岡山県岡山市北区問屋町１１番地１０６ＢＯＯＴＨＢＬＤ３０１号,2021-08-04,その他の設立登記法人
合同会社あすほこ,香川県高松市木太町２７７４番地９,2021-08-04,合同会社
合同会社あたサポート,埼玉県川越市西小仙波町２丁目２７番地１,2021-08-04,合同会社
合同会社あんばい,千葉県印西市木下１３８６番地印西ビジネスセンター２階８号室,2021-08-04,合同会社
合同会社お餅大好き,東京都豊島区南大塚２丁目１１－１０ミモザビル３階,2021-08-04,合同会社
合同会社くるまやさん,岩手県花巻市東宮野目第１０地割７８番３号,2021-08-04,合同会社
合同会社ご縁,東京都千代田区東神田２丁目７番２－１２０５号,2021-08-04,合同会社
合同会社さんど,愛媛県今治市大三島町宮浦５５１９,2021-08-04,合同会社
合同会社ちあふる,千葉県山武郡九十九里町粟生７０７番地５,2021-08-04,合同会社
合同会社つなわたり,福島県会津若松市滝沢町５番４０号,2021-08-04,合同会社
合同会社とよさと農場,長野県安曇野市穂高有明８０３１番地４,2021-08-04,合同会社
合同会社ななほし,佐賀県佐賀市大和町大字東山田１６０６番地２,2021-08-04,合同会社
合同会社はまかぜ介護相談室三浦,神奈川県三浦市南下浦町金田１０２５ソレイユヒシヌマ２０３号,2021-08-04,合同会社
合同会社ぼくやる,埼玉県鴻巣市上谷２４０７番地２２,2021-08-04,合同会社
合同会社みもざ,兵庫県尼崎市西立花町３丁目７番１号,2021-08-04,合同会社
合同会社アラマキ,東京都千代田区紀尾井町３番１０号２１０１号室,2021-08-04,合同会社
合同会社アルゲンテウス,愛知県岩倉市東町東市場屋敷７７番地,2021-08-04,合同会社
合同会社アークリンクス,広島県広島市安佐南区東原３丁目２３－１８－１０１,2021-08-04,合同会社
合同会社アートマン,茨城県日立市多賀町３丁目３番９号,2021-08-04,合同会社
合同会社イノベーションフーズ,岐阜県高山市江名子町２１７３番地１,2021-08-04,合同会社
合同会社エイト,福岡県北九州市八幡西区泉ケ浦２丁目２２番６号,2021-08-04,合同会社
合同会社エスアール,静岡県沼津市高尾台１３－２３,2021-08-04,合同会社
合同会社エヌエーワン,愛知県岩倉市本町前田７９番地２（ティアラ鶴見２Ｂ）,2021-08-04,合同会社
合同会社オーライ,東京都杉並区成田東５丁目２４番２号,2021-08-04,合同会社
合同会社カーサ・コンプリメント,岩手県紫波郡矢巾町大字又兵エ新田第８地割１３４番地フェリオコズカタＡ棟１０２号室,2021-08-04,合同会社
合同会社カーショップサンデーナゴ,沖縄県中頭郡中城村字新垣１８３１番地１,2021-08-04,合同会社
合同会社クラフトラボ,熊本県玉名市立願寺１４３３番地２,2021-08-04,合同会社
合同会社グリーン総合企画,熊本県阿蘇郡西原村大字布田９４２－１,2021-08-04,合同会社
合同会社ケレス５５,東京都足立区保木間３丁目３０番１１号,2021-08-04,合同会社
合同会社コクア,京都府舞鶴市倉梯町１７番地４,2021-08-04,合同会社
合同会社サンホウ稲葉,三重県松阪市久保田町１１４番地４,2021-08-04,合同会社
合同会社シードディスカバリー,大分県由布市湯布院町川上３５３０番地１アルカンシェル１０１,2021-08-04,合同会社
合同会社ジオ,愛媛県東温市野田１丁目４番地１,2021-08-04,合同会社
合同会社スカイ・クリエイト,大阪府大阪市中央区東心斎橋１丁目３番２７－１５０１号,2021-08-04,合同会社
合同会社スパイラルビート,東京都板橋区坂下１丁目１７番７号,2021-08-04,合同会社
合同会社ツータッチカンパニー,東京都大田区東馬込２丁目１８番１２号テラスハウスヴィラリーフＢ号,2021-08-04,合同会社
合同会社テイコク不動産,愛知県刈谷市松坂町４丁目１１０番地,2021-08-04,合同会社
合同会社テンソン,東京都目黒区目黒２丁目１５番１２－４１２号朝日中目黒マンション,2021-08-04,合同会社
合同会社ナウアルカ,大分県豊後高田市来縄２１０番地５,2021-08-04,合同会社
合同会社ネオクリエイト,広島県神石郡神石高原町牧４１５－１１,2021-08-04,合同会社
合同会社バランスライフ,熊本県熊本市北区高平１丁目２０番５号,2021-08-04,合同会社
合同会社ピジョン,千葉県富津市西大和田５３７番地６,2021-08-04,合同会社
合同会社ピンクアンドベージュコミュニケーションズ,東京都港区六本木３丁目４番５号コープ野村六本木２＃２０４,2021-08-04,合同会社
合同会社ファジオン,東京都墨田区文花１丁目１８番１３号,2021-08-04,合同会社
合同会社フリーマイライフ,千葉県市川市鬼越２丁目１７番１－１００１号（ビューパレー市川）,2021-08-04,合同会社
合同会社ブルームエバー,熊本県熊本市南区十禅寺２丁目１６番１８号,2021-08-04,合同会社
合同会社ベルハープ,東京都北区赤羽北３丁目２６番１－８０１号,2021-08-04,合同会社
合同会社マツエ,愛媛県八幡浜市大黒町３丁目１５２６番地１３０,2021-08-04,合同会社
合同会社ランドクリップ,福岡県福岡市東区和白東３丁目１３番１号,2021-08-04,合同会社
合同会社リガージェ,東京都杉並区高円寺南３丁目５８番１７号ハウスポート高円寺ビル３Ｆ,2021-08-04,合同会社
合同会社ロッカクテックシステムズ,神奈川県川崎市中原区小杉町３丁目６００番ＭＩＤＰＯＩＮＴ武蔵小杉２－３３,2021-08-04,合同会社
合同会社上土井,広島県広島市安佐北区亀山７丁目６番１７号,2021-08-04,合同会社
合同会社事業革新,千葉県船橋市湊町２丁目１－１８勝山ビル２Ｆ,2021-08-04,合同会社
合同会社二鳳,愛媛県松山市居相２丁目４番２３号,2021-08-04,合同会社
合同会社五月会,北海道札幌市東区北二十四条東１６丁目３番３０号,2021-08-04,合同会社
合同会社伊原脳機,東京都港区虎ノ門５丁目１番４号東都ビル２階,2021-08-04,合同会社
合同会社住宅循環支援機構,東京都千代田区平河町１丁目７番２０号平河町辻田ビル５階,2021-08-04,合同会社
合同会社官兵衛,滋賀県東近江市ひばり丘町２番４－３０１号,2021-08-04,合同会社
合同会社山根運送,広島県三次市十日市東２丁目３番５号２０２号室,2021-08-04,合同会社
合同会社心・愛,宮城県宮城郡松島町高城字愛宕一２９番地の１７,2021-08-04,合同会社
合同会社恒和,東京都大田区北嶺町２２番５号,2021-08-04,合同会社
合同会社方圓国際,東京都北区浮間１丁目７－２３兆豊浮間ビル１０１号室,2021-08-04,合同会社
合同会社未来会計,東京都千代田区東神田２丁目７番２－１２０５号,2021-08-04,合同会社
合同会社楡木通商,熊本県熊本市北区楡木３丁目１番２３号,2021-08-04,合同会社
合同会社楽々会計,東京都西東京市泉町４丁目５番１７号,2021-08-04,合同会社
合同会社正屋,愛知県名古屋市南区柴田町５丁目１１番地の２,2021-08-04,合同会社
合同会社渡辺商店,神奈川県川崎市麻生区王禅寺東５丁目４番２０号,2021-08-04,合同会社
合同会社琉休,沖縄県沖縄市与儀１丁目７番７号ミルコマンション沖縄市与儀グランパーク１１０３,2021-08-04,合同会社
合同会社田中商事,東京都小平市上水本町１丁目１０番２１－１号,2021-08-04,合同会社
合同会社番頭舎,三重県松阪市下村町２５８３番地５,2021-08-04,合同会社
合同会社砂川遊学舎,北海道砂川市西一条北１２丁目１－２２,2021-08-04,合同会社
合同会社翠パートナーズ,広島県東広島市志和町別府７４９番地１６,2021-08-04,合同会社
合同会社良き,新潟県南魚沼市二日町５８番地,2021-08-04,合同会社
合同会社芙和,長野県松本市大字和田８０００番地５５２,2021-08-04,合同会社
合同会社英都企画,愛媛県八幡浜市五反田１番耕地４８６番地１,2021-08-04,合同会社
合同会社華誠,東京都墨田区太平１丁目１５番３－８０３号,2021-08-04,合同会社
合同会社豊福,東京都文京区本駒込３丁目５番７－９０２号,2021-08-04,合同会社
合同会社７１,栃木県佐野市大橋町３１７９番地１８,2021-08-04,合同会社
合同会社８２,東京都渋谷区本町６丁目９番１３号,2021-08-04,合同会社
合同会社Ａ．Ｃｏ－ｔｉｏｎ,東京都世田谷区松原４丁目１９番１２号,2021-08-04,合同会社
合同会社Ａ．Ｐ．１８,東京都港区元赤坂１丁目１番８号赤坂コミュニティビル４階,2021-08-04,合同会社
合同会社ＡｒｃｈｉＷｏｒｋｓ,広島県東広島市河内町入野１３２９番地１,2021-08-04,合同会社
合同会社ＢｅＭｙＢｒａｉｎ,東京都世田谷区船橋１丁目２８番１３－１０１号,2021-08-04,合同会社
合同会社Ｃｏ１,東京都港区北青山３丁目５番１４号６階,2021-08-04,合同会社
合同会社ＤＲ商会,東京都西東京市柳沢６丁目１番２号,2021-08-04,合同会社
合同会社ＦＯＳＳ,石川県金沢市西金沢新町１９５番地,2021-08-04,合同会社
合同会社ＦｕｎｓＣｏｄｅ,東京都渋谷区神宮前６丁目２３番４号桑野ビル２階,2021-08-04,合同会社
合同会社Ｇａｒａｇｅ,宮城県仙台市青葉区本町１丁目５番２８号カーニープレイス仙台駅前通６０３号室,2021-08-04,合同会社
合同会社ＨＡＩＲ　ＡＮＤ　ＬＩＦＥ,北海道広尾郡大樹町西本通９８番地,2021-08-04,合同会社
合同会社ＨＩＴＯＭＹＯＮ,埼玉県さいたま市北区奈良町１１１－４３,2021-08-04,合同会社
合同会社ＨＯＫＯＨＯＫＯ,兵庫県伊丹市安堂寺町４丁目１１３番地,2021-08-04,合同会社
合同会社ＨＲマネジメント,福岡県福岡市西区今宿１丁目１２－１４,2021-08-04,合同会社
合同会社ＩＮＴＥＬＬＡＸ,東京都港区南青山２丁目２番１５号ウィン青山１２１４号,2021-08-04,合同会社
合同会社Ｉｎｔｅｒｅｓｔｉｎｇ　ｉｄｅａ,香川県高松市桜町１丁目６番１８号,2021-08-04,合同会社
合同会社ＫＡＯ,山形県山形市松山３丁目１２番２９－３０１号シンフォニア,2021-08-04,合同会社
合同会社ＫＰパートナーズ,東京都豊島区西池袋３丁目２１番１３－３０４号,2021-08-04,合同会社
合同会社ＫＳＰ,愛知県名古屋市名東区大針２丁目１３８番地,2021-08-04,合同会社
合同会社Ｋｅ,広島県三次市三次町２０１４－４番,2021-08-04,合同会社
合同会社Ｋｅｙａｋｉ,東京都港区芝浦２丁目８－８坂本ビル２０２,2021-08-04,合同会社
合同会社Ｌａｕｇｈｍｅｎｓ,栃木県真岡市台町４２７１－４,2021-08-04,合同会社
合同会社ＬｏｃｕｓＴｅｃｈｓ,千葉県船橋市湊町２丁目１５番２２－６０２号,2021-08-04,合同会社
合同会社Ｍ２Ａｄｍｉｎｉｓｔｒａｔｉｏｎ,埼玉県川越市菅原町５番地１パークホームズ川越ザレジデンス１３０２号室,2021-08-04,合同会社
合同会社ＭＨ,愛知県名古屋市守山区太田井２番２６号,2021-08-04,合同会社
合同会社Ｍａｉｓｏｎ　ｄｅ　Ｍｏｕ,東京都中央区勝どき５丁目５－１４－７１５,2021-08-04,合同会社
合同会社Ｍｂ,埼玉県さいたま市西区大字宝来１６８７番地２,2021-08-04,合同会社
合同会社ＮＯＡＨ‐Ｐｒｅｓｓｏ,神奈川県平塚市北金目２丁目１－３２シェローナ４０４,2021-08-04,合同会社
合同会社ＮＯＮ,千葉県東金市台方１４１０番地３アトムビル２０２,2021-08-04,合同会社
合同会社ＮＳエンジニアリング,東京都渋谷区渋谷２丁目１９番１５－６０９号宮益坂ビルディング,2021-08-04,合同会社
合同会社Ｎｏｖｉｃｅ,東京都千代田区東神田２丁目７番２－１２０５号,2021-08-04,合同会社
合同会社ＰＯＩＥＳＩＳ,広島県広島市中区千田町１丁目１２番５－２０２号,2021-08-04,合同会社
合同会社ＲＥＧＩＮＡ,神奈川県厚木市三田南２丁目１５番１８号,2021-08-04,合同会社
合同会社Ｒａｙ,埼玉県鴻巣市袋１７４９番地９,2021-08-04,合同会社
合同会社Ｒｉｓｉｎｇ　Ｊａｐａｎ,広島県広島市安佐北区可部１丁目６－４４ｐｒｉｏｌ　Ｃｒｅｃｉａ２０３,2021-08-04,合同会社
合同会社ＳＡＫＵＲＡＩＲＯ,長野県諏訪郡下諏訪町４７７０番地１８,2021-08-04,合同会社
合同会社ＳＥＥＫコミュニケーションズ,千葉県松戸市河原塚３１３番地の１１シャルム東松戸３０４号,2021-08-04,合同会社
合同会社ＳＧＮ,和歌山県和歌山市井辺２０２番地２,2021-08-04,合同会社
合同会社ＳＴＡＲ　ＬＩＮＥ,茨城県取手市谷中１３０番地１,2021-08-04,合同会社
合同会社Ｓｍａｒｔｙ　Ｐａｎｔｓ　Ｆａｃｔｏｒｙ　Ｊａｐａｎ,千葉県千葉市緑区誉田町２丁目２３番地１６９,2021-08-04,合同会社
合同会社Ｓｍｉｌｅ,栃木県宇都宮市高砂町１５－１４,2021-08-04,合同会社
合同会社ＳｍｉｌｅＹ　ＰＲＯＪＥＣＴ,茨城県取手市戸頭１丁目１０番２０号リーベスト取手６０２号,2021-08-04,合同会社
合同会社Ｔ・ＰＬＡＮ,熊本県熊本市東区戸島１丁目１８番３１－２０５号,2021-08-04,合同会社
合同会社ＴＤＮ,千葉県船橋市前原西２丁目３０番１７号ウエストヒルズ１０１号,2021-08-04,合同会社
合同会社ＴＨＩＭＫ,福岡県北九州市小倉北区魚町２丁目１番７号ＡＣＴ松永ビル２階Ｂ号,2021-08-04,合同会社
合同会社ＴＫＲ,広島県広島市南区仁保新町２丁目１０番２号,2021-08-04,合同会社
合同会社ＴＯＹＯＤＥＮ,京都府京都市右京区梅津北町４４－１５－１０２,2021-08-04,合同会社
合同会社ＴＳＭ１５９,東京都港区元赤坂１丁目１番７号,2021-08-04,合同会社
合同会社ＴＳＵＧＵＭＩ,大阪府大阪市北区同心１丁目８－１３シエリア大阪同心２０２,2021-08-04,合同会社
合同会社Ｔｒａｄｉｎｇ　Ｈｕｂ,東京都豊島区上池袋３丁目１５－１６,2021-08-04,合同会社
合同会社ＵＢｏｏ,滋賀県大津市大江４丁目２９番８号,2021-08-04,合同会社
合同会社ＹＤＫ,埼玉県深谷市小前田１９７３－７,2021-08-04,合同会社
合同会社ｃｏｃｏｎｅｎｅ,愛知県名古屋市名東区猪高台１丁目１０２７番地,2021-08-04,合同会社
合同会社ｅｎＢＡＮＫ,宮崎県宮崎市橘通西３丁目１０－３２宮崎ナナイロ東館８階,2021-08-04,合同会社
合同会社ｅｔｅｒｎａｌ　ｆｏｒｅｓｔ,大阪府大阪市天王寺区玉造元町１９番９号,2021-08-04,合同会社
合同会社ｈａｎａｉｗａ,愛知県稲沢市平和町平六１７５番地,2021-08-04,合同会社
合同会社ｉＤ,岡山県岡山市南区西市８１０番地８アビタシオン京殿２０１,2021-08-04,合同会社
合同会社ｋａｎａｐ,東京都品川区西中延２丁目１１－５,2021-08-04,合同会社
合同会社ｙｕｕｋｉ,新潟県十日町市稲荷町１丁目２０７番地６庭野ビル４０１,2021-08-04,合同会社
四国ＳＥＣＵＲＩＴＹ　ＳＥＲＶＩＣＥ株式会社,徳島県徳島市論田町和太開１３８番地６,2021-08-04,株式会社
国際美薬膳堂合同会社,兵庫県南あわじ市津井２０１１番地,2021-08-04,合同会社
城の下物産館合同会社,鹿児島県日置市日吉町日置２８６５番地７,2021-08-04,合同会社
壱岐市農業機械銀行振興会,長崎県壱岐市郷ノ浦町柳田触１１１番地１,2021-08-04,その他
大咖商事株式会社,東京都墨田区墨田４丁目３６番２号,2021-08-04,株式会社
大善堂漢方合同会社,群馬県藤岡市下栗須１９９番地３,2021-08-04,合同会社
大本商店合同会社,熊本県玉名郡長洲町字新港３３３１番５,2021-08-04,合同会社
大磯モータース株式会社,徳島県名西郡石井町藍畑字高畑１０６８番地１,2021-08-04,株式会社
妙高グリーンエナジー株式会社,新潟県妙高市中川３番２０号,2021-08-04,株式会社
家コミュニケーションズ株式会社,東京都北区滝野川５丁目４１番３号,2021-08-04,株式会社
小野寺木材株式会社,岩手県九戸郡軽米町大字晴山第７地割８８番地１,2021-08-04,株式会社
山内石油株式会社,愛媛県西条市周布３３６番地１,2021-08-04,株式会社
工藤鈑金株式会社,岩手県八幡平市平笠第１９地割１１６番地,2021-08-04,株式会社
市川アセットマネジメント合同会社,千葉県市川市行徳駅前１丁目１７番７－４０１号（コスモビル）,2021-08-04,合同会社
徳丸縫製合同会社,広島県福山市新市町大字新市９６３番地４,2021-08-04,合同会社
應治出版株式会社,大阪府富田林市喜志新家町２丁目８番２３号,2021-08-04,株式会社
新幸建設株式会社,熊本県八代市平山新町４９１６番地１,2021-08-04,株式会社
日光Ｐｌｕｓ１９ホールディング特定目的会社,東京都千代田区丸の内３丁目１番１号東京共同会計事務所内,2021-08-04,その他の設立登記法人
日本電動株式会社,東京都八王子市東町７番６号,2021-08-04,株式会社
日本ＢＰＭシステム合同会社,東京都文京区湯島３丁目１６番１１－１００２号,2021-08-04,合同会社
映像ワークショップ合同会社,石川県加賀市大聖寺中新道４番地３,2021-08-04,合同会社
曽我バイオマス発電株式会社,青森県三戸郡南部町大字椛木字陣場３０番地,2021-08-04,株式会社
服部内装工業株式会社,東京都八王子市諏訪町１３１番地７,2021-08-04,株式会社
未来ソリューションズ株式会社,愛知県半田市雁宿町２丁目１２番地,2021-08-04,株式会社
末原電機株式会社,愛知県名古屋市緑区太子１丁目３１８番地の１,2021-08-04,株式会社
東京ブルーゲートウェイ合同会社,東京都渋谷区神宮前６丁目２３番４号桑野ビル２階,2021-08-04,合同会社
東海オークション株式会社,愛知県名古屋市中区金山１丁目１１番１０号,2021-08-04,株式会社
東芝ブレイブルーパス東京株式会社,東京都府中市東芝町１,2021-08-04,株式会社
東門社合同会社,東京都世田谷区三軒茶屋１丁目４０番２号ハイシティ三軒茶屋第２－３０５,2021-08-04,合同会社
栃木共栄観光合同会社,東京都港区西新橋１丁目２番９号ＥＰコンサルティングサービス内,2021-08-04,合同会社
株式会社あけぼの,岐阜県各務原市那加住吉町１丁目１９番地,2021-08-04,株式会社
株式会社あそびば,静岡県静岡市駿河区向敷地２５３番地の７,2021-08-04,株式会社
株式会社うちのファーム,静岡県磐田市豊浜５１番地,2021-08-04,株式会社
株式会社うな幸,愛知県長久手市前熊溝下８０番地６,2021-08-04,株式会社
株式会社えり菜ヤノファーム,熊本県菊池郡菊陽町大字津久礼７８２番地５,2021-08-04,株式会社
株式会社おれっぷ大久保,静岡県藤枝市瀬戸ノ谷１１０２１番地,2021-08-04,株式会社
株式会社くりパワージェネレーション,埼玉県草加市谷塚１丁目２番４５－３０８号,2021-08-04,株式会社
株式会社くるま本舗,千葉県市原市青柳１１７４番地４,2021-08-04,株式会社
株式会社しいたけ,岡山県倉敷市宮前５１２番地カンパーニャ・ワン２０２,2021-08-04,株式会社
株式会社たけざきヘルスプロモーション,島根県出雲市平田町１８２５番地８,2021-08-04,株式会社
株式会社つなぐ,京都府京都市左京区田中関田町２３－４エルマーナ出町柳１０５号室,2021-08-04,株式会社
株式会社つなぐカンパニー,大阪府茨木市白川３丁目２番５－７０６号,2021-08-04,株式会社
株式会社つのＢＡＳＥ,宮崎県児湯郡都農町大字川北４８２２番地１,2021-08-04,株式会社
株式会社つむぎ,福島県南相馬市小高区本町１丁目５３,2021-08-04,株式会社
株式会社てのひら,岡山県倉敷市黒崎５６４番地５,2021-08-04,株式会社
株式会社とうしかく,京都府向日市寺戸町岸ノ下２５番地の１０２,2021-08-04,株式会社
株式会社はた,栃木県宇都宮市インターパーク４丁目１番地２ペットフォレスト内,2021-08-04,株式会社
株式会社はな,愛知県一宮市起字東茜屋８１番地１,2021-08-04,株式会社
株式会社はるプロ,東京都世田谷区弦巻４丁目２８番４号,2021-08-04,株式会社
株式会社みのり,兵庫県神戸市長田区大丸町３丁目１３番１１号,2021-08-04,株式会社
株式会社やまあ水産,千葉県銚子市新生町１丁目５５番地の５,2021-08-04,株式会社
株式会社らん藥,大阪府堺市堺区南田出井町３丁３－２２,2021-08-04,株式会社
株式会社りんどう薬局,熊本県八代市永碇町１２４５番地２,2021-08-04,株式会社
株式会社れいわ,大阪府大阪市住之江区西住之江１丁目４番３－１３０３号,2021-08-04,株式会社
株式会社わき田,愛知県名古屋市千種区内山２丁目１番５号アカネマンション加納１Ｆ,2021-08-04,株式会社
株式会社アイランカ,東京都世田谷区奥沢１丁目３７番９号ブルーム奥沢２０１,2021-08-04,株式会社
株式会社アイ・クレセール,広島県廿日市市前空２丁目１番７号,2021-08-04,株式会社
株式会社アウィン,神奈川県横浜市戸塚区戸塚町１２０番地,2021-08-04,株式会社
株式会社アクリポイント,三重県四日市市北小松町１７６７,2021-08-04,株式会社
株式会社アスタリスト,静岡県島田市元島田２８９番地の３,2021-08-04,株式会社
株式会社アズマ,神奈川県横浜市保土ケ谷区藤塚町２５番１１－２０２号,2021-08-04,株式会社
株式会社アップワード,香川県綾歌郡宇多津町浜七番丁１０６番地５,2021-08-04,株式会社
株式会社アトム,茨城県牛久市上柏田４丁目７番地７７,2021-08-04,株式会社
株式会社アドストーリー,愛知県名古屋市北区清水３丁目２１番２３号,2021-08-04,株式会社
株式会社アブレ,愛媛県新居浜市松木町１番２３号,2021-08-04,株式会社
株式会社アプライアンス,大阪府大阪市浪速区日本橋５丁目１２番４号,2021-08-04,株式会社
株式会社アラジン,東京都大田区仲六郷２丁目１１番６号,2021-08-04,株式会社
株式会社アンブル,大阪府大阪市城東区新喜多東１丁目６番２８号,2021-08-04,株式会社
株式会社アートワークスイノベーション,茨城県ひたちなか市大字高場１９４６－６,2021-08-04,株式会社
株式会社イシヤマファーマシー,北海道旭川市末広東一条２丁目２番４号,2021-08-04,株式会社
株式会社イノウエホールディングス,岡山県倉敷市二日市５１１番地１,2021-08-04,株式会社
株式会社イフペック,東京都港区白金３丁目１番１３号日恵ビル２階,2021-08-04,株式会社
株式会社イマイル,大阪府大阪市住之江区北加賀屋２丁目１－２２,2021-08-04,株式会社
株式会社インザハウス,東京都渋谷区神南１丁目６－５,2021-08-04,株式会社
株式会社インヴェスタ,東京都大田区大森東５丁目１０番１３号,2021-08-04,株式会社
株式会社ウインドスペース,静岡県静岡市駿河区中田本町６２番６号,2021-08-04,株式会社
株式会社エイチエス,長野県長野市青木島町青木島乙８２９番地４、３０２号室,2021-08-04,株式会社
株式会社エイチ・アイ・ティー,愛知県名古屋市緑区若田１丁目１１０番地,2021-08-04,株式会社
株式会社エステクノ,岐阜県土岐市下石町２９２番地,2021-08-04,株式会社
株式会社エスヒノマル,香川県小豆郡小豆島町馬木甲９２３番地,2021-08-04,株式会社
株式会社エヌアセットホーム,神奈川県川崎市中原区井田杉山町７番３号,2021-08-04,株式会社
株式会社エバーアップ,愛媛県伊予市下吾川６１７番地１５,2021-08-04,株式会社
株式会社エムテック,広島県三原市沼田東町本市１６１番地５,2021-08-04,株式会社
株式会社エンドーテック,埼玉県上尾市大字平方７７４番地,2021-08-04,株式会社
株式会社エースリンク,福島県本宮市高木字金瀬２１番地１メゾン・クレール１０５号室,2021-08-04,株式会社
株式会社オザキコウムテン,大阪府堺市南区高尾１丁３４６番地３６,2021-08-04,株式会社
株式会社オノテック,大分県大分市京が丘南２丁目１１番１０号,2021-08-04,株式会社
株式会社オバラダクト,島根県松江市東津田町８０９番地１,2021-08-04,株式会社
株式会社オリーブ,宮城県仙台市青葉区八幡２丁目１番２０号,2021-08-04,株式会社
株式会社オルトロス,神奈川県平塚市四之宮１丁目４番１３号,2021-08-04,株式会社
株式会社カウボーイズ,東京都港区浜松町２丁目２－１５浜松町ダイヤビル２Ｆ,2021-08-04,株式会社
株式会社ガルボ,岡山県岡山市北区今７丁目１７番１９号,2021-08-04,株式会社
株式会社キッチニスタ,茨城県筑西市森添島１２４５番地,2021-08-04,株式会社
株式会社キャピタルイノベーション,東京都港区赤坂１丁目９番１３号,2021-08-04,株式会社
株式会社キリコマ,東京都目黒区中目黒３丁目１５番５号,2021-08-04,株式会社
株式会社クラウドナイン,東京都中央区日本橋兜町１７番１号日本橋ロイヤルプラザ７０６,2021-08-04,株式会社
株式会社クリエーション,千葉県千葉市若葉区若松町５４３番地７６,2021-08-04,株式会社
株式会社クロネコ解析,神奈川県座間市ひばりが丘２丁目３８番７号,2021-08-04,株式会社
株式会社グランテック,東京都港区北青山２丁目７番９号,2021-08-04,株式会社
株式会社グレス,愛媛県新居浜市久保田町３丁目８番３４号,2021-08-04,株式会社
株式会社ケイアイ工業,岡山県岡山市中区浜１丁目４番２３号,2021-08-04,株式会社
株式会社ケイシン,福島県会津若松市栄町４番４３号,2021-08-04,株式会社
株式会社コウエイプロデュース,広島県広島市中区宝町１番７号,2021-08-04,株式会社
株式会社コレクトサポート,群馬県高崎市金古町１３８１番地１代政荘５号,2021-08-04,株式会社
株式会社サウナホリック,東京都渋谷区南平台町１７番１－２０６号,2021-08-04,株式会社
株式会社サカモト商事,東京都足立区加平３丁目１１番１３－１０１号,2021-08-04,株式会社
株式会社サンタフェ,京都府京都市中京区東洞院竹屋町下る三本木五丁目４７０番地竹屋町法曹ビル２０３号,2021-08-04,株式会社
株式会社シノケンＨＯＭＥ,千葉県千葉市中央区末広２丁目１１番２２号サンシティ末広２０４,2021-08-04,株式会社
株式会社シュシュメイト,宮城県仙台市若林区穀町２２番地の３,2021-08-04,株式会社
株式会社シュプリーム,愛媛県四国中央市金生町山田井１８３番地,2021-08-04,株式会社
株式会社シンキヤ,大阪府大阪市城東区関目４丁目１０番１－２１４号,2021-08-04,株式会社
株式会社シンワ,愛知県西尾市米津町野寺道４１番地１,2021-08-04,株式会社
株式会社ジャーセン,福島県福島市東浜町１０番９号ネスタＨＭ２０２,2021-08-04,株式会社
株式会社ジーエス,岐阜県岐阜市細畑３丁目１４番２号,2021-08-04,株式会社
株式会社ジール,岡山県岡山市南区泉田３丁目２‐３１,2021-08-04,株式会社
株式会社スカイ,岡山県笠岡市富岡５９０番地８,2021-08-04,株式会社
株式会社スタティック,東京都中央区日本橋２丁目１番１７号丹生ビル２階,2021-08-04,株式会社
株式会社スターチム,長野県須坂市墨坂南１丁目２０番１０号,2021-08-04,株式会社
株式会社ストロボファクトリー,東京都渋谷区道玄坂１丁目１２－１渋谷マークシティＷ２２階,2021-08-04,株式会社
株式会社スピカアルファ,大阪府大阪市浪速区恵美須東３丁目２－４,2021-08-04,株式会社
株式会社スマイル,京都府京都市伏見区納所町１４２－１,2021-08-04,株式会社
株式会社スマイルパートナー,佐賀県神埼市神埼町永歌１０３９番地２５,2021-08-04,株式会社
株式会社スマートキャスター,大分県別府市弓ケ浜町１番２６号弓ケ浜コーポＣ－３号,2021-08-04,株式会社
株式会社スリーエス,宮城県仙台市宮城野区新田３丁目１１番７－４０１号,2021-08-04,株式会社
株式会社セラ,岡山県都窪郡早島町早島４５９８番地１０,2021-08-04,株式会社
株式会社セラドンライズ,茨城県石岡市柿岡４６６１番地５,2021-08-04,株式会社
株式会社セルカン,愛知県名古屋市天白区梅が丘５丁目４０６番地の２,2021-08-04,株式会社
株式会社ゼロポイントＦ,千葉県船橋市咲が丘３丁目１１番３２号,2021-08-04,株式会社
株式会社ゼロワンテクノ,静岡県御殿場市二枚橋４９９－１,2021-08-04,株式会社
株式会社ソニューズ,愛知県刈谷市一ツ木町鵜島１番地２４１,2021-08-04,株式会社
株式会社ソーラーマネジメント,茨城県東茨城郡大洗町磯浜町１８８番地,2021-08-04,株式会社
株式会社タカセ住建,三重県伊勢市御薗町長屋４２５番地１,2021-08-04,株式会社
株式会社ティーグローリー,愛知県名古屋市港区正保町７丁目１番地３０３号室,2021-08-04,株式会社
株式会社テンプル建設,香川県高松市屋島東町５１５番地３２１,2021-08-04,株式会社
株式会社ディア企画,東京都港区南青山２丁目２番１５号ウィン青山９４２,2021-08-04,株式会社
株式会社デルムーン,東京都港区北青山２丁目７番２０号猪瀬ビル２Ｆ,2021-08-04,株式会社
株式会社トキタ建設,熊本県上天草市松島町阿村４２９５番地３,2021-08-04,株式会社
株式会社トビタ設備,北海道釧路郡釧路町新開４丁目７０番地１,2021-08-04,株式会社
株式会社トヨオカ鈴木土建,静岡県磐田市合代島８６７番地３,2021-08-04,株式会社
株式会社トラスト住設工房,埼玉県さいたま市緑区松木２丁目２３番地１９,2021-08-04,株式会社
株式会社トワリィ,東京都大田区東馬込１丁目４２番５号,2021-08-04,株式会社
株式会社トーキョーキャラクターメーカーズ,東京都大田区大森本町１丁目６番１号,2021-08-04,株式会社
株式会社ナカガマ設備,埼玉県さいたま市大宮区三橋１丁目３６１番地１８,2021-08-04,株式会社
株式会社ナカチュー,秋田県秋田市土崎港中央６丁目９番７号,2021-08-04,株式会社
株式会社ナガテツ,岐阜県大垣市榎戸町１丁目３５７番地,2021-08-04,株式会社
株式会社ナナ動物病院,岩手県宮古市宮町４丁目３番１４号,2021-08-04,株式会社
株式会社ナバック,千葉県香取市佐原イ７００番地,2021-08-04,株式会社
株式会社ニジキャリア,静岡県静岡市駿河区敷地２丁目１番４１号３０２,2021-08-04,株式会社
株式会社ノール,東京都渋谷区神宮前１丁目１０番３２号,2021-08-04,株式会社
株式会社ハイジ６０,広島県広島市安佐南区相田１丁目６－２ナカハマビル２Ｆ,2021-08-04,株式会社
株式会社ハイチーズ,東京都葛飾区堀切２丁目３３番１９号,2021-08-04,株式会社
株式会社ハウスキーパー,東京都葛飾区西新小岩５丁目１５番２０号,2021-08-04,株式会社
株式会社ハッスル,群馬県高崎市江木町４３７番地１,2021-08-04,株式会社
株式会社ハッピービジョン,大阪府堺市中区深井中町１４１５番地６,2021-08-04,株式会社
株式会社ハルミナ,東京都世田谷区桜２丁目１１－２８,2021-08-04,株式会社
株式会社バッドアイディア,東京都港区南青山２丁目１３番７号,2021-08-04,株式会社
株式会社パレット,東京都大田区南馬込４丁目１番２３号,2021-08-04,株式会社
株式会社ヒサト,広島県東広島市八本松東２丁目１５番１３－１８号,2021-08-04,株式会社
株式会社ヒロケン,鹿児島県鹿児島市紫原７丁目１１番１８号,2021-08-04,株式会社
株式会社ヒロテック,愛知県名古屋市守山区大字下志段味字吉田２２６３番地の５,2021-08-04,株式会社
株式会社ビューエンコス,岐阜県岐阜市柳津町東塚３丁目２６番地,2021-08-04,株式会社
株式会社ピクセルアセット,宮城県仙台市青葉区花京院１丁目４－８,2021-08-04,株式会社
株式会社ファインドファシリティ,愛知県名古屋市西区則武新町４丁目４－２１－８０６号,2021-08-04,株式会社
株式会社ファンドポート,岩手県八幡平市大更２５－１１３起業家支援センター１Ｆ,2021-08-04,株式会社
株式会社フアリ,大阪府堺市南区赤坂台６丁１４番１－２０４号,2021-08-04,株式会社
株式会社フィールド,大阪府大阪市東淀川区瑞光１丁目２番１４号,2021-08-04,株式会社
株式会社フランス料理楡金,北海道釧路市文苑１丁目１５番３号,2021-08-04,株式会社
株式会社プライムキューブ,東京都渋谷区笹塚２丁目４２番１６号,2021-08-04,株式会社
株式会社プリティ,大阪府堺市中区深井東町３４９番地１１,2021-08-04,株式会社
株式会社プロメ,東京都豊島区上池袋４丁目１０番８号,2021-08-04,株式会社
株式会社ベストサポート,大阪府堺市西区北条町１丁８番１６号,2021-08-04,株式会社
株式会社ベストサービス,栃木県宇都宮市中岡本町２９１９番地２１１,2021-08-04,株式会社
株式会社ポケットペット,東京都千代田区丸の内１丁目６－５丸の内北口ビルディング９階,2021-08-04,株式会社
株式会社マイ・アッシュ,神奈川県茅ヶ崎市堤２０番地１３,2021-08-04,株式会社
株式会社マサト工業,岡山県倉敷市林２０５０番地７,2021-08-04,株式会社
株式会社マスモリ建築設計,広島県広島市佐伯区千同２丁目９番１７号,2021-08-04,株式会社
株式会社マルタカ,埼玉県朝霞市根岸台５丁目７番１５号,2021-08-04,株式会社
株式会社マーブル,愛知県春日井市下市場町３丁目１番地７,2021-08-04,株式会社
株式会社ミンシア,愛知県名古屋市中区新栄１丁目１番２６号オアシスビル１Ｆ,2021-08-04,株式会社
株式会社メディルート,東京都豊島区池袋３丁目３４番７号ビジネスパーク池袋２階,2021-08-04,株式会社
株式会社モンスターラボ,東京都渋谷区広尾１丁目１番３９号恵比寿プライムスクエアタワー４Ｆ,2021-08-04,株式会社
株式会社ヤマト,埼玉県熊谷市江南中央３丁目７番地４,2021-08-04,株式会社
株式会社ユジファーム,宮崎県宮崎市清武町木原４６２２番地１,2021-08-04,株式会社
株式会社ユナイテッドテクノロジーズ,東京都目黒区中目黒３丁目５番５号ＮＦビル８階,2021-08-04,株式会社
株式会社ユニオンサービス,愛知県春日井市八田町１丁目４番地１６,2021-08-04,株式会社
株式会社ユニット開発,滋賀県東近江市布引台１丁目１０番地,2021-08-04,株式会社
株式会社ユニティスクエア,広島県広島市中区吉島町５番２１－５１０号,2021-08-04,株式会社
株式会社ユニティワン,広島県広島市中区東白島町１９番６２－１２０７号,2021-08-04,株式会社
株式会社ユーアンドアイ,広島県安芸郡海田町上市７番２８号,2021-08-04,株式会社
株式会社ライジング,富山県富山市針原中町５１６番地７,2021-08-04,株式会社
株式会社ライト,千葉県千葉市稲毛区小中台町５９６番地第５稲毛ハイツ９０４号,2021-08-04,株式会社
株式会社ライフイズオニク,東京都港区六本木３丁目４－２コープ野村六本木１－３０５号室,2021-08-04,株式会社
株式会社ライフステップ,東京都足立区梅島３丁目６番１２号,2021-08-04,株式会社
株式会社ランアップ,東京都目黒区青葉台１丁目２８番１－５０１号,2021-08-04,株式会社
株式会社リクラス,大阪府阪南市下出３４６番地の７,2021-08-04,株式会社
株式会社リジェロ,和歌山県和歌山市山口西９番地６,2021-08-04,株式会社
株式会社リノアル,山梨県甲府市白井町１０４４番地１２,2021-08-04,株式会社
株式会社リーガルシンク,大阪府大阪市中央区南新町１丁目４番９号,2021-08-04,株式会社
株式会社ルクリエ,京都府京都市東山区祇園町北側３２２番地２ミキ会館２階,2021-08-04,株式会社
株式会社ルテラサポート,東京都港区赤坂６丁目８番２号ホライズンプレイス赤坂１７０１号,2021-08-04,株式会社
株式会社ルート・ワン・オフィス,東京都練馬区小竹町２丁目１番１－１０５号,2021-08-04,株式会社
株式会社ループワン,滋賀県彦根市鳥居本町１８４８,2021-08-04,株式会社
株式会社レイスツアーズ,愛知県豊田市越戸町梅盛３８番地,2021-08-04,株式会社
株式会社レジリエンスラボ,東京都品川区大崎２丁目１－１ＴｈｉｎｋＰａｒｋＴｏｗｅｒ,2021-08-04,株式会社
株式会社レミュ,東京都世田谷区松原２丁目３９番１８号シャルム明大前１０２,2021-08-04,株式会社
株式会社ワイエスケイ,愛媛県松山市北井門３丁目５番３号,2021-08-04,株式会社
株式会社ワンナイト,東京都北区赤羽２丁目５２番６号,2021-08-04,株式会社
株式会社ヴァイスベルグ,宮城県仙台市若林区伊在１丁目８番地の５,2021-08-04,株式会社
株式会社七福源,福井県坂井市春江町江留下屋敷６番地,2021-08-04,株式会社
株式会社三創緑園,神奈川県相模原市緑区西橋本１丁目８番１３－１号,2021-08-04,株式会社
株式会社三栄,岡山県赤磐市桜が丘東４丁目４番地１５１,2021-08-04,株式会社
株式会社三栄電子,熊本県山鹿市中３２４番地５,2021-08-04,株式会社
株式会社三津山電気,熊本県球磨郡多良木町大字多良木６５６番地８,2021-08-04,株式会社
株式会社三英重設,高知県高知市薊野東町３番５号,2021-08-04,株式会社
株式会社三重金型,三重県桑名市東正和台７丁目１４番地１,2021-08-04,株式会社
株式会社丸幸ガラス建材,静岡県静岡市駿河区中島９０６－１,2021-08-04,株式会社
株式会社久八企画,福岡県福岡市中央区小笹２丁目２番５３－１０２号,2021-08-04,株式会社
株式会社井上技研,大阪府大阪市城東区蒲生１丁目１０番１１－７０７号,2021-08-04,株式会社
株式会社京都三千舎,京都府京都市北区小山中溝町３１アーバン紫園３０２号,2021-08-04,株式会社
株式会社介護サポートマネジメントサービス,東京都葛飾区青戸１丁目９番２３号ジュネパレス葛飾第１－２Ｆ,2021-08-04,株式会社
株式会社仙台プロモ,宮城県仙台市青葉区本町１丁目９番５号,2021-08-04,株式会社
株式会社代栄,茨城県龍ケ崎市白羽３丁目５番地１,2021-08-04,株式会社
株式会社住まいるエージェント,岡山県倉敷市林２１１４－３,2021-08-04,株式会社
株式会社佑心,京都府京都市山科区北花山中道町７４－４，１階,2021-08-04,株式会社
株式会社倉本鈑金,熊本県玉名市伊倉北方３０４７番地１,2021-08-04,株式会社
株式会社優工業,広島県広島市南区東雲２丁目１６番３３－１００３号,2021-08-04,株式会社
株式会社優心,和歌山県和歌山市大谷４０２番地１,2021-08-04,株式会社
株式会社光優建設,兵庫県三田市南が丘２丁目２番７号,2021-08-04,株式会社
株式会社光源興業,千葉県市川市本北方３丁目１９番１０号,2021-08-04,株式会社
株式会社八龍,福岡県福岡市城南区片江１丁目１７番１３－２０１号,2021-08-04,株式会社
株式会社円谷美装,東京都目黒区下目黒２丁目２２番１７号,2021-08-04,株式会社
株式会社刀祢機設,京都府京都市下京区黒門通五条下る柿本町５９５番地１２９,2021-08-04,株式会社
株式会社剛鉄筋工業,栃木県さくら市松島５５９番地１３,2021-08-04,株式会社
株式会社匠,岡山県倉敷市中島２１５７－１,2021-08-04,株式会社
株式会社十勝屋ホテルズ,北海道帯広市西二条南１１丁目１６番地,2021-08-04,株式会社
株式会社原造園,和歌山県紀の川市遠方３４４番地,2021-08-04,株式会社
株式会社友蘭,広島県広島市東区福田５丁目１８６８番地１６,2021-08-04,株式会社
株式会社吉池コンサルティング,愛知県名古屋市中川区荒子１丁目２５番地,2021-08-04,株式会社
株式会社吉田新聞,三重県津市久居野村町８６６番地２,2021-08-04,株式会社
株式会社吉田鐵工所,愛知県弥富市鳥ケ地３丁目１５０２番地１９,2021-08-04,株式会社
株式会社和泉,北海道余市郡余市町大川町１１丁目７１番地３,2021-08-04,株式会社
株式会社和田商会,愛知県蒲郡市竹島町２６番４号,2021-08-04,株式会社
株式会社唐福,愛知県春日井市大手町３丁目９番地１２,2021-08-04,株式会社
株式会社喜こころ,富山県南砺市松木１４７番地１,2021-08-04,株式会社
株式会社喜志興業,新潟県糸魚川市上刈４丁目１２番２７号,2021-08-04,株式会社
株式会社城創,福岡県大野城市乙金台２丁目８番２－４０１号,2021-08-04,株式会社
株式会社堀総合不動産,大阪府大阪市中央区北浜２丁目１番２号,2021-08-04,株式会社
株式会社堀脇電設,鹿児島県鹿児島市喜入瀬々串町１４番地３,2021-08-04,株式会社
株式会社壹岐農園,宮崎県西都市大字南方３９４７番地,2021-08-04,株式会社
株式会社外壁コーポレーション,愛知県名古屋市港区小碓２丁目５番地,2021-08-04,株式会社
株式会社夜桜,千葉県千葉市中央区矢作町８８７番地ビューテラス２０１号,2021-08-04,株式会社
株式会社夢と希望,大阪府東大阪市俊徳町１丁目３番２４号,2021-08-04,株式会社
株式会社大工屋工房,鹿児島県指宿市東方２０５番地,2021-08-04,株式会社
株式会社大志造園,東京都あきる野市二宮東３丁目１０番地１,2021-08-04,株式会社
株式会社太田情報システム,秋田県大仙市太田町太田字太田４８,2021-08-04,株式会社
株式会社太田技建,大分県大分市徳島２丁目１４番２６号,2021-08-04,株式会社
株式会社奥戸モータース,東京都葛飾区東四つ木２丁目４番１６号,2021-08-04,株式会社
株式会社安田エンタープライズ,鹿児島県姶良市東餅田２４６９番地５,2021-08-04,株式会社
株式会社宮﨑ボイラ工業所,京都府京都市山科区勧修寺東栗栖野町４番地２５,2021-08-04,株式会社
株式会社宮﨑組,三重県鈴鹿市住吉１丁目２７番１３号,2021-08-04,株式会社
株式会社富野建装,熊本県熊本市南区平田１丁目１４番１９号草野ビル２０５,2021-08-04,株式会社
株式会社山匠工業,栃木県宇都宮市川田町１１０番地１,2021-08-04,株式会社
株式会社山田製作所,愛知県瀬戸市上本町６２５番地の５,2021-08-04,株式会社
株式会社岡元型枠,埼玉県上尾市大字大谷本郷８０９番地１７,2021-08-04,株式会社
株式会社岡田塗装,高知県高知市瀬戸東町３丁目５１９番地２５,2021-08-04,株式会社
株式会社幸昇,宮城県仙台市宮城野区栄３丁目６－１１,2021-08-04,株式会社
株式会社彩都建築設計,奈良県香芝市五位堂６丁目７９番地９,2021-08-04,株式会社
株式会社御幸設備,熊本県熊本市南区御幸笛田６丁目１番２９号,2021-08-04,株式会社
株式会社恒河技術,新潟県長岡市大手通２丁目２番地６,2021-08-04,株式会社
株式会社戸田畳店,岡山県倉敷市玉島乙島５７０８番地,2021-08-04,株式会社
株式会社日本インドネシア投資＆マネジメント,東京都文京区小石川３丁目２５番１１－４０７号,2021-08-04,株式会社
株式会社明祥デジタル,東京都江東区新大橋１丁目１２番１３号,2021-08-04,株式会社
株式会社春友工業,茨城県水戸市笠原町１２４５番地３４,2021-08-04,株式会社
株式会社晴健コーポレーション,埼玉県さいたま市岩槻区大字浮谷１９９８番地１０,2021-08-04,株式会社
株式会社東新,大阪府羽曳野市向野２丁目１番９号,2021-08-04,株式会社
株式会社松原,京都府京都市西京区御陵大枝山町４丁目１５番地２,2021-08-04,株式会社
株式会社松本,栃木県小山市乙女２丁目１５番９号,2021-08-04,株式会社
株式会社松永商店,三重県亀山市東御幸町２２２番地,2021-08-04,株式会社
株式会社栗八ファーム,群馬県高崎市上中居町７１３番地３,2021-08-04,株式会社
株式会社梶田建設,東京都足立区中央本町３丁目１６番２２号サイジョウビル２０１,2021-08-04,株式会社
株式会社森田工業,静岡県島田市岸町８４５番地の４,2021-08-04,株式会社
株式会社榮信塗装,静岡県静岡市清水区伊佐布３７６番地の６,2021-08-04,株式会社
株式会社樹,山口県山口市徳地堀２４６８番地１,2021-08-04,株式会社
株式会社歩夢,北海道旭川市東旭川町下兵村５００番地の３,2021-08-04,株式会社
株式会社河野企画,香川県高松市丸亀町６番地１,2021-08-04,株式会社
株式会社沼津通信,静岡県沼津市高島町２８－１５,2021-08-04,株式会社
株式会社津山,岡山県津山市大田８４番地９,2021-08-04,株式会社
株式会社深堀電気,長崎県長崎市三原２丁目３１番５号,2021-08-04,株式会社
株式会社湘南スペース,神奈川県足柄上郡大井町金子１４９２番地１,2021-08-04,株式会社
株式会社源,京都府京都市右京区西京極畑田町４７番地２３,2021-08-04,株式会社
株式会社玉垣工務店,愛知県あま市篠田棚田１番地３１,2021-08-04,株式会社
株式会社玉昇,群馬県佐波郡玉村町大字上之手１７００番地８,2021-08-04,株式会社
株式会社由乃和,東京都葛飾区お花茶屋２丁目１７番１０号,2021-08-04,株式会社
株式会社百と蔵,岐阜県羽島市舟橋町６３６番地１０,2021-08-04,株式会社
株式会社真和建業,山梨県笛吹市石和町松本４９２番地１,2021-08-04,株式会社
株式会社碧南開発,栃木県佐野市寺中町２３５５番地８,2021-08-04,株式会社
株式会社竜吟虎嘯,三重県多気郡多気町ヴィソン６７２番地１マルシェ１５,2021-08-04,株式会社
株式会社笑楽,千葉県八千代市八千代台西８丁目２３番２号,2021-08-04,株式会社
株式会社結,三重県津市雲出本郷町１５３７番地１１,2021-08-04,株式会社
株式会社繁の森,岩手県盛岡市西見前１８地割３４番地１沼仁ビル２０６,2021-08-04,株式会社
株式会社美詔総業,千葉県柏市豊四季３９０番地２７,2021-08-04,株式会社
株式会社翔華,埼玉県上尾市大字瓦葺２３８９番地５,2021-08-04,株式会社
株式会社興栄ホールディングス,北海道紋別郡西興部村字奥興部４７９番地の１,2021-08-04,株式会社
株式会社花背計画,京都府京都市左京区花脊別所町２３７番地,2021-08-04,株式会社
株式会社芳建,岡山県岡山市北区足守３０３番地１７,2021-08-04,株式会社
株式会社菊池,茨城県水戸市千波町２８６７番地の８１マイハウス１・１０３号,2021-08-04,株式会社
株式会社藤企画,岩手県花巻市太田第４６地割９０番地,2021-08-04,株式会社
株式会社行徳庭園緑花,千葉県市川市湊６番１４号マンション博１０２,2021-08-04,株式会社
株式会社表参道パートナーズ・ルーナ,東京都港区北青山３丁目５番１４号７Ｆ,2021-08-04,株式会社
株式会社西岡オートサービス,和歌山県伊都郡かつらぎ町大字高田６３７番地の４,2021-08-04,株式会社
株式会社貴美研磨,大阪府堺市南区豊田９４３番地２,2021-08-04,株式会社
株式会社赤塚コンタクト,岡山県倉敷市笹沖１３２８番地１,2021-08-04,株式会社
株式会社近二舎一級建築士事務所,神奈川県茅ヶ崎市東海岸北１丁目６番４９号,2021-08-04,株式会社
株式会社進和,茨城県水戸市渡里町２５１１番地４シャトレロキシアンＢ棟１０１号,2021-08-04,株式会社
株式会社那須アルパカファーム,栃木県那須郡那須町大字大島１３８９番地２,2021-08-04,株式会社
株式会社鈴鹿郷,岩手県滝沢市大釜風林４１４番地２５,2021-08-04,株式会社
株式会社長井ハウジング,広島県広島市安佐南区長束西１丁目２８－９－１１,2021-08-04,株式会社
株式会社雅,岐阜県山県市梅原２２６７番地２７,2021-08-04,株式会社
株式会社食サポ,山口県下関市武久西原台７番２２号,2021-08-04,株式会社
株式会社飯沼設備,岐阜県関市明生町１丁目６３番地１,2021-08-04,株式会社
株式会社香川抗菌,香川県高松市上福岡町７５８番地１,2021-08-04,株式会社
株式会社高村電気商会,愛知県安城市川島町上屋敷２６番地,2021-08-04,株式会社
株式会社高澤ファーム,群馬県藤岡市下栗須５３０番地,2021-08-04,株式会社
株式会社高田商店,大阪府大阪市生野区新今里７丁目１０番２６号,2021-08-04,株式会社
株式会社鴻池設備,静岡県袋井市久能２２９６番地の１の１の１,2021-08-04,株式会社
株式会社４２０Ｓｕｐｐｌｙ,東京都港区浜松町２丁目２番１５号浜松町ダイヤビル２Ｆ,2021-08-04,株式会社
株式会社Ａ・ＬＡＴＯ,北海道厚岸郡浜中町茶内西１０線１２４番地,2021-08-04,株式会社
株式会社Ａ－ＰＬＡＮＴＳ,岐阜県海津市海津町日原２００番地,2021-08-04,株式会社
株式会社ＡＫＵ,東京都港区虎ノ門１丁目１７番１号,2021-08-04,株式会社
株式会社ＡＭＩＫＡ,兵庫県尼崎市東園田町３丁目４１番地の１,2021-08-04,株式会社
株式会社ＡＮＤＥＡ,愛知県名古屋市南区鶴里町３丁目７１番地の１,2021-08-04,株式会社
株式会社ＡＲＩＹＡ,埼玉県さいたま市岩槻区大字釣上新田３００番地１,2021-08-04,株式会社
株式会社ＡＲＴＴＯＤＡＹ,東京都港区南青山１丁目２４番３号,2021-08-04,株式会社
株式会社ＡＳＭＹ,群馬県北群馬郡吉岡町大字上野田１４８番地２,2021-08-04,株式会社
株式会社Ａｃｃｏｍｐａｎｉｍｅｎｔ,岡山県笠岡市七番町１番地４７,2021-08-04,株式会社
株式会社ＡｒＱ　Ｒｅｐａｉｎｔ,静岡県浜松市中区佐鳴台２丁目１９番３０号五平ハイツＤ２０１,2021-08-04,株式会社
株式会社Ａｓｐｉｒａｔｉｏｎ,宮城県名取市愛の杜２丁目２８番地の２２,2021-08-04,株式会社
株式会社ＡｔｅｌｉｅｒＩＣＨＩＭＡＲＵ,宮城県仙台市青葉区春日町１１－３３ライオンズマンション春日町第２、１０２号室,2021-08-04,株式会社
株式会社ＡｔｏＺ．ｅｎｔｅｒｔａｉｎｍｅｎｔ,東京都豊島区池袋２丁目６０番６号,2021-08-04,株式会社
株式会社Ａｔｔｒａ,東京都渋谷区広尾４丁目１－１１,2021-08-04,株式会社
株式会社ＢＡＧＵＳ,東京都福生市武蔵野台２丁目１０番地１０,2021-08-04,株式会社
株式会社ＢＨＳ,千葉県千葉市美浜区中瀬１丁目３番地幕張テクノガーデンＣＢ棟３階ＭＢＰ,2021-08-04,株式会社
株式会社ＢＬＵＥ　ＢＡＵＭ,群馬県前橋市川原町２丁目２９番地９,2021-08-04,株式会社
株式会社ＢＴＳ．ｌｉｎｋ,京都府京都市伏見区深草鈴塚町１番地２８,2021-08-04,株式会社
株式会社ＢＵＮ・ＴＡＴＵ,福井県福井市丸山１丁目１２１６番地３,2021-08-04,株式会社
株式会社Ｂｅｏ,愛知県あま市二ツ寺鬼田４３番地１６,2021-08-04,株式会社
株式会社Ｂｉｚ　Ｆｏｒｗａｒｄ,東京都港区芝浦３丁目１番２１号ｍｓｂＴａｍａｃｈｉ田町ステーションタワーＳ２１階,2021-08-04,株式会社
株式会社Ｂｒｅｅｚｅ,東京都練馬区高松３丁目１０番５号レーベンハイム光が丘弐番館３０２,2021-08-04,株式会社
株式会社ＣＥＤＡＲ,東京都足立区東綾瀬２丁目１７番２０号,2021-08-04,株式会社
株式会社ＣＬＥＡＲ,東京都渋谷区東２丁目５番３８号,2021-08-04,株式会社
株式会社Ｃａｒｒｙ　ｈｏｍｅｓ,広島県広島市西区大芝１丁目１９番１１－７０２号,2021-08-04,株式会社
株式会社ＣｏｃｏＭ,愛媛県松山市白水台４丁目１２番地１,2021-08-04,株式会社
株式会社Ｃｏｃｏｎ　ｄｅ　ｌｕｍｉｅｒｅ．,東京都墨田区横川２丁目９番４－３０２号,2021-08-04,株式会社
株式会社Ｃｏｎｑｕｅｓｔｅｒ,愛媛県松山市二番町１丁目４番８号Ｆ・ＣＩＴＹビル３Ｆ,2021-08-04,株式会社
株式会社Ｃｒｕｔｏ,熊本県熊本市東区下江津５丁目１０番２２号,2021-08-04,株式会社
株式会社Ｄ．ＥＩＧＨＴ,岐阜県瑞穂市古橋１５６０番地６,2021-08-04,株式会社
株式会社ＤＡＦＦＹ,京都府京都市左京区下鴨南野々神町２－６ＫＩＴＡＹＡＭＡＣＲＯＳＳＰＯＩＮＴ４０１,2021-08-04,株式会社
株式会社ＤＥＬＳＯＬ,静岡県浜松市東区常光町２２５番地の２,2021-08-04,株式会社
株式会社ＤＩＧＩＴＡＬ　ＳＱＵＡＤ,東京都渋谷区渋谷２丁目１９番１５－６０９号宮益坂ビルディング,2021-08-04,株式会社
株式会社ＤＯＴｓ,北海道旭川市旭神二条３丁目６－２５　１Ｆ左ぽっかぽか内,2021-08-04,株式会社
株式会社ＤＰＨ　Ｂａｓｅ,栃木県佐野市戸室町３２２番地,2021-08-04,株式会社
株式会社ＤＲＯＰ,滋賀県大津市本堅田６丁目１５番２号,2021-08-04,株式会社
株式会社Ｄｉｒｅｔｔｏｒｅ,京都府京都市西京区嵐山朝月町５０－９,2021-08-04,株式会社
株式会社Ｅ－ＴＡＮＧＥ,島根県出雲市大社町中荒木７５７番地１,2021-08-04,株式会社
株式会社ＥＧＭＯＮＴ,東京都目黒区三田１丁目４番３－１５０６号恵比寿ガーデンテラス壱番館,2021-08-04,株式会社
株式会社ＥＲＧＯ,愛知県名古屋市昭和区阿由知通２丁目１７番地の２,2021-08-04,株式会社
株式会社Ｅｄｇｅ,大阪府大阪市淀川区木川西２丁目１４番８号３０３,2021-08-04,株式会社
株式会社ＦＡＣＴｏｒＹ,京都府京都市下京区中堂寺坊城町２８番地７,2021-08-04,株式会社
株式会社ＧＡＲＡＧＥ　ＰＥＲＦＯＲＭＡＮＣＥ,静岡県浜松市浜北区宮口４４７１番地の１,2021-08-04,株式会社
株式会社ＧＨＳ,岐阜県可児市大森２５３９番地４,2021-08-04,株式会社
株式会社ＧＫｃｒｅａｔｅ,茨城県つくば市東新井２６番地４プルミエールつくば１０６号,2021-08-04,株式会社
株式会社ＧＯＯＤＨＡＮＧＳ　ＩＮＣ．,群馬県前橋市天川町１６６７番地２ＷＥＳＴ,2021-08-04,株式会社
株式会社ＧＯＳＡＲＵ,愛知県名古屋市中区大須１丁目７番１４号パークＩＭビル２Ｆ,2021-08-04,株式会社
株式会社ＧＲＯＷＴＨ,愛知県名古屋市緑区大高町字子ノ年９番地の５,2021-08-04,株式会社
株式会社ＧｉＶＥＲ,鹿児島県伊佐市大口小木原８８７番地１２,2021-08-04,株式会社
株式会社Ｈ．Ａ．Ｅｄｕｃａｔｉｏｎ　Ｊａｐａｎ,岩手県八幡平市安比高原１１７番地１７,2021-08-04,株式会社
株式会社Ｈ２,東京都渋谷区広尾５丁目１７番４号,2021-08-04,株式会社
株式会社ＨＡＮＡＭＡＫＩナポリ,岩手県花巻市松園町１丁目１番４０号,2021-08-04,株式会社
株式会社ＨａｌｅＣｌｅａｎ,東京都世田谷区成城７丁目２９番３２号アリスティオ１０１,2021-08-04,株式会社
株式会社ＨａｎｄＢ,富山県魚津市上村木１丁目１１番８号,2021-08-04,株式会社
株式会社Ｈｕｂさいたま,埼玉県さいたま市大宮区桜木町４丁目１４７番地３,2021-08-04,株式会社
株式会社Ｉ‐ｐｒａｎｎｉｎｇ,大分県大分市南春日町６番４５－４１２号（アドバンス２１ブレスティア南春日）,2021-08-04,株式会社
株式会社Ｉ．Ｓ．Ａ,東京都大田区中央８丁目３１番８号三栄コーポ２０１,2021-08-04,株式会社
株式会社ＩＫＫＡＮ,東京都渋谷区神南１丁目７－９北谷マンション５０２,2021-08-04,株式会社
株式会社ＩＫＮＹ,岩手県盛岡市黒石野１丁目２６番１３号２０１,2021-08-04,株式会社
株式会社Ｊ－Ｍｏｒｅｓ,大阪府大阪市中央区瓦町４丁目３－１４御堂アーバンライフ４１２,2021-08-04,株式会社
株式会社Ｋ－ｓｔｙｌｅ,大阪府泉佐野市西本町１６番１３号,2021-08-04,株式会社
株式会社Ｋ－ｓｔｙｌｅ,愛知県名古屋市中区錦３丁目７番１号,2021-08-04,株式会社
株式会社ＫＩＴＥカンパニー,東京都板橋区西台１丁目３３番４号,2021-08-04,株式会社
株式会社ＫＮＹ　ＢＬＯＣＫ,栃木県足利市大沼田町１０６０番地２,2021-08-04,株式会社
株式会社ＫＯＫＯＮ,千葉県千葉市美浜区高洲３丁目１０番１号,2021-08-04,株式会社
株式会社ＫＯＵＹＡ,岩手県宮古市千徳町４番１２号,2021-08-04,株式会社
株式会社ＫＳＮＹビジネスコンサルティング,神奈川県横浜市旭区金が谷２丁目１９番６号,2021-08-04,株式会社
株式会社ＫＴ　ｅｎｇｉｎｅｅｒｉｎｇ　ｗｏｒｋｓ,熊本県八代市西宮町１１１４番地１,2021-08-04,株式会社
株式会社Ｋｌｅｅ,京都府京田辺市三山木野神１０７番地３１７,2021-08-04,株式会社
株式会社Ｌｅａｆｌｏｗ,東京都港区南麻布２丁目９番２１号プライム麻布２０１,2021-08-04,株式会社
株式会社ＬｉｂｅＬｉ‐ｉｏ,東京都北区田端５丁目２－１３久正コーポ３０１号,2021-08-04,株式会社
株式会社Ｌｉｅｎ,大阪府大阪市淀川区東三国４丁目１４－１６－１０３,2021-08-04,株式会社
株式会社Ｌｉｍｅ　ｌａｂｏ,愛知県名古屋市瑞穂区豊岡通３丁目５６番地ドリャエ・デ・アカホシ１Ｆ,2021-08-04,株式会社
株式会社Ｌｉｙｄ,東京都港区高輪３丁目１１－８ザ・ヒルトップタワー,2021-08-04,株式会社
株式会社Ｍ　ＲＨＳ　ＦＡＲＭ,宮崎県宮崎市大字郡司分甲４８８４番地２８,2021-08-04,株式会社
株式会社Ｍ．Ｍ．Ｂ,京都府亀岡市篠町広田２丁目３１番７号,2021-08-04,株式会社
株式会社ＭＡＳ,愛知県春日井市岩野町１丁目１７１番地,2021-08-04,株式会社
株式会社ＭＡＵＮＡ,長野県諏訪市沖田町３丁目１９番地,2021-08-04,株式会社
株式会社ＭＥＣ,岡山県加賀郡吉備中央町富永２３４番地,2021-08-04,株式会社
株式会社ＭＨホールディングス,三重県伊勢市上地町１０４０番地,2021-08-04,株式会社
株式会社ＭＩＮＯＲＵ建装,福井県福井市渕３丁目２６０１番地２,2021-08-04,株式会社
株式会社ＭＫプランニング・オフィス,東京都渋谷区代々木５丁目６３番８号,2021-08-04,株式会社
株式会社ＭＯＭＯテクノ,静岡県牧之原市切山２７１２番地１２,2021-08-04,株式会社
株式会社ＭＳプラン,大分県大分市中島東２丁目２番２７号,2021-08-04,株式会社
株式会社Ｍａｍ４２,東京都渋谷区神宮前３丁目３７番１－９１２号,2021-08-04,株式会社
株式会社Ｍａｍ４３,東京都渋谷区神宮前３丁目３７番１－９１２号,2021-08-04,株式会社
株式会社Ｍｉｌｌｉｏｎ　Ｖｏｉｃｅｓ,東京都大田区東糀谷３丁目９番２号,2021-08-04,株式会社
株式会社Ｍｉｒａｃｌｅ,愛知県北名古屋市宇福寺中杁１０８番地３,2021-08-04,株式会社
株式会社Ｍｉｗａ龍,広島県福山市西桜町１丁目１０番１６－３０１号,2021-08-04,株式会社
株式会社Ｍｏｕｌｉｎ,愛知県名古屋市中区丸の内３丁目１３番１９号,2021-08-04,株式会社
株式会社Ｎ．Ｇ．Ｎ　Ｃｏｒｐ．,青森県八戸市大字石手洗字駒ケ沢５番地１－Ｆ－２,2021-08-04,株式会社
株式会社ＮＡＡＫＯ　ＤＥＮＫＯ,島根県大田市大田町大田ハ１６５番地６,2021-08-04,株式会社
株式会社ＮＥＸＴＲＹＺ,埼玉県羽生市南羽生４丁目１番５号,2021-08-04,株式会社
株式会社ＮＯＷＡ,岡山県岡山市北区平和町３‐５,2021-08-04,株式会社
株式会社Ｎａｏコーポレーション,東京都中央区晴海３丁目１３番１－４２０８号,2021-08-04,株式会社
株式会社Ｎｅｍｏｒｉ内装店,北海道札幌市豊平区中の島二条７丁目３番１７号,2021-08-04,株式会社
株式会社ＯＣＥＡＮＳ１１,沖縄県石垣市字真栄里８７３番地１,2021-08-04,株式会社
株式会社ＯＤＡＰＬ,福岡県福岡市中央区警固２丁目１７番３０号,2021-08-04,株式会社
株式会社ＯＫＩ,東京都中央区銀座８丁目６番１８号奥村プラッツビル４階,2021-08-04,株式会社
株式会社ＯＲＡＮＧＥ　ＰＯＰＣＯＲＮ,愛知県名古屋市中区栄５丁目５番２８号,2021-08-04,株式会社
株式会社Ｏｆｆｉｃｅ　Ａｓａｎｏ,長野県北佐久郡軽井沢町大字長倉１７７７番１７号,2021-08-04,株式会社
株式会社ＰＥＡＮＵＴＳ,岩手県花巻市実相寺２１６番地５,2021-08-04,株式会社
株式会社ＰＥＴＳＰＯＴ,東京都港区元赤坂１丁目２番７号赤坂ＫＴＯＷＥＲ４階,2021-08-04,株式会社
株式会社ＰＬＡＮＴ　ＥＮＧＩＮＥＥＲＩＮＧ,広島県広島市東区矢賀新町５丁目９番１２－３０１号,2021-08-04,株式会社
株式会社ＰＲＯＲＩＳＭＯＳ,愛知県名古屋市中区錦１丁目１４－５,2021-08-04,株式会社
株式会社Ｐｉｏｎｎｉｅｒ,東京都北区赤羽南１丁目２２番７号奥村コーポ２０２号,2021-08-04,株式会社
株式会社Ｐｒｏｆｅｓｓｉｏｎａｌ,兵庫県尼崎市武庫之荘９丁目２９番１号レトア武庫之荘Ｂ棟１０２号,2021-08-04,株式会社
株式会社ＲＳＹ,三重県津市安濃町安濃２７０３番地８,2021-08-04,株式会社
株式会社Ｒａｓｔａ　Ｃｏｎｓｕｌｔａｎｔ,愛媛県松山市一番町１丁目５番地１４八束ビル２０３,2021-08-04,株式会社
株式会社Ｒｅ’れぼ,群馬県伊勢崎市鹿島町１７６－５,2021-08-04,株式会社
株式会社Ｒｅ．Ｌｉｇｈｔ,福島県郡山市富田町字中亀田３５番５号,2021-08-04,株式会社
株式会社Ｒｅｌｕｍｅ,大阪府八尾市南植松町２丁目１番地の１グレイスゲート八尾１１１３号,2021-08-04,株式会社
株式会社Ｒｉｓｉｎｇ,大分県別府市石垣東７丁目１番１９－１２０５号,2021-08-04,株式会社
株式会社Ｒｎｎ,静岡県袋井市下山梨２１０４番地の３ユニキューブＢ,2021-08-04,株式会社
株式会社Ｒｏｂｂｉｔｓ,福井県坂井市丸岡町熊堂第３号７番地１－１６,2021-08-04,株式会社
株式会社Ｒｏｏｍ,和歌山県新宮市徐福１丁目６番７号,2021-08-04,株式会社
株式会社Ｓ・Ｎ・Ｅクリエイトサービス,岡山県玉野市北方１５１５番地,2021-08-04,株式会社
株式会社ＳＡ,岡山県倉敷市阿知３丁目４番１号プリーマビル５階,2021-08-04,株式会社
株式会社ＳＨＯＲＥ総合企画,栃木県佐野市高萩町１３３６番地４３,2021-08-04,株式会社
株式会社ＳＬＡＳＨ,神奈川県川崎市中原区上小田中１丁目９番１－３号,2021-08-04,株式会社
株式会社ＳＬＯＷ　ＪＡＭ,茨城県水戸市城東１丁目１０番２８号,2021-08-04,株式会社
株式会社ＳＲＴ,千葉県袖ケ浦市横田９９２番地１,2021-08-04,株式会社
株式会社ＳＴＥＡＭ　ＲＭＴ,石川県能美市湯谷町乙１１０番地,2021-08-04,株式会社
株式会社ＳＴＲＥＡＭ,東京都渋谷区渋谷３丁目２６番１６号第五叶ビル５Ｆ,2021-08-04,株式会社
株式会社ＳＵＮ　ＢＲＥＥＤ,群馬県太田市新井町５０１番地２,2021-08-04,株式会社
株式会社ＳＵＮ＆ＣＯＭＰＡＳＳ,栃木県塩谷郡高根沢町光陽台１丁目９番地４グリーンモールＢ－２,2021-08-04,株式会社
株式会社ＳＵＮＲＩＳＥ,千葉県千葉市中央区登戸２丁目４番２０号ＭＡＪＥＳＴＩＣ２０２号,2021-08-04,株式会社
株式会社Ｓａｌｎｉｃｏ,東京都世田谷区池尻２丁目２１－８アートオブパークサイド３０１,2021-08-04,株式会社
株式会社Ｓｅｎｓ,兵庫県神戸市中央区加納町４丁目９番１４－５０２号,2021-08-04,株式会社
株式会社Ｓｋｙ,愛知県名古屋市中区丸の内２丁目１５番１２号－２ザテラス丸の内２０１号,2021-08-04,株式会社
株式会社Ｓｋｙ　Ｔｅｃ　Ｃｏｍ,広島県広島市安佐北区深川１丁目１１番１７号,2021-08-04,株式会社
株式会社ＳｋｙＳｕｎｆｌｏｗｅｒＨｏｌｄｉｎｇｓ,神奈川県横浜市西区みなとみらい５丁目３番１－Ｏ－２５０１号,2021-08-04,株式会社
株式会社Ｓｕｎｎｙ　ＤａＹ,埼玉県草加市氷川町２１４番地７,2021-08-04,株式会社
株式会社Ｔо　ＬＥＡＰ,鹿児島県曽於市末吉町諏訪方８３５８番地３,2021-08-04,株式会社
株式会社Ｔ＆Ｔ,滋賀県草津市追分南６丁目２番７号プランドールかがやきＡ号室,2021-08-04,株式会社
株式会社Ｔ．ＦＡＣＴＯＲＹ,埼玉県加須市鴻茎１６番地４,2021-08-04,株式会社
株式会社Ｔ．Ｎ．Ｋホールディングス,熊本県熊本市北区籠田七丁目３７番１３号,2021-08-04,株式会社
株式会社ＴＡＮＡＶＥＬ,兵庫県神戸市兵庫区福原町２７番６号４階,2021-08-04,株式会社
株式会社ＴＡＳＡＫＩサービス,東京都中央区銀座５丁目７番５号,2021-08-04,株式会社
株式会社ＴＢＦ,広島県広島市東区福田１丁目２５７７番地１６,2021-08-04,株式会社
株式会社ＴＢＯＰＰ,東京都練馬区練馬１丁目３７番１号,2021-08-04,株式会社
株式会社ＴＨＲＥＥ,岡山県岡山市北区奥田２丁目６番３２－１０３号,2021-08-04,株式会社
株式会社ＴＯＭＭＹ不動産,北海道札幌市豊平区平岸三条１丁目３番１７号,2021-08-04,株式会社
株式会社ＴＯＰ　ＳＫＹ,山梨県甲斐市宇津谷４４５番地,2021-08-04,株式会社
株式会社ＴＯＵ　Ｇｒｏｕｐ,沖縄県那覇市銘苅２丁目６番１３－３０９号サントピア那覇新都心第３,2021-08-04,株式会社
株式会社ＴＲＩ,埼玉県上尾市今泉１丁目４０番地２０オリーブ２０１,2021-08-04,株式会社
株式会社ＴＲＹＰＯＤ,東京都目黒区駒場１丁目５番２－４０１号,2021-08-04,株式会社
株式会社Ｔｈｉｎｋ　Ｔｈｅ　Ｗｅｌｌｎｅｓｓ,東京都渋谷区神南１丁目１２番１０号,2021-08-04,株式会社
株式会社Ｔｏｍ,愛知県名古屋市西区名駅２丁目２９番３号プリマヴェール名駅シュール５０２,2021-08-04,株式会社
株式会社Ｔｗｅｎｔｙ　Ｓｅｖｅｎ,東京都江東区有明３丁目７番１１号有明パークビル２０Ｆ,2021-08-04,株式会社
株式会社Ｕライト,茨城県鉾田市安房１９６３番地１０３,2021-08-04,株式会社
株式会社ＵＣＨＩＤＡ　ｆｍ,鹿児島県南九州市川辺町平山３５５８番地１,2021-08-04,株式会社
株式会社ＵＬＵ,埼玉県川口市東川口４丁目１番１号,2021-08-04,株式会社
株式会社ＷＡＧＵ,栃木県宇都宮市中戸祭１丁目１１番１４号ロイヤルハイツ高木Ａ２０２,2021-08-04,株式会社
株式会社ＷＩＮＧ,千葉県君津市杢師１丁目１３番６号,2021-08-04,株式会社
株式会社ＷＩＳＴＥＲＩＡ,東京都渋谷区宇田川町１６番８号渋谷センタービル３階,2021-08-04,株式会社
株式会社ＷＭＳ,大阪府東大阪市西堤楠町３丁目３番３３号ブランフルーレ２０２,2021-08-04,株式会社
株式会社ＷＯＯＳＵＮＧ　ＦＯＯＤ,熊本県熊本市中央区上通町１１番１号ＴＭＧビル１階,2021-08-04,株式会社
株式会社Ｗａｋｕ２Ｋｉｔｃｈｅｎ,岡山県新見市哲多町宮河内１１１３番地１,2021-08-04,株式会社
株式会社Ｗｉｓｄｏｍ,愛知県海部郡蟹江町今西２丁目４５番地,2021-08-04,株式会社
株式会社Ｙ’ｓ,東京都板橋区板橋２丁目６５番８号ＭＳビル,2021-08-04,株式会社
株式会社Ｙ＆Ｙ,東京都港区東新橋２丁目１０－１０東新橋ビル５１５室,2021-08-04,株式会社
株式会社ＹＭＤ工房,千葉県千葉市稲毛区長沼町３０番地２１アンビション長沼Ａ２０２号,2021-08-04,株式会社
株式会社ＹＴグループ,愛知県名古屋市中区大井町１番２４号ヴィークタワー名古屋東別院２１０６号,2021-08-04,株式会社
株式会社ＺＥＲＯ,京都府亀岡市篠町篠八幡裏４０番地６,2021-08-04,株式会社
株式会社ｂａｕｍｂｏｘ,東京都足立区東綾瀬２丁目３番１４－６０１号,2021-08-04,株式会社
株式会社ｂｒａｃｋｅｔｓ,東京都世田谷区北沢１丁目１４－７,2021-08-04,株式会社
株式会社ｂｕｆｆｗｏｏｄ,大阪府泉南郡熊取町小谷南４丁目２０６６番地,2021-08-04,株式会社
株式会社ｃａｒ　ｓｈｏｐ　ＣＲＥＷ,三重県南牟婁郡紀宝町鵜殿１４７０番地５７,2021-08-04,株式会社
株式会社ｃｌｏｃｈｅ,神奈川県横浜市港南区上永谷１丁目３５番４７－４０２号,2021-08-04,株式会社
株式会社ｃｏｃｏｒｏｋｋａ,東京都葛飾区亀有３丁目１４番７号,2021-08-04,株式会社
株式会社ｄＰｏｔ,東京都墨田区江東橋４丁目１６番３号,2021-08-04,株式会社
株式会社ｅｍｍａ．,福岡県福岡市西区今宿駅前１丁目１１番地４号４０５,2021-08-04,株式会社
株式会社ｆｏｕｒ－ｓ,東京都杉並区上井草２丁目１４番３号,2021-08-04,株式会社
株式会社ｌｉｔｔｌｅ　ｆｌａｍｉｎｇｏ,東京都渋谷区恵比寿１丁目１５－９シルク恵比寿４０３,2021-08-04,株式会社
株式会社ｍａｒｃｈ,東京都足立区西竹の塚１丁目１５番１１号ヒルズ西竹ノ塚１０１,2021-08-04,株式会社
株式会社ｍａｒｌ,岐阜県関市向山町３丁目３番４号,2021-08-04,株式会社
株式会社ｍｉｃｋｓ,東京都練馬区桜台４丁目２番６号細野ビル３０２,2021-08-04,株式会社
株式会社ｍｉｍｉ,三重県松阪市下村町１９６５番地２０,2021-08-04,株式会社
株式会社ｎｏｎａｍｅ,栃木県宇都宮市中今泉２丁目７番１９号,2021-08-04,株式会社
株式会社ｎｙｅｇｅ　ｎｙｅｇｅ,東京都目黒区碑文谷３丁目９番２２－２０８号,2021-08-04,株式会社
株式会社ｏｒｕｔｅｎｓｉａ,京都府京都市南区唐橋井園町４５番地７,2021-08-04,株式会社
株式会社ｐｌｕｓ　Ｊ,東京都港区赤坂１丁目１４番５号アークヒルズエグゼクティブタワーＮ８１２,2021-08-04,株式会社
株式会社ｓａｌｏｎ　ｄｅ　Ｕ－ＣＨＡＮ,静岡県静岡市葵区沓谷６丁目１２番１号スプリングフィールドＤ２０１,2021-08-04,株式会社
株式会社ｓｍｏｏｔｈ,東京都中央区晴海２丁目２番４２号,2021-08-04,株式会社
株式会社ｓｏｅｒｕ,三重県松阪市立野町５００番地３,2021-08-04,株式会社
株式会社ｖｉｖｉｄ,愛知県岡崎市南明大寺町５番地５、１階２号室,2021-08-04,株式会社
株式会社ｗａｚｅｓｔ,千葉県鎌ケ谷市新鎌ケ谷３丁目６番７２－１号室,2021-08-04,株式会社
株式会社ｗｅｂＬｉｎｘ,福岡県福岡市中央区天神１丁目１番１号ｆａｂｂｉｔ－Ｇｌｏｂａｌ－Ｇａｔｅｗａｙ－ＡＣＲＯＳ－Ｆｕｋｕｏｋａ,2021-08-04,株式会社
株式会社ｗｏｎｄｅｒｌａｎｄ　ｇｒｏｕｐ,東京都渋谷区広尾５丁目４番１２号大成鋼機ビル５階５１３号室,2021-08-04,株式会社
株式会社ｙ２ｇａｒａｇｅ,京都府京都市南区吉祥院嶋野間詰町２７番地,2021-08-04,株式会社
江戸川ギンゴ株式会社,千葉県市川市北方２丁目３３番１６号クレスト市川１０３号,2021-08-04,株式会社
河野乾魚店合同会社,島根県浜田市長浜町１４１２番地甲,2021-08-04,合同会社
源生合同会社,大阪府大阪市西成区天下茶屋１丁目２２番２２－２０１号,2021-08-04,合同会社
瀬戸内パウダーラボ合同会社,香川県高松市屋島中町７２８南棟,2021-08-04,合同会社
無茶株式会社,東京都目黒区中目黒３丁目２２番１号,2021-08-04,株式会社
特定非営利活動法人すこやかクラブ,岡山県岡山市南区福富東１丁目７番３７号ホワイトピア武田２０１号,2021-08-04,その他の設立登記法人
特定非営利活動法人なごやかさろん,栃木県那須郡那須町大字高久丙４４０６番地１４,2021-08-04,その他の設立登記法人
特定非営利活動法人ＣＡＰプロジェクトおかやま,岡山県岡山市北区広瀬町２番１１号,2021-08-04,その他の設立登記法人
特定非営利活動法人ＭｉｘＲａｉｎｂｏｗ,兵庫県尼崎市南塚口町２丁目１９番２号コワーキングスタジオ若松ビル３０２号室,2021-08-04,その他の設立登記法人
眼鏡技術者国家資格推進機構,東京都中央区日本橋３丁目１３－１１,2021-08-04,その他
祥建株式会社,愛知県半田市寺町５０番地の１２,2021-08-04,株式会社
税理士法人Ｆ＆Ｐａｒｔｎｅｒｓ,京都府京都市中京区烏丸通六角下る七観音町６２３番地,2021-08-04,その他の設立登記法人
笑楽快堂株式会社,埼玉県狭山市大字北入曽１５０８番地の５５フラワーヒル７５－７,2021-08-04,株式会社
紬建築株式会社,愛知県名古屋市緑区大高町字釜野１９番地の３,2021-08-04,株式会社
美濃利株式会社,岐阜県岐阜市打越６３番地５１,2021-08-04,株式会社
英輝総業株式会社,神奈川県小田原市小竹７３５番地の４９,2021-08-04,株式会社
茨城特工サービス株式会社,茨城県ひたちなか市大字足崎１２９２番地６,2021-08-04,株式会社
行努真株式会社,大分県大分市大字宮崎１１９６番地の１０９,2021-08-04,株式会社
衣笠直樹事務所合同会社,東京都世田谷区桜１丁目２０番１０号,2021-08-04,合同会社
袖ケ浦市地域公共交通活性化協議会,千葉県袖ケ浦市坂戸市場１－１,2021-08-04,その他
西久保コーポレーション合同会社,神奈川県横浜市戸塚区矢部町１３８４番,2021-08-04,合同会社
西寅工業株式会社,広島県三次市山家町５７０番地２,2021-08-04,株式会社
越乃エステート株式会社,新潟県上越市大潟区上小船津浜１６８番地３,2021-08-04,株式会社
通販エクスプレス合同会社,滋賀県草津市平井１丁目７番１４号,2021-08-04,合同会社
都市不動産開発株式会社,広島県福山市南蔵王町３丁目１４番２９号,2021-08-04,株式会社
金澤設計株式会社,新潟県上越市大字土橋１４４１番地１６,2021-08-04,株式会社
隼ライン株式会社,茨城県古河市大山１７２７番地２,2021-08-04,株式会社
ＡＣＴＯＢＩＲＡ株式会社,愛媛県松山市久米窪田町３３７番地１テクノプラザ愛媛,2021-08-04,株式会社
ＡＧＧ株式会社,埼玉県川口市西川口１丁目３０番２０Ｔ・Ｂ・Ｓ企画ビル４１１,2021-08-04,株式会社
ＡＳＥＡＮリソース協同組合,愛知県知多郡東浦町大字緒川字塩田３５番地の２,2021-08-04,その他の設立登記法人
Ａｉｒａｆｕ株式会社,大阪府大阪市浪速区日本橋３丁目８番２５号光ムセンたまらんどビル３Ｆ,2021-08-04,株式会社
Ｂｏｍｂｙｘ　Ｍｏｒｉ　Ｉｎｄｕｓｔｒｙ４．５合同会社,三重県松阪市嬉野上小川町１８８８番地,2021-08-04,合同会社
Ｃ２Ｃ　Ｇｌｏｂａｌ　Ｅｄｕｃａｔｉｏｎ　Ｊａｐａｎ　Ｈｏｌｄｉｎｇｓ株式会社,山梨県甲府市酒折２丁目４番５号,2021-08-04,株式会社
ＣＬ　Ｓｐｅｃｉａｌｔｙ株式会社,東京都港区赤坂９丁目１番７－２７０号,2021-08-04,株式会社
ＣＲＯＳＳ　ＡＲＲＯＷＳ合同会社,神奈川県横浜市中区桜木町１丁目１０１番地１クロスゲート７階,2021-08-04,合同会社
ＤＣプロモーションズ株式会社,愛知県名古屋市緑区徳重３丁目１０１番地,2021-08-04,株式会社
ＤＯＲＦＬＩ株式会社,神奈川県横浜市金沢区寺前１丁目１７番８号,2021-08-04,株式会社
Ｄｅｎｇｉｎｅ株式会社,岐阜県関市小屋名１１５２番地３,2021-08-04,株式会社
Ｄｒｅａｍ　Ｐａｎｄａ　Ｗｏｒｋｓ合同会社,神奈川県川崎市多摩区登戸２４３２－１,2021-08-04,合同会社
ＥＬＭＡＭＯＵＮ　ＴＲＡＤＩＮＧ合同会社,大阪府岸和田市内畑町６１０－１,2021-08-04,合同会社
ＥＭＳ　ＰＲＯ株式会社,福岡県福岡市南区皿山１丁目２番４８号,2021-08-04,株式会社
ＦＵＺＺ９株式会社,大分県大分市高松東１丁目１番３号高松センタービル１０１,2021-08-04,株式会社
Ｆｕｎｄ　Ｊａｐａｎ株式会社,京都府京都市上京区甲斐守町９７西陣産業創造會舘２階・３階,2021-08-04,株式会社
ＧＥＮＥＳＩＳ株式会社,兵庫県三木市志染町青山４丁目１１番地の１０,2021-08-04,株式会社
ＧＬＯＣＡＬ株式会社,東京都台東区北上野１丁目８－５ビリーフ上野７Ｆ,2021-08-04,株式会社
ＧＰＤさくら合同会社,東京都千代田区一ツ橋２丁目５番５号,2021-08-04,合同会社
Ｇｌｏｂａｌ　Ｒｅｃｒｕｉｔｍｅｎｔ　Ｉｎｔｅｌｌｉｇｅｎｃｅ株式会社,埼玉県川口市元郷１丁目３番２号,2021-08-04,株式会社
Ｇｒｏｏｖｉｔ　ｐａｒｔｎｅｒ株式会社,東京都足立区千住３丁目６番地ツォード千住壱番館１００３号,2021-08-04,株式会社
Ｇｒｏｏｖｉｔ　ｐｌｕｓ株式会社,東京都足立区千住３丁目６番地ツォード千住壱番館１００３号,2021-08-04,株式会社
ＧｒｏｗＨｕｂ　Ｊａｐａｎ株式会社,京都府京都市上京区甲斐守町９７西陣産業創造會舘２階・３階,2021-08-04,株式会社
ＨＡＰＰ．株式会社,東京都港区六本木３丁目７－１－１００６,2021-08-04,株式会社
ＩＴＳＪ－Ｇ株式会社,神奈川県横浜市中区南仲通４丁目３９番２号箕田関内ビル,2021-08-04,株式会社
Ｊ＆Ｃ合同会社,大阪府泉南市樽井４丁目４１番３号,2021-08-04,合同会社
Ｊｕｎｅ　Ｓｔｙｌｅ合同会社,大阪府大阪市西区北堀江１丁目１－３四ツ橋日生ビル別館５ＣＤ号,2021-08-04,合同会社
ＫーＳＴＹＬＥ株式会社,愛知県春日井市出川町５丁目６番地２,2021-08-04,株式会社
ＫＴＲ合同会社,東京都港区赤坂６丁目１９番３３－２０６号,2021-08-04,合同会社
ＫＵＲＩ　ＳＴＹＬＥ合同会社,埼玉県さいたま市大宮区桜木町２丁目４６７番地パシフィック１０３,2021-08-04,合同会社
Ｋｚ企画株式会社,千葉県千葉市緑区あすみが丘８丁目４４番地８,2021-08-04,株式会社
ＬＡＲＣＥＬ合同会社,長野県松本市野溝西１丁目６－２９のみぞビル,2021-08-04,合同会社
ＬＹＴ　Ｔｅｃｈ合同会社,福岡県福岡市中央区大名２丁目６番１１号Ｆｕｋｕｏｋａ　Ｇｒｏｗｔｈ　Ｎｅｘｔ,2021-08-04,合同会社
Ｌｅａ　Ｒｅｖｅ株式会社,東京都足立区栗原２丁目２６番１１号,2021-08-04,株式会社
Ｌｏｇｉ５一般社団法人,東京都港区虎ノ門３丁目２２番１０－２０１号,2021-08-04,その他の設立登記法人
Ｌｏｙａｌ合同会社,北海道札幌市中央区南二条東２丁目１６番地,2021-08-04,合同会社
ＭＡＫＩＡ合同会社,北海道帯広市西九条南１８丁目５番地１,2021-08-04,合同会社
ＭＡＮＨＮＧＡ合同会社,京都府京都市下京区七条通間之町東入材木町４６８番地１０６号,2021-08-04,合同会社
ＭＥＮＬＯ　ＰＡＲＫ　ＣＡＰＩＴＡＬ合同会社,千葉県市川市湊１番１８－２０１号,2021-08-04,合同会社
ＭＩＳＡＫＩコーポレーション株式会社,青森県青森市長島２丁目１３番地１号,2021-08-04,株式会社
ＭＳ正山合同会社,福岡県大牟田市正山町１４８番地１,2021-08-04,合同会社
ＭＹＤ　Ｌｅａｄｅｒｓｈｉｐ合同会社,神奈川県横浜市青葉区荏田北１丁目４番地３４,2021-08-04,合同会社
ＭＹＮワーカー株式会社,大分県由布市挾間町東院１７５３番地１３,2021-08-04,株式会社
Ｍａｍａ　Ｓａｉｄ株式会社,群馬県吾妻郡東吾妻町大字原町４０５番地,2021-08-04,株式会社
ＭａｘＷｅｌｌ株式会社,茨城県水戸市新荘１丁目５－２７,2021-08-04,株式会社
ＮＡＣ株式会社,三重県四日市市波木が丘町２９番地７,2021-08-04,株式会社
ＮＥＸＴ　ＳＴＡＧＥ株式会社,福岡県福岡市中央区地行浜２丁目２番４－１９０２号,2021-08-04,株式会社
ＮＥＸＵＳ合同会社,京都府京都市中京区烏帽子屋町４８６番地１,2021-08-04,合同会社
ＮＰＯ法人めぐりあい,岡山県倉敷市亀島２丁目１１番１０号,2021-08-04,その他の設立登記法人
ＮＰＯ法人適正育成ラボ,新潟県阿賀野市中島町１２番１２号,2021-08-04,その他の設立登記法人
ＮＰＯ法人ＪＵＭＰ,滋賀県草津市青地町３４３番地１－１０２シャトー青地Ａ棟,2021-08-04,その他の設立登記法人
ＮＵＷＡＮ’Ｓ　ＳＰＡＲＫ株式会社,茨城県稲敷郡美浦村大字土屋１９７２番地１８９,2021-08-04,株式会社
Ｏｐｅｘ青果株式会社,神奈川県川崎市宮前区水沢１丁目１番１号川崎中央卸売市場北部市場内,2021-08-04,株式会社
ＰＪＭＦ　Ｉｎｖｅｓｔｍｅｎｔｓ特定目的会社,東京都港区元赤坂１丁目１番７－１００６号,2021-08-04,その他の設立登記法人
Ｐａｄｍａ株式会社,広島県呉市三条２丁目３－１８－６０１,2021-08-04,株式会社
Ｐｕｅｒｔｏ合同会社,岩手県二戸市下斗米字十文字５０番地１２,2021-08-04,合同会社
Ｒ・Ｊ・ＨＯＭＥ合同会社,東京都葛飾区東堀切２丁目１５番１２号,2021-08-04,合同会社
ＲＥＥオートモーティブ・ジャパン株式会社,東京都千代田区丸の内２丁目１番１号明治生命館７階ディーエルエイ・パイパー東京パートナーシップ外国法共同事業法律事務所内,2021-08-04,株式会社
ＳＡＫＵＲＡ　ＴＲＡＤＩＮＧ株式会社,茨城県古河市大山９５９番地７,2021-08-04,株式会社
ＳＢＭ株式会社,北海道帯広市大通南２７丁目２０番地３,2021-08-04,株式会社
ＳＤ建設株式会社,茨城県土浦市大岩田２０７９番地,2021-08-04,株式会社
ＳＤＧ株式会社,熊本県熊本市東区長嶺東３丁目３番６１号,2021-08-04,株式会社
ＳＫＹＷＡＬＫＥＲ株式会社,長崎県長崎市金屋町１番１７号,2021-08-04,株式会社
ＳＴＯＲＩＥＤ株式会社,京都府京都市下京区石不動之町６８２－６,2021-08-04,株式会社
ＳＴＯＲＹ合同会社,神奈川県横浜市鶴見区潮田町１丁目８３番地池山方,2021-08-04,合同会社
ＳｂＹＥ合同会社,東京都渋谷区鉢山町６番１５号シャトレ城山１０２,2021-08-04,合同会社
Ｓｋｉｐ株式会社,岡山県倉敷市新田３１８７番地１３,2021-08-04,株式会社
Ｔ－サイト株式会社,三重県四日市市鵜の森１丁目１番１９号太平洋鵜の森ビル４階,2021-08-04,株式会社
Ｔ．Ｉ．Ｊ株式会社,新潟県新潟市東区紫竹２丁目６番１２号,2021-08-04,株式会社
ＴＩＮ合同会社,京都府京都市東山区白川筋三条下る２丁目梅宮町４７４－１９,2021-08-04,合同会社
ＴＯＬＥ株式会社,千葉県野田市尾崎７９３番地の４４,2021-08-04,株式会社
ＴＵＭＵＧＵ不動産株式会社,富山県富山市館出町１丁目５番１１号,2021-08-04,株式会社
Ｔｈｒｉｖｅ合同会社,大阪府大阪市淀川区西中島５丁目７番１７号ビジネスヴィップ第２新大阪４０６号室,2021-08-04,合同会社
ＵＮＬＩＭＩＴＥＤ株式会社,宮崎県宮崎市中央通２－１０みらいビル１Ｆ,2021-08-04,株式会社
ＵＮＯＮＯ合同会社,東京都世田谷区池尻２丁目３６番５号,2021-08-04,合同会社
Ｕａｌｅ株式会社,岡山県岡山市北区厚生町２丁目１－８－９０５,2021-08-04,株式会社
Ｕｍｅｋｉ　Ｍｅｄｉｃａｌ　Ｔｅｃｈｎｏｌｏｇｉｅｓ合同会社,東京都渋谷区富ヶ谷１丁目１４番地１４号スタンフォードアネックスビル３階,2021-08-04,合同会社
Ｕｎｉｔｅｄ　Ｐｌａｙｅｒｓ株式会社,千葉県浦安市北栄２丁目１９番１７－３０２号,2021-08-04,株式会社
ＹＯＩ－ＤＡＲＵＭＡ合同会社,宮城県仙台市若林区中倉３丁目９－２０－３０２,2021-08-04,合同会社
Ｙａｍａｋｅｎ．Ｈｏｍｅ株式会社,神奈川県藤沢市城南４丁目８番５号,2021-08-04,株式会社
ａｍｐｅｒｓａｎｄ合同会社,静岡県浜松市中区向宿２丁目３２－２３プチメゾン１０２号,2021-08-04,合同会社
ｂａｍｂｏｏｇｒｏｗｔｈ株式会社,長野県長野市大字高田２４１０番地１０１,2021-08-04,株式会社
ｂａｒＤ合同会社,東京都江東区大島５丁目９番１０号,2021-08-04,合同会社
ｂｏｎｄｓ株式会社,静岡県静岡市清水区馬走１０番６号,2021-08-04,株式会社
ｅ－ｏｎｅ・コンストラクション株式会社,千葉県長生郡一宮町一宮２２６１番地１の６,2021-08-04,株式会社
ｅｔｅｒｎａｌ合同会社,愛知県豊橋市岩崎町字森９番地の３,2021-08-04,合同会社
ｈｏｉ株式会社,北海道札幌市中央区南一条西９丁目５番地１,2021-08-04,株式会社
ｉｄｅａ株式会社,東京都小平市花小金井南町３丁目３７番１８－１号,2021-08-04,株式会社
ｊａｐａｎ　ｓｈｏｐ　ｙａｍａｓｈｉｔａ合同会社,東京都江東区千田１６－１１小林ビル５０１,2021-08-04,合同会社
ｋｙｏｐａｌａｂ合同会社,東京都港区港南３丁目７番１６－２５０８号,2021-08-04,合同会社
ｍ＆ｈ　ｃｒｅａｔｉｖｅ合同会社,群馬県渋川市金井７３５番地８,2021-08-04,合同会社
ｍｉｒａｋａｎ合同会社,神奈川県中郡二宮町山西１１３番地の１７,2021-08-04,合同会社
ｎｉｖｅｌ株式会社,東京都新宿区新宿１丁目３６番２号新宿第七葉山ビル３階,2021-08-04,株式会社
ｐｈｉＧ合同会社,大阪府枚方市香里園山之手町２６番２９号,2021-08-04,合同会社
ｙａｍａｂｅｅ合同会社,東京都豊島区南大塚３丁目５３番３号万葉ビル４０１号室,2021-08-04,合同会社
ｚｅｒｏ　ｐｌｕｓ合同会社,茨城県鉾田市大竹３６番地,2021-08-04,合同会社
あおいファーマメディカル株式会社,埼玉県北本市中央２丁目７４番地藤井ビル１階,2021-08-05,株式会社
あまねキャリア株式会社,静岡県浜松市中区高林１丁目８番４３号ＴｈｅＧａｒａｇｅ内,2021-08-05,株式会社
いちかわ不動産株式会社,東京都豊島区上池袋４丁目２９番９号,2021-08-05,株式会社
おかもと不動産株式会社,山口県周南市宮の前１丁目２番１７号,2021-08-05,株式会社
けやき不動産株式会社,愛知県春日井市上条町６丁目２５１９番地２,2021-08-05,株式会社
つくる株式会社,岐阜県岐阜市鵜川町３番地２鵜川町事務所２Ｆ,2021-08-05,株式会社
にし山エンターテイメント株式会社,東京都目黒区上目黒２丁目７－４,2021-08-05,株式会社
にわと株式会社,広島県東広島市高屋町溝口１５５番地,2021-08-05,株式会社
ほりよし合同会社,兵庫県神戸市兵庫区荒田町４丁目２９番２４号－Ｂ１０５号,2021-08-05,合同会社
よつば合同会社,大阪府大阪市都島区友渕町３丁目１番１－４１３号,2021-08-05,合同会社
アストロラーベ株式会社,愛知県岡崎市美合町字生田２２５番地,2021-08-05,株式会社
アセットプラス株式会社,埼玉県朝霞市栄町３丁目４番２７－４０９号,2021-08-05,株式会社
アセットリモデリング株式会社,東京都江戸川区中央１丁目３番４号,2021-08-05,株式会社
アソート株式会社,東京都調布市若葉町１丁目３０番６３号,2021-08-05,株式会社
アートホーリンク株式会社,大阪府枚方市楠葉美咲３丁目１４番１１号,2021-08-05,株式会社
イカロス株式会社,神奈川県相模原市緑区橋本６丁目２４番１号,2021-08-05,株式会社
イコット株式会社,茨城県神栖市平泉東２丁目２番地４,2021-08-05,株式会社
イブキ合同会社,長野県上伊那郡宮田村４７５１番地７５,2021-08-05,合同会社
インターナショナルビジネスソリューションズ株式会社,千葉県船橋市三咲町１４３番地２４,2021-08-05,株式会社
イーエルリミテッド株式会社,埼玉県蓮田市見沼町３番２０号,2021-08-05,株式会社
ウルフリー株式会社,埼玉県上尾市大字原市１２７１番地１,2021-08-05,株式会社
エピクシップ株式会社,兵庫県神戸市中央区磯上通４丁目１番１４号三宮スカイビル７Ｆ,2021-08-05,株式会社
エフスタイル株式会社,宮城県富谷市東向陽台３丁目１８番２－３号,2021-08-05,株式会社
エムドゥ株式会社,東京都文京区湯島２丁目１０番１０号,2021-08-05,株式会社
エム・ワイ・エンジニアリング株式会社,東京都江戸川区下篠崎町４番９－８０３号,2021-08-05,株式会社
エルクビルディングマネジメント合同会社,北海道札幌市北区北十一条西１丁目２番１９号ビッグバーンズマンションＮ壱壱１０１号室,2021-08-05,合同会社
オフィス・スズキ合同会社,東京都江東区東砂１丁目３番２－７１７号,2021-08-05,合同会社
オリエテム合同会社,福岡県糸島市瀬戸４８４番地,2021-08-05,合同会社
オーリン合同会社,愛知県安城市桜井町貝戸尻１１８番地,2021-08-05,合同会社
カウ不動産合同会社,広島県福山市大門町１丁目１４番２０号,2021-08-05,合同会社
キャドワークス株式会社,神奈川県海老名市国分寺台１丁目５番７－２号,2021-08-05,株式会社
コンパスポイント株式会社,東京都世田谷区北沢１丁目３８番１４号しょうわ下北ビル２階スタートアップしもきた,2021-08-05,株式会社
ゴールデンウェーブテクノロジー株式会社,神奈川県平塚市高根６番地の１－５１３号,2021-08-05,株式会社
ザ・ショールームトウキョウ合同会社,神奈川県横浜市旭区本宿町１３２番地１３,2021-08-05,合同会社
シーウェイブ合同会社,千葉県四街道市大日３５１番地１２,2021-08-05,合同会社
ジリオンス・アンド・ブラン株式会社,栃木県宇都宮市大通り２丁目１番６号,2021-08-05,株式会社
スーパーフトシくん株式会社,千葉県流山市大字木１４０９番地,2021-08-05,株式会社
セブン・アーク株式会社,石川県白山市平木町４０２番地１,2021-08-05,株式会社
ソライ株式会社,茨城県古河市原町７番４５号,2021-08-05,株式会社
タスク・アクト物流株式会社,東京都大田区蒲田本町２丁目１５番３号,2021-08-05,株式会社
ティーケーエンジニアリング株式会社,愛知県弥富市楠３丁目１３番地２,2021-08-05,株式会社
テン株式会社,兵庫県神戸市中央区熊内町７丁目３番１１－４０１号,2021-08-05,株式会社
ディケイ広島株式会社,広島県東広島市西条土与丸４丁目２番６３号菱木ビル２階２０２号,2021-08-05,株式会社
ドショウインジャパン合同会社,神奈川県横浜市南区浦舟町４丁目５０番サンハイツ村山２,2021-08-05,合同会社
ナツレ合同会社,東京都江戸川区一之江８丁目３番２号ＭＭビル,2021-08-05,合同会社
ヒュッゲスタイル合同会社,長野県佐久市新子田１７００番地３１,2021-08-05,合同会社
ビグラッド合同会社,東京都渋谷区神宮前６丁目２３番４号桑野ビル２階,2021-08-05,合同会社
ピーシークリエイト株式会社,広島県福山市三之丸町４番１号グレイスビル,2021-08-05,株式会社
ファインライト株式会社,広島県東広島市西条町御薗宇６７９１番地,2021-08-05,株式会社
フジッコＮＥＷデリカ株式会社,兵庫県神戸市中央区港島中町６丁目１３番地４,2021-08-05,株式会社
フジパスクホールディングス株式会社,東京都世田谷区上馬４丁目２番５号,2021-08-05,株式会社
フリージア合同会社,東京都文京区本駒込２丁目２９－１５－３０５,2021-08-05,合同会社
プリマヴィスタ合同会社,大阪府豊中市柴原町２丁目１１－８,2021-08-05,合同会社
プロビデンス合同会社,東京都中野区新井３丁目３４－１５,2021-08-05,合同会社
ベス・アソシエイツ合同会社,大阪府大阪市都島区友渕町１丁目４番１－２０４号,2021-08-05,合同会社
ホースフィールド株式会社,大阪府高槻市古曽部町１丁目２６番５号,2021-08-05,株式会社
マイメディクスジャパン合同会社,東京都中央区日本橋本町２丁目３番１１号,2021-08-05,合同会社
ミナトロジ株式会社,大阪府寝屋川市松屋町１９番１－５０２号,2021-08-05,株式会社
ムジカライズ株式会社,東京都中野区弥生町２丁目４１番１７号,2021-08-05,株式会社
メイカン機工株式会社,愛知県名古屋市中村区八社１丁目２８１番地の２,2021-08-05,株式会社
メディカルコンフィアンス合同会社,大阪府豊中市上新田１丁目１９－１リバーガーデン千里中央６１２,2021-08-05,合同会社
メニーライス合資会社,愛知県豊橋市柱二番町５６番地１,2021-08-05,合資会社
ヤブキ電設合同会社,山口県岩国市牛野谷町１丁目２番２７－４号,2021-08-05,合同会社
ユウジインスペクションサービス株式会社,広島県広島市佐伯区五日市中央５丁目１８番７－２０１号,2021-08-05,株式会社
ユニハイブ合同会社,東京都江東区有明１丁目２番１１－２３０３号,2021-08-05,合同会社
ユミーナエステート株式会社,埼玉県鶴ヶ島市大字藤金８５１番地３０,2021-08-05,株式会社
ライフグロー合同会社,東京都中央区銀座１丁目２２番１１号銀座大竹ビジデンス２階,2021-08-05,合同会社
リコプラス株式会社,千葉県千葉市中央区中央３丁目３番１号,2021-08-05,株式会社
リックインダストリー株式会社,東京都練馬区中村南１丁目３３番１９－２０６号,2021-08-05,株式会社
リフィア株式会社,大阪府豊中市浜１丁目２７番１８－６０１号,2021-08-05,株式会社
レイズランド株式会社,鹿児島県大島郡知名町大字瀬利覚２１１６番地１１,2021-08-05,株式会社
レゾンデートル合同会社,大阪府大阪市城東区今福西１丁目７番２号１階,2021-08-05,合同会社
ロール＆キャベツ株式会社,埼玉県北葛飾郡杉戸町大字下高野５９１番地４９,2021-08-05,株式会社
一般社団法人いばらき樹木医会,茨城県古河市東山田４２６０番地１フルヤ緑販株式会社内,2021-08-05,その他の設立登記法人
一般社団法人うみかぜ公共嘱託登記土地家屋調査士協会,神奈川県横須賀市久里浜７丁目１９番６号,2021-08-05,その他の設立登記法人
一般社団法人さやのりこアート,沖縄県那覇市久茂地１丁目１番１号９階,2021-08-05,その他の設立登記法人
一般社団法人ちまたファクトリ,岐阜県岐阜市美殿町４０番地矢沢ビル２０１号室,2021-08-05,その他の設立登記法人
一般社団法人とこまち東,埼玉県所沢市御幸町９番１６号,2021-08-05,その他の設立登記法人
一般社団法人アモール,北海道札幌市中央区南十条西１４丁目１番２５号ＧＭＳビル,2021-08-05,その他の設立登記法人
一般社団法人コンクリートひび割れ補修・圧力調整注入工法協会,熊本県熊本市東区戸島西５丁目５番５７号,2021-08-05,その他の設立登記法人
一般社団法人リッチェフラワースマイルズジャパン,三重県いなべ市大安町梅戸２０９３プロミネントＤＡＩＡＮ,2021-08-05,その他の設立登記法人
一般社団法人企業の未来づくり研究所,東京都渋谷区神宮前６丁目２９番４号原宿ｋｏｍｉｙａビル６階,2021-08-05,その他の設立登記法人
一般社団法人但東シルクロード観光協会,兵庫県豊岡市但東町出合１５０番地豊岡市役所但東庁舎内,2021-08-05,その他の設立登記法人
一般社団法人住宅研究所,大阪府大阪市北区東天満２丁目９番１号若杉センタービル本館１４階,2021-08-05,その他の設立登記法人
一般社団法人全国学生ＳＤＧｓプラットフォーム,大阪府大阪市北区天満橋２丁目４番１３号,2021-08-05,その他の設立登記法人
一般社団法人創医会,東京都品川区上大崎２丁目１３番２９号ルミエール上大崎５０２号,2021-08-05,その他の設立登記法人
一般社団法人国際美容デザイン協会,広島県広島市中区千田町３丁目１番１０号,2021-08-05,その他の設立登記法人
一般社団法人愛知マンションリノベーション機構,愛知県名古屋市千種区南明町２丁目６５番地,2021-08-05,その他の設立登記法人
一般社団法人日本メンズヨガ協会,東京都渋谷区本町３丁目２番１０号Ｃｏｎｓｏｌａｒｅ７１０,2021-08-05,その他の設立登記法人
一般社団法人日本ＢＮＣＴ臨床腫瘍学会,大阪府高槻市大学町２番７号,2021-08-05,その他の設立登記法人
一般社団法人日比谷蓮愚狼事務所,東京都港区赤坂２丁目５－８ヒューリックＪＰ赤坂ビル３Ｆ,2021-08-05,その他の設立登記法人
一般社団法人東灌森稲荷神社,東京都北区東田端１丁目１１番１号,2021-08-05,その他の設立登記法人
一般社団法人横須賀ワールドフレンドシップ協会,神奈川県横須賀市浦賀１丁目８番３号,2021-08-05,その他の設立登記法人
一般社団法人花つばき,岡山県新見市高尾２３２番地２,2021-08-05,その他の設立登記法人
一般社団法人香川バレーボールプロモーション,香川県高松市鶴市町６８６番地１,2021-08-05,その他の設立登記法人
一般社団法人ＡＧＥ健美食協会,東京都港区浜松町２丁目２番１５号浜松町ダイヤビル２Ｆ,2021-08-05,その他の設立登記法人
一般社団法人ＡＰＧ　Ａｓｓｅｔ,東京都千代田区霞が関３丁目２番５号,2021-08-05,その他の設立登記法人
一般社団法人ＡＰＧ　Ｈｏｌｄｉｎｇｓ,東京都千代田区霞が関３丁目２番５号,2021-08-05,その他の設立登記法人
一般社団法人ＡＷＡプロジェクト,三重県多気郡大台町下楠５４６－６,2021-08-05,その他の設立登記法人
一般社団法人ｋｉｍｏｎｏ　ｄｒｅｓｓｅｒ　ｍｅｔｈｏｄ着付士支援機構,奈良県奈良市西木辻町２４７,2021-08-05,その他の設立登記法人
三州フォーク株式会社,鹿児島県鹿児島市下荒田４丁目８番９号,2021-08-05,株式会社
上泉合同会社,静岡県焼津市上泉６１２番地２５５,2021-08-05,合同会社
下舞Ｆｏｏｄ　Ｓａｆｅｔｙ　Ｃｏｎｓｕｌｔｉｎｇ株式会社,千葉県我孫子市天王台２丁目１４番１７号,2021-08-05,株式会社
不動開発合同会社,石川県河北郡内灘町字アカシア１丁目９９番地,2021-08-05,合同会社
中央朝日マネジメント株式会社,愛知県名古屋市熱田区金山町１丁目５番２号,2021-08-05,株式会社
五光電設株式会社,大阪府堺市堺区大浜南町３丁１番５８号,2021-08-05,株式会社
佐藤建設株式会社,宮崎県東臼杵郡門川町西栄町１丁目３番２４号,2021-08-05,株式会社
便利屋シェビー株式会社,千葉県市川市日之出１３番１０－２０７号,2021-08-05,株式会社
信頼デジ合同会社,東京都江戸川区東小松川４丁目５４番８－３０７号,2021-08-05,合同会社
先進ＨＩＭＡＫＵ株式会社,広島県広島市東区光町１丁目１２番２０号４Ｆ,2021-08-05,株式会社
光電商事株式会社,埼玉県鴻巣市緑町３番１３号,2021-08-05,株式会社
匠瓦葺工業株式会社,大阪府泉佐野市長滝２０５２番地の２,2021-08-05,株式会社
医療法人森歯会,大阪府門真市江端町１３番２３号,2021-08-05,その他の設立登記法人
医療法人社団そが歯科クリニック,岡山県岡山市中区赤田２３９番地１６,2021-08-05,その他の設立登記法人
医療法人開名,大阪府東大阪市鴻池元町１１番４号,2021-08-05,その他の設立登記法人
南山株式会社,京都府京都市右京区嵯峨鳥居本北代町５１－２,2021-08-05,株式会社
友建興業株式会社,宮城県名取市小塚原字田中５０番地,2021-08-05,株式会社
司法書士法人ごんとう事務所,岩手県北上市本通り３丁目２番１５号,2021-08-05,その他の設立登記法人
司法書士法人ミライ,東京都葛飾区東金町１丁目２２番６号金町セントラルビル３階,2021-08-05,その他の設立登記法人
司法書士法人ＫＡＩＤＯ法務事務所,大阪府大阪市中央区南船場２丁目８番１１号５階,2021-08-05,その他の設立登記法人
合同会社あおぞらマネジメント,栃木県宇都宮市今泉町３００３番地８,2021-08-05,合同会社
合同会社こりとま,神奈川県横浜市港北区篠原台町６番９号,2021-08-05,合同会社
合同会社さつま会計,鹿児島県鹿児島市武岡３丁目３５－１０,2021-08-05,合同会社
合同会社さわやかホーム,大阪府豊中市向丘１丁目７番１５－５０７号,2021-08-05,合同会社
合同会社すがわら,東京都中央区晴海３丁目６番８－１４０４号,2021-08-05,合同会社
合同会社にじいろ,宮崎県都城市山田町中霧島３１５３番地３,2021-08-05,合同会社
合同会社はるあき,沖縄県那覇市字国場１０７２番地１、２階,2021-08-05,合同会社
合同会社まごころ,大阪府羽曳野市古市７丁目６番８号,2021-08-05,合同会社
合同会社まめおひ,宮城県柴田郡大河原町字新東６番地１９,2021-08-05,合同会社
合同会社ゆうひ,北海道札幌市東区東苗穂九条１丁目７番５号,2021-08-05,合同会社
合同会社アットホームＨＡＲＥＴＥ,宮崎県都城市都原町３３４７番地１７,2021-08-05,合同会社
合同会社エスレコ,神奈川県横浜市港南区港南３丁目２０番１３号,2021-08-05,合同会社
合同会社エース,兵庫県揖保郡太子町東出２１６－５,2021-08-05,合同会社
合同会社オクトデザイン,兵庫県神戸市中央区磯辺通１丁目１－２０ＫＯＷＡビル１Ｆ,2021-08-05,合同会社
合同会社クラシゴト,東京都八王子市片倉町１０３９番地１９,2021-08-05,合同会社
合同会社クリスタリゼ,長崎県長崎市西北町２９番６－２０２号,2021-08-05,合同会社
合同会社グローバルサポート,東京都目黒区南３丁目２番１号－３１０号エコロジー都立大学レジデンス,2021-08-05,合同会社
合同会社ケイエムクラフト,神奈川県中郡二宮町緑が丘１丁目６番地の４,2021-08-05,合同会社
合同会社ゴールドベル,大分県別府市大字南立石１９３５番地の２３,2021-08-05,合同会社
合同会社サツマプロ,鹿児島県鹿児島市原良１丁目１６番２２原良第一マンション５０７号,2021-08-05,合同会社
合同会社サルダ,大阪府大阪市住吉区万代６丁目８番２１号帝塚山南４０９号,2021-08-05,合同会社
合同会社サン・エヌコーポレーション,沖縄県宜野湾市伊佐３丁目１５番２０号,2021-08-05,合同会社
合同会社シカク,大阪府大阪市此花区梅香１丁目６番１３号,2021-08-05,合同会社
合同会社シマダ,山梨県甲府市住吉５丁目２０番２５号,2021-08-05,合同会社
合同会社シーランド,東京都港区六本木７丁目１２番１１号,2021-08-05,合同会社
合同会社ジェイド,兵庫県神戸市中央区下山手通３丁目１５－１０,2021-08-05,合同会社
合同会社ダイコク,大阪府寝屋川市大利元町１０番６号,2021-08-05,合同会社
合同会社チャーズ,岡山県岡山市北区久米３４９番地,2021-08-05,合同会社
合同会社テッテミール,兵庫県川西市大和東５丁目６１番地の１,2021-08-05,合同会社
合同会社トクダ,沖縄県那覇市樋川２丁目２番２号,2021-08-05,合同会社
合同会社トムス,埼玉県さいたま市南区大字大谷口１３７１番地５,2021-08-05,合同会社
合同会社トルチュ,大阪府枚方市西禁野２丁目３０番６号,2021-08-05,合同会社
合同会社ネクストソートエデュケーション,東京都豊島区東池袋１丁目４７番７号木村ビル２階,2021-08-05,合同会社
合同会社ハロールフィ,東京都台東区上野３丁目７番１０－２０３号室,2021-08-05,合同会社
合同会社パンダオフィス,大阪府大阪市此花区酉島３丁目１８番２３号,2021-08-05,合同会社
合同会社ファミリータイズ,神奈川県鎌倉市手広４丁目３７番２２号,2021-08-05,合同会社
合同会社フェアリーアイ,長崎県長崎市畝刈町１６１３番地３４２,2021-08-05,合同会社
合同会社フォースネクスト,長野県上伊那郡宮田村６６９４番地,2021-08-05,合同会社
合同会社プライマルケア,東京都葛飾区立石８丁目４４－１５飯島方,2021-08-05,合同会社
合同会社ヤモリプロジェクト,大分県大分市久原北１２番１号,2021-08-05,合同会社
合同会社ライズ,岡山県岡山市南区あけぼの町２３番１１号,2021-08-05,合同会社
合同会社ラ・ルーチェ,長野県松本市野溝西２丁目８番４８号,2021-08-05,合同会社
合同会社リゾルブ,静岡県富士市厚原２６２番地１８,2021-08-05,合同会社
合同会社ルノン,鹿児島県鹿児島市下伊敷１丁目５０番３０号,2021-08-05,合同会社
合同会社中央建希,宮城県富谷市とちの木２丁目６番１６号,2021-08-05,合同会社
合同会社中村モ－タ－ス,東京都練馬区大泉町１丁目３０番３号,2021-08-05,合同会社
合同会社中研トラスト,静岡県浜松市北区東三方町４７７番地の１１,2021-08-05,合同会社
合同会社丸翔工業,北海道苫小牧市大成町１丁目１４－４－１４０７,2021-08-05,合同会社
合同会社凰,沖縄県那覇市首里山川町１丁目８７番地１,2021-08-05,合同会社
合同会社南條会計,愛知県春日井市岩成台５丁目３番地３,2021-08-05,合同会社
合同会社吉橘,東京都杉並区和泉４丁目３４番４号,2021-08-05,合同会社
合同会社喜屋,東京都清瀬市元町１丁目８番２６－１３０１号,2021-08-05,合同会社
合同会社多美,神奈川県横浜市都筑区茅ケ崎東１丁目４番３号,2021-08-05,合同会社
合同会社小田水産,山口県萩市大字椿東５３００番地,2021-08-05,合同会社
合同会社展豊,大阪府大阪市西淀川区歌島１丁目１９番１７号,2021-08-05,合同会社
合同会社山本企画,神奈川県横浜市泉区緑園６丁目１－１４緑園フェンテ４０２,2021-08-05,合同会社
合同会社山野勝也ステーブル,北海道新冠郡新冠町字節婦町７１番地の２０,2021-08-05,合同会社
合同会社新英工業,宮城県遠田郡涌谷町字渋江４５番地１３,2021-08-05,合同会社
合同会社瀬川事務所,広島県福山市東桜町２番１１号福山センタービル５階,2021-08-05,合同会社
合同会社田園,徳島県阿南市原ケ崎町堀川床１７－１０カントリーハイツ１０１号室,2021-08-05,合同会社
合同会社真栄,福島県いわき市錦町上中田２０９番地３,2021-08-05,合同会社
合同会社華の風,愛知県北名古屋市沖村西ノ郷１１０番地,2021-08-05,合同会社
合同会社華佑,東京都足立区扇１丁目１５番７－９０５号,2021-08-05,合同会社
合同会社訪問看護ステーションアベリア,茨城県下妻市下妻乙９４８番地１,2021-08-05,合同会社
合同会社雅,静岡県静岡市清水区南矢部９４１番地の１９,2021-08-05,合同会社
合同会社１３２,東京都板橋区板橋１丁目４９番１４号プリベーラ板橋４０２,2021-08-05,合同会社
合同会社９６ｃａｆｅ,千葉県柏市あけぼの３丁目５番１５号,2021-08-05,合同会社
合同会社ＡＰＧ　Ａｓｓｅｔ１,東京都千代田区霞が関３丁目２番５号,2021-08-05,合同会社
合同会社ＡＰＧ　Ａｓｓｅｔ２,東京都千代田区霞が関３丁目２番５号,2021-08-05,合同会社
合同会社ＡＰＧ　Ｈｏｌｄｉｎｇｓ,東京都千代田区霞が関３丁目２番５号,2021-08-05,合同会社
合同会社ＡＵＧＵＳＴ,東京都荒川区町屋７丁目１９－５尾竹橋公園スカイハイツ３０７号室,2021-08-05,合同会社
合同会社ＢＥＧＯＳ,北海道札幌市中央区南二条西２５丁目２－２４－１０１,2021-08-05,合同会社
合同会社ＢＩＧ　ＳＵＲＰＲＩＳＥ,東京都江東区豊洲２丁目５番１号,2021-08-05,合同会社
合同会社ＢＰＭコンサルティング,愛知県名古屋市東区泉１丁目１５番１４号,2021-08-05,合同会社
合同会社Ｂｅｓｔ　Ｂｕｄｄｉｅｓ,東京都世田谷区桜丘４丁目２４番１９号,2021-08-05,合同会社
合同会社Ｃ‐ＣＬＯＵＤ,沖縄県島尻郡南風原町字照屋２５３－１東宝ビル３－３０１,2021-08-05,合同会社
合同会社ＣＨＬＯＲＯ,千葉県八街市榎戸６８０－２１－２０２,2021-08-05,合同会社
合同会社ＣＰＭ,兵庫県神戸市中央区中山手通１丁目２１番１３号６階,2021-08-05,合同会社
合同会社ＣＲＥＳＴＡＴＥ,福岡県福岡市南区横手南町３２番１号,2021-08-05,合同会社
合同会社ＣａｓａＢｌａｎｃａ,大分県佐伯市大字長良３０３番地１,2021-08-05,合同会社
合同会社ＤＮＡ,愛知県名古屋市中川区十番町２丁目５番地,2021-08-05,合同会社
合同会社ＤＯＭＯＤＯＭＯ,兵庫県三木市別所町興治６０５番地１,2021-08-05,合同会社
合同会社ＥＩＧＨＴ　ｐｌｕｓ　Ｆａｃｔｏｒｙ,兵庫県豊岡市中央町５番４２号,2021-08-05,合同会社
合同会社Ｅａｒｔｈ,兵庫県神戸市兵庫区荒田町１丁目１８番１号,2021-08-05,合同会社
合同会社ＦＩＲＳＴ　ＣＬＡＳＳ,群馬県桐生市新里町板橋３２８番地７,2021-08-05,合同会社
合同会社ＦＲＯＮＴＩＥＲＢＡＧ,東京都世田谷区駒沢４丁目３５番２号,2021-08-05,合同会社
合同会社Ｆａｎｓ,神奈川県川崎市川崎区四谷上町１２番２号,2021-08-05,合同会社
合同会社Ｆａｎｔａｓｙ　Ｆａｃｔｏｒｙ,東京都北区浮間１丁目１番１４号リムジンビル３１９,2021-08-05,合同会社
合同会社ＧＮ,東京都江東区亀戸５丁目６番２１号ＵＩＷ９ＢＬＤＧ４Ｆ２０号,2021-08-05,合同会社
合同会社ＨＥＫＩ．ＣＯＭ,熊本県下益城郡美里町三和３２４番地,2021-08-05,合同会社
合同会社Ｈａｎｅｕｌ,神奈川県横浜市戸塚区秋葉町２５３番地２４６,2021-08-05,合同会社
合同会社ＩＮＳ,三重県四日市市ときわ２丁目１０番１号,2021-08-05,合同会社
合同会社ＩＮＳＴＥＡＤ,長崎県長崎市かき道２丁目１２番１０号,2021-08-05,合同会社
合同会社ＩＴ　Ｒｅ－Ｌｉｆｅ,大阪府大阪市西淀川区姫里３丁目４番２０－４０１号,2021-08-05,合同会社
合同会社ＪＰＳインベストメント,岡山県倉敷市中島１６３０番地１（２０１）,2021-08-05,合同会社
合同会社Ｊａｐａｎ　Ｒｅｇｅｎｅｒａｔｉｏｎ　Ｆｕｎｄ,東京都港区南青山２丁目２番１５号ウィン青山１２１４号,2021-08-05,合同会社
合同会社ＫＡＫＥＨＡＳＨＩ,東京都西東京市ひばりが丘１丁目６番１５号グリーンラークひばりが丘３０３号,2021-08-05,合同会社
合同会社ＫＨＭ,千葉県市川市欠真間２丁目２４番１６号,2021-08-05,合同会社
合同会社ＫＴＳ,沖縄県浦添市大平２丁目２０番１－５１８号レジデンスたくし,2021-08-05,合同会社
合同会社ＫｔＦ,山口県宇部市黒石北２丁目４番２６号,2021-08-05,合同会社
合同会社ＬＧ,愛知県一宮市新生１丁目７番３号,2021-08-05,合同会社
合同会社ＬＬビーンズ,富山県富山市掛尾町４６８番地,2021-08-05,合同会社
合同会社ＬＶＣ．,東京都台東区元浅草３丁目１番３号サンライズ・メゾン１０２,2021-08-05,合同会社
合同会社ＭＳエステート,愛知県春日井市大手町１１２２番地・１１２３番地合併地,2021-08-05,合同会社
合同会社ＮＡＹＵＴＡ,大阪府松原市阿保６丁目７番１１－２０２号,2021-08-05,合同会社
合同会社ＯＺ,東京都練馬区東大泉１丁目１０番１８号,2021-08-05,合同会社
合同会社Ｐｒｉｍｅ　Ｓｔｏｒｙ,三重県津市一身田上津部田１４８８番地７３,2021-08-05,合同会社
合同会社ＲＯＨＬＦ,沖縄県宜野湾市字宇地泊７０１番地ＮＤビル３０２号,2021-08-05,合同会社
合同会社Ｒｅ　Ｃｏｍｍｅｎｄ,千葉県千葉市花見川区朝日ケ丘３丁目１８番３号,2021-08-05,合同会社
合同会社Ｓ－ＰＯＲＴ,大阪府大阪市西区北堀江１丁目１７番１号,2021-08-05,合同会社
合同会社ＳＯＵＡＩ,宮城県登米市南方町瀬川２９番地１,2021-08-05,合同会社
合同会社Ｓｋｙ　Ｌａｂｏ,東京都中央区銀座１丁目２２番１１号銀座大竹ビジデンス２階,2021-08-05,合同会社
合同会社Ｓｕｙａｂ,茨城県土浦市桜町２丁目１１番１０号グリーンパーク土浦２・１０１号室,2021-08-05,合同会社
合同会社Ｔ・Ｙコーポレーション,福島県いわき市若葉台２丁目２５番地１１,2021-08-05,合同会社
合同会社Ｔ＆Ｍ,愛知県名古屋市中区葵１丁目２２番１４号村上ビル３０１,2021-08-05,合同会社
合同会社ＴＤＲ,山形県東村山郡山辺町大字山辺２３４番地１,2021-08-05,合同会社
合同会社ＴＯＲＡ,東京都大田区中央５丁目６番１９号,2021-08-05,合同会社
合同会社ＵＲＧ,岐阜県揖斐郡大野町大字大衣斐字村ノ内前１８７番３,2021-08-05,合同会社
合同会社ＶＥＮＴＵＳ,大阪府大阪市西区南堀江２丁目３－２４ＳＡＫＡＩ－ＢＭ南堀江７０３号室,2021-08-05,合同会社
合同会社ＷＩＬＬ　ＷＥＡＶＥ,埼玉県さいたま市中央区上落合４丁目１２番１０－５０２号,2021-08-05,合同会社
合同会社ＹＩカンパニー,東京都港区南青山３丁目１５番９号ＭＩＮＯＷＡ表参道３Ｆ,2021-08-05,合同会社
合同会社ＺｉＮｉＡ,北海道札幌市中央区南四条西５丁目４番地１シャンゼリゼ・ビル３Ｆ,2021-08-05,合同会社
合同会社ｌｉｎｄｏ,東京都墨田区八広３丁目３７番９－４０１号,2021-08-05,合同会社
和泉堂株式会社,東京都杉並区和泉２丁目４４番２２号,2021-08-05,株式会社
咲楽合同会社,長崎県長崎市小江原２丁目２３番１６－４０４号,2021-08-05,合同会社
国際伊豆観光株式会社,静岡県伊東市吉田１００６番地,2021-08-05,株式会社
土地家屋調査士法人おさだ,静岡県静岡市駿河区青木８０２番地の１,2021-08-05,その他の設立登記法人
土地家屋調査士法人ごんとう事務所,岩手県北上市本通り３丁目２番１５号,2021-08-05,その他の設立登記法人
土地家屋調査士法人半嶺当徹事務所,沖縄県那覇市楚辺１丁目１７番１８号３階,2021-08-05,その他の設立登記法人
坂元左官合同会社,宮崎県北諸県郡三股町大字樺山４６３８番地５,2021-08-05,合同会社
大家工務店合同会社,徳島県名西郡神山町下分字今井１４１番地１,2021-08-05,合同会社
大登株式会社,愛知県尾張旭市井田町２丁目３７５番地,2021-08-05,株式会社
大進輸送株式会社,愛知県安城市尾崎町西向４５番地１,2021-08-05,株式会社
太平エンジニアリングサービス株式会社,東京都千代田区神田神保町２丁目４番地６３,2021-08-05,株式会社
安富株式会社,大阪府大阪市中央区高津３丁目８番１９号スター・レジデンス黒門５０２,2021-08-05,株式会社
小野総業株式会社,宮城県仙台市宮城野区白鳥１丁目８番１４号,2021-08-05,株式会社
山和地所株式会社,宮城県栗原市築館字蟹沢力石７番地,2021-08-05,株式会社
山崎建築株式会社,岐阜県高山市緑ケ丘町１丁目３３番地,2021-08-05,株式会社
山崎電気株式会社,神奈川県川崎市川崎区藤崎１丁目１番１１－２号,2021-08-05,株式会社
山隂製糸株式會社,鳥取県倉吉市福吉町５７番屋敷,2021-08-05,株式会社
岡本商店株式会社,滋賀県蒲生郡日野町大字北脇日野第二工業団地三丁目１番２号,2021-08-05,株式会社
帥龍株式会社,東京都八王子市元横山町１丁目１７番９号,2021-08-05,株式会社
常盤橋アドバイザリー株式会社,東京都中央区日本橋室町１丁目１番４号,2021-08-05,株式会社
応志鉱業株式会社,京都府京都市山科区四ノ宮小金塚８番地８１０,2021-08-05,株式会社
成光株式会社,東京都千代田区岩本町１丁目２番１３号渡東ビルディング３Ｆ,2021-08-05,株式会社
放射線測定計算株式会社,千葉県市川市高谷１丁目７番１１号,2021-08-05,株式会社
敬商フィックス株式会社,岐阜県多治見市市之倉町１３丁目８３番地の５６７,2021-08-05,株式会社
新陽金属株式会社,兵庫県神戸市西区神出町田井１１４８番地の１,2021-08-05,株式会社
日本人財サポート合同会社,徳島県吉野川市鴨島町鴨島１６１番地５,2021-08-05,合同会社
明城環境株式会社,京都府宇治市槇島町南落合３番地の７３,2021-08-05,株式会社
有限会社中国創業,岡山県倉敷市四十瀬３０８番地の８,2021-08-05,有限会社
有限会社大勝総業,福井県大野市新町１番２号,2021-08-05,有限会社
朝極株式会社,埼玉県朝霞市三原１丁目２番３０－４０６号,2021-08-05,株式会社
本田印刷株式会社,宮城県仙台市若林区六丁の目西町３番５号,2021-08-05,株式会社
札幌パン工房株式会社,北海道札幌市中央区南九条西２０丁目１番３０号,2021-08-05,株式会社
東陽ホールディングス株式会社,東京都荒川区西日暮里２丁目２６番１０－９Ｆ,2021-08-05,株式会社
松原板金株式会社,京都府相楽郡精華町大字北稲八間小字中垣外２６番地,2021-08-05,株式会社
栄生ライフサービス株式会社,群馬県甘楽郡下仁田町大字馬山２８５５番地,2021-08-05,株式会社
株式会社いち花,宮崎県延岡市旭ケ丘４丁目２番地３１,2021-08-05,株式会社
株式会社おうちの窓口,静岡県浜松市南区本郷町１３５６番地の４,2021-08-05,株式会社
株式会社おおぎみファーム,沖縄県国頭郡大宜味村字喜如嘉４３６番地,2021-08-05,株式会社
株式会社かもな,徳島県徳島市名東町１丁目２０３－１,2021-08-05,株式会社
株式会社きずな,山口県山口市湯田温泉２丁目９番３０号,2021-08-05,株式会社
株式会社きたむら,東京都世田谷区給田３丁目３２番５号,2021-08-05,株式会社
株式会社きのこ,京都府京丹後市弥栄町鳥取１９００番地,2021-08-05,株式会社
株式会社きよみずや,東京都大田区蒲田５丁目２１番１２号Ｂ２Ｆ－７号,2021-08-05,株式会社
株式会社じわら,東京都江東区平野１丁目１番１１号ＣＯＣＯハウス清澄３Ａ,2021-08-05,株式会社
株式会社たその会社,東京都港区南青山２丁目２番１５号ウィン青山９４２,2021-08-05,株式会社
株式会社たつま,東京都西東京市東伏見４丁目２番１８号,2021-08-05,株式会社
株式会社たもつ工業,東京都青梅市新町５丁目４８番地の５,2021-08-05,株式会社
株式会社ちゅらしんか,沖縄県沖縄市中央１丁目４番１４号,2021-08-05,株式会社
株式会社てるかね,千葉県市川市湊新田２丁目９番２１号,2021-08-05,株式会社
株式会社はくと建設,京都府京都市伏見区淀美豆町３２４番地４６,2021-08-05,株式会社
株式会社ほしいも工房ふたかわ,茨城県ひたちなか市大字三反田９０４番地１,2021-08-05,株式会社
株式会社まめなとうふ店,東京都杉並区松庵３丁目３８番２０号,2021-08-05,株式会社
株式会社みなと,埼玉県さいたま市緑区大字三室２３６１番地１２,2021-08-05,株式会社
株式会社わさび,愛知県半田市東本町１丁目１－１,2021-08-05,株式会社
株式会社アイシス,東京都大田区東六郷１丁目１５番１２－５０４号,2021-08-05,株式会社
株式会社アイバ美装,愛知県名古屋市港区港陽３丁目１０番１５号,2021-08-05,株式会社
株式会社アイ・ソーイング,広島県三原市港町１丁目５番１９号,2021-08-05,株式会社
株式会社アクシズ,北海道美唄市大通西一条南３丁目１番２号,2021-08-05,株式会社
株式会社アグリ筒川,京都府与謝郡伊根町字菅野１１３０番地の１,2021-08-05,株式会社
株式会社アセッツ,茨城県水戸市大塚町８３８番地の２,2021-08-05,株式会社
株式会社アソート・ワーク,神奈川県大和市大和東３丁目３番１５号,2021-08-05,株式会社
株式会社アドバンスインターナショナル,大阪府大阪市北区天満２丁目６番３号コープ野村天満橋１１４,2021-08-05,株式会社
株式会社アマモスラパス,東京都品川区南大井３丁目８番１８号,2021-08-05,株式会社
株式会社アミノメ,神奈川県川崎市中原区上小田中３丁目２９番２－４５４号,2021-08-05,株式会社
株式会社アムリンク,東京都渋谷区神宮前２丁目３４番１７号,2021-08-05,株式会社
株式会社アラート,大阪府大阪市西成区北津守４丁目３番６号,2021-08-05,株式会社
株式会社アルブル企画,東京都国立市富士見台２丁目３５番地の２,2021-08-05,株式会社
株式会社アルマコ,東京都千代田区外神田４丁目１４－１秋葉原ＵＤＸ４Ｆ・ＬＩＦＯＲＫ秋葉原Ｒ１８,2021-08-05,株式会社
株式会社アレグリアス,愛知県名古屋市昭和区滝子通１丁目２番地の２シティコーポ滝子通４１０号,2021-08-05,株式会社
株式会社アンビズホーム,愛知県名古屋市中村区則武２丁目１５番１２号,2021-08-05,株式会社
株式会社ア・スターズ,愛知県津島市神守町字下町１３１番１,2021-08-05,株式会社
株式会社アーバンオフィス,東京都大田区西馬込２丁目１４番３号,2021-08-05,株式会社
株式会社イサミホールディングス,東京都渋谷区渋谷２丁目１２番１２号,2021-08-05,株式会社
株式会社イデアル,兵庫県加古郡稲美町中村１３９２番地の１７,2021-08-05,株式会社
株式会社イブキ,神奈川県川崎市宮前区神木本町４丁目９－１－２,2021-08-05,株式会社
株式会社イースター,東京都江戸川区中央３丁目７番１０号２Ｂ,2021-08-05,株式会社
株式会社ウィズブレイン,和歌山県和歌山市数寄屋丁２番地１,2021-08-05,株式会社
株式会社ウニドリーム,宮城県仙台市青葉区国分町３丁目１１番５号,2021-08-05,株式会社
株式会社ウルズ,大阪府豊中市上新田１丁目１０番１０号パームハイツ豊中４０１号,2021-08-05,株式会社
株式会社エクステリア技研,大阪府泉佐野市元町５番９号,2021-08-05,株式会社
株式会社エクセプショナル,東京都文京区本郷６丁目２５番１４号,2021-08-05,株式会社
株式会社エコ福,愛知県一宮市春明字西切生２３番地,2021-08-05,株式会社
株式会社エスツービー,東京都日野市西平山５丁目４１番地の７,2021-08-05,株式会社
株式会社エスティプランニング,滋賀県草津市追分２丁目１６番２６号,2021-08-05,株式会社
株式会社エス・ブイ・シーライフビューイング,宮城県仙台市青葉区中央４丁目６番１号住友生命仙台中央ビル９Ｆ,2021-08-05,株式会社
株式会社エナジー,大阪府豊中市東豊中町６丁目６番２－２０５号,2021-08-05,株式会社
株式会社エフアーキテック,大阪府豊中市中桜塚１丁目２３番２８－４１１号,2021-08-05,株式会社
株式会社エフケン,長野県東御市和３５４８番地１３,2021-08-05,株式会社
株式会社エム・ジェイ・ケイ,宮城県仙台市青葉区国分町３丁目９番７－２４０１号,2021-08-05,株式会社
株式会社エルグブレイン,東京都中央区銀座１丁目１９番１２号,2021-08-05,株式会社
株式会社エル・ティ・ディ・エスジャポン,東京都港区六本木７丁目３番１２号六本木インターナショナルビル６Ｆ,2021-08-05,株式会社
株式会社エンサポート,愛知県名古屋市中川区富田町大字千音寺字東福正４７８３番地の８,2021-08-05,株式会社
株式会社エンバンクメント,滋賀県彦根市高宮町１１１０番地,2021-08-05,株式会社
株式会社エーエスプランニング,長野県大町市常盤６８９８番地１４,2021-08-05,株式会社
株式会社エーナ,大阪府大阪市生野区巽東２丁目１８番１９号,2021-08-05,株式会社
株式会社オペレーションラボ,東京都中央区銀座７丁目１７番２号,2021-08-05,株式会社
株式会社オン・スタイル,静岡県浜松市西区大山町４１３５番地の４,2021-08-05,株式会社
株式会社オートテクニカルロック,鹿児島県鹿児島市清和４丁目７番５０号,2021-08-05,株式会社
株式会社オートノーブル,高知県高知市葛島４丁目８番２２号,2021-08-05,株式会社
株式会社オールスタイル,東京都立川市一番町５丁目１番２号,2021-08-05,株式会社
株式会社カインドサポート,福岡県福岡市中央区天神４丁目７番１１号クレアビル４Ｆ,2021-08-05,株式会社
株式会社カカズ製作所,千葉県富里市御料１００９番地１５,2021-08-05,株式会社
株式会社キッチンカークリエイト,大阪府大阪市旭区高殿６丁目１４番３２号,2021-08-05,株式会社
株式会社キリト,大阪府和泉市唐国町１丁目１１番７号,2021-08-05,株式会社
株式会社クラシアップ,東京都品川区小山３丁目２４番１号,2021-08-05,株式会社
株式会社クラシー,大阪府大阪市淀川区十八条２丁目１６番４６－２１６号,2021-08-05,株式会社
株式会社クリエイト,宮城県仙台市太白区西多賀４丁目２６番３５号,2021-08-05,株式会社
株式会社クリーンスパート,埼玉県春日部市大沼４丁目９３－１,2021-08-05,株式会社
株式会社クーペラ,山形県米沢市栄町１番地６,2021-08-05,株式会社
株式会社グランクール,東京都立川市錦町１丁目４番４号サニービル２階,2021-08-05,株式会社
株式会社グランツ,福島県郡山市大槻町字原田５３番地３,2021-08-05,株式会社
株式会社グランディディエコンサルタント,静岡県静岡市駿河区中田２丁目８番２３－２０４号,2021-08-05,株式会社
株式会社グリーン水道サービス,茨城県水戸市五平町２００２番地の５,2021-08-05,株式会社
株式会社グリーン＆ゴールド,東京都江戸川区興宮町２６番１０号,2021-08-05,株式会社
株式会社グレースマーケティング,東京都豊島区南長崎４丁目３４－１０内ノ倉ビル１階,2021-08-05,株式会社
株式会社ケンゾウジャパン,愛知県豊橋市東脇４丁目２４番地２,2021-08-05,株式会社
株式会社ケープラス,東京都品川区南品川６丁目４番１号,2021-08-05,株式会社
株式会社コイケ不動産,愛知県一宮市大赤見２８７３番地,2021-08-05,株式会社
株式会社ココウエルネス,東京都渋谷区宇田川町１番１２‐２３１０号,2021-08-05,株式会社
株式会社コミュニケーションラボ,東京都港区浜松町２丁目２番１５号浜松町ダイヤビル２Ｆ,2021-08-05,株式会社
株式会社コントレイル,茨城県守谷市本町８３番地の１リズィエールⅡ－１０１,2021-08-05,株式会社
株式会社コーメイ,兵庫県加古川市加古川町中津６２７番地の５,2021-08-05,株式会社
株式会社ゴエン,東京都新宿区百人町３丁目７－３ベルコーポ１０２室,2021-08-05,株式会社
株式会社ゴールデンハウス,愛知県名古屋市天白区土原３丁目１２１０番地,2021-08-05,株式会社
株式会社ゴールド・２４,東京都江戸川区上篠崎２丁目２２番１５号,2021-08-05,株式会社
株式会社サイトウ設備,福島県会津若松市飯盛３丁目１５番５２号,2021-08-05,株式会社
株式会社サプライアー,山口県下関市武久町２丁目２番１１号,2021-08-05,株式会社
株式会社サリダ,宮城県登米市迫町佐沼字西佐沼１０６番地４,2021-08-05,株式会社
株式会社サンエコホールディングス,埼玉県さいたま市浦和区瀬ヶ崎２丁目１番１０号,2021-08-05,株式会社
株式会社シオンＪｒ．,東京都港区浜松町２丁目２番１５号浜松町ダイヤビル２Ｆ,2021-08-05,株式会社
株式会社シーコム,東京都足立区東伊興１丁目１６番２２号,2021-08-05,株式会社
株式会社シーサウス,徳島県海部郡海陽町多良字庄田３６番地５,2021-08-05,株式会社
株式会社ジョシュアクロージング,東京都墨田区太平２丁目１６番２号,2021-08-05,株式会社
株式会社スウェル・シー,東京都目黒区上目黒１丁目１１番１号ＯＡＫＢＬＤＧⅡ１Ｆ,2021-08-05,株式会社
株式会社スカイ,神奈川県横浜市南区永田東３丁目９番６号,2021-08-05,株式会社
株式会社スガノワークス,東京都西東京市ひばりが丘北４丁目４－２,2021-08-05,株式会社
株式会社スガワラ工業,宮城県仙台市太白区四郎丸字吹上５０番地の１０,2021-08-05,株式会社
株式会社スピリッツ,東京都豊島区池袋本町１丁目３３番１０号,2021-08-05,株式会社
株式会社スプレッドスペース,兵庫県加古川市加古川町篠原町１３番地３,2021-08-05,株式会社
株式会社スマート生活,愛知県名古屋市北区西志賀町１丁目２６番４第三伊藤ビル１階,2021-08-05,株式会社
株式会社スロークカンパニー,富山県富山市白銀町４番１８－９０２号レーベンハイム富山白銀町,2021-08-05,株式会社
株式会社センターテン,東京都北区浮間５丁目３－４３－１００８,2021-08-05,株式会社
株式会社ソレイユ,千葉県船橋市湊町２丁目８番１号,2021-08-05,株式会社
株式会社タカシ鋼材,大阪府大阪市西成区岸里１丁目３番３４号有楽ハイツ３２号室,2021-08-05,株式会社
株式会社タカハシ美装,東京都世田谷区深沢５丁目１番１６号,2021-08-05,株式会社
株式会社タパフードサービス,千葉県浦安市当代島３丁目１５番３号メゾンジン（１０２）,2021-08-05,株式会社
株式会社ダイヤモンドマ,新潟県新潟市西区小新西３丁目１０番１２号パレオⅢ２Ｆ－Ｂ,2021-08-05,株式会社
株式会社ダッカ宮殿,東京都羽村市神明台１丁目１６番２号,2021-08-05,株式会社
株式会社ダック・アンド・ポンダーズ,東京都千代田区外神田４丁目９番２号千住ビル５,2021-08-05,株式会社
株式会社ツナグ,東京都大田区東糀谷４丁目１０番４－４０４号,2021-08-05,株式会社
株式会社ティガ,東京都墨田区緑４丁目４０番１－４０５号,2021-08-05,株式会社
株式会社ティーアップ,広島県広島市中区八丁堀１５番６号,2021-08-05,株式会社
株式会社ティーエルズカンパニー,茨城県土浦市小松１丁目１６番３０号,2021-08-05,株式会社
株式会社ティーケープランニング,茨城県取手市戸頭１０４６番地１２,2021-08-05,株式会社
株式会社テクノメンテ,宮城県富谷市成田５丁目２２番地２８,2021-08-05,株式会社
株式会社テック,東京都渋谷区代々木１丁目４５番１０号ＮＪビル２０１号室,2021-08-05,株式会社
株式会社テン,兵庫県神戸市中央区熊内町７丁目３番１１－４０１号,2021-08-05,株式会社
株式会社ディバイン,埼玉県さいたま市中央区上落合３丁目２番１号,2021-08-05,株式会社
株式会社デプロイネイチャー,北海道紋別郡西興部村字上興部１２１番地,2021-08-05,株式会社
株式会社トムフーズ,埼玉県越谷市北越谷１丁目２番１１号,2021-08-05,株式会社
株式会社トラストテック,岐阜県高山市松本町８０番地１,2021-08-05,株式会社
株式会社トロイ,福岡県福岡市西区今津４８０１番地６５,2021-08-05,株式会社
株式会社ドットクルー,鳥取県米子市福市５９４－１,2021-08-05,株式会社
株式会社ドリームｐｌｕｓ,山口県宇部市あすとぴあ５丁目１５番３号,2021-08-05,株式会社
株式会社ナカガミエキマエ,東京都昭島市朝日町３丁目２番１号コスモスビル１Ｆ,2021-08-05,株式会社
株式会社ナガオ,大阪府松原市高見の里６丁目２５番３０号,2021-08-05,株式会社
株式会社ナンバー腕,沖縄県島尻郡南風原町字山川４３３番地,2021-08-05,株式会社
株式会社ニュートラル,大阪府大阪市中央区南本町２丁目４－１６本町デビスビル７階,2021-08-05,株式会社
株式会社ネイロス,大阪府大阪市淀川区西宮原１丁目８番３３号日宝新大阪第２ビル２階－７号室,2021-08-05,株式会社
株式会社ネクサイト,埼玉県久喜市江面３９９番地１,2021-08-05,株式会社
株式会社ネクストステージ,大阪府大阪市旭区新森４丁目１９番１０号,2021-08-05,株式会社
株式会社ネクストデリ,東京都世田谷区鎌田１丁目２０番９号,2021-08-05,株式会社
株式会社ノア興業,東京都葛飾区柴又４丁目２３番地３号,2021-08-05,株式会社
株式会社ノースウェルズファーム,神奈川県横浜市瀬谷区三ツ境８番地１北井産業ビル３Ｆ,2021-08-05,株式会社
株式会社ハイハーバー,長野県松本市波田８３１番地,2021-08-05,株式会社
株式会社ハラダ,埼玉県上尾市本町２丁目１２番１８号,2021-08-05,株式会社
株式会社ハートフルリフォーム,東京都江戸川区東小岩６丁目２３番５号,2021-08-05,株式会社
株式会社バードアイ,愛知県春日井市下屋敷町字知光院２８番地１５,2021-08-05,株式会社
株式会社パッソカンパニー,栃木県足利市中川町３６３６番地２９,2021-08-05,株式会社
株式会社パレハ,東京都北区滝野川６丁目６６番５号,2021-08-05,株式会社
株式会社パートナー,東京都台東区松が谷１丁目４番４号中央スカイビル４Ｆ,2021-08-05,株式会社
株式会社パートナーワン,福岡県福岡市西区姪浜駅南１丁目４番１号６０２号室,2021-08-05,株式会社
株式会社ヒルズカフェ,長野県飯田市本町１丁目１５番地,2021-08-05,株式会社
株式会社ヒロアキ塗装,広島県呉市焼山宮ヶ迫１丁目２２番１５号,2021-08-05,株式会社
株式会社ヒロセ電工,山口県周南市大字米光２５９番地の２５,2021-08-05,株式会社
株式会社ビッグインサイド,東京都中央区銀座１丁目１２番４号Ｎ＆Ｅ．ＢＬＤ．７階,2021-08-05,株式会社
株式会社ビーエムプロデュース,大阪府大阪市中央区心斎橋筋１丁目８－３心斎橋ＰＡＲＣＯ４階ＳｋｉｉＭａ,2021-08-05,株式会社
株式会社ビークス,東京都江戸川区北小岩２丁目３２－７,2021-08-05,株式会社
株式会社ファニー,東京都大田区大森北１丁目１１番５号登丸ビル５階,2021-08-05,株式会社
株式会社ファースト設備,兵庫県神戸市兵庫区塚本通８丁目１番２９－３０８号,2021-08-05,株式会社
株式会社ファーマーズ・マーケット・ハウジング,神奈川県座間市東原３丁目６番５号,2021-08-05,株式会社
株式会社フェイト,大阪府大阪市港区弁天４丁目１３番２３－１０７号,2021-08-05,株式会社
株式会社フォーベル,兵庫県姫路市広畑区東新町１丁目４０日曜大工センタービル２Ｆ,2021-08-05,株式会社
株式会社フクワエステート,愛知県名古屋市中区栄５丁目２６番３９号ＧＳ栄ビル３Ｆ,2021-08-05,株式会社
株式会社フジモト,東京都中央区銀座１丁目１２ー４Ｎ＆ＥＢＬＤ．７階,2021-08-05,株式会社
株式会社フュージョンプラス,東京都千代田区二番町１１－１７－３０１,2021-08-05,株式会社
株式会社フロムエッグ,東京都新宿区新宿３丁目１２番４号新宿Ｎタウンプラザ３０９号,2021-08-05,株式会社
株式会社ブレイヴグランツ,北海道札幌市白石区東米里２０２９番地４,2021-08-05,株式会社
株式会社プッシュワン,広島県広島市安佐南区中須１丁目１２番２１号,2021-08-05,株式会社
株式会社プラス,神奈川県大和市中央２丁目７番３号高木ビル４Ｆ,2021-08-05,株式会社
株式会社プレイウィル,埼玉県川越市霞ケ関東１丁目２番地２（レジデンス．コスモスⅠ３０１号室）,2021-08-05,株式会社
株式会社プロコム,埼玉県比企郡吉見町大字江和井１６４４番地３,2021-08-05,株式会社
株式会社ベストフィールド,福岡県八女市本村７９８番地１,2021-08-05,株式会社
株式会社ホクサン,北海道古宇郡神恵内村大字珊内村４番地３,2021-08-05,株式会社
株式会社マツモト工芸,鹿児島県肝属郡南大隅町根占川北１２７４番地,2021-08-05,株式会社
株式会社マツモト建装,埼玉県八潮市茜町１丁目５番地１ＫＩＴＴＯⅡ１０３,2021-08-05,株式会社
株式会社マルタケ板金,愛知県豊川市国府町清水１番地９,2021-08-05,株式会社
株式会社マルミ,和歌山県和歌山市粟４２７－１チサンマンション紀ノ川５０８,2021-08-05,株式会社
株式会社マヴーノ,大阪府大阪市都島区網島町８番２７号,2021-08-05,株式会社
株式会社ミナミ電気,京都府宇治市槇島町吹前１３０番地の５３,2021-08-05,株式会社
株式会社ミルサポート,兵庫県神戸市中央区琴ノ緒町２丁目２－７上田ビル４階,2021-08-05,株式会社
株式会社ミーティス,福井県小浜市南川町１１番１号,2021-08-05,株式会社
株式会社メイリー,山口県山口市赤妻町３番２７号,2021-08-05,株式会社
株式会社メルゲン,埼玉県草加市谷塚町８２４番地６,2021-08-05,株式会社
株式会社モアトラスト,東京都小平市御幸町３２１番地の１６,2021-08-05,株式会社
株式会社モモタロウグローバル,熊本県八代市新浜町一丁目１番４３号,2021-08-05,株式会社
株式会社ヤマコ,長野県安曇野市穂高２００９番地３,2021-08-05,株式会社
株式会社ユーテック,大阪府大阪市淀川区木川東１丁目１１番２２号昌和十三マンション２０６号,2021-08-05,株式会社
株式会社ライムライト,神奈川県横浜市旭区白根２丁目３９番１２－２号,2021-08-05,株式会社
株式会社ランのコンサル,兵庫県神戸市東灘区西岡本３丁目１９番１－１００５号,2021-08-05,株式会社
株式会社リフト,愛知県名古屋市守山区金屋１丁目８番８号グランベール新守山７０１号,2021-08-05,株式会社
株式会社リベラベル,東京都渋谷区神宮前６丁目２３番４号桑野ビル２階,2021-08-05,株式会社
株式会社リンクギア,宮城県仙台市青葉区一番町２丁目６番１号シティハウス一番町中央,2021-08-05,株式会社
株式会社ルミナスタ,大阪府大阪市中央区南船場３丁目１番７号日宝東心斎橋ビル７階,2021-08-05,株式会社
株式会社レイズグループ,愛知県名古屋市西区名駅２丁目２７番１５,2021-08-05,株式会社
株式会社レガロ,大阪府豊中市三国２丁目２番３３号,2021-08-05,株式会社
株式会社ロイヤルブロス,山梨県南アルプス市藤田２２７６番地２,2021-08-05,株式会社
株式会社ロスカコス,新潟県上越市春日山町３丁目２３番５２号,2021-08-05,株式会社
株式会社ロック．Ｉ,兵庫県西宮市名塩さくら台２丁目１番地１,2021-08-05,株式会社
株式会社ロロロ,東京都杉並区荻窪３丁目４８番８－１１０１号,2021-08-05,株式会社
株式会社ロードサイドステーション館山,千葉県館山市沼９７９番地,2021-08-05,株式会社
株式会社ワイズホーム,岐阜県美濃加茂市中部台４丁目８番地１,2021-08-05,株式会社
株式会社ワイワイハンプ,東京都荒川区南千住１丁目５６番１１号,2021-08-05,株式会社
株式会社ワンズホープ,神奈川県藤沢市辻堂２丁目４番２９－３０２号,2021-08-05,株式会社
株式会社ワークス,大阪府豊中市北緑丘２丁目１番１３－３０１号,2021-08-05,株式会社
株式会社ワークライフインテグレート,愛知県名古屋市中川区篠原橋通２丁目９番地,2021-08-05,株式会社
株式会社ワールドコンセプト,静岡県三島市南本町１１番１０号,2021-08-05,株式会社
株式会社一将,宮城県仙台市青葉区国分町１丁目６－１ルナパーク一番町ビル３Ｆ,2021-08-05,株式会社
株式会社一心,愛知県名古屋市中区伊勢山１丁目８番６号,2021-08-05,株式会社
株式会社一戸興業,東京都江戸川区一之江１丁目１６番５号,2021-08-05,株式会社
株式会社一義産業,京都府京都市南区久世大築町２１番地１５,2021-08-05,株式会社
株式会社三協サービス,長野県松本市大字松原３５番地１７,2021-08-05,株式会社
株式会社三彩堂,岡山県笠岡市笠岡２９９６番地,2021-08-05,株式会社
株式会社三成工業,福岡県福岡市早良区野芥２丁目３４番２号,2021-08-05,株式会社
株式会社上田宅建,東京都世田谷区新町１丁目２４番１７号,2021-08-05,株式会社
株式会社上野製作所,京都府京都市右京区西京極徳大寺団子田町２９番地の１０,2021-08-05,株式会社
株式会社与多喜堂,愛知県名古屋市天白区福池１丁目２７２番地,2021-08-05,株式会社
株式会社中村内装,岡山県倉敷市笹沖３４１番地６パルティール葦高１０３,2021-08-05,株式会社
株式会社丸尾ライスセンター,岡山県美作市三保原７２４番地３,2021-08-05,株式会社
株式会社住まいるプラス,大阪府枚方市中宮山戸町２番１３号１階,2021-08-05,株式会社
株式会社佐々木総業,山口県柳井市柳井７８４８番地２３,2021-08-05,株式会社
株式会社優雅,茨城県日立市日高町１丁目２８番１２号,2021-08-05,株式会社
株式会社克心建設,東京都北区滝野川３丁目４番１号,2021-08-05,株式会社
株式会社全榮,茨城県つくばみらい市中原５０番地,2021-08-05,株式会社
株式会社八ケ岳ファーム,長野県諏訪郡原村５５００番地,2021-08-05,株式会社
株式会社共信,広島県安芸郡海田町南堀川町５番２－１号,2021-08-05,株式会社
株式会社共生,兵庫県姫路市飾磨区中島字宝来３０５９番地の２３,2021-08-05,株式会社
株式会社創テック,岐阜県土岐市泉町河合５９４番地の２,2021-08-05,株式会社
株式会社医療健康科学研究所,東京都千代田区三番町５番地１９ザ・パークハウスグラン三番町１５０２,2021-08-05,株式会社
株式会社千羽鶴,東京都江東区豊洲１丁目３番２６－１１０９号,2021-08-05,株式会社
株式会社協栄企画,長野県安曇野市豊科高家１０６９番地１２,2021-08-05,株式会社
株式会社南都開発,兵庫県加古川市加古川町溝之口５０７番地,2021-08-05,株式会社
株式会社厚木総合研究所,神奈川県厚木市王子２丁目１３番１０号,2021-08-05,株式会社
株式会社吉川運送,熊本県八代市高島町４０６８番地２,2021-08-05,株式会社
株式会社和音,大阪府大阪市中央区谷町２丁目２番２２号ＮＳビル４階,2021-08-05,株式会社
株式会社塩野谷縫製,新潟県三条市東鱈田１０４６番地,2021-08-05,株式会社
株式会社壹參玖,東京都中央区日本橋人形町１丁目１番１０号麻業会館５階,2021-08-05,株式会社
株式会社夏翔,埼玉県春日部市増富２４２番地４,2021-08-05,株式会社
株式会社大澤サッシ,山形県新庄市小田島町７番１１号,2021-08-05,株式会社
株式会社大花,新潟県新潟市東区猿ケ馬場２丁目４６３番地７,2021-08-05,株式会社
株式会社実生社,京都府京都市北区大宮東小野堀町２５番地１,2021-08-05,株式会社
株式会社宮光,広島県安芸高田市吉田町上入江２０８０番地６,2021-08-05,株式会社
株式会社宮崎県北デンタル,宮崎県延岡市安賀多町４丁目１－８,2021-08-05,株式会社
株式会社家願寿,沖縄県糸満市字阿波根３６５番地の９、２階,2021-08-05,株式会社
株式会社富士工業,大阪府泉佐野市鶴原１３１６番地の２０,2021-08-05,株式会社
株式会社小田,愛知県豊橋市西小鷹野１丁目１３番地４０,2021-08-05,株式会社
株式会社小閃,東京都北区滝野川１丁目８７番７号３０１,2021-08-05,株式会社
株式会社山本不動産,東京都大田区東六郷３丁目２６番１号,2021-08-05,株式会社
株式会社山本工務店,京都府与謝郡与謝野町字三河内１２０２番地２,2021-08-05,株式会社
株式会社布施組,山梨県笛吹市境川町三椚８５２番地１,2021-08-05,株式会社
株式会社彩天堂,東京都足立区中川２丁目６番４号,2021-08-05,株式会社
株式会社志勢工業,宮崎県日向市向江町１丁目２０番地,2021-08-05,株式会社
株式会社日和機工,岐阜県岐阜市西中島３丁目１番１３号,2021-08-05,株式会社
株式会社日栄社,大阪府吹田市藤白台２丁目１３番９号,2021-08-05,株式会社
株式会社昇己,神奈川県横須賀市佐原３丁目６番１６－１０１号,2021-08-05,株式会社
株式会社星河,東京都渋谷区千駄ヶ谷３丁目５－５,2021-08-05,株式会社
株式会社朋電業,宮崎県日向市大字日知屋２４８１番地３,2021-08-05,株式会社
株式会社未佳コーポレーション,栃木県宇都宮市下岡本町４５２１番地１０,2021-08-05,株式会社
株式会社東京福祉不動産,東京都葛飾区水元４丁目２６番１３号,2021-08-05,株式会社
株式会社松壱,大阪府高槻市明田町１番７号,2021-08-05,株式会社
株式会社栄匠工房,大阪府堺市北区北花田町４丁１０２番地５,2021-08-05,株式会社
株式会社森井工業,愛知県名古屋市北区辻町３丁目２８番地,2021-08-05,株式会社
株式会社森口建設,広島県広島市東区中山鏡が丘１８番２０号,2021-08-05,株式会社
株式会社江戸一工房,東京都台東区日本堤２丁目２４番４号,2021-08-05,株式会社
株式会社浜田工務店,大阪府南河内郡河南町大字寛弘寺９５８番地の１,2021-08-05,株式会社
株式会社海,鹿児島県鹿児島市春山町１２７７番地２,2021-08-05,株式会社
株式会社渡辺工業,愛媛県新居浜市高津町３番６１号,2021-08-05,株式会社
株式会社港屋,山形県山形市小白川町３丁目１３番２１号,2021-08-05,株式会社
株式会社瀧,大阪府豊中市蛍池中町四丁目３番１３号,2021-08-05,株式会社
株式会社玉豊商事,沖縄県浦添市伊祖５丁目１１番１２号,2021-08-05,株式会社
株式会社琉佐美,沖縄県中頭郡北谷町一丁目１番地５シティコーワビル１Ｆ,2021-08-05,株式会社
株式会社真和,岐阜県海津市南濃町津屋２８３７番地１３２,2021-08-05,株式会社
株式会社石田興業,東京都文京区小石川４丁目１３番９号,2021-08-05,株式会社
株式会社竹七,京都府京都市伏見区横大路東裏町４８番地,2021-08-05,株式会社
株式会社紙和吉,東京都世田谷区代沢４丁目２３番１４号,2021-08-05,株式会社
株式会社絆志ボーリング工業,長崎県長崎市つつじが丘５丁目３番４１号,2021-08-05,株式会社
株式会社美富士,山梨県中央市成島３５０７番地８,2021-08-05,株式会社
株式会社美輝,北海道札幌市西区宮の沢一条１丁目６－１７,2021-08-05,株式会社
株式会社翔丸,鹿児島県出水郡長島町諸浦１３５７番地６,2021-08-05,株式会社
株式会社翔色建設Ｇｒｏｕｐ,神奈川県相模原市中央区田名１２１２番地１グラン・セリシール２－１０３,2021-08-05,株式会社
株式会社興縁,奈良県桜井市大字桜井３番地の１リバーヒルＭ,2021-08-05,株式会社
株式会社良工建築,埼玉県八潮市大字伊勢野３６４番地３,2021-08-05,株式会社
株式会社花枝手,兵庫県川西市加茂５丁目３－１３,2021-08-05,株式会社
株式会社茂礼,東京都品川区荏原１丁目３番２号,2021-08-05,株式会社
株式会社荒木設備,山形県山形市大野目町１９６番地８,2021-08-05,株式会社
株式会社蔵王建業,宮城県刈田郡蔵王町大字曲竹字入畑沢１番地１,2021-08-05,株式会社
株式会社薄月,東京都千代田区神田神保町３丁目１１番１号,2021-08-05,株式会社
株式会社藤井商会,長野県東御市和８６４９番地８,2021-08-05,株式会社
株式会社藤倉商事,埼玉県さいたま市岩槻区大字黒谷１９０７番地１０,2021-08-05,株式会社
株式会社藤工業所,東京都豊島区巣鴨４丁目７番４号ハウス折戸通り３０３号,2021-08-05,株式会社
株式会社西富士クレーン,静岡県富士宮市豊町７番５号,2021-08-05,株式会社
株式会社西建工業,山口県熊毛郡田布施町大字麻郷５７２番地２６,2021-08-05,株式会社
株式会社西村洋菓子店,大阪府河内長野市木戸１丁目７番１７号,2021-08-05,株式会社
株式会社谷口商店,東京都江東区潮見１丁目１６番２号,2021-08-05,株式会社
株式会社谷川建設,大阪府吹田市岸部北５丁目１０番２５号,2021-08-05,株式会社
株式会社豊晴ファーム,鹿児島県志布志市有明町野井倉１７３７番地１０,2021-08-05,株式会社
株式会社貴丸,京都府京都市南区上鳥羽南鉾立町１４番地２,2021-08-05,株式会社
株式会社超健,大阪府藤井寺市小山７丁目２２番１７号,2021-08-05,株式会社
株式会社農夢,北海道網走市字藻琴２２５番地の２４５,2021-08-05,株式会社
株式会社造家工房,三重県亀山市能褒野町２５番地２３,2021-08-05,株式会社
株式会社鍵幸,京都府京都市南区吉祥院車道町７番地２３,2021-08-05,株式会社
株式会社鎌倉彫弍陽堂,神奈川県鎌倉市坂ノ下１２番６号,2021-08-05,株式会社
株式会社長谷川土木,兵庫県小野市久保木町４７０番地の４,2021-08-05,株式会社
株式会社関山設備,兵庫県加古川市東神吉町西井ノ口２２９番地の２４,2021-08-05,株式会社
株式会社雄心,広島県竹原市下野町３３５２番地５,2021-08-05,株式会社
株式会社青と碧,東京都青梅市本町１３０番地１７,2021-08-05,株式会社
株式会社青沼ライフサポート,東京都足立区南花畑３丁目３５番１号,2021-08-05,株式会社
株式会社鞄乃荒川堂,岐阜県恵那市長島町正家２１３番地１,2021-08-05,株式会社
株式会社音和,山口県山陽小野田市日の出１丁目１１番１８－９０５号,2021-08-05,株式会社
株式会社食プロ,熊本県熊本市西区田崎町４８４番地の１０,2021-08-05,株式会社
株式会社首都圏ファイナンス,東京都渋谷区代々木１丁目３０番６号,2021-08-05,株式会社
株式会社高山,沖縄県那覇市首里末吉町１丁目１９５番地５,2021-08-05,株式会社
株式会社高橋建装,香川県観音寺市柞田町甲８３４番地７,2021-08-05,株式会社
株式会社麟,東京都北区西ケ原３丁目５２番１２号３階００１,2021-08-05,株式会社
株式会社３ｃｏｎｎｅｃｔ,東京都豊島区雑司が谷１丁目３８番地２号,2021-08-05,株式会社
株式会社９９グループ,熊本県熊本市南区城南町坂野２６０－２,2021-08-05,株式会社
株式会社Ａ　ｔｏｐ　ｃｏｒｐｏｒａｔｉｏｎ,東京都台東区東上野１丁目１８－４,2021-08-05,株式会社
株式会社ＡＣＮビルテクノサービス,東京都千代田区神田司町２丁目７番２号,2021-08-05,株式会社
株式会社ＡＤＥＳＳｉＮＧ,大阪府大阪市中央区釣鐘町１丁目６番６－２０３号,2021-08-05,株式会社
株式会社ＡＧＭ,福井県鯖江市上河端町第６号１番地３３,2021-08-05,株式会社
株式会社ＡＧｗｏｒｋｓ,愛知県豊田市西中山町十七屋４番地２４１,2021-08-05,株式会社
株式会社ＡＬＥＴＥＯ　Ｍ,大阪府大東市深野３丁目２８番３号,2021-08-05,株式会社
株式会社ＡＭｃｒｅａｔｅ,山口県防府市大字大崎９２６番地の１,2021-08-05,株式会社
株式会社ＡＳＤＦ,茨城県つくば市吾妻２丁目５番地１,2021-08-05,株式会社
株式会社ＡＴＫ,東京都板橋区東新町２丁目３８番４－２０２号,2021-08-05,株式会社
株式会社ＡＸＩＡ,栃木県宇都宮市陽東５丁目１０番２８号,2021-08-05,株式会社
株式会社ＡＸＩＳ,静岡県浜松市南区高塚町２３１５番地の４,2021-08-05,株式会社
株式会社ＡｃｔＯｎｅ,山口県宇部市大小路３丁目５番２号,2021-08-05,株式会社
株式会社Ａｉｔｈｒａ,福井県敦賀市若葉町３丁目１１２１番地の３ＷＡＫＡＳＡＨＯＵＳＥ２Ｆ,2021-08-05,株式会社
株式会社Ａｐｐａｒｅｌ　ＡＣＴ,広島県府中市中須町３４８番地７,2021-08-05,株式会社
株式会社Ａｒｃａｎａ製作所,長野県東御市田中１７８－２,2021-08-05,株式会社
株式会社Ａｒｚｕ　Ｂｅａｕｔｙ　Ｃａｒｅ,香川県善通寺市木徳町１１６５番地１,2021-08-05,株式会社
株式会社Ａｓｕｋａ　Ｆｉｔ,埼玉県さいたま市大宮区桜木町１丁目７番５号ソニックシティビル１６階,2021-08-05,株式会社
株式会社Ａｕｔｏ　Ｈｕｂ　Ｃｅｙｌｏｎ,千葉県八街市八街ろ９５番地１９０,2021-08-05,株式会社
株式会社ＢＡＢＯＮＧ,広島県安芸郡府中町柳ケ丘８番２４－７０４号,2021-08-05,株式会社
株式会社ＢＥＬＬＥＷＥＬＬ,愛知県日進市岩崎町芦廻間１１２－１１４１－Ｂ,2021-08-05,株式会社
株式会社ＢＬＡＮＣＡ,愛知県刈谷市司町５丁目７３番地３,2021-08-05,株式会社
株式会社ＢＭＡＸ,大阪府豊中市中桜塚１丁目２３番１０号００３号,2021-08-05,株式会社
株式会社ＢＯＮＤ　ＣＲＥＡＴＩＯＮ,東京都世田谷区若林４丁目３３番１４－５１３号,2021-08-05,株式会社
株式会社ＢＯＺＵＢＯＮＤ,福岡県宗像市赤間駅前１丁目９番１６号,2021-08-05,株式会社
株式会社ＢＴＦ,愛知県名古屋市南区上浜町１９４番地１０３,2021-08-05,株式会社
株式会社ＢａｃｋＢｏｎｅ,神奈川県小田原市本町２丁目１３番１５号第八セントラルビル小田原１階Ａ,2021-08-05,株式会社
株式会社Ｂｅｅｗｏｒｋｉｎｇ,大分県杵築市山香町大字向野２２５２－１,2021-08-05,株式会社
株式会社Ｂｅｌｉｆｅ,東京都世田谷区大原２丁目１８番１９号ポルトダイタバシ２０２,2021-08-05,株式会社
株式会社Ｂｌｏｏｍ,東京都大田区大森東１丁目９番３号,2021-08-05,株式会社
株式会社Ｂｌｏｏｍ,東京都立川市高松町３丁目２６番１６号,2021-08-05,株式会社
株式会社Ｂｒｅａｋ　ｍａｋｅｒ,鹿児島県鹿児島市下荒田１丁目４４番１０－４０５号,2021-08-05,株式会社
株式会社Ｃ・Ｔ・Ｗ,千葉県流山市駒木５７７番地４,2021-08-05,株式会社
株式会社ＣＨＬ,東京都中央区銀座７丁目３番７号ブランエスパ銀座１１階ＴＨＥＳＡＬＯＮＳ内Ｂ区画ＣＨＬ,2021-08-05,株式会社
株式会社ＣＯＭＯＲＥ,新潟県上越市下門前２２９２番地,2021-08-05,株式会社
株式会社ＣＯＭＲＡＤＥ,宮城県仙台市泉区南光台６丁目２４番１２号,2021-08-05,株式会社
株式会社ＣａｆｅＣｒｅａｔｅｓ,東京都渋谷区円山町５番５号Ｎａｖｉ渋谷Ｖ３階,2021-08-05,株式会社
株式会社ＣｌａｓｓＩｃ,東京都江東区亀戸１丁目１３番１３号,2021-08-05,株式会社
株式会社Ｃｏ－Ｃｒｅａｔｉｏｎ,東京都新宿区市谷八幡町２番１号ＤＳ市谷ビル３階,2021-08-05,株式会社
株式会社Ｃｏｍｆｏｒｔａｂｌｅ　Ｓｕｐｐｏｒｔ,千葉県千葉市稲毛区轟町１丁目１５番１３－２１０号,2021-08-05,株式会社
株式会社Ｃｏｙａｙａ,高知県高知市尾立１２２番地２,2021-08-05,株式会社
株式会社Ｄ＆Ｓパートナーズ,福岡県福岡市中央区赤坂１丁目１３番１０号,2021-08-05,株式会社
株式会社Ｄ－ＧＲＯＵＰ,大阪府大阪市旭区中宮４丁目６番１１号アレーズ１階,2021-08-05,株式会社
株式会社ＤｉｎｉｎｇＸ,茨城県つくば市大角豆２０１１番地２２８,2021-08-05,株式会社
株式会社Ｅ－ｍａｋｅ,徳島県阿波市市場町香美字秋葉本９０番地６,2021-08-05,株式会社
株式会社ＥＢＩＳＵ,大阪府和泉市肥子町２丁目３番３１号（２０１）,2021-08-05,株式会社
株式会社ＥＣＯＭＯＶＥＲＧＬＯＢＡＬ　ＨＯＫＫＡＩＤＯ,北海道札幌市南区南三十五条西１０丁目３番１５号,2021-08-05,株式会社
株式会社ＦＩＮＡＬ　ＡＮＳＷＥＲ,神奈川県藤沢市菖蒲沢９１０,2021-08-05,株式会社
株式会社ＦＭＣ,東京都港区芝浦４丁目１９番１－４６１３号,2021-08-05,株式会社
株式会社ＦＵＫＵＺＯ,神奈川県茅ヶ崎市共恵１丁目８番６－１００２号グレーシア茅ヶ崎,2021-08-05,株式会社
株式会社Ｆａｃｅ　ｔｏ,群馬県高崎市上豊岡町２０５番地８,2021-08-05,株式会社
株式会社Ｆａｒｍｅｒｓ　Ｌｉｎｅｒ　Ｋｉｎｏｋｕｎｉ,和歌山県有田市初島町里１６５２番地の１,2021-08-05,株式会社
株式会社Ｆｉｌｍ　Ｇａｌｌｅｒｙ,愛知県名古屋市中区丸の内３丁目４番２２号,2021-08-05,株式会社
株式会社Ｆｉｒｓｔ　ｓｔｅｐ,新潟県新潟市西区東青山１丁目１２番地１パークメゾン青山１０１号室,2021-08-05,株式会社
株式会社Ｆｌｅｘｉｂｌｅ,茨城県つくばみらい市絹の台５丁目１－４,2021-08-05,株式会社
株式会社Ｆｒｏｎｔｉｅｒ　Ｃａｐｉｔａｌ,東京都港区虎ノ門１丁目７番１２号,2021-08-05,株式会社
株式会社ＧＤＭ,東京都世田谷区三軒茶屋１丁目９番１６号,2021-08-05,株式会社
株式会社ＧＨＡＮＩ　ＴＲＡＤＩＮＧ,埼玉県加須市阿良川３２４番地,2021-08-05,株式会社
株式会社ＧＬＡＵＧＨＴＵＲＥ,宮城県仙台市宮城野区扇町１丁目５番４号,2021-08-05,株式会社
株式会社ＧＲＯＷ,大阪府東大阪市山手町６番１４号,2021-08-05,株式会社
株式会社ＧＴＳ,愛知県名古屋市瑞穂区白砂町１丁目１７番地白砂ヒルズ２０１号,2021-08-05,株式会社
株式会社Ｇａｍａエキスパート,東京都中央区日本橋兜町２２番３号ＴＯＫＹＯＰＬＡＣＥＮＩＨＯＮＢＡＳＨＩ２階,2021-08-05,株式会社
株式会社Ｇａｒｉｍｐｅｉｒｏ,東京都杉並区梅里２丁目２０－１サンタハウス２０１,2021-08-05,株式会社
株式会社Ｇｏｌｄｃｌｏｕｔ,愛知県安城市池浦町大山田上２番地１１２,2021-08-05,株式会社
株式会社Ｈ．Ｉ．Ｈ．リノベーション,宮崎県都城市高木町４７３２番地５,2021-08-05,株式会社
株式会社Ｈ１Ｈ,東京都国分寺市戸倉４丁目１番１３号,2021-08-05,株式会社
株式会社Ｈ２クリエイティブ,東京都港区赤坂２丁目７番３号ＣａｍｏｍｉｌｅＡＫＡＳＡＫＡ４０２,2021-08-05,株式会社
株式会社ＨＡＨ,千葉県柏市松ケ崎１３６番地７,2021-08-05,株式会社
株式会社ＨＡＮＡＳＵＫＥ,熊本県熊本市中央区出水８丁目１５番２７号,2021-08-05,株式会社
株式会社ＨＡＲＥ,神奈川県横浜市中区野毛町２丁目７８番地,2021-08-05,株式会社
株式会社ＨＩＤＥＭＡＳＡ,東京都江東区亀戸１丁目１１番５－８０１号,2021-08-05,株式会社
株式会社ＨＩＭＡＬＡＹＡ,山梨県甲府市城東５丁目５番１４号アメニティ城東１階,2021-08-05,株式会社
株式会社ＨＭマーケティング,千葉県いすみ市深堀１番地７,2021-08-05,株式会社
株式会社ＩＦ,山口県下松市栄町１丁目６番２１号,2021-08-05,株式会社
株式会社ＩＲＯＨＡＧＲＯＵＰ,山梨県甲府市中小河原１丁目４番３６号,2021-08-05,株式会社
株式会社Ｊスマート,石川県金沢市千木町ル７０番１,2021-08-05,株式会社
株式会社Ｊ・Ｉ・Ｐ,愛知県名古屋市北区石園町２丁目２４番地の８,2021-08-05,株式会社
株式会社ＪＹＯ,三重県桑名郡木曽岬町大字田代３１番地,2021-08-05,株式会社
株式会社Ｋ‐ＲＯＡＤ,大阪府柏原市法善寺１丁目６番２１号,2021-08-05,株式会社
株式会社Ｋ・Ｉ自動車,愛媛県新居浜市大生院６４番地の１７,2021-08-05,株式会社
株式会社Ｋ・Ｋ・Ｄ,千葉県印旛郡酒々井町ふじき野１丁目１２番地２,2021-08-05,株式会社
株式会社Ｋ－ＬＩＦＥ,大阪府箕面市粟生新家５丁目９番３０号,2021-08-05,株式会社
株式会社ＫＧＣ,愛知県春日井市白山町７丁目２番地９,2021-08-05,株式会社
株式会社ＫＯＢＡ,大阪府富田林市大字彼方２２６０番地２,2021-08-05,株式会社
株式会社ＫＹＯＳＨＩＮ,福島県福島市郷野目字金込町１８番地２,2021-08-05,株式会社
株式会社Ｋｅｎｔｅｋｉ,東京都豊島区南長崎２丁目１８番１３号クレッセント椎名町１１１号,2021-08-05,株式会社
株式会社ＫｉＴＴｏＭ,兵庫県西宮市西宮浜４丁目９番２－１０１０,2021-08-05,株式会社
株式会社ＫｐｌｕｓＡ,三重県四日市市青葉町８００－１５２コンフォードＫＵＲＯＤＡ－１０３号室,2021-08-05,株式会社
株式会社ＬＩＧＨＴＩＮＧ　ＷＯＲＫ,長野県上田市小牧１３１番地１,2021-08-05,株式会社
株式会社ＬＬＹ,京都府京都市西京区樫原久保町５番地２プリマヴェーラⅠ２０２号,2021-08-05,株式会社
株式会社ＬＯＢ,大阪府大阪市中央区平野町３丁目３番１０号浅野ビル３階,2021-08-05,株式会社
株式会社Ｌａｕｇｈ　Ｔａｌｅ,岡山県備前市日生町日生２４６番地８１,2021-08-05,株式会社
株式会社Ｌｅｓ　ｌｉｅｎｓ,福岡県北九州市八幡西区吉祥寺町９番２５号,2021-08-05,株式会社
株式会社Ｌｉｂｒａ陽佳里,愛媛県松山市南江戸２丁目６－２０－６階,2021-08-05,株式会社
株式会社ＬｉｎｅＢｏａｔ．ｅｘｐ,沖縄県豊見城市字豊崎１番地１２５,2021-08-05,株式会社
株式会社Ｌｕｓｔ,東京都小平市花小金井１丁目１２番５号秋田ビル１Ｆ,2021-08-05,株式会社
株式会社Ｍ,大阪府堺市中区東八田３４０番地１,2021-08-05,株式会社
株式会社ＭＯＭＯ,東京都大田区大森南２丁目２５番２号,2021-08-05,株式会社
株式会社ＭＲ　ＴＪ２Ｇ,東京都北区田端４丁目１番１１－５０２号クレールビル,2021-08-05,株式会社
株式会社Ｍｅ　Ｔｉｍｅ,富山県富山市室町通り２丁目２番８号,2021-08-05,株式会社
株式会社Ｍｅｄｉｃｉａｎ,千葉県市川市末広２丁目８番２０号,2021-08-05,株式会社
株式会社Ｍｅｓｓｉａｈ　Ｂｅｓｔ　Ｃｏｓｍｅｔｉｃｓ　Ｊａｐａｎ,北海道札幌市中央区南一条西３丁目８番地１１,2021-08-05,株式会社
株式会社ＭｏｎｔＢｌａｎｃ,兵庫県川西市鼓が滝３丁目１１番７号,2021-08-05,株式会社
株式会社Ｍｕｔｔｅｒ,兵庫県神戸市東灘区魚崎中町３丁目４番１４号,2021-08-05,株式会社
株式会社Ｎ－ＮＩＮＥ,大阪府吹田市南吹田１丁目１８番７号,2021-08-05,株式会社
株式会社ＮＡＭＣ,東京都世田谷区尾山台２丁目１２番７号,2021-08-05,株式会社
株式会社ＮＡＯＨＡＹＡ,東京都品川区小山２丁目２番１０号,2021-08-05,株式会社
株式会社ＮＯＭＵＲＡＳＥＩＴＡ,埼玉県さいたま市桜区中島４丁目１１番１３号,2021-08-05,株式会社
株式会社ＮｅｘＴｒｅａｓｕｒｅ,東京都港区西麻布３丁目１９番２１－２０４号,2021-08-05,株式会社
株式会社ＮｅｘｔＣｒｅａｔｉｏｎ,東京都練馬区富士見台１丁目３０番６号,2021-08-05,株式会社
株式会社Ｎｏ．Ｒ,東京都港区芝浦２丁目１６番７号中野第三ビル５階,2021-08-05,株式会社
株式会社ＯＣＥＡＮ,三重県四日市市堀木２丁目１２番２号,2021-08-05,株式会社
株式会社ＯＪＫ,京都府京都市左京区浄土寺西田町１１５番地,2021-08-05,株式会社
株式会社ＯＮＺＥ,東京都世田谷区太子堂３丁目３７番１号,2021-08-05,株式会社
株式会社ＯＲＯ,愛知県刈谷市下重原町５丁目１２番地１,2021-08-05,株式会社
株式会社ＯＳＰＲＯ,東京都千代田区岩本町３丁目８番１１号ＰＡＲＫＷＯＯＤｏｆｆｉｃｅｉｗａｍｏｔｏｃｈｏ５Ｆ,2021-08-05,株式会社
株式会社ＯＴＯ．ＬＩＫＯ,東京都渋谷区渋谷２丁目１９番１５－６０９号宮益坂ビルディング,2021-08-05,株式会社
株式会社Ｏｆｆｉｃｅ　ＭＡＸＩＬ,愛知県名古屋市中区栄５丁目２番３４号ＨＡＬ－ＮＡＴＺ・ＧＡＲＤＥＮ２０１,2021-08-05,株式会社
株式会社Ｏｉｓｈｉｉｅｇａｏ,千葉県千葉市中央区新田町５番１０号,2021-08-05,株式会社
株式会社Ｏｒｉｊｉｎ,福井県鯖江市三六町１丁目５番１８号,2021-08-05,株式会社
株式会社Ｏｖｅｒ　ｔｈｅ　Ｃｏｕｎｔｅｒ　Ｃｕｌｔｕｒｅ,長野県上田市中央２丁目２４－４,2021-08-05,株式会社
株式会社ＰＣＨ,沖縄県那覇市与儀１丁目１１番１８号,2021-08-05,株式会社
株式会社ＰＬＵＳ１コミュニケーションズ,東京都台東区台東４丁目１番１０号,2021-08-05,株式会社
株式会社ＰＳＩコンサルティング,鹿児島県曽於市末吉町諏訪方８３５８番地３,2021-08-05,株式会社
株式会社ＰｌｕｓＵｌｔｒａ,兵庫県神戸市東灘区田中町１丁目１５番７号パールビル５０３号,2021-08-05,株式会社
株式会社ＰｏｉｓｏｎＧａｍｅｓ,兵庫県加古川市尾上町池田６２４番地の１０５,2021-08-05,株式会社
株式会社Ｑｕｌｕｍｉ,東京都品川区大井１丁目３１番１号,2021-08-05,株式会社
株式会社ＲＥＭＯＲＡ,三重県伊賀市川合１０３番地の１７,2021-08-05,株式会社
株式会社ＲＩＣ,神奈川県横浜市神奈川区鶴屋町１丁目７番１９号マルコシビル１階,2021-08-05,株式会社
株式会社ＲＩＮエステート,埼玉県飯能市大字双柳４１５番地２,2021-08-05,株式会社
株式会社ＲＯＰ,東京都立川市西砂町１丁目７５番地の３フレッチェ西武立川３０４号室,2021-08-05,株式会社
株式会社ＲＵＮＷＡＹ,東京都三鷹市下連雀３丁目３１番２号ＭＩＢビル３０４号室,2021-08-05,株式会社
株式会社Ｒｅ　ｔｕｒｎａ,北海道札幌市豊平区月寒中央通８丁目２番８号,2021-08-05,株式会社
株式会社Ｒｅ．ｃｒｅａｔｉｏｎ,東京都中野区新井１丁目３５番１３号１Ｆ,2021-08-05,株式会社
株式会社Ｒｅｖｉｖｅ．Ｒ,宮崎県都城市山田町中霧島３１５６番地１,2021-08-05,株式会社
株式会社Ｒｏｏｔ,東京都中央区銀座１丁目２３番２号,2021-08-05,株式会社
株式会社ＳＡＩ,千葉県松戸市上矢切３２５番地の１オークス２０１号,2021-08-05,株式会社
株式会社ＳＡＩＤＥＮ,福島県西白河郡中島村大字二子塚字入江２４番地１２,2021-08-05,株式会社
株式会社ＳＤＲ,埼玉県さいたま市北区宮原町３丁目３７６番地１－１３０２,2021-08-05,株式会社
株式会社ＳＫテクニカルリンクス,東京都江戸川区南葛西２丁目１１番３－５０２号,2021-08-05,株式会社
株式会社ＳＫＣｏｎｓｔｒｕｃｔｉｏｎ,兵庫県加古郡播磨町古田３丁目１－１５,2021-08-05,株式会社
株式会社ＳＵＮＴＥＣ,大分県宇佐市大字長洲３６５５番地,2021-08-05,株式会社
株式会社Ｓａｌｏｎ　ｄｅ　Ｍｉｎａｔｏ,兵庫県神戸市長田区若松町３丁目１番２号アスタピア新長田駅前通り１０２号,2021-08-05,株式会社
株式会社Ｓａｚｅｎｋａ,東京都港区南麻布４丁目７番５号,2021-08-05,株式会社
株式会社Ｓｍａｒｔ　Ｇｒｅｅｎ,千葉県船橋市行田１丁目５０番１１－１１０３号,2021-08-05,株式会社
株式会社Ｔ,大阪府吹田市新芦屋上２３番３号,2021-08-05,株式会社
株式会社Ｔ．Ｐ．Ｄ．,東京都世田谷区新町２丁目２９番３号,2021-08-05,株式会社
株式会社ＴＡＮＩＣＯＭ,岡山県岡山市南区新保１３０５‐２,2021-08-05,株式会社
株式会社ＴＨＩＮＸ,兵庫県加古川市加古川町篠原町１３番地３,2021-08-05,株式会社
株式会社ＴＨＲＯＮＥ,東京都杉並区荻窪５丁目１７番１５－３０５号ライオンズマンション荻窪第２,2021-08-05,株式会社
株式会社ＴＩＰ,大阪府大阪市中央区安土町２丁目３－１３大阪国際ビルディング,2021-08-05,株式会社
株式会社ＴＭＫ,山形県米沢市下花沢１丁目１１番５－５号,2021-08-05,株式会社
株式会社ＴＯＭｉＣＬＥ,広島県呉市三条２丁目１番１－１１０１号,2021-08-05,株式会社
株式会社ＴＯＲＯＡ,静岡県磐田市今之浦３丁目１９番１２号,2021-08-05,株式会社
株式会社ＴＲＤ,大阪府大阪市淀川区田川北１丁目１１番３号,2021-08-05,株式会社
株式会社ＴＲＯＮＣＯ,愛知県半田市乙川太田町２丁目１０６番地の３,2021-08-05,株式会社
株式会社ＴＳカンパニー,東京都品川区東大井６丁目１４番９号大輝レジデンス３０３,2021-08-05,株式会社
株式会社Ｔｅｎ　Ｆｅｅｔ,東京都港区南麻布３丁目２０番１号,2021-08-05,株式会社
株式会社Ｔｒｅｅ,東京都渋谷区神宮前６丁目２３番４号桑野ビル２階,2021-08-05,株式会社
株式会社Ｔｒｕｓｔ,愛知県豊田市伊保町大鳥居４６番地１,2021-08-05,株式会社
株式会社Ｔｒｕｓｔ,宮城県仙台市泉区鶴が丘２丁目８番地の６,2021-08-05,株式会社
株式会社Ｕ,東京都中野区中央２丁目５３番２３号ＮＣＨＯＵＳＥ２０１,2021-08-05,株式会社
株式会社Ｕ２,神奈川県横浜市青葉区藤が丘２丁目４３番地２,2021-08-05,株式会社
株式会社ＵＮＩＴＥＤ＆ＢＥＡＵＴＥ,東京都千代田区丸の内１丁目１番３号３階,2021-08-05,株式会社
株式会社ＵＳＵＫＩ,東京都江戸川区東葛西１丁目４８番１号,2021-08-05,株式会社
株式会社ＶＩＳＨＯＰ,兵庫県神戸市中央区琴ノ緒町５丁目５番９号フューチャービル３階３０２号室,2021-08-05,株式会社
株式会社ＷＡＬＰＡＳＳ,東京都品川区大井７丁目３番１９号,2021-08-05,株式会社
株式会社ＷＯＮＤＥＲ　ＷＩＳＥ,宮城県仙台市青葉区大町２丁目１番７－８０２号,2021-08-05,株式会社
株式会社Ｗｏｎｄｅｒ,東京都葛飾区東新小岩７丁目６番６号,2021-08-05,株式会社
株式会社Ｙ’ｓ,北海道河西郡芽室町東一条７丁目１番地１３,2021-08-05,株式会社
株式会社Ｙ＆Ｋ,東京都足立区鹿浜７丁目１５番４号,2021-08-05,株式会社
株式会社ＹＥＥＰ　ＳＩＧＮ,岐阜県羽島市福寿町平方字須賀境１０３２番地１,2021-08-05,株式会社
株式会社ＹＫ企画,京都府京都市中京区御池通東洞院東入笹屋町４３６番地永和御池ビル６０６号,2021-08-05,株式会社
株式会社ＹＳパートナーズ,宮城県仙台市宮城野区二十人町３０４番地８ライオンズマンション二十人町２Ｆ,2021-08-05,株式会社
株式会社ＹＴｌａｂ,大阪府柏原市田辺２丁目１０番２０号,2021-08-05,株式会社
株式会社ＺＥＲＯホールディングス,新潟県長岡市新保４丁目１２番１７号,2021-08-05,株式会社
株式会社ａｎｎ　ａｒｔ,兵庫県神戸市中央区栄町通４丁目４番８－９０１号,2021-08-05,株式会社
株式会社ｂｅ　ａｌｒｉｇｈｔ,神奈川県川崎市川崎区駅前本町１１番地２川崎フロンティアビル４階,2021-08-05,株式会社
株式会社ｂｅｌｌ　ｆｏｏｄｓ,東京都江戸川区上篠崎２丁目２番８号,2021-08-05,株式会社
株式会社ｂｌａｎｃ,三重県伊勢市神田久志本町１４５１番地５,2021-08-05,株式会社
株式会社ｃｏｎａ　ｗｏｒｋｓ１０４,沖縄県中頭郡北中城村字島袋１４６７番地２（Ｋ－１７）,2021-08-05,株式会社
株式会社ｃｒａｆｔ　ｌｉｆｅ,東京都世田谷区用賀４丁目２８番２１号,2021-08-05,株式会社
株式会社ｄｉａｄｉｕ,熊本県熊本市西区春日３丁目１０番２０号,2021-08-05,株式会社
株式会社ｄｉｇｉｌ,東京都中央区銀座１丁目１２－４Ｎ＆ＥＢＬＤ．７階,2021-08-05,株式会社
株式会社ｆｒｏｍ　Ｂ,東京都世田谷区尾山台２丁目１２番７号,2021-08-05,株式会社
株式会社ｆｒｏｎｔｉｅｒ,愛知県海部郡大治町大字鎌須賀字川畔２８番地,2021-08-05,株式会社
株式会社ｈｏｔａｒｕ,長崎県南島原市北有馬町丙３４３７番地１,2021-08-05,株式会社
株式会社ｉ・伝,東京都荒川区東日暮里３丁目４６番３号,2021-08-05,株式会社
株式会社ｉｎｋ,沖縄県宜野湾市大山３丁目２２番１－４０４号ｃａｓａ　ｄｅ　ｆｉｎｏ,2021-08-05,株式会社
株式会社ｉｏｌｉｔｅ　ｆｌｏｗｅｒｓ,広島県三次市畠敷町８７６番地１－Ｃ,2021-08-05,株式会社
株式会社ｌａｎｄｅｄ,福島県田村郡三春町桜ケ丘３丁目３番地の１１,2021-08-05,株式会社
株式会社ｍａｇｒｏ,大阪府大阪市中央区南船場４丁目１０番５号南船場ＳＯＨＯビル７０２,2021-08-05,株式会社
株式会社ｏｎｅ,東京都渋谷区円山町５番１８号道玄坂スクエア８０１,2021-08-05,株式会社
株式会社ｏｎｅ’ｓ　ｈｅａｒｔｓ,宮城県仙台市太白区四郎丸字戸ノ内４７番地の４,2021-08-05,株式会社
株式会社ｐａｌｅｔｔｅ,鹿児島県出水市向江町２１番２６号,2021-08-05,株式会社
株式会社ｐｌｕｓＡｐｌｕｓＱ,東京都杉並区高円寺南５丁目３１番１９号プルーム１０４,2021-08-05,株式会社
株式会社ｓｉｇｎ　ｔｒｕｓｔ,福島県白河市みさか２丁目１２番地１２,2021-08-05,株式会社
株式会社ｓｋｙ,東京都品川区大崎５丁目６番１８－２０２号,2021-08-05,株式会社
株式会社ｓｔｕｄｉｏ　ｆ,長野県松本市旭１丁目１番２４－１号,2021-08-05,株式会社
株式会社ｔｅｎ’ｓ,福岡県福岡市博多区博多駅前１丁目１５番２０号ＭＭＦ博多駅前ビル２階,2021-08-05,株式会社
株式会社ｔｒｕｓｔｏｎ,愛媛県松山市二番町１丁目１番地４センチュリー二番町３０３号,2021-08-05,株式会社
株式会社ｕｐ　ｉｔ,京都府京都市中京区木屋町通三条上る上大阪町５１６番地キヤマチジャンクションビル東１－２階,2021-08-05,株式会社
株式会社ｚ．ｅ．ｎオオヨド,大阪府大阪市都島区友渕町３丁目７番５－５０３号,2021-08-05,株式会社
正光トラスト株式会社,大阪府貝塚市木積２１５２番地,2021-08-05,株式会社
浴場市場株式会社,東京都中央区銀座３丁目１１番地５号,2021-08-05,株式会社
満晴貿易合同会社,京都府京田辺市同志社山手１丁目５番地１３,2021-08-05,合同会社
溝手社会保険労務士法人,岡山県岡山市北区大供２丁目１番１号ＨＡＳＰＡＬＩＢＬ４０１号,2021-08-05,その他の設立登記法人
瀬戸内自然生活株式会社,愛媛県松山市北条辻１３８８番地,2021-08-05,株式会社
特定非営利活動法人はーもにープロジェクト,新潟県新潟市西蒲区赤鏥９４２番地８,2021-08-05,その他の設立登記法人
特定非営利活動法人まんまる,茨城県水戸市東台２丁目８番２号,2021-08-05,その他の設立登記法人
特定非営利活動法人みらプロ,兵庫県加西市玉丘町２１７番地の２,2021-08-05,その他の設立登記法人
特定非営利活動法人弦楽アンサンブルすみれ,群馬県前橋市問屋町１丁目１０番地６ＨＳビル３Ｆ,2021-08-05,その他の設立登記法人
特定非営利活動法人ＦＬＥＸ,青森県三沢市大字三沢字下久保５７番地１４９号,2021-08-05,その他の設立登記法人
特定非営利活動法人ＨＴＬＶ‐１全国ねっと,兵庫県神崎郡福崎町東田原１０３８番地５６,2021-08-05,その他の設立登記法人
特定非営利活動法人ＪＥＦＡ国際社会貢献人材教育支援協会,大阪府大阪市中央区心斎橋筋１丁目２番２５号,2021-08-05,その他の設立登記法人
異業種事業協同組合リンク,群馬県伊勢崎市境栄１８３番地２,2021-08-05,その他の設立登記法人
神戸ハリマ防災株式会社,兵庫県神戸市西区長畑町２番地の５ハイツ長畑３０２号,2021-08-05,株式会社
税理士法人プロスタッフ和,群馬県甘楽郡甘楽町大字白倉６１番地１,2021-08-05,その他の設立登記法人
税理士法人ベストサポート,静岡県富士市中里４４３番地の７,2021-08-05,その他の設立登記法人
税理士法人ロジエンス,愛知県名古屋市守山区小幡南２丁目１４番地１７号グランコンフォール１０１号,2021-08-05,その他の設立登記法人
稲垣祭儀株式会社,東京都葛飾区堀切６丁目２７番１３号,2021-08-05,株式会社
窓ライフ株式会社,山口県防府市大字植松４８９番地の２,2021-08-05,株式会社
絆商会株式会社,茨城県石岡市旭台１丁目１２番５３号フェニックスビル２０１,2021-08-05,株式会社
華美株式会社,大阪府大阪市中央区北久宝寺町１丁目７番９号,2021-08-05,株式会社
蒼翠合同会社,徳島県徳島市名東町１丁目３９５番地の８,2021-08-05,合同会社
農事組合法人うえきた,秋田県大仙市太田町斉内字狐塚１４９番地,2021-08-05,その他の設立登記法人
鎌倉橋コンサルティング株式会社,東京都千代田区内神田２丁目７番７号新内神田ビル３階,2021-08-05,株式会社
雅寧商事株式会社,京都府京都市左京区一乗寺地蔵本町３４番地２ファミールメゾンたけはし４Ｃ,2021-08-05,株式会社
鴨池株式会社,東京都千代田区外神田４丁目９番２号千住ビル５,2021-08-05,株式会社
１８合同会社,兵庫県神戸市中央区相生町１丁目１番１６号,2021-08-05,合同会社
２７８４合同会社,長野県安曇野市三郷温３０３５番地１７,2021-08-05,合同会社
ＡＩＣＲＯ株式会社,東京都千代田区一番町６番地相模屋本社ビル７Ｆ,2021-08-05,株式会社
ＡＬ－ＫＨＡＩＲ　ＬＡＳＡＮＩ　ＴＲＡＤＩＮＧ株式会社,茨城県古河市諸川１１３４番地３０,2021-08-05,株式会社
ＡＳＯＫＡ　ＡＵＴＯ　ＴＲＡＤＩＮＧ,千葉県佐倉市大篠塚７７３番地Ｃ－１,2021-08-05,外国会社等
Ａｃｃｕｒａｔｉｏ合同会社,神奈川県秦野市渋沢２丁目４１番１５号,2021-08-05,合同会社
Ａｆｒｏ　ｓｐｉｃｅ株式会社,東京都新宿区新宿１丁目１４番２号,2021-08-05,株式会社
ＡｉＯ　ＪＡＰＡＮ株式会社,広島県府中市栗柄町３１０７番地５,2021-08-05,株式会社
Ａｌｔｉｓｓｉｍｏ株式会社,愛知県名古屋市中区錦１丁目５番１１号名古屋伊藤忠ビル４階,2021-08-05,株式会社
ＢＩＢＬＩＣＫ株式会社,東京都世田谷区桜新町２丁目５－２１桜新町さざんかハウス２０１,2021-08-05,株式会社
ＢＬＡＣＫ　ＳＨＥＥＰ合同会社,東京都墨田区京島１丁目２２番１３号アーデル曳舟パークビュータワー２０２,2021-08-05,合同会社
Ｂｅｙｏｎｄ　Ｂｏｒｄｅｒｓ株式会社,東京都港区南青山４丁目１７番３３号グランカーサ南青山２Ｆ,2021-08-05,株式会社
Ｂｙｆｕｌｌ株式会社,大阪府八尾市南木の本４丁目３９番地の１,2021-08-05,株式会社
ＣＩＥ東京国際投資株式会社,東京都江戸川区東小岩５丁目１２番１９－１１０３号,2021-08-05,株式会社
ＤＳ　Ｋｏｊｉｍａｃｈｉ一般社団法人,東京都港区虎ノ門５丁目１番４号,2021-08-05,その他の設立登記法人
ＤＳ　Ｋｏｊｉｍａｃｈｉ合同会社,東京都港区虎ノ門５丁目１番４号,2021-08-05,合同会社
Ｄｒｉｖｅｎｅｔｓ株式会社,東京都港区赤坂２丁目１１番７号ＡＴＴ新館１１階Ｍａｚａｒｓ・Ｊａｐａｎ株式会社内,2021-08-05,株式会社
Ｅａｒｔｈｔｒａｅ株式会社,長野県飯山市南町１２番地９,2021-08-05,株式会社
Ｅｎｇｉｎｅｅｒ　Ｃｏｍｍｕｎｉｔｙ株式会社,東京都千代田区二番町１１－９,2021-08-05,株式会社
Ｅｘパートナーズ株式会社,東京都豊島区西池袋２丁目２７番８号パールメゾンサカエ１０１号,2021-08-05,株式会社
Ｆｏｒｂｉｃ　ＨＤ株式会社,福島県郡山市大町１丁目１７番５号,2021-08-05,株式会社
Ｆｕｎ　Ｌｉｆｅ　Ｐｌａｎｎｉｎｇ株式会社,東京都渋谷区神宮前６丁目２３－４桑野ビル２Ｆ,2021-08-05,株式会社
Ｇ．Ｔ．ｃｕｒｌ株式会社,山口県山口市中央５丁目８番７号,2021-08-05,株式会社
ＧＩＡ　ＰＨＡＴ合同会社,東京都荒川区荒川３丁目６４番３メゾン・ド・レカン１０４号,2021-08-05,合同会社
ＧＭ株式会社,栃木県塩谷郡高根沢町宝石台３丁目１２番地４,2021-08-05,株式会社
ＧＲＥＥＮ　ＦＯＲＥＳＴＥＲＳ応援合同会社,東京都目黒区洗足２丁目１３番３号,2021-08-05,合同会社
ＧＵＲＵ　ＴＲＡＤＩＮＧ株式会社,東京都江戸川区大杉２丁目９－６,2021-08-05,株式会社
ＨＡＩ　ＡＵ株式会社,岐阜県中津川市太田町１丁目５番３４号,2021-08-05,株式会社
ＨｙＥｎｇ株式会社,兵庫県明石市二見町南二見１番地,2021-08-05,株式会社
ＩＮＰ合同会社,東京都目黒区上目黒３丁目１３番１１号,2021-08-05,合同会社
ＪＥＣＴ８１合同会社,東京都港区南青山２丁目２番１５号,2021-08-05,合同会社
Ｋ－プランニング合同会社,山形県東田川郡三川町大字横山字不動野６１番地３,2021-08-05,合同会社
ＫＡＴエンジニアリング株式会社,東京都板橋区板橋１丁目４３番１１号ＫＡＷＡＮＯビル２０２,2021-08-05,株式会社
ＫＨＡＮ　ＴＲＡＤＩＮＧ株式会社,栃木県小山市大字萱橋８１４番地,2021-08-05,株式会社
ＫＩＫＩＭＯＮＯ株式会社,沖縄県うるま市字具志川２９９５－２,2021-08-05,株式会社
ＬＣ国際株式会社,大阪府大阪市西成区梅南２丁目４番２７－４０１号,2021-08-05,株式会社
ＬＬＢ合同会社,神奈川県川崎市川崎区四谷上町１２番２号,2021-08-05,合同会社
ＬＹＳＯＮ株式会社,東京都葛飾区立石８丁目１７番１－５０４号,2021-08-05,株式会社
Ｌａｕｎｄｒｙ’ｓ本田洗機株式会社,京都府京都市山科区西野山百々町２３０番地１２,2021-08-05,株式会社
ＬｉｂｅｒｔｙＰａｒａｄｉｓｅ合同会社,滋賀県近江八幡市佐波江町２４２番地１,2021-08-05,合同会社
ＭＥＲＧＥ株式会社,神奈川県横浜市磯子区杉田６丁目１７番５号,2021-08-05,株式会社
ＭＩＹＡＢＩ．ｎｅｔ株式会社,岡山県岡山市南区妹尾５０１－３－２Ｆ,2021-08-05,株式会社
Ｍｉｎｉ－Ｌａｂ株式会社,神奈川県厚木市中町３丁目１８番５号ソーケン本厚木ビル４Ｆ,2021-08-05,株式会社
Ｎカンパニー株式会社,東京都世田谷区玉川１丁目１５番２号,2021-08-05,株式会社
ＮＩＲＭＡＬ株式会社,千葉県白井市折立５４８番地の１,2021-08-05,株式会社
ＯＮＧ　ＣＲＥＡＴＯＲＳ合同会社,東京都港区赤坂２丁目１２番２０号ディア・シティ赤坂東館１０４,2021-08-05,合同会社
ＰＲＩＮＣＩＰＬＥ株式会社,大阪府吹田市山田南３１番１２号,2021-08-05,株式会社
Ｒ－ＦＡＣＴＯＲＹ株式会社,茨城県牛久市牛久町８８１番地３,2021-08-05,株式会社
ＲＩＤＧＥ株式会社,大阪府箕面市船場東３丁目２番３５－２２０２号,2021-08-05,株式会社
ＲＪＫＰ合同会社,神奈川県横浜市栄区小菅ケ谷１丁目１４番１８号カメリア１０２,2021-08-05,合同会社
ＳＡＪＩ　ＭＯＴＯＲ,千葉県佐倉市大篠塚１３３２番地Ａ－１,2021-08-05,外国会社等
ＳＧＳ　ＣＡＲＥ　ＦＡＣＩＬＩＴＹ合同会社,大阪府大阪市中央区高津１丁目４番１２－４０１号,2021-08-05,合同会社
ＳＨＡＰＥ　ＷＯＲＫＳ合同会社,東京都港区麻布十番２丁目１３番７号プラシーボ麻布３０１,2021-08-05,合同会社
ＳＩＫＡ　ＡＵＴＯ株式会社,滋賀県大津市荒川５７０番２,2021-08-05,株式会社
ＳＱＵＡＲＥ株式会社,神奈川県横浜市都筑区茅ケ崎中央２４番４号第六セキビル７０２,2021-08-05,株式会社
ＳＴ・ＧＲＩＴ合同会社,東京都世田谷区等々力４丁目４番９号,2021-08-05,合同会社
ＳＵＥＴＳＵＧＵ合同会社,神奈川県横浜市栄区飯島町１０８４番地３,2021-08-05,合同会社
ＳＵＮＲＩＳＥ合同会社,千葉県八千代市八千代台東１丁目４１－８コーポ・サンライズ１０３,2021-08-05,合同会社
Ｓｅｃｏｎｄ　Ｃｈａｎｃｅ株式会社,茨城県水戸市梅香２丁目２－４５,2021-08-05,株式会社
Ｓｍａｒｔ　Ｆｉｔ株式会社,滋賀県近江八幡市安土町東老蘇１３５０番地１０,2021-08-05,株式会社
ＳｕｇａｒＭ株式会社,東京都文京区本郷５丁目１６番３号,2021-08-05,株式会社
Ｔ’ｓ－Ｆｉｎｅ株式会社,愛知県春日井市上条町１０丁目１７４番地１,2021-08-05,株式会社
Ｔアセット株式会社,兵庫県神戸市中央区江戸町１０４番地江戸町１０４ビル４階,2021-08-05,株式会社
ＴＡＭＩＫＡ株式会社,静岡県熱海市咲見町７番３２号ユニオンビル１階,2021-08-05,株式会社
ＴＡＲＯ’Ｚ株式会社,福井県福井市足羽２丁目１０番８号,2021-08-05,株式会社
ＴＫインベスト合同会社,兵庫県たつの市誉田町片吹１３６番地１,2021-08-05,合同会社
ＴＫクレアーレ株式会社,東京都渋谷区千駄ヶ谷３丁目３番８号第５スカイビル３０７号室,2021-08-05,株式会社
ＴＭエステート株式会社,岐阜県大垣市新開町９７番地６,2021-08-05,株式会社
ＴＭＲグループ株式会社,東京都江東区常盤２丁目４番３号,2021-08-05,株式会社
ＴＯＮＥ株式会社,福岡県福岡市中央区大名１丁目１３番１６号ＴＥＮＪＩＮアーク弐番館,2021-08-05,株式会社
ＴＲＵＳＴＯＣＫ合同会社,東京都文京区小石川５丁目３４－１２Ｓ－ＲＥＳＩＤＥＮＣＥ文京小石川９０１,2021-08-05,合同会社
Ｔｈｅ　Ｇｒｅｅｎ＆Ｃｏ．株式会社,兵庫県尼崎市東塚口町１丁目１１番１－１１７号,2021-08-05,株式会社
Ｕｐ　ｔｏ　ｙｏｕ株式会社,長崎県北松浦郡佐々町中川原免１３０番地４,2021-08-05,株式会社
ＷＪプラニング株式会社,東京都国分寺市泉町１丁目５番１６号,2021-08-05,株式会社
ＷＪ株式会社,山口県下関市伊倉新町２丁目２番５号ニュー・ベェルウェル１０８号,2021-08-05,株式会社
ＹＫエステート株式会社,滋賀県大津市下阪本５丁目８番１８号２０１,2021-08-05,株式会社
ＹＫ・サクセス株式会社,千葉県松戸市五香西２丁目３２番２号グランシャリオⅠ（１０４）,2021-08-05,株式会社
ｃ－パステル株式会社,高知県高知市北秦泉寺７４６番地１６,2021-08-05,株式会社
ｃｉａｏ　ｅｍ　ｃａｆｅ合同会社,東京都小平市花小金井南町１丁目２７番１１号,2021-08-05,合同会社
ｃｏｎｔｅ合同会社,東京都調布市布田２丁目３８番地１マートルコート調布第２、５０９,2021-08-05,合同会社
ｅｉｄ株式会社,京都府京都市右京区西院日照町１１２－１１３,2021-08-05,株式会社
ｅｌｅ　ｅｙｅ株式会社,神奈川県平塚市北金目２丁目２０番４号,2021-08-05,株式会社
ｋｉｋｕ　ＤＥＳＩＧＮ株式会社,三重県桑名市南魚町３５番地２,2021-08-05,株式会社
ｎｉｃｏ株式会社,福島県須賀川市森宿字坪ノ内１６１番地７７,2021-08-05,株式会社
ｐｏｒｔｅｅ株式会社,東京都世田谷区三宿２丁目１６番１０－４１６号,2021-08-05,株式会社
あいす合同会社,神奈川県横浜市都筑区北山田５丁目７番１－１２０１号,2021-08-06,合同会社
あだち紙器株式会社,愛知県名古屋市中村区城屋敷町２丁目４９－１,2021-08-06,株式会社
いもり企画株式会社,東京都新宿区西新宿１丁目２５番１号新宿センタービル４９階,2021-08-06,株式会社
お茶の水ヘルスケア合同会社,東京都千代田区外神田２丁目３－１－１１０６,2021-08-06,合同会社
しものせき海響ふく協同組合,山口県下関市彦島西山町５丁目６番４３号,2021-08-06,その他の設立登記法人
つたわる株式会社,埼玉県所沢市中新井５丁目１番５－５０１号,2021-08-06,株式会社
みらくる株式会社,長野県上田市秋和７２５番地２,2021-08-06,株式会社
めだか不動産合同会社,高知県高知市長浜１６７１番地６西側,2021-08-06,合同会社
もっとネット合同会社,大阪府大阪市平野区長吉長原２丁目３番１７号,2021-08-06,合同会社
るる合同会社,東京都港区白金台５丁目１４番１号白金台アパートメント３０６,2021-08-06,合同会社
アイアンクラフト株式会社,栃木県那須塩原市北和田５７３番地３,2021-08-06,株式会社
アイキ建設株式会社,東京都小平市小川町２丁目１８１４－１０４,2021-08-06,株式会社
アクセス行政書士法人,東京都小平市仲町３５０番地１サンワード宮北Ａ１０６号室,2021-08-06,その他の設立登記法人
アジアウェルトレーディング合同会社,東京都渋谷区神宮前３丁目１５番８号,2021-08-06,合同会社
アスベスト調査分析株式会社,東京都港区新橋４丁目２７番７号田村町Ｓｈｉｎｓｈｏｄｏｈビル４階,2021-08-06,株式会社
アップリンク株式会社,神奈川県横浜市青葉区鉄町２３１９番地４,2021-08-06,株式会社
アペックストラストパートナーズ株式会社,大阪府大阪市北区紅梅町１番１８号,2021-08-06,株式会社
アルバテック株式会社,埼玉県川口市大字榛松７６７番地の１,2021-08-06,株式会社
アーキビルドイーズ株式会社,北海道旭川市東四条９丁目２番１３号,2021-08-06,株式会社
インベスト通産株式会社,埼玉県上尾市小泉６丁目１９番１４,2021-08-06,株式会社
イーエム断熱合同会社,神奈川県相模原市南区南台１丁目６番２号ムネタケマンション３０８,2021-08-06,合同会社
イートラスト株式会社,長崎県佐世保市木場田町８番１６号,2021-08-06,株式会社
エスケーシステム株式会社,神奈川県藤沢市湘南台１丁目１４番地の１６イーグル湘南２０７号,2021-08-06,株式会社
エムズウェルネスパートナーズ合同会社,兵庫県神戸市兵庫区西上橘通２丁目８番１２号ＶＩＬＬＡＭＩＮＡＴＯＧＡＷＡ５０１,2021-08-06,合同会社
エーエルティープラス株式会社,東京都大田区山王２丁目１番８号,2021-08-06,株式会社
エー・ティー・エイチ株式会社,東京都江東区青海１丁目１番２０号,2021-08-06,株式会社
オンサ株式会社,東京都港区浜松町２丁目２番１５号浜松町ダイヤビル２Ｆ,2021-08-06,株式会社
ガトス合同会社,東京都杉並区永福３丁目３２番１８号カサ・ガトス永福Ａ,2021-08-06,合同会社
キートス合同会社,神奈川県横浜市金沢区並木２丁目６番６－３０５号,2021-08-06,合同会社
クオシア株式会社,東京都中央区銀座２丁目９番１６号１Ｆ,2021-08-06,株式会社
クラスタス合同会社,千葉県千葉市緑区鎌取町１２１番地６３,2021-08-06,合同会社
クレバー機械株式会社,大阪府大阪市西区北堀江３丁目１０番１７号,2021-08-06,株式会社
グッドライトホーム株式会社,福岡県福岡市東区三苫５丁目１番７７号,2021-08-06,株式会社
グローバル人材活用協同組合,山口県宇部市相生町４番１２号宇部ビル３階３－Ｃ,2021-08-06,その他の設立登記法人
ゴトウホーム株式会社,福岡県北九州市八幡東区祇園原町１３番２１号,2021-08-06,株式会社
サステナブルホールディングス株式会社,東京都港区六本木５丁目２番１号,2021-08-06,株式会社
サンクトアセット合同会社,愛知県名古屋市千種区城山町２丁目１９番地８,2021-08-06,合同会社
サングレイス株式会社,青森県三戸郡五戸町字追分５番地２４,2021-08-06,株式会社
シュエット株式会社,岐阜県岐阜市太郎丸北浦１番地２３,2021-08-06,株式会社
ジェイシナジー株式会社,埼玉県川口市大字源左衛門新田１１番地の１,2021-08-06,株式会社
スマイルライフサービス株式会社,兵庫県加古川市野口町長砂２２０番地の１８,2021-08-06,株式会社
セーフティネットクリエイト株式会社,大阪府泉大津市北豊中町２丁目９番１９号,2021-08-06,株式会社
ダヴィンチ株式会社,埼玉県さいたま市緑区東浦和１丁目２１番地３,2021-08-06,株式会社
チェーンブリッジ株式会社,東京都中央区銀座１丁目２２番１１号,2021-08-06,株式会社
チック株式会社,神奈川県川崎市麻生区百合丘１丁目１番２６－２０３号,2021-08-06,株式会社
トミポーツ合同会社,東京都葛飾区青戸４丁目１番１９－６０３号,2021-08-06,合同会社
ナニワビィクトリー株式会社,大阪府大阪市淀川区野中南２丁目２番１６－７０１号,2021-08-06,株式会社
ネオテクノシーク株式会社,大阪府東大阪市今米１丁目２番４８号松栄ビル５Ｆ,2021-08-06,株式会社
ハッシュキューインターナショナル合同会社,茨城県土浦市右籾２９５４番地２０２号,2021-08-06,合同会社
ハピネスサービス株式会社,兵庫県姫路市青山南２丁目２番２２号,2021-08-06,株式会社
ハヤヒ株式会社,東京都渋谷区神宮前６丁目２８番９号東武ビル６Ｆ,2021-08-06,株式会社
ハーバー税理士法人,兵庫県神戸市中央区東川崎町１丁目７番４号,2021-08-06,その他の設立登記法人
ビレッジアップドリーム株式会社,埼玉県川口市差間３丁目１０番１０号リーリエ２０３号,2021-08-06,株式会社
ピグレット株式会社,東京都港区南青山４丁目１７番１３号,2021-08-06,株式会社
ファミリータイズ合同会社,千葉県館山市八幡６６０－１レオネクストオリーブガーデン２０６,2021-08-06,合同会社
フォルテック株式会社,大阪府箕面市粟生間谷西５丁目３番１号,2021-08-06,株式会社
フタバ国際交流協同組合,福島県郡山市小原田１丁目３７３番地１メゾン黄２０１号室,2021-08-06,その他の設立登記法人
ベベ電気設備株式会社,兵庫県神戸市西区伊川谷町潤和３１１番地の４５,2021-08-06,株式会社
マサキ内装株式会社,神奈川県横浜市保土ケ谷区狩場町３３４番地７７,2021-08-06,株式会社
マタゴウリ合同会社,北海道虻田郡倶知安町北一条西１丁目１番地１山崎ビル３階,2021-08-06,合同会社
ミント株式会社,神奈川県横浜市中区元浜町４丁目３５番地９０６号,2021-08-06,株式会社
メイホウ工業株式会社,兵庫県明石市明南町１丁目３－７－Ｂ１０１,2021-08-06,株式会社
メディカルアイソトープ・プライムジャパン株式会社,東京都港区白金１丁目１５番２９号,2021-08-06,株式会社
メロディー株式会社,東京都練馬区石神井町８丁目２３番７号,2021-08-06,株式会社
モイトゥール株式会社,東京都港区赤坂２丁目１４番２７国際新赤坂ビル東館Ｂ１階１０９区外Ｔ－ＴＩＭＥ内,2021-08-06,株式会社
ライズコンサルティング合同会社,栃木県大田原市薄葉２１７９番地１９,2021-08-06,合同会社
リアライズホーム株式会社,東京都江戸川区西葛西１丁目２番４号,2021-08-06,株式会社
リジッドシステム株式会社,東京都千代田区岩本町１丁目２番１３号渡東ビルディング３階,2021-08-06,株式会社
リバイロ合同会社,埼玉県草加市北谷３丁目２８番１１号,2021-08-06,合同会社
リンクエッジ株式会社,東京都港区三田１丁目３番３７号板金会館２階,2021-08-06,株式会社
ルーツ・ホールディングス株式会社,愛知県名古屋市中区栄２丁目２番２３号,2021-08-06,株式会社
レアヴォルケデザインワークス株式会社,東京都港区浜松町２丁目２番１５号浜松町ダイヤビル２Ｆ,2021-08-06,株式会社
ロイヤル株式会社,兵庫県洲本市物部３丁目３番９号,2021-08-06,株式会社
ロサ・フェア株式会社,東京都中央区銀座１丁目２２番１１号銀座大竹ビジデンス２階,2021-08-06,株式会社
ロハスクリエイション合同会社,埼玉県坂戸市大字厚川５０－４,2021-08-06,合同会社
ワンネス株式会社,香川県高松市鬼無町是竹１１１番地３,2021-08-06,株式会社
一兆商事合同会社,埼玉県戸田市下前１丁目１１番２０号,2021-08-06,合同会社
一般社団法人あゆ実,大阪府寝屋川市成田東が丘３３番１５号,2021-08-06,その他の設立登記法人
一般社団法人おひとりさまリーガルサポート,兵庫県神戸市中央区多聞通３丁目２番９号甲南スカイビル４Ｆ,2021-08-06,その他の設立登記法人
一般社団法人つるかわ子どもこもんず,東京都町田市能ヶ谷１丁目８番８号パレス・リッツ６０９,2021-08-06,その他の設立登記法人
一般社団法人まさ企画,埼玉県戸田市上戸田５丁目２２番８－３０３号,2021-08-06,その他の設立登記法人
一般社団法人みらい創造あぐり,宮城県栗原市一迫真坂字清水田崎４番地,2021-08-06,その他の設立登記法人
一般社団法人アンカー,東京都中野区東中野２丁目６番２４号,2021-08-06,その他の設立登記法人
一般社団法人オーセンティックライフ協会,東京都中央区銀座１丁目２２番１１号銀座大竹ビジデンス２階,2021-08-06,その他の設立登記法人
一般社団法人サポートホールディングスＪＲＥアルバ,東京都千代田区丸の内３丁目１番１号東京共同会計事務所内,2021-08-06,その他の設立登記法人
一般社団法人ドコデモヒロバ,埼玉県大里郡寄居町大字鉢形９１９番地１,2021-08-06,その他の設立登記法人
一般社団法人ニート引きこもり自立支援協会,神奈川県横浜市青葉区美しが丘１丁目１３番地１０吉村ビル１０７号,2021-08-06,その他の設立登記法人
一般社団法人ネイルサロン経営協会,神奈川県横浜市中区野毛町２丁目１０１番地１,2021-08-06,その他の設立登記法人
一般社団法人ハウス４７,東京都千代田区丸の内３丁目１番１号東京共同会計事務所内,2021-08-06,その他の設立登記法人
一般社団法人ルックアット,奈良県天理市二階堂上ノ庄町３８８番地２,2021-08-06,その他の設立登記法人
一般社団法人京都バリアフリーツアーセンター,京都府京都市南区東九条南烏丸町３７番地３,2021-08-06,その他の設立登記法人
一般社団法人危機対策機構,沖縄県中頭郡中城村字南上原７１７番地１－１Ｆ,2021-08-06,その他の設立登記法人
一般社団法人東通東風塾,青森県下北郡東通村大字蒲野沢字千鳥道３９番地３,2021-08-06,その他の設立登記法人
一般社団法人植松グループ地域振興協会,静岡県沼津市西沢田２００番地の１,2021-08-06,その他の設立登記法人
一般社団法人臨床診断医学統合学会,東京都渋谷区本町３丁目２番９号,2021-08-06,その他の設立登記法人
一般社団法人ＨＡＰＰＹ＆ＳＭＩＬＥ,東京都大田区北馬込２丁目３０番１１号,2021-08-06,その他の設立登記法人
一般社団法人ＪＥＫ　Ｐａｒｔｎｅｒｓ,静岡県浜松市中区板屋町１１１番地の２アクトタワー２６階,2021-08-06,その他の設立登記法人
一般財団法人サトー育英財団,宮城県仙台市宮城野区扇町５丁目４番２１号,2021-08-06,その他の設立登記法人
万代島フロンティアカンパニー株式会社,新潟県新潟市中央区万代島５番１号,2021-08-06,株式会社
三六商店株式会社,福岡県北九州市戸畑区三六町２番２号,2021-08-06,株式会社
不動産プラス株式会社,新潟県新潟市中央区浜浦町２丁目１２番１号,2021-08-06,株式会社
中嶋興業株式会社,大阪府大阪市中央区徳井町１丁目３番２号,2021-08-06,株式会社
亀戸不動産株式会社,東京都江東区亀戸５丁目１７番１０号,2021-08-06,株式会社
伊藤鉄工所株式会社,岡山県笠岡市入江５４５番地１,2021-08-06,株式会社
冨士創業株式会社,茨城県笠間市仁古田７２１番地,2021-08-06,株式会社
利建工業株式会社,神奈川県横浜市中区本牧間門４６番３号,2021-08-06,株式会社
医療法人孝祐会,岐阜県多治見市三笠町１丁目２１番地,2021-08-06,その他の設立登記法人
医療法人歯科医院はやし,岐阜県多治見市宝町９丁目３２番,2021-08-06,その他の設立登記法人
医療法人社団あかつか眼科クリニック,岡山県倉敷市笹沖１３２８番地１,2021-08-06,その他の設立登記法人
医療法人社団凜旺の幹,群馬県高崎市江木町１７１８番地４,2021-08-06,その他の設立登記法人
医療法人社団陽心会,新潟県三条市荻堀１１８２番地１,2021-08-06,その他の設立登記法人
合同会社つくも,東京都港区南青山２丁目２－１５,2021-08-06,合同会社
合同会社みらい総合サポート,埼玉県さいたま市大宮区大門町２丁目２０－２,2021-08-06,合同会社
合同会社アイウエア・キャリアエージェント,東京都大田区上池台３丁目３９番９号,2021-08-06,合同会社
合同会社アイライフ,宮城県富谷市明石台８丁目２８番地５,2021-08-06,合同会社
合同会社アール,東京都文京区千石３丁目４１番地１５号グランシャリオ千石２０１,2021-08-06,合同会社
合同会社イレブンエイド,東京都中野区本町３丁目２９番１０号ヴェルティ中野２０２,2021-08-06,合同会社
合同会社ウナム,大阪府摂津市浜町２番６－３０５号,2021-08-06,合同会社
合同会社カイロプラクティック中澤,栃木県塩谷郡高根沢町大字宝積寺２３４９番地９,2021-08-06,合同会社
合同会社カインドホーム,京都府京都市左京区下鴨水口町７－１－１０２,2021-08-06,合同会社
合同会社キョーブキ,京都府京田辺市花住坂１丁目１９－１９,2021-08-06,合同会社
合同会社クシロバコ,北海道釧路市鳥取大通８丁目１番５号,2021-08-06,合同会社
合同会社グランジュテ,熊本県熊本市中央区大江４丁目９番２０号,2021-08-06,合同会社
合同会社コウセツ,大分県大分市大字田尻５３０番地の２５,2021-08-06,合同会社
合同会社コンシロー,大阪府大阪市北区東天満１丁目１１番１３号ＡＸＩＳ南森町ビル７０３号,2021-08-06,合同会社
合同会社サイクルナビゲーター北海道,北海道札幌市北区屯田三条８丁目３番１０号,2021-08-06,合同会社
合同会社サカワホールディングス,埼玉県戸田市大字新曽２３４２番地の５,2021-08-06,合同会社
合同会社シー,埼玉県児玉郡上里町大字堤３６５番地２,2021-08-06,合同会社
合同会社スズ,宮城県仙台市若林区沖野４丁目１－１７シャトル太田Ｂ棟２０１,2021-08-06,合同会社
合同会社スタープラチナ,大阪府大阪市中央区松屋町３番１５－４０２号,2021-08-06,合同会社
合同会社スター企画,東京都国分寺市本町３丁目４番５号武蔵ビルＢ１,2021-08-06,合同会社
合同会社ダイニングＥＡＡ,東京都江東区南砂７丁目７－７白鳥ビル１０１号室,2021-08-06,合同会社
合同会社ツインズ,徳島県徳島市大松町上野神４２番地,2021-08-06,合同会社
合同会社ハルシュラ,熊本県人吉市相良町４番地２,2021-08-06,合同会社
合同会社ハート＆クローバー,奈良県奈良市宝来３丁目１番１０号,2021-08-06,合同会社
合同会社バザール,東京都中央区銀座１丁目２２番１１号２階,2021-08-06,合同会社
合同会社バレストラ,北海道札幌市中央区南三条西１２丁目３２６番地２ダイアパレス大通公園南４０１号,2021-08-06,合同会社
合同会社ファースト,徳島県徳島市庄町５丁目８１番地の１４７,2021-08-06,合同会社
合同会社フリーク,岩手県奥州市水沢字桜屋敷８０３番地メゾンフルールⅢＣ棟２０２号室,2021-08-06,合同会社
合同会社ペアレンツ,福岡県福岡市博多区住吉４丁目５番１号,2021-08-06,合同会社
合同会社ポケットオフィス,大阪府大阪市浪速区幸町１丁目３番１６－７０２号,2021-08-06,合同会社
合同会社ポンプアップ,福島県郡山市笹川２丁目２０５番地,2021-08-06,合同会社
合同会社マグニー,東京都港区六本木７丁目１７番２０号六本木明泉ビル５０１,2021-08-06,合同会社
合同会社ミィ,東京都杉並区高円寺北２丁目３番１１号藤の森ビル１Ｆ,2021-08-06,合同会社
合同会社ミカドインターナショナル,東京都中央区銀座６丁目１３番１６号５階,2021-08-06,合同会社
合同会社ミライ,静岡県浜松市南区東若林町１１２１番地の３,2021-08-06,合同会社
合同会社ムラタ,東京都中央区銀座１丁目２２番１１号銀座大竹ビジデンス２階,2021-08-06,合同会社
合同会社モノノーフ,東京都三鷹市井口４丁目１４番１３号,2021-08-06,合同会社
合同会社ラ・ソレイユ,千葉県船橋市東船橋４丁目３番１２号,2021-08-06,合同会社
合同会社リフィックス,東京都墨田区緑４丁目５番１５－９０３,2021-08-06,合同会社
合同会社ルーム,北海道札幌市中央区南四条西３丁目２番地３第３２桂和ビル５階,2021-08-06,合同会社
合同会社レファミーユ,愛知県名古屋市千種区唐山町２丁目３０番地アーバンドエル唐山２０５,2021-08-06,合同会社
合同会社七尾発電所,大阪府大阪市中央区北浜１丁目１番１９号,2021-08-06,合同会社
合同会社仲嶺エクステリア工業,沖縄県中頭郡中城村字登又２３３番地,2021-08-06,合同会社
合同会社千エンタープライズ,神奈川県横浜市中区大和町１丁目２２番地の１,2021-08-06,合同会社
合同会社古谷,鳥取県東伯郡琴浦町大字槻下１１４５番地３,2021-08-06,合同会社
合同会社山田工業,広島県福山市坪生町５丁目２－１－２,2021-08-06,合同会社
合同会社岩米農産,静岡県三島市新谷１０６番地４号,2021-08-06,合同会社
合同会社平和園,愛知県名古屋市昭和区広路通６丁目１番地の３,2021-08-06,合同会社
合同会社明正管財,東京都新宿区高田馬場４丁目２８番３１号－１０５,2021-08-06,合同会社
合同会社明治電工,福島県福島市飯野町明治字水原岫１０番地の１,2021-08-06,合同会社
合同会社泉,長崎県諫早市長野町１４５８番地１,2021-08-06,合同会社
合同会社温故知新玉野,東京都新宿区新宿５丁目１５番１４号,2021-08-06,合同会社
合同会社玉丸水産,長崎県南松浦郡新上五島町飯ノ瀬戸郷２８２番地７,2021-08-06,合同会社
合同会社真心,富山県富山市下赤江町１丁目１０番３４号,2021-08-06,合同会社
合同会社知恵の泉,東京都中央区日本橋浜町３丁目３９番１０－１１０４号,2021-08-06,合同会社
合同会社縁,大阪府阪南市鳥取９７８番地の３,2021-08-06,合同会社
合同会社花形事務所,愛知県名古屋市名東区香流３丁目１００７番地,2021-08-06,合同会社
合同会社虹星電工,広島県福山市春日町５丁目２番４４－２０１号,2021-08-06,合同会社
合同会社誠屋商店,福島県白河市登り町１４番地,2021-08-06,合同会社
合同会社金太郎,岡山県勝田郡勝央町黒土６７１番地１０,2021-08-06,合同会社
合同会社霞町マネジメント,東京都港区西麻布１丁目１５番４号グラード西麻布４０１,2021-08-06,合同会社
合同会社飯泉商会,愛知県清須市廻間３丁目１１番地２０,2021-08-06,合同会社
合同会社１９２１,兵庫県神戸市須磨区須磨浦通４丁目８番６号,2021-08-06,合同会社
合同会社Ａ＆Ｄ,茨城県守谷市小山３９３番１号,2021-08-06,合同会社
合同会社ＡＰＦ,鳥取県東伯郡琴浦町大字赤碕４６１番地２,2021-08-06,合同会社
合同会社Ａｌｃｏａ,埼玉県川口市北原台２丁目６番３－３０２号,2021-08-06,合同会社
合同会社Ｂ・Ｏ・Ｓ,熊本県菊池郡菊陽町光の森７丁目２０番地３,2021-08-06,合同会社
合同会社Ｃｌａｒｉｓｓ,栃木県佐野市若松町６６３番地１０,2021-08-06,合同会社
合同会社Ｃｌｅａｒ　Ｂｌｕｅ　Ｓｋｙ,東京都府中市四谷１丁目１９番地の６,2021-08-06,合同会社
合同会社Ｄ　Ｂｒｉｇｈｔ　Ｊａｐａｎ,神奈川県大和市上草柳３丁目７番１号,2021-08-06,合同会社
合同会社Ｅｎｄｏｒｐｈｉｎｓ,東京都台東区下谷１丁目１１－１５ソレイユ入谷２Ｆ,2021-08-06,合同会社
合同会社ＥｚＰｚ,静岡県沼津市原町中１丁目６－５,2021-08-06,合同会社
合同会社ＦｉｒｓｔＲｅｌａｔｉｏｎ,東京都台東区松が谷１丁目３番２号湯浅ビル２Ｆ,2021-08-06,合同会社
合同会社Ｇ－ａｎｅｔｔｏ,大阪府枚方市甲斐田町１２番３０号,2021-08-06,合同会社
合同会社ＧｏＮ,東京都新宿区西早稲田３丁目８－１４－６０２号,2021-08-06,合同会社
合同会社Ｈ＆Ｈ　ＴｒｉｐｏｎＳｔａｒｓ,神奈川県海老名市国分南２丁目１６番４－２３６号,2021-08-06,合同会社
合同会社Ｈｏｌｏ　ｉ　ｍｕａ,東京都品川区南大井５丁目９番４号,2021-08-06,合同会社
合同会社ＪＯＢ,福岡県北九州市小倉南区八重洲町１１番２７号２Ｆ,2021-08-06,合同会社
合同会社ＫＡＮＯＡ,東京都港区浜松町２丁目２番１５号浜松町ダイヤビル２Ｆ,2021-08-06,合同会社
合同会社ＫＥＥＰ　ＯＮ　ＰＥＡＣＥ,静岡県静岡市葵区瀬名川２丁目３４－７ポライトリー２０２号,2021-08-06,合同会社
合同会社ＫＥＹ　ＩＩ,神奈川県横浜市磯子区森１丁目１０番２０－７０１号,2021-08-06,合同会社
合同会社ＫＫ,大阪府大阪市天王寺区上汐６丁目３番７－６０２号,2021-08-06,合同会社
合同会社ＫＭＲ,東京都世田谷区用賀１丁目７番６号,2021-08-06,合同会社
合同会社Ｌ・Ｐ・Ｍ,東京都東大和市向原６丁目９４９番地３６,2021-08-06,合同会社
合同会社ＬｅａｐＡｃｔｕａｌｉｚｅ,兵庫県神戸市垂水区千鳥が丘３丁目２４番８１号,2021-08-06,合同会社
合同会社Ｍ＆Ａ,東京都目黒区自由が丘１丁目１３番１０号,2021-08-06,合同会社
合同会社ＮＯＲＴＨ　ＲＩＶＥＲ,愛知県江南市赤童子町福住２９番地３,2021-08-06,合同会社
合同会社ＮｏＬｉｍｉｔ,東京都府中市栄町１丁目３２番地の３９,2021-08-06,合同会社
合同会社ＯＯＭ,茨城県つくば市梅園２丁目２番地２０,2021-08-06,合同会社
合同会社ＰｕｎｙＵ　Ｍａｎａｇｅｍｅｎｔ,東京都新宿区百人町２丁目２６番９号９０１,2021-08-06,合同会社
合同会社ＲＡＭＩ,東京都世田谷区奥沢７丁目４０－１６－３,2021-08-06,合同会社
合同会社ＲＨＹ,大阪府大阪市東淀川区豊里７丁目１９番地７号第１２高光マンション４０２号室,2021-08-06,合同会社
合同会社ＲＰＧ,千葉県千葉市中央区中央港１丁目２５番２０号エコロジー千葉みなとレジデンスＡ１２０４号,2021-08-06,合同会社
合同会社Ｒｅｌ　Ｃｏ．,埼玉県越谷市大字南荻島１０２番地８,2021-08-06,合同会社
合同会社ＳＳＳ,埼玉県さいたま市見沼区春岡２丁目４０番地２２－３０５号,2021-08-06,合同会社
合同会社ＳＵＮＧＯ,福岡県福岡市博多区寿町２丁目９－２３－９０４,2021-08-06,合同会社
合同会社Ｓｙｎｅｒｇｙ　ｃｏｎｓｕｌｔｉｎｇ,東京都練馬区大泉町４丁目５－７,2021-08-06,合同会社
合同会社Ｔ＆Ａマネジメントオフィス,神奈川県川崎市幸区塚越４丁目３４５番地１ザ・ミレナリータワーズ１１１６,2021-08-06,合同会社
合同会社Ｔｅ　Ａｍｏ　Ｃｏｒｐｏｒａｔｉｏｎ,東京都港区南青山２丁目２－１５,2021-08-06,合同会社
合同会社ＵＲＢ,鹿児島県薩摩川内市平佐町１７４３番地１,2021-08-06,合同会社
合同会社ＹＣＳユミナス・アセットマネージメント,東京都東大和市中央４丁目１０６１番地３グリーンビル４Ｆ,2021-08-06,合同会社
合同会社ＹＭプランニング,新潟県長岡市中島３丁目７番３号サンハイツ中島Ｂ１０１,2021-08-06,合同会社
合同会社ＹＳＫ,東京都新宿区富久町１６番１２号パルセ富久４０１号,2021-08-06,合同会社
合同会社ＹＵＴＡＫＡ,大阪府大阪市浪速区戎本町２丁目９番１４号,2021-08-06,合同会社
合同会社ＺＡＩＥＮＮ,広島県江田島市大柿町小古江１５７６－７,2021-08-06,合同会社
合同会社ａｄｃｈｉｃ,岐阜県瑞穂市牛牧３２９番地１,2021-08-06,合同会社
合同会社ａｎｄ．Ｒ,埼玉県さいたま市見沼区大字南中丸３０７番地１２,2021-08-06,合同会社
合同会社ｋｔｋｒ,東京都渋谷区神宮前６丁目２３番４号桑野ビル２階,2021-08-06,合同会社
合同会社ｍｙ　ＫＩＥ,岐阜県岐阜市西荘３丁目１１－５,2021-08-06,合同会社
合同会社ｔａｋｅ,兵庫県川西市水明台１丁目４番地の２６,2021-08-06,合同会社
合資会社石坂建具店,新潟県新発田市舟入町２丁目３番２７号,2021-08-06,合資会社
吾福建設株式会社,神奈川県横浜市港北区日吉本町２丁目５５番３２号,2021-08-06,株式会社
呉模型・青葉株式会社,広島県呉市押込４丁目２８番２２号,2021-08-06,株式会社
大原河海工業株式会社,大阪府大阪市住之江区平林南２丁目１番２０－１８０５号,2021-08-06,株式会社
大地グローバルホールディングス株式会社,大阪府大阪市阿倍野区阿倍野筋１丁目１番４３号あべのハルカス３１階,2021-08-06,株式会社
大塚テッラー株式会社,埼玉県さいたま市大宮区浅間町１丁目４１番地２,2021-08-06,株式会社
大橋ＨＭＪ株式会社,滋賀県近江八幡市大森町７９－７,2021-08-06,株式会社
大福合同会社,神奈川県横浜市保土ケ谷区西谷４丁目７番１４号グリーンヒルカミ１－２－Ｄ号,2021-08-06,合同会社
大西アセットマネジメント株式会社,兵庫県姫路市南駅前町９１番地８－１３０４号,2021-08-06,株式会社
大西グループ株式会社,兵庫県姫路市南駅前町９１番地８－１３０４号,2021-08-06,株式会社
大西ヒルズ株式会社,兵庫県姫路市南駅前町９１番地８－１３０４号,2021-08-06,株式会社
大西ファースト株式会社,兵庫県姫路市新在家４丁目５番２３号,2021-08-06,株式会社
大西フィル株式会社,兵庫県姫路市新在家４丁目５番２３号,2021-08-06,株式会社
大西フォース株式会社,兵庫県姫路市南駅前町９１番地８－１３０４号,2021-08-06,株式会社
大西プランニング株式会社,兵庫県姫路市新在家４丁目５番２３号,2021-08-06,株式会社
大西ホールディングス株式会社,兵庫県姫路市南駅前町９１番地８－１３０４号,2021-08-06,株式会社
大西ムーブ株式会社,兵庫県姫路市新在家４丁目５番２３号,2021-08-06,株式会社
大西ユース株式会社,兵庫県姫路市新在家４丁目５番２３号,2021-08-06,株式会社
大鷲工業株式会社,鹿児島県出水市武本１５３９８番地１,2021-08-06,株式会社
嬉里・丸田宅地開発特定目的会社,福岡県福岡市中央区天神１丁目１３番２号,2021-08-06,その他の設立登記法人
小川管理株式会社,大阪府大阪市淀川区塚本５丁目６番１７号,2021-08-06,株式会社
川辺ファーム株式会社,秋田県由利本荘市矢島町川辺字次郷尻１１８番地２,2021-08-06,株式会社
広東東陽光科技控股股份有限公司,東京都中央区湊１丁目８－１５,2021-08-06,外国会社等
廣輝商事合同会社,大阪府門真市脇田町８番１６号,2021-08-06,合同会社
弁護士法人安田総合法律事務所,鹿児島県鹿児島市山下町１６番１２号木庭ビル２階,2021-08-06,その他の設立登記法人
彌三郎商店合同会社,北海道札幌市西区西町南１丁目３番１５－２０２号,2021-08-06,合同会社
御崎ホールディングス株式会社,愛知県名古屋市天白区井の森町４８番地,2021-08-06,株式会社
徳島青果高速運送株式会社,徳島県板野郡板野町西中富字西中須４２番地１,2021-08-06,株式会社
徳川株式会社,大阪府大阪市中央区徳井町２丁目１－１５第二共栄ビル,2021-08-06,株式会社
成鴻電工株式会社,東京都新宿区大久保２丁目２番１１号,2021-08-06,株式会社
日本アグテック合同会社,長崎県長崎市江戸町５番８号第５一ノ瀬中央橋ビル５階,2021-08-06,合同会社
日本ケーブルテレビ企業年金基金,東京都台東区浅草橋３丁目１－１,2021-08-06,その他
日本電統サービス株式会社,福岡県福岡市博多区東比恵３丁目１４－１４－３０２,2021-08-06,株式会社
日牟禮屋株式会社,東京都板橋区成増２丁目４番７号,2021-08-06,株式会社
旦誠産業株式会社,岩手県滝沢市巣子９６４番３７マトリョーシカ１０１,2021-08-06,株式会社
星野時宝株式会社,新潟県上越市柿崎区柿崎７２４４番地,2021-08-06,株式会社
未来パートナーズ株式会社,東京都新宿区大久保１丁目４－２０,2021-08-06,株式会社
東安順株式会社,宮崎県延岡市惣領町９番２号,2021-08-06,株式会社
株式会社あや商事,神奈川県横浜市中区本牧三之谷５７番２号,2021-08-06,株式会社
株式会社かのん,石川県能美市緑が丘６丁目３０番地,2021-08-06,株式会社
株式会社きらめーく,岐阜県岐阜市長住町２丁目７番地,2021-08-06,株式会社
株式会社くろかわ動物病院,広島県広島市安芸区中野東４丁目７番３９号,2021-08-06,株式会社
株式会社さつま薬局,鹿児島県鹿児島市吉野町８６０３番地１６,2021-08-06,株式会社
株式会社しちふく,大阪府摂津市三島２丁目２番５１号,2021-08-06,株式会社
株式会社だんだん,大阪府堺市西区浜寺石津町中３丁２番５－３号,2021-08-06,株式会社
株式会社とちたて不動産,新潟県新潟市中央区天神１丁目１番地プラーカ３、２Ｆ,2021-08-06,株式会社
株式会社ふるさと,長野県長野市青木島町綱島１８番地１,2021-08-06,株式会社
株式会社まきざわ,兵庫県丹波篠山市乾新町２２０番地６,2021-08-06,株式会社
株式会社まなお,徳島県板野郡藍住町徳命字前須西３３番地１２,2021-08-06,株式会社
株式会社みんなの軽貨物,兵庫県神戸市西区神出町宝勢２００１番地の１,2021-08-06,株式会社
株式会社もったい９,兵庫県神戸市北区道場町塩田２０１０番地の１,2021-08-06,株式会社
株式会社よつば政策研究所,栃木県矢板市片俣３６６,2021-08-06,株式会社
株式会社アクアどうぶつ病院,神奈川県秦野市上今川町５番２２号,2021-08-06,株式会社
株式会社アクアフューチャー研究所,愛知県名古屋市名東区梅森坂西２丁目６２３番地,2021-08-06,株式会社
株式会社アグフォート,大阪府大阪市淀川区西中島７丁目９番２号セルーエ新大阪５階,2021-08-06,株式会社
株式会社アシプロ,埼玉県鶴ヶ島市大字上広谷７９３番地６メイツ若葉ザ・レジデンス１０６号,2021-08-06,株式会社
株式会社アスフィット,愛知県名古屋市千種区今池１丁目６番３号ＩＴＯビル６Ｂ,2021-08-06,株式会社
株式会社アソリア,神奈川県横浜市西区北幸１丁目１１－１水信ビル７階,2021-08-06,株式会社
株式会社アテックス,千葉県佐倉市生谷８２３番地１,2021-08-06,株式会社
株式会社アンビションロード,愛知県一宮市富士３丁目１番２７号,2021-08-06,株式会社
株式会社アース工業,埼玉県草加市瀬崎７丁目１番９号,2021-08-06,株式会社
株式会社アール,東京都品川区南品川１丁目１番３号,2021-08-06,株式会社
株式会社イルスタジオ,秋田県秋田市手形山崎町３番２３号,2021-08-06,株式会社
株式会社インプル,東京都町田市南町田３丁目３０番１－４２２号,2021-08-06,株式会社
株式会社ウィズダムワークス,大阪府八尾市八尾木東２丁目９番地,2021-08-06,株式会社
株式会社ウィズユースマイル,神奈川県横浜市西区みなとみらい４丁目４番２号横浜ブルーアベニュー１２階,2021-08-06,株式会社
株式会社ウェルスコンダクターズ,東京都港区赤坂８丁目１１番１９－５０３号,2021-08-06,株式会社
株式会社ウォータープランニング,宮城県大崎市古川鶴ケ埣字新江北１２７番地７,2021-08-06,株式会社
株式会社エイト,宮崎県宮崎市丸山１丁目８１番地,2021-08-06,株式会社
株式会社エクシア,東京都中野区鷺宮１丁目３０番１３号,2021-08-06,株式会社
株式会社エクシード,東京都足立区梅島１丁目３０番１３号,2021-08-06,株式会社
株式会社エスエムケー販売企画,兵庫県神戸市北区鈴蘭台西町１丁目２番１２号,2021-08-06,株式会社
株式会社エスコーポレーション,大阪府大阪市北区長柄西２丁目１１番２４－１４０６号,2021-08-06,株式会社
株式会社エト,東京都港区高輪３丁目１２番８号,2021-08-06,株式会社
株式会社エナージェン,東京都港区赤坂２丁目１７－６４、１１０１,2021-08-06,株式会社
株式会社エフディーサポート,埼玉県越谷市瓦曽根２丁目５番３１－３０９号,2021-08-06,株式会社
株式会社エフプランニング,神奈川県横浜市中区常盤町１丁目５番地ＦＯＲＭ関内ビル３階,2021-08-06,株式会社
株式会社エフ・リアルティー,千葉県千葉市緑区おゆみ野３丁目２５番地３,2021-08-06,株式会社
株式会社エム,長崎県五島市富江町富江３５７番地５９,2021-08-06,株式会社
株式会社エムジーシステム,大阪府四條畷市砂２丁目４番１号,2021-08-06,株式会社
株式会社エムデサポート,福岡県福岡市中央区赤坂３丁目１０番４９－１０１号,2021-08-06,株式会社
株式会社エムラ工業,神奈川県横浜市鶴見区北寺尾５丁目１０番５－２０２号,2021-08-06,株式会社
株式会社エム・エス・オー,埼玉県加須市北下新井１２５番地２,2021-08-06,株式会社
株式会社エルア・ノア,東京都葛飾区青戸３丁目３１－４磯太郎ビル２階,2021-08-06,株式会社
株式会社エ・フムス,埼玉県草加市松江１丁目３番１１－１０１号,2021-08-06,株式会社
株式会社エースクオリティ,東京都港区三田３丁目１２番１７号プレクスビルディング８Ｆ,2021-08-06,株式会社
株式会社オクタゴンエイト,兵庫県西宮市五月ケ丘１番２６号,2021-08-06,株式会社
株式会社オスピタリタ,兵庫県神戸市西区池上３丁目６番１号メゾンドール西久保Ⅱ２Ｆ,2021-08-06,株式会社
株式会社オフィスサンディ,神奈川県横浜市港北区小机町１３３３番地１４,2021-08-06,株式会社
株式会社オーディン,東京都武蔵野市吉祥寺南町１丁目１０番１０号Ｓビル３Ｆ,2021-08-06,株式会社
株式会社オールウェイズ,愛知県名古屋市中区錦２丁目１４番２５号ヤマイチビル１Ｆ,2021-08-06,株式会社
株式会社カイナス,神奈川県横浜市戸塚区東俣野町３２番地１０,2021-08-06,株式会社
株式会社カスミ,徳島県阿波市阿波町中原２１番地３,2021-08-06,株式会社
株式会社カトーインシュアランスブローカーズ,東京都昭島市宮沢町１丁目１番５号,2021-08-06,株式会社
株式会社カベユウ,愛知県額田郡幸田町大字菱池字内池７９番地,2021-08-06,株式会社
株式会社キバコ,奈良県五條市住川町１２９７番地,2021-08-06,株式会社
株式会社キラリエノ,愛知県知多郡東浦町大字緒川字東仙台２１番地の９,2021-08-06,株式会社
株式会社クエストアカデミア,福島県二本松市長折字舟山内１５０番地,2021-08-06,株式会社
株式会社クニャーネ,東京都港区赤坂９丁目６番１２号イワキビル３階,2021-08-06,株式会社
株式会社クルール各務原,愛知県名古屋市中区丸の内３丁目２０番９号三晃社ビル３階,2021-08-06,株式会社
株式会社クロストラクト,東京都千代田区神田和泉町１番地６の１３ＫＨビル２階,2021-08-06,株式会社
株式会社グラン・ウール,神奈川県横浜市青葉区市ケ尾町１０５４番地７,2021-08-06,株式会社
株式会社グリーン環境開発,兵庫県豊岡市出石町本町７９番地,2021-08-06,株式会社
株式会社グーナビ,東京都新宿区大久保２丁目７番１－６０４号,2021-08-06,株式会社
株式会社ケーオネスト,埼玉県所沢市上新井１丁目２２番地の１,2021-08-06,株式会社
株式会社コネクト,宮城県仙台市青葉区中央２丁目７番３０－５Ｆ,2021-08-06,株式会社
株式会社コハククリエーションズ,東京都千代田区外神田２丁目５－９プラウドフラット外神田１１０１,2021-08-06,株式会社
株式会社コントリビューション,東京都品川区西五反田８丁目３番８－８０６号,2021-08-06,株式会社
株式会社サインプラス,大阪府大阪市浪速区元町２丁目１３番３６号伊勢田ビル４０５,2021-08-06,株式会社
株式会社サクラ農場,鹿児島県鹿屋市上祓川町６７４７番地１,2021-08-06,株式会社
株式会社サトウ工業,福島県いわき市小名浜大原字中野地１５９番地の２,2021-08-06,株式会社
株式会社シェルビット,東京都中央区東日本橋２丁目２８番４号日本橋ＣＥＴビル２階,2021-08-06,株式会社
株式会社シックザール,埼玉県さいたま市浦和区瀬ヶ崎５丁目１３番４号,2021-08-06,株式会社
株式会社シティライツ,愛知県名古屋市中区丸の内３丁目１７番２４号,2021-08-06,株式会社
株式会社シナジーホールディングス,広島県東広島市西条町寺家６８４０番地１,2021-08-06,株式会社
株式会社スカイスクールジャパン,熊本県熊本市中央区坪井４丁目３番３５号,2021-08-06,株式会社
株式会社スターティングライン,大阪府大阪市中央区瓦町３丁目４番１０号日宝御堂ビル５階,2021-08-06,株式会社
株式会社スタート,大阪府大阪市生野区巽北３丁目１１番１１－３０１号,2021-08-06,株式会社
株式会社スピリッツ・インベストメント,東京都港区赤坂３丁目９番１８号赤坂見附ＫＩＴＡＹＡＭＡビル５階,2021-08-06,株式会社
株式会社スマイル,東京都江東区平野１丁目５番２号,2021-08-06,株式会社
株式会社セーラムシステムズ,千葉県四街道市旭ケ丘３丁目１２番１０号,2021-08-06,株式会社
株式会社ソコスモ,東京都中央区銀座８丁目１２番１５号,2021-08-06,株式会社
株式会社タイケン,大阪府富田林市梅の里２丁目２６番１９号,2021-08-06,株式会社
株式会社タカハシ内装,北海道釧路市鶴野東３丁目２２番２号,2021-08-06,株式会社
株式会社タリー,神奈川県相模原市南区大野台６丁目６番１０号,2021-08-06,株式会社
株式会社タンタブル,東京都世田谷区北沢２丁目３９番６号ＣＯＳ下北沢２０１,2021-08-06,株式会社
株式会社ダイエイイースト,滋賀県彦根市長曽根南町４９４番地２,2021-08-06,株式会社
株式会社ダブル,東京都中央区日本橋兜町１７番２号兜町第６葉山ビル４階,2021-08-06,株式会社
株式会社チアエステート,東京都千代田区神田須田町２丁目６番地２０マリアナ神田須田町３Ｆ,2021-08-06,株式会社
株式会社チューズデー,沖縄県中頭郡北谷町美浜２丁目６番地７,2021-08-06,株式会社
株式会社ツクモ,三重県鈴鹿市東磯山３丁目２番１号,2021-08-06,株式会社
株式会社ツナグＨＣサポート,東京都千代田区神田三崎町３丁目１番１６号,2021-08-06,株式会社
株式会社トキワセーフティーステップ,茨城県つくば市小野崎１３８番地１,2021-08-06,株式会社
株式会社トマリギ,東京都港区浜松町２丁目２番１５号浜松町ダイヤビル２Ｆ,2021-08-06,株式会社
株式会社トライロ,兵庫県西宮市山口町上山口４丁目７番１３－２０３号,2021-08-06,株式会社
株式会社トラーチ,奈良県奈良市法華寺町１８７－１０２,2021-08-06,株式会社
株式会社トレジャー・ネットワークス,東京都新宿区新宿５丁目２番１号ニュー番衆ビル８０３,2021-08-06,株式会社
株式会社ナツメダマネジメント,広島県福山市新市町大字相方２１６番地１,2021-08-06,株式会社
株式会社ネクストアカウンティング,埼玉県春日部市谷原３丁目１４番地３９,2021-08-06,株式会社
株式会社ノーススター,千葉県市川市行徳駅前３丁目１番２－４０３号（ネクステージ）,2021-08-06,株式会社
株式会社ハイオネスト,東京都足立区谷中４丁目４番１７号コーポテンソウ１階,2021-08-06,株式会社
株式会社ハウジングリペア,大分県臼杵市大字井村字黒友２１４５番地の３,2021-08-06,株式会社
株式会社ハマネンソーラー,静岡県浜松市西区入野町６２１番地,2021-08-06,株式会社
株式会社ハル,静岡県浜松市浜北区豊保１８１番地の２０,2021-08-06,株式会社
株式会社ハートサービス,神奈川県横須賀市武５丁目２５番８号,2021-08-06,株式会社
株式会社バステト,東京都港区浜松町２丁目２－１５浜松町ダイヤビル２Ｆ,2021-08-06,株式会社
株式会社パーフェクトホーム,神奈川県横浜市緑区長津田町３１４８番地,2021-08-06,株式会社
株式会社パールロード,大阪府箕面市新稲５丁目６－４,2021-08-06,株式会社
株式会社ビジネスキャリア・コンサルティング,兵庫県神戸市中央区北長狭通４丁目２番１９号,2021-08-06,株式会社
株式会社フォーリーフ,千葉県松戸市小金原３丁目１６番地の２０,2021-08-06,株式会社
株式会社フラットヒルズ,東京都町田市金井ヶ丘４丁目３１番１－２０１号,2021-08-06,株式会社
株式会社プライベート・サーヴィス,神奈川県横浜市西区岡野１丁目９－７リーベスト岡野ビル１０２,2021-08-06,株式会社
株式会社ベラヴィータ,鳥取県境港市上道町１８５５番地４,2021-08-06,株式会社
株式会社ホームアシスト,長崎県長崎市戸石町５００番地５９２,2021-08-06,株式会社
株式会社マイクロ・マーケティング,東京都武蔵野市吉祥寺本町２丁目８番４号ｉ－ｏｆｆｉｃｅ吉祥寺,2021-08-06,株式会社
株式会社メデューサ,神奈川県横浜市青葉区あざみ野南４丁目２２番地４１,2021-08-06,株式会社
株式会社モリタ不動産,福井県小浜市木崎第３２号１０番地の１,2021-08-06,株式会社
株式会社ヤマコービル,愛知県名古屋市名東区極楽２丁目１５９番地,2021-08-06,株式会社
株式会社ユナイトカンパニー,広島県広島市安芸区畑賀２丁目２２番２９－２０３号,2021-08-06,株式会社
株式会社ユニゾンプラン,神奈川県横浜市港北区大倉山７丁目２３番７号,2021-08-06,株式会社
株式会社ユニバーサルビジョン,東京都千代田区丸の内２丁目３番２号,2021-08-06,株式会社
株式会社ユフ,東京都港区浜松町２丁目２番１５号浜松町ダイヤビル２Ｆ,2021-08-06,株式会社
株式会社ヨシゾー,埼玉県所沢市大字山口２６４番地の２,2021-08-06,株式会社
株式会社ライクプレイス,大阪府大阪市中央区本町２丁目３番４号,2021-08-06,株式会社
株式会社ライズ,神奈川県藤沢市石川５丁目６番地の４２,2021-08-06,株式会社
株式会社ライズライン,神奈川県厚木市関口２５１番地３,2021-08-06,株式会社
株式会社ラグリ,埼玉県所沢市榎町８番１６号,2021-08-06,株式会社
株式会社ラゴスエステート,兵庫県西宮市名塩ガーデン４番１７号,2021-08-06,株式会社
株式会社ラッセルエステート,東京都目黒区下目黒２丁目２３番２１号,2021-08-06,株式会社
株式会社ラフエイト,大阪府茨木市中穂積１丁目６番４６号松田ビル３階,2021-08-06,株式会社
株式会社リサイクル齋藤,島根県益田市美都町山本イ３２６番地１,2021-08-06,株式会社
株式会社リトルワールド,埼玉県さいたま市北区吉野町２丁目２０番地８グリーンミユキ吉野町４０４号,2021-08-06,株式会社
株式会社リノック,東京都港区浜松町２丁目２番１５号浜松町ダイヤビル２Ｆ,2021-08-06,株式会社
株式会社リフレイム,北海道登別市富岸町３丁目１８番地４７,2021-08-06,株式会社
株式会社リベルタ,神奈川県大和市下鶴間２３３５番地１リエスつきみ野２０７,2021-08-06,株式会社
株式会社リメイク,東京都文京区目白台１丁目１７番１号目白台ヒルズ２０２,2021-08-06,株式会社
株式会社リンクアップエージェント,愛知県愛知郡東郷町清水２丁目６番地１８－Ｂ２０２,2021-08-06,株式会社
株式会社リード,東京都豊島区東池袋４丁目３２番１５号,2021-08-06,株式会社
株式会社レシオ,福岡県福岡市博多区博多駅東２丁目５－１９サンライフ第３ビル６Ｆ,2021-08-06,株式会社
株式会社レッグス分割準備会社,東京都港区南青山２丁目２６番１号,2021-08-06,株式会社
株式会社レムニスケート,東京都江戸川区西一之江４丁目１６番１０号,2021-08-06,株式会社
株式会社ロールハウス経営研究所,大阪府大阪市北区天神橋４丁目８番２７号,2021-08-06,株式会社
株式会社ローレル,東京都渋谷区代々木１丁目４５番１３号ルネッサンス代々木’８５ビル２０３号,2021-08-06,株式会社
株式会社ワンビシャス,東京都世田谷区宇奈根１丁目１３番２１号海老澤メゾン１３番館２０１,2021-08-06,株式会社
株式会社一春,神奈川県大和市つきみ野８丁目１４番地の４３,2021-08-06,株式会社
株式会社一秀,兵庫県尼崎市東園田町１丁目３３３番地の３,2021-08-06,株式会社
株式会社七福神,北海道札幌市西区山の手六条７丁目４番２５号,2021-08-06,株式会社
株式会社三共エクスプレス,東京都足立区扇３丁目２０番７号,2021-08-06,株式会社
株式会社三葉商事,兵庫県小野市王子町６９７番地サンパレス小野１０１号,2021-08-06,株式会社
株式会社中原企画,東京都三鷹市中原４丁目１４番５号,2021-08-06,株式会社
株式会社中江工業所,東京都中野区南台３丁目２４番１１号,2021-08-06,株式会社
株式会社二,神奈川県横浜市港北区大豆戸町２０４番地１８,2021-08-06,株式会社
株式会社五十嵐建物管理,大阪府大阪市西区新町２丁目３番８号ＤＯビル新町６０３号,2021-08-06,株式会社
株式会社仁鍼・ひとはり,大阪府大阪市中央区北浜東４番２４－１４０６号,2021-08-06,株式会社
株式会社仲澤組,埼玉県川越市熊野町５番地２７,2021-08-06,株式会社
株式会社伊藤,大阪府大阪市中央区南本町４丁目３番１６－３２０１号,2021-08-06,株式会社
株式会社佐藤重夫左官店,秋田県横手市雄物川町造山字十足馬場３７番地３,2021-08-06,株式会社
株式会社八女スイーツ,福岡県八女市蒲原５２０,2021-08-06,株式会社
株式会社八起電巧,神奈川県横浜市南区大岡１丁目６７番１６－４号,2021-08-06,株式会社
株式会社函配,静岡県田方郡函南町柏谷６８９番地の１６,2021-08-06,株式会社
株式会社勇伸工業,鹿児島県霧島市国分重久２３１番地２,2021-08-06,株式会社
株式会社勝福技建,大阪府吹田市樫切山１０番１６号,2021-08-06,株式会社
株式会社北摂エクステリア,兵庫県宝塚市平井１丁目８番１０号,2021-08-06,株式会社
株式会社十夢建材,埼玉県川越市南大塚４丁目３番地１９,2021-08-06,株式会社
株式会社友信工業,埼玉県八潮市大字伊勢野６７番地６,2021-08-06,株式会社
株式会社吉野工業,埼玉県熊谷市石原７２８番地１,2021-08-06,株式会社
株式会社味楽の焼肉丼,広島県広島市南区松原町１０－２７,2021-08-06,株式会社
株式会社和僑総武,東京都千代田区外神田１丁目１５番８号丸山ビル１Ｆ,2021-08-06,株式会社
株式会社喜志造,鹿児島県鹿児島市加治屋町３－１２,2021-08-06,株式会社
株式会社園田ホールディングス,京都府京都市右京区常盤山下町６番地４,2021-08-06,株式会社
株式会社坂田工務店,大阪府門真市沖町２８番１１－１号,2021-08-06,株式会社
株式会社大原ホールディングス,愛知県北名古屋市鍜治ケ一色襟４４番地２,2021-08-06,株式会社
株式会社大真,大阪府大阪市北区豊崎５丁目６－７,2021-08-06,株式会社
株式会社大福,福井県福井市門前２丁目５０１番地レイユール門前２０１,2021-08-06,株式会社
株式会社大西工業,香川県高松市春日町６９５番地３,2021-08-06,株式会社
株式会社大野犬猫病院,埼玉県本庄市栗崎５番地２,2021-08-06,株式会社
株式会社大隼設備,埼玉県川越市砂新田５丁目１３番地１０,2021-08-06,株式会社
株式会社天照,福岡県糟屋郡粕屋町大字内橋３３９番地,2021-08-06,株式会社
株式会社宮武製作所ホールディングス,東京都千代田区内幸町１丁目３番３号内幸町ダイビル,2021-08-06,株式会社
株式会社小原井,福岡県北九州市小倉北区下富野３丁目２番１３号,2021-08-06,株式会社
株式会社小椋林業,福島県会津若松市河東町南高野字向原１０２番地１,2021-08-06,株式会社
株式会社山新総合,大分県別府市大字鶴見４５４６番地の１０４,2021-08-06,株式会社
株式会社川正,大阪府岸和田市今木町４２５番地の７,2021-08-06,株式会社
株式会社布田興業,神奈川県横浜市港北区樽町４丁目１番３６号グリーンヴィラ１０２,2021-08-06,株式会社
株式会社彩建築計画,東京都港区赤坂６丁目１６番１５－２０１号,2021-08-06,株式会社
株式会社彩豊電設,埼玉県久喜市吉羽３丁目１３番地１７,2021-08-06,株式会社
株式会社徳川建設工業,徳島県吉野川市鴨島町鴨島３８８番地３１,2021-08-06,株式会社
株式会社志士,東京都豊島区目白１丁目３番１７号目白ガーデンヒルズＣ棟３２６号,2021-08-06,株式会社
株式会社志輝,埼玉県川口市大字峯１５５１番地の５,2021-08-06,株式会社
株式会社恒設備,神奈川県横浜市金沢区東朝比奈１丁目８番２０号,2021-08-06,株式会社
株式会社恵寿,兵庫県明石市大明石町２丁目４番１７号,2021-08-06,株式会社
株式会社悠凪,滋賀県湖南市下田１８２４番地２９,2021-08-06,株式会社
株式会社悠楽,岡山県岡山市中区平井１２２９番地１７,2021-08-06,株式会社
株式会社成城,東京都江戸川区南葛西６丁目３３－３－２０１,2021-08-06,株式会社
株式会社成田屋,福岡県北九州市小倉南区志徳２丁目４番２６－４０１号,2021-08-06,株式会社
株式会社成郷,熊本県熊本市南区近見１丁目１６番２８号シャルマンメゾン１０１号,2021-08-06,株式会社
株式会社新開,鹿児島県熊毛郡中種子町野間５１０２番地２６,2021-08-06,株式会社
株式会社日本ＴＯＹＯ,東京都中央区銀座３丁目９番１８号東銀座ビル３０１,2021-08-06,株式会社
株式会社日電テックエンジニアリング,大阪府大阪市東淀川区豊里２丁目２３番１０号,2021-08-06,株式会社
株式会社杉本空調設備,埼玉県新座市馬場４丁目５番３０号,2021-08-06,株式会社
株式会社東栄興業,神奈川県藤沢市石川３丁目２９番地の３３,2021-08-06,株式会社
株式会社東洋銘板,大阪府枚方市招提田近１丁目１２番地,2021-08-06,株式会社
株式会社松本工業,栃木県大田原市加治屋９６番地１０１,2021-08-06,株式会社
株式会社松田洋蘭園,徳島県阿南市山口町末広３８番地,2021-08-06,株式会社
株式会社森と人と,大分県中津市耶馬溪町川原口１２１９番地１,2021-08-06,株式会社
株式会社横濱疾風伝,神奈川県横浜市保土ケ谷区天王町１丁目２２番１８号,2021-08-06,株式会社
株式会社比翔工業,兵庫県宝塚市口谷西３丁目５５番地の５,2021-08-06,株式会社
株式会社清雅屋,愛知県海部郡蟹江町宝２丁目６７番地,2021-08-06,株式会社
株式会社渡辺工業,東京都江東区東陽１丁目１１番７号,2021-08-06,株式会社
株式会社源,熊本県山鹿市菊鹿町池永８０番地４,2021-08-06,株式会社
株式会社濵口工業,三重県四日市市小古曽東１丁目１番３２号,2021-08-06,株式会社
株式会社琥珀,大分県大分市東大道１丁目３番１号アクロスプラザ大分駅南２Ｆ,2021-08-06,株式会社
株式会社畑中工業,千葉県八街市八街に１０６番地１２９,2021-08-06,株式会社
株式会社矢成建設,千葉県木更津市畑沢南２丁目７番１３号,2021-08-06,株式会社
株式会社石原設備,広島県呉市広白岳５丁目２番７－５０６号,2021-08-06,株式会社
株式会社石心水,熊本県熊本市中央区渡鹿４丁目１３番５１号,2021-08-06,株式会社
株式会社神部聡建築設計事務所,沖縄県中頭郡中城村字南上原１００７番地１Ｆ,2021-08-06,株式会社
株式会社維鶴木工,奈良県吉野郡東吉野村大字瀧野５０７,2021-08-06,株式会社
株式会社羽賀商会,福島県大沼郡会津美里町字布才地６９９番地２,2021-08-06,株式会社
株式会社花亀,栃木県宇都宮市簗瀬１丁目１４番８号,2021-08-06,株式会社
株式会社藤井工業,兵庫県神戸市西区池上２丁目３９番地の７－３Ｆ,2021-08-06,株式会社
株式会社西政組,大阪府和泉市鍛治屋町１９５番地の３,2021-08-06,株式会社
株式会社解体くん,静岡県静岡市駿河区丸子３３９８番地の１－２Ｆ,2021-08-06,株式会社
株式会社誠和,埼玉県川口市南鳩ヶ谷４丁目２６番１－９０５号,2021-08-06,株式会社
株式会社輝工業,千葉県柏市高田１３２１番地２０,2021-08-06,株式会社
株式会社金子設計ホールディングス,神奈川県横浜市磯子区西町５番１１号,2021-08-06,株式会社
株式会社長谷川,神奈川県相模原市中央区星が丘１丁目１５番２２号,2021-08-06,株式会社
株式会社開榮商事,神奈川県厚木市森の里３丁目１２番２－５０１号,2021-08-06,株式会社
株式会社阪本鉄工,兵庫県川西市加茂２丁目３番１９号,2021-08-06,株式会社
株式会社青山商会,愛知県半田市花園町５丁目１１番地の１,2021-08-06,株式会社
株式会社響吉工務店,大阪府高石市高師浜４丁目６番１３－１０２号,2021-08-06,株式会社
株式会社風の杜いしかりファンド,北海道札幌市中央区北五条西２丁目５番地ＪＲタワーオフィスプラザさっぽろ２０階,2021-08-06,株式会社
株式会社風土,福岡県北九州市小倉北区魚町１丁目４番１７号,2021-08-06,株式会社
株式会社高橋経営計画研究会,東京都中野区上鷺宮２丁目２２番５号,2021-08-06,株式会社
株式会社黒石工機,青森県黒石市青山１１１番地２,2021-08-06,株式会社
株式会社１号,神奈川県鎌倉市稲村ガ崎３丁目１５番２号,2021-08-06,株式会社
株式会社２号,神奈川県鎌倉市稲村ガ崎３丁目１５番２号,2021-08-06,株式会社
株式会社２４６,神奈川県鎌倉市稲村ガ崎３丁目７番３５号,2021-08-06,株式会社
株式会社３号,神奈川県鎌倉市稲村ガ崎３丁目１５番２号,2021-08-06,株式会社
株式会社４号,神奈川県鎌倉市稲村ガ崎３丁目１５番２号,2021-08-06,株式会社
株式会社５号,神奈川県鎌倉市稲村ガ崎３丁目１５番２号,2021-08-06,株式会社
株式会社５０２,神奈川県横浜市瀬谷区阿久和西３丁目３２番２１号,2021-08-06,株式会社
株式会社９２,神奈川県横浜市磯子区岡村２丁目２番２５号ソーラ１０２号,2021-08-06,株式会社
株式会社Ａカンパニー,香川県高松市番町５丁目６番３７－６０４号,2021-08-06,株式会社
株式会社Ａ・Ｉ建築設計室,兵庫県尼崎市水堂町３丁目１６番２３号,2021-08-06,株式会社
株式会社ＡＧオオツカ,秋田県能代市河戸川字南後田８６番地１,2021-08-06,株式会社
株式会社ＡＩＭＥＲ,青森県平川市柏木町柳田２１９番地２,2021-08-06,株式会社
株式会社ＡＬＬＵＲＥ,東京都港区新橋４丁目１５番８号ル・グラシエルＢＬＤＧ．２１六階,2021-08-06,株式会社
株式会社ＡＯＫＩ　ＴＲＡＤＩＮＧ,兵庫県加古郡稲美町六分一４８６番地,2021-08-06,株式会社
株式会社ＡＳＡＰ,東京都新宿区岩戸町１４番地４０１,2021-08-06,株式会社
株式会社ＡＳＫ,東京都福生市大字福生６６５－２０,2021-08-06,株式会社
株式会社ＡＳＳ,大阪府大阪市北区東天満２丁目６番１－６０３号,2021-08-06,株式会社
株式会社ＡＳＳＩＳＴ,大阪府大阪市中央区南船場３丁目２番２８号,2021-08-06,株式会社
株式会社ＡＹＰ,大分県別府市大字鉄輪６２８番地の３,2021-08-06,株式会社
株式会社ＡｎｎＡｓｓｅｔｍｅｎｔ,大阪府八尾市東本町４丁目３番３３号,2021-08-06,株式会社
株式会社ＡｒｉｓＬｙ,東京都品川区二葉１丁目２１番６号,2021-08-06,株式会社
株式会社Ａｒｔｅ,東京都港区南青山２丁目２番１５号ウィン青山９４２,2021-08-06,株式会社
株式会社ＡｕｔｏＧプラス,北海道苫小牧市あけぼの町３丁目４番１７号,2021-08-06,株式会社
株式会社Ｂ・Ｃ　ＬＡＢ,東京都中央区銀座７丁目５番４号,2021-08-06,株式会社
株式会社ＢＡＣＫ　ＳＣＲＡＴＣＨＥＲ,高知県高知市針木北１丁目９番３３－１４号,2021-08-06,株式会社
株式会社ＢＥＧＬＯＤ,大阪府大阪市中央区淡路町１丁目３－１４ニュー淡路町ビル３Ｆ,2021-08-06,株式会社
株式会社ＢＭＯ　Ｗｏｒｋｓ,北海道札幌市中央区宮の森三条１丁目４番２０－７０２号,2021-08-06,株式会社
株式会社ＢＵＬＫ　ＴＲＡＤＩＮＧ,兵庫県神戸市中央区港島３丁目４番２号,2021-08-06,株式会社
株式会社Ｂｅｌｌｔｒｅｅ,東京都中野区東中野５丁目２９番２５号,2021-08-06,株式会社
株式会社Ｂｌｕｅ　Ｓｋｙ,大阪府吹田市山田東２丁目３２－１－３０５,2021-08-06,株式会社
株式会社Ｂｏｎｄ　Ｂｒｉｄｇｅ　Ｃｏｍｐａｎｙ,神奈川県横浜市神奈川区栄町５番地１横浜クリエーションスクエア１４階,2021-08-06,株式会社
株式会社ＣＡＲＡＶＡＮ,埼玉県さいたま市浦和区前地３丁目１６番２０－５０２号,2021-08-06,株式会社
株式会社ＣＨＬ,大阪府大阪市北区松ケ枝町１番３９号東天満エンビィビル８Ｆ,2021-08-06,株式会社
株式会社ＣＩＶＩＬＥ,香川県観音寺市三本松町４丁目２番３０号,2021-08-06,株式会社
株式会社ＣＬＵＢ　ＲＥＤ,長野県諏訪市諏訪１丁目４－１０,2021-08-06,株式会社
株式会社ＣＯＬＯＲＳ工務店,滋賀県大津市神領２丁目２２番７号,2021-08-06,株式会社
株式会社ＣＲＥＳＴ,神奈川県横浜市戸塚区吉田町３００１－３スポーツクラブＮＡＳ株式会社戸塚営業所内,2021-08-06,株式会社
株式会社Ｃａｌｍ,神奈川県横浜市旭区二俣川２丁目５０番地１４,2021-08-06,株式会社
株式会社Ｃａｒ　Ｒｉｓｅ,大阪府東大阪市本庄西１丁目８番４１号,2021-08-06,株式会社
株式会社Ｃｏｃｏｆｕｗａｔ,群馬県高崎市綿貫町１２８番地９,2021-08-06,株式会社
株式会社Ｃｒｏｗｎｋｉｄｓ,静岡県浜松市中区曳馬５丁目７番７号,2021-08-06,株式会社
株式会社Ｄ－ｎｅｔ,愛媛県松山市山越４丁目２番６号－２０３号,2021-08-06,株式会社
株式会社ＤＨ,福岡県北九州市小倉北区紺屋町２－４クリタビル１Ｆ,2021-08-06,株式会社
株式会社ＤＩＧＩＣＯ,愛知県北名古屋市沖村佐渡６番地セレーノ２０３号,2021-08-06,株式会社
株式会社ＥＧＡＯ,埼玉県本庄市前原１丁目１３番２１号,2021-08-06,株式会社
株式会社ＥＭＯＴＥＣＨ,兵庫県西宮市小松北町２丁目８番２１号,2021-08-06,株式会社
株式会社ＥＮＤＭＡＸ,埼玉県ふじみ野市上福岡５丁目９番２４号小泉ビル３Ｆ,2021-08-06,株式会社
株式会社ＥＸＩＴ,埼玉県比企郡川島町大字上八ツ林１１６３番地１０,2021-08-06,株式会社
株式会社ＥＸＹＬＩＦ,神奈川県相模原市中央区横山台１丁目１４番５号,2021-08-06,株式会社
株式会社Ｅｍａｃ２,大阪府吹田市津雲台６丁目１０番６－２号,2021-08-06,株式会社
株式会社Ｆ・Ｔハーネス,福島県田村市常葉町常葉字七日市場６５番地２８,2021-08-06,株式会社
株式会社ＦＡＣＴ,埼玉県川口市朝日１丁目１４番１７－６０４号,2021-08-06,株式会社
株式会社ＦＩＮＴＥＸ,東京都中央区銀座７丁目５番４号,2021-08-06,株式会社
株式会社ＦＯＴＨ,東京都新宿区新宿５丁目１７番６号新宿三光町ハイム６０３号,2021-08-06,株式会社
株式会社ＦＲＥＳＩＴ,神奈川県横浜市緑区竹山１丁目６番地５竹山団地１６０９号棟９４２号,2021-08-06,株式会社
株式会社ＦＲＯＭＮＩＣＯ,青森県弘前市大字松森町１４７番地,2021-08-06,株式会社
株式会社Ｆｌｅｓｔ,大阪府大阪市北区豊崎３丁目１０番２アイアンドエフ梅田ビル１００３号,2021-08-06,株式会社
株式会社Ｇ’ｓ　ｅｎｔｅｒｔａｉｎｍｅｎｔ,東京都港区赤坂１丁目３－５赤坂アビタシオン８階８１５,2021-08-06,株式会社
株式会社ＧＬＯＢＡＬ　ＫＯＵＣＨＩ,東京都練馬区上石神井１丁目６番１２,2021-08-06,株式会社
株式会社ＧＯＥＳ,東京都中野区野方６丁目１０番８号,2021-08-06,株式会社
株式会社ＧＲＯＷ,大阪府大阪市西区南堀江３丁目７番１２号５０１,2021-08-06,株式会社
株式会社Ｇｉｆｔｙ　Ｔｒａｄｉｎｇ,埼玉県久喜市久喜中央４丁目６番１５号,2021-08-06,株式会社
株式会社Ｇｉｍｍｉｃｋ,大阪府大阪市福島区福島７丁目１７番９号大包ビル２Ｆ,2021-08-06,株式会社
株式会社Ｈ＆Ｈ調布,東京都千代田区神田小川町２丁目６番地１２,2021-08-06,株式会社
株式会社ＨＡＬＩＭ　ＴＲＡＤＩＮＧ,栃木県栃木市藤岡町甲２１０４番地１,2021-08-06,株式会社
株式会社ＨＡＴＣ,北海道札幌市中央区双子山１丁目６番３１号,2021-08-06,株式会社
株式会社ＨＥＡＲＴＳ,東京都新宿区新宿５丁目１７番６号新宿三光町ハイム６０３号,2021-08-06,株式会社
株式会社ＨＬソリューションズジャパン,東京都台東区東上野七丁目３番９号,2021-08-06,株式会社
株式会社ＨＯＭＥ,愛知県江南市村久野町門弟山６５番地,2021-08-06,株式会社
株式会社ＨＯＺＯ,東京都渋谷区神宮前６丁目２３番４号－２階,2021-08-06,株式会社
株式会社ＩＣＨＩＥ,東京都新宿区大久保１丁目２番１号天翔オフィス東新宿,2021-08-06,株式会社
株式会社ＩＤＡＫ,熊本県熊本市東区御領２丁目２２番２４号,2021-08-06,株式会社
株式会社ＩＤＥＡＬ,愛知県名古屋市中区丸の内１丁目７番６号,2021-08-06,株式会社
株式会社ＩＲＵＳＥＴ,静岡県静岡市清水区北矢部町１丁目１番１１号,2021-08-06,株式会社
株式会社ＩＳＣ,愛知県名古屋市守山区桔梗平１丁目５１３番地,2021-08-06,株式会社
株式会社Ｉｄｅｎｔｉｔｙ,埼玉県久喜市南１丁目４番１２号,2021-08-06,株式会社
株式会社ＪＡＲＡ　ＩＮＴＥＲＮＡＴＩＯＮＡＬ,栃木県佐野市久保町２２７番地,2021-08-06,株式会社
株式会社ＪＮワークス,埼玉県所沢市緑町２丁目１７－４－２０８,2021-08-06,株式会社
株式会社Ｋ‐ＮＴＳ,福岡県北九州市小倉南区曽根北町５番１４号,2021-08-06,株式会社
株式会社Ｋ＆Ａ,東京都大田区南千束２丁目７番３号,2021-08-06,株式会社
株式会社Ｋ２,東京都大田区大森西３丁目９番１３－２０１号,2021-08-06,株式会社
株式会社ＫＥＩ　ＡＵＴＯ,宮崎県日向市大字財光寺１４６２番地,2021-08-06,株式会社
株式会社ＫＯＳＥアセット,東京都中央区新富１丁目１５番１１号マキプラザ４０５号室,2021-08-06,株式会社
株式会社ＫＳ,埼玉県ふじみ野市大井２９６－２８,2021-08-06,株式会社
株式会社ＫＳホールディングス,埼玉県さいたま市西区大字中釘７１５番地７,2021-08-06,株式会社
株式会社ＫＴＫ,愛知県名古屋市名東区上社４丁目１６１番地,2021-08-06,株式会社
株式会社ＫＵＥ,東京都中央区銀座１丁目２２－１１銀座大竹ビジデンス２階,2021-08-06,株式会社
株式会社ＫＺ,神奈川県川崎市幸区古川町１２２番地１８,2021-08-06,株式会社
株式会社Ｌ＆ＧＦ,福岡県北九州市小倉南区湯川１丁目９番３３号,2021-08-06,株式会社
株式会社ＬＡＹＬ,岡山県倉敷市浜ノ茶屋２丁目１番７号,2021-08-06,株式会社
株式会社ＬＩＢＥＲＴＥ,東京都新宿区四谷三栄町４番１４号ラシクラス四谷３０２号,2021-08-06,株式会社
株式会社ＬＩＦＥ　ＮＥＸＴ,大阪府吹田市豊津町１４番１０号丸萬ビル４０１号,2021-08-06,株式会社
株式会社ＬＩＧ　ＢＬＡＮＣＯ,広島県福山市曙町５丁目４番３５号,2021-08-06,株式会社
株式会社ＬＩＳＥ,広島県福山市新涯町２丁目１５番８号,2021-08-06,株式会社
株式会社ＬＶＰ,埼玉県越谷市蒲生寿町１４番１３号駒崎マンション３０１,2021-08-06,株式会社
株式会社Ｌｅｖｅｎ,栃木県栃木市藤岡町藤岡２２３番地８,2021-08-06,株式会社
株式会社Ｌｉｂ,岐阜県岐阜市高砂町１丁目１７番地岐阜イーストライジング２４,2021-08-06,株式会社
株式会社Ｌｉｂｅｒｔａｓ,東京都台東区東上野３丁目１番１０号,2021-08-06,株式会社
株式会社Ｌｉｅｎ　Ｖｅｉｌ,東京都港区南青山２丁目２番１５号ウィン青山９４２,2021-08-06,株式会社
株式会社Ｍ’ｓ,埼玉県さいたま市北区土呂町２丁目６７番地１９,2021-08-06,株式会社
株式会社Ｍ’ｓ＆ｆａｃｔｏｒｙ,神奈川県横浜市都筑区中川中央１丁目３０－１,2021-08-06,株式会社
株式会社Ｍスタイルプランニング,神奈川県相模原市中央区上溝３９９６番地１リンクシャルム２０１号室,2021-08-06,株式会社
株式会社Ｍ＆Ｍ,東京都品川区東品川３丁目８番８－２３０９号,2021-08-06,株式会社
株式会社Ｍ＆Ｍ,愛知県名古屋市守山区小六町１番８－４０２号,2021-08-06,株式会社
株式会社Ｍ－ＬＩＮＥ,東京都大田区東糀谷５丁目１５番２５号,2021-08-06,株式会社
株式会社Ｍ．Ｓｐｉｒａｌ,東京都中野区南台５丁目１５番２０－２０７号,2021-08-06,株式会社
株式会社ＭＡＬ,神奈川県川崎市宮前区犬蔵１丁目１番１４－６０６号,2021-08-06,株式会社
株式会社ＭＣハウス,神奈川県横浜市港北区新横浜１丁目２９番地１５,2021-08-06,株式会社
株式会社ＭＥＨＴ,埼玉県所沢市若狭１丁目２９３３番地の７４,2021-08-06,株式会社
株式会社ＭＩＲＡＫＵ,大阪府和泉市池上町９００番地の１（６０１）,2021-08-06,株式会社
株式会社ＭＯＭＯＴＡ　ＦＯＯＤ・サービス,愛知県名古屋市緑区大高町字斎山２６番地の１,2021-08-06,株式会社
株式会社ＭａａＳ　Ｃｒｅａｔｉｖｅ,神奈川県横浜市西区平沼１丁目４０－１嶋森ビル８階,2021-08-06,株式会社
株式会社Ｍｏｎｔｅｃｈａｎｃｅ,東京都港区高輪３丁目２番６号－１４０１号,2021-08-06,株式会社
株式会社Ｎ’ｓコーポレーション,三重県四日市市鵜の森２丁目１番８号,2021-08-06,株式会社
株式会社Ｎ．Ｃｒｅａｔｅ,大阪府大阪市福島区福島７丁目５番２０号５階,2021-08-06,株式会社
株式会社ＮＡＪＩ,東京都中野区鷺宮１丁目３番５号,2021-08-06,株式会社
株式会社ＮＣＩ　ｅｎｔｅｒｐｒｉｓｅホールディングス,京都府京都市伏見区深草直違橋片町５２８番地,2021-08-06,株式会社
株式会社ＮＥＫＯＢＡＢＡ,東京都杉並区和田３丁目３０番１６号,2021-08-06,株式会社
株式会社ＮＥＸＩＭ,埼玉県さいたま市南区大字太田窪２１８８－６,2021-08-06,株式会社
株式会社ＮＥＸＩＳ,東京都千代田区鍛冶町１丁目３－１ＶＯＲＴ神田７階,2021-08-06,株式会社
株式会社ＮＥＸＴ,福岡県大野城市御笠川２丁目１６番１８号オフィスパレア御笠川Ⅸ,2021-08-06,株式会社
株式会社ＮＩＣＯＬＡ,静岡県伊東市八幡野１５８８番地の４４０,2021-08-06,株式会社
株式会社ＮＫ,群馬県前橋市駒形町１５０６番地,2021-08-06,株式会社
株式会社ＮＳ,埼玉県さいたま市浦和区常盤２丁目１０番１７号,2021-08-06,株式会社
株式会社Ｎａｖｙ　Ｌｉｇｈｔ,愛知県名古屋市北区柳原２丁目１９番１７号,2021-08-06,株式会社
株式会社Ｎｅｏｆｏ,神奈川県横浜市青葉区新石川４丁目３番地１２サンロード飯島３０３,2021-08-06,株式会社
株式会社Ｎｅｘｕｓ,大阪府八尾市上尾町４丁目１番１１号,2021-08-06,株式会社
株式会社Ｎｕｒｓｉｎｇ　Ｓｅｌｅｃｔｉｏｎ,千葉県船橋市七林町１１７番地１０６パストラル習志野１０３号室,2021-08-06,株式会社
株式会社ＯＧＡクリーン・コンシェル,兵庫県神戸市兵庫区御崎町２丁目２０番９号,2021-08-06,株式会社
株式会社ＯＫＩＮＡＷＡ　ＡＲＣＲＡＩＺ,沖縄県国頭郡本部町字崎本部４６９６番地１,2021-08-06,株式会社
株式会社ＯＳＤグループ,熊本県熊本市北区龍田２丁目２１番５号,2021-08-06,株式会社
株式会社ＯＶＥＲ’Ｓ　ＰＲＯＤＵＣＴＩＯＮＳ,神奈川県茅ヶ崎市東海岸南２丁目７－２５,2021-08-06,株式会社
株式会社ＯｎｅＳｔｏｐ・Ｈｉｒｏｏ,佐賀県佐賀市大和町大字尼寺６５６番地５,2021-08-06,株式会社
株式会社Ｏｙａｇｉ,東京都港区白金６丁目１２番２０号,2021-08-06,株式会社
株式会社ＰＣＭ,兵庫県西宮市山口町阪神流通センター１丁目１０８番地,2021-08-06,株式会社
株式会社ＰＩＥＣＥ　ＣＯＬＯＲ,山口県下関市長府新四王司町６番４号,2021-08-06,株式会社
株式会社ＰＯＬＥＰＯＬＥ,長野県下伊那郡売木村２２３番地５,2021-08-06,株式会社
株式会社Ｐｌｕｓ　Ｙ,東京都世田谷区成城７丁目６－１３,2021-08-06,株式会社
株式会社Ｐｒｉｎｔｌａｂ　Ｓｕｔｔｅ,愛知県長久手市仏が根７０８番地,2021-08-06,株式会社
株式会社Ｐｒｏｄｕｃｔｉｏｎ．Ｔ．Ｋ,埼玉県春日部市西八木崎３丁目３番３号,2021-08-06,株式会社
株式会社Ｑｕａｄｆｏｇｌｉｏ,大阪府八尾市南木の本２丁目１７番地,2021-08-06,株式会社
株式会社ＲＡＩＮＢＯＷ,宮城県名取市那智が丘４丁目８番地の１２,2021-08-06,株式会社
株式会社ＲＯＹ,神奈川県大和市中央林間西５丁目２番７－６０４号,2021-08-06,株式会社
株式会社ＲＵＴＨ,大阪府東大阪市川俣１丁目９番１０号,2021-08-06,株式会社
株式会社ＲａＬ,福島県田村市船引町船引字北町通７５番地,2021-08-06,株式会社
株式会社Ｒｅ　ｙｏｕｎｇ　Ｊ,大阪府富田林市山中田町１丁目１３番４７号,2021-08-06,株式会社
株式会社ＲｅＭｉｎｉｎｇ,埼玉県新座市栗原４丁目３番６号,2021-08-06,株式会社
株式会社Ｒｅｂ,京都府京都市中京区阪東屋町６５８都証券ビル４Ｆ,2021-08-06,株式会社
株式会社Ｒｉｎｇ－Ｏ名古屋,愛知県名古屋市中区大須３丁目３０番４０号万松寺ビル２階１５,2021-08-06,株式会社
株式会社ＳＡＩＫＯＮ,東京都港区赤坂６丁目６番２３号,2021-08-06,株式会社
株式会社ＳＡＫＵＲＡＩ,群馬県伊勢崎市羽黒町２７番地１４,2021-08-06,株式会社
株式会社ＳＡＮ　ＮＥＸＡＳ　ＤＵＯ,大阪府大阪市中央区南船場２丁目６番３号第２．ＢＳＢＵＩＬＤＩＮＧ５０１,2021-08-06,株式会社
株式会社ＳＡＮ　ＮＥＸＡＳ　ＲＥＧＡＬＯ,東京都豊島区池袋４丁目３４番１号ＭＮビル２０１,2021-08-06,株式会社
株式会社ＳＣアグリ,福岡県鞍手郡鞍手町大字上木月７５８番地,2021-08-06,株式会社
株式会社ＳＧｍａｃｈｉｎｅｒｙ,福岡県大野城市御笠川２丁目１６番１８号オフィスパレア御笠川Ⅸ,2021-08-06,株式会社
株式会社ＳＫ,大阪府池田市天神２丁目１番８号,2021-08-06,株式会社
株式会社ＳＫＳ,神奈川県横浜市南区大岡１丁目１７番２４号－２０２,2021-08-06,株式会社
株式会社ＳＵ,埼玉県川口市青木３丁目５番８号,2021-08-06,株式会社
株式会社ＳＹＮＣ,東京都立川市錦町１丁目３番２７号,2021-08-06,株式会社
株式会社ＳｅｌｅｃｔｉｏＮ．,大阪府大阪市中央区西心斎橋２丁目１８番１３－２０２号,2021-08-06,株式会社
株式会社Ｓｅｖｅｎ　Ｃｏｒａｌ,大阪府東大阪市西岩田１丁目４番１５号,2021-08-06,株式会社
株式会社Ｓｋａｔ,東京都新宿区四谷２丁目１１番地大村ビル４階,2021-08-06,株式会社
株式会社Ｓｐｉｅｌｅｎ,大阪府大阪市福島区吉野４丁目４番４号,2021-08-06,株式会社
株式会社Ｓｔａｌｌｉｏｎ,東京都新宿区西新宿７丁目５番５号プラザ西新宿７０９号室,2021-08-06,株式会社
株式会社Ｓｔａｙ　Ｄｒｅａｍ,兵庫県尼崎市御園町２４番地尼崎第一ビル４０２号,2021-08-06,株式会社
株式会社Ｓｕｕｓ,東京都台東区寿３丁目１４番５号エグゼ６０１,2021-08-06,株式会社
株式会社Ｓｗｅｌｌ,神奈川県茅ヶ崎市赤羽根３３６０番地７,2021-08-06,株式会社
株式会社ＴＦホールディングス,神奈川県相模原市中央区相模原３丁目８番２６号,2021-08-06,株式会社
株式会社ＴＫ　Ｂｏｄｙ,秋田県北秋田市坊沢字深関沢２５番地１４,2021-08-06,株式会社
株式会社ＴＯＪＩ,兵庫県神戸市東灘区本山南町７丁目８番３０－６０２号,2021-08-06,株式会社
株式会社ＴＯＭＭＹ　ＡＵＴＯ,埼玉県熊谷市村岡３９９番地５ダイアパレスリバーコート熊谷９０３,2021-08-06,株式会社
株式会社ＴＳＮ,兵庫県尼崎市御園１丁目４番１－５０３号,2021-08-06,株式会社
株式会社ＴＴＴコーポレーション,愛知県名古屋市中区新栄１丁目２４番２８号,2021-08-06,株式会社
株式会社Ｔｈｅ　Ｒａｕ,福岡県久留米市安武町安武本８５９番地１２,2021-08-06,株式会社
株式会社Ｔｈｅ　Ｒｏｏｔｓ,福岡県福岡市中央区薬院４丁目１８番７号,2021-08-06,株式会社
株式会社Ｕ,東京都品川区南品川４丁目１１番１－４０３号,2021-08-06,株式会社
株式会社ＶＥＮＴ３５８,神奈川県逗子市桜山６丁目１９番５号,2021-08-06,株式会社
株式会社Ｗ・Ｘ,大阪府大阪市浪速区大国３丁目６番５号,2021-08-06,株式会社
株式会社Ｗ．Ｆ．カンパニー,東京都八王子市南陽台３丁目１５番２号,2021-08-06,株式会社
株式会社Ｗｈｉｔｅ　Ｐｉｃｔｕｒｅ,三重県伊賀市予野西出２６２４番地,2021-08-06,株式会社
株式会社Ｗｉｄｅ　Ａｃｔｉｖｅ,大阪府大阪市淀川区十三東１丁目１３番２５－９０２号,2021-08-06,株式会社
株式会社Ｘ－ＢＬＯＣＫ．ＤＥＶ,東京都中央区銀座６丁目１２番２号,2021-08-06,株式会社
株式会社Ｙ．Ｓ．Ｎ,東京都新宿区新宿５丁目１７番６号新宿三光町ハイム６０３号,2021-08-06,株式会社
株式会社ＹＫ,東京都練馬区桜台５丁目４５番６号－１,2021-08-06,株式会社
株式会社ＹＫＳ,東京都板橋区板橋２丁目８番７号,2021-08-06,株式会社
株式会社ＹＴＨ,神奈川県横浜市鶴見区梶山２丁目４番４０号,2021-08-06,株式会社
株式会社ＹＵ電気,神奈川県横浜市港北区大豆戸町９２４番地１ウィステリア大倉山３０３号,2021-08-06,株式会社
株式会社ＹＵＲＥＲＵ,大分県竹田市大字竹田２０３３番地２,2021-08-06,株式会社
株式会社ＺＥＲＯ　ＢＡＳＥ,兵庫県明石市魚住町西岡２３４２番地,2021-08-06,株式会社
株式会社ａｎｃｅ,東京都港区赤坂６丁目５番２１号,2021-08-06,株式会社
株式会社ａｎｄ　ＰａＢＬｏ,石川県金沢市駅西本町１丁目１５番５号（ポレスター駅西本町・６０１号）,2021-08-06,株式会社
株式会社ｂａｃｋ　ｄｒｏｐ,埼玉県さいたま市南区大字大谷口５５４３番地１フルール３０２,2021-08-06,株式会社
株式会社ｂｅｌｌａｎｔｓ,愛知県名古屋市中区丸の内３丁目７番２６号ＡＣＡビル５階,2021-08-06,株式会社
株式会社ｂｌｃｃ,兵庫県三田市三輪３丁目６番６号,2021-08-06,株式会社
株式会社ｃａｎｖａｓ,神奈川県川崎市高津区坂戸３丁目７番１９―３号,2021-08-06,株式会社
株式会社ｄｉｇｄｉｇ,東京都豊島区西池袋３丁目６番２０号カーサＴ．Ｙ．Ｔ１０２号,2021-08-06,株式会社
株式会社ｆｏｒ　ｙｕｕ,愛知県名古屋市中川区野田１丁目２２６番地,2021-08-06,株式会社
株式会社ｆｕｆｌａ,山梨県中巨摩郡昭和町西条５２１９番地２,2021-08-06,株式会社
株式会社ｈｕｉｔ,東京都稲城市矢野口２６６番地６,2021-08-06,株式会社
株式会社ｉｃ,愛媛県西条市小松町妙口甲１０２５番地４,2021-08-06,株式会社
株式会社ｉｉｉ,東京都港区麻布十番３丁目８番６－１２０１号,2021-08-06,株式会社
株式会社ｌｉｎｋ．Ｓ,大阪府泉大津市北豊中町１丁目６番２５－７０７号,2021-08-06,株式会社
株式会社ｍａｎａｎｉｃｏ,沖縄県浦添市城間４丁目３６番８－１１０７号ミルコマンション浦添学園通り第２,2021-08-06,株式会社
株式会社ｍａｒｕｗａｋａ　ｆａｒｍ,鹿児島県曽於市大隅町岩川６２２０番地１,2021-08-06,株式会社
株式会社ｍｏｏｄ,東京都三鷹市上連雀２丁目９番１３号キャピトルジュネス１０１,2021-08-06,株式会社
株式会社ｎｏｘｉｐｌｕｓ,兵庫県淡路市里６０１番地７８,2021-08-06,株式会社
株式会社ｏｆｆｉｃｅ　ｗｉｓｄｏｍ,愛知県半田市大高町３丁目５５番地,2021-08-06,株式会社
株式会社ｏｎｚｅ,東京都新宿区西新宿３丁目５－１２トーカン第２キャステール３０１,2021-08-06,株式会社
株式会社ｐｒｅ　ａｌｂａ,宮城県岩沼市土ケ崎２丁目７－１６,2021-08-06,株式会社
株式会社ｐｒｏｔｏ器とタカラモノ,東京都台東区蔵前４丁目２０－１２，精華ビル２Ｆ,2021-08-06,株式会社
株式会社ｓｏｍｍｅｔ　ｆａｒｍ,栃木県宇都宮市日の出１丁目１１番１号,2021-08-06,株式会社
株式会社ｓｔｏｃＵｐ,大阪府東大阪市箱殿町１０番１９号,2021-08-06,株式会社
株式会社ｓｕｇａｒ　ｃｏａｔ,東京都中央区月島３丁目１４番８号扇屋ビル１Ｆ,2021-08-06,株式会社
株式会社ｔａｓ,広島県東広島市八本松南７丁目５番７号,2021-08-06,株式会社
株式会社ｖｉｎｏｓ,滋賀県米原市高溝３１４－６Ｂｂ高溝２Ｆ,2021-08-06,株式会社
森・齋藤コンサルティング株式会社,鳥取県倉吉市上井２７番地１,2021-08-06,株式会社
森・齋藤税理士法人,鳥取県倉吉市上井２７番地１,2021-08-06,その他の設立登記法人
永嘉商事株式会社,大阪府大阪市港区南市岡３丁目１０－２グリシーヌ弁天町６０５号室,2021-08-06,株式会社
海洋商事株式会社,広島県東広島市志和町別府１７６９－３,2021-08-06,株式会社
特定非営利活動法人うまれてきてくれてありがとうｐｒｏｊｅｃｔ,愛媛県新居浜市中筋町１丁目１２番３７号,2021-08-06,その他の設立登記法人
特定非営利活動法人かわさき海のみどりの会,神奈川県川崎市川崎区港町４番１号コートフエリカ５０３,2021-08-06,その他の設立登記法人
特定非営利活動法人ままでらしく,兵庫県西宮市浜甲子園４丁目１番２４－４２４号,2021-08-06,その他の設立登記法人
特定非営利活動法人ベイツーリズムひみ,富山県氷見市間島２番４号,2021-08-06,その他の設立登記法人
特定非営利活動法人ラポール・モア,千葉県千葉市中央区花輪町４６番地１１０,2021-08-06,その他の設立登記法人
特定非営利活動法人熊谷相続研究会,埼玉県熊谷市久下１８２４番地２,2021-08-06,その他の設立登記法人
特定非営利活動法人蒼栄会,岡山県玉野市和田２丁目４番２０号,2021-08-06,その他の設立登記法人
特定非営利活動法人０ｅｎ婚活の会,東京都千代田区神田須田町１丁目２番地７,2021-08-06,その他の設立登記法人
特定非営利活動法人ＮＰＯまちおこしの会,石川県金沢市山王町２丁目７６番地,2021-08-06,その他の設立登記法人
特定非営利活動法人ＳＭＩＬＥ　ＬＯＣＯＭＯＴＩＯＮ,北海道札幌市厚別区厚別南２丁目２番２２－５０３号,2021-08-06,その他の設立登記法人
琉球ビジネスクリエート合同会社,福島県郡山市虎丸町１２番１２号Ｄ’クラディア虎丸７０２号,2021-08-06,合同会社
知恵羽株式会社,大阪府大阪市西成区松１丁目２－８晃大ビル４０５号室,2021-08-06,株式会社
社会保険労務士法人あおば労務,新潟県新潟市中央区堀之内南３丁目１番２１号,2021-08-06,その他の設立登記法人
社会保険労務士法人梅村事務所,岐阜県大垣市浅草１丁目３８２番地３パークロイヤルヤスダＣ２０７,2021-08-06,その他の設立登記法人
社会保険労務士法人Ｓｕｎｎｙ,東京都多摩市諏訪１丁目２番地の１５,2021-08-06,その他の設立登記法人
税理士法人ウィズ,和歌山県和歌山市数寄屋丁２番地１,2021-08-06,その他の設立登記法人
税理士法人グレイス,鹿児島県鹿児島市西田２丁目２７番３２号,2021-08-06,その他の設立登記法人
経営支援株式会社,東京都杉並区成田東５丁目３９番１０号,2021-08-06,株式会社
結信株式会社,茨城県石岡市貝地２丁目１３番１０号,2021-08-06,株式会社
翔亜建設株式会社,神奈川県横浜市緑区上山３丁目１５番２５号,2021-08-06,株式会社
致勝商事株式会社,大阪府大阪市東淀川区東中島５丁目８－１７－１０２,2021-08-06,株式会社
荻山電気計装株式会社,愛知県常滑市本郷町４丁目１５９番地の１,2021-08-06,株式会社
華芽詩合同会社,東京都杉並区久我山３丁目４７番１４号シーダー久我山Ⅱ１０２,2021-08-06,合同会社
藤馬商事株式会社,東京都府中市小柳町５丁目２０番地の２１,2021-08-06,株式会社
虎威株式会社,神奈川県横浜市西区久保町２３番８号,2021-08-06,株式会社
行政書士法人ケイティオフィス,大阪府堺市東区日置荘田中町２３９番地２,2021-08-06,その他の設立登記法人
行政書士法人トラスト,群馬県太田市大原町１０３０番地１９,2021-08-06,その他の設立登記法人
賽茁霖機械株式会社,東京都中央区東日本橋２丁目２８番５号５０８,2021-08-06,株式会社
赤猫楽団合同会社,東京都町田市玉川学園７丁目１５－４０,2021-08-06,合同会社
農事組合法人神岡ホールクロップ生産組合,秋田県大仙市神宮寺字八石谷地中７番地１,2021-08-06,その他の設立登記法人
鈴木建築板金株式会社,栃木県那須塩原市東栄２丁目４番２１号,2021-08-06,株式会社
門脇設計事務所株式会社,秋田県湯沢市田町２丁目２番３１号,2021-08-06,株式会社
阪南産商・矢熊株式会社,大阪府羽曳野市野２７５番地,2021-08-06,株式会社
青山国際税理士法人,東京都港区南青山２丁目１３番２号,2021-08-06,その他の設立登記法人
青山株式会社,愛知県名古屋市昭和区山里町７４番地八事パークマンション７０９号,2021-08-06,株式会社
麗澤工業株式会社,大阪府大阪市港区南市岡３丁目１０－２グリシーヌ弁天町６０３号室,2021-08-06,株式会社
２ｎｄ　ｓｐａｃｅ株式会社,千葉県木更津市新田１丁目１０番地３１マルコビル木更津１０３,2021-08-06,株式会社
３Ｃ　ｗｏｒｋｓ合同会社,埼玉県越谷市赤山町２丁目１３３－３－３０１,2021-08-06,合同会社
５３０株式会社,神奈川県横須賀市佐島３丁目３番１３号,2021-08-06,株式会社
Ａ－ｏｎｅ株式会社,千葉県柏市根戸４７０番地５８Ｔ’ｓｇａｒｄｅｎ北柏２－１３０４号,2021-08-06,株式会社
ＡＤｊｕｓｔ　Ｓａｌｅｓ　Ｐｒｏｍｏｔｉｏｎ合同会社,大阪府大阪市北区梅田１丁目２番２号大阪駅前第２ビル,2021-08-06,合同会社
ＡＬＶＩＳＩＡ株式会社,東京都品川区大崎１丁目２－３アートヴィレッジ大崎ビュータワー２８０８号,2021-08-06,株式会社
ＡＮｓｃｅｎｅ合同会社,栃木県宇都宮市若松原１丁目２３番１６号,2021-08-06,合同会社
ＡＲｉＡ合同会社,大阪府大阪市中央区北浜２丁目２番２１－２７０３号,2021-08-06,合同会社
ＡＳ　ＥＮＴＥＲＰＲＩＳＥＳ合同会社,茨城県潮来市日の出１丁目１３番地７－Ｆ棟,2021-08-06,合同会社
ＡＳＯＶＩＶＡ合同会社,宮城県仙台市宮城野区平成１丁目１８番２８号グリーンコート宮城野３０３,2021-08-06,合同会社
Ａａｓｉｙａ　Ａｕｔｏ　Ｗｉｎｇｓ,千葉県富里市立沢新田８６番地１４７オフィスＢ号,2021-08-06,外国会社等
Ａｌｌ　Ｓｍｉｌｅ株式会社,大阪府大阪市中央区伏見町４丁目４番９号,2021-08-06,株式会社
Ａｌｌｉｓｏｎｅ＆Ｃｏ株式会社,岐阜県岐阜市中鶉２丁目３７番地１,2021-08-06,株式会社
Ａｘａｎｔｅｕｓ　Ｒｅｓｅａｒｃｈ　Ｊａｐａｎ株式会社,東京都新宿区新宿２丁目５番３号ＡＭビル７階,2021-08-06,株式会社
Ｂ‐Ｇｒａｎｔ株式会社,東京都品川区戸越４丁目１１番１６号プラティーク戸越公園１００２,2021-08-06,株式会社
ＢＩＳＨＮＵ　ＧＬＯＢＡＬ合同会社,大阪府大阪市西淀川区柏里３丁目１番１０号中井ビル３０２号室,2021-08-06,合同会社
ＢＲＥＡＴＨＥ合同会社,神奈川県川崎市宮前区宮崎１丁目１２番１５号マイキャッスル宮崎台４０２号室,2021-08-06,合同会社
ＢＲＥＷＭＡＳＴＥＲ株式会社,福岡県福岡市城南区別府１丁目１９番１号,2021-08-06,株式会社
Ｃａｐｉｔａｌ　ＣＯ合同会社,東京都狛江市岩戸南３丁目２５番２６,2021-08-06,合同会社
ＣｈｏＢｉｔＬｉｎｋｓ株式会社,兵庫県姫路市大津区平松９番地４,2021-08-06,株式会社
ＣｒｉｓｓＣｒｏｓｓＣｏｎｎｅＸ株式会社,東京都港区南麻布５丁目１番１０号,2021-08-06,株式会社
Ｄｒ．シーリング技工株式会社,鳥取県米子市旗ヶ崎１丁目２５番１５号,2021-08-06,株式会社
Ｅ．ｍｕｓｔ合同会社,愛知県名古屋市昭和区南分町５丁目４８番地２－１０３号,2021-08-06,合同会社
ＥＫエージェント株式会社,大阪府大阪市住吉区清水丘１丁目３２番８号,2021-08-06,株式会社
ＥＴＥＲＮＩＴＹ株式会社,静岡県浜松市浜北区西美薗６５２番地の２,2021-08-06,株式会社
ＦＡＷＪ株式会社,大阪府大阪市港区南市岡３丁目１０－２グリシーヌ弁天町４０３号室,2021-08-06,株式会社
ＦＲＥＥ　ＢＩＲＤ株式会社,神奈川県横浜市都筑区池辺町３３０３,2021-08-06,株式会社
Ｇ２合同会社,東京都千代田区一ツ橋２丁目６番３号アクシスインベストメントアドバイザーズ株式会社内,2021-08-06,合同会社
Ｇ３合同会社,東京都千代田区一ツ橋２丁目６番３号アクシスインベストメントアドバイザーズ株式会社内,2021-08-06,合同会社
ＧＲＥＡＴＥＳＴ　ＤＡＹ株式会社,東京都中央区八重洲１丁目８番１７号新槇町ビル,2021-08-06,株式会社
ＧＳＯホールディングス株式会社,東京都足立区竹の塚１丁目２９番１１号アーバンステージ竹の塚２０１,2021-08-06,株式会社
ＧｌｏｂａｌＢｕｌｌ株式会社,大阪府大阪市西区北堀江３丁目７番４０号,2021-08-06,株式会社
ＨＣ　ＳＵＺＵＫＩ株式会社,東京都中央区銀座１丁目２２番１１号銀座大竹ビジデンス２階,2021-08-06,株式会社
ＨＤ　ＧＲＯＵＰ合同会社,東京都福生市大字福生８８７番地２山上ビル２０１号室,2021-08-06,合同会社
ＩＴあそぶ合同会社,長野県長野市七二会乙２４０８番地３,2021-08-06,合同会社
Ｉｎｎｏｖａｔｉｖｅ円陣合同会社,新潟県新潟市中央区上大川前通５番町６３－５３,2021-08-06,合同会社
Ｊ・Ｉ・Ｔ・Ｃ合同会社,神奈川県川崎市川崎区大島上町１２番１２号,2021-08-06,合同会社
ＪＡＭ合同会社,埼玉県上尾市上町２丁目７－５,2021-08-06,合同会社
ＪＣＴＩ合同会社,東京都墨田区立花４丁目２３－５,2021-08-06,合同会社
ＪＴＡＬＩＮＥ株式会社,東京都板橋区高島平７丁目２６－４－１０２,2021-08-06,株式会社
Ｊａｐａｎ　Ｓｎｏｗ　Ａｄｖｅｎｔｕｒｅｓ合同会社,東京都港区麻布台２丁目１番２－１４０６号,2021-08-06,合同会社
Ｊｏｒｒｏ株式会社,神奈川県逗子市桜山９丁目２番２号,2021-08-06,株式会社
Ｋ・Ｔコンサルティング株式会社,愛知県名古屋市名東区藤里町１２０１番地（５棟７０１号）,2021-08-06,株式会社
ＫＡ　ＰＬＵＳ株式会社,神奈川県綾瀬市上土棚南４丁目１５番５６号,2021-08-06,株式会社
ＫＥＮ・Ｐカンパニー合同会社,茨城県取手市桜が丘２丁目４２番１号,2021-08-06,合同会社
ＫＥＲＩＯＮ株式会社,東京都新宿区天神町３０番地８,2021-08-06,株式会社
ＬＧＭ株式会社,愛知県春日井市朝宮町３丁目１５番地１ウエストパーク朝宮２０１号,2021-08-06,株式会社
Ｌａｆｌｏａｔ株式会社,神奈川県藤沢市鵠沼橘１丁目１５番７－１２０３号,2021-08-06,株式会社
Ｌｅ　Ｃｏｅｕｒ株式会社,東京都品川区東五反田１丁目７番１１号アイオス五反田アネックスビル,2021-08-06,株式会社
Ｌｉｌｏａ　Ｇｒｏｕｐ合同会社,大阪府豊中市東豊中町１丁目６番２５号,2021-08-06,合同会社
Ｌｉｎｋａｇｅ　ｍｕｓｉｃ株式会社,神奈川県横浜市鶴見区駒岡４丁目２４番３５号,2021-08-06,株式会社
ＭＩＮＡＭＩ　ＡＵＴＯ株式会社,千葉県四街道市大日５０番地１７（廣やビル３０３）,2021-08-06,株式会社
ＭＪコーポレーション株式会社,神奈川県大和市鶴間１丁目２８番１２号ナカムラビル５０７,2021-08-06,株式会社
Ｍａｔｔｈｅｗ’ｓｏｆｆｉｃｅ株式会社,沖縄県島尻郡南風原町字新川５３４番地１０,2021-08-06,株式会社
ＭｉｃｒｏＩｎｎｏｖａｔｏｒｓ　Ｌａｂｏｒａｔｏｒｙ株式会社,山口県宇部市あすとぴあ２丁目１番地１７,2021-08-06,株式会社
Ｍｉｒｉｓｅ　Ｇｒｏｕｐ株式会社,神奈川県横浜市西区みなとみらい５丁目３－２パシフィックロイヤルコート・オーシャンタワー１５１７,2021-08-06,株式会社
ＮＥＸＴ　ＯＲＤＥＲ株式会社,東京都墨田区石原１丁目７番６号,2021-08-06,株式会社
ＮＩＬＡ合同会社,愛知県名古屋市熱田区神宮３丁目５番７号,2021-08-06,合同会社
Ｎｏ’Ｌｉｍｉｔ株式会社,岐阜県安八郡安八町西結９１９番地の５,2021-08-06,株式会社
Ｎｐｌｕｓ－ｏｎｅ　Ｊａｐａｎ合同会社,福島県福島市町庭坂字新町１４－１アピオンＢ２０１,2021-08-06,合同会社
ＯＮサービス株式会社,北海道帯広市大通南２９丁目２番地,2021-08-06,株式会社
ＯＮＥ２株式会社,大阪府大阪市中央区久太郎町１丁目５番３１号リアライズ堺筋本町ビル３０５号室,2021-08-06,株式会社
ＰＩＮＥ合同会社,東京都町田市原町田６丁目９番８ＡＥＴＡ町田４階,2021-08-06,合同会社
ＰＬＡＮ－Ｂ株式会社,静岡県静岡市葵区牧ケ谷１７８番地の１,2021-08-06,株式会社
Ｑ－ｂｉｃホテルズ株式会社,長崎県長崎市大黒町７番３,2021-08-06,株式会社
ＱｕａｎｔｕｍＳｃａｐｅ　Ｊａｐａｎ合同会社,東京都港区南麻布３丁目１９番２３号オーク南麻布ビル２階,2021-08-06,合同会社
ＲＡＩＴＨＡ　ＣＡＲ　ＰＯＩＮＴ,千葉県八街市榎戸４０７番地１４４－Ａ,2021-08-06,外国会社等
ＲｅＬｉｖｅ株式会社,東京都台東区東上野４丁目１０番７号東ビル１－２,2021-08-06,株式会社
ＲｉＦａ　Ｉｎｔｅｒｎａｔｉｏｎａｌ株式会社,栃木県下都賀郡壬生町大字国谷１９８番地,2021-08-06,株式会社
Ｓ．Ｃ．Ｓ株式会社,大阪府東大阪市楠根３丁目８番２７号,2021-08-06,株式会社
ＳＢＳコンサルティング合同会社,埼玉県白岡市小久喜１４０３番地１,2021-08-06,合同会社
ＳＴＯＫＫ株式会社,石川県金沢市森山１丁目２番１号,2021-08-06,株式会社
ＳＷＡＧ株式会社,石川県金沢市彦三町１丁目２番１号アソルティ金沢１Ｆ,2021-08-06,株式会社
ＳｃｉＤｅ　Ｌａｂ株式会社,東京都新宿区高田馬場３丁目１番５号サンパティオ高田馬場３０９号,2021-08-06,株式会社
Ｓｈｅｅｋ　Ｐｌｕｓ合同会社,京都府京丹後市大宮町周枳１６６９番地の１,2021-08-06,合同会社
Ｓｈｅｅｍａ　Ａｕｔｏ　Ｗｉｎｇｓ,千葉県富里市立沢新田８６番地１４７,2021-08-06,外国会社等
Ｓｈｉｎフロンティア株式会社,大阪府南河内郡太子町大字山田２６７６,2021-08-06,株式会社
ＳｏｌａＣｏｅ株式会社,大阪府和泉市あゆみ野４丁目３番２０号,2021-08-06,株式会社
Ｓｔａｒｔ　Ｆｌｙ株式会社,愛知県名古屋市中区栄５丁目８番１０号（プレサンスロジェ栄１００４号）,2021-08-06,株式会社
Ｔ＆Ａメディカル合同会社,大阪府枚方市渚栄町７番１号,2021-08-06,合同会社
ＴＨＥ　ＭＧＴ合同会社,東京都渋谷区笹塚１丁目１２番８号,2021-08-06,合同会社
ＴＲｕＮＫ株式会社,岡山県倉敷市児島味野２丁目２番６８号,2021-08-06,株式会社
ＴＴＥ－Ｃ合同会社,静岡県浜松市北区三ヶ日町大崎６５２番地の２０,2021-08-06,合同会社
Ｔｏｋｙｏ　Ｄｙｎａｍｉｃｓ株式会社,東京都中央区京橋１丁目１番５号,2021-08-06,株式会社
ＵＬ　Ｍｅｄテック株式会社,東京都港区南青山２丁目２番１５号ウィン青山９４２,2021-08-06,株式会社
Ｖｉｔａｌ　Ｎｏｖａ　Ｈｅａｌｔｈ株式会社,東京都千代田区丸の内１丁目１１番１号パシフィックセンチュリープレイス１３階,2021-08-06,株式会社
ＷＩＮＧＳ株式会社,千葉県柏市酒井根２丁目３２番１号,2021-08-06,株式会社
ＷＩＳＥ　ＡＲＸ　ＣＯＮＳＵＬＴＩＮＧ株式会社,東京都中央区銀座１丁目２２番１１号銀座大竹ビジデンス２階,2021-08-06,株式会社
ＹＡＺＺＯ合同会社,東京都中央区銀座１丁目１２番４号Ｎ＆Ｅ・ＢＬＤ７階,2021-08-06,合同会社
ＺｅｒｏＭａｔｔｅｒ株式会社,東京都中央区日本橋２丁目１番３号,2021-08-06,株式会社
ａｎｄ株式会社,愛知県名古屋市緑区六田２丁目３０１番地の２,2021-08-06,株式会社
ａｓｈｅｎ合同会社,福岡県福岡市中央区赤坂１丁目１０－９ロクバイビル３階,2021-08-06,合同会社
ｂｅ不動産株式会社,兵庫県神戸市兵庫区兵庫町２丁目３－２１,2021-08-06,株式会社
ｇｒａｚｉｅ　ＪＡＰＡＮ株式会社,福岡県福岡市早良区野芥３丁目１４番１６号,2021-08-06,株式会社
ｉｃａｒｓ株式会社,兵庫県神戸市中央区南本町通２丁目２番２号,2021-08-06,株式会社
ｍｏｓｔ　ｌｉｋｅ合同会社,大阪府大阪市中央区南新町１丁目１番７号谷四城福ビル２０１号,2021-08-06,合同会社
ｎｏｖａｃｔ合同会社,東京都武蔵村山市大南１丁目１０８番地の８,2021-08-06,合同会社
ｐｏｓｉｉ株式会社,東京都八王子市大谷町３５５番地１,2021-08-06,株式会社
ｓＶｉｓｉｏｎ株式会社,東京都渋谷区神宮前６丁目２３番４号桑野ビル２階,2021-08-06,株式会社
ｔｏｍｏｒｒｏｗ　ｔｈｅ　ｗｏｒｌｄ合同会社,大阪府東大阪市荒川３丁目３０番１０号,2021-08-06,合同会社
ｗｅａｌｔｈｙｇｒｏｕｐ合同会社,東京都中央区銀座１丁目１６番７号,2021-08-06,合同会社
げんき住設株式会社,千葉県松戸市牧の原２丁目３９－５,2021-08-10,株式会社
しえろ合同会社,宮城県加美郡色麻町黒沢字切付３番地４３,2021-08-10,合同会社
しちふくハウス合同会社,京都府京都市左京区一乗寺里ノ西町１００番地,2021-08-10,合同会社
なかしょう合同会社,千葉県千葉市中央区松波３丁目１１番３－２１１号,2021-08-10,合同会社
まめや地所株式会社,東京都府中市小柳町１丁目１５番地の１第２コーポ細野２０３,2021-08-10,株式会社
アスターアクイジション１一般社団法人,東京都千代田区丸の内３丁目１番１号東京共同会計事務所内,2021-08-10,その他の設立登記法人
アスターアクイジション２一般社団法人,東京都千代田区丸の内３丁目１番１号東京共同会計事務所内,2021-08-10,その他の設立登記法人
アスタービッド一般社団法人,東京都千代田区丸の内３丁目１番１号東京共同会計事務所内,2021-08-10,その他の設立登記法人
アップ防災株式会社,千葉県市川市下貝塚２丁目２６番９号,2021-08-10,株式会社
アプリマーケット合同会社,東京都中野区中央１丁目２番２－５０７号,2021-08-10,合同会社
アンクライン株式会社,岐阜県岐阜市西川手５丁目１１０番地１,2021-08-10,株式会社
アンド有限責任監査法人,福岡県福岡市博多区祇園町６－４３,2021-08-10,その他の設立登記法人
アールテック８１株式会社,大阪府八尾市八尾木５丁目１２７番地１,2021-08-10,株式会社
イケダ合同会社,千葉県船橋市本町１丁目１２番２４号海老原マンション１－１０２,2021-08-10,合同会社
イノヴィスジャパン株式会社,石川県金沢市武蔵町５番３６号浅地ビル４階,2021-08-10,株式会社
インテグラルコード株式会社,東京都大田区南千束２丁目６番１６－１０１号,2021-08-10,株式会社
エシュロン合同会社,東京都板橋区前野町２丁目６番１２号,2021-08-10,合同会社
エスエスカンパニー合同会社,山口県周南市大字大潮２６５８番地の１,2021-08-10,合同会社
エス・トラスト合同会社,千葉県千葉市若葉区千城台東３丁目８番１号,2021-08-10,合同会社
エフ・ソリューション株式会社,神奈川県小田原市国府津２４７０番地の４,2021-08-10,株式会社
エフ・ティーサービス株式会社,愛知県常滑市金山字前田１０３番地,2021-08-10,株式会社
エホバの証人の岐阜県山県市山県会衆,岐阜県山県市高木字八幡１１１５番地１,2021-08-10,その他の設立登記法人
エムケー株式会社,北海道江別市江別太２６４番地の１０,2021-08-10,株式会社
エールリンク株式会社,奈良県奈良市大宮町４丁目３３６番地の１エールビルディング,2021-08-10,株式会社
オープンｉＴ日本合同会社,東京都港区赤坂２丁目２３番１号アークヒルズ・フロントタワーＩｎＣｏｎｔｒｏｌ内,2021-08-10,合同会社
カマタ建築株式会社,千葉県四街道市大日５４６番地１６,2021-08-10,株式会社
キョードーテック合同会社,徳島県徳島市八万町夷山２８５－１,2021-08-10,合同会社
クラルス株式会社,東京都武蔵野市吉祥寺本町１丁目２５番１０号ＫＳ－２ビル３Ｆ,2021-08-10,株式会社
クロス・リバー株式会社,山口県光市光井４丁目３１番２７号,2021-08-10,株式会社
クロームテック株式会社,埼玉県さいたま市見沼区大字中川１０１７番地６０,2021-08-10,株式会社
グローバルイノベータ株式会社,東京都港区港南２丁目１６番４号,2021-08-10,株式会社
グローバルタイガーホールディングス株式会社,埼玉県春日部市永沼１６５番地１,2021-08-10,株式会社
グローバル・テック・プラン株式会社,東京都町田市玉川学園３丁目３２番１５号,2021-08-10,株式会社
ケアタウン株式会社,千葉県流山市南流山１丁目１－４,2021-08-10,株式会社
コーシン合同会社,千葉県柏市松ケ崎２１９番地１４,2021-08-10,合同会社
サントカミエール合同会社,東京都練馬区関町東１丁目２１番１８号,2021-08-10,合同会社
ザ・プレミエールファクトリー株式会社,東京都中央区銀座１丁目１２番４号Ｎ＆ＥＢＬＤ．７階,2021-08-10,株式会社
ジム合同会社,広島県大竹市玖波８丁目２番２７号,2021-08-10,合同会社
タイヤショップＴＢ－Ｓ福井株式会社,福井県福井市森行町３号１１番地,2021-08-10,株式会社
タケダ合同会社,千葉県船橋市本町５丁目１５番８号３０２,2021-08-10,合同会社
ナチュラル株式会社,愛知県一宮市南小渕字屋敷１２９番地,2021-08-10,株式会社
ハナタカラ株式会社,神奈川県横浜市西区みなとみらい６丁目３番４－２３０５号,2021-08-10,株式会社
バズナグル株式会社,東京都江東区白河４丁目３番１－９０４号,2021-08-10,株式会社
パルド合同会社,神奈川県足柄上郡開成町宮台１５０番１,2021-08-10,合同会社
フォルモサテック合同会社,東京都江戸川区小松川１丁目５番２号トニ・ワンショッピングセンター１Ｆ,2021-08-10,合同会社
フォロフライ株式会社,京都府京都市左京区吉田本町３６番地１京都大学国際科学イノベーション棟,2021-08-10,株式会社
フラワーＷｉｚ合同会社,東京都町田市玉川学園８丁目１８番３号,2021-08-10,合同会社
フロージェム合同会社,東京都国立市中１丁目１６番地の２５シャトレクインテス国立５０２,2021-08-10,合同会社
プライムロード株式会社,京都府京都市下京区四条通烏丸東入ル長刀鉾町８京都三井ビルディング５階,2021-08-10,株式会社
プラスゲート株式会社,千葉県市川市市川１丁目２６番９－８０３号（ウィルローズ市川一丁目）,2021-08-10,株式会社
プレシャスユー株式会社,広島県福山市明王台５丁目１５番８号,2021-08-10,株式会社
ベイトラスト横浜株式会社,神奈川県横浜市西区みなとみらい６丁目３番４－２１０３号,2021-08-10,株式会社
ペイフォワード株式会社,宮崎県宮崎市桜ケ丘町３１番３－１号,2021-08-10,株式会社
マエダ株式会社,石川県加賀市箱宮町オ１８番地,2021-08-10,株式会社
ルシーヌ南熱川管理組合法人,静岡県賀茂郡東伊豆町片瀬字原田４０２番地１,2021-08-10,その他の設立登記法人
ルミノ不動産株式会社,千葉県松戸市五香２丁目１番地１ＲＭビル３階,2021-08-10,株式会社
レントスター株式会社,東京都中央区日本橋人形町１丁目５番１号日本サンライズビル１階,2021-08-10,株式会社
ワイズテック株式会社,兵庫県高砂市曽根町１０２５番地の６,2021-08-10,株式会社
一般社団法人きばる塾,佐賀県神埼市神埼町城原２７１８番地２,2021-08-10,その他の設立登記法人
一般社団法人まつい,兵庫県小野市中谷町５２０番地,2021-08-10,その他の設立登記法人
一般社団法人もひかん王国いのち部愛の手課,埼玉県熊谷市下奈良７９０番地２,2021-08-10,その他の設立登記法人
一般社団法人イドウラボ,富山県富山市堀川小泉町７９３番地,2021-08-10,その他の設立登記法人
一般社団法人エス・インパクト,東京都渋谷区千駄ヶ谷３丁目５１番１０号,2021-08-10,その他の設立登記法人
一般社団法人コンセント,岩手県紫波郡紫波町日詰字東裏１３５番１,2021-08-10,その他の設立登記法人
一般社団法人コンドホテルルスツ,東京都港区元赤坂１丁目１番７号,2021-08-10,その他の設立登記法人
一般社団法人シモキタクリエイト,青森県むつ市横迎町１丁目９番１号,2021-08-10,その他の設立登記法人
一般社団法人デンタルアロマ協会,東京都港区東新橋２丁目１８番３号ルネパルティーレ汐留１００５,2021-08-10,その他の設立登記法人
一般社団法人モトブブルー,東京都港区西新橋１丁目２番９号メンターキャピタル税理士法人内,2021-08-10,その他の設立登記法人
一般社団法人ユニーク,東京都千代田区丸の内３丁目１番１号東京共同会計事務所内,2021-08-10,その他の設立登記法人
一般社団法人交通都市型まちづくり研究所,東京都品川区北品川５丁目５番１５号,2021-08-10,その他の設立登記法人
一般社団法人企業ガバナンス推進機構,東京都中央区銀座１丁目２２番１１号銀座大竹ビジデンス２階,2021-08-10,その他の設立登記法人
一般社団法人北海道社会基盤開発協会,北海道札幌市中央区南七条西２５丁目７番１８号３０３,2021-08-10,その他の設立登記法人
一般社団法人少数株主支援機構,東京都千代田区飯田橋１丁目３番２号曙杉館４階清和税理士法人内,2021-08-10,その他の設立登記法人
一般社団法人日本アート振興協会,兵庫県神戸市垂水区本多聞２丁目４番２６号,2021-08-10,その他の設立登記法人
一般社団法人日本歯科滅菌評価機構,熊本県玉名郡和水町津田１５６３番地７,2021-08-10,その他の設立登記法人
一般社団法人日本男性器学会,福岡県福岡市博多区博多駅前４丁目４番２０号船津ビル１階,2021-08-10,その他の設立登記法人
一般社団法人日本経営参与協会,東京都千代田区神田駿河台４丁目３番地新お茶の水ビルディング,2021-08-10,その他の設立登記法人
一般社団法人日本陶芸倶楽部,東京都渋谷区神宮前１丁目５番３号東郷神社境内,2021-08-10,その他の設立登記法人
一般社団法人春日部フィルハーモニー管弦楽団,埼玉県春日部市中央５丁目１番地１６ＳｔｕｄｉｏＤＩＡ１階,2021-08-10,その他の設立登記法人
一般社団法人東京レジデンシャル７,東京都中央区日本橋１丁目４番１号,2021-08-10,その他の設立登記法人
一般社団法人東京レジデンシャル８,東京都中央区日本橋１丁目４番１号,2021-08-10,その他の設立登記法人
一般社団法人永井興産,兵庫県小野市栄町２５６番地,2021-08-10,その他の設立登記法人
一般社団法人美術工藝協会,東京都多摩市桜ヶ丘２丁目１３番地の７,2021-08-10,その他の設立登記法人
一般社団法人Ｇ．Ｆ．マネジメント裾野,静岡県裾野市水窪７２番地,2021-08-10,その他の設立登記法人
一般社団法人Ｌｅａｎ　ＭＯＮＯＺＵＫＵＲＩ　Ｎｅｔｗｏｒｋ　Ｊａｐａｎ,愛知県知立市八ツ田町３丁目９番地１０,2021-08-10,その他の設立登記法人
一般社団法人ＯＩＴＡ　ＣＲＥＡＴＩＶＥ　ＰＲＯＤＵＣＴＩＯＮ,大分県大分市府内町３丁目４番２０号大分恒和ビル４階,2021-08-10,その他の設立登記法人
一般社団法人Ｓ,大阪府東大阪市西堤西２番２５号,2021-08-10,その他の設立登記法人
中遠警備業協同組合,静岡県磐田市上万能４９４番地,2021-08-10,その他の設立登記法人
丸ツ柘植産業株式会社,岐阜県恵那市中野方町５９８番地の１,2021-08-10,株式会社
伊澤キャピタルパートナーズ合同会社,大阪府大阪市住吉区長居東２丁目１３番１２号,2021-08-10,合同会社
元吉合同会社,千葉県船橋市西船４丁目１９番２号第１２花園ビル６０１号,2021-08-10,合同会社
医療法人ＡＫＡＴＳＵＫＩ,岐阜県可児市下恵土７８番地１,2021-08-10,その他の設立登記法人
合同会社かけはし,新潟県長岡市宮関４丁目１番１３号,2021-08-10,合同会社
合同会社さっぽろ海産仕入センター,北海道札幌市中央区南五条西３丁目１０番地ニューすすきのビル６階,2021-08-10,合同会社
合同会社まるます,広島県広島市安佐北区深川４丁目２３番１８号,2021-08-10,合同会社
合同会社アセ―,千葉県八千代市八千代台南３丁目２４番５号,2021-08-10,合同会社
合同会社アンカー商会,奈良県奈良市西九条町２丁目３番地の１７,2021-08-10,合同会社
合同会社アンビジュ,千葉県市原市勝間８９０番地,2021-08-10,合同会社
合同会社アートスター,鹿児島県大島郡龍郷町赤尾木１５５３,2021-08-10,合同会社
合同会社イマカコミライ,東京都品川区西品川１丁目１－１住友不動産大崎ガーデンタワー９階,2021-08-10,合同会社
合同会社ウィスタリア,千葉県柏市旭町５丁目１番１６－３１４号,2021-08-10,合同会社
合同会社エイトワン,京都府京都市伏見区羽束師志水町１６５番地２４４,2021-08-10,合同会社
合同会社エステラ,千葉県船橋市薬円台４丁目２３番１０号,2021-08-10,合同会社
合同会社エステートイマリ,福岡県福岡市中央区今泉２丁目１番２８－８０９号,2021-08-10,合同会社
合同会社エステートカラツ,福岡県福岡市中央区今泉２丁目１番２８－８０９号,2021-08-10,合同会社
合同会社エヌワンシステム,北海道札幌市中央区南六条東３丁目１番地２レノンテラーザ６－３－４０２,2021-08-10,合同会社
合同会社エムアンドエムズ,福岡県福岡市中央区今泉２丁目１番２８－８０９号,2021-08-10,合同会社
合同会社エンドレスジャパン,福岡県福岡市中央区薬院４丁目１８番２１号,2021-08-10,合同会社
合同会社オカリ,東京都葛飾区柴又３丁目１１－１２,2021-08-10,合同会社
合同会社オフィス・エルモ,北海道札幌市豊平区月寒中央通８丁目４－２８月寒ＦＪビル４０１号室,2021-08-10,合同会社
合同会社クアチュオール,静岡県静岡市清水区真砂町７番１９号,2021-08-10,合同会社
合同会社クアドリフォリオ,大阪府大阪市中央区常盤町１丁目３番１８号,2021-08-10,合同会社
合同会社グッドシェイプ,千葉県柏市今谷上町３８－２５メゾンローズ１階,2021-08-10,合同会社
合同会社コンビニエンスコンサルティング,山梨県富士吉田市上吉田東１丁目１‐４５,2021-08-10,合同会社
合同会社スパイラル,東京都三鷹市下連雀３丁目２７番１１号（クレールミハラ６０１号室）,2021-08-10,合同会社
合同会社スポーツハウスホールディングス,北海道札幌市中央区南三条西３丁目１１番地,2021-08-10,合同会社
合同会社スマートブレイン,東京都千代田区岩本町１丁目２番１３号渡東ビルディング３Ｆ,2021-08-10,合同会社
合同会社テック通信システム,石川県かほく市宇野気ヌ２５５番地３,2021-08-10,合同会社
合同会社テンシックス,東京都千代田区九段南１丁目５番６号りそな九段ビル５階ＫＳフロア,2021-08-10,合同会社
合同会社ディアナ・ガーデン,東京都港区南青山５丁目１７番２号,2021-08-10,合同会社
合同会社デー,埼玉県児玉郡上里町大字堤３６５番地２,2021-08-10,合同会社
合同会社トラストグループ,山梨県甲斐市中下条１３２３番地３メゾンアルプス１０１,2021-08-10,合同会社
合同会社ハートフルマヨ,東京都北区豊島１丁目２４番６－２０２号,2021-08-10,合同会社
合同会社バンガードストリート,兵庫県尼崎市武庫之荘４丁目２番１４－１０３号,2021-08-10,合同会社
合同会社ピンクラパン,東京都目黒区自由が丘２丁目１６－１２ＬＣ１Ｆ,2021-08-10,合同会社
合同会社フジタサポート,東京都中央区銀座１丁目２２番１１号銀座大竹ビジデンス２階,2021-08-10,合同会社
合同会社フレンズ,東京都町田市小山ヶ丘１丁目１４番地１桜美林ガーデンヒルズＣ－２０４,2021-08-10,合同会社
合同会社ベル賃貸研究所,鹿児島県姶良市蒲生町米丸６１３番地,2021-08-10,合同会社
合同会社マリポサアズール,東京都狛江市和泉本町１丁目１２番１－８０６号,2021-08-10,合同会社
合同会社ミント,富山県富山市下堀３－５,2021-08-10,合同会社
合同会社ライム,大阪府大阪市浪速区日本橋西１丁目４番１０号トヨダビル２階,2021-08-10,合同会社
合同会社ルフト,京都府京都市伏見区北寝小屋町１０－１０２,2021-08-10,合同会社
合同会社ワルキューレ,神奈川県高座郡寒川町宮山１３０１番地２,2021-08-10,合同会社
合同会社作物ライフ,宮崎県都城市今町７６９４番地４,2021-08-10,合同会社
合同会社優,大分県大分市田中町２丁目３番５４号桜ビル１０１,2021-08-10,合同会社
合同会社大船パートナーズ,神奈川県鎌倉市大船２丁目１８番８号,2021-08-10,合同会社
合同会社大蔵開発,愛知県名古屋市中区平和１丁目１５－１３ジュネス東別院４０１号,2021-08-10,合同会社
合同会社帝国食堂,京都府京都市中京区西ノ京三条坊町２番地２サンハイツ西ノ京３０８,2021-08-10,合同会社
合同会社幸運,東京都杉並区阿佐谷南２丁目２１番４号,2021-08-10,合同会社
合同会社明横,神奈川県横浜市保土ケ谷区川辺町２番地１パークホームズ横濱星川１０１６号,2021-08-10,合同会社
合同会社東京レジデンシャル７,東京都中央区日本橋１丁目４番１号,2021-08-10,合同会社
合同会社東京レジデンシャル８,東京都中央区日本橋１丁目４番１号,2021-08-10,合同会社
合同会社松崎歯科商会,愛知県東海市名和町向廻間１－２名和団地８－３０６,2021-08-10,合同会社
合同会社点と線,東京都千代田区神田須田町２丁目２５番地ＧＹＢ秋葉原４階,2021-08-10,合同会社
合同会社牧電機,大分県大分市原新町１２番１４号,2021-08-10,合同会社
合同会社菫,東京都西東京市保谷町１丁目４番６号,2021-08-10,合同会社
合同会社西川財産管理,石川県金沢市泉が丘２丁目５番１９号,2021-08-10,合同会社
合同会社豊晃産業,大分県大分市大字片島６３８番地２,2021-08-10,合同会社
合同会社遊び庭,千葉県船橋市田喜野井１丁目２番１号,2021-08-10,合同会社
合同会社鎌田商店,東京都江東区亀戸１丁目５番７号,2021-08-10,合同会社
合同会社鵜飼組,岐阜県関市仲町４番２１号,2021-08-10,合同会社
合同会社Ａ＆Ａ,愛知県名古屋市中村区亀島２丁目２番２７号アルカンシェル名駅５０５号,2021-08-10,合同会社
合同会社ＡＳ水戸成沢太陽光発電所,東京都千代田区大手町２丁目１番地１号大手町野村ビル１６階,2021-08-10,合同会社
合同会社Ａｄｖａｎｃｉａｌ,神奈川県川崎市川崎区南町２番地１秋山クリスタルビル３０２,2021-08-10,合同会社
合同会社Ａｋｉ・Ｒｉｎ,京都府木津川市加茂町里南古田６９番地,2021-08-10,合同会社
合同会社ＢＡＮＧＫＯＫ　ＷＥＬＬＮＥＳＳ,神奈川県横須賀市本町３丁目１１番地Ｕ’ｓビルディング２階,2021-08-10,合同会社
合同会社ＢＩＢＩＣＡ,東京都八王子市八日町５番１５－１４０４号,2021-08-10,合同会社
合同会社ＢｌａｎｋＭａｐ,大阪府八尾市東本町３丁目２－２９,2021-08-10,合同会社
合同会社ＣＡＣＡＯ　ＲＥＰＵＢＬＩＣ,東京都中野区新井１丁目２２番６号Ｍ・Ｔ・Ｍ１Ｆ,2021-08-10,合同会社
合同会社Ｃａｒｅｂｏｕｔ,兵庫県たつの市御津町苅屋字裏ノ田２０５番地５号オリゾンＡ棟１０３号室,2021-08-10,合同会社
合同会社ＦＰ,兵庫県小野市黒川町４７－１０,2021-08-10,合同会社
合同会社Ｆｕｚｚｙ,東京都中央区日本橋堀留町２丁目４番１４－８０１号,2021-08-10,合同会社
合同会社Ｇｏｏｄ　Ｈａｂｉｔ,東京都江東区塩浜１丁目６番８－１２０２号,2021-08-10,合同会社
合同会社ＨＩＲＯコーポレーション,鹿児島県鹿屋市西原２丁目２３番１８号,2021-08-10,合同会社
合同会社ＨＵＢ,京都府京都市東山区大和大路通三条下る３丁目弁財天町８－２,2021-08-10,合同会社
合同会社ＨＵＩＳ,千葉県船橋市金杉４丁目５番８号,2021-08-10,合同会社
合同会社Ｈａｐｐ　Ｂｒｉｇｈｔｕｒｅ,埼玉県川口市川口１丁目３番１－２０５号ライオンズマンション川口第５,2021-08-10,合同会社
合同会社ＩＳＫ,福岡県福岡市東区和白３丁目１３番２０号,2021-08-10,合同会社
合同会社ＪＥＧＡＬ,神奈川県横浜市神奈川区入江２丁目８番２３号,2021-08-10,合同会社
合同会社ＪＲＥアルバ,東京都港区六本木６丁目２番３１号六本木ヒルズノースタワー１５階,2021-08-10,合同会社
合同会社ＪＲＰＦ戸部,東京都千代田区丸の内３丁目１番１号東京共同会計事務所内,2021-08-10,合同会社
合同会社Ｌｕａ　ＣＯＣＯ,千葉県習志野市本大久保１丁目４番１９号,2021-08-10,合同会社
合同会社Ｍ’ｓ　ｗｏｒｋｅｒｓ,静岡県静岡市駿河区下川原６丁目７－２６,2021-08-10,合同会社
合同会社Ｍ＆Ｙ　Ｍａｎａｇｅｍｅｎｔ,東京都杉並区下草井二丁目２番５号,2021-08-10,合同会社
合同会社ＭＰＶ,神奈川県鎌倉市腰越４丁目１番７号,2021-08-10,合同会社
合同会社Ｍａｒｋｅｔｉｎｇ　Ｓｔｒｅａｍ,東京都港区南青山２丁目２番１５号,2021-08-10,合同会社
合同会社Ｍｅｄｉｃａｌ　Ｐｒｏｖｉｄｅ,千葉県山武市成東２１５番地３５,2021-08-10,合同会社
合同会社Ｎｅｗ　ｌｉｆｅ,北海道札幌市南区澄川三条４丁目６番１９号,2021-08-10,合同会社
合同会社ＯＮＴ,奈良県大和郡山市筒井町５４２番地７,2021-08-10,合同会社
合同会社ＯｆｆｉｃｅＭ,神奈川県茅ヶ崎市ひばりが丘３－３３,2021-08-10,合同会社
合同会社ＰＥＮＴＡＳ,愛知県名古屋市緑区六田２丁目１７０番地,2021-08-10,合同会社
合同会社ＰＲＥＳＥＮＣＥ,山梨県甲府市和戸町８０９‐１,2021-08-10,合同会社
合同会社Ｐｅａｃｅ　Ｃｕｌｔｕｒｅ　Ｔｒａｎｓｌａｔｉｏｎ,広島県広島市東区牛田南１丁目５番１０号,2021-08-10,合同会社
合同会社ＲＡＮＧ,広島県広島市中区薬研堀６番１３－４０１号,2021-08-10,合同会社
合同会社ＲＥ・ＡＣＨ,大阪府堺市中区土師町２丁４番３４号,2021-08-10,合同会社
合同会社Ｒａｉｎｂｏｗ,広島県広島市安芸区瀬野西２丁目２４－１８,2021-08-10,合同会社
合同会社Ｒｅｚｏ,神奈川県藤沢市本鵠沼２丁目１番８号,2021-08-10,合同会社
合同会社Ｓ・Ｍ・Ｎ　ＥＮＴＥＲＰＲＩＳＥＳ,栃木県佐野市高萩町４２９番地１若葉ハイツ１０１,2021-08-10,合同会社
合同会社ＳＥＮＳＥ　ｅｎｄｌｅｓｓ,東京都世田谷区砧４丁目８－８ＧｒａｎＤｕｏ祖師谷Ⅱ２０４,2021-08-10,合同会社
合同会社ＳＵＲＦ,東京都千代田区神田紺屋町６番地１,2021-08-10,合同会社
合同会社Ｓｉｌｖｅｒ　Ｂａｃｋ,大阪府高槻市宮野町８番２号高槻野村マンション１０５号,2021-08-10,合同会社
合同会社Ｔ．Ｋマシナリー,大阪府大阪市住吉区我孫子東２丁目８番１６－４０５号,2021-08-10,合同会社
合同会社Ｔ２Ｙ　ＣＯＭＰＡＮＹ,東京都世田谷区上祖師谷５丁目３１－７,2021-08-10,合同会社
合同会社ＴＯＴＡＬ　ＴＵＮＩＮＧ,東京都目黒区柿の木坂１丁目３３番６号,2021-08-10,合同会社
合同会社Ｔａｋｔｏ,東京都中央区銀座１丁目２２番１１号銀座大竹ビジデンス２階,2021-08-10,合同会社
合同会社ＵＮＯ,千葉県千葉市稲毛区園生町８２５番地１ライオンズマンション稲毛第３－２１５号室,2021-08-10,合同会社
合同会社ＵＰ,大阪府交野市私部西１丁目２７番１号,2021-08-10,合同会社
合同会社ＶＩＶＩＤ　ＨＯＵＲ,大阪府大阪市北区豊崎３丁目１５番５号ＴＫビル２階,2021-08-10,合同会社
合同会社Ｙ　ＪＡＰＡＮ,東京都港区南青山４丁目２番１２－５１０号,2021-08-10,合同会社
合同会社ＹＦＭＡ,京都府木津川市相楽台６丁目５番地８,2021-08-10,合同会社
合同会社ａｆｆｉｎｉｔｙ,千葉県船橋市浜町１丁目６番ファミリータウン５棟１１３号,2021-08-10,合同会社
合同会社ａｔ　ｌｏｇｉｃ,福岡県福岡市博多区博多駅南５丁目１４番２３号,2021-08-10,合同会社
合同会社ｆ．ｓｔｙｌｅ,神奈川県横浜市鶴見区鶴見中央４丁目３２番１１号,2021-08-10,合同会社
合同会社ｍｏｎｉｉ,長野県東御市和８０３６番地１０,2021-08-10,合同会社
合同会社ｓｔｅｎｃｅ,千葉県船橋市丸山３丁目５１番４６号,2021-08-10,合同会社
名古屋市中川区プロジェクト合同会社,東京都千代田区丸の内３丁目３番１号新東京ビル６０２,2021-08-10,合同会社
呉竹空調株式会社,埼玉県川口市芝下３丁目２４番８号,2021-08-10,株式会社
和っしょい株式会社,東京都港区六本木４丁目５番１１号ＳＩＸ４階,2021-08-10,株式会社
大日環境ホーム株式会社,京都府京都市左京区聖護院西町３番地２,2021-08-10,株式会社
大晴不動産株式会社,千葉県野田市宮崎４８番地の１サンビレッジＮ＆Ａ壱番館１０７号室,2021-08-10,株式会社
大黒株式会社,東京都中野区野方４丁目１９番６号１０１,2021-08-10,株式会社
弁護士法人ＪＰＳ,大阪府大阪市中央区今橋１丁目１番３号ＩＭＡＢＡＳＨＩ、ＧＡＴＥ、ＰＬＡＣＥ８階,2021-08-10,その他の設立登記法人
心優輸送株式会社,滋賀県長浜市木之本町黒田２９５番地４,2021-08-10,株式会社
我孫子市新春マラソン大会実行委員会,千葉県我孫子市古戸６９６番地市民体育館内,2021-08-10,その他
日光人材派遣株式会社,岡山県岡山市北区春日町８番１５号,2021-08-10,株式会社
日商ヨドガワトレーディング株式会社,大阪府大阪市住吉区長居東４丁目１５番２０－２０３号,2021-08-10,株式会社
日本デジタルアセット株式会社,東京都千代田区二番町１－２番町ハイム７１３号,2021-08-10,株式会社
昇喜株式会社,東京都中央区日本橋人形町２丁目２６番８－１４０５号,2021-08-10,株式会社
明業株式会社,東京都板橋区蓮根２丁目２８番２１号ワイティーコート４０７号室,2021-08-10,株式会社
木下総合サービス株式会社,北海道雨竜郡幌加内町字幌加内５１２４番地１３,2021-08-10,株式会社
未来アジア協同組合,東京都江戸川区新堀１丁目１５番３号,2021-08-10,その他の設立登記法人
東洋産業株式会社,愛知県名古屋市千種区千種通５丁目２０番地１ウイング大久手２Ｆ,2021-08-10,株式会社
株式会社あぐり,北海道網走郡津別町字大通３０番地１,2021-08-10,株式会社
株式会社おはぎ経営,大阪府大阪市中央区久太郎町４丁目２番１０号大西ビルディング６Ｆ,2021-08-10,株式会社
株式会社かけはし,兵庫県神戸市灘区原田通２丁目１番１号テクノビル２Ｆ,2021-08-10,株式会社
株式会社さくらトレジャー,広島県広島市南区出島１丁目１６番３号,2021-08-10,株式会社
株式会社なごみ,千葉県流山市野々下６丁目６１３番地の８２,2021-08-10,株式会社
株式会社なごみ警備保障,愛知県名古屋市千種区千種通５丁目２０番１ウイング大久手１Ｆ,2021-08-10,株式会社
株式会社なんば,東京都杉並区松ノ木２丁目１番１７号,2021-08-10,株式会社
株式会社のぞみ経営パートナーズ,大阪府大阪市北区梅田１丁目１１番４号大阪駅前第４ビル１８階,2021-08-10,株式会社
株式会社のっぷる,東京都荒川区東日暮里４丁目２５番６号,2021-08-10,株式会社
株式会社まあれ,沖縄県那覇市上之屋１丁目１６番３０号,2021-08-10,株式会社
株式会社むらおこし,山形県尾花沢市大字鶴巻田６１２番地,2021-08-10,株式会社
株式会社よしはら,奈良県奈良市南市町２７番地,2021-08-10,株式会社
株式会社れいわ水産,大阪府藤井寺市林１丁目１７番２３号,2021-08-10,株式会社
株式会社アイセイ,大阪府守口市南寺方東通５丁目２３番９号,2021-08-10,株式会社
株式会社アタラクシアグループ,東京都渋谷区渋谷１丁目７番１号,2021-08-10,株式会社
株式会社アドパワー,奈良県生駒市萩の台８６６－１７,2021-08-10,株式会社
株式会社アリオス,埼玉県和光市白子２丁目１７番４０－１０７号,2021-08-10,株式会社
株式会社アルエット,東京都大田区北千束２丁目２５番４号ティアロレジデンス２０３,2021-08-10,株式会社
株式会社アルタイルジャパン,愛知県名古屋市中村区太閤３丁目１番１８号名古屋ＫＳビル６Ｆ,2021-08-10,株式会社
株式会社アローエース,千葉県浦安市当代島１丁目１６番２０－６０１号,2021-08-10,株式会社
株式会社アースウイング,大阪府大阪市中央区瓦町４丁目３番１４号,2021-08-10,株式会社
株式会社イズミトソウ,京都府京都市南区久世殿城町１２３番地２,2021-08-10,株式会社
株式会社インターバリュ,東京都千代田区神田三崎町３丁目５番９号,2021-08-10,株式会社
株式会社インテリアワコー,広島県福山市駅家町大字万能倉１４０６番地１５,2021-08-10,株式会社
株式会社ウイングレット,千葉県市川市八幡６丁目６番１０号,2021-08-10,株式会社
株式会社ウェール,東京都文京区小石川１丁目９番５号,2021-08-10,株式会社
株式会社エアーコネクト,埼玉県さいたま市南区南浦和３丁目２９番１３号,2021-08-10,株式会社
株式会社エスプリプラス,宮城県仙台市宮城野区枡江９番３６号,2021-08-10,株式会社
株式会社エヌアールエム,東京都大田区蒲田５丁目２０－７Ｋ５２０ビル５階,2021-08-10,株式会社
株式会社エバーホールディングス,神奈川県茅ヶ崎市東海岸南１丁目１番１号,2021-08-10,株式会社
株式会社オステリアガッティーニャ,兵庫県神戸市須磨区妙法寺字円満林６番地の１３,2021-08-10,株式会社
株式会社オステート,埼玉県川越市大字増形３２３番地,2021-08-10,株式会社
株式会社カレラ,静岡県静岡市駿河区池田６５７番地の３,2021-08-10,株式会社
株式会社ガイア,広島県広島市中区宝町２－２０,2021-08-10,株式会社
株式会社ガイヤ,鳥取県鳥取市国安１６８番地２,2021-08-10,株式会社
株式会社ククル,埼玉県深谷市上野台２７９９番地,2021-08-10,株式会社
株式会社クライオミカド,神奈川県平塚市四之宮２丁目２５番２０号,2021-08-10,株式会社
株式会社クラージュ不動産,愛知県名古屋市東区芳野１丁目２番３号ＣＳ．ＢＬＤ２Ｆ,2021-08-10,株式会社
株式会社クロスエッジ,福岡県福岡市南区花畑３丁目９番２１号,2021-08-10,株式会社
株式会社グラットン,千葉県流山市西初石３丁目１０３番地１４,2021-08-10,株式会社
株式会社グリップ,千葉県八街市八街ほ９６９番地１３８,2021-08-10,株式会社
株式会社ケイインテリジェンスマネージメント,東京都中央区日本橋室町１丁目１３番７号,2021-08-10,株式会社
株式会社ケイツープランニング,兵庫県神戸市北区鈴蘭台東町５丁目２－２３グリーンハイツ鈴蘭１００号,2021-08-10,株式会社
株式会社コムテック,東京都文京区水道２丁目３番２０号,2021-08-10,株式会社
株式会社ゴールデンツリー流通,埼玉県川越市大字藤間１６３番地４ストークマンション川越４０１号室,2021-08-10,株式会社
株式会社サカモト塗装工房,千葉県印西市船尾１２５８番地４,2021-08-10,株式会社
株式会社サガワ,山口県山口市下小鯖４６９番地４,2021-08-10,株式会社
株式会社サクラテクノ,千葉県野田市桜の里３丁目３０番地の３,2021-08-10,株式会社
株式会社サンセット,東京都江戸川区松江１丁目１５番４号,2021-08-10,株式会社
株式会社シアラー,愛知県豊川市松風町４６番地（２Ｆ－Ｃ）,2021-08-10,株式会社
株式会社シコミフード,東京都中央区築地７丁目１２番６号,2021-08-10,株式会社
株式会社シンセイ建築,愛知県岡崎市上地１丁目２番地８,2021-08-10,株式会社
株式会社ジェイワン,京都府京都市西京区川島野田町１３番地３,2021-08-10,株式会社
株式会社ジャパンコネクト,兵庫県神戸市中央区布引町２丁目１番７号,2021-08-10,株式会社
株式会社ジャパンメディカルコミュニケーションズ,神奈川県藤沢市村岡東３丁目２６番地の１５,2021-08-10,株式会社
株式会社スイフトサービス,東京都立川市一番町１丁目１９番地の３４,2021-08-10,株式会社
株式会社スターゲート,東京都千代田区神田須田町１丁目２４番地２１,2021-08-10,株式会社
株式会社ステラーインテンションズ,東京都港区南青山４丁目２６番２０号,2021-08-10,株式会社
株式会社セカンド,茨城県常陸太田市内田町３０７３番地の６,2021-08-10,株式会社
株式会社センチメンタルバリュー,東京都調布市上石原３丁目５９番地４１,2021-08-10,株式会社
株式会社ソスコム,東京都立川市砂川町４丁目６２番地の１４,2021-08-10,株式会社
株式会社ソルペンナ,東京都中央区入船１丁目４番９号ＡＪＩＴＯ５０２号,2021-08-10,株式会社
株式会社タケデン,愛知県豊橋市大岩町字大穴１７２番地の２０,2021-08-10,株式会社
株式会社ダイアモンドアーツ,東京都板橋区南常盤台１丁目２１－１，プレールドゥークときわ台５０２,2021-08-10,株式会社
株式会社テンポダッシュ,愛知県名古屋市中村区牛田通２丁目９番地の２,2021-08-10,株式会社
株式会社ディクセル,大阪府大阪市中央区南久宝寺町２丁目１番２号竹田ビル７０３,2021-08-10,株式会社
株式会社トゥーテルハロー,東京都大田区北千束１丁目５４番１号,2021-08-10,株式会社
株式会社トップセールス,埼玉県朝霞市泉水３丁目１４番１号東和プラザＡ－７２６,2021-08-10,株式会社
株式会社トラストクリーン,埼玉県戸田市喜沢１丁目２６番地の９マルエツ喜沢マンション４０４号室,2021-08-10,株式会社
株式会社トランジットテーマカフェオペレーション,東京都渋谷区恵比寿４丁目２０番４号,2021-08-10,株式会社
株式会社トリノナ,宮城県仙台市若林区蒲町３５番１２号,2021-08-10,株式会社
株式会社ナミナギ,長野県佐久市佐久平駅東４番地１－４０５号,2021-08-10,株式会社
株式会社ニルグラフ,滋賀県彦根市後三条町６０８番地１２,2021-08-10,株式会社
株式会社ネクサスリアルティ,神奈川県横浜市鶴見区鶴見中央４丁目９番１７－６２１号,2021-08-10,株式会社
株式会社ネクシィーズ中四国,広島県広島市南区的場町１丁目２番２１号,2021-08-10,株式会社
株式会社ハイパー・イノベーション,東京都港区浜松町２丁目２－１５－２Ｆ,2021-08-10,株式会社
株式会社ハウンド,東京都品川区豊町４丁目１６番７号,2021-08-10,株式会社
株式会社ハタノ,千葉県船橋市旭町２丁目１３番３号,2021-08-10,株式会社
株式会社ハヤト工業,福岡県福津市内殿８１１番地の１,2021-08-10,株式会社
株式会社パナシェドール,静岡県焼津市祢宜島４０８番地の４,2021-08-10,株式会社
株式会社ビエネスタ,福岡県福岡市中央区白金１丁目６－１４,2021-08-10,株式会社
株式会社ビーシーシー,福島県郡山市安積荒井本町２７８,2021-08-10,株式会社
株式会社ビーワールド,千葉県野田市柳沢２３番地の２０,2021-08-10,株式会社
株式会社ファイブ・ツー,千葉県松戸市上本郷１６番地の１,2021-08-10,株式会社
株式会社フォワード,福岡県飯塚市東徳前６番１８号ＫＭビル２０１号,2021-08-10,株式会社
株式会社フジ防熱,福島県福島市下鳥渡字大平南１番地の４,2021-08-10,株式会社
株式会社フルタイム,福岡県大野城市上大利２丁目７番２５号光第五ビル５７７号室,2021-08-10,株式会社
株式会社ブリエパートナーズ,千葉県松戸市上矢切３４８番地の２６,2021-08-10,株式会社
株式会社ブレイス,大阪府大阪市天王寺区上本町９丁目３番１２－１４０１号,2021-08-10,株式会社
株式会社プラス,神奈川県横浜市旭区桐が作１１８１番地１８,2021-08-10,株式会社
株式会社ベアーフルート,兵庫県神戸市西区月が丘５丁目１番地の４、１－５１９号,2021-08-10,株式会社
株式会社ベホマズン,愛知県名古屋市東区白壁４丁目８８番地,2021-08-10,株式会社
株式会社ホットスタッフ熊谷,埼玉県熊谷市本石２丁目１６９番地１,2021-08-10,株式会社
株式会社ホームリユース北陸,石川県白山市青葉台２丁目２０１番地,2021-08-10,株式会社
株式会社ポトス,大阪府大阪市中央区道修町１丁目６番７号,2021-08-10,株式会社
株式会社マナプール,愛媛県松山市二番町３丁目２番地１８－２階,2021-08-10,株式会社
株式会社マネーランニング,栃木県宇都宮市五代１丁目１１番１９号,2021-08-10,株式会社
株式会社ミツウロコヴォイジャーズ分割準備会社,東京都中央区京橋３丁目１番１号,2021-08-10,株式会社
株式会社メイクス,長崎県長崎市城山町１８番９号,2021-08-10,株式会社
株式会社メルヴェイユレーヴ,愛知県豊田市河合町１丁目１９番地１０,2021-08-10,株式会社
株式会社モリ,東京都渋谷区南平台町１２番１３－１００７号,2021-08-10,株式会社
株式会社モンド,東京都八王子市南大沢１丁目９番地１－１－１０５,2021-08-10,株式会社
株式会社ヤスダ不動産,東京都調布市柴崎２丁目３０番地１０,2021-08-10,株式会社
株式会社ユウセイ設備,大阪府豊中市原田元町３丁目１４番１１号,2021-08-10,株式会社
株式会社ヨシコーフーズ,兵庫県宝塚市光ガ丘２丁目３番１９号,2021-08-10,株式会社
株式会社ライフベース,埼玉県川口市朝日４丁目１番２５号,2021-08-10,株式会社
株式会社ラブチャレンジャー,大阪府大阪市北区梅田１丁目１１番４号大阪駅前第４ビル９階９２３号,2021-08-10,株式会社
株式会社リズ,東京都台東区東上野１丁目７番５号,2021-08-10,株式会社
株式会社リバーライフエステート,愛知県岡崎市美合町字池下１番地１９,2021-08-10,株式会社
株式会社リビングベース,東京都日野市平山３丁目１５番地の３,2021-08-10,株式会社
株式会社リュウシン,広島県呉市阿賀北３丁目１２番２４号,2021-08-10,株式会社
株式会社レガリス,東京都墨田区押上３丁目３０番１０号３Ｆ,2021-08-10,株式会社
株式会社レクス,埼玉県上尾市大字小泉３５番地５１,2021-08-10,株式会社
株式会社レソナンシア,東京都世田谷区用賀３丁目８番５号,2021-08-10,株式会社
株式会社ワイケー管理,東京都渋谷区渋谷３丁目１０番１５号,2021-08-10,株式会社
株式会社ワイズ,京都府京都市南区吉祥院宮ノ東町１４番地,2021-08-10,株式会社
株式会社ヴィレッジワン,長崎県大村市武部町７５１番地４,2021-08-10,株式会社
株式会社三協エンジニアリング,神奈川県相模原市緑区下九沢２８０番地５４,2021-08-10,株式会社
株式会社三辻商店,石川県輪島市鳳至町畠田１番地１０,2021-08-10,株式会社
株式会社中日管財,三重県桑名市大字本願寺４３番地,2021-08-10,株式会社
株式会社中村,千葉県八千代市大和田新田２３６番地３,2021-08-10,株式会社
株式会社中村設備,青森県三戸郡階上町蒼前東４丁目６番地２３８,2021-08-10,株式会社
株式会社中西オートリペアー,千葉県旭市ニの２４８６番地６,2021-08-10,株式会社
株式会社九州ライフサポート,福岡県福岡市南区柳瀬１丁目２５番２－３０２号,2021-08-10,株式会社
株式会社佐久間工業,千葉県富津市富津２５０８番地,2021-08-10,株式会社
株式会社健康そむりえ,広島県広島市中区西白島町２３番１６－１２０１号,2021-08-10,株式会社
株式会社光正,鹿児島県鹿児島市上之園町２４番地２７松下ビル１階,2021-08-10,株式会社
株式会社冨松エステート,埼玉県和光市白子３丁目３６番２１号,2021-08-10,株式会社
株式会社加世田万世,鹿児島県南さつま市加世田小湊１９８７,2021-08-10,株式会社
株式会社反省Ｈｏｌｄｉｎｇｓ,東京都港区海岸３丁目８－５プレールドゥーク東京ベイⅢ２０１号室,2021-08-10,株式会社
株式会社吉田住建,福岡県遠賀郡岡垣町海老津駅前１２番８号,2021-08-10,株式会社
株式会社和田,山梨県都留市川茂２６１番地,2021-08-10,株式会社
株式会社善,福岡県福岡市早良区小田部３丁目１８番１４号,2021-08-10,株式会社
株式会社大坪塗装,千葉県木更津市真里谷８９６番地６,2021-08-10,株式会社
株式会社大垣設備,兵庫県宝塚市売布自由ガ丘７番４号,2021-08-10,株式会社
株式会社大誠建設,京都府京都市南区上鳥羽川端町２９番地２１,2021-08-10,株式会社
株式会社妃建設,千葉県茂原市東郷２２０７番地,2021-08-10,株式会社
株式会社安藤トレーディング,福岡県宮若市龍徳１７６９番地１,2021-08-10,株式会社
株式会社宜和,東京都町田市藤の台２丁目２－１８－５０２,2021-08-10,株式会社
株式会社宝友総建,千葉県千葉市中央区宮崎町７２６番地９０,2021-08-10,株式会社
株式会社小島電気通信,福岡県北九州市小倉北区小文字１丁目１４番６号,2021-08-10,株式会社
株式会社小桃百貨,東京都千代田区岩本町１丁目１２番１１号トーア岩本町マンション５０１号,2021-08-10,株式会社
株式会社小菅共創建設,千葉県松戸市秋山２７４番地の７－５０１号,2021-08-10,株式会社
株式会社尾前設備,埼玉県春日部市中央８丁目８番地３３,2021-08-10,株式会社
株式会社尾崎工業,埼玉県白岡市小久喜１１６０番地１６斉藤ビル４Ｆ,2021-08-10,株式会社
株式会社岩田内装,三重県四日市市西富田町２４９番地１３,2021-08-10,株式会社
株式会社御幸,青森県八戸市大字六日町２０番地１味ビル５階,2021-08-10,株式会社
株式会社徹喰,神奈川県鎌倉市由比ガ浜３丁目３番２４号,2021-08-10,株式会社
株式会社慎尚,福岡県北九州市小倉北区足原１丁目３番７号,2021-08-10,株式会社
株式会社戸川工業,愛知県名古屋市緑区鳥澄１丁目３０５番地,2021-08-10,株式会社
株式会社掃建美社,千葉県松戸市常盤平６丁目９番地の１３,2021-08-10,株式会社
株式会社文化と創造,東京都千代田区神田三崎町３丁目２番１３号,2021-08-10,株式会社
株式会社斎藤機械サービス,福島県安達郡大玉村大山字大作田１０番地２,2021-08-10,株式会社
株式会社新日本サービス,大阪府大阪市平野区瓜破東２丁目８番２１号,2021-08-10,株式会社
株式会社明工業,兵庫県姫路市白鳥台３丁目３３番１６号,2021-08-10,株式会社
株式会社東宝化学工業所,大阪府大阪市生野区鶴橋５丁目２１番１６号,2021-08-10,株式会社
株式会社松本再生建築研究所,福岡県福岡市中央区天神１丁目１－１,2021-08-10,株式会社
株式会社森屋商事,神奈川県大和市西鶴間４丁目２番２６号,2021-08-10,株式会社
株式会社横井技建,愛知県稲沢市祖父江町祖父江高熊２０５番地,2021-08-10,株式会社
株式会社橋本商店,北海道白老郡白老町字竹浦１１８番地２５,2021-08-10,株式会社
株式会社武村建設,滋賀県大津市萱野浦２５番４５号,2021-08-10,株式会社
株式会社法学館ホールディングス,東京都渋谷区桜丘町１７番５号,2021-08-10,株式会社
株式会社浜本造船所,熊本県天草市新和町大多尾３６０４番地３,2021-08-10,株式会社
株式会社浪速開発,大阪府大阪市西成区萩之茶屋１丁目６番１５号,2021-08-10,株式会社
株式会社清原ガーデン,大分県豊後高田市来縄１１００番地１,2021-08-10,株式会社
株式会社玉井企画,東京都稲城市大丸８８３番地,2021-08-10,株式会社
株式会社真咲雄,滋賀県草津市穴村町２５０番地６,2021-08-10,株式会社
株式会社笑るーむ,兵庫県川西市笹部１丁目６番１号,2021-08-10,株式会社
株式会社綿福商会,東京都台東区元浅草１丁目５番７号３階,2021-08-10,株式会社
株式会社花保鉄工,奈良県五條市二見７丁目５番４０号,2021-08-10,株式会社
株式会社行至商会,東京都豊島区南池袋２丁目２９番１２号７Ｆ,2021-08-10,株式会社
株式会社西出工務店,石川県小松市島町カ１５番地２１,2021-08-10,株式会社
株式会社阪神工作所,兵庫県神戸市西区見津が丘２丁目１番地６,2021-08-10,株式会社
株式会社陽美装,千葉県野田市春日町２３番地の２９,2021-08-10,株式会社
株式会社青空,東京都練馬区西大泉５丁目３２番１２号Ａ－２０４,2021-08-10,株式会社
株式会社順達,東京都荒川区町屋３丁目２番１号Ｂ１Ｆ,2021-08-10,株式会社
株式会社飯田左官工業,静岡県浜松市南区渡瀬町８６番地,2021-08-10,株式会社
株式会社黒葛野,兵庫県尼崎市口田中１丁目１番２４号,2021-08-10,株式会社
株式会社２ｐｌｕｓ,福岡県福岡市中央区長浜２丁目３－１８ドゥーエ赤坂１４２１号,2021-08-10,株式会社
株式会社Ａ－ｌｉｎｅ,愛知県半田市花園町４丁目２番地の１６,2021-08-10,株式会社
株式会社ＡＣＥ,千葉県印旛郡栄町竜角寺台５丁目１７番２号,2021-08-10,株式会社
株式会社ＡＤＶＥＲＺ,兵庫県神戸市中央区浜辺通６丁目１番１－９０６号,2021-08-10,株式会社
株式会社ＡＦＲＯ,東京都国立市富士見台１丁目１２番７号,2021-08-10,株式会社
株式会社ＡＧＫシェアードサービス,東京都文京区湯島３丁目３９番１０号上野ＴＨビル,2021-08-10,株式会社
株式会社ＡＬＬ　ＩＮ,福岡県福岡市中央区平尾４丁目４番２－６０１号,2021-08-10,株式会社
株式会社ＡＳＵＫＡ．ＰＧ８,奈良県生駒郡三郷町勢野北５丁目７番１７号,2021-08-10,株式会社
株式会社ＡＸＥ　ＣＯＮＳＵＬＴＩＮＧ,東京都世田谷区深沢６丁目９－１－３０１,2021-08-10,株式会社
株式会社ＡｎＲｏｏｍ,神奈川県横浜市中区宮川町３丁目６８番地１,2021-08-10,株式会社
株式会社Ｂ．Ｗ　ＬＥＡＰＳ,三重県四日市市楠町南五味塚１４５番地１シダーフィールド４０６,2021-08-10,株式会社
株式会社ＢＥＡＵ,神奈川県茅ヶ崎市香川１丁目３９－２８,2021-08-10,株式会社
株式会社ＢＥＲＲＡＣＩＣＫ,千葉県浦安市堀江３丁目１６番１号グリーン（２０１）,2021-08-10,株式会社
株式会社ＢＹＴＥ,東京都府中市若松町４丁目４９番地の１リベラル若松２０１,2021-08-10,株式会社
株式会社Ｂｌｏｏｍ,大阪府大阪市都島区友渕町１丁目４番２－１６０３号,2021-08-10,株式会社
株式会社Ｃ・Ｔ・Ｃ,埼玉県さいたま市浦和区常盤４丁目１３番１２－２０１号,2021-08-10,株式会社
株式会社ＣＩＱ,千葉県千葉市中央区富士見２丁目１５番９号,2021-08-10,株式会社
株式会社ＣＯＬＯＲＦＵＬ　ＣＡＮＤＹ　ＩＮＴＥＲＮＡＴＩＯＮＡＬ,兵庫県神戸市中央区東川崎町１丁目３番３号神戸ハーバーランドセンタービル,2021-08-10,株式会社
株式会社ＣＯＮＮＥＣＴ,東京都中央区銀座１丁目２２番１１号銀座大竹ビジデンス２階,2021-08-10,株式会社
株式会社ＣＲＥＳＴ,千葉県市川市日之出２１番１－店舗４（ソフトタウン行徳Ｃ棟）,2021-08-10,株式会社
株式会社Ｃｏｍｐｌｅｔｅ,神奈川県相模原市緑区二本松２丁目３３番２０号カーサヒラソル２０３,2021-08-10,株式会社
株式会社Ｄ－ｐｏｃｋｅｔ,広島県広島市安佐南区山本４丁目１３番４２－９号,2021-08-10,株式会社
株式会社ＤＥＮ,東京都千代田区神田佐久間町２丁目１２番地きりやビル３Ｆ,2021-08-10,株式会社
株式会社Ｄｏサービス御用命屋,福井県大野市清瀧１３１－１,2021-08-10,株式会社
株式会社ＥＡＲＴＨ２８,大阪府枚方市出口２丁目２９番１－８３４号,2021-08-10,株式会社
株式会社ＥＬＡＩ,京都府八幡市男山香呂６番地－Ａ２９－３０４,2021-08-10,株式会社
株式会社ＥＶＯＬＢＥ,東京都千代田区神田神保町２丁目２番地３４千代田三信ビル３階,2021-08-10,株式会社
株式会社ＥＸＣＩＡ,岐阜県各務原市蘇原村雨町４丁目３２番地１,2021-08-10,株式会社
株式会社ＦＫＤ工業,福岡県京都郡苅田町大字新津９８２番地２,2021-08-10,株式会社
株式会社ＦＵＫＴｅＮ,愛知県名古屋市中区栄３丁目３５番２２号ゴードン栄ビル５階,2021-08-10,株式会社
株式会社ＦＶＣ,岡山県美作市白水２６６３番地３,2021-08-10,株式会社
株式会社Ｆｌａｖｏｒ　Ｆｒａｇｒａｎｃｅ　Ｆａｃｔｏｒｙ,大阪府大阪市西区南堀江４丁目３２番１６号,2021-08-10,株式会社
株式会社Ｆｌｉｋ,静岡県静岡市清水区北脇３５４番地の１,2021-08-10,株式会社
株式会社ＦｕｎＭａｋｅｒ,東京都文京区小石川３丁目１７番１４号ＡＸＡＳ後楽園４０１号,2021-08-10,株式会社
株式会社ＧＭ．ＴＲＡＮＳ,千葉県市原市八幡海岸通１番地,2021-08-10,株式会社
株式会社ＧＳＥコンサルティンググループ,福岡県福岡市中央区天神２丁目３番１０号天神パインクレスト７１９号室,2021-08-10,株式会社
株式会社ＨＣプロデュース,東京都千代田区大手町１丁目６－１大手町ビル１階、２階ＳＰＡＣＥＳ大手町,2021-08-10,株式会社
株式会社ＨＥＡＬＹ　ＩＮＴＥＲＮＡＴＩＯＮＡＬ,千葉県船橋市豊富町１３１１番地５,2021-08-10,株式会社
株式会社ＨＥＡＴ,東京都千代田区九段南１丁目５番６号りそな九段ビル５階ＫＳフロア,2021-08-10,株式会社
株式会社ＨＵＮＧ　ＨＯＡＮＧ　ＰＨＡＴ　ＩＮＴ’Ｌ,茨城県潮来市茂木３３７番地１,2021-08-10,株式会社
株式会社Ｉ’ｍ　Ｈｅｒｅ,東京都中央区湊１丁目３番４－２０１号,2021-08-10,株式会社
株式会社ＩＮＴＥＲＩＡ佑,愛知県岡崎市真伝吉祥１丁目１６番地５,2021-08-10,株式会社
株式会社ＩＳネットワークス,茨城県土浦市田中３丁目８番地３２,2021-08-10,株式会社
株式会社Ｊ＆Ｍ,東京都大田区大森本町１丁目８番１２－Ｗ－３０５号,2021-08-10,株式会社
株式会社ＫＫＤ,東京都江東区冬木１７番７号カスタムビル１階,2021-08-10,株式会社
株式会社ＫＯ－ＹＡ,東京都足立区西新井７丁目１４番２２号,2021-08-10,株式会社
株式会社ＫＳＦＲ１,東京都千代田区内幸町２丁目１番６号,2021-08-10,株式会社
株式会社ＫＴＳ,茨城県笠間市住吉１５６７－３９,2021-08-10,株式会社
株式会社ＬＡＩＳ建機,千葉県山武郡芝山町小池１００９番地２グランドールＢ１０１,2021-08-10,株式会社
株式会社ＬＩＦＩＸ,東京都世田谷区等々力６丁目５番４号リベルダージュ１０２,2021-08-10,株式会社
株式会社ＬＴＲ,千葉県南房総市和田町白渚５８６番地２,2021-08-10,株式会社
株式会社Ｌａｇｏｏｎ,福岡県宗像市石丸３丁目４番１号,2021-08-10,株式会社
株式会社Ｌｅｂｌｏｎ　Ａｓｓｅｔ　Ｍａｎａｇｅｍｅｎｔ,東京都葛飾区東堀切２丁目２番１７号,2021-08-10,株式会社
株式会社Ｌｉｆｅ　Ｔｉｍｅ　Ｐａｒｔｎｅｒ,東京都日野市南平２丁目８番地の１６,2021-08-10,株式会社
株式会社ＭＨＤ,東京都港区虎ノ門４丁目３番１号城山トラストタワー,2021-08-10,株式会社
株式会社ＭＩＲＵ,千葉県浦安市明海３丁目２－１,2021-08-10,株式会社
株式会社ＭＵＮＥＫＡＷＡ,大阪府大阪市浪速区大国２丁目８－２６,2021-08-10,株式会社
株式会社ＭａｎａＴｈｉ,大阪府箕面市西小路２丁目８番１５号（２０１号）,2021-08-10,株式会社
株式会社Ｍｉｒｋｔｈ,東京都中央区勝どき３丁目１５番２号コーポ角山４０２号,2021-08-10,株式会社
株式会社Ｎｅｘｔ,東京都中央区勝どき６丁目３番２号ＴＨＥ・ＴＯＫＹＯ・ＴＯＷＥＲＳ・ＭＩＤ・ＴＯＷＥＲ２５２７,2021-08-10,株式会社
株式会社ＯＦＦＩＣＥ　ＣＲＥＡ,鹿児島県鹿児島市宇宿１丁目１７番９号,2021-08-10,株式会社
株式会社Ｏｒａｎｇｅ　Ｃｏｕｎｔｙ,愛知県名古屋市中区錦３丁目５番１４号パークウエストビル４Ｆ,2021-08-10,株式会社
株式会社ＰＰＦ,福岡県春日市塚原台３丁目５４番地１,2021-08-10,株式会社
株式会社ＰＲＡＹＥＲＤ,大阪府大阪市中央区備後町３丁目１番２号,2021-08-10,株式会社
株式会社ＰＵＴＣＨＵ,東京都渋谷区恵比寿１丁目１９－１９恵比寿ビジネスタワー４Ｆ,2021-08-10,株式会社
株式会社Ｐｕｎｋｓ　Ｆａｒｍｅｒ,宮城県仙台市若林区荒井南２９－８,2021-08-10,株式会社
株式会社Ｒ．ｈｏｍｅ,広島県広島市安佐北区可部町大字桐原２０７７番地１,2021-08-10,株式会社
株式会社ＲＩＯ　ＳＡＮＤＥＲ,福岡県福岡市博多区冷泉町１番３号エクセレンス祇園４０５号,2021-08-10,株式会社
株式会社Ｒａｉｎｂｏｗ　Ｌｉｖｉｎｇ,千葉県富里市七栄６４９番地５３,2021-08-10,株式会社
株式会社Ｒｅ’ｌａｎ　ＪＡＰＡＮ,鹿児島県姶良市東餅田２２７５番地２,2021-08-10,株式会社
株式会社Ｒｉｃｈ　Ｄｏｏｒ,東京都千代田区神田駿河台１丁目５番６号コトー駿河台２０５号室,2021-08-10,株式会社
株式会社Ｒｉｓｅ１７,福岡県福岡市西区愛宕２丁目１６番１２号,2021-08-10,株式会社
株式会社Ｓ．Ｔサービス,千葉県市原市うるいど南２丁目３番地４グレイスメゾンＣ１０１,2021-08-10,株式会社
株式会社Ｓ．ｐｌａｎｎｉｎｇ,東京都府中市栄町２丁目２４番地の１７,2021-08-10,株式会社
株式会社ＳＡＹＡＫＡ　ＩＮＴＥＲＮＡＴＩＯＮＡＬ,北海道河東郡音更町木野西通１９丁目３４番地２１,2021-08-10,株式会社
株式会社ＳＫＩ,石川県金沢市湊２丁目１２０番地１９,2021-08-10,株式会社
株式会社ＳＴＥＥＬ　ＡＲＣＨ,岐阜県岐阜市日野東４丁目４番１７号,2021-08-10,株式会社
株式会社ＳＹＤ,千葉県八千代市高津東３丁目１番地１３,2021-08-10,株式会社
株式会社Ｓｅａ　Ｄｒｅａｍｓ,北海道小樽市新光３丁目２５番１０号,2021-08-10,株式会社
株式会社Ｓｈｉｎｉｎｇ　ｅａｒｔｈ,京都府京都市中京区壬生高樋町４６番地６,2021-08-10,株式会社
株式会社Ｔ－ＦＡＣＴＯＲＹ,東京都江戸川区松島１丁目７番４号,2021-08-10,株式会社
株式会社Ｔ．Ｉ．Ｓ,千葉県松戸市串崎南町１８９番地の１,2021-08-10,株式会社
株式会社Ｔ．Ｙ．Ｇ,長崎県長崎市中川１丁目７番１号サンシー楠本１０１,2021-08-10,株式会社
株式会社ＴＡＫＡＴＥＣ,兵庫県神戸市東灘区本山南町６丁目５番２０号,2021-08-10,株式会社
株式会社ＴＥＴ,兵庫県高砂市荒井町東本町２１番４号,2021-08-10,株式会社
株式会社ＴＦ．ＷＯＯＤ,東京都台東区浅草１丁目２０番９号,2021-08-10,株式会社
株式会社ＴＮ,大阪府東大阪市菱江５丁目１０番１２号,2021-08-10,株式会社
株式会社ＴＯＰＦＵＮ,埼玉県さいたま市浦和区針ヶ谷４丁目７番３３号２－６０８号,2021-08-10,株式会社
株式会社ＴＳＣ,静岡県沼津市足高２８７番地の２１,2021-08-10,株式会社
株式会社ＵＮＩＴＥＤ,大阪府堺市東区丈六１８３番地９,2021-08-10,株式会社
株式会社Ｕｎ　ａｒｂｒｅ,大阪府吹田市片山町３丁目３７番１４号,2021-08-10,株式会社
株式会社Ｖａｓｔ　Ｗｏｒｌｄ,東京都千代田区四番町４－９新東京国際リーガル内,2021-08-10,株式会社
株式会社Ｗｉｌｌ　Ｓｙｓｔｅｍ,神奈川県藤沢市辻堂１丁目９番３号ＳｈｏｎａｎＥｍｉｎｅｎｃｅ３階,2021-08-10,株式会社
株式会社Ｙ．Ｅ．Ｓ．ａｎｄ　Ｕ,岐阜県瑞穂市七崎８４１番地４,2021-08-10,株式会社
株式会社Ｙ３,福島県郡山市安積２丁目６９安積ビル３０４,2021-08-10,株式会社
株式会社ＹＺ,千葉県流山市西初石４丁目１１８－３２,2021-08-10,株式会社
株式会社ＺＯＯＭＥＲＳ,東京都世田谷区桜新町２丁目１０番１７号,2021-08-10,株式会社
株式会社ａｈｎｋｉｓｍｓ,大阪府大阪市西区南堀江１丁目１１番２１号ＳｔｏＲＫ南堀江２階,2021-08-10,株式会社
株式会社ｂｌａｎｃ,大阪府箕面市箕面６丁目２番１８号,2021-08-10,株式会社
株式会社ｂｌｏｓｓ,埼玉県さいたま市緑区原山１丁目１０番１３号,2021-08-10,株式会社
株式会社ｃｈａｎ＆ｍｅ,神奈川県大和市林間２丁目１番１１号,2021-08-10,株式会社
株式会社ｃｏｍａｍ関東,福岡県福岡市中央区赤坂１丁目１３番８号,2021-08-10,株式会社
株式会社ｄｐランドスケープ,千葉県浦安市入船６丁目６番４０３号,2021-08-10,株式会社
株式会社ｆ＆ｋ,茨城県つくば市栄３１１番地１,2021-08-10,株式会社
株式会社ｆｌａｔｖａｌｌｅｙ,東京都中央区勝どき１丁目３番１－２４０３号,2021-08-10,株式会社
株式会社ｆｏｒ　ＵＮＩＶＥＲＳＥ,神奈川県横須賀市野比３丁目１７番７号,2021-08-10,株式会社
株式会社ｇｅｍｉｎｉ　Ｇｒｏｕｐ,東京都武蔵野市吉祥寺本町１丁目３２番９号,2021-08-10,株式会社
株式会社ｇｉｖｅｒ,千葉県柏市増尾台１丁目１０番５３号,2021-08-10,株式会社
株式会社ｇｏｏｐａｒ,福岡県福岡市中央区天神１丁目９番１７号福岡天神フコク生命ビル１５階,2021-08-10,株式会社
株式会社ｈａｓｈｉｍｏｔｏ,愛媛県松山市堀江町甲８６５番地１,2021-08-10,株式会社
株式会社ｉｎｃｅｎＳｅ,東京都目黒区青葉台３丁目２２番１－１０１５号目黒ハイツ,2021-08-10,株式会社
株式会社ｊｅｃｔ,千葉県柏市十余二３１３番地７３５,2021-08-10,株式会社
株式会社ｍｏｎｉｋａ,千葉県柏市明原２丁目８番２２号,2021-08-10,株式会社
株式会社ｍｓ‐ｃａｓｔｌｅ,愛知県安城市住吉町２丁目３‐３１コレクション安城住吉１０１,2021-08-10,株式会社
株式会社ｔｅｅ,東京都世田谷区玉川台１丁目８番１６号,2021-08-10,株式会社
株式会社ｔｏｂｉｒａ,福岡県北九州市若松区塩屋２丁目１４番７号,2021-08-10,株式会社
株式会社ｕｌｕ,兵庫県西宮市甲陽園西山町５番２４－１号,2021-08-10,株式会社
株式会社ｗｉｓｈＡＩ,広島県広島市西区草津新町１丁目６番２１号,2021-08-10,株式会社
株式会社ｙ’ｓモールド,愛知県名古屋市港区入場２丁目１５０８番地,2021-08-10,株式会社
桃井商事合同会社,千葉県松戸市緑ケ丘２丁目３６－１上本郷ローヤルコーポ１０６,2021-08-10,合同会社
清水建設不動産投資顧問株式会社,東京都中央区京橋２丁目１６番１号,2021-08-10,株式会社
湘南魚類株式会社,神奈川県小田原市早川１丁目５番３号,2021-08-10,株式会社
特定非営利活動法人おうち薬膳研究会,福岡県福津市渡１８９２番地５７,2021-08-10,その他の設立登記法人
特定非営利活動法人じもっト,北海道札幌市豊平区平岸五条１０丁目５番３－１００１号,2021-08-10,その他の設立登記法人
特定非営利活動法人カナエタ,三重県多気郡大台町長ケ１３１７番地,2021-08-10,その他の設立登記法人
特定非営利活動法人ネイソクの会,東京都港区芝大門２丁目１２番５号モンテベルデ芝大門４Ｆ,2021-08-10,その他の設立登記法人
特定非営利活動法人摂猟会,大阪府箕面市坊島５丁目９番３５号,2021-08-10,その他の設立登記法人
特定非営利活動法人漫画工房同潤会,東京都江東区亀戸４丁目１３番２号田中荘２０３号室,2021-08-10,その他の設立登記法人
特定非営利活動法人石川県災害等支援車協会,石川県河北郡内灘町字千鳥台３丁目５６番地,2021-08-10,その他の設立登記法人
特定非営利活動法人絆だて,福島県伊達市伏黒字沖屋敷１９番地２,2021-08-10,その他の設立登記法人
特定非営利活動法人自然を護り人と生きる御先の会,東京都中央区新川２丁目２２番７－７０３号,2021-08-10,その他の設立登記法人
特定非営利活動法人Ｂｌｕｅ　ｐｒｏｔｅｃｔ,愛媛県松山市泊町１３８１番地３,2021-08-10,その他の設立登記法人
特定非営利活動法人ｂａｍｂｏｏ,北海道札幌市東区北三十七条東２８丁目２番１８号,2021-08-10,その他の設立登記法人
秋田賃貸株式会社,秋田県秋田市八橋本町２丁目１１番７号,2021-08-10,株式会社
税理士法人おしまち会計社,山梨県富士吉田市上吉田５丁目６番１４号,2021-08-10,その他の設立登記法人
税理士法人かけはし,東京都武蔵野市中町１丁目３番２号,2021-08-10,その他の設立登記法人
税理士法人佐々木会計,宮城県仙台市青葉区本町１丁目１１番２号ＳＫ仙台ビル１００５,2021-08-10,その他の設立登記法人
税理士法人大門,神奈川県横浜市中区本町４丁目３６番地朝日生命横浜本町ビル８階,2021-08-10,その他の設立登記法人
空き家管理企業組合,静岡県静岡市葵区城北２丁目１７番地の５－２Ｆ,2021-08-10,その他の設立登記法人
金城金属株式会社,徳島県阿波市吉野町西条字床石５１番地２２,2021-08-10,株式会社
関東医療介護合同会社,東京都港区南青山２丁目２番１５号ウィン青山９４２,2021-08-10,合同会社
駒林水道株式会社,埼玉県ふじみ野市駒林８９６番地８,2021-08-10,株式会社
高木工業株式会社,千葉県市原市青葉台５丁目５番地４,2021-08-10,株式会社
Ａ　ＧＲＯＵＰ合同会社,神奈川県藤沢市鵠沼花沢町１２番３号,2021-08-10,合同会社
ＡＥＨＰ株式会社,東京都狛江市和泉本町３丁目１３番８号,2021-08-10,株式会社
ＡＯＫ＆ｉ合同会社,和歌山県和歌山市北中島１丁目９－２０,2021-08-10,合同会社
ＡｉｒｏｎＷｏｒｋｓ株式会社,東京都港区虎ノ門４丁目３－１,2021-08-10,株式会社
ＢＩＺＴＨＩＮＫ合同会社,東京都中央区銀座６丁目６番１号,2021-08-10,合同会社
Ｂｌａｃｋｏｕｔ　Ｐｉｃｔｕｒｅｓ合同会社,東京都江東区塩浜２丁目１１番４号,2021-08-10,合同会社
Ｂｕｉｌｄ　Ａｒｔｓ株式会社,東京都国立市中１丁目１番１５号,2021-08-10,株式会社
ＣＮＲ　ＴＲＡＤＩＮＧ株式会社,福岡県田川市桜町１６－６９,2021-08-10,株式会社
Ｄａｔａ　Ｅｎｌｉｇｈｔｅｎ　Ｊａｐａｎ株式会社,東京都中央区銀座１丁目１６番７号銀座大栄ビル６階,2021-08-10,株式会社
Ｅｌｅｐｈａｎｔ　Ｓｔｒｅｅｔ＆Ｃｏ．株式会社,東京都世田谷区下馬５丁目２５番１１号Ｇｌａｓｆａｌｌ－Ｆ,2021-08-10,株式会社
Ｅｒｅｎ株式会社,埼玉県さいたま市緑区大字大門２６３９－１０４,2021-08-10,株式会社
ＦＵＫＵ　Ｑ＆Ｄ合同会社,福岡県福岡市南区向野２丁目１９７番地アジアンパークストリート１０２号,2021-08-10,合同会社
Ｆａｍｉｌｉａｒ株式会社,兵庫県神戸市東灘区深江北町４丁目１２番１３号ドミール東灘Ⅱ５０２号,2021-08-10,株式会社
Ｆｌｏｒａｌ　Ｔｏｏｌｓ　Ｊａｐａｎ合同会社,埼玉県所沢市上新井２丁目３９番地の２９,2021-08-10,合同会社
ＧＢＰ株式会社,北海道札幌市北区北十条西２丁目９番地１,2021-08-10,株式会社
ＧＰＤかえで合同会社,東京都千代田区一ツ橋２丁目５番５号,2021-08-10,合同会社
ＧＰＤはやて合同会社,東京都千代田区一ツ橋２丁目５番５号,2021-08-10,合同会社
ＧＰＤわかば合同会社,東京都千代田区一ツ橋２丁目５番５号,2021-08-10,合同会社
ＧＵＣＨＥＲＥ合同会社,千葉県船橋市夏見台５丁目１１番４－２０６号,2021-08-10,合同会社
Ｈ．Ｋ．Ｄｅｓｉｇｎ合同会社,東京都渋谷区渋谷２丁目１９番１５号宮益坂ビルディング６０９号,2021-08-10,合同会社
ＨＡＫＯＹＡ株式会社,東京都練馬区早宮３丁目５２番８号,2021-08-10,株式会社
ＨＹＵＮＤＡＩ　ＲＥＮＥＷＡＢＬＥ　ＬＡＢ　ＥＨＩＭＥ株式会社,東京都千代田区丸の内２丁目３番２号,2021-08-10,株式会社
ＩＧ合同会社,岐阜県大垣市東町１丁目３５４番地,2021-08-10,合同会社
ＫＩＤＯ合同会社,石川県加賀市大聖寺荒町３５番地１,2021-08-10,合同会社
Ｋｉｒａｒａ株式会社,東京都台東区下谷１丁目６番９号７Ｂ,2021-08-10,株式会社
Ｌａｖａｋｉ　Ｃｏｒｐｏｒａｔｉｏｎ合同会社,兵庫県神戸市東灘区向洋町中５丁目１５番地１０１７号,2021-08-10,合同会社
Ｌｅｔ’ｓ　Ｂｅ　Ｈａｐｐｙ合同会社,東京都港区南青山２丁目２番１５号,2021-08-10,合同会社
Ｌｏｇｉ５合同会社,東京都千代田区丸の内１丁目１１番１号,2021-08-10,合同会社
Ｍ＆Ｆ　ＪＡＰＡＮ株式会社,滋賀県守山市木浜町３６００番地５３１,2021-08-10,株式会社
Ｍ＆Ｏグループ株式会社,埼玉県さいたま市大宮区仲町３丁目３６番地１コンフォリア大宮１６０１,2021-08-10,株式会社
Ｍ．Ｇ．Ｓ　ｇｒｏｕｐ合同会社,神奈川県横浜市都筑区東山田町１６８５番地３,2021-08-10,合同会社
ＭＩＴＡＳ株式会社,大阪府和泉市室堂町１１０３番地の１８０,2021-08-10,株式会社
ＭＯＭＯＴＡＲＯ協同組合,岡山県岡山市南区西市５４９番地２,2021-08-10,その他の設立登記法人
Ｍｏｕｎｔａｉｎ　Ｓｔａｒ　Ｈｏｌｄｉｎｇｓ株式会社,東京都品川区東五反田５丁目４番６号,2021-08-10,株式会社
Ｍｕｓｋ合同会社,東京都小平市花小金井１丁目１６番１４号,2021-08-10,合同会社
ＮＰＯ法人夢検定協会,大阪府東大阪市森河内西２丁目３６番１５号,2021-08-10,その他の設立登記法人
ＮＵＲ　ＩＮＴＥＲＮＡＴＩＯＮＡＬ合同会社,埼玉県越谷市蒲生西町１丁目２番１５号クリストハウス１０３号室,2021-08-10,合同会社
ＮＹコンサルティング合同会社,岐阜県揖斐郡揖斐川町谷汲長瀬５２１番地,2021-08-10,合同会社
Ｎａｓｈ特定目的会社,東京都中央区銀座１丁目６番１１号アースタックス税理士法人内,2021-08-10,その他の設立登記法人
Ｎｅｗ　Ｃｕｂｅ合同会社,東京都調布市菊野台２丁目４０番地２４,2021-08-10,合同会社
Ｏｃｅａｎｓ　Ｇｒｏｕｐ株式会社,東京都中央区日本橋２丁目１番１７号丹生ビル２階,2021-08-10,株式会社
ＰＲＯＸＩＭＡ合同会社,宮城県仙台市青葉区上杉３丁目５番５－９０３号,2021-08-10,合同会社
ＰＹＡ合同会社,神奈川県横浜市磯子区洋光台１丁目１３番３９号田中スクエアビル２０１,2021-08-10,合同会社
ＲＥＬＩＶＥ合同会社,東京都三鷹市下連雀５丁目１番１－５７０号,2021-08-10,合同会社
ＳＡＫＥＥＲ　ＥＮＴＥＲＰＲＩＳＥＳ合同会社,千葉県印旛郡酒々井町下岩橋２８６番地１５,2021-08-10,合同会社
ＳＡＫＵＲＡＰＲＯＶＩＤＥ合同会社,神奈川県高座郡寒川町一之宮６丁目１２番１５号,2021-08-10,合同会社
ＳＨＡＩ合同会社,埼玉県越谷市千間台西５丁目６番地１５号カノン２０３号室,2021-08-10,合同会社
ＳＨＩＮセルカ株式会社,山形県西置賜郡飯豊町大字萩生３５４９番地２,2021-08-10,株式会社
ＳＫワークス事業協同組合,東京都北区滝野川７丁目４７番６号,2021-08-10,その他の設立登記法人
ＳｈｉｎｓｅｎＳｅｃｕｒｉｔｙ株式会社,東京都足立区千住寿町２番９号,2021-08-10,株式会社
Ｓｋｉｐ　Ｈｅａｒｔ株式会社,大阪府堺市中区辻之１４０３番地２９,2021-08-10,株式会社
Ｔ．Ｉ．販売株式会社,愛知県名古屋市東区徳川町２００９,2021-08-10,株式会社
ＴＡファイナンステクノロジー株式会社,東京都千代田区岩本町３丁目１１番８号,2021-08-10,株式会社
ＴＡＸＮＥＴ関西合同会社,大阪府高槻市大畑町１番２３－８０２号,2021-08-10,合同会社
ＴＲＩＡＮＧＬＥ　ＣＯＲＰＯＲＡＴＩＯＮ株式会社,東京都中央区銀座１丁目２２番１１号銀座大竹ビジデンス２階,2021-08-10,株式会社
ＴＳホールディングス株式会社,東京都千代田区麹町３丁目２番地垣見麹町ビル別館４階,2021-08-10,株式会社
ＴＳＵＮＡＧＵ株式会社,千葉県千葉市美浜区打瀬３丁目１３番地５ザ幕張ベイフロント２８０２号,2021-08-10,株式会社
Ｔｏｍｍｙ　Ｌａｕｎｄｒｙ合同会社,神奈川県川崎市高津区梶ケ谷２丁目９番地１８－１０３,2021-08-10,合同会社
Ｕ．Ｐ．ＤＲＡＦＴ合同会社,石川県金沢市暁町９番２８号,2021-08-10,合同会社
Ｗ＆Ｗ株式会社,佐賀県神埼市神埼町本告牟田８５８番地１,2021-08-10,株式会社
Ｗｏｒｌｄ　Ｂｏｕｔｉｑｕｅ株式会社,東京都港区浜松町２丁目２番１５号浜松町ダイヤビル２Ｆ,2021-08-10,株式会社
Ｙ＆Ｙ　Ｍｕｓｉｃ株式会社,埼玉県さいたま市浦和区仲町２丁目１６番５号浦和ＣＳＢビル６階,2021-08-10,株式会社
ＹＡＳＩＮ　ＴＲＡＤＩＮＧ　ＣＯ株式会社,茨城県石岡市山崎２２５１番地４３,2021-08-10,株式会社
ＹＫＲ　ｍｅｄｉｃａｌ　ｃｏｎｓｕｌｔ株式会社,愛知県名古屋市西区幅下２丁目１１番３号,2021-08-10,株式会社
Ｙｏｂ株式会社,静岡県掛川市中町３番地の２５,2021-08-10,株式会社
ＺＫＩＴ株式会社,東京都世田谷区粕谷２丁目２４番１－７０９号,2021-08-10,株式会社
ａｈｈｍ株式会社,東京都荒川区東日暮里１丁目１６番１３－４０１号西松ビル,2021-08-10,株式会社
ａｎｍｅｅｔｓ合同会社,東京都東村山市秋津町２丁目３番地５７,2021-08-10,合同会社
ａｒｒｏｗｓ株式会社,東京都文京区千駄木３丁目３１番１０号,2021-08-10,株式会社
ｂｅ　ｙｏｕｒｓｅｌｆ株式会社,神奈川県厚木市上荻野８９５番地２アスカⅢ１０２,2021-08-10,株式会社
ｆ．ｓｅｌｅｃｔ株式会社,茨城県筑西市幸町１丁目５番４号,2021-08-10,株式会社
ｆｕｌｆｉｌｌ　ｄｒｅａｍｓ株式会社,東京都多摩市関戸４丁目１５番地の１５,2021-08-10,株式会社
ｎｉｎｅインベストメント株式会社,大阪府大阪市浪速区日本橋４丁目２番１５号,2021-08-10,株式会社
оｋｕｍоｋｕ合同会社,沖縄県石垣市字新川２２７３－２,2021-08-11,合同会社
きよし合同会社,福岡県北九州市小倉南区下貫４丁目１番２０号,2021-08-11,合同会社
たまむらアセットマネージメント合同会社,沖縄県国頭郡国頭村字鏡地１００番地,2021-08-11,合同会社
アイエムエス技研株式会社,福岡県福岡市東区香住ヶ丘６丁目３番７－３０２号,2021-08-11,株式会社
アイカネトレーディング・ジャパン合同会社,埼玉県朝霞市田島２丁目１４番２２号,2021-08-11,合同会社
アキュラシー株式会社,大阪府大阪市淀川区西中島６丁目３番２４号Ｋ４０２,2021-08-11,株式会社
アクシアメディカル合同会社,福井県福井市堀ノ宮１丁目１１９番地,2021-08-11,合同会社
アストリー合同会社,東京都葛飾区東堀切２丁目２５番６－２０１号,2021-08-11,合同会社
アルファシステムサポート株式会社,石川県金沢市駅西新町３丁目４番７号,2021-08-11,株式会社
アレン・クロスビー株式会社,東京都渋谷区広尾５丁目４番１２号,2021-08-11,株式会社
インライブ合同会社,東京都府中市宮町１丁目１１番地の１、１階,2021-08-11,合同会社
エイオン株式会社,大阪府吹田市昭和町９番２２号,2021-08-11,株式会社
エイト株式会社,埼玉県新座市新堀１丁目１３番３１－３０号,2021-08-11,株式会社
エコリンク株式会社,石川県金沢市東力町ニ２３８番地１,2021-08-11,株式会社
エスエス工房株式会社,東京都渋谷区神宮前１丁目２０番１４号,2021-08-11,株式会社
エブリモーメント合同会社,東京都練馬区田柄１丁目１７番１５号,2021-08-11,合同会社
エースハイ株式会社,東京都八王子市東町１３番１２号八王子ＯＭビル３階,2021-08-11,株式会社
エースハウジング株式会社,広島県広島市西区己斐本町１丁目１７番１３号４Ｆ,2021-08-11,株式会社
エー・シー・エム合同会社,千葉県佐倉市江原台２丁目１５番地６,2021-08-11,合同会社
カーピックス株式会社,東京都新宿区馬場下町１番地１,2021-08-11,株式会社
ガガインターナショナル株式会社,埼玉県春日部市西金野井１９０４番地１８－１０１,2021-08-11,株式会社
クレア・コンサルティングオフィス合同会社,宮城県多賀城市高橋５丁目２４番６号,2021-08-11,合同会社
コアズ合同会社,京都府京都市上京区武者小路通小川東入西無車小路町５９９番地リーガル京都御所西Ⅱ５０２,2021-08-11,合同会社
コトブキメンテナンス株式会社,愛知県一宮市森本５丁目１６番２６－１号,2021-08-11,株式会社
サキコンサルタンツ株式会社,東京都目黒区目黒１丁目１番１号,2021-08-11,株式会社
サニユナデザイン合同会社,東京都台東区竜泉３丁目８番９号,2021-08-11,合同会社
サンコーポレーション株式会社,宮城県仙台市泉区七北田字町２３番地,2021-08-11,株式会社
サーブロジテック合同会社,岡山県倉敷市玉島３丁目１３‐３,2021-08-11,合同会社
シグマメディア株式会社,宮崎県宮崎市太田３丁目１番２７号ＢＬＫｓｑｕａｒｅ２Ｆ－１号室,2021-08-11,株式会社
シュメール税理士法人,茨城県つくば市天久保２丁目１０番地２１,2021-08-11,その他の設立登記法人
スパイラルスター合同会社,東京都台東区西浅草３丁目２２番３－１７２０号浅草タワー,2021-08-11,合同会社
セインパントレーディングカンパニーリミテッド,東京都新宿区高田馬場２丁目１９－７タックイレブン高田馬場９０１号,2021-08-11,外国会社等
タクシー求人ドットコム合同会社,東京都江東区有明３丁目７番２６号有明フロンティアビルＢ棟９階,2021-08-11,合同会社
ダイナスティウエイ合同会社,福岡県福岡市博多区諸岡５丁目３１番１４－１０１号,2021-08-11,合同会社
ティーケイシー株式会社,京都府京都市上京区三軒町６９－２２北野ヤングハウス２０２号,2021-08-11,株式会社
デジタルパレット合同会社,大阪府富田林市寺池台５丁目１－７９－４０８,2021-08-11,合同会社
トラストサポート株式会社,東京都渋谷区道玄坂１丁目１５番３－６２２号プリメーラ道玄坂,2021-08-11,株式会社
ナカノ不動産株式会社,東京都中野区中野３丁目９番６号,2021-08-11,株式会社
フェネクス合同会社,東京都渋谷区代官山町１１番１号住友不動産代官山ハイツＡ３０５,2021-08-11,合同会社
フラット７青森協同組合,青森県むつ市赤川町１５番１０号,2021-08-11,その他の設立登記法人
フレンズ株式会社,東京都中央区銀座１丁目３番先北有楽ビル１階,2021-08-11,株式会社
ブラックスミス株式会社,東京都調布市調布ケ丘１丁目３４番地１,2021-08-11,株式会社
ブルックス合同会社,東京都新宿区若葉１丁目２２番地１５号,2021-08-11,合同会社
ホライズンパートナーズ合同会社,東京都港区浜松町２丁目２番１５号浜松町ダイヤビル２Ｆ,2021-08-11,合同会社
ポラリス株式会社,東京都港区南青山２丁目２番１５号,2021-08-11,株式会社
リトルネロフィルムズ合同会社,東京都渋谷区渋谷１丁目１番３号アミーホール３階,2021-08-11,合同会社
リバウンド彈株式会社,福岡県福岡市中央区渡辺通５丁目５番１８号,2021-08-11,株式会社
ロイドオフィス合同会社,福岡県福岡市中央区高砂１丁目１９－９－５０２,2021-08-11,合同会社
一笑健命株式会社,兵庫県姫路市野里９１３番地１,2021-08-11,株式会社
一般社団法人いろどり,千葉県我孫子市栄２０番８号,2021-08-11,その他の設立登記法人
一般社団法人きせき,兵庫県三木市志染町広野４丁目４９６番地,2021-08-11,その他の設立登記法人
一般社団法人じぶんクリニック,東京都港区六本木３丁目２番１号住友不動産六本木グランドタワー,2021-08-11,その他の設立登記法人
一般社団法人にじいろ,広島県安芸郡府中町青崎東２０番５号,2021-08-11,その他の設立登記法人
一般社団法人アルコ・イリス,岐阜県下呂市萩原町桜洞１６１１番地５,2021-08-11,その他の設立登記法人
一般社団法人インディペンデンス,大阪府高槻市古曽部町１丁目１番８号,2021-08-11,その他の設立登記法人
一般社団法人グリーンコープこども基金,福岡県福岡市博多区博多駅前１丁目５番１号,2021-08-11,その他の設立登記法人
一般社団法人グリーンコープ産直市場,福岡県福岡市博多区博多駅前１丁目５番１号,2021-08-11,その他の設立登記法人
一般社団法人スタートアップスタジオ協会,東京都千代田区平河町２丁目５番３号,2021-08-11,その他の設立登記法人
一般社団法人メッターサポート,福岡県小郡市寺福童８４９番地２３,2021-08-11,その他の設立登記法人
一般社団法人健康経営協会,東京都港区西新橋３丁目２０番１号,2021-08-11,その他の設立登記法人
一般社団法人全酪アカデミー,東京都渋谷区代々木１丁目３７番２号,2021-08-11,その他の設立登記法人
一般社団法人国際就労支援協会,静岡県富士市五貫島３６９番地の６,2021-08-11,その他の設立登記法人
一般社団法人小規模事業者支援協会,東京都千代田区外神田２丁目２－１７喜助お茶の水ビル９４号,2021-08-11,その他の設立登記法人
一般社団法人心のコーディネートラーニングセンター,東京都小金井市中町４丁目１８番２４号,2021-08-11,その他の設立登記法人
一般社団法人教育産業推進機構,大阪府大阪市中央区日本橋１丁目２１番６号,2021-08-11,その他の設立登記法人
一般社団法人文化交流研究会,鳥取県倉吉市関金町関金宿１２１８番地,2021-08-11,その他の設立登記法人
一般社団法人新潟ふるさと組合,新潟県新潟市中央区花町２０６９番地新潟花町ビル５Ｆ,2021-08-11,その他の設立登記法人
一般社団法人日本イノシシコンサルタント協会,広島県広島市東区福田１丁目５９３番２１号,2021-08-11,その他の設立登記法人
一般社団法人日本ベトナムビジネス連合会,東京都千代田区六番町６番地４,2021-08-11,その他の設立登記法人
一般社団法人東京レジデンシャル６,東京都中央区日本橋１丁目４番１号,2021-08-11,その他の設立登記法人
一般社団法人篠原桃源廟,福岡県糸島市前原南１丁目１４番１７号,2021-08-11,その他の設立登記法人
一般社団法人ＡＩホスピタル普及協会,東京都港区六本木３丁目７番１号,2021-08-11,その他の設立登記法人
一般社団法人Ａｍｏｍｅｎｔ,岐阜県高山市神明町３丁目５３番地,2021-08-11,その他の設立登記法人
一般社団法人ＦＢＳＬ,東京都渋谷区代々木４丁目２５－１１－１Ｆ,2021-08-11,その他の設立登記法人
一般社団法人ＨＤＧ２６,東京都港区虎ノ門３丁目２２番１０－２０１号,2021-08-11,その他の設立登記法人
一般社団法人ＨＤＧ２７,東京都港区虎ノ門３丁目２２番１０－２０１号,2021-08-11,その他の設立登記法人
一般社団法人ＨＤＧ２８,東京都港区虎ノ門３丁目２２番１０－２０１号,2021-08-11,その他の設立登記法人
一般社団法人ＩＤＡ音楽協会,愛知県名古屋市瑞穂区下山町２丁目３１番地の６,2021-08-11,その他の設立登記法人
一般社団法人ＭＪヘルスケア,東京都中央区日本橋１丁目４番１号日本橋一丁目ビルディング,2021-08-11,その他の設立登記法人
一般社団法人Ｍｅｅｔ　ｔｈｅ　Ｉｎｓｔｒｕｍｅｎｔｓ,東京都渋谷区代官山町２番７号シャトレ代官山３０１号室,2021-08-11,その他の設立登記法人
一般社団法人Ｍｅｌｉａ　ｂｅａｕｔｙ　ｃｌｉｎｉｃ,東京都品川区東五反田５丁目２７番１０号第一野村ビル５階－Ｂ,2021-08-11,その他の設立登記法人
一般社団法人ＳＨ０４９,東京都港区虎ノ門３丁目２２番１０－２０１号,2021-08-11,その他の設立登記法人
一般社団法人ＳＨ０５０,東京都港区虎ノ門３丁目２２番１０－２０１号,2021-08-11,その他の設立登記法人
一般社団法人ＳＨ０５１,東京都港区虎ノ門３丁目２２番１０－２０１号,2021-08-11,その他の設立登記法人
一般財団法人西日本新聞文化財団,福岡県福岡市中央区天神１丁目４番１号,2021-08-11,その他の設立登記法人
万達屋株式会社,大阪府大阪市中央区平野町１丁目２－９グランドメゾン大手前７０４,2021-08-11,株式会社
万鼎株式会社,東京都中央区銀座８丁目５番６号,2021-08-11,株式会社
不二商事株式会社,兵庫県神戸市灘区水道筋５丁目１番７－５０７号,2021-08-11,株式会社
五葉の花株式会社,大阪府貝塚市海塚１７８番３,2021-08-11,株式会社
佐伯市健康運動指導者協議会,大分県佐伯市向島１丁目３番８号,2021-08-11,その他
佐藤塗装株式会社,青森県北津軽郡鶴田町大字沖字岡田５７６番地２,2021-08-11,株式会社
佐野工業合同会社,大分県佐伯市大字木立２７１２番地３,2021-08-11,合同会社
全日空商事カトレアリーシング株式会社,東京都港区東新橋１丁目５番２号,2021-08-11,株式会社
全日空商事クロッカスリーシング株式会社,東京都港区東新橋１丁目５番２号,2021-08-11,株式会社
全日空商事サジタリアスリーシング株式会社,東京都港区東新橋１丁目５番２号,2021-08-11,株式会社
全日空商事スコーピオリーシング株式会社,東京都港区東新橋１丁目５番２号,2021-08-11,株式会社
北川電設株式会社,愛知県東海市高横須賀町柳ケ坪３８番地,2021-08-11,株式会社
医療法人ほほえみ会,群馬県前橋市西片貝町１丁目３１１番地７,2021-08-11,その他の設立登記法人
医療法人侑彩会,大阪府吹田市岸部新町５番４５号ＶＩＥＲＲＡ岸辺健都２Ｆ,2021-08-11,その他の設立登記法人
医療法人社団えたに耳鼻咽喉科クリニック,岡山県岡山市北区問屋町２１番地１０４,2021-08-11,その他の設立登記法人
協同組合ユニオン,群馬県太田市下浜田町１０８６番地１９,2021-08-11,その他の設立登記法人
司法書士法人中村事務所,島根県松江市玉湯町湯町１９９１番地１,2021-08-11,その他の設立登記法人
合同会社あやなり本舗,埼玉県朝霞市東弁財３丁目１５番３号,2021-08-11,合同会社
合同会社かけはし,北海道釧路市益浦２丁目８番１号,2021-08-11,合同会社
合同会社しんわーく,神奈川県厚木市森の里３丁目２－８,2021-08-11,合同会社
合同会社みらい遊育,大阪府大阪市鶴見区緑２丁目２－３０－２０２,2021-08-11,合同会社
合同会社アイティーレヴ,福岡県春日市惣利４丁目９２番地,2021-08-11,合同会社
合同会社アイフィールド,福岡県小郡市祇園２丁目７－２シャトー深町２Ｆ,2021-08-11,合同会社
合同会社エヌオー技研,埼玉県加須市花崎北２丁目１６番地１－Ｆ－１２０５,2021-08-11,合同会社
合同会社エムアイ,東京都新宿区西新宿５丁目５番１－７１５号,2021-08-11,合同会社
合同会社エースプロモーション,東京都港区南青山２丁目２番１５号,2021-08-11,合同会社
合同会社カインドネス,福岡県北九州市小倉北区昭和町１０－３－３０２,2021-08-11,合同会社
合同会社キタワセソバ普及協議会,北海道旭川市豊岡十三条９丁目１番８号,2021-08-11,合同会社
合同会社クリアスカイ,福岡県糟屋郡粕屋町大字仲原２７５８番地１グラン・エルドール空港東１１０５号,2021-08-11,合同会社
合同会社グラビティ,愛知県名古屋市千種区池下町２丁目６３番地の２５,2021-08-11,合同会社
合同会社ケアパートナーズ,東京都千代田区神田須田町２丁目２番５号,2021-08-11,合同会社
合同会社コランダム,大阪府泉北郡忠岡町忠岡東１丁目４番３号,2021-08-11,合同会社
合同会社サンレッドカンパニー,宮城県仙台市青葉区堤町３丁目２７番１４－１０１号,2021-08-11,合同会社
合同会社スマイル,大阪府大阪市此花区春日出南２丁目３番２７号,2021-08-11,合同会社
合同会社スワンソング,埼玉県狭山市新狭山２丁目１５－２３－１０１,2021-08-11,合同会社
合同会社データロー,東京都新宿区西新宿７丁目５－９ファーストリアルタワー１１０５,2021-08-11,合同会社
合同会社ナイン,神奈川県横浜市中区扇町２丁目５－１５リラックスビル９Ｆ,2021-08-11,合同会社
合同会社ナナ,東京都新宿区新宿７丁目１３－９,2021-08-11,合同会社
合同会社ニイツマホーム,宮城県大崎市岩出山字浦小路７７番地１,2021-08-11,合同会社
合同会社ネジェム,東京都東大和市向原５丁目１１２９－１サンビーム２０２,2021-08-11,合同会社
合同会社ハイブリッジ,東京都調布市調布ケ丘１丁目１４番２１号パレス調布ヶ丘３０３号室,2021-08-11,合同会社
合同会社パチャース,兵庫県神戸市兵庫区西出町２丁目１７－１８,2021-08-11,合同会社
合同会社ピクラリダ,埼玉県さいたま市北区東大成町２丁目７１７－３マルギガーデン４０３,2021-08-11,合同会社
合同会社フェニックス,東京都新宿区下宮比町２番１８号グランドメゾン飯田橋９０２号,2021-08-11,合同会社
合同会社マツモリ,奈良県奈良市法蓮町北２丁目１２５７,2021-08-11,合同会社
合同会社メビウス,東京都港区白金台３丁目６番１６号プラウド白金台三丁目１０１,2021-08-11,合同会社
合同会社メルヴェイユアムール,愛知県名古屋市守山区大字中志段味字吉田洞２９１１番地１５４,2021-08-11,合同会社
合同会社ヤマガタ・プランニング,福岡県北九州市八幡西区折尾５丁目８番８－８０８号,2021-08-11,合同会社
合同会社ユー,大阪府堺市南区泉田中２３４８,2021-08-11,合同会社
合同会社ライズスタイル,北海道江別市新栄台８５番地の３０,2021-08-11,合同会社
合同会社ラウレア,大阪府大阪市都島区友渕町１丁目５番８５号,2021-08-11,合同会社
合同会社リフレーミング,青森県十和田市西十二番町７番２８号,2021-08-11,合同会社
合同会社リヴァース,東京都品川区豊町６丁目３１番６号ハイムＫ１－２０１号,2021-08-11,合同会社
合同会社ロシャンインターナショナル,茨城県筑西市舟生１８７番地２,2021-08-11,合同会社
合同会社ワイオーテック,大阪府摂津市別府１丁目２２番３４号,2021-08-11,合同会社
合同会社ワークライフコミュニケーションズ,沖縄県那覇市おもろまち１丁目１番２５号ＲＹＵＸ・ＴＯＷＥＲ・Ｔｈｅ・ＷＥＳＴ２９０１,2021-08-11,合同会社
合同会社元石商店,福岡県久留米市北野町中川４２３,2021-08-11,合同会社
合同会社太平プランニング,東京都中央区日本橋兜町１７番２号兜町第６葉山ビル４階,2021-08-11,合同会社
合同会社小梅,東京都杉並区高円寺南２丁目２４番１５号フォンテーヌ４０１,2021-08-11,合同会社
合同会社建誠,神奈川県川崎市宮前区馬絹３丁目４番４２号,2021-08-11,合同会社
合同会社日生商事,岡山県新見市高尾２２０８番地１,2021-08-11,合同会社
合同会社旭,北海道旭川市十条通９丁目９７５番地の８２ダイアナ常盤ヒルズ５０３,2021-08-11,合同会社
合同会社東京レジデンシャル６,東京都中央区日本橋１丁目４番１号,2021-08-11,合同会社
合同会社池田工業,広島県呉市吉浦中町３丁目１４番２１号,2021-08-11,合同会社
合同会社渡邉,東京都渋谷区神宮前２丁目３４番１０－３０５号,2021-08-11,合同会社
合同会社福新テック,広島県福山市鞆町後地２６－１５２,2021-08-11,合同会社
合同会社福陽,大阪府東大阪市吉松２丁目４番８号フォレステージュ長瀬２０１,2021-08-11,合同会社
合同会社西屋不動産,埼玉県朝霞市西弁財１丁目９－２６,2021-08-11,合同会社
合同会社豊麗,大阪府大阪市天王寺区東高津町３番３０号コーポ谷町５０４号室,2021-08-11,合同会社
合同会社颯,大阪府大阪市中央区南船場２丁目２番２－２０４号,2021-08-11,合同会社
合同会社１プラス１,沖縄県那覇市前島２丁目１１番１号,2021-08-11,合同会社
合同会社４３０１,広島県広島市中区基町１１番１０号合人社広島紙屋町ビル８Ｆ－Ｅ０１,2021-08-11,合同会社
合同会社ＡＡＭＡ,東京都葛飾区お花茶屋１丁目２０番２号１階,2021-08-11,合同会社
合同会社ＡＧＡＪＰ,兵庫県神戸市須磨区大池町５丁目１３番１号,2021-08-11,合同会社
合同会社Ａｂｅｆ,東京都足立区西新井栄町２丁目２６番２号Ｈ２、Ｅ号室,2021-08-11,合同会社
合同会社Ａｚｅｒｏ,東京都台東区元浅草１丁目６番１２－６０２号,2021-08-11,合同会社
合同会社Ｂｌｕｅ　Ｍ,大阪府大阪市北区本庄西１丁目１番７－２００７号,2021-08-11,合同会社
合同会社ＣＡＩＹＡ,東京都西東京市富士町１丁目１番３号１２,2021-08-11,合同会社
合同会社Ｄａｈｌｉａ,和歌山県西牟婁郡上富田町岡１番地の１,2021-08-11,合同会社
合同会社Ｄｏｂｕｙ,東京都新宿区市谷台町５番地３第二光ビル１Ｆ,2021-08-11,合同会社
合同会社Ｅｌｌｅｎ,愛知県名古屋市名東区社台３丁目２１８番地,2021-08-11,合同会社
合同会社Ｆｌｙｉｎｇ　Ｈｉｐｐｏ,東京都新宿区北町１１番地,2021-08-11,合同会社
合同会社Ｆｒｕｉｔｓ　Ｔａｂｌｅ,鹿児島県鹿児島市桜ヶ丘８丁目４６番地２２号,2021-08-11,合同会社
合同会社ＧＫ０４９,東京都港区虎ノ門３丁目２２番１０－２０１号,2021-08-11,合同会社
合同会社ＧＫ０５０,東京都港区虎ノ門３丁目２２番１０－２０１号,2021-08-11,合同会社
合同会社ＨＩＤＥコーポレーション,東京都杉並区阿佐谷北４丁目２４番１１号ＭＤＭ・ＡＳＡＧＡＹＡ４０２,2021-08-11,合同会社
合同会社ＨＩＭＩＫＡＲＩ,高知県土佐市宮ノ内１５番地２,2021-08-11,合同会社
合同会社Ｈｉｍａｗａｒｉ,大阪府箕面市半町４丁目７番１４号,2021-08-11,合同会社
合同会社ＪＩＲＵ,東京都世田谷区深沢４丁目２８番６号,2021-08-11,合同会社
合同会社ＪＵＧＥＭ　ＣＯＦＦＥＥ,東京都港区新橋５丁目３０番７―６０５号,2021-08-11,合同会社
合同会社Ｋ’ｓ　Ｏｆｆｉｃｅ,福岡県福岡市早良区荒江２丁目６番１１号,2021-08-11,合同会社
合同会社ＫＵＬＩＮＡ,愛知県知多市八幡字東大平地４番地の７,2021-08-11,合同会社
合同会社Ｌｉｎｋ　Ｅｉｇｈｔ,沖縄県沖縄市嘉間良１丁目１４－３６,2021-08-11,合同会社
合同会社ＭＯＭＯ,兵庫県宝塚市栄町３丁目１０番２０－１００６号,2021-08-11,合同会社
合同会社Ｍｘ２ｆｉｌｍｓ,東京都練馬区石神井台４丁目９－３５セントラルハイツ３０２,2021-08-11,合同会社
合同会社ＮＲＭ,東京都目黒区青葉台３丁目１０番１１号青葉台フラッツ５０５,2021-08-11,合同会社
合同会社ＮｉＣＯＬＥ,愛知県名古屋市東区東桜２丁目９－３４成田ビル１階,2021-08-11,合同会社
合同会社ＯＮＥＰＥＲＣＥＮＴ,兵庫県南あわじ市福良乙１５０２番地１０７ジーアール２番館２０２号,2021-08-11,合同会社
合同会社Ｏｆｆｉｃｅ　Ｋ,福岡県福岡市南区長丘３丁目２０番５号スコーレ長丘２０３号,2021-08-11,合同会社
合同会社Ｏｚ,奈良県大和高田市大字有井１８１－１,2021-08-11,合同会社
合同会社ＰＯＮＴＯＯＮ,東京都新宿区市谷田町３丁目８市ヶ谷科学技術イノベーションセンタービル２Ｆ,2021-08-11,合同会社
合同会社Ｐｈｉｌｏｓｏｐｈｉａ,福岡県久留米市荒木町荒木１５８０番地２,2021-08-11,合同会社
合同会社Ｑｓｔｏｎｅ,東京都新宿区下落合１丁目１４番７号,2021-08-11,合同会社
合同会社Ｒ－ｒｅｖｏｌｕｔｉｏｎ,神奈川県横浜市都筑区中川中央１丁目６番１２号,2021-08-11,合同会社
合同会社ＲＩＣＫ,埼玉県春日部市中央５丁目３番５号ジュネパレス春日部第８－１０２号室,2021-08-11,合同会社
合同会社Ｓ・Ｊ　ＬＡＢＯ,兵庫県豊岡市寿町２番２４号,2021-08-11,合同会社
合同会社Ｓ．Ｐ．Ａ．ＪＡＰＡＮ,静岡県焼津市高新田１７９４番地の１,2021-08-11,合同会社
合同会社ＳＪ,青森県つがる市柏桑野木田幾世９番地４,2021-08-11,合同会社
合同会社ＳＫＡＹ　Ｃｏｍｐａｎｙ,埼玉県ふじみ野市亀久保４丁目１４番５号,2021-08-11,合同会社
合同会社ＳＵＧＯＩ,大阪府大阪市生野区新今里４丁目１１番２－１０３号,2021-08-11,合同会社
合同会社ＴＡＫＡＹＵＲＩ,千葉県松戸市稔台３丁目１０－１９－Ａ,2021-08-11,合同会社
合同会社ＴＤＣ,大阪府高槻市三島江４丁目１番３号,2021-08-11,合同会社
合同会社ＴＯＹＯＤＡ,東京都新宿区歌舞伎町２丁目２５番８号エコプレイス新宿４０７,2021-08-11,合同会社
合同会社ＴＲＩＬＹ,茨城県水戸市西原２丁目１２番地９号グランジェロ３０４号室,2021-08-11,合同会社
合同会社ＴＲＵＳＴ,埼玉県戸田市大字新曽２４１０番地（エスペランスⅠ１０３号室）,2021-08-11,合同会社
合同会社ＴＳＵＮＡＧＵ,島根県出雲市小山町２７６番地１５,2021-08-11,合同会社
合同会社ＵＮＩＶＥＲＳＥ,埼玉県熊谷市箱田６丁目４番５３号,2021-08-11,合同会社
合同会社ＷＩＬＬ,長野県北佐久郡御代田町大字草越３６８番地１,2021-08-11,合同会社
合同会社Ｗａｋｅ,青森県つがる市稲垣町沼崎幾代崎７４番地２,2021-08-11,合同会社
合同会社ＸＵＡＮ　ＮＨＩＥＮ,大阪府藤井寺市沢田４丁目６番８号,2021-08-11,合同会社
合同会社Ｙ’Ｓ,大阪府大阪市北区天神橋８丁目１０－１メゾンドール天神橋４０２号,2021-08-11,合同会社
合同会社ａｌｂｏ,徳島県鳴門市大津町大代６９５番地１Ｌｅａｏ・ｅｓｐｅｃｉａｌ２０２号,2021-08-11,合同会社
合同会社ａｗａｂａｒ沖縄,沖縄県那覇市牧志１丁目４－２６－４０２,2021-08-11,合同会社
合同会社ｋｅｉ,東京都三鷹市上連雀６丁目３２番１９－１０１号,2021-08-11,合同会社
合同会社ｓｉｇｎ,北海道札幌市北区北二十八条西１２丁目４番１７号,2021-08-11,合同会社
合同会社ｓｗｏｒｋｓ,愛知県名古屋市中区栄５丁目２６－３９ＧＳ栄ビル３Ｆ,2021-08-11,合同会社
品川コーポ管理組合法人,東京都品川区北品川１丁目２９番１５号,2021-08-11,その他の設立登記法人
土地家屋調査士法人８ｏｔｔｏ測量登記事務所,熊本県熊本市北区津浦町５番２０号,2021-08-11,その他の設立登記法人
始華未展株式会社,京都府京都市左京区鹿ケ谷桜谷町７番地３,2021-08-11,株式会社
宇平株式会社,東京都中野区野方３丁目２３番３号,2021-08-11,株式会社
安田不動産プライベートリート投資法人,東京都千代田区神田錦町２丁目１１番地,2021-08-11,その他の設立登記法人
山口社会保険労務士法人,長野県長野市若里７丁目１２番１５号モアエテルノ１０１,2021-08-11,その他の設立登記法人
川上まちづくり推進協議会,岐阜県中津川市川上１４２７－６,2021-08-11,その他
建宇株式会社,東京都新宿区大久保２丁目２３－６カルム大久保Ａ２０１,2021-08-11,株式会社
弁護士法人アインザッツ,岡山県岡山市北区本町６番６号第一セントラルビル４階,2021-08-11,その他の設立登記法人
得昌株式会社,東京都新宿区百人町２丁目１番４５号赤煉瓦２１０,2021-08-11,株式会社
日本ライフサイエンス株式会社,福岡県福岡市中央区渡辺通５丁目１４番１２号南天神ビル３階３１３号,2021-08-11,株式会社
株式会社あんばい牧場,岩手県奥州市胆沢若柳字上堰袋４６番地,2021-08-11,株式会社
株式会社えん,京都府京都市伏見区向島中島町８３番地６１,2021-08-11,株式会社
株式会社かんだホールディングス,宮城県仙台市青葉区中央１丁目７番４０号大野第一ビル,2021-08-11,株式会社
株式会社きたがわ,神奈川県横浜市保土ケ谷区帷子町２丁目５６番地,2021-08-11,株式会社
株式会社たいようパン,山形県東置賜郡高畠町大字深沼２８５９番地の６,2021-08-11,株式会社
株式会社まえやち接骨院,宮城県石巻市前谷地字黒沢前１６７,2021-08-11,株式会社
株式会社まつもと,山口県下関市稗田北町１３番３１号,2021-08-11,株式会社
株式会社みちライフ,大阪府羽曳野市誉田３丁目６番１３号,2021-08-11,株式会社
株式会社アイアンサイド,兵庫県伊丹市池尻６丁目８２番地１パレ武庫川プルミエールⅢ１００４号,2021-08-11,株式会社
株式会社アウトドア,東京都世田谷区弦巻３丁目１２番１７号,2021-08-11,株式会社
株式会社アシーマ,千葉県木更津市富士見１丁目２‐１スパークルシティ木更津７階,2021-08-11,株式会社
株式会社アットグラーロ,愛知県名古屋市中区大須３丁目３０－６０,2021-08-11,株式会社
株式会社アリーズ,東京都渋谷区神宮前６丁目２９番２号,2021-08-11,株式会社
株式会社アルフィーネ,愛知県清須市西枇杷島町古城１丁目１１番地６,2021-08-11,株式会社
株式会社アルフ建設,埼玉県川口市戸塚東１丁目１番１０号エレガンスシティ２０１,2021-08-11,株式会社
株式会社アヴァンセ,愛知県名古屋市東区矢田東４番３号ルノンドームＡ６０２号室,2021-08-11,株式会社
株式会社アヴェニール,大阪府大阪市淀川区宮原４丁目４番６４号新大阪千代田ビル８階Ａ号室,2021-08-11,株式会社
株式会社アーキクラフト,埼玉県川越市大字天沼新田２４１番地５,2021-08-11,株式会社
株式会社イエロー・デジタルエンターテインメント,東京都港区虎ノ門４丁目１番１号神谷町トラストタワー２３階,2021-08-11,株式会社
株式会社ウィライズ,大阪府松原市柴垣１丁目２３番８号,2021-08-11,株式会社
株式会社ウィンドウデザイン,群馬県前橋市江田町２９４番地１,2021-08-11,株式会社
株式会社エスエス,東京都品川区東五反田２丁目２番２号,2021-08-11,株式会社
株式会社エヌセツ,福岡県福岡市南区老司４丁目２５番６号,2021-08-11,株式会社
株式会社エフティ―オー,東京都八王子市元横山町１丁目２０番１１号,2021-08-11,株式会社
株式会社オゥシャン,東京都新宿区原町２丁目３０番牛込ハイム,2021-08-11,株式会社
株式会社オニックス,東京都新宿区神楽坂２丁目１２番地１５,2021-08-11,株式会社
株式会社カタチューシステム,千葉県船橋市前原西３丁目２番２－１号,2021-08-11,株式会社
株式会社カラーズバリュートウキョウ,東京都渋谷区千駄ヶ谷５丁目１２番１３号ウエストサイド新宿御苑５０８号室,2021-08-11,株式会社
株式会社カーボンニュートラル長岡,新潟県長岡市城岡２丁目８番１号,2021-08-11,株式会社
株式会社ギムレットスタイル,東京都渋谷区恵比寿西２丁目７番１０号恵比寿第三ビル７階,2021-08-11,株式会社
株式会社クレア,愛知県名古屋市千種区見附町３丁目３番地の１,2021-08-11,株式会社
株式会社クレセンシャル・パートナーズ,埼玉県さいたま市大宮区桜木町４丁目８８６番地,2021-08-11,株式会社
株式会社グランドステージ,愛知県名古屋市中村区長筬町３丁目４５番地２,2021-08-11,株式会社
株式会社グロウクレディ,東京都港区赤坂９丁目４番１号,2021-08-11,株式会社
株式会社グロース,東京都渋谷区西原２丁目１２番５号,2021-08-11,株式会社
株式会社ココデキレイ,福岡県福岡市中央区清川１丁目２番３号,2021-08-11,株式会社
株式会社コトレア,東京都港区浜松町２丁目２番１５号浜松町ダイヤビル２Ｆ,2021-08-11,株式会社
株式会社コンフォーティア,青森県十和田市東十六番町５２番１７号,2021-08-11,株式会社
株式会社サウィン,埼玉県上尾市大字上尾下６８６番地１９,2021-08-11,株式会社
株式会社サン・エナジー,東京都新宿区西新宿１丁目２６－２新宿野村ビル３２階,2021-08-11,株式会社
株式会社ジェースタイル,長野県松本市南原２丁目６番１５号,2021-08-11,株式会社
株式会社ジェーダブリュービー,東京都台東区東上野６丁目１８番１９号フラットサクライビル２階,2021-08-11,株式会社
株式会社ジャパンリアルエステート,東京都新宿区歌舞伎町２丁目２５番８号,2021-08-11,株式会社
株式会社ジーエムワークス,東京都目黒区平町１丁目１６番８号,2021-08-11,株式会社
株式会社スミレペットクリニック,東京都町田市成瀬台３丁目８番地１４ヒルズガーデン店舗１階１号室,2021-08-11,株式会社
株式会社セイショーホーム,埼玉県春日部市道口蛭田１３６－１ルネ春日部２号棟１０７号室,2021-08-11,株式会社
株式会社タイプウエスト,石川県加賀市山代温泉北部１丁目１９３番地,2021-08-11,株式会社
株式会社タキオン・カンパニー,福岡県北九州市小倉北区井堀２丁目７番１８号,2021-08-11,株式会社
株式会社ツールドア,大阪府和泉市室堂町１１０３番地の１６９,2021-08-11,株式会社
株式会社ティーエムシィーソリューションズ,東京都新宿区大久保２丁目４番１５号,2021-08-11,株式会社
株式会社トップワン,埼玉県さいたま市桜区大字五関１５８番地８２,2021-08-11,株式会社
株式会社トータルケア,埼玉県さいたま市大宮区桜木町２丁目２番地８花背ビル３Ｆ,2021-08-11,株式会社
株式会社ドライバーズエンジン,佐賀県伊万里市山代町久原２９７６番地２２,2021-08-11,株式会社
株式会社ナインエンターテインメント,北海道札幌市白石区北郷五条１０丁目４番２５号,2021-08-11,株式会社
株式会社ナンバーエイト,東京都千代田区東神田１丁目１０番８号,2021-08-11,株式会社
株式会社ネクシィーズ北日本,宮城県仙台市青葉区中央１丁目６番３５号,2021-08-11,株式会社
株式会社ハルプラス,福岡県福岡市博多区美野島３丁目１４番４号,2021-08-11,株式会社
株式会社ヒエン,兵庫県神戸市西区竜が岡２丁目１３番地１０,2021-08-11,株式会社
株式会社ビーアスタリンク,福岡県福岡市西区愛宕１丁目１６番３５号花かずビル３階,2021-08-11,株式会社
株式会社ピーター,東京都小平市小川町２丁目１２６７番地の７－１階,2021-08-11,株式会社
株式会社ファイブアールカンパニー,福岡県春日市白水ヶ丘４丁目５８番地リバティー館２０７号,2021-08-11,株式会社
株式会社フクヒデ,福岡県鞍手郡鞍手町大字中山２７９９番地４,2021-08-11,株式会社
株式会社ブリリアンスウーマン,兵庫県芦屋市翠ケ丘町１９番１７－２０２号,2021-08-11,株式会社
株式会社ブレイクスルーテクノロジー,東京都新宿区西新宿６丁目１６番１２号,2021-08-11,株式会社
株式会社プレシャス,福岡県福岡市中央区平尾３丁目１４番１０号,2021-08-11,株式会社
株式会社プレミアム運輸,北海道旭川市八条通７丁目３４番地１９,2021-08-11,株式会社
株式会社ベーシック,福岡県福岡市中央区白金１丁目１７番１５号７階,2021-08-11,株式会社
株式会社ペトリコール,東京都豊島区西池袋５丁目５番２１－３２０１号,2021-08-11,株式会社
株式会社ボヌール,大阪府箕面市瀬川５丁目１６番５－５０４号,2021-08-11,株式会社
株式会社ポチ,奈良県北葛城郡広陵町大字安部２０７番地１,2021-08-11,株式会社
株式会社マルちゃん塗装,埼玉県草加市新栄１丁目５７番地１,2021-08-11,株式会社
株式会社マーシャル・ジャパン,大阪府堺市西区平岡町４０番地１,2021-08-11,株式会社
株式会社メサウェル,東京都港区南麻布４丁目１２番２６号,2021-08-11,株式会社
株式会社モネ・ライセンス,東京都渋谷区恵比寿１丁目５番７号,2021-08-11,株式会社
株式会社ユウヤ工業,茨城県行方市矢幡６１２番地２,2021-08-11,株式会社
株式会社ユマ,東京都東久留米市前沢３丁目７－１４三沢ビル４０３,2021-08-11,株式会社
株式会社ライトブルー,東京都新宿区新宿２丁目５番１１号甲州屋ビル３階,2021-08-11,株式会社
株式会社ランド,宮城県仙台市青葉区芋沢字青野木２５６番地,2021-08-11,株式会社
株式会社リーフ,大阪府大阪狭山市西山台３丁目５番１６号,2021-08-11,株式会社
株式会社レゼルブ,東京都足立区栗原２丁目７番３－３０２号,2021-08-11,株式会社
株式会社レナートサイエンス,京都府京都市左京区吉田橘町３４番地,2021-08-11,株式会社
株式会社ワタケン,福岡県福岡市早良区室見５丁目１３－２８号グランツリー室見２Ｆ,2021-08-11,株式会社
株式会社ワールド・スタンダード・ネットワーク,東京都品川区西五反田８丁目３番６号,2021-08-11,株式会社
株式会社一巴,兵庫県神戸市中央区栄町通４丁目２番１８号,2021-08-11,株式会社
株式会社一直土木,愛知県弥富市竹田６丁目７８番１,2021-08-11,株式会社
株式会社七,東京都渋谷区松濤１丁目２８番２号,2021-08-11,株式会社
株式会社七変化,長野県長野市大字栗田１０００番地１長栄長野東口ビル１Ｆ,2021-08-11,株式会社
株式会社三春,福岡県福岡市中央区天神５丁目４番６号,2021-08-11,株式会社
株式会社中山浩成,沖縄県那覇市上之屋１丁目１１番８号,2021-08-11,株式会社
株式会社中部,長野県岡谷市川岸西２丁目８番２０号,2021-08-11,株式会社
株式会社中野油業,福岡県北九州市若松区大字安屋２９２４番地３,2021-08-11,株式会社
株式会社住安ホーム,東京都渋谷区南平台町１６番２８号Ｄａｉｗａ渋谷スクエア９階,2021-08-11,株式会社
株式会社吉盛製作所,埼玉県さいたま市大宮区吉敷町４丁目２６２番地４すずらん館４０３,2021-08-11,株式会社
株式会社国井美果,東京都渋谷区富ヶ谷２丁目３０番１号,2021-08-11,株式会社
株式会社外構,福岡県直方市大字山部１０１４番地１,2021-08-11,株式会社
株式会社大谷工業,滋賀県大津市森２丁目６番１０号,2021-08-11,株式会社
株式会社太陽,福岡県福岡市博多区博多駅前３丁目７－８－２Ｆ,2021-08-11,株式会社
株式会社家楓,愛知県岡崎市仁木町字東郷１番地,2021-08-11,株式会社
株式会社小幡農機,新潟県南魚沼市麓４７５番地１５,2021-08-11,株式会社
株式会社山本屋,石川県加賀市小塩町コ３７番地,2021-08-11,株式会社
株式会社山梨道路保全,山梨県中巨摩郡昭和町押越２０９７番地,2021-08-11,株式会社
株式会社岡本商会,北海道札幌市北区新川７７７番地１５,2021-08-11,株式会社
株式会社島源,宮城県宮城郡松島町松島字三十刈１７番地,2021-08-11,株式会社
株式会社帯広みらい計画,北海道帯広市西十八条南２丁目１０番地１５,2021-08-11,株式会社
株式会社康栄,茨城県古河市諸川１８６２番地３９,2021-08-11,株式会社
株式会社彦庵,奈良県奈良市学園南３丁目４番２１号,2021-08-11,株式会社
株式会社志京,京都府京都市右京区常盤神田町１５番地の１５,2021-08-11,株式会社
株式会社悠成,埼玉県さいたま市岩槻区大字村国５４９番地１１号,2021-08-11,株式会社
株式会社意識革命,東京都板橋区中台３丁目１１番１０－１０７号,2021-08-11,株式会社
株式会社旭日承,東京都足立区鹿浜４丁目１番７号,2021-08-11,株式会社
株式会社明立ＮＥＸＴ,大阪府大阪市東住吉区西今川１丁目６番７号,2021-08-11,株式会社
株式会社星野純直商店,兵庫県神戸市中央区雲井通３丁目６番５号,2021-08-11,株式会社
株式会社松田商店,福岡県福岡市博多区対馬小路１０番１３号,2021-08-11,株式会社
株式会社松田農園,新潟県新潟市南区下塩俵７８番地,2021-08-11,株式会社
株式会社梅登屋,愛知県名古屋市瑞穂区津賀田町３丁目８１番地の５,2021-08-11,株式会社
株式会社森田工業,埼玉県草加市弁天１丁目１６番４号,2021-08-11,株式会社
株式会社椎名木材,千葉県東金市家之子４８６番地１,2021-08-11,株式会社
株式会社武末建設,福岡県那珂川市片縄東１丁目６番２３号,2021-08-11,株式会社
株式会社氷見ふれあい定置,富山県氷見市泊１６３４番地,2021-08-11,株式会社
株式会社清匠,千葉県松戸市横須賀２丁目１８番７号１０２号室,2021-08-11,株式会社
株式会社瀬戸緑化,広島県広島市安佐北区三入東１丁目１８番１４号,2021-08-11,株式会社
株式会社産業未来化研究室,富山県射水市中央町１４番４号,2021-08-11,株式会社
株式会社當銘工業,沖縄県うるま市字仲嶺３３４番地、１Ｆ,2021-08-11,株式会社
株式会社知財の楽校,千葉県千葉市美浜区若葉３丁目１番地１８クロスレジデンスＳ２－１,2021-08-11,株式会社
株式会社税トラストジャパン,大阪府大阪市中央区北新町２－１２北新町センタービル６階,2021-08-11,株式会社
株式会社米山総合住設,千葉県いすみ市岬町桑田１８３１番地３,2021-08-11,株式会社
株式会社紅雄工業,埼玉県戸田市美女木１丁目１０番地の１２,2021-08-11,株式会社
株式会社興山園グループ,東京都八王子市東浅川町５２３番地１３,2021-08-11,株式会社
株式会社蒼衣庭園,広島県三次市三次町３６７番地１,2021-08-11,株式会社
株式会社藍,広島県福山市御幸町大字森脇甲４３９番地４,2021-08-11,株式会社
株式会社藤庭,岩手県花巻市西宮野目第９地割１５３番地９,2021-08-11,株式会社
株式会社西日本スペースエンタープライズ,福岡県久留米市西町８６４番地２,2021-08-11,株式会社
株式会社角蔵家,福岡県福岡市博多区博多駅中央街２番１号,2021-08-11,株式会社
株式会社躍進工業,福岡県八女市柳島５１番地２,2021-08-11,株式会社
株式会社近代プラント,群馬県太田市藤久良町５６番地１４Ｋ＆Ａ’ＳコーポＢ号,2021-08-11,株式会社
株式会社造園計画,京都府京都市左京区北白川久保田町５７－１,2021-08-11,株式会社
株式会社金湶,福岡県福岡市博多区築港本町２番３－１０１号,2021-08-11,株式会社
株式会社長尾設備,京都府京都市南区唐橋大宮尻町１１番地,2021-08-11,株式会社
株式会社長岡屋,東京都中野区新井１丁目８番１号ビルドナガオカ１Ｆ,2021-08-11,株式会社
株式会社雅,宮城県仙台市太白区四郎丸字大宮６６番地の８,2021-08-11,株式会社
株式会社鳶宮本組,長野県中野市大字中野３１２－６,2021-08-11,株式会社
株式会社２ＮＤ　ＳＴＥＰ,東京都港区新橋５丁目１番３号新正堂第１ビル,2021-08-11,株式会社
株式会社３６０,埼玉県ふじみ野市苗間２３１－１,2021-08-11,株式会社
株式会社３６５Ｈｅａｌｔｈｙ,東京都中央区京橋２丁目６番１４号,2021-08-11,株式会社
株式会社ＡＣＥ－ＭＥＴＡＬ,埼玉県川越市大字府川８１番地３,2021-08-11,株式会社
株式会社ＡＶＶＥＮＴＵＲＡ,東京都中野区弥生町３丁目３３番１号,2021-08-11,株式会社
株式会社Ａｒｓｈａｍ,福岡県久留米市西町１４８６番地１,2021-08-11,株式会社
株式会社ＢＡＲＢＥＲ　ＴＯＭＩＴＡ,東京都台東区元浅草４丁目６番５号,2021-08-11,株式会社
株式会社ＢＥＰマネジメント,大阪府大阪市中央区安土町１丁目５番８号,2021-08-11,株式会社
株式会社ＢＧ,東京都渋谷区千駄ヶ谷３丁目１２番１５号佐野ビル３階,2021-08-11,株式会社
株式会社ＢＯＤＹ　ＲＥＰＯＲＴ,大阪府大阪市中央区本町１丁目７番１号,2021-08-11,株式会社
株式会社ＢＯＯＫＳ,東京都渋谷区代々木１丁目１１番２号代々木コミュニティビル５Ｆ,2021-08-11,株式会社
株式会社Ｂａｍｂｏｏ．ＡＩ,東京都台東区上野６丁目１６番２０号,2021-08-11,株式会社
株式会社Ｂｅｌｌａ　Ｖｉｔａ,滋賀県草津市西渋川１丁目１番２６－１１０６号プレサンスロジェ草津駅前,2021-08-11,株式会社
株式会社Ｂｉｇ．Ｔ　Ｇｒｏｕｐ,埼玉県上尾市西宮下２丁目４２６番地ガーデンＳＵＧＡ２０２,2021-08-11,株式会社
株式会社ＣＡＮＮＡ,東京都渋谷区円山町５番５－３階,2021-08-11,株式会社
株式会社ＣＣＤＸ,東京都渋谷区道玄坂１丁目２１番１号渋谷ソラスタ１５階,2021-08-11,株式会社
株式会社ＣＨＥＺＣＨＩＣ,東京都中野区本町４丁目４２番１号,2021-08-11,株式会社
株式会社ＣＲＥＤＩＴ,東京都目黒区上目黒５丁目１９番３８号,2021-08-11,株式会社
株式会社ＣＲＳ,大阪府大阪市城東区鴫野西１丁目１０番地１０号,2021-08-11,株式会社
株式会社Ｄ・Ｚ・Ｇ,埼玉県久喜市久喜中央１丁目４番４７号島田ビル１階,2021-08-11,株式会社
株式会社Ｄ－ワイズ,大阪府枚方市藤阪元町３丁目４０番７号－４０６,2021-08-11,株式会社
株式会社ＤＡＴ,東京都渋谷区東２丁目２３番８号渋谷ＭＭＩビル５Ａ,2021-08-11,株式会社
株式会社ＤＥＥＰ,富山県富山市総曲輪１丁目２番２０号桜木町センタービル４階,2021-08-11,株式会社
株式会社Ｄｅｓｉｇｎ　Ｓｔｕｄｉｏ　ＹＡＮＧ,東京都調布市柴崎２丁目２５番７号,2021-08-11,株式会社
株式会社Ｄｒｅａｍｅｒｓ　Ｈｏｌｄｉｎｇｓ,大分県杵築市大字杵築６６５－６７１ロフティ杵築シーサイド１００８号,2021-08-11,株式会社
株式会社ＥｖｅｒＧｒｅｅｎ,北海道札幌市中央区宮の森二条１０丁目１番３２－３０２号,2021-08-11,株式会社
株式会社Ｆ,千葉県千葉市若葉区高品町１５９８番地６サニーハイツ１０２号室,2021-08-11,株式会社
株式会社ＦＡＢＲＩＣ,千葉県松戸市松戸１８３６番地メグロビル３階,2021-08-11,株式会社
株式会社ＦＬＩＮＴＥＲＳ　ＢＡＳＥ,東京都新宿区西新宿８丁目１７番１号,2021-08-11,株式会社
株式会社ＦＺＳ,埼玉県さいたま市大宮区桜木町１丁目１番地７号ＯＮビル４Ｆ,2021-08-11,株式会社
株式会社Ｆｒｏｇ,大阪府大阪市中央区南船場３丁目１番７－５Ｆ７,2021-08-11,株式会社
株式会社ＧＴｒａｄｉｎｇ,岐阜県大垣市三津屋町５丁目１５番地２,2021-08-11,株式会社
株式会社Ｇｏｏｄｗｉｌｌ,富山県富山市高田５２７番地情報ビル,2021-08-11,株式会社
株式会社Ｇｒｅｅｎ　Ｖｉｅｎｎｅｔｔａ,京都府京都市上京区加賀屋町３９９番地スミヤビル５階,2021-08-11,株式会社
株式会社Ｈ．Ｌ．Ｒ,埼玉県吉川市美南２丁目１６番地７,2021-08-11,株式会社
株式会社ＨＡＰＩＶＥＲＩ,千葉県千葉市中央区富士見１丁目１４－１３千葉大栄ビル８Ｆ,2021-08-11,株式会社
株式会社ＨＡＹＡＭＡ,東京都渋谷区代々木４丁目２７番２８号,2021-08-11,株式会社
株式会社ＨＫＳ,福岡県久留米市寺町８４番地６,2021-08-11,株式会社
株式会社ＨＯＬＡ，ＦＵ,岡山県岡山市南区植松５２１番地２,2021-08-11,株式会社
株式会社Ｈｅｒｉｔａｇｅ,東京都目黒区目黒本町１丁目１２番１２－５０２号,2021-08-11,株式会社
株式会社Ｈｙｒ,大阪府岸和田市阿間河滝町１３４４番地の１,2021-08-11,株式会社
株式会社Ｉ＆Ｋ,東京都新宿区筑土八幡町４番２３号,2021-08-11,株式会社
株式会社ＩＮＴＯ９,東京都港区北青山３丁目８番８号カーム青山１０１,2021-08-11,株式会社
株式会社Ｊ－Ｓｍｉｌｅ　Ｌｏｇｉｓｔｉｃｓ,埼玉県草加市中根３丁目１番３１－２０６号,2021-08-11,株式会社
株式会社ＪＯＳＨ,福岡県福岡市西区内浜２丁目８番１０号,2021-08-11,株式会社
株式会社ＪＶＮ九州,福岡県久留米市津福今町４７０番地８,2021-08-11,株式会社
株式会社ＫＡＮＡＺＡＷＡ　Ｃｏｎｓｔｒｕｃｔｉｏｎ　ｍａｃｈｉｎｅｒｙ,北海道札幌市北区篠路町福移１１４番３４,2021-08-11,株式会社
株式会社ＫＴＤｓｏｉｌ,沖縄県島尻郡北大東村字中野１５,2021-08-11,株式会社
株式会社ＬＡＭＡＫＵ,千葉県市川市真間５丁目２２番５号,2021-08-11,株式会社
株式会社ＬＩＦＥＳＴＹＬＥＳ,東京都目黒区東山１丁目６番７号フォーラム中目黒５階,2021-08-11,株式会社
株式会社Ｌａ　ＳＥＳＳＩＯＮＳ　ＷＥＳＴ,大阪府大阪市中央区南船場１丁目３番１４号ストークビル南船場７０３号,2021-08-11,株式会社
株式会社ＬｉＢ,東京都渋谷区神宮前６丁目２３番４号桑野ビル２階,2021-08-11,株式会社
株式会社Ｌｉｂｉｓｔ,千葉県松戸市串崎南町２０８番地,2021-08-11,株式会社
株式会社Ｍ２４Ｄｅｓｉｇｎ　Ｓｔｕｄｉｏ,千葉県千葉市美浜区打瀬２丁目５番地パティオス３番街５０３号,2021-08-11,株式会社
株式会社ＭＡＨ,千葉県千葉市緑区平山町１９２２番地６４,2021-08-11,株式会社
株式会社ＭＭＤ－Ｐ,東京都港区新橋２丁目１６番１号,2021-08-11,株式会社
株式会社ＭＯＴＨＥＲ　ＴＲＥＥ　ＣＯＦＦＥＥ,東京都港区赤坂３丁目２１番１５号,2021-08-11,株式会社
株式会社ＭｉｒｒｏｒＰｒｏｍｏｔｉｏｎ,東京都品川区小山台１丁目３３－９トップ不動前６０２,2021-08-11,株式会社
株式会社ＮＡＡＦＹ,福岡県福岡市南区大楠２丁目２２番１２号,2021-08-11,株式会社
株式会社ＮＡＫＡＳＡＩ　ＡＲＣＨＩＴＥＣＴＳ,富山県富山市布瀬町１丁目８番１号タカイシビル２Ｆ,2021-08-11,株式会社
株式会社ＮＥＳ　Ｃｏｒｐｏｒａｔｉｏｎ．,大阪府大阪市北区万歳町３－１２－４０１,2021-08-11,株式会社
株式会社ＮＧＦ,青森県平川市新屋栄館７４番地１,2021-08-11,株式会社
株式会社ＮＭＨ,愛媛県松山市山越２丁目８番３６号,2021-08-11,株式会社
株式会社Ｎｅｗ　Ｇａｔｅ,神奈川県伊勢原市東大竹１１２７番地の１,2021-08-11,株式会社
株式会社Ｎｕｒｓｉｎｇ　Ｄｏｕｌａ・ＳＳ,東京都新宿区上落合２丁目１６番９号,2021-08-11,株式会社
株式会社ＯＫＡＺＡＫＩ,福岡県京都郡みやこ町徳永２３６６番地,2021-08-11,株式会社
株式会社ＯＫＵＤＡ,大阪府三島郡島本町高浜１丁目１５番２６号,2021-08-11,株式会社
株式会社ＯＮＥ　ｆｏｒ　ＡＬＬ　ｆｏｒ　ＯＮＥ,宮城県仙台市青葉区国分町３丁目５番７号,2021-08-11,株式会社
株式会社ＯＴＭ,東京都千代田区五番町６番地２,2021-08-11,株式会社
株式会社ＰＡＰＩＬＬＯＮ,東京都豊島区池袋本町２丁目５番３－３０１号,2021-08-11,株式会社
株式会社ＰＡＳＳ,福岡県福岡市中央区天神１丁目６番８号天神ツインビル７階,2021-08-11,株式会社
株式会社ＰＩＡＴＴＩＢＥＬＬＡ,大阪府大阪市西区南堀江１丁目１４番２６号,2021-08-11,株式会社
株式会社ＰａｎｄａＯｆｆｉｃｅ,東京都新宿区新宿３丁目１２番４号新宿Ｎタウンプラザ３０９号,2021-08-11,株式会社
株式会社Ｐａｓｓ,東京都台東区浅草５丁目５番４号,2021-08-11,株式会社
株式会社Ｒｅ．ｒｉｓｅ,東京都新宿区新宿１丁目３６番２号新宿第七葉山ビル３階,2021-08-11,株式会社
株式会社Ｒｅｂｅ,奈良県吉野郡東吉野村大字木津川６６番地,2021-08-11,株式会社
株式会社Ｒｉｄｕｎ,青森県弘前市大字富田３丁目１２番地１６シンエイハイツＢ－２０７号,2021-08-11,株式会社
株式会社Ｒｉｌｙ,東京都目黒区自由が丘２丁目９番２３号ラポール自由が丘３Ｆ,2021-08-11,株式会社
株式会社Ｓ・Ｓパートナー,大阪府大阪市西区西本町１丁目８番２号三晃ビル９階,2021-08-11,株式会社
株式会社ＳＢＩＣホールディングス,東京都港区東新橋１丁目９番２号汐留住友ビル１６階,2021-08-11,株式会社
株式会社ＳＨＥＥＰＬＵＣＫ,埼玉県越谷市大字大房１０６６番地４,2021-08-11,株式会社
株式会社ＳＰＩＮ　ＴＥＣＨＮＯＬＯＧＹ,東京都港区麻布台１丁目７番３号,2021-08-11,株式会社
株式会社ＳＲＰ,福岡県福岡市早良区干隈３丁目２１番２１号,2021-08-11,株式会社
株式会社Ｓａｙ．,東京都渋谷区神宮前４丁目５番１３号アピス表参道スクエア３Ｆ,2021-08-11,株式会社
株式会社Ｓｐｒｉｍｅ　Ｅｎｔｅｒｔａｉｎｍｅｎｔ,東京都渋谷区渋谷２丁目２４番１２号,2021-08-11,株式会社
株式会社Ｔ．Ｏ　ｂｏｄｙ,兵庫県神戸市北区ひよどり台南町３丁目２番地の２８,2021-08-11,株式会社
株式会社Ｔ２ＦＩＥＬＤ,東京都目黒区下目黒２丁目２２番１７号ＡＤビル２０２,2021-08-11,株式会社
株式会社ＴＡＩＧＡ,福岡県久留米市安武町武島６９６番地８,2021-08-11,株式会社
株式会社ＴＥＡＭ沖縄,沖縄県豊見城市宜保３丁目５番地８ひまわりハウス１０１,2021-08-11,株式会社
株式会社ＴＯＩＴＯＩＴＯ,東京都品川区北品川５丁目５番１５号,2021-08-11,株式会社
株式会社ＴＯＲＡＨＩＫＯ,東京都新宿区中落合２丁目１６番２８号Ｃｏｍｆｏｒｉａ中落合１１８,2021-08-11,株式会社
株式会社ＴＲ電工,愛知県名古屋市西区花の木１丁目１３番１８号マザー花の木５０２号,2021-08-11,株式会社
株式会社ＴＲＥＳ　ＰＡＲＴＮＥＲＳ,東京都目黒区駒場１丁目１６番１４号,2021-08-11,株式会社
株式会社ＴＲＩＢＡＬ,東京都新宿区歌舞伎町１丁目５番４号,2021-08-11,株式会社
株式会社ＴＹＤ,東京都渋谷区渋谷１丁目１５番１５号,2021-08-11,株式会社
株式会社Ｔａｍｂａｈ,東京都文京区向丘２丁目１１番１４号,2021-08-11,株式会社
株式会社Ｔｅｃｈ　Ｓｅｔ,愛知県小牧市小牧４丁目２７番地１,2021-08-11,株式会社
株式会社Ｔｏｋｙｏ　Ｂａｙ　Ｆｉｓｈｅｒｍａｎ’ｓ,千葉県木更津市請西２丁目１８番８号,2021-08-11,株式会社
株式会社Ｔｒａｎｓ　Ｂｅａｕｔｙ＆Ｓｐａ,埼玉県さいたま市浦和区北浦和３丁目４番１４号,2021-08-11,株式会社
株式会社ＴｒｕｅＨｅａｒｔ,富山県富山市富岡町４３２番地４,2021-08-11,株式会社
株式会社Ｕ‐Ｐｌｕｍｂｅｒ,佐賀県佐賀市本庄町大字末次４５８番地５,2021-08-11,株式会社
株式会社ＶＥＲＴＥＸ,長野県小諸市大字市６７１番地１１,2021-08-11,株式会社
株式会社ＶＩＢＥＳ,広島県広島市中区薬研堀４番１３号さくらビル,2021-08-11,株式会社
株式会社ＶＯＥＵ,大阪府大阪市平野区瓜破５丁目２番８号,2021-08-11,株式会社
株式会社Ｖｉｄａｂｅｌｌａ,東京都渋谷区神宮前６丁目２３番４号桑野ビル２階,2021-08-11,株式会社
株式会社ＹＮＴコンサルタント,沖縄県名護市宇茂佐の森４丁目１９番３号,2021-08-11,株式会社
株式会社Ｙｕｍｍｙ　Ｓｔｕｄｉｏｓ,東京都足立区神明南２丁目１０番２号,2021-08-11,株式会社
株式会社Ｚ　Ｈｅｒｏ,東京都渋谷区宇田川町３番３－１２０１号,2021-08-11,株式会社
株式会社ＺＩＫＵＹＡ,福岡県福岡市南区塩原４丁目１６番１２号,2021-08-11,株式会社
株式会社ａｎｄ,香川県高松市花園町３丁目４番１号－１０２,2021-08-11,株式会社
株式会社ｃｏｍａｍ九州,福岡県福岡市中央区赤坂１丁目１３番８号,2021-08-11,株式会社
株式会社ｄｅｅｐＵｎｉｖｅｒｓｅ,神奈川県横浜市青葉区市ケ尾町５２３番地１０,2021-08-11,株式会社
株式会社ｅ－コネクション,神奈川県川崎市中原区中丸子１３番地７リエトコート武蔵小杉Ｅａｓｔｔｏｗｅｒ２６１１,2021-08-11,株式会社
株式会社ｉＸｉＡ,東京都渋谷区円山町５番１８号道玄坂スクエア５Ｆ,2021-08-11,株式会社
株式会社ｉｃｈｉｚｏｋｕ,富山県富山市小杉１０９番地２,2021-08-11,株式会社
株式会社ｉｅｎｏｗａ,群馬県太田市大原町１１０７番地１７岡部スクエア１３号,2021-08-11,株式会社
株式会社ｍｉｒｕｂｕｚｚ,東京都渋谷区渋谷２丁目２２番６号幸和ビル１０Ｆ,2021-08-11,株式会社
株式会社ｎａｎｎａｎ９,大阪府大阪市西区阿波座１丁目１４番１２号アーバネックス本町１００３,2021-08-11,株式会社
株式会社ｎａｚｕｎａ,静岡県周智郡森町天宮１１４４番地の３,2021-08-11,株式会社
株式会社ｒｏｂｏｔｔｔｅ,神奈川県横浜市神奈川区鶴屋町２丁目１０番地１,2021-08-11,株式会社
株式会社ｓｅｅｄ,大阪府大阪市中央区心斎橋筋２丁目２番３号ＥＮＪＯＹＴＲＵＳＴＢＬＤ５Ｆ,2021-08-11,株式会社
株式会社ｚｏｏｂａ,東京都渋谷区円山町２８番１号渋谷道玄坂スカイビル１１Ｆ,2021-08-11,株式会社
森川テクノ株式会社,三重県桑名市大字江場５３４番地６,2021-08-11,株式会社
森源株式会社,東京都足立区保木間４丁目２番７号,2021-08-11,株式会社
植松商店株式会社,千葉県香取郡多古町十余三３８５番地６３２,2021-08-11,株式会社
次代株式会社,熊本県熊本市北区龍田陳内２丁目４１番３号,2021-08-11,株式会社
浅野コーポレーション株式会社,長野県塩尻市大字広丘吉田９５３番地３,2021-08-11,株式会社
湖西貿易株式会社,静岡県湖西市白須賀６０７９番地,2021-08-11,株式会社
特定非営利活動法人おひたし,北海道札幌市東区北三十八条東８丁目１番６号パーサビル,2021-08-11,その他の設立登記法人
特定非営利活動法人はぴこね,東京都品川区東大井５丁目８番１０号パレス・ぼだい樹５０３,2021-08-11,その他の設立登記法人
特定非営利活動法人和楽器教育研究所,奈良県生駒郡平群町大字椣原７５番地の１,2021-08-11,その他の設立登記法人
特定非営利活動法人在関西モンゴル人会,大阪府大阪市西淀川区姫島３丁目７番２０－１０６号,2021-08-11,その他の設立登記法人
特定非営利活動法人小田地域まちづくり推進機構,茨城県つくば市小田３１０８番地４,2021-08-11,その他の設立登記法人
特定非営利活動法人心の帆,徳島県吉野川市鴨島町森藤１１２６番地,2021-08-11,その他の設立登記法人
特定非営利活動法人ＢＯＲＮＳ,東京都台東区浅草２丁目１２番１０号,2021-08-11,その他の設立登記法人
特定非営利活動法人Ｃａｆｅ　ｌｉｆｅ,京都府京都市西京区松尾鈴川町７１番地１,2021-08-11,その他の設立登記法人
瑞華世紀株式会社,広島県広島市西区観音町７番２９号,2021-08-11,株式会社
白猫ストラテイズ合同会社,東京都中野区弥生町２丁目３６番２号ＣＨＥＬＳＥＡＧＡＲＤＥＮ４０３,2021-08-11,合同会社
相生サポート株式会社,広島県広島市西区中広町２丁目１９番３０－２０１号,2021-08-11,株式会社
相馬山中陸上風力発電所合同会社,東京都港区新橋６丁目１７番２１号,2021-08-11,合同会社
福気国際貿易株式会社,大阪府大阪市住之江区安立２丁目１０番１４号三坂ビル３０７号室,2021-08-11,株式会社
税理士法人いせざき事務所,高知県高知市伊勢崎町１５番６号,2021-08-11,その他の設立登記法人
税理士法人ＧＲＯＷＬＥＡＤ,大阪府大阪市中央区平野町２丁目１番２号沢の鶴ビル７階,2021-08-11,その他の設立登記法人
稲穂二丁目会,北海道小樽市稲穂２丁目１２－２稲穂二丁目会館,2021-08-11,その他
美徳株式会社,北海道札幌市中央区南十一条西６丁目１番４８号,2021-08-11,株式会社
菅野建裝株式会社,大阪府枚方市長尾台３丁目４０番２５号,2021-08-11,株式会社
華鑫合同会社,東京都豊島区池袋１丁目１番４号,2021-08-11,合同会社
虹テクノ株式会社,山口県光市虹ケ丘６丁目１４番２６号,2021-08-11,株式会社
行政書士法人古屋事務所,東京都練馬区氷川台３丁目７番１６－４０５号,2021-08-11,その他の設立登記法人
行政書士法人山内法務事務所,東京都品川区大井４丁目１２番２２号,2021-08-11,その他の設立登記法人
行政書士法人Ｌａｓｔ　Ｈｏｐｅ,新潟県新潟市西区東青山１丁目１２番地１パークメゾン青山１０１号室,2021-08-11,その他の設立登記法人
農事組合法人アガペファーム,岡山県津山市加茂町公郷１８５４番地１,2021-08-11,その他の設立登記法人
野田牧場株式会社,熊本県球磨郡あさぎり町上西２８８６番地,2021-08-11,株式会社
銀座デンタルホワイト株式会社,東京都新宿区四谷４丁目３番地,2021-08-11,株式会社
飯舘村陸上風力発電所合同会社,東京都港区新橋６丁目１７番２１号,2021-08-11,合同会社
３インフィニティー合同会社,東京都江戸川区西一之江３丁目１８番１９号,2021-08-11,合同会社
ＡＣＥホールディングス株式会社,福岡県那珂川市片縄北１丁目５番９号,2021-08-11,株式会社
ＡＩＸ　Ｔｅｃｈ　Ｖｅｎｔｕｒｅｓ株式会社,東京都港区西新橋３丁目１６番１１号,2021-08-11,株式会社
Ａｃｔ　Ｉｎｎｏｖａｔｉｏｎ株式会社,福岡県福岡市早良区西新１丁目３番１２号ＮＣビル６Ｆ,2021-08-11,株式会社
Ａｇｇｒｅｇａｔｉｏｎ株式会社,東京都渋谷区千駄ヶ谷２丁目２９番５号カーサ千駄ヶ谷２０１号室,2021-08-11,株式会社
Ａｌｉｍｏｕ　ｔｒａｄｉｎｇ　ｉｎｔｅｒｎａｔｉｏｎａｌ合同会社,群馬県館林市美園町５番１５号ライオンズプラザマンション２階２１０号室,2021-08-11,合同会社
ＢＨＲ株式会社,京都府京都市中京区烏丸通三条下る饅頭屋町５９５番地３,2021-08-11,株式会社
Ｂａｇｇ株式会社,京都府京都市伏見区深草下川原町１１０番地６,2021-08-11,株式会社
ＢｏＫｏＤｅＫｏ合同会社,東京都港区六本木３丁目１５番１１号,2021-08-11,合同会社
ＣＡＮＯＷ株式会社,福岡県福岡市博多区住吉５丁目５番２２－１００２号アルファライフ博多,2021-08-11,株式会社
ＣＲＯＷＮＳ株式会社,福岡県福岡市博多区博多駅南２丁目１４番４－２０２号,2021-08-11,株式会社
ＣＷＤ合同会社,東京都新宿区西新宿６丁目１５番１ラ・トゥール新宿８２４,2021-08-11,合同会社
Ｃｈｉｒｉｃｏ合同会社,東京都品川区東大井２丁目１９－６－２０１,2021-08-11,合同会社
ＣｌｏｕｄＦｕｖｅ株式会社,東京都新宿区大久保２丁目５番２２号,2021-08-11,株式会社
Ｄ＆Ｃ合同会社,大阪府大阪市西淀川区御幣島４丁目２番２２号,2021-08-11,合同会社
ＤＤｏ建築合同会社,兵庫県加古川市加古川町木村７５８番地の１０,2021-08-11,合同会社
ＥＡＲＴＨ　ＡＮＩＭＡ合同会社,東京都八王子市明神町３丁目２０－５エイトビル３Ｆ,2021-08-11,合同会社
ＥＡＳＴ　ＬＩＮＫ株式会社,京都府京都市南区久世中久世町４丁目２番地５,2021-08-11,株式会社
ＥＭＩＥＬＤ株式会社,大阪府大阪市北区堂山町１番５号三共梅田ビル７階,2021-08-11,株式会社
Ｅｘｃｅｌ　Ｅｄｉｔｉｎｇ合同会社,東京都世田谷区東玉川１丁目３４－８,2021-08-11,合同会社
Ｆｌａｓｈ　Ｃｏｆｆｅｅ　ＪＰ合同会社,東京都港区南麻布３丁目１９番２３号オーク南麻布ビル２階,2021-08-11,合同会社
Ｇｉｎｏｏペイント株式会社,大阪府大阪市北区天神橋６丁目５番１号,2021-08-11,株式会社
ＨＡＴＡＲＡＫＵエルダー株式会社,東京都新宿区新小川町６番２９号,2021-08-11,株式会社
ＨＩＭＡＮＩ合同会社,千葉県君津市南久保１丁目１３番２０号２Ｆ,2021-08-11,合同会社
ＨＩＮＯＭＯＴＯ株式会社,宮城県多賀城市八幡３丁目５番３０号,2021-08-11,株式会社
ＨＯＤＯ　ＨＯＵＳＥ株式会社,埼玉県川越市大字久下戸３１５４番地５,2021-08-11,株式会社
ＨＴＳ工業合同会社,石川県金沢市野町５丁目４番５号,2021-08-11,合同会社
Ｉ＆Ｋ株式会社,大阪府貝塚市地藏堂５３番３４号,2021-08-11,株式会社
ＩＤＭ株式会社,北海道札幌市清田区平岡八条３丁目１１番１７号,2021-08-11,株式会社
ＩＲＥｃｏｍｍｕｎｉｃａｔｉｏｎ株式会社,富山県富山市水橋辻ヶ堂６１０番地８,2021-08-11,株式会社
ＪＡＳＳ　ＪＡＰＡＮ株式会社,栃木県佐野市越名町２０６番地２,2021-08-11,株式会社
ＪＣＩ株式会社,大阪府大阪市北区梅田２丁目５番１３号桜橋第一ビル３０４号,2021-08-11,株式会社
ＪＩＡ　Ａｖｉａｔｉｏｎ　Ｆｉｎａｎｃｅ合同会社,東京都千代田区霞が関３丁目２番１号,2021-08-11,合同会社
ＪＯＣＡＶＩＯ株式会社,福岡県久留米市百年公園１番１号,2021-08-11,株式会社
Ｊａｐａｒｃａｎａ合同会社,愛媛県今治市波方町波方甲２０１０－２,2021-08-11,合同会社
Ｋ＆Ａ合同会社,東京都中野区新井３丁目３２番１号フォーブルコーナー２０２号室,2021-08-11,合同会社
Ｋａｊｉｂａ株式会社,埼玉県深谷市岡里９－１４,2021-08-11,株式会社
ＫｉｋｋＡ合同会社,愛知県名古屋市中川区中野新町４丁目２５番地の１,2021-08-11,合同会社
ＬＤＰ株式会社,東京都渋谷区広尾１丁目１番２２－１１１号,2021-08-11,株式会社
Ｍ＆Ｊコーポレーション合同会社,愛知県名古屋市港区七番町２丁目１１番地の１,2021-08-11,合同会社
Ｍ＆Ｍコーポレーション株式会社,埼玉県坂戸市三光町４９番地１４,2021-08-11,株式会社
ＭＩＣ保険株式会社,福岡県久留米市国分町１３１９番地１,2021-08-11,株式会社
ＭＪヘルスケア合同会社,東京都中央区日本橋１丁目４番１号日本橋一丁目ビルディング,2021-08-11,合同会社
ＭＬＣ株式会社,愛知県名古屋市中区栄３丁目２３番２４号,2021-08-11,株式会社
ＮＥＫＡＳＡＭ株式会社,兵庫県尼崎市額田町８番３号,2021-08-11,株式会社
ＯＮＥ株式会社,大阪府大阪市西区南堀江１丁目２１－１２メゾンナカムラ２０１号室,2021-08-11,株式会社
ＯＹＡＲＡ　ＷＩＪＥＫＯＯＮ株式会社,静岡県掛川市西大渕６９６番地の７,2021-08-11,株式会社
Ｏｆｆｉｃｅ－５２合同会社,東京都板橋区小茂根１丁目１７番１２－１０１号コスモ小竹向原アーバンフォルム,2021-08-11,合同会社
Ｏｖｅｒｌａｐ株式会社,福井県福井市御幸３丁目３番３５号３階,2021-08-11,株式会社
ＰＱ　Ｓａｌｅｓ　Ｓｅｒｖｉｃｅ　ＬＬＣ,東京都中央区日本橋室町４丁目３番９号,2021-08-11,外国会社等
Ｐｒｉｍａｖｅｒａ株式会社,広島県福山市引野町北４丁目１７番９号,2021-08-11,株式会社
Ｒ－ＢＲＡＮＤ株式会社,東京都中央区日本橋蛎殻町１丁目１７番２－６１０号,2021-08-11,株式会社
Ｒｅ．Ｒａｉｓｅ株式会社,埼玉県吉川市栄町７６３－３,2021-08-11,株式会社
ＳＣＨＯＬＥ株式会社,東京都新宿区西早稲田１丁目２２番３号,2021-08-11,株式会社
ＳＬＡＣＫＥＲ　ＡＰＰＳ株式会社,東京都中野区新井１丁目１２番１２号モデリアカラーズ中野Ａ－１,2021-08-11,株式会社
ＳＱ　ＴＡＭ　ＨＯＡ株式会社,東京都荒川区東日暮里６丁目２２番５号大和マンション１０５,2021-08-11,株式会社
Ｓｔｙｌｅ１８株式会社,東京都台東区元浅草１丁目２０番９－３０１号,2021-08-11,株式会社
Ｔ－ＡＣＴ２１コーポレーション株式会社,千葉県富里市七栄２８４－１０,2021-08-11,株式会社
Ｔ２ｄｅｓｉｇｎ株式会社,兵庫県西宮市津田町２番２６号ディオ西宮Ｇ,2021-08-11,株式会社
ＴＥＮＥＴ株式会社,東京都港区新橋１丁目１８番２１号,2021-08-11,株式会社
ＴＫホールディングス株式会社,新潟県新潟市中央区女池２丁目２番２５号,2021-08-11,株式会社
ＴＫマテリアル株式会社,岡山県備前市伊部２１２９番地１,2021-08-11,株式会社
ＴＯＣ株式会社,京都府京都市上京区河原町通丸太町上る出水町２５２番地,2021-08-11,株式会社
ＴＯＫＹＯ　ＡＣＥ　ＣＬＩＮＩＣ株式会社,東京都渋谷区宇田川町１９番５号山手マンション８０４号室,2021-08-11,株式会社
Ｔｈｅ　ｃｈｅｒｒｙ　ｂｌｏｓｓｏｍｓ株式会社,沖縄県島尻郡南風原町字本部１４５番地４,2021-08-11,株式会社
ＶＩＮＥＥ合同会社,福岡県福岡市中央区高砂２丁目１６番２８－６０３号シティパレス平尾駅前ＰＡＲＴ－Ⅰ,2021-08-11,合同会社
ＷＥＬＬ合同会社,東京都港区芝浦４丁目２２番１－１４２２号,2021-08-11,合同会社
ＷＩＮＧＬＯＢＡＬ株式会社,大阪府大阪市生野区巽中３丁目１１番４号,2021-08-11,株式会社
ＹＡ合同会社,東京都杉並区下井草１丁目１５番１１号サンフラワー２０３,2021-08-11,合同会社
ＹＯＵＳＡＦ　ＩＮＴＥＲＮＡＴＩＯＮＡＬ合同会社,茨城県坂東市上出島２７番２２,2021-08-11,合同会社
ＹＵＮＩＫＡ　ＴＲＡＤＥ合同会社,埼玉県さいたま市中央区下落合３丁目１９番地１３ファインコーポユキ１０１号室,2021-08-11,合同会社
ＹＵＲＩＣＡ株式会社,愛知県名古屋市守山区廿軒家１３－３０,2021-08-11,株式会社
ａｒｔｅｌｉｂｒｅ合同会社,千葉県市川市鬼越２丁目２－１２,2021-08-11,合同会社
ｃｏｏｋ　ｉｎｋ株式会社,福岡県北九州市八幡西区木屋瀬１丁目２５番３６号,2021-08-11,株式会社
ｄａｉ合同会社,東京都新宿区西新宿１丁目２６番２号新宿野村ビル３２階,2021-08-11,合同会社
ｆｅｐｐｉｎｅｓｓ株式会社,福岡県糸島市二丈深江６０２番地２９,2021-08-11,株式会社
けんこうライフラボ合同会社,東京都港区白金３丁目１番１３号日恵ビル２階,2021-08-12,合同会社
こまちソフトウェア株式会社,秋田県秋田市東通仲町４番１号,2021-08-12,株式会社
はなさき税理士法人,東京都千代田区三崎町三丁目５番９号,2021-08-12,その他の設立登記法人
みんなの会計ビジネスサポート株式会社,大阪府大阪市北区堂山町１８番３号,2021-08-12,株式会社
アイベックスカード株式会社,東京都渋谷区渋谷３丁目１７番４号山口ビル３Ｆ,2021-08-12,株式会社
アカウンティングソリューションズ合同会社,長野県松本市大手１丁目３番２８号神山ビル３０２,2021-08-12,合同会社
アスターアクイジション合同会社２３,東京都千代田区丸の内３丁目１番１号東京共同会計事務所内,2021-08-12,合同会社
アスターアクイジション合同会社２５,東京都千代田区丸の内３丁目１番１号東京共同会計事務所内,2021-08-12,合同会社
アスターアクイジション合同会社２７,東京都千代田区丸の内３丁目１番１号東京共同会計事務所内,2021-08-12,合同会社
アスターアクイジション合同会社２８,東京都千代田区丸の内３丁目１番１号東京共同会計事務所内,2021-08-12,合同会社
アスターアクイジション合同会社２９,東京都千代田区丸の内３丁目１番１号東京共同会計事務所内,2021-08-12,合同会社
アスターアクイジション合同会社３０,東京都千代田区丸の内３丁目１番１号東京共同会計事務所内,2021-08-12,合同会社
アスターアクイジション合同会社３１,東京都千代田区丸の内３丁目１番１号東京共同会計事務所内,2021-08-12,合同会社
アスターアクイジション合同会社３５,東京都千代田区丸の内３丁目１番１号東京共同会計事務所内,2021-08-12,合同会社
アスターアクイジション合同会社３６,東京都千代田区丸の内３丁目１番１号東京共同会計事務所内,2021-08-12,合同会社
アスターアクイジション合同会社３７,東京都千代田区丸の内３丁目１番１号東京共同会計事務所内,2021-08-12,合同会社
アスターアクイジション合同会社３８,東京都千代田区丸の内３丁目１番１号東京共同会計事務所内,2021-08-12,合同会社
アスタービッド合同会社,東京都千代田区丸の内３丁目１番１号東京共同会計事務所内,2021-08-12,合同会社
アトムコンサルティング株式会社,東京都武蔵野市吉祥寺北町４丁目１番２４－Ａ２０５号,2021-08-12,株式会社
アルファシステムプロダクト株式会社,石川県金沢市駅西新町３丁目４番７号,2021-08-12,株式会社
エクシアス・テクノロジー合同会社,北海道札幌市白石区本郷通１丁目南３－２３－１０２,2021-08-12,合同会社
エマアンドローニー株式会社,東京都北区西ケ原３丁目１２番２０号,2021-08-12,株式会社
エメラルド合同会社,静岡県静岡市駿河区馬渕４丁目１２番１４－２号,2021-08-12,合同会社
エンターテイメント健康保険組合,東京都中央区日本橋箱崎町３－１２　５セントラルビル５０１,2021-08-12,その他
オーシャンアゲイン株式会社,神奈川県横須賀市長井町五丁目２６番２４号,2021-08-12,株式会社
キワシルバーサービス株式会社,和歌山県紀の川市北長田３６番地の１,2021-08-12,株式会社
グラシス株式会社,宮城県仙台市青葉区錦ケ丘８丁目２２番地の１５,2021-08-12,株式会社
ケイモンドセレクション株式会社,福島県いわき市泉玉露２丁目１番地の１４,2021-08-12,株式会社
ケイ・グラウンド・エンジニアリング・サポート株式会社,大阪府大阪市淀川区宮原１丁目１５番１号ノスクマードビル内,2021-08-12,株式会社
サイバーメトリック合同会社,東京都千代田区丸の内２丁目３番２号,2021-08-12,合同会社
ジー・ジェイ・レジデンス・ファイブ特定目的会社,東京都港区虎ノ門４丁目３番１号城山トラストタワー２７階ＳａｎｎｅＧｒｏｕｐＪａｐａｎ株式会社内,2021-08-12,その他の設立登記法人
スカイクレイン合同会社,東京都品川区荏原４丁目１２－１９アーバイル武蔵小山３０２,2021-08-12,合同会社
スターライツグループ合同会社,東京都港区東麻布３丁目５番１５号瀬里奈３１１,2021-08-12,合同会社
ダニー砂田プロダクション株式会社,東京都港区新橋６丁目１８番２４号ＣａｓａＳｐｌｅｎｄｉｄｏＴｏｒａｎｏｍｏｎＥｓｔ１２０４,2021-08-12,株式会社
ツリーマインド株式会社,東京都渋谷区代々木１丁目５７番２－９０５号,2021-08-12,株式会社
テクニカルトータルパートナーズ株式会社,神奈川県横浜市鶴見区栄町通２丁目１３番地４,2021-08-12,株式会社
バーチャル・エイベックス株式会社,東京都港区南青山３丁目１番３０号,2021-08-12,株式会社
ファミリア株式会社,茨城県つくば市学園の森１丁目２５番地７,2021-08-12,株式会社
ファミールヴィラ強羅六番館管理組合法人,神奈川県足柄下郡箱根町強羅１３２０番地７１３,2021-08-12,その他の設立登記法人
フューチャーアート株式会社,東京都渋谷区桜丘町２６番１号セルリアンタワー１５階,2021-08-12,株式会社
ブレインベース合同会社,東京都豊島区高松３丁目４番６号グランシティ千川４０３号,2021-08-12,合同会社
ペットモール株式会社,兵庫県芦屋市平田北町１番３号,2021-08-12,株式会社
ペルカサジャパン株式会社,東京都豊島区南大塚３丁目３４番７号ミモザビル３階,2021-08-12,株式会社
ホエールカスタムズ合同会社,静岡県静岡市葵区安倍口新田５７８－１Ｂ－３,2021-08-12,合同会社
メディトラスト合同会社,東京都中央区日本橋兜町１７－２兜町第６葉山ビル４Ｆ,2021-08-12,合同会社
ユニバーサルプロダクツ合同会社,福岡県福岡市博多区博多駅前４丁目１８番１９号,2021-08-12,合同会社
ユーサイトウ株式会社,北海道虻田郡京極町字川西３３０番地３２２,2021-08-12,株式会社
ライフイノベーション株式会社,神奈川県藤沢市石川１丁目１５－４,2021-08-12,株式会社
リルメディカルサービス株式会社,東京都港区新橋５丁目６番４号トゥシェ新橋３０３,2021-08-12,株式会社
リントンズジャパン株式会社,大阪府大阪市中央区北久宝寺町２丁目１番１１号アライアンス船場１２０１,2021-08-12,株式会社
ルイーダ株式会社,東京都千代田区外神田３丁目１５番６号小暮末広ビル４階,2021-08-12,株式会社
ルクスエイジ株式会社,兵庫県尼崎市東園田町６丁目５５番地の２４,2021-08-12,株式会社
ルーツ合同会社,神奈川県横浜市磯子区栗木３丁目９番６号,2021-08-12,合同会社
ワイ・ツー株式会社,神奈川県横浜市神奈川区六角橋３丁目４番１６号,2021-08-12,株式会社
一般社団法人あしびな,東京都渋谷区宇田川町１６番８号渋谷センタービル３階,2021-08-12,その他の設立登記法人
一般社団法人みらいふ,神奈川県大和市中央林間５丁目６－１チャイルドシティＣ－１０３,2021-08-12,その他の設立登記法人
一般社団法人アシストリンク,宮崎県都城市都原町８１０２番地３,2021-08-12,その他の設立登記法人
一般社団法人アスノハウス,東京都墨田区錦糸４丁目１６番３－６１０号,2021-08-12,その他の設立登記法人
一般社団法人サスティナブルオキナワ,沖縄県中頭郡北中城村字渡口９８１番地,2021-08-12,その他の設立登記法人
一般社団法人フェリースプラス,沖縄県宜野湾市字宇地泊８５０番地,2021-08-12,その他の設立登記法人
一般社団法人マンスフェルト北里柴三郎研究会,熊本県熊本市中央区新町１丁目１０番４８号,2021-08-12,その他の設立登記法人
一般社団法人ユリウス,東京都港区虎ノ門３丁目２２番１０－２０１号,2021-08-12,その他の設立登記法人
一般社団法人共栄会,宮城県仙台市泉区泉中央１丁目１５番地の２,2021-08-12,その他の設立登記法人
一般社団法人北九州ネットワークス,福岡県北九州市小倉北区浅野３丁目８番１号,2021-08-12,その他の設立登記法人
一般社団法人晃樹会,滋賀県愛知郡愛荘町香之庄６８１,2021-08-12,その他の設立登記法人
一般社団法人海の森サンゴ再生プロジェクト,沖縄県中頭郡北中城村字仲順３３７番地１,2021-08-12,その他の設立登記法人
一般社団法人私的債務整理支援機構,福岡県北九州市小倉北区下富野１丁目７番３１号,2021-08-12,その他の設立登記法人
一般社団法人衛生防疫協会,東京都豊島区池袋４丁目３６番１７号ＡＳＳ第３ビル８階,2021-08-12,その他の設立登記法人
一般社団法人ＥＧＣ　Ｈｉｒｏｓｈｉｍａ,広島県広島市安佐南区緑井１丁目２８番４７号,2021-08-12,その他の設立登記法人
一般社団法人ＧＳＡ,福岡県福岡市博多区博多駅東２丁目５番１９号,2021-08-12,その他の設立登記法人
一般社団法人ＫＣＲ１,東京都中央区日本橋１丁目４番１号,2021-08-12,その他の設立登記法人
一般社団法人ＭＯＦ　ＭＵＳＥＵＭ　ＮＡＧＯＹＡ,愛知県名古屋市瑞穂区上山町２丁目２６番地の８,2021-08-12,その他の設立登記法人
一般社団法人ＴＳＵＮＡＧＯＯＤ,大阪府大阪市中央区久太郎町３丁目１番２７号船場大西ビル７階７０１号室,2021-08-12,その他の設立登記法人
一般社団法人Ｔｈｉｎｋ　Ｔｏｇｅｔｈｅｒ,福岡県福岡市早良区荒江３丁目３２番２３号,2021-08-12,その他の設立登記法人
一般財団法人セントケア奨学財団,東京都中央区京橋２丁目８番７号読売八重洲ビル,2021-08-12,その他の設立登記法人
一般財団法人日本精神医学研究センター,大阪府大阪市北区梅田１丁目１２番１７号,2021-08-12,その他の設立登記法人
三進ホールディングス株式会社,愛知県名古屋市天白区道明町６９番地,2021-08-12,株式会社
上板橋駅南口駅前東地区市街地再開発組合,東京都板橋区上板橋１丁目２３番９号,2021-08-12,その他
予防医療株式会社,東京都渋谷区道玄坂２丁目１６－８ビジネスヴィップ渋谷道玄坂坂本ビル１１階,2021-08-12,株式会社
佐藤八郎保険事務所合同会社,岐阜県大垣市三塚町１１１２番地１,2021-08-12,合同会社
信金開発株式会社,東京都杉並区下井草２丁目２９番６号,2021-08-12,株式会社
八百川株式会社,京都府京都市南区東九条宇賀辺町４８番地２,2021-08-12,株式会社
千葉北ロジスティック特定目的会社,東京都港区東新橋１丁目５番２号汐留シティセンター,2021-08-12,その他の設立登記法人
友菱技研株式会社,東京都葛飾区新小岩４丁目２８番１４号,2021-08-12,株式会社
司法書士法人いわて法務事務所,岩手県奥州市水沢字多賀８９番地１,2021-08-12,その他の設立登記法人
合同会社あづま企画,神奈川県厚木市上荻野字荒井谷１６０１番地３１,2021-08-12,合同会社
合同会社ただうち企画,奈良県奈良市小西町２４番地の１フラッツ小西４０１号,2021-08-12,合同会社
合同会社なないろ,愛知県名古屋市中区栄３丁目１１－１６,2021-08-12,合同会社
合同会社アイディエイト,岐阜県郡上市大和町剣８８番地２,2021-08-12,合同会社
合同会社アシスト,東京都港区赤坂６丁目１３－１９－９０７,2021-08-12,合同会社
合同会社アジアンフーズサービス,神奈川県川崎市多摩区栗谷２丁目７番２７号,2021-08-12,合同会社
合同会社エムシースクエア,神奈川県茅ヶ崎市室田２丁目３番５号,2021-08-12,合同会社
合同会社エルグロウ,東京都北区岩淵町３５－１４池田ハイツ１０１号室,2021-08-12,合同会社
合同会社カナリア会計,和歌山県和歌山市中７００番地５,2021-08-12,合同会社
合同会社カリー,東京都港区西新橋１丁目２番９号メンターキャピタル税理士法人内,2021-08-12,合同会社
合同会社キャリアデザインコンサルティング＆ラボ,東京都港区新橋５丁目２４番８号パークハビオ新橋６０１,2021-08-12,合同会社
合同会社クオンタムＣ,東京都港区高輪４丁目１０番３１号,2021-08-12,合同会社
合同会社クラフトエージェンシー,北海道札幌市東区北四十二条東６丁目２番２６－１０２号,2021-08-12,合同会社
合同会社クローバーたけた,大分県竹田市久住町大字仏原１５５８番地３,2021-08-12,合同会社
合同会社コンシリエーレ,東京都中央区銀座１丁目２２番１１号銀座大竹ビジデンス２階,2021-08-12,合同会社
合同会社シャイン,岩手県花巻市東十二丁目９－１９,2021-08-12,合同会社
合同会社ジャスタウェイ,山口県防府市大字江泊２０９２番地７,2021-08-12,合同会社
合同会社スタジオ木曜日,千葉県成田市所１３２２番地９,2021-08-12,合同会社
合同会社ソコカラ,奈良県磯城郡川西町大字結崎６７４－６酒井ビル１０３,2021-08-12,合同会社
合同会社ダイバーステイ,栃木県小山市城山町３丁目６番地２５号コワーキングスペースＳＥＫＥＮ内,2021-08-12,合同会社
合同会社ティー・ケー,愛知県名古屋市西区名駅２丁目２７番１５号,2021-08-12,合同会社
合同会社フルイ,愛知県西尾市矢曽根町上前田５９,2021-08-12,合同会社
合同会社ブレーンファームファクトリー,佐賀県佐賀市金立町大字千布１５５６番地,2021-08-12,合同会社
合同会社ペンギンさん,沖縄県島尻郡八重瀬町字友寄４１番地１泰原荘１０２,2021-08-12,合同会社
合同会社ミリフル,石川県金沢市彦三町１丁目２番１号アソルティ金沢彦三１Ｆ,2021-08-12,合同会社
合同会社メディパワメント,東京都世田谷区奥沢１丁目１１番１０号,2021-08-12,合同会社
合同会社モンサンミッシェル,岩手県盛岡市下鹿妻字辻屋敷７９,2021-08-12,合同会社
合同会社リクラウド１号,東京都千代田区丸の内２丁目２番１号,2021-08-12,合同会社
合同会社ルグラン,青森県むつ市柳町３丁目１３番２７号,2021-08-12,合同会社
合同会社ルミナーレミハス,神奈川県横浜市磯子区磯子５丁目５番２－８号,2021-08-12,合同会社
合同会社ローカルサポート,福島県西白河郡中島村大字川原田字原山３８番地１７,2021-08-12,合同会社
合同会社傾奇者,神奈川県川崎市幸区南加瀬４丁目２０番２９号パラッツォグリシーネ１０４,2021-08-12,合同会社
合同会社刀屋,東京都中央区湊３丁目８番１号リエトコートアルクスタワー５０１,2021-08-12,合同会社
合同会社厚木猿ヶ島,東京都渋谷区千駄ヶ谷４丁目２５番２号修養団ＳＹＤビル株式会社フジタ内,2021-08-12,合同会社
合同会社和光,神奈川県小田原市板橋７１８番地,2021-08-12,合同会社
合同会社徳重,鹿児島県日置市吹上町中原２８７９番地,2021-08-12,合同会社
合同会社德成,沖縄県那覇市字田原７６番地ハッピーファミール３０１,2021-08-12,合同会社
合同会社悠,東京都豊島区駒込７丁目１３－１３,2021-08-12,合同会社
合同会社慈悠舎,高知県高岡郡日高村岩目地６３９番地２,2021-08-12,合同会社
合同会社東天昇,神奈川県中郡大磯町高麗２丁目６番２号,2021-08-12,合同会社
合同会社神埼せふり野あいちゃん農園,佐賀県神埼市脊振町広滝９６７番地３,2021-08-12,合同会社
合同会社聖翔興産,大阪府交野市東倉治３丁目２番１号,2021-08-12,合同会社
合同会社草加爽風会,埼玉県草加市瀬崎３丁目３１－１４－１０１,2021-08-12,合同会社
合同会社金メダル,大阪府門真市野里町２９番４３号,2021-08-12,合同会社
合同会社阿部会計事務所,山形県山形市錦町三丁目２０番須藤ビル２０５,2021-08-12,合同会社
合同会社ＢＥＥＸ,千葉県習志野市藤崎２丁目３番２９号テーズボヌール１０５号,2021-08-12,合同会社
合同会社ＢＥＳＴ　ＷＩＳＤＯＭ,千葉県印西市東の原３丁目１番地６７,2021-08-12,合同会社
合同会社ＣＡＮＡＬ,北海道札幌市中央区北三条東５丁目３５７番地,2021-08-12,合同会社
合同会社ＣｒｅｓｔＣｒｅａｔｉｏｎｓ,埼玉県川口市栄町２丁目７番１５－２０３号,2021-08-12,合同会社
合同会社ＤＵＡＮＥ　Ｅｙｅ　Ｆａｃｅ　Ｂｏｄｙ,千葉県館山市南条２２０番地の１１,2021-08-12,合同会社
合同会社Ｄｅｅｐ　Ｆｌａｔ,沖縄県宮古島市平良字松原５２８番地９建創第九オアシス２０５,2021-08-12,合同会社
合同会社ＦＩＲＥ,鹿児島県奄美市名瀬朝仁町２番地６,2021-08-12,合同会社
合同会社ＩＷＴ＆Ｃｏ．,東京都港区南青山２丁目２番１５号,2021-08-12,合同会社
合同会社ＫＩＳＥＩ,和歌山県御坊市島３６０番地１８,2021-08-12,合同会社
合同会社ＬＥＶＩＡＮ,東京都千代田区外神田１丁目９番１１号,2021-08-12,合同会社
合同会社ＬＳＧ,神奈川県伊勢原市東大竹７１４番地の１９,2021-08-12,合同会社
合同会社Ｌｉｆｅ　ｔｉｍｅ,静岡県御殿場市二枚橋１１９番地の７シャングリラＢ３０１,2021-08-12,合同会社
合同会社Ｌｉｆｅｗｏｒｋｓ　Ｊａｐａｎ,東京都渋谷区広尾４丁目１番１３－２０４号,2021-08-12,合同会社
合同会社Ｌｕｃｋ　Ｉｓｌａｎｄ,東京都練馬区谷原５丁目４番地２５号,2021-08-12,合同会社
合同会社Ｎヤマ,兵庫県神戸市中央区花隈町３番３号メトロハイツ花隈７０３号,2021-08-12,合同会社
合同会社ＮｅｕＥｒＴ,神奈川県横浜市青葉区新石川４丁目２７番２０号,2021-08-12,合同会社
合同会社Ｓ．Ｔ．Ｎ．,沖縄県島尻郡八重瀬町字富盛５２６番地３,2021-08-12,合同会社
合同会社ＳＡＩ,神奈川県厚木市中町３丁目１１－９－４０２,2021-08-12,合同会社
合同会社ＳＫＹ,東京都杉並区阿佐谷北４丁目２４番１１号ＭＤＭ・ＡＳＡＧＡＹＡ４０２,2021-08-12,合同会社
合同会社ＳＴＥＬＬ　ＤＲＡＧＯＮ,愛知県津島市百町字新所６番地１,2021-08-12,合同会社
合同会社ＳｈｕｎＴｏｋｙｏ,東京都港区南青山３丁目１５番９号ＭＩＮＯＷＡ表参道３Ｆ,2021-08-12,合同会社
合同会社Ｓｏｃｉｉ,東京都千代田区富士見１丁目３－１１富士見デュープレックスＢ’ｓ４Ｆ,2021-08-12,合同会社
合同会社ＴｅａｍＭｘＫ,東京都渋谷区神宮前６丁目２３番４号桑野ビル２階,2021-08-12,合同会社
合同会社Ｔｏｍｏｅ,香川県高松市多肥上町２０２７番地１７,2021-08-12,合同会社
合同会社ＴｒｅｎｄＥＲＰ,東京都千代田区九段南１丁目５－６りそな九段ビル５ＦＫＳフロア,2021-08-12,合同会社
合同会社Ｖ－ＳＹＳＴＥＭ,神奈川県海老名市門沢橋３丁目２１番２２号,2021-08-12,合同会社
合同会社ａｋｕｓｈｕ,鹿児島県鹿児島市与次郎２丁目６番７－５０８号,2021-08-12,合同会社
合同会社ｇａｌｌｅｒｙＭａｉｎ,京都府京都市下京区下鱗形町５４３－２Ｆ,2021-08-12,合同会社
合同会社ｍｙｎｉｃｏ,千葉県習志野市津田沼７丁目４番１４号,2021-08-12,合同会社
合同会社ｏｌｉｖｅ,北海道江別市上江別東町２９番地の３６,2021-08-12,合同会社
合同会社ｐｏｐｏｎｏ,神奈川県厚木市緑ケ丘２丁目４番７号,2021-08-12,合同会社
合同会社ｓｏｌｌｕｘ,神奈川県川崎市高津区二子１丁目１７番１－３２２号,2021-08-12,合同会社
合資会社丸文,愛知県西尾市西幡豆町西前田２２番地,2021-08-12,合資会社
嗣業株式会社,山形県米沢市大字花沢３３１番地,2021-08-12,株式会社
国際興商事業協同組合,長崎県長崎市油屋町６番２６号,2021-08-12,その他の設立登記法人
多摩アビエーション株式会社,東京都羽村市羽東３丁目１２番２３号,2021-08-12,株式会社
大地と海のカンパネラＢｒｅｗｉｎｇ株式会社,宮城県東松島市矢本字大林５番地,2021-08-12,株式会社
大林金属株式会社,埼玉県川口市飯塚４丁目６－１９－１Ｆ,2021-08-12,株式会社
大樹商行合同会社,大阪府大阪市浪速区日本橋東１丁目１０番１４－１００１号,2021-08-12,合同会社
大蔵創芸株式会社,大阪府大阪市淀川区西宮原３丁目２番１－５１２号,2021-08-12,株式会社
大鷹Ｅｘｐｒｅｓｓ株式会社,大阪府大阪市北区天神橋１丁目１８番２７号,2021-08-12,株式会社
宇直株式会社,大阪府大阪市港区市岡元町２丁目６番１１号－３０５,2021-08-12,株式会社
岸谷事務所合同会社,神奈川県横浜市鶴見区岸谷１丁目１番２号,2021-08-12,合同会社
旭川フォークリフトサービス株式会社,北海道旭川市末広七条４丁目５３１５番地,2021-08-12,株式会社
昭和電工システムサービス株式会社,東京都港区芝大門１丁目１３番９号,2021-08-12,株式会社
普済堂東京株式会社,東京都目黒区鷹番３丁目１番５号グリーンアース１階,2021-08-12,株式会社
有限会社カトレア宝飾,神奈川県平塚市東八幡１丁目１０番２８号,2021-08-12,有限会社
有限会社クボタ,埼玉県所沢市西所沢１丁目１９番２１号,2021-08-12,有限会社
有限責任川崎市交通局職員住宅組合,神奈川県川崎市川崎区砂子１丁目５８番地川崎市交通局厚生会内,2021-08-12,その他の設立登記法人
東アジアリゾート開発株式会社,東京都中央区京橋２丁目８番１号,2021-08-12,株式会社
板東企画合同会社,北海道札幌市東区丘珠町４９９番地,2021-08-12,合同会社
株式会社いかるが,大阪府大阪市中央区谷町２丁目２番２２号ＮＳビル４階,2021-08-12,株式会社
株式会社いとうホーム,千葉県流山市江戸川台西１丁目２１５－２,2021-08-12,株式会社
株式会社うるう,大阪府大阪市西成区玉出西１丁目８番２２号ピノキオ,2021-08-12,株式会社
株式会社えこすぺーす,鹿児島県鹿児島市薬師１丁目２０番２５号,2021-08-12,株式会社
株式会社お茶の間ｏｃｈａｎｏｍａ,東京都大田区鵜の木２丁目４３－１７－１０１,2021-08-12,株式会社
株式会社きぼう人事労政研究所,神奈川県川崎市川崎区駅前本町１１番地２川崎フロンティアビル４階,2021-08-12,株式会社
株式会社さいとう,東京都世田谷区上馬２丁目１４番１号横溝ビル１階,2021-08-12,株式会社
株式会社たなかギフトセンター,愛知県豊橋市柱九番町３９番地２,2021-08-12,株式会社
株式会社にじのそら,神奈川県相模原市南区上鶴間本町２丁目３７番６号,2021-08-12,株式会社
株式会社にじゅうかのう,神奈川県川崎市麻生区百合丘３丁目４番地２７,2021-08-12,株式会社
株式会社はやぶさコーポレーション,兵庫県伊丹市西野６丁目２１番地,2021-08-12,株式会社
株式会社まがりや,福岡県宗像市東郷１丁目５番８号,2021-08-12,株式会社
株式会社よつ葉,千葉県千葉市若葉区みつわ台２丁目４番地１４号,2021-08-12,株式会社
株式会社アクエリアスインベスコ,東京都中央区日本橋茅場町３丁目２番２号ＥＫＫビル,2021-08-12,株式会社
株式会社アグリソリューション,沖縄県中頭郡中城村字北上原７７９番地,2021-08-12,株式会社
株式会社アドバンスホールディングス,大阪府四條畷市岡山１丁目１番１１号忍ケ丘駅前ビル２０２号,2021-08-12,株式会社
株式会社アネスト,神奈川県秦野市堀川２７番地の３２,2021-08-12,株式会社
株式会社アルマ,愛知県名古屋市千種区東山通１丁目１５番１号,2021-08-12,株式会社
株式会社アーバンビルド,大阪府大阪市東淀川区東中島１丁目１７番５号,2021-08-12,株式会社
株式会社イシイ,北海道札幌市北区新川西三条５丁目２番７号,2021-08-12,株式会社
株式会社イノベーション,沖縄県那覇市繁多川１丁目１８－３,2021-08-12,株式会社
株式会社インサイドセールスコンサルティング,東京都港区六本木３丁目１６番８－２０３号,2021-08-12,株式会社
株式会社ウインドスターク,埼玉県和光市白子３丁目２４番２－２０１号,2021-08-12,株式会社
株式会社エイト,愛知県名古屋市北区清水２丁目１－１１ジュネス清水８０１,2021-08-12,株式会社
株式会社エゴン,東京都世田谷区下馬５丁目３４－２６－８０６,2021-08-12,株式会社
株式会社エナジーシステムズ,香川県高松市兵庫町７番地１労住協第２５ビルテナント２０１,2021-08-12,株式会社
株式会社エヌ・ブレーン,福島県郡山市亀田１丁目２５番１５号レーブ泉Ⅲ１０３号,2021-08-12,株式会社
株式会社エフエントランス,宮城県仙台市太白区西中田３丁目１４番３号Ⅱ－１０３,2021-08-12,株式会社
株式会社エルテック,富山県富山市秋吉７９番地５,2021-08-12,株式会社
株式会社オネスティ,石川県金沢市増泉３丁目４番１１号,2021-08-12,株式会社
株式会社クラウディオサステナビリティ,東京都中央区銀座１丁目１６番７号,2021-08-12,株式会社
株式会社クリエイション,東京都板橋区舟渡１丁目１３番１０号アイ・タワー２Ｆ,2021-08-12,株式会社
株式会社クレアーレ北海道,北海道江別市工栄町２６番地の８,2021-08-12,株式会社
株式会社グローバルリンク,滋賀県大津市膳所１丁目９番１９号,2021-08-12,株式会社
株式会社コネクト,東京都港区赤坂１丁目１２－３２アーク森ビル２３階,2021-08-12,株式会社
株式会社コラム,東京都港区北青山２丁目７番２４号,2021-08-12,株式会社
株式会社サイバーコミュニケーションズ,千葉県習志野市津田沼２丁目１１番２４号津田沼ビル４０１号室,2021-08-12,株式会社
株式会社シビルクリエイト,福井県福井市花月２丁目６番１８号,2021-08-12,株式会社
株式会社ショールフラワー,東京都中央区勝どき６丁目３番２－１０２９号,2021-08-12,株式会社
株式会社シンカイ住建,福岡県北九州市小倉北区篠崎２丁目４６番６ヴィラージュ小倉５０６号,2021-08-12,株式会社
株式会社ステイシアホーム,大阪府東大阪市高井田元町２丁目９番１６号ＳＫＳビル３階,2021-08-12,株式会社
株式会社スマコン,大阪府四條畷市南野６丁目１０番１２号,2021-08-12,株式会社
株式会社スマートビジョン,北海道札幌市中央区南六条東１丁目２番地１イーストアヴェニュー３Ｆ,2021-08-12,株式会社
株式会社スリーマージ,沖縄県宮古島市下地字洲鎌５７９番地１９－２１０号室,2021-08-12,株式会社
株式会社タイム,福岡県福岡市中央区天神３丁目１番１３号,2021-08-12,株式会社
株式会社タクヤ設備,愛知県豊田市青木町３丁目１６０番地,2021-08-12,株式会社
株式会社テストン,東京都渋谷区広尾５丁目４番１２号４２６号室,2021-08-12,株式会社
株式会社テンキューブ,東京都世田谷区上馬２丁目２１番１４号ノゾミオプレミア三軒茶屋４０３,2021-08-12,株式会社
株式会社ディーケー,東京都中央区日本橋久松町１０番６号ＦＴ日本橋久松町ビル８階,2021-08-12,株式会社
株式会社データデザイン研究所,東京都新宿区西新宿３丁目５番１５－１３０３号,2021-08-12,株式会社
株式会社トラストヴィレッジ,大阪府枚方市西禁野２丁目２５番２号,2021-08-12,株式会社
株式会社トンキーファーム,神奈川県横浜市金沢区洲崎町２番１５号,2021-08-12,株式会社
株式会社ナチュラル,大阪府松原市天美東１丁目７番５号,2021-08-12,株式会社
株式会社ヒカリカッター,佐賀県鹿島市大字三河内甲２７４番地１,2021-08-12,株式会社
株式会社ファースト保険,佐賀県佐賀市本庄町大字本庄４番地１,2021-08-12,株式会社
株式会社フォーステック,福岡県大牟田市笹林町２丁目４番１２ー２号,2021-08-12,株式会社
株式会社フラワープロデュース・Ｋ,佐賀県西松浦郡有田町中の原１丁目３番５号,2021-08-12,株式会社
株式会社フロンティアグループ,大阪府大阪市北区芝田２丁目２番１３号,2021-08-12,株式会社
株式会社ブルーポピー,東京都豊島区東池袋１丁目２３番９号,2021-08-12,株式会社
株式会社プメハナ,福島県郡山市八山田西１丁目２２２番地,2021-08-12,株式会社
株式会社プランプラン,東京都渋谷区神宮前６丁目２３番４号２Ｆ,2021-08-12,株式会社
株式会社プリモワークス,大阪府大阪市平野区平野上町１丁目１１番１７号,2021-08-12,株式会社
株式会社ベスパ,兵庫県神戸市中央区栄町通２丁目４番１３号神栄ビル７０４号,2021-08-12,株式会社
株式会社ペッププランニング,神奈川県横浜市中区桜木町２丁目２番地,2021-08-12,株式会社
株式会社ペンシルイノベーションセントラル,福岡県福岡市中央区天神１丁目３番３８号５Ｆ,2021-08-12,株式会社
株式会社ホーライ,福岡県朝倉市堤１５５０番地７,2021-08-12,株式会社
株式会社マルトク,東京都文京区千駄木１丁目２２番２６－３０１号,2021-08-12,株式会社
株式会社マーケットフーズ,福島県双葉郡広野町大字下北迫字火の口２８番２,2021-08-12,株式会社
株式会社ミュージアムマン,東京都渋谷区恵比寿１丁目１９番１９号恵比寿ビジネスタワー１０Ｆ,2021-08-12,株式会社
株式会社ヤマト,東京都葛飾区柴又４丁目８番６号,2021-08-12,株式会社
株式会社ユウキ内装,石川県河北郡内灘町字向陽台１丁目１２８番地２,2021-08-12,株式会社
株式会社ヨモカ,東京都千代田区神田須田町２丁目２３番１－６０１号,2021-08-12,株式会社
株式会社ライフセンタービブロス堂,沖縄県那覇市曙３丁目６番２４号,2021-08-12,株式会社
株式会社リアルエステート住,徳島県徳島市新町橋１丁目５井上ビル１Ｆ,2021-08-12,株式会社
株式会社リビットミー,東京都港区芝大門２丁目２番１号,2021-08-12,株式会社
株式会社ロッカ,東京都渋谷区神南１丁目１２番１４号渋谷宮田ビル７１０号室,2021-08-12,株式会社
株式会社ワイケイ会計コンサルティング,東京都港区新橋６丁目５番４－９１１号,2021-08-12,株式会社
株式会社ワイズコミュニケーション,東京都豊島区東池袋１丁目３２番７号大樹生命池袋ビル７階,2021-08-12,株式会社
株式会社ワイネット,京都府京都市北区西賀茂水垣町２５番地,2021-08-12,株式会社
株式会社ワンエイト,大阪府堺市東区菩提町３丁３１番地６２,2021-08-12,株式会社
株式会社ワンライフ,大阪府枚方市楠葉並木１丁目３７番２４号美倉ビル２Ｆ,2021-08-12,株式会社
株式会社ヴェール,福島県南相馬市原町区栄町２丁目３４番地,2021-08-12,株式会社
株式会社九州スパ,大分県別府市大字鶴見１５００番地３５２,2021-08-12,株式会社
株式会社五感ぷらす,山口県下関市大字豊浦町黒井１８２９,2021-08-12,株式会社
株式会社今貴,北海道石狩市花川南八条４丁目４４０番地,2021-08-12,株式会社
株式会社佐々花不動産,岩手県盛岡市上飯岡２０地割７９番地,2021-08-12,株式会社
株式会社保田商店,大阪府大阪市平野区長吉六反２丁目６番３６号,2021-08-12,株式会社
株式会社光栄,北海道室蘭市母恋北町２丁目１番４号,2021-08-12,株式会社
株式会社八金笑天,高知県高知市浦戸５９番地３,2021-08-12,株式会社
株式会社別荘研究所,東京都中央区銀座６丁目１０番１号ＧＩＮＺＡＳＩＸ,2021-08-12,株式会社
株式会社利他,大阪府大阪市西区西本町１丁目４番地１号４階ｆａｂｂｉｔＧＧＯｓａｋａＨｏｎｍａｃｈｉ内,2021-08-12,株式会社
株式会社南海堂,大阪府枚方市岡山手町１１番９８－５０８号,2021-08-12,株式会社
株式会社南風リゾート開発,東京都港区南青山７丁目１０番３号,2021-08-12,株式会社
株式会社古酒の舎,東京都千代田区大手町２丁目６番２号,2021-08-12,株式会社
株式会社大塚造園,埼玉県新座市石神２丁目１１番１２号,2021-08-12,株式会社
株式会社大宇,東京都中央区日本橋蛎殻町１丁目３６番９－１３０２号,2021-08-12,株式会社
株式会社大谷,大阪府大阪市西成区千本北２丁目２９番１２号白崎店舗Ｃ号,2021-08-12,株式会社
株式会社宮古魂,沖縄県宮古島市平良字下里５６２番地１．３－Ａ,2021-08-12,株式会社
株式会社小島ホールディングス,東京都千代田区内幸町１丁目３番３号内幸町ダイビル,2021-08-12,株式会社
株式会社小沢石油店,茨城県つくば市北条１４７番地,2021-08-12,株式会社
株式会社山本自動車鈑金,富山県高岡市野村１６８２番地１,2021-08-12,株式会社
株式会社峰陽,大阪府大阪市東淀川区西淡路１丁目１－９ビジネス新大阪２２７室,2021-08-12,株式会社
株式会社志成ＮＥＸＴ,東京都渋谷区恵比寿西１丁目３番２号恵比寿テラスビル１－Ｂ,2021-08-12,株式会社
株式会社日本ルミナス・ビー,大阪府大阪市淀川区宮原４丁目５番３６号ＯＮＥＳＴ新大阪スクエア２Ｆ,2021-08-12,株式会社
株式会社栄壽産業,東京都港区台場１丁目１番１号,2021-08-12,株式会社
株式会社森谷真空,神奈川県藤沢市菖蒲沢６８番地,2021-08-12,株式会社
株式会社樹外構,埼玉県桶川市大字川田谷１９６１番地の６,2021-08-12,株式会社
株式会社盛榮産業,東京都足立区梅島１丁目２８番６号,2021-08-12,株式会社
株式会社福いち,茨城県桜川市真壁町上小幡５９４番地１,2021-08-12,株式会社
株式会社空島,兵庫県神戸市灘区灘北通１０丁目２番３－２１０６号,2021-08-12,株式会社
株式会社継家,佐賀県小城市三日月町久米６９２番地１,2021-08-12,株式会社
株式会社菫エステート,東京都文京区本駒込６丁目５番１４－２０５号,2021-08-12,株式会社
株式会社蒼天,沖縄県うるま市字川崎２３２番地７,2021-08-12,株式会社
株式会社薩真建装,兵庫県加古川市西神吉町鼎１４９－２,2021-08-12,株式会社
株式会社藤花,大分県日田市本庄町２番８号,2021-08-12,株式会社
株式会社譜久島組,沖縄県豊見城市字嘉数２２番地３,2021-08-12,株式会社
株式会社足立チャイルド社,東京都足立区江北２丁目４０番５号,2021-08-12,株式会社
株式会社農情人,千葉県船橋市飯山満町３丁目１５２０－６ライオンズガーデン薬園台６１１号室,2021-08-12,株式会社
株式会社関企画,東京都新宿区山吹町３３４キヤビル３Ｆ,2021-08-12,株式会社
株式会社響灘社,大阪府大阪市住吉区杉本２丁目１３番３号,2021-08-12,株式会社
株式会社高徳,大阪府枚方市堂山１丁目１３番６号,2021-08-12,株式会社
株式会社高良内装コーポレーション,沖縄県石垣市字新川２４２６番地４,2021-08-12,株式会社
株式会社５０’ｓ,佐賀県武雄市北方町志久３２７１番地１,2021-08-12,株式会社
株式会社８８,大阪府大阪市西成区津守３丁目５番４３号,2021-08-12,株式会社
株式会社ＡＹ電工,神奈川県川崎市高津区東野川１丁目１８番１６号,2021-08-12,株式会社
株式会社Ａｌｍａｘｉａ,愛知県春日井市味美白山町２丁目９番地２６,2021-08-12,株式会社
株式会社ＢＵ,愛知県名古屋市瑞穂区内方町１丁目８番地の４,2021-08-12,株式会社
株式会社ＢａＬ,東京都新宿区北新宿１丁目１番１６号ＪＳビル３０１,2021-08-12,株式会社
株式会社Ｂｅｒｒｙ,東京都渋谷区神南１丁目１２番１４号,2021-08-12,株式会社
株式会社Ｃо－ＮＮＥＣＴ,大阪府交野市星田北１丁目３５番７号,2021-08-12,株式会社
株式会社Ｃ．Ｔ．Ｄ,東京都豊島区長崎４丁目３４番９号カーサＫ２０３号,2021-08-12,株式会社
株式会社ＣＨＡＮＣＥ,大阪府大阪市浪速区桜川４丁目３番２６－９０３号,2021-08-12,株式会社
株式会社ＣＨＩＬＡＳＳＯ　ＣＯＭＰＡＮＹ　ＪＡＰＡＮ,長野県諏訪市大字中洲三ツ俣５６８５番地１,2021-08-12,株式会社
株式会社Ｃａｒａ,埼玉県草加市氷川町２１５２番地１クレドール草加１０２号,2021-08-12,株式会社
株式会社Ｃｌｏｕｄ　Ｅｑｕｉｔｙ,大阪府大阪市中央区難波５丁目１番６０号なんばスカイオ２００５号室,2021-08-12,株式会社
株式会社Ｄｅｌｉｇｈｔ,福岡県福岡市早良区西新３丁目２番８号,2021-08-12,株式会社
株式会社Ｄｏｍａｎｉ,大阪府枚方市楠葉並木２丁目４番１８号,2021-08-12,株式会社
株式会社ＥＳＧコンサルティング,大阪府大阪市北区芝田１丁目１番４号,2021-08-12,株式会社
株式会社ＥＳＳＥＮＣＥ,神奈川県横浜市保土ケ谷区川辺町５番地２サーパス横浜星川２０２号,2021-08-12,株式会社
株式会社ＦＭＤ,千葉県船橋市湊町２丁目１１番３号ＡＳ湊町ビル４０１号室,2021-08-12,株式会社
株式会社Ｆａｎａｃｈｉｉ,大阪府大阪市淀川区十三東１丁目１１番１５,2021-08-12,株式会社
株式会社ＦｉＶＥＬＬ,新潟県長岡市江陽１丁目１－３７、１Ｆ,2021-08-12,株式会社
株式会社Ｆｌｏｗｅｒ,東京都台東区下谷２丁目１３－９,2021-08-12,株式会社
株式会社Ｇ－ｓｔｅｐ,佐賀県神埼市神埼町城原５６７番地１,2021-08-12,株式会社
株式会社ＧＣＭ,東京都新宿区新宿２丁目３番１１号ＶＯＲＴ新宿御苑３階,2021-08-12,株式会社
株式会社ＧＥＡＲ,茨城県古河市茶屋新田２６６番地２７,2021-08-12,株式会社
株式会社ＧＬＯＷ　ＦＬＡＧ,北海道札幌市西区発寒五条６丁目１番１０－４０２号,2021-08-12,株式会社
株式会社ＧＯＬＦ　ＢＯＸ,神奈川県横浜市都筑区中川中央１丁目２２番６号－１０１号,2021-08-12,株式会社
株式会社ＨＡＣＣＯＮＡ,東京都渋谷区恵比寿西１丁目８番２号ウエストパレスビル４０７,2021-08-12,株式会社
株式会社ＨＡＬＥＴＡＳ,東京都中央区日本橋兜町５－１兜町第一平和ビル３Ｆ,2021-08-12,株式会社
株式会社ＨＣドリームカンパニー,滋賀県大津市別保２丁目８番３２号,2021-08-12,株式会社
株式会社ＨＫ　ＳＯＵＬ,大阪府大阪市福島区玉川１丁目５番３－１３０３号,2021-08-12,株式会社
株式会社ＨＮＹ,大阪府大阪市西区南堀江４丁目２４－１０－２１２,2021-08-12,株式会社
株式会社Ｈａｍａｎｄａ　Ｄａｉｒｙ　Ｆａｒｍ,佐賀県東松浦郡玄海町大字平尾２番地６,2021-08-12,株式会社
株式会社ＩＧＡＫＥＮ,兵庫県神戸市西区伊川谷町有瀬１１５０－２,2021-08-12,株式会社
株式会社ＩＺＺＡＣ,熊本県熊本市東区戸島西１丁目２９番３３号,2021-08-12,株式会社
株式会社Ｉｃｈｉｅｉ,広島県広島市西区南観音３丁目１番４号,2021-08-12,株式会社
株式会社ＪＡＲＡ,奈良県天理市田井庄町１１７番地５ル・ヴィラージュ１１７、２０１号,2021-08-12,株式会社
株式会社ＪＳ　Ｉｎｔｅｒｎａｔｉｏｎａｌ,神奈川県相模原市中央区田名７０７３番地３上溝マンション１－２０３,2021-08-12,株式会社
株式会社ＪＳＫ　Ｍａｉｎｔｅｎａｎｃｅ,福岡県北九州市小倉北区霧ケ丘２丁目２５番３０－１００７号,2021-08-12,株式会社
株式会社ＪＴイノベーション,愛知県北名古屋市高田寺屋敷３３１番地１,2021-08-12,株式会社
株式会社Ｊａｓｙ　Ａｎｇｅｌ,東京都港区虎ノ門１丁目２３－２－４６１０,2021-08-12,株式会社
株式会社ＫＡＴＳＵ建装,東京都練馬区西大泉３丁目３０番１２－３０３号,2021-08-12,株式会社
株式会社ＫＩＧ愛媛,愛媛県松山市和泉北１丁目７番１０号,2021-08-12,株式会社
株式会社Ｋｕｎｉｍａｓｕ,東京都港区浜松町２丁目２番１５号浜松町ダイヤビル２Ｆ,2021-08-12,株式会社
株式会社Ｌａｎｃｅ,北海道札幌市白石区北郷二条３丁目２番１０号,2021-08-12,株式会社
株式会社Ｌｅｏｌｉａ,東京都台東区浅草橋１丁目２５－１第一ＮＳビル４Ｆ,2021-08-12,株式会社
株式会社ＬｕｃｋＴｒｅｅ,東京都渋谷区渋谷２丁目７番１４号ＶＯＲＴＡＯＹＡＭＡ３０２,2021-08-12,株式会社
株式会社Ｍ’ｓ　Ｃｒｅｗ,宮城県富谷市明石台７丁目２６番地４,2021-08-12,株式会社
株式会社Ｍ２Ｆ,東京都新宿区新宿６丁目２－４,2021-08-12,株式会社
株式会社ＭＡＲＫＥＴＩＡ,大阪府大阪市西区西本町１丁目９番１４号コーリング本町４Ｆ,2021-08-12,株式会社
株式会社ＭＡＲＵ　ＰＯＷＥＲ,栃木県宇都宮市西大寛２丁目５番４号,2021-08-12,株式会社
株式会社Ｍａｒｓ　Ｈｉｔ,大阪府大阪市中央区南船場４丁目１２番９号３０２号室,2021-08-12,株式会社
株式会社Ｍａｘｉｓ,群馬県高崎市江木町１３３４番地１０,2021-08-12,株式会社
株式会社Ｍｉｉｔｓ,大阪府東大阪市稲田上町２丁目８番３１号,2021-08-12,株式会社
株式会社ＮＡＯ,東京都新宿区百人町２丁目２５番１３－３０９号,2021-08-12,株式会社
株式会社ＮＥＸＴ,茨城県古河市上片田８３９－７,2021-08-12,株式会社
株式会社ＮＯＡ,神奈川県藤沢市片瀬海岸２丁目８番７～２０１号,2021-08-12,株式会社
株式会社Ｎｅｗｗｉｎｇ,沖縄県沖縄市山内１丁目１０－３Ｓｔｏｎｅ　Ｒｉｖｅｒ２Ｆ,2021-08-12,株式会社
株式会社ＯＦＦＢＥＡＴ,福岡県福岡市中央区春吉２丁目１０番１１－１４０１号,2021-08-12,株式会社
株式会社ＯＪＫ,山形県鶴岡市大東町６番５０号,2021-08-12,株式会社
株式会社ＯＵＴＬＩＥＲ,東京都渋谷区桜丘町２３番１７号シティコート桜丘４０８,2021-08-12,株式会社
株式会社ＰＬＡＳＩＳ,茨城県稲敷郡阿見町大字荒川本郷８７２番地１,2021-08-12,株式会社
株式会社ＰＳＧ,大阪府大阪市北区梅田２丁目５番１３号,2021-08-12,株式会社
株式会社Ｐｉｖｏｔ,東京都新宿区中落合３丁目３番５号,2021-08-12,株式会社
株式会社Ｐｒｅｍｉｕｍｓ　Ｈａｒｍｏｎｙ,東京都墨田区押上１丁目１－２東京スカイツリータウン・ソラマチ３１Ｆ,2021-08-12,株式会社
株式会社ＲＡＸＩＲ,東京都渋谷区神宮前６丁目２３番４号桑野ビル２階,2021-08-12,株式会社
株式会社ＲＥＭＡＩＮ,奈良県生駒市軽井沢町１番４１－１号,2021-08-12,株式会社
株式会社ＲＯＪ　ＪＡＰＡＮ,東京都杉並区井草２丁目７番１４号ガーデンハウス東山２０５,2021-08-12,株式会社
株式会社ＲＯＮ,東京都港区六本木７丁目１４番７号萩原ビル６階,2021-08-12,株式会社
株式会社Ｓ＆Ｗ,東京都目黒区大橋２丁目２３番２０号,2021-08-12,株式会社
株式会社ＳＫリアルティ,大阪府岸和田市荒木町１丁目１１番１１－１０５号,2021-08-12,株式会社
株式会社ＳＯＬＩＧＨＴ,大阪府阪南市尾崎町１０５番地の５,2021-08-12,株式会社
株式会社ＳＲＡ,沖縄県豊見城市字高安５９６－２－３０２,2021-08-12,株式会社
株式会社ＳＴ．Ｗ,沖縄県島尻郡八重瀬町字後原５９番地３,2021-08-12,株式会社
株式会社ＳＵＥＨＩＲＯＧＡＲＩ,茨城県神栖市太田３４２３番地１１,2021-08-12,株式会社
株式会社ＳＹＣ　ＰＲＯＪＥＣＴ,大阪府大阪市中央区南船場４丁目１２－９クレスト心斎橋４０２,2021-08-12,株式会社
株式会社Ｓｈｉｒａｋｏｙａ,埼玉県上尾市上町２丁目５番３０号レーベン上尾ＧＲＡＮＭＡＪＥＳＴＡ１１０６,2021-08-12,株式会社
株式会社ＳｉＭＰＬＥＳＳ　ＰＬＵＳ,東京都港区南青山２丁目１４番１４号Ｆｒｏｍ１ｓｔＭｉｎａｍｉＡｏｙａｍａ１０３,2021-08-12,株式会社
株式会社Ｓｙｍｂｏｌ,神奈川県横浜市瀬谷区卸本町９２７９番地２７,2021-08-12,株式会社
株式会社Ｓｙｓｔｅｍ屋,東京都港区南青山２丁目２－１５ＷＩＮ青山５３１,2021-08-12,株式会社
株式会社Ｔ’ｓＡｕｔｏ,岡山県倉敷市玉島道越４８９番地４,2021-08-12,株式会社
株式会社ＴＡＫＵＯ　ＨＡＹＡＳＨＩ,東京都中央区銀座１丁目１６番７号銀座大栄ビル５階,2021-08-12,株式会社
株式会社ＴＡＲＧＥＴ　ａｍａｍｉ,鹿児島県大島郡瀬戸内町大字古仁屋字船津３１,2021-08-12,株式会社
株式会社ＴＭ電工,佐賀県唐津市山本１５３５番地２,2021-08-12,株式会社
株式会社ＴＳ１,東京都港区浜松町２丁目２番１５号浜松町ダイヤビル２Ｆ,2021-08-12,株式会社
株式会社Ｔｈｉａｍ,富山県富山市大手町４番１６号,2021-08-12,株式会社
株式会社ＵＮＩＯＮ,広島県安芸郡海田町南堀川町３番２６－３０１号,2021-08-12,株式会社
株式会社ＵＮＩＸＩＡ,東京都新宿区大久保１丁目２－１９－１１０１,2021-08-12,株式会社
株式会社Ｕｎｉｑｕｅ,神奈川県横浜市中区初音町３丁目６３－３ＢＣＩＴＹＹＯＫＯＨＡＭＡＳＴＡＴＩＯＮＳＱＵＡＲＥ・Ｂ１階,2021-08-12,株式会社
株式会社Ｗｉｔｈ　Ｆａｒｍ,千葉県いすみ市須賀谷２８５７番地１,2021-08-12,株式会社
株式会社ＺＥＡＲ　ｉｎｎｏｖａｔｉｏｎ,沖縄県中頭郡中城村字南上原２０９－２ヴィラ南上原２Ｆ,2021-08-12,株式会社
株式会社ＺＥＮエンジニアリング,佐賀県唐津市浜玉町浜崎９３２,2021-08-12,株式会社
株式会社ＺＥＲＯクリエイト,大阪府大阪市北区天神橋６丁目４番１１号Ｓ＆Ｙビル４０１号室,2021-08-12,株式会社
株式会社ＺｏＸ,東京都目黒区下目黒３丁目４番２号,2021-08-12,株式会社
株式会社ｅ‐Ｃｒａｆｔ,東京都渋谷区代官山町９番１０号,2021-08-12,株式会社
株式会社ｅｕｆｏｒｉａｎ,東京都港区南青山２丁目２－１５,2021-08-12,株式会社
株式会社ｇｒｉｍｍ,富山県富山市大手町４番１６号,2021-08-12,株式会社
株式会社ｉｄｅａｌ,東京都渋谷区神宮前６丁目２３番４号桑野ビル２階,2021-08-12,株式会社
株式会社ｍ．ｒ,神奈川県横浜市金沢区瀬戸三丁目５４番地泉ビル１Ｆ,2021-08-12,株式会社
株式会社ｍｉｒａｉａ,東京都新宿区赤城下町４５ＫＢＣ－Ｂ６,2021-08-12,株式会社
株式会社ｍｏｂｂ,神奈川県三浦郡葉山町下山口３７５番地の９,2021-08-12,株式会社
株式会社ｎｕ－ｎｕ－ｎｕ,東京都台東区柳橋２丁目１４－２,2021-08-12,株式会社
株式会社ｐｏｎｔｅ,岡山県岡山市北区本町８－１５本町プラザ２階,2021-08-12,株式会社
株式会社ｓｏｗｅｌｕ,大阪府大阪市浪速区元町３丁目１０番１７号竹立ビル２階,2021-08-12,株式会社
株式会社ｕｚｕｍａｋｉ　ｃｒｅａｔｉｖｅ,東京都目黒区青葉台３丁目６－２８ラ・トゥール青葉台２５０３,2021-08-12,株式会社
桜歌株式会社,京都府京都市下京区扇酒屋町２８５番地２０１,2021-08-12,株式会社
泉心株式会社,大阪府大阪市西区本田３丁目７番６－１０２号,2021-08-12,株式会社
特定非営利活動法人かながわ県土サポート２１,神奈川県横浜市都筑区佐江戸町１７１８番地,2021-08-12,その他の設立登記法人
特定非営利活動法人北陸スポーツ協会,石川県金沢市山科３丁目６番９号,2021-08-12,その他の設立登記法人
特定非営利活動法人日越交流サポート,大阪府東大阪市荒川３丁目１２番１２号２Ｆ,2021-08-12,その他の設立登記法人
特定非営利活動法人ＥＲ．,埼玉県東松山市材木町１６番２４号,2021-08-12,その他の設立登記法人
特定非営利活動法人Ｋｉｄ’ｓ　Ｆｌｙ,長野県長野市篠ノ井杵淵１５７３番地,2021-08-12,その他の設立登記法人
社会保険労務士法人あすなろ,千葉県松戸市小金原６丁目８番地９ブル－ムハナノイ３０５,2021-08-12,その他の設立登記法人
社会保険労務士法人ＦＯＬＬＯＭ,栃木県宇都宮市今宮２丁目１７番１号,2021-08-12,その他の設立登記法人
福岡あそびごころ株式会社,福岡県福岡市東区香椎団地１番３０－９０６号プレミスト千早レジデンス,2021-08-12,株式会社
秀集株式会社,東京都板橋区成増１丁目１４－９成増グリーンハイツ４０１,2021-08-12,株式会社
結・サポート株式会社,宮城県仙台市太白区長嶺３番１２号,2021-08-12,株式会社
葵税理士法人,沖縄県那覇市長田２丁目２６番７号,2021-08-12,その他の設立登記法人
藤江電設株式会社,神奈川県横須賀市森崎５丁目２３番１２号,2021-08-12,株式会社
行政書士法人青山国際法務事務所,東京都港区台場１丁目１番３号,2021-08-12,その他の設立登記法人
西𠀋株式会社,山口県岩国市周東町上久原２０８０番地１６,2021-08-12,株式会社
農事組合法人アグリキューブ,千葉県長生郡白子町北高根４１３３番地,2021-08-12,その他の設立登記法人
農林中金キャピタル株式会社,東京都千代田区大手町１丁目３番１号,2021-08-12,株式会社
鎌倉青山合同会社,東京都千代田区丸の内３丁目１番１号,2021-08-12,合同会社
雍禾株式会社,大阪府大阪市西成区玉出東１丁目１０－１２マジョール３・４Ｃ号室,2021-08-12,株式会社
鶴亀工務店合同会社,神奈川県相模原市南区相南１丁目２－３２カサ・グレージュ１０２,2021-08-12,合同会社
龍泉産業株式会社,宮崎県宮崎市佐土原町下田島字天神中須７６００番地１,2021-08-12,株式会社
ＡＬＦＡ　ＦＡＩＲ株式会社,大阪府大阪市城東区諏訪４丁目６番１９号６Ａ,2021-08-12,株式会社
ＡＬｂａ合同会社,北海道札幌市中央区北四条西２３丁目１番２８－５０３号,2021-08-12,合同会社
ＡＴＡＡ　Ｈｏｌｄｉｎｇｓ株式会社,神奈川県横浜市西区みなとみらい２丁目２－１横浜ランドマークタワー２０Ｆ,2021-08-12,株式会社
Ａｋｕｕｒａ　Ｗｏｒｋｓ株式会社,東京都港区南青山２丁目２番１５号ウィン青山９４２,2021-08-12,株式会社
ＣＩＭＡ株式会社,沖縄県中頭郡北谷町字砂辺３０３番地２スナベハウスイン４０５,2021-08-12,株式会社
Ｃｒｅａｔｉｖｅ　Ａ合同会社,神奈川県鎌倉市大町１丁目１－４ＨＡＴＳＵ鎌倉,2021-08-12,合同会社
Ｅ＆Ｉ株式会社,広島県尾道市美ノ郷町三成１１０６番地３,2021-08-12,株式会社
ＥＮ．ＬＩＦＥ株式会社,沖縄県糸満市字照屋６１５－３,2021-08-12,株式会社
Ｅｄｇｅ　Ｓｏｌｕｔｉｏｎｓ合同会社,東京都目黒区下目黒２丁目２１番２０－Ｎ８１０号,2021-08-12,合同会社
ＦＡＲＨＡＮ　ＡＺＩＺ　ＴＲＡＤＩＮＧ株式会社,茨城県坂東市逆井３５３６番地、大都ビル２０９,2021-08-12,株式会社
ＦＡＳＴＭＡＮ株式会社,大阪府大阪市西区北堀江３丁目１０番２２号シティライフ有萬２－Ｂ,2021-08-12,株式会社
Ｆｅｄｅｒａｔｅｄ　Ｈｅｒｍｅｓ　Ｊａｐａｎ株式会社,東京都港区虎ノ門４丁目３番１号城山トラストタワー９階東京赤坂法律事務所内,2021-08-12,株式会社
ＧＵＩＬＤ　ＩＮＤＩＶＩＤＵＡＬ合同会社,東京都中央区銀座１丁目２２番１１号,2021-08-12,合同会社
Ｈｏｎｏｒ　Ｔｅｃｈｎｏｌｏｇｉｅｓ　Ｊａｐａｎ合同会社,神奈川県横浜市西区みなとみらい２丁目２番１号横浜ランドマークタワー２０階,2021-08-12,合同会社
Ｈｏｓｈｉ　Ｐｒｅｓｓｒｏｏｍ株式会社,群馬県利根郡片品村大字東小川３７９番地３,2021-08-12,株式会社
ＩＰＳＥＮ株式会社,東京都千代田区永田町２丁目１１番１号山王パークタワー３階,2021-08-12,株式会社
Ｊ．Ｔ．セレス株式会社,沖縄県宜野湾市大山６丁目８番１号エヌエイチオフィスビル３階夢空間Ａ－０８室,2021-08-12,株式会社
ＪＬＣ合同会社,神奈川県横浜市港北区綱島東６丁目１１－３０－７０１,2021-08-12,合同会社
ＪＬＳ株式会社,愛知県名古屋市中区栄２丁目２番２３号アーク白川公園ビルディング本館０７０１,2021-08-12,株式会社
ＪＭＩＴＵ埼玉地方本部谷川電機製作所支部,埼玉県川口市青木２丁目３番４６号,2021-08-12,その他の設立登記法人
Ｊｏｉｅ　ｄｅ　Ｖｅｒｓａ合同会社,東京都練馬区関町南３丁目１１番１６,2021-08-12,合同会社
Ｋ２合同会社,埼玉県川口市西川口１丁目１７番１号,2021-08-12,合同会社
ＫＡＫＵ合同会社,神奈川県横浜市神奈川区菅田町１０５３番地９,2021-08-12,合同会社
ＫＴＥ合同会社,東京都北区中里３丁目１１－１４－３０３号室,2021-08-12,合同会社
ＬＳ－Ａｖｉａｔｉｏｎ第３７号株式会社,東京都港区六本木１丁目６番１号,2021-08-12,株式会社
ＬＳ－Ａｖｉａｔｉｏｎ第３８号株式会社,東京都港区六本木１丁目６番１号,2021-08-12,株式会社
ＬＳ－Ａｖｉａｔｉｏｎ第３９号株式会社,東京都港区六本木１丁目６番１号,2021-08-12,株式会社
Ｌｉｎｋｓ０９４合同会社,神奈川県横浜市神奈川区片倉５丁目２－１５ロイヤルシャトー片倉１０５,2021-08-12,合同会社
Ｌｉｖｅｌｙ　Ｏｆｆｉｃｅ合同会社,兵庫県姫路市西中島７８－１パレ・ロワイヤル花北３０２,2021-08-12,合同会社
ＭＡＣ株式会社,神奈川県川崎市多摩区長沢１丁目５番１０号第二野村ビル１０２,2021-08-12,株式会社
ＭＥＣＨＩ　ＩＮＴＥＲＮＡＴＩＯＮＡＬ合同会社,埼玉県幸手市緑台２丁目６－９,2021-08-12,合同会社
ＭＩＣＫＳ株式会社,東京都港区新橋２丁目２６番１号ニュー新橋ビル９０３,2021-08-12,株式会社
ＭＩＬＡＤ　ＳＴＡＲ株式会社,千葉県八街市八街い１７６－５７マンションＳＡＢＡ２０５,2021-08-12,株式会社
ＭＩＮＨ　ＴＨＡＮＨ大阪株式会社,大阪府大阪市大正区泉尾４丁目７番１７号,2021-08-12,株式会社
Ｍｅｔａｌｉｕｍ合同会社,大阪府羽曳野市古市２丁目２－９,2021-08-12,合同会社
Ｍｏｌｔｅ　ｍａｎｉ合同会社,東京都品川区上大崎１丁目１８番７号,2021-08-12,合同会社
ＭｙＱｕｅｓｔ株式会社,東京都新宿区新宿２丁目１５－２２ｌａｎｄｗｏｒｋ新宿ビル７階,2021-08-12,株式会社
ＰＩＮＥＣＯＮＥ株式会社,東京都港区南青山２丁目２－８ＤＦビル１０Ｆ,2021-08-12,株式会社
ＰＲ合同会社,北海道札幌市白石区東札幌五条４丁目３番１３号,2021-08-12,合同会社
ＲＯＡＤ合同会社,東京都豊島区西池袋５丁目１７番１１－１１０１号,2021-08-12,合同会社
ＲｅＶａｌｕｅ合同会社,東京都新宿区新宿６丁目２９番１１号,2021-08-12,合同会社
Ｒｉｒｉｉ合同会社,新潟県三条市旭町１丁目１８番１号,2021-08-12,合同会社
Ｒｚｐ合同会社,神奈川県小田原市久野８５３－４,2021-08-12,合同会社
Ｓ．Ｎ．Ｓ．　ＴＲＡＤＩＮＧ　ＣＯＭＰＡＮＹ,千葉県四街道市大日８３６番地オフィス２号,2021-08-12,外国会社等
ＳＡＧＥＳ合同会社,大阪府大阪狭山市茱萸木５丁目６５３番地,2021-08-12,合同会社
ＳＡＩＴＯ株式会社,兵庫県西宮市松生町１１－２８,2021-08-12,株式会社
ＳＡＮＩＳＨ　ＩＮＴＥＲＮＡＴＩＯＮＡＬ合同会社,茨城県つくば市研究学園４丁目３４番地２ウエリスつくば研究学園レジデンス２１０７号,2021-08-12,合同会社
ＳＢＣ合同会社,東京都目黒区目黒本町１丁目９－２０,2021-08-12,合同会社
ＳＵＭＡＩ　ＴＥＣＨＮＯＬＯＧＹ株式会社,東京都荒川区西日暮里２丁目１７番７号大石ビル４階,2021-08-12,株式会社
ＳｅｒｖｉｃｅＯｎｅ　Ｊａｐａｎ合同会社,東京都港区南麻布３丁目１９番２３号オーク南麻布ビル２階,2021-08-12,合同会社
Ｓｕｎ　ｅａｓｔ株式会社,沖縄県宜野湾市宜野湾２丁目１１番１３号,2021-08-12,株式会社
Ｔコンサルティング合同会社,栃木県下都賀郡壬生町大字安塚８８０－４４,2021-08-12,合同会社
ＴＲＵＳＴ　ＭＡＲＫ株式会社,北海道札幌市南区澄川六条４丁目２番１号,2021-08-12,株式会社
ＴＴＣ合同会社,東京都新宿区大久保２丁目１０番１１号ＭＡＣ大久保コート３０４,2021-08-12,合同会社
ＴｒａｎｓＥｄｉｔ株式会社,埼玉県新座市西堀２丁目１５番２０号,2021-08-12,株式会社
Ｔｗｉｎ　Ｐｅａｋｓ　Ｍｏｕｎｔａｉｎ　Ｂｒｅｗｉｎｇ合同会社,茨城県つくば市若葉９番地１３,2021-08-12,合同会社
ＵＩＡ東京合同会社,東京都多摩市一ノ宮１丁目３３番地の６,2021-08-12,合同会社
ＶＯＹＡＧＥＲ　ＢＲＡＮＤＩＮＧ＆ＭＡＲＫＥＴＩＮＧ株式会社,東京都世田谷区若林４丁目３１番１９号,2021-08-12,株式会社
ａ株式会社,東京都港区新橋６丁目５番４号ＤＩＫマンション新橋４１８,2021-08-12,株式会社
ａｒｏｍａ　ｂｅａｕｔｙ合同会社,東京都港区南青山２丁目２番１５号,2021-08-12,合同会社
ｉ－Ｓｋｉｎ合同会社,東京都中央区銀座１丁目２２番１１号銀座大竹ビジデンス２階,2021-08-12,合同会社
ｔａｓｋａｌｌ株式会社,山口県萩市大字東田町５８番地,2021-08-12,株式会社
あしたも株式会社,福岡県福岡市博多区博多駅東２丁目１３番３４号エコービル１０階,2021-08-13,株式会社
あーす・サポート株式会社,岩手県奥州市江刺広瀬字上西風１２３番地１,2021-08-13,株式会社
かなな株式会社,山形県東置賜郡川西町大字上小松３９５０番地の１４,2021-08-13,株式会社
なかねクリーンサービス株式会社,愛知県岡崎市暮戸町字宮岸４０番地６,2021-08-13,株式会社
アイディエート株式会社,愛知県知多市南粕谷本町１丁目３１０番地,2021-08-13,株式会社
アケボノ石油ガス株式会社,北海道札幌市手稲区曙四条２丁目３番１２号,2021-08-13,株式会社
アロマリーフ合同会社,東京都渋谷区松濤２丁目１１番１７－１０３号,2021-08-13,合同会社
アヴァンセ・コンサルティング株式会社,東京都渋谷区神宮前６丁目２３番４号桑野ビル２階,2021-08-13,株式会社
イリスマ株式会社,東京都港区赤坂１丁目１２－３２－３Ｆ,2021-08-13,株式会社
ウーマンエイドサービス合同会社,東京都品川区大井３丁目１０番２号,2021-08-13,合同会社
エターナルプロジェクト株式会社,群馬県館林市新宿２丁目６番２号,2021-08-13,株式会社
エニーシー株式会社,兵庫県神戸市西区井吹台西町５丁目１１番地の１１,2021-08-13,株式会社
エー・デュース株式会社,北海道札幌市西区西町南８丁目３番７－１１１１号,2021-08-13,株式会社
カノアテックサービス合同会社,大阪府豊能郡能勢町下田尻２２７番１６号,2021-08-13,合同会社
ガイドロケーション合同会社,高知県安芸市下山５５６－２,2021-08-13,合同会社
クオーレ株式会社,福岡県福岡市早良区祖原１４番－３０－１００１号コアマンション西新プレジオ,2021-08-13,株式会社
コーケン建設株式会社,和歌山県和歌山市園部３２７番地,2021-08-13,株式会社
サイトーホーム株式会社,石川県金沢市若松町３丁目２７９番地１,2021-08-13,株式会社
サステナブルローンファンド２号合同会社,東京都中央区八丁堀４丁目２番１０号ＡＯＪ税理士法人内,2021-08-13,合同会社
ショーラボ株式会社,東京都豊島区駒込１丁目１０番１５号駒込パークハウス８０７号,2021-08-13,株式会社
ジムコン合同会社,静岡県静岡市清水区八坂北１丁目１９番１５号,2021-08-13,合同会社
ジュエルオブサーフ合同会社,北海道小樽市張碓町５２３番地５ルシオン小樽４０３号室,2021-08-13,合同会社
ジョイン株式会社,北海道北広島市大曲緑ヶ丘２丁目１１番地２,2021-08-13,株式会社
セカンドテイク株式会社,長野県北佐久郡軽井沢町大字長倉５８２７－１あさまテラスＮ－１,2021-08-13,株式会社
ソラインターナショナル株式会社,北海道札幌市東区伏古十一条２丁目４番５号,2021-08-13,株式会社
タップス株式会社,東京都港区浜松町２丁目２番１５号浜松町ダイヤビル２Ｆ,2021-08-13,株式会社
ダイアインベストメント株式会社,北海道札幌市東区北二十三条東９丁目２番１１号,2021-08-13,株式会社
テラプランニングＫＡＺＯＯ合同会社,東京都千代田区富士見２丁目５番９－２０３号,2021-08-13,合同会社
ネクサス株式会社,静岡県焼津市小柳津２８０番地,2021-08-13,株式会社
ハッテン塗建株式会社,大阪府大阪市東住吉区公園南矢田２丁目５番５号,2021-08-13,株式会社
バックオフィス・パーソネル社会保険労務士法人,東京都中央区八丁堀４丁目１３番５号,2021-08-13,その他の設立登記法人
パラゴン都市開発株式会社,福岡県福岡市博多区博多駅前３丁目５番７号,2021-08-13,株式会社
フレックスパワー株式会社,東京都品川区戸越５丁目７番１７号,2021-08-13,株式会社
ホロイムア合同会社,北海道札幌市手稲区曙五条３丁目３番３３号,2021-08-13,合同会社
ヨシノリスキー・アンド・チエコ合同会社,東京都目黒区目黒本町３丁目５番４－２０６号,2021-08-13,合同会社
ライフトランスポート株式会社,北海道札幌市白石区北郷一条４丁目５番２４－２３４号,2021-08-13,株式会社
リコス合同会社,奈良県大和郡山市北郡山町１０９－５レストパレス１Ｆ,2021-08-13,合同会社
ワイレアキャピタルマネジメント合同会社,東京都港区西新橋１丁目２番９号日比谷セントラルビル１４階,2021-08-13,合同会社
ヴィラ原山管理組合法人,東京都台東区東上野３丁目１４番３号４階,2021-08-13,その他の設立登記法人
一般社団法人ふるさと納税協会,東京都千代田区平河町１丁目６番４号,2021-08-13,その他の設立登記法人
一般社団法人エヌファイブ,東京都千代田区九段北１丁目５番９号九段誠和ビル５階,2021-08-13,その他の設立登記法人
一般社団法人クラフトビアサーキット,大阪府大阪市中央区瓦屋町１丁目５番２２号,2021-08-13,その他の設立登記法人
一般社団法人ジャパンアクティビティソリューションズ,東京都大田区中央２丁目２２番１８号,2021-08-13,その他の設立登記法人
一般社団法人ジャパン・イミグレーション・サポートセンター,大阪府大阪市中央区備後町１丁目４番１６号,2021-08-13,その他の設立登記法人
一般社団法人ドリームプロジェクト,宮城県仙台市青葉区一番町１丁目４番１号,2021-08-13,その他の設立登記法人
一般社団法人ブランアンジュ,佐賀県三養基郡基山町大字小倉８９４番地１０,2021-08-13,その他の設立登記法人
一般社団法人中浜稔水墨画協会,大阪府大阪市中央区日本橋１丁目１８番８号芝ビル２階,2021-08-13,その他の設立登記法人
一般社団法人外国人受入協会,愛知県蒲郡市三谷北通２丁目８２番地１,2021-08-13,その他の設立登記法人
一般社団法人日本みらい企業機構,東京都品川区西五反田１丁目１７番１号,2021-08-13,その他の設立登記法人
一般社団法人日本カンナビジオール普及機構,東京都港区南麻布５丁目１５番２号スカーラ広尾ステーションプラザ２０５号,2021-08-13,その他の設立登記法人
一般社団法人日本コンソーシアムチェーン連盟,東京都港区港南２丁目１６番２号,2021-08-13,その他の設立登記法人
一般社団法人日本福祉タッチケア協会,東京都新宿区百人町２丁目８－２金子ビル２階,2021-08-13,その他の設立登記法人
一般社団法人漫画芸術,東京都中央区日本橋人形町１丁目１番１１号,2021-08-13,その他の設立登記法人
一般社団法人針ヶ別所未来開発,奈良県奈良市針ヶ別所町６７０番地の１,2021-08-13,その他の設立登記法人
一般社団法人Ｍａｎｅｎ,東京都港区虎ノ門５丁目１番４号,2021-08-13,その他の設立登記法人
一般財団法人日本ひとのわ財団,東京都中央区湊２丁目１１番１号シティタワー銀座東９１９号,2021-08-13,その他の設立登記法人
三祥ソーラー合同会社,兵庫県神戸市中央区中山手通３丁目４番８号,2021-08-13,合同会社
三豊技研株式会社,石川県金沢市平和町２丁目２８番７６号,2021-08-13,株式会社
丸十合同会社,東京都渋谷区渋谷２丁目１０番１５号,2021-08-13,合同会社
乙丸温泉館,大分県由布市湯布院町川上３５７１,2021-08-13,その他
井の国建設株式会社,静岡県浜松市北区引佐町伊平１４０４番地,2021-08-13,株式会社
入間郡市歯科医師会訪問診療相談センター,埼玉県狭山市狭山台３丁目１０－４,2021-08-13,その他
内山空調株式会社,福岡県飯塚市大分５２７番地１５,2021-08-13,株式会社
勝栄工業株式会社,北海道滝川市西町５丁目８番３４号,2021-08-13,株式会社
医療法人社団メイプルＤＣ,岡山県岡山市北区御津宇垣１６８７番２,2021-08-13,その他の設立登記法人
千葉日光貿易サービス株式会社,千葉県匝瑳市平木３２３０番地,2021-08-13,株式会社
合同会社いずみパートナーズ,愛知県名古屋市東区泉１丁目１０番２３号,2021-08-13,合同会社
合同会社かもめ,東京都世田谷区用賀２丁目２１番１号,2021-08-13,合同会社
合同会社ことばｍｉｒａｉ,奈良県生駒市萩の台１丁目１番５－２０５号,2021-08-13,合同会社
合同会社こどもメイト,北海道北広島市大曲並木３丁目１８番１４号,2021-08-13,合同会社
合同会社さつき,鳥取県東伯郡北栄町大島字新橋東川端１１３－２,2021-08-13,合同会社
合同会社つくってみた,岐阜県加茂郡白川町黒川９９６番地１,2021-08-13,合同会社
合同会社つみき,神奈川県小田原市前川３２５番地,2021-08-13,合同会社
合同会社となりアート,東京都品川区西五反田８丁目２番１２号７Ａ,2021-08-13,合同会社
合同会社ねがいぼし,岡山県倉敷市中島１４８５番地１,2021-08-13,合同会社
合同会社ねこ・と,岡山県岡山市南区万倍３１番地５,2021-08-13,合同会社
合同会社ぱんどし,福岡県遠賀郡水巻町伊左座５丁目６－１７,2021-08-13,合同会社
合同会社ひまわり,福岡県北九州市門司区吉志２丁目１８番４３号,2021-08-13,合同会社
合同会社アッチェル,北海道札幌市東区北四十五条東１０丁目５番１０号,2021-08-13,合同会社
合同会社アポロン,神奈川県平塚市長持４２１番地の２,2021-08-13,合同会社
合同会社アムール,東京都中野区上高田１丁目２７－１６－２０５,2021-08-13,合同会社
合同会社エコハート,静岡県浜松市中区萩丘３丁目２番２３号Ｍコープ２－２号室,2021-08-13,合同会社
合同会社エヌエヌ企画,兵庫県神戸市北区星和台１丁目４番地の５,2021-08-13,合同会社
合同会社エピナ,北海道札幌市清田区平岡二条２丁目１番５３号,2021-08-13,合同会社
合同会社エムズサービス,徳島県吉野川市鴨島町麻植塚３０９番地３,2021-08-13,合同会社
合同会社エムドットケー,北海道札幌市西区山の手五条３丁目２番２４号,2021-08-13,合同会社
合同会社エーレフト,東京都世田谷区三宿２丁目１６－１０－３１４,2021-08-13,合同会社
合同会社カチ・アセット・プラン,北海道札幌市中央区宮の森二条１３丁目１２番３０号,2021-08-13,合同会社
合同会社クローネ,東京都港区浜松町２丁目２番１５号浜松町ダイヤビル２Ｆ,2021-08-13,合同会社
合同会社ケープロモーション,東京都目黒区駒場１丁目１６番９号片桐ビル３０２,2021-08-13,合同会社
合同会社コレクト,大阪府大阪市天王寺区石ケ辻町１４番６号,2021-08-13,合同会社
合同会社サンファミリー,東京都大田区北糀谷２丁目１１番８号サンファミリー大塚３０２,2021-08-13,合同会社
合同会社ディオニソス,東京都中央区日本橋小網町１１番８号,2021-08-13,合同会社
合同会社トリプルＴ,大阪府大阪市東成区神路２丁目８番３３号クレアシティ深江橋４０４,2021-08-13,合同会社
合同会社ネイピアホールディングス,東京都千代田区丸の内３丁目１番１号東京共同会計事務所内,2021-08-13,合同会社
合同会社ハブレス,北海道札幌市中央区円山西町５丁目７番２号,2021-08-13,合同会社
合同会社バンブービック,神奈川県横浜市都筑区池辺町３５０８番地１,2021-08-13,合同会社
合同会社フォーアイ,東京都目黒区下目黒１丁目５番１９号,2021-08-13,合同会社
合同会社プラヤビスタ,東京都世田谷区喜多見９丁目２番７－５０３号,2021-08-13,合同会社
合同会社ヘラゾウ,滋賀県草津市東矢倉２丁目１番１号６号室,2021-08-13,合同会社
合同会社ホークス,千葉県浦安市北栄２丁目１８番５１－２０３号ハイツＨＩＲＯ,2021-08-13,合同会社
合同会社ポム,大阪府大阪市中央区西心斎橋２丁目４番１４号３Ｆ,2021-08-13,合同会社
合同会社マーサ・アメニティ,神奈川県横浜市旭区川島町１９７７－２５,2021-08-13,合同会社
合同会社モウコリッタ,大阪府大阪市北区梅田１丁目１－３大阪駅前第３ビル２３０７,2021-08-13,合同会社
合同会社ワイズ,茨城県筑西市舟生１０１８番地５１,2021-08-13,合同会社
合同会社丸二工業,千葉県長生郡白子町関６９７８番地９,2021-08-13,合同会社
合同会社探査リサーチ,徳島県鳴門市撫養町立岩字四枚６５番地,2021-08-13,合同会社
合同会社新堂工務店,埼玉県川口市前川３丁目１８番９号,2021-08-13,合同会社
合同会社浩美ＩＴＮ,千葉県船橋市高根台７丁目９－２３,2021-08-13,合同会社
合同会社煌華,静岡県袋井市久能１９５７番地の１,2021-08-13,合同会社
合同会社鞆鋲釘,広島県福山市鞆町鞆３６２番地,2021-08-13,合同会社
合同会社魚音,東京都渋谷区初台１丁目１１番１２号,2021-08-13,合同会社
合同会社鹿児島ライフサイエンス,鹿児島県鹿児島市唐湊４丁目１８番３８号,2021-08-13,合同会社
合同会社ＡｌｌＦａｍｉｌｉａ,北海道札幌市白石区平和通２丁目南６番２３号エスパシオ白石１１０号室,2021-08-13,合同会社
合同会社Ｂｅｓｔ　Ｌｉｆｅ　Ｐａｒｔｎｅｒ,北海道札幌市北区新琴似八条１３丁目３番１４号,2021-08-13,合同会社
合同会社Ｂｉｅｂｅｒ,東京都大田区上池台３丁目１６－２０,2021-08-13,合同会社
合同会社Ｃ’ｓ　Ｈｏｕｓｅ,東京都町田市中町１丁目４番２号,2021-08-13,合同会社
合同会社ＣＲＥＡスポーツクラブ,東京都品川区二葉１丁目１０番１３号アクサス大井町１０２,2021-08-13,合同会社
合同会社ＥＳＱＵＡＲＥＤ,東京都渋谷区神宮前６丁目２３番４号桑野ビル２階,2021-08-13,合同会社
合同会社ＦＩＳＨＥＲＭＡＮ,東京都練馬区上石神井２丁目１６番１５号,2021-08-13,合同会社
合同会社ＧＡ,福岡県福岡市早良区荒江３丁目１０番７－４０２号ギャラン荒江,2021-08-13,合同会社
合同会社ＨＫビルマネジメント,東京都世田谷区北烏山７丁目５番４号,2021-08-13,合同会社
合同会社ＨｉｇｈＲｏａｄカンパニー,東京都豊島区要町２丁目１番１８号アイコート池袋２０５号室,2021-08-13,合同会社
合同会社Ｈｉｌｌ　Ｃａｐｅ,神奈川県座間市東原３丁目５番１０号,2021-08-13,合同会社
合同会社ＩＲＥ,千葉県旭市ハの２０４番地３,2021-08-13,合同会社
合同会社Ｉｋｏｉ,長野県北佐久郡軽井沢町大字長倉８１７－１イングルヌック２０２号室,2021-08-13,合同会社
合同会社Ｋ＆Ｓ,愛知県弥富市鯏浦町中六１９９番地,2021-08-13,合同会社
合同会社ＫＣＲ１,東京都中央区日本橋１丁目４番１号,2021-08-13,合同会社
合同会社ＫｉＳａ,東京都国立市東２丁目３番地の４,2021-08-13,合同会社
合同会社Ｌ’ｓ,北海道札幌市中央区北十条西１５丁目１番地５７ブランズ札幌桑園駅前ウエスト１２０３号,2021-08-13,合同会社
合同会社Ｌ＆Ｍ,東京都品川区東五反田２丁目２１番１１号,2021-08-13,合同会社
合同会社ＬＩＮＫ,北海道札幌市中央区南六条西９丁目１０２６番地１３ガイアールＳ６－１０２号,2021-08-13,合同会社
合同会社Ｌｉｆｈｉｌ,北海道札幌市東区北三十六条東１２丁目２番７号,2021-08-13,合同会社
合同会社Ｌｉｌｙｌａｍｐ,東京都大田区東雪谷３丁目７番１２号,2021-08-13,合同会社
合同会社ＭＣＭ　ＪＡＰＡＮ,北海道札幌市東区東苗穂十四条３丁目２３番１２号,2021-08-13,合同会社
合同会社Ｎ－ｌａｂ,宮城県石巻市美園３丁目１４番地１１,2021-08-13,合同会社
合同会社Ｎ．Ｔ．Ｐ,福岡県福岡市博多区博多駅南３丁目１５番２７号マルセン博多ビル５０２号,2021-08-13,合同会社
合同会社ＮＯＯＫＳ,奈良県北葛城郡河合町中山台２丁目１６番地９,2021-08-13,合同会社
合同会社ＰＲＯＳＰＥＲＯＵＳ,東京都渋谷区神宮前１丁目１４番１４号,2021-08-13,合同会社
合同会社ＲＥＳＴＡＲＴ,兵庫県伊丹市鴻池１丁目８－１８－１０１,2021-08-13,合同会社
合同会社ＲＨＹ,静岡県静岡市葵区本通８丁目１番地の４,2021-08-13,合同会社
合同会社Ｒｉｉ　Ｃｏｍｐａｎｙ,東京都目黒区中央町２丁目７番１４号,2021-08-13,合同会社
合同会社ＳＡＪＵＲ２,東京都港区虎ノ門５丁目１番４号,2021-08-13,合同会社
合同会社ＳＫ,埼玉県さいたま市大宮区仲町１丁目２６番地まるさんビル１階,2021-08-13,合同会社
合同会社ＳＲＫ,東京都渋谷区富ヶ谷２丁目２１番１－１０３号,2021-08-13,合同会社
合同会社ＳＴＡＲＳ,東京都豊島区池袋２丁目１１－２アルコイルスＫビル４Ｆ,2021-08-13,合同会社
合同会社ＳＵＮＮＹ,東京都足立区千住緑町１丁目１８番１４号,2021-08-13,合同会社
合同会社Ｓａｎｄａｉ,福島県須賀川市塚田１３３番地,2021-08-13,合同会社
合同会社ＳｐｏＷｅｌｌ,東京都練馬区西大泉４丁目５番２０号,2021-08-13,合同会社
合同会社ＴＡＰＰ,東京都立川市富士見町２丁目１２－８恒和ビル立川２０２,2021-08-13,合同会社
合同会社ＴＫ　ＣＲＡＦＴ,東京都江戸川区江戸川４丁目６番１号,2021-08-13,合同会社
合同会社ＴＫＲ,福岡県北九州市八幡西区黒崎１丁目９番８号キングビル２階,2021-08-13,合同会社
合同会社ＶＩＮＥ,東京都渋谷区恵比寿西１丁目３３番６号,2021-08-13,合同会社
合同会社ｂａｃｙ,東京都渋谷区広尾１丁目１５番３号マスダビル６０１,2021-08-13,合同会社
合同会社ｅ－ｃｅｍ,東京都世田谷区池尻３丁目２８－７リムテラス池尻三宿１０１,2021-08-13,合同会社
合同会社ｍｏｊｉｒｉ,愛知県名古屋市中区栄５丁目２６番３９号ＧＳ栄ビル３Ｆ,2021-08-13,合同会社
合同会社ｎｅｗｍｏｒｅ,東京都板橋区新河岸３丁目１５－７サンライフ新高島平４０２,2021-08-13,合同会社
合同会社ｓｔｅｌｌａ,福岡県福岡市中央区大宮２丁目５番１５－２０１号,2021-08-13,合同会社
合同会社ｙｏｈａｋｕ,奈良県奈良市杉ヶ町３６－１大谷ビル１Ｆ,2021-08-13,合同会社
国分寺コーポ管理組合法人,東京都国分寺市東恋ヶ窪３丁目１０番地２－３０３,2021-08-13,その他の設立登記法人
多田国際社会保険労務士法人,東京都品川区大崎１丁目６番１号,2021-08-13,その他の設立登記法人
大阪ＡＳＴ研究会,大阪府大阪市住吉区万代東３丁目１－５６大阪急性期・総合医療センター感染症内科内,2021-08-13,その他
宇翔株式会社,千葉県船橋市印内２丁目１２－８トモヨシフラット１階Ａ－２号室,2021-08-13,株式会社
尚品東京合同会社,東京都江戸川区東小岩５丁目２３番１７号,2021-08-13,合同会社
山輝工業株式会社,石川県能美市小長野町イ５番地,2021-08-13,株式会社
岩橋商事株式会社,東京都豊島区北大塚３丁目３４番８号,2021-08-13,株式会社
才華建設株式会社,宮城県亘理郡亘理町逢隈中泉字一里原４１番地４,2021-08-13,株式会社
拉拉肥株式会社,東京都世田谷区世田谷１丁目４１番２号,2021-08-13,株式会社
新百合ヶ丘エリアマネジメントコンソーシアム,神奈川県川崎市麻生区万福寺１丁目１－１－６Ｆ,2021-08-13,その他
新良株式会社,福岡県福岡市博多区麦野４丁目１５番３２－１０１号,2021-08-13,株式会社
日光Ｐｌｕｓ２０一般社団法人,東京都千代田区丸の内３丁目１番１号東京共同会計事務所内,2021-08-13,その他の設立登記法人
日本雲途株式会社,東京都豊島区南池袋１丁目１６番１５号ダイヤゲート池袋５階５２８室,2021-08-13,株式会社
東亜エンジニアリング合同会社,兵庫県神戸市東灘区御影中町３丁目２－２－５０５,2021-08-13,合同会社
東和合同会社,千葉県柏市中央１丁目３番３０号,2021-08-13,合同会社
東昇株式会社,埼玉県草加市氷川町２１１７－６,2021-08-13,株式会社
株式会社たけ屋,福岡県久留米市津福本町１３０９番地１,2021-08-13,株式会社
株式会社つかさ,東京都目黒区下目黒２丁目１番２２－２０５号ハイホーム目黒,2021-08-13,株式会社
株式会社つづお,鳥取県鳥取市吉成１００３番地,2021-08-13,株式会社
株式会社はじまり,東京都港区北青山３丁目６－７青山パラシオタワー１１Ｆ,2021-08-13,株式会社
株式会社まごころ園,宮城県石巻市住吉一丁目９－３,2021-08-13,株式会社
株式会社みんなの四つ葉,北海道札幌市中央区南七条西６丁目５番地,2021-08-13,株式会社
株式会社めるかとファーム,千葉県富里市十倉５８７番地３０,2021-08-13,株式会社
株式会社わんぷり,大阪府大阪市西区南堀江３丁目６番５号,2021-08-13,株式会社
株式会社アザブＳＴ,東京都港区麻布十番２丁目１９番１０号ＰＩＡ麻布十番Ⅱ,2021-08-13,株式会社
株式会社アセットハウス,福岡県北九州市八幡西区岡田町１１番２９－１３０１号,2021-08-13,株式会社
株式会社アニマ,埼玉県八潮市大瀬１丁目１０番地２,2021-08-13,株式会社
株式会社アラウンド・ケイ,東京都港区六本木６丁目８番１５号第二五月ビル３階２号室,2021-08-13,株式会社
株式会社アルストロメリア,東京都中央区銀座１丁目２７番１２号,2021-08-13,株式会社
株式会社アーリーワン,広島県広島市中区本川町３丁目１番５号,2021-08-13,株式会社
株式会社ウエストテイル,北海道室蘭市寿町２丁目１１番１７号,2021-08-13,株式会社
株式会社エヌ興産,大阪府大阪市東成区東中本１丁目１番１０号２０２号室,2021-08-13,株式会社
株式会社エーカンパニー,東京都千代田区外神田６丁目７番７号マツダビル２階,2021-08-13,株式会社
株式会社オフショア,岡山県玉野市築港３丁目１０‐３２‐６０２,2021-08-13,株式会社
株式会社クラシノ,福岡県糟屋郡新宮町下府３丁目１７番１０号,2021-08-13,株式会社
株式会社ココロウェルネス,千葉県市川市大野町２丁目１８３－２,2021-08-13,株式会社
株式会社サクラメントリー,埼玉県さいたま市大宮区大成町３丁目５０６番地森田屋ビル１号室,2021-08-13,株式会社
株式会社サクラ鈑金自動車,愛知県春日井市細木町１丁目１６番地４,2021-08-13,株式会社
株式会社ザ・トレード,神奈川県川崎市麻生区金程１丁目１３番２号,2021-08-13,株式会社
株式会社シーホネスト,北海道江別市ゆめみ野南町４７番地の９,2021-08-13,株式会社
株式会社ジェイエス,静岡県静岡市清水区恵比寿町３７番地,2021-08-13,株式会社
株式会社ジェイコミュニティ,北海道札幌市北区北二十四条西４丁目１番２号,2021-08-13,株式会社
株式会社スペランサー元浜,福岡県福岡市西区大字元岡１０５９番地３,2021-08-13,株式会社
株式会社タカハシゴム工業,岐阜県羽島郡笠松町江川２２１番地の１,2021-08-13,株式会社
株式会社ダニエル・ペコ,大阪府豊中市新千里西町２丁目３番１－３０６号,2021-08-13,株式会社
株式会社テットホーム,北海道苫小牧市松風町３番１０号,2021-08-13,株式会社
株式会社テンダーライフ,群馬県富岡市七日市１０９４番地６,2021-08-13,株式会社
株式会社ディレクト,岐阜県岐阜市清本町１０丁目８番地（ライオンズマンション岐阜清本町５０６号室）,2021-08-13,株式会社
株式会社トレンドトレード,北海道旭川市東旭川北一条４丁目１２番１８号メゾンイースト１０１,2021-08-13,株式会社
株式会社トーエーｐｒｏｊｅｃｔプラス,北海道旭川市東光九条１０丁目４番８号,2021-08-13,株式会社
株式会社トークイズム,大阪府大阪市中央区本町橋６番１９号本町第２今岡ビル６０５号,2021-08-13,株式会社
株式会社ドルフィン・バリュー・アップ３号,東京都港区芝公園１丁目１番１号住友不動産御成門タワー７階,2021-08-13,株式会社
株式会社ナカヤマ,北海道札幌市東区東苗穂十四条３丁目２３番２号,2021-08-13,株式会社
株式会社ニコドット,大阪府大阪市北区梅田１丁目２番２－４００号,2021-08-13,株式会社
株式会社ヌルボン,福岡県福岡市博多区美野島２丁目５番２号,2021-08-13,株式会社
株式会社ハピネス３１,福岡県福岡市博多区板付１丁目４番３１－７０１号,2021-08-13,株式会社
株式会社パークス,愛知県名古屋市千種区千種２丁目２３番６号ロイヤルパークス千種５１３,2021-08-13,株式会社
株式会社パーセントプラス,福岡県小郡市小郡２４１３番地の１,2021-08-13,株式会社
株式会社ヒルサイドＮｏＮ,東京都目黒区自由が丘１丁目２４番１６号,2021-08-13,株式会社
株式会社ピアホーム,岡山県岡山市東区西大寺松崎２４８番地１２４,2021-08-13,株式会社
株式会社ピースフロー,東京都目黒区碑文谷２丁目２０番２４－１０４号,2021-08-13,株式会社
株式会社フォーストリーツ,千葉県四街道市和良比２７６番地６１,2021-08-13,株式会社
株式会社フォーセブンティーン,東京都千代田区平河町１丁目３番１４号,2021-08-13,株式会社
株式会社フリーデザイン,福岡県那珂川市中原２丁目１２０博多南駅前ビル３Ｆ,2021-08-13,株式会社
株式会社ブリッジリンクス,神奈川県横浜市神奈川区台町１１番地２９横浜エム・アイビル４０１,2021-08-13,株式会社
株式会社プレイス,東京都渋谷区桜丘町２３番１７号シティコート桜丘４０８,2021-08-13,株式会社
株式会社ホームアンドライフ,千葉県君津市三田３７８番地,2021-08-13,株式会社
株式会社ポロンクセマ,東京都港区南青山２丁目２２番４号秀和南青山レジデンス２０５,2021-08-13,株式会社
株式会社マスダ,大阪府大阪市淀川区新北野２丁目１０番７号,2021-08-13,株式会社
株式会社マゼラン,東京都港区三田４丁目１７番２５号,2021-08-13,株式会社
株式会社ミツケル,東京都大田区多摩川２丁目１３番４号ＬＵＡＮＡ２０１,2021-08-13,株式会社
株式会社ミラスト,埼玉県さいたま市大宮区東町１丁目１２０番地２,2021-08-13,株式会社
株式会社ミント,兵庫県神戸市東灘区甲南町１丁目２番６－４０２,2021-08-13,株式会社
株式会社モモ・バンカーフォワード,福岡県福岡市南区清水３丁目２５番２１－１００２号,2021-08-13,株式会社
株式会社ユーミ,東京都大田区羽田２丁目３１番２号,2021-08-13,株式会社
株式会社ライクホーム,東京都渋谷区本町５丁目４２番１２号サンバレー渋谷１０３号室,2021-08-13,株式会社
株式会社ライズレッカー,北海道札幌市北区篠路町上篠路２７１番地,2021-08-13,株式会社
株式会社リトルファミリー,大阪府貝塚市麻生中１１１番地１７,2021-08-13,株式会社
株式会社リバーリンクス,埼玉県戸田市本町１丁目５番２－５０２号,2021-08-13,株式会社
株式会社ワイエスアール,東京都豊島区西池袋１丁目２９番１４号,2021-08-13,株式会社
株式会社ワイドユニファイ,愛知県名古屋市天白区表山２丁目５０６番地,2021-08-13,株式会社
株式会社三裕,埼玉県北足立郡伊奈町大字小室２６４２番地１,2021-08-13,株式会社
株式会社上村建築工業,高知県香美市土佐山田町宮ノ口６９７番地２,2021-08-13,株式会社
株式会社中天,東京都渋谷区富ヶ谷１丁目１４番１４号４階,2021-08-13,株式会社
株式会社中村格付研究所,神奈川県川崎市多摩区三田１丁目２６番地１２アルシオン生田サンクロールヒルズ７０１,2021-08-13,株式会社
株式会社伊藤商会,大阪府大阪市中央区瓦町１丁目６番１－３０３号,2021-08-13,株式会社
株式会社優屋,大阪府大阪市北区本庄東２丁目４番２－７３５号,2021-08-13,株式会社
株式会社北進,北海道札幌市北区北二十三条西３丁目２番２０－３０１号,2021-08-13,株式会社
株式会社千葉,千葉県市川市八幡３丁目２３番１４号,2021-08-13,株式会社
株式会社博雅国際,神奈川県川崎市川崎区大師駅前２丁目１番１－１３０１号シティテラス川崎鈴木町グランドシーズンズ,2021-08-13,株式会社
株式会社原開発工業,福岡県福津市内殿８１１－１,2021-08-13,株式会社
株式会社吉澤ペイント,埼玉県新座市野寺２丁目１２番１５号,2021-08-13,株式会社
株式会社在宅福祉支援協会,神奈川県横須賀市津久井３丁目１９番２１号ドエルマーサ１０３号室,2021-08-13,株式会社
株式会社夢道場,大阪府大阪市東成区大今里南６丁目３番１０号ローズマンション１階,2021-08-13,株式会社
株式会社大内工業,茨城県ひたちなか市大字東石川１２８６番地サーパス東石川１０８号,2021-08-13,株式会社
株式会社大夢,静岡県静岡市葵区唐瀬２丁目１８番９号リバース唐瀬１０２,2021-08-13,株式会社
株式会社宮誠,千葉県松戸市常盤平柳町２７番地の２９,2021-08-13,株式会社
株式会社山電,鹿児島県鹿児島市川上町２６８２番地５６,2021-08-13,株式会社
株式会社岡部ホールディングス,福岡県福岡市南区野間４丁目４番３２号,2021-08-13,株式会社
株式会社希心,大阪府大阪市都島区片町１丁目２番９号６０１,2021-08-13,株式会社
株式会社平成リフォーム横浜,神奈川県横浜市戸塚区下倉田町２４４番地の３－２Ｆ,2021-08-13,株式会社
株式会社弘和,大阪府大阪市此花区酉島１丁目１４番１４号,2021-08-13,株式会社
株式会社心美葬,愛媛県宇和島市夏目町３丁目１１番２０号,2021-08-13,株式会社
株式会社新宮設備,福岡県糟屋郡新宮町大字下府１２８６番地１,2021-08-13,株式会社
株式会社明倫大塚保険設計,神奈川県横浜市泉区上飯田町２０５６番地の３,2021-08-13,株式会社
株式会社星クレーン,福岡県八女市黒木町桑原９７３番地３,2021-08-13,株式会社
株式会社暖和倶楽部,大阪府堺市西区浜寺南町１丁２６番地１ＤＡＩＫＥＮＮＳＱＵＡＲＥ・Ｅ１０１,2021-08-13,株式会社
株式会社杏駿,大阪府貝塚市堤７番地１０,2021-08-13,株式会社
株式会社林興業,千葉県銚子市親田町２８５８番地の２９,2021-08-13,株式会社
株式会社栄和,愛知県春日井市若草通２丁目５３番地２,2021-08-13,株式会社
株式会社正覚,福岡県北九州市八幡西区千代２丁目５番１０号,2021-08-13,株式会社
株式会社永誠,神奈川県秦野市曽屋５６０番地の５,2021-08-13,株式会社
株式会社琉建,北海道苫小牧市もえぎ町２丁目１８番２号,2021-08-13,株式会社
株式会社琉球管材,沖縄県浦添市仲間３丁目１９番１４号,2021-08-13,株式会社
株式会社福座,北海道恵庭市恵南６番地１２,2021-08-13,株式会社
株式会社積昇,愛知県名古屋市西区上橋町６２番地,2021-08-13,株式会社
株式会社立ジャパン,神奈川県横浜市西区花咲町６丁目１４３番地横浜ＭＩＤベースタワーレジデンス１２１２号,2021-08-13,株式会社
株式会社笑炎,愛知県名古屋市中川区春田３丁目９０番地１,2021-08-13,株式会社
株式会社第一設備,北海道日高郡新ひだか町静内旭町１丁目１８番２７号,2021-08-13,株式会社
株式会社裕昇,和歌山県有田市古江見１６８番地５,2021-08-13,株式会社
株式会社誠一商店,愛知県津島市唐臼町大門２２番地ヤマショウハイツ１０１号,2021-08-13,株式会社
株式会社辻堂デコレーション,神奈川県藤沢市辻堂元町４丁目７番３９号,2021-08-13,株式会社
株式会社長谷川ファーム,埼玉県熊谷市向谷５１番地,2021-08-13,株式会社
株式会社開米不動産,北海道札幌市西区発寒六条５丁目４番１１号,2021-08-13,株式会社
株式会社高山菓子店,広島県広島市佐伯区五日市町大字石内６５０２番５号,2021-08-13,株式会社
株式会社鶴亀屋,北海道標津郡標津町北六条西２丁目４番１号,2021-08-13,株式会社
株式会社Ａ２,愛知県名古屋市中区栄３丁目３５番２２号ゴードン栄ビル５階,2021-08-13,株式会社
株式会社ＡＮＦｉＲｉＳＥ,愛知県名古屋市中川区吉津５丁目７０１番地（富田荘６０７号）,2021-08-13,株式会社
株式会社ＡＲシステム,和歌山県紀の川市南中３０２番地,2021-08-13,株式会社
株式会社ＡＲＥＳ,大阪府大阪市住吉区東粉浜３丁目２３番４号,2021-08-13,株式会社
株式会社ＡＲＩＡＭＡＲＵ,東京都板橋区中丸町５０番９号,2021-08-13,株式会社
株式会社Ａｕｇｕｓｔ２,東京都渋谷区恵比寿４丁目２０番４号,2021-08-13,株式会社
株式会社ＢＥＣＫ,東京都港区南青山２丁目２番１５号,2021-08-13,株式会社
株式会社ＢＰＪＳ,愛知県名古屋市中川区中京南通２丁目８番地の１,2021-08-13,株式会社
株式会社ＣＡＬＭＯ,千葉県市原市草刈２０９番地７０,2021-08-13,株式会社
株式会社ＣＯＣＯＫＡＲＡ,富山県滑川市高月町３０番地６,2021-08-13,株式会社
株式会社ＣＯＮＴＡＣＴ・ＷＯＲＫＳＨＯＰ,東京都東村山市栄町１丁目１番地１８ラポール久米川ビル２０１,2021-08-13,株式会社
株式会社ＣＲＡＦＴマーケティング,東京都世田谷区桜３丁目９番２４号２０５,2021-08-13,株式会社
株式会社Ｃｈａｉｎ　Ｃｏｌｏｒｓ,兵庫県姫路市飾磨区恵美酒２２２番地１メゾン前田４０２号,2021-08-13,株式会社
株式会社Ｃｏｃｏｔｔｏ,大阪府大阪市中央区難波４丁目１番１５号近鉄難波ビル,2021-08-13,株式会社
株式会社Ｃｒｅｄｉｔａｌ,東京都品川区東五反田５丁目２５番１８号ＥＮＺＯ五反田ビル７Ｆ,2021-08-13,株式会社
株式会社Ｄ－Ａ－Ｉトランス,和歌山県紀の川市粉河５１１番地６,2021-08-13,株式会社
株式会社Ｄ－ｓｔｙｌｅ,大阪府枚方市川原町１１番１０号２０１,2021-08-13,株式会社
株式会社ＥＭＰＯＷＥＲ　ＷＯＭＡＮ,東京都港区海岸２丁目３番５－４０４号,2021-08-13,株式会社
株式会社ＥＶＯＲＩＳＥ,東京都立川市柴崎町６丁目１４番２８－１０１号,2021-08-13,株式会社
株式会社ＦＡＬＬＢＡＣＫ,兵庫県西宮市広田町１２番４８号,2021-08-13,株式会社
株式会社ＦＬＯＷＥＲ,埼玉県川口市戸塚東１丁目１４－２１スカイハイツ１０１号室,2021-08-13,株式会社
株式会社Ｆｌｏｇｅ,山梨県甲府市向町４３４番地１,2021-08-13,株式会社
株式会社ＧＯＲＡＫＵ　ＷＯＲＬＤ,東京都北区昭和町２丁目１番２８号,2021-08-13,株式会社
株式会社ＧＲＡＮＤＩＡ,静岡県浜松市南区飯田町８７１番地の３,2021-08-13,株式会社
株式会社Ｇａｔｔｏ＆Ｃａｎｅ,東京都中央区銀座１丁目２２番１１号,2021-08-13,株式会社
株式会社Ｇｉｖｅｒｅｄｇｅ,千葉県柏市東中新宿４丁目４番１８号２０１,2021-08-13,株式会社
株式会社Ｇｌｏｂａｌ　Ｏｕｔｓｏｕｒｃｉｎｇ,埼玉県川口市元郷２丁目１５番１－２２０５号エルザタワー５５,2021-08-13,株式会社
株式会社ＨａｌｆＷａｙ,東京都品川区南品川４丁目２番８号ホワイトコーポ第１・２０２,2021-08-13,株式会社
株式会社ＩＢＴ,東京都豊島区南大塚２丁目１５番６号,2021-08-13,株式会社
株式会社ＩＮＥＸ,埼玉県春日部市六軒町３０８番地,2021-08-13,株式会社
株式会社ＩＶＯＲＹ,東京都渋谷区千駄ヶ谷４丁目９番３－１１１号シティハウス神宮北参道,2021-08-13,株式会社
株式会社ＪＥＷＥＬ,静岡県浜松市中区成子町６４番地の５アルファステイツ浜松駅西１３０４号,2021-08-13,株式会社
株式会社ＪＵＮ２１,東京都新宿区原町１丁目６２番地５,2021-08-13,株式会社
株式会社Ｋ－ｓｔｙｌｅ,神奈川県川崎市川崎区大島１丁目２６番１０号,2021-08-13,株式会社
株式会社ＫＩＮＥＴＩＣＡ,千葉県四街道市四街道１丁目２０番２号モンフレール四街道Ａ棟１－２,2021-08-13,株式会社
株式会社ＫＩＮＺＯ,福岡県福岡市東区原田４丁目１３番１８号,2021-08-13,株式会社
株式会社ＫＪＲ,千葉県船橋市西船４丁目２０番７号ＳＡＰ西船橋駅前ビル３Ｆ,2021-08-13,株式会社
株式会社ＫＬＯ,福岡県福岡市博多区祇園町４番６７－６０２号,2021-08-13,株式会社
株式会社ＫＭＥアセットマネジメント,新潟県新潟市中央区天神１丁目１番地,2021-08-13,株式会社
株式会社ＫＮＧファーム,千葉県茂原市茂原６６１番地,2021-08-13,株式会社
株式会社ＫＮＩＴ　ＰＬＡＮＮＩＮＧ,福島県郡山市富田町字上亀田１１番地の１８,2021-08-13,株式会社
株式会社ＫＯＵＫＥＮ,北海道札幌市手稲区手稲前田５４３番地２０,2021-08-13,株式会社
株式会社ＫＰＢ,広島県広島市中区東白島町１９番６２－１２０１号,2021-08-13,株式会社
株式会社ＫＴ企画,東京都板橋区中台１丁目６番１号,2021-08-13,株式会社
株式会社ＬＯＯＰＯＲＴ,北海道札幌市南区真駒内上町１丁目１番１６－２０９号,2021-08-13,株式会社
株式会社ＬＵＫＡ　ＮＯＳＥ,東京都豊島区池袋４丁目２６－９亀山ビル１０１号室,2021-08-13,株式会社
株式会社Ｌｉｆｅ　Ｃａｐｉｔａｌ　Ｐａｒｔｎｅｒｓ,東京都世田谷区千歳台３丁目２２番１０号パークヒル千歳台２０１,2021-08-13,株式会社
株式会社Ｌｉｆｅ　Ｈｏｍｅ,東京都千代田区神田須田町１丁目２４番地６ＡＣＮ神田須田町ビル３Ｆ,2021-08-13,株式会社
株式会社Ｌｏｃａｌ,東京都港区東麻布２丁目３１番７－８０２号,2021-08-13,株式会社
株式会社Ｌｏｔｕｓ,福岡県北九州市戸畑区牧山２丁目８番２号,2021-08-13,株式会社
株式会社ＭＥＤＥＶＩＣＥ,東京都港区芝大門１丁目３番５号ＶＯＲＴ芝大門ⅠⅠ－３Ｆ,2021-08-13,株式会社
株式会社ＭＦＫ,東京都品川区西五反田４丁目１１番４号,2021-08-13,株式会社
株式会社ＭＯＲＩＮＡＧＡホールディングス,佐賀県佐賀市久保田町大字徳万４８番地１,2021-08-13,株式会社
株式会社ＭＴＫ,岡山県笠岡市新賀１６１９－１,2021-08-13,株式会社
株式会社ＭｉＬＯ,大阪府大阪市淀川区十三東１丁目２０番１８号ネオハイツ新淀川６１０室,2021-08-13,株式会社
株式会社Ｍｉｒｉｃｅ,愛媛県松山市吉藤５丁目１９番３９号,2021-08-13,株式会社
株式会社Ｍｏｎｊｕｄｅ,東京都品川区西五反田１丁目２６番２号五反田サンハイツ９１１,2021-08-13,株式会社
株式会社Ｍｏｏｎｓｈｉｎｅ,大阪府大阪市北区西天満５丁目１１－９マルビシマンション西天満３０８,2021-08-13,株式会社
株式会社Ｍｏｔｉｏｎ　Ｐｌａｎ,長野県東御市本海野１０１２番地,2021-08-13,株式会社
株式会社Ｍｔ．,愛知県名古屋市中区丸の内２丁目１４番４号エグゼ丸の内ビル４０８号,2021-08-13,株式会社
株式会社Ｎ’ｓ　Ａｒｋ,大阪府大阪市北区堂島１丁目２番７号,2021-08-13,株式会社
株式会社Ｎ．Ｓ．Ｓ．Ｋ,鹿児島県鹿児島市西陵１丁目２８－３,2021-08-13,株式会社
株式会社Ｎｏ　Ｃｏｄｅ,東京都台東区松が谷３丁目１７番５－６０３号シルクハットハイツ,2021-08-13,株式会社
株式会社ＯＫマーケット,東京都港区麻布十番１丁目５番１２－５０４号,2021-08-13,株式会社
株式会社Ｏｆｆｉｃｅ　ＫＴ,千葉県流山市江戸川台西２丁目２６５番地,2021-08-13,株式会社
株式会社ＰＡＬＭＯＲＥ,千葉県流山市おおたかの森南３丁目５番地の２８,2021-08-13,株式会社
株式会社ＰＡＴＯ　ＳＴＵＤＩＯ,東京都豊島区巣鴨３丁目２５番２号Ａ．Ｙビル２０１,2021-08-13,株式会社
株式会社ＰＨＥＮＯＭ,東京都目黒区東山１丁目５番１１号,2021-08-13,株式会社
株式会社ＰＯＲＴ,東京都渋谷区神宮前６丁目２３番４号桑野ビル２階,2021-08-13,株式会社
株式会社Ｐｉｎｅ　Ｂ．,東京都港区麻布十番１丁目５番２１－６０１号,2021-08-13,株式会社
株式会社Ｐｌａｌａ,大阪府大阪市北区天満橋２丁目４番１３号,2021-08-13,株式会社
株式会社Ｒ‐Ｐｒｏｊｅｃｔ,東京都港区海岸１丁目２番３号２１階,2021-08-13,株式会社
株式会社ＲＥＡＬＩＺＥ　ＫＮＩＧＨＴ,東京都町田市上小山田町１７５番地１５,2021-08-13,株式会社
株式会社ＲＥＶＩＣＬＥ,埼玉県新座市石神２丁目９番１７号,2021-08-13,株式会社
株式会社ＲＨＪ,愛知県名古屋市中村区太閤通８丁目３０番地ＡＲＫ中村公園３階,2021-08-13,株式会社
株式会社ＲＩＮＯＣＯＣＯ,岐阜県不破郡垂井町２１００番地の２２,2021-08-13,株式会社
株式会社ＲＩＮＴＯ,愛知県豊川市南大通６丁目２２番地,2021-08-13,株式会社
株式会社Ｒａｄｉｘ,大阪府大阪市北区鶴野町１－３安田ビル３０１,2021-08-13,株式会社
株式会社Ｒｅ　ｍａｋｅ,大阪府茨木市東太田２丁目２番１６号の１１,2021-08-13,株式会社
株式会社Ｒｙｕ’ｓ,千葉県柏市松ケ崎３０９番地８ゾーネンブルーメ・ノイン３０４号,2021-08-13,株式会社
株式会社Ｓ－プロモート,岐阜県岐阜市江添３丁目１番９－７０３号（ルミエール浅野）,2021-08-13,株式会社
株式会社ＳＥＮＳＩＮ,北海道札幌市中央区南五条西４丁目１番地,2021-08-13,株式会社
株式会社ＳＫＹ－ＯＮＥ,愛知県名古屋市中村区城主町６丁目２０番地の１ハイツＬＬＨ１０３号,2021-08-13,株式会社
株式会社ＳＫＹＬＩＮＥ　ＴＲＡＤＩＮＧ,愛知県江南市島宮町城２７番地県営島宮住宅２棟１０４号,2021-08-13,株式会社
株式会社Ｓｅｑｕｅｌ,東京都世田谷区三軒茶屋２丁目４０番１７号,2021-08-13,株式会社
株式会社Ｓｑｕｉｄ,大阪府大阪市西区西本町１丁目５番１３号,2021-08-13,株式会社
株式会社Ｓｔａｎｄａｒｄ,大阪府大阪市中央区久太郎町２丁目４番１１号,2021-08-13,株式会社
株式会社Ｓｔａｒｒｙ　Ｎｉｇｈｔ,東京都渋谷区神南１丁目６番５号,2021-08-13,株式会社
株式会社ＴＡＲＣＨＩ,東京都町田市高ヶ坂５丁目７番２５号ファミール１０１,2021-08-13,株式会社
株式会社ＴＥＳＯＴＴＯ,神奈川県横浜市神奈川区六角橋１丁目１７番２２号Ｂ１,2021-08-13,株式会社
株式会社ＴＩＭ,東京都中野区東中野１丁目３５番４号サンシャイン東中野１０２,2021-08-13,株式会社
株式会社ＴＳＤ,愛知県知多市にしの台１丁目２２０５番地の３,2021-08-13,株式会社
株式会社Ｔａｋｅ　ｕｐ,東京都豊島区東池袋１丁目３１－１５トーカン池袋第二キャステール８０５,2021-08-13,株式会社
株式会社ＴｏｐＲａｎｋ,北海道札幌市中央区南十三条西６丁目４番１３号,2021-08-13,株式会社
株式会社Ｔｕｒｏｎ　Ｊａｐａｎ,埼玉県富士見市ふじみ野西２丁目１－１アイムふじみ野南３番館５０１,2021-08-13,株式会社
株式会社Ｕｎｉｓｐｒｏｕｔｓ,大阪府寝屋川市若葉町１７番２７号,2021-08-13,株式会社
株式会社ＶＩＢＲＡＴＯ,大阪府大阪市中央区北久宝寺町１丁目５番６－９０２号,2021-08-13,株式会社
株式会社Ｗｉｓｄｏｍ,三重県四日市市安島２丁目８－２ミカーサ安島８Ｈ,2021-08-13,株式会社
株式会社Ｙ．Ｎ．Ｗ．Ａ,大阪府大阪市福島区福島３丁目８－１６フローラミヤザキ４０３号,2021-08-13,株式会社
株式会社ＹＡサービス,埼玉県戸田市美女木１丁目１番地の３,2021-08-13,株式会社
株式会社Ｙｏｕｒ　Ｔｈｏｕｓａｎｄ,東京都渋谷区円山町５番５号Ｎａｖｉ渋谷Ｖ３階,2021-08-13,株式会社
株式会社ｄｅｓｉｇｎ　ｗｏｒｋｓ　Ｎ,北海道江別市あさひが丘３５番地１５,2021-08-13,株式会社
株式会社ｅｃｌａｔ,福井県福井市文京１丁目３７番２号,2021-08-13,株式会社
株式会社ｆｕｎ　ｏｎ　ｄｅｓｉｇｎ,東京都町田市つくし野４丁目２８番地２８,2021-08-13,株式会社
株式会社ｆｕｒａｉｎ,千葉県市川市市川南３丁目８番１８号サニーコート市川第二２０１号,2021-08-13,株式会社
株式会社ｇｙ,千葉県市川市湊新田２丁目１番１号西田ビル３階,2021-08-13,株式会社
株式会社ｍａｇｎａ　ｓｅｃｏｎｄ,北海道千歳市清流５丁目２番５号,2021-08-13,株式会社
株式会社ｍａｇｏｃｏｒｏ,岡山県苫田郡鏡野町香々美８１３番地５,2021-08-13,株式会社
株式会社ｍａｋｏｔｏｎｏ,広島県安芸郡府中町瀬戸ハイム２丁目２０番２０号,2021-08-13,株式会社
株式会社ｍｏｎ　ｒｅｖｅ,大阪府大阪市中央区今橋２丁目３番１６号ＭＩＤ今橋ビル１Ｆ,2021-08-13,株式会社
武ダコーポレートライン株式会社,北海道札幌市白石区中央二条１丁目６番１５号,2021-08-13,株式会社
池宗株式会社,大阪府大阪市港区市岡元町２丁目６番１１号－２０３,2021-08-13,株式会社
泰和合同会社,埼玉県吉川市美南２丁目２５番地１グランセンス吉川美南セントラルレジデンス４０９号,2021-08-13,合同会社
流和株式会社,愛知県東海市荒尾町金山２７８番地,2021-08-13,株式会社
浅子コンサルティング合同会社,埼玉県さいたま市緑区大字大間木１８８７番地,2021-08-13,合同会社
特定非営利活動法人プエルタ・ハル,新潟県新潟市江南区丸山ノ内善之丞組３３９番地,2021-08-13,その他の設立登記法人
特定非営利活動法人メディキッズ,東京都世田谷区梅丘１丁目２３番２号Ｆｕｌｌｅａ梅丘１階,2021-08-13,その他の設立登記法人
特定非営利活動法人座談会,大阪府大阪市中央区北久宝寺町１丁目２－１オーセンティック東船場５０３号室,2021-08-13,その他の設立登記法人
特定非営利活動法人Ｃ’ｓコミュニティ,千葉県佐倉市上志津１６６７番地１８小柳ビル１階１,2021-08-13,その他の設立登記法人
白川工業株式会社,岐阜県不破郡垂井町表佐９１７番地の３,2021-08-13,株式会社
社会保険労務士法人友部事務所,東京都中央区日本橋小網町８番２号ＢＩＺＭＡＲＫＳ日本橋茅場町７０８,2021-08-13,その他の設立登記法人
神田錦町一般社団法人,東京都中央区八丁堀４丁目２番１０号ＡＯＪ税理士法人内,2021-08-13,その他の設立登記法人
税理士法人桜井会計,千葉県千葉市花見川区花園１丁目４番２号,2021-08-13,その他の設立登記法人
空牙合同会社,東京都杉並区高井戸東３丁目２８番１８号グランピラー高井戸１１０２,2021-08-13,合同会社
羽田建設株式会社,京都府木津川市加茂町駅西１丁目４番地１０,2021-08-13,株式会社
萬和工業株式会社,和歌山県和歌山市木ノ本２７９－１８,2021-08-13,株式会社
藤牧塗装株式会社,長野県須坂市旭ケ丘４番地１４２,2021-08-13,株式会社
裕祥株式会社,和歌山県海南市阪井６５２－１８,2021-08-13,株式会社
西宮市枝川町戸建Ｂ地区団地管理組合法人,兵庫県西宮市枝川町１６番５１号,2021-08-13,その他の設立登記法人
財団法人　史明教育基金会,,2021-08-13,外国会社等
赫氏商事株式会社,東京都目黒区中目黒５丁目７－３３ハイツ伊東３０１,2021-08-13,株式会社
近藤商事株式会社,大阪府和泉市はつが野２丁目１５番５号,2021-08-13,株式会社
都筑テック株式会社,神奈川県横浜市都筑区大熊町６７番地３２,2021-08-13,株式会社
銘勝貿易株式会社,千葉県野田市岩名１丁目３６番地の１９,2021-08-13,株式会社
鎌倉橋税理士法人,東京都千代田区内神田２丁目７番７号新内神田ビル３階,2021-08-13,その他の設立登記法人
Ａ－ｃｏｍｐａｎｙ合同会社,東京都練馬区栄町１８番７－１０２号,2021-08-13,合同会社
Ａ．　Ｌｏａｃｋｅｒ　Ｓｐａ／ＡＧ,東京都世田谷区三軒茶屋１丁目１０－５メゾン・グレースＦ棟,2021-08-13,外国会社等
ＡＭＡ　ＸｐｅｒｔＥｙｅ株式会社,東京都港区南青山１丁目１５番１６号山城ビル７Ｆネクストレベルジャパン株式会社内,2021-08-13,株式会社
ＡＭＩ株式会社,千葉県柏市十余二２４８番地３２８,2021-08-13,株式会社
ＡＮＮＡ　ＡＳＡＨＩ　ＬＩＭＩＴＥＤ,東京都港区赤坂６丁目１９－１９－２０４,2021-08-13,外国会社等
ＡＵＴＯ　ＭＡＸ,千葉県東金市下武射田２７０６番地３Ｆ,2021-08-13,外国会社等
ＡＹ合同会社,東京都品川区旗の台１丁目１１番９号,2021-08-13,合同会社
Ａｂｂｅｙ＆Ｃｏ．株式会社,東京都港区南麻布２丁目１３番２０－２０５号,2021-08-13,株式会社
Ａｒｔ　Ｓａｌｖａｇｅ株式会社,東京都千代田区飯田橋２丁目９番４号,2021-08-13,株式会社
Ａｓｏｂｉｇｏｃｏｒｏ合同会社,千葉県市川市相之川２丁目４－１２,2021-08-13,合同会社
ＢＯＹＯＮＤ株式会社,東京都港区赤坂１丁目１２－３２－３Ｆ,2021-08-13,株式会社
Ｂｌｕｅ　Ａｐｐｌｅ　Ｃｏｍｐａｎｙ株式会社,大阪府大阪市中央区島之内１丁目２１番３０号アスティオンカズ,2021-08-13,株式会社
Ｃａｒｅｆｒｅｅ　Ｌｉｆｅ合同会社,東京都品川区東品川４丁目６－７シャルマン東品川８１３,2021-08-13,合同会社
Ｃａｓｔ　ａ　ｓｐｅｌｌ合同会社,東京都豊島区高松２丁目５２番３号,2021-08-13,合同会社
ＣｒｏｓｓＢｏｒｄｅｒ株式会社,東京都目黒区碑文谷５丁目２番５号Ｔ＆Ａビル５階,2021-08-13,株式会社
ＤＡＥ　８１２５　Ｉｒｅｌａｎｄ　Ｌｉｍｉｔｅｄ,,2021-08-13,外国会社等
ＤＡＮＧ　ＰＨＯＮＧ合同会社,埼玉県川越市南台２丁目１１番６号熊谷店舗２階,2021-08-13,合同会社
ＤＯＨＡ合同会社,東京都目黒区三田１丁目１１－２４ブライズ恵比寿２０２,2021-08-13,合同会社
Ｄａｒｕｍａ　Ｇｒｏｕｐ合同会社,大阪府枚方市桜町１１番４８－１３号,2021-08-13,合同会社
Ｄｕｒｒ　Ｓｙｓｔｅｍｓ　ＡＧ,,2021-08-13,外国会社等
Ｅ－ＰＲＯ株式会社,沖縄県那覇市港町２丁目３番８号２階,2021-08-13,株式会社
ＥＫＩＣＩＴＹ　ＨＩＲＯＳＨＩＭＡ　全体管理組合施設部会,広島県広島市南区松原町３番１号,2021-08-13,その他
ＥＰＯＤＩＵＭ　ＪＡＰＡＮ合同会社,東京都品川区大井１丁目２５番１－１０３号,2021-08-13,合同会社
ＦＯＯＤＰＬＵＳ合同会社,神奈川県川崎市川崎区四谷下町８番１３号,2021-08-13,合同会社
ＧＣＪＧ１４株式会社,東京都港区元赤坂１丁目１番８号株式会社赤坂国際会計内,2021-08-13,株式会社
ＧＣＪＧ１５株式会社,東京都港区元赤坂１丁目１番８号株式会社赤坂国際会計内,2021-08-13,株式会社
ＧＬＰプロパティ合同会社,東京都港区東新橋１丁目５番２号汐留シティセンター,2021-08-13,合同会社
ＧＭＯオフィスサポート株式会社,東京都渋谷区道玄坂１丁目２番３号,2021-08-13,株式会社
Ｇｏｏｄ　Ｓｕｎｒｉｓｅ株式会社,福岡県久留米市天神町３１番地６,2021-08-13,株式会社
Ｈ＆Ｙ株式会社,兵庫県西宮市川西町６番１３号,2021-08-13,株式会社
Ｈ２Ｓｏｌｕｔｉｏｎｓ株式会社,千葉県千葉市美浜区中瀬１丁目３番地幕張テクノガーデンＣＢ棟３階ＭＢＰ,2021-08-13,株式会社
ＨＡＬＯ５１２株式会社,東京都練馬区中村３丁目３２番１５号アーバン中村１－１０６,2021-08-13,株式会社
ＨＥＡＬＴＨＦＵＬ　ＣＯＤＥ株式会社,広島県広島市南区猿猴橋町６番３４－１号,2021-08-13,株式会社
ＨＳ　ＨＡＲＤＷＡＲＥ,千葉県東金市西中８０番地７オフィスＣ号,2021-08-13,外国会社等
Ｈｉｒｏ　Ｐｌａｎｎｉｎｇ　Ｏｆｆｉｃｅ合同会社,東京都板橋区相生町９－１６,2021-08-13,合同会社
Ｉｌｌｕｍｉｏ　Ｊａｐａｎ合同会社,東京都世田谷区松原２丁目４１番１１号明治安田生命明大前ビル４階,2021-08-13,合同会社
ＪＳ株式会社,福岡県大牟田市山上町３番地エスポワール山上弐番館９０３,2021-08-13,株式会社
Ｋ．Ｋ．トランスポート合同会社,山形県山形市成沢西１丁目５番９号,2021-08-13,合同会社
ＫＣ株式会社,兵庫県神戸市灘区福住通５丁目３－２,2021-08-13,株式会社
ＫＩＮＧ　ＢＥＥＲ株式会社,大阪府豊中市勝部１丁目９番３０号,2021-08-13,株式会社
ＭＫＴ株式会社,北海道旭川市忠和八条５丁目３番６号,2021-08-13,株式会社
ＮＯＭ株式会社,兵庫県神戸市中央区波止場町６番３号,2021-08-13,株式会社
Ｎｅｗａ株式会社,宮城県仙台市青葉区小田原８丁目８番２８号,2021-08-13,株式会社
Ｎｏｖｅｌｓｈｉｐ　Ｊａｐａｎ株式会社,東京都渋谷区桜丘町２９番２５号渋谷パールホーム４０５,2021-08-13,株式会社
ＯＮＥＭＡＫＥ合同会社,大阪府大阪市都島区都島南通１丁目７番１９号,2021-08-13,合同会社
ＯＴＵＮＮＡ合同会社,千葉県佐倉市臼井田２３０２番地８,2021-08-13,合同会社
Ｏａｔｓｉｄｅ株式会社,東京都港区赤坂２丁目２３番１号アークヒルズ・フロントタワーＩｎＣｏｎｔｒｏｌ内,2021-08-13,株式会社
Ｏｕｒｓ合同会社,北海道札幌市東区北十一条東１丁目１－４０,2021-08-13,合同会社
Ｐｌａｙｄｅｍｉｃ　Ｌｉｍｉｔｅｄ,,2021-08-13,外国会社等
ＲＥＤ　ＧＯＤ株式会社,東京都渋谷区松濤２丁目７番６号,2021-08-13,株式会社
Ｒａｉｎｂｏｗ　Ｌｉｎｋ合同会社,東京都品川区東五反田５丁目２７番１０号ロイヤルハウス６Ｆ,2021-08-13,合同会社
ＳＥＡ　ＱＵＥＥＮＳ　ＥＮＴＥＲＰＲＩＳＥＳ,千葉県山武郡九十九里町西野１４０４番地１１０－Ｂ,2021-08-13,外国会社等
ＳＧ佐川アメロイド株式会社,,2021-08-13,外国会社等
ＳＫＴ企画合同会社,千葉県柏市末広町４番５号,2021-08-13,合同会社
Ｓｅｃｏｎｄ　Ｒｏｕｎｄ合同会社,東京都中央区銀座１丁目１２－４Ｎ＆Ｅ、ＢＬＤ．７Ｆ,2021-08-13,合同会社
Ｓｋｙ　Ｍｏｔｉｏｎ株式会社,兵庫県三田市三田町１４番２,2021-08-13,株式会社
ＴＡＫＥ－Ｂｅ合同会社,東京都町田市金森東３丁目４番６号,2021-08-13,合同会社
ＴＧＢ株式会社,大阪府大阪市淀川区東三国４丁目１４番２７号行澤ハイツ３０１号,2021-08-13,株式会社
ＴＨＥ　ＴＲＥＡＴ合同会社,沖縄県宮古島市平良字下里６０３－１０３,2021-08-13,合同会社
ＴＯＰ　ＳＰＥＥＤ株式会社,三重県四日市市堂ケ山町１７８８,2021-08-13,株式会社
Ｔａｋｕｍｉ商事合同会社,新潟県小千谷市大字川井４３４０－１,2021-08-13,合同会社
Ｔｉｅｒｒａ合同会社,東京都渋谷区本町３丁目３１番３号１００４号室,2021-08-13,合同会社
Ｔｏｋｙｏ　ｉｎｄｉａ　ｃａｒ合同会社,東京都江戸川区大杉２丁目９－６,2021-08-13,合同会社
ＹＩ合同会社,千葉県山武市横田５４１番地４,2021-08-13,合同会社
Ｚ＆Ｊ株式会社,埼玉県川口市西川口３丁目１５－２４ルシエールⅡ３０１号室,2021-08-13,株式会社
ｄｉｇ合同会社,東京都大田区蒲田２丁目８番３号,2021-08-13,合同会社
ｌｅｅｒａ株式会社,東京都葛飾区四つ木２丁目４番１６号ベルハイツ２０２,2021-08-13,株式会社
ｌｅｔｅ株式会社,宮城県仙台市泉区南光台東３丁目１７番１号,2021-08-13,株式会社
ｍｉｌｅ株式会社,東京都品川区大井２丁目１８番８号,2021-08-13,株式会社
ｗｏｒｋｓ株式会社,北海道千歳市根志越２４６６番１０号,2021-08-13,株式会社
ありがとうの夢株式会社,北海道札幌市中央区北十条西１４丁目１番２号,2021-08-16,株式会社
さくらプランニング株式会社,鹿児島県姶良市池島町２８番地１８,2021-08-16,株式会社
ひかり合同会社,神奈川県相模原市中央区上溝６０７番地８,2021-08-16,合同会社
みちのくｒｅＭａｋｅｒｓ合同会社,秋田県湯沢市大工町５－４８,2021-08-16,合同会社
ゑちごや株式会社,埼玉県富士見市渡戸１丁目６番６号,2021-08-16,株式会社
アクア管工株式会社,愛知県江南市後飛保町新開１７９番地,2021-08-16,株式会社
アミテア合同会社,宮城県仙台市若林区新寺１丁目６－８,2021-08-16,合同会社
アロース株式会社,東京都三鷹市上連雀１丁目１７番２８号,2021-08-16,株式会社
イデア合同会社,神奈川県小田原市本町３丁目５番２２号,2021-08-16,合同会社
インクレド株式会社,埼玉県さいたま市南区大字太田窪２８３２－１－３０６,2021-08-16,株式会社
ウインホーム株式会社,北海道札幌市白石区菊水上町三条３丁目５２番地１８みゆきビル１階,2021-08-16,株式会社
ウェブタイズ合同会社,岐阜県岐阜市鹿島町１丁目５鹿島スクエアビル６階－２,2021-08-16,合同会社
エフコーポレーション株式会社,大阪府吹田市広芝町５番４号,2021-08-16,株式会社
エー・ビー株式会社,東京都港区虎ノ門３丁目７番１０号ランディック虎ノ門ビル９階,2021-08-16,株式会社
カネヒチ産業株式会社,静岡県静岡市清水区駒越南町１１番４４号,2021-08-16,株式会社
カリステニクス合同会社,埼玉県上尾市大字上６番地３,2021-08-16,合同会社
グラノバリオ株式会社,静岡県沼津市岡一色４８８番地の３,2021-08-16,株式会社
コンサー協同組合,大阪府東大阪市四条町１０番２１号,2021-08-16,その他の設立登記法人
サッカロン株式会社,東京都渋谷区渋谷３丁目６－２,2021-08-16,株式会社
シュンカ株式会社,東京都新宿区大久保２丁目１１番２４号フォンテーヌ新宿３０３,2021-08-16,株式会社
スカイユニオンジャパン合同会社,大阪府泉南市信達岡中９７３番地の５０,2021-08-16,合同会社
ナタサ株式会社,東京都荒川区東日暮里３丁目１４番１８－６０５号,2021-08-16,株式会社
ナワズトレーディング株式会社,兵庫県神戸市長田区雲雀ケ丘３丁目６－１ヴィラナリー雲雀ヶ丘１号棟２０４号,2021-08-16,株式会社
ニワトリワークス合同会社,福井県福井市大宮町３１－３６,2021-08-16,合同会社
ハヤブサ建設株式会社,埼玉県川口市芝樋ノ爪１丁目１番７号,2021-08-16,株式会社
ビットグラフ合同会社,東京都江東区有明３丁目７番２６号,2021-08-16,合同会社
ファーストピット合同会社,愛知県名古屋市名東区上社４丁目１０４－１ひじりハウス１階,2021-08-16,合同会社
プライムメディカホールディングス株式会社,埼玉県川口市本町４丁目７番２１号,2021-08-16,株式会社
ヘルスケアグロースジャパン株式会社,東京都中央区勝どき１丁目３番１－２４０３号,2021-08-16,株式会社
ホッグスヘッド合同会社,東京都江戸川区春江町５丁目１７番地１６８,2021-08-16,合同会社
マサミツテクノロジー株式会社,宮崎県都城市志比田町５１７８番地６,2021-08-16,株式会社
ミックス合同会社,東京都墨田区江東橋４丁目１８番８号小西ビル１ｄ,2021-08-16,合同会社
メイハート合同会社,福岡県福岡市南区長住２丁目２２番２０号,2021-08-16,合同会社
ヤマショー株式会社,宮城県仙台市若林区大和町１丁目６番２－１０１号,2021-08-16,株式会社
ユアサイト合同会社,東京都渋谷区渋谷２丁目１９－１５宮益坂ビルディング６０９,2021-08-16,合同会社
ライフサポート合同会社,福岡県福岡市中央区薬院４丁目１８番２６号サンビューハイツ浄水２０４号室,2021-08-16,合同会社
ラソＧ－グループ合同会社,北海道岩見沢市八条西１４丁目２番地４サーム８条西参番館４０１号,2021-08-16,合同会社
ランドハウス・コンサルティング株式会社,東京都世田谷区砧３丁目２番２号,2021-08-16,株式会社
リカー・シー株式会社,福岡県久留米市田主丸町以真恵２６４番地３,2021-08-16,株式会社
ロードマップ・ホールディングス合同会社,東京都港区六本木６丁目１０番１号六本木ヒルズ森タワー,2021-08-16,合同会社
ワイズ・メディック株式会社,埼玉県上尾市大字原市７６６番地１,2021-08-16,株式会社
一盛社中合同会社,青森県むつ市新町一丁目２３番新町ビル２Ｆ,2021-08-16,合同会社
一般社団法人ありのままに生きる学校,福井県坂井市春江町井向第１４号５５番地,2021-08-16,その他の設立登記法人
一般社団法人こもれびの和,千葉県柏市名戸ケ谷１丁目６番１９号,2021-08-16,その他の設立登記法人
一般社団法人つむぐ,沖縄県豊見城市字渡嘉敷２８２番１,2021-08-16,その他の設立登記法人
一般社団法人ねこの守り人,北海道札幌市中央区南四条西７丁目５番地１,2021-08-16,その他の設立登記法人
一般社団法人ゆずなの郷,東京都足立区西伊興２丁目２番１１号,2021-08-16,その他の設立登記法人
一般社団法人ウエルネス・エイト協会,京都府京都市中京区一之船入町５３７－２３ミレニアム御池５階,2021-08-16,その他の設立登記法人
一般社団法人エシカルウェディング協会,東京都三鷹市井の頭２丁目１４番２－２０３号,2021-08-16,その他の設立登記法人
一般社団法人オカマルト,東京都町田市三輪緑山３丁目２１１２番地１２藤和ライブタウン緑山２－３０９,2021-08-16,その他の設立登記法人
一般社団法人サン・イルミナーレ,京都府城陽市寺田林ノ口２２－６－１４０３,2021-08-16,その他の設立登記法人
一般社団法人ヘルスサポート,三重県伊勢市藤里町１番地２６１,2021-08-16,その他の設立登記法人
一般社団法人北海道健康倶楽部,北海道札幌市白石区菊水元町六条４丁目２番８号,2021-08-16,その他の設立登記法人
一般社団法人北海道共創デザイン機構,北海道札幌市西区福井２丁目１番７号,2021-08-16,その他の設立登記法人
一般社団法人厚木市電気設備工業協会,神奈川県厚木市愛甲東２丁目６番１９号,2021-08-16,その他の設立登記法人
一般社団法人大分県スポーツＩＴ協会,大分県大分市高江北２丁目７番地の１０,2021-08-16,その他の設立登記法人
一般社団法人日本カナビス産業協会,東京都江東区有明３丁目７番２６号有明フロンティアビルＢ棟９階,2021-08-16,その他の設立登記法人
一般社団法人日本ＶＥＧＡＮ　ＣＡＭＰ協会,東京都台東区千束３丁目８番１１－５０３号ルクシェール浅草,2021-08-16,その他の設立登記法人
一般社団法人琉球Ｇｕａｒｄｉａｎ　Ｌｉｏｎｓ,沖縄県中頭郡北谷町字砂辺３４３番地,2021-08-16,その他の設立登記法人
一般社団法人発達共働会,東京都国立市富士見台４丁目２番地の３,2021-08-16,その他の設立登記法人
一般社団法人相模原市南区地域障がい福祉連絡協議会,神奈川県相模原市南区東林間６丁目１５番８号１Ｆ,2021-08-16,その他の設立登記法人
一般社団法人石川県認定こども園協会,石川県鳳珠郡穴水町字川島タの２番地,2021-08-16,その他の設立登記法人
一般社団法人詩の郷,鹿児島県姶良市西姶良４丁目１７番１９号,2021-08-16,その他の設立登記法人
一般社団法人黙擁会,沖縄県島尻郡南風原町字神里１４５番地Ｂ棟１０１,2021-08-16,その他の設立登記法人
一般社団法人４ＤＡＳ協会,京都府京都市左京区下鴨南野々神町１番地の１５、フォースビル４階,2021-08-16,その他の設立登記法人
一般社団法人Ｉｓｓｉ同仁グループ,福島県白河市郭内１５１番地９６,2021-08-16,その他の設立登記法人
一般社団法人Ｊｕｍｐ　Ｆｅｓｔｉｖａｌ,三重県鈴鹿市南旭が丘３丁目２番１０号,2021-08-16,その他の設立登記法人
一般社団法人ＳＡ　ＰＲＯＰＥＲＴＹ５,東京都港区虎ノ門５丁目１番４号,2021-08-16,その他の設立登記法人
一般社団法人ｔａｋｅ　ｓｔｅｐ,愛知県名古屋市守山区東山町１３番２７号グラン・コート瓢箪山４０２号,2021-08-16,その他の設立登記法人
一般財団法人甲賀高分子育英奨学財団,滋賀県湖南市石部北１丁目４番２６号,2021-08-16,その他の設立登記法人
三禾国際投資株式会社,東京都豊島区南池袋１丁目９番１８号３４５号室,2021-08-16,株式会社
上田工務店株式会社,福岡県宗像市日の里２丁目６番地６,2021-08-16,株式会社
下関アグリフードサービス株式会社,山口県下関市一の宮住吉３丁目２番１号,2021-08-16,株式会社
中津川市薬剤師会,岐阜県中津川市駒場１６６６－３４１４,2021-08-16,その他
中経堂株式会社,岐阜県郡上市八幡町城南町小ノ田２３２番地１４号,2021-08-16,株式会社
中越工業株式会社,静岡県袋井市浅羽２２８１番地の２１,2021-08-16,株式会社
九曜株式会社,京都府宇治市南陵町１丁目１番地の１９９,2021-08-16,株式会社
住友電子金属労働組合,東京都青梅市末広町１丁目６番地１号住友金属鉱山株式会社青梅事業所内,2021-08-16,その他の設立登記法人
光総合株式会社,神奈川県伊勢原市下糟屋３０２６番地１６ＭＫⅡ２０３,2021-08-16,株式会社
入政・エンタープライズ株式会社,東京都中野区南台３丁目７番９号,2021-08-16,株式会社
全日本輸入サポート株式会社,大阪府東大阪市高井田元町２丁目８番５号,2021-08-16,株式会社
創家祥建合同会社,大分県別府市朝見２丁目７番１１号,2021-08-16,合同会社
創株式会社,東京都杉並区上井草２丁目２９－２０,2021-08-16,株式会社
北海道フードインポート株式会社,北海道札幌市東区伏古四条４丁目２番１５号,2021-08-16,株式会社
半夏生合同会社,京都府京都市上京区裏門通出水上る白銀町２４５－５,2021-08-16,合同会社
協同組合ＥＰＲ,石川県かほく市高松ケ１３番地２０,2021-08-16,その他の設立登記法人
合同会社かいり,神奈川県横浜市旭区中希望が丘４９番地９,2021-08-16,合同会社
合同会社かねしま,香川県高松市川部町１０８４,2021-08-16,合同会社
合同会社さくらパートナーズ,福岡県北九州市小倉北区大田町１４番２９号,2021-08-16,合同会社
合同会社さとう,東京都豊島区南大塚２丁目２１番７－８０１号,2021-08-16,合同会社
合同会社ぬくみ,東京都調布市緑ケ丘２丁目４９番３５号,2021-08-16,合同会社
合同会社ふるさと津軽ファーム,青森県北津軽郡板柳町大字長野字南村元６番地６,2021-08-16,合同会社
合同会社みなた,山口県下関市豊田町大字宇内６８４番地,2021-08-16,合同会社
合同会社アンダーステア,埼玉県富士見市ふじみ野東２丁目７番地１シティヴェールふじみ野三番館８１１,2021-08-16,合同会社
合同会社アンテケッロ,愛知県知立市谷田町西２丁目６番地２２,2021-08-16,合同会社
合同会社イゾラリッカ,沖縄県石垣市字新川２４６０番地３２トゥモール石川３０５,2021-08-16,合同会社
合同会社ウィズラン,埼玉県越谷市赤山町２丁目１４６番２号,2021-08-16,合同会社
合同会社オトナキ,鹿児島県大島郡和泊町大字国頭２２３２,2021-08-16,合同会社
合同会社オーブサポート,埼玉県新座市野寺４丁目４番４３号,2021-08-16,合同会社
合同会社ギフト,宮城県仙台市若林区土樋２９４番地,2021-08-16,合同会社
合同会社コンチェルト・ワークス,東京都大田区北馬込１丁目１３－３ルーミィ北馬込２０４,2021-08-16,合同会社
合同会社ゴールドアセットマネジメント,福岡県福岡市中央区薬院１丁目１番１号４Ｆ,2021-08-16,合同会社
合同会社サスケブレイン,香川県三豊市仁尾町仁尾甲１３６２番地１,2021-08-16,合同会社
合同会社シグマ,埼玉県さいたま市浦和区常盤１０丁目２番４号３０２,2021-08-16,合同会社
合同会社スプリングバレー,北海道上川郡東神楽町ひじり野南三条１丁目１１番２号,2021-08-16,合同会社
合同会社スマイルール,北海道岩見沢市南町四条２丁目２－８,2021-08-16,合同会社
合同会社ソニックジャパン,東京都墨田区菊川１丁目８番８－８０３号ＳＹＦＯＲＭＥＭＯＲＩＳＨＩＴＡ,2021-08-16,合同会社
合同会社テンバガー,広島県広島市南区段原３丁目３番２７号段原メディカルビル３階,2021-08-16,合同会社
合同会社テンプス,東京都新宿区四谷坂町４番１号サンウィング四谷２０２,2021-08-16,合同会社
合同会社ナイサンド,沖縄県浦添市字城間３０１９番地座波建設ビル５０６,2021-08-16,合同会社
合同会社ノートス,大阪府豊中市新千里北町３丁目１－１１,2021-08-16,合同会社
合同会社プランツブリス,東京都世田谷区八幡山３丁目２１番２号,2021-08-16,合同会社
合同会社マサゴン,福岡県福岡市東区香椎駅前１丁目１３番２３号ＴＯＵＫＯＵビル１階守衛室,2021-08-16,合同会社
合同会社ヤミーフーズ,北海道釧路市大楽毛二線１７０番地の１１１,2021-08-16,合同会社
合同会社リゾートプラス,沖縄県中頭郡読谷村字喜名２２７９番地１４,2021-08-16,合同会社
合同会社リハビリフォーム,北海道石狩市花川南一条３丁目１２６,2021-08-16,合同会社
合同会社リーガルサーチ,北海道札幌市中央区大通西２１丁目３－１－３０１,2021-08-16,合同会社
合同会社万福,山口県宇部市大字際波３０４番地５,2021-08-16,合同会社
合同会社修養,岡山県岡山市北区野田３丁目１３番３７号アソシエビル２０２,2021-08-16,合同会社
合同会社友,三重県員弁郡東員町笹尾東４丁目２０番８,2021-08-16,合同会社
合同会社地球遊園地,神奈川県横浜市港北区樽町１丁目２２番１５号,2021-08-16,合同会社
合同会社峰不動産,埼玉県川口市西青木３丁目５番３０号パールハイツ２０３号,2021-08-16,合同会社
合同会社彩,埼玉県三郷市新和４丁目４６３番地,2021-08-16,合同会社
合同会社彩美工芸,北海道札幌市西区宮の沢四条５丁目１０番１２号,2021-08-16,合同会社
合同会社惠宝拓友,鹿児島県鹿児島市坂之上４丁目１５番２５号,2021-08-16,合同会社
合同会社森林公園不動産,北海道札幌市厚別区厚別東五条８丁目４番３－７０１号,2021-08-16,合同会社
合同会社百財,徳島県板野郡板野町川端字金泉寺東２０番地２,2021-08-16,合同会社
合同会社虹貝,大阪府東大阪市新家西町６番８－３０２号,2021-08-16,合同会社
合同会社駒井組,神奈川県横浜市中区桜木町１丁目１０１番地１クロスゲート７階,2021-08-16,合同会社
合同会社高木商会,大阪府茨木市畑田町１４－３,2021-08-16,合同会社
合同会社高梁グリーンエナジー,岡山県高梁市松原町神原２２８１番地４,2021-08-16,合同会社
合同会社齊藤,北海道江別市錦町２番地の１７ハイツイワオカ２０３,2021-08-16,合同会社
合同会社１０７ｗｏｒｋｓ,宮崎県宮崎市大字恒久５３５５番地１０１,2021-08-16,合同会社
合同会社ＡＭＩＣＩ,熊本県熊本市北区武蔵ケ丘４丁目１６番２８号坂本ビル１Ｆ,2021-08-16,合同会社
合同会社Ａｂｉｒａ　Ｒｅａｌ　Ｅｓｔａｔｅ,北海道勇払郡安平町早来栄町９０番地１０,2021-08-16,合同会社
合同会社Ａｋ　日本モータース,三重県鈴鹿市東旭が丘１丁目２番４０号サンライズヒルズ１０１号,2021-08-16,合同会社
合同会社Ｂｉｓｈａｗａ　ｃｏｒｐｏｒａｔｉｏｎ,埼玉県川越市霞ケ関東１丁目１０－１６－１０１,2021-08-16,合同会社
合同会社Ｃｏｌｏｒｅ,東京都目黒区下目黒１丁目４－１８,2021-08-16,合同会社
合同会社ＤＸ高知,高知県高知市旭天神町２８８番地５,2021-08-16,合同会社
合同会社Ｅｎｄｓ　ｗｅｌｌ,東京都中央区月島１丁目２２－１－１４０９,2021-08-16,合同会社
合同会社Ｆｕｔｕｒｅ　Ｍａｋｅｒ,愛知県西尾市伊藤４丁目１４番地２０ソレイユつるしろ２０２,2021-08-16,合同会社
合同会社ＧＬＡＤ,北海道北広島市大曲並木３丁目２０番地８,2021-08-16,合同会社
合同会社ＧｉｖｅＬａｂ,東京都墨田区石原３丁目１９－６,2021-08-16,合同会社
合同会社Ｋ－ＳＴＡＧＥ,北海道札幌市東区北丘珠四条１丁目９番１１号,2021-08-16,合同会社
合同会社ＫＡＣＨＩＫＯＫＯＲＯ,福岡県飯塚市芳雄町１番１４号サニーロイヤル新飯塚南７０１号,2021-08-16,合同会社
合同会社Ｌｅａｆ　ｓｔｏｎｅ,福岡県大牟田市大字歴木１５８８番地３,2021-08-16,合同会社
合同会社ＬｅｄＬｅｉｔｈ,京都府京都市南区東九条南烏丸町３２,2021-08-16,合同会社
合同会社Ｌｉｆｅ　Ｓｈｉｆｔ　Ｉｎｎｏｖａｔｉｏｎ,福岡県福岡市中央区天神１丁目１番１号,2021-08-16,合同会社
合同会社ＭＩＤ,北海道北広島市中の沢１３６番１,2021-08-16,合同会社
合同会社ＭＰＢ,北海道札幌市中央区南五条西８丁目５番地１,2021-08-16,合同会社
合同会社Ｍａ　ｖｉｅ,大阪府寝屋川市田井西町３４番３号,2021-08-16,合同会社
合同会社ＮＫマネジメント,大阪府河内長野市高向５１７番地の１,2021-08-16,合同会社
合同会社ＮＯＲＴＨ　ＵＰ,愛知県あま市坂牧向江１３番地１,2021-08-16,合同会社
合同会社Ｎｏａｈ　Ｐｒｏｊｅｃｔ,東京都八王子市長沼町７３９番地５,2021-08-16,合同会社
合同会社ＲＥＩＮ,鳥取県鳥取市秋里８１８,2021-08-16,合同会社
合同会社ＲｉｔｔｅｒＯｒｄｅｎＫｕｍａｍｏｔｏ,熊本県合志市幾久富１９０９番地５６９ちとせ循環器内科,2021-08-16,合同会社
合同会社Ｒｕｂｉａ,神奈川県横浜市戸塚区品濃町８８０番地５ザ・パークハウス東戸塚レジデンス８１８,2021-08-16,合同会社
合同会社ＳＡ　ＰＲＯＰＥＲＴＹ５,東京都港区虎ノ門５丁目１番４号,2021-08-16,合同会社
合同会社ＳＪＺジャパン,沖縄県那覇市辻１丁目１６－９サングリーンビル１階,2021-08-16,合同会社
合同会社ＳＬＮ,大阪府茨木市駅前１丁目２番１３－１２０３号,2021-08-16,合同会社
合同会社ＳＲ,東京都豊島区東池袋１丁目１４番３号,2021-08-16,合同会社
合同会社ＳＳＲ,神奈川県横浜市旭区さちが丘１８３番地２０,2021-08-16,合同会社
合同会社ＳＴＣグループ,大阪府枚方市長尾北町１丁目１７９３番地の２,2021-08-16,合同会社
合同会社ＳＹＮＣＡ合同会計事務所,埼玉県越谷市蒲生西町２丁目１４－３６,2021-08-16,合同会社
合同会社Ｓａｈａｒａ,大阪府八尾市植松町８丁目１番２２号,2021-08-16,合同会社
合同会社Ｓａｎｄａｉ．Ｐａｒｔｎｅｒ,愛知県名古屋市中区丸の内１丁目１４番２９号,2021-08-16,合同会社
合同会社Ｓｐａｒｋｌｅ　Ｌｉｆｅ,長崎県長崎市田中町９６５番地１１,2021-08-16,合同会社
合同会社ＴＥＲＡＳ－Ｕ,大阪府大阪市西区南堀江３丁目１２番１９号ＡＸＩＳ西長堀１００５号,2021-08-16,合同会社
合同会社ＴＲＵＯＮＧ　ＰＨＡＴ,福岡県八女市本町１－３－４,2021-08-16,合同会社
合同会社Ｔｅａｍ　Ａｃｃｅｌｅｒａｔｅ,埼玉県川口市戸塚東１丁目２－２８,2021-08-16,合同会社
合同会社Ｔｏｍｏｒｒｏｗ　Ｓｍｉｌｅ,神奈川県大和市林間２丁目１０番１２号,2021-08-16,合同会社
合同会社Ｔｓｕｋａｄａ　Ｍｏｔｏｒｓ,岐阜県可児市今渡１５９５番地２２５,2021-08-16,合同会社
合同会社ＵｗＵ,東京都港区南青山２丁目２番１５号,2021-08-16,合同会社
合同会社Ｖ１,東京都台東区東上野１丁目２０番２号,2021-08-16,合同会社
合同会社Ｖａｌ－Ｈａｌｌａ,宮城県仙台市青葉区国分町２丁目７番５号,2021-08-16,合同会社
合同会社ＷＯＯＤ－ＳＭＩＬＥ,北海道網走市能取港町２丁目２番４号,2021-08-16,合同会社
合同会社ＹＭＰＴ,福岡県福岡市東区西戸崎２丁目１番３０－５１８号モントーレブルー・ラ・メール福岡キャビン棟,2021-08-16,合同会社
合同会社ｆｕｎ　ｆｕｎ　ｆｕｎ,北海道札幌市手稲区稲穂一条６丁目２３番８号,2021-08-16,合同会社
合同会社ｇｒｉＦＦｉｃｅ,宮城県仙台市青葉区五橋１丁目６番地８遠藤ビル３階,2021-08-16,合同会社
合同会社ｍａｒｍｏｕｎｔ,栃木県小山市大字下国府塚６３７番地１,2021-08-16,合同会社
合同会社ｍａｒｕ,東京都江東区北砂６丁目１２番６号,2021-08-16,合同会社
合同会社ｎｏｚｎｏ’ｓ,福岡県福岡市南区柳瀬１丁目９番１１号,2021-08-16,合同会社
合同会社ｐｉｅｎｉ,東京都目黒区上目黒３丁目１番８号Ｂｏｕｒｒｅｅ－３０５,2021-08-16,合同会社
合同会社ｗｈｅｅｅ,東京都渋谷区神山町４２番９号,2021-08-16,合同会社
向原第二住宅団地マンション建替組合,東京都板橋区小茂根１丁目１番,2021-08-16,その他
向日葵工房株式会社,神奈川県川崎市高津区溝口１丁目１６番１１号エランドールカスタム５０１号,2021-08-16,株式会社
大林コーポレーション株式会社,富山県高岡市戸出光明寺３８１番地３,2021-08-16,株式会社
大草農園株式会社,熊本県玉名市青野１１１８番地,2021-08-16,株式会社
寶迷株式会社,東京都豊島区池袋４丁目２４番１号金山ビル３階,2021-08-16,株式会社
工務店コンサルティング合同会社,宮城県仙台市若林区南小泉字八軒小路１７番地の１南陽コーポ３０５,2021-08-16,合同会社
彩希運送株式会社,広島県廿日市市宮内工業団地１番９号,2021-08-16,株式会社
愿星合同会社,大阪府枚方市大字尊延寺７２０番地,2021-08-16,合同会社
日光Ｐｌｕｓ２０合同会社１,東京都千代田区丸の内３丁目１番１号東京共同会計事務所内,2021-08-16,合同会社
日光Ｐｌｕｓ２０合同会社１０,東京都千代田区丸の内３丁目１番１号東京共同会計事務所内,2021-08-16,合同会社
日光Ｐｌｕｓ２０合同会社１１,東京都千代田区丸の内３丁目１番１号東京共同会計事務所内,2021-08-16,合同会社
日光Ｐｌｕｓ２０合同会社１２,東京都千代田区丸の内３丁目１番１号東京共同会計事務所内,2021-08-16,合同会社
日光Ｐｌｕｓ２０合同会社２,東京都千代田区丸の内３丁目１番１号東京共同会計事務所内,2021-08-16,合同会社
日光Ｐｌｕｓ２０合同会社３,東京都千代田区丸の内３丁目１番１号東京共同会計事務所内,2021-08-16,合同会社
日光Ｐｌｕｓ２０合同会社４,東京都千代田区丸の内３丁目１番１号東京共同会計事務所内,2021-08-16,合同会社
日光Ｐｌｕｓ２０合同会社５,東京都千代田区丸の内３丁目１番１号東京共同会計事務所内,2021-08-16,合同会社
日光Ｐｌｕｓ２０合同会社６,東京都千代田区丸の内３丁目１番１号東京共同会計事務所内,2021-08-16,合同会社
日光Ｐｌｕｓ２０合同会社７,東京都千代田区丸の内３丁目１番１号東京共同会計事務所内,2021-08-16,合同会社
日光Ｐｌｕｓ２０合同会社８,東京都千代田区丸の内３丁目１番１号東京共同会計事務所内,2021-08-16,合同会社
日光Ｐｌｕｓ２０合同会社９,東京都千代田区丸の内３丁目１番１号東京共同会計事務所内,2021-08-16,合同会社
日彰工業株式会社,京都府久世郡久御山町森村東２３８番地４,2021-08-16,株式会社
日本自動車交通労働組合,東京都中野区大和町１丁目６８番７号,2021-08-16,その他の設立登記法人
日貿良品株式会社,神奈川県川崎市麻生区千代ケ丘４丁目２２番地９４,2021-08-16,株式会社
株式会社あんじん,愛知県名古屋市西区牛島町６番地１号名古屋ルーセントタワー４０階,2021-08-16,株式会社
株式会社いきるちから,宮崎県延岡市平原町３丁目２６０９番地９,2021-08-16,株式会社
株式会社えべおつＷｅｉｎ,北海道滝川市江部乙町東１２丁目１４５４番地３９,2021-08-16,株式会社
株式会社きづた事務所,京都府京都市左京区粟田口鳥居町２１番地２２,2021-08-16,株式会社
株式会社じぎょうけいかく,神奈川県川崎市高津区坂戸１丁目１７－２クリオ溝の口１０２,2021-08-16,株式会社
株式会社たてやま総合鑑定,大阪府茨木市中穂積１丁目１番５２号アメニティ夢Ⅲ２０５号,2021-08-16,株式会社
株式会社ひまわり,埼玉県熊谷市久保島６７５番地１,2021-08-16,株式会社
株式会社アイビーＧＯＯＤ,群馬県前橋市富士見町小暮２４２４番地１,2021-08-16,株式会社
株式会社アイプラス,福岡県久留米市藤山町１７９７番地１１,2021-08-16,株式会社
株式会社アジサイ,福井県福井市開発４丁目１０７番地１,2021-08-16,株式会社
株式会社アストランティア,東京都千代田区大手町１丁目６－１大手町ビル１階ＳＰＡＣＥＳ大手町,2021-08-16,株式会社
株式会社アテンダントサービス,愛知県みよし市三好町上２０５番地４,2021-08-16,株式会社
株式会社アデカット,東京都墨田区錦糸１丁目２番１号アルカセントラル１４Ｆ,2021-08-16,株式会社
株式会社アプリュス,北海道札幌市南区藤野一条８丁目１４番２２号,2021-08-16,株式会社
株式会社アプローズ不動産,大阪府豊中市上野東１丁目１４番１１号,2021-08-16,株式会社
株式会社アンクル,東京都葛飾区金町２丁目５番７－７０１号ＫＶＩＬＬＡＧＥケイヴィラージュ,2021-08-16,株式会社
株式会社アートレックス,大阪府堺市西区鳳中町９丁２９１番地８モンタージュ２０１号,2021-08-16,株式会社
株式会社イツキ,東京都稲城市若葉台２丁目１２番地Ｂ－６０７,2021-08-16,株式会社
株式会社イノイチテクノロジーズ,東京都千代田区九段南１丁目５番６号りそな九段ビル５階,2021-08-16,株式会社
株式会社イブニング,大阪府羽曳野市野４３６番地の１１,2021-08-16,株式会社
株式会社ウィルアドバンス,東京都板橋区常盤台３丁目８番１０号,2021-08-16,株式会社
株式会社ウィルウェイＴＡＧＧ,東京都目黒区東が丘１丁目５番１６号,2021-08-16,株式会社
株式会社ウイング,鹿児島県鹿児島市中央町１９番地４０ザ・パークハウス鹿児島中央タワー１１０９号室,2021-08-16,株式会社
株式会社エイチ・スタイル,岐阜県羽島市正木町不破一色２２８番地２,2021-08-16,株式会社
株式会社エイトナイン,大阪府吹田市垂水町３丁目２９番３３－１１０５号,2021-08-16,株式会社
株式会社エツナ,静岡県牧之原市松本４２６番地２,2021-08-16,株式会社
株式会社エミシアコンサルタント,山口県山口市大内千坊５丁目１番５号,2021-08-16,株式会社
株式会社オズアンドシー,埼玉県川口市南鳩ヶ谷４丁目１３番１１号,2021-08-16,株式会社
株式会社オーガニックリビング,沖縄県国頭郡金武町字屋嘉２７４０番地７０２号,2021-08-16,株式会社
株式会社カリコ,神奈川県横浜市鶴見区鶴見中央４丁目１番３号矢上屋ビル７０１,2021-08-16,株式会社
株式会社クアドラプラス,東京都大田区西蒲田５丁目２７番１号,2021-08-16,株式会社
株式会社クレアホールディングス,大阪府吹田市広芝町２０－１６－５０３,2021-08-16,株式会社
株式会社クレストアール,神奈川県川崎市宮前区菅生６丁目１５番１２号,2021-08-16,株式会社
株式会社クールスター,北海道札幌市豊平区美園四条３丁目１番２８－３０５号,2021-08-16,株式会社
株式会社グラムスキー,愛知県名古屋市東区山口町１６番１６号高木ビル１階,2021-08-16,株式会社
株式会社グランド・コア,宮崎県小林市堤３６４０番地２２,2021-08-16,株式会社
株式会社グロー,宮城県亘理郡亘理町長瀞字柴西９８番地１,2021-08-16,株式会社
株式会社コクリエ,京都府宇治市五ケ庄新開１４番地の６３コート黄檗Ｔ１０２,2021-08-16,株式会社
株式会社ゴールド,滋賀県野洲市北野１丁目１３番２０号,2021-08-16,株式会社
株式会社サイントレーディング,埼玉県深谷市上柴町西２丁目６番地９,2021-08-16,株式会社
株式会社サクセサー,福岡県福岡市中央区大手門３丁目１番３０号,2021-08-16,株式会社
株式会社シュプルング,大阪府大阪市北区曾根崎新地１丁目１３番２２号,2021-08-16,株式会社
株式会社シュン,福岡県筑紫野市針摺西１丁目６番１号,2021-08-16,株式会社
株式会社シンワ,大分県大分市大字里２２９８番地の４,2021-08-16,株式会社
株式会社ジェイ・ソリューション,神奈川県茅ヶ崎市幸町２番１１号コンフォール茅ヶ崎６０５,2021-08-16,株式会社
株式会社スイープ,東京都豊島区南池袋３丁目１３番７号ＭＡＳＨＩＴＡ５ビル５階,2021-08-16,株式会社
株式会社スタイルラボ,東京都品川区大井３丁目１８番１５号ジェントリーハウス品川大井８０９,2021-08-16,株式会社
株式会社スタジオ温故知新,東京都渋谷区神宮前５丁目２８番２－２０６号,2021-08-16,株式会社
株式会社タイムズヘブン,香川県丸亀市飯野町東二甲１０６５番地１,2021-08-16,株式会社
株式会社タクミ商会,愛知県東海市加木屋町山之脇６０番地の２ライフプラザ加木屋弐番館（Ｎ－１３）,2021-08-16,株式会社
株式会社タケウチプロトタイプ研究所,神奈川県横浜市都筑区佐江戸町１７１０番地１,2021-08-16,株式会社
株式会社ツヤヤカ,埼玉県さいたま市見沼区大字南中野１２１０番地１レジデンスＫ１０３,2021-08-16,株式会社
株式会社ディブエナジー,富山県富山市石金１丁目１１番１５号,2021-08-16,株式会社
株式会社デジタルライツコンサルティング,東京都渋谷区千駄ヶ谷２丁目３番５号リリーハイツ２０１,2021-08-16,株式会社
株式会社デジマケ,東京都港区浜松町２丁目２番１５号,2021-08-16,株式会社
株式会社トクイテン,愛知県名古屋市中村区井深町１番１号,2021-08-16,株式会社
株式会社ノアの箱舟,東京都練馬区旭丘２丁目４１番２－２１７号,2021-08-16,株式会社
株式会社ハロプロ,東京都練馬区旭丘１丁目５７番５－５０１号,2021-08-16,株式会社
株式会社バリーバード,福岡県北九州市小倉北区浅野３丁目８番１号,2021-08-16,株式会社
株式会社パペット・フィルム・パートナーズ,愛知県名古屋市守山区森孝東２丁目３０１番地,2021-08-16,株式会社
株式会社パルサポートとっとり,鳥取県鳥取市布勢２４２番地１６,2021-08-16,株式会社
株式会社ヒットビット,埼玉県さいたま市南区別所３丁目５－１２ＷＡＤＡ１９－２０１,2021-08-16,株式会社
株式会社ビア,香川県高松市今新町８－６ＩＭＡＧＩＮＢＬＤＧ４階,2021-08-16,株式会社
株式会社ブライトアセットマネジメント,宮城県仙台市若林区大和町１丁目１９番１５号,2021-08-16,株式会社
株式会社ブレイク,北海道恵庭市柏木町４丁目２番１９－２０１号,2021-08-16,株式会社
株式会社マイウィンズ,滋賀県米原市多和田１０４１番地,2021-08-16,株式会社
株式会社マツカツ,東京都墨田区八広４丁目１９番６号,2021-08-16,株式会社
株式会社ミライステージ,三重県桑名市東鍋屋町６３番地１,2021-08-16,株式会社
株式会社ムラタ塗装,埼玉県志木市上宗岡１丁目４番４－１０４号,2021-08-16,株式会社
株式会社モリガンリアルエステート,福岡県小郡市小郡１５４３番地３,2021-08-16,株式会社
株式会社ヤハタサービス,香川県高松市勅使町１３１番地３,2021-08-16,株式会社
株式会社ヤマグチ建設,静岡県御殿場市新橋１８２１番地の１１,2021-08-16,株式会社
株式会社ユミディーテ,愛知県江南市中奈良町本郷東１２５番地,2021-08-16,株式会社
株式会社ライフクラフト,秋田県大館市字相染沢中岱１３番地１６,2021-08-16,株式会社
株式会社ラララ,岐阜県養老郡養老町江月字新白９９３番地３,2021-08-16,株式会社
株式会社ランダムボンド,東京都渋谷区桜丘町２２－６,2021-08-16,株式会社
株式会社ル・スポール,東京都目黒区上目黒２丁目１－３中目黒ＧＴテラス４０２,2021-08-16,株式会社
株式会社レスタウロノート,東京都板橋区大山町４０番６号,2021-08-16,株式会社
株式会社ワンオーワントウキョウ,東京都練馬区中村南３丁目１９番１号－６０１,2021-08-16,株式会社
株式会社ヴァンガルド,福岡県福岡市博多区対馬小路１１番１５号２０２号,2021-08-16,株式会社
株式会社一歩輝,秋田県秋田市寺内油田３丁目１４番２６号,2021-08-16,株式会社
株式会社仰宴舎,京都府京都市右京区西院西淳和院町２－２,2021-08-16,株式会社
株式会社佐瀬電気,福岡県宗像市自由ヶ丘８丁目２番地７,2021-08-16,株式会社
株式会社原翔グループ,福岡県那珂川市片縄西４丁目３番１７号,2021-08-16,株式会社
株式会社古林木工所,青森県上北郡野辺地町字有戸鳥井平１８４番地２,2021-08-16,株式会社
株式会社名立,愛知県瀬戸市南山町２丁目３８番地の２,2021-08-16,株式会社
株式会社和みの家,福岡県福岡市東区松島３丁目５番１２－１０２号,2021-08-16,株式会社
株式会社和屋,宮城県東松島市大曲字貝田４８番地２,2021-08-16,株式会社
株式会社和工務店,沖縄県那覇市松川３丁目１８番２３号,2021-08-16,株式会社
株式会社唐崎過書の浜ファーム,大阪府高槻市唐崎北２丁目１０番１１号,2021-08-16,株式会社
株式会社喜大工業,三重県鈴鹿市岸岡町２７０７番地の８２,2021-08-16,株式会社
株式会社心輪,大阪府岸和田市紙屋町３番９号,2021-08-16,株式会社
株式会社恵進グループ,宮崎県都城市上東町１０－１２,2021-08-16,株式会社
株式会社悠賀,北海道札幌市中央区南十一条西７丁目２－２１タカラビル４Ｆ,2021-08-16,株式会社
株式会社政文寿,東京都大田区大森南１丁目２０番１４－４０３号,2021-08-16,株式会社
株式会社敦盛,東京都世田谷区下馬３丁目５番１７－４１０号,2021-08-16,株式会社
株式会社新規,青森県上北郡七戸町字舘野１７番地１２,2021-08-16,株式会社
株式会社旭組,埼玉県三郷市戸ケ崎４丁目２１７番地７,2021-08-16,株式会社
株式会社時計塔フーズ,広島県尾道市向東町７８７番地,2021-08-16,株式会社
株式会社暁,三重県桑名市赤尾台６丁目２４番地２０,2021-08-16,株式会社
株式会社朝霧高原城田牧場,静岡県富士宮市根原２４４番地,2021-08-16,株式会社
株式会社木村製作所,埼玉県越谷市大成町７丁目１６０７番地,2021-08-16,株式会社
株式会社桂建,埼玉県越谷市御殿町４－５３メゾンドミキ１０５,2021-08-16,株式会社
株式会社正大,福岡県糟屋郡久山町大字久原３４２４番地２１,2021-08-16,株式会社
株式会社池田意匠建築,石川県白山市鶴来知守町ヌ６７番地３,2021-08-16,株式会社
株式会社清水大工,岐阜県高山市赤保木町７４４番地２,2021-08-16,株式会社
株式会社煌星,岐阜県羽島郡岐南町野中１丁目３２番地の７,2021-08-16,株式会社
株式会社福岡工芸,福岡県筑紫野市大字筑紫１１６－１－３,2021-08-16,株式会社
株式会社縁,東京都西多摩郡瑞穂町大字箱根ケ崎１６番地の１,2021-08-16,株式会社
株式会社藍乃屋,熊本県熊本市中央区南熊本５丁目１０番４０号南熊本ＴＲビル１Ｆ,2021-08-16,株式会社
株式会社藤枝サッシ工業,北海道旭川市忠和七条５丁目４番１３号,2021-08-16,株式会社
株式会社豊嶋建設,福岡県福岡市早良区内野７丁目２４番４号,2021-08-16,株式会社
株式会社那須ファーム,栃木県那須塩原市関谷字日の出１６５２,2021-08-16,株式会社
株式会社都和,大阪府高槻市芝生町２丁目５７番１号,2021-08-16,株式会社
株式会社都心開発,東京都港区南青山３丁目１４番１０号カシェート南青山,2021-08-16,株式会社
株式会社鉄建工業,新潟県三条市桜木町１５番３２号ラフィネＢ－２０２,2021-08-16,株式会社
株式会社防滑サポート,東京都千代田区岩本町１丁目７番４号,2021-08-16,株式会社
株式会社１４,埼玉県さいたま市桜区田島２丁目５番１３－４０１号,2021-08-16,株式会社
株式会社５ｚｅｎ,東京都世田谷区南烏山３丁目１０番７号グレース４０５,2021-08-16,株式会社
株式会社ＡＦｉＬ,埼玉県さいたま市浦和区常盤９丁目１６番５‐７０３号,2021-08-16,株式会社
株式会社ＡＬＯＨＡＮＡ,福岡県福岡市早良区西新１丁目１２番１５号,2021-08-16,株式会社
株式会社ＡＲＲＯＷＳ,福岡県福岡市南区市崎２丁目１２番２６号,2021-08-16,株式会社
株式会社ＡＵＲＯＲＡ,東京都台東区台東３丁目９番１号,2021-08-16,株式会社
株式会社Ａｉｍ,大阪府枚方市津田東町３丁目６番２７号,2021-08-16,株式会社
株式会社Ａｚｕｒ　ｈａｉｒ,広島県広島市中区大手町２丁目７番６号,2021-08-16,株式会社
株式会社ＢＬＥＳＳ,福岡県筑紫野市二日市中央６丁目３番１７号プレジールビル４Ｆ,2021-08-16,株式会社
株式会社ＢＲＯＳ,宮城県岩沼市大手町５番１７号,2021-08-16,株式会社
株式会社Ｃ．Ｅ,埼玉県さいたま市大宮区宮町４丁目８６番地１－５０５,2021-08-16,株式会社
株式会社ＣＣ　ＰＲＯＪＥＣＴ,福岡県福岡市南区大楠２丁目１７番２９号パークサイドビル１Ｆ,2021-08-16,株式会社
株式会社Ｃｏｚｙ,東京都墨田区江東橋２丁目１０番７号ＬＥＥビル３Ｆ,2021-08-16,株式会社
株式会社Ｃｒｅａ　ｌａ　Ｌｕｃｅ,福岡県福岡市博多区東比恵３丁目１９番１０号,2021-08-16,株式会社
株式会社ＤＭＰ,新潟県新潟市東区藤見町１丁目１５番２－２６号,2021-08-16,株式会社
株式会社Ｄｅｆ．ｐｒｏ,福岡県福岡市中央区平尾１丁目１３番２５－２０５号,2021-08-16,株式会社
株式会社ＤｒｅａｍＬｅａｐ,東京都板橋区板橋１丁目４７番１３－３０３号,2021-08-16,株式会社
株式会社ＥＢ．Ｃｒｅｗ,栃木県宇都宮市大和３丁目１２番２号,2021-08-16,株式会社
株式会社ＥＬ電工,宮城県仙台市太白区桜木町２６番１５－１０１号,2021-08-16,株式会社
株式会社ＥＭＣＰコーポレーション,東京都中央区佃１丁目１１番７号スカイライトタワー３５０３号,2021-08-16,株式会社
株式会社Ｅａｓｔ,大阪府八尾市春日町３丁目２番１０号,2021-08-16,株式会社
株式会社Ｅｄｅｎ,神奈川県横浜市中区本牧原１９番１－７１５号,2021-08-16,株式会社
株式会社ＦＪＩ工業,埼玉県川口市栄町３丁目９番１１号リーヴァビル３０７,2021-08-16,株式会社
株式会社ＦＫタカイチ,北海道帯広市西二十条北２丁目２３番地１２,2021-08-16,株式会社
株式会社ＦＵＬＬＦＡＣＴ,東京都中央区銀座１丁目２２－１１銀座大竹ビジデンス２Ｆ,2021-08-16,株式会社
株式会社ＦＵＮ－ＫＥＹ　ＦＡＣＴＯＲＹ,埼玉県草加市神明１丁目６番１８号,2021-08-16,株式会社
株式会社Ｆａｍｉｌｙ,東京都渋谷区道玄坂１丁目１５－３プリメーラ道玄坂８０７,2021-08-16,株式会社
株式会社Ｆｏｕｒ　Ｄ,東京都港区新橋４丁目１５番８号,2021-08-16,株式会社
株式会社Ｆｕｒ　ｂａｂｙ,福岡県大牟田市新勝立町１丁目４８番地１・３階,2021-08-16,株式会社
株式会社Ｇｒｅｅｎ’ｓ,福岡県久留米市北野町陣屋２５９番地１,2021-08-16,株式会社
株式会社ＨＹサービス,愛知県岡崎市上佐々木町字梅ノ木５８番地１,2021-08-16,株式会社
株式会社ＫＤ２,大阪府大阪市住吉区帝塚山東２丁目４番１４号,2021-08-16,株式会社
株式会社ＫＮ,東京都板橋区成増２丁目３２番１５－３２４号パークスクエア成増,2021-08-16,株式会社
株式会社ＫＯＳＵＧＡ,京都府京都市西京区大枝西長町３番地４３,2021-08-16,株式会社
株式会社ＬＤＧ,鳥取県米子市旗ヶ崎５丁目４番１８号,2021-08-16,株式会社
株式会社Ｌａｔｔｅ,東京都新宿区歌舞伎町２丁目２７－１２Ｌｅｅ２ビル６階,2021-08-16,株式会社
株式会社Ｌｅｅ,京都府京都市山科区勧修寺平田町１２９番地,2021-08-16,株式会社
株式会社Ｌｕｍｉｎｏｕｓ,福岡県北九州市小倉北区紺屋町２番１７号坂井ビル４Ｆ左側号,2021-08-16,株式会社
株式会社ＭＪ,山口県下関市長府三島町１２番７号,2021-08-16,株式会社
株式会社ＭＯＦＭＯＲＥ,沖縄県宜野湾市大謝名１丁目１２－１２,2021-08-16,株式会社
株式会社ＭＲＧＡＲＡＧＥ,埼玉県秩父市品沢１５３２番地,2021-08-16,株式会社
株式会社ＭＳＩＸ,群馬県前橋市荒牧町２丁目３３番地５,2021-08-16,株式会社
株式会社Ｍａｇｉｃ　Ｔｉｍｅ,東京都渋谷区神宮前６丁目２３番４号２階,2021-08-16,株式会社
株式会社Ｍｅ,福岡県福岡市中央区天神１丁目１番１号,2021-08-16,株式会社
株式会社ＮＩＮＯＳ,兵庫県姫路市広畑区吾妻町３丁目１７番地,2021-08-16,株式会社
株式会社ＮＯＲ,静岡県浜松市東区植松町２５４番地の１２,2021-08-16,株式会社
株式会社ＰＡＲＴＮＥＲ,山形県鶴岡市文下字沼田６９番地１,2021-08-16,株式会社
株式会社ＰＬＯＴ　ＳＴＡＮＤＡＲＤ,長野県東御市本海野８４５,2021-08-16,株式会社
株式会社Ｐｉｎｋ　Ｉｃｅ,京都府京都市下京区糸屋町２１５－１ブローディエア仏光寺２０１,2021-08-16,株式会社
株式会社ＱＬＥＡ,東京都墨田区東駒形２丁目１４番１号,2021-08-16,株式会社
株式会社Ｒｅｎｏ・Ｌａｂｏ,北海道札幌市東区北二十条東１丁目２番２５号ルーブル北２０,2021-08-16,株式会社
株式会社Ｒｉｃｈｅ,広島県安芸郡府中町大須３丁目４番３－４０２号,2021-08-16,株式会社
株式会社Ｒｙｕｔｅｒ’ｚ,東京都墨田区両国２丁目５番５－９０３号,2021-08-16,株式会社
株式会社ＳＡＫＯＹＡＭＡ,山口県宇部市大字東岐波４８４７番地１０,2021-08-16,株式会社
株式会社ＳＡＭ,東京都小金井市緑町３丁目１２番３４号（３２）,2021-08-16,株式会社
株式会社ＳＥＶＥＮ　ＨＥＡＲＴＳ,茨城県取手市寺田４７８４番地５,2021-08-16,株式会社
株式会社ＳＨＯＹＵ,東京都渋谷区神宮前６丁目２３番４号桑野ビル２階,2021-08-16,株式会社
株式会社ＳＩＫ,東京都板橋区前野町２丁目３７番１２号,2021-08-16,株式会社
株式会社ＳＩＬＨＯＵＥＴＴＥＳ,東京都杉並区下高井戸４丁目４番２号ＡＸＡＳ桜上水アジールコート７０３,2021-08-16,株式会社
株式会社ＳＩＳＵ,熊本県熊本市中央区桜町３番３０－１３０７号,2021-08-16,株式会社
株式会社ＳＫホールディングス,静岡県焼津市駅北３丁目２２番９号,2021-08-16,株式会社
株式会社ＳＴＯＲＥ,東京都台東区上野１丁目９番３号１Ｆ,2021-08-16,株式会社
株式会社Ｓｏｙ,神奈川県茅ヶ崎市東海岸南１丁目５番２２号,2021-08-16,株式会社
株式会社Ｓｐｏｔｌｉｇｈｔ２号,東京都港区東新橋１丁目６番１号,2021-08-16,株式会社
株式会社Ｔ・ＷＥＳＴ,大阪府摂津市別府２丁目２３番２２－７０１号,2021-08-16,株式会社
株式会社Ｔ３Ｍ,東京都板橋区板橋３丁目６４番５,2021-08-16,株式会社
株式会社ＴＡＬＭＯＯＤ,東京都渋谷区千駄ヶ谷３丁目２１－１０ハイツ千駄ヶ谷２１２,2021-08-16,株式会社
株式会社ＴＥＣＭＯ　ＷＯＲＫＳ,三重県桑名市大字福島９６９番地１,2021-08-16,株式会社
株式会社ＴＥＲＵＳＵＳＨＩ　ＩＮＴＥＲＮＡＴＩＯＮＡＬ,福岡県北九州市戸畑区菅原３丁目１番７号,2021-08-16,株式会社
株式会社ＴＩ,熊本県熊本市東区保田窪本町３番７０号,2021-08-16,株式会社
株式会社ＴＲＥＥ,北海道札幌市南区真駒内緑町１丁目５番１－１００３号,2021-08-16,株式会社
株式会社ＴＲＩＡＮＧＬＥ,東京都世田谷区代沢５丁目３３番６号,2021-08-16,株式会社
株式会社Ｔｈｅ　Ｗｏｒｌｄ,広島県広島市佐伯区海老園１丁目２番１０号,2021-08-16,株式会社
株式会社ＴｒｉｃｋＰｏｔ,福井県福井市足羽１丁目２７－１５,2021-08-16,株式会社
株式会社Ｔｒｉｍ,東京都足立区北加平町９番１８－２０２号,2021-08-16,株式会社
株式会社Ｖライン,東京都豊島区雑司が谷１丁目４１番６号コーポラスＲ．Ｉ．Ｏ．１０１号,2021-08-16,株式会社
株式会社ＶＡＮＥＳ,東京都台東区浅草橋２丁目４－６竹節ビル２Ｆ,2021-08-16,株式会社
株式会社ＹＡＺ　Ｇｒｏｕｐ,東京都渋谷区渋谷２丁目７番５号,2021-08-16,株式会社
株式会社ＹＪコンサルティング,京都府京都市伏見区下鳥羽芹川町４９番地４６,2021-08-16,株式会社
株式会社ＹＳＣ,福岡県糟屋郡志免町別府２丁目１３番１２号ブランメゾン１階－Ｃ号,2021-08-16,株式会社
株式会社Ｙｏｕ　Ｌｉｎｋ,大分県大分市碩田町３丁目１番３５号,2021-08-16,株式会社
株式会社ｅｅｅａｔｓ,東京都豊島区東池袋３丁目１番１号,2021-08-16,株式会社
株式会社ｆｅｌｍｏ,愛知県名古屋市瑞穂区瑞穂通８丁目１７番地の２－７０５,2021-08-16,株式会社
株式会社ｆｙｓｉｋａ,愛知県名古屋市中村区黄金通２丁目６０の２,2021-08-16,株式会社
株式会社ｇｉｎｉ,東京都渋谷区円山町５番５号Ｎａｖｉ渋谷Ⅴ３階,2021-08-16,株式会社
株式会社ｉｓ,広島県広島市中区本川町３丁目１－１８,2021-08-16,株式会社
株式会社ｍａｎｏ　ｍａｎｏ,東京都品川区西五反田７丁目２２番１７号,2021-08-16,株式会社
株式会社ｏｖｅｒ　ｆｌｏｗ,埼玉県戸田市本町５丁目６番５号,2021-08-16,株式会社
株式会社ｔ．ｙ．ｙコーポレーション,神奈川県横浜市中区相生町２丁目３４番２号梅原ビル２Ｆ,2021-08-16,株式会社
株式会社ｔｈｒｅｉｇｈｔ,東京都世田谷区等々力２丁目３２番９号Ｔ－アクトⅡ３０３,2021-08-16,株式会社
株式会社ｔｏｎｔｏｎ,東京都中野区沼袋１丁目１３－４,2021-08-16,株式会社
株式会社ｔｕｉ　ｂｅａｕｔｙ,東京都渋谷区神宮前５丁目４６番１号,2021-08-16,株式会社
楽道株式会社,大阪府東大阪市花園東町２丁目３番１７号フォーレスト１－３０７号室,2021-08-16,株式会社
江刺家産業株式会社,岩手県奥州市江刺梁川字下芦沢１３１番地１,2021-08-16,株式会社
沖縄県中央砂利採取事業協同組合,沖縄県南城市知念字知名６４８番地,2021-08-16,その他の設立登記法人
泓心合同会社,沖縄県那覇市赤嶺１丁目４－２０フェニックス赤嶺２階,2021-08-16,合同会社
泰夢合同会社,大阪府枚方市大字穂谷５５５番地,2021-08-16,合同会社
特定非営利活動法人うみとそら,宮城県仙台市若林区霞目２丁目１９番１号,2021-08-16,その他の設立登記法人
特定非営利活動法人でんでん,兵庫県姫路市綿町１０４番地スクエアビル２Ｆ,2021-08-16,その他の設立登記法人
特定非営利活動法人仂,神奈川県足柄上郡松田町寄４６３９番地,2021-08-16,その他の設立登記法人
特定非営利活動法人輸出入手続サポートファーム,東京都世田谷区野沢２丁目２３番１７号,2021-08-16,その他の設立登記法人
特定非営利活動法人野付・エコ・ネットワーク,北海道標津郡標津町字茶志骨１６９番地,2021-08-16,その他の設立登記法人
社会保険労務士法人ｏｎｅ,東京都港区元赤坂１丁目４番２１号赤坂パレスビル３階,2021-08-16,その他の設立登記法人
秦産業株式会社,大阪府泉佐野市新安松１丁目４－２３,2021-08-16,株式会社
税理士法人ｏｎｅ,東京都港区元赤坂１丁目４番２１号赤坂パレスビル３階,2021-08-16,その他の設立登記法人
美美角合同会社,大阪府大阪市福島区鷺洲５丁目１２番２１－１００６号,2021-08-16,合同会社
自然エネルギーＳＩＰＰ６合同会社,東京都文京区本郷５丁目３３番１０号,2021-08-16,合同会社
藤原タイル工業株式会社,京都府向日市物集女町北ノ口５１番地の２８,2021-08-16,株式会社
行政書士法人グローバルコンテンツジャパン,鹿児島県鹿児島市下荒田１丁目３５番２０号ランブリッジ下荒田１階,2021-08-16,その他の設立登記法人
鑫淼合同会社,東京都世田谷区駒沢１丁目１７番１５号アルコ駒沢ビル３０１,2021-08-16,合同会社
防府市幼稚園連盟,山口県防府市平和町６－２０佐波幼稚園内,2021-08-16,その他
青雲株式会社,大阪府堺市南区茶山台３丁４０番２号,2021-08-16,株式会社
高松電気設備工事株式会社,香川県高松市仏生山町乙１４７番地４,2021-08-16,株式会社
１株式会社,山梨県上野原市上野原４５６５番地２,2021-08-16,株式会社
３ＷＩＮ合同会社,福岡県北九州市戸畑区銀座２丁目３番１７号,2021-08-16,合同会社
Ａ　Ｂｅｔｔｅｒ　Ｃｏｍｐａｎｙ株式会社,東京都港区芝２丁目１６番５号芝パークスクエア６階,2021-08-16,株式会社
ＡＬＬ　ＲＡＨＩＭ　ＭＡＮＰＯＷＥＲ　ＰＶＴ．ＬＴＤ,愛知県豊田市小坂本町１丁目５番地５ＹＡＭＡＴＯ・ＢＬＤＧ２階,2021-08-16,外国会社等
ＡＮＲＩ株式会社,大阪府大阪市中央区南船場３丁目６番２５号ＩＢＣ心斎橋ｅａｓｔ８階１００６号室,2021-08-16,株式会社
ＡＲＩＮＮＡ合同会社,大阪府堺市西区浜寺諏訪森町中３丁２７７番地９,2021-08-16,合同会社
Ａｉ　ａｎｄ　Ｆｏｒｅｓｔｒｙ株式会社,青森県十和田市元町西２丁目３番１２号,2021-08-16,株式会社
ＢＩＧＬＩＧＨＴ株式会社,愛知県名古屋市西区大野木４丁目５３９番地第１２平松ビル２Ｃ,2021-08-16,株式会社
Ｂａｎａ－Ｈａｎａ合同会社,東京都品川区大井４丁目１８－９グレイスコートＪ２０２,2021-08-16,合同会社
Ｂｅ　Ｃｏｎｎｅｃｔ株式会社,東京都豊島区要町１丁目４２－９,2021-08-16,株式会社
ＣＢエステート株式会社,福岡県福岡市博多区石城町１２番５－４０１号,2021-08-16,株式会社
Ｄ．ＷＥＬＬ株式会社,福岡県福岡市博多区博多駅南６丁目８番３０トピトック博多１０２４,2021-08-16,株式会社
ＤＡＮＫＸ合同会社,神奈川県横浜市西区平沼１丁目４０番１１－５１７号,2021-08-16,合同会社
ＤＫＳＨマーケットエクスパンションサービスジャパン株式会社,東京都港区三田３丁目４番１９号,2021-08-16,株式会社
ＤＵＮＧＭＯＲＩ　ＪＡＰＡＮ株式会社,東京都府中市朝日町２丁目１３番地の４,2021-08-16,株式会社
Ｄａｉｋｉ株式会社,大阪府富田林市西板持町７丁目１０番１３号,2021-08-16,株式会社
ＥＩＴＥＮ－ＦＩＬＭ合同会社,大阪府大阪市西区京町堀１丁目１１番７号京旺ビル４階Ｂ号室,2021-08-16,合同会社
ＦＵＪＩ株式会社,東京都国立市富士見台２丁目１番地の３０,2021-08-16,株式会社
ＧＩＡＨＵＮＧ合同会社,岐阜県安八郡神戸町大字神戸字高塚７７番地２,2021-08-16,合同会社
ＧＭＯランシステム株式会社,東京都渋谷区桜丘町２６番１号,2021-08-16,株式会社
Ｇｅｎｅｒａｌ　Ｒｅｃｙｃｌｅ株式会社,栃木県小山市大字中久喜４７６番地１１,2021-08-16,株式会社
ＨＡ‐Ｊａｐａｎ合同会社,東京都江東区塩浜２丁目２９番１６号,2021-08-16,合同会社
ＨＩＬＯ株式会社,北海道札幌市北区北二十一条西１２丁目２,2021-08-16,株式会社
ＩＳＨＩＭＡＨ合同会社,埼玉県所沢市若狭３丁目２５５３－４－１０２,2021-08-16,合同会社
ＪＣＵ合同会社,北海道札幌市中央区南五条西５丁目２１番地１第２旭観光ビル５階２号室,2021-08-16,合同会社
Ｋ２　Ｓｔａｆｆｉｎｇ　Ｓｏｌｕｔｉｏｎｓ株式会社,東京都港区赤坂５丁目２番２０号赤坂パークビル,2021-08-16,株式会社
ＫＡＩ　ＫＡＤＥＮ　ＳＥＲＶＩＣＥ株式会社,山梨県甲斐市玉川１５４９番地１ウッドナチュラル望月Ａ棟,2021-08-16,株式会社
ＬＭＡ合同会社,東京都港区麻布十番１丁目２番７－１１０５号,2021-08-16,合同会社
Ｌｉｂｅｒｔｙ株式会社,東京都渋谷区神宮前６丁目２３番４号桑野ビル２階,2021-08-16,株式会社
Ｍ＆Ｎ株式会社,東京都小平市天神町４丁目３１番２１号,2021-08-16,株式会社
ＭＡＮＤＩＲ株式会社,神奈川県藤沢市藤沢３丁目１－２６マツモトアパート１０２,2021-08-16,株式会社
ＭＩＲＥＹ　Ｊａｐａｎ合同会社,北海道札幌市中央区宮ケ丘３丁目３番１号フラット宮ケ丘２０５号,2021-08-16,合同会社
Ｍｅｔａｖｅｒｓｅ　Ｔｅｃｈｎｏｌｏｇｉｅｓ合同会社,東京都新宿区若葉１丁目２０マ・メゾン四谷２０１,2021-08-16,合同会社
ＮＡＢＡＳＥ合同会社,静岡県浜松市東区中郡町９８５番地の１,2021-08-16,合同会社
ＮＰＯ法人きせき,福岡県北九州市小倉南区大字新道寺５８８番地の１,2021-08-16,その他の設立登記法人
ＮＰＯ法人アジア青年協会,大阪府大阪市淀川区宮原１丁目８番１１号ＧＳハイム新大阪９０７,2021-08-16,その他の設立登記法人
ＮＹハピネス株式会社,東京都渋谷区恵比寿西２丁目１９番３号,2021-08-16,株式会社
Ｎｏ　Ｌｉｍｉｔ株式会社,宮城県仙台市青葉区花京院１丁目４番４７号ＡＬＬＥＬＬ花京院５Ｆ,2021-08-16,株式会社
Ｏ．Ｎ．Ｉ株式会社,愛知県安城市三河安城南町１丁目１５番地８サンテラス三河安城６階,2021-08-16,株式会社
Ｒ＆Ｃコンサルタント株式会社,東京都調布市菊野台１丁目４６番地３リーブスコート２０２号,2021-08-16,株式会社
ＲＥＡＬ　ＬＩＦＥ株式会社,大阪府大阪市中央区難波４丁目１番１５号,2021-08-16,株式会社
Ｒａｙ　Ｐｒｏｐｅｒｔｉｅｓ株式会社,東京都港区芝浦４丁目２０番２－４５１０号,2021-08-16,株式会社
Ｒｅコンサルティング株式会社,大阪府大阪市浪速区難波中３丁目６番３号７Ｆ,2021-08-16,株式会社
ＳＣＧ５７一般社団法人,東京都港区虎ノ門４丁目１番２８号,2021-08-16,その他の設立登記法人
ＳＫＦ株式会社,東京都新宿区北新宿１丁目８番１０－３０４号,2021-08-16,株式会社
ＳＭＫ　Ｔｒａｄｉｎｇ合同会社,長崎県長崎市三原１丁目１２番６－５０３号,2021-08-16,合同会社
ＳＯＣＩＯ株式会社,東京都世田谷区羽根木２丁目３３番１２号,2021-08-16,株式会社
ＳＵＮＮＹＥＭＡ合同会社,東京都豊島区目白５丁目６－１リビオ目白グレイスヒルズ６０１,2021-08-16,合同会社
ＳＵＮＲＩＳＥ合同会社,大分県大分市大字横尾３５２１番地の６,2021-08-16,合同会社
Ｓｔａｎｂｙｙ株式会社,埼玉県川口市幸町３丁目８番１０－５０１号,2021-08-16,株式会社
ＵＭＳシステムズ株式会社,栃木県宇都宮市元今泉４丁目２番１０－２０８号,2021-08-16,株式会社
Ｕｍ　ｆｉｅｌｄ合同会社,東京都板橋区小茂根５丁目４－４０,2021-08-16,合同会社
ＷａｒＰ株式会社,福岡県朝倉市杷木林田４７２番地１,2021-08-16,株式会社
Ｗｏｒｔｈ　Ｒｅｌａｔｉｏｎ合同会社,東京都板橋区弥生町２０－９プリマ中板橋壱番館２０１,2021-08-16,合同会社
ＹМＳ合同会社,大阪府吹田市千里丘北１番２８号,2021-08-16,合同会社
ＹＳパートナーズ株式会社,東京都港区六本木３丁目６番９号,2021-08-16,株式会社
ａｉｒｅｒａ１５合同会社,千葉県市川市市川南３丁目１４番２５－１０９号,2021-08-16,合同会社
ａｋａｌａ合同会社,東京都武蔵野市吉祥寺南町５丁目２－１,2021-08-16,合同会社
ａｎｄ　ＭＡＮＡ株式会社,熊本県熊本市中央区出水３丁目４番２７号１０３,2021-08-16,株式会社
ｔｏｍｉ株式会社,東京都練馬区東大泉６丁目５０－３レオパレスシャルメ３０２,2021-08-16,株式会社
なかむら株式会社,広島県福山市神辺町字湯野３０４番地１,2021-08-17,株式会社
なるせ自然冷媒株式会社,秋田県雄勝郡東成瀬村田子内字田子内６番地,2021-08-17,株式会社
はやし設備株式会社,滋賀県草津市馬場町２９８番地５,2021-08-17,株式会社
ばらもん警備保障株式会社,茨城県牛久市久野町字久野１７３番地４,2021-08-17,株式会社
アイエスカンパニー合同会社,神奈川県横浜市西区南浅間町８番地２２河本ビル２０１,2021-08-17,合同会社
アスターホールディング合同会社,東京都千代田区丸の内３丁目１番１号東京共同会計事務所内,2021-08-17,合同会社
アパートメントラボ合同会社,広島県東広島市八本松南４丁目２４－１１,2021-08-17,合同会社
ウートチカ不動産合同会社,東京都渋谷区神宮前６丁目２３番４号桑野ビル２階,2021-08-17,合同会社
エルニド合同会社,東京都港区芝浦４丁目２０番２号,2021-08-17,合同会社
カム・トゥゲザー株式会社,東京都渋谷区富ヶ谷１丁目９－２０リンデン代々木公園３Ｆ,2021-08-17,株式会社
キューブマーケティング開発株式会社,神奈川県相模原市南区相模大野６丁目１５番２８号シュバルブラン１０２,2021-08-17,株式会社
ササエルデザイン株式会社,愛知県名古屋市西区浄心２丁目１番６号ソブエビル７０３号室,2021-08-17,株式会社
シンセロライン株式会社,福岡県福岡市東区筥松４丁目４番４９号ウィング筥松Ａ棟２０１,2021-08-17,株式会社
スティモランテ合同会社,埼玉県川越市中原町１丁目９番１１号ＬＳビル２０１,2021-08-17,合同会社
スマイルリング合同会社,福岡県久留米市津福今町４９９番地２７,2021-08-17,合同会社
タイムエキス合同会社,東京都世田谷区千歳台２丁目４６番２３号,2021-08-17,合同会社
タルマーリー醸造株式会社,鳥取県八頭郡智頭町大字智頭５９４番地,2021-08-17,株式会社
ネクストキャリアコンサルティング株式会社,東京都世田谷区代沢２丁目４７－５オリエンタルハイツ１０１,2021-08-17,株式会社
ネクティス株式会社,東京都杉並区南荻窪３丁目１１番１０号１０２,2021-08-17,株式会社
パイ・ラディアン・キャピタル株式会社,東京都中央区日本橋兜町６番５号兜町第６平和ビル,2021-08-17,株式会社
パークタウン合同会社,神奈川県横浜市南区弘明寺町字前田２２７番地の１,2021-08-17,合同会社
フアムサンゴウ合同会社,東京都渋谷区本町１丁目７番１６－１３０６号,2021-08-17,合同会社
フジナガホールディングス株式会社,兵庫県尼崎市道意町６丁目２８番地７,2021-08-17,株式会社
マイクロイメージング合同会社,茨城県つくば市東２丁目２２番地１,2021-08-17,合同会社
マグパック株式会社,愛知県名古屋市西区牛島町６番１号名古屋ルーセントタワー４０階,2021-08-17,株式会社
マーマフーズ株式会社,岩手県花巻市桜町４丁目２４１番地２,2021-08-17,株式会社
ミヤビエレットリチタ合同会社,神奈川県横浜市鶴見区下末吉２丁目５番１４号,2021-08-17,合同会社
リンクディー株式会社,三重県四日市市日永西３丁目１番２１号,2021-08-17,株式会社
リードブレーン社会保険労務士法人,東京都千代田区岩本町２丁目５－１１岩本町Ｔ・Ｉビル８階,2021-08-17,その他の設立登記法人
ルトム合同会社,大阪府大阪市住之江区南加賀屋４丁目７－２９,2021-08-17,合同会社
ワンレム合同会社,兵庫県神戸市灘区桜口町３丁目１番２１－４１２号,2021-08-17,合同会社
一般社団法人アートグローブ協会,東京都品川区西五反田５丁目１２番３号,2021-08-17,その他の設立登記法人
一般社団法人ドリームサポート,長野県須坂市大字須坂１４５７番地,2021-08-17,その他の設立登記法人
一般社団法人リゾートツーリズム協会,東京都中央区日本橋浜町１丁目２－８日本橋ＢＮＫビル３階,2021-08-17,その他の設立登記法人
一般社団法人和郷村,大阪府吹田市内本町２丁目２番５号,2021-08-17,その他の設立登記法人
一般社団法人奈良県中部で地域ＦＭを作る会,奈良県磯城郡田原本町大字千代５７２－１オーエム八千代北３号室,2021-08-17,その他の設立登記法人
一般社団法人尖閣諸島海域保全機構,沖縄県石垣市字大川４０番地,2021-08-17,その他の設立登記法人
一般社団法人日本フラッシュ暗算協会,東京都中野区若宮３丁目２５番２号,2021-08-17,その他の設立登記法人
一般社団法人日本プロポーズ協会,大阪府大阪市西区北堀江１丁目３番２号,2021-08-17,その他の設立登記法人
一般社団法人日本野球指導協会,愛知県名古屋市昭和区福江３丁目２番２０号リバーサイドドリーム１０５号,2021-08-17,その他の設立登記法人
一般社団法人礎,東京都日野市東平山３丁目１８番地の２８,2021-08-17,その他の設立登記法人
一般社団法人肌断食協会,大阪府大阪市西区南堀江４丁目１０番９号パークヴィレッジ南堀江９０１,2021-08-17,その他の設立登記法人
一般社団法人藍の風,東京都練馬区豊玉南３丁目２３番１５－１０２号,2021-08-17,その他の設立登記法人
一般社団法人適正価格協会,東京都江東区辰巳１丁目９番５１－１０４号室,2021-08-17,その他の設立登記法人
一般社団法人関内まちづくり振興会,神奈川県横浜市中区相生町３丁目６１番地泰生ビル４０９,2021-08-17,その他の設立登記法人
一般社団法人高齢者見守り支援協会,埼玉県さいたま市北区宮原町２丁目９０番地４アイネットビル４Ｆ,2021-08-17,その他の設立登記法人
一般社団法人ＪＫＳＡ,大分県日田市天瀬町出口１２０７番地,2021-08-17,その他の設立登記法人
一般財団法人パナック財団,東京都港区芝浦３丁目１番１号田町ステーションタワーＮ３３階,2021-08-17,その他の設立登記法人
三元株式会社,神奈川県相模原市南区上鶴間本町６丁目２５番２号,2021-08-17,株式会社
不動さん合同会社,東京都豊島区西池袋５丁目１２番１２ＭＦビル６０２号,2021-08-17,合同会社
二藍株式会社,埼玉県戸田市新曽南３丁目２番６－１０２号,2021-08-17,株式会社
医療法人社団木戸歯科,新潟県新潟市東区上木戸４丁目７番１３号,2021-08-17,その他の設立登記法人
協和合同会社,岐阜県岐阜市下奈良２丁目１８番１３号ステラ２１－１０１号,2021-08-17,合同会社
合同会社あさひソーラー,千葉県柏市柏４丁目５番１０号,2021-08-17,合同会社
合同会社かっちん,埼玉県川口市芝塚原２丁目１４番１－２０５号第３センチュリーパーク,2021-08-17,合同会社
合同会社こはる,広島県広島市中区立町２番６号Ｔ＆Ｓビル１０２号,2021-08-17,合同会社
合同会社しげんちゅ,沖縄県中頭郡北中城村字安谷屋２１５５番地ＨＱＤＭＴＡＵＲＵＳマンション２０３号室,2021-08-17,合同会社
合同会社じゃがいも,兵庫県神戸市中央区脇浜町３丁目４－１３ザ・パークハウス神戸春日野道１５０２,2021-08-17,合同会社
合同会社ひがし,大阪府大阪市中央区森ノ宮中央２丁目５番１５号フジアドバンスビル１０１,2021-08-17,合同会社
合同会社やまもと,大分県佐伯市直川大字上直見７０８－５,2021-08-17,合同会社
合同会社ゆうゆう会計,東京都品川区中延６丁目６番２１号プレミール中延３０２,2021-08-17,合同会社
合同会社よつば,三重県津市白山町川口２３８番地１,2021-08-17,合同会社
合同会社アギラ,兵庫県神戸市北区大原１丁目１番７０７号,2021-08-17,合同会社
合同会社アンアン,富山県魚津市釈迦堂１丁目２番１７号,2021-08-17,合同会社
合同会社アール不動産,愛知県豊川市千両町昇貝津４番地,2021-08-17,合同会社
合同会社ウートチカ,東京都渋谷区神宮前６丁目２３番４号桑野ビル２階,2021-08-17,合同会社
合同会社エンビー,茨城県常総市本石下４８０２番地２,2021-08-17,合同会社
合同会社オハナ,大阪府大阪市旭区高殿２丁目１０番９号,2021-08-17,合同会社
合同会社オリーブの木,奈良県北葛城郡広陵町大字南６３番地５マ・メゾン・ヴェール１０１,2021-08-17,合同会社
合同会社ギグナス,愛知県名古屋市昭和区吹上町２丁目７番地の６,2021-08-17,合同会社
合同会社グランデ,宮崎県都城市下水流町３１３３番地２,2021-08-17,合同会社
合同会社グラント,東京都あきる野市菅生１０４７番地９,2021-08-17,合同会社
合同会社サポートひだまり,愛知県春日井市瑞穂通１丁目１７１番地マンション柏東２０１,2021-08-17,合同会社
合同会社スピラックマーケティング,兵庫県神戸市灘区宮山町３丁目１番１８－３０６号,2021-08-17,合同会社
合同会社ナインスコード,北海道札幌市厚別区大谷地西１丁目５番１８－３０１号,2021-08-17,合同会社
合同会社ハルノヒ,福井県吉田郡永平寺町松岡松ケ原１丁目１０１番地,2021-08-17,合同会社
合同会社ヒマワリ介護サービス,北海道留萌市大町１丁目１９番地の２,2021-08-17,合同会社
合同会社ビズトランスレーション,大阪府豊中市利倉西２丁目９番３１号,2021-08-17,合同会社
合同会社プライム名古屋,神奈川県横浜市中区太田町３丁目３５番地３,2021-08-17,合同会社
合同会社ヘルパーステーショングラッド,千葉県銚子市長塚町３丁目６７７番地の１３アーバンコーポ長塚Ａ－１０３,2021-08-17,合同会社
合同会社ミラクル,神奈川県相模原市南区新磯野２丁目４８,2021-08-17,合同会社
合同会社メルヴェイユプリエ,愛知県豊田市京町６丁目１０番地１６,2021-08-17,合同会社
合同会社メルヴェイユリーゼ,愛知県名古屋市守山区喜多山南２１番地９,2021-08-17,合同会社
合同会社メルヴェイユＬａｎｉ,愛知県豊田市京町６丁目１０番地１６,2021-08-17,合同会社
合同会社ヤマツネ商店,福岡県北九州市小倉北区萩崎１３－１,2021-08-17,合同会社
合同会社ユージーン７,東京都港区南青山７丁目５番１６－３０１号,2021-08-17,合同会社
合同会社リンク,神奈川県横浜市栄区笠間３丁目２４－４５リブリコーワハイム１０７,2021-08-17,合同会社
合同会社ワイズクラニオ,東京都文京区白山２丁目７番２号,2021-08-17,合同会社
合同会社ワイルドキャット,東京都練馬区南田中３丁目２８番１２号シャリエ練馬高野台ハウス４０１,2021-08-17,合同会社
合同会社ワークライフシナジー,神奈川県川崎市宮前区土橋１丁目７番地１ヒルハイツ宮前平イースト４１３,2021-08-17,合同会社
合同会社佐藤工業,北海道札幌市北区篠路二条２丁目９番５号,2021-08-17,合同会社
合同会社北原会,東京都江東区亀戸４丁目２９－１,2021-08-17,合同会社
合同会社子ども時代,埼玉県富士見市水谷東３丁目４５番１４－４１１号,2021-08-17,合同会社
合同会社小橋断熱,福岡県福岡市早良区内野５丁目２２番２９－５号,2021-08-17,合同会社
合同会社志楽社,東京都千代田区神田佐久間町３丁目３８第５東ビル５Ｆ,2021-08-17,合同会社
合同会社札幌醸々,北海道札幌市中央区南四条西８丁目７番地１シティハウス資生館前１５０６号,2021-08-17,合同会社
合同会社松尾林業,宮崎県日向市大字富高６２７６番地２９,2021-08-17,合同会社
合同会社栄クリーンサービス,福島県田村郡三春町大字北成田字坂ノ下３６番地の２,2021-08-17,合同会社
合同会社統星,埼玉県さいたま市緑区原山１丁目２９番９－３号,2021-08-17,合同会社
合同会社色どり,東京都板橋区四葉２丁目２３番８号,2021-08-17,合同会社
合同会社辰巳林業,宮崎県都城市太郎坊町１７９１番地１７,2021-08-17,合同会社
合同会社麻衣花,神奈川県横浜市青葉区桂台１丁目６番地３,2021-08-17,合同会社
合同会社ＡＣ,東京都港区新橋５丁目６番５号コンシェリア新橋トーキョープレミアム５０３号室,2021-08-17,合同会社
合同会社ＡＮＤ　ＥＤＩＴ,東京都世田谷区玉川３丁目２０－２マノア玉川第３ビル内,2021-08-17,合同会社
合同会社ＢＵＰＡＮ,栃木県宇都宮市南大通り１丁目１番３号,2021-08-17,合同会社
合同会社ＣＯＳ,東京都品川区東品川３丁目１０番１－４１７号,2021-08-17,合同会社
合同会社ＣＳ　Ｐｒｏ,神奈川県綾瀬市寺尾本町１丁目１５番１５－１号,2021-08-17,合同会社
合同会社Ｃａｌｍｏｒｅ,静岡県藤枝市田沼２丁目２２番１３号,2021-08-17,合同会社
合同会社ＥＡＲＴＨ　ＬＥＩ,東京都港区白金１丁目１５番３６号４０１号室,2021-08-17,合同会社
合同会社ＥＰＯＣＨ,神奈川県南足柄市岩原６９４－５,2021-08-17,合同会社
合同会社Ｆｉｒｓｔ　Ｉｍｐｒｅｓｓｉｏｎ,栃木県足利市朝倉町６１４番地２２パナハイツＨＡＮＤＡ１０２,2021-08-17,合同会社
合同会社ＨＡＮＥＵＭＡ,東京都品川区上大崎３丁目１４番１号,2021-08-17,合同会社
合同会社ＨＥＲＭＡＮＡ,埼玉県さいたま市見沼区大字笹丸７２－２Ｆ,2021-08-17,合同会社
合同会社ＨＯＭＥ　ＡＴＴＲＡＣＴＩＯＮ,東京都板橋区成増２丁目１５番１７－１２０１号,2021-08-17,合同会社
合同会社Ｉ’ｌｌ,東京都板橋区板橋３丁目２４番９号板橋タイガービル５０１,2021-08-17,合同会社
合同会社Ｉ’ｓ　ｆａｒｍ,長野県中野市大字越５６３番地,2021-08-17,合同会社
合同会社ＪＨＲ,東京都渋谷区神宮前６丁目２３番４号桑野ビル２階,2021-08-17,合同会社
合同会社ＪＩＮ,群馬県桐生市錦町２丁目４番３５号大田ビル１階２号,2021-08-17,合同会社
合同会社ＪＴアセットマネジメント,東京都小金井市東町１丁目４５番２号（２２）,2021-08-17,合同会社
合同会社Ｋコネクトエナジー,愛知県名古屋市昭和区御器所２丁目５番６号,2021-08-17,合同会社
合同会社ＫＡＬＡ卓球スタジオ,兵庫県姫路市西新在家２丁目１３番６号,2021-08-17,合同会社
合同会社ＭＯＯ,京都府京都市伏見区石田桜木８－１モイセス桜木３０３,2021-08-17,合同会社
合同会社ＭＴＹ,東京都北区豊島８丁目３１番５号,2021-08-17,合同会社
合同会社ＭＹ企画,東京都新宿区歌舞伎町２丁目１０番７号ダイヤモンドビル地下２階,2021-08-17,合同会社
合同会社ＭｙＫｙ,京都府宇治市宇治半白１９－６,2021-08-17,合同会社
合同会社ＮＣＳ,島根県松江市上乃木８丁目１６番２３号,2021-08-17,合同会社
合同会社ＰＡＲＴＳ,福島県郡山市希望ヶ丘１番１号,2021-08-17,合同会社
合同会社Ｐｒｏｔａｇｏｎｉｓｔ,愛知県春日井市西屋町字南野池６４番地１１,2021-08-17,合同会社
合同会社ＲＡＢＩ　ＴＡＬＫ,東京都港区台場１丁目１番１－１８０７号,2021-08-17,合同会社
合同会社ＲｉＭ,愛知県丹羽郡扶桑町大字柏森字乙寺裏３３番地,2021-08-17,合同会社
合同会社Ｓプランニング,北海道札幌市豊平区西岡五条１１丁目２７番２号,2021-08-17,合同会社
合同会社Ｓ．Ｓ　ｃｏｍｐａｎｙ,愛知県常滑市字古道東割７番地の１,2021-08-17,合同会社
合同会社ＳＨＩＰ　ＨＥＩＭ,東京都渋谷区神宮前６丁目２３番４号桑野ビル２Ｆ,2021-08-17,合同会社
合同会社Ｓａｌｅ,兵庫県姫路市香寺町中寺３０７番地３４,2021-08-17,合同会社
合同会社Ｔｈａｏ’ｓ　Ｐｒｅｃｉｏｕｓ,神奈川県川崎市幸区鹿島田１丁目１１－８,2021-08-17,合同会社
合同会社ｍａｓａ,東京都中野区東中野５丁目１番１７０４号,2021-08-17,合同会社
合同会社ｔａｋａ　ｃｏｍｐａｎｙ,埼玉県蕨市中央１丁目２番１号,2021-08-17,合同会社
土下座餃子株式会社,福岡県福岡市早良区百道浜４丁目３１番１－２５０５号ネクサス百道レジデンシャルタワー,2021-08-17,株式会社
土地家屋調査士法人あさぎり,広島県広島市中区八丁堀７番２号,2021-08-17,その他の設立登記法人
土地家屋調査士法人トーセン,新潟県新潟市西区寺尾１０番３３号,2021-08-17,その他の設立登記法人
壱産業株式会社,静岡県静岡市葵区西草深町６番３９号,2021-08-17,株式会社
大司運送株式会社,大阪府大東市幸町２０番４号,2021-08-17,株式会社
大竹商事株式会社,東京都多摩市連光寺３丁目１２番地の９,2021-08-17,株式会社
宮原総合型クラブみかんの森たわわ設立準備委員会,和歌山県有田市宮原町滝川原５６０－１,2021-08-17,その他
富田鋼業株式会社,栃木県下都賀郡野木町大字丸林６７５－７,2021-08-17,株式会社
山宗商事株式会社,大阪府大阪市東淀川区西淡路２丁目１４番４号Ｔ‘ｓＣＵＢＥ東淀川２０２号室,2021-08-17,株式会社
弁護士法人東海ブライト法律事務所,愛知県東海市大田町後田２０番地１ソラト太田川２階,2021-08-17,その他の設立登記法人
徳信商事株式会社,神奈川県川崎市中原区中丸子１３番地１０リエトコート武蔵小杉ザ・クラッシィタワー４４０８,2021-08-17,株式会社
恒興国際株式会社,東京都板橋区仲宿３５番４号,2021-08-17,株式会社
新成リーガル司法書士法人,東京都中央区日本橋本町１丁目４番９号日本橋ＭＭＩビル４階,2021-08-17,その他の設立登記法人
日栄産業株式会社,兵庫県明石市相生町２丁目８番２号,2021-08-17,株式会社
有限会社八百誠,東京都新宿区下落合３丁目２２番１７号,2021-08-17,有限会社
未来コンサルティング株式会社,東京都台東区東上野３丁目２１番７－４０２号,2021-08-17,株式会社
株式会社お米の座光寺農園,長野県上伊那郡飯島町飯島２０９１番地２,2021-08-17,株式会社
株式会社かまど,愛知県一宮市島村字南裏山４１番地１１,2021-08-17,株式会社
株式会社ことぶき,宮崎県日南市西弁分４丁目７番地１１,2021-08-17,株式会社
株式会社たまご屋ホールディングス,茨城県土浦市卸町２丁目５番１９号,2021-08-17,株式会社
株式会社にくきゅう部,大阪府大阪市都島区善源寺町１丁目５番４３号ＶＥＧＡ１ビル,2021-08-17,株式会社
株式会社はしばみ,東京都三鷹市大沢１丁目３番４号,2021-08-17,株式会社
株式会社まこと,広島県東広島市西条町御薗宇八幡山３２７－４,2021-08-17,株式会社
株式会社ゆい,神奈川県鎌倉市大船１丁目２４番１１号ドン・キホーテピカソ大船店３階,2021-08-17,株式会社
株式会社アイティーエス工務店,三重県度会郡玉城町小社曽根２２０８番地,2021-08-17,株式会社
株式会社アイトラスティー,神奈川県横浜市泉区岡津町１１８番地１,2021-08-17,株式会社
株式会社アイリス,群馬県渋川市村上３７８１番地１,2021-08-17,株式会社
株式会社アウルキュアー,東京都練馬区栄町１１番２号,2021-08-17,株式会社
株式会社アスト,福岡県北九州市若松区青葉台南２丁目４番１２号,2021-08-17,株式会社
株式会社アストライア,北海道札幌市中央区南一条西１６丁目１番地３２３,2021-08-17,株式会社
株式会社アスファレス,兵庫県神戸市中央区琴ノ緒町５丁目２番２号三信ビル４０１,2021-08-17,株式会社
株式会社アムール,福岡県北九州市戸畑区菅原３丁目２番８号,2021-08-17,株式会社
株式会社アンド・アール,神奈川県横浜市港南区丸山台２丁目４１－３０,2021-08-17,株式会社
株式会社イズミヤ,秋田県横手市増田町増田字上川原１１番地２６,2021-08-17,株式会社
株式会社イーライフ,埼玉県川口市西川口２丁目１０番１－３０１号,2021-08-17,株式会社
株式会社エアピース,広島県東広島市高屋町中島５０２番地２－３Ｆ,2021-08-17,株式会社
株式会社エイム,東京都足立区鹿浜２丁目６番７号,2021-08-17,株式会社
株式会社エコサービス,愛知県稲沢市松下１丁目１７番２２号,2021-08-17,株式会社
株式会社エコファーム,奈良県北葛城郡広陵町みささぎ台２７番４１,2021-08-17,株式会社
株式会社エコロジック,北海道室蘭市海岸町１丁目５８番３４号,2021-08-17,株式会社
株式会社エフェクト,静岡県富士宮市弓沢町９２４番地,2021-08-17,株式会社
株式会社エム企画,大阪府摂津市別府１丁目６番１４号,2021-08-17,株式会社
株式会社オヅロジ,奈良県大和郡山市馬司町３５番地１,2021-08-17,株式会社
株式会社カーシェアカルチャー,京都府宇治市神明宮北３０番地の４,2021-08-17,株式会社
株式会社カート,沖縄県豊見城市字我那覇５４６番地３,2021-08-17,株式会社
株式会社ガンバ,沖縄県中頭郡西原町字小波津２０９番地の１,2021-08-17,株式会社
株式会社クマの里,東京都新宿区矢来町３７番地,2021-08-17,株式会社
株式会社クリエイション,福岡県福岡市中央区天神２丁目３番１０号天神パインクレスト７１９号,2021-08-17,株式会社
株式会社グランテラ,埼玉県川口市芝２丁目１７番２８号,2021-08-17,株式会社
株式会社ケンケン,神奈川県三浦市南下浦町菊名５８番地１２,2021-08-17,株式会社
株式会社ゴールドテック,東京都台東区東上野１丁目１１番１号,2021-08-17,株式会社
株式会社ゴールドフィールド,神奈川県横浜市都筑区早渕３丁目２番５－３０２号,2021-08-17,株式会社
株式会社サウスゴルフアカデミー,東京都港区港南２丁目１６－４品川グランドセントラルタワー１７階,2021-08-17,株式会社
株式会社サンライズ,長崎県長崎市横尾２丁目１９－１０　２０１,2021-08-17,株式会社
株式会社ショウナン環境センター,福島県郡山市安積町荒井字西北井５番地,2021-08-17,株式会社
株式会社ジーエッチ貿易,兵庫県西宮市樋ノ口町１丁目１２番１２号,2021-08-17,株式会社
株式会社スモビー,埼玉県川口市幸町２丁目１番４－３０４号アレイポウル,2021-08-17,株式会社
株式会社セキュライト,広島県広島市安佐南区祇園５丁目１７番１５号,2021-08-17,株式会社
株式会社セブン,大阪府吹田市山田西４丁目２番５２－１００４号,2021-08-17,株式会社
株式会社ゼロプランニング,大阪府大阪市福島区海老江４丁目３番１０－８０５号,2021-08-17,株式会社
株式会社ソウルヴィジョン,京都府長岡京市一文橋１丁目１０番４３－７４５号,2021-08-17,株式会社
株式会社デザイン＆クラフト建築工房,大阪府豊能郡能勢町杉原１４６番地の２,2021-08-17,株式会社
株式会社デンケン,東京都八王子市中野山王２丁目３番１３号,2021-08-17,株式会社
株式会社トゥ―ンワークス,東京都渋谷区東１丁目２８－６,2021-08-17,株式会社
株式会社トウレイ,埼玉県川口市芝園町３番２－１２０６,2021-08-17,株式会社
株式会社ドリームシップ,京都府長岡京市一文橋１丁目１０番４３－７４５号,2021-08-17,株式会社
株式会社ニューヒューマン,大阪府東大阪市長栄寺１７番１９号,2021-08-17,株式会社
株式会社ネクシィーズ中部,愛知県名古屋市中区錦３丁目４番６号,2021-08-17,株式会社
株式会社ネクシィーズ関西,大阪府大阪市西区阿波座１丁目３番１５号,2021-08-17,株式会社
株式会社ネクストステージ１,大阪府大阪市港区磯路１丁目８番１６号,2021-08-17,株式会社
株式会社ネットアンドアーツ,埼玉県所沢市有楽町３番６号,2021-08-17,株式会社
株式会社ハッピーマウンテン・カンパニー,広島県福山市御船町２丁目５番５号,2021-08-17,株式会社
株式会社ハニカム,東京都中野区江原町２丁目２２番３号,2021-08-17,株式会社
株式会社バリューファクトリーズ,東京都中央区銀座３丁目１０番７号,2021-08-17,株式会社
株式会社ヒツジラボ,東京都新宿区富久町４番３－４０２号,2021-08-17,株式会社
株式会社ビアークス,東京都中央区銀座１丁目２２番１１号銀座大竹ビジデンス２階,2021-08-17,株式会社
株式会社ビッグブッダ,北海道札幌市東区北三十条東１５丁目３番２０号,2021-08-17,株式会社
株式会社ビーナ,兵庫県尼崎市東難波町５丁目１９番２３号,2021-08-17,株式会社
株式会社ピーターパン,千葉県我孫子市古戸２６０番地の１５,2021-08-17,株式会社
株式会社ファンクル,京都府城陽市寺田宮ノ谷２９番地３２２,2021-08-17,株式会社
株式会社ファースト・コーティング,東京都中野区白鷺２丁目１９番３号,2021-08-17,株式会社
株式会社フェイト,埼玉県川口市芝園町３番９－２１６号芝園団地,2021-08-17,株式会社
株式会社フェクト,長崎県西海市西海町木場郷２４１４番地１,2021-08-17,株式会社
株式会社ブルーシー,東京都新宿区新宿１丁目２４番７号ルネ御苑プラザ４１８号室,2021-08-17,株式会社
株式会社ポンドピエール,東京都千代田区神田小川町２丁目１４番地,2021-08-17,株式会社
株式会社マネージメント,茨城県稲敷郡阿見町うずら野４丁目１８番地１０,2021-08-17,株式会社
株式会社ミチカ板金工業,富山県富山市婦中町中名２１１８番地,2021-08-17,株式会社
株式会社メイプル,山梨県甲斐市龍地３６７３番地８,2021-08-17,株式会社
株式会社ヤスヒコ商事,埼玉県川口市芝富士２丁目９番１１号,2021-08-17,株式会社
株式会社ヤマダリペア,東京都杉並区成田西１丁目２５番７号,2021-08-17,株式会社
株式会社ユアボイス,東京都中央区銀座６丁目６番１号,2021-08-17,株式会社
株式会社ユニックス,兵庫県西宮市建石町１番１９号,2021-08-17,株式会社
株式会社ライフスタイルラボ,神奈川県小田原市堀之内１９６番地の２平塚ビルＡ－１０３,2021-08-17,株式会社
株式会社リアライズ,兵庫県神戸市長田区松野通３丁目２番３８－９０３号,2021-08-17,株式会社
株式会社レクストレントプラス,大阪府大阪市中央区本町２丁目６番１０号,2021-08-17,株式会社
株式会社レンタカープラス,大阪府門真市城垣町１６－３０,2021-08-17,株式会社
株式会社ワイテック,兵庫県伊丹市鈴原町５丁目１２番地１,2021-08-17,株式会社
株式会社三佑,鹿児島県鹿児島市玉里団地１丁目１６番２０号,2021-08-17,株式会社
株式会社三村商事,東京都江戸川区上篠崎町１丁目７９番地,2021-08-17,株式会社
株式会社上松農業,福岡県久留米市大橋町常持１２１番地１１,2021-08-17,株式会社
株式会社中村設備,大阪府大阪市平野区喜連５丁目２番５号グランディール喜連１０１号,2021-08-17,株式会社
株式会社丸筑農園,福岡県久留米市田主丸町常盤６４５番地２,2021-08-17,株式会社
株式会社倫理審査申請支援センター,東京都八王子市東町１２番８号長澤ビル４階３６,2021-08-17,株式会社
株式会社六甲コンサルタント,兵庫県神戸市灘区楠丘町１丁目３番６号,2021-08-17,株式会社
株式会社前田設備,広島県福山市新市町大字相方３９９番地３,2021-08-17,株式会社
株式会社堂阪電気商会,兵庫県川辺郡猪名川町原字湯屋向２６２－１,2021-08-17,株式会社
株式会社大将組,東京都足立区花畑３丁目２４番６号,2021-08-17,株式会社
株式会社天波,大阪府大阪市北区曾根崎新地１丁目７－２１エスパス北新地８、２階,2021-08-17,株式会社
株式会社安達製麺所,長崎県西彼杵郡長与町岡郷６１４番地１３,2021-08-17,株式会社
株式会社小宮山金属設計事務所,鹿児島県薩摩川内市中福良町２１３２番地１,2021-08-17,株式会社
株式会社岡田ツリーサービス,北海道虻田郡京極町字川西１０１番地５,2021-08-17,株式会社
株式会社帆姫,東京都港区浜松町２丁目２番１５号浜松町ダイヤビル２Ｆ,2021-08-17,株式会社
株式会社広野青果,北海道北広島市希望ヶ丘１丁目１４番地６,2021-08-17,株式会社
株式会社日新商事,東京都葛飾区新宿２丁目１３番４号,2021-08-17,株式会社
株式会社日陽トレーディング,京都府京都市南区久世殿城町２７０番地１１,2021-08-17,株式会社
株式会社明エコロジーハウス,岐阜県各務原市那加西野町３９番地１,2021-08-17,株式会社
株式会社晴二郎,福岡県北九州市八幡西区黒崎２丁目４番６号第９晴和ビル４Ｆ,2021-08-17,株式会社
株式会社未来,福井県越前市向陽町１６２番地,2021-08-17,株式会社
株式会社東京アクア,東京都江東区北砂２丁目１８番２－１０３号,2021-08-17,株式会社
株式会社植木工業,長崎県大村市宮小路３丁目１３８０番地１０,2021-08-17,株式会社
株式会社永堀電気保安管理事務所,埼玉県入間市扇町屋５丁目４番２５号,2021-08-17,株式会社
株式会社油有,東京都葛飾区新小岩１丁目１６－１８パルデンス藤井２０１,2021-08-17,株式会社
株式会社瀧星機械,静岡県浜松市北区細江町中川６５４７番地の４０,2021-08-17,株式会社
株式会社狐兵,東京都港区浜松町２丁目２番１５号浜松町ダイヤビル２Ｆ,2021-08-17,株式会社
株式会社田口興業,神奈川県川崎市川崎区小田４丁目６番８号,2021-08-17,株式会社
株式会社矢野製作所,長野県伊那市美篶８９４３番地９,2021-08-17,株式会社
株式会社知財ラボ,東京都港区西新橋１丁目２３－３ＳＡグレイス５階,2021-08-17,株式会社
株式会社石の華,千葉県千葉市中央区中央１丁目６番４号中央ハイツ１Ｆ,2021-08-17,株式会社
株式会社石善,神奈川県鎌倉市大船５丁目９番１９号,2021-08-17,株式会社
株式会社秀明,福岡県北九州市八幡西区日吉台１丁目２番８号,2021-08-17,株式会社
株式会社緑金,東京都文京区千駄木２丁目２６番７－４０４号,2021-08-17,株式会社
株式会社美創研,千葉県千葉市花見川区幕張町６丁目２７３番地,2021-08-17,株式会社
株式会社翔建,兵庫県西宮市神祇官町７番１６－３０４号,2021-08-17,株式会社
株式会社西川工業,兵庫県尼崎市久々知１丁目１３番１０号,2021-08-17,株式会社
株式会社貝栄,東京都荒川区東尾久１丁目３１番８－６０３号,2021-08-17,株式会社
株式会社鑑定事務所ＩＬＵ,東京都渋谷区桜丘町２３番１７号シティコート桜丘４０８,2021-08-17,株式会社
株式会社雅家,栃木県宇都宮市江曽島町１２００番地１６,2021-08-17,株式会社
株式会社電業ホールディングス,北海道旭川市十条通２２丁目１番地３,2021-08-17,株式会社
株式会社高里エンジニアリング,沖縄県島尻郡与那原町字与那原１０９１番地６,2021-08-17,株式会社
株式会社鼎貿易,兵庫県神戸市垂水区霞ケ丘４丁目３番５号,2021-08-17,株式会社
株式会社３Ｙ’ｓ,兵庫県尼崎市三反田町２丁目１番３２－１０２号,2021-08-17,株式会社
株式会社ＡＣＲＯ,東京都練馬区旭丘２丁目７番８号,2021-08-17,株式会社
株式会社ＡＨＳ　Ｃｏｒｐｏｒａｔｉｏｎ,福岡県北九州市小倉南区徳力１丁目２５番３４号,2021-08-17,株式会社
株式会社ＡＫＣ,愛知県碧南市若松町２丁目２７６番地,2021-08-17,株式会社
株式会社ＡＬＩＶＥ　ＭＥＥＴ,北海道札幌市中央区大通東４丁目２番地２米澤ビル４Ｆ,2021-08-17,株式会社
株式会社ＡＭＣＣ,佐賀県佐賀市高木瀬東３丁目９－９,2021-08-17,株式会社
株式会社ＡＳＰ,大阪府大阪市浪速区難波中１丁目３－１，ＲＥ－０１６，４０２,2021-08-17,株式会社
株式会社ＡＷ実業,兵庫県淡路市生穂１４６７番地,2021-08-17,株式会社
株式会社ＡｃｒｏｓｓＢ,東京都板橋区成増３丁目２番１６号,2021-08-17,株式会社
株式会社ＢＬＩＳＳ　ＫＮＯＬＬ,福岡県福岡市城南区長尾２丁目１３番１１号,2021-08-17,株式会社
株式会社ＢＭＣ,東京都品川区南品川６丁目１２番２１号,2021-08-17,株式会社
株式会社ＢＭＳ,神奈川県横浜市金沢区富岡東２丁目３番７号,2021-08-17,株式会社
株式会社ＢＲＡＮＤＩ　ＪＡＰＡＮ,東京都港区海岸３丁目３番８号,2021-08-17,株式会社
株式会社Ｂｕｉｌｄｋ,埼玉県さいたま市浦和区大東１丁目２１番１号,2021-08-17,株式会社
株式会社ＣＯＬＯＲＥＲ,兵庫県神戸市中央区中山手通３丁目７番２８－１００６号,2021-08-17,株式会社
株式会社Ｄ＆Ｐｅｔｉｍｅ,東京都新宿区大久保２丁目７番１号,2021-08-17,株式会社
株式会社ＤＩＧＳ,東京都港区南青山２丁目２番１５号ＷＩＮ青山５３１,2021-08-17,株式会社
株式会社ＥＬｅ,愛知県名古屋市守山区川北町２０２番地,2021-08-17,株式会社
株式会社ＦＵＲＡＧＥ,東京都中央区湊３丁目５番７号,2021-08-17,株式会社
株式会社Ｆｅｉ,栃木県栃木市新井町１０１２番地４蔵シティ新井６０３,2021-08-17,株式会社
株式会社ＧＥＮＫＩＤＡＭＡ,福岡県行橋市行事３丁目２８番６０号プラザ行橋ビル２階,2021-08-17,株式会社
株式会社ＨＩＲＯＭＡＲＵ,福井県勝山市郡町１丁目１番２６号,2021-08-17,株式会社
株式会社ＨＵＭＡＮ　ＣＯＭＰＡＮＹ,北海道札幌市中央区南五条西４丁目１番地３日劇ビル３Ｆ,2021-08-17,株式会社
株式会社ＨＹｄｅｓｉｇｎ,大阪府大阪市北区中津１丁目１８番１８号若杉ビル９階,2021-08-17,株式会社
株式会社Ｈａｌｌｏｔ,東京都渋谷区神宮前５丁目１２番６号,2021-08-17,株式会社
株式会社ＩＫＧ,兵庫県神崎郡市川町西田中５８９番地,2021-08-17,株式会社
株式会社ＩＫＵＮＵＳ,埼玉県和光市本町１５番２８号,2021-08-17,株式会社
株式会社ＪＯＣＯＬＬＡ,東京都渋谷区神宮前６丁目２３番４号桑野ビル２階,2021-08-17,株式会社
株式会社Ｋ．Ｉ．Ｂ．Ｓ,青森県弘前市大字取上５丁目４－２０中村方,2021-08-17,株式会社
株式会社ＫＡＮＯＴＯ,兵庫県西宮市南甲子園１丁目４番８－２０６号,2021-08-17,株式会社
株式会社ＫＯＴＯＢＵＫＩ,北海道札幌市中央区北三条東２丁目２番地３０,2021-08-17,株式会社
株式会社ＬＩＷＥＩ,広島県福山市沖野上町５丁目２９番２７号大黒ビル３０３,2021-08-17,株式会社
株式会社ＬｏＰｒｏｔｈ,神奈川県横須賀市岩戸１丁目７番５号,2021-08-17,株式会社
株式会社Ｍ・Ｋワークス,兵庫県加古川市東神吉町砂部３４７番地ドルチェ１０６号,2021-08-17,株式会社
株式会社ＭＣ,千葉県南房総市和田町海発１５１８番地３,2021-08-17,株式会社
株式会社ＭＥＩＲＩＮ,茨城県神栖市木崎２８２７番地２０２号,2021-08-17,株式会社
株式会社ＭＩＣＨＩ　ＲＯＵＴＥＲ,兵庫県神戸市中央区磯上通８丁目１番２９号カサベラビルＣ＆Ｍ４０３号室,2021-08-17,株式会社
株式会社ＭＩＺＵＴＡ,群馬県高崎市下里見町１４７６番地３,2021-08-17,株式会社
株式会社ＭＯＶＥＭＴＳ,福岡県福岡市中央区天神２丁目３番１０号天神パインクレスト７１９号,2021-08-17,株式会社
株式会社ＭＴＮ,兵庫県尼崎市西本町６丁目２６番地,2021-08-17,株式会社
株式会社ＭＴＳ,大阪府枚方市三栗２丁目１６番１７－３０１号,2021-08-17,株式会社
株式会社Ｎ．Ｒ．ＡＵＴＯ　ＴＲＡＤＩＮＧ,茨城県石岡市東大橋３００３番地３シティハイム藤枝Ｄ－１０２号室,2021-08-17,株式会社
株式会社Ｎ２ＬＡＮＤ,京都府宇治市槇島町落合９７番地の４５,2021-08-17,株式会社
株式会社Ｎａｒｔｉｃｌｅ,東京都港区麻布十番１丁目２番７号ラフィネ麻布十番７０１,2021-08-17,株式会社
株式会社ＯＫＵＧＡＷＡ,兵庫県神戸市中央区元町通２丁目９番１号元町プラザ８Ｆ,2021-08-17,株式会社
株式会社ＯＭＵ,東京都港区南青山４丁目１７番３５号,2021-08-17,株式会社
株式会社ＯＲＡＲＹ,東京都渋谷区神宮前６丁目２３番４号桑野ビル２階,2021-08-17,株式会社
株式会社Ｏｎｅ　ａｎｄ　Ｏｎｌｙ　ＪＡＰＡＮ,千葉県船橋市小室町５４００番地,2021-08-17,株式会社
株式会社ＰＡＫ　ＴＲＡＤＩＮＧ,茨城県筑西市辻１８６３番地７,2021-08-17,株式会社
株式会社ＰＡＳ企画,茨城県つくば市花畑３丁目１３番地１０,2021-08-17,株式会社
株式会社ＱａｎｄＢ　Ｊａｐａｎ,東京都千代田区九段南１丁目５番６号りそな九段ビル５階ＫＳフロア,2021-08-17,株式会社
株式会社ＲＥＣ‐ＥＣＯ,埼玉県幸手市大字神明内２１０－７,2021-08-17,株式会社
株式会社ＲＥＤ　Ｍａｊｅｓｔｉｃ,大阪府大阪市浪速区元町３丁目１３番２３－７０１号,2021-08-17,株式会社
株式会社ＲＥＧＯＬＩＴＨ,大阪府大阪市平野区加美北３丁目１０番１０号,2021-08-17,株式会社
株式会社ＲＵＮ　ＷＩＴＨ　ＹＯＵ,東京都葛飾区水元４丁目１１番２６号,2021-08-17,株式会社
株式会社ＲａｄｉａｎｔＢｅａｕｔｙ　ＭＨＫ,東京都中央区銀座２丁目１１－１５ＳＦ銀座ビルＢ２Ｆ,2021-08-17,株式会社
株式会社Ｒｅａｚｅｎ,福岡県福岡市東区馬出２丁目３－４１,2021-08-17,株式会社
株式会社Ｒｅｉｎｇ,神奈川県横浜市鶴見区鶴見中央３丁目１０番２６－５０６号,2021-08-17,株式会社
株式会社Ｓ＆Ｃホールディングス,東京都港区港南４丁目６番１－９０８号,2021-08-17,株式会社
株式会社ＳＡＱ,福岡県筑紫野市大字若江４１番地４メゾンエルムＡ棟２０２,2021-08-17,株式会社
株式会社ＳＨＯコンサルティング,東京都北区田端３丁目１６番９号,2021-08-17,株式会社
株式会社ＳＫコミュニケーション,神奈川県横浜市保土ケ谷区今井町４１２番地１７ヴィルヌーブ保土ケ谷Ⅲ３０３号,2021-08-17,株式会社
株式会社ＳＴＫ,愛知県一宮市平島１丁目４番３号,2021-08-17,株式会社
株式会社Ｔ．Ｊ．テック,鹿児島県鹿児島市郡山町７３１番地１,2021-08-17,株式会社
株式会社ＴＡＫＩ企画,静岡県三島市徳倉３丁目２番８０号,2021-08-17,株式会社
株式会社ＴＡＫＵＭＩプランニング,神奈川県横浜市栄区長沼町６４４番地４－６１０号,2021-08-17,株式会社
株式会社ＴＫＳ,大阪府大阪市中央区伏見町２丁目１番１号,2021-08-17,株式会社
株式会社ＴＯＷＡ,茨城県下妻市高道祖４３１８番地の４,2021-08-17,株式会社
株式会社Ｔｈｉｎｋ　Ａｓｉａ,東京都福生市武蔵野台１丁目１番地４,2021-08-17,株式会社
株式会社Ｔｏｒｃｈ,兵庫県神戸市中央区八幡通４丁目２－１２カサベラＦＲⅡビル１０Ｆ,2021-08-17,株式会社
株式会社Ｔｒｕｓｔ　Ｆｕｎｃｔｉｏｎ,東京都東大和市桜が丘４丁目２９番地の４１,2021-08-17,株式会社
株式会社Ｗ＆Ｈエンターテイメント,愛知県名古屋市中区大須２丁目２５－５３表参道テラス３階Ａ,2021-08-17,株式会社
株式会社Ｗａｌｋｅｒｓ,東京都港区南青山２丁目２番１５号,2021-08-17,株式会社
株式会社Ｗｉｔｈ　Ｙｏｕ,群馬県太田市下小林町３２番地２８,2021-08-17,株式会社
株式会社ＺＥＬＯＳ,兵庫県尼崎市潮江３丁目５－１８,2021-08-17,株式会社
株式会社ａｉｒｉｐｉ,東京都西東京市南町５丁目３番５号サウスタウン２０１,2021-08-17,株式会社
株式会社ａｍｂｉｔｉｏｎ,東京都港区北青山３丁目１５番１６号,2021-08-17,株式会社
株式会社ａｐｈｒｏｄｉｔｅ,東京都港区北青山１丁目４番１号,2021-08-17,株式会社
株式会社ｂｏｎｄ,大阪府大阪市住之江区新北島７丁目４番６８号,2021-08-17,株式会社
株式会社ｂｕｏｙ,神奈川県横浜市青葉区藤が丘２丁目２８番地１１,2021-08-17,株式会社
株式会社ｋｉｃｋｆｌｏｗ,東京都千代田区九段南１丁目５番６号りそな九段ビル５Ｆ－ＫＳフロア,2021-08-17,株式会社
株式会社ｍｏｄ,東京都渋谷区渋谷２丁目１９－１５宮益坂ビルディング６０９,2021-08-17,株式会社
株式会社ｎｏｍａｄｉｋｎｏｗ,東京都新宿区若葉３丁目１,2021-08-17,株式会社
株式会社ｎｏｎ－ｆｉｎｉｔｅ,東京都千代田区外神田６丁目１１－１０西岡第二ビル２Ｆ,2021-08-17,株式会社
株式会社ｏｎｅ’ｓ,東京都足立区南花畑２丁目１８番１２号,2021-08-17,株式会社
水素ステーション株式会社,東京都港区南麻布３丁目２０番１号Ｄａｉｗａ麻布テラス５Ｆ,2021-08-17,株式会社
江上流東京酒造場株式会社,東京都中央区東日本橋２丁目２８番５号５０８,2021-08-17,株式会社
特定非営利活動法人ほんじょう寺子屋,埼玉県本庄市寿１丁目２２番９号,2021-08-17,その他の設立登記法人
特定非営利活動法人ベテルス,神奈川県相模原市中央区宮下２丁目１０番１８号,2021-08-17,その他の設立登記法人
特定非営利活動法人顎顔面医療振興会,愛知県名古屋市緑区鳴海町字本町８２番地の２,2021-08-17,その他の設立登記法人
紫村工業株式会社,茨城県土浦市川口２丁目１番１９号,2021-08-17,株式会社
総合型地域スポーツクラブ　大和郡山ＡＣ,奈良県大和郡山市九条町３１０－１,2021-08-17,その他
荒木商店株式会社,福岡県飯塚市有井５８３番地１９,2021-08-17,株式会社
行政書士法人いしい事務所,岡山県美作市豊国原３４３番地１Ｋスペース１０１,2021-08-17,その他の設立登記法人
誠功合同会社,東京都墨田区江東橋４丁目５番５－８０５号トーア錦糸町マンション,2021-08-17,合同会社
鑫銘世康株式会社,大阪府大阪市生野区巽北１丁目１番１号１Ｆ－Ｆ,2021-08-17,株式会社
雄途コーポレーション株式会社,沖縄県那覇市首里末吉町２丁目１０４番地３－Ａ,2021-08-17,株式会社
１株式会社,愛知県名古屋市中区大須１丁目７番１４号パークＩＭビル２Ｆ,2021-08-17,株式会社
１０８・ＨｉＲｏＫｏ株式会社,東京都港区西新橋２丁目２１番６号,2021-08-17,株式会社
３・６５株式会社,大阪府吹田市山田南４５番Ｂ－９１２号,2021-08-17,株式会社
ＡＱＵＡ　ＬＡＮＫＡ　ＥＮＴＥＲＰＲＩＳＥＳ　ＰＶＴ　ＬＴＤ,奈良県宇陀市室生無山１０５番地２１２テロオフィスビルディング２号,2021-08-17,外国会社等
ＡＴＴＥＮＤ・ＲＥＢＯＲＮ合同会社,埼玉県北本市高尾５丁目４５番地,2021-08-17,合同会社
Ａｌｍｏｓｔ株式会社,埼玉県入間郡三芳町大字藤久保６４９１番地ガレージハウスＦ－ＢａｓｅＢ号,2021-08-17,株式会社
Ａｐｒｏｔｏｄｏ’Ｓ株式会社,神奈川県藤沢市円行１８７３番地の１ＢｅｌＦｉｏｒｅ３０３,2021-08-17,株式会社
Ａｒｇｏ株式会社,東京都中央区日本橋兜町１７番１号日本橋ロイヤルプラザ７０６,2021-08-17,株式会社
Ａｓａｂｉｓ株式会社,東京都渋谷区神宮前６丁目２３番４号桑野ビル２階,2021-08-17,株式会社
Ｂｉｏｍａｔｅ株式会社,北海道千歳市都２５５番地の４９,2021-08-17,株式会社
ＣＴＤＩ　Ｊａｐａｎ合同会社,東京都渋谷区渋谷２丁目１４番１３号岡崎ビルＱｕａｎｔｕｍＡｃｃｏｕｎｔｉｎｇ株式会社内,2021-08-17,合同会社
ＤＮ　Ｇｌｏｖｅｓ　Ｊａｐａｎ合同会社,東京都港区南青山２丁目４番１５号,2021-08-17,合同会社
Ｄａｔａ　Ｗｏｒｋｓｈｏｐ　Ｎｅｐａｌ　Ｐｖｔ．Ｌｔｄ,愛知県名古屋市中区栄１丁目２３番２９号サンハイツ伏見３Ｄ号,2021-08-17,外国会社等
Ｄｅｓｉｇｎ　Ｔａｋａｄａ合同会社,茨城県取手市井野９５９番地１６,2021-08-17,合同会社
Ｄｉｆｆｅｒｅｎｔ株式会社,東京都渋谷区代々木２丁目３４番１１号協栄メゾン代々木２０８,2021-08-17,株式会社
Ｅ－Ｍｅｄｉｃａｌ株式会社,東京都渋谷区渋谷２丁目２１番１号渋谷ヒカリエ８ＦＣｒｅａｔｉｖｅＬｏｕｎｇｅＭＯＶ,2021-08-17,株式会社
Ｆ．Ｙ株式会社,大阪府大阪市東成区玉津２丁目５番１９－５０５号,2021-08-17,株式会社
Ｆｌａｗｅｒｃｉｔａ’ｓ合同会社,三重県鈴鹿市高岡町２７２６番地の６,2021-08-17,合同会社
Ｆｏｒｅｓｔａ合同会社,神奈川県川崎市宮前区東有馬２丁目９－３１,2021-08-17,合同会社
Ｇ’ＭＡ株式会社,埼玉県狭山市狭山台４丁目１６番地の２パークアベニュー狭山台３０７,2021-08-17,株式会社
ＨＫＴ梱包サービス株式会社,東京都八王子市七国３丁目５５番３号,2021-08-17,株式会社
ＨＲ総研株式会社,大阪府大阪市中央区備後町１丁目２番６－９０６号,2021-08-17,株式会社
ＩＦＡオフィスＴＲＵＳＴ株式会社,兵庫県尼崎市西長洲町２丁目３番１１号,2021-08-17,株式会社
ＩＳＳＨＯＮＩ合同会社,東京都渋谷区神宮前６丁目２３番４号桑野ビル２階,2021-08-17,合同会社
Ｊ．アセットマネジメント合同会社,神奈川県横浜市旭区鶴ケ峰本町３丁目２５番２０号,2021-08-17,合同会社
ＪＬ　ＥＮＴＥＲＰＲＩＳＥＳ,奈良県宇陀市室生無山１０５番地２１２テロオフィスビルディング１号,2021-08-17,外国会社等
Ｋ　Ｏｎｅ合同会社,東京都台東区上野２丁目１２番２号池本ビル４階,2021-08-17,合同会社
ＫＵＭＡＭＯＴＯ　ＭＩＲＡＣＲＥＡ合同会社,熊本県熊本市南区南高江１丁目１２－７４コンフォーレ南高江１０１,2021-08-17,合同会社
ＬＡＬＡＬＩＮ合同会社,神奈川県横浜市中区長者町６丁目１０７－９ジェノビア横浜関内Ⅱスカイガーデン３０４号,2021-08-17,合同会社
ＬＴサービス株式会社,千葉県大網白里市季美の森南４丁目１３番地６,2021-08-17,株式会社
ＭＴ６合同会社,岐阜県岐阜市茜部菱野１丁目６７番地３ファイン河八１－Ｂ,2021-08-17,合同会社
ＮＢＣＳ株式会社,東京都港区赤坂４丁目８番１９号赤坂フロントタウン３階,2021-08-17,株式会社
ＮＰＯ法人未来創造うちなだ,石川県河北郡内灘町字鶴ケ丘２丁目３１１番地,2021-08-17,その他の設立登記法人
ＮＰＯ法人縁衆打樂,静岡県浜松市浜北区東美薗１１８８番地の２,2021-08-17,その他の設立登記法人
ＯＶＥＲＳＥＡＳ株式会社,愛知県名古屋市中区新栄２丁目５番７号レジデンス新栄５０１,2021-08-17,株式会社
Ｏｓａｍｐｏ　Ｐｈａｒｍａｃｙ株式会社,大阪府大阪市淀川区三津屋北１丁目３６番１０－１０５号,2021-08-17,株式会社
ＰＩＮＥ　ＥＤＧＥ合同会社,神奈川県横浜市西区桜木町４丁目２０番１１号,2021-08-17,合同会社
Ｐａｒｓｉｒｉ株式会社,大阪府交野市星田８丁目３２番４号,2021-08-17,株式会社
ＰｅａｃｅＭａｋｉｎｇ　Ｆａｒｍ合同会社,東京都八王子市上恩方町４７７番地５,2021-08-17,合同会社
Ｓ．Ｎ．Ａ．ＥＮＴＥＲＰＲＩＳＥＳ,千葉県八街市榎戸４０７番地１４５－Ａ,2021-08-17,外国会社等
Ｓ２ＧＡ株式会社,栃木県宇都宮市西原町１６５番地２ヒルズＭ１－５０６号室,2021-08-17,株式会社
ＳＤ　ＴＲＡＤＩＮＧ合同会社,茨城県坂東市みむら６２０番地１,2021-08-17,合同会社
ＳＯＵ合同会社,東京都渋谷区恵比寿２丁目１４番５号シルバラード００１,2021-08-17,合同会社
ＳＴＴ株式会社,東京都荒川区西日暮里１丁目６１－７東栄コーポ１０２号室,2021-08-17,株式会社
ＳＹＺＹＧＹ株式会社,神奈川県川崎市川崎区駅前本町１１番地２川崎フロンティアビル４階,2021-08-17,株式会社
Ｓａｂｕｒａｉ合同会社,神奈川県横浜市中区桜木町１丁目１０１－１クロスゲート７階,2021-08-17,合同会社
Ｔ．Ｋ．Ｓ株式会社,北海道苫小牧市澄川町４丁目７番４号,2021-08-17,株式会社
ＴＫホールディングス株式会社,北海道室蘭市高砂町４丁目１４番１６号,2021-08-17,株式会社
ＴＫ株式会社,大阪府大阪市中央区宗右衛門町７番９号宗右衛門町ビル１Ｆ,2021-08-17,株式会社
ＴＯＫＡＭＩ株式会社,群馬県前橋市元総社町９３８番地２０,2021-08-17,株式会社
ＴＲＩＰ　ＰＡＣＥ合同会社,広島県広島市中区鶴見町３番２１号,2021-08-17,合同会社
Ｔｏｒａｃｏｃｏ株式会社,福岡県大牟田市大字橘１５２１番地２６,2021-08-17,株式会社
ＵＳＡＮＥＴ合同会社,徳島県徳島市大原町内開４５番地の１５,2021-08-17,合同会社
ＵｍｉＬａｂ株式会社,兵庫県神戸市灘区高徳町５丁目４番４号,2021-08-17,株式会社
ＷＫＷｇｒｏｕｐ株式会社,兵庫県加古川市西神吉町岸５８８番地の９,2021-08-17,株式会社
ｃｅｄｗｏｒｋｓ合同会社,大阪府吹田市藤が丘町１３番２号,2021-08-17,合同会社
ｈａｒｍｏ株式会社,東京都港区芝浦１丁目１番１号,2021-08-17,株式会社
ｍｉａ株式会社,東京都世田谷区宇奈根２丁目１２－１３,2021-08-17,株式会社
ｏｒ合同会社,東京都渋谷区富ヶ谷１丁目３１番１０号ライオンズマンション代々木公園６０２,2021-08-17,合同会社
ｔｅｆｕｔｅｆｕ株式会社,東京都港区南青山１丁目１５番１４号,2021-08-17,株式会社
みちのくみなと未来株式会社,青森県八戸市大字湊町字本町９番地,2021-08-18,株式会社
わたなべ不動産株式会社,千葉県松戸市松戸１１７６番地の１３,2021-08-18,株式会社
アクシアパートナーズ税理士法人,東京都新宿区新宿２丁目５番１２号,2021-08-18,その他の設立登記法人
アルファーブレイン合同会社,東京都新宿区北新宿３丁目３８番９号リバーサイドテラス東中野１０２,2021-08-18,合同会社
アンドロメダ株式会社,東京都新宿区西新宿３丁目７番１号新宿パークタワーＮ３０階,2021-08-18,株式会社
アーガス・メディア・ジャパン株式会社,東京都中央区京橋２丁目７番１４号,2021-08-18,株式会社
ウィズペット株式会社,千葉県市原市ちはら台西１丁目１１番地２、８０５,2021-08-18,株式会社
オリジングローバル株式会社,大阪府大阪市東成区玉津２丁目１８番４３号,2021-08-18,株式会社
カタリーズ合同会社,東京都杉並区久我山５丁目２１番１４号,2021-08-18,合同会社
グリーン合同会社,東京都多摩市中沢２丁目５番地の５ブルーミングヒルズ多摩センター２０４,2021-08-18,合同会社
ケーツー株式会社,愛知県名古屋市中区丸の内３丁目１８番９号秀光堂ビル３０１,2021-08-18,株式会社
コブルストーン株式会社,東京都港区虎ノ門４丁目３番１号城山トラストタワー２７階,2021-08-18,株式会社
サシオカ合同会社,埼玉県川越市泉町２番地２６－１１０１,2021-08-18,合同会社
ザ・ジャクソン・ラボラトリー・ジャパン・ホールディングス株式会社,東京都千代田区永田町２丁目１１番１号山王パークタワー４階,2021-08-18,株式会社
シミュレーション合同会社,群馬県高崎市金古町２１６６番地１,2021-08-18,合同会社
ステラトレーディング合同会社,東京都世田谷区玉堤１丁目２５番１５号ヴィラ・フィオーレ５０１,2021-08-18,合同会社
スリースワン・アウェイク合同会社,大阪府大阪市中央区北浜３丁目２－２５京阪淀屋橋ビル８階,2021-08-18,合同会社
セントラルビレッジ合同会社,東京都杉並区西荻北３丁目２２－４,2021-08-18,合同会社
タイガーマネージメント合同会社,東京都千代田区丸の内１丁目１１番１号,2021-08-18,合同会社
ニューロード株式会社,神奈川県座間市入谷東４丁目１７番１０号,2021-08-18,株式会社
パサリスファーマ・ジャパン株式会社,東京都港区南青山３丁目８番１４号,2021-08-18,株式会社
ピクトメイク合同会社,東京都中野区弥生町２丁目４１－１７,2021-08-18,合同会社
フジアグリファーム株式会社,新潟県新潟市中央区笹口３番１３号,2021-08-18,株式会社
ブラックマウンテンズ株式会社,群馬県高崎市剣崎町７６１番地２,2021-08-18,株式会社
プロスペリティ株式会社,東京都江戸川区東葛西８丁目１４番２号,2021-08-18,株式会社
ホスピタリティデザイン合同会社,神奈川県三浦郡葉山町長柄７０５番地の４５０,2021-08-18,合同会社
ホープ管理警備株式会社,沖縄県沖縄市照屋１丁目３２番２３号キャッスル照屋１００２号,2021-08-18,株式会社
マイド合同会社,大阪府大阪市中央区南久宝寺町１丁目９番７号船場ツタダビル６階２号,2021-08-18,合同会社
ミッケル合同会社,東京都中央区銀座１丁目２２番１１号銀座大竹ビジデンス２階,2021-08-18,合同会社
モスルーム株式会社,香川県高松市屋島西町２２８４番地１０,2021-08-18,株式会社
ライフウォーク株式会社,大阪府枚方市招提北町１丁目２３１５番地３５,2021-08-18,株式会社
ランクス株式会社,東京都小金井市本町２丁目２０－１５,2021-08-18,株式会社
ランドワークス株式会社,群馬県邑楽郡大泉町大字古海７９４番地の３６,2021-08-18,株式会社
ラ・ルナ株式会社,神奈川県横浜市都筑区すみれが丘３５番地５１,2021-08-18,株式会社
ルナ・エクセルシオ合同会社,大阪府堺市南区畑１９１６番地,2021-08-18,合同会社
ヴァロア株式会社,兵庫県明石市大久保町江井島８１１番地の１,2021-08-18,株式会社
一慶株式会社,埼玉県深谷市小前田１２１１番地３,2021-08-18,株式会社
一般社団法人ひろしま花好会,広島県広島市安佐南区伴東５丁目１５番３８号,2021-08-18,その他の設立登記法人
一般社団法人オービーエフ,東京都港区元赤坂１丁目１番８号赤坂コミュニティビル４階,2021-08-18,その他の設立登記法人
一般社団法人ダブルブラスト協会,愛媛県新居浜市萩生７２３番地の６,2021-08-18,その他の設立登記法人
一般社団法人世田谷音楽指導者協会,東京都世田谷区松原１丁目５０番１３号,2021-08-18,その他の設立登記法人
一般社団法人世界絶対平和萬歳の鐘,愛媛県宇和島市元結掛２丁目５番６号,2021-08-18,その他の設立登記法人
一般社団法人京都障害福祉サービスセンター,京都府京都市東山区今熊野宝蔵町６５番地シャロン栗２階,2021-08-18,その他の設立登記法人
一般社団法人分譲マンション管理組合適正運営推進協会,神奈川県横浜市神奈川区入江１丁目１番１１号,2021-08-18,その他の設立登記法人
一般社団法人涌井建築,新潟県長岡市栃堀１９９番地２,2021-08-18,その他の設立登記法人
一般社団法人長谷川総研,東京都港区赤坂２丁目１３番１９－１１０２号,2021-08-18,その他の設立登記法人
一般社団法人ＮｅｕｒｏＰｉａｎｏ,京都府京都市下京区松原通東洞院東入本燈籠町１３－１,2021-08-18,その他の設立登記法人
一般社団法人ＳＩＬＶＥＲ　ＳＴＡＲ,神奈川県川崎市川崎区駅前本町１１番地２川崎フロンティアビル４階,2021-08-18,その他の設立登記法人
三葉商事合同会社,埼玉県ふじみ野市鶴ケ岡５丁目１番８－５０４号,2021-08-18,合同会社
中雅株式会社,東京都江戸川区西葛西１丁目１２番１５号,2021-08-18,株式会社
人間力経営株式会社,東京都千代田区三番町３０－６日興パレス４０３,2021-08-18,株式会社
修光ハウス株式会社,大阪府東大阪市新上小阪２２番２２号,2021-08-18,株式会社
光樹ハウス株式会社,大阪府東大阪市新上小阪２３番７号,2021-08-18,株式会社
共栄商事合同会社,埼玉県ふじみ野市鶴ケ岡５丁目１番８－５０９号,2021-08-18,合同会社
北生物流株式会社,長崎県平戸市生月町御崎７０４番地１,2021-08-18,株式会社
医療法人みつもとレディースクリニック,大阪府大阪市中央区南船場１丁目１０番２０号南船場Ｍ２１ビル１Ｆ,2021-08-18,その他の設立登記法人
医療法人一森会,熊本県熊本市北区植木町舞尾６１５番地３,2021-08-18,その他の設立登記法人
南郷福地バイオマス発電株式会社,青森県三戸郡南部町大字杉沢字上中茎３番地,2021-08-18,株式会社
合同会社あすなろ,大阪府岸和田市畑町４丁目３番１号,2021-08-18,合同会社
合同会社いろどりふぁーむ,和歌山県有田市宮原町滝川原２９１番地２,2021-08-18,合同会社
合同会社ゆうるまーる,東京都墨田区菊川３丁目１１番１７－９０３号,2021-08-18,合同会社
合同会社わっしょい,東京都板橋区成増２丁目１７番１９号４Ｆ,2021-08-18,合同会社
合同会社アザルギン,青森県青森市自由ケ丘２丁目５番地６,2021-08-18,合同会社
合同会社アストラ,大阪府大阪市東淀川区下新庄５丁目６－１６－１４０４,2021-08-18,合同会社
合同会社アドアステラ,大阪府大阪市北区中津１丁目６番２９－３１０４号,2021-08-18,合同会社
合同会社アンガウーア,神奈川県座間市座間１丁目３０７８－６,2021-08-18,合同会社
合同会社エイチエム・アーキ,愛知県名古屋市中村区本陣通５丁目４３番地の３,2021-08-18,合同会社
合同会社エリアワークス,千葉県市川市南八幡２丁目７番２号,2021-08-18,合同会社
合同会社サンセバスチャン,東京都世田谷区成城２丁目３番１７号成城コンパウンドＦ棟,2021-08-18,合同会社
合同会社ソリューション,山梨県甲州市塩山三日市場２７１１番地,2021-08-18,合同会社
合同会社ソーケイ・トータルサービス,徳島県徳島市富田橋１丁目３２番地１松村ビル５０１,2021-08-18,合同会社
合同会社ハヤテ,兵庫県西宮市松園町７番１０号,2021-08-18,合同会社
合同会社ファイブ,大阪府堺市中区深井水池町２８６２番地１－３Ｃ,2021-08-18,合同会社
合同会社フジワラオフィス,東京都世田谷区下馬２丁目３７番２号,2021-08-18,合同会社
合同会社フル・ハウス３,東京都港区元赤坂１丁目１番７号,2021-08-18,合同会社
合同会社ベルセントラル,愛知県みよし市福谷町落合７番地,2021-08-18,合同会社
合同会社マテイニ,東京都八王子市大和田町１丁目６番１２号,2021-08-18,合同会社
合同会社ミライ,神奈川県横浜市泉区中田東２丁目１６－２４－２０１,2021-08-18,合同会社
合同会社リーサット,東京都多摩市中沢２丁目２４番１０号,2021-08-18,合同会社
合同会社レットファイン,東京都荒川区東日暮里３丁目２番４－３０７号,2021-08-18,合同会社
合同会社㐂利竹,東京都八王子市泉町１２７１－８,2021-08-18,合同会社
合同会社伊藤遠隔画像診断室,兵庫県西宮市殿山町１３番３０号,2021-08-18,合同会社
合同会社力添え,愛媛県松山市南久米町４１１ドエル東山Ｃ棟１０１号,2021-08-18,合同会社
合同会社十口屋,埼玉県上尾市愛宕２丁目５番３号,2021-08-18,合同会社
合同会社千喜,沖縄県那覇市天久２丁目１番１７号５０５,2021-08-18,合同会社
合同会社南部クリーンサービス,長崎県対馬市上対馬町琴１２６番地２,2021-08-18,合同会社
合同会社和美,大阪府大阪市浪速区湊町２丁目２番５－１９１６号,2021-08-18,合同会社
合同会社土屋商会,千葉県千葉市緑区おゆみ野２丁目３７番地６,2021-08-18,合同会社
合同会社快進プロジェクト,大阪府大阪市西区新町１丁目１４番４３－４０１号室,2021-08-18,合同会社
合同会社河野製作所,東京都多摩市落川１３６５番地８,2021-08-18,合同会社
合同会社玻名城,沖縄県那覇市首里石嶺町４丁目７７番１号サンヒルズ田場１０３,2021-08-18,合同会社
合同会社若紫,東京都国立市富士見台１丁目４番４号,2021-08-18,合同会社
合同会社荒川資産管理,東京都板橋区大山町５２番２号朝日クレス・パリオ大山２０６,2021-08-18,合同会社
合同会社追進坊,大阪府大阪市西成区玉出中２丁目１６番６号,2021-08-18,合同会社
合同会社鈴悠,静岡県藤枝市瀬古２丁目７番３３号,2021-08-18,合同会社
合同会社麦わら帽子,兵庫県神戸市北区淡河町野瀬２６１番地,2021-08-18,合同会社
合同会社３９清掃,沖縄県沖縄市室川２丁目３３番７４号メゾン室川３０３号室,2021-08-18,合同会社
合同会社Ａ＆Ｇ,大阪府大阪市東淀川区下新庄４丁目２１番生島リバーサイドマンションＡ棟１００６号室,2021-08-18,合同会社
合同会社ＡＲＡＴＡ,神奈川県横浜市瀬谷区北新３番地２２サンフラワーハイツ２０１,2021-08-18,合同会社
合同会社Ａｓｔｒｏｎａｕｔｓ,東京都江東区東砂３丁目３０番１４－１１１１号,2021-08-18,合同会社
合同会社ＢＯＳＯ　ＦＲＯＮＴＩＥＲ,千葉県長生郡長生村一松乙７４９－７,2021-08-18,合同会社
合同会社ＢＲＩＳＫ,兵庫県神戸市中央区元町通５丁目４－８三木ビル１Ｆ,2021-08-18,合同会社
合同会社ＣＨＡＮＤＲＡＭＡ　ＣＯＲＰＯＲＡＴＩＯＮ,東京都杉並区高円寺北３丁目３１番１９号恵荘２Ｆ１号,2021-08-18,合同会社
合同会社ＣＲＵＩＳＥ,大阪府大阪市北区梅田１丁目２－２大阪駅前第２ビル２階５－６,2021-08-18,合同会社
合同会社ＤＯＮＵＴＳ,大阪府大阪市此花区西九条３丁目４－３４ファミール西九条９０２,2021-08-18,合同会社
合同会社ＥＷＥＳＴ,埼玉県入間市東町１丁目６番１６号平成ハウス２８号Ｅ,2021-08-18,合同会社
合同会社ＧＬＯＷＦＩＴ,東京都文京区本郷３丁目２７番１２号本郷デントビル２階,2021-08-18,合同会社
合同会社ＧｒｅｅｎＲｕｓｈ,東京都文京区小石川２丁目２４番８－２１２号,2021-08-18,合同会社
合同会社ＨＡＹＡＴＯ　Ｔｈｅ　Ｋｉｔｃｈｅｎ,千葉県四街道市大日８９番地８,2021-08-18,合同会社
合同会社ＨＲＫ,神奈川県相模原市中央区清新７丁目４番１号,2021-08-18,合同会社
合同会社ＩＮＤＩＧＯＬＤ,千葉県千葉市美浜区打瀬２丁目２３番地パティオス１９番街２－２０８号,2021-08-18,合同会社
合同会社Ｊ・Ｙ,長野県千曲市大字磯部８８８番地１ボナール１０３,2021-08-18,合同会社
合同会社Ｋ＆Ｈコンサルティング,愛知県名古屋市中村区黄金通１丁目７番地,2021-08-18,合同会社
合同会社ＫＥＺＡＲＩＮ,宮城県仙台市泉区向陽台３丁目３６番２５号－２Ｆ,2021-08-18,合同会社
合同会社ＫＦローレル,沖縄県うるま市字西原１９９番地１２,2021-08-18,合同会社
合同会社ＫｉＳＥＴＵ,東京都千代田区平河町１丁目６番１５号ＵＳビル８Ｆ,2021-08-18,合同会社
合同会社Ｋｏｋａｇｅ,千葉県市原市瀬又６３２番地２,2021-08-18,合同会社
合同会社Ｌｕｍｉｎｏｘ,神奈川県横浜市港南区丸山台２丁目２９番１４号,2021-08-18,合同会社
合同会社Ｎ．Ｏ．Ｅ,京都府京都市伏見区深草泓ノ壺町２５－３第２住田屋ビル２０２,2021-08-18,合同会社
合同会社Ｎ．ｎ．Ｎ,大阪府大阪市西淀川区竹島３丁目２－４,2021-08-18,合同会社
合同会社Ｐ＆Ｉ　ＴＥＮＮＩＳ,愛知県日進市竹の山３丁目１４２２番地ＳａｍｂｒｅｅｌＪｕｔｒａ１０１,2021-08-18,合同会社
合同会社ＰｒｉｍｅＡＩ,群馬県北群馬郡榛東村大字広馬場２７３１番地５,2021-08-18,合同会社
合同会社ＲＩＳＯ,神奈川県横浜市中区本牧三之谷１１番２２号,2021-08-18,合同会社
合同会社ＲＯＢＡ,東京都港区赤坂３丁目１１番１９号,2021-08-18,合同会社
合同会社ＳＵＷＡＮＣ,大阪府門真市小路町５番２１号,2021-08-18,合同会社
合同会社ＳＶＮＯ,埼玉県蕨市中央１丁目７番１－１５０１号,2021-08-18,合同会社
合同会社Ｔｉａｓｔａｌ　Ｊａｐａｎ,東京都港区北青山２丁目７－２０猪瀬ビル２Ｆ,2021-08-18,合同会社
合同会社Ｕｐ‐ｏｎｅ,大分県中津市大字上如水１２８４番地オアシス如水Ｈ号,2021-08-18,合同会社
合同会社Ｖａｌｕｅ２Ｊ,神奈川県川崎市宮前区有馬６丁目２－５－４０２,2021-08-18,合同会社
合同会社Ｖｙｓｈｙｔｅｃｈ,東京都渋谷区恵比寿４丁目１１番７号,2021-08-18,合同会社
合同会社ＹＵＩＭＡＲＵ,東京都中央区銀座４丁目１４番１５号サントル銀座四丁目８０３号室,2021-08-18,合同会社
合同会社ａｌｐｈａ,大阪府枚方市中宮山戸町２番１３－３０１号,2021-08-18,合同会社
合同会社ｇｒａｓｔｙ,東京都世田谷区奥沢５丁目２３番１８号メディス自由が丘４階,2021-08-18,合同会社
合同会社ｉｌｌｎｏａ,東京都渋谷区恵比寿４丁目１１番７号,2021-08-18,合同会社
合同会社ｗｉｌｌ,兵庫県神戸市中央区御幸通４丁目２－２４－８０２号,2021-08-18,合同会社
大宝株式会社,東京都中央区日本橋久松町１３番６号,2021-08-18,株式会社
大雅株式会社,長野県諏訪市高島４丁目２６９０番地１,2021-08-18,株式会社
宮崎貿易株式会社,東京都江戸川区南小岩４丁目２番２４号,2021-08-18,株式会社
尾の岳風力合同会社,福岡県福岡市中央区渡辺通５丁目２０番７号,2021-08-18,合同会社
成美建設株式会社,千葉県成田市野毛平６４３番地２,2021-08-18,株式会社
新星通国際合同会社,埼玉県川口市西川口２丁目１番８号ライオンズプラザ西川口７０３号室,2021-08-18,合同会社
日光ベンチャー株式会社,東京都千代田区神田須田町１丁目１４番地１,2021-08-18,株式会社
日本ジェネレーション株式会社,東京都北区赤羽２丁目１９番６号サンハイム２０１号,2021-08-18,株式会社
東京令和株式会社,東京都文京区本駒込２丁目２９番２７号レニール本駒込８０１号室,2021-08-18,株式会社
東秀農育株式会社,千葉県千葉市中央区浜野町１２０１番地１,2021-08-18,株式会社
株式会社いとうビル,愛知県名古屋市千種区穂波町３丁目１４番地,2021-08-18,株式会社
株式会社おひさま,東京都文京区本駒込６丁目４番９号,2021-08-18,株式会社
株式会社からこる,東京都八王子市西片倉１丁目１５番地２号デルソル１０３号,2021-08-18,株式会社
株式会社ことのは,東京都中央区銀座１丁目２２番１１号銀座大竹ビジデンス２階,2021-08-18,株式会社
株式会社さむ,埼玉県さいたま市大宮区桜木町４丁目８９０番地３－２０７号室,2021-08-18,株式会社
株式会社したぼうＨＯＭＥ,兵庫県三田市西山１丁目１２番６号,2021-08-18,株式会社
株式会社たまてばこ,長崎県長崎市梁川町２番５号８０２,2021-08-18,株式会社
株式会社どすこい,大阪府大阪市阿倍野区昭和町４丁目１１番２２号,2021-08-18,株式会社
株式会社なかつぎ不動産,神奈川県平塚市明石町１３－２３,2021-08-18,株式会社
株式会社はやぶさ,大阪府大阪市淀川区十三東２丁目７番５号,2021-08-18,株式会社
株式会社よもぎ,千葉県茂原市千沢５４３番地１１,2021-08-18,株式会社
株式会社アイウェル,東京都新宿区西新宿１丁目５番１２号ニューセントラルビル８０１,2021-08-18,株式会社
株式会社アイサット,東京都豊島区南池袋２丁目３０番１２号ＢＩＴビル,2021-08-18,株式会社
株式会社アトノイ,東京都港区虎ノ門１丁目１７番１号,2021-08-18,株式会社
株式会社アネクス,神奈川県横須賀市小川町１９－５富士ビル３階１６Ｓｔａｒｔｕｐｓ内,2021-08-18,株式会社
株式会社アバターディスパッチ,東京都港区浜松町２丁目１番１２号２Ｆ,2021-08-18,株式会社
株式会社アフマディ貿易,沖縄県うるま市字田場９７８番地１－２Ｆ,2021-08-18,株式会社
株式会社アベニール,東京都江東区亀戸５丁目１３－１４ＬＯＦＴＨＯＴＥＬ亀戸１０１,2021-08-18,株式会社
株式会社アンドオム,大阪府堺市北区中百舌鳥町５丁６９２番地１,2021-08-18,株式会社
株式会社アンパレス,東京都世田谷区等々力５丁目１１番２２－１０７号,2021-08-18,株式会社
株式会社アンビション,大阪府豊中市新千里東町１丁目１－２－４７０９,2021-08-18,株式会社
株式会社イイズミモビリティサービス,茨城県桜川市真壁町長岡２５８番地３,2021-08-18,株式会社
株式会社イイナ,大阪府大阪市中央区南久宝寺町３丁目３番３号三都ビル３０５号,2021-08-18,株式会社
株式会社イノベーションシフト,福島県福島市鎌田字沼前１４,2021-08-18,株式会社
株式会社イワモトワークス,千葉県君津市浜子６１－１,2021-08-18,株式会社
株式会社イープロダクト,東京都新宿区西新宿５丁目２５番１３－２０８号,2021-08-18,株式会社
株式会社ウゴウネス,大阪府大阪市天王寺区逢阪２丁目５番７号,2021-08-18,株式会社
株式会社エアテックシステム,宮崎県延岡市夏田町３６６番地５,2021-08-18,株式会社
株式会社エイシン,東京都江戸川区松江３丁目４番５号東西ビル４０５,2021-08-18,株式会社
株式会社エクセル,沖縄県石垣市字大川１８４番地６,2021-08-18,株式会社
株式会社エックスディーエンターテインメント,栃木県宇都宮市峰２丁目５番７号,2021-08-18,株式会社
株式会社エフスリープランニング,埼玉県川口市元郷４丁目７番１３－４０３号クランドール南平,2021-08-18,株式会社
株式会社エフ・グランド,岡山県玉野市八浜町波知１５４２番地２,2021-08-18,株式会社
株式会社カネコセツビ,埼玉県越谷市谷中町２丁目１２８番地４,2021-08-18,株式会社
株式会社カラダコモン,大阪府箕面市粟生間谷東２丁目１４番９号,2021-08-18,株式会社
株式会社コンパスイノベーションジャパン,神奈川県横浜市中区弁天通２丁目２９番地加州ビル６Ｆ,2021-08-18,株式会社
株式会社シーアップ,千葉県印西市瀬戸２０９１番地,2021-08-18,株式会社
株式会社スウェル・ホールディングス,東京都目黒区上目黒１丁目１１番１号ＯＡＫＢＬＤＧⅡ２Ｆ,2021-08-18,株式会社
株式会社スタンド,東京都品川区東五反田１丁目１３番１２号いちご五反田ビル１０Ｆ,2021-08-18,株式会社
株式会社スマイルワークス,東京都大田区南千束２丁目２７番８号Ｅ棟,2021-08-18,株式会社
株式会社セイス,奈良県天理市柳本町７４５－１エーデルハイム黒塚Ⅱ２０２,2021-08-18,株式会社
株式会社セカミー,東京都千代田区外神田６丁目１１－１４アーツ千代田３３３１Ｓ０１,2021-08-18,株式会社
株式会社セラネス,東京都文京区湯島３丁目１８番１０－７０６号,2021-08-18,株式会社
株式会社ソーシャル・デザイニングナガサキ,長崎県長崎市油木町４６番地３１,2021-08-18,株式会社
株式会社チアーズ,東京都中央区銀座１丁目１４番４号,2021-08-18,株式会社
株式会社デイジー,鹿児島県鹿児島市加治屋町９番３２号１階,2021-08-18,株式会社
株式会社ナカタ設備,愛知県あま市七宝町鯰橋７丁目１７番地７,2021-08-18,株式会社
株式会社ナチュラルロジスティクス,東京都江東区亀戸１丁目３６番４号－４０５号,2021-08-18,株式会社
株式会社パラレル,大阪府大阪市中央区谷町１丁目３番４号ウェリス大手前２０４号,2021-08-18,株式会社
株式会社ファン工房,群馬県高崎市白銀町９番地白銀ビル３階,2021-08-18,株式会社
株式会社フィールド・ジャパン,東京都千代田区九段南１丁目５番６号りそな九段ビル５階ＫＳフロア,2021-08-18,株式会社
株式会社プラチナプレイス,東京都中央区銀座８丁目５番２０号,2021-08-18,株式会社
株式会社プルミエ,東京都西東京市ひばりが丘１丁目１２番２０号,2021-08-18,株式会社
株式会社プレリンク,兵庫県尼崎市水堂町２丁目１３番１９号,2021-08-18,株式会社
株式会社ボンベール,東京都江東区木場６丁目１４番１－７０４号,2021-08-18,株式会社
株式会社マッチ,東京都目黒区上目黒２丁目２６番２号ヴィラハーモニー中目黒３０４号室,2021-08-18,株式会社
株式会社マルチ・リテイリング,北海道旭川市豊岡二条８丁目６番１３号,2021-08-18,株式会社
株式会社マルミツ運送,北海道北見市公園町１６３番地２５,2021-08-18,株式会社
株式会社ミナト,埼玉県川越市中台南３丁目５番地１,2021-08-18,株式会社
株式会社ムーバー,埼玉県所沢市大字中富１４００番地１,2021-08-18,株式会社
株式会社モジャ,東京都杉並区和田１丁目３番１２号サンライズＯ．Ｂ．Ａ３０１,2021-08-18,株式会社
株式会社ユナイト,群馬県太田市東別所町２３３番地サンライズ太田２１３号,2021-08-18,株式会社
株式会社ユニバーサル,東京都中野区鷺宮２丁目１１番８－２０５号,2021-08-18,株式会社
株式会社リモネ,福島県伊達市梁川町字右城町５６番地の１,2021-08-18,株式会社
株式会社リンクセレクト,愛知県清須市西枇杷島町橋詰７６番地プロパティ橋詰１０２,2021-08-18,株式会社
株式会社ルミナ,三重県伊勢市上野町１５６８番地２,2021-08-18,株式会社
株式会社レッドスナッパーズ,大阪府大阪市北区豊崎４丁目６番３号クレピス２１－３０４号,2021-08-18,株式会社
株式会社ローンチラボ,千葉県松戸市新松戸１丁目５４－２,2021-08-18,株式会社
株式会社ワン・プランニング,大阪府大阪市此花区伝法６丁目５番８号,2021-08-18,株式会社
株式会社三栄重設,千葉県富里市七栄７３４番地１０（サニーヒルＢ１０１）,2021-08-18,株式会社
株式会社住福,東京都新宿区大久保１丁目４番地１５号,2021-08-18,株式会社
株式会社児玉建築店,新潟県新潟市西区藤野木２９９番地,2021-08-18,株式会社
株式会社八籐後組,沖縄県中頭郡北中城村字仲順５３－３０１号,2021-08-18,株式会社
株式会社原田久嗣建築設計事務所,東京都江東区東雲１丁目９番１４－８１２号,2021-08-18,株式会社
株式会社吉浦総建,長崎県佐世保市鹿子前町９５６番地３９,2021-08-18,株式会社
株式会社大希,愛知県名古屋市緑区大高町字西丸根９３番地,2021-08-18,株式会社
株式会社大瑛建設,大阪府堺市美原区北余部２４番地１０,2021-08-18,株式会社
株式会社家和農機商会,群馬県桐生市相生町２丁目７４０番地の９グロースベルクＢ２０１,2021-08-18,株式会社
株式会社忽蘭,千葉県市川市大野町３丁目１６８６番地１４,2021-08-18,株式会社
株式会社日下芸術企画,千葉県柏市大室１４９９番地４９,2021-08-18,株式会社
株式会社旺文社キャピタルマネジメント,東京都新宿区横寺町５５番地,2021-08-18,株式会社
株式会社木下総合鑑定,千葉県市川市南八幡１丁目７－３,2021-08-18,株式会社
株式会社木村工務店,大阪府大阪市西淀川区中島１丁目３４番６２号,2021-08-18,株式会社
株式会社木林産業,福岡県直方市知古３丁目６番７号,2021-08-18,株式会社
株式会社松尾コンシェルジュ,東京都杉並区阿佐谷北２丁目１４番９－５０２号,2021-08-18,株式会社
株式会社柚慈杏,千葉県市原市松崎７４－２４,2021-08-18,株式会社
株式会社森建設,北海道帯広市西七条北３丁目１１番地２,2021-08-18,株式会社
株式会社正和通商,東京都中央区八丁堀１丁目８番６号,2021-08-18,株式会社
株式会社海成建設,神奈川県高座郡寒川町岡田３丁目２２番４６号,2021-08-18,株式会社
株式会社玉城・工業,沖縄県糸満市字賀数１８０番地１,2021-08-18,株式会社
株式会社環境プロジェクト,岐阜県羽島郡笠松町円城寺１５０６番地の１サニーフィールド１０２号室,2021-08-18,株式会社
株式会社益子建築,千葉県船橋市馬込町９４９番地４３,2021-08-18,株式会社
株式会社結心,宮城県宮城郡利府町青山３丁目３２番地１３,2021-08-18,株式会社
株式会社美紀コンサルティング,千葉県鎌ケ谷市道野辺中央１丁目２－６大野ビル２０２号,2021-08-18,株式会社
株式会社藤丸道路,千葉県柏市東１丁目２番４号,2021-08-18,株式会社
株式会社輝,兵庫県神戸市兵庫区塚本通５丁目４番１２号酒井ハイツ２０１号,2021-08-18,株式会社
株式会社輝繋,神奈川県横浜市泉区岡津町１０４０番地６,2021-08-18,株式会社
株式会社長谷川笑店,茨城県石岡市国府２丁目１－４－５０５第１４ＳＹビル,2021-08-18,株式会社
株式会社関八,東京都八王子市石川町７０８番地１０セイワビル２０１号,2021-08-18,株式会社
株式会社阪神リノベーション,大阪府大阪市北区本庄東１丁目１０番１９号,2021-08-18,株式会社
株式会社３時２５分,鹿児島県志布志市志布志町安楽２７５２－１－６,2021-08-18,株式会社
株式会社Ａ　ｔｏ　Ｚ,兵庫県神戸市北区大原３丁目１８番地の２,2021-08-18,株式会社
株式会社Ａ－ｓｔａｔｉｏｎ,大阪府大阪市阿倍野区旭町１丁目５－４５ココファン阿倍野２Ｆ,2021-08-18,株式会社
株式会社ＡＨ,大阪府大阪市中央区西心斎橋２丁目４－２－４０３号室,2021-08-18,株式会社
株式会社ＡＬＭＯＮＤＢＡＧＧＥＲ,東京都渋谷区神宮前６丁目２３－４桑野ビル２階,2021-08-18,株式会社
株式会社ＡＰＥＳ　Ｂｏｒｄｅｒ,愛知県名古屋市緑区鳥澄１丁目３２７番地の１,2021-08-18,株式会社
株式会社ＡＲＳ　ＪＡＰＡＮ,愛知県名古屋市港区藤高２丁目２番,2021-08-18,株式会社
株式会社ＡＳＩＳ,東京都渋谷区神宮前６丁目２３番４号桑野ビル２階,2021-08-18,株式会社
株式会社Ａｔｈｅｎａ,群馬県邑楽郡大泉町大字吉田２４６６－８７岡部ビル２階,2021-08-18,株式会社
株式会社Ａｗａｙｋｅ,沖縄県那覇市松山１丁目７番８号Ａｒｕフェリースビル１Ｆ,2021-08-18,株式会社
株式会社Ａｗｓｏｍｅ,大阪府大阪市北区神山町９－５,2021-08-18,株式会社
株式会社Ｂ＆Ａ　ＥＮＬＩＧＨＴ,群馬県伊勢崎市本町２０番地５,2021-08-18,株式会社
株式会社ＢＲＵＧＥＳ,群馬県伊勢崎市田中島町１４１６番地１３,2021-08-18,株式会社
株式会社Ｂｌｕｅ　Ｒｏｃｋ,東京都渋谷区神宮前２丁目５－６－４０２,2021-08-18,株式会社
株式会社ＣＨＩＳＯＨ,東京都杉並区和泉２丁目２７番８号,2021-08-18,株式会社
株式会社ＣＲＹ４,大阪府大阪市北区梅田１丁目１－３大阪駅前第３ビル２３０７,2021-08-18,株式会社
株式会社Ｃｈｏｉｃｅ,滋賀県近江八幡市上田町９７４番地２２,2021-08-18,株式会社
株式会社Ｃｏ　Ｃｏ　Ｇｌｏｂａｌ,東京都墨田区太平４丁目１番２号オリナスモール１Ｆザ・グリーンターラ,2021-08-18,株式会社
株式会社Ｃｒｅａｔｉｖｅ　Ｍ,愛知県名古屋市千種区新池町２丁目１５番地バンベール東山５０５号,2021-08-18,株式会社
株式会社Ｄ・Ａ・Ｌ,大阪府大阪市中央区南船場２丁目１１番２０号１Ｆ,2021-08-18,株式会社
株式会社Ｄｅｃｉｄｉｏ,神奈川県横浜市保土ケ谷区川辺町３番地１,2021-08-18,株式会社
株式会社ＥＤＤＹＰＲＯＤＵＣＴＩＯＮ,東京都板橋区上板橋３丁目２０番８号１－Ｅ,2021-08-18,株式会社
株式会社ＥＭＩＬＬＩＯＮ,東京都江東区森下４丁目２０番１号,2021-08-18,株式会社
株式会社Ｅｓｃａｐｅ,東京都港区浜松町２丁目２番１５号ダイヤビル２Ｆ,2021-08-18,株式会社
株式会社Ｆクリエート,兵庫県川西市下加茂２丁目３５番８号,2021-08-18,株式会社
株式会社Ｆ＆Ｕ,岐阜県大垣市笠木町４９３番地５,2021-08-18,株式会社
株式会社Ｆｉｖｅ　ｍｏｒｅ,大阪府大阪市中央区日本橋１丁目１７番１７号ピカソ日本一ビル,2021-08-18,株式会社
株式会社ＦｏｒＣｒｅａ,茨城県つくば市吾妻２丁目５－１つくば市産業振興センター内,2021-08-18,株式会社
株式会社ＧООＤ　ＰＯＩＮＴ,長崎県諫早市津久葉町６番地７４　２Ｆ,2021-08-18,株式会社
株式会社ＧＯＯＤ　ＬＩＦＥ,千葉県市川市東菅野１丁目１６番２１号１０５号室,2021-08-18,株式会社
株式会社ＨＡＬＥイシガキ,沖縄県石垣市字登野城５８９番地外間アパート２０２号,2021-08-18,株式会社
株式会社ＨＡＵＳ,大阪府大阪市福島区吉野１丁目５番１７号,2021-08-18,株式会社
株式会社ＨＬＣ,神奈川県横須賀市大津町１丁目１２番４０号大津レジデンス１Ｆ,2021-08-18,株式会社
株式会社ＨＭＳパートナーズ,東京都文京区湯島１丁目１２番５号,2021-08-18,株式会社
株式会社Ｈａｒｂｏｒ,愛知県名古屋市中区栄４丁目９番１０号愛信プラザビル２階１２号室,2021-08-18,株式会社
株式会社Ｉ．Ｆ．,神奈川県川崎市多摩区登戸２６６３番地－５階Ａ－１,2021-08-18,株式会社
株式会社ＩＫｍｕｓｉｃ,千葉県千葉市中央区白旗３丁目２１番１４号,2021-08-18,株式会社
株式会社ＩＭＣ　ＴＲＡＤＩＮＧ　ＣＯ．,栃木県小山市大字間々田１３７２番地１,2021-08-18,株式会社
株式会社Ｋ２Ｍ,東京都江東区青海２丁目７番４号,2021-08-18,株式会社
株式会社ＫＣＩＥ,東京都千代田区九段南１丁目５－６りそな九段ビル５ＦＫＳフロア,2021-08-18,株式会社
株式会社ＫＦＳ,愛知県名古屋市中村区則武２丁目３番２号サン・オフィス名古屋８階,2021-08-18,株式会社
株式会社ＫＩＣ,千葉県市原市五井２１９５番地６,2021-08-18,株式会社
株式会社ＫＯＷＡ　ＴＲＡＶＥＬ,東京都中央区銀座５丁目１４番１６号銀座アビダシオン８０３,2021-08-18,株式会社
株式会社ＫＳＨマネジメント,東京都杉並区永福１丁目３４番２０号,2021-08-18,株式会社
株式会社Ｌ＆Ｙ,大阪府大阪市中央区日本橋１丁目２３番３５号,2021-08-18,株式会社
株式会社ＬＦＵ,東京都武蔵野市吉祥寺北町１丁目２番１１号,2021-08-18,株式会社
株式会社ＬｉＨ,東京都品川区東大井５丁目２３番３２号,2021-08-18,株式会社
株式会社Ｌｕｐｉｎｕｓ,東京都港区六本木７丁目１４番２３号ラウンドクロス六本木５階,2021-08-18,株式会社
株式会社ＭＧコーポレーション,岐阜県本巣郡北方町天狗堂１丁目５０番地,2021-08-18,株式会社
株式会社ＭａｈＫ,埼玉県さいたま市南区白幡３丁目１番９号１－８１３,2021-08-18,株式会社
株式会社Ｍｏｕｒａ,新潟県長岡市北山３丁目１９番地４,2021-08-18,株式会社
株式会社Ｎ－Ｌｅａｐ,福島県郡山市開成４丁目５番１７号,2021-08-18,株式会社
株式会社ＮＡＶＥＩＲＡ,神奈川県川崎市川崎区駅前本町１１－２川崎フロンティアビル４階,2021-08-18,株式会社
株式会社ＮＯＡＳＩＳ,東京都港区新橋２丁目１１－１０,2021-08-18,株式会社
株式会社ＮＴ不動産,兵庫県芦屋市山手町３番３１－１０１号,2021-08-18,株式会社
株式会社ＯＦＦＩＣＥ・ＨＩＴ,広島県広島市中区住吉町１６番８号,2021-08-18,株式会社
株式会社ＯＴＷ,栃木県宇都宮市上戸祭町２３１番地１０,2021-08-18,株式会社
株式会社Ｐｏｒｒｏ,東京都渋谷区円山町６番７号,2021-08-18,株式会社
株式会社ＲＭＣＫ,東京都港区赤坂７丁目４番１８号赤坂プラザ１０３,2021-08-18,株式会社
株式会社ＲＯＯＯＦ,広島県広島市西区三滝町６番１号１階,2021-08-18,株式会社
株式会社Ｒｅｔｕｒｎ,香川県三豊市詫間町松崎１９７６番地１,2021-08-18,株式会社
株式会社ＳＥＣＯＮＤ,東京都杉並区高円寺南３丁目５３番１号,2021-08-18,株式会社
株式会社ＳＨＩＰ,兵庫県姫路市駅前町２２２,2021-08-18,株式会社
株式会社ＳＨＩＴＯＲＩ．ＣＭ,神奈川県横浜市中区尾上町４丁目５７番地横浜尾上町ビルディング８階,2021-08-18,株式会社
株式会社Ｓｔｅａｄｆａｓｔ　Ｇｌｏｂａｌ　Ａｒｔ,熊本県宇城市小川町河江６３０番地１,2021-08-18,株式会社
株式会社ＴＡＮＡＫＡ　ＴＲＡＤＩＮＧ,東京都八王子市子安町４丁目７番１－２３１１号,2021-08-18,株式会社
株式会社ＴＩＭ,神奈川県厚木市栄町１丁目６－１メゾン厚木１０６,2021-08-18,株式会社
株式会社ＴＫコーポレーション,東京都八王子市館町１６０３番地フローラ小島１０５号,2021-08-18,株式会社
株式会社ＴＬＣ,岡山県岡山市南区豊成３丁目２１番１８－３０２号,2021-08-18,株式会社
株式会社ＴＮＣ,群馬県太田市新田中江田町８０６番地４,2021-08-18,株式会社
株式会社Ｔａｋｅ　ＯＮ,東京都世田谷区上野毛４丁目２１番１８号,2021-08-18,株式会社
株式会社Ｔｒａｄｅｒ＆Ｄｅｌｉｇｈｔ,神奈川県横浜市港北区篠原東２丁目１０番６号,2021-08-18,株式会社
株式会社ＺＩＮＧ,兵庫県神戸市西区長畑町１番地の６,2021-08-18,株式会社
株式会社ａｏ,東京都渋谷区千駄ヶ谷４丁目１５番１０号北参道ヒルズ２階,2021-08-18,株式会社
株式会社ｂｌｅｎｄｅｒ,東京都港区南麻布５丁目１番１１－７０３号,2021-08-18,株式会社
株式会社ｂｏｘＸＸＸ,大阪府大阪市西区立売堀１丁目４番１２号立売堀スクエアビル８Ｆ,2021-08-18,株式会社
株式会社ｄａｄａ,東京都港区西麻布１丁目１１番６,2021-08-18,株式会社
株式会社ｅｖｅｒａ,東京都中央区銀座１丁目１２－４Ｎ＆Ｅ・ＢＬＤ．７階,2021-08-18,株式会社
株式会社ｍｉｋｅｙ,東京都中央区新川１丁目３番２１号,2021-08-18,株式会社
桜株式会社,愛知県名古屋市中区栄１丁目１６番１６号－９１４号室,2021-08-18,株式会社
洲茂貿易株式会社,愛知県名古屋市中区栄１丁目１６番１６号－７０２号室,2021-08-18,株式会社
特定目的会社港北開発,東京都港区六本木６丁目１０番１号六本木ヒルズ森タワー,2021-08-18,その他の設立登記法人
特定非営利活動法人ぽちたまレスキュー,埼玉県羽生市大字下川崎１０３９番地２,2021-08-18,その他の設立登記法人
特定非営利活動法人アニマルはにまる高槻,大阪府高槻市柳川町２丁目２０番７号,2021-08-18,その他の設立登記法人
特定非営利活動法人三河牡丹,愛知県豊田市上野町７丁目７５番地,2021-08-18,その他の設立登記法人
特定非営利活動法人長崎わんにゃん会,長崎県長崎市香焼町２００１番地２９,2021-08-18,その他の設立登記法人
田原グリーンバイオマス合同会社,東京都港区北青山２丁目５番１号,2021-08-18,合同会社
県東荷役株式会社,千葉県銚子市柴崎町１丁目９９番地,2021-08-18,株式会社
真正合同会社,千葉県柏市藤ケ谷１２１８番地７,2021-08-18,合同会社
石橋自動車株式会社,埼玉県草加市西町１１５０番地２,2021-08-18,株式会社
社会保険労務士法人リーガルネットワークス,東京都新宿区新宿１丁目３４番１３号,2021-08-18,その他の設立登記法人
美秀株式会社,大阪府大阪市西成区玉出中２丁目１４－９－５０１号室,2021-08-18,株式会社
船木資産管理合同会社,東京都狛江市岩戸北１丁目１６番１３号,2021-08-18,合同会社
蘇陽風力合同会社,福岡県福岡市中央区渡辺通５丁目２０番７号,2021-08-18,合同会社
行政書士法人テンポート,東京都新宿区新宿１丁目１９番１０号サンモールクレスト２０４,2021-08-18,その他の設立登記法人
西建株式会社,埼玉県川越市中原町２丁目１２－２３、２０２,2021-08-18,株式会社
赤王株式会社,東京都杉並区堀ノ内２丁目１５－２,2021-08-18,株式会社
趨勢コンサルティング合同会社,東京都千代田区九段南１丁目５番６号りそな九段ビル５Ｆ,2021-08-18,合同会社
高天原株式会社,岐阜県岐阜市大字岩崎字一町田６１１番地１,2021-08-18,株式会社
７Ｐｉｌｌａｒ　Ｃｒａｆｔ株式会社,大阪府堺市東区日置荘西町７丁１３番９号,2021-08-18,株式会社
８１０株式会社,東京都渋谷区千駄ヶ谷３丁目１７番１１号,2021-08-18,株式会社
Ａｇｅｎｃｙ－Ｍａａｑｂｌｕｅ株式会社,福岡県福岡市中央区平尾５丁目１４番１２－４０１号,2021-08-18,株式会社
Ａｉｒｆｌｏｗ合同会社,東京都渋谷区代々木１丁目２４番１５号代々木ハイツ１０１,2021-08-18,合同会社
Ｄ－ｔｅｃｈ株式会社,長崎県東彼杵郡川棚町白石郷１番地１０,2021-08-18,株式会社
ＤＩＹＯ合同会社,神奈川県小田原市掘之内２０２国原ビル１Ｆ,2021-08-18,合同会社
ＥＮＩＷ合同会社,東京都港区南青山２丁目２番ウィン青山１２０７号室,2021-08-18,合同会社
ＥＹＨ株式会社,兵庫県尼崎市南塚口町２丁目１６番１号,2021-08-18,株式会社
Ｆｏｒｅｃａｓｔ株式会社,東京都墨田区京島１丁目８番８号,2021-08-18,株式会社
ＧＡＸマーケティング株式会社,東京都港区白金１丁目１７番３号,2021-08-18,株式会社
ＧＬＰジャパンデベロップメント４一般社団法人,東京都千代田区丸の内３丁目１番１号東京共同会計事務所内,2021-08-18,その他の設立登記法人
ＨＡＩ　ＮＡＭ合同会社,埼玉県川口市西川口１丁目９番８スカイコート西川口第５－３０５号,2021-08-18,合同会社
ＨＩＢＡＮＡＳ株式会社,兵庫県尼崎市次屋３丁目１８番１２号,2021-08-18,株式会社
ＨＳ　ＣＡＲＳ,千葉県山武市井之内３７５番地Ｂ,2021-08-18,外国会社等
Ｈｅｒａ株式会社,東京都千代田区永田町２丁目１４番２号山王グランドビル３階スリーアイズキャピタル株式会社内,2021-08-18,株式会社
ＩｒａｎＤＯ株式会社,大阪府大阪市北区中之島３丁目３番２３－８０５号,2021-08-18,株式会社
Ｊ－ＭＡＣ　ＩＮＶＥＳＴＭＥＮＴ合同会社,千葉県柏市片山８番地１,2021-08-18,合同会社
Ｋ＆Ｒ合同会社,東京都港区白金台２丁目１８－４,2021-08-18,合同会社
ＫＨＡＴＲＩ＆ＫＨＡＴＲＩ合同会社,大阪府大阪市阿倍野区昭和町５丁目１２番１３号,2021-08-18,合同会社
Ｋｉｎｇ’ｓ　Ｒｏａｄ株式会社,東京都新宿区須賀町１０番地８ウェリス四ツ谷４０６,2021-08-18,株式会社
ＬＩＦＥ　ＴＩＭＥ　ＳＰＡＣＥ合同会社,東京都江東区枝川３丁目８番６－９０７号,2021-08-18,合同会社
ＭＡＪＥＥＤ　ＲＩＣＥ　ＭＩＬＬ,千葉県山武郡芝山町新井田６４６番地１ビジネスオフィス１５号,2021-08-18,外国会社等
ＭＡＲＢＬＥ株式会社,山梨県甲府市大手３丁目４番５３号,2021-08-18,株式会社
ＭＡＳＨ　ＪＡＰＡＮ合同会社,東京都中央区銀座１丁目２２番１１号銀座大竹ビジデンス２階,2021-08-18,合同会社
ＭＩＲＵＭ株式会社,神奈川県相模原市南区東林間２丁目２３番２２号,2021-08-18,株式会社
ＭＭ　ＶＣ１合同会社,東京都港区虎ノ門１丁目１番１２号,2021-08-18,合同会社
ＮａＮａ　Ｃｏｎｓｕｌｔｉｎｇ合同会社,東京都千代田区平河町１丁目３－６,2021-08-18,合同会社
ＰＢ　ＦＩＲＭ合同会社,兵庫県神戸市中央区磯上通８丁目１番２９号カサベラビルＣ＆Ｍ４０３号室,2021-08-18,合同会社
ＲＯＹＡＬ　ＬＡＮＫＡ　ＴＲＡＤＩＮＧ,千葉県山武市大木４７３－１０８,2021-08-18,外国会社等
Ｒｉｎｇ－ｎｄｘ株式会社,東京都渋谷区道玄坂１丁目２番３号渋谷フクラス１７階ビジネスエアポート渋谷フクラス,2021-08-18,株式会社
Ｓ．Ａ．Ｆ．ＧＲＯＵＰ　ＭＥＲＣＨＡＮＴＳ　ＰＲＩＶＡＴＥ　ＬＩＭＩＴＥＤ,千葉県山武郡芝山町新井田６４６番地１ビジネスオフィス１４号,2021-08-18,外国会社等
ＳＴＡＲＳＥＥＤ株式会社,東京都港区西麻布２丁目８番１２号,2021-08-18,株式会社
ＳＵＮＲＩＳＥ株式会社,岡山県岡山市南区豊浜町１２番８号,2021-08-18,株式会社
Ｓｃｏｐｅ株式会社,東京都中央区銀座１丁目２２番１１号銀座大竹ビジデンス２階,2021-08-18,株式会社
ＴＨＡＲＩＮＤＵ　ＭＯＲＴＯＲＳ,千葉県山武市大木４７３－１－６,2021-08-18,外国会社等
ＴＨＥ　ＭＡＲＴ　ＥＮＴＥＲＰＲＩＳＥＳ,千葉県山武市椎崎１４３８番地５１オフィスＢ,2021-08-18,外国会社等
ＴＫＹ合同会社,神奈川県相模原市中央区田名５５５１番地１サニーレジデンス２０２,2021-08-18,合同会社
ＴＯ－ＴＯ　ＬＡＢＯ株式会社,東京都大田区池上５丁目２５番３号,2021-08-18,株式会社
Ｔｏｒｉｇａｉ　Ｃｏｎｓｕｌｔｉｎｇ合同会社,東京都港区白金台５丁目１５番１０号,2021-08-18,合同会社
Ｖｉｓｉｏｎ　Ｌａｂ株式会社,東京都港区赤坂６丁目１０番４２号パシフィックパレス赤坂５０３,2021-08-18,株式会社
ＷｉｌｌｉａｍＧｌａｄｓｔｏｎｅ株式会社,東京都新宿区西新宿１丁目２６－２新宿野村ビル３２階,2021-08-18,株式会社
ＺＩＧＺＡＧＧＥＲ株式会社,東京都港区南麻布５丁目４－１オパス有栖川テラスアンドレジデンス６０４号室,2021-08-18,株式会社
ｃｌｅａｒｕｐ　ｐｉｌａｔｅｓ合同会社,神奈川県藤沢市川名８８８番地の２フリート湘南７０８号,2021-08-18,合同会社
ｅサービス合同会社,埼玉県川口市大字安行原１３２２番地の１０,2021-08-18,合同会社
ｇｌｏｗ　ａｒｋ株式会社,沖縄県那覇市小禄１丁目２３－２３ＬＵＣＫマンション５０３,2021-08-18,株式会社
こよみスタイル合同会社,愛知県半田市花園町１丁目３番地の３０,2021-08-19,合同会社
ゆーすえくすぽ合同会社,神奈川県横浜市都筑区大丸４－８,2021-08-19,合同会社
よよぎの合同会社,東京都渋谷区代々木５丁目４１－１－４１０,2021-08-19,合同会社
アクトアライズ協同組合,茨城県下妻市大宝５０番地２,2021-08-19,その他の設立登記法人
アスター特定目的会社,東京都千代田区丸の内３丁目１番１号東京共同会計事務所内,2021-08-19,その他の設立登記法人
アドバンストラスト株式会社,北海道札幌市東区東雁来十四条４丁目３番１号,2021-08-19,株式会社
アラクラミヤコ株式会社,山梨県富士吉田市新町２丁目５番１８号,2021-08-19,株式会社
アルコットケア株式会社,富山県黒部市植木４９１番地１,2021-08-19,株式会社
アントレプレナーリゾーツジャパン株式会社,東京都三鷹市下連雀３丁目３５番１号,2021-08-19,株式会社
イギア合同会社,千葉県習志野市津田沼５丁目１１－１３三橋ビル１階,2021-08-19,合同会社
イビデンヒューマンネットワーク株式会社,岐阜県大垣市神田町２丁目１番地,2021-08-19,株式会社
イースタンフォート合同会社,千葉県船橋市夏見台３丁目１０番３棟３０１号,2021-08-19,合同会社
エイドワン協同組合,愛知県名古屋市港区七番町５丁目４番地５,2021-08-19,その他の設立登記法人
エターナルユース合同会社,東京都港区六本木１丁目７番１０号,2021-08-19,合同会社
カタールガス　オペレーティングカンパニーリミテッド　日本連絡事務所,東京都千代田区大手町１丁目９番２号大手町フィナンシャルシティ　グランキューブ　１８階,2021-08-19,外国会社等
キーノ香港有限会社　日本事業所,東京都中央区東日本橋２丁目２８番５号５０８,2021-08-19,外国会社等
コロコロアセット合同会社,東京都港区芝浦２丁目１番１１－７１０号,2021-08-19,合同会社
ゴールドマン・サックス・バンクＵＳＡ,東京都港区六本木６丁目１０－１六本木ヒルズ森タワー,2021-08-19,外国会社等
スカラーオーストラフ合同会社,東京都新宿区四谷１丁目１４－１５メゾン四谷一丁目Ａ１１号,2021-08-19,合同会社
ソラシド合同会社,東京都豊島区南大塚３丁目４３－７,2021-08-19,合同会社
タンヴォ合同会社,神奈川県平塚市南豊田１１１－３,2021-08-19,合同会社
ダイイチハウス株式会社,大阪府八尾市久宝寺６丁目６番５８号,2021-08-19,株式会社
テックアセット株式会社,東京都港区海岸１丁目１－１－２８０６,2021-08-19,株式会社
ディグワークス合同会社,北海道札幌市北区北七条西２丁目６番地,2021-08-19,合同会社
トレードハンティング合同会社,東京都新宿区高田馬場３丁目１－５サンパティオ高田馬場３０９号室,2021-08-19,合同会社
パルスパートナーズ株式会社,熊本県熊本市中央区呉服町２丁目５番地６（３０１号）,2021-08-19,株式会社
パロアルト株式会社,静岡県浜松市中区城北３丁目５番１号静岡大学イノベーション社会連携推進機構棟,2021-08-19,株式会社
フラクタル合同会社,東京都渋谷区広尾３丁目１２番１７－３１７号ザ・パークハウス広尾羽澤,2021-08-19,合同会社
フラットワン株式会社,兵庫県神戸市西区水谷２丁目３番３５－Ｂ１０２号,2021-08-19,株式会社
フレックス・プランニング合同会社,愛知県一宮市北方町北方字高徳寺前４６番地,2021-08-19,合同会社
マッキーエデュケーション合同会社,東京都新宿区原町２丁目３０番地,2021-08-19,合同会社
ミカサコミュニティ合同会社,東京都新宿区新宿６丁目２９番９－５０３号,2021-08-19,合同会社
ミカタスキーム株式会社,東京都新宿区下落合３丁目１６番１７号４０１号室,2021-08-19,株式会社
ミンチ株式会社,宮崎県宮崎市橘通東３丁目６番３号冨山ビル１０２,2021-08-19,株式会社
ユナイテッド北海道株式会社,北海道札幌市中央区南一条西１１丁目３２７番地,2021-08-19,株式会社
ラダーワークス株式会社,大阪府堺市南区原山台４丁９番４－２０６号,2021-08-19,株式会社
ワイズウェルス株式会社,東京都目黒区目黒１丁目４番１６号目黒Ｇビル２階,2021-08-19,株式会社
ワコーレロイヤルヒルズ横浜蒔田管理組合法人,神奈川県横浜市南区蒔田町１０１８番地１５,2021-08-19,その他の設立登記法人
一般社団法人にくきゅうず,静岡県沼津市青野７３番地の６,2021-08-19,その他の設立登記法人
一般社団法人みやぎたけのこ会,宮城県岩沼市本町４番３１号,2021-08-19,その他の設立登記法人
一般社団法人スポーツ環境デザイン研究所,北海道江別市上江別西町４番地の３０ＣＵＢＥ１０２,2021-08-19,その他の設立登記法人
一般社団法人マザーシップ,東京都荒川区町屋２丁目１３番１号,2021-08-19,その他の設立登記法人
一般社団法人ムーンソウルＧＩＦＴ,愛知県名古屋市天白区高島１丁目２０３番地スカイコート１０２号,2021-08-19,その他の設立登記法人
一般社団法人万莉,愛知県名古屋市瑞穂区弥富ケ丘町三丁目７番地,2021-08-19,その他の設立登記法人
一般社団法人夢みらい,鹿児島県大島郡伊仙町大字伊仙２７０７番地５,2021-08-19,その他の設立登記法人
一般社団法人射水市サッカー協会,富山県射水市海竜町５番５号,2021-08-19,その他の設立登記法人
一般社団法人看取りケアはごろも,千葉県船橋市薬円台３丁目１６番５－３０８号,2021-08-19,その他の設立登記法人
一般社団法人草津市観光物産協会,滋賀県草津市草津３丁目１３番３０号,2021-08-19,その他の設立登記法人
一般社団法人鎌ケ谷マネジメントラボ,千葉県鎌ケ谷市東初富６丁目４番２３号,2021-08-19,その他の設立登記法人
一般社団法人ＧＯ　ＴＯ　ＴＨＥ　ＦＵＴＵＲＥ,奈良県御所市大字南郷２８０番地,2021-08-19,その他の設立登記法人
一般社団法人ＩＨＦ,東京都港区虎ノ門３丁目２２番１０－２０１号,2021-08-19,その他の設立登記法人
一般社団法人ＯＺＲホールディングス,東京都武蔵村山市伊奈平５丁目５８番地の２０宿萬ビル３階,2021-08-19,その他の設立登記法人
一般社団法人ＴＯＹＯＴＥＣ連盟,東京都文京区本郷１丁目１４番６号第２三沢ビル３階,2021-08-19,その他の設立登記法人
一般財団法人Ｔ．ＦＥＬＩＣＩＡ　ＪＡＰＡＮ,東京都中央区銀座１丁目１３番１２号,2021-08-19,その他の設立登記法人
三和電子工業有限会社,京都府舞鶴市字余部下８４３番地の２,2021-08-19,有限会社
三明合同会社,東京都世田谷区池尻２丁目３０－７－２０２,2021-08-19,合同会社
中錦株式会社,大阪府藤井寺市野中４丁目１番３３号,2021-08-19,株式会社
五所川原ウィンドファーム合同会社,東京都港区南青山１丁目１２番３号Ｎ２１５,2021-08-19,合同会社
井坂コンサルティング合同会社,東京都町田市金森東１丁目２２番１４号,2021-08-19,合同会社
今別ウィンドファーム合同会社,東京都港区南青山１丁目１２番３号Ｎ２１５,2021-08-19,合同会社
勇永建設合同会社,鳥取県米子市西福原３丁目７－３２－１０４,2021-08-19,合同会社
医療法人社団Ｅｍｍｅｔｔ　Ｂｒｏｗｎ,神奈川県川崎市中原区小杉町３丁目４４１番地伊達ビル３階,2021-08-19,その他の設立登記法人
台湾保来得股份有限公司,,2021-08-19,外国会社等
合同会社くるみ,大阪府八尾市天王寺屋６丁目５０－１０２,2021-08-19,合同会社
合同会社ささきさん,宮城県仙台市太白区長町５丁目３－１ライオンズタワー仙台長町１３０８号室,2021-08-19,合同会社
合同会社ただよしアシスト,愛知県名古屋市中川区南八熊町２番６号,2021-08-19,合同会社
合同会社どうろくじんば,長野県千曲市大字上山田１２４０番地,2021-08-19,合同会社
合同会社みらいふ,静岡県静岡市葵区羽鳥３丁目２２番３６号,2021-08-19,合同会社
合同会社イーリスバンコ,福岡県糸島市二丈深江９０５番地５,2021-08-19,合同会社
合同会社ウィステリアス・エレクトリック・サービス,東京都大田区大森南３丁目１７番１５号明石ビル１Ｆ,2021-08-19,合同会社
合同会社エルザ開発,沖縄県中頭郡読谷村字高志保３３７番地１０５号室,2021-08-19,合同会社
合同会社オービーイー,東京都港区元赤坂１丁目１番８号赤坂コミュニティビル４階,2021-08-19,合同会社
合同会社オールクリア,奈良県磯城郡田原本町大字新木２１６番地,2021-08-19,合同会社
合同会社カモンスマイル,千葉県習志野市谷津３丁目１７番２０号メゾンプライム２０２号,2021-08-19,合同会社
合同会社グラッチェ,北海道札幌市白石区平和通１３丁目南４番１６号,2021-08-19,合同会社
合同会社ココロキラメク,熊本県菊池郡菊陽町光の森１丁目３番地１,2021-08-19,合同会社
合同会社ゴールデンジョブズ,千葉県浦安市北栄２丁目４－１０－４０１号ホックニービル,2021-08-19,合同会社
合同会社サンコス・インタナショナル,東京都杉並区堀ノ内１丁目６番３０号,2021-08-19,合同会社
合同会社ディーディーディー,長崎県大村市黒丸町５１４番地２,2021-08-19,合同会社
合同会社トラストバンク宮崎,東京都渋谷区渋谷２丁目２４番１２号,2021-08-19,合同会社
合同会社ハーモニー,東京都港区六本木１丁目３－３９－Ｅ６０３,2021-08-19,合同会社
合同会社パティスリーｉｒｏｄｏｒｉ,神奈川県綾瀬市深谷中２丁目２番４３号,2021-08-19,合同会社
合同会社パープル,東京都中野区弥生町１丁目４２番１０号メゾン・ド・サブリエ２０３,2021-08-19,合同会社
合同会社ブリング,埼玉県所沢市くすのき台３丁目１０番地の２レジェンドくすのき台１０１,2021-08-19,合同会社
合同会社ブレインマインド,東京都江戸川区中葛西５丁目３番５号,2021-08-19,合同会社
合同会社ベルヴュー,東京都渋谷区恵比寿南３丁目１１番４号,2021-08-19,合同会社
合同会社ホテルクリーンサービス＆リテイリング,茨城県水戸市桜川２丁目１－４３アカデミープラザ１階,2021-08-19,合同会社
合同会社マチコ,茨城県ひたちなか市大字金上１０３２番地アルカンシェル・Ｋ２０３,2021-08-19,合同会社
合同会社メディカル・レセプト１号,北海道札幌市中央区北二条西１０丁目２番７号２０５号ＦＰＬ証券株式会社内,2021-08-19,合同会社
合同会社リディキュラス,愛知県名古屋市西区名駅２丁目３４番１７号セントラル名古屋１１０１号,2021-08-19,合同会社
合同会社ワンイズミ,東京都港区赤坂９丁目６番２９号パシフィック乃木坂５０１号,2021-08-19,合同会社
合同会社亜維子,長崎県大村市平町１５５５番地１２,2021-08-19,合同会社
合同会社南十字舍,東京都町田市南町田３丁目３１番１８号,2021-08-19,合同会社
合同会社同帆,千葉県市川市市川南３丁目１２パークシティー市川Ｄ棟７０９号,2021-08-19,合同会社
合同会社品川トラスト,東京都千代田区神田淡路町２丁目１０１番地ワテラスタワーレジデンス２４１７,2021-08-19,合同会社
合同会社島田コンサルティング,千葉県市川市相之川３丁目１１番１９号,2021-08-19,合同会社
合同会社慎,徳島県三好市井川町御領田２１番地１,2021-08-19,合同会社
合同会社新井鉄筋,東京都稲城市向陽台４丁目４番地の２ビュープラザ向陽台２－７１０,2021-08-19,合同会社
合同会社栄盛商事,千葉県市川市中国分３丁目１１番２０号,2021-08-19,合同会社
合同会社煌李,新潟県長岡市昭和１丁目２番３３号パンアンテリュール１０２号室,2021-08-19,合同会社
合同会社眞謝工務店,沖縄県島尻郡南風原町字兼城２３５番地２満天ビルⅢ２０１,2021-08-19,合同会社
合同会社神藤配送,奈良県奈良市六条西４丁目５番２－４０４号,2021-08-19,合同会社
合同会社結城企画,栃木県宇都宮市インターパーク２丁目６番地８,2021-08-19,合同会社
合同会社誠心,埼玉県朝霞市田島１丁目６番５号,2021-08-19,合同会社
合同会社辰己旅館,兵庫県姫路市飯田２丁目１６８番地２,2021-08-19,合同会社
合同会社ＡＲＡＴＡ,北海道札幌市東区北二十条東９丁目３番２号,2021-08-19,合同会社
合同会社Ａｊ企画,神奈川県川崎市幸区南加瀬５丁目１２－７グランメールＴ１０５,2021-08-19,合同会社
合同会社Ａｍａｔｉ　ｂａｍｂｉｎｉ,東京都世田谷区奥沢２丁目１４－５自由が丘ハイツ２０６,2021-08-19,合同会社
合同会社Ｂｉｔ　Ｅｘｐｒｅｓｓｉｏｎ,東京都港区北青山２丁目７－２０猪瀬ビル２Ｆ,2021-08-19,合同会社
合同会社ＣＣＡ,東京都港区南青山２丁目２番１５号,2021-08-19,合同会社
合同会社ＣＬＥＤコンサルティング,北海道江別市野幌住吉町１番地の１３,2021-08-19,合同会社
合同会社ＣＯＮＮＥＣＴＹ,東京都新宿区北新宿１丁目８番１７号１０Ｆ,2021-08-19,合同会社
合同会社Ｃｌａｓｓｙ　Ｄｉｎｉｎｇ　Ｓｅｒｖｉｃｅ,長野県松本市中央１丁目６番１号東洋ビル１・２階,2021-08-19,合同会社
合同会社ＤＩＥＵ,東京都豊島区西池袋１丁目４１番２号池袋東通ビル２Ｆ,2021-08-19,合同会社
合同会社ＤＯＨＺＯ,沖縄県那覇市泊１丁目３番地２,2021-08-19,合同会社
合同会社ＦＬＳ,茨城県つくば市春風台３番地５,2021-08-19,合同会社
合同会社ＦＯＭ,神奈川県川崎市宮前区有馬９丁目２－３１,2021-08-19,合同会社
合同会社ＧａｄｇｅＴａｎｋｅｒ,東京都墨田区文花１丁目１８－１３,2021-08-19,合同会社
合同会社Ｉ’ｍ,大阪府富田林市西板持町２丁目１番１号,2021-08-19,合同会社
合同会社ＫＡＺＥ,静岡県賀茂郡東伊豆町片瀬５６７番地の８ライオンズマンション片瀬白田３０３号,2021-08-19,合同会社
合同会社ＫａｏｒｉＭａ,岡山県岡山市東区神崎町２１６８,2021-08-19,合同会社
合同会社ＬＧＡｐａｒｔｎｅｒｓ,東京都港区港南２丁目１６－１品川イーストワンタワー４Ｆ,2021-08-19,合同会社
合同会社Ｍ・Ａ,埼玉県さいたま市緑区大字大門９４０番地８,2021-08-19,合同会社
合同会社Ｍ＆Ｒ,神奈川県横浜市戸塚区名瀬町４３２番地２５,2021-08-19,合同会社
合同会社ＭＫＴ　ＴＲＡＤＩＮＧ,愛知県名古屋市中川区下之一色町字宮分１９５番地,2021-08-19,合同会社
合同会社ＮＬ　ｓｔｙｌｅ,大阪府大阪市北区梅田１丁目１１番４号大阪駅前第４ビル９階９２３－１５７８号,2021-08-19,合同会社
合同会社ＰＨＡＴ　ＬＯＣ,大分県宇佐市大字四日市１５０７番地６,2021-08-19,合同会社
合同会社ＰＴＧフィットネス,東京都千代田区神田須田町２丁目１番地３ＢＰ秋葉原ビル２Ｆ,2021-08-19,合同会社
合同会社ＲＡＳ,兵庫県伊丹市中央１丁目５－５ボントンビル４階,2021-08-19,合同会社
合同会社ＲＯＶＥＲ,福岡県久留米市東合川４丁目１番２０号－１０５号,2021-08-19,合同会社
合同会社Ｒａｃｙ’ｓ,千葉県千葉市緑区誉田町１丁目８２９－９グリーンハイツイマイ８－１０２,2021-08-19,合同会社
合同会社Ｒｅｔｅｒｎａ,北海道札幌市中央区南二条西５丁目３１番地１,2021-08-19,合同会社
合同会社Ｒｏｓｅ・Ｃａｂ,千葉県千葉市花見川区浪花町９５７番地２８,2021-08-19,合同会社
合同会社ＳＡＲＡＹＵ,東京都港区浜松町２丁目２番１５号浜松町ダイヤビル２Ｆ,2021-08-19,合同会社
合同会社ＳＰＡＣＥ,大阪府大阪市北区大淀南３丁目３－６８パークサイド西梅田９０３,2021-08-19,合同会社
合同会社Ｓｉｎｎｏｖａｔｉｏｎ,東京都新宿区歌舞伎町１丁目１５番１２号大河原ビル１Ｆ,2021-08-19,合同会社
合同会社ＴＨＡＲＡＮＧＡＮＩ　ＴＲＡＤＥＲＳ,栃木県足利市鹿島町４００番地６ドーム２１第二１０２号,2021-08-19,合同会社
合同会社ＶＯＩＲ　Ｔｒａｄｉｎｇ,富山県射水市作道２１４０番地１－４０６号,2021-08-19,合同会社
合同会社Ｙ’ｓ　ＩＢ　Ｋｏｂｅ,兵庫県西宮市高木西町１番７号,2021-08-19,合同会社
合同会社ａｔａｃａｎａ,栃木県下野市緑３丁目２０番地１０,2021-08-19,合同会社
合同会社ｎａｏ,北海道札幌市西区平和二条７丁目１０番９号,2021-08-19,合同会社
合同会社ｎｅｗｍｅｒｏｕｓ,京都府京都市下京区新町通松原下る富永町１０７番地１ＧＲＯＶＩＮＧＢＡＳＥ４１号室,2021-08-19,合同会社
合同会社ｒａｕｇＨ,大阪府堺市北区百舌鳥赤畑町２丁８７番４号２Ｆ,2021-08-19,合同会社
合同会社ｓｈｅｎｚ　ａｕｔｏｔｒａｄｅ　ｊａｐａｎ,千葉県野田市山崎２６３５－７ＨＭレジデンスＡ２０２,2021-08-19,合同会社
合同会社ｚａａｋｙ,東京都江戸川区南小岩８丁目１４番２１号相國第三ビル２０１号室,2021-08-19,合同会社
吉先合同会社,千葉県茂原市本納５６５番地４,2021-08-19,合同会社
増井総計株式会社,大阪府大阪市中央区南本町２丁目１番１５号ジコウビル５階,2021-08-19,株式会社
大和屋デザイン株式会社,神奈川県鎌倉市笛田２丁目３６番１４号,2021-08-19,株式会社
大心建設工業株式会社,岡山県倉敷市白楽町６３６番地１７,2021-08-19,株式会社
大谷設備株式会社,福岡県福岡市中央区伊崎４番７号,2021-08-19,株式会社
山商株式会社,神奈川県川崎市高津区久地４丁目２６番１０号,2021-08-19,株式会社
彩の国トラスト協同組合,埼玉県川口市東川口３丁目６番８号,2021-08-19,その他の設立登記法人
播但社中合同会社,兵庫県姫路市北今宿２丁目３番４１号－１Ｆ,2021-08-19,合同会社
敦行株式会社,大阪府大阪市都島区東野田町４丁目５－２翠蓮マンション４０１号室,2021-08-19,株式会社
日本国際クルーズ協議会,東京都港区虎ノ門３丁目１－１０第２虎の門電気ビルディング４階　一般財団法人みなと総合研究財団内,2021-08-19,その他
日本桑友株式会社,大阪府大阪市港区南市岡３丁目１０－２グリシーヌ弁天町５０１号室,2021-08-19,株式会社
月結株式会社,栃木県小山市大字外城８１－８,2021-08-19,株式会社
杭州科苑隆科技有限公司,東京都江東区木場５丁目１－５メイプルハイム木場Ｂ－１２２号室,2021-08-19,外国会社等
東京オフィスＥａｓｔ１一般社団法人,東京都千代田区丸の内３丁目１番１号東京共同会計事務所内,2021-08-19,その他の設立登記法人
東京大禾製薬株式会社,東京都中央区日本橋蛎殻町１丁目３番５号共同ビル２階２３号,2021-08-19,株式会社
株式会社お掃除パトロール,神奈川県横浜市鶴見区東寺尾北台７－２７,2021-08-19,株式会社
株式会社ぷならす,和歌山県橋本市野７４０番地３６,2021-08-19,株式会社
株式会社ままや,東京都杉並区宮前４丁目２５番６号,2021-08-19,株式会社
株式会社みっつふる,東京都町田市野津田町１３６８番地２８,2021-08-19,株式会社
株式会社エスイーエヌ,石川県金沢市高尾町ル１８番地１,2021-08-19,株式会社
株式会社エフアイティ,千葉県八千代市大和田９３５番地４０,2021-08-19,株式会社
株式会社エムズグローバル,静岡県浜松市浜北区宮口１２３６番地の２,2021-08-19,株式会社
株式会社エンビー,兵庫県尼崎市神崎町２－１３－１０１号室,2021-08-19,株式会社
株式会社エンライホーム,沖縄県沖縄市古謝２丁目２３番５号,2021-08-19,株式会社
株式会社エービーシー不動産,三重県桑名市紺屋町２４番地－３Ｄ,2021-08-19,株式会社
株式会社オカザキコーポレーション,長崎県長崎市金屋町１番２号,2021-08-19,株式会社
株式会社オーディエートランス,北海道札幌市東区北二十四条東２１丁目７番３０号,2021-08-19,株式会社
株式会社カームライフ環境,青森県三沢市大字三沢字横沢１２６番地１号,2021-08-19,株式会社
株式会社キリン商店,長野県千曲市大字戸倉５９７番地３,2021-08-19,株式会社
株式会社クラウド,石川県金沢市新神田１丁目１２番１号,2021-08-19,株式会社
株式会社グレイスコネクト,東京都新宿区四谷１丁目１８番地ｂｅｌｌｅ四谷７階,2021-08-19,株式会社
株式会社グロリア,東京都新宿区大京町９番地３０,2021-08-19,株式会社
株式会社グローバルセキュリティ,岐阜県岐阜市室津町２丁目３番地,2021-08-19,株式会社
株式会社コンティニュー,東京都文京区関口１丁目１１番７－４０２号,2021-08-19,株式会社
株式会社サイドストーリー,福島県双葉郡楢葉町大字井出字木屋６０番地３サンライズマンションＡ２０２,2021-08-19,株式会社
株式会社サカイ技研,岐阜県可児市今渡字後路田３１４番地,2021-08-19,株式会社
株式会社シグロ,東京都千代田区神田佐久間町３丁目２７番１号大洋ビル５０３,2021-08-19,株式会社
株式会社シノニー,東京都目黒区中根１丁目２４番３－１０７号,2021-08-19,株式会社
株式会社シレオス,東京都多摩市落合１丁目４番地２,2021-08-19,株式会社
株式会社シンワ設備,大分県大分市賀来北２丁目７番１８－３０３号,2021-08-19,株式会社
株式会社シードルリリー,東京都港区北青山３丁目５番１２号青山クリスタルビル,2021-08-19,株式会社
株式会社スタイルエープラス,岡山県岡山市北区辰巳４２－１０１パサージュ１０１ビル３０２Ｂ,2021-08-19,株式会社
株式会社タイニー・フィールド,東京都新宿区西落合１丁目２１番７－３０６号,2021-08-19,株式会社
株式会社タジマＡＣＳ,大阪府東大阪市宝町６－４,2021-08-19,株式会社
株式会社ツチモト建築,岐阜県岐阜市溝口上１１５番地,2021-08-19,株式会社
株式会社ツバサ工業,埼玉県川越市大字砂新田１７６８番地１０,2021-08-19,株式会社
株式会社ディーシーエスホールディングス,兵庫県西宮市本町５番１０号,2021-08-19,株式会社
株式会社デジタルリープ,東京都豊島区東池袋１丁目１７番１１号パークハイツ池袋１１０５号,2021-08-19,株式会社
株式会社トランスミュー,東京都新宿区西新宿７丁目１番１２号,2021-08-19,株式会社
株式会社ニューオーシャン,東京都江東区富岡１丁目５番１０号,2021-08-19,株式会社
株式会社ハップ,岡山県岡山市北区柳町１丁目４番８号,2021-08-19,株式会社
株式会社ハニカムエイド,静岡県伊豆の国市四日町３９番地の２,2021-08-19,株式会社
株式会社ハリマヤ,秋田県秋田市山王６丁目３番７－１０１号,2021-08-19,株式会社
株式会社パラボ,千葉県松戸市八ケ崎６丁目５５番地の１５,2021-08-19,株式会社
株式会社ビルトラストマネジメント,大阪府大阪市西区阿波座１丁目３番１９号,2021-08-19,株式会社
株式会社ビーリッシュ,東京都目黒区目黒本町５丁目３番２－６０７号,2021-08-19,株式会社
株式会社フューチャージャパン,東京都練馬区石神井台２丁目１３番１３号,2021-08-19,株式会社
株式会社ブライトフューチャー,千葉県八千代市八千代台南１丁目２８－４－１０２,2021-08-19,株式会社
株式会社プランアセット,岐阜県岐阜市六条南１丁目２０番１２号,2021-08-19,株式会社
株式会社ベオスアイティーブレーン,東京都新宿区西新宿４丁目２３－９,2021-08-19,株式会社
株式会社ベネフィットデベロップ,東京都中野区中野４丁目１番１号中野サンプラザ９Ｆ,2021-08-19,株式会社
株式会社ポラリス,東京都港区赤坂４丁目１３番１８号,2021-08-19,株式会社
株式会社マキノプロスト,千葉県柏市柏の葉２丁目１３番地６,2021-08-19,株式会社
株式会社ミライフケア,鹿児島県霧島市国分福島１丁目２番２６号,2021-08-19,株式会社
株式会社モノゴコロ,大阪府大阪市北区西天満４丁目５番５号マーキス梅田４１２号室,2021-08-19,株式会社
株式会社ヨシックスキャピタル,愛知県名古屋市東区徳川１丁目９番３０号,2021-08-19,株式会社
株式会社リノベートリンク,鹿児島県鹿児島市永吉１丁目２番２６号,2021-08-19,株式会社
株式会社リュウキュウウチコ,沖縄県中頭郡北谷町北前１丁目１１－３、２Ｆ,2021-08-19,株式会社
株式会社レベル・ワールド,千葉県千葉市美浜区中瀬２丁目６番１号,2021-08-19,株式会社
株式会社ワンセルフ,大阪府大阪市東淀川区井高野１丁目３４番２８号,2021-08-19,株式会社
株式会社七彩,愛知県名古屋市中区新栄１丁目４－２－３０１,2021-08-19,株式会社
株式会社中嶋内装,福岡県中間市中鶴４丁目１８番,2021-08-19,株式会社
株式会社丸福ｍｙｒｔｕｓ,愛知県みよし市三好町上ヶ池２５番地の１９,2021-08-19,株式会社
株式会社介護のトリセツ,大阪府大阪市生野区生野東２丁目８－１０,2021-08-19,株式会社
株式会社会津猪苗代観光ファーム,福島県耶麻郡猪苗代町字葉山７１０５番地,2021-08-19,株式会社
株式会社佐藤商事,愛知県愛西市日置町髭田１０３番地,2021-08-19,株式会社
株式会社健進,東京都町田市山崎町１４９０番地１向ヶ丘Ｃ２０１,2021-08-19,株式会社
株式会社創和カンパニー,岡山県岡山市南区郡２９８０番地１４５,2021-08-19,株式会社
株式会社北の音工房,北海道旭川市神居二条１４丁目２番３号,2021-08-19,株式会社
株式会社南信熔材商会,長野県岡谷市東銀座１丁目１４番１５号,2021-08-19,株式会社
株式会社吉祥寺３６１,東京都武蔵野市吉祥寺南町２丁目１３番１２号,2021-08-19,株式会社
株式会社善,東京都台東区寿１丁目３番６号,2021-08-19,株式会社
株式会社国際がん研究所,東京都中央区新富１丁目６－８第３東邦ビル２階,2021-08-19,株式会社
株式会社奄美ブルー・スカイ農園,鹿児島県大島郡伊仙町大字面縄５８９番地１,2021-08-19,株式会社
株式会社宝来,石川県野々市市押野４丁目２３４番地１,2021-08-19,株式会社
株式会社尚優パートナーズ,東京都中央区日本橋兜町１１番７号,2021-08-19,株式会社
株式会社山勝,神奈川県横須賀市森崎５丁目１４番３５号,2021-08-19,株式会社
株式会社山崎,東京都北区滝野川６丁目３番９－１０３号,2021-08-19,株式会社
株式会社山陰総合住宅,島根県松江市古志原６丁目１０－１３,2021-08-19,株式会社
株式会社岩瀬,栃木県宇都宮市今泉新町２６７番地３,2021-08-19,株式会社
株式会社平山堆肥,千葉県山武郡芝山町岩山２３６３－１６,2021-08-19,株式会社
株式会社愛成,北海道室蘭市日の出町１丁目２１番２１号,2021-08-19,株式会社
株式会社日本総合貿易商社,広島県庄原市東城町川西４６－１６,2021-08-19,株式会社
株式会社暁月建築,兵庫県宝塚市福井町１４番５号,2021-08-19,株式会社
株式会社柏木,東京都狛江市中和泉５丁目１０番１５号,2021-08-19,株式会社
株式会社栄光,福岡県筑紫野市大字山家５０００番地１,2021-08-19,株式会社
株式会社爆流模型本舗,東京都千代田区神田和泉町１番地１－１２,2021-08-19,株式会社
株式会社祐輝設備,福岡県福岡市東区三苫５丁目５番１５号,2021-08-19,株式会社
株式会社神さまのごはん,大阪府大阪市中央区玉造２丁目１５番９号,2021-08-19,株式会社
株式会社茨城洗機工業,茨城県水戸市平須町１９００番地の３１,2021-08-19,株式会社
株式会社華団,神奈川県川崎市中原区井田中ノ町３３番１号,2021-08-19,株式会社
株式会社裕海,千葉県市原市ちはら台東７丁目７番地１８,2021-08-19,株式会社
株式会社西商,北海道札幌市中央区南五条西２４丁目１番１６号,2021-08-19,株式会社
株式会社鋒行国際観光,千葉県千葉市美浜区稲毛海岸１丁目２－６－２０２,2021-08-19,株式会社
株式会社電気印刷研究所,東京都八王子市元八王子町３丁目２７５０番地７２３,2021-08-19,株式会社
株式会社麦鶏,大阪府大阪市中央区南船場３丁目１番１６号,2021-08-19,株式会社
株式会社２１７,東京都港区浜松町２丁目２番１５号浜松町ダイヤビル２Ｆ,2021-08-19,株式会社
株式会社ＡＡＳ,石川県金沢市泉野町１丁目１番３０号,2021-08-19,株式会社
株式会社ＡＤＢＥＩＮＧ,神奈川県横浜市瀬谷区北新４－２７ハイツシェモアＤ２０１,2021-08-19,株式会社
株式会社ＡＬＯＳＳ,北海道札幌市北区北三十六条西３丁目２番１５－３０１号,2021-08-19,株式会社
株式会社ＡＮＳＨＩＮ,愛知県名古屋市中川区吉津３丁目２００４番地,2021-08-19,株式会社
株式会社ＡＲＩＡＮ,京都府京都市山科区西野野色町４８番地１４,2021-08-19,株式会社
株式会社ＡＳＵＲＡ　ＭＯＴＯＲＳ,愛知県名古屋市中川区新家１丁目２７０１番地,2021-08-19,株式会社
株式会社ＡＸＩＳ　ＯＮＥ,東京都新宿区新宿１丁目１９番６号ＩＳビル５０２,2021-08-19,株式会社
株式会社ＡＹＳカンパニー,神奈川県横須賀市長井６丁目１６番３２号,2021-08-19,株式会社
株式会社Ａｓｓｉｓｔ　Ｐｒｏ　Ｓｅｒｖｉｃｅ,東京都江戸川区鹿骨４丁目１６番８号吉田荘１０２号室,2021-08-19,株式会社
株式会社Ｂコンサルティング,福岡県柳川市上宮永町２８５番地５,2021-08-19,株式会社
株式会社Ｂｒａｃｅ,千葉県我孫子市南青山３３番地１６,2021-08-19,株式会社
株式会社ＣＯＮＮＥＣＴＢＡＮＫ,福岡県福岡市中央区渡辺通５丁目１４番１２号南天神ビル３階,2021-08-19,株式会社
株式会社ＣＯＲＥ,京都府京都市東山区富永町１４１番地,2021-08-19,株式会社
株式会社ＣＰｊａｐａｎ,石川県白山市松本町１９００番地,2021-08-19,株式会社
株式会社ＣＲＥＷ　ＳＴＥＰ,東京都渋谷区神宮前６丁目２３番４号桑野ビル２階,2021-08-19,株式会社
株式会社ＣＳＩｃｒｅａｔｉｖｅ,愛知県一宮市栄３丁目８番１４号３階,2021-08-19,株式会社
株式会社Ｃｏｎｎｅｃｔ　Ｈｅａｒｔｓ,北海道釧路市愛国東４丁目１０番６号ＫＩＴＡＺＡＷＡ１号室,2021-08-19,株式会社
株式会社ＣｒｉｃｋｅｔＦａｒｍ,長野県岡谷市川岸上１丁目１３番１９号,2021-08-19,株式会社
株式会社Ｃｕｅｐｌａｎｔ,東京都北区赤羽１丁目７－９、４Ｆ,2021-08-19,株式会社
株式会社Ｄｏｏｒｓ,東京都新宿区西新宿７丁目２－６西新宿Ｋ－１ビル３階,2021-08-19,株式会社
株式会社ＥＥＴ,兵庫県尼崎市水明町２６番地シャーメゾン水明公園１０５号室,2021-08-19,株式会社
株式会社ＥＭＺＥＱ,神奈川県大和市深見３５４５番地３,2021-08-19,株式会社
株式会社ＥＳＣＡＰＥ,神奈川県川崎市多摩区生田７丁目１４番２０－２０８号,2021-08-19,株式会社
株式会社ＥＵＲＥＫＡ,東京都渋谷区本町２丁目２－４,2021-08-19,株式会社
株式会社Ｅｍｂｅｒ,東京都新宿区西新宿３丁目９－７フロンティア新宿タワーオフィス,2021-08-19,株式会社
株式会社Ｅｎｉｓｈｉ　ｇｌｏｂａｌ　ｆｏｏｄｓ,東京都北区田端１丁目５番３号山岸ビル,2021-08-19,株式会社
株式会社Ｆ　Ｃｏｄｅ,大阪府大阪市中央区南船場３丁目１－１１青柳ビル３Ｆ,2021-08-19,株式会社
株式会社ＨＡＯＮ,東京都新宿区市谷仲之町３番１４号市谷仲之町テラス１０３号,2021-08-19,株式会社
株式会社ＨＡＲＵ,千葉県習志野市東習志野１丁目９番４８号,2021-08-19,株式会社
株式会社ＨＡＹＡＴＡＣ,東京都中央区銀座１丁目２２番１１号銀座大竹ビジデンス２階,2021-08-19,株式会社
株式会社ＨＩＧＨ　ＢＥＴ,東京都目黒区碑文谷５丁目８番－１２ウェルスクエア碑文谷１０１,2021-08-19,株式会社
株式会社ＨＩＬＳ,東京都新宿区西新宿５丁目１０番１０号３階,2021-08-19,株式会社
株式会社ＨａＫｕ,大阪府大阪市中央区島之内１丁目２２番２０号堺筋ビルディング２Ｆ２０７号室,2021-08-19,株式会社
株式会社ＩＫＧ,東京都渋谷区渋谷１丁目２３番２５号,2021-08-19,株式会社
株式会社Ｋ設計,東京都渋谷区上原３丁目１８番１号,2021-08-19,株式会社
株式会社Ｋ．Ｔ．Ｃ,山口県山口市平井３５０番地１０,2021-08-19,株式会社
株式会社ＫＫＢ,岐阜県各務原市川島小網町２１２６番地５５,2021-08-19,株式会社
株式会社ＫＭＹ　Ｃｏｍｐａｎｙ,東京都渋谷区神宮前１丁目１４番２号原宿ル・ポンテビル１階Ｂ号室,2021-08-19,株式会社
株式会社ＫＶＣ,北海道札幌市中央区大通東３丁目１番地３６パークホームズ札幌大通東３０５号,2021-08-19,株式会社
株式会社Ｋｏｙｏ,宮崎県都城市郡元町３４２４番地サンライズＭ１０３号,2021-08-19,株式会社
株式会社Ｌｅ　Ｌｉｅｎ,広島県広島市中区新天地１番１３号１Ｆ,2021-08-19,株式会社
株式会社Ｌｕｍｉｎａマスターリース,東京都港区虎ノ門４丁目１番２８号,2021-08-19,株式会社
株式会社ＭＤＦ　Ｎｅｘｕｓ　Ｇｒｏｕｐ,東京都新宿区西新宿４丁目８番１５－３０１号,2021-08-19,株式会社
株式会社ＭＥＴＥＴ,東京都港区麻布台３丁目５番３－３０１号,2021-08-19,株式会社
株式会社ＭＫ足場,和歌山県和歌山市松島１７０番地１４,2021-08-19,株式会社
株式会社Ｍｂｓ　ｌａｂｏ,石川県加賀市小菅波町２丁目９番地１,2021-08-19,株式会社
株式会社ＮＩＫＡＯ,東京都練馬区中村南１丁目１４番１１号２階,2021-08-19,株式会社
株式会社ＮＩＫＹ,大阪府吹田市上山手町２６番２５－１０１号,2021-08-19,株式会社
株式会社ＮＫＴ,大阪府大阪市淀川区東三国１丁目２０番４号,2021-08-19,株式会社
株式会社ＮＭＴ,東京都江戸川区西小岩１丁目１６番２号,2021-08-19,株式会社
株式会社ＮＳ管工,静岡県浜松市中区上島７丁目３番１０号,2021-08-19,株式会社
株式会社Ｎｅｗ　ＫＲＨ,北海道余市郡赤井川村字常盤１２８番地１,2021-08-19,株式会社
株式会社Ｎｅｘｔ　Ｅｐｉｓｏｄｅ,東京都渋谷区円山町６番７号,2021-08-19,株式会社
株式会社ＮｅｘｔＳｔａｇｅ,香川県高松市木太町４６９９番地７,2021-08-19,株式会社
株式会社ＯＮＥ　ＳＴＥＰ,千葉県千葉市美浜区真砂４丁目１番２号クレヴィア検見川浜７０３号,2021-08-19,株式会社
株式会社Ｐｈｔｈａｌｏ,東京都中央区銀座１丁目２２－１１,2021-08-19,株式会社
株式会社Ｐｉｎｏデザイン,大阪府大阪市淀川区宮原１丁目１９番地２３号ステュディオ新御堂６２６号室,2021-08-19,株式会社
株式会社Ｐｏｓｉｔｉｏｎ,沖縄県那覇市久茂地２丁目６番２５号ランドマークくもじ７Ｆ,2021-08-19,株式会社
株式会社Ｒ＆Ｃホールディングス,千葉県柏市松葉町２丁目６番地１－２階,2021-08-19,株式会社
株式会社ＲＡＤＪＡＰＡＮ,愛知県額田郡幸田町大字横落字向野４１番地３,2021-08-19,株式会社
株式会社ＲＡＭＳ,神奈川県秦野市三屋１０９番地の１１,2021-08-19,株式会社
株式会社ＲＩＳＥ,山梨県富士吉田市下吉田東２丁目２４番１号,2021-08-19,株式会社
株式会社ＲＩＳＥ,大阪府大阪狭山市山本中３６４－１,2021-08-19,株式会社
株式会社ＲＩＺＵ,東京都立川市柴崎町３丁目８番１号ＮＡＣビル７階,2021-08-19,株式会社
株式会社Ｒｉｍｉ．ｃｏ,愛知県名古屋市西区幅下２丁目１４番１１号,2021-08-19,株式会社
株式会社Ｒｏｕｇｈｉｕｓ,神奈川県横浜市神奈川区三ツ沢東町５番２３号セロビスタ２０２号室,2021-08-19,株式会社
株式会社ＲｏｙａｌＥｍｐｅｒｏｒ,東京都新宿区新宿４丁目２番２５号３Ｆ,2021-08-19,株式会社
株式会社Ｓ　ａｎｄ　Ｓ,大阪府寝屋川市田井町２１番２９号,2021-08-19,株式会社
株式会社Ｓ．Ｊ．Ｒ,北海道札幌市手稲区前田５９０番地３１,2021-08-19,株式会社
株式会社ＳＡＮ　ＳＡＮ,静岡県島田市旭１丁目１２番３０号エクセル旭Ａ２０１号室,2021-08-19,株式会社
株式会社ＳＣＳ,東京都豊島区西池袋３丁目２９番３号梅本ビル４階,2021-08-19,株式会社
株式会社ＳＭＨ,東京都新宿区西新宿１丁目２０番３号西新宿高木ビル７階,2021-08-19,株式会社
株式会社ＳＯＺ,大阪府大阪市中央区東心斎橋２丁目８番５号,2021-08-19,株式会社
株式会社ＳＲＫ,東京都新宿区南元町２０番地３ガーデンヒルズ四ツ谷迎賓の森３１５,2021-08-19,株式会社
株式会社ＳＴパートナーズ,東京都中野区中野５丁目６７番６号ビジネスハイツ６０１号,2021-08-19,株式会社
株式会社ＳＴＡＲＴ,東京都中野区江古田３丁目１４番３号８０７号室,2021-08-19,株式会社
株式会社ＳｅｅＬｓ,大阪府大阪市淀川区野中南２丁目１０番５４－５０３号,2021-08-19,株式会社
株式会社Ｓｔｏｃｋ　Ｖｉｅｗ,大阪府大阪市北区鶴野町２番１号梅田タナダビル６階,2021-08-19,株式会社
株式会社Ｔ・Ｓ・Ｋ,神奈川県相模原市緑区西橋本２丁目２０番１６号,2021-08-19,株式会社
株式会社ＴＡＫＵＭＩ,長野県中野市大字一本木１７４番地１号,2021-08-19,株式会社
株式会社ＴＣ　ＷＯＲＫ,東京都荒川区荒川１丁目３３番３－１５０３号,2021-08-19,株式会社
株式会社ＴＮＣ,神奈川県海老名市泉２丁目１４番１号,2021-08-19,株式会社
株式会社Ｔａｋｉ,熊本県熊本市西区河内町船津１２９９番地,2021-08-19,株式会社
株式会社Ｔｏｍａｔｏｓｔｅｒ,兵庫県神戸市中央区磯上通８丁目１番２９号カサベラビルＣ＆Ｍ４０３号室,2021-08-19,株式会社
株式会社Ｔｒｉｇｇｅｒ,東京都渋谷区恵比寿４丁目２０番恵比寿ガーデンプレイスタワー１８階,2021-08-19,株式会社
株式会社ＷＡＢＵＫＩ,東京都渋谷区猿楽町９番５－８０１号,2021-08-19,株式会社
株式会社ＷＥ　Ａｒｅ　Ｗｉｌｄ,沖縄県うるま市与那城屋慶名４４４－１トォーラス３０４,2021-08-19,株式会社
株式会社Ｗｏｏ,東京都新宿区新宿１丁目３６番２号新宿第七葉山ビル３階,2021-08-19,株式会社
株式会社ＺＡＲＩＮ　ＩＮＴＥＲＮＡＴＩＯＮＡＬ,東京都新宿区百人町２丁目１３番１７号フラットアイ３０２,2021-08-19,株式会社
株式会社Ｚｅｎ　Ｒｙｏｋｕ,東京都目黒区青葉台３丁目９番１１号青葉台ポイントＢ１,2021-08-19,株式会社
株式会社ｂａｓｅ．Ｎ,北海道札幌市南区藤野６６４番地１６,2021-08-19,株式会社
株式会社ｇｌａｂ,岐阜県羽島市小熊町２丁目３４７番地２,2021-08-19,株式会社
株式会社ｋｉｃｋｙ,千葉県船橋市本町７丁目１２番８号船橋プラノービル２０２,2021-08-19,株式会社
株式会社ｌａ　ｖｉｔａ,東京都調布市緑ケ丘２丁目５番地５０,2021-08-19,株式会社
株式会社ｍｕｓｈｏｋｕ,大阪府大阪市西区阿波座１丁目１１番５号,2021-08-19,株式会社
株式会社ｓｐｏｏｄｅ,福岡県福岡市南区長住７丁目５番１号ボーナ長住,2021-08-19,株式会社
横浜大船特定目的会社,東京都中央区日本橋２丁目７番１号,2021-08-19,その他の設立登記法人
永徳株式会社,岐阜県羽島郡岐南町みやまち１丁目１６８番地の２仙石ビル２０３号室,2021-08-19,株式会社
深浦ウィンドファーム合同会社,東京都港区南青山１丁目１２番３号Ｎ２１５,2021-08-19,合同会社
湘南ＮＥＸＵＳ株式会社,神奈川県中郡大磯町西小磯１４７３番地４４,2021-08-19,株式会社
特定非営利活動法人ございん,宮城県登米市迫町佐沼字中江４丁目８番地６ＭＲＳビル２Ｆ,2021-08-19,その他の設立登記法人
特定非営利活動法人なかまフィールドうじゅうの森,山梨県韮崎市藤井町南下條７００番地,2021-08-19,その他の設立登記法人
特定非営利活動法人当事者と支援者の会,栃木県下都賀郡壬生町大字安塚１０８８番地５,2021-08-19,その他の設立登記法人
特定非営利活動法人未来の職場,北海道札幌市中央区南七条西２４丁目３番１５－６０３号,2021-08-19,その他の設立登記法人
特定非営利活動法人Ｇｕｍｉ,愛媛県松山市辰巳町７番地２１号,2021-08-19,その他の設立登記法人
特定非営利活動法人Ｌａｍｉａ　ｒｅｓｏｒｔ,福島県いわき市小名浜字燈籠原５３番地の１７,2021-08-19,その他の設立登記法人
特定非営利活動法人ｉｚｕｍｉ,茨城県日立市大沼町２丁目１番２５号,2021-08-19,その他の設立登記法人
直蔵合同会社,東京都杉並区堀ノ内３丁目１６番４５－３号,2021-08-19,合同会社
社会福祉法人ともに生きる会,埼玉県さいたま市西区大字西遊馬字上サ１５９９－１，６，７,2021-08-19,その他の設立登記法人
社会福祉法人信証会,埼玉県ふじみ野市駒林元町３丁目４番２号,2021-08-19,その他の設立登記法人
立信香港有限公司,,2021-08-19,外国会社等
華益日盛株式会社,東京都中央区勝どき５丁目１２－４コスモ東京ベイタワー１２０３,2021-08-19,株式会社
虎ノ門ワン合同会社,東京都港区虎ノ門３丁目２２番１０－２０１号,2021-08-19,合同会社
赤鯥商会株式会社,千葉県船橋市東船橋４丁目３５番２２－１０１号,2021-08-19,株式会社
高輪物業有限公司,東京都品川区東五反田３丁目２１番ＫＤＡ御殿山,2021-08-19,外国会社等
鮮花盛開有限公司,東京都中央区勝どき５丁目３－１勝どきザタワー２８２６号室,2021-08-19,外国会社等
龍騰産業株式会社,埼玉県川越市大字府川１４７－２,2021-08-19,株式会社
ＡＬ　ｃｏｎｓｕｌｔｉｎｇ株式会社,宮城県仙台市青葉区中山１丁目２３番１０号,2021-08-19,株式会社
ＡＬＪ　Ｏｆｆｉｃｅ　Ｉｋｅｊｉｒｉ一般社団法人,東京都千代田区神田神保町１丁目１１番地さくら綜合事務所内,2021-08-19,その他の設立登記法人
ＡＮ　ＦＵＴＡＷＡ　ＬＡＮＫＡ合同会社,千葉県船橋市二和西６丁目２６－２メゾン大野１０１号室,2021-08-19,合同会社
ＡＰＧ特定目的会社,東京都千代田区霞が関３丁目２番５号,2021-08-19,その他の設立登記法人
ＡＲＴ＆ＳＯＵＬ合同会社,兵庫県神戸市東灘区深江南町１丁目１番５４－３０９号,2021-08-19,合同会社
Ａｃｔｉｏｎ合同会社,千葉県千葉市稲毛区稲毛３丁目１４番２号ヴェレーナ稲毛７０３号,2021-08-19,合同会社
ＡｉＭＳ株式会社,東京都中央区銀座４丁目１３番１１号松竹倶楽部ビル９階,2021-08-19,株式会社
Ａｌｌｉｅｄ　Ｍｅｔａｌｓ　Ｃｏｒｐｏｒａｔｉｏｎ,東京都千代田区丸の内２丁目３－２郵船ビルディング１階,2021-08-19,外国会社等
ＢＩＢ国際貿易株式会社,東京都豊島区南大塚１丁目６０番１９号,2021-08-19,株式会社
Ｂｅｎｃｈｍａｒｋ　Ｐａｒｔｎｅｒｓ合同会社,愛知県名古屋市昭和区滝川町４７番地の６（ダイアパレス八事隼人池７０６号）,2021-08-19,合同会社
Ｂｌａｃｋｂｉｒｄ　ＣａｐｉｔａｌⅡ　Ｌｅａｓｉｎｇ　３　Ｌｉｍｉｔｅｄ,,2021-08-19,外国会社等
ＣＨＩＡＱＥ合同会社,大阪府吹田市豊津町９－２２,2021-08-19,合同会社
ＣＪレインボー株式会社,東京都渋谷区神南１丁目２０番１０号７Ｆ,2021-08-19,株式会社
ＣＮＬプラス合同会社,静岡県富士市高島町１３９番地ラ・フォンテ高島町１０３号室,2021-08-19,合同会社
ＣＮＳ　ＡＵＴＯ　ＣＡＲＥ,千葉県富里市十倉９０４－４３十倉オフィス１,2021-08-19,外国会社等
ＣＯＭＴＥＳＳＥ　ＧｍｂＨ,東京都千代田区大手町１丁目７－２東京サンケイビル２７階,2021-08-19,外国会社等
Ｃｒａｙ　Ｉｎｃ,,2021-08-19,外国会社等
ＤＨＡＫＡＬ　ＭＡＳＴＩＫＡ株式会社,東京都台東区松が谷１丁目２番３－６０８号ニュー松が谷マンション,2021-08-19,株式会社
ＥＲＩＯ合同会社,大阪府池田市城南２丁目２－１,2021-08-19,合同会社
Ｅｌｉ　Ｌｉｌｌｙ　Ｅｘｐｏｒｔ　Ｓ．Ａ．,,2021-08-19,外国会社等
ＦＨ農林開発株式会社,栃木県芳賀郡芳賀町大字祖母井１６６４番地５４,2021-08-19,株式会社
ＧＲＡＮＤ　ＨＯＵＳＥ株式会社,福井県福井市羽水１丁目２０５番地１,2021-08-19,株式会社
Ｇｅｍｉｎｉ　Ｔｒａｄｉｎｇ合同会社,愛知県碧南市相生町１丁目３４,2021-08-19,合同会社
ＧｉｎｏＶＲ,広島県東広島市西条町田口１０６０９－３２コーポサンピアＢ１０１,2021-08-19,外国会社等
Ｈ＆Ｇオフィス合同会社,福島県西白河郡矢吹町小松２２２番地,2021-08-19,合同会社
ＨＩＳＨＭＡ　ＥＮＴＥＲＰＲＩＳＥＳ,千葉県八街市四木１１９３番地１１四木オフィス１０２号,2021-08-19,外国会社等
ＨＫホールディングス株式会社,東京都中央区勝どき５丁目３番１号,2021-08-19,株式会社
ＨＯＰＥ株式会社,愛知県半田市上池町４丁目３番地,2021-08-19,株式会社
ＨＹＰＨＥＮ株式会社,東京都江東区清澄２丁目９－１４ダイアパレス清澄公園１Ｆ,2021-08-19,株式会社
Ｈｅａｎｔｌｙ　Ｔｒａｄｉｎｇ　Ｐｒｉｖａｔｅ　Ｌｉｍｉｔｅｄ,千葉県八街市榎戸４１６番地１－２１－５,2021-08-19,外国会社等
Ｈｕｖｅｐｈａｒｍａ　ＥＯＯＤ,京都府京都市伏見区観音寺町２１０番１,2021-08-19,外国会社等
ＩＣＯＮＡ　ＤＥＳＩＧＮ　ＧＲＯＵＰ　ＪＡＰＡＮ株式会社,東京都中央区銀座６丁目１４番８号,2021-08-19,株式会社
ＩＰ　Ｊａｐａｎ合同会社,東京都千代田区丸の内１丁目８番１号,2021-08-19,合同会社
ＩＴアビエーションサポート株式会社,東京都港区南麻布２丁目１１番１０号,2021-08-19,株式会社
ＩＹＡＳＡＫＡ合同会社,東京都港区虎ノ門１丁目１５番７号ＴＧ１１５ビル４Ｆ,2021-08-19,合同会社
Ｊｏｈｎ　Ｗｉｌｅｙ　＆　Ｓｏｎｓ，　Ｉｎｃ．,,2021-08-19,外国会社等
ＫＩＲＡＮ株式会社,神奈川県川崎市中原区新丸子東２丁目９２６－１５－１０１,2021-08-19,株式会社
ＫＯＮＥＸＴ合同会社,千葉県流山市おおたかの森東１丁目１０番地の４ジオ流山おおたかの森８１０,2021-08-19,合同会社
ＫＹＵＳＨＵ　ＤＲＥＡＭ　ＩＮＴＥＲＮＡＴＩＯＮＡＬ株式会社,福岡県朝倉郡筑前町吹田２４１８番地１,2021-08-19,株式会社
ＬＩＮＥ不動産株式会社,埼玉県草加市氷川町２１６６番地４,2021-08-19,株式会社
Ｌｕｍｉｎａ一般社団法人,東京都港区虎ノ門４丁目１番２８号,2021-08-19,その他の設立登記法人
ＮＯＢＯＲＩ合同会社,愛知県名古屋市西区新道１丁目２３番３８－２０２号（ダイアパレス浅間町）,2021-08-19,合同会社
ＮＯＴＡＭ合同会社,鹿児島県薩摩川内市平佐１丁目３６番地ＮＫビル３０３号,2021-08-19,合同会社
ＮＰＯ法人日本ムスリム商工振興会,千葉県木更津市清見台東１丁目２６番２０号五番街ビル１０１,2021-08-19,その他の設立登記法人
ＯＮＸ株式会社,東京都目黒区下目黒３丁目２－１ザ・パークハビオ目黒１４０４,2021-08-19,株式会社
ＰＡＣｒｅａｔｅ合同会社,東京都台東区浅草６丁目８－８,2021-08-19,合同会社
ＰＥＡＲＬ　ＥＸＩＭ　ＰＶＴ　ＬＴＤ,千葉県四街道市大日８３６番地オフィス１号,2021-08-19,外国会社等
Ｐａｐｒｉｋａ株式会社,東京都千代田区永田町２丁目１１番１号山王パークタワー５階トラスティーズ・コンサルティングＬＬＰ内,2021-08-19,株式会社
ＲＩＮＡ　Ｊａｐａｎ株式会社,東京都中央区新富１丁目１５番３号新富ミハマビル４階ジパング,2021-08-19,株式会社
ＲＯＥＮ株式会社,北海道旭川市東七条３丁目１番２１号,2021-08-19,株式会社
Ｒｅａｐ　Ｔｅｃｈｎｏｌｏｇｉｅｓ　ＪＰ株式会社,東京都渋谷区猿楽町２９番１８号,2021-08-19,株式会社
Ｓ’ａｐｐｕｙｅｒ株式会社,愛知県名古屋市守山区瀬古１丁目１０１番地の１,2021-08-19,株式会社
Ｓ　ｏｎｅ’ｓ合同会社,福井県福井市二の宮３丁目６番２４号,2021-08-19,合同会社
ＳｃａｌｅＢｒｉｇｈｔ合同会社,東京都渋谷区本町４丁目５０番９号アークビル西新宿４０１,2021-08-19,合同会社
Ｓｔａｉｒ事業協同組合,福岡県春日市春日公園７丁目３６番,2021-08-19,その他の設立登記法人
Ｔ・Ｋ・Ｇ株式会社,東京都中野区鷺宮４丁目１５番２０号,2021-08-19,株式会社
ＴＨＡＲＡＮＧＡ　ＭＯＴＯＲ　ＴＲＡＤＩＮＧ　ＣＯＭＰＡＮＹ　ＰＲＩＶＡＴＥ　ＬＩＭＩＴＥＤ,栃木県大田原市大豆田５０３パティオ六番館２０１号室,2021-08-19,外国会社等
ＴＯＧＧＬＥ合同会社,東京都新宿区西新宿４丁目９番１４号,2021-08-19,合同会社
ＴＲＵＳＴ　ＭＡＲＫＥＴＩＮＧ　ＡＮＤ　ＨＯＬＤＩＮＧ　ＰＶＴ　ＬＴＤ,千葉県四街道市大日８３６番地オフィス３号,2021-08-19,外国会社等
ＴＳアセットマネジメント合同会社,神奈川県横浜市神奈川区台町１１番地１６ドゥーエ横濱台町２０３号,2021-08-19,合同会社
Ｔｗｏ　Ｉｎｖｅｓｔｍｅｎｔｓ　Ｐｔｙ　Ｌｔｄ,,2021-08-19,外国会社等
ＵＮＩＲＯ　ＣＲＥＡＴＩＯＮＳ　ＰＲＩＶＡＴＥ　ＬＩＭＩＴＥＤ,千葉県富里市立沢新田４８番地２５３,2021-08-19,外国会社等
ＵＮＩＴＥＤ　ＥＮＴＥＲＰＲＩＳＥ　ＩＮＶＥＳＴＭＥＮＴ　ＵＳＡ　ＣＯＲＰ,東京都江戸川区南小岩７丁目２８番１１－５０６号,2021-08-19,外国会社等
ＷＡＮＩＧＡＰＵＲＡ合同会社,千葉県千葉市花見川区浪花町３－１６ケミハイツ１０５号室,2021-08-19,合同会社
ＷＵＪＥＥ株式会社,愛知県名古屋市中村区稲西町１８３番地,2021-08-19,株式会社
Ｗｉｎｃｈｅｓｔｅｒ株式会社,静岡県浜松市中区鍛冶町２番地の５,2021-08-19,株式会社
Ｙ’ｓ合同会社,沖縄県那覇市山下町１８番２６号Ａ２０６,2021-08-19,合同会社
ＹＡＳＫＡＷＡ　Ｉｎｄｉａ　Ｐｒｉｖａｔｅ　Ｌｉｍｉｔｅｄ,,2021-08-19,外国会社等
ｂｅ　ｏｎｅ　ｓｏｌｕｔｉｏｎｓ　Ａｓｉａ　Ｐａｃｉｆｉｃ,東京都港区浜松町２丁目７－１５三電舎ビル７Ｆ,2021-08-19,外国会社等
ｂｕｌｂＳ株式会社,東京都新宿区新宿１丁目３６番７号新宿内野ビルⅡ８Ｆ,2021-08-19,株式会社
ｅ．Ｌｏｖｉｎｇ合同会社,鳥取県米子市河崎３１３１番地２０,2021-08-19,合同会社
ｉＮＦＯＲＭＥ合同会社,新潟県新潟市中央区美の里１７番８号,2021-08-19,合同会社
ｋｏｋｏｎｉｋｏ合同会社,北海道札幌市中央区南六条西１２丁目１３０１番地１クレステージ１１０１号,2021-08-19,合同会社
ｌｉｆｔ合同会社,宮城県黒川郡大和町杜の丘２丁目２０番地の１４,2021-08-19,合同会社
ｏｎ　ｔｈｅ　ｂｌｏｃｋ　ｌａｂ株式会社,東京都渋谷区恵比寿南２丁目２３番３号恵比寿ＮＨビル２階,2021-08-19,株式会社
ｖｉｓｔａ株式会社,兵庫県西宮市段上町４丁目１０番５－５０３号,2021-08-19,株式会社
あんしん補聴器合同会社,広島県広島市佐伯区五日市中央５丁目１８番地５号高田ビル１０１号,2021-08-20,合同会社
アオイサービス株式会社,兵庫県神戸市兵庫区今出在家町３丁目４番１５号,2021-08-20,株式会社
アジア・バオアン株式会社,福岡県福岡市南区横手４丁目１２番２号,2021-08-20,株式会社
アバーター貿易合同会社,福岡県大野城市栄町３丁目１番２４号クラブ春日原２Ｆ－５,2021-08-20,合同会社
アルカンジュ株式会社,熊本県熊本市中央区新市街２番６号サンタカラヤビル２階Ａ号,2021-08-20,株式会社
アレティ合同会社,沖縄県那覇市泊２丁目１番地１８号４階,2021-08-20,合同会社
エクセレント・ドラゴン合同会社,東京都中央区晴海３丁目１３－２Ｗ４１１４,2021-08-20,合同会社
エルスト合同会社,東京都西東京市田無町３丁目１番３号パールコート４０１,2021-08-20,合同会社
カラカサ株式会社,埼玉県坂戸市西坂戸１丁目７番２８号,2021-08-20,株式会社
カワマタファーム株式会社,静岡県富士宮市下条２９８番地の１,2021-08-20,株式会社
キュラット株式会社,東京都品川区東品川４丁目１１番３６号,2021-08-20,株式会社
サンセイ株式会社,東京都北区浮間１丁目７－２３兆豊浮間ビル５０２号室,2021-08-20,株式会社
サンソニック東京株式会社,東京都台東区入谷２丁目２７－８ハイツゆう１階,2021-08-20,株式会社
シュエット株式会社,奈良県大和郡山市泉原町７５番地１,2021-08-20,株式会社
シンクタンクゴッドマウンテン合同会社,沖縄県宜野湾市字宇地泊７５９番地,2021-08-20,合同会社
トーヨー合同会社,大阪府摂津市一津屋１丁目３２番３号,2021-08-20,合同会社
ノースライジング株式会社,三重県多気郡明和町大字明星１７５８番地,2021-08-20,株式会社
フォレストサイド・トレード＆サプライ合同会社,埼玉県さいたま市桜区西堀３丁目２－１５,2021-08-20,合同会社
フリップコード株式会社,東京都葛飾区新小岩２丁目２－２２,2021-08-20,株式会社
プラスワン合同会社,大阪府大阪市此花区朝日２丁目１８番８号３Ｆ－６０１,2021-08-20,合同会社
メディカル・テート株式会社,熊本県熊本市中央区川端町１１番地１,2021-08-20,株式会社
ユイネクスト株式会社,福島県白河市米村道北５１番地２,2021-08-20,株式会社
ユニ・クラウン合同会社,神奈川県横浜市保土ケ谷区西谷３丁目１７－１８,2021-08-20,合同会社
リテックス株式会社,東京都豊島区南池袋１丁目１６番１５号ダイヤゲート池袋,2021-08-20,株式会社
レストインレコーズ株式会社,東京都小金井市梶野町１丁目２－３６ＫＯ－ＴＯ,2021-08-20,株式会社
レッドビーンズエンタテインメント合同会社,東京都渋谷区幡ヶ谷３丁目３９番１２号渋谷ウェストビル１階,2021-08-20,合同会社
一般社団法人なかのま,富山県高岡市東上関３８９番,2021-08-20,その他の設立登記法人
一般社団法人みえ林業総合支援機構,三重県津市桜橋１丁目１０４番地,2021-08-20,その他の設立登記法人
一般社団法人アーティストユニオン,東京都新宿区新宿３丁目１番２４号,2021-08-20,その他の設立登記法人
一般社団法人オリーブコミューン,千葉県市原市中野８３番地,2021-08-20,その他の設立登記法人
一般社団法人コンパクトスマートシティプラットフォーム協議会,東京都千代田区紀尾井町３番２９号,2021-08-20,その他の設立登記法人
一般社団法人シーソンズ,福岡県宗像市赤間４丁目１０番地９号,2021-08-20,その他の設立登記法人
一般社団法人一本松,東京都渋谷区神宮前６丁目２３番４号桑野ビル２階,2021-08-20,その他の設立登記法人
一般社団法人日中友好文化交流協会,神奈川県川崎市川崎区東田町９番地６－７Ｆ,2021-08-20,その他の設立登記法人
一般社団法人日本音楽振興協会,神奈川県川崎市幸区北加瀬３丁目１９番７号,2021-08-20,その他の設立登記法人
一般社団法人日本食中毒防止協会,東京都港区南青山５丁目１７番６号青山グリーンハイツ５０２,2021-08-20,その他の設立登記法人
一般社団法人松野地区まちづくり協議会,静岡県富士市南松野１７９２番地の２,2021-08-20,その他の設立登記法人
一般社団法人横浜ウーマンズライツ協会,神奈川県横浜市金沢区六浦１丁目１－１３,2021-08-20,その他の設立登記法人
一般社団法人ＢＵＹ　ＯＮＥ　ＳＡＶＥ　ＯＮＥ,神奈川県川崎市麻生区片平２丁目６番３０号バースシティー柿生ヒルズ５０２,2021-08-20,その他の設立登記法人
一般社団法人Ｅｄｇｅｙ,東京都中央区京橋３丁目７番１０号東宣ビル,2021-08-20,その他の設立登記法人
一般社団法人ＫＲＦ９８,東京都千代田区内幸町２丁目１番６号,2021-08-20,その他の設立登記法人
一般社団法人ＫＲＦ９９,東京都千代田区内幸町２丁目１番６号,2021-08-20,その他の設立登記法人
一般社団法人ＬｅａＬ,東京都渋谷区神山町５番２号ルート神山町ビル２Ｆ,2021-08-20,その他の設立登記法人
一般社団法人ＳＨＣ厚木,東京都目黒区洗足２丁目１６番１９号,2021-08-20,その他の設立登記法人
一般社団法人Ｓｏｃｉａｌ　Ｆｉｒｍ　Ｊａｐａｎ,長野県佐久市八幡２２２番地１,2021-08-20,その他の設立登記法人
一般社団法人Ｙ・ＳＤＧｓ智恵と創造・横浜研究会,神奈川県横浜市金沢区富岡西７丁目２４番２１号,2021-08-20,その他の設立登記法人
一般財団法人田中記念劇場財団,北海道札幌市東区北十条東７丁目１番１０号,2021-08-20,その他の設立登記法人
五木村複業協同組合,熊本県球磨郡五木村乙１５３２番地１号,2021-08-20,その他の設立登記法人
伊勢あおい農園合同会社,三重県伊勢市小俣町明野１７２０番地１,2021-08-20,合同会社
共栄キャピタル株式会社,広島県広島市西区南観音４丁目１０番２２号,2021-08-20,株式会社
医療法人社団幸晴会,新潟県新潟市秋葉区新津東町３丁目４番３号,2021-08-20,その他の設立登記法人
医療法人社団徳新会,新潟県上越市大豆１丁目１３番１９号,2021-08-20,その他の設立登記法人
合同会社ことぶき,東京都新宿区早稲田町８３番地９,2021-08-20,合同会社
合同会社こどもネット,静岡県浜松市中区板屋町１００番地の１０,2021-08-20,合同会社
合同会社ぷーさん,兵庫県西宮市荒戎町２番２４号,2021-08-20,合同会社
合同会社みらい都市開発,新潟県三条市神明町３番７号,2021-08-20,合同会社
合同会社アップデートフォーエバー,東京都荒川区南千住５丁目３２－８,2021-08-20,合同会社
合同会社アールズ,大阪府大阪市東淀川区東中島１丁目１７－５,2021-08-20,合同会社
合同会社イゼルローンソフトウェア,北海道札幌市中央区大通西１丁目１４番２号桂和大通ビル５０・９Ｆ,2021-08-20,合同会社
合同会社エビス,大阪府大阪市西成区山王３丁目２番１号,2021-08-20,合同会社
合同会社カインド,埼玉県新座市道場２丁目１５番１０号,2021-08-20,合同会社
合同会社カンデカデ,静岡県富士宮市杉田１１３０番地の１,2021-08-20,合同会社
合同会社ガウボン,東京都文京区湯島３丁目２７－１４、ＯＬＩＯ湯島４０５号室,2021-08-20,合同会社
合同会社サイド,熊本県熊本市中央区南坪井町１番２４号,2021-08-20,合同会社
合同会社サポーターズファクトリー,東京都渋谷区神泉町１４番１２号アームスコマ１０１,2021-08-20,合同会社
合同会社シートスマート,東京都千代田区九段南１丁目５番６号りそな九段ビル５階ＫＳフロア,2021-08-20,合同会社
合同会社シーブロック,東京都世田谷区桜丘３丁目２８番２号桜丘パレス２０２,2021-08-20,合同会社
合同会社ジオング,東京都千代田区内神田１丁目１８番１１号東京ロイヤルプラザ９１０号,2021-08-20,合同会社
合同会社スマイルカンパニー,石川県河北郡津幡町字潟端４１６番地２０,2021-08-20,合同会社
合同会社フォレスト,東京都中央区銀座１丁目１２－４Ｎ＆ＥＢＬＤ．７Ｆ,2021-08-20,合同会社
合同会社フォートラン,大阪府大阪市中央区南船場２丁目７－１３,2021-08-20,合同会社
合同会社プリンシア,東京都中野区若宮２丁目３３番２号,2021-08-20,合同会社
合同会社マモルドージョー,大阪府大阪市浪速区幸町２丁目３番７－６０３号,2021-08-20,合同会社
合同会社ラクーン,東京都世田谷区豪徳寺１丁目４５番２号,2021-08-20,合同会社
合同会社リテールアイ,神奈川県相模原市中央区淵野辺本町１丁目３番３１－４号,2021-08-20,合同会社
合同会社リーンアウト,大阪府大阪市北区豊崎３丁目１５－５,2021-08-20,合同会社
合同会社一燈照隅舎,北海道旭川市春光台一条１丁目２番２３号,2021-08-20,合同会社
合同会社佐敦,福岡県福岡市博多区博多駅前２丁目１９番１７号,2021-08-20,合同会社
合同会社化粧師,静岡県伊東市広野３丁目３番２５号広野シティ１Ｆ,2021-08-20,合同会社
合同会社千,長崎県諫早市八天町２０番５－１０４号ユートピア八天,2021-08-20,合同会社
合同会社千穂,長崎県佐世保市もみじが丘町４１－６０,2021-08-20,合同会社
合同会社大不動,北海道苫小牧市新中野町１丁目６番２０号,2021-08-20,合同会社
合同会社天草海士宴,熊本県天草郡苓北町志岐１５００番地８,2021-08-20,合同会社
合同会社環境エピジェネティクス研究所,神奈川県足柄下郡湯河原町吉浜１９３３番地の４５,2021-08-20,合同会社
合同会社縁の心,神奈川県横浜市戸塚区原宿２丁目４９番１０－１０１号,2021-08-20,合同会社
合同会社藍琉,沖縄県うるま市与那城饒辺７２７－４０ＥａｓｔＢｌｕｅ２－Ｃ,2021-08-20,合同会社
合同会社鬼の畠,香川県高松市女木町２８９番地,2021-08-20,合同会社
合同会社ＡＵＲＯＲＡ・ＦＥＡＬＴＹ,福岡県福岡市中央区天神２丁目３番１０号天神パインクレスト７１９号,2021-08-20,合同会社
合同会社ＤｉＡＸＳ,東京都渋谷区渋谷２丁目７番１３号ネオメット青山３階,2021-08-20,合同会社
合同会社Ｆｕｒａｎ,奈良県香芝市旭ケ丘５丁目１番地１シャーメゾンストーンヒルズ旭ケ丘２０１号,2021-08-20,合同会社
合同会社Ｆｕｔｕｒｅ＆Ｓｅｅｄ,神奈川県足柄上郡中井町井ノ口２３５１番地１２６,2021-08-20,合同会社
合同会社Ｇ・Ｍ・Ａ,静岡県浜松市中区幸１丁目９番１７号,2021-08-20,合同会社
合同会社ＧＬ,大阪府泉佐野市高松西２丁目２５２０番地の７,2021-08-20,合同会社
合同会社ＧＯ,東京都杉並区本天沼３丁目３１番１１号コーポ森福１０３,2021-08-20,合同会社
合同会社Ｈｏｐｅ,福井県福井市殿下町第３５号２３番地,2021-08-20,合同会社
合同会社ＪＣ商事,兵庫県尼崎市神田北通１丁目８番地の１,2021-08-20,合同会社
合同会社ＫＡＺ,兵庫県西宮市松ケ丘町１２番１３号,2021-08-20,合同会社
合同会社ＮＥＸＴ－ＴＩＥ,大阪府堺市北区百舌鳥赤畑町２丁７２番地グランドパレス堺三国ヶ丘７０３号,2021-08-20,合同会社
合同会社ＮＫｃｏｍｐａｎｙ,北海道江別市ゆめみ野南町８番地の５,2021-08-20,合同会社
合同会社Ｐａｄｄｌｅ,兵庫県神戸市東灘区深江北町４丁目１１番６－１００１号,2021-08-20,合同会社
合同会社ＲＩＳＵＬＴ,大阪府大阪市東成区東小橋３丁目１７番１１号,2021-08-20,合同会社
合同会社Ｓ・Ｔファームビレッジ,千葉県佐倉市吉見６７３番地,2021-08-20,合同会社
合同会社ＳＨＣ厚木,東京都目黒区洗足２丁目１６番１９号,2021-08-20,合同会社
合同会社ＳＯＡＲＥ,長崎県長崎市浜町２番１７－２０２号,2021-08-20,合同会社
合同会社ＳＶＰコーポレーション,沖縄県沖縄市明道１丁目１－２５,2021-08-20,合同会社
合同会社ＳｔｏｒｙＣｏｌｏｒ,埼玉県さいたま市岩槻区大字岩槻４９４７－１,2021-08-20,合同会社
合同会社ＴＫＹクリエイション,広島県広島市西区三滝本町２丁目１６番４号,2021-08-20,合同会社
合同会社ＶＩＴＡ,宮城県仙台市青葉区錦ケ丘１丁目３番地の１ヒルサイドモール１Ｆ,2021-08-20,合同会社
合同会社Ｖｉｓｉｏｎ,東京都新宿区中落合４丁目２１－１１－２Ｆ,2021-08-20,合同会社
合同会社ＹＵＩ,兵庫県神戸市中央区旭通４丁目１番３－９０５号,2021-08-20,合同会社
合同会社Ｙｏｕｋｉｃｈｉ,青森県平川市猿賀石林１１８番地１,2021-08-20,合同会社
合同会社ａｔ　ｈｏｍｅ,北海道札幌市白石区菊水上町四条４丁目５１番地４－２０３号,2021-08-20,合同会社
合同会社ｌｉｎｏ,大阪府高石市西取石７丁目３番６号,2021-08-20,合同会社
合同会社ｎａｖｙ　ｓｔｒａｎｇｅ　ｗｏｒｋｓ,東京都港区六本木２丁目３－７－１２０２,2021-08-20,合同会社
合同会社ｒｉｃｅｌｅａｆ,東京都目黒区中目黒５丁目２７番１８号,2021-08-20,合同会社
合同会社ｗｅｓｔｖａｌｌｅｙ,東京都目黒区祐天寺１丁目１番１号,2021-08-20,合同会社
嘉娜宝生物テクノロジー株式会社,東京都板橋区成増１丁目１４－９成増グリーンハイツ４０１,2021-08-20,株式会社
大分県子ども会育成会連絡協議会,大分県別府市亀川浜田町２３組,2021-08-20,その他
大日本食品合同会社,東京都中野区沼袋３丁目２番１２号,2021-08-20,合同会社
安心・永眠プランニング合同会社,岩手県八幡平市柏台１丁目１９－１,2021-08-20,合同会社
小友太陽光発電合同会社,岩手県陸前高田市気仙町字町１１０番地,2021-08-20,合同会社
志栄株式会社,岐阜県美濃加茂市田島町３丁目９番地８,2021-08-20,株式会社
愛媛ケイアンドエム合同会社,愛媛県新居浜市八雲町１３番２号,2021-08-20,合同会社
戸屋興産株式会社,北海道留萌市錦町１丁目７番１９号,2021-08-20,株式会社
承曄商事株式会社,埼玉県白岡市寺塚字仙在４１０番１,2021-08-20,株式会社
東京オフィスＥａｓｔ１合同会社,東京都千代田区丸の内３丁目１番１号東京共同会計事務所内,2021-08-20,合同会社
染める株式会社,東京都渋谷区道玄坂１丁目１６－６二葉ビル３Ｆ,2021-08-20,株式会社
柴﨑ビジネスパートナーズ株式会社,茨城県筑西市門井１８００番地１６,2021-08-20,株式会社
株式会社あきあかね,兵庫県たつの市揖西町南山３丁目２７番地,2021-08-20,株式会社
株式会社あやまち,島根県松江市浜佐田町９７４番地１,2021-08-20,株式会社
株式会社おかげさま,茨城県取手市岡１０８９番地１,2021-08-20,株式会社
株式会社おひさま,静岡県浜松市北区新都田２丁目２６番１５号,2021-08-20,株式会社
株式会社お家のみかた,群馬県伊勢崎市本町６番地１,2021-08-20,株式会社
株式会社きしけん,東京都渋谷区神宮前３丁目３７番１号,2021-08-20,株式会社
株式会社すばる,東京都国分寺市南町３丁目１８番４号浅見ビル３Ｆ,2021-08-20,株式会社
株式会社びっくりマット,大阪府大阪市天王寺区悲田院町１番３８－１２１８号,2021-08-20,株式会社
株式会社みくまのクリーン,和歌山県新宮市千穂２丁目１番１３号ローズハイツ３０１号,2021-08-20,株式会社
株式会社アイバランス,東京都港区南青山２丁目２番１５号ウィン青山９４２号室,2021-08-20,株式会社
株式会社アシスト,東京都八王子市三崎町３番９号福屋ビル１Ｆ,2021-08-20,株式会社
株式会社アジュール,東京都目黒区八雲３丁目２５番１４－１０３号,2021-08-20,株式会社
株式会社アトラスシーズ,東京都新宿区河田町３番５１－３５０７号,2021-08-20,株式会社
株式会社アトラスジュエリー,山梨県中巨摩郡昭和町西条５１０５番地堀之内ビル２０２号,2021-08-20,株式会社
株式会社アナウンサーチーム・ＡｎｃｈｏｒｓＲｏｏｍ・九州,佐賀県鳥栖市原町７４２番地１,2021-08-20,株式会社
株式会社アプロ,茨城県水戸市元台町１５５４番地１,2021-08-20,株式会社
株式会社アミス,神奈川県川崎市幸区南加瀬３丁目１３番３８－２号,2021-08-20,株式会社
株式会社アレゲニインサイト,東京都品川区上大崎３丁目１番３０号,2021-08-20,株式会社
株式会社アース技研,埼玉県さいたま市西区大字内野本郷４２１番地６,2021-08-20,株式会社
株式会社イサム,埼玉県さいたま市桜区西堀７丁目１７番１２号,2021-08-20,株式会社
株式会社イルカ,大阪府大阪市中央区道修町１丁目５番７号,2021-08-20,株式会社
株式会社インシュアライフ,岡山県岡山市中区門田屋敷４丁目１番２１号,2021-08-20,株式会社
株式会社ウィズ・プロダクト,福岡県福岡市西区野方５丁目５８番１０号,2021-08-20,株式会社
株式会社ウェルテック,佐賀県伊万里市二里町八谷搦８６５番地４エスポワールⅡ２０３号室,2021-08-20,株式会社
株式会社エスエヌジー,福岡県宗像市王丸１０９１番地１２,2021-08-20,株式会社
株式会社エル・クリエイト,熊本県熊本市中央区九品寺２丁目２番５１号ベルメゾン１１６,2021-08-20,株式会社
株式会社エージェントファンテック,東京都品川区大井７丁目１８番１１号,2021-08-20,株式会社
株式会社オーエスケー,兵庫県神戸市西区井吹台西町１丁目６番地６－１１０１号,2021-08-20,株式会社
株式会社オートガレージ・タケヨシ,埼玉県草加市新栄３丁目３９番地３,2021-08-20,株式会社
株式会社クリアワン,千葉県木更津市菅生７９９,2021-08-20,株式会社
株式会社グリーンライフ,東京都渋谷区神宮前１丁目４番２０号パークコート神宮前３１６号室,2021-08-20,株式会社
株式会社グレート・ベア,千葉県船橋市西船２丁目１２番９－１号,2021-08-20,株式会社
株式会社グローバル企業,東京都港区三田５丁目１３番４－６０３号,2021-08-20,株式会社
株式会社コガネブリュワリー,兵庫県姫路市南町７６番地姫路城陽ビル４階,2021-08-20,株式会社
株式会社ココラク,大阪府大阪市北区角田町８－４７阪急グランドビル２０Ｆ,2021-08-20,株式会社
株式会社ゴールドウェル,兵庫県神戸市灘区水道筋３丁目４番７号,2021-08-20,株式会社
株式会社シダー,東京都目黒区自由が丘２丁目９番２４号,2021-08-20,株式会社
株式会社スカイフォース,神奈川県横浜市鶴見区鶴見中央１丁目３１番２２－１００１号,2021-08-20,株式会社
株式会社ストロベリーサウンド,東京都中央区銀座６丁目１３番１６号銀座ｗａｌｌビルＵＣＦ５０１,2021-08-20,株式会社
株式会社スマートシティプランニング,東京都世田谷区下馬６丁目１８番２－３０３号,2021-08-20,株式会社
株式会社セトラス,東京都品川区東五反田２丁目３－５五反田中央ビル７Ｆ,2021-08-20,株式会社
株式会社ナカシマ・プランニング,岡山県倉敷市中島１１２３番地１,2021-08-20,株式会社
株式会社ニットーネジコム,愛知県豊田市明和町７丁目５８番地,2021-08-20,株式会社
株式会社ニュープラス,熊本県熊本市東区御領８丁目８番８８号,2021-08-20,株式会社
株式会社ネクサス,兵庫県姫路市勝原区熊見３６５番地１８,2021-08-20,株式会社
株式会社ハングリープライド,東京都千代田区内神田２丁目４－３アムス大手町１１０２,2021-08-20,株式会社
株式会社ヒマワリ,兵庫県尼崎市南塚口町３丁目１番２０－２０３号,2021-08-20,株式会社
株式会社ピクシス,愛知県春日井市宮町字宮町１６１番地６,2021-08-20,株式会社
株式会社ファーストペンギン,大阪府大阪市天王寺区筆ケ崎町６番１２－１３０３号,2021-08-20,株式会社
株式会社フォーメンバーズホールディングス,東京都中央区新川２丁目２０番７号,2021-08-20,株式会社
株式会社ブループラム,東京都渋谷区渋谷３丁目１０番１８－２１０号パークハビオ渋谷,2021-08-20,株式会社
株式会社ブレインホールディングス,宮城県仙台市青葉区柏木２丁目２番７号,2021-08-20,株式会社
株式会社ボンテック,熊本県上益城郡益城町大字小池１３９２番地,2021-08-20,株式会社
株式会社マイ・ライフワーク,東京都世田谷区深沢４丁目１番１－２０２号,2021-08-20,株式会社
株式会社マツバラ,福井県鯖江市東鯖江２丁目７番１２号,2021-08-20,株式会社
株式会社メディコ,東京都葛飾区青戸５丁目２０番２３号,2021-08-20,株式会社
株式会社ラペーシュ,大阪府大阪市北区曾根崎新地１丁目７番１９号４Ｆ,2021-08-20,株式会社
株式会社リンコー,福井県坂井市三国町池見第２７号２３番地,2021-08-20,株式会社
株式会社ロケロ,東京都荒川区東尾久４丁目１５番２号,2021-08-20,株式会社
株式会社三和,東京都羽村市小作台２丁目１２－１－３０３号,2021-08-20,株式会社
株式会社三浦建設,千葉県佐倉市上座５２８番地１１－１０２号,2021-08-20,株式会社
株式会社三重インターナショナル,三重県四日市市末永町１２番１８－１号,2021-08-20,株式会社
株式会社佐々木商事,大阪府大阪市都島区都島北通２丁目７番１３号佐々木マンション５０１号,2021-08-20,株式会社
株式会社北斗,静岡県浜松市北区細江町気賀１８３３番地の１フォンテーヌ２０２号室,2021-08-20,株式会社
株式会社協栄ビジネス,兵庫県尼崎市武庫之荘西２丁目３３番２２号,2021-08-20,株式会社
株式会社周一,沖縄県那覇市久茂地２丁目２０番７号ルミエールミナオ６０２,2021-08-20,株式会社
株式会社大きな森,兵庫県明石市松が丘３丁目２８番２号,2021-08-20,株式会社
株式会社大入ホールディングス,東京都港区愛宕２丁目５番１号,2021-08-20,株式会社
株式会社大成クリーンメンテナンス,栃木県宇都宮市二番町１番１０号,2021-08-20,株式会社
株式会社太心建設,茨城県つくば市天宝喜２７４番地５,2021-08-20,株式会社
株式会社太陽,大阪府大阪市西成区中開２丁目５番２６号,2021-08-20,株式会社
株式会社小山土建工業,埼玉県行田市大字埼玉１１６２番地,2021-08-20,株式会社
株式会社小田電工,福岡県中間市中尾１丁目１０番５号,2021-08-20,株式会社
株式会社山口電気,愛知県名古屋市中川区荒江町２３番１８号,2021-08-20,株式会社
株式会社心華,大阪府和泉市緑ケ丘１丁目１３番７号,2021-08-20,株式会社
株式会社愛甲設備,福岡県糟屋郡宇美町四王寺坂３丁目１２番２号,2021-08-20,株式会社
株式会社明陽運輸,兵庫県淡路市大谷８９３番地の９,2021-08-20,株式会社
株式会社植介,千葉県市原市国分寺台中央５丁目４－６,2021-08-20,株式会社
株式会社樹創家,大阪府岸和田市南町６番４号,2021-08-20,株式会社
株式会社武田商事,熊本県熊本市中央区八王寺町１３番２１号星寿八王寺ビル１号室,2021-08-20,株式会社
株式会社沖縄カーメンテナンスサービス,沖縄県島尻郡南風原町字津嘉山９３６番３,2021-08-20,株式会社
株式会社澤田組,愛知県半田市東郷町２丁目１１２番地,2021-08-20,株式会社
株式会社田中リサイクル,大阪府泉大津市板原町５丁目８番１５号,2021-08-20,株式会社
株式会社田中商会,神奈川県横浜市中区長者町３丁目８－１３－４０３Ｂ,2021-08-20,株式会社
株式会社相続財産経営,埼玉県富士見市ふじみ野東１丁目１１番地４オリンピア１階,2021-08-20,株式会社
株式会社真田自動車学校,長野県上田市秋和８６番地,2021-08-20,株式会社
株式会社石井商会,群馬県館林市大街道１丁目７番３７号,2021-08-20,株式会社
株式会社石戸建設工業,兵庫県豊岡市日高町鶴岡５４７番地の１,2021-08-20,株式会社
株式会社紫灯,東京都豊島区千川１丁目２８番８号,2021-08-20,株式会社
株式会社絆サンセリテ,兵庫県加古郡稲美町国岡３丁目３１番地６,2021-08-20,株式会社
株式会社美・紫・音,兵庫県神戸市中央区下山手通３丁目１１番５号永安ビル１Ｆ,2021-08-20,株式会社
株式会社腸能力開発機構,大阪府富田林市南旭ケ丘町１８番１６号,2021-08-20,株式会社
株式会社芝草ドットコム商店,山梨県笛吹市石和町松本８２９番地３,2021-08-20,株式会社
株式会社花岡組,広島県広島市中区舟入川口町３番１４号,2021-08-20,株式会社
株式会社若葉,大阪府枚方市上島町１７番２８号,2021-08-20,株式会社
株式会社英広告製作所,東京都荒川区東尾久４丁目５１番２号クレスト１Ｆ,2021-08-20,株式会社
株式会社西和,宮崎県都城市中原町４１街区８号,2021-08-20,株式会社
株式会社論,群馬県邑楽郡板倉町大字岩田２２５９番地４,2021-08-20,株式会社
株式会社近江之花,滋賀県大津市萱野浦２５番２４－２０１号,2021-08-20,株式会社
株式会社雨宮商事,群馬県高崎市倉賀野町２４５９番地１,2021-08-20,株式会社
株式会社１０２１,東京都渋谷区渋谷３丁目６番４号プライア渋谷１６０６号室,2021-08-20,株式会社
株式会社８８８,大阪府大阪市浪速区塩草３丁目１０－２２小川ビル２０１,2021-08-20,株式会社
株式会社Ａ－ＧＯ,京都府京都市山科区西野今屋敷町１９－１,2021-08-20,株式会社
株式会社Ａ．Ｇ．Ｏファーマシー,大阪府大阪市旭区生江３丁目２８番３８号,2021-08-20,株式会社
株式会社ＡＫｓｅｒｖｉｃｅ,神奈川県相模原市南区下溝２０２９番地７,2021-08-20,株式会社
株式会社ＡＯＫＩＳＩ,東京都品川区旗の台５丁目１５－１,2021-08-20,株式会社
株式会社Ａｍｂｉｔｉｏ,千葉県松戸市三矢小台５丁目２０番地の１,2021-08-20,株式会社
株式会社Ａｖｅｃ２０６,東京都目黒区五本木２丁目１番１４号ＣＯＭＰＬＥＸ２６ビル１Ｆ,2021-08-20,株式会社
株式会社Ｂ９．ｅｄｕｃａｔｉｏｎ,神奈川県横浜市鶴見区元宮１丁目９－３９,2021-08-20,株式会社
株式会社ＢＩＴＴ,北海道札幌市中央区南六条西１丁目５番地,2021-08-20,株式会社
株式会社Ｂｅｌｌｆｌｏｗｅｒ,東京都豊島区池袋２丁目５－１０,2021-08-20,株式会社
株式会社ＣＡＣ,埼玉県さいたま市大宮区三橋１丁目７８４－３,2021-08-20,株式会社
株式会社Ｃａｒｐｅｄｉａ,群馬県前橋市表町２丁目２０－７－５１２リブグリーンロード,2021-08-20,株式会社
株式会社Ｃｈａｋｏｒｉｃｈ,東京都渋谷区鶯谷町１３番１号ラ・トゥール代官山Ｄ－６０１,2021-08-20,株式会社
株式会社ＣｏｄｙＣｏｄｅ,神奈川県川崎市中原区下小田中６丁目７－１,2021-08-20,株式会社
株式会社Ｄ＆Ｄコンサルティング,愛知県名古屋市天白区植田３丁目１３０４番地２パルティール植田アネックス７０３号,2021-08-20,株式会社
株式会社ＤＡＭＯＡ,東京都中野区野方６丁目３０番１号野方店舗１階,2021-08-20,株式会社
株式会社ＤＤホールディングス,東京都昭島市中神町１３０４番地１６,2021-08-20,株式会社
株式会社ＤＥＰＯＲＴＥ,東京都渋谷区神宮前６丁目２３番４号桑野ビル２階,2021-08-20,株式会社
株式会社ＤＩＶＥＲＳＥ・Ｋ,大阪府大阪市阿倍野区阪南町５丁目１７番３号西田辺駅前ビル,2021-08-20,株式会社
株式会社Ｄｏ　Ｇｏｏｄ,大阪府大阪市中央区島之内１丁目１５番２５号カスタリアタワー長堀橋２００２号室,2021-08-20,株式会社
株式会社ＥＤＩＭＡＳＳ,東京都千代田区九段南１丁目５番６号りそな九段ビル５ＦＫＳフロア,2021-08-20,株式会社
株式会社ＥＮＤＯ,群馬県桐生市広沢町６丁目８９８番地の６,2021-08-20,株式会社
株式会社ＥＺＯ,東京都中野区上高田５丁目２０番７号アーバンプレイス１０２号室,2021-08-20,株式会社
株式会社Ｅｓ,埼玉県戸田市笹目８丁目７－１２,2021-08-20,株式会社
株式会社Ｅｓｐоｌｉａ,宮城県仙台市若林区沖野２丁目９番４０－６０３号,2021-08-20,株式会社
株式会社Ｆ．Ａ．Ｓ,東京都杉並区高円寺北４丁目１４番１２号,2021-08-20,株式会社
株式会社ＦＭネットワーク,東京都中央区新川２丁目２０番７号,2021-08-20,株式会社
株式会社ＦＲＯＮＴＯＮＬＩＮＥ,東京都中野区本町１丁目２３番９号ＮＩＤビル４階,2021-08-20,株式会社
株式会社Ｆａｒｍ　Ｉｎｔｅｒｎａｔｉｏｎａｌ,東京都渋谷区広尾５丁目１番１４－７０８号,2021-08-20,株式会社
株式会社Ｆｒｏｎｔｉｅｒ,大阪府羽曳野市樫山２４８番地の９,2021-08-20,株式会社
株式会社Ｇ－ａｃｔ,大阪府大阪市北区中崎町四丁目３番３２号タカ大阪梅田ビル８０２号室,2021-08-20,株式会社
株式会社Ｇ２ＰＲＯＤＵＣＴ,兵庫県佐用郡佐用町佐用２８９８番地４,2021-08-20,株式会社
株式会社ＧＲＡＮＩＳ,大阪府大阪市浪速区日本橋東３丁目１４番１０号,2021-08-20,株式会社
株式会社Ｇｅｍｉｎｉ,東京都日野市平山３丁目６番地の２,2021-08-20,株式会社
株式会社ＨＡＮＡ．,東京都目黒区祐天寺１丁目９番２３号,2021-08-20,株式会社
株式会社ＨＩＳＡＮＯ,大阪府大阪市北区本庄東１丁目１１番９号,2021-08-20,株式会社
株式会社ＨＲＳ,大阪府堺市北区長曽根町１１９９番地３,2021-08-20,株式会社
株式会社ＩＮＦＩＮＩＴＹ,神奈川県横浜市中区曙町４丁目５６番地Ｌｉｂｅｒｔｙ大通り公園８０４,2021-08-20,株式会社
株式会社ＩＲＯＨＡ,沖縄県浦添市字前田６３６番地ＡＬＬＵＲＥ５０１,2021-08-20,株式会社
株式会社ＩＳ,香川県坂出市久米町１丁目２番３８号,2021-08-20,株式会社
株式会社ＩＳＨ,神奈川県横浜市港北区下田町１丁目９番５号,2021-08-20,株式会社
株式会社Ｉｒｉｅ,広島県広島市中区東千田町１丁目１番１０４－３－２２０１号,2021-08-20,株式会社
株式会社ＪＩＪＩ,福岡県福岡市西区女原北１１－１２－２０１,2021-08-20,株式会社
株式会社Ｋ’Ｓサービス,長崎県長崎市樺島町６番１２号,2021-08-20,株式会社
株式会社Ｋ’ｓフィールド,東京都葛飾区新宿４丁目５番６号,2021-08-20,株式会社
株式会社ＫＡＮＡＥＲＵ,兵庫県明石市二見町西二見７２８番地の１,2021-08-20,株式会社
株式会社ＫＤＳコミュニティカレッジ,熊本県熊本市北区楠６丁目６番２５号,2021-08-20,株式会社
株式会社ＫＩＭ　ＡＮ,静岡県浜松市西区雄踏町山崎４６７０番地の５,2021-08-20,株式会社
株式会社ＫＲＳ,大阪府枚方市宮之阪１丁目１０番２号,2021-08-20,株式会社
株式会社ＫＴコンサルティング,愛知県瀬戸市幡西町１５８番地の１,2021-08-20,株式会社
株式会社Ｋｏｍｅｔｓｕｂｕ　Ｅｎｔｅｒｔａｉｎｍｅｎｔ,東京都練馬区高松５丁目２２番１１号ビームス光が丘３０１,2021-08-20,株式会社
株式会社Ｌｉｓｍｏａ,東京都渋谷区渋谷１丁目２０番１号,2021-08-20,株式会社
株式会社Ｌｕｎａ,広島県広島市西区己斐上３丁目３３番１号,2021-08-20,株式会社
株式会社Ｍ’ｓ　Ａｌｆａ,兵庫県姫路市飾磨区構５丁目８４,2021-08-20,株式会社
株式会社Ｍ　ｅｔ　Ｋ,千葉県千葉市中央区中央２丁目７番１０号シャンボール千葉中央７０８号,2021-08-20,株式会社
株式会社Ｍ・Ｓｕｍｍｅｒ－Ｃｏｎｎｅｃｔ,兵庫県神戸市灘区鶴甲３丁目６番８号,2021-08-20,株式会社
株式会社Ｍ－ｂｏｎｄ,東京都文京区根津１丁目１６番８号,2021-08-20,株式会社
株式会社ＭＡＮＤＮ,東京都港区六本木４丁目５番９号２階,2021-08-20,株式会社
株式会社ＭＦＣ,東京都渋谷区代々木１丁目５２番４号ベルテ南新宿３０３,2021-08-20,株式会社
株式会社ＭＩＲＡＩ,福岡県福岡市早良区飯倉２丁目１番４号,2021-08-20,株式会社
株式会社ＭＳラボ,三重県鈴鹿市神戸６丁目４番３０号メイトカンベ２Ａ,2021-08-20,株式会社
株式会社Ｍｕｔａｎ　Ｉｎｓｉｇｈｔ,東京都豊島区東池袋３丁目９番７号東池袋織本ビル２階,2021-08-20,株式会社
株式会社Ｎ,東京都武蔵野市吉祥寺本町１丁目３１番１３号アサカビル６Ｆ,2021-08-20,株式会社
株式会社ＮＡＩＬＳ　ＯＮ,東京都国分寺市光町１丁目３８番地７－２ａ,2021-08-20,株式会社
株式会社ＮＬＣ,大阪府豊中市東泉丘４丁目５番５０－２３５号,2021-08-20,株式会社
株式会社ＮｉｃｈｅＮｉｃｈｅ,東京都品川区西五反田７丁目１３番５号ＤＫ五反田４Ｆ,2021-08-20,株式会社
株式会社ＯＯＱ,東京都渋谷区松濤１丁目２８番２号,2021-08-20,株式会社
株式会社ＯＳＵ,東京都福生市大字福生１１５９番地３９,2021-08-20,株式会社
株式会社Ｏｚ,熊本県八代市松江本町７番２９号,2021-08-20,株式会社
株式会社Ｑｕｏｌｌｉｏ　Ｔｅｃｈｎｏｌｏｇｉｅｓ,東京都世田谷区代沢４丁目４０番１３号,2021-08-20,株式会社
株式会社Ｒ・Ｆ,埼玉県草加市弁天５丁目２１番１８号,2021-08-20,株式会社
株式会社ＲＩＴ,千葉県市川市入船３番１２号,2021-08-20,株式会社
株式会社Ｓ－Ｐｌａｙ,東京都新宿区西新宿６丁目１５番１号,2021-08-20,株式会社
株式会社ＳＯＲＴＥ,大阪府和泉市一条院町１４１－１２,2021-08-20,株式会社
株式会社ＳＳＫ,東京都中央区晴海２丁目３番３０－３１０９号,2021-08-20,株式会社
株式会社ＳＴＥＬＬＡ,神奈川県横浜市保土ケ谷区坂本町３２４番地１,2021-08-20,株式会社
株式会社Ｓａｉｌｓｅａ,千葉県船橋市本町７丁目２１番６号,2021-08-20,株式会社
株式会社Ｔ＆Ｏ沖縄,沖縄県中頭郡読谷村字瀬名波２０８番地１,2021-08-20,株式会社
株式会社Ｔ＆Ｙフーズ,三重県津市一身田平野４３０番地２０,2021-08-20,株式会社
株式会社Ｔ．Ｋ．Ｐｒｏｄｕｃｔｉｏｎ,東京都足立区東綾瀬１丁目１２番１－１０４号レジデンス梶本,2021-08-20,株式会社
株式会社ＴＨワールド,東京都北区滝野川３丁目８番１号,2021-08-20,株式会社
株式会社ＴＨＡＬＡＳＳＩＣ　ＣＡＰＩＴＡＬ,愛知県名古屋市西区樋の口町１番１５号ホーワビル２Ｆ,2021-08-20,株式会社
株式会社ＴｕＫｕＮｅＹａ　ＷＯＲＬＤ,兵庫県尼崎市南七松町１丁目２番６号３Ｆ,2021-08-20,株式会社
株式会社Ｖａｒｉｏｓ,群馬県高崎市新町３２６４番地３,2021-08-20,株式会社
株式会社Ｖｏｌｃａｎａ　Ｈ．,東京都渋谷区神宮前４丁目８番６号,2021-08-20,株式会社
株式会社Ｗｉｎｓｔａｒ,東京都中野区松が丘１丁目３２番６号,2021-08-20,株式会社
株式会社Ｘホールディングス,東京都渋谷区渋谷３丁目１０番１３号,2021-08-20,株式会社
株式会社ＹＫフューチャーコンサルティング,東京都渋谷区渋谷２丁目１９－１５宮益坂ビルディング６０９,2021-08-20,株式会社
株式会社ａｎｎｉｖｅｒｓａｒｙ,愛媛県松山市来住町１４９７番地１,2021-08-20,株式会社
株式会社ａｔｅｌｉｅｒ　ｈｏｋｏ,東京都中央区銀座１丁目２２番１１号銀座大竹ビジデンス２階,2021-08-20,株式会社
株式会社ｃａｌｍ,大阪府大阪市浪速区元町１丁目７番５号,2021-08-20,株式会社
株式会社ｅａｒｔｈ,東京都足立区東綾瀬３丁目８番２４号,2021-08-20,株式会社
株式会社ｆｏｕｒ　ｌｅａｆ．ｃ,三重県亀山市小野町７７７番地３,2021-08-20,株式会社
株式会社ｆｕｋｕｉｃｈｉ,大阪府大阪市港区市岡元町３丁目６番２０号１Ｆ,2021-08-20,株式会社
株式会社ｋｘｓ８．ｐｒｏｊｅｃｔ,神奈川県鎌倉市稲村ガ崎２丁目１０－２１,2021-08-20,株式会社
株式会社ｍｏｉｓｔｅａｎｅ　ｂｅ　ｃｌａｓｓｉｃ,千葉県木更津市金田東６丁目２６番地５,2021-08-20,株式会社
株式会社ｍｏｏｍｉｎ,愛知県刈谷市桜町１丁目７番地丸四ビル１Ｆ,2021-08-20,株式会社
株式会社ｏｆｆｉｃｅＬｉｅｎ,東京都品川区大井４丁目２番４号,2021-08-20,株式会社
株式会社ｏｋｉｎａｗａ,沖縄県那覇市前島３丁目２５番２号泊ポートビル１Ｆ,2021-08-20,株式会社
株式会社ｐｌａｔ,沖縄県那覇市牧志一１番３９号ＳＴＥＰビル１－Ｇ,2021-08-20,株式会社
株式会社ｒａｉ－ｚｏｕ,神奈川県藤沢市藤沢１０５７番地の２７－３０５,2021-08-20,株式会社
株式会社ｓｔｕｄｉｏｈｕａ,東京都渋谷区神宮前６丁目２９番４号原宿ｋｏｍｉｙａビル６階,2021-08-20,株式会社
株式会社ｗｉｔｈ　Ｍａｒｃｈ,東京都世田谷区駒沢４丁目１９番１２号,2021-08-20,株式会社
永進警備株式会社,静岡県伊豆市修善寺１４７番地３、１Ｆ,2021-08-20,株式会社
特定非営利活動法人ここも,神奈川県伊勢原市板戸５９３番地の１ルミエールＢＢ１０１号,2021-08-20,その他の設立登記法人
特定非営利活動法人東京つばめ無料塾,東京都千代田区大手町１丁目３番２号経団連会館Ｂ１株式会社ケイエヌケイ内,2021-08-20,その他の設立登記法人
特定非営利活動法人緑で地球を救う会,福岡県福岡市博多区千代２丁目１５番１５－８０３号,2021-08-20,その他の設立登記法人
特定非営利活動法人茅葺座,兵庫県神戸市北区花山東町２番１５号１０７号室,2021-08-20,その他の設立登記法人
特定非営利活動法人ＦＲＥＥ　ＢＯＸ,京都府京都市伏見区山崎町３５０番地,2021-08-20,その他の設立登記法人
特定非営利活動法人Ｓｅａｍｌｅｓｓ,長崎県諫早市永昌東町８－３３－２階,2021-08-20,その他の設立登記法人
特定非営利活動法人ＴＤＵ・雫穿大学,東京都新宿区西早稲田２丁目４番７号,2021-08-20,その他の設立登記法人
珊トレーディング株式会社,東京都中央区銀座７丁目３番１３号,2021-08-20,株式会社
白石商機株式会社,愛媛県大洲市徳森２４１３番地６,2021-08-20,株式会社
社長をつくる合同会社,静岡県熱海市桜木町１０番１９号熱海パークマンション５３２,2021-08-20,合同会社
神田錦町合同会社,東京都中央区八丁堀４丁目２番１０号ＡＯＪ税理士法人内,2021-08-20,合同会社
福英マテリアルズ株式会社,福岡県福岡市博多区東光１丁目３番１１号やますえ東光ビル９０２号,2021-08-20,株式会社
紀州ワグラース株式会社,新潟県新潟市中央区沼垂西１丁目１３番１８号ホポロ東万代４０３号,2021-08-20,株式会社
紅娘合同会社,東京都港区南青山２丁目２番１５号ウィン青山１２１４号,2021-08-20,合同会社
美住ハウス株式会社,大阪府大阪市生野区中川４丁目１２－１５,2021-08-20,株式会社
耕力農園株式会社,愛媛県新居浜市阿島乙１７４番地,2021-08-20,株式会社
芸博株式会社,大阪府阪南市自然田２７３－１３,2021-08-20,株式会社
虎ノ門ワン特定目的会社,東京都港区虎ノ門３丁目２２番１０－２０１号,2021-08-20,その他の設立登記法人
賀山社会保険労務士法人,東京都中央区銀座８丁目１５番１０号,2021-08-20,その他の設立登記法人
越智メディカルサービス合同会社,東京都文京区白山１丁目１７番４号,2021-08-20,合同会社
鎌形春畝堂株式会社,千葉県千葉市中央区浜野町６６６番地グリーンビレッジ浜野５０６号,2021-08-20,株式会社
高穂合同会社,新潟県長岡市槇山町１７５７番地,2021-08-20,合同会社
８１８株式会社,熊本県熊本市西区池田１丁目２１番３０号,2021-08-20,株式会社
８６モーターズ株式会社,神奈川県横浜市鶴見区本町通４丁目１７７番地５,2021-08-20,株式会社
ＡＰＳＡＲＡ合同会社,東京都豊島区西池袋３丁目３３番２８号池袋グリーンコーポ３０１号,2021-08-20,合同会社
ＡＳＡ　Ｔｒａｄｉｎｇ合同会社,埼玉県和光市白子２丁目１番２１号シャトレー小川２０１,2021-08-20,合同会社
ＡＵＮ株式会社,熊本県菊池郡菊陽町武蔵ヶ丘北２丁目２０番１３号,2021-08-20,株式会社
Ａｌｗａｙｓ　Ｐｕｒｅ　Ｏｒｇａｎｉｃｓ　Ｊａｐａｎ株式会社,東京都渋谷区富ヶ谷１丁目１４番１４号,2021-08-20,株式会社
ＢＲＡＶＯ株式会社,岡山県岡山市北区田町１丁目１番３号７０１,2021-08-20,株式会社
ＢＶアセット株式会社,兵庫県西宮市産所町１５番１３号,2021-08-20,株式会社
ＣＨＥＥＲ株式会社,千葉県浦安市入船６丁目１番３０１号,2021-08-20,株式会社
ＣＯＵＦｉＸ株式会社,大阪府吹田市上山手町３番１４－１０２号,2021-08-20,株式会社
Ｄｒａｗ・Ｐａｉｎｔ株式会社,大阪府松原市大堀３丁目１２番１－２０１号,2021-08-20,株式会社
ＥＮＶＲ合同会社,大阪府大阪市北区梅田１丁目１１番４号大阪駅前第４ビル９階９２３－１５８６号,2021-08-20,合同会社
ＥＶパーク株式会社,福岡県福岡市中央区舞鶴１丁目４番１号,2021-08-20,株式会社
Ｅａｓｔ　Ｐｌａｎｎｉｎｇ合同会社,兵庫県宝塚市山手台西４丁目２１番５号,2021-08-20,合同会社
ＦＵＭＩアセットマネジメント株式会社,愛媛県喜多郡内子町内子１８８１番地,2021-08-20,株式会社
ＧＬＳスワ株式会社,長野県諏訪市大字豊田１０２０番地４,2021-08-20,株式会社
ＧＰＳ　ＣＲＥＷ合同会社,愛媛県大洲市長浜甲３９６番地の１,2021-08-20,合同会社
ＨＱテクノ株式会社,大分県宇佐市大字岩崎４５８番地の３,2021-08-20,株式会社
ＩＡＭ合同会社,東京都港区南青山３丁目１０番３２号８０１,2021-08-20,合同会社
ＩＴＲ株式会社,沖縄県那覇市字大道１６９番地９－４０３,2021-08-20,株式会社
ＫＭ－ＥＸＰＥＲＴ株式会社,東京都江東区木場５丁目１２番８号ＫＤＸ木場ビル,2021-08-20,株式会社
ＫＴ税理士法人,神奈川県鎌倉市大船３丁目１２番２５号ルミエール１０２,2021-08-20,その他の設立登記法人
Ｌ．Ｓ．Ｄ．ｅｎｇｉｎｅｅｒ株式会社,滋賀県東近江市宮川町６５１番地５１,2021-08-20,株式会社
ＭＩＮＡＭＩ　ＪＰ合同会社,大阪府大阪市中央区平野町３丁目３－７ニューライフ平野町９０８,2021-08-20,合同会社
ＭＩＮＥ・秋吉台シニアワーク地域連携協議会,山口県美祢市大嶺町東分４１８番地８,2021-08-20,その他
ＭＩＲＡＩ　ＭＯＢＩＬＥ合同会社,東京都新宿区高田馬場４丁目１番６寿美ビル３０２号,2021-08-20,合同会社
ＰＥＮＹ株式会社,大阪府大阪市東住吉区杭全１丁目１４番８－１２０３号,2021-08-20,株式会社
ＲＯＳＨＡＮＩ　ＩＮＴＥＲＮＡＴＩＯＮＡＬ合同会社,埼玉県さいたま市岩槻区東岩槻１丁目９－３０,2021-08-20,合同会社
ＳＣＲＩＴＡＳ合同会社,東京都渋谷区円山町５番１８号道玄坂スクエア９０３号,2021-08-20,合同会社
ＳＯ－ＣＯＮＳＵＬＴ株式会社,東京都渋谷区桜丘町２６番１号セルリアンタワー１５階,2021-08-20,株式会社
Ｓｕｓｔｔｙ合同会社,東京都中央区東日本橋２丁目２８番４号日本橋ＣＥＴビル２階,2021-08-20,合同会社
ＴＩＧＥＲ　ＣＯＮＳＵＬＴＩＮＧ合同会社,東京都目黒区洗足２丁目１３－３,2021-08-20,合同会社
ＴＯＰＤＯＧｓ合同会社,東京都港区白金台４丁目４－７,2021-08-20,合同会社
ＴＯＳＳ　Ｉｎｔｅｒｎａｔｉｏｎａｌ株式会社,東京都中央区銀座６丁目１３番１６号銀座ＷａｌｌビルＵＣＦ５０１,2021-08-20,株式会社
ＴＹキャリアクルー株式会社,岩手県盛岡市中太田屋敷田１０８番地,2021-08-20,株式会社
ＷＥＬＬ－ＢＥＩＮＧ　ＳＴＹＬＥ合同会社,東京都中央区日本橋富沢町３番７号,2021-08-20,合同会社
ＸＲＯＳＳＣＯＵＮＴＥＲ合同会社,東京都世田谷区松原３丁目３－１１,2021-08-20,合同会社
ＺＩＴＡＮ株式会社,東京都世田谷区松原２丁目４２－７菱和パレス明大前５０４,2021-08-20,株式会社
ＺｅＴａ企画株式会社,神奈川県横浜市旭区今宿東町８３２番地１－２９棟３０３号,2021-08-20,株式会社
ａｉｄ　ｐｅｒｓｏｎ　ｊａｐａｎ合同会社,東京都世田谷区粕谷２丁目２４番１－６２５号,2021-08-20,合同会社
ｂｉｇｓｔｏｎｅ株式会社,神奈川県川崎市幸区中幸町３丁目３１ー２Ｌｏｃ’ｓＫＡＷＡＳＡＫＩＢＬＤＧ７－２３,2021-08-20,株式会社
ｌｕｃｉｏｌｅ合同会社,東京都杉並区和田１丁目５７番Ｓ－１０３号,2021-08-20,合同会社
ｎｅｘｔｄａｙｓ株式会社,岩手県花巻市上町３番１０号金子ビル１階北,2021-08-20,株式会社
ｎｊｕｋ合同会社,東京都世田谷区上馬４丁目８番８号ミュゼ駒沢３０１,2021-08-20,合同会社
ｐｕｒｇｅ株式会社,滋賀県大津市枝４丁目２番６号,2021-08-20,株式会社
ｓｆｉｄａマネジメント株式会社,兵庫県神戸市垂水区星が丘３丁目４番１７号,2021-08-20,株式会社
ｓｕｎｎｙ　ｎｏｏｋ株式会社,福岡県福岡市南区三宅１丁目１３番３８号,2021-08-20,株式会社
あおい建設株式会社,愛知県半田市新宮町４丁目８６番地の１,2021-08-23,株式会社
ありがとう合同会社,大阪府大阪市西淀川区柏里３丁目１２番２９号塚本駅前商店街１号館７号店舗,2021-08-23,合同会社
かけちま株式会社,東京都大田区南馬込６丁目１２番１１号,2021-08-23,株式会社
きのこパワー合同会社,埼玉県行田市大字犬塚４５９番地,2021-08-23,合同会社
さどや株式会社,埼玉県さいたま市大宮区三橋２丁目４８９番地,2021-08-23,株式会社
アイ・プロパティ株式会社,北海道札幌市北区新川三条１２丁目７番１号,2021-08-23,株式会社
アカウンティングサポート株式会社,東京都港区浜松町１丁目２番８号木村ビル３階,2021-08-23,株式会社
アキラ空衛資材株式会社,愛知県半田市亀崎高根町７丁目２３５番地,2021-08-23,株式会社
アサカ工業株式会社,埼玉県朝霞市大字上内間木１２１番地２５,2021-08-23,株式会社
アモティ合同会社,栃木県真岡市大谷新町１０－５,2021-08-23,合同会社
アリスＦａｍｉｌｙ　Ｓｕｐｐｏｒｔ株式会社,栃木県宇都宮市簗瀬４丁目１０番４号コーポヤナセ１０５室,2021-08-23,株式会社
アルテック新電力株式会社,東京都中央区入船２丁目１番１号,2021-08-23,株式会社
アロン株式会社,愛知県名古屋市熱田区千年１丁目２０番１１号,2021-08-23,株式会社
イソポ資源投資合同会社,東京都港区南青山５丁目１２番４号,2021-08-23,合同会社
エコ事業協同組合,兵庫県明石市松の内２丁目１番地８,2021-08-23,その他の設立登記法人
エムグレイス合同会社,千葉県柏市若柴１７３番地８柏の葉キャンパス１５１街区Ｅ－２０３,2021-08-23,合同会社
エム・ツー株式会社,広島県広島市佐伯区五日市７丁目７番３６－２号,2021-08-23,株式会社
エンシャスユニオン株式会社,岡山県岡山市東区東平島５１番地３,2021-08-23,株式会社
オリーブ株式会社,大阪府吹田市金田町２９番９号,2021-08-23,株式会社
オーケストラ・アドバイザーズ・ジャパン株式会社,東京都世田谷区駒沢１丁目２－３３駒沢ガーデンハウスＡ３０４,2021-08-23,株式会社
カシオペヤ合同会社,神奈川県横浜市青葉区奈良５丁目２５番地１,2021-08-23,合同会社
グリーンアカデミアコンサルティング株式会社,東京都文京区白山４丁目３番３号,2021-08-23,株式会社
コスモ商事合同会社,東京都町田市高ヶ坂５丁目１４番６号,2021-08-23,合同会社
サイテック株式会社,北海道札幌市豊平区福住一条３丁目２番２０－２０３号,2021-08-23,株式会社
サンライズ合同会社,奈良県吉野郡大淀町大字北野１１－１０,2021-08-23,合同会社
サンライズ合同会社,鳥取県鳥取市正蓮寺１２６番地１３,2021-08-23,合同会社
シオンキリスト教会,埼玉県蕨市南町２丁目１６番３号,2021-08-23,その他の設立登記法人
シオンテック株式会社,神奈川県川崎市川崎区大島１丁目２８番１５,2021-08-23,株式会社
シーイン株式会社,東京都渋谷区広尾５丁目４番１６号,2021-08-23,株式会社
ジェイ・ジャパン株式会社,東京都中央区銀座１丁目２２番１１号銀座大竹ビジデンス２階,2021-08-23,株式会社
ストリートプロ株式会社,福岡県春日市大土居１丁目１０５番地,2021-08-23,株式会社
スモークラボ香屋合同会社,岩手県下閉伊郡山田町織笠第１１地割６８番１０,2021-08-23,合同会社
センターフィールド株式会社,大阪府泉南郡熊取町大久保中１丁目１０番３１号,2021-08-23,株式会社
ソーシャルアセットデザイン株式会社,千葉県船橋市印内１丁目７番４０－４０６号,2021-08-23,株式会社
ディーエスケー合同会社,広島県福山市野上町１丁目５番５号岡崎マンション４０２,2021-08-23,合同会社
ドーレトレイス株式会社,京都府京都市伏見区豊後橋町７５番地４,2021-08-23,株式会社
ナカタケ管財投資株式会社,東京都墨田区両国３丁目２１番１６号両国中屋ビル７階,2021-08-23,株式会社
ナガワ保険サービス株式会社,東京都台東区東上野１丁目１７－２第二江口ビル３Ｆ,2021-08-23,株式会社
ネクストワン株式会社,東京都小金井市東町３丁目１９番５－１１１号,2021-08-23,株式会社
ハウスバンク株式会社,埼玉県深谷市永田１４３番地９,2021-08-23,株式会社
バイザン株式会社,埼玉県川口市西青木３丁目１２番１０号,2021-08-23,株式会社
ビギン株式会社,神奈川県横浜市中区尾上町４丁目５７番地横浜尾上町ビルディング８階,2021-08-23,株式会社
ビルデクス株式会社,大阪府大阪市中央区本町４丁目７番４号本町グラマシー３０３号,2021-08-23,株式会社
ファブナード株式会社,埼玉県新座市馬場３丁目１－３,2021-08-23,株式会社
フォトランプフィルムズ合同会社,東京都八王子市元本郷町４丁目８番１６号Ｔフラッツ５０１号室,2021-08-23,合同会社
フライナイン株式会社,東京都町田市西成瀬２丁目３２番６号,2021-08-23,株式会社
プラチナとき株式会社,神奈川県横須賀市長坂３丁目１３番２０号,2021-08-23,株式会社
ベルパーク株式会社,神奈川県横浜市中区本牧町２丁目３８６番地,2021-08-23,株式会社
ムーアイ株式会社,東京都世田谷区上祖師谷１丁目４１－５プリミエール烏山１０７,2021-08-23,株式会社
リトラス社会保険労務士法人,大阪府大阪市西区西本町１丁目７番１号信濃橋ＦＪビル６Ｆ,2021-08-23,その他の設立登記法人
リベラルクリエイト合同会社,東京都港区南青山２丁目２番１５号,2021-08-23,合同会社
リーランド株式会社,神奈川県横浜市港北区大倉山３丁目１８番２号,2021-08-23,株式会社
レボティメットホーム株式会社,愛知県名古屋市名東区本郷２丁目１７３番地の４,2021-08-23,株式会社
ワイズディレクト合同会社,石川県小松市福乃宮町１丁目１１７番地１,2021-08-23,合同会社
ワンズベスト株式会社,鹿児島県志布志市有明町野井倉８１８４番地１７,2021-08-23,株式会社
一般社団法人こどもに寄り添う会ふくしま,福島県福島市鎌田字月ノ輪山５番５６号,2021-08-23,その他の設立登記法人
一般社団法人とまり木の会,埼玉県富士見市大字鶴馬２６０５番地１０,2021-08-23,その他の設立登記法人
一般社団法人みやま郷,東京都八王子市美山町２５５０番地,2021-08-23,その他の設立登記法人
一般社団法人アマチュアキックボクシング協議会,東京都台東区上野３丁目１９番５号田沼ビル４階,2021-08-23,その他の設立登記法人
一般社団法人クスノキ,東京都港区虎ノ門３丁目２２番１０－２０１号,2021-08-23,その他の設立登記法人
一般社団法人フロンティア美咲,東京都中央区日本橋１丁目４番１号日本橋一丁目ビルディング,2021-08-23,その他の設立登記法人
一般社団法人代々木地区駐車対策協議会,東京都渋谷区代々木２丁目２番２号,2021-08-23,その他の設立登記法人
一般社団法人即応桜,大阪府大阪市浪速区日本橋３丁目４番９号,2021-08-23,その他の設立登記法人
一般社団法人大転子調整協会,福岡県福岡市南区中尾３丁目３０－１８,2021-08-23,その他の設立登記法人
一般社団法人建物沈下修正業者連合会,東京都千代田区九段北１丁目５番５号,2021-08-23,その他の設立登記法人
一般社団法人明石元二郎顕彰会,東京都板橋区徳丸４丁目１３番３０号,2021-08-23,その他の設立登記法人
一般社団法人龍の背中,広島県尾道市因島三庄町４４７番地１,2021-08-23,その他の設立登記法人
一般社団法人ＪＢＷＡ．,広島県広島市安佐北区可部８丁目１２番１５号,2021-08-23,その他の設立登記法人
世龍商事株式会社,東京都千代田区神田駿河台２丁目１－１９,2021-08-23,株式会社
中澤株式会社,茨城県守谷市薬師台３丁目１６番地１２,2021-08-23,株式会社
丸猫商事株式会社,東京都世田谷区松原６丁目１２番１１号３Ｆ,2021-08-23,株式会社
九十九合同会社,京都府長岡京市開田４丁目８－５,2021-08-23,合同会社
令雲テクノロジー株式会社,大阪府四條畷市田原台６丁目６番１５号,2021-08-23,株式会社
伊福東町町内会,岡山県岡山市北区伊福町２丁目２０番１３号,2021-08-23,その他
光晴土地開発株式会社,埼玉県さいたま市南区白幡１丁目９番１５号,2021-08-23,株式会社
冬夏株式会社,京都府京都市上京区新烏丸通丸太町上る信富町２９８,2021-08-23,株式会社
北村エコノミックセキュリティ合同会社,東京都目黒区下目黒４丁目２０番６号目黒三折坂ハイム３０２号,2021-08-23,合同会社
医療法人千里会,高知県高知市鵜来巣１１番３８－１０あさくらメディカルビル３Ｆ,2021-08-23,その他の設立登記法人
医療法人寛志会,熊本県合志市須屋２５３３番５,2021-08-23,その他の設立登記法人
医療法人社団さくら,岡山県赤磐市桜が丘東２丁目２番地６７９,2021-08-23,その他の設立登記法人
友木商事株式会社,福岡県福岡市博多区金の隈３丁目２番７－３０７号,2021-08-23,株式会社
合同会社こくう,群馬県高崎市下滝町６３－５,2021-08-23,合同会社
合同会社しゃもじ,東京都墨田区東墨田１丁目７番地２号,2021-08-23,合同会社
合同会社ちゅら結,沖縄県国頭郡恩納村字仲泊１４１１－２９,2021-08-23,合同会社
合同会社ひよこＣＯＭＰＡＮＹ,神奈川県横浜市青葉区つつじが丘１４番地７,2021-08-23,合同会社
合同会社やまあい村,熊本県菊池市原２２７０番地３０,2021-08-23,合同会社
合同会社アイデ屋,神奈川県相模原市緑区谷ヶ原１丁目１８番９号,2021-08-23,合同会社
合同会社アカツキ,沖縄県浦添市宮城１丁目３５－９丸金宮城ビル３０２,2021-08-23,合同会社
合同会社エスエルエス,埼玉県鴻巣市松原３丁目１番８号,2021-08-23,合同会社
合同会社ケント企画,東京都世田谷区用賀３丁目１９番１３号,2021-08-23,合同会社
合同会社スカイウォーカー,埼玉県川越市大字鯨井新田４０番地４アークガーデン１０１号室,2021-08-23,合同会社
合同会社ダブルボランチ,東京都世田谷区玉川４丁目９番１８－３０３号,2021-08-23,合同会社
合同会社ネクステージ,東京都渋谷区円山町５番５号Ｎａｖｉ渋谷Ｖ３階,2021-08-23,合同会社
合同会社パイン,東京都杉並区荻窪４丁目２２－１,2021-08-23,合同会社
合同会社フクオカクラフト,福岡県遠賀郡岡垣町大字内浦５４４,2021-08-23,合同会社
合同会社プレミアムプラスアルファ,北海道札幌市中央区南四条西１丁目１３番２号ＮＯ．５ミカエルビル７０１,2021-08-23,合同会社
合同会社ホットライフ,群馬県高崎市下小鳥町３１番地２,2021-08-23,合同会社
合同会社ポップグリーン,長野県佐久市塚原３６２番地２０,2021-08-23,合同会社
合同会社マルトク,京都府福知山市字正明寺４００番地の６,2021-08-23,合同会社
合同会社リンクス,京都府京都市上京区七本松通今出川上る片原町５２０,2021-08-23,合同会社
合同会社リーブルミュージック,長崎県佐世保市天神５丁目１６番５号,2021-08-23,合同会社
合同会社ロカヒ,岡山県倉敷市大島６４６番地,2021-08-23,合同会社
合同会社ワタナベ,東京都世田谷区上野毛２丁目２２番４号,2021-08-23,合同会社
合同会社協和農産,秋田県大仙市協和上淀川字東町後７６－１８,2021-08-23,合同会社
合同会社国際医療ソリューションコンサルティング,東京都東久留米市氷川台２丁目２３番１１号,2021-08-23,合同会社
合同会社塩出,愛媛県西条市大町１４７１番地１内藤コーポ１－１０１,2021-08-23,合同会社
合同会社太田歯研,埼玉県朝霞市膝折町５丁目９番７号,2021-08-23,合同会社
合同会社山本事務所,広島県尾道市西御所町１４番１５号,2021-08-23,合同会社
合同会社彩,兵庫県神戸市北区緑町３丁目１番３０号,2021-08-23,合同会社
合同会社未来カンパニー,宮城県仙台市青葉区梅田町５番１６－３０９,2021-08-23,合同会社
合同会社橋本塗装店,埼玉県狭山市入間川１４６９番地の３７狭山中平野マンション３０１,2021-08-23,合同会社
合同会社石の屋,東京都世田谷区用賀３丁目１９番１３号アイコート５０１,2021-08-23,合同会社
合同会社石橋事務所,山梨県甲府市丸の内２丁目３０番５号,2021-08-23,合同会社
合同会社銀座八五,東京都千代田区神田三崎町２丁目１５－５三崎町ＳＳビル,2021-08-23,合同会社
合同会社雑貨よいもの研究所,兵庫県明石市東野町２０５６番地１００９号,2021-08-23,合同会社
合同会社ＡＩ,佐賀県小城市牛津町牛津８１３番地,2021-08-23,合同会社
合同会社Ａｎｏｎｅ,東京都板橋区舟渡３丁目５－１－１００４,2021-08-23,合同会社
合同会社ＢＯＮＥＮＦＡＮＴ,東京都板橋区徳丸４丁目３６番３５号,2021-08-23,合同会社
合同会社Ｂｒｅｚｚａ,埼玉県さいたま市見沼区東大宮５丁目４０番８号コーネル東大宮２０１,2021-08-23,合同会社
合同会社ＣＹＧＮＵＳ,東京都港区赤坂１丁目１２番３２号アーク森ビル１３階ＧＣＭアセットマネジメント株式会社内,2021-08-23,合同会社
合同会社Ｃｌｏｓｅ　Ｔｈｅ　Ｌｏｏｐ,東京都杉並区成田東４丁目３番２－３３１号,2021-08-23,合同会社
合同会社ＥＱｕａｌ,愛知県名古屋市中村区名駅３丁目２３番１６号タキビル２階,2021-08-23,合同会社
合同会社Ｅｐｏｗｅｒ,福岡県久留米市御井旗崎５丁目２番５,2021-08-23,合同会社
合同会社ＧＡＬＡＸＹ　ＥＸＰＲＥＳＳ,栃木県芳賀郡益子町大字芦沼７８番地,2021-08-23,合同会社
合同会社ＧＯＷＨ,東京都世田谷区中町４丁目３２－３－２０３,2021-08-23,合同会社
合同会社ＧＲＯＷ,千葉県茂原市早野２９９６番地,2021-08-23,合同会社
合同会社Ｇｏｄｗｏｒｋｓ,東京都葛飾区新宿３丁目２９－１４パレノーブル新宿第一２０５,2021-08-23,合同会社
合同会社ＨＡＭＩ,東京都渋谷区代々木３丁目３番１０－３０１号,2021-08-23,合同会社
合同会社ＩＣＩ,大阪府門真市上野口町３９番２８号Ｋ・ウェルシー１０２号,2021-08-23,合同会社
合同会社Ｉｇｎｉｔｉｏｎ,東京都品川区北品川１丁目２２－１６,2021-08-23,合同会社
合同会社Ｋｅ商会,神奈川県横浜市鶴見区豊岡町２０番９号サンコーポ豊岡２０５,2021-08-23,合同会社
合同会社Ｋｙｏｔｏ　Ｔｒａｄｉｎｇ,京都府宇治市莵道大垣内１番地の９,2021-08-23,合同会社
合同会社Ｌａ　Ｍｅｒｃｉ,東京都稲城市長峰３丁目２杜の一番街２号棟１４０７,2021-08-23,合同会社
合同会社ＭＡＲＵＯ,奈良県大和郡山市今井町７番地,2021-08-23,合同会社
合同会社ＭＥＺＯＮＧＵＹ,大阪府守口市京阪北本通１番２０－４０９号,2021-08-23,合同会社
合同会社ＭＳ３,東京都江戸川区谷河内２丁目３－２－１２０２,2021-08-23,合同会社
合同会社Ｏｎｅ　Ｍｏｒｅ　Ｇｗｏｏｄ,北海道夕張郡長沼町字加賀団体,2021-08-23,合同会社
合同会社ＰＨＯＥＮＩＸ,東京都港区赤坂１丁目１２番３２号アーク森ビル１３階ＧＣＭアセットマネジメント株式会社内,2021-08-23,合同会社
合同会社ＲｅＳＴＡ,島根県松江市下東川津町５７－６,2021-08-23,合同会社
合同会社ＳＥＭＳ,東京都千代田区神田鍛冶町３丁目５番２号ＫＤＸ鍛冶町ビル８Ｆ,2021-08-23,合同会社
合同会社ＳＲ　Ｉｎｔｅｒｎａｔｉｏｎａｌ,東京都大田区新蒲田３丁目１２番９－２０２号,2021-08-23,合同会社
合同会社ＳＵＭＩＳＡＮ,大分県佐伯市弥生大字平井７８１,2021-08-23,合同会社
合同会社Ｓａｋｕ,大阪府大阪市都島区都島本通５丁目４番１６号,2021-08-23,合同会社
合同会社Ｓｔｕｄｉｏ　Ｋ′ｚ,東京都豊島区東池袋３丁目１３番１２号グランメール池袋４１７号室,2021-08-23,合同会社
合同会社ＴＡＩＹＯ,埼玉県さいたま市浦和区東高砂町３０番４号,2021-08-23,合同会社
合同会社ＴＯＭ,埼玉県富士見市大字上南畑１７５番地１,2021-08-23,合同会社
合同会社Ｔｈｅ　Ｗａｙ,大阪府枚方市東船橋２丁目３５番地の２,2021-08-23,合同会社
合同会社ＵＬＵ,福岡県北九州市八幡西区陣原１丁目１６番１８号,2021-08-23,合同会社
合同会社Ｗｉｔｈ　ｐｉ,東京都練馬区栄町１１番１４－１０１号,2021-08-23,合同会社
合同会社Ｗｏｒｌｄ．Ｔ,福岡県大牟田市馬場町１０９－３,2021-08-23,合同会社
合同会社ＹＯＬＯ．ＺＵ,大阪府門真市大倉町２４－２,2021-08-23,合同会社
合同会社Ｚ計画,群馬県佐波郡玉村町大字板井１４８８番地８メゾンファミール１０５,2021-08-23,合同会社
合同会社ＺＡＱ,北海道札幌市中央区南十三条西１１丁目１番２１号パレス木村１０２号室,2021-08-23,合同会社
合同会社ｋａｚｅ,神奈川県横浜市神奈川区台町１０－２７コートハイム横浜６０４,2021-08-23,合同会社
合同会社ｍａｒｋｅｔｊａｐａｎ,福岡県北九州市小倉南区北方３丁目３０番２７号,2021-08-23,合同会社
合同会社ｍｉｒａｉｅＬｉｆｅ,東京都板橋区中台１丁目５０番６号,2021-08-23,合同会社
合同会社ｕｓサービス,東京都八王子市高尾町１１４１番地コーポジュン２０２号,2021-08-23,合同会社
大手門ビジネスコンサルティング株式会社,福岡県福岡市中央区舞鶴２丁目２番３号,2021-08-23,株式会社
大木建設株式会社,埼玉県日高市大字駒寺野新田１５８番地２,2021-08-23,株式会社
大誠建設株式会社,京都府京都市山科区四ノ宮行者谷２６番地３３,2021-08-23,株式会社
大阪グラディアトル法律事務所弁護士法人,大阪府大阪市中央区北久宝寺町４丁目２番１２号本町御堂パ－クビル８Ｆ,2021-08-23,その他の設立登記法人
天空株式会社,東京都江戸川区南小岩６丁目２９番１５号大黒ビル２階Ｃ号室,2021-08-23,株式会社
小川元株式会社,埼玉県川越市大字府川２２３番地７,2021-08-23,株式会社
小澤設備工業株式会社,埼玉県鴻巣市下忍３４８３番地４,2021-08-23,株式会社
山吹の里株式会社,宮城県白石市字半沢屋敷前７７番地３,2021-08-23,株式会社
山百合の里株式会社,茨城県笠間市笠間１６９１番地２,2021-08-23,株式会社
川中Ｈｏｌｄｉｎｇｓ合同会社,大阪府大東市御領４丁目３－２,2021-08-23,合同会社
幸来合同会社,長野県安曇野市穂高８４７４－５,2021-08-23,合同会社
広島市大塚中央土地区画整理組合,広島県広島市安佐南区大塚西１丁目１４番２３号,2021-08-23,その他
愛媛資材株式会社,愛媛県松山市福音寺町７０１番地１１,2021-08-23,株式会社
日本ルームサービス株式会社,大阪府大阪市中央区久太郎町４丁目１番３号大阪センタービル６階１５９,2021-08-23,株式会社
日本春木ユーピン食品株式会社,東京都中央区東日本橋２丁目２８番５号５０８,2021-08-23,株式会社
日漁株式会社,山口県熊毛郡田布施町大字波野２１７７番地１５ピースフル２Ｆ,2021-08-23,株式会社
春日建設株式会社,福岡県春日市春日原北町３丁目２３番地,2021-08-23,株式会社
月に雁株式会社,愛知県名古屋市中区錦３丁目１８番１１号,2021-08-23,株式会社
有限会社ファッション三世,秋田県大館市長坂字坂地家後９７番地２,2021-08-23,有限会社
東阪工業株式会社,東京都渋谷区桜丘町１７番１０号フジビル３３,2021-08-23,株式会社
栄貴株式会社,新潟県新潟市中央区女池南１丁目９番２４号ミニョン・アンジュＡ２０３号,2021-08-23,株式会社
株式会社あとらくと,高知県高知市薊野西町２丁目６番地７号,2021-08-23,株式会社
株式会社かぐや,三重県尾鷲市大字向井５４５番地１,2021-08-23,株式会社
株式会社くるみ,鹿児島県鹿児島市清和４丁目１番１号,2021-08-23,株式会社
株式会社こだまのいえ遠州,静岡県浜松市南区三島町１７３２番地の４,2021-08-23,株式会社
株式会社しんえい総合保険企画,福岡県福岡市城南区友泉亭５番５－２０２号,2021-08-23,株式会社
株式会社ぞうさんのぼうし,神奈川県横浜市戸塚区戸塚町４４２９番地１８,2021-08-23,株式会社
株式会社はじめ不動産,山口県山口市泉町１番５号西京ハイツ湯田Ｃ－１,2021-08-23,株式会社
株式会社ひなが調剤薬局,東京都葛飾区西新小岩４丁目１６番９号,2021-08-23,株式会社
株式会社ましろ製作所,広島県広島市中区西川口町６番１－７０１号,2021-08-23,株式会社
株式会社ゆり,奈良県吉野郡吉野町大字国栖５６番地の３,2021-08-23,株式会社
株式会社るーしー,東京都武蔵野市境南町１丁目８番１０号ドミネントビル１Ｆ,2021-08-23,株式会社
株式会社アキラ商店,大阪府泉佐野市葵町２丁目７番５１号,2021-08-23,株式会社
株式会社アグリバンク,栃木県足利市今福町４５５番地７,2021-08-23,株式会社
株式会社アスカ,大阪府大阪市中央区北久宝寺町１丁目５－６堺筋本町アーバンライフ７１６,2021-08-23,株式会社
株式会社アフタースクール,福岡県福岡市中央区大手門３丁目１４番２７－６０４号ラフォーレ大濠パークアベニュー,2021-08-23,株式会社
株式会社アマサン,鹿児島県奄美市名瀬浦上町５６番地１,2021-08-23,株式会社
株式会社アマミコーポレーション,大阪府八尾市天王寺屋７丁目８１番地,2021-08-23,株式会社
株式会社アンカー,北海道札幌市白石区本通１７丁目南１０番３－１０１号,2021-08-23,株式会社
株式会社アンドロール,東京都世田谷区北沢２丁目１９番１７号サワダヤビル３Ｆ－Ｂ,2021-08-23,株式会社
株式会社アーキテクチャ,東京都江戸川区西一之江４丁目１５－１８,2021-08-23,株式会社
株式会社アースマネジメント,福岡県北九州市小倉北区堺町１丁目９番１０号６Ｆ,2021-08-23,株式会社
株式会社アールビィインターナショナル,新潟県新潟市西区小針６丁目５６番２１号,2021-08-23,株式会社
株式会社イアズ・リテールサービス,埼玉県朝霞市浜崎４丁目７番５５号,2021-08-23,株式会社
株式会社イシカワ電機,福岡県北九州市八幡西区浅川２丁目１２番１６－２号,2021-08-23,株式会社
株式会社インターナショナル・キャリア・トレーディング,兵庫県神戸市中央区浜辺通４丁目１番２３－８２５号,2021-08-23,株式会社
株式会社イーカムグローバルロジスティクス,福岡県福岡市博多区東比恵３丁目６番３号,2021-08-23,株式会社
株式会社ウイーズ,大阪府大阪市東成区大今里西２丁目５番１６号,2021-08-23,株式会社
株式会社ウェロフ,滋賀県草津市野路東１丁目１番１号,2021-08-23,株式会社
株式会社エストカンパニー,和歌山県有田郡有田川町大字角２２５番地３,2021-08-23,株式会社
株式会社エスプレーヌ,埼玉県川口市芝１丁目１０番５号,2021-08-23,株式会社
株式会社エリアブランド,京都府宇治市広野町尖山１５番地の６,2021-08-23,株式会社
株式会社エルユナ,愛知県名古屋市中区栄３丁目２番３号名古屋日興證券ビル４階,2021-08-23,株式会社
株式会社オオマツ環境開発,福島県郡山市富田町字稲川原４９番地,2021-08-23,株式会社
株式会社オンサイト・サポーターズ,愛知県愛知郡東郷町兵庫１丁目８番地９,2021-08-23,株式会社
株式会社オート＆パートナーズ,新潟県新潟市中央区川岸町３丁目３３番地２,2021-08-23,株式会社
株式会社クロスポイント,愛知県清須市春日東出７２番地,2021-08-23,株式会社
株式会社グリーン,東京都渋谷区恵比寿４丁目２０番３号恵比寿ガーデンプレイスタワー１８階,2021-08-23,株式会社
株式会社コトラス,神奈川県相模原市南区文京２丁目８番２－５２５号,2021-08-23,株式会社
株式会社コンチネンタルフラワーズ,熊本県玉名郡和水町竃門１８６７番地２,2021-08-23,株式会社
株式会社コンフォリアキャピタル,東京都江戸川区西葛西７丁目１番３号レクス８４－１０２,2021-08-23,株式会社
株式会社コーディスポーツ,東京都江戸川区松江７丁目１６番３０－１０５号,2021-08-23,株式会社
株式会社コーンズ,京都府京都市南区吉祥院向田東町９番地,2021-08-23,株式会社
株式会社シニアサポート結,埼玉県春日部市八丁目９９２番地１－６０６,2021-08-23,株式会社
株式会社シャカ,東京都八王子市横山町１番１３号小室ビル３階,2021-08-23,株式会社
株式会社シャノンクリエイト,大阪府大阪市東淀川区豊里１丁目１－７－４０１,2021-08-23,株式会社
株式会社シンセイ,千葉県千葉市花見川区南花園２丁目２番１７号,2021-08-23,株式会社
株式会社ジェイピック,長崎県佐世保市黒髪町２８番２１号,2021-08-23,株式会社
株式会社ジョイキャス,福島県いわき市平下平窪中島町５番地の１６,2021-08-23,株式会社
株式会社ジョイントウィン,奈良県大和高田市旭南町５番８号,2021-08-23,株式会社
株式会社スピカテクノロジーズ,東京都目黒区駒場３丁目２番２３号ＣＡＳＡＦＯＮＴＡＮＡ－１０１,2021-08-23,株式会社
株式会社スポーツセラピューティクス,兵庫県芦屋市奥池南町２２番１１号,2021-08-23,株式会社
株式会社セカンドブリッジ,東京都台東区東上野４丁目１２番１号,2021-08-23,株式会社
株式会社タタタ,東京都渋谷区桜丘町２６－１セルリアンタワー１５Ｆ,2021-08-23,株式会社
株式会社ダイアナ,島根県松江市西津田３丁目５番２６号,2021-08-23,株式会社
株式会社チカラ,東京都葛飾区細田５丁目７番９号,2021-08-23,株式会社
株式会社トライアローグ,東京都台東区松が谷３丁目１番１２号ＫＡＰＰＡ．ＤＣ５０２号室,2021-08-23,株式会社
株式会社トラスト,大阪府寝屋川市河北中町２１番４号,2021-08-23,株式会社
株式会社トラスト,東京都江東区豊洲３丁目４番２号,2021-08-23,株式会社
株式会社バーディーバディ,兵庫県芦屋市涼風町７番９号,2021-08-23,株式会社
株式会社パルトネール・ココ,東京都練馬区東大泉４丁目２８番１１号,2021-08-23,株式会社
株式会社パンタレイ,新潟県長岡市上富岡町１６０３－１キャンパスインキュベーションオフィス総合研究棟７階７０５室,2021-08-23,株式会社
株式会社ビーウィズミュージック,東京都目黒区自由が丘２丁目２２番９号,2021-08-23,株式会社
株式会社ファイブサービス,福岡県筑紫野市二日市中央６丁目２番１８号浪花タウン１階１６２号室,2021-08-23,株式会社
株式会社ファインタイム,東京都世田谷区世田谷１丁目８番７号,2021-08-23,株式会社
株式会社ファーストセキュリティ,福島県郡山市喜久田町堀之内字千杯田１０番地の６スターマンション２０１号,2021-08-23,株式会社
株式会社ファーストデジタルインベストメント,東京都港区西麻布２丁目２番２－５０８号,2021-08-23,株式会社
株式会社フォーグッド,東京都葛飾区柴又１丁目２４番４号キャピタルビュー柴又１０５号室,2021-08-23,株式会社
株式会社プラントプラント,東京都世田谷区池尻２丁目７番１２号,2021-08-23,株式会社
株式会社ヘアブランドルーツ,京都府亀岡市千代川町千原２丁目３番２５号,2021-08-23,株式会社
株式会社ベルズ,埼玉県八潮市八潮１丁目２９番地１０,2021-08-23,株式会社
株式会社ホーリーボイス,東京都板橋区徳丸１丁目６番１－９０４号,2021-08-23,株式会社
株式会社マサキ塗装,静岡県浜松市南区小沢渡町１１２９番地の３コンフォートアスカＤ,2021-08-23,株式会社
株式会社メイシー,大阪府羽曳野市高鷲８丁目１番２７号,2021-08-23,株式会社
株式会社ユニオンゼロ,東京都墨田区墨田５丁目５番２号,2021-08-23,株式会社
株式会社ユーレクト,東京都中央区銀座１丁目１５番７号ＭＡＣ銀座ビル３階,2021-08-23,株式会社
株式会社ライテック,愛知県名古屋市中川区東中島町２丁目３４番地の２,2021-08-23,株式会社
株式会社ルチェンテ・フェリーチェ,埼玉県戸田市笹目３丁目５番地の９,2021-08-23,株式会社
株式会社レイディバグ,大阪府大阪市城東区中央３丁目４番２５－５０９,2021-08-23,株式会社
株式会社レヴィンチ,神奈川県横浜市中区曙町１丁目１番地７０５,2021-08-23,株式会社
株式会社ワイエスエル,東京都練馬区関町北３丁目１４番２１号,2021-08-23,株式会社
株式会社ワンアンドオンリー,神奈川県横浜市青葉区あざみ野１丁目１７番地８０,2021-08-23,株式会社
株式会社ワン・アセット,福岡県福岡市中央区荒戸３丁目３番１２号,2021-08-23,株式会社
株式会社ワークスベイ,東京都渋谷区桜丘町２０番１号,2021-08-23,株式会社
株式会社一善,大阪府堺市南区新檜尾台２丁２番２号,2021-08-23,株式会社
株式会社中谷建装,東京都江戸川区春江町５丁目１８番地,2021-08-23,株式会社
株式会社京都八瀬ホテル,神奈川県横浜市中区山下町７４番地１,2021-08-23,株式会社
株式会社優色,神奈川県川崎市高津区久地１丁目１３番３４－３０３号,2021-08-23,株式会社
株式会社八番,千葉県千葉市花見川区幕張本郷１丁目２９番２３－１０１号,2021-08-23,株式会社
株式会社加工専科Ｍ＆Ｉ．Ｓ．Ｓ,大阪府豊中市服部南町１丁目５番６－２０５号,2021-08-23,株式会社
株式会社北上産業,岩手県北上市立花１６地割１２３番地１,2021-08-23,株式会社
株式会社匯博思,東京都世田谷区瀬田２丁目２１番４号－２,2021-08-23,株式会社
株式会社友輝建設,栃木県栃木市大宮町１６９３番地１１メゾン・リーヴＢ２０１号室,2021-08-23,株式会社
株式会社国際不動産,兵庫県神戸市長田区松野通２丁目２番２０号,2021-08-23,株式会社
株式会社城北ユニット,広島県広島市中区白島北町１８－３－２１７,2021-08-23,株式会社
株式会社大喜建物管理,大阪府大阪市西区新町２丁目１１番９号,2021-08-23,株式会社
株式会社奈月,新潟県新潟市西区新通南１丁目５番５号,2021-08-23,株式会社
株式会社将倫,京都府京都市左京区大原野村町１７０番地の１,2021-08-23,株式会社
株式会社斉藤ホールディングス,神奈川県平塚市真田４丁目３２番７５号,2021-08-23,株式会社
株式会社新潟ＢＩＯＰＡ,新潟県長岡市宝４丁目２番地２５,2021-08-23,株式会社
株式会社日ノ出開発,福岡県大牟田市大黒町１丁目１８番地,2021-08-23,株式会社
株式会社日照工業,栃木県日光市藤原９７４番地１,2021-08-23,株式会社
株式会社旭紙工一成田,千葉県山武市成東２３４１番地６,2021-08-23,株式会社
株式会社智栄工業,広島県尾道市東元町１０番３号,2021-08-23,株式会社
株式会社未来計画,埼玉県上尾市五番町１８番地２７,2021-08-23,株式会社
株式会社末吉ホールディングス,東京都港区芝５丁目３０番１,2021-08-23,株式会社
株式会社東京ＨＧ,東京都新宿区新宿５丁目１２番１１号ディナスカーラ新宿５０６,2021-08-23,株式会社
株式会社柴建,神奈川県厚木市上落合５３８番地１０,2021-08-23,株式会社
株式会社栄誠,神奈川県横浜市南区三春台６６－１９,2021-08-23,株式会社
株式会社森岡会計総合研究所,東京都渋谷区上原３丁目１５－１２,2021-08-23,株式会社
株式会社殻空間,埼玉県富士見市鶴馬３丁目１７番７号,2021-08-23,株式会社
株式会社清水,福岡県北九州市八幡西区黒崎１丁目９番９号三角公園ニアビル１階,2021-08-23,株式会社
株式会社清永塗装,熊本県熊本市東区小山町１６６５番地１４ありえすエイＡ棟,2021-08-23,株式会社
株式会社王子窯,愛知県瀬戸市仲洞町４３番地,2021-08-23,株式会社
株式会社祥武,神奈川県高座郡寒川町大曲４丁目８番２４号,2021-08-23,株式会社
株式会社秋山工業,山梨県甲府市中町３８番地１,2021-08-23,株式会社
株式会社竜聖,兵庫県神戸市灘区備後町１丁目２番２４号,2021-08-23,株式会社
株式会社筑紫野モリンガ,福岡県筑紫野市二日市北１丁目１１番３号,2021-08-23,株式会社
株式会社筑豊機工,福岡県飯塚市菰田西２丁目２番３１号,2021-08-23,株式会社
株式会社縁,東京都昭島市郷地町２丁目１０番１７号,2021-08-23,株式会社
株式会社遠州金属,静岡県浜松市南区倉松町３９５９番地の１,2021-08-23,株式会社
株式会社風香,兵庫県豊岡市出石町宮内１６８番地の２０,2021-08-23,株式会社
株式会社香港レストラン・スダイルズ,東京都台東区上野５丁目１２－９第三江波戸ビル５０２,2021-08-23,株式会社
株式会社高橋創建,大阪府東大阪市西鴻池町１丁目１４番３号,2021-08-23,株式会社
株式会社高田設備工業,埼玉県越谷市東大沢４丁目１８番地１７,2021-08-23,株式会社
株式会社３Ｓ,神奈川県川崎市麻生区万福寺４丁目７番９号,2021-08-23,株式会社
株式会社ＡＣＧ,東京都墨田区石原１丁目２９番１５号,2021-08-23,株式会社
株式会社ＡＬ－Ａｂｉｅｓ,愛知県名古屋市中村区日吉町２５番地,2021-08-23,株式会社
株式会社ＡＬＴＡ　ＦＩＴ,神奈川県横浜市旭区白根７丁目２９番４－４０９号,2021-08-23,株式会社
株式会社Ｂ・Ｗプリント,大阪府茨木市星見町１５番３号の３,2021-08-23,株式会社
株式会社Ｂ．Ｈ．Ｙ,東京都品川区北品川１丁目１２番９号,2021-08-23,株式会社
株式会社ＢＥＡＭＩＮＧ,北海道札幌市中央区南四条西１３丁目３番１５－３０６号,2021-08-23,株式会社
株式会社ＢＬＵＥＤＯＧ,神奈川県座間市相模が丘４丁目４７番２号,2021-08-23,株式会社
株式会社ＢＯＷ,北海道釧路市新橋大通３丁目２番１５２号エステート新橋大通５０２号室,2021-08-23,株式会社
株式会社Ｂｅ,京都府京都市南区吉祥院蒔絵町２番地１ダイアパレス京都蒔絵１００３,2021-08-23,株式会社
株式会社Ｃ－ＳＴＹＬＥ,福岡県大牟田市新栄町３番地７千成屋ビル４Ｆ,2021-08-23,株式会社
株式会社ＣＯＬＯＲＦＵＬ　Ｕ,東京都立川市錦町１丁目４－４サニービル２Ｆ,2021-08-23,株式会社
株式会社Ｃｈｉｔａ　Ｃｒｅａｔｉｏｎ,神奈川県横須賀市佐原４丁目１番１８号ヴァンハウス北久里浜２０５号,2021-08-23,株式会社
株式会社Ｃｏｃｏｒｅ,大阪府富田林市小金台１丁目８番６号,2021-08-23,株式会社
株式会社Ｃｏｒｉｇ,東京都港区六本木７丁目１４番２３号,2021-08-23,株式会社
株式会社Ｃｏｔｔａｇｅ　ｏｆ　Ｗａｒｍｔｈ,静岡県浜松市西区舘山寺町２３８６番地,2021-08-23,株式会社
株式会社Ｄ・Ｂ　Ｓｔｙｌｅ．,熊本県熊本市北区清水新地６丁目８番１２９号,2021-08-23,株式会社
株式会社ＤＣパートナーズ,大阪府大阪市北区芝田２丁目８番１１号,2021-08-23,株式会社
株式会社ＤＸｗｈｅｅｌ,東京都品川区西五反田１丁目２６番２号五反田サンハイツ９１１,2021-08-23,株式会社
株式会社Ｄｅｓｉｇｎ　ｄｕ　Ｋｏｈ,北海道札幌市中央区北四条西１６丁目１番地,2021-08-23,株式会社
株式会社ＥＹＪ,東京都中央区日本橋兜町１７番２号,2021-08-23,株式会社
株式会社Ｅａｓｔ　Ｅｓｔａｔｅ,大阪府大阪市淀川区西宮原１丁目８－１４八光ビル８０１,2021-08-23,株式会社
株式会社Ｅｓｓｅｎ,神奈川県川崎市中原区木月１丁目３２番３号,2021-08-23,株式会社
株式会社ＦＬＹＵＳ,東京都目黒区目黒１丁目２４番７号,2021-08-23,株式会社
株式会社Ｇ．Ｒ．Ｈホールディングス,福岡県久留米市日吉町１２番地３５,2021-08-23,株式会社
株式会社ＧＯＯＤＬＩＦＥ,東京都板橋区板橋４丁目４４番２号ハイム大竹３０２号室,2021-08-23,株式会社
株式会社ＧａＫｅｎ,福岡県福岡市博多区大博町３番３０号博多永久ビル５０５号,2021-08-23,株式会社
株式会社Ｇａｉａ　Ｓｏｕｎｄ　Ｇｒｏｏｖｅ,東京都渋谷区恵比寿３丁目３５番１号１０５,2021-08-23,株式会社
株式会社Ｇｌｅｎチャンネル,東京都中央区銀座８丁目６番２０号,2021-08-23,株式会社
株式会社Ｇｒｉｔｕｒｅ,埼玉県越谷市レイクタウン７丁目２４番地１－１０３号,2021-08-23,株式会社
株式会社ＨＥＨＮ,東京都渋谷区神宮前３丁目４０番３号,2021-08-23,株式会社
株式会社ＨＭＰ　Ｋａｎｄａ,東京都千代田区内神田２丁目１５番４号,2021-08-23,株式会社
株式会社ＨＯＯＤ,鹿児島県鹿児島市新屋敷町２３－２０グリーンコーポカモメ１Ｆ,2021-08-23,株式会社
株式会社Ｈａｎｄ　Ｗｏｒｋｅｒｓ,東京都町田市図師町１３３２番地５３,2021-08-23,株式会社
株式会社ＨｉｋａｒｉＱ　Ｈｅａｌｔｈ,東京都港区芝３丁目６番１０号芝ＮＡビル５階,2021-08-23,株式会社
株式会社ＩＮＦＩＮＡ,東京都渋谷区神宮前６丁目２３番４号桑野ビル２階,2021-08-23,株式会社
株式会社ＩＮＶＯＸ,東京都杉並区永福２丁目１４番１８号ＬｅＣｉｅｌＡｚｕｒⅡ２１０２,2021-08-23,株式会社
株式会社ＩＳＫＴ,神奈川県横浜市港北区新吉田町４１４１番地,2021-08-23,株式会社
株式会社ＩＴケアソリューション,大阪府大阪市天王寺区国分町３番２６号,2021-08-23,株式会社
株式会社ＪｏｂｓＬｉｎｋ,東京都三鷹市井の頭２丁目３２番１０－１０１号,2021-08-23,株式会社
株式会社Ｋライズ,神奈川県横浜市青葉区みたけ台３３番地１５４,2021-08-23,株式会社
株式会社Ｋ－ｆａｃｔｏｒｙ,福岡県朝倉郡筑前町下高場１９６２番地１,2021-08-23,株式会社
株式会社ＫＡＩＡ,東京都福生市大字熊川１４９２番地１９（３０３号）,2021-08-23,株式会社
株式会社ＫＷ夢,東京都渋谷区富ヶ谷１丁目１４番１４号４階,2021-08-23,株式会社
株式会社ＫｏｆＣ,愛媛県新居浜市久保田町１丁目３番４１号,2021-08-23,株式会社
株式会社Ｌ．Ｉ．Ｊ,沖縄県那覇市具志２丁目１８－２０,2021-08-23,株式会社
株式会社ＬＡ,東京都港区高輪２丁目１４番１９号レグノプレミア高輪３０２,2021-08-23,株式会社
株式会社ＬＯＧＩ,東京都江戸川区臨海町４丁目３番１号葛西トラックターミナル１２号棟４階,2021-08-23,株式会社
株式会社Ｌｉｆｅ　Ｉｎｔｅｇｒａｌ,東京都豊島区南大塚２丁目１３番１１号アーバンビュー南大塚２０３号,2021-08-23,株式会社
株式会社Ｌｉｌｙ,埼玉県さいたま市大宮区桜木町１丁目２６６番地３,2021-08-23,株式会社
株式会社Ｌｏｇｉｃａｌ,大阪府豊中市曽根東町１丁目２番３号,2021-08-23,株式会社
株式会社ＭＯＭＯトレーディング,大阪府大阪市西区南堀江１丁目２１番１－３０３号,2021-08-23,株式会社
株式会社ＭＴトラスト,埼玉県新座市東北２丁目２９番２５号４０２号室,2021-08-23,株式会社
株式会社Ｍｙコンサルティング,京都府長岡京市金ケ原乙張１６－４,2021-08-23,株式会社
株式会社ＮＩＣサービス,福岡県福岡市早良区原６丁目２４－１－２,2021-08-23,株式会社
株式会社ＮＯＡ,岡山県倉敷市川入６１８番地１オータムヒル３Ａ－１０３,2021-08-23,株式会社
株式会社ＮＯＳＩＤＥ　ＧＲＯＵＰ,熊本県熊本市中央区帯山４丁目４５－１ＣＰＫⅡビル３０１号室,2021-08-23,株式会社
株式会社ＮＴＭマーケティング,新潟県新潟市北区樋ノ入５０３番地７,2021-08-23,株式会社
株式会社ＯＮＥ,東京都墨田区東向島２丁目２４番９号,2021-08-23,株式会社
株式会社Ｏｄａ　Ｄｅｓｉｇｎ　Ｏｆｆｉｃｅ,広島県広島市安芸区瀬野１丁目４２番２５号,2021-08-23,株式会社
株式会社Ｏｆｆｉｃｅｆａｃｔｉｏｎ,東京都江東区平野２丁目１６番２０号,2021-08-23,株式会社
株式会社ＰＩＮＥ　ＰｌａｎｎｉｎｇＰｒｏｐｅｒｔｙ,東京都世田谷区経堂３丁目１６番２号,2021-08-23,株式会社
株式会社ＰＯＴＥＮＴＩＡＬ,東京都港区南青山２丁目２番１５－９４２号,2021-08-23,株式会社
株式会社Ｐｉｏｎｅｅｒｓ,東京都世田谷区池尻４丁目１３番５号,2021-08-23,株式会社
株式会社Ｐｏｃｈｉ　Ｐｏｗｅｒ　Ｈｏｕｓｅ,栃木県那須郡那須町大字高久丙１７７７番地４０８,2021-08-23,株式会社
株式会社Ｐｏｎｏ　Ｍｕｋａｅ,和歌山県伊都郡かつらぎ町大字下天野１０８番地,2021-08-23,株式会社
株式会社Ｐｒｅｖｉｏｕｓ　Ｉｓｌａｎｄ,東京都港区白金６丁目１６番２５－４０８号グランドメゾン白金の杜ザ・タワー,2021-08-23,株式会社
株式会社ＲＡシステム,愛知県丹羽郡扶桑町大字高雄字南羽根１９３番地２,2021-08-23,株式会社
株式会社ＲＡＩＬＷＡＹ,福岡県糟屋郡須惠町大字旅石１１５番地５２２,2021-08-23,株式会社
株式会社ＲＥＡＬＲＩＺＥ,東京都港区南青山２丁目２番１５号ＷｉｎＡｏｙａｍａビルＵＣＦ６階,2021-08-23,株式会社
株式会社ＲＯＳ,大阪府豊中市宮山町２丁目１３番２０号１０１号,2021-08-23,株式会社
株式会社Ｒｅ　Ｂｅａｒｓ,福岡県春日市大谷５丁目２２番地１,2021-08-23,株式会社
株式会社Ｒｅ．,福島県福島市本内字南河原６番地の１,2021-08-23,株式会社
株式会社Ｒｅｘｃｅｅｄ,東京都町田市玉川学園５丁目２８番２号,2021-08-23,株式会社
株式会社ＲｉｍｓＣｏｎｎｅｃｔｉｏｎ,大阪府和泉市はつが野６丁目３８番１１号,2021-08-23,株式会社
株式会社ＳＣ三枝,静岡県藤枝市駅前３丁目１４番１号,2021-08-23,株式会社
株式会社ＳＣＨＯＮ　ＤＡＮＫ,大阪府大阪市西区京町堀２丁目２番８号５０１,2021-08-23,株式会社
株式会社ＳＨＩＢＵＳＨＩアグリファーム,鹿児島県志布志市志布志町志布志６５番地５,2021-08-23,株式会社
株式会社ＳＴＡＲ　ＩＳＬＡＮＤ　ＣＯＭＰＡＮＹ,栃木県大田原市本町１丁目２７０５番地１１,2021-08-23,株式会社
株式会社ＳＵＮＨＡＬＯ,福岡県福岡市中央区天神３丁目７番３号２Ｆタワーズ天神,2021-08-23,株式会社
株式会社ＳＵＮＲＩＳＥ,東京都板橋区高島平７丁目２１番９号グランピュア・Ｓ１階,2021-08-23,株式会社
株式会社Ｓａｃｈｉｎｅｓｓ,東京都港区愛宕２丁目５番１号愛宕グリーンヒルズＭＯＲＩタワー２４階,2021-08-23,株式会社
株式会社Ｓｈｉｚｕｎｉｔｙ,東京都港区愛宕２丁目５番１号愛宕グリーンヒルズＭＯＲＩタワー２４階,2021-08-23,株式会社
株式会社Ｓｏｎｏｐｈｏｎｙ,東京都港区愛宕２丁目５番１号愛宕グリーンヒルズＭＯＲＩタワー２４階,2021-08-23,株式会社
株式会社Ｔ＆Ｔ　Ｃｏ．,東京都板橋区赤塚３丁目２９番２２号,2021-08-23,株式会社
株式会社Ｔ２Ｃ,熊本県菊池郡大津町大字室５３９－１０,2021-08-23,株式会社
株式会社ＴＡ,静岡県静岡市清水区中之郷２丁目１６番７号,2021-08-23,株式会社
株式会社ＴＡＳリアルエステート,神奈川県横浜市磯子区滝頭２丁目３２番６－２号,2021-08-23,株式会社
株式会社ＴＫホールディングス,千葉県袖ケ浦市長浦５８０番地１２２－１,2021-08-23,株式会社
株式会社ＴＫＢ,長崎県平戸市川内町１２１６番地１３,2021-08-23,株式会社
株式会社ＴＫＳ,愛知県半田市緑ケ丘４丁目５番地の１,2021-08-23,株式会社
株式会社ＴＯＫＩＢＩＳＯＵ,神奈川県横浜市青葉区市ケ尾１７２６番地１,2021-08-23,株式会社
株式会社ＴＯＰＯＵＴ,北海道札幌市厚別区厚別西四条３丁目９番１号,2021-08-23,株式会社
株式会社ＴＯＲＡＳＡＴＳＵ,愛知県名古屋市西区菊井１丁目３番１８号,2021-08-23,株式会社
株式会社ＴＵＲＮＩＮＧ　ＰＯＩＮＴ,東京都品川区上大崎３丁目９番９号,2021-08-23,株式会社
株式会社Ｕ,山口県下関市豊北町大字神田上１８５番地の１,2021-08-23,株式会社
株式会社ＶＩＶＩＢＯＮＤ,神奈川県茅ヶ崎市十間坂２丁目４番地１９号ハイツ江南Ｂ１０３,2021-08-23,株式会社
株式会社ＷＡＮｔｏＷＡＮ,山梨県甲斐市中下条１２３８番地,2021-08-23,株式会社
株式会社ＷＩＮｘＶＡＬ,東京都豊島区南池袋１丁目１６番１５号ダイヤゲート池袋５階,2021-08-23,株式会社
株式会社Ｗｅｌｌｍｏｒｅ,静岡県静岡市清水区村松２２００番地の１３,2021-08-23,株式会社
株式会社Ｙ＆Ｋ,愛知県一宮市祐久字北野黒１４７番地,2021-08-23,株式会社
株式会社ＹＡＭＡＳＯＢＵ,千葉県富津市志駒字奥井沢４３４番地,2021-08-23,株式会社
株式会社ＹＯＵＫＯ,山口県周南市大神３丁目１２番４０号,2021-08-23,株式会社
株式会社ＹＳカンパニー,神奈川県平塚市黒部丘６番１９－２０２号,2021-08-23,株式会社
株式会社ＺＡＩＭＯＫＵ－ＹＡ,兵庫県姫路市北今宿２丁目１番１３号メゾンハピネス３０２,2021-08-23,株式会社
株式会社Ｚｅａｌ,神奈川県横浜市中区不老町１丁目１番１１号,2021-08-23,株式会社
株式会社ｂｅｓｔ,東京都豊島区東池袋１丁目２６番４号サンフラワービル５０７,2021-08-23,株式会社
株式会社ｅｃｏＲ,兵庫県神戸市垂水区南多聞台６丁目１０番３号,2021-08-23,株式会社
株式会社ｆｏｕｒ　ｔｅｅｔｈ　ｃｌｏｖｅｒ,福岡県筑後市大字長浜２２３８番地２,2021-08-23,株式会社
株式会社ｈｅｙｍｅ,東京都渋谷区渋谷２丁目１９番１５号宮益坂ビルディング６０９,2021-08-23,株式会社
株式会社ｉｌｅｍｏｎ,東京都江戸川区南小岩３丁目１番７号,2021-08-23,株式会社
株式会社ｔｈａｎＸｉ,東京都品川区東五反田５丁目２３番４－７０２号,2021-08-23,株式会社
株式会社ｙｕｓｈｉｎ,熊本県阿蘇郡小国町大字宮原１６３５－５,2021-08-23,株式会社
横浜泉企画株式会社,神奈川県横浜市西区北幸１丁目１１番１号水信ビル７階,2021-08-23,株式会社
浅田地所株式会社,長野県松本市旭３丁目６番１４号,2021-08-23,株式会社
澤美株式会社,大阪府大阪市城東区蒲生３丁目１５番１２号セザンヌ藤２０３Ａ,2021-08-23,株式会社
特定非営利活動法人真砂山ＦＵＮクラブ,茨城県那珂郡東海村大字村松１４０－８,2021-08-23,その他の設立登記法人
特定非営利活動法人真駒内花火大会,北海道札幌市白石区菊水上町三条２丁目５２番２５５（株）アスクゲート内,2021-08-23,その他の設立登記法人
特定非営利活動法人Ｃｏｎ－Ｔｒａ　Ｃｕｌｔｕｒｅ,群馬県富岡市七日市８８４番地,2021-08-23,その他の設立登記法人
真輝商事株式会社,東京都江戸川区東小松川４丁目５４番８号,2021-08-23,株式会社
神虎株式会社,東京都港区新橋５丁目１２番１１－９０２号,2021-08-23,株式会社
紅杉株式会社,大阪府大阪市北区角田町８番４７号阪急グランドビル２０階,2021-08-23,株式会社
苅北電工株式会社,大分県宇佐市大字森山１６５３番地の５,2021-08-23,株式会社
藤田電気工業株式会社,広島県三次市粟屋町２３２５番地５,2021-08-23,株式会社
西日本インクラインサービス合同会社,福岡県福岡市博多区青木１丁目１９番１－１１０３号,2021-08-23,合同会社
農事組合法人ミサワアグリ,秋田県大仙市土川字杉沢５９番地,2021-08-23,その他の設立登記法人
酵素，食用油販売合同会社,沖縄県糸満市字真栄里２００２番地の６,2021-08-23,合同会社
鑫穎合同会社,埼玉県さいたま市浦和区北浦和４丁目７番７号,2021-08-23,合同会社
雄杉工業株式会社,東京都町田市中町１丁目１１番８－５０３号,2021-08-23,株式会社
神子田合同会社,東京都品川区西大井２丁目１５番９号,2021-08-23,合同会社
４１８ＰＪ株式会社,和歌山県紀の川市久留壁３４番地４,2021-08-23,株式会社
ＡＩビジュアルラボ合同会社,兵庫県宝塚市売布きよしガ丘２番１３号,2021-08-23,合同会社
ＡＬＪ　Ｏｆｆｉｃｅ　Ｉｋｅｊｉｒｉ合同会社,東京都千代田区神田神保町１丁目１１番地さくら綜合事務所内,2021-08-23,合同会社
ＡＭＢＥＲ合同会社,東京都中央区勝どき３丁目２番３－４０８号,2021-08-23,合同会社
ＡＭＩＮ株式会社,千葉県印旛郡酒々井町馬橋６６９番地８,2021-08-23,株式会社
ＡＸＮ株式会社,東京都港区虎ノ門４丁目１番２８号虎ノ門タワーズオフィス,2021-08-23,株式会社
Ａｄｖａｎｃｅｄ　Ｃｌｉｎｉｃａｌ株式会社,東京都千代田区丸の内１丁目１１番１号パシフィックセンチュリープレイス丸の内８階・１３階,2021-08-23,株式会社
Ａｗａｔｌｙ合同会社,三重県度会郡大紀町野原２８０９番地４,2021-08-23,合同会社
ＢＳ神戸コンサルタント株式会社,兵庫県神戸市中央区琴ノ緒町４丁目４番５号,2021-08-23,株式会社
ＢＴＡ合同会社,東京都渋谷区神宮前６丁目２３番４号桑野ビル２階,2021-08-23,合同会社
Ｂｌｕｅ　Ｉｎｎｏｖａｔｉｏｎ＆Ｅｎｖｉｒｏｎｍｅｎｔａｌ　Ｎｅｔｗｏｒｋ株式会社,大阪府大阪市東住吉区公園南矢田２丁目１６番５号,2021-08-23,株式会社
ＣＥＳ　ＵＰ株式会社,大阪府高槻市真上町６丁目１０番１－４１５号,2021-08-23,株式会社
Ｃｌｏｗｄｅｒ合同会社,東京都品川区旗の台１丁目３番９号,2021-08-23,合同会社
Ｅａｒｔｈ　Ｔｅｃｈ　Ｊａｐａｎ株式会社,京都府京都市下京区七条通新町西入ＮＪ小山ビル,2021-08-23,株式会社
ＦＯＲＥＶＥＲ　ＰＬＵＳ株式会社,東京都大田区南馬込１丁目４１番８号,2021-08-23,株式会社
ＧＳトレーディング株式会社,三重県三重郡菰野町大字潤田６５０番地９,2021-08-23,株式会社
ＧＴＰホールディングス株式会社,福岡県北九州市小倉北区香春口２丁目１０番８－２０４号,2021-08-23,株式会社
Ｇａｌａ　Ｄｅｌｕｘｅ　Ｊａｐａｎ株式会社,東京都中野区上高田３丁目３８番２号,2021-08-23,株式会社
Ｇｏｎ　Ｅａｒｔｈ株式会社,神奈川県足柄上郡山北町岸３２９番地８,2021-08-23,株式会社
ＨＡＲＵＨＯｍｅ株式会社,大阪府大阪市生野区田島４丁目１番２７号,2021-08-23,株式会社
ＨＥＩＷＡ　ＳＨＯＫＡＩ株式会社,茨城県猿島郡境町１１５５番地２４レットパーク１０１,2021-08-23,株式会社
Ｈａｌｕ合同会社,栃木県宇都宮市若松原３丁目１６番１８号,2021-08-23,合同会社
Ｊａｐａｎ　ＮｅｗＳｔａｒ株式会社,千葉県佐倉市染井野６丁目１７番地３,2021-08-23,株式会社
Ｊａｐａｎ　ＳＣ１株式会社,神奈川県藤沢市村岡東２丁目２６番地の１,2021-08-23,株式会社
ＫＡＮＡＳＡ株式会社,沖縄県宮古島市平良字東仲宗根添３４８３番地,2021-08-23,株式会社
ＫＧ株式会社,東京都江東区東砂７丁目１７番１９号プラーズ東砂８０１,2021-08-23,株式会社
Ｋｉｎｋｅｄ　Ｔａｉｌ合同会社,東京都豊島区南池袋４丁目８－４ｄｅ－Ｚａｙ２０２号室,2021-08-23,合同会社
Ｌ．Ｓ．Ｓ．株式会社,京都府京都市山科区勧修寺西北出町２３番地,2021-08-23,株式会社
ＬＵＸＥＹ合同会社,広島県広島市南区東雲２丁目１４番１６号,2021-08-23,合同会社
Ｌｉｂｅｘｅｅｄ合同会社,東京都中央区日本橋２丁目２番３号ＲＩＳＨＥビル,2021-08-23,合同会社
Ｍ２株式会社,東京都渋谷区道玄坂１丁目１７番１１号,2021-08-23,株式会社
ＭＡＤＡＲＵ株式会社,神奈川県川崎市中原区宮内２丁目３１番１３－２０２号,2021-08-23,株式会社
ＭＡＲＭＯ株式会社,東京都中央区月島１丁目８番１－３２０１号,2021-08-23,株式会社
ＮＡＫＥＤ合同会社,東京都世田谷区祖師谷５丁目２１番１０号,2021-08-23,合同会社
ＮＣ株式会社,広島県福山市昭和町６番１号ＮＯＱＵＯＩ,2021-08-23,株式会社
ＮＰＯ法人うきはテック,福岡県うきは市浮羽町浮羽７５６番地,2021-08-23,その他の設立登記法人
ＮＰＯ法人ひろねこポケット・縁,広島県広島市南区本浦町４１番１３号,2021-08-23,その他の設立登記法人
ＮＴメタルプラン株式会社,大阪府大阪市東成区大今里１丁目３６番１１号,2021-08-23,株式会社
Ｎｕｖｖｅ株式会社,東京都港区元麻布３丁目１番６号,2021-08-23,株式会社
Ｏ２Ｃａｐｉｔａｌ合同会社,埼玉県越谷市東柳田町２番５号,2021-08-23,合同会社
Ｒｅ．ｍａｉｎ株式会社,茨城県笠間市旭町１８９番地１,2021-08-23,株式会社
ＳＡＮＤ　ＢＯＸ株式会社,埼玉県新座市野火止２丁目４番１４号,2021-08-23,株式会社
Ｓｐａｃｅ　Ｔｒａｄｉｎｇ株式会社,千葉県船橋市夏見１丁目９番２１－１０７号,2021-08-23,株式会社
Ｓｔａｒｒｙｂａｓｅ合同会社,熊本県熊本市南区田迎２丁目５番地８９号,2021-08-23,合同会社
Ｓｕｓｈａｎ　Ｅｎｔｅｒｐｒｉｓｅｓ　Ｌｔｄ．,茨城県神栖市須田字豊住４３９９番２,2021-08-23,外国会社等
Ｔ－不動産サービス株式会社,東京都江東区東陽５丁目２３番６－６１４号,2021-08-23,株式会社
ＴＥＡＭ　ＫＯＺ株式会社,大阪府寝屋川市高柳栄町５番１号,2021-08-23,株式会社
ＴＥＣＯＰＡＲＫ株式会社,東京都江東区木場５丁目１２番５－８０１号,2021-08-23,株式会社
ＴＨＥ　ＰＡＴＨ　ＶＮ合同会社,福岡県福岡市南区大楠１丁目１番２１号リバーサイド大楠２０３号,2021-08-23,合同会社
ＴＲＩＣ株式会社,東京都台東区東上野１丁目６番７号コージーコート上野御徒町Ⅰ１２０３号室,2021-08-23,株式会社
ＵＺＵＳＨＩＯホールディングス株式会社,大阪府大阪市港区八幡屋４丁目２－８,2021-08-23,株式会社
Ｙ・Ｂグループ株式会社,山形県山形市本町２丁目３番１４号,2021-08-23,株式会社
Ｙ＆Ｉ株式会社,大阪府豊中市新千里東町３丁目３番５０－１００２号,2021-08-23,株式会社
ＹＧＳ合同会社,福島県いわき市内郷高坂町１丁目９０番地の９,2021-08-23,合同会社
ＹＩＧｓｏｌｕｔｉｏｎ株式会社,東京都千代田区平河町２丁目７番２号９Ｆ,2021-08-23,株式会社
ＺＥＲＡＴＯＸ合同会社,熊本県八代市東陽町河俣２１０９番地,2021-08-23,合同会社
ｅサポート株式会社,福岡県北九州市小倉北区米町１丁目５番１８号,2021-08-23,株式会社
ｆｕｎ－ｐｒｏｄｕｃｅ株式会社,東京都大田区西馬込１丁目４－７－４０１,2021-08-23,株式会社
ｋａｉｔｏ株式会社,奈良県奈良市学園朝日町３－９シティパレス学園前１０３号室,2021-08-23,株式会社
ｔｉｃｋｅｔｉｆｙ株式会社,福井県坂井市三国町宿２丁目５－２１,2021-08-23,株式会社
ｕｓ合同会社,福井県福井市栄町７の２３番地,2021-08-23,合同会社
うずまきプロダクション株式会社,東京都渋谷区千駄ヶ谷３丁目１７番１１号,2021-08-24,株式会社
かける不動産株式会社,山口県下関市員光町３丁目７番２８号,2021-08-24,株式会社
きび合同会社,東京都世田谷区経堂４丁目１７番７－１５０１号,2021-08-24,合同会社
きょうのグルメ株式会社,東京都港区浜松町２丁目２番１５号浜松町ダイヤビル２Ｆ,2021-08-24,株式会社
でざいん不動産株式会社,埼玉県熊谷市中央２丁目２５１番地,2021-08-24,株式会社
ときわ合同会社,山梨県南都留郡富士河口湖町船津５２１５番地８,2021-08-24,合同会社
ひとつ株式会社,宮崎県宮崎市昭和町２１番地,2021-08-24,株式会社
アイフライテックオートモーティブ・ジャパン株式会社,神奈川県横浜市港北区新横浜２丁目３－１２新横浜スクエアビル１４Ｆ,2021-08-24,株式会社
アイ・ケイ管理合同会社,東京都八王子市小宮町９７３番地,2021-08-24,合同会社
アグリ淡海株式会社,滋賀県彦根市犬方町６１４番地,2021-08-24,株式会社
インクレイズテクノロジー株式会社,東京都中央区銀座１丁目１２－４Ｎ＆ＥＢＬＤ．７階,2021-08-24,株式会社
インターナショナルトレーダー合同会社,東京都北区神谷３丁目３６番６号,2021-08-24,合同会社
エアースマイル株式会社,大阪府大阪市北区曾根崎新地２丁目２番１６号西梅田ＭＩＤビル９階,2021-08-24,株式会社
エムコインズ合同会社,東京都中野区中野５丁目５２番１５号,2021-08-24,合同会社
エムプラス株式会社,大阪府大阪市西区九条１丁目２６番８号,2021-08-24,株式会社
エル・ビー・ウエルド株式会社,愛知県名古屋市西区那古野２丁目１４番１号,2021-08-24,株式会社
オフィスリンク株式会社,大阪府大阪市北区東天満１丁目３番１５号,2021-08-24,株式会社
オーパスファンディング５合同会社,東京都千代田区丸の内３丁目１番１号東京共同会計事務所内,2021-08-24,合同会社
カンセイホーム宮古島合同会社,沖縄県宮古島市平良字西仲宗根５５７番地１,2021-08-24,合同会社
クリーンライフ株式会社,神奈川県横浜市戸塚区平戸町１２１２番地１０３,2021-08-24,株式会社
クレスト株式会社,岡山県岡山市中区湊７８－１５,2021-08-24,株式会社
グッドループ株式会社,東京都港区海岸１丁目７番１号東京ポートシティ竹芝オフィスタワー８Ｆ,2021-08-24,株式会社
グランディール合同会社,東京都港区浜松町２丁目２－１５,2021-08-24,合同会社
グリーンボンド株式会社,京都府京都市上京区今出川通智恵光院西入西北小路町２４８,2021-08-24,株式会社
グレイスジャパン合同会社,東京都葛飾区堀切１丁目５番９号,2021-08-24,合同会社
サンフォレストコーポレーション株式会社,東京都足立区入谷１丁目１４番１５号,2021-08-24,株式会社
ジーライオンファイナンス＆リース株式会社,兵庫県神戸市中央区新港町１１番１号,2021-08-24,株式会社
スギナＨＤ株式会社,福島県南会津郡南会津町田島字西町甲４３５９番地,2021-08-24,株式会社
スミダ装美合同会社,東京都墨田区東向島６丁目３７番４号,2021-08-24,合同会社
ソレコレ株式会社,福岡県福岡市西区上山門２丁目１２番３９－２号,2021-08-24,株式会社
タイヨ株式会社,兵庫県神戸市東灘区深江南町４丁目１３番２７号,2021-08-24,株式会社
ツナガル株式会社,岐阜県瑞穂市美江寺９２９番地１,2021-08-24,株式会社
ディガーコンサルティング合同会社,東京都中央区銀座１丁目２２番１１号銀座大竹ビジデンス２階,2021-08-24,合同会社
ナインファイブ株式会社,大阪府池田市満寿美町５番２６－３０５号,2021-08-24,株式会社
ノーティラス株式会社,東京都渋谷区神宮前２丁目１４番１８号４Ｆ,2021-08-24,株式会社
ビズコード株式会社,東京都中央区銀座１丁目２２番１１号－２Ｆ,2021-08-24,株式会社
ビリアングル株式会社,東京都板橋区南町１２番９号南町ビル５Ｆ,2021-08-24,株式会社
ファイア・アイ・セキュリティ株式会社,東京都千代田区神田錦町３丁目２２番地テラススクエア８階,2021-08-24,株式会社
フィンポート税理士法人,東京都千代田区麹町２丁目８番地ＭＬＣ麹町ビル４階,2021-08-24,その他の設立登記法人
プランビー株式会社,滋賀県大津市大萱１丁目１－９,2021-08-24,株式会社
ポレーヌ・ジャパン株式会社,東京都中央区日本橋室町４丁目３番９号,2021-08-24,株式会社
マッチング株式会社,東京都足立区千住１丁目４番１号東京芸術センター１０階,2021-08-24,株式会社
メットグローバル株式会社,東京都新宿区大久保１丁目７－１８アサヒニューシティビル４Ｆ,2021-08-24,株式会社
ユアサ建設株式会社,兵庫県丹波市青垣町市原９３１番地２,2021-08-24,株式会社
ユナイテッド・パートナーズ合同会社,東京都墨田区錦糸１丁目２番１号アルカセントラル１４階,2021-08-24,合同会社
レインボーブリッジキャピタル合同会社,東京都港区浜松町２丁目２番１５号浜松町ダイヤビル２Ｆ,2021-08-24,合同会社
ロンアクア合同会社,宮崎県都城市蓑原町３２１１番地６チアーズライフⅡ２０６,2021-08-24,合同会社
ワイズ不動産開発合同会社,熊本県熊本市東区長嶺南５丁目３番１６８号,2021-08-24,合同会社
一丁目開発合同会社,福岡県福岡市博多区博多駅前１丁目２４番１０号,2021-08-24,合同会社
一般社団法人あんのん会,千葉県大網白里市北今泉２９２４番地５,2021-08-24,その他の設立登記法人
一般社団法人かふうのたね,沖縄県豊見城市字我那覇１６１番地１,2021-08-24,その他の設立登記法人
一般社団法人からこそＢＯＸ,神奈川県横浜市中区相生町３丁目６１番地泰生ビル５０６号室,2021-08-24,その他の設立登記法人
一般社団法人しょうのうファーム,愛知県みよし市西一色町東２５番地,2021-08-24,その他の設立登記法人
一般社団法人みやび相続支援機構,石川県金沢市畝田東３丁目５１２畝田イーストＣ号室,2021-08-24,その他の設立登記法人
一般社団法人ソライロ,大阪府大阪市東淀川区小松２丁目３番１０号,2021-08-24,その他の設立登記法人
一般社団法人ドッグフレンドリーホテル協会,東京都台東区浅草橋１丁目２６番６号,2021-08-24,その他の設立登記法人
一般社団法人パドルラケットゴルフ協会,千葉県浦安市入船３丁目６８番１４号,2021-08-24,その他の設立登記法人
一般社団法人プチ・プランス,東京都荒川区荒川１丁目３５番４号三河島ビルディング４Ｆ,2021-08-24,その他の設立登記法人
一般社団法人九州技術資源アカデミー,熊本県熊本市中央区神水２丁目２－２０－５Ｆ,2021-08-24,その他の設立登記法人
一般社団法人勝浦会,千葉県勝浦市串浜１３８１番地１,2021-08-24,その他の設立登記法人
一般社団法人北海道の子育て・教育を支援する学会,北海道函館市美原５丁目２６番２６号,2021-08-24,その他の設立登記法人
一般社団法人平林財産信託,東京都品川区上大崎４丁目１番１－１６０１号,2021-08-24,その他の設立登記法人
一般社団法人日本山岳レスキュー協会,兵庫県芦屋市茶屋之町５番２０－１０３号,2021-08-24,その他の設立登記法人
一般社団法人日本急性期ケア協会,兵庫県神戸市北区桂木３丁目３２番２－１０１号,2021-08-24,その他の設立登記法人
一般社団法人未来人間フォーラムジャパン,東京都渋谷区代官山町２番７号シャトレ代官山３０１号室,2021-08-24,その他の設立登記法人
一般社団法人ＢＵＭＩＪＡＰＡＮ,大阪府大阪市中央区東心斎橋１丁目１９番１９号,2021-08-24,その他の設立登記法人
一般社団法人ＥＤＡＳ,東京都目黒区目黒３丁目１５番２０号,2021-08-24,その他の設立登記法人
一般社団法人ＯＩＮＡ,沖縄県那覇市安里１丁目８番４号ＺＯＲＫＳ崇元寺,2021-08-24,その他の設立登記法人
一般社団法人ＯＳＡＫＡハイメディカルクリニックグループ,大阪府大阪市西区南堀江３丁目１１番２２号堀江ＪＮＳビル３Ｆ,2021-08-24,その他の設立登記法人
中日文成貿易株式会社,三重県多気郡大台町上三瀬８９３－１７,2021-08-24,株式会社
久川株式会社,茨城県つくば市天久保４丁目８番地１３号１０５号室,2021-08-24,株式会社
光岡板金合同会社,愛知県名古屋市守山区川東山３２０１番地の３,2021-08-24,合同会社
前進合同会社,長野県下伊那郡高森町山吹８３２４番地２,2021-08-24,合同会社
医療法人泰誠会,熊本県宇城市小川町江頭２２９－２,2021-08-24,その他の設立登記法人
医療法人社団常和会,香川県丸亀市津森町１１０７番地１,2021-08-24,その他の設立登記法人
医療法人社団蒼貴会,香川県丸亀市新田町字道上１１０番地１０,2021-08-24,その他の設立登記法人
南晃商事株式会社,神奈川県横浜市南区六ツ川１丁目６７２番地の４６,2021-08-24,株式会社
司法書士法人菅谷石橋事務所,千葉県旭市琴田２８１５番地６,2021-08-24,その他の設立登記法人
合同会社あずき商会,東京都練馬区下石神井１丁目２番３号エテルナ・ルミエーラ２０６,2021-08-24,合同会社
合同会社うめだＪＡＰＡＮ,和歌山県田辺市古尾１２番８号,2021-08-24,合同会社
合同会社きずな,栃木県那須塩原市三区町５３０番地２５６,2021-08-24,合同会社
合同会社そら,愛媛県宇和島市住吉町６２１番地１,2021-08-24,合同会社
合同会社アカシア,愛知県刈谷市井ケ谷町寺山下２番地４,2021-08-24,合同会社
合同会社アグリ・ビューティー・クラブ,大阪府大阪市中央区南船場２丁目７－１３,2021-08-24,合同会社
合同会社アスピライズ,東京都中央区日本橋蛎殻町１丁目８－２,2021-08-24,合同会社
合同会社エブリデイ,京都府木津川市山城町平尾西黒部３１番地１ヴェルメゾンⅢ号館１０２号,2021-08-24,合同会社
合同会社エルエーサイエンス・ラボ,東京都文京区音羽１丁目１５番１２号,2021-08-24,合同会社
合同会社エルフィ,神奈川県藤沢市大鋸９５７番地の１５,2021-08-24,合同会社
合同会社エース,東京都新宿区原町３丁目３４－１ルーブル新宿原町１２０２,2021-08-24,合同会社
合同会社オフィスＢＪ,東京都西東京市田無町４丁目１８番７号コーポ望月２０５号,2021-08-24,合同会社
合同会社クラフトライフ,神奈川県横浜市緑区長津田２丁目３１番１３号,2021-08-24,合同会社
合同会社クレリア,大阪府吹田市藤白台１丁目１－８－４０６,2021-08-24,合同会社
合同会社グリット,東京都大田区石川町１丁目１４－１１,2021-08-24,合同会社
合同会社グリーンヒルズ,東京都千代田区平河町１丁目６－１５ＵＳビル８Ｆ,2021-08-24,合同会社
合同会社チャバラエステート,愛知県名古屋市西区栄生３丁目９番３号,2021-08-24,合同会社
合同会社ツカケイ,神奈川県横浜市港北区大倉山１丁目１９番１８号グレース大倉山２０３,2021-08-24,合同会社
合同会社ネクスト,愛知県長久手市下川原１番地２７,2021-08-24,合同会社
合同会社フィードバック,兵庫県神戸市灘区篠原南町３丁目７番２８－４０１号,2021-08-24,合同会社
合同会社フラットアワー新潟,新潟県新潟市西区五十嵐３の町東２６番１０号,2021-08-24,合同会社
合同会社ブライト・アンド,福岡県福岡市中央区赤坂１丁目２－２０－９０２,2021-08-24,合同会社
合同会社マイウェイ,静岡県静岡市葵区御幸町３番地の２１ペガサート,2021-08-24,合同会社
合同会社マシフ,東京都港区六本木７丁目２１番１７－４０１,2021-08-24,合同会社
合同会社マルヤス酒場神田,東京都千代田区鍛冶町２丁目９番３号,2021-08-24,合同会社
合同会社マルヤス酒場蒲田,東京都大田区蒲田５丁目３９番４号２Ｆ,2021-08-24,合同会社
合同会社メイクリンク,東京都渋谷区神宮前６丁目２３番４号桑野ビル２階,2021-08-24,合同会社
合同会社ユニットエイト,愛知県名古屋市名東区高間町４０４番地,2021-08-24,合同会社
合同会社ライフ＆キャリア,大阪府大阪市北区梅田１丁目１１番４号大阪駅前第４ビル９階９２３－１５９１号,2021-08-24,合同会社
合同会社リアン,愛知県名古屋市中区千代田４丁目８－３,2021-08-24,合同会社
合同会社リバーサルデザイン,大阪府大阪市淀川区宮原１丁目１９－２３－４２７,2021-08-24,合同会社
合同会社リユスネット,福岡県福岡市博多区板付５丁目５番３７号,2021-08-24,合同会社
合同会社リンク,神奈川県横浜市緑区長津田２丁目３１番１３号,2021-08-24,合同会社
合同会社リンクリ,愛知県名古屋市中村区日比津町４丁目７－１１,2021-08-24,合同会社
合同会社住計画,山形県長井市九野本８０５番地１６,2021-08-24,合同会社
合同会社月虹,福井県小浜市水取４丁目２番２３号コーポ田辺１０１,2021-08-24,合同会社
合同会社紫雲,北海道札幌市中央区南一条西４丁目１３番地,2021-08-24,合同会社
合同会社美咲ソーラー,東京都中央区日本橋１丁目４番１号日本橋一丁目ビルディング,2021-08-24,合同会社
合同会社菊地酵素,東京都世田谷区砧１丁目２７番２４号,2021-08-24,合同会社
合同会社萩原内装,神奈川県鎌倉市津西１丁目２７番１３号,2021-08-24,合同会社
合同会社蘭々,東京都千代田区外神田３丁目１３番５号,2021-08-24,合同会社
合同会社訪問看護ステーションつなぐ,鹿児島県枕崎市西本町９０番地,2021-08-24,合同会社
合同会社ＡＨＮｓｔｙｌｅ,岡山県岡山市南区泉田４２２－２６,2021-08-24,合同会社
合同会社ＡＬＯＨＡ,大阪府大阪市生野区舎利寺２丁目３番３０号,2021-08-24,合同会社
合同会社ＡＳＱ,愛知県小牧市大字東田中１０３９番地クレール弐番館５０１号,2021-08-24,合同会社
合同会社Ａｂｏｖｅ＆Ｂｅｙｏｎｄ　Ｃｏｎｓｕｌｔｉｎｇ,東京都中央区日本橋人形町１丁目２番３号カスタリア人形町４０８,2021-08-24,合同会社
合同会社ＢＭワーカー,秋田県秋田市中通４丁目１番２号秋田スクエアビル４階オフィス４Ｆ,2021-08-24,合同会社
合同会社ＣＯＭＰＡＳＳ,長崎県長崎市葉山１丁目４５番６号,2021-08-24,合同会社
合同会社ＣＲＯＷＳ,長崎県長崎市新戸町１丁目３１番１７号２０３,2021-08-24,合同会社
合同会社Ｃｏｍｐａｓｓ　ｏｆ　Ｌｉｆｅ,大阪府泉大津市東雲町９番５３号,2021-08-24,合同会社
合同会社ＤＯＯＭ　ＳＴＵＤＩＯ,滋賀県大津市北大路２丁目１１番１６号,2021-08-24,合同会社
合同会社Ｇｒｏｗｔｈ,福岡県福岡市南区井尻５丁目６番１４－５０２号,2021-08-24,合同会社
合同会社Ｈ２Ｏ,愛知県一宮市大和町毛受字一本松８番地５,2021-08-24,合同会社
合同会社Ｋ’Ｆｌａｔ,福島県伊達市保原町字西町１３番地２,2021-08-24,合同会社
合同会社Ｋ３,茨城県つくば市二の宮２丁目１７－１０パークサイド洞峰３０３,2021-08-24,合同会社
合同会社ＫＩＮＤｉｅｓ,大阪府茨木市清水１丁目２４番１７号,2021-08-24,合同会社
合同会社ＫＲＦ９８,東京都千代田区内幸町２丁目１番６号,2021-08-24,合同会社
合同会社ＫＲＦ９９,東京都千代田区内幸町２丁目１番６号,2021-08-24,合同会社
合同会社Ｋｅｉｔｈ　Ｃｏｎｄｉｔｉｏｎｉｎｇ,大阪府泉南郡熊取町美熊台２丁目１番５－２０９号,2021-08-24,合同会社
合同会社Ｋｉｃｋｙ　Ｆａｃｔｏｒｙ,鹿児島県鹿屋市花岡町４５１８番地３,2021-08-24,合同会社
合同会社Ｌ＆Ｐ,千葉県船橋市湊町２丁目１番１８号,2021-08-24,合同会社
合同会社ＬＩＦＩＸ,茨城県水戸市西原２丁目１２番地９号グランジェロ３０４号室,2021-08-24,合同会社
合同会社Ｌａｖｏｒｏ,大阪府大阪市中央区谷町４丁目２－１６Ｂ１Ｆ,2021-08-24,合同会社
合同会社ＭＡＳＨＩ,鳥取県境港市外江町２０１５番４,2021-08-24,合同会社
合同会社ＭＦＳ,愛知県名古屋市守山区森宮町２４１番地,2021-08-24,合同会社
合同会社ＭＫコーポレーション,神奈川県相模原市中央区淵野辺４丁目３８－７－１０３,2021-08-24,合同会社
合同会社Ｍｏｏｎ,群馬県館林市大街道１丁目８－３０,2021-08-24,合同会社
合同会社Ｎｅｗ　Ｃｌｕｂ　Ｌｉｅｒｒｅ,愛媛県松山市二番町２丁目８－４,2021-08-24,合同会社
合同会社Ｏ－ＴＲＡＹ,大阪府羽曳野市学園前４丁目１４－１－２０２,2021-08-24,合同会社
合同会社ＯＺ,東京都豊島区西巣鴨４丁目６番４号,2021-08-24,合同会社
合同会社ＯｆＡ,香川県高松市十川西町５１４番地２４,2021-08-24,合同会社
合同会社ＲＥＳＩＬＩＥＮＣＥ,秋田県秋田市山王沼田町７番３３号クレスティーク山王３０１,2021-08-24,合同会社
合同会社ＲＫＳＨＯＰ,茨城県石岡市杉並３丁目２番３８号,2021-08-24,合同会社
合同会社Ｒｅｓｉｌｉｅｎｃｅ,岐阜県下呂市萩原町奥田洞９２８番地,2021-08-24,合同会社
合同会社Ｒｅｖｅ,福岡県北九州市八幡西区本城３丁目２１－４５,2021-08-24,合同会社
合同会社ＳＡＭＳＡＲＡ,東京都港区赤坂１丁目１２番３２号アーク森ビル１３階ＧＣＭアセットマネジメント株式会社内,2021-08-24,合同会社
合同会社ＳＵＮＦＬＯＷＥＲ,富山県富山市婦中町蔵島１０２７番地５,2021-08-24,合同会社
合同会社ＳＵＮＳＡＶＥ,大阪府吹田市垂水町３丁目２９番３３－５０３号,2021-08-24,合同会社
合同会社ＴＭＹＫ,東京都豊島区東池袋１丁目３４番５号いちご東池袋ビル６階,2021-08-24,合同会社
合同会社ＵＫ事務所,大阪府大阪市浪速区塩草３丁目４番２１－４０５号,2021-08-24,合同会社
合同会社Ｖｉｏｌｅｔ‐Ｎｉｉｎａ,愛知県田原市田原町清谷４１番地,2021-08-24,合同会社
合同会社ＹＭＷ,愛知県名古屋市西区上堀越町１丁目２２番地の５,2021-08-24,合同会社
合同会社ｅ‐ＮＥＯ,福岡県福岡市中央区天神２丁目３番１０号天神パインクレスト７１９号,2021-08-24,合同会社
合同会社ｆｉｓｈ　ｄｏｏｒ,秋田県山本郡八峰町八森字茶の沢１４１－１３,2021-08-24,合同会社
合同会社ｋａｄｏｗａｋｉ,愛知県小牧市大字小松寺１０９番地１,2021-08-24,合同会社
合同会社ｍｉｒａｉＧＯＡＬｓ,神奈川県茅ヶ崎市中海岸４丁目２番２６－２号,2021-08-24,合同会社
合資会社カーサ,兵庫県姫路市三左衛門堀西の町６９番地,2021-08-24,合資会社
同仁堂国際株式会社,東京都文京区本郷４丁目１番７号第二近江屋ビル５０１号室,2021-08-24,株式会社
土地家屋調査士法人丸山事務所,長野県長野市安茂里小市２丁目１６番４号,2021-08-24,その他の設立登記法人
大川商事株式会社,大阪府豊中市東泉丘２丁目６番１５号ヴァストネス東泉丘１０５号室,2021-08-24,株式会社
天霧の森株式会社,島根県邑智郡邑南町矢上３５４１番地１,2021-08-24,株式会社
家紋合同会社,群馬県邑楽郡千代田町大字上五箇１５６番地の６,2021-08-24,合同会社
小田原こども舞台芸術クラブ,神奈川県小田原市蓮正寺４７０－１９０,2021-08-24,その他
日本デジタルイノベーション株式会社,神奈川県川崎市幸区下平間４８番地１０１,2021-08-24,株式会社
日紅株式会社,兵庫県神戸市中央区下山手通３丁目１０番１４号Ｔ＆Ａビル４階,2021-08-24,株式会社
株式会社あじさい荘,北海道名寄市西四条北７丁目２番地２,2021-08-24,株式会社
株式会社おんくりの輪,北海道石狩市花川北五条１丁目６７番地,2021-08-24,株式会社
株式会社こおり不動産,長崎県大村市宮小路３丁目１３３８番地,2021-08-24,株式会社
株式会社ともに,東京都目黒区大橋２丁目２２番６号,2021-08-24,株式会社
株式会社ぱれっと,東京都府中市府中町１丁目３０番地の７,2021-08-24,株式会社
株式会社ぽこんうぇぶ,東京都北区赤羽１丁目４７番７－１０３号第５オカダビル,2021-08-24,株式会社
株式会社めんこ,沖縄県宜野湾市伊佐３丁目２５番１１号,2021-08-24,株式会社
株式会社りとあ,沖縄県うるま市字赤道１７９番地１５,2021-08-24,株式会社
株式会社アイディール弘前,青森県弘前市大字城東４丁目８番地６,2021-08-24,株式会社
株式会社アスティックリファイン,岡山県倉敷市玉島阿賀崎２５５２－１,2021-08-24,株式会社
株式会社アソシエーション九州,福岡県八女郡広川町大字川上７２５番地１,2021-08-24,株式会社
株式会社アドプラ,東京都渋谷区渋谷２丁目１９－１５宮益坂ビルディング６０９,2021-08-24,株式会社
株式会社アルエット,兵庫県宝塚市すみれガ丘３丁目１番１－８０２号,2021-08-24,株式会社
株式会社アルテ,福岡県福岡市博多区博多駅前４丁目２３番４－６０１号,2021-08-24,株式会社
株式会社アークライズ,福岡県糟屋郡須惠町大字須惠１１４番地１６,2021-08-24,株式会社
株式会社アートマネジメント＆コンサルティング・ネットワーク,東京都港区赤坂２丁目１７番５０－２３１３号,2021-08-24,株式会社
株式会社ウィデット,東京都立川市柴崎町２丁目１４番２５号,2021-08-24,株式会社
株式会社エステート戸祭,栃木県宇都宮市戸祭２丁目１１番３３号,2021-08-24,株式会社
株式会社エネクスグリーンエナジー,福岡県福岡市中央区長浜１丁目３番４号,2021-08-24,株式会社
株式会社エムブライト,埼玉県さいたま市南区白幡４丁目２１番２５－４０５号,2021-08-24,株式会社
株式会社エンバウム,埼玉県春日部市大沼１丁目７５番地１輝ビル２０１,2021-08-24,株式会社
株式会社オクトマネジメント,東京都千代田区麹町１丁目７番地,2021-08-24,株式会社
株式会社オールシーズンズ,東京都港区麻布台１丁目９番１０号飯倉ＩＴビル５階,2021-08-24,株式会社
株式会社カミノ,東京都中央区銀座７丁目１３番６号サガミビル２階,2021-08-24,株式会社
株式会社ガーデンライフ,奈良県桜井市大字橋本５２番地の７,2021-08-24,株式会社
株式会社キャリアパレット,愛知県名古屋市西区名駅２丁目６番９号ＹＡＭＡＧＩＳＨＩＢＬＤＧ．３階,2021-08-24,株式会社
株式会社クリエイト,愛知県半田市出口町２丁目１６８番地の２,2021-08-24,株式会社
株式会社グリーンリフレ,神奈川県相模原市南区上鶴間本町９丁目９番４号,2021-08-24,株式会社
株式会社グローイング,宮城県仙台市泉区市名坂字東裏９７番地１,2021-08-24,株式会社
株式会社ケフィメレス,東京都中野区本町４丁目２８－９エクセル新中野４０３,2021-08-24,株式会社
株式会社シュエン．ドゥ．ビィーナス,神奈川県小田原市酒匂４丁目１０番１４号,2021-08-24,株式会社
株式会社シンシアパートナーズ,神奈川県横浜市旭区鶴ケ峰本町１丁目４７番１号－４０６号室,2021-08-24,株式会社
株式会社シーランド,愛知県春日井市大泉寺町字社下７６番地１,2021-08-24,株式会社
株式会社セキム,愛知県名古屋市中区錦２丁目１７番３０号,2021-08-24,株式会社
株式会社ゼンメイル,福岡県北九州市小倉北区東篠崎３丁目２番１１－２０１号,2021-08-24,株式会社
株式会社タカナシ・エクステリア,山形県山形市中桜田１丁目８番５号,2021-08-24,株式会社
株式会社タムラ,富山県富山市八日町２４７番地３２,2021-08-24,株式会社
株式会社ターナリー,福岡県八女郡広川町大字新代２１８８番地１,2021-08-24,株式会社
株式会社デジトラ,東京都世田谷区鎌田２丁目１３番３－４０５号,2021-08-24,株式会社
株式会社トライフォース,東京都港区赤坂２丁目８番１１号,2021-08-24,株式会社
株式会社ニシグチ,奈良県天理市勾田町８２－４,2021-08-24,株式会社
株式会社ノースヒル,神奈川県高座郡寒川町岡田３丁目２３番２３号,2021-08-24,株式会社
株式会社ハイリーガル,東京都渋谷区桜丘町２６番１号セルリアンタワー１５階,2021-08-24,株式会社
株式会社ハウスクリーンサービス,神奈川県相模原市中央区下九沢１０９０番地１セントエルモ橋本南８０７,2021-08-24,株式会社
株式会社バイヤーズクリエイト,東京都渋谷区渋谷１丁目２２番１号ＣＨビル,2021-08-24,株式会社
株式会社バーレー,京都府京都市左京区聖護院山王町２５番地８,2021-08-24,株式会社
株式会社パザパ,北海道旭川市末広三条１２丁目３番１５号,2021-08-24,株式会社
株式会社ヒヤデス,愛知県小牧市小牧原２丁目１２８番地,2021-08-24,株式会社
株式会社ビブリオ,東京都渋谷区渋谷２丁目７番１４号ＶＯＲＴＡＯＹＡＭＡ３０２,2021-08-24,株式会社
株式会社ファイルレント,山梨県上野原市上野原５５４番地３,2021-08-24,株式会社
株式会社フォーリーフ製薬,福岡県福岡市早良区賀茂２丁目５番３５号４,2021-08-24,株式会社
株式会社フクダ,茨城県鉾田市大竹２１４６番地３,2021-08-24,株式会社
株式会社フューチャーハーベスト,山形県酒田市局字局２２番地,2021-08-24,株式会社
株式会社プロヒート,愛知県名古屋市西区上橋町２５３－１,2021-08-24,株式会社
株式会社マエモト住建,埼玉県さいたま市南区鹿手袋２丁目５番１５号,2021-08-24,株式会社
株式会社ミンクス,三重県鈴鹿市大池３丁目１１－９,2021-08-24,株式会社
株式会社ムカイ塗装,奈良県天理市柳本町１３１２番地３,2021-08-24,株式会社
株式会社メタルプロダクション,兵庫県姫路市豊富町豊富３１１８－１,2021-08-24,株式会社
株式会社モノキャリ,京都府宇治市伊勢田町遊田１２番地の２６８,2021-08-24,株式会社
株式会社モノクラシック,愛知県豊橋市広小路３丁目２８番地,2021-08-24,株式会社
株式会社ユーリズム,長野県木曽郡木祖村大字薮原１７７７番地１,2021-08-24,株式会社
株式会社リフトオフ,埼玉県川口市栄町３丁目５番１号２階,2021-08-24,株式会社
株式会社ロイズベル,沖縄県宮古島市平良字西仲宗根５６９番地７,2021-08-24,株式会社
株式会社ロータリー,沖縄県中頭郡嘉手納町字屋良１０２６番地３道の駅かでな１Ｆ,2021-08-24,株式会社
株式会社ワンズワークス,東京都練馬区中村南３丁目１９－１ＴＯＫＩＷＡＲＥＳＩＤＥＮＣＥ４０５,2021-08-24,株式会社
株式会社一尺屋,岡山県加賀郡吉備中央町宮地３２３８番地,2021-08-24,株式会社
株式会社三合,福岡県福岡市西区姪の浜２丁目３番１６号１,2021-08-24,株式会社
株式会社三浦設備,愛知県津島市東中地町１丁目３９番地７,2021-08-24,株式会社
株式会社三軒家ホールディングス,愛知県丹羽郡大口町下小口７丁目５５番地,2021-08-24,株式会社
株式会社中西ファーム,東京都八王子市小比企町２７０６番地,2021-08-24,株式会社
株式会社仁結会,大分県別府市大字亀川１７５３番地３,2021-08-24,株式会社
株式会社令和コンクリート圧送,愛知県額田郡幸田町大字野場字三田堂３７番地１,2021-08-24,株式会社
株式会社住まいのペイント,福岡県福岡市西区野方２丁目１５番２３号,2021-08-24,株式会社
株式会社公信社,福岡県鞍手郡小竹町大字勝野３９６４－３５,2021-08-24,株式会社
株式会社北陸賃貸,石川県白山市美川南町ハ６６番地１,2021-08-24,株式会社
株式会社匠,神奈川県平塚市出縄６番地の３,2021-08-24,株式会社
株式会社十月のオクトパス,石川県金沢市大額町ル３９番地４６,2021-08-24,株式会社
株式会社卓一商事,神奈川県横浜市中区山下町１０６番地１０,2021-08-24,株式会社
株式会社双信,埼玉県熊谷市弥生１丁目４１番地朝日ビル,2021-08-24,株式会社
株式会社夢花,岐阜県関市上之保１８８８番地,2021-08-24,株式会社
株式会社大島コーポレーション,栃木県佐野市富岡町３７１番地３,2021-08-24,株式会社
株式会社安東伸,東京都渋谷区神宮前６丁目２３番４号桑野ビル２階,2021-08-24,株式会社
株式会社岡商店,東京都渋谷区笹塚１丁目４１番６－１０３号,2021-08-24,株式会社
株式会社岡工務店,東京都東大和市芋窪５丁目１１０６番地,2021-08-24,株式会社
株式会社平間,北海道名寄市字朝日５３４番地,2021-08-24,株式会社
株式会社晃伸,広島県東広島市八本松町原１０６０１番地１５,2021-08-24,株式会社
株式会社未来アダプト,宮城県仙台市宮城野区新田２丁目１３－１,2021-08-24,株式会社
株式会社東,熊本県球磨郡相良村大字柳瀬３３１５番地３,2021-08-24,株式会社
株式会社林商会,愛知県名古屋市天白区池見２丁目２９番地２,2021-08-24,株式会社
株式会社栄興,埼玉県所沢市大字中富１０８９番地,2021-08-24,株式会社
株式会社清弘舎,東京都武蔵村山市中藤５丁目３９番地１,2021-08-24,株式会社
株式会社漢唐軒,神奈川県横浜市金沢区富岡東２丁目４番５６－６０５号,2021-08-24,株式会社
株式会社澪,東京都品川区戸越５丁目２０番２号パラシオ３０２,2021-08-24,株式会社
株式会社第一防水,愛知県名古屋市中村区中村本町３丁目２１番地,2021-08-24,株式会社
株式会社翔,滋賀県東近江市下二俣町２１０番地５,2021-08-24,株式会社
株式会社老子交易,富山県高岡市木津２５９１番地,2021-08-24,株式会社
株式会社蔵王食品,神奈川県川崎市宮前区菅生３丁目４１番２２号,2021-08-24,株式会社
株式会社表蔵王ベルタウン,山形県山形市表蔵王６８番地,2021-08-24,株式会社
株式会社西垣,東京都立川市砂川町２丁目１２番地の９,2021-08-24,株式会社
株式会社誠和興業,茨城県古河市下大野１５７４番地３６,2021-08-24,株式会社
株式会社辰鬼建設,福岡県北九州市門司区松原２丁目６番２７号,2021-08-24,株式会社
株式会社道,愛媛県松山市南持田町５３番地３ウェリス南持田緑彩苑７０５号,2021-08-24,株式会社
株式会社阪神シニアサポート,兵庫県西宮市名塩新町１１番１－２０８号,2021-08-24,株式会社
株式会社青羽,東京都千代田区神田神保町３丁目９番地２メインステージ九段下１２０５号,2021-08-24,株式会社
株式会社高山総建,福岡県久留米市三潴町原田１５番地３,2021-08-24,株式会社
株式会社Ａ．Ｔ不動産,大阪府大阪市鶴見区今津中１丁目９番２７号,2021-08-24,株式会社
株式会社ＡＮＪ,愛知県名古屋市中区大須４丁目１１番２３号ＬＡ上前津８Ｃ号,2021-08-24,株式会社
株式会社ＡＳＡＰ,広島県広島市中区東白島町１１番６号,2021-08-24,株式会社
株式会社Ａｃａｄｅｍｉｓｔｒｙ,徳島県徳島市富田橋８丁目６番地９０８,2021-08-24,株式会社
株式会社Ａｃｅｓ,大阪府大阪市北区豊崎３丁目１５番５号ＴＫビル２Ｆ,2021-08-24,株式会社
株式会社Ａｐｏｌｌｏｎ,東京都渋谷区神宮前６丁目２３番４号桑野ビル２階,2021-08-24,株式会社
株式会社Ａｒｉｅｓ,愛知県名古屋市西区こも原町１７９－４,2021-08-24,株式会社
株式会社ＢＬＵＥＴＥＣＨ．ＯＣＥＡＮ,宮城県塩竈市舟入１丁目５番３８号,2021-08-24,株式会社
株式会社ＢＭプロモーション,東京都港区六本木６丁目２－３１六本木ヒルズノースタワー１６階,2021-08-24,株式会社
株式会社ＢＹコーポレーション,大阪府大阪市中央区鎗屋町１丁目２番１０－８０１号,2021-08-24,株式会社
株式会社Ｂｒｉｇｈｔ　Ｍｅｄｉｃａｌ,兵庫県神戸市中央区八幡通４丁目１番２７－８０５号,2021-08-24,株式会社
株式会社Ｂｒｏａｄｅｎ,東京都中央区日本橋箱崎町２１番２－９０１号,2021-08-24,株式会社
株式会社ＣＨＩＮＯ,埼玉県所沢市松葉町１３番１７－２０３号グランドコート松葉,2021-08-24,株式会社
株式会社Ｃｈｉｌｌｈｏｕｓｅ,東京都新宿区大久保１丁目１２番４号ＡＳＳ第２ビル６階,2021-08-24,株式会社
株式会社ＥＩＧＨＴ　ＬＩＦＥ　ＷＯＲＫ,東京都千代田区九段南１丁目５番６号りそな九段ビル５Ｆ・ＫＳフロア,2021-08-24,株式会社
株式会社ＥＭＥＵ,東京都狛江市猪方２丁目１７番２号アイディールハウス１０５,2021-08-24,株式会社
株式会社Ｅｎｊｏｙ,北海道函館市松川町１８番２４号,2021-08-24,株式会社
株式会社ＦＩＦＴＹ‐ＦＩＦＴＹ　ＢＡＬＬ,秋田県秋田市保戸野中町１番４７号セジュールゼロセカンド２０３,2021-08-24,株式会社
株式会社ＦＩＲＥＷＯＯＤ,東京都千代田区九段南１丁目５番６号りそな九段ビル５Ｆ,2021-08-24,株式会社
株式会社Ｆａｖｏｒｉ,神奈川県川崎市高津区溝口１丁目１２番２０号ウエストキャニオンⅡ３Ｆ,2021-08-24,株式会社
株式会社ＧＩＲＥＥ　ＩＮＴＥＲＮＡＴＩＯＮＡＬ,埼玉県鶴ヶ島市大字上広谷５番地１,2021-08-24,株式会社
株式会社Ｇｌｏｂａｌ　Ａｓｓｏｃｉａ＆ＣＯ．,東京都渋谷区神宮前１丁目４番２０号パークコート神宮前３１５,2021-08-24,株式会社
株式会社Ｇｏｌｄｅｎ　Ｐａｃｋａｇｅ　Ｊａｐａｎ,東京都新宿区岩戸町４番地,2021-08-24,株式会社
株式会社ＨＩＲＯＳＥ,東京都足立区千住関屋町６番１８号,2021-08-24,株式会社
株式会社ＨＹ　Ｊａｐａｎ,大阪府吹田市江坂町１丁目２３番４３号,2021-08-24,株式会社
株式会社ＨｏｔＭａｎ不動産,大阪府枚方市大垣内町１丁目３番３７号,2021-08-24,株式会社
株式会社Ｉ　ａｍ,愛知県海部郡大治町大字八ツ屋字堤添７５番地８,2021-08-24,株式会社
株式会社ＩＳＨＩＩ　ＡＳＳＯＣＩＡＴＥＳ,東京都渋谷区東１丁目４番１６号,2021-08-24,株式会社
株式会社ＩＳＭ,愛知県名古屋市中区新栄１丁目８番３５号プロト新栄ビル５Ｆ,2021-08-24,株式会社
株式会社ＪＯＹ,東京都品川区東品川３丁目１０番１－１１０６号,2021-08-24,株式会社
株式会社Ｋ－ＤＲＥＡＭ,東京都杉並区下高井戸５丁目３－１０ルクレ上北沢ルネサンスコート１１１,2021-08-24,株式会社
株式会社ＫＩＪＩＢＩＺＩ,大阪府池田市旭丘１丁目１番７号,2021-08-24,株式会社
株式会社ＫＩＫコンサルティング開発,神奈川県平塚市桃浜町３１番１１号,2021-08-24,株式会社
株式会社ＫＹＡＴＡＴＳＵ,大阪府大阪市東淀川区東中島１丁目１４番１－６０８号,2021-08-24,株式会社
株式会社ＬＡＯＮ,東京都港区赤坂７丁目５番３４号インペリアル赤坂フォーラム５２７,2021-08-24,株式会社
株式会社Ｌｉｂｅｒｔｅ,東京都世田谷区太子堂２丁目２５－１２,2021-08-24,株式会社
株式会社Ｌｉｂｅｒｔｙ,埼玉県川口市芝４丁目２３番１１号,2021-08-24,株式会社
株式会社Ｌｉｂｒｅ,大阪府豊中市穂積１丁目３番１号,2021-08-24,株式会社
株式会社ＭＡＬＩＫ　ＴＲＡＤＩＮＧ,愛知県あま市北苅三本柿１５６番地１,2021-08-24,株式会社
株式会社ＭＦアセッツ,福岡県福岡市博多区博多駅前１丁目８番７－１１１２号エグゼ博多コンドミニアム,2021-08-24,株式会社
株式会社ＭＰＭＣ,香川県高松市松並町７２２番地,2021-08-24,株式会社
株式会社ＭＹＨ,山口県宇部市西宇部南４丁目１２５４番地１６,2021-08-24,株式会社
株式会社ＭｉｘＬｉｎｅ,静岡県静岡市葵区鷹匠１丁目１２番１－５０２号,2021-08-24,株式会社
株式会社ＭｉｚＬｉｎｘ,東京都千代田区神田練塀町３富士ソフト秋葉原ビル１２Ｆ,2021-08-24,株式会社
株式会社Ｎ．Ｊ．Ｂ,京都府八幡市男山石城８－１１－２Ｆ,2021-08-24,株式会社
株式会社ＮＡＫＡＹＡＳＨＩＫＩ,大阪府大阪市北区西天満４丁目９番２号西天満ビル５１０,2021-08-24,株式会社
株式会社ＮＡＭＥ,東京都江東区猿江２丁目１－７－５０１,2021-08-24,株式会社
株式会社ＮＥＯ,大分県日田市中本町７番１２号,2021-08-24,株式会社
株式会社ＮＧ　Ｐｌｕｓ,東京都中央区銀座１丁目２２番１１号銀座大竹ビジデンス２階,2021-08-24,株式会社
株式会社Ｎｅｘｔ　Ｉｎｎｏｖａｔｉｏｎ,東京都中央区日本橋小伝馬町１６番１４－４０１号,2021-08-24,株式会社
株式会社ＮｉＫＯＬ,東京都杉並区上高井戸１丁目５番２７号,2021-08-24,株式会社
株式会社Ｎｏｖｉａ,鳥取県鳥取市吉成７７９番地４０,2021-08-24,株式会社
株式会社Ｏ．ＨＫ,岐阜県中津川市落合６７５番地の９,2021-08-24,株式会社
株式会社ＰＲＯＳＣＥＮＥ,茨城県水戸市上水戸４丁目６番７号,2021-08-24,株式会社
株式会社Ｐｌａｎ　Ｋ,大阪府大阪市北区曾根崎１丁目４番５号エステムプラザ梅田１３０２号室,2021-08-24,株式会社
株式会社Ｐｌａｙｉｎｇ　Ｆｉｅｌｄ,東京都台東区西浅草３丁目２２番３号,2021-08-24,株式会社
株式会社ＱＴＦ,長崎県北松浦郡佐々町羽須和免４２番地３,2021-08-24,株式会社
株式会社Ｒｅｉｒ,埼玉県所沢市大字下安松１７５番地の２,2021-08-24,株式会社
株式会社ＲｅｍｏＲｅｍｏ,東京都千代田区神田佐久間町１丁目１４番地第２東ビル３０３,2021-08-24,株式会社
株式会社ＳＡＡＤ,埼玉県春日部市立野１１１７番地１,2021-08-24,株式会社
株式会社ＳＫＤ,東京都千代田区平河町２丁目５番５号,2021-08-24,株式会社
株式会社ＳＵＮＵＰ,愛知県蒲郡市拾石町見取１４番地４,2021-08-24,株式会社
株式会社ＴＥＮ,沖縄県中頭郡北谷町字宮城３－２５０シーサイドハウジングス２９,2021-08-24,株式会社
株式会社Ｔａｋｕｔｏ,福岡県福岡市東区香住ヶ丘４丁目４２番４号,2021-08-24,株式会社
株式会社ＴｏｋｙｏＢａｙＩｎｖｅｓｔｍｅｎｔ,東京都港区芝４丁目７－６,2021-08-24,株式会社
株式会社ＵＳＫ,愛知県春日井市鳥居松町５丁目３３番地ティアモンド春日井１階,2021-08-24,株式会社
株式会社Ｕｎｌｉｍｉｔ,岩手県北上市若宮町１丁目６番１３号,2021-08-24,株式会社
株式会社ＶＯＬＺＥ,埼玉県春日部市中央１丁目１４番地２１,2021-08-24,株式会社
株式会社ＷＯＮＤＥＲＨＯＯＤＳ,東京都渋谷区神宮前６丁目２３番４号桑野ビル２階,2021-08-24,株式会社
株式会社ＷＷＷＥ,福岡県福岡市中央区大名２丁目６番１１号,2021-08-24,株式会社
株式会社Ｗｅｌｌｓｔｏｎｅ　ａｎｄ　Ｚｅｎｉｔｈ,青森県青森市橋本２丁目８番１０号,2021-08-24,株式会社
株式会社Ｗｏｏｄ　Ｆａｉｒｙ,東京都小平市上水南町２丁目１５－３４,2021-08-24,株式会社
株式会社ＹＫＭ,愛知県岡崎市羽根北町１丁目４番地２,2021-08-24,株式会社
株式会社ＹＫＭ商事,千葉県袖ケ浦市奈良輪３３６番地,2021-08-24,株式会社
株式会社ＺＥＮ,大阪府大阪市阿倍野区天王寺町北３丁目１番２６号,2021-08-24,株式会社
株式会社ｂｅ,東京都江東区森下３丁目６番９号３０４号室,2021-08-24,株式会社
株式会社ｃｌａｓｓｉｃ,神奈川県平塚市西八幡３丁目８番９号,2021-08-24,株式会社
株式会社ｄｅｃｏｒａｔｅ．ｙ,神奈川県相模原市南区上鶴間２丁目７番２０号イーストヴィラ林間Ｃ－１,2021-08-24,株式会社
株式会社ｅｔｅｒｎａｌ　Ｂ,岡山県倉敷市四十瀬３７１番地１,2021-08-24,株式会社
株式会社ｆｏｌｉａｇｅｒｏｃｋ,東京都荒川区南千住５丁目４１番９号,2021-08-24,株式会社
株式会社ｉｎｔｈｅｔａｉｌ,兵庫県尼崎市潮江５丁目２－１－１９３１,2021-08-24,株式会社
株式会社ｍｅａｌｗｅｌｌ,愛知県名古屋市西区名駅２丁目３４番１７号セントラル名古屋１１０１号,2021-08-24,株式会社
株式会社ｖａｇｕｅ,東京都武蔵野市境４丁目７番５号１Ｆ,2021-08-24,株式会社
桜商事株式会社,埼玉県和光市新倉２丁目２３番２号,2021-08-24,株式会社
楽商事株式会社,東京都千代田区外神田５丁目３番１２号清和ビル６Ｆ,2021-08-24,株式会社
深達商事合同会社,東京都中央区銀座１丁目２２番１１号銀座大竹ビジデンス２Ｆ,2021-08-24,合同会社
特定非営利活動法人あち森,長野県下伊那郡阿智村清内路１０３番地１,2021-08-24,その他の設立登記法人
特定非営利活動法人ウィズユーＳＤＧ’ｓ２０２０,宮城県黒川郡大和町吉岡字天皇寺１番地の１,2021-08-24,その他の設立登記法人
特定非営利活動法人セキュリライフ,東京都台東区東上野３丁目３６番８号２階,2021-08-24,その他の設立登記法人
特定非営利活動法人フードバンクぎふ,岐阜県大垣市荒尾町１４９０番地３,2021-08-24,その他の設立登記法人
特定非営利活動法人愛知棒高跳クラブ,愛知県豊田市乙部ケ丘４丁目６番地５,2021-08-24,その他の設立登記法人
特定非営利活動法人楽しく着物を着る推進委員会,香川県高松市松縄町１０６７番地１９,2021-08-24,その他の設立登記法人
特定非営利活動法人輝色,山形県東村山郡山辺町大字山辺２７１１－１８,2021-08-24,その他の設立登記法人
特定非営利活動法人ＷＡＩＫＩ,大阪府大阪市東淀川区東中島１丁目１８番２２号,2021-08-24,その他の設立登記法人
特定非営利活動法人ｒｅｖ,東京都江東区東雲１丁目９番１１－４０６号,2021-08-24,その他の設立登記法人
琉球レジデンシャルサポート合同会社,沖縄県うるま市字赤道５６２番地１０,2021-08-24,合同会社
甲州電子株式会社,山梨県南都留郡富士河口湖町大石２８０５番地１４,2021-08-24,株式会社
甲福堂合同会社,神奈川県横浜市神奈川区羽沢町１１９８番地,2021-08-24,合同会社
知念施工合同会社,沖縄県中頭郡西原町字翁長５０４番地の５（グリーンコート仲宗根１０２号）,2021-08-24,合同会社
石電産業車輛株式会社,東京都江戸川区平井１丁目２番２７号,2021-08-24,株式会社
第二の実家合同会社,東京都港区浜松町２丁目２－１５－２Ｆ,2021-08-24,合同会社
絹園不動産管理合同会社,群馬県伊勢崎市戸谷塚町３０６－２,2021-08-24,合同会社
羽光合同会社,埼玉県朝霞市溝沼５丁目９番１号,2021-08-24,合同会社
華陽株式会社,東京都中央区銀座６丁目６番１号,2021-08-24,株式会社
農業太陽発電合同会社,東京都港区西新橋１丁目２番９号日比谷セントラルビル１４階,2021-08-24,合同会社
野田組合同会社,香川県綾歌郡宇多津町２８６２番地７,2021-08-24,合同会社
青木水力発電株式会社,山梨県韮崎市神山町鍋山１８４４番地１,2021-08-24,株式会社
静福物産株式会社,東京都千代田区麹町３丁目５番８号,2021-08-24,株式会社
８ねこ８合同会社,埼玉県蕨市南町１丁目１番８号,2021-08-24,合同会社
ＡＪ　Ｔｒａｄｉｎｇ合同会社,愛知県小牧市岩崎１丁目１０番地,2021-08-24,合同会社
ＡＫＥＳＨＩ　ＩＮＴＥＲＮＡＴＩＯＮＡＬ株式会社,茨城県つくば市古来４７２番地１,2021-08-24,株式会社
ＡＰ　ＳＴＵＤＩＯ株式会社,東京都板橋区常盤台４丁目３２番９号４Ｆ,2021-08-24,株式会社
Ａｇ　Ｉｎｎｏｖａｔｉｏｎ株式会社,岐阜県高山市片野町４丁目５３１番地,2021-08-24,株式会社
ＢＬＥ　Ｊａｐａｎ　１０１合同会社,東京都港区南麻布３丁目１９番２３号オーク南麻布ビル２階,2021-08-24,合同会社
ＢｉｚＭｏｗＣＡＲＥＥＲ株式会社,熊本県八代市本町１丁目９番１５号衆１Ｆ,2021-08-24,株式会社
ＣＹ株式会社,東京都中央区銀座８丁目１８番３号銀座加藤ビル２階,2021-08-24,株式会社
Ｃａｌ．ｌｉｎｅ合同会社,東京都足立区大谷田５丁目１３－７－２０２,2021-08-24,合同会社
ＣｏｄｅＴｏｔｓ　Ｊａｐａｎ株式会社,神奈川県横浜市磯子区中原２丁目２２番１４号,2021-08-24,株式会社
ＤＡＨＡＬ　ＧＬＯＢＡＬ合同会社,大阪府大阪市淀川区塚本２丁目２４番１１号２階,2021-08-24,合同会社
ＤＥＥＰ株式会社,大分県大分市羽屋２丁目１番５３号,2021-08-24,株式会社
ＤＭ　ＭＯＴＯＲ株式会社,愛知県愛西市金棒町南１６４番地２,2021-08-24,株式会社
ＥＲ１７株式会社,東京都港区六本木１丁目６番１号,2021-08-24,株式会社
ＥＲ１８株式会社,東京都港区六本木１丁目６番１号,2021-08-24,株式会社
ＦＬＯＡＴＩＮＧ　ＡＬＰＳ合同会社,東京都渋谷区神宮前６丁目１２－９－４Ｆ,2021-08-24,合同会社
Ｆａｓｔｌａｎｅ　Ｊａｐａｎ株式会社,東京都渋谷区代々木２丁目２０番１９号（ＣＶＣ会計内）,2021-08-24,株式会社
Ｆｌｅｘｓｙｓ　Ｊａｐａｎ合同会社,東京都中央区日本橋室町４丁目３番９号,2021-08-24,合同会社
Ｆｕｔｕｒｅ　Ｒｏａｄ合同会社,東京都江東区東雲１丁目９番３２－５００３号,2021-08-24,合同会社
ＧＥＮＥＲＡＴＩＯＮ　ＴＩＭＥ株式会社,東京都渋谷区広尾５丁目４番１６号,2021-08-24,株式会社
ＧＥＮＩＣＨＩ　Ｉｎｔｅｒｎａｔｉｏｎａｌ　Ｅｎｔｅｒｐｒｉｓｅ株式会社,東京都港区三田１丁目２番１８号ＴＴＤビル,2021-08-24,株式会社
Ｈ＆Ａ合同会社,三重県三重郡川越町大字南福崎２８１番地,2021-08-24,合同会社
ＨＥＡＲＴＳ合同会社,香川県高松市国分寺町新居９６０番地２,2021-08-24,合同会社
ＨＧ　ＣＯＮＳＵＬＴＩＮＧ合同会社,東京都杉並区和田１丁目３３番２８号３１２,2021-08-24,合同会社
ＨＯＰグループホールディングス株式会社,北海道札幌市中央区北四条西２１丁目２番１号,2021-08-24,株式会社
Ｈａｆｔｏｏ合同会社,京都府宇治市志津川東組１４番地,2021-08-24,合同会社
ＨｉｍａｌａｙａｎＹｅｔｉ合同会社,東京都北区赤羽３丁目３番３－６０６号ドミール赤羽,2021-08-24,合同会社
Ｉ‐ＣＨＡＩＮ　ＪＡＰＡＮ株式会社,東京都台東区浅草６丁目１８番１５号,2021-08-24,株式会社
ＩＬＹＡＳ　ＳＯＮＳ合同会社,大阪府大阪市北区中崎西３丁目２－１７,2021-08-24,合同会社
ＪＨＡＲＡＮＡ合同会社,神奈川県川崎市高津区二子１丁目１９番１８号,2021-08-24,合同会社
Ｊａｐａｎ　Ｉｎｔｅｇｒａｔｅｄ　Ｃａｒｂｏｎ株式会社,東京都千代田区丸の内２丁目３番１号,2021-08-24,株式会社
ＬＡ・Ｇｕｉｌｄ合同会社,埼玉県川越市むさし野２９番地３２,2021-08-24,合同会社
ＬＥＶＥＬ　ＮＩＮＥ合同会社,東京都品川区大崎２丁目９番２－３１１４号,2021-08-24,合同会社
ＬａＬａＬａコンサルティング合同会社,福岡県糸島市潤４丁目１２－３６Ｂ２０１,2021-08-24,合同会社
ＭＥＢＡＥ株式会社,京都府京都市左京区岡崎円勝寺町９１番地５,2021-08-24,株式会社
ＭＩＮＤ　ＨＯＭＥ合同会社,滋賀県大津市真野５丁目２８－２１,2021-08-24,合同会社
ＭＫ産業株式会社,沖縄県糸満市西崎２丁目１０番１１号,2021-08-24,株式会社
ＭＯＲＥ　ＧＲＯＵＰ合同会社,大阪府高槻市大字原６３６－１,2021-08-24,合同会社
ＭＯＲＯＯＴ　ＪＡＰＡＮ株式会社,東京都渋谷区代々木１丁目２５－５,2021-08-24,株式会社
ＭｅｄＳｅａｒｃｈ株式会社,東京都港区赤坂２丁目２２番２５号７０２号室,2021-08-24,株式会社
ＮＩＳＨＩ　ＴＲＡＤＥ株式会社,愛知県岩倉市東町掛目１２４サープラス３石黒Ｂ棟１０３号,2021-08-24,株式会社
ＮＩＷＡデザイン株式会社,静岡県富士市中之郷３１８９番地の５,2021-08-24,株式会社
Ｎａｉａ合同会社,北海道虻田郡倶知安町字山田１９０番地６マウンテンサイドパレス２Ｆ,2021-08-24,合同会社
Ｐｏｗｅｒ　Ｆｒｏｎｔｉｅｒ　Ｈｏｌｄｉｎｇｓ株式会社,東京都千代田区大手町２丁目３番２号,2021-08-24,株式会社
ＲＥＩＣＡ合同会社,東京都渋谷区渋谷２丁目１４－６西田ビル５Ｆ,2021-08-24,合同会社
ＲＩＴＡ・ＩＫＩＧＡＩ株式会社,兵庫県神戸市垂水区舞多聞東３丁目３番１８号,2021-08-24,株式会社
Ｒｅ．ＵＮＩ－ＴＥＣＫ株式会社,大阪府大阪市東淀川区大道南１丁目２６番１３号,2021-08-24,株式会社
Ｒｅｄ　Ａｒｒｏｗ　Ｔｈｅｒａｐｅｕｔｉｃｓ株式会社,東京都文京区本郷７丁目３番１号東京大学南研究棟アントレプレナーラボ,2021-08-24,株式会社
ＲｅｌａｔｉｏｎＭａｒｋｅｔｉｎｇ株式会社,奈良県橿原市曲川町１丁目１１番３３号,2021-08-24,株式会社
Ｒｉｃｈ　ＲＸ株式会社,東京都台東区寿３丁目１９番７－４０５号,2021-08-24,株式会社
ＳＲＣマテリアル合同会社,広島県福山市川口町５丁目１５番１９－１号,2021-08-24,合同会社
Ｓｗｉｆｔ合同会社,東京都千代田区丸の内３丁目１番１号東京共同会計事務所内,2021-08-24,合同会社
Ｓｗｉｆｔ１一般社団法人,東京都千代田区丸の内３丁目１番１号東京共同会計事務所内,2021-08-24,その他の設立登記法人
Ｓｗｉｆｔ２一般社団法人,東京都千代田区丸の内３丁目１番１号東京共同会計事務所内,2021-08-24,その他の設立登記法人
ＴＨＥ　ＧＡＮＥＳＨ株式会社,東京都千代田区九段南４丁目７番２２号,2021-08-24,株式会社
ＴＫ株式会社,大阪府高槻市藤の里町１９－２４,2021-08-24,株式会社
ＴＭプロモーション株式会社,東京都港区六本木３丁目１３番１２号エルサビル３０１,2021-08-24,株式会社
ＴＯＧＥＴＨＥＲ株式会社,東京都東村山市栄町３丁目９番地３－３０３,2021-08-24,株式会社
ＴＳＫ株式会社,山口県岩国市錦見５丁目１番２号,2021-08-24,株式会社
Ｔｒｅｅホーム合同会社,福岡県北九州市門司区梅ノ木町６－２１－２０７,2021-08-24,合同会社
ＵＮＩＱＵＥ　ＣＯＬＯＲＳ合同会社,東京都渋谷区神宮前６丁目２３番４号桑野ビル２Ｆ,2021-08-24,合同会社
Ｖｉｃｔｏｒｉａ　Ｇｒａｃｅ株式会社,東京都立川市羽衣町１丁目１番２－１０１号,2021-08-24,株式会社
Ｗａｒｄａｇ　Ｔｒａｄｉｎｇ株式会社,茨城県坂東市逆井３５３６番地大都ビル２０７,2021-08-24,株式会社
Ｗｅｓｔ　Ｆｉｅｌｄ株式会社,東京都千代田区九段南３丁目６番８－７０１号,2021-08-24,株式会社
ＹＫＮ・Ｌｉｆｅ　Ｃｒｅａｔｉｏｎ合同会社,京都府八幡市西山足立４番地２,2021-08-24,合同会社
ＺＩＭＡ－ｓｔａｇｅ株式会社,大阪府東大阪市足代新町１５番１３－２０４号,2021-08-24,株式会社
ａ－ｌｉｎｋ株式会社,宮城県仙台市宮城野区蒲生字鍋沼４９番地２,2021-08-24,株式会社
ｂｉｏＳｅｃｔｏｒ合同会社,神奈川県藤沢市村岡東２丁目２６番地１湘南ヘルスイノベーションパーク,2021-08-24,合同会社
ｃａｒｉｎ株式会社,沖縄県那覇市天久１丁目２８番３０号,2021-08-24,株式会社
ｅｃｈｏｓ　ｃｒｅａｔｉｏｎ合同会社,大阪府大阪市北区堂島浜１丁目４番４号アクア堂島フォンターナ３階,2021-08-24,合同会社
ｍａｂｌ株式会社,東京都中央区日本橋室町４丁目３番９号,2021-08-24,株式会社
ｏｖｅｒｄｏｓｅ合同会社,北海道旭川市東鷹栖東一条３丁目１３７番地の５０,2021-08-24,合同会社
ｐｌａｙｉｔ株式会社,東京都渋谷区神宮前３丁目１番２７号,2021-08-24,株式会社
かさぎ管理合同会社,神奈川県愛甲郡清川村煤ヶ谷１３６４番地の２,2021-08-25,合同会社
ちえの泉企業組合,大分県大分市下郡山の手４番４１号,2021-08-25,その他の設立登記法人
ちゃらりちゃらり合同会社,長野県下高井郡野沢温泉村大字豊郷９５１６番地１芙蓉ビル２Ｆ,2021-08-25,合同会社
ウェパロー合同会社,神奈川県横浜市青葉区美しが丘１丁目１３番地１０吉村ビル１０７号,2021-08-25,合同会社
エイトバレープロパティーズ株式会社,広島県広島市中区八丁堀４番４－１２０１号,2021-08-25,株式会社
エス・オー・シー株式会社,茨城県ひたちなか市高場１丁目１５番地７,2021-08-25,株式会社
エムアイケイビ株式会社,広島県安芸郡府中町大須１丁目１５番２１号,2021-08-25,株式会社
オイカワ合同会社,千葉県習志野市香澄２丁目５番８－１号,2021-08-25,合同会社
クラファン・グローバル合同会社,滋賀県高島市鴨川平２丁目３番地９,2021-08-25,合同会社
グルマン・ゴーズ・トゥ・トウキョウ株式会社,東京都国分寺市西町１丁目２７番地３７,2021-08-25,株式会社
ケー・エス・シー合同会社,栃木県日光市藤原町大字藤原９７４－４,2021-08-25,合同会社
コネル合同会社,高知県南国市浜改田５８９番地,2021-08-25,合同会社
コレットホールディングス株式会社,東京都千代田区神田三崎町２丁目１５番６号,2021-08-25,株式会社
コンボイ株式会社,東京都千代田区内神田３丁目７番３号三貢ビル５階,2021-08-25,株式会社
サプライチェーンＢｉｚスクエア名古屋合同会社,愛知県名古屋市西区牛島町６番１号,2021-08-25,合同会社
ジャパンチーマトレーディング株式会社,群馬県北群馬郡榛東村大字新井１９２５番地２,2021-08-25,株式会社
ステートストリート合同会社,千葉県野田市中野台３６１－７,2021-08-25,合同会社
スマートリクルーティング株式会社,東京都渋谷区代々木２丁目２３番１号,2021-08-25,株式会社
ソルアライアンス株式会社,福岡県北九州市小倉北区京町１丁目５番２２号,2021-08-25,株式会社
タイムプレ株式会社,京都府京都市左京区吉田下阿達町４６番地２９,2021-08-25,株式会社
テンセメックス株式会社,東京都台東区今戸２丁目２９番８号,2021-08-25,株式会社
デフィインク株式会社,宮城県仙台市青葉区五橋２丁目５番３－１００１号,2021-08-25,株式会社
トミートイズ株式会社,千葉県千葉市中央区生実町８３１番地１,2021-08-25,株式会社
ヌーベルパルク株式会社,東京都目黒区祐天寺１丁目１７番１３号,2021-08-25,株式会社
ハイタッチ合同会社,神奈川県川崎市宮前区有馬４丁目３番４－６０３号,2021-08-25,合同会社
ハイランドスター合同会社,東京都杉並区永福４丁目８－１５,2021-08-25,合同会社
ヒッポ企画合同会社,東京都中央区晴海２丁目２番４２－７１７号,2021-08-25,合同会社
ビズ・コーチング株式会社,東京都品川区荏原４丁目１－１－１１０２,2021-08-25,株式会社
フィンテック総合研究所株式会社,東京都千代田区神田駿河台２丁目１－３４プラザお茶の水ビル３０９,2021-08-25,株式会社
ブラシノキ株式会社,愛知県岡崎市箱柳町字猫沢２３番地８,2021-08-25,株式会社
ブルーコンシャス株式会社,東京都中央区銀座３丁目１３番１９号東銀座３１３ビル３階,2021-08-25,株式会社
ブルーツリー株式会社,神奈川県横浜市西区霞ケ丘３４,2021-08-25,株式会社
プレイバックコーポレーション株式会社,神奈川県横浜市港北区小机町４５０番地３折本ビル２Ｆ,2021-08-25,株式会社
ホーショー株式会社,東京都調布市国領町４丁目４９番地４杉崎ハイツ１０６,2021-08-25,株式会社
マイヤーツーブリックヴェーデ一家合同会社,東京都千代田区永田町２丁目１１番１号山王パークタワー３階,2021-08-25,合同会社
マツダフード株式会社,静岡県静岡市清水区入江南町１４－１４,2021-08-25,株式会社
マヒナピーチコンサルティング合同会社,東京都練馬区貫井２丁目２０番１４号,2021-08-25,合同会社
メディコラボラトリオ合同会社,東京都世田谷区粕谷４丁目２番１３藤和シティホームズ千歳烏山２０１号室,2021-08-25,合同会社
ヨシオカユキ合同会社,埼玉県行田市大字谷郷３０２番地２,2021-08-25,合同会社
ライト株式会社,東京都府中市武蔵台１丁目２５番５６号,2021-08-25,株式会社
ラピスコーポレーション株式会社,滋賀県大津市水明１丁目３９番地３,2021-08-25,株式会社
ランチャー京都丹波合同会社,京都府南丹市日吉町胡麻下道１６番地１,2021-08-25,合同会社
リンクゲート株式会社,石川県金沢市三池新町９番地９,2021-08-25,株式会社
リーライス合同会社,千葉県千葉市中央区弁天１丁目１５番３号リードシー千葉駅前ビルＢ１Ｆ,2021-08-25,合同会社
ルピナス株式会社,福岡県福岡市博多区博多駅南５丁目２１番１０－９０５号,2021-08-25,株式会社
ワーフー株式会社,神奈川県南足柄市飯沢３３６番地６,2021-08-25,株式会社
一般社団法人くさつ市民相続相談センター,滋賀県草津市草津町１８６６番６,2021-08-25,その他の設立登記法人
一般社団法人グローバル・クラスルーム日本協会,東京都港区南青山２丁目２番１５号,2021-08-25,その他の設立登記法人
一般社団法人シモキタ園藝部,東京都世田谷区北沢２丁目２４－５シモキタフロント株式会社内,2021-08-25,その他の設立登記法人
一般社団法人ニングルの森,北海道網走郡津別町字新町２７番地９,2021-08-25,その他の設立登記法人
一般社団法人ハマラボ・横浜ラボ,神奈川県横浜市南区睦町１丁目３４－５グランベルグ６０２,2021-08-25,その他の設立登記法人
一般社団法人中洲メディカル,福岡県福岡市博多区博多駅前３丁目１９番１８－８０３号,2021-08-25,その他の設立登記法人
一般社団法人再起人材育成機構,東京都港区六本木３丁目７番１－１８１８号,2021-08-25,その他の設立登記法人
一般社団法人博昌会,熊本県熊本市南区幸田１丁目７番２０号,2021-08-25,その他の設立登記法人
一般社団法人新御所有害射猟会,奈良県御所市大字戸毛９１７番地,2021-08-25,その他の設立登記法人
一般社団法人日本を愛する栃木県民の会,栃木県宇都宮市宮の内４丁目１５２番地３４,2021-08-25,その他の設立登記法人
一般社団法人日本エフェクチュエーション協会,京都府京都市左京区吉田本町,2021-08-25,その他の設立登記法人
一般社団法人日本リモートセールスエキスパート協会,静岡県浜松市南区安松町８０番地の１,2021-08-25,その他の設立登記法人
一般社団法人福岡スポーツ振興支援会,福岡県福岡市中央区平尾２丁目１３番１６号２階,2021-08-25,その他の設立登記法人
一般社団法人親子英語ふれあい教育協会,栃木県宇都宮市泉が丘２丁目１番２３号サーパス泉が丘通り１１０４,2021-08-25,その他の設立登記法人
一般社団法人金融資産総合研究所,北海道札幌市清田区里塚二条５丁目６番７号,2021-08-25,その他の設立登記法人
一般社団法人ＰＤＪ,大阪府松原市天美我堂５丁目６番２６号,2021-08-25,その他の設立登記法人
一般社団法人ＸＰＬＡＮＥ,東京都渋谷区神宮前６丁目２３番４号桑野ビル２階,2021-08-25,その他の設立登記法人
一陽来復合同会社,愛知県名古屋市中川区荒江町１２番１３号,2021-08-25,合同会社
三和フロンティア株式会社,東京都西東京市田無町１丁目１２番６号,2021-08-25,株式会社
中川株式会社,福岡県那珂川市大字市ノ瀬字大谷１５５３番地１,2021-08-25,株式会社
今井総業株式会社,愛媛県松山市北土居４丁目２４番２９号,2021-08-25,株式会社
仕掛人１０１合同会社,東京都立川市西砂町２丁目２９番地の２６,2021-08-25,合同会社
佳成合同会社,栃木県足利市通２丁目２７４５番地１,2021-08-25,合同会社
分析と対話株式会社,東京都品川区北品川５丁目５番１５号大崎ブライトコア４階,2021-08-25,株式会社
医療法人ＥＫＳ,熊本県熊本市東区戸島西３丁目２番３５号,2021-08-25,その他の設立登記法人
口和堆肥センター合同会社,広島県庄原市口和町常定３４番地２,2021-08-25,合同会社
合同会社ぜんまいラボ,神奈川県川崎市宮前区有馬８丁目６番１９－５０１号,2021-08-25,合同会社
合同会社そよ風,神奈川県横浜市泉区上飯田町２０２７番地５,2021-08-25,合同会社
合同会社ほしいろ,大阪府大阪市住之江区浜口東３丁目１３番１６－１１０２号,2021-08-25,合同会社
合同会社りぼん,神奈川県相模原市中央区陽光台４丁目１０番９号,2021-08-25,合同会社
合同会社エソラ,福岡県筑後市大字前津１６５１番地４０,2021-08-25,合同会社
合同会社エバーグリーン,福岡県福岡市中央区薬院１丁目５－２５第二青柳マンション５２３号室,2021-08-25,合同会社
合同会社カフーエステート,東京都港区南青山５丁目１１番２２－３０４号,2021-08-25,合同会社
合同会社ギタークラフト,北海道札幌市中央区南十一条西１丁目５－１６－７０６,2021-08-25,合同会社
合同会社クライムドアーズ,神奈川県川崎市多摩区登戸１０９６ソシアＴＭ３０３,2021-08-25,合同会社
合同会社クロスマネージャー,大阪府東大阪市玉串町西３丁目３－１９,2021-08-25,合同会社
合同会社シン,千葉県柏市あけぼの４丁目７番６号クレセントコート柏Ｂ２２６,2021-08-25,合同会社
合同会社スギョー,福岡県福津市手光２６７１番地の２２,2021-08-25,合同会社
合同会社セゾンデコールＮ,福岡県大野城市白木原１丁目１７番４－８１０号,2021-08-25,合同会社
合同会社ツカサエステート,大阪府寝屋川市南水苑町２０番８号,2021-08-25,合同会社
合同会社デイウォーク,茨城県神栖市溝口４８７３番地４５４,2021-08-25,合同会社
合同会社ナカモト,福岡県福岡市中央区谷２丁目３番３０－１０２号ＢＲＥＡＴＨ六本松Ⅱ,2021-08-25,合同会社
合同会社ハカセ,宮崎県宮崎市清武町木原３２２６番地１,2021-08-25,合同会社
合同会社ハーモニー,東京都練馬区平和台３丁目１９番１７号サイラント平和台２０４,2021-08-25,合同会社
合同会社ヒハナ,大阪府大阪市浪速区恵美須西２丁目２番６号ビジタル恵美須７－３階３０３号,2021-08-25,合同会社
合同会社ヒラソル,長野県長野市大字金箱２６９番地２,2021-08-25,合同会社
合同会社ファラ,東京都新宿区歌舞伎町１丁目２番７号新宿ダイカンプラザ星座館７０２号室,2021-08-25,合同会社
合同会社ファーメッサー,徳島県徳島市八万町法花１２９番地１,2021-08-25,合同会社
合同会社フォレストＮＥＴ,茨城県古河市下片田４６９番地１２,2021-08-25,合同会社
合同会社ブルーム,東京都文京区本駒込５丁目１８番９号,2021-08-25,合同会社
合同会社ブレイブドリーマー,東京都港区六本木４丁目３番１１号六本木ユニハウス２２３号,2021-08-25,合同会社
合同会社マハリク,宮城県仙台市若林区伊在２丁目１６番地の１０,2021-08-25,合同会社
合同会社ユーフラジー,神奈川県横浜市緑区中山１丁目２６番２－３０５号,2021-08-25,合同会社
合同会社ラグバイ,埼玉県さいたま市北区宮原町１丁目６６２番地シャルム磯部１０４,2021-08-25,合同会社
合同会社リアリティブ,東京都渋谷区神宮前６丁目２３番４号桑野ビル２階,2021-08-25,合同会社
合同会社リアン,大阪府泉南郡熊取町大久保中３丁目１５番２５号,2021-08-25,合同会社
合同会社ロングロード,大阪府守口市佐太中町５丁目４番１８号,2021-08-25,合同会社
合同会社伸和電気,神奈川県川崎市多摩区中野島３丁目２９番１０－２０１号,2021-08-25,合同会社
合同会社八田林業,北海道沙流郡平取町振内町２７番地３８,2021-08-25,合同会社
合同会社南インド屋,北海道札幌市厚別区厚別中央一条７丁目３番２０号ロジェ新札幌ステーション１１６号室,2021-08-25,合同会社
合同会社夢道,東京都新宿区歌舞伎町２丁目５番１２－１４０４号,2021-08-25,合同会社
合同会社天龍姫,広島県広島市中区銀山町１０番１０号,2021-08-25,合同会社
合同会社柳田,神奈川県高座郡寒川町田端８４５番地グリーン・ビュー湘南１０２,2021-08-25,合同会社
合同会社横浜ＨＭＫ,神奈川県横浜市神奈川区栄町５番地１横浜クリエーションスクエア１４階,2021-08-25,合同会社
合同会社無限,埼玉県越谷市蒲生本町１番１７号グランブルー弐番館１０２,2021-08-25,合同会社
合同会社空と森と海,青森県弘前市大字取上５丁目１６番地４号,2021-08-25,合同会社
合同会社虹の向こう,大阪府寝屋川市楠根北町２番１８－６０９号,2021-08-25,合同会社
合同会社飲食店総合企画,北海道札幌市中央区大通西１１丁目４番地,2021-08-25,合同会社
合同会社３１８,福岡県福岡市中央区舞鶴１丁目４番７ー８１１号舞鶴一丁目団地,2021-08-25,合同会社
合同会社ＡＩＳＡ　Ａｕｔｏ　Ｗｏｒｋｓ,東京都八王子市西寺方町２９５－２１,2021-08-25,合同会社
合同会社ＡＭマネジメント,東京都千代田区麹町１丁目６番９号,2021-08-25,合同会社
合同会社Ａｌｌｅｎｄａｌｅ,北海道札幌市中央区南五条西３丁目１１番美松ビル７Ｆ,2021-08-25,合同会社
合同会社Ａｔｓｕｍｅｒｕ,東京都杉並区宮前５丁目８－９リムテラス杉並宮前１０２,2021-08-25,合同会社
合同会社ＢＩＮＧＯ,神奈川県平塚市出縄１５番地の８,2021-08-25,合同会社
合同会社ＢＩＴＯＢＡ,新潟県新潟市中央区古町通４番町５７９番地１グリーンミナミ古町２０６Ｂ,2021-08-25,合同会社
合同会社Ｂｉｒｔｈ　Ｗｅｌｌ,愛知県小牧市小木南３丁目２４９番地,2021-08-25,合同会社
合同会社Ｄ－リンク,奈良県奈良市中登美ヶ丘２丁目１９８４番地の５４,2021-08-25,合同会社
合同会社ＤＡＫ,東京都品川区東品川１丁目３番１８号キャナルテラス品川８０１,2021-08-25,合同会社
合同会社ＤＤＤ　Ｐｒｏｊｅｃｔ,東京都目黒区平町１丁目１７番３号,2021-08-25,合同会社
合同会社Ｅａｒｔｈ　Ｈｏｕｓｅ,大阪府泉北郡忠岡町忠岡東１丁目２１番２７号,2021-08-25,合同会社
合同会社ＥｎｊｏｙＣｏｌｏｒ,大分県大分市山津町１丁目１１番２３号,2021-08-25,合同会社
合同会社Ｆｅｅｌａ,東京都中央区銀座３丁目１４番７号ｋｏｂｉｋｉｓｓＧＩＮＺＡ７０２,2021-08-25,合同会社
合同会社ＨＯＫＫＯリノベート,北海道札幌市中央区宮の森二条９丁目１番２７号,2021-08-25,合同会社
合同会社Ｉｍａｂｏ,大阪府東大阪市西岩田３丁目３番１４－３０３号,2021-08-25,合同会社
合同会社ＫＩＣ,福岡県糸島市潤４丁目８番２０号,2021-08-25,合同会社
合同会社ＫＩＦ,福岡県久留米市北野町上弓削８０７－１,2021-08-25,合同会社
合同会社ＫＫ,福岡県福岡市東区塩浜１丁目３６番５－２０２号,2021-08-25,合同会社
合同会社ＫＳＭＣ,東京都豊島区池袋本町４丁目３番７号,2021-08-25,合同会社
合同会社ＬＣ,東京都世田谷区給田４丁目８番３号,2021-08-25,合同会社
合同会社ＬＩＮＫ　ＵＰ,愛知県名古屋市西区菊井１丁目１番３号ツルミビル４０１号,2021-08-25,合同会社
合同会社ＭＭＰＲ,東京都板橋区幸町６６番４号,2021-08-25,合同会社
合同会社ＭＮＫ　ＴＲＡＤＥＲＳ,埼玉県川口市西川口１丁目３４番１８号,2021-08-25,合同会社
合同会社ＮＥＸＴ　ＯＮＥ　ＴＯＫＹＯ,東京都中央区日本橋人形町２丁目１５番２号創明社ビル２階,2021-08-25,合同会社
合同会社ＮＯＡ,東京都渋谷区渋谷３丁目２６番１６号第五叶ビル５Ｆ・６Ｆ,2021-08-25,合同会社
合同会社ＮＵＭＢＥＲ　ＳＥＶＥＮ,福岡県福岡市中央区春吉３丁目２４－１０－４０２アーバンテム春吉,2021-08-25,合同会社
合同会社Ｎａｋａｎｏ　Ｒｕｎｎｅｒ　Ｃｏ,茨城県稲敷市蒲ケ山７３４番地１６ライジングハウス２０１号室,2021-08-25,合同会社
合同会社Ｏｎ,北海道函館市北美原１丁目１１番１７号,2021-08-25,合同会社
合同会社ＲＥＰＯＳ,京都府京都市伏見区下鳥羽上三栖町１４３番地,2021-08-25,合同会社
合同会社ＲＳ,福岡県福岡市西区小戸３丁目３１－２５,2021-08-25,合同会社
合同会社ＲＴ,神奈川県横浜市青葉区たちばな台１丁目８番地１１,2021-08-25,合同会社
合同会社Ｒｉｓｅ,滋賀県東近江市蒲生堂町３２８番地３１３,2021-08-25,合同会社
合同会社Ｓ＆Ｍ,奈良県香芝市瓦口２１８３番地エスリード五位堂レジデンス２０４号,2021-08-25,合同会社
合同会社ＳＳＣ,神奈川県横浜市港南区芹が谷１丁目５番１９号,2021-08-25,合同会社
合同会社ＳＴＲＡＤ　ＯＮＥ,愛知県名古屋市中村区名駅５丁目３３－２１アクアタウン納屋橋２７０５号,2021-08-25,合同会社
合同会社ＳＴｏｒｄｅｒ,東京都多摩市諏訪１丁目５－５,2021-08-25,合同会社
合同会社ＳＵＮ　ＬＵＮＡ,兵庫県神戸市中央区中町通３丁目１－１８,2021-08-25,合同会社
合同会社Ｓｗｉｃｈ,福岡県福岡市博多区博多駅前３丁目３０番１５―６１５号,2021-08-25,合同会社
合同会社ＴＵＯＮＯ,埼玉県草加市新善町３２７番地１７,2021-08-25,合同会社
合同会社ＴｕＢｏＭｅｅ,東京都中央区銀座１丁目２２番１１号銀座大竹ビジデンス２階,2021-08-25,合同会社
合同会社ＷＩＬＬ,奈良県香芝市すみれ野１丁目９番地６グランテリア１０２号,2021-08-25,合同会社
合同会社ＷＯＳ,神奈川県横浜市都筑区中川２丁目６番１３号,2021-08-25,合同会社
合同会社ＹＵＫＡＡＬＡ　ｍａｒｉｎｅ,沖縄県宮古島市平良字西里２４０番地２、５階,2021-08-25,合同会社
合同会社Ｙｏｃａ．,福岡県糟屋郡粕屋町長者原東１丁目１１－８，パレ．グランドール長者原駅前３０１号,2021-08-25,合同会社
合同会社ａｎｇｅｌｉｃａ,福岡県福岡市中央区桜坂３丁目１２番９１－４１２号パークヒルズ櫻坂ステージⅠ,2021-08-25,合同会社
合同会社ｌｅ　ｌｉｎ,東京都目黒区上目黒４丁目２８番１７号,2021-08-25,合同会社
合同会社ｍａｈａｎａ,東京都新宿区住吉町２－１８,2021-08-25,合同会社
和一工業株式会社,岡山県岡山市中区雄町４３０番地１,2021-08-25,株式会社
坂井ホールディングス株式会社,大阪府大阪市都島区毛馬町１丁目５番１８号,2021-08-25,株式会社
大志ホールディングス合同会社,北海道札幌市中央区南十一条西７丁目３番２３号２Ｆ,2021-08-25,合同会社
天和株式会社,福岡県福岡市博多区東那珂２丁目１０番２５－５０６号アンピール空港西,2021-08-25,株式会社
山城商事株式会社,京都府船井郡京丹波町院内質野２５番地３２,2021-08-25,株式会社
山浦電設工業株式会社,福岡県福岡市南区鶴田１丁目８番１号,2021-08-25,株式会社
市川設備合同会社,山口県岩国市麻里布町３丁目２１－８麻里布中浜ビル５０２号,2021-08-25,合同会社
希輝株式会社,東京都港区虎ノ門３丁目１８番６号朝日虎ノ門マンション６１４号室,2021-08-25,株式会社
弁護士法人けやき法律事務所,京都府京都市中京区烏丸通御池上る二条殿町５３８番地,2021-08-25,その他の設立登記法人
日本ソフトウエアソリューションズ株式会社,東京都新宿区西新宿３丁目１１番１７号,2021-08-25,株式会社
日本占い心理学研究所株式会社,東京都渋谷区神宮前６丁目２３番４号桑野ビル２階,2021-08-25,株式会社
旭エンジニアリング株式会社,広島県広島市安佐南区八木２丁目１８番３８号,2021-08-25,株式会社
東洋ペット科学研究所株式会社,東京都中央区銀座７丁目１３－６サガミビル２階,2021-08-25,株式会社
松山合同会社,東京都中野区江原町２丁目２１番７－５０４号,2021-08-25,合同会社
株式会社いえここ不動産,神奈川県秦野市桜町２丁目１番４５号,2021-08-25,株式会社
株式会社おんどれ,大阪府大阪市中央区糸屋町１丁目２番１１－３８０６号,2021-08-25,株式会社
株式会社くまのと,神奈川県三浦郡葉山町一色１９４０番地の３４,2021-08-25,株式会社
株式会社はなわ電機,青森県弘前市大字鼻和字岩井２３１番地３,2021-08-25,株式会社
株式会社わかば東,福岡県太宰府市向佐野２丁目１３番４８号,2021-08-25,株式会社
株式会社アイカ,大阪府大阪市中央区久太郎町４丁目１番３号大阪センタービル６階,2021-08-25,株式会社
株式会社アイジーユー,埼玉県草加市瀬崎７丁目１番９号,2021-08-25,株式会社
株式会社アイソメッド,東京都千代田区神田神保町３丁目２番地８,2021-08-25,株式会社
株式会社アリストテレス,神奈川県川崎市中原区新丸子東３丁目１１００番地１５－Ｓ３１０３,2021-08-25,株式会社
株式会社アルティマ,広島県広島市中区榎町９番２１－１０３号－０３,2021-08-25,株式会社
株式会社アルファサービス,香川県高松市国分寺町新居１５０３番地６,2021-08-25,株式会社
株式会社アンバーフレッチャー,埼玉県加須市陽光台１丁目３００番地２０６,2021-08-25,株式会社
株式会社アーキテクト・クアラン,栃木県日光市土沢１５３８番地７,2021-08-25,株式会社
株式会社アークビルド,長野県長野市篠ノ井岡田３３１番地５,2021-08-25,株式会社
株式会社アールステージ,宮城県仙台市泉区松陵３丁目１２番地１,2021-08-25,株式会社
株式会社インザマスター,大阪府大阪市北区東天満１丁目１０番１２号３階,2021-08-25,株式会社
株式会社エコマスター・ジャパン,香川県三豊市山本町神田３０番地１,2021-08-25,株式会社
株式会社エスケーストラテジー,東京都中央区日本橋２丁目２番３号ＲＩＳＨＥビルＵＣＦ４階,2021-08-25,株式会社
株式会社エッジ,東京都中央区日本橋２丁目２番３号ＲＩＳＨＥビル４階,2021-08-25,株式会社
株式会社オルテンシア,京都府京都市伏見区観音寺町２１８番地,2021-08-25,株式会社
株式会社オーエルイーパートナー,神奈川県横浜市保土ケ谷区仏向町１３１０番地パークサイド保土ヶ谷３０２,2021-08-25,株式会社
株式会社オーキュウ鹿児島,鹿児島県鹿児島市桜ヶ丘３丁目４番３号,2021-08-25,株式会社
株式会社カカポ,京都府京丹後市網野町木津２５５番地,2021-08-25,株式会社
株式会社クレパ,東京都千代田区神田東松下町３７番地２加瀬ビル３１２,2021-08-25,株式会社
株式会社クロッシュ,広島県広島市中区小町７番２号,2021-08-25,株式会社
株式会社グレース,京都府京都市西京区大原野上里南ノ町６番地１,2021-08-25,株式会社
株式会社ケンコーデザインワークス,石川県加賀市黒崎町ラ１５９番地,2021-08-25,株式会社
株式会社コスゲ,神奈川県相模原市緑区下九沢２８１９番地６,2021-08-25,株式会社
株式会社コルドロン,神奈川県小田原市久野３５４２－１,2021-08-25,株式会社
株式会社コントレイル,宮城県富谷市あけの平２丁目９番地３,2021-08-25,株式会社
株式会社コントレイル,兵庫県加古川市野口町良野６０番地の２０,2021-08-25,株式会社
株式会社サガミ建装,神奈川県海老名市東柏ケ谷５丁目１番８－１００１号,2021-08-25,株式会社
株式会社サン住宅建設,大阪府門真市常盤町２５番１４号,2021-08-25,株式会社
株式会社シェノンライフ,新潟県新潟市東区下場本町１２番６号,2021-08-25,株式会社
株式会社シンキトレーディング,福岡県福岡市博多区諸岡５丁目９番１３号,2021-08-25,株式会社
株式会社シンサリティ,鹿児島県鹿児島市上荒田町１８番１６号,2021-08-25,株式会社
株式会社ジャンボプロダクション,東京都渋谷区東１丁目２６番３０号,2021-08-25,株式会社
株式会社スズキ総建,愛知県名古屋市名東区高針１丁目４０２番地の８,2021-08-25,株式会社
株式会社スノーグリーン,大分県大分市新町１９番３号１４０１号室,2021-08-25,株式会社
株式会社スペース,千葉県千葉市中央区末広２丁目３番６号,2021-08-25,株式会社
株式会社スポーツワールドサザンヒル,沖縄県島尻郡南風原町字宮平４６０番地１,2021-08-25,株式会社
株式会社セキ,鹿児島県大島郡天城町大字西阿木名２８２番地１,2021-08-25,株式会社
株式会社セジュールグループ,愛知県名古屋市中区千代田３丁目１１番１４号,2021-08-25,株式会社
株式会社ゼロ－プロ,埼玉県川口市大字安行領根岸１２９４番地の１２,2021-08-25,株式会社
株式会社ソウルフルライフ,東京都港区赤坂４丁目８番１９号赤坂フロントタウン３階,2021-08-25,株式会社
株式会社タカオート,石川県小松市今江町９丁目２７５番地,2021-08-25,株式会社
株式会社タツミプランニング,三重県伊勢市船江２丁目１１番地４,2021-08-25,株式会社
株式会社ダイシン,福岡県飯塚市小正４８０番地１,2021-08-25,株式会社
株式会社ティムス,大阪府岸和田市箕土路町１丁目９番３５号,2021-08-25,株式会社
株式会社ティーアンドエス,福岡県福岡市中央区薬院１丁目７番１号３Ｆ,2021-08-25,株式会社
株式会社テックギルド,東京都千代田区霞が関１丁目４番１号,2021-08-25,株式会社
株式会社ドリカム沖縄,沖縄県中頭郡西原町字千原２６２番地１さくらマンション２０３号,2021-08-25,株式会社
株式会社ニッポン不動産,東京都渋谷区代々木１丁目５－８セボン代々木１０５,2021-08-25,株式会社
株式会社ニューテライン,福岡県北九州市八幡東区枝光４丁目１－１０－１０１号,2021-08-25,株式会社
株式会社ハクサンケミカル,石川県白山市湊町丙１６番地１,2021-08-25,株式会社
株式会社バジワトレーディング,栃木県栃木市藤岡町富吉１５００番地,2021-08-25,株式会社
株式会社バッカス,大阪府大阪市北区本庄東３丁目１０番２９号,2021-08-25,株式会社
株式会社バラテック,愛知県半田市瑞穂町３丁目４－７,2021-08-25,株式会社
株式会社ビオリア,神奈川県川崎市幸区新小倉２番１－６２５号,2021-08-25,株式会社
株式会社ピーオー,神奈川県伊勢原市伊勢原２丁目２番２６号ｉｍａｉｂｉｌｄ．５Ｆ,2021-08-25,株式会社
株式会社ファインプロパティ,東京都墨田区京島１丁目８番８号,2021-08-25,株式会社
株式会社フェニックス,徳島県徳島市住吉４丁目１０番６０,2021-08-25,株式会社
株式会社フコキサンチン,東京都中央区八丁堀２丁目３０番１５号東海ビル３階,2021-08-25,株式会社
株式会社フレア,石川県金沢市長町１丁目４番１４号,2021-08-25,株式会社
株式会社ブライス,埼玉県比企郡川島町大字上伊草１６７７番地２１,2021-08-25,株式会社
株式会社マーム,埼玉県さいたま市浦和区木崎５丁目１７番１４号,2021-08-25,株式会社
株式会社ミライの営業,滋賀県大津市松本２丁目１５番１１号,2021-08-25,株式会社
株式会社メイクトラストノーサン,岩手県滝沢市鵜飼迫１０７番地５,2021-08-25,株式会社
株式会社ライズ,愛知県常滑市原松町２丁目６番地の１Ａ棟,2021-08-25,株式会社
株式会社リアライズ,神奈川県三浦市初声町下宮田１０７９番地１３５,2021-08-25,株式会社
株式会社リアライズ,千葉県市原市西国分寺台１丁目１番地１２,2021-08-25,株式会社
株式会社リバティー沖縄,沖縄県那覇市樋川２丁目３番１号,2021-08-25,株式会社
株式会社リモデリンク,富山県富山市太田３－８,2021-08-25,株式会社
株式会社リンドインターナショナル,東京都渋谷区恵比寿１丁目１５番９号日宝恵比寿ビル４０３,2021-08-25,株式会社
株式会社レーヴ,大阪府東大阪市足代２丁目３番２１－１５０７号,2021-08-25,株式会社
株式会社ワンダフルワン,愛知県名古屋市瑞穂区田辺通２丁目１１番地の１コーポ田辺２Ｆ,2021-08-25,株式会社
株式会社万有引力,東京都豊島区高田１丁目３６番１３－３０５号,2021-08-25,株式会社
株式会社丸よし,北海道余市郡余市町黒川町１２丁目８０番地,2021-08-25,株式会社
株式会社九州中央不動産,福岡県福岡市早良区西新１丁目８番１１号,2021-08-25,株式会社
株式会社佳奈,東京都豊島区東池袋１丁目３１番２－５０１号,2021-08-25,株式会社
株式会社北新地寛龍,大阪府大阪市北区堂島２丁目１番５号堂島レジデンス１２０４号室,2021-08-25,株式会社
株式会社堀田グループ,広島県広島市佐伯区湯来町伏谷１６６０－１,2021-08-25,株式会社
株式会社塚原工業,茨城県古河市諸川１０２２番地１ピーノヴェントＢ－２０１,2021-08-25,株式会社
株式会社壱商業,三重県名張市滝之原１８２３番地,2021-08-25,株式会社
株式会社外壁王,石川県金沢市泉本町６丁目３６番地大国ハイツ１０１号室,2021-08-25,株式会社
株式会社夢愛,福岡県朝倉市屋永１７６０番６,2021-08-25,株式会社
株式会社夢現,長野県松本市井川城３丁目４番３号マストタウンアストレア２０５号,2021-08-25,株式会社
株式会社大洗まちづくり専科,茨城県東茨城郡大洗町磯浜町２４１０番地,2021-08-25,株式会社
株式会社山口タイヤサービス,北海道三笠市萱野１０８番地１２,2021-08-25,株式会社
株式会社山崎建築,広島県廿日市市吉和２２４１番地２,2021-08-25,株式会社
株式会社山秀工業,和歌山県日高郡印南町大字南谷３０８番地の３,2021-08-25,株式会社
株式会社山警,大分県大分市大字上宗方５２０番地１コーポ宗方２０２号,2021-08-25,株式会社
株式会社庭健,大阪府大阪市淀川区西宮原３丁目３番１－１５０７号,2021-08-25,株式会社
株式会社愛知マネジメントクリニック,愛知県名古屋市中村区名駅３丁目１番２号グラン・アベニュー名駅１３１２号,2021-08-25,株式会社
株式会社未来創研,福岡県福岡市西区愛宕浜２丁目２番７－８０７号,2021-08-25,株式会社
株式会社松,熊本県熊本市南区今町１７８番地２,2021-08-25,株式会社
株式会社正玄,愛知県名古屋市北区田幡２丁目１４番６号リル黒川６Ａ,2021-08-25,株式会社
株式会社泉配食サービス,宮城県仙台市泉区明石南５丁目１２番地の６,2021-08-25,株式会社
株式会社波凪房,茨城県神栖市波崎新港３番地５,2021-08-25,株式会社
株式会社清明,神奈川県横浜市港北区篠原北２丁目１９番２７号,2021-08-25,株式会社
株式会社渡邉企画,東京都町田市小山町２３６２番地９,2021-08-25,株式会社
株式会社真技建,栃木県宇都宮市越戸町１１０番地６睦ハイツＡ棟１０２号室,2021-08-25,株式会社
株式会社神奈川ＡＲＴクリニック生殖医療研究所,東京都千代田区九段北１丁目２番２号グランドメゾン九段９０８号,2021-08-25,株式会社
株式会社福山ＦＰ,愛知県名古屋市東区代官町２８番１６号,2021-08-25,株式会社
株式会社福栄,岡山県岡山市北区東古松２丁目７番１６号,2021-08-25,株式会社
株式会社種屋稲垣,東京都中野区本町６丁目３５番２３号,2021-08-25,株式会社
株式会社章栄,静岡県駿東郡長泉町元長窪１２２番地の１,2021-08-25,株式会社
株式会社粋,愛知県名古屋市瑞穂区彌富町字桜ケ岡３０番地の２,2021-08-25,株式会社
株式会社糸島地建,福岡県糸島市志摩師吉１０１番地,2021-08-25,株式会社
株式会社統警,鹿児島県鹿児島市谷山中央２丁目５７０番地１,2021-08-25,株式会社
株式会社綱分商店,福岡県糟屋郡粕屋町大字仲原２６３８番地１,2021-08-25,株式会社
株式会社美成,千葉県松戸市根本１５１番地の２シャルマンコーポ松戸４０５号室,2021-08-25,株式会社
株式会社聖,北海道札幌市白石区北郷五条４丁目７番１３号ＫＹ藤井ビル１０２号,2021-08-25,株式会社
株式会社藤本建装,東京都青梅市藤橋２丁目５０９番地の１,2021-08-25,株式会社
株式会社裕香,東京都新宿区大久保１丁目１６番２７号ＫＭプラザ１階,2021-08-25,株式会社
株式会社貝塚ペットセンター,大阪府貝塚市麻生中１１１番地１７,2021-08-25,株式会社
株式会社鈴博,東京都千代田区岩本町３丁目１０番７号東自機ビル７階,2021-08-25,株式会社
株式会社高橋哲也建築計画,神奈川県川崎市多摩区南生田７丁目８番１－４０１号,2021-08-25,株式会社
株式会社高畑ブロック工業,北海道上川郡東川町北町３丁目９番７号,2021-08-25,株式会社
株式会社麺屋聖,京都府京都市左京区一乗寺払殿町４８番地,2021-08-25,株式会社
株式会社Ａ－ｓｅｎｓ,大阪府大阪市城東区野江３丁目５番７号,2021-08-25,株式会社
株式会社ＡＳＰ,東京都豊島区西池袋３丁目２１番１３－２５０４号,2021-08-25,株式会社
株式会社ＡＴＬＡＳ,東京都港区白金６丁目１１番７号,2021-08-25,株式会社
株式会社Ａｄｖｅｎｔｕｒｅ　Ｋｉｄｓ,愛知県愛西市西條町西善太７７番地,2021-08-25,株式会社
株式会社Ａｈｕｍ,東京都渋谷区神宮前３丁目３１番１７号,2021-08-25,株式会社
株式会社Ａｌｌｉｎ,福岡県北九州市小倉北区京町１丁目３番１号２Ｆ,2021-08-25,株式会社
株式会社Ａｏｉｅ,東京都千代田区九段南１丁目５番６号りそな九段ビル５Ｆ－ＫＳフロア,2021-08-25,株式会社
株式会社Ｂｉｒｔｈｉｎｋ,熊本県熊本市東区石原１丁目３番３０号,2021-08-25,株式会社
株式会社ＢｕＢｕ,東京都新宿区新宿７丁目９番１０号,2021-08-25,株式会社
株式会社Ｃ‐Ｓｉｄｅ,東京都国立市富士見台２丁目１４番地の１Ｌｏｆｔｙ国立８Ｆ,2021-08-25,株式会社
株式会社ＣＢＤａｌｐｈａ,沖縄県那覇市久茂地１丁目１番１号９階,2021-08-25,株式会社
株式会社ＣＮＤＡ,東京都中央区銀座１丁目２２番１１号銀座大竹ビジデンス２Ｆ,2021-08-25,株式会社
株式会社ＣＲＥＡＭ,埼玉県川越市吉田新町３丁目８番地の４－２０２,2021-08-25,株式会社
株式会社Ｃｉｒｃｕｌｙ,東京都台東区竜泉１丁目７－４,2021-08-25,株式会社
株式会社ＣｏＣｏ,福岡県福岡市中央区天神２丁目３番１０号天神パインクレスト７１９号,2021-08-25,株式会社
株式会社Ｃｏｎｃｅｐｔ・Ｖｉｓｉｏｎ,鹿児島県鹿屋市札元２丁目３６７５番地２８　２階,2021-08-25,株式会社
株式会社Ｃｙｔｏｋｉｎｄｓ,大阪府大阪市北区西天満２丁目７番２２号サンシステム北新地ビル３０１号,2021-08-25,株式会社
株式会社Ｄ－ｓｔｙｌｅ,愛知県豊明市西川町島原１４番地７,2021-08-25,株式会社
株式会社ＤＡＷＩＮ,神奈川県藤沢市長後２６２７－２,2021-08-25,株式会社
株式会社ＤＴＢ,東京都東久留米市下里６丁目５番５１号,2021-08-25,株式会社
株式会社Ｄａ　Ｊｏｉｎｔ,東京都杉並区永福３丁目４２番９号,2021-08-25,株式会社
株式会社Ｄｏｉｓｍ,東京都葛飾区西亀有３丁目２８番１６号,2021-08-25,株式会社
株式会社ＧＣ　ＡＧＥＮＴ,福岡県福岡市中央区天神３丁目１０番３２号,2021-08-25,株式会社
株式会社ＧＮ１,北海道札幌市厚別区厚別中央三条６丁目１番６号,2021-08-25,株式会社
株式会社ＧＳＴ　ａｒｔ,東京都葛飾区鎌倉１丁目２４番１号,2021-08-25,株式会社
株式会社ＨＡＣ,愛知県小牧市大字東田中字菖蒲池１３１９番地,2021-08-25,株式会社
株式会社ＨＭＳ,神奈川県横浜市旭区白根６丁目４３番２号,2021-08-25,株式会社
株式会社ＨＴ　ｉｎｎｏｖａｔｉｏｎ,大阪府大阪市中央区西心斎橋２丁目４番２号難波日興ビル７Ｆ,2021-08-25,株式会社
株式会社Ｈａｎｄｓ－ｏｎ,奈良県生駒市生駒台南１１３０番地２６,2021-08-25,株式会社
株式会社Ｉ’ＲＩＳ,千葉県流山市三輪野山３丁目１０番地の１２,2021-08-25,株式会社
株式会社ＩＷＡＴＡ,埼玉県さいたま市緑区道祖土１丁目２７番１０号,2021-08-25,株式会社
株式会社ＩＺＡＬＡ,東京都港区芝５丁目２６番２４号田町スクエア３Ｆ,2021-08-25,株式会社
株式会社Ｊ・ＲＯＡＤ,大阪府岸和田市東ケ丘町８０８番地の４２５,2021-08-25,株式会社
株式会社Ｋ．Ｒ．Ｙ,沖縄県那覇市辻１丁目９番１号,2021-08-25,株式会社
株式会社ＫＡＩＳＹＵＮ,長野県飯田市中央通り３丁目４番地木下ビル１Ｆ,2021-08-25,株式会社
株式会社ＫＡＮＡＵ,兵庫県神戸市垂水区舞子台６丁目１０番１２号,2021-08-25,株式会社
株式会社ＫＫＶ,東京都台東区浅草７丁目６－８嶋津ビル１Ｆ,2021-08-25,株式会社
株式会社ＫＬＯ,和歌山県和歌山市六十谷１９５番地１７,2021-08-25,株式会社
株式会社ＫＳメディカル,東京都羽村市神明台２丁目５番地３３－９１０号,2021-08-25,株式会社
株式会社Ｋｅｙ　Ｗｅｓｔ　Ｃａｐｉｔａｌ,東京都新宿区新宿３丁目１２番４号新宿Ｎタウンプラザ３０９号,2021-08-25,株式会社
株式会社Ｋｎｉｇｈｔ　Ｄｅｓｉｇｎ,神奈川県横浜市中区扇町１丁目１番地１６,2021-08-25,株式会社
株式会社ＬＥＯ,岡山県岡山市北区表町１丁目１番８号ライオンズタワー岡山表町１１０５,2021-08-25,株式会社
株式会社ＬＯＶＥ＆ＢＥＡＵＴＹ,東京都新宿区新宿３丁目１番１３号,2021-08-25,株式会社
株式会社ＬＳテクノロジー,東京都新宿区新宿２丁目１２番１３号新宿アントレサロンビル２階,2021-08-25,株式会社
株式会社ＬＵ‐ＫＡ,大阪府大阪市中央区西心斎橋２丁目１３番１３－３０６号,2021-08-25,株式会社
株式会社ＬＵＮＫ,東京都渋谷区東１丁目２６番２０号,2021-08-25,株式会社
株式会社Ｍ　ａｎｄ　Ｋ,東京都中野区中央５丁目１０－３－２０７,2021-08-25,株式会社
株式会社Ｍ．Ｅ．Ｓ．,宮城県塩竈市袖野田町７番２０号,2021-08-25,株式会社
株式会社Ｍ．Ｒ．Ｃ,鳥取県米子市淀江町佐陀５２７,2021-08-25,株式会社
株式会社ＭＡＴＳＵＫＯ,神奈川県横浜市中区宮川町１丁目１４番地１２,2021-08-25,株式会社
株式会社ＭＵＴＩＳＴ,東京都台東区台東３丁目４４番７号,2021-08-25,株式会社
株式会社Ｎ＆Ｓ,広島県広島市西区商工センター８丁目６番２９号,2021-08-25,株式会社
株式会社ＮＩＣＨＩＢＩ,千葉県松戸市本町１７番地の１１芹澤ビル６Ｆ,2021-08-25,株式会社
株式会社ＮＹＣ,京都府京都市伏見区羽束師古川町１２６番地１９,2021-08-25,株式会社
株式会社Ｎｅｂｒａｓｋａ,東京都千代田区平河町１丁目３－６ＢＩＺＭＡＲＫＳ麹町２Ｆ,2021-08-25,株式会社
株式会社Ｎｏ．８,大阪府摂津市鶴野１丁目５番４号,2021-08-25,株式会社
株式会社Ｏ２Ｒ,埼玉県越谷市赤山町４丁目５番４号,2021-08-25,株式会社
株式会社ＯＬＤＳＣＨＯＯＬ,愛知県尾張旭市東栄町４丁目６－１７三郷パークマンション４０１号,2021-08-25,株式会社
株式会社ＰＤＹエンタテインメント,東京都品川区東五反田４丁目３－３４シャトレーヌ白金台ヒルズ３０３,2021-08-25,株式会社
株式会社ＰＬＹ,東京都世田谷区太子堂３丁目７番４号,2021-08-25,株式会社
株式会社ＰＯＳＳＩＭ,東京都中央区湊３丁目１０番１０号ＢｉｚＳＱＵＡＲＥ築地１Ｆ,2021-08-25,株式会社
株式会社ＰＲＥＸＩＡ,茨城県古河市下辺見２６１８番地,2021-08-25,株式会社
株式会社Ｐｅｔｏ,東京都練馬区豊玉北３丁目４－８ＳＴＲＡＴＡ、Ｂ－０７,2021-08-25,株式会社
株式会社Ｒ・Ｅ・Ｎ,東京都江東区青海２丁目７番４号ＴｈｅＳｏｈｏ９０９号室,2021-08-25,株式会社
株式会社ＲＥＶＥＲＳＡＬ,北海道札幌市中央区南六条西３丁目１０番１４号ススキノ中央ビル６Ａ,2021-08-25,株式会社
株式会社ＲＵＲＡ,北海道虻田郡ニセコ町字曽我７－３,2021-08-25,株式会社
株式会社Ｒａｔｉｎｇ,東京都渋谷区神宮前６丁目２３番４号桑野ビル２階,2021-08-25,株式会社
株式会社Ｒｅｌｉａｂｌｅ　Ｃｏｎｓｕｌｔｉｎｇ,大阪府大阪市淀川区三国本町１丁目１６番２７号ファミール北大阪パークサイド７０４号,2021-08-25,株式会社
株式会社ＳＡハウジング,神奈川県横浜市中区桜木町１丁目１番地７ヒューリックみなとみらい１０階,2021-08-25,株式会社
株式会社ＳＡＩＮＩ　ＪＡＰＡＮ,神奈川県相模原市南区麻溝台５丁目９番２７－６号,2021-08-25,株式会社
株式会社ＳＡＸＳＩＡ,広島県広島市南区南蟹屋２丁目１番３６－９０７号,2021-08-25,株式会社
株式会社ＳＥＮＴＩＬ　ＩＮＶＥＳＴＭＥＮＴ,東京都江東区新大橋２丁目１２番１８－１２０３号,2021-08-25,株式会社
株式会社ＳＮアセットマネジメント,東京都品川区西五反田７丁目９番５号ＳＧテラス２階,2021-08-25,株式会社
株式会社ＳＰＧ,愛知県豊明市前後町仙人塚１７３６番地１４８,2021-08-25,株式会社
株式会社ＳＵＮ,大阪府大阪市住吉区山之内１丁目２４番３０号ナカノハイツ３０８号,2021-08-25,株式会社
株式会社Ｓｈｕ,福岡県福岡市博多区諸岡３丁目３番１９号,2021-08-25,株式会社
株式会社Ｓｋｙ,福岡県福岡市中央区大名２丁目１０番４号シャンポール大名Ｄ棟２０５号,2021-08-25,株式会社
株式会社ＳｔａｒＣｒｅｗ,東京都新宿区西新宿１丁目１９番６号,2021-08-25,株式会社
株式会社ＴＯＳＨＯ,大阪府大阪市中央区北久宝寺町１丁目９番６号ネオフィス堺筋本町２０２号,2021-08-25,株式会社
株式会社ＴＳＡ　Ｌａｂ,東京都港区新橋６丁目１１－８,2021-08-25,株式会社
株式会社ＴＷＯ,大阪府大阪市北区天満３丁目１番１１号１階,2021-08-25,株式会社
株式会社Ｔｉｄａ,大阪府大阪市淀川区西中島４丁目８番１－５０６号,2021-08-25,株式会社
株式会社Ｖｅｌｄｙ　Ｌｉｆｅ,北海道札幌市南区川沿四条５丁目８番１０号,2021-08-25,株式会社
株式会社Ｖｉ－ＳＴＯＲＹ,静岡県静岡市葵区吉野町４－７,2021-08-25,株式会社
株式会社ＷＡＫＯ　ｔｒａｎｓｐｏｒｔ,東京都豊島区高松３丁目４－９,2021-08-25,株式会社
株式会社Ｗｉｌｌｏｗ,長野県佐久市大沢４３０番地１０,2021-08-25,株式会社
株式会社ＹＭ　Ｅａｒｔｈ,京都府宇治市大久保町南ノ口８番地の４,2021-08-25,株式会社
株式会社ＹＵＭＥＴＡＳＵ,愛知県名古屋市中区東桜２丁目１９－９明治第１１ビル２Ｆ,2021-08-25,株式会社
株式会社ａｓｙｌ,愛知県名古屋市中区栄５丁目２６番３９号ＧＳ栄ビル３Ｆ,2021-08-25,株式会社
株式会社ａｔｅｅ,埼玉県越谷市千間台西１丁目１８番１－１０４,2021-08-25,株式会社
株式会社ｃａｓａ　ｄｅｌ　ｓｏｌｅ宮古島,沖縄県宮古島市城辺字保良５４０－１２,2021-08-25,株式会社
株式会社ｃｌｏｃｈｅ,東京都大田区南雪谷１丁目１８番１３号,2021-08-25,株式会社
株式会社ｃｏｎｃｅｐｔ,東京都新宿区新宿５丁目１１－１ホーメスト新宿ビル９Ｆ,2021-08-25,株式会社
株式会社ｃｒｏｓｓ　ｃｈｅｅｒ,神奈川県横浜市中区石川町２丁目８５インブルーム３Ｆ,2021-08-25,株式会社
株式会社ｄｕ　ＬＯＣＡＬ,北海道上川郡下川町錦町３４番地,2021-08-25,株式会社
株式会社ｅ－ネクスト,福岡県久留米市荒木町白口１９１２番地９,2021-08-25,株式会社
株式会社ｋｉｃｈｉ,兵庫県神戸市東灘区本山南町８丁目３番１－１００５,2021-08-25,株式会社
株式会社ｋｎｏｔｔ,東京都足立区日ノ出町３４番３－２０５号,2021-08-25,株式会社
株式会社ｎａｎｏ,東京都中央区銀座１丁目２２番１１号銀座大竹ビジデンス２階,2021-08-25,株式会社
株式会社ｖｏｒｎｅ,福岡県福岡市東区香椎照葉６丁目３番１２－５０９号プライムメゾン照葉クロススタイル,2021-08-25,株式会社
株式会社ｗｉＺ,熊本県玉名市滑石３７０７番地１,2021-08-25,株式会社
活力農業合同会社,千葉県富津市関尻４４５番地,2021-08-25,合同会社
無線送電合同会社,埼玉県川越市大手町１３番地２１,2021-08-25,合同会社
特定非営利活動法人東京コンテンポラリーシアター,東京都世田谷区駒沢５丁目４番８号,2021-08-25,その他の設立登記法人
社会保険労務士法人ＫＴＧ,埼玉県さいたま市浦和区東仲町１１番１号ステラ浦和４階,2021-08-25,その他の設立登記法人
社会福祉法人すこやか,奈良県磯城郡田原本町大字宮古１６１番１,2021-08-25,その他の設立登記法人
笹岡薬品通販株式会社,兵庫県芦屋市業平町６番３４号,2021-08-25,株式会社
藤絹工芸株式会社,鹿児島県鹿児島市南栄１丁目８番１号,2021-08-25,株式会社
行政書士法人放デイラボ,東京都中野区新井１丁目４番２号,2021-08-25,その他の設立登記法人
豊産業株式会社,佐賀県佐賀市川副町西古賀７８４,2021-08-25,株式会社
資源の里合同会社,岩手県奥州市前沢古城字比良４２番地４,2021-08-25,合同会社
農事組合法人ガイナジャパン,愛媛県宇和島市寄松甲１２６０番地,2021-08-25,その他の設立登記法人
青十字クリニックオペレーションズ株式会社,東京都千代田区永田町２丁目１１番１号山王パークタワー３階,2021-08-25,株式会社
Ａｏｉ．Ｄｒｅａｍ株式会社,埼玉県さいたま市緑区大字中尾１０５番地４,2021-08-25,株式会社
Ａｒｃｈｉｖｉｓｔ　Ｌａｂ株式会社,東京都渋谷区神南１丁目１４番７号ワイズ神南ビル２階,2021-08-25,株式会社
ＢＥＡＵＴＩＱＯ株式会社,東京都千代田区神田錦町３丁目２１番－１１６２号,2021-08-25,株式会社
ＢＩＧゴル株式会社,埼玉県東松山市大字大谷４１６６番１３－２０７号,2021-08-25,株式会社
ＢＫ株式会社,福岡県福岡市中央区天神２丁目３番１０号天神パインクレスト７１９号,2021-08-25,株式会社
ＢＲＰＰ．Ｉｎｔｅｒｎａｔｉｏｎａｌ合同会社,東京都国分寺市西恋ヶ窪３丁目３番地６号Ｕ－１８ビル１０１号,2021-08-25,合同会社
Ｂｕｚｚ　Ｔｅｃｈｎｏｌｏｇｙ　Ｊａｐａｎ研究所株式会社,愛知県名古屋市中区大須３丁目２６番４１号,2021-08-25,株式会社
ＣＯＣＯＲＯ税理士法人,長野県長野市稲里町下氷鉋１３８２番地２ナカジマビル１階,2021-08-25,その他の設立登記法人
ＣａｒｐｅＤｉｅｍ合同会社,東京都杉並区南荻窪４丁目１８番１４号,2021-08-25,合同会社
Ｃｒａｆｔｅｒ’ｓ　Ｊａｐａｎ株式会社,北海道札幌市白石区南郷通１９丁目南２番２６－４０１号,2021-08-25,株式会社
Ｃｒｅｉｓ　Ｊａｐａｎ株式会社,東京都千代田区大手町１丁目７番２号東京サンケイビル２７階,2021-08-25,株式会社
Ｃｗｅｅｔ合同会社,東京都品川区南大井４丁目１４－１６、１０２,2021-08-25,合同会社
ＤＥＵＴＺ　ＪＡＰＡＮ合同会社,東京都千代田区神田東松下町４１番地１－７０４号室,2021-08-25,合同会社
ＦＣＨマネジメント合同会社,大阪府大阪市阿倍野区天王寺町北１丁目８番４７－２０８号,2021-08-25,合同会社
Ｆｌｏｗｅｒ　Ｃｉｔｙ　Ｃｏｍｐａｎｙ株式会社,福岡県福岡市中央区赤坂１丁目２番７－６０８号,2021-08-25,株式会社
ＧＦＡ　ＦＯＯＤＳ株式会社,東京都港区南青山２丁目２番１５号,2021-08-25,株式会社
ＧＰ－Ｓｔｏｒａｇｅ株式会社,東京都中央区日本橋兜町１３番１号,2021-08-25,株式会社
Ｈｉｒａｄｏ　Ｊａｐａｎ合同会社,神奈川県藤沢市辻堂元町３丁目９番５号,2021-08-25,合同会社
Ｉｎｔｕｉｔｉｏｎ株式会社,北海道札幌市中央区南十条西１４丁目１番２５号,2021-08-25,株式会社
ＩｏＡデータ解析株式会社,東京都杉並区和田２丁目４５番１１号,2021-08-25,株式会社
ＪＩＶＤＥＥＰ　Ｋ合同会社,茨城県結城市大字結城字油内７１９１番地４下り松ハイツ１－２号室,2021-08-25,合同会社
ＪＰＮ　Ｃｏｎｓｕｌｔａｎｔｓ合同会社,岐阜県岐阜市岩崎２７０‐５,2021-08-25,合同会社
ＬＥＳＴＯ＆ＤＥＲＴＮＥ株式会社,東京都千代田区神田佐久間町３丁目２１－５ヒガシカンダビル３０７号,2021-08-25,株式会社
Ｌａｎａ合同会社,香川県高松市春日町７７５番地７グランデ２１－３０８,2021-08-25,合同会社
Ｍ＆Ｈビルドプラン株式会社,群馬県高崎市棟高町１９２８番地１６８ラルジェ中里１０５号室,2021-08-25,株式会社
ＭＴＴ株式会社,埼玉県鶴ヶ島市大字脚折１４７８番１５－１０１号,2021-08-25,株式会社
Ｍｉｄｄｌｅ　Ｂｒｏｗ株式会社,青森県上北郡七戸町字向平４２番地１８,2021-08-25,株式会社
ＮＥＷＴＥＣＨ株式会社,東京都千代田区九段北１丁目２番１１号エイム東京九段ビル３Ｆ,2021-08-25,株式会社
ＮＩＤＥＸ合同会社,東京都台東区下谷２丁目５番１１号ＭＨＫビル４階,2021-08-25,合同会社
ＮＩＴＯ合同会社,神奈川県横浜市緑区東本郷４丁目１７－３５,2021-08-25,合同会社
ＮＰＯ法人マイウェイ,福島県喜多方市豊川町高堂太字免田９７７番地１０,2021-08-25,その他の設立登記法人
ＮＰＯ法人晴ればれイノベーション,愛知県名古屋市守山区向台３丁目１６０８番地の２,2021-08-25,その他の設立登記法人
ＮＳ　Ｙｏｋｏｈａｍａ　Ｉｎｖｅｓｔｍｅｎｔ特定目的会社,東京都港区虎ノ門４丁目３番１号城山トラストタワー２７階ＳａｎｎｅＧｒｏｕｐＪａｐａｎ株式会社内,2021-08-25,その他の設立登記法人
Ｏｃｅａｎ　Ｄｅｌｉｇｈｔ合同会社,兵庫県加西市若井町２７１２番地,2021-08-25,合同会社
Ｏｋｉ　Ｓｈｉｎｅ株式会社,沖縄県那覇市前島３丁目２５番２号泊ポートビル５階,2021-08-25,株式会社
Ｐ＆Ｐ　Ｃｏｒｐｏｒａｔｉｏｎ合同会社,愛知県名古屋市中区丸の内１丁目１２番２５号フジキンビル２－Ｂ,2021-08-25,合同会社
ＰＲプラス合同会社,東京都杉並区高井戸西２丁目１６番２８号,2021-08-25,合同会社
ＲⅰＴａ株式会社,東京都立川市錦町１丁目５－６サンパークビル２０３,2021-08-25,株式会社
ＲＥＧＧＩＯ　ＤＥＳＩＧＮ株式会社,東京都中央区日本橋富沢町１１番１９号,2021-08-25,株式会社
Ｒａｙｏｕｔ　Ｌｏｇｉｓｔｉｃｓ株式会社,沖縄県沖縄市泡瀬４丁目２７番２２号３Ｆ,2021-08-25,株式会社
Ｒｉｎ　Ｎｉｓｅｋｏ株式会社,東京都中央区銀座１丁目６番１１号土志田ビルディング３Ｆ,2021-08-25,株式会社
ＳＴＡＲＬＩＧＨＴ株式会社,東京都台東区台東２丁目２７番３号,2021-08-25,株式会社
ＴＡＴ商事株式会社,東京都千代田区外神田２丁目１４番１０号第二電波ビル４階,2021-08-25,株式会社
ＴＨＡＮＨ　ＬＯＮＧ合同会社,神奈川県相模原市中央区南橋本２丁目４－１４サンライト南橋本１階,2021-08-25,合同会社
Ｔｏｍｏｒｒｏｗ　Ｃｏｍｐａｎｙ株式会社,東京都足立区西新井本町２丁目２７－１７－１１０２,2021-08-25,株式会社
Ｔｕｒｉｎｇ株式会社,東京都中央区湊２丁目１５番１４－２０１２号,2021-08-25,株式会社
ＶＡＬＵＥＳ株式会社,東京都文京区小石川２丁目３番１２号,2021-08-25,株式会社
ＶＣジャパン株式会社,大分県中津市中殿町３丁目４番地１,2021-08-25,株式会社
ＹＭ＆Ｅ合同会社,茨城県ひたちなか市大字高野３３１３番地２,2021-08-25,合同会社
Ｚｅａｌｏｕｓｉｓ合同会社,東京都日野市程久保８丁目１７番地の１６,2021-08-25,合同会社
ｇｏｏｄｐｏｄ合同会社,京都府京都市左京区下鴨東岸本町１４番地京都下鴨修学館１１２,2021-08-25,合同会社
ｌａｎｉｔｅｃｈ合同会社,東京都品川区東大井５丁目２６番２０－３０１号,2021-08-25,合同会社
ｌｏｇｒａｒ合同会社,東京都中野区南台３丁目４６番３３号ＧＲＡＣＥＳＴＯＮＥ１０１,2021-08-25,合同会社
ｌｕｘｅ株式会社,東京都渋谷区宇田川町１番１２－３０１３号パークコート渋谷ザ・タワー,2021-08-25,株式会社
ｓｋＮａｃ合同会社,埼玉県深谷市田所町１７－１４,2021-08-25,合同会社
ｔａｋｅ　ｔｈｒｅｅ合同会社,神奈川県横浜市戸塚区前田町５１１－２前田ハイツ９号棟９５６,2021-08-25,合同会社
ひろせ株式会社,茨城県土浦市乙戸５５番地の１,2021-08-26,株式会社
アイ・アンド・アール合同会社,大阪府東大阪市河内町１１－１７,2021-08-26,合同会社
アグレスメント株式会社,北海道旭川市東旭川町忠別６４５番地の１,2021-08-26,株式会社
イカワ商事株式会社,兵庫県神戸市長田区西尻池町３丁目１番１９号,2021-08-26,株式会社
イーシージー合同会社,東京都豊島区西池袋１丁目２９番地１９号９階,2021-08-26,合同会社
エスアンドエヌ合同会社,東京都八王子市横川町１１１１番地１６,2021-08-26,合同会社
カスタムリアルエステート株式会社,奈良県橿原市内膳町５丁目４番２９－２０４号,2021-08-26,株式会社
カンジ合同会社,京都府京都市山科区竹鼻立原町５番地５ライブタウン山科４０９号,2021-08-26,合同会社
グリーンベース合同会社,福岡県福岡市中央区平尾５丁目４番９号,2021-08-26,合同会社
グレイシフト株式会社,東京都千代田区丸の内２丁目１番１号明治生命館７階ディーエルエイ・パイパー東京パートナーシップ外国法共同事業法律事務所内,2021-08-26,株式会社
コーチ株式会社,青森県上北郡六戸町大字折茂字上折茂９０番地３,2021-08-26,株式会社
シャインプロモート合同会社,東京都文京区本駒込３丁目１５－１０第２榎ビル２Ｆ,2021-08-26,合同会社
シンモリタホールディングス株式会社,福岡県糟屋郡篠栗町大字津波黒６２５,2021-08-26,株式会社
ゼッタ・コアソリューションズ合同会社,東京都日野市多摩平４丁目８番地の２オハナ豊田多摩平の森１０７,2021-08-26,合同会社
チーズワークス合同会社,神奈川県横浜市緑区台村町６４５番地４３,2021-08-26,合同会社
ツクルキャリア株式会社,東京都世田谷区瀬田４丁目２３番１７号,2021-08-26,株式会社
ネクソル合同会社,千葉県千葉市稲毛区園生町３３７番地１サンクレイドル稲毛４０５号,2021-08-26,合同会社
ネットアセットマネジメント株式会社,福島県郡山市久留米６丁目４５番地の７,2021-08-26,株式会社
ノーサイドジャパン株式会社,東京都千代田区九段南４丁目６番１０号,2021-08-26,株式会社
ノーサイド行政書士法人,熊本県熊本市中央区帯山４丁目４５－１ＣＰＫⅡビル３０１号室,2021-08-26,その他の設立登記法人
パセリ京都合同会社,滋賀県長浜市勝町８０３番地,2021-08-26,合同会社
パール環境開発合同会社,埼玉県所沢市大字日比田３４０,2021-08-26,合同会社
ピオニー合同会社,京都府京都市伏見区深草北蓮池町９１５－２－７０１,2021-08-26,合同会社
メジロ合同会社,栃木県足利市今福町４３番１号,2021-08-26,合同会社
ユミ株式会社,千葉県市川市鬼高２丁目１８番１０号１０１,2021-08-26,株式会社
リハプライム九州株式会社,長崎県東彼杵郡波佐見町折敷瀬郷１７４２番地９２,2021-08-26,株式会社
レイクサウス合同会社,滋賀県湖南市サイドタウン４丁目１０番３号,2021-08-26,合同会社
レインボーパーツ合同会社,福岡県福岡市早良区原３丁目１９番１０－４０１号,2021-08-26,合同会社
一般社団法人つかさ会,大阪府堺市堺区北瓦町２丁１番２８号ヤングタウン１０３ビル４階,2021-08-26,その他の設立登記法人
一般社団法人ゆがふ道,沖縄県糸満市字兼城５２１番地の２１,2021-08-26,その他の設立登記法人
一般社団法人シルバーすけっと,佐賀県鳥栖市弥生が丘１丁目２１番地,2021-08-26,その他の設立登記法人
一般社団法人ライベリー,東京都豊島区東池袋１丁目３４番５号いちご東池袋ビル６階,2021-08-26,その他の設立登記法人
一般社団法人埼玉脳神経外科ソサイエティ,埼玉県日高市大字山根１３９７番地１,2021-08-26,その他の設立登記法人
一般社団法人山元式新頭針療法学会,東京都千代田区麹町４丁目５－２０ＫＳビル６階,2021-08-26,その他の設立登記法人
一般社団法人未来ＡＩ医療機構,東京都千代田区平河町１丁目５番１５号ＶＯＬＴ平河町１００２,2021-08-26,その他の設立登記法人
一般社団法人沖縄県感染症予防協会,沖縄県浦添市仲西３丁目１５番５号６Ｆ,2021-08-26,その他の設立登記法人
一般社団法人里山環境資源循環研究所,広島県安芸高田市高宮町川根３４６０番地１,2021-08-26,その他の設立登記法人
一般社団法人香川県ネコソギ・イノベーション推進協議会,香川県高松市上林町５１０番地３９エニシア高松内,2021-08-26,その他の設立登記法人
一般社団法人Ｌｉｖｅｌｙ,東京都港区虎ノ門３丁目２２番１０－２０１号,2021-08-26,その他の設立登記法人
一般社団法人ＳＡ　ＰＲＯＰＥＲＴＹ６,東京都港区虎ノ門５丁目１番４号,2021-08-26,その他の設立登記法人
一般社団法人ｈａｃｃｏｂａ,福島県南相馬市小高区田町２丁目５０番６,2021-08-26,その他の設立登記法人
一般財団法人デジタル資産管理機構,東京都千代田区二番町１－２番町ハイム７１３号,2021-08-26,その他の設立登記法人
一般財団法人増田冨美記念財団,東京都目黒区青葉台２丁目７番１３号,2021-08-26,その他の設立登記法人
上川大雪酒造地方創生コンサルティング株式会社,北海道小樽市緑３丁目５番２１号小樽商科大学内,2021-08-26,株式会社
上浬株式会社,奈良県橿原市膳夫町１９６番地の７,2021-08-26,株式会社
不動産専門株式会社,北海道釧路市新栄町１４番１０号,2021-08-26,株式会社
中村建設株式会社,福岡県柳川市三橋町江曲２０６番地１,2021-08-26,株式会社
京鵬商事株式会社,千葉県印旛郡酒々井町中川１１－３足立ビル３Ｆ,2021-08-26,株式会社
仟易達株式会社,大分県由布市湯布院町川上２９８９番地１,2021-08-26,株式会社
出水ソーラー合同会社,福岡県飯塚市有安１０３９番地１,2021-08-26,合同会社
北澤総合商事株式会社,愛知県名古屋市中区丸の内３丁目１５番３４号第１６ＫＴビル２階,2021-08-26,株式会社
医療法人社団とりの森デンタルケア,群馬県太田市鳥山中町２７１番地１,2021-08-26,その他の設立登記法人
医療法人社団加地医院,香川県高松市牟礼町牟礼２２番地１,2021-08-26,その他の設立登記法人
千乃屋合同会社,東京都大田区田園調布本町２８－７,2021-08-26,合同会社
原宿研究所株式会社,東京都渋谷区神宮前６丁目２８番５号,2021-08-26,株式会社
合同会社いわき先憂会,福島県いわき市鹿島町米田字沼田２２,2021-08-26,合同会社
合同会社お金の道具箱,東京都港区白金台１丁目３番５号ファーストビレッジ白金台４０４,2021-08-26,合同会社
合同会社しん,兵庫県宝塚市今里町１４番１６号,2021-08-26,合同会社
合同会社ぱらだいす,北海道釧路市中園町７番１２号,2021-08-26,合同会社
合同会社ふるさと納税総合研究所,大阪府高槻市城西町５番２７号,2021-08-26,合同会社
合同会社まちづくりせいさく研究所,東京都渋谷区代々木１丁目３７番６号三栄ビル４階,2021-08-26,合同会社
合同会社やまぶき,大阪府吹田市岸部南１丁目１９番１０号,2021-08-26,合同会社
合同会社アイ・デザイン,兵庫県西宮市苦楽園二番町１６番２２号２,2021-08-26,合同会社
合同会社アビコ,東京都豊島区長崎４丁目３５番１号,2021-08-26,合同会社
合同会社アプロ,埼玉県三郷市戸ケ崎３０５７番地,2021-08-26,合同会社
合同会社イズプロジェクト,京都府木津川市州見台４丁目１９－２,2021-08-26,合同会社
合同会社グロー,兵庫県川西市緑台７丁目５番地の１７,2021-08-26,合同会社
合同会社チーム,北海道札幌市東区北三十六条東１丁目７番６号,2021-08-26,合同会社
合同会社デイジー,高知県高知市日の出町１番１１号,2021-08-26,合同会社
合同会社トラスト・ループ,東京都八王子市越野２２番地１２－４０３号,2021-08-26,合同会社
合同会社トリクミ,東京都港区赤坂３丁目１１番１４号ベルゴ赤坂７１１号室,2021-08-26,合同会社
合同会社ネオン,東京都八王子市北野町５６２番地１１フィカーサ北野２０３号,2021-08-26,合同会社
合同会社ネクストＹ,兵庫県神戸市東灘区本山南町５丁目４番２５－１００６号,2021-08-26,合同会社
合同会社ハピオ,愛知県名古屋市中川区万町２４０１番地,2021-08-26,合同会社
合同会社ハート電気,東京都大田区山王２丁目３７番４－６０３号,2021-08-26,合同会社
合同会社フロントライン,東京都目黒区下目黒２丁目２０番２３－１３０２号,2021-08-26,合同会社
合同会社ブランシュネイジュ,東京都板橋区仲宿１２－９,2021-08-26,合同会社
合同会社プライム,新潟県新潟市江南区曽川乙１５０番地２５,2021-08-26,合同会社
合同会社ボースサイド,北海道伊達市梅本町２９－７２,2021-08-26,合同会社
合同会社マルヤス酒場本八幡,千葉県市川市八幡２丁目５番２０号２Ｆ,2021-08-26,合同会社
合同会社ラズール,千葉県市原市北国分寺台５丁目１１番地１,2021-08-26,合同会社
合同会社ル・クール,東京都千代田区神田神保町２丁目１９番地１－９０５号,2021-08-26,合同会社
合同会社ヴェルメ,愛知県名古屋市中区栄５丁目２６番３９号,2021-08-26,合同会社
合同会社中部米飯,沖縄県中頭郡北谷町字桑江４３７番地,2021-08-26,合同会社
合同会社元商事,埼玉県久喜市樋ノ口３７２－１,2021-08-26,合同会社
合同会社光星,長崎県長崎市鶴見台２丁目１５番７号,2021-08-26,合同会社
合同会社八尾工業,大阪府大阪市平野区長吉出戸２丁目５番１３－２０５号,2021-08-26,合同会社
合同会社喜喜,千葉県船橋市芝山５丁目５３番２１号,2021-08-26,合同会社
合同会社増昌,大阪府堺市中区深井北町３２０７番地１２,2021-08-26,合同会社
合同会社平和堂,東京都立川市幸町４丁目５７番地の２三昭パークヒルズ４０６号,2021-08-26,合同会社
合同会社瀧本商店,愛知県名古屋市西区上小田井２丁目１０１番地グランドール緑地公園１０５号室,2021-08-26,合同会社
合同会社結城,東京都豊島区池袋２丁目２番５号ゴールデン池袋ビル３階,2021-08-26,合同会社
合同会社練工業,北海道札幌市中央区南十一条西１丁目１番１１－３０７号,2021-08-26,合同会社
合同会社莉杏,兵庫県西宮市宮西町１１番３０号,2021-08-26,合同会社
合同会社鑫和,福岡県福岡市博多区吉塚本町７－１６プラッツ吉塚１階１０１号室,2021-08-26,合同会社
合同会社００７,神奈川県大和市中央林間４丁目２６－１４パークハイム林間１０４,2021-08-26,合同会社
合同会社Ａｍｂｉｔｉｏｕｓ,大阪府大阪市平野区背戸口４丁目７番４,2021-08-26,合同会社
合同会社Ａｎｇｋｏｒ,千葉県我孫子市我孫子２丁目６番９２３号エールの丘,2021-08-26,合同会社
合同会社ＢＵＢＵ,東京都大田区南六郷３丁目１番１７号,2021-08-26,合同会社
合同会社ＢａｍｂｏｏＳｔｒｅａｍ,千葉県野田市上花輪６６１番地の６,2021-08-26,合同会社
合同会社ＣＨＲＩＳ,香川県高松市庵治町４９４４,2021-08-26,合同会社
合同会社ＣＩＡＲＡ,福岡県福岡市城南区友丘６丁目５番２号,2021-08-26,合同会社
合同会社ＣＬＥＡＲＮＥＳＳ,東京都中央区日本橋堀留町２丁目７番２－４１１号,2021-08-26,合同会社
合同会社ＣｏｒｅＭａｎｙＳｋｉｌｌ,東京都中央区八重洲１丁目８番１７号新槇町ビル６階,2021-08-26,合同会社
合同会社ＥＧ　Ｔｅｃｈ,千葉県船橋市馬込町８９５番地１３,2021-08-26,合同会社
合同会社ＨＡＧＩＲＥ,東京都杉並区南荻窪４丁目３２番４号伊東ハイツ２０１,2021-08-26,合同会社
合同会社ＨＡｃｏＮＩＷＡ工房,兵庫県宝塚市末成町２３番５号,2021-08-26,合同会社
合同会社ＨＭＫコンサルティング,東京都大田区久が原１丁目２１番３号エクセルシオール２１－１０４,2021-08-26,合同会社
合同会社ＩＮＢ,東京都江戸川区東葛西１丁目４１番１６号,2021-08-26,合同会社
合同会社ＩＮＳ,埼玉県さいたま市大宮区桜木町２丁目３番地大宮マルイ７階,2021-08-26,合同会社
合同会社ＪＰ　ＵＳＥＤ　ＣＡＲＳ,青森県三沢市東岡三沢１丁目１４３番地３号,2021-08-26,合同会社
合同会社Ｊｒ,奈良県生駒郡安堵町大字東安堵１４４番地の７,2021-08-26,合同会社
合同会社Ｋ’ｚマリン倶楽部,沖縄県宮古島市平良字下里７５１番地１,2021-08-26,合同会社
合同会社ＫＡＴＡＨＡＢＡ,東京都目黒区碑文谷１丁目１０番９号,2021-08-26,合同会社
合同会社ＬＥＸ－ＨＩＮ　ＨＯＬＤＩＮＧＳ,千葉県大網白里市木崎７２番地１,2021-08-26,合同会社
合同会社ＬＩＮＫＳ,北海道帯広市西十五条南３５丁目２４－７,2021-08-26,合同会社
合同会社ＬＵＧＥＮＤ,奈良県生駒市さつき台２丁目４５４番地８,2021-08-26,合同会社
合同会社Ｌｉｖｅｌｙ,東京都港区虎ノ門３丁目２２番１０－２０１号,2021-08-26,合同会社
合同会社Ｌｏｃａｌ　Ｂｏｏｓｔｅｒ,長崎県諫早市日の出町３－１７,2021-08-26,合同会社
合同会社ＮＡＴＩ,大阪府大阪市北区豊崎１丁目５－２３サンハイツ園部２０２号室,2021-08-26,合同会社
合同会社ＮＭＥＧ,宮城県仙台市青葉区国見１丁目１３－１４－１０３,2021-08-26,合同会社
合同会社ＮＳＣ,大阪府大阪市北区大淀中４丁目２番８号,2021-08-26,合同会社
合同会社Ｏｌｄ　ｒｉｃｅ　ｆｉｅｌｄ,東京都世田谷区赤堤４丁目９番４号ＰｔｉＢｏｎａｎ．ｓ１０２,2021-08-26,合同会社
合同会社ＳＡ　ＰＲＯＰＥＲＴＹ６,東京都港区虎ノ門５丁目１番４号,2021-08-26,合同会社
合同会社ＳＡＲＡＳＡ,大阪府大阪市東淀川区大桐１丁目５番７号,2021-08-26,合同会社
合同会社ＳＩＸ　ＰＬＵＳ,神奈川県藤沢市鵠沼石上１丁目４番１３号ロコテラス湘南１０２,2021-08-26,合同会社
合同会社ＳＫＢ,大阪府大阪市淀川区西中島３丁目１３番４号,2021-08-26,合同会社
合同会社ＳＵＭ,東京都目黒区中目黒５丁目１９番９号,2021-08-26,合同会社
合同会社ＳＹドリーム,福岡県福岡市博多区博多駅前２丁目１９番１７号トーカン博多第５ビル３１２号室,2021-08-26,合同会社
合同会社Ｓｍｉｌｅ,埼玉県さいたま市大宮区三橋１丁目３６１番地２０,2021-08-26,合同会社
合同会社ＹＲ　Ｃｏｎｓｕｌｔｉｎｇ,東京都昭島市玉川町３丁目１６番７号,2021-08-26,合同会社
合同会社ＹＳプレシジョン,埼玉県越谷市大間野町１丁目３６番地６,2021-08-26,合同会社
合同会社Ｙｏｕ,福岡県福岡市城南区鳥飼７丁目３０番２０３号市営中浜団地３０棟,2021-08-26,合同会社
合同会社ｂｅｌｌｅ　ｆｌｅｕｒ,福島県郡山市若葉町９番２１号,2021-08-26,合同会社
合同会社ｆｒｅｅリース,大阪府東大阪市御厨１丁目２番８－３０６号,2021-08-26,合同会社
土地家屋調査士法人アドフィールド登記測量事務所,神奈川県横浜市保土ケ谷区上星川１丁目４番１６－２号ぷらす上星川１Ｆ,2021-08-26,その他の設立登記法人
地域リノベーション協同組合,東京都千代田区神田松永町７番地ヤマリビル,2021-08-26,その他の設立登記法人
大尚合同会社,東京都板橋区西台１丁目１番１４－１０２号,2021-08-26,合同会社
安謙産業株式会社,岐阜県羽島市桑原町前野９６３番地,2021-08-26,株式会社
山口工業株式会社,東京都八王子市暁町１丁目４１番６号,2021-08-26,株式会社
幾簡商事株式会社,大阪府大阪市中央区南船場４丁目９－１２朝日プラザ心斎橋北３０９号室,2021-08-26,株式会社
文京小石川一般社団法人,東京都千代田区神田小川町３丁目２６番８号神田小川町三丁目ビル６階,2021-08-26,その他の設立登記法人
新豊国際株式会社,東京都中央区銀座１丁目２１番５号銀座ＪＫビル２Ｆ,2021-08-26,株式会社
日本レッツケア株式会社,東京都羽村市富士見平２丁目１４番５号１,2021-08-26,株式会社
日本山林再生株式会社,栃木県宇都宮市大谷町１２４０番地,2021-08-26,株式会社
昼間株式会社,東京都足立区綾瀬４丁目３１番１９号,2021-08-26,株式会社
朝起きたくない合同会社,埼玉県所沢市大字上山口１８２－９ウィンベルソロ西武球場第二２０１,2021-08-26,合同会社
株式会社あおい,神奈川県横浜市中区住吉町１丁目１番地,2021-08-26,株式会社
株式会社くろこアシスト,千葉県習志野市大久保２丁目１番１７号丸山ビル３０４号室,2021-08-26,株式会社
株式会社にこにこリフォーム,群馬県高崎市沖町２３３番地４,2021-08-26,株式会社
株式会社はちれん,沖縄県中頭郡読谷村字喜名２３４６番地１１読谷村地域振興センター３階,2021-08-26,株式会社
株式会社ぶんぶん,静岡県浜松市西区入野町２００２０番地の５,2021-08-26,株式会社
株式会社べアックス,東京都千代田区永田町２丁目４番３号永田町ビル９階,2021-08-26,株式会社
株式会社ぺいぱお,千葉県松戸市串崎新田１７０番地の９,2021-08-26,株式会社
株式会社まんまじょ,北海道虻田郡真狩村字社８７番地１,2021-08-26,株式会社
株式会社やまぜんファーム,三重県桑名市多度町下野代９００番地,2021-08-26,株式会社
株式会社アイズ,神奈川県横浜市港北区新横浜３丁目１８番５号,2021-08-26,株式会社
株式会社アクティブイースト,埼玉県行田市長野１丁目９番７号,2021-08-26,株式会社
株式会社アサイコーポレーション,神奈川県川崎市宮前区宮崎６０４番地１グランドゥール宮崎台５０２,2021-08-26,株式会社
株式会社アストライア,宮城県登米市迫町新田字山崎１８０－８,2021-08-26,株式会社
株式会社アップサイクルホッカイドウ,北海道札幌市手稲区富丘一条７丁目２番２号,2021-08-26,株式会社
株式会社アマンス,大阪府箕面市船場西３丁目２番７号,2021-08-26,株式会社
株式会社アルクミライ,福岡県太宰府市青山４丁目１６番１６号,2021-08-26,株式会社
株式会社アレクサンドリア,鹿児島県姶良市加治木町反土４番１５番地３３みやじマンション３０３号,2021-08-26,株式会社
株式会社アンビション・ベンチャーズ,東京都渋谷区神宮前２丁目３４番１７号,2021-08-26,株式会社
株式会社インテレック,山形県鶴岡市茅原町１９番地１８,2021-08-26,株式会社
株式会社イーサポート,鳥取県米子市陽田町８１－１０,2021-08-26,株式会社
株式会社イートワイズ・ラボ,東京都渋谷区大山町３８番１８号,2021-08-26,株式会社
株式会社エコミル,広島県広島市中区八丁堀１０番１４号,2021-08-26,株式会社
株式会社エムエスワーク,北海道札幌市豊平区美園四条５丁目３番１０号,2021-08-26,株式会社
株式会社エレクトライン,大阪府大阪市平野区平野東１丁目３番１２号,2021-08-26,株式会社
株式会社エンブレイス・オリーブ,埼玉県北葛飾郡松伏町大字大川戸９３７番地１,2021-08-26,株式会社
株式会社オレンジコーポレーション,大阪府堺市北区中百舌鳥町５丁７７５番地１５,2021-08-26,株式会社
株式会社オーケーワン,東京都大田区下丸子２丁目１２番１５－１３１６号,2021-08-26,株式会社
株式会社カヤニ商会,茨城県古河市水海３００４番地フォレスト１０１号室,2021-08-26,株式会社
株式会社カルテット・ラボ,福岡県福岡市博多区青木１丁目１３番２６号,2021-08-26,株式会社
株式会社カワケン,福島県福島市郷野目字金込町５番地の３,2021-08-26,株式会社
株式会社カームズホーム,三重県伊勢市小木町５１２番地１,2021-08-26,株式会社
株式会社キタノチカラ,愛知県名古屋市中区栄３丁目２２番２９号,2021-08-26,株式会社
株式会社キメズ工業,東京都江戸川区鹿骨４丁目２４番２号プレジール１Ｆ,2021-08-26,株式会社
株式会社クライムゲート,東京都渋谷区神宮前６丁目１２－１８,2021-08-26,株式会社
株式会社グラスト,東京都北区堀船３丁目２６番２号,2021-08-26,株式会社
株式会社グローアップ,山口県宇部市西平原３丁目４番１６号,2021-08-26,株式会社
株式会社ケーエー,千葉県南房総市和田町海発１４４９番地３,2021-08-26,株式会社
株式会社コマツクリエーション,北海道勇払郡むかわ町福住２丁目１８６番地,2021-08-26,株式会社
株式会社サンエイ・ライフサービス,東京都練馬区東大泉１丁目１１番１９－１０６号,2021-08-26,株式会社
株式会社サンライズガード,静岡県藤枝市高柳１５３５番地,2021-08-26,株式会社
株式会社シティ総研,愛媛県松山市桑原１丁目６番３号ステラルーチェ２０３号,2021-08-26,株式会社
株式会社シトラスガーデン,愛媛県西宇和郡伊方町九町１番耕地１８５０番地,2021-08-26,株式会社
株式会社シュクレプラージュ,石川県羽咋郡志賀町高浜町ノの８１番地７,2021-08-26,株式会社
株式会社シュシュ,福岡県北九州市小倉南区上石田２丁目２４番２１－２０４号,2021-08-26,株式会社
株式会社シンリョウ興業,沖縄県うるま市石川曙２丁目１１番５６号伊波興正アパートＢ－１,2021-08-26,株式会社
株式会社ジェイアイ,東京都調布市緑ケ丘２丁目４２番地４９,2021-08-26,株式会社
株式会社スカイアイ,東京都品川区小山３丁目１５番２－２８０８号,2021-08-26,株式会社
株式会社スタジオエイト,東京都港区赤坂２丁目１７番４４号,2021-08-26,株式会社
株式会社スタジオｍｉｎａｔｏ,兵庫県神戸市長田区長田町１丁目３番１号サンドール長田南館２０３,2021-08-26,株式会社
株式会社ストリーモ,東京都府中市是政５丁目１１番地の３,2021-08-26,株式会社
株式会社スミックティー,東京都江戸川区船堀１丁目１番２６－８２５号,2021-08-26,株式会社
株式会社セベラルエージェンシー,石川県金沢市新神田４丁目８番１６号,2021-08-26,株式会社
株式会社ソレーユ,奈良県吉野郡川上村大字高原８９８－３,2021-08-26,株式会社
株式会社タカラエステート,高知県高知市旭町２丁目２２番地５７サーパス第２旭町４０５号室,2021-08-26,株式会社
株式会社ダイナミック・エナジー,茨城県取手市野々井１４７２番地１,2021-08-26,株式会社
株式会社テクノクロスファシリティ,福岡県福岡市博多区空港前５丁目１４番６号,2021-08-26,株式会社
株式会社テリオット,東京都渋谷区富ヶ谷１丁目９番２０号,2021-08-26,株式会社
株式会社トリプルギブ,岡山県岡山市南区福吉町２４番１１号,2021-08-26,株式会社
株式会社ナノジャ,北海道札幌市豊平区平岸五条１３丁目２番１９号,2021-08-26,株式会社
株式会社ニッポンオートセルズ,神奈川県横浜市都筑区東山田３丁目８番４Ｂ－１号,2021-08-26,株式会社
株式会社ハウスカスタム,宮城県岩沼市あさひ野１丁目１３番地の４,2021-08-26,株式会社
株式会社バロン,兵庫県加古川市志方町細工所１０９６番地の１８,2021-08-26,株式会社
株式会社パラドックス・ホールディングス,東京都港区北青山３丁目５番１５号,2021-08-26,株式会社
株式会社ビズリンク不動産,福岡県福岡市中央区天神３丁目１２番２４号,2021-08-26,株式会社
株式会社ファイントライズ,神奈川県横浜市神奈川区金港町１－１１－９１１,2021-08-26,株式会社
株式会社ファーストステップ,福岡県福岡市中央区港３丁目２番１号,2021-08-26,株式会社
株式会社フォレスト,北海道札幌市手稲区曙十一条１丁目９番５,2021-08-26,株式会社
株式会社プレサイド,東京都八王子市大横町７番２号,2021-08-26,株式会社
株式会社ベラモンテ,大阪府大阪市中央区淡路町２丁目６番１０号４Ｆ,2021-08-26,株式会社
株式会社ペイフォワード,神奈川県相模原市南区新戸２５２２番地２,2021-08-26,株式会社
株式会社マツコウ,滋賀県東近江市湯屋町１００９番地１０,2021-08-26,株式会社
株式会社マークワン,福岡県宗像市朝町２３００番地３,2021-08-26,株式会社
株式会社マーケティング・クリエイター・コスモス,東京都杉並区南荻窪１丁目２５番６号,2021-08-26,株式会社
株式会社ミライサイテキグループ,東京都港区虎ノ門４丁目１番２８号虎ノ門タワーズオフィス１７階,2021-08-26,株式会社
株式会社ヤマグチ,福岡県京都郡苅田町大字上片島１２５０番地,2021-08-26,株式会社
株式会社ユニファーム伊藤,新潟県新潟市北区新崎２丁目８番５８号,2021-08-26,株式会社
株式会社ライフシステム,東京都板橋区中台３丁目１１番１０－５２２号ハイネス上板橋,2021-08-26,株式会社
株式会社ラインエレクト,兵庫県高砂市曽根町１１１１番地の８,2021-08-26,株式会社
株式会社ラッシュシェア,愛知県名古屋市中川区尾頭橋１丁目１番３５号,2021-08-26,株式会社
株式会社ランス・プロパティ,大阪府大阪市淀川区十八条３丁目４番１号,2021-08-26,株式会社
株式会社ラージフレンド,兵庫県西宮市西平町１０－１１,2021-08-26,株式会社
株式会社リアンホーム,神奈川県川崎市中原区中丸子１３番地１０－３３１２,2021-08-26,株式会社
株式会社リエイトホーム,千葉県八千代市大和田新田６５３番地２カーサベニーレＣ２０１号室,2021-08-26,株式会社
株式会社リオネルプランニング,東京都世田谷区瀬田４丁目２８番１２－５０１号,2021-08-26,株式会社
株式会社リプラス,福岡県福岡市中央区天神１丁目９－１７福岡天神フコク生命ビル１５階,2021-08-26,株式会社
株式会社ロク,千葉県千葉市花見川区幕張本郷５丁目７番３号,2021-08-26,株式会社
株式会社ロジコムフル,大阪府摂津市鳥飼上３丁目１９番２８号,2021-08-26,株式会社
株式会社ワンエイト,埼玉県和光市新倉２丁目２３番８６－３号,2021-08-26,株式会社
株式会社三輝,香川県高松市西山崎町６９０番地１７,2021-08-26,株式会社
株式会社五郎助農場,茨城県筑西市関本中３３６番地１,2021-08-26,株式会社
株式会社健康,東京都豊島区上池袋２丁目１４番４号,2021-08-26,株式会社
株式会社再起,静岡県磐田市見付５０６２番地３,2021-08-26,株式会社
株式会社北ゼミ,北海道札幌市中央区大通西１５丁目３番地５ニューライフ大通弐番館３０２,2021-08-26,株式会社
株式会社北奏社,北海道小樽市東雲町２番５号,2021-08-26,株式会社
株式会社協和,愛知県半田市協和町２丁目９０番地,2021-08-26,株式会社
株式会社吉右衛門,新潟県佐渡市畑野６５１番地５,2021-08-26,株式会社
株式会社吉川建設,岡山県瀬戸内市邑久町下笠加６５番地１,2021-08-26,株式会社
株式会社喜良良,茨城県水戸市泉町３丁目１番９号,2021-08-26,株式会社
株式会社大生警備,滋賀県大津市大萱５丁目７番４号Ａ棟１０１,2021-08-26,株式会社
株式会社富建組,新潟県燕市吉田東栄町４２番３３号,2021-08-26,株式会社
株式会社小川鋼作所,新潟県長岡市福島町１６２８番地,2021-08-26,株式会社
株式会社岡和,岡山県岡山市東区城東台東１丁目２番３号,2021-08-26,株式会社
株式会社幸建,三重県津市下弁財町津興７５３－１,2021-08-26,株式会社
株式会社建築の西山,佐賀県伊万里市立花町通谷１６０４－２１,2021-08-26,株式会社
株式会社後藤工務店,東京都江戸川区松江７丁目２１番１８号,2021-08-26,株式会社
株式会社教育同人社準備会社,東京都豊島区東池袋４丁目２１番１号アウルタワー２Ｆ,2021-08-26,株式会社
株式会社星光,大阪府大阪市淀川区西宮原１丁目７番５０－２０６号,2021-08-26,株式会社
株式会社晴光農産,福岡県久留米市三潴町高三潴５３１番地,2021-08-26,株式会社
株式会社杉永工建,石川県河北郡津幡町字緑が丘２丁目９２番地,2021-08-26,株式会社
株式会社杉浦工業,愛知県刈谷市小山町１丁目７１２番地,2021-08-26,株式会社
株式会社東祥,東京都豊島区東池袋３丁目１番４－１０２０号,2021-08-26,株式会社
株式会社桃坂重設,福岡県大野城市大池１丁目５番１０号,2021-08-26,株式会社
株式会社森島興業,福岡県福岡市東区多の津４丁目１２番３５号４０１,2021-08-26,株式会社
株式会社楽一,神奈川県横浜市神奈川区鶴屋町２丁目１９番地山本ビル３Ｆ,2021-08-26,株式会社
株式会社武翔,大阪府門真市岸和田３丁目４６番１,2021-08-26,株式会社
株式会社比嘉興業,神奈川県綾瀬市深谷中５丁目３２２９番１１,2021-08-26,株式会社
株式会社水晶縁,神奈川県平塚市出縄２１番地の９,2021-08-26,株式会社
株式会社深輪緑化創美,兵庫県神戸市須磨区平田町１丁目１番１９号,2021-08-26,株式会社
株式会社満天,東京都新宿区下落合３丁目１２番２３－９０２号,2021-08-26,株式会社
株式会社澤田塗装,北海道北斗市東浜１丁目１番１６号,2021-08-26,株式会社
株式会社矢内商會,福島県いわき市金山町朝日台１０番地,2021-08-26,株式会社
株式会社絆空社,山形県米沢市舘山５丁目２番１－２号,2021-08-26,株式会社
株式会社綺麗,大阪府大阪市淀川区木川東３丁目８番２８号,2021-08-26,株式会社
株式会社英,大阪府大阪市阿倍野区天王寺町南３丁目５番１４－９０７号,2021-08-26,株式会社
株式会社谷出組,愛媛県宇和島市丸穂町４丁目１番２７号,2021-08-26,株式会社
株式会社豊真,静岡県静岡市清水区七ツ新屋４３７番地の４,2021-08-26,株式会社
株式会社長久住宅,千葉県船橋市坪井東５丁目２１番１３号,2021-08-26,株式会社
株式会社齋藤設備,千葉県松戸市古ケ崎３丁目３２８９番地の１,2021-08-26,株式会社
株式会社龍琥堂,大阪府茨木市双葉町１０－１茨木東阪急ビル４階,2021-08-26,株式会社
株式会社１５ｄｅｓｉｇｎ,愛知県名古屋市北区上飯田東町４丁目３３番地（クレア上飯田３０１号）,2021-08-26,株式会社
株式会社１Ｃｈａｎｃｅ,宮崎県宮崎市新別府町城元１７５番地,2021-08-26,株式会社
株式会社２５ｋｍ,福岡県福岡市中央区薬院４丁目６－２２,2021-08-26,株式会社
株式会社５Ｈａｎｄｓ,東京都渋谷区代々木４丁目２６番９－１０２号,2021-08-26,株式会社
株式会社８Ｐｅａｋｓ　ｆａｍｉｌｙ,長野県茅野市ちの３５０６番地,2021-08-26,株式会社
株式会社ＡＣＭＥＴＨＲＥＥ,大阪府大阪市浪速区大国１丁目６番８－１０５号,2021-08-26,株式会社
株式会社ＡＤＨＶＡＮ,福岡県福岡市東区青葉５丁目２２番１１号,2021-08-26,株式会社
株式会社ＡＩ・グローバル,福島県南相馬市原町区本町１丁目１０１番,2021-08-26,株式会社
株式会社ＡＫＢＡＢＡ,埼玉県さいたま市岩槻区大字笹久保新田８８４番地１,2021-08-26,株式会社
株式会社ＡＳＯ創研,福岡県福岡市中央区渡辺通５丁目２５番１５号,2021-08-26,株式会社
株式会社Ａｂｈａｉｎｎ　Ａｂｈａｉｎｎ,東京都小金井市貫井南町３丁目１３番１５号,2021-08-26,株式会社
株式会社Ａｋａｌｕｋｅ,東京都練馬区春日町５丁目５番９号,2021-08-26,株式会社
株式会社Ａｌｗａｙｓ,東京都豊島区池袋２丁目３７番５号,2021-08-26,株式会社
株式会社Ａｎｃｈｅｒｉ,東京都目黒区青葉台１丁目１４番４号,2021-08-26,株式会社
株式会社Ａｓｔ　Ｌｉｎｋｓ,神奈川県川崎市中原区市ノ坪６３１番地,2021-08-26,株式会社
株式会社Ｂ・Ｆ・Ｃ・Ｃ,高知県高知市瀬戸２丁目１２番１５号,2021-08-26,株式会社
株式会社ＢＬＡＣＫ　ＨＯＲＳＥ,栃木県栃木市藤岡町富吉１５００－６,2021-08-26,株式会社
株式会社ＢＬＵＥ　ＰＯＲＴインターナショナル,奈良県大和高田市大東町７番１号,2021-08-26,株式会社
株式会社ＢＲＡＣＹ,東京都港区元赤坂１丁目７番地１８,2021-08-26,株式会社
株式会社ＢＴＲ,福岡県福岡市博多区比恵町１－１８東カン第二キャステール６１８号,2021-08-26,株式会社
株式会社ＢｅＥｌｐｉｓ,東京都中央区銀座１丁目２２番１１号,2021-08-26,株式会社
株式会社ＣＨＩＢＡＰＬＡＮ,宮城県仙台市若林区白萩町１４番１号,2021-08-26,株式会社
株式会社ＣＯＬＡＢＯ　ＫＡＮＯＡ,東京都荒川区東尾久８丁目３７番１７号,2021-08-26,株式会社
株式会社ＣＯＮＴＩＮＥＮＴ,石川県金沢市駅西本町１丁目８‐２２‐５０２,2021-08-26,株式会社
株式会社ＣＳＣ,大阪府堺市美原区太井４９７番地２,2021-08-26,株式会社
株式会社Ｃｉｅｌｏ　ｂｌｕ,愛知県一宮市今伊勢町本神戸字牛洗３８番地８,2021-08-26,株式会社
株式会社Ｃｏｌｏｒ　ｏｆ　Ｌｉｆｅ,福岡県福岡市早良区次郎丸５丁目１４番１７号１階,2021-08-26,株式会社
株式会社Ｄ－Ｍａｙ,東京都八王子市台町１丁目１３番５号,2021-08-26,株式会社
株式会社ＤＢＳ,東京都渋谷区神泉町５番９号－１０３号室,2021-08-26,株式会社
株式会社ＤＳ,高知県高知市稲荷町３番１３－６０３号,2021-08-26,株式会社
株式会社Ｄｉｓｃｏｖｅｒｙ,東京都大田区田園調布３丁目４番１６号,2021-08-26,株式会社
株式会社Ｄｏｐｐｅｌｋｏｐｆ,東京都港区南青山６丁目６－２０－３Ｆ,2021-08-26,株式会社
株式会社Ｄｒ．Ｌａｂ,東京都文京区本郷３丁目２３番１４号,2021-08-26,株式会社
株式会社Ｅｌｅｆｔｈｅｒｉａ,東京都調布市下石原１丁目３２番地４プランドールＴ２０１,2021-08-26,株式会社
株式会社Ｅｌｕｄｅ,福岡県北九州市門司区社ノ木１丁目１７番１０－６０７号,2021-08-26,株式会社
株式会社ＦＢＩホールディングス,千葉県浦安市明海４丁目２番２－７０５号望海の街,2021-08-26,株式会社
株式会社ＦＲＯＧＬＥＸ,神奈川県川崎市川崎区大島１丁目３０番１０号,2021-08-26,株式会社
株式会社ＦＴＲ,東京都中央区銀座４丁目１３－８岩藤ビル５Ｆ,2021-08-26,株式会社
株式会社Ｆｉｅｌｄ　Ｂｌｏｏｍ　Ｋａｒｅｎ,愛媛県松山市湊町７丁目２番地４カーサ市駅ビル２階,2021-08-26,株式会社
株式会社Ｆｒｉｈｅｔ,大阪府大阪市東成区中道１丁目４番２－５０３号,2021-08-26,株式会社
株式会社ＧＥＲ,千葉県流山市大字鰭ケ崎１６８３番地の２２,2021-08-26,株式会社
株式会社ＧＬＯＲＹ,東京都港区赤坂２丁目８番１１－３０２号,2021-08-26,株式会社
株式会社ＨＳＳ,岐阜県高山市中山町５８１番地,2021-08-26,株式会社
株式会社Ｈｉｇｕｃｈｉ,京都府京都市右京区山越東町２６番地６５,2021-08-26,株式会社
株式会社ＩＧＮＩＴＩＯＮ,千葉県袖ケ浦市袖ケ浦駅前１丁目３９番地７－７０２号,2021-08-26,株式会社
株式会社ＪＰＳ,滋賀県大津市湖城が丘１６番３８号,2021-08-26,株式会社
株式会社ＪＶＸ,東京都千代田区外神田６丁目１５番４号ＯｗｌｓｏｍｅＢｕｉｌｄｉｎｇ２階・Ａｉｒ－Ｅｒａ,2021-08-26,株式会社
株式会社ＫＥＩＳＥＩ,埼玉県川口市本町４丁目３番１４号小峰第一ビル５Ｆ－Ｍ７,2021-08-26,株式会社
株式会社ＫＯＳＡＮＪＩ,三重県四日市市日永３丁目７番１０号,2021-08-26,株式会社
株式会社ＬＥＡＰ企画．Ｋ,新潟県新潟市北区木崎１１３３番地２４,2021-08-26,株式会社
株式会社ＬＬＡ,兵庫県芦屋市朝日ケ丘町６番２１－５０３号,2021-08-26,株式会社
株式会社ＬＭ,東京都渋谷区神山町４番１８号,2021-08-26,株式会社
株式会社Ｌａ　ｓｃａｌａ,東京都豊島区目白３丁目１３番１号コトブキビル２Ｆ,2021-08-26,株式会社
株式会社ＬｉｇｈｔＶ,愛知県名古屋市中区丸の内２丁目１３番１６号－２,2021-08-26,株式会社
株式会社Ｍ’Ｓ,京都府京都市山科区厨子奥苗代元町１番地１グランスタ花山２０５,2021-08-26,株式会社
株式会社Ｍａｎｕｆａｃ,東京都江東区青海２丁目５番１０号テレコムセンタービル東棟１４階,2021-08-26,株式会社
株式会社Ｍａｕｉ　Ｇｏｌｄ,神奈川県逗子市桜山８丁目１４番１号,2021-08-26,株式会社
株式会社Ｎ’ｏｓｔｅｒｉａ,東京都新宿区神楽坂３丁目１番地,2021-08-26,株式会社
株式会社ＮＫＣ,大阪府大阪市北区天満橋３丁目３番５号,2021-08-26,株式会社
株式会社ＮＴフーズ,新潟県上越市日之出町４５番地１,2021-08-26,株式会社
株式会社Ｎａ　ｆｏｔｉｓｏｕｎ,東京都千代田区西神田２丁目４－１２西神田イノセビル１階,2021-08-26,株式会社
株式会社ＯＫＩＮＩ菓子工房,大阪府大阪市淀川区西中島５丁目１３番１２号谷ビル４階,2021-08-26,株式会社
株式会社ＯＺＵ・Ｅ,埼玉県新座市西堀１丁目６－２０,2021-08-26,株式会社
株式会社ＰＡＮＲＩＳＨ,佐賀県小城市小城町２８１番地１の２,2021-08-26,株式会社
株式会社ＰＯＲＴＥＺ　ＭＡＩＮ　ＬＵＸＵＲＹ,千葉県流山市名都借２３６番地の１グリーンウェーブⅠ－１０３,2021-08-26,株式会社
株式会社Ｑｒｅｔｈｏｎ,京都府京都市南区吉祥院観音堂町８－２８,2021-08-26,株式会社
株式会社Ｒ．Ｋ企画,北海道函館市桔梗町４０２番地８,2021-08-26,株式会社
株式会社ＲＥＧＡＬＯ,香川県高松市瓦町１丁目１２番地２４,2021-08-26,株式会社
株式会社ＲＥＧＡＬＯ．,兵庫県姫路市小川１１３４番地３,2021-08-26,株式会社
株式会社ＳＨＩＰ第２１０号,東京都千代田区丸の内２丁目７番２号,2021-08-26,株式会社
株式会社ＳＨＩＰ第２１１号,東京都千代田区丸の内２丁目７番２号,2021-08-26,株式会社
株式会社ＳＨＩＰ第２１２号,東京都千代田区丸の内２丁目７番２号,2021-08-26,株式会社
株式会社ＳＨＩＰ第２１３号,東京都千代田区丸の内２丁目７番２号,2021-08-26,株式会社
株式会社ＳＨＩＰ第２１４号,東京都千代田区丸の内２丁目７番２号,2021-08-26,株式会社
株式会社ＳＨＩＰ第２１５号,東京都千代田区丸の内２丁目７番２号,2021-08-26,株式会社
株式会社ＳＨＩＰ第２２２号,東京都千代田区丸の内２丁目７番２号,2021-08-26,株式会社
株式会社ＳＨＩＰ第２２３号,東京都千代田区丸の内２丁目７番２号,2021-08-26,株式会社
株式会社ＳＨＩＰ第２２４号,東京都千代田区丸の内２丁目７番２号,2021-08-26,株式会社
株式会社ＳＨＩＰ第２２５号,東京都千代田区丸の内２丁目７番２号,2021-08-26,株式会社
株式会社ＳＨＩＰ第２２６号,東京都千代田区丸の内２丁目７番２号,2021-08-26,株式会社
株式会社ＳＨＩＰ第２２７号,東京都千代田区丸の内２丁目７番２号,2021-08-26,株式会社
株式会社ＳＨＩＰ第２２８号,東京都千代田区丸の内２丁目７番２号,2021-08-26,株式会社
株式会社ＳＨＩＰ第２３０号,東京都千代田区丸の内２丁目７番２号,2021-08-26,株式会社
株式会社ＳＨＩＰ第２３１号,東京都千代田区丸の内２丁目７番２号,2021-08-26,株式会社
株式会社ＳＨＩＰ第２３２号,東京都千代田区丸の内２丁目７番２号,2021-08-26,株式会社
株式会社ＳＨＩＰ第２３３号,東京都千代田区丸の内２丁目７番２号,2021-08-26,株式会社
株式会社ＳＨＩＰ第２３４号,東京都千代田区丸の内２丁目７番２号,2021-08-26,株式会社
株式会社ＳＫＹ　ｉｎｎｏｖａｔｉｏｎｓ,兵庫県西宮市高松町１１番２号ピアン西宮２０１号室,2021-08-26,株式会社
株式会社ＳＰＩＮ,福岡県福岡市中央区今泉１丁目９番２号３Ｆ,2021-08-26,株式会社
株式会社ＳＴＡＲＫ　ＩＮＤＵＳＴＲＩＥＳ,福島県西白河郡西郷村大字真船字高清水５番地４,2021-08-26,株式会社
株式会社Ｓｏｗｅｒ,大阪府大阪市西区立売堀４丁目５番１１－５０５号,2021-08-26,株式会社
株式会社Ｔ－ＬＡＮＤ,東京都港区南麻布１丁目２７番２０号,2021-08-26,株式会社
株式会社Ｔ－Ｓｔａｇｅ,東京都練馬区大泉学園町５丁目１４番７号,2021-08-26,株式会社
株式会社ＴＡＭＡＭＳＢｉ．Ｃｏ．,東京都渋谷区神南１丁目５番１９号,2021-08-26,株式会社
株式会社ＴＡＭＡＳＴＡＧＥ,東京都渋谷区恵比寿２丁目２８番１０号５０８４,2021-08-26,株式会社
株式会社ＴＤ総合研究所,東京都港区三田３丁目２番２２－３０５号,2021-08-26,株式会社
株式会社ＴＥＮＳＨＩＮ,千葉県千葉市若葉区若松町９４６番地５Ｋ．ＫビルＤ号室,2021-08-26,株式会社
株式会社ＴＨＥ　ＣＡＲ,愛知県名古屋市名東区八前２丁目１２１番地,2021-08-26,株式会社
株式会社ＴＲＥＡＴ,石川県金沢市平和町２丁目１７番２８号,2021-08-26,株式会社
株式会社Ｔｈｒｅｅ　Ｔｒｅｅｚ,東京都港区西麻布２丁目２４番１９号レジェーロ西麻布１０２,2021-08-26,株式会社
株式会社Ｔｉｍｅ　Ｃｏｌｏｒｓ,秋田県男鹿市船川港増川字小田４番地,2021-08-26,株式会社
株式会社ＵＳ３,東京都品川区西五反田２丁目９－７ドルミ五反田４０７号,2021-08-26,株式会社
株式会社Ｕｎｉｔｙ,東京都世田谷区太子堂３丁目３７番１号,2021-08-26,株式会社
株式会社ＷＡＴＯＳＡ　ＧＬＯＢＡＬ,東京都渋谷区渋谷３丁目５番５号,2021-08-26,株式会社
株式会社Ｗｅ　Ｃｒｅａｔｅ,東京都渋谷区神宮前６丁目２３番４号桑野ビル２階,2021-08-26,株式会社
株式会社ＸＲＯＳ,埼玉県川越市大字鯨井１３４４番地１,2021-08-26,株式会社
株式会社ＹＭＣ,岩手県盛岡市向中野６丁目３番５４号,2021-08-26,株式会社
株式会社ＺＥＲＯＮＥＸＴ,東京都渋谷区神宮前６丁目２３番４号桑野ビル２Ｆ,2021-08-26,株式会社
株式会社ａｎｄｉＬＬ,東京都江戸川区東葛西６丁目１５－１９ラ・ヴェール多喜５０３号,2021-08-26,株式会社
株式会社ｉクラフト,東京都荒川区町屋２丁目１８－６光陽荘Ｂ－２０１,2021-08-26,株式会社
株式会社ｉｎｃｙｃｌｅ,東京都東村山市野口町４丁目７番３８号,2021-08-26,株式会社
株式会社ｋ．ｍサービス,兵庫県三木市加佐２６９番地の１－１０１,2021-08-26,株式会社
株式会社ｍｅｌｏｄｉａｍ,東京都台東区浅草６丁目１９番４号,2021-08-26,株式会社
株式会社ｍｅｒｃｉ１９７６,東京都目黒区上目黒５丁目２６番２１号ロイヤルパレス上目黒,2021-08-26,株式会社
株式会社ｍｉｒａｉ,大阪府八尾市東本町１丁目７番２号,2021-08-26,株式会社
株式会社ｍｏｐｉ,東京都渋谷区神泉町２２番３－１６０２号ピアース渋谷ＷＥＳＴ,2021-08-26,株式会社
株式会社ｐｈｙｔｏｎｃｉｄｅ,福岡県福岡市博多区中洲２丁目４－２０第２１ポールスタービル１階１０９号,2021-08-26,株式会社
森木農園株式会社,静岡県牧之原市東萩間１１５番地,2021-08-26,株式会社
楽倉株式会社,茨城県取手市小文間３７８２,2021-08-26,株式会社
橘プロデュース株式会社,岡山県笠岡市小平井５９６番地３,2021-08-26,株式会社
沖縄海事協同組合,沖縄県那覇市西３丁目８番３０号エレガンテみよし５０２,2021-08-26,その他の設立登記法人
特定非営利活動法人しまなみアートファーム,愛媛県今治市大三島町野々江１２２６番地,2021-08-26,その他の設立登記法人
特定非営利活動法人夢絆,兵庫県姫路市南条１丁目５番地,2021-08-26,その他の設立登記法人
特定非営利活動法人高齢者生活支援グループ百薬庵,石川県金沢市長町２丁目３番２３－２号,2021-08-26,その他の設立登記法人
特定非営利活動法人ＰＨＩ,千葉県木更津市井尻９１１番地１号,2021-08-26,その他の設立登記法人
社会保険労務士法人赤岩,東京都北区王子５丁目２番５－７１６号,2021-08-26,その他の設立登記法人
社会保険労務士法人ｊ．ｕｎｉｏｎ,東京都新宿区西新宿６丁目５番１号,2021-08-26,その他の設立登記法人
社会福祉法人にこにこ福祉会,香川県高松市林町２９４番地１,2021-08-26,その他の設立登記法人
綱ホールディングス株式会社,東京都港区芝２丁目１番３０号,2021-08-26,株式会社
綾石株式会社,大阪府大阪市北区豊崎３丁目１５番地５号ＴＫビル２Ｆ,2021-08-26,株式会社
聖蹟ファミリー動物病院合同会社,東京都多摩市乞田９５６番地の１メゾンフルール２０２,2021-08-26,合同会社
菊栄・松田漁業合同会社,島根県隠岐郡隠岐の島町港町天神原１１番地５３,2021-08-26,合同会社
谷内興業株式会社,北海道札幌市白石区北郷六条９丁目３番１３号,2021-08-26,株式会社
里山再生合同会社,福島県二本松市針道字五反田６番地,2021-08-26,合同会社
青木キャピタルファンド株式会社,岡山県浅口市鴨方町益坂１３７７番地１青木ビル３階,2021-08-26,株式会社
香川モビリティサービス株式会社,香川県高松市香西本町３６番地１,2021-08-26,株式会社
鴻慧株式会社,東京都中央区新川１丁目６番１２号,2021-08-26,株式会社
Ａ＆Ａエステートサービス株式会社,東京都豊島区東池袋４丁目３－９,2021-08-26,株式会社
ＡＬ　ＭＡＩＤＡＮ　ＥＮＴＥＲＰＲＩＳＥＳ　ＰＲＩＶＡＴＥ　ＬＩＭＩＴＥＤ,千葉県茂原市清水２２４０－１５清水オフィス５,2021-08-26,外国会社等
ＡＲＴＢＲＯＷ株式会社,東京都渋谷区神宮前５丁目６番１３号ヴァイス表参道２Ｆ,2021-08-26,株式会社
ＢＩＮＪＵ　ＧＲＯＵＰ合同会社,大阪府大阪市都島区東野田町５丁目１番１９－２０９号,2021-08-26,合同会社
ＣＥＳ　ＢＩＯ中国１合同会社,沖縄県那覇市松尾１丁目１０番２４号ホークシティ那覇ビル１階,2021-08-26,合同会社
ＣＥＳ　ＢＩＯ九州１合同会社,沖縄県那覇市松尾１丁目１０番２４号ホークシティ那覇ビル１階,2021-08-26,合同会社
ＣＥＳ　ＢＩＯ九州２合同会社,沖縄県那覇市松尾１丁目１０番２４号ホークシティ那覇ビル１階,2021-08-26,合同会社
ＣＥＳ中国１太陽光発電所合同会社,沖縄県那覇市松尾１丁目１０番２４号ホークシティ那覇ビル１階,2021-08-26,合同会社
ＣＥＳ九州５太陽光発電所合同会社,沖縄県那覇市松尾１丁目１０番２４号ホークシティ那覇ビル１階,2021-08-26,合同会社
ＣＵＯＮＧ　ＰＨＡＴ株式会社,徳島県徳島市かちどき橋２丁目４６番地３,2021-08-26,株式会社
Ｃｙｃｌｉｎｇ　Ｆｏｒｅｖｅｒ合同会社,東京都目黒区下目黒５丁目５番１２号,2021-08-26,合同会社
ＤｕｃｔＤｅｓｉｇｎ合同会社,岡山県津山市平福６０１番地１,2021-08-26,合同会社
ＥＰ株式会社,兵庫県神崎郡福崎町高岡１９２１番地３６,2021-08-26,株式会社
Ｆ．Ｉ．Ｐｅｔｅｒ　Ａｅｒｔｓ株式会社,埼玉県蕨市南町２丁目７番８号,2021-08-26,株式会社
ＦＥＦ創薬株式会社,東京都文京区本郷１丁目３５番２４号本郷真砂坂ハイツ６０４号,2021-08-26,株式会社
ＧＥＶＩＮ　ＩＮＴＥＲＮＡＴＩＯＮＡＬ合同会社,千葉県東金市丹尾２１０番地４１,2021-08-26,合同会社
ＧＬＯＢＡＬ　ＣＨＡＲＭＳ,埼玉県北本市石戸宿７丁目１２２番地,2021-08-26,外国会社等
Ｇｏｌｄ　Ｄａｙｓ株式会社,東京都世田谷区松原２丁目１３－１２,2021-08-26,株式会社
ＨＭＣ合同会社,神奈川県川崎市中原区木月３丁目２６番１５号,2021-08-26,合同会社
Ｈｉ　Ｐｒｏｊｅｃｔ合同会社,東京都渋谷区桜丘町１４－５,2021-08-26,合同会社
Ｊ・Ｉ・ＢＲＩＤＧＥ株式会社,東京都港区西新橋２丁目１９番４号,2021-08-26,株式会社
ＪＵＳＤＡ堺ロジスティック特定目的会社,東京都港区東新橋１丁目５番２号汐留シティセンター,2021-08-26,その他の設立登記法人
Ｍ’ｓ株式会社,東京都足立区大谷田４丁目９番７号,2021-08-26,株式会社
ＭＩクリエーションズ株式会社,大阪府大阪市城東区中央２丁目１５番２０号,2021-08-26,株式会社
ＭＳＴＣ合同会社,東京都台東区寿３丁目９番３号丸大ビル３Ｆ－０７,2021-08-26,合同会社
ＭＹエヌシー株式会社,神奈川県横浜市港南区港南台７丁目３番１１号,2021-08-26,株式会社
ＮＰＯ法人日ロ経済文化交流会,千葉県松戸市新作１０５５番地,2021-08-26,その他の設立登記法人
Ｏｎｅ’ｓ　ｔｒｕｅ　ｃｏｌｏｒｓ合同会社,香川県高松市伏石町２１７６番地２９,2021-08-26,合同会社
ＯｎｅＣｉｔｙＨｏｌｄｉｎｇｓ株式会社,東京都中央区銀座６丁目１３番１６号銀座ＷａｌｌビルＵＣＦ５階,2021-08-26,株式会社
ＲＮＤ　ＪＡＰＡＮ株式会社,大阪府大阪市中央区南船場４丁目１０番２０号グランドメゾン西心斎橋１００３号,2021-08-26,株式会社
ＳＡＧＬ１‐２合同会社,東京都港区虎ノ門５丁目１番４号,2021-08-26,合同会社
ＳＩＮＣＥＲＩＴＹ株式会社,愛知県名古屋市西区名駅２丁目４番１０号,2021-08-26,株式会社
Ｓａｋｕｒａ１合同会社,東京都港区南麻布３丁目１９番２３号オーク南麻布ビル２階,2021-08-26,合同会社
Ｓａｋｕｒａ２合同会社,東京都港区南麻布３丁目１９番２３号オーク南麻布ビル２階,2021-08-26,合同会社
Ｓｈｅｒｒｙ　Ｓｔｅａｍ　Ｔｅｃｈ株式会社,東京都港区六本木７丁目１５－７新六本木ビル９階,2021-08-26,株式会社
Ｔ．Ｙ．ｅｓｔａｔｅ合同会社,東京都文京区大塚１丁目４番１５－９１０号,2021-08-26,合同会社
ＴＡＦ工務店合同会社,神奈川県茅ヶ崎市小和田３丁目１６番１５号－１０６号,2021-08-26,合同会社
ＴＨ　ＭＡＲＴ合同会社,茨城県坂東市岩井２９４１番地３,2021-08-26,合同会社
ＴｈｒｅｅＦｉｖｅ株式会社,東京都渋谷区神宮前６丁目２３番４号桑野ビル２Ｆ,2021-08-26,株式会社
ＴｏｔａｌＥｎｅｒｇｉｅｓ　ＤＧ　Ｄｅｖｅｌｏｐｍｅｎｔ　Ｊａｐａｎ合同会社,東京都中野区中央５丁目２３番１０－３０１号,2021-08-26,合同会社
ＵＳ・Ｂｅｓｔ株式会社,東京都江戸川区松江２丁目２０番３号レインボーハウス１０１,2021-08-26,株式会社
Ｙ’ｓホールディングス株式会社,東京都千代田区丸の内１丁目９番１号,2021-08-26,株式会社
Ｙ’ｓ株式会社,神奈川県川崎市川崎区四谷上町１２番９号,2021-08-26,株式会社
Ｙトラスト株式会社,東京都新宿区四谷２丁目１１番地大村ビル７階,2021-08-26,株式会社
ＹＭ　ＴＲＡＤＩＮＧ株式会社,三重県桑名市多度町御衣野字奥ノ谷１４５６番９,2021-08-26,株式会社
ＹＯＫＯＹＡＭＡ貿易株式会社,静岡県牧之原市坂部４１６番地,2021-08-26,株式会社
ＹＵＫＩ行政書士法人,東京都新宿区百人町２丁目２１－４渡辺ビル２階Ａ号室,2021-08-26,その他の設立登記法人
ＺＩＭＺＡＩ　ＴＲＡＤＩＮＧ合同会社,東京都青梅市今井２丁目７６１番地の３,2021-08-26,合同会社
ａｄｄＴＥＮ合同会社,神奈川県相模原市南区新磯野３丁目９番６号,2021-08-26,合同会社
ａｔｅｌｉｅｒ　ａｌｔｒｕｅ合同会社,広島県安芸郡熊野町石神２番６号,2021-08-26,合同会社
ｅ・ワーク株式会社,新潟県村上市堀野９３１番地子,2021-08-26,株式会社
ｈａｃｏ合同会社,鹿児島県鹿児島市東千石町１８－１０第一照国ビル１階,2021-08-26,合同会社
あおば行政書士法人,長崎県長崎市恵美須町７番１２号オックス．ＳＴＡＹ　ＢＬＤ５Ｆ,2021-08-27,その他の設立登記法人
あったかＪＡＰＡＮ株式会社,沖縄県那覇市前島３丁目２５－２泊ポートビル１Ｆ,2021-08-27,株式会社
うきうきアグリン合同会社,福岡県久留米市城島町浮島４１６番地２,2021-08-27,合同会社
こまつ野商店合同会社,群馬県前橋市天川原町１丁目１番１号,2021-08-27,合同会社
さいたまクリーン株式会社,埼玉県さいたま市大宮区天沼町２丁目１１０番地２,2021-08-27,株式会社
つなぐ合同会社,福岡県春日市下白水南７丁目７７番地１ｂｌｕｅｍｏｏｎＪ１０５号,2021-08-27,合同会社
みんなのテクノロジー合同会社,東京都足立区竹の塚４丁目３番２５－３０５号,2021-08-27,合同会社
アイキャップ・エナジー・ジャパン株式会社,東京都港区赤坂２丁目１７番７号,2021-08-27,株式会社
アインスタインエステート株式会社,大阪府大阪市中央区南新町１丁目４番８号,2021-08-27,株式会社
アストンブリッジ合同会社,東京都江東区有明２丁目１番２―４１６号,2021-08-27,合同会社
アバン株式会社,埼玉県新座市あたご１丁目２番３３号,2021-08-27,株式会社
アレグリア行政書士法人,愛知県名古屋市天白区古川町１５０番地,2021-08-27,その他の設立登記法人
イッシングループジャパン合同会社,東京都品川区南大井２丁目１２番１号,2021-08-27,合同会社
ウッドベル合同会社,北海道北見市端野町緋牛内１５２番地６,2021-08-27,合同会社
エコ・プランニング合同会社,東京都台東区東上野３丁目１３番５号深谷ビル４０２,2021-08-27,合同会社
エシカルパートナーズ株式会社,東京都港区赤坂３丁目１１番１４－８０６号,2021-08-27,株式会社
エムテックＤＳ株式会社,愛知県尾張旭市渋川町３丁目９番地２３,2021-08-27,株式会社
エーアイティー株式会社,滋賀県東近江市青野町４６００番地,2021-08-27,株式会社
オプション警備株式会社,千葉県松戸市西馬橋蔵元町５５番地２０２号,2021-08-27,株式会社
オレンジラボ株式会社,兵庫県神戸市兵庫区松原通５丁目１番２１－１５０４号,2021-08-27,株式会社
オールウェイ株式会社,神奈川県横浜市旭区鶴ケ峰本町２丁目４２番２０号スプリングハイム２０１,2021-08-27,株式会社
グレース合同会社,大阪府大阪市生野区小路２丁目１９番２２号,2021-08-27,合同会社
ケイデンスコンサルティング合同会社,東京都八王子市下恩方町５７７番地４１,2021-08-27,合同会社
スターアライアンス合同会社,大阪府堺市中区八田西町３丁４番１２号,2021-08-27,合同会社
タレットプレボン・エナジー・ジャパン株式会社,東京都港区赤坂２丁目１７番７号,2021-08-27,株式会社
ヒロ合同会社,東京都港区南青山２丁目１４番１９号,2021-08-27,合同会社
ファイン株式会社,鹿児島県曽於郡大崎町假宿３４５９番地,2021-08-27,株式会社
プロニト株式会社,愛知県名古屋市中区栄１丁目６番１５号（グランドメゾン御園座タワー３８０６号）,2021-08-27,株式会社
マイク一般社団法人,神奈川県横浜市青葉区新石川３丁目１５番地１１,2021-08-27,その他の設立登記法人
マタラオート合同会社,千葉県船橋市大穴北１丁目２３－１７,2021-08-27,合同会社
ルナタウン株式会社,福岡県糟屋郡篠栗町大字乙犬９８０番地４,2021-08-27,株式会社
ルミエール株式会社,東京都足立区千住１丁目３０番３－２５０２号,2021-08-27,株式会社
レートメッド工業株式会社,東京都豊島区北大塚３丁目６番４号,2021-08-27,株式会社
ローカル・コミュニケーション・ラボ株式会社,埼玉県入間市大字上藤沢３７５番地５９,2021-08-27,株式会社
一川文研株式会社,東京都新宿区高田馬場３丁目１番５－３０９号サンパティオ高田馬場,2021-08-27,株式会社
一楓株式会社,東京都中央区勝どき５丁目１２番４－１２０３号,2021-08-27,株式会社
一般社団法人あんばいＬＢ２号,東京都千代田区霞が関３丁目２番５号,2021-08-27,その他の設立登記法人
一般社団法人たていとの会,神奈川県海老名市東柏ケ谷１丁目６番１２号大貫ビル１０６,2021-08-27,その他の設立登記法人
一般社団法人みらい共育ラボ,大阪府大阪市北区天満橋１丁目６番１４－１３０５号,2021-08-27,その他の設立登記法人
一般社団法人三陽会,愛知県名古屋市西区又穂町４丁目２２番地,2021-08-27,その他の設立登記法人
一般社団法人九州ウォータージェット工業会,福岡県福岡市博多区金の隈３丁目１０番７号,2021-08-27,その他の設立登記法人
一般社団法人八ヶ岳総合スポーツクラブ,長野県諏訪郡原村１７８９２番地,2021-08-27,その他の設立登記法人
一般社団法人博多美人会,福岡県福岡市博多区住吉４丁目４番２８号,2021-08-27,その他の設立登記法人
一般社団法人土浦蓮静会,茨城県土浦市乙戸１０８０番地１３,2021-08-27,その他の設立登記法人
一般社団法人奨学育英会,東京都新宿区百人町１丁目２２番１７号,2021-08-27,その他の設立登記法人
一般社団法人日本ナノコート協議会,東京都台東区浅草橋２丁目２５番１３号,2021-08-27,その他の設立登記法人
一般社団法人日本フィードバック協会,埼玉県さいたま市緑区大字大牧１４７０番地１９,2021-08-27,その他の設立登記法人
一般社団法人日本渦巻協会,熊本県熊本市西区八島町７２６番地,2021-08-27,その他の設立登記法人
一般社団法人関西中小個人企業支援協会,大阪府大阪市福島区福島７丁目１７番２１－５０２号,2021-08-27,その他の設立登記法人
一般社団法人静岡県建築職人協会,静岡県静岡市葵区追手町１０,2021-08-27,その他の設立登記法人
一般社団法人麦の方舟,岡山県岡山市北区平野７２７番地５,2021-08-27,その他の設立登記法人
一般社団法人ＧＯ　ＶＯＴＥ　ＪＡＰＡＮ,東京都渋谷区桜丘町２９番３５号ヴィラ桜ヶ丘７階,2021-08-27,その他の設立登記法人
一般財団法人ブルーオーシャンファンデーション,大阪府大阪市中央区備後町４丁目２番３号サラヤ本町東ビル,2021-08-27,その他の設立登記法人
一般財団法人野田俊作顕彰財団Ａｄｌｅｒ　Ｉｎｓｔｉｔｕｔｅ　Ｊａｐａｎ,滋賀県大津市松原町１０番１０－２０４号,2021-08-27,その他の設立登記法人
万慈株式会社,福岡県福岡市博多区寿町３丁目４番１５号南福岡ルネッサンス６０２号,2021-08-27,株式会社
中遠国際株式会社,大阪府泉大津市条南町３－２６－１０４Ａ,2021-08-27,株式会社
令王ＪＡＰＡＮ合同会社,鹿児島県鹿屋市向江町２６－１プラシードピアッツァ鹿屋２０２号,2021-08-27,合同会社
八光エステイト株式会社,富山県魚津市本江１０３０番地,2021-08-27,株式会社
八千代ケアホールディングス株式会社,東京都千代田区丸の内３丁目４番１号新国際ビル６階,2021-08-27,株式会社
内建株式会社,岐阜県岐阜市中屋東１９５番地１,2021-08-27,株式会社
合同会社みなとＴＭパートナーズ,福岡県福岡市早良区室見４丁目２４番２５－５０３号,2021-08-27,合同会社
合同会社アクティベンシャル,神奈川県横浜市鶴見区諏訪坂１６－２４,2021-08-27,合同会社
合同会社アシステッド,大阪府吹田市新芦屋下１６番３１号１０１,2021-08-27,合同会社
合同会社アシストワーカー,大分県宇佐市大字下高家１２８６番地の５,2021-08-27,合同会社
合同会社アララト,東京都新宿区四谷２丁目１１番地６ＦＯＲＥＣＡＳＴ四谷８０２,2021-08-27,合同会社
合同会社ギミックスコンサル,大阪府高槻市大和１丁目２３番１５号,2021-08-27,合同会社
合同会社ケイアンドエム,長野県飯田市下殿岡２８８番地５,2021-08-27,合同会社
合同会社シェア,東京都中野区野方６丁目３５－１８マロンハイム２０３,2021-08-27,合同会社
合同会社システムインベスター,神奈川県川崎市多摩区宿河原２丁目２－２３,2021-08-27,合同会社
合同会社シリウス,東京都港区浜松町２丁目２－１５浜松町ダイヤビル２Ｆ,2021-08-27,合同会社
合同会社スタートライン,大阪府摂津市東別府４丁目８－１９,2021-08-27,合同会社
合同会社ストレートロー,福岡県福岡市東区松香台１丁目２１番７－１０３号,2021-08-27,合同会社
合同会社ソル,兵庫県芦屋市翠ケ丘町９番２５－２０２号,2021-08-27,合同会社
合同会社ビックドリーム,沖縄県那覇市牧志３丁目１３－６２フェアスティック牧志２０３,2021-08-27,合同会社
合同会社ビルケアパートナーズ,大阪府大阪市中央区北浜東５番４号,2021-08-27,合同会社
合同会社フィールズ,福岡県久留米市江戸屋敷１丁目８番５号,2021-08-27,合同会社
合同会社フウスル,東京都墨田区押上３丁目２４－１８－１Ｆ,2021-08-27,合同会社
合同会社フォルテム,東京都港区西麻布２丁目２番２－３０２号,2021-08-27,合同会社
合同会社ブエナビスタ,東京都新宿区高田馬場１丁目１１番５号,2021-08-27,合同会社
合同会社ブルーム,東京都豊島区池袋１丁目２番７号,2021-08-27,合同会社
合同会社リアルエステート福島,東京都八王子市子安町４丁目７番１－１７０６号,2021-08-27,合同会社
合同会社リベラノート,埼玉県越谷市大字袋山１４４９番地１,2021-08-27,合同会社
合同会社ルーキーズ,千葉県柏市逆井５丁目４番１８号,2021-08-27,合同会社
合同会社ロケットダック,東京都渋谷区幡ヶ谷３丁目３９番１２号渋谷ウェストビル１階,2021-08-27,合同会社
合同会社心陽,埼玉県上尾市宮本町７－１１,2021-08-27,合同会社
合同会社松田商店,鹿児島県鹿児島市中山町３－１,2021-08-27,合同会社
合同会社楽生,沖縄県宮古島市平良字下里１３５９番地２スカイマンション１階Ａ５,2021-08-27,合同会社
合同会社狩女の会,石川県鳳珠郡穴水町字大町ヨの１８２番地来迎寺住宅８号,2021-08-27,合同会社
合同会社石川圧送,神奈川県伊勢原市上谷８２８番地の９,2021-08-27,合同会社
合同会社翔栄,埼玉県熊谷市妻沼４７８番地４タベイマンション１０２,2021-08-27,合同会社
合同会社西澤為次郎商会,東京都江戸川区松島１丁目１８－１２,2021-08-27,合同会社
合同会社達磨,愛知県名古屋市港区港陽２丁目９番地の１ハイス丸二Ｂ棟１０２,2021-08-27,合同会社
合同会社鈴木浩事務所,山梨県富士吉田市下吉田７丁目６番１２号,2021-08-27,合同会社
合同会社ＡＤ,福岡県那珂川市今光４丁目１４３番地,2021-08-27,合同会社
合同会社ＡＱＵＡ,東京都渋谷区東４丁目７番４－２０１号広尾ヴィラスクエア,2021-08-27,合同会社
合同会社ＡＲＡ,千葉県印西市大塚３丁目２４－９,2021-08-27,合同会社
合同会社ＡｏＮ,東京都台東区蔵前４丁目３５－５－９０１,2021-08-27,合同会社
合同会社ＡｏｍｏｒｉＯｕｔｄｏｏｒＨｏｕｓｅ,青森県青森市東造道３丁目１１番地１３,2021-08-27,合同会社
合同会社ＣＥＩ,東京都中央区銀座１丁目２２番１１号銀座大竹ビジデンス２階,2021-08-27,合同会社
合同会社ＧＲＣサポート,東京都渋谷区神宮前６丁目２３番４号桑野ビル２階,2021-08-27,合同会社
合同会社ＨＡＲＬＥＭ,静岡県三島市本町５番１２号,2021-08-27,合同会社
合同会社ＪＭＲ,大阪府堺市北区百舌鳥本町３丁４０６番地３,2021-08-27,合同会社
合同会社ＫｏｈＭｏｒｉ,東京都渋谷区神宮前６丁目２３番４号桑野ビル２階,2021-08-27,合同会社
合同会社ＬＤＫ,大阪府大阪市北区本庄西２丁目１２番３号,2021-08-27,合同会社
合同会社Ｌｅｇａｍｉ,山口県下関市大学町４丁目６番２４号,2021-08-27,合同会社
合同会社ＬｉｖｅＬ,東京都港区浜松町１丁目２７－１７三和ビル４Ｆ,2021-08-27,合同会社
合同会社Ｍ＆ＡＩ,東京都世田谷区用賀１丁目２０番２０号,2021-08-27,合同会社
合同会社ＭＡＭＯ　ＣＡＰＩＴＡＬ,東京都渋谷区笹塚１丁目６０番５号山幸ビル１２Ｆ,2021-08-27,合同会社
合同会社ＮＨＴＳ,岡山県津山市東一宮２８８番地４,2021-08-27,合同会社
合同会社Ｎｉｇｈｔｉｎｇａｌｅ,千葉県木更津市祇園１丁目２３番２号アメニティ祇園Ｃ棟１０１号,2021-08-27,合同会社
合同会社Ｏ,東京都世田谷区松原５丁目３０番３号コーポ松原３０２,2021-08-27,合同会社
合同会社ＯＣＥＡＮ,佐賀県唐津市町田１丁目８番５号,2021-08-27,合同会社
合同会社Ｑｕａｒｔｅｒｈａｃｋ,東京都千代田区平河町２丁目７番４－１２０２号,2021-08-27,合同会社
合同会社ＲＡＹＣＩＯＵＳ,東京都港区六本木４丁目３番１１号４０５号室,2021-08-27,合同会社
合同会社ＲｅＣｏｒｐｓ,東京都目黒区鷹番１丁目２番１５－２０１号,2021-08-27,合同会社
合同会社ＳＪＫＣ,北海道札幌市東区北二十二条東１６丁目１番１３号田房ビル２０７号,2021-08-27,合同会社
合同会社ＳＬ－Ｄ５４０,京都府南丹市園部町大河内垣内４２番地,2021-08-27,合同会社
合同会社ＳＳプランニング,福岡県福岡市南区若久３丁目８－４,2021-08-27,合同会社
合同会社Ｓａｉｄａｉ,滋賀県守山市荒見町２４５番地４,2021-08-27,合同会社
合同会社ＴＥＨ,神奈川県相模原市南区鵜野森２丁目２６番４号,2021-08-27,合同会社
合同会社ｋｉｎｎｉｋｕ,埼玉県川口市芝中田２丁目２８番１号,2021-08-27,合同会社
合同会社ｍａｋａｎａ,青森県青森市大字安田字近野２７０番地５,2021-08-27,合同会社
合同会社ｓｈｏ４,千葉県習志野市本大久保２丁目１２－１６伸和ハイツ２０３,2021-08-27,合同会社
合同会社ｗａｘ,東京都練馬区中村北２丁目２０番１５号セブンスマグノリア３０４,2021-08-27,合同会社
合資会社フォレストルーラル,大阪府堺市北区奥本町２丁８１番地,2021-08-27,合資会社
和新株式会社,埼玉県さいたま市北区吉野町２丁目２８４番地３,2021-08-27,株式会社
多吉株式会社,千葉県鎌ケ谷市丸山３丁目９番３号,2021-08-27,株式会社
大運株式会社,兵庫県たつの市誉田町福田４９７番地１,2021-08-27,株式会社
安良株式会社,大阪府大阪市東住吉区湯里５丁目１６番地５号３Ｆ－Ｄ,2021-08-27,株式会社
小山建設工業株式会社,新潟県上越市木田２丁目７番２３号３０６,2021-08-27,株式会社
日新金属株式会社,熊本県宇城市松橋町竹崎１２９９番地１１,2021-08-27,株式会社
日本医薬品情報管理株式会社,山形県酒田市千石町１丁目４番１３－１０２号,2021-08-27,株式会社
日本大東港商事株式会社,東京都中央区勝どき５丁目１２番４－１２０３号,2021-08-27,株式会社
日本海流発電株式会社,茨城県つくば市榎戸７８３番地１２沼尻産業ビル２Ｆ,2021-08-27,株式会社
有限会社新宅工務店,鹿児島県鹿児島市坂元町７８０番地３,2021-08-27,有限会社
株式会社おひげ,大阪府和泉市上町６５８番地の４,2021-08-27,株式会社
株式会社かんかんみらいサポート,愛知県名古屋市昭和区鶴羽町３丁目６番地,2021-08-27,株式会社
株式会社くるまのレジアス,埼玉県ふじみ野市上福岡５丁目５番地１７,2021-08-27,株式会社
株式会社ここから,埼玉県草加市吉町３丁目５番２４号,2021-08-27,株式会社
株式会社さくらオフィス,東京都小平市花小金井南町３丁目３８－１６,2021-08-27,株式会社
株式会社しょう点,東京都渋谷区松濤１丁目２８番２号,2021-08-27,株式会社
株式会社しろくま不動産,群馬県伊勢崎市宮子町３１３８,2021-08-27,株式会社
株式会社アウトドアプロジェクト,福岡県福岡市城南区鳥飼６丁目１０番７号ファミール鳥飼３０５号,2021-08-27,株式会社
株式会社アクロエンジニア,東京都中央区日本橋本町４丁目８番１５号,2021-08-27,株式会社
株式会社アミダパワー,広島県広島市中区中町１番２１－３０１号,2021-08-27,株式会社
株式会社アリマコーポレーション,広島県東広島市高屋町高屋堀２０２７番地１１,2021-08-27,株式会社
株式会社アルク・エステート,神奈川県横浜市鶴見区佃野町３４番３号,2021-08-27,株式会社
株式会社アルファ,福岡県糟屋郡新宮町上府北２丁目１３番５号,2021-08-27,株式会社
株式会社アンジー,愛知県名古屋市中区平和２丁目１４番１８号,2021-08-27,株式会社
株式会社インディータイム,愛媛県松山市喜与町２丁目１番地３,2021-08-27,株式会社
株式会社エイアンドエー,神奈川県小田原市栢山２６４８番地,2021-08-27,株式会社
株式会社エイケミストリー,兵庫県神戸市東灘区御影山手２丁目１番１７号,2021-08-27,株式会社
株式会社エスティーワン,東京都台東区日本堤２丁目２９番１２－８０３号クレヴィスタ南千住,2021-08-27,株式会社
株式会社エバーグリーン,千葉県八千代市ゆりのき台７丁目９番地１１,2021-08-27,株式会社
株式会社エブレイズ,広島県竹原市中央３丁目１１番３１号,2021-08-27,株式会社
株式会社エムアンドエム,奈良県香芝市穴虫２２３３－１,2021-08-27,株式会社
株式会社エム・トラスト,広島県広島市西区楠木町１丁目１３番１０号ロイヤル神川７０１,2021-08-27,株式会社
株式会社エーケーアーク,埼玉県加須市南篠崎２丁目１２番地１５,2021-08-27,株式会社
株式会社オキフル,沖縄県那覇市久茂地１丁目１番１号９階,2021-08-27,株式会社
株式会社オクプロ,東京都中央区銀座１丁目２２番１１号銀座大竹ビジデンス２階,2021-08-27,株式会社
株式会社カトウ塾,東京都葛飾区東水元３丁目２２番１９号,2021-08-27,株式会社
株式会社カナヤマファルマ,埼玉県草加市栄町３丁目４番２４－９０９号,2021-08-27,株式会社
株式会社ガーラ,神奈川県相模原市緑区川尻５５００番地１,2021-08-27,株式会社
株式会社クオーレ,山口県周南市大字呼坂１００６番地の９５,2021-08-27,株式会社
株式会社クレイン,福岡県福岡市早良区百道３丁目１０番３０号,2021-08-27,株式会社
株式会社クレドール,京都府京都市南区吉祥院定成町２３番地１クレドール洛南ＬＥＧＥＮＤ（１Ｆ）,2021-08-27,株式会社
株式会社ケアメディカルおやべ,富山県小矢部市石動町１番３２号,2021-08-27,株式会社
株式会社コンフィニティ,静岡県浜松市中区上島５丁目１２－２９,2021-08-27,株式会社
株式会社コーポレートサポート,沖縄県那覇市古波蔵１丁目３１番１２号,2021-08-27,株式会社
株式会社ゴールデンエイジ,大阪府大阪市北区天神橋１丁目７番１７号,2021-08-27,株式会社
株式会社サンテック電工,福岡県福岡市早良区田村５丁目２６番８－１号,2021-08-27,株式会社
株式会社シブヤ,神奈川県相模原市中央区田名４３３３番地２６,2021-08-27,株式会社
株式会社シンシア,東京都港区南青山２丁目２番１５号ＷｉｎＡｏｙａｍａビルＵＣＦ６３５,2021-08-27,株式会社
株式会社ジョブ・グー,宮城県仙台市若林区連坊２丁目１番１９号,2021-08-27,株式会社
株式会社スタジオイチバン,東京都杉並区高円寺南４丁目２９番１４号エルディア高円寺５０１,2021-08-27,株式会社
株式会社スマートコネクト,福岡県福岡市東区松島１丁目２６番２３－１０１号,2021-08-27,株式会社
株式会社スリーアローズ,東京都品川区上大崎２丁目１５－１４－５Ｆ,2021-08-27,株式会社
株式会社スローフォルムス,岐阜県大垣市墨俣町墨俣５１３番地,2021-08-27,株式会社
株式会社ゼロボード,東京都港区芝公園３丁目１番８号,2021-08-27,株式会社
株式会社ソウエイ,兵庫県尼崎市東難波町４丁目２番１９号,2021-08-27,株式会社
株式会社タカラグループ,神奈川県海老名市上今泉３丁目７番３４号,2021-08-27,株式会社
株式会社テイショウフーズ,大阪府大阪市中央区内平野町１丁目５番５号内平野町ビル四階,2021-08-27,株式会社
株式会社テッパンカンパニー,埼玉県川口市中青木５丁目８番１９号,2021-08-27,株式会社
株式会社テンリュウ,東京都渋谷区神宮前６丁目２３番４号桑野ビル２階,2021-08-27,株式会社
株式会社ニチオインフォテックジャパン,東京都江戸川区北葛西２丁目８番３号,2021-08-27,株式会社
株式会社ニュースタ,東京都渋谷区渋谷２丁目１９－１５宮益坂ビルディング６０９,2021-08-27,株式会社
株式会社ネイキッドフォース,宮城県仙台市青葉区柏木１丁目１番４５－２０１号,2021-08-27,株式会社
株式会社バング,福岡県大野城市瓦田４丁目６番１号,2021-08-27,株式会社
株式会社ビッグイン,兵庫県三田市つつじが丘北３丁目５番地１４,2021-08-27,株式会社
株式会社ピーチプロモーション,東京都新宿区河田町３番５１－２７１２号,2021-08-27,株式会社
株式会社ファルコンオート,千葉県野田市東金野井１４０５番地の１２４,2021-08-27,株式会社
株式会社ファーストバリュー,大阪府大阪市都島区高倉町１丁目１１番１９号,2021-08-27,株式会社
株式会社フルハウス,愛知県名古屋市中区栄１丁目１６番３１号アメニティ栄７０２号室,2021-08-27,株式会社
株式会社ブリッヂ,千葉県市原市東五所２９番地の５,2021-08-27,株式会社
株式会社プロセコン,兵庫県芦屋市茶屋之町５－８－３０１,2021-08-27,株式会社
株式会社ヘルスリー,兵庫県神戸市兵庫区三川口町３丁目３番１０－４０６号,2021-08-27,株式会社
株式会社ホワイトスパイダー,東京都港区虎ノ門５丁目１１番１号,2021-08-27,株式会社
株式会社マルキホールディングズ,岐阜県美濃市極楽寺３３１番地の１,2021-08-27,株式会社
株式会社メディアビジョン,大阪府大阪市北区野崎町６番８号トレックノース梅田ビル７０５,2021-08-27,株式会社
株式会社メリンダ,東京都台東区上野５丁目３番１１号,2021-08-27,株式会社
株式会社ヤクシン埼玉千間台営業所,埼玉県越谷市千間台東１丁目７番地１３－２Ｆ,2021-08-27,株式会社
株式会社ユニテック,東京都江戸川区鹿骨２丁目３３番７号第１１諸マンション１０６,2021-08-27,株式会社
株式会社ライテック,東京都渋谷区東３丁目２４番８号,2021-08-27,株式会社
株式会社ライフラインネクスト,東京都港区赤坂４丁目８番１９号赤坂フロントタウン３階,2021-08-27,株式会社
株式会社ラジカル,福岡県久留米市六ツ門町７番地５２－１９０２号,2021-08-27,株式会社
株式会社リアライズ,大分県豊後高田市呉崎１１０１番地３,2021-08-27,株式会社
株式会社リボーンフーズ,東京都港区北青山１丁目４番５号ＶＯＲＴ青山一丁目９０２,2021-08-27,株式会社
株式会社ルミエール,東京都町田市小山町１１７６番地,2021-08-27,株式会社
株式会社ルミライズ,神奈川県相模原市中央区千代田３丁目３番２０号,2021-08-27,株式会社
株式会社ルーチェ,兵庫県姫路市花田町勅旨３３４番地５,2021-08-27,株式会社
株式会社レゲイム,東京都中央区銀座１丁目２２番１１号銀座大竹ビジデンス２階,2021-08-27,株式会社
株式会社ワイエツバンタ,大阪府大阪市中央区久太郎町３丁目１－６伊藤佑ビル大阪本町８階,2021-08-27,株式会社
株式会社ワイズ計装,青森県三沢市中央町３丁目１１番９号,2021-08-27,株式会社
株式会社ワンセル,東京都港区白金３丁目１２番８号シルフィード白金４０５,2021-08-27,株式会社
株式会社一凛,千葉県旭市足川３９１８番地１３,2021-08-27,株式会社
株式会社一陽ｗｉｔｈ賃貸,千葉県八千代市米本２１３７－１,2021-08-27,株式会社
株式会社三栄クリエイション,千葉県富津市大堀１丁目１５番地６,2021-08-27,株式会社
株式会社三結,福岡県大野城市大城２丁目４番１０号,2021-08-27,株式会社
株式会社世光,東京都江戸川区東葛西９丁目３番２号東京倉庫実業９号,2021-08-27,株式会社
株式会社京都メディカルコーポレーション,京都府京都市西京区山田大吉見町１８番地の５,2021-08-27,株式会社
株式会社今村施行,神奈川県横浜市鶴見区岸谷１丁目２４－１４、３Ｆ,2021-08-27,株式会社
株式会社修栄設備,埼玉県白岡市西５丁目４番３,2021-08-27,株式会社
株式会社利根川商事,山梨県南アルプス市鮎沢１３３７番地２,2021-08-27,株式会社
株式会社博多おでん研究所,福岡県福岡市早良区荒江２丁目２５番３０－７０２号,2021-08-27,株式会社
株式会社地質工学社,埼玉県さいたま市北区本郷町５７６番地４,2021-08-27,株式会社
株式会社城南急送,東京都稲城市平尾１丁目７番地の３,2021-08-27,株式会社
株式会社大山水産,宮崎県串間市大字市木８９８９番地１４,2021-08-27,株式会社
株式会社孝建,神奈川県三浦市南下浦町上宮田８６３番地１,2021-08-27,株式会社
株式会社宏輝,埼玉県志木市上宗岡１丁目９番１３号,2021-08-27,株式会社
株式会社岡田工務店,栃木県栃木市吹上町１２０１番地,2021-08-27,株式会社
株式会社廣川電気,千葉県市原市能満１１１５番地,2021-08-27,株式会社
株式会社日本連帯保証解除協会,神奈川県横浜市港北区大豆戸町５３５番地５の１０５,2021-08-27,株式会社
株式会社昇六下田,大阪府枚方市招提北町１丁目２２２９番地２,2021-08-27,株式会社
株式会社映像工房ＴＥＲＡＫＯＹＡ,福岡県福岡市中央区荒戸１丁目６番地１５,2021-08-27,株式会社
株式会社時茂プロダクション,埼玉県草加市高砂２丁目５番５号,2021-08-27,株式会社
株式会社晴飛,茨城県小美玉市羽鳥２３５２－１２３９メゾン脇山Ｂ号,2021-08-27,株式会社
株式会社智塗装,東京都調布市飛田給３丁目１７番地９,2021-08-27,株式会社
株式会社木村食品,千葉県市川市二俣６７３番地,2021-08-27,株式会社
株式会社東京女性不動産,東京都港区海岸１丁目１４番１７号ベイサイド竹芝１５０３,2021-08-27,株式会社
株式会社森と人研究所,奈良県奈良市五条西１丁目３６番１２－２－２０３号,2021-08-27,株式会社
株式会社歌川ＥＣＯファクトリー,北海道札幌市北区南あいの里７丁目１０番１１号,2021-08-27,株式会社
株式会社武田工業,神奈川県横浜市西区北幸１丁目１番１号水信ビル７階,2021-08-27,株式会社
株式会社武野企画,大阪府枚方市上野２丁目４番１－３１２号,2021-08-27,株式会社
株式会社浪漫酒創造舎,長崎県佐世保市大潟町２９０－１１,2021-08-27,株式会社
株式会社焱義,東京都台東区三筋１丁目３番１８号ＳＹビル３０５,2021-08-27,株式会社
株式会社相原,神奈川県横浜市泉区新橋町２番地,2021-08-27,株式会社
株式会社石川企画,埼玉県春日部市粕壁３丁目４番３８号,2021-08-27,株式会社
株式会社秋雲,熊本県八代市古閑中町５０８番地,2021-08-27,株式会社
株式会社結信,埼玉県上尾市小泉４丁目１７番５号,2021-08-27,株式会社
株式会社織り夢,京都府綾部市豊里町三宅１０７番地,2021-08-27,株式会社
株式会社職人道,埼玉県さいたま市北区植竹町１丁目８２０番地６埼玉電気会館４階,2021-08-27,株式会社
株式会社蓮光商会,東京都港区三田２丁目３番３４－５０４号,2021-08-27,株式会社
株式会社金世,東京都文京区湯島３丁目３９番１１号ライワビル３Ｆ,2021-08-27,株式会社
株式会社雪輪,兵庫県神戸市灘区鹿ノ下通１丁目３番４号,2021-08-27,株式会社
株式会社類都,東京都世田谷区三宿１丁目２１番２１号,2021-08-27,株式会社
株式会社ＡＣＥＯＮＥ,東京都荒川区南千住３丁目４１番６－１０１０号,2021-08-27,株式会社
株式会社ＡＬＩＶＥ,愛知県名古屋市中区大須２丁目２１番３２号第三アメ横ビル３階,2021-08-27,株式会社
株式会社ＡＯＫＫ．,愛知県名古屋市中区丸の内３丁目１９番１４号財形久屋セントラルハイツ６０３号,2021-08-27,株式会社
株式会社Ａｎｄｒｅａｍ,大阪府東大阪市菱屋西６丁目７番１８号,2021-08-27,株式会社
株式会社Ａｓｕｋａ－ＷＩＮＧ,東京都葛飾区鎌倉１丁目２番１５号,2021-08-27,株式会社
株式会社ＢＡＬＯ　ＥＮＴＥＲＰＲＩＳＥ,東京都港区北青山３丁目６番７,2021-08-27,株式会社
株式会社ＢＲＩＬＬＥＲ,千葉県松戸市胡録台３６４番地の２アゼリア２０２号,2021-08-27,株式会社
株式会社ＢＵＮ３６,東京都港区北青山３丁目１－６－３１６青山３０７号室,2021-08-27,株式会社
株式会社Ｂｅｒｒｙ,大分県中津市大字今津６６番地６,2021-08-27,株式会社
株式会社ＣＡＮＡＥＬ,東京都豊島区東池袋２丁目６３番５号日興パレス池袋４０３,2021-08-27,株式会社
株式会社ＣＹＲＵＳ,東京都新宿区西新宿４丁目２２番９号,2021-08-27,株式会社
株式会社Ｃａｎｅｌｉｔａ,大阪府大阪市西区北堀江１丁目１４番１８号,2021-08-27,株式会社
株式会社Ｄ．Ｋ．Ｗｏｒｋｓ,福岡県福岡市城南区大字東油山１５４番地６０,2021-08-27,株式会社
株式会社ＤＥＳＭＡＳ,東京都千代田区神田佐久間町２丁目１８番地５アークビル２Ｆ,2021-08-27,株式会社
株式会社Ｄａｙｓ,神奈川県足柄下郡箱根町湯本６９３番地の１,2021-08-27,株式会社
株式会社ＥＷＯＬＰ,滋賀県守山市下之郷２丁目１３番８号,2021-08-27,株式会社
株式会社ＥＹＬ,東京都港区浜松町２丁目２－１５浜松町ダイヤビル２階,2021-08-27,株式会社
株式会社ＦＡＮＦＡＮ,埼玉県草加市西町５４５番地８,2021-08-27,株式会社
株式会社Ｆａｔｅ　ｃｈａｎｇｅ,兵庫県西宮市東町２丁目１－３６,2021-08-27,株式会社
株式会社ＧＡ,東京都港区赤坂８丁目６番２７号スカイプラザ赤坂２１１,2021-08-27,株式会社
株式会社ＧＧｄｅｓｉｇｎ,東京都港区西麻布２丁目１３番地１５号第２横芝ビル,2021-08-27,株式会社
株式会社ＧＲＩＴ,大阪府大阪市平野区喜連５丁目１番５０号,2021-08-27,株式会社
株式会社ＨＣＳ,埼玉県さいたま市西区西大宮３丁目３８番地１,2021-08-27,株式会社
株式会社ＨＥＡＶＥＮ,大阪府大阪市東成区玉津１丁目１－２９不燃ビル１Ｆ,2021-08-27,株式会社
株式会社ＨＩＹＯＲＩ,大阪府大阪市北区大淀中２丁目７番１号,2021-08-27,株式会社
株式会社ＨＯＰＥ,埼玉県川口市西川口４丁目１１－１５西川口ローヤルコーポ５０５号室,2021-08-27,株式会社
株式会社ＨＯＴＡＫＡ,茨城県鉾田市新鉾田２丁目１番地１４,2021-08-27,株式会社
株式会社Ｈｏｌｏｍｕａ,京都府京都市右京区鳴滝松本町２６番地１２,2021-08-27,株式会社
株式会社ＩＭＰＲＯＶＥ,福岡県福岡市博多区東平尾２丁目９番２３号,2021-08-27,株式会社
株式会社ＩＲＩＳ,東京都中央区晴海２丁目２番４２－３１０号,2021-08-27,株式会社
株式会社Ｉｎｆｉｎｉｔｅ　Ｓｐａｃｅ,大阪府東大阪市寿町１丁目７－２７Ｈａｂｉｔａｔ寿,2021-08-27,株式会社
株式会社Ｋプラン,埼玉県川口市末広１丁目３番３１－３０３号,2021-08-27,株式会社
株式会社ＫＡＮＤＡ,埼玉県和光市南１丁目２１番１０号,2021-08-27,株式会社
株式会社ＫＩＷＡＤＡＣＨＩ,東京都港区東新橋２丁目１０番１０－９０３号,2021-08-27,株式会社
株式会社ＬＶシステム,埼玉県さいたま市中央区上峰３丁目１３番９号－１－２０２,2021-08-27,株式会社
株式会社ＬｉｆＡｃｔ,福岡県那珂川市大字別所４５３－１８,2021-08-27,株式会社
株式会社Ｌｕｘ,東京都渋谷区神宮前６丁目３２番５号,2021-08-27,株式会社
株式会社ＭＡＴ情報システム,広島県広島市安佐南区長束西１丁目２５番１３－３号,2021-08-27,株式会社
株式会社Ｍａｋｅ　Ｂｅｔｔｅｒ,愛媛県松山市湯渡町１０番２５号,2021-08-27,株式会社
株式会社Ｍａｑｓｙｓ,神奈川県川崎市高津区坂戸３丁目２番１号,2021-08-27,株式会社
株式会社Ｍｉｒａｉ　Ｎｅｔｔｓｕ,福岡県福岡市博多区博多駅南１丁目８番１３号,2021-08-27,株式会社
株式会社Ｍｏｏｎｂｅａｒ,千葉県船橋市本町２丁目２５番１７号高橋ビル１０１,2021-08-27,株式会社
株式会社Ｍｏｔｏｒｉｋｕ,東京都杉並区阿佐谷南１丁目４７－２４ＫＤＸレジデンス阿佐ヶ谷４０７,2021-08-27,株式会社
株式会社Ｎ‐ＡＲＫ,静岡県浜松市中区鍛冶町１００番地の１ザザシティ浜松中央館Ｂ１Ｆ,2021-08-27,株式会社
株式会社Ｎ．ｙｄ,愛知県名古屋市中区新栄１丁目１２番３２号シャインアルファビル１０１号,2021-08-27,株式会社
株式会社ＮＡＭＩＤＩＢＡ,大阪府大阪市中央区内久宝寺町２丁目２番２２－３１０１号,2021-08-27,株式会社
株式会社ＮＵＮＵ　ＦＡＣＴＯＲＹ,埼玉県春日部市豊町６丁目２５番１０号,2021-08-27,株式会社
株式会社ＮｉＲ,大阪府枚方市高塚町２５番１－７１２号,2021-08-27,株式会社
株式会社ＯＭＯＲＯＢＡ,東京都葛飾区白鳥４丁目７番５－３０１号ライオンズガーデンお花茶屋,2021-08-27,株式会社
株式会社ＯＭＴＭ,東京都新宿区新宿２丁目１２番１３号,2021-08-27,株式会社
株式会社ＯＺ　Ｗｏｒｋｓ,東京都港区西麻布２丁目１７番６－１０１号,2021-08-27,株式会社
株式会社ＰＡＮＤＡ,東京都台東区浅草４丁目４３番９－２０１号,2021-08-27,株式会社
株式会社ＰＬＯＷ,神奈川県横浜市戸塚区川上町９１番地１ＢＥＬＩＳＴＡタワー東戸塚２４０９号,2021-08-27,株式会社
株式会社Ｐｒｉｍｉｔ,埼玉県さいたま市南区太田窪４丁目８番１７号,2021-08-27,株式会社
株式会社ＲＥＭＡＲＥ,三重県鳥羽市鳥羽５丁目１６－１６,2021-08-27,株式会社
株式会社ＲＵＳＨ　ＯＦ,大阪府大阪市北区天満１丁目１３番５－４０３号,2021-08-27,株式会社
株式会社Ｒｉｚｏｎｉａ,兵庫県宝塚市御殿山４丁目２４番２号,2021-08-27,株式会社
株式会社Ｓ・Ｃ・Ｗ,広島県広島市中区堀川町４番２０号,2021-08-27,株式会社
株式会社Ｓ．Ｍ．Ｓ,大阪府松原市三宅中４丁目２０番１６号,2021-08-27,株式会社
株式会社ＳＡＩＧＯＮ９３,岡山県岡山市中区今在家４４７番地１（Ｂ－１０１）,2021-08-27,株式会社
株式会社ＳＨＩＰ第２１６号,東京都千代田区丸の内２丁目７番２号,2021-08-27,株式会社
株式会社ＳＨＩＰ第２１７号,東京都千代田区丸の内２丁目７番２号,2021-08-27,株式会社
株式会社ＳＨＩＰ第２１８号,東京都千代田区丸の内２丁目７番２号,2021-08-27,株式会社
株式会社ＳＨＩＰ第２１９号,東京都千代田区丸の内２丁目７番２号,2021-08-27,株式会社
株式会社ＳＨＩＰ第２２０号,東京都千代田区丸の内２丁目７番２号,2021-08-27,株式会社
株式会社ＳＨＩＰ第２２１号,東京都千代田区丸の内２丁目７番２号,2021-08-27,株式会社
株式会社ＳＨＩＰ第２２９号,東京都千代田区丸の内２丁目７番２号,2021-08-27,株式会社
株式会社ＳＫ　ｓｅｒｖｉｃｅ,東京都墨田区墨田３丁目１８番１４号,2021-08-27,株式会社
株式会社Ｓｅｅｄｉｍ,東京都目黒区大岡山１丁目５番６号,2021-08-27,株式会社
株式会社Ｓｅｒｏｉ,東京都江戸川区宇喜田町１３３０番地６,2021-08-27,株式会社
株式会社Ｓｐｒｉｎｇ　ＤＡＹ,東京都荒川区東尾久２丁目２８番１３号,2021-08-27,株式会社
株式会社ＳｔａｔＨａｃｋ,東京都文京区本郷６丁目２５番１４号,2021-08-27,株式会社
株式会社Ｓｔａｙ　Ｈｕｍｂｌｅ,東京都港区赤坂２丁目１６番２１号,2021-08-27,株式会社
株式会社Ｓｕｇａｒ　ｂｅｅｔ,東京都港区白金台５丁目５番８号ＩＳＯＬＥＴＴＡビル４Ｆ,2021-08-27,株式会社
株式会社Ｔ・Ｔ商事,千葉県四街道市もねの里３丁目２４－１４８,2021-08-27,株式会社
株式会社Ｔ．ＭＡＫＥ,大阪府大阪市西区阿波座２丁目３番２３号,2021-08-27,株式会社
株式会社ＶＡＲＩＥＴＹ,東京都千代田区内神田３丁目１７番５号稲垣内神田ビル２階,2021-08-27,株式会社
株式会社Ｗｅｌｌｎｅｓｓ　Ｌａｎｄ,大阪府大阪市浪速区桜川１丁目３番２号,2021-08-27,株式会社
株式会社ＷｈｉｔｅＬｉｌｙ,東京都港区麻布十番２丁目８－８エル麻布矢島ビル４０１,2021-08-27,株式会社
株式会社Ｙｏｕｔｈｆｕｌｌ,東京都港区芝２丁目２９番１０号,2021-08-27,株式会社
株式会社ａｈｅａｄ,神奈川県横浜市港北区大曽根１丁目６番１０号メゾン内藤１０１号室,2021-08-27,株式会社
株式会社ａｍａｓ,東京都豊島区池袋４丁目９番６号佐藤ビル１０１,2021-08-27,株式会社
株式会社ｅ’ｍｕ,沖縄県那覇市銘苅１丁目２－２９ディベロップ新都心４０１,2021-08-27,株式会社
株式会社ｈａｃｏｂｉ,大阪府東大阪市俊徳町１丁目３－２３桜ガーデン１０１,2021-08-27,株式会社
株式会社ｉスクール,熊本県熊本市南区近見８丁目１１番３０号ラ・ドルチェ２０１,2021-08-27,株式会社
株式会社ｉｎｇｕｚ,兵庫県丹波篠山市殿町８７３番地,2021-08-27,株式会社
株式会社ｌｅａｐ,千葉県茂原市小林２３９６番地１,2021-08-27,株式会社
株式会社ｍｅｇｕ,東京都墨田区東向島６丁目２番１号,2021-08-27,株式会社
株式会社ｍｏｎｕｋｅｒｕ,京都府京都市左京区下鴨東岸本町１４番地京都下鴨修学館２０７号室,2021-08-27,株式会社
株式会社ｏｎｔａｋｕ　ａｇｅｎｔ,京都府福知山市字岩井８０番地の２オアシス２０５,2021-08-27,株式会社
株式会社ｓｈｏｏｔ,大阪府泉南市男里６丁目１５番２号朝日プラザシティーサザンコーストＡ－９０１,2021-08-27,株式会社
株式会社ｔｅｒｒａｓｕ,東京都新宿区山吹町３６６番地１,2021-08-27,株式会社
株式会社ｚｕｂａｉｒ　ｔｒａｄｉｎｇ,大分県大分市大字松岡１５２５番地の１,2021-08-27,株式会社
森とカンパニー株式会社,愛媛県北宇和郡松野町大字目黒３８６番地１,2021-08-27,株式会社
楚々健美株式会社,東京都大田区西蒲田７丁目６０番１－２０２号,2021-08-27,株式会社
漢和盛株式会社,兵庫県神戸市中央区海岸通２丁目２番３号,2021-08-27,株式会社
特定目的会社ジャパンロジプロパティーズ,東京都港区六本木６丁目１０番１号六本木ヒルズ森タワー,2021-08-27,その他の設立登記法人
特定目的会社天王洲プロパティ,東京都港区六本木６丁目１０番１号六本木ヒルズ森タワー,2021-08-27,その他の設立登記法人
特定目的会社青葉ホールディングス,東京都港区六本木６丁目１０番１号六本木ヒルズ森タワー,2021-08-27,その他の設立登記法人
特定非営利活動法人ワールド・ヒーロー・プロジェクト,茨城県つくば市北条４０１８－６,2021-08-27,その他の設立登記法人
特定非営利活動法人千葉ふなボランティアネットワーク,千葉県船橋市馬込西１丁目２番１０号寿ビル２０３号,2021-08-27,その他の設立登記法人
玄機株式会社,東京都東久留米市本町４丁目５番３号レオパレス本町２０２,2021-08-27,株式会社
玄鳥重工業株式会社,神奈川県相模原市中央区東淵野辺３丁目２３番１８－３号,2021-08-27,株式会社
知拓株式会社,埼玉県さいたま市南区辻８丁目６番１１－５号,2021-08-27,株式会社
神石高原グリーン電力株式会社,広島県神石郡神石高原町光信５８番地１,2021-08-27,株式会社
禾崎株式会社,大阪府大阪市生野区巽北１丁目１番１号１Ｆ－Ｉ,2021-08-27,株式会社
立新商事株式会社,福岡県福岡市博多区博多駅南３丁目２番２７号ヒューマンズ博多駅南１０５号,2021-08-27,株式会社
英科医療用品株式会社,東京都中央区晴海２丁目２番４２－２５０１号,2021-08-27,株式会社
茨城県漁業協同組合連合会,茨城県水戸市三の丸１丁目１番３３号,2021-08-27,その他の設立登記法人
西川造園株式会社,愛知県名古屋市南区松城町１丁目１３番地の６,2021-08-27,株式会社
足あと合同会社,埼玉県越谷市東大沢１丁目４３番地５,2021-08-27,合同会社
農事組合法人おおぬき彩土里ファーム,宮城県大崎市田尻大貫字築留１４番地１３,2021-08-27,その他の設立登記法人
青空プロパティ株式会社,東京都新宿区愛住町６番地,2021-08-27,株式会社
１００８株式会社,千葉県長生郡睦沢町河須ケ谷１３番地４,2021-08-27,株式会社
６３４株式会社,東京都港区赤坂３丁目８番８号,2021-08-27,株式会社
ＡＫＢプラチナ一般社団法人,東京都港区西新橋１丁目２番９号メンターキャピタル税理士法人内,2021-08-27,その他の設立登記法人
ＡＮＧＥＬ　ＢＥＡＴ合同会社,千葉県佐倉市王子台１丁目２２番地１７ベルハイム王子台１Ｆ,2021-08-27,合同会社
ＡＮＴ　ＡＧＥＮＴ株式会社,神奈川県横浜市西区みなとみらい２丁目２番１号横浜ランドマークタワー２０階,2021-08-27,株式会社
ＢＭＥＣ株式会社,東京都新宿区西早稲田１丁目２２番３号,2021-08-27,株式会社
ＣＥＬＩＮＡ合同会社,東京都港区北青山３丁目６番７号青山パラシオタワー１１Ｆ,2021-08-27,合同会社
Ｃａｍｂｒｉｄｇｅ　Ｋｕｔｃｈａｎ特定目的会社,東京都港区六本木１丁目６番１号泉ガーデンタワーＫＰＭＧ税理士法人内,2021-08-27,その他の設立登記法人
Ｄｉａｍｏｎｄ　Ｊｅｗｅｌ株式会社,大阪府大阪市中央区南新町１丁目４番８号,2021-08-27,株式会社
Ｅｈｉｍｅ運輸倉庫株式会社,愛媛県東温市南方１４７４番地,2021-08-27,株式会社
Ｆ＆Ｙ　ｉｎｔｅｒｎａｔｉｏｎａｌ合同会社,千葉県松戸市岩瀬６１８番地の８,2021-08-27,合同会社
ＦＳＭ　ＧＰ　Ｓｕｂ－２合同会社,東京都中央区銀座６丁目１０番１号,2021-08-27,合同会社
Ｆｅａｒｌｅｓｔ　Ｊａｐａｎ株式会社,福岡県北九州市小倉北区室町３丁目３番５－６０１号,2021-08-27,株式会社
ＧＣＪＩ３株式会社,東京都港区元赤坂１丁目１番８号株式会社赤坂国際会計内,2021-08-27,株式会社
ＧＣＪＩ４株式会社,東京都港区元赤坂１丁目１番８号株式会社赤坂国際会計内,2021-08-27,株式会社
ＨＫＴＩ株式会社,東京都中央区日本橋茅場町３丁目７番１１号,2021-08-27,株式会社
ＨＰＳ株式会社,東京都品川区大崎１丁目２番３－２００５号,2021-08-27,株式会社
Ｈｉｒａｋｕ合同会社,徳島県徳島市安宅１丁目３－３０,2021-08-27,合同会社
ＩＰＳＦホールディングス株式会社,東京都千代田区岩本町２丁目１０番２号,2021-08-27,株式会社
ＪＰ未来開発株式会社,東京都中央区日本橋小舟町４－９－５１８,2021-08-27,株式会社
ＪＸブリッジ合同会社,東京都港区赤坂９丁目７番１号,2021-08-27,合同会社
Ｊａｃｑｕｅｓ　Ｍａｒｉｅ　Ｍａｇｅ　Ｊａｐａｎ株式会社,東京都港区元赤坂１丁目２番７号赤坂Ｋタワー１９階太陽グラントソントン税理士法人,2021-08-27,株式会社
Ｋ＆Ｋ人材サービス株式会社,大阪府東大阪市横小路町４丁目９番５６号,2021-08-27,株式会社
Ｋｕｔｃｈａｎ　Ｉｎｖｅｓｔｍｅｎｔ一般社団法人,東京都港区六本木１丁目６番１号泉ガーデンタワーＫＰＭＧ税理士法人内,2021-08-27,その他の設立登記法人
Ｌｉｂｒａｐｌａｃｅ株式会社,沖縄県うるま市字前原４６０番地１クオリティー１０３,2021-08-27,株式会社
Ｌｉｇｈｔｈｉｌｌ　Ｇｌｏｂａｌ株式会社,大阪府大阪市旭区中宮５丁目６－８リバーパーク中宮２０２,2021-08-27,株式会社
Ｍ＆Ｒ合同会社,神奈川県足柄下郡箱根町宮城野１４４８－２－４１,2021-08-27,合同会社
ＭＥＧＵＲＵ株式会社,埼玉県鶴ヶ島市大字上広谷７８７番地４８,2021-08-27,株式会社
ＭＥＰＳＥＲＶＥ　ＦＺＣＯ,福島県いわき市植田町根小屋６０－３,2021-08-27,外国会社等
ＭＯＮＯＬＩＳＩＸマーケティング株式会社,愛知県名古屋市中区錦２丁目９番２０号トラスト伏見駅前ビル１階,2021-08-27,株式会社
Ｍｏｍ’ｓ　ＨＡＮＤ合同会社,千葉県佐倉市江原台１丁目３２番地１５,2021-08-27,合同会社
ＮＩＳＨＩＤＡ　ＯＦＦＩＣＥ社会保険労務士法人,鹿児島県鹿児島市光山１丁目１１番２５号,2021-08-27,その他の設立登記法人
ＮＰＯ法人チーム１．５おおいた,大分県大分市大字横尾３９０３番地の５,2021-08-27,その他の設立登記法人
ＮＰＯ法人ＺＥＲＯ　ＳＴＡＲＴｓ,東京都中央区日本橋本石町４丁目５番８号京央会館３階ル．ヲ号室,2021-08-27,その他の設立登記法人
Ｎｅｕｕｕｆ合同会社,東京都立川市若葉町１丁目２４番地の５１,2021-08-27,合同会社
Ｎｉｇｉｔａ　Ｊａｐａｎ合同会社,東京都港区六本木３丁目１５番３号ヒルサイド六本木１０７号,2021-08-27,合同会社
Ｏｌｉｖｅ　Ｈｏｕｓｅ合同会社,千葉県成田市囲護台１丁目１０番地８,2021-08-27,合同会社
ＯｒａｎｇｅＣａＴ株式会社,神奈川県横浜市西区中央１丁目２番３－１号,2021-08-27,株式会社
Ｐａｐｉｌｉｏ合同会社,東京都葛飾区南水元３丁目６金町第二１－１１２６,2021-08-27,合同会社
Ｒｉｃｈ　Ｇｒｏｕｐ株式会社,福岡県福岡市東区香椎浜３丁目３番６号,2021-08-27,株式会社
Ｒｉｖａｌｉｓｈ株式会社,愛知県名古屋市昭和区元宮町５丁目２３番地の１,2021-08-27,株式会社
ＳＯＬＡＲメンテＦＡＣＴＯＲＹ株式会社,愛知県東海市加木屋町北鹿持３４番地２３２,2021-08-27,株式会社
Ｓｅｌｉｅｒ株式会社,和歌山県田辺市湊５２番６号,2021-08-27,株式会社
Ｓｏｌｉｓ　ＤＥＳＩＧＮ合同会社,東京都渋谷区神南１丁目６－５,2021-08-27,合同会社
Ｓｔａｍｐ　Ｓｉｇｎ株式会社,福岡県福岡市中央区今泉１丁目２番２０－１５０７号,2021-08-27,株式会社
Ｓｗｉｍｍｙ　Ｏｎａｇａｗａ事業協同組合,宮城県牡鹿郡女川町黄金１番地１,2021-08-27,その他の設立登記法人
Ｔ＆Ｔ　ＴＯＹＡＭＡ株式会社,富山県砺波市三郎丸２０８番地,2021-08-27,株式会社
ＴＡＫ株式会社,神奈川県横浜市保土ケ谷区上星川３丁目４番３号,2021-08-27,株式会社
ＴＢ　Ｈｏｌｄｉｎｇｓ株式会社,神奈川県横浜市港北区下田町６丁目４番３８号,2021-08-27,株式会社
Ｔｒａｄｅ　Ｌｉｎｋ　Ｊａｐａｎ合同会社,東京都中央区日本橋小網町８－２ＢＩＺＭＡＲＫＳ日本橋茅場町４１１号室,2021-08-27,合同会社
ＵＮＬＩＭＩＮＴ　ＪＰ株式会社,東京都港区港南２丁目１６番４号品川グランドセントラルタワー８Ｆ,2021-08-27,株式会社
ＷＩＬＤ　ＳＩＤＥ合同会社,福島県福島市下鳥渡字新町１３番地の５,2021-08-27,合同会社
ＸＲ　ｐａｄｄｌｅ株式会社,兵庫県宝塚市伊孑志１丁目７番４０号,2021-08-27,株式会社
Ｚｅｎｉｔｈ　Ｐｒｉｎｃｉｐａｌ合同会社,東京都港区白金台３丁目１－６－３０１,2021-08-27,合同会社
ａｂｓｔｒａｃｔ　ｗｏｒｋ株式会社,岡山県倉敷市生坂１４６番地７,2021-08-27,株式会社
ａｇａｒｕ株式会社,岐阜県羽島郡岐南町八剣２丁目２４番地,2021-08-27,株式会社
ｃｏｃｏハウス株式会社,埼玉県上尾市大字平塚３１１５番地６,2021-08-27,株式会社
ｐｌａｙ　ｓｔｙｌｅ株式会社,東京都世田谷区玉川３丁目２０番２号マノア玉川第３ビル５０１号室,2021-08-27,株式会社
ｓｆ．ｎｅｔ株式会社,福岡県福岡市中央区草香江１丁目２番４０号,2021-08-27,株式会社
おきしん企画合同会社,沖縄県那覇市字国場７０７番地４,2021-08-30,合同会社
さくら総合事務所株式会社,大阪府大阪市西成区山王３丁目１６番４号,2021-08-30,株式会社
みおつくし工業用水コンセッション株式会社,大阪府大阪市中央区久太郎町２丁目５番３０号,2021-08-30,株式会社
アスカ・コア株式会社,北海道札幌市中央区南九条西４丁目３番１－２８０４号,2021-08-30,株式会社
アドビオン・インターチム・サイエンティフィック株式会社,東京都港区南麻布３丁目１９番２３号オーク南麻布ビル２階,2021-08-30,株式会社
アンカークリエイト株式会社,東京都港区北青山３丁目５番１７号,2021-08-30,株式会社
アースサステナブル合同会社,東京都千代田区外神田２丁目１７－６－１２０６,2021-08-30,合同会社
イノセンチュア株式会社,東京都中央区銀座１丁目２２番１１号,2021-08-30,株式会社
イーデック株式会社,京都府八幡市川口浜６３番地の１１,2021-08-30,株式会社
エスジーファーマ株式会社,東京都江東区北砂３丁目３３番２０号,2021-08-30,株式会社
エスピーメディカル株式会社,兵庫県神戸市西区池上１丁目７番８－１１４,2021-08-30,株式会社
エーエヌディ合同会社,東京都渋谷区松濤２丁目１４－１－４０２,2021-08-30,合同会社
オムカール合同会社,大阪府守口市大枝東町４番４－２０１号,2021-08-30,合同会社
キャンサー・バリュー株式会社,東京都目黒区青葉台１丁目２７番１２号,2021-08-30,株式会社
クリーンベース九州株式会社,福岡県福岡市東区三苫２丁目１２番８－１０１号,2021-08-30,株式会社
グリーンベル株式会社,神奈川県横浜市磯子区洋光台３丁目１３番３－４０６,2021-08-30,株式会社
コムズ合同会社,北海道札幌市白石区菊水元町二条１丁目４番１号,2021-08-30,合同会社
コントレイル株式会社,北海道札幌市手稲区前田八条１８丁目３番１０号,2021-08-30,株式会社
コンフィリンク株式会社,東京都新宿区大久保２丁目３３－１９ネクサス新宿戸山公園２０２,2021-08-30,株式会社
サスティナブル・プロジェクト２合同会社,神奈川県藤沢市亀井野１５２４番地の１－１０５,2021-08-30,合同会社
サラヤホールディングス株式会社,大阪府大阪市東住吉区湯里２丁目２番８号,2021-08-30,株式会社
シグラベース株式会社,兵庫県朝来市山東町矢名瀬町７９５番地１,2021-08-30,株式会社
スターモータース株式会社,岡山県岡山市北区中撫川４１１番地１,2021-08-30,株式会社
ステップ株式会社,大阪府大阪市西区靱本町１丁目１９番２３－１２０４号,2021-08-30,株式会社
セブンリーフクローバー合同会社,神奈川県横浜市青葉区桜台３２番地６ウッズ桜台１０３,2021-08-30,合同会社
ドクジ株式会社,東京都渋谷区渋谷２丁目１９－１５宮益坂ビルディング６０９,2021-08-30,株式会社
ニハシ印刷株式会社,神奈川県横浜市中区宮川町１丁目１３番地,2021-08-30,株式会社
ネクストアド合同会社,埼玉県所沢市大字下富１１５９－６４,2021-08-30,合同会社
フジコー不動産販売株式会社,北海道札幌市中央区大通東３丁目１番２７,2021-08-30,株式会社
プライムインベストメント合同会社,東京都豊島区東池袋３丁目８番地５,2021-08-30,合同会社
ペンタマスターオートメーションジャパン合同会社,神奈川県横浜市中区山下町２番地産業貿易センタービル２階,2021-08-30,合同会社
モンステラ株式会社,東京都中央区日本橋箱崎町２７－９,2021-08-30,株式会社
モーニング株式会社,東京都渋谷区神宮前５丁目２４－２ＣＡＴＳＴ５２４－２Ｆ,2021-08-30,株式会社
ライフサポート株式会社,東京都江東区有明３丁目７番２６号有明フロンティアビルＢ棟９階,2021-08-30,株式会社
一般社団法人ウェルフェアＡＫＳ,福岡県久留米市安武町安武本３２５７番地２,2021-08-30,その他の設立登記法人
一般社団法人コミュニケーション改善事業協会ＳｍｉｌｅＲｏｏｍ,滋賀県東近江市春日町２番１３号,2021-08-30,その他の設立登記法人
一般社団法人サスティナブルライフ協会,栃木県宇都宮市上戸祭２丁目１番３０号,2021-08-30,その他の設立登記法人
一般社団法人プレシャスリビング,神奈川県横浜市青葉区鴨志田町５６９番地１グリーンヒル鴨志田西団地１３棟２０５号,2021-08-30,その他の設立登記法人
一般社団法人中小企業退職金制度支援協会,福岡県福岡市中央区谷２丁目１４番８号,2021-08-30,その他の設立登記法人
一般社団法人佐渡ＭＩＣＥ．ｎｅｔ．,新潟県佐渡市河原田諏訪町２０８番地１６,2021-08-30,その他の設立登記法人
一般社団法人天鏡会,大阪府箕面市船場西３丁目６番３２号箕面船場クリニックビル２０１号室,2021-08-30,その他の設立登記法人
一般社団法人日本毛髪再生研究院,福岡県福岡市博多区住吉４丁目４番２８号,2021-08-30,その他の設立登記法人
一般社団法人日本銀イオン水工業会,東京都中央区日本橋蛎殻町２丁目１１番９号,2021-08-30,その他の設立登記法人
一般社団法人福島矢吹太陽光発電,東京都千代田区丸の内３丁目１番１号東京共同会計事務所内,2021-08-30,その他の設立登記法人
一般社団法人資源循環利用推進会,東京都港区南青山６丁目２番９号ＫＳビル２Ｆ,2021-08-30,その他の設立登記法人
一般社団法人青い空,福岡県福岡市博多区西月隈５丁目４番４６号,2021-08-30,その他の設立登記法人
一般社団法人Ａｙｕｍｉ,東京都渋谷区神宮前６丁目２３番４号桑野ビル２階,2021-08-30,その他の設立登記法人
一般社団法人ＧＣＯＤＥ,千葉県習志野市大久保３丁目１３番１－８１４号,2021-08-30,その他の設立登記法人
一般社団法人ＨＡＬＯ,熊本県葦北郡芦北町大字計石２９６３番地１,2021-08-30,その他の設立登記法人
一般社団法人ＭＫ財産管理,愛知県名古屋市中区錦１丁目１３番２６号,2021-08-30,その他の設立登記法人
一般社団法人ＰＴ会,東京都港区六本木４丁目８番７号六本木三河台ビル３階,2021-08-30,その他の設立登記法人
一般社団法人ＲＡＳＨＩＫＵ,静岡県浜松市西区桜台２丁目２５番１３号ルピナスＣ－１０２号,2021-08-30,その他の設立登記法人
一般社団法人ＳＡＭプロジェクト１号,東京都中央区日本橋２丁目７番１号,2021-08-30,その他の設立登記法人
一般社団法人ＳＫＳプロジェクト,東京都港区虎ノ門３丁目２２番１０－２０１号,2021-08-30,その他の設立登記法人
一般財団法人あかつき会,埼玉県さいたま市浦和区神明２丁目１４番６号プランドール神明１０１,2021-08-30,その他の設立登記法人
一般財団法人成建福祉財団,神奈川県川崎市宮前区鷺沼１丁目１５番地１６,2021-08-30,その他の設立登記法人
三栄株式会社,愛知県名古屋市名東区上社４丁目２２２番地,2021-08-30,株式会社
九州マネジメント株式会社,福岡県福岡市南区若久５丁目２番３号,2021-08-30,株式会社
京きくらげ合同会社,京都府京丹後市峰山町内記２９８番地,2021-08-30,合同会社
令和デザインワークス株式会社,茨城県ひたちなか市大字中根３６００番１３６,2021-08-30,株式会社
内島不動産株式会社,鹿児島県霧島市隼人町真孝１６４番地３,2021-08-30,株式会社
労務テック株式会社,大阪府大阪市北区梅田１丁目１１番４号大阪駅前第４ビル９階９２３－１５９９号,2021-08-30,株式会社
匠商産合同会社,東京都練馬区光が丘３丁目７番２－３０３号,2021-08-30,合同会社
医療法人たかはし眼科,岩手県盛岡市本宮字小板小瀬１３番地１,2021-08-30,その他の設立登記法人
司法書士法人岡崎パートナーズ,石川県金沢市新神田２丁目１３番２１号,2021-08-30,その他の設立登記法人
合同会社あんばいＬＢ２号,東京都千代田区霞が関３丁目２番５号,2021-08-30,合同会社
合同会社きんざん,東京都新宿区中井１丁目３番６号,2021-08-30,合同会社
合同会社さくらヘルスケア,兵庫県芦屋市翠ケ丘町１２番７－５１９号,2021-08-30,合同会社
合同会社みずほの,栃木県宇都宮市下栗町２９１８番地１２,2021-08-30,合同会社
合同会社みどりの里,福島県福島市大森字本町２番地の１,2021-08-30,合同会社
合同会社ゆかいな会議,沖縄県中頭郡北中城村字美崎４８番地リーヴァアチェロ２０３号,2021-08-30,合同会社
合同会社アイサポート,埼玉県朝霞市北原２丁目５番２８号１１０,2021-08-30,合同会社
合同会社アシストケア,埼玉県入間市宮寺２９２５－２０４,2021-08-30,合同会社
合同会社ウエストビレッジ,埼玉県草加市松原５丁目２番７‐２号,2021-08-30,合同会社
合同会社エムケー,神奈川県川崎市川崎区大島１丁目１５－１,2021-08-30,合同会社
合同会社エリートチーム,千葉県船橋市海神町南１丁目１４３３番地,2021-08-30,合同会社
合同会社クリメンアセット,埼玉県日高市武蔵台５丁目２１番４号,2021-08-30,合同会社
合同会社ケイズシステム,北海道札幌市手稲区曙八条１丁目６番５号,2021-08-30,合同会社
合同会社コエスキ,埼玉県さいたま市南区大谷場１丁目２番１３号,2021-08-30,合同会社
合同会社コネクトフリーランス,京都府京都市伏見区久我石原町６－７１,2021-08-30,合同会社
合同会社コルシア,東京都港区新橋２丁目２０番１５号新橋駅前ビル１号館４階,2021-08-30,合同会社
合同会社シマネシネマ,島根県益田市あけぼの東町２番地１小野沢ビル３Ｆ,2021-08-30,合同会社
合同会社ショウカ,神奈川県厚木市寿町２丁目７番７号,2021-08-30,合同会社
合同会社セリカ,兵庫県尼崎市元浜町５丁目７６番地の３,2021-08-30,合同会社
合同会社セレーノ,東京都世田谷区弦巻３丁目９番１８－４０１号,2021-08-30,合同会社
合同会社テルヤ飲料,沖縄県名護市字我部祖河９８番地１,2021-08-30,合同会社
合同会社デシアビ,兵庫県宝塚市東洋町６番１－１０１８号,2021-08-30,合同会社
合同会社データ分析基礎研究所,東京都葛飾区高砂３丁目２８番５号,2021-08-30,合同会社
合同会社ドラゴン,東京都中央区東日本橋３丁目７番１４－７０５号,2021-08-30,合同会社
合同会社ノリッジ,岐阜県土岐市鶴里町細野９５５番地の９,2021-08-30,合同会社
合同会社ファ―ム未来,沖縄県宜野湾市野嵩１丁目４７番１―１号,2021-08-30,合同会社
合同会社フィオーレ,北海道石狩郡当別町若葉１３３６番地８,2021-08-30,合同会社
合同会社フジマル,東京都練馬区大泉学園町２丁目２３番６７号,2021-08-30,合同会社
合同会社マルヤス酒場船橋,千葉県船橋市本町１丁目３２番１５号,2021-08-30,合同会社
合同会社メディログ,東京都文京区本郷３丁目１７番１２号プレシアス本郷２０１,2021-08-30,合同会社
合同会社レコード,東京都足立区佐野１丁目１４番４号ルフォン３０１,2021-08-30,合同会社
合同会社ワラガユ,千葉県習志野市屋敷４丁目２番２９号Ⅱ１０２,2021-08-30,合同会社
合同会社京運,京都府長岡京市神足１丁目１１番１１号ベルテ長岡京一階,2021-08-30,合同会社
合同会社多島電機,東京都品川区南大井５丁目１８番１０号エルファーロタジマ１１０１,2021-08-30,合同会社
合同会社幸基,徳島県徳島市八万町大坪２２９番地の１１,2021-08-30,合同会社
合同会社康建工,北海道札幌市東区丘珠町５０３番地１６,2021-08-30,合同会社
合同会社未来相談所,香川県観音寺市柞田町甲２２６－４,2021-08-30,合同会社
合同会社環境クリーン社,沖縄県うるま市字西原７６４番地１６,2021-08-30,合同会社
合同会社笑舞,北海道北広島市美沢３丁目９番地２リバーサイドヒルズ１０６号,2021-08-30,合同会社
合同会社響の轍,千葉県香取市小見川２２４９番地１,2021-08-30,合同会社
合同会社ＡＩＰ,東京都文京区音羽２丁目１１番１８号音羽ダイヤモンドマンション２０１号,2021-08-30,合同会社
合同会社Ａｃｅ,北海道札幌市中央区南六条西４丁目４番４号ライトビル５階,2021-08-30,合同会社
合同会社ＢＡＳＥ　ＰＬＵＳ,埼玉県さいたま市大宮区桜木町２丁目３番地大宮マルイ７階,2021-08-30,合同会社
合同会社ＢＲＯＴＨＥＲ’Ｓ,兵庫県三田市南が丘２丁目４番２１号,2021-08-30,合同会社
合同会社ＤＣ,北海道札幌市手稲区手稲前田５４３－９,2021-08-30,合同会社
合同会社ＤｒｅａｍＧａｒａｇｅ,鹿児島県姶良市西餅田６０－６－Ｂ１０１,2021-08-30,合同会社
合同会社ＦＥＥＶＩＬ沖縄,沖縄県沖縄市泡瀬５丁目３３番１９号,2021-08-30,合同会社
合同会社Ｆｒｅｅ　Ｓｔｙｌｅ　Ｂａｓｅ,東京都台東区北上野１丁目７－７－３０２,2021-08-30,合同会社
合同会社Ｇ．Ｍ．Ｃ,愛知県小牧市大字西之島６９１番地１,2021-08-30,合同会社
合同会社ＨＴ,埼玉県さいたま市桜区西堀４丁目４番２号ベルオーブ３０４,2021-08-30,合同会社
合同会社Ｈｉｄａｍａｒｉ,千葉県鎌ケ谷市東初富６丁目９番１８号ジアス鎌ケ谷１階店舗,2021-08-30,合同会社
合同会社ＩＬ・ＲＥＣＴＯ,熊本県熊本市中央区本山２丁目７番１１号,2021-08-30,合同会社
合同会社ＫＥｉＮＡ,埼玉県秩父市田村５６５番地,2021-08-30,合同会社
合同会社ＬａｂＬｉｎｅ,秋田県秋田市東通２丁目１４－２ウィスタリア東通１０５,2021-08-30,合同会社
合同会社ＭＡＴＳＵＢＡ,東京都世田谷区成城５丁目２番１５号,2021-08-30,合同会社
合同会社ＭＥコンサルティング,香川県高松市中野町２９－５,2021-08-30,合同会社
合同会社ＭＵＬＴＩＷＯＲＫＳ,愛知県豊橋市西小鷹野４丁目６‐９,2021-08-30,合同会社
合同会社ＯＫＳ,東京都品川区北品川５丁目３番１－１８１２号,2021-08-30,合同会社
合同会社Ｒｅｋｏｒｅｃ,埼玉県新座市野火止８丁目１６番９号カーサパトリス２１１号室,2021-08-30,合同会社
合同会社Ｒｅｖｅ,北海道札幌市中央区南七条西４丁目２番地５ＬＣ七番館４階,2021-08-30,合同会社
合同会社Ｒｏｇｕｅ,北海道札幌市中央区南五条西２丁目９番地２ＬＣ拾七番館４階,2021-08-30,合同会社
合同会社Ｓ＆Ｍ　Ｈｅａｌｔｈ　ｃｒｅａｔｉｏｎ,兵庫県神戸市垂水区舞多聞西３丁目５番２号,2021-08-30,合同会社
合同会社ＳＥＴＯＮＡ,神奈川県横浜市神奈川区三ツ沢上町２８番９号コートヴィレッジ三ツ沢Ａ棟１０５号,2021-08-30,合同会社
合同会社ＳＴＹＬＥ,北海道札幌市中央区南十一条西７丁目３番１１－９０２号,2021-08-30,合同会社
合同会社ＴＨＡ,東京都港区西新橋２丁目１２番７号西新橋立川ビル別館４Ｆ,2021-08-30,合同会社
合同会社ＴＲＳ,兵庫県西宮市平松町２－１５－１０３,2021-08-30,合同会社
合同会社ＹＪＳ,東京都調布市多摩川５丁目２７番９号,2021-08-30,合同会社
合同会社ＹＳＫ事業承継未来２０２１－０１,東京都千代田区麹町１丁目６番地９,2021-08-30,合同会社
合同会社ＺＭ１,東京都千代田区丸の内３丁目１番１号東京共同会計事務所内,2021-08-30,合同会社
合同会社ｅｗａｌｕ　ｘ　ｅｗａｌｕ,大阪府大阪狭山市半田２丁目３２９番地の１（６０３号）,2021-08-30,合同会社
合同会社ｇａｉＹａＭａｒｅ,東京都中央区銀座１丁目１２－４Ｎ＆Ｅ．ＢＬＤ．７階,2021-08-30,合同会社
合同会社ｎｅｘｔ,東京都新宿区大京町２４番地２－１００１,2021-08-30,合同会社
合同会社ｓｔｈａｎｋｓ,愛知県安城市美園町１丁目２７番地９パークシティ美園Ｃ‐１０１,2021-08-30,合同会社
合資会社花月旅館,群馬県桐生市宮前町２丁目７番１０号,2021-08-30,合資会社
名古屋市立大学教職員組合,愛知県名古屋市瑞穂区瑞穂町字川澄１,2021-08-30,その他の設立登記法人
国際人材協力事業協同組合,愛知県名古屋市南区道徳通１丁目１８番地２,2021-08-30,その他の設立登記法人
壱伍精工株式会社,愛媛県西条市丹原町丹原１５番地５,2021-08-30,株式会社
大和管財合同会社,大阪府大阪市北区菅栄町２－１６マジェスタ天満２０１,2021-08-30,合同会社
大納言株式会社,東京都新宿区新宿２丁目１２－１３新宿アントレサロンビル２Ｆ,2021-08-30,株式会社
安達テクノロジー株式会社,東京都中央区勝どき５丁目１２番４－１２０３号,2021-08-30,株式会社
宏縁株式会社,千葉県千葉市中央区宮崎町４６番地７,2021-08-30,株式会社
宗達アートクラフト株式会社,東京都台東区寿１丁目６番６号山岸ビル１階,2021-08-30,株式会社
富力合同会社,東京都世田谷区上北沢４丁目３４番１５－８０４号,2021-08-30,合同会社
富比株式会社,東京都中央区日本橋茅場町２丁目１７－６－９０２,2021-08-30,株式会社
慧日株式会社,東京都中央区日本橋茅場町２丁目１７－６－９０２,2021-08-30,株式会社
日本帝鶴株式会社,東京都千代田区大手町１丁目６番１号ＳＰＡＣＥＳ２１７号,2021-08-30,株式会社
日本総合コンサルティング合同会社,大阪府大阪市北区大深町３－４０グランフロント大阪タワー１２Ｆ,2021-08-30,合同会社
有限会社コーシン,群馬県伊勢崎市八坂町５１６番地２,2021-08-30,有限会社
有限会社八百源商店,茨城県猿島郡境町１６２４番地,2021-08-30,有限会社
有限会社小林仙吉商店,北海道岩見沢市元町一条東７丁目２０番地,2021-08-30,有限会社
有限会社小林建築工業,埼玉県川越市川鶴１丁目２２番地６,2021-08-30,有限会社
有限会社西川製作所,徳島県那賀郡那賀町延野字槇谷１１４番地,2021-08-30,有限会社
村松＆鈴木パートナーズ税理士法人,静岡県浜松市中区西伊場町７３番２３号,2021-08-30,その他の設立登記法人
東日本ロハス株式会社,千葉県浦安市明海３丁目２番８－２０４号　海園の街,2021-08-30,株式会社
栃木県不動産協同組合,栃木県宇都宮市西の宮町３２６８番地２２２,2021-08-30,その他の設立登記法人
株式会社うなぎ,神奈川県横浜市中区相生町２丁目３４番地２梅原ビル４階,2021-08-30,株式会社
株式会社おきらく,愛知県名古屋市中区栄４丁目５番１８号栄ソシアルビル地下１階Ｃ１号,2021-08-30,株式会社
株式会社かとう制御工学,愛知県春日井市坂下町２丁目１１３３番地１,2021-08-30,株式会社
株式会社こあラボ,大阪府大阪市淀川区宮原４丁目４番６４号新大阪千代田ビル８階,2021-08-30,株式会社
株式会社たつみ,東京都練馬区富士見台３丁目４３番１７号,2021-08-30,株式会社
株式会社ちとせ,東京都江東区福住２丁目７番９－５０７号,2021-08-30,株式会社
株式会社どうどう,愛知県名古屋市天白区植田本町１丁目１１０５番地,2021-08-30,株式会社
株式会社わたあめ,東京都千代田区九段南１丁目５番６号りそな九段ビル５ＦＫＳフロア,2021-08-30,株式会社
株式会社アスリィ,埼玉県熊谷市末広２丁目１２４番地・杉浦ビル１階,2021-08-30,株式会社
株式会社アセット,東京都港区南青山４丁目２番１２－６１９号,2021-08-30,株式会社
株式会社アルジャン・セゾン,東京都新宿区百人町２丁目２５－８大久保ハウス１０２,2021-08-30,株式会社
株式会社アースカンパニー,北海道札幌市白石区本通４丁目北１番４号コンツェルト１０６号,2021-08-30,株式会社
株式会社インテリアキタバ,三重県津市安濃町田端上野７３７番地５,2021-08-30,株式会社
株式会社ウランバートル,東京都墨田区石原２丁目１５－９交楽堂ビル１階,2021-08-30,株式会社
株式会社ウーベル,神奈川県川崎市高津区溝口５丁目１２番２８号,2021-08-30,株式会社
株式会社エトワール会,東京都小平市花小金井１丁目４０番１１号,2021-08-30,株式会社
株式会社オークリバー,大阪府大阪市旭区中宮２丁目１５番１８号,2021-08-30,株式会社
株式会社オービット,神奈川県横浜市戸塚区上柏尾町３７９番地１１５,2021-08-30,株式会社
株式会社カセキ,福岡県飯塚市立岩１４１７番地１クリスタルハイツ２０５号,2021-08-30,株式会社
株式会社カネキク,青森県三戸郡五戸町字古舘脇３番地１２,2021-08-30,株式会社
株式会社クアトロホーム,北海道札幌市北区屯田七条３丁目１番１５－３０１号,2021-08-30,株式会社
株式会社クイックジョブ,福岡県福岡市南区皿山２丁目１番５１号,2021-08-30,株式会社
株式会社グランツコンサルティング,愛知県名古屋市中村区菊水町１丁目３番７号,2021-08-30,株式会社
株式会社グルック,福岡県福岡市早良区原５丁目１５番１５－９０３号,2021-08-30,株式会社
株式会社グローバル,大阪府大阪市北区大淀南１丁目９番１６号山彦ビル５０１,2021-08-30,株式会社
株式会社ゴチハム,東京都世田谷区下馬１丁目８番５号,2021-08-30,株式会社
株式会社サクラモント,大阪府大阪市中央区内久宝寺町４丁目４番３号日宝パールビル２Ｆ,2021-08-30,株式会社
株式会社サンシン,東京都台東区千束３丁目２０番１号,2021-08-30,株式会社
株式会社サンデンテクノロジーズサービス,大阪府大阪市北区曾根崎１丁目７番１５号（曾根崎ムーンビル４Ｂ）,2021-08-30,株式会社
株式会社シャランポワ,東京都世田谷区三軒茶屋２丁目２５番７号,2021-08-30,株式会社
株式会社シーキューブ,大阪府大阪市北区西天満５丁目６番１０号,2021-08-30,株式会社
株式会社スカイロジスティクス,兵庫県神戸市東灘区向洋町中１丁目１７番地アジアワンセンター,2021-08-30,株式会社
株式会社ゼディア,東京都渋谷区渋谷３丁目１３－５,2021-08-30,株式会社
株式会社ティアラ,東京都港区西麻布３丁目１３番３号－９０２号,2021-08-30,株式会社
株式会社テクノケーブル,京都府京都市山科区竹鼻西ノ口町５９番地,2021-08-30,株式会社
株式会社テヅカメディカルサービス,神奈川県川崎市宮前区宮崎１丁目６－５－５０１,2021-08-30,株式会社
株式会社デジタルクランプ,神奈川県川崎市高津区二子１丁目７番２０号,2021-08-30,株式会社
株式会社ニューワールド,東京都板橋区高島平２丁目２６番１－５１３号,2021-08-30,株式会社
株式会社ネクシィーズ九州沖縄,福岡県福岡市博多区博多駅前１丁目４番１号,2021-08-30,株式会社
株式会社ハビリ王子,東京都北区豊島４丁目８－４,2021-08-30,株式会社
株式会社ハヤシ,栃木県真岡市寺内１４３１番地,2021-08-30,株式会社
株式会社ファースト,福岡県北九州市門司区東新町１丁目４番１－６０２号,2021-08-30,株式会社
株式会社フィーニックス,東京都新宿区大久保１丁目１－３４東新宿ハイム２０７,2021-08-30,株式会社
株式会社フォレストフーズ,福島県南相馬市原町区栄町２丁目３４番地,2021-08-30,株式会社
株式会社フジシールビジネスアソシエ,大阪府大阪市淀川区宮原４丁目１番９号,2021-08-30,株式会社
株式会社ブルーチップ,神奈川県川崎市宮前区潮見台８番１０号,2021-08-30,株式会社
株式会社ベネボレント,埼玉県草加市栄町３丁目７番１０－２－７０１,2021-08-30,株式会社
株式会社ホシキミクリエーション,東京都新宿区歌舞伎町１丁目２番１８号エコロ新宿第３ビル５Ｆ,2021-08-30,株式会社
株式会社ポラリス,福岡県飯塚市柏の森９２番地２１８,2021-08-30,株式会社
株式会社ポートサイド印刷,神奈川県横浜市栄区庄戸５丁目１４番２２号,2021-08-30,株式会社
株式会社メディパーク,大阪府茨木市庄２丁目１９番２１号,2021-08-30,株式会社
株式会社ヤマノフモト,東京都板橋区大山金井町１６番５号,2021-08-30,株式会社
株式会社ユニツリー,岩手県北上市大通り１丁目１番２号,2021-08-30,株式会社
株式会社ヨッシャン,大阪府大阪市淀川区西中島４丁目７－３０－９Ｅ,2021-08-30,株式会社
株式会社ライフアップ,宮城県仙台市青葉区支倉２－１８クレステコート支倉２０２,2021-08-30,株式会社
株式会社ライフツリー,千葉県白井市根１０７１番地の１,2021-08-30,株式会社
株式会社リフォームアート,大阪府大阪市東住吉区公園南矢田３丁目１０番１号,2021-08-30,株式会社
株式会社ルーキードライバーサポート,神奈川県相模原市緑区大山町１番３１－２３０９号,2021-08-30,株式会社
株式会社ワールドふれんど,東京都港区新橋２丁目１６番１号,2021-08-30,株式会社
株式会社仁,京都府京都市東山区三条通白川橋東入四丁目中之町２１８番地ラ・トゥール京都東山１０２号室,2021-08-30,株式会社
株式会社元気,福岡県福岡市南区屋形原４丁目２８番３０－３０２号,2021-08-30,株式会社
株式会社八千代オート,茨城県古河市高野９２０番地１,2021-08-30,株式会社
株式会社北海藤フーズ,北海道小樽市東雲町１番６０６号ＡＭＳ東雲,2021-08-30,株式会社
株式会社南洲,埼玉県入間郡毛呂山町大字毛呂本郷１０４１鎌北パールビル１階,2021-08-30,株式会社
株式会社吉田,神奈川県綾瀬市小園南２丁目６番１７号,2021-08-30,株式会社
株式会社大成,北海道岩見沢市十二条西３丁目４番地２,2021-08-30,株式会社
株式会社大木断熱,大阪府東大阪市若江南町４丁目６番２１号３０１,2021-08-30,株式会社
株式会社大翔,東京都新宿区新宿６丁目７番２２号エルプリメント新宿４５１号,2021-08-30,株式会社
株式会社家づくり相談所,群馬県みどり市大間々町大間々４６６番地１２Ａ－３,2021-08-30,株式会社
株式会社岡本図研,大阪府交野市私部南４丁目９番２６号,2021-08-30,株式会社
株式会社希プランニング,千葉県香取市北２丁目３番地４,2021-08-30,株式会社
株式会社彩造,埼玉県さいたま市西区大字指扇１５１９番地１０,2021-08-30,株式会社
株式会社心の字工房,福岡県福岡市博多区吉塚３丁目５番２６号,2021-08-30,株式会社
株式会社悠将建設,北海道札幌市東区北四十一条東２丁目１番１５号,2021-08-30,株式会社
株式会社日本バイオマス水素,埼玉県さいたま市中央区下落合２丁目２番２４－３号進瑛ビル３階,2021-08-30,株式会社
株式会社映光電気,福岡県筑紫野市大字永岡９７９番地１,2021-08-30,株式会社
株式会社木立商会,大阪府大阪市中央区道修町１丁目４番３号,2021-08-30,株式会社
株式会社東京電力タイムレスキャピタルＳＰＣ１号,東京都千代田区内幸町１丁目２番２号,2021-08-30,株式会社
株式会社東和テクノ,愛知県知多郡阿久比町大字植大字寒行坊２７番地７,2021-08-30,株式会社
株式会社横濱寛商店,神奈川県横浜市中区南仲通１丁目１４番地,2021-08-30,株式会社
株式会社江守,富山県射水市二の丸町１６番３０号,2021-08-30,株式会社
株式会社清建築,静岡県御殿場市川島田５５８番地の１,2021-08-30,株式会社
株式会社渡一アセット,福岡県福岡市博多区麦野５丁目８番３９号,2021-08-30,株式会社
株式会社神楽プランニング,北海道余市郡余市町黒川町８９５番地８,2021-08-30,株式会社
株式会社秋山建材,新潟県胎内市高野２４９番地,2021-08-30,株式会社
株式会社縁多,東京都新宿区新宿１丁目３６－２新宿第七葉山ビル３階,2021-08-30,株式会社
株式会社裕満設備,東京都墨田区横川４丁目９番２－２０４号,2021-08-30,株式会社
株式会社隼光塗装,北海道札幌市北区太平九条２丁目１番２１号,2021-08-30,株式会社
株式会社青空,大阪府堺市中区土師町３丁１６番１－４号,2021-08-30,株式会社
株式会社ＡＭＧ　Ｉｎｔｅｒｎａｔｉｏｎａｌ,東京都千代田区麹町１丁目５番地７プレシス半蔵門７０２号,2021-08-30,株式会社
株式会社ＡＲＲＯＷＳ,愛知県長久手市根の神５０５アメニティながくて１０２,2021-08-30,株式会社
株式会社Ａｇａｐｅ,東京都渋谷区本町１丁目４５番７－１０３号,2021-08-30,株式会社
株式会社ＢＢ,大阪府三島郡島本町大字東大寺８６－１－２０２,2021-08-30,株式会社
株式会社ＢＣＪ－５３,東京都千代田区丸の内１丁目１番１号パレスビル５階,2021-08-30,株式会社
株式会社ＢＯＡＴＡＳ,東京都港区北青山２丁目７－１３プラセオ青山ビル３階,2021-08-30,株式会社
株式会社ＢＲＩＤＧＥＢＯＯＫＳ,東京都新宿区高田馬場４丁目９番１８号畔上セブンビル４階,2021-08-30,株式会社
株式会社ＢａｌｌｏｏｎＦｌｏｗｅｒ,福岡県福岡市早良区室見４丁目２４番１８－３０２号,2021-08-30,株式会社
株式会社Ｂｌｉｓｅｅｄ,東京都中央区銀座７丁目１３番６号サガミビル２階,2021-08-30,株式会社
株式会社ＢｏｏｋＵｐ,広島県広島市中区南千田東町３番６－２０７号,2021-08-30,株式会社
株式会社Ｂｒｉｇｈｔ,愛知県名古屋市中区栄５丁目２６－３９ＧＳ栄ビル３Ｆ,2021-08-30,株式会社
株式会社ＣＡＲＺ,岐阜県高山市漆垣内町１０３０番地,2021-08-30,株式会社
株式会社ＣＨＡＮＮＥＬ,愛知県一宮市三ツ井５丁目１０－２９,2021-08-30,株式会社
株式会社ＣＬ,和歌山県田辺市高雄３丁目７番１９号,2021-08-30,株式会社
株式会社Ｃａｎｔｉｎｕｅ,東京都新宿区西五軒町５番１３－３０１号,2021-08-30,株式会社
株式会社Ｄｄｄ,東京都渋谷区神宮前１丁目４－２０,2021-08-30,株式会社
株式会社Ｄｅ．Ｌｕｘ,大阪府東大阪市長栄寺２０番１３号ヨシキコーポラス２０４号,2021-08-30,株式会社
株式会社Ｄｉａｍｏｎｄ建設,埼玉県熊谷市新堀３１６－１,2021-08-30,株式会社
株式会社Ｅ・Ｔフューチャーデザイン,石川県金沢市間明町２丁目９４番地１,2021-08-30,株式会社
株式会社ＥＳ　ＮＥＸＵＳ,大阪府大阪市東淀川区柴島２丁目８番４５号,2021-08-30,株式会社
株式会社Ｅｌｅｃ－Ｔｒｉｃｋ,東京都葛飾区西水元２丁目１８番２２号セジュール幸田１０５,2021-08-30,株式会社
株式会社Ｆｒｇｅｅｋ,神奈川県川崎市多摩区登戸２４３２番地１,2021-08-30,株式会社
株式会社Ｆｕｌｌ　Ｆｌｏｗ,愛知県名古屋市東区葵３丁目７番１４号,2021-08-30,株式会社
株式会社ＧａｒｄｅｎＶａｌｌｅｙ,東京都日野市程久保８丁目１番地の１２,2021-08-30,株式会社
株式会社ＨＥＮＲＹ　ＪＯＨＮ,東京都板橋区加賀２丁目１６番１号,2021-08-30,株式会社
株式会社ＨＫ－ＣＯＮＮＥＣＴ,広島県安芸高田市吉田町吉田１９１１番地４サンシャインＡＰ１０,2021-08-30,株式会社
株式会社Ｈａｋａｒａ,神奈川県川崎市多摩区登戸２４３２番地１ＢｌｕｅｗａｔｅｒＢｕｉｌｄｉｎｇ６Ｆ,2021-08-30,株式会社
株式会社Ｈａｗｋｓ　Ｅｘｐｒｅｓｓ,埼玉県さいたま市見沼区東大宮６丁目４３番地１３,2021-08-30,株式会社
株式会社Ｉ・Ｓ・Ｅプランニング,東京都世田谷区宇奈根２丁目２６番２０号モンレーヴＣ,2021-08-30,株式会社
株式会社ＩＫホールディングス,佐賀県佐賀市天神１丁目２番地５５,2021-08-30,株式会社
株式会社ＩＴＭ,埼玉県所沢市大字山口１８４５－２０,2021-08-30,株式会社
株式会社Ｋ’ｓハウス,埼玉県草加市青柳６丁目６番１－３０５号,2021-08-30,株式会社
株式会社ＫＡＮＳＨＡ,埼玉県鴻巣市大間４丁目１０番１９号,2021-08-30,株式会社
株式会社ＫＤ　ＣＲＡＦＴ,千葉県習志野市本大久保１丁目７番２－１号,2021-08-30,株式会社
株式会社ＫＥＰホールディングス,熊本県熊本市西区新土河原１丁目１２番５３号,2021-08-30,株式会社
株式会社ＫＩＭＯＮＯ　ＳＴＹＬＥ和夢,大阪府大阪市中央区大手前１丁目６番４号,2021-08-30,株式会社
株式会社ＫａＦｕ,沖縄県宜野湾市喜友名２丁目２８番２２－５０３号ＫＵＲＡＳＵＫＡ宜野湾,2021-08-30,株式会社
株式会社ＬＡＮＤ‐ＳＯＡ,大阪府大阪市鶴見区鶴見４丁目２番１２号,2021-08-30,株式会社
株式会社ＬＩＢＥＲ,大阪府大阪市西区江戸堀２丁目１番１号江戸堀センタービルＢ１Ｆ,2021-08-30,株式会社
株式会社ＬＩＦＥＲＵ,大阪府茨木市別院町２番１３－１０３号,2021-08-30,株式会社
株式会社ＬＯＴＴＯ,東京都足立区中央本町３丁目１７番１３号,2021-08-30,株式会社
株式会社Ｌａｎａ,岐阜県各務原市各務西町４丁目２３６番地,2021-08-30,株式会社
株式会社ＬｅＧａｃｙ,兵庫県西宮市上甲子園５丁目９番３号,2021-08-30,株式会社
株式会社ＬｅＬｉｏｎ,愛知県名古屋市千種区星ケ丘２丁目２番地１,2021-08-30,株式会社
株式会社ＬｉＴ,東京都港区南青山３丁目１５番９号ＭＩＮＯＷＡ表参道３階,2021-08-30,株式会社
株式会社Ｌｉｇｈｔ　Ｗｏｒｋｅｒ,沖縄県糸満市西崎町２丁目５９０番地上原ビル１０１号室,2021-08-30,株式会社
株式会社ＭＩＬＫ,埼玉県春日部市東中野１４１８番地１２３,2021-08-30,株式会社
株式会社ＭＩＳＨＡＮ,埼玉県朝霞市仲町２丁目３番３０号１Ｆ,2021-08-30,株式会社
株式会社ＭＩＹＡＢＩ,東京都渋谷区神宮前１丁目２０番１５号,2021-08-30,株式会社
株式会社ＭＯＮ　ＲＥＶＥ,愛知県北名古屋市二子瀬古２８番地１,2021-08-30,株式会社
株式会社ＭＯＲＡＢＬＵ,群馬県太田市熊野町２４番１－Ａ１０１号,2021-08-30,株式会社
株式会社ＭＲＡホールディングス,北海道室蘭市白鳥台５丁目１番８号,2021-08-30,株式会社
株式会社Ｍａｍ’ｓ,鹿児島県鹿屋市新川町１９６番地２,2021-08-30,株式会社
株式会社ＮＮＤ,神奈川県横浜市中区野毛町２丁目７５番地第三野毛産業ビル２階,2021-08-30,株式会社
株式会社Ｎｅｓｓｉｅ,大阪府東大阪市若江北町３丁目１２番６号,2021-08-30,株式会社
株式会社ＯＨＡＮＡ,埼玉県所沢市東所沢和田１丁目５１番地の２５,2021-08-30,株式会社
株式会社ＯＫＡＶＡＮＧＯ,神奈川県茅ヶ崎市常盤町４番１号,2021-08-30,株式会社
株式会社ＯＮＥ,福岡県大野城市曙町３丁目２番１号１Ｆ,2021-08-30,株式会社
株式会社ＰＬＡＮ　ＭＥ,大阪府東大阪市御厨中１丁目４番２３－１１０１号,2021-08-30,株式会社
株式会社Ｐｒｉｎｃｉｐａｌ＆Ｃｏ．,東京都千代田区神田小川町１丁目８番３号,2021-08-30,株式会社
株式会社Ｑｔｕｒｅ,愛知県名古屋市中区錦３丁目６－８,2021-08-30,株式会社
株式会社Ｒ・Ｔ,大阪府茨木市見付山１丁目４１号－３,2021-08-30,株式会社
株式会社Ｒ＆Ｃ,鹿児島県志布志市志布志町帖３５８７－４,2021-08-30,株式会社
株式会社ＲｅＢｏｒｎ,三重県鈴鹿市竹野１丁目５番１５号,2021-08-30,株式会社
株式会社Ｒｅｍｉｎｄ,東京都渋谷区鉢山町１１番１号ＭＦＰＲコート代官山２１２,2021-08-30,株式会社
株式会社Ｒｉｓｋｙ,大阪府寝屋川市高宮あさひ丘４３番１８号,2021-08-30,株式会社
株式会社ＳＢメディック,岐阜県岐阜市芥見南山３丁目５番８号,2021-08-30,株式会社
株式会社ＳＨＡＤＯ,東京都新宿区新宿３丁目１７番地１号ＦＰＧｌｉｎｋｓＳＨＩＮＪＵＫＵ５Ｆ,2021-08-30,株式会社
株式会社ＳＨＩＰ,神奈川県川崎市宮前区菅生３丁目１４番１２－１０１号,2021-08-30,株式会社
株式会社ＳＫＹ,沖縄県中頭郡北中城村字ライカム４８０番地－１１０１,2021-08-30,株式会社
株式会社ＳＳ　ｓｔｕｄｉｏ,東京都三鷹市井の頭２丁目２番２号,2021-08-30,株式会社
株式会社Ｓａｋａｔｅｃ静岡,静岡県御前崎市池新田４４３２番地４０,2021-08-30,株式会社
株式会社ＳｕｒＥｄｇｅ,神奈川県横浜市泉区緑園４丁目３番地１サンステージ東の街６番館１４０５,2021-08-30,株式会社
株式会社Ｔ－ＲＥＸ豊田,東京都日野市豊田３丁目４２番地の４ヴェールクレール１０１,2021-08-30,株式会社
株式会社ＴＯＦＵエンタテインメント,東京都狛江市西野川４丁目２１番９号,2021-08-30,株式会社
株式会社ＵＮＩＴＥ,埼玉県朝霞市北原１丁目４番１７号パークプレジール４０３,2021-08-30,株式会社
株式会社Ｖｉｌｌａｇｅ　ＡＩ,鹿児島県熊毛郡中種子町野間５１８５番地１,2021-08-30,株式会社
株式会社ＷＩＥ,東京都港区芝２丁目１０－６－５階,2021-08-30,株式会社
株式会社Ｙ２,京都府久世郡久御山町森中内２番地,2021-08-30,株式会社
株式会社ＹＧ　ｓｔｙｌｅ,愛知県名古屋市中川区十一番町１丁目９番地,2021-08-30,株式会社
株式会社ＹＳコーポレーション,石川県金沢市長坂２丁目１１番５号,2021-08-30,株式会社
株式会社Ｚａｒｃ,東京都中央区日本橋箱崎町１－２,2021-08-30,株式会社
株式会社Ｚｅｎ,大分県別府市駅前本町１０番２９号スパブロンズＣ１０１号,2021-08-30,株式会社
株式会社ｆｅｅｌ,神奈川県平塚市老松町１８－２５－２０１,2021-08-30,株式会社
株式会社ｍｕｓｕｈｉ,東京都江東区冬木２１－２３門前仲町ファミリーハイツ２０２号,2021-08-30,株式会社
株式会社ｔａｓ,群馬県利根郡みなかみ町石倉１９８バイスバーデン月夜野ヴィラⅠ７１７,2021-08-30,株式会社
株式会社ｗｉｓｄｏｍ,神奈川県川崎市中原区上小田中６丁目５１番２２号,2021-08-30,株式会社
樹建材株式会社,沖縄県宜野湾市字宇地泊２１５番地１,2021-08-30,株式会社
瀧灸株式会社,茨城県水戸市本町３丁目３－１１フレグランス東邦Ⅲ３０５号,2021-08-30,株式会社
熊本流通株式会社,熊本県阿蘇郡西原村大字布田６７９番地３２,2021-08-30,株式会社
特定非営利活動法人あかつき,北海道札幌市北区北十六条西４丁目２－１Ｌｅｅ北１６条ビル２階株式会社アジアプロ内,2021-08-30,その他の設立登記法人
特定非営利活動法人ダイシン,茨城県日立市千石町１丁目５番５号,2021-08-30,その他の設立登記法人
特定非営利活動法人医療的ケア児者と家族を社会につなぐネットワーク,宮崎県都城市年見町３０号１番地２,2021-08-30,その他の設立登記法人
特定非営利活動法人防災自助普及委員会,愛知県名古屋市瑞穂区松栄町２丁目５４番地の２,2021-08-30,その他の設立登記法人
環境インフォテック株式会社,東京都千代田区麹町２丁目１０番３号,2021-08-30,株式会社
真商事株式会社,埼玉県春日部市大畑３４番１号,2021-08-30,株式会社
社会保険労務士法人桜井労働法務事務所,東京都中央区日本橋茅場町２丁目１７番５号,2021-08-30,その他の設立登記法人
社会保険労務士法人黒須事務所,岩手県花巻市若葉町１丁目６番１８号,2021-08-30,その他の設立登記法人
神田重機レンタル株式会社,大阪府東大阪市横小路町４丁目９番５６号,2021-08-30,株式会社
福山合同会社,東京都渋谷区恵比寿３丁目４３番１号恵比寿ハイツ６０２,2021-08-30,合同会社
莫兜笠・和式株式会社,東京都中央区日本橋蛎殻町１丁目３番５号共同ビル２階２３号,2021-08-30,株式会社
菊丸商店株式会社,栃木県足利市毛野新町３丁目７９番地,2021-08-30,株式会社
行政書士法人ごんとう事務所,岩手県北上市本通り３丁目２番１５号,2021-08-30,その他の設立登記法人
霧島発電株式会社,鹿児島県姶良市加治木町反土１５１６番地１,2021-08-30,株式会社
青葉紙工業株式会社,埼玉県朝霞市大字上内間木２９１番地５,2021-08-30,株式会社
７ＭＩＲＩＺＥ合同会社,東京都渋谷区神宮前６丁目２３番４号２階,2021-08-30,合同会社
ＡＢＣマーケティング合同会社,東京都新宿区新宿２丁目１２番１３号新宿アントレサロンビル２階,2021-08-30,合同会社
ＡＬＩＢＡＢＡＪＡＰＡＮ合同会社,東京都葛飾区奥戸８丁目１６番１４号,2021-08-30,合同会社
ＡＱＵＡ合同会社,東京都墨田区江東橋４丁目１３番６号,2021-08-30,合同会社
ＡｏｉＨａｎｅ株式会社,京都府舞鶴市字浜７３７番地１,2021-08-30,株式会社
ＡｓｔｒａＳｔｕｄｙ合同会社,東京都江東区東陽１丁目１０－９,2021-08-30,合同会社
ＢＩＲＤＲＥＡＭ合同会社,千葉県船橋市本郷町５０７－１ルネ西船橋２棟６１３,2021-08-30,合同会社
ＢＬＯＯＭ株式会社,宮崎県宮崎市大字富吉５２番地１,2021-08-30,株式会社
Ｂｏｔｉｆｙ　Ｊａｐａｎ株式会社,東京都港区赤坂２丁目２３－１アークヒルズフロントタワーＲｏＰ７０１ＳＵパートナーズ合同会社内,2021-08-30,株式会社
Ｂｒａｉｎｓ　Ｍｅｄｉｃｏ株式会社,千葉県船橋市みやぎ台１丁目４番２９号,2021-08-30,株式会社
Ｃｉ　ＦＬＡＶＯＲＳ株式会社,東京都港区北青山３丁目５番１７号,2021-08-30,株式会社
Ｃｏａｔ‐Ｘ　Ｊａｐａｎ株式会社,愛知県新城市有海字丸山１番地の２,2021-08-30,株式会社
Ｃｏｍｐａｓｓ禄株式会社,東京都新宿区新宿１丁目３－８ＩＭＢＯｆｆｉｃｅ新宿御苑４階４０５号室,2021-08-30,株式会社
ＥＥＬ株式会社,山形県山形市みはらしの丘１丁目３４番地１３,2021-08-30,株式会社
ＦＲＥＫ合同会社,東京都新宿区若松町９番１２号ＫＳビル３０２,2021-08-30,合同会社
ＦＵＡ株式会社,東京都港区南青山５丁目１番１０－１２０１号,2021-08-30,株式会社
ＧＥＴＴ合同会社,宮城県仙台市宮城野区宮千代１丁目８－５,2021-08-30,合同会社
ＨＡＲＥ協同組合,東京都港区六本木２丁目２番２号イトーピア六本木８０１,2021-08-30,その他の設立登記法人
ＨＬＣ株式会社,東京都港区芝浦４丁目１９番１号ケープタワー３８２３,2021-08-30,株式会社
Ｈｉｒｏｓｅ合同会社,栃木県日光市木和田島３０６２番地９,2021-08-30,合同会社
ＩＫｉｎｇ株式会社,大阪府門真市千石東町１６番３０号,2021-08-30,株式会社
Ｊａｃｋ株式会社,福岡県大牟田市不知火町１丁目１番地１１,2021-08-30,株式会社
Ｊａｐａｎ　ＤＨ４合同会社,東京都港区東新橋１丁目５番２号汐留シティセンター,2021-08-30,合同会社
ＫＯＪＩＭＡ　ＷＯＲＫＳＨＯＰ合同会社,東京都葛飾区堀切８丁目４番８号ＧＰ南綾瀬ビ・アンリュ４０５号室,2021-08-30,合同会社
Ｋｅｅｄ株式会社,大阪府大阪市淀川区西中島３丁目１９番１３号第２ユヤマビル４階Ｄ号室,2021-08-30,株式会社
Ｋｕｔｃｈａｎ　Ｉｎｖｅｓｔｍｅｎｔ合同会社,東京都港区六本木１丁目６番１号泉ガーデンタワーＫＰＭＧ税理士法人内,2021-08-30,合同会社
ＫｘＳｈａｒｅ株式会社,東京都港区芝４丁目９番９－３０４号,2021-08-30,株式会社
Ｌｉｉｉｌｙ　Ｊａｐａｎ合同会社,栃木県那須郡那須町大字寺子丙一,2021-08-30,合同会社
ＭＡＭプロパティ株式会社,静岡県富士市岩本５３７番地の５３,2021-08-30,株式会社
ＭＩＲ合同会社,東京都新宿区西新宿４丁目１２－７ガラステージ１０４,2021-08-30,合同会社
ＭＴ　Ｒｕｍｐｕ株式会社,千葉県市川市本行徳６番１３号,2021-08-30,株式会社
Ｍａｓｔｅｒ　Ｋｅｙ　Ｐｒｅｓｅｎｔｓ合同会社,長野県長野市三輪４丁目６番８号,2021-08-30,合同会社
Ｍｉｒａｎｄａ株式会社,大阪府大阪市生野区巽中３丁目１１番４号,2021-08-30,株式会社
ＮＥＳＴＡ　ＷＣＧ株式会社,東京都千代田区岩本町２丁目１番１０号,2021-08-30,株式会社
ＮＰＯ法人ＰａｙＦｏｒｗａｒｄ,神奈川県横須賀市大津町３丁目１４番１５号,2021-08-30,その他の設立登記法人
ＮＰＯ法人ＴＯＳＳ祭りばやし,埼玉県秩父市野坂町１丁目１５番１１号メゾン野坂Ｂ－１０３,2021-08-30,その他の設立登記法人
ＰＰｃｏｎｎｅｃｔ合同会社,東京都新宿区新宿６丁目３番８号ＰＡＳＥＯ新宿三丁目Ⅱ－３０１,2021-08-30,合同会社
Ｓ＆Ｉ　ＲＥＣｏｎｓｕｌｔｉｎｇ合同会社,東京都渋谷区神宮前６丁目２３番４号桑野ビル２階,2021-08-30,合同会社
ＳＮＩＰＳ株式会社,東京都渋谷区桜丘町２３番１７号シティコート桜丘４０８,2021-08-30,株式会社
ＳＵＭＡＴＯＲＡ株式会社,神奈川県川崎市宮前区東有馬３丁目５番２９号三和ビル３Ｆ,2021-08-30,株式会社
ＳＷＡＬＬＯＷサービス合同会社,宮城県大崎市古川諏訪３丁目４番１０号,2021-08-30,合同会社
ＳａｍｂａＮｏｖａ　Ｓｙｓｔｅｍｓ　Ｊａｐａｎ合同会社,東京都港区南麻布３丁目１９番２３号オーク南麻布ビル２階,2021-08-30,合同会社
Ｓｈｉｎｉｎｇ　Ｒｏａｄ株式会社,東京都港区白金４丁目７番３号ＬＡＭＵ白金３０１,2021-08-30,株式会社
Ｔａｇ　Ｍａｔｃｈ株式会社,東京都新宿区西新宿７丁目１８番１２号プリネッツ新宿ビル２Ｆ,2021-08-30,株式会社
ＴｅＰＰＥＮプロダクション合同会社,東京都東久留米市前沢４丁目３２番７号ガーデンハイツ滝山Ａ４０５,2021-08-30,合同会社
ＶＫ合同会社,埼玉県坂戸市日の出町３３番地３,2021-08-30,合同会社
Ｙ’Ｓ株式会社,東京都豊島区東池袋２丁目４８番３号セント・マディソン２０２号,2021-08-30,株式会社
ＹＭ株式会社,東京都新宿区富久町２０番地２新宿御苑サニーコート２０６号,2021-08-30,株式会社
Ｙｏｇｉｃ　Ａｒｔｓ合同会社,京都府南丹市美山町河内谷蔵ノ本１６,2021-08-30,合同会社
ａｐｉｉ　ｃｏｏｋ合同会社,北海道札幌市中央区南一条西１６丁目１番地３２３春野ビル３Ｆ,2021-08-30,合同会社
ｍａｃｕｌａ株式会社,神奈川県厚木市戸田２５２５番地２ＴＯＤＡＢＡＳＥＧ号,2021-08-30,株式会社
ｓａｉｔａｋｕ１００株式会社,兵庫県神戸市東灘区御影中町４丁目３－１－３０８,2021-08-30,株式会社
ｖｉｖａ株式会社,埼玉県川口市芝富士１丁目２４番９号,2021-08-30,株式会社
ｘＦｕｔｕｒｅ株式会社,埼玉県吉川市美南１丁目２２番地７,2021-08-30,株式会社
いなば行政書士法人,佐賀県佐賀市開成５丁目６番１５号,2021-08-31,その他の設立登記法人
いろは合同会社,埼玉県さいたま市岩槻区加倉２丁目２番７号,2021-08-31,合同会社
おむすび工務店株式会社,東京都中央区銀座２丁目１６番２号,2021-08-31,株式会社
つむぎや株式会社,大阪府大阪市天王寺区小橋町１２－１５－６０７,2021-08-31,株式会社
やまもと司法書士法人,東京都練馬区春日町５丁目３５番３２号,2021-08-31,その他の設立登記法人
ゆう楽株式会社,福岡県福岡市早良区百道浜３丁目３番３－１０２号,2021-08-31,株式会社
りんどうｔｅｃｈｎｉｃａｌ株式会社,新潟県新潟市東区牡丹山４丁目３番１６号,2021-08-31,株式会社
アスナオ合同会社,東京都町田市森野１丁目３２番１４－１４１１号,2021-08-31,合同会社
アットキャップ・コンサルティング株式会社,東京都港区赤坂４丁目８番１９号赤坂フロントタウン３階,2021-08-31,株式会社
アノテーションサポート株式会社,東京都新宿区市谷田町２丁目１７番地,2021-08-31,株式会社
アーキタイプスタジオ株式会社,東京都港区麻布十番２丁目８番１０号,2021-08-31,株式会社
インターフェイス・アジアパシフィック・ホンコン・リミテッド,東京都港区虎ノ門５丁目１番４号東都ビル６０１Ａ,2021-08-31,外国会社等
キャスター合同会社,東京都世田谷区玉川２丁目４番１号レフィーユ二子玉川４０３,2021-08-31,合同会社
クリプトエージェント合同会社,千葉県千葉市緑区椎名崎町６７１番地１２,2021-08-31,合同会社
サティ産業株式会社,千葉県茂原市町保２２番地３０,2021-08-31,株式会社
システム・フィールド株式会社,宮城県石巻市貞山１丁目１６番１５－４号,2021-08-31,株式会社
ジーアールイージェイホールディングス合同会社,東京都港区六本木６丁目１０番１号六本木ヒルズ森タワー,2021-08-31,合同会社
スズデン合同会社,愛知県知多郡東浦町大字石浜字青木６７番地の１,2021-08-31,合同会社
ステップワン不動産株式会社,福岡県福岡市博多区冷泉町７番９－２０１号,2021-08-31,株式会社
ストレート合同会社,神奈川県横浜市港南区港南３丁目９番２７号,2021-08-31,合同会社
セイル株式会社,岡山県岡山市南区豊成３丁目２０番２９号,2021-08-31,株式会社
ティエラ・グローバル合同会社,東京都港区港南４丁目２番７号,2021-08-31,合同会社
ディーピーエス株式会社,福岡県那珂川市道善５丁目２７番地１,2021-08-31,株式会社
ネオリンクス株式会社,埼玉県桶川市大字上日出谷７２６番地の１０,2021-08-31,株式会社
ハウスバンク株式会社,愛媛県松山市東石井５丁目１３番３４号,2021-08-31,株式会社
ハルショウ合同会社,大阪府四條畷市雁屋北町１８－２３,2021-08-31,合同会社
バッハホール管弦楽団,宮城県加美郡加美町字一本杉１０１,2021-08-31,その他
フィッシングナッツ合同会社,東京都大田区大森東４丁目２６番１号,2021-08-31,合同会社
フォトンライフジャパン株式会社,東京都豊島区池袋２丁目６０番６号グランドメゾン一番館１２０４号室,2021-08-31,株式会社
ベルエキップ合同会社,奈良県北葛城郡王寺町本町２丁目２２番９号,2021-08-31,合同会社
ホームライフ株式会社,青森県上北郡六ヶ所村大字尾駮字家ノ前７６番地４,2021-08-31,株式会社
ボディケアワークス株式会社,東京都港区虎ノ門５丁目１１番１１号,2021-08-31,株式会社
マハロ株式会社,滋賀県草津市西渋川２丁目８番３６－９号,2021-08-31,株式会社
メゾン緑ヶ丘管理組合法人,神奈川県横浜市中区本牧緑ケ丘４６番地１メゾン緑ヶ丘管理事務室,2021-08-31,その他の設立登記法人
メタリカ株式会社,東京都江戸川区西一之江３丁目１８番１９号,2021-08-31,株式会社
ラフィア株式会社,東京都葛飾区新小岩４丁目１０番７号メッサしんこいわ１０２,2021-08-31,株式会社
ランタン株式会社,神奈川県厚木市宮の里４丁目４番４号,2021-08-31,株式会社
リガルクスカーゴ合同会社,東京都港区南青山２丁目２番１５号ウィン青山３０９,2021-08-31,合同会社
一般社団法人こが陽光記念会,福岡県宗像市城西ヶ丘４丁目３番地５,2021-08-31,その他の設立登記法人
一般社団法人もっこす日花里,福岡県直方市大字下境３２３番地２２,2021-08-31,その他の設立登記法人
一般社団法人エスエフワン,東京都港区虎ノ門３丁目２２番１０－２０１号,2021-08-31,その他の設立登記法人
一般社団法人ハナコプロジェクト,東京都港区白金１丁目２５番１８,2021-08-31,その他の設立登記法人
一般社団法人プラスメディカ,新潟県新潟市中央区上所中１丁目７番１９号北村ビル２Ｆ,2021-08-31,その他の設立登記法人
一般社団法人ボヌール,京都府京都市伏見区下鳥羽中島中道町１１０番地２Ｆ,2021-08-31,その他の設立登記法人
一般社団法人健康長寿ミエルカ,東京都杉並区和泉４丁目１０番１１号ＧｒａｎＢａｓｅ２０６号室,2021-08-31,その他の設立登記法人
一般社団法人夢・日立中里,茨城県日立市下深荻町１９２５番地,2021-08-31,その他の設立登記法人
一般社団法人日防隊,東京都渋谷区代々木２丁目２３番１号,2021-08-31,その他の設立登記法人
一般社団法人沖縄オーガニック給食推進協会,沖縄県糸満市字与座９０番地,2021-08-31,その他の設立登記法人
一般社団法人筋バランスストレッチ協会,広島県三原市宮浦３丁目３２番１５号,2021-08-31,その他の設立登記法人
一般社団法人Ｂｅｒｃｅｌｏｎａ,東京都港区虎ノ門５丁目１番４号,2021-08-31,その他の設立登記法人
一般社団法人Ｂｕｓａｎ,東京都港区虎ノ門５丁目１番４号,2021-08-31,その他の設立登記法人
一般社団法人ＧＬＯＳＳ研究会,福岡県福岡市南区長丘５丁目２８番６号日本基礎技術株式会社九州支店内,2021-08-31,その他の設立登記法人
一般社団法人Ｌｏｓ　Ａｎｇｅｌｅｓ,東京都港区虎ノ門５丁目１番４号,2021-08-31,その他の設立登記法人
一般財団法人角文・鈴木環境財団,愛知県刈谷市泉田町古和井１番地,2021-08-31,その他の設立登記法人
久喜環境機材株式会社,埼玉県久喜市上町１番１３号,2021-08-31,株式会社
京田辺環境機材株式会社,京都府京田辺市大住大峯７番地の１,2021-08-31,株式会社
令和商事株式会社,東京都中央区新川１丁目２１番８号,2021-08-31,株式会社
全国ホンダ販売企業年金基金,東京都文京区大塚２丁目１－９,2021-08-31,その他
全国町屋不動産管理合同会社,東京都江戸川区松江７丁目３２番４号,2021-08-31,合同会社
全国農薬業企業年金基金,埼玉県さいたま市浦和区高砂１丁目１－１,2021-08-31,その他
加楽谷株式会社,東京都北区赤羽２丁目６９番２号,2021-08-31,株式会社
友通株式会社,東京都豊島区北大塚２丁目２４－２０,2021-08-31,株式会社
古民家びと合同会社,宮城県仙台市若林区清水小路６－１－１階,2021-08-31,合同会社
合同会社くろねこケアサービス,兵庫県神戸市灘区将軍通３丁目３番１６号,2021-08-31,合同会社
合同会社すけっと,東京都渋谷区道玄坂２丁目１９番３－４０５号,2021-08-31,合同会社
合同会社そらヘルパーステーション,東京都品川区平塚１丁目６番４号長谷川ハイツ１０３号,2021-08-31,合同会社
合同会社アール,東京都世田谷区北烏山４丁目３８－６立志舘２０１号,2021-08-31,合同会社
合同会社アールアセットマネージメント,東京都港区六本木７丁目７番７号トライセブン六本木８階,2021-08-31,合同会社
合同会社エスエフワン,東京都港区虎ノ門３丁目２２番１０－２０１号,2021-08-31,合同会社
合同会社オフィスアオヤマ,兵庫県神戸市灘区備後町５丁目３番１－６０１号,2021-08-31,合同会社
合同会社クラスペダ,東京都港区南青山２丁目９－２５,2021-08-31,合同会社
合同会社サウスウィンド,東京都練馬区貫井３丁目５２番７号,2021-08-31,合同会社
合同会社ジーイーオー・ジャパン,東京都港区六本木６丁目１０番１号六本木ヒルズ森タワー,2021-08-31,合同会社
合同会社スマイリーパートナー,大阪府大阪市北区芝田２丁目８番１号共栄ビル３Ｆ,2021-08-31,合同会社
合同会社トゥリーオブライフ,東京都新宿区新宿１丁目３６番２号新宿第七葉山ビル３階,2021-08-31,合同会社
合同会社トーシン,東京都渋谷区富ヶ谷１丁目１４番１４号４階,2021-08-31,合同会社
合同会社ハンズ,岡山県岡山市北区野田２丁目１１‐１,2021-08-31,合同会社
合同会社ピロロ企画,北海道広尾郡広尾町字野塚９８９番地,2021-08-31,合同会社
合同会社フォーチュン,東京都豊島区巣鴨２丁目１番１号第一福島ビル４Ｆ,2021-08-31,合同会社
合同会社フルハシ企画,静岡県浜松市中区佐鳴台１丁目１４番１６号,2021-08-31,合同会社
合同会社メビアス,東京都中央区銀座１丁目２２番１１号銀座大竹ビジデンス２階,2021-08-31,合同会社
合同会社ユウビ,東京都世田谷区砧８丁目２３－１１ホワイトオーク成城１０５,2021-08-31,合同会社
合同会社ルミエール,埼玉県幸手市南２丁目１２番４０－１１２号ライオンズマンション幸手,2021-08-31,合同会社
合同会社ルーデンス,東京都渋谷区代々木５丁目５１番７－２０２号,2021-08-31,合同会社
合同会社ロングシップ,神奈川県横浜市西区北幸１丁目１１番５号相鉄ＫＳビル９階,2021-08-31,合同会社
合同会社ワイエムワークス,東京都港区新橋１丁目８番地４号４階Ａ号,2021-08-31,合同会社
合同会社ワイズメド,大阪府八尾市本町１丁目５番１０号,2021-08-31,合同会社
合同会社介護経営サポート協議会,東京都港区三田４丁目８番２８－３０９号,2021-08-31,合同会社
合同会社保育会計,宮城県仙台市青葉区本町１丁目５番２８号カーニープレイス仙台駅前通６０３号室,2021-08-31,合同会社
合同会社地球３３番地,高知県高知市南金田１８－１０,2021-08-31,合同会社
合同会社大謀,北海道函館市木直町５２３番地,2021-08-31,合同会社
合同会社天然福,山梨県南都留郡山中湖村山中２９５番４２,2021-08-31,合同会社
合同会社宗貴,大阪府羽曳野市栄町１０番５号,2021-08-31,合同会社
合同会社来人宝,兵庫県川西市大和東３丁目２－１６,2021-08-31,合同会社
合同会社東京古典音楽事務所,東京都千代田区九段南１丁目５番６号りそな九段ビル５階,2021-08-31,合同会社
合同会社池田ＳＢＣ,滋賀県大津市池の里２６番２０号,2021-08-31,合同会社
合同会社牛河イノベート,岡山県都窪郡早島町若宮１３番地１,2021-08-31,合同会社
合同会社白菖,神奈川県横浜市神奈川区鶴屋町３丁目２８番３号松原ダイヤモンドマンション３０１号室,2021-08-31,合同会社
合同会社石井経済研究所,東京都墨田区菊川３丁目１４番６号菊川ロイヤルマンション１０３,2021-08-31,合同会社
合同会社空と海,東京都大田区中馬込１丁目１４番４号クリスタルマンション４０３,2021-08-31,合同会社
合同会社絆,三重県伊賀市伊勢路６番地の１,2021-08-31,合同会社
合同会社良いまち不動産,大分県豊後高田市玉津１９６３番地１,2021-08-31,合同会社
合同会社靖道,東京都八王子市下恩方町６７６番地６,2021-08-31,合同会社
合同会社Ａｃｅ　Ｈｅａｌｔｈｃａｒｅ　Ｆｕｎｄ,東京都港区南麻布５丁目２番３２号,2021-08-31,合同会社
合同会社Ａｃｈｔ,大阪府大阪市浪速区日本橋東１丁目６番７号セレニテ日本橋プリエ１００９号,2021-08-31,合同会社
合同会社Ａｒｇｏ,東京都港区虎ノ門５丁目１番４号,2021-08-31,合同会社
合同会社Ｃ．Ｇ,神奈川県座間市入谷西３丁目２０番３３号ＨＳレジデンス２－Ｃ,2021-08-31,合同会社
合同会社ＣＩＥＬ,東京都新宿区西新宿６丁目１５番１号セントラルパークタワー・ラトゥール新宿２６０７,2021-08-31,合同会社
合同会社ＥＧＷＥＬＬ,大阪府松原市北新町５丁目１４３番地の５,2021-08-31,合同会社
合同会社ＦＩＲＳＴ,東京都葛飾区南水元２丁目２番１０号アネックスⅠ２０５,2021-08-31,合同会社
合同会社ＦＭＤ,東京都港区赤坂２丁目１２番１１号シャルマン赤坂４０２,2021-08-31,合同会社
合同会社Ｆｏｒ　Ｙｏｕｒ　Ｓｍｉｌｅ,岡山県倉敷市新田２４２３番地１アメニティ田園２０５号,2021-08-31,合同会社
合同会社ＧＴＧ,大阪府堺市堺区東永山園２番２９号,2021-08-31,合同会社
合同会社Ｇｒｅｅｎヴィレッジ,石川県金沢市神田２丁目１５番９号,2021-08-31,合同会社
合同会社ＨＮステージ,東京都渋谷区本町１丁目３３番７号カスタリア初台Ⅱ４０６,2021-08-31,合同会社
合同会社ＩＲ　Ａｇｅｎｔｓ,東京都中央区銀座１丁目１２番４号Ｎ＆Ｅ・ＢＬＤ７階,2021-08-31,合同会社
合同会社ＩｓｌａｎｄＦｉｅｌｄ,神奈川県川崎市麻生区白鳥１丁目１番５号,2021-08-31,合同会社
合同会社ＫＳ,熊本県熊本市西区河内町野出２４６番地１０,2021-08-31,合同会社
合同会社Ｌｉｌｕｘｒｙ,埼玉県鴻巣市下忍３４９７,2021-08-31,合同会社
合同会社Ｌｉｎｋ　Ｕｐ,沖縄県沖縄市知花６丁目３７番１号,2021-08-31,合同会社
合同会社ＭＩＳ,東京都渋谷区恵比寿４丁目７番６号,2021-08-31,合同会社
合同会社ＭＭＮ．ｃｏｍｐａｎｙ,東京都足立区千住寿町２番１７号松岡ビル７階,2021-08-31,合同会社
合同会社ＭＴＵＲ,東京都新宿区高田馬場３丁目１番５号サンパティオ高田馬場３０９号室,2021-08-31,合同会社
合同会社Ｍａｇｎｏ,東京都港区虎ノ門５丁目１番４号,2021-08-31,合同会社
合同会社Ｎｉｋｋｉ,東京都港区虎ノ門５丁目１番４号,2021-08-31,合同会社
合同会社ＯＮ,広島県広島市安佐北区可部南２丁目１５番６０－７０１号,2021-08-31,合同会社
合同会社ＯＮＥ　ＬＩＮＫ,秋田県湯沢市山田字筬ノ目６２番地,2021-08-31,合同会社
合同会社Ｏｎｅ　Ｇｌｏｂａｌ　Ａｃｃｅｓｓ,大阪府箕面市粟生外院４丁目１５番７号,2021-08-31,合同会社
合同会社ＰｒｏＣｏｍ,沖縄県那覇市辻１丁目９－１９ｐｒｏｓｐｅｒ３０２号室,2021-08-31,合同会社
合同会社ＳＡＮＴＯＳＨ,福岡県福岡市南区塩原４丁目１４番１７号,2021-08-31,合同会社
合同会社ＳＫＹＹ,大阪府堺市北区野遠町４６５番地２,2021-08-31,合同会社
合同会社ＳＴＳ,奈良県宇陀郡曽爾村大字太良路６５６番地,2021-08-31,合同会社
合同会社Ｓｏｌｅ,徳島県吉野川市鴨島町飯尾５５０番地３５２,2021-08-31,合同会社
合同会社Ｓｏｕｙａ　Ｈａｎｄａ　Ｐｒｏｊｅｃｔｓ,東京都江戸川区南小岩７丁目３６番２４号,2021-08-31,合同会社
合同会社ＴＫＹ,東京都新宿区西新宿６丁目２０－７－９０９,2021-08-31,合同会社
合同会社ＴＭＫ,東京都北区赤羽１丁目７番９号赤羽第一葉山ビル４階,2021-08-31,合同会社
合同会社ＴＲｅｉＤ,島根県出雲市塩冶町１２８４番地９,2021-08-31,合同会社
合同会社ＷＴ,東京都中央区入船３丁目１番６号,2021-08-31,合同会社
合同会社ｍ．ｂｒｉｌｌｅｒ,福井県鯖江市神明町３丁目８番３２号,2021-08-31,合同会社
合同会社ｓｏｌｄ　ｏｕｔ,東京都港区高輪１丁目２４－２－３０２,2021-08-31,合同会社
吉岡電工合同会社,徳島県板野郡上板町泉谷字砂コウ３７番地１,2021-08-31,合同会社
和光建設株式会社,広島県福山市曙町３丁目２５－２３－２－Ａ１０３,2021-08-31,株式会社
埼玉県医師会企業年金基金,埼玉県さいたま市浦和区仲町３丁目５－１,2021-08-31,その他
大東商事株式会社,埼玉県草加市八幡町７３９－１,2021-08-31,株式会社
大泉町商工会スタンプ会,群馬県邑楽郡大泉町大字吉田２４６７,2021-08-31,その他
宏鵬株式会社,東京都足立区梅田８丁目１２－１０梅島グリーンマンション７０６号,2021-08-31,株式会社
幸和不動産株式会社,和歌山県紀の川市名手市場２７８番地１,2021-08-31,株式会社
恒宜商事株式会社,千葉県富里市大和２１１番地１６７,2021-08-31,株式会社
成都華川電装有限責任公司,大阪府大阪市中央区難波５丁目１番６０号２７階１０９,2021-08-31,外国会社等
文京小石川合同会社,東京都千代田区神田小川町３丁目２６番８号神田小川町三丁目ビル６階,2021-08-31,合同会社
来福株式会社,佐賀県鳥栖市蔵上３丁目１２３番地ドリームサンＢ１０１,2021-08-31,株式会社
東京貿易合同会社,東京都大田区石川町１丁目１０番８号,2021-08-31,合同会社
東洋プリンター株式会社,東京都台東区雷門２丁目６番２号マーナマリー浅草雷門ビル５階,2021-08-31,株式会社
株式会社きずなの森ファーム,東京都日野市百草９７番地６,2021-08-31,株式会社
株式会社きむらてん,東京都清瀬市中里５丁目９０１番地１０,2021-08-31,株式会社
株式会社ごきっちょー,東京都板橋区向原２丁目２３番８号ベルアネックス２１２号室,2021-08-31,株式会社
株式会社たからＤＡＫＡＲＡ,佐賀県三養基郡みやき町大字江口２５２９番地５６,2021-08-31,株式会社
株式会社とみたか工業,石川県白山市西米光町ト２番地５１,2021-08-31,株式会社
株式会社にあにゃあ,大阪府大阪市北区芝田２丁目８－１１共栄ビル１０２,2021-08-31,株式会社
株式会社ふるさとクリエイト,北海道小樽市蘭島１丁目１２番１０号,2021-08-31,株式会社
株式会社まきのホールディングス,東京都練馬区上石神井４丁目９番２４号,2021-08-31,株式会社
株式会社やまほ,長野県千曲市大字上徳間１８７２番地,2021-08-31,株式会社
株式会社アイエヌ,東京都荒川区西日暮里６丁目４２番１号,2021-08-31,株式会社
株式会社アクトアコーディング,岐阜県岐阜市野一色３丁目８番８号,2021-08-31,株式会社
株式会社アシスト,福岡県那珂川市今光４丁目４６番地,2021-08-31,株式会社
株式会社アトリエ翔子,東京都大田区久が原３丁目３７番３号,2021-08-31,株式会社
株式会社アリアピアノ,東京都町田市三輪緑山３丁目１２番２０号,2021-08-31,株式会社
株式会社アーツバディ,福岡県福岡市東区松島３丁目９番１５号,2021-08-31,株式会社
株式会社アール,静岡県浜松市中区高丘北１丁目３番３３号,2021-08-31,株式会社
株式会社エコミン,愛媛県松山市柳井町１丁目２番１１号,2021-08-31,株式会社
株式会社エスケーライフ,福岡県筑紫野市二日市中央２丁目５番８号,2021-08-31,株式会社
株式会社エスト二アン・ジャパン・トレーディング・カンパニー日本,東京都港区六本木７丁目１１番４号六本木ＢＬＥＳＳ２０４,2021-08-31,株式会社
株式会社エール,佐賀県多久市北多久町大字小侍８７４番地,2021-08-31,株式会社
株式会社オアシス,埼玉県秩父市上町２丁目１１番１７号,2021-08-31,株式会社
株式会社オールラウンダー,東京都武蔵野市吉祥寺東町２丁目１５番７号,2021-08-31,株式会社
株式会社クレセール,宮城県仙台市太白区西多賀５丁目１５番２３号,2021-08-31,株式会社
株式会社グラヴィティマネジメント,東京都港区港南４丁目６番１－３３０１号,2021-08-31,株式会社
株式会社コネクトケア,和歌山県橋本市高野口町向島９８番地の２７,2021-08-31,株式会社
株式会社ゴセント,東京都豊島区池袋２丁目１６番１４号ＫＤビル４０２,2021-08-31,株式会社
株式会社サンライズ,山口県山陽小野田市大字小野田４７９９番地５,2021-08-31,株式会社
株式会社ザイル,大阪府大阪市福島区大開１丁目１３番２号西野ハイツ１０１号,2021-08-31,株式会社
株式会社シュヴァルブラン,京都府京都市中京区聚楽廻東町３２,2021-08-31,株式会社
株式会社シンビオシスパートナーズ,東京都港区北青山２丁目７番１３号プラセオ青山ビル３階,2021-08-31,株式会社
株式会社ジョブウェーブ,東京都千代田区麹町２丁目２－４麹町セントラルビル５階,2021-08-31,株式会社
株式会社スプリード,大阪府貝塚市澤２２０番地５５,2021-08-31,株式会社
株式会社スマイリー,山梨県甲府市右左口町２２４０番地,2021-08-31,株式会社
株式会社セブンホールディングス,大阪府大阪市中央区東心斎橋２丁目２番１８号,2021-08-31,株式会社
株式会社タイチ,高知県高知市薊野西町３丁目１－１５－１０１,2021-08-31,株式会社
株式会社タニデンキ,千葉県袖ケ浦市のぞみ野４７番地１,2021-08-31,株式会社
株式会社チャチャ・スタジオ,大阪府高槻市若松町２７番６号,2021-08-31,株式会社
株式会社ツキハナ,京都府京都市中京区烏丸通六角下る七観音町６２３第１１長谷ビル２Ｆ,2021-08-31,株式会社
株式会社ティーエイチサービス,愛知県愛西市立田町船頭平１００番地２,2021-08-31,株式会社
株式会社ネクサス,福岡県福岡市中央区大名１丁目８番１８号,2021-08-31,株式会社
株式会社ハイカード,埼玉県川口市西川口１丁目１０番２０－２０２号,2021-08-31,株式会社
株式会社ハタノ企画事務所,兵庫県西宮市甲風園１丁目５番５号増田ビル３Ｆ,2021-08-31,株式会社
株式会社ハタヤ,東京都墨田区横網１丁目１１番４号,2021-08-31,株式会社
株式会社ハルヒ,長崎県佐世保市大潟町１５３番地５２,2021-08-31,株式会社
株式会社パイルラボ,沖縄県沖縄市泡瀬４丁目１番２６号アワセテラス１Ｆ,2021-08-31,株式会社
株式会社ヒナタ工業,新潟県新潟市秋葉区車場４丁目１５番１号,2021-08-31,株式会社
株式会社フォワードワンＬＩＮＥ,埼玉県さいたま市中央区新中里３丁目９番１６号,2021-08-31,株式会社
株式会社フジモト,大阪府大阪市都島区東野田町４丁目８番１２号,2021-08-31,株式会社
株式会社ブリエ,兵庫県神戸市中央区生田町３丁目１番８－８０１号,2021-08-31,株式会社
株式会社ベルフルール,東京都大田区東糀谷２丁目３番１号,2021-08-31,株式会社
株式会社ホワイトハウス,宮城県仙台市若林区霞目２丁目３１番３号,2021-08-31,株式会社
株式会社ムマ,大阪府大阪市淀川区西中島７丁目１番３号,2021-08-31,株式会社
株式会社メイゲンソ,東京都港区赤坂１丁目９番１３号,2021-08-31,株式会社
株式会社ヤマサキ,福岡県中間市大字下大隈１７６４番地４ドルチェフィア１０１号,2021-08-31,株式会社
株式会社ライフワークス,兵庫県神戸市西区南別府４丁目２０４番地の１グリーンヴィレッジ南別府Ｅ－２０１号,2021-08-31,株式会社
株式会社ライム,福岡県北九州市小倉北区原町２丁目２－１４,2021-08-31,株式会社
株式会社リアルスタイル,京都府京都市上京区今小路通七本松西入末之口町４４８番地１２メゾン・ド・エフ１階,2021-08-31,株式会社
株式会社リベルテ,東京都港区六本木７丁目２番２－２０１号,2021-08-31,株式会社
株式会社リライズ,兵庫県姫路市飾磨区須加１７０番地,2021-08-31,株式会社
株式会社ロークス,宮城県石巻市新橋９番１２号,2021-08-31,株式会社
株式会社一心ファーム,新潟県燕市又新９８１番地,2021-08-31,株式会社
株式会社一星電気,神奈川県足柄下郡湯河原町吉浜１２６９番地の１,2021-08-31,株式会社
株式会社三和,岡山県都窪郡早島町前潟１１番地１９,2021-08-31,株式会社
株式会社与夢,東京都港区新橋４丁目１１番５号,2021-08-31,株式会社
株式会社九州プロジェクト,福岡県福岡市中央区高砂２丁目１５番２２号第７ダイヨシビル１階,2021-08-31,株式会社
株式会社仔牛園,北海道北見市中央三輪１丁目３６２番地８,2021-08-31,株式会社
株式会社保田設備,岡山県岡山市北区西崎１丁目１７番１６号,2021-08-31,株式会社
株式会社共和ワークスタイル,石川県小松市安宅新町ナ９０番地１,2021-08-31,株式会社
株式会社南部創建,和歌山県和歌山市中筋日延３６５番地,2021-08-31,株式会社
株式会社友栄工業,東京都大田区田園調布１丁目５番７号,2021-08-31,株式会社
株式会社友翔,山口県山口市七尾台１４番１２号,2021-08-31,株式会社
株式会社和泉屋,山梨県甲府市荒川２丁目１番１８号,2021-08-31,株式会社
株式会社地熱サービス,大分県別府市大字鶴見１５００番地３５２,2021-08-31,株式会社
株式会社夢のたね,大阪府大阪市中央区東心斎橋１丁目２番１７号７階,2021-08-31,株式会社
株式会社大樹,宮城県仙台市泉区歩坂町５９番２０－２０１号,2021-08-31,株式会社
株式会社尚一,岐阜県各務原市鵜沼西町１丁目４０７番地２,2021-08-31,株式会社
株式会社山八創建,神奈川県川崎市宮前区南野川１丁目３３番２３号ベルウッド野川３１０,2021-08-31,株式会社
株式会社山本クレーンサービス,茨城県日立市田尻町４丁目３７番７号,2021-08-31,株式会社
株式会社平戸設備,神奈川県横浜市磯子区岡村３丁目１番５号,2021-08-31,株式会社
株式会社幸嬉社,大阪府大阪市西区北堀江１丁目６番５号大輪ビル７階７Ａ室,2021-08-31,株式会社
株式会社府内ファーム,熊本県菊池郡大津町大字平川１６９番地,2021-08-31,株式会社
株式会社建設業務災害総合保険事務所,福岡県福岡市中央区大名２丁目４－３５,2021-08-31,株式会社
株式会社弘勝,大阪府大阪市都島区御幸町１丁目６－２９,2021-08-31,株式会社
株式会社新建,宮城県仙台市泉区旭丘堤２丁目１７－９ファミーユ黒松１０３,2021-08-31,株式会社
株式会社東京拓信,東京都千代田区神田須田町１丁目２８－４日宝神田ビル６Ｆ,2021-08-31,株式会社
株式会社東板金工業,北海道山越郡長万部町字平里１０番地３,2021-08-31,株式会社
株式会社松屋,愛知県半田市北二ツ坂町３丁目８番地１１,2021-08-31,株式会社
株式会社牛澤鉄筋工業,大阪府堺市南区小代５１６番地,2021-08-31,株式会社
株式会社真島組,兵庫県尼崎市椎堂１丁目２４番２０－２号,2021-08-31,株式会社
株式会社石丼,香川県さぬき市大川町富田西２１６５番地１,2021-08-31,株式会社
株式会社花月運送,東京都江戸川区春江町２丁目４９番１２号アムニスクエア４０１,2021-08-31,株式会社
株式会社貴翔,長野県長野市三輪９丁目２８番１１号,2021-08-31,株式会社
株式会社逢心メンテナンス,静岡県伊豆の国市長崎２４９番地の１,2021-08-31,株式会社
株式会社魁,広島県福山市東村町９６７番,2021-08-31,株式会社
株式会社３６９,茨城県水戸市千波町２３６８－１１,2021-08-31,株式会社
株式会社５８’ｓファーム,東京都町田市小山町２５２１番地３０,2021-08-31,株式会社
株式会社Ａ．Ｐ,東京都文京区湯島３丁目３９番１１号ライワビル５階,2021-08-31,株式会社
株式会社ＡＬＧＥＲＮＯＮ,東京都中央区日本橋堀留町１丁目１０番１号,2021-08-31,株式会社
株式会社ＡＰＥＸ,福岡県福岡市博多区中洲４丁目１番６号,2021-08-31,株式会社
株式会社ＡＲＣＨ,東京都荒川区南千住４丁目９番７,2021-08-31,株式会社
株式会社ＡＲＭ,福島県福島市早稲町５番１７号,2021-08-31,株式会社
株式会社ＡＺＥＬＩ,大阪府大阪市北区東天満２丁目３番７－１００３号,2021-08-31,株式会社
株式会社ＢＣＪ‐５４,東京都千代田区丸の内１丁目１番１号パレスビル５階,2021-08-31,株式会社
株式会社ＢＲＩＧＨＴＩＶＥＳＥＡ,兵庫県明石市大明石町１丁目６－１３津田ビル４０３,2021-08-31,株式会社
株式会社Ｂｅｔｔｅｒ,長崎県長崎市浜町１１番１９号ＯＩＤＥＯＩＤＥビル３Ｆ,2021-08-31,株式会社
株式会社ＢｒｚＡ,大阪府吹田市千里山西５丁目３３番２号シャレ－アルビオン１階５号,2021-08-31,株式会社
株式会社ＣｈａＣｈａＸ,東京都港区南青山２丁目２番１５号,2021-08-31,株式会社
株式会社ＤＡＰＰＹ,東京都港区海岸１丁目２－３汐留芝離宮ビルディング２１階,2021-08-31,株式会社
株式会社ＤＸコンパス,東京都港区西新橋１丁目２番９号日比谷セントラルビル１４階,2021-08-31,株式会社
株式会社Ｆ１,東京都千代田区九段南２丁目３番１０号ＢＣプラザ６階,2021-08-31,株式会社
株式会社Ｆｒｅｓｈ　ＴＡＩＧＡ,熊本県熊本市東区榎町１５番３４号,2021-08-31,株式会社
株式会社ＧＡＭＵＳＥ,東京都世田谷区用賀２丁目３１番６号イイダアネックスＸ１０６,2021-08-31,株式会社
株式会社ＧＬＯＷＥ,東京都港区芝浦４丁目５番１７－６０３号,2021-08-31,株式会社
株式会社ＧＭＫ,岐阜県岐阜市高野町３丁目１０番地２,2021-08-31,株式会社
株式会社ＧＯｓｔｕｄｉｏ,長崎県長崎市鳴滝２丁目８番１０号,2021-08-31,株式会社
株式会社Ｇｉｆｔ,東京都豊島区南長崎４丁目３４番１０号,2021-08-31,株式会社
株式会社Ｈ＆Ｙ,東京都世田谷区代田５丁目２番１０号キミトモマンション３０１,2021-08-31,株式会社
株式会社ＨＩ　ＦＩＥＬＤ,東京都三鷹市下連雀２丁目２１番２２号,2021-08-31,株式会社
株式会社ＨＯＯＰ,福岡県直方市湯野原２丁目１５番１６号,2021-08-31,株式会社
株式会社ＨＳメディカル,長野県塩尻市大字広丘吉田３２５番地,2021-08-31,株式会社
株式会社ＩＮＧ　ＭＡＲＫＥＴＩＮＧ　ＯＦＦＩＣＥ,東京都港区白金３丁目９－１６フレッシュ白金１Ｆ,2021-08-31,株式会社
株式会社ＪＡＰＡＮ　ＩＤＥＡＬ,広島県安芸郡熊野町平谷１丁目１７番２７号,2021-08-31,株式会社
株式会社ＫＯＨネクストディベロップメント,東京都足立区興野２丁目２７番９号,2021-08-31,株式会社
株式会社ＬＩＫＥ　ＷＡＴＥＲ,東京都港区南青山５丁目４番１１号,2021-08-31,株式会社
株式会社ＬＴＰ,山口県山口市小郡下郷１２２３番地１（オーヴィジョン新山口駅グレイス３０５号）,2021-08-31,株式会社
株式会社Ｌａ　ｐａｕｓｅ,香川県高松市花ノ宮町２丁目１０番３０号,2021-08-31,株式会社
株式会社ＬｅＡＦ,東京都足立区千住曙町４０番１－２００８号,2021-08-31,株式会社
株式会社Ｌｉｂｅｒｔｅ,広島県広島市安佐北区落合南５丁目１３１４番地７,2021-08-31,株式会社
株式会社Ｌｏｎｄ,愛知県みよし市福田町杓子８８番地６,2021-08-31,株式会社
株式会社Ｌｕｄｉｑｕｅ,京都府宮津市字日置４２８８番地１,2021-08-31,株式会社
株式会社Ｍ４Ｕ,東京都文京区後楽２丁目１６番１号,2021-08-31,株式会社
株式会社ＭＡＮＪＥＥＴ　ＩＮＴＥＲＮＡＴＩＯＮＡＬ,埼玉県越谷市大字下間久里１２９番地９エスペランスＤ,2021-08-31,株式会社
株式会社ＭＡＳＡＫＡＤＯ,東京都江戸川区篠崎町５丁目６番２号,2021-08-31,株式会社
株式会社ＭＡＹホールディングス,東京都日野市西平山２丁目６番９７号,2021-08-31,株式会社
株式会社ＭＨＷ,神奈川県相模原市中央区相模原２丁目２番１６号,2021-08-31,株式会社
株式会社ＭＳＫ,大阪府泉大津市豊中町２丁目５番７号,2021-08-31,株式会社
株式会社Ｍａｒｉｙｅｌｌ,大阪府大阪市浪速区湊町１丁目２番１７－２３０９号,2021-08-31,株式会社
株式会社Ｍｉｌｋ．,秋田県大館市御成町２丁目１９番２６号,2021-08-31,株式会社
株式会社ＮＯＫＯＮＯＫＯ,福岡県福岡市博多区博多駅南３丁目２５番１１号ラグゼ博多駅南７０１号室,2021-08-31,株式会社
株式会社ＮＴ,岐阜県各務原市鵜沼西町１丁目４０７番地２,2021-08-31,株式会社
株式会社Ｎａｉ’ａ　Ｗｏｒｌｄ,東京都渋谷区松濤１丁目２８番２号,2021-08-31,株式会社
株式会社ＰＣＧＳ,神奈川県横浜市港北区新吉田町４３４９番地,2021-08-31,株式会社
株式会社ＰＲＯＧＲＥＳＳ,神奈川県川崎市中原区丸子通１丁目６６５番地,2021-08-31,株式会社
株式会社Ｐｅａｒｌ　ｓｏｆｔ,東京都台東区上野３丁目１４番２号,2021-08-31,株式会社
株式会社ＰｌａｎＤ,東京都渋谷区富ヶ谷１丁目４３番５－３１０号,2021-08-31,株式会社
株式会社Ｐｌｕｓ　Ｏｎｅ,岐阜県多治見市喜多町８丁目３５番地の１１,2021-08-31,株式会社
株式会社Ｐｒｏ’Ｚ　ＳＥＲＶＩＣＥ,東京都足立区谷中４丁目１６番３号,2021-08-31,株式会社
株式会社ＲＡＬＬＹ,東京都世田谷区尾山台３丁目２１番１１号フレグラント尾山台１０２,2021-08-31,株式会社
株式会社ＲＩＳＴ,大分県大分市坂ノ市南１丁目１３－１２,2021-08-31,株式会社
株式会社ＲＯＣＫ,兵庫県小野市下大部町８９６番地１,2021-08-31,株式会社
株式会社Ｒａｔｅｌ　ｐａｒｔｎｅｒｓ,高知県高知市高須西町３番１９号,2021-08-31,株式会社
株式会社Ｒｉｇｈｔ,群馬県伊勢崎市田部井町３丁目１６７番地ウィンクルＤ棟３号,2021-08-31,株式会社
株式会社ＳＡＮＵ　Ｋａｗａｇｕｃｈｉｋｏ１ｓｔ,東京都台東区蔵前２丁目１４番１３号,2021-08-31,株式会社
株式会社ＳＣＳ,福岡県北九州市門司区旧門司１丁目１１番２８号,2021-08-31,株式会社
株式会社ＳＥＡｓｋｙ,兵庫県神戸市兵庫区駅前通２丁目１番８－６１１号,2021-08-31,株式会社
株式会社ＳＥＣＯＮＤ,東京都中央区東日本橋２丁目２番１３－９０２号,2021-08-31,株式会社
株式会社ＳＨＩＮＳＥＩ,熊本県菊池市七城町流川４０６番地,2021-08-31,株式会社
株式会社ＳＴＡＲＴ　ＡＦＲＥＳＨ,奈良県奈良市あやめ池北３丁目１０番７号あやめ池ガーデンハイツ２０３,2021-08-31,株式会社
株式会社ＳＴＲＩＶＥ,神奈川県横浜市旭区左近山１５７番地５左近山団地４街区６棟５０２号,2021-08-31,株式会社
株式会社ＳＶａｌｕｅ,神奈川県茅ヶ崎市共恵１丁目１－５Ｂ．Ｌ．Ｄ．Ｎａｇａｓｈｉｍａ３０１,2021-08-31,株式会社
株式会社ＳＹＮＣＡ,静岡県浜松市中区元城町１１３番地の１０グランドガーデンカサブランカ２０２,2021-08-31,株式会社
株式会社Ｓｈｉｍｏｋａｗａ３ｏｆｆｉｃｅ,滋賀県彦根市蓮台寺町５０番２０号,2021-08-31,株式会社
株式会社Ｓｔａｒ　Ｃｏｎｆｉｄｅｎｃｅ,東京都北区赤羽西２丁目３０－７ｐｒｅｍｉｕｍｓａｋｕｒａ１０１,2021-08-31,株式会社
株式会社Ｓｔｒ．,埼玉県上尾市富士見２丁目１７番１４－９号,2021-08-31,株式会社
株式会社Ｔ’ｓ,大阪府大阪市中央区上町１丁目１２番１４号,2021-08-31,株式会社
株式会社ＴＨＣ　ＧＲＯＵＰ,東京都千代田区大手町１丁目６番１号,2021-08-31,株式会社
株式会社ＴＩＡＭ,大阪府岸和田市下松町１丁目１番１５号,2021-08-31,株式会社
株式会社ＴＹＡ,愛媛県宇和島市吉田町鶴間５４２番地１４,2021-08-31,株式会社
株式会社Ｔｉｅ　ｉｎｄｕｓｔｒｙ,福岡県那珂川市今光６丁目６４番２号,2021-08-31,株式会社
株式会社Ｗａｖｙ,東京都中央区銀座１丁目３－３Ｇ１ビル７階,2021-08-31,株式会社
株式会社Ｗｉｎｋｋｉｄｓ,大分県大分市小佐井２丁目１０番７号,2021-08-31,株式会社
株式会社Ｗｒａｉｔｈ,東京都港区東麻布２丁目３５番１号ＫＣビル６階,2021-08-31,株式会社
株式会社ｃｏｃｏｃｈｉｉｉ,徳島県徳島市川内町竹須賀９９番地の１,2021-08-31,株式会社
株式会社ｅｎ．,徳島県徳島市南田宮２丁目１番２４号,2021-08-31,株式会社
株式会社ｋｅｅｐ　ｔｈｅ　ｆａｉｔｈ,兵庫県川西市多田桜木２丁目３番２８号,2021-08-31,株式会社
株式会社ｌｅａ,東京都足立区中央本町４丁目１－３－１０２,2021-08-31,株式会社
株式会社ｍｅ　ａｎｄ,東京都渋谷区神宮前２丁目３３番５－４１２号,2021-08-31,株式会社
株式会社ｍｉｙａｂｉ,兵庫県姫路市保城４００番地５,2021-08-31,株式会社
株式会社ｍｏｒｅＨＥＡＲＴＳ,福岡県福岡市中央区大手門２丁目４－８ポルトデュボヌール４０１号,2021-08-31,株式会社
株式会社ｏｎｅ　ｃｏｎｓｕｌｔｉｎｇ　ｇｒｏｕｐ,東京都港区元赤坂１丁目４番２１号赤坂パレスビル３階,2021-08-31,株式会社
株式会社ｏｖｅｒ,大阪府藤井寺市野中１丁目２２９番地の１,2021-08-31,株式会社
株式会社ｔｕｎａ　ｇｏｏｄ,東京都渋谷区神宮前２丁目３３番５－４１２号,2021-08-31,株式会社
楓工業株式会社,岡山県倉敷市中島５８４番地５,2021-08-31,株式会社
楽彩株式会社,東京都足立区六町４丁目１２番１２号,2021-08-31,株式会社
歴史地域未来創造株式会社やまチ,北海道札幌市東区北六条東３丁目３番地１,2021-08-31,株式会社
浅井機工株式会社,大阪府大阪市西成区山王３丁目１７－１８,2021-08-31,株式会社
渡邊株式会社,埼玉県さいたま市南区南浦和３丁目２０番９号,2021-08-31,株式会社
源創株式会社,東京都葛飾区亀有１丁目１０－１１すまいる亀有１１号棟６０３室,2021-08-31,株式会社
特定非営利活動法人アクティブライフ,宮城県仙台市泉区泉ケ丘３丁目４番７号プラージュ泉１００１号,2021-08-31,その他の設立登記法人
特定非営利活動法人フェアネス・ラボ,東京都練馬区下石神井１丁目２番３号エテルナ・ルミエーラ５０７号,2021-08-31,その他の設立登記法人
特定非営利活動法人リーデーレ,東京都昭島市宮沢町３丁目１番１９号,2021-08-31,その他の設立登記法人
福島矢吹太陽光発電合同会社,東京都千代田区丸の内３丁目１番１号東京共同会計事務所内,2021-08-31,合同会社
福星商事株式会社,東京都品川区南大井３丁目３４－２菊地ビル２０１,2021-08-31,株式会社
篠株式会社,埼玉県戸田市上戸田５丁目２９番１０号,2021-08-31,株式会社
経営サポーターズ株式会社,東京都多摩市落合１丁目７番１２号,2021-08-31,株式会社
羽吉株式会社,大阪府大阪市北区天満２丁目１－１２天満橋ＳＥビル４階,2021-08-31,株式会社
羽成株式会社,大阪府大阪市北区天満２丁目１－１２天満橋ＳＥビル４階,2021-08-31,株式会社
羽田株式会社,大阪府大阪市北区天満２丁目１－１２天満橋ＳＥビル４階,2021-08-31,株式会社
羽石株式会社,大阪府大阪市北区天満２丁目１－１２天満橋ＳＥビル４階,2021-08-31,株式会社
行政書士法人山の手国際法務事務所,東京都豊島区西池袋１丁目２９－５山の手ビル４階Ｂ－Ｃ,2021-08-31,その他の設立登記法人
西会津マルクト企業組合,福島県耶麻郡西会津町新郷大字三河字戸中４７４７番地,2021-08-31,その他の設立登記法人
鉄リサイクル企業年金基金,東京都台東区蔵前１丁目７－７,2021-08-31,その他
銘源国際商事株式会社,埼玉県さいたま市緑区松木３丁目１４番地６４,2021-08-31,株式会社
鑽茂有限公司,大阪府大阪市中央区瓦屋町１丁目７１－１－８０１,2021-08-31,外国会社等
２ａｂａｙ株式会社,東京都中央区銀座１丁目２２番１１号銀座大竹ビジデンス２階,2021-08-31,株式会社
４ＣＡＰＩＴＡＬ　ＭＡＮＡＧＥＭＥＮＴ合同会社,東京都新宿区歌舞伎町１丁目１番１５－８０３号,2021-08-31,合同会社
Ａ‐ＶＥＮＴＵＲＥＳ株式会社,青森県青森市小柳３丁目１７番９号,2021-08-31,株式会社
ＡＫ　ＴＯＫＹＯ合同会社,茨城県下妻市本城町１丁目３番地シティハイツ初沢Ａ棟１０１号室,2021-08-31,合同会社
ＡＫＢプラチナ合同会社,東京都港区西新橋１丁目２番９号メンターキャピタル税理士法人内,2021-08-31,合同会社
Ａｄｍｅｓｙ　Ｊａｐａｎ合同会社,東京都港区元麻布３丁目１番６号,2021-08-31,合同会社
Ａｉｓｉｎ　Ａｕｔｏｍｏｔｉｖｅ　Ｈａｒｙａｎａ　Ｐｒｉｖａｔｅ　Ｌｉｍｉｔｅｄ,,2021-08-31,外国会社等
Ａｏ合同会社,東京都港区浜松町２丁目２番１５号浜松町ダイヤビル２Ｆ,2021-08-31,合同会社
ＢＡＬＳ　ＩＮＴＥＲＮＡＴＩＯＮＡＬ　ＬＩＭＩＴＥＤ,東京都港区南青山５丁目１７番１２号リオン南青山４０１号,2021-08-31,外国会社等
ＢＲＡＮＤ　ＯＮＥ株式会社,埼玉県川口市西青木３丁目３番６号,2021-08-31,株式会社
ＣＳ企画株式会社,石川県金沢市古府町南１００４番地３,2021-08-31,株式会社
Ｃａｓａ　Ｂｌａｎｃａ合同会社,神奈川県横浜市青葉区藤が丘１丁目８番地５ブラッサムコーポ藤が丘４０６,2021-08-31,合同会社
Ｃｈａｎｇｅ８株式会社,静岡県焼津市越後島４７０番地,2021-08-31,株式会社
Ｅ‐Ｅインポート株式会社,神奈川県横須賀市浜見台２丁目５番８号,2021-08-31,株式会社
ＥＳＲ１０１一般社団法人,東京都中央区日本橋１丁目４番１号日本橋一丁目ビルディング,2021-08-31,その他の設立登記法人
Ｆｕｌｆｉｌｄ株式会社,東京都渋谷区神宮前６丁目２３番４号桑野ビル２階,2021-08-31,株式会社
ＧＩＧＡＮＴ株式会社,大阪府大阪市浪速区日本橋西１丁目８番６－２０１号,2021-08-31,株式会社
Ｇｏｌｚｙ株式会社,東京都豊島区東池袋１丁目４２－１４－２８山京ビル７階,2021-08-31,株式会社
Ｈａｒｖｅｓｔ　Ｔｒａｄｉｎｇ合同会社,東京都世田谷区桜新町１丁目１－６,2021-08-31,合同会社
Ｉ‐ＭＡＤＯコーポレーション株式会社,東京都世田谷区東玉川１丁目３６番２号,2021-08-31,株式会社
ＩＣＣ税理士法人,東京都千代田区三番町１番地１７パークサイドアネックス４Ｂ,2021-08-31,その他の設立登記法人
ＩＷＡＶＥ合同会社,東京都調布市国領町７丁目５５番地４２,2021-08-31,合同会社
ＫＯＫＵＡ合同会社,京都府京都市西京区松室扇田町２０番１号,2021-08-31,合同会社
ＬＵＴＨＥＲ２株式会社,東京都千代田区丸の内２丁目３番２号郵船ビルディング１階,2021-08-31,株式会社
Ｍ＆Ｍ株式会社,東京都中央区晴海３丁目１３番１－４５１０号,2021-08-31,株式会社
ＭＯＴＡＳ　ＧＲＯＵＰ株式会社,神奈川県鎌倉市津西１丁目１９番８号,2021-08-31,株式会社
ＭＹＳＴ合同会社,東京都江東区木場３丁目１５番４号,2021-08-31,合同会社
Ｍａｘｉｍ　Ｉｎｔｅｇｒａｔｅｄ　Ｐｒｏｄｕｃｔｓ，Ｉｎｔｅｒｎａｔｉｏｎａｌ　Ｌｔｄ．,,2021-08-31,外国会社等
Ｍｅｇｕ‐Ｒａｉｎ合同会社,埼玉県坂戸市清水町５番８－４０３号コンドミニアムカネマタ,2021-08-31,合同会社
Ｍｉｎｅｒｖａ　Ｇａｍｅｓ　ＪＡＰＡＮ株式会社,東京都千代田区二番町５番地２麹町駅プラザ９０１,2021-08-31,株式会社
ＮＧＯＣ　ＨＯＡＮＧ合同会社,千葉県成田市花崎町７５０番地３４,2021-08-31,合同会社
ＮＫカスタマーマーケティング合同会社,大阪府大阪市中央区南船場３丁目２－２８ＮＩＰＰＯタイヨービル５１１号,2021-08-31,合同会社
ＮＰＯ法人動物愛護団体ＮＹＡＮＳ,福岡県福岡市中央区高砂１丁目１５番２７号西南ビル２０２号,2021-08-31,その他の設立登記法人
ＮＰＯ法人ＤＡＹＳ,千葉県船橋市印内町６６８番地１ファミール西船橋六番館８０２号,2021-08-31,その他の設立登記法人
Ｎｏ８株式会社,大阪府大阪市中央区東心斎橋２丁目６－１９－１１１,2021-08-31,株式会社
ＲＴｙｐｅ合同会社,山梨県甲府市城東３丁目１６－３０ダイアパレス甲府城東Ⅱ４０３,2021-08-31,合同会社
Ｒｉｃｈｋｅｙ株式会社,東京都港区西新橋２丁目３４番８号,2021-08-31,株式会社
ＳＡＭプロジェクト１号合同会社,東京都中央区日本橋２丁目７番１号,2021-08-31,合同会社
ＳｔａｒｒｙＳｔｏｒｙ合同会社,神奈川県横浜市神奈川区七島町２６番地,2021-08-31,合同会社
ＴＭエナジーパワー株式会社,大阪府大阪市浪速区塩草３丁目９－２３ソラーレＮ８０１,2021-08-31,株式会社
ＴＯＫＹＯ　ＩＮＴＥＲＮＡＴＩＯＮＡＬ　ＳＥＲＶＩＣＥ合同会社,東京都新宿区百人町１丁目２０番１１号,2021-08-31,合同会社
ＵＺ合同会社,鳥取県岩美郡岩美町大字網代１１８－６１,2021-08-31,合同会社
ＹＯＲＯ株式会社,福岡県久留米市梅満町７４４番地２,2021-08-31,株式会社
ＹＵＭ株式会社,東京都新宿区新宿７丁目１８番６号ドルチェ新宿４０１,2021-08-31,株式会社
ａｖａｔｅｃｌ株式会社,和歌山県和歌山市西浜１丁目３番３３号,2021-08-31,株式会社
ｅｎ　ｒａｐｐｏｒｔ合同会社,兵庫県姫路市青山西３丁目８番７号,2021-08-31,合同会社
ｋｙｏｕ　ｍａｒｕｔ合同会社,香川県高松市西植田町３０４４番地１３,2021-08-31,合同会社
ｎａｎｉ株式会社,東京都あきる野市野辺１２５５番地５５,2021-08-31,株式会社
