法人名,住所,設立日,法人種別
さくら東京株式会社,東京都小金井市貫井南町１丁目２７番１４号ブルースカイ大沢１０１,2019-12-02,株式会社
さざんか特定目的会社,東京都千代田区丸の内３丁目１番１号東京共同会計事務所内,2019-12-02,その他の設立登記法人
ら・プラス株式会社,兵庫県芦屋市西山町１１番１７号シャンブル芦屋３０１号,2019-12-02,株式会社
わくわくわーくす株式会社,静岡県富士市荒田島町１０番２７号,2019-12-02,株式会社
アダプト・ソリューションズ合同会社,奈良県桜井市大字生田３０番地の４の２,2019-12-02,合同会社
アプロ不動産株式会社,石川県金沢市四十万５丁目１７４番地２,2019-12-02,株式会社
アベックス株式会社,東京都江戸川区篠崎町８丁目１１番２２号１Ｆ,2019-12-02,株式会社
アルゴダリオ合同会社,大阪府大阪市北区梅田１丁目１１番４号大阪駅前第４ビル９階９２３,2019-12-02,合同会社
アーサーデザイン株式会社,長野県諏訪郡富士見町立沢１番地５５４,2019-12-02,株式会社
アール・ワン合同会社,東京都中央区東日本橋２丁目２１－１－８０２,2019-12-02,合同会社
イメキ株式会社,広島県広島市中区広瀬町１番３３号,2019-12-02,株式会社
ウェブリープ合同会社,長崎県五島市武家屋敷１丁目７番１２号セレンディップホテル五島１階,2019-12-02,合同会社
エポー合同会社,奈良県香芝市別所１０５４番地,2019-12-02,合同会社
エーケーコーポレーション合同会社,長野県上田市仁古田１５４２番地,2019-12-02,合同会社
オークプレイス株式会社,神奈川県川崎市川崎区大島上町２番１－５０１号オークプレイス,2019-12-02,株式会社
ケイアイクリーン株式会社,大阪府大阪市淀川区西宮原２丁目５番４６－２２７号,2019-12-02,株式会社
ケント株式会社,愛知県知多市日長字穴田４９番地の６,2019-12-02,株式会社
コペルアセットマネジメント株式会社,東京都世田谷区下馬３丁目４番３号,2019-12-02,株式会社
サニー測量リサーチ株式会社,東京都世田谷区若林１丁目８番２号,2019-12-02,株式会社
ジェイズアセットマネジメント合同会社,埼玉県川口市長蔵２丁目２３番３号パームガーデン３０４号室,2019-12-02,合同会社
ジェイプラスインターナショナル株式会社,東京都渋谷区恵比寿１丁目１９番１９号,2019-12-02,株式会社
ジットンコンサルティング株式会社,大阪府大阪市天王寺区生玉前町１番１８－５０３号,2019-12-02,株式会社
スタイル株式会社,静岡県浜松市南区立野町４８番地,2019-12-02,株式会社
スタンディングハート合同会社,広島県福山市延広町４番２０号久松ビル１階,2019-12-02,合同会社
スプラウト合同会社,兵庫県西宮市小曽根町１丁目５番２８－６０８号,2019-12-02,合同会社
セヌディジャパンランカ合同会社,千葉県成田市芦田２１０２番地１,2019-12-02,合同会社
センチュリー弁護士法人,東京都千代田区大手町１丁目７番２号東京サンケイビル２５階,2019-12-02,その他の設立登記法人
セーフティーワークス株式会社,千葉県柏市金山８３９－１,2019-12-02,株式会社
デンタルアート合同会社,埼玉県上尾市向山３丁目１５番地４０,2019-12-02,合同会社
トレースエンジニアリング株式会社,静岡県浜松市中区高林３丁目１３番１０号２Ｆ,2019-12-02,株式会社
ナムチャバルワ株式会社,東京都品川区西五反田１丁目２３番７号五反田シティトラストビル５Ｆ,2019-12-02,株式会社
ネイビーホテルズ合同会社,東京都杉並区高円寺南４丁目２８番１１号,2019-12-02,合同会社
ハートケアライフサポート株式会社,東京都世田谷区南烏山６丁目３０番２６－６０１号,2019-12-02,株式会社
ヒューマンセキュリティ株式会社,東京都豊島区北大塚２丁目１６番４号,2019-12-02,株式会社
ヒラリオンネットワーク合同会社,北海道札幌市手稲区曙三条３丁目１２番１８号,2019-12-02,合同会社
ヒロシエンジニアリング株式会社,神奈川県川崎市幸区南幸町３丁目１番地,2019-12-02,株式会社
ビーラウンド株式会社,埼玉県川口市朝日１丁目７番６号,2019-12-02,株式会社
フィッシュサプライ合同会社,東京都渋谷区東４丁目８－８第２プロスパーハウスニムラ１０３,2019-12-02,合同会社
フジスイコウ株式会社,兵庫県神戸市西区岩岡町古郷１９３８番地,2019-12-02,株式会社
ブレステイキングジャパン合同会社,東京都世田谷区奥沢２丁目３７－９ニュータカミビル１Ｂ,2019-12-02,合同会社
マリアナリサーチ＆インベストメント株式会社,東京都豊島区巣鴨１丁目１８番８－４０２号巣鴨ＳＹマンション,2019-12-02,株式会社
モートパイン合同会社,東京都世田谷区駒沢公園１番１号,2019-12-02,合同会社
ヤワタセンター合同会社,群馬県高崎市八幡町１１５５番地５,2019-12-02,合同会社
リトアス株式会社,大阪府和泉市葛の葉町１丁目４番４１－３号,2019-12-02,株式会社
リープ株式会社,大阪府三島郡島本町大字東大寺８６番地の１,2019-12-02,株式会社
ルフレ合同会社,福岡県福岡市中央区春吉２丁目４番１１号,2019-12-02,合同会社
レディネス・エンターテインメント株式会社,東京都渋谷区本町１丁目２７番２号－２０７号室,2019-12-02,株式会社
ロイン株式会社,大阪府岸和田市下松町１丁目１６番２７号,2019-12-02,株式会社
一般社団法人さくらサポートセンター,静岡県静岡市清水区押切１９４５番地,2019-12-02,その他の設立登記法人
一般社団法人イントロデュースアソシエーション,愛知県名古屋市中区上前津２丁目４番６号伊正ビル東館２階,2019-12-02,その他の設立登記法人
一般社団法人インバウンド観光総研,東京都港区三田２丁目１５番４５号６３８Ａ,2019-12-02,その他の設立登記法人
一般社団法人オーディナリー,奈良県橿原市白橿町６丁目１番１２号,2019-12-02,その他の設立登記法人
一般社団法人グローバルキャリアクリエイト,神奈川県相模原市緑区橋本４丁目２１番１５号,2019-12-02,その他の設立登記法人
一般社団法人グローバル・ティーチャー・プライズ・ジャパン,東京都豊島区巣鴨１丁目９番地１号,2019-12-02,その他の設立登記法人
一般社団法人ゼロ・ウェイスト・ジャパン,東京都新宿区新宿４丁目３番１５号レイフラット新宿Ｂ棟３階,2019-12-02,その他の設立登記法人
一般社団法人人生１００年設計支援協会,東京都港区六本木４丁目３－１１六本木ユニハウス２２３,2019-12-02,その他の設立登記法人
一般社団法人今帰仁腹門中,沖縄県糸満市字潮平４５２番地,2019-12-02,その他の設立登記法人
一般社団法人千葉県在宅サービス事業者協会,千葉県千葉市中央区千葉港４番３号,2019-12-02,その他の設立登記法人
一般社団法人国際免許情報センター,東京都港区六本木７丁目７番７号,2019-12-02,その他の設立登記法人
一般社団法人地域承継アドバイザー協会,東京都港区浜松町２丁目２番１５号浜松町ダイヤビル２Ｆ,2019-12-02,その他の設立登記法人
一般社団法人奇跡のＢクラブ,東京都目黒区自由が丘１丁目１４番２－４０６号,2019-12-02,その他の設立登記法人
一般社団法人学びや,東京都大田区中央８丁目３２番１７－２０３号,2019-12-02,その他の設立登記法人
一般社団法人日本障害者就労支援事業所協会,東京都中央区日本橋茅場町１丁目８番３号郵船茅場町ビル６階,2019-12-02,その他の設立登記法人
一般社団法人未来を創る緑と文化の会,神奈川県川崎市高津区久地１丁目４番１９号,2019-12-02,その他の設立登記法人
一般社団法人海外高度人材育成支援センター,東京都大田区西蒲田７丁目９番５号－５０４,2019-12-02,その他の設立登記法人
一般社団法人銀座スポーツ吹矢倶楽部,東京都中央区銀座３丁目８番１２号,2019-12-02,その他の設立登記法人
一般社団法人鳳山会,大分県大分市高江中央１丁目１３０４番地の１,2019-12-02,その他の設立登記法人
一般社団法人ＳＧＷ,北海道札幌市中央区大通西８丁目２番地２４,2019-12-02,その他の設立登記法人
一般社団法人ＳＴＵＤＩＯ　ＣＵＢＥ,北海道小樽市住吉町１０番４号医療法人社団豊治会あかり歯科オフィス内,2019-12-02,その他の設立登記法人
一般社団法人Ｗ．Ｉ．Ｌ,大阪府大阪市淀川区東三国２丁目１０番３－１１０７号,2019-12-02,その他の設立登記法人
一般社団法人ｎｏｒ,東京都世田谷区奥沢６丁目２番１９号アマランタイン自由が丘１０３号,2019-12-02,その他の設立登記法人
一般財団法人海外人材教育支援機構,東京都西東京市芝久保町２丁目２番１５－１０５号,2019-12-02,その他の設立登記法人
三和株式会社,東京都武蔵野市境南町２丁目３番１４号グローリア初穂武蔵境１１０２号室,2019-12-02,株式会社
丸一タクシー合同会社,沖縄県石垣市字登野城２番地３６,2019-12-02,合同会社
丸正製粉ホールディングス株式会社,岡山県岡山市南区築港元町７番３０号,2019-12-02,株式会社
作塗株式会社,長野県北佐久郡軽井沢町大字長倉５７６３番地,2019-12-02,株式会社
医療法人まえの眼科,福岡県北九州市八幡東区桃園１丁目５番１１号,2019-12-02,その他の設立登記法人
医療法人安元内科・胃腸クリニック,福岡県福岡市博多区吉塚本町１３番２７号,2019-12-02,その他の設立登記法人
医療法人横山裕クリニック,福岡県福岡市博多区博多駅中央街１番１号新幹線博多ビル５階,2019-12-02,その他の設立登記法人
医療法人社団こひつじ,兵庫県川辺郡猪名川町若葉１丁目３０番地１０,2019-12-02,その他の設立登記法人
医療法人社団岩田歯科医院,兵庫県姫路市城北本町１０番２号,2019-12-02,その他の設立登記法人
医療法人社団慈慧克会,兵庫県神戸市東灘区御影２丁目１６番１５号,2019-12-02,その他の設立登記法人
医療法人社団星林会,神奈川県厚木市温水１０１６番地,2019-12-02,その他の設立登記法人
医療法人社団泰泉会,熊本県上益城郡御船町大字御船９３５番地,2019-12-02,その他の設立登記法人
医療法人香英会,兵庫県西宮市南昭和町３番１８号アーチ岡田ビル１０１号,2019-12-02,その他の設立登記法人
合同会社しげちゃん,徳島県吉野川市山川町宮島１７２番地,2019-12-02,合同会社
合同会社つばさ,東京都葛飾区四つ木５丁目２０番１８－３０７号ローレルコートお花茶屋,2019-12-02,合同会社
合同会社にく亭,大分県大分市大字三佐字新港２４０５番地の２,2019-12-02,合同会社
合同会社みえじ,神奈川県横浜市港南区芹が谷１丁目１１番２－４０２号,2019-12-02,合同会社
合同会社めぐりっく,香川県高松市春日町１３３７－３,2019-12-02,合同会社
合同会社れみはぁ,東京都練馬区南大泉２丁目２３番７号,2019-12-02,合同会社
合同会社イノイチ,東京都台東区西浅草３丁目１２番８号,2019-12-02,合同会社
合同会社エフティースタンダード,東京都大田区蒲田３丁目２０番４号,2019-12-02,合同会社
合同会社エムスリーコム,東京都豊島区東池袋３丁目２０番９号,2019-12-02,合同会社
合同会社オールビー,埼玉県川口市東川口２丁目１３番２２号,2019-12-02,合同会社
合同会社クニガタ,静岡県浜松市西区篠原町９２８１番地,2019-12-02,合同会社
合同会社サンサン・エルデ,静岡県浜松市浜北区染地台１丁目２７番１号,2019-12-02,合同会社
合同会社スターメディカル,大阪府大阪市北区梅田１丁目８番１６号ヒルトンプラザイースト５階,2019-12-02,合同会社
合同会社ディアゲスト,東京都中央区銀座８丁目１８番３号,2019-12-02,合同会社
合同会社デイサービス家族,鹿児島県鹿児島市吉野町７６４番地１,2019-12-02,合同会社
合同会社ドリームＢＥＧＩＮＳ,愛知県名古屋市北区尾上町１番地の２,2019-12-02,合同会社
合同会社ハイローズ,東京都渋谷区広尾４丁目１番６－６０３号,2019-12-02,合同会社
合同会社ハリーＡＮＤケン,神奈川県鎌倉市扇ガ谷１丁目２番１号モンベール２０１,2019-12-02,合同会社
合同会社ハーモニー企画,北海道千歳市春日町２丁目６番８－２０４号,2019-12-02,合同会社
合同会社ヒュー,東京都品川区大崎２丁目９番２－３０１号,2019-12-02,合同会社
合同会社ピーシーズ,静岡県浜松市東区天龍川町８４５番地,2019-12-02,合同会社
合同会社マツナワ,新潟県新潟市東区もえぎ野３丁目２番２７号,2019-12-02,合同会社
合同会社メディカルボンド,東京都港区浜松町２丁目２番１５号,2019-12-02,合同会社
合同会社ユニークモータース,千葉県富里市久能１９４番地３９,2019-12-02,合同会社
合同会社ヴァンダール,千葉県流山市おおたかの森北３丁目４０番地の１４,2019-12-02,合同会社
合同会社不死乃王,大阪府枚方市長尾元町３丁目５７番１２号,2019-12-02,合同会社
合同会社吉本アートファクトリー,兵庫県三田市あかしあ台３丁目２７番地２・４棟３０３号,2019-12-02,合同会社
合同会社味神龍,三重県亀山市関町木崎１７９３番地６,2019-12-02,合同会社
合同会社大笑,神奈川県厚木市王子１丁目１１番１３号,2019-12-02,合同会社
合同会社奏の杜,東京都武蔵野市中町１丁目３－２ハウスプランニングビル４０１号,2019-12-02,合同会社
合同会社室町鳳凰堂,東京都中央区日本橋室町１丁目１１番１５号２０１,2019-12-02,合同会社
合同会社寒山１号,東京都千代田区五番町５番地６－３０７,2019-12-02,合同会社
合同会社山桜岡山,岡山県岡山市中区国府市場２６８番地５,2019-12-02,合同会社
合同会社川上,京都府京都市中京区夷川通高倉西入ル山中町５５０番地ＧＦビル４Ｆ,2019-12-02,合同会社
合同会社暁鐘,東京都世田谷区成城９丁目２７番２号,2019-12-02,合同会社
合同会社札幌タウンコーチ,北海道札幌市南区真駒内柏丘１０丁目２番１－４０３号,2019-12-02,合同会社
合同会社藤本,兵庫県朝来市山東町与布土７７８番地,2019-12-02,合同会社
合同会社音と生活,東京都中野区松が丘２丁目１２番９号,2019-12-02,合同会社
合同会社４１,東京都千代田区神田三崎町１丁目２番９号ＭＳビル,2019-12-02,合同会社
合同会社Ａ７ＳＳ,京都府乙訓郡大山崎町字円明寺小字脇山１－１３６,2019-12-02,合同会社
合同会社ＢＥＮＩ,東京都西東京市向台町３丁目５番２７－６４５号,2019-12-02,合同会社
合同会社ＣＡＭＰＵＳ,東京都調布市佐須町４丁目３０番地６シャトルタナカ１０９,2019-12-02,合同会社
合同会社ＤＥＫＩ－ＩＣＨＩ,新潟県新潟市中央区出来島２丁目１４番１６号アルゴ天神山１Ｆ－Ｂ１,2019-12-02,合同会社
合同会社ＤＭＬ,東京都世田谷区池尻２丁目３４番１８号,2019-12-02,合同会社
合同会社ＤＲＡＩＶ,東京都渋谷区西原３丁目４０番２１号コート徳川山１０２,2019-12-02,合同会社
合同会社ＩＫＥＢＵＫＵＲＯ　ＴＨＡＮＨ,東京都豊島区西池袋５丁目１３番９,2019-12-02,合同会社
合同会社Ｋ・Ｙ・Ｍ,北海道札幌市中央区南六条東２丁目６番地５サンコート南６条弐番館８０１号,2019-12-02,合同会社
合同会社ＫＹＴ,大阪府大阪市城東区今福東３丁目１番２５号メゾンドヴィル今福５０１号,2019-12-02,合同会社
合同会社Ｌａｕｇｈｔｅｒｂｉｒｄ,東京都目黒区駒場１丁目１番１６号－２０６,2019-12-02,合同会社
合同会社ＭＡＨＡＬＯ,大阪府大阪市住之江区南港中４丁目７番２３－９０４号,2019-12-02,合同会社
合同会社ＭＩＨＡＲＵ　Ｓｕｐｐｏｒｔ,愛知県碧南市中後町４丁目３９番地４,2019-12-02,合同会社
合同会社ＭＵＳＡＳＨＩＮＯ会計,東京都小金井市東町４丁目４５番１２－３０４号ブライトコート,2019-12-02,合同会社
合同会社ＮａｋａＶｉｌｌａｇｅ,東京都練馬区高松２丁目２１番１７号オリジンドゥテンプルⅡ３０３,2019-12-02,合同会社
合同会社ＲｅＢｅａｕｔｈ,神奈川県川崎市中原区市ノ坪６６番地５ライオンズマンション武蔵小杉第二２１１号室,2019-12-02,合同会社
合同会社Ｓ・Ｔ　Ａｕｔｏ　Ｓｅｒｖｉｃｅ,宮城県塩竈市舟入１丁目１１番１号,2019-12-02,合同会社
合同会社ＳＡＮＯ,島根県出雲市高岡町８９番地２,2019-12-02,合同会社
合同会社ＳＥＮ,京都府長岡京市長岡２丁目１１番２５－２０８号ジオ長岡天神,2019-12-02,合同会社
合同会社Ｔ・Ｓ,神奈川県川崎市川崎区宮前町７番５号戸隠ビル３０３号,2019-12-02,合同会社
合同会社ＴＹＫ,神奈川県川崎市麻生区白鳥４丁目１５番１９号１０２,2019-12-02,合同会社
合同会社ＷｏｒｌＤ　ＭａＰ,大阪府枚方市宮之阪３丁目１番３０－２０８号,2019-12-02,合同会社
合同会社ｎｅｉｇｅ,神奈川県川崎市川崎区駅前本町１８‐１‐１００５,2019-12-02,合同会社
合同会社ｗｅｌｌ－ｇａｔｅ．ｃｏｒｐｏｒａｔｉｏｎ,神奈川県川崎市中原区井田３丁目７番２６号,2019-12-02,合同会社
合同会社ｗｉｔｈ,愛知県豊田市松平志賀町マゴイチ８番地３,2019-12-02,合同会社
吉野興業株式会社,千葉県千葉市花見川区幕張本郷７丁目１７番１２号,2019-12-02,株式会社
名遠株式会社,沖縄県宜野湾市大山６丁目８番１号エヌエイチオフィスビル３Ｆ夢空間Ｄ‐０６室,2019-12-02,株式会社
夢繁合同会社,岡山県岡山市北区西古松２丁目２６番地２２号上杉第七ビル西古松５０１,2019-12-02,合同会社
大鳥ハウジング合同会社,大阪府堺市中区深井水池町３２２６番地,2019-12-02,合同会社
山水清株式会社,群馬県沼田市西原新町１５２３－１,2019-12-02,株式会社
山陽コンサルティング株式会社,広島県広島市中区舟入幸町１４番２７号,2019-12-02,株式会社
常陸金属株式会社,茨城県常陸大宮市下村田８８９番地,2019-12-02,株式会社
広芝ホールディングス株式会社,東京都港区麻布台２丁目３番２２号,2019-12-02,株式会社
弁護士法人シリウス総合法律事務所,東京都千代田区麹町５丁目３番地３麹町ＫＳスクエア４階,2019-12-02,その他の設立登記法人
弁護士法人ソシア,東京都港区虎ノ門５丁目１１番１１号岩崎ビル４階,2019-12-02,その他の設立登記法人
弾指テクノロジー株式会社,大阪府大阪市中央区島之内１丁目１５－１０－５０２,2019-12-02,株式会社
慕晟株式会社,東京都練馬区豊玉北５丁目２９番４号井門練馬ビル６階税理士法人経営サポートプラスアルファ内,2019-12-02,株式会社
新橋国際医療サービス株式会社,大阪府八尾市桜ヶ丘１丁目９４番コーエイパレス桜ヶ丘５Ａ室,2019-12-02,株式会社
日本新宏株式会社,大阪府大阪市西区江戸堀１丁目９番６号,2019-12-02,株式会社
日鮮商貿株式会社,北海道札幌市北区屯田九条１０丁目２番１－１０１号,2019-12-02,株式会社
春見株式会社,大阪府大阪市中央区東心斎橋１丁目３番５号,2019-12-02,株式会社
有限会社新栄家具,愛知県名古屋市瑞穂区浮島町１３番１９号,2019-12-02,有限会社
有限会社貝塚電気工事,静岡県磐田市東貝塚１０３４番地の１２,2019-12-02,有限会社
未来ビューロー株式会社,京都府京都市中京区梅忠町２４番地４階,2019-12-02,株式会社
本田電機株式会社,東京都立川市錦町２丁目８番２２号,2019-12-02,株式会社
東京レジ１１合同会社,東京都千代田区丸の内３丁目１番１号東京共同会計事務所内,2019-12-02,合同会社
東京レジ１２合同会社,東京都千代田区丸の内３丁目１番１号東京共同会計事務所内,2019-12-02,合同会社
株式会社あろは,北海道札幌市北区新琴似八条１丁目１番４８号,2019-12-02,株式会社
株式会社えんや,東京都中野区鷺宮３丁目３５番２号,2019-12-02,株式会社
株式会社おさまる総合建材,沖縄県宜野湾市愛知２丁目１８番４９－２０６号メゾン・リベルテ愛知・ルエール,2019-12-02,株式会社
株式会社こころわ,東京都品川区西五反田８丁目２番１２号アール五反田７Ａ,2019-12-02,株式会社
株式会社さくらスターＡＭ,千葉県佐倉市王子台３丁目１１番地１４,2019-12-02,株式会社
株式会社ささお部品商会,宮崎県西都市聖陵町１丁目８６番地,2019-12-02,株式会社
株式会社すみ,愛知県江南市宮田神明町栄８２番地,2019-12-02,株式会社
株式会社せっけん,奈良県奈良市疋田町２丁目１番５０号,2019-12-02,株式会社
株式会社つるや,広島県福山市西新涯町２丁目５番１０号,2019-12-02,株式会社
株式会社てるひろ,広島県広島市中区舟入幸町１４番２７号,2019-12-02,株式会社
株式会社にしもく,鹿児島県霧島市国分中央６丁目４番２２－４号,2019-12-02,株式会社
株式会社ぱとえ,大阪府貝塚市王子４７６番地５７,2019-12-02,株式会社
株式会社みやび設備,東京都杉並区井草３丁目４－２第２塩谷ビル１階,2019-12-02,株式会社
株式会社りぐらっく,東京都品川区荏原６丁目１８番２０号アクアベールⅡ３０５,2019-12-02,株式会社
株式会社アイヒーティング,福岡県糸島市東１９６３－４,2019-12-02,株式会社
株式会社アギシキ,沖縄県中頭郡嘉手納町字水釜５６２－３,2019-12-02,株式会社
株式会社アクセンディ,東京都千代田区六番町１１番地３,2019-12-02,株式会社
株式会社アクトジャパン,沖縄県那覇市西１丁目１７番１１号レジデンス西町６０３,2019-12-02,株式会社
株式会社アシストサービス,大分県大分市大字光吉１９１３番地の１８６,2019-12-02,株式会社
株式会社アスリード,東京都豊島区東池袋２丁目３９番２号マルミビル３階Ｂ号室,2019-12-02,株式会社
株式会社アリスガーデン,神奈川県川崎市川崎区宮本町６番地３,2019-12-02,株式会社
株式会社アークフォワード,千葉県柏市宿連寺３５７番地３,2019-12-02,株式会社
株式会社イナイ,東京都中野区上高田３丁目１４番６号,2019-12-02,株式会社
株式会社イワサホールディングス,岐阜県羽島郡岐南町八剣９丁目３５番地,2019-12-02,株式会社
株式会社ウイン・クリエイト,神奈川県横浜市磯子区滝頭２丁目５番９ー２０２号,2019-12-02,株式会社
株式会社エムエーラボラトリー,東京都港区六本木３丁目１６番１３号,2019-12-02,株式会社
株式会社エムズターブル,東京都大田区南馬込４丁目３７番４号,2019-12-02,株式会社
株式会社オフイチ,東京都中野区中央２丁目４９番１６号メゾン川本２０２,2019-12-02,株式会社
株式会社オーバーテイク,茨城県稲敷市柴崎７２１８番地３５,2019-12-02,株式会社
株式会社オーバーラージ,東京都世田谷区桜上水３丁目９番２１号,2019-12-02,株式会社
株式会社カーファクトリー・チャレンジ,長野県松本市村井町北２丁目１番６０号,2019-12-02,株式会社
株式会社キタガワ,京都府京都市西京区桂上野西町２７１番地桂川マンション１０１号,2019-12-02,株式会社
株式会社キム＆アオ・ホールディングス,大阪府堺市西区津久野町３丁１３番６号,2019-12-02,株式会社
株式会社キープラスパー,栃木県小山市駅東通り２丁目８番１号小山ステーションヒルズ２０２,2019-12-02,株式会社
株式会社クニカレイビス,大阪府大阪市住吉区帝塚山西２丁目１３番１４号,2019-12-02,株式会社
株式会社クニカ・シービー,大阪府大阪市住吉区帝塚山西２丁目１３番１４号,2019-12-02,株式会社
株式会社クレフォーム,東京都世田谷区北沢２丁目１０番１５号,2019-12-02,株式会社
株式会社グラス,東京都世田谷区玉川台２丁目８番１８号,2019-12-02,株式会社
株式会社グリーナーズ,神奈川県藤沢市辻堂西海岸３丁目１番４１号５２２号室,2019-12-02,株式会社
株式会社グレイスヴィラ,兵庫県神戸市北区有野町唐櫃３９０番地,2019-12-02,株式会社
株式会社グローウェル,広島県広島市南区京橋町５番１２－２０１号,2019-12-02,株式会社
株式会社グロースシェア・アセットマネジメント,東京都新宿区西新宿６丁目２５番８－１００６号,2019-12-02,株式会社
株式会社コアネットソリューション,東京都品川区西五反田１丁目３０番６号,2019-12-02,株式会社
株式会社コードリブズ,神奈川県横浜市西区高島２丁目１１－２スカイメナー横浜４２２,2019-12-02,株式会社
株式会社ゴールデンフィールド,三重県桑名市有楽町５２番地ライオンズ桑名駅前グランフォート２０３号,2019-12-02,株式会社
株式会社サンテック関西,兵庫県川西市矢問３丁目５番２５号,2019-12-02,株式会社
株式会社サードアイズエンジニアリング,東京都立川市錦町６丁目８番２１号,2019-12-02,株式会社
株式会社ザフラン,埼玉県八潮市中央４丁目１２番地１８,2019-12-02,株式会社
株式会社シーテック,北海道札幌市厚別区厚別中央四条２丁目２４－１５－３０２パーソナルハイツ新札幌,2019-12-02,株式会社
株式会社シーファイブ,東京都台東区東上野３丁目３７番９号かみちビル４Ｆ,2019-12-02,株式会社
株式会社ジョイエイト,神奈川県厚木市旭町１丁目１５番８号,2019-12-02,株式会社
株式会社ジーコネクト,神奈川県横浜市中区太田町６丁目７３番地,2019-12-02,株式会社
株式会社ジーサポート,茨城県水戸市河和田町４４２１番地５,2019-12-02,株式会社
株式会社スタート,北海道札幌市豊平区豊平六条６丁目１番２３－１１０１号,2019-12-02,株式会社
株式会社ゼプト,愛知県名古屋市北区中丸町１丁目１番地１－６２０,2019-12-02,株式会社
株式会社タイムズＭ,大阪府大阪市西成区萩之茶屋１丁目６番１５号２Ｆ,2019-12-02,株式会社
株式会社タムテックホールディングス,高知県須崎市大間本町１３番１９号,2019-12-02,株式会社
株式会社チャーム,兵庫県宝塚市梅野町４番２９－９０９号,2019-12-02,株式会社
株式会社ツクーロ,宮崎県都城市大王町９－１８－１Ｆ,2019-12-02,株式会社
株式会社ティー・ダブル,神奈川県藤沢市本町１丁目１０番８～３号２Ｆ,2019-12-02,株式会社
株式会社テックトラスト,神奈川県横浜市鶴見区菅沢町１５番１１－６０２号,2019-12-02,株式会社
株式会社テンペ・ア・パイア,東京都世田谷区等々力８丁目２番１－４０４号,2019-12-02,株式会社
株式会社ディートゥアイ,東京都渋谷区神宮前６丁目１７番１５号,2019-12-02,株式会社
株式会社トキメキ投資教室,京都府相楽郡精華町光台６丁目４１番地５,2019-12-02,株式会社
株式会社ナガオカホールディングス,広島県三次市粟屋町４６６３番地２,2019-12-02,株式会社
株式会社ニセコトラベル,北海道札幌市手稲区前田八条９丁目９番１１号,2019-12-02,株式会社
株式会社ネクスト,長野県飯田市宮ノ上４７９１番地１ハイツオネシス２０２,2019-12-02,株式会社
株式会社ノムノスキー,神奈川県川崎市中原区下新城３丁目１０番８－１号,2019-12-02,株式会社
株式会社ビーワン,埼玉県三郷市中央１丁目３０番地６,2019-12-02,株式会社
株式会社ファイン,埼玉県さいたま市大宮区仲町２丁目２９番２号,2019-12-02,株式会社
株式会社フィールドヴィレッジ,神奈川県横浜市西区戸部町２丁目３８番地戸部グリーンハイツ３０１号,2019-12-02,株式会社
株式会社フォレスト,愛知県半田市有楽町３丁目２３０番地の１,2019-12-02,株式会社
株式会社ブックスハセガワ,京都府向日市寺戸町西田中瀬３番地,2019-12-02,株式会社
株式会社ベストパートナー,兵庫県神戸市北区緑町７丁目１番４４－３０１号,2019-12-02,株式会社
株式会社ホームセレクト,大阪府大阪市天王寺区寺田町２丁目４番１２号,2019-12-02,株式会社
株式会社ポジット,東京都渋谷区神宮前６丁目１２番２号第２５ＳＹビル５Ｆ,2019-12-02,株式会社
株式会社マイスター,神奈川県平塚市桃浜町９番１５号,2019-12-02,株式会社
株式会社マークファイン,兵庫県南あわじ市神代國衙１５７１番地１,2019-12-02,株式会社
株式会社ミライエ,東京都国立市東１丁目１５番１２号８階,2019-12-02,株式会社
株式会社メディアアドベント,東京都渋谷区道玄坂１丁目１５番３－２２６号,2019-12-02,株式会社
株式会社メリーズコーポレーション,大阪府守口市南寺方東通２丁目８番６号,2019-12-02,株式会社
株式会社モアイズ,山形県山形市大字千手堂５８２番地２,2019-12-02,株式会社
株式会社モンローライン,兵庫県神戸市西区伊川谷町有瀬２９番地の１１－３０１,2019-12-02,株式会社
株式会社ユー・エス・ケイ,東京都台東区浅草１丁目３４番９号,2019-12-02,株式会社
株式会社ライズアクロスヘルステック,東京都港区虎ノ門３丁目４番１０号虎ノ門３５森ビル７階ライズアクロスグループ内,2019-12-02,株式会社
株式会社ラジン,東京都世田谷区深沢１丁目４番１６号,2019-12-02,株式会社
株式会社ラック,神奈川県大和市中央林間１丁目５番６号,2019-12-02,株式会社
株式会社リムヨコ住販,静岡県伊東市湯川６６２番地１０２,2019-12-02,株式会社
株式会社リュウテツ,栃木県那須塩原市井口５０４番地２１７,2019-12-02,株式会社
株式会社リンク,大阪府堺市堺区宿院町東１丁２番２２－４０２号,2019-12-02,株式会社
株式会社レヂボン,宮城県仙台市若林区若林６丁目１１番１０号,2019-12-02,株式会社
株式会社レッドフィールド,大阪府河内長野市木戸３丁目１１番５－３０８号,2019-12-02,株式会社
株式会社レングス,広島県尾道市因島中庄町２４３３番地１,2019-12-02,株式会社
株式会社ワイサービス,福島県福島市小倉寺字白山道８－７,2019-12-02,株式会社
株式会社ワケジャパン,東京都大田区蒲田５丁目２６番８号アーデル蒲田３１０号,2019-12-02,株式会社
株式会社ヴァン,宮城県石巻市門脇字青葉東１５３番地２,2019-12-02,株式会社
株式会社九段金融・ＩＴ研究所,東京都千代田区九段北１丁目９－７東洋Ｍビル６階,2019-12-02,株式会社
株式会社会式株,埼玉県上尾市緑丘３丁目３－１１－１ＰＡＰＡショッピングアベニュー１Ｆ,2019-12-02,株式会社
株式会社住まいる研究所,北海道江別市野幌若葉町８番地４,2019-12-02,株式会社
株式会社佐世保アルファ,長崎県佐世保市黒髪町６３６１番地３,2019-12-02,株式会社
株式会社佑谷,沖縄県那覇市前島３丁目２５番２号泊ポートビル３階３０８号室,2019-12-02,株式会社
株式会社信和,埼玉県草加市柳島町２５３番地５,2019-12-02,株式会社
株式会社充樹,埼玉県所沢市緑町２丁目１４番１号ＹＫＳ新所沢ビル３０５,2019-12-02,株式会社
株式会社八田建設,大阪府堺市堺区東湊町３丁１７５番地１,2019-12-02,株式会社
株式会社千葉工業,宮城県石巻市清水町１丁目１番２号ニューシティマンション３０１,2019-12-02,株式会社
株式会社大光堂,東京都世田谷区豪徳寺１丁目４６番１９号ビオーレ田中１階,2019-12-02,株式会社
株式会社大尋,愛知県名古屋市中川区中須町３２番地の１,2019-12-02,株式会社
株式会社大建,千葉県柏市旭町８丁目１番２号,2019-12-02,株式会社
株式会社宮塗建装,東京都葛飾区東新小岩７丁目１３番１７号,2019-12-02,株式会社
株式会社小林,大阪府大阪市西成区玉出西２丁目６番３号,2019-12-02,株式会社
株式会社山岸鋼業,三重県伊勢市神久６丁目６番１２号,2019-12-02,株式会社
株式会社岡山工業所,千葉県千葉市若葉区桜木３丁目１６番３号,2019-12-02,株式会社
株式会社岡林,高知県高岡郡越知町浅尾８０５番地,2019-12-02,株式会社
株式会社彩新,神奈川県横浜市中区石川町１丁目１７番地,2019-12-02,株式会社
株式会社徳富,神奈川県横浜市西区南幸２丁目１２番１０号ＩＴＯビル７階,2019-12-02,株式会社
株式会社心愛,京都府京都市南区吉祥院石原京道町２４－１サンローラン吉祥院２０６号,2019-12-02,株式会社
株式会社携帯見直し本舗,東京都港区新橋１丁目１２番９号Ａ－ＰＬＡＣＥ新橋駅前７Ｆ,2019-12-02,株式会社
株式会社日本再生システム,静岡県静岡市葵区鷹匠２丁目１６番２０号,2019-12-02,株式会社
株式会社早富士,東京都世田谷区赤堤１丁目３０番９号,2019-12-02,株式会社
株式会社昊粋,島根県大田市久手町波根西２０５３番地９,2019-12-02,株式会社
株式会社明日風,群馬県高崎市上里見町２３４６番地,2019-12-02,株式会社
株式会社東海ラッキング工業,愛知県名古屋市緑区大清水２丁目１００４番地の２,2019-12-02,株式会社
株式会社水魚,大阪府堺市西区上４８６番地７,2019-12-02,株式会社
株式会社洗ｐｅｒ,大阪府大阪市西区江之子島１丁目１０番１号５階,2019-12-02,株式会社
株式会社派遣のおしごと,東京都台東区小島２丁目１６番４号,2019-12-02,株式会社
株式会社満福,大阪府枚方市茄子作東町２４番３５号,2019-12-02,株式会社
株式会社白衣のシッター,東京都新宿区新宿４丁目３番１５号,2019-12-02,株式会社
株式会社直頼,東京都町田市原町田２丁目４番３号,2019-12-02,株式会社
株式会社矢野健装,大阪府堺市北区東三国ヶ丘町５丁６番１２－１号,2019-12-02,株式会社
株式会社砂川塗装,沖縄県那覇市首里当蔵町１丁目１７番地２,2019-12-02,株式会社
株式会社祝宝菱,東京都港区芝３丁目４３番１１号三輪ビル２階,2019-12-02,株式会社
株式会社神水設備,愛知県名古屋市中川区土野町２番地の１,2019-12-02,株式会社
株式会社紙月企画,静岡県浜松市中区元浜町２４２番地の２,2019-12-02,株式会社
株式会社縁廻,東京都千代田区神田須田町２丁目６番地内田ビル２Ｆ,2019-12-02,株式会社
株式会社自然調和,群馬県高崎市日高町１３７６番地コンシェルジュパーク２階,2019-12-02,株式会社
株式会社解体サポート丸誠,山梨県都留市境９９番地１,2019-12-02,株式会社
株式会社迅風工業所,千葉県千葉市中央区生実町１１００番地７,2019-12-02,株式会社
株式会社長田鋼業,神奈川県藤沢市高倉２１１４番地の１エクセランシャトー１０１,2019-12-02,株式会社
株式会社高栄興業,広島県尾道市高須町１２４８番地１,2019-12-02,株式会社
株式会社３ｆｉｒｓｔ,東京都立川市幸町３丁目３４番地の３,2019-12-02,株式会社
株式会社Ａ＆Ｍ,東京都千代田区丸の内２丁目２番２号,2019-12-02,株式会社
株式会社ＡＨＬＡ,高知県香南市野市町みどり野１丁目４５番地,2019-12-02,株式会社
株式会社ＡＪコーポレーション,大阪府大阪市淀川区西中島７丁目７番１号,2019-12-02,株式会社
株式会社ＡＬＧＯ,東京都港区六本木２丁目２番４－１９０３号,2019-12-02,株式会社
株式会社ＡＭＵＣＡ,千葉県成田市伊能８８９番地１,2019-12-02,株式会社
株式会社ＡＮＤＹＯＵ,東京都港区赤坂６丁目１０番３９号ソフトタウン赤坂１１７,2019-12-02,株式会社
株式会社ＡＴＯＭ,神奈川県相模原市中央区淵野辺４丁目３８番７号２階,2019-12-02,株式会社
株式会社ＡｎｉＣａｓｔ　ＲＭ,東京都港区南青山３丁目１番３０号,2019-12-02,株式会社
株式会社ＡｔｏＣ,大阪府八尾市東太子２丁目６番４号藤岡ビル１階,2019-12-02,株式会社
株式会社ＢＪＨ,千葉県習志野市東習志野６丁目１７番１３号,2019-12-02,株式会社
株式会社ＢＬＯＯＭ　ＳＰＡＣＥ,岡山県笠岡市大井南６５番地３,2019-12-02,株式会社
株式会社ＢＵＺＺ,東京都府中市浅間町２丁目１４番地６８ファインビレッジ１０１,2019-12-02,株式会社
株式会社Ｂｏｌｔｓ＆Ｎｕｔｓ,大分県大分市弁天町二丁目５番３８号,2019-12-02,株式会社
株式会社Ｂｕｚｚｌｅ,東京都千代田区平河町２丁目４番８号,2019-12-02,株式会社
株式会社Ｃ＆Ｈ,東京都渋谷区円山町５番５号,2019-12-02,株式会社
株式会社ＣＯクリエイト,東京都千代田区神田鍛冶町３丁目７番地２１,2019-12-02,株式会社
株式会社Ｄ．Ｏ．Ｔ,鹿児島県鹿児島市星ヶ峯４丁目４１番１３号,2019-12-02,株式会社
株式会社Ｄｉａｒｋｉｓ,東京都渋谷区円山町６－７,2019-12-02,株式会社
株式会社Ｅ‐ＮＥ　ＣＲＥＡＴＥ,神奈川県横浜市緑区青砥町９５９番地５,2019-12-02,株式会社
株式会社Ｅｙｅ　ａｎｄ　Ｖｉｓｉｏｎ,東京都中央区築地１丁目４番８号,2019-12-02,株式会社
株式会社Ｆ－ＭＩＲＡＩ,静岡県磐田市鳥之瀬１２６番地２,2019-12-02,株式会社
株式会社Ｆ－Ｓｈｉｏｎ,福岡県小郡市美鈴が丘１丁目５番３,2019-12-02,株式会社
株式会社ＦＣＴ,宮城県仙台市宮城野区白鳥１丁目３４番４１号,2019-12-02,株式会社
株式会社ＦＬＡＴＷＯＯＤ,大阪府東大阪市荒本西４丁目２番８号,2019-12-02,株式会社
株式会社ＦＴＹ,広島県広島市中区舟入幸町１４番２７号,2019-12-02,株式会社
株式会社ＦＵＮＮＹ　ＤＩＮＩＮＧ,東京都新宿区西新宿６丁目１８番１号,2019-12-02,株式会社
株式会社Ｆａｓｔ,神奈川県小田原市久野２８２番地の１スィプレＭ２０１号,2019-12-02,株式会社
株式会社ＦｉＶＥ．,東京都墨田区錦糸１丁目２－１アルカセントラル１４Ｆ,2019-12-02,株式会社
株式会社ＧＡＮＡＰＡＴＩ　ＮＥＯ　Ｔｏｋｙｏ,東京都港区北青山３丁目５番５号ティアラ北青山７階,2019-12-02,株式会社
株式会社ＧＦＩＸ,東京都豊島区上池袋４丁目１８－１４ラフォーレ二見２０１,2019-12-02,株式会社
株式会社Ｇｕａｒｄｉａｎｓ,静岡県浜松市東区丸塚町２８９番地の５,2019-12-02,株式会社
株式会社ＨＤ．Ｌａｂｏ,大分県中津市大字万田３９９番地,2019-12-02,株式会社
株式会社Ｉ．Ｔ．Ａ,愛知県名古屋市名東区高針原２丁目１１０２番地,2019-12-02,株式会社
株式会社Ｊａｃｋａｌ,東京都千代田区平河町２丁目４番８号,2019-12-02,株式会社
株式会社Ｋ－ＳＴＹＬＥ,兵庫県尼崎市東難波町４丁目２２番１号,2019-12-02,株式会社
株式会社ＫＡＯＲＩＮＯ,神奈川県横浜市磯子区森が丘２丁目７番１４号,2019-12-02,株式会社
株式会社ＫＳＤ,東京都立川市一番町２丁目２１番地の２９,2019-12-02,株式会社
株式会社Ｋｅｅｒ,大阪府大阪市北区堂島浜２丁目２番２８号堂島アクシスビル４階ＳＹＮＴＨ,2019-12-02,株式会社
株式会社Ｌ’ｓ,千葉県船橋市前原西２丁目３２番７号,2019-12-02,株式会社
株式会社ＬｉｎＱ,神奈川県川崎市麻生区細山５丁目２７番５３号,2019-12-02,株式会社
株式会社ＬｕｎａＣｏｍｐａｎｙ,東京都多摩市聖ヶ丘２丁目１８番地６－２０１,2019-12-02,株式会社
株式会社ＭＡＤＥ　ＩＮ　ＨＯＫＫＡＩＤＯ,北海道札幌市中央区大通西２３丁目１番１４号,2019-12-02,株式会社
株式会社ＭＨ　ＧＲＯＵＰ,東京都葛飾区新小岩２丁目７番６号,2019-12-02,株式会社
株式会社ＭＲｏｃｋｓ,東京都港区赤坂４丁目２番３号,2019-12-02,株式会社
株式会社ＭＳＴ,千葉県松戸市中根長津町３９番地,2019-12-02,株式会社
株式会社Ｍａｓｔｅｒｍｉｎｄ,兵庫県神戸市中央区中町通３丁目１番２４号プレサンス神戸駅前グランツ１３０４,2019-12-02,株式会社
株式会社ＭｏｎＣｈｉｅｎ,東京都目黒区下目黒２丁目２１番２０－Ｓ５０４号,2019-12-02,株式会社
株式会社ＮＯＴＥ,神奈川県横浜市中区末吉町３丁目６３－１日神パレステージ伊勢佐木１０３,2019-12-02,株式会社
株式会社ＮＳＲ,神奈川県横浜市南区蒔田町字三度台１０１８番地１５ワコーレロイヤルヒルズ横浜蒔田３０２,2019-12-02,株式会社
株式会社ＮｅｗＳｔｅｐ,神奈川県横浜市西区平沼１丁目１番１２－６０４,2019-12-02,株式会社
株式会社Ｎｉｇｈｔ　Ｒａｉｎｂｏｗ,東京都港区六本木２丁目２番２号,2019-12-02,株式会社
株式会社ＯＮＥ　ＦＲＥＥＤＯＭ,東京都江戸川区平井５丁目３３番４－１１０３号,2019-12-02,株式会社
株式会社ＰｅＡ,東京都港区赤坂１丁目１２番１２号,2019-12-02,株式会社
株式会社Ｐｅａｃｅ　ｇｌｏｗ,福岡県福岡市西区大字千里４５５番地１０,2019-12-02,株式会社
株式会社ＲＯＬＡＮＤ,東京都千代田区神田和泉町１番地６の１１,2019-12-02,株式会社
株式会社Ｒｅ　ｈｏｍｍｅ,東京都練馬区桜台２丁目３２番５－１０８号,2019-12-02,株式会社
株式会社ＲｅｄＤｏｔＤｒｏｎｅＪａｐａｎ,京都府京都市下京区新町通松原下る富永町１０７番地１－５階５５号室,2019-12-02,株式会社
株式会社ＳＡＩＬＥＲ,大阪府大阪市北区天満橋１丁目８番７０号ラナップスクエア天満プライム９０６号,2019-12-02,株式会社
株式会社ＳＤＥ,東京都渋谷区恵比寿西１丁目１２番１４号,2019-12-02,株式会社
株式会社ＳＨＡＲＩ,群馬県太田市大原町１７２４番地４,2019-12-02,株式会社
株式会社ＳＳＷ,神奈川県横浜市栄区桂台南２丁目１６番５号,2019-12-02,株式会社
株式会社ＳＴＲＩＶＥ　ＨＭ,埼玉県草加市氷川町８４１番地,2019-12-02,株式会社
株式会社ＳｐｉｋＥ,長野県長野市大字南長野南石堂町１２６１番地６明光ビル２階,2019-12-02,株式会社
株式会社ＴＡＭＵＲＡ,北海道札幌市厚別区厚別北四条５丁目１８番１７号,2019-12-02,株式会社
株式会社ＴＡＴＴＡ,東京都文京区春日２丁目２６番１１号大元社ビル２Ｆ,2019-12-02,株式会社
株式会社ＴＭクリエイション,兵庫県西宮市高木西町１４番２号,2019-12-02,株式会社
株式会社ＴＮＴ,神奈川県横須賀市池上７丁目１３番１－４１２号,2019-12-02,株式会社
株式会社Ｔｅｃｈ　Ｒｅｉｓ,東京都品川区北品川１丁目９番７号トップルーム品川１０１５号,2019-12-02,株式会社
株式会社Ｔｅｎｄｅｒ,新潟県燕市水道町３丁目３４番２７号アカデミープラザ３号室,2019-12-02,株式会社
株式会社Ｔｏｋａｉ　Ｃｏｎｓｕｌｔｉｎｇ,岐阜県海津市南濃町奥条３０４番地１,2019-12-02,株式会社
株式会社ＵＰＢＯＮＤ,東京都渋谷区神宮前６丁目３１番１５号,2019-12-02,株式会社
株式会社ＶＡＬＵＥＦＩＮＤ,埼玉県さいたま市中央区鈴谷５丁目９番１－２０３号,2019-12-02,株式会社
株式会社ＶＯＩＣＥ,神奈川県横浜市西区平沼１丁目１９番１８号トップルーム横浜ＮＯ１－４０４号室,2019-12-02,株式会社
株式会社ＷＡＢＩ,広島県広島市西区大宮１丁目２７番１０号,2019-12-02,株式会社
株式会社ａ．ｍ．ｒ,愛知県名古屋市港区春田野１丁目８０５番地の２,2019-12-02,株式会社
株式会社ａｉｍｅｒ,東京都文京区千石３丁目２９番１７号ミオテゾーロ仙石２０３,2019-12-02,株式会社
株式会社ｉ－Ｎｅｘｔ,大阪府箕面市新稲６丁目７番２号,2019-12-02,株式会社
株式会社ｋｕｂｅｒｕ,東京都世田谷区池尻２丁目４番５号,2019-12-02,株式会社
株式会社ｍｏｔｔｅ,大分県大分市大字畑中９４５番地の３,2019-12-02,株式会社
株式会社ｐｏｕｒｐｒｅ,千葉県千葉市中央区弁天１丁目１－２ｂｅ－ｐｌａｃｅ１Ｆ,2019-12-02,株式会社
株式会社ｓｈｅｅｐｔｈｏｎ,東京都目黒区上目黒１丁目１３番８号上目黒テラス１０５,2019-12-02,株式会社
株式会社ｓｐＡｃｅ,大阪府東大阪市吉田７丁目２番３５号,2019-12-02,株式会社
桜彩株式会社,千葉県千葉市中央区本千葉町１０番２３号ＤＩＫマンション８０６号,2019-12-02,株式会社
水川コーポレーション合同会社,群馬県前橋市茂木町６２４番地９アドバンスＡ－２０２号,2019-12-02,合同会社
湘南ミナアス株式会社,神奈川県藤沢市片瀬海岸３丁目２３番１８－６１１号,2019-12-02,株式会社
特定非営利活動法人日本エコロジーアップサイクル協会,神奈川県鎌倉市長谷１丁目１１番１１号,2019-12-02,その他の設立登記法人
特定非営利活動法人明日の教室,京都府八幡市男山長沢１６－８,2019-12-02,その他の設立登記法人
特定非営利活動法人秩父ウィスキー祭,埼玉県秩父市宮側町８番４号第一石田ビル１階,2019-12-02,その他の設立登記法人
特定非営利活動法人精神障害者支援団体しげぞぽんぽ,東京都豊島区長崎１丁目８番１３号第三並木マンション３０２号,2019-12-02,その他の設立登記法人
福岡ビルマネジメント・レジデンシャルサポート合同会社,福岡県福岡市中央区今泉１丁目４番５号５Ｆ,2019-12-02,合同会社
網域テクノロジー株式会社,大阪府大阪市中央区島之内１丁目１５－１０－５０３,2019-12-02,株式会社
美今科研製薬株式会社,東京都千代田区神田平河町１番地第３東ビル５階,2019-12-02,株式会社
茂辰合同会社,東京都足立区千住中居町１９－１０,2019-12-02,合同会社
菰野東部交通リース株式会社,三重県四日市市桜台２丁目５番地４６７,2019-12-02,株式会社
蓮重機株式会社,栃木県小山市大字東野田６８８番地１,2019-12-02,株式会社
表参道インベストメント一般社団法人,東京都港区元赤坂１丁目１番７号,2019-12-02,その他の設立登記法人
訪問看護リハビリステーションｃｏｃｏＡＮＧＥ株式会社,愛知県名古屋市緑区文久山４５９番地１０ｓａｎｔａＷ３,2019-12-02,株式会社
豊和国際株式会社,神奈川県横浜市磯子区磯子５丁目９番４－１０１号,2019-12-02,株式会社
長谷川商事株式会社,東京都世田谷区成城１丁目２０番８,2019-12-02,株式会社
青海島岩カキ販売企業組合,山口県長門市通３８番地２,2019-12-02,その他の設立登記法人
５９１ＬＩＦＥ　ＳＥＲＶＩＣＥ合同会社,京都府京都市西京区桂千代原町２５番地４０,2019-12-02,合同会社
ＡＦＲＥＳＨ株式会社,青森県下北郡大間町大字大間字冷水５０番地１４７,2019-12-02,株式会社
ＡＲＣＳ合同会社,神奈川県横浜市都筑区東山田１丁目６番１８号,2019-12-02,合同会社
ＡｉＥＮ株式会社,東京都豊島区池袋２丁目３６番１号,2019-12-02,株式会社
ＢＬＵＥＤＧＥ合同会社,東京都中央区日本橋３丁目２番１４号新槇町ビル別館第一１階,2019-12-02,合同会社
Ｂｅ　ａ　Ｂｕｄｄｙ合同会社,東京都練馬区春日町４丁目１番１号春日ペガサス３０５,2019-12-02,合同会社
ＣＨＥＫＡ株式会社,大阪府大阪市西区北堀江４丁目１２番１０－５１８号,2019-12-02,株式会社
Ｃｓｙ＆Ｃｏ．合同会社,大阪府大阪市淀川区新高２丁目１８番１２号サングリエＧ３０１号,2019-12-02,合同会社
ＥＣＯＥＡＲＴＨ合同会社,東京都渋谷区幡ヶ谷３丁目３９番１２号渋谷ウェストビル１階,2019-12-02,合同会社
ＥＱ　Ｃｏｌｌｅｇｅ　Ｉｎｔｅｒｎａｔｉｏｎａｌ合同会社,熊本県熊本市南区土河原町２６４番地１,2019-12-02,合同会社
ＥＸＰＲＥＳＳ　ＬＩＮＥ　ＬＯＧＩＳＴＩＣＳ　ＪＡＰＡＮ株式会社,東京都練馬区豊玉北５丁目２９番４号井門練馬ビル６階税理士法人経営サポートプラスアルファ内,2019-12-02,株式会社
Ｆ．Ｎ．ＭＯＴＯＲＳ合同会社,千葉県山武市上横地７１８２番地１－Ａ,2019-12-02,合同会社
ＦＨ合同会社,東京都港区赤坂６丁目１１番１３－３０１号,2019-12-02,合同会社
ＧＯＰＬＡＹ　ＮＥＴＷＯＲＫ　ＴＥＣＨＮＯＬＯＧＹ株式会社,東京都新宿区大久保２丁目３２番３号リスボンビル,2019-12-02,株式会社
ＨＩＫ株式会社,東京都杉並区下井草４丁目３２－１７－４０５第二陵雲閣,2019-12-02,株式会社
Ｉ．めぐむ合同会社,神奈川県横浜市磯子区岡村５丁目１番１４号,2019-12-02,合同会社
ＩＧＰＩ弁護士法人,東京都千代田区丸の内１丁目９番２号グラントウキョウサウスタワー８階,2019-12-02,その他の設立登記法人
Ｊｕｎｋ＆Ｃｏ株式会社,千葉県香取郡神崎町神崎本宿１７５番地,2019-12-02,株式会社
ＫＯＭＯＲＥＢＩ　ＴＲＡＤＩＮＧ株式会社,千葉県習志野市本大久保２丁目１１番２５号,2019-12-02,株式会社
Ｌｅｓ　ａｉｌｅｓ株式会社,兵庫県姫路市青山西４丁目１２番１７号,2019-12-02,株式会社
Ｍ．ＶＡＲＩＥ株式会社,千葉県習志野市鷺沼台４丁目８番２０号,2019-12-02,株式会社
Ｍａｘｗｅｌｌ　Ｊａｐａｎ株式会社,東京都中野区江原町３丁目２８番９－３０４号,2019-12-02,株式会社
Ｍｉｌｉｅｕ株式会社,神奈川県藤沢市鵠沼石上２丁目５番１号カサハラビル藤沢３階Ｃ号室,2019-12-02,株式会社
Ｍｏｃｈｉｒｏｎ株式会社,大分県別府市京町１１番８号２階,2019-12-02,株式会社
ＯｎｓｅｎＯｎ株式会社,大分県別府市大字鶴見３０７８番地の３,2019-12-02,株式会社
ＰＡＣＩＦＩＣフードサービス協同組合,愛知県名古屋市東区泉１丁目２３番３７号,2019-12-02,その他の設立登記法人
ＰＥＲＭＡＮＥＮＴ株式会社,東京都葛飾区新宿３丁目２８番１２号,2019-12-02,株式会社
ＰＬＵＳ　ＵＬＴＲＡ合同会社,山形県山形市早乙女８番地８,2019-12-02,合同会社
ＰｉｘｅｌＡｒｔｓ株式会社,東京都中野区中野２丁目１番２－２０２号,2019-12-02,株式会社
Ｐｒｏｓｔ合同会社,千葉県柏市十余二２４９番地４５２,2019-12-02,合同会社
ＲＩＳＴＡコンサルティング合同会社,東京都江東区豊洲２丁目５番１－４０６号,2019-12-02,合同会社
Ｒｕｎｗａｙ　Ｊａｐａｎ合同会社,大阪府東大阪市岩田町５丁目１５番３７号,2019-12-02,合同会社
ＳＴＡＹＸＩＡ合同会社,東京都渋谷区渋谷３丁目１番９号ＹＡＺＡＷＡビル３階,2019-12-02,合同会社
Ｓｋｙ　Ｃａｐｉｔａｌ株式会社,東京都港区北青山２丁目７番１３号プラセオ青山ビル３Ｆ,2019-12-02,株式会社
Ｓｔａｒｌｅａｖｅｓ合同会社,北海道旭川市豊岡七条８丁目５番１８号,2019-12-02,合同会社
Ｓｕｐｒｉｅｖｅ　Ｔｅｃｈｎｏｌｏｇｙ株式会社,大阪府大阪市北区太融寺町１番１７号梅田アスカビル６階,2019-12-02,株式会社
Ｔ＆Ｓパートナーズ株式会社,神奈川県横浜市都筑区仲町台４丁目２番１３号,2019-12-02,株式会社
ＴＯＫＩＷＡコンサルティング株式会社,神奈川県横浜市西区楠町９番地７ＴＡＫビル５階,2019-12-02,株式会社
Ｖｉｃｔｏｒｉａ株式会社,東京都千代田区大手町１丁目１番１号,2019-12-02,株式会社
ＷＩＴＨ　Ｊ　ＰＲＯＪＥＣＴ株式会社,静岡県伊豆の国市立花２丁目１８０番地,2019-12-02,株式会社
ＹＯＩ株式会社,大阪府大阪市浪速区木津川２丁目４番６１号,2019-12-02,株式会社
ｐａｎｙａ芦屋ＦＣ株式会社,大阪府大阪市北区中之島６丁目１番３８－４７０２号,2019-12-02,株式会社
ｑｕｉｎｔｕｐｌｅ　ａｉｒ株式会社,東京都港区赤坂１丁目７番１号,2019-12-02,株式会社
あいそう特許業務法人,愛知県名古屋市中区丸の内２丁目１番３０号,2019-12-03,その他の設立登記法人
あまくさローカルラボ合同会社,熊本県天草市川原町３番２６号,2019-12-03,合同会社
てごしようかい馬路,島根県大田市仁摩町馬路１７３７－６馬路まちづくりセンター内,2019-12-03,その他
アーリーバード合同会社,栃木県那須塩原市三島２丁目１０番地９,2019-12-03,合同会社
インテクト株式会社,大阪府堺市西区鳳南町５丁４９０番地２－１０２号,2019-12-03,株式会社
イープラスホールディングス株式会社,茨城県坂東市岩井１９６５番地１１,2019-12-03,株式会社
ウェルネスパイス合同会社,山口県下関市豊浦町大字室津下１１１５番地,2019-12-03,合同会社
エコホーム合同会社,岡山県岡山市中区海吉２１２１番地５,2019-12-03,合同会社
エムハチ株式会社,東京都台東区小島２丁目２０番１１号ＬＩＧビル,2019-12-03,株式会社
エンタメコム株式会社,東京都江東区有明３丁目７番２６号有明フロンティアビルＢ棟９階,2019-12-03,株式会社
オフショア・デザイン・エンジニアリング・リミテッド,東京都港区六本木６丁目１番２０号六本木電気ビル６Ｆ,2019-12-03,外国会社等
カケルタス合同会社,大阪府吹田市広芝町８番１２号第３マイダビル５０３,2019-12-03,合同会社
キャリアプロデュース株式会社,宮城県仙台市青葉区本町１丁目１２番３１号鈴木ビル２０３,2019-12-03,株式会社
クラスタ工業合同会社,岐阜県多治見市幸町７丁目３５番地の２,2019-12-03,合同会社
クロマニョン合同会社,東京都小平市仲町４２５番地１,2019-12-03,合同会社
グローバ真空株式会社,埼玉県桶川市赤堀２丁目１５番８号,2019-12-03,株式会社
コスモ通商株式会社,東京都新宿区西新宿１丁目２５番１号新宿センタービル４１階,2019-12-03,株式会社
ゴロウ商店株式会社,宮崎県日南市大堂津５丁目８番６号,2019-12-03,株式会社
サンセラバイオ株式会社,神奈川県川崎市高津区坂戸３丁目２番１号,2019-12-03,株式会社
サン情報システム株式会社,東京都台東区東上野１丁目２番１２号,2019-12-03,株式会社
シェルパ株式会社,千葉県浦安市日の出５丁目５番１－３１６号パークシティ東京ベイ新浦安Ｃｏｃｏ,2019-12-03,株式会社
システムズアプローチ合同会社,東京都渋谷区渋谷３丁目１番９号ＹＡＺＡＷＡビル３階,2019-12-03,合同会社
ジュリアー株式会社,兵庫県西宮市苦楽園四番町１２番９号,2019-12-03,株式会社
スイートポーク・ラボ株式会社,新潟県新潟市中央区竜が島１丁目５番１号,2019-12-03,株式会社
スミレ医療協同組合,兵庫県神戸市須磨区白川台３丁目３８番地の１,2019-12-03,その他の設立登記法人
スリーエーシステムズ合同会社,岡山県岡山市中区山崎１８３番地１４,2019-12-03,合同会社
セトル株式会社,京都府京都市中京区錦大宮町１３０アミビル１１Ｆ,2019-12-03,株式会社
タセンエックス株式会社,宮城県仙台市青葉区中央２丁目２番１０仙都会館５Ｆ,2019-12-03,株式会社
トルガー株式会社,静岡県浜松市中区早出町１５００番地の３０,2019-12-03,株式会社
ネクストフォーム合同会社,東京都文京区本郷６丁目２２番５号本郷エイジュ３０２号室,2019-12-03,合同会社
ビジネスサポート株式会社,東京都中央区築地１丁目９番１３号,2019-12-03,株式会社
ビープレイス北村合同会社,大阪府阪南市南山中７９番地,2019-12-03,合同会社
フェニックス合同会社,群馬県前橋市駒形町４２３番地,2019-12-03,合同会社
ブーブーリンク株式会社,東京都豊島区池袋２丁目３６番１号８Ｆ－３９,2019-12-03,株式会社
プライムワークス株式会社,東京都品川区北品川１丁目９番７号トップルーム品川１０１５号,2019-12-03,株式会社
ペルカ株式会社,大阪府大阪市西区南堀江１丁目２１－１６ＲＥ－００１・４０１号,2019-12-03,株式会社
ポッサムチプ合同会社,兵庫県神戸市兵庫区駅南通１丁目２番２０号,2019-12-03,合同会社
マルケイ・カンパニー・リミテッド,東京都足立区平野１丁目１０－１５,2019-12-03,外国会社等
メディアナ合同会社,東京都台東区台東１丁目９番４号,2019-12-03,合同会社
ラッキー株式会社,東京都台東区上野６丁目１６番１６号黒田ビル地下１階００１号室,2019-12-03,株式会社
一般社団法人みんなの体育,神奈川県鎌倉市御成町三丁目１０番１階,2019-12-03,その他の設立登記法人
一般社団法人チャットボット協会,東京都渋谷区東２丁目１４番１３号,2019-12-03,その他の設立登記法人
一般社団法人ハーベストインターナショナル,東京都練馬区東大泉５丁目２７番１０号,2019-12-03,その他の設立登記法人
一般社団法人ヤマネ・いきもの研究所,山梨県北杜市高根町下黒澤２０１４番地１,2019-12-03,その他の設立登記法人
一般社団法人函館エネルギーサポート,東京都千代田区丸の内３丁目１番１号東京共同会計事務所内,2019-12-03,その他の設立登記法人
一般社団法人医療関係者のためのリーダーシップ研究会,神奈川県藤沢市鵠沼松が岡５丁目１３番１７号,2019-12-03,その他の設立登記法人
一般社団法人千歳風力開発,東京都港区虎ノ門３丁目２２番１０－２０１号,2019-12-03,その他の設立登記法人
一般社団法人地域福祉推進会,神奈川県厚木市旭町３丁目２５番８号,2019-12-03,その他の設立登記法人
一般社団法人安全衛生人材開発協会,福岡県久留米市日ノ出町１８番地２,2019-12-03,その他の設立登記法人
一般社団法人小安大湯温泉協会,秋田県湯沢市皆瀬字湯元１２１番地５,2019-12-03,その他の設立登記法人
一般社団法人心和会,福岡県福津市福間南４丁目１０番１５号,2019-12-03,その他の設立登記法人
一般社団法人日本ドローン活用推進機構,青森県青森市新町１丁目１３番７号,2019-12-03,その他の設立登記法人
一般社団法人日本藝術教育協会,兵庫県神戸市中央区山本通１丁目７番１５号ＫＩＴＡＮＯＭＡＤ２Ｆ,2019-12-03,その他の設立登記法人
一般社団法人日本連帯保証解除協会,神奈川県横浜市港北区大豆戸町５３５の５の１０５,2019-12-03,その他の設立登記法人
一般社団法人望来古平エネルギーサポート,東京都千代田区丸の内３丁目１番１号東京共同会計事務所内,2019-12-03,その他の設立登記法人
一般社団法人美浜ＳＣ,東京都港区虎ノ門３丁目２２番１０－２０１号,2019-12-03,その他の設立登記法人
一般社団法人通電火災予防協会,東京都港区高輪４丁目１番１８号高輪ビル２階,2019-12-03,その他の設立登記法人
一般社団法人野辺地風力開発,東京都港区虎ノ門３丁目２２番１０－２０１号,2019-12-03,その他の設立登記法人
一般社団法人ＡｕＢｌｅｓｓ,宮城県遠田郡涌谷町涌谷字黄金迫７番地,2019-12-03,その他の設立登記法人
一般社団法人ＳＨ０２７,東京都港区虎ノ門３丁目２２番１０－２０１号,2019-12-03,その他の設立登記法人
一般社団法人ＳＨ０２８,東京都港区虎ノ門３丁目２２番１０－２０１号,2019-12-03,その他の設立登記法人
一般財団法人みはら文化芸術財団,広島県三原市港町３丁目５番１号,2019-12-03,その他の設立登記法人
一般財団法人東京アートアクセラレーション,東京都品川区上大崎２丁目１３番３０号,2019-12-03,その他の設立登記法人
三和技建株式会社,愛知県春日井市上ノ町１丁目１５６番地,2019-12-03,株式会社
三幸株式会社,神奈川県川崎市幸区小倉３丁目１１番３０号,2019-12-03,株式会社
丸健カンパニー合同会社,沖縄県中頭郡嘉手納町屋良１丁目９番地１,2019-12-03,合同会社
令和汽船株式会社,愛媛県今治市波方町郷乙４０９番地１１８,2019-12-03,株式会社
令和製薬株式会社,東京都渋谷区鶯谷町１８番７号,2019-12-03,株式会社
信和合同会社,静岡県静岡市葵区神明町１０番地の３０,2019-12-03,合同会社
全国建物管理代行株式会社,東京都立川市曙町２丁目２２番２２号ＴＢＫ立川ビル２階,2019-12-03,株式会社
医療法人　Ｆ＆Ａ　Ｓｍｉｌｅ,熊本県菊池市泗水町豊水３３５９番１,2019-12-03,その他の設立登記法人
医療法人アンジェス,福岡県嘉麻市鴨生１７番地２１,2019-12-03,その他の設立登記法人
医療法人慶文会,兵庫県尼崎市御園町５４番地カーム尼崎３階３０１－２号室,2019-12-03,その他の設立登記法人
医療法人礼和会,福岡県朝倉市甘木２４３１番地４,2019-12-03,その他の設立登記法人
医療法人社団かみむら歯科医院,兵庫県揖保郡太子町糸井字向ヒ５０番地１０,2019-12-03,その他の設立登記法人
医療法人社団三和会,神奈川県横浜市青葉区あざみ野２丁目７番地１１プラセール・ヴィラＢ１,2019-12-03,その他の設立登記法人
医療法人社団光龍会,兵庫県加古川市加古川町河原１９７番地,2019-12-03,その他の設立登記法人
合同会社がらしやー,沖縄県那覇市首里石嶺町３丁目３２２番地４コミュニティタウン首里５,2019-12-03,合同会社
合同会社すまうと,静岡県静岡市葵区牧ケ谷２０６２番地,2019-12-03,合同会社
合同会社イチオシ,千葉県我孫子市新木野４丁目１番３号,2019-12-03,合同会社
合同会社エクセルロイヤルティー,茨城県土浦市湖北２丁目９番１－５３５号エス・バイ・エルマンション土浦,2019-12-03,合同会社
合同会社カイリー友希企画,長崎県大村市植松３丁目７８０番地１５,2019-12-03,合同会社
合同会社カインドカーム優凪,岡山県浅口市鴨方町六条院東２１７４番地１０１,2019-12-03,合同会社
合同会社グラン,東京都品川区東五反田２丁目９番１号,2019-12-03,合同会社
合同会社コドナプロジェクト,徳島県徳島市川内町宮島浜９９番地の２０,2019-12-03,合同会社
合同会社サムシング,大阪府河内長野市千代田南町２－４－２１０,2019-12-03,合同会社
合同会社サンクリエイト２１,鹿児島県鹿児島市清和２丁目１７番４４号,2019-12-03,合同会社
合同会社サンシップホーム,茨城県水戸市大塚町１８６２番地の６,2019-12-03,合同会社
合同会社ディスカバリー・ツー,東京都千代田区丸の内３丁目１番１号東京共同会計事務所内,2019-12-03,合同会社
合同会社ナメガヤベース,神奈川県茅ヶ崎市行谷９８５番地２,2019-12-03,合同会社
合同会社フェアリーペット自然療法院,埼玉県桶川市東２丁目６番１８－１０２号,2019-12-03,合同会社
合同会社フリーデ,沖縄県沖縄市住吉１丁目２０番１０号１階,2019-12-03,合同会社
合同会社ブライドリバー,福岡県福岡市博多区綱場町４－１１,2019-12-03,合同会社
合同会社ライト,東京都足立区皿沼２丁目１－１９,2019-12-03,合同会社
合同会社ワンネス・ジャパン,愛知県名古屋市中区栄３丁目１２番６号,2019-12-03,合同会社
合同会社優生,鹿児島県鹿屋市野里町４８４１番４,2019-12-03,合同会社
合同会社匠,東京都墨田区業平１丁目７番１２号ＨＯＡＮＧＨＡ,2019-12-03,合同会社
合同会社大桟橋共同ビル,神奈川県横浜市中区海岸通１丁目１番地,2019-12-03,合同会社
合同会社手塚興業,埼玉県入間市豊岡１丁目３番２９号－１階Ｂ,2019-12-03,合同会社
合同会社有水太陽光発電所,宮崎県都城市高城町有水２１７０番４,2019-12-03,合同会社
合同会社梅桃,沖縄県浦添市牧港３丁目２０番５号,2019-12-03,合同会社
合同会社熱興,沖縄県石垣市字登野城１２６３番地１４マンションうらら３０３,2019-12-03,合同会社
合同会社神谷町インベストメント４号,東京都港区虎ノ門５丁目１番４号,2019-12-03,合同会社
合同会社神谷町インベストメント５号,東京都港区虎ノ門５丁目１番４号,2019-12-03,合同会社
合同会社神谷町インベストメント６号,東京都港区虎ノ門５丁目１番４号,2019-12-03,合同会社
合同会社美食,熊本県宇土市入地町３７番地２,2019-12-03,合同会社
合同会社訪問介護みゆき,神奈川県相模原市南区東林間５丁目１２番５号ユニオンコーポ２０１,2019-12-03,合同会社
合同会社雅ＭＩＹＡＢＩ,大阪府守口市金田町１丁目７番７－５０６号,2019-12-03,合同会社
合同会社Ｃ’ｅｓｔ　ｌａ　ｖｉｅ,愛知県海部郡大治町大字東條字高松２５番地の２,2019-12-03,合同会社
合同会社Ｄ－Ｐｈａｒｍａ,神奈川県川崎市麻生区高石５丁目９番地１４－２０５号,2019-12-03,合同会社
合同会社Ｆｕｔｕｒｅ　Ｐｏｗｅｒ,北海道爾志郡乙部町字姫川７９５番地１,2019-12-03,合同会社
合同会社ＧＲＥ２,東京都新宿区百人町２丁目２１番４号渡辺ビル３Ｆ－Ｂ,2019-12-03,合同会社
合同会社Ｇｏｏｄ　Ｗｉｌｌ,愛知県豊橋市中岩田５丁目１０番地５ライオンズマンション６０１号,2019-12-03,合同会社
合同会社ＨＡＫＫＡ,東京都中央区八重洲１丁目９番９号東京建物本社ビル５階ｘＢｒｉｄｇｅ－Ｔｏｋｙｏ,2019-12-03,合同会社
合同会社ＨＩＬＯ,東京都板橋区大谷口１丁目１６番１０号,2019-12-03,合同会社
合同会社ＫＯＮＯＥ,東京都中央区八重洲１丁目９番９号東京建物本社ビル５階ｘＢｒｉｄｇｅ－Ｔｏｋｙｏ,2019-12-03,合同会社
合同会社ＫＳＧｒｏｗｔｈ,大阪府高槻市上牧南駅前町３番３９号アビリティーコート２０２号,2019-12-03,合同会社
合同会社ＬＢＭ,岐阜県岐阜市西川手３丁目３１番地,2019-12-03,合同会社
合同会社ＬＥＯ,岡山県岡山市中区東山１丁目３番２０号,2019-12-03,合同会社
合同会社ＬＩＦＥＭＡＲＫＥＴ　ＣＯＦＦＥＥ　ＲＯＡＳＴＥＲ,宮城県岩沼市下野郷字東北谷地１８番１２号,2019-12-03,合同会社
合同会社ＭＦカンパニー,埼玉県さいたま市緑区大字三室７１９番地１１,2019-12-03,合同会社
合同会社ＭＴＯコンサルティング,大阪府大阪市北区長柄西１丁目３番５４－１１１４号,2019-12-03,合同会社
合同会社ＭＹＡ　Ｄｅｓｉｇｎ,京都府京都市上京区宮垣町９１まむあん荒神口１０２,2019-12-03,合同会社
合同会社Ｎｔｉｃ,鹿児島県鹿児島市光山１丁目１番１５号,2019-12-03,合同会社
合同会社ＰＬＵＳ　ＢＲＩＤＧＥ　ＪＡＰＡＮ,東京都港区南青山２丁目２番１５－９４２号,2019-12-03,合同会社
合同会社ＰＭＧサービス,東京都新宿区新宿６丁目２８番８号ラ・ベルティ新宿９０１,2019-12-03,合同会社
合同会社ＰＲＥＺＥＸＵＳ,東京都中央区勝どき５丁目３番１－１５２０号,2019-12-03,合同会社
合同会社ＰＵＲＥ　Ｐｌａｎｎｉｎｇ,千葉県船橋市夏見台４丁目１４番２５号,2019-12-03,合同会社
合同会社Ｐｒｏｓｐｅｒ,岐阜県岐阜市西荘３丁目５番５５－８０３号（モアグレース西岐阜駅テラス）,2019-12-03,合同会社
合同会社Ｓｙｍｂｏｌ,愛知県一宮市森本２丁目６番１号マンションウイング１Ｂ,2019-12-03,合同会社
合同会社ａｌｏａ,高知県高知市百石町２丁目９番２号メゾンドガトー３０５,2019-12-03,合同会社
合同会社ａｏｚｏｒａ,徳島県小松島市金磯町９番６２号,2019-12-03,合同会社
合同会社ｍａｋａｎａ,兵庫県宝塚市御殿山２丁目３１番５０－５０３号,2019-12-03,合同会社
合同会社ｍｏｆｕ,新潟県三条市一ノ門２丁目３番１１号,2019-12-03,合同会社
合同会社ｎ工房,神奈川県小田原市国府津２４４０番地の７,2019-12-03,合同会社
合同会社ｓａｏ　ｖｉｅｔ,埼玉県ふじみ野市上福岡１丁目１５番１０号パークヴィラ上野台１０２,2019-12-03,合同会社
合同会社ｕｎｃｒｅｄｉｔｅｄ,鹿児島県大島郡与論町大字那間１０６７番地２,2019-12-03,合同会社
合資会社鈴木繁男商店,青森県十和田市稲生町１３番４号,2019-12-03,合資会社
和寒ジャム株式会社,北海道上川郡和寒町字三笠１０３番地８,2019-12-03,株式会社
喫茶去コンサルティング株式会社,京都府京都市中京区室町通御池上る御池之町３２３番地,2019-12-03,株式会社
大和ファシリティ・サービス株式会社,東京都中央区京橋１丁目２番１号,2019-12-03,株式会社
安易貿易株式会社,愛知県常滑市久米字南沢１番地の５,2019-12-03,株式会社
宗教団体　一悦庵,東京都八王子市楢原町８３８番１,2019-12-03,その他
山本ＧＫ株式会社,兵庫県姫路市網干区坂上３５５番地１１,2019-12-03,株式会社
平尾造園株式会社,岡山県赤磐市多賀８９５番地,2019-12-03,株式会社
弁護士法人よつばＳＪ,福岡県福岡市中央区赤坂１丁目１５番３３号,2019-12-03,その他の設立登記法人
弁護士法人戸田労務経営,千葉県船橋市印内町５９３番地１ＮＳＴ第２ビル７階,2019-12-03,その他の設立登記法人
弁護士法人根本法律事務所,東京都文京区本郷２丁目２６番１１号,2019-12-03,その他の設立登記法人
新洞雲汽船株式会社,愛媛県今治市波方町郷甲１３０７番地２５,2019-12-03,株式会社
日本湘南科技株式会社,神奈川県藤沢市長後１２２５番地の１レーベンスクエア藤沢プレイジアム７１４,2019-12-03,株式会社
日高村観光協会,高知県高岡郡日高村本郷１４７８－９,2019-12-03,その他
有限会社鈴木商店,千葉県松戸市紙敷１２３４番地,2019-12-03,有限会社
東北のかいご協同組合,宮城県名取市手倉田字山２０８番地の１,2019-12-03,その他の設立登記法人
株式会社あまがさきスクールランチ,兵庫県尼崎市玄番南之町５番地６,2019-12-03,株式会社
株式会社いっぽ,神奈川県相模原市中央区上溝３９７番地１,2019-12-03,株式会社
株式会社かぐづち,東京都府中市住吉町１丁目４０番地の２,2019-12-03,株式会社
株式会社さいたまフォークリフト・レンタル＆リース,埼玉県入間郡三芳町大字北永井５８５番地９,2019-12-03,株式会社
株式会社だいち電気,東京都小平市大沼町４丁目３０番３２号,2019-12-03,株式会社
株式会社てぃちなー,沖縄県中頭郡北中城村字島袋１４４０番地,2019-12-03,株式会社
株式会社てぃーだレンタリース,沖縄県中頭郡西原町字小波津３４２番地の１０（２Ｆ）,2019-12-03,株式会社
株式会社ふじほ,岡山県和気郡和気町佐伯５４６番地１５,2019-12-03,株式会社
株式会社まこと,京都府京都市南区吉祥院中島町１６番地信開ガーデンコート西大路８１８号室,2019-12-03,株式会社
株式会社アイアングリーン,大阪府岸和田市尾生町５３５番地の１,2019-12-03,株式会社
株式会社アジア開発,沖縄県那覇市曙１丁目１４番３２号,2019-12-03,株式会社
株式会社アンバー,滋賀県栗東市綣３丁目２番２４－４０２号ネバーランド栗東アールステージ,2019-12-03,株式会社
株式会社アークスプラン,群馬県渋川市行幸田１０５２番地３,2019-12-03,株式会社
株式会社アート,東京都台東区千束３丁目２１番４号,2019-12-03,株式会社
株式会社ウエディングドレスヨシタケ,東京都港区南青山３丁目１番３号スプライン青山東急ビル６Ｆ,2019-12-03,株式会社
株式会社ウノ・コーポレーション,岐阜県岐阜市問屋町１丁目６番地３,2019-12-03,株式会社
株式会社エデュセンス,大阪府堺市東区西野１７５番地１７,2019-12-03,株式会社
株式会社エミュージア,広島県広島市南区仁保３丁目１番４号,2019-12-03,株式会社
株式会社エムジーカンパニー,東京都港区赤坂９丁目２番１３号,2019-12-03,株式会社
株式会社オフィスＭＣ,東京都豊島区千早３丁目１０番８号,2019-12-03,株式会社
株式会社オフサルエイド,愛媛県松山市北土居３丁目７番１２号,2019-12-03,株式会社
株式会社オリーブ,宮城県仙台市青葉区錦ケ丘５丁目４番地の１２,2019-12-03,株式会社
株式会社オーテック,広島県福山市駅家町大字中島１１０９番地２,2019-12-03,株式会社
株式会社カウンターパート,東京都渋谷区渋谷２丁目１２番１１号,2019-12-03,株式会社
株式会社カツ・ソウ,鹿児島県鹿児島市甲突町２３番１７号,2019-12-03,株式会社
株式会社キャスティング．ｃｏｍ,東京都港区港南４丁目６番７－３６０４号,2019-12-03,株式会社
株式会社キーウェストクラブ,沖縄県国頭郡恩納村字名嘉真２２８８番地２８,2019-12-03,株式会社
株式会社グローバルキャリアステップ,東京都北区赤羽１丁目５９番９号,2019-12-03,株式会社
株式会社ケプリ,大分県速見郡日出町大字藤原５７１２番地７０,2019-12-03,株式会社
株式会社コンフィアンサ,広島県福山市駅家町大字向永谷１０２番地８,2019-12-03,株式会社
株式会社サクラプランニング,大阪府岸和田市別所町３丁目１５番２３号,2019-12-03,株式会社
株式会社サンシーズン,東京都港区東新橋２丁目７番３号昭和アステック１号館,2019-12-03,株式会社
株式会社サントプラス,大阪府東大阪市長堂１丁目１１番３２号,2019-12-03,株式会社
株式会社サーベイ,徳島県徳島市福島１丁目７番１２－６号,2019-12-03,株式会社
株式会社シゼンゴト,京都府京都市左京区一乗寺釈迦堂町２,2019-12-03,株式会社
株式会社ショウ・コーポレーション,大阪府大阪市北区鶴野町３番９号２５０６,2019-12-03,株式会社
株式会社ジャパンデンソーエンタープライズ,岩手県盛岡市上太田岡沼４７番地,2019-12-03,株式会社
株式会社ジャムスコ,大分県大分市大字大在２番地,2019-12-03,株式会社
株式会社ジーエイト,愛知県名古屋市中村区名駅４丁目３番１０号,2019-12-03,株式会社
株式会社スカイワークス,東京都豊島区南池袋１丁目９番１８号２４５号室,2019-12-03,株式会社
株式会社ストーンウォール,埼玉県越谷市大成町２丁目７０番地７,2019-12-03,株式会社
株式会社スプリレート,東京都新宿区西新宿７丁目４番７号イマス浜田ビル５階,2019-12-03,株式会社
株式会社スモールフィールド,千葉県千葉市稲毛区園生町１０２５番地６,2019-12-03,株式会社
株式会社スリーエス,岩手県奥州市水沢宮下町５２番地,2019-12-03,株式会社
株式会社セイワ,鳥取県境港市竹内団地８１番地,2019-12-03,株式会社
株式会社タイガーライン,埼玉県川口市北原台２丁目１２番３２－２０２号,2019-12-03,株式会社
株式会社タカハシ鮮魚,愛媛県松山市石風呂町５４２番地,2019-12-03,株式会社
株式会社ダバズ,東京都品川区北品川１丁目９番７号トップルーム品川１０１５号,2019-12-03,株式会社
株式会社ティーラ,神奈川県川崎市川崎区小田１丁目２１番１４号,2019-12-03,株式会社
株式会社ディアナ,大阪府大阪市北区浮田２丁目２番３号,2019-12-03,株式会社
株式会社ディレイス,静岡県浜松市南区若林町８６１番地の１、ミレニアムＵ１０５,2019-12-03,株式会社
株式会社デジデザイン,愛知県名古屋市昭和区元宮町５丁目１５番地の２,2019-12-03,株式会社
株式会社トップループ,東京都新宿区歌舞伎町２丁目２５番８号エコプレイス４０９号室,2019-12-03,株式会社
株式会社トリプルエー,東京都中央区日本橋小網町８番２号ＢＩＺＭＡＲＫＳ日本橋茅場町１階,2019-12-03,株式会社
株式会社ドンファイ１号,東京都港区元赤坂１丁目１番８号株式会社赤坂国際会計内,2019-12-03,株式会社
株式会社ナカノ,北海道枝幸郡中頓別町字中頓別２８番地１１,2019-12-03,株式会社
株式会社ネクサス,兵庫県伊丹市森本１丁目５６番地１０マンションピーク３０５号,2019-12-03,株式会社
株式会社ノーワン２１,東京都中央区銀座１丁目１４番１０号,2019-12-03,株式会社
株式会社バシズ,神奈川県鎌倉市津西２丁目２１番２７号,2019-12-03,株式会社
株式会社ヒューマングロースアカデミー,東京都新宿区西新宿７丁目４番７号イマス浜田ビル５階,2019-12-03,株式会社
株式会社ビジネス・デザイン・スタジアム,東京都中野区中野１丁目６０番５号,2019-12-03,株式会社
株式会社ビーアイノース,北海道札幌市中央区北十一条西２１丁目１番１号マルワビル２Ｆ,2019-12-03,株式会社
株式会社フジファクトリー,東京都西東京市新町１丁目２番１２号,2019-12-03,株式会社
株式会社フレンズ,山梨県上野原市秋山１４６１番地,2019-12-03,株式会社
株式会社ブックス江南,愛知県江南市赤童子町桜道１７２番地,2019-12-03,株式会社
株式会社プリママーケティング,群馬県前橋市上佐鳥町２５４番地１,2019-12-03,株式会社
株式会社ヘリオス,大分県速見郡日出町３４１９番地２０,2019-12-03,株式会社
株式会社ベイテック,千葉県千葉市美浜区打瀬１丁目６番地１－３－１１０４号,2019-12-03,株式会社
株式会社ペルパナス,東京都文京区白山１丁目３６－１３－１Ｆ,2019-12-03,株式会社
株式会社ボッサテクノロジー,東京都新宿区西新宿６丁目１５番１号,2019-12-03,株式会社
株式会社マークラボ,東京都多摩市馬引沢１丁目８番地の５,2019-12-03,株式会社
株式会社メイトＯ．Ｋ．Ｅ,大阪府堺市中区平井７３０番地,2019-12-03,株式会社
株式会社ユウアイ商事,千葉県館山市長須賀４２２番地,2019-12-03,株式会社
株式会社ユーシン永平堂不動産,山形県山形市八日町２丁目１番１７号,2019-12-03,株式会社
株式会社リアン・セカンド,東京都品川区荏原３丁目７番１４号,2019-12-03,株式会社
株式会社リトルスター,沖縄県那覇市字小禄１８３１番地１沖縄産業支援センター２０４,2019-12-03,株式会社
株式会社リペアカラー,北海道札幌市東区本町二条５丁目７番１３号,2019-12-03,株式会社
株式会社ワイエスケイティ,愛知県名古屋市西区花の木１丁目１２番２０号,2019-12-03,株式会社
株式会社ワイズコーポレーション,山口県防府市敷山町２６－５,2019-12-03,株式会社
株式会社ワンズリーチ,愛知県名古屋市昭和区鶴舞３丁目１２番２号,2019-12-03,株式会社
株式会社ワールド電気サービス,大阪府豊中市柴原町５丁目３番１号,2019-12-03,株式会社
株式会社ヴィルコ,東京都墨田区横川５丁目９番４－１９０８号,2019-12-03,株式会社
株式会社三晄テック,岐阜県美濃市生櫛６５７番地５,2019-12-03,株式会社
株式会社上野建設,奈良県桜井市大字大豆越１６３番地の１,2019-12-03,株式会社
株式会社丸岩総業,沖縄県浦添市牧港２丁目４３番１号,2019-12-03,株式会社
株式会社今野総建,愛知県豊明市三崎町丸ノ内７番地１エイワイ倉庫Ｂ棟Ｂ号,2019-12-03,株式会社
株式会社仕組み化,東京都品川区大崎４丁目１番７号ＶａｃａｎｃｙＯｆｆｉｃｅ,2019-12-03,株式会社
株式会社仮設施工,鹿児島県鹿児島市玉里団地３丁目１１番３号,2019-12-03,株式会社
株式会社伊勢ネット,三重県度会郡度会町大野木２５７３番地,2019-12-03,株式会社
株式会社佐々木テクノサポート,宮城県仙台市若林区若林１丁目１番２５号,2019-12-03,株式会社
株式会社価値創造,東京都新宿区早稲田鶴巻町５７０番地岡本ビル１０２,2019-12-03,株式会社
株式会社宇治技研,千葉県佐倉市中志津３丁目２９番１号,2019-12-03,株式会社
株式会社安本設備,東京都足立区西新井本町２丁目６番１６号,2019-12-03,株式会社
株式会社宝宝樹日本,東京都千代田区麹町１丁目１２番地,2019-12-03,株式会社
株式会社山口電業,神奈川県相模原市緑区二本松３丁目８番１７号,2019-12-03,株式会社
株式会社弘栄ドリームワークス,山形県山形市大字風間字地蔵山下２０６８番地,2019-12-03,株式会社
株式会社後藤板金工業,宮城県遠田郡涌谷町猪岡短台字桑畑１８番地,2019-12-03,株式会社
株式会社成田家,東京都西東京市西原町５丁目３番２８,2019-12-03,株式会社
株式会社日本建築土木企画,大阪府大阪市北区本庄東３丁目８番２号,2019-12-03,株式会社
株式会社暁工業,神奈川県横須賀市長井５丁目３２番２４号,2019-12-03,株式会社
株式会社本多＆カンパニー,東京都中央区新富１丁目１番７号,2019-12-03,株式会社
株式会社東光クリーニング,大阪府守口市東光町１丁目１０番１１号,2019-12-03,株式会社
株式会社松英,群馬県高崎市下里見町４３９番地２,2019-12-03,株式会社
株式会社柳屋ホールディングス,奈良県御所市大字古瀬５番地,2019-12-03,株式会社
株式会社横浜－ｓｔａｎｄａｒｄ,神奈川県横浜市港北区新吉田町４２３６番地,2019-12-03,株式会社
株式会社比良自動車,鹿児島県鹿児島市小野３丁目３番１０号,2019-12-03,株式会社
株式会社永泉,東京都練馬区南大泉５丁目２３番３号,2019-12-03,株式会社
株式会社沙沙貴,広島県呉市西鹿田２丁目１１番１８号,2019-12-03,株式会社
株式会社渡辺設備工業,東京都杉並区天沼１丁目２０－５ラ・ラウレアＡ号室,2019-12-03,株式会社
株式会社澤建,埼玉県久喜市古久喜１３６番地２,2019-12-03,株式会社
株式会社百年書籍,兵庫県神戸市東灘区御影３丁目２番１１号５,2019-12-03,株式会社
株式会社竜昇,熊本県熊本市北区小糸山町６９６番地,2019-12-03,株式会社
株式会社紐,東京都新宿区百人町２丁目１５番９号,2019-12-03,株式会社
株式会社綿井電設,京都府京都市山科区上花山講田町４５番地５,2019-12-03,株式会社
株式会社美－ｐｒｏｄｕｃｅ,滋賀県長浜市宮司町１１６１－２,2019-12-03,株式会社
株式会社裕幸工業,神奈川県川崎市川崎区小田１丁目２１番１４号,2019-12-03,株式会社
株式会社重伸トラスト,兵庫県姫路市南条４１３番地,2019-12-03,株式会社
株式会社馬場工務店,神奈川県海老名市東柏ケ谷６丁目１５番２１号,2019-12-03,株式会社
株式会社高瀬本店,福井県大野市錦町２番２０号,2019-12-03,株式会社
株式会社鹿児島装工,鹿児島県鹿児島市宇宿６丁目１３番５号,2019-12-03,株式会社
株式会社３Ｒ’ｓ,東京都新宿区歌舞伎町２丁目９番１８号,2019-12-03,株式会社
株式会社ＡＢＲ,岩手県盛岡市東見前４地割３５番地１,2019-12-03,株式会社
株式会社ＡＧＲＩコンセプト,東京都中央区月島２丁目１３番８号,2019-12-03,株式会社
株式会社ＡＳＴＥＸ,奈良県奈良市神功３丁目２－１６,2019-12-03,株式会社
株式会社ＡＴＴＲＡＣＴＩＶＥ,富山県高岡市能町南２丁目６３番地,2019-12-03,株式会社
株式会社ＡＶＡＮＴＩ,神奈川県座間市立野台２丁目８番１０－３０３号,2019-12-03,株式会社
株式会社Ａｄｃｈａｒｍ,東京都新宿区百人町１丁目１番１０号エスポワール新宿１０３,2019-12-03,株式会社
株式会社Ｂ－Ｌｉｎｅ,東京都港区南青山１丁目２番６号,2019-12-03,株式会社
株式会社ＢＩＮＷＡＮ,神奈川県平塚市横内４１７９－２０,2019-12-03,株式会社
株式会社ＢＲＯＴＨＥＲ　ＷＯＲＫＳ,大阪府大阪市西区立売堀６丁目８番３０－１２０３号,2019-12-03,株式会社
株式会社Ｂａｒｃｏｄｅｂｏｄｙ,京都府京都市西京区御陵大枝山町６丁目６番地１０,2019-12-03,株式会社
株式会社Ｂｅｌｌｋｅｙ,東京都新宿区北新宿１丁目１７番２０号,2019-12-03,株式会社
株式会社ＣＬＦ,大分県大分市高松東１丁目２番１０号,2019-12-03,株式会社
株式会社Ｃａｔｓ　ｇｒｏｕｐ　ＨＤ,広島県広島市中区銀山町１１番１号,2019-12-03,株式会社
株式会社Ｃｈａｒｇｅ　Ａｉｄ　Ｊａｐａｎ,東京都品川区北品川３丁目６番６号品川御殿山ビル２Ｆ,2019-12-03,株式会社
株式会社Ｃｉｒｃｕｌｏ,神奈川県高座郡寒川町宮山３５０４－２１０,2019-12-03,株式会社
株式会社ＤＥＬＩＣＥキョウト,京都府京都市西京区大枝沓掛町４番地の２４,2019-12-03,株式会社
株式会社ＤＥＮＤＯＨ,東京都渋谷区神南１丁目２０－２第一清水ビル３階,2019-12-03,株式会社
株式会社Ｄｏｂｌｅｔｅ,東京都台東区松が谷４丁目２５番９－７０２号,2019-12-03,株式会社
株式会社Ｆｉｌｏ,愛知県刈谷市高須町１丁目１２番地１３,2019-12-03,株式会社
株式会社Ｆｒｅｅ・Ｓｔｙｌｅ・Ｒｉｎｏ,福島県郡山市安積町笹川字蜂田３３番地２レオパレスミリオンハイツ２０２号室,2019-12-03,株式会社
株式会社ＧＡＩＮＹＡＸ,熊本県熊本市中央区桜町１番２５－１００１号,2019-12-03,株式会社
株式会社ＨｕＢｅａｕｕｕ,東京都渋谷区神宮前４丁目３２番１２号ニューウェイブ原宿,2019-12-03,株式会社
株式会社Ｉ－ｆｉｃ,島根県浜田市金城町追原１８９０番地,2019-12-03,株式会社
株式会社Ｉｓ,東京都港区元赤坂１丁目７番４号,2019-12-03,株式会社
株式会社ＪＭＡ,神奈川県足柄下郡湯河原町吉浜１８番地の４アデニウム真鶴７０１,2019-12-03,株式会社
株式会社Ｋ　ｃｏｍｐａｎｙ,宮城県石巻市向陽町２丁目２番９号,2019-12-03,株式会社
株式会社Ｋ・Ｓ,福岡県田川郡大任町大字今任原１０６８番地５,2019-12-03,株式会社
株式会社ＫＡＤ,宮城県仙台市太白区上野山２丁目１１番１３号αＮＥＸＴ仙台第１４－１０２,2019-12-03,株式会社
株式会社ＫＩＭＥＸ　ＪＡＰＡＮ,神奈川県横浜市青葉区鴨志田町５６９番地１グリーンヒル鴨志田西団地１棟３０１号,2019-12-03,株式会社
株式会社ＫＫコーポレーション,山梨県甲斐市富竹新田８５５番地７,2019-12-03,株式会社
株式会社ＬＳＢ,東京都豊島区南池袋２丁目２７番４号,2019-12-03,株式会社
株式会社Ｍ．Ｄ．Ｓ．Ｐｌａｎｎｅｒ,埼玉県春日部市小渕５４２番地１シティパルＡ３０２,2019-12-03,株式会社
株式会社ＭＤ,東京都中央区晴海３丁目１３番１,2019-12-03,株式会社
株式会社ＭＥＩ　ｆａｒｍ,徳島県美馬市脇町字拝原１１３１番地,2019-12-03,株式会社
株式会社ＭＩＷＡ,東京都千代田区平河町１丁目６番１５号ＵＳビル８階,2019-12-03,株式会社
株式会社ＭＯＶＥ,北海道札幌市白石区中央二条１丁目５番５０号浅沼ビル３Ｆ,2019-12-03,株式会社
株式会社Ｍｏｄｅｓｔ　ｈａｐｐｉｎｅｓｓ,東京都足立区千住旭町３３番２号,2019-12-03,株式会社
株式会社ＮＥＸＴ　ＧＡＴＥ,神奈川県高座郡寒川町中瀬１番９－３０４号,2019-12-03,株式会社
株式会社ＮＨＴＨ,滋賀県米原市顔戸２７０－１,2019-12-03,株式会社
株式会社ＮＯＡＨ,東京都台東区上野２丁目１２番１６号小島ビル１階Ｃ号,2019-12-03,株式会社
株式会社ＯＡＫ,東京都港区西新橋３丁目１７－７,2019-12-03,株式会社
株式会社ＰＡＴＨＲＥＥ,東京都港区南青山３丁目１番３０号エイベックスビルコワーキングスペース「ａｖｅｘＥＹＥ」内,2019-12-03,株式会社
株式会社ＰＬＵＳ　ＯＮＥ,兵庫県養父市大屋町中１３番地８０,2019-12-03,株式会社
株式会社ＰＯＮＴＥ,東京都葛飾区白鳥４丁目７番５号,2019-12-03,株式会社
株式会社Ｐｅａｋｙｓ,東京都新宿区四谷本塩町３番３号,2019-12-03,株式会社
株式会社Ｐｅｏｐｌｅ＆Ｐｌａｃｅ,東京都目黒区三田２丁目１０番地１２号エスティメゾン４０２,2019-12-03,株式会社
株式会社ＲＥ－ＳＯＣＩＡＬ,京都府相楽郡笠置町大字有市小字東畷２３番地,2019-12-03,株式会社
株式会社ＲＩＩＣＨＩ,大阪府大東市御領１丁目４番１３号,2019-12-03,株式会社
株式会社ＲＭＤ,宮城県仙台市太白区鈎取２丁目１０番４５号２０１,2019-12-03,株式会社
株式会社ＲＰ工業,兵庫県宍粟市一宮町嶋田２５１番地１,2019-12-03,株式会社
株式会社Ｓ．Ａ．Ｔ．,東京都新宿区西新宿１丁目２６番２号,2019-12-03,株式会社
株式会社ＳＡＢＡ　ＴＲＡＤＩＮＧ,群馬県伊勢崎市境下武士２６８２番地１ドミール長谷川２０３,2019-12-03,株式会社
株式会社ＳＭＡ,神奈川県藤沢市藤沢２丁目１番２－１０９号,2019-12-03,株式会社
株式会社Ｔ＆Ｔプロモーション,神奈川県厚木市中町４丁目１０－３－４Ｆ,2019-12-03,株式会社
株式会社ＴＨＥ　ＡＮＴＨＥＭ,東京都板橋区坂下２丁目２８番４号,2019-12-03,株式会社
株式会社ＴＨＥＲＥ,東京都港区芝浦２丁目４番６－８０８号,2019-12-03,株式会社
株式会社ＵＮＫＯＲＯ,東京都調布市調布ケ丘２丁目１５番地１ビリアベルデ４０８,2019-12-03,株式会社
株式会社ＵｌｙｓｓｅｓＲｉｏ,東京都中野区本町３丁目３１番１号,2019-12-03,株式会社
株式会社Ｖａｂｏｏ,東京都新宿区西新宿６丁目２０番７－１９０４号,2019-12-03,株式会社
株式会社ＷＥＢカルチャー,富山県射水市戸破字針原６９番地の１６,2019-12-03,株式会社
株式会社ＷＩＳＴＩＭ,神奈川県海老名市扇町１２番３０号ｉｖｙ１０１,2019-12-03,株式会社
株式会社Ｗｏｎｄｅｒ　Ｖｉｅｗ,熊本県熊本市中央区南坪井町２番１号,2019-12-03,株式会社
株式会社Ｗｒａｐ　Ｕｐ,京都府宇治市木幡御蔵山３９番地の７９７,2019-12-03,株式会社
株式会社ａＢｉｔｅ,京都府宮津市字鶴賀２０７４番地,2019-12-03,株式会社
株式会社ｂ－ｌｉｆｅ,東京都中野区中央１丁目２１番２－３１５号ＺＯＯＭ中野坂上,2019-12-03,株式会社
株式会社ｅ－ｇｕｌ,長野県千曲市大字倉科１４１５番地１２,2019-12-03,株式会社
株式会社ｅｍｏｔｉｏｎ,沖縄県宮古島市平良字西里５７番地２１,2019-12-03,株式会社
株式会社ｆｅｅｌｙ,東京都品川区東品川５丁目９番１５－１４１５号,2019-12-03,株式会社
株式会社ｇｌａｍ,東京都練馬区春日町３丁目４番９号２Ｆ,2019-12-03,株式会社
株式会社ｌｅａｐ,愛知県小牧市中央１丁目１９８番地ｋ－ｂｏｘ５Ｆ,2019-12-03,株式会社
株式会社ｌｉｆｅＦＩＴ,北海道札幌市手稲区西宮の沢一条５丁目４番１号,2019-12-03,株式会社
株式会社ｍａｓｕ　ｍａｓｕ,神奈川県大和市中央林間７丁目５番１－４０７号,2019-12-03,株式会社
武蔵野クリーンサービス合同会社,埼玉県所沢市和ケ原１丁目３０９２番３号,2019-12-03,合同会社
永明株式会社,東京都中央区日本橋堀留町１丁目６番３号パレドール日本橋５０５号室,2019-12-03,株式会社
海山海運株式会社,愛媛県今治市波方町郷乙４０９番地１１８,2019-12-03,株式会社
特定非営利活動法人かつらぎ・こどものやかた,兵庫県神戸市北区桂木１丁目２番地の４,2019-12-03,その他の設立登記法人
特定非営利活動法人はこぶね,愛知県名古屋市西区花の木３丁目１９番２号,2019-12-03,その他の設立登記法人
特定非営利活動法人ばんぶう倶楽部,神奈川県横浜市磯子区森１丁目１０－２０ライオンズステーションプラザ磯子６０４,2019-12-03,その他の設立登記法人
特定非営利活動法人まなあそび,京都府京都市伏見区醍醐一言寺裏町１７番地２０,2019-12-03,その他の設立登記法人
特定非営利活動法人日南こども食堂,宮崎県日南市油津３丁目６番２１号,2019-12-03,その他の設立登記法人
特定非営利活動法人Ｗ・Ｄ・Ｃ・Ｈ,神奈川県横浜市緑区北八朔町１００番地第二石橋ハイツＥ,2019-12-03,その他の設立登記法人
皆実社会保険労務士法人,広島県広島市中区白島北町３番１４号,2019-12-03,その他の設立登記法人
社会保険労務士法人コシカワ,東京都港区三田３丁目１番１７号,2019-12-03,その他の設立登記法人
福岡県家電協同組合,福岡県福岡市城南区茶山１丁目４番２３号,2019-12-03,その他の設立登記法人
税理士法人プライオリティ,愛知県名古屋市中区金山２丁目１１番１４号金山ビル５階,2019-12-03,その他の設立登記法人
蒼金型株式会社,静岡県静岡市駿河区広野６丁目１１番１１号,2019-12-03,株式会社
西念合同会社,東京都板橋区中丸町２２－２,2019-12-03,合同会社
金辰電子株式会社,東京都北区岩淵町３８番２５－１０１号,2019-12-03,株式会社
錦爛酒造株式会社,山形県東置賜郡高畠町大字元和田７３２番地,2019-12-03,株式会社
青田株式会社,東京都台東区東上野３丁目２２番２－２０３号クレアツィオーネ上野,2019-12-03,株式会社
Ａ　ｋｎｏｔ　ｏｆ　ｐｅｏｐｌｅ株式会社,岐阜県岐阜市住田町２丁目４番地南陽ビル,2019-12-03,株式会社
ＡＡＲ　ＥＮＴＥＲＰＲＩＳＥＳ,千葉県八街市大関６０番地１６コーポ大関２０５,2019-12-03,外国会社等
ＡＣＴ株式会社,神奈川県相模原市中央区相模原４丁目８番１４号,2019-12-03,株式会社
ＡＦＲＡ　ＴＲＡＤＩＮＧ　ＰＲＩＶＡＴＥ　ＬＩＭＩＴＥＤ,千葉県八街市沖１６７０番地１４Ｃ,2019-12-03,外国会社等
ＡＩＪＡＰＨＩＬＩＰＰＩＮＥＳ　ＣＯＲＰＯＲＡＴＩＯＮ,東京都墨田区江東橋１丁目９－８－４０７,2019-12-03,外国会社等
ＡＬＰＨＡ合同会社,愛知県豊田市美和町２丁目３番地,2019-12-03,合同会社
ＡＳＭＡ　ＥＮＴＥＲＰＲＩＳＥＳ,千葉県八街市八街へ２１５番地４３３Ａ,2019-12-03,外国会社等
Ａｅｒｏｇｅｎ　Ｊａｐａｎ株式会社,東京都千代田区霞が関３丁目２番６号東京倶楽部ビルディング１１階,2019-12-03,株式会社
Ａｓｉａ　Ｐａｃｉｆｉｃ　Ｐｒｏｐｅｒｔｙ　Ｓｅｒｖｉｃｅｓ合同会社,東京都新宿区高田馬場４丁目３８番１５－７０２号,2019-12-03,合同会社
Ａｔｌａｎｔｉｓ　Ｏｐｅｒａｔｉｏｎｓ　Ｊａｐａｎ合同会社,長崎県長崎市出島町１番４３号ながさき出島インキュベータ,2019-12-03,合同会社
Ｂｏｈｏｋｉｄｓ合同会社,福岡県福岡市早良区南庄１丁目５番２１－１０６号,2019-12-03,合同会社
Ｃ－ＦＡＣＴＯＲＹ株式会社,大阪府岸和田市八阪町２丁目２番１号,2019-12-03,株式会社
ＣＵＩＣＩＮ株式会社,東京都渋谷区神宮前４丁目２６番２８号２Ｆ,2019-12-03,株式会社
Ｄ．Ｋ．Ｄ　ＡＵＴＯ　ＬＡＮＫＡ,千葉県富里市十倉９０４番地４３十倉オフィス１号,2019-12-03,外国会社等
ＤＫ合同会社,京都府京都市中京区東木屋町通四条上る鍋屋町２１５番地ＳＡＫＩＺＯ木屋町２１５ビル５階,2019-12-03,合同会社
ＤＲＥＡＭホスピタリティリート投資法人,東京都千代田区平河町２丁目１６番１号,2019-12-03,その他の設立登記法人
Ｄｙｎａｍｉｃ　Ｃｒｅａｔｉｏｎ合同会社,東京都品川区東大井１丁目１１番２５－２２０６号,2019-12-03,合同会社
ＥＬＩＧＨＴ　ＮＩＰＰＯＮ株式会社,三重県桑名市大字下深谷部３４５番地２８,2019-12-03,株式会社
ＥＵＲＯ　ＡＵＴＯ　ＣＯＲＰＯＲＡＴＩＯＮ,千葉県八街市根古谷２８２－１７根古谷オフィス４,2019-12-03,外国会社等
Ｅｄｄｉｎｇｐｈａｒｍ株式会社,東京都千代田区霞が関３丁目２番６号東京倶楽部ビルディング１１階,2019-12-03,株式会社
Ｆ．Ｒ　ＥＮＴＥＲＰＲＩＳＥＳ,千葉県富里市十倉９０４番地４３十倉オフィス２号,2019-12-03,外国会社等
ＦＯＮＴＥ　Ｊａｐａｎ株式会社,栃木県小山市大字下石塚３４２番地,2019-12-03,株式会社
ＧＡＹＵＫＩ　ＪＡＰＡＮ株式会社,岐阜県各務原市川島小網町２１４２番地４４,2019-12-03,株式会社
ＧＱＤ株式会社,東京都江東区東陽４丁目９番１５号ジョイシティ東陽町５０３,2019-12-03,株式会社
ＧＴ　ＡＵＴＯ　ＴＲＡＤＩＮＧ,千葉県八街市根古谷２８２番地１７根古谷オフィス１号,2019-12-03,外国会社等
Ｇｅｅｋ　Ｈｉｖｅ株式会社,神奈川県川崎市多摩区菅野戸呂１７番２２号１０５,2019-12-03,株式会社
ＨＡＰＰＹ　ＬＡＮＤ合同会社,東京都小平市花小金井南町２丁目９番１９－１２号,2019-12-03,合同会社
ＨＡＷＷＡ　ＭＯＴＯＲＳ,千葉県富里市十倉９０４－４３十倉オフィス６,2019-12-03,外国会社等
Ｈｏｕｓｅ　ｔｏ　Ｈｏｗｓ合同会社,福岡県福岡市博多区博多駅前２丁目１９番１７号トーカン博多第５ビル３１２号室,2019-12-03,合同会社
Ｊ．ＳＴＡＲＢＯＡＲＤ株式会社,岡山県岡山市北区楢津４０９番地６,2019-12-03,株式会社
ＪＨＳＳ国際株式会社,東京都中央区湊２丁目１１番１号シティタワー銀座東１１２０号室,2019-12-03,株式会社
ＬＩＧＡＲＥ合同会社,石川県金沢市幸町２３－１シナジービル５Ｆ,2019-12-03,合同会社
ＬＭＴ合同会社,愛知県名古屋市中区大須１丁目３４番６号,2019-12-03,合同会社
Ｍ．Ｉ．Ｍ．ＭＯＴＯＲ　ＣＯＲＰＯＲＡＴＩＯＮ,千葉県八街市根古谷２８２番地１７根古谷オフィス６号,2019-12-03,外国会社等
ＭＡＹＤＡＹ株式会社,大阪府大阪市北区本庄西３丁目１０番３－１３０２号,2019-12-03,株式会社
ＭＥ　Ｒｅｎｏｐｌｕｓ株式会社,岐阜県岐阜市上土居１丁目１０－１－３０２,2019-12-03,株式会社
ＭＫ事業協同組合,千葉県千葉市中央区生実町１７１１番地１,2019-12-03,その他の設立登記法人
ＭＯＴＡ　ＡＳＩＡ株式会社,東京都港区麻布台２丁目１番２－１４０６号,2019-12-03,株式会社
ＭＳＬ合同会社,東京都品川区大井４丁目２番７号,2019-12-03,合同会社
Ｍａｌｓｈａ　Ａｕｔｏ　Ｔｒａｉｎｇ,千葉県八街市根古谷２８２番地１７根古谷オフィス３号,2019-12-03,外国会社等
Ｍａｓｈａ　Ｔｒａｄｉｎｇ　Ｐｖｔ　Ｌｔｄ,千葉県八街市沖１６７０番地１４Ｂ,2019-12-03,外国会社等
Ｍｏｏｒｕｎｇａ　Ｆａｒｍ　Ｐｔｙ　Ｌｔｄ,,2019-12-03,外国会社等
ＭｏｖｅＯｎテック株式会社,東京都文京区本駒込５丁目３２番５号ザ・パークハウス文京本駒込６０１号室,2019-12-03,株式会社
ＮＡＫＡＮＡ　ＴＲＡＤＩＮＧ,千葉県八街市根古谷２８２番地１７根古谷オフィス２号,2019-12-03,外国会社等
ＮＯＣ合同会社,東京都大田区大森北５丁目６－７ライツ大森１０４号室,2019-12-03,合同会社
ＮＰＯ法人是空,福岡県北九州市小倉北区弁天町１０番１０号,2019-12-03,その他の設立登記法人
ＮＰＯ法人東北フットゴルフ協会,宮城県仙台市青葉区国分町１丁目４番９号ｅｎｓｐａｃｅＧｏｏｄＤａｙ東北（株）内,2019-12-03,その他の設立登記法人
ＲＩＧＨＴ　ＳＯＬＵＴＩＯＮ株式会社,大阪府大阪市平野区長吉川辺３丁目８番２３号,2019-12-03,株式会社
ＲＯＤＲＩＧＯ　ＢＲＯＴＨＥＲＳ,千葉県八街市沖１６７０番地１４Ａ,2019-12-03,外国会社等
Ｓ．Ｍ　ＭＯＴＯＲ　ＴＲＡＤＩＮＧ,千葉県富里市十倉９０４番地４３十倉オフィス３号,2019-12-03,外国会社等
ＳＥＥＤ　ＯＮＥ　ＬＩＭＩＴＥＤ,,2019-12-03,外国会社等
ＳＲＳ株式会社,京都府京都市西京区山田南山田町１６－１アントレデゥブリーズ１０１,2019-12-03,株式会社
ＳＵＮＨＯＭＥ株式会社,岡山県倉敷市二日市２４３番地１,2019-12-03,株式会社
Ｓａｎｊａｎａ　Ｍｏｔｏｒｓ,千葉県八街市根古谷２８２番地１７根古谷オフィス５号,2019-12-03,外国会社等
Ｓｔ．Ｍｏｒｉｔｚ　１　Ｌｉｍｉｔｅｄ,,2019-12-03,外国会社等
ＴＨＥＮＡＲＡ　ＥＮＴＥＲＰＲＩＳＥＳ株式会社,茨城県坂東市長谷２６３番地１,2019-12-03,株式会社
ＵＮＩ　ＴＥＣＨ合同会社,群馬県伊勢崎市間野谷町２７８－Ｄ,2019-12-03,合同会社
ＶＩＲＡＪ　ＡＵＴＯ　ＣＯＲＰＯＲＡＴＩＯＮ,千葉県富里市十倉９０４番地４３十倉オフィス４号,2019-12-03,外国会社等
Ｖｅｒｉｔｕｓ　Ｎｉｓｅｋｏ　Ｌｔｄ,,2019-12-03,外国会社等
Ｗ．Ｒａｉｎｂｏｗｃｏｌｏｒ合同会社,愛知県豊橋市多米町字滝ノ谷３４番地２４９,2019-12-03,合同会社
ＷＡＫＡＢＡ合同会社,埼玉県八潮市八潮７丁目４３番地４エクセレントメゾン１０２号室,2019-12-03,合同会社
ＹＴＴ株式会社,埼玉県上尾市緑丘１丁目３番２８号,2019-12-03,株式会社
ｍａｒｓ　ｃｏｍｍｕｎｉｃａｔｉｏｎｓ合同会社,東京都世田谷区太子堂３丁目３０番２号３０２,2019-12-03,合同会社
ｒｅｌｙｅ株式会社,東京都新宿区四谷本塩町４番１５号,2019-12-03,株式会社
ｕｎｃｏｍ株式会社,大阪府大阪市中央区日本橋１丁目１１番１４号,2019-12-03,株式会社
きのした設計室株式会社,三重県松阪市伊勢寺町２８００番地１,2019-12-04,株式会社
ろくもじ株式会社,新潟県南魚沼市六日町１７６２番地,2019-12-04,株式会社
アイビー・グループ株式会社,東京都渋谷区恵比寿南１丁目３－８フルール橘３Ｆ,2019-12-04,株式会社
アサヤ開発株式会社,長野県佐久市岩村田４２９番地４,2019-12-04,株式会社
アニモ株式会社,岐阜県各務原市蘇原古市場町３丁目２７番地,2019-12-04,株式会社
アメリカン・エキスプレス・ホールディングス合同会社,東京都杉並区荻窪４丁目３０番１６号,2019-12-04,合同会社
アールプラスホーム株式会社,千葉県千葉市緑区あすみが丘５丁目７２番地５エステートピア幸Ｂ１０１号,2019-12-04,株式会社
エスエムエルグループ株式会社,長崎県佐世保市黒髪町６５１０番地１１５,2019-12-04,株式会社
カターラ株式会社,東京都練馬区東大泉６丁目３１番１０号,2019-12-04,株式会社
クラシード南大阪合同会社,大阪府阪南市石田６２４番地の２２,2019-12-04,合同会社
グリーアイ合同会社,京都府木津川市加茂町岡崎三光寺１０番地６,2019-12-04,合同会社
コスモ・ネットワークス合同会社,福岡県飯塚市伊川７９７,2019-12-04,合同会社
コーセイ開発株式会社,兵庫県伊丹市西台３丁目９番２２号,2019-12-04,株式会社
サンワ工業株式会社,愛知県名古屋市名東区猪子石原２丁目９１０番地の２ドゥベルネージュ１０３号室,2019-12-04,株式会社
サーボ機電設備株式会社,福岡県福岡市中央区舞鶴３丁目６番２３号,2019-12-04,株式会社
シースリー合同会社,静岡県浜松市北区細江町中川５３１４番地の４,2019-12-04,合同会社
ジャパンリーブス合同会社,東京都世田谷区中町５丁目２９番１１－４１３号,2019-12-04,合同会社
スカイメディカル株式会社,岡山県岡山市北区西古松２丁目７番１６号,2019-12-04,株式会社
ストレイワークス株式会社,愛知県岡崎市伝馬通５丁目７番地,2019-12-04,株式会社
スリーエス合同会社,東京都江東区亀戸３丁目４５番１６号７０３号室,2019-12-04,合同会社
スワローテック株式会社,香川県高松市高松町２４９９番地６,2019-12-04,株式会社
セイワ管理合同会社,兵庫県川西市下財町八丁目７番ＣＯＭＦＯＲＴ上の町２０１号,2019-12-04,合同会社
セントラルプロパティーズ株式会社,東京都品川区東五反田５丁目２７番５号,2019-12-04,株式会社
ソーラー森崎１合同会社,徳島県阿南市新野町新富８２番地１,2019-12-04,合同会社
ソーラー森崎２合同会社,徳島県阿南市新野町新富８２番地１,2019-12-04,合同会社
ソーラー森崎３合同会社,徳島県阿南市新野町新富８２番地１,2019-12-04,合同会社
ソーラー森崎４合同会社,徳島県阿南市新野町新富８２番地１,2019-12-04,合同会社
ソーラー森崎５合同会社,徳島県阿南市新野町新富８２番地１,2019-12-04,合同会社
タカシマ株式会社,大阪府泉南郡岬町淡輪３０２６番地の７７,2019-12-04,株式会社
ダブルヨーク株式会社,大阪府東大阪市上四条町１０番３４号,2019-12-04,株式会社
ダヤモンドライフ合同会社,愛知県豊橋市東光町１２番地,2019-12-04,合同会社
トラタマ発電Ⅱ合同会社,徳島県徳島市川内町平石夷野１３８番地の６,2019-12-04,合同会社
パッシブデザインプラス株式会社,東京都調布市西つつじケ丘４丁目２３番２０号４０２号室,2019-12-04,株式会社
パールプラス山口株式会社,東京都港区浜松町２丁目２番１５号２Ｆ,2019-12-04,株式会社
フェデック株式会社,山口県宇部市小松原町２丁目６番２号,2019-12-04,株式会社
ブリッジシーズ合同会社,東京都中央区銀座７丁目１３番６号サガミビル２階,2019-12-04,合同会社
ブルーボタンケア販売合同会社,岩手県滝沢市穴口４４１番地８,2019-12-04,合同会社
マレックス株式会社,東京都中央区京橋１丁目６番１３号金葉ビルディング,2019-12-04,株式会社
モンシエル合同会社,東京都港区麻布台３丁目５番３－２０２号,2019-12-04,合同会社
ヤオヨロズ合同会社,大阪府和泉市池田下町２３６番地の６,2019-12-04,合同会社
ヤマロクフーズ株式会社,京都府京都市右京区西京極豆田町２５番地,2019-12-04,株式会社
ユニコンジャパン株式会社,茨城県神栖市下幡木１０７３番地４,2019-12-04,株式会社
リクルートＴＳＷ渡邊総業株式会社,佐賀県杵島郡白石町大字福富下分１５９９番地,2019-12-04,株式会社
リワーク株式会社,埼玉県川口市大字安行吉蔵４６９番地の５,2019-12-04,株式会社
ルイミン株式会社,東京都荒川区南千住８丁目８番地１－１０３２号,2019-12-04,株式会社
ロイヤルアジア株式会社,神奈川県厚木市関口１００６番地１ビューハイツ厚木１０３,2019-12-04,株式会社
ロジテック東北株式会社,福島県本宮市荒井字北ノ内６０番地７,2019-12-04,株式会社
一般社団法人たいせつクリエ,福岡県福岡市中央区大手門１丁目９番８号吉住ビル２Ｆ,2019-12-04,その他の設立登記法人
一般社団法人アンジュ高度医療機構,神奈川県横浜市中区尾上町５丁目６９番地,2019-12-04,その他の設立登記法人
一般社団法人ウィステリア,東京都江東区大島５丁目４８番９号,2019-12-04,その他の設立登記法人
一般社団法人スパニスト協会,大阪府大阪市天王寺区生玉町１番２９－６０１号,2019-12-04,その他の設立登記法人
一般社団法人セミリタイア実践会,東京都豊島区東池袋４丁目５番１－３８０９号,2019-12-04,その他の設立登記法人
一般社団法人ペット＆ヒューマン健康アプローチセラピスト協会,大阪府和泉市いぶき野２丁目１２番１３号,2019-12-04,その他の設立登記法人
一般社団法人マネジメントシステム品質協会,東京都台東区台東１丁目１１番１０号,2019-12-04,その他の設立登記法人
一般社団法人住宅家屋災害調査協会,大阪府堺市堺区一条通１３－２０－２０３,2019-12-04,その他の設立登記法人
一般社団法人利他の樹,埼玉県比企郡滑川町みなみ野２丁目６－２,2019-12-04,その他の設立登記法人
一般社団法人国際ホリスティックケア協会,沖縄県中頭郡中城村字安里８３番地３,2019-12-04,その他の設立登記法人
一般社団法人太宰府創生協議会,福岡県太宰府市観世音寺１丁目１７番３号,2019-12-04,その他の設立登記法人
一般社団法人日本個性本質学協会,大阪府大阪市東成区大今里３丁目２０番１９－２０１号,2019-12-04,その他の設立登記法人
一般社団法人日本流鏑馬競技連盟,青森県十和田市大字三本木字佐井幅１１５番地２,2019-12-04,その他の設立登記法人
一般社団法人日本販売代行協会,福岡県福岡市博多区博多駅前３丁目２７番２５号,2019-12-04,その他の設立登記法人
一般社団法人泉州料理アカデミー,大阪府岸和田市小松里町２５１２,2019-12-04,その他の設立登記法人
一般社団法人総合型クラブたびスポ,長崎県平戸市田平町里免９３番地１,2019-12-04,その他の設立登記法人
一般社団法人高等教育開発研究所,東京都千代田区九段南１丁目５－６りそな九段ビル５Ｆ，ＫＳフロア,2019-12-04,その他の設立登記法人
一般社団法人ＣＬＦホールディングス,東京都中央区日本橋１丁目４番１号,2019-12-04,その他の設立登記法人
一般社団法人ＥＬＡＢ,東京都港区元赤坂１丁目７番１７号,2019-12-04,その他の設立登記法人
一般社団法人Ｆａｍｉｌｙコーポレーション,東京都荒川区荒川７丁目５０番９号センターまちや１号棟２１０１号室,2019-12-04,その他の設立登記法人
一般社団法人ＨＴ２,東京都千代田区神田佐久間町３丁目２７番３号ガーデンパークビル３階吉田・森本・石野税理士法人内,2019-12-04,その他の設立登記法人
一般社団法人Ｋｉｍｉｅ　Ｓｕｐｐｏｒｔ　Ｓｏｃｉｅｔｙ,神奈川県藤沢市辻堂２丁目１４番１２号,2019-12-04,その他の設立登記法人
一般社団法人Ｏｒａｎｇｅ仲間いばらき,茨城県水戸市新原１丁目１６番２１号,2019-12-04,その他の設立登記法人
一般社団法人ＰＥソーラー美並,東京都港区六本木３丁目２番１号六本木グランドタワー,2019-12-04,その他の設立登記法人
丸亀建設株式会社,鹿児島県鹿児島市中山町８２１番地７,2019-12-04,株式会社
京輝株式会社,埼玉県蕨市中央３丁目２２－１５金沢ビル２階,2019-12-04,株式会社
令和人事経営力合同会社,熊本県熊本市南区白藤２丁目３番８０－７０７号,2019-12-04,合同会社
伊勢の国株式会社,三重県津市海岸町８番１５号,2019-12-04,株式会社
光親プロジェクト株式会社,東京都武蔵村山市残堀４丁目９番地の５,2019-12-04,株式会社
内森医療株式会社,東京都千代田区東神田２丁目６番７－６０８号,2019-12-04,株式会社
医療法人ウィル,愛媛県松山市高井町７２８番地３,2019-12-04,その他の設立登記法人
医療法人優穂会,群馬県前橋市橳島町５５番地２,2019-12-04,その他の設立登記法人
医療法人壮翔会,神奈川県横浜市都筑区茅ケ崎中央１９番１号タウンスクエア３０１号,2019-12-04,その他の設立登記法人
医療法人明日美会,神奈川県鎌倉市大船４丁目１７番１７号メディカルプラザ鎌倉大船,2019-12-04,その他の設立登記法人
医療法人泰陽会,福岡県福岡市中央区鳥飼１丁目４番３１号,2019-12-04,その他の設立登記法人
医療法人清健会,福岡県福岡市中央区清川２丁目１２番２９号,2019-12-04,その他の設立登記法人
医療法人社団たけはら歯科クリニック,島根県浜田市相生町４２１５番地,2019-12-04,その他の設立登記法人
医療法人社団仁師会,兵庫県神戸市垂水区旭が丘１丁目３番３５号垂水マンション１０６号,2019-12-04,その他の設立登記法人
医療法人社団片瀬藤田デンタルクリニック,神奈川県藤沢市片瀬４丁目１０番１７号１階,2019-12-04,その他の設立登記法人
医療法人社団純真会,神奈川県横浜市戸塚区原宿４丁目１８番７号サンステージ原宿２階,2019-12-04,その他の設立登記法人
千愛株式会社,福岡県北九州市若松区小敷ひびきの１丁目１２番２１号,2019-12-04,株式会社
合同会社うじはらひろたか事務所,千葉県柏市松葉町７丁目２５番地２,2019-12-04,合同会社
合同会社ぴあ・すまいる,静岡県浜松市南区楊子町２９３番地,2019-12-04,合同会社
合同会社ぷらす,神奈川県横浜市南区別所５丁目１番５７号,2019-12-04,合同会社
合同会社ゆきひめ,千葉県千葉市花見川区天戸町７１８－３,2019-12-04,合同会社
合同会社アイデン通信,新潟県新潟市中央区小張木１丁目１４番８号,2019-12-04,合同会社
合同会社アイレ空調,静岡県浜松市東区市野町１６４６番地の７,2019-12-04,合同会社
合同会社アクシオエステート,愛知県みよし市三好町下畷２番地１,2019-12-04,合同会社
合同会社アプリズ,兵庫県西宮市甲風園１丁目６番９号幸風ビル３Ｆ,2019-12-04,合同会社
合同会社エスプロデュース,広島県広島市中区舟入町５番６号,2019-12-04,合同会社
合同会社エムスカンパニー,東京都府中市晴見町１丁目１７番地の２,2019-12-04,合同会社
合同会社オリオン,山形県米沢市東１丁目８番２７号,2019-12-04,合同会社
合同会社オーシャンド,東京都港区芝浦４丁目２２番１－２３０３号,2019-12-04,合同会社
合同会社ガニードゥエンタープライセス,千葉県八千代市島田９９７番地４,2019-12-04,合同会社
合同会社キヌコーポレーション,大阪府門真市野里町９番２１,2019-12-04,合同会社
合同会社クレリア,長野県佐久市御馬寄５９２番地５,2019-12-04,合同会社
合同会社グリー,東京都墨田区両国１丁目３番１１号,2019-12-04,合同会社
合同会社グリーンライズ,長崎県雲仙市小浜町金浜４８０番地第１,2019-12-04,合同会社
合同会社グレイス,東京都三鷹市野崎２丁目８番１号クラウンビル１０２号室,2019-12-04,合同会社
合同会社サロンドシェリ,東京都豊島区東池袋１丁目３６番５号笹屋ビル３０３,2019-12-04,合同会社
合同会社ステーグローパートナー,東京都新宿区新宿２丁目１４番４－９０８号,2019-12-04,合同会社
合同会社スペースシステムサポーターズ,東京都多摩市愛宕４丁目９番７号ハロッズプラザ２０１号,2019-12-04,合同会社
合同会社セトリア,東京都港区浜松町２丁目２番１５号浜松町ダイヤビル２Ｆ,2019-12-04,合同会社
合同会社ソナタ企画ＪＡＰＡＮ,東京都荒川区東日暮里６丁目５番７号,2019-12-04,合同会社
合同会社タニクリーン,茨城県稲敷市沼田２６８６番地１３,2019-12-04,合同会社
合同会社ダブルピース,静岡県静岡市葵区紺屋町８番１２号,2019-12-04,合同会社
合同会社テイクデザイン,熊本県八代市田中北町１８,2019-12-04,合同会社
合同会社テニショクサポート,静岡県静岡市葵区松富１丁目１３－５３,2019-12-04,合同会社
合同会社ドリーム・ＵＳ・ファンド４,東京都千代田区丸の内３丁目１番１号東京共同会計事務所内,2019-12-04,合同会社
合同会社ナインクリエイト,福岡県福岡市中央区輝国２丁目１０番１１－４０１号,2019-12-04,合同会社
合同会社ハヤカワ,三重県四日市市八王子町３０７番地６,2019-12-04,合同会社
合同会社ハローフーズ,滋賀県草津市野路町６５２番地,2019-12-04,合同会社
合同会社ビッグ商事,奈良県大和高田市大中南町２番５４号,2019-12-04,合同会社
合同会社ブルーラグーン,埼玉県所沢市大字北秋津７２０番地１カデール細渕ビル１０１号室,2019-12-04,合同会社
合同会社プログレス,兵庫県神戸市西区井吹台東町５丁目５番地の９,2019-12-04,合同会社
合同会社マシュー,大分県大分市大手町１丁目２番２７号第二皐月マンション６１３,2019-12-04,合同会社
合同会社ミニライズ,三重県鈴鹿市神戸９丁目２５番７号,2019-12-04,合同会社
合同会社メルシー,埼玉県春日部市八丁目４８７番地１２アムールユミット２０２号,2019-12-04,合同会社
合同会社リッチストリーム,東京都福生市大字熊川１６８４番地１０,2019-12-04,合同会社
合同会社ワークコネクティング,東京都新宿区百人町１丁目１番１０号エスポワール新宿１０３,2019-12-04,合同会社
合同会社住まいの花笠,埼玉県さいたま市中央区上落合７丁目７番２－２７０５号,2019-12-04,合同会社
合同会社住宅研究社,熊本県山鹿市山鹿３７９番地４,2019-12-04,合同会社
合同会社内山ケアマネジャー事務所,山口県周南市昭和通１丁目９番地２徳山プリンスマンション５０２,2019-12-04,合同会社
合同会社北研,北海道旭川市曙北二条８丁目１番１５号,2019-12-04,合同会社
合同会社太陽実業,香川県高松市国分寺町国分１１１６番地２,2019-12-04,合同会社
合同会社恒昇,香川県丸亀市田村町１２４５番地,2019-12-04,合同会社
合同会社恵葉乃葵,福岡県福岡市中央区春吉１丁目１４番５号,2019-12-04,合同会社
合同会社日本の物作り再構築,東京都中央区日本橋２丁目８番６号太陽生命ひまわり日本橋ビル４階,2019-12-04,合同会社
合同会社村上商事,北海道札幌市東区北二十二条東８丁目１番６－１０２号,2019-12-04,合同会社
合同会社櫻井中華そば店,神奈川県横浜市保土ケ谷区岩井町５３番地稲村ビル１階,2019-12-04,合同会社
合同会社気,東京都中央区佃２丁目１番１－３７０７号,2019-12-04,合同会社
合同会社百武,東京都練馬区高野台５丁目１１番７－１０１号,2019-12-04,合同会社
合同会社福々舎,岩手県盛岡市下ノ橋町６番８－６０２号,2019-12-04,合同会社
合同会社葉山サポートセンター,長崎県西彼杵郡時津町野田郷４０１－２,2019-12-04,合同会社
合同会社豊かさ研究所,東京都千代田区平河町１丁目６番１５号ＵＳビル８０２号室,2019-12-04,合同会社
合同会社豚人栗東店,滋賀県栗東市高野４２９－１吉本ビル１Ｆ,2019-12-04,合同会社
合同会社金内,神奈川県藤沢市獺郷３０番地の４,2019-12-04,合同会社
合同会社猪原＆カンパニー,東京都港区虎ノ門１丁目１２番１４号マスターズビル６階,2019-12-04,合同会社
合同会社ＡＢＹ,大阪府大阪市東淀川区東中島１丁目１７番５号ステュディオ新大阪８２８号室,2019-12-04,合同会社
合同会社ＡＣＯＴ,愛知県名古屋市昭和区阿由知通３丁目１８番地,2019-12-04,合同会社
合同会社ＡＧＣＤ,東京都新宿区百人町２丁目８番１３号,2019-12-04,合同会社
合同会社Ａｒｓ　ｌｉｆｅ　ｄｅｓｉｇｎ,岡山県岡山市中区海吉１９４４番地２,2019-12-04,合同会社
合同会社ＢＯＷコーポレーション,新潟県新潟市東区本所８６８番,2019-12-04,合同会社
合同会社ＥＨカンパニー,福岡県福岡市早良区重留２丁目３番１７号,2019-12-04,合同会社
合同会社ＧＧ,京都府京都市東山区八坂新地富永町１３４番地明日香ビル２階,2019-12-04,合同会社
合同会社ＧＬＯＢＡＬ　ＴＲＵＳＴ,神奈川県藤沢市石川４丁目２番地の９ラフィーネ藤沢１０１,2019-12-04,合同会社
合同会社Ｋ－４,熊本県熊本市中央区九品寺３丁目１５番４号,2019-12-04,合同会社
合同会社Ｋ－５,熊本県熊本市中央区九品寺３丁目１５番４号,2019-12-04,合同会社
合同会社Ｋ－６,熊本県熊本市中央区九品寺３丁目１５番４号,2019-12-04,合同会社
合同会社Ｋ－７,熊本県熊本市中央区九品寺３丁目１５番４号,2019-12-04,合同会社
合同会社ＫＢＴ　ＬＡＢＯ,福岡県糸島市篠原西２丁目７番８５号,2019-12-04,合同会社
合同会社ＬＡＯＧ,東京都千代田区麹町５丁目４番地,2019-12-04,合同会社
合同会社ＬＨマネジメント,東京都中央区日本橋２丁目８番６号太陽生命ひまわり日本橋ビル４階,2019-12-04,合同会社
合同会社ＬＳＭサポート,新潟県新潟市中央区関新１丁目６番１４号,2019-12-04,合同会社
合同会社ＭＡＧ,石川県河北郡内灘町字鶴ケ丘４丁目３３番地３,2019-12-04,合同会社
合同会社ＭＩＮ,京都府京都市左京区松ケ崎小脇町２８番地１１,2019-12-04,合同会社
合同会社ＭＯＨ,三重県四日市市別名５丁目３番１号,2019-12-04,合同会社
合同会社ＭＯＲＩＦＵＪＩ,福岡県福岡市南区老司２丁目２８番１８号,2019-12-04,合同会社
合同会社ＭＳｂｅｌｌ,広島県広島市西区己斐上３丁目３１番２０号,2019-12-04,合同会社
合同会社ＰＰＫ１,熊本県熊本市中央区世安町１３２－１－９０２,2019-12-04,合同会社
合同会社ＰＰＫ２,熊本県熊本市中央区世安町１３２－１－９０２,2019-12-04,合同会社
合同会社ＲＭＡ新都心ハウス,埼玉県さいたま市中央区上落合７丁目７番２－２７０５号,2019-12-04,合同会社
合同会社ＳＣＬキャピタル,東京都渋谷区広尾１丁目１番３９号,2019-12-04,合同会社
合同会社ＳＬＩＳＴ,東京都多摩市諏訪３丁目１４番地の１０ホワイトハウス１－Ｂ,2019-12-04,合同会社
合同会社ＳＰＩＲＩＴ－１,京都府京都市左京区一乗寺出口町３７番地４,2019-12-04,合同会社
合同会社ＳＵＮａｓｓｉｓｔ,岩手県紫波郡矢巾町医大通２丁目１０番６号,2019-12-04,合同会社
合同会社ＳｈｏｎａｎＴｒａｄｅＣｅｎｔｅｒ,神奈川県茅ヶ崎市東海岸北２丁目１１番４６号,2019-12-04,合同会社
合同会社ＴＡＫＡＮＡ,千葉県我孫子市我孫子２丁目５番３０１号,2019-12-04,合同会社
合同会社ＴＡＫＥＫＯ　ＡＲＴ,福岡県福岡市博多区板付４丁目７番１号,2019-12-04,合同会社
合同会社ＴＥＲＲＡＣＥ,山口県下関市大字田倉６７５番地２Ｆ,2019-12-04,合同会社
合同会社Ｔｒｉｐｌｅ　Ｗｉｎ,静岡県浜松市南区楊子町１７５番地の１,2019-12-04,合同会社
合同会社Ｚ,東京都大田区田園調布２丁目２４番６号,2019-12-04,合同会社
合同会社ｆｅｅ　ｃｌｏｃｈｅｔｔｅ,東京都葛飾区東立石４丁目４５番２３－１０１号セザールリバーサイド立石,2019-12-04,合同会社
合同会社ｈａｊｉｍｅ,和歌山県和歌山市永穂３３７番６号,2019-12-04,合同会社
合同会社ｓｔｏｒｉａ,東京都港区浜松町２丁目２番１５号浜松町ダイヤハイツ２Ｆ,2019-12-04,合同会社
合同会社ｙ．ｎｏｚａｗａ,北海道函館市富岡町２丁目１７番１６－３０４号,2019-12-04,合同会社
合名会社オフィスＫＫ,山口県防府市千日２丁目１４番４５号,2019-12-04,合名会社
合資会社ＭＩＫ,東京都立川市錦町１丁目４番２０号ＴＳＣビル５階,2019-12-04,合資会社
和音合同会社,東京都港区新橋２丁目２番４新橋パイオニアビル４Ｆ,2019-12-04,合同会社
喜進株式会社,東京都八王子市南町５番６号サンビュー南町２０１号,2019-12-04,株式会社
国分寺機工合同会社,香川県高松市国分寺町福家甲２３２５番地４,2019-12-04,合同会社
坂元運送株式会社,大阪府大阪市東淀川区下新庄５丁目１番５３号,2019-12-04,株式会社
坂本税理士法人,大阪府大阪市中央区内本町２丁目３番８号,2019-12-04,その他の設立登記法人
大台ヶ原・大峯山・大杉谷ユネスコエコパーク協議会,三重県多気郡大台町佐原７５０番地　三重県大台町役場企画課内,2019-12-04,その他
姶良環境開発合同会社,鹿児島県鹿児島市田上台３丁目２０番２７号,2019-12-04,合同会社
実成フードプランニング株式会社,東京都渋谷区本町２丁目４１番６号,2019-12-04,株式会社
岡田産業株式会社,茨城県結城市新矢畑３番地６,2019-12-04,株式会社
岡野農業生産株式会社,茨城県筑西市田宿４４４番地,2019-12-04,株式会社
巴エンタープライズ株式会社,千葉県千葉市美浜区高洲２丁目３番１４号,2019-12-04,株式会社
愛媛ＨＡＲＵＫＡ株式会社,愛媛県伊予市下三谷２４１番地１,2019-12-04,株式会社
撿雲株式会社,埼玉県川口市幸町１丁目３番３１－１１０７号ライオンズシティ川口,2019-12-04,株式会社
日本エステート保証株式会社,福岡県福岡市中央区薬院２丁目２番２４－３０４号,2019-12-04,株式会社
日本戦略投資株式会社,神奈川県横浜市中区山下町１２９,2019-12-04,株式会社
日産証券システムソリューションズ株式会社,東京都中央区日本橋蛎殻町１丁目３８番１１号,2019-12-04,株式会社
有限会社三埼屋,新潟県新潟市西区寺地２０１５番地,2019-12-04,有限会社
東和合同会社,大阪府大阪市中央区島之内２丁目４－１６,2019-12-04,合同会社
東洋産業株式会社,北海道苫小牧市大町９番地,2019-12-04,株式会社
東海ドリーム協同組合,三重県四日市市ときわ２丁目１２番２３号,2019-12-04,その他の設立登記法人
東海ビジネスサポート合同会社,愛知県名古屋市港区入船１丁目４－２７スクエア名古屋港６０３,2019-12-04,合同会社
松本ホールディングス合同会社,熊本県熊本市中央区本山町１０６サーパスシティ１４０４,2019-12-04,合同会社
株式会社あたる,福岡県糸島市志摩師吉８１７番地１,2019-12-04,株式会社
株式会社あらい,新潟県新潟市中央区東万代町９番２６号,2019-12-04,株式会社
株式会社うを勝,愛知県岡崎市康生通南３丁目１９番地,2019-12-04,株式会社
株式会社おうらい,広島県広島市東区光町１丁目２番２８－７０３号,2019-12-04,株式会社
株式会社おらぶ,大分県大分市田室町９番８０号アーバン田室２０６,2019-12-04,株式会社
株式会社かねやま村,山形県南陽市金山２８７番地,2019-12-04,株式会社
株式会社さくらフォールズＦＡ,山形県山形市飯田西５丁目５番８号,2019-12-04,株式会社
株式会社しま動物病院,福島県郡山市富久山町久保田字伊賀河原８３番地,2019-12-04,株式会社
株式会社なつの実,山口県下関市清末東町５丁目６９１番地３,2019-12-04,株式会社
株式会社にんべん屋,静岡県静岡市葵区昭和町５番地の９,2019-12-04,株式会社
株式会社ねむりの樹,東京都文京区西片１丁目１７番４号,2019-12-04,株式会社
株式会社のはら,沖縄県那覇市楚辺２丁目３４番４８号,2019-12-04,株式会社
株式会社ふじラボ構造設計事務所,岡山県岡山市南区妹尾７９５番地１２,2019-12-04,株式会社
株式会社ぷらすパートナーズ,岐阜県岐阜市萱場南１丁目９番１３号,2019-12-04,株式会社
株式会社ほしいも販売,茨城県那珂郡東海村大字須和間４２番地２,2019-12-04,株式会社
株式会社みんなの,京都府京都市左京区岩倉花園町４８４番地３,2019-12-04,株式会社
株式会社もみＫＩＮＧ,愛知県春日井市味美上ノ町２０６９番地,2019-12-04,株式会社
株式会社やわた,千葉県市原市八幡北町３丁目９番地１３,2019-12-04,株式会社
株式会社ゆいちｃｏｎｓｕｌｔｉｎｇ,福岡県福岡市城南区別府２丁目２１－２４－３０７,2019-12-04,株式会社
株式会社りんかい,熊本県阿蘇市蔵原１１１４番地３,2019-12-04,株式会社
株式会社アイ・クレイシュ,愛媛県松山市溝辺町１０１２番地１,2019-12-04,株式会社
株式会社アカデメイアＱ,埼玉県深谷市永田字滝ノ上１５８番地２６,2019-12-04,株式会社
株式会社アグヌス,兵庫県川辺郡猪名川町若葉２丁目４５番地５,2019-12-04,株式会社
株式会社アシストグループはじめ工務店,神奈川県相模原市南区新磯野３４４,2019-12-04,株式会社
株式会社アルティス,鳥取県鳥取市相生町２丁目４２１番地１,2019-12-04,株式会社
株式会社アルテックス,東京都調布市八雲台１丁目９番地１２,2019-12-04,株式会社
株式会社アンティバックプラス住家,東京都新宿区舟町７舟町ビルＰ５,2019-12-04,株式会社
株式会社イタミ,岡山県岡山市北区大学町６番１０号,2019-12-04,株式会社
株式会社インハイ,東京都港区浜松町２丁目２番１５号浜松町ダイヤビル２Ｆ,2019-12-04,株式会社
株式会社ウスクラ工務店,東京都江東区北砂３丁目３８番１０号,2019-12-04,株式会社
株式会社エイトブリッジ,静岡県浜松市東区笠井町２５５,2019-12-04,株式会社
株式会社エス・エム・プロジェクト,石川県金沢市神野町西２６８番地３,2019-12-04,株式会社
株式会社エヌティ精工,鹿児島県鹿児島市小山田町７０６３番地１,2019-12-04,株式会社
株式会社エンプラッツ,北海道函館市神山町２３３番地２１,2019-12-04,株式会社
株式会社エーステクニカルサービス,岡山県岡山市北区吉備津１０７３番地,2019-12-04,株式会社
株式会社エール,東京都豊島区池袋３丁目３番３号,2019-12-04,株式会社
株式会社エール,熊本県熊本市中央区西阿弥陀寺町１番１号グランピアニュースカイ前１０５号,2019-12-04,株式会社
株式会社オフィスなだや,鹿児島県鹿児島市西坂元町１９－１,2019-12-04,株式会社
株式会社オルソン,東京都八王子市明神町４丁目１番９号シャンボール八王子１００２号,2019-12-04,株式会社
株式会社オーベロンホールディングス,千葉県千葉市緑区あすみが丘８丁目１３番地１３,2019-12-04,株式会社
株式会社カラクニ事務所,東京都立川市柏町１丁目３０番地の２,2019-12-04,株式会社
株式会社カルミア,神奈川県川崎市多摩区宿河原３丁目１０番１９－３０３号,2019-12-04,株式会社
株式会社クマホーム,福岡県福岡市早良区賀茂４丁目４番７ー１０２号,2019-12-04,株式会社
株式会社クラフト電機工業,鹿児島県鹿児島市錦江台１丁目２４番１６号,2019-12-04,株式会社
株式会社クリエイトマップ,北海道旭川市東光三条５丁目４番５号,2019-12-04,株式会社
株式会社グラン,大阪府大阪市東住吉区杭全４丁目１２番８号,2019-12-04,株式会社
株式会社グローイング,兵庫県神戸市東灘区田中町１丁目１５－９,2019-12-04,株式会社
株式会社コルセ,福岡県行橋市大字大野井８３２番地,2019-12-04,株式会社
株式会社サンシャイングローバル,東京都港区六本木６丁目１０番１号六本木ヒルズ森タワー,2019-12-04,株式会社
株式会社サンマリア,京都府京都市伏見区中島堀端町１０８番地,2019-12-04,株式会社
株式会社シンフォニア不動産,山口県下関市一の宮学園町１４番７号,2019-12-04,株式会社
株式会社シンライ,神奈川県座間市栗原中央３丁目３１番７号ソネアーク２階Ａ号室,2019-12-04,株式会社
株式会社ジャム・プロップ,北海道札幌市南区石山５８８番地１７,2019-12-04,株式会社
株式会社スタジョーネ,和歌山県有田郡有田川町大字川口８８０番地,2019-12-04,株式会社
株式会社スタック,東京都江東区亀戸１丁目２７番４号,2019-12-04,株式会社
株式会社スプレッドスマイル,兵庫県明石市大久保町大久保町５６３番地１６,2019-12-04,株式会社
株式会社スリーエスホールディングス,東京都港区三田２丁目４番３号,2019-12-04,株式会社
株式会社セイト,愛知県名古屋市港区港栄３丁目１９－２６,2019-12-04,株式会社
株式会社セブンフォーセブン,岡山県岡山市北区足守１７２３番地,2019-12-04,株式会社
株式会社ゼロモータース,埼玉県上尾市東町３丁目１５５８番地１,2019-12-04,株式会社
株式会社タイガーチック,岡山県岡山市北区天神町９番１１号,2019-12-04,株式会社
株式会社タカスギ,埼玉県鴻巣市小松４丁目１番１３号,2019-12-04,株式会社
株式会社タクヤ工業,大阪府大阪市北区長柄東１丁目１番１１－２０２号,2019-12-04,株式会社
株式会社タスティ,岡山県倉敷市連島中央１丁目２番４０－３号,2019-12-04,株式会社
株式会社チャプチャプ,東京都江東区大島７丁目４１番８号カーサ東大島３０３,2019-12-04,株式会社
株式会社ツカ建,東京都板橋区前野町３丁目３７番１－１５０４号,2019-12-04,株式会社
株式会社テンダースペース,高知県高知市旭町３丁目７７番地２,2019-12-04,株式会社
株式会社デナリファーム,山口県岩国市由宇町神東１３３０番地２,2019-12-04,株式会社
株式会社トムズ・クリエイティブ,東京都渋谷区神宮前３丁目４２番６号,2019-12-04,株式会社
株式会社トラベル福井,福井県あわら市自由ケ丘２丁目２５番２４号,2019-12-04,株式会社
株式会社トランステイク,千葉県船橋市大穴南２丁目１７番２５号,2019-12-04,株式会社
株式会社ドライブシャフト,東京都港区南青山３丁目１５番９号,2019-12-04,株式会社
株式会社ナックス,千葉県市川市塩浜２丁目３番１０号,2019-12-04,株式会社
株式会社ノーストレイド,北海道札幌市東区伏古十三条３丁目１９番１号,2019-12-04,株式会社
株式会社ハイハイ,福岡県大野城市月の浦１丁目２３－８,2019-12-04,株式会社
株式会社ハウス王,大阪府大阪市淀川区新北野１丁目６番２号,2019-12-04,株式会社
株式会社パーキングクラウド,兵庫県神戸市兵庫区松原通４丁目４－１８,2019-12-04,株式会社
株式会社ビオス,愛知県名古屋市瑞穂区瑞穂通２丁目１２番地メゾン・ドゥ・ル・フラン１Ｆ,2019-12-04,株式会社
株式会社ビッグウェーブコーポレーション,静岡県藤枝市水上６番地の７,2019-12-04,株式会社
株式会社フルール,徳島県阿南市富岡町あ王谷５２番２４,2019-12-04,株式会社
株式会社フロンティアファーム知多,愛知県知多郡阿久比町大字白沢字池下１３番地１,2019-12-04,株式会社
株式会社フードロスホールディングス,東京都江東区古石場２丁目１１－７ＤＡＤＡビル,2019-12-04,株式会社
株式会社ブレイン,栃木県鹿沼市西沢町１２７８番地１,2019-12-04,株式会社
株式会社プラシア,静岡県袋井市小川町１２番地１７アパートａｍｐｍ１Ｆ,2019-12-04,株式会社
株式会社ホワイトバード,東京都世田谷区南烏山６丁目７番１２号,2019-12-04,株式会社
株式会社メジャーナインジャパン,東京都港区赤坂２丁目８番１２号,2019-12-04,株式会社
株式会社メディアアシストＮｅｘｔ　Ｏｎｅ,山口県山陽小野田市中川５丁目９番７号,2019-12-04,株式会社
株式会社モカコーポレーション,兵庫県神戸市中央区栄町通２丁目８番１２号,2019-12-04,株式会社
株式会社ヤオショウ,熊本県熊本市北区高平３丁目１３番３１号ピュア５　５０１号,2019-12-04,株式会社
株式会社ユニイズム,兵庫県神戸市中央区浜辺通６丁目１番１－１９１４号,2019-12-04,株式会社
株式会社ライフクリーン,埼玉県日高市大字高萩６５５番地２３－１０２,2019-12-04,株式会社
株式会社ライ人,滋賀県栗東市小柿６丁目５１５,2019-12-04,株式会社
株式会社リアースワン,宮崎県都城市下長飯町７３０番地２,2019-12-04,株式会社
株式会社リソースフル,静岡県浜松市東区和田町２７７番地の４,2019-12-04,株式会社
株式会社リムワーク,愛知県蒲郡市港町１８番２３号,2019-12-04,株式会社
株式会社リヨンドール,東京都豊島区池袋１丁目１６番２０号,2019-12-04,株式会社
株式会社レーゼン,東京都渋谷区桜丘町３０番１５号,2019-12-04,株式会社
株式会社ロッツエン企画,東京都中央区八丁堀１丁目８番１号,2019-12-04,株式会社
株式会社三共リース,宮城県仙台市宮城野区福室１丁目３番１０号,2019-12-04,株式会社
株式会社三友工業,茨城県結城市中央町２丁目９番地１９,2019-12-04,株式会社
株式会社三壱商事,大阪府吹田市垂水町３丁目５番３０－４０１号,2019-12-04,株式会社
株式会社三松,和歌山県新宮市浮島５番２８号,2019-12-04,株式会社
株式会社三葉,兵庫県宝塚市中筋８丁目１１番４６号クレセントハイツ今里１０１号,2019-12-04,株式会社
株式会社中和,東京都豊島区西池袋１丁目３１番５号,2019-12-04,株式会社
株式会社中尾左官,奈良県北葛城郡広陵町大字百済１９８４番地,2019-12-04,株式会社
株式会社丸三,静岡県浜松市東区上新屋町９番地の４,2019-12-04,株式会社
株式会社丸瀬,岡山県岡山市東区光津４７７番地２,2019-12-04,株式会社
株式会社丸高空調,静岡県浜松市中区佐鳴台１丁目２０番２０号,2019-12-04,株式会社
株式会社五島列島なかむらただし社,長崎県五島市松山町９９番地９,2019-12-04,株式会社
株式会社令和メイカーズ,埼玉県所沢市小手指町４丁目２１番２２号,2019-12-04,株式会社
株式会社令和環境,沖縄県南城市大里字大里１７７０番地１,2019-12-04,株式会社
株式会社会立華,兵庫県丹波市青垣町小稗６６番地１,2019-12-04,株式会社
株式会社住まいエステート,千葉県千葉市花見川区犢橋町１６４９番地９－１階,2019-12-04,株式会社
株式会社体験入社,神奈川県鎌倉市長谷２丁目１番７号２階,2019-12-04,株式会社
株式会社信達,東京都台東区入谷１丁目４番３号ライオンズマンション鶯谷７０４号,2019-12-04,株式会社
株式会社光エンジニアリングサービス,宮城県仙台市青葉区一番町１丁目１７番２６号,2019-12-04,株式会社
株式会社八丁,埼玉県所沢市緑町４丁目６番６－３０２号,2019-12-04,株式会社
株式会社八七産業,石川県かほく市白尾カ８３番地２,2019-12-04,株式会社
株式会社凛成,岐阜県海津市海津町長久保２７５番地,2019-12-04,株式会社
株式会社切撮屋,岐阜県羽島市正木町新井８１８番地１,2019-12-04,株式会社
株式会社南都開発,岡山県岡山市北区神田町２丁目５－３８　２Ｆ,2019-12-04,株式会社
株式会社和田屋,宮城県多賀城市八幡３丁目１１番３号,2019-12-04,株式会社
株式会社地中海工業,愛知県豊橋市牟呂町字大塚５０番地２,2019-12-04,株式会社
株式会社夏目こころのコンサルティング,奈良県奈良市あやめ池南１丁目７番５０－３０２号,2019-12-04,株式会社
株式会社外国人仕事サポートセンター,福岡県福岡市中央区天神４丁目７番１１号クレアビル４階,2019-12-04,株式会社
株式会社大松,兵庫県加古川市神野町石守１９７３番地,2019-12-04,株式会社
株式会社大桃,千葉県銚子市潮見町２番地の９,2019-12-04,株式会社
株式会社大翔建設,兵庫県姫路市南条５６３番地,2019-12-04,株式会社
株式会社太翔,大阪府大阪市東住吉区北田辺１丁目５番１４号,2019-12-04,株式会社
株式会社奥地通信,三重県亀山市アイリス町１２番地６１,2019-12-04,株式会社
株式会社媛舞踊,愛媛県松山市二番町１丁目３番地３サンプラザビル８８－５Ｆ,2019-12-04,株式会社
株式会社宅建ファミリー少短準備会社,東京都千代田区九段北３丁目２番１１号,2019-12-04,株式会社
株式会社安藤電設,愛知県長久手市岩作寺山５番地４,2019-12-04,株式会社
株式会社宗明工業,愛知県名古屋市守山区大字上志段味字海東４５３番地グランチェスタⅡ１０２号,2019-12-04,株式会社
株式会社小杉ネーム,岐阜県羽島市正木町不破一色３９２番地１,2019-12-04,株式会社
株式会社小野商店,福島県福島市森合字柳内１番地の２５,2019-12-04,株式会社
株式会社岸川商店,福岡県北九州市若松区大字安屋３２０２番地３,2019-12-04,株式会社
株式会社川渕電気,福岡県福岡市東区香椎駅東３丁目２４番４７号,2019-12-04,株式会社
株式会社志田不動産企画,佐賀県武雄市橘町大字芦原５５９１番地５,2019-12-04,株式会社
株式会社愛らん農園,熊本県天草市河浦町今富３０３０番地,2019-12-04,株式会社
株式会社日本トランスレーショナルメディシン研究会,東京都千代田区二番町６番地３－８０２号室,2019-12-04,株式会社
株式会社日本モータース,神奈川県座間市立野台３丁目２５番４５号立野台ビューハイツ２０２,2019-12-04,株式会社
株式会社日輝商事,大阪府大阪市中央区博労町１丁目８番８号,2019-12-04,株式会社
株式会社旭実業,福岡県福岡市東区和白丘１丁目１３番１－２０１号,2019-12-04,株式会社
株式会社晴江,東京都日野市程久保３丁目１９番地の１６,2019-12-04,株式会社
株式会社木村硝子工事,愛知県海部郡大治町大字西條字西之割７２番地の８,2019-12-04,株式会社
株式会社松かき,愛知県安城市城南町２丁目９番地２２,2019-12-04,株式会社
株式会社果伸,神奈川県相模原市南区栄町１３番１５号,2019-12-04,株式会社
株式会社柏盛貿易,佐賀県佐賀市六座町２番１８号,2019-12-04,株式会社
株式会社柳原屋,神奈川県横浜市旭区東希望が丘９９番地・山田フルーツビル１Ｆ,2019-12-04,株式会社
株式会社栄都建設,大阪府大阪市西区江之子島１丁目７番３号奥内阿波座駅前ビル１３０９,2019-12-04,株式会社
株式会社梁’ｓＦＬＯＯＲ,和歌山県和歌山市加納１５６番地１４,2019-12-04,株式会社
株式会社楽圓岡作,石川県金沢市田上町レ５９番地,2019-12-04,株式会社
株式会社横山工業,岐阜県各務原市那加甥田町１１６番地,2019-12-04,株式会社
株式会社氏家新聞販売,栃木県さくら市櫻野１０７２番地２,2019-12-04,株式会社
株式会社水戸修学社,茨城県水戸市宮町１丁目９番８－１００２号,2019-12-04,株式会社
株式会社渡部製作所,埼玉県さいたま市岩槻区大字掛５３７番地１,2019-12-04,株式会社
株式会社湘南教育企画,神奈川県藤沢市鵠沼橘１丁目５番１号,2019-12-04,株式会社
株式会社滝下工業,広島県広島市西区己斐上３丁目６番１－２０２号,2019-12-04,株式会社
株式会社熊本機械,熊本県熊本市中央区黒髪２丁目３９番１号,2019-12-04,株式会社
株式会社燈,鹿児島県肝属郡錦江町城元８５２－１,2019-12-04,株式会社
株式会社片藤土地開発,岡山県岡山市北区神田町２丁目５－３８　２Ｆ,2019-12-04,株式会社
株式会社瓜々,京都府京都市伏見区竹田久保町２番地９８,2019-12-04,株式会社
株式会社田中,宮城県亘理郡亘理町吉田字松元２０９番地の１０,2019-12-04,株式会社
株式会社田中機工,兵庫県小野市大島町２２２番地,2019-12-04,株式会社
株式会社白田設計事務所,石川県金沢市割出町２６１番地２,2019-12-04,株式会社
株式会社石井新聞販売店,栃木県那須塩原市永田町１４番地２０,2019-12-04,株式会社
株式会社石原企画,北海道北見市小泉４９０番地,2019-12-04,株式会社
株式会社石本商店,大阪府大阪市住吉区万代３丁目８番５号,2019-12-04,株式会社
株式会社神海人神撰素材,熊本県上天草市大矢野町上５８１２番地２,2019-12-04,株式会社
株式会社秀和,長野県長野市上野１丁目９８９番地３,2019-12-04,株式会社
株式会社稲留空調,鹿児島県曽於市末吉町諏訪方３３０８番地,2019-12-04,株式会社
株式会社笑顔サロン,神奈川県横浜市都筑区すみれが丘４３番地１３－２０６,2019-12-04,株式会社
株式会社笠井牧場,北海道標津郡中標津町字開陽二十四線北５７番地５,2019-12-04,株式会社
株式会社緒,山口県山口市湯田温泉１丁目９番５号アビターレＹｕｄａ１０１号,2019-12-04,株式会社
株式会社編集工房ソシエタス,東京都江戸川区中央１丁目３番１－９０１号,2019-12-04,株式会社
株式会社美和田屋,島根県松江市下東川津町２９２番地１,2019-12-04,株式会社
株式会社美建,静岡県浜松市中区小豆餅３丁目２９番１０号小豆餅クローバービル１０６,2019-12-04,株式会社
株式会社荒新,新潟県村上市坂町６３４番地２１３,2019-12-04,株式会社
株式会社菊屋畜産,茨城県常総市内守谷町５９７７番地,2019-12-04,株式会社
株式会社菊池工業,宮城県仙台市若林区沖野７丁目２３番５－３号,2019-12-04,株式会社
株式会社蒼興産,滋賀県近江八幡市鷹飼町１５７９番地,2019-12-04,株式会社
株式会社蔭山プレス,徳島県徳島市北沖洲４丁目１０番３３号,2019-12-04,株式会社
株式会社西川,東京都葛飾区青戸８丁目２番１１号,2019-12-04,株式会社
株式会社谷中工業,大阪府大阪市港区弁天３丁目５番７号,2019-12-04,株式会社
株式会社輝,大阪府大阪市中央区安堂寺町２丁目６番１１号,2019-12-04,株式会社
株式会社輝心,神奈川県伊勢原市神戸４７７番地の５,2019-12-04,株式会社
株式会社鈴建,静岡県掛川市大渕５６５５番地の１,2019-12-04,株式会社
株式会社鈴木総合住設,北海道札幌市北区新川西一条６丁目５番１号,2019-12-04,株式会社
株式会社関西産業,兵庫県相生市野瀬字下向６４番地,2019-12-04,株式会社
株式会社阪木商会,和歌山県和歌山市善明寺１８番地,2019-12-04,株式会社
株式会社飛翔組,鹿児島県鹿児島市田上６丁目２２番２２号,2019-12-04,株式会社
株式会社首里クリーンサービス,沖縄県那覇市首里山川町２丁目１０７番地,2019-12-04,株式会社
株式会社高山装飾,京都府亀岡市荒塚町１丁目３番１７号,2019-12-04,株式会社
株式会社高栄建設,香川県丸亀市郡家町２６３１番地４,2019-12-04,株式会社
株式会社鳩部モータース,山口県山口市阿知須６３４番地１,2019-12-04,株式会社
株式会社０１Ａｌｌｉａｎｃｅ,東京都千代田区丸の内１丁目１１番１号パシフィックセンチュリープレイス丸の内８階,2019-12-04,株式会社
株式会社１１２９,沖縄県島尻郡与那原町字与那原３４９番地の１,2019-12-04,株式会社
株式会社４ｔｈ　Ａｖｅｎｕｅ　Ｌａｂ,東京都世田谷区野沢４丁目２番６－２０８号,2019-12-04,株式会社
株式会社ＡＤベンチャーズ,東京都渋谷区代官山町８番地７号Ｄａｉｗａ代官山ビル,2019-12-04,株式会社
株式会社ＡＤＥ　ａｎｄ　Ａｓｓｏｃｉａｔｅｓ,大阪府大阪市西淀川区千舟１丁目３番１２号,2019-12-04,株式会社
株式会社ＡＨホールディングス,愛知県名古屋市瑞穂区神穂町７番１号,2019-12-04,株式会社
株式会社ＡＹｍｅｄｉｃａｌ,埼玉県さいたま市浦和区前地１丁目１５番２２号エアリーコート１３０５,2019-12-04,株式会社
株式会社Ａｔｅｌｉｅｒ　Ｇ・Ｇ,東京都世田谷区成城４丁目１９番１６号,2019-12-04,株式会社
株式会社Ｂ－ｏｔｔｏ　ｄｅｓｉｇｎ,東京都八王子市みなみ野３丁目１１番２３号,2019-12-04,株式会社
株式会社ＢＩＣＦＡＣＥ,福岡県北九州市八幡西区黒崎４丁目２番１８－４０２号,2019-12-04,株式会社
株式会社ＢＲＩＤＧＥ,東京都中野区南台２丁目２５番１号,2019-12-04,株式会社
株式会社ＢＷＡパートナーズ,東京都港区赤坂４丁目９番１９号赤坂ＴＯビル２階Ｂ,2019-12-04,株式会社
株式会社Ｂｏｎｓｅｅｄ,東京都港区南青山２丁目２番１５号,2019-12-04,株式会社
株式会社ＣＡＬＭ,北海道札幌市白石区南郷通１８丁目北７番６号,2019-12-04,株式会社
株式会社ＣＣＹＲ,神奈川県大和市大和東１丁目１２番７号,2019-12-04,株式会社
株式会社ＣＬＥＺＹ,大阪府大阪市天王寺区北河堀町４番７－１００１号,2019-12-04,株式会社
株式会社ＣＲＡＺＹ　ＬＡＢＯ．,宮城県仙台市青葉区本町１丁目９番２３号,2019-12-04,株式会社
株式会社Ｃｌｅａｒ　Ｄｏｏｒ,広島県広島市西区己斐中３丁目１０番８－４０５号,2019-12-04,株式会社
株式会社Ｃｌｕｔｃｈ,兵庫県神戸市北区山田町東下字野田北５２,2019-12-04,株式会社
株式会社Ｃｏｕｌｅｕｒ,広島県広島市中区広瀬北町８番８－２０１号,2019-12-04,株式会社
株式会社Ｄ‐ｐｒｉｍｅ,滋賀県守山市吉身６丁目５番６号３階,2019-12-04,株式会社
株式会社Ｄ．Ｏ．Ｓ．,愛知県名古屋市緑区森の里１丁目９４番地,2019-12-04,株式会社
株式会社ＤＩＢＵＹ,愛知県名古屋市中村区橋下町３番８号リヴィエール日比津２Ｃ,2019-12-04,株式会社
株式会社ＤＯ－ＳＫＹ,栃木県那須塩原市四区町７２８番地,2019-12-04,株式会社
株式会社ＥＮ＆ＷＡ,兵庫県神戸市垂水区本多聞２丁目４番８号,2019-12-04,株式会社
株式会社ＥｔｅｒｎａｌｌＢｅａｕｔｙ,大阪府大阪市中央区南船場３丁目３番３－３０１号,2019-12-04,株式会社
株式会社Ｅｖｅｒｙ　ｏｎｅ,東京都江戸川区南篠崎町２丁目４２番６号,2019-12-04,株式会社
株式会社Ｆ．ＮＥＴ,東京都府中市白糸台３丁目２番地の１パークアベニュー４０７,2019-12-04,株式会社
株式会社ＦＵＫＵＳＨＩＮ,福岡県北九州市小倉南区東貫１丁目１２番２５－８０６号,2019-12-04,株式会社
株式会社Ｆｉｅｌｄ　Ｂｅｔｗｅｅｎ,滋賀県野洲市栄６番２号,2019-12-04,株式会社
株式会社Ｆｉｒｓｔ　Ｃｌａｓｓ,広島県広島市東区曙１丁目６番１６号,2019-12-04,株式会社
株式会社Ｆｏｕｒ　Ｌｅａｆ,静岡県浜松市中区萩丘３丁目５番１４号,2019-12-04,株式会社
株式会社Ｇ－Ｇｒａｐｈ,東京都目黒区上目黒４丁目１番２４－３０５号ベルハイム中目黒,2019-12-04,株式会社
株式会社ＧＩＭＩＸｐｒｏｍｏｔｉｏｎ,愛知県名古屋市中区錦２丁目１１番１１号,2019-12-04,株式会社
株式会社ＧＬプロダクト,大阪府豊中市岡町８－１１,2019-12-04,株式会社
株式会社ＧＬ－ＷＥＳＴ,兵庫県尼崎市南清水３９－１－２０１,2019-12-04,株式会社
株式会社ＧＹＡＯＺ　Ｊａｐａｎ,岡山県岡山市北区南中央町７番１５号７０２,2019-12-04,株式会社
株式会社Ｇｒｅｅｎ　Ｗｏｒｌｄ,埼玉県さいたま市見沼区染谷３丁目１４０番地５,2019-12-04,株式会社
株式会社ＨＥＡＲＴＳ,大阪府岸和田市磯上町１丁目１５番１５号,2019-12-04,株式会社
株式会社ＨＩＯＲＹＥＳ,岐阜県美濃市２２７４番地,2019-12-04,株式会社
株式会社ＨｅｌｌｏＷｏｒｌｄｓ,愛知県名古屋市北区山田２丁目６番８号,2019-12-04,株式会社
株式会社ＩＭＩ,三重県四日市市山之一色町１０８４番地７,2019-12-04,株式会社
株式会社Ｊスタディ,埼玉県大里郡寄居町大字立原８７０,2019-12-04,株式会社
株式会社ＪＡＰＡＮ　ＴＯＵＲＩＳＴ,大阪府大阪市中央区道頓堀１丁目東５番７号カシハラビル１Ｆ,2019-12-04,株式会社
株式会社ＪＨＫ,千葉県松戸市高塚新田６４２番地１７５,2019-12-04,株式会社
株式会社ＪＹサイエンス,埼玉県越谷市レイクタウン５丁目１２番地３０,2019-12-04,株式会社
株式会社Ｋ＆Ｓ,山口県下関市長府土居の内町２番１１号－２Ｆ,2019-12-04,株式会社
株式会社ＫＡＳＡＮＥ,福岡県福岡市中央区天神４丁目９番１０号,2019-12-04,株式会社
株式会社ＫＡＵＲＩ,東京都江戸川区北小岩８丁目４番２０号,2019-12-04,株式会社
株式会社ＫＩＮＧ,香川県三豊市高瀬町上高瀬１９８３番地,2019-12-04,株式会社
株式会社ＫＯＤＡＸ,静岡県浜松市浜北区本沢合６９９番地メゾンスーブニール２０１号,2019-12-04,株式会社
株式会社ＫＳ,長崎県長崎市中園町１６番３号,2019-12-04,株式会社
株式会社ＫＴファクトリー,福岡県鞍手郡鞍手町大字猪倉５３３－３,2019-12-04,株式会社
株式会社ＬＡＮＴＲＡ,岡山県倉敷市片島町２９０番地１３,2019-12-04,株式会社
株式会社ＬＥ　ＰＥＲＳＯＮＳ,福井県あわら市西温泉１丁目６０８番地,2019-12-04,株式会社
株式会社ＬＥＡＰＳ,東京都港区南青山２丁目２番１５号ウィン青山９４２,2019-12-04,株式会社
株式会社ＬＲＢ,福井県福井市北四ツ居２丁目１５番２６号,2019-12-04,株式会社
株式会社Ｌｅ　ｓｏｌｅｉｌ,大阪府大阪市浪速区日本橋東３丁目１５番１９号グランデージ難波南８０１,2019-12-04,株式会社
株式会社Ｌｅａｆｙ,新潟県柏崎市駅前１丁目４番２２号,2019-12-04,株式会社
株式会社ＬｕｎａＧａｍｅｓ,東京都武蔵村山市本町３丁目１２番地の３,2019-12-04,株式会社
株式会社ＭＣＳ,徳島県徳島市出来島本町３丁目２２番地３,2019-12-04,株式会社
株式会社ＭＮ　ｉｎｓｕｌａｔｉｏｎ,石川県金沢市笠舞１丁目１０番３０号,2019-12-04,株式会社
株式会社ＭＯＣＨＩＭＯＴＳＵ,福岡県福岡市西区下山門４丁目１６番３０号ＪＧＭヴェルデ姪浜西２０６号,2019-12-04,株式会社
株式会社ＭＯＲＫ,北海道札幌市中央区南二条西１丁目６番地２,2019-12-04,株式会社
株式会社ＭｉＹａＢｉ,静岡県沼津市北高島町２１番１８号ドリーム北高島１０２,2019-12-04,株式会社
株式会社Ｍｉｒａ　Ｇａｒｄｅｎ,静岡県駿東郡長泉町下土狩１５６２番地の１エーブルハイツあゆつぼ３０３号,2019-12-04,株式会社
株式会社Ｎ＆Ｆ,東京都渋谷区本町２丁目３番１号,2019-12-04,株式会社
株式会社Ｎ－Ｓｈｉｆｔ,東京都江戸川区松江１丁目５番２２号,2019-12-04,株式会社
株式会社Ｎ．Ｉ．Ｐ．,高知県高知市朝倉丁６８８番地２０,2019-12-04,株式会社
株式会社ＮＯＲＴＨ　ＣＯＭＰＡＮＹ,大阪府大阪市東住吉区針中野４丁目９番７号,2019-12-04,株式会社
株式会社ＮＯＺＯＭＩ,神奈川県横浜市神奈川区六角橋１丁目２番１１号,2019-12-04,株式会社
株式会社Ｎａｇａｙａ,岐阜県本巣郡北方町天狗堂１丁目２０番地,2019-12-04,株式会社
株式会社Ｎｅｖｅｒ,兵庫県尼崎市御園１丁目９番３１号,2019-12-04,株式会社
株式会社Ｎｅｘｔｒｉｇｇｅｒ,東京都千代田区丸の内１丁目１１番１号,2019-12-04,株式会社
株式会社Ｎｕｔｒａｉｓｅ,熊本県熊本市中央区九品寺３丁目９番１号ヒーローマンション九品寺４０３号室,2019-12-04,株式会社
株式会社ＯＴＭ,北海道江別市大麻中町１３番地の７,2019-12-04,株式会社
株式会社ＯＴＯＮＡＧＥ,神奈川県川崎市多摩区登戸１７７番地１デザフィーオ１０４,2019-12-04,株式会社
株式会社Ｏｎｅ　Ｃｏｎｎｅｃｔｉｏｎｓ,神奈川県横浜市港北区綱島西２丁目６－２０,2019-12-04,株式会社
株式会社Ｑｏｌｏｒ,東京都渋谷区渋谷３丁目２６番地１６号第五叶ビル５階,2019-12-04,株式会社
株式会社ＲＯＣＫ満天,茨城県龍ケ崎市平台３丁目１１番地２,2019-12-04,株式会社
株式会社Ｒｅ－Ｑｕｅｓｔ,宮城県仙台市青葉区昭和町２番２３－４０３号,2019-12-04,株式会社
株式会社Ｒｅａｃｈ　Ｏｕｔ,大阪府羽曳野市伊賀３丁目１９番地の５,2019-12-04,株式会社
株式会社Ｒｅｙ,神奈川県横浜市保土ケ谷区天王町２丁目３６番地６第７増田ビル２０２,2019-12-04,株式会社
株式会社ＳＡＮＹウエスト,大阪府大阪市生野区桃谷１丁目１０番５１号,2019-12-04,株式会社
株式会社ＳＥＴＵ,徳島県徳島市蔵本町２丁目７番地１,2019-12-04,株式会社
株式会社ＳＯＴｚ,東京都中央区日本橋馬喰町１丁目１４番６号小山ビル４Ｆ,2019-12-04,株式会社
株式会社ＳＴＡＹ　ＷＯＫＥ,福岡県北九州市若松区高須北３丁目４番８号,2019-12-04,株式会社
株式会社ＳＹロード,熊本県熊本市東区健軍本町２９番５号,2019-12-04,株式会社
株式会社Ｓａｉｅｎ,大阪府大阪市北区豊崎３丁目２１番１－３７０４号,2019-12-04,株式会社
株式会社Ｓｍｉｌｅ,滋賀県大津市羽栗３丁目６番３３号,2019-12-04,株式会社
株式会社ＴＡＰ,東京都港区南青山２丁目１７－３・４Ｆ,2019-12-04,株式会社
株式会社ＴＩＭ,岡山県岡山市北区平田１１５番地１０１,2019-12-04,株式会社
株式会社ＴＪサービス,大阪府八尾市安中町６丁目１番１１号,2019-12-04,株式会社
株式会社ＴＬＷ,埼玉県富士見市貝塚１丁目１５番５号,2019-12-04,株式会社
株式会社ＴＯＴＳ,大阪府高槻市京口町２番１０号,2019-12-04,株式会社
株式会社Ｔａｂｌｅ　Ｐｒｏｄｕｃｅ,埼玉県春日部市一ノ割２丁目６番３０号タケイチビル３０４,2019-12-04,株式会社
株式会社Ｔａｉｌｏｒｓ,愛知県名古屋市千種区松軒２丁目７番１６号,2019-12-04,株式会社
株式会社Ｔｏ　ｔｈｅ　Ｎｏｒｔｈ,北海道名寄市東四条北２丁目１３番地１,2019-12-04,株式会社
株式会社Ｔｒａｎｓｐｏｒｔ　ＳＫＹ,北海道小樽市桂岡町２６番２１号,2019-12-04,株式会社
株式会社ＴｒｅｅＬｕｍｂｅｒ,山梨県北都留郡丹波山村８００番地,2019-12-04,株式会社
株式会社ＷＩＮ,広島県広島市東区中山新町３丁目８番７号,2019-12-04,株式会社
株式会社ＷｈｉｔｅＫｉｔｃｈｅｎ,沖縄県沖縄市嘉間良１丁目１２番９号,2019-12-04,株式会社
株式会社Ｗｉｔｈ,愛知県弥富市荷之上町焼田新田５２８番地３１,2019-12-04,株式会社
株式会社Ｗｒｉｔｉｎｇ　Ｗｏｒｌｄ,埼玉県草加市手代２丁目１８－６,2019-12-04,株式会社
株式会社Ｙ－ＴＥＣ,鹿児島県鹿児島市下伊敷１丁目４７番１３－１号,2019-12-04,株式会社
株式会社ＹＫエステート,東京都中央区日本橋人形町１丁目１２番１１－１３０８号,2019-12-04,株式会社
株式会社Ｙｏｋｏｔａ　ｒｅａｌ　ｅｓｔａｔｅ　ｏｆｆｉｃｅ,福井県大野市春日３丁目１８番９号,2019-12-04,株式会社
株式会社ａサポート,岐阜県羽島郡岐南町伏屋９丁目１６７番地,2019-12-04,株式会社
株式会社ａｃｔ,千葉県浦安市海楽１丁目１１－２０,2019-12-04,株式会社
株式会社ａｄｄ９’ｓ　Ｇｒｏｕｐ,兵庫県加古郡播磨町北本荘７丁目３番３４号,2019-12-04,株式会社
株式会社ａｉｎａ不動産,香川県高松市林町２２１７番地１５,2019-12-04,株式会社
株式会社ｃｈａｂｏ,東京都世田谷区大原１丁目５２番１４ブランシェ代田橋２０３号,2019-12-04,株式会社
株式会社ｃｏｃｏｄａｙｏ,埼玉県川口市西川口１丁目３番１１号,2019-12-04,株式会社
株式会社ｅｎ　ｄｉｒｅｃｔ,長崎県佐世保市名切町３番３号パークサイドテラス１Ｆ,2019-12-04,株式会社
株式会社ｆｔ２,福岡県福岡市中央区天神２丁目３－１０天神パインクレスト７１９,2019-12-04,株式会社
株式会社ｈａｔｃｈ,福岡県福岡市中央区港３丁目３番２９号,2019-12-04,株式会社
株式会社ｉＦｌａｓｃｏ,東京都中央区日本橋２丁目２番３号ＲＩＳＨＥビルＵＣＦ４階,2019-12-04,株式会社
株式会社ｒｅｓｔｆｕｌ,愛知県名古屋市中川区柳島町３丁目２９番地の１,2019-12-04,株式会社
株式会社ｓｅｒｙ,東京都港区港南４丁目６番６－２８０６号,2019-12-04,株式会社
株式会社ｚｉｐｕｎｋ,東京都渋谷区道玄坂２丁目２０番２６－７０７号,2019-12-04,株式会社
楽詩舎合同会社,大阪府南河内郡河南町大字大ヶ塚８１番地,2019-12-04,合同会社
正安生命力発展株式会社,東京都千代田区岩本町２丁目１７番４号泰合ビルⅡ５０１号室,2019-12-04,株式会社
沼田食料協同組合,広島県広島市安佐南区伴中央４丁目１８番２号,2019-12-04,その他の設立登記法人
特定目的会社ベンチャーＡ,東京都港区虎ノ門３丁目２２番１０－２０１号,2019-12-04,その他の設立登記法人
特定目的会社Ｗａｌｋ,福岡県福岡市中央区天神１丁目１３番２８号,2019-12-04,その他の設立登記法人
特定非営利活動法人国民の健康と生活を守る会,神奈川県川崎市宮前区西野川１丁目３０番１８号,2019-12-04,その他の設立登記法人
特定非営利活動法人都市型防災ネットワーク,東京都江東区豊洲４丁目１１番３０号エンゼルハイム豊洲２０９号室,2019-12-04,その他の設立登記法人
特定非営利活動法人Ｆｏｒ　ｓｔｅｐ,北海道札幌市東区北二十三条東１３丁目１番３２－６０１号,2019-12-04,その他の設立登記法人
特定非営利活動法人ＶｉｎｅＴＳ,東京都千代田区平河町２丁目５番７号－５０７,2019-12-04,その他の設立登記法人
盟友精工株式会社,東京都中央区勝どき６丁目３番２号２０１５号室,2019-12-04,株式会社
石川商事合同会社,千葉県柏市南増尾１丁目７番８号,2019-12-04,合同会社
碧麗絲国際株式会社,埼玉県川口市芝園町３番４－１４２号,2019-12-04,株式会社
税理士法人しんかい,愛知県名古屋市昭和区石仏町１丁目４番地,2019-12-04,その他の設立登記法人
積本上海半導体科技有限公司,兵庫県加西市野田町５２６番地の３,2019-12-04,外国会社等
紀ノ国創石株式会社,熊本県熊本市北区植木町鐙田１９５４番地１,2019-12-04,株式会社
紀宝電工株式会社,大阪府箕面市瀬川４丁目１５番５３号,2019-12-04,株式会社
縣商会株式会社,静岡県浜松市中区船越町５１番１０号,2019-12-04,株式会社
翔栄架建株式会社,北海道札幌市豊平区月寒東三条１５丁目６番３８号センチュリー宮北ビル１Ｆ,2019-12-04,株式会社
艾上貿易株式会社,京都府京都市右京区山ノ内苗町２９番地２,2019-12-04,株式会社
芋窪西エステートマネジメント株式会社,東京都東大和市芋窪６丁目１３１４番地,2019-12-04,株式会社
葵設備株式会社,山口県長門市東深川３３０番地１,2019-12-04,株式会社
行政書士法人福島自動車登録オフィス,福島県福島市吉倉字吉田４０番地,2019-12-04,その他の設立登記法人
行政書士法人第一パートナーズ,東京都豊島区南池袋１丁目１３番２号,2019-12-04,その他の設立登記法人
西日本セロファン株式会社,福岡県久留米市梅満町１３５番地４,2019-12-04,株式会社
西村運送株式会社,鳥取県鳥取市西品治２９１番地４,2019-12-04,株式会社
西東アカウントサービス株式会社,静岡県島田市金谷東１丁目１２３８番地,2019-12-04,株式会社
達多株式会社,東京都墨田区千歳３丁目３番７－２０２号室,2019-12-04,株式会社
遠藤商事株式会社,北海道旭川市春光台四条１丁目１番６号,2019-12-04,株式会社
関西ドローン・ラボラトリーズ株式会社,大阪府枚方市香里ケ丘１１丁目３５番５２号,2019-12-04,株式会社
阪奈昇降機合同会社,大阪府藤井寺市野中２丁目３９番地の４,2019-12-04,合同会社
馬渕造園株式会社,岐阜県安八郡輪之内町福束新田８７４番地,2019-12-04,株式会社
麓山風力合同会社,福島県福島市栄町１番３５号キャピタルフロント１３０３,2019-12-04,合同会社
Ａ．Ｂ．Ｓ．Ｅｎｔｅｒｐｒｉｓｅｓ,千葉県茂原市清水２２４０番地１５オフィス１号,2019-12-04,外国会社等
Ａ．Ｗ．Ｍ．Ｔｒａｄｉｎｇ　Ｐｖｔ　Ｌｔｄ,千葉県茂原市中の島町６８３番地オフィス１２号,2019-12-04,外国会社等
ＡＨＳ合同会社,東京都墨田区緑４丁目３０番５－３０１号,2019-12-04,合同会社
ＡＫ　ＧＲＯＵＰ合同会社,埼玉県川口市本町４丁目１６番１９号芝貞ニューハイツ４０１,2019-12-04,合同会社
ＡＮＧＥＬ　ＷＥＡＬＴＨ合同会社,千葉県浦安市高洲８丁目１番Ａ－７０６号,2019-12-04,合同会社
ＡＲＡＳ工業株式会社,愛知県あま市七宝町伊福河原８０番地２,2019-12-04,株式会社
ＡＳＭＡ　ＴＲＡＤＩＮＧ株式会社,神奈川県綾瀬市寺尾釜田２丁目４番３２号－１０２,2019-12-04,株式会社
ＡＳＳＥＭＢＬＥ合同会社,茨城県石岡市石川４２番地５,2019-12-04,合同会社
ＡｓｓｅｔＳｕｎ株式会社,愛知県名古屋市緑区篠の風２丁目２６５ヴェール篠の風Ｃ棟２０２号,2019-12-04,株式会社
Ａｔｅｌｉｅｒ　Ｓ合同会社,北海道函館市北美原１丁目４番１３号,2019-12-04,合同会社
Ａｕｔｏ　Ｍｉｎｄ　Ｖｅｎｔｕｒｅ,千葉県茂原市清水２２４０番地１５オフィス４号,2019-12-04,外国会社等
ＢｅＦｒｅｅ　Ｓｏｆｔ株式会社,栃木県宇都宮市西川田本町３丁目１２番１８号,2019-12-04,株式会社
Ｃａｍａｒａｄｅ株式会社,東京都千代田区麹町４丁目５番地麹町パークハウス５０２号,2019-12-04,株式会社
ＤＥＮＳＨＯＷ株式会社,東京都小金井市東町４丁目２９番１２号,2019-12-04,株式会社
Ｅｄｖ　Ｆｕｔｕｒｅ株式会社,東京都渋谷区本町１丁目１０番３号カスタリア初台９０３,2019-12-04,株式会社
ＦＡＦ株式会社,広島県広島市中区八丁堀１３－２２広陽ビル３Ｆ,2019-12-04,株式会社
ＦＮＡＴＩＣ　ＪＰＮ株式会社,東京都港区六本木６丁目１０番１号,2019-12-04,株式会社
Ｆｏｒｔｎｅｔ合同会社,東京都文京区小石川３丁目２７－１６－５０４,2019-12-04,合同会社
ＧＡＡＦ　ＹＡＳＵＩ合同会社,京都府向日市上植野町下川原５４番地の１,2019-12-04,合同会社
ＧＯＯＤＳＭＩＬＥ株式会社,大阪府堺市東区南野田１０番地１０,2019-12-04,株式会社
ＨＢコンサルティング株式会社,福岡県福岡市早良区祖原３－１１－４０２,2019-12-04,株式会社
ＨＭＧＯ合同会社,東京都練馬区下石神井６丁目１４－６,2019-12-04,合同会社
ＨＮＫ株式会社,大阪府大阪市中央区西心斎橋２丁目１４番５－２０２号,2019-12-04,株式会社
ＩＴエンパワーメント合同会社,奈良県生駒市白庭台４丁目９番２号,2019-12-04,合同会社
Ｊ‐Ｖ　ＧＬＯＢＡＬ合同会社,岡山県岡山市北区駅前町１丁目８番１号岡山新光ビル５Ｆサムライスクエア,2019-12-04,合同会社
ＪＤＡパナソニックビジネスソリューションズ株式会社,東京都目黒区上目黒２丁目１番１号中目黒ＧＴタワー,2019-12-04,株式会社
Ｋフードサービス株式会社,福岡県福岡市南区平和１丁目２－２０－５０５,2019-12-04,株式会社
Ｋ－ｐｏｐ　Ｐｌｕｓ合同会社,愛知県丹羽郡扶桑町大字斎藤字旭２４２番地,2019-12-04,合同会社
ＫＤＳ株式会社,大阪府大阪市西淀川区御幣島４丁目１番３４－１２０６号,2019-12-04,株式会社
ＫＴＭインフラ株式会社,東京都千代田区丸の内２丁目３番２号郵船ビルディング１階,2019-12-04,株式会社
Ｋａｔｅ　Ｍａｔｅ合同会社,東京都千代田区神田神保町２丁目１４番１１号７０１,2019-12-04,合同会社
ＬＨ　ＣＯＮＳＵＬＴＩＮＧ株式会社,東京都渋谷区神宮前１丁目５番８号神宮前タワービルディング,2019-12-04,株式会社
ＬＩＦＥ合同会社,神奈川県横浜市旭区二俣川２丁目５０番地１４－２１０５号室,2019-12-04,合同会社
ＭＧＤ合同会社,東京都日野市旭が丘２丁目３４番地の１５,2019-12-04,合同会社
ＭＯＮＩ　ＩＮＴＥＲＮＡＴＩＯＮＡＬ合同会社,群馬県前橋市城東町３丁目６番１６号宮崎ビル２階２号室,2019-12-04,合同会社
Ｍａｄｅ　ｉｎ　Ｅａｒｔｈ合同会社,東京都渋谷区南平台町１２－６－３０１,2019-12-04,合同会社
ＮＨホールディングス一般社団法人,東京都港区西新橋１丁目２番９号メンターキャピタル税理士法人内,2019-12-04,その他の設立登記法人
ＮＯＷＡＬＬ株式会社,大阪府大阪市浪速区湊町２丁目２番２２－５１２号,2019-12-04,株式会社
ＮＰＯ法人境いきいきアイ,群馬県伊勢崎市境伊与久４７６番地３,2019-12-04,その他の設立登記法人
ＮＴチーム株式会社,東京都三鷹市上連雀４丁目１３番１２号,2019-12-04,株式会社
Ｏｒａｎｇｅ　Ｍａｒｋｅｔ株式会社,大阪府大阪市中央区谷町６丁目６番７号第五松屋ビル１０６５号,2019-12-04,株式会社
Ｐａｄｄｌｅ　Ｓｈｉｐ株式会社,埼玉県狭山市入間川３丁目２９番３３号,2019-12-04,株式会社
Ｐａｒｉｘｅｅｔ　Ｉｎｔｅｒｎａｔｉｏｎａｌ合同会社,大阪府大阪市西淀川区柏里２丁目５番２４号ソシオ塚本ハイツ４０３号室,2019-12-04,合同会社
Ｒ・Ｊ・Ｂ合同会社,兵庫県姫路市南条５６３番地,2019-12-04,合同会社
Ｒ．Ｒ．ＥＮＴＥＲＰＲＩＳＥＳ,千葉県茂原市東郷９０番地１東郷オフィス６号,2019-12-04,外国会社等
Ｒｅｃｏｍｍｅｎｄ合同会社,大阪府大阪市北区梅田１丁目２番２－２００号大阪駅前第２ビル２階１－１－１,2019-12-04,合同会社
Ｒｉｘｙ株式会社,群馬県前橋市表町２丁目２３番１５号,2019-12-04,株式会社
Ｓ－ｆｉｅｌｄ株式会社,東京都港区赤坂５丁目４番１１号,2019-12-04,株式会社
ＳＫＫ株式会社,大阪府八尾市大竹７丁目１６９ブルースカイコート２０２,2019-12-04,株式会社
Ｓｕｎｒｉｓｅ　Ｖｉｓｔａ株式会社,大阪府大阪市港区夕凪１丁目１１番１８－２０３号,2019-12-04,株式会社
Ｔ．Ｓｔｙｌｅ株式会社,熊本県熊本市西区八島２丁目１３番２号,2019-12-04,株式会社
ＴＡＡＺ　ＭＯＴＯＲＳ,千葉県茂原市東郷９０番地１東郷オフィス７号,2019-12-04,外国会社等
ＴＡＫＥＯＫＡ合同会社,大阪府堺市東区高松２９６番地２,2019-12-04,合同会社
ＴＳホールディングス株式会社,東京都中央区晴海３丁目１３番１号,2019-12-04,株式会社
Ｔｈｉｒｄ　Ｗａｙ株式会社,東京都中央区日本橋２丁目１－１７,2019-12-04,株式会社
Ｗｅｍｂｌｅｙ　Ｉｎｎｏｖａｔｉｏｎ株式会社,滋賀県大津市弥生町１５番１－３０２号,2019-12-04,株式会社
ＹＩＣＴフォレスト合同会社,大阪府摂津市三島３丁目１１番５号,2019-12-04,合同会社
ＹＩＦ　Ｉｎｔｅｒｎａｔｉｏｎａｌ　Ｃｏ．，Ｌｉｍｉｔｅｄ,東京都豊島区南池袋１丁目１６－２０ぬかりやビル６Ｆ,2019-12-04,外国会社等
ＹＭＯ株式会社,東京都港区海岸２丁目６番３６－４０１号ジェイパーク芝浦ベイサイドスクエア,2019-12-04,株式会社
ｉＳｈｉｎｅジャパン株式会社,東京都港区港南２丁目１６番４号,2019-12-04,株式会社
ｍｏｎｏｎｏｆｕｊａｐａｎ株式会社,長崎県長崎市琴海戸根町２９１７番地１,2019-12-04,株式会社
だて製粉株式会社,茨城県桜川市富谷１６８６番地,2019-12-05,株式会社
ひとつ合同会社,長野県佐久市塚原８２３番地８,2019-12-05,合同会社
みその団地老人会（いきいきクラブ）,三重県いなべ市員弁町御薗１９３番地４,2019-12-05,その他
みのり不動産サービス株式会社,大阪府東大阪市小阪２丁目１１番１１号,2019-12-05,株式会社
やぶ市観光協会,兵庫県養父市八鹿町高柳２４１番地の１,2019-12-05,その他
やました動物病院株式会社,島根県浜田市相生町４２２０番地,2019-12-05,株式会社
アソシエイトフィナンシャル株式会社,東京都中央区銀座１丁目２７番１０号,2019-12-05,株式会社
アダタラ建設合同会社,東京都足立区千住元町２２番１４号,2019-12-05,合同会社
アリックハウス株式会社,東京都杉並区本天沼１丁目１１番１４号,2019-12-05,株式会社
アルファワークス株式会社,兵庫県神戸市北区星和台６丁目２３番地の３,2019-12-05,株式会社
アースファミリーＪＡＰＡＮ合同会社,神奈川県藤沢市長後２７１６番地の２,2019-12-05,合同会社
アール設計株式会社,和歌山県日高郡日高町大字高家１０７７番地の７,2019-12-05,株式会社
イシケン建設工業株式会社,大分県宇佐市安心院町下毛１８９１番地,2019-12-05,株式会社
イーファクトリー株式会社,長野県松本市梓川梓５０５５番地６４,2019-12-05,株式会社
エイチエス設計合同会社,静岡県浜松市中区高丘北３丁目３４番５号,2019-12-05,合同会社
エキスパートオフィス株式会社,東京都千代田区内幸町１丁目３番１号,2019-12-05,株式会社
オタク・イシュー合同会社,神奈川県相模原市中央区相模原６丁目２番２０号,2019-12-05,合同会社
オハナ建材合同会社,茨城県笠間市池野辺６５６番地３,2019-12-05,合同会社
オフィス・サポート合同会社,東京都葛飾区新小岩３丁目２１番２０号,2019-12-05,合同会社
オーロラハウジング合同会社,東京都狛江市中和泉１丁目２番６号プラザエクセル２０１,2019-12-05,合同会社
カケルラボ合同会社,東京都世田谷区代田５丁目１７番３１号,2019-12-05,合同会社
グットライフカンパニー株式会社,高知県高知市はりまや町１丁目５番２８号,2019-12-05,株式会社
コグツ株式会社,広島県広島市安佐北区口田３丁目４０番２０号,2019-12-05,株式会社
コルタード合同会社,東京都渋谷区円山町２４番４号メゾンブランシュ渋谷１０１号室,2019-12-05,合同会社
サンクリエート総研株式会社,滋賀県野洲市市三宅１８３０－１０,2019-12-05,株式会社
サークルコネクト株式会社,大阪府枚方市川原町７番１０－２０５号,2019-12-05,株式会社
シェイプエッジ株式会社,東京都品川区西五反田６丁目１１番１２号,2019-12-05,株式会社
システック株式会社,神奈川県横浜市都筑区見花山１番３０号見花山ビル３階,2019-12-05,株式会社
シリウス合同会社,東京都千代田区内神田２丁目５番９号佐一ビル３０２号室,2019-12-05,合同会社
シー・ファイブ・シックス・ホールディングス株式会社,東京都千代田区丸の内１丁目２番１号,2019-12-05,株式会社
スパイスプランニング株式会社,福岡県福岡市南区皿山３丁目２番５３－１号,2019-12-05,株式会社
セカイエＤＡＳＨ株式会社,東京都中央区八丁堀４丁目１０－１１ネオ神谷ビル,2019-12-05,株式会社
セツゲッカ株式会社,東京都中央区銀座７丁目１３番６号サガミビル２階,2019-12-05,株式会社
チェーンアップジャパン株式会社,東京都港区六本木３丁目１６－２６ハリファックスビル８Ｆ,2019-12-05,株式会社
チョコレートソサエティー株式会社,大阪府大阪市北区西天満４丁目７番１号北ビル１号館４階４０３号室（相馬達雄総合法律事務所における）,2019-12-05,株式会社
ツルカメ製薬株式会社,福岡県福岡市中央区薬院２丁目２番１８号,2019-12-05,株式会社
ティーエムプラニング合同会社,茨城県守谷市松並青葉２丁目２８番地５,2019-12-05,合同会社
デザイニクス株式会社,東京都渋谷区恵比寿４丁目２０－３恵比寿ガーデンプレイスタワー１８階,2019-12-05,株式会社
デジタルクロージング株式会社,東京都港区北青山３丁目６番１２号,2019-12-05,株式会社
ニシキ株式会社,大阪府大阪市中央区谷町２丁目６番４号,2019-12-05,株式会社
ニューディールＬＩＦＥ合同会社,大分県大分市公園通り２丁目４番地の６,2019-12-05,合同会社
ネパールエアラインズコーポレーション,大阪府大阪市中央区北浜２丁目５－２３小寺プラザビル３階,2019-12-05,外国会社等
ノウンズ株式会社,東京都新宿区新宿４丁目３番１５号,2019-12-05,株式会社
パルコール嬬恋２号株式会社,神奈川県横浜市中区花咲町１丁目２２番地２,2019-12-05,株式会社
ビューティマップ株式会社,東京都渋谷区富ヶ谷１丁目１４－１４スタンフォードアネックスビル３Ｆ,2019-12-05,株式会社
ピウ・モッソ株式会社,愛知県一宮市朝日３丁目３番１１,2019-12-05,株式会社
ファミリア合同会社,神奈川県横浜市都筑区牛久保東１丁目３７番２４号,2019-12-05,合同会社
フラクタル株式会社,千葉県千葉市若葉区下田町１０９８番地１,2019-12-05,株式会社
フレル株式会社,佐賀県神埼市神埼町鶴４０１９－１２,2019-12-05,株式会社
ボーダレストライ合同会社,兵庫県神戸市東灘区鴨子ケ原２丁目３番１４－２０２号,2019-12-05,合同会社
マウ株式会社,東京都世田谷区成城３丁目１４番８号,2019-12-05,株式会社
ミルデリ合同会社,兵庫県明石市魚住町西岡４５７番地の５,2019-12-05,合同会社
メイホウ商会株式会社,福岡県糸島市前原東２丁目１番１８号,2019-12-05,株式会社
ユウキ電気株式会社,滋賀県東近江市躰光寺町１５２５番地,2019-12-05,株式会社
ライフスタイルクリエーション株式会社,大阪府大阪市西区江戸堀１丁目２３番１４号新坂ビル１０３,2019-12-05,株式会社
リハプランいずも合同会社,島根県出雲市稲岡町８４番地７,2019-12-05,合同会社
ロケットパンダゲームズジャパン株式会社,東京都世田谷区桜３丁目１８番２５号ライオンズマンション世田谷馬事公苑１階,2019-12-05,株式会社
ロジスパートナーズ合同会社,福岡県福岡市東区水谷２丁目１８番８号,2019-12-05,合同会社
一般社団法人いしころえん,大阪府交野市私市４丁目１８番５号,2019-12-05,その他の設立登記法人
一般社団法人アジアクラブ,熊本県宇城市松橋町松橋１５６３番地４,2019-12-05,その他の設立登記法人
一般社団法人アスリートオーナー,東京都目黒区青葉台１丁目２７番３号,2019-12-05,その他の設立登記法人
一般社団法人スタート．Ｎ,大阪府枚方市岡山手町１１番８８－２１３号,2019-12-05,その他の設立登記法人
一般社団法人京都水泳協会,京都府京都市南区東九条下殿田町７０番地,2019-12-05,その他の設立登記法人
一般社団法人全国未来設計士協会,大阪府大阪市北区芝田２丁目３番１６号,2019-12-05,その他の設立登記法人
一般社団法人六角サービス,愛知県名古屋市中区大須４丁目１番２９号,2019-12-05,その他の設立登記法人
一般社団法人北海道福祉支援会,北海道札幌市北区北三十七条西５丁目１番８号,2019-12-05,その他の設立登記法人
一般社団法人女性歯科医師サポート機構,東京都港区南青山６丁目１０番７－８０２号,2019-12-05,その他の設立登記法人
一般社団法人教育情報化推進機構,東京都渋谷区渋谷２丁目２４番１２号,2019-12-05,その他の設立登記法人
一般社団法人日中福祉事業推進協会,愛知県名古屋市西区牛島町５番２１号富士工名駅ビル４Ｆ,2019-12-05,その他の設立登記法人
一般社団法人日本スペースロー研究会,東京都千代田区九段南１丁目５番６号りそな九段ビル５階,2019-12-05,その他の設立登記法人
一般社団法人日本テディベア・オフィシャルブランド協会,東京都目黒区中目黒３丁目５番５号ＮＦビル３階,2019-12-05,その他の設立登記法人
一般社団法人日本原始力発電所協会,大阪府大阪市淀川区十三東２丁目６番４３号,2019-12-05,その他の設立登記法人
一般社団法人東部支援ネットワークネクスト,山梨県大月市七保町下和田６１８番地１,2019-12-05,その他の設立登記法人
一般社団法人熊本県漁船リース協会,熊本県熊本市西区中原町６５６番地,2019-12-05,その他の設立登記法人
一般社団法人甲賀市観光まちづくり協会,滋賀県甲賀市甲南町野田８１０番地,2019-12-05,その他の設立登記法人
一般社団法人道南森林整備機構,北海道檜山郡江差町字南が丘７番地２８９,2019-12-05,その他の設立登記法人
一般社団法人ＡＬＦＨＡ,大阪府大阪市中央区谷町２丁目１番２２号,2019-12-05,その他の設立登記法人
一般社団法人ＣＯＭＵＧＩＣＯ,東京都渋谷区円山町５番５号Ｎａｖｉ渋谷Ⅴ３階,2019-12-05,その他の設立登記法人
一般社団法人Ｃｈｉｖａｌｒｙ,千葉県市川市菅野１丁目８番２１号,2019-12-05,その他の設立登記法人
一般社団法人ＴＯＫＹＯ　ＡＴＨＬＥＴＥ　ＣＬＵＢ,東京都足立区千住大川町１６番６号,2019-12-05,その他の設立登記法人
一般財団法人日本経済活性化支援機構,大阪府大阪市淀川区西中島１丁目１１番４号新大阪サンアールビル南館４０３号室,2019-12-05,その他の設立登記法人
一般財団法人Ｍａｎａｉ財団,東京都新宿区市谷田町２丁目７番１５号,2019-12-05,その他の設立登記法人
三協合資会社,東京都品川区南品川１丁目３番１号,2019-12-05,合資会社
中央林材株式会社,岐阜県揖斐郡池田町田畑７３８番地１,2019-12-05,株式会社
中山銅業株式会社,千葉県佐倉市六崎１６２２番地２１,2019-12-05,株式会社
中村不動産調査合同会社,大阪府羽曳野市高鷲３丁目３番２－７０４号,2019-12-05,合同会社
中金株式会社,兵庫県神戸市中央区東川崎町１丁目５番９－７１１号,2019-12-05,株式会社
仕増工業株式会社,大阪府松原市天美南３丁目１４番１２号,2019-12-05,株式会社
俊雪エンタープライズ株式会社,神奈川県綾瀬市吉岡２７５番地１,2019-12-05,株式会社
偉盛商事株式会社,大阪府大阪市西成区梅南３丁目５－２０,2019-12-05,株式会社
光商店株式会社,大阪府大阪市中央区久太郎町４丁目１番３号大阪センタービル６階９６,2019-12-05,株式会社
八十港合同会社,東京都目黒区緑が丘１丁目７－１６－３０３,2019-12-05,合同会社
六甲レジデンス一般社団法人,東京都港区愛宕２丁目５番１号,2019-12-05,その他の設立登記法人
医療法人かんき皮膚科,兵庫県加古川市別府町緑町１番地多木ビルディング４階,2019-12-05,その他の設立登記法人
医療法人ふじおか歯科クリニック,群馬県藤岡市中栗須９０８番地１,2019-12-05,その他の設立登記法人
医療法人咲愛会,兵庫県宝塚市逆瀬川１丁目２番１号アピア１・４階,2019-12-05,その他の設立登記法人
医療法人山下矯正歯科,三重県四日市市日永西２丁目２０番１２号２階,2019-12-05,その他の設立登記法人
医療法人社団勇和会,神奈川県横浜市泉区中田南４丁目１番４５号シェリールラヴィ１階,2019-12-05,その他の設立登記法人
医療法人社団山川整形外科クリニック,兵庫県神戸市西区学園西町１丁目１番地２,2019-12-05,その他の設立登記法人
医療法人社団戴央会,神奈川県横浜市港北区高田東４丁目１番２５号,2019-12-05,その他の設立登記法人
医療法人社団清雅会,静岡県静岡市清水区入江南町１４番２７号,2019-12-05,その他の設立登記法人
千葉太陽光発電株式会社,東京都大田区山王１丁目３０番１号,2019-12-05,株式会社
協同組合Ｆ．Ｓ，ＪＡＭＯ,愛知県西尾市上町向田７４番地３,2019-12-05,その他の設立登記法人
協同組合ＨＯＦ,神奈川県横浜市中区海岸通５丁目２５番２号シャレール海岸通５０２,2019-12-05,その他の設立登記法人
合同会社あめつちのうた,群馬県吾妻郡嬬恋村大字鎌原向原１０４０番地６６３,2019-12-05,合同会社
合同会社いちぱーせんとおぶらいふ,東京都東村山市廻田町１丁目１７番地２３,2019-12-05,合同会社
合同会社こみね,長野県中野市大字西条３３０番地１５,2019-12-05,合同会社
合同会社イレヴン,岡山県岡山市東区古都宿１１９番地４,2019-12-05,合同会社
合同会社エスオー,千葉県千葉市若葉区みつわ台２丁目１番１６号,2019-12-05,合同会社
合同会社エヌファーム,愛媛県松山市空港通７丁目１番１４－１号,2019-12-05,合同会社
合同会社オーシャンワン,徳島県小松島市田浦町字西原１番地の１,2019-12-05,合同会社
合同会社ガラージエ,広島県福山市曙町２丁目１３番３１号,2019-12-05,合同会社
合同会社ガレージ橋本,北海道室蘭市中島町４丁目１７番２０号,2019-12-05,合同会社
合同会社ケモニャトレーディング,北海道札幌市東区東苗穂十条３丁目１８番２５号,2019-12-05,合同会社
合同会社ケーダブリュー,東京都港区赤坂８丁目３番３－４０７号,2019-12-05,合同会社
合同会社サフィラ,東京都北区赤羽２丁目６１番１号,2019-12-05,合同会社
合同会社サンイースト,静岡県静岡市清水区三保２９３８番地５号アパートメントＭＳＫ・Ｂ棟１０２号室,2019-12-05,合同会社
合同会社ショーエー,大阪府枚方市長尾家具町２丁目７番地の８,2019-12-05,合同会社
合同会社スターリバー,神奈川県川崎市川崎区田町３丁目１０番２８号あそびえ田町２０９,2019-12-05,合同会社
合同会社スリーアローズ,富山県富山市田畠２３４番地２０,2019-12-05,合同会社
合同会社スリーウィン,愛知県あま市坂牧日吉５４番地モンシャトー３０２号,2019-12-05,合同会社
合同会社ゼロ,東京都渋谷区上原２丁目５番４－２０２号,2019-12-05,合同会社
合同会社ティーエス,大阪府大阪市中央区上本町西２丁目３番３号,2019-12-05,合同会社
合同会社ディオ・ルーチェ,東京都杉並区和泉４丁目１８番２８号リバーサイドハイツ１号棟３０１,2019-12-05,合同会社
合同会社トビツバメ,東京都八王子市椚田町５７０番地１６,2019-12-05,合同会社
合同会社バンデリンク,福岡県糟屋郡志免町御手洗２丁目１１番５号,2019-12-05,合同会社
合同会社パブリックテニス洛西,京都府京都市西京区大原野北春日町１６２４番地,2019-12-05,合同会社
合同会社ビズクラブ,東京都渋谷区恵比寿南２丁目７番５号ボヌール恵比寿３０２,2019-12-05,合同会社
合同会社ビッグマウンテン,岐阜県関市広見２４７０,2019-12-05,合同会社
合同会社フルーツトレーディング,茨城県結城市大字山川新宿４９１番地４１,2019-12-05,合同会社
合同会社ブルークラウド,大阪府東大阪市小若江３丁目２２番２号,2019-12-05,合同会社
合同会社ベストリンク,大阪府堺市西区草部８５５番地６,2019-12-05,合同会社
合同会社ポルタニグラ松軒,愛知県名古屋市中区丸の内２丁目６番７号,2019-12-05,合同会社
合同会社リブラボ,東京都世田谷区下馬４丁目２４番１５ヴェレーナ祐天寺２０３号,2019-12-05,合同会社
合同会社レイズ,宮城県仙台市太白区上野山１丁目１２番４３号,2019-12-05,合同会社
合同会社レガシィ,埼玉県川口市幸町３丁目２番３０号メゾン産恵１０３号,2019-12-05,合同会社
合同会社三眞カンパニー,高知県高知市潮見台２丁目７１３番地,2019-12-05,合同会社
合同会社光寿夕,長崎県諫早市飯盛町佐田８７１番地３,2019-12-05,合同会社
合同会社八丁堀商店,東京都中央区銀座７丁目１３番６号サガミビル２階,2019-12-05,合同会社
合同会社凛,茨城県龍ケ崎市小柴１丁目６番地３,2019-12-05,合同会社
合同会社協栄,東京都新宿区百人町２丁目２２番１２号シェソワ百人町４０５,2019-12-05,合同会社
合同会社和佐塾,大阪府大阪市北区西天満５丁目９番１０－３０４号,2019-12-05,合同会社
合同会社太清工業,宮城県宮城郡七ヶ浜町遠山１丁目１０番１３号,2019-12-05,合同会社
合同会社岡田工業,大阪府八尾市宮町５丁目１番５６号２０３,2019-12-05,合同会社
合同会社希秀,長崎県長崎市旭町１５番８号,2019-12-05,合同会社
合同会社引越の未来ネットワーク,東京都中央区京橋２丁目８番２１号,2019-12-05,合同会社
合同会社日本文藝,東京都中央区銀座７丁目１３番６号サガミビル２階,2019-12-05,合同会社
合同会社横浜旬・菜・果,神奈川県横浜市磯子区杉田９丁目１番１６号,2019-12-05,合同会社
合同会社生活オンライン,北海道標津郡中標津町東三条南５丁目１番地２,2019-12-05,合同会社
合同会社石見商事,神奈川県小田原市小台３５４番地の２２シティーハイムロイヤルⅢ１０３,2019-12-05,合同会社
合同会社花奈,神奈川県藤沢市片瀬海岸２丁目１２－１フェアビュウ３０１,2019-12-05,合同会社
合同会社藤和工業,神奈川県横浜市西区西戸部町２丁目２０７番地７－２０１号,2019-12-05,合同会社
合同会社蘭,沖縄県うるま市字宮里８６８番地１５座間味アパート１０１,2019-12-05,合同会社
合同会社訪問看護ステーションすまいる,大阪府大阪市西成区橘３丁目５番２４号オリーブハウス１０１号室,2019-12-05,合同会社
合同会社誠宏商事,神奈川県藤沢市長後９２４－２,2019-12-05,合同会社
合同会社関本フードビジネス,群馬県太田市新田村田町５４６番地４,2019-12-05,合同会社
合同会社３１５,東京都荒川区荒川５丁目１１番１５号クォーレ東館２０５号室,2019-12-05,合同会社
合同会社ＡＲＡＯ,東京都青梅市大門１丁目４２８番地の１６,2019-12-05,合同会社
合同会社Ａｒｂｏｓ　Ａｉｄｅ,東京都江戸川区松江５丁目１６－１８,2019-12-05,合同会社
合同会社ＢＥＣＫ,兵庫県神戸市垂水区舞子坂１丁目５番３７号,2019-12-05,合同会社
合同会社ＢＮ,千葉県千葉市花見川区幕張本郷１丁目１４番１３号５０２,2019-12-05,合同会社
合同会社Ｃ－ｔａｎｇ,神奈川県川崎市宮前区平１丁目５番９号,2019-12-05,合同会社
合同会社ＣＥキャピタル,東京都港区浜松町２丁目２番１５号,2019-12-05,合同会社
合同会社Ｃｈａｌｌｅｎｇｅ,和歌山県和歌山市西浜１６６０番地４０１,2019-12-05,合同会社
合同会社Ｃｈｉｐｓ,北海道札幌市北区新琴似八条１５丁目１１番５号,2019-12-05,合同会社
合同会社ＥＬＰ,岐阜県揖斐郡大野町大字黒野１６４５番地,2019-12-05,合同会社
合同会社ＦＢＩＪ,大阪府大阪市東住吉区杭全８丁目１１番２０号クラ・ヴィラージュＡ２０２号,2019-12-05,合同会社
合同会社ＧＥＮＩＵＳ,香川県高松市中央町１番５号ＭＢＳビル５Ｆ,2019-12-05,合同会社
合同会社Ｈｕｅｙ　Ｃｏｒｐｏｒａｔｉｏｎ,大分県中津市大字高瀬８０番地１３,2019-12-05,合同会社
合同会社Ｋ－８,熊本県熊本市中央区九品寺３丁目１５番４号,2019-12-05,合同会社
合同会社Ｋ－９,熊本県熊本市中央区九品寺３丁目１５番４号,2019-12-05,合同会社
合同会社ＫＡＥＬＵ,福岡県福岡市南区大橋３丁目２２番３－３０２号,2019-12-05,合同会社
合同会社ＫＥＮ,東京都新宿区四谷三栄町１３番２６号,2019-12-05,合同会社
合同会社ＫＭ,神奈川県横浜市鶴見区東寺尾３丁目１５番１１号,2019-12-05,合同会社
合同会社ＬＧＪ,北海道虻田郡倶知安町字樺山１１６番地２,2019-12-05,合同会社
合同会社Ｌｅ　ｓｕｃｒｅ,北海道札幌市豊平区豊平八条９丁目１番４５号,2019-12-05,合同会社
合同会社Ｌｅｔ’ｓ－Ｔｒｙ,神奈川県横浜市中区花咲町１丁目４８－３ロゼ桜木町４０６,2019-12-05,合同会社
合同会社ＬｉｎＣ,北海道札幌市東区北三十四条東１７丁目１番２６号札幌新道東ビル１階,2019-12-05,合同会社
合同会社Ｍ’ｓ　Ｃａｓａ,千葉県千葉市美浜区打瀬１丁目２番２セントラルパークイースト幕張パークタワー２２０７号,2019-12-05,合同会社
合同会社ＭＯＯＮ,茨城県守谷市松ケ丘３丁目２番地２,2019-12-05,合同会社
合同会社Ｍｉｔ,東京都港区赤坂２丁目１４番１１－３０２号,2019-12-05,合同会社
合同会社Ｐａｃｈｉｒａ,北海道釧路市末広町５丁目１３番地オリエンタルプラザ２階,2019-12-05,合同会社
合同会社ＲＡＣ,東京都豊島区東池袋２丁目６２番８号ＢＩＧオフィスプラザ池袋１１０２,2019-12-05,合同会社
合同会社ＲＥＧＲＯＷ,北海道札幌市中央区北十条西１５丁目１番地４ブランズ札幌桑園駅前イースト９０６号,2019-12-05,合同会社
合同会社ＲＩＴＡサポート,北海道北広島市大曲中央３丁目１８番地１３,2019-12-05,合同会社
合同会社Ｒｏｏｔｓ,東京都府中市八幡町３丁目３番地の１８エイトビルＢ１,2019-12-05,合同会社
合同会社ＳＨＲ・ＰＬＵＳ,東京都渋谷区渋谷１丁目１３番１６号,2019-12-05,合同会社
合同会社ＳＮソーラー,岡山県岡山市北区今２丁目１番７号,2019-12-05,合同会社
合同会社ＳＯＢＬｕＥ,千葉県千葉市中央区登戸２丁目９番１９号ノブトキュウフラット１０１号,2019-12-05,合同会社
合同会社Ｓｍａｒｔ生活,和歌山県和歌山市有本１５１番地７,2019-12-05,合同会社
合同会社Ｓｏｕｎｄｓ　Ｎｉｃｅ,東京都目黒区大岡山１丁目２９番４号,2019-12-05,合同会社
合同会社ＳｕｇｅｒＲｏｃｋ,東京都新宿区新宿１丁目１６番７号ＫＩビル１階,2019-12-05,合同会社
合同会社ＴＡＰ,福岡県福岡市中央区舞鶴１丁目８番２６号,2019-12-05,合同会社
合同会社ＷＺ,東京都中央区晴海２丁目２番４２－１８０５号,2019-12-05,合同会社
合同会社Ｙ＆Ｓ,神奈川県川崎市多摩区宿河原２丁目２２番３号,2019-12-05,合同会社
合同会社ＹＵＩＸＩＡ,東京都港区浜松町２丁目２－１５,2019-12-05,合同会社
合同会社ｈａｒｕｓａｒａ,東京都大田区鵜の木１丁目１番９号,2019-12-05,合同会社
合同会社ｋａｎｕｕ,東京都千代田区九段南１丁目５番６号りそな九段ビル５階ＫＳフロア,2019-12-05,合同会社
合同会社ｓｕｎ　ｅａｒｔｈ　ｃａｒｉｎｇ,三重県津市一志町八太１６４０番地５,2019-12-05,合同会社
合同会社ｔｏｕｉ,東京都世田谷区上北沢４丁目１５番１１－３０２号,2019-12-05,合同会社
大内建設株式会社,茨城県水戸市大塚町１８６３番地の９６,2019-12-05,株式会社
大阪都ローカルビジネス事業協同組合,大阪府東大阪市西石切町４丁目６番２９号,2019-12-05,その他の設立登記法人
宝ホルモン株式会社,神奈川県茅ヶ崎市香川５丁目２番１３号,2019-12-05,株式会社
屋久島観光株式会社,東京都中央区京橋３丁目６番地,2019-12-05,株式会社
山栄産業株式会社,北海道札幌市中央区北一条西７丁目３番地おおわだビル６階,2019-12-05,株式会社
岸田カンパニー株式会社,京都府京都市南区吉祥院新田壱ノ段町２番地,2019-12-05,株式会社
弘乃舎株式会社,佐賀県佐賀市高木瀬西５丁目２番２９号,2019-12-05,株式会社
愛智株式会社,愛知県名古屋市緑区鳴海町字杜若５８番地の１,2019-12-05,株式会社
新木場辰巳会事業協同組合,東京都江東区辰巳３丁目１７番３号,2019-12-05,その他の設立登記法人
有機米デザイン株式会社,東京都小金井市中町２丁目２４番１６号先端産学連携研究推進センター内１１６号室,2019-12-05,株式会社
有限会社栗正商店,岡山県岡山市東区瀬戸町万富３３７番地,2019-12-05,有限会社
有限会社糠沢書店,福島県安達郡本宮町字下町１２番地,2019-12-05,有限会社
村進株式会社,埼玉県川口市栄町２丁目１番１６号,2019-12-05,株式会社
東建設株式会社,栃木県宇都宮市御幸ケ原町５９番地１２東ビルⅡ３Ｆ,2019-12-05,株式会社
東麗株式会社,福岡県福岡市中央区渡辺通５丁目２４番３０－１００６号,2019-12-05,株式会社
松吉畜産株式会社,東京都港区麻布十番２丁目１３番１０号ＳＫ麻布十番ビル８階,2019-12-05,株式会社
栄京マリン株式会社,大阪府大阪市淀川区西中島３丁目１８番９号,2019-12-05,株式会社
株式会社あさひエコサポート,福岡県春日市大土居２丁目１２４番地,2019-12-05,株式会社
株式会社あるく,東京都葛飾区東立石１丁目１８番８号,2019-12-05,株式会社
株式会社うえの山,東京都目黒区東山１丁目３番１２－２０８号日神プラザ中目黒,2019-12-05,株式会社
株式会社えがみ住宅,神奈川県三浦市初声町和田３０１８番地５,2019-12-05,株式会社
株式会社かけはし,大阪府泉佐野市市場西１丁目１５番１号,2019-12-05,株式会社
株式会社ししどメディカルサービス,神奈川県横浜市神奈川区金港町１番地１１－１３０７号,2019-12-05,株式会社
株式会社せかい,神奈川県横浜市旭区白根４丁目２番１号ソレイユＡ２０１,2019-12-05,株式会社
株式会社のりしろ,東京都豊島区南池袋１丁目１６番２０号ぬかりやビル６階,2019-12-05,株式会社
株式会社ひのか,東京都江東区豊洲６丁目５番３号,2019-12-05,株式会社
株式会社みこし,東京都港区浜松町１丁目１４番７号,2019-12-05,株式会社
株式会社みらい塗工,神奈川県横浜市南区中島町２丁目２１番地１プルミエ白和馬１０２,2019-12-05,株式会社
株式会社ゆくりば,東京都江戸川区北葛西５丁目１番１３号,2019-12-05,株式会社
株式会社よいとこせ,三重県伊勢市本町５番３号坂口ビル２階,2019-12-05,株式会社
株式会社わをん,東京都豊島区西池袋３丁目２５番８号福梟ビル,2019-12-05,株式会社
株式会社アイアール,大阪府摂津市鳥飼銘木町７番１３号,2019-12-05,株式会社
株式会社アイラック,石川県金沢市森戸１丁目６５番地,2019-12-05,株式会社
株式会社アイレスポンス,長崎県長崎市田上４丁目８番３２号,2019-12-05,株式会社
株式会社アクアディア,埼玉県加須市久下４丁目４９番地２３,2019-12-05,株式会社
株式会社アクイローネ,東京都練馬区西大泉５丁目１番２７号,2019-12-05,株式会社
株式会社アグリシャスファーム,愛媛県東温市北野田３３６番地１２,2019-12-05,株式会社
株式会社アグリスタ,埼玉県川口市南鳩ヶ谷６丁目１５番５号,2019-12-05,株式会社
株式会社アシスト・メディコ,福岡県福岡市博多区博多駅東２丁目６番２３号,2019-12-05,株式会社
株式会社アトモス,福岡県糟屋郡志免町南里７丁目６番３１号,2019-12-05,株式会社
株式会社アドストラテジー,東京都港区南青山２丁目２番１５号,2019-12-05,株式会社
株式会社アドライビング,千葉県浦安市北栄１丁目１１番５号３Ｆエンゼルビル,2019-12-05,株式会社
株式会社アドリージョン,大阪府大阪市北区堂島浜１丁目４番４号アクア堂島フォンターナ３階,2019-12-05,株式会社
株式会社アハマドトレーディング,宮城県大崎市古川栄町２番３７－２号,2019-12-05,株式会社
株式会社アンクレ,東京都中央区銀座６丁目１３番１６号銀座ＷａｌｌビルＵＣＦ５階,2019-12-05,株式会社
株式会社アークズ,東京都港区赤坂８丁目４番１４号青山タワープレイス８Ｆ,2019-12-05,株式会社
株式会社アール・イークリエイティブ,東京都品川区西品川１丁目１番１号住友不動産大崎ガーデンタワー９階トンネル東京,2019-12-05,株式会社
株式会社アール・オーエム,北海道札幌市清田区真栄３６３番地２５,2019-12-05,株式会社
株式会社イデアプラニング,東京都江東区北砂５丁目２０番,2019-12-05,株式会社
株式会社イル・ジェルメ,静岡県沼津市平町９番１号,2019-12-05,株式会社
株式会社イレブン,宮城県仙台市若林区上飯田４丁目９番５号,2019-12-05,株式会社
株式会社インターネットプラス,東京都新宿区西新宿６丁目２６番地１１号９０４,2019-12-05,株式会社
株式会社インプレス,大阪府大阪市旭区清水２丁目６番９号,2019-12-05,株式会社
株式会社エアーコムエンジニア,宮崎県都城市安久町５７２３番地３,2019-12-05,株式会社
株式会社エクセルフラワー,千葉県千葉市中央区東千葉１丁目８番１４号,2019-12-05,株式会社
株式会社エコエアー,茨城県東茨城郡城里町大字那珂西１３７３番地の７,2019-12-05,株式会社
株式会社エスアールシー研究所,東京都大田区田園調布５丁目５７番１０号,2019-12-05,株式会社
株式会社エスファクトリー,岡山県総社市井尻野１６６３番地１,2019-12-05,株式会社
株式会社エスプールリンク,東京都千代田区外神田１丁目１８番１３号,2019-12-05,株式会社
株式会社エデン,兵庫県川西市久代３丁目３番２５号３０２号室,2019-12-05,株式会社
株式会社エヌケーシャイン,東京都世田谷区桜上水５丁目３９番６号,2019-12-05,株式会社
株式会社エヌコネクト,東京都渋谷区宇田川町３６番２ノア渋谷５１１号,2019-12-05,株式会社
株式会社エネル電工,東京都板橋区徳丸３丁目１１番１号,2019-12-05,株式会社
株式会社エフユーサービス,埼玉県朝霞市三原１丁目２９－２６－１０７,2019-12-05,株式会社
株式会社エムズ,鹿児島県熊毛郡中種子町野間１６３８４番地１,2019-12-05,株式会社
株式会社エムズプロダクツ,岐阜県不破郡垂井町表佐４８４０番地の２,2019-12-05,株式会社
株式会社エムツー・ジャパン,福岡県久留米市荒木町藤田１４２３番地３８,2019-12-05,株式会社
株式会社エース計測技研,愛媛県松山市別府町４５６番地４,2019-12-05,株式会社
株式会社オリーブ・アート,東京都調布市多摩川３丁目６５番地２ジオステージ２１３,2019-12-05,株式会社
株式会社オーテック,石川県金沢市玉鉾５丁目４８番地１（１０２）,2019-12-05,株式会社
株式会社オーレム,大阪府東大阪市近江堂１丁目１１番３号,2019-12-05,株式会社
株式会社カエカ,東京都渋谷区渋谷２丁目１４－６西田ビル５Ｆ,2019-12-05,株式会社
株式会社カナヤマ,福岡県福岡市博多区博多駅前３丁目３０番１５－１２１０号,2019-12-05,株式会社
株式会社カネロク遠藤,北海道釧路市文苑４丁目２５番１４号,2019-12-05,株式会社
株式会社カルボ,千葉県市川市塩浜２丁目３番地１０－１階,2019-12-05,株式会社
株式会社キメコン,東京都足立区千住５丁目６番７号,2019-12-05,株式会社
株式会社キャリアブレイズ,東京都千代田区神田富山町７,2019-12-05,株式会社
株式会社クレスト,高知県高知市玉水町１２３番地クレスト８０２,2019-12-05,株式会社
株式会社グリーンズヒロセ,福岡県みやま市瀬高町小川１３９３番地１,2019-12-05,株式会社
株式会社グローバル・スタッフ,兵庫県尼崎市東園田町２丁目４５番地の１・３０２号,2019-12-05,株式会社
株式会社グロープロパティ,東京都品川区東品川５丁目９番６号品川イーストシティタワー５１５室,2019-12-05,株式会社
株式会社ケイエヌエイチ,福岡県大野城市川久保２丁目１番２号,2019-12-05,株式会社
株式会社ケーテック,福岡県中間市東中間３丁目１６番１３号,2019-12-05,株式会社
株式会社コツカデンキ,香川県善通寺市下吉田町９４６番地１,2019-12-05,株式会社
株式会社コナズ珈琲分割準備会社,兵庫県神戸市中央区小野柄通７丁目１番１号,2019-12-05,株式会社
株式会社コルジャヘアー,埼玉県草加市八幡町９３５番地４－２０５号室,2019-12-05,株式会社
株式会社コンサルティングジャパン,東京都大田区東糀谷３丁目３番１０－４０４号,2019-12-05,株式会社
株式会社サイエンスカフェえむしーじじょう,神奈川県横浜市中区桜木町１丁目１－７ヒューリックみなとみらい１０階,2019-12-05,株式会社
株式会社サト,神奈川県大和市中央４丁目１４番２４－８０１号,2019-12-05,株式会社
株式会社サンセラ,福岡県福岡市西区大字女原２７９番地９,2019-12-05,株式会社
株式会社サンデライト,神奈川県川崎市川崎区田島町５番２号,2019-12-05,株式会社
株式会社シエス情報,東京都千代田区内神田２丁目７番８号,2019-12-05,株式会社
株式会社シンキチ,兵庫県尼崎市塚口本町６丁目３番２７－１号,2019-12-05,株式会社
株式会社シンケールス,兵庫県明石市朝霧南町３丁目１－３５－４０１,2019-12-05,株式会社
株式会社シーズコア,東京都千代田区神田須田町２丁目２５番地ＧＹＢ秋葉原５Ｆ,2019-12-05,株式会社
株式会社シード・クリエイト,大阪府寝屋川市秦町３９番７号エスシービル２階,2019-12-05,株式会社
株式会社ジェッソ,兵庫県神戸市中央区東川崎町１丁目５番７号,2019-12-05,株式会社
株式会社スターダム,東京都新宿区西新宿５丁目２５番１４－７０２号,2019-12-05,株式会社
株式会社スーリール,福岡県福岡市西区拾六町２丁目１１番２７号Ｃ,2019-12-05,株式会社
株式会社セブンス・アンティーク,宮城県仙台市宮城野区萩野町２丁目１１番１号加藤マンション１０２号室,2019-12-05,株式会社
株式会社センチュリー伊敷,鹿児島県鹿児島市伊敷１丁目１４番２１号,2019-12-05,株式会社
株式会社ツジムラ塗装店,長崎県島原市城西中の丁２６７６番地４,2019-12-05,株式会社
株式会社ツチダ産業,岐阜県瑞穂市別府２２７番地１,2019-12-05,株式会社
株式会社テアーテ医学研究所,神奈川県小田原市本町２丁目３番８－１２０４号,2019-12-05,株式会社
株式会社ティーツーエムスタイル,東京都中央区銀座３丁目１４－１３第一厚生館ビル５階,2019-12-05,株式会社
株式会社テクノカーボン,千葉県千葉市中央区長洲１丁目３番１号パークコート１００－１Ｃ,2019-12-05,株式会社
株式会社テラス,東京都港区南麻布３丁目７番１６号,2019-12-05,株式会社
株式会社テンシックス,東京都杉並区清水１丁目５番１３号,2019-12-05,株式会社
株式会社デジール,福岡県福岡市中央区薬院２丁目１４番２１号,2019-12-05,株式会社
株式会社デリバリーセンター東青梅,東京都青梅市東青梅３丁目４番地の２１,2019-12-05,株式会社
株式会社データスプリング,東京都千代田区麹町３丁目３番地６,2019-12-05,株式会社
株式会社トウアサービス,広島県広島市安佐南区祇園５丁目２７番１号,2019-12-05,株式会社
株式会社トラスト,岐阜県安八郡神戸町大字神戸１１１２番地の１,2019-12-05,株式会社
株式会社トリドールジャパン分割準備会社,兵庫県神戸市中央区小野柄通７丁目１番１号,2019-12-05,株式会社
株式会社ドットアイデア,東京都目黒区大橋１丁目５番１－１８０６号,2019-12-05,株式会社
株式会社ネイチャーワークス,兵庫県姫路市西延末３０５番地１０,2019-12-05,株式会社
株式会社ネクストオー,茨城県東茨城郡茨城町大字上石崎１０４９番地２,2019-12-05,株式会社
株式会社ハクエイシャ,東京都練馬区南大泉１丁目２２番４９号,2019-12-05,株式会社
株式会社バドリンク,宮城県仙台市若林区若林１丁目６番１３－１号,2019-12-05,株式会社
株式会社バレンサー,滋賀県大津市竜が丘３０番１５－７０６号,2019-12-05,株式会社
株式会社パダワン,東京都港区三田５丁目６－５タグチハイツ２－１Ｆ,2019-12-05,株式会社
株式会社ビッグロード,兵庫県神戸市東灘区深江本町３丁目８番１４号,2019-12-05,株式会社
株式会社ビリーフ,神奈川県横浜市神奈川区栄町５番地１横浜クリエーションスクエア１４Ｆ,2019-12-05,株式会社
株式会社ビー・アイ・エス,静岡県伊東市宇佐美２２０７番地,2019-12-05,株式会社
株式会社ピオンド,東京都豊島区北大塚２丁目７－９,2019-12-05,株式会社
株式会社ファクトセンス,東京都品川区東大井１丁目２５番６号プレシス大井町１０８,2019-12-05,株式会社
株式会社フィカネル,東京都港区芝２丁目２９－１０ユニゾ芝二丁目ビル７Ｆ,2019-12-05,株式会社
株式会社フォースタート,東京都渋谷区渋谷３丁目６番２号エクラート渋谷５Ｆ,2019-12-05,株式会社
株式会社フジマルフロア,栃木県宇都宮市江曽島町１３３番地５,2019-12-05,株式会社
株式会社フューチャーランド,大阪府東大阪市鳥居町４番７号,2019-12-05,株式会社
株式会社フルエタンセル,東京都墨田区墨田２丁目４１番１５－３０６号,2019-12-05,株式会社
株式会社フルーヴ,広島県福山市笠岡町１番１３－６０５号,2019-12-05,株式会社
株式会社ブックダム,東京都豊島区南池袋１丁目１６番１５号ダイヤゲート池袋５階,2019-12-05,株式会社
株式会社プラチナラボ,神奈川県川崎市幸区柳町５５番地３,2019-12-05,株式会社
株式会社プリンシプルシェア,北海道河西郡芽室町芽室北１線１８番地,2019-12-05,株式会社
株式会社プロスパール,鹿児島県鹿児島市花野光ヶ丘２丁目４３番１０号,2019-12-05,株式会社
株式会社ヘヴンズゲイト,沖縄県那覇市辻１丁目１６番９号サングリーンビル１階,2019-12-05,株式会社
株式会社ホースリンク,愛知県名古屋市名東区貴船１丁目２９７番地の１,2019-12-05,株式会社
株式会社マージンワーク,広島県広島市中区国泰寺町１丁目５番１号,2019-12-05,株式会社
株式会社ミネルヴァ,北海道旭川市南八条通２５丁目１０９番地の４４,2019-12-05,株式会社
株式会社ミヒャン美香,北海道帯広市東一条南１０丁目１８番地４,2019-12-05,株式会社
株式会社ミモザ,東京都杉並区西荻北２丁目９番１５号豊栄西荻マンション４０１,2019-12-05,株式会社
株式会社ミライズ,山梨県甲府市国母４丁目１番２号,2019-12-05,株式会社
株式会社メタルアール,大阪府高石市高砂３丁目３３番地,2019-12-05,株式会社
株式会社メディアシップス,大分県大分市下郡南５丁目３３６番地,2019-12-05,株式会社
株式会社モリオカ商店,大阪府大阪市淀川区三国本町２丁目６番２８号,2019-12-05,株式会社
株式会社モーメント・インダストリー,大阪府大阪市西区江戸堀２丁目７番３２－３０６号,2019-12-05,株式会社
株式会社ヤマナビ,宮崎県宮崎市田野町甲２９２１番地３,2019-12-05,株式会社
株式会社ユーロフパートナーズ,東京都豊島区南池袋３丁目１５番１１号ナイスフォーラム南池袋３階,2019-12-05,株式会社
株式会社ライフウィズフィットネス,長野県上田市菅平高原１２７８番地３８８,2019-12-05,株式会社
株式会社ラクリエ,岡山県真庭市月田６７７３番地１,2019-12-05,株式会社
株式会社ラ・プラージュ,兵庫県神戸市中央区海岸通２８番地ＢＥＬＩＳＴＡ神戸旧居留地１８１１号,2019-12-05,株式会社
株式会社リアーク,静岡県浜松市東区篠ケ瀬町８０１番地の１二美ビル１階,2019-12-05,株式会社
株式会社リスター,東京都八王子市追分町１８番１６号,2019-12-05,株式会社
株式会社リセルフ,兵庫県西宮市清瀬台３番８号,2019-12-05,株式会社
株式会社リタ,福岡県福岡市西区野方６丁目１８番１６号,2019-12-05,株式会社
株式会社リビングサポートラボ,大阪府大阪市東淀川区大桐２丁目７番１６号,2019-12-05,株式会社
株式会社リレーションシップス,石川県金沢市直江東１丁目１２８番地,2019-12-05,株式会社
株式会社リーブルケア,埼玉県八潮市中央３丁目３番地４,2019-12-05,株式会社
株式会社ルチェリス,埼玉県八潮市茜町１丁目３番地２－１０３,2019-12-05,株式会社
株式会社ロングワン,鹿児島県鹿児島市桜ヶ丘７丁目１７番地５,2019-12-05,株式会社
株式会社ワイズセカンド,東京都練馬区石神井台１丁目５番９号,2019-12-05,株式会社
株式会社ワンオーダー,東京都杉並区下井草３丁目４１番９号スズキビル２階,2019-12-05,株式会社
株式会社一東書道会,兵庫県神戸市兵庫区水木通４丁目１番１９号,2019-12-05,株式会社
株式会社七尾建設,北海道亀田郡七飯町鳴川１丁目３番３号,2019-12-05,株式会社
株式会社万和,福岡県福岡市博多区堅粕４丁目１２番４号,2019-12-05,株式会社
株式会社三和コンサルティング,大阪府南河内郡河南町大宝１丁目３２番１５号,2019-12-05,株式会社
株式会社三和装美,東京都足立区西伊興１丁目１２番２５号,2019-12-05,株式会社
株式会社中国新聞広北販売所,広島県呉市広塩焼１丁目１４番２号,2019-12-05,株式会社
株式会社中島建匠,東京都江戸川区大杉５丁目２６番１３号,2019-12-05,株式会社
株式会社中村綜合建設,北海道函館市鈴蘭丘町２１番地,2019-12-05,株式会社
株式会社丸玉,沖縄県那覇市牧志１丁目３番３５号,2019-12-05,株式会社
株式会社九天商事,大阪府大阪市生野区新今里１丁目７番１－９０３号,2019-12-05,株式会社
株式会社令和国際商事,埼玉県三郷市高州２丁目１１５番地４,2019-12-05,株式会社
株式会社令和農園,岐阜県安八郡輪之内町楡俣２７０９番地の１,2019-12-05,株式会社
株式会社佐々木商店,徳島県徳島市北矢三町２丁目４番４３－５０６号ビルドノーサイド,2019-12-05,株式会社
株式会社俊栄企画,東京都大田区池上１丁目１６番１９号エディフィスイケガミ２０２,2019-12-05,株式会社
株式会社健康美人,秋田県横手市猪岡字長瀞２９番地,2019-12-05,株式会社
株式会社元商,千葉県千葉市若葉区大宮町３４２５番地９,2019-12-05,株式会社
株式会社冨来郁,滋賀県東近江市宮荘町４１９番地,2019-12-05,株式会社
株式会社前山産業,福岡県飯塚市大分１４３８番地２,2019-12-05,株式会社
株式会社創美,岡山県岡山市南区福田６５番地２１,2019-12-05,株式会社
株式会社創進,東京都八王子市椚田町５０７番地２０,2019-12-05,株式会社
株式会社北秋電設,秋田県鹿角市十和田毛馬内字上陣場３４番地３ララけまない３－Ｄ,2019-12-05,株式会社
株式会社友田農園,大分県宇佐市安心院町折敷田１３番地の５,2019-12-05,株式会社
株式会社吉田土木,広島県広島市安佐南区伴南５丁目５４番９号,2019-12-05,株式会社
株式会社四国コンスト,愛媛県松山市保免西３丁目９番２６号,2019-12-05,株式会社
株式会社地方の恵み,千葉県旭市倉橋３９９２番地,2019-12-05,株式会社
株式会社堂島ホテルオペレーションズ,東京都港区赤坂１丁目１２番３２号,2019-12-05,株式会社
株式会社壱竜水産,福岡県糸島市波多江駅北３丁目２２番２１号,2019-12-05,株式会社
株式会社大勝,茨城県常陸大宮市石沢１８２６番地１,2019-12-05,株式会社
株式会社大貫会計事務所,山形県山形市流通センター２丁目１２番地１,2019-12-05,株式会社
株式会社天飛,東京都足立区日ノ出町５番４号,2019-12-05,株式会社
株式会社女性相続ｓｕｐｐｏｒｔ,東京都品川区西五反田１丁目１１番１号,2019-12-05,株式会社
株式会社宮沢工作所,東京都葛飾区南水元１丁目２３番３号,2019-12-05,株式会社
株式会社寿限無,大阪府大阪市東住吉区今林２丁目２４番８号,2019-12-05,株式会社
株式会社小栁,岡山県倉敷市阿知１丁目１６番６号,2019-12-05,株式会社
株式会社小栗,徳島県徳島市新浜町３丁目１番６４－４号,2019-12-05,株式会社
株式会社山商,千葉県千葉市若葉区桜木北１丁目３８番６号,2019-12-05,株式会社
株式会社岡屋,兵庫県神戸市須磨区北落合６丁目３番１－４０５号,2019-12-05,株式会社
株式会社希楽星,東京都渋谷区恵比寿４丁目２０番３号恵比寿ガーデンプレイスタワー１８階,2019-12-05,株式会社
株式会社広瀬自動車,大阪府摂津市鳥飼中３丁目４番４１号,2019-12-05,株式会社
株式会社弁天防災,大阪府大阪市港区弁天２丁目３番３０号,2019-12-05,株式会社
株式会社彩霞,京都府久世郡久御山町野村村東２８番地の１,2019-12-05,株式会社
株式会社想和礼,茨城県水戸市元吉田町１０２９番地の７ワーク水戸ビル,2019-12-05,株式会社
株式会社慶栄会,東京都目黒区八雲３丁目５番１６号,2019-12-05,株式会社
株式会社成徳ＢＩＦＲＯＳＴ,兵庫県姫路市網干区新在家１３８５番地２４,2019-12-05,株式会社
株式会社捧誠,神奈川県厚木市愛甲１７８８－１,2019-12-05,株式会社
株式会社文正,岐阜県瑞穂市穂積４２８番地,2019-12-05,株式会社
株式会社新興重機,北海道帯広市西四条南３７丁目１番１５号ショコラ４３７－２Ｆ,2019-12-05,株式会社
株式会社日本エコネット通信,東京都墨田区押上１丁目４３番１号,2019-12-05,株式会社
株式会社明栄興産,岡山県倉敷市西阿知町４３４番地１,2019-12-05,株式会社
株式会社春果秋冬,東京都板橋区南常盤台２丁目２１番３号,2019-12-05,株式会社
株式会社昴,福岡県福岡市博多区光丘町３丁目５番２０－１０１号,2019-12-05,株式会社
株式会社木下興産,大阪府摂津市別府１丁目７番３号,2019-12-05,株式会社
株式会社未来’ｓ,鹿児島県鹿児島市下竜尾町２６番１号季一遊２０２号,2019-12-05,株式会社
株式会社杉建,兵庫県伊丹市南野北５丁目３番３４号,2019-12-05,株式会社
株式会社林化工学,東京都葛飾区お花茶屋２丁目１５番９号,2019-12-05,株式会社
株式会社柚建築工房,広島県東広島市高屋町高屋東２４７４番地１６,2019-12-05,株式会社
株式会社栄光石材,宮崎県宮崎市生目台東１丁目１番地１田中商会ビル２０５号,2019-12-05,株式会社
株式会社栄敬,大阪府東大阪市吉原２丁目１番４１号,2019-12-05,株式会社
株式会社桝田建材,奈良県奈良市東九条町１１５４番地の１３,2019-12-05,株式会社
株式会社梅田,神奈川県横浜市保土ケ谷区上菅田町９５４番地２１,2019-12-05,株式会社
株式会社永瀨農産,埼玉県吉川市三輪野江１丁目８０番地,2019-12-05,株式会社
株式会社泰広,宮城県富谷市大清水２丁目２２番地１,2019-12-05,株式会社
株式会社浜村機工,広島県福山市引野町北３丁目１６番３号,2019-12-05,株式会社
株式会社清栄,兵庫県尼崎市浜田町５丁目５１番地１０１号,2019-12-05,株式会社
株式会社渡なべ,東京都港区赤坂２丁目１７番５９号,2019-12-05,株式会社
株式会社瀧澤興業,埼玉県越谷市東町３丁目３１７番地８,2019-12-05,株式会社
株式会社田中工業,千葉県市川市曽谷３丁目１３番５－３０２号（タウンコート室町Ⅱ）,2019-12-05,株式会社
株式会社田島電機,大阪府守口市金田町６丁目１９番１２号,2019-12-05,株式会社
株式会社甲斐精密,兵庫県西宮市神垣町１０番４１－４０８号,2019-12-05,株式会社
株式会社畑段工舎,大阪府大阪市住吉区長居西１丁目１３番１２－６０４号,2019-12-05,株式会社
株式会社益栄屋,和歌山県紀の川市東大井３４８番地,2019-12-05,株式会社
株式会社知裕運輸,大分県宇佐市大字富山１０９９番地の１,2019-12-05,株式会社
株式会社石橋正和,東京都中央区銀座８丁目５番８号,2019-12-05,株式会社
株式会社竹内牧場,北海道紋別郡興部町字朝日７１５番地,2019-12-05,株式会社
株式会社絆,岐阜県岐阜市森西６２番地８,2019-12-05,株式会社
株式会社群馬管理センター,群馬県前橋市富士見町横室７１１,2019-12-05,株式会社
株式会社肉のヤマキ商店分割準備会社,兵庫県神戸市中央区小野柄通７丁目１番１号,2019-12-05,株式会社
株式会社脇田ビル,神奈川県横浜市青葉区あざみ野３丁目７番地１６,2019-12-05,株式会社
株式会社臨床医化学研究所,埼玉県比企郡嵐山町むさし台２丁目１８番地８,2019-12-05,株式会社
株式会社蔵助,神奈川県横浜市保土ケ谷区上菅田町８１０番地,2019-12-05,株式会社
株式会社藤建,神奈川県中郡大磯町国府新宿４３３番地シティハイム大磯Ａ１０１,2019-12-05,株式会社
株式会社西条動物医療センター,愛媛県西条市福武甲８１４番地３,2019-12-05,株式会社
株式会社読売海老名南部,神奈川県海老名市河原口２丁目８番３号,2019-12-05,株式会社
株式会社谷口興業,滋賀県近江八幡市鷹飼町２５４－３４,2019-12-05,株式会社
株式会社豊栄工務店,東京都葛飾区亀有３丁目５１番７号,2019-12-05,株式会社
株式会社近江建物管理,滋賀県近江八幡市鷹飼町４５３番地６,2019-12-05,株式会社
株式会社近野設備,山形県山形市落合町４６９番地２,2019-12-05,株式会社
株式会社青山不動,東京都港区南青山２丁目１１番１４号,2019-12-05,株式会社
株式会社風月舎,栃木県鹿沼市幸町１丁目１番３２号,2019-12-05,株式会社
株式会社高橋,山梨県甲斐市竜王９０９番地１,2019-12-05,株式会社
株式会社高橋研修会,愛媛県上浮穴郡久万高原町久万３３８番地２,2019-12-05,株式会社
株式会社黒田建匠,岡山県倉敷市中島１７３３番地９,2019-12-05,株式会社
株式会社齋藤塗装店,新潟県新潟市北区名目所２丁目１６５４,2019-12-05,株式会社
株式会社２ＭＡＫ,東京都港区三田１丁目６番３号,2019-12-05,株式会社
株式会社７Ｓｔｒｉｎｇｓ,岐阜県羽島郡岐南町上印食４丁目６５番地パーチェＧＩＮＡＮⅡ２０２号室,2019-12-05,株式会社
株式会社Ａ,東京都品川区東五反田１丁目１７番７号大宗五反田ビル５０２号,2019-12-05,株式会社
株式会社Ａ＆Ｐ,埼玉県ふじみ野市上福岡３丁目９番２０号,2019-12-05,株式会社
株式会社Ａ－ＰＯＯＬ,愛知県名古屋市東区泉１丁目１１番６号ミソカビル２階,2019-12-05,株式会社
株式会社Ａ．Ｂ．Ｃ,大阪府大阪市中央区南新町１丁目１番１号,2019-12-05,株式会社
株式会社Ａ．Ｐ．Ｐｌｕｍ,奈良県桜井市大字上之庄３２１番地の１２,2019-12-05,株式会社
株式会社ＡＤＶＡＮＣＥ,東京都江戸川区下篠崎町４番２１号,2019-12-05,株式会社
株式会社ＡＧＯ　ｃｏｎｓｔｒｕｃｔｉｏｎ,東京都江戸川区西葛西３丁目２２番４５号,2019-12-05,株式会社
株式会社ＡＬＬ,千葉県千葉市中央区中央港１丁目２０番２１－８０８号,2019-12-05,株式会社
株式会社ＡＬＭＡ,埼玉県東松山市松山町２丁目７番５２号,2019-12-05,株式会社
株式会社ＡＮＮＥＸ,兵庫県姫路市網干区新在家５８６番地の５,2019-12-05,株式会社
株式会社ＡＰＤＣ,三重県四日市市諏訪栄町１番１２号,2019-12-05,株式会社
株式会社ＡＲＩＯ,青森県上北郡七戸町字荒熊内６７番地６０７,2019-12-05,株式会社
株式会社ＡＲＲＫ　ＪＥＳ,福岡県福岡市南区向野１丁目１８番２２号,2019-12-05,株式会社
株式会社Ａｄａｔｔｏ,東京都足立区千住中居町１８番１０号,2019-12-05,株式会社
株式会社Ａｉ・ＲＥＸ,石川県白山市福留町２００５番地,2019-12-05,株式会社
株式会社Ａｌｔｅｒｎａｔｉｖｅ　Ｗｏｒｌｄ,東京都世田谷区経堂１丁目１６－１１ＰＡＬ経堂Ⅱ－３０３,2019-12-05,株式会社
株式会社Ａｖｅｎｔｕｒｅ,東京都豊島区東池袋３丁目７番９号ＡＳ・ＯＮＥ東池袋ビル３階,2019-12-05,株式会社
株式会社Ｂ－ＦＡＳＴ,神奈川県座間市緑ケ丘１丁目１番２６号,2019-12-05,株式会社
株式会社Ｂ－Ｇｅｎｅｒａｔｉｏｎ,東京都港区芝１丁目１５番１０号第一芝一丁目ビル８階,2019-12-05,株式会社
株式会社ＢＥＬＬＥＺＺＡ,福岡県飯塚市本町７－２６,2019-12-05,株式会社
株式会社ＢＯＬＤ,東京都渋谷区千駄ヶ谷３丁目５４番１１号コア原宿３Ｆ,2019-12-05,株式会社
株式会社ＢＹＲＯＮＢＡＹ　ＴＯＫＹＯ,東京都渋谷区松濤１丁目２８番８号渋谷ファーストビル,2019-12-05,株式会社
株式会社Ｂａｂｙ　Ｏｎｅ　Ｓｔｅｐｓ,茨城県土浦市手野町３６７０番地,2019-12-05,株式会社
株式会社ＢａｒＢａｒＢａｒ,神奈川県横浜市中区相生町１丁目２５番地,2019-12-05,株式会社
株式会社Ｂｉｃ　ｔｒｅｅ,大阪府和泉市太町２１６番地１３号,2019-12-05,株式会社
株式会社Ｂｒｏｎｚｅｂｕｌｌ,東京都墨田区千歳３丁目３番１９号,2019-12-05,株式会社
株式会社ＣＡＲ－ＮＩＶＡＬ,茨城県水戸市東野町２６３番地１１,2019-12-05,株式会社
株式会社ＣＡＲＯＴＡ,熊本県菊池郡菊陽町大字原水５１９３番地１,2019-12-05,株式会社
株式会社ＣＣＥファーム,群馬県高崎市片岡町１丁目１３番２１号,2019-12-05,株式会社
株式会社ＣＨＩＬＤ　ＫＩＮＧＤＯＭ,宮崎県都城市高崎町前田２４１１番地７,2019-12-05,株式会社
株式会社Ｃａｒｐａｌ,京都府京都市北区小山南大野町２６番地３,2019-12-05,株式会社
株式会社Ｃｏｖａｌｅｎｔ　Ｂｏｎｄｓ,東京都世田谷区宇奈根２丁目１４番１７号,2019-12-05,株式会社
株式会社ＤＡＩＬＥＳ,大阪府藤井寺市小山７丁目１５番５号,2019-12-05,株式会社
株式会社ＤＡＺＨＩ,神奈川県相模原市中央区相模原２丁目１番１２－１２０４号,2019-12-05,株式会社
株式会社Ｄｏｍｉｎｇｏ,東京都港区北青山３丁目１５番１３号秀和北青山レジデンス４０２,2019-12-05,株式会社
株式会社Ｅ＆Ｓカンパニー,東京都新宿区南町７番地,2019-12-05,株式会社
株式会社ＥＣＯ　ＲＥＶＯ,茨城県龍ケ崎市平台１丁目１番地２４,2019-12-05,株式会社
株式会社ＥＩＧＨＴ,東京都板橋区仲町３６番１－２０９号ラヴニール,2019-12-05,株式会社
株式会社Ｆ＆Ｇ,東京都練馬区下石神井４丁目１２番５号,2019-12-05,株式会社
株式会社ＦＢＣ,神奈川県横浜市中区扇町１丁目１番２５号,2019-12-05,株式会社
株式会社ＦＩＬ,大阪府大阪市東成区東中本３丁目１８番２１号,2019-12-05,株式会社
株式会社ＦＩＮＥ　ＳＴＹＬＥ,島根県松江市東津田町４６１番地１,2019-12-05,株式会社
株式会社Ｆｒｅｅｍａｐカラフルロード,京都府京都市山科区東野八反畑町５８－４４,2019-12-05,株式会社
株式会社ＧＬＯＢＥ,福岡県福岡市南区井尻４丁目２９番７号,2019-12-05,株式会社
株式会社ＧＬＯＸＹ,北海道札幌市中央区北二条東３丁目２番２号マルタビル札幌６階,2019-12-05,株式会社
株式会社ＧＲＡＮＤＥＳＴ,埼玉県和光市本町１８番８－４０４号,2019-12-05,株式会社
株式会社ＧＴＬ,東京都台東区浅草橋５丁目２－３鈴和ビル２階,2019-12-05,株式会社
株式会社ＧＴＭ,千葉県松戸市八ケ崎６丁目７番地の１５,2019-12-05,株式会社
株式会社Ｇｒａｂ　Ｓｕｃｃｅｓｓ,東京都港区六本木５丁目２番５号,2019-12-05,株式会社
株式会社ＨＡＬＥＲＵ,大阪府摂津市東別府１丁目３番７－２０号,2019-12-05,株式会社
株式会社ＨＢＩＰ,東京都港区港南３丁目６番２１－２０５号,2019-12-05,株式会社
株式会社ＨＥＡＬＴＨＹ　ＨＡＩＲ,宮城県塩竈市野田１９番３－１Ｆ,2019-12-05,株式会社
株式会社ＨＩ－ＣＲＯＷＮ,兵庫県神戸市東灘区住吉本町１丁目２３－１３山口ビルⅢ２階,2019-12-05,株式会社
株式会社ＨＯＳＥＩ．ｃｏｍ,大阪府交野市私部西１丁目１７番７号,2019-12-05,株式会社
株式会社ＨＲＴ－ＷＯＲＫＳ,兵庫県神戸市須磨区桜の杜２丁目７番８号,2019-12-05,株式会社
株式会社Ｈｉｂｉｋｉ,福岡県福岡市中央区白金１丁目４番１４号,2019-12-05,株式会社
株式会社ＩＮＴＥＲＮＡＴＩＯＮＡＬ　ＭＥＤＩＡ　ＭＡＮＡＧＥＭＥＮＴ,東京都港区赤坂９丁目１番１９－１０１号,2019-12-05,株式会社
株式会社ＩＳＫ電気,埼玉県蓮田市大字閏戸２８１５番地９,2019-12-05,株式会社
株式会社Ｋ’ｚ,岐阜県揖斐郡大野町大字瀬古８８番地２０,2019-12-05,株式会社
株式会社Ｋ・ワールドカンパニー,富山県富山市新庄町４丁目８番２０－１０１号荒川アーバンステイツＢ棟,2019-12-05,株式会社
株式会社Ｋ－ＷＯＲＫＥＲ,山梨県中央市山之神３４３３番地カーサ・エフＢ,2019-12-05,株式会社
株式会社Ｋ４４１ＡＧＲＩＣＵＬＴＵＲＡＬ　ＩＮＴ’Ｌ,愛知県名古屋市中村区烏森町１丁目１３２番地の１エクレール烏森４０２号,2019-12-05,株式会社
株式会社Ｋ５,岩手県花巻市上小舟渡４７２番地１リヴィエールＦ棟,2019-12-05,株式会社
株式会社ＫＡＮＰＥＩ,東京都世田谷区瀬田２丁目２６番１１号,2019-12-05,株式会社
株式会社ＫＣＳ,埼玉県さいたま市見沼区東大宮６丁目５２番地１３,2019-12-05,株式会社
株式会社ＫＥＦ,埼玉県さいたま市見沼区島町１１１５番地１０,2019-12-05,株式会社
株式会社ＫＲＴレジン,大阪府豊中市利倉西２丁目２０番８号,2019-12-05,株式会社
株式会社ＫＳ工業,福井県丹生郡越前町織田第１０９号７５番地,2019-12-05,株式会社
株式会社Ｋｉｃｋｙ　ＳＭＩＬＥ,千葉県市川市行徳駅前１丁目２４番１号,2019-12-05,株式会社
株式会社Ｋｏａ　ＰＬＡＮ,東京都練馬区三原台１丁目３９番２号,2019-12-05,株式会社
株式会社ＬＣＶリレーション,東京都豊島区南大塚１丁目５４－１ジョイントフォービル３Ｆ,2019-12-05,株式会社
株式会社ＬＥＡＰ,神奈川県横浜市金沢区並木１丁目１７番７－４０２号,2019-12-05,株式会社
株式会社ＬＵＣＫ　ｐｒｏｊｅｃｔ,東京都足立区千住２丁目６２番地富士そうビル１Ｆ,2019-12-05,株式会社
株式会社Ｌａ　Ｆｉｌｌｅ,東京都江戸川区一之江７丁目３８番８号,2019-12-05,株式会社
株式会社Ｌｉｆｅプロジェクト,兵庫県神戸市中央区相生町５丁目１番１－３０１号,2019-12-05,株式会社
株式会社Ｌｉｎｆｅｒ,京都府京都市左京区吉田本町３６番地１京都大学国際科学イノベーション棟ベンチャーインキュベーションセンター内,2019-12-05,株式会社
株式会社Ｌｕｃｉｔａ,東京都港区南青山２丁目２番１５号ｗｉｎ青山ビルＵＣＦ９１７,2019-12-05,株式会社
株式会社Ｌｕｍｏｓ　Ｌｉｌｙ,静岡県焼津市東小川１丁目３番１７号,2019-12-05,株式会社
株式会社Ｍ－Ｑｕｅｅｎ’ｓ,北海道河東郡鹿追町北鹿追北７線４番地,2019-12-05,株式会社
株式会社ＭＡＲＳ,神奈川県大和市大和東３丁目２番１２号三友ビル１０２号室,2019-12-05,株式会社
株式会社ＭＩＫＯ　ＢＲＡＮＤ,東京都大田区南雪谷２丁目１９番３号サンライト南雪谷５０１,2019-12-05,株式会社
株式会社ＭＯＯＯＶＥ,東京都渋谷区神宮前６丁目１９番１５号高野第１ビル５階,2019-12-05,株式会社
株式会社ＭＲＣ,東京都江戸川区一之江５丁目８番２１号,2019-12-05,株式会社
株式会社ＭＳＮ,神奈川県平塚市東八幡３丁目１１番１６号,2019-12-05,株式会社
株式会社Ｍｉａｇｉ　Ｊａｐａｎ,東京都大田区西蒲田８丁目１７－９－１０１,2019-12-05,株式会社
株式会社ＭｏｇｕＭｅ,東京都渋谷区代々木４丁目３７番７号ＹＲビル３０１,2019-12-05,株式会社
株式会社ＮＡＫ,滋賀県近江八幡市上田町２６６番地１,2019-12-05,株式会社
株式会社ＮＥＯＺＥＳＴ,東京都豊島区東池袋５丁目２４番８号,2019-12-05,株式会社
株式会社ＮＦブロッサムテクノロジーズ,神奈川県横浜市港北区綱島東６丁目３番２６号,2019-12-05,株式会社
株式会社ＮＩＣ,東京都練馬区春日町２丁目１２番４６号,2019-12-05,株式会社
株式会社ＮＫ販売,福岡県北九州市八幡西区引野１丁目１５番７号,2019-12-05,株式会社
株式会社ＮａｎＳｅＩコンサルティング,鹿児島県薩摩川内市宮里町１２０８番地１,2019-12-05,株式会社
株式会社Ｎａｔｕｒａｌ　Ｖｉｒｔｕｅ,千葉県船橋市湊町３丁目６番２３号小柳ビル１Ｆ,2019-12-05,株式会社
株式会社Ｎｏｇｉｆａ,東京都渋谷区代々木１丁目３０番１４号００５号室,2019-12-05,株式会社
株式会社Ｎｏｒｂｉｌ,大阪府枚方市南中振２丁目８９番１５号,2019-12-05,株式会社
株式会社Ｎｏｓｔａｌｇｉｃ,沖縄県名護市字幸喜９７番地,2019-12-05,株式会社
株式会社ＯＩＯ,東京都品川区大井１丁目４３番２号スカイビル３０２,2019-12-05,株式会社
株式会社ＯＰＦＣ,東京都練馬区関町北１丁目９番１５号,2019-12-05,株式会社
株式会社ＯＳＤ,大阪府東大阪市衣摺２丁目５番１３号,2019-12-05,株式会社
株式会社Ｐ．Ｐ．Ｐｒｏｄｕｃｔｉｏｎ,東京都練馬区豊玉北３丁目２４番２号,2019-12-05,株式会社
株式会社ＰＡＳＥＯ,福岡県福岡市早良区室見４丁目２－２４ＭＨＭＵＲＯＭＩビル４Ｆ,2019-12-05,株式会社
株式会社ＰＲＩＳＭ,東京都渋谷区桜丘町２３番１７号シティコート桜丘４０８,2019-12-05,株式会社
株式会社ＰＲＯＰＡ,東京都台東区東上野６丁目７番８号,2019-12-05,株式会社
株式会社ＰｒｅｃｉｏｕｓＬｉｆｅ,大阪府大阪市西区北堀江１丁目１７番１５号,2019-12-05,株式会社
株式会社Ｒ＆Ｆ　ｅｃｏｌｏｇｙ,千葉県銚子市黒生町６８５０番地３レオパレスナナ１０４号,2019-12-05,株式会社
株式会社ＲＩＮ,東京都渋谷区猿楽町１２番地１９号の１,2019-12-05,株式会社
株式会社Ｒｅｐｌｅｘ,神奈川県横浜市中区万代町１丁目２番１２号ＶＯＲＴ横浜関内Ⅲ６階Ｂ,2019-12-05,株式会社
株式会社Ｒｉｃｋ　Ｕｐ,大阪府大東市緑が丘１丁目９番５号,2019-12-05,株式会社
株式会社Ｒｉｖｅｌｅ,大阪府八尾市安中町５丁目７番１５号,2019-12-05,株式会社
株式会社ＳＡＮ,兵庫県神戸市垂水区神田町２番３１号タケミカビル２Ｆ,2019-12-05,株式会社
株式会社ＳＡＮＣＴＵＡＲＹ,東京都千代田区内幸町１丁目３番３号,2019-12-05,株式会社
株式会社ＳＢＳ,神奈川県横浜市旭区川島町２９９５番地３,2019-12-05,株式会社
株式会社ＳＣＵ,愛知県名古屋市瑞穂区桜見町１丁目４番地１,2019-12-05,株式会社
株式会社ＳＥＢＡ,新潟県新発田市荒町１４９０番地,2019-12-05,株式会社
株式会社ＳＨＩＮＫＩ,大阪府岸和田市神於町２２０番地,2019-12-05,株式会社
株式会社ＳＭＡＣｓ,宮城県仙台市青葉区五橋１丁目６番６号五橋ビル７階,2019-12-05,株式会社
株式会社ＳＭＡＲＴ．ｓ,大阪府大東市南津の辺町１－５,2019-12-05,株式会社
株式会社ＳＰＡＲＫ．,福岡県糟屋郡宇美町桜原１丁目４番３号,2019-12-05,株式会社
株式会社ＳＹＹ,東京都大田区多摩川１丁目２番２５号,2019-12-05,株式会社
株式会社Ｓａｃ,東京都渋谷区恵比寿１丁目２３番１１号,2019-12-05,株式会社
株式会社Ｓｏｃｉａｌ　Ｉｎｔｅｌｌｉｇｅｎｃｅ,東京都台東区上野５丁目１番２号,2019-12-05,株式会社
株式会社Ｔ＆Ｔ,神奈川県川崎市麻生区上麻生７丁目８番１号,2019-12-05,株式会社
株式会社ＴＣホールディングス,岐阜県美濃加茂市加茂川町３丁目１１番５号,2019-12-05,株式会社
株式会社ＴＨＥ　ＴＨＩＲＤ,東京都港区元麻布１丁目３番２号,2019-12-05,株式会社
株式会社ＴＫＳ　ｓａｒｏｎ,大阪府大阪市中央区南船場３丁目１番１１号,2019-12-05,株式会社
株式会社ＴＭ安全企画,滋賀県大津市勧学２丁目２０番２５号,2019-12-05,株式会社
株式会社ＴＮコンサルティング,東京都目黒区青葉台３丁目２番１０号,2019-12-05,株式会社
株式会社ＴＯＪ,東京都新宿区西新宿７丁目１６番３０号フジビル１８,2019-12-05,株式会社
株式会社ＴＯＲＩＤＥ,神奈川県横浜市金沢区富岡東４丁目３番５７－３０２号,2019-12-05,株式会社
株式会社ＴＯＲＩＫＯ,福岡県福岡市中央区港２丁目１０番３号,2019-12-05,株式会社
株式会社ＴＯＴＡＬ９１,茨城県日立市神峰町１丁目２番１９号,2019-12-05,株式会社
株式会社ＴＲＩＤＥＮＴ　Ｌａｂ．,福岡県福岡市南区大楠３丁目２２番５号,2019-12-05,株式会社
株式会社ＴＲＲ３３,東京都世田谷区野毛２丁目２０番２３－３１２号,2019-12-05,株式会社
株式会社ＴＳＵＪＩＮＯ,千葉県船橋市北本町２丁目４５番１７－１号,2019-12-05,株式会社
株式会社ＵＭＥ,宮城県塩竈市梅の宮１４番１０号,2019-12-05,株式会社
株式会社Ｖ８,東京都品川区東五反田１丁目２０番１号麗佳ビル２Ｆ,2019-12-05,株式会社
株式会社ＷＯＦ,兵庫県姫路市砥堀１１６１番地５,2019-12-05,株式会社
株式会社Ｗａｔｅｒ－Ｃｒｅａｔｅ,東京都板橋区常盤台１丁目３８番３号アクアコート常盤台１０１,2019-12-05,株式会社
株式会社Ｙ＆Ａ,香川県丸亀市飯山町西坂元５６６番地１,2019-12-05,株式会社
株式会社Ｙ－ＨＯＭＥ,神奈川県横浜市旭区上白根町１２０８番地４０,2019-12-05,株式会社
株式会社ＹＡＭＡＴＯ,宮城県仙台市若林区大和町５丁目１７番１０号,2019-12-05,株式会社
株式会社ＹＳＨＣ,東京都荒川区荒川７丁目２０番１号,2019-12-05,株式会社
株式会社ＹＺＡコンサルティング,東京都港区浜松町２丁目２番１５号,2019-12-05,株式会社
株式会社Ｙａｌｅｔｏｗｎ　Ｊａｐａｎ,東京都北区上十条２丁目２８番７号ＯＤＣビル４Ｆ,2019-12-05,株式会社
株式会社ａｍＡ－Ｚ,大阪府大阪市中央区北久宝寺町２丁目１番７号本町和光ビル５階,2019-12-05,株式会社
株式会社ａｍｅｉｒｏ,大阪府豊中市旭丘１－１０７,2019-12-05,株式会社
株式会社ａｕｔｏ　ｃｏｍｍｕｎｉｃａｔｉｏｎ,福岡県福岡市城南区七隈７丁目３２番２５号,2019-12-05,株式会社
株式会社ｃｈａｔｂｏｘ．Ｓｐｒｉｎｔ,大阪府大阪市北区天満２丁目８－１７,2019-12-05,株式会社
株式会社ｃｉｅｌｏ８,東京都港区六本木３丁目１１番７号海上ビル３Ｆ,2019-12-05,株式会社
株式会社ｆ’ａｔｈｅｎｓ,広島県廿日市市大野原３丁目１番９号,2019-12-05,株式会社
株式会社ｆｒａｕ,東京都品川区小山７丁目１５番２１号プレミール洗足４１２,2019-12-05,株式会社
株式会社ｇｒａｎｃｉ．,大阪府大阪狭山市茱萸木６丁目７８１番地の４エレガンスくみの木,2019-12-05,株式会社
株式会社ｇｒｅｅｎ　ｓｔｙｌｅ,佐賀県唐津市浜玉町横田下１０８８番地１,2019-12-05,株式会社
株式会社ｉｏ．,東京都板橋区大和町２３番３号,2019-12-05,株式会社
株式会社ｌｅｃ　ｃａｆｅ,大阪府大阪市北区天満２丁目８－１７,2019-12-05,株式会社
株式会社ｐｈａｒｏｃａｄｉａ,東京都杉並区宮前１丁目１番２４号,2019-12-05,株式会社
株式会社ｓｅｅｋ　ｆｒｅｅｐｌａｎｎｉｎｇ,広島県広島市東区牛田新町２丁目４番２９号,2019-12-05,株式会社
株式会社ｓｉｎｇ,東京都千代田区九段南１丁目５番６号りそな九段ビル５ＦＫＳフロア,2019-12-05,株式会社
株式会社ｔｏｏｏｔｈ,東京都渋谷区神宮前５丁目６－５Ｐａｔｈ表参道Ａ棟３Ｆ,2019-12-05,株式会社
森林資源開発株式会社,神奈川県横浜市中区南仲通４丁目３９番地２箕田関内ビル７階,2019-12-05,株式会社
武藤建設株式会社,山梨県山梨市万力１８５番地５,2019-12-05,株式会社
沖縄油圧株式会社,沖縄県糸満市西崎６丁目１８番１号スカイビル３Ｆ,2019-12-05,株式会社
流通ワークス事業協同組合,群馬県伊勢崎市西久保町２丁目２２２番地１,2019-12-05,その他の設立登記法人
特定目的会社ＨＴＴ－２号ファンド,東京都千代田区神田佐久間町３丁目２７番３号ガーデンパークビル３階吉田・森本・石野税理士法人内,2019-12-05,その他の設立登記法人
特定非営利活動法人さかわ夢まち協議会,高知県高岡郡佐川町甲１７２２番地,2019-12-05,その他の設立登記法人
特定非営利活動法人子供の保育を考える会・ママの部屋,東京都小金井市貫井南町３丁目２２番２７－５０７号プラウド武蔵小金井,2019-12-05,その他の設立登記法人
特定非営利活動法人憩,千葉県袖ケ浦市横田１７０９番地２,2019-12-05,その他の設立登記法人
特定非営利活動法人音祭り,埼玉県児玉郡上里町大字七本木３１７１番地１１,2019-12-05,その他の設立登記法人
特定非営利活動法人ＹＹＪ・ゆるくてやさしい日本語のなかまたち,千葉県習志野市鷺沼２丁目９番５０－７０４号,2019-12-05,その他の設立登記法人
瑛光電設株式会社,東京都墨田区東駒形３丁目５番１１号,2019-12-05,株式会社
瑞淇株式会社,東京都足立区東伊興３丁目４－１４,2019-12-05,株式会社
盛龍株式会社,神奈川県横浜市鶴見区小野町３４番地クミコーポＡ２０２,2019-12-05,株式会社
社会福祉法人敬天会,鹿児島県大島郡伊仙町大字面縄１９７７,2019-12-05,その他の設立登記法人
福島富岡ソーラーキャッスル合同会社,東京都千代田区丸の内３丁目１番１号東京共同会計事務所内,2019-12-05,合同会社
税理士法人小澤会計事務所,愛知県瀬戸市共栄通５丁目２番地,2019-12-05,その他の設立登記法人
税理士法人東京パートナーズ会計事務所,東京都中央区日本橋室町１丁目９番１２号,2019-12-05,その他の設立登記法人
税理士法人辻会計事務所,三重県伊勢市藤里町６７８番地７,2019-12-05,その他の設立登記法人
稲葉電業株式会社,神奈川県相模原市中央区田名２１０３番地８,2019-12-05,株式会社
竹福株式会社,東京都渋谷区千駄ヶ谷２丁目８番８号ＫＫＹビル３０１,2019-12-05,株式会社
笠原電機株式会社,神奈川県横浜市泉区和泉町７１５番地６,2019-12-05,株式会社
美華株式会社,沖縄県那覇市前島３丁目２５番２号泊ポートビル３階３１７号室,2019-12-05,株式会社
花蓮堂合同会社,大阪府松原市天美我堂６丁目４番１３－１０６号,2019-12-05,合同会社
茂木商事株式会社,千葉県松戸市栗山３１０番地,2019-12-05,株式会社
茶の文化フォーラム株式会社,東京都青梅市御岳１丁目１６６番地の１,2019-12-05,株式会社
華勝トランス株式会社,東京都大田区大森中３丁目１３番１６号第１一美荘１０２,2019-12-05,株式会社
華業巧房株式会社,沖縄県那覇市おもろまち４丁目６番１９号ＦＬＥＸおもろまち３０２号室,2019-12-05,株式会社
藤田機械株式会社,大阪府四條畷市大字清瀧６３番地の５,2019-12-05,株式会社
装機工業株式会社,愛媛県松山市余戸西１丁目１０番２９号,2019-12-05,株式会社
裾野市スポーツツーリズム推進協議会,静岡県裾野市佐野１０５９番地,2019-12-05,その他
西羅亜株式会社,埼玉県蕨市南町１丁目３３番３２号ライオンズマンション蕨南町６０４号,2019-12-05,株式会社
野田シェアリング株式会社,東京都中央区新富２丁目５番４号,2019-12-05,株式会社
高齢社会ＮＧＯ連携協議会,東京都港区芝公園２丁目６－８日本女子会館７階　公益財団法人さわやか福祉財団内,2019-12-05,その他
３Ｃｏｎｎｅｃｔ合同会社,東京都荒川区町屋１丁目９－３,2019-12-05,合同会社
７ＳＰＯＴ合同会社,大阪府大阪市東淀川区豊里２丁目１番７－４１９号,2019-12-05,合同会社
８８８株式会社,東京都葛飾区立石６丁目２０番８号,2019-12-05,株式会社
Ａ－Ｃｏｕｌｅｕｒ株式会社,東京都世田谷区弦巻５丁目１９番１２号,2019-12-05,株式会社
ＡＨＳ．ＪＡＰＡＮ株式会社,石川県金沢市大豆田本町甲５５０番地,2019-12-05,株式会社
ＡＩＲＩＴ－ｉｎｃ．合同会社,東京都世田谷区喜多見３丁目１８番１１号,2019-12-05,合同会社
ＡＺ株式会社,東京都足立区入谷１丁目２番６－６０３号,2019-12-05,株式会社
ＡｎｉｍｅＸ株式会社,東京都渋谷区道玄坂１丁目１７－１１,2019-12-05,株式会社
ＢＥＥ　ＨＯＭＥ株式会社,神奈川県横浜市青葉区すみよし台１１番地３８,2019-12-05,株式会社
ＢＩＴＳ株式会社,東京都江戸川区松島３丁目２２番３号,2019-12-05,株式会社
Ｂｅ　Ｇｏｏｄ　Ｆｉｅｌｄ合同会社,神奈川県鎌倉市岩瀬１丁目１番３－３０３号,2019-12-05,合同会社
Ｂｉｎｏｃｕｌａｒ　Ｖｉｓｉｏｎ　Ｊａｐａｎ株式会社,東京都中央区日本橋３丁目４番１５号八重洲通ビル５階,2019-12-05,株式会社
Ｂｉｏｓｙｎｔｈ　Ｃａｒｂｏｓｙｎｔｈ　Ｊａｐａｎ株式会社,東京都千代田区丸の内２丁目３番２号郵船ビルディング１階,2019-12-05,株式会社
Ｃ．Ｎ．Ｖ．Ｐ合同会社,神奈川県川崎市川崎区浅田２丁目１３番２９号サニーレジデンス２０１,2019-12-05,合同会社
ＣＡＳＡＮＥＲＡ　ＪＡＰＡＮ株式会社,東京都葛飾区水元３丁目１４番２６号,2019-12-05,株式会社
ＣＨＡＮＧ　ＹＥ株式会社,北海道札幌市豊平区豊平三条１２丁目１番２０－２０５号,2019-12-05,株式会社
ＣＨＲＬ　ＴＲＡＤＩＮＧ株式会社,神奈川県横浜市旭区今宿南町１０９番地１エンゼルハイム鶴ケ峰１０９号,2019-12-05,株式会社
ＣｏｎｎｅｃｔＬｉｆｅ株式会社,兵庫県神戸市西区小山２丁目３番２３－１０４号,2019-12-05,株式会社
Ｃｒｕｘ税理士法人,神奈川県小田原市栄町１丁目３番１０号天野ビル２階,2019-12-05,その他の設立登記法人
ＤＦＥ合同会社,神奈川県厚木市旭町５丁目３５番１６号,2019-12-05,合同会社
ＤＩＦ合同会社,東京都世田谷区成城１丁目４番１号,2019-12-05,合同会社
Ｄａｉｓｈｉｎ　Ｐ＆Ｔ株式会社,兵庫県尼崎市道意町７丁目６番地,2019-12-05,株式会社
Ｄｉｇｉｖｅｌ合同会社,山梨県甲斐市龍地３３７６番地２４,2019-12-05,合同会社
Ｆ・サポート株式会社,大阪府松原市田井城２丁目２５４番地の７,2019-12-05,株式会社
ＦＰｋｎｏｗｌｅｄｇｅ株式会社,東京都世田谷区深沢５丁目２２番９号,2019-12-05,株式会社
ＦＲＯＧＦＩＳＨ合同会社,神奈川県川崎市麻生区王禅寺西５丁目２番１８－３０５号,2019-12-05,合同会社
Ｆｉｎｍａｐ株式会社,大阪府大阪市中央区平野町２丁目５－８平野町センチュリービル３階,2019-12-05,株式会社
Ｆｉｒｓｔ株式会社,東京都福生市武蔵野台１丁目４番地１５、２Ｆ,2019-12-05,株式会社
ＧＡＧパートナーズ株式会社,東京都渋谷区広尾１丁目７番２０号,2019-12-05,株式会社
Ｇｒｅｅｎ　ＡＩ合同会社,長野県茅野市宮川８７０４番地１,2019-12-05,合同会社
Ｈｏｓｐｉｔａｌ　Ｗａｔｅｒ　Ｈｙｇｉｅｎｅ研究会,愛媛県今治市いこいの丘１番３,2019-12-05,その他
ＩＣＨＩ株式会社,島根県益田市乙吉町イ８７番地２,2019-12-05,株式会社
ＩＮＡ合同会社,神奈川県横浜市緑区三保町２７５３番１０号,2019-12-05,合同会社
ＩＰコンサルティングジャパン合同会社,東京都中央区銀座６丁目６番１号,2019-12-05,合同会社
Ｉｎｋｆａｎｄ株式会社,東京都世田谷区北沢５丁目２３番２４号,2019-12-05,株式会社
ＪＡＳＰＡ　ＬＩＮＫ合同会社,埼玉県川口市柳崎５丁目７番３２号,2019-12-05,合同会社
ＪＥＡＮＳ類瀬合同会社,神奈川県川崎市中原区新城中町８番２９号,2019-12-05,合同会社
ＪＰＳ株式会社,東京都港区虎ノ門１丁目１６番１７号虎ノ門黒沢ビル５階,2019-12-05,株式会社
ＪｕｓｔＣｏ　ＤＫ　Ｊａｐａｎ株式会社,東京都港区港南２丁目１６番１号,2019-12-05,株式会社
ＫＭパワー株式会社,福岡県福岡市博多区博多駅東２丁目５番１９号サンライフ第３ビル５階,2019-12-05,株式会社
ＫｅｎＫｏＫｏｕ合同会社,埼玉県さいたま市大宮区高鼻町３丁目７６番地８,2019-12-05,合同会社
Ｋｙａｎ－Ｇワタナベ合同会社,沖縄県糸満市字喜屋武１４２２番地,2019-12-05,合同会社
Ｌ＆Ｅコンサルティング株式会社,東京都中央区銀座６丁目１３番１６号銀座ＷａｌｌビルＵＣＦ５０１,2019-12-05,株式会社
ＬＥＡＰ＆ＤＥＳＩＧＮＳ株式会社,東京都港区白金台３丁目１６番８号,2019-12-05,株式会社
ＬＪＴ株式会社,京都府京都市伏見区日野北山２番地１０,2019-12-05,株式会社
Ｍ’ｓ　Ａｓｓｉｓｔ合同会社,大阪府大阪市住吉区遠里小野４丁目６番８号,2019-12-05,合同会社
ＭＡＩＯ株式会社,東京都東村山市萩山町２丁目２５番地１２,2019-12-05,株式会社
ＭＫ　ＡＫＴ株式会社,栃木県宇都宮市馬場通り３丁目１番１７号ＳＴＭ２ビル３Ｆ,2019-12-05,株式会社
ＭＭＣ株式会社,東京都足立区東六月町８番２６号,2019-12-05,株式会社
Ｍａｔｃｈ－Ｕｐ合同会社,東京都港区赤坂６丁目１９番５４－４０９号,2019-12-05,合同会社
ＮＫＤ　Ｇｒｏｕｐ合同会社,愛知県刈谷市新栄町６丁目４０１番地５,2019-12-05,合同会社
ＮＰＯ法人まほろば,愛媛県松山市北久米町５０３番地２,2019-12-05,その他の設立登記法人
ＮＰＯ法人鳳,千葉県柏市柏１丁目７番１－３０１号,2019-12-05,その他の設立登記法人
ＮＰＯ法人ＡＬＬ　ＯＫ,福岡県北九州市八幡西区泉ケ浦２丁目２０番５号,2019-12-05,その他の設立登記法人
ＮＰＯ法人ＳＡＬＯＮ　ＤＥ　ＶＩＮ　ＷＭ,群馬県太田市内ケ島町１３２２番地７４,2019-12-05,その他の設立登記法人
ＮＳＰホールディング株式会社,東京都港区芝大門２丁目５番５号,2019-12-05,株式会社
Ｏ．Ｋ．Ｋｉｄｓ　Ａｃａｄｅｍｙ合同会社,神奈川県横浜市鶴見区生麦３丁目１０番３号,2019-12-05,合同会社
ＯＮテクノ防災株式会社,岐阜県岐阜市薮田南１丁目３番１２号,2019-12-05,株式会社
ＯＲＩＡＳ合同会社,大阪府大阪市東淀川区東中島１丁目１８番４号ホワイトハイツカドタ３０７,2019-12-05,合同会社
ＯＶファーム株式会社,岐阜県高山市清見町牧ケ洞８７６番地６,2019-12-05,株式会社
Ｐ．Ｂｒｕｎ合同会社,静岡県沼津市高砂町１５－４,2019-12-05,合同会社
Ｐｒｅｃｉｏｕｓ　Ｃｏｍｐａｎｙ株式会社,愛知県名古屋市港区当知１丁目１２０１番地,2019-12-05,株式会社
ＲＩＴＡ税理士法人,北海道札幌市中央区南四条東２丁目１２番地３,2019-12-05,その他の設立登記法人
ＳＥＣエンジニアリング株式会社,兵庫県尼崎市潮江１丁目２番６号尼崎フロントビル６階,2019-12-05,株式会社
ＳＴフードサービス合同会社,北海道札幌市北区麻生町５丁目５番１１号日之出ビル１階,2019-12-05,合同会社
Ｓｅｎｅｒｇｙ　Ｃｏｎｓｕｌｔａｎｔｓ合同会社,東京都江戸川区小松川１丁目５番９－９０６号,2019-12-05,合同会社
ＴＪＳファイナンシャルコンサルティング株式会社,東京都豊島区東池袋３丁目１５番１４号,2019-12-05,株式会社
ＴＫマネジメント合同会社,愛知県名古屋市東区砂田橋４丁目１番５７号メガシティテラス１棟４０３号,2019-12-05,合同会社
ＴＫＣ合同会社,岐阜県岐阜市野一色２丁目５番１５号,2019-12-05,合同会社
ＴＭＩプライバシー＆セキュリティコンサルティング株式会社,東京都港区六本木６丁目１０番１号六本木ヒルズ森タワー２３階,2019-12-05,株式会社
ＴＭＩベンチャーズ株式会社,東京都港区六本木６丁目１０番１号六本木ヒルズ森タワー２３階,2019-12-05,株式会社
ＴＯＶ合同会社,東京都練馬区桜台５丁目４５番２３号,2019-12-05,合同会社
ＴＰＳ株式会社,滋賀県大津市月輪１丁目１２番２号,2019-12-05,株式会社
ＴｅｒａＷａｔｔ　Ｔｅｃｈｎｏｌｏｇｙ株式会社,神奈川県横浜市緑区長津田町４２５９番地３東工大横浜ベンチャープラザＷ３０１,2019-12-05,株式会社
Ｕｎｄｅｒ　Ｐａｒ株式会社,東京都港区六本木５丁目１６番２３－４０１号,2019-12-05,株式会社
Ｗｏｒｋｙｏｕ株式会社,東京都品川区上大崎３丁目１４番３５号山手ビル２Ｆ,2019-12-05,株式会社
ｇｏｌｄ１４５４株式会社,東京都港区浜松町２丁目２番１５号,2019-12-05,株式会社
ｍｋｓｏ合同会社,千葉県柏市篠籠田６９５－５,2019-12-05,合同会社
ｎｉｃｅ　ｂｕｄｄｙ株式会社,東京都八王子市明神町４丁目２９番９号,2019-12-05,株式会社
おちあい株式会社,北海道札幌市厚別区厚別西五条２丁目１５番２５号,2019-12-06,株式会社
せいてつ株式会社,大阪府大阪市中央区内本町２丁目４－１０ネオハイツ内本町１０９号,2019-12-06,株式会社
とみんと合同会社,愛知県東海市大田町川南新田２３３番地の１,2019-12-06,合同会社
なち企画合同会社,宮城県登米市中田町浅水字新田７８番地,2019-12-06,合同会社
べっぴん食堂株式会社,愛知県名古屋市東区泉２丁目１番２８号,2019-12-06,株式会社
アイテック株式会社,徳島県板野郡藍住町乙瀬字青木２８番地２,2019-12-06,株式会社
アイルビット株式会社,埼玉県さいたま市大宮区桜木町２丁目３番地大宮マルイ７階,2019-12-06,株式会社
アウトオブザボックス合同会社,神奈川県横浜市青葉区黒須田２番１８号,2019-12-06,合同会社
アジヤデ株式会社,東京都中央区日本橋小伝馬町２番４号柿澤ビル８Ｆ,2019-12-06,株式会社
アリス貿易株式会社,愛知県安城市篠目町１丁目２番地４チェルシーミードⅢ－１,2019-12-06,株式会社
アンダンテワークス株式会社,神奈川県横浜市港北区新横浜２丁目６番地１３－７Ｆ,2019-12-06,株式会社
アンドワークス株式会社,大阪府大阪市西成区津守１丁目６番１１号,2019-12-06,株式会社
アンフィル株式会社,埼玉県さいたま市見沼区大字上山口新田５３番地１,2019-12-06,株式会社
アーリーハウジング株式会社,福岡県福岡市城南区片江２丁目１８番１６号,2019-12-06,株式会社
イソベクリーン株式会社,愛知県瀬戸市北丘町５１番地の９,2019-12-06,株式会社
インピロエンディ株式会社,神奈川県横浜市中区弁天通２丁目２９番地森藤ビル３階,2019-12-06,株式会社
エクシード株式会社,東京都渋谷区渋谷２丁目７番１３号,2019-12-06,株式会社
エスサイクル設計株式会社,愛知県常滑市青海町５丁目３３番地,2019-12-06,株式会社
エスワイ合同会社,熊本県八代市鏡町内田７８６番地１（１０５）,2019-12-06,合同会社
エヌテック株式会社,大阪府大阪市淀川区十三東１丁目１７番１３号,2019-12-06,株式会社
オークス株式会社,東京都千代田区九段南１丁目５番６号りそな九段ビル５Ｆ,2019-12-06,株式会社
オーシャンスター株式会社,東京都品川区北品川５丁目６番１６号,2019-12-06,株式会社
オーディン・ホールディングス株式会社,東京都渋谷区西原２丁目３１番７号,2019-12-06,株式会社
カワカミ設備株式会社,大阪府池田市畑４丁目１７番１４号,2019-12-06,株式会社
カンター株式会社,千葉県松戸市胡録台２２番地の６,2019-12-06,株式会社
カンリクＥＸＰＲＥＳＳ東海株式会社,愛知県弥富市鎌島１丁目５番地１０,2019-12-06,株式会社
クラウドテレコム株式会社,東京都港区元麻布３丁目２番１９号,2019-12-06,株式会社
クラン工業合同会社,兵庫県姫路市東今宿３丁目１０番９―６０４号,2019-12-06,合同会社
グリーン商事株式会社,愛知県大府市桃山町１丁目１７９番地の６,2019-12-06,株式会社
ケアライフ香合同会社,大阪府東大阪市東鴻池町５丁目３番１３号,2019-12-06,合同会社
コノミペットサービス合同会社,広島県広島市東区温品５丁目２－４,2019-12-06,合同会社
サノヤ食品合同会社,愛知県名古屋市千種区日和町１丁目３番２４号,2019-12-06,合同会社
シゲオ企画株式会社,神奈川県横浜市磯子区洋光台４丁目４２番１９号,2019-12-06,株式会社
シビルワーク株式会社,埼玉県川口市大字木曽呂９５９番地の１５,2019-12-06,株式会社
シンシア合同会社,広島県安芸高田市吉田町吉田７０９番地１１,2019-12-06,合同会社
シーエルプラスアイ株式会社,新潟県新潟市西区新通南３丁目８番３号,2019-12-06,株式会社
ジャパンダイナミックウインドウズ株式会社,福岡県福岡市博多区半道橋１丁目４番３号グレイスヴィラ４０３,2019-12-06,株式会社
スクウェア・エー株式会社,東京都豊島区池袋３丁目５番２５号,2019-12-06,株式会社
スナオ合同会社,岐阜県岐阜市上尻毛日吉２１３番地３,2019-12-06,合同会社
スマイル＆カインドネス株式会社,埼玉県さいたま市南区沼影１丁目１１番２号Ｃ－１３０３,2019-12-06,株式会社
スリーエス四国株式会社,愛媛県西予市宇和町上松葉６０１番地１,2019-12-06,株式会社
セントラルサービス株式会社,埼玉県さいたま市南区鹿手袋２丁目１３番８－１０２号,2019-12-06,株式会社
ソレイユ広島合名会社,広島県広島市東区若草町２２番７号,2019-12-06,合名会社
タムラテクノ株式会社,岡山県倉敷市真備町有井１６２３番地６,2019-12-06,株式会社
トウデプラスワークス株式会社,大阪府守口市南寺方東通２丁目５番２９号,2019-12-06,株式会社
トヨタＹＯＵ＆ｉホールディングス株式会社,福井県福井市下荒井町第１９号５０番地,2019-12-06,株式会社
トレーラージャパン株式会社,大阪府大阪市住之江区新北島５丁目１番１４号,2019-12-06,株式会社
ニシコシ合同会社,神奈川県横浜市中区長者町５丁目７５番地１スクエア長者町７２１,2019-12-06,合同会社
ニューホライゾン投資合同会社,東京都町田市東玉川学園２丁目４番３６号,2019-12-06,合同会社
ネクストロード株式会社,愛知県名古屋市東区筒井３丁目３４番地１５号平岡ビル１階,2019-12-06,株式会社
ノージュ株式会社,兵庫県神戸市東灘区岡本１丁目５番１－１００２号,2019-12-06,株式会社
ハグミ合同会社,大阪府枚方市香里園東之町８番２号,2019-12-06,合同会社
ハットワーク合同会社,大阪府大阪市都島区網島町７番３７号,2019-12-06,合同会社
ハンディウェッジ株式会社,東京都中央区築地２丁目１４番６号ＬＸＳ築地０４０２号,2019-12-06,株式会社
パーソルプロフェッショナルアウトソーシング株式会社,東京都港区南青山１丁目１５番５号,2019-12-06,株式会社
ヒルサイド合同会社,東京都港区高輪４丁目２４番５５－８０４号,2019-12-06,合同会社
ビジネスプロデュース合同会社,愛知県知立市鳥居３丁目３番地１９,2019-12-06,合同会社
フォレストサイドトップ株式会社,愛知県名古屋市千種区内山３丁目３１番２７号今池ゴトービル,2019-12-06,株式会社
フォーユーケーミュージック株式会社,長野県岡谷市川岸東３丁目１０番３号,2019-12-06,株式会社
フレンドフラワー株式会社,兵庫県川西市花屋敷１丁目２７番２号,2019-12-06,株式会社
ベネフィットシャイン株式会社,大阪府大阪市中央区東心斎橋２丁目５番３号玉屋町ＶＩＰビル,2019-12-06,株式会社
ペイング株式会社,福岡県福岡市中央区大手門３丁目１４番２７－６０４号,2019-12-06,株式会社
ボクノミライ株式会社,埼玉県川口市本前川３丁目３番３号,2019-12-06,株式会社
ポスタス株式会社,東京都港区南青山１丁目１５番５号,2019-12-06,株式会社
マリコーポレーション株式会社,茨城県つくば市東新井７番地１０,2019-12-06,株式会社
ユートップ株式会社,東京都葛飾区南水元３丁目４番２－１５１０ミディオンセンターレジデンス,2019-12-06,株式会社
ヨコケンサービス株式会社,愛知県名古屋市守山区小幡４丁目８番８号,2019-12-06,株式会社
ライズファクトリー株式会社,青森県青森市大字平新田字玉清水１１番地４,2019-12-06,株式会社
ラングデイル合同会社,埼玉県さいたま市浦和区仲町２丁目１７番５号,2019-12-06,合同会社
ルテナン株式会社,東京都港区白金２丁目５番２０号,2019-12-06,株式会社
ルモス株式会社,東京都港区南青山２丁目２番１５号,2019-12-06,株式会社
レイヴィーズ株式会社,東京都港区六本木１丁目４番５号アークヒルズサウスタワー３階,2019-12-06,株式会社
ログリー・インベストメント株式会社,東京都渋谷区道玄坂１丁目１６番３号,2019-12-06,株式会社
ワーキング・テクノロジーズ合同会社,東京都渋谷区恵比寿４丁目３番地１,2019-12-06,合同会社
ワールドヘルスケア株式会社,東京都品川区大崎５丁目１番５号高徳ビル４階５２号室,2019-12-06,株式会社
一般社団法人ケア・フロント,群馬県館林市花山町３２番地の１６,2019-12-06,その他の設立登記法人
一般社団法人サディーゴ,長野県上田市中之条３４４番地１２ハイツキャッチャーフライ１０７号室,2019-12-06,その他の設立登記法人
一般社団法人スウェーデンケアジャパン,沖縄県国頭郡宜野座村字漢那２０４２番地の５リゾートマンショントォーラスⅡ３０２,2019-12-06,その他の設立登記法人
一般社団法人ステップ,宮崎県都城市中町１５街区２４号,2019-12-06,その他の設立登記法人
一般社団法人フォレスト,兵庫県尼崎市東難波町３丁目２２番１８号,2019-12-06,その他の設立登記法人
一般社団法人九州木質建物協議会,福岡県福岡市南区大平寺２丁目１６番２２号,2019-12-06,その他の設立登記法人
一般社団法人備中神楽面協会,岡山県岡山市南区芳泉２丁目１５番２号,2019-12-06,その他の設立登記法人
一般社団法人国際ラーメン協会,神奈川県横浜市中区桜木町１丁目１－７ヒューリックみなとみらい１０階,2019-12-06,その他の設立登記法人
一般社団法人地域でこどもが育つ会,千葉県船橋市前貝塚町１００７－６,2019-12-06,その他の設立登記法人
一般社団法人大阪飲食健全共同組合,大阪府大阪市浪速区元町１丁目２番１７号エスペラントビル４階,2019-12-06,その他の設立登記法人
一般社団法人日本アウトドアトレーニング協会,東京都杉並区西荻南３丁目１番８号マリネラハイツ１０１,2019-12-06,その他の設立登記法人
一般社団法人日本レイキセラピスト協会,東京都中央区日本橋富沢町５－３Ｉ．Ｂ日本橋ビル３０１,2019-12-06,その他の設立登記法人
一般社団法人日本国際動物救命救急協会,東京都目黒区自由が丘２丁目１３番３号,2019-12-06,その他の設立登記法人
一般社団法人日本歴史的建造物保存修復技術支援機構,兵庫県姫路市木場１１９４番地１,2019-12-06,その他の設立登記法人
一般社団法人民団佐賀,佐賀県佐賀市神野東１丁目５番９号,2019-12-06,その他の設立登記法人
一般社団法人海外需要開発推進機構,東京都中央区八丁堀２丁目１０番９号ユニゾ八丁堀ビル６階東京桜橋法律事務所内,2019-12-06,その他の設立登記法人
一般社団法人障害者自立相談支援協会,東京都調布市小島町２丁目２１番地５,2019-12-06,その他の設立登記法人
一般社団法人Ａ‐ｃａｒｅサポート,愛知県豊橋市中世古町５０番地,2019-12-06,その他の設立登記法人
一般社団法人Ｃａｓａ　ｇｌｏｒｉａ,東京都新宿区大京町１５番地,2019-12-06,その他の設立登記法人
一般社団法人ＧＬＥＴＡ,東京都千代田区平河町１丁目３番７－７０２号,2019-12-06,その他の設立登記法人
一般社団法人ＰａｓＬ,愛知県名古屋市名東区梅森坂１丁目９５６番地の１,2019-12-06,その他の設立登記法人
一般社団法人ＴＳＦ１,東京都新宿区四谷２丁目９番地１５東京ユナイテッド綜合事務所内,2019-12-06,その他の設立登記法人
一般社団法人Ｔｏｋｅｎ,東京都墨田区東向島３丁目３１番１４号,2019-12-06,その他の設立登記法人
一般財団法人ハヤチネンダ,岩手県遠野市附馬牛町上附馬牛１４地割１２２番地,2019-12-06,その他の設立登記法人
万縁株式会社,大阪府八尾市陽光園１丁目４０－６０７,2019-12-06,株式会社
三陽ホールディングス株式会社,熊本県熊本市中央区九品寺３丁目９番１６号,2019-12-06,株式会社
上宗建設株式会社,岡山県倉敷市連島町鶴新田７９８番地２,2019-12-06,株式会社
上田合同会社,埼玉県草加市西町１０５５番地６,2019-12-06,合同会社
丸善物流システム株式会社,福岡県久留米市善導寺町飯田８２９番地１,2019-12-06,株式会社
京都与謝野酒造合同会社,京都府与謝郡与謝野町字与謝８５５番地,2019-12-06,合同会社
京都警備業協同組合,京都府京都市伏見区中島中道町６１番地,2019-12-06,その他の設立登記法人
今別風力開発株式会社,東京都千代田区内幸町１丁目１番６号,2019-12-06,株式会社
今西医療機器株式会社,愛知県名古屋市中区千代田２丁目１０番７号プラザフェニックス鶴舞８０６号,2019-12-06,株式会社
伊藤左官株式会社,岐阜県下呂市萩原町尾崎３９９０番地３,2019-12-06,株式会社
住宅工房なごみ株式会社,岡山県岡山市中区湊１０３１番地,2019-12-06,株式会社
住設工事紬株式会社,大阪府門真市深田町２６番１９号２Ｆ,2019-12-06,株式会社
八戸総合企画合同会社,青森県八戸市大字十一日町４６番地,2019-12-06,合同会社
内野板金工業株式会社,福岡県福岡市東区青葉１丁目８番７号,2019-12-06,株式会社
加茂ユナイテッド株式会社,新潟県加茂市大字下条甲１４７３番地１,2019-12-06,株式会社
加藤商店合同会社,大阪府大阪市東住吉区桑津１丁目５番１４号,2019-12-06,合同会社
勾玉の杜株式会社,東京都千代田区飯田橋１丁目１２番１６号福岡ビル３階,2019-12-06,株式会社
北日本屋根工業合同会社,北海道札幌市東区北四十六条東１丁目３番６号,2019-12-06,合同会社
医療法人みほう,熊本県熊本市東区御領２丁目１９番１５号,2019-12-06,その他の設立登記法人
医療法人スマイル,岐阜県岐阜市高砂町１丁目１７番地岐阜イーストライジング２４－１階,2019-12-06,その他の設立登記法人
医療法人ナグモクリニック福岡,福岡県福岡市中央区大名２丁目８番１号肥後天神宝ビル７階,2019-12-06,その他の設立登記法人
医療法人上田会,熊本県八代市本町２丁目３番３１号,2019-12-06,その他の設立登記法人
医療法人博朗会,福岡県福岡市東区筥松２丁目２４番３５号,2019-12-06,その他の設立登記法人
医療法人富優会,宮城県黒川郡大衡村大衡字河原５５番地１１,2019-12-06,その他の設立登記法人
医療法人社団優光会,兵庫県姫路市野里１７６番地６,2019-12-06,その他の設立登記法人
医療法人社団杉原クリニック,兵庫県神戸市東灘区住吉宮町４丁目４番１－２１２号,2019-12-06,その他の設立登記法人
医療法人社団神前医院,兵庫県加古郡播磨町宮北３丁目１２番１７号,2019-12-06,その他の設立登記法人
医療法人社団秀英会,兵庫県神戸市長田区房王寺町３丁目５番２５号,2019-12-06,その他の設立登記法人
医療法人社団ＨＭＣ,神奈川県横浜市瀬谷区三ツ境６番地２三ツ境ＴＫビル２階,2019-12-06,その他の設立登記法人
医療法人聡和会,岐阜県各務原市那加新加納町２１２８番地,2019-12-06,その他の設立登記法人
医療法人高松ひろこ皮フ科,福岡県福岡市西区愛宕４丁目１３番５号,2019-12-06,その他の設立登記法人
医療法人ＳＳ会,兵庫県明石市大久保町大久保町１３１２番地,2019-12-06,その他の設立登記法人
医療法人ＹＳＳ,神奈川県横浜市磯子区杉田１丁目２０番２１号,2019-12-06,その他の設立登記法人
友延産業株式会社,愛媛県今治市徳重２３２番地１０,2019-12-06,株式会社
司法書士法人合同事務所,栃木県佐野市堀米町６０２番地２３,2019-12-06,その他の設立登記法人
司法書士法人東亜国際合同法務事務所,岡山県岡山市南区植松５３０番地１６,2019-12-06,その他の設立登記法人
合同会社あすろん経営,東京都千代田区九段南３丁目８番２号ライオンズマンション九段第２、２０６号,2019-12-06,合同会社
合同会社いしだ,埼玉県さいたま市中央区大戸５丁目２１番１号,2019-12-06,合同会社
合同会社えんじに屋,東京都渋谷区桜丘町１３番４号,2019-12-06,合同会社
合同会社くれないコンサルティング,神奈川県横浜市中区吉田町７５番地１レジデンス横濱リバーサイド１５０３号室,2019-12-06,合同会社
合同会社そよ風ヒルズ,広島県広島市佐伯区坪井１丁目２１番４３号,2019-12-06,合同会社
合同会社のあシップ,秋田県秋田市飯島飯田１丁目７番１１号,2019-12-06,合同会社
合同会社のべやま動物診療所,長野県南佐久郡南牧村大字野辺山１８１番地１,2019-12-06,合同会社
合同会社はなわ,山梨県南アルプス市十五所４４０番地,2019-12-06,合同会社
合同会社アイム,愛知県一宮市栄３丁目７－１８ミルキーウェイビル５０２,2019-12-06,合同会社
合同会社アスライズ,愛知県名古屋市南区本城町１丁目５８番地エステート月の門１０３号,2019-12-06,合同会社
合同会社アプフェル,埼玉県所沢市西所沢１丁目１５番３－９０３号Ｎ－Ｓｔａｇｅ西所沢,2019-12-06,合同会社
合同会社アマガエル,神奈川県横浜市青葉区市ケ尾町１０６３番地１０フォレストオブステイション２０２,2019-12-06,合同会社
合同会社アールブレイン,福岡県大野城市大池２丁目１９番１９号,2019-12-06,合同会社
合同会社イワタ屋,東京都練馬区南大泉２丁目２５番４号,2019-12-06,合同会社
合同会社イングリッシュ・コミュニケーション・プロジェクト,栃木県芳賀郡益子町大字上大羽２４５３番地,2019-12-06,合同会社
合同会社イー,東京都中央区晴海３丁目１３番２－３８１０号,2019-12-06,合同会社
合同会社イータップ,東京都江戸川区北小岩２丁目２０番１２号,2019-12-06,合同会社
合同会社エス・エス商会,宮城県柴田郡大河原町字新東２１番地６,2019-12-06,合同会社
合同会社エヌエムエス,栃木県佐野市若松町１９番地,2019-12-06,合同会社
合同会社オフィスアスカ,東京都港区赤坂３丁目１番１６号ＢＩビル７０５号室,2019-12-06,合同会社
合同会社オフィスマツダ,愛知県名古屋市中区丸の内２丁目１７番２２号,2019-12-06,合同会社
合同会社オリーブの木,東京都千代田区隼町２番１２号藤和半蔵門コープ２０８,2019-12-06,合同会社
合同会社カット,大阪府大阪市中央区今橋２丁目５番８号,2019-12-06,合同会社
合同会社キラキラカンパニー,福岡県福岡市中央区薬院４丁目１８番１５号ライオンズマンションｍａｘｉｍ浄水通５０２,2019-12-06,合同会社
合同会社クラフトブレイン,神奈川県逗子市沼間３丁目２７番４３号,2019-12-06,合同会社
合同会社クレインガーデン,東京都板橋区本町１７番１２号本町マンション２０３,2019-12-06,合同会社
合同会社クワトロヴァッリ,東京都新宿区四谷３丁目９番１１号３Ｆ,2019-12-06,合同会社
合同会社コミオ,東京都品川区北品川１丁目９番７号ＴＯＰＲＯＯＭ品川１０１５,2019-12-06,合同会社
合同会社ゴザールエステート,東京都品川区大井５丁目２４番８号,2019-12-06,合同会社
合同会社ゴールドファイン,神奈川県川崎市川崎区四谷上町３－３３,2019-12-06,合同会社
合同会社シモカワプラス,東京都品川区戸越１丁目２５番５号エスティメゾン戸越５０７,2019-12-06,合同会社
合同会社シー・エス・アネックス,大分県大分市恵比寿町１９番２８号,2019-12-06,合同会社
合同会社ジャイロ,大阪府大阪市中央区今橋２丁目５番８号,2019-12-06,合同会社
合同会社ジョルジュサンク,東京都港区麻布狸穴町４４番地１,2019-12-06,合同会社
合同会社スタジオ・グラフィティ,東京都東大和市立野３丁目１２４５番地の４,2019-12-06,合同会社
合同会社ストリーム,岡山県総社市西坂台２７番地,2019-12-06,合同会社
合同会社スパークル,東京都調布市布田２丁目４３番地２大久保ビル１Ｂ,2019-12-06,合同会社
合同会社タチバナプロダクション,神奈川県横浜市緑区三保町２５６５番地９フェニックス中山４０５号,2019-12-06,合同会社
合同会社チェンジアップ,大阪府大阪市中央区今橋２丁目５番８号,2019-12-06,合同会社
合同会社ツーシーム,大阪府大阪市中央区今橋２丁目５番８号,2019-12-06,合同会社
合同会社ティラ,広島県広島市安芸区矢野東５丁目１番１５号,2019-12-06,合同会社
合同会社ティー・アンド・イー,熊本県熊本市西区春日２丁目２番３０号サーパス熊本駅前レジデンス１００２号,2019-12-06,合同会社
合同会社ノビシロ,大阪府大阪市西区南堀江２丁目３番４号サンハイツ南堀江５０７号,2019-12-06,合同会社
合同会社ハピネス,鹿児島県薩摩川内市尾白江町３７６０番地１,2019-12-06,合同会社
合同会社ハルノカイ,神奈川県横浜市金沢区泥亀１丁目２８番Ｄ－１０６号,2019-12-06,合同会社
合同会社パラグラフ,東京都港区浜松町２丁目２番１５号浜松町ダイヤビル２階,2019-12-06,合同会社
合同会社ヒロ・コーポレーション,東京都品川区平塚２丁目４番４－４０２号,2019-12-06,合同会社
合同会社ファスト,大阪府大阪市中央区今橋２丁目５番８号,2019-12-06,合同会社
合同会社ファンライク,大阪府大阪市住之江区安立３丁目９番１２号,2019-12-06,合同会社
合同会社フィッツジョンズ,東京都新宿区中井２丁目１３番２３号,2019-12-06,合同会社
合同会社フィフスアベニュー,東京都港区赤坂１丁目３番５号,2019-12-06,合同会社
合同会社フォワードライフ,東京都世田谷区下馬４丁目２６番７号,2019-12-06,合同会社
合同会社フォーシーム,大阪府大阪市中央区今橋２丁目５番８号,2019-12-06,合同会社
合同会社ボンスリー,大阪府大阪市北区梅田１丁目１１番４号大阪駅前第４ビル９階９２３－１４３５号,2019-12-06,合同会社
合同会社マツモト,埼玉県熊谷市小八林１１９３番地,2019-12-06,合同会社
合同会社メイプル・ピース,東京都新宿区新宿５丁目１１番３０号新宿第五葉山ビル３階,2019-12-06,合同会社
合同会社ユニオン,愛知県名古屋市中区錦３丁目９番１８号,2019-12-06,合同会社
合同会社ヨハク,東京都台東区蔵前３丁目２０番１２号,2019-12-06,合同会社
合同会社リヴェント,愛知県常滑市飛香台１丁目１１番地の１１,2019-12-06,合同会社
合同会社レイワエンジニアリング,広島県尾道市沖側町１１番７号,2019-12-06,合同会社
合同会社レーシングヒーロー,東京都墨田区墨田２丁目６番８号ソレアード鐘ヶ淵地下１階,2019-12-06,合同会社
合同会社上田トータルカークリーニング,長野県上田市古里８３２番地２７,2019-12-06,合同会社
合同会社京都夢絵巻,京都府京都市下京区東洞院通五条下る２丁目福島町５１５番地,2019-12-06,合同会社
合同会社動画クリエイターズ,東京都渋谷区本町６丁目３２番１１号シーダ本町２０１号,2019-12-06,合同会社
合同会社千塚どうぶつ病院,山梨県甲府市千塚５丁目８番地５,2019-12-06,合同会社
合同会社吾朗の中華,東京都豊島区南大塚３丁目４４番１５号,2019-12-06,合同会社
合同会社和雅清,東京都多摩市関戸４丁目２９番地１－２０１,2019-12-06,合同会社
合同会社大神,大分県別府市北浜１丁目１２番２号,2019-12-06,合同会社
合同会社對馬,福岡県福岡市東区香椎駅前２丁目１１番１４号ＬＭビル２階,2019-12-06,合同会社
合同会社小和瀬不動産,埼玉県川越市大字小ケ谷７８０番地,2019-12-06,合同会社
合同会社山中コンサルティング,大阪府箕面市粟生外院４丁目２４番９号,2019-12-06,合同会社
合同会社山本商事,大阪府藤井寺市野中３丁目１０番４号,2019-12-06,合同会社
合同会社恵,愛知県東海市荒尾町中屋敷９６番地の２,2019-12-06,合同会社
合同会社恵新産業,宮崎県都城市一万城町４号９番地,2019-12-06,合同会社
合同会社惠憲,東京都国分寺市南町３丁目３番１１号,2019-12-06,合同会社
合同会社汐風,埼玉県さいたま市岩槻区大字南辻２５番地１,2019-12-06,合同会社
合同会社潤一,東京都渋谷区恵比寿１丁目１５番９号シルク恵比寿４０３,2019-12-06,合同会社
合同会社猿江アカデミー,東京都墨田区菊川３丁目１５番１３号,2019-12-06,合同会社
合同会社石村会計,埼玉県さいたま市中央区鈴谷８丁目１２－２４,2019-12-06,合同会社
合同会社糸賀製餅店,島根県出雲市斐川町荘原１１７５番地３,2019-12-06,合同会社
合同会社絆,栃木県宇都宮市雀の宮５丁目６番３３号メゾン小林３０２,2019-12-06,合同会社
合同会社船本左工,大阪府大阪市城東区蒲生２丁目７番４３－２２１号,2019-12-06,合同会社
合同会社荒川不動産,広島県広島市安佐南区川内６丁目２２番１５号,2019-12-06,合同会社
合同会社郷司商店,愛知県小牧市大字西之島３３５番地２,2019-12-06,合同会社
合同会社鈴嘉建業,栃木県小山市大字平和２１２番地２,2019-12-06,合同会社
合同会社関西ケアサービス,大阪府大阪市平野区平野市町１丁目２番２５号,2019-12-06,合同会社
合同会社雅家,千葉県千葉市稲毛区小中台町５４７番地４ＳＣヒルズ４０６号,2019-12-06,合同会社
合同会社電援隊,大阪府大阪市浪速区桜川２丁目４番１０号,2019-12-06,合同会社
合同会社４Ａ,神奈川県横浜市緑区長津田７丁目１番４３号ガーデニアパーク１Ｆ,2019-12-06,合同会社
合同会社ＡＧ,大阪府大阪市中央区瓦町１丁目６番１－２２０８号,2019-12-06,合同会社
合同会社ＡＵＮコリドー東京,東京都港区芝浦１丁目１３番１６号森永ヴィレッチ,2019-12-06,合同会社
合同会社ＡＵＮ本店,東京都大田区山王３丁目３５番７号八景坂マンション３０２,2019-12-06,合同会社
合同会社ＢＳＰ,神奈川県横浜市緑区鴨居５丁目５番６号メゾンクレール鴨居１０３号,2019-12-06,合同会社
合同会社Ｂｌａｃｋ　Ｂｅｌｔ　Ｅｎｇｌｉｓｈ,滋賀県彦根市東沼波町２９６番地,2019-12-06,合同会社
合同会社Ｂｒｅｗ,東京都渋谷区富ヶ谷２丁目３５－１１,2019-12-06,合同会社
合同会社Ｂｒｉｄｇｅ,静岡県静岡市駿河区小鹿３丁目１６番６号コーポ石切山Ｃ－１０２号,2019-12-06,合同会社
合同会社ＣＣＳマネジメント,東京都千代田区飯田橋１丁目８番９－７０７号,2019-12-06,合同会社
合同会社ＣＩＡＩＬＥ,新潟県新潟市西区寺尾上３丁目８番１８号新高ハイツ１０３,2019-12-06,合同会社
合同会社ＣＯＮＤＵＣＴ,福岡県北九州市小倉北区高峰町１１番１０－１号,2019-12-06,合同会社
合同会社ＣＳＶ,京都府京都市伏見区深草大亀谷八島町５番地２,2019-12-06,合同会社
合同会社Ｅ．Ｃ．ＧＲＡＹ,岐阜県岐阜市六条南２丁目１０番３号,2019-12-06,合同会社
合同会社Ｅｎａｂｌｅ,大阪府大阪市北区池田町１６番６－５０５号,2019-12-06,合同会社
合同会社ＦＢＢ,東京都中央区銀座３丁目８番１３号銀座三丁目ビルディング１階,2019-12-06,合同会社
合同会社ＧＥＮＺＯ,埼玉県深谷市上敷免１２７９番地１,2019-12-06,合同会社
合同会社Ｇｌｏｖｅｒ　ＭＴ,東京都渋谷区初台１丁目４９番地３－１３０３号,2019-12-06,合同会社
合同会社Ｈ．Ｌ．Ｍ．,愛知県春日井市柏井町５丁目２４４番地,2019-12-06,合同会社
合同会社ＨＩＮＡＴＡ,京都府綾部市大島町沓田１番地１８,2019-12-06,合同会社
合同会社Ｈｏｕｓｅ　ｏｆ　Ｓｏｌａｃｅ,長野県茅野市玉川３２１９番地２,2019-12-06,合同会社
合同会社ＪＧ,東京都世田谷区下馬３丁目１０番１２号,2019-12-06,合同会社
合同会社Ｋリアリティ,東京都中央区日本橋１丁目１８番１４号クローバー日本橋３０１,2019-12-06,合同会社
合同会社Ｋ－ＬＩＮＫ,愛知県名古屋市中区錦３丁目７－２９アネックスＰＩＡ５ビル４Ｆ・Ｂ号室,2019-12-06,合同会社
合同会社ＫＭＫカンパニー,栃木県大田原市余瀬７４６番地４５,2019-12-06,合同会社
合同会社ＫＮＧ,長崎県長崎市大浜町１５５０番地４,2019-12-06,合同会社
合同会社ＫＵＫＵＮＯ,秋田県秋田市広面字堤敷５番地６,2019-12-06,合同会社
合同会社ＬＹＤ,京都府京都市伏見区羽束師菱川町５８７番地１５,2019-12-06,合同会社
合同会社ＭＡ＆ＫＡ,鹿児島県薩摩川内市天辰町５６９番地,2019-12-06,合同会社
合同会社Ｍｉｌｅｙ’ｓ,京都府京田辺市三山木直田２８番地２５,2019-12-06,合同会社
合同会社Ｏｚａｗａ　ＩＣＴＣ,東京都北区堀船３丁目４５番１４号,2019-12-06,合同会社
合同会社ＰＬＡＮＴ,大阪府守口市竜田通２丁目１番１３－２０３号,2019-12-06,合同会社
合同会社Ｒ指定,京都府京都市中京区御幸町通四条上る大日町４１４－１,2019-12-06,合同会社
合同会社Ｒ．Ａ．Ｇ．,新潟県新潟市西区谷内１８８５番地,2019-12-06,合同会社
合同会社Ｒ．Ｙ．Ｒ,愛知県春日井市神明町４１番地２,2019-12-06,合同会社
合同会社Ｒａｂｂｉｔｌｅ,埼玉県さいたま市桜区西堀１０丁目９番２４号,2019-12-06,合同会社
合同会社Ｒｅｅ　ｂｒｏｓ．,兵庫県神戸市長田区五位ノ池町１丁目３番７号,2019-12-06,合同会社
合同会社ＳＡＭＣＯ,奈良県生駒市門前町２１番２３号,2019-12-06,合同会社
合同会社ＳＧキャピタル,北海道札幌市白石区平和通１３丁目南４番１６号,2019-12-06,合同会社
合同会社ＳＮＡＮＤＡＲＤ　ＦＩＬＭＳ,神奈川県相模原市中央区上溝４０２８－１,2019-12-06,合同会社
合同会社ＳＰＡＣＥ　ＳＨＩＯＮ,東京都大田区大森北１丁目３３番７号,2019-12-06,合同会社
合同会社ＳＰＯＲＴＳ　ＰＡＲＫ,東京都杉並区大宮２丁目１０番１５号,2019-12-06,合同会社
合同会社ＳＹＯＵ,東京都世田谷区赤堤４丁目２８番１２号,2019-12-06,合同会社
合同会社ＴＡＫＥＳＡＹＡ,東京都港区南青山２丁目２番１５号ウイン青山９４２,2019-12-06,合同会社
合同会社ＴＥＡＬＯＶＥＲＳ,千葉県千葉市中央区春日１丁目１８番１３号,2019-12-06,合同会社
合同会社ＴＫ,東京都東村山市久米川町２丁目２０番地６２,2019-12-06,合同会社
合同会社ＴＳＦ１,東京都新宿区四谷２丁目９番地１５東京ユナイテッド綜合事務所内,2019-12-06,合同会社
合同会社ＵＲＡプランニング,愛知県名古屋市熱田区大宝４丁目９番２０号（ユーハウス六番町１０Ｂ）,2019-12-06,合同会社
合同会社Ｗｅｌｌ－ｂｅｉｎｇ,千葉県浦安市明海６丁目１番１２－７１９号,2019-12-06,合同会社
合同会社Ｙｕａｒｉ,北海道函館市山の手１丁目１７番７号,2019-12-06,合同会社
合同会社ａｆｆｅｔｔ．,兵庫県姫路市御国野町国分寺３番地１１,2019-12-06,合同会社
合同会社ｇｉｒａｓｏｌ,広島県広島市佐伯区薬師が丘３丁目７番１９号,2019-12-06,合同会社
合同会社ｔｏ　Ｐ,東京都新宿区新宿１丁目３－１２,2019-12-06,合同会社
合同会社ｚｅｖｅｎｒｙ,長野県茅野市米沢３８７４番地８,2019-12-06,合同会社
和井内商事合同会社,千葉県松戸市六高台４丁目１３９番地の２,2019-12-06,合同会社
和恵株式会社,大阪府大阪市東住吉区湯里５丁目１６ー５・３Ｆ－Ｇ,2019-12-06,株式会社
和豊株式会社,東京都千代田区神田錦町３丁目７番地２東京堂錦町ビルディング７０７号室,2019-12-06,株式会社
城北製作所株式会社,熊本県山鹿市方保田３４９７番地１,2019-12-06,株式会社
城山トラスト株式会社,東京都稲城市百村２１０４番地の１,2019-12-06,株式会社
大熊メソッド教育研究グループ合同会社,東京都町田市中町３丁目４番１５号,2019-12-06,合同会社
大真建設株式会社,熊本県熊本市南区白藤４丁目２５番１３号１０１,2019-12-06,株式会社
大谷機械設計株式会社,兵庫県姫路市砥堀２３番地１０,2019-12-06,株式会社
大都通信株式会社,香川県高松市檀紙町１６４８番地５,2019-12-06,株式会社
大阪陳列株式会社,大阪府大阪市西成区橘２丁目５番３１号,2019-12-06,株式会社
天白技研株式会社,愛知県名古屋市天白区池場５丁目６０４番地,2019-12-06,株式会社
太平システムソリューションズ株式会社,岐阜県高山市名田町５丁目２７番地,2019-12-06,株式会社
太郎左衛門興業株式会社,大阪府大阪市都島区東野田町３丁目１番５号－２０４号,2019-12-06,株式会社
安心院萱籠合同会社,東京都台東区上野３丁目１５番９号,2019-12-06,合同会社
宮原テック株式会社,茨城県古河市西牛谷３１７番地,2019-12-06,株式会社
富士川不動産管理株式会社,神奈川県横浜市金沢区鳥浜町１３番地,2019-12-06,株式会社
寝夢りっち合同会社,栃木県足利市今福町１５７番地２,2019-12-06,合同会社
尋貴電設株式会社,千葉県市原市青柳２丁目１番地１,2019-12-06,株式会社
山根木材ライフケア株式会社,広島県広島市南区出島１丁目２１番１５号,2019-12-06,株式会社
岸冷熱工業合同会社,愛知県岩倉市西市町新田１番地５,2019-12-06,合同会社
常盤株式会社,岡山県倉敷市福田町福田２２９６番地１,2019-12-06,株式会社
彩友工業株式会社,埼玉県熊谷市三ヶ尻３８２３番地,2019-12-06,株式会社
日の里コミュニティ特定目的会社,福岡県福岡市中央区天神１丁目１３番２号,2019-12-06,その他の設立登記法人
日商イプロス株式会社,鳥取県鳥取市南町５２５,2019-12-06,株式会社
日昭ホールディングス株式会社,東京都千代田区外神田２丁目１３番１号,2019-12-06,株式会社
日本リハビリテーション教育株式会社,東京都北区上中里１丁目３７番１５号,2019-12-06,株式会社
日本承逸株式会社,東京都大田区蒲田５丁目７番４－６０２号,2019-12-06,株式会社
日本菲澤生物科技株式会社,東京都千代田区東神田２丁目６番７号６０８号室,2019-12-06,株式会社
昇一郎建築株式会社,静岡県富士市宮島１０７番地の１３,2019-12-06,株式会社
晏如株式会社,広島県広島市中区小町１番５号高山ビル２Ｆ,2019-12-06,株式会社
曉合同会社,東京都北区滝野川７丁目３７番１１号,2019-12-06,合同会社
有限会社アイビーシー,香川県高松市木太町７区３５８７番地３,2019-12-06,有限会社
有限会社エフ・ケイ企画,福岡県福岡市博多区堅粕３丁目５番地,2019-12-06,有限会社
村田建材合同会社,千葉県船橋市芝山６丁目６１番３棟１１０号,2019-12-06,合同会社
東京ＴＫコンサルティング株式会社,東京都世田谷区砧１丁目２８番７号,2019-12-06,株式会社
松島デザイン株式会社,東京都目黒区中目黒２丁目７番９号,2019-12-06,株式会社
松戸オンライン合同会社,愛知県豊田市小坂町７丁目１６番地３,2019-12-06,合同会社
松田工業株式会社,京都府京都市西京区大原野北春日町６３６－２,2019-12-06,株式会社
柿添原型株式会社,埼玉県狭山市狭山台４丁目２０番地の１３,2019-12-06,株式会社
栖金株式会社,東京都豊島区高田１丁目１７番２０号,2019-12-06,株式会社
株式会社あけぼのカンパニー,大阪府枚方市津田山手１丁目３番９号,2019-12-06,株式会社
株式会社あしたばマインド,東京都港区芝４丁目１３－３ＰＭＯ田町東１０Ｆ,2019-12-06,株式会社
株式会社あずき堂,千葉県松戸市松戸新田５８７番地の１アンビシャス新八柱３０７号,2019-12-06,株式会社
株式会社いちゃりば,兵庫県神戸市須磨区神撫町１丁目３番５－１０１号,2019-12-06,株式会社
株式会社いつくし,東京都目黒区青葉台１丁目３０番２号,2019-12-06,株式会社
株式会社ええがい,広島県広島市中区新天地５番１３号,2019-12-06,株式会社
株式会社きよはら,大阪府大阪市東淀川区東淡路５丁目４番７号,2019-12-06,株式会社
株式会社ごえん,滋賀県守山市立入町１０４番地２－Ａ号,2019-12-06,株式会社
株式会社じょうもん,福岡県福岡市博多区上川端町９番１号５階,2019-12-06,株式会社
株式会社そよぎ,東京都大田区西馬込２丁目６番６号,2019-12-06,株式会社
株式会社たくみ,広島県福山市御船町１丁目１３番２１－３０１号,2019-12-06,株式会社
株式会社たつみ印刷,京都府京丹後市峰山町杉谷１０７１番地の１,2019-12-06,株式会社
株式会社とこはな,東京都練馬区豊玉北５丁目１７番２２号Ｔ．Ｓ．Ａ．ビル２０１号,2019-12-06,株式会社
株式会社なみはや,大阪府大阪市大正区鶴町４丁目１２番,2019-12-06,株式会社
株式会社にぎわい,大阪府岸和田市三田町７２３番地の２,2019-12-06,株式会社
株式会社ふるらぶ,広島県広島市中区銀山町３番１号,2019-12-06,株式会社
株式会社まごころ屋,愛知県西尾市吉良町吉田宮前４０番地３５,2019-12-06,株式会社
株式会社みのり,大阪府枚方市招提中町１丁目３９番２９号,2019-12-06,株式会社
株式会社よかタス,福岡県糟屋郡志免町片峰中央１丁目１８番１１号,2019-12-06,株式会社
株式会社よつば工務店,岡山県倉敷市広江５丁目２番１７号,2019-12-06,株式会社
株式会社アイエッジ,広島県広島市西区三滝町１０番７号,2019-12-06,株式会社
株式会社アイニード,東京都小金井市貫井南町２丁目４番７－２０３号ヴェルハイム小金井,2019-12-06,株式会社
株式会社アイン・リヒト,埼玉県ふじみ野市苗間２２７番地２,2019-12-06,株式会社
株式会社アウェイク,東京都目黒区鷹番３丁目１２番５号,2019-12-06,株式会社
株式会社アッセンブル,東京都杉並区西荻南４丁目３１番１１号サークルキューブ西荻窪３０３号室,2019-12-06,株式会社
株式会社アップルプラン,奈良県葛城市八川６８番地１７,2019-12-06,株式会社
株式会社アトリエスヴニール,東京都北区赤羽２丁目４番１２号,2019-12-06,株式会社
株式会社アドベンチャー・スタジオ,千葉県我孫子市我孫子２丁目３番６２４号,2019-12-06,株式会社
株式会社アネシスファースト,埼玉県三郷市半田２２４番地,2019-12-06,株式会社
株式会社アプタス,大阪府大阪市北区野崎町９番１３号,2019-12-06,株式会社
株式会社アミール,愛知県春日井市勝川町西２丁目５番地,2019-12-06,株式会社
株式会社アメニティ動物病院,愛知県名古屋市名東区猪子石１丁目４０１番地,2019-12-06,株式会社
株式会社アルファミライ,東京都中央区新富１丁目１５－１１マキプラザビル４０３号室,2019-12-06,株式会社
株式会社アロマデザインウフラ,大阪府大阪市北区西天満５丁目５番１６号,2019-12-06,株式会社
株式会社アンギラ,兵庫県小野市大開町１４５２番地の７７,2019-12-06,株式会社
株式会社アンソレイユ・アセットラボ,北海道札幌市西区二十四軒三条４丁目２番１号,2019-12-06,株式会社
株式会社アンドフラッグ,東京都中央区日本橋茅場町２丁目１番７号オルカビル２階,2019-12-06,株式会社
株式会社アーキテクト,福岡県那珂川市大字西畑２２５番地１５,2019-12-06,株式会社
株式会社アート・１,愛知県名古屋市北区若葉通４丁目７番地の１,2019-12-06,株式会社
株式会社アールシステム,東京都小金井市東町１丁目２２番１８号,2019-12-06,株式会社
株式会社アールズ・スタイル,埼玉県川口市大字安行吉蔵１０５番地の６,2019-12-06,株式会社
株式会社イオレスプロジェクト,東京都中央区銀座６丁目６番１号,2019-12-06,株式会社
株式会社イダテン,東京都港区芝２丁目２９番１１号,2019-12-06,株式会社
株式会社イットデザイン,兵庫県多可郡多可町八千代区中野間２０１番地１,2019-12-06,株式会社
株式会社イニッツィオケイ,兵庫県姫路市飾磨区上野田５丁目２０１番地,2019-12-06,株式会社
株式会社イノセントワークス,東京都港区北青山２丁目７－１３プラセオ青山３階,2019-12-06,株式会社
株式会社イロドリ,鹿児島県阿久根市脇本３５５４番地１,2019-12-06,株式会社
株式会社ウィズキッド,東京都渋谷区元代々木町２５－８,2019-12-06,株式会社
株式会社エクストラワークス,大阪府東大阪市新家中町１番８号ガーデンシティ長田,2019-12-06,株式会社
株式会社エクセルコミュニケーションズ,北海道札幌市白石区北郷三条１３丁目１番３８－４０１号,2019-12-06,株式会社
株式会社エクセレントＹ,長崎県佐世保市大潟町１６番地６エクセレント山下４０３,2019-12-06,株式会社
株式会社エコ,大阪府東大阪市中石切町２丁目５番３１号,2019-12-06,株式会社
株式会社エスケー商事,大阪府岸和田市下池田町３丁目５番２９号,2019-12-06,株式会社
株式会社エスジー商事,大阪府東大阪市菱屋西１丁目１２番１９号,2019-12-06,株式会社
株式会社エッジネクスト,広島県福山市東深津町４丁目７番１５号プラッツ岩原１０１号,2019-12-06,株式会社
株式会社エヌ・ケー環境,岐阜県大垣市中野町４丁目２５番地２,2019-12-06,株式会社
株式会社エフシーラボ,東京都港区麻布十番３丁目２番１２号,2019-12-06,株式会社
株式会社エフジー,大阪府高槻市登町６番３号,2019-12-06,株式会社
株式会社エムカンパニー,北海道札幌市中央区南六条西２丁目８番地７ＴＥＡＤＡ南６条１３０５,2019-12-06,株式会社
株式会社エム・アイ,長野県岡谷市神明町４丁目１５番１８号,2019-12-06,株式会社
株式会社エンゲージメント,大阪府大阪市平野区平野宮町１丁目４番６－２０１号,2019-12-06,株式会社
株式会社エースインフォメーションウェア,東京都港区新橋５丁目８番９号,2019-12-06,株式会社
株式会社オコエル,東京都渋谷区神南１丁目１２番１４号,2019-12-06,株式会社
株式会社オフィスミライエ,新潟県新潟市東区紫竹４丁目２１番５０号,2019-12-06,株式会社
株式会社オフィス東中川,大阪府大阪市中央区東心斎橋１丁目１４番２１号４階,2019-12-06,株式会社
株式会社オルソーハウジング,大阪府羽曳野市野々上５丁目６番１０号,2019-12-06,株式会社
株式会社カトルセ,東京都江東区北砂２丁目１８番２－１４１４号,2019-12-06,株式会社
株式会社カネコノウキ,茨城県結城郡八千代町大字芦ケ谷６５５番地５,2019-12-06,株式会社
株式会社カムイロック,北海道札幌市北区北十八条西５丁目２番１０号,2019-12-06,株式会社
株式会社カヤマ,京都府京都市南区久世殿城町１７０番地,2019-12-06,株式会社
株式会社ガシット,東京都世田谷区等々力７丁目９番７号,2019-12-06,株式会社
株式会社クアトロマネジメント,東京都港区芝２丁目２９番１１号,2019-12-06,株式会社
株式会社クイーンズランド,東京都千代田区神田佐久間町３丁目１番地１,2019-12-06,株式会社
株式会社クヌープ,東京都杉並区堀ノ内１丁目２５番８号,2019-12-06,株式会社
株式会社クラチ新聞販売,埼玉県越谷市赤山町５丁目１０番２１号,2019-12-06,株式会社
株式会社クリエ,東京都渋谷区渋谷２丁目２４－１２渋谷スクランブルスクエア３９階,2019-12-06,株式会社
株式会社クレディア,東京都渋谷区神宮前５丁目５１番６号,2019-12-06,株式会社
株式会社クロスリード,埼玉県さいたま市見沼区春野４丁目１３番地１０,2019-12-06,株式会社
株式会社グランドライン,福岡県福岡市早良区野芥４丁目１１番１８号,2019-12-06,株式会社
株式会社グランドール,福岡県北九州市小倉北区神岳１丁目５－２０,2019-12-06,株式会社
株式会社グリーンスプーン,宮城県岩沼市下野郷字新関迎２６５番地１,2019-12-06,株式会社
株式会社ケイブーン,東京都港区南青山２丁目１１番１４号イチーズビル４階,2019-12-06,株式会社
株式会社ゲット・ドリーム,愛知県名古屋市中村区中村町字加藤屋敷３番地,2019-12-06,株式会社
株式会社コアマネジメントサービス,東京都武蔵野市吉祥寺本町３丁目４番９号コルティーレ５０５号室,2019-12-06,株式会社
株式会社コアライズ,兵庫県西宮市下大市東町３３番２２号,2019-12-06,株式会社
株式会社コイス,神奈川県川崎市高津区諏訪１丁目８番３号２Ｆ,2019-12-06,株式会社
株式会社コウキコーポレーション,広島県廿日市市阿品４丁目５２番４３号,2019-12-06,株式会社
株式会社コウシン,埼玉県久喜市葛梅４５０番地１１６,2019-12-06,株式会社
株式会社コミニコ,大阪府泉佐野市上瓦屋２９８,2019-12-06,株式会社
株式会社ササキクリエイト,愛知県西尾市吉良町富田市子野２２番地１,2019-12-06,株式会社
株式会社サンテール,埼玉県所沢市北野１丁目６番地の１０,2019-12-06,株式会社
株式会社シグマ,愛知県豊明市阿野町長根２番地１,2019-12-06,株式会社
株式会社シリウス,佐賀県三養基郡上峰町大字前牟田１３９５番地２,2019-12-06,株式会社
株式会社シン,広島県庄原市東本町１丁目２２番４号,2019-12-06,株式会社
株式会社シンコーサービス,広島県広島市中区鶴見町１３番１９号グランドール鶴見町３０１,2019-12-06,株式会社
株式会社シンフォテック,愛知県瀬戸市西本町１丁目１３,2019-12-06,株式会社
株式会社シープ・プロモーション,東京都杉並区梅里１丁目２２番２６号,2019-12-06,株式会社
株式会社シールド,大阪府大阪市西淀川区出来島３丁目２番７６－３０６号,2019-12-06,株式会社
株式会社ジェット大阪,大阪府大阪市城東区関目３丁目２番１２号３階,2019-12-06,株式会社
株式会社ジェナース,東京都千代田区神田佐久間町１丁目２６番地秋葉原村井ビル１Ｆ,2019-12-06,株式会社
株式会社ジザイラボ,東京都中央区日本橋２丁目１番１７号２階,2019-12-06,株式会社
株式会社ジャージコバ,東京都品川区西五反田８丁目１番８号中村屋ビル４Ｆ,2019-12-06,株式会社
株式会社ジートラストプラス,埼玉県川口市並木１丁目２３番２１号,2019-12-06,株式会社
株式会社スギライトファーマシー,新潟県新潟市東区物見山４丁目７番１７号,2019-12-06,株式会社
株式会社スクラム,東京都豊島区駒込６丁目１７番１０号,2019-12-06,株式会社
株式会社ステイゴールド,大阪府大阪市北区大深町３番４０－１９０７号,2019-12-06,株式会社
株式会社スナリウム,愛知県名古屋市港区須成町２丁目５３番地１,2019-12-06,株式会社
株式会社スリージョイズファクトリー,京都府木津川市梅美台５丁目１０番地１４,2019-12-06,株式会社
株式会社スリーポイント,東京都中央区銀座６丁目１３番１６号,2019-12-06,株式会社
株式会社タケル,滋賀県長浜市八幡東町４３８番地業務スーパー長浜店内,2019-12-06,株式会社
株式会社チャカナ,東京都杉並区久我山４丁目２番２５号ミモザビル２Ｆ,2019-12-06,株式会社
株式会社チャビー,東京都渋谷区恵比寿西２丁目１６番１３号ル・モン代官山５０１,2019-12-06,株式会社
株式会社ツインズ設備,千葉県市川市南八幡３丁目７番１６－６０１号,2019-12-06,株式会社
株式会社ティーエーディー,愛知県名古屋市千種区今池５丁目１５番６号,2019-12-06,株式会社
株式会社テックタンク,京都府亀岡市篠町馬堀東垣内３１番地３４,2019-12-06,株式会社
株式会社ディノマ,東京都杉並区永福４丁目１２番２２号アメニティーコート１０３－１０２,2019-12-06,株式会社
株式会社デラミート,京都府京都市右京区宇多野御池町１番地,2019-12-06,株式会社
株式会社データ・マエショリスト,熊本県熊本市西区花園７丁目９番３号,2019-12-06,株式会社
株式会社トラステッド,鳥取県米子市上福原６５９番地１０７,2019-12-06,株式会社
株式会社トラフィック大阪,大阪府大阪市淀川区宮原４丁目１番４５号,2019-12-06,株式会社
株式会社トランペッツキッチン,福岡県福岡市早良区大字石釜１４８３番地８,2019-12-06,株式会社
株式会社トリニータマーケティング,大分県大分市大字横尾１６２９番地,2019-12-06,株式会社
株式会社ナカオシステム,広島県広島市東区温品５丁目１１番３７号,2019-12-06,株式会社
株式会社ナカムラ,神奈川県横浜市旭区今宿１丁目２８番１８－３０１号,2019-12-06,株式会社
株式会社ニフティルームズ,愛知県知多郡武豊町字中山２丁目２７番地２,2019-12-06,株式会社
株式会社ニャンニャンカンパニー,東京都町田市原町田１丁目２９番６号グレイスガーデン１０１,2019-12-06,株式会社
株式会社ニューバッド,京都府京都市伏見区羽束師菱川町２６９番地１４,2019-12-06,株式会社
株式会社ネクスト・ウィズ,兵庫県たつの市揖保町揖保上４３９番地４,2019-12-06,株式会社
株式会社ノヴェルス,大阪府大阪市城東区鴫野西４丁目２番１１－１０３号,2019-12-06,株式会社
株式会社ハッピーはーと,神奈川県横浜市港北区菊名７丁目２番１４号ハイツわかば１０１,2019-12-06,株式会社
株式会社ハルバード,東京都品川区上大崎１丁目２１番１,2019-12-06,株式会社
株式会社ハンディスタイル,京都府京都市伏見区舞台町２２番地８,2019-12-06,株式会社
株式会社バスターズロジテック,東京都中央区日本橋室町１丁目５番３号,2019-12-06,株式会社
株式会社パステル,大阪府堺市北区中百舌鳥町５丁７４０番地,2019-12-06,株式会社
株式会社パーフェクトフルーツ,福岡県福岡市博多区築港本町１３－６,2019-12-06,株式会社
株式会社ビュロー平林,東京都渋谷区恵比寿４丁目９番１３号中健ビル７０２,2019-12-06,株式会社
株式会社ピディシッドホールディングス,愛知県海部郡大治町大字花常字人見５６番地の１,2019-12-06,株式会社
株式会社ファイブサービス,兵庫県尼崎市瓦宮１丁目１３番３１－２号,2019-12-06,株式会社
株式会社ファミリー警備保障,大阪府大阪市西成区山王３丁目７番３－４０７号,2019-12-06,株式会社
株式会社ファーストワン,京都府京都市上京区宮垣町９１番地１０２号,2019-12-06,株式会社
株式会社ファースト工業,東京都町田市忠生２丁目１５番地６７,2019-12-06,株式会社
株式会社フォトフジマキ,東京都大田区石川町２丁目１３番４－４０４号,2019-12-06,株式会社
株式会社フクミミート,東京都福生市大字福生１７４３番地,2019-12-06,株式会社
株式会社フジタ・イノベーション・キャピタル,愛知県豊明市沓掛町田楽ケ窪１番地９８,2019-12-06,株式会社
株式会社フリーエッグノーダ,香川県丸亀市川西町南甲８１０番地,2019-12-06,株式会社
株式会社フリースタイル,埼玉県さいたま市緑区大間木３丁目２８番地２,2019-12-06,株式会社
株式会社フルハウス,広島県広島市南区向洋新町２丁目２９番２３号,2019-12-06,株式会社
株式会社フードテラス,東京都中央区銀座７丁目１１番３号,2019-12-06,株式会社
株式会社ブルーオレンジ,静岡県静岡市駿河区中田２丁目１番１０号,2019-12-06,株式会社
株式会社ブルートランスポート,茨城県小美玉市羽刈２１３番地１８４,2019-12-06,株式会社
株式会社プラス・Ａ,栃木県小山市大字大行寺字上川原１０２８番地１５,2019-12-06,株式会社
株式会社プレジャーＲＶ,熊本県菊池市泗水町富納４４５番地１,2019-12-06,株式会社
株式会社プログレス,東京都江東区東陽４丁目１番７号,2019-12-06,株式会社
株式会社プロスペル,神奈川県大和市上和田１７７７番地,2019-12-06,株式会社
株式会社プール,東京都台東区駒形１丁目７番８号,2019-12-06,株式会社
株式会社ベルメール,愛知県名古屋市中区千代田４丁目７番１号,2019-12-06,株式会社
株式会社ホットスタッフ常総,茨城県常総市水海道高野町２１５３番地,2019-12-06,株式会社
株式会社ホップ,愛媛県大洲市大洲８３３番地６,2019-12-06,株式会社
株式会社ホテル・モスクワ,東京都練馬区富士見台２丁目４７－１４,2019-12-06,株式会社
株式会社ホワイトパール,大阪府大阪市中央区農人橋２丁目１番３５号,2019-12-06,株式会社
株式会社ホームストア,東京都世田谷区奥沢７丁目２０番１５号,2019-12-06,株式会社
株式会社ボディアンドコージャパン,千葉県船橋市坪井東２丁目９番１９号,2019-12-06,株式会社
株式会社ポムホッペ,埼玉県羽生市南６丁目１番地６,2019-12-06,株式会社
株式会社マエダフーズ,新潟県阿賀野市姥ヶ橋５６番地１,2019-12-06,株式会社
株式会社マグネット,大阪府大阪市浪速区桜川１丁目２番１８号,2019-12-06,株式会社
株式会社マスタピース,愛知県名古屋市東区橦木町１丁目２１番地,2019-12-06,株式会社
株式会社マツシマ設備,愛知県豊田市岩滝町滝坂４１６番地６５,2019-12-06,株式会社
株式会社マルカ,和歌山県和歌山市杭ノ瀬４３３番地４,2019-12-06,株式会社
株式会社ミコト,愛知県北名古屋市石橋郷３１番地１２,2019-12-06,株式会社
株式会社ミスティカンツァ,東京都渋谷区円山町７番１０号ｖｉｄｏ渋谷１階,2019-12-06,株式会社
株式会社ミッションフォートゥモロー,愛知県名古屋市昭和区福江２丁目９－３３名古屋ビジネスインキュベータ白金２３２号,2019-12-06,株式会社
株式会社ミヨカワタイヤ,千葉県八千代市大和田新田１０７６番地１０９,2019-12-06,株式会社
株式会社ミルズアンドコー,東京都杉並区荻窪１丁目１４番９号,2019-12-06,株式会社
株式会社ミロディア,大阪府大阪市中央区東心斎橋２丁目７番３２号,2019-12-06,株式会社
株式会社メディカルサポート,茨城県日立市十王町友部東２丁目１番地２１,2019-12-06,株式会社
株式会社モータロー,大阪府茨木市宿久庄４丁目１番３号,2019-12-06,株式会社
株式会社ヤマキョー,長野県岡谷市堀ノ内１丁目１９番８号,2019-12-06,株式会社
株式会社ライフデザインパートナー,北海道札幌市西区発寒六条１０丁目８番５－７０５号,2019-12-06,株式会社
株式会社ライフファシリ,東京都渋谷区恵比寿２丁目２８番１０号,2019-12-06,株式会社
株式会社ラディアンス,大阪府大阪市西成区天下茶屋東２丁目９番２５号,2019-12-06,株式会社
株式会社リアン,東京都練馬区東大泉６丁目３４番４１号ＳＫビルⅢ８０５,2019-12-06,株式会社
株式会社リネジェス,東京都中央区銀座７丁目１３番６号,2019-12-06,株式会社
株式会社リペアビルド,大阪府大阪市平野区瓜破南１丁目１番３６号,2019-12-06,株式会社
株式会社リミック,広島県福山市千田町３丁目３５番１８号,2019-12-06,株式会社
株式会社リレーションコンサルティング,東京都新宿区西新宿７丁目４番７号イマス浜田ビル５階,2019-12-06,株式会社
株式会社リンダ,茨城県取手市東１丁目７番１１号,2019-12-06,株式会社
株式会社ルシアル,福井県福井市高柳１丁目６０２番地２０３,2019-12-06,株式会社
株式会社レグナム,東京都江東区富岡２丁目４番９－３０５号,2019-12-06,株式会社
株式会社レプロット,広島県福山市緑町２番４３－９０２号,2019-12-06,株式会社
株式会社レリーフ,愛知県知立市新池３丁目５５番地,2019-12-06,株式会社
株式会社ロワパール,大阪府大東市新田中町７番３７号,2019-12-06,株式会社
株式会社ワイズ,愛知県江南市古知野町福寿１３５番地１,2019-12-06,株式会社
株式会社ヴァイン,石川県河北郡内灘町字鶴ケ丘２丁目８番地,2019-12-06,株式会社
株式会社一代,愛知県名古屋市中川区五女子町３丁目３８番地,2019-12-06,株式会社
株式会社七ヶ浜ベース,東京都港区浜松町２丁目２番１５号浜松町ダイヤビル２階,2019-12-06,株式会社
株式会社万屋,滋賀県米原市野一色３６７番地１１１,2019-12-06,株式会社
株式会社上々工機,岐阜県下呂市蛇之尾１３２７番地,2019-12-06,株式会社
株式会社上村設備,愛知県名古屋市守山区新城２３番５号コーポ新城１０２号,2019-12-06,株式会社
株式会社中村建工,東京都府中市浅間町４丁目２６番地の３５,2019-12-06,株式会社
株式会社中条電装,新潟県胎内市関沢５３番地２,2019-12-06,株式会社
株式会社丸山商店,東京都国分寺市東恋ヶ窪２丁目９番地２０,2019-12-06,株式会社
株式会社丸義,奈良県橿原市上飛騨町７番地,2019-12-06,株式会社
株式会社丸輝建設,茨城県つくば市高崎１７９２番地１,2019-12-06,株式会社
株式会社事務パートナーズ,大阪府大阪市北区堂島２丁目３番２号,2019-12-06,株式会社
株式会社人形町コンサルティング,東京都中央区日本橋人形町３丁目３番５号天翔日本橋人形町ビル３０９,2019-12-06,株式会社
株式会社令和防災,長崎県長崎市石神町１４番６２－３０５号,2019-12-06,株式会社
株式会社仲村電機,東京都武蔵村山市中原３丁目２２番地の５６,2019-12-06,株式会社
株式会社仲田一級構造設計事務所,千葉県船橋市松が丘５丁目３１番９号,2019-12-06,株式会社
株式会社伊藤建具店,静岡県島田市中河町９０２９番地の３,2019-12-06,株式会社
株式会社伊藤建装,大阪府貝塚市森５５３番地,2019-12-06,株式会社
株式会社伊藤電気,静岡県富士市岩本１３８番地の１シャド－ヒルⅠ－３０８号,2019-12-06,株式会社
株式会社住プラント,兵庫県神戸市垂水区上高丸２丁目１番２２－４０４号,2019-12-06,株式会社
株式会社佐々木工業,愛媛県今治市東村５丁目２番２６号,2019-12-06,株式会社
株式会社佐藤鉄筋,新潟県上越市大字土橋１８１３番地８,2019-12-06,株式会社
株式会社佐野カフェ,栃木県佐野市石塚町４１１番地１,2019-12-06,株式会社
株式会社信州エコプラン,長野県上伊那郡宮田村２３１１番地８,2019-12-06,株式会社
株式会社信星企画,北海道札幌市手稲区西宮の沢六条１丁目１６番１－５０８号,2019-12-06,株式会社
株式会社健隆,岐阜県岐阜市川部１丁目６７番地１,2019-12-06,株式会社
株式会社傑昇建築,島根県出雲市天神町５５１番地８,2019-12-06,株式会社
株式会社優希工業,埼玉県熊谷市美土里町３丁目５２番地ＡＬＭⅡ１０２,2019-12-06,株式会社
株式会社光善,栃木県日光市並木町１番地１,2019-12-06,株式会社
株式会社八咫総本家,京都府京都市中京区北車屋町２６５番１号,2019-12-06,株式会社
株式会社八幡内装,神奈川県横浜市都筑区北山田６丁目９番８号Ａ１０１,2019-12-06,株式会社
株式会社八雲機工,栃木県足利市藤本町５７９番地７,2019-12-06,株式会社
株式会社共生企画,東京都三鷹市下連雀３丁目４０番１０－１０４号,2019-12-06,株式会社
株式会社前田工業,熊本県玉名市岱明町鍋７１番地７,2019-12-06,株式会社
株式会社創友,三重県桑名市大字和泉３９７番地,2019-12-06,株式会社
株式会社加藤新聞店,秋田県由利本荘市岩城亀田亀田町字亀田町７１番地２,2019-12-06,株式会社
株式会社勇吉,沖縄県うるま市勝連平敷屋４２１４番地４,2019-12-06,株式会社
株式会社千座,東京都渋谷区鶯谷町１５番１０号,2019-12-06,株式会社
株式会社千賀カンパニー,神奈川県横浜市中区伊勢佐木町１丁目５番８号,2019-12-06,株式会社
株式会社可児デンタル,愛知県名古屋市中川区牛立町１丁目７７番地,2019-12-06,株式会社
株式会社吉五郎,長崎県五島市上崎山町２８９０番地３,2019-12-06,株式会社
株式会社吉智商店,福岡県柳川市佃町１６３３番地３,2019-12-06,株式会社
株式会社咲夜システム,埼玉県さいたま市南区南浦和３丁目２６－１－３０３,2019-12-06,株式会社
株式会社喜蔵,奈良県葛城市太田８６４番地,2019-12-06,株式会社
株式会社国昌,茨城県高萩市大字島名字平野６６５,2019-12-06,株式会社
株式会社堀田住設,京都府舞鶴市字南田辺７１番地５６,2019-12-06,株式会社
株式会社多賀建設,埼玉県入間市東町３丁目１２番２号,2019-12-06,株式会社
株式会社大地工業,愛知県豊田市三軒町６丁目２４番地１,2019-12-06,株式会社
株式会社大森,東京都新宿区西新宿６丁目１２番７－８０８号,2019-12-06,株式会社
株式会社大森工務店,福岡県田川郡川崎町大字田原５０５番地ＤＳコーポレート１２号,2019-12-06,株式会社
株式会社宗廣農園,広島県世羅郡世羅町大字津口甲１５７４－２,2019-12-06,株式会社
株式会社宝,大阪府八尾市千塚２丁目１９３番地,2019-12-06,株式会社
株式会社宮崎興業,東京都青梅市今井３丁目２４番地の４６,2019-12-06,株式会社
株式会社小堺,東京都墨田区両国４丁目３６番９号,2019-12-06,株式会社
株式会社小花板金工業,茨城県古河市緑町５１番１４号,2019-12-06,株式会社
株式会社山猫軒,東京都渋谷区恵比寿南１丁目７番８号,2019-12-06,株式会社
株式会社山田建工,愛知県名古屋市港区小賀須１丁目８１７番地,2019-12-06,株式会社
株式会社山貴,千葉県袖ケ浦市蔵波１９３５番地１,2019-12-06,株式会社
株式会社岡本産業ペイント,福岡県福岡市中央区今泉２丁目４番３１－９０３号,2019-12-06,株式会社
株式会社島田断熱,栃木県小山市美しが丘２丁目２１番地３９,2019-12-06,株式会社
株式会社幸栄,広島県呉市川尻町西４丁目６番２２号,2019-12-06,株式会社
株式会社広和サービス,大阪府箕面市彩都粟生南５丁目５番２１号,2019-12-06,株式会社
株式会社建勇,埼玉県上尾市西宮下３丁目１５０番地３,2019-12-06,株式会社
株式会社建装クリエイト,千葉県千葉市花見川区長作町１１６１－１,2019-12-06,株式会社
株式会社彩美,長野県長野市松代温泉１１５番地,2019-12-06,株式会社
株式会社徳智ホールディングス,大阪府寝屋川市明和１丁目２７番１６号,2019-12-06,株式会社
株式会社心和工務店,神奈川県小田原市寿町５丁目２番１３号,2019-12-06,株式会社
株式会社心晴,愛知県名古屋市港区春田野１丁目１２０２番地,2019-12-06,株式会社
株式会社恒屋伝助,京都府京都市中京区二条通堺町東入観音町８４番地,2019-12-06,株式会社
株式会社恭順,静岡県沼津市青野３５５番地の１２,2019-12-06,株式会社
株式会社恵翔,大阪府摂津市新在家１丁目１４番３８号,2019-12-06,株式会社
株式会社拓栄フーズ,沖縄県うるま市字仲嶺４２８番地,2019-12-06,株式会社
株式会社文殊の知恵,愛知県西尾市東幡豆町深田５８番地,2019-12-06,株式会社
株式会社新宅管理,大阪府大阪市東淀川区豊新４丁目１０番６号,2019-12-06,株式会社
株式会社日知,埼玉県さいたま市緑区大字大門２６３８番地１０,2019-12-06,株式会社
株式会社昊設計事務所,大阪府大阪市中央区南久宝寺町４丁目４番１３号大東ビル４０８号,2019-12-06,株式会社
株式会社易誠,兵庫県神戸市兵庫区大同町２丁目３番２号１０２,2019-12-06,株式会社
株式会社星菜急送,香川県綾歌郡綾川町陶２０７１番地３,2019-12-06,株式会社
株式会社春建築工房,大阪府大阪市阿倍野区阪南町１丁目９番２３号,2019-12-06,株式会社
株式会社晩成,埼玉県越谷市東越谷９丁目３６番地３－２Ｆ,2019-12-06,株式会社
株式会社有馬,愛知県豊橋市駒形町字丸山５７番地３,2019-12-06,株式会社
株式会社木下工務店,埼玉県さいたま市大宮区土手町１丁目１５２番地５,2019-12-06,株式会社
株式会社未来図コンサルティング,東京都墨田区横川２丁目１３番３－６０２号,2019-12-06,株式会社
株式会社未来苺,福岡県久留米市荒木町藤田１４７４番地４,2019-12-06,株式会社
株式会社杉市,石川県白山市馬場２丁目３５番地１ファミーユ桜通３０１号室,2019-12-06,株式会社
株式会社東源商事,東京都江戸川区南小岩８丁目６番３号,2019-12-06,株式会社
株式会社松井紙工所,広島県福山市引野町２丁目３８番１３号,2019-12-06,株式会社
株式会社松和開発,鳥取県米子市彦名町４６３９番地７,2019-12-06,株式会社
株式会社松本電設,東京都荒川区町屋５丁目１７番２０－１３０５号,2019-12-06,株式会社
株式会社栃和,栃木県下野市上古山２１０８番地１,2019-12-06,株式会社
株式会社桜井設備工業,山口県宇部市厚南北２丁目２１番３号,2019-12-06,株式会社
株式会社森田建機,岡山県真庭市上中津井２７７９－１,2019-12-06,株式会社
株式会社楸,広島県広島市安佐南区祇園７丁目１４番５－２０１号,2019-12-06,株式会社
株式会社樹塗装,埼玉県所沢市若松町１１１０番地の５,2019-12-06,株式会社
株式会社樹ＦＫＣ,東京都中央区銀座６丁目５番１４号,2019-12-06,株式会社
株式会社歩電化,宮城県多賀城市新田字西後４１番地の５,2019-12-06,株式会社
株式会社水谷経営コンサルティング,愛知県春日井市気噴町２丁目２０番地５セレネ気南Ｗ２０１号,2019-12-06,株式会社
株式会社池田商事,京都府木津川市加茂町里南里４９番地２,2019-12-06,株式会社
株式会社清水建設,広島県福山市箕島町５７１８番地３,2019-12-06,株式会社
株式会社清水林業,山口県長門市仙崎２６０１番地,2019-12-06,株式会社
株式会社灣瑚寺,東京都港区芝３丁目２９番５号,2019-12-06,株式会社
株式会社爆釣,熊本県上天草市大矢野町登立１１２７５番地１９,2019-12-06,株式会社
株式会社片桐電設,大阪府堺市北区百舌鳥赤畑町５丁６６３番地２,2019-12-06,株式会社
株式会社玉置建設,奈良県五條市霊安寺町１３７１番地の４,2019-12-06,株式会社
株式会社甲屋,徳島県徳島市川内町沖島１０９番地２,2019-12-06,株式会社
株式会社百万遍書房,大阪府大阪市中央区平野町２丁目１番２号沢の鶴ビル６階６０１号室,2019-12-06,株式会社
株式会社相栄,東京都立川市一番町１丁目５１番地１９,2019-12-06,株式会社
株式会社真路,東京都港区新橋４丁目１９番１０号,2019-12-06,株式会社
株式会社石井フルーツ,熊本県宇城市豊野町安見８７２番地,2019-12-06,株式会社
株式会社神宮司,宮崎県日向市大字財光寺２８５６番地１,2019-12-06,株式会社
株式会社神成建築計画事務所,千葉県千葉市花見川区南花園２丁目５－４須山ビル４０３号,2019-12-06,株式会社
株式会社福井ホールディングス,愛知県豊橋市小向町字北小向９９番地１,2019-12-06,株式会社
株式会社福田装蹄所,北海道浦河郡浦河町字東幌別６７番地３,2019-12-06,株式会社
株式会社米菊商店,愛知県名古屋市昭和区白金１丁目９番１９号,2019-12-06,株式会社
株式会社細井,千葉県野田市柏寺４７７番地の内２,2019-12-06,株式会社
株式会社結商会,山口県周南市大字鹿野下２５６４番地,2019-12-06,株式会社
株式会社縁樹,長野県松本市大字神林１９６４番地５,2019-12-06,株式会社
株式会社美祐,愛知県名古屋市西区那古野１丁目１６－９,2019-12-06,株式会社
株式会社翔,愛知県名古屋市中区栄４丁目２１番２３号ライオン進光ビル１階,2019-12-06,株式会社
株式会社芦屋商会,千葉県木更津市江川１３３６番地５,2019-12-06,株式会社
株式会社裕成丸,熊本県葦北郡芦北町大字鶴木山４５番地,2019-12-06,株式会社
株式会社西松商店,奈良県奈良市帝塚山６丁目１０番１号,2019-12-06,株式会社
株式会社谷川企画設計,大阪府池田市木部町６９０番地の１,2019-12-06,株式会社
株式会社賃貸自動車西日本,愛知県長久手市杁ケ池１０２番地,2019-12-06,株式会社
株式会社赤松建設,福岡県糟屋郡粕屋町仲原２丁目２０番２０号ヴィライースト２０３号,2019-12-06,株式会社
株式会社輝咲,福岡県那珂川市松木１丁目１３６番地,2019-12-06,株式会社
株式会社辰島鐵筋,福岡県田川郡糸田町２０９１番地７,2019-12-06,株式会社
株式会社遠富,神奈川県川崎市川崎区殿町１丁目１８番２３号,2019-12-06,株式会社
株式会社鈴木ホールディングス,東京都渋谷区広尾５丁目２５番７号Ａ６０１号,2019-12-06,株式会社
株式会社鈴栄,静岡県富士市石坂６３番地の１,2019-12-06,株式会社
株式会社長谷工コミュニティ沖縄,東京都港区芝２丁目６番１号,2019-12-06,株式会社
株式会社食の学び舎くるみ,静岡県藤枝市平島６６５番地の２２,2019-12-06,株式会社
株式会社高原商会,愛知県瀬戸市八幡台６丁目８番地の１,2019-12-06,株式会社
株式会社高木工建,大阪府大阪市西淀川区佃１丁目１０番２４号Ｋ－ｓｔｏｒａｇｅ佃,2019-12-06,株式会社
株式会社高田農園,岡山県瀬戸内市牛窓町鹿忍５３５１－２,2019-12-06,株式会社
株式会社鮨川,東京都杉並区清水３丁目３１－１２リブリ・ドルチェ１Ｆ,2019-12-06,株式会社
株式会社鹿島,埼玉県所沢市上新井１丁目２２番地の６,2019-12-06,株式会社
株式会社３８ｗｏｒｋｓ,福島県会津若松市日吉町４番２５号,2019-12-06,株式会社
株式会社７２４,神奈川県横浜市旭区善部町１１６－１－１－５０５,2019-12-06,株式会社
株式会社ＡＢＱＭＡ,福島県本宮市高木字井戸上４番地８,2019-12-06,株式会社
株式会社ＡＣＵＲＲＵＣＡＲＳＥ,宮崎県都城市高崎町前田２４１１番地７,2019-12-06,株式会社
株式会社ＡＤＶＡＮＣＥ　ＳＵＰＰＯＲＴ　ＳＹＳＴＥＭ,千葉県袖ケ浦市福王台３丁目１６番地１２,2019-12-06,株式会社
株式会社ＡＩホームズ,東京都新宿区高田馬場１丁目３１番１６号ワイム高田馬場ビル５０２,2019-12-06,株式会社
株式会社ＡＫＡＴＳＵＫＩ,愛知県春日井市味美白山町１丁目３番地１ユウリイフ味美白山２階ローズ,2019-12-06,株式会社
株式会社ＡＯＩ,東京都足立区神明南１丁目１３番４号アルタイル２０３,2019-12-06,株式会社
株式会社ＡＳＨ,京都府京都市下京区本塩竈町５９０番地５和田ビル４階,2019-12-06,株式会社
株式会社ＡＳＸＥＥＤ,東京都新宿区原町２丁目３０番地４０７,2019-12-06,株式会社
株式会社ＡＴＥ,東京都中央区京橋１丁目３番２－９０５号,2019-12-06,株式会社
株式会社ＡＵＲＯＲＥ,大阪府大阪市中央区南久宝寺町３丁目２番７号,2019-12-06,株式会社
株式会社ＡＶＡＮＣＥ,千葉県市原市有秋台西２丁目４番地１６,2019-12-06,株式会社
株式会社ＡＹＵＭＩ,京都府京都市中京区恵比須町５３４番地６エリゼビル４Ｆ,2019-12-06,株式会社
株式会社Ａｉ　ｃｏｎｎｅｃｔ,神奈川県横浜市鶴見区東寺尾５丁目１８番１号ステイツ横浜東寺尾３０５号,2019-12-06,株式会社
株式会社ＡｉｒＲｉｓｅ,愛知県豊田市京町４丁目１３番地１５,2019-12-06,株式会社
株式会社Ａｒｒｉｖａｌ,大阪府大阪市福島区海老江８丁目１５－１７,2019-12-06,株式会社
株式会社ＡｒｒｏＺａｇｕａ,東京都港区元赤坂１丁目１番１７－３０１号,2019-12-06,株式会社
株式会社Ａｒｔ’ｓ,埼玉県さいたま市大宮区仲町１丁目１１１－２マルハチビル１Ｆ,2019-12-06,株式会社
株式会社Ａｕｌｉｉ,東京都府中市若松町２丁目２６番地の４１,2019-12-06,株式会社
株式会社ＡｕｔｏＧＲＥＥＮ,埼玉県越谷市大字下間久里３０２番地４,2019-12-06,株式会社
株式会社Ｂ’ｓＰｌａｎ,福岡県飯塚市新立岩２番１３号,2019-12-06,株式会社
株式会社ＢＨＵＲＡ　ＧＥＭＳ,山梨県甲府市下小河原町１５５番地６,2019-12-06,株式会社
株式会社ＢＳアセットマネジメント,東京都文京区音羽１丁目８番３－１０１２号,2019-12-06,株式会社
株式会社ＢＵＲＥＮＡＩ,東京都品川区西五反田６丁目３番１９号,2019-12-06,株式会社
株式会社Ｂｅｌｌｅ　ｖｉｅ,愛知県豊川市牛久保町八幡口８７番地グランビア牛久保１０２号,2019-12-06,株式会社
株式会社Ｃ‐ｃｌａｍｐ,東京都豊島区池袋２丁目５５番２号鈴木ビル２階,2019-12-06,株式会社
株式会社ＣＨＡＴＡＲ,東京都中央区日本橋蛎殻町２丁目１２番１０号,2019-12-06,株式会社
株式会社Ｃａｒａｖｅｌ,埼玉県さいたま市浦和区本太３丁目５番２３－２０４号,2019-12-06,株式会社
株式会社Ｃｒｏｗ－Ｌｉｎｅ,神奈川県川崎市宮前区神木本町５丁目１番４号エスペランサ３０３号,2019-12-06,株式会社
株式会社Ｄ＆Ｅａｒｔｈ,岡山県津山市川崎４２４番地,2019-12-06,株式会社
株式会社Ｄ．Ｗ．１ｓｔ,東京都目黒区上目黒３丁目１０番３－４０３号,2019-12-06,株式会社
株式会社ＤＡＩＫＯ,大阪府吹田市江坂町１丁目１６番２８号,2019-12-06,株式会社
株式会社ＤＡＩＮＮ,愛知県名古屋市昭和区塩付通３丁目１番地の５,2019-12-06,株式会社
株式会社ＤＩＧＮＩＦ,愛知県名古屋市中区新栄２丁目２番１号イノフィスビルＢ－３,2019-12-06,株式会社
株式会社Ｄｉａｌｅｃｔｉｃａｌ　Ｃｏｎｓｕｌｔａｎｔ,埼玉県さいたま市大宮区宮町４丁目３５番地,2019-12-06,株式会社
株式会社Ｅ－ＬＩＮＫ,東京都町田市木曽西１丁目１４番地３２号,2019-12-06,株式会社
株式会社ＥＫｒｉｅ,岐阜県多治見市白山町３丁目７３番地の２シャトレ愛松多治見白山１１０３,2019-12-06,株式会社
株式会社ＥｄＢａｎｋ,東京都品川区東品川１丁目２番５号,2019-12-06,株式会社
株式会社Ｅｋｋｌｅｓｉａ,東京都台東区西浅草３丁目２番１２号,2019-12-06,株式会社
株式会社Ｅｖｅｒｇｒｅｅｎ,香川県坂出市江尻町１２６１番地３,2019-12-06,株式会社
株式会社Ｅｘｐａｎｓｅ,埼玉県戸田市笹目２丁目１３番２号２Ｆ,2019-12-06,株式会社
株式会社Ｆ‐ｔｒｉａ,東京都渋谷区宇田川町４２番３号Ｔ＆Ｋビル４Ｆ,2019-12-06,株式会社
株式会社ＦＡＣ研修センター,広島県府中市鵜飼町５番地３,2019-12-06,株式会社
株式会社ＦＩＶＥ　Ｌａｂｏｒａｔｏｒｙ,東京都武蔵野市境南町１丁目２９番２号,2019-12-06,株式会社
株式会社ＦＫ　ＷＯＲＫＳ,群馬県藤岡市上大塚３３０番地４,2019-12-06,株式会社
株式会社ＦＲＣ,広島県福山市坪生町３丁目３４番９号,2019-12-06,株式会社
株式会社Ｆｒｅｉｈｅｉｔ,東京都台東区小島２丁目２０番１１号,2019-12-06,株式会社
株式会社Ｇ１ｏｗｂａｌ,東京都小金井市本町５丁目１５番８－７０３号ラメゾンブランシュ,2019-12-06,株式会社
株式会社ＧＲＩＴ　ＦＯＵＮＤＡＴＩＯＮ,東京都目黒区目黒１丁目６番１７号Ｂ１Ｆ,2019-12-06,株式会社
株式会社ＧｅｎｅｒａｌＰｒｏｔｅｃｔ,兵庫県宝塚市安倉北２丁目７番５－１号,2019-12-06,株式会社
株式会社Ｇｏｄ　Ｐａｌａｃｅ,東京都新宿区北新宿１丁目１７番１号,2019-12-06,株式会社
株式会社Ｈ＆Ｆ,宮城県仙台市青葉区下愛子字町１９番地の３,2019-12-06,株式会社
株式会社ＨＹＭ,愛知県刈谷市小垣江町上松６２番地,2019-12-06,株式会社
株式会社Ｈｏｍｉｅ,福岡県福岡市東区蒲田３丁目３番９号,2019-12-06,株式会社
株式会社ＩＢＳ,兵庫県神戸市中央区御幸通８丁目１－６神戸国際会館２２階,2019-12-06,株式会社
株式会社ＩＫ,東京都豊島区西池袋３丁目１７番１６号,2019-12-06,株式会社
株式会社ＩＮＡＫＩＡ,東京都中央区勝どき６丁目３－２,2019-12-06,株式会社
株式会社Ｊ－Ｂｌｕｅ東京,東京都千代田区平河町１丁目７番２２号万代半蔵門ビル５Ｆ,2019-12-06,株式会社
株式会社ＪＯＩＮＴ　ＷＯＲＫＳ,埼玉県新座市道場１丁目９番１３号,2019-12-06,株式会社
株式会社ＪＴ　ｓｅｒｖｉｃｅ,埼玉県春日部市備後東２丁目１３番４１号,2019-12-06,株式会社
株式会社Ｋフーズ,兵庫県尼崎市東園田町５丁目１１番地ライオンズマンション東園田５０６号,2019-12-06,株式会社
株式会社Ｋ＆Ｓ,東京都中央区勝どき２丁目１番１４号ｏｚｉｏ勝どき１２０１,2019-12-06,株式会社
株式会社ＫＡＩＲＡＢ　Ｉｎｔｅｒｎａｔｉｏｎａｌ,愛知県名古屋市中村区大門町２１番地の１号サンフタミ大門ビル１階,2019-12-06,株式会社
株式会社ＫＡＹアーキテクツ,熊本県水俣市大黒町１丁目１番２３号,2019-12-06,株式会社
株式会社ＫＥＹＶＥＸ　ＤＥＳＩＧＮ,京都府京都市下京区堺町２１ジムキノウエダビル５０２,2019-12-06,株式会社
株式会社ＫＩＮＧ．,愛知県名古屋市中区新栄２丁目２１番９号プティローズ新栄Ⅰ１０２号,2019-12-06,株式会社
株式会社ＫＯＨ,大阪府大阪市西成区聖天下２丁目２番１０号,2019-12-06,株式会社
株式会社ＫＯＫＯＲＯＢＩＪＩＮ,愛知県豊田市吉原町平池１２１番地シャーロンハイツＢ－１０２号,2019-12-06,株式会社
株式会社ＫＲＣ,広島県広島市安佐南区毘沙門台東１丁目２番１６号,2019-12-06,株式会社
株式会社ＫＳＳ,東京都江東区豊洲１丁目３番２６－２０６号,2019-12-06,株式会社
株式会社ＫＴテック,兵庫県神崎郡市川町神崎８３５番地,2019-12-06,株式会社
株式会社ＬＡ,東京都渋谷区恵比寿南３丁目１１番１４号,2019-12-06,株式会社
株式会社ＬＣＰ,大阪府吹田市山田西３丁目５０番２号,2019-12-06,株式会社
株式会社ＬＩＲＩＯ,福岡県行橋市大字松原２２番地１,2019-12-06,株式会社
株式会社ＬＩＸＡＭ,東京都港区浜松町２丁目２番１５号浜松町ダイヤビル２Ｆ,2019-12-06,株式会社
株式会社ＬＯＤ,愛知県名古屋市千種区高見２丁目５番６号シティライフ池下北一階,2019-12-06,株式会社
株式会社Ｌｉ－ｗｅｌｌ,東京都渋谷区南平台町１２番１３号,2019-12-06,株式会社
株式会社ＬｉＢ　Ｅｎｔｅｒｔａｉｎｍｅｎｔ,大阪府大阪市北区野崎町９番１３号株式会社Ｖｉｓｉｏｎａｒｙ内,2019-12-06,株式会社
株式会社Ｌｉｆｅ　Ｔｉｍｅ,大阪府大阪市淀川区西中島２丁目６番１２号,2019-12-06,株式会社
株式会社Ｍ・カンパニー,福岡県久留米市北野町中３１１２番地５,2019-12-06,株式会社
株式会社Ｍ・プラマー,愛知県知多市新舞子字廻間１５番地の１,2019-12-06,株式会社
株式会社Ｍ，ＴＥＣ,東京都三鷹市深大寺３丁目１０番１１号,2019-12-06,株式会社
株式会社Ｍ－ｔｉｅｓ,千葉県松戸市高塚新田６４１番地の２１,2019-12-06,株式会社
株式会社Ｍ．Ｒ．Ｂ,愛知県半田市更生町２丁目１５２番地の１２協和ビル３０２,2019-12-06,株式会社
株式会社ＭＡＲＳ,静岡県静岡市葵区建穂１丁目５番１８号,2019-12-06,株式会社
株式会社ＭＥＰ,大阪府大阪市北区天満１丁目６番８号六甲天満ビル８０２号,2019-12-06,株式会社
株式会社ＭＪｍａｊｉ,東京都世田谷区奥沢５丁目９－１３Ｔｒｉｐｌｅｔ３０１,2019-12-06,株式会社
株式会社ＭＫ,愛知県瀬戸市平町１丁目１１番地,2019-12-06,株式会社
株式会社ＭＯＩ,広島県福山市木之庄町１丁目８番３号バリュージュ木之庄１０２,2019-12-06,株式会社
株式会社ＭＳＡコンサルティング,東京都港区新橋２丁目２０番１５号新橋駅前ビル１号館４階,2019-12-06,株式会社
株式会社ＭＹクリエーション,兵庫県西宮市上ケ原四番町２番１８号,2019-12-06,株式会社
株式会社Ｍａｎｉｔａｓ,愛知県名古屋市中川区四女子町３丁目２９番地の１,2019-12-06,株式会社
株式会社Ｍｅｄｉｃａｌ　ＢＬＯＯＭ,埼玉県志木市本町５丁目１７番６６－１０２６号,2019-12-06,株式会社
株式会社Ｍｅｉｓｔｅｒ,東京都町田市原町田６丁目２１番５号,2019-12-06,株式会社
株式会社ＭｓＡＲ,東京都葛飾区金町６丁目１０－１０ルックハイツ金町１３０８,2019-12-06,株式会社
株式会社Ｎ．Ｅ,愛知県名古屋市千種区東山通１丁目３２番地イーストレヂデンス３０１号,2019-12-06,株式会社
株式会社ＮＥＯ　ＴＲＵＳＴ,福井県敦賀市疋田１２号１７番地１,2019-12-06,株式会社
株式会社ＮＵＴ－ＴＨＩＮＧ,東京都渋谷区広尾１丁目７番２０号ＤＯＴビル３Ｆ,2019-12-06,株式会社
株式会社ＮＵＴＥＫ,愛知県豊田市美里１丁目１３番地２３,2019-12-06,株式会社
株式会社Ｎｅｕｆ,茨城県古河市大山１５９９番地,2019-12-06,株式会社
株式会社Ｎｅｘｔ　ｉｎｎｏｖａｔｉｏｎ,岐阜県中津川市太田町３丁目４番１６号,2019-12-06,株式会社
株式会社Ｏ・Ｔ・Ｓ,大阪府茨木市水尾３丁目１４番１０１号,2019-12-06,株式会社
株式会社ＯＡｓｉｓ,沖縄県那覇市前島３丁目１７－１２,2019-12-06,株式会社
株式会社ＯＮ,大阪府大阪市中央区瓦町３丁目４番７号,2019-12-06,株式会社
株式会社Ｏｆｆｉｃｅ８１,東京都中央区日本橋小舟町１１番３号,2019-12-06,株式会社
株式会社ＰＨＩＬＥ,東京都世田谷区弦巻２丁目８番１６号ウエリナ弦巻３０５,2019-12-06,株式会社
株式会社ＰＲＥＣＥＤＥ,東京都渋谷区千駄ヶ谷５丁目１５－８佐一代々木ビル５階,2019-12-06,株式会社
株式会社Ｐａｐｉｌｌｏｎ,愛知県蒲郡市形原町東稲荷２０番地１,2019-12-06,株式会社
株式会社Ｐａｒｃ,静岡県浜松市東区小池町２９０７番地の１,2019-12-06,株式会社
株式会社Ｐｒｏｍｉｓｅｄ　Ｌａｎｄ,京都府京都市山科区安朱南屋敷町２３番地ラカーサ山科１Ｆ,2019-12-06,株式会社
株式会社Ｐｒｏｔｏｓ,東京都板橋区前野町３丁目４４番１１号シースペース３０１号室,2019-12-06,株式会社
株式会社Ｒ－Ｌｉｎｋ,滋賀県湖南市石部西２丁目３番２９号,2019-12-06,株式会社
株式会社ＲＧＳ,東京都墨田区両国４丁目３２番１１号,2019-12-06,株式会社
株式会社ＲＩＳＥ,愛知県北名古屋市六ツ師松葉５８番地４,2019-12-06,株式会社
株式会社Ｒａｙｍａｋａ,広島県広島市中区本川町３丁目１－５,2019-12-06,株式会社
株式会社Ｒｅ　Ｂｅａｕｔｅ,宮城県仙台市青葉区中央２丁目７番３０号角川ビル３１５,2019-12-06,株式会社
株式会社Ｒｅ－Ｂｅａｕｔｅ,東京都世田谷区用賀１丁目１０番１２号,2019-12-06,株式会社
株式会社Ｒｅｓｖａｌｔ,香川県綾歌郡宇多津町大字東分１４５０番地３０,2019-12-06,株式会社
株式会社Ｒｏｚｅｋ,東京都調布市深大寺東町１丁目１１番地１０,2019-12-06,株式会社
株式会社Ｓ．Ｎ．Ｍ．ＩＮＴＥＲＮＡＴＩＯＮＡＬ,埼玉県熊谷市村岡７７６番地３コーポＡ＆Ｋ２０８,2019-12-06,株式会社
株式会社Ｓ．ｌｉｆｅ,大阪府高槻市上土室１丁目２番２０号,2019-12-06,株式会社
株式会社ＳＡＫＵＲＡ,東京都中央区晴海３丁目１３番１－１６０７号,2019-12-06,株式会社
株式会社ＳＡＭＵＲＡＩ　Ｏｆｆｉｃｅ,東京都新宿区西新宿３丁目９番７号,2019-12-06,株式会社
株式会社ＳＡＴ,東京都港区新橋２丁目１６番１号ニュー新橋ビル９Ｆ,2019-12-06,株式会社
株式会社ＳＤＭ４３,神奈川県横浜市青葉区しらとり台５５番地１,2019-12-06,株式会社
株式会社ＳＥＥＤＰＬＡＣＥ,東京都国立市東１丁目１５－１１、４４８ビル３Ｆ,2019-12-06,株式会社
株式会社ＳＨＡＤＹ’Ｓ　ＶＡＬＬＥＹ,愛知県名古屋市中区大須２丁目１２番９号,2019-12-06,株式会社
株式会社ＳＨＩＫＩＴＡＲＩ,東京都新宿区新宿１丁目２６番２号新宿第七葉山ビル３Ｆ,2019-12-06,株式会社
株式会社ＳＨＩＭＩＺＵ　ＡＲＣＨＩＴＥＣＴ,神奈川県座間市相模が丘１丁目３４番２７号,2019-12-06,株式会社
株式会社ＳＩＸ　ＳＥＮＳＥＳ,滋賀県大津市松原町９番２９号,2019-12-06,株式会社
株式会社ＳＪ・ＴＥＣ,東京都八王子市中町８番７号ＨＦ八王子レジデンス１００１号,2019-12-06,株式会社
株式会社ＳＭＢＬ,愛知県名古屋市中区新栄１丁目１４番２号,2019-12-06,株式会社
株式会社ＳＮコーポレーション,大阪府大阪市旭区清水１丁目１７番８号,2019-12-06,株式会社
株式会社ＳＰＡＣＥ　ＰＲＯＤＵＣＥ,埼玉県三郷市高州３丁目４０６番１号,2019-12-06,株式会社
株式会社ＳＴＯＲＥ,福岡県北九州市小倉北区京町１丁目２番１０号,2019-12-06,株式会社
株式会社ＳＹＬＡＮＤ　ＡＳＳＥＴ　ＭＡＮＡＧＥＭＥＮＴ,東京都品川区東五反田１丁目６番３号,2019-12-06,株式会社
株式会社Ｓｉｌｖｅｔ,兵庫県西宮市南越木岩町１４番２３号ブライトン苦楽園ビル,2019-12-06,株式会社
株式会社Ｓｋｙ,奈良県大和郡山市西町８番地１２,2019-12-06,株式会社
株式会社Ｓｍｉｌｅ　Ｅｉｇｈｔ,東京都世田谷区喜多見５丁目５番５号－２０２,2019-12-06,株式会社
株式会社Ｓｔａｎｄ　ｔｏ　ｙｏｕ,大阪府大阪市中央区久太郎町４丁目１番３号大阪センタービル６－１０６,2019-12-06,株式会社
株式会社Ｓｔａｎｄａｒｄ,栃木県足利市朝倉町３丁目２３番地４Ｎ２ビル２Ａ,2019-12-06,株式会社
株式会社Ｓｕｎｓｅｔ,京都府京都市下京区西七条東久保町５５番地２,2019-12-06,株式会社
株式会社ＴＡ・Ｓ・Ｋプランニング,東京都国分寺市本多１丁目１番１４号,2019-12-06,株式会社
株式会社ＴＡＫＡＲＡ,埼玉県春日部市西宝珠花４２４番地３,2019-12-06,株式会社
株式会社ＴＡＮＧＯ,沖縄県うるま市石川伊波４４３番地１,2019-12-06,株式会社
株式会社ＴＢＧ,岡山県津山市二宮１番地１,2019-12-06,株式会社
株式会社ＴＩＥ,愛知県名古屋市千種区朝岡町１丁目１５番地２南部ビル１Ｆ,2019-12-06,株式会社
株式会社ＴＲＵＳＴ,愛媛県四国中央市土居町野田甲１２７３番地２,2019-12-06,株式会社
株式会社Ｔｈｅ　Ｓｋｉｎｆａｃｔｏｒｙ　Ｇｌｏｂａｌ　ＪＰ,東京都港区東麻布２丁目２２番５号,2019-12-06,株式会社
株式会社ＵＮＤＥＲ　ＶＩＬＬＡＧＥ,熊本県熊本市中央区渡鹿６丁目９番７８号,2019-12-06,株式会社
株式会社ＵＮＩＦＩＮ,埼玉県さいたま市大宮区桜木町２丁目３７２番地市野屋ビル１階,2019-12-06,株式会社
株式会社ＵＲＵＳ,東京都港区六本木３丁目１６番３３号青葉六本木レジデンス９０２,2019-12-06,株式会社
株式会社ＷＡＤＯＨ,埼玉県秩父市黒谷１４５１番地９,2019-12-06,株式会社
株式会社ＷＥＬＬＤＥＣ,大阪府大阪市天王寺区生玉町１０番２３－１１０１号,2019-12-06,株式会社
株式会社ＷＩＮＥＸ,福島県福島市丸子字芳堀１５番地の１５,2019-12-06,株式会社
株式会社ＷＯＲＬＤＨＡＩＲ,福岡県福岡市中央区白金１丁目２１番１６号２Ｆ６号室,2019-12-06,株式会社
株式会社ＹＭコンサルタント,東京都三鷹市下連雀３丁目３６番１－１６０１号,2019-12-06,株式会社
株式会社Ｙｏｕ,愛知県名古屋市中区栄４丁目２１番２３号ライオン進光ビル１階,2019-12-06,株式会社
株式会社Ｙｕｇｅｎ,兵庫県西脇市上戸田１６６番地の１,2019-12-06,株式会社
株式会社ＺＥＲＯ,北海道旭川市末広東二条３丁目３番２６号,2019-12-06,株式会社
株式会社Ｚｅｒｏ,東京都荒川区西尾久１丁目６番１０号,2019-12-06,株式会社
株式会社ａｌｌ　ｔｈｅ　ｗａｙ,東京都港区港南２丁目１２－２８品川タワーフェイス９０３号,2019-12-06,株式会社
株式会社ｂｏｋｕｐａｎ,鹿児島県鹿児島市石谷町１２１５番地１８,2019-12-06,株式会社
株式会社ｃｏｒｅ,千葉県市原市五井２６２５番地５,2019-12-06,株式会社
株式会社ｇｒａｔｉａ,東京都千代田区神田錦町１丁目４番８号ブロケードビルＢ１階,2019-12-06,株式会社
株式会社ｇｒｏｗ,京都府京都市左京区岩倉花園町５４１番地５１,2019-12-06,株式会社
株式会社ｋｏｍｏｒｅｂｉ,奈良県大和郡山市朝日町３番４－８１０号,2019-12-06,株式会社
株式会社ｌｉｅｎ,秋田県秋田市保戸野桜町１３番２７号,2019-12-06,株式会社
株式会社ｓｈｅｔａ,東京都港区南青山３丁目１８番１１号ヴァンセットビル５階,2019-12-06,株式会社
株式会社ｔｈｉｎｋｉｎｇ,大阪府堺市西区鳳中町３丁６１番地１３三久ビル２Ｆ,2019-12-06,株式会社
株式会社ｖ．ｖ．ｃｏｍｐａｎｙ,東京都目黒区上目黒１丁目２０番２号,2019-12-06,株式会社
桜山第三学童保育クラブ,群馬県高崎市棟高町２４８９－４,2019-12-06,その他
梁伯銓風水株式会社,東京都立川市錦町１丁目５番１５の４０２号,2019-12-06,株式会社
梨弌株式会社,愛知県小牧市久保一色南１丁目９９番地,2019-12-06,株式会社
武藤設備合同会社,東京都品川区豊町３丁目７－１２,2019-12-06,合同会社
池田農園株式会社,和歌山県有田郡広川町大字名島３０９番地,2019-12-06,株式会社
河口保険事務所合同会社,東京都大田区萩中２丁目１１番１９号,2019-12-06,合同会社
津軽漆器株式会社,青森県弘前市大字元寺町７番地,2019-12-06,株式会社
浪速振興ホールディングス株式会社,大阪府大阪市北区小松原町４番１２号,2019-12-06,株式会社
特定非営利活動法人ＲＩＴＡ‐Ｃｏｎｇｏ,埼玉県さいたま市桜区道場２丁目１番１－７４４号,2019-12-06,その他の設立登記法人
田辺建築株式会社,山梨県甲斐市島上条１３５番地,2019-12-06,株式会社
矢光株式会社,東京都練馬区関町東１丁目１７番１８号,2019-12-06,株式会社
社会保険労務士法人ＡＫＪパートナーズ,東京都港区愛宕２丁目５番１号愛宕グリーンヒルズＭＯＲＩタワー３７階,2019-12-06,その他の設立登記法人
社会保険労務士法人ＳＯＰＨＩＡ,福岡県福岡市中央区大手門３丁目１番１号,2019-12-06,その他の設立登記法人
社会福祉法人純生喜狛会,東京都狛江市駒井町３丁目３６番１号,2019-12-06,その他の設立登記法人
福島合同会社,東京都港区西麻布４丁目１３番５号グレイスフル西麻布３０１号,2019-12-06,合同会社
秀和電業株式会社,埼玉県八潮市大字大曽根１６７２番地１,2019-12-06,株式会社
税理士法人ぷらす,岐阜県岐阜市萱場南１丁目９番１３号,2019-12-06,その他の設立登記法人
税理士法人日根野会計事務所,大阪府大阪市中央区南新町２丁目３番７号,2019-12-06,その他の設立登記法人
竺美株式会社,埼玉県川口市幸町１丁目３番３１－１１０７号ライオンズシティ川口,2019-12-06,株式会社
紅雀介護サービス合同会社,神奈川県横浜市神奈川区白幡町２番８－２号ハレ白楽３０１号,2019-12-06,合同会社
結耀株式会社,東京都豊島区巣鴨３丁目３３番６号ＧＳハイム巣鴨７０４号室,2019-12-06,株式会社
総合建設ワーク飯島合同会社,山梨県笛吹市石和町唐柏４３１番地５,2019-12-06,合同会社
美学出版合同会社,東京都文京区本郷２丁目１６番１０号ヒルトップ壱岐坂７０１,2019-12-06,合同会社
翼監査法人,東京都中央区八丁堀３丁目１番１号京橋第三長岡ビル９階,2019-12-06,その他の設立登記法人
自由が丘陵苑株式会社,東京都中央区銀座２丁目９番１７号,2019-12-06,株式会社
興亜株式会社,東京都港区浜松町２丁目２番１５号浜松町ダイヤビル２Ｆ,2019-12-06,株式会社
菊乃香酒造株式会社,茨城県日立市十王町友部１０４番地,2019-12-06,株式会社
行政書士法人大阪国際法務事務所,大阪府大阪市中央区北久宝寺町２丁目２番１３号マエダ本社ビル４０３号,2019-12-06,その他の設立登記法人
農事組合法人緑夢,新潟県新潟市北区笠柳１２５５番地,2019-12-06,その他の設立登記法人
進栄コンサルタント合同会社,埼玉県越谷市東町２丁目２６６番地１３７,2019-12-06,合同会社
関西丸善運輸株式会社,兵庫県西宮市山口町下山口１３１８番地１,2019-12-06,株式会社
青森風力発電株式会社,青森県青森市安方２丁目１６番１３号Ｙスポットビル４－Ａ,2019-12-06,株式会社
風庵株式会社,愛知県愛知郡東郷町大字春木字音貝１１０番地,2019-12-06,株式会社
１２ｃｌａｓｓ株式会社,三重県四日市市堀木１丁目２番２５号,2019-12-06,株式会社
１４ＢＯＯＳＴ株式会社,愛知県名古屋市中川区牛立町１丁目７７番地,2019-12-06,株式会社
３３３株式会社,千葉県君津市南久保２丁目２番２５号,2019-12-06,株式会社
Ａ　ＬＩＮＥ株式会社,大阪府豊中市上野東２丁目１３番２６号,2019-12-06,株式会社
Ａ－ＷＯＲＫ社会保険労務士法人,東京都豊島区池袋２丁目３５番４号池袋ロイヤルウエスト６階,2019-12-06,その他の設立登記法人
ＡＩ．ＤＥＡハウス株式会社,大阪府大阪市城東区今福南４丁目１５番２２号,2019-12-06,株式会社
ＡＩＵＥＯ株式会社,埼玉県川口市芝富士１丁目２０番１９号リトハイム１０２,2019-12-06,株式会社
ＡＫＩＧ株式会社,東京都江東区有明１丁目２番１１号ガレリアグランデ２４０８,2019-12-06,株式会社
ＡＬテック株式会社,静岡県榛原郡吉田町川尻３２２７番地,2019-12-06,株式会社
ＡＬＬ　ＯＮＥ　ＰＯＩＮＴ株式会社,兵庫県神戸市中央区花隈町３番１０－２０３号,2019-12-06,株式会社
ＡＭＢＡＮＩ・Ｇ合同会社,福岡県北九州市小倉南区朽網西１丁目９番１４号,2019-12-06,合同会社
ＡＵＧ株式会社,大阪府大阪市西成区南津守７丁目６番１１号,2019-12-06,株式会社
Ａｄａｐｔａｂｌｅ　Ｉｎｔｅｒｎａｔｉｏｎａｌ合同会社,福岡県福岡市東区奈多団地１９棟４０４号,2019-12-06,合同会社
Ａｍｏｒｅ　Ｃｕｏｒｅ　Ｒａｍｏ合同会社,大阪府大阪市旭区大宮４丁目９番４０号,2019-12-06,合同会社
Ａｎｊｅｔ　Ｒｅｓｅａｒｃｈ　Ｌａｂ株式会社,京都府京都市下京区中堂寺南町１３４番地,2019-12-06,株式会社
Ａｐｐｒｅｃｉａｔｅ　ＪＡＰＡＮ株式会社,福岡県福岡市博多区冷泉町１番３－１１０９号,2019-12-06,株式会社
Ａｒｉｓｔｏｓ＆Ｍｉｎａ株式会社,東京都中央区八重洲１丁目８番１７号新槇町ビル６階,2019-12-06,株式会社
Ａｘｉａ　ｗｏｒｌｄ　ｃｏｍｐａｎｙ株式会社,愛知県豊川市牧野町柳貝津２番地,2019-12-06,株式会社
Ａｘｉｎｇ株式会社,富山県富山市金山新東５１６番地,2019-12-06,株式会社
Ｂ’ＣＲＥＡＴＥ株式会社,大分県中津市大字大新田９２番地２,2019-12-06,株式会社
ＢＡＬＡＮＣＥ合同会社,大阪府大阪市東淀川区東中島１丁目２０番１２－６２１号,2019-12-06,合同会社
ＢＢＣＴジャパン合同会社,富山県富山市神通本町１丁目４番８－７０５号プラウド富山神通本町,2019-12-06,合同会社
ＢＣＭプランニング合同会社,福岡県北九州市八幡西区穴生１丁目６番４－４０１号,2019-12-06,合同会社
Ｂａｒゆう合同会社,東京都港区新橋２丁目２０番１５号新橋駅前ビル１号館地下１階,2019-12-06,合同会社
Ｂｅｌｌｅｐｈｒａｓｅ合同会社,東京都港区高輪２丁目１６番４号ＳＴＯＣＫ３Ｆ,2019-12-06,合同会社
Ｃ　ＳＴＹＬＥ株式会社,東京都渋谷区初台１丁目４５番２号,2019-12-06,株式会社
ＤＩＡＣＥＵＴＩＣＳ　ＰＴＥ．ＬＴＤ．,東京都渋谷区桜丘町２６番１号セルリアンタワー１５階,2019-12-06,外国会社等
ＤＩＸＩＥ合同会社,愛知県知立市山町大林６０番地,2019-12-06,合同会社
ＤＴＯ企画株式会社,愛知県春日井市中央台４丁目１番地３、２１８号棟３０４号室,2019-12-06,株式会社
Ｄｅｆｉ株式会社,東京都世田谷区池尻３丁目２１番１６－４０８号,2019-12-06,株式会社
ＥＭＣフロンティア合同会社,大阪府大阪市中央区南船場４丁目１０番５号南船場ＳＯＨＯビル７０２,2019-12-06,合同会社
Ｇ　Ｒａｇｓ７２株式会社,東京都世田谷区代沢２丁目２１番１０－１０２号,2019-12-06,株式会社
Ｇ＆カンパニー株式会社,東京都港区芝浦１丁目１５番１３号,2019-12-06,株式会社
ＧＣＪＧ４株式会社,東京都中央区八重洲２丁目４番１３号ユニゾ八重洲二丁目ビル２Ｆ,2019-12-06,株式会社
ＧＲＥＥＮ　ＬＥＡＶＥＳ合同会社,栃木県足利市丸山町６８８番地７ブリーゼ足利Ａ,2019-12-06,合同会社
ＧＳコーポレーション株式会社,京都府京都市北区紫野下柏野町１４番地１０,2019-12-06,株式会社
Ｇｏｏｄ　Ｌｉｆｅ＆Ｔｒａｖｅｌ　Ｃｏｍｐａｎｙ株式会社,福岡県福岡市中央区白金１丁目１１番７号ＩＭＤ　ＳＱＵＡＲＥ,2019-12-06,株式会社
ＧｒａｎｄＬｉｎｋ合同会社,埼玉県春日部市大畑１８番地３,2019-12-06,合同会社
ＨＲＭＫ合同会社,神奈川県横浜市南区山谷７２番地１ハイマート横浜７０４号,2019-12-06,合同会社
Ｋ－ＦＯＯＤＳ合同会社,広島県広島市西区商工センター１丁目１０番１３号,2019-12-06,合同会社
ＫＤ株式会社,東京都新宿区中落合２丁目１６－３１－１０３,2019-12-06,株式会社
ＫＥＮ　ＴＲＡＤＩＮＧ株式会社,宮城県亘理郡亘理町逢隈神宮寺字中道７番地２８,2019-12-06,株式会社
ＫＨテクニカル・サポート企画合同会社,福岡県福岡市東区香椎浜３丁目３番４－６１０号,2019-12-06,合同会社
ＫＩＺＵＮＡ　ＬＩＮＥ株式会社,京都府京都市中京区西ノ京星池町１５１番地,2019-12-06,株式会社
ＫＲＤコンサルタント株式会社,愛知県名古屋市守山区小幡中３丁目１４番２９号,2019-12-06,株式会社
ＫＵＭＡＲＩ　ＧＲＯＵＰ株式会社,千葉県千葉市若葉区都賀３丁目１７番８－１０３号,2019-12-06,株式会社
Ｋａｎａｅ未来合同会社,東京都葛飾区東新小岩５丁目１４－１７,2019-12-06,合同会社
Ｋｌｅｉｎｏｄ株式会社,神奈川県横須賀市大矢部５丁目２０番１３号,2019-12-06,株式会社
Ｋｌｏｔｈｏ株式会社,東京都世田谷区成城６丁目２３番７号,2019-12-06,株式会社
Ｌａｉｔｅ一般社団法人,東京都千代田区丸の内３丁目１番１号東京共同会計事務所内,2019-12-06,その他の設立登記法人
Ｌｉｂｅｒｔａｓ合同会社,大阪府枚方市長尾西町２丁目１９番２６号,2019-12-06,合同会社
ＭＡＲＵ　Ｍｅｄｉａ合同会社,東京都新宿区四谷三栄町２番１４号２２７,2019-12-06,合同会社
ＭＩＴＲＡ合同会社,福岡県春日市星見ヶ丘５丁目７６,2019-12-06,合同会社
ＭＫ建築株式会社,愛知県春日井市朝宮町２丁目４番地１,2019-12-06,株式会社
ＭＵＫＵＳＹＴＯＮ　ＳＣ合同会社,愛知県名古屋市天白区原２丁目９０３番地,2019-12-06,合同会社
Ｍａｇｎａ　Ａｒｂｏｒ　Ｉｎｖｅｓｔｍｅｎｔ合同会社,東京都中央区日本橋富沢町７番１４号岡島ビル８階,2019-12-06,合同会社
Ｎ．Ｍ．Ｓ　ＥＮＴＥＲＰＲＩＳＥＳ,千葉県富里市十倉９０４－４３十倉オフィス５,2019-12-06,外国会社等
ＮＥＳ　Ｏｖｅｒｌａｙ　Ｌｔｄ,東京都港区南青山２丁目１１番１３号青山サクセスビル５階,2019-12-06,外国会社等
ＮＥＸＴ合同会社,兵庫県加古郡稲美町国岡５丁目１５６番地,2019-12-06,合同会社
ＮＨインベストメント合同会社,東京都港区西新橋１丁目２番９号メンターキャピタル税理士法人内,2019-12-06,合同会社
ＮＰＯ法人ちえのわ,北海道亀田郡七飯町字上藤城３１３番地１２３,2019-12-06,その他の設立登記法人
ＮＳＴ株式会社,東京都目黒区大岡山１丁目１２番１３号,2019-12-06,株式会社
Ｎｅｗ　Ｂｅｓｔ　Ｌｉｎｋ株式会社,東京都中央区東日本橋２丁目１６番４号,2019-12-06,株式会社
Ｏ－ＩｏＴサービス合同会社,山梨県甲府市大里町３２８番地７－なでしこⅡＢ１０６,2019-12-06,合同会社
Ｏ．Ｓミート株式会社,千葉県流山市駒木台４０７番地の５,2019-12-06,株式会社
ＯＫＡＧＥ合同会社,大阪府大阪市中央区南本町３丁目３番２５号アーバンライフ御堂筋本町タワー１３０３５号,2019-12-06,合同会社
ＯＭＯ株式会社,東京都品川区西五反田１丁目３０番６号,2019-12-06,株式会社
ＯＭＯＩＹＡＲＩ協同組合,滋賀県湖南市平松北３丁目５５番地,2019-12-06,その他の設立登記法人
ＯＮＥ　ＰＲＯＰＥＲＴＹ株式会社,岡山県倉敷市水島南幸町３番６８号２階,2019-12-06,株式会社
Ｐ＆Ｍコンサルティング株式会社,東京都品川区平塚１丁目７番１８－２０２号,2019-12-06,株式会社
Ｐｕｒｅｉｓｌａｎｄ合同会社,東京都武蔵野市吉祥寺南町２丁目２６番８号,2019-12-06,合同会社
ＱＵＩＴＯ合同会社,大阪府大阪市西区北堀江１丁目１５番１１号,2019-12-06,合同会社
Ｒ＆Ｓ株式会社,神奈川県横浜市港北区日吉本町４丁目１０番３２－５２８号,2019-12-06,株式会社
ＲＡＮＡ　ＡＤＥＥＬ　ＴＲＡＤＩＮＧ合同会社,福岡県北九州市若松区大字有毛３３５番地５,2019-12-06,合同会社
ＲＣクリエイション合同会社,神奈川県相模原市中央区相生１丁目６番１２号,2019-12-06,合同会社
Ｒｅｗｉｔ株式会社,大阪府大阪市西区北堀江１丁目２２番２５号プレジール北堀江１１階,2019-12-06,株式会社
Ｓ　Ａｇｅｎｃｙ株式会社,大阪府大阪市浪速区難波中１丁目１０番１０号ＡＵＳビル２０５－Ｂ－５３,2019-12-06,株式会社
ＳＢＩ　ＬｅｎｄｉｎｇＨｏｍｅ　Ａｓｉａ株式会社,東京都港区六本木１丁目６番１号,2019-12-06,株式会社
ＳＥＫＡＩＥ株式会社,埼玉県春日部市中央１丁目５４番地４タケヤビル３階,2019-12-06,株式会社
ＳＫＹ工業株式会社,愛知県丹羽郡大口町替地３丁目６６番地,2019-12-06,株式会社
ＳＵＰＥＲ　ＳＫＹ合同会社,京都府京都市中京区桜之町４０６－２８,2019-12-06,合同会社
ＳＵＺＡＫＩプロジェクト株式会社,北海道札幌市中央区北五条西６丁目１番２３号,2019-12-06,株式会社
Ｓａｋｏ　Ｐｌａｎｎｉｎｇ合同会社,広島県廿日市市阿品４丁目１番９号,2019-12-06,合同会社
Ｓｏｕｒｃｅ　Ｅｄｇｅ株式会社,東京都品川区南品川２丁目２番５号リードシー南品川ビル,2019-12-06,株式会社
Ｔ‐ｓｔｕｄｉｏ株式会社,栃木県栃木市万町１８番６号蔵の街ハイツ１０２,2019-12-06,株式会社
ＴＡＯ株式会社,大阪府大阪市西成区橘１丁目１１番２８号オフィスポート橘５０５号室,2019-12-06,株式会社
ＴＭＡ株式会社,東京都大田区大森北２丁目２０番１２号アイディ大森１７－９０１,2019-12-06,株式会社
ＴＭＦＧ合同会社,東京都荒川区西尾久４丁目５番７号,2019-12-06,合同会社
Ｔｈｅ　Ｏｒｉｇｉｎ株式会社,東京都港区元麻布１丁目３番１－２００６号,2019-12-06,株式会社
ＴｒａｎｓＡＴＴ合同会社,東京都豊島区池袋３丁目３番５－９０３号,2019-12-06,合同会社
ＷＪＵフードシステムズ株式会社,東京都新宿区西新宿７丁目１８番５号,2019-12-06,株式会社
Ｗｏｏｄ　Ｔｈｉｌｓｔｅｄ　Ｐａｒｔｎｅｒｓ　Ｌｉｍｉｔｅｄ,東京都港区虎ノ門４丁目３番１号城山トラストタワー９階　東京赤坂法律事務所内,2019-12-06,外国会社等
ＹＳＲ合同会社,埼玉県川口市榛松３丁目１８番５号,2019-12-06,合同会社
ｃｏｃｃｉ株式会社,東京都港区南青山５丁目３番１０号,2019-12-06,株式会社
ｃｏｎｎｅｃｔｉｅｒ株式会社,福岡県福岡市東区和白丘１丁目１０番３１号,2019-12-06,株式会社
ｆａｔｅ株式会社,東京都大田区東馬込１丁目２５－３ＰａｒｋＧａｒｄｅｎ馬込２０３号室,2019-12-06,株式会社
ｆｏｒＵＳＥＲＳ株式会社,千葉県千葉市美浜区中瀬１丁目３番地幕張テクノガーデンＣＢ棟３階ＭＢＰ,2019-12-06,株式会社
ｈａｌｆｏｏ合同会社,沖縄県沖縄市上地１丁目１２－７二階,2019-12-06,合同会社
ｍｏｄｅｒａｔｅ合同会社,東京都豊島区東池袋５丁目７番５号ＭＨＣ第三ビル３０２号,2019-12-06,合同会社
ｐｉｔｄｙｎｅ株式会社,神奈川県横浜市中区扇町１丁目１番２５号キンガビル,2019-12-06,株式会社
ｓａｆｅＱ株式会社,東京都中央区銀座１丁目１９番１２号銀座グラスゲート４Ｆ,2019-12-06,株式会社
ｔｈｅ　Ｔａｎｄｅｍ合同会社,東京都大田区山王４丁目２番２７号山王テラスロリエＢ－３,2019-12-06,合同会社
ｗａｎｎａ合同会社,鹿児島県鹿児島市上福元町６０４３,2019-12-06,合同会社
いちごカンパニー株式会社,神奈川県鎌倉市雪ノ下４丁目２番１５－１０１号,2019-12-09,株式会社
うおん座株式会社,神奈川県横浜市都筑区大丸１５番１－２０９号,2019-12-09,株式会社
のぞみ静岡株式会社,神奈川県横浜市中区山下町２３番地日土地山下町ビル９階,2019-12-09,株式会社
はしご株式会社,東京都台東区浅草２丁目７番１３号,2019-12-09,株式会社
わたなべ会計合同会社,静岡県駿東郡清水町徳倉６８６番地の１,2019-12-09,合同会社
アイ・ハピネス株式会社,東京都立川市柏町４丁目６１番地の４,2019-12-09,株式会社
アリビアール合同会社,長崎県五島市木場町７０番地１３,2019-12-09,合同会社
インザサークル株式会社,愛知県名古屋市昭和区五軒家町１４番地５,2019-12-09,株式会社
イントラードＤＭジャパン株式会社,東京都港区六本木１丁目４番５号アークヒルズサウスタワー３階,2019-12-09,株式会社
エアコロ株式会社,東京都中央区銀座６丁目１３番１６号銀座ＷａｌｌビルＵＣＦ５階,2019-12-09,株式会社
エルドラド株式会社,群馬県太田市藤阿久町５１０番地２,2019-12-09,株式会社
エール株式会社,埼玉県さいたま市北区大成町４丁目５７０番（３０５号室）,2019-12-09,株式会社
オフィスリキ合同会社,北海道上川郡新得町西一条南２丁目１１番地３,2019-12-09,合同会社
クリロフィリン合同会社,東京都新宿区原町２丁目５５番地,2019-12-09,合同会社
クレスト株式会社,大阪府堺市西区山田３丁７１５－４,2019-12-09,株式会社
グラスフード株式会社,群馬県伊勢崎市西久保町３丁目１０５６番地１―１０３,2019-12-09,株式会社
グランベリー株式会社,東京都町田市鶴間１丁目１番地１４,2019-12-09,株式会社
コアテック株式会社,富山県富山市丸の内２丁目２番８－３０２号,2019-12-09,株式会社
コスモスゴー株式会社,山形県東村山郡中山町大字長崎７１０番地１,2019-12-09,株式会社
コモホームハセガワ株式会社,新潟県十日町市高田町６丁目７５７番地１,2019-12-09,株式会社
ザグムトレーディング合同会社,茨城県結城郡八千代町大字若１５５２番地２,2019-12-09,合同会社
シンフォニー合同会社,兵庫県尼崎市東園田町１丁目２０３番地の１ウェリス東園田７０５,2019-12-09,合同会社
スカイ・タレント株式会社,東京都台東区北上野２丁目１０番１号りとるふぉ～れすとビル３Ｆ,2019-12-09,株式会社
スナイプバレー合同会社,神奈川県川崎市川崎区駅前本町１１番地２川崎フロンティアビル４階,2019-12-09,合同会社
スピリット開発合同会社,東京都港区赤坂６丁目１２番１７号,2019-12-09,合同会社
セガーワンワン合同会社,富山県富山市大泉町３丁目１番１１号,2019-12-09,合同会社
ソラリス・マネージメント株式会社,東京都千代田区一番町１４番地３－８０６号,2019-12-09,株式会社
タマオン合同会社,東京都世田谷区砧２丁目２１番１５－３０５号,2019-12-09,合同会社
テンプルヒルズ合同会社,東京都町田市成瀬６丁目１０－１５－７０４,2019-12-09,合同会社
デュートトランスミッションプライベートリミテッド,静岡県浜松市中区砂山町３５５番地の４,2019-12-09,外国会社等
ドア株式会社,千葉県船橋市習志野台８丁目２８番９号,2019-12-09,株式会社
ナチュラルビューティーテイメント株式会社,愛知県弥富市平島町西勘助４５番地の６,2019-12-09,株式会社
ヒカリ株式会社,山梨県甲府市酒折１丁目１６番１５号フラッツＥ２０３,2019-12-09,株式会社
ビューティライフ合同会社,愛知県西春日井郡豊山町大字豊場字青塚屋敷５３番地７,2019-12-09,合同会社
ビンテージリアルエステート株式会社,千葉県千葉市稲毛区稲毛１丁目８番２６－１０１号,2019-12-09,株式会社
ホウエイ株式会社,愛知県愛西市鰯江町郷東１１３番地１,2019-12-09,株式会社
マリアラパーシュ合同会社,東京都千代田区神田小川町３丁目２番地５サツキ会館１階,2019-12-09,合同会社
メゾン２４株式会社,大阪府大阪市北区中崎町二丁目１番１号,2019-12-09,株式会社
モアピュール株式会社,大阪府大阪市北区天満２丁目１番１０号,2019-12-09,株式会社
モンステラ株式会社,大阪府吹田市千里丘北１－２８－２１６,2019-12-09,株式会社
ユナイテッドトレーディング株式会社,山口県下関市武久町１丁目１８番２３号,2019-12-09,株式会社
リゾリブ合同会社,神奈川県横浜市旭区川島町２９７６番地４９,2019-12-09,合同会社
リバティプロ株式会社,東京都渋谷区富ヶ谷１丁目５３番４号,2019-12-09,株式会社
リベレーションズ合同会社,大阪府高槻市如是町４５番６号,2019-12-09,合同会社
リー・コネクト・ジャパン合同会社,東京都渋谷区神南１丁目１２番１４号渋谷宮田ビル,2019-12-09,合同会社
ヴィノベートジャパン株式会社,福井県福井市大願寺３丁目７番１３号,2019-12-09,株式会社
一般社団法人あいおすの里,石川県加賀市山中温泉今立町イ１８１番地１,2019-12-09,その他の設立登記法人
一般社団法人ここち,東京都三鷹市下連雀７丁目９番８－１０４号,2019-12-09,その他の設立登記法人
一般社団法人はな車,高知県高知市神田６９３番地１,2019-12-09,その他の設立登記法人
一般社団法人みんなの子育て大作戦,兵庫県神戸市須磨区大田町７丁目３番１７号,2019-12-09,その他の設立登記法人
一般社団法人アイントラハト,東京都立川市柏町４丁目５７番地の８,2019-12-09,その他の設立登記法人
一般社団法人アロマ＆ハーブ協会,愛知県一宮市大和町妙興寺字山王浦３４番地７,2019-12-09,その他の設立登記法人
一般社団法人エクセルスタッフ,佐賀県佐賀市八戸溝３丁目９番３号,2019-12-09,その他の設立登記法人
一般社団法人ライフパートナー,大阪府泉大津市池園町１番５号,2019-12-09,その他の設立登記法人
一般社団法人三重県里親会,三重県津市香良洲町３１３番地,2019-12-09,その他の設立登記法人
一般社団法人劇団四季共済会,神奈川県横浜市青葉区あざみ野１丁目２４番地７,2019-12-09,その他の設立登記法人
一般社団法人幸健会,東京都中央区日本橋馬喰町１丁目６番１号ＪＵＳＫＹＴＯＷＥＲ日本橋５階,2019-12-09,その他の設立登記法人
一般社団法人彩雲光臨,兵庫県神戸市中央区大日通５丁目１番１３号,2019-12-09,その他の設立登記法人
一般社団法人日本の祭礼博物館設立準備室,埼玉県秩父市番場町９番４号,2019-12-09,その他の設立登記法人
一般社団法人日本アニマルトリマー協会,兵庫県姫路市東雲町４丁目６－３,2019-12-09,その他の設立登記法人
一般社団法人日本クィディッチ協会,東京都世田谷区代沢５丁目２０番２号アパルトメント代沢３０２,2019-12-09,その他の設立登記法人
一般社団法人日本ハートウォーミング協会,東京都稲城市若葉台１丁目３５番地の１,2019-12-09,その他の設立登記法人
一般社団法人日本衛生管理者ネットワーク,神奈川県相模原市南区相模台４丁目６番１１号,2019-12-09,その他の設立登記法人
一般社団法人東京都不動産相続センター,東京都中央区銀座１丁目１８番６号井門銀座一丁目ビル３階,2019-12-09,その他の設立登記法人
一般社団法人波佐見町観光協会,長崎県東彼杵郡波佐見町井石郷２２５５番地２,2019-12-09,その他の設立登記法人
一般社団法人生涯発達リサーチ・サポートセンター,千葉県柏市明原３丁目１７番３号,2019-12-09,その他の設立登記法人
一般社団法人福岡労務監査推進協議会,福岡県福岡市中央区赤坂１丁目１２番１５号,2019-12-09,その他の設立登記法人
一般社団法人答志島スポーツ・文化クラブ,三重県鳥羽市答志町４２６番地２,2019-12-09,その他の設立登記法人
一般社団法人軽羽迦,大阪府羽曳野市軽里３丁目７番１８号,2019-12-09,その他の設立登記法人
一般社団法人ＢＲＡＮＣＯ,愛知県名古屋市熱田区金山町１丁目１５番１０号（ＭＩＣビル７０１号）,2019-12-09,その他の設立登記法人
一般社団法人ＮＡＳ　Ｈｉｒｏｓｈｉｍａ－Ｎａｔｉｏｎａｌ　Ａｓｓｏｃｉａｔｉｏｎ　ｏｆ　Ｓｅａｄｏｇｓ，Ｊａｐａｎ,千葉県松戸市松戸新田１５番地の２ゼファー松戸ブランエッセ２１１号,2019-12-09,その他の設立登記法人
一般社団法人ＯＬＣ,愛知県名古屋市中区大須４丁目１番７１号矢場町中駒ビル５Ｆ,2019-12-09,その他の設立登記法人
上達株式会社,東京都台東区台東２丁目２７番３号,2019-12-09,株式会社
中山商事合同会社,北海道札幌市豊平区平岸四条９丁目８番８号ロイヤルハイツ平岸１０７号,2019-12-09,合同会社
丸山建設株式会社,埼玉県さいたま市西区大字西遊馬１１１４番地４,2019-12-09,株式会社
仕組み経営株式会社,静岡県富士市今泉９丁目８番３号,2019-12-09,株式会社
伊達あぐり株式会社,福島県伊達市伏黒字上ケ戸８７番地２,2019-12-09,株式会社
光成堂株式会社,大阪府大阪市中央区東高麗橋１番１２号,2019-12-09,株式会社
医療法人プラスアルファ,群馬県高崎市末広町２３５番地８,2019-12-09,その他の設立登記法人
医療法人一光会,福岡県福岡市南区弥永１丁目２８番１１号,2019-12-09,その他の設立登記法人
医療法人仁藍会,神奈川県横浜市鶴見区潮田町３丁目１４５番地４,2019-12-09,その他の設立登記法人
医療法人健丈会,兵庫県西宮市瓦林町２０番１４号,2019-12-09,その他の設立登記法人
医療法人寛優会,群馬県前橋市天川大島町１４５４番地１,2019-12-09,その他の設立登記法人
医療法人社団翔仁会,神奈川県横浜市瀬谷区中央６番地１５イトーヨーカドー食品館瀬谷店３階,2019-12-09,その他の設立登記法人
医療法人社団英幸会,神奈川県川崎市多摩区生田７丁目９番３号タスコハウス１０１,2019-12-09,その他の設立登記法人
医療法人社団ＣＭＳ,神奈川県横浜市都筑区牛久保１丁目２番９号メディコーポ都筑２０２号,2019-12-09,その他の設立登記法人
医療法人美麗会,兵庫県尼崎市潮江１丁目３番４３号緑遊新都心ビル２階,2019-12-09,その他の設立登記法人
医療法人酒井循環器内科消化器内科,福岡県福岡市城南区別府４丁目４番４号サン別府ビル２階,2019-12-09,その他の設立登記法人
十勝ミルクカンパニー株式会社,北海道中川郡幕別町字日新７番地４,2019-12-09,株式会社
十文字ヴィレッジ株式会社,群馬県高崎市十文字町４１６番地１,2019-12-09,株式会社
合同会社えむず企画,北海道札幌市東区北三十六条東１８丁目１番１７－１０３号,2019-12-09,合同会社
合同会社ぐうたら企画,東京都港区六本木７丁目１－１４パークホームズ六本木乃木坂アーバンレジデンス４１２,2019-12-09,合同会社
合同会社さえ季,石川県加賀市小菅波町１丁目１４７番地１,2019-12-09,合同会社
合同会社とんとん,神奈川県南足柄市塚原７１９番地,2019-12-09,合同会社
合同会社ばんざい亭,大阪府大阪市北区曾根崎新地１丁目５番１３号,2019-12-09,合同会社
合同会社やさしさとおもいやり,千葉県船橋市浜町２丁目３番３６－１９０９号,2019-12-09,合同会社
合同会社アイ・ロジスティクス,神奈川県鎌倉市笹目町１１番３号,2019-12-09,合同会社
合同会社アカツキカンパニー,千葉県浦安市猫実３丁目４番１７号,2019-12-09,合同会社
合同会社アクア,東京都杉並区荻窪２丁目３０番９号,2019-12-09,合同会社
合同会社アルカディア,北海道札幌市西区福井５丁目１８番２号,2019-12-09,合同会社
合同会社イスキア,東京都立川市錦町１丁目４番４号サニービル２Ｆ,2019-12-09,合同会社
合同会社ウェルファースト,埼玉県草加市青柳６丁目５９番３－５０７号,2019-12-09,合同会社
合同会社エクスペリセンス,千葉県柏市旭町３丁目３番１１号,2019-12-09,合同会社
合同会社オオゼキ商店,東京都墨田区錦糸１丁目２番１号アルカセントラル１４階,2019-12-09,合同会社
合同会社オフィスＹ,福岡県筑紫野市大字俗明院１５８番地（６２２号）,2019-12-09,合同会社
合同会社オリーブ,千葉県千葉市花見川区天戸町１３８６番地１,2019-12-09,合同会社
合同会社カタカナ,東京都港区浜松町２丁目２番１５号浜松町ダイヤビル２Ｆ,2019-12-09,合同会社
合同会社ガゼールアート,長野県長野市大字小柴見５８番地２７,2019-12-09,合同会社
合同会社キジムナー,東京都中野区中野１丁目３９番５号ゆうでん２１－３０２,2019-12-09,合同会社
合同会社クオリア,東京都中央区入船３丁目７番７号,2019-12-09,合同会社
合同会社グリーンケア,千葉県八千代市大和田新田９１６番地１０,2019-12-09,合同会社
合同会社サンシャインウォーク,静岡県沼津市大岡７３３番地の３３,2019-12-09,合同会社
合同会社シンプル,東京都立川市錦町１丁目１番２０号,2019-12-09,合同会社
合同会社スパークル,神奈川県横浜市港北区小机町１２２３番地３ファミールガーデン横浜小机参番館２０６号室,2019-12-09,合同会社
合同会社セイワ,兵庫県神戸市灘区神前町１丁目２番２５号,2019-12-09,合同会社
合同会社セルベスト,愛知県名古屋市西区宝地町４番地ＰＲＯＮＵＢＥＨＯＵＣＨＩ１０２号,2019-12-09,合同会社
合同会社ソフトフィールド,東京都国立市西２丁目８番地の７,2019-12-09,合同会社
合同会社ティーエヌケー,神奈川県川崎市幸区南幸町２丁目２８番地２リシャ－ル川崎ＴＨＥＷＥＳＴ４０３,2019-12-09,合同会社
合同会社テラ,愛知県名古屋市守山区喜多山南１１番８号隅除マンション３０７号室,2019-12-09,合同会社
合同会社ノーサイド,兵庫県西宮市二見町９番２号,2019-12-09,合同会社
合同会社パーツアップ,東京都板橋区常盤台１丁目６３番２号ベルメゾン５０１,2019-12-09,合同会社
合同会社ファースト・ワン,大阪府大阪市生野区田島４丁目６番３号,2019-12-09,合同会社
合同会社フレンドワン,三重県津市桜橋２丁目１１４番地１,2019-12-09,合同会社
合同会社ポイエーシス,東京都港区北青山２丁目７番２０号猪瀬ビル２Ｆ,2019-12-09,合同会社
合同会社ルアナ,群馬県館林市緑町２丁目７番２２号,2019-12-09,合同会社
合同会社ロメロ・ブリット・ジャパン,東京都渋谷区代官山町１７番１号代官山アドレスタワー３３０７,2019-12-09,合同会社
合同会社ワイエスビー,東京都杉並区高円寺南２丁目１番３号,2019-12-09,合同会社
合同会社ワイズ,東京都国立市中１丁目１８番地８,2019-12-09,合同会社
合同会社ワークスタジオ瑠花,神奈川県鎌倉市由比ガ浜１丁目１番１０号,2019-12-09,合同会社
合同会社内川建装,千葉県市川市曽谷５丁目４番２号グリーンハウス１０２号室,2019-12-09,合同会社
合同会社友志工業,新潟県長岡市宝５丁目３番地２０,2019-12-09,合同会社
合同会社山手ホールディングス,東京都港区六本木６丁目１０番１号六本木ヒルズ森タワー,2019-12-09,合同会社
合同会社明朗,千葉県船橋市前原西４丁目３４－２０ヒルトップ津田沼２０２号,2019-12-09,合同会社
合同会社笑福商店,神奈川県横須賀市長瀬１丁目２番１２号,2019-12-09,合同会社
合同会社総和,三重県鈴鹿市岡田１丁目２８番２３号,2019-12-09,合同会社
合同会社角建,千葉県市川市中国分２丁目１番３号,2019-12-09,合同会社
合同会社長津田,東京都港区六本木６丁目１０番１号六本木ヒルズ森タワー,2019-12-09,合同会社
合同会社ＡＤＨＯＣ,東京都品川区大井６丁目１９番９号,2019-12-09,合同会社
合同会社Ａｌｍｏｎｄ,東京都渋谷区桜丘町１３番４号,2019-12-09,合同会社
合同会社Ｂ．Ｒ．Ａ．Ｔ．Ｓ,東京都府中市寿町１丁目４番地の４ル・リオン府中駅前４０３,2019-12-09,合同会社
合同会社ＢＥＮＴＯ,群馬県沼田市材木町４３番地６７,2019-12-09,合同会社
合同会社ＢＬＵＥ　ＢＩＲＤＳ,東京都杉並区宮前４丁目１８番５号,2019-12-09,合同会社
合同会社ＣＡＳＡ　Ｋ,東京都板橋区志村１丁目３０番１９－５０６号,2019-12-09,合同会社
合同会社Ｃｉｎｅｒｇｉａ,大阪府大阪市住之江区南港北２丁目１番１０号ＡＴＣビルＩＴＭ棟１０Ｆ,2019-12-09,合同会社
合同会社Ｃｏｕｐｌｅ,東京都豊島区池袋本町１丁目４０番１０号１Ｆ,2019-12-09,合同会社
合同会社Ｄ’ｓ　ＬＩＦＥ,東京都渋谷区本町２丁目５番１号,2019-12-09,合同会社
合同会社Ｄｒ．ＹＡＭＡＳＩＴＡ,大阪府大阪市淀川区西中島７丁目５－２５－１Ｆ,2019-12-09,合同会社
合同会社ＦＵＮＭＯＲＥ,奈良県吉野郡大淀町大字北野１２７番地の２,2019-12-09,合同会社
合同会社ＨＡＰＰＹ　ＴＲＡＩＮ,東京都新宿区歌舞伎町１丁目３番１５号ザ・カテリーナビル６階,2019-12-09,合同会社
合同会社Ｈｏｋｋａｉｄｏ,東京都豊島区池袋本町１丁目４０番１０号１Ｆ,2019-12-09,合同会社
合同会社ＩＳＨＩＫＵＲＡ,大阪府豊能郡能勢町長谷４０５番地の１,2019-12-09,合同会社
合同会社Ｉｍｍｅｄｉａｔｅ　Ｕ,神奈川県相模原市中央区上溝９００番地２２,2019-12-09,合同会社
合同会社ＪＵＮプラニング,北海道三笠市いちきしり９５４番地３５,2019-12-09,合同会社
合同会社ＫＣＳ,埼玉県児玉郡神川町大字植竹５５５番地４,2019-12-09,合同会社
合同会社ＫＯＢＥ,兵庫県神戸市中央区磯上通６丁目１番１７号ウェンブレービル７階,2019-12-09,合同会社
合同会社Ｋｒｉｍｇｅｎ,香川県高松市高松町１０８１番地３４,2019-12-09,合同会社
合同会社ＬＵＸ,東京都新宿区富久町２２番１３号,2019-12-09,合同会社
合同会社Ｌｅｅ,大阪府大阪市西淀川区大野１丁目３番２９号,2019-12-09,合同会社
合同会社Ｍ２Ｍ,東京都港区赤坂７丁目１１番１２－１４０２号,2019-12-09,合同会社
合同会社ＭＩＷＡ,山口県下関市一の宮町４丁目１１番７号,2019-12-09,合同会社
合同会社ＭＫ７,静岡県静岡市駿河区中原７９６番地の１－５００３号,2019-12-09,合同会社
合同会社ＭＵＲＡ．ＭＡＳＡ,長崎県長崎市宿町８８番地２,2019-12-09,合同会社
合同会社ＰＳＩ　Ｐｒｅｓｃｉｅｎｔ　Ｓｔａｒ　Ｉｎｖｅｓｔｍｅｎｔ,東京都中央区日本橋本石町４丁目５番３号二美ビル３０１,2019-12-09,合同会社
合同会社Ｐｅｎｅｔｒａｔｅ,兵庫県姫路市西八代町１０番２３号,2019-12-09,合同会社
合同会社ＲＩＱＴＡＧＥ,愛媛県松山市久万ノ台６１４番地２－Ｂ１,2019-12-09,合同会社
合同会社ＲＭＤ,愛知県安城市里町壱斗山２３番地７,2019-12-09,合同会社
合同会社Ｒｅａｌ　ＧＡＲＡＧＥ,群馬県高崎市貝沢町８２４番地,2019-12-09,合同会社
合同会社ＳＨＩＮＥ　ＭＯＲＥ,東京都新宿区新宿４丁目３番１５号,2019-12-09,合同会社
合同会社ＳＪＭ,神奈川県藤沢市渡内３丁目７番３６号,2019-12-09,合同会社
合同会社ＳＴＲＡＩＮＳ,三重県多気郡多気町丹生１７１８番地１,2019-12-09,合同会社
合同会社Ｓｏｌａｓｈｉ,東京都港区南青山２丁目２番１５号ウィン青山９４２,2019-12-09,合同会社
合同会社Ｔ＆ＲＹＵ,大阪府堺市南区深阪南１３７番地６,2019-12-09,合同会社
合同会社ＴＹカンパニー,愛知県大府市桃山町５丁目２００番地ザ・リレーション２０２－３,2019-12-09,合同会社
合同会社ＴＹＬ　Ｓｏｌａｒ,東京都千代田区四番町８番地３ザ・パークハウス四番町レジデンス９０３号,2019-12-09,合同会社
合同会社Ｔａｗａｍｕｒｅ．ＪＰ,兵庫県神戸市中央区中町通３丁目１－１６サンビル５０２,2019-12-09,合同会社
合同会社Ｔｓｕｒｕｘ,愛知県東海市中ノ池５丁目６番地７,2019-12-09,合同会社
合同会社Ｗｉｚａｒｄ,神奈川県横浜市保土ケ谷区岩井町３７番地３,2019-12-09,合同会社
合同会社ＹＮサービス,東京都板橋区上板橋２丁目２番１６号,2019-12-09,合同会社
合同会社ＺＡＷＡ,東京都世田谷区三宿１丁目１９番１７号,2019-12-09,合同会社
合同会社ｔｏ　ｍｏｒｅ,愛知県日進市赤池１丁目２３１７番地,2019-12-09,合同会社
同心株式会社,東京都中央区銀座７丁目１７番１８－４０５号,2019-12-09,株式会社
周和マシンテック株式会社,兵庫県神戸市東灘区御影３丁目２番１１－４３号,2019-12-09,株式会社
哲商事株式会社,岩手県奥州市水沢佐倉河字杉ノ堂９９番地２,2019-12-09,株式会社
大和証券ロジスティクス・プライベート投資法人,東京都中央区銀座６丁目２番１号,2019-12-09,その他の設立登記法人
大成フーズ株式会社,東京都武蔵村山市残堀１丁目１番地の２,2019-12-09,株式会社
宏程株式会社,大阪府大阪市生野区巽北１丁目１－１,2019-12-09,株式会社
小牧ケ丘開拓農業協同組合,愛知県小牧市大字大草５８３０番地,2019-12-09,その他の設立登記法人
山室株式会社,愛知県あま市木田加瀬７０番地,2019-12-09,株式会社
愛すまっぷ合同会社,千葉県八街市大関２６４番地１４９,2019-12-09,合同会社
擇木商事株式会社,神奈川県横浜市西区みなとみらい３丁目６番１号みなとみらいセンタービル１９階,2019-12-09,株式会社
日本防災システム合同会社,北海道札幌市中央区北四条西２６丁目５番２６－７０１号,2019-12-09,合同会社
日照株式会社,栃木県矢板市長井１０４７,2019-12-09,株式会社
日祥株式会社,大阪府大阪市西区新町１丁目１４番２１－３２０４号,2019-12-09,株式会社
旭宝商事有限会社,北海道旭川市神楽五条１３丁目１番３号,2019-12-09,有限会社
有限会社アド・ロード,沖縄県浦添市字前田１３６５番地の２,2019-12-09,有限会社
有限会社北野商事,沖縄県浦添市仲間１丁目５番１０号,2019-12-09,有限会社
村上地域まちづくり協議会,新潟県村上市三之町１－１,2019-12-09,その他
東京ガスリブソリューションズ株式会社,東京都港区浜松町２丁目３番１号,2019-12-09,株式会社
東和ＡＧワークス株式会社,東京都千代田区東神田１丁目７番８号,2019-12-09,株式会社
東宝産業株式会社,大阪府大阪市中央区日本橋１丁目９番１３号,2019-12-09,株式会社
東拓管財合同会社,東京都西東京市柳沢３丁目５番９号,2019-12-09,合同会社
柳川グローバル人材サポート協同組合,福岡県柳川市大和町塩塚１３１９番１号,2019-12-09,その他の設立登記法人
株式会社きのした,京都府城陽市富野南清水５９－１グランビル３Ｆ,2019-12-09,株式会社
株式会社さつき電設,埼玉県所沢市東所沢１丁目２０番地５デンバウきのした１０８,2019-12-09,株式会社
株式会社すてきな保険,宮崎県日向市江良町３丁目１０番地２,2019-12-09,株式会社
株式会社だるまや京染本店,神奈川県平塚市明石町５番７号,2019-12-09,株式会社
株式会社なかの,東京都西東京市西原町２丁目５番４３号,2019-12-09,株式会社
株式会社ぶんぶんコンタクト,福井県福井市高木中央２丁目２５１５番地,2019-12-09,株式会社
株式会社やまざき瓦店,埼玉県さいたま市浦和区上木崎４丁目６番２号,2019-12-09,株式会社
株式会社アウトソーシングＣＦＯ,東京都品川区上大崎２丁目３番２１号,2019-12-09,株式会社
株式会社アキヤ,大阪府大阪市東淀川区東中島４丁目１番１１号シャンボール第３新大阪６０２号室,2019-12-09,株式会社
株式会社アクアネクスト,神奈川県横浜市都筑区茅ケ崎南４丁目１４番１－５１３号,2019-12-09,株式会社
株式会社アクスウェル,東京都文京区千駄木３丁目３４番９号,2019-12-09,株式会社
株式会社アシストライズコーポレーション,群馬県太田市大原町８２番地１５０,2019-12-09,株式会社
株式会社アジアブリッジパートナーズ,千葉県千葉市美浜区中瀬１丁目３幕張テクノガーデンＣＢ棟３階ＭＢＰ,2019-12-09,株式会社
株式会社アハバ・トチェレート,東京都世田谷区下馬１丁目１番７－２０１号,2019-12-09,株式会社
株式会社アライ企画,埼玉県さいたま市見沼区大字東門前３８８番地３,2019-12-09,株式会社
株式会社アルファホールディングス,北海道札幌市白石区北郷六条３丁目９番１２号,2019-12-09,株式会社
株式会社アンセム,福岡県福岡市中央区天神２丁目４番１９号第８ラインビル６Ｆ,2019-12-09,株式会社
株式会社アンドリューズ事務所,東京都世田谷区桜３丁目１６番２号,2019-12-09,株式会社
株式会社アールティ・コラボ,神奈川県大和市桜森２丁目３番８－２０１号,2019-12-09,株式会社
株式会社イキシア,東京都千代田区外神田２丁目１２番３号,2019-12-09,株式会社
株式会社ウィルスタッフサポート,愛知県瀬戸市西原町２丁目１番地１せと丸ビル３階Ｂ号室,2019-12-09,株式会社
株式会社エイトプラン,広島県広島市南区段原２丁目１０番１３－５０１号,2019-12-09,株式会社
株式会社エイホワイト,埼玉県深谷市上野台２３５２番地ダイアパレスＢＷ深谷１１１７号,2019-12-09,株式会社
株式会社エコールソンジュ,東京都台東区寿３丁目１０番５号,2019-12-09,株式会社
株式会社エドテク,東京都千代田区外神田３丁目１番８号松岡ビル４Ｆ,2019-12-09,株式会社
株式会社エーシープロパティ,東京都千代田区神田佐久間町２丁目４番地,2019-12-09,株式会社
株式会社エーワイプラス,東京都町田市南町田１丁目７番１９号,2019-12-09,株式会社
株式会社オクタゴン,神奈川県横須賀市武３丁目５番１６号,2019-12-09,株式会社
株式会社オルビィ,大阪府大阪市淀川区西中島７丁目５番２５号,2019-12-09,株式会社
株式会社カサトレジャパン,東京都千代田区内神田３丁目２番４号テイトビル４Ｆ,2019-12-09,株式会社
株式会社カマクラン,神奈川県鎌倉市由比ガ浜１丁目９番１２号,2019-12-09,株式会社
株式会社ガード,福島県本宮市青田字舘１７番地,2019-12-09,株式会社
株式会社キシヤ電機,山形県酒田市泉町１番２２号,2019-12-09,株式会社
株式会社クスノキガーデン,福岡県福岡市博多区住吉２丁目１６番４３号,2019-12-09,株式会社
株式会社グラスフィールズ,福岡県糸島市志摩師吉１４１番地４７,2019-12-09,株式会社
株式会社グリーンオートソエタ,福島県郡山市本町２丁目８－１５６,2019-12-09,株式会社
株式会社グリーンブリッジス,東京都中央区八丁堀１丁目４番５号幸和ビル４階,2019-12-09,株式会社
株式会社グールマン,福岡県久留米市新合川２丁目６番２７号ゆめパークビル１階西号室,2019-12-09,株式会社
株式会社ケイ・アイ・シー,東京都小平市小川町１丁目４０４番地の７６,2019-12-09,株式会社
株式会社ケー・エヌ・エー,北海道札幌市中央区大通西５丁目昭和ビル３階,2019-12-09,株式会社
株式会社ゲオストア,愛知県名古屋市中区富士見町８番８号,2019-12-09,株式会社
株式会社コスモ,北海道札幌市中央区南二条東２丁目１番地１エクセレントハウス東６０２号,2019-12-09,株式会社
株式会社コンコース,東京都港区赤坂９丁目７番１号,2019-12-09,株式会社
株式会社コンシェナンス,東京都町田市森野１丁目３４番１０号,2019-12-09,株式会社
株式会社サンライトメンテナンス工房,大阪府藤井寺市西古室１丁目１番１７号,2019-12-09,株式会社
株式会社ザ・シラ,千葉県市川市須和田２丁目１８番２０号,2019-12-09,株式会社
株式会社シンソウ,大分県玖珠郡玖珠町大字山田２７５０番地,2019-12-09,株式会社
株式会社ジパングフードリレーションズ,大阪府大阪市北区中崎西３丁目３番４号３４ビル１Ｆ,2019-12-09,株式会社
株式会社ジユクス,東京都港区麻布十番２丁目１８番８号グランルーブル麻布十番７１７,2019-12-09,株式会社
株式会社ジー・キューブ・バイオテック,兵庫県神戸市中央区港島南町５丁目５－２神戸国際ビジネスセンター北６１０,2019-12-09,株式会社
株式会社スターオブザウインド,山形県天童市駅西１丁目１１番１号,2019-12-09,株式会社
株式会社ストーン,東京都北区滝野川３丁目３４番８号,2019-12-09,株式会社
株式会社スピンドルツリー,神奈川県川崎市宮前区馬絹２丁目５番２号イレーヌ第２マンション２０１号,2019-12-09,株式会社
株式会社スマビルダー,愛知県春日井市稲口町４丁目１９番地９,2019-12-09,株式会社
株式会社スミレナ,東京都港区浜松町２丁目３番１号,2019-12-09,株式会社
株式会社スリーエフ,大阪府守口市寺内町１丁目１０番１１－２０２号,2019-12-09,株式会社
株式会社スロウアンドエス,神奈川県藤沢市辻堂新町２丁目１７番２２－１０１号,2019-12-09,株式会社
株式会社スーパー・コンテンツ,東京都港区赤坂２丁目２１番５号ＡＢＣ－Ｄ－３３号,2019-12-09,株式会社
株式会社セカンドストリート,愛知県名古屋市中区富士見町８番８号,2019-12-09,株式会社
株式会社ソシリア,千葉県木更津市羽鳥野７丁目１２番地１０,2019-12-09,株式会社
株式会社ソラリウム,大阪府八尾市山本町南３丁目５番１２号,2019-12-09,株式会社
株式会社ソラリス,北海道札幌市北区北二十一条西６丁目２番１１－３０２号,2019-12-09,株式会社
株式会社ソリューションブレイン,大阪府吹田市豊津町１番３０号江坂ビル,2019-12-09,株式会社
株式会社タジマ運送,埼玉県さいたま市浦和区前地２丁目１４番７－１０１号,2019-12-09,株式会社
株式会社チェックマン,埼玉県越谷市千間台西４丁目１４番地２０,2019-12-09,株式会社
株式会社ティーバイスリー,東京都町田市中町１丁目３番１－５０１号,2019-12-09,株式会社
株式会社ティー・アール・ワイコーポレーション,大阪府大阪市北区大深町１番１号ＷｅＷｏｒｋＬＩＮＫＳＵＭＥＤＡ８Ｆ,2019-12-09,株式会社
株式会社テックコマースノグチ,大阪府大阪市北区末広町３番２１号,2019-12-09,株式会社
株式会社トラベラーズダイニング,大阪府大阪市西成区太子１丁目３－２４,2019-12-09,株式会社
株式会社トランスフーズ,東京都中央区日本橋室町４丁目６番５号,2019-12-09,株式会社
株式会社トータルペイント,北海道札幌市北区篠路町上篠路３４３番地２２２,2019-12-09,株式会社
株式会社トーンライター,神奈川県秦野市曲松１丁目４番１３号,2019-12-09,株式会社
株式会社ニカデン,東京都西東京市住吉町４丁目５番４号,2019-12-09,株式会社
株式会社ニシムラ,東京都港区六本木４丁目８番７号,2019-12-09,株式会社
株式会社ニューロード,東京都足立区足立４丁目１７番２０－４０９号,2019-12-09,株式会社
株式会社ネオジャパン,北海道札幌市白石区東米里２１９７番地１１８,2019-12-09,株式会社
株式会社ネオメディカルサポート,東京都千代田区有楽町１丁目６番３号,2019-12-09,株式会社
株式会社ネクスト５０,東京都中央区銀座７丁目１７番２号,2019-12-09,株式会社
株式会社ノバケア,東京都中央区日本橋人形町３丁目２番４号駒村ビル３Ｆ,2019-12-09,株式会社
株式会社ハイタッチ,東京都千代田区平河町１丁目４番３号平川伏見ビル３階,2019-12-09,株式会社
株式会社ハルハル不動産販売,北海道札幌市中央区南十四条西７丁目３番２号,2019-12-09,株式会社
株式会社パラッツォ志村,東京都新宿区西新宿６丁目８番１号,2019-12-09,株式会社
株式会社ヒナタオエナジー,東京都港区浜松町２丁目３番１号,2019-12-09,株式会社
株式会社ヒロノクラフト,兵庫県姫路市西今宿１丁目６番１４号,2019-12-09,株式会社
株式会社ビルスター,東京都豊島区池袋２丁目３６番１号,2019-12-09,株式会社
株式会社ピアノ・ラボ,東京都港区虎ノ門１丁目１番３号磯村ビル１Ｆ,2019-12-09,株式会社
株式会社ファーストライフ札幌,北海道札幌市中央区南一条西６丁目１番地４第２７桂和ビル２Ｆ,2019-12-09,株式会社
株式会社フィルジャップマネージメント,東京都板橋区高島平１丁目４７番１１－３０１号,2019-12-09,株式会社
株式会社フィルターサービス北海道,北海道室蘭市高砂町４丁目１１番２０号,2019-12-09,株式会社
株式会社フクイ装建,福井県福井市宝永１丁目２０番７号,2019-12-09,株式会社
株式会社フュージョンオーバーコモンセンス,東京都中央区日本橋３丁目２番１４号新槇町ビル別館第一２階,2019-12-09,株式会社
株式会社フラミンゴインフォ,熊本県熊本市中央区中央街８番１号,2019-12-09,株式会社
株式会社フロンティア,千葉県鎌ケ谷市南鎌ケ谷１丁目５番２５号,2019-12-09,株式会社
株式会社プラチナ企画,大阪府吹田市垂水町３丁目４番２５－１１０３号,2019-12-09,株式会社
株式会社プロヴェール,東京都目黒区鷹番２丁目１７番１７号,2019-12-09,株式会社
株式会社ベットビジュアル,東京都台東区上野３丁目１９番４号フロンティアサカイビル６Ｆ,2019-12-09,株式会社
株式会社ミウキカ,北海道札幌市西区発寒三条３丁目１番２０号,2019-12-09,株式会社
株式会社ヨシメイト,熊本県熊本市北区和泉町６５４番地１－３,2019-12-09,株式会社
株式会社ライジング,群馬県高崎市吉井町長根６０３番地６,2019-12-09,株式会社
株式会社ラ・ヴィエード大阪,大阪府大阪市北区堂山町１番２号Ｒ＆Ｅビル２Ｆ,2019-12-09,株式会社
株式会社リアルスカイ,千葉県船橋市海神町東１丁目１００４番地サンハイツ船橋海神２０３号,2019-12-09,株式会社
株式会社リョーマテクノロジーズ,愛知県名古屋市天白区野並２丁目９０,2019-12-09,株式会社
株式会社リンク,香川県高松市春日町１７３９番地村井建設株式会社３階,2019-12-09,株式会社
株式会社リングコーポレーション,北海道札幌市中央区宮の森二条１５丁目２番５号,2019-12-09,株式会社
株式会社リージョン・イノベーション,石川県鳳珠郡穴水町字川島イの８４番地の２,2019-12-09,株式会社
株式会社ルディック,愛知県津島市百島町字中割３番地３,2019-12-09,株式会社
株式会社レイシック,大阪府寝屋川市成田東町３５番５号,2019-12-09,株式会社
株式会社ロボコック社,大阪府大阪市城東区鴫野東２丁目２７番１０号,2019-12-09,株式会社
株式会社ロワゾーブルー,東京都調布市緑ケ丘２丁目１５番地５,2019-12-09,株式会社
株式会社ワイズホーム,大阪府豊中市服部本町１丁目５番１号,2019-12-09,株式会社
株式会社ワクティブ,東京都千代田区大手町１丁目６番１号,2019-12-09,株式会社
株式会社ワンズウィル,千葉県市川市島尻１番４４－１３０２号（クレストシティタワーズ浦安）,2019-12-09,株式会社
株式会社ワークプランナー,東京都目黒区下目黒２丁目２０番２６－８０３号,2019-12-09,株式会社
株式会社一慶,東京都杉並区高井戸西３丁目７番５号,2019-12-09,株式会社
株式会社一真,埼玉県さいたま市見沼区大字大谷５９番地８,2019-12-09,株式会社
株式会社一軸,東京都渋谷区神宮前２丁目１３番５号渡辺ビル６Ｆ,2019-12-09,株式会社
株式会社万国,東京都豊島区南大塚２丁目３７番１１号ハイムセクオイア３０２号,2019-12-09,株式会社
株式会社万木和広建築設計,愛知県知多郡東浦町大字緒川字下出口１０番地の６,2019-12-09,株式会社
株式会社三村工務店,東京都国分寺市戸倉３丁目６番地２８,2019-12-09,株式会社
株式会社下総,千葉県市原市青柳７３６番地２２,2019-12-09,株式会社
株式会社中一工業,東京都東村山市恩多町２丁目３０番地２恩多マンション１－２０３,2019-12-09,株式会社
株式会社中出工業,北海道苫小牧市汐見町２丁目４番３号,2019-12-09,株式会社
株式会社中島洋品店,大阪府守口市佐太中町２丁目７番２７－５０５号,2019-12-09,株式会社
株式会社中祥,大阪府大阪市港区田中１丁目９番３号,2019-12-09,株式会社
株式会社京都採用定着支援センター,京都府京都市下京区堀川通綾小路下る綾堀川町２９３番地１堀川通四条ビル９階,2019-12-09,株式会社
株式会社人仁,大阪府大阪市北区芝田１丁目３番１１号,2019-12-09,株式会社
株式会社会津野菜,福島県耶麻郡西会津町奥川大字豊島字下松２３９９番地,2019-12-09,株式会社
株式会社住まいエージェント,神奈川県茅ヶ崎市赤松町１３番２３号シエリア湘南辻堂４２５,2019-12-09,株式会社
株式会社佐光,埼玉県所沢市大字上安松１０７０番地の１８,2019-12-09,株式会社
株式会社佐雄堂,東京都港区浜松町２丁目２番１５号浜松町ダイヤビル２階,2019-12-09,株式会社
株式会社六甲冷熱,兵庫県姫路市白浜町甲２１０番地３,2019-12-09,株式会社
株式会社内田工業,島根県松江市下東川津町２４６番地４,2019-12-09,株式会社
株式会社創建,千葉県千葉市中央区東千葉２丁目２９番１５－１０４号,2019-12-09,株式会社
株式会社千,大阪府和泉市いぶき野３丁目６番１－５１９号,2019-12-09,株式会社
株式会社南樽貿易,北海道標津郡中標津町字俵橋十三線３１－９,2019-12-09,株式会社
株式会社友優,神奈川県愛甲郡愛川町春日台３丁目６番地の３３,2019-12-09,株式会社
株式会社友和,茨城県常総市豊田１９１９番地,2019-12-09,株式会社
株式会社名塚工業,神奈川県海老名市本郷２７４６番地２２,2019-12-09,株式会社
株式会社和商事,栃木県小山市大字立木７４４番地,2019-12-09,株式会社
株式会社喜祥電設,神奈川県川崎市川崎区小田４丁目１３番５号－１階,2019-12-09,株式会社
株式会社四宮,東京都立川市西砂町６丁目１１番地の３,2019-12-09,株式会社
株式会社多奈香,富山県高岡市江尻２１０番地,2019-12-09,株式会社
株式会社大健,福島県いわき市久之浜町久之浜字北町１２１番地の１,2019-12-09,株式会社
株式会社大塚商店,東京都文京区湯島２丁目２４番１０号,2019-12-09,株式会社
株式会社大森喫茶酒店,東京都杉並区上井草１丁目９番１７号パル高千穂３０３,2019-12-09,株式会社
株式会社天地,山形県山形市北町３丁目３番４４ー３０３号ＡＬＦＯＲＴ・Ⅳ,2019-12-09,株式会社
株式会社太地企画,愛知県西春日井郡豊山町大字豊場字八反１０７番地,2019-12-09,株式会社
株式会社太帝,東京都渋谷区幡ヶ谷２丁目２０番１２－７０１号,2019-12-09,株式会社
株式会社小林ブラザーズコーポレーション,東京都目黒区南３丁目８番１３号,2019-12-09,株式会社
株式会社小林機工,長野県安曇野市豊科４７０２番地１４,2019-12-09,株式会社
株式会社小池電気,東京都小平市小川東町５丁目１７番２６－３０５号,2019-12-09,株式会社
株式会社山昌通商,鹿児島県鹿児島市新屋敷町６番２５号,2019-12-09,株式会社
株式会社山田工業,茨城県行方市青沼８５７番地１７,2019-12-09,株式会社
株式会社己波製本,大阪府柏原市大字雁多尾畑４７０７番地,2019-12-09,株式会社
株式会社幸榮,秋田県湯沢市皆瀬字八王神８６番地,2019-12-09,株式会社
株式会社徳不動産情報,大阪府大阪市大正区三軒家西１丁目１６番４号,2019-12-09,株式会社
株式会社心の杜メディカルサービス,東京都渋谷区代々木１丁目５２番４号ベルデ南新宿３０５号室,2019-12-09,株式会社
株式会社心歩路,北海道帯広市東十三条南６丁目１番地２７,2019-12-09,株式会社
株式会社悠和,北海道石狩市花川南十条２丁目１２４番地,2019-12-09,株式会社
株式会社日本技術基準適合証明センター,東京都文京区本郷１丁目３４番３号後楽園ＳＡＪビル２Ｆ,2019-12-09,株式会社
株式会社星屋,大阪府大阪市北区天満２丁目１－１２天満橋ＳＥビル４階,2019-12-09,株式会社
株式会社星谷,大阪府大阪市北区天満２丁目１－１２天満橋ＳＥビル４階,2019-12-09,株式会社
株式会社朱雀ガレージ,京都府亀岡市本梅町東加舎ホソー２番地,2019-12-09,株式会社
株式会社東京ポダイアトリー,東京都港区新橋５丁目３４番７号,2019-12-09,株式会社
株式会社東海システムエンジニアリング,岐阜県大垣市昼飯町２０２８番地アメニティパークカワセＣ１０３号室,2019-12-09,株式会社
株式会社松本興業,長野県須坂市墨坂南３丁目２番２５号,2019-12-09,株式会社
株式会社桐商事,東京都葛飾区新宿６丁目２番１－１６１９号シティタワー金町タワー棟,2019-12-09,株式会社
株式会社森板金工業,岡山県岡山市南区新保１３０３番地,2019-12-09,株式会社
株式会社横井加工所,愛知県あま市新居屋善左屋敷７５番地,2019-12-09,株式会社
株式会社水沢,東京都豊島区池袋２丁目４８番９号,2019-12-09,株式会社
株式会社清水建設工業,埼玉県さいたま市見沼区大字膝子７８５番地１３,2019-12-09,株式会社
株式会社田中総建,千葉県千葉市稲毛区小深町２７３番地２８,2019-12-09,株式会社
株式会社田山工業,千葉県四街道市大日５３４番地２０,2019-12-09,株式会社
株式会社番匠,岡山県倉敷市三田９６２番地,2019-12-09,株式会社
株式会社真杜海,東京都小平市花小金井１丁目１８番９号,2019-12-09,株式会社
株式会社真部防水,千葉県松戸市栄町西２丁目９４１番地フレグランス北松戸Ａ－２０１号,2019-12-09,株式会社
株式会社神奈川電気,神奈川県横浜市金沢区六浦３丁目２０番１－４０２号,2019-12-09,株式会社
株式会社第一持株会,東京都中央区八丁堀２丁目１０番９号,2019-12-09,株式会社
株式会社第一軽金,埼玉県川口市大字東本郷６６３番地,2019-12-09,株式会社
株式会社第三持株会,東京都中央区八丁堀２丁目１０番９号,2019-12-09,株式会社
株式会社第二持株会,東京都中央区八丁堀２丁目１０番９号,2019-12-09,株式会社
株式会社第四持株会,東京都中央区八丁堀２丁目１０番９号,2019-12-09,株式会社
株式会社篠原塾,東京都港区六本木４丁目３番１１号六本木ユニハウス２２３号,2019-12-09,株式会社
株式会社縁,愛知県名古屋市中区錦３丁目１７番２８号,2019-12-09,株式会社
株式会社菜子ＤＲＥＳＳ,兵庫県芦屋市業平町５番２０号,2019-12-09,株式会社
株式会社葱一,大分県国東市武蔵町池ノ内３７８番地,2019-12-09,株式会社
株式会社表農園,北海道江別市豊幌２４１番地の３,2019-12-09,株式会社
株式会社高橋板金工業,群馬県みどり市笠懸町鹿４５５５番地１０,2019-12-09,株式会社
株式会社魚忠,東京都八王子市明神町３丁目２７番１号京王八王子ショッピングセンター内,2019-12-09,株式会社
株式会社鴻和,神奈川県横浜市中区山下町２１６番地１龍峰ビル５０１号室,2019-12-09,株式会社
株式会社鷹松,神奈川県大和市中央林間西６丁目９番５号中央林間レジデンスハウスウエスト１０５号,2019-12-09,株式会社
株式会社黒田建設,福岡県小郡市大板井８３３番地２,2019-12-09,株式会社
株式会社２Ｔｒｅｅｓ,兵庫県神戸市兵庫区菊水町６丁目１番２０－６０７号,2019-12-09,株式会社
株式会社３１２,千葉県市川市新田１丁目１６番２８号（岡田ビル４Ｆ）,2019-12-09,株式会社
株式会社ＡＨＰ,愛知県大府市江端町３丁目１４３番地,2019-12-09,株式会社
株式会社ＡＲＡＴＡ,大阪府大阪市中央区南船場１丁目６－１０プレサンス心斎橋レヨン２０１,2019-12-09,株式会社
株式会社ＡＺダクト,大阪府大阪市平野区長吉出戸４丁目５番９号,2019-12-09,株式会社
株式会社Ａｒｔｉｓ,福島県会津若松市建福寺前１番２５号,2019-12-09,株式会社
株式会社Ａｔｔｒａｃｔ,東京都豊島区南池袋１丁目１３番１５号,2019-12-09,株式会社
株式会社Ａｖａｌｏｎ,神奈川県相模原市緑区橋本３丁目１１番７号ロアーブル・ジョイ橋本１Ｆ,2019-12-09,株式会社
株式会社Ａｖｅｎｃｉａ,東京都墨田区江東橋３丁目５番２号サーストンビル地下１階,2019-12-09,株式会社
株式会社Ａｘｉｓ,大阪府大阪市淀川区塚本２丁目８－１４－４０１,2019-12-09,株式会社
株式会社Ｂ’Ｓｑｕａｒｅ,東京都西東京市住吉町６丁目１１番１０号,2019-12-09,株式会社
株式会社ＢＡＶ＆Ｃｏｍｐａｎｙ,東京都千代田区丸の内１丁目８番３号丸の内トラストタワー本館２０階,2019-12-09,株式会社
株式会社ＢＥ　ＲＥＡＤＹ,神奈川県横須賀市若松町３丁目１８－１４第８６東京ビル３Ｆ,2019-12-09,株式会社
株式会社ＢＥＬＬ,千葉県千葉市中央区春日２丁目２５番３号千寿ビル２階,2019-12-09,株式会社
株式会社ＢＱ,東京都新宿区四谷４丁目３番地,2019-12-09,株式会社
株式会社ＢＲエキスプレス,東京都町田市小野路町６７番地１,2019-12-09,株式会社
株式会社Ｂａｌｌａｓｔ　Ｓｔｙｌｅ,東京都中央区日本橋１丁目２番１０号,2019-12-09,株式会社
株式会社Ｂｉｏ,茨城県神栖市深芝南１丁目４番地３Ｂ棟３,2019-12-09,株式会社
株式会社Ｂｌｕｅ　Ｂｏａｔ,東京都渋谷区恵比寿３丁目９番３号,2019-12-09,株式会社
株式会社Ｂｒｉｇｈｔ　Ｓｔａｇｅ,愛知県名古屋市名東区香坂１４１１番地,2019-12-09,株式会社
株式会社Ｃ－ロジテック,愛知県名古屋市中川区玉川町１丁目１番地,2019-12-09,株式会社
株式会社ＣＨＯＵＣＨＯＵ,福島県福島市三河北町６番１６号２階,2019-12-09,株式会社
株式会社Ｃｌｅｖｅｒ　Ｓｏｍｅ,愛知県名古屋市中区錦１丁目１０番１２号服部ビル１０Ｆ,2019-12-09,株式会社
株式会社Ｃｏｌｏｒ,東京都港区南青山５丁目１５番１号,2019-12-09,株式会社
株式会社Ｃｒａｆｔ　ａｎｄ　Ｈａｒｖｅｓｔ,北海道札幌市西区西野六条５丁目２番１号,2019-12-09,株式会社
株式会社Ｄｅｓｔｉｎｏ,東京都豊島区西池袋１丁目４１番２号マキビル２階,2019-12-09,株式会社
株式会社Ｅ－ＣＯＬＬＥＣＴ,熊本県熊本市中央区下通２丁目１０番１９号プレジデント下通７０２号室,2019-12-09,株式会社
株式会社Ｅ－Ｓｕｒｆ,東京都目黒区下目黒２丁目４番４－３０６号,2019-12-09,株式会社
株式会社ＥＬＥＮＡ,東京都港区南青山２丁目１１番１３号青山サクセスビル２Ｆ,2019-12-09,株式会社
株式会社ＥＬＫＹＯ,千葉県千葉市花見川区作新台２丁目２２番１４号,2019-12-09,株式会社
株式会社ＥＰ２,東京都豊島区南長崎１丁目１７番３－３０５号,2019-12-09,株式会社
株式会社Ｅｆｕｋｕ,大阪府大阪市天王寺区勝山３丁目６－１１－５０３,2019-12-09,株式会社
株式会社Ｆ・Ｌ・Ｉ・Ｔ,大阪府池田市井口堂２丁目３番１２号,2019-12-09,株式会社
株式会社ＦＩＶＥ　Ｊ,神奈川県藤沢市鵠沼石上１丁目７－８ビックライズビル５Ｆ,2019-12-09,株式会社
株式会社Ｇ－ｆｌａｔ,北海道札幌市南区川沿五条３丁目１番１１号,2019-12-09,株式会社
株式会社ＧＡＤＧＥＴ　ＬＡＢ,兵庫県神戸市北区上津台１丁目１３番１３号,2019-12-09,株式会社
株式会社ＧＦコネクト,兵庫県明石市松の内２丁目３番地の９,2019-12-09,株式会社
株式会社ＧＩ,東京都中央区銀座３丁目１１番３号ＬＥＡＧＵＥ２０１,2019-12-09,株式会社
株式会社ＧＲ,北海道札幌市中央区南三条西３丁目６番地１もりにビル３階,2019-12-09,株式会社
株式会社ＧＲＡＣＥ,福岡県福岡市中央区荒戸２丁目２番５－１１０２号,2019-12-09,株式会社
株式会社ＧＲＡＹＺＯＮＥ,東京都千代田区外神田１丁目１６－１０ニュー秋葉原センター２２号,2019-12-09,株式会社
株式会社Ｇａｔｈｅｒ,神奈川県大和市上草柳１０５番地６,2019-12-09,株式会社
株式会社Ｇｌｏｖｅｒ,静岡県伊東市宇佐美３２２６番９１８の３９,2019-12-09,株式会社
株式会社Ｇｒａｃｅ,兵庫県神戸市西区伊川谷町潤和１７９７番地の３８,2019-12-09,株式会社
株式会社Ｇｕｎｓ　ａｎｄ　Ｕｎｉｃｏｒｎ,東京都目黒区上目黒１丁目１２番１４号,2019-12-09,株式会社
株式会社ＨＩＤＥ＆ＳＥＥＫ,山口県柳井市阿月２３１１番地２,2019-12-09,株式会社
株式会社ＨＩＳＡＳＨＩ,青森県青森市大字野内字浦島１番地,2019-12-09,株式会社
株式会社ＩＤ不動産,埼玉県川口市並木４丁目１番５号木村ビル１０１号,2019-12-09,株式会社
株式会社ＩＫＥ　ＳＴＹＬＥ,静岡県沼津市高沢町１３番３７－８０２号マストスクエア沼津,2019-12-09,株式会社
株式会社ＩＭＡＸ,神奈川県相模原市中央区中央３丁目１４番７号,2019-12-09,株式会社
株式会社ＩＴＯ,東京都新宿区中落合１丁目２番２２－３０３号,2019-12-09,株式会社
株式会社ＩａｍＩ,東京都豊島区東池袋１丁目３４番５号いちご東池袋ビル６階,2019-12-09,株式会社
株式会社ＪＵＤＯＧＩ,神奈川県相模原市南区新磯野１丁目１９番３－２０１号,2019-12-09,株式会社
株式会社Ｋ２,熊本県菊池市隈府１５３０番地１６,2019-12-09,株式会社
株式会社ＫＭ,東京都江東区豊洲１丁目２番３９－１２１４号,2019-12-09,株式会社
株式会社ＫＮＵＣＫＬＥ　ＰＡＮ,埼玉県蕨市南町４丁目２８番１３号,2019-12-09,株式会社
株式会社ＫＰサービス,神奈川県大和市下鶴間２９１－１－１０１,2019-12-09,株式会社
株式会社ＫＳＲ,愛知県名古屋市中村区稲上町２丁目７８番地,2019-12-09,株式会社
株式会社Ｋａｎｄ,熊本県菊池市隈府１５３０番地１６,2019-12-09,株式会社
株式会社ＬＤＪ,東京都千代田区飯田橋２丁目１２番１号,2019-12-09,株式会社
株式会社ＬＩＶＮＥＸ　Ｈｏｕｓｅ,東京都港区新橋１丁目１番１号日比谷ビルディング２Ｆ,2019-12-09,株式会社
株式会社ＬＵＸ,東京都渋谷区神宮前６丁目２５番８号神宮前コーポラス６０１号室,2019-12-09,株式会社
株式会社Ｌｉｆｅ－ｓｔｏｃｋ,大阪府大阪市北区曾根崎２丁目３番５号,2019-12-09,株式会社
株式会社Ｍ’ｓ．Ｄｅｓｉｇｎ,大阪府高槻市城北町１丁目９番６号,2019-12-09,株式会社
株式会社Ｍ・Ｙ空調設備サービス,兵庫県神戸市垂水区名谷町字猿倉２７６番地３,2019-12-09,株式会社
株式会社ＭＡＬ,石川県金沢市小坂町北３６番地４,2019-12-09,株式会社
株式会社ＭＡＲＫＥＲ,千葉県千葉市若葉区加曽利町１８３８番地２,2019-12-09,株式会社
株式会社ＭＩＭ,千葉県松戸市松戸１２９１番地の１,2019-12-09,株式会社
株式会社ＭＩＮＡＮＯＨＡ,東京都多摩市鶴牧５丁目１番地１－１０２,2019-12-09,株式会社
株式会社ＭＩＹＡＭＡ,埼玉県南埼玉郡宮代町本田１丁目５番４号アーバンハイツＭＯＲＩ２－２０６号,2019-12-09,株式会社
株式会社ＭＫ企画,東京都国分寺市光町３丁目８番地１４,2019-12-09,株式会社
株式会社ＭＯＧＵＲＡ　ＧＲＯＵＰ,石川県金沢市浅野本町１丁目１５－２１,2019-12-09,株式会社
株式会社ＭＳＰ,大阪府豊中市新千里北町３丁目１番１０,2019-12-09,株式会社
株式会社ＭＵＲＡ建築板金,群馬県高崎市下里見町９５６番地４,2019-12-09,株式会社
株式会社ＮＡＧＡＥ,北海道札幌市東区北三十三条東１５丁目２番１６－１２０２号,2019-12-09,株式会社
株式会社ＮＡＰ,新潟県上越市大字上千原３１７番地,2019-12-09,株式会社
株式会社ＮＢコールドチェーン,東京都大田区山王１丁目４１番５号,2019-12-09,株式会社
株式会社ＮＫＴＡ,神奈川県相模原市中央区上溝１８２１番地,2019-12-09,株式会社
株式会社ＮＯＲＩＹＡＳＵ,兵庫県姫路市東今宿１丁目５番１１－１００６号,2019-12-09,株式会社
株式会社Ｎｏｏｌａ,東京都豊島区巣鴨５丁目２５番１号,2019-12-09,株式会社
株式会社ＯＮＥ　ＬＩＶＥ,兵庫県尼崎市尾浜町３丁目１８番５－３０１号,2019-12-09,株式会社
株式会社ＯＲＡＲＡ,福島県福島市土湯温泉町字下ノ町２１番地,2019-12-09,株式会社
株式会社ＯＲＩＧＩＮ,埼玉県加須市志多見３４４番地,2019-12-09,株式会社
株式会社ＰＵＧ,北海道釧路市鳥取北９丁目１４番２３号,2019-12-09,株式会社
株式会社Ｐａｎｇｏ,大阪府大阪市城東区成育５丁目２３番１３号,2019-12-09,株式会社
株式会社Ｒ１０６,東京都台東区上野３丁目１５番７号,2019-12-09,株式会社
株式会社ＲＡＭＵ,新潟県上越市御殿山町３番２１号,2019-12-09,株式会社
株式会社ＲＥＡＣＨ,東京都大田区蒲田本町２丁目１２番６号,2019-12-09,株式会社
株式会社ＲＥＢＯＲＮ,栃木県那須郡那須町大字寺子丙２番地１３０,2019-12-09,株式会社
株式会社Ｒｉｉｏｒｂｉｔ,東京都世田谷区太子堂２丁目１８番２号,2019-12-09,株式会社
株式会社ＳＤＧｓサステナ,徳島県徳島市南田宮２丁目３番,2019-12-09,株式会社
株式会社ＳＨＡＦＴ,広島県福山市日吉台１丁目２９番２３号,2019-12-09,株式会社
株式会社ＳＨＩＥＮ,静岡県磐田市中泉１０２８番地１,2019-12-09,株式会社
株式会社ＳＩＦ,福岡県北九州市八幡西区丸尾町３－２０,2019-12-09,株式会社
株式会社ＳＯＨＩ,福島県福島市森合字的場１０番地の１シャルールＡ－１０５,2019-12-09,株式会社
株式会社ＳＴＡＹＧＯＬＤ,東京都世田谷区用賀４丁目１３番７号グランメール４０１,2019-12-09,株式会社
株式会社Ｓａｋｕｒａ,兵庫県明石市大久保町大窪２６２０番地の１９４,2019-12-09,株式会社
株式会社Ｓｔａｒｔ　Ｌｉｎｅ,東京都港区南麻布２丁目９番１５－１００２号,2019-12-09,株式会社
株式会社Ｓｔｒｅｎｇｔｈ　ｔｏ　ｌｉｖｅ,新潟県長岡市殿町３丁目４番地８,2019-12-09,株式会社
株式会社Ｓｘ３,東京都杉並区上荻４丁目１１番１０号,2019-12-09,株式会社
株式会社Ｔ’ｓ　ＧＲＯＵＰ,東京都新宿区西新宿６丁目１６番１２号,2019-12-09,株式会社
株式会社Ｔ．Ｃ．Ｓ,沖縄県島尻郡南風原町字津嘉山１２００番地１,2019-12-09,株式会社
株式会社ＴＡＬＥＷＩＮＤ,東京都世田谷区奥沢２丁目２４番２号,2019-12-09,株式会社
株式会社ＴＤＢＲ,東京都渋谷区鉢山町４番６号ユーロハイツ鉢山１０４,2019-12-09,株式会社
株式会社ＴＥＮＤＥＲ,北海道札幌市西区琴似四条１丁目１番１号コルテナＩ１階,2019-12-09,株式会社
株式会社ＴＯＷＡ,北海道札幌市白石区菊水元町二条２丁目２番１１号,2019-12-09,株式会社
株式会社ＴＲＫ,新潟県長岡市堀金１丁目３番２号,2019-12-09,株式会社
株式会社Ｔｅｃｈｎｏ　ｆｏｒｃｅ,神奈川県横浜市神奈川区七島町１９番地４,2019-12-09,株式会社
株式会社Ｔｈｅ　Ｙｏｕｔｈ,東京都台東区三筋１丁目１７－１２長沼ビル２０１号室,2019-12-09,株式会社
株式会社ＵＴジョブズ,奈良県橿原市御坊町１５２,2019-12-09,株式会社
株式会社ＶＩＥＴＳＴＡＲ,東京都豊島区南大塚３丁目５０番４号,2019-12-09,株式会社
株式会社ＷＥ－Ｙ＆Ｅ,京都府京都市上京区森之木町４７５番地,2019-12-09,株式会社
株式会社ＷＯＮＤＥＲＷＯＲＬＤ,東京都港区赤坂８丁目６番１７－１０２号,2019-12-09,株式会社
株式会社Ｗｏｒｋ　Ｐｏｒｔ,大阪府大阪市浪速区難波中３丁目４番１号,2019-12-09,株式会社
株式会社Ｘ－Ｓｃｉｅｎｔｉａ,東京都港区虎ノ門４丁目３番１号城山トラストタワー４Ｆ,2019-12-09,株式会社
株式会社Ｙ．Ｐ．Ｂ,東京都中央区銀座８丁目６番１８号,2019-12-09,株式会社
株式会社ＹＭ３Ｋ,東京都港区南青山５丁目４番３１号ニッカウヰスキービル１Ｆ,2019-12-09,株式会社
株式会社ａｎｄｍ,東京都文京区関口１丁目１０番１７－１１０３号,2019-12-09,株式会社
株式会社ｃａｎｅｔｔｅ,千葉県市川市市川南３丁目１４番２－８０１号,2019-12-09,株式会社
株式会社ｅ－ｇｏ,大阪府高石市取石２丁目１３番３２号,2019-12-09,株式会社
株式会社ｆｕｋｋｉ,岡山県瀬戸内市牛窓町牛窓６３９６番地,2019-12-09,株式会社
株式会社ｌａｐｕｌｅ,愛知県名古屋市東区東桜２丁目９番１５号,2019-12-09,株式会社
株式会社ｍｅｉｌｏ,東京都港区六本木３丁目１３番１４号ゴトウビルディング３ｒｄ３階,2019-12-09,株式会社
株式会社ｍｉｚ,埼玉県八潮市八潮８丁目１番地１５,2019-12-09,株式会社
株式会社ｍｏｏ,愛知県春日井市東野新町２丁目１３番地６,2019-12-09,株式会社
株式会社ｎｇｎｍ,東京都品川区西五反田３丁目６番７－１４０９号,2019-12-09,株式会社
株式会社ｏｆｆｉｃｅ　Ｃ,東京都渋谷区広尾２丁目３番２３－３０３号,2019-12-09,株式会社
株式会社ｓｓｂｅｅ,千葉県松戸市松戸１２７６番地の１ファミールスクエア松戸リーラコモンズ６０６号,2019-12-09,株式会社
株式会社ｓｔｕｄｅｏ,東京都渋谷区初台２丁目３１番９－１２０２号,2019-12-09,株式会社
楽集会合同会社,神奈川県大和市福田１７２９番地１９,2019-12-09,合同会社
横浜国際医療介護協同組合,神奈川県横浜市港北区菊名４丁目３番４６号,2019-12-09,その他の設立登記法人
武蔵スカイプラス株式会社,東京都三鷹市大沢６丁目１３番地１,2019-12-09,株式会社
武藤舗装株式会社,群馬県高崎市下小塙町１８９３番地,2019-12-09,株式会社
永欣株式会社,大阪府大阪市中央区南船場１丁目１６－２３パレロワイヤル順慶町７１２号,2019-12-09,株式会社
淀川丸水産株式会社,大阪府大阪市西淀川区大野３丁目３番３３号,2019-12-09,株式会社
特定非営利活動法人おかわりキッズやまがた,山形県山形市五十鈴１丁目８番５９号,2019-12-09,その他の設立登記法人
特定非営利活動法人ドリームハウス,新潟県小千谷市大字桜町８５６番地,2019-12-09,その他の設立登記法人
特定非営利活動法人国際コミュニティみらい研究所,埼玉県志木市中宗岡３丁目３番４１号,2019-12-09,その他の設立登記法人
琉球レイバル合同会社,沖縄県那覇市辻１丁目１６－９サングリーンビル１階,2019-12-09,合同会社
環宇株式会社,大阪府大阪市西成区北津守３丁目７－７・１０１号室,2019-12-09,株式会社
監査法人奏令,東京都渋谷区渋谷２丁目１２番８号,2019-12-09,その他の設立登記法人
石森工業株式会社,神奈川県足柄上郡山北町中川字大小屋２２１番地１０,2019-12-09,株式会社
社会保険労務士法人日本綜研,福井県福井市手寄１丁目２０番１号,2019-12-09,その他の設立登記法人
社会福祉法人きららの杜,栃木県栃木市大宮町２３２９番地６,2019-12-09,その他の設立登記法人
糸井工業株式会社,群馬県太田市上田島町５３９番地７,2019-12-09,株式会社
結和株式会社,千葉県木更津市清見台東２丁目２７番２１号,2019-12-09,株式会社
農事組合法人グリーン・ファーム,埼玉県秩父市下吉田２２８２番地１,2019-12-09,その他の設立登記法人
農家の窓口株式会社,神奈川県伊勢原市粟窪１００３番地２の３,2019-12-09,株式会社
都市管理法人ＬＩＶＥＡ株式会社,神奈川県相模原市南区相武台１丁目２４番３号オーイシＤＫビル５０３,2019-12-09,株式会社
鉅鑫商事株式会社,茨城県つくば市下河原崎３７５番地,2019-12-09,株式会社
隼コンサルティング合同会社,神奈川県横浜市神奈川区高島台２７番地１,2019-12-09,合同会社
鵬翔商事合同会社,埼玉県川口市並木２丁目４１番９号,2019-12-09,合同会社
福智商事株式会社,茨城県古河市上片田１１２８番地８,2019-12-09,株式会社
５ｐｌｕｓ株式会社,東京都中央区晴海３丁目１３番２号,2019-12-09,株式会社
ＡＦＣ株式会社,神奈川県厚木市山際８３２番地１,2019-12-09,株式会社
ＡＭＲ　Ｈｏｌｄｉｎｇｓ株式会社,東京都港区芝４丁目１６番２－１９０３号,2019-12-09,株式会社
ＡＴＣ　ＪＡＰＡＮ株式会社,大阪府大阪市北区角田町８－４７阪急グランドビル２０Ｆ,2019-12-09,株式会社
ＡＸＩＡ株式会社,大阪府大阪市西区西本町１丁目２－１９,2019-12-09,株式会社
Ａｇａｔｏ合同会社,群馬県高崎市東貝沢町２丁目１７－７Ｋ’ｓＴＷＯ（Ｃ号室）,2019-12-09,合同会社
Ｂ．Ｂｒｉｄｇｅ合同会社,栃木県真岡市八條１４３７番地２,2019-12-09,合同会社
Ｂｅｙｏｎｄ　Ｘ株式会社,東京都港区赤坂１丁目９番１３号,2019-12-09,株式会社
ＢｕｎＢｕｎＣａｒｓ合同会社,東京都大田区鵜の木３丁目１６番１号パークハイム鵜の木５０２号室,2019-12-09,合同会社
Ｃ．Ｂ．Ｆ株式会社,福井県福井市順化１丁目７番９号片町バレービル５階,2019-12-09,株式会社
ＣＡＳＥ特許株式会社,愛知県名古屋市中区錦１丁目２０番１９号,2019-12-09,株式会社
ＣＩ　ＪＡＰＡＮ株式会社,静岡県牧之原市細江１９６８番地１,2019-12-09,株式会社
ＣＬＯＶＥＲ株式会社,埼玉県さいたま市大宮区桜木町２丁目３２４番地２階,2019-12-09,株式会社
ＣｏｃｏＲｏｃｃｏ株式会社,大阪府箕面市箕面６丁目１０番２４号,2019-12-09,株式会社
Ｃｏｄｕｒａｃｔ株式会社,東京都豊島区池袋２丁目３６番１－８３７号,2019-12-09,株式会社
ＤＥ’ＡＮ　ＳＭＡＲＴ　ＪＡＰＡＮ株式会社,東京都港区赤坂１丁目１２番３２号アーク森ビル３０階Ｃｅｎｘｕｓ税理士法人内,2019-12-09,株式会社
Ｅ－プラン合同会社,千葉県茂原市高師２５７番地１１,2019-12-09,合同会社
Ｅ．Ｑ．Ｏ株式会社,大阪府大阪市北区豊崎４丁目８番２号,2019-12-09,株式会社
ＥＬＷ合同会社,神奈川県横浜市神奈川区三ツ沢東町３番７号,2019-12-09,合同会社
Ｆａｃｔｏｒｙ５株式会社,大阪府大阪市北区西天満６丁目８－７,2019-12-09,株式会社
ＧＥＺＥＬＬＩＧ株式会社,神奈川県川崎市宮前区宮崎２丁目１２番地１宮崎台プラザビル２０１,2019-12-09,株式会社
Ｈ＆Ｃ株式会社,兵庫県神戸市兵庫区神田町１２番１２号４Ａ,2019-12-09,株式会社
Ｈａｐｐｙ　Ｄｒｉｖｅ株式会社,東京都港区三田２丁目９番１－１２０２号,2019-12-09,株式会社
ＪＳＪＰ株式会社,大阪府大阪市中央区島之内１丁目２２番２０号,2019-12-09,株式会社
Ｋ＆イノベーション合同会社,東京都板橋区常盤台４丁目３２番７号,2019-12-09,合同会社
ＫＩＣ厚木特定目的会社,東京都千代田区神田錦町３丁目１９番楠本第３ビル４階,2019-12-09,その他の設立登記法人
ＫＩＣ越谷特定目的会社,東京都千代田区神田錦町３丁目１９番楠本第３ビル４階,2019-12-09,その他の設立登記法人
ＫＰパートナーズ合同会社,東京都千代田区内幸町１丁目１番１号,2019-12-09,合同会社
Ｋａｒｉｎ　ｔｈｅ　Ｉｎｎｏｖａｔｉｏｎ株式会社,東京都中央区晴海３丁目６番８号,2019-12-09,株式会社
Ｋｅｒｒ　Ｍｏｍｍｙ　Ｊａｐａｎ株式会社,東京都板橋区大山東町３番１０号三階,2019-12-09,株式会社
Ｋｚ　ｐｒｏｊｅｃｔ合同会社,神奈川県横浜市鶴見区潮田町３丁目１３８番地の８潮田コーポ２０２,2019-12-09,合同会社
ＬＩＣエンタープライズ株式会社,埼玉県草加市新善町４６３番地５,2019-12-09,株式会社
Ｌａｉｔｅ合同会社,東京都千代田区丸の内３丁目１番１号東京共同会計事務所内,2019-12-09,合同会社
Ｍ＆Ｙ合同会社,愛知県名古屋市瑞穂区初日町２丁目４番地の６－７０７,2019-12-09,合同会社
ＭＢＭ株式会社,東京都中央区日本橋箱崎町１１番５号ＹＴＫビル２階ＩＢＭ－サテライト内,2019-12-09,株式会社
Ｍａｇｉｃｄｏｏｒ株式会社,東京都新宿区新宿１丁目３６番２号,2019-12-09,株式会社
Ｍｏｏｄ＆Ｆｅｅｌｉｎｇ株式会社,東京都豊島区南長崎１丁目１９－１１アプレシティ椎名町５０３号,2019-12-09,株式会社
Ｎ．Ｉ．Ｔ　ＭＯＴＯＲＳ合同会社,神奈川県愛甲郡愛川町中津６８番地の１３,2019-12-09,合同会社
ＮＡＳ株式会社,群馬県前橋市荒牧町２丁目５４番地６,2019-12-09,株式会社
ＮＣＢ株式会社,神奈川県横浜市西区みなとみらい５丁目３番２－１９１１号,2019-12-09,株式会社
ＮＰＯ法人ワッツアップ,神奈川県横浜市緑区寺山町９１８番地１４３,2019-12-09,その他の設立登記法人
ＮＰＯ法人小澤塾,神奈川県鎌倉市七里ガ浜１丁目１６番２０－１１０号,2019-12-09,その他の設立登記法人
ＮＰＯ法人ＣｈａｎＣｈａｎ夢企画,福岡県北九州市小倉南区長行西３丁目１１番１２号,2019-12-09,その他の設立登記法人
ＰＡＬ　ＯＮＬＩＮＥ合同会社,千葉県千葉市若葉区みつわ台１丁目３番６号ラポルテ２０１,2019-12-09,合同会社
ＲＴ合同会社,東京都千代田区霞が関３丁目２番５号,2019-12-09,合同会社
Ｓ＆ＳＳ株式会社,北海道札幌市西区宮の沢二条２丁目４番７号,2019-12-09,株式会社
Ｓ．Ｎａｉｌ　Ｃｏｍｐａｎｙ合同会社,大分県別府市大字南立石２１７１番地の７６,2019-12-09,合同会社
ＳＨＥＥＴＨ　ＮＩＰＰＯＮ合同会社,神奈川県厚木市上依知６２９番地５－２階,2019-12-09,合同会社
ＳＲＳ　ＣＯＮＮＥＣＴ株式会社,大阪府大阪市中央区島之内１丁目３番９号,2019-12-09,株式会社
ＳＴ　ＦＩＲＳＴ株式会社,大阪府大阪市北区大淀南２丁目１番１号,2019-12-09,株式会社
ＳＵＭＡＴＩ合同会社,東京都新宿区北新宿１丁目２７番４号,2019-12-09,合同会社
Ｔ　ＣＯＮＮＥＣＴ株式会社,兵庫県加西市鶉野町１２６２番地６,2019-12-09,株式会社
ＴＭパートナーズ株式会社,静岡県浜松市東区笠井町２６５番地の１,2019-12-09,株式会社
ＴＭ企画株式会社,愛知県名古屋市北区上飯田南町５丁目１５番地の１,2019-12-09,株式会社
ＴＯＫＩ　Ａｖｉａｔｉｏｎ　Ｃａｐｉｔａｌ株式会社,東京都千代田区霞が関３丁目２番６号,2019-12-09,株式会社
Ｔｒｉｎｉｔｙ合同会社,京都府京都市山科区西野大鳥井町１１番地７０,2019-12-09,合同会社
ＵＨＮ株式会社,愛知県名古屋市中区錦１丁目４番１６号ＫＤＸ名古屋日銀前ビル６階,2019-12-09,株式会社
ＹＣＧ株式会社,東京都中央区月島１丁目５番１号,2019-12-09,株式会社
ｂｏｎｄ合同会社,神奈川県横浜市金沢区西柴１丁目２５番３０号,2019-12-09,合同会社
ｉプロパティ一般社団法人,東京都世田谷区駒沢１丁目１７番１７号真成ビル８Ｆ,2019-12-09,その他の設立登記法人
ｎｋｃのぞみ運送株式会社,北海道札幌市白石区本郷通９丁目南２番５号椿館８０１号,2019-12-09,株式会社
ｏｆｆｉｃｅ　ｄｅ・Ｓｉｇｎ合同会社,愛媛県松山市湊町４丁目３－２こがねビル２Ｆ,2019-12-09,合同会社
ありがとうトラベル株式会社,東京都港区三田５丁目１５番１２－１０２号,2019-12-10,株式会社
いづみ合同会社,大阪府高石市取石２丁目４３番２３号,2019-12-10,合同会社
いわき神楽山復興エナジー合同会社,福島県いわき市泉町下川字大剣１番地９７,2019-12-10,合同会社
やまとプロダクツ株式会社,富山県高岡市新横町１番地,2019-12-10,株式会社
やまね酒造株式会社,埼玉県飯能市大字赤沢３８４番地４,2019-12-10,株式会社
わくわくシード株式会社,千葉県流山市おおたかの森北１丁目２３番地の１０,2019-12-10,株式会社
エイチニュー株式会社,徳島県鳴門市撫養町小桑島字前浜１７９番地４,2019-12-10,株式会社
エス・イー・エヌコンサルティング株式会社,東京都港区南青山２丁目２番１５号ウィン青山９４２,2019-12-10,株式会社
エム・アイ・オー・エンタープライズ株式会社,東京都足立区梅島３丁目３番３５号グローベルタワー梅島９０３,2019-12-10,株式会社
オフィスサポート株式会社,大阪府大阪市淀川区西中島４丁目３番４号,2019-12-10,株式会社
オールラウンダー合同会社,東京都杉並区成田東３丁目２４番１８号,2019-12-10,合同会社
カーサ武蔵関管理組合,東京都練馬区関町北１丁目２０－１４,2019-12-10,その他
ガイア合同会社,福岡県北九州市小倉北区高浜２丁目１番５６－１０２号,2019-12-10,合同会社
キアーロ合同会社,東京都港区浜松町２丁目２番１５号,2019-12-10,合同会社
クウェル株式会社,東京都港区新橋６丁目９番２号,2019-12-10,株式会社
クラフティングサポートプラス株式会社,神奈川県横須賀市舟倉町一丁目５番２０号,2019-12-10,株式会社
クロノスゲート株式会社,東京都台東区上野５丁目５番４号タウンズフォーク４０２号,2019-12-10,株式会社
グリーンネクスト株式会社,東京都杉並区梅里１丁目７番７号新高円寺ツインビル,2019-12-10,株式会社
コモハウス合同会社,神奈川県横浜市中区北仲通３丁目３３番地中小企業共済会館ビル１階,2019-12-10,合同会社
コンテンポラリーアートラボラトリー合同会社,東京都渋谷区神宮前２丁目３１番地２号ファクトリー０３,2019-12-10,合同会社
サンフェルジュ株式会社,東京都港区北青山２丁目７番２０号猪瀬ビル２階,2019-12-10,株式会社
サンユー技術協同組合,三重県四日市市桜台本町１８７番２号,2019-12-10,その他の設立登記法人
サンワイズ株式会社,広島県広島市佐伯区藤の木３丁目８番７号,2019-12-10,株式会社
シープラットジャパン合同会社,福岡県久留米市宮ノ陣４丁目２９番１１号久留米ビジネスプラザ２Ｆ,2019-12-10,合同会社
ジリオンインターナショナル株式会社,千葉県松戸市高塚新田２６番,2019-12-10,株式会社
ジーキューリテイリング合同会社,神奈川県横浜市旭区中希望が丘６２番地,2019-12-10,合同会社
セントラルコーポ上杉管理組合,宮城県仙台市青葉区上杉５丁目８番７３号,2019-12-10,その他
タムラビル合同会社,東京都新宿区荒木町３番地田村ビル４０１,2019-12-10,合同会社
ダイナミクス合同会社,埼玉県越谷市神明町２丁目３４２番地１７,2019-12-10,合同会社
ディアディラハス合同会社,東京都武蔵野市関前３丁目６－８ライネスハイム武蔵野１０７,2019-12-10,合同会社
デイビス建設株式会社,神奈川県藤沢市石川３９５６番地の２,2019-12-10,株式会社
ニライカナイ株式会社,大阪府和泉市府中町８丁目１番１９号,2019-12-10,株式会社
ハイランド株式会社,東京都港区赤坂２丁目２１番５号ＡＢＣ,2019-12-10,株式会社
ハッピープロデュース株式会社,秋田県横手市上八丁字村東７９番地,2019-12-10,株式会社
ハーミット株式会社,東京都豊島区南長崎２丁目１１番１４号ラフィネ１１－４０２号,2019-12-10,株式会社
バイシーダジャパン株式会社,東京都練馬区貫井５丁目２０番１３号,2019-12-10,株式会社
バルーン合同会社,京都府京都市下京区土手町通正面上る溜池町３６２番１,2019-12-10,合同会社
パワーストーン株式会社,大阪府柏原市大字太平寺６６０番１,2019-12-10,株式会社
ビッグファイター・エンターテイメント合同会社,東京都中野区鷺宮６丁目３０番１５号プライムステージ４０３号室,2019-12-10,合同会社
ファンドパーク株式会社,東京都江東区東雲１丁目９番５０－１４０８号,2019-12-10,株式会社
フォーリーフ・リアルティ株式会社,神奈川県横浜市港南区港南台３丁目２４番５号,2019-12-10,株式会社
ブレンダー合同会社,和歌山県和歌山市松江北６丁目２番２３号,2019-12-10,合同会社
プーニョ合同会社,東京都港区浜松町２丁目２番１５号浜松町ダイヤビル２Ｆ,2019-12-10,合同会社
マッケンジャパン合同会社,東京都渋谷区渋谷１丁目１番７号,2019-12-10,合同会社
ミツルギ株式会社,東京都品川区東中延１丁目４番６－５０１号,2019-12-10,株式会社
ラグレス合同会社,東京都千代田区神田神保町３丁目５番地,2019-12-10,合同会社
ラズベリー株式会社,沖縄県浦添市前田１丁目６番３号,2019-12-10,株式会社
リケンソーラー合同会社,宮崎県日南市大字松永３４９３番地１,2019-12-10,合同会社
リッチーフィルム株式会社,東京都渋谷区代々木３丁目３６番８号Ｂ棟地下,2019-12-10,株式会社
リバーヴィレッジ・アソシエイツ合同会社,東京都港区高輪４丁目２３番６号ハイホーム高輪７０８号,2019-12-10,合同会社
リフォームエイト合同会社,千葉県我孫子市下ケ戸５０９番地２,2019-12-10,合同会社
レイシスホワイトクロー株式会社,大阪府大阪市中央区博労町３丁目５番１号,2019-12-10,株式会社
レストハウス名栗株式会社,埼玉県飯能市大字下名栗７７１－１,2019-12-10,株式会社
一般社団法人なでしこサッカークラブ,神奈川県横浜市鶴見区市場大和町４番９号２Ｆ,2019-12-10,その他の設立登記法人
一般社団法人みんなのいえ,東京都杉並区梅里２丁目１０番１１－２２４号,2019-12-10,その他の設立登記法人
一般社団法人インバウンドベンチャー会,大阪府大阪市北区大深町４番２０号グランフロント大阪タワーＡ１７階,2019-12-10,その他の設立登記法人
一般社団法人クロスボーダー・イニシアティブ,東京都世田谷区野沢３丁目６番１５－１０２号,2019-12-10,その他の設立登記法人
一般社団法人サイリウムダンス協会,東京都千代田区神田和泉町一丁目１０番４号,2019-12-10,その他の設立登記法人
一般社団法人ヨシダトラスト,神奈川県横浜市鶴見区下末吉４丁目７番１号,2019-12-10,その他の設立登記法人
一般社団法人リスペクト・プロ,大阪府箕面市桜５丁目１０番１０号,2019-12-10,その他の設立登記法人
一般社団法人富士式予防医学推進協会,福岡県福岡市中央区天神２丁目１４番８号,2019-12-10,その他の設立登記法人
一般社団法人日本口腔内写真協会,兵庫県神戸市中央区三宮町１丁目１番１号新神戸ビル５０３,2019-12-10,その他の設立登記法人
一般社団法人日本理美容師個人事業主協会,東京都渋谷区神宮前４丁目３２番１２,2019-12-10,その他の設立登記法人
一般社団法人日本統合手技協会,大阪府大阪市阿倍野区西田辺町１丁目２１番１３号,2019-12-10,その他の設立登記法人
一般社団法人本質回帰運命数智学協会,岡山県岡山市北区奥田２丁目７－１９,2019-12-10,その他の設立登記法人
一般社団法人東京文化倶楽部,東京都新宿区矢来町４３番地１３ライオンズマンション矢来町５０３,2019-12-10,その他の設立登記法人
一般社団法人江東リンク,東京都江東区千田１０番１９号千田阿部ビル２０１,2019-12-10,その他の設立登記法人
一般社団法人蒼天,大阪府大阪市中央区東高麗橋１番１０－３０２号,2019-12-10,その他の設立登記法人
一般社団法人農業ドロ－ン協会,福岡県大牟田市大字吉野１３６２番地２,2019-12-10,その他の設立登記法人
一般社団法人ＴＦサッカークラブ,神奈川県横浜市青葉区荏田西３丁目１－２６,2019-12-10,その他の設立登記法人
一般社団法人ＹＵＣＡＣＯ推進機構,東京都台東区東上野１丁目１９番１４号高橋ビル４階,2019-12-10,その他の設立登記法人
一般社団法人ｃｏｎｂｒｉｏ横浜青葉,神奈川県横浜市青葉区鴨志田町８１５番地３０,2019-12-10,その他の設立登記法人
三宅溶着株式会社,大阪府大阪市生野区中川東１丁目１３番１８号,2019-12-10,株式会社
不動千秋合同会社,福岡県北九州市小倉北区黒住町２４－９,2019-12-10,合同会社
中日商事株式会社,埼玉県川口市西川口３丁目１５番２０－３０５号,2019-12-10,株式会社
五雲株式会社,東京都台東区台東２丁目２７番３号,2019-12-10,株式会社
亜本株式会社,東京都練馬区貫井１丁目２３番２０－７０６号,2019-12-10,株式会社
令昇塗装株式会社,愛媛県松山市上野町甲１５３番地,2019-12-10,株式会社
八甲田風力発電株式会社,東京都千代田区五番町５番地１,2019-12-10,株式会社
北としま事務所株式会社,東京都板橋区仲宿６１番６号ビルＨＴ５０３号室,2019-12-10,株式会社
医療法人さくら会,宮城県亘理郡亘理町字東郷１５５番地１,2019-12-10,その他の設立登記法人
医療法人ゼロＭＴ,福岡県大野城市御笠川２丁目１５番２号,2019-12-10,その他の設立登記法人
医療法人久保眼科,兵庫県尼崎市七松町１丁目２番１－６０１Ａ,2019-12-10,その他の設立登記法人
医療法人令光会,神奈川県横浜市戸塚区名瀬町７６５番地２９,2019-12-10,その他の設立登記法人
医療法人千守会,兵庫県姫路市余部区下余部字下川原３６２番１,2019-12-10,その他の設立登記法人
医療法人善哉会,高知県南国市篠原１７０４番１,2019-12-10,その他の設立登記法人
医療法人昭令会,神奈川県横浜市西区北幸１丁目４番１号天理ビル５階,2019-12-10,その他の設立登記法人
医療法人石田おさむ歯科医院,山形県鶴岡市文園町４番１０号,2019-12-10,その他の設立登記法人
医療法人社団いしだクリニック,兵庫県神戸市西区糀台５丁目５番地２,2019-12-10,その他の設立登記法人
医療法人社団こころみ,神奈川県川崎市中原区木月１丁目２８番５号メディカルプラザＤ元住吉３階,2019-12-10,その他の設立登記法人
医療法人社団みらい,神奈川県横浜市戸塚区川上町８８番地１８第８笠原ビル２階,2019-12-10,その他の設立登記法人
医療法人社団令和会,神奈川県横浜市港南区港南台５丁目２３番３０号港南台医療モール３階Ｂ号室,2019-12-10,その他の設立登記法人
医療法人社団彩大会,神奈川県海老名市東柏ケ谷４丁目１２番４号２階テナント（１）,2019-12-10,その他の設立登記法人
医療法人社団悠康会,神奈川県横浜市港北区大倉山３丁目２番１８号セントヒルズ大倉山１階,2019-12-10,その他の設立登記法人
医療法人社団松悠会,兵庫県西脇市小坂町横溝１７５番地,2019-12-10,その他の設立登記法人
医療法人社団盟久会,神奈川県横浜市港南区最戸１丁目７番１５号コンフォートレジデンス上大岡Ｖ１階１０１号室,2019-12-10,その他の設立登記法人
医療法人社団笑会,神奈川県小田原市栢山２８１７番地２,2019-12-10,その他の設立登記法人
医療法人麗光会,神奈川県横浜市金沢区六浦５丁目１番１１号六浦ビル２階,2019-12-10,その他の設立登記法人
医療法人ＤＣＯＴ,神奈川県横浜市泉区中田東１丁目３番１０号,2019-12-10,その他の設立登記法人
医療法人Ｒ,福岡県春日市日の出町４丁目１７番地３,2019-12-10,その他の設立登記法人
博文株式会社,東京都足立区栗原４丁目６番１１号,2019-12-10,株式会社
古谷電工株式会社,山口県宇部市大字際波２７２番地１,2019-12-10,株式会社
合同会社ひまわり商会,神奈川県茅ヶ崎市芹沢２０８６番地の１,2019-12-10,合同会社
合同会社アイル,北海道中川郡本別町共栄４３番地２,2019-12-10,合同会社
合同会社アスコティ,千葉県市川市若宮２丁目２８番１３号,2019-12-10,合同会社
合同会社アロハ工務店,神奈川県横浜市都筑区牛久保西４丁目１４番２０号,2019-12-10,合同会社
合同会社アール・ピー・エス,神奈川県横浜市鶴見区菅沢町５番３号,2019-12-10,合同会社
合同会社イチバ・ジャパン,富山県射水市新片町５丁目１１９番地ＮＳコーポ新片町２０２,2019-12-10,合同会社
合同会社イワイ福祉会,鹿児島県鹿児島市冷水町６番５号,2019-12-10,合同会社
合同会社イーエーティー,大阪府高槻市上土室１丁目１０番１－５０７号,2019-12-10,合同会社
合同会社ウィステリアソフト,愛媛県松山市高井町８０６番地７,2019-12-10,合同会社
合同会社エムズ設計,千葉県船橋市芝山２丁目５番１４棟７０４号,2019-12-10,合同会社
合同会社クオンタムホームズ,石川県金沢市古府町南８９８－１,2019-12-10,合同会社
合同会社クールファイブ,秋田県秋田市大町５丁目６番１２号トーカンマンション大町５０１号,2019-12-10,合同会社
合同会社グッド・ドクター・ジャパン,愛知県岡崎市洞町字白羽根１８番地１０１,2019-12-10,合同会社
合同会社ケイコージ,宮崎県日南市大字益安１０３６番地１,2019-12-10,合同会社
合同会社ケイワイエム,広島県広島市安佐北区可部８丁目１４番１３－４号,2019-12-10,合同会社
合同会社スタープラチナ,大阪府吹田市高野台２丁目６番１０号,2019-12-10,合同会社
合同会社タカボー,宮崎県日南市大字益安１０３６番地１,2019-12-10,合同会社
合同会社チャイカ,東京都練馬区高松３丁目１５－１１,2019-12-10,合同会社
合同会社テラクレスコ,東京都北区王子１丁目２９番６－３０２号グランぺール王子,2019-12-10,合同会社
合同会社ノイモーント,東京都世田谷区野沢２丁目６番１６号コーポリヴェール１０２,2019-12-10,合同会社
合同会社フロンティアパートナーズ,北海道札幌市白石区菊水三条５丁目３番２０号,2019-12-10,合同会社
合同会社ブラス,熊本県熊本市中央区大江６丁目１番６６－１１０８号,2019-12-10,合同会社
合同会社ブリッジ,千葉県千葉市中央区富士見２丁目２３番９号千葉中央プリマビル５Ｆ,2019-12-10,合同会社
合同会社ユーアイトラスト,栃木県宇都宮市駒生町１３９７番地４,2019-12-10,合同会社
合同会社ライスキッチン,千葉県千葉市中央区富士見２丁目４－５辰巳ビル４Ｆ,2019-12-10,合同会社
合同会社リアライズインベストメントサーティーンス,東京都港区六本木６丁目１０番１号六本木ヒルズ森タワー３４階,2019-12-10,合同会社
合同会社ローズ,広島県広島市安佐北区落合南３丁目６番７号,2019-12-10,合同会社
合同会社三徳,福島県南相馬市原町区仲町１丁目５０,2019-12-10,合同会社
合同会社三手家守舎,群馬県館林市仲町１番１０号,2019-12-10,合同会社
合同会社伝統組,東京都新宿区新宿２丁目１２番１３号アントレサロンビル２階,2019-12-10,合同会社
合同会社光技建,茨城県下妻市村岡７１６番地,2019-12-10,合同会社
合同会社友堅工業,香川県丸亀市中津町１２８６番地１メゾンエトワールＢ１０２号,2019-12-10,合同会社
合同会社吉野商事,和歌山県和歌山市六十谷１０４１の１グランメールⅠ３０２号,2019-12-10,合同会社
合同会社和,大阪府大阪市城東区成育１丁目２番２２号,2019-12-10,合同会社
合同会社大翔,沖縄県浦添市宮城５丁目１番５号,2019-12-10,合同会社
合同会社宮脇工業,大分県大分市大在北３丁目１０番２９号,2019-12-10,合同会社
合同会社富田商事,千葉県松戸市新松戸１丁目４５０番地の１－１０１,2019-12-10,合同会社
合同会社新堂事務所,神奈川県横浜市港北区大曽根台１０番２３号,2019-12-10,合同会社
合同会社検査ぶんせき技術士事務所,茨城県水戸市梅香１丁目２番２５－３１１号,2019-12-10,合同会社
合同会社浜ひろ,東京都世田谷区代田２丁目１０番７号,2019-12-10,合同会社
合同会社海星堂,沖縄県那覇市泊３丁目３番地１メゾンセンチュリー泊９０２,2019-12-10,合同会社
合同会社真サービス,秋田県能代市出戸本町６番地８,2019-12-10,合同会社
合同会社竹橋,東京都港区虎ノ門３丁目２２番１０－２０１号,2019-12-10,合同会社
合同会社遊和クラブ,埼玉県草加市松原２丁目３番７ソライエ草加松原シティテラス２２２号室,2019-12-10,合同会社
合同会社飯塚メガソーラーマネジメント,福岡県飯塚市横田５１６番地１Ｂ－７,2019-12-10,合同会社
合同会社２２,広島県呉市阿賀南５丁目５番１６号,2019-12-10,合同会社
合同会社８えいと,三重県四日市市生桑町２０４８番地８,2019-12-10,合同会社
合同会社ＢＥＡＶＥＲ　ＢＲＯＳ　ＣＯＭＰＡＮＹ,東京都練馬区桜台２丁目１５番８号アムヒルズ桜台６０１,2019-12-10,合同会社
合同会社Ｂａｍｂｏｏｋ,東京都中野区白鷺２丁目３８番３号,2019-12-10,合同会社
合同会社Ｂｌｕｅ　Ｏｃｅａｎ,東京都府中市住吉町２丁目３０番地７３ヴェルドミール多摩川８０８,2019-12-10,合同会社
合同会社Ｂｌｕｅ　Ｗｉｎｇｓ,東京都新宿区西新宿７丁目５番９－９０４号,2019-12-10,合同会社
合同会社ＣＭＹＫ,沖縄県沖縄市登川３丁目４７番１６号－１０３号室,2019-12-10,合同会社
合同会社Ｃｈｏｏｓｅｄａｙ,東京都中央区銀座２丁目１４番９号ＧＦビル２階,2019-12-10,合同会社
合同会社ＥＡＧＬＥ,宮城県仙台市青葉区国分町３丁目１０番６－２３０３号,2019-12-10,合同会社
合同会社ＦＡＲＹＥＥＳＴＳＫＩＮＣＡＲＥ,東京都世田谷区北沢３丁目２番１１号ノーザンライツ代々木上原１０１,2019-12-10,合同会社
合同会社Ｇｒａｐｈ　Ｓｔｕｄｉｏ,東京都港区東麻布２丁目２６番３号,2019-12-10,合同会社
合同会社Ｍ．Ｋプランニング,宮城県仙台市宮城野区栄５丁目３番６号,2019-12-10,合同会社
合同会社ＭＡＳＥＳ,愛知県名古屋市中区栄３丁目１０番１４号ピボットライオンビル３０７号,2019-12-10,合同会社
合同会社ＭＩＲＡＩコンサルティング,東京都港区南青山２丁目２番１５号ウィン青山９４２,2019-12-10,合同会社
合同会社ＭＭＳ,神奈川県藤沢市鵠沼海岸７丁目１０番３号,2019-12-10,合同会社
合同会社ＭＳＫ,広島県廿日市市梅原２丁目１３番５号,2019-12-10,合同会社
合同会社ＭＹ自動車整備工場,東京都町田市高ヶ坂４丁目１６番４号,2019-12-10,合同会社
合同会社Ｍａｋ,滋賀県甲賀市水口町京町２番１１号,2019-12-10,合同会社
合同会社ＯＦＦＩＣＥ－ＰＲＩＭＥ,京都府京都市伏見区淀新町１５０－７,2019-12-10,合同会社
合同会社Ｐｒｉｍｅ－Ｔｅｃ,京都府京都市伏見区淀新町１５０－７,2019-12-10,合同会社
合同会社Ｓｕｎｎｙ　Ｃａｐｅ,香川県高松市林町２５３１番地３－５０７,2019-12-10,合同会社
合同会社Ｔ－Ｗｉｎｇｓ,石川県金沢市馬替２丁目１６７番地,2019-12-10,合同会社
合同会社ＴＴコーポレーション,神奈川県横浜市旭区中白根３丁目２０番２０号,2019-12-10,合同会社
合同会社ＴＷＲ,北海道札幌市西区発寒六条１４丁目２２番１１号,2019-12-10,合同会社
合同会社ＷＫ,東京都港区赤坂２丁目１７番５２－２０５号パラッツオ赤坂,2019-12-10,合同会社
合同会社ＹＪＫ,宮城県多賀城市町前３丁目１番４３号,2019-12-10,合同会社
合同会社ａｌｌさぽーと,愛知県名古屋市南区星宮町２３５番地リバーサイド２３５－１０５,2019-12-10,合同会社
合同会社ａｘｉｓ,沖縄県浦添市伊祖１丁目１番２１号オフィスタイムビル３０２,2019-12-10,合同会社
合同会社ｃｕｍｕｌｕｓ,東京都大田区西蒲田４丁目５番６号２０１,2019-12-10,合同会社
合同会社ｏｙａｋｏ,埼玉県さいたま市北区奈良町１０２番地１７,2019-12-10,合同会社
合同会社ｓｕｎｎｙ　ｆｉｌｄ,千葉県千葉市中央区富士見２丁目４－５辰巳ビル４Ｆ,2019-12-10,合同会社
多摩スポーツ合同会社,東京都国立市北１丁目１２番２,2019-12-10,合同会社
大三島町土地開発公社,愛媛県今治市大三島町宮浦５７０８番地,2019-12-10,その他の設立登記法人
大田地区土地管理株式会社,兵庫県神戸市中央区御幸通６丁目１番１５号御幸ビル９階,2019-12-10,株式会社
定置式水平ジブクレーンの活用促進及び建設技能者の働きがい向上技術研究組合,徳島県徳島市庄町３丁目１６番地,2019-12-10,その他の設立登記法人
宝印刷株式会社,東京都豊島区高田３丁目２８番８号,2019-12-10,株式会社
小林運輸ホールディングス株式会社,埼玉県戸田市新曽南３丁目８番８号,2019-12-10,株式会社
川原屋株式会社,三重県津市海岸町１８番９号,2019-12-10,株式会社
幸行合同会社,東京都北区神谷１丁目３番５号,2019-12-10,合同会社
弁護士法人いちょう通り法律事務所,兵庫県神戸市中央区楠町２丁目２番６号クスノキ壱番館２階,2019-12-10,その他の設立登記法人
心占株式会社,東京都文京区白山２丁目３０番２号平林ビル１階,2019-12-10,株式会社
新橋建設工業合同会社,東京都港区新橋４丁目２４番７号渡辺ビル４階,2019-12-10,合同会社
日本沖縄放送株式会社,沖縄県那覇市銘苅１丁目４番１８号４０３,2019-12-10,株式会社
昭和ホールディングス株式会社,栃木県佐野市植野町１８５８番地,2019-12-10,株式会社
有信株式会社,福岡県福岡市博多区吉塚２丁目２１－１,2019-12-10,株式会社
東京バスケットボールクラブ設立準備株式会社,東京都渋谷区渋谷２丁目１４番１８号,2019-12-10,株式会社
東京再生貿易合同会社,千葉県成田市本城２８８番地２,2019-12-10,合同会社
東京淺喜文化株式会社,東京都中央区日本橋人形町１丁目２番１２号ＷＡＲＭＬＩＧＨＴＢＬＤ．３階,2019-12-10,株式会社
東京金康普株式会社,千葉県富里市七栄５３３番地１８６,2019-12-10,株式会社
松浦機械設備株式会社,大阪府大阪市東淀川区柴島２丁目１４番８号,2019-12-10,株式会社
株式会社いろ葉ガーデンスタジオ,静岡県浜松市東区和田町１１２番地の１,2019-12-10,株式会社
株式会社うちくるメディカル,富山県富山市黒崎３３８番地１,2019-12-10,株式会社
株式会社せやねん,大阪府大阪市浪速区敷津西２丁目１３番１１号,2019-12-10,株式会社
株式会社つくだ,埼玉県志木市上宗岡３丁目８番１０号,2019-12-10,株式会社
株式会社なべしま商店,千葉県四街道市大日４１８番地７,2019-12-10,株式会社
株式会社ひむか農園,宮崎県日向市大字富高９３番地１,2019-12-10,株式会社
株式会社まごころ式典,大阪府羽曳野市はびきの２丁目１番５号,2019-12-10,株式会社
株式会社みなと総合地所,神奈川県横浜市西区御所山町１０番地７,2019-12-10,株式会社
株式会社やなぎさわ建築設計室,東京都新宿区早稲田鶴巻町１０９番地ＤＯＭＡＮＩ４０１,2019-12-10,株式会社
株式会社やまと,愛知県一宮市三条字賀１０２番地１,2019-12-10,株式会社
株式会社わが家,沖縄県那覇市具志１丁目１５番２１号２階,2019-12-10,株式会社
株式会社アカデミー,佐賀県佐賀市諸富町諸富津７９番地１,2019-12-10,株式会社
株式会社アクセル,東京都豊島区南池袋２丁目９番９号,2019-12-10,株式会社
株式会社アトリエビバハウス,福岡県福岡市中央区浄水通１番１８号薬院パークマンション７０４,2019-12-10,株式会社
株式会社アビス,神奈川県横浜市西区高島２丁目１１番２号スカイメナー４２２,2019-12-10,株式会社
株式会社アルアイン,東京都昭島市昭和町５丁目１０番３号,2019-12-10,株式会社
株式会社アルファメイル,神奈川県横浜市神奈川区三ツ沢上町７－８ハイツジュネス２０３,2019-12-10,株式会社
株式会社アルマポート,大阪府大阪市淀川区西中島４丁目６番１９号,2019-12-10,株式会社
株式会社アンダーパー,東京都港区南青山２丁目１１番１１号ＡＲＩＳＴＯ南青山５階,2019-12-10,株式会社
株式会社アンビション,北海道釧路市末広町５丁目１３番地オリエンタルプラザ２階,2019-12-10,株式会社
株式会社アンランジュ,東京都世田谷区大原１丁目６２番１１号,2019-12-10,株式会社
株式会社イデアルシークホールディングス,東京都新宿区西新宿３丁目２番７号,2019-12-10,株式会社
株式会社イングレイス,大阪府大阪市北区梅田２丁目２番２号ヒルトンプラザウェストオフィスタワー１８階,2019-12-10,株式会社
株式会社インプロット,北海道札幌市北区北八条西４丁目２０番１号,2019-12-10,株式会社
株式会社イー・エス・コア,千葉県柏市東１丁目２番１６－４０１号,2019-12-10,株式会社
株式会社ウェンデプィレ,北海道富良野市字西扇山の２,2019-12-10,株式会社
株式会社エイシン,神奈川県川崎市川崎区渡田４丁目１１番５号,2019-12-10,株式会社
株式会社エクスブロス,千葉県船橋市小室町２４５７番地２,2019-12-10,株式会社
株式会社エスケイ・カンパニー,栃木県宇都宮市泉が丘３丁目１５番８号,2019-12-10,株式会社
株式会社エストレジャ,静岡県沼津市本郷町２７番２３－２号,2019-12-10,株式会社
株式会社エテルナ,栃木県宇都宮市馬場通り３丁目４番７号宇都宮ピークス２７０１号室,2019-12-10,株式会社
株式会社エボシ,愛知県名古屋市千種区今池３丁目３５番１号,2019-12-10,株式会社
株式会社エンスタ,東京都港区浜松町２丁目２番１５号浜松町ダイヤビル２Ｆ,2019-12-10,株式会社
株式会社エンベス,京都府京都市中京区天神山町室町西入天神山２８０石勘株式会社第一ビル４階,2019-12-10,株式会社
株式会社オフィス・Ｎ,石川県野々市市押野１丁目１００番地,2019-12-10,株式会社
株式会社オレツカプロモーション,東京都新宿区中井１丁目８番８号メゾンドコンフォート１０５,2019-12-10,株式会社
株式会社オーシャンプレイス,北海道函館市中道１丁目３０番１５号,2019-12-10,株式会社
株式会社カイテキ,愛知県名古屋市中村区畑江通９丁目２７番地の１メゾン中川３０８号室,2019-12-10,株式会社
株式会社クリエイサイエン,東京都台東区蔵前４丁目２３番７－１００７号日神デュオステージ蔵前ＮＥＸＴ,2019-12-10,株式会社
株式会社グローバルフォレ,神奈川県横浜市都筑区中川中央１丁目２１番３－２０２号,2019-12-10,株式会社
株式会社グローバル・デンタル・サポート,東京都板橋区中丸町５５番３号ジュウエル城西８０４,2019-12-10,株式会社
株式会社ケーエスオー,埼玉県さいたま市大宮区吉敷町１丁目９９番地５,2019-12-10,株式会社
株式会社コンタクトサポート,東京都豊島区池袋２丁目９番４号,2019-12-10,株式会社
株式会社コンフィアンス,東京都千代田区岩本町１丁目１番６号,2019-12-10,株式会社
株式会社サイトウファーム,北海道野付郡別海町中西別８番地の１２,2019-12-10,株式会社
株式会社サカイ,北海道札幌市中央区南十六条西９丁目２番１２－３０２号,2019-12-10,株式会社
株式会社サハシ,愛知県小牧市小牧５丁目６８４番地,2019-12-10,株式会社
株式会社サンアール,埼玉県戸田市美女木５丁目２番地９,2019-12-10,株式会社
株式会社サードアップ,岩手県盛岡市向中野３丁目３１番１８号,2019-12-10,株式会社
株式会社サーベイオン,東京都中央区銀座７丁目１３番６号サガミビル２階,2019-12-10,株式会社
株式会社シャリオット,東京都港区高輪３丁目１９番４６号,2019-12-10,株式会社
株式会社シャンテル勝山,大阪府大阪市生野区勝山北１丁目１８番４号シャンテル勝山３０１,2019-12-10,株式会社
株式会社シンフォニー,神奈川県横浜市金沢区富岡西１丁目１７番１０号,2019-12-10,株式会社
株式会社ジェイ通商,神奈川県相模原市南区相模大野８丁目３番１０号２０１,2019-12-10,株式会社
株式会社ステラ,長崎県松浦市今福町北免２００９番地５２８,2019-12-10,株式会社
株式会社ストライカー,神奈川県愛甲郡愛川町中津１７０５番地の６,2019-12-10,株式会社
株式会社スプラウト,神奈川県横浜市中区尾上町６丁目８６番地１,2019-12-10,株式会社
株式会社スマイルラボいこま,大阪府大東市大字龍間１２６６番５,2019-12-10,株式会社
株式会社スリー・ワイズ,福島県郡山市桑野４丁目４番５８号,2019-12-10,株式会社
株式会社セイバーズ,静岡県御殿場市神山４１２番地,2019-12-10,株式会社
株式会社ゼペット,宮城県仙台市泉区南光台２丁目１３番１号,2019-12-10,株式会社
株式会社タカミ千葉ビル,東京都台東区池之端４丁目１６番２９号タカミ千葉ビル１０１,2019-12-10,株式会社
株式会社タムラ,長野県伊那市西春近９３８５番地６,2019-12-10,株式会社
株式会社ダイトコーポレーション,大阪府大阪市天王寺区城南寺町８番８号,2019-12-10,株式会社
株式会社ダイバースクリエイト,東京都台東区雷門２丁目１９番１７号浅草雷一ビル６０１,2019-12-10,株式会社
株式会社テイク・バンシー,東京都港区麻布十番２丁目１２番１２－７０１号,2019-12-10,株式会社
株式会社テクノピクセル,東京都大田区蒲田２丁目１９番１－１０２号,2019-12-10,株式会社
株式会社テクノ冷和,宮城県仙台市泉区松陵３丁目３１番地の９,2019-12-10,株式会社
株式会社ディビジョン,大阪府大阪市西区南堀江１丁目１１番１号,2019-12-10,株式会社
株式会社デコルム,東京都港区元麻布３丁目６番３号尾角ハウス地下１階,2019-12-10,株式会社
株式会社デネブ,和歌山県和歌山市榎原１８３番地１１,2019-12-10,株式会社
株式会社トウマ工業,千葉県市原市泉台２丁目２９番地１,2019-12-10,株式会社
株式会社トラスティー,埼玉県川口市弥平３丁目１０番１２号,2019-12-10,株式会社
株式会社トータルリサイクル,栃木県鹿沼市みなみ町８番地４４,2019-12-10,株式会社
株式会社ナガシマ,埼玉県蓮田市蓮田３丁目１３６番地１,2019-12-10,株式会社
株式会社ネル,東京都港区芝大門１丁目２番８号芝大門ＯＫビル３Ａ,2019-12-10,株式会社
株式会社ノゾミゴト,埼玉県三郷市早稲田２丁目１６番地１,2019-12-10,株式会社
株式会社ハイスペック,大阪府箕面市桜２丁目７番２３号,2019-12-10,株式会社
株式会社パテ,東京都品川区戸越２丁目５番１８号,2019-12-10,株式会社
株式会社ビューティエッジ,東京都渋谷区恵比寿２丁目２８番１０号ＳｈｕＢＬＤＧ２８７８,2019-12-10,株式会社
株式会社フォーテック,京都府八幡市八幡北浦８番地Ｃ－６０３,2019-12-10,株式会社
株式会社フォーリーフ,大阪府大阪市阿倍野区相生通２丁目１３番１４号,2019-12-10,株式会社
株式会社フォーリーフコンサルティング,千葉県千葉市美浜区中瀬１丁目３幕張テクノガーデンＣＢ棟３階ＭＢＰ,2019-12-10,株式会社
株式会社フューチャーネス,神奈川県横浜市中区新山下２丁目１１番１７―５１７号,2019-12-10,株式会社
株式会社フロムＯＮＥ,京都府宇治市広野町東裏９７番地の１グランシティオ宇治大久保４０３号,2019-12-10,株式会社
株式会社フードプラント,沖縄県那覇市久茂地１丁目１番１号９階,2019-12-10,株式会社
株式会社プランタン,岡山県岡山市北区津島福居１丁目１１番１１号,2019-12-10,株式会社
株式会社プランビー,北海道札幌市中央区南六条東１丁目２番地１イーストアヴェニュー３Ｆ,2019-12-10,株式会社
株式会社ベスト５,福岡県福岡市博多区祇園町４番３－７１０号,2019-12-10,株式会社
株式会社ベティ,山口県山口市小郡新町６丁目１番２５号,2019-12-10,株式会社
株式会社ポーテック,福井県坂井市丸岡町長畝第１５号１番地１,2019-12-10,株式会社
株式会社マゼルト,東京都台東区竜泉２丁目１７番６－５０３号,2019-12-10,株式会社
株式会社マルキ,富山県黒部市堀切新４５０番地２４,2019-12-10,株式会社
株式会社マルス,東京都渋谷区神宮前６丁目２８－９東武ビル５Ｆ,2019-12-10,株式会社
株式会社ミッションＯＫＡ,北海道帯広市西二十二条南３丁目６番地２０,2019-12-10,株式会社
株式会社ミナテラ,大阪府大阪市福島区福島７丁目２０番１８号,2019-12-10,株式会社
株式会社ミルコジャパン,東京都中央区入船１丁目２番９号,2019-12-10,株式会社
株式会社メカニック,大阪府大東市御領１丁目６番７号,2019-12-10,株式会社
株式会社ユナイト,東京都板橋区赤塚１丁目１１番１号１階,2019-12-10,株式会社
株式会社ユニ・エンターテイメント,東京都豊島区東池袋４丁目２４番１３号池袋Ｙ３ビル８階,2019-12-10,株式会社
株式会社ライオンズストーン,東京都台東区松が谷２丁目１５番８号,2019-12-10,株式会社
株式会社ラジストン,東京都新宿区早稲田町８４番地,2019-12-10,株式会社
株式会社リセット,東京都武蔵野市吉祥寺南町３丁目１番２４号,2019-12-10,株式会社
株式会社リチェルカセキュリティ,東京都文京区本郷５丁目２５番１８号ハイテク本郷ビル１階,2019-12-10,株式会社
株式会社リバーフィールド,北海道札幌市東区北九条東８丁目２番６号,2019-12-10,株式会社
株式会社リュクスＬｕｘｅ,東京都品川区大井７丁目１９－２５,2019-12-10,株式会社
株式会社リーフモア,大阪府吹田市山田北９番８－８０３号,2019-12-10,株式会社
株式会社リーラウンジ,東京都大田区多摩川１丁目２６番１号,2019-12-10,株式会社
株式会社ルミエスト,東京都世田谷区三宿１丁目８番１０－１０１号,2019-12-10,株式会社
株式会社レイシスメディカルシステム,大阪府大阪市中央区博労町３丁目５番１号,2019-12-10,株式会社
株式会社ヴェクター物流サービス,北海道札幌市白石区平和通７丁目北１４番２号,2019-12-10,株式会社
株式会社一縫製,愛知県西尾市下町下山１８番地２４,2019-12-10,株式会社
株式会社三樂建築設計事務所,東京都港区三田１丁目２番１８号ＴＴＤビル,2019-12-10,株式会社
株式会社上中別府畜産,鹿児島県曽於市末吉町二之方５７１７番地１２,2019-12-10,株式会社
株式会社上石自動車,福島県郡山市田村町金沢字後田４３番地の１,2019-12-10,株式会社
株式会社丸晋,埼玉県狭山市入間川１４９９番地の１,2019-12-10,株式会社
株式会社京葉工業,東京都江戸川区中央２丁目２３番６号,2019-12-10,株式会社
株式会社人夢送屋運送,宮城県仙台市太白区あすと長町４丁目３番５４－１６０８号,2019-12-10,株式会社
株式会社令和交通,千葉県白井市根７７番地の１,2019-12-10,株式会社
株式会社令和機工,鹿児島県鹿児島市東開町３番地１５６,2019-12-10,株式会社
株式会社佐井,東京都中央区新川１丁目３番７号,2019-12-10,株式会社
株式会社佐川,東京都品川区東品川２丁目３番１２号,2019-12-10,株式会社
株式会社共和,山口県光市大字浅江２９４番地１,2019-12-10,株式会社
株式会社兼松,長野県大町市常盤３５６０番地,2019-12-10,株式会社
株式会社勝隆,神奈川県横浜市磯子区磯子２丁目１９番３９号,2019-12-10,株式会社
株式会社吉井財務コンサルティング,岡山県岡山市北区青江１丁目４番１６号,2019-12-10,株式会社
株式会社吉田総業,北海道室蘭市八丁平４丁目１７番４６号,2019-12-10,株式会社
株式会社和光,広島県広島市佐伯区八幡４丁目９番９－３０３号,2019-12-10,株式会社
株式会社商和水産,熊本県熊本市南区八分字町１５９５番地４,2019-12-10,株式会社
株式会社喜天,福島県双葉郡広野町大字下浅見川字広長９５番地,2019-12-10,株式会社
株式会社喜屋武建設,神奈川県川崎市川崎区大島２丁目１１番８号,2019-12-10,株式会社
株式会社外房ベース,千葉県大網白里市金谷郷２７８８番地,2019-12-10,株式会社
株式会社夢咲,京都府京都市南区久世中久世町１丁目１０３番地,2019-12-10,株式会社
株式会社天寿し,福岡県北九州市小倉北区京町３丁目１１番９号,2019-12-10,株式会社
株式会社宇治商店,北海道札幌市南区澄川三条４丁目３番１号,2019-12-10,株式会社
株式会社安万侶,神奈川県横浜市中区扇町１丁目１番２５号,2019-12-10,株式会社
株式会社宮下運送,愛知県弥富市前ケ須町南本田３６４番地７,2019-12-10,株式会社
株式会社富士の国渡邉農園,静岡県富士市天間１９５２番地,2019-12-10,株式会社
株式会社小池製薬,東京都豊島区北大塚３丁目２５－１５,2019-12-10,株式会社
株式会社小野寺自動車,山形県酒田市市条字横枕３７番地２,2019-12-10,株式会社
株式会社山佐の庭,静岡県浜松市浜北区新原６３６０番地,2019-12-10,株式会社
株式会社山口住研,福岡県北九州市小倉南区沼本町１丁目９番２０号,2019-12-10,株式会社
株式会社岡田工務店,東京都江戸川区鹿骨１丁目１１番６号,2019-12-10,株式会社
株式会社岩一,石川県加賀市合河町ロ５９番地５,2019-12-10,株式会社
株式会社岩清,東京都中央区日本橋大伝馬町６番５号,2019-12-10,株式会社
株式会社岩瀬諒子設計事務所,東京都千代田区東神田１丁目１３番１７号,2019-12-10,株式会社
株式会社島野農園,東京都町田市小野路町３１８６番地１小野路店舗Ａ棟,2019-12-10,株式会社
株式会社彪乎屋,静岡県藤枝市善左衛門２丁目１４番地の４２,2019-12-10,株式会社
株式会社後大建設,千葉県千葉市花見川区幕張町５丁目４１７番地１３３,2019-12-10,株式会社
株式会社日本プラントサービス,東京都江東区高橋１３番１５号,2019-12-10,株式会社
株式会社日本知財総合研究所,東京都世田谷区北沢１丁目１５－５カスタリア北沢４０１,2019-12-10,株式会社
株式会社旬旅,東京都港区赤坂４丁目１３番地５号赤坂オフィスハイツ,2019-12-10,株式会社
株式会社明未,東京都板橋区氷川町４６番９号,2019-12-10,株式会社
株式会社木村栄之助商店,埼玉県北葛飾郡杉戸町杉戸４丁目１番５号,2019-12-10,株式会社
株式会社松田,岡山県岡山市南区三浜町１丁目１５番１号,2019-12-10,株式会社
株式会社林興業,群馬県吾妻郡中之条町大字横尾１６９５番地３,2019-12-10,株式会社
株式会社森下,東京都豊島区目白５丁目２５番４号,2019-12-10,株式会社
株式会社森羅,東京都墨田区墨田３丁目２番３号,2019-12-10,株式会社
株式会社河興,兵庫県伊丹市西野７丁目３番地の１Ａ－６０８号,2019-12-10,株式会社
株式会社港建装,東京都港区港南４丁目２番７－８１６号,2019-12-10,株式会社
株式会社真興,東京都江戸川区平井１丁目１０番１７号,2019-12-10,株式会社
株式会社福家,大阪府大阪市中央区南船場１丁目１７番２１号長堀ビル５Ｆ,2019-12-10,株式会社
株式会社笑顔,北海道函館市本町１１番１４号エヌビル１階,2019-12-10,株式会社
株式会社縁,岐阜県岐阜市茜部大川１丁目９２番地６,2019-12-10,株式会社
株式会社興信化学,東京都豊島区南池袋２丁目２９番１２号,2019-12-10,株式会社
株式会社茶榀,福岡県福岡市博多区堅粕４丁目７番３－１０６号,2019-12-10,株式会社
株式会社藤勝建設,山形県鶴岡市大宝寺字中野９２番地４８,2019-12-10,株式会社
株式会社藤原電気,愛媛県松山市立花５丁目４番５号,2019-12-10,株式会社
株式会社西伊豆クリスタルビュー,静岡県賀茂郡西伊豆町宇久須２１０２番地の１,2019-12-10,株式会社
株式会社西濃ダンボール,岐阜県揖斐郡池田町市橋２１０番地の５,2019-12-10,株式会社
株式会社谷本興業,広島県呉市吉浦岩神町２番１１号,2019-12-10,株式会社
株式会社貴美,静岡県熱海市和田浜南町９－２４,2019-12-10,株式会社
株式会社近江機工,滋賀県野洲市北野１丁目１３－１８－２Ｆ,2019-12-10,株式会社
株式会社金匠Ｋ－ＣＲＡＦＴ,大阪府堺市西区浜寺諏訪森町中１丁１１８番地,2019-12-10,株式会社
株式会社飯田商店,神奈川県秦野市曽屋９６１番地,2019-12-10,株式会社
株式会社高崎調色サービスステイション,群馬県高崎市倉賀野町３８５番地,2019-12-10,株式会社
株式会社高見建設,広島県呉市阿賀中央８丁目５番６－１号,2019-12-10,株式会社
株式会社魁,福岡県中間市岩瀬西町２０番３５号,2019-12-10,株式会社
株式会社１０４Ｔｅｎｎｉｓ,千葉県柏市若柴１７３番地８柏の葉キャンパス１５１街区Ｅ－１６０１,2019-12-10,株式会社
株式会社１０８,千葉県香取市岩ケ崎台７番２１第一グリーンハイツ１０２,2019-12-10,株式会社
株式会社３２６Ｃｏｍｐａｎｙ,香川県高松市上天神町５５２番地１,2019-12-10,株式会社
株式会社ＡＣＴ　ＡＲＩＳＥ,福岡県北九州市小倉南区上石田１丁目１１番１１号,2019-12-10,株式会社
株式会社ＡＤＶＡＮＣＥ,千葉県印西市戸神１０４３－２２,2019-12-10,株式会社
株式会社ＡＫＢ　Ｊａｐａｎ,東京都港区虎ノ門４丁目３番２０号神谷町ＭＴビル１４Ｆ,2019-12-10,株式会社
株式会社ＡＬＩＶＥ,愛知県豊田市西岡町保ケ山５６番地１,2019-12-10,株式会社
株式会社ＡＲＡＷＡＫ,千葉県千葉市緑区高田町４１６番地６２,2019-12-10,株式会社
株式会社ＡＲＩＫＡ,北海道石狩郡当別町北栄町３７番地１０,2019-12-10,株式会社
株式会社ＡＳＣＲＩＳＳ,大阪府大阪市生野区新今里３丁目６番５号１Ｆ,2019-12-10,株式会社
株式会社ＡＹＡ,愛媛県大洲市東大洲１８０番地３,2019-12-10,株式会社
株式会社Ａｍｐｅｒｓａｎｄ　Ｊａｐａｎ,京都府京都市下京区深草町５７２番地２グラン・ドムール五条烏丸１０７号室,2019-12-10,株式会社
株式会社ＢＬＡＮＧＫ,京都府京都市下京区烏丸通仏光寺下る大政所町６８０番地１第八長谷ビル２３７,2019-12-10,株式会社
株式会社ＢＲＡＶＥ　ＡＵＴＯ,愛知県名古屋市南区源兵衛町４丁目４５番地の１,2019-12-10,株式会社
株式会社ＢＵＳＯＵ,福島県福島市北町２番３２号,2019-12-10,株式会社
株式会社ＣＩＴＳ,茨城県水戸市見川町２１４３番地の３０,2019-12-10,株式会社
株式会社ＣＲＩＳＣＯ,東京都港区高輪３丁目１１番１－９０３号,2019-12-10,株式会社
株式会社Ｃｈａｌｌｅｎｇｅ　Ｆｕｎｄ,東京都港区南麻布１丁目６番３０号,2019-12-10,株式会社
株式会社Ｃｉｔｙ　Ａｉｓ,香川県高松市中野町２９番５号高松プラザビル３階,2019-12-10,株式会社
株式会社Ｃｏｍｐｌｅｔｅ　ｔｈｅ　Ｐｕｚｚｌｅ,東京都大田区山王４丁目１５番１５号３階,2019-12-10,株式会社
株式会社Ｃｕｒｅ　Ｂｕｔｔｅｒｆｌｙ,三重県桑名市星見ヶ丘５丁目１２１５番地１,2019-12-10,株式会社
株式会社Ｄメディカル,東京都港区赤坂３丁目１６番５号ユタカ産業ビル３０１,2019-12-10,株式会社
株式会社ＤＭＧコミュニケーションズ,大分県大分市王子北町６８番地３,2019-12-10,株式会社
株式会社ＥＢＩＮＯエンジニアリング,奈良県生駒市北田原町２１８１番地,2019-12-10,株式会社
株式会社ＦＲＥＥ　ＪＯＢ,東京都豊島区西池袋１丁目４番１０号,2019-12-10,株式会社
株式会社Ｇｅｎｅｒａｌ　Ｏｆｆｉｃｅ,神奈川県横浜市青葉区鴨志田町１６８番地４,2019-12-10,株式会社
株式会社ＨＡＲＩＭＡ,大阪府大阪市東淀川区豊里６丁目４番３号,2019-12-10,株式会社
株式会社ＨＯｈａｎａ,東京都江戸川区南篠崎町３丁目３番１－２１１号スイートヒルズ瑞江,2019-12-10,株式会社
株式会社Ｈａｉ　Ｈａｉ,神奈川県横浜市南区日枝町１丁目１,2019-12-10,株式会社
株式会社Ｈｏｌｏ　Ｐｏｎｏ,東京都港区海岸１丁目１番１号アクティ汐留４３０３,2019-12-10,株式会社
株式会社Ｉ－ＧＲＩＴ,東京都中野区新井２丁目２９番８号,2019-12-10,株式会社
株式会社ＩＣＲ　ＪＡＰＡＮ　ＧＲＯＷ,東京都品川区東中延１丁目１０番１４号,2019-12-10,株式会社
株式会社ＩＮＲＥＡＳＯＮ,大阪府大阪市中央区南久宝寺町１丁目３番９号,2019-12-10,株式会社
株式会社ＩＮＴＥＲＩＯＲ　ＭＡＫＯ,東京都板橋区四葉２丁目２９番９号,2019-12-10,株式会社
株式会社Ｋ－Ｖｉｌｌａｇｅ,北海道札幌市北区北二十七条西９丁目４番１０号,2019-12-10,株式会社
株式会社ＫＩＴ,大分県大分市寿町１０番１０号,2019-12-10,株式会社
株式会社ＫＭＳ,東京都世田谷区野毛２丁目２０番２３－３１２号,2019-12-10,株式会社
株式会社ＫＳｃｏｍｐａｎｙ,東京都新宿区新宿２丁目２番１号３Ｆ株式会社ＹＳｃｏｍｐａｎｙ内,2019-12-10,株式会社
株式会社ＫＵＲＩＹＡ,福岡県福岡市東区香椎浜４丁目７番ネクサス香椎８－５０３号,2019-12-10,株式会社
株式会社ＬＡＲＩＣＡ,神奈川県横浜市西区みなとみらい２丁目２番１号横浜ランドマークタワー２０Ｆ,2019-12-10,株式会社
株式会社ＬＩＮＫ,千葉県東金市北之幸谷７３番地１６,2019-12-10,株式会社
株式会社Ｌｅａｐ,埼玉県戸田市大字新曽２０７５番地の２,2019-12-10,株式会社
株式会社Ｌｅａｐ　Ｍｉｎｄ,長野県松本市石芝４丁目２番４８号,2019-12-10,株式会社
株式会社Ｌｉｂｒａ,宮城県仙台市泉区南光台１丁目６番１０号αネクスト南光台２０５,2019-12-10,株式会社
株式会社ＭＡＭＣ,東京都港区虎ノ門１丁目２３番２－３８１３号,2019-12-10,株式会社
株式会社ＭＩＡＲＥ,東京都荒川区東日暮里１丁目２番８－６０６号,2019-12-10,株式会社
株式会社ＭＩＤＩＰＬＵＳ,東京都台東区浅草２丁目４番８号,2019-12-10,株式会社
株式会社ＭＩＷＡ,京都府京都市上京区堀川町下立売通御前通西入二丁目５２１,2019-12-10,株式会社
株式会社ＭＵグループ,千葉県松戸市秋山１丁目１６番地４シーアイマンション松戸秋山ステーションプラザ１０２号,2019-12-10,株式会社
株式会社Ｍａｌｍｕｍ,神奈川県川崎市中原区新丸子東３丁目１１１１番地１レジデンス・ザ・武蔵小杉２１０,2019-12-10,株式会社
株式会社Ｍｉｌｅｓｔｏｎｅ,東京都世田谷区世田谷２丁目１４番３号エクセル世田谷３０１,2019-12-10,株式会社
株式会社Ｍｉｔｏ,三重県松阪市本町２０５８番地１,2019-12-10,株式会社
株式会社ＮＡＲＡＪＡＰＡＮ,埼玉県川口市本町４丁目１３－３－２０５号,2019-12-10,株式会社
株式会社ＮＥＸＴ,千葉県木更津市祇園１丁目１番７号,2019-12-10,株式会社
株式会社ＮＫ　ｂｅａｕｔｙ　ｓｕｐｐｏｒｔ,東京都世田谷区三軒茶屋１丁目３０番１１－７０４号,2019-12-10,株式会社
株式会社ＮＳＳＫ－Ｍ,東京都港区愛宕２丁目５番１号愛宕グリーンヒルズＭＯＲＩタワー,2019-12-10,株式会社
株式会社ＮＳＳＫ－ＭＭ,東京都港区愛宕２丁目５番１号愛宕グリーンヒルズＭＯＲＩタワー,2019-12-10,株式会社
株式会社ＮｅｗＳｐｅｃ,東京都港区虎ノ門１丁目１６番６号虎ノ門ＲＡＰＯ－ＴＯビルＵＣＦ７階,2019-12-10,株式会社
株式会社ＮｕＤＧＥ,栃木県宇都宮市花園町１７番地２号ヒロビル２階,2019-12-10,株式会社
株式会社Ｏ．Ｔｈｒｅｅ,沖縄県那覇市久茂地３丁目４－１キャプテンズビル６Ｆ,2019-12-10,株式会社
株式会社ＯＨＴＳＵＫＡ,富山県富山市桜町１丁目３番４号,2019-12-10,株式会社
株式会社ＯＮＥ,愛知県名古屋市西区牛島町６－１名古屋ルーセントタワー（４０階）,2019-12-10,株式会社
株式会社Ｏｏｏｋｅｙ,東京都港区南青山５丁目１１－１４Ｈ＆Ｍ南青山４０３,2019-12-10,株式会社
株式会社ＰＢＯＯＫＭＡＲＫ,鹿児島県霧島市国分重久４６３９番地,2019-12-10,株式会社
株式会社Ｐａｎｄａ,大阪府大阪市浪速区桜川４丁目３番２２号ＦｏｒＹｏｕ桜川ビル８Ｆ,2019-12-10,株式会社
株式会社ＲＡＳＮＩＭＯ,兵庫県神戸市垂水区城が山１丁目９番１２号,2019-12-10,株式会社
株式会社ＲＩＳＥＬ,兵庫県神戸市東灘区本山北町５丁目９番６号,2019-12-10,株式会社
株式会社Ｒａｎａｗｎ,福岡県筑後市大字古島６０２番地２,2019-12-10,株式会社
株式会社Ｒｅ－Ｓｐｅｃ,東京都荒川区南千住６丁目４３－３ミッドガーデンシティ１７０４,2019-12-10,株式会社
株式会社Ｒｅｎａｔｅ,福岡県福岡市博多区銀天町２丁目２番１７号,2019-12-10,株式会社
株式会社Ｒｏｓｅｔｔａ　Ｇｒｅｅｎｓ,東京都大田区萩中３丁目３０番１０号,2019-12-10,株式会社
株式会社Ｓ＆Ｋ総合設備,埼玉県富士見市山室２丁目８番２号ＷＥＬＬ’Ｓ２１鶴瀬２,2019-12-10,株式会社
株式会社ＳＡＰ,神奈川県横浜市中区桜木町１丁目１番地桜木町ぴおシティ５階,2019-12-10,株式会社
株式会社ＳＭＡＺＥＲＯ,大阪府大阪市西区新町１丁目１４番４３号日宝ニュー立売堀ビル４Ｆ,2019-12-10,株式会社
株式会社ＳＯＡＲ,東京都新宿区西新宿８丁目６番２号野島ビル１０１,2019-12-10,株式会社
株式会社ＳＯＣＯ,東京都豊島区東池袋１丁目３４番５号いちご東池袋ビル６階,2019-12-10,株式会社
株式会社ＳＵＣＲＥ　ＪＡＰＯＮ,東京都港区西麻布４丁目８番１８－２０１号,2019-12-10,株式会社
株式会社ＳＵＰＥＲＮＯＶＡ,香川県丸亀市綾歌町富熊１５６０番地１,2019-12-10,株式会社
株式会社ＳｎｏｗＢｉｚ,新潟県長岡市川崎２丁目２４６６番地５,2019-12-10,株式会社
株式会社Ｓｕｎ　Ｙｏｕ,大阪府大阪市中央区南船場２丁目４番８号長堀プラザビルＢ１Ｆ,2019-12-10,株式会社
株式会社Ｓｕｎｓｙ,大阪府大阪市天王寺区堂ケ芝１丁目１１番１８号プレアデス桃谷,2019-12-10,株式会社
株式会社ＴＲＵＳＴ　ＯＮＥ,沖縄県名護市字振慶名２９２番地,2019-12-10,株式会社
株式会社Ｔｅｎ－Ｔｈｉｒｔｙ,東京都渋谷区代々木１丁目５１－７－３Ｆ,2019-12-10,株式会社
株式会社Ｔｏｒｉｐｐｏ,東京都港区六本木６丁目１番２０号電気ビル５Ｆ,2019-12-10,株式会社
株式会社ＴｒｉｐｌｅＭｉｎｄ,東京都新宿区西新宿７丁目５番９号ファーストリアルタワー新宿１０１０,2019-12-10,株式会社
株式会社ＶＩＡ,東京都渋谷区代々木１丁目５４番２号,2019-12-10,株式会社
株式会社ＶＩＡＳＴＡ,兵庫県神戸市灘区水道筋２丁目３３番地の１、１４０１号,2019-12-10,株式会社
株式会社Ｖｉａｎ,神奈川県横浜市都筑区早渕１丁目２番６－５０３号,2019-12-10,株式会社
株式会社Ｖｉｓｉｏｎ,埼玉県越谷市レイクタウン７丁目３番地１,2019-12-10,株式会社
株式会社Ｗ－Ｋ,埼玉県さいたま市北区本郷町１２９２番地アーク本郷２番館１０１号,2019-12-10,株式会社
株式会社ＺＥＮ,山梨県甲府市酒折町１３３８－５４－２０１号,2019-12-10,株式会社
株式会社ＺＥＮ,大阪府大阪市阿倍野区北畠１丁目２５番１３－２０７号,2019-12-10,株式会社
株式会社ａｎｄ　ｓｐｒｏｕｔｅｄ,埼玉県入間郡越生町大字小杉６８１番地９,2019-12-10,株式会社
株式会社ａｖｅｎｉｒ,福岡県北九州市小倉南区南方５丁目９番３２号,2019-12-10,株式会社
株式会社ｂｅｅ,滋賀県大津市大江１丁目３番５－４１２号,2019-12-10,株式会社
株式会社ｂｅｉｎｇ,東京都豊島区南池袋２丁目８－１８コーポ高砂８０２号室,2019-12-10,株式会社
株式会社ｄ‐ｍａｋｅｒ,東京都世田谷区太子堂２丁目１７番５号佐藤ビル３階,2019-12-10,株式会社
株式会社ｅ－ジェネクト,福岡県福岡市博多区下川端町１０番４号,2019-12-10,株式会社
株式会社ｅｃｏ,東京都中央区日本橋蛎殻町１丁目１３番１号ユニゾ蛎殻町北島ビル,2019-12-10,株式会社
株式会社ｅｍｉｎａｓ,東京都江東区木場５丁目６番３７号モナーク木場公園３０１,2019-12-10,株式会社
株式会社ｅｔａｐｅ,滋賀県東近江市五個荘簗瀬町４０４番地,2019-12-10,株式会社
株式会社ｈａｌｕ,北海道石狩市花川東一条４丁目３７番地２,2019-12-10,株式会社
株式会社ｈｙｐｅｘ,東京都渋谷区渋谷３丁目２６－１６第五叶ビル５Ｆ,2019-12-10,株式会社
株式会社ｌｉａｇｅ,埼玉県越谷市越ヶ谷２丁目２番３０号,2019-12-10,株式会社
株式会社ｌｕｓｈｒｏｏｍ,福岡県大川市大字荻島５２－３,2019-12-10,株式会社
株式会社ｒａｋｕｓａｉ,東京都品川区西五反田２丁目２８番５号,2019-12-10,株式会社
株式会社ｔｈｅ　Ｙｏｕ,東京都渋谷区東２丁目１９番１１号ＮフラットＢ１,2019-12-10,株式会社
株式会社ｔｏｄｏ,大阪府大阪市西区北堀江１丁目１－２７イマイビル３Ｆ,2019-12-10,株式会社
株式会社ｕｉｔ,京都府京都市伏見区新町４丁目４６５番地５マース・リヴィエール１Ｆ,2019-12-10,株式会社
株式会社ｖａｌｕｅ,東京都渋谷区円山町５番５号Ｎａｖｉ渋谷Ｖ３階,2019-12-10,株式会社
株式会社ｗａｂｉｓａｂｉ,東京都台東区東上野３丁目３６番７号,2019-12-10,株式会社
正品株式会社,神奈川県横浜市鶴見区尻手１丁目１番１８号,2019-12-10,株式会社
正方実業株式会社,埼玉県川口市本町３丁目１番３－７０２号,2019-12-10,株式会社
池ノ上防水工業株式会社,埼玉県上尾市大字中新井字坊山５０９番地１,2019-12-10,株式会社
洛水金禾合同会社,東京都千代田区神田須田町１丁目１４番１号,2019-12-10,合同会社
特定非営利活動法人リンネル日進,愛知県日進市東山７丁目１５０３番地,2019-12-10,その他の設立登記法人
特定非営利活動法人Ｏｈａｎａ,山口県山口市吉敷下東２丁目１４番３－１１０２号,2019-12-10,その他の設立登記法人
琉球トータルマネジメント株式会社,沖縄県那覇市泉崎１丁目１０番１６号,2019-12-10,株式会社
盛合商事株式会社,東京都新宿区西新宿７丁目１１番３号,2019-12-10,株式会社
盛欣盈株式会社,千葉県市川市真間１丁目１４番２０－３０１号ブランズ市川レフィール,2019-12-10,株式会社
砂海合同会社,千葉県我孫子市布佐９８９－１４,2019-12-10,合同会社
碧翠ホールディングス株式会社,石川県金沢市窪７丁目３６４番地,2019-12-10,株式会社
社外経理株式会社,東京都港区南青山２丁目４番１５号天翔南青山ビル３０３,2019-12-10,株式会社
税理士法人みすず,東京都中野区東中野３丁目１６番１４号,2019-12-10,その他の設立登記法人
紅幸合同会社,大阪府豊中市蛍池西町二丁目１６番２２－９０５号,2019-12-10,合同会社
義友株式会社,福岡県福岡市博多区博多駅前４丁目３３番７号ロマネスク博多駅前９０４号,2019-12-10,株式会社
芳澤鉛錫株式会社,大阪府大阪市西区京町堀１丁目８番３３号,2019-12-10,株式会社
草彅畜産株式会社,秋田県大仙市豊川字上水無２２番地,2019-12-10,株式会社
華麒国際貿易株式会社,大阪府東大阪市花園東町２丁目３－１７－２０２,2019-12-10,株式会社
訪問看護ステーション・ＡＬＴＯＮ株式会社,佐賀県多久市北多久町大字多久原２４６３番地１３,2019-12-10,株式会社
豊洲金属産業合同会社,東京都江東区東雲１丁目５番１８号,2019-12-10,合同会社
起業支援マーケティング株式会社,東京都港区南青山２丁目４番１５号天翔南青山ビル３０３,2019-12-10,株式会社
輝北牧場株式会社,鹿児島県鹿屋市輝北町市成１６６１番地４７,2019-12-10,株式会社
農事組合法人古上野シードファーム,富山県砺波市庄川町古上野３２番地,2019-12-10,その他の設立登記法人
金悦貿易株式会社,千葉県市川市中国分１丁目２３番３号,2019-12-10,株式会社
関東振業協同組合,埼玉県八潮市大字浮塚９９４番地１３,2019-12-10,その他の設立登記法人
関西物産株式会社,兵庫県神戸市垂水区千鳥が丘３丁目８番８号,2019-12-10,株式会社
高知学芸高等学校同窓会,高知県高知市槇山町１１番１２号,2019-12-10,その他
龍原誠株式会社,東京都足立区西保木間１丁目２２番２０号２０１,2019-12-10,株式会社
２０２０ｚｅｌｅ合同会社,大阪府大阪市西区立売堀４丁目７－１５番６０９号,2019-12-10,合同会社
Ａ　ａｄｖａｎｃｅ株式会社,東京都港区麻布十番３丁目３番１３－８０２号,2019-12-10,株式会社
Ａ＆Ｋアセットマネジメント合同会社,山口県美祢市美東町大田２４５６,2019-12-10,合同会社
Ａ－ＮＥＸＴ株式会社,東京都新宿区大久保２丁目１番８号,2019-12-10,株式会社
ＡＬＭＡ株式会社,千葉県松戸市小金原８丁目１３番地の４０,2019-12-10,株式会社
ＡＭＩ株式会社,神奈川県横浜市戸塚区鳥が丘３８番地８,2019-12-10,株式会社
ＡＮＡＮＴＡ　ＢＩＪＯＵＸ株式会社,東京都台東区東上野１丁目２１番２号ジェムセンタービル２Ｆ,2019-12-10,株式会社
ＡＮＪＡＬＩ　ＴＡＲＤＩＮＧ合同会社,千葉県八街市大木８１３番地６,2019-12-10,合同会社
ＡＴＨＥＮＡ株式会社,大阪府大阪市中央区島之内１丁目２１番２４号ファーストＫビル７０１,2019-12-10,株式会社
ＡＸＥＬＬ株式会社,東京都渋谷区渋谷１丁目７番５号青山セブンハイツ３０４,2019-12-10,株式会社
Ａｐｏｌｌｏ合同会社,北海道札幌市南区真駒内本町１丁目２番１号１０５,2019-12-10,合同会社
ＢＡＮＤＷＡＧＯＮ株式会社,東京都台東区根岸２丁目２０―１３―５０１,2019-12-10,株式会社
ＢＡＳＳＩＬＩＮＥ合同会社,東京都北区上十条３丁目２９番２０号アルボール上十条１Ｆ美容室,2019-12-10,合同会社
ＢＯＡＴＹ　ＣＯＭＰＡＮＹ　ＬＩＭＩＴＥＤ,,2019-12-10,外国会社等
ＢＯＳＳＨＲ株式会社,東京都荒川区東日暮里６丁目５５番１０号佐藤ビル１０２号室,2019-12-10,株式会社
Ｃａｍｄｅｎ　Ｖｅｎｔｕｒｅｓ合同会社,福岡県福岡市中央区渡辺通５丁目１４－１２南天神ビル３階,2019-12-10,合同会社
Ｃｌｅａｎ＆Ｂｅｅ総合企画合同会社,福島県南相馬市小高区大富字松ケ沢２７番地の３,2019-12-10,合同会社
Ｄ　ｉｎｆｉｎｉｔｙ株式会社,埼玉県川越市大字南田島５６９番地８,2019-12-10,株式会社
ＤＧＣグループ合同会社,沖縄県名護市字宇茂佐４６６番地,2019-12-10,合同会社
ＤＭ国際株式会社,東京都江東区塩浜２丁目５番１－９０２号,2019-12-10,株式会社
Ｄｒｅａｍ　ｏｆ　Ｆｌｉｇｈｔ合同会社,沖縄県中頭郡北谷町字美浜５４番地１マカイリゾート北谷２階－３号,2019-12-10,合同会社
ＥＣ物販合同会社,大阪府大阪市浪速区元町３丁目８－１０ギャレ元町１０３,2019-12-10,合同会社
ＥＬＥＡＳ株式会社,長野県飯田市松尾常盤台１７１番地２,2019-12-10,株式会社
ＥａｓｔＧａｔｅホールディングス株式会社,東京都港区六本木６丁目１０番１号,2019-12-10,株式会社
ＨＡＴサービス株式会社,岡山県岡山市南区豊成１丁目１４番１２号,2019-12-10,株式会社
ＩＴｒｅａｓｕｒｅ株式会社,三重県四日市市小杉町１８２５番地,2019-12-10,株式会社
ＩｎｄｅｐｅｎｄｅｎｔＰａｒｔｎｅｒｓ合同会社,東京都新宿区新宿２丁目１２番１３号新宿アントレサロンビル２階,2019-12-10,合同会社
ＪＡＰＡＮ　ＡＵＴＯ　ＴＲＡＤＩＮＧ合同会社,新潟県妙高市大字小濁７３１番地レンタルスペース２Ｆ－３,2019-12-10,合同会社
Ｊｐ　ａｓｉａ　ｈｏｌｄｉｎｇｓ株式会社,東京都江戸川区東小岩１丁目１０番１６号,2019-12-10,株式会社
ＫＡＮＡＧＡＷＡ　ＭＯＴＯＲＳ合同会社,新潟県妙高市大字小濁７３１番地レンタルスペース２Ｆ－４,2019-12-10,合同会社
ＫｚＴｏｏｌ　Ｊａｐａｎ合同会社,福岡県八女郡広川町大字藤田７３８－１１藤田マンション６０２,2019-12-10,合同会社
ＭＡＮＭＡ合同会社,東京都台東区浅草橋１丁目３１番４号大原第三ビルＢ一階Ａ室,2019-12-10,合同会社
ＭＥＥＥＴ合同会社,東京都渋谷区恵比寿南３丁目１１－８日商岩井恵比寿マンション３０３,2019-12-10,合同会社
ＭＭ商工株式会社,神奈川県横浜市中区若葉町３丁目５１－３ピクセル伊勢佐木町４０２,2019-12-10,株式会社
ＭＯＲＩＥＴ合同会社,岡山県岡山市北区七日市西町７番４８号６０６,2019-12-10,合同会社
ＭＵラボ合同会社,長野県松本市梓川倭２５７１番地５,2019-12-10,合同会社
Ｍｉｎｄａ　Ｃｏｒｐｏｒａｔｉｏｎ　Ｌｉｍｉｔｅｄ,東京都千代田区神田神保町１丁目４８番地第一矢部ビル２階,2019-12-10,外国会社等
ＮＯＫ株式会社,埼玉県深谷市東方３６６４番地５,2019-12-10,株式会社
ＮＰＯ法人成長期スポーツ障害検診機構,福岡県福岡市南区向新町１丁目１４番３３号,2019-12-10,その他の設立登記法人
ＰＡＳＳ　ＯＮ　ＣＯＯＬ合同会社,静岡県静岡市清水区草薙１丁目２６番５号Ａ－１,2019-12-10,合同会社
ＰＦＩ京都市上下水道庁舎整備・運営株式会社,京都府京都市中京区室町通錦小路上る山伏山町５５０番１,2019-12-10,株式会社
Ｓ＆Ｊｉｉ株式会社,岡山県岡山市南区西市５９３番地５,2019-12-10,株式会社
Ｓ．Ｈ．株式会社,東京都世田谷区池尻３丁目５番２２－３０１号,2019-12-10,株式会社
Ｓ．Ｈ．Ｃクリエイション株式会社,東京都練馬区北町２丁目１９番２５－２０３号,2019-12-10,株式会社
ＳＩＮＷＡＹＳ株式会社,東京都江東区亀戸１丁目４３番８号,2019-12-10,株式会社
ＳＪソリューションズ株式会社,千葉県市川市田尻３丁目６番１７－３０７号,2019-12-10,株式会社
ＳＭＲパートナーズ株式会社,神奈川県横浜市青葉区つつじが丘９番地１ドレッセ青葉台４３０号室,2019-12-10,株式会社
ＳＴＳ株式会社,神奈川県横浜市旭区二俣川１丁目４５番地４５大高ビル３Ｆ,2019-12-10,株式会社
ＳＵＧＡＮＯ合同会社,千葉県市川市東大和田１丁目２６番１６－３０６号,2019-12-10,合同会社
Ｓｐｅｎｃｅｒ　Ｏｇｄｅｎ　ＰＴＥ　ＬＴＤ,,2019-12-10,外国会社等
ＳｐｏｒｔｓＷｏｒｋｓ合同会社,東京都中央区日本橋兜町１７番２号兜町第６葉山ビル４階,2019-12-10,合同会社
Ｔ－ＣＯＮＮＥＣＴ協同組合,熊本県八代市郡築一番町５４番地１,2019-12-10,その他の設立登記法人
ＴＡＫＡテクニカ株式会社,東京都練馬区谷原１丁目３番３号,2019-12-10,株式会社
ＴＥＮＧＯＯＤ株式会社,神奈川県横浜市中区太田町２丁目３２番地１ビラ・アペックス横浜関内１階,2019-12-10,株式会社
ＴＨＥ　ＫＩＭ合同会社,東京都八王子市明神町４丁目１番１２号,2019-12-10,合同会社
ＴＬＣ株式会社,和歌山県和歌山市内原１３２１番地,2019-12-10,株式会社
ＷＥＡＬＴＨＹ　ＲＡＩＮＢＯＷ　ＤＥＶＥＬＯＰＭＥＮＴ　ＬＩＭＩＴＥＤ,大阪府大阪市中央区南本町２丁目４－１,2019-12-10,外国会社等
Ｗｉｎｃｕｌｅ合同会社,沖縄県うるま市字高江洲３４６番地１ＲコンドミニアムＡ１０１,2019-12-10,合同会社
ＸＹＺグループ株式会社,東京都江東区豊洲２丁目５番１－４５１０号,2019-12-10,株式会社
Ｙ’ｓボデーエンジニア株式会社,山形県鶴岡市宝田３丁目２番３２号,2019-12-10,株式会社
ＹＨコンサルティング合同会社,神奈川県鎌倉市台５丁目４番８－７０１号,2019-12-10,合同会社
ｂｌｕｅ　ｓｋｙ合同会社,神奈川県高座郡寒川町一之宮３丁目２７番７号,2019-12-10,合同会社
ｃｏｍｍｕｎｅＡＯＭＵＳＨＩ株式会社,山形県新庄市十日町６０００番地の１,2019-12-10,株式会社
ｄｅｓｉｒｔｅｃｈ合同会社,千葉県流山市南流山１丁目１番地の１３,2019-12-10,合同会社
ｅ－ｔｒｅａｔｍｅｎｔ株式会社,福岡県福岡市中央区薬院１丁目１６番５号松井ビル２Ｆ,2019-12-10,株式会社
ｓｅｅｅｄ株式会社,岐阜県大垣市鶴見町５５番地１,2019-12-10,株式会社
ｚｅｒｏｋａｒａ株式会社,東京都日野市日野本町５丁目２番地の１,2019-12-10,株式会社
あっとぷらす合同会社,福岡県福岡市東区唐原５丁目１番５６－１０５号,2019-12-11,合同会社
はないく合同会社,静岡県焼津市三ケ名２６９番地,2019-12-11,合同会社
ふれ愛グループ藤合同会社,奈良県香芝市真美ヶ丘５丁目３番２９号,2019-12-11,合同会社
むつ小川原風力合同会社,大阪府大阪市住之江区南港北１丁目７番８９号,2019-12-11,合同会社
やまと機工株式会社,兵庫県尼崎市西長洲町３丁目１番６０号,2019-12-11,株式会社
アルファサービス合同会社,北海道札幌市中央区南一条西７丁目１番地３,2019-12-11,合同会社
アルプワークス合同会社,北海道札幌市中央区南七条西２３丁目１番２０号,2019-12-11,合同会社
イッツポッシブル合同会社,三重県四日市市桜町８５５９番地１,2019-12-11,合同会社
エクサム合同会社,東京都品川区小山４丁目９－１２－１０１,2019-12-11,合同会社
エスエムＦ合同会社,福岡県福岡市博多区祇園町８番１３－６１３号,2019-12-11,合同会社
エターナルピース合同会社,沖縄県沖縄市与儀１丁目３０番２０号ザ・プレースライカムプラチナムテラス３０４号室,2019-12-11,合同会社
エヌアンドエム株式会社,神奈川県横浜市鶴見区平安町１丁目５７番地１パームツリーハウス１０３,2019-12-11,株式会社
エバーフリー株式会社,東京都大田区北糀谷２丁目４番７－５０４号,2019-12-11,株式会社
エフピーアイリテイリング合同会社,神奈川県横浜市旭区中希望が丘６２番地,2019-12-11,合同会社
オサダテクノエンジニア株式会社,愛知県清須市大嶋２丁目３番地４,2019-12-11,株式会社
オフィスＳ株式会社,大阪府堺市堺区九間町西２丁２番１２－６号,2019-12-11,株式会社
キオラ株式会社,東京都中野区弥生町２丁目７番５号,2019-12-11,株式会社
キッズオーライ株式会社,静岡県静岡市駿河区石田３丁目１２番３０号,2019-12-11,株式会社
ギアテック株式会社,大阪府泉大津市下条町１２番１０号,2019-12-11,株式会社
ケイリード合同会社,東京都品川区東五反田１丁目１３番１２号いちご五反田ビル１０階,2019-12-11,合同会社
ササキウォール産業有限会社,秋田県能代市明治町１番３号,2019-12-11,有限会社
スタークホールディングス株式会社,岡山県岡山市北区東古松２丁目１０－３７－２０５,2019-12-11,株式会社
タウンクロスサウス株式会社,鹿児島県鹿児島市鷹師１丁目５番８号,2019-12-11,株式会社
チップキー株式会社,東京都台東区台東３丁目１番３－１０１号,2019-12-11,株式会社
テラス美ら浜合同会社,沖縄県うるま市字喜屋武６５４番地７,2019-12-11,合同会社
ナガイ建築株式会社,青森県青森市大字油川字大浜１２３番地８,2019-12-11,株式会社
ナナン物流株式会社,島根県浜田市旭町今市３８４番地８,2019-12-11,株式会社
パシフィックウィル株式会社,埼玉県戸田市氷川町２丁目６番３号,2019-12-11,株式会社
ヒキュウ株式会社,東京都台東区上野５丁目１３番９号,2019-12-11,株式会社
フェムトグロース・スリー合同会社,東京都渋谷区神宮前５丁目５３番６７号,2019-12-11,合同会社
フラミンゴビューティ株式会社,広島県広島市南区荒神町５番８号,2019-12-11,株式会社
プロステージ合同会社,群馬県太田市藪塚町１５６９番地５ブレインメゾン２０４号,2019-12-11,合同会社
ホテルトータルサポート合同会社,大阪府大阪市東淀川区西淡路１丁目３番３２号,2019-12-11,合同会社
ミールニー・ミール,岐阜県高山市西之一色町３丁目１０７７番地１マンション鴻巣Ａ－１２,2019-12-11,その他
ヤンマーグローバルエキスパート株式会社,大阪府大阪市北区茶屋町１番３２号,2019-12-11,株式会社
ユナイス株式会社,熊本県熊本市中央区中央街４番２２号アルバ銀座通り５Ｆ,2019-12-11,株式会社
ライクル株式会社,東京都目黒区青葉台１丁目２９－１２,2019-12-11,株式会社
ラスター・ゲームズ・ジャパン株式会社,東京都港区六本木７丁目３番８号,2019-12-11,株式会社
リルノ合同会社,北海道札幌市豊平区平岸四条１丁目１番２号,2019-12-11,合同会社
レイズラボ株式会社,京都府京都市右京区西京極中沢町１番地１３サンシティ西京極２番館５０１号,2019-12-11,株式会社
レグルス合同会社,石川県金沢市矢木２丁目２２番地,2019-12-11,合同会社
レックス設備株式会社,大阪府大阪市東淀川区豊里１丁目９番２３号,2019-12-11,株式会社
ロイヤルアスコット株式会社,東京都武蔵野市吉祥寺東町２丁目１８番９号プリマベーラ吉祥寺２０１号室,2019-12-11,株式会社
一般社団法人たなごころ,埼玉県さいたま市中央区上峰２丁目１３番７号,2019-12-11,その他の設立登記法人
一般社団法人わかいろ企画,東京都江戸川区西葛西７丁目１４番１５号,2019-12-11,その他の設立登記法人
一般社団法人キャンパルジャパン持株会,東京都江東区南砂２丁目３６番１０号光陽ビル,2019-12-11,その他の設立登記法人
一般社団法人シニアハートサポートひなた,福岡県福岡市博多区奈良屋町１０番３号,2019-12-11,その他の設立登記法人
一般社団法人トータルサポートつなぐ,大阪府大阪市天王寺区東高津町６番２１号,2019-12-11,その他の設立登記法人
一般社団法人マザーズブルーミングコミュニケーション,千葉県千葉市花見川区幕張町４丁目７７５番地２－１０４,2019-12-11,その他の設立登記法人
一般社団法人九曜,茨城県つくば市苅間６７２番地２,2019-12-11,その他の設立登記法人
一般社団法人全国生産緑地連合協会,京都府京都市南区吉祥院内河原町３番地２,2019-12-11,その他の設立登記法人
一般社団法人国際ビューティプロフェッショナルクラブ,東京都目黒区上目黒１丁目３番１２号中目黒ＬＫビル２Ｆ４５１ｈａｉｒｄｅｓｉｇｎ内,2019-12-11,その他の設立登記法人
一般社団法人地域緩和ケア推進協会,栃木県塩谷郡高根沢町大字宝積寺１１０５番地３花舎Ｌ棟,2019-12-11,その他の設立登記法人
一般社団法人安城市交響楽団,愛知県安城市御幸本町１０番６号四生堂ビル３Ｆ,2019-12-11,その他の設立登記法人
一般社団法人日本住宅購入診断士協会,大分県大分市下郡北１番６号,2019-12-11,その他の設立登記法人
一般社団法人日本国際産業推進協会,大阪府大阪市淀川区宮原５丁目１番２８号,2019-12-11,その他の設立登記法人
一般社団法人日本社会福祉調理師協会,神奈川県横浜市港北区大豆戸町１１４９番地,2019-12-11,その他の設立登記法人
一般社団法人日本誘電体学会,東京都新宿区山吹町３５８番地５,2019-12-11,その他の設立登記法人
一般社団法人星ヶ丘ウエルネス協会,大阪府枚方市中宮西之町１５番１８－１０１号,2019-12-11,その他の設立登記法人
一般社団法人未来,広島県広島市西区庚午中２丁目１９番２８号,2019-12-11,その他の設立登記法人
一般社団法人檜の森あすなろ児童クラブ,沖縄県那覇市字識名１２７９番地１,2019-12-11,その他の設立登記法人
一般社団法人清雅学院,富山県富山市水橋北馬場１３０番地,2019-12-11,その他の設立登記法人
一般社団法人濃縮睡眠協会,東京都港区南青山１丁目１４番６号,2019-12-11,その他の設立登記法人
一般社団法人瀬戸田活性化機構,東京都千代田区神田美土代町９番１号,2019-12-11,その他の設立登記法人
一般社団法人相続なんでも相談センター,京都府京都市南区吉祥院内河原町３番地２,2019-12-11,その他の設立登記法人
一般社団法人秋田県水泳連盟,秋田県秋田市茨島４丁目３番３６号,2019-12-11,その他の設立登記法人
一般社団法人ＣＯＳＭＯＳ,兵庫県赤穂市鷆和９５番地３４号,2019-12-11,その他の設立登記法人
一般社団法人Ｃｒｅａｔｉｖｅ　Ｉｎｔｅｒｎａｔｉｏｎａｌｓ　Ｍｅｄｉｃａｌ,和歌山県和歌山市毛見２９５番地２１,2019-12-11,その他の設立登記法人
一般社団法人ｉＴＲＵＳＴ,東京都目黒区中町２丁目３７番１５号,2019-12-11,その他の設立登記法人
七里ヶ浜計画合同会社,東京都千代田区丸の内３丁目１番１号,2019-12-11,合同会社
三友貿易株式会社,大阪府大阪市北区本庄東２丁目２番３１号,2019-12-11,株式会社
久之森元株式会社,大阪府大阪市北区菅栄町２番１８号,2019-12-11,株式会社
九州ファーミング＆ロジスティクス合同会社,宮崎県都城市高城町四家１００３,2019-12-11,合同会社
五井物産株式会社,大阪府堺市中区平井６２３番地４６,2019-12-11,株式会社
五光株式会社,福岡県福岡市南区井尻３丁目２０番２－１００５号,2019-12-11,株式会社
京栄商事合同会社,神奈川県横浜市南区日枝町５丁目１３７番地１,2019-12-11,合同会社
佐々木商事株式会社,福島県白河市久田野塚田９９番地１,2019-12-11,株式会社
全洲貿易上海有限公司,広島県尾道市浦崎町大平木１３４９番地１５号,2019-12-11,外国会社等
六甲レジデンス特定目的会社,東京都港区愛宕２丁目５番１号,2019-12-11,その他の設立登記法人
労働協同組合ゆうあい福岡,福岡県福岡市博多区博多駅前１丁目５－１,2019-12-11,その他
医療法人いでこどもアレルギークリニック,福岡県福岡市南区横手３丁目３２番１９号,2019-12-11,その他の設立登記法人
医療法人ほうち耳鼻咽喉科,福岡県福岡市博多区東那珂３丁目２番３０号,2019-12-11,その他の設立登記法人
医療法人もとよし耳鼻咽喉科クリニック,福岡県糸島市志摩津和崎５９番地,2019-12-11,その他の設立登記法人
医療法人クリスタル歯科,福岡県福岡市東区千早４丁目９３番２号,2019-12-11,その他の設立登記法人
医療法人バディ,神奈川県横浜市緑区長津田５丁目５番１３号長津田メディカルスクエア６階,2019-12-11,その他の設立登記法人
医療法人倉員医院,福岡県田川市番田町１番３９号,2019-12-11,その他の設立登記法人
医療法人天青会,福岡県久留米市東町２番地３,2019-12-11,その他の設立登記法人
医療法人幸健会,宮城県仙台市泉区泉中央１丁目７番１号スウィングビル４Ｆ,2019-12-11,その他の設立登記法人
医療法人広至会,福岡県福岡市東区名島２丁目４１番５号,2019-12-11,その他の設立登記法人
医療法人朋仁会,福岡県福岡市西区周船寺１丁目５番２５号,2019-12-11,その他の設立登記法人
医療法人武藤皮膚科医院,福岡県久留米市本町５番地５,2019-12-11,その他の設立登記法人
医療法人涼和会,福岡県福津市八並２５５番９号,2019-12-11,その他の設立登記法人
医療法人社団かなもり眼科クリニック,兵庫県明石市大明石町１丁目６番１号パピオスあかし３階,2019-12-11,その他の設立登記法人
医療法人社団ふじおか腎泌尿器科クリニック,兵庫県加古川市加古川町篠原町１１１医療ビルおいしゃさん２０１,2019-12-11,その他の設立登記法人
医療法人社団久令会,兵庫県神戸市西区糀台５丁目６番３号神戸西神オリエンタルホテル３階,2019-12-11,その他の設立登記法人
医療法人社団和仁会,神奈川県川崎市中原区新丸子東３丁目１１００－１４ｆｏｏｄｉｕｍ武蔵小杉２階,2019-12-11,その他の設立登記法人
医療法人社団心誠会,群馬県太田市由良町２３３２番地３,2019-12-11,その他の設立登記法人
医療法人社団横浜保土ケ谷クリニック,神奈川県横浜市保土ケ谷区帷子町１丁目４４番地カサハラビル保土ヶ谷５階,2019-12-11,その他の設立登記法人
医療法人ＦＯＲＥＳＴ,神奈川県小田原市蓮正寺２７５番地の３,2019-12-11,その他の設立登記法人
協合建設株式会社,大阪府門真市栄町２番１５号ＲＣ－Ｚ栄町３階,2019-12-11,株式会社
南部工建株式会社,長野県飯田市松尾明５１８０番地４（アサヒハイツ明Ｅ号）,2019-12-11,株式会社
合同会社うりずんの風,愛媛県大洲市肱川町山鳥坂６０８,2019-12-11,合同会社
合同会社おんまく,東京都千代田区神田小川町２丁目２番７号５階,2019-12-11,合同会社
合同会社ひまわりライン,東京都町田市木曽西１丁目３７番２１号,2019-12-11,合同会社
合同会社めいぼくリフォーム,北海道北斗市七重浜４丁目２４番３号,2019-12-11,合同会社
合同会社アベリア,兵庫県神戸市北区南五葉６丁目５番３０,2019-12-11,合同会社
合同会社アルファリサイクリング,埼玉県さいたま市大宮区三橋１丁目１２４１番地３コーポ名香山１０１号,2019-12-11,合同会社
合同会社アールサポート,福岡県筑紫野市美しが丘南１丁目９番地４,2019-12-11,合同会社
合同会社インバイト,東京都荒川区南千住８丁目１１番２－１００２号,2019-12-11,合同会社
合同会社エイトインベスト,東京都荒川区西日暮里３丁目６－１５－３Ｆ,2019-12-11,合同会社
合同会社エスオー,東京都渋谷区渋谷２丁目１４番６号西田ビル５Ｆ,2019-12-11,合同会社
合同会社エンドレスエキスプレス,岡山県岡山市北区今４丁目１１番１６号,2019-12-11,合同会社
合同会社オオフサ,静岡県三島市加茂２７番地９,2019-12-11,合同会社
合同会社カエル代行,群馬県伊勢崎市連取町１８２８番地１,2019-12-11,合同会社
合同会社カゴクロ,鹿児島県鹿児島市加治屋町９番１６－３－７０３号,2019-12-11,合同会社
合同会社キッチン・エル,東京都町田市常盤町３５８４番地５,2019-12-11,合同会社
合同会社キャッチャー,大阪府大阪市中央区今橋２丁目５番８号,2019-12-11,合同会社
合同会社クラフトマネジメント,東京都調布市仙川町３丁目１０番地６Ｂｒｉｌｌｉａ仙川７０１,2019-12-11,合同会社
合同会社クレール,福岡県福岡市早良区百道２丁目９番３号笠ビル３階,2019-12-11,合同会社
合同会社クローザー,大阪府大阪市中央区今橋２丁目５番８号,2019-12-11,合同会社
合同会社グランドスラム,大阪府大阪市中央区今橋２丁目５番８号,2019-12-11,合同会社
合同会社ケアマネジメントカインド,東京都足立区加平２丁目１９番５－５０４号,2019-12-11,合同会社
合同会社サムズアップ,兵庫県川辺郡猪名川町伏見台１丁目１－５２,2019-12-11,合同会社
合同会社サンキンジャパン,神奈川県川崎市川崎区南町２１番８－１２０２号,2019-12-11,合同会社
合同会社サード,大阪府大阪市中央区今橋２丁目５番８号,2019-12-11,合同会社
合同会社ショート,大阪府大阪市中央区今橋２丁目５番８号,2019-12-11,合同会社
合同会社ジュンサンカ,東京都江東区牡丹３丁目１４番４号,2019-12-11,合同会社
合同会社スマイルサポート,沖縄県名護市大東１丁目１５番１６号,2019-12-11,合同会社
合同会社セカンド,大阪府大阪市中央区今橋２丁目５番８号,2019-12-11,合同会社
合同会社セルリアン,東京都荒川区東日暮里４丁目５番６号,2019-12-11,合同会社
合同会社センター,大阪府大阪市中央区今橋２丁目５番８号,2019-12-11,合同会社
合同会社セーフティライフＴＡＭＡ,東京都狛江市西野川１丁目１８番１４号,2019-12-11,合同会社
合同会社ゼットバンク住宅舎,北海道札幌市中央区南二条東２丁目１６番地,2019-12-11,合同会社
合同会社ソウミ・インターナショナル,千葉県市川市八幡３丁目１４番３号,2019-12-11,合同会社
合同会社チョコロコ・ジャパン,東京都新宿区西五軒町１番５号,2019-12-11,合同会社
合同会社テラテクス,香川県さぬき市志度４６２６－７６,2019-12-11,合同会社
合同会社トータル・プランニング,神奈川県横浜市磯子区洋光台４丁目１８番２６号,2019-12-11,合同会社
合同会社ドライブ,神奈川県川崎市高津区久本３丁目６－１－Ａ－４１１,2019-12-11,合同会社
合同会社ドラゴンフルー,大阪府大阪市浪速区難波中３丁目４番４１号体東ビル２階,2019-12-11,合同会社
合同会社ナインワーカーズ,東京都板橋区氷川町６番１１－７０４号,2019-12-11,合同会社
合同会社パラレルワールド,大阪府大阪市中央区日本橋１丁目３番６－４０４号,2019-12-11,合同会社
合同会社ピッチャー,大阪府大阪市中央区今橋２丁目５番８号,2019-12-11,合同会社
合同会社ピュアホワイト,長野県諏訪市大字四賀３９８－４,2019-12-11,合同会社
合同会社ファースト,神奈川県横浜市中区扇町１丁目１番２５号キンガビル１階,2019-12-11,合同会社
合同会社プログレス,岐阜県岐阜市寿町１丁目７番地１,2019-12-11,合同会社
合同会社プーレ,埼玉県所沢市大字久米３０９番地の１フォレストピア２０３,2019-12-11,合同会社
合同会社マルジェ,東京都中央区月島３丁目９番２－３０１号,2019-12-11,合同会社
合同会社メディフロー,神奈川県川崎市中原区新城１丁目１０番１６－２０１号,2019-12-11,合同会社
合同会社ヤステック,滋賀県彦根市竹ケ鼻町５７８番地,2019-12-11,合同会社
合同会社ヤマダ印,東京都中野区中野４丁目１番１号中野サンプラザ９階,2019-12-11,合同会社
合同会社ユニオン,宮城県登米市迫町佐沼字八幡１丁目１３番地６フローラル２０１,2019-12-11,合同会社
合同会社ユニバーサル,東京都渋谷区渋谷２丁目１４番６号西田ビル５階,2019-12-11,合同会社
合同会社ライズ,宮城県仙台市太白区向山４丁目２０番１９号,2019-12-11,合同会社
合同会社ライト,大阪府大阪市中央区今橋２丁目５番８号,2019-12-11,合同会社
合同会社レフト,大阪府大阪市中央区今橋２丁目５番８号,2019-12-11,合同会社
合同会社レン,大阪府大阪市天王寺区悲田院町８番２６－４１１号,2019-12-11,合同会社
合同会社令和ロドス,静岡県静岡市葵区東２丁目３番５号,2019-12-11,合同会社
合同会社医鍼会,大阪府大阪市天王寺区大道５丁目７番１０号,2019-12-11,合同会社
合同会社嘉祥,兵庫県加古川市加古川町北在家２２０６番地,2019-12-11,合同会社
合同会社小谷建設,滋賀県彦根市高宮町２１７８番地（２０３号）,2019-12-11,合同会社
合同会社山本電空サービス,福岡県飯塚市椋本４７９番地３,2019-12-11,合同会社
合同会社岳盛開発,沖縄県うるま市字西原１９０番地,2019-12-11,合同会社
合同会社康太,大阪府茨木市沢良宜東町１３番１２号フレンドコーポさわらぎ１０３,2019-12-11,合同会社
合同会社栄友,北海道上川郡東川町北町４丁目８番１３号,2019-12-11,合同会社
合同会社桜シスターズ,大阪府大阪市中央区南船場３丁目６番１７号,2019-12-11,合同会社
合同会社田中設備,滋賀県東近江市佐野町７２８番地（５０４号）,2019-12-11,合同会社
合同会社粋蓮,東京都新宿区新宿２丁目１２番１３号新宿アントレサロンビル２階,2019-12-11,合同会社
合同会社組込みシステムデザイン事務所,神奈川県横浜市港北区新横浜３丁目１番地２－９１４,2019-12-11,合同会社
合同会社角筈十二社,東京都新宿区西新宿６丁目１２番６－１１０６号,2019-12-11,合同会社
合同会社起差点,神奈川県横浜市鶴見区鶴見中央２丁目１３番１４－１０２号,2019-12-11,合同会社
合同会社退職代行サービス,大阪府大阪市淀川区新北野１丁目１３番１６号パシフィック北野１階,2019-12-11,合同会社
合同会社通興,埼玉県さいたま市岩槻区大字南辻９８番地,2019-12-11,合同会社
合同会社遊心道,長野県上田市小牧５７番地６,2019-12-11,合同会社
合同会社金山牧場,北海道中川郡本別町押帯４６７番地１３,2019-12-11,合同会社
合同会社雅ケア,千葉県千葉市緑区高津戸町２９－３サンヴェール千葉７０２,2019-12-11,合同会社
合同会社ＡＭＵＳＥ,愛知県名古屋市西区那古野１丁目１５番１８号那古野ビル南館２０１号,2019-12-11,合同会社
合同会社ＢｉＢｉＤ,鳥取県鳥取市千代水４丁目１０３番地,2019-12-11,合同会社
合同会社Ｅｉｇｈｔ,山梨県上野原市鶴島２２８３番地１、３号,2019-12-11,合同会社
合同会社ＦＪＲＣ,東京都目黒区中目黒３丁目１８番７号,2019-12-11,合同会社
合同会社Ｇ．ｌｉｚａｒｄ,大阪府茨木市鮎川４丁目１５番１７号,2019-12-11,合同会社
合同会社ＧＲＡＣＩＡ　ＪＡＰＡＮ,大阪府高槻市辻子２丁目２２番１４号北村ハイツ１０３号,2019-12-11,合同会社
合同会社ＧＵＮＭＡ　ＤＲＯＮＥ　ＳＴＡＴＩＯＮ,群馬県伊勢崎市堤下町７４番地２,2019-12-11,合同会社
合同会社ＨＲ　ＣＲＯＳＳ,東京都千代田区神田須田町１丁目２３番地１,2019-12-11,合同会社
合同会社ＩＧＣ,石川県金沢市竪町１０１番地１,2019-12-11,合同会社
合同会社ＫＴＭ,神奈川県横浜市栄区上之町２番１４号,2019-12-11,合同会社
合同会社Ｌｉｂ,東京都新宿区高田馬場３丁目９－３涌井方２Ｆ,2019-12-11,合同会社
合同会社Ｍ＆Ｉプランニング,東京都江東区潮見２丁目１０番２２－７０３号,2019-12-11,合同会社
合同会社ＮＡＮＴｏ,富山県南砺市利賀村坂上１１８２番地,2019-12-11,合同会社
合同会社Ｏ＆Ｃ,岡山県津山市小原１５０番地４コーポ丸藤５,2019-12-11,合同会社
合同会社ＰＩＮ,大阪府大阪市中央区南船場２丁目６番２９号,2019-12-11,合同会社
合同会社ＰＫ　ＬＯＧＩＴＥＣＨ,千葉県柏市若柴２７６番地１,2019-12-11,合同会社
合同会社ＲＯＡＤ＆ＳＫＹ,大阪府和泉市万町６２番地の１メゾン・ドゥ・セラ２階,2019-12-11,合同会社
合同会社ＲａｎｄＳ,奈良県香芝市別所２４番地７,2019-12-11,合同会社
合同会社ＳＡＭＩＮＥＸ,愛知県名古屋市港区西川町２丁目１９番地１０１号,2019-12-11,合同会社
合同会社ＳＨＩＲＯＴＡ　ＣＡＭＰ,大阪府大阪市中央区谷町６丁目３番４号,2019-12-11,合同会社
合同会社ＳＫシステム,東京都府中市宮西町２丁目９番地の１,2019-12-11,合同会社
合同会社Ｓｉｋａミュージック,東京都東大和市桜が丘２丁目２２３－１クロスフォート玉川上水１２１０,2019-12-11,合同会社
合同会社Ｓｕｐｐｏｒｔ　Ｌｉｆｅ,東京都東久留米市幸町１丁目１７番５号,2019-12-11,合同会社
合同会社ＴＮ,東京都台東区上野３丁目９番５号井上ビル２Ｆ,2019-12-11,合同会社
合同会社ＴＮＲ,兵庫県神戸市須磨区天神町１丁目４番１２号,2019-12-11,合同会社
合同会社ＴＴＹ,東京都千代田区神田三崎町３丁目１番２号ＳＲビル２階,2019-12-11,合同会社
合同会社ＴＹＡ,熊本県菊池郡菊陽町大字津久礼１７４７番地,2019-12-11,合同会社
合同会社Ｖｉｇｏｒ,大阪府大阪市生野区新今里４丁目９番８号ミリオンコンフォート新今里２０２号,2019-12-11,合同会社
合同会社ｂｌｕｅｔｉｇｅｒ,東京都杉並区方南１丁目３２番１４号,2019-12-11,合同会社
合同会社ｌｉｇｈｔｅｎ,大阪府豊中市北条町３丁目１４番６号,2019-12-11,合同会社
合同会社ｎｙｔカンパニー,群馬県伊勢崎市連取町２３６３番地３３,2019-12-11,合同会社
大塚技研株式会社,広島県福山市曙町３丁目２６番２４号,2019-12-11,株式会社
大川バスグループ株式会社,香川県さぬき市長尾西１０６１番地,2019-12-11,株式会社
天馬株式会社,大阪府大阪市西成区萩之茶屋１丁目７番７号,2019-12-11,株式会社
宮川商会株式会社,愛知県豊田市本徳町釜ケ洞５０６番地,2019-12-11,株式会社
富岡町観光協会,福島県双葉郡富岡町中央２丁目１１１,2019-12-11,その他
小沼建鉄合同会社,神奈川県横浜市瀬谷区南瀬谷１丁目３８番地８,2019-12-11,合同会社
山口県武道振興協議会,山口県山口市維新公園４丁目１－１,2019-12-11,その他
山善大野合同会社,埼玉県日高市横手１丁目１４番地８,2019-12-11,合同会社
岡崎建設合同会社,神奈川県川崎市川崎区台町１３番１２号,2019-12-11,合同会社
弁護士法人安間・守田法律事務所,静岡県浜松市中区中央１丁目２番１号イーステージ浜松オフィス３階,2019-12-11,その他の設立登記法人
新成建設株式会社,大阪府大阪市西区江戸堀１丁目８番１７号,2019-12-11,株式会社
日越ＢＩＣグループ株式会社,兵庫県神戸市中央区生田町３丁目２番２２号新布引ビル３階北,2019-12-11,株式会社
日辰株式会社,大阪府大阪市中央区高津３丁目１１番５号,2019-12-11,株式会社
旭プラスチック株式会社,静岡県裾野市佐野６９５番地の５,2019-12-11,株式会社
景雲国際株式会社,沖縄県那覇市久米１丁目７番３号３０９号,2019-12-11,株式会社
杜氏電氣工業株式会社,大阪府泉佐野市長滝２１７２番地の３,2019-12-11,株式会社
栃木市環境協同組合,栃木県栃木市大平町真弓１５９０番地,2019-12-11,その他の設立登記法人
株式会社あくるけふ,東京都多摩市馬引沢１丁目８－７－２Ｆ,2019-12-11,株式会社
株式会社いちたリジエール,長野県塩尻市大字広丘高出２２１５番地２０,2019-12-11,株式会社
株式会社おそうじクルー,東京都渋谷区西原２丁目４４番１－１０３号,2019-12-11,株式会社
株式会社おとなり,京都府京都市西京区桂御所町１番地２４パークシティ桂ジオ１１８号室,2019-12-11,株式会社
株式会社かげやま,静岡県静岡市葵区春日１丁目３番９号,2019-12-11,株式会社
株式会社きずな農園,静岡県牧之原市静波２４５４番地,2019-12-11,株式会社
株式会社たかや,東京都港区浜松町２丁目１２番１４号竹内ビル１階,2019-12-11,株式会社
株式会社たけなみテニスアカデミー,岡山県高梁市落合町近似１２４０番地８,2019-12-11,株式会社
株式会社たてやま,愛知県愛知郡東郷町春木台２丁目９番地２セジュール春木台Ｂ棟１０２号,2019-12-11,株式会社
株式会社たびぞう,兵庫県豊岡市戸牧５３９番地の８,2019-12-11,株式会社
株式会社なら思春期・不登校支援研究所ＮＳＦＳ,大阪府大阪市阿倍野区阪南町３丁目１８－２６－４０２,2019-12-11,株式会社
株式会社にしきマネジメントサービス,山梨県甲府市桜井町６４３番地１,2019-12-11,株式会社
株式会社わらっく,大阪府箕面市新稲７丁目１０番２１号,2019-12-11,株式会社
株式会社アイラブハッピー,埼玉県熊谷市上之９７０番地６,2019-12-11,株式会社
株式会社アイレクト,千葉県成田市玉造７丁目１番１－２－４０４,2019-12-11,株式会社
株式会社アジータ,沖縄県国頭郡恩納村字谷茶１４９６番地,2019-12-11,株式会社
株式会社アップストリーム,長野県安曇野市明科中川手２１３９,2019-12-11,株式会社
株式会社アベニュー,東京都千代田区四番町４番地９,2019-12-11,株式会社
株式会社アレックス住設,北海道札幌市東区東苗穂九条１丁目９番１３号,2019-12-11,株式会社
株式会社アンビシャス,東京都足立区千住宮元町２０－９レーベンエアクロスタワー北千住８０１,2019-12-11,株式会社
株式会社アーカイヴズ,兵庫県神戸市兵庫区中道通９丁目４番１７号,2019-12-11,株式会社
株式会社アーシア,千葉県東金市田間２丁目３２番地６,2019-12-11,株式会社
株式会社アートキューブ,東京都世田谷区用賀２丁目３６番１７－３０１号,2019-12-11,株式会社
株式会社イルヒート,大阪府和泉市のぞみ野１丁目１番１号,2019-12-11,株式会社
株式会社インプラントガイド,静岡県浜松市中区西伊場町６２番６号浜松インプラントビル１Ｆ,2019-12-11,株式会社
株式会社エイチコネクト,岐阜県各務原市鵜沼羽場町５丁目４８番地,2019-12-11,株式会社
株式会社エネクスホールディングス,東京都港区西新橋１丁目１７番４号,2019-12-11,株式会社
株式会社エバーグリーン,兵庫県神戸市東灘区甲南町５丁目２番１３－７０２号,2019-12-11,株式会社
株式会社エフ,長野県伊那市前原８２６８番地１５２６,2019-12-11,株式会社
株式会社エムテック,東京都文京区小石川５丁目２６番７号Ｋ＆Ｓ小石川１階１０１,2019-12-11,株式会社
株式会社エムワイトラスト,京都府京都市南区吉祥院西ノ庄西浦町７１番地,2019-12-11,株式会社
株式会社オフィスクラン,北海道函館市本町１７番２号ヴィルヌーブ五稜郭１Ｆ,2019-12-11,株式会社
株式会社オリエンタルビーツインターナショナル,埼玉県さいたま市浦和区皇山町４－８,2019-12-11,株式会社
株式会社オーサム,北海道札幌市厚別区厚別西四条４丁目５番２号,2019-12-11,株式会社
株式会社カサイボデー,山梨県南アルプス市十日市場１４７８番地１,2019-12-11,株式会社
株式会社カトーサービス,香川県観音寺市坂本町５丁目１７番１７号,2019-12-11,株式会社
株式会社カラダまち,静岡県静岡市葵区田町３丁目２番３階,2019-12-11,株式会社
株式会社キャノンボール,神奈川県横須賀市三春町２丁目１１番地,2019-12-11,株式会社
株式会社クマダ,千葉県千葉市若葉区金親町２５７番地２,2019-12-11,株式会社
株式会社クラベスト,京都府京都市下京区西七条八幡町１９－５１６,2019-12-11,株式会社
株式会社クリニコ,大阪府大阪市城東区中央２丁目１３番２５－５０２号,2019-12-11,株式会社
株式会社クリン,北海道旭川市永山八条１１丁目２番１６号,2019-12-11,株式会社
株式会社クレアシオン,東京都板橋区高島平６丁目１番地１号,2019-12-11,株式会社
株式会社コニカム,大阪府大阪市鶴見区横堤２丁目５番５５－９０９号,2019-12-11,株式会社
株式会社コムエステート,東京都渋谷区初台１丁目３７番１号大和ビル３Ｆ,2019-12-11,株式会社
株式会社コレカラ,広島県広島市南区大須賀町１２－４,2019-12-11,株式会社
株式会社ゴーイングコンサーン,東京都千代田区四番町４番地９,2019-12-11,株式会社
株式会社サンライズトレード,福島県伊達市霊山町山戸田字中ノ内４１番地,2019-12-11,株式会社
株式会社サービスプロバイド,山口県下関市豊前田町１丁目１番１８号,2019-12-11,株式会社
株式会社システムソフト・ベータ,岐阜県各務原市蘇原月丘町３丁目１７番,2019-12-11,株式会社
株式会社シー・ダブル,東京都目黒区鷹番３丁目１番６号,2019-12-11,株式会社
株式会社ジェイ・インベストメント,大阪府大阪市淀川区西中島６丁目６番６号ＮＬＣ新大阪１１号館６０２,2019-12-11,株式会社
株式会社ジェントレ,東京都荒川区西尾久６丁目３１番６号,2019-12-11,株式会社
株式会社ジーオー秋葉,東京都練馬区早宮３丁目７番１６号,2019-12-11,株式会社
株式会社スカイウォーカー,宮崎県都城市山之口町富吉２００６,2019-12-11,株式会社
株式会社スモモ,東京都渋谷区神宮前６丁目３４番２０号１階,2019-12-11,株式会社
株式会社セブンス・ライン,愛知県名古屋市西区浮野町１６１－２,2019-12-11,株式会社
株式会社ソルテックホールディングス,大阪府大阪市生野区巽東２丁目１番１７号,2019-12-11,株式会社
株式会社テザリング,千葉県市川市大野町１丁目５２４番地８,2019-12-11,株式会社
株式会社トヨバル,大阪府大阪市城東区野江２丁目１２番６０号,2019-12-11,株式会社
株式会社ヌカタ,東京都葛飾区高砂３丁目２２番２号,2019-12-11,株式会社
株式会社ネクサス,大阪府大阪市中央区南本町１丁目１－５,2019-12-11,株式会社
株式会社ネクサスコネクト,埼玉県草加市稲荷４丁目２０番地１５,2019-12-11,株式会社
株式会社ネストスタンド,東京都港区新橋５丁目１２番１１号天翔オフィス新橋５丁目５０２号,2019-12-11,株式会社
株式会社パインツリーブック,東京都文京区本駒込６丁目４番２５－１１０３号,2019-12-11,株式会社
株式会社パワーユニット,埼玉県越谷市大沢４丁目７－２,2019-12-11,株式会社
株式会社ヒトモテ,東京都中央区銀座２丁目１４番１６号６Ｆ,2019-12-11,株式会社
株式会社ヒューマンサポート,福岡県福岡市中央区舞鶴３丁目２番７号,2019-12-11,株式会社
株式会社ヒルズフジ,東京都中野区本町５丁目４７番３号,2019-12-11,株式会社
株式会社ビオプラス,東京都港区南麻布４丁目５－４８フォーサイト南麻布４階,2019-12-11,株式会社
株式会社ビレッジマツオ,岡山県倉敷市新田２４２７番地,2019-12-11,株式会社
株式会社ビーデレック,大阪府豊中市螢池東町４丁目２番１８号,2019-12-11,株式会社
株式会社ファシリティ,神奈川県横浜市鶴見区鶴見中央５丁目３１番１９－１号,2019-12-11,株式会社
株式会社ファーストレイトコンサルタント,北海道札幌市西区発寒六条１４丁目１９番６,2019-12-11,株式会社
株式会社フィールドホールディングス,群馬県高崎市下小塙町１３５６番地５,2019-12-11,株式会社
株式会社フォレストグリーン広洋,石川県金沢市高尾２丁目１２１番地,2019-12-11,株式会社
株式会社フロンティア,京都府京都市伏見区久我森の宮町１０番地３３８,2019-12-11,株式会社
株式会社ブリエＬａプラース,東京都渋谷区本町３丁目５番２メイクスデザイン渋谷本町８０２号,2019-12-11,株式会社
株式会社ブルーオーシャン,大阪府大阪市淀川区西中島７丁目１番２９号,2019-12-11,株式会社
株式会社プライムハウスホールディングス,秋田県秋田市仁井田本町３丁目１２番３２号,2019-12-11,株式会社
株式会社プラスナイン,東京都世田谷区赤堤５丁目３０番１２号,2019-12-11,株式会社
株式会社ベルタ商会,東京都大田区南馬込４丁目１８番９号,2019-12-11,株式会社
株式会社ポモドーロ地建,福岡県北九州市小倉北区田町３番７－１号（ＡＱＵＡ１０１）,2019-12-11,株式会社
株式会社マサル電気,福岡県筑紫野市針摺東３丁目８番１－１２０４号,2019-12-11,株式会社
株式会社マルキュー北海道,北海道苫小牧市拓勇東町６丁目２２番１４号,2019-12-11,株式会社
株式会社マルビシ,大阪府大阪市平野区加美東１丁目６番１３号,2019-12-11,株式会社
株式会社ミミ,東京都中央区日本橋堀留町１丁目８番１１号,2019-12-11,株式会社
株式会社ムラタ,大阪府八尾市久宝寺５丁目４番６８号,2019-12-11,株式会社
株式会社メイクサービス,山口県下関市豊前田町１丁目１番１８号,2019-12-11,株式会社
株式会社モダンビジョン,広島県広島市中区基町１１番５号,2019-12-11,株式会社
株式会社ヤソベ,大阪府豊中市上津島２丁目２０番１１号,2019-12-11,株式会社
株式会社ユニセステクノロジーズ,東京都府中市四谷５丁目９番地の１アルソス・ジャルディーノ５０２,2019-12-11,株式会社
株式会社ユーディパートナーズ,神奈川県横浜市瀬谷区中屋敷２丁目２９番地９,2019-12-11,株式会社
株式会社ライズアップ,東京都足立区西加平１丁目５番１６号,2019-12-11,株式会社
株式会社ライフイズム,大阪府東大阪市吉松２丁目２番１４号ＲＩＺＥＯＮＥＮＡＧＡＳＥ１階,2019-12-11,株式会社
株式会社ラドメディック,東京都渋谷区広尾２丁目１１番４号,2019-12-11,株式会社
株式会社ランド,北海道札幌市北区南あいの里７丁目３１番７号,2019-12-11,株式会社
株式会社リクエストブリッジ,大阪府高槻市日吉台六番町２０番１２号,2019-12-11,株式会社
株式会社リクレインズ,東京都中野区上高田３丁目２１番１４号ヴィラ・サンベール４０２,2019-12-11,株式会社
株式会社リゼムカンパニー,千葉県成田市三里塚光ケ丘１番地７４０,2019-12-11,株式会社
株式会社リッカホテルズ,沖縄県那覇市泉崎２丁目１０５－１３、エンゼルハイム泉崎８０３,2019-12-11,株式会社
株式会社リーフ,神奈川県横浜市緑区寺山町４９６番地２９コトハウスＤ,2019-12-11,株式会社
株式会社ルミエス,群馬県高崎市片岡町２丁目２２番１７号プレミールＡ１０２,2019-12-11,株式会社
株式会社レイアウト神奈川,神奈川県相模原市中央区東淵野辺１丁目１３番１－２０２号,2019-12-11,株式会社
株式会社ロジスチール,大阪府東大阪市長堂１丁目３番１４号,2019-12-11,株式会社
株式会社ロンイン,富山県富山市笹津１３２,2019-12-11,株式会社
株式会社ロータス・ルート,愛知県春日井市柏原町１丁目７０番地１,2019-12-11,株式会社
株式会社ロード,大阪府大阪市旭区今市２丁目１８番２６号,2019-12-11,株式会社
株式会社ワンオール,大阪府大阪市西区新町２丁目１２番１２号,2019-12-11,株式会社
株式会社ワールドリーバス,福岡県福岡市早良区西新２丁目４番２２号,2019-12-11,株式会社
株式会社ヴィーソフト,東京都港区赤坂７丁目１０番６号ストークビル赤坂４０２号室,2019-12-11,株式会社
株式会社ヴォードコンサルティング,大阪府大阪市北区梅田１丁目１１番４号大阪駅前第４ビル９階９２３－１４３８号,2019-12-11,株式会社
株式会社一期一会,兵庫県赤穂郡上郡町山野里２７１８番地の６,2019-12-11,株式会社
株式会社三力商事,神奈川県川崎市高津区溝口１丁目１２番１０号ウエストキャニオンビル１階,2019-12-11,株式会社
株式会社三耀歩,千葉県佐倉市大崎台５丁目１３番地１,2019-12-11,株式会社
株式会社三開設備,沖縄県国頭郡恩納村字仲泊１０１番地,2019-12-11,株式会社
株式会社亀山企画,東京都葛飾区東新小岩７丁目２２番１７号,2019-12-11,株式会社
株式会社井の頭通り動物病院,東京都武蔵野市西久保１丁目３８番５号,2019-12-11,株式会社
株式会社京葉機工,千葉県市原市五井４７５６番地４グレースⅠ２０１,2019-12-11,株式会社
株式会社仲大盛,沖縄県石垣市美崎町１１番地,2019-12-11,株式会社
株式会社伊與久,大阪府東大阪市日下町２丁目３番１１号,2019-12-11,株式会社
株式会社健成興業,神奈川県大和市上和田１番地１２０,2019-12-11,株式会社
株式会社優義水産,沖縄県南城市知念字久原１５０番地,2019-12-11,株式会社
株式会社八ツ三館,岐阜県飛騨市古川町向町１丁目８番２７号,2019-12-11,株式会社
株式会社共進,長野県下伊那郡高森町下市田６５番地１,2019-12-11,株式会社
株式会社力,大阪府大阪市阿倍野区松崎町２丁目３番４３－５１３号,2019-12-11,株式会社
株式会社北山塗装店,東京都足立区足立１丁目１６－５,2019-12-11,株式会社
株式会社北斗恵栽園,北海道北斗市白川２５８番地１０,2019-12-11,株式会社
株式会社千盛,大阪府大阪市東住吉区杭全１丁目１５番１８号大西ビル３階新居合同税理士事務所内,2019-12-11,株式会社
株式会社可児溶接所,岐阜県可児市禅台寺６丁目２２番地,2019-12-11,株式会社
株式会社土九商店,石川県野々市市三納２丁目１７８番地,2019-12-11,株式会社
株式会社大井,青森県弘前市大字三和字上池神６１番地１,2019-12-11,株式会社
株式会社大八興業,大分県佐伯市直川大字下直見３０２７番地１,2019-12-11,株式会社
株式会社大利商事,兵庫県西宮市市庭町３番１２号,2019-12-11,株式会社
株式会社安全創造研究所,大阪府大阪市中央区島町１丁目２番３号,2019-12-11,株式会社
株式会社小宮造園,茨城県つくば市上岩崎１０８１番地７,2019-12-11,株式会社
株式会社小林興業,長野県北佐久郡立科町大字芦田１０７５番地,2019-12-11,株式会社
株式会社山中建設,大阪府八尾市竹渕５丁目６２番地,2019-12-11,株式会社
株式会社山長,神奈川県横浜市西区西戸部町１丁目７７番地６,2019-12-11,株式会社
株式会社心成,大分県大分市大字三佐８０５番地の２,2019-12-11,株式会社
株式会社愛和建設,岡山県岡山市中区湊１３６１番地９,2019-12-11,株式会社
株式会社新未来,大阪府大阪市住之江区南港中５丁目１番１２－３０１号,2019-12-11,株式会社
株式会社木場建築設計,熊本県山鹿市菊鹿町下内田３７７番地,2019-12-11,株式会社
株式会社東京バル,茨城県つくば市研究学園５丁目１５番地７,2019-12-11,株式会社
株式会社楓,東京都台東区橋場１丁目１７番３号,2019-12-11,株式会社
株式会社楽エンタープライズ,福島県福島市永井川字壇ノ腰２９番地の２南福島コーポラス１０６号,2019-12-11,株式会社
株式会社槙工務店,東京都練馬区東大泉２丁目２６番２３号サンハイツ石神井公園１０８,2019-12-11,株式会社
株式会社樋脇組,福岡県北九州市小倉北区熊谷３丁目２０番４号,2019-12-11,株式会社
株式会社水谷,岡山県岡山市北区東島田町１丁目２番１１－８０３号,2019-12-11,株式会社
株式会社池田林業,鹿児島県曽於市財部町南俣３１７４番地１,2019-12-11,株式会社
株式会社沖尚テクノサービス,沖縄県中頭郡北谷町字上勢頭６２４番地４,2019-12-11,株式会社
株式会社河合勇人事務所,東京都世田谷区経堂１丁目１２番２０－５０４号,2019-12-11,株式会社
株式会社瑞祥,兵庫県神戸市兵庫区西柳原町４番２１－６０１号,2019-12-11,株式会社
株式会社田中,千葉県いすみ市岬町椎木１５８９番地,2019-12-11,株式会社
株式会社田嶋建窓,埼玉県所沢市大字下富８５９番地の５,2019-12-11,株式会社
株式会社相互機工,神奈川県横浜市西区戸部本町２６番８オクトワール横浜戸部７０２号,2019-12-11,株式会社
株式会社真庭運創研,岡山県真庭市勝山６２０－５,2019-12-11,株式会社
株式会社粘着ラボ,東京都中野区野方５丁目３５番６－１０１号,2019-12-11,株式会社
株式会社美ｊｉｎ,神奈川県横浜市中区常盤町２丁目２０番,2019-12-11,株式会社
株式会社翔,宮崎県宮崎市田野町甲１０８３８番地１,2019-12-11,株式会社
株式会社花壱技建,千葉県富里市十倉５４２番地,2019-12-11,株式会社
株式会社西海工務店,福岡県福岡市早良区内野２丁目６番３０号,2019-12-11,株式会社
株式会社貫生堂,大阪府大阪市中央区道修町２丁目１番１０号,2019-12-11,株式会社
株式会社賽思,東京都千代田区霞が関３丁目２番５号,2019-12-11,株式会社
株式会社輝建,京都府京都市東山区五条通若宮八幡前東入慈法院庵町５９４番地,2019-12-11,株式会社
株式会社辻電工,三重県津市久居持川町２２８０番地７,2019-12-11,株式会社
株式会社運美屋本舗茜,愛知県名古屋市西区大野木４丁目７３－１０１,2019-12-11,株式会社
株式会社金沢セントラルＦＡソリューション,石川県金沢市駅西新町３丁目９番２４号,2019-12-11,株式会社
株式会社Ａ　ｄｅｍａｉｎ,東京都中央区銀座７丁目１５－８タウンハイツ内,2019-12-11,株式会社
株式会社ＡＫ　ｍａｎａｇｅｍｅｎｔ,東京都港区東麻布３丁目８番３号,2019-12-11,株式会社
株式会社ＡＬＬＦＯＲＳ,東京都港区南青山３丁目８番４０号,2019-12-11,株式会社
株式会社ＡＭＣジャパン,東京都文京区本郷２丁目２６番１４号,2019-12-11,株式会社
株式会社ＡＯＢ,東京都中央区銀座７丁目１０番８号,2019-12-11,株式会社
株式会社ＢＥＳＡ,東京都千代田区丸の内１丁目８番３号丸の内トラストタワー本館２０階,2019-12-11,株式会社
株式会社ＢｅａＳ,東京都港区三田３丁目４番３号ＲＩＰＬ５階,2019-12-11,株式会社
株式会社Ｂｅａｔｉｎｇ　ｈｅａｒｔ,栃木県宇都宮市江曽島町１０７４番地１３,2019-12-11,株式会社
株式会社ＢｅｓｔＴｒａｄｅ,大阪府大阪市生野区新今里４丁目６番１号,2019-12-11,株式会社
株式会社Ｂｏｎ　Ｖｉｖａｎｔ,北海道札幌市清田区平岡一条２丁目３番３０号,2019-12-11,株式会社
株式会社Ｃ．Ｇ．Ｏ,徳島県板野郡北島町太郎八須字五反地１４番地１７,2019-12-11,株式会社
株式会社ＣＡＲＳ　Ｍ湘南,神奈川県秦野市桜町１丁目６番２７号,2019-12-11,株式会社
株式会社ＣＦＤ,千葉県白井市桜台４丁目８番１５号,2019-12-11,株式会社
株式会社ＣａｎＬｉｖｅ,東京都稲城市押立９２２番地の４,2019-12-11,株式会社
株式会社Ｃｏｎｎｅｃｔ,沖縄県名護市字宮里８７２番地２８・Ｍ・８０１号室,2019-12-11,株式会社
株式会社ＤＥＴＡＩＬ４０,北海道札幌市中央区大通西１０丁目４番地１６,2019-12-11,株式会社
株式会社ＤＩＶＡ,東京都江戸川区一之江１丁目１０番１７号,2019-12-11,株式会社
株式会社ＤＹＥ,福岡県福岡市博多区上川端町１４番２４号２階,2019-12-11,株式会社
株式会社Ｄａｈｌｉａ,熊本県熊本市中央区紺屋今町４番地２８ＫＭ第８ビル５Ｆ,2019-12-11,株式会社
株式会社Ｄｏ＆Ｔｈｉｎｋ,埼玉県川越市大字山田１６２１番地１,2019-12-11,株式会社
株式会社Ｆａｓｔｌｉｆｅ,兵庫県神戸市垂水区舞子台７丁目２番１８－２０９号,2019-12-11,株式会社
株式会社Ｆｕｎ,静岡県浜松市中区泉１丁目５番５７号,2019-12-11,株式会社
株式会社ＧＳＯ,大阪府大阪市中央区難波１丁目５番３号,2019-12-11,株式会社
株式会社Ｇｅｅｋ’ｓ　Ｐｌａｎｎｉｎｇ,茨城県つくば市栗原１５４５番地,2019-12-11,株式会社
株式会社Ｇｏｏｄ　Ｈｕｍｏｒ　Ｃｏｍｐａｎｙ,福岡県福岡市中央区平尾２丁目９番８号,2019-12-11,株式会社
株式会社Ｇｏｏｄ　Ｌｉｆｅ　Ｔ,京都府長岡京市開田１丁目１７番２４号,2019-12-11,株式会社
株式会社ＨＡＣＨＩＭＡＲＵ,埼玉県北葛飾郡杉戸町大字堤根４３９２番地３,2019-12-11,株式会社
株式会社ＨＯＵＮＤ,東京都千代田区九段南１丁目５番６号りそな九段ビル５階,2019-12-11,株式会社
株式会社ＨＲ,神奈川県川崎市高津区向ケ丘９６番地２アーデン向ヶ丘１０１,2019-12-11,株式会社
株式会社ＨＳＮ,東京都稲城市向陽台６丁目１１番地ビスタノーレ向陽台３－２０３,2019-12-11,株式会社
株式会社Ｉ　Ｂｅｌｉｅｖｅ,東京都墨田区江東橋３丁目５番地６号立田ビル２階,2019-12-11,株式会社
株式会社ＩＤＥ電気,山口県岩国市牛野谷町１丁目２７番１１－３号,2019-12-11,株式会社
株式会社ＩＰ調査塾,岐阜県大垣市今宿６丁目５２番地１６ドリーム・コア５０７,2019-12-11,株式会社
株式会社ＩｏＴサポート,東京都港区芝浦１丁目８番３―１３０５号,2019-12-11,株式会社
株式会社ＪＢＫ,千葉県柏市南柏１丁目３番５号,2019-12-11,株式会社
株式会社ＪａｐａｎＦｕｓｅ,神奈川県横浜市保土ケ谷区常盤台７９－５,2019-12-11,株式会社
株式会社Ｋ２,大阪府大阪市住吉区沢之町１丁目１番１４号,2019-12-11,株式会社
株式会社ＫＡＫＥＧＯＥ,京都府京都市中京区富小路三条下る朝倉町５４０番地富小路マンション１Ｆ１－３号,2019-12-11,株式会社
株式会社ＫＡＺＥＭＯＴＯ,大阪府大阪市平野区加美正覚寺４丁目７番５９号,2019-12-11,株式会社
株式会社ＫＯサービス,福岡県筑紫野市二日市南１丁目５番１０－２０４号,2019-12-11,株式会社
株式会社ＫＵＲ,広島県広島市安佐南区伴東４丁目３５番３２号,2019-12-11,株式会社
株式会社ＫＹＯＨＯ,千葉県袖ケ浦市神納８１８番地１９,2019-12-11,株式会社
株式会社Ｋａｆｕｎａ,千葉県千葉市中央区登戸１丁目９番１４号１９０番ハウス１０５,2019-12-11,株式会社
株式会社ＬＥＤ　ＤＥＳＩＧＮ,埼玉県さいたま市中央区大字下落合１０７４番地１－１４０２号,2019-12-11,株式会社
株式会社ＬＩＭＥ,東京都港区虎ノ門４丁目３番１３号,2019-12-11,株式会社
株式会社ＬＩＮＫ,東京都世田谷区用賀４丁目１４番２４号,2019-12-11,株式会社
株式会社ＬＩＮＫ,愛知県名古屋市中区丸の内３丁目４－３３プレサンス丸の内フォート１４０２号室,2019-12-11,株式会社
株式会社ＬＵＸ,岡山県岡山市北区大安寺南町１丁目１３番２１号,2019-12-11,株式会社
株式会社ＬＶＲ,岐阜県岐阜市加納大手町１１番地２,2019-12-11,株式会社
株式会社Ｌｉｍｅｌｉｅｎ,東京都渋谷区大山町２７－２１－３２３,2019-12-11,株式会社
株式会社Ｌｙｅｅ,東京都足立区千住２丁目４３番地,2019-12-11,株式会社
株式会社ＭＡＸ　ｃａｐｉｔａｌ,大阪府大阪市中央区高津１丁目１０番１８号栄光ビル６０３号,2019-12-11,株式会社
株式会社ＭＩＲＡコンサルティング,福岡県福岡市早良区城西３丁目１３番１６－８０１号,2019-12-11,株式会社
株式会社ＭＫクリエイターズ,静岡県静岡市清水区渋川３７７番地の３,2019-12-11,株式会社
株式会社ＭＶホールディングス,東京都港区港南２丁目１５番３号,2019-12-11,株式会社
株式会社Ｍａ－ｎｉ,福岡県大野城市筒井４丁目１８番７号,2019-12-11,株式会社
株式会社ＮＡＴＵＲＡＬ８,大阪府大阪市東成区東小橋３丁目２番１３号,2019-12-11,株式会社
株式会社ＮＧ,滋賀県大津市山百合の丘２３番２８号,2019-12-11,株式会社
株式会社ＮＵＸ,岐阜県恵那市大井町２０１８番地２２４,2019-12-11,株式会社
株式会社Ｎｕｒｓｉｎｇ　Ｉｎｎｏｖａｔｉｏｎ,北海道千歳市みどり台北１丁目６番１０号,2019-12-11,株式会社
株式会社Ｏｃｅａｎ’ｓ　Ｃｈｉｌｄ,鹿児島県いちき串木野市浜ケ城１２２８７番地１０,2019-12-11,株式会社
株式会社ＰＲＵＭ,東京都世田谷区弦巻３丁目１０番３－２０１号,2019-12-11,株式会社
株式会社Ｐａｒａｍｕ,東京都荒川区町屋７丁目９番１５号サクラクルール４０３,2019-12-11,株式会社
株式会社Ｐｕｕｕ,東京都世田谷区上馬１丁目１５番１０号,2019-12-11,株式会社
株式会社Ｒ－Ｆｉｅｌｄ,大阪府大阪市中央区南本町２丁目１－１本町サザンビル１Ｆ,2019-12-11,株式会社
株式会社ＲＩＣＥＴ,東京都大田区田園調布本町５３番３号セジョリ田園調布２０６,2019-12-11,株式会社
株式会社ＲＫＳグループ,沖縄県宮古島市平良字西里１４４４番地３,2019-12-11,株式会社
株式会社ＲＯＹＡＬ,神奈川県綾瀬市早川城山１丁目１５番６号,2019-12-11,株式会社
株式会社Ｒｅ　ｗｏｒｋ,長野県上伊那郡飯島町飯島２６０番地３,2019-12-11,株式会社
株式会社ＳＥＩＷＡ　ＣＯＮＮＥＣＴ,京都府宇治市槇島町吹前５０番地,2019-12-11,株式会社
株式会社ＳＴＫ　ＧＲＯＵＰ,長崎県長崎市大黒町７番１０号ワタナベビル１階,2019-12-11,株式会社
株式会社Ｓａｔｏ　Ｌａｂ,長野県駒ヶ根市赤須東３－７ルミナス２０２,2019-12-11,株式会社
株式会社Ｓｏｕｒｉｒｅ　ｄ’ａｎｇｅ,愛媛県西条市丹原町今井３７６番地１,2019-12-11,株式会社
株式会社ＴＨＲＥＥＴＲＥＥＳ,兵庫県神戸市西区学園東町４丁目３６番地の８,2019-12-11,株式会社
株式会社ＴＫ＆ＣＯＭＰＡＮＹ,東京都中野区南台４丁目７番１号,2019-12-11,株式会社
株式会社ＴＭソリューション,京都府京都市山科区川田御出町２８番地の３,2019-12-11,株式会社
株式会社ＴＮＹ,岐阜県関市小瀬１３６５番地１１,2019-12-11,株式会社
株式会社ＴＲＡＤＥ　ＬＩＮＥ,栃木県小山市大字小山２６５１番２,2019-12-11,株式会社
株式会社Ｔａｋｅ　ｏｎ,東京都八王子市大谷町８８５番地１７,2019-12-11,株式会社
株式会社ＶＰ,埼玉県川口市西川口１丁目３８番２３－１０２号,2019-12-11,株式会社
株式会社Ｖｉｏｌｅｔｔｅ　ｃｏｒｐｏｒａｔｉｏｎ,福岡県福岡市南区鶴田４丁目１６番２１－２０２号,2019-12-11,株式会社
株式会社ＷＧＪ富山,富山県高岡市赤祖父７６０,2019-12-11,株式会社
株式会社ＹＯＵＫＩ産業,大阪府柏原市大字青谷２０６３番地の１,2019-12-11,株式会社
株式会社ａｄｊｕｓｔ,東京都千代田区四番町４番地９,2019-12-11,株式会社
株式会社ａｏｉ　ｃｏｒｐｏｒａｔｉｏｎ,東京都足立区竹の塚３丁目１４番１号,2019-12-11,株式会社
株式会社ｃａｐｓｅｌｌ,神奈川県川崎市中原区宮内１丁目３－２７－２,2019-12-11,株式会社
株式会社ｃｏｏｋｉｅ,東京都中央区日本橋富沢町１０番１３－３０５号,2019-12-11,株式会社
株式会社ｅｉｃｈｉ,東京都江東区森下２丁目８番２号マンションタカホ５０１,2019-12-11,株式会社
株式会社ｇｅｎｕｉｎｅ,福岡県福岡市中央区大名１丁目６番６号,2019-12-11,株式会社
株式会社ｉＮＳＩＧＨＴ,静岡県焼津市焼津２丁目５番９号,2019-12-11,株式会社
株式会社ｋａｔｓｕｒａ,東京都目黒区鷹番１丁目５番２－４０７号,2019-12-11,株式会社
株式会社ｌｏｕｔｕｓ,神奈川県川崎市中原区小杉御殿町２丁目４２番地亜衣フラット武蔵小杉２０１,2019-12-11,株式会社
株式会社ｍａｒｋ,東京都港区白金３丁目１番５号,2019-12-11,株式会社
株式会社ｔｉｍｅ　ｓｅｎｔｅｎｃｅ,東京都葛飾区お花茶屋１丁目１６番１０号,2019-12-11,株式会社
株式会社ｔｗｉｎｓ,東京都千代田区四番町４番地９,2019-12-11,株式会社
株式会社ｗｉｔｈ,愛知県一宮市馬見塚字郷内７５０番地,2019-12-11,株式会社
楽童株式会社,東京都千代田区四番町４－９,2019-12-11,株式会社
渋谷二丁目１７地区市街地再開発組合,東京都渋谷区渋谷２丁目１７番３号渋谷アイビスビル６階,2019-12-11,その他
澪海商事株式会社,神奈川県横浜市青葉区たちばな台１丁目１５番地１６,2019-12-11,株式会社
特定非営利活動法人でんぷんルルパ,山梨県笛吹市一宮町南野呂５３８番地,2019-12-11,その他の設立登記法人
特定非営利活動法人労働者支援救済の輪,三重県津市大門１番２７号川井ビル,2019-12-11,その他の設立登記法人
特定非営利活動法人日本未来基金,東京都港区南青山３丁目３番１０－４０２号,2019-12-11,その他の設立登記法人
特定非営利活動法人Ｔｅａｍプレイズ,大阪府堺市南区檜尾４７９番地３８,2019-12-11,その他の設立登記法人
瑞龍バイオハイティック株式会社,東京都千代田区外神田５丁目１番５号末広ＪＦビル４階,2019-12-11,株式会社
田母神設備工業株式会社,福島県郡山市田村町栃本字鈴ケ内２２２番地,2019-12-11,株式会社
白山興産株式会社,東京都文京区白山４丁目３番２０号,2019-12-11,株式会社
石陽水産株式会社,広島県東広島市西条町御薗宇６１７９番地１,2019-12-11,株式会社
社会保険労務士法人Ａｍａｔｒｉａ,東京都大田区東雪谷１丁目２番１２号,2019-12-11,その他の設立登記法人
総社３ロジスティック特定目的会社,東京都港区東新橋１丁目５番２号汐留シティセンター,2019-12-11,その他の設立登記法人
美ら島環境開発株式会社,沖縄県那覇市樋川２丁目１６番９号１階,2019-12-11,株式会社
聖和日康株式会社,東京都台東区松が谷４丁目６番２号,2019-12-11,株式会社
苫鮮合同会社,北海道苫小牧市字錦岡４２番地の２,2019-12-11,合同会社
華源商事株式会社,東京都台東区台東３丁目１７番１号ダイアパレス御徒町Ｖ１０３号,2019-12-11,株式会社
豊和合同会社,埼玉県本庄市寿３丁目２－１,2019-12-11,合同会社
鈴木建設合同会社,宮城県栗原市志波姫北郷川の口３７番地,2019-12-11,合同会社
長嶌珈琲合同会社,神奈川県横浜市金沢区町屋町１９－４,2019-12-11,合同会社
間口ロジ関東株式会社,大阪府大阪市港区海岸通１丁目５番２９号,2019-12-11,株式会社
陽恵株式会社,大阪府大阪市西区阿波座１丁目３番１８号,2019-12-11,株式会社
電気屋カイブキ合同会社,岡山県岡山市中区藤原西町１丁目３番２６号,2019-12-11,合同会社
飯島エンタープライズ株式会社,神奈川県横須賀市公郷町１丁目５７番地１４,2019-12-11,株式会社
馬場株式会社,埼玉県蕨市中央２丁目１６番２３号ヴィラ・イズミＡ号棟１０２号,2019-12-11,株式会社
１ＤａｙＣｕｒｒｙ株式会社,東京都渋谷区渋谷１丁目８番１０－８０２号プレミスト渋谷宮益坂,2019-12-11,株式会社
Ａ．Ｒ．ＳＯＮＳ　ＩＮＴＥＲＮＡＴＩＯＮＡＬ合同会社,千葉県木更津市曽根７０２番地１,2019-12-11,合同会社
ＡＤＡ合同会社,東京都町田市金井４丁目２３番２８号,2019-12-11,合同会社
ＡＤＬＥＲ　Ｏｒｔｈｏ　Ｊａｐａｎ株式会社,東京都文京区後楽１丁目７番１２号林友ビル４階,2019-12-11,株式会社
ＡＱＳＩＡ　ＪＡＰＡＮ株式会社,大阪府大阪市中央区玉造２丁目２７番２８号,2019-12-11,株式会社
ＡｘｉａｒＱ合同会社,東京都渋谷区恵比寿南１丁目１１番１６－５０４号,2019-12-11,合同会社
ＢＡＴ合同会社,千葉県船橋市行田２丁目２番３棟１１０５号,2019-12-11,合同会社
ＢＣＭプランニング合同会社,福岡県久留米市御井旗崎３丁目１１番２５号,2019-12-11,合同会社
Ｃ＆Ｉ　ＬＩＮＫ株式会社,東京都台東区入谷１丁目２７番５号,2019-12-11,株式会社
ＣＲ－Ｂａｃｈ合同会社,東京都千代田区大手町１丁目６番１号,2019-12-11,合同会社
Ｄｏｇ＆Ｃｏｍｍｕｎｉｔｙ合同会社,東京都港区高輪３丁目１１番１号,2019-12-11,合同会社
Ｆｉｖｅ　Ｓ株式会社,大阪府吹田市千里山月が丘１０番４号,2019-12-11,株式会社
Ｇ　Ｔｏｗｎ　Ｐｖｔ　Ｌｔｄ,千葉県茂原市本納２４２９番地６ビジネスオフィス６号,2019-12-11,外国会社等
ＧｏＭＡ株式会社,東京都港区芝４丁目４番４号,2019-12-11,株式会社
ＨＣホールディングス株式会社,東京都港区芝大門１丁目１３番９号,2019-12-11,株式会社
ＨＩＫＶＩＳＩＯＮ　ＪＡＰＡＮ株式会社,東京都千代田区丸の内２丁目１番１号明治生命館７階ディーエルエイ・パイパー東京パートナーシップ外国法共同事業法律事務所内,2019-12-11,株式会社
ＨＯＧＡＮ株式会社,兵庫県神戸市須磨区天神町５丁目３番９号天神町ハイツ一階,2019-12-11,株式会社
Ｈｕｂｒｉｃｋ株式会社,東京都目黒区上目黒１丁目１２－１５,2019-12-11,株式会社
ＩＢＣ株式会社,東京都墨田区横川３丁目６番７号,2019-12-11,株式会社
ＩＣＴ　Ｓｔａｒ　Ｇｒｏｕｐ　Ｍｙａｎｍａｒ　Ｃｏ．，Ｌｔｄ．,,2019-12-11,外国会社等
ＩＭＧ　ＪＡＰＡＮ株式会社,東京都中央区京橋２丁目８番２１号喜久家ビルディング７階,2019-12-11,株式会社
Ｉｎｆｉｎｉｔｙ　Ｆｒｅｅ合同会社,東京都世田谷区鎌田２丁目１３番３－２０５号,2019-12-11,合同会社
ＪＡＳ合同会社,栃木県鹿沼市磯町１５７番地８３,2019-12-11,合同会社
ＪＤＰ３ロジスティック２特定目的会社,東京都港区東新橋１丁目５番２号汐留シティセンター,2019-12-11,その他の設立登記法人
ＪＭＧ．Ｑ株式会社,大阪府大阪市港区磯路２丁目１０番１５号,2019-12-11,株式会社
ＭＡＨＥＳＨ　ＥＮＴＥＲＰＲＩＳＥＳ,千葉県長生郡白子町五井１２１１番地２５－Ｃ,2019-12-11,外国会社等
ＭＯＴＥＨＡＤＡ合同会社,千葉県木更津市貝渕４丁目１７番１９号,2019-12-11,合同会社
ＭｉｌｌＬａｎｅ　Ａｄｖｉｓｏｒｓ　Ｊａｐａｎ株式会社,東京都千代田区丸の内１丁目１１－１パシフィックセンチュリープレイス８Ｆ,2019-12-11,株式会社
Ｍｏｎｋｅｙ　Ｂｉｚ合同会社,東京都町田市木曽西４丁目１番３１号新栄荘２０３号室,2019-12-11,合同会社
Ｍｔ．Ｔｕｒｔｌｅ株式会社,静岡県静岡市清水区草薙３６５番地の１１５,2019-12-11,株式会社
ＮＥＷ　ＵＳＭＡＮ　ＴＲＡＤＥＲＳ,千葉県長生郡白子町五井１２１１番地２５－Ｄ,2019-12-11,外国会社等
ＮＴ開発グループ株式会社,三重県津市垂水２９２９番地４,2019-12-11,株式会社
Ｏ＆Ｈ株式会社,東京都中央区佃１丁目１１番９号,2019-12-11,株式会社
ＯＮＥ　ＴＥＡＭ株式会社,奈良県奈良市学園大和町２丁目８４番地,2019-12-11,株式会社
Ｏｖｅｒｌａｎｄ　Ｔｒａｄｉｎｇ　Ｃｏｍｐａｎｙ　Ｐｖｔ　Ｌｔｄ,千葉県茂原市本納２４２９番地６ビジネスオフィス４号,2019-12-11,外国会社等
ＰＲＥＣＥＤＥ合同会社,東京都渋谷区渋谷３丁目１番９号ＹＡＺＡＷＡビル３階,2019-12-11,合同会社
Ｐｅａｃｅ　Ｔｒａｄｉｎｇ合同会社,富山県富山市今泉北部町１番地１ＺＥＡＬＢＬＤＧ１Ｆ,2019-12-11,合同会社
Ｐｉｔｉｎ合同会社,東京都中野区中野５丁目１番１８号日神パレス中野２０６,2019-12-11,合同会社
Ｐｒｅｍｉｅｒ　ａｕｔｏ合同会社,神奈川県綾瀬市深谷上５丁目４番３号サザンハウス２００６Ⅱ１０５,2019-12-11,合同会社
ＲＥ．ＧＡＲＡＧＥ合同会社,滋賀県高島市新旭町旭５８６番地５,2019-12-11,合同会社
Ｒｉｖｅｒｓｉｄｅ株式会社,埼玉県越谷市北越谷１丁目２－２４－２０９号室,2019-12-11,株式会社
Ｒｕｎｅ株式会社,埼玉県上尾市柏座１丁目１２－３（２Ｆ）,2019-12-11,株式会社
ＳＡＹＡコーポレーション株式会社,沖縄県中頭郡北谷町字浜川１９３番地１,2019-12-11,株式会社
ＳＫＹ　ＩＮＴＬ合同会社,神奈川県大和市南林間１丁目１５－１７,2019-12-11,合同会社
Ｓｅｇｕ　Ｌａｎｋａ　Ｔｒａｄｉｎｇ　Ｐｖｔ　Ｌｔｄ,千葉県茂原市本納２４２９番地６ビジネスオフィス２号,2019-12-11,外国会社等
Ｓｍａｒｔ　Ｈｏｒｓｅ　Ａｇｅｎｃｙ合同会社,東京都杉並区高円寺北４丁目４２番９ファースト浅賀２０７,2019-12-11,合同会社
Ｔｏｍｏｒｅａ　Ｈｏｌｄｉｎｇｓ株式会社,東京都千代田区一番町１４番地２パークコート一番町６０１号,2019-12-11,株式会社
Ｕ２ＪＡＰＡＮ株式会社,静岡県静岡市駿河区桃園町８番５号,2019-12-11,株式会社
ＵＲＢＡＮ　ＥＮＴＥＲＰＲＩＳＥＳ,千葉県茂原市新小轡３２６番地４小轡オフィス１－５号,2019-12-11,外国会社等
Ｕｎｉｃｏｒｎ　Ｌａｎｋａ　Ｔｒａｄｉｎｇ　Ｐｖｔ　Ｌｔｄ,千葉県茂原市本納２４２９番地６ビジネスオフィス３号,2019-12-11,外国会社等
Ｘａｍｅｎｉｓ株式会社,東京都文京区本郷５丁目２５番１６号ＢＡＭＢＩビル３０３号室,2019-12-11,株式会社
ＹＨＳ株式会社,大分県宇佐市大字江須賀４０７３番地の２,2019-12-11,株式会社
ＹＳＣサービス株式会社,神奈川県横浜市港南区笹下５丁目１７番９号,2019-12-11,株式会社
ＹＳＣホールディングス株式会社,神奈川県横浜市港南区笹下５丁目１７番９号,2019-12-11,株式会社
ＹＵＵＪＯＯ　ＭＯＴＯＲＳ　ＰＲＩＶＡＴＥ　ＬＩＭＩＴＥＤ,東京都渋谷区道玄坂２丁目１８番１１号サンモール道玄坂２０２,2019-12-11,外国会社等
ｈｏｐｅ　ｗｉｌｌ株式会社,京都府京都市右京区山ノ内北ノ口町１９番地１,2019-12-11,株式会社
ｓａｎｚａｋａ株式会社,大阪府大阪市淀川区西宮原３丁目３番３号,2019-12-11,株式会社
アンカー株式会社,茨城県つくば市小白硲６１６－１６,2019-12-12,株式会社
アーバントラスト株式会社,茨城県潮来市あやめ２丁目１６番地６,2019-12-12,株式会社
インペックス山陰沖開発株式会社,新潟県新潟市中央区東大通１丁目３番１号,2019-12-12,株式会社
ウィルネクスト株式会社,神奈川県横浜市都筑区大棚町３０５番地１,2019-12-12,株式会社
エコ国際株式会社,大阪府大阪市平野区加美鞍作２丁目１６番１６号３Ｆ,2019-12-12,株式会社
エムアンドエム合同会社,東京都墨田区太平４丁目１番１号,2019-12-12,合同会社
オノザワホールディングス株式会社,東京都大田区新蒲田２丁目１６番８号,2019-12-12,株式会社
オフサイド株式会社,東京都品川区戸越５丁目１２番１５号,2019-12-12,株式会社
カザモリ合同会社,兵庫県神戸市中央区北長狭通４丁目２－１９アムズ元町ビル４Ｆ－９,2019-12-12,合同会社
カナディアンホームプラス株式会社,大阪府藤井寺市沢田２丁目９番３１号,2019-12-12,株式会社
クオリティ・オブ・ライフ合同会社,兵庫県神戸市中央区中町通３丁目１番１６－５０２号,2019-12-12,合同会社
クオン株式会社,神奈川県川崎市高津区下作延３丁目１８番１０号,2019-12-12,株式会社
クロスカルチャー協同組合,福岡県久留米市東和町６番地１０,2019-12-12,その他の設立登記法人
サンウェイ合同会社,鹿児島県大島郡与論町大字茶花１６５０番地１,2019-12-12,合同会社
サークル・オブ・ライフ株式会社,東京都八王子市元八王子町３丁目２７５０番地９５９,2019-12-12,株式会社
シリンホールディングス合同会社,東京都港区三田５丁目１番１８号,2019-12-12,合同会社
ジャパンニュービアトランスポート株式会社,埼玉県さいたま市桜区田島１０丁目２５番６号ポレスター彩湖公園リーモ２０４号,2019-12-12,株式会社
ジャパンベンチャーズ株式会社,東京都千代田区永田町２丁目１１番１１号山王パークタワー３Ｆ,2019-12-12,株式会社
ジャパン・デジタルヘルス・エージェンシー株式会社,東京都江東区南砂２丁目２６－７コスモプレイス東陽町３０１号,2019-12-12,株式会社
ソプラペット株式会社,埼玉県比企郡川島町大字表４１６番地,2019-12-12,株式会社
タフコ株式会社,東京都杉並区浜田山４丁目１０番５号,2019-12-12,株式会社
トウリュウ株式会社,神奈川県藤沢市本町２丁目１４番１号,2019-12-12,株式会社
トリカナ合同会社,鳥取県鳥取市古海４７４番地１,2019-12-12,合同会社
ノバセラム株式会社,東京都千代田区一番町６番地,2019-12-12,株式会社
ハウンドダイニング株式会社,埼玉県新座市東北２丁目３９番８号永代ビル地下１階,2019-12-12,株式会社
ピーカンパニー株式会社,埼玉県越谷市南越谷１丁目２０番地４岩淵ビル５階,2019-12-12,株式会社
フジネゴシアン株式会社,山梨県富士吉田市下吉田３丁目３５番１８号,2019-12-12,株式会社
プラスネット合同会社,京都府京都市伏見区久我本町１２番地１１朝日プラザ伏見桂川２１６号,2019-12-12,合同会社
ホムラ株式会社,大阪府大阪市中央区千日前２丁目３番２１号ヴィレッジリバー４１１号,2019-12-12,株式会社
マキナメカニック株式会社,東京都町田市忠生１丁目５番地１,2019-12-12,株式会社
ヤマトライズ株式会社,奈良県香芝市関屋４３６－７,2019-12-12,株式会社
ユーディープラス合同会社,福岡県北九州市若松区小敷ひびきの２丁目１０番６号,2019-12-12,合同会社
ラクーネル株式会社,千葉県市原市千種５丁目１２番地１,2019-12-12,株式会社
リファインアセット総合研究所合同会社,鹿児島県鹿児島市石谷町１６２０番地１２,2019-12-12,合同会社
リル合同会社,京都府京都市下京区大宮通四条下る四条大宮町２５番地２、２０１,2019-12-12,合同会社
ヴォラーレ合同会社,千葉県船橋市丸山３丁目４５番５号,2019-12-12,合同会社
一般社団法人あきんど部,東京都中野区上高田１丁目３５番１号上高田ロイヤル２０１,2019-12-12,その他の設立登記法人
一般社団法人エシタードフットボールアソシエーション,千葉県松戸市新松戸４丁目２００番地パールマンション４０３号,2019-12-12,その他の設立登記法人
一般社団法人サワダ,愛知県名古屋市西区押切１丁目１０番１６号,2019-12-12,その他の設立登記法人
一般社団法人心臓血管外科振興会,東京都港区白金４丁目５番５号,2019-12-12,その他の設立登記法人
一般社団法人日本環境トラスト協会,大阪府大阪市北区西天満４丁目５番１６号,2019-12-12,その他の設立登記法人
一般社団法人機能性給食研究会,東京都千代田区神田須田町１丁目２６番地,2019-12-12,その他の設立登記法人
一般社団法人沖縄県女性の翼,沖縄県那覇市松尾２丁目７番７－４０１号グランシャトレ松尾,2019-12-12,その他の設立登記法人
一般社団法人美郷町学校給食協会,秋田県仙北郡美郷町土崎字上野乙１番地１７８,2019-12-12,その他の設立登記法人
一般社団法人育仁会,茨城県水戸市泉町２丁目４番２８号,2019-12-12,その他の設立登記法人
一般社団法人ＡＢＬａｂ,東京都中央区日本橋室町１丁目５番３号,2019-12-12,その他の設立登記法人
一般社団法人ＪＤＤＡ,東京都渋谷区道玄坂２丁目１５番１号ノア道玄坂１０１３,2019-12-12,その他の設立登記法人
一般社団法人ＲＡ,東京都千代田区霞が関３丁目２番１号霞が関コモンゲート西館３２階,2019-12-12,その他の設立登記法人
一般財団法人芹沢光治良記念文化財団,東京都中野区東中野５丁目８番３号,2019-12-12,その他の設立登記法人
九州スピリッツ株式会社,大阪府大阪市中央区備後町１丁目５番１５号,2019-12-12,株式会社
京田株式会社,東京都中野区沼袋２丁目３３番１９号２Ｆ,2019-12-12,株式会社
佐々木合同会社,東京都練馬区上石神井１丁目２０－９,2019-12-12,合同会社
六合株式会社,大阪府大阪市旭区赤川１丁目５－１３－２０７室,2019-12-12,株式会社
医療法人八松会,岐阜県美濃加茂市山手町２丁目８５番地１,2019-12-12,その他の設立登記法人
医療法人圭友会,宮城県白石市沢端町３番４３号,2019-12-12,その他の設立登記法人
医療法人社団光芒会,神奈川県横浜市西区北幸１丁目１番８号エキニア横浜７Ｆ,2019-12-12,その他の設立登記法人
医療法人ＹＯＴＨ,岐阜県中津川市苗木字柳ノ木４９００番地８,2019-12-12,その他の設立登記法人
合一電子株式会社,東京都杉並区高円寺南１丁目２番８号,2019-12-12,株式会社
合同会社あたたか,新潟県新発田市大友８３１番地,2019-12-12,合同会社
合同会社さわだ,東京都目黒区緑が丘１丁目２番４－１０２号,2019-12-12,合同会社
合同会社であい,兵庫県神戸市西区玉津町出合字古瀬２２３－１,2019-12-12,合同会社
合同会社なごみ,北海道苫前郡苫前町字古丹別２４９番地の３３,2019-12-12,合同会社
合同会社ねこのても,大阪府大阪市中央区高津２丁目１番２５号東道頓堀千寿プラザ８０１号室,2019-12-12,合同会社
合同会社ゆう,愛知県碧南市神有町２丁目１７番地２,2019-12-12,合同会社
合同会社アマル,北海道札幌市手稲区手稲本町三条４丁目５番１号,2019-12-12,合同会社
合同会社エーススポーツコーポレーション,埼玉県春日部市中央２丁目２７番１２号第９アオイビル３０３,2019-12-12,合同会社
合同会社カモト,兵庫県神戸市北区鈴蘭台南町３丁目９番３号１０３号室,2019-12-12,合同会社
合同会社クリンクリンナラ,奈良県天理市杉本町１７９番地１７－２Ｆ,2019-12-12,合同会社
合同会社グランプラス,東京都港区浜松町２丁目２番１５号浜松町ダイヤビル２Ｆ,2019-12-12,合同会社
合同会社ケナルイ,埼玉県吉川市道庭１丁目４番地８,2019-12-12,合同会社
合同会社ゴウジン,千葉県千葉市花見川区幕張本郷４丁目９番４１号,2019-12-12,合同会社
合同会社サイバートリニティ,東京都調布市西つつじケ丘１丁目１５番地６ヒルサイドレジデンス４１１,2019-12-12,合同会社
合同会社スキマ企画,大阪府大阪市中央区瓦町３丁目２番１０,2019-12-12,合同会社
合同会社タッチ,東京都杉並区宮前２丁目２１－１９,2019-12-12,合同会社
合同会社トヤマ,鹿児島県奄美市笠利町里１２４－１,2019-12-12,合同会社
合同会社パインツリー,神奈川県横浜市磯子区岡村１丁目５番２１号,2019-12-12,合同会社
合同会社フラワー,岡山県岡山市北区楢津２１４番地６,2019-12-12,合同会社
合同会社プラス,大阪府大阪市西区新町１丁目１９番１４－１７０２号,2019-12-12,合同会社
合同会社メディアックス,新潟県上越市木田１丁目７番２９号,2019-12-12,合同会社
合同会社リバーヒルズ,北海道札幌市白石区菊水上町三条２丁目５２番２５５アスクゲート２Ｆ,2019-12-12,合同会社
合同会社ロングライフサービス,三重県南牟婁郡紀宝町井田２０９５番地２,2019-12-12,合同会社
合同会社丸井商事管理,東京都杉並区高円寺北４丁目１３番１０号,2019-12-12,合同会社
合同会社冬希,福岡県福岡市博多区石城町９－１７－１４０５,2019-12-12,合同会社
合同会社喜ｄｏ愛楽,岐阜県山県市富永７１７番地２,2019-12-12,合同会社
合同会社大港,東京都武蔵野市境３丁目１７番１号,2019-12-12,合同会社
合同会社山葵,大阪府大阪市天王寺区城南寺町３－２８クレセール上本町４０１号,2019-12-12,合同会社
合同会社朝日の輝,栃木県日光市下鉢石町９５２,2019-12-12,合同会社
合同会社東川企画,東京都港区新橋６丁目１４番４号和田ビル３階,2019-12-12,合同会社
合同会社柏木,山梨県富士吉田市大明見６丁目１２番１号,2019-12-12,合同会社
合同会社楓,東京都港区新橋６丁目１４番４号和田ビル三階,2019-12-12,合同会社
合同会社真心,広島県三原市皆実６丁目１６番２７号,2019-12-12,合同会社
合同会社茜,東京都港区新橋６丁目１４番４号和田ビル３階,2019-12-12,合同会社
合同会社蝶,東京都北区栄町３７番２号・メイフェアフラット１０２号室,2019-12-12,合同会社
合同会社見解術,東京都台東区台東１丁目１２番１０－２０１号,2019-12-12,合同会社
合同会社陽,山形県上山市金生東２丁目１０番４３号,2019-12-12,合同会社
合同会社黒潮エコアグリ,高知県幡多郡黒潮町入野７２２０番地１,2019-12-12,合同会社
合同会社３６,東京都杉並区阿佐谷北６丁目２６番２号－２０３,2019-12-12,合同会社
合同会社Ａ，Ｔ，Ｃ,兵庫県神戸市中央区二宮町１丁目１０－２４－２０４号,2019-12-12,合同会社
合同会社Ａ－Ｐｌａｎｎｉｎｇ,沖縄県浦添市伊祖２丁目２番５－８０１号,2019-12-12,合同会社
合同会社ＢＵＩＬＤＥＸ,神奈川県川崎市宮前区神木本町２丁目１９番６号フルール三神三番館４０６,2019-12-12,合同会社
合同会社Ｄ．Ｙ　Ｐｌａｎｎｉｎｇ,神奈川県横浜市南区永楽町１丁目１５番地２シャトレー伊勢佐木４０６,2019-12-12,合同会社
合同会社Ｆ．Ｆ．Ｅ,福岡県福岡市中央区長浜２丁目３番１８号１２Ｆ,2019-12-12,合同会社
合同会社Ｋ２ｓｔｙｌｅ,東京都板橋区志村１丁目３０－１９－５０６,2019-12-12,合同会社
合同会社Ｌｉｅｂｌｉｎｇ,東京都豊島区池袋２丁目５７－６ＭＣオフィス池袋西口Ｊ,2019-12-12,合同会社
合同会社ＮＡＡＴＳ　Ｉｎｔｅｒｎａｔｉｏｎａｌ,東京都板橋区南常盤台１丁目１１－６レフア南常盤台１０１号室,2019-12-12,合同会社
合同会社ＮＯＢＵ企画,神奈川県横浜市中区太田町６丁目７３番地,2019-12-12,合同会社
合同会社Ｐａｓｓｏ,千葉県香取市高萩１５９１番地８,2019-12-12,合同会社
合同会社ＳＵＭＩＣＡ,東京都大田区蒲田２丁目２０番１３号,2019-12-12,合同会社
合同会社Ｔ．Ｔ．Ｋ,北海道北広島市大曲６１９番地,2019-12-12,合同会社
合同会社ＴＡＢＡ　ＴＥＫ製作,埼玉県狭山市広瀬台２丁目１５番１８号,2019-12-12,合同会社
合同会社ＴＵＡ,石川県金沢市尾張町２丁目１１番２４号,2019-12-12,合同会社
合同会社ＹＯＵ,東京都台東区浅草３丁目４－４,2019-12-12,合同会社
合同会社ｂｅｌｌｅ,茨城県つくば市島名１８５０番地１（香取台Ｂ５６街区１３）コンフォートユー１０１号,2019-12-12,合同会社
合同会社ｔｕｒｕ,東京都中野区沼袋１丁目１３－４,2019-12-12,合同会社
和崎商事株式会社,東京都品川区勝島１丁目４番２０－１７１９号ＢＲＡＮＺ,2019-12-12,株式会社
国際人材ネットワーク事業協同組合,大阪府大阪市東淀川区柴島３丁目１０番１９号,2019-12-12,その他の設立登記法人
寿クリエーション株式会社,岡山県備前市伊里中２６３番地,2019-12-12,株式会社
尚品株式会社,富山県射水市山本新５５番地,2019-12-12,株式会社
張替設備株式会社,茨城県下妻市鎌庭３７５番地８,2019-12-12,株式会社
恒拓通信株式会社,東京都墨田区江東橋２丁目５番９号７階,2019-12-12,株式会社
恵沢商事株式会社,大阪府大阪市住吉区墨江２丁目３番５６号,2019-12-12,株式会社
日本ｔａｎａｋａ　ｋｏｋｏｒｏ株式会社,東京都中央区銀座７丁目１３番６号サガミビル２階,2019-12-12,株式会社
日興トレード株式会社,大阪府大阪市西区南堀江３丁目６番１号,2019-12-12,株式会社
晃和創産株式会社,兵庫県尼崎市善法寺町２３番２７号,2019-12-12,株式会社
有限会社ハイドリル,熊本県八代市長田町３１３１番地,2019-12-12,有限会社
有限会社丸ト製陶所,岐阜県多治見市滝呂町１１丁目１４番地,2019-12-12,有限会社
有限会社新日本教育旭川,北海道旭川市豊岡八条７丁目３番２号,2019-12-12,有限会社
杜和商事株式会社,神奈川県横浜市磯子区岡村６丁目１２番７号,2019-12-12,株式会社
東原交易合同会社,沖縄県沖縄市安慶田３丁目１１－３３,2019-12-12,合同会社
東洋株式会社,埼玉県川口市栄町１丁目１４番７－１０８号,2019-12-12,株式会社
東豊株式会社,兵庫県神戸市灘区土山町１１－３－１,2019-12-12,株式会社
株式会社いなほ,大阪府茨木市主原町６番１－３０５号,2019-12-12,株式会社
株式会社ひまわり企画,東京都三鷹市下連雀３丁目１番１７号,2019-12-12,株式会社
株式会社みようがの里,群馬県吾妻郡東吾妻町大字萩生１８６８番地６,2019-12-12,株式会社
株式会社もみじ造園,埼玉県熊谷市成沢３９７番地２,2019-12-12,株式会社
株式会社ゆめみてる,神奈川県川崎市川崎区港町５番２－２９０４号,2019-12-12,株式会社
株式会社アイウィル,東京都新宿区水道町３番１４号神楽坂Ｎビル３－Ｂ,2019-12-12,株式会社
株式会社アイハウス,福岡県北九州市小倉北区熊本３丁目１番１２号,2019-12-12,株式会社
株式会社アイ・エヌ・ジーホールディングス,千葉県野田市中野台鹿島町１１番地２６,2019-12-12,株式会社
株式会社アグリなぎ,岡山県勝田郡奈義町西原３５０番地９,2019-12-12,株式会社
株式会社アシュアランスサービス,秋田県秋田市桜ガ丘２丁目１２番地１６,2019-12-12,株式会社
株式会社アシード,京都府京都市中京区蛸薬師通大宮西入ル因幡町１０２番地ヴィラヴェルティ３０５,2019-12-12,株式会社
株式会社アスラ,埼玉県所沢市東狭山ケ丘１丁目１７番地の１２サニーハウス１０６,2019-12-12,株式会社
株式会社アトム不動産,埼玉県富士見市羽沢３丁目２５番３０号,2019-12-12,株式会社
株式会社アルファクロス,東京都港区新橋３丁目２６番４号,2019-12-12,株式会社
株式会社アースプラン熊本,熊本県熊本市中央区上水前寺１丁目９番２０号,2019-12-12,株式会社
株式会社アールロジ,兵庫県神戸市西区北別府３丁目２番地の１,2019-12-12,株式会社
株式会社イイヅカ,東京都江東区毛利１丁目３番４号,2019-12-12,株式会社
株式会社インフォメーションシズオカ,静岡県島田市横井４丁目２番２４号,2019-12-12,株式会社
株式会社イーグル,大分県由布市挾間町北方１９９番地４,2019-12-12,株式会社
株式会社イール,大阪府堺市西区太平寺１７７番地２２,2019-12-12,株式会社
株式会社ウィルウィン,大阪府大阪市東成区大今里１丁目３４番１８号,2019-12-12,株式会社
株式会社ウィルウィング,愛媛県松山市千舟町５丁目３番１７号,2019-12-12,株式会社
株式会社ウエスト・アイランド,福岡県福岡市西区戸切３丁目１番１９号,2019-12-12,株式会社
株式会社エイムトゥーワン,東京都新宿区市谷田町２丁目７番地６,2019-12-12,株式会社
株式会社エスイーシー,福島県田村市都路町古道字遠下前９５番地１,2019-12-12,株式会社
株式会社エバーラスティング,神奈川県大和市下鶴間２丁目４番３２－１号,2019-12-12,株式会社
株式会社エムアイアセットマネジメント,東京都江戸川区中葛西７丁目４番１０号,2019-12-12,株式会社
株式会社エムアールエム,福岡県福岡市博多区上牟田２丁目６番２１号,2019-12-12,株式会社
株式会社エースホールディングス,東京都港区六本木１丁目６番１号泉ガーデンタワー３７階,2019-12-12,株式会社
株式会社オガワリバイタル,東京都渋谷区千駄ヶ谷３丁目１６番１７号エクセドラ北参道３０５,2019-12-12,株式会社
株式会社オリエンタル１,神奈川県横浜市保土ケ谷区岩井町４番地２２９,2019-12-12,株式会社
株式会社カインドホーム,兵庫県芦屋市涼風町９番９号,2019-12-12,株式会社
株式会社カーステーション．ＫＡＭＩＹＡ,愛知県豊橋市石巻本町字上ミ畑２５番地１,2019-12-12,株式会社
株式会社ガクファーム,長野県松本市大字笹賀１７１番地５,2019-12-12,株式会社
株式会社キャリアライゼーション,東京都渋谷区道玄坂１丁目２番３号渋谷フクラス１７Ｆ,2019-12-12,株式会社
株式会社クオリティホーム,大阪府大阪市港区八幡屋２丁目６－１,2019-12-12,株式会社
株式会社クロスワークス,東京都西東京市東町５丁目８番６号,2019-12-12,株式会社
株式会社クローバー,東京都府中市宮西町４丁目１２番地の１１モア府中,2019-12-12,株式会社
株式会社クローリス,大阪府吹田市内本町１丁目１８番２１号,2019-12-12,株式会社
株式会社グッドイブニング,東京都北区志茂２丁目１７番１２号,2019-12-12,株式会社
株式会社グランツ,奈良県奈良市菅原町５１７番地,2019-12-12,株式会社
株式会社ケアライズ,東京都杉並区天沼３丁目９－１荻窪ビル１階,2019-12-12,株式会社
株式会社コネクト,宮城県登米市中田町宝江新井田字南新田２０８番地,2019-12-12,株式会社
株式会社コネクト,北海道旭川市豊岡十一条９丁目１番５号,2019-12-12,株式会社
株式会社サトーライン,岩手県盛岡市湯沢１０地割７３番地４,2019-12-12,株式会社
株式会社サニートラスト,兵庫県神戸市灘区新在家南町５丁目３－８,2019-12-12,株式会社
株式会社サンキュー,東京都杉並区高円寺北３丁目２０番１９スイートビル３階,2019-12-12,株式会社
株式会社サンシャイン,大阪府堺市西区浜寺石津町西５丁５－２－２０１,2019-12-12,株式会社
株式会社シェイプス,大阪府大阪市西区北堀江１丁目５番２号四ツ橋新興産ビル,2019-12-12,株式会社
株式会社シャンコート,兵庫県尼崎市御園３丁目３番２０号,2019-12-12,株式会社
株式会社ショウエイ,長崎県長崎市千歳町２番３号,2019-12-12,株式会社
株式会社シープラス,大阪府大阪市西淀川区歌島２丁目１０番１１号,2019-12-12,株式会社
株式会社ジェイティ,兵庫県神戸市中央区旭通１丁目２番７号栄ビル４階,2019-12-12,株式会社
株式会社ジャパンリース,東京都港区赤坂２丁目１６番５号ＢＳ赤坂ビル１Ｆ,2019-12-12,株式会社
株式会社ジヴェルニー,東京都杉並区西荻北４丁目３７－３,2019-12-12,株式会社
株式会社ジーク,千葉県野田市上花輪７９３番地の１８,2019-12-12,株式会社
株式会社スカイハイ,奈良県生駒郡斑鳩町服部２丁目４番６号,2019-12-12,株式会社
株式会社スタンドアウト,滋賀県大津市大石淀３丁目１４番１８号,2019-12-12,株式会社
株式会社スマイルクリエート,東京都葛飾区東四つ木３丁目１８番２号,2019-12-12,株式会社
株式会社ゼノトゥーン,神奈川県川崎市中原区新丸子東３丁目１１００番地１２,2019-12-12,株式会社
株式会社ゼロハウス,大阪府泉佐野市上之郷１８０３番地,2019-12-12,株式会社
株式会社ソフネットホールディングス,福岡県福岡市東区馬出１丁目１３番８号ソフネット県庁口ビル,2019-12-12,株式会社
株式会社タスホールディングス,兵庫県神戸市中央区下山手通５丁目１番１号,2019-12-12,株式会社
株式会社ターンアップ,福岡県福岡市博多区対馬小路１番２１号,2019-12-12,株式会社
株式会社ダンデリオン,埼玉県戸田市大字新曽６９５番地,2019-12-12,株式会社
株式会社ツシマ,岐阜県岐阜市茜部菱野４丁目１０９番地,2019-12-12,株式会社
株式会社ティエムエンジニアリング,神奈川県相模原市中央区淵野辺２丁目２１番１９号,2019-12-12,株式会社
株式会社テック・フィフティフォー,大阪府堺市堺区南旅篭町東２丁２番２２号,2019-12-12,株式会社
株式会社トップシステム,埼玉県入間市東町７丁目１３番１９号－２０３,2019-12-12,株式会社
株式会社ネイチャーフィール,兵庫県姫路市余部区下余部５８９番地,2019-12-12,株式会社
株式会社ネイビーシーガル,愛知県名古屋市天白区植田２丁目４０２番地,2019-12-12,株式会社
株式会社ネクスタ,千葉県船橋市南本町１０番５－１号,2019-12-12,株式会社
株式会社ハウオリストーリー,大阪府大阪市北区梅田１丁目２番２号大阪駅前第二ビル２階５－６号室,2019-12-12,株式会社
株式会社バディエステート,大阪府大阪市東成区東小橋１丁目１番２５号ＭＩＺ玉造駅前２Ｆ,2019-12-12,株式会社
株式会社パレッスル,沖縄県宮古島市平良字西里３８７番地スカイビル２Ｆ・７号室,2019-12-12,株式会社
株式会社ビーライフサポート,新潟県新潟市中央区米山９番８号,2019-12-12,株式会社
株式会社ファインホーム,神奈川県横浜市泉区緑園６丁目１番地１４,2019-12-12,株式会社
株式会社フラッグシップ,東京都目黒区八雲１丁目３番７号シトラスビル３０２,2019-12-12,株式会社
株式会社フルスイング,大阪府大阪市中央区南船場３丁目６番,2019-12-12,株式会社
株式会社プラス,東京都中央区銀座７丁目１３番６号サガミビル２階,2019-12-12,株式会社
株式会社プラスアルファ,愛知県岡崎市昭和町字上川田７番地５,2019-12-12,株式会社
株式会社プラージュ,神奈川県相模原市中央区上溝５丁目１２番４号スピアッジャ７０１,2019-12-12,株式会社
株式会社ペタゴー,東京都文京区千駄木５丁目４１－１,2019-12-12,株式会社
株式会社ホッフヌング,山梨県甲府市和戸町３５３番地１４,2019-12-12,株式会社
株式会社ホリックス,愛知県春日井市花長町２丁目２０番地３,2019-12-12,株式会社
株式会社マイクロエンジン,東京都品川区南品川４丁目４番１７号品川サウスタワー,2019-12-12,株式会社
株式会社マルイライフプランニング,岡山県津山市戸島８９３番地１５,2019-12-12,株式会社
株式会社ミクニ,兵庫県神戸市中央区中山手通３丁目１１－８－２Ｆ,2019-12-12,株式会社
株式会社メイカ,福井県福井市宝永２丁目４番３号,2019-12-12,株式会社
株式会社ヤマグチ工務店,神奈川県三浦市初声町下宮田４８５番地１,2019-12-12,株式会社
株式会社ヤマトウ,埼玉県さいたま市岩槻区東岩槻２丁目３番地５,2019-12-12,株式会社
株式会社ユウキ,山口県光市浅江１丁目１３番２３号,2019-12-12,株式会社
株式会社ユクテック,大分県大分市大字八幡１３９０番地,2019-12-12,株式会社
株式会社ユーエム,山形県酒田市一番町３番３０号１Ｆ,2019-12-12,株式会社
株式会社ライフクラウド,愛媛県今治市別名５７番地５,2019-12-12,株式会社
株式会社ライブスリー,東京都豊島区南大塚２丁目４０番１号,2019-12-12,株式会社
株式会社リンクアップ,東京都練馬区豊玉南１丁目１８番２号,2019-12-12,株式会社
株式会社ロビンエステート,東京都豊島区南大塚３丁目１０番４号,2019-12-12,株式会社
株式会社ヴィジョナリーキャリア,東京都渋谷区恵比寿４丁目２０番３号恵比寿ガーデンプレイスタワー１８階,2019-12-12,株式会社
株式会社一真建設,京都府京都市西京区樫原蛸田町３０番地３４,2019-12-12,株式会社
株式会社三和メディカル,東京都北区中十条１丁目１番２１号,2019-12-12,株式会社
株式会社三戸運輸商事,京都府京都市下京区西七条東御前田町１５番地２,2019-12-12,株式会社
株式会社二葉,埼玉県飯能市大字双柳４６８番地１８,2019-12-12,株式会社
株式会社井智,埼玉県川口市赤井４丁目２２番１－２０２号,2019-12-12,株式会社
株式会社令和マネジメント,東京都千代田区九段南１丁目５－６りそな九段ビル５階,2019-12-12,株式会社
株式会社伊藤商事,北海道旭川市永山六条１０丁目２番９－１号,2019-12-12,株式会社
株式会社伏古建設,北海道札幌市東区伏古十二条２丁目１４番２２号,2019-12-12,株式会社
株式会社伸太,大阪府大阪市中央区千日前２丁目４番１０号,2019-12-12,株式会社
株式会社八恭,群馬県前橋市大胡町５４８番地１,2019-12-12,株式会社
株式会社北山,京都府京都市右京区太秦安井馬塚町９番地ハイツ西澤４０５,2019-12-12,株式会社
株式会社北風研究所,東京都台東区東上野５丁目２１番５－２０９号,2019-12-12,株式会社
株式会社千明社,埼玉県幸手市大字上高野２７３０番地１,2019-12-12,株式会社
株式会社古屋建築設計事務所,東京都大田区北嶺町３２－８,2019-12-12,株式会社
株式会社吉村建設,岐阜県中津川市駒場字松源寺１５０８番地の３８,2019-12-12,株式会社
株式会社吉澤ホールディングス,滋賀県甲賀市信楽町小川出４１８番地,2019-12-12,株式会社
株式会社向幸,京都府京都市北区紫竹下芝本町５８番地,2019-12-12,株式会社
株式会社和龍,福岡県福岡市東区名子３丁目４番２７－１０２号,2019-12-12,株式会社
株式会社夏,愛知県名古屋市中区栄３丁目３２番１３号,2019-12-12,株式会社
株式会社外岡電気工事,静岡県静岡市清水区下野中１番１１号,2019-12-12,株式会社
株式会社大室設備,石川県金沢市横川３丁目３０４番地１,2019-12-12,株式会社
株式会社大陽設備,神奈川県横浜市戸塚区上矢部町１２５９番地コスモＲＩ上矢部４０１号,2019-12-12,株式会社
株式会社山博,岡山県津山市川崎１９８７－１,2019-12-12,株式会社
株式会社岬,香川県三豊市詫間町松崎２７８０番地１８,2019-12-12,株式会社
株式会社嶋倉,千葉県市川市鬼高３丁目１５番７号市川東パークホームズ１１１,2019-12-12,株式会社
株式会社嶋津住設,神奈川県横浜市港北区鳥山町８５３番地１エルメゾンネクストⅣ２０１号室,2019-12-12,株式会社
株式会社川令,埼玉県川口市飯塚４丁目７番１６号,2019-12-12,株式会社
株式会社川村建設,新潟県五泉市木越荒屋甲２８５０番地,2019-12-12,株式会社
株式会社巴屋,茨城県水戸市笠原町１２５８番地４,2019-12-12,株式会社
株式会社廣岡技建,大分県宇佐市安心院町木裳３５２番地,2019-12-12,株式会社
株式会社廣島華蓮,広島県広島市南区比治山本町１１番１５号,2019-12-12,株式会社
株式会社惠,神奈川県横浜市鶴見区駒岡３丁目２１番４６号,2019-12-12,株式会社
株式会社成功,東京都荒川区荒川５丁目３８番１０号,2019-12-12,株式会社
株式会社新龍,大阪府大阪市福島区福島４丁目５番３９－１６０３号,2019-12-12,株式会社
株式会社朋健,大阪府堺市中区深井水池町３１９４番地－１０１号,2019-12-12,株式会社
株式会社栄都ホールディングス,東京都練馬区春日町５丁目２９番３１－５０１号,2019-12-12,株式会社
株式会社楓,千葉県柏市東１丁目２番４５号石戸第３ビル３０１,2019-12-12,株式会社
株式会社正奇,東京都台東区東上野１丁目１０－８旭光ビル４０３号室,2019-12-12,株式会社
株式会社涼風園,長崎県長崎市松原町２４４５番地,2019-12-12,株式会社
株式会社福商,東京都荒川区東日暮里４丁目１３番１５,2019-12-12,株式会社
株式会社秋吉不動産,福岡県福岡市博多区博多駅前１丁目２３番１３－４０１号,2019-12-12,株式会社
株式会社稲田,大阪府大阪市東住吉区今林２丁目１７番１２号,2019-12-12,株式会社
株式会社筋肉産業,宮崎県宮崎市新城町２番地２　２Ｆ,2019-12-12,株式会社
株式会社結輝構造設計,東京都江東区木場６丁目９番５号山本工業ビル４階Ｂ号室,2019-12-12,株式会社
株式会社羽田建築設計事務所,広島県広島市西区古江西町１８番８号,2019-12-12,株式会社
株式会社肉の西島,群馬県伊勢崎市田部井町２丁目５３４番地１,2019-12-12,株式会社
株式会社花鳥風月,東京都豊島区東池袋２丁目６２番９サンハイツ東池袋４０３号,2019-12-12,株式会社
株式会社藍原,東京都葛飾区青戸７丁目１０番７号,2019-12-12,株式会社
株式会社藤工業,福岡県福岡市早良区重留７丁目１６番５号,2019-12-12,株式会社
株式会社蝦夷マルシェ,北海道広尾郡大樹町東本通１４番地,2019-12-12,株式会社
株式会社豆州,滋賀県大津市野郷原１丁目７番１－１０５号,2019-12-12,株式会社
株式会社遊部,北海道札幌市東区北三十六条東５丁目１番２５－２０２号,2019-12-12,株式会社
株式会社野本,東京都新宿区高田馬場１丁目３２番１０号新宿区立高田馬場創業支援センター,2019-12-12,株式会社
株式会社高木,大阪府大阪市東住吉区桑津３丁目３０番２４号,2019-12-12,株式会社
株式会社髪どころ,三重県四日市市伊倉１丁目２番２５号,2019-12-12,株式会社
株式会社鬼や福ふく,新潟県中魚沼郡津南町大字上郷宮野原１２４９番地,2019-12-12,株式会社
株式会社麪家ひばり,島根県松江市北堀町１８９番地,2019-12-12,株式会社
株式会社Ａ－Ｄｒｏｎｅ,東京都大田区仲池上１丁目５番１７号,2019-12-12,株式会社
株式会社ＡＩＬＡＮＤ,東京都港区西麻布４丁目１１番１４号,2019-12-12,株式会社
株式会社ＡＸＩＳ,愛媛県松山市古川南１丁目１９－３,2019-12-12,株式会社
株式会社Ａｃｃｅｌ　Ｂｒａｉｎ,東京都港区浜松町２丁目２番１５号,2019-12-12,株式会社
株式会社Ａｃｅ,愛知県名古屋市昭和区阿由知通１丁目９番地の１,2019-12-12,株式会社
株式会社Ａｔｏｎｙ,東京都北区十条仲原１丁目２６番８号,2019-12-12,株式会社
株式会社ＢｅＳｕｌｔ,東京都千代田区九段南１丁目５－６りそな九段ビル５Ｆ,2019-12-12,株式会社
株式会社ＣＡＦＥ　ＣＯＬＬＥＣＴＩＶＥ,山口県下関市南部町２０番１５号,2019-12-12,株式会社
株式会社ＣＥＥｔｅｎｄｅｒ,山口県下松市大字末武上３４１番地１リヴィエールエキⅡ－２０３号,2019-12-12,株式会社
株式会社ＣＯＮＣＲＥＴＥ,東京都渋谷区代官山町２番７号シャトレ代官山５０５,2019-12-12,株式会社
株式会社Ｃｌｕｔｃｈ,福岡県福岡市中央区小笹１丁目１０番５－５２号,2019-12-12,株式会社
株式会社Ｃｒｅａｔｅ　Ｏａｓｉｓ,神奈川県大和市南林間２丁目６番１３－６号,2019-12-12,株式会社
株式会社Ｅｌｃａｍｙ,東京都渋谷区桜丘町２３番１７号シティコート桜丘４０８,2019-12-12,株式会社
株式会社Ｅｖｅｒｉｎ＆Ｃｏ．,東京都江東区潮見１丁目２９番２２－６０７号,2019-12-12,株式会社
株式会社Ｆ．Ｄ．Ｐ．,三重県度会郡玉城町中楽５７８番地１,2019-12-12,株式会社
株式会社ＦＡＩＮＬＩＴＡ,新潟県新潟市西区浦山１丁目１番１０号リバーサイド青山４０１,2019-12-12,株式会社
株式会社ＦＡＩＲＹ　ＳＡＬＴ,福岡県福岡市中央区那の川２丁目８番７号,2019-12-12,株式会社
株式会社ＦＢＡ,福井県福井市西開発４丁目６１１番地,2019-12-12,株式会社
株式会社ＦＥＥＬＳ,埼玉県越谷市東大沢１丁目１１番地１３,2019-12-12,株式会社
株式会社ＦＥＲＮＡ,愛知県名古屋市中区千代田３丁目１０番２号,2019-12-12,株式会社
株式会社ＦＯＯＤＳＷＡＶＥ,千葉県船橋市宮本２丁目４番６号,2019-12-12,株式会社
株式会社ＦＵＭＩ企画,長崎県長崎市香焼町２９２３番地,2019-12-12,株式会社
株式会社ＦＵＮ　ＳＴＵＤＩＯ,千葉県木更津市八幡台３丁目１５番２０号,2019-12-12,株式会社
株式会社Ｆｌｅｅｋ,兵庫県宝塚市仁川高丸２丁目１１番１３号,2019-12-12,株式会社
株式会社Ｆｌｙｉｎｇ　Ｖｅｇａ,埼玉県蓮田市大字閏戸７６０番地１増田ビル２階,2019-12-12,株式会社
株式会社Ｆｏｏｄ・Ｓａｆｅｔｙ,埼玉県坂戸市西坂戸３丁目２５－２,2019-12-12,株式会社
株式会社Ｆｏｒｔｕｎｅ　Ｂｒｉｄｇｅ’Ｓ,東京都渋谷区恵比寿４丁目２０番３号恵比寿ガーデンプレイスタワー１８階,2019-12-12,株式会社
株式会社ＧＯＬＤ,神奈川県横浜市港北区日吉４丁目２１番２７－４０６号,2019-12-12,株式会社
株式会社Ｇｉｖｅ　Ｓｉｄｅ５,岐阜県多治見市市之倉町１３丁目８３番地の４３７,2019-12-12,株式会社
株式会社Ｈ＆Ｍ工業,長野県上伊那郡飯島町田切１７２６番地,2019-12-12,株式会社
株式会社ＨＡＬ,愛知県名古屋市中区新栄１丁目４６番４号（カーサビアンカ８０２号）,2019-12-12,株式会社
株式会社ＨＥＡＲＴクリエイション,広島県広島市佐伯区五日市中央１丁目２番３８号,2019-12-12,株式会社
株式会社ＩＮＴＥＸ,石川県金沢市田上２丁目１番地６,2019-12-12,株式会社
株式会社Ｋ‐ＳＯＣＫＥＴ,宮城県仙台市若林区六丁の目西町２番１０号,2019-12-12,株式会社
株式会社ＫＩＧＯ,東京都千代田区神田神保町１丁目２５番４号１階,2019-12-12,株式会社
株式会社ＫＮＩ,東京都千代田区神田錦町２丁目９番地１,2019-12-12,株式会社
株式会社ＫＮＴ,埼玉県上尾市愛宕２丁目６番１０号ソフト９９上尾ビル３０３号室,2019-12-12,株式会社
株式会社Ｋｕｂｅｒａ,宮城県仙台市青葉区国分町３丁目６番１１号,2019-12-12,株式会社
株式会社ＬＡＢＯ,東京都新宿区高田馬場１丁目４番２０号スカイコート早稲田９０８号,2019-12-12,株式会社
株式会社ＬＩＢＥＲＯ,愛知県碧南市沢渡町５７番地１,2019-12-12,株式会社
株式会社ＬＩＦＦＩＫ,東京都豊島区池袋３丁目３４番７号,2019-12-12,株式会社
株式会社Ｌａｐａｚ,福岡県福岡市博多区博多駅前３丁目７番３５号博多ハイテックビル５０５,2019-12-12,株式会社
株式会社Ｌｅａｄ,埼玉県蕨市北町１丁目１６番１３号本田マンション二号棟５１５号室,2019-12-12,株式会社
株式会社Ｌｕｓｔｏｒａ,大阪府堺市堺区南三国ヶ丘町４丁４番１５号,2019-12-12,株式会社
株式会社ＭＡＣコンサルティング,福岡県春日市春日原南町４丁目３８番地－４１６号,2019-12-12,株式会社
株式会社ＭＰＣ,兵庫県神戸市垂水区舞子坂３丁目３番８号,2019-12-12,株式会社
株式会社ＮＬＧ,群馬県前橋市紅雲町１丁目３－８ピアビル１階,2019-12-12,株式会社
株式会社ＮＯＣＫ,群馬県前橋市上長磯町１５２番地,2019-12-12,株式会社
株式会社ＮＳＫリアルエステート,愛媛県松山市余戸南１丁目２０番３３号,2019-12-12,株式会社
株式会社Ｎｕｄｇｅ　Ｃｏｍｐａｎｙ,東京都新宿区大久保１丁目８番２号シャルール新宿１２０２,2019-12-12,株式会社
株式会社ＯＬＬＩＥ,千葉県流山市松ケ丘５丁目７３１番地の５,2019-12-12,株式会社
株式会社Ｏｆｆｉｃｅ　ＫＩＲＩＥ,神奈川県川崎市宮前区南平台２０番１８号,2019-12-12,株式会社
株式会社Ｐｉｅｃｅ,大阪府大阪市平野区長吉長原西１丁目１番１０号イオン長吉店二階,2019-12-12,株式会社
株式会社Ｒ＆Ｙ,埼玉県川越市霞ケ関北２丁目６番地１－１０３号,2019-12-12,株式会社
株式会社ＲＥＳＥ,奈良県奈良市法蓮町４１１番地の７,2019-12-12,株式会社
株式会社ＲｅｎＨｏｍｅ,兵庫県加古川市加古川町中津５５０－６,2019-12-12,株式会社
株式会社Ｓ＆Ｐ,大阪府大阪市城東区鴫野西５丁目２０－２５ユーミーハイツ鴫野３Ａ号室,2019-12-12,株式会社
株式会社ＳＨＩＮＧＵ,大阪府大阪市福島区福島１丁目１番４８号,2019-12-12,株式会社
株式会社ＳＴＯＲＩＡ,東京都港区南青山５丁目４番２４号,2019-12-12,株式会社
株式会社ＳＹ企画,千葉県八街市泉台１丁目７番地９,2019-12-12,株式会社
株式会社Ｓｅａ　ｔｏ　Ｓｋｙ,東京都北区西ケ原１丁目１７番９号雅ＧａｒｄｅｎＶｉｅｗ－８０１号,2019-12-12,株式会社
株式会社Ｓｉｎｃｅｒｉｔｙ,鹿児島県鹿児島市武３丁目１５番１０,2019-12-12,株式会社
株式会社ＴＡＮＩＫＥＮ,京都府舞鶴市上安東町５８番地３,2019-12-12,株式会社
株式会社ＴＣＨ,千葉県佐倉市井野１３６１番地９グランドヒルズ佐倉２０１号室,2019-12-12,株式会社
株式会社ＴＤＦ,京都府京都市北区上賀茂松本町２５番地,2019-12-12,株式会社
株式会社ＴＯＭＯＥ,東京都中野区中央１丁目４５番１号－３０１,2019-12-12,株式会社
株式会社ＴＳ物流,京都府京田辺市大住ケ丘４丁目１１番地７,2019-12-12,株式会社
株式会社ＴＴワークス,埼玉県日高市大字原宿１１７－１,2019-12-12,株式会社
株式会社Ｖｉｌｌａ　Ｒｅｐｒｏ,神奈川県川崎市麻生区細山８丁目１９番１１号,2019-12-12,株式会社
株式会社Ｘｄｅｓｉｇｎｓ,宮城県仙台市青葉区中央４丁目１０－３仙台キャピタルタワー２Ｆ,2019-12-12,株式会社
株式会社ＹＴＣ,大阪府羽曳野市飛鳥３６５番地,2019-12-12,株式会社
株式会社ｂｘｂｔｒａｄｅ,神奈川県横浜市中区桜木町１丁目１０１番地１クロスゲート７階,2019-12-12,株式会社
株式会社ｆｌａｔ,山口県防府市車塚町３番３６号１Ｆ,2019-12-12,株式会社
株式会社ｉ　ａｎｄ　ｄ　ｃｏｍｐａｎｙ,埼玉県さいたま市桜区道場２丁目７番１２号,2019-12-12,株式会社
株式会社ｉ．ｌ．ｌ,愛知県名古屋市西区鳥見町２丁目２４番地の１,2019-12-12,株式会社
株式会社ｉｎｎｏｐｉａ,東京都あきる野市原小宮１００番地７,2019-12-12,株式会社
株式会社ｒｉｓｅ,埼玉県北葛飾郡杉戸町大字杉戸３０００番地２３０,2019-12-12,株式会社
株式会社ｓｐｅｌｏ,奈良県奈良市青山４丁目３－２,2019-12-12,株式会社
株式会社ｓｕｚａＨ,東京都足立区千住寿町２番１６号サンモール千住,2019-12-12,株式会社
沖縄県共済協同組合,沖縄県那覇市字小禄１８３１番地１沖縄産業支援センター６０４号室,2019-12-12,その他の設立登記法人
無限責任篠尾村下笹尾負債整理組合,山梨県北杜市小淵沢町（北巨摩郡篠尾村）,2019-12-12,その他の設立登記法人
特定非営利活動法人なかやま楽校,高知県安芸郡安田町大字安田１８４７番地,2019-12-12,その他の設立登記法人
特定非営利活動法人コンパッション,愛媛県松山市和泉南１丁目９番地３８,2019-12-12,その他の設立登記法人
特定非営利活動法人一心会,鹿児島県枕崎市中央町１８０番地,2019-12-12,その他の設立登記法人
特定非営利活動法人全日本地域活性化連盟,大阪府大阪市淀川区西中島６丁目９－２０新大阪ＧＨビル８０６,2019-12-12,その他の設立登記法人
特定非営利活動法人感昇,東京都千代田区外神田５丁目１番１４号三幸ビル５Ｆ株式会社エーティケー内,2019-12-12,その他の設立登記法人
特定非営利活動法人都市の木質化プロジェクト,愛知県名古屋市千種区不老町１名古屋大学大学院生命農学研究科木材工学研究室内,2019-12-12,その他の設立登記法人
特定非営利活動法人Ｔｈｅ　Ｊａｐａｎ　Ｃｅｎｔｒｅ　ｆｏｒ　Ｅｖｉｄｅｎｃｅ　Ｂａｓｅｄ　Ｐｒａｃｔｉｃｅ,大阪府吹田市山田丘１－７大阪大学大学院医学系研究科統合保健看護科学分野看護実践開発科学講座Ｂ５１７,2019-12-12,その他の設立登記法人
益元株式会社,大阪府大阪市西区江之子島１丁目５番２－１５０３号,2019-12-12,株式会社
福井急便株式会社,兵庫県丹波市山南町草部１６５番地２,2019-12-12,株式会社
税理士法人新見会計事務所,徳島県徳島市中吉野町１丁目９番地,2019-12-12,その他の設立登記法人
結継国際協同組合,千葉県市川市曽谷５丁目６番１６号,2019-12-12,その他の設立登記法人
総合学習教室ｓｔｌｅａｍ合同会社,神奈川県横浜市青葉区市ケ尾町１１５２番地４３フローレンス青葉２Ｆ,2019-12-12,合同会社
練馬不動産株式会社,東京都練馬区練馬１丁目３３番２号,2019-12-12,株式会社
美誠道工業株式会社,広島県広島市西区井口５丁目１３番１９号成豊ビル３階,2019-12-12,株式会社
行政書士法人日本相続知財センター札幌,北海道札幌市中央区北三条西２丁目２番地１,2019-12-12,その他の設立登記法人
行政書士法人ＬＳＲコンサルティング,奈良県奈良市大宮町６丁目１番地の１０松井ビル４階,2019-12-12,その他の設立登記法人
角田印刷工房株式会社,兵庫県神戸市北区緑町２丁目１番３９号,2019-12-12,株式会社
誠和化学株式会社,兵庫県三木市別所町興治７２４－４３１,2019-12-12,株式会社
農事組合法人日光ファーム,大分県豊後大野市大野町中原２１４１番地２,2019-12-12,その他の設立登記法人
達夢株式会社,兵庫県神戸市中央区日暮通６丁目４－５はなアパート１Ｆ,2019-12-12,株式会社
金漢商事株式会社,東京都豊島区巣鴨４丁目２６番３号,2019-12-12,株式会社
麦德姆株式会社,埼玉県川口市幸町１丁目３番３１－１１０７号ライオンズシティ川口,2019-12-12,株式会社
ＢＥＳＴ　ＥＡＴＳ合同会社,愛知県名古屋市中区栄２丁目９番５号アーク栄東海ビルＢ１Ｆ,2019-12-12,合同会社
Ｂｉｒｄ＆Ｅｇｇ株式会社,大阪府大阪市北区梅田１丁目１１番４号大阪駅前第４ビル２０階,2019-12-12,株式会社
ＣＡＦＥ　ＳＵＴＩ合同会社,広島県福山市三之丸町１２番２号志水ビル２０１号室,2019-12-12,合同会社
ＣＡＭＰ．ＴＥＣＴＳ株式会社,東京都港区赤坂６丁目３番８号,2019-12-12,株式会社
ＣＬＳ株式会社,福井県鯖江市鳥井町第１２号３番地１,2019-12-12,株式会社
Ｃｈｅｅｒｓ合同会社,東京都板橋区高島平１丁目６番地７号コンドミニアム・Ｕ３０３,2019-12-12,合同会社
Ｃｌｏｕｄｙｓ合同会社,埼玉県川口市大字辻１０５２番地の１ライオンズ鳩ヶ谷マークレジデンス３０３号,2019-12-12,合同会社
Ｃｏｄａ　Ｓｙｏｔｏｋｕ　Ｏｎｅ合同会社,東京都渋谷区神南１丁目１２番１４号渋谷宮田ビル,2019-12-12,合同会社
Ｃｙｂｅｒ　Ｄａｒｔ株式会社,東京都港区浜松町２丁目２番１５号浜松町ダイヤビル２Ｆ,2019-12-12,株式会社
ＥＫ－ｅｘｐｒｅｓｓ株式会社,京都府京田辺市大住女谷７番地１１２,2019-12-12,株式会社
ＦＡＳＴ　ＬＡＮＥ株式会社,大阪府大阪市東住吉区公園南矢田２丁目３番１４号,2019-12-12,株式会社
Ｇｏｌｄｅｎ　Ｅｓｔａｔｅ株式会社,東京都台東区浅草橋１丁目１０番７信成ビル,2019-12-12,株式会社
ＨＡＵＳ３６５株式会社,徳島県吉野川市鴨島町上浦４３１番地８,2019-12-12,株式会社
ＨＳ－ＣＵＢＥ株式会社,大阪府豊中市新千里東町１丁目４番１号阪急千里中央ビル８Ｆ,2019-12-12,株式会社
ＨｅＮａトレーディング合同会社,東京都港区三田１丁目６番３－３３０２号,2019-12-12,合同会社
ＩＢＣｏｎｓｔｒｕｃｔｉｏｎ株式会社,三重県いなべ市大安町梅戸３４１３番地２,2019-12-12,株式会社
ＩＮＴＥＮＳＥ株式会社,神奈川県横浜市緑区十日市場町８５１番地１３ＹＹＫビル２０１,2019-12-12,株式会社
ＪＥＷＥＬ　ＦＯＯＤＳ株式会社,京都府京都市下京区真苧屋町２１８番地,2019-12-12,株式会社
ＪＭトレーディング株式会社,兵庫県たつの市龍野町堂本１７番地６,2019-12-12,株式会社
ＪＰトータルサポート協同組合,愛知県半田市潮干町１番地の２３,2019-12-12,その他の設立登記法人
Ｋ－ＧＲＡＮＴ株式会社,東京都あきる野市油平１２６番地８,2019-12-12,株式会社
ＫＡＺＡＩ株式会社,大阪府大阪市中央区谷町９丁目２番２７号谷九ビル４階,2019-12-12,株式会社
Ｌｉｎｋ株式会社,埼玉県吉川市栄町８６０番地１,2019-12-12,株式会社
ＭＧスポーツ株式会社,大阪府大阪市北区茶屋町１７番１号,2019-12-12,株式会社
ＭＩＫＩ株式会社,東京都足立区鹿浜１丁目１６番１２号,2019-12-12,株式会社
ＭＩＹＯＭＩ株式会社,愛知県名古屋市港区津金１丁目６番１４号,2019-12-12,株式会社
Ｎｅｗ　Ｆｒｏｎｔｉｅｒ　Ｃａｐｉｔａｌ株式会社,東京都品川区西五反田５丁目１８番１３号中庸ビル５０２,2019-12-12,株式会社
Ｐｒｅｔｉｍｅ株式会社,福岡県福岡市中央区六本松３丁目１０－７,2019-12-12,株式会社
Ｐｒｏｆｉｔ　ＰＬＵＳ合同会社,東京都足立区堀之内１丁目１８番１号,2019-12-12,合同会社
Ｒｅ　Ｌｉｆｅ合同会社,山形県鶴岡市日吉町１０－４４,2019-12-12,合同会社
Ｒｉｋｋａ株式会社,神奈川県横浜市青葉区美しが丘２丁目１１番地２セレアス美しが丘パティア４１１,2019-12-12,株式会社
ＳＡＲＬＩＳＩ株式会社,神奈川県横浜市南区井土ケ谷中町１３番地井土ヶ谷マンション４０２号,2019-12-12,株式会社
ＳＡＳＡＫＩエンジ合同会社,神奈川県川崎市宮前区野川１４９７番地１－５１１,2019-12-12,合同会社
ＳＳＲ合同会社,東京都町田市中町３丁目７番１６号シティハイム隅越２０１,2019-12-12,合同会社
ＳｅｅＢｌｏｃｋ株式会社,広島県広島市南区段原３丁目２３番６号,2019-12-12,株式会社
ＴＦエステート株式会社,埼玉県さいたま市浦和区常盤５丁目１番１４号,2019-12-12,株式会社
ＴＲＹパートナーズ株式会社,山形県山形市七日町３丁目１番２号,2019-12-12,株式会社
Ｔｗｉｌｉｇｈｔｓ合同会社,東京都北区上十条１丁目２１番１３号,2019-12-12,合同会社
ＷＥＩＣＨＩＣ株式会社,東京都目黒区青葉台３丁目５番７号Ａ８０３,2019-12-12,株式会社
ＷｅＦｏｒｗａｒｄ株式会社,埼玉県さいたま市中央区上落合２丁目３－２Ｍｉｏ新都心,2019-12-12,株式会社
Ｘ－ＣＥＥＤ　Ｆａｃｔｏｒｙ株式会社,埼玉県羽生市大字上新郷４５２８番地１,2019-12-12,株式会社
Ｙｏｕ　Ｍｏｒｅ株式会社,宮城県仙台市青葉区中央１丁目２番３号仙台マークワン,2019-12-12,株式会社
ｓｏｏｇｏｏｄ合同会社,沖縄県那覇市泊１丁目３番５フリーベル泊第２の１２０２,2019-12-12,合同会社
ふるさとシェアリング株式会社,大阪府大阪市阿倍野区阿倍野筋２丁目４番４８号,2019-12-13,株式会社
まめや合同会社,愛知県名古屋市瑞穂区田辺通１丁目２０番地,2019-12-13,合同会社
アイデザイン株式会社,愛知県名古屋市西区十方町１５８番地,2019-12-13,株式会社
アイフォーラス株式会社,東京都千代田区神田須田町１丁目２番７号,2019-12-13,株式会社
アロナ株式会社,東京都千代田区神田神保町３丁目１０番４号,2019-12-13,株式会社
アークヒルズ株式会社,埼玉県川越市仙波町４丁目２７番地４１,2019-12-13,株式会社
アースビルド株式会社,岡山県倉敷市笹沖２９８番地７,2019-12-13,株式会社
インサイドオフィス株式会社,愛知県北名古屋市高田寺後明１５番地３,2019-12-13,株式会社
インパクト株式会社,千葉県成田市吉岡５５７番地１,2019-12-13,株式会社
イープランニング株式会社,埼玉県越谷市南越谷１丁目２０番地４岩淵ビル４階,2019-12-13,株式会社
ウチダ精密株式会社,埼玉県比企郡嵐山町大字杉山２９番地４,2019-12-13,株式会社
エコプラスパートナーズ合同会社,岐阜県可児市今渡２０３７番地１,2019-12-13,合同会社
エスケーシー合同会社,岡山県岡山市北区今保２３５番地１５,2019-12-13,合同会社
エステート三浜合同会社,岡山県岡山市南区藤田５２７番地５０,2019-12-13,合同会社
エム・エステート株式会社,東京都品川区旗の台６丁目５番１４－３０１号,2019-12-13,株式会社
オキムコ株式会社,東京都千代田区神田神保町３丁目１０番４号,2019-12-13,株式会社
オレンジ・サービス株式会社,群馬県太田市鳥山中町８１３番地６,2019-12-13,株式会社
オーケー企画株式会社,東京都北区中里１丁目９番４号,2019-12-13,株式会社
カワサキ企画株式会社,熊本県熊本市中央区水前寺１丁目５番２４－１０１号,2019-12-13,株式会社
キートンコンサルティング株式会社,大阪府大阪市北区堂島浜１丁目４番４号アクア堂島フォンターナ３階,2019-12-13,株式会社
グッドライド西日本株式会社,兵庫県姫路市砥堀４０３番地,2019-12-13,株式会社
コアプラスホールディングス株式会社,東京都豊島区西池袋３丁目７番６号,2019-12-13,株式会社
コネクトアロー株式会社,埼玉県熊谷市籠原南２丁目２６９番地３,2019-12-13,株式会社
ザンテック設備株式会社,千葉県市川市本北方１丁目３１番３号,2019-12-13,株式会社
シクロトレーディング株式会社,東京都文京区向丘２丁目２３番２０号,2019-12-13,株式会社
ジミーフレッド合同会社,静岡県伊豆の国市奈古谷２２１９番地の６０南箱根グランビュー２０９,2019-12-13,合同会社
ジュフネオ株式会社,東京都千代田区神田神保町３丁目１０番４号,2019-12-13,株式会社
スガテック株式会社,栃木県小山市東城南２丁目１３番地１５森子ハイツ１０２号,2019-12-13,株式会社
ゼンクウ合同会社,東京都町田市相原町１６６５番地１,2019-12-13,合同会社
タチカワ機工株式会社,愛知県豊川市御津町広石船津４１番地２８,2019-12-13,株式会社
ダルマ合同会社,兵庫県美方郡新温泉町浜坂２８７０番地,2019-12-13,合同会社
チトセア株式会社,東京都中央区八丁堀２丁目１０番９号,2019-12-13,株式会社
トラストバディ合同会社,東京都中央区築地４丁目１２番２号,2019-12-13,合同会社
トラスト不動産鑑定株式会社,福岡県福岡市博多区博多駅東１丁目１０番３５号,2019-12-13,株式会社
トータルサポートサービス株式会社,愛知県名古屋市千種区今池３丁目１３－５第２７プロスパービル,2019-12-13,株式会社
ナガキヨ株式会社,兵庫県神戸市中央区中町通３丁目１番１６号サンビル５０２,2019-12-13,株式会社
バルセロナホールディングス株式会社,東京都中央区銀座６丁目６－１銀座風月堂ビル５Ｆ,2019-12-13,株式会社
ヒカワークス株式会社,愛知県一宮市三条字郷西３０番地４ハイツ豊山１０２号室,2019-12-13,株式会社
フォーリーフ株式会社,福岡県福岡市博多区博多駅東２丁目４番１６号２階,2019-12-13,株式会社
ブロックインターナショナル合同会社,東京都千代田区有楽町１丁目７－１有楽町電気ビル南館８階,2019-12-13,合同会社
プロワーク株式会社,大阪府大阪市淀川区宮原１丁目１９－２３－１１１７号,2019-12-13,株式会社
ベルカンプ株式会社,大阪府豊能郡能勢町地黄１０４３番地,2019-12-13,株式会社
ボロ物件と一緒にお前のアタマの中もフルリフォームしてやんよ合同会社,東京都豊島区東池袋４丁目５番１号エアライズタワー３８０９号,2019-12-13,合同会社
ミカミ美容合同会社,大分県大分市大字荏隈３５３番地の９（ハイツＳＵＧＡ２０１）,2019-12-13,合同会社
ムーブオンラボラトリ合同会社,東京都杉並区井草２丁目５番１号,2019-12-13,合同会社
ユナイテッド・キャピタル株式会社,東京都品川区東五反田２丁目８番５号,2019-12-13,株式会社
ヨーロ株式会社,東京都千代田区神田神保町３丁目１０番４号,2019-12-13,株式会社
リアラ合同会社,愛知県名古屋市緑区梅里２丁目６０番地の２,2019-12-13,合同会社
一般社団法人こまち,東京都中央区日本橋１丁目４番１号日本橋一丁目ビルディング,2019-12-13,その他の設立登記法人
一般社団法人すこやかの会ふくしま,福島県福島市野田町６丁目４番７１号,2019-12-13,その他の設立登記法人
一般社団法人カツオノエボシ意識研究所,東京都世田谷区下馬３丁目４番３号,2019-12-13,その他の設立登記法人
一般社団法人コレクティブ・アクション,東京都品川区小山３丁目２７番５号武蔵小山創業支援センター,2019-12-13,その他の設立登記法人
一般社団法人シオン終活支援協会,愛知県江南市高屋町西町３０番地,2019-12-13,その他の設立登記法人
一般社団法人デナリ,東京都港区六本木１丁目６番１号泉ガーデンタワー,2019-12-13,その他の設立登記法人
一般社団法人ランドメディカル,長崎県北松浦郡佐々町本田原免１８４番地１,2019-12-13,その他の設立登記法人
一般社団法人九州・沖縄都市整備機構,福岡県福岡市中央区大濠１丁目１２番３号,2019-12-13,その他の設立登記法人
一般社団法人仏教セラピスト協会,東京都豊島区北大塚２丁目２８番７号,2019-12-13,その他の設立登記法人
一般社団法人全国私立高等学校バレーボール連盟,神奈川県川崎市多摩区中野島６丁目２９番１－９０４号,2019-12-13,その他の設立登記法人
一般社団法人古義総合研究所,東京都江東区富岡１丁目２２番２６－６０２号,2019-12-13,その他の設立登記法人
一般社団法人国際医療福祉人材支援協会,東京都新宿区下落合１丁目１番１号トキワパレス１階,2019-12-13,その他の設立登記法人
一般社団法人大阪電気通信大学友電会,大阪府寝屋川市初町１８番８号大阪電気通信大学内,2019-12-13,その他の設立登記法人
一般社団法人愛ボッチャ協会,大阪府大阪市中央区北浜１丁目１番９－３０２号,2019-12-13,その他の設立登記法人
一般社団法人新エネルギー太陽２,東京都千代田区霞が関３丁目２番５号霞が関ビルディング３３階,2019-12-13,その他の設立登記法人
一般社団法人日中文化観光促進協会,東京都新宿区百人町１丁目２３－２６みなみビル２Ｆ,2019-12-13,その他の設立登記法人
一般社団法人日本新人育成トレーナー協会,東京都渋谷区渋谷３丁目２６番１６号,2019-12-13,その他の設立登記法人
一般社団法人日本木文化学会,東京都文京区水道２丁目４番１９号（株式会社高橋工房内）,2019-12-13,その他の設立登記法人
一般社団法人日本福祉管財調査,大阪府堺市東区北野田６１７番地９ＯＬＶビル２Ｆ,2019-12-13,その他の設立登記法人
一般社団法人日本舞台美術家協会,東京都渋谷区西原１丁目２８番４号興和ビル２０３,2019-12-13,その他の設立登記法人
一般社団法人生涯青春研究会,京都府綴喜郡宇治田原町銘城台１９番地の１０,2019-12-13,その他の設立登記法人
一般社団法人ＨＡＣＣＰ国際基準認証協会,東京都千代田区飯田橋４丁目７番８号,2019-12-13,その他の設立登記法人
一般社団法人ＮＣＳ,東京都渋谷区神宮前６丁目３番５号,2019-12-13,その他の設立登記法人
一般社団法人Ｒｅｃｏｖｅｒｉｎｇ　Ｍｉｎｄｓ,神奈川県横浜市中区住吉町２丁目２１番地１フレックスタワー横浜関内５０４号室,2019-12-13,その他の設立登記法人
三協株式会社,東京都中央区新川１丁目２０番１号新川三和ビル９Ｆ,2019-12-13,株式会社
三朝グリーンシステム株式会社,鳥取県東伯郡三朝町大字山田１１８番地１,2019-12-13,株式会社
丸米醤油醸造合同会社,岡山県倉敷市連島町西之浦５２８３番地,2019-12-13,合同会社
久美幸合同会社,東京都板橋区中台３丁目２７番Ａ－１２０８号,2019-12-13,合同会社
井上住設工業株式会社,兵庫県神戸市東灘区魚崎西町４丁目１１番２４号,2019-12-13,株式会社
医療法人ぼたん会,神奈川県川崎市麻生区上麻生５丁目３９番１２号Ｋ．Ｓ柿生２０６号室,2019-12-13,その他の設立登記法人
医療法人久留米中央公園歯科ＴＨＥ　ＰＡＲＫ,福岡県久留米市合川町２１８７番地１,2019-12-13,その他の設立登記法人
医療法人山田整形外科,福岡県福岡市中央区那の川２丁目５番９号３階,2019-12-13,その他の設立登記法人
医療法人社団優愛会,神奈川県横浜市港北区新吉田東５丁目７４番５号,2019-12-13,その他の設立登記法人
医療法人社団優輝会,神奈川県横浜市鶴見区東寺尾１丁目３番１２号東寺尾メディカルセンター２階,2019-12-13,その他の設立登記法人
医療法人社団圭庄会,神奈川県横浜市都筑区茅ケ崎中央５１番１号ベルヴィル茅ヶ崎４階,2019-12-13,その他の設立登記法人
医療法人社団横浜よつもと眼科,神奈川県横浜市保土ケ谷区宮田町１丁目５番地１０高梨医療ビル３階,2019-12-13,その他の設立登記法人
医療法人社団金城耳鼻咽喉科クリニック,兵庫県明石市二見町西二見駅前４丁目３番地,2019-12-13,その他の設立登記法人
南国プロパティマネジメント株式会社,鹿児島県鹿児島市中央町１９番地４０,2019-12-13,株式会社
司法書士法人御池事務所,京都府京都市中京区柳馬場通御池下る柳八幡町６５番地,2019-12-13,その他の設立登記法人
合同会社あおなみ,愛媛県西予市宇和町清沢７０８番地,2019-12-13,合同会社
合同会社すりーむ,大分県大分市大字荏隈３４６番地の１５,2019-12-13,合同会社
合同会社なかの企画,愛知県名古屋市東区泉３丁目１７番１０号泉ビル３Ｆ,2019-12-13,合同会社
合同会社なごみ,福岡県福岡市博多区那珂３丁目１１－６－４０１,2019-12-13,合同会社
合同会社ぱん匠とも,大阪府松原市上田１丁目１０－７,2019-12-13,合同会社
合同会社みおりソーラー,鹿児島県日置市東市来町湯田３６３３番地１５,2019-12-13,合同会社
合同会社よいよい,愛知県みよし市三好丘緑１丁目１４番地１１,2019-12-13,合同会社
合同会社インフィニティ,広島県尾道市東則末町５番９号,2019-12-13,合同会社
合同会社エスコーポレーション,兵庫県神戸市兵庫区神田町３－１１,2019-12-13,合同会社
合同会社エヌ・ケイ商会＆エヌ・ケイタクシー,広島県広島市安佐北区三入６丁目９番３３－２号,2019-12-13,合同会社
合同会社オルフェウスＩＰマネジメント,東京都世田谷区上祖師谷５丁目１５番１－３０３号,2019-12-13,合同会社
合同会社カンノクリニカルプリント,愛知県名古屋市中区栄５丁目２６番３９号ＧＳ栄ビル３Ｆ,2019-12-13,合同会社
合同会社キョーシン,福岡県福岡市博多区石城町９－１７－１４０５,2019-12-13,合同会社
合同会社ケアプラン貴楽,兵庫県尼崎市塚口本町２丁目３２番１１号,2019-12-13,合同会社
合同会社サウス・ウインド,千葉県千葉市稲毛区山王町１２６番地５キャッスル山王２０７号,2019-12-13,合同会社
合同会社サム,熊本県熊本市南区富合町小岩瀬２８２番地８,2019-12-13,合同会社
合同会社サンダーボルト,大阪府豊能郡豊能町余野１４０番地の７,2019-12-13,合同会社
合同会社チャイルドディベロップ,東京都墨田区東向島２丁目３６番１２－５０７号,2019-12-13,合同会社
合同会社トナカイ,東京都世田谷区太子堂２丁目６番３６号カーサカイラス１０３,2019-12-13,合同会社
合同会社フェリス,福岡県大野城市山田２丁目１８－１０－２０６,2019-12-13,合同会社
合同会社フルール,福岡県筑紫野市光が丘１丁目２３番地２,2019-12-13,合同会社
合同会社ブライトワークス,兵庫県尼崎市善法寺町６番３０－２号,2019-12-13,合同会社
合同会社ベルジュ,埼玉県所沢市東所沢１丁目２２番地の１３,2019-12-13,合同会社
合同会社マイスター,愛知県刈谷市今川町田地池３４番地,2019-12-13,合同会社
合同会社マツカワ,愛知県丹羽郡扶桑町大字高木字稲葉６５番地,2019-12-13,合同会社
合同会社リビングウイズペット,栃木県宇都宮市石井町３４３４番地１０号パステルガーデン石井Ｂ棟２０６号室,2019-12-13,合同会社
合同会社ルアナ,埼玉県さいたま市大宮区宮町２丁目１０３－１,2019-12-13,合同会社
合同会社レガロ,神奈川県横浜市都筑区仲町台５丁目５番１－５０６号,2019-12-13,合同会社
合同会社ローレンス,東京都港区南青山２丁目２番１５号ウィン青山１３０２,2019-12-13,合同会社
合同会社一会商会,埼玉県上尾市谷津２丁目１番５０－３５号,2019-12-13,合同会社
合同会社乙部水道設備,愛知県豊田市野見山町１丁目１０７番地２,2019-12-13,合同会社
合同会社伸政電設,大分県日田市天瀬町女子畑１２４７,2019-12-13,合同会社
合同会社好的房間実験室,埼玉県さいたま市西区大字指扇２５０５番地８,2019-12-13,合同会社
合同会社小林商事,岡山県岡山市北区関西町１１番３号,2019-12-13,合同会社
合同会社新悦工業,千葉県松戸市八ケ崎７丁目２７番１３号,2019-12-13,合同会社
合同会社新樹,沖縄県中頭郡中城村字久場１９３１番地１、１階,2019-12-13,合同会社
合同会社澪,青森県青森市妙見２丁目１８番２０号パルテノンＡ・Ａ３号,2019-12-13,合同会社
合同会社財千ライフスタイルコンサルティング,栃木県小山市西城南７丁目１０番地４２,2019-12-13,合同会社
合同会社鐘楼,福岡県福岡市博多区堅粕１丁目２５番１－９１３号,2019-12-13,合同会社
合同会社集グループ,愛知県名古屋市西区名駅２丁目６番９号山岸ビル１Ｆ,2019-12-13,合同会社
合同会社風音屋,東京都中央区日本橋小網町１－５リードシー日本橋小網町ビル８階,2019-12-13,合同会社
合同会社２ＳＴＹＬＥ,東京都板橋区坂下２丁目１６番１７号,2019-12-13,合同会社
合同会社４４１６,東京都世田谷区砧２丁目１４番１２－４０４号,2019-12-13,合同会社
合同会社ＡＹＥ,岐阜県土岐市土岐津町高山２７７番地の６,2019-12-13,合同会社
合同会社ＢＩＧ　ＲＩＤＥ,福岡県福岡市早良区百道浜３丁目９番１－３０４号,2019-12-13,合同会社
合同会社Ｂｏｈｅｍｅ　Ｐｈｏｔｏｇｒａｐｈ,神奈川県川崎市高津区坂戸１丁目１２番４号,2019-12-13,合同会社
合同会社Ｃｈａｒａｄｅ,埼玉県さいたま市南区白幡２丁目１３番５号,2019-12-13,合同会社
合同会社Ｆｕｕｒｉｎ,兵庫県明石市大明石町１丁目８番８号,2019-12-13,合同会社
合同会社Ｈ＆Ｍ,大阪府大阪市北区豊崎３丁目２０番９号,2019-12-13,合同会社
合同会社Ｋ　ｓｐｒｅａｄ,富山県南砺市福光７４５５番地,2019-12-13,合同会社
合同会社ＫＡＲＵＷＡ,東京都港区麻布十番３丁目１番５号,2019-12-13,合同会社
合同会社Ｌ,東京都町田市原町田６丁目２７番１６号,2019-12-13,合同会社
合同会社ＬＵＣＫＹ　ＳＴＡＲ,兵庫県神戸市中央区元町通５丁目２番３号甲南サンシティ元町８１２,2019-12-13,合同会社
合同会社ＬＵＮＡ,東京都目黒区大橋１丁目１０番１号,2019-12-13,合同会社
合同会社Ｌｉｌｙ　ｍａｙ,京都府京都市西京区山田出口町３０－１プレジールＢ棟１０３,2019-12-13,合同会社
合同会社ＭＨ企画,三重県多気郡多気町相可１００５番地１,2019-12-13,合同会社
合同会社ＭＩＮＡＭＩ,広島県広島市東区戸坂くるめ木１丁目１２－１４,2019-12-13,合同会社
合同会社ＰＫＢ　Ｐｉｅｃｅ,大阪府大阪市北区梅田２丁目６番２０号パシフィックマークス西梅田４階,2019-12-13,合同会社
合同会社ＳＡＲ,愛知県稲沢市下津新町１５７番地１,2019-12-13,合同会社
合同会社ＴＡＵＲＵＳ,東京都中央区銀座６丁目６番１号,2019-12-13,合同会社
合同会社ＴＷＩＮＳ＆ＣＯ．,埼玉県さいたま市浦和区大東３丁目４０－２,2019-12-13,合同会社
合同会社ｄｅｓａｆｉｏ,福岡県飯塚市本町７番１８号,2019-12-13,合同会社
合同会社ｋｉｎｏｎｉ,東京都品川区上大崎２丁目１６番５号玉川屋ビル３Ｆ,2019-12-13,合同会社
合名会社だんだん,岡山県倉敷市水島川崎通１丁目１番１７５号,2019-12-13,合名会社
合名会社ウェリナ,広島県福山市津之郷町加屋６番地１,2019-12-13,合名会社
坂聖・玉樟園株式会社,東京都渋谷区神泉町２４番１－１５０４号グラーサ渋谷松濤,2019-12-13,株式会社
大黒森管理協同組合,岩手県八幡平市松尾寄木第１３地割６４番地１１,2019-12-13,その他の設立登記法人
天理教鶴峰分教会,福岡県福岡市西区大字女原字小松原２１４番地６,2019-12-13,その他の設立登記法人
宏光株式会社,京都府京都市伏見区醍醐上ノ山町２１番地３醍醐上ノ山団地Ｂ１棟５０２号室,2019-12-13,株式会社
実モーターズ合同会社,東京都狛江市元和泉３丁目１３番１８号,2019-12-13,合同会社
弁護士法人市民の森,静岡県静岡市葵区呉服町１丁目３番地の１４ＹＳ静岡呉服町ビル７階,2019-12-13,その他の設立登記法人
弁護士法人ＴＲＵＴＨ＆ＴＲＵＳＴ,愛知県名古屋市中区丸の内１丁目１５番９号スガキコ第２ビル５階,2019-12-13,その他の設立登記法人
弘益合同会社,千葉県市川市新井２丁目６番５号,2019-12-13,合同会社
彩イーアンドシー合同会社,埼玉県さいたま市北区宮原町２丁目１３０番地４７,2019-12-13,合同会社
新源株式会社,埼玉県川口市芝西１丁目２６番１５号,2019-12-13,株式会社
日新ライフサポート株式会社,東京都荒川区東日暮里６丁目２１番８号,2019-12-13,株式会社
日本鉄道工材株式会社,埼玉県さいたま市西区宮前町３７６,2019-12-13,株式会社
昭和ヌードル株式会社,山形県山形市飯田５丁目５番３６号,2019-12-13,株式会社
晴れの国ネット株式会社,岡山県岡山市北区中山下１丁目１０番１０号,2019-12-13,株式会社
株式会社かつお,愛知県名古屋市中川区柳森町６０７番地の５,2019-12-13,株式会社
株式会社てんぷらや,埼玉県加須市小野袋６１４番地,2019-12-13,株式会社
株式会社まる,大阪府大阪市北区梅田１丁目３番１号大阪駅前第１ビルＢ２Ｆ,2019-12-13,株式会社
株式会社ももの休日,大阪府大阪市北区本庄東１丁目１３－２－１１０３,2019-12-13,株式会社
株式会社ゆうじろう,東京都世田谷区北沢２丁目２０番２号,2019-12-13,株式会社
株式会社アイエー,愛知県安城市和泉町北大木３番地１４,2019-12-13,株式会社
株式会社アイセック,新潟県新潟市中央区西堀通３番町７９０,2019-12-13,株式会社
株式会社アイビス,広島県福山市沖野上町６丁目１７番６号３Ｆ,2019-12-13,株式会社
株式会社アシスト,千葉県松戸市新松戸３丁目７０番地,2019-12-13,株式会社
株式会社イット,岩手県北上市青柳町２丁目２番１３号第２スターライトビル３Ｆ,2019-12-13,株式会社
株式会社イノベックス,熊本県熊本市中央区水前寺５丁目２４番７号プレイス水前寺４０６,2019-12-13,株式会社
株式会社ウィステリア,東京都練馬区立野町１４番８号,2019-12-13,株式会社
株式会社エスアイシー,愛知県名古屋市昭和区緑町１丁目１６番地の４,2019-12-13,株式会社
株式会社エッグス,東京都渋谷区渋谷２丁目１６番１号,2019-12-13,株式会社
株式会社エムズインターナショナルエンターテイメント,東京都品川区西五反田５丁目１３番７号,2019-12-13,株式会社
株式会社エリット,東京都中央区入船３丁目７番７号,2019-12-13,株式会社
株式会社エルアソート,東京都東大和市清水６丁目１１５４番地１,2019-12-13,株式会社
株式会社エルファバ,東京都町田市中町３丁目１０番６号,2019-12-13,株式会社
株式会社エンブリオ,東京都港区高輪１丁目２６番１５号サンライト高輪１０２,2019-12-13,株式会社
株式会社オンフリーク,大阪府藤井寺市小山７丁目２２番１５号,2019-12-13,株式会社
株式会社カサイ,青森県青森市大字羽白字池上２８番地２,2019-12-13,株式会社
株式会社カダル,東京都千代田区平河町１丁目５番１５号,2019-12-13,株式会社
株式会社クラフト,千葉県旭市鎌数３３１５番地７,2019-12-13,株式会社
株式会社クレール,北海道函館市亀田本町６２番１８号,2019-12-13,株式会社
株式会社グルーヴ,徳島県徳島市末広４丁目４番４１号,2019-12-13,株式会社
株式会社ケイマネジメント,東京都目黒区中目黒３丁目６番７号,2019-12-13,株式会社
株式会社コウエイ,北海道函館市西旭岡町２丁目４４番地３,2019-12-13,株式会社
株式会社コンカン,福岡県福岡市南区清水２丁目２０番５番館８０４号,2019-12-13,株式会社
株式会社サイバーフロンティア,東京都渋谷区渋谷３丁目６番２号エクラート渋谷５Ｆ,2019-12-13,株式会社
株式会社サマーフィールド,北海道函館市万代町１１番１号ハイツチャフル３０１,2019-12-13,株式会社
株式会社サンヒルズ,大阪府大阪市城東区鴫野東３丁目１８番２５号,2019-12-13,株式会社
株式会社シースリー,東京都目黒区東山１丁目３番１２号日神プラザ中目黒４０２,2019-12-13,株式会社
株式会社ジェイ・ティー・エム,埼玉県北葛飾郡松伏町大字築比地１２０９番地１,2019-12-13,株式会社
株式会社ジャスティス,東京都江戸川区中葛西３丁目３４番６号,2019-12-13,株式会社
株式会社ジャスポエンタープライズ,神奈川県横浜市都筑区仲町台３丁目１２番４－６２５号,2019-12-13,株式会社
株式会社スタートイノベーション,福島県いわき市好間町下好間字沼田１２７番地１サンライズよしま２０５,2019-12-13,株式会社
株式会社スペラ,東京都品川区小山１丁目８番１１号,2019-12-13,株式会社
株式会社スリーエル,埼玉県比企郡滑川町大字羽尾３６１６番地２３,2019-12-13,株式会社
株式会社ソシエテ・ラフィナージュ,東京都中央区銀座５丁目９番１６号,2019-12-13,株式会社
株式会社ソーデン,北海道札幌市中央区南九条西６丁目４２１番地１５,2019-12-13,株式会社
株式会社ダイニングエール,神奈川県横浜市西区みなとみらい２丁目２番１号ランドマークタワー１２階,2019-12-13,株式会社
株式会社ダッシュ,大阪府大阪市旭区千林１丁目１番２７号,2019-12-13,株式会社
株式会社テルス,東京都青梅市今寺１丁目７８７番地ハイツ篠田Ｂ１０１,2019-12-13,株式会社
株式会社トップガード,秋田県大仙市四ツ屋字下新谷地１９９番地１６エターナル２１、１－５号,2019-12-13,株式会社
株式会社トライズ,愛知県名古屋市北区上飯田西町２丁目４６番地の１,2019-12-13,株式会社
株式会社トラストインテグレーション,千葉県八千代市大和田６２番地４２,2019-12-13,株式会社
株式会社ドゥスモン,埼玉県川口市西川口１丁目５番５－６０２号ＭＦハイツ,2019-12-13,株式会社
株式会社ニュータイプ・ラボ,長崎県五島市吉久木町１１７９番地２,2019-12-13,株式会社
株式会社バイクフォーラム,鹿児島県鹿児島市宇宿３丁目１４番７号,2019-12-13,株式会社
株式会社パンドラ,東京都渋谷区渋谷１丁目３番１８号,2019-12-13,株式会社
株式会社ビジョナリー・デジタル・セラピューティクス,東京都新宿区北新宿１丁目２３番１８号,2019-12-13,株式会社
株式会社ビーザチェンジ,東京都中央区銀座１丁目３番３号７階,2019-12-13,株式会社
株式会社ピアトラスト,神奈川県横浜市港南区芹が谷２丁目２４番９号,2019-12-13,株式会社
株式会社ピット工務店,兵庫県伊丹市北河原３丁目２番６５号,2019-12-13,株式会社
株式会社フェイスコープス,静岡県沼津市大手町３丁目３番２号,2019-12-13,株式会社
株式会社フルハウス,東京都中央区晴海３丁目１３番２－５０１１号,2019-12-13,株式会社
株式会社プライムライフ,広島県庄原市戸郷町５番地３０,2019-12-13,株式会社
株式会社プロテクトガードセレブレーションデザイン,北海道旭川市神楽岡十四条４丁目４番１８号ＷｉｔｈⅡ３０１,2019-12-13,株式会社
株式会社プロテックシャッター,大阪府大阪市西淀川区大和田１丁目３番３０号,2019-12-13,株式会社
株式会社ホワイトルーム,愛知県豊橋市飯村町字高山２５番地,2019-12-13,株式会社
株式会社マイルドムーン,神奈川県鎌倉市山ノ内３０９－９,2019-12-13,株式会社
株式会社マチミク,東京都中央区銀座７丁目１３番６号サガミビル２階,2019-12-13,株式会社
株式会社ミハラシ,熊本県熊本市中央区新町１丁目１番１８号,2019-12-13,株式会社
株式会社モアフォレスツ,東京都中央区京橋１丁目１番５号セントラルビル２階,2019-12-13,株式会社
株式会社ヤマヒチ商会,愛知県豊橋市柱六番町７３番地の１,2019-12-13,株式会社
株式会社ユーセーアーヴェー,東京都板橋区前野町２丁目２６番１３号,2019-12-13,株式会社
株式会社ライフプラス,神奈川県横須賀市根岸町３丁目１番６－１２５号,2019-12-13,株式会社
株式会社リベラルチェーン,東京都品川区南品川４丁目１７番１８号,2019-12-13,株式会社
株式会社リメイク,埼玉県さいたま市中央区本町東１丁目１０番１６号,2019-12-13,株式会社
株式会社リョーシン金属,埼玉県川口市大字新堀１３２番地の１０,2019-12-13,株式会社
株式会社レイテック,福岡県福岡市早良区西新１丁目８番２１－３０１号,2019-12-13,株式会社
株式会社ワールドヒューマン,東京都墨田区立川３丁目９番６号２０１号,2019-12-13,株式会社
株式会社ヴァルサス,福島県郡山市富久山町福原字町田１１０番地,2019-12-13,株式会社
株式会社上妻,福島県郡山市安積２丁目６９番地安積ビル１０３号室,2019-12-13,株式会社
株式会社丸屋葬儀社,埼玉県越谷市越ヶ谷１丁目９番１８号,2019-12-13,株式会社
株式会社京浜プランニング,神奈川県海老名市河原口２丁目２９番１８－７０３号,2019-12-13,株式会社
株式会社京研ホーム,兵庫県尼崎市浜３丁目１６番１３号,2019-12-13,株式会社
株式会社佐藤慎吾事務所,東京都渋谷区円山町５番５号Ｎａｖｉ渋谷Ｖ３Ｆ,2019-12-13,株式会社
株式会社修繕ＬＡＢＯ,愛知県名古屋市名東区香流１丁目９０９番地,2019-12-13,株式会社
株式会社修義,東京都渋谷区恵比寿４丁目９番１１号恵比寿たかむらビル５０１,2019-12-13,株式会社
株式会社元利貞,茨城県坂東市岩井２８８６番地１,2019-12-13,株式会社
株式会社六層連動操法,埼玉県入間市東藤沢８丁目３番２０号,2019-12-13,株式会社
株式会社別府地熱エンジニアリング,大分県別府市大字鶴見１６６５番地１３２,2019-12-13,株式会社
株式会社勇ｉｓｍ,大阪府大阪市淀川区宮原５丁目４番１８号,2019-12-13,株式会社
株式会社北島,東京都昭島市松原町２丁目８番１９号,2019-12-13,株式会社
株式会社喜志工業,佐賀県武雄市武雄町大字富岡８２５０番地５－２０１号,2019-12-13,株式会社
株式会社国際テクノサービス機構,東京都立川市上砂町５丁目５９番地の３－４０５号,2019-12-13,株式会社
株式会社坂伸,埼玉県川口市戸塚２丁目１０番１１号,2019-12-13,株式会社
株式会社大橋工芸,東京都品川区東大井２丁目２７番２２号,2019-12-13,株式会社
株式会社心晴,福島県郡山市富田町字権現林１１番地２０７号,2019-12-13,株式会社
株式会社恒松,福岡県福岡市中央区天神２丁目１３番１７号,2019-12-13,株式会社
株式会社日本能源科技,福岡県糟屋郡志免町大字志免１５８３番地２,2019-12-13,株式会社
株式会社東美アート,大阪府東大阪市寿町３丁目３番１１号,2019-12-13,株式会社
株式会社津田商店,熊本県熊本市中央区水道町９番８号,2019-12-13,株式会社
株式会社浦崎工業,沖縄県中頭郡中城村字北上原３４８番地,2019-12-13,株式会社
株式会社清和,新潟県長岡市中之島５２２番地２,2019-12-13,株式会社
株式会社田中技工,山梨県都留市境１４９４番地１４,2019-12-13,株式会社
株式会社百合,福岡県福岡市東区箱崎ふ頭３丁目７番２－２０１号,2019-12-13,株式会社
株式会社稲葉建装,静岡県富士宮市万野原新田３５７８番地の２,2019-12-13,株式会社
株式会社航帆,愛媛県伊予市米湊１５９６番地１２,2019-12-13,株式会社
株式会社薫由厘,東京都江戸川区西小岩１丁目２７番２９号,2019-12-13,株式会社
株式会社誠工業,千葉県市原市南国分寺台１丁目４番地６ビクトリアＡ２０２,2019-12-13,株式会社
株式会社貴績,埼玉県上尾市宮本町１５番９号,2019-12-13,株式会社
株式会社足立マネージメントサービス,岐阜県大垣市禾森四丁目３７番地,2019-12-13,株式会社
株式会社長井設備,東京都国立市富士見台３丁目８番地の２７,2019-12-13,株式会社
株式会社雅,東京都港区南青山７丁目４番１５－３０３号,2019-12-13,株式会社
株式会社靖東,埼玉県川口市西川口１丁目２６番２４－１０２号,2019-12-13,株式会社
株式会社１９８０,東京都港区六本木５丁目１６番５－３１０号インペリアル六本木１号館,2019-12-13,株式会社
株式会社Ａ　ｐｌａｎｎｉｎｇ,宮城県宮城郡利府町加瀬字野中沢７４番地２８,2019-12-13,株式会社
株式会社ＡＥＳ,大阪府大阪市都島区高倉町１丁目１４番２５号,2019-12-13,株式会社
株式会社ＢＩＡＮＣＡ,大阪府高槻市城北町１丁目２番１０号,2019-12-13,株式会社
株式会社ＣＩＲＣＬＥ　ｏｎｅ,愛知県名古屋市中区錦３丁目１３番５号中央マンションビル１階,2019-12-13,株式会社
株式会社ＥＦＦＯＲＴ,大阪府大阪市北区中崎西３丁目２番３０号イッシン中崎西ビル,2019-12-13,株式会社
株式会社ＥＴＳ　ＧＲＯＵＰ,東京都足立区梅田５丁目２４番４号,2019-12-13,株式会社
株式会社ＦＯＲＴＹ　ＳＥＣＯＮＤ,新潟県新潟市東区粟山３丁目２０番２３号,2019-12-13,株式会社
株式会社ＨＦＩ,福岡県久留米市東町３６番地８,2019-12-13,株式会社
株式会社Ｉ－ＲＯＣＫ,千葉県柏市若柴１６０番地１８ヴィスタガーデン柏の葉キャンパス２０９号,2019-12-13,株式会社
株式会社ＪＥＣ　Ｉｎｔｅｒｎａｔｉｏｎａｌ　Ｓｃｈｏｏｌ,神奈川県平塚市豊原町１０番６号,2019-12-13,株式会社
株式会社ＪＰＡＺ東京,東京都江戸川区篠崎町４丁目９番１１号,2019-12-13,株式会社
株式会社Ｋ‐テクノ,愛知県名古屋市中区東桜２丁目２１番１７号グリーンハイツ東桜２０４号,2019-12-13,株式会社
株式会社Ｋ’ｓ　Ｗｏｒｋｓ,福島県福島市成川字鍋谷地８２番地の２,2019-12-13,株式会社
株式会社Ｋ－ＴＲＵＳＴ,千葉県君津市糠田１８１番地３２,2019-12-13,株式会社
株式会社ＫＡＤ,千葉県浦安市猫実４丁目２番３号,2019-12-13,株式会社
株式会社ＫＩＪＯ,大分県大分市高松２丁目６番２９号（サンビレッジ堤Ａ棟２０１）,2019-12-13,株式会社
株式会社ＫＫホールディングス,兵庫県西宮市名次町２番１号,2019-12-13,株式会社
株式会社ＫＯＢＡＹＡＳＨＩコーポレーション,香川県綾歌郡宇多津町２６２８番地３２４,2019-12-13,株式会社
株式会社ＬＭマリアージュ,東京都品川区上大崎２丁目２４番１－１１０６号,2019-12-13,株式会社
株式会社ＬＯＨＡＳ,大阪府寝屋川市日之出町５番５号,2019-12-13,株式会社
株式会社Ｌｅａｐ　ｍａｋｅｒ,神奈川県横浜市南区大岡３丁目４９番１６号１Ｆ,2019-12-13,株式会社
株式会社ＭＯＡＮＤ,東京都世田谷区桜１丁目６５番地８号エンブレム経堂３０１,2019-12-13,株式会社
株式会社ＮＢキャピタル,東京都港区虎ノ門３丁目２２番１０－２０１号,2019-12-13,株式会社
株式会社ＮＫＳＣ,福岡県筑紫野市二日市北７丁目１５番３号,2019-12-13,株式会社
株式会社ＮＭＣ,新潟県新潟市中央区幸西３丁目３番８号,2019-12-13,株式会社
株式会社Ｎｏ．８ｉｇｈｔ,東京都江戸川区西小岩５丁目１２番１３号,2019-12-13,株式会社
株式会社ＯＫＡコンサルティング,東京都葛飾区金町６丁目２番１－１６０５号ヴィナシス金町タワーレジデンス,2019-12-13,株式会社
株式会社ＯＮＲ,福岡県北九州市小倉北区中津口１丁目６番４号,2019-12-13,株式会社
株式会社Ｏｎｅ　Ｎｅｅｄｓ,東京都足立区新田３丁目３６番２１号ロイヤルパークスリバーサイド６０９号室,2019-12-13,株式会社
株式会社Ｐ・Ｇ工業,兵庫県川西市美山台２丁目１番地の８０,2019-12-13,株式会社
株式会社ＰＨＵＬＢＡＲＩ,東京都荒川区南千住３丁目３番１０号,2019-12-13,株式会社
株式会社Ｒ,埼玉県朝霞市栄町３丁目１番１５－６０２号,2019-12-13,株式会社
株式会社ＲＥＤ　ＦＲＡＳＣＯ,東京都世田谷区三宿２丁目２８番３６号３０１号室,2019-12-13,株式会社
株式会社Ｒｅａｌ　Ｅｓｔａｔｅ・ＯＺＯ,兵庫県神戸市北区大沢町中大沢７６１番地の１,2019-12-13,株式会社
株式会社Ｒｅａｌｉｚｅ０１,熊本県熊本市北区麻生田２丁目１４番７９号,2019-12-13,株式会社
株式会社ＳＥＢＯＮ．,東京都練馬区谷原５丁目５番８号ローンヒルズヤハラ１１９,2019-12-13,株式会社
株式会社ＳＥＮＴＯ,富山県富山市島田４５番地,2019-12-13,株式会社
株式会社ＳＩＤＥＸ　ＪＡＰＡＮ,福島県郡山市西田町大田字上洞７１２番地２,2019-12-13,株式会社
株式会社ＳＯＷＬ,兵庫県丹波市市島町上垣２０１２番地３,2019-12-13,株式会社
株式会社ＳＴＡＲＧＡＴＥ　ＪＡＰＡＮ,埼玉県坂戸市大字北峰２３０番地３,2019-12-13,株式会社
株式会社ＳＴＵＮ,東京都渋谷区恵比寿１丁目１９番１９号恵比寿ビジネスタワー,2019-12-13,株式会社
株式会社Ｓａｔｏｓｈｉ　Ｔｏｙｏｄａ　Ｓｏｌｕｔｉｏｎｓ,東京都中央区日本橋本町１丁目５番１７号,2019-12-13,株式会社
株式会社Ｔ・Ｐｏｎｏ,長野県安曇野市豊科高家１０３６番地５３,2019-12-13,株式会社
株式会社ＴＡＫＡＴＯＭＯ,兵庫県神戸市西区伊川谷町上脇６６９番地の１－２Ｆ,2019-12-13,株式会社
株式会社ＴＢＭシステムズ,富山県富山市婦中町添島１０６２番地１,2019-12-13,株式会社
株式会社ＴＫゴルフサービス,東京都世田谷区深沢４丁目７番２７号,2019-12-13,株式会社
株式会社ＴＭアカデミー,栃木県足利市今福町４７１番地１０,2019-12-13,株式会社
株式会社ＴＲＵＴＨ,愛知県大府市吉川町１丁目１５８番地,2019-12-13,株式会社
株式会社Ｔａｂｕｃｈｉ　Ｔｒａｉｎ　Ｍｏｄｅｌｓ,大阪府高槻市西面中２丁目１番１０号,2019-12-13,株式会社
株式会社Ｔｏｋｙｏ　Ｃｒｅａｔｏｒｓ’　Ｐｒｏｊｅｃｔ,東京都港区元麻布３丁目１番６号,2019-12-13,株式会社
株式会社ＵＭ　ｔｒａｄｉｎｇ,大阪府大阪市生野区生野西２丁目１－３,2019-12-13,株式会社
株式会社ＶＬＳパートナーズ,東京都世田谷区等々力８丁目３番２３－１０４号,2019-12-13,株式会社
株式会社Ｙプランナー,東京都墨田区東向島１丁目６番７号,2019-12-13,株式会社
株式会社ＹＣ福山中央,広島県福山市光南町１丁目１番３７号,2019-12-13,株式会社
株式会社ＹＧＫＯ,愛知県春日井市味美町３丁目６１番地３,2019-12-13,株式会社
株式会社ａｎｇｅｎｉｃ,大阪府大阪市都島区都島北通１丁目３番２４号,2019-12-13,株式会社
株式会社ｂｅ　ｈａｐｐｙ＆ＴＡＧＡ・ＢＡＳＥ,埼玉県上尾市大字原市３１６－１,2019-12-13,株式会社
株式会社ｉ．ｙｌ,北海道旭川市四条西２丁目１番１６号,2019-12-13,株式会社
株式会社ｎｍｃ　ｃｏｍｐａｎｙ,東京都新宿区西新宿８丁目１２番８号,2019-12-13,株式会社
株式会社ｏｔｔｏ,東京都品川区上大崎３丁目１番１号,2019-12-13,株式会社
株式会社ｐｈａｎｔｏｍｉｌｅ,東京都江戸川区南小岩８丁目１４番４－５０５号,2019-12-13,株式会社
株式会社ｒｉｓｅ,福岡県北九州市八幡西区若葉２丁目４番９号,2019-12-13,株式会社
株式会社ｓｅｍｉｎａｒｅ,静岡県沼津市大手町５丁目７番１３号,2019-12-13,株式会社
株式会社ｓｈｆ,神奈川県相模原市南区相模大野６丁目９－２０羽深ビル１Ｆ,2019-12-13,株式会社
樫吉総業株式会社,千葉県成田市並木町７０番地１,2019-12-13,株式会社
橙天株式会社,埼玉県川口市前川２丁目２８番１５号,2019-12-13,株式会社
櫻華堂株式会社,埼玉県戸田市新曽南３丁目６番１－９３０号,2019-12-13,株式会社
永平寺やさい村合同会社,福井県吉田郡永平寺町松岡上合月第９号２６番地,2019-12-13,合同会社
特定非営利活動法人すみだ桜守の会,東京都墨田区吾妻橋２丁目１８番４－８０４号,2019-12-13,その他の設立登記法人
特定非営利活動法人ほっこり,京都府京都市上京区堀川通寺之内上る下天神町６５０番地４８号,2019-12-13,その他の設立登記法人
特定非営利活動法人ららら音楽アトリエ,茨城県笠間市押辺７７４番地５,2019-12-13,その他の設立登記法人
特定非営利活動法人高次脳機能障がい友の会うつくしま,福島県郡山市富久山町福原字福原１４番地の１・２０１号,2019-12-13,その他の設立登記法人
白浜造船株式会社,愛媛県八幡浜市保内町川之石１番耕地２３６番地の５０,2019-12-13,株式会社
社会福祉法人共生会ＳＨＯＷＡ,東京都世田谷区太子堂１丁目４番１７号ｆビル１階,2019-12-13,その他の設立登記法人
福山トータルサービス株式会社,広島県福山市新涯町１丁目３８－３０,2019-12-13,株式会社
簡美株式会社,大阪府大阪市東住吉区湯里５丁目１６番５号３Ｆ－Ｂ,2019-12-13,株式会社
緑和貿易株式会社,埼玉県越谷市蒲生東町４番４８号,2019-12-13,株式会社
華勝実業株式会社,東京都大田区東海３丁目７番２号果山ビル３Ｆ,2019-12-13,株式会社
華龍合同会社,愛知県名古屋市名東区一社２丁目８６番地,2019-12-13,合同会社
薬推工業株式会社,群馬県伊勢崎市宮前町２７０番地１,2019-12-13,株式会社
行政書士法人ワイズｙａｍａｎａｋａ,福岡県福岡市東区原田１丁目２０番８号,2019-12-13,その他の設立登記法人
行政書士法人Ａｍａｔｒｉａ,東京都大田区東雪谷１丁目２番１２号,2019-12-13,その他の設立登記法人
道後賃貸住宅株式会社,愛媛県松山市築山町１番１５号アルファライフ城東築山２０２号,2019-12-13,株式会社
金田株式会社,大阪府枚方市田口１丁目２１番１３号,2019-12-13,株式会社
青い森ひなた美人合同会社,青森県青森市長島２丁目１３番１号,2019-12-13,合同会社
ＡＬＯＨＡ　ＨＥＡＬＩＮＧ，ＬＬＣ,神奈川県横浜市西区西平沼町四丁目１番Ｗ２０２１号,2019-12-13,外国会社等
Ａｅｒｉａｌ税理士法人,東京都港区六本木５丁目２番１号ほうらいやビル３Ｆ,2019-12-13,その他の設立登記法人
Ａｘｉｓ株式会社,東京都港区南青山２丁目２番１５号ウィン青山１３０２,2019-12-13,株式会社
Ｃ＆Ｓソリューションズ株式会社,東京都千代田区一番町１３番１２号日興ロイヤルパレス一番町第二５０２室,2019-12-13,株式会社
Ｃ２Ｃ　Ｇｌｏｂａｌ　Ｅｄｕｃａｔｉｏｎ　Ｇｒｏｕｐ株式会社,山梨県甲府市酒折２丁目４番５号,2019-12-13,株式会社
Ｄ＆ＴＨＩＮＧ株式会社,福岡県福岡市中央区天神４丁目７番１１号クレアビル,2019-12-13,株式会社
Ｄａｍｏｎ株式会社,東京都台東区松が谷２丁目１５番８号４Ｆ,2019-12-13,株式会社
ＥＸＣＥＥＤ株式会社,千葉県市原市西五所１７番地４ハイツ西五所１０２,2019-12-13,株式会社
ＦＳ　ＪＡＰＡＮ株式会社,埼玉県さいたま市中央区鈴谷７丁目６番２－６０８号,2019-12-13,株式会社
Ｆｒｕｉｔｉｏｎ株式会社,大阪府大阪市西区西本町１丁目２番１号,2019-12-13,株式会社
ＧＪＫ合同会社,埼玉県さいたま市浦和区高砂１丁目２番１－１００１号,2019-12-13,合同会社
ＨＩＴグローバル株式会社,東京都江東区白河２丁目２２番１－１３１２号,2019-12-13,株式会社
ＨＯＫＩパートナーズ合同会社,神奈川県藤沢市本町３丁目１３番２３号,2019-12-13,合同会社
ＨＯＮＥＹ　ＢＥＥ株式会社,大阪府大阪市西区阿波座１丁目１５番８－１２０１号,2019-12-13,株式会社
ＨＹネクスト合同会社,愛知県名古屋市中川区前並町５番地の２,2019-12-13,合同会社
ＫＡＺＵ合同会社,長崎県諫早市堂崎町３番地２,2019-12-13,合同会社
ＬＤＥＸ設立準備株式会社,東京都渋谷区渋谷２丁目２１番１号,2019-12-13,株式会社
ＭＯＮ－ＪＡＰ　ＴＲＡＤＩＮＧ株式会社,愛知県津島市藤浪町２丁目７２ハイツ藤浪２０５号,2019-12-13,株式会社
ＮＥＴガイド株式会社,大阪府大阪市北区中崎西２丁目４番１２号梅田センタービル６階,2019-12-13,株式会社
ＮＰＯ法人にないて,神奈川県足柄上郡大井町金子１７３５番地１,2019-12-13,その他の設立登記法人
ＮＰＯ法人高齢者支援よりそいの会,愛知県安城市城南町１丁目１８番地２１,2019-12-13,その他の設立登記法人
ＮＳライフ株式会社,東京都港区芝大門２丁目５番５号,2019-12-13,株式会社
ＮＸホールディングス株式会社,大阪府富田林市青葉丘１０番１１号,2019-12-13,株式会社
ＮｅｖｅｒＧｉｖｅＵｐ合同会社,愛知県名古屋市中区丸の内３丁目５－２８サウスレジデンス丸の内７Ｃ,2019-12-13,合同会社
Ｎｅｘｔ　ｉｎｎｏｖａｔｉｏｎ合同会社,愛知県名古屋市中川区中郷２丁目１７番１ユグドラシル高畑,2019-12-13,合同会社
ＯＮＩＸ　ＬＡＮＫＡ合同会社,新潟県妙高市大字小濁７３１番地レンタルスペース２Ｆ－５,2019-12-13,合同会社
ＯＴＯ　Ｔｅｃｈｎｏｌｏｇｙ株式会社,東京都港区東麻布１丁目２３番５号,2019-12-13,株式会社
Ｏｒｆｅｕ　Ｉｎｔｅｒｎａｔｉｏｎａｌ合同会社,大阪府藤井寺市道明寺５丁目３番４０号,2019-12-13,合同会社
ＰＴＴ貿易合同会社,千葉県野田市山崎２６６１番地２,2019-12-13,合同会社
Ｒａｄｉａｎｔ合同会社,富山県富山市古沢４０９番地２,2019-12-13,合同会社
ＲｅＲｅｎ合同会社,東京都新宿区四谷４丁目１８－２高橋ビル,2019-12-13,合同会社
ＳＡＮＫＯホールディングス株式会社,新潟県見附市坂井町１丁目６番５号,2019-12-13,株式会社
ＳＢＢＳ株式会社,東京都八王子市弐分方町３７０番地１,2019-12-13,株式会社
ＳａｎｔａＭａｒｉａ株式会社,埼玉県富士見市大字勝瀬１０６２番地６,2019-12-13,株式会社
ＴＨＲＩＶＡＴＨＬＥＴＥ株式会社,東京都八王子市別所２丁目１１番地５－１０１,2019-12-13,株式会社
ＴＫ　Ｊａｐａｎ株式会社,東京都世田谷区梅丘２丁目３４番１７－２０１号,2019-12-13,株式会社
ＴＭプランニング合同会社,東京都港区六本木３丁目１１番５号山田ビル４階,2019-12-13,合同会社
ＴＭＫシステムズ合同会社,東京都渋谷区桜丘町３０番７－５０２号,2019-12-13,合同会社
Ｔｓｕｎａｇ合同会社,岡山県美作市上山１８８３,2019-12-13,合同会社
Ｕｎｉｖｅｒｓａｌ　Ｔｒｕｓｔ株式会社,東京都港区白金台３丁目１３番１５－２０６号,2019-12-13,株式会社
ＶＯＧＵＥ合同会社,北海道札幌市東区北三十七条東２９丁目３番１号カロリナコーポ１０１号,2019-12-13,合同会社
ＷＰＨ合同会社,和歌山県岩出市相谷２１４番地の５,2019-12-13,合同会社
Ｗｅｅｄ株式会社,高知県高知市廿代町５番１号ＷＩＮＳ　ＥＳＴＡＴＥビル６Ｆ,2019-12-13,株式会社
Ｙ．Ｔ．Ｓｕｃｃｅｅｄ合名会社,広島県福山市東深津町５丁目２３番５４号,2019-12-13,合名会社
ＹＵＩ株式会社,熊本県阿蘇郡南阿蘇村大字河陽４７４６番地６,2019-12-13,株式会社
ｃｒｏｓｓ　ｒｏａｄ株式会社,京都府京都市中京区三条通寺町東入石橋町１１番地,2019-12-13,株式会社
ｃｒｙｓｔａｌｚ株式会社,東京都中央区日本橋兜町９番５号ＪＷＳ兜町ビル４２２,2019-12-13,株式会社
ｉ－ｃｏｒｐｏｒａｔｉｏｎ株式会社,大阪府池田市畑４丁目２０番１号,2019-12-13,株式会社
ｋｉｋｏ合同会社,東京都品川区北品川１丁目９番７号トップルーム品川１０１５号,2019-12-13,合同会社
ｍｉｈｅａｒｔｓ合同会社,東京都千代田区神田三崎町３丁目３番３号,2019-12-13,合同会社
ｎｅｋｏ．ｂｉｏ合同会社,宮崎県宮崎市橘通東４丁目１番４号河北ビル１階,2019-12-13,合同会社
あっぷけあ株式会社,東京都足立区江北６丁目２４番１５－７０２号,2019-12-16,株式会社
えあわせ株式会社,東京都文京区本駒込１丁目１０番５号ＫＩＴＡＮＯ．Ⅰ－２０１安藤方,2019-12-16,株式会社
くずはコーポレーション株式会社,神奈川県秦野市東田原５１番地１－２０６,2019-12-16,株式会社
くるーる株式会社,大阪府池田市畑４丁目３番１１号（２０２）,2019-12-16,株式会社
びわこ東海道景観協議会,滋賀県草津市草津３丁目１３番３０号,2019-12-16,その他
アイフォース合同会社,長野県諏訪郡富士見町富士見３７８５番地３,2019-12-16,合同会社
アジアテックシード事業協同組合,東京都大田区蒲田５丁目２８番４号,2019-12-16,その他の設立登記法人
アップアンドゴー株式会社,神奈川県横浜市鶴見区岸谷２丁目５番４－１０１号,2019-12-16,株式会社
アビエーションｅパーツベンチャー株式会社,東京都中央区日本橋２丁目７番１号,2019-12-16,株式会社
アポロ株式会社,東京都杉並区和泉１丁目３４番５号,2019-12-16,株式会社
アール・ケイ株式会社,沖縄県浦添市仲間３丁目１１番７号,2019-12-16,株式会社
エムズライン株式会社,神奈川県川崎市多摩区西生田３丁目１８番２１号,2019-12-16,株式会社
オバタホールディングス株式会社,青森県八戸市城下４丁目２２番３３号,2019-12-16,株式会社
オムライスギア株式会社,東京都台東区寿３丁目１８番２－８０３号,2019-12-16,株式会社
カルムネクスト株式会社,東京都立川市曙町３丁目３番３６号ダイナシティ立川５０１,2019-12-16,株式会社
キクロス株式会社,沖縄県浦添市港川２丁目２５番１号－５０９,2019-12-16,株式会社
ギャラガー・マリン・ジャパン合同会社,東京都港区六本木１丁目６番３号泉ガーデンウイング５階,2019-12-16,合同会社
グッチーポスト株式会社,東京都東久留米市中央町４丁目８番６号,2019-12-16,株式会社
グローバルアシスト合同会社,北海道札幌市北区屯田七条６丁目４番３４号,2019-12-16,合同会社
グローバルＨＲ事業協同組合,宮城県仙台市青葉区二日町６番２１号,2019-12-16,その他の設立登記法人
ケイエス交易株式会社,東京都江東区扇橋２丁目１０番３－１０２号,2019-12-16,株式会社
ケーズエステート株式会社,東京都東久留米市新川町１丁目４番２３号,2019-12-16,株式会社
シネマディスカバリーズ株式会社,東京都千代田区神田多町２丁目１番地神田東山ビル７Ｆ,2019-12-16,株式会社
ダウンタウンクルー株式会社,東京都台東区台東４丁目２３番４号,2019-12-16,株式会社
ツースリー株式会社,福岡県福岡市博多区博多駅中央街９番１号,2019-12-16,株式会社
トベルキット株式会社,石川県金沢市泉野町３丁目１４番２０号,2019-12-16,株式会社
ニッポン・ウエルス・プライベートバンク株式会社,東京都千代田区永田町２丁目１０番１号,2019-12-16,株式会社
ハピネスエクスプレス株式会社,神奈川県藤沢市湘南台２丁目５番地４ハークビル２階,2019-12-16,株式会社
バリューアップ株式会社,東京都目黒区目黒４丁目２６番３号ベルエポック目黒２Ｆ,2019-12-16,株式会社
バンビ・ドリーム合同会社,東京都渋谷区恵比寿２丁目２８番１０号ＳｈｕＢＬＤＧ２８７３,2019-12-16,合同会社
ヒューマン協同組合,福岡県北九州市小倉北区中井５丁目１８番２２号ＫＯ－ＪＹＡビル４階,2019-12-16,その他の設立登記法人
ビザップ株式会社,千葉県市川市塩浜４丁目２－２５－１０４,2019-12-16,株式会社
フジモト看板株式会社,栃木県小山市大字出井１１８７番地１０,2019-12-16,株式会社
プラ・オプ合同会社,新潟県長岡市上富岡２丁目１９１７番地４４,2019-12-16,合同会社
プレスパッド・ジャパン合同会社,東京都港区港南１丁目９番３６号,2019-12-16,合同会社
マウナケア合同会社,東京都中央区東日本橋２丁目２８番４号日本橋ＣＥＴビル２階,2019-12-16,合同会社
モーターワールド株式会社,香川県高松市国分寺町新居１２番地１,2019-12-16,株式会社
ライフスタイルデザイン合同会社,広島県広島市中区三川町２－２０,2019-12-16,合同会社
リキシャマン株式会社,東京都中央区京橋１丁目３番２号,2019-12-16,株式会社
ルクアス合同会社,茨城県土浦市木田余東台１丁目１７番１１号,2019-12-16,合同会社
レイコーポレーション株式会社,福岡県福岡市西区大字田尻２３５８番地,2019-12-16,株式会社
ワーカーズ　ルーラ,福岡県福岡市博多区博多駅前１丁目５－１,2019-12-16,その他
一般社団法人たたづみ,神奈川県横浜市泉区岡津町２５－８アドバンテージヴィラ岡津４０３,2019-12-16,その他の設立登記法人
一般社団法人エスエイチＲ１,東京都港区元赤坂１丁目１番８号株式会社赤坂国際会計内,2019-12-16,その他の設立登記法人
一般社団法人万音,宮城県仙台市若林区鶴代町３番１５号,2019-12-16,その他の設立登記法人
一般社団法人中洲国体道路ビル・テナント防犯健全協議会,福岡県福岡市博多区中洲１丁目８番３１号ＮＭＳ,2019-12-16,その他の設立登記法人
一般社団法人全国セミナー講師協会,熊本県球磨郡多良木町大字黒肥地７３９３番地,2019-12-16,その他の設立登記法人
一般社団法人国際産学官交流機構,東京都港区芝浦４丁目１６番１４－２１０３号,2019-12-16,その他の設立登記法人
一般社団法人国際耳ケア協会,北海道帯広市西二十二条南４丁目３０番地１８,2019-12-16,その他の設立登記法人
一般社団法人多古町古民家活用ぽんぽこ推進協議会,千葉県香取郡多古町東松崎１９８８番地,2019-12-16,その他の設立登記法人
一般社団法人東京ケアネット,東京都東村山市栄町２丁目９番地３２晃正ビル３０１号,2019-12-16,その他の設立登記法人
一般社団法人欧米ビジネス政治経済研究所,東京都千代田区平河町１丁目６番１５号,2019-12-16,その他の設立登記法人
一般社団法人白国自治会,兵庫県姫路市白国４丁目６番１号,2019-12-16,その他の設立登記法人
一般社団法人結い円滑支援機構,東京都江東区亀戸７丁目３９番５－６０１号,2019-12-16,その他の設立登記法人
一般社団法人齋藤助産院,神奈川県茅ヶ崎市芹沢１００４番地１０,2019-12-16,その他の設立登記法人
一般社団法人Ｔｏｋｙｏ　Ｍａｒｋｅｔｉｎｇ,東京都新宿区西新宿１丁目１番６号１２ＳＨＩＮＪＵＫＵ１０階,2019-12-16,その他の設立登記法人
万和貿易株式会社,茨城県坂東市猫実前原７１９－２,2019-12-16,株式会社
三井トレーディング株式会社,東京都北区田端３丁目１２番８号,2019-12-16,株式会社
中城村観光協会,沖縄県中頭郡中城村字当間１４０－５,2019-12-16,その他
丸徳運送株式会社,北海道恵庭市北柏木町３丁目３９番,2019-12-16,株式会社
今津企画株式会社,千葉県浦安市今川４丁目１２番２７－６号,2019-12-16,株式会社
令和薬品工業株式会社,大阪府大阪市東淀川区東淡路５丁目８番４８号,2019-12-16,株式会社
以年株式会社,宮城県仙台市青葉区本町２丁目１９番１２号１Ｆ,2019-12-16,株式会社
俺達は株式会社,愛知県名古屋市中区栄５丁目１８番１３号,2019-12-16,株式会社
元気なエンターテインメント株式会社,大分県大分市碩田町３丁目４番２５－７０１号,2019-12-16,株式会社
加藤合同会社,東京都中央区佃１丁目１１番７－３２０８号,2019-12-16,合同会社
動物再生医療技術研究組合,神奈川県横浜市中区長者町２丁目６番３号,2019-12-16,その他の設立登記法人
医療法人あべこども・アレルギークリニック,宮城県仙台市若林区なないろの里１丁目１５番地の１５,2019-12-16,その他の設立登記法人
医療法人さくまクリニック,山形県鶴岡市湯田川字中田８番地３,2019-12-16,その他の設立登記法人
医療法人へんみ眼科クリニック,奈良県香芝市瓦口２３０９番地１Ｉ．Ｂ．グランド１０２号,2019-12-16,その他の設立登記法人
医療法人みずの会,群馬県高崎市倉賀野町６４４２番地,2019-12-16,その他の設立登記法人
医療法人小國会,神奈川県藤沢市湘南台３丁目２１番地の２、１階,2019-12-16,その他の設立登記法人
医療法人志衛壽,福岡県久留米市合川町字脇田３１６番地２,2019-12-16,その他の設立登記法人
医療法人悠紀会,長野県長野市青木島１丁目２３番地３,2019-12-16,その他の設立登記法人
医療法人明陽会,群馬県高崎市南大類町１０００番地１,2019-12-16,その他の設立登記法人
医療法人社団さくら会,神奈川県横浜市戸塚区品濃町５１７番地１－１０８号Ｂ,2019-12-16,その他の設立登記法人
医療法人社団なごみ歯科,宮城県仙台市青葉区中央２丁目７番３０号角川ビル１０６,2019-12-16,その他の設立登記法人
医療法人社団みわ眼科,兵庫県神戸市兵庫区駅南通１丁目２番３４号兵庫駅前クリニックビル３階,2019-12-16,その他の設立登記法人
医療法人社団咲進会,岡山県倉敷市帯高１６４番地,2019-12-16,その他の設立登記法人
医療法人社団浩洋会,神奈川県川崎市中原区新丸子町７４７番地グランイーサ新丸子Ⅱ１階,2019-12-16,その他の設立登記法人
協同組合ワールドコミュニティ,岡山県岡山市北区大元上町７番１４号,2019-12-16,その他の設立登記法人
合同会社あいりす,佐賀県武雄市西川登町大字小田志１８３８２番地１,2019-12-16,合同会社
合同会社きなこ,大阪府守口市金田町１丁目４５番１０号,2019-12-16,合同会社
合同会社こはな社,大阪府箕面市外院２丁目８番３号,2019-12-16,合同会社
合同会社だんまや,岡山県岡山市南区妹尾８７０番地１,2019-12-16,合同会社
合同会社みらいエネルギー,東京都足立区本木南町１６番１１号,2019-12-16,合同会社
合同会社アシタショウカイ,大阪府箕面市今宮４丁目１９番３２号,2019-12-16,合同会社
合同会社アミークスｐｌｕｓ,岐阜県可児市土田２１３４番地１,2019-12-16,合同会社
合同会社アライバル,北海道札幌市南区澄川四条２丁目１番１号,2019-12-16,合同会社
合同会社アート群馬,群馬県前橋市国領町２丁目２１番２５－１４０３号,2019-12-16,合同会社
合同会社エビス,福岡県北九州市小倉北区中島１丁目１７番１３－３０２号,2019-12-16,合同会社
合同会社エンパイア,神奈川県横浜市西区平沼１丁目５番２号,2019-12-16,合同会社
合同会社クニユウ,東京都世田谷区尾山台３丁目３番６号,2019-12-16,合同会社
合同会社クロスディー,東京都港区西麻布３丁目５番１０－２０１号,2019-12-16,合同会社
合同会社サンライズ,神奈川県川崎市高津区溝口６丁目１５番７－１０３号,2019-12-16,合同会社
合同会社サンライズアセット,茨城県牛久市ひたち野西４丁目２３－７,2019-12-16,合同会社
合同会社シーアール,東京都練馬区氷川台２丁目３番６号,2019-12-16,合同会社
合同会社セレモニー・スタッフｗｈｉｔｅ　ＭＵＭ,熊本県八代市日置町４６９番地３,2019-12-16,合同会社
合同会社タウンライフ,東京都文京区本駒込５丁目６０番１８号－１階,2019-12-16,合同会社
合同会社タカミネ,福岡県福岡市博多区博多駅前１丁目２１－２０－１３０３,2019-12-16,合同会社
合同会社ビーエム,北海道白老郡白老町高砂町１丁目１番４２号,2019-12-16,合同会社
合同会社マルジョー,群馬県吾妻郡中之条町大字山田１４２５番地,2019-12-16,合同会社
合同会社ヤマモトカウンシル,東京都世田谷区世田谷３丁目１番１号ハウスアウトバーン３０２,2019-12-16,合同会社
合同会社ライトハウス,滋賀県大津市南志賀３丁目１５番５－２０５号,2019-12-16,合同会社
合同会社ラ・メールプラス,佐賀県小城市小城町池上１９２４番地,2019-12-16,合同会社
合同会社リノベーションオキナワ,沖縄県宜野湾市大山１丁目１４番２１号,2019-12-16,合同会社
合同会社リード,北海道札幌市中央区南九条西３丁目２－５,2019-12-16,合同会社
合同会社ルナ,東京都葛飾区東立石４丁目５４番５号ミズカミマンション,2019-12-16,合同会社
合同会社伊藤工業,滋賀県大津市大平２丁目２７番１０号,2019-12-16,合同会社
合同会社健ハルコーポレーション,京都府久世郡久御山町田井荒見１８番地,2019-12-16,合同会社
合同会社優治院,東京都墨田区石原３丁目３４番１０－１０３号,2019-12-16,合同会社
合同会社凪穂,栃木県真岡市荒町３丁目４０番地３２,2019-12-16,合同会社
合同会社和久田電気工業,北海道札幌市南区石山一条９丁目８番１号,2019-12-16,合同会社
合同会社基,東京都新宿区高田馬場４丁目４番１８号,2019-12-16,合同会社
合同会社大塚,岡山県津山市阿波１８００番地３,2019-12-16,合同会社
合同会社大盛工業,沖縄県宮古島市平良字下里１３３４番地３,2019-12-16,合同会社
合同会社姫百合,沖縄県那覇市壺屋１丁目２８番１６号,2019-12-16,合同会社
合同会社宇都宮企画,大分県杵築市大字岩谷１７４７番地,2019-12-16,合同会社
合同会社就労さぽーと,三重県いなべ市員弁町上笠田２５０３番地４１４,2019-12-16,合同会社
合同会社彩葉,千葉県流山市前平井１２１番地の２－４０３号,2019-12-16,合同会社
合同会社新正,北海道千歳市北光１丁目６番２号,2019-12-16,合同会社
合同会社楽人,東京都文京区本駒込５丁目６０番１８号－１階,2019-12-16,合同会社
合同会社讃栄トレーディング,東京都中野区中央５丁目１４番４－２０５号,2019-12-16,合同会社
合同会社高信商事,茨城県古河市西牛谷４６３番地２,2019-12-16,合同会社
合同会社７７７,東京都新宿区西新宿４丁目１５番１号西新宿パークハイツ３０１,2019-12-16,合同会社
合同会社ＡＣプランニング,大阪府八尾市黒谷６丁目１９４－２,2019-12-16,合同会社
合同会社ＡＫＬＡ,京都府京都市下京区西七条御領町６６－１１,2019-12-16,合同会社
合同会社ＡＯ　ＡＫＵＡ,東京都江東区古石場２丁目１３番１－１４０７号,2019-12-16,合同会社
合同会社Ｂ＆Ｋスタジオ,東京都品川区荏原６丁目８番１６号,2019-12-16,合同会社
合同会社ＢＲＥＧＧ,東京都渋谷区渋谷３丁目６番１３号,2019-12-16,合同会社
合同会社ＤＡＧ,大分県大分市高尾台１丁目１５番３号,2019-12-16,合同会社
合同会社ＤＬＳ,東京都千代田区九段南１丁目５－６りそな九段ビル５階,2019-12-16,合同会社
合同会社ＦＡＭＩＬＹ　ＳＨＩＰ,北海道札幌市豊平区豊平二条２丁目１番５－５０１号,2019-12-16,合同会社
合同会社Ｆａｒ　Ｅａｓｔ　Ｏｎｓｅｎ,東京都杉並区阿佐谷北１丁目３２番１０号,2019-12-16,合同会社
合同会社ＧＥＮＩＯ,岡山県倉敷市帯高１０番地２０,2019-12-16,合同会社
合同会社ＫＥＮ１０６,宮城県仙台市泉区高森８丁目４番地の４,2019-12-16,合同会社
合同会社ＬＡＮＤＯＯＲ,千葉県印西市草深２５２５番地２８,2019-12-16,合同会社
合同会社Ｌａ　Ｆｅｕｉｌｌｅ　Ｌｅ　Ｍｏｉｓ,大阪府大阪市中央区島町２丁目２－３サンハイム天満橋１階,2019-12-16,合同会社
合同会社Ｍ’ｓ,広島県福山市神辺町大字新徳田５６９番地,2019-12-16,合同会社
合同会社Ｍａｒｓｈ　Ｐｌａｎｎｉｎｇ,東京都国分寺市本町４丁目２１－２２,2019-12-16,合同会社
合同会社Ｍｉｘｓｋｉｎ,神奈川県相模原市緑区城山１丁目２１番１８号,2019-12-16,合同会社
合同会社ＯＢＡＳＡＰＯ,大阪府大阪市北区梅田１丁目１１番４号大阪駅前第４ビル９階９２３,2019-12-16,合同会社
合同会社ＯＮＥ,東京都文京区本郷６丁目１７番１０号,2019-12-16,合同会社
合同会社Ｐｏｎｙ,東京都新宿区西新宿３丁目２番１１号,2019-12-16,合同会社
合同会社Ｑｕｅｓｔｉｏｎ．Ｌａｎｉ,東京都中央区銀座６丁目１３番１６号銀座ＷａｌｌビルＵＣＦ５０１,2019-12-16,合同会社
合同会社Ｓ＆Ｎ,東京都千代田区九段南１丁目４番１０号,2019-12-16,合同会社
合同会社Ｓｉｎｆｏｎｉａ,東京都武蔵野市吉祥寺南町４丁目１１番４号,2019-12-16,合同会社
合同会社Ｔ２,東京都港区西新橋２丁目４番３号プロス西新橋ビル６階,2019-12-16,合同会社
合同会社ｃｒｅｏ,千葉県習志野市津田沼５丁目１３番４－８０９号,2019-12-16,合同会社
合同会社ｍｅｉｓｔｅｒ,大阪府大阪市中央区十二軒町６番２８－６０５号,2019-12-16,合同会社
合同会社ｍｏｏｎ－ｍｏｏｎ　ｃｏｍｐａｎｙ,東京都文京区本郷５丁目２５－１６ＢＡＭＢＩビル２０３,2019-12-16,合同会社
合同会社ｑｉｗｉ,東京都町田市森野２丁目３番１７号Ｒｅｖｅｒｉｅビル２Ｆ,2019-12-16,合同会社
大塚電気合同会社,福岡県北九州市小倉北区井堀３丁目２７番２８号,2019-12-16,合同会社
天晟株式会社,佐賀県佐賀市神野東３丁目２番１０号,2019-12-16,株式会社
宮前建材株式会社,東京都町田市小川２丁目１０－２町田コープタウン１２－１０４,2019-12-16,株式会社
宮城県ビジネスサポート企業組合,宮城県仙台市宮城野区東仙台５丁目２４番１０号,2019-12-16,その他の設立登記法人
宮崎サービス株式会社,滋賀県甲賀市水口町今郷４９１番地１,2019-12-16,株式会社
富士徳株式会社,沖縄県宜野湾市大山６丁目８番１号エヌエイチオフィスビル３Ｆ夢空間Ｃ‐０９室,2019-12-16,株式会社
寧波海翊実業有限公司,愛知県弥富市荷之上町八平裏３１９番地１,2019-12-16,外国会社等
小春日和株式会社,千葉県南房総市久枝７７９,2019-12-16,株式会社
岡山ファーム株式会社,北海道岩見沢市上幌向町８６０番地１,2019-12-16,株式会社
希望人合同会社,広島県廿日市市大野６７９番地,2019-12-16,合同会社
弁護士法人静岡法律事務所,静岡県静岡市葵区馬場町４３番地の１,2019-12-16,その他の設立登記法人
彩北商事株式会社,埼玉県さいたま市中央区上落合８丁目１番地３号５０１,2019-12-16,株式会社
恒元合同会社,神奈川県横浜市中区長者町９丁目１４９－４ダイアパレス伊勢佐木町４階４０９号室,2019-12-16,合同会社
恵東投資株式会社,東京都新宿区百人町１丁目１８番４号２０２,2019-12-16,株式会社
星野藝術合同会社,東京都渋谷区富ヶ谷１丁目１４番１４号４階,2019-12-16,合同会社
有限会社岡田商店,高知県四万十市中村京町３丁目２９番地,2019-12-16,有限会社
有限会社幸工務店,栃木県宇都宮市御幸ケ原町１３６番６１,2019-12-16,有限会社
朝日プラザ河内長野デポーフロント管理組合,大阪府河内長野市菊水町２－２４,2019-12-16,その他
未来環境株式会社,佐賀県神埼市神埼町鶴１３６８番地,2019-12-16,株式会社
株式会社いわせ,福岡県福岡市博多区比恵町３番２６号,2019-12-16,株式会社
株式会社ぐんたねファーム,群馬県渋川市吹屋６５６番地２８,2019-12-16,株式会社
株式会社さんにんちーむ,東京都渋谷区神宮前３丁目３１番１４号,2019-12-16,株式会社
株式会社しんや,静岡県浜松市東区安間町６５０番地,2019-12-16,株式会社
株式会社すみのき,北海道札幌市北区屯田十条２丁目３番７号Ｂ１０１号,2019-12-16,株式会社
株式会社たちばな,京都府京都市西京区大枝沓掛町１３－３７９,2019-12-16,株式会社
株式会社とことんぷらすほーむ,三重県度会郡度会町長原５０８番地３,2019-12-16,株式会社
株式会社ひろみん,福岡県福岡市博多区半道橋１丁目１番１０号,2019-12-16,株式会社
株式会社アイコム,東京都府中市寿町１丁目４番３号ロイヤルプラザ府中４０１号,2019-12-16,株式会社
株式会社アサイ,群馬県前橋市天川大島町１丁目３６番地２０,2019-12-16,株式会社
株式会社アジアエコサービス,茨城県常総市大塚戸町１２９９番地,2019-12-16,株式会社
株式会社アトリエ０３６,神奈川県川崎市中原区小杉町３丁目２４９番２号クレアホームズ小杉５０６,2019-12-16,株式会社
株式会社アンドワークス,千葉県鴨川市八色４７９番地６,2019-12-16,株式会社
株式会社アンリミテッド,宮城県仙台市太白区八本松２丁目４番３号アスコットあすと長町２０２号室,2019-12-16,株式会社
株式会社アーキアンドアグリファーム,東京都西東京市泉町３丁目１６番１４号,2019-12-16,株式会社
株式会社アーツ東北,宮城県黒川郡大郷町東成田字中板谷５－３,2019-12-16,株式会社
株式会社イーストＭＡＸ,東京都新宿区新宿７丁目２７番１６号第１清水ビル２０２,2019-12-16,株式会社
株式会社ウダック,千葉県市川市本塩１５番６号,2019-12-16,株式会社
株式会社エイチアンドミー,東京都渋谷区神宮前５丁目３９番１０号神宮前テラス２０３,2019-12-16,株式会社
株式会社エヌリアルエステート,兵庫県神戸市東灘区向洋町中５丁目１１番地５０１号棟３２０１号室,2019-12-16,株式会社
株式会社エムジーエム,愛知県名古屋市中区丸の内２丁目１８番１４号,2019-12-16,株式会社
株式会社オフイスサンヨー,愛媛県今治市別宮町３丁目７番地２,2019-12-16,株式会社
株式会社オーブ,宮城県名取市大手町６丁目１１番地の１３シャングリラ１０１号,2019-12-16,株式会社
株式会社カノアクルー,東京都三鷹市下連雀４丁目１６番３－４０６号,2019-12-16,株式会社
株式会社クリニコム,東京都渋谷区恵比寿西１丁目８番３－４０６号,2019-12-16,株式会社
株式会社クレシア,神奈川県川崎市川崎区四谷上町１０番２－８０２号クオス川崎エスタル,2019-12-16,株式会社
株式会社グッドキャリア,東京都千代田区九段北１丁目４番５号,2019-12-16,株式会社
株式会社グロウスファインド,千葉県船橋市宮本７丁目４番２３号,2019-12-16,株式会社
株式会社グローリー不動産,福岡県北九州市小倉北区中津口１丁目１０番３８－２０１号,2019-12-16,株式会社
株式会社ケイジャンプ,東京都港区赤坂９丁目７番７号,2019-12-16,株式会社
株式会社コロンヘルス研究所,東京都中央区日本橋大伝馬町１２番１号,2019-12-16,株式会社
株式会社ゴールデンエイト,長崎県長崎市新戸町４丁目８番３０号,2019-12-16,株式会社
株式会社サチ通商インターナショナル,東京都港区東麻布１丁目３番２号,2019-12-16,株式会社
株式会社シアリンク,東京都千代田区神田須田町２丁目６番２号,2019-12-16,株式会社
株式会社ジェネックスソリューションズ,愛知県碧南市沢渡町２１８番地,2019-12-16,株式会社
株式会社ジャパンインベストメント,東京都中央区銀座５丁目９番１２号,2019-12-16,株式会社
株式会社ジャヤインターナショナル,神奈川県相模原市緑区牧野６５５９番地,2019-12-16,株式会社
株式会社スターリア,東京都台東区台東２丁目１８番８号,2019-12-16,株式会社
株式会社スヴビ,東京都江戸川区平井４丁目１６番４号,2019-12-16,株式会社
株式会社セラコレクション,東京都品川区荏原４丁目５番５－８０４号,2019-12-16,株式会社
株式会社タイム,福岡県福岡市東区香椎駅前１丁目１７番４４－３０１号,2019-12-16,株式会社
株式会社タラントトレード,広島県広島市南区宇品御幸１丁目５番１５－２０２号,2019-12-16,株式会社
株式会社ダイテック,福岡県福岡市早良区田村４丁目３番２３号,2019-12-16,株式会社
株式会社ダスキン十和田,青森県十和田市大字八斗沢字八斗沢６６番地６,2019-12-16,株式会社
株式会社チーム学際,東京都文京区本郷５丁目２５番１５号,2019-12-16,株式会社
株式会社ティアワン,神奈川県横浜市港北区新横浜２丁目１２番地１１,2019-12-16,株式会社
株式会社ハウスリバース関西,大阪府大阪市港区八幡屋４丁目３番２５号,2019-12-16,株式会社
株式会社ハッピーワーク,埼玉県草加市八幡町１８６番地１,2019-12-16,株式会社
株式会社ハナエイ,東京都新宿区歌舞伎町２丁目２５番８号,2019-12-16,株式会社
株式会社ハナロ,福岡県北九州市門司区松原１丁目９番１号,2019-12-16,株式会社
株式会社ハートサポート,鹿児島県肝属郡東串良町池之原２７４４番地,2019-12-16,株式会社
株式会社ピース,東京都杉並区下高井戸３丁目４－９メインステージ桜上水６０１,2019-12-16,株式会社
株式会社フィック,千葉県千葉市花見川区柏井町１５６８番７７,2019-12-16,株式会社
株式会社フェローズプラス,神奈川県横浜市鶴見区鶴見中央４丁目１７番１号萬屋第２ビル２Ｆ,2019-12-16,株式会社
株式会社フラスタ,東京都中央区入船３丁目１番５号,2019-12-16,株式会社
株式会社フリイシステム,東京都練馬区旭丘１丁目５１番１３号ふぁみりいＣ．Ｈ．３Ｅ,2019-12-16,株式会社
株式会社フーワーク,東京都狛江市駒井町３丁目４２－１７,2019-12-16,株式会社
株式会社ブルームコンサルティング,千葉県松戸市六高台４丁目１３４番地の３グレース六実１０３,2019-12-16,株式会社
株式会社ホソダケンソウ,東京都国分寺市西町４丁目８番地５６,2019-12-16,株式会社
株式会社ボンザ,千葉県市川市市川１丁目８番１０号タツミビル１階,2019-12-16,株式会社
株式会社マイスター,東京都中野区上鷺宮２丁目１９番１０号,2019-12-16,株式会社
株式会社マチツクル,宮崎県児湯郡高鍋町大字北高鍋５１９８番地,2019-12-16,株式会社
株式会社マミー・クリスタル,大阪府摂津市千里丘東４丁目６番８－５１８号,2019-12-16,株式会社
株式会社マリアロッソ,三重県桑名郡木曽岬町大字白鷺６２８番地１７８,2019-12-16,株式会社
株式会社ミエルモ,東京都渋谷区道玄坂１丁目２番３号渋谷フクラス１７Ｆ,2019-12-16,株式会社
株式会社ミキ,愛媛県新居浜市中須賀町１丁目３番３１３８号,2019-12-16,株式会社
株式会社ミネルヴァ,東京都豊島区東池袋１丁目３１番１３－１００８号,2019-12-16,株式会社
株式会社ミライズ,東京都渋谷区渋谷２丁目１９番２０号Ⅳ４Ｆ,2019-12-16,株式会社
株式会社ミリングセンター北海道,北海道江別市錦町５０番地の１０,2019-12-16,株式会社
株式会社メンタルヘルスケア,東京都港区高輪４丁目１０番３１号,2019-12-16,株式会社
株式会社モンスターラボミュージック,東京都渋谷区広尾１丁目１番３９号恵比寿プライムスクエアタワー４Ｆ,2019-12-16,株式会社
株式会社ヤマトヤ製菓,新潟県三条市条南町２３番２１号,2019-12-16,株式会社
株式会社ライスアイランド,東京都港区赤坂５丁目３番３－１７０２号,2019-12-16,株式会社
株式会社ラブリエ,神奈川県足柄上郡中井町井ノ口２８０３番地２１,2019-12-16,株式会社
株式会社リバル,東京都江東区亀戸５丁目６－２１ＵＩＷ９ＢＬＤＧ２Ｆ－１１,2019-12-16,株式会社
株式会社リバース,北海道札幌市白石区南郷通２丁目南８番１０－５０５号,2019-12-16,株式会社
株式会社ワイズアシスト,神奈川県川崎市多摩区長沢１丁目２０番１２号,2019-12-16,株式会社
株式会社ヱレコン,北海道札幌市中央区北八条西２４丁目１番３０－５０９号,2019-12-16,株式会社
株式会社ヴァイタミン,東京都中央区日本橋箱崎町１９番７－６０２号,2019-12-16,株式会社
株式会社三和ティーサービス,東京都港区海岸３丁目９番４０－１００６号,2019-12-16,株式会社
株式会社中井本舗,神奈川県横浜市鶴見区上の宮１丁目３７番４３号,2019-12-16,株式会社
株式会社中央協販,北海道釧路市若松町１０番１８号,2019-12-16,株式会社
株式会社仁建,静岡県浜松市北区三ヶ日町三ヶ日４９９番地の１,2019-12-16,株式会社
株式会社伊勢の杜動物クリニック,三重県伊勢市黒瀬町６４１番地１０,2019-12-16,株式会社
株式会社佳晟,東京都江戸川区一之江７丁目３０番６－１０１号,2019-12-16,株式会社
株式会社健挑堂長岡,新潟県長岡市希望が丘３丁目２番地４,2019-12-16,株式会社
株式会社典,千葉県成田市馬橋７番地５,2019-12-16,株式会社
株式会社創和,東京都千代田区富士見１丁目１１番１３号,2019-12-16,株式会社
株式会社友広会,大阪府大阪市中央区安土町３丁目３番５号イケガミビル４階,2019-12-16,株式会社
株式会社吉田煌農園,福井県勝山市鹿谷町志田第１０号２０番地,2019-12-16,株式会社
株式会社同信,山口県山陽小野田市新生１丁目２番１７号,2019-12-16,株式会社
株式会社品川林業,岡山県新見市哲多町本郷１０１１番地２,2019-12-16,株式会社
株式会社土井商運,京都府京都市伏見区石田西ノ坪１番地醍醐石田団地１－３１７,2019-12-16,株式会社
株式会社坂本商事,長崎県長崎市浜町１０番１９号,2019-12-16,株式会社
株式会社夢,長野県松本市大字岡田町４７４番地１ソレイユⅠ－１０１,2019-12-16,株式会社
株式会社宇部７２カントリークラブ,山口県山口市阿知須２４２３番地１,2019-12-16,株式会社
株式会社富川屋,岩手県遠野市中央通り１０番１号,2019-12-16,株式会社
株式会社富本電機,愛知県半田市古浜町１８番地の１,2019-12-16,株式会社
株式会社小島電工,神奈川県厚木市上落合７０９番地１－２Ｆ,2019-12-16,株式会社
株式会社川端建材,三重県伊勢市佐八町１７２０番地２,2019-12-16,株式会社
株式会社愛昇工業,三重県四日市市萱生町１３２５番地６,2019-12-16,株式会社
株式会社斧田観賞魚,奈良県生駒郡斑鳩町法隆寺東１丁目７番２号,2019-12-16,株式会社
株式会社森林パワーホールディングス,宮崎県児湯郡川南町大字川南４５９１番地５,2019-12-16,株式会社
株式会社水野工業,静岡県静岡市葵区瀬名２丁目２８番４９－１０号,2019-12-16,株式会社
株式会社氷見銀行,富山県氷見市南中６０番地,2019-12-16,株式会社
株式会社田嶋重機,熊本県宇土市栗崎町６９番地１,2019-12-16,株式会社
株式会社畑鑫海運,滋賀県大津市北比良９７０番地の１６,2019-12-16,株式会社
株式会社益澧行,東京都豊島区西池袋１丁目１０番２号日高ビル４０１,2019-12-16,株式会社
株式会社神風,千葉県千葉市中央区都町１丁目１２番１６号パレ・リジェール１０１号,2019-12-16,株式会社
株式会社禾祥,東京都江戸川区南小岩５丁目１４番１０号,2019-12-16,株式会社
株式会社秤,東京都中央区銀座７丁目１３番６号サガミビル２階,2019-12-16,株式会社
株式会社結絆,東京都中野区中野４丁目１番１号中野サンプラザ９Ｆ,2019-12-16,株式会社
株式会社縁和,千葉県野田市清水１７番地の７,2019-12-16,株式会社
株式会社花畑ヘルスケア,東京都足立区花畑１丁目３番１３号,2019-12-16,株式会社
株式会社藤﨑工業,長崎県西海市西彼町小迎郷２７２１番地３,2019-12-16,株式会社
株式会社西原,沖縄県浦添市城間２丁目３番３号,2019-12-16,株式会社
株式会社進漁丸,青森県むつ市金曲１丁目１１番１４号,2019-12-16,株式会社
株式会社鎌倉小町,東京都港区浜松町２丁目１番１６号ＳＶＡＸ浜松町Ⅱビル,2019-12-16,株式会社
株式会社青島一号,北海道札幌市南区南三十八条西１１丁目５番１３号,2019-12-16,株式会社
株式会社高野,和歌山県田辺市末広町５番４４号,2019-12-16,株式会社
株式会社鴻誠,大阪府大阪市淀川区十八条３丁目１番１１号,2019-12-16,株式会社
株式会社齋藤財産,東京都国分寺市南町３丁目４番１２号サイトウビル１０１,2019-12-16,株式会社
株式会社ＡＤＶＡＮＣＥ,愛知県名古屋市東区筒井３丁目３４番３号,2019-12-16,株式会社
株式会社ＡＩ,東京都渋谷区円山町５番５号Ｎａｖｉ渋谷Ⅴ３階,2019-12-16,株式会社
株式会社ＡＳＣ,愛知県刈谷市住吉町３丁目８番地,2019-12-16,株式会社
株式会社ＡＳＸＥＥＤ,宮崎県宮崎市神宮西１丁目１２２番地２カデット１０７号,2019-12-16,株式会社
株式会社Ｂ．ｐｏｔ,愛知県名古屋市瑞穂区弥富通一丁目３７番地の１ルポン新瑞２Ｄ,2019-12-16,株式会社
株式会社ＢＯＮＤ,熊本県熊本市中央区下通１丁目８番１１号ＡＩ　ＧｉｎｚａＫａｇｏｍａｃｈｉビル４階Ａ号,2019-12-16,株式会社
株式会社ＢＲＥＡＫ　ＴＨＲＯＵＧＨ,愛知県名古屋市中区錦３丁目１２番２２号新錦ビル１Ｆ,2019-12-16,株式会社
株式会社ＢＲＩＮＧＵＰ,大阪府大阪市北区堂山町１－５三共梅田ビル６階,2019-12-16,株式会社
株式会社ＢｉｚＰａｒｔｎｅｒ,東京都新宿区新宿５丁目１８番２０号ルックハイツ新宿８０３号,2019-12-16,株式会社
株式会社Ｃ＆Ａパートナーズ,大阪府大阪市中央区久太郎町４丁目１－３大阪センタービル６Ｆ１０８,2019-12-16,株式会社
株式会社ＣＯＣＯＣＡＮ,北海道帯広市西十六条南６丁目３０番２３号,2019-12-16,株式会社
株式会社ＤＭＫＴ,沖縄県島尻郡南風原町字新川２０２番地８－３０２号,2019-12-16,株式会社
株式会社ＥＡＲＸ,兵庫県尼崎市田能３丁目９番１１号,2019-12-16,株式会社
株式会社ＥＩＺＥＮ,千葉県船橋市夏見台４丁目１４番３号,2019-12-16,株式会社
株式会社ＦＯＲ　ＹＯＵ,東京都港区西麻布１丁目１４番４号,2019-12-16,株式会社
株式会社Ｇｅｎｅｒａｌ,大分県大分市大字宮崎９３２番地光吉フロントテラス３０１,2019-12-16,株式会社
株式会社Ｇｒｅａｔ　Ｃｒｅａｔｉｏｎ,東京都新宿区上落合２丁目１９番１３号,2019-12-16,株式会社
株式会社ＧｙｃＦｉｎｅ,富山県富山市黒崎１５７番地,2019-12-16,株式会社
株式会社Ｈ２Ｓ,三重県桑名市大字東汰上１０１０番地１,2019-12-16,株式会社
株式会社ＨＡＯ．ＨＡＯ．,東京都世田谷区代田５丁目１番１６号ＫＢｏｎｅ１Ｆ,2019-12-16,株式会社
株式会社ＨＰマネジメント,東京都渋谷区千駄ヶ谷５丁目２３番１９号,2019-12-16,株式会社
株式会社Ｈｕｒｕｍａ,東京都練馬区南大泉５丁目３番４号,2019-12-16,株式会社
株式会社ＩＥＮＡ,広島県広島市中区小町３－３ＬＡＴＯＵＲＫＯＭＡＣＨＩ（１４０１）,2019-12-16,株式会社
株式会社ＩＭＡＩグランド,奈良県奈良市秋篠三和町１丁目９番９号,2019-12-16,株式会社
株式会社Ｉｎｔｅｒｉｏｒ彰,石川県加賀市水田丸町トの９３番地の１,2019-12-16,株式会社
株式会社ＪＡＹＳ　ＦＯＲ　ＮＩＮＥ,愛知県名古屋市中区千代田１丁目６番２号ＵＰ２ビル４階,2019-12-16,株式会社
株式会社Ｋ．,東京都西東京市田無町４丁目２３番４号クリーンヒルズＫＨビル１階,2019-12-16,株式会社
株式会社ＫＡＲＭＡ,神奈川県川崎市宮前区菅生２丁目１２番４５号３０２,2019-12-16,株式会社
株式会社ＫＯＴＯＺＴＥ,東京都千代田区麹町２丁目１０番３号,2019-12-16,株式会社
株式会社ＫＲＳ,群馬県太田市市場町７４８番地２３ふじサイレント２０６,2019-12-16,株式会社
株式会社Ｋｅｅｐｅｒ,東京都港区六本木７丁目１７番２２号秀和六本木レジデンス２１５,2019-12-16,株式会社
株式会社ＬＩＶＥＷＡＲＥ,東京都台東区浅草橋１丁目１３番６号浅草橋ＳＴビル５階,2019-12-16,株式会社
株式会社ＬｉＮＫ,神奈川県横浜市西区西戸部町１丁目１６番地,2019-12-16,株式会社
株式会社Ｌｏｗｅｒ,東京都渋谷区渋谷１丁目２２番２号ＧＲＡＰＨＩＯＳｉｂｕｙａ４０３,2019-12-16,株式会社
株式会社ＭＭ,東京都目黒区青葉台４丁目７番７号青葉台マンション６０２,2019-12-16,株式会社
株式会社Ｍｉａｖａｔｏ,東京都中央区湊２丁目１５番１４－１８０８号,2019-12-16,株式会社
株式会社Ｍｏｃｏ,東京都新宿区新宿５丁目１８番９号ステージ新宿９階,2019-12-16,株式会社
株式会社ＮＯＢＵ　ＥＮＧＬＩＳＨ,東京都目黒区碑文谷１丁目２番１０－３０９号シーアイマンション碑文谷,2019-12-16,株式会社
株式会社Ｏｎｅ　Ｍｏｒｅ　Ｕ,東京都調布市国領町５丁目４３番地１,2019-12-16,株式会社
株式会社ＯｒｉｅｎＴｒａｄｅ,東京都中央区日本橋浜町２丁目４３番９号平野ビル２階,2019-12-16,株式会社
株式会社ＰＲＯＣＥＥＤ,北海道札幌市中央区南十条西１０丁目１番２０号,2019-12-16,株式会社
株式会社ＲＡＩ,香川県さぬき市志度４１５０番地,2019-12-16,株式会社
株式会社Ｒｅ．ｅｉｔｏ,広島県広島市南区宇品西５丁目１１番１－３１７号,2019-12-16,株式会社
株式会社Ｒｅａｃｈ　Ｆｏｒ,大阪府大阪市淀川区三津屋北１丁目２８番１６号,2019-12-16,株式会社
株式会社Ｒｅｌａｔｉｖｉｔｙ,北海道札幌市中央区南六条西１８丁目１番２号ウェルス医大前２０１号室,2019-12-16,株式会社
株式会社Ｒｕｔｉｌｅｑｕａｒｔｚ,東京都新宿区西新宿６丁目２０番７－コンシェリア西新宿２１１３号,2019-12-16,株式会社
株式会社ＳＡＫＡＩ,京都府京都市山科区西野山中鳥井町６０番地７,2019-12-16,株式会社
株式会社ＳＥＣＯＮＤ　ＳＴＡＧＥ,北海道札幌市中央区南四条西２丁目８番地１０ダイメックスプラザ５番館,2019-12-16,株式会社
株式会社ＳＩＬＶＡ,東京都渋谷区千駄ヶ谷３丁目１３番５号千駄ヶ谷第一スカイハイツ２０１,2019-12-16,株式会社
株式会社ＳＫ,広島県広島市西区三篠町２丁目４番２８号,2019-12-16,株式会社
株式会社Ｓａｉｔｏ,神奈川県横浜市南区蒔田町８７８,2019-12-16,株式会社
株式会社Ｓｅｎｓｅ,栃木県宇都宮市西川田町１１番１号,2019-12-16,株式会社
株式会社Ｓｈｈｈ,東京都渋谷区千駄ヶ谷１丁目１３－１１ＴＨＥＦＯＲＵＭ千駄ヶ谷２－１２,2019-12-16,株式会社
株式会社Ｓｉｎｃｅｒｉｔｙ,栃木県下都賀郡壬生町至宝３丁目７番１号,2019-12-16,株式会社
株式会社Ｓｕｎ　Ａｃｅ,神奈川県横浜市緑区十日市場町１２５８番地十日市場ヒルタウン８－２号棟２０６号,2019-12-16,株式会社
株式会社Ｔ－ｃｏｌｌｅｃｔ,福岡県築上郡築上町大字赤幡４４６番地１,2019-12-16,株式会社
株式会社ＴＨＲＥＥ,愛知県名古屋市中区千代田１丁目６番２号ＵＰ２ビル４階,2019-12-16,株式会社
株式会社ＴＫｇｒｏｕｐ,神奈川県座間市栗原中央３丁目２６番１２号,2019-12-16,株式会社
株式会社ＴＯＡ,東京都世田谷区赤堤５丁目１０番１６号,2019-12-16,株式会社
株式会社ＴＯＭＯＮＩ,東京都世田谷区桜上水２丁目１５番７号,2019-12-16,株式会社
株式会社Ｔｈｉｎｋ　Ａｂｏｕｔ　Ｃｕｓｔｏｍｅｒｓ,宮城県仙台市宮城野区宮千代３丁目９番地の９,2019-12-16,株式会社
株式会社Ｕｉｚｍ　Ｉｔｏ,静岡県伊東市池６３５番地の１１０,2019-12-16,株式会社
株式会社ＷＯＲＫ　ＴＯＧＥＴＨＥＲ,北海道札幌市東区北七条東１丁目１番１０号,2019-12-16,株式会社
株式会社ＷＳａＴ,東京都墨田区江東橋３丁目３番７号,2019-12-16,株式会社
株式会社Ｗｅ　Ｃｏｍｐａｎｙ,愛知県名古屋市中区千代田５丁目１１番３３号,2019-12-16,株式会社
株式会社Ｗｏｒｋｏｕｔ,大阪府大阪市港区市岡１丁目１番１－３０２号,2019-12-16,株式会社
株式会社Ｙ．Ｐ　Ｉｎｔｅｒｎａｔｉｏｎａｌ,東京都台東区浅草５丁目１５番３号メゾンかわい１－Ａ号室,2019-12-16,株式会社
株式会社ａｎｙｔａｌｋ,東京都港区南青山２丁目２番１５号ウィン青山９４２,2019-12-16,株式会社
株式会社ａｔＧＡＮ,熊本県熊本市西区沖新町１０２４番地６,2019-12-16,株式会社
株式会社ｃｈｕｃｌｌａ,大阪府大阪市浪速区幸町３丁目７番１１号アルティア大阪ビル３階,2019-12-16,株式会社
株式会社ｃｏｌｌｅａｇｕｅ,北海道札幌市中央区北二条東２丁目１番３４号,2019-12-16,株式会社
株式会社ｃｒｏｓｓＤｓ　ｊａｐａｎ,東京都品川区中延５丁目５番１０号,2019-12-16,株式会社
株式会社ｄｕｏｍｅｄｏｌｌ,大阪府大阪市中央区内本町１丁目４－９－４０４,2019-12-16,株式会社
株式会社ｆｉｇ　ｔｒｅｅ,大阪府大阪市天王寺区上本町８丁目２番４号,2019-12-16,株式会社
株式会社ｆｏｌｌｏｗｙ,東京都渋谷区千駄ヶ谷３丁目１５番３号,2019-12-16,株式会社
株式会社ｐｒａｎａ　ｌｉｎｋ,兵庫県伊丹市南町４丁目５番２３号,2019-12-16,株式会社
永田町不動産株式会社,東京都千代田区永田町２丁目１７番５号ローレル永田町１１３,2019-12-16,株式会社
沖縄エムケイ株式会社,兵庫県神戸市中央区港島８丁目１１番２,2019-12-16,株式会社
湘南エクシア株式会社,神奈川県秦野市南が丘４丁目５番地の２９,2019-12-16,株式会社
源ちゃんファーム株式会社,熊本県球磨郡多良木町大字多良木７４０番地,2019-12-16,株式会社
特定非営利活動法人いっしょき宮脇,鹿児島県南九州市頴娃町牧之内１４４７番地,2019-12-16,その他の設立登記法人
特定非営利活動法人ここみらい,京都府京都市北区鷹峯黒門町１１番地９,2019-12-16,その他の設立登記法人
特定非営利活動法人ランドマーク,東京都杉並区西荻北３丁目１番９号マルスビル３階,2019-12-16,その他の設立登記法人
特定非営利活動法人元気てらす縁,岩手県久慈市門前第３７地割４９番地１０,2019-12-16,その他の設立登記法人
特定非営利活動法人生き生き人生,千葉県船橋市前原西４丁目３１番２－６１１号,2019-12-16,その他の設立登記法人
特定非営利活動法人Ｓｔｕｄｉｏ　ｏｎ　ｓｉｔｅ,東京都杉並区宮前２丁目１６番１４号,2019-12-16,その他の設立登記法人
福来通商株式会社,東京都新宿区北新宿１丁目２８番１５号,2019-12-16,株式会社
絆輸送協同組合,石川県河北郡内灘町字千鳥台２丁目４０６番地,2019-12-16,その他の設立登記法人
絶味食品日本株式会社,東京都港区港南２丁目１６番１号品川イーストワンタワー４階,2019-12-16,株式会社
都志見商会合同会社,広島県山県郡北広島町都志見字堂光１２６６８－９５,2019-12-16,合同会社
長天建築合同会社,東京都台東区松が谷４丁目６－２山本ビル７０１,2019-12-16,合同会社
齋藤建設株式会社,東京都国分寺市南町２丁目１番１７号,2019-12-16,株式会社
ＡＤＡホールディングス株式会社,山形県山形市旅篭町２丁目２番２６号庄司ビル５階,2019-12-16,株式会社
ＡＬＢＥＸ株式会社,愛知県名古屋市東区泉１丁目１１番９号,2019-12-16,株式会社
Ａｅｒｎｅｒ株式会社,東京都港区六本木３丁目３番１０－５０２号,2019-12-16,株式会社
Ａｇａｔａ　Ｌｕｃｅ合同会社,東京都渋谷区宇田川町３３番８号エミリアビル６階,2019-12-16,合同会社
Ａｎｔｓｔ合同会社,大分県佐伯市米水津浦代浦５９９番地１１,2019-12-16,合同会社
ＢＩＳＨＮＵ株式会社,神奈川県横浜市瀬谷区三ツ境１０３番地２グリーンハイツＦ－１０５,2019-12-16,株式会社
ＢＰ　ａｘｉｓ合同会社,熊本県宇城市不知火町長崎２５４９番地,2019-12-16,合同会社
Ｂｌｏｏｍ＆Ｃｏ．合同会社,東京都大田区本羽田１丁目２０番９－４０５号,2019-12-16,合同会社
Ｂｏｒｎｍｅｔ株式会社,兵庫県神戸市中央区栄町通１丁目１番８号,2019-12-16,株式会社
Ｃｏｍｐｌｉａｎｃｅ　Ａｄｖｉｓｏｒｓ合同会社,東京都中央区日本橋３丁目２番１４号新槇町ビル別館第一２階,2019-12-16,合同会社
Ｃｏｎｔｒａｄｅ合同会社,京都府京都市伏見区深草西浦町２丁目９５番地龍谷会館２１０室,2019-12-16,合同会社
Ｄ．Ｅ．Ｇ．合同会社,東京都荒川区東日暮里４丁目３６番１８号,2019-12-16,合同会社
ＤＨ　ＴＡＫＡＤＡ株式会社,東京都豊島区池袋３丁目６８番５号,2019-12-16,株式会社
Ｅ．Ｎ．Ｅ　ＧＲＯＵＰ株式会社,愛知県岡崎市石神町３番地２０高橋ビル２Ｆ,2019-12-16,株式会社
Ｅｍｏｔｉｏｎｓ合同会社,大阪府大阪市北区曾根崎新地１丁目６番１２号碇ビル２階,2019-12-16,合同会社
ＦＯＸＩＡＭ合同会社,東京都足立区足立２丁目３７番１２号,2019-12-16,合同会社
Ｇｏｒｏｒｉ合同会社,東京都千代田区神田小川町１丁目８番３号小川町北ビルＴＨＥ・ＯＦＦＩＣＥ神田３階,2019-12-16,合同会社
ＨＯＰＥ　ＴＲＡＤＩＮ株式会社,群馬県太田市高林西町５６８番地１いろはコートＡ棟２０５,2019-12-16,株式会社
Ｊｏｔｓｕ株式会社,三重県鈴鹿市白子４丁目２１番１２号,2019-12-16,株式会社
Ｋ’Ｓエステート株式会社,神奈川県横浜市戸塚区汲沢３丁目９番１７号,2019-12-16,株式会社
ＫＡＷＡ株式会社,大阪府大阪市中央区南久宝寺町４丁目５－１５ニューライフ御堂筋本町５０８室,2019-12-16,株式会社
ＫＮＧモータース株式会社,群馬県館林市富士原町１１３３番地の１５,2019-12-16,株式会社
ＫＰＳホールディングス株式会社,神奈川県横浜市神奈川区白幡上町３７番２１号,2019-12-16,株式会社
ＫＲＦ８８ビルディング合同会社,東京都千代田区永田町２丁目１７番１７号結和税理士法人内,2019-12-16,合同会社
Ｍ＆Ｓ合同会社,大阪府大阪市中央区瓦町１丁目５番１号エクシード瓦町６０３,2019-12-16,合同会社
ＭＩＲＡＩ合同会社,北海道札幌市東区北二十八条東２丁目２番７号シティハウスＭ＆Ｍ３０５号,2019-12-16,合同会社
ＭＯ株式会社,東京都新宿区高田馬場４丁目３７番２５号,2019-12-16,株式会社
ＮｅＸＥＨＲＳコンソーシアム,東京都中央区銀座２丁目９－１３ＧＩＮＺＡ－２　２階　医療データ活用基盤整備機構　気付,2019-12-16,その他
Ｐ＆Ｃコンサル合同会社,千葉県市川市中山４丁目１５番５号,2019-12-16,合同会社
ＰＥ．アライアンス株式会社,東京都新宿区上落合１丁目１２番１０号ＴＤビル３０５,2019-12-16,株式会社
Ｐｉｎｐｏｉｎｔ　Ａｓｓｅｔ　Ｍａｎａｇｅｍｅｎｔ　Ｊａｐａｎ株式会社,東京都中野区本町４丁目４７番３号渓山館Ｎ棟２０３,2019-12-16,株式会社
ＲＪプランニング株式会社,大阪府大阪市北区天満１丁目１１番２０－８０５号,2019-12-16,株式会社
Ｓ　Ｆ　ＣＡＲＳ,千葉県山武市井之内３７５番地Ａ,2019-12-16,外国会社等
Ｓ．ＥｘｔｒａＭａｒｉｎｅ合同会社,東京都目黒区目黒本町３丁目１５番７号,2019-12-16,合同会社
ＳＴＳ協同組合,静岡県伊東市岡字地円畑２１７番地２５,2019-12-16,その他の設立登記法人
Ｔ．Ｈ．Ｅ．　ＣＯＭＭＵＮＩＴＹ　ＡＰＯＳＴＯＬＩＣ　ＯＲＤＥＲ　ＰＴＹ　ＬＴＤ,京都府亀岡市西別院町万願寺大堂２１番地１０２,2019-12-16,外国会社等
ＴｋａｎＬａｂ株式会社,東京都豊島区千早３丁目１３番１５号,2019-12-16,株式会社
ＶＩＰ株式会社,東京都渋谷区宇田川町３７番１０号麻仁ビル４Ｆ,2019-12-16,株式会社
Ｖｉｅｔ　ｔｉｎ株式会社,大阪府大阪市生野区中川２丁目１番３号ライオンズマンション今里１０３,2019-12-16,株式会社
ｉｃｈｉ建合同会社,東京都八王子市下柚木２丁目２３番地１,2019-12-16,合同会社
ｍ８株式会社,東京都新宿区四谷３丁目１２番地,2019-12-16,株式会社
ｍａｉｎｉｃｈｉ　ｈａｐｐｙ合同会社,北海道札幌市白石区菊水二条１丁目６番２２号,2019-12-16,合同会社
さくら工業株式会社,福岡県飯塚市綱分１７６９番地１０,2019-12-17,株式会社
さとみ合同会社,広島県広島市安佐南区緑井５丁目８番４号,2019-12-17,合同会社
ひまわりパートナーズ株式会社,栃木県那須塩原市新町１１５番地７１,2019-12-17,株式会社
れいわ株式会社,大阪府堺市堺区海山町４丁１６７番地５７,2019-12-17,株式会社
アルタイルキャピタル合同会社,東京都中央区日本橋小伝馬町１６－５新日本橋長岡ビル９Ｂ,2019-12-17,合同会社
アンブラコジャパン株式会社,大阪府大阪市西区南堀江２丁目７番４号,2019-12-17,株式会社
ウィズテック合同会社,長野県長野市若穂綿内８６００番地,2019-12-17,合同会社
ウエストポートダイニング合同会社,長崎県佐世保市上京町７番１１号,2019-12-17,合同会社
ウッドベル合同会社,埼玉県北葛飾郡杉戸町大字鷲巣６２４番地１７,2019-12-17,合同会社
エクイニクス・ハイパースケール１・ジャパン一般社団法人,東京都千代田区丸の内３丁目１番１号東京共同会計事務所内,2019-12-17,その他の設立登記法人
エコ・ジャパン合同会社,神奈川県横浜市青葉区しらとり台１７番地１２,2019-12-17,合同会社
エスエムディー合同会社,岡山県岡山市南区福田３３番９号,2019-12-17,合同会社
エスエーアイエステート株式会社,京都府京都市西京区桂下豆田町１４番地６－２０７,2019-12-17,株式会社
エルンスト合同会社,埼玉県さいたま市南区南浦和３丁目１９番２４棟８０５号,2019-12-17,合同会社
オリジン株式会社,岩手県花巻市不動２０番地１,2019-12-17,株式会社
カオスな株式会社,鹿児島県姶良市西餅田１９９６番地１６,2019-12-17,株式会社
ガレージシックス株式会社,千葉県市川市宮久保５丁目２番２０号,2019-12-17,株式会社
キングパンダ合同会社,大阪府豊中市西泉丘２丁目２４６９番地（１０１号）,2019-12-17,合同会社
クリーンガイア株式会社,三重県四日市市高花平３丁目１番地５３,2019-12-17,株式会社
グローバルイノベーション協同組合,埼玉県所沢市和ケ原１丁目１５９番地の１２,2019-12-17,その他の設立登記法人
ゲートウェイエクセナジー株式会社,東京都港区三田２丁目７番２３号デリス三田１階,2019-12-17,株式会社
コアロボ合同会社,京都府相楽郡精華町光台２丁目２番地２,2019-12-17,合同会社
コスモ協同組合,福岡県福岡市博多区下呉服町２番２－１００１号,2019-12-17,その他の設立登記法人
ザ・ナミエテラス株式会社,福島県南相馬市原町区栄町１丁目４２番地,2019-12-17,株式会社
シザースタンド合同会社,東京都板橋区大谷口北町３２番１号,2019-12-17,合同会社
スタトバ株式会社,鹿児島県鹿児島市吉野町８９３０番地６,2019-12-17,株式会社
スターク・コンサルティング株式会社,東京都目黒区碑文谷２丁目９番１５－５０５号,2019-12-17,株式会社
スターワイン株式会社,東京都足立区保木間１丁目５番１２号,2019-12-17,株式会社
スピードバード・スタジオ合同会社,神奈川県横浜市南区永田北１丁目２７番２６号,2019-12-17,合同会社
スリーエス株式会社,埼玉県志木市本町６丁目２０番１６号,2019-12-17,株式会社
センティア都市開発株式会社,愛媛県松山市松末２丁目１５番７号,2019-12-17,株式会社
タタルスタン共和国エクスポートコーポレーション,東京都港区赤坂１丁目１４番１５号第３５興和ビル別館４Ｆ,2019-12-17,外国会社等
ダルマオイル株式会社,愛知県名古屋市名東区一社４丁目２３番地,2019-12-17,株式会社
ティーエムイー株式会社,大阪府八尾市南本町７丁目２番８号,2019-12-17,株式会社
ディスタンシティ合同会社,東京都中央区日本橋２丁目１番１７号丹生ビル２階,2019-12-17,合同会社
ディンイーインターナショナル株式会社,神奈川県横浜市鶴見区上の宮１丁目８番３７号,2019-12-17,株式会社
デル・テクノロジーズ株式会社,神奈川県川崎市幸区堀川町５８０番地ソリッドスクエアビル,2019-12-17,株式会社
トライクスジェイピー合同会社,神奈川県横浜市神奈川区菅田町８９７番地３,2019-12-17,合同会社
トラストリレーションズ株式会社,東京都渋谷区渋谷２丁目１１番５号クロスオフィス渋谷メディオ５Ｆ,2019-12-17,株式会社
トリ株式会社,東京都板橋区成増５丁目２３番８号,2019-12-17,株式会社
ネクスト合同会社,大阪府大阪市北区菅栄町２番３号,2019-12-17,合同会社
パノラマニセコ団地管理組合法人,北海道虻田郡倶知安町字山田５７番地５の１,2019-12-17,その他の設立登記法人
フィオレワールドワイド合同会社,岐阜県高山市奥飛騨温泉郷一重ヶ根２０２－２０３,2019-12-17,合同会社
フジカケプロパティサービス合同会社,千葉県船橋市印内１丁目７番２０号,2019-12-17,合同会社
フロアーテック株式会社,神奈川県川崎市宮前区野川本町２丁目２４番３５－２０２号ダイアパレスグランヒル宮前,2019-12-17,株式会社
ブルーバードテクノロジー株式会社,神奈川県厚木市旭町３丁目７番１０－２号,2019-12-17,株式会社
ホライズン７株式会社,東京都港区西新橋２丁目８番６号,2019-12-17,株式会社
ホライズン８株式会社,東京都港区西新橋２丁目８番６号,2019-12-17,株式会社
マクメール株式会社,東京都渋谷区元代々木町５２番１７号３Ｆ,2019-12-17,株式会社
ミライ協同組合,愛知県豊明市沓掛町金山５,2019-12-17,その他の設立登記法人
ライフル株式会社,愛知県名古屋市東区徳川１丁目１０１番地徳川マンション６０２号室,2019-12-17,株式会社
ルジック株式会社,東京都西東京市向台町２丁目６番６号フラットテン向台弐番館３０４,2019-12-17,株式会社
ルズ株式会社,神奈川県川崎市麻生区百合丘２丁目６番地１１号,2019-12-17,株式会社
レインボー第２知多長浦管理組合法人,愛知県知多市岡田字下中田５番地の１,2019-12-17,その他の設立登記法人
レノ株式会社,栃木県栃木市沼和田町４１番３４号,2019-12-17,株式会社
ワイホーム株式会社,愛知県江南市中奈良町熊野１２７番地,2019-12-17,株式会社
一番だし株式会社,埼玉県川越市大字笠幡２７３５番地８０,2019-12-17,株式会社
一般社団法人あ・ん,東京都中野区中央２丁目５８番２１―７１０号,2019-12-17,その他の設立登記法人
一般社団法人ひかりの子,千葉県松戸市新松戸４丁目２５６番地１,2019-12-17,その他の設立登記法人
一般社団法人ひとにやさしく,福井県福井市幾久町４番１１号グランメゾン老松２０５,2019-12-17,その他の設立登記法人
一般社団法人みらい,埼玉県本庄市小島６丁目６番１６号,2019-12-17,その他の設立登記法人
一般社団法人アクティブ・ブック・ダイアローグ協会,京都府京都市上京区挽木町５１８,2019-12-17,その他の設立登記法人
一般社団法人アサヌマ,北海道札幌市北区百合が原４丁目５番１８号,2019-12-17,その他の設立登記法人
一般社団法人アーモンド研究会,山形県天童市鎌田１丁目１番１１号,2019-12-17,その他の設立登記法人
一般社団法人オルスタ,東京都渋谷区恵比寿南２丁目３番３号,2019-12-17,その他の設立登記法人
一般社団法人ソーシャルメディアマネジメント協会,東京都豊島区巣鴨３丁目１７番２０号,2019-12-17,その他の設立登記法人
一般社団法人ハウス３４,東京都千代田区丸の内３丁目１番１号東京共同会計事務所内,2019-12-17,その他の設立登記法人
一般社団法人健美歯会,京都府京都市山科区椥辻草海道町７番地５,2019-12-17,その他の設立登記法人
一般社団法人免疫医学研究所,東京都千代田区丸の内２丁目２番１号岸本ビルヂング６０２室株式会社ＦＩＲＳＴＳＩＧＨＴ内,2019-12-17,その他の設立登記法人
一般社団法人地域エネルギー活用推進協議会,東京都千代田区神田神保町２丁目２０,2019-12-17,その他の設立登記法人
一般社団法人士希の会,東京都渋谷区東１丁目１番３７号大希青山ビル,2019-12-17,その他の設立登記法人
一般社団法人壱拾百千万の会,東京都八王子市狭間町１９９４番地２３２,2019-12-17,その他の設立登記法人
一般社団法人日本ウォーキングインストラクター協会,神奈川県横浜市中区日本大通７日本大通７ビル４Ｆ,2019-12-17,その他の設立登記法人
一般社団法人日本国際文化芸術交流協会,奈良県大和郡山市代官町２番１３号,2019-12-17,その他の設立登記法人
一般社団法人日本施設管理運営協会,東京都千代田区神田小川町３丁目２番地１０三光ビル４Ｆ,2019-12-17,その他の設立登記法人
一般社団法人日本知的財産コンプライアンス協会,東京都中央区日本橋兜町１７番１号,2019-12-17,その他の設立登記法人
一般社団法人東海再チャレンジ支援機構,東京都新宿区白銀町２番１１号,2019-12-17,その他の設立登記法人
一般社団法人海のプラゴミゼロをめざす会,愛知県蒲郡市元町１２番２号桜ビル１Ｆ,2019-12-17,その他の設立登記法人
一般社団法人環太平洋教育医療事業振興協会,東京都中央区日本橋３丁目２番１４号新槇ビル別館第一１階,2019-12-17,その他の設立登記法人
一般社団法人鉄ミネラル,京都府京都市右京区西院西今田町１２番地１６,2019-12-17,その他の設立登記法人
一般社団法人Ａｓｉａｎ　Ｆｏｕｎｄａｔｉｏｎ　Ｃｏｎｓｏｒｔｉｕｍ　Ｊａｐａｎ,東京都目黒区自由が丘１丁目１８番６号,2019-12-17,その他の設立登記法人
一般社団法人ＪＡＰＡＮマーマレード協会,愛媛県八幡浜市松柏乙９９９番地,2019-12-17,その他の設立登記法人
一般財団法人大和屋,和歌山県有田郡有田川町大字清水２７９番地,2019-12-17,その他の設立登記法人
一般財団法人日本アニメ産業振興協会,東京都杉並区阿佐谷北３丁目４１－１３－２０２,2019-12-17,その他の設立登記法人
一般財団法人日本化粧療法医学会,静岡県静岡市葵区沓谷５丁目７番地の４,2019-12-17,その他の設立登記法人
七野株式会社,沖縄県宜野湾市大山６丁目８番１号エヌエイチオフィスビル３Ｆ夢空間Ｄ－０８室,2019-12-17,株式会社
三和一商事株式会社,東京都千代田区岩本町３丁目１１番８号イワモトチョービル２１０号,2019-12-17,株式会社
三田工業株式会社,兵庫県加古郡稲美町加古３１５３－６,2019-12-17,株式会社
三禾株式会社,東京都千代田区四番町４番地９新東京国際リーガル内,2019-12-17,株式会社
上和株式会社,東京都墨田区両国４丁目２１番４号８三和ビル,2019-12-17,株式会社
事業創生協同組合,福島県福島市渡利字中江町１０番地の１,2019-12-17,その他の設立登記法人
互誠機動株式会社,宮崎県児湯郡高鍋町大字持田５４６１番地１４,2019-12-17,株式会社
佳福株式会社,愛知県一宮市伝法寺６丁目１６番地８,2019-12-17,株式会社
健幸ビュッフェ合同会社,東京都港区北青山２丁目７－１３プラセオ青山ビル３Ｆ,2019-12-17,合同会社
共通物産株式会社,東京都荒川区東日暮里６丁目３９番１３号メゾンヴェルデ２０１号室,2019-12-17,株式会社
利尻ＩＢＬＰ合同会社,東京都港区西新橋１丁目２番９号ＥＰコンサルティングサービス内,2019-12-17,合同会社
創裕株式会社,東京都豊島区南大塚１丁目４９番４号,2019-12-17,株式会社
北海海産株式会社,北海道浦河郡浦河町大通５丁目９１番地の１,2019-12-17,株式会社
医療法人まつした耳鼻咽喉科クリニック,佐賀県佐賀市北川副町大字光法１４８４番地１,2019-12-17,その他の設立登記法人
医療法人光恵会,佐賀県佐賀市鍋島町大字森田６０５番地５,2019-12-17,その他の設立登記法人
医療法人勝浦クリニック,福岡県福津市勝浦３１５４番２,2019-12-17,その他の設立登記法人
医療法人周継会,佐賀県佐賀市駅前中央１丁目９番３８号,2019-12-17,その他の設立登記法人
医療法人増田会,福岡県糟屋郡志免町田富４丁目２番１号,2019-12-17,その他の設立登記法人
医療法人山喜,神奈川県大和市つきみ野５丁目９番地１３Ｓ．Ｋ．Ｙつきみ野１階,2019-12-17,その他の設立登記法人
医療法人志起会,神奈川県相模原市緑区橋本４丁目５番１２号,2019-12-17,その他の設立登記法人
医療法人社団健香会,埼玉県さいたま市大宮区堀の内町１丁目３３０番地１０１号室,2019-12-17,その他の設立登記法人
医療法人社団泰仙会,岡山県津山市高野本郷１２５７番地６,2019-12-17,その他の設立登記法人
医療法人社団至麗会,神奈川県川崎市幸区大宮町５番地太尾ビル４階,2019-12-17,その他の設立登記法人
千草物語株式会社,神奈川県横浜市中区山下町１６２番,2019-12-17,株式会社
友一株式会社,東京都台東区台東２丁目２７番３号,2019-12-17,株式会社
合同会社いろは,愛知県一宮市北今字苗代一ノ切６８番地２ビレッジハウス北今３棟２０７号,2019-12-17,合同会社
合同会社からまて,東京都品川区西五反田３丁目２－６－２０１,2019-12-17,合同会社
合同会社けんだま,沖縄県那覇市おもろまち４丁目１０番３４号,2019-12-17,合同会社
合同会社ひなたや,東京都国分寺市内藤２丁目６番地２９,2019-12-17,合同会社
合同会社まりも,北海道札幌市中央区南七条西１０丁目１０－２５ミズノハイツ１０１号,2019-12-17,合同会社
合同会社りんく,熊本県宇城市小川町河江１９２番地３,2019-12-17,合同会社
合同会社アトリエ望月,東京都中央区銀座５丁目６番１２号ｂｉｚｃｕｂｕ,2019-12-17,合同会社
合同会社ウッドベル,大阪府大阪市城東区東中浜１丁目１２番２号,2019-12-17,合同会社
合同会社エフエム,大分県大分市大字田尻１０４５番地の４２,2019-12-17,合同会社
合同会社エレファント,奈良県奈良市大森町２７７－１－１０２号,2019-12-17,合同会社
合同会社オコミンコ,神奈川県横浜市青葉区美しが丘４丁目１７番地３０,2019-12-17,合同会社
合同会社オフィスポルカドッツ,大阪府大阪市北区梅田１丁目２番２－２００号大阪駅前第２ビル２階１の１の１,2019-12-17,合同会社
合同会社オープンリム,神奈川県横浜市旭区中希望が丘１３８番２号５０３,2019-12-17,合同会社
合同会社ジユ,東京都世田谷区玉川台２丁目３７番３号－２,2019-12-17,合同会社
合同会社スタンライズ,東京都杉並区高井戸東４丁目１１番２９号バーミープレイス高井戸１０５号,2019-12-17,合同会社
合同会社スモールステップ,愛知県海部郡蟹江町八幡１丁目６５番地１,2019-12-17,合同会社
合同会社ゼロポイントファイブ,東京都中央区銀座４丁目１３－８ＢＰＳ税理士法人内,2019-12-17,合同会社
合同会社タクト,愛媛県西宇和郡伊方町田部６３番地,2019-12-17,合同会社
合同会社タートルエステート,徳島県徳島市南出来島町１丁目３５番地グラン藍場浜５０２号室,2019-12-17,合同会社
合同会社テラテラ,埼玉県志木市下宗岡２丁目９番３３－２０２号,2019-12-17,合同会社
合同会社ニックス,愛媛県松山市三番町２丁目５番地１８三栄ビル１階,2019-12-17,合同会社
合同会社ネイチャーシーズンズ,静岡県静岡市駿河区西中原２丁目７番－６３－４０９号,2019-12-17,合同会社
合同会社ネクスト,千葉県千葉市中央区稲荷町１丁目１４番１号,2019-12-17,合同会社
合同会社ネクスト,京都府京都市上京区荒神口上がる三本木通西入る宮垣町９１－１０２,2019-12-17,合同会社
合同会社ネットサポート,大阪府大阪市北区西天満５丁目２番１４－２０２号,2019-12-17,合同会社
合同会社バリュー北海道,北海道江別市文京台東町３５番地１４,2019-12-17,合同会社
合同会社プレイワン,東京都板橋区南常盤台１丁目１１－６レフア南常盤台１０１号室,2019-12-17,合同会社
合同会社ベストプレパレーション,東京都港区南青山２丁目２番１５号,2019-12-17,合同会社
合同会社ポルテロ,長野県中野市大字草間１０４８番地８,2019-12-17,合同会社
合同会社マッチングイート,埼玉県八潮市大字大瀬１００番地３グレイスコート２０６号室,2019-12-17,合同会社
合同会社ミッドワイフホームサービス,岡山県和気郡和気町大中山７０８番地１,2019-12-17,合同会社
合同会社ミント,山梨県甲斐市西八幡１４７９番地、市営南団地３号棟２０１号室,2019-12-17,合同会社
合同会社ミーシャ,大阪府茨木市安威２丁目３８－１０ＯＭレジデンス茨木追手門前３１０号,2019-12-17,合同会社
合同会社ユーラボ,東京都千代田区外神田４丁目１２番１１号ブリリア秋葉原１１０３,2019-12-17,合同会社
合同会社ラッキーリーフ,栃木県大田原市本町１丁目２７０１番地２８２,2019-12-17,合同会社
合同会社リパッション,神奈川県横浜市中区桜木町１丁目１０１の１クロスゲート７階,2019-12-17,合同会社
合同会社ルナ,千葉県市川市原木３丁目２番１６号,2019-12-17,合同会社
合同会社五合,北海道札幌市中央区宮の森四条１１丁目１１番２２号,2019-12-17,合同会社
合同会社仁聯,京都府京都市下京区西七条東石ケ坪町２４,2019-12-17,合同会社
合同会社勇愛フーズ,大阪府大阪市東住吉区山坂１丁目１２番２０号,2019-12-17,合同会社
合同会社和幸,香川県丸亀市垂水町２８６２番地１１,2019-12-17,合同会社
合同会社地域経営コンサルティング,奈良県奈良市富雄北２丁目７番１２号,2019-12-17,合同会社
合同会社安,埼玉県さいたま市中央区本町西５丁目２番３－１０６シティコート,2019-12-17,合同会社
合同会社日向ソーシャルサービス,大阪府大阪市生野区生野東１丁目４番１６号,2019-12-17,合同会社
合同会社東宮建設,群馬県みどり市大間々町桐原７９８番地１,2019-12-17,合同会社
合同会社毎日堂,東京都港区浜松町２丁目２番１５号浜松町ダイヤビル２Ｆ,2019-12-17,合同会社
合同会社町田企画,東京都町田市原町田２丁目２番１号ライオンズマンション町田第六４０１,2019-12-17,合同会社
合同会社神田不動産開発,長野県長野市中越２丁目４０番１５号,2019-12-17,合同会社
合同会社秘密基地,東京都新宿区西新宿７丁目１８番１５号,2019-12-17,合同会社
合同会社空,岐阜県本巣市十四条５９３番地１,2019-12-17,合同会社
合同会社西山電設,兵庫県丹波市春日町柚津１００９番地,2019-12-17,合同会社
合同会社野口管工,茨城県北茨城市磯原町磯原９４番地,2019-12-17,合同会社
合同会社鈴蘭,神奈川県座間市相模が丘１丁目２９番１０号,2019-12-17,合同会社
合同会社麺屋嘉藤,埼玉県狭山市大字南入曽１００９番地３,2019-12-17,合同会社
合同会社ＡＤＹ,大阪府柏原市大県２丁目３番２号,2019-12-17,合同会社
合同会社ＡＴＳ,宮崎県宮崎市吉村町引土甲５４５番地３,2019-12-17,合同会社
合同会社ＣＲＯＳＳ　ＪＡＰＡＮ,岡山県岡山市北区青江４丁目３番２３号ＡコートヴィレッジⅡ－２０１号,2019-12-17,合同会社
合同会社Ｃｈｅｚ　Ｍｏｉ,福島県いわき市平下神谷字仲田１１７番地の３,2019-12-17,合同会社
合同会社ＣｌｅＣｌｅ,愛知県名古屋市緑区鳴海町字赤塚１４６番地の１,2019-12-17,合同会社
合同会社ＥＸＣＥＬＬＥＮＴ,石川県野々市市住吉町３番３１号,2019-12-17,合同会社
合同会社Ｅｎｅｓｓａｎｃｅ,群馬県伊勢崎市市場町１丁目３０１番地１４,2019-12-17,合同会社
合同会社Ｆａｂｅｅ,石川県河北郡内灘町字室ロ７８番地,2019-12-17,合同会社
合同会社Ｇｉｖｅｎ,神奈川県川崎市多摩区登戸２７５９番地アルベール向ケ丘５０３,2019-12-17,合同会社
合同会社Ｇｒｉｄ　Ｇａｔｅ,北海道札幌市東区東苗穂九条３丁目１６－３,2019-12-17,合同会社
合同会社Ｉｎｆｉｎｉｔｙ,愛知県日進市岩崎町四ツ池１３２番地１,2019-12-17,合同会社
合同会社Ｉｖｙ　Ｇａｒｄｅｎ,兵庫県丹波市春日町国領１１６５番地１,2019-12-17,合同会社
合同会社ＪＲＥＡＳＴファンド第１号,東京都中央区日本橋１丁目４番１号日本橋一丁目ビルディング,2019-12-17,合同会社
合同会社Ｋ’ｓ　Ｈｅａｒｔ,福岡県福岡市南区大橋４丁目２４番４４－４０７号,2019-12-17,合同会社
合同会社ＫＭＧ,東京都千代田区九段北１丁目９番１４号九段リハイム３０１号室,2019-12-17,合同会社
合同会社ＫＮＫトラベルジャパン,東京都中央区晴海５丁目１番１７－１３１０号,2019-12-17,合同会社
合同会社ＬＩＭ,埼玉県狭山市大字南入曽２３７番地の２７,2019-12-17,合同会社
合同会社Ｌａｔｏｕｒ,滋賀県大津市今堅田２丁目１０番２号Ｂ－１０１,2019-12-17,合同会社
合同会社Ｍ’ｚＯｃｅａｎ,沖縄県名護市宇茂佐の森１丁目１番１１号レジデンス宇茂佐４０３,2019-12-17,合同会社
合同会社ＭＫ,東京都武蔵野市中町３丁目８番１－４２６号,2019-12-17,合同会社
合同会社ＭＳＲ,大阪府茨木市真砂玉島台６番７号,2019-12-17,合同会社
合同会社ＮＵＬＬ,東京都目黒区原町１丁目２－１６,2019-12-17,合同会社
合同会社Ｎｅｓｔａｔｅ,東京都豊島区池袋３丁目３番３号ダイレクトタワー池袋要町８０３,2019-12-17,合同会社
合同会社ＯＫＫ,神奈川県横浜市磯子区磯子６丁目６番３９号,2019-12-17,合同会社
合同会社ＰＹＧ,東京都千代田区九段北１丁目９番１４号九段リハイム３０１号室,2019-12-17,合同会社
合同会社ＳＴＲ,沖縄県中頭郡北中城村字島袋３１６番地コーポラスライカム３０２号室,2019-12-17,合同会社
合同会社ＳＵＮＲＩＳＥ,千葉県千葉市中央区松波４丁目２０番１３号,2019-12-17,合同会社
合同会社Ｓｉｎ,東京都北区赤羽西４丁目３１番１１号ダイアパレス赤羽２０１号,2019-12-17,合同会社
合同会社ＴＳＵＢＡＳＡ,新潟県新潟市中央区古町通８番町１５０８番地永喜多ビル４０２,2019-12-17,合同会社
合同会社Ｔａｎｇｅｒｉｎｅ,東京都足立区柳原２丁目２９番１３号クレール北千住２０２,2019-12-17,合同会社
合同会社Ｖｉ　Ｉｒｏ,長野県東筑摩郡山形村５４０５番地１６,2019-12-17,合同会社
合同会社ＸＲＰ,東京都千代田区九段北１丁目９番１４号九段リハイム３０１号室,2019-12-17,合同会社
合同会社ｉｌ　ｓｏｌｅ,東京都杉並区南荻窪１丁目２７番１３号ハイツオネスト２０２,2019-12-17,合同会社
和歌山医療介護事業協同組合,和歌山県和歌山市南片原２丁目１２番地,2019-12-17,その他の設立登記法人
和育株式会社,神奈川県横浜市戸塚区汲沢３丁目９番１２－３号,2019-12-17,株式会社
品謙食品株式会社,大阪府大阪市都島区片町１丁目２番１５号,2019-12-17,株式会社
城東建設株式会社,東京都足立区中央本町３丁目４番６号,2019-12-17,株式会社
大室バイタル合同会社,静岡県伊東市富戸１３１７番地の１６６２,2019-12-17,合同会社
大河貿易株式会社,岡山県岡山市北区半田町４番５９－４号半田アパート１０２,2019-12-17,株式会社
太陽株式会社,大阪府大阪市中央区東心斎橋１丁目３番３－５０６号,2019-12-17,株式会社
子どもと扉株式会社,神奈川県高座郡寒川町岡田１丁目２番地８ウスイグリーンビル４０２号室,2019-12-17,株式会社
安江急配株式会社,愛知県岡崎市錦町４番地１２,2019-12-17,株式会社
川上エンジニアリング株式会社,大阪府大阪狭山市西山台３丁目７番１０号,2019-12-17,株式会社
弁護士法人マエストロ,東京都千代田区神田須田町１丁目１０番地４２,2019-12-17,その他の設立登記法人
弁護士法人石巻向陽法律事務所,宮城県石巻市向陽町２丁目２０番２５号,2019-12-17,その他の設立登記法人
恵香合同会社,大阪府阪南市和泉鳥取９９４番地の７,2019-12-17,合同会社
担担合同会社,京都府京都市中京区壬生東大竹町２０番地の３,2019-12-17,合同会社
新潟ダバオ人材交流協同組合,新潟県村上市山居町２丁目５番４４号,2019-12-17,その他の設立登記法人
新秀合同会社,東京都練馬区旭丘１丁目５７番１４号ルミエール榎本１階,2019-12-17,合同会社
新造株式会社,東京都世田谷区中町３丁目１２番１４号,2019-12-17,株式会社
日本毛紡株式会社,大阪府大阪市住之江区南港北２丁目１番１０号,2019-12-17,株式会社
景成貿易株式会社,大阪府寝屋川市石津東町２番１９号,2019-12-17,株式会社
智財地所株式会社,滋賀県米原市顔戸１４２３番地１１,2019-12-17,株式会社
東京ニーズネットワーク株式会社,東京都足立区一ツ家２丁目３番１０－４０８号,2019-12-17,株式会社
栄クレーン合同会社,熊本県上益城郡嘉島町大字上六嘉１００１番地２,2019-12-17,合同会社
株式会社あきるの動物病院,東京都あきる野市秋川６丁目５－１３,2019-12-17,株式会社
株式会社あーく,岡山県倉敷市真備町辻田８７４番地１６,2019-12-17,株式会社
株式会社いちせき建装,栃木県鹿沼市御成橋町１丁目２４１８番地６,2019-12-17,株式会社
株式会社おとしなもの,東京都中央区銀座７丁目１３番６号サガミビル２階,2019-12-17,株式会社
株式会社かわむら食品,東京都墨田区東向島６丁目２番３号,2019-12-17,株式会社
株式会社きてん企画室,千葉県千葉市花見川区南花園１丁目１２番５号,2019-12-17,株式会社
株式会社ことはリアルエステート,東京都渋谷区宇田川町１０番３号,2019-12-17,株式会社
株式会社こばと,山形県天童市長岡北４丁目６番８号,2019-12-17,株式会社
株式会社しあわせ計画,兵庫県明石市西明石北町２丁目３番１号,2019-12-17,株式会社
株式会社それいゆ,兵庫県神戸市北区北五葉１丁目３番５号,2019-12-17,株式会社
株式会社はたらくルール,東京都中央区東日本橋３丁目１２番７号,2019-12-17,株式会社
株式会社はまだしょうじ,鳥取県米子市皆生温泉３丁目１７番７号,2019-12-17,株式会社
株式会社ひかりホールディングス,沖縄県那覇市天久２丁目１０番１０号,2019-12-17,株式会社
株式会社ひだまり,神奈川県川崎市川崎区京町１丁目１２番６－３１２号,2019-12-17,株式会社
株式会社ほけんの川村,大阪府大阪市此花区梅香１丁目１９番９号セビーヌ千鳥橋４０２号,2019-12-17,株式会社
株式会社みのじ,愛知県春日井市藤山台１０丁目９番地１,2019-12-17,株式会社
株式会社みやこ運輸産業,宮城県岩沼市藤浪１丁目９番１６号,2019-12-17,株式会社
株式会社アイアンスポーツ,埼玉県川口市川口３丁目２番７－８０６号,2019-12-17,株式会社
株式会社アイビス,神奈川県横浜市旭区笹野台１丁目１番３０号,2019-12-17,株式会社
株式会社アイルコア,神奈川県横浜市戸塚区平戸１丁目３番５号,2019-12-17,株式会社
株式会社アライヴ,鳥取県米子市淀江町今津１２４番地３,2019-12-17,株式会社
株式会社アワーフラッグ,東京都渋谷区桜丘町２２番１４号Ｎ．Ｅ．ＳビルＮ５Ｆ,2019-12-17,株式会社
株式会社アンドミライフ,大阪府岸和田市別所町２丁目１番１３号,2019-12-17,株式会社
株式会社アールアソシエ,東京都大田区北馬込１丁目１番１０号,2019-12-17,株式会社
株式会社イマジン,千葉県館山市船形１２７７番地の４２,2019-12-17,株式会社
株式会社インプロエビー,大阪府泉佐野市上瓦屋６６１番地の１第２リヒトビル３０１号室,2019-12-17,株式会社
株式会社ウィズ,神奈川県横浜市神奈川区斎藤分町６番３３号,2019-12-17,株式会社
株式会社ウィズアウト・ア・トレース,神奈川県横浜市金沢区六浦南４丁目１２番１－１０３号,2019-12-17,株式会社
株式会社エスポワール,東京都稲城市百村２３０番地の９,2019-12-17,株式会社
株式会社エトウ,愛知県豊橋市新栄町字牟呂下８番地（１）,2019-12-17,株式会社
株式会社エムロード・クリエーション,茨城県つくばみらい市伊奈東３７番地３,2019-12-17,株式会社
株式会社エル,福岡県福岡市南区曰佐２丁目６番１０－５０２号,2019-12-17,株式会社
株式会社オッターズ,東京都中央区銀座３丁目１１－１８眞帆ビル３階,2019-12-17,株式会社
株式会社ガイアテック,東京都渋谷区神宮前６丁目３４番３号,2019-12-17,株式会社
株式会社ガイソーホームテック,福島県西白河郡矢吹町鍋内２７番地８,2019-12-17,株式会社
株式会社ガレージラボ,神奈川県川崎市多摩区西生田３丁目１９番１９－６号,2019-12-17,株式会社
株式会社ギオン,宮崎県西臼杵郡高千穂町大字三田井７８９番地,2019-12-17,株式会社
株式会社クライム,北海道札幌市中央区北三条西２８丁目２番１号サンビル,2019-12-17,株式会社
株式会社クラベスト不動産,京都府京都市中京区壬生西土居ノ内町２０番地３シティハウス彩２階,2019-12-17,株式会社
株式会社クレシア,東京都足立区千住河原町７番１５号,2019-12-17,株式会社
株式会社グランカンパニー,東京都荒川区南千住７丁目１番１－１３０３号ブランズタワー南千住,2019-12-17,株式会社
株式会社グレース,京都府木津川市山城町上狛巽町１８番地,2019-12-17,株式会社
株式会社グローバルジャパン,埼玉県さいたま市南区文蔵１丁目５番５号,2019-12-17,株式会社
株式会社ケアリンクス,北海道恵庭市恵央町５－２８,2019-12-17,株式会社
株式会社ケリー,京都府京都市右京区梅津大縄場町２１番２０号山栄ビル１Ｆ,2019-12-17,株式会社
株式会社コゾノ企画,大阪府枚方市田口４丁目２３番２号,2019-12-17,株式会社
株式会社サムライソウル,千葉県千葉市花見川区幕張町５丁目４１７番地１８,2019-12-17,株式会社
株式会社シェップ,東京都世田谷区若林１丁目８番２８号,2019-12-17,株式会社
株式会社シンフォニア,神奈川県藤沢市善行坂１丁目２１番３７号,2019-12-17,株式会社
株式会社シーカーズ,岡山県岡山市北区門前３８６番地２,2019-12-17,株式会社
株式会社ジェイエナジー,石川県金沢市寺町２丁目１番１号,2019-12-17,株式会社
株式会社ジェントルマネジメント,京都府京都市上京区荒神口上がる東入る宮垣町９１,2019-12-17,株式会社
株式会社ジャパンカーエクスポート,愛知県高浜市田戸町４丁目２－２,2019-12-17,株式会社
株式会社ジンジ１３,東京都港区高輪２丁目１９番１７号,2019-12-17,株式会社
株式会社ジーエスアイ,東京都新宿区西新宿７丁目２０番２号,2019-12-17,株式会社
株式会社セブンワークス,愛知県津島市神尾町字江西４７番地２,2019-12-17,株式会社
株式会社ソト,東京都世田谷区代田３丁目４１番８号代田ウェスト５０８,2019-12-17,株式会社
株式会社タカオ,福岡県福岡市早良区田隈１丁目２番１７号,2019-12-17,株式会社
株式会社タカラモノ動物園,兵庫県丹波篠山市黒田８４４番地３,2019-12-17,株式会社
株式会社チアスタ,東京都豊島区東池袋１丁目３４－５いちご東池袋ビル６Ｆ,2019-12-17,株式会社
株式会社チトセア投資,東京都中央区八丁堀２丁目１０番９号,2019-12-17,株式会社
株式会社チャンドラ,京都府京都市右京区山ノ内北ノ口町１９番地１,2019-12-17,株式会社
株式会社ティ・アイ総合企画,群馬県前橋市上大屋町３６５番地６２,2019-12-17,株式会社
株式会社ティーエス,北海道札幌市中央区南二条西７丁目１番地５　２・７ビル２階,2019-12-17,株式会社
株式会社テイサンホールディングス華,京都府京都市中京区壬生仙念町２６－３７ウエストプラザ三越１階,2019-12-17,株式会社
株式会社テクノマンパワーサービス,東京都台東区上野３丁目１２番５号,2019-12-17,株式会社
株式会社ディーコネクト,東京都台東区駒形２丁目７番４号駒形ビル,2019-12-17,株式会社
株式会社デザインワイ,神奈川県川崎市高津区諏訪１丁目３番３号,2019-12-17,株式会社
株式会社トータルアカウンティングサポート,東京都練馬区豊玉北５丁目２９番４号井門練馬ビル６階税理士法人経営サポートプラスアルファ内,2019-12-17,株式会社
株式会社ハウスライン,大阪府大阪市東成区大今里西１丁目１８番５号,2019-12-17,株式会社
株式会社ハウセットホテルマネジメント,東京都墨田区業平４丁目９番３号,2019-12-17,株式会社
株式会社ハギナカ,東京都大田区萩中３丁目１８番１１号,2019-12-17,株式会社
株式会社バイオインフォテック,東京都港区六本木２丁目２番６号福吉町ビル６階,2019-12-17,株式会社
株式会社パスタイム,東京都江東区豊洲４丁目１１番３５－４０１号,2019-12-17,株式会社
株式会社パートナー,東京都台東区上野６丁目１番６号御徒町グリーンハイツ,2019-12-17,株式会社
株式会社ビゴリザパートナーズ,東京都千代田区丸の内３丁目２番２号丸の内二重橋ビル,2019-12-17,株式会社
株式会社ビスポークス,東京都世田谷区南烏山１丁目１番２１号,2019-12-17,株式会社
株式会社ビットアルゴテクノロジー,東京都中央区日本橋茅場町２丁目１番１１号ビルックス茅場町４階,2019-12-17,株式会社
株式会社ファイナルエステート,大阪府大阪市都島区善源寺町１丁目５番４５号,2019-12-17,株式会社
株式会社ファイブスター,神奈川県横浜市泉区和泉町５４６８番地,2019-12-17,株式会社
株式会社フォローアップ,愛知県名古屋市昭和区菊園町２丁目８番地菊園ガーデン１０２号,2019-12-17,株式会社
株式会社フジヤマダイナー,和歌山県和歌山市府中９８１番地８,2019-12-17,株式会社
株式会社フラワーみやび,沖縄県島尻郡与那原町字東浜９３番地２,2019-12-17,株式会社
株式会社フレックスＳＫＧ,長野県下伊那郡松川町上片桐１４番地１０,2019-12-17,株式会社
株式会社フローシステム,大阪府摂津市鳥飼中１丁目４番８号,2019-12-17,株式会社
株式会社ブリス,京都府京都市中京区三条通烏丸東入梅忠町２０－１－１００２,2019-12-17,株式会社
株式会社プティガーデン,大阪府大阪市西区北堀江１丁目６番３号１１０１号室,2019-12-17,株式会社
株式会社プライムジャパン,東京都葛飾区西水元６丁目４番８号,2019-12-17,株式会社
株式会社プラスワン,大阪府大阪市中央区農人橋１丁目４番３１号ＡＸＩＳ谷町ビル１０階,2019-12-17,株式会社
株式会社ベーシック,大阪府大阪市都島区友渕町１丁目５番４－１３０７号,2019-12-17,株式会社
株式会社マリアシャリテ,埼玉県大里郡寄居町大字末野８１６番地１,2019-12-17,株式会社
株式会社ムラタくぬぎだ北薬局,東京都八王子市みなみ野５丁目１番４号,2019-12-17,株式会社
株式会社メディカルゼロ,東京都品川区北品川５丁目８番２６号－８０１号,2019-12-17,株式会社
株式会社メリット,東京都台東区台東１丁目１３番６号,2019-12-17,株式会社
株式会社モレス・リアルティ大阪,大阪府吹田市豊津町１１番３４号,2019-12-17,株式会社
株式会社ヤマグチ産業,兵庫県三田市四ツ辻１０８２番地,2019-12-17,株式会社
株式会社ライフクリエイト,東京都調布市仙川町１丁目２７番４０号グレースサクシード１階,2019-12-17,株式会社
株式会社レクト,岐阜県可児市長坂１丁目１７２番地,2019-12-17,株式会社
株式会社レモンリーフ,京都府京都市伏見区横大路下三栖梶原町６５番地,2019-12-17,株式会社
株式会社ロゼッタ,東京都渋谷区代々木２丁目３９番２－８０１号ＭＯＤＩＥＲ・ＹＯＹＯＧＩ,2019-12-17,株式会社
株式会社ロメリ,大阪府大阪市中央区久太郎町２丁目４番１６号７０４,2019-12-17,株式会社
株式会社ワイエステック,岐阜県関市池尻２４５番地,2019-12-17,株式会社
株式会社ワイズカンパニィ,東京都目黒区自由が丘１丁目２１番４号,2019-12-17,株式会社
株式会社ワイ・ワイ・エフ,東京都世田谷区用賀４丁目１０番１号,2019-12-17,株式会社
株式会社ワンタイム,東京都渋谷区本町６丁目３番６号,2019-12-17,株式会社
株式会社ワンダーランド,大阪府大阪市鶴見区鶴見１丁目６番６－５７号,2019-12-17,株式会社
株式会社一成,兵庫県姫路市山吹２丁目１２番５号,2019-12-17,株式会社
株式会社一隅,埼玉県春日部市赤沼７０８番地４,2019-12-17,株式会社
株式会社三木ハウス,栃木県宇都宮市花房本町３番９号,2019-12-17,株式会社
株式会社中山組,愛知県愛西市大野町山１３７番地,2019-12-17,株式会社
株式会社五福,神奈川県横浜市中区野毛町２丁目７７番１号,2019-12-17,株式会社
株式会社今井鉄筋工業,熊本県熊本市北区八景水谷２丁目５番５号,2019-12-17,株式会社
株式会社住宅環境サービス,栃木県小山市大字出井１８８７番地３,2019-12-17,株式会社
株式会社保守工房,大分県日田市大字石井４７１番地１,2019-12-17,株式会社
株式会社勇心,大分県大分市庄境１番４４号（シークハイツ４０２）,2019-12-17,株式会社
株式会社匠,山口県岩国市麻里布町３丁目１８番６号,2019-12-17,株式会社
株式会社医王堂,北海道札幌市中央区北八条西１６丁目２８番１２４号,2019-12-17,株式会社
株式会社千代田ホールディングス,茨城県かすみがうら市横堀２８７番地,2019-12-17,株式会社
株式会社坂下園,熊本県宇城市不知火町亀松５１８番地１,2019-12-17,株式会社
株式会社天照,大阪府摂津市南千里丘２番５－６０７号,2019-12-17,株式会社
株式会社小春日和,北海道札幌市清田区北野七条４丁目１１番２２号,2019-12-17,株式会社
株式会社山口ビル,長崎県佐世保市大和町３２０番地,2019-12-17,株式会社
株式会社山田建築,岐阜県各務原市鵜沼各務原町２丁目７７番地１０,2019-12-17,株式会社
株式会社川戸自工,京都府京丹後市丹後町間人３６０番地の１,2019-12-17,株式会社
株式会社幸せのトビラＫＩ・ＫＯ・ＲＩ,静岡県焼津市三右衛門新田６１３番地,2019-12-17,株式会社
株式会社幸永,北海道千歳市若草４丁目１番地の１,2019-12-17,株式会社
株式会社弘工業,埼玉県桶川市大字下日出谷５９４番地の３,2019-12-17,株式会社
株式会社心高興業,岐阜県岐阜市諏訪山２丁目２２番９号,2019-12-17,株式会社
株式会社戦,北海道札幌市中央区南一条西１８丁目１番地２南１西１８ビル３０１号,2019-12-17,株式会社
株式会社新晴,福岡県糟屋郡須惠町大字旅石４１６番地３,2019-12-17,株式会社
株式会社日本高分子材料研究所,東京都中央区湊３丁目１３番１０号,2019-12-17,株式会社
株式会社昭栄堂,東京都昭島市中神町１１７４番地１５,2019-12-17,株式会社
株式会社東邦地形社埼玉,埼玉県さいたま市南区白幡６丁目８番２５号,2019-12-17,株式会社
株式会社東部通商,群馬県前橋市市之関町８９１－３,2019-12-17,株式会社
株式会社桜設備,埼玉県さいたま市桜区南元宿２丁目１１番２－２号,2019-12-17,株式会社
株式会社楽,埼玉県川越市豊田町１丁目３番地６,2019-12-17,株式会社
株式会社楽白,群馬県高崎市下佐野町６３８番地１３,2019-12-17,株式会社
株式会社武優,東京都葛飾区立石５丁目１８番２－４０２号,2019-12-17,株式会社
株式会社池清組,和歌山県和歌山市野崎５０－１０,2019-12-17,株式会社
株式会社海藻美健研究所,兵庫県三田市横山町１７番６１－７号,2019-12-17,株式会社
株式会社清原事務所,東京都千代田区平河町１丁目３番２号,2019-12-17,株式会社
株式会社矢ヶ﨑,新潟県新潟市中央区日の出２丁目７番５号,2019-12-17,株式会社
株式会社福家,鹿児島県鹿児島市南郡元町１４番１５号,2019-12-17,株式会社
株式会社福禄寿,大阪府吹田市南吹田５丁目１５番３号ゾフィー江坂７０２,2019-12-17,株式会社
株式会社福隆,福島県双葉郡楢葉町大字井出字木屋６０番地３サンライズマンションＡ２０２,2019-12-17,株式会社
株式会社秀林,宮城県加美郡色麻町四竃字東原３番地２,2019-12-17,株式会社
株式会社良和,岐阜県岐阜市梅林西町１２番地３メゾン良和２０１号,2019-12-17,株式会社
株式会社観山,大阪府大阪市中央区農人橋２丁目４番１号,2019-12-17,株式会社
株式会社軽井沢リゾート研究社,長野県北佐久郡軽井沢町大字軽井沢１０１６－７６０,2019-12-17,株式会社
株式会社辻之上,神奈川県横浜市栄区本郷台４丁目１０番１５号,2019-12-17,株式会社
株式会社遇見,京都府京都市右京区山ノ内北ノ口町１９番地１,2019-12-17,株式会社
株式会社阿部珈琲堂,群馬県伊勢崎市東小保方町３９３１番地３,2019-12-17,株式会社
株式会社高松工務店,福島県耶麻郡西会津町野沢字古町甲１０７９番地２,2019-12-17,株式会社
株式会社黒川智之建築設計事務所,東京都渋谷区宇田川町１２番３－１１０６号,2019-12-17,株式会社
株式会社龍山鳳,茨城県桜川市真壁町原方１２０－１番地,2019-12-17,株式会社
株式会社１Ｌｉｆｅ　Ｐｒｏｊｅｃｔ,兵庫県西宮市若草町２丁目１４－２５グランメゾン若草１Ｆ,2019-12-17,株式会社
株式会社２５訪問看護ステーション,福岡県福岡市南区曰佐１丁目２５番３９号,2019-12-17,株式会社
株式会社９Ｚ,大阪府大東市諸福８丁目１番１６－３１３号,2019-12-17,株式会社
株式会社Ａ．Ｏ,埼玉県鶴ヶ島市大字五味ヶ谷１０２番地１４,2019-12-17,株式会社
株式会社ＡＩＲ　ＦＬＥＸ,佐賀県佐賀市川副町大字鹿江１１０９番地３３,2019-12-17,株式会社
株式会社ＡＯＧ,北海道札幌市手稲区富丘二条６丁目４番１８号,2019-12-17,株式会社
株式会社ＡＰ　ＶＩ　ＧＰ,東京都港区虎ノ門４丁目１番２８号虎ノ門タワーズオフィス１７階,2019-12-17,株式会社
株式会社ＡＰＩＳＴ,北海道札幌市東区北四十一条東７丁目１番３号第２シンエービル１階,2019-12-17,株式会社
株式会社ＡＲＳ　ＩＮＤＵＳＴＲＩＥＳ,大阪府岸和田市野田町２丁目１８番１８号大正第２ビル３Ｆ,2019-12-17,株式会社
株式会社ＡＲＴＫＲＡＦＴ,福島県郡山市田村町上行合字西川原３３番地３,2019-12-17,株式会社
株式会社ＡＴラピッド,東京都葛飾区新小岩１丁目２５番７号,2019-12-17,株式会社
株式会社Ａｊｏｉｎｔ,東京都目黒区青葉台３丁目１５番８号,2019-12-17,株式会社
株式会社Ａｎｙ　ｌａｎｄ,東京都葛飾区青戸５丁目１５番１２号,2019-12-17,株式会社
株式会社Ａｖａｎｔ　Ｇｌｏｂａｌ,東京都中野区野方１丁目３０番２１号１０１号室,2019-12-17,株式会社
株式会社ＢＡＮＳＥＴ,東京都羽村市神明台１丁目１８番地１０ウィスタリアビル１号,2019-12-17,株式会社
株式会社ＢＬＳ,岐阜県各務原市新鵜沼台６丁目１５番地,2019-12-17,株式会社
株式会社Ｂｌｕｅ　Ｓｔａｒ,埼玉県草加市北谷１丁目８番５－１０３号,2019-12-17,株式会社
株式会社ＣＬＯＵＤ９,長野県松本市元町１丁目５番８号,2019-12-17,株式会社
株式会社ＤＩＲＨＡＭＵ,東京都豊島区東池袋１丁目２８番１－９０７号,2019-12-17,株式会社
株式会社ＦＡＳＴ　ＬＡＮＥ,静岡県掛川市領家９８９番地の１,2019-12-17,株式会社
株式会社ＦＲＥＥＣＯ,東京都中央区銀座３丁目１１番３号,2019-12-17,株式会社
株式会社ＧＬＡＤ,東京都世田谷区粕谷４丁目１２番１４号,2019-12-17,株式会社
株式会社Ｇｏｏｄ　Ｆｅｅｌｉｎｇ,愛知県名古屋市西区菊井１丁目１４番１５号,2019-12-17,株式会社
株式会社ＨＨＨ,東京都渋谷区道玄坂１丁目１２番１号渋谷マークシティＷ２２階,2019-12-17,株式会社
株式会社ＨＩＧＧＳ　Ｌｉｎｋｓ,福岡県福岡市中央区薬院２丁目１３番３３号８Ｆ,2019-12-17,株式会社
株式会社ＨＫ,埼玉県さいたま市見沼区大字南中野８１４番１号サンヒルズ２０５号室,2019-12-17,株式会社
株式会社ＩＣＴ,東京都品川区北品川１丁目９番７号トップルーム品川１０１５号,2019-12-17,株式会社
株式会社Ｊ＆Ａソリューション,福岡県福岡市博多区吉塚８丁目６番１３－６０５号,2019-12-17,株式会社
株式会社ＪＢＸグループ,神奈川県横浜市鶴見区浜町１丁目２番地１号２０３号,2019-12-17,株式会社
株式会社ＪＥ　ＳＵＩＳ　ＨＥＵＲＥＵＳＥ,東京都港区北青山３丁目１２－７カプリース青山７０６,2019-12-17,株式会社
株式会社Ｋ,東京都江東区亀戸６丁目６１番４号興和第三ビル２階,2019-12-17,株式会社
株式会社Ｋ・Ｍコンサルティング,北海道札幌市南区澄川五条１１丁目６番５１号,2019-12-17,株式会社
株式会社Ｋ企画,千葉県八千代市大和田新田１０３５番地５グローリオ八千代緑が丘３０７号,2019-12-17,株式会社
株式会社Ｋ．Ｉテクノ,東京都東大和市清水３丁目７７２番地ロ号,2019-12-17,株式会社
株式会社ＫＯＵＳＥＩ,神奈川県横浜市西区浅間町３丁目１７６－７コスモ５－８０１,2019-12-17,株式会社
株式会社ＫＵＲＡ,大阪府大阪市東住吉区田辺５丁目１番１２号,2019-12-17,株式会社
株式会社ＫＹコンサルティング,東京都世田谷区太子堂３丁目３７番１号,2019-12-17,株式会社
株式会社ＫＺＥＥ　ＳＥＬＥＣＴ,愛知県豊田市野見山町２丁目７番地２,2019-12-17,株式会社
株式会社ＬＩＦＥ,沖縄県那覇市田原４丁目５番地１６,2019-12-17,株式会社
株式会社ＬＵＣＥ　ＢＥＡＵＴＹ,千葉県流山市向小金２丁目２３５番地の３ブライトステージ南柏１０６,2019-12-17,株式会社
株式会社Ｌｉｂｅｒｔｙ,東京都千代田区神田平河町１番地,2019-12-17,株式会社
株式会社Ｌｉｎｋｅｒ,大阪府大阪市天王寺区東高津町１１番７号,2019-12-17,株式会社
株式会社ＬｕＲａＬｕＲａ,神奈川県横浜市港北区師岡町１１８３番地７,2019-12-17,株式会社
株式会社ＭＡＲＳ,京都府福知山市字堀２６００番地の３３,2019-12-17,株式会社
株式会社ＭＡＳコンサルティング,東京都千代田区神田東松下町１９番地,2019-12-17,株式会社
株式会社ＭＥＡ,大阪府柏原市太平寺２丁目１９番３６号,2019-12-17,株式会社
株式会社ＭＨコンサルティング,東京都板橋区板橋３丁目５番１－１５０２号,2019-12-17,株式会社
株式会社ＭＫＲ　ＪＡＰＡＮ,東京都新宿区百人町２丁目２０－２２スカイコート１０８Ｃ,2019-12-17,株式会社
株式会社ＭＭＩホールディングス,福島県二本松市油井字福岡４２９番地,2019-12-17,株式会社
株式会社ＭＹＫ,大阪府泉佐野市日根野２２８７番地の６,2019-12-17,株式会社
株式会社ＭＹＳＫＥＴ,福島県郡山市字原中８番地の２９,2019-12-17,株式会社
株式会社Ｍｏｒｅｔｈａｎ,神奈川県横浜市南区永楽町２丁目２０番地５,2019-12-17,株式会社
株式会社ＮＤＣテクノロジー,東京都練馬区桜台５丁目２９番２２号,2019-12-17,株式会社
株式会社ＮＯＤ,東京都渋谷区幡ヶ谷３丁目３９番１２号渋谷ウェストビル１階,2019-12-17,株式会社
株式会社ＮｅＳ,埼玉県さいたま市見沼区大字中川６８９番地８,2019-12-17,株式会社
株式会社Ｎｅｖｅｒ　Ｓｔａｇｅ,北海道札幌市中央区南四条東２丁目１２番地１丸惣河関ビル４Ｆ,2019-12-17,株式会社
株式会社Ｎｅｗ　Ｓｕｐｐｏｒｔ,大阪府大阪市西区北堀江１丁目２番２７－５０２号,2019-12-17,株式会社
株式会社ＯＳＦ,熊本県宇城市不知火町永尾６１９番地１,2019-12-17,株式会社
株式会社Ｏｎ　Ｔｈｅ　Ｅａｒｔｈ,東京都世田谷区深沢８丁目３番７号,2019-12-17,株式会社
株式会社Ｏｎｅ　Ｔｅａｍ,東京都港区元赤坂１丁目１番５号富士陰ビルディング,2019-12-17,株式会社
株式会社ＯｎｌｙＡｃｔ,東京都福生市本町９番地レクセルマンション福生２０６号室,2019-12-17,株式会社
株式会社ＰＬＴ,東京都足立区梅田７丁目６番４－４０８号,2019-12-17,株式会社
株式会社ＰＮＦ,神奈川県横浜市泉区中田北２丁目２１番３０号,2019-12-17,株式会社
株式会社ＲＴＳ,東京都府中市西原町２丁目２２番地の７,2019-12-17,株式会社
株式会社ＲａｋｕｓａＲ,京都府京都市東山区福稲御所ノ内町３４番地１ハイム福稲Ｂ棟５２２,2019-12-17,株式会社
株式会社Ｒｅ　ｃａｃｃｈｉ,京都府京田辺市大住責谷１番地３グランデイジ６２３,2019-12-17,株式会社
株式会社Ｒｅｎａｔｕｓ,東京都江東区豊洲４丁目１１番３５－４０１号,2019-12-17,株式会社
株式会社Ｒｉｖｅｒ,大阪府大阪市北区堂山町１番５号,2019-12-17,株式会社
株式会社ＳＦＣ,大阪府豊中市庄内幸町３丁目１７番２号,2019-12-17,株式会社
株式会社ＳＨＡＲＫ,千葉県野田市新田戸１８３番地２,2019-12-17,株式会社
株式会社ＳＨＯＷ　ＯＮＥ,東京都豊島区池袋２丁目１７番８号,2019-12-17,株式会社
株式会社ＳＫ　Ｃｏｎｓｕｌｔｉｎｇ,大阪府大阪市生野区巽南１丁目１２－５．ＩＶＹ．ＦＬＡＴ２０６号室,2019-12-17,株式会社
株式会社Ｓａｋｕｒａ　Ｃｏｒｐｏｒａｔｉｏｎ,兵庫県神戸市西区北別府５丁目１５番地の１,2019-12-17,株式会社
株式会社Ｓｅａ－Ｓｏｎｓ,神奈川県横浜市中区元浜町４丁目３５番地馬車道ｙｔＢＡＹ９０８号室,2019-12-17,株式会社
株式会社ＳｈａｒｅＤＯ,東京都武蔵野市吉祥寺本町３丁目２１番８－３０５号ハウス吉祥寺Ｂ館,2019-12-17,株式会社
株式会社ＴＲ設備,岡山県総社市総社２丁目９番８号,2019-12-17,株式会社
株式会社ＴＲＹ　ＭＩＸ　ＰＡＲＡＤＩＳＥ,愛知県半田市州の崎町２番地の１４０,2019-12-17,株式会社
株式会社Ｔｈｅｒａｐｙ,東京都渋谷区渋谷３丁目６番２号,2019-12-17,株式会社
株式会社ＵＮｉＱＵＥ,東京都渋谷区渋谷３丁目２７番１１号祐真ビル本館９階,2019-12-17,株式会社
株式会社ＵＰＰＥＲ　ＲＩＬＹ　ＭＡＲＫＥＴ,大阪府東大阪市吉原１丁目１２番１２号,2019-12-17,株式会社
株式会社ＵＲＥＳＨＩ,静岡県浜松市中区早馬町２－８,2019-12-17,株式会社
株式会社ＵＴ　Ｗｏｒｋｓ,東京都千代田区神田佐久間町１丁目１６番大橋ビル５０３,2019-12-17,株式会社
株式会社Ｖａｅｌａ,沖縄県石垣市字登野城５１９番地,2019-12-17,株式会社
株式会社ＷＡＫＡ,福岡県福岡市南区老司４丁目２０番２８－２０２号,2019-12-17,株式会社
株式会社ＷＯＥＣＪａｐａｎ,東京都港区新橋２丁目４番５号不二ビルディング新橋７階,2019-12-17,株式会社
株式会社Ｙｏｌｉｓｏ,東京都品川区戸越５丁目４－３アズ品川ビル４階,2019-12-17,株式会社
株式会社ａｌｆｉｅ,東京都墨田区江東橋４丁目１３番６－１００３号メインステージ錦糸町Ⅶラピス,2019-12-17,株式会社
株式会社ｄａｃｓｆｉｒｍ,東京都千代田区九段南１丁目５－６りそな九段ビル５Ｆ,2019-12-17,株式会社
株式会社ｅｍｂｅｄｄｅｄ,東京都世田谷区玉川３丁目２０番１０号メリス玉川パートⅡ５０３,2019-12-17,株式会社
株式会社ｆｏｒｗａｒＤｅｓ１ｇｎ,東京都江戸川区東葛西５丁目１１－７－４０３,2019-12-17,株式会社
株式会社ｌｅａｎ　ａｎｄ　ｓｔａｂｌｅ,東京都新宿区市谷左内町３２番地市谷台グランドマンション６Ｅ,2019-12-17,株式会社
株式会社ｌｉｅｎ,東京都港区白金台５丁目２番５号トランドゥ００６,2019-12-17,株式会社
株式会社ｍａｒｉｎａ,神奈川県川崎市中原区上丸子山王町２丁目１０５１番地８,2019-12-17,株式会社
株式会社ｍｙｆａｃｉｌｉｔｙ,神奈川県川崎市高津区蟹ケ谷３１３番地８４,2019-12-17,株式会社
株式会社ｎａｎｏ　ｓｅｌｅｃｔｉｏｎ,福岡県福岡市博多区上川端町３番３－１－７Ｆ,2019-12-17,株式会社
株式会社ｎｅｘｕｓ,群馬県高崎市上並榎町５９５番地１５,2019-12-17,株式会社
株式会社ｏｆｆｉｃｅＳ,東京都渋谷区渋谷１丁目１－６エムエフ青山３０１,2019-12-17,株式会社
株式会社ｒｏｍｓ,新潟県三条市南四日町３丁目１１番１７号,2019-12-17,株式会社
株式会社ｓｔａｎｄ,大阪府大阪市平野区加美南１丁目８番３７－１０２号,2019-12-17,株式会社
株式会社ｕｎｃｏｍｍｏｎ,東京都渋谷区桜丘町２３番１７号シティーコート桜丘４０８,2019-12-17,株式会社
水都環境サービス株式会社,大阪府大阪市中央区伏見町４丁目４番９号淀屋橋東洋ビル３Ｆ,2019-12-17,株式会社
特定非営利活動法人レインボーチャイルズ,東京都港区南麻布１丁目５番８－２０２号,2019-12-17,その他の設立登記法人
特定非営利活動法人ワーカーズ・コレクティブびすけっと,神奈川県川崎市高津区溝口３丁目２２番４３号ハイツ大屋１０３号室,2019-12-17,その他の設立登記法人
特定非営利活動法人気象と心とからだ研究所,神奈川県横浜市中区扇町１丁目１－２５キンガビル,2019-12-17,その他の設立登記法人
特定非営利活動法人精神障がい者と歩む会,長野県飯田市中央通り４丁目９番地１,2019-12-17,その他の設立登記法人
特定非営利活動法人ＴｅｓｔｉＭｏｎｅ,和歌山県有田市宮崎町字西国尾１０５２番地１３,2019-12-17,その他の設立登記法人
病児保育コンサルティング株式会社,大分県大分市大手町３丁目２番１号,2019-12-17,株式会社
磯乃蔵本舗株式会社,長崎県長崎市昭和１丁目１番５号,2019-12-17,株式会社
礼文ホールディングス合同会社,東京都港区西新橋１丁目２番９号ＥＰコンサルティングサービス内,2019-12-17,合同会社
社会保険労務士法人横本事務所,愛媛県伊予郡松前町大字筒井１３５０番地６,2019-12-17,その他の設立登記法人
社会福祉法人愛育の杜,兵庫県尼崎市南塚口町２丁目１４番２０号,2019-12-17,その他の設立登記法人
絲巴屋株式会社,京都府京都市東山区八坂新地清本町３６２番地リバティビル３階,2019-12-17,株式会社
若葉レイサービス合同会社,神奈川県平塚市入野２５１番地の４,2019-12-17,合同会社
葵商事株式会社,兵庫県神戸市中央区楠町６丁目１２番９号葵ビル,2019-12-17,株式会社
角田商事株式会社,東京都港区赤坂２丁目１７番５０－２３０１号,2019-12-17,株式会社
誠建設株式会社,千葉県船橋市夏見町２丁目６４１番地６,2019-12-17,株式会社
辰三グローバル合同会社,東京都町田市南成瀬３丁目１５番地３ベルテＡ－２０３,2019-12-17,合同会社
農事組合法人なんぽう,岩手県奥州市胆沢小山字南大谷地２２０番地,2019-12-17,その他の設立登記法人
農事組合法人下小倉ファーム,兵庫県丹波市柏原町下小倉５２３番地,2019-12-17,その他の設立登記法人
錦陽株式会社,東京都荒川区町屋３丁目２３番１８号東和ビル５Ｂ,2019-12-17,株式会社
Ａ＆Ｊ　ＴＲＡＤＩＮＧ株式会社,大阪府枚方市楠葉面取町１丁目６番１８号,2019-12-17,株式会社
ＡＳＡ株式会社,東京都目黒区上目黒１丁目１６番８号,2019-12-17,株式会社
Ａｓｃｅｎｔ　Ｔｏｙａ合同会社,東京都目黒区青葉台２丁目３番２２号,2019-12-17,合同会社
ＡｔｏＺ合同会社,東京都中野区中央２丁目５８番２１－７１０号,2019-12-17,合同会社
ＢＡＲＡＫＡＮ合同会社,東京都渋谷区渋谷１丁目２０番１７－７１０号,2019-12-17,合同会社
ＢＵＴＴ　ＡＮＤ　ＣＯ合同会社,富山県富山市四方港町５９番地,2019-12-17,合同会社
Ｂａｓｅ　ｋ・ｔデヴェロップメント株式会社,神奈川県横浜市西区浅間町１丁目５番地１インテンション横浜１０２号,2019-12-17,株式会社
ＣＯＭＴＥＳＳＥ　Ｊａｐａｎ株式会社,東京都千代田区大手町１丁目７番２号東京サンケイビル２７階,2019-12-17,株式会社
ＣＹ　Ｗａｔｃｈ株式会社,東京都中野区中野５丁目５２番１５号中野ブロードウェイ１２４号室,2019-12-17,株式会社
ＤＲＭコンサルティング株式会社,茨城県稲敷郡美浦村大字受領１１４５番地１,2019-12-17,株式会社
ＦＲホールディングス株式会社,岩手県花巻市上小舟渡３３番地４,2019-12-17,株式会社
Ｆｏｒ－ＥＮ株式会社,茨城県神栖市柳川中央１丁目１番地１０,2019-12-17,株式会社
Ｇ．Ａ．Ｍ株式会社,広島県呉市吉浦東本町２丁目６番１５号,2019-12-17,株式会社
Ｇｒａｎｄｉｏｓｏ合同会社,東京都港区南青山２丁目２番１５号ウィン青山１２１４号,2019-12-17,合同会社
Ｇｒａｔｉｔｕｄｅ　Ｒｉｎｇ株式会社,東京都港区芝３丁目８番２号,2019-12-17,株式会社
ＨＤＯアリ富良野株式会社,北海道札幌市豊平区平岸二条１３丁目３番１４－６１２号,2019-12-17,株式会社
ＨＨＳＪ株式会社,東京都荒川区西日暮里５丁目３６番９号,2019-12-17,株式会社
ＨＳ産業株式会社,岡山県岡山市北区東古松３丁目４番７号パークサイドフジ１Ｆ,2019-12-17,株式会社
ＩＫＯＭＡホールディングス株式会社,岡山県津山市東一宮１８８番地の１１,2019-12-17,株式会社
ＩＬＴＡ合同会社,兵庫県神戸市中央区栄町通６丁目１番２７－９０２号,2019-12-17,合同会社
ＩＬＹ　ａｒｃｈｉｔｅｃｔｕｒｅ株式会社,東京都港区南青山４丁目２６番２２号ＲビルＢ１,2019-12-17,株式会社
ＩＬＹ　ａｒｔ　ｌａｂ株式会社,東京都港区南青山４丁目２６番２２号ＲビルＢ１,2019-12-17,株式会社
ＩＲＵＧ合同会社,大阪府大阪市西区京町堀１丁目３番１３号辰巳ビル５階,2019-12-17,合同会社
ＪＳＣテクノジャパン株式会社,東京都千代田区丸の内１丁目８番３号,2019-12-17,株式会社
Ｋガレージ合同会社,千葉県松戸市新作１１５７,2019-12-17,合同会社
Ｋ＆Ｍｏｍｅｎｔｕｍ株式会社,東京都品川区北品川４丁目８番３３号,2019-12-17,株式会社
Ｌ＆Ｂサポート株式会社,愛知県北名古屋市九之坪白山１１番地１,2019-12-17,株式会社
ＬＩＰＯＷＳＫＩ　ＣＯＮＳＵＬＴＩＮＧ合同会社,東京都江東区東雲１丁目９番１７－６０６号,2019-12-17,合同会社
ＬｉｋｅＹ’ｓ株式会社,京都府京都市下京区朱雀分木町４５番地２－５０５号,2019-12-17,株式会社
Ｌｉｎｔｅｃ　Ｄｅｓｉｇｎ合同会社,東京都新宿区大京町２２番地３ライフェール新宿御苑ノースサイド２０７,2019-12-17,合同会社
Ｍ＆Ｙ合同会社,東京都北区赤羽南２丁目６番４号,2019-12-17,合同会社
Ｍ－ａｒｔｓ　ｓｔｕｄｉｏ合同会社,東京都港区南青山２丁目２番１５号ＷｉｎＡｏｙａｍａＵＣＦ６Ｆ,2019-12-17,合同会社
ＭＴ企画株式会社,岐阜県中津川市瀬戸１６６６番地の５,2019-12-17,株式会社
Ｍａｋｅ　ａ　Ｌｉｆｅ合同会社,千葉県千葉市稲毛区宮野木町１４３７番地９号,2019-12-17,合同会社
Ｎ．Ｍエンタープライズ株式会社,神奈川県横浜市青葉区市ケ尾町１０５４番地森田屋ビル５０５,2019-12-17,株式会社
ＮＰＯ法人こどもとシニア応援隊,福岡県福岡市西区野方５丁目４２番７号,2019-12-17,その他の設立登記法人
Ｐ＆ＵＤ　Ｃｏｍｐａｎｙ株式会社,北海道札幌市中央区南五条西３丁目１１番地五条ビルＢ１階,2019-12-17,株式会社
Ｐｈｒａｓｅ株式会社,東京都町田市森野１丁目３２番１０号,2019-12-17,株式会社
ＲＫ合同会社,長野県北佐久郡軽井沢町大字発地８４９－７,2019-12-17,合同会社
ＳＡＮ合同会社,東京都港区南青山４丁目１番６号,2019-12-17,合同会社
ＳＤインターナショナル合同会社,神奈川県横浜市港北区新横浜２丁目３番３新横浜ウエストビル５０１号,2019-12-17,合同会社
ＳＥＡＭ株式会社,神奈川県中郡二宮町百合が丘２丁目２５番５号,2019-12-17,株式会社
ＳＩＢ合同会社,東京都新宿区納戸町２８番地１－２０２,2019-12-17,合同会社
ＳＵＮ合同会社,大阪府大阪市住吉区遠里小野３丁目５番９号,2019-12-17,合同会社
ＴＡＫＥ　ＯＶＥＲ株式会社,大阪府大阪市東成区東小橋２丁目３番２号,2019-12-17,株式会社
ＴＲＩＦＥ株式会社,宮崎県宮崎市大字新名爪８番地７８,2019-12-17,株式会社
Ｔｒａｖｅｌｉｎ　Ｊａｐａｎ株式会社,兵庫県西宮市宮前町４番６号,2019-12-17,株式会社
ＶＩＣ合同会社,長野県北佐久郡軽井沢町大字発地字荒熊１２４０番地１７小倉の里Ｓ７８,2019-12-17,合同会社
ＶＩＥＴＮＡＭ・ＳＴＯＲＥ合同会社,兵庫県神戸市中央区脇浜町３丁目５番１０－３０５号室,2019-12-17,合同会社
ＶＮＪＰビジョン株式会社,広島県広島市西区三篠町２丁目１４番８号田上ビル１Ｆ,2019-12-17,株式会社
Ｖｉｓｕａｌ　Ａｌｐｈａ株式会社,東京都港区三田１丁目３番２４号サンウッド三田パークサイドタワー１６０３,2019-12-17,株式会社
Ｗａｐｐｅｎ合同会社,東京都文京区本郷６丁目２４－９－６０１,2019-12-17,合同会社
ｉ　Ｍａｒｋｅｔｉｎｇ　＆　Ａｓｓｅｔ　Ｍａｎａｇｅｍｅｎｔ　Ｈｏｌｄｉｎｇｓ株式会社,東京都大田区上池台２丁目３７番２０号,2019-12-17,株式会社
ｏｂｓｑｕａｒｅ株式会社,大阪府吹田市内本町１丁目２３番２０－６０１号,2019-12-17,株式会社
きわた不動産株式会社,和歌山県和歌山市新通４丁目３２番地１,2019-12-18,株式会社
ごろやＦＣ合同会社,山形県酒田市亀ケ崎１丁目４番３５号,2019-12-18,合同会社
ふどたく合同会社,東京都大田区東蒲田１丁目２３番２号,2019-12-18,合同会社
アイケアソリューション分割準備株式会社,東京都中央区日本橋堀留町１丁目９番１１号ＮＥＷＳ日本橋堀留町６階,2019-12-18,株式会社
アリエス不動産株式会社,奈良県北葛城郡広陵町大字百済１９０１番地,2019-12-18,株式会社
アースモーション株式会社,東京都港区西麻布２丁目１７番３号,2019-12-18,株式会社
イアン・インターナショナル合同会社,東京都千代田区神田佐久間町１丁目１６番地,2019-12-18,合同会社
ウィー株式会社,埼玉県草加市瀬崎６丁目２番１９号,2019-12-18,株式会社
エイチエヌワイ株式会社,群馬県渋川市渋川７６４番地１６,2019-12-18,株式会社
エムギルド合同会社,東京都中央区銀座１丁目３－３Ｇ１ビル７Ｆ,2019-12-18,合同会社
エルトンホーム株式会社,埼玉県越谷市蒲生西町１丁目８番１４－４号,2019-12-18,株式会社
エーアセット合同会社,東京都杉並区阿佐谷北６丁目２２番１５号,2019-12-18,合同会社
エーステックシステム株式会社,宮崎県宮崎市佐土原町下那珂４５１８番地９５,2019-12-18,株式会社
オプスコンプランニング合同会社,大阪府貝塚市二色４丁目６番１０号,2019-12-18,合同会社
オー・ティー・ワン特定目的会社,東京都千代田区丸の内３丁目１番１号東京共同会計事務所内,2019-12-18,その他の設立登記法人
カァリィゲーミング株式会社,東京都新宿区百人町１丁目１７番６号成田ビルＢ１,2019-12-18,株式会社
クロスアシスト株式会社,大阪府大阪市中央区道修町１丁目５番１８号,2019-12-18,株式会社
クロススポーツマーケティング株式会社,東京都千代田区神田錦町３丁目２０番地,2019-12-18,株式会社
サイカ株式会社,埼玉県川口市大字神戸６１４番２号ディスパシオ１０１,2019-12-18,株式会社
サンライズ株式会社,大阪府東大阪市永和１丁目２６番２０号アクロシャトー俊徳道２０２号室,2019-12-18,株式会社
シドラジャパン株式会社,東京都港区浜松町２丁目２番１５号浜松町ダイヤビル２階,2019-12-18,株式会社
ジャンティー株式会社,東京都世田谷区千歳台２丁目２０番２号,2019-12-18,株式会社
スターチャイルド株式会社,東京都文京区弥生２丁目５番１１号フラッツ文京弥生２０１,2019-12-18,株式会社
タビーナ株式会社,東京都中央区小舟町４番１号伊場仙ビル,2019-12-18,株式会社
ターンズ株式会社,東京都渋谷区恵比寿南１丁目１０番７－８０１号,2019-12-18,株式会社
ダイヤモンドコーポレーション合同会社,東京都大田区大森北５丁目１５番２２号ハイネスメゾン大森北２０１,2019-12-18,合同会社
ダブルウイングス株式会社,大阪府大阪市淀川区宮原１丁目１９番２３－１０１６号,2019-12-18,株式会社
テンカイ株式会社,東京都葛飾区新小岩１丁目３４番２－２０１号,2019-12-18,株式会社
トウセイ合同会社,大分県日田市大字石井５６７番地１,2019-12-18,合同会社
ハゼヤマエネルギー株式会社,島根県浜田市浅井町８８６番地３,2019-12-18,株式会社
フジフィールド株式会社,東京都武蔵野市吉祥寺南町２丁目１５番５号,2019-12-18,株式会社
プロテック情報株式会社,東京都中野区大和町４丁目２番２号,2019-12-18,株式会社
プロビスファイナンシャルサービス株式会社,東京都中央区銀座７丁目１３番６号サガミビル２階,2019-12-18,外国会社等
プロポーショナルフォント株式会社,神奈川県川崎市川崎区駅前本町１１番地２川崎フロンティアビル４階,2019-12-18,株式会社
ペーイング株式会社,東京都新宿区高田馬場２丁目１９番７号タックイレブン高田馬場５０１号室,2019-12-18,株式会社
ミハラ株式会社,愛知県名古屋市千種区覚王山通９丁目１８番地,2019-12-18,株式会社
メディア研究所株式会社,神奈川県藤沢市藤沢４９６番地藤沢森井ビル,2019-12-18,株式会社
ユーグリーン合同会社,東京都立川市富士見町４丁目１８番４号,2019-12-18,合同会社
ライオンズマンション代々木第２管理組合法人,東京都渋谷区代々木１丁目１０番１号,2019-12-18,その他の設立登記法人
ラボラトリオ株式会社,山梨県甲府市里吉４丁目８番３５号,2019-12-18,株式会社
リアルグラフィック株式会社,兵庫県明石市大久保町谷八木７９番地の１４,2019-12-18,株式会社
リアルトラスト株式会社,埼玉県川口市幸町３丁目２番２２－１４０１号ブランズ川口幸町,2019-12-18,株式会社
ロイヤルコーポ朝霧管理組合法人,兵庫県明石市東野町７番地の１,2019-12-18,その他の設立登記法人
ワノハーツ株式会社,福岡県福岡市南区長丘３丁目１４番１９－２０２号,2019-12-18,株式会社
一城株式会社,京都府京都市伏見区竹田狩賀町１４５－６,2019-12-18,株式会社
一般社団法人いきがいステーション,愛知県名古屋市千種区内山１丁目１０７番地２ラフォーレ内山２Ａ,2019-12-18,その他の設立登記法人
一般社団法人この星の芸術協会,東京都港区六本木６丁目５番２４号ｃｏｍｐｌｅｘ６６５，二階シュウゴアーツ内,2019-12-18,その他の設立登記法人
一般社団法人しあわせ宅急便,北海道函館市桔梗２丁目３５番２３号,2019-12-18,その他の設立登記法人
一般社団法人アークティックグループ,東京都中央区新川２丁目９番５号第２中村ビル３階,2019-12-18,その他の設立登記法人
一般社団法人オー・ティー・ワン,東京都千代田区丸の内３丁目１番１号東京共同会計事務所内,2019-12-18,その他の設立登記法人
一般社団法人ケアメディックス,茨城県つくばみらい市富士見ヶ丘１丁目１６番地４,2019-12-18,その他の設立登記法人
一般社団法人中日動漫協会,神奈川県川崎市麻生区上麻生５丁目２８番２号,2019-12-18,その他の設立登記法人
一般社団法人地域再生戦略機構,東京都杉並区上荻１丁目１８番３号亀屋酒販第２ビル３０６,2019-12-18,その他の設立登記法人
一般社団法人宮城野心理臨床センター,宮城県仙台市宮城野区榴岡１丁目７番１５号サニービル７０７,2019-12-18,その他の設立登記法人
一般社団法人文化政策・まちづくり学校,岩手県気仙郡住田町上有住字土倉７２番地,2019-12-18,その他の設立登記法人
一般社団法人日中介護技能実習プログラム委員会,東京都台東区台東２丁目２７番３号ＮＳＫビル１０Ｆ,2019-12-18,その他の設立登記法人
一般社団法人日本アジアＩＴ人材交流協会,大阪府大阪市淀川区新高４丁目１５番２１－７０９号,2019-12-18,その他の設立登記法人
一般社団法人日本エグゼクティブコーチ協会,東京都新宿区若葉１丁目１６番地１５,2019-12-18,その他の設立登記法人
一般社団法人東温市観光物産協会,愛媛県東温市北方甲２０９８番地,2019-12-18,その他の設立登記法人
一般社団法人紡木会,長野県佐久市中込３６１１番地２１９,2019-12-18,その他の設立登記法人
一般社団法人５３０,東京都渋谷区渋谷１丁目２３番２１号渋谷キャスト１３０１号,2019-12-18,その他の設立登記法人
一般社団法人Ｆ９－２,大阪府大阪市中央区高麗橋４丁目３番７号北ビル７階,2019-12-18,その他の設立登記法人
一般社団法人Ｆｕｎ　ｈｅａｒｔ,埼玉県川口市青木４丁目１７番２５号,2019-12-18,その他の設立登記法人
一般社団法人Ｈｅａｒｔ　ｔｏ　Ｈｅａｒｔ,宮城県仙台市青葉区二日町１７－５Ｋ’Ｓビル６Ｆ,2019-12-18,その他の設立登記法人
一般社団法人ＬｉｆｅＭａｉｎｔコンソーシアム,東京都千代田区内幸町２丁目２－３,2019-12-18,その他の設立登記法人
一般社団法人Ｒｉｖｅｒｏｏｔ,沖縄県島尻郡八重瀬町字具志頭１６５番地,2019-12-18,その他の設立登記法人
一般財団法人アフリカ野球・ソフト振興機構,東京都千代田区平河町２丁目５番７号ヒルクレスト平河町,2019-12-18,その他の設立登記法人
一般財団法人日本ファスティング協会,東京都港区虎ノ門１丁目８番１１号５８２５第一ビル５階,2019-12-18,その他の設立登記法人
久井商事株式会社,東京都新宿区西早稲田１丁目８番地２１号Ｓ・Ｋ早稲田４０１号室,2019-12-18,株式会社
令和管理株式会社,東京都文京区湯島２丁目９番６号,2019-12-18,株式会社
佐藤商事株式会社,東京都北区滝野川６丁目６番７号,2019-12-18,株式会社
信力株式会社,埼玉県川口市東領家３丁目１１－１５－１Ｆ,2019-12-18,株式会社
医療法人こが,福岡県久留米市野中町１１９６番地２,2019-12-18,その他の設立登記法人
医療法人たじま脳神経外科クリニック,佐賀県唐津市坊主町５３２番地２,2019-12-18,その他の設立登記法人
医療法人惠結会,福岡県遠賀郡岡垣町公園通り３丁目１番３７号,2019-12-18,その他の設立登記法人
医療法人慧仁堂,神奈川県横浜市磯子区磯子３丁目３番２１号江戸徳ビル１階,2019-12-18,その他の設立登記法人
医療法人社団あおい会,神奈川県川崎市麻生区細山２丁目８番地７,2019-12-18,その他の設立登記法人
医療法人社団えくぼ,岡山県岡山市東区瀬戸町旭ヶ丘４丁目２番３６,2019-12-18,その他の設立登記法人
医療法人社団智仁会,神奈川県相模原市中央区相生４丁目１番２０号,2019-12-18,その他の設立登記法人
医療法人緑梓会,宮城県仙台市若林区荒井４丁目１２番７号,2019-12-18,その他の設立登記法人
医療法人Ｅｐｉｃ,岐阜県瑞穂市本田７４９番地１,2019-12-18,その他の設立登記法人
協立ホールディングス合同会社,東京都新宿区西新宿２丁目７番１号,2019-12-18,合同会社
厚木ロジ一般社団法人,東京都中央区銀座１丁目６番１１号アースタックス税理士法人内,2019-12-18,その他の設立登記法人
合同会社あおい商会,福島県会津若松市花春町９番１２号,2019-12-18,合同会社
合同会社かえで,島根県隠岐郡隠岐の島町有木クラミ口８番地,2019-12-18,合同会社
合同会社きろく,兵庫県神戸市灘区備後町５丁目３番１号ウェルブ六甲道１番街１０３,2019-12-18,合同会社
合同会社ほかほか,沖縄県宜野湾市大山２丁目１４番２－３０１号室,2019-12-18,合同会社
合同会社ほとラボ,沖縄県宜野湾市字真志喜５９７サザン・ウインド６０４号室,2019-12-18,合同会社
合同会社めぐみ,大阪府富田林市小金台４丁目１０番７号,2019-12-18,合同会社
合同会社アクタルブラザーズコーポレーション,兵庫県神戸市中央区下山手通５丁目７番７号サンゼン山手ハイツ３１４号室,2019-12-18,合同会社
合同会社アブスト,神奈川県横浜市神奈川区大口仲町３２番地４ロイヤル横浜２０１号,2019-12-18,合同会社
合同会社アプラス,栃木県宇都宮市御蔵町５番５号,2019-12-18,合同会社
合同会社アリス,青森県青森市港町２丁目１９番３号,2019-12-18,合同会社
合同会社イージーオール,福岡県福岡市城南区田島１丁目４番８－９０８号,2019-12-18,合同会社
合同会社エイト,兵庫県尼崎市高田町２番２１号,2019-12-18,合同会社
合同会社エスアイ,滋賀県近江八幡市堀上町１４２番２８号,2019-12-18,合同会社
合同会社オズプロパティ,静岡県静岡市駿河区石田１丁目１番４０号,2019-12-18,合同会社
合同会社オルティア,神奈川県大和市中央５丁目８番２－６号,2019-12-18,合同会社
合同会社キガニックス,東京都昭島市美堀町５丁目１番１７号,2019-12-18,合同会社
合同会社コグレ,徳島県徳島市名東町１丁目２０３番地の１武田ハイツＡ棟２０４号室,2019-12-18,合同会社
合同会社シンギュラリティ・ワン,東京都港区赤坂８丁目５番４０号ペガサス青山３階,2019-12-18,合同会社
合同会社ジーケーＲ１,東京都港区元赤坂１丁目１番８号株式会社赤坂国際会計内,2019-12-18,合同会社
合同会社スタディサポートⅤ,大分県大分市曙台３丁目１番７号,2019-12-18,合同会社
合同会社ステージ,静岡県焼津市駅北３丁目２０番２号,2019-12-18,合同会社
合同会社センス,東京都立川市幸町５丁目１０８番地の２０,2019-12-18,合同会社
合同会社ゼロステージ,沖縄県南城市佐敷字津波古２４２６番地１シティテラス津波古３０８号室,2019-12-18,合同会社
合同会社ティーエムアール,大阪府門真市舟田町２５番１０号,2019-12-18,合同会社
合同会社ティーワイトレーディング,長野県松本市安曇４８５５－１２６,2019-12-18,合同会社
合同会社トライオール,大阪府八尾市山本町南１丁目４番１号スズヤビル２０３号,2019-12-18,合同会社
合同会社トレテク,福岡県福岡市中央区清川２丁目９番６－２０２号,2019-12-18,合同会社
合同会社ナカダキアートビレッジ,東京都渋谷区渋谷２丁目１０番１５－１０１号,2019-12-18,合同会社
合同会社ハートランド,宮城県仙台市太白区富沢２丁目１６番１号,2019-12-18,合同会社
合同会社ファーストステージ,沖縄県名護市字為又２２２番地１,2019-12-18,合同会社
合同会社フジデンタルコンサルティング,東京都江東区東陽６丁目２番２７－７０３号,2019-12-18,合同会社
合同会社ブラウニー,北海道千歳市清流２丁目６番２号,2019-12-18,合同会社
合同会社ブルームテック,山口県下松市大字末武上８１１番地４,2019-12-18,合同会社
合同会社ブロンド,神奈川県横浜市港北区新横浜１丁目１９番地２３トゥー・ル・モンド新横浜４０６号室,2019-12-18,合同会社
合同会社ユニシード,新潟県上越市国府２丁目３－１９,2019-12-18,合同会社
合同会社ラプンテ,東京都八王子市上壱分方町３５３番地４５,2019-12-18,合同会社
合同会社ランドロード,静岡県浜松市北区都田町７７６１番地の２６,2019-12-18,合同会社
合同会社三五,熊本県熊本市中央区安政町６番１号ロウカス三年坂２－Ａ,2019-12-18,合同会社
合同会社双和,大阪府大阪市天王寺区四天王寺１丁目６番１６－１００４号,2019-12-18,合同会社
合同会社和ｌｅａ,山口県山口市錦町５番２５号,2019-12-18,合同会社
合同会社増木ものコト実業,東京都品川区西五反田７丁目８番８号,2019-12-18,合同会社
合同会社夢劫,愛知県名古屋市瑞穂区萩山町２丁目５６番地,2019-12-18,合同会社
合同会社奏音楽事務所,北海道札幌市南区澄川一条１丁目１－１－２０８,2019-12-18,合同会社
合同会社宝翔相合サービス,愛媛県東温市南方２３５２番地１,2019-12-18,合同会社
合同会社宮本商店,神奈川県横浜市緑区寺山町４９８番地２,2019-12-18,合同会社
合同会社山本酒店,鹿児島県鹿児島市新屋敷町３番２９号,2019-12-18,合同会社
合同会社山王,鹿児島県鹿児島市小原町１６番１２号,2019-12-18,合同会社
合同会社川本ビニール,大阪府大阪市平野区瓜破西２丁目８番２３号,2019-12-18,合同会社
合同会社新制作,大阪府大阪市中央区瓦町２丁目１番１５号大都ビル７Ｆ,2019-12-18,合同会社
合同会社本間サービスステーション,東京都練馬区富士見台４丁目６番８－１０２,2019-12-18,合同会社
合同会社朱,宮城県仙台市宮城野区新田２丁目１４－２３－４０５,2019-12-18,合同会社
合同会社眞実一路,東京都荒川区西日暮里１丁目４番１２号,2019-12-18,合同会社
合同会社組織開発研究所,神奈川県鎌倉市雪ノ下２丁目１２番３１号,2019-12-18,合同会社
合同会社美友,山口県岩国市門前町２丁目５５番５号,2019-12-18,合同会社
合同会社菅生事務所,愛知県小牧市大字本庄２６１３番地３７,2019-12-18,合同会社
合同会社金磯鋼業,徳島県小松島市金磯町８番９０号,2019-12-18,合同会社
合同会社Ａ　ｔｏｕｒｓ,茨城県ひたちなか市平磯町１２９９番地,2019-12-18,合同会社
合同会社ＡＩＲＵ,東京都港区浜松町２丁目２番１５号浜松町ダイヤビル２Ｆ,2019-12-18,合同会社
合同会社Ａｄｒｏａｉｇ,兵庫県姫路市安田４丁目１４４番地プレサンスロジェ姫路６０３,2019-12-18,合同会社
合同会社Ｃサポート,新潟県長岡市水梨町１１７５番地レオパレスＡｎｇｅ１０２号室,2019-12-18,合同会社
合同会社ＣＨＡＩＮ,大阪府高槻市日吉台二番町４番９号,2019-12-18,合同会社
合同会社ＣＲＯＳＳＲＯＡＤ,佐賀県神埼郡吉野ヶ里町吉田８１１番地１,2019-12-18,合同会社
合同会社Ｃｈａｎｔ,佐賀県鳥栖市藤木町１１８４－１,2019-12-18,合同会社
合同会社Ｃｌｏｕｄ９,東京都台東区台東３丁目１９番５号,2019-12-18,合同会社
合同会社Ｄｉｎｅｒｓ,福岡県久留米市小頭町１２８番地１Ｍｏｎｊａｒｄｉｎ２階,2019-12-18,合同会社
合同会社ＥＤＧＥ,静岡県静岡市葵区七間町１６番７ＯＭＡＣＨＩビル４Ｂ,2019-12-18,合同会社
合同会社ＦＨＨＲ,埼玉県新座市石神１丁目７番１１号,2019-12-18,合同会社
合同会社ＧＲＯＷ　ＥＧＧ,大阪府南河内郡千早赤阪村大字水分７５４番地３,2019-12-18,合同会社
合同会社Ｋ・Ｋ・Ｍ,佐賀県神埼市神埼町鶴３９０１番地１３８,2019-12-18,合同会社
合同会社Ｋ・Ｙ・Ｈ,神奈川県藤沢市鵠沼松が岡４丁目１０番２６号,2019-12-18,合同会社
合同会社ＫＴＳ,大阪府大阪市生野区巽南４丁目８番２９号,2019-12-18,合同会社
合同会社ＮＡＪＩＤＯ,和歌山県和歌山市田野２０７－２,2019-12-18,合同会社
合同会社ＮＥＯＮ,大阪府大阪市北区曾根崎新地１丁目８番３号,2019-12-18,合同会社
合同会社ＮＩＬＵＦＥＲ,東京都新宿区高田馬場１丁目１８番２６号ロイヤルハイネス１０５,2019-12-18,合同会社
合同会社ＰＡＲＡＧＯＮ　ＴＲＡＤＩＮＧ,福岡県福岡市東区馬出１丁目２９－１３オネスト吉塚３０５号室,2019-12-18,合同会社
合同会社Ｐｏｒｔｅｒ　ｂｏｎｈｅｕｒ,長野県長野市大字鶴賀緑町１５９１番地２１,2019-12-18,合同会社
合同会社ＲＨカンパニー,東京都江戸川区中葛西６丁目３番５－７０１号,2019-12-18,合同会社
合同会社Ｒｙｕｓｅｉ,神奈川県相模原市南区相模大野８丁目２番６－８０５号,2019-12-18,合同会社
合同会社Ｓ．Ｔコンサルティング,秋田県秋田市旭川南町９番２８号,2019-12-18,合同会社
合同会社ＳＥＩＲＡ,熊本県熊本市南区出仲間５丁目５番２７号,2019-12-18,合同会社
合同会社Ｓｏｎａｒ　Ｇｒｏｕｐ２,東京都千代田区平河町１丁目６番１５号シルスフィア会計事務所内,2019-12-18,合同会社
合同会社Ｓｔｅｒｌｉｎｇ　Ｌｕｘ,東京都東村山市本町２丁目３番地２エミネンス東村山４２５号室,2019-12-18,合同会社
合同会社ＷＨＩＴＥ,東京都墨田区江東橋２丁目６番９号ＨＢ錦糸町ビル地下１階,2019-12-18,合同会社
合同会社ＹＡＭＡＴＯ,奈良県大和高田市大中南町３番４８号,2019-12-18,合同会社
合同会社ＹＣ奈良中央,奈良県奈良市三条添川町８番１８－２,2019-12-18,合同会社
合同会社ＹＲ,北海道釧路市文苑１丁目６番１０号,2019-12-18,合同会社
合同会社ＹＲ賃貸住宅,新潟県新潟市中央区堀之内南３丁目７番２１号,2019-12-18,合同会社
合同会社ＹＳＪ,福井県福井市中央１丁目２番１号シンフォニアタワーコート福井１３０６号室,2019-12-18,合同会社
合同会社Ｚｉｌｌｉｏｎ,東京都荒川区南千住５丁目２２番１０－２０２号,2019-12-18,合同会社
合同会社ｇｌｏｗ,千葉県野田市山崎２８０２－４,2019-12-18,合同会社
合同会社ｎａｔｕｒａｌ　ｓｔａｔｅ　ａｎｄ　ｆｕｔｕｒｅ,神奈川県横浜市港北区下田町４丁目１番地サンヴァリエ日吉８号棟２０６号室,2019-12-18,合同会社
合同会社ｔｅａｍ　ｌａｄｙｂｕｇ,大阪府河内長野市日東町２２番地４,2019-12-18,合同会社
嘉盈株式会社,東京都墨田区横川３丁目６番７号２－Ｏ室,2019-12-18,株式会社
地域ビジネスマーケティングコンサル青空株式会社,神奈川県横浜市栄区飯島町１８番地２６,2019-12-18,株式会社
大島学童保育　とまとくらぶ,長崎県西海市大島町１８２７番地大島楽市ショッピングセンター１Ｆ,2019-12-18,その他
大森エステート株式会社,東京都渋谷区西原３丁目４０番１２号,2019-12-18,株式会社
大越工業株式会社,愛媛県今治市松本町５丁目１番４４号,2019-12-18,株式会社
山佐ＷＺＺ１一般社団法人,東京都千代田区丸の内３丁目１番１号東京共同会計事務所内,2019-12-18,その他の設立登記法人
帝国化粧品株式会社,大阪府豊中市庄内東町２丁目１番６号三和ビル４階,2019-12-18,株式会社
恒慶金属株式会社,福島県田村郡三春町大字上舞木字堂ケ作６７番地の１,2019-12-18,株式会社
恒隆裕興株式会社,東京都荒川区西尾久１丁目３１番１０号リバティーハイム田端５０２号,2019-12-18,株式会社
懐念株式会社,東京都昭島市上川原町２丁目１４番１１号１Ｆ－Ｂ,2019-12-18,株式会社
成洋株式会社,東京都豊島区東池袋２丁目４４番２号,2019-12-18,株式会社
敏健日本高端医療株式会社,大阪府大阪市北区天神橋３丁目４番２３－７０１号,2019-12-18,株式会社
新世界国際交流株式会社,大阪府大阪市阿倍野区相生通２丁目１３番１４号,2019-12-18,株式会社
新日国際旅行株式会社,千葉県市川市曽谷７丁目２４－３－２Ｆ,2019-12-18,株式会社
新日本物産株式会社,愛知県刈谷市今岡町新田５２番地１,2019-12-18,株式会社
新田合同会社,愛知県稲沢市祖父江町神明津３５３１番地,2019-12-18,合同会社
日南工業株式会社,兵庫県尼崎市西難波町１丁目３番２０号,2019-12-18,株式会社
日本モーターカンパニー合同会社,神奈川県海老名市東柏ケ谷５丁目１０－２２リシエス東橋ヶ谷１０２,2019-12-18,合同会社
日本同盟基督教団新津福音キリスト教会,新潟県新潟市秋葉区山谷町３丁目２番８号,2019-12-18,その他の設立登記法人
日本富士衛生設備株式会社,東京都三鷹市下連雀６丁目７番２４号,2019-12-18,株式会社
日本網際源通株式会社,東京都目黒区大橋１丁目７番４号大橋団地久保ビル６０４号室,2019-12-18,株式会社
日羊フェルト工業株式会社,大阪府和泉市肥子町２丁目９番４３号,2019-12-18,株式会社
時波運送株式会社,兵庫県宝塚市安倉南４丁目７番６号,2019-12-18,株式会社
有限会社いわき精器製作所,福島県いわき市四倉町上仁井田字北浜１１４番地の２,2019-12-18,有限会社
朝富株式会社,大阪府大阪市淀川区西宮原２丁目６－１６,2019-12-18,株式会社
東京海上日動あんしんサポート株式会社,東京都豊島区東池袋１丁目２５番８号,2019-12-18,株式会社
東洋ローヤル合同会社,千葉県浦安市富岡１丁目２番１２号,2019-12-18,合同会社
東通不動産投資株式会社,東京都千代田区四番町４－９ＳＴＫ内,2019-12-18,株式会社
株式会社さくらエステート,東京都目黒区目黒３丁目４番１３号タリアセンＳＳ３０２,2019-12-18,株式会社
株式会社さくらカンパニー,愛知県あま市甚目寺山之浦１１７番地,2019-12-18,株式会社
株式会社さくら構造計画,長野県伊那市中央４５０４番地４,2019-12-18,株式会社
株式会社すずや,福井県敦賀市白銀町１番２２号,2019-12-18,株式会社
株式会社ちいきけあ山陰,鳥取県米子市西福原４丁目１０番３号Ｄｅｓｋ２ビル１０２,2019-12-18,株式会社
株式会社にしやまプランニング,神奈川県平塚市日向岡２丁目１８番４号,2019-12-18,株式会社
株式会社はままつメディカルソリューションズ,静岡県浜松市東区半田山１丁目２０番１号,2019-12-18,株式会社
株式会社わわわ,神奈川県横浜市鶴見区尻手１丁目１番１８－１１１０号,2019-12-18,株式会社
株式会社アイビー商会,青森県青森市奥野３丁目２番２１号,2019-12-18,株式会社
株式会社アサヒ創建,大阪府寝屋川市末広町１７番３１号,2019-12-18,株式会社
株式会社アズヴェール,青森県むつ市新町９番２０号,2019-12-18,株式会社
株式会社アミスタ・エテルナ,東京都足立区綾瀬６丁目４１番２－５０１号,2019-12-18,株式会社
株式会社アムール,東京都中央区銀座１丁目４番４号１０５ビル３階,2019-12-18,株式会社
株式会社アローンベスト,東京都港区六本木７丁目１５番１４号塩業ビル９階,2019-12-18,株式会社
株式会社イーストホールディングス,北海道登別市美園町１丁目８番地２,2019-12-18,株式会社
株式会社ウィルステージ,神奈川県平塚市豊田平等寺３４５番地の１,2019-12-18,株式会社
株式会社ウイニップ,東京都港区西新橋２丁目４番３号,2019-12-18,株式会社
株式会社エイチオーソフト,東京都文京区本駒込６丁目１３番１０－６０４号,2019-12-18,株式会社
株式会社エコスタイルパワープラント４号,大阪府大阪市中央区道修町１丁目４番６号,2019-12-18,株式会社
株式会社エヌテックス,大阪府堺市中区土塔町３２８７番地２階,2019-12-18,株式会社
株式会社オズビー工業,東京都江東区北砂６丁目１７番４号,2019-12-18,株式会社
株式会社オーシャン,東京都台東区東上野４丁目１８番２－８０１号,2019-12-18,株式会社
株式会社キッズ・サポート＆プロテクト,北海道函館市桔梗５丁目４０番５号,2019-12-18,株式会社
株式会社キュア,愛知県名古屋市東区東桜１丁目１０番３４号ｔｈｅＢＬＤＧ，Ｂ１Ｆ,2019-12-18,株式会社
株式会社クボタ美装,栃木県佐野市中町７３０番地２,2019-12-18,株式会社
株式会社グラウンド・マシナリー・サービス,兵庫県神戸市西区平野町中津門出２４９０番地１,2019-12-18,株式会社
株式会社グランドデザイン,東京都千代田区九段北１丁目１番７－９０４号,2019-12-18,株式会社
株式会社グルメイト,宮城県仙台市宮城野区宮千代３丁目６番地の１ヴェール宮千代Ⅰ３０２,2019-12-18,株式会社
株式会社グロリア,北海道札幌市北区拓北五条３丁目１２番１０号,2019-12-18,株式会社
株式会社グローリー,愛知県名古屋市名東区一社３丁目４８番地,2019-12-18,株式会社
株式会社コンサルティング福岡,福岡県福岡市南区大楠２丁目２０番１号,2019-12-18,株式会社
株式会社サトウ工芸,埼玉県戸田市美女木５丁目２０－２０,2019-12-18,株式会社
株式会社サンケイビジネスサービス,東京都立川市曙町２丁目３１番１５号,2019-12-18,株式会社
株式会社シロれもん,佐賀県神埼市神埼町永歌１７８２番地１６,2019-12-18,株式会社
株式会社セレモニーホール円満堂,北海道札幌市白石区本通１４丁目南１番８号,2019-12-18,株式会社
株式会社センターピン,東京都渋谷区恵比寿４丁目２０番地４号恵比寿ガーデンプレイスグラススクエアＢ１階ＰＯＲＴＡＬＰＯＩＮＴ－Ｅｂｉｓｕ－ＦＤ－１８,2019-12-18,株式会社
株式会社タイヨオ,福岡県北九州市若松区南二島２丁目２０番２３号,2019-12-18,株式会社
株式会社タテック,茨城県土浦市白鳥町９７８番地１４３,2019-12-18,株式会社
株式会社チップス,富山県高岡市中川町１番１４号,2019-12-18,株式会社
株式会社ツーポイントファイブ・ディー,東京都世田谷区宮坂３丁目３５番６号,2019-12-18,株式会社
株式会社トミワテック,大阪府大阪市浪速区難波中２丁目１０番７０号パークスタワー１９階,2019-12-18,株式会社
株式会社トモ工業,大阪府寝屋川市萱島東３丁目２５番３０－９０１号,2019-12-18,株式会社
株式会社トールテクノロジー,東京都大田区羽田４丁目１７番１３号,2019-12-18,株式会社
株式会社ドミノアーキテクツ,東京都目黒区青葉台２丁目１２番３号西郷山マンション２Ｂ,2019-12-18,株式会社
株式会社ニシバヤシ,山口県周南市城ケ丘２丁目５番８号,2019-12-18,株式会社
株式会社ニューアイランド,埼玉県桶川市寿１丁目１３番９号,2019-12-18,株式会社
株式会社ニルヴァーナ,神奈川県横浜市磯子区杉田５丁目３－１５,2019-12-18,株式会社
株式会社ヌルサク,東京都中央区東日本橋２丁目２８番４号日本橋ＣＥＴビル２階,2019-12-18,株式会社
株式会社ハラジュク,神奈川県小田原市下大井４５７番地,2019-12-18,株式会社
株式会社ハーヒーロー,東京都新宿区大久保２丁目１８番１８号,2019-12-18,株式会社
株式会社バートラム,兵庫県西宮市津門呉羽町２番３３号４階,2019-12-18,株式会社
株式会社ビズコラボ,東京都渋谷区円山町５番５号Ｎａｖｉ渋谷Ⅴ３階,2019-12-18,株式会社
株式会社ファインド,北海道札幌市中央区南四条西３丁目１番１号第３グリーンビル３Ｆ,2019-12-18,株式会社
株式会社フィットイン,熊本県合志市須屋３５９４番地,2019-12-18,株式会社
株式会社フィディオス,大阪府大阪市北区中津６丁目８番３６号,2019-12-18,株式会社
株式会社フサマルクデザイン,宮崎県宮崎市橘通東４丁目７番２８号,2019-12-18,株式会社
株式会社フリーダム,静岡県静岡市清水区庵原町２１９番１,2019-12-18,株式会社
株式会社マテリアルソリューション,千葉県千葉市美浜区中瀬２丁目６番地,2019-12-18,株式会社
株式会社メイクン,愛知県瀬戸市はぎの台４丁目７２番地,2019-12-18,株式会社
株式会社メディフロントエヌエスコネクト,大阪府岸和田市下池田町２丁目５番５号,2019-12-18,株式会社
株式会社メルクリウスジャパン,大阪府大阪市中央区南船場３丁目１２番２１号４階,2019-12-18,株式会社
株式会社メロデス,東京都渋谷区恵比寿２丁目３２番２２号レスティ恵比寿１０１,2019-12-18,株式会社
株式会社メンクイ,東京都中野区上高田２丁目２４番３号モンテローザ中野１０５,2019-12-18,株式会社
株式会社ユアハーツ,埼玉県三郷市早稲田６丁目６番地２号棟１０２号,2019-12-18,株式会社
株式会社ユニバーサルサポート,千葉県松戸市日暮６丁目７番地の１,2019-12-18,株式会社
株式会社ライフスケープ,埼玉県川口市鳩ヶ谷本町２丁目７番７号,2019-12-18,株式会社
株式会社ラビットワークス,大阪府東大阪市東鴻池町４丁目５番３４号,2019-12-18,株式会社
株式会社リグノマテリア,東京都新宿区四谷３丁目２番地２号,2019-12-18,株式会社
株式会社リンク・ビューティ,東京都荒川区町屋７丁目２２番１－９０７号,2019-12-18,株式会社
株式会社リーテック,埼玉県川越市岸町３丁目１３番地１２（グリーンヒル川越１０７号室）,2019-12-18,株式会社
株式会社リーバス,埼玉県さいたま市北区東大成町２丁目２０６番地９,2019-12-18,株式会社
株式会社ル・シャドール,大阪府大阪市淀川区西中島７丁目２番２号サンタワー新大阪ビル３０１,2019-12-18,株式会社
株式会社ローカルベースカンパニー,北海道旭川市旭町一条１３丁目６８８番地の１８４,2019-12-18,株式会社
株式会社ワイアンドケイコーポレーション,東京都品川区東大井１丁目２番１１号,2019-12-18,株式会社
株式会社ワタナベ冷機,千葉県野田市山崎２３８０番地の４７,2019-12-18,株式会社
株式会社ヴィント,大阪府交野市星田７丁目３９番１０号,2019-12-18,株式会社
株式会社三日月,神奈川県小田原市中町３丁目１１番２５号,2019-12-18,株式会社
株式会社不動産コンサルタントなびっく,山口県宇部市大字上宇部２５４５番地２,2019-12-18,株式会社
株式会社中村不動産,静岡県三島市長伏１２５番地８,2019-12-18,株式会社
株式会社丸照タイル,兵庫県宝塚市中山桜台２丁目２８番１１号,2019-12-18,株式会社
株式会社令和技建,新潟県長岡市大山１丁目１３番地９コーポＭＫ１０１号室,2019-12-18,株式会社
株式会社優成,広島県福山市水呑町３３５１番地１,2019-12-18,株式会社
株式会社吉川とんとんファーム,宮崎県小林市真方３１２８番地,2019-12-18,株式会社
株式会社和合,大阪府東大阪市中鴻池町２丁目１番１９－９０１号,2019-12-18,株式会社
株式会社和田商事,神奈川県厚木市栄町２丁目１番１４号,2019-12-18,株式会社
株式会社大和,山形県東根市小林２丁目３番３８－８号,2019-12-18,株式会社
株式会社大川農場,山形県最上郡戸沢村大字津谷３８番地,2019-12-18,株式会社
株式会社大成,大阪府大阪市住吉区長居東４丁目１５－２１－２０５,2019-12-18,株式会社
株式会社宮﨑防水工業,神奈川県座間市新田宿１２９番地の３,2019-12-18,株式会社
株式会社岡田武市商店,香川県小豆郡小豆島町古江甲２６番地の１,2019-12-18,株式会社
株式会社島田塗工,島根県出雲市斐川町神氷９１６－４,2019-12-18,株式会社
株式会社工パブリック,東京都板橋区前野町４丁目４０番１８号,2019-12-18,株式会社
株式会社幸友ホールディングス,愛知県あま市七宝町桂北海道２０７０番地２,2019-12-18,株式会社
株式会社成風堂,和歌山県和歌山市有本１５８番地２レジデンス有本１０２号,2019-12-18,株式会社
株式会社月川,東京都港区芝浦４丁目１６番３１－１７０１号,2019-12-18,株式会社
株式会社東和,千葉県成田市三里塚御料１番地１４１４,2019-12-18,株式会社
株式会社東設備,愛知県名古屋市緑区東神の倉３丁目２７０１番地の１,2019-12-18,株式会社
株式会社東雲,鹿児島県鹿児島市樋之口町１０番２号さくらヒルズ参番館４０５号,2019-12-18,株式会社
株式会社松吉興業,大阪府羽曳野市野３０２番地の１１,2019-12-18,株式会社
株式会社水流,宮崎県宮崎市大島町馬場尻１９０９番地５,2019-12-18,株式会社
株式会社沖縄物産商事,沖縄県浦添市仲間１丁目５番１０号,2019-12-18,株式会社
株式会社泰平システム,奈良県生駒市壱分町１４２７番地,2019-12-18,株式会社
株式会社湘南Ｕ＆Ｒ企画,神奈川県藤沢市辻堂太平台１丁目１１番３号,2019-12-18,株式会社
株式会社瀬川オート,奈良県橿原市四条町５８４番地の１,2019-12-18,株式会社
株式会社白川工業所,大阪府交野市私部西３丁目１４番２０号,2019-12-18,株式会社
株式会社矢野建設,埼玉県北足立郡伊奈町内宿台２丁目２４９番地１,2019-12-18,株式会社
株式会社第一経営会計,岩手県盛岡市鉈屋町１６番地２２,2019-12-18,株式会社
株式会社翔,大阪府東大阪市御厨栄町２丁目９番７号,2019-12-18,株式会社
株式会社自費移行アカデミー,香川県仲多度郡多度津町大字青木６０４番地１,2019-12-18,株式会社
株式会社英慶アカデミー,千葉県浦安市日の出５丁目６番１－４１９号,2019-12-18,株式会社
株式会社葵総業,新潟県新潟市北区浦ノ入１７１５番地１,2019-12-18,株式会社
株式会社西田工務店,大阪府松原市阿保３丁目８番１５号,2019-12-18,株式会社
株式会社誠不動産,宮城県名取市飯野坂２丁目３番１９号,2019-12-18,株式会社
株式会社輝,埼玉県川口市青木５丁目７番１２－１０６号,2019-12-18,株式会社
株式会社迫田産業,宮崎県小林市堤３２０７番地７,2019-12-18,株式会社
株式会社金棧,大阪府大阪市浪速区日本橋５丁目１０番１０号メゾンエスポワール１階,2019-12-18,株式会社
株式会社隆甲住建,神奈川県川崎市高津区末長４丁目４番５号ジュネス渋谷１０２,2019-12-18,株式会社
株式会社雲殿商事,埼玉県川口市芝園町３番９－３０４号,2019-12-18,株式会社
株式会社食事サポート,神奈川県小田原市鴨宮６６４番地の１,2019-12-18,株式会社
株式会社飯田商会,大阪府大阪市港区南市岡２丁目９番１８－１１０４号,2019-12-18,株式会社
株式会社鼓のみち,愛知県北設楽郡東栄町大字東薗目字中林３０番地,2019-12-18,株式会社
株式会社２５,大阪府大阪市中央区博労町４丁目７番３号Ｔ３ＳＨＩＮＳＡＩＢＡＳＨＩ３０１,2019-12-18,株式会社
株式会社８５,福岡県福岡市中央区天神３丁目１４番２号７Ｆ,2019-12-18,株式会社
株式会社Ａ＆Ｓ,東京都江東区亀戸６丁目１７－９－４０２,2019-12-18,株式会社
株式会社ＡＤＶＡＮＣＥ,静岡県沼津市東熊堂４４１番地の５,2019-12-18,株式会社
株式会社ＡＬＰＨＡ,神奈川県横浜市戸塚区矢部町２０８２番地２０,2019-12-18,株式会社
株式会社ＡＲＣＬｅＳ,岐阜県岐阜市住田町１丁目１８番地１,2019-12-18,株式会社
株式会社ＡＳＫ,福岡県福岡市博多区奈良屋町１３番１６－９０４号,2019-12-18,株式会社
株式会社ＡＸＩＳ,埼玉県所沢市松葉町２１－１０,2019-12-18,株式会社
株式会社Ａｖａｉｌｉｆｅ,大阪府大阪市北区天満１丁目２６－２１－２０１,2019-12-18,株式会社
株式会社Ｂ’ｕ,大阪府大阪市城東区今福西４丁目４番６－６０５号,2019-12-18,株式会社
株式会社ＢＬＯＣＫ,大阪府大阪市北区神山町１番１５号トラストビル５階,2019-12-18,株式会社
株式会社ＣＩＲＸ,東京都多摩市一ノ宮１丁目２４番１号メゾンドノア１Ｆ,2019-12-18,株式会社
株式会社ＣＯＲＤ,東京都港区南青山５丁目１１番２４号３Ｆ,2019-12-18,株式会社
株式会社Ｃｏｏｐｅｒｓ,東京都三鷹市下連雀３丁目２２番１５号山野ビル２階,2019-12-18,株式会社
株式会社ＤＭＣ,大阪府大阪市福島区福島２丁目１０番１９号,2019-12-18,株式会社
株式会社Ｆテクト,大阪府四條畷市岡山５丁目１２番１３－２０２号,2019-12-18,株式会社
株式会社Ｆ．,大阪府大阪市北区黒崎町３番２１号,2019-12-18,株式会社
株式会社ＦＡＩＲ‐Ｏｈ,岡山県岡山市北区青江４丁目１番１号スカール青江Ⅱ１０２号,2019-12-18,株式会社
株式会社ＦＲＥＥ　ＡＰＡＲＴ,東京都練馬区春日町６丁目８番４２号,2019-12-18,株式会社
株式会社Ｆａｒｃｈ一級建築士事務所,大阪府大阪市中央区大手通１丁目３－７,2019-12-18,株式会社
株式会社Ｆｉｒｓｔ,広島県広島市中区西十日市町９番１７号楠原産業ビル４階,2019-12-18,株式会社
株式会社Ｆｒｉｎｇ,東京都墨田区両国２丁目６－１１エグザ両国リアン９０３,2019-12-18,株式会社
株式会社ＧＯＬＤ　ＩＮＴＥＲＮＡＴＩＯＮＡＬ　ＪＡＰＡＮ,東京都江東区豊洲６丁目２番３１－１３０５号,2019-12-18,株式会社
株式会社ＧＴＯ,千葉県松戸市本町１９番地の３エスクード３０５号,2019-12-18,株式会社
株式会社Ｇｒｅｅｎ－Ｅａｒｔｈ,埼玉県所沢市林３丁目５６２番地の４９,2019-12-18,株式会社
株式会社Ｇｒｏｗｔｈ　Ｈａｃｋ,千葉県我孫子市天王台４丁目５番１６－１１６号パークハイツ我孫子台,2019-12-18,株式会社
株式会社ＨＥＲＯＥＳ,大阪府大阪市天王寺区四天王寺２丁目１番９号,2019-12-18,株式会社
株式会社Ｈｏｔ　Ｌｉｎｅ,東京都葛飾区南水元１丁目１４番１６号,2019-12-18,株式会社
株式会社Ｉ．Ｂ,東京都中央区日本橋人形町２丁目２番３号堀口ビル３０３,2019-12-18,株式会社
株式会社ＩＣＨＩＫＩ　ＰＬＵＳ,大阪府大阪市北区大淀南３丁目１２番１７号,2019-12-18,株式会社
株式会社ＩＴフロンティア,埼玉県さいたま市南区別所３丁目５番１２－２０１号,2019-12-18,株式会社
株式会社ＪＯ,大阪府大阪市北区大深町一丁目１,2019-12-18,株式会社
株式会社ＪＵＮＥＳＳ,京都府京都市東山区八坂新地清本町３５３番地１花見小路ビル５階,2019-12-18,株式会社
株式会社ＫＡＬＥＩＤＯ,東京都豊島区南池袋１丁目１５番２３号４Ｆ,2019-12-18,株式会社
株式会社ＫＧＩ,埼玉県さいたま市大宮区堀の内町２丁目６２３番地１,2019-12-18,株式会社
株式会社ＫＴＢ,神奈川県逗子市小坪５丁目１７番３－８０２号,2019-12-18,株式会社
株式会社ＬＡ,埼玉県川口市長蔵１丁目１６番１９号クレアーレ１階,2019-12-18,株式会社
株式会社ＬＩＧＨＴＬＩＮＫＳ　ＴＯＫＹＯ,東京都文京区関口１丁目３４番２号山口ビル４０１,2019-12-18,株式会社
株式会社ＬｉＬｂａ,東京都中央区日本橋３丁目２番１４号新槇町ビル別館第一１階,2019-12-18,株式会社
株式会社Ｌｉｂｅ－Ｌｉｅｔｏ＆Ｃｏ．,徳島県徳島市川内町平石住吉３１２番地の１,2019-12-18,株式会社
株式会社Ｌｏｃａｌ　Ｇａｉｎ,熊本県熊本市東区花立６丁目１６番７１号ルネス花立Ⅱ３０２,2019-12-18,株式会社
株式会社Ｌｏｇｉｃ,福岡県うきは市浮羽町西隈上１４５番地６,2019-12-18,株式会社
株式会社Ｌｙｒｉｃ,神奈川県川崎市川崎区観音１丁目１９番４号,2019-12-18,株式会社
株式会社ＭＡＡ研究所,東京都台東区谷中２丁目７番６号ユーベルク谷中,2019-12-18,株式会社
株式会社ＭＡＤＩＡ,神奈川県藤沢市南藤沢６番１１号南藤沢フラットビル６階,2019-12-18,株式会社
株式会社ＭＡＧＡＫＩ,東京都世田谷区玉堤１丁目１６番２４号ニックハイム尾山台１０３号,2019-12-18,株式会社
株式会社Ｎ．Ｔ．Ｓ　ＨＯＬＤＩＮＧＳ,千葉県鎌ケ谷市初富８０２番地９３（ホワイトパレス２０５）,2019-12-18,株式会社
株式会社ＮＯｉＲ,東京都港区南青山３丁目１番３０号エイベックスビルコワーキングスペース「ａｖｅｘＥＹＥ」内,2019-12-18,株式会社
株式会社ＮＳＳＫ－Ｎ,東京都港区愛宕２丁目５番１号愛宕グリーンヒルズＭＯＲＩタワー,2019-12-18,株式会社
株式会社ＮＳＳＫ－ＮＮ,東京都港区愛宕２丁目５番１号愛宕グリーンヒルズＭＯＲＩタワー,2019-12-18,株式会社
株式会社ＮＳＳＫ－Ｐ,東京都港区愛宕２丁目５番１号愛宕グリーンヒルズＭＯＲＩタワー,2019-12-18,株式会社
株式会社ＮＳＳＫ－ＰＰ,東京都港区愛宕２丁目５番１号愛宕グリーンヒルズＭＯＲＩタワー,2019-12-18,株式会社
株式会社ＮＹＣ,埼玉県さいたま市大宮区上小町８５７番地１パサージュコムラーダ２０１,2019-12-18,株式会社
株式会社ＮａｔｕｒａｌＢａｓｋｅｔ,東京都世田谷区下馬１丁目３４番１２号ベルビュウ３０６,2019-12-18,株式会社
株式会社ＯＧ,愛媛県松山市朝日ケ丘２丁目３番１９号,2019-12-18,株式会社
株式会社Ｏｎｅ　Ｔｗｏ,東京都目黒区五本木３丁目１６番１０号ベルファミーユ１０１,2019-12-18,株式会社
株式会社ＰＥＩ,大阪府大阪市北区梅田１丁目１番３－２７００大阪駅前第３ビル２７階,2019-12-18,株式会社
株式会社ＰＩＴ　ＩＮ　ＮＥＧＩＳＨＩ,埼玉県行田市向町５７５番地３,2019-12-18,株式会社
株式会社ＱＲＩＭＯ企画,大阪府大阪市住之江区緑木１丁目１番６－１００６号,2019-12-18,株式会社
株式会社Ｒ＆Ｔ,奈良県桜井市大字三輪４６０番地の２４,2019-12-18,株式会社
株式会社ＲＥＶＡ不動産,静岡県藤枝市水守３丁目２１番地の７,2019-12-18,株式会社
株式会社ＲＥＶＡＲＹ　ＢＲＡＮＤＩＮＧ,宮城県仙台市若林区中倉３丁目１６番２８号,2019-12-18,株式会社
株式会社ＲＩＢＢＯＮ　ＲＯＣＫＥＴ,東京都渋谷区神宮前２丁目２１番１７号,2019-12-18,株式会社
株式会社Ｒｅ,埼玉県久喜市栗原４丁目１番地１２,2019-12-18,株式会社
株式会社Ｓ・Ｔ・Ｃ,沖縄県名護市字川上８６１番地１,2019-12-18,株式会社
株式会社ＳＡＫＡＺＵＫＩ,福岡県福岡市南区屋形原３丁目３４番３４号,2019-12-18,株式会社
株式会社ＳＥＩＫＡ　ｃｏｎｓｕｌｔｉｎｇ,東京都世田谷区三軒茶屋２丁目１９番１１号,2019-12-18,株式会社
株式会社ＳＴ,東京都目黒区五本木１丁目８番地３号,2019-12-18,株式会社
株式会社ＳＴＰ,東京都港区赤坂９丁目５番２６号,2019-12-18,株式会社
株式会社Ｓｔｏｎｅｖａｌｌｅｙ,神奈川県川崎市川崎区渡田３丁目１３番８号,2019-12-18,株式会社
株式会社Ｓｕｅｒｔｅ,神奈川県海老名市大谷北１丁目５番１５号,2019-12-18,株式会社
株式会社Ｔ＆Ｓ　ＧＲＯＵＰ,栃木県宇都宮市中岡本町３６６１番地１０,2019-12-18,株式会社
株式会社ＴＡＫＩＫＥＮ,北海道苫小牧市字沼ノ端２１７番地６８,2019-12-18,株式会社
株式会社ＴＢＰ,大阪府寝屋川市香里南之町２０－１１ＴＢＰビル,2019-12-18,株式会社
株式会社ＴＥＴＳＵ,東京都立川市柴崎町２丁目３番３号ＭＳＴビル１Ｆ,2019-12-18,株式会社
株式会社ＴＭＲ,東京都千代田区外神田１丁目３番５号下村ビル２階,2019-12-18,株式会社
株式会社ＴＭＳ,愛知県海部郡大治町大字西條字西之割２４番地,2019-12-18,株式会社
株式会社ＴＮＤＪ,東京都港区芝５丁目１番３号三ツ輪三田ビル７階,2019-12-18,株式会社
株式会社ＴＲＹ－Ｘ,福岡県直方市大字直方６７０－９０－Ｂ２０１,2019-12-18,株式会社
株式会社Ｔｈｒｅｅ　Ｗｉｎ,宮崎県宮崎市清武町加納丙５５９番地３,2019-12-18,株式会社
株式会社ＶＯＹＡＧＥ,東京都渋谷区千駄ヶ谷４丁目１５番４号,2019-12-18,株式会社
株式会社Ｙ＆Ｈ,兵庫県神戸市中央区琴ノ緒町１丁目６－２－４階,2019-12-18,株式会社
株式会社ＹＹ,東京都港区麻布十番２丁目７－５カスタリア麻布十番七面坂１００３,2019-12-18,株式会社
株式会社ｃｏｒｖｏ,東京都港区六本木３丁目３番２３－４０３号,2019-12-18,株式会社
株式会社ｋｔＧ,東京都調布市国領町２丁目５番地１５グランタワー調布国領１００７,2019-12-18,株式会社
株式会社ｍｉｎｉｍａｌ,東京都港区南青山１丁目３番１－４３０４号,2019-12-18,株式会社
株式会社ｒｉｒｅ,福岡県福岡市中央区大名２丁目４番２２号３Ｆ,2019-12-18,株式会社
株式会社ｓ’ａｐｐｕｙｅｒ養命堂,東京都港区南青山３丁目８番１３号,2019-12-18,株式会社
株式会社ｗｉｌｌＢ,長野県松本市野溝西２丁目１１番１号,2019-12-18,株式会社
沖縄マリンラジオサービス株式会社,沖縄県南城市大里字稲嶺２２３４番地１９９,2019-12-18,株式会社
濵村管財合同会社,東京都世田谷区宇奈根３丁目３番７号,2019-12-18,合同会社
濵村総研合同会社,東京都世田谷区宇奈根３丁目３番７号,2019-12-18,合同会社
特定非営利活動法人いかす・つなぐ入来空き家再生プロジェクト,鹿児島県薩摩川内市入来町浦之名５６番地,2019-12-18,その他の設立登記法人
特定非営利活動法人そなえる救急医療情報,兵庫県明石市鷹匠町２番３２号,2019-12-18,その他の設立登記法人
特定非営利活動法人ローカルズナレッジ,愛知県春日井市乙輪町３丁目４８番地プリンスハイツ乙輪５０２号,2019-12-18,その他の設立登記法人
特定非営利活動法人声の健康推進協会,神奈川県横浜市西区中央２丁目５番１６号,2019-12-18,その他の設立登記法人
特定非営利活動法人志気,福岡県那珂川市後野１丁目１１番９号（Ｌ・ウィンズＡ２０１号）,2019-12-18,その他の設立登記法人
特定非営利活動法人朋の会,東京都新宿区歌舞伎町２丁目４番１４－６０４号,2019-12-18,その他の設立登記法人
特定非営利活動法人鞆・平港から開こう会,広島県福山市鞆町後地１５６７番１号,2019-12-18,その他の設立登記法人
特定非営利活動法人Ｈｅａｒｔ　Ｃｅｌｅｂｒａｔｉｏｎ,愛知県名古屋市中区大須３丁目５番４０号,2019-12-18,その他の設立登記法人
王子国際観光合同会社,埼玉県川口市八幡木２丁目２３番地の３９,2019-12-18,合同会社
環境維持保全工法研究会,東京都中央区八丁堀３丁目２５－１０ＪＲ八丁堀ビル５Ｆ　一般社団法人全日本漁港建設協会　内,2019-12-18,その他
甲賀グロース合同会社,東京都品川区東五反田３丁目３番８号ロイヤル高輪台３０１号室,2019-12-18,合同会社
白井屋ホテル株式会社,群馬県前橋市本町２丁目２番１５号,2019-12-18,株式会社
白金建築設計事務所株式会社,東京都港区白金台４丁目７番７号,2019-12-18,株式会社
百五みらい投資株式会社,三重県津市栄町３丁目１２３番地１,2019-12-18,株式会社
直井総合株式会社,東京都世田谷区喜多見１丁目１１番１５号,2019-12-18,株式会社
経理の寺子屋,福岡県直方市大字上新入２２４３番地１６６号,2019-12-18,その他
自動車旅行推進機構,東京都港区東新橋２丁目３－１７,2019-12-18,その他
藤正興産株式会社,兵庫県加古川市平岡町高畑２７３番地の１２ビラ依藤３０１号,2019-12-18,株式会社
西尾寺津飛越狐塚土地区画整理組合,愛知県西尾市神下町８番地,2019-12-18,その他
豊幸株式会社,神奈川県横浜市中区山下町１８９番地,2019-12-18,株式会社
農事組合法人梅ケ島農産,富山県南砺市梅ケ島２０１番地５,2019-12-18,その他の設立登記法人
連連Ｐａｙ株式会社,東京都渋谷区代々木２丁目２０番１９号３階（ＣＶＣ会計内）,2019-12-18,株式会社
逸加株式会社,東京都墨田区横川３丁目６番７号２－Ｎ室,2019-12-18,株式会社
鉄太郎株式会社,東京都三鷹市下連雀６丁目７番２４号,2019-12-18,株式会社
鮭川村鳥獣被害防止対策協議会,山形県最上郡鮭川村大字佐渡２００３－７,2019-12-18,その他
麗華林株式会社,京都府京都市上京区芝大宮町２３－１０,2019-12-18,株式会社
Ａ．Ａ．ＴＲＡＤＩＮＧ株式会社,埼玉県春日部市大沼６丁目１３７番地１,2019-12-18,株式会社
ＡＢＳジャパン株式会社,大阪府大阪市中央区谷町１丁目３番４－７０２号,2019-12-18,株式会社
ＡＨＳ事業協同組合,愛知県名古屋市緑区浦里４丁目１７９番地,2019-12-18,その他の設立登記法人
ＡＮＰケミカルズ株式会社,埼玉県行田市富士見町１丁目１６番地１,2019-12-18,株式会社
ＡＴＹ合同会社,東京都中央区東日本橋２丁目２８番４号日本橋ＣＥＴビル２階,2019-12-18,合同会社
ＡＹＡＮＯスタッフス合同会社,東京都葛飾区東立石１丁目３番２２－２０２号平和橋パールコーポ,2019-12-18,合同会社
Ａｒｏｍａ　Ｊａｐａｎ　Ｔｒａｄｉｎｇ株式会社,埼玉県草加市谷塚１丁目２番地４５,2019-12-18,株式会社
Ａｒｔｉｓｔ　Ｍａｇｉｃ合同会社,兵庫県西宮市名塩平成台８番地４,2019-12-18,合同会社
Ａｚｕｓａ　Ｉｎｔｅｒｎａｔｉｏｎａｌ株式会社,埼玉県川口市朝日３丁目２１－１１リブリ・ｒｉｃｃｏⅢ２０３号,2019-12-18,株式会社
ＢＳコンサルティング合同会社,滋賀県大津市春日町１番５－９０２,2019-12-18,合同会社
Ｂｌｕｅ　Ｐｏｉｎｔｅｒ株式会社,大阪府大阪市住吉区山之内１丁目１１番２５号サンハイツ山之内４０７室,2019-12-18,株式会社
Ｂｕｉｌｄ　ＵＰ株式会社,東京都江戸川区鹿骨５丁目２１番３号,2019-12-18,株式会社
ＣＯＬＯＵＲＳ．株式会社,東京都港区海岸１丁目２番地３号汐留芝離宮ビル２１Ｆ,2019-12-18,株式会社
ＣＯＳＭＯＳ協同組合,東京都世田谷区東玉川２丁目３６番１２号,2019-12-18,その他の設立登記法人
Ｃｅｎｔａｒａ　Ｊａｐａｎ　Ｃａｐｉｔａｌ合同会社,東京都中央区銀座１丁目６番１１号,2019-12-18,合同会社
Ｃｒｅｍｅ合同会社,神奈川県大和市渋谷５丁目１３番地９,2019-12-18,合同会社
ＤＳＦ奈良株式会社,奈良県奈良市菅原東２丁目１－１０,2019-12-18,株式会社
ＦＣ　ＣＡＰＩＴＡＬ株式会社,大阪府大阪市浪速区大国２丁目１５番１８号,2019-12-18,株式会社
ＦＦＦｕｎｄ株式会社,東京都豊島区池袋２丁目５５番１２号,2019-12-18,株式会社
ＧＶＡホールディングス株式会社,東京都渋谷区恵比寿西１丁目７番７号ＥＢＳビル３階,2019-12-18,株式会社
ＨＯＬバス株式会社,長野県下高井郡山ノ内町大字佐野２６１４番地１６,2019-12-18,株式会社
Ｈａｋｕｂａ　Ｍａｔａｔａ合同会社,長野県北安曇郡白馬村大字北城２９４０番地１５,2019-12-18,合同会社
Ｈａｌ合同会社,福岡県福岡市博多区博多駅前１丁目２２番２３－３０１号,2019-12-18,合同会社
ＩＦ　ＥＬＳＥ株式会社,大阪府大阪市北区天満２丁目１－１２天満橋ＳＥビル４Ｆ,2019-12-18,株式会社
ＫＥＹＳＢＩＴ株式会社,神奈川県横浜市西区岡野１丁目１２番１４号,2019-12-18,株式会社
Ｌ＆Ｒ合同会社,東京都港区南青山５丁目１２番５－４０１号,2019-12-18,合同会社
ＬＩＮＫ　ＷＯＲＫ　ＴＲＡＤＩＮＧ株式会社,東京都墨田区横川３丁目６番７号２－Ｑ室,2019-12-18,株式会社
Ｌｕｍｉｎｏｕｓ株式会社,東京都千代田区神田佐久間町２丁目３番秋葉原井上ビル７Ｆ,2019-12-18,株式会社
ＭＡＧｉ　Ｃｏｎｓｕｌｔｉｎｇ合同会社,東京都調布市西つつじケ丘１丁目３８－３４,2019-12-18,合同会社
ＭＡＸ　ＷＥＡＬＴＨＹ　ＪＡＰＡＮ株式会社,大阪府豊中市上野西３丁目６番３２号,2019-12-18,株式会社
ＭＯＶＡＲＯＮ株式会社,大阪府大阪市淀川区西中島６丁目８－２３ビープラスビル８０２,2019-12-18,株式会社
Ｍａｃｒｏｂａｔ合同会社,東京都港区北青山２丁目７番２０号猪瀬ビル２Ｆ,2019-12-18,合同会社
Ｍｏｔｈｅｒｅｓｅ　Ｋｉｄｓ合同会社,岡山県倉敷市上東１２３２番５,2019-12-18,合同会社
Ｎコーポレーション株式会社,福井県福井市新田本町第９号１２１番地,2019-12-18,株式会社
ＮＥＯ合同会社,岡山県岡山市東区松新町８１７番地,2019-12-18,合同会社
ＮＥＸＴ２０合同会社,沖縄県中頭郡西原町字与那城３４５番地の５（パレスｐｋｍ１Ｆ）,2019-12-18,合同会社
Ｎｉｓｈｉｋｉリレーションズ株式会社,東京都千代田区神田小川町３丁目２番地４１,2019-12-18,株式会社
Ｎｉｔｙｏ　Ｉｎｆｏｔｅｃｈ　Ｓｅｒｖｉｃｅｓ,東京都港区新橋４丁目２１番３号新橋東急ビル３階,2019-12-18,外国会社等
ＯＮ．Ｓサービス株式会社,大阪府守口市桜町１番２８号,2019-12-18,株式会社
ＯＳＳ株式会社,愛知県名古屋市中村区岩塚本通３丁目３１番地の２,2019-12-18,株式会社
ＯＵＵＯ株式会社,神奈川県川崎市中原区新丸子町７４３－１サンパティーク新丸子２０３,2019-12-18,株式会社
Ｏｎｇｏｉｎｇ株式会社,福岡県福岡市南区井尻１丁目２０番６－１０６号,2019-12-18,株式会社
Ｏｒｉｅｎｔａｌ　Ｍｅｒｃｈａｎｔ　Ｐｔｙ．ＬＴＤ．,東京都渋谷区代々木１丁目１０－５代々木伊藤ローヤルコーポ５０１号,2019-12-18,外国会社等
Ｏｖｅｒｓｅａｓ　Ｅｓｃｏ合同会社,神奈川県茅ヶ崎市東海岸南４丁目２２番３号,2019-12-18,合同会社
ＰＧホールディングス株式会社,大阪府門真市大字門真１００６番地,2019-12-18,株式会社
ＲＩＮＯＷＮ　ＴＲＡＤＩＮＧ,千葉県東金市下武射田２７０６番地３,2019-12-18,外国会社等
Ｒｅｓｐｏｎｓｉｂｌｅ　Ｆｏｏｄ株式会社,神奈川県横浜市中区尾上町４丁目５７番地横浜尾上町ビルディング８Ｆ,2019-12-18,株式会社
ＳＨＩＮ　ＥＮＴＥＲＰＲＩＳＥ株式会社,兵庫県神戸市中央区下山手通２丁目１７番２号ワイズコーポレーションビルディング９０２,2019-12-18,株式会社
ＳＬＣホールディングス株式会社,秋田県秋田市泉字登木２３４番地,2019-12-18,株式会社
ＴＨエナジー合同会社,徳島県徳島市徳島本町３丁目６番地,2019-12-18,合同会社
ＵＢＪＳ株式会社,東京都中央区日本橋室町３丁目３番１号Ｅ．Ｔ．Ｓ．室町ビル４階,2019-12-18,株式会社
Ｖブリッジ株式会社,東京都新宿区市谷加賀町２丁目４番１１－４０１号,2019-12-18,株式会社
ＷＢＳＢ＆ＣＯＭＰＡＮＹ合同会社,東京都中央区日本橋蛎殻町１丁目２８番４号岩崎ビル４Ｆ,2019-12-18,合同会社
ＺＡＫＫ　Ｃｏｎｓｕｌｔｉｎｇ合同会社,東京都目黒区三田２丁目４－１０,2019-12-18,合同会社
ｅｆｆｏｒｔ株式会社,宮城県仙台市宮城野区白鳥１丁目３４番６号,2019-12-18,株式会社
ｓａｎｄＫ株式会社,広島県広島市安佐南区緑井４丁目８番９号,2019-12-18,株式会社
ｓｏｌｉｓ株式会社,東京都渋谷区円山町５番５号,2019-12-18,株式会社
ｔｏｒａｙａ合同会社,神奈川県横須賀市野比１丁目３８番２号,2019-12-18,合同会社
ｘｗａｔｔ株式会社,東京都中央区日本橋小舟町１１番１１号,2019-12-18,株式会社
さくらヒルズ合同会社,東京都渋谷区桜丘町２２番１９－３７号,2019-12-19,合同会社
さくらリフォーム株式会社,埼玉県坂戸市泉町３丁目１１番地７パークサイドシティ３１０号室,2019-12-19,株式会社
みなと事業協同組合,群馬県高崎市東町１５５番地３－１１０３号,2019-12-19,その他の設立登記法人
アオゾラデザイン株式会社,東京都港区海岸１丁目２番２０号汐留ビルディング３Ｆ,2019-12-19,株式会社
アルティス株式会社,滋賀県彦根市京町１丁目３－１５ＳｕｎＶａｌｌｅｙ彦根１Ｆ,2019-12-19,株式会社
ウィズすまいる合同会社,大阪府大阪市北区梅田１丁目１番３号大阪駅前第３ビル２３０７,2019-12-19,合同会社
ウィズビル合同会社,島根県松江市末次本町１０８番地,2019-12-19,合同会社
ウィル合同会社,東京都西東京市富士町５丁目５番地２９号東伏見ＭＩ１０１号室,2019-12-19,合同会社
エアージニア工業株式会社,宮城県岩沼市里の杜２丁目１３番１１号,2019-12-19,株式会社
エイムアクト株式会社,新潟県新潟市西蒲区浦村字土手下８１７番８,2019-12-19,株式会社
エクシブ株式会社,東京都渋谷区神南１丁目８－１８クオリア神南フラッツ３０４,2019-12-19,株式会社
カムス株式会社,東京都文京区千石３丁目８番５号,2019-12-19,株式会社
カーサービス運送株式会社,兵庫県神戸市兵庫区東出町３丁目１５番２号４Ｆ,2019-12-19,株式会社
キオクシア労働組合,三重県四日市市山之一色町８００番地キオクシア株式会社四日市工場内,2019-12-19,その他の設立登記法人
ギグセールス合同会社,東京都港区南青山２丁目２番１５号ＷｉｎＡｏｙａｍａビルＵＣＦ９階,2019-12-19,合同会社
グローバルアグリファーム株式会社,千葉県鴨川市内浦３２３１－１８,2019-12-19,株式会社
グローバル株式会社,福島県福島市在庭坂字水沢５１番地の１,2019-12-19,株式会社
コネクト株式会社,茨城県守谷市立沢６００番地,2019-12-19,株式会社
シルトクレーテ株式会社,北海道網走市つくしケ丘３丁目２番２号,2019-12-19,株式会社
セイホウ工芸株式会社,宮崎県日南市大字隈谷甲１４１０番地２,2019-12-19,株式会社
ソムリー合同会社,神奈川県横浜市中区桜木町１丁目１０１番地１クロスゲート７階,2019-12-19,合同会社
ヂェムフードサービス株式会社,京都府京都市東山区東大路三条下る南西海子町４３４番地７大喜久ビル,2019-12-19,株式会社
デザインテック建築工房株式会社,京都府相楽郡和束町大字原山小字上手３番地,2019-12-19,株式会社
デザインラボ株式会社,東京都渋谷区渋谷１丁目２３－２１ｃｏ－ｌａｂｏ渋谷キャスト,2019-12-19,株式会社
ドットワン合同会社,東京都昭島市美堀町３丁目２１番４号,2019-12-19,合同会社
ネクサスドア株式会社,神奈川県横浜市中区桜木町２丁目２番９号港陽ビル４Ｆ,2019-12-19,株式会社
ビーアンドシー株式会社,神奈川県相模原市緑区東橋本３丁目７番２０号フレマリール東橋本Ｂ棟２０１号室,2019-12-19,株式会社
ピークショア合同会社,群馬県高崎市福島町７５４番地１０,2019-12-19,合同会社
ブリッジアカウンティング合同会社,東京都港区港南３丁目５番１０－２３０８号,2019-12-19,合同会社
プレスト合同会社,宮城県富谷市富谷堂ノ前５３番１,2019-12-19,合同会社
ペンギンジャパン合同会社,群馬県吾妻郡中之条町大字中之条町１４６１番地１１,2019-12-19,合同会社
メカマハロ株式会社,埼玉県さいたま市中央区大戸１丁目８番３号,2019-12-19,株式会社
ユーテック・グループ株式会社,滋賀県大津市横木１丁目４番１２号プレアール滋賀追分２０３,2019-12-19,株式会社
ラディアンス・アソシエーション合同会社,神奈川県横浜市戸塚区吉田町１３０番地１ラヴィドール横浜戸塚８０３号,2019-12-19,合同会社
リラックスコミュニティ株式会社,埼玉県川口市新井町１３番６号,2019-12-19,株式会社
ルークス株式会社,埼玉県さいたま市見沼区大和田町２丁目６９１番地,2019-12-19,株式会社
ロウタイド合同会社,東京都台東区上野７丁目４番９号,2019-12-19,合同会社
ワールドホールディングス株式会社,埼玉県加須市芋茎１０３９番地２,2019-12-19,株式会社
一般社団法人あおぞら,大阪府大阪市西淀川区出来島３丁目２番７１号,2019-12-19,その他の設立登記法人
一般社団法人まごの手,兵庫県加古川市平岡町つつじ野２番２１号,2019-12-19,その他の設立登記法人
一般社団法人アイヌ学術センター,北海道網走郡美幌町字福住１７９番地の８,2019-12-19,その他の設立登記法人
一般社団法人クリスタルボウルアカデミージャパン,東京都港区浜松町２丁目２番１５号浜松町ダイヤビル２Ｆ,2019-12-19,その他の設立登記法人
一般社団法人ソラール,東京都中野区本町６丁目３９番８号ソラールＫＳ,2019-12-19,その他の設立登記法人
一般社団法人ナカジマ,埼玉県春日部市備後東６丁目８番７号,2019-12-19,その他の設立登記法人
一般社団法人ハートアライアンス,東京都新宿区新宿２丁目１５番２２号,2019-12-19,その他の設立登記法人
一般社団法人ミライサト,新潟県佐渡市真野新町３４６番地,2019-12-19,その他の設立登記法人
一般社団法人ランドヌ東京,神奈川県川崎市中原区宮内３丁目８番１２－１１３号,2019-12-19,その他の設立登記法人
一般社団法人リンパケア協会,兵庫県明石市本町１丁目２－３３興生ビル４階,2019-12-19,その他の設立登記法人
一般社団法人仏教生活センター,大阪府大阪市北区同心１丁目５番７－６０６号,2019-12-19,その他の設立登記法人
一般社団法人再生可能エネルギー長期安定電源推進協会,東京都港区新橋１丁目１２番９号,2019-12-19,その他の設立登記法人
一般社団法人国際交流人材育成協会,群馬県前橋市南町３丁目２４番１号,2019-12-19,その他の設立登記法人
一般社団法人大学アライアンスやまなし,山梨県甲府市武田４丁目４番３７号,2019-12-19,その他の設立登記法人
一般社団法人富士山の価値を高める会,東京都千代田区丸の内３丁目４番２号,2019-12-19,その他の設立登記法人
一般社団法人市川市上下水道空調設備インフラ協会,千葉県市川市鬼越２丁目５番４号,2019-12-19,その他の設立登記法人
一般社団法人新潟小児希少疾患協会,新潟県新潟市中央区旭町通１番町７５７番地新潟大学医学部小児科学教室内,2019-12-19,その他の設立登記法人
一般社団法人日中医療・介護支援協会,東京都荒川区西日暮里５丁目１０番９号ＦＫビル４０３室,2019-12-19,その他の設立登記法人
一般社団法人日本小腸ヨガ協会,大阪府大阪市天王寺区生玉前町１番１３号,2019-12-19,その他の設立登記法人
一般社団法人柏原市歯科医師会,大阪府柏原市大県４丁目１５番３５号柏原市立保健センターオアシス１Ｆ,2019-12-19,その他の設立登記法人
一般社団法人県北西部地域医療ネット,岐阜県郡上市白鳥町為真１２０５番地１,2019-12-19,その他の設立登記法人
一般社団法人総合芸術研究所,東京都中野区中野５丁目５０番６号総芸研ビル２階,2019-12-19,その他の設立登記法人
一般社団法人膳所福祉住環境・福祉用具移動相談所,滋賀県大津市竜が丘１３番６８号,2019-12-19,その他の設立登記法人
一般社団法人菜々花会,鹿児島県枕崎市宮田町１１２番地,2019-12-19,その他の設立登記法人
一般社団法人集合住宅維持・再生計画,東京都北区中里１丁目３番８号,2019-12-19,その他の設立登記法人
一般社団法人ＨＤＧ１１,東京都港区虎ノ門３丁目２２番１０－２０１号,2019-12-19,その他の設立登記法人
一般社団法人ＨＤＧ１２,東京都港区虎ノ門３丁目２２番１０－２０１号,2019-12-19,その他の設立登記法人
一般社団法人ＨＤＧ１３,東京都港区虎ノ門３丁目２２番１０－２０１号,2019-12-19,その他の設立登記法人
上智未来国際交流センター株式会社,東京都千代田区飯田橋４丁目１番１１号信濃ビル６階,2019-12-19,株式会社
上海電気クリーンエナジー日本株式会社,東京都渋谷区桜丘町２６番１号セルリアンタワー１５階,2019-12-19,株式会社
中里商事株式会社,長崎県長崎市中里町１４００番地,2019-12-19,株式会社
六本木カントリークラブゴルフアカデミー株式会社,東京都港区六本木３丁目８番６号須藤ビルＢ１Ａ室,2019-12-19,株式会社
分析事業分割準備株式会社,茨城県ひたちなか市大字堀口字長久保８３２番地２,2019-12-19,株式会社
前川技建合同会社,東京都世田谷区給田２丁目５番１８号３０１,2019-12-19,合同会社
医療法人おぎむら,長野県佐久市佐久平駅東１３番地６,2019-12-19,その他の設立登記法人
医療法人かわじり内科医院,福岡県直方市湯野原２丁目８番４号,2019-12-19,その他の設立登記法人
医療法人せいの歯科クリニック,愛知県清須市須ケ口駅前２丁目８番地,2019-12-19,その他の設立登記法人
医療法人はたなか歯科・口腔外科,愛知県常滑市奥栄町１丁目７の３,2019-12-19,その他の設立登記法人
医療法人優風会,長野県長野市大字風間字芹土２４９番地１,2019-12-19,その他の設立登記法人
医療法人社団万葉会,岡山県岡山市北区庭瀬１８３番地１,2019-12-19,その他の設立登記法人
医療法人社団健真会,兵庫県神戸市須磨区北落合３丁目２８番２－２０１号,2019-12-19,その他の設立登記法人
医療法人社団照,神奈川県川崎市中原区下小田中３丁目１６番５号武蔵中原貸寮１階,2019-12-19,その他の設立登記法人
医療法人緑泉会,長野県安曇野市豊科８７７番地４,2019-12-19,その他の設立登記法人
医療法人雅の里,長野県松本市大字今井字本郷１２２２番地１,2019-12-19,その他の設立登記法人
医療法人ＯＷＬ,高知県高知市葛島３丁目５番１６号,2019-12-19,その他の設立登記法人
原白株式会社,東京都渋谷区渋谷１丁目８番３号ＴＯＣ第１ビル６階,2019-12-19,株式会社
合同会社きよくろ,愛知県海部郡大治町大字長牧字中道１３５番地１,2019-12-19,合同会社
合同会社ぼんぼり,京都府京都市下京区京極町４９７ＫＹＯＴＯＳＡＭＵＲＡＩＳＯＨＯ、Ｈ号室,2019-12-19,合同会社
合同会社わくわく,福岡県朝倉市牛木１５９番地１,2019-12-19,合同会社
合同会社アカルイミライ,東京都中央区銀座３丁目３番７号サカイリ９ビル２Ｆ,2019-12-19,合同会社
合同会社アプリゴット,東京都中央区日本橋小網町３番１８号,2019-12-19,合同会社
合同会社エムケー商会,岡山県岡山市中区海吉２２６０番地５,2019-12-19,合同会社
合同会社オレンジ,東京都江東区大島４丁目１６番１３号シティハウス東京大島,2019-12-19,合同会社
合同会社ケアプラン事業所クスカメ,京都府京都市山科区小山一石畑５５番地４,2019-12-19,合同会社
合同会社ササキ商事,山形県米沢市駅前３丁目５番８３号カーサレガーレ１０１号室,2019-12-19,合同会社
合同会社シェルハウスプランニング,東京都江東区潮見２丁目１０番１５－１０１６号,2019-12-19,合同会社
合同会社ジアモリクス,東京都千代田区神田多町２丁目８番地１１－９０５,2019-12-19,合同会社
合同会社ジェニュイン,東京都江東区亀戸７丁目４４番２号,2019-12-19,合同会社
合同会社スイートスポット,東京都渋谷区神宮前２丁目４番１１号,2019-12-19,合同会社
合同会社タキマ,東京都中野区中野５丁目６０番２号ライオンズプラザ中野４０４号室,2019-12-19,合同会社
合同会社ディーエイチ,東京都杉並区荻窪５丁目３０番６号福村産業荻窪ビル３１３,2019-12-19,合同会社
合同会社ノワ,東京都八王子市散田町４丁目１番２号,2019-12-19,合同会社
合同会社ハラン事務所,埼玉県所沢市若狭３丁目２３６２番地の６,2019-12-19,合同会社
合同会社ハーバートラスト,神奈川県横浜市中区山下町１０８番地小黒ビル２０３,2019-12-19,合同会社
合同会社フードレボルーション,東京都中央区新川１丁目２７－１,2019-12-19,合同会社
合同会社プライム,大阪府高石市取石４丁目１４番３４号,2019-12-19,合同会社
合同会社ベストライフ,東京都新宿区西落合４丁目３番１３号キャッスル西落合３０７号,2019-12-19,合同会社
合同会社ポテト,東京都渋谷区神宮前３丁目３８番１４号アンジェラ神宮前４０４号,2019-12-19,合同会社
合同会社マローズスタジオ,熊本県熊本市中央区帯山９丁目３番６号,2019-12-19,合同会社
合同会社ムジカプロデュース,兵庫県西宮市安井町２番３４号,2019-12-19,合同会社
合同会社ヨシダ,佐賀県鳥栖市宿町１４０１,2019-12-19,合同会社
合同会社リク・カメラート,京都府京都市左京区岩倉中在地町４１番地２,2019-12-19,合同会社
合同会社五味,東京都千代田区神田駿河台２丁目１１番地６,2019-12-19,合同会社
合同会社佐藤新聞舗,兵庫県宝塚市栄町１丁目１４番１５号,2019-12-19,合同会社
合同会社優晴,東京都町田市南町田４丁目１２番１１号,2019-12-19,合同会社
合同会社光陽システム,福島県伊達郡川俣町大字秋山字桜ケ下４５番地の２,2019-12-19,合同会社
合同会社四保管理,愛知県名古屋市中川区四女子町２丁目２０番地,2019-12-19,合同会社
合同会社塚本新聞舗,大阪府大阪市港区港晴１丁目４番５号,2019-12-19,合同会社
合同会社天文館開発,東京都千代田区麹町２丁目２番３１号,2019-12-19,合同会社
合同会社宝林社,東京都葛飾区南水元４丁目１５番２号,2019-12-19,合同会社
合同会社工房びっけ,愛知県丹羽郡扶桑町大字南山名字一色３６番地,2019-12-19,合同会社
合同会社水戸笑店,東京都中央区日本橋堀留町１丁目３番１６号,2019-12-19,合同会社
合同会社海林工業,愛知県名古屋市中区栄１丁目２３番２９号サンハイツ伏見２Ｆ,2019-12-19,合同会社
合同会社石橋木工,島根県出雲市園町１２１５番地,2019-12-19,合同会社
合同会社超順,宮城県岩沼市竹の里２丁目２番地９－Ａ棟,2019-12-19,合同会社
合同会社１２３,兵庫県姫路市的形町的形１９９８番地,2019-12-19,合同会社
合同会社ＣＨＩＮＯＯＫ,東京都大田区蒲田本町１丁目３番１－１０３号,2019-12-19,合同会社
合同会社ＣＩＯＣＩＡＯ,東京都足立区西新井３丁目１４番２－５０５号,2019-12-19,合同会社
合同会社Ｃａｎａｌ,熊本県熊本市南区平田２丁目２０－６９,2019-12-19,合同会社
合同会社ＥＭＫ,北海道北斗市七重浜３丁目１０番２０号,2019-12-19,合同会社
合同会社Ｆ．Ｌ．ｃｌｏｖｅｒ,熊本県熊本市東区江津３丁目３番５１号リベルテⅢＣ,2019-12-19,合同会社
合同会社ＧＥＴ　ＵＰ,埼玉県さいたま市大宮区仲町３丁目９０番地２,2019-12-19,合同会社
合同会社ＧＲＥＥＤ,東京都新宿区中落合３丁目９番５号,2019-12-19,合同会社
合同会社ＨＲＹ,大阪府河内長野市清見台４丁目１９番１－２０９号,2019-12-19,合同会社
合同会社Ｉ－ＴＡＫＥ,大分県大分市日吉町１１番２３号,2019-12-19,合同会社
合同会社ＫＮシステム,千葉県浦安市当代島２丁目１番２１－２０４号ハイマート浦安,2019-12-19,合同会社
合同会社ＫＮＰセカンド,岡山県岡山市東区瀬戸町鍛冶屋４６５番地３,2019-12-19,合同会社
合同会社Ｋｕｎｉｉ,大阪府高石市取石５丁目９番地２号,2019-12-19,合同会社
合同会社ＬＵＮＡ　ＰＩＥＮＡ,神奈川県横浜市青葉区あざみ野南３丁目１７番地３,2019-12-19,合同会社
合同会社ＭｓｍｉｌｅＳＴＡＧＥ,大阪府大阪市西区新町１丁目３０番３号,2019-12-19,合同会社
合同会社Ｎ４Ｈ,東京都荒川区荒川５丁目１－１－１３クォーレ東館２０５,2019-12-19,合同会社
合同会社ＯＦＦＴＯＯＮ,神奈川県三浦郡葉山町長柄６５６番地Ａ,2019-12-19,合同会社
合同会社ＯＧＲ,大阪府箕面市船場東２丁目６番４６号,2019-12-19,合同会社
合同会社ＯＴＡ,大阪府堺市堺区中瓦町１丁４番８－１０１号,2019-12-19,合同会社
合同会社Ｏｎｅ　ｔｅａｍ,東京都多摩市中沢２丁目２４－８,2019-12-19,合同会社
合同会社Ｒｅｌａｌｉｃｅ,大阪府高石市取石５丁目９番地２号,2019-12-19,合同会社
合同会社ＳＰＧホールディングス,東京都渋谷区渋谷１丁目１２番２号クロスオフィス渋谷８Ｆ,2019-12-19,合同会社
合同会社Ｓａｌｔｙｅｅｄ,沖縄県八重山郡竹富町字小浜１４９６番地の１６３,2019-12-19,合同会社
合同会社Ｓｈｏｚａｎ,愛媛県今治市吉海町福田１１９,2019-12-19,合同会社
合同会社ＴＯＭＯＳ,滋賀県大津市木下町５番５号,2019-12-19,合同会社
合同会社ＴｏＨ,北海道札幌市中央区大通西２４丁目１番１６号,2019-12-19,合同会社
合同会社Ｚ２,東京都文京区本郷２丁目９番９－５０１号,2019-12-19,合同会社
合同会社ａｕｄａｘ,東京都大田区大森南３丁目２８番４号,2019-12-19,合同会社
合同会社ｆｒｅｅ,東京都福生市北田園１丁目５３番地１リバーサイド多摩２０５号室,2019-12-19,合同会社
合同会社ｕｎｉｔｅ,兵庫県尼崎市武庫之荘本町２丁目７番１５－４０５号,2019-12-19,合同会社
合資会社高田地所,鳥取県米子市福万３４７番地,2019-12-19,合資会社
城ヶ島合同会社,大阪府大阪市中央区谷町４丁目５番９号谷町アークビル,2019-12-19,合同会社
大丸物産株式会社,北海道札幌市中央区大通西１５丁目１番１２号,2019-12-19,株式会社
大幸コネットコーポレーション合同会社,東京都調布市深大寺南町２丁目８番地２５,2019-12-19,合同会社
富楽日本ＢｅＦｕｎ　Ｊａｐａｎ合同会社,大阪府大阪市淀川区西中島２丁目１２番８号ライオンズマンション新大阪第Ⅲ１５１８号室,2019-12-19,合同会社
實道院一草庵法乗会,福岡県直方市大字下境１７８７番地１,2019-12-19,その他の設立登記法人
山王地所株式会社,秋田県秋田市山王４丁目６番２６号山王９Ｋビル２Ｆ,2019-12-19,株式会社
幸の里株式会社,福岡県福岡市城南区梅林５丁目１２番３号,2019-12-19,株式会社
広いイテゲル合同会社,東京都豊島区南池袋１丁目９番１８号２２６号室,2019-12-19,合同会社
恒勤勇信株式会社,千葉県千葉市中央区港町３－１第２５大協ビル１０３号,2019-12-19,株式会社
恒泰株式会社,東京都新宿区住吉町２番１１－１２０３号,2019-12-19,株式会社
情報防衛技術株式会社,千葉県市川市平田３丁目２７番５－５０１号,2019-12-19,株式会社
愛福客株式会社,京都府京都市左京区高野清水町２４－６、１階Ｂ号室,2019-12-19,株式会社
成塚商事株式会社,東京都練馬区練馬２丁目１５番８号,2019-12-19,株式会社
揚山工業株式会社,大阪府摂津市鳥飼西５丁目４番６号,2019-12-19,株式会社
早木合同会社,東京都荒川区東日暮里５丁目５０番９号もみじばしビル４０２,2019-12-19,合同会社
有作株式会社,東京都千代田区四番町４－９,2019-12-19,株式会社
東亞産業株式会社,東京都昭島市中神町９２８番地,2019-12-19,株式会社
東山ホールディングス株式会社,京都府京都市山科区御陵大津畑町１６番地の６,2019-12-19,株式会社
東祥リート投資法人,愛知県安城市三河安城町１丁目１６番地５,2019-12-19,その他の設立登記法人
株式会社うまい屋,北海道札幌市中央区南十一条西７丁目２番２１号宝ビル地下１階,2019-12-19,株式会社
株式会社かいしゃ,東京都渋谷区桜丘町２３番１７号シティコート桜丘４０８,2019-12-19,株式会社
株式会社かぐら,京都府京都市西京区大原野上里北ノ町６３５番地９,2019-12-19,株式会社
株式会社くらしすてっぷ,福岡県福岡市南区鶴田４丁目４３番２５号,2019-12-19,株式会社
株式会社さくら会計,滋賀県大津市清和町７番４号,2019-12-19,株式会社
株式会社とも,東京都北区西ケ原１丁目３番７号,2019-12-19,株式会社
株式会社にーまるファーム,岡山県瀬戸内市邑久町本庄１４０８番地２,2019-12-19,株式会社
株式会社ひじり,兵庫県姫路市飾磨区加茂２番地１,2019-12-19,株式会社
株式会社ゆり不動産,埼玉県さいたま市緑区美園６丁目８番地１０,2019-12-19,株式会社
株式会社アイリス,兵庫県神戸市中央区磯上通８丁目１番１号テツケンビル５階,2019-12-19,株式会社
株式会社アシプログループ,北海道札幌市東区北二十六条東２１丁目２番１０号,2019-12-19,株式会社
株式会社アチーブ,愛知県岡崎市明大寺町字大圦４８番８３,2019-12-19,株式会社
株式会社アネステック,東京都豊島区東池袋２丁目２０－９、ＯＳサンプラザビル４０１,2019-12-19,株式会社
株式会社アルヴェル,東京都新宿区新宿５丁目１８番２０号ルックハイツ新宿８０３号,2019-12-19,株式会社
株式会社アヴィデア,東京都新宿区天神町７番地１１,2019-12-19,株式会社
株式会社アーキテクト,大阪府大阪市東淀川区豊新４丁目４番４号,2019-12-19,株式会社
株式会社アーキテクトシー,千葉県市原市西国分寺台１丁目３番地９,2019-12-19,株式会社
株式会社アールアイシー,埼玉県飯能市美杉台１丁目１３番地６,2019-12-19,株式会社
株式会社アールズ設計,埼玉県蕨市南町３丁目４番１４号,2019-12-19,株式会社
株式会社イチバノチカラ,大阪府大阪市福島区福島２丁目７番２２号,2019-12-19,株式会社
株式会社インサイドフィールド,茨城県水戸市平須町１８４７番地４,2019-12-19,株式会社
株式会社ウィズダム,大阪府大阪市北区堂島浜２丁目２番２８号堂島アクシスビル３Ｆ,2019-12-19,株式会社
株式会社ウェルサンズ,東京都江戸川区平井７丁目４番２－９０８号,2019-12-19,株式会社
株式会社エイチエム企画,北海道札幌市中央区南五条西５丁目２１番地１第２旭観光ビル４階,2019-12-19,株式会社
株式会社エスコングローバルワークス,東京都港区虎ノ門２丁目１０番４号,2019-12-19,株式会社
株式会社エニト,愛知県名古屋市中村区大門町１３番地,2019-12-19,株式会社
株式会社エフシープレミア,愛知県名古屋市中村区大秋町２丁目５１番地,2019-12-19,株式会社
株式会社オカタニ,兵庫県尼崎市御園３丁目３番８号,2019-12-19,株式会社
株式会社オフィススリーポット,神奈川県川崎市多摩区東生田２丁目１３番２８号,2019-12-19,株式会社
株式会社オフィスタイムマシンネクスト,東京都港区西麻布３丁目１２番１２－３１４号,2019-12-19,株式会社
株式会社オフィスＡＧＫ,鹿児島県鹿児島市樋之口町７－２０,2019-12-19,株式会社
株式会社カステット,千葉県木更津市ほたる野１丁目３１番地１エクセレントＮＯＷ１０２,2019-12-19,株式会社
株式会社カタドリ,愛知県豊田市本町高根３３番地２,2019-12-19,株式会社
株式会社キタイチ電気,東京都品川区北品川１丁目２３番２０号,2019-12-19,株式会社
株式会社キリンジ,東京都港区六本木４丁目２番４５号高會堂ビル２階,2019-12-19,株式会社
株式会社クラスター,福岡県北九州市八幡西区紅梅１丁目８番５号,2019-12-19,株式会社
株式会社クロスネイル・ジャパン,東京都港区白金２丁目１番３２号白金三光ヒルズ１０１,2019-12-19,株式会社
株式会社グッドクリエイト,東京都渋谷区富ヶ谷２丁目１番１２号,2019-12-19,株式会社
株式会社グラシア,岡山県岡山市北区中央町４番１４号第二ファミリービル４Ｆ４０１号室,2019-12-19,株式会社
株式会社グラスゴー,北海道札幌市北区北八条西４丁目１３番地３,2019-12-19,株式会社
株式会社グリーン,鳥取県東伯郡北栄町江北４５１番地６９,2019-12-19,株式会社
株式会社ケセラセラ,大阪府豊中市新千里南町２丁目３番２８号第６センリハイツ４０１号室,2019-12-19,株式会社
株式会社コアコンセプト,東京都世田谷区等々力５丁目１１番２２－２０４号,2019-12-19,株式会社
株式会社ゴールドファンシー・ジャパン,大阪府大阪市中央区内本町２丁目４番１０号,2019-12-19,株式会社
株式会社シーワンＧＦ企画,岡山県岡山市南区福成２丁目１２番１８号,2019-12-19,株式会社
株式会社スターニッポン,神奈川県横浜市泉区和泉町５８６７番地６サンモール丸山Ⅱ３０３,2019-12-19,株式会社
株式会社ステラコネクト,東京都中央区勝どき６丁目３番２－２３０５号,2019-12-19,株式会社
株式会社スミヤスサービス,東京都新宿区上落合１丁目２６番８－２０４号,2019-12-19,株式会社
株式会社スリーエー,東京都江戸川区一之江３丁目１１番３号ビュロー一之江１０１号,2019-12-19,株式会社
株式会社セブンツーキャピタル,東京都港区東麻布３丁目３番１号,2019-12-19,株式会社
株式会社セルディ,神奈川県横浜市西区楠町１－３,2019-12-19,株式会社
株式会社ゼンリョク,兵庫県神戸市西区大津和２丁目１０番地の１６,2019-12-19,株式会社
株式会社ソーヤ,千葉県千葉市花見川区幕張本郷７丁目５番２７－５号,2019-12-19,株式会社
株式会社チトセア・インベストメント,東京都中央区八丁堀２丁目１０番９号,2019-12-19,株式会社
株式会社ツインラン,三重県鈴鹿市地子町８２８番地の６,2019-12-19,株式会社
株式会社テクノバード,東京都多摩市永山２丁目２３番地の４１,2019-12-19,株式会社
株式会社トマリ,岡山県倉敷市亀山７４１番地１５,2019-12-19,株式会社
株式会社ナカマ設備,沖縄県中頭郡読谷村字伊良皆３６０番地,2019-12-19,株式会社
株式会社ナデシコ,愛知県知多郡東浦町大字石浜字下庚申坊４７番地,2019-12-19,株式会社
株式会社ナビスタ,沖縄県那覇市天久２丁目２０番２１号１階,2019-12-19,株式会社
株式会社ナンデイ,富山県富山市綾田町１丁目３４番５号,2019-12-19,株式会社
株式会社ネクストレジェンドハウス,神奈川県横浜市中区桜木町１丁目１番地７ヒューリックみなとみらい１０階,2019-12-19,株式会社
株式会社ネプコ・アソシエイツ,東京都大田区田園調布１丁目１０番３号,2019-12-19,株式会社
株式会社ハルモニア,鹿児島県鹿児島市上福元町６９２１番地１,2019-12-19,株式会社
株式会社バランスラボ,大阪府大阪市住吉区万代４丁目１４番１２－１０１号,2019-12-19,株式会社
株式会社パラスタイル,東京都新宿区下落合３丁目１５番２０号,2019-12-19,株式会社
株式会社パワーライズ,新潟県上越市寺町２丁目１０番２５号,2019-12-19,株式会社
株式会社パーソナルネクスト,埼玉県所沢市日吉町１４番１８号,2019-12-19,株式会社
株式会社ヒューマニティ・マーケティング,福岡県福岡市南区高宮５丁目１１番１０号,2019-12-19,株式会社
株式会社ヒララ,東京都港区新橋３丁目１１番１号マルイト新橋ビル３階,2019-12-19,株式会社
株式会社ヒルトップ１１,東京都渋谷区恵比寿南２丁目２４番１１号,2019-12-19,株式会社
株式会社ビフォレ,東京都中野区沼袋２丁目２番４号,2019-12-19,株式会社
株式会社フジエンタープライズ,神奈川県横浜市中区尾上町３丁目３５番地,2019-12-19,株式会社
株式会社フード・イノベーション,東京都西東京市柳沢３丁目４番１０－５０１号,2019-12-19,株式会社
株式会社ブルーテック不動産,北海道札幌市中央区南二条西１８丁目２９１番地２２２ステージ大通１００１号室,2019-12-19,株式会社
株式会社プッシュバック,東京都港区元麻布３丁目８番６－４０２号,2019-12-19,株式会社
株式会社プラスティ,東京都福生市牛浜９６番地１,2019-12-19,株式会社
株式会社プロフィット企画,宮城県仙台市青葉区一番町１丁目９番２号ザ・レジデンス一番町１２１１,2019-12-19,株式会社
株式会社ヘルサクト,東京都品川区小山４丁目９－１０ワールドパレス武蔵小山１０１,2019-12-19,株式会社
株式会社ベルコーポレーション,兵庫県伊丹市東有岡１丁目１８番地２コープ野村第２伊丹Ｅ－３０６号,2019-12-19,株式会社
株式会社ホシノ釣具店,新潟県上越市港町１丁目２３番１５号,2019-12-19,株式会社
株式会社ホームリトミックアカデミー,埼玉県飯能市大字中山５１０番地１７,2019-12-19,株式会社
株式会社ボンボヌール,愛知県一宮市本町３丁目３番３号,2019-12-19,株式会社
株式会社ポタ,東京都港区高輪２丁目１９番１７号,2019-12-19,株式会社
株式会社ミネルバ,神奈川県平塚市山下１０５０番地の１アリストクラシィア６０１号,2019-12-19,株式会社
株式会社ミルイオン,大阪府茨木市彩都あさぎ７丁目７番１５号,2019-12-19,株式会社
株式会社モルフォＡＩソリューションズ,東京都千代田区西神田３丁目８番１号,2019-12-19,株式会社
株式会社ユニ・テック,東京都豊島区東池袋４丁目２４番１３号池袋Ｙ３ビル８Ｆ,2019-12-19,株式会社
株式会社ヨロズヤ,東京都台東区台東３丁目３４番８号佐々木共同ビル１Ｆ,2019-12-19,株式会社
株式会社ライフスタイル,愛知県西尾市一色町開正屋敷曲輪１９番地１,2019-12-19,株式会社
株式会社ライフメンテナンスサービス,東京都西東京市田無町３丁目９番４号第５ルミエール田無５階,2019-12-19,株式会社
株式会社リッシュ,京都府京都市東山区八坂新地末吉町８３番地第二フェニックスビル３階,2019-12-19,株式会社
株式会社リプレニティ,東京都港区南青山４丁目１６－１１,2019-12-19,株式会社
株式会社ルミシア,広島県広島市安芸区船越５丁目２９番３号,2019-12-19,株式会社
株式会社レイスリー,山梨県北杜市高根町清里３５４５番地１清里の森,2019-12-19,株式会社
株式会社レクタ,山口県周南市大字下上１２９８番地の１,2019-12-19,株式会社
株式会社レコメンデーション,東京都西東京市ひばりが丘北３丁目７番１０号ミヤザキ興産ビル２０５号,2019-12-19,株式会社
株式会社レトア,東京都江戸川区南小岩７丁目１７番１３号ペンテ・リゼール３０１,2019-12-19,株式会社
株式会社ロニーアセット,東京都渋谷区笹塚２丁目４１番４号,2019-12-19,株式会社
株式会社ヴェルデ,東京都葛飾区奥戸９丁目１３番３号,2019-12-19,株式会社
株式会社一入,神奈川県横浜市中区伊勢佐木町５丁目１２７番地大浜ビル２Ｆ,2019-12-19,株式会社
株式会社三宏建設,神奈川県横浜市神奈川区三ツ沢下町２－８カーサフェリーチェ４０２,2019-12-19,株式会社
株式会社中武,千葉県市原市飯沼６５２番地１,2019-12-19,株式会社
株式会社丸義農機,青森県青森市浪岡大字本郷字松元８番地１,2019-12-19,株式会社
株式会社丸貴ＰＵＭＰ,神奈川県川崎市川崎区塩浜１丁目１番２号,2019-12-19,株式会社
株式会社亜麻屋竜胆,東京都国立市東３丁目４－３１－３０３,2019-12-19,株式会社
株式会社令和建設,千葉県千葉市中央区星久喜町９４３番地７エコーハイツ２０３号,2019-12-19,株式会社
株式会社令和硝子,福岡県福岡市早良区百道１丁目１番１号２ＦＣ,2019-12-19,株式会社
株式会社佐原家守舎,千葉県香取市佐原イ５３２番地１０,2019-12-19,株式会社
株式会社共創アカデミー,東京都渋谷区代々木１丁目２５番５号,2019-12-19,株式会社
株式会社内山商事,東京都青梅市勝沼３丁目６９番地,2019-12-19,株式会社
株式会社十三一,兵庫県尼崎市東園田町８丁目１００番地の２８,2019-12-19,株式会社
株式会社協和,兵庫県尼崎市武庫川町２丁目９番地ソリオ武庫川１階,2019-12-19,株式会社
株式会社協和ルーフ,東京都品川区八潮５丁目６番３２－２０３号,2019-12-19,株式会社
株式会社向川建築,神奈川県平塚市南金目３１５番地の４,2019-12-19,株式会社
株式会社和越,北海道釧路郡釧路町鳥通東６丁目７番地,2019-12-19,株式会社
株式会社啓,山口県下関市熊野町１丁目３番１号,2019-12-19,株式会社
株式会社國富,東京都中野区本町２丁目５１番１０号,2019-12-19,株式会社
株式会社城山電設,三重県鈴鹿市住吉１丁目２１番９号,2019-12-19,株式会社
株式会社大地,熊本県熊本市中央区上通町５番４１号１Ｆ－Ｂ,2019-12-19,株式会社
株式会社宝樹園,埼玉県川口市大字東本郷１７４５番地２,2019-12-19,株式会社
株式会社寿こう,東京都中央区銀座５丁目６番１３号西五番街ビル６階,2019-12-19,株式会社
株式会社小比類巻道場,東京都江東区平野１丁目１番１１号,2019-12-19,株式会社
株式会社山建,熊本県熊本市西区池田２丁目８番１２号,2019-12-19,株式会社
株式会社平林組,北海道札幌市白石区栄通３丁目５番２１－１０１号,2019-12-19,株式会社
株式会社情報セキュリティ相談所,神奈川県横浜市泉区和泉中央北６丁目３０番１９号,2019-12-19,株式会社
株式会社斉藤総研ＩＰＯ,京都府京都市下京区寺町通高辻下る京極町４８８番地Ｍｏｒｅ河原町１号館２０１号,2019-12-19,株式会社
株式会社旻和,東京都荒川区西日暮里１丁目４番２２号,2019-12-19,株式会社
株式会社有前,兵庫県姫路市御国野町国分寺８５８－１７,2019-12-19,株式会社
株式会社木村技建,愛知県みよし市福田町一本松２２番地１,2019-12-19,株式会社
株式会社東宝ハウスフィナンシャル,東京都国分寺市本町２丁目１２番２号,2019-12-19,株式会社
株式会社湊,大阪府大阪市西成区鶴見橋１丁目１番４－４０５号,2019-12-19,株式会社
株式会社熊本特殊機械工業,熊本県熊本市東区戸島６丁目９番６号,2019-12-19,株式会社
株式会社玉光堂コマース,東京都墨田区石原３丁目２番３号,2019-12-19,株式会社
株式会社玲設備設計,栃木県宇都宮市平出町３７４８番地１５ひがしハイツ上山Ａ１０６,2019-12-19,株式会社
株式会社田頭工務店,大阪府堺市西区浜寺元町６丁９１９番地,2019-12-19,株式会社
株式会社白岩工業,東京都大田区仲池上１丁目２０番４号,2019-12-19,株式会社
株式会社白神リアルエステート,秋田県能代市字鳳凰岱９４番地１７,2019-12-19,株式会社
株式会社看板屋,秋田県秋田市川尻町字大川反１７０番地２６,2019-12-19,株式会社
株式会社碩学館,徳島県板野郡藍住町住吉字江端１４０番地５,2019-12-19,株式会社
株式会社祇園堂,京都府京都市東山区祇園町南側６０４番地,2019-12-19,株式会社
株式会社神野Ｓｅｒｖｉｃｅ,大阪府堺市堺区南安井町６丁２番１９－３０３号,2019-12-19,株式会社
株式会社立風,大阪府東大阪市鴻池元町４番２１号,2019-12-19,株式会社
株式会社米倉商店,千葉県茂原市押日１４８７番地２ＥａｓｔＶｅｇａ１０３号,2019-12-19,株式会社
株式会社結,滋賀県守山市水保町１２９９番地１１,2019-12-19,株式会社
株式会社美美,愛知県春日井市味美白山町１丁目５番地１７,2019-12-19,株式会社
株式会社英弘水産,鳥取県岩美郡岩美町大字大谷２１８２番地７２７,2019-12-19,株式会社
株式会社茉莉,東京都板橋区南常盤台１丁目１５－１０－１階Ｂ,2019-12-19,株式会社
株式会社萬備,栃木県宇都宮市塙田２丁目３番２５号東光ビル３Ｆ,2019-12-19,株式会社
株式会社藤井恵介建築保存学研究所,東京都杉並区清水２丁目２５番６号,2019-12-19,株式会社
株式会社豚柱,京都府京都市左京区一乗寺里ノ前町４番地,2019-12-19,株式会社
株式会社部活のみかた,兵庫県宝塚市逆瀬川１丁目１４番３９号,2019-12-19,株式会社
株式会社金井エンジニアリングサービス,神奈川県川崎市高津区久末１４９１番地９バースシティー日吉台３０８,2019-12-19,株式会社
株式会社青山貿易,岐阜県瑞穂市牛牧１１９６番地２,2019-12-19,株式会社
株式会社魚たも,東京都江戸川区南小岩８丁目１４番８号第一金正ビル１０２,2019-12-19,株式会社
株式会社麺や本郷,栃木県小山市花垣町１丁目２番３２号古川ハイツ１０２号,2019-12-19,株式会社
株式会社４０３,山梨県甲府市国母７丁目８番２８号３階,2019-12-19,株式会社
株式会社Ａ－ＥＮＴＥＲＴＡＩＮＭＥＮＴ,大阪府寝屋川市明徳２丁目７番６－２０４号,2019-12-19,株式会社
株式会社ＡＬＯＨＡＮＡ,東京都狛江市中和泉１丁目２６番１３号,2019-12-19,株式会社
株式会社ＡＰプリペンド,福島県福島市栄町１－３５福島キャピタルフロント１００４,2019-12-19,株式会社
株式会社Ａｌｌ　ｔｏ　Ｂａｎｑｕｅｔ,愛知県清須市阿原池之表７６,2019-12-19,株式会社
株式会社Ａｎｃｈｏ,東京都杉並区荻窪５丁目２９番１１号,2019-12-19,株式会社
株式会社Ａｐｏｌｌｏｎ,東京都目黒区上目黒３丁目２８番４－１０２号,2019-12-19,株式会社
株式会社Ｂ　Ｍａｎｉｆｏｌｄ,東京都港区北青山３丁目６番７号青山パラシオタワー１１階,2019-12-19,株式会社
株式会社ＢＲＧ,大阪府大阪市住之江区東加賀屋４丁目６－１４グロー東加賀屋１階８，９号室,2019-12-19,株式会社
株式会社ＣＯＲＥ　ＪＡＰＡＮ,埼玉県川越市脇田本町９番地９（８０４号室）,2019-12-19,株式会社
株式会社ＣＳＥ．ＤＥＳＩＧＮ,東京都江戸川区松本１丁目３３番１８号,2019-12-19,株式会社
株式会社Ｄ．Ｃ．Ｔ．,山形県山形市十日町４丁目３番４号ライオンズマンション十日町１１０６号,2019-12-19,株式会社
株式会社ＤＡＬＩＦＩＬＭＳ,神奈川県川崎市麻生区片平４丁目１１番４号グレースハイム２０１,2019-12-19,株式会社
株式会社ＥＬＥＭＥＮＴＳ,大阪府堺市堺区中瓦町１丁４番２２号２Ｆ,2019-12-19,株式会社
株式会社ＥＮＩＳＨＩ,愛知県名古屋市名東区高針２丁目２４０３番地１－７０２号,2019-12-19,株式会社
株式会社Ｅｇｇｒｅｓｓｉｖｅ,埼玉県鴻巣市赤見台１丁目４番８－１０５号フラージュ北鴻巣,2019-12-19,株式会社
株式会社Ｅｉｒｅｎｅ　Ｕｎｉｖｅｒｓｉｔｙ,東京都港区浜松町２丁目７番１５号８Ｆ,2019-12-19,株式会社
株式会社ＦＬＰ,神奈川県横浜市港北区日吉本町４丁目２５番８号,2019-12-19,株式会社
株式会社Ｆｏｒ　ｙｏｕ,三重県鈴鹿市桜島町２丁目７番地の１５,2019-12-19,株式会社
株式会社Ｆｕｎｎｙ　Ｃｒｅａｔｅ　Ｊａｐａｎ,高知県高知市追手筋１丁目３番１号ベルエポックビル８階,2019-12-19,株式会社
株式会社ＧＥＮ,千葉県佐倉市井野１３９０番地,2019-12-19,株式会社
株式会社ＧＯＯＤ　ＰＬＵＳ,京都府京都市左京区一乗寺西水干町６番地,2019-12-19,株式会社
株式会社ＧＯＵ,神奈川県横浜市中区弁天通３丁目３９ライオンズマンション関内第２－２Ｆ,2019-12-19,株式会社
株式会社ＧＲＯＷＢＩＮＧ,東京都中央区勝どき５丁目３番１－３０７号,2019-12-19,株式会社
株式会社ＨＡＲＵ,東京都墨田区東向島６丁目９番６号,2019-12-19,株式会社
株式会社ＨＥＡＲＴ　ＧＥＮＥＲＡＴＩＯＮ,東京都渋谷区元代々木町４３番４号ヒルトップ代々木上原１０２,2019-12-19,株式会社
株式会社ＨＩＴＭ,埼玉県川越市末広町３丁目２番地１,2019-12-19,株式会社
株式会社ＨＭ　Ｃａｓａ　ａｓｓｏｃｉａｔｅｓ,福岡県北九州市小倉南区吉田にれの木坂１丁目７番１２号,2019-12-19,株式会社
株式会社ＨＹＯＳＯ,東京都新宿区河田町３番５１－１０６号,2019-12-19,株式会社
株式会社Ｉ・ＧＯＬＤ,山梨県甲府市中小河原１丁目１１番７号入戸野ビル３Ｆ,2019-12-19,株式会社
株式会社ＩＴＯ,宮城県仙台市青葉区水の森３丁目１－３９－２０１号室,2019-12-19,株式会社
株式会社Ｊｉｎｎｏｖａｔｅ,大阪府大阪市淀川区宮原１丁目２番１０号ハシモトビル２階,2019-12-19,株式会社
株式会社Ｋ・Ｉ・Ｍ,北海道苫小牧市見山町３丁目１番１号,2019-12-19,株式会社
株式会社ＫＩＴＴＡＮ,兵庫県宝塚市安倉南３丁目８－１１,2019-12-19,株式会社
株式会社ＫＫＣ,山梨県甲斐市中下条７１３番地１,2019-12-19,株式会社
株式会社Ｋｉｔｃｈｅｎ　Ｗｏｒｋｓ,神奈川県横浜市中区山下町１２６番地８,2019-12-19,株式会社
株式会社ＬＩＶＥ,福岡県北九州市八幡西区黒崎２丁目４番２号,2019-12-19,株式会社
株式会社ＬＯＨＵＡつくば研究センター,茨城県つくば市東新井１３番地２－１０３,2019-12-19,株式会社
株式会社Ｌｉｂ,兵庫県尼崎市長洲西通１丁目３番２５号,2019-12-19,株式会社
株式会社Ｌｉｅｎ,高知県高知市天神町１４番地２３クレアフジモト３０５,2019-12-19,株式会社
株式会社Ｍ＆Ｒ,大阪府豊中市名神口３丁目１番１号,2019-12-19,株式会社
株式会社ＭＡＣソリューションズ,福岡県福岡市中央区六本松４丁目２番６－１４２０号,2019-12-19,株式会社
株式会社ＭＪ,東京都中野区中央２丁目３０番９号ツバセスＰＡＲＴ１８Ｂ３４２号室,2019-12-19,株式会社
株式会社ＭＮ建設,大阪府守口市八雲北町２丁目２９番３号マンションアスカ３０２,2019-12-19,株式会社
株式会社ＭＰＣ,東京都渋谷区猿楽町２５番１号,2019-12-19,株式会社
株式会社Ｍａｒｕｃｈｉ,愛知県一宮市伝法寺２丁目８番地１１パークサイドヴィレッジ２０１号,2019-12-19,株式会社
株式会社Ｍａｘｉｌｉｎｅ,兵庫県神戸市垂水区東舞子町１０番１号ティオ舞子７Ｆ,2019-12-19,株式会社
株式会社ＮＥＯ　ｔｅｃｈｎｏ,大阪府和泉市南面利町３１９番地１,2019-12-19,株式会社
株式会社ＮＦＷ,大阪府河内長野市あかしあ台１丁目２６番４号,2019-12-19,株式会社
株式会社ＮＩＩ,石川県金沢市若松町１５５番地フェリシティ２０３号,2019-12-19,株式会社
株式会社ＮＳＳクリエィティブ,北海道札幌市豊平区豊平三条３丁目１番１－９０２号,2019-12-19,株式会社
株式会社ＯＮＥ　ＳＴＥＰ,北海道札幌市中央区南一条西１１丁目１番地３０９,2019-12-19,株式会社
株式会社ＯＮＥＳＥＬＦ,埼玉県北葛飾郡杉戸町大字大塚４１２番地１,2019-12-19,株式会社
株式会社ＯＳ工業,埼玉県さいたま市緑区宮本１丁目１９番地６,2019-12-19,株式会社
株式会社ＯｎｅＴＥＡＭ,東京都品川区西五反田２丁目２９番５号日幸五反田ビル５階,2019-12-19,株式会社
株式会社Ｏｒｇｏｇｌｉｏ,神奈川県川崎市川崎区渡田東町１番１８号アイリス川崎１０３,2019-12-19,株式会社
株式会社ＰＡＬＡＣＥ　ＦＲＯＮＴ,福井県鯖江市上河端町第３４号１２番地６,2019-12-19,株式会社
株式会社ＰＣ,群馬県みどり市笠懸町鹿４２６２番地２１,2019-12-19,株式会社
株式会社ＰＵＭＰ　ＵＰ,神奈川県横浜市中区長者町８丁目１３２番地清正公プラザマンション８０５号室,2019-12-19,株式会社
株式会社ＰＵＺＺＬＥ,福岡県福岡市中央区薬院２丁目２番２６－２０１号,2019-12-19,株式会社
株式会社ＲＥＲＩＳＥ,福岡県福岡市早良区高取２丁目１７番３７号４Ｆ,2019-12-19,株式会社
株式会社ＲＥＳ,東京都台東区台東１丁目５－２６エクセルビル３Ｆ,2019-12-19,株式会社
株式会社ＲＥＶＥ,茨城県つくば市竹園１丁目８番地２ミオカステーロつくば竹園３１３号,2019-12-19,株式会社
株式会社ＲＴ,大阪府豊中市宮山町２丁目８番５号,2019-12-19,株式会社
株式会社ＳＢＴ,千葉県銚子市笠上町６１１８－３,2019-12-19,株式会社
株式会社ＳＫＹＢＡＳＥ,広島県呉市音戸町渡子１丁目６番１７号,2019-12-19,株式会社
株式会社ＳＯＴＡＴＥＫ　ＪＡＰＡＮ,東京都中央区銀座７丁目１７番１４号,2019-12-19,株式会社
株式会社Ｓｍｉｒａｔｅ,東京都足立区竹の塚７丁目８番地２号,2019-12-19,株式会社
株式会社ＳｔａｙＬ,東京都台東区上野３丁目１５番７号ＵｅｎｏＹｏｕｒ３０３,2019-12-19,株式会社
株式会社Ｔステーション,大阪府大阪市東成区東今里１丁目５番３－９０２号,2019-12-19,株式会社
株式会社Ｔ・Ｙ・ＰＬＡＮＮＩＮＧ,兵庫県神戸市長田区細田町３丁目１番１６号３Ｆ,2019-12-19,株式会社
株式会社Ｔ－ＺＥＡＬ,神奈川県川崎市中原区井田３丁目９－１アルステージ日吉の杜７０２,2019-12-19,株式会社
株式会社ＴＡＣＯＳ,埼玉県川口市江戸２丁目１番１３号,2019-12-19,株式会社
株式会社ＴＡＫＡ,沖縄県沖縄市字大里５９番地１４,2019-12-19,株式会社
株式会社ＴＡＫＩ,東京都港区赤坂３丁目１４番１号,2019-12-19,株式会社
株式会社ＴＨＲＥＥＣＨ,東京都渋谷区広尾５丁目１４番２号,2019-12-19,株式会社
株式会社ＴＫフォトプリント,宮城県仙台市青葉区木町通１丁目５番３号,2019-12-19,株式会社
株式会社ＴＯＩＬ,東京都杉並区方南１丁目５２番７号,2019-12-19,株式会社
株式会社ＴＯＬＳシステム,東京都中央区京橋２丁目８番２１号喜久家ビルディング７０５,2019-12-19,株式会社
株式会社ＴＯＭＩＴＡ,沖縄県中頭郡北谷町字浜川２０５番地１とけしアパート２０２,2019-12-19,株式会社
株式会社ＴＯＷＥＲ　ＢＯＸ,神奈川県横浜市中区末吉町３丁目５１番地メゾンイセザキ７０１号,2019-12-19,株式会社
株式会社ＴＹ＆Ａ,東京都港区港南２丁目１５番１号品川インターシティＡ棟２８階,2019-12-19,株式会社
株式会社Ｔｏｉｖｏ,埼玉県さいたま市南区大字太田窪１９５７番地第三星野ビル８０２号室,2019-12-19,株式会社
株式会社ＵＴ企画,兵庫県加古川市尾上町長田５１７番地の３３,2019-12-19,株式会社
株式会社Ｗ　ＢＯＡＲＤ,新潟県新潟市西区上新栄町５丁目１９番１２号,2019-12-19,株式会社
株式会社ＹＣＰサービス,山梨県中央市若宮７番地２,2019-12-19,株式会社
株式会社ＹＭＤ,愛知県日進市赤池町屋下３３８番地,2019-12-19,株式会社
株式会社ＹＭＤコーポレーション,千葉県船橋市東中山２丁目１３番１１,2019-12-19,株式会社
株式会社Ｙｐｒｏｊｅｃｔ,東京都大田区矢口２丁目２番３－６０４号,2019-12-19,株式会社
株式会社ＺＥＲＯＩＣＨＩ,静岡県裾野市千福７９６番地,2019-12-19,株式会社
株式会社ＺＩＫ,埼玉県川口市芝富士１丁目６番１０号第二芝富士ハイツ２０１,2019-12-19,株式会社
株式会社ＺＯＮＥ,静岡県浜松市東区小池町２６４２番地,2019-12-19,株式会社
株式会社ａｄｄｉｃｔ,東京都新宿区西落合２丁目２－１,2019-12-19,株式会社
株式会社ａｇｅｓｔ,東京都新宿区北新宿３丁目２番１－２２０号,2019-12-19,株式会社
株式会社ｄ．ｍｏｖｅ,北海道札幌市中央区南十条西１０丁目１－２０さくらビル８階,2019-12-19,株式会社
株式会社ｅｔｃ,東京都大田区南馬込３丁目１２番１７号,2019-12-19,株式会社
株式会社ｇｒｅｅｎ　ｆｅｅｌｓ,静岡県三島市松本３１９番地の１グリーンハイツ松本１０３,2019-12-19,株式会社
株式会社ｋｅｌｅｍｍｉ,東京都渋谷区富ヶ谷２丁目１３番１５号,2019-12-19,株式会社
株式会社ｌｉｂｅｒｔｙ,滋賀県甲賀市甲賀町油日５６９番地,2019-12-19,株式会社
株式会社ｍａｒｑｕｅｅ,福岡県福岡市中央区荒戸１丁目１－２９－１階,2019-12-19,株式会社
株式会社ｎａｔｙｕｌｅ,北海道札幌市厚別区厚別中央四条６丁目１番１０－４０２号,2019-12-19,株式会社
株式会社ｏｌｔｒｅ,東京都墨田区本所２丁目１４番８号ロイヤルコート本所３０１,2019-12-19,株式会社
楽学ラボ合同会社,東京都板橋区小豆沢１丁目２番１９－１０２２号,2019-12-19,合同会社
横浜ダイカンプラザスポーツメント管理組合法人,神奈川県横浜市南区平楽１４８番地３,2019-12-19,その他の設立登記法人
法面建設工業株式会社,大分県大分市大字森１２３４番地の５,2019-12-19,株式会社
注文の多い株式会社,東京都中野区東中野１丁目４番９号小松原ビル４０１,2019-12-19,株式会社
清水町国際交流協会,静岡県駿東郡清水町堂庭２１０－１,2019-12-19,その他
無限株式会社,福島県相馬市程田字明神前２５７番地の２５,2019-12-19,株式会社
特定非営利活動法人黒塀の里山保存会,山形県東村山郡中山町大字岡１１３番地,2019-12-19,その他の設立登記法人
社会保険労務士法人大樹,愛知県名古屋市中村区名駅３丁目２２番８号大東海ビル,2019-12-19,その他の設立登記法人
秘境錦雅株式会社,東京都港区浜松町２丁目２番１５号,2019-12-19,株式会社
税理士法人山梨中央パートナーズ,山梨県中央市若宮７番地２,2019-12-19,その他の設立登記法人
笑母合同会社,東京都大田区蒲田２丁目１８－４Ｍクライム３０３,2019-12-19,合同会社
茂澤商事合同会社,福島県福島市野田町３丁目３－４１アネックス野田２０２,2019-12-19,合同会社
融暢株式会社,東京都港区南麻布５丁目１番２号クラウディア東京ビル３Ｆ,2019-12-19,株式会社
行政書士法人いよリーガル,愛媛県松山市千舟町５丁目５番地３ＥＭＥ松山千舟町ビル６階,2019-12-19,その他の設立登記法人
農事組合法人おにし,群馬県藤岡市浄法寺１４３０番地,2019-12-19,その他の設立登記法人
銀座八丁目開発合同会社,東京都港区芝大門２丁目７番１号,2019-12-19,合同会社
雪国地域エネルギー合同会社,秋田県鹿角市八幡平字西の下２７番地,2019-12-19,合同会社
ＡＭＥ＆Ｃｏｍｐａｎｙ株式会社,東京都江東区毛利２丁目１０番２０－４０２号,2019-12-19,株式会社
Ａｄｊｕｖａｎｔ・Ｉｍｍｕｎｉｔｙ　Ｄｏｍｅｓｔｉｃ　Ａｎｉｍａｌｓ　Ｌａｂｏｒａｔｏｒｙ株式会社,東京都港区東麻布３丁目３番１号,2019-12-19,株式会社
Ａｍｍｉ　Ｌａｂｏ合同会社,東京都調布市飛田給１丁目３８－２０,2019-12-19,合同会社
Ａｓｓｉｓｔ合同会社,福岡県北九州市小倉北区江南町７番１号１８ビル５０２,2019-12-19,合同会社
Ｂ＆Ｈ株式会社,東京都品川区大崎１丁目２０－１６小林ビル１Ｆ,2019-12-19,株式会社
ＢＭＥ合同会社,東京都千代田区九段南１丁目５番６号りそな九段ビル５階ＫＳフロア,2019-12-19,合同会社
Ｂｉｒｄｒｏｃｋ　Ｉｎｃ合同会社,東京都渋谷区神宮前４丁目１８番６号,2019-12-19,合同会社
ＢｌｉｔｚＰｉｎｔ株式会社,東京都世田谷区等々力７丁目１２番１５号ＢＥＬＬＥＺＺＡｄｉ７４♯２０２,2019-12-19,株式会社
Ｃｅｎｒｉｃｈ合同会社,東京都渋谷区桜丘町１３番４号,2019-12-19,合同会社
Ｄ．ＶＩＳＩＯＮ合同会社,神奈川県横浜市青葉区新石川３丁目１４番地１０－２０８,2019-12-19,合同会社
ＤＥＮＢＡ九州株式会社,福岡県糟屋郡志免町桜丘２丁目１０番２号,2019-12-19,株式会社
ＥＳＴＡＴＥ．ＤＥＳＩＧＮ株式会社,千葉県佐倉市西ユーカリが丘７丁目８番地１８,2019-12-19,株式会社
Ｅｎｔｏｕｒａｇｅ　Ｓｅｒｖｉｃｅｓ株式会社,東京都昭島市昭和町２丁目２番１６号サンロードビル３０４,2019-12-19,株式会社
ＦｕｎｄＣａｔａｌｙｓｔ株式会社,東京都港区浜松町２丁目２番１５号浜松町ダイヤビル２Ｆ,2019-12-19,株式会社
ＧＡＫＦＵ合同会社,東京都大田区西蒲田５丁目１５番地２２森コーポ３０５,2019-12-19,合同会社
ＧＲＥＸ合同会社,東京都台東区小島１丁目１２番９号,2019-12-19,合同会社
ＧＹＭＮＥＶＥＲＤＩＥ株式会社,東京都中央区銀座３丁目１４番１３号第一厚生館ビル５階,2019-12-19,株式会社
ＨＡＤＡ　ＬＥＧＡＣＹ株式会社,東京都港区西新橋１丁目２０－９ＴＳＲビル３Ｆ,2019-12-19,株式会社
Ｈｏｔｔｙ合同会社,東京都練馬区高松４丁目１番２８号,2019-12-19,合同会社
Ｋ．ＦＩＲＳＴ株式会社,北海道札幌市中央区北一条西３丁目３番地,2019-12-19,株式会社
ＫＡＳＳ株式会社,大阪府大阪市西成区花園北２丁目７番１１－２０１号,2019-12-19,株式会社
ＬＣＫペイメントサービス株式会社,東京都千代田区二番町９番地３,2019-12-19,株式会社
ＬＵＪＭ株式会社,東京都新宿区新宿５丁目９番１６号,2019-12-19,株式会社
ＬｅＳｐａｃｅ１株式会社,東京都豊島区駒込１丁目３４番２号,2019-12-19,株式会社
ＭＫエクステリア事務所株式会社,高知県高知市升形９番４７号ＭＲビル,2019-12-19,株式会社
ＭｅｎｔｏｒＭｅ株式会社,東京都港区北青山２丁目７－１３プラセオ青山ビル３Ｆ,2019-12-19,株式会社
ＮＰＯ法人くまもと漱石文化振興会,熊本県熊本市中央区米屋町２丁目３番１（２０６号）アンピール,2019-12-19,その他の設立登記法人
ＮＰＯ法人グループワーク円居,鹿児島県姶良市西餅田３６８０番地,2019-12-19,その他の設立登記法人
ＮＹＡ合同会社,神奈川県横浜市旭区白根６丁目５７番１号,2019-12-19,合同会社
Ｎａｔｕｒａｌ　Ｂｅｖｅｒａｇｅｓ　Ｊａｐａｎ株式会社,東京都港区虎ノ門５丁目１３番１号虎ノ門４０ＭＴビル,2019-12-19,株式会社
Ｐ‐ＳＥＥＫ合同会社,東京都新宿区天神町７番地１１,2019-12-19,合同会社
Ｒ－３合同会社,大阪府大阪市中央区高麗橋４丁目３番７号北ビル７階,2019-12-19,合同会社
ＲＹＯＥＮ株式会社,福岡県福岡市博多区空港前２丁目５番４０号,2019-12-19,株式会社
Ｒｅｐｕｎｉｔ株式会社,東京都足立区南花畑３丁目１１番２０号,2019-12-19,株式会社
Ｒｅｗｒｉｔｅ　Ａｇｅｎｃｙ合同会社,東京都台東区清川２丁目３２番６－１１０２号レオーネ南千住,2019-12-19,合同会社
ＳＤＫ株式会社,東京都練馬区春日町５丁目２５番１０号,2019-12-19,株式会社
ＳＷＥ事業協同組合,岡山県倉敷市水島海岸通１丁目３番地６,2019-12-19,その他の設立登記法人
Ｓｅｋａｉｋａｎ株式会社,東京都渋谷区千駄ヶ谷３丁目１６－３メイゾン原宿６Ｆ,2019-12-19,株式会社
Ｔ・プランニング株式会社,東京都港区港南２丁目１２番２８－３００２号,2019-12-19,株式会社
ＴＭＵネッツ株式会社,東京都小平市小川町１丁目４４４番地の４８,2019-12-19,株式会社
Ｔｈｅ　Ｏｔｈｅｒ　Ｍｅ合同会社,埼玉県羽生市中央５丁目９－４,2019-12-19,合同会社
Ｕｎｉｔｅｄ　Ｈｏｍｅ株式会社,大阪府大阪市住之江区南港北２丁目１ー１０ＡＴＣビルＩＴＭ棟４階Ｎ－２,2019-12-19,株式会社
ＷＴＡインターナショナル株式会社,東京都新宿区北新宿４丁目１６番１２号,2019-12-19,株式会社
Ｗｉｎｎｉｎｅ　Ｐａｃｉｆｉｃ株式会社,東京都新宿区西新宿１丁目２０番３号,2019-12-19,株式会社
ＹＥＴＩ　Ｊａｐａｎ合同会社,東京都港区六本木１丁目９番１０号アークヒルズ仙石山森タワー２８階ベーカー＆マッケンジー法律事務所（外国法共同事業）内,2019-12-19,合同会社
ＺＥＺＩ株式会社,愛知県瀬戸市穴田町８７６番地,2019-12-19,株式会社
ａｉｍ合同会社,山形県山形市七日町４丁目１３番５０号花みずきガーデン２－Ｂ,2019-12-19,合同会社
ｐａｉｚａ株式会社,東京都千代田区丸の内３丁目４番１号新国際ビル６階,2019-12-19,株式会社
ｓｏｌａｎａ株式会社,神奈川県海老名市大谷南３丁目４８４７番１８,2019-12-19,株式会社
ｔ－ｋｉｎｄ合同会社,愛知県豊田市小川町４丁目３５番地１３,2019-12-19,合同会社
あゆみファーム西条株式会社,愛媛県西条市丹原町高松５００番地,2019-12-20,株式会社
うめろく株式会社,和歌山県日高郡みなべ町山内１０１０番地,2019-12-20,株式会社
きわみアセットマネジメント株式会社,東京都千代田区神田司町２丁目７－２,2019-12-20,株式会社
さいたまハイトラスト株式会社,埼玉県さいたま市岩槻区日の出町３番８－１号,2019-12-20,株式会社
そら彩プランニング合同会社,和歌山県岩出市桜台１４１番地の７,2019-12-20,合同会社
なかよし株式会社,大阪府三島郡島本町青葉３丁目８番９号,2019-12-20,株式会社
はまや株式会社,岡山県倉敷市玉島爪崎７４６番地,2019-12-20,株式会社
ひろがるノート株式会社,鹿児島県鹿児島市中央町２－２－４Ｆ,2019-12-20,株式会社
ふる田ｅｓｔａｔｅ合同会社,熊本県菊池市泗水町吉富２０５番地８５,2019-12-20,合同会社
もふもふ株式会社,東京都渋谷区道玄坂１丁目１０番８号渋谷道玄坂東急ビル,2019-12-20,株式会社
アジアユースフル事業協同組合,大阪府豊中市小曽根４丁目９－７,2019-12-20,その他の設立登記法人
アニメタマガー合同会社,鳥取県米子市末広町３１１番地（３Ｆ）,2019-12-20,合同会社
アムール竹下駅東管理組合法人,福岡県福岡市博多区那珂６丁目６番１８号,2019-12-20,その他の設立登記法人
アートグラフ合同会社,東京都渋谷区神泉町２３番１号,2019-12-20,合同会社
インシアテクノロジー株式会社,大阪府大阪市中央区伏見町４丁目４番９号淀屋橋東洋ビル３階,2019-12-20,株式会社
エイチ物流株式会社,愛知県名古屋市港区小賀須３丁目９０４番地,2019-12-20,株式会社
エイプグループジャパン合同会社,大阪府大阪市中央区今橋２丁目４番９号,2019-12-20,合同会社
エクセレントホーム株式会社,広島県広島市中区光南３丁目６番１３号,2019-12-20,株式会社
エターナル南千住グランＴｏｋｙｏ管理組合法人,東京都荒川区南千住７丁目２２－３,2019-12-20,その他の設立登記法人
エフロレンス株式会社,東京都羽村市羽中２丁目２番２号,2019-12-20,株式会社
エースパワージャパン株式会社,滋賀県彦根市馬場１丁目３－２３,2019-12-20,株式会社
カズキ産業株式会社,三重県津市観音寺町７４１番地３,2019-12-20,株式会社
グラン・ブルー株式会社,東京都江東区塩浜２丁目２９番１６－１２０７号,2019-12-20,株式会社
コとツや合同会社,熊本県山鹿市鹿校通１丁目１－３２,2019-12-20,合同会社
ゴートウィズ合同会社,東京都豊島区池袋２丁目３６－１ＫＴエクセルビル６Ｆ,2019-12-20,合同会社
サンライズトレーディング合同会社,東京都小平市学園西町１丁目２６番３１号,2019-12-20,合同会社
シティプロパティ株式会社,千葉県印西市中央北２丁目１番地３－６２２号,2019-12-20,株式会社
ショウエイ株式会社,兵庫県尼崎市水堂町３丁目１７番２７号,2019-12-20,株式会社
スペースポシビリティー合同会社,東京都世田谷区代田１丁目３６－１８コーポ代田１０１,2019-12-20,合同会社
スポットライト株式会社,鹿児島県大島郡喜界町大字赤連２６４６番地,2019-12-20,株式会社
ゼニゴワーク株式会社,大阪府大阪市北区天満１丁目２１番１２号,2019-12-20,株式会社
タグライン株式会社,東京都港区港南１丁目９番３６号,2019-12-20,株式会社
ダイバーサーチ株式会社,東京都目黒区東が丘１丁目３番１号スカイコート駒沢公園１０１,2019-12-20,株式会社
ティーモ株式会社,埼玉県吉川市美南５丁目９番地１７,2019-12-20,株式会社
トミー食品株式会社,熊本県熊本市南区近見７丁目１０番１２号,2019-12-20,株式会社
パノラマジャパン株式会社,大阪府大阪市淀川区西中島５丁目７番１７－４０４号,2019-12-20,株式会社
ヒューマンキャピタルサポート事業協同組合,福岡県田川郡川崎町大字安眞木４６０５番地１,2019-12-20,その他の設立登記法人
フィールズコンサルティング合同会社,宮崎県宮崎市清武町木原５７番地５１シティパーク１１０号室,2019-12-20,合同会社
フォレストハウス株式会社,東京都台東区根岸２丁目１０番１４号,2019-12-20,株式会社
フジノ設備株式会社,奈良県橿原市東坊城町１１９番地７,2019-12-20,株式会社
ブライトファースト株式会社,埼玉県さいたま市大宮区宮町４丁目１７番地１－４０９,2019-12-20,株式会社
プライスマートジャパン株式会社,大阪府大阪市西区北堀江１丁目６－５大輪ビル２Ｆ－Ｇ,2019-12-20,株式会社
プラスＨデザイン合同会社,宮城県仙台市青葉区中央２丁目２番１０号仙都会館５階,2019-12-20,合同会社
メモリープランニング株式会社,北海道札幌市北区北二十八条西５丁目１－２６ＡｉｒＢＬＤ３Ｆ,2019-12-20,株式会社
ユニオン住設株式会社,兵庫県神戸市垂水区五色山７丁目５番３号,2019-12-20,株式会社
ライフマネジメント株式会社,広島県広島市中区大手町３丁目１３－１８松村ビル５階,2019-12-20,株式会社
レイドワークス株式会社,愛知県江南市宮田町宮東２８１番地,2019-12-20,株式会社
レッドコンサルティング株式会社,大阪府大阪市中央区南船場２丁目１１番９号チサンマンション心斎橋２０６,2019-12-20,株式会社
レディミア株式会社,千葉県千葉市美浜区高洲２丁目１番２棟２０４号,2019-12-20,株式会社
ワンダフルライフ株式会社,東京都中央区築地１丁目９番１３－１１０２号,2019-12-20,株式会社
ヴィンテージ株式会社,宮城県遠田郡美里町駅東２丁目８番地１０,2019-12-20,株式会社
一般社団法人くらうど,愛知県名古屋市熱田区六番１丁目５番７号,2019-12-20,その他の設立登記法人
一般社団法人ウェブマスター協会,大阪府大阪市北区梅田１丁目１番３号,2019-12-20,その他の設立登記法人
一般社団法人エターナルプロジェクト,東京都港区虎ノ門３丁目２２番１０－２０１号,2019-12-20,その他の設立登記法人
一般社団法人ダイゾー総合研究所,大阪府大阪市港区福崎３丁目１番２０１号,2019-12-20,その他の設立登記法人
一般社団法人トライ,東京都千代田区丸の内３丁目１番１号東京共同会計事務所内,2019-12-20,その他の設立登記法人
一般社団法人メディカルウェルネス協会,大分県大分市中央町３丁目５番地の１６　２０３号,2019-12-20,その他の設立登記法人
一般社団法人リンクはえばる,沖縄県うるま市勝連南風原１１０９番地,2019-12-20,その他の設立登記法人
一般社団法人日本中国一帯一路研究院,東京都渋谷区恵比寿１丁目１５番１恵比寿パルクビル２階,2019-12-20,その他の設立登記法人
一般社団法人法人営業デジタル化協会,東京都品川区東五反田５丁目２８番９号五反田第三花谷ビル９階,2019-12-20,その他の設立登記法人
一般社団法人環境金融支援機構,東京都港区愛宕１丁目６番７号愛宕山弁護士ビル７０６号,2019-12-20,その他の設立登記法人
一般社団法人福に富む郷,広島県東広島市福富町下竹仁５０１番地１１,2019-12-20,その他の設立登記法人
一般社団法人随筆春秋,東京都豊島区駒込７丁目１０番１０号,2019-12-20,その他の設立登記法人
一般社団法人ＤＳＪグループ,東京都中野区中央２丁目５８番１６－６０７号,2019-12-20,その他の設立登記法人
一般社団法人ＮＥＯ電工協会Ｓ．Ｈ．Ｉ．Ｏ．Ｎ,福島県伊達郡国見町大字藤田字五反田１番地２２号,2019-12-20,その他の設立登記法人
一般社団法人ＳＤＧｓ事業推進機構,大阪府枚方市楠葉面取町１丁目１５番３２号,2019-12-20,その他の設立登記法人
三原環境サービス合同会社,東京都中央区京橋２丁目２番１号京橋エドグラン,2019-12-20,合同会社
丸平デザインスタジオ株式会社,岐阜県岐阜市江添３丁目５番２５号,2019-12-20,株式会社
久世工業株式会社,京都府京都市南区吉祥院這登中町６番地シャルマン這登１０２,2019-12-20,株式会社
九州ドローン空撮株式会社,福岡県福岡市中央区天神１丁目１－１アクロス福岡１Ｆ,2019-12-20,株式会社
住匠株式会社,東京都品川区上大崎３丁目１－１０－１００１,2019-12-20,株式会社
円成商事株式会社,兵庫県明石市松が丘２丁目５番明舞団地Ｂ２４号棟４０５号室,2019-12-20,株式会社
冬晟合同会社,神奈川県川崎市川崎区宮本町６－１２ＧＳ川崎ビル,2019-12-20,合同会社
医療法人アンの会,愛知県大府市半月町３丁目２４８番地１,2019-12-20,その他の設立登記法人
医療法人インフィニティー,愛知県西尾市伊藤３丁目３番地２,2019-12-20,その他の設立登記法人
医療法人三悠会,徳島県徳島市中吉野町３丁目５２番地２,2019-12-20,その他の設立登記法人
医療法人尊陽会,愛知県豊橋市三ノ輪町字本興寺２番地３５,2019-12-20,その他の設立登記法人
医療法人平祐会,愛知県北名古屋市久地野北浦９８番地１,2019-12-20,その他の設立登記法人
医療法人慈人会,長野県松本市大字笹賀５５１２番地１,2019-12-20,その他の設立登記法人
医療法人慎貴会,長野県松本市筑摩１丁目６番１１号,2019-12-20,その他の設立登記法人
医療法人敬慶会,秋田県由利本荘市本田仲町７２番地柳原ビル１階,2019-12-20,その他の設立登記法人
医療法人煌心医会,愛知県一宮市木曽川町門間字沼奥１１６番１,2019-12-20,その他の設立登記法人
医療法人爽桜会,福岡県田川郡赤村大字内田１２０４番地３,2019-12-20,その他の設立登記法人
医療法人白土歯科医院,福岡県直方市古町７番３０号,2019-12-20,その他の設立登記法人
医療法人社団佳祥会,兵庫県加古川市尾上町池田７４５番地３,2019-12-20,その他の設立登記法人
医療法人社団高木内科医院,兵庫県西宮市分銅町４番１号,2019-12-20,その他の設立登記法人
医療法人社団ＢＬＩＳＳ,岡山県岡山市北区表町１丁目５番１号岡山シンフォニービル２階,2019-12-20,その他の設立登記法人
医療法人芳昭会,愛知県豊橋市つつじが丘３丁目３８番地４,2019-12-20,その他の設立登記法人
医療法人Ｌａｕｌｅａ,愛知県名古屋市西区赤城町７番地,2019-12-20,その他の設立登記法人
司法書士法人つくし,広島県福山市若松町１０番２１号板岡ビル２０１号,2019-12-20,その他の設立登記法人
合同会社いまいゆ,沖縄県石垣市字石垣１５７番地１１,2019-12-20,合同会社
合同会社ひらい不動産鑑定調査,愛知県稲沢市下津穂所１丁目７番地９,2019-12-20,合同会社
合同会社ぼっちハウス,熊本県熊本市南区城南町藤山２９７４番地１マイルームノズミン２００号室,2019-12-20,合同会社
合同会社まめや,埼玉県所沢市若狭４丁目２９９８番地の４６,2019-12-20,合同会社
合同会社アジアンカーズ,千葉県匝瑳市春海７４１１番地１０１,2019-12-20,合同会社
合同会社アークドリーム,茨城県東茨城郡城里町大字石塚２１１５番地７,2019-12-20,合同会社
合同会社イデアル,東京都三鷹市下連雀９丁目４番３－７１８号,2019-12-20,合同会社
合同会社ウエルネス横浜,神奈川県横浜市栄区小菅ケ谷２丁目７番９－１１０号,2019-12-20,合同会社
合同会社エスクア,東京都練馬区練馬１丁目１８番１５号,2019-12-20,合同会社
合同会社グレープソフト,東京都世田谷区太子堂３丁目３６番１－３０８号,2019-12-20,合同会社
合同会社ケイロジサポートサービス,東京都町田市上小山田町２６５６番地８,2019-12-20,合同会社
合同会社コア,大阪府大阪市中央区南船場４丁目９番１２号,2019-12-20,合同会社
合同会社コネクト,沖縄県名護市港１丁目１５番２７号１Ｆ,2019-12-20,合同会社
合同会社トラスティ,長野県安曇野市豊科高家３５４５－１グリンピュア豊科Ｂ２０９,2019-12-20,合同会社
合同会社ドリームス,京都府京都市下京区梅小路石橋町４９番地２,2019-12-20,合同会社
合同会社ハウステック,千葉県市川市曽谷７丁目２６番７号,2019-12-20,合同会社
合同会社ハンズオントーイキンダーリープ,北海道小樽市住吉町４番４号,2019-12-20,合同会社
合同会社パーパス,東京都港区浜松町２丁目２番１５号浜松町ダイヤビル２階,2019-12-20,合同会社
合同会社プレイン,東京都千代田区神田神保町２丁目２０番地,2019-12-20,合同会社
合同会社ミナガワ,鹿児島県鹿児島市宇宿１丁目２７番１－４０５号,2019-12-20,合同会社
合同会社メテウス,愛知県名古屋市緑区池上台３丁目９２番地の１２,2019-12-20,合同会社
合同会社リスクウオッチ・ジャパン,東京都江戸川区小松川１丁目２番４－６０３号,2019-12-20,合同会社
合同会社ルミナス,東京都新宿区神楽坂５丁目２０番地５神楽坂アインスタワー１２０３,2019-12-20,合同会社
合同会社レディコーポレーション,東京都豊島区池袋本町２丁目３９－１３,2019-12-20,合同会社
合同会社三田トータルサービス,滋賀県長浜市新庄寺町２６８番地７,2019-12-20,合同会社
合同会社中美,兵庫県姫路市土山東の町１６番３－３０３号グローバル姫路土山,2019-12-20,合同会社
合同会社介護支援めいわ,千葉県四街道市めいわ２丁目８番１号,2019-12-20,合同会社
合同会社夢大,鹿児島県鹿屋市今坂町１０１１１番地６,2019-12-20,合同会社
合同会社宇宙,福岡県北九州市小倉南区田原１丁目１１番５号,2019-12-20,合同会社
合同会社建築創作研究所,東京都世田谷区奥沢４丁目２１番２２号,2019-12-20,合同会社
合同会社愛,奈良県天理市櫟本町２７６６番地３７,2019-12-20,合同会社
合同会社日の丸化学,愛知県名古屋市中川区澄池町１２番２８号（オリエントグリーンハイツ澄池４０８号）,2019-12-20,合同会社
合同会社東奥アリエス,青森県青森市橋本２丁目７番１号,2019-12-20,合同会社
合同会社柏匠,大分県大分市大字千歳１７４８番地の７,2019-12-20,合同会社
合同会社甲,静岡県熱海市伊豆山５０８番地の１,2019-12-20,合同会社
合同会社親交会,岩手県久慈市新中の橋第４地割３２番地１４,2019-12-20,合同会社
合同会社設計施工舎ｋｕｒａｓｈｉｔｏ,奈良県奈良市若葉台１丁目４番１号,2019-12-20,合同会社
合同会社銀杏,大阪府大阪市西区北堀江１丁目９番１１号,2019-12-20,合同会社
合同会社鎌田鉄筋,愛知県名古屋市北区矢田町１丁目３曽我ガラス２階,2019-12-20,合同会社
合同会社高橋造園,宮城県大崎市鳴子温泉字町７７番地,2019-12-20,合同会社
合同会社ＡＲＫ・ｐａｒｔｎｅｒｓ,熊本県山鹿市山鹿１６３８番地大森ビル３０３,2019-12-20,合同会社
合同会社ＡＸ,秋田県北秋田市旭町４番地３０,2019-12-20,合同会社
合同会社ＣＬＩＰＰＥＲ,大阪府門真市元町２８番１７号,2019-12-20,合同会社
合同会社ＧＡＰＩ,愛知県岡崎市稲熊町字６丁目９６－１,2019-12-20,合同会社
合同会社Ｇａｄｉｒ,東京都江東区大島６丁目１番５－１１３１号,2019-12-20,合同会社
合同会社Ｉエステート,東京都中央区銀座８丁目１０番５号,2019-12-20,合同会社
合同会社ＩＧＮＩＴＥ,山口県岩国市錦見８丁目７番２１号,2019-12-20,合同会社
合同会社ＫＥＮ,北海道札幌市中央区北十一条西１７丁目３６－１１６－７０１,2019-12-20,合同会社
合同会社ＫｙｏｕｅｉＴｅｃｈ,三重県鈴鹿市南堀江１丁目１３番２６号,2019-12-20,合同会社
合同会社Ｌａｕｇｈ　Ｌｉｆｅ,神奈川県鎌倉市今泉台１丁目２１番２４号,2019-12-20,合同会社
合同会社Ｌｉｔｅｒｅｅｒ,東京都杉並区方南１丁目４９番２号,2019-12-20,合同会社
合同会社ＮＩＳＨＩＭＵＲＡ　ＳＵＮ,千葉県四街道市もねの里４丁目８番１号,2019-12-20,合同会社
合同会社ＮＯＺＯＭＩ　ＤＥＳＩＧＮ　ＧＲＯＵＰ,神奈川県横浜市南区白妙町３丁目３６番地ガーデンプラザ横浜南１０１２号,2019-12-20,合同会社
合同会社ＲｅＰｌｕｍｅ,福岡県福岡市中央区輝国２丁目２１番１４－２０２号,2019-12-20,合同会社
合同会社ＳＨ　ＦＯＯＤ,大阪府大阪市中央区瓦屋町２丁目１６番２５号ＮＢ瓦屋町２０３,2019-12-20,合同会社
合同会社ＴＢＴＹ,東京都板橋区上板橋１丁目１９番１１号,2019-12-20,合同会社
合同会社ＴＮ,茨城県ひたちなか市東大島１丁目１９番３－３０６号東大島ケンキューハイツ,2019-12-20,合同会社
合同会社ＴＯＲＵＳ,福岡県古賀市薦野１３２６番地,2019-12-20,合同会社
合同会社ＶＥＲＴＥＸ,広島県東広島市八本松町正力７０番地６,2019-12-20,合同会社
合同会社ＹＣ＆Ｍｅ,東京都江東区東陽５丁目２２番８－２０２号,2019-12-20,合同会社
合同会社ＹＧＳ,神奈川県横浜市港南区大久保１丁目１番５号ファミールプラザ上大岡１０２号室,2019-12-20,合同会社
合同会社ＹＳ,千葉県白井市南山１丁目９番２棟５０４号,2019-12-20,合同会社
合同会社ａｃｂ,埼玉県川越市中原町２丁目１３番地３,2019-12-20,合同会社
合同会社ａｔｅｌｉｅｒ　ｋｕｒａｋａｔａ,東京都目黒区鷹番２丁目１４－１４プライムアーバン学芸大学１０１,2019-12-20,合同会社
合同会社ｍｉｉｍｕＮ,沖縄県那覇市字真地３２４番地,2019-12-20,合同会社
君子堂株式会社,三重県津市栗真小川町字大門６２７番地１,2019-12-20,株式会社
周陽商会株式会社,山口県周南市城ケ丘１丁目２番１５号,2019-12-20,株式会社
和富株式会社,千葉県千葉市美浜区幸町２丁目１０番１棟４０１号,2019-12-20,株式会社
国産バナナ農園株式会社,福岡県鞍手郡鞍手町大字新北２５３２番地１,2019-12-20,株式会社
国際人材サポート株式会社,埼玉県川口市西川口１丁目３０－２０泰合ビル５階Ｆ号室,2019-12-20,株式会社
多味屋株式会社,東京都杉並区南荻窪４丁目２９番１０号田丸ビル１０１,2019-12-20,株式会社
大台野開拓農業協同組合,山形県酒田市升田字沼田１７番地,2019-12-20,その他の設立登記法人
天元株式会社,東京都千代田区岩本町２丁目１７－４泰合ビルⅡ４階４０４号室,2019-12-20,株式会社
太一不動産株式会社,岩手県盛岡市肴町１３番１５号Ｂ２０５,2019-12-20,株式会社
山佐ＷＺＺ１リース株式会社,東京都千代田区丸の内３丁目１番１号東京共同会計事務所内,2019-12-20,株式会社
山佐ＷＺＺ２リース株式会社,東京都千代田区丸の内３丁目１番１号東京共同会計事務所内,2019-12-20,株式会社
山都開発株式会社,山梨県甲州市塩山下萩原２３２５番地,2019-12-20,株式会社
岡南区自治会,三重県津市安濃町川西４２番地,2019-12-20,その他
岡山県木造船協同組合,岡山県瀬戸内市牛窓町牛窓３８９８番地,2019-12-20,その他の設立登記法人
川上青果合同会社,大阪府堺市南区大庭寺６２２番地,2019-12-20,合同会社
市ヶ谷業務支援合同会社,東京都千代田区二番町４番地４パークハウス二番町９０３号,2019-12-20,合同会社
広域テレビ技術株式会社,愛知県名古屋市中村区岩塚町５丁目６５番地の４,2019-12-20,株式会社
応スタ合同会社,神奈川県横浜市保土ケ谷区鎌谷町２４９番地２キダカコーポ鎌谷１０１号,2019-12-20,合同会社
新開興産株式会社,長崎県長崎市宿町２２番地３,2019-12-20,株式会社
日中人材株式会社,兵庫県神戸市西区南別府１丁目６－１ユニックス神戸西１０６,2019-12-20,株式会社
日本先端医療統合協会株式会社,東京都品川区東大井４丁目１番１１－１０６号,2019-12-20,株式会社
日本断食研究所合同会社,長野県茅野市豊平１６１０番地１,2019-12-20,合同会社
日本遺伝子医学株式会社,東京都千代田区一番町１５－９,2019-12-20,株式会社
明豊株式会社,岡山県岡山市北区弓之町１３番２４号３０１号,2019-12-20,株式会社
昭和小槌株式会社,神奈川県横浜市保土ケ谷区西谷町９３６番地４４,2019-12-20,株式会社
昱寧国際貿易株式会社,東京都豊島区巣鴨２丁目１７番４号,2019-12-20,株式会社
松ビル株式会社,広島県福山市水呑町４１５０番地４水呑三新田１１－１－３,2019-12-20,株式会社
栄心ホーム株式会社,岐阜県岐阜市薮田南１丁目４番１６号,2019-12-20,株式会社
株式会社えにし,愛知県名古屋市天白区平針２丁目１０１２番地,2019-12-20,株式会社
株式会社かわいいさかなやさん,神奈川県横浜市保土ケ谷区狩場町３０３番地の３４９,2019-12-20,株式会社
株式会社かわさき組,新潟県新潟市中央区柳島町４丁目４１番１号２階,2019-12-20,株式会社
株式会社さくらジャパン,東京都中央区月島２丁目１０番１号,2019-12-20,株式会社
株式会社さつき総合事務所,大阪府大阪市中央区内平野町１丁目３番１２号ａｊディナスティ大手前ビル６０１号室,2019-12-20,株式会社
株式会社しずおか設備,愛知県名古屋市東区白壁２丁目４番３０号,2019-12-20,株式会社
株式会社たて岡設備,愛知県名古屋市緑区神沢１丁目１６０１番地,2019-12-20,株式会社
株式会社はなふさ動物病院,福岡県京都郡苅田町大字集２３８６番地４,2019-12-20,株式会社
株式会社ひまわり,愛知県名古屋市瑞穂区内浜町２７番３２号ドール堀田Ⅲ４０１号,2019-12-20,株式会社
株式会社ふくろう,兵庫県明石市大久保町大久保町８８９－３山根光ビル１Ｆ－Ａ,2019-12-20,株式会社
株式会社ゆいゆい会,大阪府豊中市新千里南町３丁目１番３３－４０３号,2019-12-20,株式会社
株式会社りくべつ,北海道足寄郡陸別町字陸別原野分線５番地４７,2019-12-20,株式会社
株式会社りらいふ,東京都千代田区東神田１丁目１１番７－３０９号,2019-12-20,株式会社
株式会社アイエヌジー,東京都中央区新川２丁目２番４号,2019-12-20,株式会社
株式会社アイディーエー,静岡県磐田市国府台８８番地５,2019-12-20,株式会社
株式会社アイ工業,兵庫県神戸市西区井吹台東町６丁目１４番地の９,2019-12-20,株式会社
株式会社アクア・ライブ・ギフト,東京都千代田区内幸町２丁目２番３号日比谷国際ビル１階,2019-12-20,株式会社
株式会社アクセスサービス,石川県金沢市神宮寺２丁目１７番２０号ハイツ８８・１０１号室,2019-12-20,株式会社
株式会社アクナトン,埼玉県三郷市上口１丁目１０３番地,2019-12-20,株式会社
株式会社アグリニュートリション研究所,鹿児島県薩摩川内市向田本町１４－１０,2019-12-20,株式会社
株式会社アスウィン,宮城県仙台市若林区南材木町３,2019-12-20,株式会社
株式会社アセットマネジメント福岡,福岡県福岡市南区塩原４丁目７番９－３０２号,2019-12-20,株式会社
株式会社アトリエｓｕｎａ,北海道札幌市東区北十七条東８丁目１番５－２０２号,2019-12-20,株式会社
株式会社アミサ,東京都荒川区東日暮里６丁目３番１号ＹＦビル３Ｆ,2019-12-20,株式会社
株式会社アミューズボックス,石川県金沢市新神田１丁目２番２６号,2019-12-20,株式会社
株式会社アーステック,神奈川県川崎市川崎区砂子２丁目１０番地２カワサキ・ミッドマークタワー１４０６号,2019-12-20,株式会社
株式会社アーステック,神奈川県川崎市幸区大宮町２８番地２ブリリアタワー川崎２３０３号,2019-12-20,株式会社
株式会社アールイープラネット,東京都新宿区高田馬場４丁目１５番３－１０６号,2019-12-20,株式会社
株式会社イーグルコーポレーション,千葉県柏市永楽台２丁目９番２１号,2019-12-20,株式会社
株式会社ウィステリア,神奈川県相模原市緑区西橋本４丁目５番２号,2019-12-20,株式会社
株式会社ウッドウェル,埼玉県草加市苗塚町３０２番地２１,2019-12-20,株式会社
株式会社エイムスネット,東京都新宿区西新宿７丁目１番地１２号クロスオフィス新宿,2019-12-20,株式会社
株式会社エスツー,静岡県藤枝市岡部町内谷５７８番地の１０,2019-12-20,株式会社
株式会社エスワイケイシステム,大阪府大阪市北区梅田１丁目２番２－２００号大阪駅前第２ビル２階１の１の１番地,2019-12-20,株式会社
株式会社エス・ビー横浜,神奈川県横浜市中区弁天通３丁目４２番－３０３号室,2019-12-20,株式会社
株式会社エヌズアセットマネジメント,沖縄県那覇市久茂地２丁目１７番１７号,2019-12-20,株式会社
株式会社エンネスト,神奈川県厚木市温水２２４４番地２５,2019-12-20,株式会社
株式会社オイニョン,山口県柳井市中央１丁目４番１０号,2019-12-20,株式会社
株式会社オーエス,北海道札幌市西区琴似四条２丁目４番１３号,2019-12-20,株式会社
株式会社カミナリ,愛知県名古屋市昭和区山花町１１１番地,2019-12-20,株式会社
株式会社キャリアリテラシー,愛知県名古屋市南区岩戸町１０番２３号,2019-12-20,株式会社
株式会社キラメキ,愛知県稲沢市陸田栗林１丁目１番地１４,2019-12-20,株式会社
株式会社クアトロクローバー,神奈川県横浜市瀬谷区中屋敷１丁目２２－６－１０１号,2019-12-20,株式会社
株式会社クリント,静岡県藤枝市南新屋３５９番地の３アーバンカナール１０１号,2019-12-20,株式会社
株式会社グランシャリオＫ,東京都大田区西糀谷２丁目２３番１５号,2019-12-20,株式会社
株式会社グローバルフーズ,愛知県名古屋市守山区天子田１丁目１６０７番地,2019-12-20,株式会社
株式会社ケーズブロス,千葉県千葉市中央区星久喜町１５５番地２,2019-12-20,株式会社
株式会社コアラボ,東京都青梅市天ヶ瀬町１０００,2019-12-20,株式会社
株式会社サンクフル,大阪府箕面市小野原西３丁目２５番２７号,2019-12-20,株式会社
株式会社サンセイ,奈良県五條市新町３丁目７番７号,2019-12-20,株式会社
株式会社サンセラクリプト,宮崎県宮崎市小松台東１丁目６番地５,2019-12-20,株式会社
株式会社ジーエスイー,鳥取県鳥取市吉成南町１丁目２４番２号,2019-12-20,株式会社
株式会社スペック,埼玉県川口市東本郷１丁目１番４９号,2019-12-20,株式会社
株式会社スリープウエルネス,東京都北区滝野川２丁目４０番１０号,2019-12-20,株式会社
株式会社セラピケア,福岡県直方市大字頓野３２２５－６,2019-12-20,株式会社
株式会社センシング,東京都港区愛宕２丁目５番１号愛宕グリーンヒルズＭＯＲＩタワー３４Ｆ,2019-12-20,株式会社
株式会社ダブルアッシュ,大阪府枚方市香里ケ丘８丁目３０番地の３５,2019-12-20,株式会社
株式会社チーム３７アカデミー,鹿児島県薩摩川内市向田本町１４－１０,2019-12-20,株式会社
株式会社テンリョウ住設,福岡県大牟田市船津町２丁目６番地１４,2019-12-20,株式会社
株式会社デイサービスすこやか,茨城県北茨城市磯原町磯原２丁目５番地２Ｆ,2019-12-20,株式会社
株式会社デジタルワレットソリューションズ,東京都千代田区九段北１丁目１５番１２号,2019-12-20,株式会社
株式会社トガワ,北海道札幌市西区山の手一条１２丁目１２番１７号,2019-12-20,株式会社
株式会社トレジャーリユース,愛知県名古屋市中川区服部３丁目１５０６番地の１,2019-12-20,株式会社
株式会社ニック,和歌山県伊都郡かつらぎ町大字西飯降１７５番地の１０,2019-12-20,株式会社
株式会社ネオフラット,福岡県福岡市博多区中洲３丁目６番７号,2019-12-20,株式会社
株式会社ネットクリップ,熊本県熊本市東区長嶺西３丁目２番４７号,2019-12-20,株式会社
株式会社ノボルエスディー,東京都北区豊島３丁目１５番１１－３０１号,2019-12-20,株式会社
株式会社ヒット,鹿児島県鹿児島市唐湊１丁目９番１０号ティアメゾン城ヶ平３０１,2019-12-20,株式会社
株式会社ビジョンボックスジャパン,東京都中央区日本橋１丁目２番１０号東洋ビルディング５階,2019-12-20,株式会社
株式会社ビーエステート,愛知県東海市大田町蟹田３番８レールサイド水谷２０２号室,2019-12-20,株式会社
株式会社ファイブ,東京都千代田区神田富山町７,2019-12-20,株式会社
株式会社ファブル,神奈川県川崎市幸区柳町６９番地プラウド川崎柳町２０４,2019-12-20,株式会社
株式会社ファルコンズエルフォー,東京都大田区下丸子３丁目１６番２０号,2019-12-20,株式会社
株式会社フクザキ,香川県善通寺市弘田町４９８番地２,2019-12-20,株式会社
株式会社フラウーイアズ,千葉県千葉市若葉区野呂町１５７９番地,2019-12-20,株式会社
株式会社フラットヘッド・ネクスト,長野県千曲市大字上徳間３番地１,2019-12-20,株式会社
株式会社ブレイブ・クロス・テック,東京都港区白金６丁目３番１５号,2019-12-20,株式会社
株式会社ベルガモット,沖縄県沖縄市安慶田３丁目１１番２３号,2019-12-20,株式会社
株式会社ベーシックエデュケーション,東京都府中市府中町１丁目１５番地の１シティハウス府中けやき通り６０１,2019-12-20,株式会社
株式会社ユニーク,東京都千代田区九段南１丁目５番６号りそな九段ビル５Ｆ,2019-12-20,株式会社
株式会社ライフステージ,大阪府堺市堺区浅香山町３丁２番３－１０２,2019-12-20,株式会社
株式会社ライフ・プロテクト,静岡県三島市文教町２丁目１５番３６号,2019-12-20,株式会社
株式会社リッチエンタープライズ,大阪府大阪市住之江区北加賀屋２丁目５番３１号,2019-12-20,株式会社
株式会社リベロ,和歌山県田辺市下屋敷町７番地の４,2019-12-20,株式会社
株式会社リーガルマインド,東京都中央区銀座８丁目１０番６号,2019-12-20,株式会社
株式会社ルミエール,東京都世田谷区太子堂３丁目３７番１－Ｃ１０１１号,2019-12-20,株式会社
株式会社ルーシェ企画,東京都大田区萩中１丁目９番９号,2019-12-20,株式会社
株式会社レガーロ,福岡県糸島市高田２丁目１２番１号,2019-12-20,株式会社
株式会社ワンラインコンサルティング,東京都港区北青山３丁目６番７号,2019-12-20,株式会社
株式会社中村防災エンジニアリング,茨城県常総市本石下３２０－１,2019-12-20,株式会社
株式会社中田建築設計事務所,兵庫県神戸市灘区浜田町４丁目１番２２号２０１,2019-12-20,株式会社
株式会社丸屋,千葉県松戸市東松戸２丁目１１番地の８,2019-12-20,株式会社
株式会社伸陽運輸,大阪府堺市中区深井水池町３２０８番地,2019-12-20,株式会社
株式会社住まいと生活相談,千葉県松戸市松戸１３０７番地の１松戸ビル１３Ｆ,2019-12-20,株式会社
株式会社住まい流通,大阪府大阪市大正区三軒家西１丁目１６番４号,2019-12-20,株式会社
株式会社住ま医る工房,福岡県北九州市小倉北区馬借３丁目３番３７号ジャパンクリエイトビル５階,2019-12-20,株式会社
株式会社創楽,和歌山県和歌山市雑賀町８３番地,2019-12-20,株式会社
株式会社北,東京都豊島区巣鴨１丁目２８番９号巣鴨コルトビル５階,2019-12-20,株式会社
株式会社協和建設,大阪府豊中市服部元町１丁目７番１１号,2019-12-20,株式会社
株式会社双互建設,兵庫県尼崎市南竹谷町１丁目２４番地の７,2019-12-20,株式会社
株式会社吉野事務所,東京都台東区台東４丁目３１番１号ＡＬビル２０６,2019-12-20,株式会社
株式会社国際興業札幌,東京都中央区八重洲２丁目１０番３号,2019-12-20,株式会社
株式会社坂口工務店,東京都多摩市桜ヶ丘３丁目１３番地の１１,2019-12-20,株式会社
株式会社坊田興業,広島県広島市安芸区矢野西４丁目３番２４－２０２号,2019-12-20,株式会社
株式会社城南青果,京都府木津川市山城町上狛柘榴垣外１８番地５,2019-12-20,株式会社
株式会社大美広告社,愛媛県松山市古川南３丁目２番１６号,2019-12-20,株式会社
株式会社小竹向原興産,東京都板橋区南常盤台１丁目１１番６号レフア南常盤台１０１号室,2019-12-20,株式会社
株式会社小豆,東京都足立区鹿浜７丁目３番１８－６０３号,2019-12-20,株式会社
株式会社岡山グランドデザイン,岡山県笠岡市笠岡２４８１番地１０,2019-12-20,株式会社
株式会社戎康友写真事務所,東京都目黒区目黒本町１丁目１０番１６号,2019-12-20,株式会社
株式会社教文堂,滋賀県長浜市鍛冶屋町９１７番地,2019-12-20,株式会社
株式会社日光商会,大阪府箕面市船場東１丁目８番４７号,2019-12-20,株式会社
株式会社星興業,栃木県那須塩原市黒磯２９３番地４,2019-12-20,株式会社
株式会社木村設備,神奈川県川崎市高津区東野川１丁目２９番６号,2019-12-20,株式会社
株式会社東京人事賃金研究所,東京都江戸川区東葛西７丁目９番６－７０３号,2019-12-20,株式会社
株式会社東日本薬事研究所,大阪府大阪市中央区博労町２丁目４番１１号中博ビル,2019-12-20,株式会社
株式会社東華春,京都府京都市北区平野上柳町１０－２０,2019-12-20,株式会社
株式会社染建,長野県長野市安茂里小市２丁目１９番１１号,2019-12-20,株式会社
株式会社水研,愛知県名古屋市守山区今尻町１３５番地,2019-12-20,株式会社
株式会社洋一,兵庫県神戸市長田区四番町７丁目５番アロバス第Ⅱビル１０１号室,2019-12-20,株式会社
株式会社深川実舎,鹿児島県曽於市末吉町深川２７７９番地１,2019-12-20,株式会社
株式会社神埼Ｍ＆Ｍコーポレーション,佐賀県神埼市神埼町尾崎３７６０番地,2019-12-20,株式会社
株式会社神奈工務,大阪府門真市寿町１５番１８号,2019-12-20,株式会社
株式会社福原書店,栃木県真岡市荒町１０８３番地,2019-12-20,株式会社
株式会社空間除菌,東京都千代田区二番町１番地２,2019-12-20,株式会社
株式会社美炉究ペイント,大阪府東大阪市渋川町２丁目７番２６号,2019-12-20,株式会社
株式会社苫小牧だいちファーム,愛媛県宇和島市津島町北灘甲３８３番地３,2019-12-20,株式会社
株式会社草部鍛造所,兵庫県加古郡播磨町本荘６６４番地,2019-12-20,株式会社
株式会社華信,大阪府大阪市生野区中川西１丁目１番４１号,2019-12-20,株式会社
株式会社輝工業,兵庫県神戸市西区井吹台西町３丁目２０番地の２０,2019-12-20,株式会社
株式会社近畿装工,大阪府豊中市蛍池南町一丁目１９番２０号,2019-12-20,株式会社
株式会社郡上長良川製材所,岐阜県郡上市大和町徳永６７８番地１,2019-12-20,株式会社
株式会社金吾,大阪府羽曳野市埴生野５７７番地の１９,2019-12-20,株式会社
株式会社零壹,大阪府大阪市浪速区難波中３丁目６番１７号クリスタルコートＮＡＭＢＡ２０３号,2019-12-20,株式会社
株式会社高橋組,静岡県三島市大宮町２丁目８番５号サーパスコジー大宮町１０５,2019-12-20,株式会社
株式会社高蔵ホーク,青森県三沢市日の出２丁目９４番地７３７,2019-12-20,株式会社
株式会社黛芙瑞,東京都江東区森下３丁目１３番１３－８０６号,2019-12-20,株式会社
株式会社３９ＣＯＭＰＡＮＹ,沖縄県那覇市牧志３丁目１５番３７号プレミスト牧志タワー国際通り１０５０２号,2019-12-20,株式会社
株式会社Ａ３Ｋ,福岡県筑紫野市大字筑紫９３２番地５,2019-12-20,株式会社
株式会社ＡＡＹＡＮ　ＩＮＴＥＲＮＡＴＩＯＮＡＬ,東京都江東区北砂３丁目５番４１－５０５号,2019-12-20,株式会社
株式会社ＡＫＩＮＤ,千葉県松戸市八ケ崎７丁目１－１,2019-12-20,株式会社
株式会社ＡＭＧ,東京都港区北青山２丁目７－２０猪瀬ビル２階,2019-12-20,株式会社
株式会社Ａｂｉｌｉｎｋ,東京都新宿区四谷坂町１２番２２号ＶＯＲＴ四谷坂町７Ｆ,2019-12-20,株式会社
株式会社Ａｃｕｒｅ,大阪府枚方市牧野下島町２番１５号,2019-12-20,株式会社
株式会社ＢＡＹ　ＰＲＩＤＥ,東京都港区芝５丁目１６番５号,2019-12-20,株式会社
株式会社Ｂｅｓｔ　Ｌｉｆｅ　Ｗｏｒｋｓ,東京都台東区北上野１丁目８番３号三木ビル４階,2019-12-20,株式会社
株式会社Ｂｉｒｄｉｅ,滋賀県近江八幡市竹町９９７番地２,2019-12-20,株式会社
株式会社ＣＬＵＢ,東京都渋谷区代々木２丁目２３－１ニューステイトメナー１１４,2019-12-20,株式会社
株式会社ＣｈｏｕＣｈｏｕｔｅ,東京都渋谷区円山町５番５号Ｎａｖｉ渋谷Ⅴ３階,2019-12-20,株式会社
株式会社Ｃｒａｄｌｅ,東京都新宿区戸山１丁目５番１３号,2019-12-20,株式会社
株式会社ＥＭＩＫＯ　ＥＸＣＵＲＳＩＯＮ＆ＢＥＹＯＮＤ,愛知県名古屋市瑞穂区洲山町１丁目１３番地の６,2019-12-20,株式会社
株式会社ＥＭＯ,東京都千代田区神田富山町７番地,2019-12-20,株式会社
株式会社Ｅｗｏｒｋｓ,長野県岡谷市堀ノ内２丁目７番４号,2019-12-20,株式会社
株式会社Ｆ・ドリーム,東京都足立区新田２丁目９番３２－１０３号,2019-12-20,株式会社
株式会社ＦＵＷＵ,東京都渋谷区宇田川町１６番８号渋谷センタービル３Ｆ,2019-12-20,株式会社
株式会社ＧＩＮＺＡｎｏＭＯＲＩ,東京都中央区銀座８丁目２番１５号森ビル,2019-12-20,株式会社
株式会社ＧＵＮＳ　ＧＯＬＤ,東京都江東区東陽４丁目１番２３号,2019-12-20,株式会社
株式会社ＧＸ,愛媛県松山市三番町１丁目５番地３ニック三番町ビル,2019-12-20,株式会社
株式会社Ｇｅｎｅｒａｌ,東京都新宿区新宿５丁目１０番１０号海老沢ビル２０２,2019-12-20,株式会社
株式会社Ｇｏｅｓ,東京都新宿区西新宿６丁目１２番７号ストーク新宿,2019-12-20,株式会社
株式会社Ｈ＆Ａ,愛知県名古屋市中区錦３丁目３番３０号桜ビル２階,2019-12-20,株式会社
株式会社ＨＡＬ,東京都大田区池上３丁目４０番６－５０５号,2019-12-20,株式会社
株式会社ＪＴインターナショナル,大阪府大阪市北区中之島３丁目２番１８号,2019-12-20,株式会社
株式会社Ｋ＆Ｊリフォーム,神奈川県相模原市中央区田名２７１５番地２,2019-12-20,株式会社
株式会社Ｋ－ｐｌｕｓ,青森県上北郡六ヶ所村大字鷹架字後川目４２番地８２,2019-12-20,株式会社
株式会社ＫＩＤ,東京都港区南青山１丁目１０番１０号Ｉ＆ＴＭｉｎａｍｉａｏｙａｍａ２階,2019-12-20,株式会社
株式会社ＫＭＳ,東京都羽村市栄町２丁目１９－１７,2019-12-20,株式会社
株式会社ＫＯＪＯ　ＴＲＡＤＩＮＧ,大阪府豊中市野田町３８番１９－１０１号,2019-12-20,株式会社
株式会社Ｋｌａｒ,東京都町田市忠生４丁目５番地８リバティ忠生１Ｆ,2019-12-20,株式会社
株式会社Ｌａｂｏｚ,沖縄県浦添市字港川４２１番地２,2019-12-20,株式会社
株式会社Ｌｅｔ’ｓ,東京都豊島区高松１丁目２２番１－３３０３号,2019-12-20,株式会社
株式会社Ｌｏｃａｌｙ,東京都目黒区上目黒４丁目３５番２号たすき中目黒１０１,2019-12-20,株式会社
株式会社Ｍ２Ｓ,兵庫県尼崎市南武庫之荘４丁目６番７号,2019-12-20,株式会社
株式会社ＭＡＳＵＹＡ　ＦＡＲＭＳ,北海道中川郡幕別町字新和１６２番地の４６６,2019-12-20,株式会社
株式会社ＭＢＺ,愛知県清須市清洲１８２０番地３,2019-12-20,株式会社
株式会社ＭＦＴ,大阪府東大阪市宝町１３番４０号,2019-12-20,株式会社
株式会社ＭＳＳ,栃木県栃木市大平町蔵井９６７番地１,2019-12-20,株式会社
株式会社ＭａｉｎＴｒａｎｓｐｏｒｔ,千葉県市川市大洲３丁目１番１４－２０４号（シャイネン市川）,2019-12-20,株式会社
株式会社Ｎメンテナンス,茨城県水戸市見川５丁目１番地９,2019-12-20,株式会社
株式会社ＮＴＳ,静岡県三島市三ツ谷新田８２番地の５,2019-12-20,株式会社
株式会社Ｎｅｗ　Ｃｉｒｃｌｅ　Ｅｎｅｒｇｙ,東京都千代田区平河町２丁目１６番１号,2019-12-20,株式会社
株式会社ＯＳＫ,福岡県北九州市八幡西区町上津役東１丁目１１番４１号,2019-12-20,株式会社
株式会社Ｐｕｒｅ　Ｒｕａ,香川県高松市塩江町上西乙１１５１－１４１レイクサイド塩江５０１,2019-12-20,株式会社
株式会社ＲＥＡＨＡ,愛媛県大洲市中村３８５番地１コモド・ルオーゴ２０２号,2019-12-20,株式会社
株式会社ＲＥＩＷＡ　ＣＯＲＰＯＲＡＴＩＯＮ　ＪＡＰＡＮ,神奈川県相模原市中央区上溝３９８４番地１,2019-12-20,株式会社
株式会社Ｓ．Ａ．Ｒ,福岡県古賀市中央３丁目１２番１８号,2019-12-20,株式会社
株式会社ＳＡＮ,北海道札幌市白石区東米里２０４０番地１６５,2019-12-20,株式会社
株式会社ＳＤＧインパクツ,東京都千代田区外神田２丁目１７－６－１６０５,2019-12-20,株式会社
株式会社ＳＨＥＬＬＹ　ＦＩＳＨ,東京都豊島区南池袋２丁目１４番１号,2019-12-20,株式会社
株式会社ＳＨＯＪＵ,広島県安芸郡府中町瀬戸ハイム１丁目１３番９号,2019-12-20,株式会社
株式会社ＳＰＡＣＥＳ,東京都港区麻布台３丁目４番１２号,2019-12-20,株式会社
株式会社Ｓｅｌｆ　Ｌｅａｐ,東京都渋谷区渋谷３丁目２６－１６第五叶ビル６階ｃｏ－ｂａｌｉｂｒａｒｙ,2019-12-20,株式会社
株式会社Ｓｔｏｎｅ　Ｖａｌｌｅｙ,大阪府大阪市住吉区南住吉１丁目１５番２５号,2019-12-20,株式会社
株式会社Ｔ－オークション,宮城県仙台市太白区東中田５丁目１０－２５,2019-12-20,株式会社
株式会社Ｔ．Ｏ．Ｋ,徳島県美馬市美馬町字八幡９０番地１,2019-12-20,株式会社
株式会社ＴＢＦ,東京都豊島区南池袋２丁目４７番１３号,2019-12-20,株式会社
株式会社ＴＥＲＡアセットプラニング,千葉県佐倉市鏑木町７３９番地２,2019-12-20,株式会社
株式会社ＴＫフィールド,愛知県大府市共和町２丁目１７－２－７０４,2019-12-20,株式会社
株式会社ＴＲＵＳＥＬＦ,東京都中央区晴海３丁目１３番２号ＤＥＵＸ・ＴＯＵＲＳ・ＷＥＳＴ１７０３,2019-12-20,株式会社
株式会社ＴＳＴ,北海道札幌市手稲区手稲前田５４２番地３,2019-12-20,株式会社
株式会社Ｔｏｌｌｆｅｉｎ　ＪＡＰＡＮ,東京都台東区浅草橋３丁目１９番９号冨士ビルＢ１,2019-12-20,株式会社
株式会社Ｔｒｕｓｔ　Ｗｏｒｋｓ,大阪府貝塚市東山７丁目１番２号２０２号,2019-12-20,株式会社
株式会社ＷＩＬＭ,東京都渋谷区神宮前５丁目２９番１０号クリプトメリア神宮前ビル４Ｆ,2019-12-20,株式会社
株式会社ＹＫＮ,東京都荒川区荒川７丁目２０番１号,2019-12-20,株式会社
株式会社Ｙｏｕｒ　Ｌｉｆｅ　ｉｓ　Ｇｏｏｄ,福岡県福岡市南区長住５丁目４番２２号,2019-12-20,株式会社
株式会社ＺｉＧｅＮ,東京都練馬区谷原１丁目４番４２号,2019-12-20,株式会社
株式会社ａ’ｇｉｌ,大阪府大阪市北区国分寺２丁目１番１号,2019-12-20,株式会社
株式会社ａｓｏｂｅｅｆ,大阪府大阪市浪速区恵美須東１丁目１５番１号,2019-12-20,株式会社
株式会社ｅｅｌ,大阪府大阪市北区梅田１丁目１１番４－１０００号,2019-12-20,株式会社
株式会社ｉｍｉｔａｓｕ,東京都北区東田端２丁目９番１号第二田嶋ビル１階,2019-12-20,株式会社
株式会社ｎａｏｓｈｉｍａ,大阪府大阪市西区南堀江２丁目１２番２１号,2019-12-20,株式会社
株式会社ｎｕｍｂｅｒ,大阪府箕面市如意谷１丁目１２番１９号,2019-12-20,株式会社
株式会社ｏｆｆｉｃｅ　ｔｒｉｎｉｔａｔ　ｄｅｓｉｇｎ,神奈川県鎌倉市岡本２丁目２１番１７－１号,2019-12-20,株式会社
株式会社ｓｏ－ｓｈｉ,大阪府枚方市東田宮１丁目４番９号,2019-12-20,株式会社
株式会社ｔｅｎ,東京都板橋区大山東町２１番１０号スカイシャルム大山１Ｆ,2019-12-20,株式会社
次世代農業株式会社,栃木県栃木市岩舟町和泉６４０番地２,2019-12-20,株式会社
武蔵製菓株式会社,埼玉県熊谷市妻沼６７４番地７,2019-12-20,株式会社
特定非営利活動法人幸令社会研究所,神奈川県横浜市緑区新治町４４５－１－２０１,2019-12-20,その他の設立登記法人
特定非営利活動法人理科教育支援協議会,愛知県名古屋市昭和区楽園町１５０番地の１パークハウス楽園町３０４号,2019-12-20,その他の設立登記法人
特定非営利活動法人ＭＩＮＡＳＡＫＵ,佐賀県三養基郡みやき町大字市武１３８１,2019-12-20,その他の設立登記法人
特定非営利活動法人ＳＰＲＥＡＤ＆ＣＵＬＴＩＶＡＴＥ,京都府京都市西京区大原野上里男鹿町１４番地１５,2019-12-20,その他の設立登記法人
田鐵屋合同会社,秋田県仙北市角館町歩行町２４番地１,2019-12-20,合同会社
白雲開発株式会社,香川県高松市築地町１６番地１６,2019-12-20,株式会社
盛合株式会社,大阪府大阪市浪速区日本橋３丁目１番２７号,2019-12-20,株式会社
直七法衣店株式会社,京都府京都市下京区福本町４２５,2019-12-20,株式会社
結嘉総本店合同会社,宮城県石巻市桃生町寺崎字寺崎４９－１,2019-12-20,合同会社
美創建設株式会社,岐阜県岐阜市茜町３３番地２（ＹＵＷＡビル５０３号室）,2019-12-20,株式会社
萬達株式会社,千葉県野田市大殿井２７３番地の１,2019-12-20,株式会社
藤永興機有限会社,福岡県北九州市八幡東区竹下町五丁目１４番地,2019-12-20,有限会社
豊和株式会社,兵庫県神戸市中央区北野町３丁目７番１号グランディア北野異人館通り３０３号室,2019-12-20,株式会社
遠友ファーマ株式会社,北海道札幌市北区北七条西６丁目１番地９,2019-12-20,株式会社
鴻泰株式会社,埼玉県さいたま市岩槻区大字徳力３７１－１,2019-12-20,株式会社
黒姫高原農業振興株式会社,長野県上水内郡信濃町大字穂波３７９番地１,2019-12-20,株式会社
龍宇株式会社,茨城県龍ケ崎市佐貫町９２９－１６５ウイングＢ号室,2019-12-20,株式会社
ＡＫＬＡ　ＴＲＡＤＩＮＧ合同会社,千葉県八街市八街へ２１５番地４３３Ｃ,2019-12-20,合同会社
ＡＬＢＥＲＯ　ＪＡＰＡＮ合同会社,静岡県掛川市金城８番地リーデンハイム１０３,2019-12-20,合同会社
Ｂ　ａｎｄ　Ｂ合同会社,北海道札幌市中央区南十四条西１６丁目１番３１号,2019-12-20,合同会社
ＢｅｅＴｒａｖｅｌ株式会社,東京都品川区北品川４丁目７番３５号,2019-12-20,株式会社
Ｂｌｕｅ　Ｂａｙ　Ｉｎｔｅｒｎａｔｉｏｎａｌ株式会社,大阪府大阪市西成区天下茶屋１丁目１７番９号,2019-12-20,株式会社
ＣＥＭ合同会社,千葉県市川市中国分４丁目７番２１号,2019-12-20,合同会社
ＣＲ－かりこぼうず大橋合同会社,東京都千代田区大手町１丁目６番１号,2019-12-20,合同会社
Ｃｏ－Ｓｔｕｄｉｏ株式会社,東京都渋谷区円山町５番５号Ｎａｖｉ渋谷Ｖ３階,2019-12-20,株式会社
Ｄ＆Ｓ合同会社,千葉県千葉市花見川区柏井１丁目３２番１３号ＴｗｉｎＢ２０１号室,2019-12-20,合同会社
ＤＴＥＡ株式会社,北海道札幌市東区北二十四条東３丁目２番１号スピアシティ北２４条１０３号室,2019-12-20,株式会社
ＦＡＴＨＩＨ　ＴＲＡＤＩＮＧ合同会社,千葉県八街市砂５５番地９オフィス７号,2019-12-20,合同会社
ＦＵＴＵＲＩＴＹ　ＢＲＡＮＤＳ　ＬＩＭＩＴＥＤ　ＪＡＰＡＮ株式会社,東京都港区白金台３丁目１６番２－２０８号,2019-12-20,株式会社
Ｆｕｎｎｙ　Ｄａｙｓ合同会社,宮崎県北諸県郡三股町大字樺山５０９５番地７,2019-12-20,合同会社
ＧＣＴ　ＪＡＰＡＮ株式会社,東京都中央区日本橋本町３丁目８番５号日本橋本町松本ビル７階,2019-12-20,株式会社
Ｇｏｌｄｅｎ　Ｆｏｒｔｕｎｅ　Ｓｈｉｐｐｉｎｇ　Ｃｏ．Ｌｉｍｉｔｅｄ,東京都中央区新川２丁目２９番８号,2019-12-20,外国会社等
Ｈ＆Ｈ　ＩＮＴＥＲＮＡＴＩＯＮＡＬ合同会社,千葉県富里市十倉７６３番地４０（２０１号）,2019-12-20,合同会社
ＩＭＰＲＥＳＳＡＲＩＯ合同会社,神奈川県横浜市青葉区美しが丘１丁目１３番地１０,2019-12-20,合同会社
ＪＩＹＵ株式会社,奈良県奈良市あやめ池北１丁目２８番３６号,2019-12-20,株式会社
Ｊａｉｃ　Ｄ＆Ｉ　Ｐｒｏｊｅｃｔ　Ｅａｓｔ合同会社,東京都千代田区神田錦町３丁目１１番地,2019-12-20,合同会社
ＫＹＯＤＡＩ株式会社,東京都港区南青山３丁目１４番１２号,2019-12-20,株式会社
Ｋｏｍｏｔｅｃｈ株式会社,熊本県熊本市中央区京町１丁目１３番３５－７０２号,2019-12-20,株式会社
ＬＡＬ＆ＳＯＮＳ　ＩＮＴＥＲＮＡＴＩＯＮＡＬ　ＴＯＫＹＯ合同会社,神奈川県鎌倉市台１丁目５番２０号,2019-12-20,合同会社
ＬＡＳ不動産ホーム株式会社,愛知県名古屋市中村区名駅３丁目２２番８号,2019-12-20,株式会社
ＬＩＮＥ分割準備株式会社,東京都新宿区新宿４丁目１番６号,2019-12-20,株式会社
ＬＯＮＧＩＮＧ　ＪＡＰＡＮ株式会社,大阪府岸和田市北町１４番３号,2019-12-20,株式会社
Ｍ　Ｊ　ＭＯＴＯＲＳ合同会社,千葉県茂原市下永吉２０５０番地２,2019-12-20,合同会社
Ｍ＆Ｎ株式会社,鹿児島県志布志市志布志町安楽２７６７番地５,2019-12-20,株式会社
ＭＣＯ株式会社,福岡県福岡市中央区渡辺通３丁目１０番２４－２０１号,2019-12-20,株式会社
ＭＩＬＫ株式会社,東京都港区六本木４丁目９番２号俳優座ビル９０１,2019-12-20,株式会社
ＭＩＳ合同会社,京都府京都市右京区嵯峨天龍寺若宮町２０番地１０１,2019-12-20,合同会社
ＭＵＲＡＴＡ　ＢＵＳＩＮＥＳＳ　ＥＮＧＩＮＥＥＲＩＮＧ（ＩＮＤＩＡ）ＰＲＩＶＡＴＥ　ＬＩＭＩＴＥＤ,,2019-12-20,外国会社等
Ｍｒ．ＨＡＬＡＬ株式会社,東京都港区六本木７丁目２番２９号ＶＯＲＴ乃木坂１、２Ｆ,2019-12-20,株式会社
Ｎ－ＴＨＲＥＥ株式会社,埼玉県越谷市七左町６丁目１７番地７,2019-12-20,株式会社
ＮＨドリーム合同会社,徳島県徳島市徳島本町３丁目６番地,2019-12-20,合同会社
ＮＪＷ　ＪＡＰＡＮ株式会社,東京都千代田区神田佐久間町３丁目２１番地６５ＮＳビル３階３０１号室,2019-12-20,株式会社
ＮＫＣ株式会社,東京都中央区銀座６丁目１４番８号銀座石井ビル４階,2019-12-20,株式会社
ＮＰＯ法人環境ネットワーク,福岡県北九州市小倉北区大畠２丁目１０番１号,2019-12-20,その他の設立登記法人
ＮＰＯ法人福籠家,岡山県倉敷市広江１丁目７番９－２号,2019-12-20,その他の設立登記法人
ＮＰＯ法人箕蚊屋みんなの集い,鳥取県米子市吉岡３９２番地２,2019-12-20,その他の設立登記法人
Ｏｒｄｅｒ　Ｄｅｓｉｇｎ　Ｓｔｕｄｉｏ株式会社,東京都中央区築地３丁目７番１号ＴＳＵＫＩＪＩ・ＧＲＡＮＤＥ２Ｆ,2019-12-20,株式会社
ＰＩＮＡＫＡ株式会社,滋賀県大津市中央２丁目３番２６号中央二丁目小堀マンションＦ－３号室,2019-12-20,株式会社
Ｐａｎｄａ株式会社,香川県三豊市財田町財田上２１７１番地１財田庁舎２階,2019-12-20,株式会社
Ｑｕａｌｉｔｙ　Ｏｆ　Ｌｉｆｅ合同会社,埼玉県蕨市塚越３丁目３０－４ラフィオラ蕨３０２号,2019-12-20,合同会社
Ｒ・ＡＮＧＥＬ株式会社,埼玉県羽生市南６丁目１８番１５号,2019-12-20,株式会社
ＲＥＢＬＩＳＳ合同会社,埼玉県さいたま市浦和区上木崎４丁目９番２２号パッセロ２０１,2019-12-20,合同会社
ＳＢＲ株式会社,宮城県仙台市青葉区柏木２丁目４－５５,2019-12-20,株式会社
ＳＮキャピタル株式会社,東京都千代田区霞が関１丁目４番２号,2019-12-20,株式会社
ＳａＲａＲｉ株式会社,神奈川県大和市南林間１丁目９番５号,2019-12-20,株式会社
ＳｏＩｎｎｏｖａｔｏｒｓ株式会社,茨城県つくば市二の宮１丁目２４番地３７ルミナス二の宮２０５号,2019-12-20,株式会社
Ｓｕｍｍｉｔ　Ａｖｉａｔｉｏｎ　Ｓｅｒｖｉｃｅｓ　Ｊａｐａｎ合同会社,東京都中央区銀座６丁目１０番１号ＧＩＮＺＡＳＩＸ８階,2019-12-20,合同会社
Ｔ．Ｈ．Ａ合同会社,新潟県新潟市北区太夫浜新町１丁目２３番１６号,2019-12-20,合同会社
ＴＥＲＲＹ　ＩＮＶＥＳＴＭＥＮＴ合同会社,埼玉県草加市旭町３丁目１番７－２０１号,2019-12-20,合同会社
ＵＥＩエンジニアリング株式会社,東京都大田区羽田６丁目２８番３号,2019-12-20,株式会社
ＵＳＫ　ＴＲＡＤＩＮＧ株式会社,埼玉県北葛飾郡杉戸町大字宮前３９５番地１,2019-12-20,株式会社
ＷＡＶＥ　Ｍｕｓｉｃ　Ａｓｓｏｃｉａｔｅｓ合同会社,東京都千代田区外神田３丁目７番３号,2019-12-20,合同会社
Ｗｉｎｇ　Ｌａｂ株式会社,北海道札幌市豊平区西岡四条１３丁目２２番６号,2019-12-20,株式会社
Ｙａｎｇｚｈｏｕ　Ｙａｎｇｊｉｅ　Ｅｌｅｃｔｒｏｎｉｃ　Ｔｅｃｈｎｏｌｏｇｙ　Ｃｏ．，Ｌｔｄ．,東京都中央区日本橋兜町５－１兜町第一平和ビル３Ｆ,2019-12-20,外国会社等
Ｚ合同会社,東京都豊島区北大塚２丁目１９番１０号シャローム永田１Ｆ,2019-12-20,合同会社
ａｎｎｉｅ合同会社,広島県広島市東区福田８丁目１４番１９号,2019-12-20,合同会社
ｅ　ｓｔｅｐ合同会社,東京都世田谷区上野毛３丁目１６番２－６０４号,2019-12-20,合同会社
ｖｉｖａｎｔ合同会社,東京都渋谷区大山町３６－１０－１０５,2019-12-20,合同会社
ぜんぷく株式会社,宮城県多賀城市高崎２丁目１６番２３号,2019-12-23,株式会社
なつ株式会社,山形県鶴岡市末広町２７番５号,2019-12-23,株式会社
アルブルインク株式会社,滋賀県大津市三井寺町３番１２号,2019-12-23,株式会社
アンプルホーム合同会社,熊本県熊本市北区龍田弓削１丁目１５番５２号,2019-12-23,合同会社
イクシー東京合同会社,北海道札幌市北区北三十四条西３丁目３番１３号,2019-12-23,合同会社
ウィアーズ合同会社,神奈川県平塚市片岡４１６,2019-12-23,合同会社
ウェブコマース株式会社,北海道札幌市中央区大通西８丁目２番地３９キタコー北大通ビル３階,2019-12-23,株式会社
ウェブベスト株式会社,東京都豊島区東池袋４丁目２１番１号４２１１号,2019-12-23,株式会社
エクイニクス・ハイパースケール１・ＯＳ２特定目的会社,東京都千代田区丸の内３丁目１番１号東京共同会計事務所内,2019-12-23,その他の設立登記法人
エクイニクス・ハイパースケール１・ＴＹ１４特定目的会社,東京都千代田区丸の内３丁目１番１号東京共同会計事務所内,2019-12-23,その他の設立登記法人
エスポワールはなまる,東京都中央区日本橋箱崎町２０番７号ＩＴＯビル７Ｆ,2019-12-23,その他の設立登記法人
オオテ企画株式会社,群馬県安中市磯部１丁目１２番３０号,2019-12-23,株式会社
オートケア合同会社,千葉県八街市用草４４０番地３,2019-12-23,合同会社
オーヤマエステート株式会社,宮城県仙台市青葉区中央２丁目１番７号,2019-12-23,株式会社
キリスト教新潟地球村教会,新潟県新潟市西区槇尾６３９番地２,2019-12-23,その他の設立登記法人
クロケイタ株式会社,東京都中央区八丁堀２丁目２６番４号京電会館３Ｆ,2019-12-23,株式会社
クワポリスジャパン株式会社,神奈川県座間市相武台２丁目３５－８,2019-12-23,株式会社
グロワール・Ｄ・イノベーション株式会社,埼玉県富士見市羽沢１丁目１５番２０号,2019-12-23,株式会社
コノバス株式会社,福島県いわき市中央台鹿島３丁目６番地の４,2019-12-23,株式会社
シェアード２株式会社,京都府向日市寺戸町東野辺３番地９,2019-12-23,株式会社
ジェイド合同会社,東京都港区南青山２丁目２－１５ウィン青山９４２,2019-12-23,合同会社
ジェイバリック株式会社,群馬県北群馬郡吉岡町大字大久保３２１８番地２６,2019-12-23,株式会社
ソフィテック株式会社,東京都中央区日本橋１丁目６番７号,2019-12-23,株式会社
ダイキューグローバルサポート株式会社,福岡県久留米市高良内町４４７６番地１,2019-12-23,株式会社
トワダフォエバー・ライフ合同会社,東京都日野市大字日野５３３－６クリオ日野壱番館１０９,2019-12-23,合同会社
バイブスジャパン合同会社,京都府京都市伏見区中島中道町６１番地,2019-12-23,合同会社
バリパラ・ツーリズム株式会社,島根県松江市東津田町１６０８番地３,2019-12-23,株式会社
パシフィックマーケティング株式会社,東京都千代田区麹町６丁目４番３号グランスイート千代田麹町１１０１号室,2019-12-23,株式会社
プラチナ・レジデンシャル２特定目的会社,東京都千代田区丸の内１丁目８番２号鉄鋼ビルディング４階,2019-12-23,その他の設立登記法人
ベン合同会社,東京都港区六本木１丁目６番１号泉ガーデンタワー,2019-12-23,合同会社
マウナ特定目的会社,東京都港区六本木１丁目６番１号泉ガーデンタワー,2019-12-23,その他の設立登記法人
メリーウェザーメディア合同会社,東京都港区赤坂２丁目２３番１号アークヒルズ・フロントタワーＩｎＣｏｎｔｒｏｌ内,2019-12-23,合同会社
メルテック株式会社,千葉県船橋市三咲５丁目１４番３９号,2019-12-23,株式会社
モントエネルギー株式会社,富山県富山市五福４９９７番地２３,2019-12-23,株式会社
ランドシャーク株式会社,愛知県名古屋市熱田区新尾頭３丁目４番８号,2019-12-23,株式会社
リュウホ株式会社,沖縄県那覇市泉崎１丁目１２番７号,2019-12-23,株式会社
ルアナ株式会社,神奈川県横浜市中区吉田町１２－１イセザキカザマビル６Ｆ,2019-12-23,株式会社
レイワ建設合同会社,広島県福山市大門町１丁目２０ビレッジハウス大門第二１号棟２０８号室,2019-12-23,合同会社
ワールド工業株式会社,兵庫県尼崎市丸島町１０番地の３,2019-12-23,株式会社
一般社団法人あかうし,東京都中央区日本橋１丁目４番１号,2019-12-23,その他の設立登記法人
一般社団法人こうち絆ファーム,高知県高知市高須２丁目１０番１３号,2019-12-23,その他の設立登記法人
一般社団法人さくらじま,東京都中央区日本橋１丁目４番１号,2019-12-23,その他の設立登記法人
一般社団法人エスシーアール,東京都千代田区丸の内３丁目１番１号東京共同会計事務所内,2019-12-23,その他の設立登記法人
一般社団法人ペット協議会,兵庫県神戸市兵庫区荒田町４丁目６番１号,2019-12-23,その他の設立登記法人
一般社団法人ホリデーケープ国東,大分県国東市国見町大熊毛２７６２番地７,2019-12-23,その他の設立登記法人
一般社団法人ローカル・ガストロノミー協会,新潟県南魚沼市大月１０１２番地１,2019-12-23,その他の設立登記法人
一般社団法人和音,東京都目黒区中町２丁目４４番９号,2019-12-23,その他の設立登記法人
一般社団法人在日本朝鮮族作家協会,埼玉県越谷市大字船渡２０６８,2019-12-23,その他の設立登記法人
一般社団法人地域教育支援機構,埼玉県蓮田市大字黒浜２７９８番地１６８,2019-12-23,その他の設立登記法人
一般社団法人日中不動産協会,東京都千代田区神田佐久間町１丁目８－４アルテール秋葉原８０３号室,2019-12-23,その他の設立登記法人
一般社団法人未来のつばさ,兵庫県尼崎市浜３丁目１０番３４号メイゾン神崎１階,2019-12-23,その他の設立登記法人
一般社団法人杉浦,静岡県島田市金谷栄町３２５番地の２,2019-12-23,その他の設立登記法人
一般社団法人東方文化支援財団,京都府京都市南区東九条南河原町９番地１,2019-12-23,その他の設立登記法人
一般社団法人檜,愛媛県今治市小浦町１丁目４番２５号,2019-12-23,その他の設立登記法人
一般社団法人歌浦児童クラブ,長崎県佐世保市鹿町町下歌ヶ浦７９１番地１１,2019-12-23,その他の設立登記法人
一般社団法人野のゆり,山形県鶴岡市斎藤川原字林俣８６番地４,2019-12-23,その他の設立登記法人
一般社団法人長光寺会,岐阜県各務原市川島松倉町２６０番地,2019-12-23,その他の設立登記法人
一般社団法人高知あいあいネット,高知県高知市大川筋２丁目３番２９,2019-12-23,その他の設立登記法人
一般社団法人ＥＲＢＡＣＣＩＡ　ＦＣ,滋賀県野洲市冨波甲１１６１番地３１,2019-12-23,その他の設立登記法人
一般社団法人ＦＰ年金保険資産運用マイスター協会,東京都千代田区神田須田町２丁目３－１２ＫＴＣビル,2019-12-23,その他の設立登記法人
一般社団法人ＳＤＧｓビジネス総合研究所,東京都中央区銀座６丁目６番１号,2019-12-23,その他の設立登記法人
一般社団法人ＴＲＮ１,東京都港区虎ノ門３丁目２２番１０－２０１号,2019-12-23,その他の設立登記法人
一般財団法人ＳＵＮ教育支援機構,東京都中央区京橋２丁目１２番９号,2019-12-23,その他の設立登記法人
三井薬品株式会社,富山県富山市向新庄七丁目１６番４５号,2019-12-23,株式会社
中務総研アセットマネジメント合同会社,大阪府八尾市教興寺７丁目９１番地,2019-12-23,合同会社
企業組合じろばた,新潟県十日町市水口沢７６番地２０,2019-12-23,その他の設立登記法人
余田株式会社,東京都千代田区内神田２丁目１２番５号,2019-12-23,株式会社
佳毅国際株式会社,大阪府大阪市中央区平野町１丁目９番３メロディハイム平野町１０２号室,2019-12-23,株式会社
修斎合同会社,東京都中央区勝どき３丁目２番３－１５０１号,2019-12-23,合同会社
凛健合同会社,京都府京都市左京区北白川久保田町６０番地２３,2019-12-23,合同会社
医療法人まがた歯科クリニック,福岡県北九州市八幡西区八枝４丁目３番７号,2019-12-23,その他の設立登記法人
医療法人ルナウイメンズクリニック,徳島県板野郡北島町中村字城屋敷１９－１３,2019-12-23,その他の設立登記法人
医療法人社団いけだ皮フ科クリニック,兵庫県神戸市垂水区東舞子町１０番１ティオ舞子６０１－１,2019-12-23,その他の設立登記法人
医療法人社団アンズ,神奈川県相模原市南区相模大野８丁目５番９号ＰＥＡＣＨＦＯＲＴ１階Ａ号室,2019-12-23,その他の設立登記法人
医療法人社団ウェルビーイング,神奈川県大和市大和東１丁目３番１５号太陽ビル第２０－２階,2019-12-23,その他の設立登記法人
合同会社あらたエナジー,福岡県大川市大字鬼古賀４８８番地５号,2019-12-23,合同会社
合同会社こづか,東京都千代田区神田小川町１丁目１－６０１号,2019-12-23,合同会社
合同会社さくらコミュニケーション,静岡県静岡市葵区春日町３番地Ａ棟３３号室,2019-12-23,合同会社
合同会社たじま,兵庫県伊丹市野間８丁目１番２２号,2019-12-23,合同会社
合同会社な花,埼玉県さいたま市西区大字塚本２０８番地３,2019-12-23,合同会社
合同会社ひとみコンタクト,大阪府和泉市いぶき野３丁目１６番１３号,2019-12-23,合同会社
合同会社アジュールドラゴン,東京都新宿区西早稲田３丁目２７番１９号,2019-12-23,合同会社
合同会社アストロ,神奈川県相模原市南区相模大野７丁目２０番３－３０４号,2019-12-23,合同会社
合同会社アーク,大阪府池田市石橋２丁目１３番２０号,2019-12-23,合同会社
合同会社エイチケイライズパートナーズマネジメント,東京都大田区上池台２丁目２４番５号１０３,2019-12-23,合同会社
合同会社エスルート企画,大阪府大阪市福島区吉野１丁目３番１１号,2019-12-23,合同会社
合同会社エス・エス・ケイ,新潟県長岡市川崎２丁目２５９３番地８,2019-12-23,合同会社
合同会社カイロス,大阪府大阪市西区新町４丁目１９－３東洋ビル３Ｂ,2019-12-23,合同会社
合同会社キャリアサポート,大阪府大阪市西区新町１丁目７番３号９Ｆ,2019-12-23,合同会社
合同会社クラウドオフィスマネージメント,千葉県東金市道庭７４８番地１－１５０８号,2019-12-23,合同会社
合同会社クリビア,東京都三鷹市牟礼３丁目１０番１号－２,2019-12-23,合同会社
合同会社ケイトアドバンス,大阪府箕面市外院３丁目４番２５号,2019-12-23,合同会社
合同会社コモノ,三重県四日市市諏訪栄町２番６号アイシティビル１Ｆ,2019-12-23,合同会社
合同会社シグマ・エム事務所,三重県いなべ市北勢町向平５６４番地,2019-12-23,合同会社
合同会社ジャッカル,福岡県福岡市中央区平尾５丁目１４番１２号,2019-12-23,合同会社
合同会社トラスト,北海道札幌市中央区南六条西１丁目５番,2019-12-23,合同会社
合同会社ヒルベルト,埼玉県児玉郡上里町大字七本木２４６７番地７,2019-12-23,合同会社
合同会社ラストフォルト,愛知県名古屋市北区上飯田西町２丁目４２番地アヴニール１０２号室,2019-12-23,合同会社
合同会社ロータス・エイティーン,東京都品川区北品川１丁目９番７－１０１５号,2019-12-23,合同会社
合同会社万和リーガルサービス,大阪府大阪市中央区今橋３丁目２番２０号洪庵日生ビル,2019-12-23,合同会社
合同会社丸福,埼玉県さいたま市浦和区領家５丁目５番２号,2019-12-23,合同会社
合同会社伊東電気商会,東京都足立区足立３丁目１３－１１－１１０６,2019-12-23,合同会社
合同会社優愛観光,熊本県上天草市松島町合津４２７６番地７７７,2019-12-23,合同会社
合同会社全開,埼玉県川口市大字石神９３２番地の４,2019-12-23,合同会社
合同会社南砂どうぶつ病院,東京都江東区北砂４丁目１番６号,2019-12-23,合同会社
合同会社吉田匡孝事務所,神奈川県横浜市中区新山下１丁目１４番１－７１５号,2019-12-23,合同会社
合同会社咲,和歌山県和歌山市田尻２４４番地１１,2019-12-23,合同会社
合同会社小坂商事,長野県長野市大字村山２８７番地,2019-12-23,合同会社
合同会社岳,大阪府大阪市東淀川区小松１丁目１４番２号シャトー亜寿香５０１号,2019-12-23,合同会社
合同会社広瀬川,宮城県仙台市青葉区立町２６番１３－４０３号,2019-12-23,合同会社
合同会社東ＮＯ，５,千葉県市川市鬼越１丁目３番１号,2019-12-23,合同会社
合同会社金和商事,石川県金沢市古府３丁目１２９番地ＡＳビル２Ｆ,2019-12-23,合同会社
合同会社１ｓｔリフォーム,沖縄県沖縄市安慶田４丁目１３番１４号,2019-12-23,合同会社
合同会社９０９,大阪府摂津市正雀本町２丁目２１番１号,2019-12-23,合同会社
合同会社ＡＭ,東京都練馬区谷原４丁目１６番１号,2019-12-23,合同会社
合同会社Ｂｏｎ,東京都品川区東五反田５丁目２５番７号,2019-12-23,合同会社
合同会社ＤＯＬＬ,三重県津市柳山津興３７５番地８,2019-12-23,合同会社
合同会社Ｅ＆Ｙ,群馬県前橋市嶺町甲８２番地２,2019-12-23,合同会社
合同会社ＨＭＨ,富山県富山市新庄町１７番地１６,2019-12-23,合同会社
合同会社ＨＴ８９,埼玉県川口市西川口１丁目９番８号,2019-12-23,合同会社
合同会社ＨｉｇｈＬｉｆｅ,北海道札幌市東区北二十二条東３丁目１番３５号ハイテクビルさっぽろ,2019-12-23,合同会社
合同会社Ｋ＆Ｋ,神奈川県横浜市保土ケ谷区釜台町３３番７号,2019-12-23,合同会社
合同会社ＫＯＫＯＲＯ,神奈川県中郡二宮町山西６２４－４,2019-12-23,合同会社
合同会社ＫＹＳ,大分県別府市光町２番１０号,2019-12-23,合同会社
合同会社ＬＳ大串,愛知県豊橋市中世古町４６,2019-12-23,合同会社
合同会社Ｌｅｇａｌ＆Ｍｏｒｅ法務事務所,東京都千代田区九段南１丁目５番６号りそな九段ビル５ＦＫＳフロア,2019-12-23,合同会社
合同会社ＭＮ　Ｌａｂｏ,埼玉県北足立郡伊奈町大字小室２３３７－１２,2019-12-23,合同会社
合同会社Ｏｈａｎａ,神奈川県平塚市桃浜町１５番８号,2019-12-23,合同会社
合同会社ＲＫ,東京都府中市府中町１丁目６番地の７ＳＡＫＡＩビル２階,2019-12-23,合同会社
合同会社Ｓ－Ｒａｎｋ,千葉県鎌ケ谷市道野辺本町２丁目７番４号日誠ビル１階,2019-12-23,合同会社
合同会社ＳＫ－ｓｔｙｌｅ,群馬県前橋市上細井町６２３番の２,2019-12-23,合同会社
合同会社Ｓｐｒｉｎｇｗａｔｅｒ,山梨県北杜市小淵沢町８３８９番地３,2019-12-23,合同会社
合同会社ＵＮ　ＩＮＴＥＲＮＡＴＩＯＮＡＬ,茨城県結城郡八千代町大字坪井３８７,2019-12-23,合同会社
合同会社Ｕｎｉｔｙ,埼玉県川口市末広２丁目３番２０号,2019-12-23,合同会社
合同会社ａｄｏｒｎ,岐阜県土岐市土岐口北町１丁目１３番地,2019-12-23,合同会社
合同会社ｌａｍｐｕｕ,兵庫県神戸市垂水区塩屋町９丁目２０番１８号,2019-12-23,合同会社
合同会社ｓｈｉｋｉ,神奈川県鎌倉市大船２丁目１８番１４号アルカディア３０１,2019-12-23,合同会社
合資会社観世産業,福岡県福岡市中央区薬院２丁目２番２４－３０１号,2019-12-23,合資会社
味の素デジタルビジネスパートナー株式会社,東京都中央区八丁堀２丁目９番１号,2019-12-23,株式会社
多成株式会社,大阪府大阪市東住吉区中野３丁目１番１１－２０２号,2019-12-23,株式会社
大谷金網工業株式会社,福岡県直方市須崎町１０番４号,2019-12-23,株式会社
大豊株式会社,東京都千代田区内神田３丁目８番８号,2019-12-23,株式会社
宏達合同会社,東京都大田区西蒲田７丁目３２番７号,2019-12-23,合同会社
宝允商事合同会社,大阪府箕面市森町南１丁目３番８号,2019-12-23,合同会社
富士ＡＩ株式会社,神奈川県座間市入谷東２丁目８番３－８１１号東建座間ハイツ,2019-12-23,株式会社
小寺木材株式会社,千葉県富里市七栄３２１番地,2019-12-23,株式会社
建源株式会社,東京都江戸川区平井４丁目２４番９号ステラ平井３０２,2019-12-23,株式会社
弁護士法人四季の風総合法律事務所,東京都新宿区四谷４丁目３番地フクヤビル５階,2019-12-23,その他の設立登記法人
新発田金融合資会社,新潟県新発田市御幸町１丁目２番１９号,2019-12-23,合資会社
日本中澤株式会社,東京都墨田区東向島６丁目４２番１号,2019-12-23,株式会社
日本東洋通商株式会社,東京都三鷹市下連雀６丁目７番２４号,2019-12-23,株式会社
星谷建築設計株式会社,福島県会津若松市一箕町大字鶴賀字上居合１３４番地の４星ビル２階Ｃ,2019-12-23,株式会社
有限会社清水鉄工所,岡山県岡山市高松原古才４１９番地,2019-12-23,有限会社
株式会社えありの,東京都豊島区池袋３丁目３４－７ビジネスパーク池袋２階,2019-12-23,株式会社
株式会社おはな,大阪府東大阪市大蓮南１丁目１番２８号,2019-12-23,株式会社
株式会社けやきパートナー,神奈川県川崎市麻生区王禅寺東６丁目１１番１６号ホワイトヴィラ１０３,2019-12-23,株式会社
株式会社しづま保険企画,愛知県知多市日長字堀田３５番地の７,2019-12-23,株式会社
株式会社じゃぱん本舗,新潟県魚沼市今泉１９０３番地１,2019-12-23,株式会社
株式会社ましきぐらし,熊本県上益城郡益城町大字宮園字辻７１５番地１,2019-12-23,株式会社
株式会社まつひろ,静岡県静岡市清水区駒越西２丁目３番１５号,2019-12-23,株式会社
株式会社みどりーむ,愛知県安城市和泉町大北４０番地１,2019-12-23,株式会社
株式会社みなとビル管理,兵庫県姫路市広畑区東新町２丁目４３番地１,2019-12-23,株式会社
株式会社やび家,長崎県長崎市大黒町１０番１１号中川ビル１階,2019-12-23,株式会社
株式会社ゆい京都,京都府宇治市槇島町薗場５２番地,2019-12-23,株式会社
株式会社アイティＳＡ,兵庫県宝塚市梅野町５番３４－７０１号,2019-12-23,株式会社
株式会社アウェイク,東京都港区赤坂３丁目１番１６号ＢＩビル６階,2019-12-23,株式会社
株式会社アダチプランニング,北海道札幌市中央区南八条西４丁目４２２番地オリエンタルエミネンス５０７号,2019-12-23,株式会社
株式会社アッシュ・リンクス,東京都荒川区東日暮里４丁目１９－１０第２ＣＨビル３階,2019-12-23,株式会社
株式会社アットオフィス,福岡県福岡市城南区梅林３丁目２８番１５号,2019-12-23,株式会社
株式会社アトムオートワークス,京都府亀岡市西別院町寺田中大堂谷１番地２６１,2019-12-23,株式会社
株式会社アニティック,東京都豊島区西池袋３丁目３０番３号西池本田ビル４階（株式会社アルカディア内）,2019-12-23,株式会社
株式会社アペックス,愛知県名古屋市北区中切町４丁目２８番地,2019-12-23,株式会社
株式会社アルカンシェル,大阪府大阪市住吉区千躰１丁目４番２６－７０１号,2019-12-23,株式会社
株式会社アンガブルー．,東京都世田谷区太子堂１丁目１２番２７コンフォートテラス１００５号,2019-12-23,株式会社
株式会社アーキコム,東京都渋谷区代官山町９番３号,2019-12-23,株式会社
株式会社イクソリット,東京都世田谷区北沢２丁目３３番５号下北沢ＴＫＳビル３階,2019-12-23,株式会社
株式会社インセントコーポレーション,奈良県香芝市高１９２番地７,2019-12-23,株式会社
株式会社ウッドイヤー,埼玉県加須市上樋遣川４２０８番地２,2019-12-23,株式会社
株式会社エスティ,愛知県丹羽郡大口町中小口２丁目３３９番地,2019-12-23,株式会社
株式会社エターナル,埼玉県志木市上宗岡５丁目９番１２号,2019-12-23,株式会社
株式会社エバーアド,東京都港区南青山３丁目５番２号,2019-12-23,株式会社
株式会社エフズ・プランニング,茨城県龍ケ崎市藤ケ丘４丁目５番地６８,2019-12-23,株式会社
株式会社エムズ,兵庫県伊丹市池尻６丁目９９番地,2019-12-23,株式会社
株式会社オーリ,群馬県高崎市緑町１丁目２９番１０号,2019-12-23,株式会社
株式会社キサラファーム,北海道帯広市東一条南８丁目２番地,2019-12-23,株式会社
株式会社グラウクス堂,神奈川県鎌倉市山ノ内１０９５番地１０,2019-12-23,株式会社
株式会社ケイズ,愛知県名古屋市千種区上野３丁目７番１号,2019-12-23,株式会社
株式会社ケイズクリーン,大阪府堺市美原区今井２９２番地３２,2019-12-23,株式会社
株式会社コラボサービス,兵庫県神戸市垂水区清玄町６６３－１３３,2019-12-23,株式会社
株式会社ゴーウェル,東京都目黒区下目黒２丁目１８番３号,2019-12-23,株式会社
株式会社サクセステクノロジー,群馬県太田市新田市野倉町１７８番地の８,2019-12-23,株式会社
株式会社サンエイ通商,熊本県熊本市東区尾ノ上１丁目７番１５号,2019-12-23,株式会社
株式会社サンエスクラフト,埼玉県八潮市大字大瀬１４１４番地１,2019-12-23,株式会社
株式会社サンライトグリーン,東京都品川区戸越５丁目４番３号４階,2019-12-23,株式会社
株式会社サンライトレイス,福岡県筑後市大字山ノ井６２３番地２,2019-12-23,株式会社
株式会社シゴロ,石川県野々市市三日市２丁目１３７番地ＳＫＹ２０２号,2019-12-23,株式会社
株式会社シティ不動産販売,東京都大田区西糀谷４丁目２８番１８号,2019-12-23,株式会社
株式会社シンセリティー,東京都国分寺市本多５丁目２６番４０号,2019-12-23,株式会社
株式会社スターホーム,三重県亀山市天神４丁目２番２６号,2019-12-23,株式会社
株式会社スーパーレフト,東京都中央区月島３丁目３番５－５０１号,2019-12-23,株式会社
株式会社ダブルエージェンシー,東京都港区赤坂９丁目４番１号パークコート赤坂檜町ザタワー１８０６号室,2019-12-23,株式会社
株式会社トゥルーカラーズ,大阪府大阪市淀川区西中島４丁目７番２０号,2019-12-23,株式会社
株式会社ドリームマネジメント,東京都品川区小山台２丁目２番８号,2019-12-23,株式会社
株式会社ニスト,兵庫県神戸市西区岩岡町古郷字南場８４２番３,2019-12-23,株式会社
株式会社ハッピーセンド,福島県会津若松市行仁町１番１７号,2019-12-23,株式会社
株式会社ハルヒ,沖縄県那覇市前島３丁目２５番２号泊ポートビル３階３１１号室,2019-12-23,株式会社
株式会社ハレルヤ,滋賀県草津市南草津１丁目２番地－１３１６,2019-12-23,株式会社
株式会社ヒデプロダクション,東京都新宿区西新宿４丁目３２番１３号西新宿フォレストアネックス５０５号室,2019-12-23,株式会社
株式会社ヒロキ＆カンパニー,神奈川県逗子市新宿４丁目６番７号,2019-12-23,株式会社
株式会社ファインアート,埼玉県さいたま市北区東大成町１丁目４５７番地３,2019-12-23,株式会社
株式会社フォーヴィスム,東京都千代田区鍛冶町１丁目９番１６号丸石第２ビル６階,2019-12-23,株式会社
株式会社フルハウス,千葉県柏市南増尾５丁目２２番２４号,2019-12-23,株式会社
株式会社ブーストアップ,東京都港区港南４丁目２番７号シティタワー品川１３１７,2019-12-23,株式会社
株式会社プティアンジュ,三重県鈴鹿市八野町５１５番地の１,2019-12-23,株式会社
株式会社プラスエイト,北海道札幌市東区本町一条４丁目５番２６号,2019-12-23,株式会社
株式会社ベネルート,岡山県瀬戸内市邑久町北島３７７番地,2019-12-23,株式会社
株式会社ベヒモスゲームス,東京都国分寺市東恋ヶ窪６丁目１５番８号ハイツ大和Ⅲ２０１,2019-12-23,株式会社
株式会社マキヤ,東京都板橋区小茂根２丁目１番１号,2019-12-23,株式会社
株式会社マーブル,東京都大田区大森西１丁目１１番２４号ウィステリア大森２０５,2019-12-23,株式会社
株式会社メンズビューティーラボ,東京都港区六本木３丁目７番１号,2019-12-23,株式会社
株式会社リアライズ,東京都目黒区目黒２丁目１番１５－７０４号,2019-12-23,株式会社
株式会社リアライズ北海道,北海道札幌市中央区南二条東２丁目１６番地,2019-12-23,株式会社
株式会社リスタ,東京都足立区弘道１丁目２５番１０号,2019-12-23,株式会社
株式会社リハビリティ,兵庫県西宮市津門仁辺町２－２１,2019-12-23,株式会社
株式会社ルミナス,東京都練馬区三原台３丁目９番１９号,2019-12-23,株式会社
株式会社ワム,東京都北区上十条１丁目１７番２号,2019-12-23,株式会社
株式会社三島商事,石川県金沢市弥生１丁目２３番１２号シティハイツ弥生２０２号,2019-12-23,株式会社
株式会社三省リアルティ,東京都千代田区神田神保町１丁目１番地,2019-12-23,株式会社
株式会社下建材,石川県金沢市北袋町い７０番地,2019-12-23,株式会社
株式会社中山工業所,北海道札幌市東区東苗穂十条２丁目１５番１３号,2019-12-23,株式会社
株式会社中村塗装,千葉県船橋市二和東６丁目４１番２５－３１０号,2019-12-23,株式会社
株式会社久住高原ファーム,大分県竹田市大字次倉４７０８番地,2019-12-23,株式会社
株式会社二宮建設,岡山県岡山市南区芳泉２丁目５番４３号,2019-12-23,株式会社
株式会社佐桜,東京都台東区根岸２丁目２０番５号－２０６,2019-12-23,株式会社
株式会社倉弘通商,群馬県沼田市新町２２１番地１,2019-12-23,株式会社
株式会社優徳,愛知県豊川市小坂井町中野１番地１５,2019-12-23,株式会社
株式会社光輝,北海道厚岸郡厚岸町奔渡５丁目４４番地,2019-12-23,株式会社
株式会社北勢リビック,三重県桑名市一色町１１番地,2019-12-23,株式会社
株式会社原田商事,山形県天童市大字川原子６７０番地,2019-12-23,株式会社
株式会社尚市貿易,大阪府大阪市天王寺区生玉前町１番１１号マックスビル８０２号,2019-12-23,株式会社
株式会社山岸,山梨県南都留郡鳴沢村２９９３番地,2019-12-23,株式会社
株式会社山東,埼玉県さいたま市見沼区大字南中野９９１番地,2019-12-23,株式会社
株式会社德英工業,東京都板橋区徳丸１丁目５９番１１－４０６号,2019-12-23,株式会社
株式会社日本ヘルスケア研究所,東京都千代田区隼町２番１０号,2019-12-23,株式会社
株式会社春夏秋冬,茨城県下妻市五箇２２１番地８９,2019-12-23,株式会社
株式会社東興,東京都大田区大森南２丁目５番１１号,2019-12-23,株式会社
株式会社桜エンジニアリング,茨城県稲敷市東大沼６１６番地２,2019-12-23,株式会社
株式会社楓工業,神奈川県藤沢市遠藤２０１１番地１６,2019-12-23,株式会社
株式会社櫻工務店,大阪府寝屋川市松屋町１７番２０号２０１号室,2019-12-23,株式会社
株式会社沖縄教育機材,沖縄県沖縄市美原４丁目１０番１０号,2019-12-23,株式会社
株式会社浜野工業,石川県金沢市三馬３丁目１４２番地,2019-12-23,株式会社
株式会社漢心堂,大阪府吹田市藤白台３丁目５番１９－６０３号,2019-12-23,株式会社
株式会社濱名,兵庫県尼崎市長洲中通３丁目１７番３８号,2019-12-23,株式会社
株式会社玉水,東京都大田区蒲田１丁目１０番７号,2019-12-23,株式会社
株式会社白黒カンパニー,東京都世田谷区南烏山４丁目２５番１３号－４,2019-12-23,株式会社
株式会社百鶴源,神奈川県横浜市鶴見区市場東中町３－１６,2019-12-23,株式会社
株式会社福岡乳販,福岡県福岡市東区和白丘４丁目６番５号,2019-12-23,株式会社
株式会社秀商店,京都府八幡市美濃山幸水２０番地６,2019-12-23,株式会社
株式会社空,東京都新宿区高田馬場２丁目１４番２号新陽ビル１１０８号,2019-12-23,株式会社
株式会社細田自動車,埼玉県越谷市御殿町２番地３９,2019-12-23,株式会社
株式会社結和建設,神奈川県小田原市国府津１９２３番地の８,2019-12-23,株式会社
株式会社義建,埼玉県白岡市白岡６９７番地１７,2019-12-23,株式会社
株式会社翔和,埼玉県三郷市彦江１丁目３６番地６,2019-12-23,株式会社
株式会社葵貴匠,大阪府堺市東区日置荘西町４丁３６番７号,2019-12-23,株式会社
株式会社親誠,茨城県土浦市荒川沖西１丁目２番４号ニューシティ荒川沖２０１,2019-12-23,株式会社
株式会社豊田鉄工,愛知県豊橋市老津町字今下１３７番地の２,2019-12-23,株式会社
株式会社関わり,東京都港区南青山２丁目２番１５号ウィン青山９４２,2019-12-23,株式会社
株式会社関東ドライバーナビ,東京都多摩市関戸６丁目４番地の１２,2019-12-23,株式会社
株式会社雅工業,東京都板橋区清水町４４番３号,2019-12-23,株式会社
株式会社ＡＪＥＰ,東京都北区赤羽北１丁目１３番１０－９０５号,2019-12-23,株式会社
株式会社ＡＭＡＺＩＮＧ　ＢＵＩＬＤ,千葉県成田市前林７８２番地３,2019-12-23,株式会社
株式会社ＡＵＴＯＭＯＢＩＬＥ,埼玉県上尾市大字小敷谷８０５番地６,2019-12-23,株式会社
株式会社Ａｆｒｉｃａ　Ｊａｐａｎ　Ｇｒｏｕｐ,京都府京都市北区小山中溝町３１番地アーバン紫園２０８号,2019-12-23,株式会社
株式会社Ａｍａｚｉｎｇ　ｇｒａｄｅ,東京都足立区西新井４丁目２４番１４－１０２号,2019-12-23,株式会社
株式会社ＢＥＡＵＴＹＦＯＲ,東京都港区南青山１丁目２６番５号,2019-12-23,株式会社
株式会社Ｂｅｉ,茨城県つくば市みどりの中央２４番地３,2019-12-23,株式会社
株式会社ＣＦＥ,岐阜県岐阜市則武西２丁目２５番１５号,2019-12-23,株式会社
株式会社ＣＲＵＤＩＳＴ,東京都港区麻布十番１丁目５－１８カートブラン麻布十番７Ｆ,2019-12-23,株式会社
株式会社Ｃｌｏｃｈｅｔｔｅ,東京都文京区白山５丁目３５番２－３０４号,2019-12-23,株式会社
株式会社ＥＭＯ　ｃｏｎｓｕｌｔｉｎｇ,東京都港区台場１丁目３番２－２０４号,2019-12-23,株式会社
株式会社Ｆ,神奈川県横須賀市桜が丘１丁目２番４号,2019-12-23,株式会社
株式会社ＦＵＭＡ企画,東京都杉並区上井草３丁目２９番３号,2019-12-23,株式会社
株式会社Ｆｒａｎｇｅ,大阪府大阪市北区大淀南２丁目７番２号セレブコート梅田７０１号,2019-12-23,株式会社
株式会社Ｇ＆Ｍパートナーズ,東京都新宿区北新宿１丁目３番１５号,2019-12-23,株式会社
株式会社ＧＭパートナーズ,東京都品川区上大崎２丁目２番１８号,2019-12-23,株式会社
株式会社Ｈ・Ｎ新丸子,神奈川県川崎市中原区新丸子町６９０番地,2019-12-23,株式会社
株式会社ＨＡＫＵＥＮ,宮崎県宮崎市清武町木原５７番地３０しおんビル１Ｆ,2019-12-23,株式会社
株式会社ＨＩＤＡＫＡ,埼玉県日高市大字原宿１２１番地６,2019-12-23,株式会社
株式会社Ｈｏｕｓｅ　ｏｆ　Ｈ,東京都杉並区和泉４丁目４４番２号方南町ガーデンコート２号棟５１５,2019-12-23,株式会社
株式会社ＩＮＤＵＳＴＲＹ,大阪府吹田市南吹田２丁目６番地３０号,2019-12-23,株式会社
株式会社Ｉｍａｇｉｎａｔｉｏｎｓ,東京都港区浜松町２丁目７番１１号芝ＫＳビル９Ｆ,2019-12-23,株式会社
株式会社Ｉｎｓｐｉｒｅ,大阪府箕面市桜井１丁目２６番２５号,2019-12-23,株式会社
株式会社Ｊａｄｉｅｔ,兵庫県神戸市中央区雲井通５丁目３番１号サンパル６階起業プラザひょうご,2019-12-23,株式会社
株式会社ＫＢＣ,東京都新宿区高田馬場３丁目１番５号,2019-12-23,株式会社
株式会社ＫＩＲＹＵ,兵庫県伊丹市北本町３丁目１６５番地１エーベル伊丹弐番館１０２号,2019-12-23,株式会社
株式会社ＫＷＴ,千葉県浦安市猫実５丁目８番２４号,2019-12-23,株式会社
株式会社Ｌｉｎｏ,東京都文京区大塚４丁目１１番９号,2019-12-23,株式会社
株式会社Ｎ＆Ｃ,東京都板橋区徳丸６丁目２番５号,2019-12-23,株式会社
株式会社ＮＢ環境計装,神奈川県川崎市麻生区白山２丁目２番２－７０６号,2019-12-23,株式会社
株式会社ＮＤＨ,愛知県北名古屋市高田寺北の川７３番地２,2019-12-23,株式会社
株式会社ＮＥＸＴＬＥＯ,東京都大田区蒲田４丁目１０番１４－１５１６号,2019-12-23,株式会社
株式会社Ｎｏｍｕ,静岡県静岡市駿河区国吉田６丁目１５番２０号,2019-12-23,株式会社
株式会社Ｎｏｔ　ｙｅｔ,東京都港区六本木５丁目１３番１１号,2019-12-23,株式会社
株式会社ＰＰＦ,沖縄県石垣市字桃里１６５番地２６８,2019-12-23,株式会社
株式会社Ｐｒｅｓｓｏ,神奈川県相模原市中央区南橋本１丁目９番８号コスモタウン南橋本２０２,2019-12-23,株式会社
株式会社Ｐｒｏｊｅｃｔ－ＳＥＥＤ,愛知県名古屋市東区葵１丁目１２番１号,2019-12-23,株式会社
株式会社Ｑｕｉｃｋ　Ａｎｎｉｖｅｒｓａｒｙ　Ｐｒｉｎｔ　Ｓｙｓｔｅｍ,東京都港区西麻布２丁目２４番３号－４０４室,2019-12-23,株式会社
株式会社ＲＥＮＡＴＥ,東京都文京区根津１丁目１番１８号パライソ和田ビル１Ｆ,2019-12-23,株式会社
株式会社ＲＥＰＲＯＤＵＣＴＩＯＮ,東京都中野区本町６丁目１６番１２号４０３号室,2019-12-23,株式会社
株式会社ＲｅｖｉａＬ,広島県広島市南区京橋町８－１８,2019-12-23,株式会社
株式会社Ｓ．Ｃ,福島県喜多方市豊川町米室字サカリ４２１２番地４,2019-12-23,株式会社
株式会社ＳＨＲ,富山県高岡市中川本町１番１２号,2019-12-23,株式会社
株式会社ＳＫＰａｉｎｔ,東京都足立区入谷２丁目３番１８号,2019-12-23,株式会社
株式会社ＳＴＦ,神奈川県横浜市旭区南本宿町１０１番地５－Ａ５０２,2019-12-23,株式会社
株式会社Ｓｏｌ－Ｆｉｋｓ,熊本県熊本市中央区渡鹿２丁目４番２２号ブルーティアラ１０２,2019-12-23,株式会社
株式会社Ｓｔａｒｔ　Ｆｒｏｍ　Ｐａｓｓｉｏｎ,埼玉県川越市新宿町２丁目８番地６,2019-12-23,株式会社
株式会社Ｔ．Ｐ．Ｉ,大阪府堺市美原区青南台１丁目６番１７号,2019-12-23,株式会社
株式会社ＴＡＭＡＧＯ,東京都千代田区神田小川町２丁目１２番地,2019-12-23,株式会社
株式会社Ｔｅｎ　Ｓｃｅｎｔｓ,神奈川県鎌倉市材木座５丁目１１番１７号,2019-12-23,株式会社
株式会社ＶＦＯ,東京都新宿区新宿１丁目１２番１２号オスカカテリーナビル３Ｆ,2019-12-23,株式会社
株式会社ＶＩＣＴＯＲＹ　ＣＯＭＰＡＮＹ,新潟県新潟市中央区幸西２丁目３番１３号リバーサイド幸,2019-12-23,株式会社
株式会社Ｗデンタルサポート,福島県会津若松市堤町１３番１１号,2019-12-23,株式会社
株式会社ＷＥＬＬＴＯＰ,神奈川県相模原市中央区富士見２丁目１番１９号,2019-12-23,株式会社
株式会社Ｙ＆Ｔ,神奈川県相模原市中央区上溝１６４８番地６,2019-12-23,株式会社
株式会社ＺＥＮＮ,兵庫県加東市上三草１１５番地８０ビレッジハウス三草１－１０１号,2019-12-23,株式会社
株式会社ａｓｖａｌｌ,神奈川県小田原市成田５２番地の７,2019-12-23,株式会社
株式会社ｉｓｓｈｉｎ,東京都渋谷区上原１丁目３８番６号,2019-12-23,株式会社
株式会社ｐｕｒｅ　ｊａｐａｎ,東京都大田区蒲田５丁目３６番５号－５Ｆ,2019-12-23,株式会社
株式会社ｒｕｂｉｃｏｎ２０１９,愛知県小牧市小牧５丁目２２４番地,2019-12-23,株式会社
株式会社ｔｒｉｅｎｔ,東京都新宿区西新宿７丁目７番２９号,2019-12-23,株式会社
横浜財産管理合同会社,東京都港区芝浦１丁目６番４１－２１２７号,2019-12-23,合同会社
河合琴三絃司合同会社,東京都杉並区堀ノ内１丁目７番１号,2019-12-23,合同会社
渋谷商会合同会社,東京都渋谷区代官山町２番２号,2019-12-23,合同会社
特定非営利活動法人スマイルキャリアあおもり,青森県青森市里見２丁目３番１０号,2019-12-23,その他の設立登記法人
特定非営利活動法人フューチャースペース,神奈川県横浜市南区六ツ川２丁目５８番地９,2019-12-23,その他の設立登記法人
特定非営利活動法人信州イノベーション・ネットワーク協議会,長野県長野市大字西長野６のロ信州大学教育学部森下研究室,2019-12-23,その他の設立登記法人
特定非営利活動法人彩の舎,長野県諏訪郡原村１７２１７番地１１１０,2019-12-23,その他の設立登記法人
特定非営利活動法人熊崎川河川管理団体,大分県臼杵市大字諏訪１７２０番地の３,2019-12-23,その他の設立登記法人
特定非営利活動法人食中毒からアジアの子供を守る会,兵庫県神戸市垂水区海岸通９番５０－５１４号,2019-12-23,その他の設立登記法人
特定非営利活動法人Ｔａｌｅｎｔ　Ｕｎｉｖｅｒｓｅ,東京都豊島区東池袋５丁目７番３号長島ビル２階,2019-12-23,その他の設立登記法人
発酵デザインラボ株式会社,東京都世田谷区奥沢８丁目３番２号,2019-12-23,株式会社
真明株式会社,栃木県小山市大字横倉新田２５３番地９,2019-12-23,株式会社
社会保険労務士法人グラントうさみ,三重県四日市市城西町１３番２８号大誠ビル２０２号室,2019-12-23,その他の設立登記法人
福貿株式会社,沖縄県那覇市松尾１丁目１０番２４号ホークシティ那覇ビル１Ｆ,2019-12-23,株式会社
美寿思株式会社,徳島県徳島市中通町１丁目２７番地１,2019-12-23,株式会社
蒼穹１号合同会社,東京都中央区日本橋本町３丁目１１番５号,2019-12-23,合同会社
越洋株式会社,東京都台東区上野５丁目８番１０号上野アビタシオン３０８号,2019-12-23,株式会社
近畿産業有限会社,兵庫県姫路市花田町小川１１６２番地,2019-12-23,有限会社
遠東國際株式会社,埼玉県蕨市塚越７丁目２９番３号,2019-12-23,株式会社
金森合同会社,埼玉県新座市北野３丁目８番１９号,2019-12-23,合同会社
鈴鹿高原たまご株式会社,東京都千代田区神田神保町２丁目１１番１５号,2019-12-23,株式会社
錦栄株式会社,東京都台東区松が谷２丁目１５番８号４Ｆ,2019-12-23,株式会社
長谷堂開発株式会社,山形県山形市大字長谷堂字出倉１１１番２,2019-12-23,株式会社
関西商事合同会社,大阪府大阪市港区八幡屋２丁目９番１６号,2019-12-23,合同会社
阿部物流合同会社,神奈川県厚木市関口１２１番地１,2019-12-23,合同会社
非営利いきがいづくり株式会社,富山県中新川郡立山町大窪開２番地３６,2019-12-23,株式会社
齋藤建設株式会社,栃木県宇都宮市山本１丁目７番７号,2019-12-23,株式会社
３ａｒｒｏｗｓ株式会社,東京都三鷹市下連雀４丁目１４－２０ＰＬＥＮＤＹ三鷹１Ｆ,2019-12-23,株式会社
ＡＰＥ国際人材育成協同組合,千葉県八千代市勝田台１丁目２７番地２６あずさビル３０２号室,2019-12-23,その他の設立登記法人
ＡＲＨＫ国際株式会社,沖縄県中頭郡嘉手納町字嘉手納２５８番地２Ｋａｄｅｎａビル２Ｆ２０９号,2019-12-23,株式会社
Ｂ‐ｆｒａｇｒａｎｃｅ株式会社,千葉県千葉市花見川区幕張本郷２丁目３６番９号Ｔ２パレス２０５,2019-12-23,株式会社
Ｂ＆Ｍ　ＧＲＯＵＰ合同会社,大阪府和泉市伏屋町２丁目１番１０－１０７号,2019-12-23,合同会社
ＣＯＤＥＳＨＡＲＥ　ＨＯＬＤＩＮＧＳ株式会社,東京都渋谷区東１丁目２８番７号,2019-12-23,株式会社
ＣＯＦＦＥＥ　ＴＥＣＨ株式会社,東京都世田谷区上野毛４丁目１９番４号,2019-12-23,株式会社
Ｃｈａｂｉ　ｌａｎｄ株式会社,兵庫県神戸市中央区北長狭通３丁目１２番３号リーストラクチャートアウエストビル５階,2019-12-23,株式会社
ＥＨＵクリエイトサービス株式会社,神奈川県厚木市恩名５丁目５番３０－８０１号,2019-12-23,株式会社
ＦＲＥＥＤ　ＧＡＴＥ合同会社,神奈川県横浜市西区みなとみらい４丁目９番２－Ｄ２７０７号,2019-12-23,合同会社
Ｆｉｎｅ株式会社,大分県中津市大字万田３７８番地６,2019-12-23,株式会社
ＦｌｅｅｔＩＲ合同会社,東京都中央区日本橋箱崎町１８－５－８０３,2019-12-23,合同会社
Ｆｏｕｒｔｈ　Ｗａｌｌ　Ｖｅｎｔｕｒｅｓ　ＡＩＲ　１８１合同会社,東京都港区六本木７丁目７番７号Ｔｒｉ－ＳｅｖｅｎＲｏｐｐｏｎｇｉ８階,2019-12-23,合同会社
Ｆｕｓｉｏｎ合同会社,埼玉県熊谷市星川１丁目３９番１号,2019-12-23,合同会社
ＧｒｅｅｎＢａｃｋ株式会社,山梨県甲府市愛宕町３３３番地４４,2019-12-23,株式会社
Ｈ－ｆ合同会社,石川県能美市三道山町ホ２４番地３,2019-12-23,合同会社
ＨＯＣパートナーズＰＦＩ株式会社,東京都世田谷区用賀４丁目１０番１号,2019-12-23,株式会社
ＨＯＭＥＷＨＥＲＥ合同会社,神奈川県鎌倉市材木座５丁目１５番４４号,2019-12-23,合同会社
Ｊ＆Ｉ株式会社,兵庫県芦屋市精道町４番９号,2019-12-23,株式会社
ＪＳＥＡ　ＧＯＬＦ株式会社,東京都千代田区丸の内３丁目４番１号,2019-12-23,株式会社
Ｋエステート合同会社,東京都日野市旭が丘６丁目８番地の４８,2019-12-23,合同会社
Ｋ＆Ｈ合同会社,北海道帯広市西十一条南１７丁目３－８山崎マンション２号室,2019-12-23,合同会社
ＬＹＲＡ株式会社,東京都中央区銀座６丁目６番１銀座風月堂ビル５Ｆ,2019-12-23,株式会社
Ｌａｒｇａ合同会社,東京都渋谷区笹塚３丁目３０番９号レヴァンテ笹塚３０１,2019-12-23,合同会社
Ｌｕｘｕｒｙ　Ｊａｐａｎ株式会社,神奈川県綾瀬市小園１０７５美園ハイツ１０１号,2019-12-23,株式会社
Ｍ’ｓ　ｍａｒｔ株式会社,東京都港区芝５丁目２７番３号,2019-12-23,株式会社
ＭＧ株式会社,長崎県長崎市出島町１２番１号ひまわりビル１階,2019-12-23,株式会社
Ｎ．ｐｌｕｓ株式会社,愛知県名古屋市港区港栄３丁目１５番７号－２,2019-12-23,株式会社
ＮＫ経済総合研究所株式会社,神奈川県藤沢市鵠沼松が岡２丁目１７番１１号,2019-12-23,株式会社
ＯＫＮ合同会社,大阪府堺市南区美木多上９５１番地４７,2019-12-23,合同会社
ＯＭＥＧＡ　ＩＮＴＥＲＮＡＴＩＯＮＡＬ合同会社,群馬県伊勢崎市連取町３０７７番地５ＣＯＭＭＯＮＴＳＵＮＡＴＯＲＩ１－２号室,2019-12-23,合同会社
Ｒ－ｒｅｐｏｒｔ合同会社,神奈川県鎌倉市大町３丁目２０番１７号,2019-12-23,合同会社
ＲＡ　Ｅｎｇｌｉｓｈ合同会社,大阪府高槻市城北町１丁目１４番地１８号城北ビル２０３号,2019-12-23,合同会社
ＲＥＢＥＡＴ株式会社,北海道札幌市東区北二十八条東１３丁目２番１１号コスモハイツ元町１０３号,2019-12-23,株式会社
ＲＩＣＨＥ・ＣＯＮＳＵＬＴＩＮＧ合同会社,東京都港区三田３丁目３－６－１００２,2019-12-23,合同会社
ＲＹＯＰＬＵＳ株式会社,東京都千代田区神田錦町１丁目１４番地３ウキガイビル７階,2019-12-23,株式会社
ＳＰ桜ケア株式会社,千葉県松戸市馬橋３０５８番地マンション南松戸１０４号室,2019-12-23,株式会社
ＴＯＫＹＯ　ＥＬＥＣＴＲＯＮＩＣＳ合同会社,東京都中央区日本橋大伝馬町６番２号,2019-12-23,合同会社
Ｔｏｍｍｙ株式会社,大阪府高槻市土室町４５番２４号土室マンション２０５号室,2019-12-23,株式会社
Ｗｅｌｌｓｐｒｉｎｇ　Ｊａｐａｎ合同会社,東京都新宿区新宿２丁目２－１０－６０５,2019-12-23,合同会社
Ｗｉｓｔｅｒｉａ株式会社,埼玉県越谷市東大沢１丁目３２番地３,2019-12-23,株式会社
ＷｏｎｄｅｒＷａｌｌ株式会社,東京都東大和市中央１丁目５９８番地の７,2019-12-23,株式会社
ｊａｍｉｅ婕株式会社,京都府宇治市槇島町十一６０番,2019-12-23,株式会社
あひる社会保険労務士法人,福岡県北九州市小倉北区浅野３丁目８番１号,2019-12-24,その他の設立登記法人
からだ創造開発株式会社,東京都港区南青山２丁目２番１５号ウィン青山９４２,2019-12-24,株式会社
さくらＦａｍ株式会社,長野県上田市諏訪形１５６７番地６,2019-12-24,株式会社
にこ・るあーな合同会社,愛知県一宮市今伊勢町馬寄字山之小路４８番地,2019-12-24,合同会社
やまぐち人材活用支援センター協同組合,山口県山口市下小鯖２０９８番地２,2019-12-24,その他の設立登記法人
アクティス事業協同組合,福岡県福岡市中央区大手門２丁目１番１６号４Ｆ,2019-12-24,その他の設立登記法人
アシダ空調株式会社,兵庫県西宮市中殿町２番３－１０１号,2019-12-24,株式会社
アジア臨床工学フォーラム,大阪府大阪市淀川区宮原１丁目２－８,2019-12-24,その他
アジュワ株式会社,愛知県愛西市佐屋町道西６４番地,2019-12-24,株式会社
アールテックエース株式会社,福岡県筑紫野市桜台２丁目２２番３号－２Ｆ,2019-12-24,株式会社
ウェルネスマハロ合同会社,愛知県名古屋市昭和区車田町２丁目５番地の５,2019-12-24,合同会社
エイト合同会社,東京都大田区雪谷大塚町６－１２,2019-12-24,合同会社
エフジーホールディングス株式会社,神奈川県横浜市青葉区荏田町３０７番地５,2019-12-24,株式会社
エーウェルホールディング株式会社,東京都港区元赤坂１丁目１番１７－８０１号,2019-12-24,株式会社
カピパ合同会社,沖縄県那覇市辻１丁目１６番９号サングリーンビル１階,2019-12-24,合同会社
ガレオンシステム株式会社,東京都港区北青山３丁目３－７－４１６,2019-12-24,株式会社
キロネックス合同会社,大阪府大阪市浪速区下寺２丁目１番１号エスレジデンス学園坂１２０１,2019-12-24,合同会社
キングジム株式会社,大阪府大阪市中央区高津２丁目４番６－７０１号,2019-12-24,株式会社
ケイエムメンテナンス株式会社,埼玉県川口市飯塚１丁目１２番２３－７０８号,2019-12-24,株式会社
ゲートインイクイップメンツ合同会社,福岡県福岡市早良区原団地６０番２０４号,2019-12-24,合同会社
コスモトラフィック株式会社,埼玉県久喜市久喜東１丁目３番７号,2019-12-24,株式会社
サリサリ株式会社,神奈川県横浜市中区伊勢佐木町５丁目１２９番地３,2019-12-24,株式会社
シン株式会社,埼玉県戸田市美女木２丁目１７番地の１（ファミール２７－５０１号室）,2019-12-24,株式会社
ジェームス福井株式会社,福井県福井市大和田１丁目４１０番地,2019-12-24,株式会社
スミティビューティ株式会社,愛知県名古屋市中区大須３丁目１５番１５号,2019-12-24,株式会社
セーブ・トラスト協同組合,栃木県真岡市鬼怒ケ丘１丁目１５番地１０,2019-12-24,その他の設立登記法人
ゼンデュア・ジャパン株式会社,東京都渋谷区千駄ヶ谷５丁目２７番５号リンクスクエア新宿１６階,2019-12-24,株式会社
ディーソフトジャパン株式会社,東京都港区港南２丁目１５－１品川インターシティＡ棟２８階,2019-12-24,株式会社
ドライバーバンク事業協同組合,埼玉県羽生市南６丁目１１番地１６,2019-12-24,その他の設立登記法人
プラスヒューマン株式会社,兵庫県神戸市東灘区御影石町１丁目１番４３号２０１号,2019-12-24,株式会社
ライズ合同会社,神奈川県横浜市都筑区勝田南１丁目７番２９号,2019-12-24,合同会社
一般社団法人のぶしなカンパニー,長野県長野市信州新町信級３６４４番地,2019-12-24,その他の設立登記法人
一般社団法人ディーセントワーク・ライフプランプロデュース協会,佐賀県佐賀市大財３丁目１番９号,2019-12-24,その他の設立登記法人
一般社団法人中小企業を働き方改革から守る協会,福岡県福岡市中央区天神１丁目１番１号,2019-12-24,その他の設立登記法人
一般社団法人住居支援センター虹,熊本県熊本市中央区大江６丁目７番８号,2019-12-24,その他の設立登記法人
一般社団法人古川,愛知県名古屋市千種区今池４丁目１５番３号,2019-12-24,その他の設立登記法人
一般社団法人品川港助産師会,東京都港区白金１丁目２５番１５－３０２号,2019-12-24,その他の設立登記法人
一般社団法人日本福祉フォーラム,愛知県名古屋市守山区川西１丁目２２１番地の２,2019-12-24,その他の設立登記法人
一般社団法人日本芙蓉飲食健康研究会,東京都台東区台東４丁目２８番１号,2019-12-24,その他の設立登記法人
一般社団法人消費生活総合サポートセンター,東京都杉並区南荻窪２丁目３４番２０号Ｕガーデン杉並２０７,2019-12-24,その他の設立登記法人
一般社団法人禪ライフサポート協会,大阪府豊中市北桜塚２丁目５番６１号,2019-12-24,その他の設立登記法人
一般社団法人ＩＲ産業推進機構,大阪府大阪市北区梅田２丁目４番９号ブリーゼタワー２３階,2019-12-24,その他の設立登記法人
一般社団法人Ｔｈｅ　１２ｔｈ　Ｐｌａｙｅｒ,東京都足立区舎人３丁目５番１０号,2019-12-24,その他の設立登記法人
一般社団法人ＷＩＬＬ＆ＬＯＵＩＳ,兵庫県宝塚市御殿山４丁目８番１９－Ａ－３０３号,2019-12-24,その他の設立登記法人
一般社団法人ｎｏａｄ,奈良県吉野郡十津川村大字竹筒２３２番地,2019-12-24,その他の設立登記法人
一般財団法人姉水会奨学財団,滋賀県長浜市宮部町２４１０番地,2019-12-24,その他の設立登記法人
一般財団法人桂石文化振興財団,東京都八王子市旭町１２番１６－１４０２号,2019-12-24,その他の設立登記法人
上ノ国開発株式会社,北海道檜山郡上ノ国町字大留１３番地１,2019-12-24,株式会社
上里田株式会社,東京都足立区柳原２丁目５１番５号ＦＬＯＷＥＲ,2019-12-24,株式会社
亘陽テクノ株式会社,愛知県名古屋市中川区東起町５丁目９番地,2019-12-24,株式会社
医療法人こいけクリニック,佐賀県佐賀市兵庫北２丁目１９番１２号,2019-12-24,その他の設立登記法人
医療法人たなか内科クリニック,佐賀県伊万里市新天町６２０番地５,2019-12-24,その他の設立登記法人
医療法人令仁会,長野県佐久市長土呂１１９８番地,2019-12-24,その他の設立登記法人
医療法人天昌堂,秋田県横手市安田字ブンナ沢８０番地４５,2019-12-24,その他の設立登記法人
医療法人明翠会,愛知県春日井市松新町２丁目１１１番地,2019-12-24,その他の設立登記法人
医療法人社団清康院,神奈川県鎌倉市岡本２丁目２１番２６号山一ビル３階,2019-12-24,その他の設立登記法人
千代田住地株式会社,埼玉県川越市富士見町２４番地１,2019-12-24,株式会社
協同組合コネクト,青森県北津軽郡中泊町大字今泉字神山１４４番地１,2019-12-24,その他の設立登記法人
合同会社いろは,熊本県熊本市中央区下通１丁目９番２０号銀座光琳ビル２階,2019-12-24,合同会社
合同会社かねとらジャパン,高知県南国市稲生１３１８番地,2019-12-24,合同会社
合同会社こてつ家,鳥取県鳥取市吉方温泉３丁目１５１番地１０２号,2019-12-24,合同会社
合同会社はまざと,東京都中野区中野６丁目２４番５－１０５号,2019-12-24,合同会社
合同会社はやおきびと,神奈川県茅ヶ崎市赤羽根２５９番地９,2019-12-24,合同会社
合同会社ふくし事務サポート,愛知県海部郡蟹江町大字須成字藤丸２０２２番地７８,2019-12-24,合同会社
合同会社アリオックス,岡山県小田郡矢掛町東三成２３６２番地,2019-12-24,合同会社
合同会社アース,愛知県名古屋市瑞穂区春山町１３番地６グランドヒルズ春山５０７,2019-12-24,合同会社
合同会社インベスト２,熊本県熊本市東区月出１丁目１番４０－１４０５号,2019-12-24,合同会社
合同会社エガミ・アートオフィス,東京都江戸川区平井６丁目２３番２１号－４０１,2019-12-24,合同会社
合同会社エターナルインクリース,東京都北区赤羽南１丁目１番９号メゾン赤羽１０５号室,2019-12-24,合同会社
合同会社エフ．フォレストリー,山口県山口市中央３丁目７番５―２０１号（ヴェルヴェシティ中央）,2019-12-24,合同会社
合同会社エール,東京都あきる野市小川東１丁目１８－２３田中ハイツ１０３号室,2019-12-24,合同会社
合同会社クレファス,福井県福井市上北野２丁目２３番９号,2019-12-24,合同会社
合同会社グランツ,東京都東久留米市柳窪１丁目３番２号,2019-12-24,合同会社
合同会社グレートリバー,埼玉県さいたま市浦和区岸町４丁目２６番１－７０４号,2019-12-24,合同会社
合同会社ゴッドアイ,東京都多摩市落合１丁目４６番地１ココリア多摩センター６階,2019-12-24,合同会社
合同会社スカット福井,福井県坂井市丸岡町舟寄第１５８号２番地４,2019-12-24,合同会社
合同会社スタジオちゅちゅ,東京都品川区大井１丁目４５番２号ジブラルタル大井ビルＢ１,2019-12-24,合同会社
合同会社スプライン,神奈川県川崎市宮前区有馬１丁目１３番１－４０８号,2019-12-24,合同会社
合同会社スマイル・テクノロジー,東京都江東区木場５丁目１２番地５号コンシェリア東京ＫＩＢＡ・ＳＴＡＴＩＯＮ・ＦＲＯＮＴ６０１,2019-12-24,合同会社
合同会社セブンエイト,東京都台東区東上野１丁目１８番７号,2019-12-24,合同会社
合同会社ダマス．カス,東京都東村山市恩多町１丁目３７番地４８,2019-12-24,合同会社
合同会社ニトロゼウス,秋田県秋田市八橋三和町１４番３号ＭａｓｔｅｒＰｉｅｃｅＭ．Ｉ．６－１００６号,2019-12-24,合同会社
合同会社ビーチグラス,神奈川県茅ヶ崎市松が丘１丁目６番７４号,2019-12-24,合同会社
合同会社マリー社,東京都杉並区久我山３丁目４１番１４号,2019-12-24,合同会社
合同会社マーキュリー,東京都港区高輪２丁目１９番１７－４１２号,2019-12-24,合同会社
合同会社モンシナ,山口県熊毛郡平生町大字平生町１０番地の６４,2019-12-24,合同会社
合同会社ライフ,北海道札幌市豊平区美園三条３丁目２番１－２０５号,2019-12-24,合同会社
合同会社リビング・コンシェルジュ,神奈川県川崎市多摩区中野島４丁目１９－２－２０２,2019-12-24,合同会社
合同会社レガリア,新潟県南魚沼市六日町２８４０番地４,2019-12-24,合同会社
合同会社ヴァルドフェルド,愛媛県東温市田窪２００８番地１,2019-12-24,合同会社
合同会社ヴァンジョーヌ,東京都港区赤坂２丁目１９番４号関ビルＢ１,2019-12-24,合同会社
合同会社二川,北海道札幌市手稲区前田四条１３丁目１３番６号,2019-12-24,合同会社
合同会社佐藤淳構造設計事務所,東京都港区東麻布２丁目２６番３号,2019-12-24,合同会社
合同会社加藤企画,愛知県一宮市木曽川町門間字大坪３２番地６,2019-12-24,合同会社
合同会社堀昌,愛知県春日井市関田町３丁目８９番地,2019-12-24,合同会社
合同会社泉の森,宮城県仙台市泉区泉中央１丁目１３番地の２増子ビル２０６,2019-12-24,合同会社
合同会社生和,愛知県安城市東端町用地１９３番地２,2019-12-24,合同会社
合同会社笑夢,埼玉県北本市本町３丁目１１６番地５,2019-12-24,合同会社
合同会社陽,埼玉県新座市西堀２丁目１５番４５号,2019-12-24,合同会社
合同会社隆昌,大阪府堺市西区上野芝町８丁９番９号,2019-12-24,合同会社
合同会社８１ｃｒｏｓｓｉｎｇ,神奈川県横浜市神奈川区三ツ沢東町３番７号,2019-12-24,合同会社
合同会社ＡＢＣ,東京都世田谷区等々力７丁目２１番１８－３０８号,2019-12-24,合同会社
合同会社Ｃｉｒｃｌｅ　ｏｆ　Ｌｉｆｅ,北海道岩見沢市美園五条７丁目１番２０号,2019-12-24,合同会社
合同会社ＥＣＯＰＹ,東京都新宿区高田馬場１丁目２９番７号,2019-12-24,合同会社
合同会社Ｅｘｃｅｌｌｅｎｔ　Ｖｉｅｗ,神奈川県相模原市中央区水郷田名３丁目５－３２,2019-12-24,合同会社
合同会社ＨＡＳＵ,滋賀県彦根市平田町７４４番地８,2019-12-24,合同会社
合同会社Ｋ＆Ｍ　Ｖｅｒｉｔａｓ　Ｉｎｃ．,神奈川県横浜市青葉区松風台３３番地２－５０２号,2019-12-24,合同会社
合同会社ＫＩＭＵＲＡ,東京都中野区中央５丁目２７番２６号マウスゲートハウス１０７,2019-12-24,合同会社
合同会社ＫｅｒｎｅｌＴｒｉｂｅ,東京都豊島区東池袋１丁目３４番５号いちご東池袋ビル６Ｆ,2019-12-24,合同会社
合同会社ＬＯＴＵＳ３６１８,愛媛県松山市三番町５丁目７番地１３ｏｒｉｇｉｎａｌｂｏｘ１１－６－Ａ,2019-12-24,合同会社
合同会社Ｌｅｏｎ,愛知県あま市本郷郷前２５番地,2019-12-24,合同会社
合同会社Ｍ＆Ｓ,北海道千歳市千代田町５丁目７番マーベラスビルディング２階,2019-12-24,合同会社
合同会社ＮＷＸＧ,京都府京都市下京区新町通松原下る富永町１０７番地１,2019-12-24,合同会社
合同会社Ｐｌｕｔｏ,福島県須賀川市六郎兵衛１３２番地２サンガ２０３,2019-12-24,合同会社
合同会社Ｒ２,兵庫県姫路市飾磨区清水９０番地４グランハイム清水３０５号室,2019-12-24,合同会社
合同会社ＲＩＮ,沖縄県那覇市字国場３６１番地１,2019-12-24,合同会社
合同会社ＴＦＣ,東京都渋谷区東４丁目１１番９号,2019-12-24,合同会社
合同会社ＶＥＲＲＹ．,神奈川県横浜市中区太田町６丁目８６番５０５号,2019-12-24,合同会社
合同会社ａｒａｔａ,兵庫県尼崎市浜田町３丁目１０９－１１,2019-12-24,合同会社
富士不動産株式会社,兵庫県明石市本町１丁目１１番８号,2019-12-24,株式会社
小倉スカイマンション自治管理組合法人,福岡県北九州市小倉北区金田２丁目６番１号,2019-12-24,その他の設立登記法人
岡嶋自動車株式会社,大阪府四條畷市中野本町７番１０号,2019-12-24,株式会社
成上技建株式会社,東京都国分寺市東恋ヶ窪６丁目２４番地３アネックスオオタニ１０２,2019-12-24,株式会社
新東方合同会社,東京都港区芝４丁目７番７号ビラ・アペックス田町１Ｆ,2019-12-24,合同会社
春日直樹事務所株式会社,東京都新宿区北町２４番地１シャリエ神楽坂２０６,2019-12-24,株式会社
有限会社三浦重機土木,大分県竹田市大字竹田１２８１番地１,2019-12-24,有限会社
有限会社新井鉄工所,群馬県伊勢崎市今泉町２丁目９３８番地５,2019-12-24,有限会社
本体グローバルディヴェロプ株式会社,東京都港区高輪２丁目１４番地,2019-12-24,株式会社
株式会社いろり東京,東京都世田谷区北沢２丁目１３番４号第２伊奈ビル１Ｆ,2019-12-24,株式会社
株式会社えんぴつ,北海道釧路市武佐２丁目２４番２０号,2019-12-24,株式会社
株式会社きのまま,香川県丸亀市郡家町１８８６番地１５,2019-12-24,株式会社
株式会社しごとラボ,愛知県刈谷市南沖野町２丁目１３番地１１沖野マンション２０８号,2019-12-24,株式会社
株式会社しろくまワークス,岡山県岡山市中区国府市場５４１番地９,2019-12-24,株式会社
株式会社つばさ,福島県会津若松市金川町２番６号,2019-12-24,株式会社
株式会社てくてく,愛知県津島市南本町６丁目１番地６,2019-12-24,株式会社
株式会社なみあ,福岡県福岡市早良区干隈４丁目２０番５号,2019-12-24,株式会社
株式会社ふくろう,埼玉県所沢市宮本町１丁目７番３１号,2019-12-24,株式会社
株式会社まなビバ,愛知県日進市香久山５丁目１２０７番地,2019-12-24,株式会社
株式会社みとや,愛知県弥富市鯏浦町車東３８番地,2019-12-24,株式会社
株式会社みなみ,東京都港区虎ノ門３丁目１８番１２号,2019-12-24,株式会社
株式会社アイエムエス,埼玉県越谷市大字弥十郎６０番地５,2019-12-24,株式会社
株式会社アスリートサプリ,北海道札幌市北区新琴似一条１２丁目１番３６－１０５号,2019-12-24,株式会社
株式会社アットウィキ,東京都港区六本木６丁目８番１０号,2019-12-24,株式会社
株式会社アップクオリティ,東京都港区赤坂６丁目５番３６－３０２号,2019-12-24,株式会社
株式会社アップルクラブ,岐阜県岐阜市日野南３丁目８番１５号,2019-12-24,株式会社
株式会社アトラス,埼玉県さいたま市浦和区大東１丁目４０番４－３０２号,2019-12-24,株式会社
株式会社アドバンス,神奈川県藤沢市遠藤７４１番地の７,2019-12-24,株式会社
株式会社アライズイノベーション,東京都中野区中野３丁目２９番１０号,2019-12-24,株式会社
株式会社イルミネ,徳島県阿南市中林町山ノ下３４番地３,2019-12-24,株式会社
株式会社インナーピース,奈良県奈良市西木辻町１５０－２エスポワール奈良八嘉３０９,2019-12-24,株式会社
株式会社イーグル防災,愛知県知多市長浦２丁目７番地,2019-12-24,株式会社
株式会社イースタイル,東京都大田区仲六郷２丁目１２番２号,2019-12-24,株式会社
株式会社エコリビング,大阪府大阪市北区芝田２丁目８番１０号光栄ビル２Ｄ,2019-12-24,株式会社
株式会社エスエイインターナショナル,埼玉県新座市栗原１丁目８番１８号,2019-12-24,株式会社
株式会社エッグス,埼玉県ふじみ野市福岡３丁目２番１３号,2019-12-24,株式会社
株式会社エヌレゾ,東京都渋谷区代々木１丁目３０－１５－２０７,2019-12-24,株式会社
株式会社エフトライ,新潟県新潟市東区中野山５丁目１５番４９号,2019-12-24,株式会社
株式会社エム,東京都北区赤羽２丁目３９番５－１００１号エスティメゾン赤羽,2019-12-24,株式会社
株式会社エールたま,東京都国分寺市並木町１丁目２４番地５１,2019-12-24,株式会社
株式会社オフィスむしか,愛知県一宮市木曽川町黒田二ノ通り３０番地,2019-12-24,株式会社
株式会社オルタナ,愛知県刈谷市南沖野町２丁目１３番地１１沖野マンション２０８号,2019-12-24,株式会社
株式会社キャストリンク,東京都新宿区富久町１３番１５号,2019-12-24,株式会社
株式会社クラウン,福岡県宗像市田久２丁目１番１号,2019-12-24,株式会社
株式会社グランドアーキテクト,埼玉県上尾市大字瓦葺１８３０番地６,2019-12-24,株式会社
株式会社ケースリー,福井県福井市勝見３丁目６番１３号,2019-12-24,株式会社
株式会社コネクトルーム,福岡県北九州市八幡西区陣原１丁目８番１６－４０２号,2019-12-24,株式会社
株式会社シリウス,東京都中野区本町５丁目５番１０号グランドハイツ中野本町６０１号室,2019-12-24,株式会社
株式会社スキルアップガイド東北,宮城県仙台市太白区泉崎１丁目１９番８号,2019-12-24,株式会社
株式会社スタジオリセス,東京都八王子市中野上町４丁目４７番４３号,2019-12-24,株式会社
株式会社スタンス,宮城県仙台市青葉区栗生１丁目６番地の１７,2019-12-24,株式会社
株式会社ストリームライン,東京都新宿区百人町２丁目１１番２５号,2019-12-24,株式会社
株式会社ゼロワン,福岡県大野城市錦町４丁目１番１号イオン大野城ショッピングセンター,2019-12-24,株式会社
株式会社タカプレイス,福井県吉田郡永平寺町松岡兼定島第２５号３８番地,2019-12-24,株式会社
株式会社タケ・ＤＥＮ,北海道札幌市東区北三十四条東２３丁目４番５号,2019-12-24,株式会社
株式会社ダッキー,東京都渋谷区恵比寿４丁目２４番３号シマダビル１Ａ,2019-12-24,株式会社
株式会社ティーウェーブ,富山県射水市小林２１８番地１,2019-12-24,株式会社
株式会社トキネクト,愛知県名古屋市中村区名駅５丁目３３番２１号アクアタウン納屋橋３１０５号,2019-12-24,株式会社
株式会社トップラン,神奈川県川崎市高津区千年３４４番地,2019-12-24,株式会社
株式会社トラベルＲｏｃｋ．ｓ,東京都大田区蒲田５丁目２６－８,2019-12-24,株式会社
株式会社トレジャーコーポレーション,福岡県福岡市東区箱崎ふ頭４丁目１３番１号,2019-12-24,株式会社
株式会社ドゥアロット・パートナーズ,埼玉県さいたま市浦和区大原２丁目８番３号,2019-12-24,株式会社
株式会社ドラゴン,埼玉県蕨市南町４丁目２７番８号,2019-12-24,株式会社
株式会社ナリンケバブ,埼玉県蓮田市大字閏戸２６２４番地５,2019-12-24,株式会社
株式会社ハナ,東京都文京区目白台１丁目１３番３号,2019-12-24,株式会社
株式会社ハーモニアス,東京都台東区松が谷４丁目２５番９号セジョリ浅草ＷＥＳＴ５０２号室,2019-12-24,株式会社
株式会社ビックプレシャス,東京都豊島区東池袋３丁目１番４号メゾンサンシャイン１２３７,2019-12-24,株式会社
株式会社ビーピュア,東京都渋谷区神宮前５丁目２１番２号,2019-12-24,株式会社
株式会社プラスエス,広島県広島市安佐南区川内２丁目１９番１３号ハイム川内１Ｆ,2019-12-24,株式会社
株式会社ホグベットクリエイション,広島県広島市中区千田町１丁目４番１４－６０３号,2019-12-24,株式会社
株式会社マーブルズトレーディング,千葉県柏市南柏１丁目２番５－２０１号,2019-12-24,株式会社
株式会社ミカホエンジニアリング,北海道札幌市東区北二十条東９丁目２番６号,2019-12-24,株式会社
株式会社ライター組合,東京都港区浜松町２丁目２番１５号浜松町ダイヤビル２Ｆ,2019-12-24,株式会社
株式会社ライフイズアート,石川県金沢市幸町２３－１シナジービル,2019-12-24,株式会社
株式会社ラフォーレ,東京都渋谷区広尾３丁目１番２－１０１号,2019-12-24,株式会社
株式会社リアル,埼玉県草加市栄町２丁目２番１２－１００８号,2019-12-24,株式会社
株式会社リケンネル,東京都渋谷区宇田川町３６番地６ワールド宇田川ビル５階Ｄ号,2019-12-24,株式会社
株式会社リスタートゼロ,福岡県福津市在自９８１番地,2019-12-24,株式会社
株式会社ロジサポート,神奈川県茅ヶ崎市赤松町８番５６－２１０号,2019-12-24,株式会社
株式会社ワイエスピー,東京都中央区築地２丁目１１番２４号第２９興和ビル別館３階,2019-12-24,株式会社
株式会社ワンウィル,三重県津市一志町虹が丘３８番地４,2019-12-24,株式会社
株式会社三協住宅サポート,神奈川県横浜市都筑区茅ケ崎南５丁目２５－３３,2019-12-24,株式会社
株式会社下村,東京都台東区三筋１丁目１１番１３号吉岡堂ビル１階,2019-12-24,株式会社
株式会社中田工業,埼玉県深谷市大谷２５２０番地,2019-12-24,株式会社
株式会社九合,東京都中央区日本橋茅場町２丁目１７番５－３０２号,2019-12-24,株式会社
株式会社二幸庵,福井県福井市若杉４丁目９１３番地２,2019-12-24,株式会社
株式会社令和商事,愛知県名古屋市港区東蟹田７０４番地の９,2019-12-24,株式会社
株式会社佳乃,宮城県仙台市青葉区国分町２丁目１番２８号鈴木ビル２Ｆ,2019-12-24,株式会社
株式会社保険ラボ,大阪府大阪市阿倍野区昭和町１丁目２０番２２,2019-12-24,株式会社
株式会社光禧,東京都小平市小川西町４丁目３２番９号,2019-12-24,株式会社
株式会社創Ｌｉｎｋ,茨城県坂東市辺田９４４番地１２,2019-12-24,株式会社
株式会社北菱商会,北海道札幌市白石区平和通９丁目南４番２２号,2019-12-24,株式会社
株式会社厚菊,東京都府中市本町２丁目２６番地の１５,2019-12-24,株式会社
株式会社友明,神奈川県横浜市南区高根町４丁目２９番地２,2019-12-24,株式会社
株式会社和加,福岡県うきは市吉井町１３８６番地,2019-12-24,株式会社
株式会社大橋総建,宮崎県都城市大岩田町５３３０番地,2019-12-24,株式会社
株式会社太和の環,長野県諏訪郡富士見町境１９１５番地,2019-12-24,株式会社
株式会社山原塗装,千葉県習志野市実籾４丁目９番２０号,2019-12-24,株式会社
株式会社手塚ホールディングス,東京都中野区中野５丁目６８番２号,2019-12-24,株式会社
株式会社採用と育成,奈良県奈良市右京４丁目４番地の１９,2019-12-24,株式会社
株式会社旭電業,山形県山形市大字村木沢４３０番地,2019-12-24,株式会社
株式会社曽根造園土木,神奈川県横浜市旭区今宿東町８４３－３２,2019-12-24,株式会社
株式会社最上真室川新田農園,山形県最上郡真室川町大字川ノ内８６４番地１,2019-12-24,株式会社
株式会社朋来,大阪府大東市灰塚４丁目７番２１号,2019-12-24,株式会社
株式会社未在,長野県須坂市大字小山２５３５番地,2019-12-24,株式会社
株式会社東小薗光輝事務所,東京都中野区弥生町３丁目７－１６ハイムメッツァ２０２,2019-12-24,株式会社
株式会社東方ユニーク,和歌山県和歌山市栄谷２３４－１４－１０１,2019-12-24,株式会社
株式会社横田商事,青森県青森市合浦２丁目１３番８号,2019-12-24,株式会社
株式会社武南興業,沖縄県石垣市字石垣８１７番地,2019-12-24,株式会社
株式会社武蔵,大阪府東大阪市高井田２４番２４号,2019-12-24,株式会社
株式会社永勝,東京都荒川区東日暮里６丁目２２－１５ルミエール日暮里２０５,2019-12-24,株式会社
株式会社河戸屋,埼玉県川越市岸町１丁目３８番地１,2019-12-24,株式会社
株式会社浜松土地建物,静岡県浜松市東区大蒲町８６番地の９,2019-12-24,株式会社
株式会社理財研究所,東京都江東区亀戸３丁目１３番１－８０９号,2019-12-24,株式会社
株式会社琉球ＢＬＡＣＫＥＹＳ,沖縄県名護市字宮里１００１番地サンセットヒルズ３０４号室,2019-12-24,株式会社
株式会社田中デザインコンサルタント,大阪府箕面市石丸１丁目２３番３４－２０５号,2019-12-24,株式会社
株式会社福井リジック,福井県あわら市春宮１丁目８－１４,2019-12-24,株式会社
株式会社福田商会,神奈川県綾瀬市深谷南３丁目１５番８号,2019-12-24,株式会社
株式会社秋田屋フーズ,岐阜県岐阜市加納富士町１丁目１番地,2019-12-24,株式会社
株式会社織戸開発,神奈川県厚木市南町２３番９号,2019-12-24,株式会社
株式会社美音の郷,神奈川県小田原市中村原４４３番地の１１,2019-12-24,株式会社
株式会社自転車屋ろーたす,埼玉県草加市青柳８丁目１番３５号,2019-12-24,株式会社
株式会社至上商事,愛知県名古屋市中区栄１丁目２２番２号,2019-12-24,株式会社
株式会社舜和文化産業,東京都練馬区南田中５丁目２４番５号,2019-12-24,株式会社
株式会社花家田,北海道札幌市白石区中央一条５丁目２番１５号,2019-12-24,株式会社
株式会社花辰コーポレーション,岡山県倉敷市藤戸町天城６３０番地２６,2019-12-24,株式会社
株式会社藤和木材,埼玉県さいたま市桜区田島１０丁目１５番,2019-12-24,株式会社
株式会社誠設備,埼玉県さいたま市緑区道祖土４丁目９番１３号,2019-12-24,株式会社
株式会社速人,愛知県名古屋市南区要町５丁目２２番地の１ハイウイング要３０３号,2019-12-24,株式会社
株式会社都南金属,岩手県盛岡市東見前６地割１００番地,2019-12-24,株式会社
株式会社野田商店,愛知県一宮市大和町馬引字郷裏４６番地７,2019-12-24,株式会社
株式会社長井あやめ温泉ニュー桜湯,山形県長井市寺泉３９２７番地５,2019-12-24,株式会社
株式会社阿佐谷ロック,東京都杉並区下井草１丁目３０番１号,2019-12-24,株式会社
株式会社青芳,東京都小金井市前原町４丁目７番４５号,2019-12-24,株式会社
株式会社高田,東京都港区六本木７丁目１４番１０号山室ビル３階,2019-12-24,株式会社
株式会社２１世紀のルネッサンス,愛媛県松山市石手５丁目３番２号,2019-12-24,株式会社
株式会社ＡＢＣ,東京都渋谷区代々木１丁目３５番７号,2019-12-24,株式会社
株式会社ＡＫＩ,大阪府吹田市山田東２丁目４０番１９号,2019-12-24,株式会社
株式会社ＡＫＳ・ＯＰＴ,東京都品川区西五反田２丁目２４番４号ウエストヒル３階,2019-12-24,株式会社
株式会社ＡＬＥＸ　ＴＲＵＳＴ,東京都中央区新富１丁目１５番１４号相互新富ビル６０６号室,2019-12-24,株式会社
株式会社Ａｓｓｅｔｔｅｒｓ,東京都渋谷区神宮前４丁目１番２２号,2019-12-24,株式会社
株式会社ＢＧ・ウェイブ,大阪府堺市西区平岡町３９０番地２,2019-12-24,株式会社
株式会社ＢＩＣＥＰＳ,大阪府大阪市中央区安土町１丁目６番１４号,2019-12-24,株式会社
株式会社ＢＬＵＥ　ＭＯＮＤＡＹ,東京都文京区向丘１丁目１３番地５シーアイマンション本郷向丘５０６,2019-12-24,株式会社
株式会社Ｂｒｉｓｅ,香川県高松市番町３丁目１３番１３号,2019-12-24,株式会社
株式会社Ｂｕｚｚ　Ａｇｅｎｃｙ,東京都渋谷区道玄坂１丁目２１番１号渋谷ＳＯＬＡＳＴＡ３Ｆ,2019-12-24,株式会社
株式会社ＤＹＮＡ,愛知県刈谷市桜町１丁目４６番地４二光実業ビル１階,2019-12-24,株式会社
株式会社Ｄａｉｊｙｕ,埼玉県さいたま市北区東大成町２丁目７３７番地レクセルマンション大宮日進第２－１０２号室,2019-12-24,株式会社
株式会社ＥＣ,愛知県名古屋市東区泉２丁目２０番２号,2019-12-24,株式会社
株式会社ＥＣＯ　ＷＯＲＫＳ,福岡県北九州市小倉南区中曽根東１丁目３番２－１号,2019-12-24,株式会社
株式会社ＦＯＲＣＥ　ＯＮＥ,岐阜県瑞穂市田之上３４３番地９,2019-12-24,株式会社
株式会社ＧＧ,神奈川県横浜市都筑区池辺町３５７３番地２,2019-12-24,株式会社
株式会社ＧＩＬＥＴ,東京都中央区銀座７丁目５番１６号秀芳ビル２階Ｂ室,2019-12-24,株式会社
株式会社ＧＲＯＷＸ,東京都豊島区南池袋２丁目２９番１２号ＨＦ池袋ビルディング７階,2019-12-24,株式会社
株式会社Ｇｌｏｒｉａ,埼玉県大里郡寄居町大字寄居９９２番地５,2019-12-24,株式会社
株式会社Ｇｏｅｓ　Ｏｎ,埼玉県三郷市新和１丁目５０７番地,2019-12-24,株式会社
株式会社Ｇｒａｃｅｌａｎｄ,静岡県富士宮市人穴７９３番地,2019-12-24,株式会社
株式会社ＨＥＡＲＴ　ＯＦ　ＫＩＮＤ優,福岡県糸島市波多江駅南１丁目１９番１３号,2019-12-24,株式会社
株式会社ＨａｆＨ　Ｃｏｌｉｖｉｎｇ　Ｏｐｅｒａｔｉｏｎｓ,長崎県長崎市古川町５番２１号,2019-12-24,株式会社
株式会社Ｈｅａｌｉｎｇ　Ｆｕｊｉｙａｍａ,大阪府大阪市浪速区大国３丁目４番７号,2019-12-24,株式会社
株式会社Ｈｏｋａｍｕｒａ　Ｄｅｓｉｇｎ,神奈川県川崎市宮前区有馬４丁目２番１７－４０２号鷺沼サンハイツ,2019-12-24,株式会社
株式会社Ｈｕｍａｎ　Ｃｏｎｔａｃｔ,栃木県足利市大沼田町２２６５番地８,2019-12-24,株式会社
株式会社ＨｙｐｅｒＧｒｉｄ　Ｊａｐａｎ,東京都中央区京橋１丁目１番５号セントラルビル２階,2019-12-24,株式会社
株式会社ＩＮＦＩＮＩＴＹ,神奈川県厚木市飯山３３７６番地２,2019-12-24,株式会社
株式会社ＩＳＭＧＡＩＮ９,愛知県名古屋市中区栄１丁目１４－１４御園パレス７１４号室,2019-12-24,株式会社
株式会社ＩＴＯ,大阪府東大阪市高井田１５番５号,2019-12-24,株式会社
株式会社ＪＢＣ,愛知県名古屋市中区栄３丁目７番４号トーシンサクラビル１０Ｆ,2019-12-24,株式会社
株式会社Ｊｕｌｉｕｓ　Ｓｅｖｅｎ,東京都港区三田１丁目３－２４,2019-12-24,株式会社
株式会社ＫＣＭ,香川県高松市香川町川東下９１４番地４,2019-12-24,株式会社
株式会社Ｋｉｒｅｉ,神奈川県川崎市川崎区池上町７番１７号,2019-12-24,株式会社
株式会社Ｋｏｃｈｉａ,静岡県三島市南二日町２０番４３号サンリット三島１０３,2019-12-24,株式会社
株式会社ＬＥＯ,岐阜県各務原市蘇原吉野町２丁目１４番地,2019-12-24,株式会社
株式会社ＬＩＦＥ　ＳＰＡＣＥ匠,埼玉県上尾市大字原市４００１番地１３,2019-12-24,株式会社
株式会社Ｌａｎｇｅｒｈａｎｓ,東京都港区東麻布１丁目２５番２－９０５号,2019-12-24,株式会社
株式会社Ｌａｘｉｏ,東京都中野区中野４丁目１番１号中野サンプラザ９階,2019-12-24,株式会社
株式会社ＭＥ,東京都小金井市梶野町５丁目３番２５－６１２号,2019-12-24,株式会社
株式会社ＭＩＮＤ　ＧＡＴＥ,大阪府堺市東区日置荘西町１丁４８番１５号,2019-12-24,株式会社
株式会社ＭＩＲ　ＴＲＡＤＩＮＧ,埼玉県加須市芋茎１０３５番地１,2019-12-24,株式会社
株式会社ＮｅｗＨｏｒｉｚｏｎ,大阪府大阪市中央区心斎橋筋１丁目５番５号ＥＡＳＴビル５階,2019-12-24,株式会社
株式会社ＯＣＳ,東京都荒川区東尾久１丁目１８番９号,2019-12-24,株式会社
株式会社Ｏｐｅｎｅｒｓ,東京都小金井市緑町２丁目１７番３１－１０２号ソーシャルレジデンス東小金井,2019-12-24,株式会社
株式会社ＰＭＳ,福岡県久留米市城島町西青木３１番地２５,2019-12-24,株式会社
株式会社Ｐｒｉｎｃｅ　Ｐａｌａｃｅ,大阪府大阪市中央区日本橋１丁目１６－２３日本橋アクティオビル７階,2019-12-24,株式会社
株式会社ＳＡＷＡＮＮＡ,愛知県大府市北崎町井田２７番地１,2019-12-24,株式会社
株式会社ＳＥＮＤＯＹＡ,福島県郡山市富久山町久保田字太郎殿前２番地,2019-12-24,株式会社
株式会社ＳＩＳ,大阪府大阪市中央区本町２丁目３番６号,2019-12-24,株式会社
株式会社ＳＫＹＬＩＮＥ,愛知県清須市西枇杷島町小田井１丁目６－５,2019-12-24,株式会社
株式会社ＳＫＹＷＡＹ,埼玉県所沢市小手指町３丁目４番地小手指ハイツＧ－５０４,2019-12-24,株式会社
株式会社ＳＰＩノートの会,東京都江東区東陽４丁目５番１１号,2019-12-24,株式会社
株式会社ＳＵＰＰＯＲＴ,鹿児島県姶良市池島町２７番地１,2019-12-24,株式会社
株式会社Ｓｎａｐ　ｐｅａｓ,東京都港区白金１丁目８番地１０号ベルメゾン白金３０３号,2019-12-24,株式会社
株式会社Ｓｔａｎｄ　ｂｙ　Ｃ　ＦＯＳ,東京都千代田区霞が関３丁目２番５号,2019-12-24,株式会社
株式会社Ｓｕｎｄａｙ,東京都西多摩郡日の出町大字平井１２００番１,2019-12-24,株式会社
株式会社Ｓｗｅｅｅｔ,東京都港区南青山３丁目８番４０号青山センタービル２階,2019-12-24,株式会社
株式会社ＴａｎｄＫ,東京都中央区八重洲１丁目６番１号,2019-12-24,株式会社
株式会社ＶＩＤＡＲＳＨＡＮＡ　ＥＮＴＥＲＰＲＩＳＥＳ,三重県桑名市多度町御衣野２１９番地３,2019-12-24,株式会社
株式会社Ｗ,神奈川県横浜市神奈川区青木町６－２０セルアージュ横濱カレイド６０５,2019-12-24,株式会社
株式会社ＹＤＫＲ,東京都世田谷区経堂１丁目２１番２１号,2019-12-24,株式会社
株式会社ｃａｍｏｍｉｌｅ,大阪府大阪市都島区都島本通３丁目１番８号,2019-12-24,株式会社
株式会社ｃｒａｆｔ　ｍａｃｏ,愛知県一宮市三ツ井１丁目１２番２０号,2019-12-24,株式会社
株式会社ｎｏｂｉｌａｂ,東京都新宿区高田馬場１丁目２４番１８号,2019-12-24,株式会社
株式会社ｓａｃｒｉ,東京都北区田端新町１丁目２７番７号田端新町ロイヤルマンション１０４号室,2019-12-24,株式会社
株式会社ｓｎｏｗｆｌａｋｅ,埼玉県越谷市大字三野宮４８４番地,2019-12-24,株式会社
森下木材工業株式会社,福井県小浜市伏原第２９号７番地の２,2019-12-24,株式会社
洪偉商事株式会社,大阪府豊中市原田南１丁目８－２８,2019-12-24,株式会社
海来商事株式会社,三重県四日市市久保田１丁目１－２１－７Ｂ,2019-12-24,株式会社
潤鳴文化芸術株式会社,東京都文京区大塚４丁目４０番２号,2019-12-24,株式会社
無限責任田畑負債整理組合,岐阜県美濃加茂市加茂郡山之上村,2019-12-24,その他の設立登記法人
特別防災サポ－ト株式会社,神奈川県厚木市飯山３２１３番地７,2019-12-24,株式会社
特定非営利活動法人わたらせ未来基金,栃木県小山市大字下生井８６５番地,2019-12-24,その他の設立登記法人
特定非営利活動法人ライフワーク・レインボー,長野県上水内郡信濃町大字穂波１４４６番地,2019-12-24,その他の設立登記法人
特定非営利活動法人和おん,富山県富山市呉羽町６８３２番地１８,2019-12-24,その他の設立登記法人
特定非営利活動法人善徳文化護持研究振興会,富山県南砺市城端４０５番地,2019-12-24,その他の設立登記法人
特定非営利活動法人多津衛民芸館,長野県佐久市望月２０３０番地４,2019-12-24,その他の設立登記法人
特定非営利活動法人子どもの育ちを応援する会,栃木県那須塩原市青木２７番地２３６４,2019-12-24,その他の設立登記法人
特定非営利活動法人ＢＡＳＫＥＴＢＡＬＬ　ＩＮＮＯＶＡＴＩＯＮ奄美大島,鹿児島県奄美市名瀬入舟町１１番１号,2019-12-24,その他の設立登記法人
特定非営利活動法人Ｅｎｖｉｒｏｎｍｅｎｔ　ＮＧＯ　Ｋｉｎｇｆｉｓｈｅｒ,広島県広島市東区牛田新町３丁目４１番２号,2019-12-24,その他の設立登記法人
申名国際株式会社,愛知県名古屋市昭和区山手通３丁目１６－４（１Ｆ）,2019-12-24,株式会社
社会福祉法人春葉会,千葉県山武郡芝山町大里２６３１,2019-12-24,その他の設立登記法人
社会福祉法人蓮華会,三重県桑名市大字本願寺１９６番地２,2019-12-24,その他の設立登記法人
福澤株式会社,大阪府大阪市住之江区北島３丁目３番１５号,2019-12-24,株式会社
華泰株式会社,東京都台東区松が谷２丁目１５番８号４Ｆ,2019-12-24,株式会社
葵株式会社,大阪府高槻市赤大路町２０番３号,2019-12-24,株式会社
豊通食材貿易株式会社,東京都荒川区東尾久２丁目２番９号三祥ビル２１１,2019-12-24,株式会社
農事組合法人ふれあいファーム戸野,広島県東広島市河内町戸野７４０番地１,2019-12-24,その他の設立登記法人
連横株式会社,神奈川県川崎市川崎区本町１１番地２川崎フロンティアビル４Ｆ,2019-12-24,株式会社
金栄合同会社,和歌山県和歌山市七番丁２６番－１モンティグレ３０４,2019-12-24,合同会社
関川村観光協会,新潟県岩船郡関川村大字下関９１２,2019-12-24,その他
電脳アイティ株式会社,神奈川県足柄下郡真鶴町真鶴１４５０－２０,2019-12-24,株式会社
高橋製材合同会社,東京都八丈島八丈町三根１６５９番地,2019-12-24,合同会社
齋藤不動産株式会社,愛知県名古屋市昭和区明月町２丁目６番地,2019-12-24,株式会社
ＡＭＬ　ＳＰＣ合同会社,東京都中央区日本橋２丁目１５番５号,2019-12-24,合同会社
ＡＲＩＩＸ　ＺＴＨ合同会社,東京都港区麻布台３丁目５番７号,2019-12-24,合同会社
Ａｐｐｌｉｑｕｅ合同会社,神奈川県平塚市北金目２丁目３７番１３号柳川荘,2019-12-24,合同会社
ＢＡＲワンズラインコンサルティング株式会社,東京都武蔵野市吉祥寺南町１丁目１９番１１号２０２パークプレイス吉祥寺,2019-12-24,株式会社
ＢＩＧ　ＤＩＧ合同会社,東京都板橋区幸町５０番１３－２０５号ハイツ町田,2019-12-24,合同会社
ＢＭ　ｐｒｏｄｕｃｔｓ株式会社,東京都墨田区京島１丁目８番８号,2019-12-24,株式会社
ＣＯＮＮＥＣＴ株式会社,静岡県藤枝市横内４１番地の１,2019-12-24,株式会社
ＣｕｒｉｏＳｐｒｉｎｇ株式会社,山梨県甲府市富士見１丁目２番１２号,2019-12-24,株式会社
ＤＦＴ合同会社,群馬県富岡市南蛇井５番地,2019-12-24,合同会社
ＤＳ　Ｉｋｅｂｕｋｕｒｏ　Ｔ一般社団法人,東京都港区虎ノ門５丁目１番４号,2019-12-24,その他の設立登記法人
ＤＳ　Ｉｋｅｂｕｋｕｒｏ　Ｔ合同会社,東京都港区虎ノ門５丁目１番４号,2019-12-24,合同会社
ＤＳ　Ｒｏｐｐｏｎｇｉ　Ｍ一般社団法人,東京都港区虎ノ門５丁目１番４号,2019-12-24,その他の設立登記法人
ＤＳ　Ｒｏｐｐｏｎｇｉ　Ｍ合同会社,東京都港区虎ノ門５丁目１番４号,2019-12-24,合同会社
ＤＳ　Ｒｏｐｐｏｎｇｉ　Ｔ一般社団法人,東京都港区虎ノ門５丁目１番４号,2019-12-24,その他の設立登記法人
ＤＳ　Ｒｏｐｐｏｎｇｉ　Ｔ合同会社,東京都港区虎ノ門５丁目１番４号,2019-12-24,合同会社
ＥＳＧ－Ｔｅｃｈナカチ株式会社,東京都千代田区有楽町１丁目７番１号有楽町電気ビルヂング北館７階,2019-12-24,株式会社
ＥＵＲＯＩＭＭＵＮ　Ｊａｐａｎ株式会社,東京都千代田区神田和泉町１－７－１７－５Ｆ,2019-12-24,株式会社
ＦＡＮＣＹ　ＰＡＲＡＤＩＳＥ,千葉県匝瑳市飯塚１１２５番地匝瑳ビジネスオフィス１－Ａ,2019-12-24,外国会社等
ＦＡＶＯＲＥ合同会社,大阪府東大阪市若江東町１丁目６番２２号,2019-12-24,合同会社
ＦＥＲＮＡＮＤＯ　ＥＮＴＥＲＰＲＩＳＥ合同会社,茨城県龍ケ崎市根町４００番地コーポヨシダ５－２０３号,2019-12-24,合同会社
ＪＥＲＡパワー武豊合同会社,愛知県知多郡武豊町字竜宮１番１,2019-12-24,合同会社
ＫＡＮＤＹ　ＺＯＥ　ＭＯＴＯＲＳ　ＥＮＴＥＲＰＲＩＳＥＳ,千葉県茂原市東郷９０－１東郷オフィス４,2019-12-24,外国会社等
ＫＴＣ合同会社,兵庫県神戸市灘区森後町１丁目３番２７号,2019-12-24,合同会社
ＬＡＢＡＮ株式会社,東京都府中市多磨町２丁目１４番地の５０,2019-12-24,株式会社
ＬＤフードジャパン株式会社,静岡県菊川市西横地６８２番地,2019-12-24,株式会社
ＬＯＯＰ　ＬＩＧＨＴＩＮＧ，　ＬＬＣ,京都府京都市中京区烏丸通蛸薬師南入る手洗水町６４７トキワビル４－Ｂおいない烏丸,2019-12-24,外国会社等
ＬＯＴＵＳ　ＡＵＴＯ,千葉県茂原市東郷９０－１東郷オフィス３,2019-12-24,外国会社等
ＭＩＲＡＩ住まい株式会社,神奈川県川崎市幸区新小倉２番１－１３２２号,2019-12-24,株式会社
ＭＩＲＡＩ株式会社,埼玉県新座市栗原３丁目２番１８号ペアパレスひばりヶ丘２０１号室,2019-12-24,株式会社
ＭＪジャパン株式会社,愛知県名古屋市中川区下之一色町字松蔭４丁目１５番地の７,2019-12-24,株式会社
ＭＯＴＯＲ　ＷＯＲＬＤ合同会社,埼玉県羽生市大字今泉８３９番地２,2019-12-24,合同会社
ＭＹ　ＳＫＹ株式会社,愛知県名古屋市南区呼続２丁目２０番２７号,2019-12-24,株式会社
Ｍａｓｔｅｒ　Ｋｅｙ株式会社,大阪府大阪市平野区平野元町８－１,2019-12-24,株式会社
Ｍｉｓｃｌｉｂ合同会社,宮城県柴田郡柴田町大字船岡字清住町２６番６号,2019-12-24,合同会社
Ｍｏｒｒｉｓｏｆａ　Ｊａｐａｎ株式会社,埼玉県川口市青木２丁目４番１６号,2019-12-24,株式会社
ＮＹクラフト合同会社,長崎県諫早市飯盛町開１７１０－６,2019-12-24,合同会社
ＮｅｗＬＡＮＤ合同会社,東京都板橋区南常盤台１丁目１１－６レフア南常盤台１０１号室,2019-12-24,合同会社
Ｎｉｎｉｋｅｉ合同会社,東京都文京区千石４丁目１５番７号千石４丁目ビル１階,2019-12-24,合同会社
ＯＭＧＥＮＥＵＭ合同会社,静岡県浜松市北区三ヶ日町都筑３１０３－１－２０１,2019-12-24,合同会社
ＰＨＡＮ　ＧＩＡ合同会社,大阪府大阪市浪速区敷津西１丁目６番２２号サンプラザ浪速Ⅱ番館５０３号,2019-12-24,合同会社
ＰＫ　ＡＩＲ１ＪＰＮ　ＳＥＴＴＬＥＭＥＮＴ　ＳＰＶ合同会社,東京都港区六本木６丁目２番３１号六本木ヒルズノースタワー１７階,2019-12-24,合同会社
Ｐａｒａｌｉｆｅ株式会社,東京都千代田区東神田１丁目５番８号ソレイユビル２Ｆ,2019-12-24,株式会社
ＲＡＨＭＡＳ　ＥＮＴＥＲＰＲＩＳＥＳ,千葉県八街市砂５５番地９オフィス３号,2019-12-24,外国会社等
ＲＯＡＤ　ＶＥＮＴＵＲＥ,千葉県匝瑳市飯塚１１２５番地匝瑳ビジネスオフィス１－Ｂ,2019-12-24,外国会社等
ＳＥＩＫＥＮクリエイト株式会社,大阪府八尾市美園町４丁目６４番地の１４,2019-12-24,株式会社
ＳＨＥＲＡＺＩ　ＴＲＡＤＩＮＧ合同会社,埼玉県加須市川口３丁目４番地４,2019-12-24,合同会社
Ｔ‐Ａｒｔｓ不動産鑑定株式会社,東京都世田谷区上馬２丁目１６番１０号Ｔ’ｓ三茶１階,2019-12-24,株式会社
ＴＥＣＨ曹株式会社,沖縄県宜野湾市大山６丁目８番１号エヌエイチオフィスビル３Ｆ夢空間Ｄ－０７室,2019-12-24,株式会社
ＴＨＥＭＳ株式会社,沖縄県中頭郡北谷町字美浜５１番地１マカイリゾート北谷２階,2019-12-24,株式会社
ＴＫ合同会社,東京都港区高輪４丁目２３番６号ハイホーム高輪７０８,2019-12-24,合同会社
ＴＭＲワークス株式会社,東京都狛江市岩戸北４丁目１８番１６号パルテール喜多見２０４,2019-12-24,株式会社
Ｕｓｍａｎ　Ｖｅｈｉｃｌｅ　Ｐａｒｔｓ　Ｐｒｉｖａｔｅ　Ｌｉｍｉｔｅｄ,千葉県匝瑳市飯塚１１２５番地匝瑳ビジネスオフィス２－Ａ,2019-12-24,外国会社等
Ｗマネジメント株式会社,大阪府大阪市北区梅田２丁目１番２１号４階,2019-12-24,株式会社
ＷＥＬＬＮＥＳＳ　ＵＮＩＯＮ富士山靜養園株式会社,静岡県富士宮市大宮町３２番１５号,2019-12-24,株式会社
ＸＲｅａｌｉｔｙ　Ｔｅｃｈｎｏｌｏｇｉｅｓ株式会社,東京都港区六本木７丁目７番７号８階,2019-12-24,株式会社
Ｙ・Ｔｗｏ合同会社,長野県駒ヶ根市下平７２２番地２４,2019-12-24,合同会社
ＹＪＳ株式会社,東京都北区西ケ原３丁目５７番１７－３０７号,2019-12-24,株式会社
ＹＯＳＨＩＭＡＳＡ．ＨＯＬＤＩＮＧＳ株式会社,東京都江戸川区篠崎町１丁目５番２６号,2019-12-24,株式会社
ＺｅｉＺａｉ合同会社,沖縄県国頭郡伊江村字西江前１６１１,2019-12-24,合同会社
ａｓ　ｃｏｎｎｅｃｔｉｏｎ株式会社,岐阜県岐阜市鏡島中１丁目２番３号,2019-12-24,株式会社
ｉｎＫｒｏｎｅ株式会社,東京都新宿区高田馬場４丁目４０番１７号Ｆｏｒｅｓｉｇｈｔ高田馬場５階,2019-12-24,株式会社
ｔ．ｗｏｒｋｓ合同会社,神奈川県逗子市桜山２丁目１番１４号,2019-12-24,合同会社
しょうがいサポートオフィス株式会社,兵庫県加古川市東神吉町西井ノ口３２番地の７,2019-12-25,株式会社
だい株式会社,岡山県岡山市東区瀬戸町笹岡８０２番地１,2019-12-25,株式会社
のぞみ電設株式会社,大阪府八尾市教興寺４丁目６２番地,2019-12-25,株式会社
はぴなす株式会社,埼玉県八潮市大字八條１５６７番地八潮団地２２号棟,2019-12-25,株式会社
みさきのＰＯＰ株式会社,埼玉県所沢市日吉町４番２号,2019-12-25,株式会社
みちか地所株式会社,岡山県総社市久代２８４７番地,2019-12-25,株式会社
アイテックブリッジ株式会社,東京都江東区大島６丁目１５番１－４０３号,2019-12-25,株式会社
アトリエ・コヤ株式会社,岐阜県岐阜市東島１丁目４番１０号,2019-12-25,株式会社
イスト合同会社,埼玉県さいたま市緑区大字三室１４９９番地１,2019-12-25,合同会社
エヌジェイ不動産株式会社,鹿児島県鹿児島市荒田２丁目２番２１号１０２,2019-12-25,株式会社
エマオピクチャーズ株式会社,東京都豊島区東池袋３丁目２番４号サンシャインコーケンプラザ４０５,2019-12-25,株式会社
エリート・未来株式会社,千葉県松戸市小山５０１番地の６クレストフォルム松戸ウッドスクエア２０７号,2019-12-25,株式会社
オハナステート株式会社,福岡県北九州市八幡西区黒崎３丁目２番２号菅原第二ビルディング４階,2019-12-25,株式会社
オリーブ＆カンパニー株式会社,神奈川県横浜市都筑区牛久保３丁目２４番１７号,2019-12-25,株式会社
クロスオーバ株式会社,東京都国立市富士見台１丁目４７－３,2019-12-25,株式会社
クーエイ企画室合同会社,千葉県習志野市谷津３丁目１番４１－９１１号,2019-12-25,合同会社
グランドハウスアケボノ合同会社,愛知県豊橋市曙町字測点１０３番地の１,2019-12-25,合同会社
グローバルＳＣＭプロフェッショナルズ合同会社,東京都福生市南田園２丁目２番地３１,2019-12-25,合同会社
ケイコマ企画合同会社,埼玉県羽生市南羽生２丁目８番地１５,2019-12-25,合同会社
シグナビオ・ジャパン株式会社,東京都千代田区丸の内１丁目１１番１号パシフィックセンチュリープレイス丸の内８階,2019-12-25,株式会社
シー・アート合同会社,東京都文京区本郷４丁目１２番１６号,2019-12-25,合同会社
ジェクト合同会社,東京都江戸川区船堀３丁目７番２２号イリップス船堀７１３,2019-12-25,合同会社
ジプソフィリア合同会社,千葉県船橋市山野町４１番地ホワイトパレス４０１号,2019-12-25,合同会社
ジョエワンジャパン株式会社,東京都台東区蔵前４丁目１１番８－６０１号,2019-12-25,株式会社
ジョーカーピース株式会社ほにゃほにゃへい,東京都渋谷区渋谷１丁目６－５ＳＫ青山ビル７Ｆ,2019-12-25,株式会社
ステップアップ・ネオ協同組合,埼玉県加須市中樋遺川２２００番地,2019-12-25,その他の設立登記法人
スラッシュギアジャパン株式会社,愛知県名古屋市瑞穂区十六町１丁目５０番地,2019-12-25,株式会社
セチア株式会社,神奈川県川崎市中原区新城中町５番－２－１００２号プロムナード新城,2019-12-25,株式会社
セントラルマーケット株式会社,東京都渋谷区千駄ヶ谷２丁目３３番８号ＹＫビル,2019-12-25,株式会社
タカハシの株式会社,東京都港区高輪４丁目２０番１０号,2019-12-25,株式会社
ッスッゴイ株式会社,東京都中央区八丁堀３丁目１番１１号,2019-12-25,株式会社
テクノカッツ合同会社,東京都中央区日本橋箱崎町３５番８号,2019-12-25,合同会社
トモソウ・ジャパン株式会社,東京都文京区春日１丁目６番１号後楽園マンション４０３,2019-12-25,株式会社
ナチュラルキャピタルＬＡＢＯ合同会社,東京都中央区晴海３丁目６番８号ベイシティ晴海スカイリンクタワー３９１０,2019-12-25,合同会社
ハーケンサプライ合同会社,神奈川県三浦郡葉山町堀内８１８番地,2019-12-25,合同会社
ヒロプラントサービス株式会社,神奈川県相模原市中央区宮下本町１丁目３２番２７－１号,2019-12-25,株式会社
ビジネスデザイン合同会社,奈良県奈良市大宮町１丁目４番３０、２Ｆ,2019-12-25,合同会社
フィデル・ホールディングス株式会社,東京都品川区北品川２丁目８番３号,2019-12-25,株式会社
フジエレベータシステム株式会社,埼玉県北足立郡伊奈町大字小室４４５８番地１,2019-12-25,株式会社
プライムプラネットエナジー＆ソリューションズ株式会社,大阪府門真市大字門真１００６番地,2019-12-25,株式会社
プライムワークスジャパン株式会社,神奈川県横浜市神奈川区沢渡１番地２菱興高島台第２ビル６－Ｆ,2019-12-25,株式会社
ベイフロントアーキテクト合同会社,神奈川県横浜市磯子区田中２丁目８番１０号,2019-12-25,合同会社
マーズ株式会社,千葉県東金市滝１６５番地３３,2019-12-25,株式会社
モンスターハウス株式会社,東京都渋谷区代々木２丁目２３番１－１００２号,2019-12-25,株式会社
モンティ株式会社,神奈川県鎌倉市雪ノ下１丁目９番２９号シャングリラ鶴岡１階,2019-12-25,株式会社
ユニークエンディング株式会社,神奈川県横浜市中区桜木町１丁目１０１番地１クロスゲート７階,2019-12-25,株式会社
ユーワ不動産株式会社,兵庫県姫路市飾磨区妻鹿１０１７番地１１,2019-12-25,株式会社
リンク・プロパティ・マネジメント合同会社,東京都北区昭和町２丁目１番２４－１４０４号,2019-12-25,合同会社
一般社団法人おうえんフェス,神奈川県川崎市中原区市ノ坪４４９番地３シティタワー武蔵小杉３８１４,2019-12-25,その他の設立登記法人
一般社団法人かいんどはーと,埼玉県久喜市栗橋東１丁目５番１号,2019-12-25,その他の設立登記法人
一般社団法人きつおん寺子屋,三重県伊勢市二見町江１６５９番地,2019-12-25,その他の設立登記法人
一般社団法人イキイキ１００年宮城の会,宮城県仙台市泉区将監１丁目２７番１８号,2019-12-25,その他の設立登記法人
一般社団法人インナー風水協会,東京都世田谷区三軒茶屋１丁目１６番８号３０２,2019-12-25,その他の設立登記法人
一般社団法人パプリカ,広島県広島市西区観音新町１丁目３番２６－２０４号,2019-12-25,その他の設立登記法人
一般社団法人中濃地域内循環イニシアチブ,岐阜県郡上市八幡町小野９１番地１,2019-12-25,その他の設立登記法人
一般社団法人南予森林管理推進センター,愛媛県北宇和郡鬼北町大字永野市２２１番地,2019-12-25,その他の設立登記法人
一般社団法人四の坂,東京都港区元赤坂１丁目１番８号赤坂コミュニティビル４階,2019-12-25,その他の設立登記法人
一般社団法人国際こども日本語教育協会,東京都中央区日本橋２丁目１番１７号丹生ビル２階,2019-12-25,その他の設立登記法人
一般社団法人山際育英会,東京都中野区野方１丁目６番１５号,2019-12-25,その他の設立登記法人
一般社団法人微細加工工業会,東京都台東区柳橋１丁目４番４号ツイントラスビル８階,2019-12-25,その他の設立登記法人
一般社団法人日本オールスポーツ協会,東京都港区南麻布５丁目９番１９号,2019-12-25,その他の設立登記法人
一般社団法人日本ボーイスカウト東京連盟,東京都杉並区下井草４丁目４番３号,2019-12-25,その他の設立登記法人
一般社団法人日本喘息学会,大阪府大阪狭山市大野東３７７番地の２近畿大学医学部呼吸器・アレルギー内科内,2019-12-25,その他の設立登記法人
一般社団法人明るい未来,兵庫県明石市大久保町ゆりのき通２丁目３番地の５、４－１３０４号,2019-12-25,その他の設立登記法人
一般社団法人未病治療コーディネーター協会,神奈川県横浜市西区西平沼町４番１－Ｅ２５０３号,2019-12-25,その他の設立登記法人
一般社団法人横浜市造園緑化業協会,神奈川県横浜市中区真砂町２丁目１２番地関内駅前第一ビル２階,2019-12-25,その他の設立登記法人
一般社団法人汐風倶楽部,宮城県気仙沼市南町４丁目１番１１号,2019-12-25,その他の設立登記法人
一般社団法人聴診データ研究会,東京都千代田区大手町１丁目６番１号,2019-12-25,その他の設立登記法人
一般社団法人銀座六丁目ホールディングス,東京都千代田区平河町１丁目６番１５号シルスフィア会計事務所内,2019-12-25,その他の設立登記法人
一般社団法人鎌倉歌劇芸術協会,神奈川県鎌倉市玉縄５丁目３番地５,2019-12-25,その他の設立登記法人
一般社団法人ＯＨＡＮＡ,栃木県下都賀郡壬生町大字国谷７８９番地４,2019-12-25,その他の設立登記法人
一般社団法人ｃｏｃｏ育Ｇｓ,北海道旭川市宮下通２６丁目４８９－４８,2019-12-25,その他の設立登記法人
一般財団法人松尾財団,広島県広島市中区小町６番３０号,2019-12-25,その他の設立登記法人
丸神商会株式会社,福岡県太宰府市通古賀５丁目１８番１６号,2019-12-25,株式会社
億勝貿易株式会社,東京都新宿区富久町２番１９号市ヶ谷ヒルサイドハイツ３０７号,2019-12-25,株式会社
元や合同会社,東京都立川市錦町１丁目４番２０号粕谷ビル２０１号,2019-12-25,合同会社
北海道函館櫻花製業株式会社,東京都千代田区東神田２丁目６番７号６０８号室,2019-12-25,株式会社
医療法人いがや眼科,愛知県刈谷市井ケ谷町久伝原７２番地３,2019-12-25,その他の設立登記法人
医療法人わかまつ町皮ふ科,愛知県岡崎市若松町字西荒子３０番地５,2019-12-25,その他の設立登記法人
医療法人三陽会,愛知県名古屋市東区大曽根２丁目６０５番地,2019-12-25,その他の設立登記法人
医療法人杏和医院,徳島県吉野川市鴨島町西麻植字麻植市４０番地６,2019-12-25,その他の設立登記法人
医療法人社団紀幸会,愛知県名古屋市天白区大根町３９２番地,2019-12-25,その他の設立登記法人
医療法人社団野の小径会,兵庫県姫路市大津区新町１丁目７０,2019-12-25,その他の設立登記法人
医療法人陶山歯科医院,福岡県久留米市中央町１１番地９,2019-12-25,その他の設立登記法人
南風株式会社,東京都台東区東上野３丁目１５－１２上野野本ビル３０２,2019-12-25,株式会社
厚木ロジ特定目的会社,東京都中央区銀座１丁目６番１１号アースタックス税理士法人内,2019-12-25,その他の設立登記法人
双界合同会社,大阪府大阪市中央区谷町２丁目３番１号第２ターネンビルディング５階ｋａｔａｎａオフィス大阪谷町,2019-12-25,合同会社
合同会社あかうし,東京都中央区日本橋１丁目４番１号,2019-12-25,合同会社
合同会社あじさい,香川県丸亀市田村町１４９８アーブル城南１０５号,2019-12-25,合同会社
合同会社いちなり,茨城県鹿嶋市大字中３３５３番地１,2019-12-25,合同会社
合同会社さくらじま,東京都中央区日本橋１丁目４番１号,2019-12-25,合同会社
合同会社つなぐ,京都府舞鶴市南浜町１６番地の５,2019-12-25,合同会社
合同会社びわこ福祉会,滋賀県近江八幡市中村町９番地１８,2019-12-25,合同会社
合同会社ほぐしーぷ,栃木県下野市祇園１丁目２５番地１祇園ビル２階東,2019-12-25,合同会社
合同会社まちづくりアシスト事業,新潟県長岡市曲新町１丁目８番３号,2019-12-25,合同会社
合同会社やす坊,岡山県真庭市蒜山湯船８番地１９,2019-12-25,合同会社
合同会社アサヒ,山梨県甲府市堀之内町８４０番地１,2019-12-25,合同会社
合同会社アット・ファースト,長崎県西彼杵郡時津町日並郷１１０１番地１,2019-12-25,合同会社
合同会社アップステージ,千葉県千葉市中央区新宿２丁目２番２号,2019-12-25,合同会社
合同会社インベスト,愛媛県松山市福音寺町５５３番地２サントノーレ福音寺９０３号,2019-12-25,合同会社
合同会社ウイナー,東京都台東区元浅草３丁目１番２号,2019-12-25,合同会社
合同会社オカムラ企画,岡山県岡山市中区東山３丁目９番１号,2019-12-25,合同会社
合同会社オブリー,東京都中央区勝どき１丁目１３－６プラザタワー勝どき６０８,2019-12-25,合同会社
合同会社カツミサミット,兵庫県西宮市霞町５番３６号,2019-12-25,合同会社
合同会社キャロット,東京都練馬区旭丘１丁目１９番１号,2019-12-25,合同会社
合同会社クリエイティブデンタルラボ,北海道札幌市白石区栄通５丁目６番６号,2019-12-25,合同会社
合同会社グローワークス,新潟県三条市桜木町１２－３８三条ものづくり学校２０３号室,2019-12-25,合同会社
合同会社ココロ,京都府京田辺市花住坂２丁目９－１５,2019-12-25,合同会社
合同会社コネクト,埼玉県さいたま市南区松本３丁目７番２－２号,2019-12-25,合同会社
合同会社シーサポ,神奈川県藤沢市鵠沼海岸３丁目２－９グレース海岸１０５号室,2019-12-25,合同会社
合同会社ジングレイバー,東京都江東区平野２丁目３番８－５０２号,2019-12-25,合同会社
合同会社スターパートナーズ,東京都渋谷区千駄ヶ谷５丁目２７番５号リンクスクエア新宿１６Ｆ,2019-12-25,合同会社
合同会社タケムラ,滋賀県大津市富士見台４７番７号,2019-12-25,合同会社
合同会社トリアル,埼玉県さいたま市大宮区桜木町２丁目３７２番地市野屋ビル１階,2019-12-25,合同会社
合同会社ナカミチ,兵庫県伊丹市寺本６丁目７番地１,2019-12-25,合同会社
合同会社ネコノテコンサルト,熊本県熊本市北区清水岩倉１丁目１９番３号,2019-12-25,合同会社
合同会社ハピネス,沖縄県那覇市三原３丁目１２番４４号,2019-12-25,合同会社
合同会社ハートフルハート,奈良県奈良市富雄北２丁目１１番２０号,2019-12-25,合同会社
合同会社フェム・スミス,東京都千代田区九段南１丁目５番６号りそな九段ビル５ＦＫＳフロア,2019-12-25,合同会社
合同会社ヘッズアップ,大阪府大阪市中央区島之内１丁目１４番１０号,2019-12-25,合同会社
合同会社ベッキーハウス,東京都墨田区江東橋４丁目２４－７キングスビレッジ５０１,2019-12-25,合同会社
合同会社モアナ,東京都渋谷区神宮前６丁目２３番６号９Ｆ,2019-12-25,合同会社
合同会社モトロン,石川県小松市木場町イ１番地１,2019-12-25,合同会社
合同会社レミシンク,東京都昭島市玉川町１丁目８番１－１０７号,2019-12-25,合同会社
合同会社レヴェルシーブル,大阪府茨木市白川３丁目１番９－２０２号,2019-12-25,合同会社
合同会社ワークストラテジー,神奈川県相模原市中央区相模原５丁目１１番地２号ソビエール６０１号室,2019-12-25,合同会社
合同会社久貴,兵庫県神戸市東灘区深江浜町８１番地,2019-12-25,合同会社
合同会社九州医療観光促進会,鹿児島県鹿児島市紫原７丁目３６番２６シャイニー紫原１００５,2019-12-25,合同会社
合同会社光進住社,鹿児島県鹿児島市和田３丁目５６番２０号,2019-12-25,合同会社
合同会社堀美,愛知県春日井市関田町３丁目８９番地,2019-12-25,合同会社
合同会社市民生活研究所,大阪府大阪市西区西本町３丁目１番４６号奥内第５ビル６０８号,2019-12-25,合同会社
合同会社広丸,愛媛県松山市湯の山４丁目１番地１０,2019-12-25,合同会社
合同会社憲武館グループ,山梨県甲府市山宮町１７８４番地５,2019-12-25,合同会社
合同会社成和,埼玉県川口市末広１丁目１７番２１号,2019-12-25,合同会社
合同会社明治建設工業,大阪府四條畷市中野本町２４番３号,2019-12-25,合同会社
合同会社村井一建築設計,東京都杉並区和田１丁目２８番３号,2019-12-25,合同会社
合同会社村居,大阪府堺市中区堀上町２１４番地２４,2019-12-25,合同会社
合同会社清田バッティングセンター,北海道札幌市清田区清田一条１丁目６番３６号,2019-12-25,合同会社
合同会社結クリーンサービス,沖縄県うるま市石川１丁目１８－１６,2019-12-25,合同会社
合同会社結心,東京都新宿区大久保１丁目１番４９号,2019-12-25,合同会社
合同会社菅原ＦＸ,静岡県富士宮市外神東町１５８番地,2019-12-25,合同会社
合同会社近岡,愛知県名古屋市熱田区波寄町１１番１３号,2019-12-25,合同会社
合同会社遊佐,神奈川県横浜市青葉区荏子田１丁目８－７,2019-12-25,合同会社
合同会社飯田工業,茨城県笠間市鯉淵６６５５－１０プレステージ友部Ｂ－２－２,2019-12-25,合同会社
合同会社３７ｄｅｓｉｇｎ,鹿児島県日置市伊集院町飯牟礼１５６５番地３,2019-12-25,合同会社
合同会社ＡＬＬＪＡＰＡＮ,埼玉県朝霞市本町１丁目２８－１１,2019-12-25,合同会社
合同会社Ａｎｊｕ,東京都世田谷区代沢５丁目９番６号,2019-12-25,合同会社
合同会社Ａｖａｎｔｉ,岩手県盛岡市天神町１１番１５号プレミスト天神町１１０２,2019-12-25,合同会社
合同会社Ａｗｄ．,滋賀県大津市木戸３３８番地の１,2019-12-25,合同会社
合同会社Ｂｒａｔｒａｄｅｓ,熊本県山鹿市久原５６２５番地５,2019-12-25,合同会社
合同会社Ｃ＆Ｃ,東京都足立区栗原４丁目１８番２３－２０１号,2019-12-25,合同会社
合同会社Ｅｄｇｅｃａｐｅ,岡山県岡山市北区内山下２丁目１１番地１０９,2019-12-25,合同会社
合同会社Ｆａｒ　Ｅａｓｔ　Ｅｎｅｒｇｙ商会,東京都新宿区神楽坂６丁目８番地,2019-12-25,合同会社
合同会社Ｇ－プランニング,神奈川県横浜市保土ケ谷区狩場町３０３番地３９,2019-12-25,合同会社
合同会社ＨＴ,東京都豊島区北大塚３丁目２４番６号江戸屋ビル３,2019-12-25,合同会社
合同会社ＩＫＫＯ,東京都中野区若宮３丁目５１番１６号ピュアハウスエクセレント２０１,2019-12-25,合同会社
合同会社Ｋ’ｓ　ｃｏｃｈｏ,東京都中央区晴海２丁目２番４２－４８０１号,2019-12-25,合同会社
合同会社Ｋｉｃｈｉ,東京都大田区中馬込１丁目１８番１８号,2019-12-25,合同会社
合同会社ＬＥＧＥＮＤＳ,大阪府大阪市北区梅田１丁目１１番４号大阪駅前第４ビル９階９２３－９０３号,2019-12-25,合同会社
合同会社Ｌａｓｔｉｎｇ　Ｅｎｔｅｒｔａｉｎｍｅｎｔ　Ｏｆｆｅｒ,三重県津市大里小野田町１０４番地,2019-12-25,合同会社
合同会社Ｎ．ｓシステム,岩手県盛岡市南仙北２丁目２６番１４号コーポクローバＤ号,2019-12-25,合同会社
合同会社ＮＫコーポレーション,和歌山県和歌山市西浜１丁目３番１号,2019-12-25,合同会社
合同会社Ｒ．Ｉ．Ｂ,東京都葛飾区水元２丁目２０番１２号,2019-12-25,合同会社
合同会社ＲｏＳａ,山口県萩市大字東田町１８－４ヤングプラザ萩,2019-12-25,合同会社
合同会社ＳＴＥＥＺ,栃木県宇都宮市元今泉３丁目９番８号,2019-12-25,合同会社
合同会社ＳＴＩ,茨城県高萩市大字高萩７１１番地の１４４,2019-12-25,合同会社
合同会社ＴＡＤＯ　ＴＥＣＨ,茨城県日立市東河内町７２５番地,2019-12-25,合同会社
合同会社ＴＤ　ＴＲＡＤＥ,東京都江戸川区宇喜田町１２３１番地１藤和シティホームズ船堀６０２,2019-12-25,合同会社
合同会社ＴＫ商会,福岡県福岡市中央区春吉３丁目２５番２５号１階,2019-12-25,合同会社
合同会社ＹＴ,石川県金沢市泉２丁目２３－３３セジュールベル１０２,2019-12-25,合同会社
合同会社ａｔｏｍｅｄｉｃ,東京都渋谷区代々木５丁目２１番１９号,2019-12-25,合同会社
合同会社ｃａｌｍｅ,福岡県田川郡川崎町大字川崎１４９番地の１,2019-12-25,合同会社
合同会社ｅｆｔ,東京都世田谷区太子堂４丁目２６番１３号ｔａｋｅｋａｗａＢＬＤ４０１,2019-12-25,合同会社
営務合同会社,大阪府大阪市北区池田町１番１－７０４号,2019-12-25,合同会社
嘉佑株式会社,山口県宇部市大字中宇部１７３５番地９２,2019-12-25,株式会社
四国中小企業サポートセンター株式会社,岡山県岡山市北区表町１丁目７－１５,2019-12-25,株式会社
国際流通株式会社,東京都新宿区百人町１丁目２３番１４号,2019-12-25,株式会社
土木鉄筋協同組合北星会,千葉県市川市田尻４丁目３番２１号,2019-12-25,その他の設立登記法人
大和シティー・バレエ株式会社,神奈川県大和市中央２丁目３番１０号,2019-12-25,株式会社
太田製作所合同会社,石川県小松市吉竹町に７１番地,2019-12-25,合同会社
家豪株式会社,大阪府大阪市西成区橘１丁目１１番２８号オフィスポート橘５１３号室,2019-12-25,株式会社
容和株式会社,東京都足立区東和５丁目１３番９－１０１号,2019-12-25,株式会社
小澤ＪＡＰＡＮ株式会社,愛知県名古屋市西区浅間１丁目１番８号,2019-12-25,株式会社
尚品株式会社,大阪府大阪市中央区瓦屋町２丁目１８番７号コンフォートマンション８０５号室,2019-12-25,株式会社
山の下合同会社,東京都世田谷区野沢２丁目２９番３号,2019-12-25,合同会社
山徳商事株式会社,東京都豊島区北大塚１丁目２０番２号,2019-12-25,株式会社
幸源合同会社,沖縄県那覇市古波蔵３丁目２番１２－５０５号,2019-12-25,合同会社
彩運株式会社,千葉県千葉市若葉区源町２２８番地１アダムコート２０５号,2019-12-25,株式会社
房の電通株式会社,千葉県千葉市花見川区長作町８４１番地７,2019-12-25,株式会社
承悦合同会社,新潟県新潟市東区東中島２丁目６番１号,2019-12-25,合同会社
日本ナノテック株式会社,佐賀県西松浦郡有田町南原甲８７２番地,2019-12-25,株式会社
日本大豆科技株式会社,東京都中央区銀座６丁目１３番１６号銀座ＷａｌｌビルＵＣＦ５階,2019-12-25,株式会社
日本薇信医療株式会社,東京都台東区小島１丁目７番１５号ＭＳビル２０２,2019-12-25,株式会社
有限会社上村石油店,高知県土佐市高岡町丙１６番地,2019-12-25,有限会社
未来工房株式会社,東京都武蔵野市境２丁目２１番８号,2019-12-25,株式会社
東和土地産業株式会社,青森県八戸市大字十六日町１１番地,2019-12-25,株式会社
東方株式会社,愛知県名古屋市西区清里町４３６番地,2019-12-25,株式会社
松浦ホールディングス株式会社,大阪府大阪市中央区久太郎町１丁目９番２８号,2019-12-25,株式会社
栁工業株式会社,長崎県長崎市さくらの里２丁目２４番４０号,2019-12-25,株式会社
株式会社あかり,東京都新宿区百人町１丁目２３番１４号,2019-12-25,株式会社
株式会社しゃぶしゃぶ松五郎,東京都渋谷区円山町５番４号フィールＡ渋谷,2019-12-25,株式会社
株式会社すいせん,大阪府大阪市北区東天満２丁目７番３号,2019-12-25,株式会社
株式会社すざくホーム,京都府京都市中京区西ノ京東月光町１２番地１,2019-12-25,株式会社
株式会社はたラク,滋賀県守山市梅田町２番１号,2019-12-25,株式会社
株式会社はなまる,埼玉県志木市中宗岡１丁目８番１９号,2019-12-25,株式会社
株式会社みそら住宅サービス,兵庫県姫路市飾磨区中野田２丁目１６番地３０１号,2019-12-25,株式会社
株式会社ゆずハウジング,京都府京都市南区久世上久世町８２０番地２,2019-12-25,株式会社
株式会社ゆふ,長崎県佐世保市権常寺町１１０１番地７,2019-12-25,株式会社
株式会社れいわ,大阪府門真市上野口町１１番４号,2019-12-25,株式会社
株式会社アイコニックスコーポレーション,香川県綾歌郡宇多津町浜五番丁６５番地,2019-12-25,株式会社
株式会社アイル,神奈川県横浜市戸塚区秋葉町２７４番地８,2019-12-25,株式会社
株式会社アイルロジスティクス,大阪府門真市寿町２０番２７－５０２号,2019-12-25,株式会社
株式会社アイ・ピー・エス,北海道北見市北九条東１丁目１５番地,2019-12-25,株式会社
株式会社アクア・ライブ・ネイチャー,東京都千代田区内幸町２丁目２番３号日比谷国際ビル１階,2019-12-25,株式会社
株式会社アップストリーム,徳島県徳島市北佐古二番町１番１５－２号,2019-12-25,株式会社
株式会社アヅマヤ,三重県桑名市駅元町１１番地,2019-12-25,株式会社
株式会社アルトノード,東京都千代田区鍛冶町１丁目１０番６号,2019-12-25,株式会社
株式会社イングホールディングス,東京都台東区台東３丁目４２番７号,2019-12-25,株式会社
株式会社インテリアＡＢＣ,東京都足立区東伊興２丁目５番２号,2019-12-25,株式会社
株式会社インナービューティー・サロンｂｅａｕｔｅ,三重県松阪市嬉野中川町５１３番地１,2019-12-25,株式会社
株式会社ウインシア,京都府久世郡久御山町田井東荒見１４―１３,2019-12-25,株式会社
株式会社ウォールプラン,京都府京都市南区吉祥院中河原里北町２４番地２グレース安田１階西側店舗,2019-12-25,株式会社
株式会社エクスプレス・ネクスト,東京都墨田区石原４丁目２７番９号,2019-12-25,株式会社
株式会社エスアコード,愛知県名古屋市守山区大字中志段味字西原２８１４番地の４０,2019-12-25,株式会社
株式会社エスエス保険サービス,青森県むつ市横迎町２丁目１３番４３号,2019-12-25,株式会社
株式会社エスサポート,北海道石狩郡当別町太美町２３番地４,2019-12-25,株式会社
株式会社オズテクト,三重県津市高茶屋４丁目３８番２３号,2019-12-25,株式会社
株式会社オーシャン,東京都中央区築地４丁目１０番８号,2019-12-25,株式会社
株式会社クレシタ,東京都新宿区四谷４丁目１３番地１２Ｋ・ⅠビルＢ１Ｆ,2019-12-25,株式会社
株式会社グランブリエ,福岡県福岡市中央区大名１丁目１５番３０号天神ＭＩＥＺビル３０３,2019-12-25,株式会社
株式会社グロードラッグ,東京都板橋区成増１丁目３番１６－２０３号,2019-12-25,株式会社
株式会社ケーオート,愛知県春日井市東野町４丁目１番地２,2019-12-25,株式会社
株式会社コーケン,広島県広島市東区福田４丁目３０６０番地２,2019-12-25,株式会社
株式会社サイ,大阪府茨木市田中町１２番７３号の１,2019-12-25,株式会社
株式会社サイバーセキュリティ研究所,東京都文京区本駒込３丁目３４番７号,2019-12-25,株式会社
株式会社サカモト企画,広島県安芸郡府中町鶴江１丁目１０番３号,2019-12-25,株式会社
株式会社サスティナブルサービス,和歌山県和歌山市美園町５丁目７番地４テン・ビル５Ｂ,2019-12-25,株式会社
株式会社サステナブル,大阪府羽曳野市羽曳が丘西５丁目５番２４号,2019-12-25,株式会社
株式会社サントムーブ,東京都港区赤坂２丁目２１－５ＡＢＣ・Ｄ－３２号,2019-12-25,株式会社
株式会社サークルプランニング,大阪府貝塚市森３７０－１,2019-12-25,株式会社
株式会社シーク,三重県桑名市多度町下野代３５０３番地３０,2019-12-25,株式会社
株式会社シード,広島県広島市中区堺町２丁目６番２０号,2019-12-25,株式会社
株式会社シーベジタブル陸前高田,岩手県陸前高田市広田町字集２１番地２,2019-12-25,株式会社
株式会社ジュプランサ,石川県金沢市笠市町２番３２号,2019-12-25,株式会社
株式会社ジュリア,岡山県倉敷市日ノ出町２丁目７番９号,2019-12-25,株式会社
株式会社スマイル,大阪府大阪市都島区都島本通３丁目２６番３０－９０２号,2019-12-25,株式会社
株式会社セイコー,埼玉県越谷市新明町１－１３２－１ラ・ルミエールＡ２０１,2019-12-25,株式会社
株式会社ダンテス,愛知県名古屋市中村区太閤３丁目７番７６号,2019-12-25,株式会社
株式会社テクスト,埼玉県さいたま市中央区本町東２丁目１０番１０号,2019-12-25,株式会社
株式会社ディアリー,山口県萩市大字椿東６３７３番地９,2019-12-25,株式会社
株式会社ディープロジック,愛知県豊田市小坂本町１丁目５番５号ＹＡＭＡＴＯＢＬＤＧ２階,2019-12-25,株式会社
株式会社データ・ドリブン・フォース,東京都港区浜松町２丁目２番１５号,2019-12-25,株式会社
株式会社トレジャー,東京都台東区元浅草３丁目１番２号,2019-12-25,株式会社
株式会社ナカムラ,鳥取県鳥取市吉方温泉１丁目５６１番地２,2019-12-25,株式会社
株式会社ナカモト,埼玉県戸田市喜沢２丁目３１番地の１,2019-12-25,株式会社
株式会社ナリトリバイタル,神奈川県横浜市港北区錦が丘１９番１７号,2019-12-25,株式会社
株式会社ニューディレクション,東京都葛飾区白鳥２丁目１番１２号ヴァンベールＡ２０４号,2019-12-25,株式会社
株式会社ネクサススペース,東京都渋谷区桜丘町２３番１７号シティコート桜丘４０８,2019-12-25,株式会社
株式会社ネクストワークス,大阪府大阪市鶴見区横堤４丁目３番２号ライゼホビー３号,2019-12-25,株式会社
株式会社ノリタケ,広島県広島市南区宇品海岸２丁目２３番３６－４０３号,2019-12-25,株式会社
株式会社ノースプランニング,東京都新宿区西新宿５丁目５番１－３０１５号,2019-12-25,株式会社
株式会社ハタケヤマ,三重県津市幸町１０番１９号,2019-12-25,株式会社
株式会社ハルジオン,広島県広島市中区千田町２丁目１番２２号,2019-12-25,株式会社
株式会社ビーオーズィ,埼玉県越谷市東町２丁目５４番地９０,2019-12-25,株式会社
株式会社フォレスト,愛知県蒲郡市新井形町新井６１番地,2019-12-25,株式会社
株式会社フジテックス,埼玉県狭山市狭山２１番７号,2019-12-25,株式会社
株式会社フリージア,千葉県松戸市小山２９３番地の３ＡＵレジデンス１号,2019-12-25,株式会社
株式会社ブライト,佐賀県三養基郡みやき町大字市武１４３２番地７,2019-12-25,株式会社
株式会社プラステン,福岡県北九州市若松区青葉台西３丁目９番５号,2019-12-25,株式会社
株式会社ヘリホヒス,福島県福島市北矢野目字坂東９番地の５,2019-12-25,株式会社
株式会社ポロウニア,岐阜県岐阜市水主町１丁目１５０番地の３,2019-12-25,株式会社
株式会社マツケン,愛知県瀬戸市東本地町２丁目３４番地,2019-12-25,株式会社
株式会社ミプラス,静岡県富士宮市山宮３５０７番地の３６,2019-12-25,株式会社
株式会社ミーティングテクノロジー,東京都渋谷区恵比寿２丁目２８番１０号,2019-12-25,株式会社
株式会社メイキット,東京都町田市真光寺１丁目３番地１,2019-12-25,株式会社
株式会社メイジング,福岡県福岡市中央区舞鶴１丁目１番１１号５Ｆ,2019-12-25,株式会社
株式会社メッド,大阪府大阪市東住吉区駒川３丁目２４番９号,2019-12-25,株式会社
株式会社メディカルヘルスケア,神奈川県横浜市南区六ツ川１丁目８１ファミリーヘルスケアビル２階,2019-12-25,株式会社
株式会社メディカルユアーズホールディングス,兵庫県神戸市灘区桜口町４丁目１番１号ウェルブ六甲道４番街１番館３０１号,2019-12-25,株式会社
株式会社ヤマモト,兵庫県南あわじ市中条中筋５６２番地,2019-12-25,株式会社
株式会社ラセン,東京都千代田区内神田１丁目１１番１１号,2019-12-25,株式会社
株式会社ラッキーホイッスル,京都府京都市上京区寺町通今出川下る扇町２７７－１ＥＬＥＰＨＡＮＴビル４Ｆ,2019-12-25,株式会社
株式会社リラクス,東京都台東区小島２丁目２０番１１号小島ビル,2019-12-25,株式会社
株式会社レッドベアモーターズ,熊本県熊本市北区植木町米塚９７４番地１,2019-12-25,株式会社
株式会社レヌベインターナショナル,東京都港区南青山４丁目１８番１１号フォレストヒルズ・イーストウイング２階,2019-12-25,株式会社
株式会社ワイズパートナー,福岡県久留米市田主丸町常盤２９番地７,2019-12-25,株式会社
株式会社一二三,東京都港区浜松町１丁目２７番１７号,2019-12-25,株式会社
株式会社一絆,千葉県八千代市八千代台北１１丁目１番２０号,2019-12-25,株式会社
株式会社三恵工作所,兵庫県尼崎市南武庫之荘９丁目１８番３１号,2019-12-25,株式会社
株式会社三河屋,愛知県豊橋市西小田原町４９番地,2019-12-25,株式会社
株式会社中京管財,愛知県一宮市木曽川町黒田字往還西南ノ切１５３番地,2019-12-25,株式会社
株式会社中島,神奈川県横浜市西区藤棚町１丁目５２番地７,2019-12-25,株式会社
株式会社中島水産,東京都新宿区百人町１丁目１９－１３,2019-12-25,株式会社
株式会社丸政商事,埼玉県大里郡寄居町大字牟礼１５１３番地,2019-12-25,株式会社
株式会社丸清,埼玉県さいたま市緑区大字三室８６４番地６,2019-12-25,株式会社
株式会社京星準備会社,大阪府枚方市大字尊延寺９６５番地,2019-12-25,株式会社
株式会社令上商事,東京都新宿区西早稲田３丁目９番１０号シティホーム西早稲田１０６号室,2019-12-25,株式会社
株式会社充光建設,熊本県玉名郡長洲町大字上沖洲９５３番地２,2019-12-25,株式会社
株式会社八百万製作所,長崎県佐世保市横手町２１２,2019-12-25,株式会社
株式会社創和,大阪府大阪市西成区長橋３丁目５番３号,2019-12-25,株式会社
株式会社原企画,埼玉県さいたま市見沼区大字蓮沼１９５番地,2019-12-25,株式会社
株式会社名駅,愛知県名古屋市中村区太閤１丁目１番１４号高橋ビル,2019-12-25,株式会社
株式会社天翔運送,佐賀県鳥栖市萱方町１１６番地１５,2019-12-25,株式会社
株式会社安田牧場,北海道勇払郡占冠村字中央,2019-12-25,株式会社
株式会社小島工業,福井県福井市下市町第２０号９６番地,2019-12-25,株式会社
株式会社小笠原工業,埼玉県草加市柳島町４６０番地７,2019-12-25,株式会社
株式会社山口松陰高校プロパティマネジメント,東京都千代田区神田和泉町一丁目７番１４号,2019-12-25,株式会社
株式会社岡山学舎,岡山県岡山市北区春日町５番２０号アルファ春日町１０３号室,2019-12-25,株式会社
株式会社岩下養魚,鹿児島県出水郡長島町鷹巣２８番地９,2019-12-25,株式会社
株式会社希悦インターナショナル,東京都江戸川区東小岩４丁目２３番５号,2019-12-25,株式会社
株式会社心栄,神奈川県平塚市夕陽ケ丘４５番１５号１階,2019-12-25,株式会社
株式会社志季咲庭造,埼玉県志木市幸町４丁目６番３号,2019-12-25,株式会社
株式会社扇工業,岡山県岡山市北区今４丁目２番１５－２号,2019-12-25,株式会社
株式会社旅人,東京都新宿区百人町１丁目２３番１４号,2019-12-25,株式会社
株式会社日新ホームサービス,神奈川県大和市南林間８丁目１７番３３号,2019-12-25,株式会社
株式会社昇啓,山形県山形市五日町８番９号,2019-12-25,株式会社
株式会社春木,神奈川県横浜市保土ケ谷区和田１丁目２０－２２,2019-12-25,株式会社
株式会社朝日鍍金工業所,兵庫県明石市田町１丁目７番８号,2019-12-25,株式会社
株式会社未来クリエイト,宮崎県えびの市大字向江５２１番地１,2019-12-25,株式会社
株式会社本間建設,北海道石狩市花川南九条１丁目１４２番地,2019-12-25,株式会社
株式会社東風工務店,沖縄県那覇市泉崎２丁目１７－５泉崎アパートメント３０１,2019-12-25,株式会社
株式会社松尾興業,神奈川県横浜市磯子区中浜町１３番５－２号,2019-12-25,株式会社
株式会社桜,大阪府寝屋川市池田１丁目１４番５号,2019-12-25,株式会社
株式会社正保建設,佐賀県武雄市東川登町大字永野２２６８番地１,2019-12-25,株式会社
株式会社泉康舎,福島県郡山市小原田５丁目２０番５号プリマヴェーラ小原田２０２号,2019-12-25,株式会社
株式会社波多野,山口県長門市東深川１０３３２番地７９,2019-12-25,株式会社
株式会社流星,鹿児島県鹿児島市西千石町５番７号,2019-12-25,株式会社
株式会社浩成技建,鹿児島県鹿児島市西陵６丁目３３番６０号,2019-12-25,株式会社
株式会社白井自動車硝子,千葉県船橋市大穴北１丁目２７番１号,2019-12-25,株式会社
株式会社真徳工務店,熊本県八代市鏡町両出１０１４番地２,2019-12-25,株式会社
株式会社福岡メディカル,福岡県福岡市博多区博多駅中央街８番１号,2019-12-25,株式会社
株式会社秋田魁新報秋田東販売所,秋田県秋田市楢山川口境８番１０号,2019-12-25,株式会社
株式会社秦コーポレーション,京都府京都市山科区大宅中小路町３５番地３,2019-12-25,株式会社
株式会社稲原創建,岐阜県瑞穂市中宮４７４番地５,2019-12-25,株式会社
株式会社竹内工業,栃木県宇都宮市細谷町６４５番地９アレストタムラＢ１０１,2019-12-25,株式会社
株式会社紡建築設計,岡山県岡山市中区海吉１８９８番地７,2019-12-25,株式会社
株式会社美美企画,愛知県名古屋市西区花の木２丁目１３番２４号ｎｏｖａはなの木２０２号,2019-12-25,株式会社
株式会社翔進,福岡県北九州市小倉南区富士見２丁目３番１７－６０２号,2019-12-25,株式会社
株式会社興空調,埼玉県草加市谷塚上町６９５番地１－１０１号,2019-12-25,株式会社
株式会社花の弥,栃木県栃木市都賀町大柿１３１２,2019-12-25,株式会社
株式会社萬興,千葉県白井市河原子３１０－１,2019-12-25,株式会社
株式会社蔦,広島県広島市安佐南区山本新町５丁目２５番２０号,2019-12-25,株式会社
株式会社諏訪写真機,千葉県松戸市河原塚２４６番地の１グラン・コート東松戸８０１号室,2019-12-25,株式会社
株式会社豊富鍼灸院,千葉県船橋市金堀町３８９番地１,2019-12-25,株式会社
株式会社輝,愛知県一宮市音羽３丁目６番１３号ロイヤルクレスト一宮４０２号,2019-12-25,株式会社
株式会社運栄,長崎県佐世保市大塔町１０００番地１,2019-12-25,株式会社
株式会社雅工業,東京都葛飾区宝町１丁目２５番１７号プランドール１０１,2019-12-25,株式会社
株式会社馨,東京都目黒区目黒本町２丁目４番１６号３Ｆ,2019-12-25,株式会社
株式会社１１２９,鹿児島県鹿児島市南林寺町２８番８号,2019-12-25,株式会社
株式会社２Ｇ,三重県津市高野尾町４９５６番地２７,2019-12-25,株式会社
株式会社ＡＡＳＨ　ＴＲＡＤＩＮＧ,神奈川県座間市栗原中央１丁目３１番１５号井上コーポ２０１,2019-12-25,株式会社
株式会社ＡＩ,愛知県東海市富木島町池脇３番地の６８,2019-12-25,株式会社
株式会社ＡＩＭ’ｓ,滋賀県大津市南比良８８９番地７,2019-12-25,株式会社
株式会社ＡＬ　ＳＯＬＩＴＯ,京都府京都市中京区鏡屋町５０番地,2019-12-25,株式会社
株式会社ＡＬＤＯ　ＪＡＰＡＮ,大阪府大阪市北区堂島浜２丁目２番２８号堂島アクシスビル４階,2019-12-25,株式会社
株式会社ＡＮＮＥＸ,東京都中野区本町３丁目３２番２１号,2019-12-25,株式会社
株式会社ＡＲＣＲＥＥ,千葉県千葉市緑区おゆみ野１丁目４４番地９,2019-12-25,株式会社
株式会社ＡＳＷ,千葉県松戸市松戸２０７１番地の３,2019-12-25,株式会社
株式会社ＡＴプラス,岐阜県岐阜市加野７丁目８番２８号,2019-12-25,株式会社
株式会社ＡＸＥＬＡ,広島県福山市光南町２丁目２番１８号,2019-12-25,株式会社
株式会社Ａｋｉｅｌｌａ,東京都港区東麻布２丁目１５番２号,2019-12-25,株式会社
株式会社Ａｌｅｓｙｓ,栃木県栃木市岩舟町和泉１２２５番地４,2019-12-25,株式会社
株式会社Ａｍｉｔｙ長崎,長崎県長崎市宿町６９７番地４,2019-12-25,株式会社
株式会社ＢＬＵＥ,兵庫県西宮市生瀬高台４番６号,2019-12-25,株式会社
株式会社Ｃ‐ｐｌａｃｅ,愛知県名古屋市瑞穂区妙音通４丁目２７番地の３（浅井ハイツ７Ｃ号）,2019-12-25,株式会社
株式会社ＣＡＲＡ,愛知県西尾市平坂町丸山４８番地１６,2019-12-25,株式会社
株式会社ＣＯＮＮＥＣＴ　ＪＡＰＡＮ　Ｉｎｂｏｕｎｄ　Ｓｏｌｕｔｉｏｎｓ,新潟県新潟市中央区本町通８番町１３２１番地１,2019-12-25,株式会社
株式会社ＣＲＥＷ,大阪府大阪市東住吉区北田辺６丁目１２番１０号,2019-12-25,株式会社
株式会社Ｃｏｌｉｖｉｎｇ　Ａｓｓｅｔ　Ｍａｎａｇｅｍｅｎｔ,東京都港区六本木７丁目８番６号,2019-12-25,株式会社
株式会社ＤＡＩＫＩ,岐阜県大垣市領家町２丁目６番地,2019-12-25,株式会社
株式会社ＤＯＴＣ　Ｊａｐａｎ,東京都新宿区新宿２丁目５番３号,2019-12-25,株式会社
株式会社ＤＴＤコーポレーション,東京都豊島区巣鴨４丁目２３番４号サルーンハイツ７号館４０１号,2019-12-25,株式会社
株式会社Ｄｅｇｒｅｅ,東京都町田市大蔵町３５０１－１,2019-12-25,株式会社
株式会社Ｄｅｌｉｇｈｔ,東京都江東区豊洲３丁目６番８－４２０１号,2019-12-25,株式会社
株式会社Ｄｓ,静岡県浜松市中区田町３３０番地の１マビーセブンビル５階,2019-12-25,株式会社
株式会社ＥＶＥＲ,東京都台東区台東４丁目２４番７号,2019-12-25,株式会社
株式会社ＥＸＣ－ＧＡ,滋賀県草津市上笠４丁目８番５号,2019-12-25,株式会社
株式会社ＥＹＣ,東京都町田市玉川学園１丁目２２番８号,2019-12-25,株式会社
株式会社Ｆ－ＢＵＲＳＴ,滋賀県湖南市菩提寺１０３２番地４,2019-12-25,株式会社
株式会社Ｆ－Ｐｒｏｊｅｃｔ,福島県福島市新町５番３４号グランフォセット福島新町１５０１,2019-12-25,株式会社
株式会社ＦＰスタジアム,岡山県岡山市東区西大寺中野８７５番地５,2019-12-25,株式会社
株式会社Ｆｉｎａｌ　Ａｉｍ,東京都文京区本郷３丁目３８－１０さかえビル２Ｆ,2019-12-25,株式会社
株式会社Ｆｉｎａｌｉｔｙ　Ｔｅｃｈｎｏｌｏｇｉｅｓ,東京都品川区西五反田１丁目２９番５号,2019-12-25,株式会社
株式会社Ｆｒａｇｒａｄｅ,埼玉県川口市本前川３丁目２８番７号,2019-12-25,株式会社
株式会社Ｆｕｔｕｒｅ　Ｌｉｎｋ,和歌山県和歌山市狐島１３９番地,2019-12-25,株式会社
株式会社ＧＲＡＮＤ　ＴＥＣＨ,北海道札幌市手稲区新発寒五条２丁目１番２６－６０５号,2019-12-25,株式会社
株式会社ＧａｍｅＨｉｎｔ,東京都品川区上大崎３丁目３番９－３２２号,2019-12-25,株式会社
株式会社Ｇｌｏｗ,東京都渋谷区広尾３丁目１－２インペリアル常盤松１０１号,2019-12-25,株式会社
株式会社ＨＡＧＵＲＵＭＡ,石川県金沢市田上さくら３丁目１１番地ＶＡＮＧＵＡＲＤ・ＨＩＬＬ３０２号室,2019-12-25,株式会社
株式会社ＨＡＳ　Ｉｎｔｅｒｎａｔｉｏｎａｌ,神奈川県横浜市都筑区中川中央１丁目３７番６号セントラルヴィラ５０２号室,2019-12-25,株式会社
株式会社ＨＹＵ－Ｉ,埼玉県志木市下宗岡３丁目５番１０号,2019-12-25,株式会社
株式会社Ｈｉｇｈ　Ｐｅｒｆｏｒｍａｎｃｅ　Ｈｕｂ,東京都新宿区箪笥町３４番地,2019-12-25,株式会社
株式会社ＩＢｕｌｋ‐ｕｐ,神奈川県川崎市幸区神明町１丁目４番地ＲＣＨＥＩＭ２０１,2019-12-25,株式会社
株式会社ＩＤＥＡＡＩＤ,京都府京都市下京区中堂寺南町１３４番地ＡＳＴＥＭビル８Ｆ,2019-12-25,株式会社
株式会社Ｉｎｔｅｒｇｒｏｗｔｈ,東京都大田区久が原１丁目３番６－４０８号,2019-12-25,株式会社
株式会社Ｉｎｔｅｒｗｅａｖｅ,東京都千代田区神田鍛冶町３丁目７番地２１天翔神田駅前ビル７０８,2019-12-25,株式会社
株式会社Ｉｒａｎｏａｎ,東京都港区浜松町２丁目２番１５号浜松町ダイヤビル２Ｆ,2019-12-25,株式会社
株式会社ＪＥＡＫ,東京都多摩市関戸１丁目１番地の５,2019-12-25,株式会社
株式会社ＫＢ,兵庫県神戸市灘区城内通３丁目２番１６号,2019-12-25,株式会社
株式会社ＫＥＩＫＩ,佐賀県佐賀市呉服元町７番１号２Ｆ,2019-12-25,株式会社
株式会社ＫｕＲｏｃｋ,兵庫県神戸市東灘区田中町２丁目３番３－２０１号,2019-12-25,株式会社
株式会社Ｌ’ｓ　Ｃｒｅｄｏ　Ｃｏ,沖縄県宜野湾市大山６丁目２４番９号,2019-12-25,株式会社
株式会社Ｍ．Ｐロジ,大阪府高石市千代田３丁目８番２７号,2019-12-25,株式会社
株式会社ＭＡＧＯＳＥＤＡＩ,東京都渋谷区広尾３丁目８－１９,2019-12-25,株式会社
株式会社ＭＢｒａｉｎ,大阪府大阪市北区梅田１丁目１１番４－１０００号,2019-12-25,株式会社
株式会社ＭＪコーポレーション,埼玉県さいたま市緑区芝原３丁目６番地４４,2019-12-25,株式会社
株式会社ＭＳＣ,埼玉県桶川市大字上日出谷７３８番地８,2019-12-25,株式会社
株式会社ＭＳＫＹ,京都府京都市伏見区深草大亀谷東寺町２２番地１９,2019-12-25,株式会社
株式会社ＭＳＳ,大阪府八尾市光町１丁目２６－７０５号,2019-12-25,株式会社
株式会社Ｍｏｙｅ,東京都中央区日本橋３丁目６番７号ファミール東京グランリッツ５０６,2019-12-25,株式会社
株式会社ＮＩＶＡ,石川県金沢市二口町ロ５０番地４,2019-12-25,株式会社
株式会社ＮＳＴ,埼玉県川越市大字天沼新田１８９番地１０（ソレイユⅠ２０１号室）,2019-12-25,株式会社
株式会社ＯＮＥ　ＦＩＥＬＤ,千葉県習志野市香澄２丁目４番１号,2019-12-25,株式会社
株式会社ＯＲＩＧＡＭＩ,京都府京都市右京区西院南高田町１４番２,2019-12-25,株式会社
株式会社ＯＳＫＩ,宮城県仙台市青葉区栗生５丁目１８番１７号,2019-12-25,株式会社
株式会社ＯＳＰ,大阪府大阪市中央区徳井町２丁目１番１１－８０２号,2019-12-25,株式会社
株式会社ＯＷＬ,愛知県名古屋市天白区高島２丁目２２１１番地,2019-12-25,株式会社
株式会社ＯｆｆｉｃｅＳＡＫＡＩ,福島県いわき市小名浜字船引場２３番地の３１,2019-12-25,株式会社
株式会社Ｏｈａｎａ,京都府宇治市伊勢田町中山２６番地６竹谷ビル１Ｆ,2019-12-25,株式会社
株式会社Ｏｗｎ　Ｓｐａｃｅ,福岡県福岡市中央区大手門３丁目１４番２７号ラフォーレ大濠パークアベニュー６０４号,2019-12-25,株式会社
株式会社ＰＯＲＴＡＤＡ,兵庫県西脇市下戸田２０１番地の１２,2019-12-25,株式会社
株式会社ＰＰＡリソーシズ,東京都千代田区麹町２丁目１０－３,2019-12-25,株式会社
株式会社Ｐｅｎｉｎｓｕｌａ　Ｓｏｆｔｗａｒｅ　Ｓｅｒｖｉｃｅｓ,東京都港区芝浦４丁目１６－１３東単ビル６階,2019-12-25,株式会社
株式会社Ｐｌａｙｉｎｇ,東京都中野区新井１丁目３番３号（６Ｆ）,2019-12-25,株式会社
株式会社ＲＩＴＵＫＯ,兵庫県神戸市須磨区磯馴町６丁目１－１８ー１５０１,2019-12-25,株式会社
株式会社Ｒｅａｌｉｚｅ,東京都町田市東玉川学園４丁目３４００番地６８キャトルセゾンⅠ－２０２,2019-12-25,株式会社
株式会社Ｒｅｘｃｒｏｓｓ,東京都千代田区神田佐久間町１丁目８番４号アルテール秋葉原７０８,2019-12-25,株式会社
株式会社Ｒｏｘｉｓ,岡山県総社市井尻野２８６番地９,2019-12-25,株式会社
株式会社ＳＨＥＥＰＳ　ＤＲＥＡＭ,沖縄県うるま市石川伊波１５５３－３０Ｄ－２,2019-12-25,株式会社
株式会社ＳＮＡＣ,福島県会津若松市町北町大字上荒久田字鈴木１６１番地３,2019-12-25,株式会社
株式会社ＳＳＫ,大阪府大阪市西区江之子島１丁目６番２号奥内第八ビル５０５号,2019-12-25,株式会社
株式会社ＳＴＡＲ,大阪府大阪市中央区南船場１丁目１３番１５号長堀三栄プラザ３０３号室,2019-12-25,株式会社
株式会社ＳＴＡＲＧＯＬＤ,埼玉県さいたま市大宮区桜木町４丁目２４４番地２,2019-12-25,株式会社
株式会社Ｓｈｉｍｏｎ’ｓ,埼玉県さいたま市岩槻区大字黒谷７８７番地３６,2019-12-25,株式会社
株式会社ＴＦＪ　ＧＬＯＢＡＬ,大阪府大阪市西区阿波座１丁目６－１３,2019-12-25,株式会社
株式会社ＴＫＯ,徳島県徳島市川内町鶴島３７７番地の１－５０１号,2019-12-25,株式会社
株式会社ＴＭカンパニー,愛知県豊橋市松葉町１丁目１０２番地バートビル１Ｆ,2019-12-25,株式会社
株式会社ＴＴＬリゾーツ,東京都港区六本木６丁目１番２０号７Ｆ,2019-12-25,株式会社
株式会社ＶＥＩＬ,東京都墨田区東向島４丁目４０番１５－５０７号プレセダンヒルズ向島Ｅａｓｔ,2019-12-25,株式会社
株式会社ＶＩＢＬｉＳＳ,新潟県三条市新光町３１－１３ＳＡＫＵＲＡ２０３,2019-12-25,株式会社
株式会社ＷＧＪ千葉,千葉県船橋市二子町５３４番地２,2019-12-25,株式会社
株式会社ＷＩＬＬ　ＢＥ,千葉県茂原市茂原３３９番地２,2019-12-25,株式会社
株式会社Ｗｏｒｋ　ｌｉｆｅ　ｕｐ,福岡県福岡市城南区友泉亭１３番１８号セブンオークス１０３号,2019-12-25,株式会社
株式会社Ｙ’ｓダイニング,東京都渋谷区恵比寿南１丁目１０番１１号,2019-12-25,株式会社
株式会社ＹＨ,大阪府枚方市中宮山戸町１０番１２－２０７号,2019-12-25,株式会社
株式会社ＹＫカンパニー,静岡県浜松市中区千歳町５９番地の４タキザワビル１階,2019-12-25,株式会社
株式会社ＹＯＡＫＥ,東京都渋谷区神泉町１２番４号,2019-12-25,株式会社
株式会社ＺＯＮＥＣＴ,三重県津市柳山津興１４８８番地８,2019-12-25,株式会社
株式会社ＺＯＯ,鹿児島県鹿児島市田上台４丁目３６番２号,2019-12-25,株式会社
株式会社Ｚｅｎｋｕｒｉ,静岡県沼津市我入道蔓陀ケ原５１６番地の１６,2019-12-25,株式会社
株式会社ａｎ,山口県下関市丸山町３丁目８番１０号フェリオ・ラ・クオーレ３０１号,2019-12-25,株式会社
株式会社ｂｕｓｈｉｙａ,東京都港区六本木７丁目２１番７号,2019-12-25,株式会社
株式会社ｅｍｉｏｐｕｌｓｅ,東京都新宿区四谷１丁目１３－１５ＵＲＢＡＮＥＢＵＩＬＤＩＮＧＳＡＫＡＳ８Ｃ棟,2019-12-25,株式会社
株式会社ｆｏｘｃａｌｅ,東京都千代田区九段北１丁目７－３九段岡澤ビル５Ｆ,2019-12-25,株式会社
株式会社ｇｏｌｄｅｎ,広島県広島市東区中山南１丁目２０－３６,2019-12-25,株式会社
株式会社ｔａｔｅｒｕ,静岡県浜松市中区泉１丁目３０番９号,2019-12-25,株式会社
桜地所合同会社,茨城県石岡市小塙１８０,2019-12-25,合同会社
梵天閣合同会社,埼玉県川越市新明町１－１３２－１ラ・ルミエールＢ１０２,2019-12-25,合同会社
楽満ホーム株式会社,京都府京都市右京区太秦松本町２０番地２２,2019-12-25,株式会社
榊原産業医パートナーズ株式会社,東京都千代田区丸の内１丁目１番３号日本生命丸の内ガーデンタワー３階,2019-12-25,株式会社
樂安居株式会社,京都府京都市南区西九条院町２４番地の１２,2019-12-25,株式会社
汐留事業１８号合同会社,東京都港区東新橋１丁目９番１号,2019-12-25,合同会社
汐留事業１９号合同会社,東京都港区東新橋１丁目９番１号,2019-12-25,合同会社
汐留事業２０号株式会社,東京都港区東新橋１丁目９番１号,2019-12-25,株式会社
泰京国際株式会社,東京都中央区日本橋本町３丁目３番６号,2019-12-25,株式会社
特定非営利活動法人アーカイブ映像活用推進機構,埼玉県川口市元郷２丁目４番８－６０５号,2019-12-25,その他の設立登記法人
特定非営利活動法人ポラーノ・ポラーリ,鹿児島県鹿児島市中央町５番地１２トーカンマンション高見橋８０５号,2019-12-25,その他の設立登記法人
特定非営利活動法人京滋・モンゴル友好市民ネットワーク,滋賀県大津市浜大津４丁目１番１－１４０２号,2019-12-25,その他の設立登記法人
特定非営利活動法人ＷＩＴＨ　ＤＯＧ,和歌山県和歌山市朝日３２６番地７,2019-12-25,その他の設立登記法人
皓霆株式会社,千葉県習志野市谷津２丁目２２番２９－４０２号,2019-12-25,株式会社
相和都市開発株式会社,大阪府大阪市淀川区西中島６丁目７番１１号３階,2019-12-25,株式会社
真星ロジテム株式会社,大阪府泉南市男里７丁目２９番２５号,2019-12-25,株式会社
西子国際株式会社,埼玉県蕨市塚越２丁目３番３号グリーンマンション３０１号,2019-12-25,株式会社
説田メンテナンス株式会社,兵庫県明石市小久保３丁目１６－５－１０５,2019-12-25,株式会社
農事組合法人さくらい,岐阜県養老郡養老町桜井２９１番地,2019-12-25,その他の設立登記法人
金子電気株式会社,神奈川県茅ヶ崎市柳島１丁目２番４５号,2019-12-25,株式会社
頤海日本株式会社,東京都新宿区四谷２丁目８番８号,2019-12-25,株式会社
駿源産業株式会社,茨城県坂東市寺久１３４３番地１,2019-12-25,株式会社
ＡＢＣ合同会社,大阪府大阪市港区築港４丁目１１番１３号光信ビル２０２号室,2019-12-25,合同会社
ＡＤＧジャパン株式会社,千葉県市川市曽谷８丁目２番１３号,2019-12-25,株式会社
ＡＮＥＳ株式会社,岡山県倉敷市川西町１８番１１号,2019-12-25,株式会社
ＢＡＥ合同会社,千葉県船橋市湊町３丁目４番１０－３０３号,2019-12-25,合同会社
ＢＯＥＮ株式会社,京都府京都市下京区烏丸通仏光寺下る大政所町６８０－１第八長谷ビル２Ｆ,2019-12-25,株式会社
ＣＯＣＯ　ＬＵＣＥ株式会社,東京都文京区根津２丁目１４番９号,2019-12-25,株式会社
ＣＯＣＯＩＴ合同会社,埼玉県草加市住吉２丁目１０番４９号,2019-12-25,合同会社
Ｃｈａｎｇｅ　ｕｐ　ｐｒｏｄｕｃｅ合同会社,埼玉県桶川市西２丁目７番９号,2019-12-25,合同会社
Ｃｏｎｎｅｃｔｌｕｅ株式会社,東京都葛飾区西亀有４丁目３－８ＭＩＹＡＢＩ－Ａ,2019-12-25,株式会社
Ｃｕｃｕｒｉ合同会社,埼玉県加須市油井ケ島１３９３－１,2019-12-25,合同会社
ＤＡＮＴＯＲＵ　ＳＴＵＤＩＯ株式会社,東京都千代田区九段南１丁目５－６りそな九段ビル５ＦＫＳフロア,2019-12-25,株式会社
ＤＹＹ通商株式会社,千葉県柏市大島田５８６番地１,2019-12-25,株式会社
Ｅ．Ｌ．Ｆ．合同会社,埼玉県さいたま市緑区大字三室字中原前７８番５,2019-12-25,合同会社
ＦＫ建築株式会社,兵庫県神戸市須磨区堀池町１丁目１番７号,2019-12-25,株式会社
ＨＥＩＷＡ株式会社,東京都港区南青山３丁目１４番１２号,2019-12-25,株式会社
ＩＤＴ株式会社,神奈川県川崎市川崎区日進町１－１４,2019-12-25,株式会社
ＪＦＤ　ＧＬＯＢＡＬ株式会社,埼玉県草加市栄町１丁目８番１－６０８号,2019-12-25,株式会社
Ｋｇビジネスサポート株式会社,三重県亀山市山下町４７８番地,2019-12-25,株式会社
ＬＡＧＩ合同会社,東京都新宿区大久保３丁目８番３－３３０８号,2019-12-25,合同会社
Ｌｉｎｋｓ　Ａｒｔ合同会社,東京都江戸川区北葛西４丁目１番２９号,2019-12-25,合同会社
Ｍ．Ａ．Ｍ　ＬＡＮＫＡ　ＥＮＴＥＲＰＲＩＳＥＳ合同会社,栃木県足利市大前町５１４番地１－１０１,2019-12-25,合同会社
ＭＫ　ＥＮＴＥＲＰＲＩＳＥ合同会社,埼玉県川口市芝富士１丁目３番１７号（アレックス富１０１）,2019-12-25,合同会社
ＭＫ　ｐｌａｎｎｉｎｇ合同会社,東京都港区高輪３丁目１１番８－５０２号,2019-12-25,合同会社
ＮＡＮＥ　ＧＯＵＲＭＥＴ株式会社,東京都府中市押立町１丁目２４番地の１車返団地２－２－２０１,2019-12-25,株式会社
ＮＣＯ　ｓｈｉｇａ合同会社,滋賀県大津市萱野浦５番６号,2019-12-25,合同会社
ＮＯＷ　ＯＲ　ＮＥＶＥＲ合同会社,愛知県名古屋市中村区太閤１丁目１９番６２号,2019-12-25,合同会社
ＮＰＯ法人みんなの職場研究会,福岡県北九州市戸畑区天神１丁目１番２８－２０４号,2019-12-25,その他の設立登記法人
ＮＶＡ株式会社,東京都新宿区西新宿７丁目２１番１号,2019-12-25,株式会社
Ｐｅｒｆｏｒｍａｎｃｅ　Ｅｎｈａｎｃｅｍｅｎｔ　Ｉｎｓｔｉｔｕｔｅ合同会社,東京都練馬区富士見台４丁目１番２４号マカナップルⅡ１０１,2019-12-25,合同会社
Ｒ．Ａ．Ｙ株式会社,東京都港区芝浦１丁目４番１号芝浦ＳＦビル７階,2019-12-25,株式会社
ＳＡＤＯＵホテルマネジメント合同会社,東京都文京区千駄木３丁目２８番９号Ｂ７０１号,2019-12-25,合同会社
ＳＣＯＭインキュベート株式会社,沖縄県浦添市牧港４丁目１１番３号おきでん牧港ビル３Ｆ,2019-12-25,株式会社
ＳＥＲＥＮＤＩ　ＪＰ株式会社,東京都渋谷区東１丁目６番地７,2019-12-25,株式会社
ＳＧ　ＨＯＲＩＵＣＨＩ株式会社,福岡県久留米市東町３１－８,2019-12-25,株式会社
ＳＧＣ設立準備株式会社,東京都中央区銀座８丁目４番１７号,2019-12-25,株式会社
Ｓａｚａｎｋａ合同会社,東京都新宿区築地町１番地１,2019-12-25,合同会社
Ｓｕｎｎｙ　Ｓｍｉｌｅ株式会社,東京都葛飾区亀有３丁目２６番２－８０１号リリオ壱番館,2019-12-25,株式会社
Ｓｕｐｅｒｕｓｅｒ株式会社,東京都千代田区神田須田町２丁目２５番地ＧＹＢ秋葉原ビル４Ｆ／５Ｆ,2019-12-25,株式会社
ＴｏｎｇＭｉｎｇ株式会社,東京都中央区日本橋堀留町２丁目８番５号,2019-12-25,株式会社
ＶＧ　Ｃａｐｉｔａｌ　Ｊａｐａｎ株式会社,東京都港区虎ノ門４丁目３番２０号,2019-12-25,株式会社
Ｗｏｒｌｄ　Ｓｏｌｖｉｎｇ合同会社,千葉県柏市旭町３丁目３－３０グランビューコート柏３０１,2019-12-25,合同会社
ＸＹＺ株式会社,愛知県名古屋市中区大須４丁目１０番３２号,2019-12-25,株式会社
ＹＯＮＴＨ　Ｅｎｔｅｒｔａｉｎｍｅｎｔ株式会社,東京都港区西麻布３丁目１３－２１,2019-12-25,株式会社
ＺＵＮ　ＺＵＮ　ＳＴＯＲＥ株式会社,大阪府大阪市浪速区大国２丁目１０番７号シャンクレール大国２０３号,2019-12-25,株式会社
ｃｌｏｌｉｎｅ株式会社,東京都世田谷区東玉川２丁目３３番１５号,2019-12-25,株式会社
ｅｎｉａｒｃ株式会社,東京都台東区上野３丁目１４番２号,2019-12-25,株式会社
ｉＫＥＺＯ株式会社,愛知県豊橋市飯村南２丁目８番地６,2019-12-25,株式会社
ｋｏｔｏａｇｅ株式会社,東京都千代田区九段南１丁目５－６りそな九段ビル５階ＫＳフロア,2019-12-25,株式会社
あんしんレンタリース株式会社,福岡県北九州市小倉北区萩崎町８番３１号,2019-12-26,株式会社
いちぜん合同会社,熊本県菊池市隈府１７５６番地５,2019-12-26,合同会社
かしはらアクアテック株式会社,奈良県橿原市東竹田町１４８番地の１,2019-12-26,株式会社
さがみや書店株式会社,神奈川県横浜市中区万代町２丁目４番地１,2019-12-26,株式会社
てがきらぼ合同会社,東京都渋谷区恵比寿西２丁目１７番８号,2019-12-26,合同会社
アトレファームジャパン株式会社,岐阜県山県市出戸２４３番地,2019-12-26,株式会社
アドヴァンスド・ハイドロ・エネルギー株式会社,東京都北区西ケ原１丁目４８番３号,2019-12-26,株式会社
アルファバスジャパン株式会社,東京都港区西新橋３丁目１２番１０号,2019-12-26,株式会社
アレッヂ株式会社,東京都国立市谷保７１５０番地の１５プレビオ国立１Ｆ,2019-12-26,株式会社
アンサング株式会社,大阪府大阪市北区梅田２丁目２－２ヒルトンプラザウエストオフィスタワー１９階,2019-12-26,株式会社
アームコンサルティング株式会社,京都府京都市西京区川島東代町３番地,2019-12-26,株式会社
イオンネクスト準備株式会社,千葉県千葉市美浜区中瀬１丁目５番地１,2019-12-26,株式会社
エネルギー・コネクト・サービス株式会社,石川県金沢市間明町１丁目１２９番地,2019-12-26,株式会社
エルブイアール・グローバルパートナーズ株式会社,東京都港区赤坂１丁目３番５号,2019-12-26,株式会社
エンパシー合同会社,東京都港区浜松町２丁目２番１５号浜松町ダイヤビル２Ｆ,2019-12-26,合同会社
エンライズソリューション株式会社,東京都渋谷区代々木１丁目４３番７号,2019-12-26,株式会社
オートテックコーポレーション株式会社,愛媛県松山市土居町８００番地,2019-12-26,株式会社
クリスタルハナ株式会社,神奈川県相模原市南区相模大野７丁目１番３号西ごうりプラザ８階,2019-12-26,株式会社
グリン設計株式会社,島根県益田市喜阿弥町イ１００８番地,2019-12-26,株式会社
グー・リッチ株式会社,大阪府泉大津市東雲町１４番４０号,2019-12-26,株式会社
ジェイプロ合同会社,東京都世田谷区駒沢２丁目３４番２号,2019-12-26,合同会社
スマイルスペース株式会社,北海道札幌市中央区大通西１２丁目４番地,2019-12-26,株式会社
デジタルトリガー株式会社,東京都目黒区目黒３丁目１番１９－４０５号ガーデンフォート目黒,2019-12-26,株式会社
デリシャスケア．オフィス株式会社,大分県別府市石垣西５丁目２番１７号,2019-12-26,株式会社
トライ合同会社,岡山県岡山市北区京橋町７番１６－１０１号,2019-12-26,合同会社
トラモ株式会社,東京都中央区京橋２丁目１２番２号,2019-12-26,株式会社
トータルプランニング合同会社,千葉県市川市塩焼２丁目２番７７号ハイツオークフィールド３０１,2019-12-26,合同会社
ドリームキャッチ株式会社,東京都中野区弥生町１丁目４８番５号,2019-12-26,株式会社
ドローンチェック株式会社,福岡県福岡市中央区舞鶴３丁目７番１３号,2019-12-26,株式会社
ニュー・クーキー株式会社,群馬県前橋市山王町２丁目６番３－１０２号,2019-12-26,株式会社
ハーモニー・ヘルシー株式会社,東京都足立区佐野１丁目１９番３－２０３号,2019-12-26,株式会社
バークジャパン株式会社,埼玉県さいたま市大宮区宮町１丁目５番地銀座ビル６階,2019-12-26,株式会社
フレッシュタイム福岡株式会社,福岡県糸島市志摩小金丸１９４６－４,2019-12-26,株式会社
ブラックシェルフ株式会社,東京都大田区蒲田３丁目１９番４－７０５号,2019-12-26,株式会社
ブランニュー株式会社,千葉県南房総市白浜町乙浜４７１番地７９,2019-12-26,株式会社
ブレエノワ合同会社,埼玉県和光市下新倉３丁目２０番５３号,2019-12-26,合同会社
ミナミタネ合同会社,熊本県熊本市中央区新市街５番２号,2019-12-26,合同会社
ユーアンドミー株式会社,群馬県高崎市下小鳥町５１番地１,2019-12-26,株式会社
ラビットアーツ合同会社,東京都江東区豊洲１丁目２番３９－６０２号,2019-12-26,合同会社
リアルエステート合同会社,東京都中野区南台５丁目２０番５－３１１号,2019-12-26,合同会社
ロータス合同会社,東京都中央区銀座１丁目６番１１号アースタックス税理士法人内,2019-12-26,合同会社
一般社団法人ノース・マウンテン,東京都港区元赤坂１丁目１番７号,2019-12-26,その他の設立登記法人
一般社団法人ライフアライブ,東京都渋谷区渋谷４丁目３番１０号,2019-12-26,その他の設立登記法人
一般社団法人世界平和人道支援基金会,東京都足立区東和３丁目７番８－１０１号,2019-12-26,その他の設立登記法人
一般社団法人信頼醸成委員会,東京都千代田区永田町２丁目１７番３号７０２,2019-12-26,その他の設立登記法人
一般社団法人国際医療通訳協会,栃木県宇都宮市駅前通り３丁目５番２７号宇都宮フォーラムズ３０３号室,2019-12-26,その他の設立登記法人
一般社団法人日本アレルギー克服米普及協会,東京都港区西新橋３丁目２５番８号,2019-12-26,その他の設立登記法人
一般社団法人日本ラッシュアーティスト協会,東京都江戸川区西葛西７丁目３番１０号,2019-12-26,その他の設立登記法人
一般社団法人日本心血管画像動態学会,大阪府大阪市北区豊崎３丁目１９番３号ＰＩＡＳＴＯＷＥＲ１１Ｆ,2019-12-26,その他の設立登記法人
一般社団法人日本昔ばなし協会,東京都大田区南馬込５丁目１９番３号,2019-12-26,その他の設立登記法人
一般社団法人日本賑い観光協会,大阪府堺市堺区竜神橋町２丁１５番３号魚国ビル３階,2019-12-26,その他の設立登記法人
一般社団法人次世代移動支援技術開発コンソーシアム,東京都中央区日本橋箱崎町１９番２１号日本アイ・ビー・エム株式会社内,2019-12-26,その他の設立登記法人
一般社団法人藤沢駅周辺地区エリアマネジメント,神奈川県藤沢市藤沢６０７番地の１,2019-12-26,その他の設立登記法人
一般社団法人親子の絆をはぐくむ子育てラボ,大阪府大阪市福島区大開１丁目９番１３号エスポワール野田阪神１Ｆ,2019-12-26,その他の設立登記法人
一般社団法人関東消化器内視鏡技師会,茨城県古河市三和１２６番地４,2019-12-26,その他の設立登記法人
一般社団法人ＡＴネットワーク,東京都世田谷区上用賀１丁目７番１２号,2019-12-26,その他の設立登記法人
一般社団法人ＵＰ　ＨＯＭＥ　ＷＯＲＫｓ,鹿児島県大島郡知名町大字下平川３９５番地４,2019-12-26,その他の設立登記法人
一般社団法人ｅｎ－ｃｒａｆｔ,北海道札幌市中央区南四条西６丁目８番地晴ばれビル,2019-12-26,その他の設立登記法人
一般財団法人２１世紀のルネッサンス,愛媛県松山市石手５丁目３番２号,2019-12-26,その他の設立登記法人
三上合同会社,神奈川県横浜市保土ケ谷区権太坂１丁目３番５号,2019-12-26,合同会社
上信緑化セイフティ株式会社,群馬県安中市安中５３５１番地２,2019-12-26,株式会社
井上不動産株式会社,兵庫県神戸市中央区生田町１丁目１番２２号ニッシンビル６Ｆ,2019-12-26,株式会社
伯英ホールディングス株式会社,福岡県福岡市早良区室見１丁目１２番７号,2019-12-26,株式会社
北岡商事株式会社,東京都大田区東雪谷４丁目９番１５号,2019-12-26,株式会社
医療法人アオキ歯科,愛知県長久手市山桶２１４番地,2019-12-26,その他の設立登記法人
医療法人エコル,愛知県名古屋市緑区桶狭間森前２０２グリーンパレス清水山１階,2019-12-26,その他の設立登記法人
医療法人慶雅会,愛知県春日井市穴橋町２丁目１２番地１３,2019-12-26,その他の設立登記法人
医療法人羽賀クリニック,愛知県愛西市西保町堤外新田３５１４番地１,2019-12-26,その他の設立登記法人
医療法人翡翠会,福岡県北九州市小倉南区朽網西５丁目４番６号,2019-12-26,その他の設立登記法人
協同組合和歌山県鉄筋技能士会,和歌山県和歌山市岩橋９４６番地の１２,2019-12-26,その他の設立登記法人
協同組合ＣＣＬ,大阪府堺市南区和田東３２９番２,2019-12-26,その他の設立登記法人
合同会社あんず,東京都世田谷区深沢４丁目３３－２,2019-12-26,合同会社
合同会社えん,神奈川県横須賀市津久井３丁目１９番３０号ルピナス１０１,2019-12-26,合同会社
合同会社からこの里,長崎県佐世保市三川内町８４１番地,2019-12-26,合同会社
合同会社たわら商会,北海道紋別市落石町３丁目２３番地４３,2019-12-26,合同会社
合同会社まるま通信,宮崎県宮崎市小松台東１丁目１１番地１８,2019-12-26,合同会社
合同会社アイエフジーリーシング,東京都千代田区神田三崎町３丁目３番２３号,2019-12-26,合同会社
合同会社アクエリアス,東京都中央区日本橋馬喰町１丁目５番１０号林ビル４階,2019-12-26,合同会社
合同会社アストピアＫＡＧＡＲＩ,広島県福山市奈良津町２丁目８－２８,2019-12-26,合同会社
合同会社アナリーゼ,長野県長野市吉田４丁目１３番１－６０４号,2019-12-26,合同会社
合同会社イニジオ,北海道札幌市豊平区西岡五条１３丁目１５番１２号,2019-12-26,合同会社
合同会社エスオー,東京都台東区上野３丁目４番１号,2019-12-26,合同会社
合同会社クロスリンク,神奈川県横浜市泉区岡津町２５６５番地３,2019-12-26,合同会社
合同会社グリーン,長崎県東彼杵郡川棚町白石郷９４７番地２１,2019-12-26,合同会社
合同会社ゲッツ,東京都北区滝野川５丁目３８番４－１３０３号スパシエレジデンスファースト,2019-12-26,合同会社
合同会社サイン,青森県三戸郡階上町大字角柄折字東平４番地８５,2019-12-26,合同会社
合同会社サクプレ,兵庫県姫路市車崎１丁目２－９エバーグリーン今宿Ｂ棟,2019-12-26,合同会社
合同会社サーティナイン２１,北海道札幌市西区八軒一条東２丁目２番３５－２０２号,2019-12-26,合同会社
合同会社シュクレ,岡山県倉敷市玉島黒崎１８５３番地２,2019-12-26,合同会社
合同会社スリーアップ,千葉県君津市大野台４２０番地２,2019-12-26,合同会社
合同会社セカンド,東京都中野区中野３丁目３４番３２－６０３号,2019-12-26,合同会社
合同会社トライアングル,東京都中野区野方１丁目５１番１１号サザンクロス１０２,2019-12-26,合同会社
合同会社ノース・マウンテン,東京都港区元赤坂１丁目１番７号,2019-12-26,合同会社
合同会社バスクロンジェニックス,滋賀県長浜市田村町１２８１－８,2019-12-26,合同会社
合同会社フレンドリー北海道,北海道札幌市東区東苗穂十二条１丁目８番１３号,2019-12-26,合同会社
合同会社ホサイン・テック,神奈川県川崎市川崎区日ノ出２丁目１６番１７号,2019-12-26,合同会社
合同会社マルホシ有志漁業,北海道寿都郡寿都町字歌棄町有戸１８２番地１,2019-12-26,合同会社
合同会社ムーンセル,山梨県南都留郡富士河口湖町船津４３１０番地,2019-12-26,合同会社
合同会社レセンザ,東京都台東区台東３丁目４４番６－６０１号スカイノブレ御徒町,2019-12-26,合同会社
合同会社レナードエステート,鹿児島県鹿児島市東郡元町９番２７－４０５号,2019-12-26,合同会社
合同会社三葉つつじ,東京都東村山市久米川町２丁目３０番地２５,2019-12-26,合同会社
合同会社三鈴,大阪府大阪市天王寺区堂ケ芝１丁目１０番４号,2019-12-26,合同会社
合同会社住まいるエブリ,岐阜県本巣市石神２８８番地６,2019-12-26,合同会社
合同会社吉田ＬＡＢ,鹿児島県大島郡徳之島町亀津１２５７番地４菊永アパート１０１号,2019-12-26,合同会社
合同会社小樽ソフトウエア,北海道小樽市長橋１丁目１５番１１６号長橋グランドハイツ,2019-12-26,合同会社
合同会社支良洲工業,静岡県富士市伝法２７７７番地の６,2019-12-26,合同会社
合同会社早坂アプレイザル,埼玉県さいたま市浦和区本太４丁目８番１１－５０１号,2019-12-26,合同会社
合同会社白水,福岡県宗像市自由ヶ丘４丁目２番地３０,2019-12-26,合同会社
合同会社眞企画,長野県松本市寿南１丁目３０番５号,2019-12-26,合同会社
合同会社縁,埼玉県所沢市緑町４丁目３番１３号パサデ新所沢１Ｆ,2019-12-26,合同会社
合同会社縁ｐａｔｈｙ,大阪府大阪市東淀川区豊里５丁目２０番２４－１０２号,2019-12-26,合同会社
合同会社誼産商榧木,奈良県奈良市古市町１６５１番地,2019-12-26,合同会社
合同会社黒﨑,東京都江戸川区西瑞江３丁目３０番地,2019-12-26,合同会社
合同会社１ｃａｍ　ｓｏｕｌ,東京都三鷹市大沢５丁目２番３２号,2019-12-26,合同会社
合同会社４ＴＲＥＥ,福岡県春日市昇町６丁目１１７番地３０３号,2019-12-26,合同会社
合同会社ＡＰ１,千葉県千葉市中央区新田町３５－８山本ビル２０５号室,2019-12-26,合同会社
合同会社Ａｖａｎｚａｒｅ,北海道札幌市南区石山一条６丁目１５番１４号ＭＡレジデンス２０１号,2019-12-26,合同会社
合同会社ＢＥＡＮＺ,東京都日野市大字石田３１７－１０,2019-12-26,合同会社
合同会社Ｂｏｄｙ　ｉｎｎｏｖａｔｉｏｎ,大阪府大阪市生野区田島５丁目１３番３７号,2019-12-26,合同会社
合同会社ＣＮＦＬＤ,東京都渋谷区神泉町８－１鈴屋ビルＢ１Ｆ,2019-12-26,合同会社
合同会社Ｃｅｎｔｒａｌ　Ｂｉｚ　Ｉｎｔｅｒｎａｔｉｏｎａｌ,東京都新宿区新宿２丁目１２番１３号新宿アントレサロンビル２階,2019-12-26,合同会社
合同会社Ｆｕｉｓｅ,宮城県仙台市宮城野区小田原１丁目８番３４号２０１,2019-12-26,合同会社
合同会社ＧＡＰインターナショナル,千葉県八千代市米本１０９８番地１－Ａ,2019-12-26,合同会社
合同会社ＧＫ０２７,東京都港区虎ノ門３丁目２２番１０－２０１号,2019-12-26,合同会社
合同会社ＧＫ０２８,東京都港区虎ノ門３丁目２２番１０－２０１号,2019-12-26,合同会社
合同会社Ｈ２,秋田県秋田市八橋本町５丁目８－３１　２階,2019-12-26,合同会社
合同会社Ｈａｎａ　Ｃｏｎｔａｃｔ,北海道札幌市豊平区中の島一条２丁目２番４号,2019-12-26,合同会社
合同会社Ｈｏｈｅｒ　Ｍｏｎｄ,大阪府藤井寺市春日丘３丁目４番１３号,2019-12-26,合同会社
合同会社Ｊ＆Ｙ,岐阜県岐阜市琴塚２丁目１５番１２号エルムハウス１０１号室,2019-12-26,合同会社
合同会社Ｊ３,東京都中野区東中野４丁目２５番５－５０２号,2019-12-26,合同会社
合同会社ＫＥＮ・Ｃｏｍｐａｎｙ,北海道函館市石川町３４４番地１６,2019-12-26,合同会社
合同会社ＫＴＳ,北海道札幌市東区北九条東１１丁目１番３４号,2019-12-26,合同会社
合同会社ＫＵＫＵＮＡ,東京都世田谷区奥沢８丁目１番２１号,2019-12-26,合同会社
合同会社Ｌａ．Ｂｅａｔ,大阪府大阪市平野区喜連５丁目５番３５号,2019-12-26,合同会社
合同会社Ｍ・Ｆ・Ｋ,東京都新宿区下落合３丁目１７番４０－２０２号,2019-12-26,合同会社
合同会社ＭＡＲＫＴ,東京都杉並区成田東５丁目３番２７号,2019-12-26,合同会社
合同会社ＭＥＳＥ,鹿児島県霧島市国分野口町１番３０号,2019-12-26,合同会社
合同会社ＰＥＲＶ,東京都世田谷区松原１丁目５０番１５号ルポー松原３０２,2019-12-26,合同会社
合同会社ＰＬＡＮＴ,埼玉県所沢市日吉町９－１９福井第１ビル２Ｆ,2019-12-26,合同会社
合同会社ＲＥＳ,京都府長岡京市長岡２丁目３番２４号,2019-12-26,合同会社
合同会社Ｒｅｉｋｏ　Ｌａｂｓ,東京都世田谷区弦巻３丁目２４番１５号,2019-12-26,合同会社
合同会社Ｒｉｃｃｏ,愛媛県八幡浜市古町１丁目６番２号,2019-12-26,合同会社
合同会社ＳＦＫ,群馬県富岡市富岡１７２５番地８,2019-12-26,合同会社
合同会社ＳＳＫ,北海道札幌市中央区南九条西１１丁目２番３－１０２号,2019-12-26,合同会社
合同会社ＳｔａｒｓＰａｉｎｔ,東京都板橋区中台１丁目３６－５,2019-12-26,合同会社
合同会社ＴＧ,東京都新宿区歌舞伎町２丁目１４番８号メトロプラザ・２ビル地下１階ＤＥ室,2019-12-26,合同会社
合同会社ＴＩ,東京都港区南青山４丁目１５番３－４０１号,2019-12-26,合同会社
合同会社ＷＡＫＡＭＵＲＡ　ＩＮＴＥＲＮＡＴＩＯＮＡＬ　ＧＲＯＵＰ,東京都世田谷区駒沢５丁目２６番７号,2019-12-26,合同会社
合同会社Ｗｉｚａｒｄｒｙ,大阪府大阪市北区梅田１丁目２番２号大阪駅前第２ビル２階５－６号室,2019-12-26,合同会社
合同会社ＹＵＭＥＫＡＮＡＩ,滋賀県守山市勝部４丁目３－１１マイリーアン１階１０３号室,2019-12-26,合同会社
合同会社ｂｅｓｉｄｅ　ｙｏｕ,東京都渋谷区渋谷２丁目２４番１２号渋谷スクランブルスクエア３９Ｆ,2019-12-26,合同会社
合同会社ｃｏｔｏｃｏｔｏ,沖縄県島尻郡久米島町字比嘉２８４２番地２,2019-12-26,合同会社
合同会社ｉ　ｄｉｒｅｃｔｉｏｎ,北海道函館市万代町１番２３号リエット２０２号室,2019-12-26,合同会社
合同会社ｍｉｘ,東京都千代田区平河町１丁目６番１５号ＵＳビル８Ｆ,2019-12-26,合同会社
合同会社ｐａｎ　ｃｏｍｐａｎｙ,岡山県岡山市東区金岡西町１１０２番地,2019-12-26,合同会社
合名会社仮屋建材,岐阜県岐阜市太郎丸諏訪６３番地,2019-12-26,合名会社
品川Ｅ＆Ｍ合同会社,東京都文京区本郷１丁目１１番１４号,2019-12-26,合同会社
大創東勝株式会社,東京都中央区湊３丁目５番７－１００５号,2019-12-26,株式会社
大和国際株式会社,東京都中央区新川１丁目２５番９号,2019-12-26,株式会社
大平木工合同会社,福岡県糟屋郡須惠町大字旅石８９１－４,2019-12-26,合同会社
大真商事株式会社,大阪府摂津市三島３丁目１６番２８－４Ｂ号,2019-12-26,株式会社
大阪商事ホールディングス株式会社,大阪府大阪市北区南森町２丁目２番２号南森町千代田ビル,2019-12-26,株式会社
安林墅株式会社,千葉県市川市曽谷７丁目２４番３号,2019-12-26,株式会社
宏翔合同会社,東京都中野区沼袋４丁目３１番１号,2019-12-26,合同会社
小島建設合同会社,東京都町田市小野路町１２１４番地２,2019-12-26,合同会社
小川観光株式会社,北海道川上郡弟子屈町川湯温泉２丁目７番１号,2019-12-26,株式会社
小田原市一般廃棄物収集運搬業協同組合,神奈川県小田原市蓮正寺７７４番地の１,2019-12-26,その他の設立登記法人
山形大沼株式会社,山形県山形市七日町１丁目２番３０号,2019-12-26,株式会社
島田ホールディングス株式会社,東京都中央区日本橋小伝馬町１６番２号,2019-12-26,株式会社
川崎商店株式会社,神奈川県川崎市多摩区登戸２３４９番３－４０２号,2019-12-26,株式会社
市谷運輸株式会社,和歌山県橋本市北馬場７番地の５,2019-12-26,株式会社
店舗情報サービス株式会社,東京都中央区日本橋兜町１７番２号兜町第６葉山ビル４階,2019-12-26,株式会社
日和株式会社,神奈川県横浜市中区宮川町２丁目４０番地,2019-12-26,株式会社
昇和地所株式会社,東京都新宿区四谷４丁目３０番２３号ビルド吉田７０４号室,2019-12-26,株式会社
明段舎株式会社,京都府京都市左京区修学院川尻町３番地１５,2019-12-26,株式会社
東京商会株式会社,神奈川県藤沢市西俣野９７２番地,2019-12-26,株式会社
東昇ペイント株式会社,静岡県静岡市葵区瀬名川１丁目３２番３０号アメニティ１階,2019-12-26,株式会社
東洋システム株式会社,東京都台東区三筋１丁目１２番５,2019-12-26,株式会社
東洋スライダーズ株式会社,東京都港区南青山５丁目３番２４号ＹＳハウス３階,2019-12-26,株式会社
株式会社あすか,京都府宇治市小倉町西浦２７番地の３２,2019-12-26,株式会社
株式会社しき,奈良県大和郡山市西岡町４番１９号,2019-12-26,株式会社
株式会社しろくま,東京都新宿区西新宿７丁目７番３３号新銘ビル３Ｆ,2019-12-26,株式会社
株式会社その先へ,東京都港区元赤坂１丁目２番１７号赤坂Ｋタワーレジデンス２９０２,2019-12-26,株式会社
株式会社たいようの愛,和歌山県和歌山市北出島１０番地５,2019-12-26,株式会社
株式会社たしまや,神奈川県横浜市神奈川区泉町１３番地１フロントフィールド横浜反町５０２号,2019-12-26,株式会社
株式会社はぐくみハーモニー,鹿児島県鹿児島市光山１丁目１２番７２号,2019-12-26,株式会社
株式会社ひなた,兵庫県尼崎市東難波町２丁目５番１６号,2019-12-26,株式会社
株式会社まいらいふ,大阪府阪南市舞２丁目１８番８号,2019-12-26,株式会社
株式会社みらい,大阪府摂津市鶴野２丁目７番２０号シャトーサンライズ１０５号,2019-12-26,株式会社
株式会社やすらぎ倶楽部,栃木県足利市永楽町９番地７,2019-12-26,株式会社
株式会社よろずや,東京都世田谷区梅丘１丁目４５番２号ヒルサイドプラム１０２,2019-12-26,株式会社
株式会社アクセス・ジャパンホールディングス,福岡県筑後市大字長浜２０９０番地７,2019-12-26,株式会社
株式会社アグアクト,岡山県玉野市八浜町波知２１６０番地９１,2019-12-26,株式会社
株式会社アスキーム,東京都昭島市美堀町２丁目１番７号プリマヴェーラ２０５,2019-12-26,株式会社
株式会社アテンド倶楽部,埼玉県坂戸市関間４丁目４番３９号,2019-12-26,株式会社
株式会社アニバーサリー,東京都中央区晴海１丁目６番１号,2019-12-26,株式会社
株式会社アルティス分割準備会社,東京都港区六本木３丁目１６番３３号,2019-12-26,株式会社
株式会社アルファステンレス工業,埼玉県川口市大字峯８１８番地の１２,2019-12-26,株式会社
株式会社アレクシア,兵庫県神戸市西区桜が丘西町３丁目５番地の６,2019-12-26,株式会社
株式会社アース・スチズン,秋田県大仙市四ツ屋字草刈野上川原１１０番地１,2019-12-26,株式会社
株式会社インテロバング,東京都台東区下谷２丁目２２番８,2019-12-26,株式会社
株式会社イーエム総研,東京都武蔵野市境３丁目１番１０号,2019-12-26,株式会社
株式会社ウェルスミー,東京都目黒区中目黒５丁目１番１５号目黒酒販会館４０３,2019-12-26,株式会社
株式会社エスエムイー,東京都目黒区目黒４丁目９番３号,2019-12-26,株式会社
株式会社エスティ,埼玉県川口市北園町３４－１５ニューライフ和光１Ｆ,2019-12-26,株式会社
株式会社エナジーコンシェルジュ,東京都千代田区麹町３丁目１２－５,2019-12-26,株式会社
株式会社エフ・エムＡｕｔｏ,栃木県宇都宮市新里町乙８９３番地５,2019-12-26,株式会社
株式会社エミネンスプランニング,東京都目黒区目黒４丁目１４番３３号エミネンス目黒３Ｆ,2019-12-26,株式会社
株式会社オーエヌ,茨城県土浦市神立町３６２８番地４中川住宅１号棟,2019-12-26,株式会社
株式会社カタカナタナカ,三重県四日市市大井手３丁目２番１２号,2019-12-26,株式会社
株式会社カルティベ,岩手県盛岡市上田１丁目１０番２０号３０３,2019-12-26,株式会社
株式会社クレセントジャパン,兵庫県三田市けやき台５丁目２１番地２２,2019-12-26,株式会社
株式会社グーフィー,東京都千代田区飯田橋１丁目７番４号,2019-12-26,株式会社
株式会社コアラボ,北海道室蘭市中島町１丁目１２番８号,2019-12-26,株式会社
株式会社サステナブル建築研究所,熊本県熊本市北区龍田３丁目２９番３号,2019-12-26,株式会社
株式会社サークルグロウ・エス,東京都江戸川区東瑞江１丁目７番７号,2019-12-26,株式会社
株式会社サーチライトピーチコンサルティング,東京都新宿区西新宿７丁目４番７号イマス浜田ビル５階,2019-12-26,株式会社
株式会社シトラス,大阪府大阪市港区弁天４丁目６番２１－４０３号,2019-12-26,株式会社
株式会社シトラスバード,熊本県熊本市中央区上通町７番１４－１００１号プレミスト上通,2019-12-26,株式会社
株式会社シビラコンサルティンググループ,岡山県岡山市北区今岡２４番地２,2019-12-26,株式会社
株式会社ジャスピルパイオン,山口県萩市大字川島３５８番地１,2019-12-26,株式会社
株式会社スケール,東京都目黒区上目黒３丁目４３番１２号,2019-12-26,株式会社
株式会社セラーエージェンシー,埼玉県さいたま市緑区美園５丁目６番地４,2019-12-26,株式会社
株式会社ソンリサ,東京都大田区蒲田３丁目１７番１２号束田ビル１０３,2019-12-26,株式会社
株式会社タイヨー,兵庫県尼崎市水堂町３丁目１５番１９号,2019-12-26,株式会社
株式会社ダイエーホーム,長崎県西彼杵郡時津町西時津郷８８１番地６,2019-12-26,株式会社
株式会社ダイサン,北海道札幌市西区琴似一条３丁目３番２８号琴似１・３ビル１階,2019-12-26,株式会社
株式会社チップアンドルーカス,東京都品川区荏原２丁目１番４号ディームズ品川戸越３０１号室,2019-12-26,株式会社
株式会社テクシアエンジニアリング,静岡県静岡市清水区相生町６番１７号,2019-12-26,株式会社
株式会社テラス１,東京都中央区京橋３丁目１２番７号,2019-12-26,株式会社
株式会社ディア・フォロン,福岡県福岡市南区柳河内１丁目２番２号,2019-12-26,株式会社
株式会社ディール,大阪府大東市川中新町２７番４０７号,2019-12-26,株式会社
株式会社トヨダ,東京都江戸川区中葛西５丁目３３番１１号,2019-12-26,株式会社
株式会社ドットアイ,宮城県仙台市青葉区中山台３丁目１６番地の２,2019-12-26,株式会社
株式会社ナイアー,神奈川県厚木市森の里２丁目２８番１６号,2019-12-26,株式会社
株式会社ハイビスデザイン,群馬県館林市青柳町１０２７－１０,2019-12-26,株式会社
株式会社ハニークロス,鳥取県米子市西福原５丁目４番６号,2019-12-26,株式会社
株式会社ハマルク,京都府京都市伏見区竹田真幡木町１３７番地コーショーイン・竹田３０１,2019-12-26,株式会社
株式会社ハンズウェル,鹿児島県日置市吹上町小野１２１２番地,2019-12-26,株式会社
株式会社バウムフェルト,和歌山県和歌山市薬勝寺３６６番地,2019-12-26,株式会社
株式会社フォースライフ,福岡県福岡市博多区西春町４丁目５番８－３０２号,2019-12-26,株式会社
株式会社フルレット,東京都北区赤羽３丁目２８番２３号,2019-12-26,株式会社
株式会社フロッシュハウス,千葉県松戸市小金原４丁目１１番地の５,2019-12-26,株式会社
株式会社ブリッジワン,群馬県前橋市西大室町６７２番地,2019-12-26,株式会社
株式会社プラス,大阪府堺市中区深井中町８９０番地１９－２０１号,2019-12-26,株式会社
株式会社プラスワン,青森県弘前市大字外崎５丁目２番地７,2019-12-26,株式会社
株式会社プラントエンジニアリングオフィスヤマダ,東京都足立区新田３丁目３５番ハートアイランド三番街２１－６０８,2019-12-26,株式会社
株式会社プログレス,和歌山県和歌山市美園町５丁目７番地４テン・ビル５Ｂ,2019-12-26,株式会社
株式会社ペチュラＡＫ,東京都港区南青山１丁目７番１２号,2019-12-26,株式会社
株式会社ホース,東京都小平市大沼町１丁目２番１－１１０号,2019-12-26,株式会社
株式会社ホームチームＺ,埼玉県越谷市大間野町５丁目１１２４番地３,2019-12-26,株式会社
株式会社ボックスファイ,東京都中野区弥生町６丁目１０番１１号,2019-12-26,株式会社
株式会社マッチングメーカー,神奈川県横浜市港南区日野４丁目１番３２－４０６号,2019-12-26,株式会社
株式会社ミントコンディション,東京都千代田区神田司町２丁目１３番,2019-12-26,株式会社
株式会社モルタン,三重県三重郡川越町大字高松５９５番地,2019-12-26,株式会社
株式会社ラマナ,静岡県浜松市中区田町３３０番地の１マビーセブンビル７階,2019-12-26,株式会社
株式会社リアン,神奈川県藤沢市石川４丁目２番地の９ラフィーネ藤沢１０１,2019-12-26,株式会社
株式会社リバティ,埼玉県さいたま市浦和区針ヶ谷３丁目６番２号,2019-12-26,株式会社
株式会社ルックワールド,東京都足立区保木間２丁目２番８号保木間日光街道ビル２Ｆ,2019-12-26,株式会社
株式会社レコス,千葉県浦安市富士見２丁目１７番２８号,2019-12-26,株式会社
株式会社レジェンドリーム,東京都杉並区高円寺北２丁目３番４号高円寺ビル４０２号,2019-12-26,株式会社
株式会社ロクスト,福岡県那珂川市西隈４丁目５番６号,2019-12-26,株式会社
株式会社ワイド,大阪府大阪市北区天満１丁目１２番７号,2019-12-26,株式会社
株式会社ワタナベ,北海道札幌市西区発寒六条５丁目１番６号,2019-12-26,株式会社
株式会社ワンストップ,岩手県盛岡市飯岡新田６地割１４番地４　２階,2019-12-26,株式会社
株式会社一成重機,静岡県浜松市西区志都呂１丁目３６番４６号,2019-12-26,株式会社
株式会社三星デザイン,神奈川県横浜市中区常盤町２丁目１０番常盤不動産ビル３０５,2019-12-26,株式会社
株式会社不羈,大阪府大阪市淀川区西宮原２丁目６－１６－９２５号,2019-12-26,株式会社
株式会社中武工務店,宮崎県日南市大字平野４２７９番地２,2019-12-26,株式会社
株式会社丸紋堂,熊本県熊本市中央区下通２丁目７番３２号,2019-12-26,株式会社
株式会社丸藤工業,北海道札幌市西区八軒九条東１丁目１番５－１０３号,2019-12-26,株式会社
株式会社京家,宮崎県日南市吾田西２丁目３番１０号,2019-12-26,株式会社
株式会社令作,福岡県北九州市小倉南区大字志井１４２８番１,2019-12-26,株式会社
株式会社伊都ＡＰＣ,福岡県糸島市志登３４９番地,2019-12-26,株式会社
株式会社住宅設備のみうら,東京都千代田区麹町４丁目５－２０ＫＳビル８階,2019-12-26,株式会社
株式会社加納,三重県四日市市城西町３番１２―１号,2019-12-26,株式会社
株式会社北和管工設備,埼玉県入間市大字仏子６０３番地１、１ー１０２号,2019-12-26,株式会社
株式会社北星タイル,埼玉県川口市大字芝３９２０番地,2019-12-26,株式会社
株式会社北角重機,北海道根室市西厚床１１７番地,2019-12-26,株式会社
株式会社四ツ葉ファーム,秋田県秋田市四ツ小屋小阿地字坂ノ下６０番地２,2019-12-26,株式会社
株式会社埼玉武蔵ヒートベアーズ,埼玉県熊谷市久保島９３９おふろｃａｆéｂｉｖｏｕａｃ内,2019-12-26,株式会社
株式会社大井川フーズ,静岡県島田市本通１丁目６番の７,2019-12-26,株式会社
株式会社大町金属,大阪府堺市中区東山６５６番地１,2019-12-26,株式会社
株式会社大雅,岡山県倉敷市茶屋町１５６３番地１０,2019-12-26,株式会社
株式会社天寿,静岡県浜松市中区龍禅寺町１番地の１サンライズコーポ４０３号,2019-12-26,株式会社
株式会社川崎技建,東京都練馬区富士見台４丁目６番７号,2019-12-26,株式会社
株式会社師岡商事,福島県いわき市江名字荻ノ作１２９番地の１,2019-12-26,株式会社
株式会社平大,京都府京都市左京区岩倉西宮田町８４－４０５,2019-12-26,株式会社
株式会社徳京キャピタル,東京都目黒区中目黒５丁目７番５号ｃｏｍｏｔｅｒｒａｃｅＣ号室,2019-12-26,株式会社
株式会社恵,岡山県岡山市北区吉宗７４０番地３,2019-12-26,株式会社
株式会社日本自分発明研究所,東京都港区麻布十番１丁目５番１０号４Ｆ,2019-12-26,株式会社
株式会社木水,京都府京都市下京区五条通柳馬場上ル塩竈町３７９番地,2019-12-26,株式会社
株式会社東京国立オークション,愛知県名古屋市中区錦２丁目１７番３０号,2019-12-26,株式会社
株式会社東京賃貸不動産,東京都豊島区東池袋２丁目６２番８号,2019-12-26,株式会社
株式会社松浦設備,福岡県福岡市西区小戸５丁目１０番１４号,2019-12-26,株式会社
株式会社松籟荘,石川県加賀市山代温泉１５の１４５番地,2019-12-26,株式会社
株式会社植木屋ドットコム,東京都あきる野市入野３５７番地,2019-12-26,株式会社
株式会社椿工務店,福岡県北九州市門司区丸山吉野町３番１７号,2019-12-26,株式会社
株式会社永建総興,兵庫県神戸市東灘区本山中町４丁目６番５号,2019-12-26,株式会社
株式会社江島工業,愛知県豊田市西岡町唐池１６３番地１,2019-12-26,株式会社
株式会社池田,大阪府泉南市信達市場１５６４番地の９,2019-12-26,株式会社
株式会社池田工務店,茨城県笠間市本戸５２４１番地,2019-12-26,株式会社
株式会社清和産業,和歌山県和歌山市福島１７７番地１,2019-12-26,株式会社
株式会社神風Ｌａｂ,大阪府大阪市淀川区塚本２丁目８番１４－９号,2019-12-26,株式会社
株式会社福源,東京都墨田区錦糸２丁目１２番１号日豊ビル１階,2019-12-26,株式会社
株式会社結,奈良県奈良市左京１丁目１－１,2019-12-26,株式会社
株式会社至花,宮城県富谷市明石台７丁目１番地４,2019-12-26,株式会社
株式会社藤澤興業,東京都八王子市椚田町５８１番地１３プロスペラーレウエ２０１,2019-12-26,株式会社
株式会社西尾,三重県四日市市堀木１丁目２番６－４０２号サニータウン堀木,2019-12-26,株式会社
株式会社起,神奈川県逗子市桜山４丁目３番３３号,2019-12-26,株式会社
株式会社鈴木内装商会,千葉県船橋市小室町３２９９番地,2019-12-26,株式会社
株式会社鐘栄,愛知県名古屋市千種区高見２丁目８番３６号,2019-12-26,株式会社
株式会社青木塗装,静岡県静岡市駿河区有東１丁目１９番２１号,2019-12-26,株式会社
株式会社静岡コンサルエステート,静岡県静岡市駿河区下川原５丁目７番２－７号,2019-12-26,株式会社
株式会社高口商店,熊本県玉名郡南関町大字相谷１０５６番地１,2019-12-26,株式会社
株式会社５,大阪府池田市石橋４丁目３番１１号,2019-12-26,株式会社
株式会社ＡＤＯＮＥ,千葉県白井市根８００番地の６６,2019-12-26,株式会社
株式会社ＡＲＭＹペイント,愛知県春日井市大手町４丁目５番地２,2019-12-26,株式会社
株式会社ＡＲＲＯＷ,神奈川県横浜市青葉区荏田西３丁目１３番地２０,2019-12-26,株式会社
株式会社Ａｂｒｅｅｚｅ,福岡県福岡市中央区伊崎１６番８号,2019-12-26,株式会社
株式会社ＡｄＭホールディングス,大阪府岸和田市上野町西２６番３２号,2019-12-26,株式会社
株式会社Ａｓｓｅｔ　Ｍａｎａｇｅｍｅｎｔ　Ｊａｐａｎ,山口県防府市大字新田１４０９番地の３,2019-12-26,株式会社
株式会社ＢＬＵＥ　ＲＡＣＣＯＯＮ　ＤＥＳＩＧＮ　ＳＴＵＤＩＯ,東京都世田谷区代沢１丁目１４番３号,2019-12-26,株式会社
株式会社ＢＲＩＧＨＴ　ＦＵＴＵＲＥ,福岡県福岡市博多区博多駅東２丁目８－９ソフィアビル３０２号,2019-12-26,株式会社
株式会社Ｂｅｅｈｉｖｅ　Ｊａｐａｎ,東京都調布市調布ケ丘３丁目４番地１サンクタス調布ヶ丘１１１,2019-12-26,株式会社
株式会社ＣＦＯサポート,兵庫県神戸市東灘区御影中町３丁目２－４－１４１０,2019-12-26,株式会社
株式会社ＣＨＡＩＮＯＮ,福岡県直方市大字赤地４３６番地４４,2019-12-26,株式会社
株式会社ＣＲＥＡＴＩＮＧ,東京都清瀬市中里４丁目１２９６番地清瀬中里四丁目アパート４－１１１号,2019-12-26,株式会社
株式会社ＣＳＣ　Ｃｏｍｐａｎｙ,東京都調布市上石原１丁目２０番地９アオキハイツ１０３,2019-12-26,株式会社
株式会社Ｃｈｅｚ．Ｙ,千葉県浦安市堀江６丁目１１番３６号,2019-12-26,株式会社
株式会社ＤＡＹＳ,埼玉県川越市新富町１丁目１６番４号マスコビル３Ｆ,2019-12-26,株式会社
株式会社ＤＥＴＣＨ,大阪府羽曳野市碓井１丁目４番９号,2019-12-26,株式会社
株式会社ＤＮコネクト,愛知県名古屋市中川区長良町５丁目２２番１,2019-12-26,株式会社
株式会社Ｅ‐ｍｏｔｉｏｎ,広島県東広島市志和町別府７１０番地１,2019-12-26,株式会社
株式会社Ｅ－ＧＡＲＤＥＮ,徳島県板野郡藍住町徳命字小塚東２９番地１０,2019-12-26,株式会社
株式会社Ｅｖｅｌｉｔ,大阪府大阪市北区同心２丁目１１番２７号,2019-12-26,株式会社
株式会社ＦＨＮ・アドバンス,福岡県筑紫野市二日市西１丁目１２番３－４０１号,2019-12-26,株式会社
株式会社ＦＯＲＢＥＳ　ＹＯＫＯＨＡＭＡ,神奈川県横浜市南区六ツ川４丁目１２１５番地の３,2019-12-26,株式会社
株式会社ＦＵＴＡＳＥ,大阪府八尾市中田４丁目１６番地,2019-12-26,株式会社
株式会社ＧＭ地所,大阪府守口市大宮通４丁目１２番２３－１０１号,2019-12-26,株式会社
株式会社ＧＯＭＬ．,岐阜県羽島郡岐南町上印食８丁目７８番地フォルテ２１・２Ｆ,2019-12-26,株式会社
株式会社Ｇａｂ,東京都渋谷区渋谷３丁目５番地１６号渋谷三丁目スクエアビル２Ｆ,2019-12-26,株式会社
株式会社Ｇｉｎｇｅｒ,京都府京都市上京区烏丸通今出川上る御所八幡町１１０番地４,2019-12-26,株式会社
株式会社Ｇｏｏｄ　ｔｏｕｃｈ,福岡県福岡市早良区賀茂２丁目１１－１７,2019-12-26,株式会社
株式会社ＨＭＣ,愛知県名古屋市北区大曽根４丁目１５番４９号,2019-12-26,株式会社
株式会社ＩＣＭ,東京都新宿区百人町２丁目１１－２４－６０５室,2019-12-26,株式会社
株式会社Ｉｄｅｎｔｉｔｙ,福岡県福岡市博多区中洲中島町３番１５号,2019-12-26,株式会社
株式会社Ｉｔｓｕｋｉ３８９,沖縄県うるま市字昆布１１２１番地５,2019-12-26,株式会社
株式会社Ｋカンパニー,静岡県浜松市中区板屋町５３６番地フォーレ三和Ⅲ２０３号,2019-12-26,株式会社
株式会社ＫＫオルソド,東京都文京区白山１丁目３３番８号,2019-12-26,株式会社
株式会社ＫＭＩ,東京都新宿区大久保１丁目７番１９号,2019-12-26,株式会社
株式会社ＫＮＮ車両,静岡県浜松市東区天王町８２５番地の２,2019-12-26,株式会社
株式会社Ｋｉｎｇｓｋｅｙ　Ｋ,東京都渋谷区神宮前１丁目９番３号原宿第３コーポ３０１号室,2019-12-26,株式会社
株式会社ＬＯＯＰＴＥＣ,香川県高松市一宮町５０３番地１７,2019-12-26,株式会社
株式会社Ｌａ　Ｍｅｒ,東京都中央区銀座８丁目６番２０号幸佑ビルＢ２階,2019-12-26,株式会社
株式会社Ｌｅｇａｍｅ　Ｇｒｕｐｐｏ,東京都港区北青山２丁目７番１３号プラセオ青山ビル３階,2019-12-26,株式会社
株式会社Ｌｕｃｉａ,大阪府大阪市生野区林寺１丁目５番２０号レアル寺田町１階,2019-12-26,株式会社
株式会社Ｍ＆Ｓ,東京都板橋区高島平１丁目８３番１号西台ＮＣビル５０２号,2019-12-26,株式会社
株式会社Ｍａｒｓ,石川県金沢市上荒屋４丁目４９番地,2019-12-26,株式会社
株式会社Ｍｉコーポレーション,東京都新宿区余丁町１２番３３号日信ビル１階,2019-12-26,株式会社
株式会社ＮアンドＴ,東京都大田区田園調布１丁目３６番１４号,2019-12-26,株式会社
株式会社ＮＨＣ,茨城県筑西市玉戸１９３番地１４,2019-12-26,株式会社
株式会社ＮＪＧＤ,東京都渋谷区渋谷２丁目１０番７号大幸第３ビル３階,2019-12-26,株式会社
株式会社ＮＯＥＲ,三重県津市安濃町内多３０２４番地,2019-12-26,株式会社
株式会社ＮＯＶ,北海道滝川市栄町４丁目４番２１号,2019-12-26,株式会社
株式会社ＮＳＵＫ,大阪府東大阪市西岩田３丁目３番１３－１２３４号,2019-12-26,株式会社
株式会社ＮＵＭＴ,神奈川県川崎市川崎区日ノ出１丁目１２番１７号,2019-12-26,株式会社
株式会社Ｎｅｗ　Ａｓｉａ　Ｐａｒｔｎｅｒｓ,東京都練馬区中村南２丁目２６番５号,2019-12-26,株式会社
株式会社ＯＦＦＩＣＥ２３５７,大阪府箕面市半町４丁目２０番１４号,2019-12-26,株式会社
株式会社ＰＥＣＯ,兵庫県三田市富士が丘１丁目１９番地３０３号,2019-12-26,株式会社
株式会社ＰＬＡＴＩＮＵＭ,愛知県海部郡蟹江町今西３丁目６２番地２,2019-12-26,株式会社
株式会社ＰＰＰＡＷＳ,鹿児島県鹿児島市山田町３６６６番地,2019-12-26,株式会社
株式会社Ｐａｃｉｆｉｃ　Ｓｔａｇｅ,東京都港区新橋１丁目５番５号,2019-12-26,株式会社
株式会社Ｐｈｒｏｎｅｓｉｓ,東京都品川区西品川２丁目１９番８－４０５号,2019-12-26,株式会社
株式会社Ｐｌｕｓ,福岡県福岡市東区香椎３丁目１－１８ユニエル香椎Ⅱ１,2019-12-26,株式会社
株式会社Ｑｕａｓｔｅｌｌａ,愛知県名古屋市西区那古野２丁目１４番１号なごのキャンパス１階,2019-12-26,株式会社
株式会社Ｒ建築リフォーム,大阪府大阪市生野区鶴橋２丁目１４番１０号,2019-12-26,株式会社
株式会社ＲＥＩＷＡ,福岡県古賀市筵内１番地１９,2019-12-26,株式会社
株式会社ＲＩＳＥ,福岡県久留米市国分町１１７２番地５,2019-12-26,株式会社
株式会社ＲＫカンパニー,石川県河北郡内灘町字ハマナス２丁目３番地,2019-12-26,株式会社
株式会社ＲＯＰＥＳ,宮崎県都城市都北町５９５５番地１－Ｂ４０３,2019-12-26,株式会社
株式会社Ｒｅａｌ　Ｓｏｕｎｄｓ音楽企画,神奈川県横浜市中区滝之上１２７番地,2019-12-26,株式会社
株式会社Ｒｅａｌ１ｚｅ,愛媛県大洲市東若宮１１番地３５,2019-12-26,株式会社
株式会社Ｓ１建築工房,兵庫県明石市鳥羽１７１３番地の９,2019-12-26,株式会社
株式会社ＳＥＬＬ　ＯＵＲ　ＳＯＵＬ,東京都大田区西蒲田７丁目２７番１号,2019-12-26,株式会社
株式会社ＳＨＯＥＩ,三重県四日市市小林町３０２２番地１７４,2019-12-26,株式会社
株式会社ＳＨＯＥＩ　ＨＯＬＤＩＮＧＳ,三重県四日市市中町４番９号,2019-12-26,株式会社
株式会社ＳＵＭ,大阪府堺市南区赤坂台２丁５番３－７０５号,2019-12-26,株式会社
株式会社ＳＵＺＵ,岩手県盛岡市下太田下川原５３番地３,2019-12-26,株式会社
株式会社Ｔ＆Ｎダイナー,徳島県阿南市那賀川町古津２０８番地,2019-12-26,株式会社
株式会社Ｔ．Ｓ　Ｇｏ　Ａｂｒｏａｄ,東京都稲城市東長沼４１１番地の７,2019-12-26,株式会社
株式会社ＴＫサービス,長野県上田市中之条５７５番地２,2019-12-26,株式会社
株式会社ＴＫＳＲ,大分県大分市城崎町２丁目４番２４号,2019-12-26,株式会社
株式会社ＴＬＰ,東京都日野市百草１０４２番地の１０８,2019-12-26,株式会社
株式会社ＴＭ不動産,長崎県長崎市三川町１３００番地１４,2019-12-26,株式会社
株式会社ＴＳ－ＴＯＴＡＬ,長野県小諸市大字諸３０番地７,2019-12-26,株式会社
株式会社Ｔｈｅ　Ｏｎｅ,岡山県津山市椿高下１０５番地２,2019-12-26,株式会社
株式会社Ｔｓｕｎａｇｕ,大阪府大阪市淀川区西中島３丁目２０番１８号,2019-12-26,株式会社
株式会社Ｕｎｓｃｅｎｅ,東京都品川区東五反田２丁目８番５号５階,2019-12-26,株式会社
株式会社ＷＧＪ香川,香川県善通寺市原田町７３２番地,2019-12-26,株式会社
株式会社ＷＩＳＤＯＭトラベル,埼玉県川口市芝園町３番２－９１８号芝園団地,2019-12-26,株式会社
株式会社Ｗｉｓｔｅｌ,愛知県名古屋市名東区本郷１丁目９８番地の１,2019-12-26,株式会社
株式会社ＹＫテクノ,埼玉県川越市大字小堤４６２－３,2019-12-26,株式会社
株式会社Ｙｕ,愛知県常滑市大谷字道向６５番地の５,2019-12-26,株式会社
株式会社ＺＥＮ,岐阜県安八郡輪之内町藻池新田５１６９番地の１,2019-12-26,株式会社
株式会社ＺＥＮＺＩＮ,愛知県名古屋市守山区小幡中３丁目２７番６号－２,2019-12-26,株式会社
株式会社ａｎｄ　ｕｐ,愛媛県松山市朝生田町５丁目４番１５号リバーフィールドⅡ２０１号,2019-12-26,株式会社
株式会社ａｖａｎｃｅｒ,石川県河北郡内灘町字向陽台１丁目１８８番地,2019-12-26,株式会社
株式会社ｇｏｏ－ｄｙ．,東京都江戸川区瑞江３丁目１１番１３－５０９号,2019-12-26,株式会社
株式会社ｏｍａｓｔｉｃ　Ｃｏ．,広島県広島市中区東千田町２丁目３番２１号,2019-12-26,株式会社
株式会社ｏｍｕｕ,神奈川県川崎市中原区木月４丁目３１番８号９１８号室,2019-12-26,株式会社
株式会社ｔｈｉｎｋｉｎｇｔｉｍｅ,大阪府大阪市北区梅田１丁目１１番４号大阪駅前第４ビル９階９２３,2019-12-26,株式会社
株式会社ｙｕｒｉｎｏｋｉ　ｓｔｙｌｅ,東京都中央区銀座７丁目１５番８号タウンハイツ銀座４０６,2019-12-26,株式会社
楽笑合同会社,東京都練馬区田柄５丁目２７番８－２０５号,2019-12-26,合同会社
横須賀学校給食納入事業協同組合,神奈川県横須賀市日の出町１丁目９番地,2019-12-26,その他の設立登記法人
海明合同会社,神奈川県座間市ひばりが丘３丁目５２番１号,2019-12-26,合同会社
特定非営利活動法人ジュンチャン倶楽部,大阪府大阪市鶴見区今津中２丁目４番３３号ロイヤル田中２０３,2019-12-26,その他の設立登記法人
特定非営利活動法人チャイルドサポートあひる,北海道函館市上新川町１７番１１号,2019-12-26,その他の設立登記法人
特定非営利活動法人ヌタバ,長野県塩尻市大門三番町４番２３号,2019-12-26,その他の設立登記法人
特定非営利活動法人ピアの森・狐遊庭,新潟県長岡市南町１丁目８番１３号松原ビル３Ｆ,2019-12-26,その他の設立登記法人
特定非営利活動法人一歩・いっぽ,埼玉県羽生市大字上新郷５６５７番地４,2019-12-26,その他の設立登記法人
特定非営利活動法人五島空き家マッチング研究所,長崎県五島市栄町４番１１号,2019-12-26,その他の設立登記法人
特定非営利活動法人新海外同友会,兵庫県神戸市中央区海岸通２８番地ＢＥＬＩＳＴＡ神戸旧居留地２３０４号,2019-12-26,その他の設立登記法人
特定非営利活動法人農ある暮らしを広める会,神奈川県中郡二宮町二宮１３３番地,2019-12-26,その他の設立登記法人
琉球ランドボックス合同会社,沖縄県中頭郡西原町字幸地３２１－１４,2019-12-26,合同会社
直建設株式会社,和歌山県和歌山市田尻６５番地７,2019-12-26,株式会社
社会福祉法人誠和会たけべ,長崎県松浦市今福町北免２０９１番地５,2019-12-26,その他の設立登記法人
秀真環境工学株式会社,福岡県嘉麻市漆生１５６０番地５,2019-12-26,株式会社
翔驛合同会社,北海道札幌市中央区北七条西１２丁目２番地ベルテ白楊北７条７０５号,2019-12-26,合同会社
西京株式会社,大阪府大阪市中央区東心斎橋１丁目４番２８号,2019-12-26,株式会社
辣荘株式会社,東京都新宿区歌舞伎町１丁目１２番１５号,2019-12-26,株式会社
農事組合法人佐倉河営農組合,岩手県奥州市水沢佐倉河字西大畑６６番地,2019-12-26,その他の設立登記法人
鈴木工務店株式会社,神奈川県横浜市旭区鶴ケ峰本町３丁目２５番１６号,2019-12-26,株式会社
銀座六丁目プロパティ合同会社,東京都千代田区平河町１丁目６番１５号シルスフィア会計事務所内,2019-12-26,合同会社
隆橋株式会社,大阪府門真市島頭３丁目７番１１号,2019-12-26,株式会社
青木リアルエステートマネジメント株式会社,神奈川県厚木市恩名１丁目１番１３号,2019-12-26,株式会社
静岡小児感染症研究会,静岡県静岡市葵区追手町２－１２静岡安藤ハザマビル４階　みな司法書士法人内,2019-12-26,その他
領科国際株式会社,東京都新宿区高田馬場１丁目３１－８－１１２１号室,2019-12-26,株式会社
黄河株式会社,東京都豊島区池袋本町１丁目３番１０号,2019-12-26,株式会社
ＡＩコーポレートアドバイザリー株式会社,東京都港区浜松町２丁目２番１５号浜松町ダイヤビル２Ｆ,2019-12-26,株式会社
ＡＩＭＣＯＭＭＡＮＤ株式会社,東京都千代田区神田鍛冶町３丁目３番地ニュー神田ビル５Ｆ,2019-12-26,株式会社
ＡＵＴＯＭＡＴＩＯＮ　ＬＡＢＯＲＡＴＯＲＹ合同会社,石川県能美市寺井町ウ６８番地,2019-12-26,合同会社
ＢＡＺＢ株式会社,大阪府枚方市岡東町１４－４０トムソーヤビル３Ｆ,2019-12-26,株式会社
Ｂｅａｕ　ｃｉｅｌ株式会社,福岡県福岡市南区鶴田２丁目１８番４４号,2019-12-26,株式会社
Ｂｒａｉｎ　Ｉｎｔｅｌｌｉｇｅｎｃｅ総合研究所株式会社,東京都豊島区上池袋３丁目３９番２１号,2019-12-26,株式会社
ＣＯＳＭＯＳ　ＳＴＵＤＩＯ株式会社システム研究室,兵庫県尼崎市杭瀬寺島１丁目４番２０号,2019-12-26,株式会社
ＤＧ合同会社,東京都豊島区駒込３丁目４番１６号,2019-12-26,合同会社
Ｆａｃｅｂｏｏｋ　Ｔｅｃｈｎｏｌｏｇｉｅｓ　Ｊａｐａｎ合同会社,東京都港区六本木１丁目９番１０号アークヒルズ仙石山森タワー３０階,2019-12-26,合同会社
Ｆａｓｔ株式会社,大阪府大阪市北区梅田１丁目２番２－２００号大阪駅前第２ビル２階１－１－１,2019-12-26,株式会社
Ｇアセット株式会社,東京都杉並区上高井戸１丁目２１番２号第２ラサハウスＢ１０１,2019-12-26,株式会社
ＧＦＳ合同会社,東京都北区赤羽南１丁目１６番１－５１１号,2019-12-26,合同会社
ＧＯＯＤ　ＳＮＡＣＫＳ合同会社,千葉県市川市宮久保２丁目１９番１０号,2019-12-26,合同会社
ＨＡＭＡＲＡ　ＴＲＡＤＩＮＧ株式会社,千葉県八千代市高津東３丁目１番地１６石井コーポ３－１０３号,2019-12-26,株式会社
ＨＩＯＫＩ合同会社,北海道札幌市中央区南三条西６丁目３番地２,2019-12-26,合同会社
ＨＷプランニング株式会社,東京都大田区北嶺町３４番１１号,2019-12-26,株式会社
ＩＶＡＮ合同会社,栃木県佐野市大橋町２０７８アラキビル１０２号室,2019-12-26,合同会社
Ｉｎｔｅｒｎａｔｉｏｎａｌ　ｃｏ－ｓｏｕｒｃｉｎｇ合同会社,岐阜県岐阜市今嶺３丁目１１番６号,2019-12-26,合同会社
ＪＡＰＡＮＧＲＯＵＰ株式会社,東京都中央区佃２丁目１番２号,2019-12-26,株式会社
ＪＵＤＥ　ＥＮＴ　ＪＡＰＡＮ株式会社,東京都千代田区神田錦町２丁目４番６号ワダビル３階,2019-12-26,株式会社
ＫＯＵＴＯＵ警備保障株式会社,京都府京都市伏見区向島西堤町８番地２観月ハイツ２０１号,2019-12-26,株式会社
Ｋｉｒａｋｕｎａ株式会社,愛知県名古屋市中村区亀島２丁目１番１号新名古屋センタービル・本陣町２階２２０／２２１号室,2019-12-26,株式会社
ＬＯＧリサイクル合同会社,群馬県伊勢崎市柴町８５５－３,2019-12-26,合同会社
ＬＳＹ株式会社,千葉県四街道市大日９３１番地１,2019-12-26,株式会社
ＬＶホールディングス株式会社,東京都千代田区麹町１丁目１２番地１号住友不動産ふくおか半蔵門ビル３階,2019-12-26,株式会社
ＭＡＴＲＹＯＳＨＫＡ　ＨＯＵＳＥ株式会社,北海道余市郡余市町登町２０９２番地６,2019-12-26,株式会社
ＭＣインターナショナル合同会社,千葉県市川市福栄１丁目１８番１４号２０１,2019-12-26,合同会社
ＭＯＭＩＪＩ株式会社,岩手県上閉伊郡大槌町安渡１丁目２０番地,2019-12-26,株式会社
Ｍａｕｎａ　Ｋｅａ　Ａｓｓｅｔ　Ｍａｎａｇｅｍｅｎｔ株式会社,東京都港区六本木３丁目３番１０号,2019-12-26,株式会社
ＮＫブリッジ株式会社,埼玉県児玉郡上里町大字七本木２５７６番地１５,2019-12-26,株式会社
ＮＯＡＨ株式会社,東京都杉並区堀ノ内２丁目４番２２－３０５号,2019-12-26,株式会社
ＮＰＯ法人ＤＫ・できること,神奈川県相模原市南区麻溝台６丁目２５番２７号,2019-12-26,その他の設立登記法人
ＮＳホールディングス株式会社,東京都江東区永代１丁目１３番６号,2019-12-26,株式会社
Ｎｅｘｕｓ　Ｃａｐｉｔａｌ合同会社,福岡県福岡市東区名島３丁目６番５号,2019-12-26,合同会社
ＯＳＭ合同会社,沖縄県宜野湾市大謝名５丁目２０番１２号シャトー城北Ｐ１．４－Ｅ,2019-12-26,合同会社
Ｒｅｗｉｎ投資株式会社,大阪府大阪市中央区内本町１丁目２番１５号谷四スクエアビル８階－１２号室,2019-12-26,株式会社
ＲｉｓｈｕｎＴｒａｄｉｎｇ株式会社,埼玉県所沢市大字上安松８４４番地２,2019-12-26,株式会社
Ｒｉｙａ　Ｎｉｈｏｎ　Ｓｈｏｋａｉ合同会社,神奈川県愛甲郡愛川町中津３８２７番地コーポ愛川２０５号室,2019-12-26,合同会社
Ｒｏｍｅｃｋ　Ｐｈａｒｍａ合同会社,東京都中央区京橋２丁目４番１６号,2019-12-26,合同会社
ＳＫプランニング合同会社,静岡県三島市旭ヶ丘４１の２０,2019-12-26,合同会社
Ｓｕｎ　Ｔｏｕｒｓ　Ｊａｐａｎ株式会社,大阪府大阪市中央区平野町２丁目５－８平野町センチュリービル２階,2019-12-26,株式会社
Ｔ＆Ｍ　Ｃｏｎｓｕｌｔｉｎｇ合同会社,東京都中央区勝どき３丁目９番７－２０４号,2019-12-26,合同会社
ＴＡＫＥＹＡ株式会社,広島県広島市西区己斐本町２丁目１５番２９－１０３号,2019-12-26,株式会社
ＴＫリーシング合同会社,埼玉県さいたま市岩槻区美園東１丁目２６番地４４,2019-12-26,合同会社
ＴＯＫＹＯ　ＦＩＬＭ株式会社,東京都中野区本町２丁目１番８号ＹＳガーデン６０６,2019-12-26,株式会社
ＴＲＮ１特定目的会社,東京都港区虎ノ門３丁目２２番１０－２０１号,2019-12-26,その他の設立登記法人
Ｔｒｕｓｔ　Ｐｏｗｅｒ協同組合,香川県高松市東ハゼ町字萬蔵６８９番１,2019-12-26,その他の設立登記法人
ＶＮＩＴＯジャパン株式会社,福岡県福岡市中央区大名２丁目６－１１,2019-12-26,株式会社
Ｘ＆Ｙ株式会社,大阪府大阪市中央区日本橋２丁目１５番１３号１階,2019-12-26,株式会社
ＹＮホーム合同会社,東京都中央区東日本橋３丁目５番８－４０３号,2019-12-26,合同会社
ＺａｋｕｒＡ株式会社,東京都世田谷区弦巻４丁目９番１３－５０２号,2019-12-26,株式会社
ｉＨＯＭＥ株式会社,大阪府大阪市東住吉区今林２丁目９番１２号,2019-12-26,株式会社
ｍａｒｖｅｚ合同会社,大阪府大阪市西区江戸堀２丁目３番２２号,2019-12-26,合同会社
ｙｖｏｎｎｅ合同会社,神奈川県横浜市保土ケ谷区西谷町１２５５番地１ラムセス横浜西谷４０３号,2019-12-26,合同会社
おかもと社中株式会社,福岡県春日市上白水８丁目１９７,2019-12-27,株式会社
さくら株式会社,東京都大田区山王２丁目１番８号,2019-12-27,株式会社
とっときみそ合同会社,三重県松阪市飯高町田引６９５番地,2019-12-27,合同会社
ひかる興業合同会社,茨城県笠間市旭町３８７番地２,2019-12-27,合同会社
みんなの株式会社,東京都豊島区東池袋１丁目４７番１２号,2019-12-27,株式会社
アオプ合同会社,東京都千代田区神田佐久間町３丁目３８第５東ビル５Ｆ,2019-12-27,合同会社
アメノメソッド株式会社,岐阜県可児市中恵土１６７１番地１,2019-12-27,株式会社
アルゴウォーター株式会社,東京都千代田区神田淡路町２丁目１番地,2019-12-27,株式会社
イチフジ企画株式会社,静岡県三島市川原ケ谷２５０番地の１０,2019-12-27,株式会社
エクシトフェルテ合同会社,北海道札幌市白石区北郷二条４丁目８番１６号,2019-12-27,合同会社
エフ・アンド・ワイ株式会社,東京都荒川区西日暮里６丁目５３番３－６０６号,2019-12-27,株式会社
カネショウ株式会社,埼玉県児玉郡美里町大字下児玉２３３番地,2019-12-27,株式会社
カーショップアムズ株式会社,北海道釧路市星が浦北１丁目１番２３号,2019-12-27,株式会社
キセカエジャパン合同会社,東京都中央区日本橋堀留町１丁目４－２－１Ｆ,2019-12-27,合同会社
クロステックコンサルティング合同会社,神奈川県川崎市麻生区向原１丁目３番４号,2019-12-27,合同会社
グレースワーク株式会社,神奈川県横浜市旭区四季美台五丁目２３番地ヴィラＥＳＴ２０２,2019-12-27,株式会社
コンサル大塚株式会社,東京都世田谷区砧１丁目２２番２４号,2019-12-27,株式会社
コンビネゾン合同会社,東京都世田谷区三軒茶屋１丁目３７番３号山本ビル４０１,2019-12-27,合同会社
サンエイネクスト合同会社,京都府京都市山科区北花山市田町３５番地,2019-12-27,合同会社
ジャパン・プライム合同会社,茨城県つくば市上横場２３５２番地１,2019-12-27,合同会社
スタイルラボ株式会社,大阪府門真市三ツ島３丁目６番４０－１００３号,2019-12-27,株式会社
スマイリーホーム株式会社,北海道札幌市東区北十二条東１３丁目１番１２号ル・クラシック１２・１Ｆ,2019-12-27,株式会社
スマイルハーモニー株式会社,宮城県遠田郡美里町駅東２丁目８番地１０,2019-12-27,株式会社
タイヤショップ共栄株式会社,愛媛県西条市福武甲４６１番地２,2019-12-27,株式会社
テスコホールディングス株式会社,東京都千代田区西神田１丁目４番５号,2019-12-27,株式会社
ディーループ株式会社,大阪府大阪市中央区平野町２丁目２番７－６０４号,2019-12-27,株式会社
デマーシア合同会社,東京都大田区大森北１丁目３４－１，レジデンス大森５０１,2019-12-27,合同会社
データパイロット合同会社,岩手県八幡平市大更第３５地割６２番地八幡平市起業家支援センター,2019-12-27,合同会社
トコス株式会社,神奈川県横浜市港南区日野８丁目１番２号,2019-12-27,株式会社
トレンドメディカル株式会社,東京都多摩市愛宕４丁目２５番地２,2019-12-27,株式会社
トレンド・Ｆ株式会社,神奈川県川崎市幸区中幸町４丁目５番地２エクラン川崎４０３,2019-12-27,株式会社
ハンタサービス株式会社,大阪府大阪市西淀川区御幣島２丁目１４番２１号,2019-12-27,株式会社
パビタ合同会社,埼玉県川越市霞ケ関東１丁目１５－１４ティ・カトウビル３０１,2019-12-27,合同会社
ヒカリ合同会社,茨城県稲敷市八筋川２５８－１,2019-12-27,合同会社
ヒーリングストリームジャパン合同会社,東京都世田谷区上北沢１丁目２０番２６号,2019-12-27,合同会社
ビジネスサポート株式会社,大阪府大阪市天王寺区玉造本町３－６,2019-12-27,株式会社
ビューティーライフ株式会社,大阪府大阪市中央区心斎橋筋２丁目３番３１号,2019-12-27,株式会社
ビレッジ合同会社,鹿児島県指宿市大牟礼１丁目１６番３号葵２０２,2019-12-27,合同会社
ファースト・ポジション合同会社,東京都千代田区九段南１丁目５番６号りそな九段ビル５Ｆ,2019-12-27,合同会社
プリマ助産院合同会社,大阪府池田市栄町８番１０－４０１号,2019-12-27,合同会社
ホペイロ合同会社,千葉県松戸市常盤平４丁目７番地の９,2019-12-27,合同会社
ホワイトアースイニシアティブ株式会社,東京都町田市原町田４丁目１９番１２号,2019-12-27,株式会社
ホンプランニング株式会社,神奈川県横浜市都筑区中川中央１丁目２９番２－１００３号,2019-12-27,株式会社
ミィ・ファミリー合同会社,宮城県仙台市太白区柳生字前原西２７番地の２,2019-12-27,合同会社
ミムズ協同組合,静岡県焼津市祢宜島６０１番地の４,2019-12-27,その他の設立登記法人
ヤスイテン合同会社,山梨県中央市東花輪５５７番地１０,2019-12-27,合同会社
ラテ株式会社,大阪府門真市桑才町１０番２９号,2019-12-27,株式会社
リハケア合同会社,埼玉県春日部市緑町４丁目２番２３号,2019-12-27,合同会社
リペアテクノ株式会社,東京都江戸川区平井５丁目２８番４号,2019-12-27,株式会社
ワイルドカード株式会社,福岡県福岡市博多区三筑２丁目４番２１号,2019-12-27,株式会社
ヴァスト・キュルチュール株式会社,神奈川県横浜市鶴見区豊岡町３８番２９号,2019-12-27,株式会社
一般社団法人きずな,埼玉県八潮市大字南後谷３５７番地６,2019-12-27,その他の設立登記法人
一般社団法人けいはんなスポーツクラブ,京都府木津川市南加茂台５丁目１２番地１３センチュリープラザ加茂１０３,2019-12-27,その他の設立登記法人
一般社団法人よるべ,岡山県岡山市南区植松６１８番地,2019-12-27,その他の設立登記法人
一般社団法人プラチナ人材活躍推進機構,兵庫県神戸市東灘区森北町１丁目３番２１号,2019-12-27,その他の設立登記法人
一般社団法人交通誘導支援システム高度化推進機構,東京都千代田区岩本町２丁目６番１２号ソキエ内,2019-12-27,その他の設立登記法人
一般社団法人住環境物的研究会,東京都江東区門前仲町１丁目２番８号５Ｂ,2019-12-27,その他の設立登記法人
一般社団法人全日本帰国者振興会,東京都板橋区坂下１丁目３９番地１４号サンライフマンション１０５室,2019-12-27,その他の設立登記法人
一般社団法人日本アスリート指導研究機構,大阪府大阪市中央区今橋１丁目７番１９号北浜ビルディング１３階,2019-12-27,その他の設立登記法人
一般社団法人日本スポーツエンターテインメント,東京都中央区勝どき３丁目１３番１号,2019-12-27,その他の設立登記法人
一般社団法人日本デフサーフィン連盟,千葉県千葉市緑区おゆみ野１丁目３７番地９,2019-12-27,その他の設立登記法人
一般社団法人日本住宅共済管理,東京都中央区銀座７丁目１５番５号,2019-12-27,その他の設立登記法人
一般社団法人日本卓球リーグ実業団連盟,東京都千代田区神田佐久間町３丁目３８番地,2019-12-27,その他の設立登記法人
一般社団法人日本植物由来乳酸菌推進協会,兵庫県尼崎市東難波町５丁目１番９号,2019-12-27,その他の設立登記法人
一般社団法人日本華人クリスチャンセンター,東京都荒川区東日暮里１丁目３８番５－８０３号,2019-12-27,その他の設立登記法人
一般社団法人東山閣,東京都千代田区霞が関３丁目２番５号,2019-12-27,その他の設立登記法人
一般社団法人迅,大阪府堺市東区菩提町１丁４５番地４,2019-12-27,その他の設立登記法人
一般社団法人静岡福祉事業組合,静岡県静岡市葵区南沼上３丁目９番３２号,2019-12-27,その他の設立登記法人
一般社団法人黒田育世事務所,東京都目黒区上目黒２丁目６番３号Ｋ＆Ｆ中目黒３０１,2019-12-27,その他の設立登記法人
一般社団法人Ｃｒｅａｔｉｖｅ　Ｒｅｓｐｏｎｓｅ,東京都千代田区有楽町１丁目１２番１号,2019-12-27,その他の設立登記法人
一般社団法人Ｆｌｏｗｅｒ　ｏｆ　Ｌｉｆｅ,千葉県千葉市中央区本町１丁目１０番１８号２Ｆ,2019-12-27,その他の設立登記法人
一般社団法人ＪＣＰＡ,東京都中央区銀座２丁目１１番１８号,2019-12-27,その他の設立登記法人
一般社団法人Ｌｉｆｅ,広島県山県郡北広島町有田字下十日市５０５番地,2019-12-27,その他の設立登記法人
一般社団法人Ｍａｔｔｙ協会,東京都港区白金台５丁目２２番１１号,2019-12-27,その他の設立登記法人
一般社団法人ＮＥＸＵＳ,石川県白山市八ツ矢町４２９番地１号,2019-12-27,その他の設立登記法人
一般社団法人ＰＥソーラー勝浦,東京都港区六本木３丁目２番１号六本木グランドタワー,2019-12-27,その他の設立登記法人
一般社団法人ＳＥＳ事業適正化協会,東京都中央区京橋１丁目６番１３号金葉ビル７階,2019-12-27,その他の設立登記法人
一般社団法人Ｓｅｅｄ,大阪府大阪市平野区長吉長原東３丁目２番５－４０１号,2019-12-27,その他の設立登記法人
一般社団法人Ｔｒｙ　Ａｎｇｌｅ,石川県金沢市菊川１丁目２６番４号,2019-12-27,その他の設立登記法人
一般財団法人今井精一記念財団,東京都世田谷区砧６丁目１５番地２号,2019-12-27,その他の設立登記法人
一般財団法人日本いたみ財団,東京都千代田区九段南１丁目１番５号,2019-12-27,その他の設立登記法人
一般財団法人永冨薬学奨学財団,大分県大分市下郡北１丁目４番４５号,2019-12-27,その他の設立登記法人
三協美建合同会社,埼玉県坂戸市本町１７番２７号,2019-12-27,合同会社
三宿オレンジクラフト株式会社,神奈川県横浜市港北区日吉５丁目１２番２２－３０９号,2019-12-27,株式会社
三結林業合同会社,宮崎県串間市大字西方１３９２６番地,2019-12-27,合同会社
上方工業株式会社,京都府京都市伏見区景勝町７３番地８レジデンス甲斐１０１号,2019-12-27,株式会社
上林建設工業株式会社,京都府船井郡京丹波町三ノ宮二反田１１番地２,2019-12-27,株式会社
仁和合同会社,東京都豊島区南池袋２丁目９－１５フォーディアル南池袋８０２号,2019-12-27,合同会社
佐久間徹設計事務所株式会社,東京都武蔵野市吉祥寺本町４丁目３２番２６号,2019-12-27,株式会社
佐藤産業株式会社,東京都墨田区文花１丁目３２番２－１１０７号,2019-12-27,株式会社
優＆Ｉ合同会社,鳥取県米子市淀江町小波１０７３番地２,2019-12-27,合同会社
全日本重機株式会社,千葉県木更津市高柳９２０番地１,2019-12-27,株式会社
医療法人とよおか歯科医院,愛知県蒲郡市豊岡町平田門２２番地２,2019-12-27,その他の設立登記法人
医療法人島崎歯科,愛知県海部郡蟹江町富吉３丁目２７１番地,2019-12-27,その他の設立登記法人
双鶴株式会社,京都府京都市東山区清水門前松原産寧坂西入清水四丁目１７０番地２７,2019-12-27,株式会社
合同会社あるも,島根県出雲市佐田町反邊１３７６番地５,2019-12-27,合同会社
合同会社おもちｅｘｐｌｏｓｉｏｎ,東京都八王子市横山町１８番２号フォーリア１００３号,2019-12-27,合同会社
合同会社まめたろう,東京都新宿区若葉２丁目７番地１８,2019-12-27,合同会社
合同会社まるたかフーズ,福岡県北九州市八幡東区西本町４丁目１番１号,2019-12-27,合同会社
合同会社アリス,東京都千代田区丸の内３丁目１番１号東京共同会計事務所内,2019-12-27,合同会社
合同会社アーバンリンク,東京都杉並区下井草３丁目４番２０号コート辻邑１－２０１,2019-12-27,合同会社
合同会社エスファム,東京都渋谷区代々木３丁目２３番４－２０５号,2019-12-27,合同会社
合同会社エムイーシー,千葉県船橋市松が丘２丁目３番１１号,2019-12-27,合同会社
合同会社キタオカ,愛知県名古屋市西区名駅２丁目３４－１７セントラル名古屋１１０１,2019-12-27,合同会社
合同会社ササンボン,大分県別府市大字北石垣４８番地１大分香りの博物館１階,2019-12-27,合同会社
合同会社セイルーフ,神奈川県川崎市高津区新作３丁目５番２０号,2019-12-27,合同会社
合同会社タンク,神奈川県川崎市幸区鹿島田１丁目１番５－４６０７号,2019-12-27,合同会社
合同会社トラスト,福岡県福岡市城南区別府３丁目４－２８－７０４,2019-12-27,合同会社
合同会社トレヴ,東京都世田谷区給田３丁目２８番１４号,2019-12-27,合同会社
合同会社ビー・ピー・エイチ,福岡県福岡市博多区上川端町１２番３号,2019-12-27,合同会社
合同会社ピンクブッダ,京都府京都市上京区信富町３２４番２号,2019-12-27,合同会社
合同会社ファイブエレメンツ,東京都荒川区東日暮里４丁目６番１号コスモ東日暮里グレイスフォルム６０１号,2019-12-27,合同会社
合同会社フローレンス・グローバルソリューション,神奈川県横浜市戸塚区上倉田町８８４番地１戸塚ハイライズ１１４号,2019-12-27,合同会社
合同会社ヘアーライフ,神奈川県横浜市港北区下田町６丁目３１番３－１０９号,2019-12-27,合同会社
合同会社ボクらＴｒｅｅ,岡山県浅口郡里庄町大字新庄グリーンクレスト２８番地７,2019-12-27,合同会社
合同会社ポジティブプランニング,熊本県熊本市南区土河原町５７０番地５,2019-12-27,合同会社
合同会社マルハ不動産,千葉県千葉市中央区中央３丁目１７番１－２８０４号,2019-12-27,合同会社
合同会社モノリト,北海道磯谷郡蘭越町字湯里１６２番地６９,2019-12-27,合同会社
合同会社ライズベスト,愛知県豊田市桝塚西町北小畔９７番地３,2019-12-27,合同会社
合同会社ライトステップ,愛媛県宇和島市錦町７番２６号,2019-12-27,合同会社
合同会社レバ,東京都立川市錦町１丁目１３番１２号立川サニーコート２０６,2019-12-27,合同会社
合同会社仁平,栃木県宇都宮市天神２丁目４番３９号,2019-12-27,合同会社
合同会社令和末広,青森県青森市千刈４丁目５番１７－１号,2019-12-27,合同会社
合同会社倉岡,宮崎県日南市北郷町大藤乙８９２番地２,2019-12-27,合同会社
合同会社全国被災総和診断,大阪府大阪市西区南堀江１丁目１１番９－６０１号,2019-12-27,合同会社
合同会社八幡油商,大阪府泉南市樽井４丁目３３－１５（２０７）,2019-12-27,合同会社
合同会社円和土地,岡山県倉敷市吉岡１１５－１,2019-12-27,合同会社
合同会社夢ぎわ治療院,東京都世田谷区宮坂３丁目１２番２０号２階,2019-12-27,合同会社
合同会社山本好子,大阪府大阪市中央区備後町３丁目６－２大雅ビル１０階,2019-12-27,合同会社
合同会社山本経理センター,広島県東広島市西条昭和町１７番２３号タナカビル４０２,2019-12-27,合同会社
合同会社帝国企画,千葉県山武市横田９４２－１４－２０１,2019-12-27,合同会社
合同会社晴,山口県防府市自由ケ丘３丁目２－４,2019-12-27,合同会社
合同会社曉,富山県富山市新庄北町１８番１７号,2019-12-27,合同会社
合同会社林商会,岐阜県羽島市堀津町須賀中５６－１,2019-12-27,合同会社
合同会社笹新産業保健コンサルティング,愛知県岩倉市中本町西出口６４番地３３,2019-12-27,合同会社
合同会社経堂,東京都世田谷区経堂２丁目３番８号２－Ａ,2019-12-27,合同会社
合同会社美山,大分県大分市舞鶴町１丁目７番２－５１６号（エイルマンション城址公園東）,2019-12-27,合同会社
合同会社茶釜,静岡県静岡市葵区安西３丁目２７番地,2019-12-27,合同会社
合同会社草田空調,愛知県一宮市三ツ井２丁目２６番４号,2019-12-27,合同会社
合同会社葉月,富山県高岡市金屋町７番１５号,2019-12-27,合同会社
合同会社阿多,宮城県仙台市青葉区小田原４丁目２番５０－２号１１０,2019-12-27,合同会社
合同会社高橋工業,千葉県松戸市牧の原２番地の７８リトム４０１号,2019-12-27,合同会社
合同会社高橋組,茨城県古河市中田新田３２番地１２,2019-12-27,合同会社
合同会社９６＆Ｃｏｍｐａｎｙ,東京都練馬区春日町１丁目２７番１０号,2019-12-27,合同会社
合同会社ＡＮＴ,山梨県甲斐市玉川１４４６番地３,2019-12-27,合同会社
合同会社Ａｐａｉｓｅｒ,鳥取県鳥取市広岡２１番地１,2019-12-27,合同会社
合同会社ＢＯＤＹ　ＭＡＫＥ　Ｓｔｕｄｉｏ創,茨城県つくば市学園南３丁目５０番地１８,2019-12-27,合同会社
合同会社Ｂｏｎｄｓ,大阪府大阪狭山市茱萸木４丁目２４６番１号,2019-12-27,合同会社
合同会社ＣｅｅＤ,東京都北区豊島４丁目１０番１７号,2019-12-27,合同会社
合同会社ＣｈａｒｍｅＭａｒｉａｇｅ,千葉県いすみ市岬町長者４７０－３,2019-12-27,合同会社
合同会社Ｄｏｌｅ　Ｊａｐａｎ　Ｈｏｌｄｉｎｇｓ,東京都港区北青山２丁目５番１号,2019-12-27,合同会社
合同会社ＥＳＴＩＬＯ,神奈川県川崎市高津区二子３丁目１０番１８－１号,2019-12-27,合同会社
合同会社ＥＶＩＴＡ,北海道札幌市中央区南九条西６丁目１番３０－２０２号,2019-12-27,合同会社
合同会社Ｅｎｔｅｒ－Ｖ,埼玉県久喜市久喜中央４丁目９番２０号相沢ビル１Ｂ室,2019-12-27,合同会社
合同会社ＦＬＯＷ,兵庫県神戸市中央区熊内町４丁目１２番４－９０６号,2019-12-27,合同会社
合同会社ＦＵＵＷＡ,東京都江戸川区宇喜田町１４８６番地２６,2019-12-27,合同会社
合同会社Ｇｅｃｋｏｕ,東京都武蔵野市吉祥寺本町１丁目２６番４号ｉ－ｏｆｆｉｃｅ吉祥寺,2019-12-27,合同会社
合同会社Ｇｉｖｅｔｅｃｈｓ,千葉県佐倉市西志津４丁目１０番１９号,2019-12-27,合同会社
合同会社Ｈ・Ｓ・Ｊ,埼玉県川口市弥平１丁目２番６号,2019-12-27,合同会社
合同会社ＪＡＮＮＥ　ＧＯＬＤ,奈良県大和郡山市筒井町４１８－３筒井ハイツ４５号,2019-12-27,合同会社
合同会社ＬＭＩ,京都府京都市伏見区深草平田町３３番地の９,2019-12-27,合同会社
合同会社ＬｅｇａｌＷｉｎ,神奈川県川崎市川崎区駅前本町１１番地２川崎フロンティアビル４階,2019-12-27,合同会社
合同会社Ｌｉｆｅ２Ｇａｒａｇｅ,福岡県豊前市大字八屋１２５８番地１,2019-12-27,合同会社
合同会社Ｎホーム,兵庫県神戸市垂水区神和台３丁目２０番６号,2019-12-27,合同会社
合同会社ＮＡＮＩＫＡ　Ｘ２,大阪府大阪市住之江区南港北１丁目２５番１０－１２１１号,2019-12-27,合同会社
合同会社ＯＲＩＧＩＮ,和歌山県橋本市さつき台１丁目９番地の５,2019-12-27,合同会社
合同会社ＲＩＳＥ,東京都千代田区内神田３丁目１２番５号渡辺住研ビル３階,2019-12-27,合同会社
合同会社ＳＫＴ,群馬県富岡市七日市１２５８－２７,2019-12-27,合同会社
合同会社ＳＭＳＣ,京都府京都市伏見区桃山町松平筑前１番地３１,2019-12-27,合同会社
合同会社Ｓｈｉｇｅｚｏｎｅ,東京都千代田区外神田１丁目１０番１１号,2019-12-27,合同会社
合同会社ＳｏＧｒｅｅｎ,千葉県千葉市緑区誉田町２丁目２８番５０号,2019-12-27,合同会社
合同会社ＳｕｎＶｉｌｌａｇｅ,北海道河東郡士幌町字士幌西２線１６６番地３４Ｍａｉｓｏｌｅｘ高徳１０２号室,2019-12-27,合同会社
合同会社ＴＯＫＹＯ６ＥＮＴＥＲＴＡＩＮＭＥＮＴ,東京都港区南青山２丁目２番１５号ウィン青山９４２,2019-12-27,合同会社
合同会社Ｕ’ｓ　ＡＵＴＯ,愛媛県松山市東垣生町２８１番地３,2019-12-27,合同会社
合同会社Ｗ．Ｂ．Ｓ．,静岡県浜松市東区半田山４丁目２８番２１号,2019-12-27,合同会社
合同会社ＷＲＬＩＧＨＴ,東京都世田谷区祖師谷３丁目６番１１号,2019-12-27,合同会社
合同会社Ｗｉｌｄ　Ｗｅｅｄｓ,大阪府吹田市清水１１番１－１００６号,2019-12-27,合同会社
合同会社ＺＥＲＯ,富山県高岡市大野１９３番地１ＥＣＲＵ・ＴＡＫＡＯＫＡ３０３号,2019-12-27,合同会社
合同会社ａｄｄｒｅｓｓ,神奈川県川崎市中原区小杉御殿町２丁目１５２番地３７,2019-12-27,合同会社
合同会社ｋｉｋｋａ,東京都文京区大塚３丁目８－１ステージグランデ文京大塚９０１,2019-12-27,合同会社
合同会社ｎｉｃｏｒｉ,愛知県名古屋市中村区本陣通４丁目１２番地センチュリーハイツ本陣１階Ｃ号,2019-12-27,合同会社
合同会社ｏｎｅ　ｓｔｅｐ　ｆｏｒｗａｒｄ,北海道札幌市豊平区平岸四条３丁目６番１２号ヴィラフェリーチェ平岸１Ｆ,2019-12-27,合同会社
合同会社ｔａｋａｎｏ,東京都葛飾区奥戸２丁目７番２３号,2019-12-27,合同会社
合同会社ｗａｎｗａｎ,大阪府豊中市上野西２丁目２０番２７－２０２号,2019-12-27,合同会社
合資会社Ｙａｍａｋｉ,東京都葛飾区奥戸１丁目３番１５－２０４号,2019-12-27,合資会社
土地家屋調査士法人いろは,福岡県福岡市西区愛宕２丁目１２－１０－１０２号,2019-12-27,その他の設立登記法人
坂村株式会社,東京都八王子市中町１０番５号,2019-12-27,株式会社
墨設備株式会社,岐阜県羽島市正木町大浦１３４０番地４,2019-12-27,株式会社
夢工業株式会社,愛知県北名古屋市二子栄和３９番地,2019-12-27,株式会社
安娜株式会社,千葉県千葉市中央区栄町２６番８－７０４号,2019-12-27,株式会社
富嶽松濤株式会社,山梨県南都留郡忍野村内野２００６番地,2019-12-27,株式会社
小鹿野町国際交流協会,埼玉県秩父郡小鹿野町小鹿野８９番地,2019-12-27,その他
岐南青果株式会社,岐阜県羽島郡岐南町徳田４丁目２０８番地,2019-12-27,株式会社
岡地不動産株式会社,東京都中央区日本橋小網町１８番１６号６０５,2019-12-27,株式会社
廿八有限公司,,2019-12-27,外国会社等
弁護士法人すみよし法律事務所,岐阜県岐阜市西玉宮町１丁目１０番地常川第一ビル２階２０１,2019-12-27,その他の設立登記法人
恒祥実業株式会社,千葉県八街市八街は１０５番地２６５,2019-12-27,株式会社
扇光建築株式会社,三重県伊勢市西豊浜町１４３３番地,2019-12-27,株式会社
日南風力発電株式会社,茨城県日立市幸町３丁目２番２号,2019-12-27,株式会社
曙電子株式会社,東京都大田区田園調布２丁目３番６号,2019-12-27,株式会社
有限会社朝日總合研究所,東京都練馬区桜台３丁目４５番地,2019-12-27,有限会社
未来フードソリューション協同組合,奈良県奈良市松陽台３丁目１番２２号,2019-12-27,その他の設立登記法人
東呉フーズ合同会社,大阪府大阪市淀川区新北野３丁目１１番１７－２０１号,2019-12-27,合同会社
東遠建設事業協同組合,静岡県御前崎市池新田７５５６番地の１,2019-12-27,その他の設立登記法人
松下アセットマネジメント株式会社,大阪府大阪市東住吉区今林２丁目２２番３０号,2019-12-27,株式会社
松下テクニカルサポート株式会社,大阪府大阪市東住吉区今林２丁目２２番３０号,2019-12-27,株式会社
林のｓｔｕｄｉｏ合同会社,東京都文京区大塚５丁目２８－１２吉田ビル４０１,2019-12-27,合同会社
株式会社あきは新聞販売,神奈川県横浜市戸塚区柏尾町９５３番地５,2019-12-27,株式会社
株式会社いろり千葉,千葉県柏市旭町１丁目１０番５号サンシャインヒルズ１Ｆ,2019-12-27,株式会社
株式会社ことはホールディングス,東京都渋谷区宇田川町１０番３号,2019-12-27,株式会社
株式会社せばた集団,茨城県坂東市辺田７００番地４,2019-12-27,株式会社
株式会社なかがわ,北海道亀田郡七飯町大中山２丁目２番４３号,2019-12-27,株式会社
株式会社ひしだ,京都府京都市伏見区醍醐鍵尾町１５番地２５,2019-12-27,株式会社
株式会社ひなた会,大阪府茨木市竹橋町１０番２５号,2019-12-27,株式会社
株式会社ふじかわ,千葉県柏市柏１丁目４番２６号,2019-12-27,株式会社
株式会社ふじはな,宮崎県日向市梶木町２丁目１４１番地,2019-12-27,株式会社
株式会社やんばるスパイク,沖縄県名護市字伊差川１０５２番地２,2019-12-27,株式会社
株式会社アイカナ,東京都狛江市東和泉３丁目１４番５号クラソ狛江１０５,2019-12-27,株式会社
株式会社アイビーズ,東京都渋谷区円山町５番５号,2019-12-27,株式会社
株式会社アイ・グローバル,沖縄県浦添市城間１丁目２番１号,2019-12-27,株式会社
株式会社アズワンスタッフ,三重県松阪市駅部田町１４８５番地５コーポ駅部田２０１号室,2019-12-27,株式会社
株式会社アナナス・アンコニュ,大阪府大阪市都島区都島中通１丁目１６番１６号,2019-12-27,株式会社
株式会社アルソア千香,愛知県額田郡幸田町大字大草字稲場３０番地１,2019-12-27,株式会社
株式会社アルベルゴ,千葉県千葉市中央区椿森１丁目２６番９号コンラッドビル,2019-12-27,株式会社
株式会社アレス,香川県善通寺市生野町１７７７番地２３リバーハウス７号,2019-12-27,株式会社
株式会社アンバー,埼玉県川口市江戸袋１丁目１５番２号,2019-12-27,株式会社
株式会社アービス,神奈川県川崎市高津区新作４丁目１１番６号,2019-12-27,株式会社
株式会社イジゲン,大阪府大阪市中央区島之内１丁目１５番１０号,2019-12-27,株式会社
株式会社インテリア・ユタカ,大阪府寝屋川市萱島東３丁目１９番２－３０２号,2019-12-27,株式会社
株式会社イーグルハート,広島県広島市南区京橋町１番７号アスティ広島京橋ビルディング,2019-12-27,株式会社
株式会社ウィルプランニング,長崎県佐世保市下京町１０番６号,2019-12-27,株式会社
株式会社ウメカワコトラ,長野県小諸市大字柏木４５５番地１,2019-12-27,株式会社
株式会社エスアール企画,長崎県島原市宮の町６８７番地,2019-12-27,株式会社
株式会社エスシーエス,大阪府南河内郡河南町さくら坂２丁目９番９号,2019-12-27,株式会社
株式会社エッセンス,東京都渋谷区渋谷１丁目１５番１５－９１２号テラス渋谷美竹,2019-12-27,株式会社
株式会社エヌ,大阪府大阪市北区梅田１丁目１番３－２７００大阪駅前第３ビル２７階,2019-12-27,株式会社
株式会社エヌファクトリー,埼玉県川口市西川口６丁目７番８号,2019-12-27,株式会社
株式会社エムエスシティーサービス,東京都立川市西砂町５丁目６６番地の６,2019-12-27,株式会社
株式会社エムテック,兵庫県神戸市中央区港島中町３丁目２番地の６エバーグリーンポートアイランド３号棟８０１号,2019-12-27,株式会社
株式会社エモバ,神奈川県川崎市多摩区枡形５丁目２１－５向ヶ丘ローズハイツ１０２,2019-12-27,株式会社
株式会社エービス,茨城県鹿嶋市大字小山１００９番地５３,2019-12-27,株式会社
株式会社オオニシ,大阪府大東市氷野３丁目２番２８号,2019-12-27,株式会社
株式会社オレンジ,宮城県仙台市青葉区栗生５丁目１８番地の１８,2019-12-27,株式会社
株式会社オーブ,神奈川県横須賀市若松町１丁目６番地,2019-12-27,株式会社
株式会社オーロラａｒｋ,沖縄県中頭郡西原町字幸地５８０番地の３、１Ｆ,2019-12-27,株式会社
株式会社カムラッド,東京都福生市加美平１丁目６番地１７,2019-12-27,株式会社
株式会社カラダリメイク,愛知県江南市布袋下山町西６番地,2019-12-27,株式会社
株式会社カームリーコート,滋賀県守山市勝部１丁目１７番６８号,2019-12-27,株式会社
株式会社ガレージフナハシ,愛知県名古屋市緑区野末町１０１５,2019-12-27,株式会社
株式会社キャプドン,東京都目黒区下目黒１丁目４番６号,2019-12-27,株式会社
株式会社クドウ,千葉県千葉市花見川区犢橋町１６３０番地１,2019-12-27,株式会社
株式会社クリプト,東京都渋谷区富ヶ谷１丁目２１－８,2019-12-27,株式会社
株式会社クレイエル,東京都世田谷区奥沢６丁目３３番７－２０２号,2019-12-27,株式会社
株式会社クロスマイフィンガーズ,埼玉県川口市南鳩ヶ谷７丁目７番８号,2019-12-27,株式会社
株式会社グリームクローバー,東京都中野区中野３丁目３０番１５号,2019-12-27,株式会社
株式会社グリーン・スピード,千葉県柏市東上町２番２８号第一水戸屋ビル３階,2019-12-27,株式会社
株式会社コサテック,滋賀県野洲市吉川２８００番地２,2019-12-27,株式会社
株式会社コンピュート,東京都葛飾区西亀有１丁目２５番１８－６０１号コスモ西亀有,2019-12-27,株式会社
株式会社コード,東京都港区新橋１丁目１２番９号,2019-12-27,株式会社
株式会社ゴークリエイトガーデン,茨城県日立市桜川町２丁目１４番１３号,2019-12-27,株式会社
株式会社ゴールデンサニー,神奈川県横浜市中区本牧元町５５番７－３０６号,2019-12-27,株式会社
株式会社サイクロンジョー,東京都足立区中川１丁目８番４号,2019-12-27,株式会社
株式会社サポートラボ,愛媛県松山市三番町７丁目５番地１,2019-12-27,株式会社
株式会社サムライフード,三重県松阪市上川町１７１８番地１,2019-12-27,株式会社
株式会社サンタメディカル,兵庫県姫路市手柄１丁目２５番地,2019-12-27,株式会社
株式会社シコメルフードテック,大阪府大阪市平野区長吉川辺２丁目８番２５号,2019-12-27,株式会社
株式会社シフト,神奈川県横浜市旭区上白根町８９５番地６熊谷荘１０１号,2019-12-27,株式会社
株式会社シュゼット・ダイレクト・マーケティング,兵庫県西宮市久保町５番１６号,2019-12-27,株式会社
株式会社スギヤマトレーディング,埼玉県入間市大字狭山ケ原１１番地１４,2019-12-27,株式会社
株式会社スマイルネクスト,徳島県徳島市佐古二番町１３番１８号,2019-12-27,株式会社
株式会社スリジエ,東京都品川区南大井３丁目２０番１１号伊藤ビル６階,2019-12-27,株式会社
株式会社セカンド・プレイス,北海道旭川市末広二条５丁目１番２３号,2019-12-27,株式会社
株式会社セキテック,東京都北区滝野川３丁目４８番１号,2019-12-27,株式会社
株式会社テイクハンド,神奈川県横浜市青葉区藤が丘２丁目７番地８アルス藤が丘ステーショングランデ４０９,2019-12-27,株式会社
株式会社テルボウズ,福井県福井市二の宮４丁目１番１０号,2019-12-27,株式会社
株式会社デイドリーム,東京都世田谷区砧１丁目４番１５号,2019-12-27,株式会社
株式会社トッププラス,東京都荒川区東尾久１丁目４－１２,2019-12-27,株式会社
株式会社トライリスタ,大阪府大東市川中新町３２番３０５号,2019-12-27,株式会社
株式会社トラス,岡山県加賀郡吉備中央町西３２８０番地１,2019-12-27,株式会社
株式会社ドライサービス,愛知県名古屋市東区山口町４１番地の２ハートフル徳川１Ｆ,2019-12-27,株式会社
株式会社ドリームネットワーク,愛媛県北宇和郡松野町大字蕨生８４８番地,2019-12-27,株式会社
株式会社ネオ・ジパング,北海道札幌市厚別区青葉町１０丁目５番３１号,2019-12-27,株式会社
株式会社ノビツー,新潟県長岡市城内町３丁目８番１７号,2019-12-27,株式会社
株式会社バウンダリーライン,大阪府八尾市神宮寺１丁目７５番地の６,2019-12-27,株式会社
株式会社ビオ・ソラーレ,東京都八王子市万町２４,2019-12-27,株式会社
株式会社ファーム伊讃美ケ原,茨城県筑西市伊讃美２６３番地１,2019-12-27,株式会社
株式会社フィルムラボ,福岡県福岡市博多区諸岡３丁目２４番１０－７０２号,2019-12-27,株式会社
株式会社フォーカム,東京都江東区森下５丁目１８番７号,2019-12-27,株式会社
株式会社フューチャープランニング,東京都府中市晴見町２丁目１９番地の１シュロス府中パークアリーナ２０６,2019-12-27,株式会社
株式会社プライムコーポレーション,埼玉県所沢市東所沢和田２丁目２５番２１号,2019-12-27,株式会社
株式会社プラスジュウハチド,岐阜県岐阜市千石町２丁目２１番地,2019-12-27,株式会社
株式会社プレザントバディ,北海道札幌市中央区南七条西１２丁目１番７－２０２号,2019-12-27,株式会社
株式会社ヘンプカーム,山梨県北杜市小淵沢町上笹尾３３２９番地３３,2019-12-27,株式会社
株式会社ホンプランニング,神奈川県横浜市都筑区中川中央１丁目２９番２－１００３号,2019-12-27,株式会社
株式会社ミヤマアライアンス,鳥取県鳥取市天神町２３,2019-12-27,株式会社
株式会社ミライ,滋賀県大津市稲葉台１２番３号,2019-12-27,株式会社
株式会社メディアプラス,大阪府大阪市旭区高殿３丁目２４番６号,2019-12-27,株式会社
株式会社ヤマモト技建,静岡県裾野市富沢字向田２３５番地,2019-12-27,株式会社
株式会社ラビアンローズ,兵庫県丹波市山南町長野１３６番地６,2019-12-27,株式会社
株式会社ラポール・ゴルフ,兵庫県西宮市松原町６番１４－３０２号,2019-12-27,株式会社
株式会社ラムダテクノ,東京都大田区大森西１丁目１９番３号,2019-12-27,株式会社
株式会社ランテック,奈良県奈良市中山町１４２０番地の１,2019-12-27,株式会社
株式会社ランドマーク,千葉県千葉市中央区宮崎２丁目１番８号,2019-12-27,株式会社
株式会社リベルタ,神奈川県横浜市鶴見区北寺尾２丁目１３番２９号クレインハウス１０１,2019-12-27,株式会社
株式会社ルシーダジャパン,大阪府大阪市西区北堀江２丁目６番１６号ＢＬＡＮＣ北堀江１００１号室,2019-12-27,株式会社
株式会社レイヴ,滋賀県近江八幡市若宮町６６３－１伊藤ビル２０２,2019-12-27,株式会社
株式会社ワンクリエイト,大阪府大阪市阿倍野区阿倍野筋１丁目１番４３号,2019-12-27,株式会社
株式会社ワーズ解工,千葉県館山市大賀８５２番地,2019-12-27,株式会社
株式会社ヴィラ,兵庫県川西市中央町５番１号,2019-12-27,株式会社
株式会社ヴィヴィクリエイト,京都府京都市東山区新橋通大和大路東入林下町４２２番地円山ビル５階,2019-12-27,株式会社
株式会社一真冷熱工業,東京都立川市上砂町３丁目５２番地の４ウエストＡ,2019-12-27,株式会社
株式会社七福神,大阪府東大阪市西堤西３番２０号,2019-12-27,株式会社
株式会社三つのわ,埼玉県越谷市蒲生２丁目９番４２号,2019-12-27,株式会社
株式会社三恵子,広島県広島市南区松原町５番２－１８１１号,2019-12-27,株式会社
株式会社世鋼社設計事務所,大阪府大阪市住吉区長居東４丁目８番２号長居東ビル２階,2019-12-27,株式会社
株式会社中島,東京都港区芝浦４丁目１６番３１－４０４号,2019-12-27,株式会社
株式会社中西アセットマネジメント,大阪府大阪市城東区今福西６丁目１番９号,2019-12-27,株式会社
株式会社丸山エンジニアリング,大阪府八尾市刑部１丁目１７４番地,2019-12-27,株式会社
株式会社久万山,愛媛県上浮穴郡久万高原町東明神乙３８１番地５,2019-12-27,株式会社
株式会社井上造園,大阪府枚方市長尾元町１丁目３３番６７号,2019-12-27,株式会社
株式会社人トナリ,東京都渋谷区神宮前２丁目１９番地２,2019-12-27,株式会社
株式会社佐倉設備,埼玉県入間郡三芳町大字藤久保８５５番地６,2019-12-27,株式会社
株式会社佐藤林業,宮崎県延岡市北浦町三川内５１７０番地,2019-12-27,株式会社
株式会社優待ステーション,大阪府大阪市西区阿波座１丁目１５番１６号,2019-12-27,株式会社
株式会社八尾式,富山県富山市八尾町福島３丁目１６８番地,2019-12-27,株式会社
株式会社八洲物流,愛知県名古屋市港区藤前１丁目９０６番地,2019-12-27,株式会社
株式会社利根川工務店,東京都江戸川区中葛西７丁目８番８－５０１号,2019-12-27,株式会社
株式会社勇星フードカンパニー,福島県郡山市桑野１丁目１４番１号フォーシーズン開成山公園１１０３号,2019-12-27,株式会社
株式会社友グリーン,兵庫県神戸市中央区二宮町４丁目２１－３－２０３,2019-12-27,株式会社
株式会社吉祥クリーン,岡山県加賀郡吉備中央町西３２７７番地１,2019-12-27,株式会社
株式会社名徳設備工業,愛知県知多市つつじが丘２丁目１３番地の１４－１０２号室,2019-12-27,株式会社
株式会社國誌學,東京都新宿区西早稲田１丁目１１番６号４Ｆ,2019-12-27,株式会社
株式会社地域創発コラボレーション,東京都品川区大井６丁目２番１３号,2019-12-27,株式会社
株式会社堀養蜂園,岐阜県恵那市山岡町久保原４４３番地,2019-12-27,株式会社
株式会社報德,東京都葛飾区東新小岩２丁目２８番９－３０１号ファーストシーン新小岩ラティス,2019-12-27,株式会社
株式会社大木リアルエステート,千葉県八千代市八千代台南３丁目１番１号,2019-12-27,株式会社
株式会社大森工務店,大阪府大阪市淀川区田川北１丁目９－１７,2019-12-27,株式会社
株式会社大西鈑金塗装,和歌山県和歌山市梶取字新作２９３番６,2019-12-27,株式会社
株式会社奄美東条設計,鹿児島県奄美市名瀬長浜町２２番１５号,2019-12-27,株式会社
株式会社島ケアサポートセンター,福島県白河市関辺中道下２１－３,2019-12-27,株式会社
株式会社帝,兵庫県神戸市西区神出町古神１５７番地の１７９,2019-12-27,株式会社
株式会社広島アセットマネジメント,広島県広島市中区十日市町２丁目１番１４号,2019-12-27,株式会社
株式会社新日本勇翔,福島県福島市飯坂町字梍町２３番地の１,2019-12-27,株式会社
株式会社日本薬物検査機構,京都府京都市下京区室町通松原下る元両替町２４５番地１,2019-12-27,株式会社
株式会社明生,東京都千代田区神田練塀町３００番地グランヴィスタ神田練塀町１９０２号,2019-12-27,株式会社
株式会社晟拓リソーシズ,大阪府大阪市此花区西九条１丁目１６番１８号,2019-12-27,株式会社
株式会社服部鉄工所,岐阜県羽島郡笠松町二見町６４番地の２,2019-12-27,株式会社
株式会社栗原架設,群馬県伊勢崎市美茂呂町４０２７番地２９,2019-12-27,株式会社
株式会社桜楓,三重県鈴鹿市国府町４１９５番地,2019-12-27,株式会社
株式会社楽食,京都府京都市右京区花園内畑町１番地３２,2019-12-27,株式会社
株式会社泰成電気,千葉県千葉市緑区高田町１０７５番地３５,2019-12-27,株式会社
株式会社渚,愛知県名古屋市天白区元八事３丁目１０７番地,2019-12-27,株式会社
株式会社無茶苦茶,東京都渋谷区神南１丁目１３番１５号神南ペアシティ８０１号,2019-12-27,株式会社
株式会社用田新聞販売店,神奈川県藤沢市宮原３２１９番地の２,2019-12-27,株式会社
株式会社相川総業,東京都大田区萩中１丁目４番２３号,2019-12-27,株式会社
株式会社矢木メンテナンス,兵庫県相生市佐方２丁目５－３,2019-12-27,株式会社
株式会社磯波勇Ｆ,東京都稲城市大丸２６６番地３０,2019-12-27,株式会社
株式会社神力,大阪府大阪市中央区松屋町住吉６番１８号ｓｌａｔ５０１,2019-12-27,株式会社
株式会社神城山,愛知県名古屋市千種区西崎町１丁目６３番地の３,2019-12-27,株式会社
株式会社福徳,青森県北津軽郡鶴田町大字鶴田字相原３３９番地４,2019-12-27,株式会社
株式会社稲木工務店,静岡県駿東郡清水町戸田５９番地の１,2019-12-27,株式会社
株式会社箔,大阪府大阪市中央区南久宝寺町１丁目３番６号,2019-12-27,株式会社
株式会社細野ファーム,岐阜県揖斐郡池田町萩原６４５番地,2019-12-27,株式会社
株式会社経緯,大阪府大阪市東淀川区豊新５丁目１２番５５号ビルディングⅦ４０２号,2019-12-27,株式会社
株式会社美輝登,神奈川県横浜市都筑区中川中央１丁目３８番４号ＨＳビル３Ｆ,2019-12-27,株式会社
株式会社翼グローバル,神奈川県川崎市中原区木月１丁目２３番１４号ピアパレス４０２号室,2019-12-27,株式会社
株式会社興和興陽,茨城県古河市雷電町１０番１５,2019-12-27,株式会社
株式会社葵創建,東京都足立区西保木間４丁目１４番２６号谷口ビル３０１,2019-12-27,株式会社
株式会社薩洲鋼業,鹿児島県薩摩川内市祁答院町藺牟田８９８８－１,2019-12-27,株式会社
株式会社藤田,愛知県半田市岩滑南浜町５３番地,2019-12-27,株式会社
株式会社虎ノ門鳥茂,東京都港区虎ノ門１丁目１７番１号,2019-12-27,株式会社
株式会社衆朋,神奈川県横浜市南区蒔田町字伊勢山８４１番地１蒔田団地２棟２０４号,2019-12-27,株式会社
株式会社裕美工業,広島県安芸郡府中町石井城１丁目７番１３号,2019-12-27,株式会社
株式会社起正,石川県加賀市山代温泉桔梗丘３丁目９６番地の１,2019-12-27,株式会社
株式会社野平設備,茨城県稲敷市佐倉３３０５番地３,2019-12-27,株式会社
株式会社８３,大阪府茨木市大手町９番２６号吉川ビル３Ｆ,2019-12-27,株式会社
株式会社ＡＡＫ,宮城県仙台市泉区市名坂字鳥井原３２番地の３,2019-12-27,株式会社
株式会社ＡＢＫ,東京都目黒区鷹番２丁目２０番５号,2019-12-27,株式会社
株式会社ＡＬＵＣＩＺ,大阪府大阪市天王寺区生玉町１１番２９－２０４号,2019-12-27,株式会社
株式会社ＡＮＣ,秋田県秋田市旭南３丁目２番７０号,2019-12-27,株式会社
株式会社ＡＮＤ　ＪＢＳＫ,東京都渋谷区広尾５丁目１４番２号,2019-12-27,株式会社
株式会社ＡａｎｄＴ,神奈川県横浜市港北区新吉田東５丁目１０番１１号,2019-12-27,株式会社
株式会社Ａｃｅ,愛知県豊田市栄生町４丁目２６番地１,2019-12-27,株式会社
株式会社ＢＡ＆Ｃ,大阪府大阪市北区梅田１丁目２番２号大阪駅前第２ビル２階５－６号,2019-12-27,株式会社
株式会社ＢＡＲＣ,東京都渋谷区渋谷３丁目６番２号エクラート渋谷５階,2019-12-27,株式会社
株式会社ＢＭ,京都府宇治市槇島町西鴫沢８５貸倉庫Ｎｏ１,2019-12-27,株式会社
株式会社Ｂｉｇ　Ｂａｎｇ　Ｂｒａｉｎ,愛知県名古屋市守山区脇田町２０５番地,2019-12-27,株式会社
株式会社Ｂｌｕｅ,東京都渋谷区渋谷３丁目１４番３号渋谷Ｎビル３Ｆ,2019-12-27,株式会社
株式会社Ｂｒｏｔｈｅｒ,東京都大田区蒲田５丁目２０番３号ｂｅｌｌｖｉｅｋａｍａｔａ２０１,2019-12-27,株式会社
株式会社ＣＡＮＯＷ,宮城県仙台市太白区長町南１丁目１８番１８号シャーメゾン長町南１０３,2019-12-27,株式会社
株式会社ＣＬＥＡＲ,大阪府大阪市中央区東心斎橋２丁目６番１４号３階,2019-12-27,株式会社
株式会社ＣＯＣＯＬＯ　ＣＯＭＰＡＮＹ,大阪府豊中市今在家町２０番３号,2019-12-27,株式会社
株式会社ＣＯＮＣＥＮＴＲＡＴＥ,東京都世田谷区祖師谷３丁目４１番６号,2019-12-27,株式会社
株式会社ＣＯＷＣＯＷ　ＨＯＭＥ,北海道札幌市中央区大通東４丁目米澤ビル４Ｆ,2019-12-27,株式会社
株式会社Ｃｈａｒｍｅ,大阪府大阪市中央区南船場４丁目７番２２号船場ＮＳビル３階,2019-12-27,株式会社
株式会社Ｄ－Ｐｌｕｓ,鹿児島県霧島市国分中央３丁目３５番１０号,2019-12-27,株式会社
株式会社ＤＴＫ,静岡県沼津市西島町１９番５８号,2019-12-27,株式会社
株式会社Ｄａｉｔｏ　Ｗｏｒｋ,大阪府摂津市鳥飼本町２丁目２番３２号,2019-12-27,株式会社
株式会社Ｄｏ　Ｌｉｆｅ,東京都世田谷区下馬１丁目２１番１４号,2019-12-27,株式会社
株式会社Ｄｙｎａｍｉｃ　Ｔｒｅｅ,愛知県名古屋市中村区名駅２丁目３６番２号,2019-12-27,株式会社
株式会社ＥＬＬＥ,大阪府大阪市中央区東心斎橋１丁目１７番１号コスミビル４Ｆ,2019-12-27,株式会社
株式会社ＦＩＮＥ,神奈川県横浜市港北区高田西１丁目１２番３１号,2019-12-27,株式会社
株式会社ＦＲエステート,大阪府大阪市中央区南船場２丁目１０番２１号日宝サンキュービル４階１０号,2019-12-27,株式会社
株式会社Ｆｕｔｕｒｅ　Ｉｎｄｕｓｔｒｙ,東京都品川区南大井３丁目２０番１－２０６号,2019-12-27,株式会社
株式会社ＧＡＭ,愛知県豊橋市中浜町２１９番地４５,2019-12-27,株式会社
株式会社ＧＲＥＥＮＣＯＬＬＡＲ,東京都中央区日本橋室町２丁目１番１号,2019-12-27,株式会社
株式会社Ｇｏｌｄｅｎ　Ｈｅａｒｔ,千葉県船橋市習志野台４丁目５７番１６号,2019-12-27,株式会社
株式会社Ｇｒａｖｉｔｙ　Ｊａｐａｎ,東京都新宿区南元町２５番６号,2019-12-27,株式会社
株式会社ＨＩＴＯＨＡ,千葉県八街市八街に１０６番地１６,2019-12-27,株式会社
株式会社ＨＭＤＥＲＹ,埼玉県入間市小谷田３丁目９番２９号,2019-12-27,株式会社
株式会社ＨＯＫＫＥＮ,新潟県新潟市中央区京王１丁目１番１５号,2019-12-27,株式会社
株式会社ＨＷ,沖縄県那覇市字国場５１２番地,2019-12-27,株式会社
株式会社ＨａｔａＩｒｏ．,京都府京都市下京区綾小路通麩屋町西入ル塩屋町８０番地コスモファースト１階,2019-12-27,株式会社
株式会社Ｉ＆Ｔ企画,大阪府大阪市淀川区加島３丁目１０番４１号,2019-12-27,株式会社
株式会社ＩＮＦＩＮＩＴＹ,大阪府大阪市西区南堀江１丁目２４番２１－９１０号,2019-12-27,株式会社
株式会社Ｉｎｎｏｖａｔｉｏｎ,秋田県秋田市山王沼田町１番１５号山王オフィスビル,2019-12-27,株式会社
株式会社Ｉｔｏ,大阪府大阪市中央区博労町１丁目４番１０号博労町エステートビル,2019-12-27,株式会社
株式会社ＪＡＰＡＮ　ＣＯＮＳＥＲＶＡＴＩＯＮ　ＯＦ　ＴＨＥ　ＥＡＲＴＨ,東京都新宿区百人町１丁目２３番３号亀井ビル３階,2019-12-27,株式会社
株式会社ＪＫ－Ｔ,滋賀県甲賀市水口町八坂８－４,2019-12-27,株式会社
株式会社ＪＫＣ　ＧＬＯＢＡＬ,東京都豊島区南池袋２丁目１９番１号,2019-12-27,株式会社
株式会社ＪＲＣコンサルティング,東京都渋谷区恵比寿南１丁目１番１号,2019-12-27,株式会社
株式会社Ｋ・Ｃ・Ｄ,長野県松本市村井町南１丁目１番６号フリージアＡ,2019-12-27,株式会社
株式会社Ｋ．Ｓ．Ｂ．Ｃ,広島県広島市中区堺町２丁目４番２９－２０１号,2019-12-27,株式会社
株式会社ＫＡＳＡＧＯ,東京都墨田区太平３丁目２番１号第一池田ビル１階,2019-12-27,株式会社
株式会社ＫＩＲＡＲＡ,静岡県伊豆の国市長岡８３９番地の１１,2019-12-27,株式会社
株式会社ＫＵＲＡ設計一級建築士事務所,埼玉県春日部市南１丁目１番７号東部地域振興ふれあい拠点施設５Ｆ,2019-12-27,株式会社
株式会社ＬＡＰ．ＴＯＫＹＯ,東京都立川市錦町２丁目１番２８号,2019-12-27,株式会社
株式会社ＬＩＡＢＲＩＤＧＥ,大阪府大阪市中央区安土町２丁目２番１５号,2019-12-27,株式会社
株式会社ＬＯＶＥ　ＧＲＯＵＰ,愛知県名古屋市中区大井町７番２９号,2019-12-27,株式会社
株式会社ＬａｄｙＢｕｇ,東京都新宿区西新宿３丁目７番１号新宿パークタワー,2019-12-27,株式会社
株式会社Ｌｉｋｏ,東京都豊島区南池袋２丁目２８番２号第１ＹＨビル１Ｆ,2019-12-27,株式会社
株式会社ＬｉｎｋＬｉｎｋ,東京都江東区住吉１丁目８番３号,2019-12-27,株式会社
株式会社Ｌｉｖｅ　Ｕｐ,静岡県静岡市葵区瀬名１丁目１２－１ウィステリア瀬名１０４号室,2019-12-27,株式会社
株式会社Ｌｉｖｅ　ｏｎ　ｆａｉｔｈ,東京都千代田区神田佐久間町１丁目１４番地,2019-12-27,株式会社
株式会社Ｌｏｈ．ｉｎｃ,東京都墨田区押上３丁目２５番１７号,2019-12-27,株式会社
株式会社Ｍ－ＳＴＹＬＥ,兵庫県神戸市中央区北本町通５丁目２番１６－００５号,2019-12-27,株式会社
株式会社Ｍ．Ｍ．Ｉ．,福岡県福岡市中央区天神３丁目７番９号,2019-12-27,株式会社
株式会社ＭＡＮＡＣＡＲＥＥＲ,東京都新宿区西新宿３丁目７番１号新宿パークタワー,2019-12-27,株式会社
株式会社ＭＡＲＴ湘南,神奈川県茅ヶ崎市浜竹１丁目５番３５号,2019-12-27,株式会社
株式会社ＭＫスタイル,愛知県名古屋市中区錦１丁目１３番２６号,2019-12-27,株式会社
株式会社Ｍｉ電気,福井県福井市清水山町第５４号１７番地,2019-12-27,株式会社
株式会社Ｍｉｎｉ　Ｃｒｅａｔｉｏｎ,京都府綾部市里町向屋敷５番地の２,2019-12-27,株式会社
株式会社Ｍｉｙａｍｏｔｏ　Ｉｎｔｅｒｎａｔｉｏｎａｌ　Ｄｉｓａｓｔｅｒ　Ｍａｎａｇｅｍｅｎｔ,東京都大田区田園調布１丁目４４番１８号,2019-12-27,株式会社
株式会社ＭｏｒｏＡｃｔｉｖｅ,埼玉県入間郡毛呂山町大字小田谷１２８番地５ハイツ小田谷１号,2019-12-27,株式会社
株式会社Ｎ．Ｋエステート,東京都世田谷区池尻４丁目２０－２０,2019-12-27,株式会社
株式会社ＮＢＴＣ,神奈川県横浜市中区本牧元町７５番３８号,2019-12-27,株式会社
株式会社Ｎｅｏ　ｍａｔｅ,東京都渋谷区代々木１丁目４５番４号代々木山陽ビル４階,2019-12-27,株式会社
株式会社ＯＺ,東京都葛飾区白鳥３丁目１番１－４１６号ライオンズシティお花茶屋,2019-12-27,株式会社
株式会社Ｏｎｌｙ－Ｏｎｅ,福島県郡山市緑町１５番７号,2019-12-27,株式会社
株式会社ＰＬＡＣＥ,東京都世田谷区用賀３丁目１８番４号,2019-12-27,株式会社
株式会社ＰＯＫ,東京都大田区鵜の木２丁目３３番１７号アミコート鵜の木１０２,2019-12-27,株式会社
株式会社Ｐｉｘｙ,神奈川県横浜市緑区台村町３０９番地１,2019-12-27,株式会社
株式会社Ｐｌｅａｓｕｒｅ,茨城県つくばみらい市陽光台２丁目２番地１,2019-12-27,株式会社
株式会社Ｑｕｅｓｔ,愛知県一宮市今伊勢町宮後字東茶原４６番地３,2019-12-27,株式会社
株式会社ＲＡＳ,大阪府大阪市北区大淀南１丁目２番９号,2019-12-27,株式会社
株式会社ＲＩＮＡ　ＳＭＩＬＥ　ＰＬＵＳ,東京都町田市成瀬６丁目１０番１６－９１０号,2019-12-27,株式会社
株式会社ＲＯＥＬ,岐阜県高山市西之一色町３丁目１６８５番地１,2019-12-27,株式会社
株式会社Ｒａｄｗａｖｅ,千葉県柏市柏３丁目６番２５号柏ツインビル２－５０１,2019-12-27,株式会社
株式会社Ｒｅｎａｔｕｓ,神奈川県横浜市金沢区東朝比奈３丁目２番６号,2019-12-27,株式会社
株式会社Ｒｏｃｋｂｒｉｄｇｅ,東京都世田谷区成城１丁目４番１号東宝スタジオプロダクションセンター３０６,2019-12-27,株式会社
株式会社Ｓ．Ｋホールディングス,福岡県福岡市博多区上川端町８番２１号,2019-12-27,株式会社
株式会社Ｓ．Ｔリサーチ,鹿児島県いちき串木野市ひばりが丘５７８４番地３,2019-12-27,株式会社
株式会社ＳＢＴ,東京都渋谷区神宮前６丁目２５番８号神宮前コーポラス９０６号室,2019-12-27,株式会社
株式会社ＳＲ,静岡県静岡市清水区八坂南町１番３４号レジデンス八坂４０３,2019-12-27,株式会社
株式会社ＳＴ,愛知県岡崎市欠町字下口３１番地１,2019-12-27,株式会社
株式会社ＳＵＰＷＡＴ,東京都渋谷区恵比寿３丁目４６番７号,2019-12-27,株式会社
株式会社Ｓｈａｒｅ　Ｔｈｅ　Ｗｏｒｌｄ,栃木県小山市犬塚５丁目２番３５ピーノスミレＡ棟,2019-12-27,株式会社
株式会社ＳｏｍｅＬｉｅｄ,愛知県名古屋市北区西味鋺２丁目７１６番地,2019-12-27,株式会社
株式会社Ｓｏｕｋｉ　Ｐｒｏｄｕｃｔｉｏｎ,東京都立川市錦町１丁目１８番７号コモド３０６号室,2019-12-27,株式会社
株式会社Ｓｐａｒｋｌｅ,大阪府大阪市北区西天満６丁目２－１４マッセ梅田ビル２号館３０１号室,2019-12-27,株式会社
株式会社ＳｔｏｃｋＰｏｒｔ,兵庫県尼崎市昭和南通６丁目１３５番地の６,2019-12-27,株式会社
株式会社Ｔ－ＰＲＯ,和歌山県和歌山市十二番丁６９番地スカイハイツマンション十二番丁２階２Ａ号室,2019-12-27,株式会社
株式会社Ｔ－ｃｒｅａｔｅ,千葉県市原市馬立１６５４番地の６,2019-12-27,株式会社
株式会社ＴＫイノベーション,大阪府大阪市中央区島之内１丁目２１－２３－４Ｆ,2019-12-27,株式会社
株式会社ＴＫＭ,茨城県石岡市東大橋３１５０番地１,2019-12-27,株式会社
株式会社ＴＮＳ,宮城県仙台市青葉区北目町１番４０－５０３号,2019-12-27,株式会社
株式会社ＴＯＭＯＳ,埼玉県さいたま市浦和区北浦和２丁目１１番１９号,2019-12-27,株式会社
株式会社ＴＯＰ　ＬＯＶＥ,東京都文京区本郷１丁目２０番４号３階,2019-12-27,株式会社
株式会社ＴＯＵＣＨ,東京都西東京市芝久保町５丁目１０番１３号,2019-12-27,株式会社
株式会社ＴＯＷＡ,北海道札幌市中央区南五条西４丁目１番地ニュー美松ビル１階,2019-12-27,株式会社
株式会社ＴＯＹＡＭＡＴＯ,富山県富山市安住町２番１４号,2019-12-27,株式会社
株式会社Ｔｒｕｓｔ　Ｇｒｏｗｔｈ東日本,宮城県仙台市青葉区本町１丁目１２番７号,2019-12-27,株式会社
株式会社Ｔｒｕｓｔ　Ｇｒｏｗｔｈ西日本,大阪府大阪市中央区本町１丁目７番７号,2019-12-27,株式会社
株式会社ＵＸＩ,東京都町田市中町１丁目４番２号新産業創造センター,2019-12-27,株式会社
株式会社Ｕｘ,大阪府茨木市新和町１番９号,2019-12-27,株式会社
株式会社ＶＡＲＩＥＴＡＳ,東京都目黒区下目黒３丁目２０番６号,2019-12-27,株式会社
株式会社Ｗｉｓｈ,福岡県北九州市門司区鳴竹１丁目１４番１０号,2019-12-27,株式会社
株式会社ＹＡＭＡＣＨＵ,神奈川県川崎市多摩区枡形１丁目１５番１７号,2019-12-27,株式会社
株式会社ＹＯＫＯＭＡＫＵ,長野県松本市中央３丁目２番５－８０３号ダイアパレス松本中央,2019-12-27,株式会社
株式会社ＹＯＫＯＴＡＲｅａｌＥｓｔａｔｅ,長野県飯田市上郷飯沼１８４７番地１,2019-12-27,株式会社
株式会社ＹＵＧＡ,東京都武蔵野市境南町２丁目１２番１１－５０２号,2019-12-27,株式会社
株式会社ａｑｕｌｌｅ,山梨県甲府市国母４丁目１６番１８号,2019-12-27,株式会社
株式会社ｂｏｃｃｉ,大阪府大阪市生野区小路東１丁目２２番１２号,2019-12-27,株式会社
株式会社ｃｏｄｏｓ,大阪府大阪市城東区野江３丁目２７番１６号宝ビル１０１,2019-12-27,株式会社
株式会社ｃｏｌｏｒｉ,熊本県熊本市中央区水前寺公園２８番２３号Ｔ．ＰＲＯＵＤ水前寺公園４０１,2019-12-27,株式会社
株式会社ｄｅｃ　ｂｏｃ,東京都新宿区上落合３丁目２２番２１号,2019-12-27,株式会社
株式会社ｅｎｌｉｇｈｔ　ｇｌｏｂａｌ,東京都大田区山王１丁目４番９号須藤ビル３階,2019-12-27,株式会社
株式会社ｇｒｏｓｓｏ,岩手県北上市常盤台４丁目１１番地１２６,2019-12-27,株式会社
株式会社ｈａｐｔｉｃｓ,北海道札幌市南区常盤四条１丁目１番１４号,2019-12-27,株式会社
株式会社ｈｏｍｍａｇｅ,兵庫県明石市和坂１２番地の１９,2019-12-27,株式会社
株式会社ｋｕａｒｔｅｔ,東京都港区芝３丁目２７番１３号,2019-12-27,株式会社
株式会社ｍｉｌｌｒｏｎｄ,東京都千代田区平河町１丁目３番６号ＢＩＺＭＡＲＫＳ麹町２Ｆ,2019-12-27,株式会社
株式会社ｎａｔｕｒａｌ．Ｓ,東京都台東区入谷１丁目１０番７号,2019-12-27,株式会社
株式会社ｓｏｔｉｌａｓ,広島県福山市伏見町４番３３号,2019-12-27,株式会社
株式会社ｓｗｉｍｍｙ,東京都中央区銀座６丁目８番１９号,2019-12-27,株式会社
株式会社ｕｌｋａ,東京都世田谷区砧２丁目１４番１２号,2019-12-27,株式会社
株式会社ｕｕｕｔｈ,鳥取県米子市夜見町３０８５番地６,2019-12-27,株式会社
森ネスレ株式会社,京都府京都市下京区烏丸通七条下る東塩小路町７３５番地１京阪京都ビル８階,2019-12-27,株式会社
楽肝茶ジャパン株式会社,大阪府大阪市北区西天満２丁目１０番１０号ＢＲＡＶＥ西天満７階,2019-12-27,株式会社
正和工業株式会社,福岡県福岡市早良区田隈３丁目２８番１１号,2019-12-27,株式会社
池宮水道工業所合同会社,大阪府阪南市尾崎町４丁目１６番１５－１０号,2019-12-27,合同会社
泉川興産株式会社,京都府京都市下京区花屋町通櫛笥西入薬園町１５３番地,2019-12-27,株式会社
海瑶国際サービス合同会社,北海道札幌市白石区東札幌二条４丁目１１番８号－２０２号,2019-12-27,合同会社
渡辺合同会社,愛知県名古屋市名東区高針２丁目２２０３番地リエス高針１０３,2019-12-27,合同会社
物ノ源株式会社,京都府京都市上京区今出川通烏丸東入相国寺門前町６４２－４－２０８,2019-12-27,株式会社
特定非営利活動法人きんぎょひろば上池袋,東京都豊島区上池袋３丁目１３番５号,2019-12-27,その他の設立登記法人
特定非営利活動法人先端外科治療推進協会,愛知県豊明市沓掛町田楽ケ窪１番地９８,2019-12-27,その他の設立登記法人
特定非営利活動法人居場所研究室,鳥取県鳥取市湖山町北１丁目６６４番地,2019-12-27,その他の設立登記法人
特定非営利活動法人紡ぐ,神奈川県足柄上郡大井町上大井６９９番地８,2019-12-27,その他の設立登記法人
特定非営利活動法人ＣＨＩＧＡＳＡＫＩランドセルプロジェクト,神奈川県茅ヶ崎市中海岸４丁目１５番１５－２０６号シーサイド茅ヶ崎,2019-12-27,その他の設立登記法人
特定非営利活動法人ＮＣＢ,東京都江戸川区小松川３丁目１２番２－１２０２号,2019-12-27,その他の設立登記法人
特定非営利活動法人ＴＥＲＡＣＯＹＡ,神奈川県横浜市都筑区茅ケ崎東２丁目４－８Ｂ１０２,2019-12-27,その他の設立登記法人
特定非営利活動法人ＴＵＭＵＧ,神奈川県川崎市麻生区白鳥４丁目１０番３－３０１号,2019-12-27,その他の設立登記法人
相続ふれあい相談室合同会社,山梨県山梨市小原東９３２番地１,2019-12-27,合同会社
石香居株式会社,東京都墨田区横川３丁目６番７号２－Ｐ室,2019-12-27,株式会社
税理士法人ビータス,石川県金沢市久安２丁目４６０番地サントビル２０７,2019-12-27,その他の設立登記法人
第１２６回　京都眼科学会,京都府京都市上京区梶井町４６５京都府立医科大学眼科学教室内,2019-12-27,その他
粟井真空瓦協同組合,愛媛県松山市粟井河原３６１番地７,2019-12-27,その他の設立登記法人
絆リンク合同会社,千葉県市原市古市場２７４番地１２,2019-12-27,合同会社
西川建設株式会社,千葉県鴨川市浜荻１３０２番地,2019-12-27,株式会社
西豊田村農業會,茨城県結城郡八千代町大字沼森３２６番,2019-12-27,その他の設立登記法人
賽科ワーク株式会社,千葉県千葉市稲毛区小中台町４１４番地フローラ稲毛３０１号,2019-12-27,株式会社
農事組合法人中田の丘ファーム,愛知県豊田市高岡町長根１３番地,2019-12-27,その他の設立登記法人
農事組合法人新保かがやき,新潟県新潟市秋葉区新保３６１５番地,2019-12-27,その他の設立登記法人
鈴木自工ホールディングス株式会社,東京都江戸川区東葛西６丁目５０番１４号,2019-12-27,株式会社
関西Ｅサービス株式会社,大阪府大阪市阿倍野区長池町７番１８号,2019-12-27,株式会社
阪急阪神広告事業分割準備株式会社,大阪府大阪市北区芝田１丁目１６番１号,2019-12-27,株式会社
阿蘇綺麗株式会社,熊本県阿蘇郡南阿蘇村大字河陰５４６番地４,2019-12-27,株式会社
３Ｇ　Ｓｐｏｒｔｓ　Ｍａｎａｇｅｍｅｎｔ　Ｐｔｅ．　Ｌｔｄ．,東京都江東区青海２丁目７番４号ｔｈｅＳＯＨＯ６１３号室,2019-12-27,外国会社等
３ＳＥＥＤＳ株式会社,大分県大分市大字羽屋１３５番地の３,2019-12-27,株式会社
８１合同会社,大阪府大阪市北区梅田２丁目２番地２号ヒルトンプラザウエストオフィスタワー１９階,2019-12-27,合同会社
Ａ－ＰＡＲＫＳ株式会社,大阪府大阪市西区京町堀１丁目１７番５号,2019-12-27,株式会社
ＡＧＯＲＡ株式会社,東京都港区六本木６丁目１番２０－７１１号六本木電気ビル,2019-12-27,株式会社
ＡＯＭＡＴＳＵ株式会社,東京都大田区大森南１丁目２番６号,2019-12-27,株式会社
ＡＰＰＬＥＳＹＳＴＥＭ合同会社,兵庫県姫路市東延末３丁目５６ホテルクラウンズ２ＦＳＨ１１６,2019-12-27,合同会社
Ａｎｊｉｌａ　Ｉｎｔｅｒｎａｔｉｏｎａｌ合同会社,大阪府大阪市此花区西九条１丁目５番７号１Ｆ,2019-12-27,合同会社
Ｂ＆Ｈ株式会社,大阪府大阪市福島区福島１丁目６番８号,2019-12-27,株式会社
ＢＴＭ株式会社,宮城県仙台市青葉区大町１丁目３番７号,2019-12-27,株式会社
ＣＣＨ７ａ株式会社,東京都千代田区一番町２番地,2019-12-27,株式会社
ＣＬＯＶＥＲ株式会社,北海道釧路市若竹町１２番１２１号クレインビル２Ｆ,2019-12-27,株式会社
ＣＲＡＦＴＳＭＡＮ株式会社,東京都世田谷区祖師谷３丁目４２番１７号クレール祖師谷２０３,2019-12-27,株式会社
Ｄａｈｌｉａ合同会社,東京都渋谷区神南１丁目６番５号,2019-12-27,合同会社
Ｄｉｇｉｔａｌ　Ｂｒｏｓ　Ｃｏｍｐａｎｙ　ＩＮＣ．合同会社,東京都渋谷区千駄ヶ谷２丁目２８番３号ｚｏｏｍ神宮前１２０４,2019-12-27,合同会社
Ｅ＆Ｕ合同会社,神奈川県横浜市旭区東希望が丘１４２番地,2019-12-27,合同会社
ＥｎｏＧＧ株式会社,宮城県仙台市太白区日本平２１番１３号,2019-12-27,株式会社
ＦＲＡＮＫＬＩＮ・ＥＮＧＩＮＥＥＲＩＮＧ合同会社,東京都八王子市楢原町１４５１－４,2019-12-27,合同会社
Ｆｉｔｚ株式会社,長野県長野市大字大豆島１６６０番地,2019-12-27,株式会社
ＧＦＥ　ＳＡＮＹＯ株式会社,愛媛県今治市別宮町６丁目４番１９号,2019-12-27,株式会社
ＧＬＵＧ合同会社,埼玉県川越市新富町１丁目１番地１１信富イハラビル１Ｆ,2019-12-27,合同会社
ＧＯＯＤ　ＲＩＤＥ　中国合同会社,岡山県岡山市北区建部町川口１５２３番地１,2019-12-27,合同会社
Ｈ２ｃｏｍｍｕｎｉｃａｔｉｏｎ合同会社,大阪府大阪市浪速区戎本町１丁目４番６号,2019-12-27,合同会社
ＨＡＭＩＴ株式会社,東京都練馬区大泉学園町３丁目１１－８,2019-12-27,株式会社
ＨＤＣ現代ＥＰ　株式会社,愛知県名古屋市中区丸の内３丁目１９－２３第５ＦＰＳビル８階,2019-12-27,外国会社等
ＨＩＣ株式会社,東京都北区滝野川５丁目５６番３号,2019-12-27,株式会社
ＩＳＡＭＩ　ＨＯＬＤＩＮＧＳ合同会社,大阪府阪南市箱の浦６９番地の９,2019-12-27,合同会社
ＪＡＭ株式会社,千葉県松戸市五香８丁目３８番地の１１,2019-12-27,株式会社
ＫＨファシリテック株式会社,福岡県北九州市若松区北湊町９番２７号,2019-12-27,株式会社
ＫＩマネジメント合同会社,大阪府大阪市中央区本町４丁目６－４－２０１,2019-12-27,合同会社
Ｋｎｏｗｌｅｄｇｅ　Ｓｙｎａｐｓｅ　Ｍａｎａｇｅｍｅｎｔ株式会社,東京都中野区中野５丁目５２番１５号,2019-12-27,株式会社
ＬＤＭ建設株式会社,宮城県仙台市宮城野区岩切分台１丁目２番地の１グローリオ岩切５０５,2019-12-27,株式会社
Ｍ－ＳＡＴ株式会社,東京都中央区日本橋２丁目７番１号,2019-12-27,株式会社
ＭＡＳＨＴＹ合同会社,千葉県四街道市和良比１１８番地７（スプリングスプレイス２０２）,2019-12-27,合同会社
ＭＩＤＴＲＯ合同会社,東京都新宿区富久町７－１４,2019-12-27,合同会社
ＭＯＪＯ　ＭＵＳＩＣ　ＪＡＰＡＮ株式会社,東京都千代田区神田小川町２丁目１番地,2019-12-27,株式会社
ＭＹ協同組合,高知県安芸郡東洋町大字河内３５８番地２,2019-12-27,その他の設立登記法人
Ｎ　Ｎｉｎｅ株式会社,大阪府大阪市北区同心１丁目８番２６－１５０１号,2019-12-27,株式会社
Ｎ－Ｆｏｒｃｅ株式会社,神奈川県川崎市幸区小倉１番地１Ｇ－２１０４,2019-12-27,株式会社
ＮＢ　ＴＲＡＤＩＮＧ株式会社,福島県福島市松川町下川崎字梅田４番地,2019-12-27,株式会社
ＮＨホールディングス株式会社,東京都千代田区麹町３丁目２番地垣見麹町ビル別館６階,2019-12-27,株式会社
ＮＰＯ法人Ｂダッシュ,愛媛県西予市宇和町上松葉３２５番地５,2019-12-27,その他の設立登記法人
ＯＭＥＧＡ　ＭＯＴＯＲ　ＣＯＭＰＡＮＹ株式会社,神奈川県藤沢市亀井野２５４７番地の１０,2019-12-27,株式会社
Ｏｖｅｒｓｈｉｐｔｒａｄｉｎｇ合同会社,福岡県大野城市乙金２丁目５番３号,2019-12-27,合同会社
ＰＣＣ合同会社,神奈川県横浜市旭区今宿２丁目１４番３号,2019-12-27,合同会社
ＰｔｏＤサポート株式会社,大阪府大阪市北区梅田１丁目２番２号大阪駅前第２ビル３階,2019-12-27,株式会社
Ｒ興産株式会社,大阪府吹田市千里山西５丁目２７番２７－１０１号,2019-12-27,株式会社
Ｒ－ＰＯＷＥＲ株式会社,大阪府大阪市浪速区難波中２丁目１０－７０なんばパークスタワー１９Ｆ,2019-12-27,株式会社
ＲＩＳＥ　ＴＥＣ株式会社,埼玉県草加市青柳２丁目２１番１１号,2019-12-27,株式会社
Ｒａｇｄｏｌｌ合同会社,東京都品川区北品川１丁目９番７号トップルーム品川１０１５号,2019-12-27,合同会社
Ｒｅ　Ｔａｓｔｅ　Ｌａｂｏ株式会社,大阪府大阪市北区堂島１丁目３番８号堂島リンデンビルＢ１Ｆ,2019-12-27,株式会社
Ｒｅデザイン．ｃｏｍ株式会社,熊本県熊本市中央区京町２丁目８番８号,2019-12-27,株式会社
Ｒｅｄ　Ｍａｒｉｎｅ株式会社,埼玉県さいたま市見沼区東大宮１丁目９１番地３シャトー東大宮１０２号,2019-12-27,株式会社
Ｓ‐ｍａｓｐｒｏ株式会社,東京都江戸川区小松川４丁目７８番地Ｊ・Ｂハイツ３０３号,2019-12-27,株式会社
ＳＥＡ　ＳＴＡＲ美波株式会社,大阪府大阪市西成区天下茶屋東２丁目５番１１号,2019-12-27,株式会社
ＳＨＫＩＮＤ合同会社,東京都千代田区内幸町１丁目１番６号ＮＴＴ日比谷ビル,2019-12-27,合同会社
ＳＯＲＡ－ＭＯＮ株式会社,大阪府大阪市中央区内平野町１丁目２番９号グランドビル大手前３階３０４号,2019-12-27,株式会社
ＳＴＡＹＧＯＬＤ株式会社,愛知県海部郡大治町大字西條字神田１１番地の１,2019-12-27,株式会社
ＳＵＺＵＫＡ　ＳＨＯＫＡＩ合同会社,神奈川県大和市福田１３８０－５Ａ－３,2019-12-27,合同会社
ＳＹＮＣＨＲＯＮＩＣＩＴＹ株式会社,大阪府大阪市西区西本町１丁目１３番３８号,2019-12-27,株式会社
Ｓｏａｒ＆Ｎｉｆｔｙ合同会社,京都府宇治市槇島町十一の１３９番地,2019-12-27,合同会社
Ｓｏｒａ・Ａｓｓｅｔ株式会社,東京都杉並区久我山４丁目４３番２０－２０６号,2019-12-27,株式会社
Ｓｐｉｇｅｎ　Ｋｏｒｅａ　Ｃｏ．，Ｌｔｄ．,,2019-12-27,外国会社等
Ｓｔａｒｔ－Ｘ合同会社,東京都渋谷区渋谷２丁目２番１７号トランスワークス青山３階,2019-12-27,合同会社
Ｓｕｒｖｅｌｉｏｎ株式会社,埼玉県川口市西川口２丁目１４－２６，アレッサ仁志１０３号室,2019-12-27,株式会社
ＴＡＫＵＭＩ合同会社,静岡県浜松市西区雄踏町宇布見９９１１番地の１,2019-12-27,合同会社
ＴＦＣ株式会社,東京都中野区江古田１丁目３７番１－５０１号,2019-12-27,株式会社
ＴＫアセットマネジメント合同会社,兵庫県西宮市両度町２番１９－１１３号,2019-12-27,合同会社
ＴＬＤ合同会社,鳥取県鳥取市国府町奥谷３丁目３１２番地,2019-12-27,合同会社
ＴＮファースト株式会社,東京都府中市本町１丁目１２－２オウズ御殿山３０２,2019-12-27,株式会社
ＴＲＥＮＤ　ＦＯＬＬＯＷＥＲＳ　ＡＳＩＡ　ＣＡＰＩＴＡＬ　ＩＮＣ．,,2019-12-27,外国会社等
Ｔｏｐｐｓ株式会社,東京都渋谷区桜丘町２６番１号セルリアンタワー１５階,2019-12-27,株式会社
Ｔｒｏｉｓ　Ｌｕｔｉｎｓ合同会社,東京都港区浜松町２丁目２番１５号,2019-12-27,合同会社
ＶＩＥＴ　ＨＵＭＡＮ　ＳＵＰＰＯＲＴ合同会社,埼玉県三郷市早稲田８丁目９番４－４０２号,2019-12-27,合同会社
ＶＭＯ　Ｊａｐａｎ株式会社,東京都渋谷区円山町５番５号Ｎａｖｉ渋谷Ｖ３階,2019-12-27,株式会社
ａｎｄＡｏコンサルティング株式会社,東京都港区南青山２丁目３番３号,2019-12-27,株式会社
ａｒｖａｌｅ株式会社,大阪府大阪市福島区福島６丁目１８番１８号,2019-12-27,株式会社
ｍａｒｖｅｌｏｕｓ株式会社,埼玉県東松山市箭弓町３丁目１－３,2019-12-27,株式会社
ｎｅｘｔ合同会社,東京都渋谷区恵比寿西２丁目１１－９プラネックスボルタ４Ｆ,2019-12-27,合同会社
ｏｇａｋｕｕ株式会社,千葉県千葉市若葉区みつわ台３丁目２６番８号,2019-12-27,株式会社
ｓｅｍｐ合同会社,大阪府大阪市淀川区西三国１丁目７番６－３１３号,2019-12-27,合同会社
ｔｅｎｎｉｓｕｋｅ　ｆａｃｔｏｒｙ合同会社,東京都三鷹市大沢４丁目１８番３０号,2019-12-27,合同会社
ｔｏＴｈｅＭＯＯＮ合同会社,神奈川県横浜市西区みなとみらい４丁目９番１号ＭＭタワーズフォレシスＢ１２０６,2019-12-27,合同会社
