法人名,住所,設立日,法人種別
あげなカンパニー株式会社,沖縄県那覇市天久２丁目２９－８,2020-04-01,株式会社
アジアダイナミクス株式会社,埼玉県久喜市栗橋東４丁目３番地５９号１０１号,2020-04-01,株式会社
アステップ・ミュージック合同会社,東京都渋谷区神宮前２丁目１４番１９号神宮前２１４ビル３０３,2020-04-01,合同会社
アルテミシア合同会社,神奈川県藤沢市片瀬海岸１丁目２番地１１号アルテミス江の島３０３号室,2020-04-01,合同会社
アルマ合同会社,東京都新宿区市谷本村町３番１７－５０５号,2020-04-01,合同会社
ウェイン株式会社,岐阜県各務原市蘇原赤羽根町３丁目２７,2020-04-01,株式会社
エイチ株式会社,福岡県古賀市天神１丁目３番３９－３０２号,2020-04-01,株式会社
エキノクス合同会社,愛知県瀬戸市東山町１丁目１３０番地の７,2020-04-01,合同会社
エーワイ株式会社,東京都千代田区九段南４丁目６番１号九段シルバーパレス７０４号,2020-04-01,株式会社
オイヤスソリューション株式会社,東京都立川市錦町２丁目４番２号ＣＢ立川ビル,2020-04-01,株式会社
カチジャパン株式会社,東京都港区南青山６丁目７番５号,2020-04-01,株式会社
カネロクエナジーサプライ株式会社,千葉県市川市新田５丁目９番２４号,2020-04-01,株式会社
カラオケ開発株式会社,東京都調布市調布ケ丘３丁目６番地３,2020-04-01,株式会社
ガイドライン合同会社,埼玉県八潮市大字古新田１０６９番地２,2020-04-01,合同会社
キューブ・コンストラクト合同会社,香川県丸亀市飯山町下法軍寺１２８２番地５,2020-04-01,合同会社
クィーンライン株式会社,京都府京都市東山区今熊野南日吉町９９番地,2020-04-01,株式会社
グランシュシュ株式会社,兵庫県神戸市北区京地２丁目３番地の１１,2020-04-01,株式会社
コエル株式会社,東京都渋谷区神南１丁目１０番６号,2020-04-01,株式会社
サービスクルー株式会社,大阪府大阪市淀川区西中島７丁目１番３－１１０９号,2020-04-01,株式会社
シャイニングウィング合同会社,東京都板橋区板橋４丁目４番４号セレブ新板橋ビル１階,2020-04-01,合同会社
セントラルキッチン読谷村株式会社,沖縄県中頭郡読谷村字高志保１０２０番地の１,2020-04-01,株式会社
ティーサイン株式会社,東京都西東京市泉町６丁目１番８号,2020-04-01,株式会社
トゥルース・トラスト合同会社,大阪府大阪市北区南森町１丁目３番２７号南森町丸井ビル５階司法書士高岸佳弘事務所内,2020-04-01,合同会社
ニコリングマーケ株式会社,愛知県名古屋市西区市場木町４７番地,2020-04-01,株式会社
パブリックマークス株式会社,東京都港区南青山３丁目２番７号,2020-04-01,株式会社
ヒクス株式会社,岐阜県不破郡垂井町綾戸４６６番地の１,2020-04-01,株式会社
ビオス東京中央株式会社,東京都港区新橋５丁目３５番８号,2020-04-01,株式会社
ピーターアンドパイパー合同会社,東京都足立区中川５丁目１０番１６号,2020-04-01,合同会社
ブルックス株式会社,大阪府大阪市北区浪花町１２番１３号,2020-04-01,株式会社
ブルーミングガーデン合同会社,東京都新宿区神楽坂６丁目２６－２０３号,2020-04-01,合同会社
マルエスショウジ株式会社,北海道札幌市中央区南十二条西２３丁目１番４３－１０６号,2020-04-01,株式会社
ミックスブック株式会社,北海道札幌市中央区南二条西１２丁目３２３番地１２パシフィック三和３０１号,2020-04-01,株式会社
メディカルオネストグループ株式会社,千葉県印西市原１丁目２番地,2020-04-01,株式会社
ユニリス株式会社,東京都港区南青山１丁目２０番２号,2020-04-01,株式会社
ラボ・イークラフト合同会社,京都府綾部市里町大坂３３番地の２,2020-04-01,合同会社
レインボーファーム株式会社,沖縄県南城市知念字久原１７番地,2020-04-01,株式会社
ロジスオールグローバルジャパン株式会社,東京都千代田区神田淡路町１丁目９番５号天翔御茶ノ水ビル４０４,2020-04-01,株式会社
一般社団法人あした葉,三重県四日市市浮橋１丁目２４番地７,2020-04-01,その他の設立登記法人
一般社団法人おんおーる,北海道河東郡音更町緑陽台仲区２４番地７,2020-04-01,その他の設立登記法人
一般社団法人グローバルＡＩ産業連盟,東京都千代田区神田佐久間町１丁目８番地４アルテール秋葉原８階８０３号,2020-04-01,その他の設立登記法人
一般社団法人ダイアローグ１ｓｔ,東京都江戸川区松江７丁目１番９号１０３号室,2020-04-01,その他の設立登記法人
一般社団法人ベジテラピー協会,東京都港区高輪３丁目２３番１４号,2020-04-01,その他の設立登記法人
一般社団法人京都美術・工芸文化創生会,京都府京都市東山区祇園町北側６２７番地先市有地,2020-04-01,その他の設立登記法人
一般社団法人子ども若者応援ネットワーク品川,東京都品川区旗の台３丁目１１番６号いこいビル２階,2020-04-01,その他の設立登記法人
一般社団法人子供を運動のケガから守る会,東京都渋谷区代々木１丁目４５番３号４Ｆ,2020-04-01,その他の設立登記法人
一般社団法人沖縄カメセンター,沖縄県国頭郡恩納村字谷茶１９１９－１イノベーションスクエアインキュベーター,2020-04-01,その他の設立登記法人
一般社団法人澤庄,茨城県水戸市笠原町１４３６番地の２,2020-04-01,その他の設立登記法人
一般社団法人福井県空き家・空き地活用協会,福井県大飯郡おおい町名田庄久坂第１１号２７番地の１,2020-04-01,その他の設立登記法人
一般社団法人都市生態学研究機構,兵庫県神戸市灘区六甲台町１番１号神戸大学工学部本館３Ｗ－２０２,2020-04-01,その他の設立登記法人
一般社団法人ＡＳＳＥＴ　ＭＡＮＡＧＥＭＥＮＴ　ＯＫＩＮＡＷＡ,東京都中央区日本橋１丁目４番１号日本橋一丁目ビルディング,2020-04-01,その他の設立登記法人
一般社団法人Ｂｅｉｎｇヒカリ,熊本県熊本市南区出仲間４丁目１６番地８号２－Ｃ,2020-04-01,その他の設立登記法人
一般社団法人Ｅｖｅｒ　Ｇｒｅｅｎ,大阪府池田市石橋４丁目１６番２７－１０１号,2020-04-01,その他の設立登記法人
一般財団法人松島スポーツ財団,愛知県一宮市緑２丁目１１番２２号,2020-04-01,その他の設立登記法人
佳鑫株式会社,東京都葛飾区青戸３丁目３７番１２号３－Ａ号室,2020-04-01,株式会社
信秀合同会社,愛知県蒲郡市水竹町千丸１２４番地５,2020-04-01,合同会社
健浩株式会社,大阪府大阪市中央区高津３丁目１１番５号,2020-04-01,株式会社
北海道真奈株式会社,東京都千代田区東神田２丁目６番７号６０８号室,2020-04-01,株式会社
医療法人ネクストスマイル,愛知県豊明市新田町子持松１１番地１０,2020-04-01,その他の設立登記法人
医療法人二本松ウイメンズクリニック,福島県二本松市亀谷１丁目２７５番地４,2020-04-01,その他の設立登記法人
医療法人大袋歯科医院,埼玉県越谷市大字袋山１５０３番地３０,2020-04-01,その他の設立登記法人
医療法人彩高会,埼玉県日高市大字原宿２１６番地１,2020-04-01,その他の設立登記法人
医療法人松澤デンタルクリニック,北海道河東郡音更町木野大通東１３丁目３番地１３,2020-04-01,その他の設立登記法人
医療法人桜翠会,神奈川県秦野市千村２丁目６番６号１階,2020-04-01,その他の設立登記法人
医療法人社団たきかわ循環器内科クリニック,兵庫県尼崎市武庫之荘１丁目１８番５号武庫之荘メディカルキューブ２階,2020-04-01,その他の設立登記法人
医療法人社団四つ葉,東京都新宿区百人町１丁目１５番２１号レアル新宿３階,2020-04-01,その他の設立登記法人
医療法人社団平見内科クリニック,兵庫県姫路市車崎２丁目６番２２号,2020-04-01,その他の設立登記法人
合同会社あえいど,島根県雲南市加茂町南加茂３７９番地,2020-04-01,合同会社
合同会社いとう,千葉県富里市七栄８１５番地３－１０１,2020-04-01,合同会社
合同会社いのちつなぐカンパニー,千葉県八千代市緑が丘西５丁目１１番地５,2020-04-01,合同会社
合同会社きゃりあ．工房,神奈川県川崎市多摩区生田１丁目１２－２５－２０１,2020-04-01,合同会社
合同会社しげもり,東京都品川区北品川３丁目７番２－３０３号,2020-04-01,合同会社
合同会社にじらいぶ,愛知県名古屋市南区駈上２丁目５番２－１０４号,2020-04-01,合同会社
合同会社アセットジャパン,東京都新宿区新宿２丁目１３番１０号,2020-04-01,合同会社
合同会社アセット神奈川,神奈川県川崎市宮前区犬蔵１丁目３５番１号,2020-04-01,合同会社
合同会社アーキテクトプランニング,神奈川県横浜市港北区新横浜２丁目１５番１２号９Ｆ,2020-04-01,合同会社
合同会社アークプランニング,神奈川県横浜市港北区新横浜２丁目１５番１２号９Ｆ,2020-04-01,合同会社
合同会社アールプランニング,神奈川県横浜市港北区新横浜２丁目１５番１２号９Ｆ,2020-04-01,合同会社
合同会社エールプランニング,神奈川県横浜市港北区新吉田東１丁目２９番８号,2020-04-01,合同会社
合同会社オフィス荻田,東京都港区南青山２丁目１５番２２－５０８号,2020-04-01,合同会社
合同会社オークプランニング,神奈川県横浜市港北区新吉田東１丁目２９番８号,2020-04-01,合同会社
合同会社カメコーポレーション,沖縄県島尻郡八重瀬町字具志頭２６０番地,2020-04-01,合同会社
合同会社クールプランニング,神奈川県横浜市港北区新横浜２丁目１５番１２号９Ｆ,2020-04-01,合同会社
合同会社ケープランニング,神奈川県横浜市港北区新横浜２丁目１５番１２号９Ｆ,2020-04-01,合同会社
合同会社コールプランニング,神奈川県横浜市港北区新横浜２丁目１５番１２号９Ｆ,2020-04-01,合同会社
合同会社サードプランニング,神奈川県横浜市港北区新横浜２丁目１５番１２号９Ｆ,2020-04-01,合同会社
合同会社シードプランニング,神奈川県横浜市港北区新横浜２丁目１５番１２号９Ｆ,2020-04-01,合同会社
合同会社スタリオン,東京都港区浜松町２丁目２番１５号,2020-04-01,合同会社
合同会社スノウクラウン,宮城県仙台市泉区館５丁目１０番１１,2020-04-01,合同会社
合同会社スループットワールド,千葉県我孫子市高野山５３１番地の２６,2020-04-01,合同会社
合同会社セカンドプランニング,神奈川県横浜市港北区新横浜２丁目１５番１２号９Ｆ,2020-04-01,合同会社
合同会社セールプランニング,神奈川県横浜市港北区新横浜２丁目１５番１２号９Ｆ,2020-04-01,合同会社
合同会社ソールプランニング,神奈川県横浜市港北区新横浜２丁目１５番１２号９Ｆ,2020-04-01,合同会社
合同会社トチオカ,岡山県美作市楢原中５２３番地１,2020-04-01,合同会社
合同会社ネクスト,大阪府枚方市中宮山戸町２６番３号ビービルワン３０１号室,2020-04-01,合同会社
合同会社ノイエ・ラント建築設計,広島県広島市中区本川町３丁目１番５号,2020-04-01,合同会社
合同会社ノマグレ,静岡県伊豆市大野２３４９番地の２０１,2020-04-01,合同会社
合同会社バリュー,三重県鈴鹿市南玉垣町７１３１番地,2020-04-01,合同会社
合同会社バリュージャパン,東京都台東区池之端２丁目１番３５号,2020-04-01,合同会社
合同会社バリュー神奈川,神奈川県横浜市神奈川区三ツ沢南町５番３８号,2020-04-01,合同会社
合同会社バーンフリート・インモビリエン,神奈川県横浜市港北区綱島西２丁目１６番２１－７０５号,2020-04-01,合同会社
合同会社バーンフリート・フェアメーゲン,神奈川県横浜市港北区綱島西２丁目１６番２１－７０５号,2020-04-01,合同会社
合同会社パートナーズ北海道,北海道札幌市豊平区豊平一条３丁目１番２５号７２０号室,2020-04-01,合同会社
合同会社プリズム,東京都豊島区池袋２丁目２７番８号,2020-04-01,合同会社
合同会社ムーンライト,東京都中央区新川１丁目２８番４－２０２号,2020-04-01,合同会社
合同会社メリディアン,静岡県浜松市中区元城町２１６番地の１１,2020-04-01,合同会社
合同会社メリディアンクリエイト,三重県鈴鹿市南玉垣町７１３１番地,2020-04-01,合同会社
合同会社ヤングタナカ,東京都渋谷区道玄坂２丁目１３番５号ハーベストビル,2020-04-01,合同会社
合同会社ライフプランニング,神奈川県横浜市港北区新横浜２丁目１５番１２号９Ｆ,2020-04-01,合同会社
合同会社リアン,大分県大分市大字荏隈１３８４番地の１ツインプラザ大分弐番館１４０２,2020-04-01,合同会社
合同会社リカアドバイザーズ,東京都渋谷区元代々木町１７番１３－３０１号,2020-04-01,合同会社
合同会社リバイブアセットマネジメント,岐阜県加茂郡白川町上佐見４２１１番地１,2020-04-01,合同会社
合同会社リリィチャン,北海道千歳市千代田町３丁目７－９０８,2020-04-01,合同会社
合同会社ロボットアンドカンパニー,東京都練馬区東大泉１丁目３７番２０－２６０１号,2020-04-01,合同会社
合同会社ワルトラウテ・インモビリエン,神奈川県横浜市港北区綱島西２丁目１６番２１－７０５号,2020-04-01,合同会社
合同会社ヴィルヘルミーナ・インモビリエン,神奈川県横浜市港北区綱島西２丁目１６番２１－７０５号,2020-04-01,合同会社
合同会社七右衛門,京都府京都市伏見区羽束師菱川町１８０番地の１,2020-04-01,合同会社
合同会社信野,東京都江戸川区北小岩６丁目４５番１７号,2020-04-01,合同会社
合同会社國際トラックス,埼玉県深谷市上増田９５２番地２,2020-04-01,合同会社
合同会社山下輝久,埼玉県三郷市早稲田５丁目２５－３,2020-04-01,合同会社
合同会社山澤リアルエステート,東京都大田区上池台４丁目３５番４号,2020-04-01,合同会社
合同会社岡本組,愛知県清須市清洲１４８９番地２,2020-04-01,合同会社
合同会社松尾,大阪府堺市東区西野２８８番地１９,2020-04-01,合同会社
合同会社梅結び,京都府京都市中京区壬生東檜町４番地,2020-04-01,合同会社
合同会社漢方薬舗オーパ,岩手県奥州市水沢東大通り１丁目１番５号,2020-04-01,合同会社
合同会社田中,富山県中新川郡上市町法音寺８番地,2020-04-01,合同会社
合同会社石部金吉,北海道札幌市中央区伏見２丁目２番３３－１号エスポワール・ドゥ・伏見１０１号,2020-04-01,合同会社
合同会社ＡＩ,北海道札幌市北区北十六条西４丁目２番１号,2020-04-01,合同会社
合同会社ＡＭインベストメント,東京都国分寺市西元町３丁目３０番１４号,2020-04-01,合同会社
合同会社ＡＭトラスト,東京都国分寺市西元町３丁目３０番１４号,2020-04-01,合同会社
合同会社ＤＳ,福岡県福岡市早良区昭代１丁目５番２２－１０１号,2020-04-01,合同会社
合同会社ＥＭＡＲＢＥＬ,北海道札幌市豊平区西岡二条１１丁目１２番２号,2020-04-01,合同会社
合同会社Ｇｏｌｄ　Ｌｉｎｅ　Ｃｏｎｓｕｌｔｉｎｇ,大阪府東大阪市西堤本通西１丁目１番１７号,2020-04-01,合同会社
合同会社Ｈ．Ｍ,東京都東村山市青葉町３丁目２１番地１５,2020-04-01,合同会社
合同会社ＨＲＤＪ,東京都新宿区中井２丁目２番１６号,2020-04-01,合同会社
合同会社ＩＲＥコンサルティング,大阪府大阪市港区弁天４丁目６番３０号,2020-04-01,合同会社
合同会社Ｋ＆Ｙ,北海道札幌市南区澄川三条１丁目８番１－２０２号,2020-04-01,合同会社
合同会社ＬＳＰ,東京都港区高輪３丁目１０番２号グラスプラス高輪,2020-04-01,合同会社
合同会社Ｌｏｖｅ,大阪府大阪市浪速区稲荷２丁目７番３０号メゾンエトワール３０１号,2020-04-01,合同会社
合同会社Ｍ．Ｊｏｙｎｔ’ｓ,埼玉県越谷市登戸町４０番１３号プリマカーサ１０１,2020-04-01,合同会社
合同会社ＭＩＲＡＩＥ,愛知県名古屋市北区志賀本通２丁目５番地,2020-04-01,合同会社
合同会社ＭＯＥ,東京都国分寺市西元町３丁目３０番１４号,2020-04-01,合同会社
合同会社Ｍｔ．フォレスト,岐阜県各務原市桜木町５丁目１９番地,2020-04-01,合同会社
合同会社ＮＫ,東京都府中市府中町２丁目２番地の２,2020-04-01,合同会社
合同会社ＯＭＯＫＡＬ,東京都港区新橋２丁目２０番１５号新橋駅前ビル１号館９Ｆ９２１,2020-04-01,合同会社
合同会社ＰＯＳＩＴＩＶＥ,愛知県豊橋市佐藤２丁目２１－２,2020-04-01,合同会社
合同会社ＲＴＴ－Ａｎａｌｙｔｉｃｓ,熊本県熊本市北区四方寄町５０８－１,2020-04-01,合同会社
合同会社Ｓｈｏｗ－ｕｎ,東京都八王子市鹿島２２番地１－５０８,2020-04-01,合同会社
合同会社Ｓｉｂ,東京都渋谷区東３丁目２番１７号アーバン広尾１０１,2020-04-01,合同会社
合同会社ＴＯＰ　ＲＡＲＥ,京都府京都市中京区西ノ京月輪町１番地１パデシオン御池西ノ京グラン４０３号,2020-04-01,合同会社
合同会社Ｔａｓｕｋｉ,東京都品川区南大井５丁目５番９号,2020-04-01,合同会社
合同会社Ｔｈｒｅｅ　Ａｒｒｏｗｓ,東京都大田区上池台１丁目１７番１２号,2020-04-01,合同会社
合同会社ＵＰＴＯ沖縄,沖縄県石垣市字石垣３４０－９－２０３,2020-04-01,合同会社
合同会社Ｗｉｔｈ　Ｄ,東京都武蔵野市吉祥寺東町２丁目１３番２号,2020-04-01,合同会社
合同会社ＹＨ,東京都江東区亀戸９丁目２７番８号,2020-04-01,合同会社
合同会社Ｙｏｕ＆Ｍｅ,愛媛県新居浜市港町１９番４号,2020-04-01,合同会社
合同会社ａｄｈｏｌｉｃ,東京都北区西ケ原２丁目４１－１７,2020-04-01,合同会社
合同会社ｈｉ,北海道札幌市豊平区月寒西二条６丁目１番３１－２号,2020-04-01,合同会社
名海株式会社,愛知県名古屋市中区東桜２丁目１９番６号２Ｆ,2020-04-01,株式会社
塔庫商事株式会社,埼玉県蕨市錦町２丁目７番２６号オハナ蕨錦町１００４,2020-04-01,株式会社
富士健康産業株式会社,東京都品川区大井５丁目１４番１７号インタークールビル３０４,2020-04-01,株式会社
小山合同会社,埼玉県さいたま市大宮区天沼町１丁目１４１番地２５,2020-04-01,合同会社
山川株式会社,福岡県久留米市東合川３丁目１０番１０号１０２室,2020-04-01,株式会社
岩誠株式会社,茨城県取手市戸頭６丁目２番６号２階,2020-04-01,株式会社
幸永サービス合同会社,鳥取県米子市両三柳２４４７番地４,2020-04-01,合同会社
日本支援企画株式会社,東京都新宿区四谷三栄町１５番５号アークランド四谷ビル３階,2020-04-01,株式会社
日本東京久詳株式会社,東京都中野区上高田１丁目３５番１号ＨＥＲＡＳＨＡＷＢｌｄｇ,2020-04-01,株式会社
星野商事株式会社,沖縄県那覇市久米２丁目３番１５号ＣＯＩ那覇ビル５階,2020-04-01,株式会社
株式会社いい湯だな,大分県別府市田の湯町３番７号アライアンスタワーＺ４階,2020-04-01,株式会社
株式会社えいわ,福島県会津若松市栄町８番１４号三光ビル３０１号室,2020-04-01,株式会社
株式会社かりん,東京都板橋区成増１丁目１３番４号,2020-04-01,株式会社
株式会社くろり,北海道恵庭市恵央町１９番地１０,2020-04-01,株式会社
株式会社たりたり,東京都港区北青山３丁目３番７号３０１,2020-04-01,株式会社
株式会社つちや農園,福島県耶麻郡猪苗代町大字磐里字村中６９０番地,2020-04-01,株式会社
株式会社まるやま不動産,静岡県掛川市細田２００番地の１,2020-04-01,株式会社
株式会社むぎＷＡＲＡ,神奈川県茅ヶ崎市円蔵２１１０番地,2020-04-01,株式会社
株式会社やはたや,北海道札幌市中央区南十条西６丁目５番１４号,2020-04-01,株式会社
株式会社アクトフォーカス,佐賀県佐賀市駅前中央１丁目８番２０号,2020-04-01,株式会社
株式会社アッシュ,山形県天童市長岡北３丁目１０番１５号,2020-04-01,株式会社
株式会社アヴニール,愛知県豊田市元宮町１丁目２４番地,2020-04-01,株式会社
株式会社アール,千葉県流山市流山３丁目３３７番地,2020-04-01,株式会社
株式会社インターナショナル・ヒューマン・リソース,神奈川県相模原市南区大野台６丁目１９番１２号,2020-04-01,株式会社
株式会社インパルス,東京都大田区山王２丁目１番８号,2020-04-01,株式会社
株式会社エイチ建設,熊本県山鹿市名塚４９１番地６,2020-04-01,株式会社
株式会社エムケイシー,福井県大飯郡高浜町関屋第６１号６番地１,2020-04-01,株式会社
株式会社エムズン,滋賀県大津市平津１丁目１９－１６,2020-04-01,株式会社
株式会社エントランス,東京都新宿区西落合２丁目２４番１１号,2020-04-01,株式会社
株式会社カスプ,東京都板橋区蓮根２丁目３０番１４－５０２号,2020-04-01,株式会社
株式会社カンブリックス,愛媛県新居浜市大生院１５９９番地の２,2020-04-01,株式会社
株式会社キッカケクリエイション,東京都世田谷区代沢３丁目２６番２０号,2020-04-01,株式会社
株式会社キューブアソシエイツ,東京都港区赤坂２丁目１７番７号,2020-04-01,株式会社
株式会社クラージュ,千葉県千葉市緑区土気町１２８６番地８,2020-04-01,株式会社
株式会社クリンゲル,長野県須坂市旭ケ丘７番地５１,2020-04-01,株式会社
株式会社グローブリッジ,東京都品川区東大井４丁目１３番１１－３０７号,2020-04-01,株式会社
株式会社ゴールドクリエイト,長野県松本市寿北５丁目５番６号,2020-04-01,株式会社
株式会社ザタックス,東京都江戸川区南小岩７丁目１２番１９号,2020-04-01,株式会社
株式会社スサノ,愛知県津島市南本町７丁目１４番地１グレイスコート１０２号,2020-04-01,株式会社
株式会社ゼット・エム,東京都大田区西蒲田７丁目５１番１２号２Ｆ,2020-04-01,株式会社
株式会社ソフィア・テラ,大阪府大阪市天王寺区空清町５番１８号ＭＲＴビルＢ１Ｆ,2020-04-01,株式会社
株式会社タイガ,千葉県習志野市谷津町三丁目１２番３６号ヤングスピリッツビル３Ｂ,2020-04-01,株式会社
株式会社タキモト工房,大阪府箕面市船場西２丁目５番４１号,2020-04-01,株式会社
株式会社テムサージャパン,群馬県太田市東金井町１０２０番地３,2020-04-01,株式会社
株式会社デイブレイク・レオ,神奈川県横浜市中区山田町５番地１フロール山田町第２－１３１１号室,2020-04-01,株式会社
株式会社デストロイ,東京都新宿区北新宿３丁目２番１－７０４号,2020-04-01,株式会社
株式会社ハウ・コテラ,愛知県岩倉市西市町西市前８９番地３,2020-04-01,株式会社
株式会社ハッピーフーズ,埼玉県さいたま市大宮区下町３丁目７番地１Ｆ２１０２号,2020-04-01,株式会社
株式会社ビーテック,東京都練馬区三原台１丁目２５番６号,2020-04-01,株式会社
株式会社フォックステイル,東京都足立区東和５丁目３番１８号,2020-04-01,株式会社
株式会社フュージョン,東京都港区赤坂２丁目２１番２４号３０２号室,2020-04-01,株式会社
株式会社フューチャーマネジメント,東京都墨田区緑２丁目２１番１４－８０４号,2020-04-01,株式会社
株式会社フローリッシュ,奈良県生駒市谷田町１３３７番地,2020-04-01,株式会社
株式会社ヘルメス,鳥取県米子市奥谷１１５５番地４,2020-04-01,株式会社
株式会社ヘンジ,東京都品川区西五反田８丁目２番１３－１００３号,2020-04-01,株式会社
株式会社ベネフィット,富山県富山市婦中町麦島２３番地７－１０２ハイツＨＩＲＡＩ,2020-04-01,株式会社
株式会社マウシー,神奈川県横浜市港北区大豆戸町９３１番地１グリーンコーポ大倉山Ａ棟２１１,2020-04-01,株式会社
株式会社マーケイノベート,愛知県一宮市千秋町浮野字竹腰３番地１,2020-04-01,株式会社
株式会社ミライラボ,北海道札幌市中央区北十条西１６丁目２８番地１４５,2020-04-01,株式会社
株式会社ムンシャン,大阪府堺市南区原山台１丁１４番８－２号,2020-04-01,株式会社
株式会社メゾン・ファミリー,千葉県鎌ケ谷市佐津間１１６２番地,2020-04-01,株式会社
株式会社ユー・アンド・エフ,神奈川県横浜市港南区野庭町２０２３番地,2020-04-01,株式会社
株式会社ヨビノミ,滋賀県草津市矢倉１丁目３番５５－１５コラールＪ１－１０４号室,2020-04-01,株式会社
株式会社ライフＮＥＯ,大阪府枚方市南楠葉１丁目２９番２０号,2020-04-01,株式会社
株式会社リドルセンス,東京都足立区谷中４丁目２０番４号,2020-04-01,株式会社
株式会社リングライズ,東京都新宿区高田馬場３丁目１４番１６－４０３号,2020-04-01,株式会社
株式会社ルリブロン,東京都豊島区西池袋２丁目３３番６号,2020-04-01,株式会社
株式会社ル・モンド安田,東京都西東京市田無町４丁目１８番９号,2020-04-01,株式会社
株式会社レインボー,沖縄県宜野湾市喜友名１丁目１１番５号,2020-04-01,株式会社
株式会社ワンネス・ティー,千葉県市川市本行徳１８番１０－３０４号（コスモ市川妙典）,2020-04-01,株式会社
株式会社ワールドヒューマンサポート,山梨県富士吉田市新西原２丁目２６番２４号,2020-04-01,株式会社
株式会社匡建設,秋田県秋田市仁井田目長田１丁目１４番４０号,2020-04-01,株式会社
株式会社司,北海道旭川市末広五条２丁目３番８号,2020-04-01,株式会社
株式会社壱,兵庫県神戸市北区有野中町３丁目５番２－２０１号,2020-04-01,株式会社
株式会社大和工務店,大阪府大阪市生野区巽東３丁目９－２４シーマックイーストマンション７０１,2020-04-01,株式会社
株式会社太幸工業,兵庫県宝塚市高司３丁目４番５－３０３号,2020-04-01,株式会社
株式会社小川塗装,千葉県習志野市藤崎２丁目１３番５号,2020-04-01,株式会社
株式会社山本設備,東京都青梅市長淵３丁目１９０番地,2020-04-01,株式会社
株式会社新シーワン,東京都中央区日本橋小網町６番１号,2020-04-01,株式会社
株式会社日本クレスト,東京都府中市四谷４丁目４６番地の２３,2020-04-01,株式会社
株式会社本村,埼玉県草加市谷塚町１３４６番地９,2020-04-01,株式会社
株式会社樹花,埼玉県さいたま市緑区大間木２丁目１０番地６,2020-04-01,株式会社
株式会社清明産業,大分県臼杵市大字二王座１０５番地の３,2020-04-01,株式会社
株式会社渋谷企画,東京都葛飾区柴又５丁目２７番９号,2020-04-01,株式会社
株式会社湖北ライフスタイル研究所,滋賀県長浜市元浜町６番１４号,2020-04-01,株式会社
株式会社濵崎装研,大阪府大阪市東住吉区杭全７丁目３番９号１階,2020-04-01,株式会社
株式会社由知コンサルタント,宮城県仙台市青葉区国分町３丁目１１番５号,2020-04-01,株式会社
株式会社百栄,滋賀県草津市南草津５丁目３－６,2020-04-01,株式会社
株式会社相州村の駅,神奈川県小田原市早川１丁目１５番地の１２,2020-04-01,株式会社
株式会社笑和,大阪府大阪市天王寺区舟橋町１５番２８－９０４号,2020-04-01,株式会社
株式会社結めがね,神奈川県川崎市中原区小杉陣屋町１丁目１５番２２－１１０号,2020-04-01,株式会社
株式会社縁人心,石川県金沢市子来町３３番１,2020-04-01,株式会社
株式会社美亜,東京都中央区晴海２丁目２番４２－１３０６号,2020-04-01,株式会社
株式会社羲曇,東京都中央区銀座６丁目１３番１６号銀座ＷａｌｌビルＵＣＦ５階,2020-04-01,株式会社
株式会社翠耕,神奈川県川崎市幸区東小倉１９番１１サンハイツ・シンデン１０１号,2020-04-01,株式会社
株式会社Ａ．Ｚ．Ｒ,東京都世田谷区上馬２丁目２６番８号１１Ｆ,2020-04-01,株式会社
株式会社ＡｆＬｏ,神奈川県大和市下鶴間２７８８番地,2020-04-01,株式会社
株式会社Ａｍｂｅｒ,愛知県一宮市丹陽町重吉１５１番地１,2020-04-01,株式会社
株式会社Ｂワークス,東京都港区南青山３丁目８番４０号青山センタービル２０６号室,2020-04-01,株式会社
株式会社ＢＬＡＩＬ,東京都港区浜松町２丁目２番１５号浜松町ダイヤビル２階,2020-04-01,株式会社
株式会社ＢＳＹ,神奈川県厚木市温水１６１番地１,2020-04-01,株式会社
株式会社Ｃ４ｔｈ,大阪府大阪市西区土佐堀３丁目３番２－１００５号,2020-04-01,株式会社
株式会社ＣＫＥ,愛知県津島市鹿伏兎町上郷１６２番地,2020-04-01,株式会社
株式会社ＣＯＣＯＯ,東京都港区虎ノ門５丁目１１－１,2020-04-01,株式会社
株式会社ＤＩＲ　ＧＲＯＵＰ,埼玉県草加市西町１１６２番地２,2020-04-01,株式会社
株式会社Ｄｉｓｃｏｖｅｒｉｅｓ,京都府京都市中京区六角通柳馬場東入大黒町７２番地１京都六角Ｎビル４階,2020-04-01,株式会社
株式会社Ｅａｒｔｈ　Ｄｒｅａｍ　Ｍａｒｋ,静岡県駿東郡清水町新宿８３１番地７,2020-04-01,株式会社
株式会社Ｆ,宮城県仙台市青葉区国見ケ丘１丁目２０番地の１,2020-04-01,株式会社
株式会社ＦＬＯＷＥＲ,静岡県富士市大淵２２３５番地の１８９,2020-04-01,株式会社
株式会社Ｆｌｏｒａｌ,愛知県名古屋市瑞穂区彌富町字月見ケ岡３０番地,2020-04-01,株式会社
株式会社Ｆｏｒｅｓｔ　Ｐｒｏｄｕｃｔｓ,北海道札幌市中央区南一条西１６丁目１番地３２３春野ビル３Ｆ,2020-04-01,株式会社
株式会社ＧＵＳＨ,東京都渋谷区神宮前１丁目１９番１号,2020-04-01,株式会社
株式会社ＨＫＣｒｅａｔｅ,東京都中央区銀座６丁目４番８号曽根ビルＢ１０１,2020-04-01,株式会社
株式会社ＫＫデンタルサービス,三重県津市新町２丁目５番５２号,2020-04-01,株式会社
株式会社ＫｉｎＲｅｎ千葉,千葉県四街道市鹿放ケ丘１番地９,2020-04-01,株式会社
株式会社ＬＯＯＫ,滋賀県湖南市石部西２丁目５－２７,2020-04-01,株式会社
株式会社Ｌｉｖｅｒｙ,埼玉県さいたま市南区別所５丁目１２番１７号ドリームＤ２０５号室,2020-04-01,株式会社
株式会社Ｌｉｖｔｏｗｎ,東京都港区南青山５丁目１２番５号第一和田ビル８階,2020-04-01,株式会社
株式会社ＭＧＣ,東京都港区浜松町２丁目２番１５号浜松町ダイヤビル２Ｆ,2020-04-01,株式会社
株式会社ＭＩＴＡＸＩＡ,東京都千代田区神田佐久間町３丁目１６番５号ミナミ秋葉原ビル２階,2020-04-01,株式会社
株式会社Ｍａｒｋ－ｏｎ,東京都板橋区志村２丁目１６－３３ヴィオスガーデン城山５３０,2020-04-01,株式会社
株式会社Ｍｅｄｉｃａｌｄｅｓｉｇｎｌａｂｏ,福岡県福岡市城南区長尾５丁目１０番２２号リヴェール長尾１０１号,2020-04-01,株式会社
株式会社Ｍｅｄｉｘ．ＴＢ,東京都千代田区神田三崎町２丁目１７番２号,2020-04-01,株式会社
株式会社Ｎ‐ＬＡＢ,東京都世田谷区弦巻４丁目２０番１３－３０２号,2020-04-01,株式会社
株式会社ＮＥＸＡＳ,岡山県岡山市南区中畦７８２番地７,2020-04-01,株式会社
株式会社ＮＥＸＴ,愛知県名古屋市中区東桜２丁目１９番６号２Ｆ,2020-04-01,株式会社
株式会社Ｎｏｒｔｈ　Ｌｉｎｅ,福島県福島市在庭坂字焼野２番地の８－２Ｆ,2020-04-01,株式会社
株式会社ＯＺＯ,東京都港区南青山２丁目２番１５号ウィン青山９４２,2020-04-01,株式会社
株式会社ＰＩＴ,東京都品川区東五反田５丁目２７番１０号野村ビル９階,2020-04-01,株式会社
株式会社ＰａｕｌＪｏｈｎ,東京都渋谷区桜丘町２３番１７号シティコート桜丘４０８,2020-04-01,株式会社
株式会社ＲＩＺＥ,東京都板橋区志村１丁目３２番２号シャトル石原１０１,2020-04-01,株式会社
株式会社Ｒｅｒｉｇｈｔ,福岡県福岡市中央区大名２丁目６－１１ＦｕｋｕｏｋａＧｒｏｗｔｈＮｅｘｔ２ＦシェアオフィスＡ,2020-04-01,株式会社
株式会社ＲｏｎＳｔａｒ,大阪府大阪市中央区千日前１丁目８番１６号,2020-04-01,株式会社
株式会社Ｓｈｏ－ＴｉｍｅＧｏｌｆ,神奈川県横浜市西区北幸１丁目１１番１号水信ビル７階,2020-04-01,株式会社
株式会社Ｔ＆Ｔ,東京都練馬区旭町１丁目３７番１４号,2020-04-01,株式会社
株式会社ＴＦＬ,栃木県河内郡上三川町大字ゆうきが丘１６番地２１,2020-04-01,株式会社
株式会社ＴＨＲＥＥ,岐阜県可児市広見１丁目１９番地ゼンビル５Ｆ,2020-04-01,株式会社
株式会社ＴＭＳ,埼玉県川口市芝宮根町１７番３２号,2020-04-01,株式会社
株式会社ＴＯＫＯ食品,神奈川県綾瀬市寺尾本町１丁目２３番６号,2020-04-01,株式会社
株式会社ＵＮＩＴＥＤ　ＬＡＢＥＬ,岡山県倉敷市中島９０７番地５,2020-04-01,株式会社
株式会社ＶａｎＧｅｔｉｃ,沖縄県那覇市東町１６番２号コーポＳＡＫＡＥ２０５号室,2020-04-01,株式会社
株式会社ＷＡＶＥＲＩＤＧＥ,東京都渋谷区松濤１丁目２８－２,2020-04-01,株式会社
株式会社Ｗｉｔｈ,福岡県春日市岡本４丁目８２番地,2020-04-01,株式会社
株式会社Ｙ．Ｓ．Ｋ,東京都文京区湯島３丁目２４－８,2020-04-01,株式会社
株式会社Ｚｅｒｏ　Ｃｒｉｍｅ,東京都千代田区麹町６丁目６番５Ｆ,2020-04-01,株式会社
株式会社ｏｔａｋｕ,東京都渋谷区恵比寿２丁目２８番１０号,2020-04-01,株式会社
株式会社ｐａｒｋ＆ｔａｒｔ,大阪府高槻市芥川町４丁目２０番６号,2020-04-01,株式会社
株式会社ｔｈｅ１５０,東京都大田区矢口１丁目２３番８号,2020-04-01,株式会社
株式会社ｙｃｏｍｅｎｔ,東京都練馬区早宮１丁目１８番２号,2020-04-01,株式会社
正源株式会社,東京都足立区南花畑１丁目８－２,2020-04-01,株式会社
特定非営利活動法人なないろ,島根県松江市嫁島町１０番１２号,2020-04-01,その他の設立登記法人
特定非営利活動法人カヤノコ,岡山県岡山市北区駅前町１丁目１番９号,2020-04-01,その他の設立登記法人
特定非営利活動法人南伊豆ライフセービングクラブ,静岡県賀茂郡南伊豆町湊２６３番１号,2020-04-01,その他の設立登記法人
特定非営利活動法人命のやすらぎ,長野県駒ヶ根市赤穂２８６８番地,2020-04-01,その他の設立登記法人
特定非営利活動法人柏崎バスケットボール協会,新潟県柏崎市長峰町１９番１１号,2020-04-01,その他の設立登記法人
特定非営利活動法人ＷＯＲＬＤＷＩＤＥ　ＫＡＧＯＳＨＩＭＡ,鹿児島県鹿児島市下荒田２丁目４０番５号,2020-04-01,その他の設立登記法人
真秀モーター技研合同会社,青森県青森市原別８丁目４番１６号,2020-04-01,合同会社
石のマルコーサービス株式会社,埼玉県越谷市赤山町１丁目１２３番地１,2020-04-01,株式会社
社会福祉法人あらた会,沖縄県那覇市真嘉比１丁目２４番９号,2020-04-01,その他の設立登記法人
税理士法人ふたこ会計事務所,東京都世田谷区用賀２丁目４１番１８－２０２号,2020-04-01,その他の設立登記法人
空間除菌株式会社,大分県別府市大字鶴見２８１５番地の２,2020-04-01,株式会社
空ＬＡＢＯ合同会社,兵庫県川辺郡猪名川町柏原字倉掛２番地の１４,2020-04-01,合同会社
美光物流株式会社,東京都品川区二葉３丁目１番１４号モウリハイツ１０１,2020-04-01,株式会社
花咲ホーム株式会社,東京都八王子市南大沢２丁目２１３番地９－３０２,2020-04-01,株式会社
藤光建株式会社,熊本県熊本市中央区黒髪１丁目７番５号,2020-04-01,株式会社
西野ホールディングス株式会社,千葉県千葉市中央区浜野町１０１９番地,2020-04-01,株式会社
隆成合同会社,福岡県久留米市六ツ門町８番地１久留米シティプラザ１０８,2020-04-01,合同会社
静岡共栄協同組合,静岡県藤枝市田沼４丁目１４番地１,2020-04-01,その他の設立登記法人
黒姫高原ミルク株式会社,長野県上田市富士山２４１６番地２２,2020-04-01,株式会社
Ａ．Ｓ．Ｒ株式会社,大阪府寝屋川市清水町１８番１１－１０１号,2020-04-01,株式会社
ＡＤＯ合同会社,岡山県岡山市南区松浜町５番２９号,2020-04-01,合同会社
ＡＮＣＩＥＮＴ　ＥＤＧＥ合同会社,石川県かほく市高松ウ７３番地２,2020-04-01,合同会社
ＢＥＡＭＳ　ＢＲＩＧＨＴ株式会社,滋賀県彦根市古沢町６８５番地,2020-04-01,株式会社
ＢＲＩＡＮＮＡ株式会社,東京都渋谷区千駄ヶ谷４丁目９－２１赤松ビル２０１,2020-04-01,株式会社
Ｃｒｙｓｔａｌ　Ｊａｓｍｉｎｅ株式会社,山梨県上野原市コモアしおつ１丁目３２番１号,2020-04-01,株式会社
Ｄｉｎｏｓｏｌｖｅ株式会社,東京都渋谷区神南１丁目６番５号,2020-04-01,株式会社
ＥＡＲＴＨＷＯＲＭ合同会社,千葉県流山市富士見台１丁目１０番地の１２８,2020-04-01,合同会社
Ｅｋｏｗｏｒｋｓ合同会社,神奈川県横浜市戸塚区吉田町１１１０番地２７,2020-04-01,合同会社
ＦＦ　Ｐｒｏｐｅｒｔｙ合同会社,東京都港区東麻布１丁目７番５－１００５号,2020-04-01,合同会社
ＦＳホールディング株式会社,神奈川県大和市柳橋３丁目３５番地６,2020-04-01,株式会社
ＧＹＫ株式会社,千葉県長生郡長南町坂本２８５１番地,2020-04-01,株式会社
ＧｏｏｄＴｈｉｎｋ　ｔｏ　ＢａｓｉｃＯｕｔｃｏｍｉｎｇ合同会社,埼玉県所沢市小手指町２丁目１４４２番地の３２,2020-04-01,合同会社
ＨＩＲＯＳＥ　Ｃｏｒｐｏｒａｔｉｏｎ株式会社,山梨県上野原市コモアしおつ１丁目４４番６号,2020-04-01,株式会社
ＨＯＵＳＥ　ＬＡＢＯ合同会社,愛知県豊川市金塚町２丁目６３番地の２,2020-04-01,合同会社
Ｊ・Ｈ・Ｃ・Ｃｏｒｐｏｒａｔｉｏｎ　Ｊａｐａｎ株式会社,千葉県千葉市中央区栄町３６番７－６Ｆ,2020-04-01,株式会社
Ｋ・ＢＬＵＥ株式会社,東京都渋谷区渋谷３丁目６番２号,2020-04-01,株式会社
Ｋ・Ｒ合同会社,愛知県名古屋市港区稲永１丁目１番４１号,2020-04-01,合同会社
ＫＰＨ株式会社,福井県福井市和田中１丁目４１４番地,2020-04-01,株式会社
ＭＩＹＡＨＩＤＥ合同会社,石川県金沢市寺町４丁目２番１５号,2020-04-01,合同会社
ＭａＮａ　ｌｉｎｋ　ｌｉｆｅ株式会社,茨城県筑西市茂田１６７３番地２,2020-04-01,株式会社
Ｎ　ＣＯＲＥ株式会社,東京都港区六本木６丁目８番１０号,2020-04-01,株式会社
ＮＰＯ法人木の子クラブ我孫子,千葉県我孫子市布佐平和台３丁目１４番１６号,2020-04-01,その他の設立登記法人
ＮＰＯ法人熊本オルタナティブ教育協会,熊本県阿蘇郡南阿蘇村大字久石３８１４番地１,2020-04-01,その他の設立登記法人
ＮＳＦ合同会社,北海道札幌市白石区菊水元町四条１丁目４番２号,2020-04-01,合同会社
Ｐ＆Ｃ合同会社,千葉県船橋市本中山３丁目６番２号リバーサイドミチ１０１号,2020-04-01,合同会社
ＰＯＩＮＴ　ＬＩＮＥ合同会社,神奈川県藤沢市南藤沢６番１８号リベール湘南Ｂ１,2020-04-01,合同会社
ＰＲＴ協同組合,東京都葛飾区水元２丁目１０番７号,2020-04-01,その他の設立登記法人
Ｐａｒｓｅ株式会社,東京都港区南青山２丁目２番１５号ウィン青山９４２,2020-04-01,株式会社
Ｐｒｏｊｅｃｔ　Ｏｒｉｇｉｎ　Ｊａｐａｎ株式会社,福岡県福岡市南区柏原２丁目９番３号,2020-04-01,株式会社
ＲＩＫＩ株式会社,東京都世田谷区奥沢３丁目３３番１２－１００３号,2020-04-01,株式会社
Ｒｅｉｔｅｃ合同会社,愛知県名古屋市中区大須１丁目３２番４３号岩井通コスモス３０５号,2020-04-01,合同会社
ＳＰＡＣＥ　ＤＩＮＥＲ株式会社,東京都中央区日本橋室町４丁目３番４号,2020-04-01,株式会社
ＳＴＧＧ合同会社,新潟県燕市白山町３丁目３番１号,2020-04-01,合同会社
Ｓｅｌｅｃｔｉｖｅ　Ｔｒａｄｅｍａｒｋ　Ｕｎｉｏｎ　Ｊａｐａｎ合同会社,東京都千代田区平河町１丁目５番１５号ＶＯＲＴ平河町２０１,2020-04-01,合同会社
Ｕｎ　ｐｉｏｎｎｉｅｒ合同会社,東京都品川区東品川３丁目８番８－１７０９号,2020-04-01,合同会社
Ｕｒｂａｎ　Ｅｓｔａｔｅ株式会社,東京都江東区青海２丁目７－４ＴｈｅＳＯＨＯ５２７,2020-04-01,株式会社
ＹＭロジプラン株式会社,奈良県大和高田市大字市場７７８番地５,2020-04-01,株式会社
ｃＬｉｆｅ合同会社,東京都港区高輪４丁目２３－６ハイホーム高輪７０８,2020-04-01,合同会社
ｆａｙ合同会社,大分県大分市大字永興９４１番地の２,2020-04-01,合同会社
ばんな合同会社,東京都葛飾区東四つ木２丁目１７番９－１１０１号,2020-04-02,合同会社
ひろぎんキャピタルパートナーズ株式会社,広島県広島市南区西蟹屋１丁目１番７号,2020-04-02,株式会社
めぐみ維新株式会社,静岡県静岡市葵区音羽町１９番１５号１階,2020-04-02,株式会社
アキカワ工業株式会社,山梨県西八代郡市川三郷町上野７２８番地１,2020-04-02,株式会社
アスカ・ジャパン合同会社,兵庫県神戸市兵庫区福原町１４番２号常本マンション３０２号,2020-04-02,合同会社
アタカマ株式会社,神奈川県横浜市旭区今宿西町４９２番地２１－３－２０２,2020-04-02,株式会社
アトミックワン合同会社,東京都新宿区西新宿７丁目１８－７－４０１,2020-04-02,合同会社
アナフィス株式会社,兵庫県尼崎市南武庫之荘２丁目４番１０号エル南武庫之荘２０６号,2020-04-02,株式会社
エイト商事株式会社,大阪府東大阪市西堤学園町２丁目１番２６号,2020-04-02,株式会社
エグザムキャスト合同会社,神奈川県横浜市保土ケ谷区西谷町１１２５番地５,2020-04-02,合同会社
エグボック株式会社,石川県金沢市窪１丁目１２番地,2020-04-02,株式会社
エナジェクス株式会社,茨城県守谷市薬師台２丁目１０番地１５,2020-04-02,株式会社
エムエムネット株式会社,鹿児島県鹿児島市荒田２丁目６０番４号,2020-04-02,株式会社
エムスリー合同会社,東京都三鷹市下連雀８丁目３－１１,2020-04-02,合同会社
オルタナティブガレージ株式会社,神奈川県相模原市南区新磯野５丁目９番５号パークサイドマンション２０１,2020-04-02,株式会社
キーズ合同会社,神奈川県横浜市神奈川区六角橋３丁目１４－１７,2020-04-02,合同会社
グリコマニュファクチャリングジャパン株式会社,大阪府大阪市西淀川区歌島４丁目６番５号,2020-04-02,株式会社
コナンエステート株式会社,滋賀県湖南市三雲１０８６番地１,2020-04-02,株式会社
コーヨーテック株式会社,大阪府摂津市新在家２丁目１１番５号,2020-04-02,株式会社
サンコーテクノロジー株式会社,神奈川県横浜市港北区綱島東５丁目１０番４１号,2020-04-02,株式会社
スギヤマ株式会社,佐賀県佐賀市富士町大字杉山１１７０番地,2020-04-02,株式会社
タイコーＨＤ株式会社,千葉県船橋市本町７丁目２７番１５号新船橋ビル,2020-04-02,株式会社
タイコーＴＲ株式会社,千葉県船橋市本町７丁目２７番１５号新船橋ビル４階,2020-04-02,株式会社
タイホウ株式会社,鹿児島県鹿児島市荒田２丁目６０番４号,2020-04-02,株式会社
テイクフォー合同会社,長野県岡谷市川岸上３丁目１２番４号,2020-04-02,合同会社
ディ．アル．アートワークショップ,東京都新宿区高田馬場４丁目９－１４ふみビル４Ｆ,2020-04-02,外国会社等
バイオミメシス株式会社,石川県能美市宮竹町ニ３５番地１,2020-04-02,株式会社
バリュークリエイト株式会社,大阪府大阪市東住吉区西今川３丁目１９番６号,2020-04-02,株式会社
パタヤ商事合同会社,奈良県生駒市北田原町２５２番４号,2020-04-02,合同会社
ピュアトーンアーツ・ジャパン株式会社,東京都台東区谷中７丁目１７番５号,2020-04-02,株式会社
マーキュリーシステム合同会社,東京都港区芝４丁目１６番２－２９０３号,2020-04-02,合同会社
ミライズ合同会社,東京都新宿区新宿７丁目３番４２号,2020-04-02,合同会社
ライジング・ディ株式会社,茨城県ひたちなか市大字東石川２１０－１,2020-04-02,株式会社
ラフ不動産販売株式会社,兵庫県神戸市灘区桜口町４丁目１番１－６０５号,2020-04-02,株式会社
ラブリーレースジャパン合同会社,大阪府大阪市平野区加美南３丁目９番２９号,2020-04-02,合同会社
ランチェスター合同会社,千葉県千葉市中央区松波３丁目１１番３号コスモ千葉松波５０４号,2020-04-02,合同会社
リイピング合同会社,大阪府大阪市北区大淀中１丁目８番３４号,2020-04-02,合同会社
リスペクト株式会社,大阪府門真市三ツ島６丁目６番１号,2020-04-02,株式会社
一番星商事株式会社,茨城県つくば市今鹿島４１７７番地５,2020-04-02,株式会社
一般社団法人インターナショナル保育協会,宮崎県宮崎市桜ケ丘町２４番地３,2020-04-02,その他の設立登記法人
一般社団法人オーケーチャタン,東京都千代田区丸の内３丁目１番１号東京共同会計事務所内,2020-04-02,その他の設立登記法人
一般社団法人ジャパカルＨＡＮＡＢＩ,東京都品川区旗の台２丁目１１番６号,2020-04-02,その他の設立登記法人
一般社団法人フリーチルドレン,広島県安芸郡海田町中店１３番１４号,2020-04-02,その他の設立登記法人
一般社団法人ミラリレ,富山県高岡市木津６０１番地１,2020-04-02,その他の設立登記法人
一般社団法人モンテッソーリケア協会,岡山県岡山市北区奥田２丁目５番２０号,2020-04-02,その他の設立登記法人
一般社団法人健活サポート倶楽部,鹿児島県鹿児島市荒田１丁目３－１５－３０１,2020-04-02,その他の設立登記法人
一般社団法人山鹿移住定住支援センターｋｕｔａｍｉｎ,熊本県山鹿市鹿本町来民１６３３番地１,2020-04-02,その他の設立登記法人
一般社団法人日本改葬協会,神奈川県藤沢市鵠沼東１番１号玉半ビル３Ｆ,2020-04-02,その他の設立登記法人
一般社団法人木の国ガーデン,和歌山県和歌山市楠右衛門小路１番地,2020-04-02,その他の設立登記法人
一般社団法人西上田里山文化保存会,岐阜県揖斐郡池田町六之井１８８０番地の２０,2020-04-02,その他の設立登記法人
一般社団法人ＰＵＢＬＩＣ,東京都中央区築地２丁目１５番１５号セントラル東銀座４１６号,2020-04-02,その他の設立登記法人
一般社団法人ＴＴ,東京都千代田区神田神保町１丁目１１番地さくら綜合事務所内,2020-04-02,その他の設立登記法人
一般社団法人ｄ－Ｃｏｎｎｅｃｔ,滋賀県大津市今堅田２丁目１０番２号Ｂ－１０１,2020-04-02,その他の設立登記法人
一般財団法人こどものための柴基金,東京都渋谷区代官山町１５番地９代官山センタービル４階,2020-04-02,その他の設立登記法人
一般財団法人バロック村井博之財団,東京都目黒区青葉台４丁目７番７号,2020-04-02,その他の設立登記法人
七尾商店合同会社,東京都板橋区熊野町１６－３－１００２,2020-04-02,合同会社
中央製薬株式会社,大阪府大阪市中央区北浜東１番２９号,2020-04-02,株式会社
傳丸漁業株式会社,千葉県銚子市大橋町５番地の９,2020-04-02,株式会社
勇大建設株式会社,北海道釧路市鶴野１４３番地１６,2020-04-02,株式会社
北斗興産株式会社,北海道雨竜郡沼田町南一条２丁目６番４８号,2020-04-02,株式会社
医療法人仁生会,神奈川県川崎市中原区木月祇園町１５番１号,2020-04-02,その他の設立登記法人
医療法人社団よしおかクリニック,兵庫県宝塚市宝梅２丁目６番２６号,2020-04-02,その他の設立登記法人
医療法人ＳＤＣ,福島県いわき市中央台鹿島３丁目１２番地の１,2020-04-02,その他の設立登記法人
友喜不動産リアルティ株式会社,大阪府大阪市中央区南本町３丁目２番１３号,2020-04-02,株式会社
各務原学びの森株式会社,岐阜県各務原市那加桐野町２丁目９番地１,2020-04-02,株式会社
合同会社あきもと,山口県山口市下小鯖３１７番地,2020-04-02,合同会社
合同会社あさかみ会計事務センター,山口県宇部市琴芝町１丁目２番４６号,2020-04-02,合同会社
合同会社あん藤,滋賀県長浜市元浜町８番２９号,2020-04-02,合同会社
合同会社かしま整体,島根県松江市北田町７１番地２２,2020-04-02,合同会社
合同会社ふわり,島根県邑智郡邑南町矢上３８５４番地２,2020-04-02,合同会社
合同会社ますみつ会計Ｌａｂｏ,鹿児島県鹿児島市吉野１丁目４３番１号,2020-04-02,合同会社
合同会社アイリー,神奈川県横浜市港北区日吉７丁目１１番２６号ホワイトドエル日吉１０５号,2020-04-02,合同会社
合同会社アグリＢ＆Ｃサポート,山梨県韮崎市藤井町駒井９９３番地５,2020-04-02,合同会社
合同会社イツキオカモト,東京都目黒区中目黒４丁目１２番７号,2020-04-02,合同会社
合同会社エクスプラス,千葉県市川市東大和田１丁目２２番６－３０６号,2020-04-02,合同会社
合同会社エフ・ケイ会計,山口県山口市小郡黄金町１６番５－１３０１号,2020-04-02,合同会社
合同会社エムテック,奈良県香芝市瓦口２２００番地ＦＬＡＴ２２、７０１号,2020-04-02,合同会社
合同会社オルタードキャピタル,千葉県野田市岩名２丁目３４番地の１,2020-04-02,合同会社
合同会社クラシック,神奈川県川崎市中原区上平間２８７番地２ソレイユ平間１０４,2020-04-02,合同会社
合同会社グランドスラム,東京都日野市旭が丘２丁目１２番３２号,2020-04-02,合同会社
合同会社グラン総合研究所,東京都品川区西大井１丁目１番２ー２６０７号,2020-04-02,合同会社
合同会社ジョイタスク,茨城県水戸市平須町１８２２番地の８３１,2020-04-02,合同会社
合同会社ステラ調査事務所,大阪府大阪市中央区谷町９丁目３番１１号東谷町ビル２０８,2020-04-02,合同会社
合同会社バランス,鹿児島県大島郡瀬戸内町大字網野子３０８番地,2020-04-02,合同会社
合同会社ヒロキ,岐阜県郡上市八幡町小野５２６番地２,2020-04-02,合同会社
合同会社フィールドアイ,北海道釧路郡釧路町よし野７丁目７番地２,2020-04-02,合同会社
合同会社ホワイトベア,徳島県板野郡藍住町住吉字江端１４番地１１,2020-04-02,合同会社
合同会社ポピロウ,鹿児島県鹿児島市紫原３丁目２１番２４号,2020-04-02,合同会社
合同会社マルミ興業,茨城県那珂郡東海村豊白１丁目１９番１号,2020-04-02,合同会社
合同会社ミコノス,大阪府東大阪市長栄寺１１番１１号,2020-04-02,合同会社
合同会社モレ,東京都新宿区百人町３丁目２１番１１－４０３号,2020-04-02,合同会社
合同会社リブネス,岐阜県可児市虹ケ丘３丁目９８番地,2020-04-02,合同会社
合同会社リリヴ,大阪府大阪市東淀川区菅原２丁目１３番３０号２１０号室,2020-04-02,合同会社
合同会社中原工業,岡山県倉敷市広江２丁目９番２７－１号,2020-04-02,合同会社
合同会社令和マスク,大阪府大阪市淀川区宮原２丁目１１番９号,2020-04-02,合同会社
合同会社修吉,岡山県笠岡市金浦１３５６番地１,2020-04-02,合同会社
合同会社創忠,北海道紋別市落石町４丁目５番９号アスクホーム４－２０７,2020-04-02,合同会社
合同会社友ホーム,沖縄県うるま市みどり町２丁目６番２１号,2020-04-02,合同会社
合同会社小栗達弘オフィス,岐阜県岐阜市茜部菱野４丁目７９番１号岐阜造園ビル３階,2020-04-02,合同会社
合同会社屋久島物産展,鹿児島県熊毛郡屋久島町楠川１２２２－３,2020-04-02,合同会社
合同会社梅ソフトウェア,千葉県市川市鬼越２丁目１３番２６号,2020-04-02,合同会社
合同会社藤心,神奈川県相模原市中央区田名４１２９番地２,2020-04-02,合同会社
合同会社越南ＨＡＩＴＨＵＹ,神奈川県川崎市川崎区浅田２丁目９－７浅田ビル１０４号,2020-04-02,合同会社
合同会社雨のち晴,香川県綾歌郡宇多津町大字東分１５７４番地１,2020-04-02,合同会社
合同会社９－ＰＲＯＪＥＣＴ,大阪府大阪市中央区日本橋２丁目１４番４号アリタビル１Ｆ,2020-04-02,合同会社
合同会社Ａ,大阪府大阪市淀川区宮原２丁目１１番９号,2020-04-02,合同会社
合同会社Ｂ,大阪府大阪市淀川区宮原２丁目１１番９号,2020-04-02,合同会社
合同会社ＢＬＡＣＫ　ＳＡＮＤＳ　ＨＯＬＤＩＮＧＳ,千葉県千葉市美浜区稲毛海岸４丁目８番１６号ジュネパレス千葉２７－５０１,2020-04-02,合同会社
合同会社Ｃ,大阪府大阪市淀川区宮原２丁目１１番９号,2020-04-02,合同会社
合同会社Ｃｈａｍｕｏワークス,岐阜県安八郡神戸町大字加納３６５番地の３３,2020-04-02,合同会社
合同会社ＣｕｒａＮＡＩＬ,青森県弘前市大字高崎２丁目１５番地１さくら野百貨店弘前店ラフォルテ館１Ｆ,2020-04-02,合同会社
合同会社Ｄ,大阪府大阪市淀川区宮原２丁目１１番９号,2020-04-02,合同会社
合同会社ＤＳＰＯ,東京都港区新橋５丁目２０番３号,2020-04-02,合同会社
合同会社Ｅ,大阪府大阪市淀川区宮原２丁目１１番９号,2020-04-02,合同会社
合同会社ＥＸＣＬＵＺＯ　ＩＮＴＥＲＮＡＴＩＯＮＡＬ,神奈川県綾瀬市吉岡９６２－１,2020-04-02,合同会社
合同会社Ｅｌａｎ,北海道帯広市西七条南２０丁目２ベルデハイツ１０６,2020-04-02,合同会社
合同会社ＦＩＮＲＥＤ,東京都足立区千住東２丁目２０番１２号,2020-04-02,合同会社
合同会社Ｆｉｖｅ　Ｓｔａｒｓ　Ｃｏｒｐｏｒａｔｉｏｎ,和歌山県田辺市中三栖１８１８－１,2020-04-02,合同会社
合同会社ＧＨＯＭＳ,千葉県市川市南大野２丁目２２番２,2020-04-02,合同会社
合同会社ＧＯＴＯＫＵ,鹿児島県鹿児島市川上町２７２１番地７３,2020-04-02,合同会社
合同会社ＪＭＡ,千葉県千葉市若葉区高品町１０６０番地９４,2020-04-02,合同会社
合同会社Ｋ・Ｍ・ＲＩＺＥ　ＥＡＳＴ,千葉県佐倉市上座１１８６番地４ベストワン１０４,2020-04-02,合同会社
合同会社ＫＯＳＴ,鹿児島県鹿児島市新屋敷町２０番２２号アーバンパレス新屋敷１０８号,2020-04-02,合同会社
合同会社Ｍａｐｌｅ＆Ｖｉｏｌａ,静岡県静岡市葵区駿河町７番地の４,2020-04-02,合同会社
合同会社Ｍｙ　ＰＬＡＣＥ未来,茨城県つくば市上横場２４５５番地５,2020-04-02,合同会社
合同会社Ｎ・Ｃ・Ｆ,大阪府東大阪市森河内西１丁目１９番１１号,2020-04-02,合同会社
合同会社ＯＮＥ　ＴＯＰ,千葉県千葉市中央区青葉町１２８２番地９,2020-04-02,合同会社
合同会社ＰＭＡ企画,香川県さぬき市長尾東２０５６番地,2020-04-02,合同会社
合同会社ＳＧＫ,神奈川県横浜市港北区日吉本町２丁目１１番１号,2020-04-02,合同会社
合同会社ＳＫＹ　Ｂｌｕｅ,東京都港区高輪３丁目１０番２号グラスプラス高輪,2020-04-02,合同会社
合同会社ＷＯＮＥ,東京都品川区南品川６丁目１８番２９号,2020-04-02,合同会社
合同会社ＹＭ,富山県氷見市間島１番３８号,2020-04-02,合同会社
合同会社ａ・プレシアンス,栃木県栃木市藤岡町藤岡６４７１番地２,2020-04-02,合同会社
合同会社ｆｏｒＫ,福岡県福岡市中央区大手門１丁目２番２８号,2020-04-02,合同会社
地方独立行政法人たつの市民病院機構,兵庫県たつの市御津町中島１６６６番地１,2020-04-02,その他の設立登記法人
大年実業株式会社,東京都東久留米市中央町１丁目１－４９,2020-04-02,株式会社
太子開発株式会社,兵庫県揖保郡太子町東保字宗田１６０番地の６,2020-04-02,株式会社
守屋エステートコンサル株式会社,鹿児島県鹿児島市西田３丁目３番１６号コンフォート雅３０２号,2020-04-02,株式会社
小椋総合コンサルタント株式会社,徳島県徳島市末広２丁目１番６８号,2020-04-02,株式会社
小沢塗装工芸有限会社,福島県会津若松市門田町大字一ノ堰字土手外２１１７番地,2020-04-02,有限会社
山中エンジニアリング合同会社,大阪府大阪市平野区瓜破東３丁目４番１６号,2020-04-02,合同会社
峯特工株式会社,静岡県静岡市葵区足久保口組３２７６番地の９７,2020-04-02,株式会社
川崎武蔵商事株式会社,神奈川県川崎市中原区上小田中３丁目４番７号ＫＣＫビルⅡ１０１号室,2020-04-02,株式会社
庭仕事株式会社,佐賀県佐賀市大和町大字尼寺３３８８番地３,2020-04-02,株式会社
弁護士法人Ｆｉｅｌｄ－Ｒ,東京都港区六本木４丁目２番３５号,2020-04-02,その他の設立登記法人
恒博貿易株式会社,滋賀県長浜市加納町３９８－４,2020-04-02,株式会社
恩臨株式会社,東京都大田区矢口１丁目１６－１９コスモビルⅡ３０４,2020-04-02,株式会社
戸田技建工業株式会社,岐阜県安八郡安八町大森２７１番地の７,2020-04-02,株式会社
晨信合同会社,愛知県名古屋市中区錦３丁目２１番１８号,2020-04-02,合同会社
東陽商事合同会社,埼玉県ふじみ野市福岡中央２丁目１２番２３－１０２号,2020-04-02,合同会社
株式会社かぎもと茶店,神奈川県川崎市川崎区駅前本町１８番１号メルスサイトー１００５,2020-04-02,株式会社
株式会社くろき交通,福岡県八女市黒木町本分１６２５番地２,2020-04-02,株式会社
株式会社しずおか魚市場,静岡県静岡市葵区流通センター１番１号,2020-04-02,株式会社
株式会社なんとなく,東京都江戸川区東瑞江３丁目５５番２４号,2020-04-02,株式会社
株式会社アスナロホーム,鹿児島県鹿児島市東谷山６丁目２９番８号,2020-04-02,株式会社
株式会社アークス,山形県東置賜郡高畠町大字馬頭３８番地１,2020-04-02,株式会社
株式会社アール空調,鹿児島県鹿児島市坂之上８丁目１９番２０号,2020-04-02,株式会社
株式会社イレダス,北海道旭川市六条通１９丁目１７１７番地の９７,2020-04-02,株式会社
株式会社インテリアＫ,大阪府泉佐野市佐野台７番地の１（１４－４０３）,2020-04-02,株式会社
株式会社イーエスラボ,静岡県掛川市上西郷１６００番地２,2020-04-02,株式会社
株式会社イープランニング,東京都千代田区神田須田町２丁目１１番８玉甚ビル３Ｆ,2020-04-02,株式会社
株式会社ウィズ,大阪府大阪市北区芝田２丁目２番１７号,2020-04-02,株式会社
株式会社ウィズワン,千葉県千葉市中央区富士見１丁目１４番１３号千葉大栄ビル８階,2020-04-02,株式会社
株式会社ウチザリバイタル,青森県八戸市大字大久保字坂ノ脇２０－１８,2020-04-02,株式会社
株式会社エナビー,東京都港区港南２丁目１５番３号,2020-04-02,株式会社
株式会社オアシス総研,神奈川県横浜市西区北幸２丁目１１番４７－１２１０号,2020-04-02,株式会社
株式会社カネタツ,北海道茅部郡森町字砂原２丁目１１４番地,2020-04-02,株式会社
株式会社カーピット,高知県南国市田村甲４９４番地１,2020-04-02,株式会社
株式会社クリエイティブオフィスリュウ,大阪府大阪市北区中之島４丁目２番２８号,2020-04-02,株式会社
株式会社グリーンスポットＦ,島根県浜田市朝日町１４０６番地,2020-04-02,株式会社
株式会社グロリア,大阪府大阪市西区江之子島１丁目７番３－９０２号,2020-04-02,株式会社
株式会社ケアシステム,鹿児島県鹿児島市明和４丁目１１番地１０号,2020-04-02,株式会社
株式会社ケントレイ,神奈川県横浜市中区柏葉３７番地１,2020-04-02,株式会社
株式会社シャイン,大阪府高槻市真上町２丁目１３番４号,2020-04-02,株式会社
株式会社ステラトレード,大阪府大阪市中央区博労町２丁目６番２号,2020-04-02,株式会社
株式会社スリーエヌ,大阪府摂津市鳥飼銘木町１８番４号,2020-04-02,株式会社
株式会社セツ建装,東京都大田区新蒲田１丁目２１番９号,2020-04-02,株式会社
株式会社ゼニヤッタ,沖縄県浦添市安波茶２丁目３番１号１階,2020-04-02,株式会社
株式会社ゼロクリエイト,岡山県小田郡矢掛町矢掛８１番地１,2020-04-02,株式会社
株式会社ソニックリード,徳島県阿波市吉野町柿原字西二条２４１番地１,2020-04-02,株式会社
株式会社タイコー・リフォーム,千葉県船橋市本町７丁目２７番１５号新船橋ビル２階,2020-04-02,株式会社
株式会社タナック,岐阜県岐阜市金町５丁目１６－３ライオンズマークスフォート６０４,2020-04-02,株式会社
株式会社テラスイルミナ,和歌山県西牟婁郡上富田町朝来７８２番地１,2020-04-02,株式会社
株式会社ネスサリーワーク,大阪府大阪市東住吉区中野３丁目１番１１号,2020-04-02,株式会社
株式会社ハーネス,岡山県倉敷市中島８６４番地１,2020-04-02,株式会社
株式会社パーセック,岩手県花巻市石鳥谷町八幡第５地割４８番地２,2020-04-02,株式会社
株式会社ビープロ,兵庫県神戸市灘区灘南通５丁目４－１７,2020-04-02,株式会社
株式会社ピーエフ・ディー,福岡県福岡市中央区薬院１丁目１３番８号,2020-04-02,株式会社
株式会社フォアフロント,静岡県沼津市錦町３番地の６,2020-04-02,株式会社
株式会社フォールヴェルツ,千葉県千葉市稲毛区長沼町２１１番地１９,2020-04-02,株式会社
株式会社ブロックラボ,東京都港区赤坂２丁目１７番５０号,2020-04-02,株式会社
株式会社プラグマテック,大阪府大阪市北区梅田１丁目１１番４－１０００号,2020-04-02,株式会社
株式会社ボンド,広島県広島市中区舟入町６番２号２階,2020-04-02,株式会社
株式会社マックスベルト,鹿児島県鹿児島市五ヶ別府町３２０４番地３,2020-04-02,株式会社
株式会社マルショウエネルギー,宮崎県宮崎市古城町岡ノ原２９番地２,2020-04-02,株式会社
株式会社マルヨシ通商,大阪府大阪市淀川区十三本町１丁目１番６－２０１号,2020-04-02,株式会社
株式会社ヤマゾエ,佐賀県唐津市肥前町瓜ケ坂３９９番地,2020-04-02,株式会社
株式会社ラビウス,岡山県岡山市南区豊成１丁目１１番２６－１号,2020-04-02,株式会社
株式会社リバーダイヤ,大阪府大阪市淀川区十八条３丁目８番４１号,2020-04-02,株式会社
株式会社ロッチェゴ,神奈川県藤沢市石川６丁目２５番地の１７,2020-04-02,株式会社
株式会社ワイエア,大阪府大阪市北区梅田２丁目５番４号千代田ビル西館６階－Ｇ,2020-04-02,株式会社
株式会社三浦・曽野事務所,東京都大田区田園調布３丁目５番１３号,2020-04-02,株式会社
株式会社三浦健太郎事務所,東京都新宿区新宿１丁目２番１号新宿御苑前マンション７０４号室,2020-04-02,株式会社
株式会社上平建設,岩手県岩手郡岩手町大字五日市第７地割１２２番地５,2020-04-02,株式会社
株式会社上野重量,大阪府大阪市東淀川区菅原３丁目１２番１１号,2020-04-02,株式会社
株式会社中原自動車,岡山県倉敷市加須山１６２番地１,2020-04-02,株式会社
株式会社丸井防災研究所,青森県三沢市下久保２丁目９番地１号,2020-04-02,株式会社
株式会社久保建業,北海道旭川市東光五条４丁目１番１２号,2020-04-02,株式会社
株式会社今田作庭園,香川県仲多度郡まんのう町東高篠７３７番地１,2020-04-02,株式会社
株式会社克勝,大阪府大阪市此花区四貫島１丁目２番２－４０５号,2020-04-02,株式会社
株式会社内木農園,岐阜県高山市一之宮町２０８５番地,2020-04-02,株式会社
株式会社勝田保温工業,大阪府大阪市東淀川区小松２丁目１３番１１号,2020-04-02,株式会社
株式会社古賀工務店,佐賀県小城市牛津町乙柳９４３番地３４,2020-04-02,株式会社
株式会社善紳工建,大阪府大阪市平野区加美北５丁目１２番２３号,2020-04-02,株式会社
株式会社土山電気,岡山県岡山市南区福富西２丁目１３番８号,2020-04-02,株式会社
株式会社大陽コンクリート,神奈川県川崎市川崎区夜光１丁目１番１号,2020-04-02,株式会社
株式会社大黒家,秋田県男鹿市船川港船川字片田１０２番地,2020-04-02,株式会社
株式会社宇多宗教美術製作所,大阪府大阪市浪速区敷津西１丁目９番１７号,2020-04-02,株式会社
株式会社小松建設工業,高知県安芸市僧津５２１番地１,2020-04-02,株式会社
株式会社岐阜産業衛生研究所,岐阜県岐阜市松ケ枝町８番地１,2020-04-02,株式会社
株式会社建築マルヒロ,栃木県さくら市氏家１２２４番地１１,2020-04-02,株式会社
株式会社彩ファーマシー,山口県宇部市居能町３丁目２番２号,2020-04-02,株式会社
株式会社愛真産業,兵庫県三田市武庫が丘５丁目１番地セントラルヒルズＭ棟９０４号,2020-04-02,株式会社
株式会社慎辰工業,大阪府大阪市生野区巽中３丁目４番１９号,2020-04-02,株式会社
株式会社新崎不動産,沖縄県島尻郡南風原町字照屋４０番地６,2020-04-02,株式会社
株式会社日本看取り士会,岡山県岡山市北区津高９３０番地１ディアス津高Ｂ１０２,2020-04-02,株式会社
株式会社智,大阪府豊中市新千里北町２丁目２６番１０号,2020-04-02,株式会社
株式会社東信，花樹研究所,東京都港区麻布狸穴町６０番地ウェリス麻布狸穴３０７,2020-04-02,株式会社
株式会社東洋メディセット,岡山県岡山市北区佐山２１０９番地２,2020-04-02,株式会社
株式会社植田牧場,北海道阿寒郡鶴居村幌呂西５丁目１番地１,2020-04-02,株式会社
株式会社浜建,神奈川県横浜市神奈川区東神奈川２丁目６番地５－２０５号,2020-04-02,株式会社
株式会社浩庵,山梨県南巨摩郡身延町中ノ倉２９２６番地,2020-04-02,株式会社
株式会社海進,神奈川県横須賀市林５丁目２番７号,2020-04-02,株式会社
株式会社添田,神奈川県平塚市広川７１２番地の１,2020-04-02,株式会社
株式会社渡辺ピアノ工房,北海道釧路市文苑１丁目２８番２号,2020-04-02,株式会社
株式会社玉屋,東京都大田区鵜の木１丁目１９番１４号ステラビル１階,2020-04-02,株式会社
株式会社畑中農園,岩手県岩手郡岩手町大字川口第３９地割２４４番地,2020-04-02,株式会社
株式会社石田尾工業,鹿児島県鹿児島市西谷山３丁目６番３７号フィールドビーチＡ棟２０１号,2020-04-02,株式会社
株式会社神和,福岡県糟屋郡新宮町下府４丁目２番１号,2020-04-02,株式会社
株式会社福原工業,岡山県総社市三須１４３３番地２７,2020-04-02,株式会社
株式会社福岡ふたば不動産,福岡県福岡市博多区比恵町４番１７号,2020-04-02,株式会社
株式会社秋田機電,秋田県秋田市新屋豊町６番２８号,2020-04-02,株式会社
株式会社聖,鹿児島県枕崎市松之尾町６４番地,2020-04-02,株式会社
株式会社興里農場,和歌山県和歌山市和佐中３２８番地,2020-04-02,株式会社
株式会社藤村農園,山口県山口市秋穂二島３２７３番地２,2020-04-02,株式会社
株式会社蘭丸,奈良県橿原市土橋町１６３番地１２,2020-04-02,株式会社
株式会社西和商会,奈良県生駒郡斑鳩町神南５丁目３番１６号,2020-04-02,株式会社
株式会社金子電気サービス,北海道釧路郡釧路町豊美１丁目９番地４,2020-04-02,株式会社
株式会社雄電社,宮崎県宮崎市大字瓜生野３６０８番地,2020-04-02,株式会社
株式会社食工房来,香川県綾歌郡綾川町畑田６６９番地１３,2020-04-02,株式会社
株式会社飯塚ランドロード,東京都港区北青山２丁目１２番４号,2020-04-02,株式会社
株式会社高機設備,香川県高松市峰山町１８２２番地１３,2020-04-02,株式会社
株式会社３ＳｅｒｉｅｓＣｒｅａｔｉｏｎ,静岡県静岡市清水区北脇３４１番地の１,2020-04-02,株式会社
株式会社Ａ‐１,神奈川県横浜市中区本牧原１９番１－６０１号,2020-04-02,株式会社
株式会社ＡＣＳＣ,大阪府大阪市北区梅田１丁目１１番４号大阪駅前第４ビル９階９２３,2020-04-02,株式会社
株式会社ＡＳＣＵＢＥ,東京都八王子市別所１丁目５３番地１、２－５０１,2020-04-02,株式会社
株式会社ＡＺプロ,神奈川県川崎市中原区木月４丁目５６番１２－２０７号,2020-04-02,株式会社
株式会社Ａｃｃｅｌｅｒａｔｉｎｇ　Ｏｐｅｎ　Ｉｎｎｏｖａｔｉｏｎ,香川県高松市仏生山町甲４６０番地３７,2020-04-02,株式会社
株式会社ＢＡＬＡＮＣＥ＆ＵＮＩＱＵＥ,兵庫県西宮市南越木岩町２番１２号,2020-04-02,株式会社
株式会社ＢＴＳ,神奈川県川崎市川崎区新川通１１番地８－６０２号,2020-04-02,株式会社
株式会社ＢｉｚＧｅｎｅｓｉｓ,東京都港区芝大門２丁目１０番１２号,2020-04-02,株式会社
株式会社ＣＭＧホールディングス,千葉県千葉市稲毛区長沼町３３３番地３,2020-04-02,株式会社
株式会社Ｃａｓｉｔａ,東京都品川区東大井５丁目２１番９号,2020-04-02,株式会社
株式会社Ｄ．Ｋホーム,千葉県松戸市大金平５丁目４３０番地の３,2020-04-02,株式会社
株式会社ＤＡＮＫＥ,静岡県浜松市北区三方原町１７３４番地の４,2020-04-02,株式会社
株式会社ＤＸパートナーズ,福岡県福岡市中央区赤坂３丁目４番２２号,2020-04-02,株式会社
株式会社Ｄａｈｌｉａ,大阪府大阪市中央区大手通１丁目３番５号Ｎビル,2020-04-02,株式会社
株式会社ＥＣ－ＢＡＮＫ,大阪府大阪市福島区福島１丁目１番４８号,2020-04-02,株式会社
株式会社ＥＬＬＥ,佐賀県佐賀市北川副町大字新郷３９番地１２,2020-04-02,株式会社
株式会社ＦＩＳＨ,香川県高松市丸亀町３番地１３,2020-04-02,株式会社
株式会社ＦＳＤ,福岡県北九州市小倉北区吉野町１１番１５号,2020-04-02,株式会社
株式会社ＦｏｒＷａｒｄ,千葉県勝浦市勝浦２４５－１,2020-04-02,株式会社
株式会社ＦｕｔｕｒｅＷＥＬＬ　ＡＰＡＣ,東京都港区赤坂１丁目１２番３２号アーク森ビル１２Ｆ,2020-04-02,株式会社
株式会社ＧＡＬＡ,大阪府豊中市刀根山６丁目５番５０号,2020-04-02,株式会社
株式会社Ｇｒａｃｅ　Ｙｏｕ,千葉県千葉市稲毛区穴川１丁目６番３号,2020-04-02,株式会社
株式会社Ｇｒｅｅｎ　Ｒｏｏｍ,岡山県岡山市北区北長瀬本町２０番１２号,2020-04-02,株式会社
株式会社ＨＮＬ,静岡県焼津市下小田１７８番地の３,2020-04-02,株式会社
株式会社ＪＡＨ．,岡山県岡山市南区植松２７１番地１,2020-04-02,株式会社
株式会社ＪＯＹＦＵＬハウス,大阪府大阪市北区本庄西３丁目１番１８号,2020-04-02,株式会社
株式会社Ｋ＆Ｋ　Ｐａｒｔｎｅｒｓ,福岡県福岡市城南区長尾２丁目１５番１３号,2020-04-02,株式会社
株式会社Ｋ－ｓｔｙｌｅ,東京都三鷹市下連雀４丁目５番１８号,2020-04-02,株式会社
株式会社ＫＩＮＤ,大阪府池田市天神１丁目１番２１号ハイム天神Ⅰ３０１号室,2020-04-02,株式会社
株式会社ＫＮＴ西日本,鹿児島県いちき串木野市浜ケ城１２２８１番地１,2020-04-02,株式会社
株式会社Ｋｅｉ建築設計,広島県広島市佐伯区五日市駅前２丁目１５番２号,2020-04-02,株式会社
株式会社ＬＤｓｅｅｄ,神奈川県厚木市旭町３丁目２３－２１井上貸家３号室,2020-04-02,株式会社
株式会社ＭＣＣ,滋賀県栗東市安養寺５丁目１番３０号,2020-04-02,株式会社
株式会社ＭＯＭ’ｓ,埼玉県鴻巣市ひばり野２丁目３番２５号,2020-04-02,株式会社
株式会社ＭＲＭインベストメント,鹿児島県鹿児島市西坂元町７番３５号ガーデンサイト桜島５０１号,2020-04-02,株式会社
株式会社ＭＹＫ森,鹿児島県鹿児島市西田２丁目１６番１５号,2020-04-02,株式会社
株式会社Ｍａｋｅ　ａ　Ｃｉｎｅｍａ　Ｄａｙ,東京都渋谷区代官山町１７－３－６０１,2020-04-02,株式会社
株式会社ＮＡＮＳＡＹ　ＰＡＣＩＦＩＣ,鹿児島県鹿児島市平之町８番１３号,2020-04-02,株式会社
株式会社ＮＢＳＵ,神奈川県逗子市新宿３丁目１３番５０号,2020-04-02,株式会社
株式会社ＮＥＸＴ．ＤＯＯＲ,千葉県市原市藤井２丁目２４番地２０１号,2020-04-02,株式会社
株式会社ＮＴＣ　Ｆｕｔｕｒｅ’ｓ,千葉県市川市北国分２丁目２４番６号,2020-04-02,株式会社
株式会社ＯＮＥ　ＡＬＬ,滋賀県大津市大江５丁目１０番２１号,2020-04-02,株式会社
株式会社ＲＨＳ,鹿児島県鹿児島市石谷町１２１５番地５,2020-04-02,株式会社
株式会社Ｒｏｔｏｎｄｏ,岡山県岡山市中区倉田６９３番地６,2020-04-02,株式会社
株式会社Ｓｐｅａｋ　ＥＺ,東京都杉並区西荻北３丁目３８番１４号第２内田コーポ３０１,2020-04-02,株式会社
株式会社Ｓｐｌｉｃｅ－Ｌａｂ,福岡県福岡市博多区住吉３丁目９番１号,2020-04-02,株式会社
株式会社ＴＳクラウド,長野県上田市中央２丁目１０－１５,2020-04-02,株式会社
株式会社ＴＳＫ,茨城県土浦市高岡１４２５番地１,2020-04-02,株式会社
株式会社ＴＳＰ,東京都足立区関原１丁目６番３０号,2020-04-02,株式会社
株式会社Ｔｒｕｓｔ　Ｌｉｎｋ,静岡県静岡市葵区竜南１丁目７番２１－１号花角Ｂ,2020-04-02,株式会社
株式会社Ｔｓｕｋｉｓｈｉｍａ　Ｔｒａｎｓｌａｔｉｏｎ,大阪府大阪市浪速区難波中２丁目１０－７０なんばパークスタワー１９階,2020-04-02,株式会社
株式会社ＷＥＳＴ,埼玉県八潮市八潮２丁目５番地６,2020-04-02,株式会社
株式会社ＷＩ,静岡県藤枝市高柳１６０５番地,2020-04-02,株式会社
株式会社ＷＩＬＬ　Ｉｎｔｅｒｎａｔｉｏｎａｌ　Ｓｃｈｏｏｌ,滋賀県大津市真野１丁目５番１４号,2020-04-02,株式会社
株式会社Ｗｏｒｌｄ　Ｗｉｄｅ　Ｃｏｍｐａｎｙ,佐賀県佐賀市中央本町３番１号,2020-04-02,株式会社
株式会社ＹＡＭＡＤＥＮ,滋賀県甲賀市甲南町深川２４２０番地,2020-04-02,株式会社
株式会社ａｋａｓａｔａｎａ,神奈川県横浜市神奈川区幸ケ谷８番地５－１０３号,2020-04-02,株式会社
株式会社ｕｌｌｕｅ,静岡県浜松市東区有玉西町２４１７番地の９,2020-04-02,株式会社
森の株式会社,大阪府大阪市北区豊崎２丁目２番１０号,2020-04-02,株式会社
欧亜資本日本株式会社,東京都千代田区四番町４－９ＳＴＫ内,2020-04-02,株式会社
濁川自治会,秋田県鹿角郡小坂町小坂字濁川６１－２,2020-04-02,その他
無限責任瀨戸南負債整理組合,愛媛県今治市上浦町瀬戸甲３４７３番地,2020-04-02,その他の設立登記法人
特定非営利活動法人ＤＶ対策センター,神奈川県横浜市青葉区鴨志田町８０７番地５,2020-04-02,その他の設立登記法人
社会福祉法人インフィニティ,長崎県大村市大里町３９番地１,2020-04-02,その他の設立登記法人
蜂巣能源日本技研株式会社,神奈川県横浜市港北区新横浜３丁目１６番地８新横浜丸文ビル,2020-04-02,株式会社
西中国システムズ株式会社,山口県山陽小野田市高栄２丁目９番２６号,2020-04-02,株式会社
西嶋電気工事株式会社,山口県宇部市開５丁目１５番１－１号,2020-04-02,株式会社
鈴工株式会社,広島県広島市安佐北区安佐町大字久地２０６番地３６５,2020-04-02,株式会社
関野工業株式会社,静岡県静岡市清水区江尻東３丁目１０番２６号エスペラール清水９０１号,2020-04-02,株式会社
霏翼株式会社,大阪府大阪市西区北堀江２丁目４番１１号サンライズビル１０Ｆ－２０号室,2020-04-02,株式会社
高橋農園株式会社,北海道上川郡東川町西６号北３３番地,2020-04-02,株式会社
高瀬工務店株式会社,高知県宿毛市片島１５番５号,2020-04-02,株式会社
３ｒｄ　ｂａｓｅ株式会社,東京都港区麻布十番１丁目５番２７号,2020-04-02,株式会社
ＡＬＬ　ＲＥＳＩＤＥＮＣＥ合同会社,千葉県松戸市松戸１０６４－２アネックス１０１,2020-04-02,合同会社
ＢＡＪＷＡＨ　ＭＯＴＯＲＳ株式会社,茨城県坂東市小山字下原２４３６番地７,2020-04-02,株式会社
ＢＥＡＲ株式会社,大阪府大阪市北区堂島２丁目１番２７号桜橋千代田ビル７階,2020-04-02,株式会社
ＢｅｅｆＢｏｘ神戸株式会社,兵庫県神戸市中央区元町通６丁目２－３４,2020-04-02,株式会社
Ｂｌａｎｃ合同会社,群馬県高崎市芝塚町１８５番地,2020-04-02,合同会社
Ｂｕｓｉｆｒｏ‐Ｓｅａｒｃｈ株式会社,大阪府大阪市北区豊崎３丁目６番１１号,2020-04-02,株式会社
ＣＨＳフードサービス株式会社,愛知県東海市富木島町前田面５番地の１東海シティホテル３Ｆ,2020-04-02,株式会社
ＣＲＯＳＳ株式会社,福岡県北九州市小倉北区浅野３丁目８番１号ＡＩＭビル６階,2020-04-02,株式会社
ＣＲＯＷＮ株式会社,埼玉県越谷市南越谷５丁目３番地２７,2020-04-02,株式会社
Ｃｈｅｄｉｄ　Ｎａｍｅｃｏ　Ｌｉｍｉｔｅｄ,東京都千代田区霞が関３丁目２番６号東京倶楽部ビルディング６階　ロイズジャパン株式会社内,2020-04-02,外国会社等
ＤＯ合同会社,東京都品川区旗の台４丁目１２番１１号,2020-04-02,合同会社
Ｅｉｓｅｎ　Ｆｏｓｓｉｌ株式会社,岡山県倉敷市中庄５番地１１,2020-04-02,株式会社
Ｆｏｕｒ　Ｈｏｒｓｅ　Ｓｈｏｅｓ　Ｎａｍｅｃｏ　Ｌｉｍｉｔｅｄ,東京都千代田区霞が関３丁目２番６号東京倶楽部ビルディング６階　ロイズジャパン株式会社内,2020-04-02,外国会社等
ＧＲＳ株式会社,大阪府大阪市住吉区墨江４丁目１１番１４号,2020-04-02,株式会社
Ｇｒｅｅｎ　Ｔｒｅｅ合同会社,東京都西東京市田無町３丁目７－３４トーソービル１Ｆ,2020-04-02,合同会社
ＨＩＩ　Ｆｌｅｅｔ　Ｓｕｐｐｏｒｔ　Ｇｒｏｕｐ　ＬＬＣ,,2020-04-02,外国会社等
Ｈｅｒａｔｈ　Ｔｒａｄｉｎｇ　Ｃｏｍｐａｎｙ,京都府南丹市八木町西田南條１５番地１,2020-04-02,外国会社等
Ｈｅｘａｇｏｎ　Ｔｏｗｅｒ　Ｔｅｃｈｎｏｌｏｇｙ　Ｊａｐａｎ株式会社,大阪府大阪市住之江区南港北２丁目１番１０号,2020-04-02,株式会社
ＪＡＺＺ　ＡＲＴ実行委員会,東京都大田区南千束１丁目３－１,2020-04-02,その他
ＭＡＮＡ合同会社,岐阜県各務原市鵜沼宝積寺町１丁目２６２番地,2020-04-02,合同会社
ＭＡＳＵＤＡＩＮＣ株式会社,広島県広島市西区草津南１丁目１７－２０,2020-04-02,株式会社
ＭＧアグリ合同会社,佐賀県鳥栖市弥生が丘４丁目１９５番地１,2020-04-02,合同会社
ＭＪＨ　ＪＡＰＡＮ株式会社,東京都中央区銀座６丁目１０番１号ＧＩＮＺＡ　ＳＩＸ１３階,2020-04-02,株式会社
ＭｙＡｃｔｉＶａｃａｔｉｏｎ合同会社,兵庫県尼崎市武庫之荘東２丁目３番８号,2020-04-02,合同会社
Ｎクリーンサービス合同会社,青森県青森市合浦２丁目１３番２６号,2020-04-02,合同会社
ＮＥＸＴ　ＨＯＬＤＩＮＧＳ合同会社,千葉県八街市八街ほ２５６番地２,2020-04-02,合同会社
ＮＩＫＯ　ＴＲＡＤＩＮＧ合同会社,岡山県岡山市南区米倉８６番地３,2020-04-02,合同会社
ＮＰＯ法人久志地域観光交流協会,沖縄県名護市字大浦４６５番地７わんさか大浦パーク内,2020-04-02,その他の設立登記法人
Ｎａｍｅｃｏ（Ｎｏ　１３１９）Ｌｉｍｉｔｅｄ,東京都千代田区霞が関３丁目２番６号東京倶楽部ビルディング６階　ロイズジャパン株式会社内,2020-04-02,外国会社等
Ｎａｍｅｃｏ（Ｎｏ．１３１７）Ｌｉｍｉｔｅｄ,東京都千代田区霞が関３丁目２－６東京倶楽部ビルディング６階　ロイズジャパン株式会社内,2020-04-02,外国会社等
Ｎａｍｅｃｏ（Ｎｏ．１３２０）Ｌｉｍｉｔｅｄ,東京都千代田区霞が関３丁目２番６号東京倶楽部ビルディング６階　ロイズジャパン株式会社内,2020-04-02,外国会社等
Ｏｈａｎａ株式会社,埼玉県草加市北谷２丁目２４番４号,2020-04-02,株式会社
ＰＨａＭＣＳ株式会社,山口県山口市小郡下郷３３５８番地３,2020-04-02,株式会社
ＰＲＳＳ合同会社,秋田県秋田市保戸野千代田町２番５０号,2020-04-02,合同会社
ＰＺＵ　Ｃｏｒｐｏｒａｔｅ　Ｍｅｍｂｅｒ　Ｌｉｍｉｔｅｄ,東京都千代田区霞が関３丁目２番６号東京倶楽部ビルディング６階　ロイズジャパン株式会社内,2020-04-02,外国会社等
Ｐｒｅｍｉａ　Ｃｏｒｐｏｒａｔｅ　Ｎａｍｅ（２）Ｌｔｄ,東京都千代田区霞が関３丁目２番６号東京倶楽部ビルディング６階　ロイズジャパン株式会社内,2020-04-02,外国会社等
Ｐｒｅｍｉａ　Ｃｏｒｐｏｒａｔｅ　Ｎａｍｅ（３）Ｌｉｍｉｔｅｄ,東京都千代田区霞が関３丁目２番６号　東京倶楽部ビルディング６階,2020-04-02,外国会社等
Ｐｒｏｓｐｅｃｔｉｏｎ株式会社,東京都国分寺市高木町２丁目１５番地３３,2020-04-02,株式会社
Ｒｏｓｙ　Ｇｒｏｕｐ合同会社,岡山県倉敷市水島東川町６番２５号,2020-04-02,合同会社
ＳＴ－ＣＲＥＷ株式会社,東京都葛飾区新宿３丁目２０番２８号,2020-04-02,株式会社
Ｓｈｉｋｏｋｕブランド株式会社,香川県高松市丸亀町１５番地７,2020-04-02,株式会社
ＴＫ合同会社,東京都港区高輪３丁目１０番２号グラスプラス高輪,2020-04-02,合同会社
ＴＴＴ合同会社,東京都中野区大和町１丁目４５番７号,2020-04-02,合同会社
ＵＮＩＶＥＲＳＡＬ　ＤＲＯＮＥ合同会社,千葉県松戸市松戸１０６４－２アネックス１０１号,2020-04-02,合同会社
ＹＯＵＮＥＥＤＳ株式会社,大阪府大阪市浪速区難波中２丁目１０番７０号なんばパークスタワー１９Ｆ,2020-04-02,株式会社
Ｚ－ＰＲＯＪＥＣＴ株式会社,福岡県福岡市東区多の津４丁目１１番１９号,2020-04-02,株式会社
ｓｅｔ３６５合同会社,大阪府大阪市天王寺区生玉町１０番２３－５０６号,2020-04-02,合同会社
Мａｎｎａ設計株式会社,熊本県熊本市東区江津２丁目１３番７号,2020-04-03,株式会社
あいおいテクノ合同会社,東京都板橋区加賀２丁目５番１１号シャトー加賀３０７,2020-04-03,合同会社
えびでんす合同会社,東京都豊島区巣鴨１丁目２５番１０号,2020-04-03,合同会社
ぎんが軌道工業株式会社,岩手県盛岡市盛岡駅前北通４番５号,2020-04-03,株式会社
この実合同会社,岡山県岡山市東区中尾２６０番地２１,2020-04-03,合同会社
すまいオール株式会社,東京都江戸川区北小岩５丁目３１番１５号,2020-04-03,株式会社
はりま塗装株式会社,兵庫県小野市万勝寺町２９５番地３１,2020-04-03,株式会社
ひのさかメディカルワークス合同会社,群馬県桐生市錦町３丁目３番２３号,2020-04-03,合同会社
ますだ電設株式会社,広島県呉市仁方桟橋通２０番６号,2020-04-03,株式会社
わらばあ食堂グループ合同会社,大阪府大阪市北区梅田１丁目３番大阪駅前第一ビル８Ｆ０１２,2020-04-03,合同会社
アイエヌラボ株式会社,山梨県甲府市湯田１丁目１１番２４号,2020-04-03,株式会社
アシストプラス株式会社,山口県下関市武久町１丁目１１番１１号,2020-04-03,株式会社
アセアンエンタープライズ合同会社,秋田県仙北郡美郷町畑屋字前田５６番地,2020-04-03,合同会社
アンカー沖縄リゾート株式会社,沖縄県名護市字名護４７９５番地,2020-04-03,株式会社
アーク株式会社,北海道札幌市西区八軒二条西１丁目１番１４号,2020-04-03,株式会社
アールプレイ株式会社,大阪府大阪市城東区蒲生４丁目２１番１２号,2020-04-03,株式会社
インターセクト合同会社,茨城県東茨城郡城里町大字上圷１４０３番地の８,2020-04-03,合同会社
インテリア横田株式会社,東京都台東区今戸２丁目２９番３号,2020-04-03,株式会社
ウェグウェグ合同会社,東京都千代田区神田佐久間町１丁目８－４,2020-04-03,合同会社
エアリアル株式会社,東京都渋谷区鉢山町３番２５－１１０号,2020-04-03,株式会社
エイトナイン株式会社,兵庫県明石市山下町１３番１２号,2020-04-03,株式会社
エスト株式会社,秋田県秋田市寺内字イサノ６８番地１,2020-04-03,株式会社
エージービー・ホールディング・リミテッド,,2020-04-03,外国会社等
オルガノン株式会社,東京都千代田区九段北１丁目１３番１２号北の丸スクエア,2020-04-03,株式会社
カッティングクラブ合同会社,京都府京都市南区吉祥院井ノ口町１４番地１,2020-04-03,合同会社
キララ株式会社,奈良県北葛城郡上牧町米山台２丁目７番２号,2020-04-03,株式会社
グリーンライフ株式会社,山口県周南市大字戸田４１４９番地の１,2020-04-03,株式会社
コタニ木工株式会社,宮崎県宮崎市青島６丁目１番１３号,2020-04-03,株式会社
コメカ株式会社,東京都練馬区豊玉中４丁目８番１２－２１７号,2020-04-03,株式会社
サトウエンジニアリング株式会社,大分県大分市畑中２丁目２番５号Ｐ－ｂｏｘＢＬＤ２Ｆ,2020-04-03,株式会社
サンクス・ワールド株式会社,北海道札幌市白石区栄通１８丁目１番７号ライラックハイツ,2020-04-03,株式会社
サンドボックス株式会社,東京都豊島区南池袋２丁目４９番７号,2020-04-03,株式会社
システム電設株式会社,山口県周南市坂根町８番４０号,2020-04-03,株式会社
シャンボール株式会社,大阪府大阪市此花区西九条１丁目１番３５号,2020-04-03,株式会社
シ－アールホーム株式会社,徳島県徳島市勝占町中須１６６番地９,2020-04-03,株式会社
ジョイア株式会社,広島県広島市東区上温品２丁目３５番１５号,2020-04-03,株式会社
ストライブ株式会社,埼玉県川口市江戸袋１丁目２９番３０号,2020-04-03,株式会社
スムースアンドフーズ合同会社,東京都世田谷区下馬６丁目１６番地１０下馬ハイライズ１１２,2020-04-03,合同会社
センスホーム株式会社,大阪府茨木市駅前４丁目６番３号,2020-04-03,株式会社
ゼロワンリース販売株式会社,千葉県柏市西山２丁目１６番３号,2020-04-03,株式会社
タマヤホールディングス合同会社,岡山県岡山市北区撫川１４９５番地２,2020-04-03,合同会社
チョキ株式会社,大阪府大阪市淀川区宮原１丁目６番１号,2020-04-03,株式会社
テイクホーム株式会社,東京都練馬区大泉学園町５丁目５番６号,2020-04-03,株式会社
テクニップ・フランス・エス・エー・エス,神奈川県横浜市西区みなとみらい２丁目３－１,2020-04-03,外国会社等
トッパンメディカルファクトリー株式会社,兵庫県加西市朝妻町１０４４番地,2020-04-03,株式会社
ドットドア合同会社,長野県南佐久郡南牧村大字広瀬１９７７番地２,2020-04-03,合同会社
ナカノ電設工業株式会社,鹿児島県鹿児島市明和１丁目１８番６－２号,2020-04-03,株式会社
ネクスフォーム合同会社,群馬県前橋市南町３丁目５０番地２プラザアン２階Ｃ,2020-04-03,合同会社
ハカル地所株式会社,東京都江戸川区西小岩１丁目２６番３号,2020-04-03,株式会社
ハル株式会社,東京都港区浜松町２丁目２番１５号浜松町ダイヤビル２Ｆ,2020-04-03,株式会社
ハンドリング西濃株式会社,岐阜県安八郡神戸町大字下宮１６９番地の１,2020-04-03,株式会社
バイオインサイト株式会社,神奈川県川崎市幸区新川崎７番７号ＮＡＮＯＢＩＣ,2020-04-03,株式会社
プレジール・パタージュ株式会社,福岡県北九州市小倉北区米町１丁目１番１号小倉駅前ひびきビル６階,2020-04-03,株式会社
ポーランド投資・貿易庁東京オフィス,東京都目黒区目黒１丁目２４－１２オリックス目黒ビル２Ｆ,2020-04-03,外国会社等
マゼクリ合同会社,兵庫県芦屋市松ノ内町３番７－２０３号,2020-04-03,合同会社
マニュアルつくり株式会社,東京都練馬区関町南４丁目３番７－２０１号,2020-04-03,株式会社
ミコーホールディングス株式会社,兵庫県明石市大久保町谷八木５８０番地の１３,2020-04-03,株式会社
ミズイロ合同会社,東京都港区高輪３丁目１０番２号,2020-04-03,合同会社
ミークネスファーム株式会社,北海道野付郡別海町中春別５７番地の１,2020-04-03,株式会社
メイク株式会社,愛知県刈谷市一ツ木町４丁目３１番地２０,2020-04-03,株式会社
メリット株式会社,静岡県富士市神谷新町１２４番地,2020-04-03,株式会社
モリシゲファーム株式会社,北海道石狩市厚田区聚富５２５,2020-04-03,株式会社
モルゲンジャパン合同会社,東京都世田谷区松原５丁目３３番１０号１０１,2020-04-03,合同会社
ヤンマーマルシェ株式会社,大阪府大阪市北区茶屋町１番３２号,2020-04-03,株式会社
リユース環境株式会社,神奈川県藤沢市下土棚１６７２番地,2020-04-03,株式会社
ロイヤルプラザ相生町管理組合,山形県山形市相生町８－６４,2020-04-03,その他
ワンダフルフューチャー合同会社,東京都台東区台東２丁目１９番７号ダイアパレス竹町５０１,2020-04-03,合同会社
ワンリーライフ株式会社,大阪府大阪市中央区北久宝寺町２丁目６番１号ＲＥ０１７ビル６０５号,2020-04-03,株式会社
一般社団法人ぐるうぷ絵夢,静岡県三島市加茂川町６番２８号,2020-04-03,その他の設立登記法人
一般社団法人こころのお天気,滋賀県近江八幡市武佐町１１８番地,2020-04-03,その他の設立登記法人
一般社団法人じゆう咲く,大分県佐伯市中村南町５番１６号,2020-04-03,その他の設立登記法人
一般社団法人すさみ町観光協会,和歌山県西牟婁郡すさみ町江住８０８番地の１,2020-04-03,その他の設立登記法人
一般社団法人はちのこ保育会,長崎県西海市西海町横瀬郷２６０８番地,2020-04-03,その他の設立登記法人
一般社団法人ひだまり,兵庫県小野市片山町１０８２番地１,2020-04-03,その他の設立登記法人
一般社団法人びわ湖の素ＤＭＯ,滋賀県米原市春照４９０番地１,2020-04-03,その他の設立登記法人
一般社団法人みちのさき,宮城県登米市迫町佐沼字大網３５８番地５,2020-04-03,その他の設立登記法人
一般社団法人アクアスポーツインターナショナルアカデミー,沖縄県国頭郡恩納村字仲泊８７７番地メゾンシーサイド５０７号,2020-04-03,その他の設立登記法人
一般社団法人アレシオスポーツクラブ,福岡県糟屋郡新宮町美咲３丁目８番１７号,2020-04-03,その他の設立登記法人
一般社団法人オフショアウィンドファーム事業推進協会,東京都中央区京橋１丁目１８番１号,2020-04-03,その他の設立登記法人
一般社団法人トムテのおもちゃ箱,長崎県長崎市片淵１丁目１３番１３号,2020-04-03,その他の設立登記法人
一般社団法人プロティアン・キャリア協会,東京都新宿区西新宿３丁目２番９号新宿ワシントンホテルビル本館２Ｆ,2020-04-03,その他の設立登記法人
一般社団法人ママパスポートコミュニティ,滋賀県守山市小島町１５８５番地６,2020-04-03,その他の設立登記法人
一般社団法人リーグスホールディングス,滋賀県栗東市安養寺６丁目８番１ー２１号,2020-04-03,その他の設立登記法人
一般社団法人住宅ローンに困ったときのあなたの街の相談窓口,大阪府大阪市中央区南船場４丁目１０番４号,2020-04-03,その他の設立登記法人
一般社団法人信濃町スポーツ企画サービス,長野県上水内郡信濃町大字柏原３４０番地２,2020-04-03,その他の設立登記法人
一般社団法人兵庫県水泳連盟,兵庫県神戸市長田区水笠通３丁目４番２２号,2020-04-03,その他の設立登記法人
一般社団法人和歌山県中小企業診断協会,和歌山県和歌山市十番丁１９番地Ｗａｊｉｍａ十番丁ビル５Ｆ水城会計事務所内,2020-04-03,その他の設立登記法人
一般社団法人大分港清港会,大分県大分市豊海１丁目１番１０号,2020-04-03,その他の設立登記法人
一般社団法人姶良市観光協会,鹿児島県姶良市東餅田２４４５番地７,2020-04-03,その他の設立登記法人
一般社団法人情報処理安全確保支援士会,東京都中央区日本橋２丁目１－１７,2020-04-03,その他の設立登記法人
一般社団法人日本スクーバダイビング協会,神奈川県厚木市温水２２２９番４,2020-04-03,その他の設立登記法人
一般社団法人日本スピリチュアルケア学会,東京都杉並区南荻窪３丁目２９番２４号,2020-04-03,その他の設立登記法人
一般社団法人日本ヴィーガン協会,兵庫県西宮市西波止町６－２５－３０７,2020-04-03,その他の設立登記法人
一般社団法人日本組織適合性学会,東京都文京区本郷２丁目２６番１１号ＫＡＺＥＮ第２ビル６階中西印刷株式会社東京営業部内,2020-04-03,その他の設立登記法人
一般社団法人星和津貫会,鹿児島県鹿児島市大黒町２番１１号,2020-04-03,その他の設立登記法人
一般社団法人東京ブランドラボ,東京都中央区日本橋小網町１８番１５号,2020-04-03,その他の設立登記法人
一般社団法人桜桃会,栃木県那須塩原市扇町４番１１号,2020-04-03,その他の設立登記法人
一般社団法人洲本未来づくり基金,兵庫県洲本市本町８丁目８番地１５,2020-04-03,その他の設立登記法人
一般社団法人浩昭会,大阪府大阪市住吉区遠里小野４丁目８番３４号,2020-04-03,その他の設立登記法人
一般社団法人熊谷健康政策研究所,福岡県春日市平田台４丁目４７番地１,2020-04-03,その他の設立登記法人
一般社団法人猫のおうちＭＩＫＥ,沖縄県うるま市字田場１１０５－１４,2020-04-03,その他の設立登記法人
一般社団法人神戸市垂水区医師会,兵庫県神戸市垂水区星陵台４丁目４番３７号,2020-04-03,その他の設立登記法人
一般社団法人竹田市農村回帰支援センター,大分県竹田市大字会々１６５０番地,2020-04-03,その他の設立登記法人
一般社団法人那智勝浦観光機構,和歌山県東牟婁郡那智勝浦町大字築地６丁目１番地１,2020-04-03,その他の設立登記法人
一般社団法人長崎県漁場整備開発協会,長崎県長崎市魚の町３番３３号長崎県建設総合会館４階,2020-04-03,その他の設立登記法人
一般社団法人高千穂観光,宮崎県西臼杵郡高千穂町大字三田井６２６２番地１,2020-04-03,その他の設立登記法人
一般社団法人３６６,兵庫県神戸市東灘区森北町６丁目４番１３号１Ｅ号,2020-04-03,その他の設立登記法人
一般社団法人Ｊｏｕｒｎｅｙ　ｏｆ　ｔｈｅ　Ｆｕｔｕｒｅ,栃木県栃木市大平町真弓５４０番地６,2020-04-03,その他の設立登記法人
一般社団法人ＮｏＣｏｄｅｒｓ　Ｊａｐａｎ協会,東京都中央区東日本橋２丁目１５番４号,2020-04-03,その他の設立登記法人
一般社団法人ＳＷＡＰ,埼玉県さいたま市浦和区木崎５丁目２６番１８号,2020-04-03,その他の設立登記法人
一般社団法人Ｓｕｒｆａｃｅ　Ｂｕｉｌｄｅｒ,東京都千代田区九段南１丁目５－６りそな九段ビル５Ｆ,2020-04-03,その他の設立登記法人
一般社団法人Ｔｒａｎｓｃｅｎｄ－Ｌｅａｒｎｉｎｇ,大阪府大阪市西区京町堀１丁目３番１３号辰巳ビル５階,2020-04-03,その他の設立登記法人
一般社団法人ｅスポーツとちぎ,栃木県宇都宮市馬場通り１丁目１番９号,2020-04-03,その他の設立登記法人
一般財団法人中右浮世絵振興財団,兵庫県神戸市灘区篠原北町２丁目１番７号,2020-04-03,その他の設立登記法人
七福ホーム株式会社,群馬県高崎市保渡田町１４７９番地１０,2020-04-03,株式会社
三井株式会社,大阪府大阪市旭区生江３丁目４番２２号,2020-04-03,株式会社
中山株式会社,大阪府大阪市福島区吉野１丁目２１番７号,2020-04-03,株式会社
丸工房株式会社,徳島県徳島市末広５丁目１番地４,2020-04-03,株式会社
令和企画株式会社,熊本県宇城市小川町南小野１０１９番地１,2020-04-03,株式会社
令和産業株式会社,岐阜県安八郡輪之内町大薮河原前８６７番地の３,2020-04-03,株式会社
伊吹産業株式会社,岡山県岡山市東区政津８９８番地１,2020-04-03,株式会社
信永中和国際リーガル・コンサルティング株式会社,東京都港区新橋６丁目８番１号２階,2020-04-03,株式会社
元町運送株式会社,三重県伊勢市小俣町元町１８１０番地,2020-04-03,株式会社
別所自治会,岡山県総社市山田２３２７番地７,2020-04-03,その他
力晃クレーン株式会社,東京都八王子市緑町９６０番地１メゾングレースＡ３０１号,2020-04-03,株式会社
北九技装株式会社,福岡県北九州市八幡西区永犬丸１丁目１４番２５号,2020-04-03,株式会社
医療法人うすいクリニック,長野県松本市出川町６番３３号,2020-04-03,その他の設立登記法人
医療法人すずりん皮膚科クリニック,愛知県蒲郡市新井形町殿海道１７番１,2020-04-03,その他の設立登記法人
医療法人はせがわ皮ふ科クリニック,長野県佐久市岩村田１８０１番地２,2020-04-03,その他の設立登記法人
医療法人みやがわ耳鼻咽喉科,長野県長野市稲里町中央１丁目５番１１号,2020-04-03,その他の設立登記法人
医療法人八慶,栃木県宇都宮市中今泉５丁目２９番３０号,2020-04-03,その他の設立登記法人
医療法人柊優会,大分県大分市牧１丁目３番１５号,2020-04-03,その他の設立登記法人
医療法人社団元葉,兵庫県明石市大久保町ゆりのき通１丁目４番１号１階,2020-04-03,その他の設立登記法人
医療法人社団成道会,兵庫県神戸市中央区京町７０番松岡ビルディング２Ｆ・３Ｆ,2020-04-03,その他の設立登記法人
医療法人社団渚会,静岡県伊豆の国市長岡字高天ヶ原２０番地１,2020-04-03,その他の設立登記法人
医療法人社団継德会,栃木県小山市城北６丁目２６番５,2020-04-03,その他の設立登記法人
医療法人ＫＤＣ,栃木県宇都宮市北一の沢町１番１号,2020-04-03,その他の設立登記法人
合同会社あんしん葬祭,新潟県新潟市中央区堀之内南１丁目３２番４号,2020-04-03,合同会社
合同会社えだまめ,北海道札幌市東区北二十八条東１５丁目１番２５号１Ｆ,2020-04-03,合同会社
合同会社おのまる商店,大分県別府市中央町８番１１号,2020-04-03,合同会社
合同会社こちら学校前食堂,群馬県高崎市山名町１５６７－１,2020-04-03,合同会社
合同会社たんぽぽや,兵庫県神戸市灘区水道筋５丁目２番４号,2020-04-03,合同会社
合同会社とちぎ夢アグリ,栃木県宇都宮市東峰町３５８４番地９,2020-04-03,合同会社
合同会社なか,三重県伊勢市東豊浜町４３６９番地,2020-04-03,合同会社
合同会社のどか,鹿児島県姶良市脇元６８８番地４,2020-04-03,合同会社
合同会社アビシニアン,大阪府大阪市東淀川区小松３丁目１０番１３号,2020-04-03,合同会社
合同会社ア・レーズ,神奈川県横浜市鶴見区鶴見中央４丁目２０番２号,2020-04-03,合同会社
合同会社アーベント,大阪府守口市松町５番６－７０１号,2020-04-03,合同会社
合同会社エイトナイン,東京都文京区湯島３丁目１１番１０号,2020-04-03,合同会社
合同会社オフィス・アンヨネ,宮崎県宮崎市佐土原町下那珂１２５４０番地３,2020-04-03,合同会社
合同会社キリンとカエルの映像舎,東京都八王子市子安町１丁目３１番１１－３０４号,2020-04-03,合同会社
合同会社グローカルスポーツ,北海道札幌市清田区清田三条１丁目２番１号イケダスポーツ内,2020-04-03,合同会社
合同会社コノシェンツァ,大阪府大阪市天王寺区上本町８丁目９－１９クレヴィア四天王寺前夕陽ヶ丘１００１,2020-04-03,合同会社
合同会社ジャスト,神奈川県横浜市都筑区川和町２４８１番地,2020-04-03,合同会社
合同会社ジョイス,神奈川県横浜市神奈川区松見町４丁目９６２番地８,2020-04-03,合同会社
合同会社スペースＫ,東京都世田谷区弦巻５丁目１番８号,2020-04-03,合同会社
合同会社タケノコ,東京都新宿区新宿３丁目１２番４号新宿Ｎタウンプラザ３０９号,2020-04-03,合同会社
合同会社ダブルヘッドプロモーション,千葉県東金市東金１１８７番地１ＵＢＯＸ２階,2020-04-03,合同会社
合同会社ティー・ウインドオフィス,東京都中央区銀座１丁目１６番７号,2020-04-03,合同会社
合同会社トラストワーシー,茨城県龍ケ崎市長山６丁目１５番地１４,2020-04-03,合同会社
合同会社ネイビー,愛媛県松山市東石井４丁目６番１号,2020-04-03,合同会社
合同会社ハッピーアトラクション,大阪府大東市赤井１丁目１５番７号,2020-04-03,合同会社
合同会社プエンテ,山口県下関市山の田東町７番３９－２０６号,2020-04-03,合同会社
合同会社ベルエキップ,滋賀県野洲市行畑７９７番地,2020-04-03,合同会社
合同会社ボール,埼玉県さいたま市大宮区仲町１丁目１０８番１１号,2020-04-03,合同会社
合同会社マック,神奈川県横浜市旭区川井本町１３０番地６,2020-04-03,合同会社
合同会社メイクマネジメント,栃木県芳賀郡市貝町大字赤羽３８４８番地３,2020-04-03,合同会社
合同会社リーガルサポートサービス,北海道札幌市北区北三十条西２丁目２番６号,2020-04-03,合同会社
合同会社レアグラント,埼玉県さいたま市北区日進町３丁目５３７番地１５,2020-04-03,合同会社
合同会社ワイエス,大阪府大阪市阿倍野区美章園１丁目７番１８号,2020-04-03,合同会社
合同会社ワイエムコンサル,北海道河西郡更別村字更別南一線８９番地６６コーポ望－１０３号室,2020-04-03,合同会社
合同会社中央建物,神奈川県横浜市西区戸部町１丁目２番地４０２,2020-04-03,合同会社
合同会社伊志嶺建設,沖縄県那覇市字識名１０９０番地７,2020-04-03,合同会社
合同会社依社,茨城県土浦市中高津２丁目１０番１０－１４号,2020-04-03,合同会社
合同会社修和,石川県金沢市新保本２丁目２２番地４,2020-04-03,合同会社
合同会社克己,東京都大田区西蒲田７丁目７番１号グレイス蒲田１階,2020-04-03,合同会社
合同会社内沢興業,北海道札幌市南区澄川四条２丁目７番１７号,2020-04-03,合同会社
合同会社宝Ｆａｒｍ,熊本県宇城市三角町波多３０７５番地８５,2020-04-03,合同会社
合同会社実ず穂,東京都八王子市散田町５丁目１７番２４号,2020-04-03,合同会社
合同会社日昇工管,茨城県坂東市生子２９８０番地１,2020-04-03,合同会社
合同会社札幌Ｄ－ＬＩＮＥ,北海道札幌市中央区南十六条西１８丁目３番３０－４１０号,2020-04-03,合同会社
合同会社東和,東京都町田市南つくし野１丁目８番地９,2020-04-03,合同会社
合同会社柏井商会,高知県高岡郡日高村本郷３０４３番地１,2020-04-03,合同会社
合同会社森下,東京都港区赤坂６丁目１９番３３－３０７号,2020-04-03,合同会社
合同会社楽しい学校コンサルタントＳｅｃｏｎｄ,石川県金沢市平和町３丁目１１番２４－１０２号,2020-04-03,合同会社
合同会社永伸コーポレーション,栃木県宇都宮市中岡本町２６６３番地５１,2020-04-03,合同会社
合同会社江戸屋,佐賀県小城市牛津町勝１３２４番地１８,2020-04-03,合同会社
合同会社紀谷,京都府京都市伏見区深草野手町４４番地１,2020-04-03,合同会社
合同会社花音,東京都北区東十条５丁目８番１０号,2020-04-03,合同会社
合同会社藤原興業,北海道札幌市白石区菊水上町一条１丁目４０番地１,2020-04-03,合同会社
合同会社車工房伊藤,山梨県南都留郡富士河口湖町勝山２５３２番地,2020-04-03,合同会社
合同会社里山,栃木県宇都宮市細谷町５７９番地５,2020-04-03,合同会社
合同会社隼,岐阜県各務原市那加雄飛ケ丘町１２番地１３,2020-04-03,合同会社
合同会社青木商事,埼玉県川口市大字峯９５０番地の４,2020-04-03,合同会社
合同会社Ａ．Ｉ．,東京都北区西が丘２丁目２番６号,2020-04-03,合同会社
合同会社ＡＳＴＲＯ＆Ｂ,兵庫県神戸市須磨区行幸町１丁目４－１６－８０１,2020-04-03,合同会社
合同会社ＢＣＰホールディングス,東京都江東区森下１丁目５番１１号,2020-04-03,合同会社
合同会社ＢａｌｌＦｕｎｄ,東京都練馬区羽沢２丁目２５番７号フラットサンフラワー２０６,2020-04-03,合同会社
合同会社ＣＴＣ,愛知県豊田市大清水町原山１２番地３３,2020-04-03,合同会社
合同会社ＣＵＲＲＡＨＥＥ,神奈川県横浜市青葉区柿の木台３７番地４８,2020-04-03,合同会社
合同会社Ｃａｎａｃｃｉ,東京都港区南青山７丁目１２番１６号４０３号室,2020-04-03,合同会社
合同会社ＣａｒＫｉｎｇ,北海道札幌市中央区南二十三条西１５丁目１番１号ダイアナ南山鼻ヒルズＢ３階,2020-04-03,合同会社
合同会社Ｃａｒｅｎ,兵庫県伊丹市伊丹２丁目１番５－４０８号,2020-04-03,合同会社
合同会社ＣｌｕＮｋｅＲ,沖縄県中頭郡北中城村字瑞慶覧３９５－１,2020-04-03,合同会社
合同会社Ｃｒｅｔｉｎｏｓ,東京都港区港南２丁目１６番７号品川Ｖタワー２２０２,2020-04-03,合同会社
合同会社Ｅ　ｓｔｙｌｅ,東京都北区赤羽１丁目１９番２号,2020-04-03,合同会社
合同会社ＦａｓｔＷｏｒｋｓ,東京都世田谷区北烏山１丁目７番１７号,2020-04-03,合同会社
合同会社ＧＩＰ,宮崎県宮崎市千草町１番１号井福ビル２Ｆ,2020-04-03,合同会社
合同会社ＧｒａｚｉｅＧｒａｚｉｅ,大阪府大阪市北区池田町３番２１－２２０５号,2020-04-03,合同会社
合同会社ＪＯＭＯ,東京都豊島区西池袋１丁目４４番１０号花鳥風月ビル４Ｆ,2020-04-03,合同会社
合同会社Ｍ．Ｒ．Ｄサービス,北海道札幌市豊平区中の島二条６丁目１番１２号,2020-04-03,合同会社
合同会社Ｍｏｆｕ’ｓ,大阪府高槻市富田町１丁目１７番１５号,2020-04-03,合同会社
合同会社Ｎ　Ｒｅａｌ　ｅｓｔａｔｅ,東京都世田谷区深沢２丁目１番９－４１０号,2020-04-03,合同会社
合同会社Ｎｏｗ,東京都千代田区二番町９番地３,2020-04-03,合同会社
合同会社ＯＭＯ,神奈川県鎌倉市極楽寺１丁目１３番１５号,2020-04-03,合同会社
合同会社ＯＮＥ　ＴＡＣＫ,神奈川県横浜市青葉区荏田西２丁目３８番地２３,2020-04-03,合同会社
合同会社ＯＮＥ　ＴＥＡＭ,徳島県阿波市阿波町平川原南１８番地,2020-04-03,合同会社
合同会社ＯＮＥＲＯＯＦ,北海道札幌市中央区南二十三条西１５丁目１番１号ダイアナ南山鼻ヒルズＢ３階,2020-04-03,合同会社
合同会社ＲＡ企画,東京都千代田区九段南１丁目５－６りそな九段ビル５Ｆ,2020-04-03,合同会社
合同会社ＲＩＳＩＮＧ２０００,宮崎県都城市立野町１号５番地１サイレントマンション１０１号室,2020-04-03,合同会社
合同会社ＲＩＴＴ,東京都江戸川区平井７丁目１３番１１－２０５号レーベン平井ヴェネージオ,2020-04-03,合同会社
合同会社ＳＴＥＰ　ＵＰ,群馬県前橋市朝倉町２丁目９番地Ⅰ－２０４号,2020-04-03,合同会社
合同会社ＳＷ,大分県大分市大字上宗方１２６５番地１,2020-04-03,合同会社
合同会社ＴＨＥ　ＳＴＯＲＹ,埼玉県川口市本前川１丁目２３－１９,2020-04-03,合同会社
合同会社ＴＫＲ,大阪府大阪市中央区備後町２丁目５番６－１３０８号,2020-04-03,合同会社
合同会社ＴＯＭＹ,石川県白山市相木町５３４番地１,2020-04-03,合同会社
合同会社ＴＲＥＳ,東京都世田谷区等々力３丁目３３番２４号ロコ等々力４０２,2020-04-03,合同会社
合同会社ＴＲＩＧＧＥＲ,東京都新宿区新宿１丁目３６番２号新宿第七葉山ビル３階,2020-04-03,合同会社
合同会社ＴＳＪ,茨城県取手市戸頭４丁目２１番地１９ＯＣＲ戸頭ビル１０１号室,2020-04-03,合同会社
合同会社ＴＷＴ,富山県滑川市菰原６１番地１,2020-04-03,合同会社
合同会社Ｔｒａｃｏ,北海道標津郡中標津町東当幌１７番地１６,2020-04-03,合同会社
合同会社ＷＥＤＤＩＮＧ　ＣＹＣＬＥ,宮崎県宮崎市船塚３丁目３８番地,2020-04-03,合同会社
合同会社ＷＬＢ,岐阜県瑞穂市中宮３８１－１０,2020-04-03,合同会社
国東市資源循環事業協同組合,大分県国東市国東町小原１９３１番地１,2020-04-03,その他の設立登記法人
大吉商事株式会社,和歌山県紀の川市田中馬場１２７番地７,2020-04-03,株式会社
太柏エナジー株式会社,北海道河西郡更別村字更別南一線９１番地,2020-04-03,株式会社
宏誠設備株式会社,兵庫県西宮市東浜町２－４,2020-04-03,株式会社
宮仁組株式会社,静岡県島田市井口１１９１番地の２,2020-04-03,株式会社
富士通セミコンダクターメモリソリューション株式会社,神奈川県横浜市港北区新横浜３丁目９番１号,2020-04-03,株式会社
市立秋田総合病院職員労働組合,秋田県秋田市川元松丘町４－３０,2020-04-03,その他
平造株式会社,兵庫県神戸市兵庫区芦原通３丁目２番４号,2020-04-03,株式会社
康安テクノロジー株式会社,石川県金沢市粟崎町チ４６番地４,2020-04-03,株式会社
手作工房Ｅ　ＳＫＹ株式会社,沖縄県宜野湾市大謝名１丁目２番２２号１Ｆ,2020-04-03,株式会社
摩耶山真言宗,兵庫県神戸市灘区摩耶山町２番地の１２,2020-04-03,その他の設立登記法人
斎藤木工株式会社,新潟県村上市大須戸４０７６番地,2020-04-03,株式会社
日上株式会社,大阪府大阪市東住吉区矢田２丁目２０－９－１０９,2020-04-03,株式会社
日本アビリティ株式会社,東京都港区赤坂４丁目１４番１４号パークコート赤坂ザ・タワー３６階,2020-04-03,株式会社
日本石原株式会社,東京都中央区日本橋蛎殻町１丁目３番５号共同ビル２階２３号,2020-04-03,株式会社
日本総研株式会社,静岡県浜松市北区都田町９１６５番地の２,2020-04-03,株式会社
旭川燃油株式会社,北海道旭川市大町二条７丁目２１番地２８７,2020-04-03,株式会社
昆明歓楽佳園室内装飾工程有限公司,京都府京都市伏見区醍醐中山町４１－２０１,2020-04-03,外国会社等
昌本塗装株式会社,北海道札幌市東区東雁来八条４丁目１１番１５号,2020-04-03,株式会社
明日香物流株式会社,和歌山県和歌山市内原１２３１番地２,2020-04-03,株式会社
明神フード株式会社,兵庫県明石市鍛治屋町４番２８号,2020-04-03,株式会社
暮らし住む株式会社,埼玉県さいたま市浦和区常盤１丁目３番１０－４０１号,2020-04-03,株式会社
有限会社奥春別牧場,北海道川上郡弟子屈町字奥春別原野四十六線１００番地,2020-04-03,有限会社
村上総合プランニング合同会社,大阪府大阪市中央区備後町１丁目２番６－１９０５号,2020-04-03,合同会社
東明アカデミー株式会社,大阪府大阪市淀川区西宮原３丁目３番８８号,2020-04-03,株式会社
株式会社あるく,宮崎県日向市大字幸脇５４３番地１５０,2020-04-03,株式会社
株式会社いむ,大分県大分市大在中央１丁目１２番１８号,2020-04-03,株式会社
株式会社しょうゆう,東京都港区麻布十番１丁目５番２４号第三長門ビル６０３号,2020-04-03,株式会社
株式会社しろのクジラ,北海道札幌市東区北二十三条東８丁目３番１号,2020-04-03,株式会社
株式会社たわし,福岡県福岡市南区大橋４丁目１４番５－４０４号,2020-04-03,株式会社
株式会社なかざわ,山梨県山梨市下神内川２４０番地４,2020-04-03,株式会社
株式会社ひよこサービス,石川県野々市市押野６丁目２２番地,2020-04-03,株式会社
株式会社ぷぅ工房,岡山県岡山市中区湊２９９番地１,2020-04-03,株式会社
株式会社ほしいもの百貨,茨城県猿島郡境町１４６６番地２,2020-04-03,株式会社
株式会社やまのは,和歌山県日高郡日高川町大字寒川２６９１番地３,2020-04-03,株式会社
株式会社わけべ技術士事務所,岡山県津山市山方１２００番地１０,2020-04-03,株式会社
株式会社アイエム企画,広島県広島市南区段原山崎３丁目７番１号,2020-04-03,株式会社
株式会社アクシール,東京都港区芝５丁目１６番１４号,2020-04-03,株式会社
株式会社アサ・イノベーション,香川県高松市一宮町７１６番地１,2020-04-03,株式会社
株式会社アデリオン,東京都台東区東上野２丁目１３番８号,2020-04-03,株式会社
株式会社アドオン,大阪府柏原市大正３丁目３番１７号,2020-04-03,株式会社
株式会社アドカトウ工芸,三重県鈴鹿市池田町４８番地,2020-04-03,株式会社
株式会社アベントーラバイオ,福島県郡山市土瓜１丁目１９５番地の２,2020-04-03,株式会社
株式会社アルヴィネス,静岡県静岡市葵区土太夫町９番地の１,2020-04-03,株式会社
株式会社アンダートーン,岡山県岡山市南区箕島１１９４番地２,2020-04-03,株式会社
株式会社アンドロソフィー,東京都千代田区外神田６丁目８番３号,2020-04-03,株式会社
株式会社アーク・ケイ・コーポレーション,東京都中央区新川２丁目２７番４－１５１７号,2020-04-03,株式会社
株式会社アースエコテック,大阪府大阪市中央区石町２丁目３番９号天満橋コードビル４階,2020-04-03,株式会社
株式会社アースプランニング,静岡県三島市沢地１４９番地の１５,2020-04-03,株式会社
株式会社イチマツ,東京都台東区浅草３丁目９番２号,2020-04-03,株式会社
株式会社イチワ建工,岐阜県岐阜市椿洞２０７番地１０,2020-04-03,株式会社
株式会社イデアノーツ,東京都世田谷区世田谷１丁目５番１９号,2020-04-03,株式会社
株式会社ウェザーリポート,東京都千代田区外神田３丁目６番２号,2020-04-03,株式会社
株式会社ウェルマ,鹿児島県鹿児島市西千石町６番５－１００４号,2020-04-03,株式会社
株式会社ウメムラ,愛知県豊田市御船町石田３６番地１,2020-04-03,株式会社
株式会社エスティホーム,北海道札幌市北区屯田八条４丁目２番３０－１０１号,2020-04-03,株式会社
株式会社エニコレ,徳島県阿南市羽ノ浦町中庄原ノ内３４番地６,2020-04-03,株式会社
株式会社エヌステージ,東京都足立区千住旭町７番２６号,2020-04-03,株式会社
株式会社エヌライフエステート,山口県山口市銭湯小路２５番地１,2020-04-03,株式会社
株式会社エフジーワーク,広島県福山市津之郷町津之郷９５６番地１,2020-04-03,株式会社
株式会社エポー化粧品,東京都北区西ケ原２丁目２６番６号,2020-04-03,株式会社
株式会社エムズコーポレーション,兵庫県西宮市北昭和町６番４号,2020-04-03,株式会社
株式会社エムズ工房,北海道函館市昭和３丁目２７番２０号,2020-04-03,株式会社
株式会社エル,沖縄県那覇市安謝１丁目１８－２０青２号メゾネットおかっぱ,2020-04-03,株式会社
株式会社エルクラージュ,静岡県富士市中島３９番地の９,2020-04-03,株式会社
株式会社オサマンション,東京都港区高輪３丁目４番９号,2020-04-03,株式会社
株式会社オランダ屋富雄,奈良県奈良市石木町６３１番１,2020-04-03,株式会社
株式会社カイタックス,鹿児島県霧島市国分敷根１１２５番地７,2020-04-03,株式会社
株式会社カナタ,大阪府茨木市彩都やまぶき４丁目１４番１４号,2020-04-03,株式会社
株式会社カーサポート・ＩＴＯ,大分県杵築市大字南杵築２６０２番地３,2020-04-03,株式会社
株式会社キムインターナショナル,静岡県駿東郡小山町吉久保１２－２,2020-04-03,株式会社
株式会社クレア,岐阜県岐阜市薮田南３丁目１３番地１０ＹＳトラストビル,2020-04-03,株式会社
株式会社グラティメンス,和歌山県和歌山市美園町４丁目７６番地ウオクニビル２Ｆ,2020-04-03,株式会社
株式会社グランドライン,東京都武蔵村山市岸１丁目４４番地の１７,2020-04-03,株式会社
株式会社グリッドライン,兵庫県神戸市灘区赤坂通３丁目５番６－３０５号,2020-04-03,株式会社
株式会社グードリーム,神奈川県横浜市戸塚区平戸１丁目１５番４６－２０２号,2020-04-03,株式会社
株式会社ケアチーム,神奈川県川崎市中原区下沼部１９３３番地４１,2020-04-03,株式会社
株式会社コスメティクスラボ,東京都港区南青山２丁目２番１５号ＷｉｎＡｏｙａｍａビルＵＣＦ６階,2020-04-03,株式会社
株式会社コンセプトワン,北海道札幌市中央区北七条西２３丁目３番１－６０３号,2020-04-03,株式会社
株式会社サイドファイブ,大阪府大阪市此花区伝法５丁目６番３９号,2020-04-03,株式会社
株式会社ササキ電設,北海道函館市陣川町８５番地１１２,2020-04-03,株式会社
株式会社サワダ建設,北海道札幌市北区屯田七条２丁目１０番８号,2020-04-03,株式会社
株式会社サンケークラフト,三重県四日市市浜田町１８番３号酢文ビル２Ｃ,2020-04-03,株式会社
株式会社サンチョク,長崎県長崎市田中町５８４番地１,2020-04-03,株式会社
株式会社サーキュラス,神奈川県横浜市都筑区荏田東１丁目１番５６－１０３号,2020-04-03,株式会社
株式会社ザクティエンジニアリングサービス,大阪府大阪市北区大淀中１丁目１番８８号,2020-04-03,株式会社
株式会社シノ建,愛媛県松山市堀江町甲１６３６番地１０,2020-04-03,株式会社
株式会社シンクタンク,北海道函館市田家町２番１号マンションリヴァージュ１０６号室,2020-04-03,株式会社
株式会社ジャスパー経営経済研究所,東京都中央区日本橋小伝馬町１番１号日本橋末広ビル５階,2020-04-03,株式会社
株式会社ステイクールスポーツクラブ,兵庫県神戸市東灘区深江本町１丁目７番２７号,2020-04-03,株式会社
株式会社スマイルプロジェクト,岡山県総社市総社２丁目１９番１２号,2020-04-03,株式会社
株式会社スマートライフゲートウェイ,岡山県岡山市北区野田３丁目２番８号,2020-04-03,株式会社
株式会社スリー・エス,神奈川県横浜市中区山下町１番地,2020-04-03,株式会社
株式会社セイユウ,熊本県熊本市南区城南町碇１１７１番地,2020-04-03,株式会社
株式会社セルフィッシュ,茨城県水戸市水府町１２８５番地４,2020-04-03,株式会社
株式会社セレンディピティ,福岡県福岡市中央区小笹５丁目１０番１２号,2020-04-03,株式会社
株式会社ソフィー,群馬県前橋市昭和町２丁目１６番５号,2020-04-03,株式会社
株式会社ソリューションゼロアルファ,宮城県石巻市魚町２丁目１０番地２５,2020-04-03,株式会社
株式会社タカコウ,新潟県三条市北入蔵３丁目２番２０号,2020-04-03,株式会社
株式会社タカヤ警備,京都府京丹後市峰山町新町１９５６番地,2020-04-03,株式会社
株式会社タカラヅカ・ライブ・ネクスト,大阪府大阪市北区茶屋町１９－１,2020-04-03,株式会社
株式会社チャーリーラボ,熊本県熊本市中央区黒髪２丁目３９番１号,2020-04-03,株式会社
株式会社チョイプラ,奈良県生駒郡三郷町東信貴ケ丘２丁目８番２４号,2020-04-03,株式会社
株式会社ツノハーツ,宮崎県児湯郡都農町大字川北４８２２番地１,2020-04-03,株式会社
株式会社ツーイーエル,千葉県佐倉市上志津１７６７番地１,2020-04-03,株式会社
株式会社ツーワード,大阪府大阪市中央区道修町２丁目２番５号イヌイ第二ビル２階,2020-04-03,株式会社
株式会社ティアナ,神奈川県相模原市中央区千代田３丁目１３番５号,2020-04-03,株式会社
株式会社テクノ・ヴィラ,熊本県菊池郡大津町大字室１７２８番地１,2020-04-03,株式会社
株式会社ディー・スタイルクリエイト,福岡県福岡市中央区天神１丁目９番１７号１５Ｆ,2020-04-03,株式会社
株式会社データシード,東京都葛飾区新宿６丁目６番１－４０８号オーベル金町レジデンス,2020-04-03,株式会社
株式会社ドリームパレット,岐阜県瑞穂市別府１６２７番地５,2020-04-03,株式会社
株式会社ナンバーエイト,和歌山県和歌山市築港３丁目３１番地２,2020-04-03,株式会社
株式会社ニッコ,神奈川県川崎市川崎区宮前町８番６号ＬＩＦＯＲＫ川崎Ｒ０２,2020-04-03,株式会社
株式会社ネクシード,茨城県高萩市大字安良川６５２番地,2020-04-03,株式会社
株式会社ネットテックス,東京都渋谷区恵比寿１丁目７番４号,2020-04-03,株式会社
株式会社ハイムス,愛知県知立市新林町東新切７６番地１１,2020-04-03,株式会社
株式会社ハヤシ工業,岡山県岡山市南区大福６９２番地１,2020-04-03,株式会社
株式会社ハヤシ電産,大阪府守口市藤田町４丁目１１番１号,2020-04-03,株式会社
株式会社ハーンジャパン,東京都新宿区新宿６丁目７番２２号,2020-04-03,株式会社
株式会社バディー,大阪府大阪市中央区南新町２丁目２番１３号ハイム大手前１Ｆ,2020-04-03,株式会社
株式会社パラドリフト,東京都板橋区若木２丁目２７番１号,2020-04-03,株式会社
株式会社ビプロ,大阪府吹田市広芝町１１番４１号グランセジュール江坂１００５号室,2020-04-03,株式会社
株式会社ビーピー函測,北海道函館市宝来町２７番１３号,2020-04-03,株式会社
株式会社ビープラス,大阪府枚方市春日西町１丁目８番１号,2020-04-03,株式会社
株式会社ピエクレックス,滋賀県野洲市大篠原２２８８番地,2020-04-03,株式会社
株式会社ファーミング,宮崎県都城市岩満町６１０番地,2020-04-03,株式会社
株式会社フィコカリス,神奈川県川崎市宮前区馬絹４丁目１１番４０号ベルビーチ２０４,2020-04-03,株式会社
株式会社フォーカスポイント,福岡県福岡市中央区港１丁目９番２６号モントーレ舞鶴ベイレジデンス３０３,2020-04-03,株式会社
株式会社フォートフロンティア,東京都江戸川区中葛西３丁目３５番１７号関口ビル５階,2020-04-03,株式会社
株式会社フラッグアップ,東京都江戸川区東葛西２丁目３３番１７号,2020-04-03,株式会社
株式会社フリー,東京都八王子市元八王子町２丁目１８４４番地,2020-04-03,株式会社
株式会社フリーズライフ,茨城県日立市田尻町４丁目２２番１４号,2020-04-03,株式会社
株式会社フリーバースダイビングショップ,神奈川県川崎市宮前区有馬７丁目１１番１１－３０５号アルス鷺沼南,2020-04-03,株式会社
株式会社ブリリアントアーク,東京都町田市成瀬が丘３丁目２４番１７号,2020-04-03,株式会社
株式会社ブレイクライフ,東京都台東区東上野５丁目１３番８号,2020-04-03,株式会社
株式会社プライズボーテ,大阪府大阪市西区立売堀２丁目１－９日建ビル７Ｆ,2020-04-03,株式会社
株式会社プロダクション熱帯,東京都渋谷区渋谷３丁目１番９号ＹＡＺＡＷＡビル３階,2020-04-03,株式会社
株式会社プロポス,岩手県盛岡市飯岡新田６地割２２番地２Ｆ,2020-04-03,株式会社
株式会社ベルサーズ,静岡県浜松市中区蜆塚４丁目１０番５号,2020-04-03,株式会社
株式会社ペガサス,神奈川県横浜市港北区新横浜２丁目６番１２号・８階,2020-04-03,株式会社
株式会社ボニッシモ,福岡県久留米市通外町１１番地１６,2020-04-03,株式会社
株式会社マイナ,滋賀県東近江市市辺町１８３９,2020-04-03,株式会社
株式会社マイノリティ,群馬県前橋市元総社町２丁目５番地１１グランドール金井１０５号室,2020-04-03,株式会社
株式会社マグマ・パワー,東京都文京区後楽２丁目１９番１３号クオリア後楽口５０１号,2020-04-03,株式会社
株式会社マタハリーホールディングス,神奈川県川崎市幸区堀川町５８０番地１６,2020-04-03,株式会社
株式会社マトバ鈑金,静岡県御殿場市神場６４６番地の１９９,2020-04-03,株式会社
株式会社マヒャドウ,北海道札幌市北区新琴似十二条３丁目４番１６－２号,2020-04-03,株式会社
株式会社マルハトレーディング,岡山県岡山市南区妹尾２４０７番地４１,2020-04-03,株式会社
株式会社マルワ,静岡県静岡市葵区与一１丁目１０番地２０,2020-04-03,株式会社
株式会社マースシステムズ東海,神奈川県横浜市保土ケ谷区神戸町１３４ＹＢＰウエストタワー,2020-04-03,株式会社
株式会社マーベラス,茨城県水戸市笠原町１４６番地の２コーポサンフィート１０３号,2020-04-03,株式会社
株式会社ミクニ,熊本県熊本市東区東野３丁目１６番２号,2020-04-03,株式会社
株式会社ミナトワークス,北海道函館市時任町２０番４－２号,2020-04-03,株式会社
株式会社ミニマライフ,愛知県岡崎市葵町１２番地３,2020-04-03,株式会社
株式会社ミライアゴーゴー,神奈川県横浜市港北区篠原西町３７番９号－１,2020-04-03,株式会社
株式会社ミライク,東京都豊島区目白５丁目２７番１１号アナトレー・セント目白１Ｆ,2020-04-03,株式会社
株式会社ムサシ測量設計,東京都八王子市下恩方町７４９番地８,2020-04-03,株式会社
株式会社ムライロＣＯＭＰＡＮＹ,岩手県盛岡市東中野字見石１４番地３,2020-04-03,株式会社
株式会社ヤスケン,和歌山県有田郡湯浅町大字湯浅２３９６番地５,2020-04-03,株式会社
株式会社ヤマキ総建,静岡県焼津市中里５０２番地の３,2020-04-03,株式会社
株式会社ヤマザキ設備,静岡県牧之原市細江５０８番地３,2020-04-03,株式会社
株式会社ユニファイドヴィラ,群馬県富岡市七日市９５５,2020-04-03,株式会社
株式会社ヨーソロー,神奈川県藤沢市南藤沢２３番２号マタリビル１階,2020-04-03,株式会社
株式会社ライフステップ,茨城県つくば市真瀬１４５３番地４,2020-04-03,株式会社
株式会社ライフハック,和歌山県和歌山市舟津町４丁目２８番地の２,2020-04-03,株式会社
株式会社ラッセルズ,兵庫県芦屋市船戸町５－２６マリアキャリーヌビル,2020-04-03,株式会社
株式会社ラピスネイル,長崎県長崎市栄町６番１９号,2020-04-03,株式会社
株式会社ラフィネ佐野,三重県鈴鹿市三日市３丁目２２番５号,2020-04-03,株式会社
株式会社リサイエホールディングス,北海道標津郡中標津町大通南２丁目１番地１,2020-04-03,株式会社
株式会社リブウェイ,東京都豊島区西池袋３丁目３２番７号３Ｆ,2020-04-03,株式会社
株式会社リュクス,神奈川県横浜市港北区新横浜２丁目６番１２号・８階,2020-04-03,株式会社
株式会社リンベ,群馬県北群馬郡吉岡町大字北下５５５番地１３,2020-04-03,株式会社
株式会社リード,愛知県名古屋市南区豊田２丁目１３番２８号,2020-04-03,株式会社
株式会社ルバン,千葉県千葉市稲毛区稲毛町５丁目３７７番の１９,2020-04-03,株式会社
株式会社レガシィマテリアル,三重県津市雲出長常町１１８９番地２,2020-04-03,株式会社
株式会社レミシー,東京都千代田区神田猿楽町２丁目７番１１号,2020-04-03,株式会社
株式会社レミントンケア,兵庫県明石市本町２丁目６番１０号,2020-04-03,株式会社
株式会社レリシア,東京都千代田区九段南１丁目５番６号,2020-04-03,株式会社
株式会社ローカル,鹿児島県鹿児島市西千石町１１番２１号鹿児島ＭＳビル５階,2020-04-03,株式会社
株式会社ロースクール,北海道札幌市東区丘珠町５６８番地７４,2020-04-03,株式会社
株式会社ワイエムトロージャン,東京都練馬区南大泉４丁目１６番２号,2020-04-03,株式会社
株式会社ワイケイアップ,兵庫県神戸市垂水区小束山本町４丁目１－１７,2020-04-03,株式会社
株式会社ワイドレンジ,大阪府池田市渋谷３丁目１０番２号,2020-04-03,株式会社
株式会社ワカコウェブワールド,広島県廿日市市佐方本町５番７号,2020-04-03,株式会社
株式会社ワシズ,北海道札幌市東区北三十三条東５丁目１番１０号ＡＳＴＹ３３－１０５号,2020-04-03,株式会社
株式会社一福来,栃木県宇都宮市曲師町２番１１号,2020-04-03,株式会社
株式会社三和テクニカル,宮崎県宮崎市大字瓜生野２１５０番地１,2020-04-03,株式会社
株式会社三楽,神奈川県横浜市中区仲尾台７２番地１,2020-04-03,株式会社
株式会社上岡人工,鹿児島県曽於市末吉町岩崎９９６番地,2020-04-03,株式会社
株式会社中日本管財,岐阜県中津川市千旦林１６３２番地の２５２,2020-04-03,株式会社
株式会社中澤工業,北海道函館市桔梗２丁目２６番２８号,2020-04-03,株式会社
株式会社中田乳販,山口県岩国市錦見８丁目７番２５号,2020-04-03,株式会社
株式会社丸王,東京都江東区青海２丁目７番４号,2020-04-03,株式会社
株式会社二八,熊本県熊本市北区楡木２丁目３番４２号,2020-04-03,株式会社
株式会社仁喜,神奈川県厚木市上依知２７０番地２３,2020-04-03,株式会社
株式会社今井農園,山梨県北杜市小淵沢町上笹尾２５６５番地,2020-04-03,株式会社
株式会社伊東工業,長崎県諫早市中通町１８４３番地３,2020-04-03,株式会社
株式会社佐藤新聞舗,広島県広島市安佐北区安佐町大字飯室６８７２番地１,2020-04-03,株式会社
株式会社内田電器,長崎県長崎市滑石３丁目２６番５号,2020-04-03,株式会社
株式会社出玉王田無,東京都西東京市西原町４丁目２番５号,2020-04-03,株式会社
株式会社分室,愛知県岡崎市上地３丁目３番地３,2020-04-03,株式会社
株式会社創伸館,兵庫県尼崎市名神町３丁目９番２４号古川ビル２０２,2020-04-03,株式会社
株式会社勇塗装,東京都練馬区南大泉２丁目３０番６－２０８号,2020-04-03,株式会社
株式会社北原メディカルサービス,群馬県高崎市北原町７２番地１,2020-04-03,株式会社
株式会社北部探査技術,沖縄県名護市字伊差川９２番地４,2020-04-03,株式会社
株式会社千代工業,北海道亀田郡七飯町大川１０丁目３１５番地４,2020-04-03,株式会社
株式会社千佐,群馬県前橋市三俣町１丁目４４番地４,2020-04-03,株式会社
株式会社南陽不動産,岐阜県各務原市那加門前町３丁目１０１番地２,2020-04-03,株式会社
株式会社和トータル設備,静岡県富士市今泉３５２０番地の３,2020-04-03,株式会社
株式会社喜多,大阪府東大阪市若江本町１丁目２番１０号,2020-04-03,株式会社
株式会社坂出東部西尾販売所,香川県坂出市林田町３３６番地１,2020-04-03,株式会社
株式会社城北,埼玉県さいたま市南区南浦和２丁目４０番３号大井ビル２階,2020-04-03,株式会社
株式会社堀江建装,千葉県千葉市稲毛区園生町５４８番地２６,2020-04-03,株式会社
株式会社堀田興業,兵庫県川西市出在家町４番４号,2020-04-03,株式会社
株式会社大井川うなぎ,静岡県榛原郡吉田町片岡１４６３番地の１,2020-04-03,株式会社
株式会社天満屋フィットネス,岡山県岡山市南区築港栄町５番９号,2020-04-03,株式会社
株式会社太伸テック,鹿児島県鹿児島市西千石町１１番２１号鹿児島ＭＳビル５Ｆ,2020-04-03,株式会社
株式会社宇佐美企画,秋田県秋田市将軍野東１丁目３１－３４４,2020-04-03,株式会社
株式会社安武ファーム,熊本県菊池市旭志伊萩６３５番地,2020-04-03,株式会社
株式会社小塚エステート,神奈川県横浜市西区中央２丁目３２番４号,2020-04-03,株式会社
株式会社小山エンタープライゼス,神奈川県茅ヶ崎市矢畑５６１番地７－１０２,2020-04-03,株式会社
株式会社山中商店,東京都町田市高ヶ坂７丁目４０番１７号,2020-04-03,株式会社
株式会社岐阜中央土木,岐阜県岐阜市学園町３丁目４番地,2020-04-03,株式会社
株式会社岡山車輌,岡山県岡山市北区高松原古才７００番地１,2020-04-03,株式会社
株式会社岡村興業,広島県広島市安佐南区上安３丁目６番１９号,2020-04-03,株式会社
株式会社嶋田組,大阪府茨木市鮎川４丁目１１番１３号,2020-04-03,株式会社
株式会社嶺山エステート,兵庫県神戸市中央区磯辺通１丁目１番１８号,2020-04-03,株式会社
株式会社川瀬建築,和歌山県和歌山市小雑賀２９６番地,2020-04-03,株式会社
株式会社工房杢,神奈川県三浦郡葉山町上山口２５６１番地の１,2020-04-03,株式会社
株式会社平屋くん,三重県亀山市東丸町５２４番地,2020-04-03,株式会社
株式会社幸和,福岡県糟屋郡志免町大字吉原１３４番地３グランディア博多の杜６１１号,2020-04-03,株式会社
株式会社幸栄フロント,大阪府大阪市平野区長吉出戸３丁目１番３号,2020-04-03,株式会社
株式会社幸栄堂,東京都新宿区舟町４番地２－２０３号,2020-04-03,株式会社
株式会社弘良,東京都稲城市大丸１３８３番地の８,2020-04-03,株式会社
株式会社御意,大分県国東市国東町鶴川字上ノ台４６５番地１,2020-04-03,株式会社
株式会社拓聖設備,北海道石狩市花畔三条１丁目２５６番地,2020-04-03,株式会社
株式会社拓進,奈良県生駒市小平尾町３８６番地１第６サンコウヒルズ西館２０７,2020-04-03,株式会社
株式会社拾九番,愛媛県松山市小栗１丁目５番３３号,2020-04-03,株式会社
株式会社排水メンテナンスサービス,北海道帯広市西二十三条南４丁目１１番地１５,2020-04-03,株式会社
株式会社敬弘物流,鹿児島県鹿児島市山田町１９９２番地４,2020-04-03,株式会社
株式会社新しいＹＥＳ,神奈川県横浜市港北区日吉２丁目１８番３３号,2020-04-03,株式会社
株式会社日本化粧品,東京都中央区銀座５丁目１５番１号,2020-04-03,株式会社
株式会社日比自工,北海道苫小牧市高砂町１丁目４－２０,2020-04-03,株式会社
株式会社日触物流サービス姫路,大阪府大阪市中央区高麗橋４丁目１番１号,2020-04-03,株式会社
株式会社日進産業,神奈川県横浜市保土ケ谷区坂本町１５２番地ハイアートⅡ１０３号,2020-04-03,株式会社
株式会社春意,大阪府東大阪市足代３丁目２番４号ハイムリップルＰａｒｔⅡ２０７号,2020-04-03,株式会社
株式会社昭明,東京都世田谷区桜３丁目１８番９号クレール世田谷３階,2020-04-03,株式会社
株式会社本田電設,東京都昭島市宮沢町１丁目１８番１－１０５号,2020-04-03,株式会社
株式会社杉浦板金,愛知県碧南市志貴町１丁目６０番地,2020-04-03,株式会社
株式会社東光ギケン,兵庫県神戸市東灘区岡本４丁目４番６号２０５,2020-04-03,株式会社
株式会社東洋住宅設備,神奈川県横浜市港北区樽町１丁目１３番８号,2020-04-03,株式会社
株式会社松村工業,福岡県飯塚市本町１９番５５号,2020-04-03,株式会社
株式会社松永商店,東京都東久留米市下里２丁目１１番２３号,2020-04-03,株式会社
株式会社桜英Ｒｅｎｏｖａｔｉｏｎ,広島県広島市安芸区船越２丁目２３番６号,2020-04-03,株式会社
株式会社梅花ブライダル,大阪府大阪市北区天神橋２丁目１番５８号,2020-04-03,株式会社
株式会社椿,群馬県高崎市金古町８４番地５,2020-04-03,株式会社
株式会社椿機設工業,福岡県飯塚市椿５３９番地１,2020-04-03,株式会社
株式会社楚楚,和歌山県有田市千田２０４３番地の１,2020-04-03,株式会社
株式会社橘工業,和歌山県和歌山市西庄７８０番地１８,2020-04-03,株式会社
株式会社池村商会,大阪府大阪市北区紅梅町４番５－１号,2020-04-03,株式会社
株式会社清令,長崎県佐世保市赤崎町２５９番地７,2020-04-03,株式会社
株式会社渚,広島県広島市中区鉄砲町３番１号,2020-04-03,株式会社
株式会社湿原の郷,北海道天塩郡豊富町字アチャルペシペ６７３７番地,2020-04-03,株式会社
株式会社溝田建築工業,長崎県南島原市北有馬町丁８５番地,2020-04-03,株式会社
株式会社瀧建設,大分県中津市大字牛神２２１番地１,2020-04-03,株式会社
株式会社熊本フットボールセンター,熊本県熊本市南区近見６丁目１６番２９号,2020-04-03,株式会社
株式会社片山工業,大分県臼杵市大字江無田１５０番地の１,2020-04-03,株式会社
株式会社獣の灯り,大阪府大阪市北区堂島１丁目４番７号堂浜アネックスビル２０２,2020-04-03,株式会社
株式会社玄道具店,大阪府大阪市北区黒崎町１４番３号,2020-04-03,株式会社
株式会社田中電気設備企画,北海道札幌市西区西町北１９丁目１番１２－２０２号,2020-04-03,株式会社
株式会社白樺,和歌山県和歌山市府中３２４番地４８,2020-04-03,株式会社
株式会社看タロー,愛知県岡崎市六名２丁目８番地９,2020-04-03,株式会社
株式会社真彰商事,島根県松江市西津田２丁目１番３０号,2020-04-03,株式会社
株式会社真成,兵庫県明石市硯町２丁目５番１－２０２号,2020-04-03,株式会社
株式会社秀和,兵庫県神戸市灘区大月台１番地の３２,2020-04-03,株式会社
株式会社竜電工ＰＬＵＳ,宮崎県宮崎市大字小松１３５３番地５,2020-04-03,株式会社
株式会社竹中板金店,北海道札幌市豊平区月寒東三条７丁目４番２３号,2020-04-03,株式会社
株式会社米満総合設備,熊本県熊本市南区八分字町２５６４番地３,2020-04-03,株式会社
株式会社納得ヘアスタイル,静岡県富士市青葉町５７２番地,2020-04-03,株式会社
株式会社結進,北海道札幌市北区拓北三条３丁目１番２２号,2020-04-03,株式会社
株式会社縁宝,兵庫県宝塚市大原野字坂山２番地の３,2020-04-03,株式会社
株式会社美社匠建,大阪府四條畷市南野４丁目３番２４号,2020-04-03,株式会社
株式会社色禅,大阪府大阪市大正区泉尾１丁目１８番２２号,2020-04-03,株式会社
株式会社花みずき,香川県高松市勅使町７２０番地５,2020-04-03,株式会社
株式会社荒木ＳＴＯＣＫ・ＦＡＲＭ,熊本県菊池郡大津町大字矢護川１０１７番地,2020-04-03,株式会社
株式会社菜花建業,埼玉県さいたま市南区四谷１丁目１１番１３号,2020-04-03,株式会社
株式会社萱原建板,香川県高松市成合町１１１６番地２,2020-04-03,株式会社
株式会社西山設備工業,香川県善通寺市下吉田町６７２番地２,2020-04-03,株式会社
株式会社設計事務所Ｔ・Ｔ,鹿児島県鹿児島市山田町３７９番地１ベルデュール・Ｔ４０２号,2020-04-03,株式会社
株式会社誠伸工業,山口県光市花園２丁目２番１０号,2020-04-03,株式会社
株式会社谷脇木材,高知県須崎市港町８８番地,2020-04-03,株式会社
株式会社賽の目,東京都台東区浅草１丁目１３番４号,2020-04-03,株式会社
株式会社農業農村計画,広島県広島市中区千田町１丁目７番１７号,2020-04-03,株式会社
株式会社雅建材,長野県木曽郡南木曽町田立３５０番地２,2020-04-03,株式会社
株式会社青山放電,大阪府大阪市平野区加美北８丁目５番２６号,2020-04-03,株式会社
株式会社音楽呼吸健康クラブ,東京都豊島区目白３丁目１３番２０号,2020-04-03,株式会社
株式会社高塚ダイヤモンド,静岡県島田市稲荷４丁目１５番１０号,2020-04-03,株式会社
株式会社高松商事,大阪府大阪市中央区松屋町７番１－５０４号,2020-04-03,株式会社
株式会社１０７,山梨県北杜市高根町東井出４９８６番地８８８,2020-04-03,株式会社
株式会社２,東京都練馬区豊玉上２丁目２４番１５号,2020-04-03,株式会社
株式会社２０Ｇ,東京都文京区大塚５丁目４０－１８友成フォーサイトビル６０１,2020-04-03,株式会社
株式会社Ａ－ｃｒｅｗ,東京都世田谷区上祖師谷３丁目１６番２号,2020-04-03,株式会社
株式会社Ａ－ｊｏｉｎ,東京都渋谷区神宮前１丁目１４番２号原宿ル・ポンテビル３階,2020-04-03,株式会社
株式会社ＡＬＧＥＲＮＯＮ,広島県広島市西区三篠町３丁目１２番１８－２０３号,2020-04-03,株式会社
株式会社ＡＮＤ,徳島県徳島市万代町５丁目７１番地,2020-04-03,株式会社
株式会社ＡＲＴＣＬＡＤ,鹿児島県鹿児島市武岡１丁目１１５番地２－２Ｆ,2020-04-03,株式会社
株式会社ＡＳＦＯＮ八王子,神奈川県横浜市港北区新横浜２丁目１１番地５,2020-04-03,株式会社
株式会社ＡＳＩＲＩ,北海道札幌市西区発寒十五条１丁目７番４６号,2020-04-03,株式会社
株式会社ＡＳＳマネジメント,兵庫県神戸市東灘区住吉山手７丁目２番２－３１０号,2020-04-03,株式会社
株式会社Ａｃ,大阪府大阪市中央区難波千日前８番３号,2020-04-03,株式会社
株式会社Ａｄ　Ｏｍｎｉｂｕｓ,大阪府大阪市中央区難波千日前９番１号,2020-04-03,株式会社
株式会社ＡｄＶｅｎｔｕｒｅ　ｌｉｆｅ　Ｓａｐｐｏｒｏ,北海道札幌市北区新琴似二条１丁目１番２７号,2020-04-03,株式会社
株式会社Ａｇｏ,大阪府大阪市中央区難波千日前８番４号,2020-04-03,株式会社
株式会社Ａｎｔｓ,茨城県ひたちなか市大字田彦３９１番地９８グランマーレＬ棟１０５号,2020-04-03,株式会社
株式会社Ｂ－ｓｔｙｌｅ,埼玉県さいたま市南区南浦和２丁目２８番３号サンライズ南浦和１階,2020-04-03,株式会社
株式会社ＢＡＮＧ．Ｓ,大阪府大阪市中央区備後町３丁目３番３号サンビル備後町４階,2020-04-03,株式会社
株式会社ＢＡＵＭ　ｕ．ＢＡＵＭ,兵庫県神戸市灘区友田町４丁目４番１８号,2020-04-03,株式会社
株式会社ＢＢＴＡ,福岡県北九州市小倉北区大門２丁目１番１５号２Ｆ,2020-04-03,株式会社
株式会社ＢＩＺＭＡＫＩＮＧ,大阪府大阪市北区梅田１丁目１１番４－９２３号大阪駅前第４ビル９階,2020-04-03,株式会社
株式会社ＢＬＡＮＣ,宮崎県宮崎市吉村町境目甲１５３８番地３,2020-04-03,株式会社
株式会社ＢＬＣ,新潟県新潟市中央区東中通１番町８６番地８４ｎｓテラス１階,2020-04-03,株式会社
株式会社ＢＬＯＯＭＧＯ,熊本県宇土市岩古曽町２２９５番地１,2020-04-03,株式会社
株式会社ＢＯＮＤＳ,愛知県豊田市鴛鴨町上大岨６番地１５,2020-04-03,株式会社
株式会社ＢＲＩＣＫ,和歌山県紀の川市桃山町元１４５番地１グリーンヒル舩木１０８号室,2020-04-03,株式会社
株式会社Ｂｅｅｓ,大分県由布市湯布院町川上２９４１番地７,2020-04-03,株式会社
株式会社Ｂｒａｖｅ,大分県大分市大字片島１４８番地の１,2020-04-03,株式会社
株式会社ＣＡＴＴＬＥ　ＣＨＵＭＳ,北海道稚内市大字声問村字上声問原野１９７３番地６,2020-04-03,株式会社
株式会社Ｃｏｎｄｉｔｉｏｎｉｎｇ　ＢＲＩＤＧＥ,愛知県豊川市国府町岡本８番地２,2020-04-03,株式会社
株式会社Ｃｏｏｐｅｒ,広島県広島市西区横川町１丁目４番２１－３０３号,2020-04-03,株式会社
株式会社Ｄ‐Ｆｒｉｅｎｄｓ,東京都江東区大島３丁目４番７号山口ビル３階,2020-04-03,株式会社
株式会社ＤＥＳＵ　ＤＥＳＵ,鹿児島県鹿児島市小松原１丁目３６番－２０－９０３号,2020-04-03,株式会社
株式会社ＤＥＶＥＬＯＰＭＥＮＴ　ＣＬＯＵＤ,大阪府大阪市中央区内本町２丁目４番１６号,2020-04-03,株式会社
株式会社ＤＲＥ,三重県鈴鹿市江島本町２８番１７号,2020-04-03,株式会社
株式会社ＤｅｃａｄＺ,埼玉県さいたま市中央区上落合６丁目１７番２２－２０２号,2020-04-03,株式会社
株式会社Ｄｅｎ,東京都世田谷区宇奈根３丁目１０番２９号,2020-04-03,株式会社
株式会社ＥＭＬ,東京都練馬区関町北３丁目３９番１３号,2020-04-03,株式会社
株式会社ＥＲＺ,岐阜県関市東新町１丁目２番地の６,2020-04-03,株式会社
株式会社ＥＳＰＯＩＲ,大分県大分市横田２丁目５番１号,2020-04-03,株式会社
株式会社ＦＡＣＴ．Ｖｉｓｉｏｎ,京都府相楽郡精華町光台１丁目７番地けいはんなプラザラボ棟５階,2020-04-03,株式会社
株式会社ＦＡＲＤＣ,福岡県福岡市南区大字柏原７１０番地の２,2020-04-03,株式会社
株式会社ＦＥＤ,東京都港区高輪３丁目２５番２７－１４０３,2020-04-03,株式会社
株式会社Ｆｏｒ　Ｑ,熊本県玉名市大倉４３４番地,2020-04-03,株式会社
株式会社Ｆｏｒｅｇｒｏｕｎｄ,東京都江戸川区南小岩１丁目１３番１７号,2020-04-03,株式会社
株式会社ＦｒｅｅｄｏｍＳｏｕｎｄ,東京都江戸川区西小岩５丁目７番８号ハイメール２０３,2020-04-03,株式会社
株式会社Ｆｒｕｉｔｓ　Ｃｏ．,徳島県三好郡東みよし町加茂１８７７番地２,2020-04-03,株式会社
株式会社Ｆｕｊｉ地研,岡山県岡山市中区関３２４番地１３,2020-04-03,株式会社
株式会社Ｇ－ＴＡＣ,奈良県葛城市柿本２５番地１,2020-04-03,株式会社
株式会社ＧＤ,沖縄県宮古島市平良字松原１５１番地,2020-04-03,株式会社
株式会社Ｈ・Ｉ・Ｍ,静岡県藤枝市大東町１０５２番地の３,2020-04-03,株式会社
株式会社ＨＩＬＯ,沖縄県那覇市字小禄６６１番地７ライオンズ小禄オアシスコート１００７,2020-04-03,株式会社
株式会社Ｈａｐｐｙ　Ｐｒｏｊｅｃｔ,兵庫県神戸市中央区布引町２丁目２番７－３０９号,2020-04-03,株式会社
株式会社Ｈｅｒｍｏｓａ,兵庫県西宮市川東町１番８号,2020-04-03,株式会社
株式会社ＩＣＥ,宮崎県宮崎市吾妻町７３－７－８０１,2020-04-03,株式会社
株式会社ＩＮＯＳＨＩＳＨＩＹＡＨ,広島県東広島市西条町下見４１９７－１２,2020-04-03,株式会社
株式会社ＩＰＳＩＧＮ,東京都文京区向丘１丁目１２－１サンウッド文京東大前エストライフ１２０１,2020-04-03,株式会社
株式会社ＩＴＳ　ｍｏｒｅ,茨城県つくば市吾妻３丁目８番地３パレ・ドール吾妻４０２号,2020-04-03,株式会社
株式会社ＩＷＳシステム,東京都台東区上野６丁目１番６号御徒町グリーンハイツ１００５号,2020-04-03,株式会社
株式会社Ｊ・ＫＩ,東京都北区滝野川６丁目６４－１０,2020-04-03,株式会社
株式会社Ｊ．＆　Ｌｉｂｅｒｔａ,香川県高松市出作町４７４番地１,2020-04-03,株式会社
株式会社ＪＫＦ,福岡県飯塚市有安１０３９番地１,2020-04-03,株式会社
株式会社ＪＵＳＴ,茨城県ひたちなか市大字東石川２６１１番地６５,2020-04-03,株式会社
株式会社Ｊｏｐｌｉｎ,広島県広島市西区横川町１丁目４番２１－３０４号,2020-04-03,株式会社
株式会社Ｋ’ｓエステート,大阪府大阪市中央区瓦町２丁目３番１４号,2020-04-03,株式会社
株式会社Ｋサポート,北海道札幌市中央区南二条西２丁目２番地７,2020-04-03,株式会社
株式会社Ｋテック総業,鹿児島県鹿児島市和田３丁目２４番３０号,2020-04-03,株式会社
株式会社Ｋ－ＴＥＣ九州,熊本県熊本市西区蓮台寺３丁目３番１５号,2020-04-03,株式会社
株式会社Ｋ２,東京都板橋区成増３丁目２８番５号ウエストヴィラ１０２,2020-04-03,株式会社
株式会社ＫＡＨＭＺ,東京都葛飾区青戸８丁目８－７,2020-04-03,株式会社
株式会社ＫＢＳ,兵庫県姫路市四郷町見野９９２番地１３,2020-04-03,株式会社
株式会社ＫＥＧリソース,和歌山県和歌山市友田町２丁目１４５番地ＫＥＧ教育センタービル,2020-04-03,株式会社
株式会社ＫＩＣＨＩＣＯ,東京都板橋区大谷口上町６２番３号,2020-04-03,株式会社
株式会社ＫＩＴＡＢＡＮ,静岡県静岡市清水区川原町１６番１２号,2020-04-03,株式会社
株式会社ＫＭあおい,大阪府大阪市西区安治川１丁目１番１８号,2020-04-03,株式会社
株式会社ＬＥＥＭＯ,北海道札幌市北区新琴似二条６丁目２番２０号,2020-04-03,株式会社
株式会社ＬＥＸＣＡＮＥ,岡山県井原市東江原町３８５番地４,2020-04-03,株式会社
株式会社ＬＩＦＥＬＩＮＸ,千葉県旭市三川５７１７番地６５,2020-04-03,株式会社
株式会社Ｌｅｅ語学院,東京都新宿区百人町２丁目２番４１号,2020-04-03,株式会社
株式会社Ｌｅｉ－Ｓ,神奈川県茅ヶ崎市甘沼２００番地１－９２８号グランドヒル,2020-04-03,株式会社
株式会社ＬｅｘｘＰｌｕｓｓ,神奈川県川崎市高津区下作延５丁目１６番１８－６０３号,2020-04-03,株式会社
株式会社ＬｉＧ,佐賀県三養基郡みやき町大字白壁５５０番地５,2020-04-03,株式会社
株式会社Ｌｉｅｎ,群馬県前橋市元総社町２丁目６番地２ライズグレースＡ１０２,2020-04-03,株式会社
株式会社Ｌｉｔ,広島県広島市東区二葉の里３丁目５番７号ＧＲＡＮＯＤＥ広島３階,2020-04-03,株式会社
株式会社Ｌｉｖｅｗｅｌｌ,東京都港区六本木４丁目２番３５号,2020-04-03,株式会社
株式会社Ｌｏｃａｌ　ｓｈｏｐ,兵庫県神戸市灘区岩屋中町５丁目１番６－５０２号,2020-04-03,株式会社
株式会社Ｍ’ｓＣｏａｔ,広島県三原市田野浦１丁目８番３号,2020-04-03,株式会社
株式会社Ｍ＆Ｓエレクトロ,香川県高松市屋島西町７６６番地７,2020-04-03,株式会社
株式会社ＭＡＫＳ,大阪府高槻市登美の里町１５番１３号,2020-04-03,株式会社
株式会社ＭＡＴＳＵＮＡＧＡ,山梨県甲府市徳行３丁目１３番２４号,2020-04-03,株式会社
株式会社ＭＢＵ,東京都台東区台東３丁目１番３－２０１号,2020-04-03,株式会社
株式会社ＭＥＤＩＣＡＣＹ　ＤＥＳＩＧＮ,大阪府大阪市東住吉区山坂５丁目２番２５号,2020-04-03,株式会社
株式会社ＭＩＣＯＴＴＯ．,愛知県豊田市秋葉町６丁目３６番地１,2020-04-03,株式会社
株式会社ＭＩＥ　ＴＥＣＨＮＩＣＡＬ,三重県津市藤枝町３６番地,2020-04-03,株式会社
株式会社ＭＫアセットマネージメント,東京都世田谷区成城５丁目２２番１０号テラス成城２０２,2020-04-03,株式会社
株式会社ＭＫ産業,鹿児島県鹿児島市山田町１９９９番地１,2020-04-03,株式会社
株式会社ＭＴサービス,東京都葛飾区鎌倉３丁目５７番１号,2020-04-03,株式会社
株式会社ＭＴＵ,愛知県刈谷市小垣江町石ノ戸１０２番地７,2020-04-03,株式会社
株式会社Ｍｉｎｇｏ,東京都港区南青山２丁目２番１５号ウィン青山９４２,2020-04-03,株式会社
株式会社ＮＡＮＡＴＯ,愛媛県松山市萱町５丁目５５番地,2020-04-03,株式会社
株式会社ＮＩＴＡＣＯ,東京都世田谷区上馬２丁目３０番１３号,2020-04-03,株式会社
株式会社ＮＯＺＹ,東京都目黒区柿の木坂３丁目９番２３号ＲＩＳ柿の木坂１０２,2020-04-03,株式会社
株式会社ＮＳＫコンサルティング,福岡県福岡市博多区井相田１丁目１０番１－１０２号,2020-04-03,株式会社
株式会社ＮｅＷＳ,新潟県新潟市西区山田３３５２番地,2020-04-03,株式会社
株式会社Ｎｅｏステージ工務店,広島県安芸郡府中町柳ケ丘３７番２６－１０２号,2020-04-03,株式会社
株式会社Ｏｋｉｎａｗａみなと不動産,沖縄県豊見城市字名嘉地１２１番地,2020-04-03,株式会社
株式会社Ｐ－ＬＩＮＥ,福岡県北九州市八幡東区中央３丁目４番１号,2020-04-03,株式会社
株式会社ＰＡＲＡ　ＳＩＥＭＰＲＥ,鹿児島県薩摩川内市高江町６５４番地１,2020-04-03,株式会社
株式会社ＰＤ準備会社,東京都目黒区大橋２丁目１６番２９号,2020-04-03,株式会社
株式会社ＰＬＡＮ１,兵庫県姫路市三左衛門堀西の町４４番地Ｆ－１号,2020-04-03,株式会社
株式会社ＰＯＬＡＲＩＳ,奈良県香芝市尼寺３丁目５０５－２１,2020-04-03,株式会社
株式会社ＰＳＧ,北海道札幌市西区西野三条５丁目５番１６号,2020-04-03,株式会社
株式会社Ｐｌａｎ－Ｂ,大阪府大阪市浪速区幸町３丁目１番３号ニューハイツ幸町２０６,2020-04-03,株式会社
株式会社Ｐｌｕｓｔ,宮崎県宮崎市恒久南３丁目１１番地１,2020-04-03,株式会社
株式会社ＱＱＧＬＯＶＥ,青森県八戸市大字妙字西４番地３３,2020-04-03,株式会社
株式会社ＱＵＥＥＮ　ＬＡＢＯ,岡山県真庭市多田４７番地１,2020-04-03,株式会社
株式会社ＲＥＣ,茨城県龍ケ崎市若柴町３０９３番地８,2020-04-03,株式会社
株式会社ＲＩＳＥ総合設備,熊本県熊本市中央区水前寺１丁目９番４－２０３号,2020-04-03,株式会社
株式会社ＲＫデュオ,兵庫県神戸市中央区旭通４丁目１番３－４５０７号,2020-04-03,株式会社
株式会社ＲＳコンサルティング１８１９,神奈川県横浜市港南区下永谷３丁目４２番１３号,2020-04-03,株式会社
株式会社ＲＹＯプラスＯｎｅ一級建築士事務所,東京都世田谷区喜多見３丁目１８番１３号,2020-04-03,株式会社
株式会社Ｒｅｓｏｎａｔｉｏｎ　Ｐｌａｎｅｔ,静岡県静岡市駿河区谷田４４番地の１５セントラルヒルズ３０５,2020-04-03,株式会社
株式会社Ｒｉｓｅ　ｉｎｎｏｖａｔｉｏｎ,栃木県小山市大字羽川３１８番地,2020-04-03,株式会社
株式会社Ｓ’ｃｈａｔｚ　Ｓｐｅｃｉａｌｅ,愛媛県松山市北吉田町２４８番地２,2020-04-03,株式会社
株式会社Ｓ＆Ｍ,大分県大分市政所１丁目１１番１６号,2020-04-03,株式会社
株式会社Ｓ５,北海道札幌市東区北十七条東２丁目２番１０号,2020-04-03,株式会社
株式会社ＳＡＫＩＨＡＦＵ,北海道札幌市中央区大通西１１丁目４番２７号,2020-04-03,株式会社
株式会社ＳＡＮＥＳＵ,岩手県滝沢市鵜飼狐洞４０９番地３,2020-04-03,株式会社
株式会社ＳＥＣＵＲＩＴＹ　ＦＩＲＳＴ,東京都江戸川区西瑞江３丁目２１番地１１２,2020-04-03,株式会社
株式会社ＳＦプラム,東京都練馬区南大泉５丁目２２番１９号,2020-04-03,株式会社
株式会社ＳＦＣ,北海道札幌市清田区清田五条２丁目３０番７号,2020-04-03,株式会社
株式会社ＳＧテック,三重県桑名市大字赤須賀２１０３番地,2020-04-03,株式会社
株式会社ＳＩＮ食品,新潟県新潟市東区山木戸８丁目１０番６号,2020-04-03,株式会社
株式会社ＳＮＯＷＢＬＩＮＫ,東京都世田谷区羽根木１丁目２１番２３号羽根木の森０９,2020-04-03,株式会社
株式会社ＳＯＬＵＮＡコーポレーション,東京都練馬区大泉町２丁目２８番３号,2020-04-03,株式会社
株式会社ＳＷＩＴＣＨ,神奈川県横浜市磯子区田中２丁目１１番２－４１０号,2020-04-03,株式会社
株式会社ＳａａＳｉｓ,東京都港区新橋５丁目３５番１０号新橋アネックス２階,2020-04-03,株式会社
株式会社Ｓｍｉｔｈ,長崎県長崎市本石灰町３番１３号,2020-04-03,株式会社
株式会社Ｓｕｐｅｒ　Ｌｉｖｅ　Ｔｅｃ,岡山県岡山市南区万倍１４５番地１センチュリー万倍３０１,2020-04-03,株式会社
株式会社Ｔ－ＳＴＹＬＥ　ＲＯＰＰＯＮＧＩ,東京都港区六本木７丁目１４番７号,2020-04-03,株式会社
株式会社Ｔ．Ｍ．Ｓ,秋田県秋田市山王新町１７番１２号,2020-04-03,株式会社
株式会社ＴＡＮＩ電機サービス,北海道札幌市北区新琴似一条４丁目４番１２号,2020-04-03,株式会社
株式会社ＴＥＡＭ　ＥＮ,兵庫県姫路市夢前町戸倉４７８番地,2020-04-03,株式会社
株式会社ＴＥＫＩＫＡＫＵ,東京都世田谷区奥沢５丁目１２番３号,2020-04-03,株式会社
株式会社Ｔｅａｆｙ,北海道札幌市北区北三十三条西２丁目１番１５号ＫＡＮＴＩＮＥ,2020-04-03,株式会社
株式会社Ｔｅｔｓｕｋｉ　Ｎａｋａｋｕｒａ　Ｄｅｓｉｇｎ　ａｎｄ　Ｅｘｐｅｒｉｅｎｃｅ,東京都中央区日本橋２丁目１－３アーバンネット日本橋二丁目ビル１００１号室,2020-04-03,株式会社
株式会社Ｔｓｕｍｉｋｅｙ,神奈川県横浜市緑区新治町６９５番地１,2020-04-03,株式会社
株式会社Ｖａｌｔｅｃｃｅ,東京都台東区谷中７丁目５番３号,2020-04-03,株式会社
株式会社Ｖｏｙａｇｅ　Ｐａｒｔｎｅｒｓ,東京都中央区日本橋富沢町３番８－６０３号,2020-04-03,株式会社
株式会社ＷＡＫＡＴＯ,福岡県北九州市若松区浜町３丁目１７番３号,2020-04-03,株式会社
株式会社ＷＡＳＨＩＮＯ,大阪府高槻市城南町１丁目１４番９号アーバンカーサ城南１Ｆ,2020-04-03,株式会社
株式会社ＷＡＶＵ,東京都練馬区大泉学園町６丁目８番７号,2020-04-03,株式会社
株式会社ＷＥＣＯ　ＢＡＳＥ,静岡県静岡市葵区上石町３番地の４スペース上石町１Ｆ,2020-04-03,株式会社
株式会社ＷＩＳＥ,群馬県前橋市北代田町２５９番地１,2020-04-03,株式会社
株式会社Ｘｅｎｏ,群馬県伊勢崎市韮塚町１１７９番地７,2020-04-03,株式会社
株式会社Ｙ．Ｍコーポレーション,東京都八王子市上柚木２丁目６３番地９－３０４,2020-04-03,株式会社
株式会社ＹＯｒｉｓｏＵ,静岡県静岡市清水区辻２丁目５番６号長栄ハイム辻５０２,2020-04-03,株式会社
株式会社Ｙｕｚｅｎ,石川県金沢市無量寺３丁目３６番地,2020-04-03,株式会社
株式会社ａｓａｐ,北海道札幌市清田区平岡四条３丁目１６番１０号,2020-04-03,株式会社
株式会社ｃｏｔｏｔｏ,鹿児島県鹿児島市城西３丁目８番１１－２０２号,2020-04-03,株式会社
株式会社ｅｃｈｏ　ｆｉｅｌｄｓ,兵庫県伊丹市西台１丁目６番７号西台ビル３Ｆ,2020-04-03,株式会社
株式会社ｆｏｕｒＭ,東京都世田谷区代沢３丁目１７番１１号グリーンコア代沢２０３,2020-04-03,株式会社
株式会社ｆｕｎｂｉｌｌｙ,東京都葛飾区高砂５丁目４８番１５号,2020-04-03,株式会社
株式会社ｉ　Ｓａｌｕｔｅｍ,愛媛県今治市中日吉町３丁目６番１３号５０３,2020-04-03,株式会社
株式会社ｋｉｎａｒｉ,東京都世田谷区太子堂１丁目１２番２７－１００５号,2020-04-03,株式会社
株式会社ｌｕｍｉｎｏｓｏ,愛知県岡崎市康生通東２丁目２２番地１,2020-04-03,株式会社
株式会社ｐｒｅｃｉｏｕｓ,東京都千代田区神田松永町１３番地ＶＯＲＴ秋葉原Ⅱビル２Ｆ,2020-04-03,株式会社
株式会社ｓｅｇｕｒｏ,千葉県野田市桜の里２丁目５番地の５１,2020-04-03,株式会社
株式会社ｚａｋｕ３９,東京都港区芝大門１丁目１６番８号芝大門野村ビル,2020-04-03,株式会社
森経営アドバイザリー株式会社,神奈川県横浜市西区みなとみらい３丁目７番１号,2020-04-03,株式会社
横浜共立倉庫株式会社,神奈川県横浜市鶴見区大黒町９番地１７,2020-04-03,株式会社
水工房ハットリ株式会社,三重県桑名市長島町押付３０２番地,2020-04-03,株式会社
照和設備株式会社,大阪府交野市藤が尾４丁目９番７号,2020-04-03,株式会社
特定非営利活動法人こうち就労型支援機構,高知県高知市杉井流２４番地１９,2020-04-03,その他の設立登記法人
特定非営利活動法人とくしま高齢者・障がい者権利擁護ネットワーク,徳島県徳島市中徳島町２丁目１９番地,2020-04-03,その他の設立登記法人
特定非営利活動法人ほっぺこどもの森,山口県山口市大内長野４１９－４,2020-04-03,その他の設立登記法人
特定非営利活動法人ＪＵＮＳＨＩＮ　ＳＰＯＲＴＳ　ＣＬＵＢ,静岡県藤枝市前島２丁目３番１号,2020-04-03,その他の設立登記法人
猫間商事株式会社,埼玉県川口市上青木６丁目２８番７号,2020-04-03,株式会社
生和住宅株式会社,大阪府大阪市福島区福島５丁目８番１号,2020-04-03,株式会社
町野工業株式会社,山口県長門市東深川１１８８番地１２９,2020-04-03,株式会社
眼から鱗合同会社,大阪府豊中市新千里東町１丁目４－１阪急千里中央ビル８階,2020-04-03,合同会社
石塚硝子健康保険組合,愛知県岩倉市川井町１８８０番地,2020-04-03,その他
社会福祉法人さくら福祉会,滋賀県大津市小野３７５番地１,2020-04-03,その他の設立登記法人
社会福祉法人まなびの樹福祉会,沖縄県宮古島市平良字西里１０４６番地１,2020-04-03,その他の設立登記法人
税理士法人さくら総合会計,岡山県岡山市北区問屋町１３番地１０３,2020-04-03,その他の設立登記法人
税理士法人ひづめ会計,北海道札幌市北区北七条西６丁目２番地５,2020-04-03,その他の設立登記法人
税理士法人松下・吉田総合会計事務所,福岡県福岡市中央区大名２丁目９番２９号第２プリンスビル８０９号,2020-04-03,その他の設立登記法人
竜未電工株式会社,愛知県岡崎市竜美南４丁目９番地２０,2020-04-03,株式会社
自然共生科学株式会社,愛知県名古屋市中区錦１丁目１３番２６号,2020-04-03,株式会社
英企画合同会社,鹿児島県日置市東市来町湯田２６３４番地第一ストーンマンション４０１号室,2020-04-03,合同会社
蘇氏家族株式会社,沖縄県宜野湾市大謝名２丁目３番５号１ーＡ,2020-04-03,株式会社
西兵庫化学薬品協同組合,兵庫県姫路市北条口１丁目６０番地１,2020-04-03,その他の設立登記法人
西宮市子ども会協議会,兵庫県西宮市江上町３番４０号市役所江上庁舎３階,2020-04-03,その他
西谷商店株式会社,北海道河東郡音更町大通３丁目３番地,2020-04-03,株式会社
設楽ランバー株式会社,群馬県前橋市駒形町８４４番地１２,2020-04-03,株式会社
達流有限会社,,2020-04-03,外国会社等
重仁建設株式会社,東京都八王子市元八王子町２丁目３３５７番地３８,2020-04-03,株式会社
釧路商工サービス株式会社,北海道釧路郡釧路町桂木１丁目１番地１,2020-04-03,株式会社
長崎セコンド株式会社,長崎県長崎市江戸町５番８号,2020-04-03,株式会社
関西みらい銀行従業員組合,大阪府大阪市中央区備後町２丁目１番１号第二野村ビル４階,2020-04-03,その他の設立登記法人
風乃詩株式会社,長崎県長崎市大浦町５番３８号,2020-04-03,株式会社
馬舩とまとファミリー株式会社,広島県庄原市高野町下門田３０６番地,2020-04-03,株式会社
鮫島商事株式会社,鹿児島県鹿児島市吉野町４１６番地７,2020-04-03,株式会社
龍和工房株式会社,大阪府大阪市東住吉区公園南矢田４丁目１８番２４号,2020-04-03,株式会社
３ＭＧＣ－ＮＭＢＲ合同会社,東京都世田谷区三軒茶屋２丁目４９番６号フドウ三軒茶屋ハイツ１０３,2020-04-03,合同会社
Ａ－ｔｅｃｈ合同会社,神奈川県横浜市旭区柏町４９番地４,2020-04-03,合同会社
ＡＡＳ　Ｍａｎａｇｅｍｅｎｔ合同会社,宮城県仙台市太白区東中田６丁目３－３０,2020-04-03,合同会社
ＡＣｃｏｍｐａｎｙ合同会社,岐阜県岐阜市竜田町９丁目１５,2020-04-03,合同会社
ＡＫＡＴＳＵＫＩ商事合同会社,神奈川県平塚市四之宮２丁目１９番４１－１号,2020-04-03,合同会社
ＡＫＩＴＡメディアテクノロジーズ株式会社,秋田県秋田市八橋本町３丁目２番１４号,2020-04-03,株式会社
ＡＬＬ４１株式会社,東京都練馬区東大泉１丁目１番１６号,2020-04-03,株式会社
Ａｌｔｉｓｓｉｅ合同会社,静岡県浜松市東区有玉南町１８６７番地の１Ｄｅｘｉ内,2020-04-03,合同会社
Ａｎｏｔｈｅｒ．Ｍａｋｉｎｇ株式会社,静岡県富士市今泉２０２２番地の２７,2020-04-03,株式会社
ＢＵＮＢＯＵ株式会社,東京都世田谷区南烏山２丁目３０番１４号,2020-04-03,株式会社
Ｂｉｒｔｈ合同会社,岡山県岡山市北区蕃山町５－３柴岡ビル１Ｆ,2020-04-03,合同会社
ＤＡＩＫＩ合同会社,宮崎県宮崎市中村西２丁目３－４２三反田ビル１０２号室,2020-04-03,合同会社
Ｄｉｓｋｔｅｃｈ株式会社,兵庫県神戸市北区上津台２丁目８番４３号,2020-04-03,株式会社
ＥＮ―ＪＩＮＧ株式会社,大分県別府市照波園町２番３２号,2020-04-03,株式会社
ＥＸＣＶＲＳ株式会社,東京都世田谷区瀬田４丁目２２番２０号,2020-04-03,株式会社
ＦＬＯＷ合同会社,東京都調布市仙川町２丁目１２番地６アヴェニール仙川３０３,2020-04-03,合同会社
ＦＲＧ株式会社,福岡県福岡市西区下山門４丁目１４番２５号２Ｆ,2020-04-03,株式会社
ＧＪ．Ｔｒａｄｉｎｇ合同会社,兵庫県神戸市東灘区魚崎北町４丁目４番１５号サンプラザ魚崎３０１号,2020-04-03,合同会社
ＧＬＫ株式会社,大阪府大阪市大正区三軒家東２丁目４番５号,2020-04-03,株式会社
ＧＯＡＬ合同会社,東京都杉並区下井草３丁目８番６号,2020-04-03,合同会社
ＧＲＡＮ　ＣＲＥＡ株式会社,岡山県岡山市北区中央町４番３号ニューインタービル６０１,2020-04-03,株式会社
ＧＲＡＮＤＩＲ株式会社,大阪府八尾市中田２丁目４０エステート光Ｄ棟１０６,2020-04-03,株式会社
ＧａｒｄｅｎＥａｒｔｈ株式会社,三重県津市安濃町内多１５２９番地,2020-04-03,株式会社
ＧｅｔＹｏｕｒＧｕｉｄｅ　Ｔｏｕｒｓ　＆　Ｔｉｃｋｅｔｓ,,2020-04-03,外国会社等
ＨＫ合同会社,愛媛県伊予郡松前町大字中川原１０７４番地１,2020-04-03,合同会社
ＨＭスワインサービス株式会社,東京都品川区南大井２丁目７番８－９０２号,2020-04-03,株式会社
ＨＯＰＥ株式会社,岡山県倉敷市水島西栄町１２－９ＹＴビル２階,2020-04-03,株式会社
Ｈｅｒｏ　Ｃｒｅｓｔ　Ｌｉｍｉｔｅｄ,東京都千代田区丸の内１丁目１１番１号,2020-04-03,外国会社等
ＩＢＭ合同会社,東京都新宿区北新宿４丁目３３番８号広田ビル３０１,2020-04-03,合同会社
ＩＰＵ株式会社,神奈川県横浜市神奈川区神大寺１丁目２３番１号,2020-04-03,株式会社
ＩＳＡＲＩＢＩ株式会社,東京都台東区台東１丁目１２番１０－２０１号,2020-04-03,株式会社
Ｉｎｆｉｎｉｔｙ　ｐｏｔｅｎｔｉａｌ株式会社,鹿児島県伊佐市大口里１７８９番地１,2020-04-03,株式会社
ＫＡＢＡＹＡＭＡ　ＩＮＶＥＳＴＭＥＮＴＳ　ＰＴＥ．ＬＴＤ．,,2020-04-03,外国会社等
Ｋｏａｌａ　Ｓｌｅｅｐ　Ｐｔｙ　Ｌｔｄ．,,2020-04-03,外国会社等
Ｋｏｎｏ　Ｙｕｂｉ株式会社,神奈川県横浜市港北区綱島西２丁目１番７－７０３号,2020-04-03,株式会社
Ｋｓｐｉｒａｔｉｏｎ合同会社,東京都港区港南３丁目６－２１コスモポリス品川７１２号,2020-04-03,合同会社
ＬＡＦ　Ｌｅａｓｉｎｇ　Ｉｒｅｌａｎｄ　５　Ｌｉｍｉｔｅｄ,,2020-04-03,外国会社等
ＬＩ合同会社,埼玉県新座市栗原６丁目２番３４号,2020-04-03,合同会社
Ｍ・Ｋ・コンサルティング株式会社,北海道釧路市川上町５丁目１番地,2020-04-03,株式会社
ＭＧＳ株式会社,岐阜県多治見市旭ケ丘８丁目２９番地２８９,2020-04-03,株式会社
ＭＹＡ株式会社,愛知県豊橋市草間町字二本松５番地１,2020-04-03,株式会社
ＮＤファクトリー株式会社,茨城県龍ケ崎市藤ケ丘７丁目１０番地１８,2020-04-03,株式会社
ＮＯＴ　Ａ　ＨＯＴＥＬ株式会社,東京都港区六本木３丁目７番１－３７０７号,2020-04-03,株式会社
ＮＰＯ法人ヒュッテ,福岡県大野城市下大利１丁目１０番２１号,2020-04-03,その他の設立登記法人
Ｎｕｐｈａｒｍａ株式会社,東京都渋谷区神宮前３丁目７番４号パークプレース神宮前,2020-04-03,株式会社
ＯＫ　Ｃｏｍｐｕｔｅｒ合同会社,東京都江戸川区船堀４丁目４番７－６０１号ヴァルセーナ船堀,2020-04-03,合同会社
ＯＲＯ合同会社,東京都港区芝２丁目２３番１２号,2020-04-03,合同会社
ＯＳＫ株式会社,大阪府大阪市北区南森町２丁目２番２号南森町千代田ビル,2020-04-03,株式会社
ＰＫＪアドバイザリー合同会社,東京都港区南青山２丁目２番１５号,2020-04-03,合同会社
ＰＯＣＫＥＴ　ＬＡＢ株式会社,静岡県島田市南２丁目４番１１号,2020-04-03,株式会社
Ｐｌａｎ　Ｃｏｍｍｕｎｉｔｙ　Ｅｎｅｒｇｙ合同会社,東京都新宿区四谷三栄町１６番１６号,2020-04-03,合同会社
Ｒｅｉｇｌｅ合同会社,東京都渋谷区渋谷２丁目１０番１５号,2020-04-03,合同会社
ＲｉｒａＲｉｒａはんこ合同会社,神奈川県横浜市青葉区市ケ尾町５４２番地１－Ｂ,2020-04-03,合同会社
Ｓ保険事務所合同会社,三重県鈴鹿市末広北１丁目２‐１５,2020-04-03,合同会社
ＳＣＡＮ　ＳＯＬＵＴＩＯＮＳ合同会社,岐阜県岐阜市清住町１丁目８番地,2020-04-03,合同会社
Ｓｍａｌｌ　Ｆｏｒｅｓｔ合同会社,東京都八王子市中野上町１丁目３３番５号,2020-04-03,合同会社
Ｓｏｌｕｔｉｏｎ＆Ｍａｒｋｅｔｉｎｇ合同会社,大阪府吹田市豊津町１番１８号エクラート江坂ビル３階,2020-04-03,合同会社
Ｔ．Ｒ．Ｏ．相互合同会社,大分県大分市大字森町１０６０番地（キャピタルマンション１０１）,2020-04-03,合同会社
ＴＡＩＹＯ合同会社,東京都港区海岸１丁目１３番１９－２０９号,2020-04-03,合同会社
ＴＡＫＥＳＨＩ　ＹＡＭＡＧＵＣＨＩ株式会社,兵庫県南あわじ市市十一ケ所４５７番地１,2020-04-03,株式会社
ＴＲＩＦＯＲＣＥ　Ｐａｒｔｎｅｒｓｈｉｐ　Ｆｕｎｄ１合同会社,東京都港区虎ノ門５丁目１１番１号オランダヒルズ森タワーＲｏＰ１２０３,2020-04-03,合同会社
ＴＵＫＵＲＵ合同会社,神奈川県横浜市緑区長津田町３０１６番地１南長津田団地１５棟１５１５号,2020-04-03,合同会社
Ｔｓコンサルタンツ株式会社,静岡県磐田市掛塚１１３番地１,2020-04-03,株式会社
Ｗａｇａｍａｍａ合同会社,東京都渋谷区渋谷３丁目６番２号エクラート渋谷５階,2020-04-03,合同会社
Ｗｈｉｔｅ　Ｓｍｉｔｈ　Ｒｅｃｏｒｄｓ合同会社,東京都渋谷区幡ヶ谷３丁目８－１,2020-04-03,合同会社
Ｗｏｏｄｓｔｏｃｋ　Ｒｅｓｉｄｅｎｃｅ　Ｌｉｍｉｔｅｄ,,2020-04-03,外国会社等
Ｗｏｒｌｄ　Ｍａｃｈｉｎｅ株式会社,広島県呉市安浦町水尻２丁目８番２０号,2020-04-03,株式会社
ＹＮＤＬＡＢ株式会社,徳島県徳島市国府町北岩延字三反地７番地１,2020-04-03,株式会社
ＹＮＧスポーツ株式会社,静岡県牧之原市静波３２６８番地１,2020-04-03,株式会社
ａｓｃｅｎｄ株式会社,東京都新宿区新宿１丁目３６番２号新宿第七葉山ビル３階,2020-04-03,株式会社
ａｓｓｅｔ株式会社,福島県郡山市富田東６丁目６８番地,2020-04-03,株式会社
ａｖａｔａｒｉｎ株式会社,東京都中央区日本橋室町３丁目３番９号日本橋アイティビル５階,2020-04-03,株式会社
ｂｒｅｗ株式会社,東京都渋谷区神宮前４丁目８－１７ラミアール神宮前２０２,2020-04-03,株式会社
ｃｙｎａｐｓ株式会社,東京都世田谷区北沢５丁目２１－５,2020-04-03,株式会社
ｌｉｔｒｉｓｅ合同会社,福岡県福岡市中央区薬院１丁目６番２７号,2020-04-03,合同会社
ｍｅｒｃｉ．ｓ合同会社,香川県高松市浜ノ町５３番１７号,2020-04-03,合同会社
ｍｉｕ’ｓ合同会社,東京都葛飾区亀有１丁目２５番１３号,2020-04-03,合同会社
ｓａｉｋｉプロデュース合同会社,東京都豊島区池袋２丁目３６番１号ＩＮＦＩＮＩＴＹ・ＩＫＥＢＵＫＵＲＯ６階,2020-04-03,合同会社
ｔｈｅ　ｐｉｎｓ．合同会社,東京都世田谷区赤堤４丁目３５番１９号,2020-04-03,合同会社
ｔｈｒｅｅ合同会社,東京都世田谷区三宿１丁目２２番１０号,2020-04-03,合同会社
あさひ人材支援センター協同組合,静岡県沼津市大手町３丁目２－２２桃和ビル２０１,2020-04-06,その他の設立登記法人
あずさ経営管理株式会社,長野県岡谷市堀ノ内２丁目８－１,2020-04-06,株式会社
いこいの森合同会社,神奈川県小田原市南町１丁目１番４０号,2020-04-06,合同会社
いわぎんコンサルティング株式会社,岩手県盛岡市中央通１丁目２番３号,2020-04-06,株式会社
かんおんじトーヨー住器株式会社,香川県観音寺市坂本町５丁目１７番３０－１０５号,2020-04-06,株式会社
さくらエステート株式会社,神奈川県横浜市泉区緑園６丁目１０番地の１２,2020-04-06,株式会社
だいふく合同会社,岡山県岡山市北区奉還町１丁目４番１２号,2020-04-06,合同会社
ひいらぎ通信合同会社,東京都目黒区目黒本町１丁目１番２２号ブランアビタシオン３０１,2020-04-06,合同会社
みなと合同会社,大阪府大阪市港区弁天５丁目１４番１－９０３号,2020-04-06,合同会社
やまだあきら株式会社,東京都新宿区愛住町２３番地１ＷＯＯＤＹ２　１・７階,2020-04-06,株式会社
アイフォーシステム合同会社,東京都府中市浅間町３丁目１８番地の１エルフォレスト９３４,2020-04-06,合同会社
アオイ土地株式会社,愛知県稲沢市西島１丁目１１９番地,2020-04-06,株式会社
アンリーシュ合同会社,宮城県仙台市青葉区錦町１丁目１番４０号６０２,2020-04-06,合同会社
アークディライト株式会社,埼玉県坂戸市末広町５番地３,2020-04-06,株式会社
アースフードデザイン株式会社,岐阜県可児市今２２８０番地１,2020-04-06,株式会社
イデアクリート株式会社,大阪府八尾市跡部本町２丁目２番２２号,2020-04-06,株式会社
ウィニーズ株式会社,宮城県仙台市青葉区大町２丁目１３番９－７０１号,2020-04-06,株式会社
ウインメディカル株式会社,東京都港区六本木７丁目１７番２２－４０５号,2020-04-06,株式会社
エアーテック株式会社,富山県中新川郡立山町利田２１１５番地１０,2020-04-06,株式会社
エフジー株式会社,愛知県あま市上萱津白髭３７番地８,2020-04-06,株式会社
エミュレート株式会社,東京都渋谷区松濤１丁目２６番１６号アビテ松濤３０７,2020-04-06,株式会社
エレクトロインパクトジャパン株式会社,愛知県名古屋市港区名港１丁目８番９号,2020-04-06,株式会社
エンジョイブ株式会社,東京都渋谷区道玄坂１丁目１０番８号,2020-04-06,株式会社
エーアイマネジメント合同会社,東京都荒川区西日暮里２丁目１８番６号第五千代田ビル,2020-04-06,合同会社
オグラス合同会社,熊本県熊本市南区城南町下宮地３２１番地１０,2020-04-06,合同会社
オフィス上株式会社,東京都台東区谷中２丁目３番１０号やなかＨＡＵＳ３０１,2020-04-06,株式会社
キッシー防災株式会社,神奈川県川崎市高津区末長４丁目２４番１８号プリモ壱番館２０７,2020-04-06,株式会社
グッドスチュワードパートナーズ合同会社,東京都世田谷区駒沢１丁目２番３３号５０４,2020-04-06,合同会社
グリーンアース株式会社,秋田県能代市母体字水ノ口４４番地,2020-04-06,株式会社
グリーンエステート株式会社,東京都中央区銀座１丁目２２番１１号銀座大竹ビジデンス２階,2020-04-06,株式会社
グロウランス株式会社,宮城県登米市中田町宝江黒沼字東２３９番地,2020-04-06,株式会社
コテカ・ワークス合同会社,広島県福山市大門町７丁目１８番１０号,2020-04-06,合同会社
コミヤマ合同会社,東京都江戸川区平井１丁目６番１２号,2020-04-06,合同会社
コンフォートゴルフガーデン合同会社,千葉県市川市八幡２丁目６番１２号,2020-04-06,合同会社
サウンドウェーブイノベーション株式会社,東京都中央区日本橋堀留町１丁目９番１０号,2020-04-06,株式会社
サス日本株式会社,神奈川県厚木市下川入４６番地１平和荘１０６,2020-04-06,株式会社
サポート・トラリング合同会社,埼玉県桶川市大字上日出谷１３０４番地,2020-04-06,合同会社
サーテック合同会社,群馬県前橋市荒牧町２丁目５７番地７,2020-04-06,合同会社
ザツダン合同会社,東京都新宿区西早稲田１丁目２－１カーサ早稲田４０３,2020-04-06,合同会社
シイナビルド株式会社,茨城県日立市十王町伊師本郷１２０３番地の８７,2020-04-06,株式会社
ジェイエムピー株式会社,東京都港区港南３丁目７番１０－１４０３号,2020-04-06,株式会社
ジェネシスジャパン合同会社,東京都板橋区大山東町２６番１号,2020-04-06,合同会社
スカイＡＩ株式会社,宮城県大崎市田尻沼部字木戸１４番地,2020-04-06,株式会社
スサキ塗装株式会社,鹿児島県日置市伊集院町猪鹿倉２５番地,2020-04-06,株式会社
スター物産株式会社,東京都江東区新木場２丁目６番３号,2020-04-06,株式会社
ストラティブワークス合同会社,東京都東大和市桜が丘１丁目１４４９番９号,2020-04-06,合同会社
スリーハンドレッド合同会社,福岡県中間市中鶴１丁目２６番２号,2020-04-06,合同会社
ソコニル株式会社,兵庫県西宮市本町９番３－３０２号,2020-04-06,株式会社
ゾーン合同会社,千葉県柏市新柏１丁目１３番地１－２０２号,2020-04-06,合同会社
タナカ電気工事工業株式会社,大阪府摂津市新在家１丁目２０番１９－Ｎ号,2020-04-06,株式会社
ダブリュ・ストリームズ合同会社,東京都日野市旭が丘２丁目４３番地の８,2020-04-06,合同会社
ティーオージー合同会社,東京都武蔵野市吉祥寺本町４丁目９番１４号シティパル吉祥寺２０６,2020-04-06,合同会社
ディーセンシー株式会社,奈良県橿原市醍醐町１４２番地の５ユニシティ八木３０４号,2020-04-06,株式会社
データサイエンステクノロジー合同会社,神奈川県横浜市神奈川区三ツ沢下町６番１６号,2020-04-06,合同会社
トクノス株式会社,茨城県神栖市大野原５丁目４番１６号,2020-04-06,株式会社
トマロット株式会社,山口県美祢市伊佐町伊佐４８４９番地１,2020-04-06,株式会社
トライコー社会保険労務士法人,東京都港区南麻布３丁目１９番２３号オーク南麻布ビル２階,2020-04-06,その他の設立登記法人
トラストスポーツマネージメント株式会社,滋賀県草津市大路２丁目１番６号プレサンスロジェ草津大路１４０１号室,2020-04-06,株式会社
トリニティーラーニング株式会社,東京都江東区塩浜１丁目４－３３－１４２６,2020-04-06,株式会社
ナグラウェブデザイン株式会社,神奈川県川崎市川崎区渡田２丁目９番１号,2020-04-06,株式会社
ネクスト仙台株式会社,宮城県岩沼市下野郷字新畑３９番１号,2020-04-06,株式会社
ノグチ機工合同会社,福岡県北九州市小倉北区中井５丁目５番２１号,2020-04-06,合同会社
ハウスラボ株式会社,宮崎県宮崎市大字郡司分甲１０２９番地,2020-04-06,株式会社
ハッピーライフ株式会社,神奈川県横浜市磯子区磯子７丁目８番５号,2020-04-06,株式会社
バウムコレクション合同会社,山梨県北杜市高根町清里３５４５－２６４０,2020-04-06,合同会社
バズルーラ株式会社,東京都港区六本木４丁目３番１１号六本木ユニハウス２２３号,2020-04-06,株式会社
ビクルーズ株式会社,東京都新宿区大久保１丁目１番４５号,2020-04-06,株式会社
ピース株式会社,宮城県栗原市一迫字川口鍛冶屋７１番地１,2020-04-06,株式会社
フォーネスライフ株式会社,東京都江東区新木場１丁目１８番６号,2020-04-06,株式会社
フクセイトレード株式会社,大阪府大阪市北区菅栄町３番１１号,2020-04-06,株式会社
フジエンジニアリング株式会社,静岡県浜松市中区砂山町３５５番地の４ハマキョウレックス浜松駅南ビル３階,2020-04-06,株式会社
フリービズ株式会社,東京都品川区西五反田２丁目８番１号,2020-04-06,株式会社
ブライネット株式会社,兵庫県神戸市中央区磯上通６丁目１番１７号ウェンブレービル７Ｆ,2020-04-06,株式会社
プロト映像合同会社,東京都世田谷区赤堤５丁目１７－１２グエル・サカエ赤堤１０２号,2020-04-06,合同会社
ベストネット合同会社,宮城県大崎市田尻大貫字北長根１６１番地１,2020-04-06,合同会社
ベルク合同会社,埼玉県所沢市弥生町１７５５番地の６３,2020-04-06,合同会社
ベータ・デザイン株式会社,東京都大田区南千束２丁目３０番１０号洗足池エコヴィレッジ３Ｃ,2020-04-06,株式会社
ペドラック株式会社,東京都江戸川区江戸川５丁目２２番地９,2020-04-06,株式会社
ペーパーワークスタイラ株式会社,東京都新宿区新宿３丁目１２番４号新宿Ｎタウンプラザ３０９号,2020-04-06,株式会社
ホクチク産業株式会社,福岡県北九州市門司区稲積１丁目１２番１５－５０２号,2020-04-06,株式会社
ホルチン商事株式会社,栃木県宇都宮市峰３丁目２４番９号町田コーポ２階Ｅ号室,2020-04-06,株式会社
ボジョネス株式会社,大阪府豊中市桜の町３丁目３番１１号,2020-04-06,株式会社
マルセン産業株式会社,宮崎県延岡市北浦町三川内７０７番地１,2020-04-06,株式会社
メデックス株式会社,東京都文京区千石３丁目４１番１８－１１０１号,2020-04-06,株式会社
メンテＪＡＰＡＮ合同会社,鹿児島県薩摩川内市五代町４６８番地２,2020-04-06,合同会社
ユニークオン株式会社,大阪府大阪市北区天神橋１丁目１９番１５号ヴィラナリー天神橋２０１－１,2020-04-06,株式会社
ユニーズトランスポート大宮株式会社,埼玉県さいたま市南区南浦和３丁目３３番１６号,2020-04-06,株式会社
ライジングスタートアップス株式会社,大阪府大阪市北区大深町３番１号,2020-04-06,株式会社
ランドストーリー株式会社,兵庫県神戸市中央区江戸町９８番１号東町・江戸町ビル１００７,2020-04-06,株式会社
リナックス株式会社,神奈川県横浜市港南区港南台３丁目４番３９号,2020-04-06,株式会社
リブプロモーション株式会社,広島県広島市中区大手町２丁目２－９ビル博丈大手町２階,2020-04-06,株式会社
ワックスオイルジャパン株式会社,東京都大田区多摩川２丁目２４番２６－２３１３号,2020-04-06,株式会社
一般社団法人こころの研究所レタス,岡山県岡山市北区昭和町６番１７号ＳＴＵＤＩＯ昭和町７０５号,2020-04-06,その他の設立登記法人
一般社団法人こども睡眠カウンセラー協会,大阪府大阪市北区国分寺１丁目３番１２号,2020-04-06,その他の設立登記法人
一般社団法人しなさきリハビリサポート協会,沖縄県那覇市おもろまち１丁目１番２５号,2020-04-06,その他の設立登記法人
一般社団法人ながの表参道セントラルシティ,長野県長野市西後町１５８０番地長喜園２階,2020-04-06,その他の設立登記法人
一般社団法人ななつのこ,東京都世田谷区北烏山３丁目１６番４１号,2020-04-06,その他の設立登記法人
一般社団法人ティアハイム十勝,北海道中川郡幕別町札内みずほ町１４３番地１２３,2020-04-06,その他の設立登記法人
一般社団法人バイタライザー,東京都新宿区白銀町五丁目１８番地Ｃｏｌｌｉｎｅ白銀３０３号室,2020-04-06,その他の設立登記法人
一般社団法人ヘルスケアデザイン,福岡県久留米市野中町１４５８番地８,2020-04-06,その他の設立登記法人
一般社団法人ユニバーサルｅスポーツネットワーク,北海道札幌市中央区南二条東２丁目１６番地堀尾ビル,2020-04-06,その他の設立登記法人
一般社団法人レトロフューチャー,東京都国分寺市東元町２丁目２０番１０号ライオンズマンション１０２号室,2020-04-06,その他の設立登記法人
一般社団法人世界平和華人連合,東京都渋谷区道玄坂２丁目１５番１号ノア道玄坂２１４号室,2020-04-06,その他の設立登記法人
一般社団法人中央区南薬剤師会,大阪府大阪市中央区東平２丁目５番１０号塩田ビル２０２号,2020-04-06,その他の設立登記法人
一般社団法人京都嵯峨野和装学院,岡山県倉敷市児島下の町１０丁目３９２番地５,2020-04-06,その他の設立登記法人
一般社団法人仁木町観光協会,北海道余市郡仁木町北町８丁目１７番地,2020-04-06,その他の設立登記法人
一般社団法人今立担い手ネットワーク,福井県越前市山室町第５０号６番地の２,2020-04-06,その他の設立登記法人
一般社団法人十勝うらほろ樂舎,北海道十勝郡浦幌町字宝町５３番地２６,2020-04-06,その他の設立登記法人
一般社団法人南伊豆町シルバー人材センター,静岡県賀茂郡南伊豆町加納５９０番地の１,2020-04-06,その他の設立登記法人
一般社団法人国際人材職業教育振興協会,神奈川県横浜市戸塚区川上町８４番地１学校法人彩煌学園内,2020-04-06,その他の設立登記法人
一般社団法人国際医療支援交流協会,東京都台東区松が谷２丁目１５番８号,2020-04-06,その他の設立登記法人
一般社団法人地域力創造デザインセンター,福岡県久留米市中央町１１番地１田中ビル２階,2020-04-06,その他の設立登記法人
一般社団法人大麻博物館,栃木県那須郡那須町大字高久乙１－５,2020-04-06,その他の設立登記法人
一般社団法人小野児童クラブ,鹿児島県霧島市隼人町小田２４６８番地１,2020-04-06,その他の設立登記法人
一般社団法人小顔スイッチ整体協会,大阪府大阪市北区浪花町１０番１４号,2020-04-06,その他の設立登記法人
一般社団法人山形市薬剤師会,山形県山形市七日町２丁目７番１０号,2020-04-06,その他の設立登記法人
一般社団法人日本の農村を元気にする会,高知県安芸郡北川村大字野友甲１０８２番地１　２号棟,2020-04-06,その他の設立登記法人
一般社団法人日本ピアノレスナーアカデミー,長野県松本市並柳３丁目１１番２０号,2020-04-06,その他の設立登記法人
一般社団法人日本リバーボーディング協会,東京都青梅市御岳本町２６６斉藤マンション１０１号室,2020-04-06,その他の設立登記法人
一般社団法人日本在宅血液透析学会,山形県山形市嶋北４丁目５番５号,2020-04-06,その他の設立登記法人
一般社団法人日本温泉アンバサダー協会,東京都八王子市三崎町４－１１トーネンビル５階エイトビート,2020-04-06,その他の設立登記法人
一般社団法人日本背骨養生協会,東京都新宿区横寺町３７番地エムビル３階,2020-04-06,その他の設立登記法人
一般社団法人熊本県賃貸住宅経営者協会,熊本県熊本市中央区辛島町４番３５号,2020-04-06,その他の設立登記法人
一般社団法人琉球ハンドボールクラブ,沖縄県浦添市屋富祖４丁目２番１号山城店舗１Ｆ,2020-04-06,その他の設立登記法人
一般社団法人相続マスタープランナー協会,岡山県岡山市北区表町３丁目５－４３,2020-04-06,その他の設立登記法人
一般社団法人福岡市就労支援機構,福岡県福岡市東区多の津１丁目１６－４,2020-04-06,その他の設立登記法人
一般社団法人秋田県地質調査業協会,秋田県秋田市山王５丁目９番１１号山王ガーデンビル３Ｆ,2020-04-06,その他の設立登記法人
一般社団法人航空機投資研究会,東京都中央区東日本橋２丁目１５番７－１１０２号,2020-04-06,その他の設立登記法人
一般社団法人財産承継ネットワーク,福岡県福岡市中央区白金２丁目１４番１７号,2020-04-06,その他の設立登記法人
一般社団法人飯塚市水泳協会,福岡県飯塚市吉北１１８番地１１,2020-04-06,その他の設立登記法人
一般社団法人高知県歯科衛生士会,高知県高知市丸ノ内１丁目７番４５号,2020-04-06,その他の設立登記法人
一般社団法人ＮＩＤ技術士エコネット,東京都江東区猿江１丁目１２番１－３０２号,2020-04-06,その他の設立登記法人
一般社団法人Ｒｅ　Ｐｒｏｊｅｃｔ,栃木県宇都宮市陽東５丁目１０番２８号,2020-04-06,その他の設立登記法人
一般社団法人ＲｅＢＯＲＮｓ,東京都世田谷区奥沢５丁目２７番１５号,2020-04-06,その他の設立登記法人
一般社団法人Ｗｅｌｌｎｅｓｓ　Ｌｉｆｅ　Ｓｕｐｐｏｒｔ,東京都足立区六町３丁目５番１５号ラ・プロヴァンサル３０３号,2020-04-06,その他の設立登記法人
一般社団法人ａｎｄａｉｄ,東京都渋谷区神宮前５丁目３０番２号第一タカラビル５０１,2020-04-06,その他の設立登記法人
一般社団法人ｐｅｅｋａｂｏｏ,広島県広島市安佐南区八木１丁目２０番１２号,2020-04-06,その他の設立登記法人
一般財団法人いばらき中小企業グローバル推進機構,茨城県水戸市桜川２丁目２番３５号茨城県産業会館,2020-04-06,その他の設立登記法人
一般財団法人鹿児島市スポーツ振興協会,鹿児島県鹿児島市山下町１５番１号,2020-04-06,その他の設立登記法人
三つ櫻合同会社,島根県浜田市黒川町９０９番地,2020-04-06,合同会社
三井物産リテールトレーディング株式会社,東京都千代田区大手町１丁目３番１号,2020-04-06,株式会社
上海グローリー・ジャパン株式会社,山口県周南市千代田町６番１９号パレロワイヤル千代田町３０５号室,2020-04-06,株式会社
中信薬品株式会社,広島県広島市西区横川町１丁目１２番２３号,2020-04-06,株式会社
五叉路株式会社,東京都渋谷区代々木２丁目２３番１号ニューステイトメナー８４０号室,2020-04-06,株式会社
京都みらいエステート合同会社,京都府京都市左京区浄土寺石橋町１８番地,2020-04-06,合同会社
仙台大家の会株式会社,宮城県仙台市泉区高森３丁目４番地の３８９,2020-04-06,株式会社
令和総業株式会社,京都府福知山市夜久野町千原小字ユスリ１０３１番地１,2020-04-06,株式会社
令浩建設株式会社,埼玉県川口市大字安行慈林５６８番地の１１,2020-04-06,株式会社
伊藤組株式会社,愛媛県宇和島市吉田町南君３０５３番地１－１－３,2020-04-06,株式会社
保育室みによん株式会社,神奈川県川崎市麻生区東百合丘３丁目１２番３号グレイス・ビュー東百合丘２０５,2020-04-06,株式会社
保見町自治区,愛知県豊田市保見町北山５９番地１,2020-04-06,その他
元浜工業株式会社,岡山県倉敷市児島下の町９丁目５番５号,2020-04-06,株式会社
光ロジプランニング株式会社,静岡県磐田市中泉５９１番４の２,2020-04-06,株式会社
加藤建築株式会社,宮城県仙台市青葉区水の森１丁目１７番１４号,2020-04-06,株式会社
勇樹商事運輸株式会社,三重県伊賀市桐ケ丘５丁目３３１番地,2020-04-06,株式会社
勝見ファーム株式会社,滋賀県守山市木浜町７８４番地,2020-04-06,株式会社
北川工務店株式会社,北海道江別市野幌松並町５番地の８,2020-04-06,株式会社
医療法人おの歯科医院,大分県大分市中央町２丁目３番１９号大津ビル３階,2020-04-06,その他の設立登記法人
医療法人社団こじこじ,神奈川県横浜市青葉区田奈町１５番地４田奈駅前クリニックビル１０２号室,2020-04-06,その他の設立登記法人
医療法人社団はにゅうクリニック,新潟県新潟市西区五十嵐東１丁目１番１５号,2020-04-06,その他の設立登記法人
医療法人社団ファイブスターズ,静岡県静岡市駿河区栗原１５番１６号,2020-04-06,その他の設立登記法人
医療法人社団德愛会,埼玉県鶴ヶ島市脚折町６丁目２８番１号,2020-04-06,その他の設立登記法人
医療法人社団晴信会,広島県広島市南区東雲２丁目７番１９号,2020-04-06,その他の設立登記法人
医療法人聖秀会,長野県長野市檀田２丁目８２２番地３,2020-04-06,その他の設立登記法人
医療法人西尾医院,岐阜県大垣市竹島町４３番地,2020-04-06,その他の設立登記法人
医療法人西山会,福島県田村郡三春町字御免町１７９番地,2020-04-06,その他の設立登記法人
医療法人貞祥会,大分県別府市青山町３１０９番の２,2020-04-06,その他の設立登記法人
十山株式会社,静岡県静岡市葵区田代１３０１番地の１,2020-04-06,株式会社
十津川環境株式会社,奈良県吉野郡十津川村大字玉垣内１３９番地の２,2020-04-06,株式会社
司法書士法人ＫＯＭ,山梨県甲府市塩部３丁目３番８号,2020-04-06,その他の設立登記法人
合同会社あをぞら,福岡県田川市大字伊加利２０４４番地１６,2020-04-06,合同会社
合同会社えいる,佐賀県佐賀市諸富町大字大堂２３５７番地１,2020-04-06,合同会社
合同会社くらしのまなび舎,東京都大田区山王２丁目５番６号,2020-04-06,合同会社
合同会社さぬきうどん羽立,香川県さぬき市津田町津田２１６１番地２,2020-04-06,合同会社
合同会社そらまめ,茨城県龍ケ崎市松ケ丘１丁目１５番５,2020-04-06,合同会社
合同会社たーてんぶんだ,栃木県那須塩原市戸田２５６番地１,2020-04-06,合同会社
合同会社ちとせ工房,東京都八王子市明神町２丁目２３番８号板野ハイツ３０１号,2020-04-06,合同会社
合同会社ねいろ,熊本県球磨郡多良木町大字久米２８９７番地２,2020-04-06,合同会社
合同会社ふるさと文京ネットワーク,東京都文京区大塚１丁目８番４－４０５号,2020-04-06,合同会社
合同会社ほぐっちゃん,熊本県熊本市中央区大江６丁目１９番３号,2020-04-06,合同会社
合同会社まそら,宮城県富谷市ひより台１丁目８番地８,2020-04-06,合同会社
合同会社みつ葉とよつ葉,宮崎県都城市山之口町山之口３０７４番地４,2020-04-06,合同会社
合同会社アクリス,北海道札幌市北区あいの里四条６丁目１３番５号,2020-04-06,合同会社
合同会社アドバンスカンパニー,三重県鈴鹿市野町中２丁目１６－８,2020-04-06,合同会社
合同会社アンデスハーブ,兵庫県神戸市中央区上筒井通６丁目２番１１号ベルフォーレ上筒井４０１号室,2020-04-06,合同会社
合同会社イチローネット,宮城県大崎市古川狐塚字稲荷１番地,2020-04-06,合同会社
合同会社ウェルメディ,岡山県岡山市北区平野６２２番地２３,2020-04-06,合同会社
合同会社オフィス,徳島県徳島市福島１丁目６番５５－３０２号,2020-04-06,合同会社
合同会社オフィス・ノーハドル,東京都港区浜松町２丁目２番１５号浜松町ダイヤビル２Ｆ,2020-04-06,合同会社
合同会社オフィス柳田,大分県宇佐市大字森山６０７番地の７,2020-04-06,合同会社
合同会社オフィスＫ,千葉県佐倉市山王２丁目１０番９号,2020-04-06,合同会社
合同会社オーケーチャタン,東京都千代田区丸の内３丁目１番１号東京共同会計事務所内,2020-04-06,合同会社
合同会社カラビナ,愛知県春日井市上条町７丁目２８番地２,2020-04-06,合同会社
合同会社カルペ・ディエム,静岡県浜松市中区和合町１９３番地の４２,2020-04-06,合同会社
合同会社ケビ・アンド・ルー,東京都世田谷区奥沢７丁目２３番１８号,2020-04-06,合同会社
合同会社ゲコー,東京都西東京市東伏見５丁目９－６イーグルハウス東伏見２０５,2020-04-06,合同会社
合同会社コウエイ,広島県広島市安佐北区口田１丁目１０番１８号,2020-04-06,合同会社
合同会社コモダ,福岡県北九州市戸畑区浅生１丁目５番１７号,2020-04-06,合同会社
合同会社サプライト,富山県富山市大町１９番地３,2020-04-06,合同会社
合同会社サモン企画,東京都練馬区大泉学園町２丁目１８番２９号,2020-04-06,合同会社
合同会社サントスアセットマネジメント,東京都世田谷区太子堂１丁目４番２８－１００１号,2020-04-06,合同会社
合同会社シーズシステム,兵庫県神戸市中央区元町通４丁目６－２０ライオンズマンション神戸元町第２－１２０９号,2020-04-06,合同会社
合同会社スマイフ,東京都練馬区北町３丁目１０番１５－２０６号,2020-04-06,合同会社
合同会社スメカルカ,東京都港区浜松町２丁目２番１５号浜松町ダイヤビル２Ｆ,2020-04-06,合同会社
合同会社ソーア,埼玉県川口市大字安行領根岸８４９番地の９,2020-04-06,合同会社
合同会社タカムラ教育Ｌａｂｏ,東京都江戸川区南葛西３丁目４番１３－６０１号,2020-04-06,合同会社
合同会社ターボログランデ,東京都品川区八潮５丁目１２番６９号ビレッジハウス品川八潮タワー６２５号室,2020-04-06,合同会社
合同会社トップフォレスト,宮城県加美郡加美町字北原７０番地１,2020-04-06,合同会社
合同会社トロリオ,熊本県玉名市安楽寺６９２番地,2020-04-06,合同会社
合同会社ナナミイーツ,東京都千代田区神田北乗物町１８番地６山本ビル１階,2020-04-06,合同会社
合同会社ヒートエクステンド,東京都世田谷区太子堂１丁目１５－１５－１Ｆ,2020-04-06,合同会社
合同会社ビッグハンティング,福井県敦賀市松島町２５－１０,2020-04-06,合同会社
合同会社フロムテック,大阪府東大阪市岩田町５丁目１５番３７号,2020-04-06,合同会社
合同会社プラトー設計,愛知県名古屋市昭和区駒方町２丁目７６番地,2020-04-06,合同会社
合同会社プラム・コンサルティング,大阪府東大阪市長堂１丁目１２番１０号フロラシオン布施２階２０５号,2020-04-06,合同会社
合同会社ボーダレス,東京都板橋区清水町８１番５号,2020-04-06,合同会社
合同会社マドカ,大阪府大阪市阿倍野区橋本町７番２５－３０５号,2020-04-06,合同会社
合同会社マネージ,愛知県刈谷市一色町２丁目１番地３,2020-04-06,合同会社
合同会社ミッドランドジャパン,東京都大田区多摩川２丁目２４番６２－２－７０１号,2020-04-06,合同会社
合同会社メリット,東京都世田谷区太子堂１丁目１２－２７コンフォートテラス１００５号,2020-04-06,合同会社
合同会社モザイク,神奈川県横浜市青葉区美しが丘１丁目１３番地１０号吉村ビル１０７号,2020-04-06,合同会社
合同会社モーヴ,愛知県豊田市五ケ丘８丁目２９番地１,2020-04-06,合同会社
合同会社ユーアンドエイ,熊本県熊本市南区島町３丁目１０番１７号,2020-04-06,合同会社
合同会社リエゾン,東京都大田区北千束１丁目５１番２号デューク内,2020-04-06,合同会社
合同会社一穂商事,東京都渋谷区広尾１丁目１番３５号,2020-04-06,合同会社
合同会社令洋,岐阜県岐阜市東改田９６番地,2020-04-06,合同会社
合同会社児玉興業,秋田県能代市字松長布１７９番地６,2020-04-06,合同会社
合同会社創雅社,長野県松本市蟻ケ崎３丁目７番７号,2020-04-06,合同会社
合同会社北郷設計事務所,鹿児島県鹿児島市新栄町１９番１６－４０５号,2020-04-06,合同会社
合同会社南設備工業,北海道空知郡南幌町西町４丁目４番１号,2020-04-06,合同会社
合同会社原家,岐阜県下呂市三原１９番地３,2020-04-06,合同会社
合同会社原木屋,栃木県栃木市都賀町原宿５５番地,2020-04-06,合同会社
合同会社吉ジャパン,茨城県つくば市春日４丁目２４番地１８ルミエール春日４０１号,2020-04-06,合同会社
合同会社大阪ＴＥＣＨ貿易,大阪府東大阪市長田中５丁目４番２５号,2020-04-06,合同会社
合同会社安濃津未来,三重県津市安濃町中川６８２番地,2020-04-06,合同会社
合同会社山川組,神奈川県相模原市中央区淵野辺４丁目１番４号シャンボーレ淵野辺６０３,2020-04-06,合同会社
合同会社弁当屋,大阪府大阪市都島区都島本通２丁目６－１１大東南ビル２階,2020-04-06,合同会社
合同会社愛媛新聞エリアサービス番町,愛媛県松山市千舟町３丁目１番地４,2020-04-06,合同会社
合同会社愛徳工業,秋田県横手市朝日が丘３丁目２８０番地,2020-04-06,合同会社
合同会社新和工業所,大阪府東大阪市大蓮南２丁目２４番２３号カトルセゾン１０５,2020-04-06,合同会社
合同会社東備大家,岡山県瀬戸内市長船町服部５１４番地９,2020-04-06,合同会社
合同会社東山吉寿,京都府京都市東山区東大路通渋谷下る妙法院前側町４２２番地１,2020-04-06,合同会社
合同会社植松電設,北海道石狩市花川北二条２丁目１２４番地,2020-04-06,合同会社
合同会社椿,三重県桑名市大字矢田１１０番地５,2020-04-06,合同会社
合同会社池之内組,広島県三原市西町１丁目７番９号,2020-04-06,合同会社
合同会社澤,東京都新宿区歌舞伎町１丁目１番９号２階,2020-04-06,合同会社
合同会社田村建設,愛知県岡崎市本宿台１丁目３番地２,2020-04-06,合同会社
合同会社町のかかりつけ,滋賀県東近江市八日市上之町１番３９－１号,2020-04-06,合同会社
合同会社白根,千葉県我孫子市湖北台７丁目２０番８２－５０３号,2020-04-06,合同会社
合同会社福寿土建,愛知県岡崎市大樹寺１丁目１０番地３,2020-04-06,合同会社
合同会社経理記帳代行サービス,埼玉県さいたま市中央区鈴谷９丁目３番１０－５０３号,2020-04-06,合同会社
合同会社胡桃ヶ谷デザイン室,神奈川県鎌倉市浄明寺４丁目７番４７号,2020-04-06,合同会社
合同会社西来待牧場,島根県松江市宍道町西来待２２４８番地１,2020-04-06,合同会社
合同会社農園晴晴,秋田県能代市二ツ井町梅内字常盤渡５８番地,2020-04-06,合同会社
合同会社須田商会,山梨県笛吹市一宮町狐新居４３２番地,2020-04-06,合同会社
合同会社顧客満足．ｃｏｍ,宮城県亘理郡亘理町吉田字中原５５番地１９,2020-04-06,合同会社
合同会社９２３,東京都千代田区九段南１丁目５番６号りそな九段ビル５階ＫＳフロア,2020-04-06,合同会社
合同会社Ａ．Ｙ．Ｓ,千葉県松戸市二ツ木２１０番地の２,2020-04-06,合同会社
合同会社ＡＫＩ・ビジネスサポート,広島県広島市佐伯区屋代２丁目２番６号,2020-04-06,合同会社
合同会社ＡＭＲ,東京都北区中里２丁目２番７号山武ビル２０８号,2020-04-06,合同会社
合同会社Ａｒｃｒｅｖｅ,東京都江東区豊洲３丁目６番８－１３０１号,2020-04-06,合同会社
合同会社Ａｘｉｓ,東京都渋谷区恵比寿３丁目４番１号－２０２,2020-04-06,合同会社
合同会社Ｂ－アドバンス,山口県岩国市周東町用田４１１番地７,2020-04-06,合同会社
合同会社ＢＩＲＤＯＧ,東京都世田谷区上馬５丁目４０－８ＴＨＥＯＡＫＳ三軒茶屋ｆｌａｔ３Ｆ,2020-04-06,合同会社
合同会社Ｂｒｏｔｈｅｒ　Ｄｒｅａｍ　Ｉｎｎｏｖａｔｉｏｎ,熊本県熊本市中央区中央街４番７号,2020-04-06,合同会社
合同会社Ｂｕｌｌｅｔ,香川県東かがわ市横内２２２番地３,2020-04-06,合同会社
合同会社ＣＡＣＯ,岡山県赤磐市桜が丘西４丁目１８番１１号,2020-04-06,合同会社
合同会社ＣＡＲＥ　ＢＡＳＥ,神奈川県川崎市高津区久地２丁目６番６０－４０９号コアマンションリバーフロント二子多摩川,2020-04-06,合同会社
合同会社ＣＫデーリィサポート,熊本県合志市須屋１６７番地１コリーヌＡ棟２０１号,2020-04-06,合同会社
合同会社Ｃｏｎｅｌ,東京都板橋区板橋４丁目１３番３号,2020-04-06,合同会社
合同会社ＥＡＭ,兵庫県芦屋市東山町１８番１０号,2020-04-06,合同会社
合同会社Ｅｆｆｅ,広島県広島市中区本通７番２９号アイビービル７階,2020-04-06,合同会社
合同会社Ｇｅｋｙｕｍｅ,東京都世田谷区八幡山３丁目３５番２４号,2020-04-06,合同会社
合同会社Ｈ＆Ａ,香川県高松市浜ノ町３番１０－８０１号,2020-04-06,合同会社
合同会社ＨＥ－Ｐｌｕｓ,北海道函館市柏木町１６番４９号,2020-04-06,合同会社
合同会社ＨＩＴ,静岡県静岡市葵区千代１丁目５番１０－３号,2020-04-06,合同会社
合同会社ＨＯＭＥ　ＴＨＥ　ＰＡＲＴＹ,兵庫県西宮市松籟荘７番２８号コボリマンション甲東園１０２,2020-04-06,合同会社
合同会社ＨＯＲＵＳ,東京都目黒区中目黒４丁目６番６－８０１号,2020-04-06,合同会社
合同会社ＩＭＡＧＩＣＡ　ＢＲＡＮＣＨ,東京都三鷹市下連雀４丁目１５番２６号市村ビル５０１,2020-04-06,合同会社
合同会社ＩＮＡＺＯ,東京都葛飾区東新小岩１丁目４番３－１８０１号パークタワー東京イースト,2020-04-06,合同会社
合同会社ＩＲＯＮＭＡＮ,長野県松本市桐２丁目２番地２１号,2020-04-06,合同会社
合同会社ＪＩＹＵＲＡ,広島県広島市南区向洋新町３丁目２８番７号,2020-04-06,合同会社
合同会社Ｋ企画,熊本県熊本市中央区新町１丁目２番３－８０５号,2020-04-06,合同会社
合同会社Ｋ＆Ｓ,熊本県熊本市北区植木町投刀塚２９９番地１－１,2020-04-06,合同会社
合同会社ＫＣＳ,愛知県名古屋市中区千代田３丁目１６番１３号トンシェトア３０３号,2020-04-06,合同会社
合同会社Ｋａｉ　Ｊａｐａｎ,岐阜県岐阜市金園町１丁目５番地,2020-04-06,合同会社
合同会社Ｌａ　ｃｏｒｐｓ,広島県広島市西区井口４丁目４３番２０－３０３号,2020-04-06,合同会社
合同会社ＬｅｎＳ　ｅｎｔｅｒｔａｉｎｍｅｎｔ,東京都品川区上大崎３丁目３－９,2020-04-06,合同会社
合同会社Ｍ３ＹＫ　ＴＲＡＤＩＮＧ,大分県大分市西新地２丁目６番１５号,2020-04-06,合同会社
合同会社ＭＦ,岡山県岡山市北区表町３丁目５－４３,2020-04-06,合同会社
合同会社ＭＹＭ,静岡県浜松市天竜区春野町気田８５８番地の２,2020-04-06,合同会社
合同会社ＮＲアセットマネジメント,東京都墨田区太平１丁目１７番１１号,2020-04-06,合同会社
合同会社ＯＮＥ　ＴＥＡＭ滋賀,岐阜県不破郡垂井町２１１６番地の１,2020-04-06,合同会社
合同会社Ｏｎｅ’ｓ　Ｆａｃｔｏｒｙ,新潟県十日町市中条己２９７６番地１,2020-04-06,合同会社
合同会社ＰＯＮＴＥＣ,茨城県神栖市神栖１丁目１９番１０号,2020-04-06,合同会社
合同会社ＰＯＷＥＲ　ＰＬＡＮＴ,大阪府大阪市鶴見区放出東３丁目２３－２０－２Ｆ,2020-04-06,合同会社
合同会社Ｐｌａｉｓｉｒ,東京都港区東麻布１丁目４番２号,2020-04-06,合同会社
合同会社ＲＳ　ＰＲＯＪＥＣＴ,東京都中央区銀座１丁目３番３号Ｇ１ビル７階１４４５号,2020-04-06,合同会社
合同会社Ｒｉｄｉｎｇ,愛知県春日井市新開町字平渕１０８番地１,2020-04-06,合同会社
合同会社Ｒｉｔｍｏｒｅ,奈良県香芝市高山台１丁目６番地３－１０５号,2020-04-06,合同会社
合同会社ＳＡＢＯ,北海道札幌市中央区南六条西３丁目６番地２４第２桂和ビル６階,2020-04-06,合同会社
合同会社ＳＣＦ,熊本県菊池市西寺１７３３番地６,2020-04-06,合同会社
合同会社ＳＴＯ,東京都北区王子１丁目２番３号杉本ビル６０４号,2020-04-06,合同会社
合同会社Ｓａｗａａｒｉｙａ　Ｉｎｔｅｒｎａｔｉｏｎａｌ　Ｓｃｈｏｏｌ,東京都江戸川区南葛西４丁目１１番１０－３０１号ＹＯＳＨＩＴＡＫＥ・ＢＩＬＤ．,2020-04-06,合同会社
合同会社Ｓｈｉｎｅ　Ａｄｖａｎｃｅ,愛知県名古屋市中区大須４丁目９番１４号,2020-04-06,合同会社
合同会社Ｔ＆Ｒ,愛知県豊田市本町高根１４番地,2020-04-06,合同会社
合同会社Ｗｉｔｈ　Ｆｅｅｌ,兵庫県姫路市花田町勅旨１３５－２１,2020-04-06,合同会社
合同会社Ｗｏｒｋｓ,埼玉県東松山市大字柏崎４５７番地３,2020-04-06,合同会社
合同会社ＹＫＣ,東京都渋谷区恵比寿南３丁目４番１４号４０４,2020-04-06,合同会社
合同会社ａｎ,神奈川県横須賀市汐入町４丁目９番地,2020-04-06,合同会社
合同会社ｅｘｃｅｌｓｉｏｒ,三重県名張市蔵持町原出１７２０番地１佳千ビルⅢ３０７号,2020-04-06,合同会社
合同会社ｓｗａｐ,東京都板橋区徳丸３丁目３７番１７号,2020-04-06,合同会社
合同会社ｓｙｚｙｇｙ,大阪府大阪市中央区高麗橋２丁目２番１２号フジナミビル５階,2020-04-06,合同会社
合資会社エヌエムビーエー,愛知県名古屋市天白区向が丘２丁目２０５番地,2020-04-06,合資会社
吉岡設備株式会社,三重県桑名市陽だまりの丘２丁目１８１３番地,2020-04-06,株式会社
名誉教授ドットコム株式会社,宮城県仙台市青葉区大町１丁目１番６号第一青葉ビル５階,2020-04-06,株式会社
和幸園製茶合同会社,鹿児島県霧島市溝辺町麓１４１９番地,2020-04-06,合同会社
和幸電気株式会社,兵庫県丹波市春日町鹿場５０５番地,2020-04-06,株式会社
和金光華株式会社,東京都千代田区神田鍛冶町３丁目３番地１栄立ビル６階,2020-04-06,株式会社
土地家屋調査士法人つむぎ,大阪府大阪市北区神山町８番１号梅田辰巳ビル,2020-04-06,その他の設立登記法人
埼玉４１ＰＸ合同会社,東京都荒川区西日暮里２丁目６番１８－２０１号,2020-04-06,合同会社
大内食品株式会社,兵庫県姫路市別所町北宿１０５６番地,2020-04-06,株式会社
大野原古墳群周辺整備実行委員会,香川県観音寺市坂本町１丁目１番１号,2020-04-06,その他
太和株式会社,東京都墨田区横川３丁目６番７号３－Ｅ,2020-04-06,株式会社
学校法人伊謄塾,神奈川県川崎市幸区幸町１丁目９９２番地３,2020-04-06,その他の設立登記法人
安曇野丸サン農園合同会社,長野県安曇野市豊科高家２２２０番地３,2020-04-06,合同会社
安部工業株式会社,大分県大分市大字横尾３５２０番地の２,2020-04-06,株式会社
宮古島ＮＥＷＹＯＲＫ　ＮＥＷＹＯＲＫ株式会社,沖縄県宮古島市平良字西仲宗根１２１番地,2020-04-06,株式会社
小田商株式会社,兵庫県神戸市西区富士見が丘２丁目１１番地の４,2020-04-06,株式会社
山士電気株式会社,兵庫県西宮市石在町８番１９号,2020-04-06,株式会社
川崎高速鉄道株式会社,神奈川県川崎市麻生区王禅寺西２丁目１０番１号,2020-04-06,株式会社
川工株式会社,三重県四日市市下海老町３２３９番地２,2020-04-06,株式会社
川西地区果実共同加工株式会社,広島県三次市上田町１１７４７番地２,2020-04-06,株式会社
平和運送株式会社,岩手県岩手郡葛巻町江刈第１０地割１３０番地６,2020-04-06,株式会社
廣弥興業株式会社,福岡県北九州市戸畑区天籟寺２丁目３番２５号,2020-04-06,株式会社
弁護士法人堀総合法律事務所,大阪府大阪市中央区北浜２丁目１番２号,2020-04-06,その他の設立登記法人
応屋株式会社,神奈川県横浜市旭区鶴ケ峰本町２丁目４４番６－１１０４号,2020-04-06,株式会社
揚羽地所株式会社,愛知県名古屋市千種区仲田１丁目３番１８号,2020-04-06,株式会社
日南林産合同会社,宮崎県日南市北郷町郷之原乙２３１１番地４,2020-04-06,合同会社
日本国際オークション株式会社,愛知県常滑市新浜町３丁目２５番地,2020-04-06,株式会社
日本訪問医療株式会社,千葉県千葉市中央区祐光４丁目１６－１４,2020-04-06,株式会社
昇弌地所株式会社,長野県長野市大字鶴賀４６０番地,2020-04-06,株式会社
昇龍ｒｉｓｉｎｇ　ｄｒａｇｏｎ合同会社,東京都荒川区東日暮里３丁目４２番８－６０８号,2020-04-06,合同会社
星辰ソフト株式会社,東京都江戸川区清新町１丁目２番１－１２１０号,2020-04-06,株式会社
春日合同会社,山口県山口市春日町２番２号,2020-04-06,合同会社
晴コンサルティング株式会社,東京都中央区日本橋大伝馬町１５番３号内田ビル２階,2020-04-06,株式会社
晶和電設株式会社,山口県周南市大字呼坂９番地の４５,2020-04-06,株式会社
望月自動車販売株式会社,静岡県静岡市清水区清水町３番４号,2020-04-06,株式会社
朝日ヶ丘株式会社,宮崎県日向市大字日知屋４７番地６,2020-04-06,株式会社
未来プロデュース株式会社,滋賀県大津市打出浜２番１号コラボしが２１、４階４２１号室,2020-04-06,株式会社
未来モノつくり合同会社,埼玉県蓮田市末広２丁目３－２,2020-04-06,合同会社
東南株式会社,東京都墨田区堤通１丁目１１番２３号レオ向島５０１号室,2020-04-06,株式会社
東日本ヤマト電設株式会社,宮城県亘理郡亘理町字先達前３３番地９,2020-04-06,株式会社
東洋金属株式会社,東京都足立区千住関屋町６番６号,2020-04-06,株式会社
東駿株式会社,東京都渋谷区代々木３丁目４５番８号ザ・ヨークハウス１１号,2020-04-06,株式会社
松瀬電設株式会社,東京都葛飾区西亀有２丁目２６番１号,2020-04-06,株式会社
林田乳業株式会社,兵庫県姫路市林田町上構９５番地２,2020-04-06,株式会社
株式会社いけがわ,東京都足立区本木２丁目１３－２,2020-04-06,株式会社
株式会社くまでや,岡山県総社市泉７番地３９,2020-04-06,株式会社
株式会社ことぶき警備保障,三重県伊勢市馬瀬町２８－４,2020-04-06,株式会社
株式会社こゆるぎ総合研究所,東京都大田区山王２丁目３９番２３号山王プレイス３０４号室,2020-04-06,株式会社
株式会社さくら,大阪府枚方市招提中町１丁目１５番５号,2020-04-06,株式会社
株式会社しずく,熊本県合志市竹迫２２４７番地１－１０１号,2020-04-06,株式会社
株式会社たつ家建築,愛知県刈谷市元町４丁目１５番地４フラワーイン元町２０１号,2020-04-06,株式会社
株式会社とりっくエンタープライズ,奈良県橿原市八木町１丁目８番１６号,2020-04-06,株式会社
株式会社どりーむ館,東京都練馬区貫井３丁目２１番７号,2020-04-06,株式会社
株式会社はし杭,和歌山県東牟婁郡串本町鬮野川１５４８番地の１,2020-04-06,株式会社
株式会社はじめ建匠,埼玉県上尾市本町５丁目１８番１３号ＳＯＨＯマンション２０４,2020-04-06,株式会社
株式会社ふじさんマート,北海道石狩市緑苑台東一条１丁目２９番地,2020-04-06,株式会社
株式会社ぷらすなごや,愛知県名古屋市千種区内山３丁目１０番１８号ＰＰＢ．Ｌ．Ｄ７Ｆ,2020-04-06,株式会社
株式会社まみむエンターテイメント,東京都江戸川区平井７丁目３１番１２号,2020-04-06,株式会社
株式会社まるまる日和,東京都世田谷区太子堂３丁目３８番１号Ｂｒｉｌｌｉａｉｓｔ三軒茶屋ブラッサムテラス４１５,2020-04-06,株式会社
株式会社みのりや,石川県白山市橋爪町１８番地,2020-04-06,株式会社
株式会社むらおこし拠点館フラット,青森県つがる市豊富町屏風山１番地２７３,2020-04-06,株式会社
株式会社ゆきの花,熊本県熊本市中央区城東町５番地,2020-04-06,株式会社
株式会社よこはま健康スポーツ医学研究所,神奈川県横浜市青葉区桜台６番地５５,2020-04-06,株式会社
株式会社よしうちクリア,愛知県蒲郡市緑町２番２５号,2020-04-06,株式会社
株式会社アクアテック,北海道函館市富岡町２丁目３５番８号,2020-04-06,株式会社
株式会社アグリトリオ,愛知県豊橋市植田町字大膳３９番地の５,2020-04-06,株式会社
株式会社アサミ,愛知県東海市加木屋町陀々法師２番地の４０,2020-04-06,株式会社
株式会社アステックス,静岡県磐田市豊岡７０３３番地２,2020-04-06,株式会社
株式会社アッパーレイル,東京都渋谷区渋谷３丁目６番２号,2020-04-06,株式会社
株式会社アップエフォート,京都府京都市山科区勧修寺閑林寺９０－１,2020-04-06,株式会社
株式会社アップスポーツクラブ,兵庫県神戸市垂水区高丸４丁目８番７号Ａ１０７,2020-04-06,株式会社
株式会社アップフィールド,栃木県宇都宮市竹下町１８７番地２,2020-04-06,株式会社
株式会社アトラス不動産,兵庫県神戸市須磨区千歳町１丁目７番１２号高原ビル２－Ｃ号,2020-04-06,株式会社
株式会社アトリビュート,東京都墨田区江東橋４丁目１９番２号キャッスルマンション錦糸町６０１,2020-04-06,株式会社
株式会社アバンスドア,広島県広島市佐伯区五日市７丁目２番１１号,2020-04-06,株式会社
株式会社アユムミライ,福岡県福岡市城南区樋井川２丁目２番３０号,2020-04-06,株式会社
株式会社アララク,熊本県荒尾市府本１１８４番地,2020-04-06,株式会社
株式会社アルク,福岡県北九州市小倉南区北方３丁目１６番３３号,2020-04-06,株式会社
株式会社アルファサポート,東京都北区赤羽１丁目６番５号,2020-04-06,株式会社
株式会社アロー建物管理,東京都府中市小柳町２丁目１１番地の２ＴＥＮＳＢＵＩＬＤＩＮＧ２Ｆ,2020-04-06,株式会社
株式会社アンドオン,熊本県天草市五和町御領４６３番地,2020-04-06,株式会社
株式会社アンプルアンドグラッド,宮城県仙台市宮城野区新田東３丁目１４番１３号,2020-04-06,株式会社
株式会社アーシア,茨城県水戸市見川３丁目１１２１番地,2020-04-06,株式会社
株式会社イカゾー,愛媛県今治市高部甲３３４番地１７,2020-04-06,株式会社
株式会社イリデン,愛知県名古屋市港区中之島通３丁目１番地の４,2020-04-06,株式会社
株式会社インベストピア,福井県福井市三郎丸町２４番地１０号の６,2020-04-06,株式会社
株式会社イート・アップ,愛知県半田市有楽町５丁目１５５番地の１,2020-04-06,株式会社
株式会社ウエスタンホールディングス,東京都江戸川区東葛西４丁目１８番１９号,2020-04-06,株式会社
株式会社エイテック,和歌山県有田郡有田川町大字庄４７０番地１,2020-04-06,株式会社
株式会社エウゼーン,大阪府東大阪市大蓮東２丁目１４番１号,2020-04-06,株式会社
株式会社エコフィールド,茨城県常陸太田市天神林町３８５番地の１４１,2020-04-06,株式会社
株式会社エコホーム,大阪府大阪市淀川区新北野１丁目６番２号,2020-04-06,株式会社
株式会社エスケー,神奈川県川崎市幸区南加瀬４丁目３７番１０号,2020-04-06,株式会社
株式会社エスペルト,広島県広島市中区東平塚町８番７－５０５号,2020-04-06,株式会社
株式会社エス・テー・パルトネール,東京都千代田区内神田２丁目１５番４号,2020-04-06,株式会社
株式会社エム,兵庫県西宮市門戸荘１３番１３－３０１号,2020-04-06,株式会社
株式会社エムズコーポレーション,熊本県山鹿市鹿央町合里４３７０番地,2020-04-06,株式会社
株式会社エムズトータルサービス,愛知県豊橋市神野新田町字ワノ割５２番地５,2020-04-06,株式会社
株式会社エムティーアールプロジェクト,東京都世田谷区松原５丁目１５番６号,2020-04-06,株式会社
株式会社エムワイ管理,東京都葛飾区鎌倉３丁目１１番７号,2020-04-06,株式会社
株式会社エーラボ,熊本県天草市今釜新町３７２３番地,2020-04-06,株式会社
株式会社オアシス,新潟県五泉市木越字石道２０６６番地,2020-04-06,株式会社
株式会社オオハタ企画,広島県三原市大和町上徳良１２２９番地,2020-04-06,株式会社
株式会社オガワ,熊本県熊本市南区富合町木原１７５３番地１,2020-04-06,株式会社
株式会社オガワ板金,富山県高岡市野村１６０１番地５,2020-04-06,株式会社
株式会社オリーブ,神奈川県横浜市南区宿町１丁目２３番地グレイス蒔田公園１０５,2020-04-06,株式会社
株式会社オレンジ電子,和歌山県海南市大野中５８９番地１,2020-04-06,株式会社
株式会社オーイソ工業,熊本県八代市平山新町５６０４番地６,2020-04-06,株式会社
株式会社オーシン,富山県中新川郡上市町広野６７８番地,2020-04-06,株式会社
株式会社オールウィン,兵庫県神戸市垂水区学が丘３丁目４－３－６２０,2020-04-06,株式会社
株式会社カトコー,愛知県名古屋市南区道徳新町２丁目６８番地の２,2020-04-06,株式会社
株式会社カノテック,岐阜県高山市石浦町３丁目５８７番地,2020-04-06,株式会社
株式会社カブーン,岐阜県羽島市舟橋町３丁目６２番地,2020-04-06,株式会社
株式会社カワグチ,山口県山陽小野田市大字有帆７２２番地３,2020-04-06,株式会社
株式会社カービューティープロ田辺,和歌山県田辺市鮎川８３６番地の２,2020-04-06,株式会社
株式会社キャリアイノベーション,岡山県岡山市北区加茂８６２番地５,2020-04-06,株式会社
株式会社キューテック,大阪府東大阪市日下町４丁目３番４号,2020-04-06,株式会社
株式会社クラシア,長野県佐久市佐久平駅北１５番地８,2020-04-06,株式会社
株式会社クロサワビルマネジメント,東京都中央区銀座６丁目９番２号,2020-04-06,株式会社
株式会社クロハシデザイン一級建築士事務所,東京都世田谷区南烏山５丁目３５番８号第二鴨志田ビル３０２号室,2020-04-06,株式会社
株式会社グランアルブル,長野県長野市青木島町綱島６４９番地２,2020-04-06,株式会社
株式会社グリーンサプライ,兵庫県神戸市西区井吹台西町１丁目６番４－４０２,2020-04-06,株式会社
株式会社グルーヴィー,神奈川県川崎市中原区宮内４丁目３１番８号,2020-04-06,株式会社
株式会社ケイ,愛知県名古屋市名東区亀の井２丁目２４３番地,2020-04-06,株式会社
株式会社ケイアイ,奈良県香芝市旭ケ丘４丁目１５番地２５,2020-04-06,株式会社
株式会社ケイダイニング,岡山県岡山市北区尾上１７６４番地８,2020-04-06,株式会社
株式会社ケーエフオフィス,三重県桑名市大字蓮花寺１６０５番地の１１,2020-04-06,株式会社
株式会社ココシカ女性医療研究所,大阪府大阪市平野区平野西５丁目８番２９号,2020-04-06,株式会社
株式会社コハクジャパン,東京都葛飾区水元３丁目２２番２３号,2020-04-06,株式会社
株式会社コムネクス,北海道江別市大麻泉町２番地１５,2020-04-06,株式会社
株式会社サターンバレー,東京都渋谷区千駄ヶ谷３丁目１３番８号,2020-04-06,株式会社
株式会社サニークラフト,愛知県一宮市北神明町４丁目３９番地３,2020-04-06,株式会社
株式会社サポートコーポレーション,愛知県名古屋市西区歌里町２１８番地ファミリアーレ庄内緑地公園１１３号,2020-04-06,株式会社
株式会社サムラ,山口県大島郡周防大島町大字東屋代３２６８番地１,2020-04-06,株式会社
株式会社サンセイエレックス,愛知県安城市篠目町４丁目６番１号,2020-04-06,株式会社
株式会社サンデフォー,東京都武蔵野市吉祥寺北町２丁目１－１５イオ吉祥寺Ｂ１階,2020-04-06,株式会社
株式会社サーベイジャパン,北海道札幌市南区澄川五条１１丁目３番６号１０１,2020-04-06,株式会社
株式会社シンジケートＴＯＫＹＯ,東京都渋谷区神宮前１丁目１０番３４号,2020-04-06,株式会社
株式会社ジェクトワン＆パートナーズ,東京都渋谷区渋谷１丁目７番７号住友不動産青山通ビル１３Ｆ,2020-04-06,株式会社
株式会社ジャパンリビングサポート,三重県三重郡菰野町大字神森６９３－４,2020-04-06,株式会社
株式会社スタッフホーム,鹿児島県志布志市志布志町志布志２丁目１２番１６号,2020-04-06,株式会社
株式会社スタート,大阪府東大阪市高井田１番１０号,2020-04-06,株式会社
株式会社スターフィッシュクリエーション,愛知県稲沢市前田１丁目１５番６号,2020-04-06,株式会社
株式会社スチールワークス,島根県出雲市上島町２１７６番地１,2020-04-06,株式会社
株式会社ステラカンパニー,青森県青森市浪岡大字浪岡字稲村２２７番地１２,2020-04-06,株式会社
株式会社ストロマトソフト,埼玉県和光市新倉１丁目４番７６号,2020-04-06,株式会社
株式会社スマエル,岐阜県美濃加茂市前平町１丁目３６番地１,2020-04-06,株式会社
株式会社セカンド・ステージ,大阪府大阪市中央区島之内１丁目８番１２号,2020-04-06,株式会社
株式会社セフティパーキング,岡山県岡山市北区西長瀬１２０６番地７,2020-04-06,株式会社
株式会社ゼットン,東京都練馬区石神井台７丁目２４番４３号,2020-04-06,株式会社
株式会社ゼディアホールディングス,東京都渋谷区渋谷３丁目１３－５,2020-04-06,株式会社
株式会社ソラスト保育総合研究所,東京都港区港南１丁目７番１８号,2020-04-06,株式会社
株式会社タマコーポレーション,神奈川県川崎市宮前区南平台６－２－４１９,2020-04-06,株式会社
株式会社ダイスホールディングス,東京都渋谷区渋谷１丁目８番６号,2020-04-06,株式会社
株式会社ダクト,宮崎県宮崎市橘通東３丁目３－１２ポールスタービル５Ｆ,2020-04-06,株式会社
株式会社ダーマドゥ,北海道帯広市西十六条南４丁目３０番８号,2020-04-06,株式会社
株式会社チップボール,和歌山県田辺市今福町９８番地,2020-04-06,株式会社
株式会社ティーアップス,広島県広島市西区草津東２丁目１番３１号,2020-04-06,株式会社
株式会社ティーエムスクエア,香川県高松市朝日町５丁目３番８５号,2020-04-06,株式会社
株式会社テイクアウト,東京都世田谷区松原１丁目５３番５号,2020-04-06,株式会社
株式会社テクノアトラスサービス,北海道中川郡幕別町札内桂町５８３番地の２２,2020-04-06,株式会社
株式会社テクノシステム,大阪府吹田市五月が丘北１４番２４号,2020-04-06,株式会社
株式会社テット,新潟県新潟市西区五十嵐２の町９０８２番地１,2020-04-06,株式会社
株式会社デミーズ,東京都世田谷区下馬４丁目１３番１３号,2020-04-06,株式会社
株式会社トキ工芸,岐阜県土岐市土岐口中町６丁目２８番地,2020-04-06,株式会社
株式会社トッパンフィナンシャルマネジメント,東京都台東区台東１丁目５番１号,2020-04-06,株式会社
株式会社トップオート,福井県越前市庄町第３０号１１番地の１,2020-04-06,株式会社
株式会社トヨタエンタプライズアシスト,愛知県名古屋市中村区名駅４丁目４番１０号,2020-04-06,株式会社
株式会社トライ,大阪府東大阪市荒川３丁目５番８－２０１号,2020-04-06,株式会社
株式会社トライアングル,茨城県水戸市備前町３－３８,2020-04-06,株式会社
株式会社トラストコンタクト,愛知県名古屋市中村区名駅５丁目４番１４号花車ビル北館１Ｆ,2020-04-06,株式会社
株式会社トリップ,東京都世田谷区給田３丁目３２番１４号,2020-04-06,株式会社
株式会社トータルインテリアーズ,熊本県熊本市南区白藤２丁目３番８１－２０７号,2020-04-06,株式会社
株式会社トータルファシリティ,岐阜県岐阜市小野１丁目７７番地３,2020-04-06,株式会社
株式会社ドリーム・デライト,東京都新宿区新宿１丁目３６番２号新宿第七葉山ビル３階,2020-04-06,株式会社
株式会社ナカムラ尾鷲,三重県尾鷲市朝日町８番２４号,2020-04-06,株式会社
株式会社ニュークロス,東京都立川市錦町２丁目１番２４号パールハイツ４０３,2020-04-06,株式会社
株式会社ニュープラス・ワン,東京都目黒区自由が丘２丁目１７番６号,2020-04-06,株式会社
株式会社ネ,岡山県英田郡西粟倉村大字影石８９５番地,2020-04-06,株式会社
株式会社ハラオカ,大分県宇佐市大字長洲４２６３番地の６４,2020-04-06,株式会社
株式会社ハンドワークスエンジニア,岐阜県関市小屋名８１５番地１,2020-04-06,株式会社
株式会社バンカーズファーム,山口県下関市竹崎町４丁目２番３６号,2020-04-06,株式会社
株式会社バード,鹿児島県薩摩川内市樋脇町市比野８６８２番地２０８,2020-04-06,株式会社
株式会社バードアイエンタープライズ,北海道河西郡更別村字更別１８９番地２７,2020-04-06,株式会社
株式会社ビックオート,広島県東広島市八本松東６丁目１番２０号,2020-04-06,株式会社
株式会社ビレッジバックス,奈良県天理市三島町１２０番地,2020-04-06,株式会社
株式会社ビーエス・ジェイ,愛知県名古屋市中区栄２丁目９番３０号,2020-04-06,株式会社
株式会社ファインサービス,大阪府東大阪市若江西新町３丁目４番１３号,2020-04-06,株式会社
株式会社ファーイーストエンジン,新潟県新潟市西区青山１丁目３番１号,2020-04-06,株式会社
株式会社ファーム・ナカムラ,茨城県つくば市大形８９１番地,2020-04-06,株式会社
株式会社フィフス,富山県富山市問屋町２丁目３番７号,2020-04-06,株式会社
株式会社フォートいけだ,北海道札幌市東区東苗穂一条２丁目２番１６号,2020-04-06,株式会社
株式会社フタミプランニング,大分県大分市大字中戸次５８７５番地の２,2020-04-06,株式会社
株式会社フツパー,大阪府大阪市淀川区西中島１丁目９番２０号,2020-04-06,株式会社
株式会社フロントライスフィールド,福岡県北九州市若松区南二島５丁目１番１６号,2020-04-06,株式会社
株式会社フローラ,静岡県浜松市中区西伊場町４７番３３号ＣＰビル,2020-04-06,株式会社
株式会社ブライト,東京都大田区大森南３丁目１８番１３号,2020-04-06,株式会社
株式会社ブレイク,東京都世田谷区南烏山３丁目１６番２号アクシス２０１号,2020-04-06,株式会社
株式会社ブレイクエリア,東京都江戸川区北葛西２丁目３番２０号,2020-04-06,株式会社
株式会社プロローグ,北海道北見市本町１丁目１番８号,2020-04-06,株式会社
株式会社ヘアピープル,兵庫県西脇市和田町７９４番地の２,2020-04-06,株式会社
株式会社ベストパワー,奈良県五條市住川町１３０８番地,2020-04-06,株式会社
株式会社ベリアントプラス,東京都荒川区西日暮里５丁目１６番７号大木ビル３階,2020-04-06,株式会社
株式会社ホレスト,奈良県橿原市中曽司町５７番地の１８,2020-04-06,株式会社
株式会社ホーネスト,愛知県名古屋市港区当知２丁目３２２番地,2020-04-06,株式会社
株式会社ポルンガ,東京都葛飾区金町６丁目１０番１４号,2020-04-06,株式会社
株式会社マイユニ,大阪府東大阪市若江東町５丁目３番２号,2020-04-06,株式会社
株式会社マイ・キャン,静岡県浜松市中区西丘町３６２番地の２,2020-04-06,株式会社
株式会社マグノリア,埼玉県入間市扇台２丁目１番２１号,2020-04-06,株式会社
株式会社マリオプランニング,島根県浜田市河内町１８７３番地１,2020-04-06,株式会社
株式会社マリーズ,愛知県知立市新地町吉良道東３１番地,2020-04-06,株式会社
株式会社マルイチ,東京都港区赤坂２丁目５番２７号,2020-04-06,株式会社
株式会社マルシゲ,群馬県館林市大谷町１０２８番地の２９,2020-04-06,株式会社
株式会社マルセイ,島根県出雲市里方町９７４番地,2020-04-06,株式会社
株式会社マルニ,東京都港区西新橋２丁目１３番１０号,2020-04-06,株式会社
株式会社マルパソ赤坂,東京都港区西新橋２丁目１３番１０号,2020-04-06,株式会社
株式会社マルヤマトラスト,宮城県仙台市宮城野区港４丁目１番地２,2020-04-06,株式会社
株式会社マレント,岡山県倉敷市安江４８８番地４,2020-04-06,株式会社
株式会社マースシステムズ西日本,大阪府大阪市北区堂島１丁目６番２０号堂島アバンザ,2020-04-06,株式会社
株式会社ミトリ,愛知県豊橋市柱四番町５９番地,2020-04-06,株式会社
株式会社ミライズテクノロジーズ,愛知県日進市米野木町南山５００番地１,2020-04-06,株式会社
株式会社ミート岩田,埼玉県越谷市北越谷２丁目２０番２５－１号,2020-04-06,株式会社
株式会社ムラカミ塗装,静岡県御殿場市大坂３２５番地の１３,2020-04-06,株式会社
株式会社ムーンフィールズ,東京都大田区羽田１丁目２１番２号,2020-04-06,株式会社
株式会社ムーン・ポイント,東京都足立区入谷３丁目９番２号,2020-04-06,株式会社
株式会社メカトロ・イトー,福井県坂井市丸岡町四ツ柳第１４号１番地,2020-04-06,株式会社
株式会社メディエイトシップ,東京都調布市小島町２丁目１番地２,2020-04-06,株式会社
株式会社モアクリエイト,広島県広島市佐伯区河内南２丁目３１番２９号,2020-04-06,株式会社
株式会社モノベーション,愛知県名古屋市西区南川町６４番地の１,2020-04-06,株式会社
株式会社モリタ防災,大阪府箕面市桜ケ丘２丁目２番２３号,2020-04-06,株式会社
株式会社ヤストミ,鳥取県米子市大篠津町３３１２番地,2020-04-06,株式会社
株式会社ヤスハラ,大阪府大阪市大正区三軒家西３丁目１番１号,2020-04-06,株式会社
株式会社ヤマカジ住設,滋賀県近江八幡市安土町石寺２１５３番地,2020-04-06,株式会社
株式会社ヤマダ電機分割準備会社,群馬県高崎市栄町１番１号,2020-04-06,株式会社
株式会社ユタカ空調,奈良県葛城市忍海３０１番地１,2020-04-06,株式会社
株式会社ユニバーサルトレーディング,兵庫県西宮市堀切町７番１１号,2020-04-06,株式会社
株式会社ライシス,岡山県久米郡美咲町西川８５０番地３,2020-04-06,株式会社
株式会社ライフテック,北海道札幌市北区新琴似町２４８番地３,2020-04-06,株式会社
株式会社リアルエステートイノベーション,東京都渋谷区本町２丁目５番６号,2020-04-06,株式会社
株式会社リエージュ,富山県富山市上袋３１０番地１,2020-04-06,株式会社
株式会社リシパ,愛知県名古屋市西区中小田井３丁目９９番２号,2020-04-06,株式会社
株式会社リノバ,東京都中央区銀座１丁目２２番１１号銀座大竹ビジデンス２Ｆ,2020-04-06,株式会社
株式会社リプカ,東京都世田谷区松原１丁目４６番９号ＯＨＲＥＭ明大前ビル４０２号室,2020-04-06,株式会社
株式会社リライズ,大阪府大阪市旭区高殿４丁目２２番２２号,2020-04-06,株式会社
株式会社リレート,静岡県浜松市中区高林４丁目３番５号,2020-04-06,株式会社
株式会社リヴェール,熊本県熊本市東区健軍３丁目５０番１９号４階,2020-04-06,株式会社
株式会社レイクスファーム,滋賀県野洲市吉川１１０８,2020-04-06,株式会社
株式会社レオ・コーポレーション,香川県丸亀市郡家町３０５０番地１フェリシティ１０２,2020-04-06,株式会社
株式会社レキオンリンクス,沖縄県糸満市字糸満２４３２番地の７,2020-04-06,株式会社
株式会社レントスマイル,静岡県磐田市上万能２０３番地７,2020-04-06,株式会社
株式会社ロガーフォレスト,福岡県豊前市大字今市６５６番地１,2020-04-06,株式会社
株式会社ロジネス,東京都港区海岸３丁目５番１３号,2020-04-06,株式会社
株式会社ローヴィス,東京都世田谷区奥沢５丁目２７番１１号５Ｆ,2020-04-06,株式会社
株式会社ワイワイワークス,愛知県丹羽郡扶桑町大字高雄字北海道５１番地,2020-04-06,株式会社
株式会社ワカハマ,北海道札幌市白石区本通８丁目北６番１４号,2020-04-06,株式会社
株式会社ワン,北海道札幌市北区新琴似七条７丁目７番２６号,2020-04-06,株式会社
株式会社ワンフロンティア,東京都目黒区洗足１丁目１９番４号,2020-04-06,株式会社
株式会社ワークス川尻,富山県黒部市生地神区３９０番地１,2020-04-06,株式会社
株式会社三和,愛知県名古屋市千種区清住町１丁目８１番地,2020-04-06,株式会社
株式会社三智工業,大阪府大東市御領２丁目１番４７号,2020-04-06,株式会社
株式会社三経,愛媛県四国中央市土居町津根２１８９番地１,2020-04-06,株式会社
株式会社三葉,広島県庄原市川手町３４５番地６,2020-04-06,株式会社
株式会社上村技術士事務所,熊本県熊本市東区佐土原１丁目８番４５－４０２号,2020-04-06,株式会社
株式会社不動産コンサルのタテモト,熊本県八代市松江町１６８番地４,2020-04-06,株式会社
株式会社並成工業,神奈川県川崎市川崎区小田４丁目３２番１８－３号ユナイト小田リオグランデの杜１０１,2020-04-06,株式会社
株式会社中島トランスポート,東京都世田谷区上用賀３丁目１番１９号,2020-04-06,株式会社
株式会社丸源管工,滋賀県守山市今浜町２５３３番地２４,2020-04-06,株式会社
株式会社井上林業,北海道河東郡音更町字音更西３線１４番地５１,2020-04-06,株式会社
株式会社京浜機工,神奈川県川崎市川崎区田島町１６番２２,2020-04-06,株式会社
株式会社京都Ｔサービス,京都府宇治市木幡南端４０番地の２２,2020-04-06,株式会社
株式会社令和コーポレーション,熊本県荒尾市大島１０２番地１,2020-04-06,株式会社
株式会社令和建設,石川県輪島市河井町５部２８４番地,2020-04-06,株式会社
株式会社仲得大工,愛知県海部郡大治町大字長牧字浦畑１０４番地の２,2020-04-06,株式会社
株式会社佐々木工業,長崎県佐世保市春日町２７番１７号,2020-04-06,株式会社
株式会社侑佳コーポレーション,大分県大分市大字猪野２１７番地１,2020-04-06,株式会社
株式会社信和産業,福島県田村郡三春町字中町３７番地１,2020-04-06,株式会社
株式会社優伸運送,愛知県高浜市八幡町３丁目５番地２３,2020-04-06,株式会社
株式会社光企画,熊本県熊本市北区楠８丁目１６番５号グランディール楠１０１,2020-04-06,株式会社
株式会社光栄建設,福岡県北九州市小倉南区横代北町５丁目４番１号,2020-04-06,株式会社
株式会社内匠頭事務与力,大阪府大阪市北区大淀中１丁目１１番４－６０３号,2020-04-06,株式会社
株式会社内藤アカデミー,神奈川県川崎市中原区下小田中３丁目１６番１５号,2020-04-06,株式会社
株式会社凸凹,滋賀県大津市茶が崎４番１－３０４号,2020-04-06,株式会社
株式会社前原工業,東京都足立区佐野１丁目２番１２号さくら館Ａ２０３,2020-04-06,株式会社
株式会社加藤建装,富山県高岡市能町３０２２番地,2020-04-06,株式会社
株式会社北海道不動産,北海道札幌市北区屯田八条２丁目９番２８号,2020-04-06,株式会社
株式会社千庭,大阪府南河内郡千早赤阪村大字森屋１０３番地１,2020-04-06,株式会社
株式会社南山建設,熊本県熊本市南区富合町莎崎５７番地１,2020-04-06,株式会社
株式会社南海リサーチ＆アクト,大阪府大阪市中央区難波５丁目１番６０号,2020-04-06,株式会社
株式会社南部企画,熊本県熊本市東区上南部１丁目１４番１号,2020-04-06,株式会社
株式会社卯月デザイン事務所,東京都北区滝野川７丁目１５番１号,2020-04-06,株式会社
株式会社原設備,奈良県北葛城郡王寺町南元町３丁目１番１８号,2020-04-06,株式会社
株式会社友工務店,静岡県湖西市新居町中之郷２０３０番地の９,2020-04-06,株式会社
株式会社友心,宮崎県都城市鷹尾３丁目１街区１号,2020-04-06,株式会社
株式会社古川電気工事,福井県福井市高木町第１４号１１番地２,2020-04-06,株式会社
株式会社和而不同,長崎県島原市白土桃山２丁目１１４０番地１４,2020-04-06,株式会社
株式会社和香,千葉県松戸市小金４４８番地の１５,2020-04-06,株式会社
株式会社品川トレード,和歌山県和歌山市加太１１８番地,2020-04-06,株式会社
株式会社商,愛知県安城市東端町里２０番地１１,2020-04-06,株式会社
株式会社商店建設,東京都練馬区高松１丁目１８番３号,2020-04-06,株式会社
株式会社国際幼児教育研究所,東京都世田谷区砧８丁目６番４号,2020-04-06,株式会社
株式会社坂下技建,岩手県紫波郡矢巾町大字広宮沢第１０地割５１６番地１３,2020-04-06,株式会社
株式会社坂本工業,静岡県袋井市川井５６５番地の１０ドエル川井Ｂ２０３号室,2020-04-06,株式会社
株式会社堀口測量設計,和歌山県西牟婁郡白浜町才野７０５番地の３,2020-04-06,株式会社
株式会社増田建材,奈良県五條市田園４丁目１４番地の３２,2020-04-06,株式会社
株式会社夢Ｓｔｙｌｅ,熊本県熊本市東区長嶺東２丁目４１－２,2020-04-06,株式会社
株式会社大成,福岡県直方市大字感田１８７０番地１１,2020-04-06,株式会社
株式会社大樹,宮城県仙台市泉区鶴が丘１丁目４４番２６号,2020-04-06,株式会社
株式会社大浦商会,神奈川県秦野市鶴巻２３１９番地の９ドミール宮の下Ｂ２０１号,2020-04-06,株式会社
株式会社大翔,宮崎県都城市早水町３８号１番地,2020-04-06,株式会社
株式会社大貴,愛知県豊橋市飯村町字東川２０番地の２６,2020-04-06,株式会社
株式会社大阪中之島ミュージアム,大阪府大阪市北区中之島２丁目３番１８号,2020-04-06,株式会社
株式会社大鵬,愛媛県今治市波方町波方乙４８０番地１７,2020-04-06,株式会社
株式会社天体パズル,岡山県岡山市中区中井４丁目１１番８号,2020-04-06,株式会社
株式会社天狗堂,大阪府和泉市岡町３０２番地の１,2020-04-06,株式会社
株式会社天鹿,北海道札幌市北区北三十条西４丁目１－１,2020-04-06,株式会社
株式会社太平フーズ,宮城県仙台市若林区六丁の目東町２番８号,2020-04-06,株式会社
株式会社奥田工務店,広島県広島市安芸区中野２丁目７番１８号,2020-04-06,株式会社
株式会社宣美クリエイティブ,東京都中央区勝どき２丁目１８番１号,2020-04-06,株式会社
株式会社富塚建装,静岡県浜松市西区西山町１８６１番地の１１,2020-04-06,株式会社
株式会社富樫緑化,石川県金沢市窪５丁目６８２番地,2020-04-06,株式会社
株式会社寿,福岡県北九州市戸畑区沢見２丁目６番６号,2020-04-06,株式会社
株式会社小林技研,三重県津市安濃町安濃２８２２番地３,2020-04-06,株式会社
株式会社小林電機工業,茨城県龍ケ崎市川原代町４８１番地２,2020-04-06,株式会社
株式会社小肥羊中日本,岐阜県岐阜市鷺山１３２３番地３,2020-04-06,株式会社
株式会社就労支援ラボラトリー,岡山県倉敷市東富井３６４番地１レガーロⅡ２０１,2020-04-06,株式会社
株式会社尾前設備工業,宮崎県東臼杵郡椎葉村大字不土野１０３２番地,2020-04-06,株式会社
株式会社山三,大阪府寝屋川市太秦中町２１番１４号,2020-04-06,株式会社
株式会社山崎,茨城県龍ケ崎市馴馬町３９１６番地,2020-04-06,株式会社
株式会社山本創建,北海道上川郡下川町南町１３４番地７,2020-04-06,株式会社
株式会社岩瀬設備,東京都八王子市犬目町５０８番地１１,2020-04-06,株式会社
株式会社川北板金,三重県鈴鹿市上野町１１６６番地の１,2020-04-06,株式会社
株式会社川岸牧場,兵庫県西脇市黒田庄町前坂１１２１番地,2020-04-06,株式会社
株式会社平岡工務店,富山県射水市黒河新１１６番地,2020-04-06,株式会社
株式会社平田工業,岡山県津山市安井２４２番地３,2020-04-06,株式会社
株式会社幸坂工業,山口県周南市若草町９番１１号,2020-04-06,株式会社
株式会社幸繋,岐阜県中津川市駒場２２３７番地の１,2020-04-06,株式会社
株式会社広島市民葬儀,広島県広島市中区流川町５番１５号４階,2020-04-06,株式会社
株式会社広輝,岡山県笠岡市横島６２０番地６,2020-04-06,株式会社
株式会社康建築,北海道江別市緑町西１丁目４９番地の３,2020-04-06,株式会社
株式会社建剛,石川県白山市陽羽里２丁目４３番地,2020-04-06,株式会社
株式会社建設みらい総研,東京都台東区花川戸２丁目２番２号フォルスコート浅草隅田公園７０３,2020-04-06,株式会社
株式会社弘中総合保険事務所,島根県益田市乙吉町イ９８番地６,2020-04-06,株式会社
株式会社弘工業,三重県いなべ市北勢町大辻新田３５番地２,2020-04-06,株式会社
株式会社後藤壮建築事務所,愛知県春日井市林島町１２６番地２,2020-04-06,株式会社
株式会社後藤設備,岐阜県瑞浪市稲津町萩原６５５番地,2020-04-06,株式会社
株式会社心星電気工業,宮城県多賀城市東田中２丁目３８番１０号,2020-04-06,株式会社
株式会社恒和産業,東京都荒川区東尾久１丁目３６番１１号,2020-04-06,株式会社
株式会社成茂根,東京都足立区綾瀬２丁目２４番８号日興パレス綾瀬８０５,2020-04-06,株式会社
株式会社戸塚硝事,東京都墨田区東向島６丁目３７番４－３０６号,2020-04-06,株式会社
株式会社操英,大阪府高槻市津之江北町１９番７号,2020-04-06,株式会社
株式会社新,岡山県津山市一方３０３番地１０,2020-04-06,株式会社
株式会社新海,愛知県名古屋市中川区外新町３丁目４番地,2020-04-06,株式会社
株式会社日本右京,京都府京都市右京区嵯峨野宮ノ元町４８番地４,2020-04-06,株式会社
株式会社晴舞台,大分県豊後大野市大野町大原５４２番地２,2020-04-06,株式会社
株式会社木代建築工芸,愛媛県四国中央市豊岡町大町１２３０番地の１,2020-04-06,株式会社
株式会社木村建板,滋賀県高島市新旭町旭４５９番地２,2020-04-06,株式会社
株式会社札幌情報ソリューションズ,北海道札幌市中央区南一条東２丁目５番地１,2020-04-06,株式会社
株式会社札幌杉商,北海道札幌市東区北二十条東２２丁目１番２６号,2020-04-06,株式会社
株式会社村松,大阪府東大阪市大蓮東３丁目８番１２号,2020-04-06,株式会社
株式会社来須工業,埼玉県加須市日出安１３３５番地１,2020-04-06,株式会社
株式会社東京ユース,茨城県取手市戸頭２８０番地,2020-04-06,株式会社
株式会社東横ＩＮＮ　Ｊｒ．工務店,東京都渋谷区恵比寿４丁目５番２１号,2020-04-06,株式会社
株式会社松本オートサービス,徳島県阿南市横見町前田６番地１,2020-04-06,株式会社
株式会社松本水産,山口県長門市東深川６番地２,2020-04-06,株式会社
株式会社松田工業,奈良県天理市川原城町６７１番地,2020-04-06,株式会社
株式会社林熔接,三重県桑名市大字江場６２１番地７,2020-04-06,株式会社
株式会社柏木システムズ,東京都杉並区和田３丁目５６番１３号ミタビル２Ｆ,2020-04-06,株式会社
株式会社樹,熊本県宇城市松橋町松橋１７１５番地１,2020-04-06,株式会社
株式会社櫻花,神奈川県横浜市中区山下町３７番地８グローリオタワー横浜元町１６１０号室,2020-04-06,株式会社
株式会社正悟,徳島県徳島市栄町３丁目９番地の１,2020-04-06,株式会社
株式会社武,神奈川県川崎市川崎区旭町１丁目７番６号プラーズ旭町１０４,2020-04-06,株式会社
株式会社武士,北海道士別市下士別町四十二線東９番地,2020-04-06,株式会社
株式会社江谷農産,岩手県北上市上江釣子１２地割１９８番地,2020-04-06,株式会社
株式会社江連住設,栃木県宇都宮市石井町２３４１番地,2020-04-06,株式会社
株式会社津田総合企画,福岡県北九州市小倉北区片野４丁目１０番１９号,2020-04-06,株式会社
株式会社浜松将陽館,静岡県浜松市西区桜台３丁目２７番１７号,2020-04-06,株式会社
株式会社清翔,宮城県仙台市若林区若林２丁目５番４４－４０７号,2020-04-06,株式会社
株式会社源美装店,香川県高松市東植田町８３９番地５,2020-04-06,株式会社
株式会社濱﨑畜産,宮崎県小林市野尻町紙屋８９７番地６,2020-04-06,株式会社
株式会社現場の応援団,愛知県名古屋市北区大曽根４丁目１番３号,2020-04-06,株式会社
株式会社瑞＿,大阪府大阪市東成区玉津３丁目１番１４号,2020-04-06,株式会社
株式会社皆川農場,北海道天塩郡豊富町字メナシベツ原野十六線南１番地の乙,2020-04-06,株式会社
株式会社盛昇,愛知県安城市姫小川町北門原１３番地１スターターマンション姫小川３０１,2020-04-06,株式会社
株式会社相生マリン,兵庫県相生市旭２丁目５３４８－２２,2020-04-06,株式会社
株式会社神成タイヤ,岩手県奥州市水沢工業団地３丁目２５番地,2020-04-06,株式会社
株式会社神田電気炉製作所,愛知県名古屋市北区長喜町４丁目１番地の４,2020-04-06,株式会社
株式会社福岡勘吉,福井県鯖江市下新庄町第５２号７６番地,2020-04-06,株式会社
株式会社秀,愛知県名古屋市中区丸の内１丁目５番３９号ライオンズマンション丸の内第６、４０６号,2020-04-06,株式会社
株式会社秋森林業,島根県大田市静間町１３２８番地１２,2020-04-06,株式会社
株式会社稲造,三重県鈴鹿市西庄内町４８００番地の１,2020-04-06,株式会社
株式会社竜伸電工,山口県下関市長府豊城町５番３９号,2020-04-06,株式会社
株式会社美けん,東京都三鷹市下連雀１丁目２９－１８,2020-04-06,株式会社
株式会社美来,東京都葛飾区新宿６丁目２番１－１３２９号シティタワー金町タワー棟,2020-04-06,株式会社
株式会社翼,栃木県真岡市熊倉２丁目１９番地２,2020-04-06,株式会社
株式会社花食,東京都稲城市平尾２丁目１０番地の１第２ＳＩＣビル３０３,2020-04-06,株式会社
株式会社若杉,新潟県南魚沼市万条新田１７６番地１,2020-04-06,株式会社
株式会社若返り体質研究所,岡山県岡山市南区福田１０１２番地６,2020-04-06,株式会社
株式会社草深建創,三重県鈴鹿市弓削１丁目６５０,2020-04-06,株式会社
株式会社荒関牧場,宮城県遠田郡涌谷町小里字菅の沢３６番地４,2020-04-06,株式会社
株式会社菅田工業,東京都足立区関原３丁目３５番１１号,2020-04-06,株式会社
株式会社菊菱,東京都新宿区神楽坂６丁目４０番地,2020-04-06,株式会社
株式会社萩建装,山口県萩市大字椿東５６８１番地,2020-04-06,株式会社
株式会社藤将,宮城県名取市下増田字耕谷７２番地,2020-04-06,株式会社
株式会社裕建,宮城県石巻市南中里４丁目５番３号,2020-04-06,株式会社
株式会社裕建築板金,高知県高知市円行寺１０３４番地,2020-04-06,株式会社
株式会社西建築工房,鹿児島県霧島市横川町中ノ字諏訪１００９番地２,2020-04-06,株式会社
株式会社西野電設,滋賀県湖南市三雲８６１番地３,2020-04-06,株式会社
株式会社覚泉荘,群馬県安中市高別当３９８番地２,2020-04-06,株式会社
株式会社近江磨輝道,滋賀県近江八幡市馬淵町２０８番地４,2020-04-06,株式会社
株式会社近畿ハウジングセンター,大阪府茨木市寺田町１７番１４号,2020-04-06,株式会社
株式会社達義造園,東京都立川市一番町１丁目６１番地の５天王橋コーポ５０５号,2020-04-06,株式会社
株式会社野崎工業,神奈川県川崎市川崎区池上新町２丁目７番１０号ハイツ木口１０２,2020-04-06,株式会社
株式会社金子建材,神奈川県横浜市栄区小菅ケ谷４丁目２８番１９号,2020-04-06,株式会社
株式会社長谷川塗装店,佐賀県伊万里市松浦町桃川２７００番地１,2020-04-06,株式会社
株式会社関根牧場,青森県下北郡東通村大字砂子又字上新田１番地７,2020-04-06,株式会社
株式会社青葉サービス機工,愛知県小牧市大字本庄２５８８番地２７２,2020-04-06,株式会社
株式会社高昇,岐阜県羽島郡岐南町下印食３丁目３０番地,2020-04-06,株式会社
株式会社高木事務所,愛知県稲沢市祖父江町上牧中外１０３９番地,2020-04-06,株式会社
株式会社高田工業,静岡県伊豆の国市韮山韮山４３７番地の１,2020-04-06,株式会社
株式会社高田造園,埼玉県久喜市菖蒲町菖蒲５０１３番地２５３,2020-04-06,株式会社
株式会社高萩自然エネルギー,茨城県高萩市春日町２丁目２６番地,2020-04-06,株式会社
株式会社高野不動産コンサルティング,東京都世田谷区赤堤３丁目１番１８号シャトレー赤堤１０２,2020-04-06,株式会社
株式会社高野商会,静岡県浜松市北区三ヶ日町都筑１１６６番地の１１,2020-04-06,株式会社
株式会社３３,神奈川県川崎市川崎区大島上町２７番３－６０１号クリオ川崎追分弐番館,2020-04-06,株式会社
株式会社４０４,東京都目黒区碑文谷５丁目１８－３,2020-04-06,株式会社
株式会社４ＬＩＦＥ,熊本県八代市袋町３番２号,2020-04-06,株式会社
株式会社４ｔｒｅｅ　Ｃｏｒｐ．,広島県福山市加茂町字八軒屋１２３番地５,2020-04-06,株式会社
株式会社６６６,静岡県浜松市西区大平台４丁目８番１５号,2020-04-06,株式会社
株式会社Ａ・Ｂクリエイト,徳島県徳島市昭和町８丁目６６番地,2020-04-06,株式会社
株式会社Ａ．Ｉ．ＨＥＡＲＴ,埼玉県さいたま市岩槻区東岩槻６丁目２番地１ＧＲＡＮＤＣＯＵＲＴⅠ－１０１号,2020-04-06,株式会社
株式会社ＡＢＣデザイン,愛知県名古屋市北区楠４丁目６１９番地の２,2020-04-06,株式会社
株式会社ＡＣＴＩＯＮ,福岡県北九州市小倉北区江南町５番１４－１０２号,2020-04-06,株式会社
株式会社ＡＩＣ,栃木県宇都宮市南大通り１丁目１番３－３０３号,2020-04-06,株式会社
株式会社ＡＫパートナーズ,東京都大田区大森西５丁目４番１１号,2020-04-06,株式会社
株式会社ＡＬＡＮＤ,神奈川県横浜市瀬谷区瀬谷５丁目１３番地２－２０１,2020-04-06,株式会社
株式会社ＡＯＩ,岡山県倉敷市平田２６３番地５,2020-04-06,株式会社
株式会社ＡＲＡＸ,埼玉県比企郡川島町大字南園部１５４番地１,2020-04-06,株式会社
株式会社ＡＲＵＴＥＧＡ,大阪府大阪市中央区本町２丁目３－４,2020-04-06,株式会社
株式会社ＡＳＵコーポレーション,熊本県天草市楠浦町１９７０番地２,2020-04-06,株式会社
株式会社Ａｎｊｏ,大阪府大阪市生野区中川東２丁目１５番１９号,2020-04-06,株式会社
株式会社Ａｚｇｌｉｍ,東京都杉並区桃井２丁目２番７－９０３号,2020-04-06,株式会社
株式会社ＢＥ,滋賀県甲賀市信楽町牧８９１番地１,2020-04-06,株式会社
株式会社ＢＥＡＤ,東京都中央区日本橋室町２丁目１番１号日本橋三井タワー,2020-04-06,株式会社
株式会社ＢＥＡＵＴＥ５２８,滋賀県大津市瀬田４丁目３番７－２０６号（ツバキハイツ）,2020-04-06,株式会社
株式会社ＢＮＥＫ,大阪府池田市住吉１丁目１６番５－５１５号,2020-04-06,株式会社
株式会社Ｂｅｈｉｎｄ　ｔｈｅ　ｓｃｅｎｅｓ,東京都千代田区神田多町２丁目１番地神田東山ビル７Ｆ,2020-04-06,株式会社
株式会社Ｂｅｎｅｆｉｔ,愛知県名古屋市港区七番町２丁目１番地の１（ライオンズ東海通ジェイグランディア６０１号）,2020-04-06,株式会社
株式会社Ｃ２ＮＩＭ,神奈川県横浜市泉区上飯田町１９３７番地１７,2020-04-06,株式会社
株式会社ＣＥＮＴＥＲ,東京都世田谷区等々力８丁目１５番１７号クレッセント等々力Ⅲ－１０５,2020-04-06,株式会社
株式会社ＣＲ．ＥＩ,福岡県北九州市小倉南区重住１丁目３番５号,2020-04-06,株式会社
株式会社ＣＲＥＳＴ,長野県長野市大字徳間６３３番地８,2020-04-06,株式会社
株式会社Ｃｅｎｔｅｒ　Ｆｏｒｃｅ,愛知県名古屋市西区上小田井２丁目１１８番地,2020-04-06,株式会社
株式会社Ｃｏ－ｈａｎａ,北海道札幌市西区山の手三条１丁目２番３０－１３０１号,2020-04-06,株式会社
株式会社Ｃｒｏｓｓ,神奈川県横浜市神奈川区反町１丁目１番地３,2020-04-06,株式会社
株式会社Ｃｕｂｙ,愛知県豊橋市西幸町字浜池５６番地１,2020-04-06,株式会社
株式会社ＤＣＡＡ,東京都渋谷区広尾１丁目１０番７号,2020-04-06,株式会社
株式会社ＤＥＳＩＧＮ　ＬＯＴＺ,大阪府東大阪市今米１丁目２番４８号松栄ビル８０６,2020-04-06,株式会社
株式会社ＥＥロジスティックス,大阪府大阪市平野区平野北１丁目７番７号,2020-04-06,株式会社
株式会社ＥＪ．ｃｏｍｐａｎｙ,埼玉県さいたま市北区宮原町４丁目６６番地９－４０１,2020-04-06,株式会社
株式会社ＥＮＺＩＮＧ,福岡県北九州市小倉北区井堀３丁目１３番２１号,2020-04-06,株式会社
株式会社ＥＳ,岐阜県岐阜市西野町７丁目９番地,2020-04-06,株式会社
株式会社ＥＸｔｅｃｈ,東京都昭島市上川原町２丁目１２番１４号ｓｉｌｖａｃｏｕｒｔ４Ｃ,2020-04-06,株式会社
株式会社ＥｎＺｉｎ,愛知県名古屋市中区東桜２丁目２２番１８号,2020-04-06,株式会社
株式会社Ｅｖｅｒｙ,東京都渋谷区広尾１丁目８－５グランシャルム広尾６１５,2020-04-06,株式会社
株式会社Ｆ．Ｓ．Ｔ,宮城県柴田郡大河原町字西桜町２番地１,2020-04-06,株式会社
株式会社ＦＤＨ,東京都中央区勝どき５丁目３番１－８０１号,2020-04-06,株式会社
株式会社ＦＧＬグループ・マネジメントサービス,東京都千代田区麹町５丁目１番地１,2020-04-06,株式会社
株式会社ＦＩＰＧ企画,東京都板橋区弥生町６２番１２号メープルハウス１０３号室,2020-04-06,株式会社
株式会社ＦＪコーポレーション,石川県金沢市松島３丁目４８番地２,2020-04-06,株式会社
株式会社ＦＫＳ　ＣＡＲＧＯ,愛知県名古屋市北区天道町１丁目１３番地の１,2020-04-06,株式会社
株式会社ＦＯＲＥＳＴ．ＯＮＥ,北海道釧路市春採２丁目９番１９号,2020-04-06,株式会社
株式会社ＦＵＤＯ,大阪府大東市氷野２丁目１１番３号富尾ビル２０１号室,2020-04-06,株式会社
株式会社Ｆａｍｉｌｌｅ,北海道北斗市東前１５番地の５９,2020-04-06,株式会社
株式会社Ｆｏｕｎｄｅｒ,大阪府東大阪市神田町１９番８号,2020-04-06,株式会社
株式会社Ｆｒｅｅ　Ｓｔｙｌｅ　Ｐｌｕｓ,神奈川県横浜市西区平沼２丁目４番４号杉井ビル１Ｆ,2020-04-06,株式会社
株式会社Ｆｕｔｕｒｅ＆Ｔｅｃ,神奈川県横浜市鶴見区鶴見中央４丁目３２番２１号マエダ中央ビル,2020-04-06,株式会社
株式会社ＧＥＣ,東京都中央区銀座６丁目６番１号,2020-04-06,株式会社
株式会社ＧＩＧマネジメント,鹿児島県霧島市隼人町姫城８３６番地４,2020-04-06,株式会社
株式会社ＧＩＮＧＡ,岩手県二戸郡一戸町楢山字茶屋場４７番地１,2020-04-06,株式会社
株式会社ＧＮＬ,東京都中央区銀座６丁目６番１号,2020-04-06,株式会社
株式会社ＧＯＬＤ　ＧＲＡＶＩＴＹ　ＪＡＰＡＮ,東京都世田谷区船橋１丁目５３番７号,2020-04-06,株式会社
株式会社ＧＯＯＤ　ＤＥＡＬ　ＳＥＮＤＡＩ,宮城県仙台市青葉区川平５丁目１２番８号,2020-04-06,株式会社
株式会社ＧＷカンパニー,東京都港区六本木５丁目１６番５０号六本木デュープレックスエムズ２１６,2020-04-06,株式会社
株式会社ＧＹ．ｃｏｎｎｅｃｔ,広島県呉市広中新開２丁目１１番１号,2020-04-06,株式会社
株式会社Ｈ＆Ｋ,神奈川県川崎市川崎区新川通１１番７－９０４号グランイーグル,2020-04-06,株式会社
株式会社Ｈ－Ｋ．ボネスタ,東京都江戸川区松江６丁目１番７号,2020-04-06,株式会社
株式会社ＨＭランド,宮城県登米市迫町佐沼字大東９２番地７,2020-04-06,株式会社
株式会社ＨＯＲＵＳ,山口県光市島田２丁目２６番２５号,2020-04-06,株式会社
株式会社ＨＳＧ,石川県野々市市押越２丁目１６４番地１,2020-04-06,株式会社
株式会社ＨＹＤＳ,茨城県稲敷郡阿見町大字吉原３５９７番地３６,2020-04-06,株式会社
株式会社Ｈａｎｄ＆Ｄｅｓｉｇｎ,東京都世田谷区経堂５丁目３１番６号三和ビル１０２,2020-04-06,株式会社
株式会社Ｈａｎｄｓ　Ｓｕｐｐｏｒｔ,大阪府東大阪市宝持２丁目１番２２号,2020-04-06,株式会社
株式会社Ｈｅａｌｔｈ　Ｌｉｎｋ,北海道札幌市中央区北四条西２２丁目１番２０－４０２号,2020-04-06,株式会社
株式会社Ｈｅｌｌｏ,香川県仲多度郡多度津町本通１丁目９番１８号,2020-04-06,株式会社
株式会社ＨｉＫＥ,岡山県倉敷市老松町２丁目１１番３０－１４０１号,2020-04-06,株式会社
株式会社Ｉ．Ｓ．Ｔ,香川県綾歌郡宇多津町６１０番地２,2020-04-06,株式会社
株式会社Ｉ．Ｔ．Ｏ,大阪府豊中市少路２丁目３番５５－７０３号,2020-04-06,株式会社
株式会社ＩＳＨＩＫＵＲＡ,愛知県岡崎市江口１丁目３番地２,2020-04-06,株式会社
株式会社ＩＴＭ,宮城県仙台市宮城野区鶴ケ谷北２丁目２番１号,2020-04-06,株式会社
株式会社Ｉｓｈｉｋａｗａ　Ｉｎｄｕｓｔｒｙ,愛知県安城市井杭山町一本木６番地４,2020-04-06,株式会社
株式会社ＪＢスタイル,福岡県北九州市小倉南区守恒本町２丁目６番６号,2020-04-06,株式会社
株式会社ＪＢＧ　Ｍｕｓｉｃ,東京都港区南青山５丁目１２番３号リアン南青山１Ｆ,2020-04-06,株式会社
株式会社ＪＧＳラボ,東京都足立区一ツ家１丁目１番１５号,2020-04-06,株式会社
株式会社ＪＫｃｒａｆｔ,宮崎県宮崎市中村西１丁目３番１３号サンデービーチエコル２０１号,2020-04-06,株式会社
株式会社ＪＭＤＣキャピタル,東京都港区芝大門２丁目５番５号,2020-04-06,株式会社
株式会社ＪＰ　Ａｌｌｉａｎｃｅ,東京都豊島区東池袋２丁目５番９号加瀬ビル１２２－２階,2020-04-06,株式会社
株式会社Ｋ事業企画工房,神奈川県横浜市神奈川区三ツ沢南町１２番３２号,2020-04-06,株式会社
株式会社Ｋ．Ｋ．Ｅカンパニー,東京都新宿区大久保２丁目２１番１２号,2020-04-06,株式会社
株式会社ＫＡＫＡ,神奈川県藤沢市朝日町１１－３ロイヤルハイツサトウ１階,2020-04-06,株式会社
株式会社ＫＡＮＡＴＡ,兵庫県西宮市愛宕山１３番１９号,2020-04-06,株式会社
株式会社ＫＥＩＺ,愛媛県新居浜市田所町６番２５４号アイビー館,2020-04-06,株式会社
株式会社ＫＯＳＡＩＤＯ　Ｉｎｎｏｖａｔｉｏｎ　Ｌａｂ,東京都港区芝浦１丁目２番３号シーバンスＳ館１３階,2020-04-06,株式会社
株式会社ＫＯＷＡＲＩ,島根県松江市中原町２３番地３,2020-04-06,株式会社
株式会社ＫＳランディングス,兵庫県加古川市八幡町中西条１０７７－２,2020-04-06,株式会社
株式会社ＫＳＫ,東京都江東区東陽２丁目３番２０－７０９号,2020-04-06,株式会社
株式会社Ｋａａａａａｎ,大阪府大阪市西区南堀江１丁目１０－１ＫＴ堀江８０２,2020-04-06,株式会社
株式会社ＬＡＮＤ,東京都渋谷区神宮前６丁目１２番１８号,2020-04-06,株式会社
株式会社ＬＡＮＤＯＯＲ,熊本県熊本市南区平成１丁目１３番１７号,2020-04-06,株式会社
株式会社ＬＩＭＥ　ＳＴＯＮＥ,東京都足立区保木間３丁目１０番１４号,2020-04-06,株式会社
株式会社ＬＯＶＥ　ＢＵＺＺ,大阪府東大阪市東鴻池町５丁目５番１０号,2020-04-06,株式会社
株式会社ＬＯＶＥＤ,東京都目黒区上目黒２丁目４１番１４号,2020-04-06,株式会社
株式会社Ｌｅａｄ,神奈川県茅ヶ崎市今宿９１１番地３－３０１号ダイアパレスエクシード茅ヶ崎,2020-04-06,株式会社
株式会社Ｌｉｂｅｒａｌ　ｗａｙ,東京都江東区東砂４丁目５番９号,2020-04-06,株式会社
株式会社Ｌｉｆｅ　Ｓｕｐｐｏｒｔ,神奈川県横浜市鶴見区駒岡３丁目２４番１１号,2020-04-06,株式会社
株式会社ＬｏｕｎｇｅＲａｎｇｅ,東京都品川区大井１丁目３１番１号,2020-04-06,株式会社
株式会社Ｍ・Ｃ・Ｔ,東京都板橋区高島平７丁目４３番９号,2020-04-06,株式会社
株式会社Ｍ－Ｑｕａｌｉｔｙ,三重県鈴鹿市神戸１丁目１９番２５号北栄ビル２０１,2020-04-06,株式会社
株式会社Ｍ．Ｓ．Ｋ,栃木県栃木市今泉町２丁目１１番４６－１０号,2020-04-06,株式会社
株式会社Ｍ．Ｕ．Ａ,大阪府大阪市西淀川区福町１丁目１２番３４－９１２号,2020-04-06,株式会社
株式会社Ｍ．ｃｕｂｉｃ,兵庫県加古川市西神吉町宮前８２１番地の６５,2020-04-06,株式会社
株式会社ＭＡＫＥＳＳ,熊本県熊本市北区楡木４丁目２１番６号,2020-04-06,株式会社
株式会社ＭＡＲＫ　ＩＮＴＥＲＮＡＴＩＯＮＡＬ,東京都渋谷区恵比寿西２丁目１３－７代官山Ｙビル３Ｆ,2020-04-06,株式会社
株式会社ＭＡＳＡＭＡＸ,兵庫県加古川市平岡町西谷１３５番地の６,2020-04-06,株式会社
株式会社ＭＢクリエイト,大阪府箕面市桜ケ丘２丁目７番１９号,2020-04-06,株式会社
株式会社ＭＥＧＵＬＡＳ,北海道函館市美原３丁目３４番１２号,2020-04-06,株式会社
株式会社ＭＲインフォ,愛知県名古屋市中区錦１丁目１０番１２号服部ビル１０Ｆ,2020-04-06,株式会社
株式会社ＭＲＥＧ,大阪府大阪市住之江区南港中４丁目７番ガーデンハイツ２４棟１０８号室,2020-04-06,株式会社
株式会社ＭＳ,福岡県糟屋郡粕屋町駕与丁１丁目２番５号,2020-04-06,株式会社
株式会社ＭＴＣアシスト,岡山県倉敷市羽島８５２番地１,2020-04-06,株式会社
株式会社Ｍａｊｏｒ　Ｃｏｍｐａｎｙ,兵庫県神戸市北区山田町小部字一ツ鍬山１３番地の２,2020-04-06,株式会社
株式会社ＮＥＯ　ＳＰＯＲＴＳ,山梨県南都留郡富士河口湖町小立４３１８番地１,2020-04-06,株式会社
株式会社ＮＥＸＴ,熊本県熊本市中央区中央街２番３号,2020-04-06,株式会社
株式会社ＮＨＳ,宮城県仙台市青葉区本町１丁目９番５号五城ビル２階,2020-04-06,株式会社
株式会社ＮＴＴＳｐｏｒｔｉｃｔ,大阪府大阪市中央区馬場町３番１５号,2020-04-06,株式会社
株式会社Ｎｅｗ８ｔ,福岡県中間市岩瀬１丁目１番１号,2020-04-06,株式会社
株式会社ＯＫＡＺＡＫＩキャピタル,愛知県岡崎市菅生町字元菅４１番地,2020-04-06,株式会社
株式会社Ｏｌｄ　Ｔｉｍｅ　Ｂｒｅａｋｅｒｓ,愛知県弥富市鯏浦町中六１０８番地２,2020-04-06,株式会社
株式会社Ｏｌｉｖｅｒ,福岡県北九州市八幡西区上香月３丁目８番１２号（２０２）,2020-04-06,株式会社
株式会社Ｏｎｅ　ｖｅｇｅｔａｂｌｅ,熊本県熊本市南区砂原町６４６番地２,2020-04-06,株式会社
株式会社ＯｎｅＣｏｌｏｒｓ,東京都港区西新橋２丁目９番１号ＰＭＯ西新橋ビル５階,2020-04-06,株式会社
株式会社Ｏｕｃｈｉ,大阪府吹田市春日３丁目１７番２５号,2020-04-06,株式会社
株式会社ＰＡＩＮＴＥＱ,広島県広島市佐伯区利松３丁目２２番１８号,2020-04-06,株式会社
株式会社ＰＲＯＧＲＯＳＳ,香川県高松市寺井町１０６５番地１,2020-04-06,株式会社
株式会社ＰＳＰ,岡山県岡山市南区当新田４８１番地６,2020-04-06,株式会社
株式会社Ｐｅａｃｅ　Ｌｉｆｅ,東京都八王子市子安町３丁目３６番１７号カネコビルⅡ３０３号室,2020-04-06,株式会社
株式会社Ｐｈａｒｍａ　Ｃｏｎｎｅｃｔｉｏｎ,東京都台東区雷門１丁目７番３号,2020-04-06,株式会社
株式会社Ｒ・Ｓ企画,群馬県太田市飯田町８２４番地１,2020-04-06,株式会社
株式会社Ｒ＆Ａ,愛知県名古屋市北区志賀町５丁目２番地の２,2020-04-06,株式会社
株式会社ＲＩＮＰＡＴ,東京都渋谷区千駄ヶ谷５丁目１３－１８オフィスコート代々木,2020-04-06,株式会社
株式会社ＲＩＺＥ　ＪＡＰＡＮ,埼玉県越谷市大字砂原６５４番地１,2020-04-06,株式会社
株式会社ＲＭＬ,東京都世田谷区三宿２丁目１０番１９号－２０３,2020-04-06,株式会社
株式会社ＲＯＳＥＴＩＱＵＥ　ＪＡＰＡＮ,東京都世田谷区等々力８丁目１２番３号等々力プチメゾン１Ｆ,2020-04-06,株式会社
株式会社ＲｅＳＴＡ,東京都世田谷区南烏山６丁目１３番１０－５０８号,2020-04-06,株式会社
株式会社Ｒｅａｌｉｚｅ,静岡県御殿場市新橋１６４５番地の６,2020-04-06,株式会社
株式会社Ｒｅｐａｉｒ,東京都墨田区立花１丁目３０番６号,2020-04-06,株式会社
株式会社Ｒｉｅｓａ,愛知県豊川市光陽町４０番地成田ビル３Ｆ,2020-04-06,株式会社
株式会社Ｒｉｌｙ,和歌山県橋本市山田３４８番地の１,2020-04-06,株式会社
株式会社Ｓ’ｗａｌｋ,埼玉県朝霞市宮戸４丁目７番７６－２１０号,2020-04-06,株式会社
株式会社Ｓプランニング,兵庫県神戸市西区伊川谷町有瀬１１５０番地の３,2020-04-06,株式会社
株式会社ＳＡＧＵＳ,東京都世田谷区下馬５丁目１９番９号,2020-04-06,株式会社
株式会社ＳＩＤＤＨＡＲＴＨＡ,岐阜県多治見市音羽町４丁目３２番地の１,2020-04-06,株式会社
株式会社ＳＯＤＯ,東京都三鷹市牟礼２丁目４番１０号三鷹台エミネンス２０６,2020-04-06,株式会社
株式会社ＳＯＴＥＣ,東京都練馬区東大泉６丁目２番３７号,2020-04-06,株式会社
株式会社ＳＵＰＥＲ　ＦＵＴＵＲＥ,新潟県新潟市中央区竜が島１丁目４番４号,2020-04-06,株式会社
株式会社Ｓｋｙ　Ｒｉｍｅ,埼玉県児玉郡上里町大字七本木２４７７番地１－１号室,2020-04-06,株式会社
株式会社Ｓｌｏｒｋ,埼玉県さいたま市大宮区桜木町２丁目３番地大宮マルイ７階,2020-04-06,株式会社
株式会社Ｓｔａｒ　Ｓｏｕｌ,大阪府守口市寺方錦通４丁目２番２０号,2020-04-06,株式会社
株式会社ＳｔｏｎｅＦｌｏｗｅｒ,東京都世田谷区船橋２丁目１０番６－２０３号,2020-04-06,株式会社
株式会社ＳｕｍＣｕｌｔｕｒｅ,岡山県倉敷市船穂町船穂２８３３－１１,2020-04-06,株式会社
株式会社Ｔ－Ｎ,東京都荒川区東尾久２丁目２１番１４号,2020-04-06,株式会社
株式会社Ｔ．Ｉ．Ａ,岡山県岡山市北区青江４丁目２２番３５号,2020-04-06,株式会社
株式会社ＴＡＫＡＹＡ建設,東京都国立市泉３丁目３０番地の４,2020-04-06,株式会社
株式会社ＴＦアセット,富山県富山市八人町１番９号八人町ＢＴビル,2020-04-06,株式会社
株式会社ＴＨＲＥＥ,東京都あきる野市野辺３６２番地,2020-04-06,株式会社
株式会社ＴＳＫクリエイティブラボ,大阪府寝屋川市高宮あさひ丘９番３号,2020-04-06,株式会社
株式会社ＴａｋＫ．ｉｎｃ,愛知県刈谷市松栄町１丁目６番地１３,2020-04-06,株式会社
株式会社ＴａｋｅＴｈｒｅｅ,大阪府東大阪市森河内東２丁目２番５号,2020-04-06,株式会社
株式会社Ｔｒｉｎｉｔｙ,大阪府大阪市中央区淡路町３丁目１番８号,2020-04-06,株式会社
株式会社Ｔｒｙ＆Ｇｏ,東京都港区浜松町１丁目１４番７号ＡＥビル３０３,2020-04-06,株式会社
株式会社Ｔｓｔｙｌｅ,奈良県高市郡高取町大字丹生谷８７番地１,2020-04-06,株式会社
株式会社ＵＮＦＯＲＭ,東京都世田谷区三宿１丁目６番１６号サキエビル２０２,2020-04-06,株式会社
株式会社ＵＮＳＯＵ,三重県鈴鹿市野辺２丁目１０番１７号,2020-04-06,株式会社
株式会社ＵＳ牛島,熊本県熊本市南区田迎５丁目１番１２号,2020-04-06,株式会社
株式会社ＶＩＳＴＡ,兵庫県明石市二見町東二見１９５７番地,2020-04-06,株式会社
株式会社ＶＯＷＺ,宮崎県宮崎市橘通東３丁目２番２１号ＴＯＫＩＷＡ２４ビル３０１,2020-04-06,株式会社
株式会社Ｖｅａｍｓ,埼玉県さいたま市大宮区櫛引町１丁目４０３番地フォーエストＢ１０３号室,2020-04-06,株式会社
株式会社ＶｉＲｉ,滋賀県東近江市建部日吉町５１６番地１２,2020-04-06,株式会社
株式会社ＷＡＫＵＷＡＫＵ,東京都世田谷区奥沢５丁目１番１４号,2020-04-06,株式会社
株式会社Ｗｅ’ｒ　Ｏｎｅ,東京都目黒区洗足２丁目１７番４号,2020-04-06,株式会社
株式会社Ｗｅａｌｔｈｙ,愛知県名古屋市中村区深川町３丁目６１番地,2020-04-06,株式会社
株式会社ＷｅｅＭＡ,愛知県名古屋市中区丸の内１丁目１７－３１清原名古屋ビル８Ｆ,2020-04-06,株式会社
株式会社Ｗｉｌｌ　ＡＩＤ,愛知県北名古屋市徳重吉原８７番地ＷＩＳＤＯＭ３・１０１号室,2020-04-06,株式会社
株式会社ＸＧＪ,東京都渋谷区神宮前５丁目２５番４号,2020-04-06,株式会社
株式会社ＹＣ南浦和第二,埼玉県さいたま市南区大字円正寺後新田５１８番地２,2020-04-06,株式会社
株式会社ＹＵＩコンサルティング,神奈川県横浜市青葉区美しが丘西２丁目２７番地３９,2020-04-06,株式会社
株式会社ＺＥＮＮＯ,東京都墨田区亀沢３丁目２７－３,2020-04-06,株式会社
株式会社ＺＯＳ,愛知県名古屋市千種区北千種１丁目４番１０号,2020-04-06,株式会社
株式会社ａｆ－ｇｒｏｗｔｈ,東京都世田谷区奥沢１丁目４８番３号,2020-04-06,株式会社
株式会社ａｏ,奈良県桜井市大字浅古９５番地の４、Ａー１０１,2020-04-06,株式会社
株式会社ａｓｏＢ,愛知県岡崎市若松町字向山２０番地２,2020-04-06,株式会社
株式会社ａｔ,岡山県岡山市北区丸の内２丁目１１－４－２Ｆ,2020-04-06,株式会社
株式会社ｃａｒｏ,岡山県玉野市田井４丁目３０番２９号,2020-04-06,株式会社
株式会社ｃｏｍｏｄｏ,東京都葛飾区水元４丁目１番１８号,2020-04-06,株式会社
株式会社ｄａｔａｇｕｓｔｏ,東京都港区六本木４丁目２番４５号高會堂ビル２Ｆ,2020-04-06,株式会社
株式会社ｅ‐アシスト,石川県白山市相木町５３２番地６,2020-04-06,株式会社
株式会社ｅａｒｔｈｄｅｖｅｌｏｐ財和,岡山県津山市加茂町中原８３番地８,2020-04-06,株式会社
株式会社ｆｏｃｕｓ,鹿児島県姶良市東餅田１６７８－１,2020-04-06,株式会社
株式会社ｆｒａｉｇｅ,大阪府大阪市中央区道頓堀１丁目１０番１号,2020-04-06,株式会社
株式会社ｈ＆ｉ,東京都港区西麻布１丁目５－２２西麻布六番館２０１,2020-04-06,株式会社
株式会社ｍｏｎｉｅｒ,愛知県名古屋市南区堤起町１丁目２５番地の２,2020-04-06,株式会社
株式会社ｏｆｆｉｃｅ　Ｋａｔｏ,群馬県高崎市新町９２９番地６,2020-04-06,株式会社
株式会社ｏｎｅ－ｔｅｎ,東京都渋谷区桜丘町１７－１０ＭＣＤＢＬＤＢ２Ｆ,2020-04-06,株式会社
株式会社ｔａＵｔａ．ｐｈｏｔｏ,宮城県仙台市青葉区川平４丁目３番２７号,2020-04-06,株式会社
株式会社ｔｆｑ,東京都新宿区四谷２丁目４番１号ＡＣＮ四谷ビル４Ｆ,2020-04-06,株式会社
株式会社ｖｉｒｔｕｅ,滋賀県草津市矢橋町９５６番地１０,2020-04-06,株式会社
横田工業株式会社,愛知県豊橋市船渡町字向山２１６番地,2020-04-06,株式会社
樹工業株式会社,大阪府四條畷市岡山東１丁目１０番５号,2020-04-06,株式会社
毅優株式会社,熊本県熊本市南区今町５１７番地,2020-04-06,株式会社
水上電設株式会社,福井県福井市高木北１丁目４０９番地,2020-04-06,株式会社
水出建築株式会社,東京都武蔵野市関前４丁目１番１２,2020-04-06,株式会社
水越経営コンサルティング合同会社,東京都葛飾区鎌倉３丁目２９番１０－１０３号,2020-04-06,合同会社
永和株式会社,北海道札幌市中央区南三条東１丁目４番地アルファ創成川公園４０２号,2020-04-06,株式会社
沖縄プロダクト株式会社,沖縄県うるま市勝連南風原４３７０番地１,2020-04-06,株式会社
浅岡鉃工株式会社,愛知県西尾市上矢田町水向１４番地,2020-04-06,株式会社
清すず株式会社,宮崎県宮崎市青島３丁目２番３号,2020-04-06,株式会社
清敬合同会社,愛知県豊橋市東新町１００番地１－２,2020-04-06,合同会社
清興設備株式会社,大阪府大東市深野２丁目８番１８号,2020-04-06,株式会社
濱田建設株式会社,熊本県上天草市大矢野町中１０６７９番地,2020-04-06,株式会社
特定非営利活動法人みぶまち地域活性化２１,栃木県下都賀郡壬生町至宝１丁目３番３４号,2020-04-06,その他の設立登記法人
特定非営利活動法人ソエル,東京都東大和市南街２丁目１１０番地の７,2020-04-06,その他の設立登記法人
特定非営利活動法人中野島フットボールクラブ,神奈川県川崎市多摩区中野島４丁目１２番８－２号,2020-04-06,その他の設立登記法人
特定非営利活動法人全国通信制高等学校評価機構,東京都台東区東上野４丁目１３番３号服部ビル２階,2020-04-06,その他の設立登記法人
特定非営利活動法人Ｄｉｇｉｔａｌ　Ｓｕｓｔａｉｎａｂｌｅ　Ｖｉｌｌａｇｅ,東京都中央区銀座１丁目１５番７号ＭＡＣ銀座ビル３階,2020-04-06,その他の設立登記法人
理研メディフル株式会社,大阪府高槻市真上町１丁目３番２１号,2020-04-06,株式会社
琳派株式会社,兵庫県姫路市元町１１３番地１元町西ビル３０４号,2020-04-06,株式会社
環境サポートシステム株式会社,大阪府東大阪市東鴻池町１丁目７番７８号,2020-04-06,株式会社
真室川町観光物産協会,山形県最上郡真室川町大字新町１２４－４,2020-04-06,その他
矢野工業株式会社,愛知県春日井市六軒屋町１丁目１５０番地シャトレ愛松春日井２０１号,2020-04-06,株式会社
石和商事株式会社,東京都葛飾区東立石３丁目１４番２号,2020-04-06,株式会社
社会保険労務士法人吉井財務,岡山県岡山市北区青江１丁目４番１６号,2020-04-06,その他の設立登記法人
社会保険労務士法人山本総合保険事務所,大阪府大阪市生野区桃谷３丁目１２番３０号,2020-04-06,その他の設立登記法人
社会保険労務士法人ＡＣＥマネジメントオフィス,北海道札幌市中央区南一条西１８丁目１番地２南１西１８ビル３０１号,2020-04-06,その他の設立登記法人
社会保険労務士法人ｆｅｌｉｃｉａ,愛知県碧南市源氏神明町２８７番地,2020-04-06,その他の設立登記法人
神和機械工業株式会社,神奈川県横浜市旭区白根５丁目１番５号,2020-04-06,株式会社
税理士法人アストラスト,岡山県岡山市北区広瀬町３番３号,2020-04-06,その他の設立登記法人
税理士法人藤本会計事務所,大阪府大阪市中央区本町２丁目３番１４号船場旭ビル,2020-04-06,その他の設立登記法人
税理士法人赤木会計,岡山県総社市三須１１８９番地１,2020-04-06,その他の設立登記法人
積水バイオリファイナリー株式会社,東京都港区虎ノ門２丁目１０番４号,2020-04-06,株式会社
紅雲株式会社,東京都台東区上野６丁目７番１６号５１０室,2020-04-06,株式会社
義巧株式会社,和歌山県有田郡有田川町大字長谷川２７２番地１,2020-04-06,株式会社
花田産業株式会社,宮崎県延岡市無鹿町１丁目３２１５番地４,2020-04-06,株式会社
若宮電材株式会社,群馬県前橋市朝倉町４丁目２０番地１,2020-04-06,株式会社
英工業合同会社,福岡県築上郡上毛町大字垂水１４６番地３,2020-04-06,合同会社
蘇州浩納新材料科技有限公司,神奈川県横浜市青葉区たちばな台１丁目１５番地３０,2020-04-06,外国会社等
袴田建設株式会社,静岡県浜松市中区領家１丁目１０番１４号,2020-04-06,株式会社
西部瓦斯熊本株式会社,熊本県熊本市中央区萩原町１４番１０号,2020-04-06,株式会社
豊山商事株式会社,岡山県岡山市南区泉田２３番地１,2020-04-06,株式会社
軌道警備株式会社,石川県金沢市泉野出町２丁目６番８号,2020-04-06,株式会社
農事組合法人加賀谷地,岩手県奥州市胆沢南都田字蛸ノ手２９番地,2020-04-06,その他の設立登記法人
農事組合法人町屋,茨城県常陸太田市町屋町１１０７番地,2020-04-06,その他の設立登記法人
遠野技建株式会社,愛知県小牧市久保２２番地,2020-04-06,株式会社
都市農業開発株式会社,東京都小金井市梶野町１丁目２番３６号,2020-04-06,株式会社
鈴木・アンド・カンパニー合同会社,東京都板橋区稲荷台１７番１０号,2020-04-06,合同会社
開埠株式会社,北海道枝幸郡枝幸町幸町１２番地１,2020-04-06,株式会社
間口ファシリティーズ株式会社,大阪府大阪市港区海岸通１丁目５番２９号,2020-04-06,株式会社
関東警備株式会社,神奈川県川崎市高津区下作延２丁目４番６号,2020-04-06,株式会社
須磨プロパンガス合同会社,兵庫県神戸市須磨区妙法寺字荒打３１３番１,2020-04-06,合同会社
鳥取マシンテクノ株式会社,群馬県前橋市昭和町３丁目１５－３昭和町貸事務所Ａ号室,2020-04-06,株式会社
鳥瀬住建株式会社,長崎県佐世保市川下町１６２番地１,2020-04-06,株式会社
黒川合同会社,岐阜県岐阜市北一色３丁目１１番１０号,2020-04-06,合同会社
黒田マネジメントサービス株式会社,東京都品川区南大井５丁目１７番９号,2020-04-06,株式会社
０８３１ヘルプｆｕｌ株式会社,熊本県人吉市西間上町２３５２番地３,2020-04-06,株式会社
８円プロダクション合同会社,奈良県奈良市神功３丁目１１－１１,2020-04-06,合同会社
Ａ０２準備株式会社,東京都新宿区西新宿６丁目１８番１号,2020-04-06,株式会社
ＡＧカンパニー株式会社,岐阜県多治見市青木町７番地の２,2020-04-06,株式会社
ＡＩＲ　ＢＲＡＩＮ株式会社,東京都世田谷区太子堂４丁目３０番２２号Ｋ’Ｓ・ＡＰＡＲＴＭＥＮＴ１０１,2020-04-06,株式会社
ＡＲＴ＆ＴＥＣＨＮＯＬＯＧＹ合同会社,東京都港区南青山１丁目１４番１３号,2020-04-06,合同会社
ＡＳＡＨＩグローバル人財株式会社,愛知県名古屋市中川区山王３丁目１０番９号,2020-04-06,株式会社
ＡＳＳＥＴ　ＰＲＯ株式会社,福岡県北九州市小倉南区徳力５丁目１１番１８－４０１号,2020-04-06,株式会社
Ｂ‐ｃｒａｆｔｓｍａｎ株式会社,愛知県豊橋市野依町字諏訪１２２番地１,2020-04-06,株式会社
Ｂａｃｋｓｔａｇｅ株式会社,滋賀県近江八幡市安土町下豊浦２８番地１０１,2020-04-06,株式会社
Ｂｒｉｌｌｉａｎｔ　Ｇｌｏｂａｌ　Ｓｏｌｕｔｉｏｎｓ合同会社,神奈川県横浜市都筑区新栄町２０番２１号,2020-04-06,合同会社
Ｃ－ＴＨＲＥＥ　Ｓｕｐｐｏｒｔ株式会社,埼玉県草加市八幡町１１５７番地２,2020-04-06,株式会社
Ｃ．Ｅ．Ｍ．マネジメント株式会社,東京都目黒区中根１丁目７番２２－９０３号,2020-04-06,株式会社
Ｃ２Ｃエンジニアリング株式会社,奈良県奈良市大宮町４丁目２５９－１,2020-04-06,株式会社
ＣＡＭＩＮＯ合同会社,大阪府吹田市藤白台１丁目１番２２－２０５号,2020-04-06,合同会社
ＣＡＮ　ＤＥＳＩＧＮ株式会社,北海道帯広市柏林台南町３丁目１１番地２,2020-04-06,株式会社
ＣＡＴ　ｅｎｔｅｒｔａｉｎｍｅｎｔ株式会社,東京都渋谷区富ヶ谷１丁目１９番３号,2020-04-06,株式会社
ＣＣＩ合同会社,岩手県九戸郡軽米町大字晴山第８地割１８番地,2020-04-06,合同会社
ＣＬＮグループ株式会社,東京都荒川区荒川１丁目３３番３－１７０４号,2020-04-06,株式会社
ＣＯＳＭＯＳ合同会社,愛知県尾張旭市南栄町旭ケ丘１２４番地３,2020-04-06,合同会社
ＣＹＳ．Ｇｒｏｕｐ株式会社,三重県多気郡多気町相可１３６５番地１,2020-04-06,株式会社
Ｃａｓｅ株式会社,静岡県富士宮市万野原新田３５９７番地の１,2020-04-06,株式会社
Ｃｏｍｉｎｇ　Ｃｏｍｍｕｎｉｃａｔｉｏｎｓ　Ｃｏｍｐａｎｙ株式会社,東京都板橋区蓮沼町４６番６号ニューエル・オーハマ１Ｆ,2020-04-06,株式会社
Ｄ２Ｃ　Ｂｒａｎｄｉｎｇ株式会社,東京都渋谷区神山町１４番２号,2020-04-06,株式会社
ＤＥＥＰＬＡＩＤ株式会社,宮城県仙台市太白区富沢１丁目１２番１号,2020-04-06,株式会社
Ｄａｉｓｕｋｅ，Ｊａｐａｎ．合同会社,岡山県赤磐市桜が丘西８丁目１０番２０号,2020-04-06,合同会社
Ｄｅｍａｉｎ　Ａｓｓｅｔ　Ｍａｎａｇｅｍｅｎｔ合同会社,京都府京都市右京区太秦桂ケ原町１７番地,2020-04-06,合同会社
Ｄｒｅａｗ合同会社,東京都品川区北品川１丁目９番７号トップルーム品川１０１５号,2020-04-06,合同会社
ＥＦ　Ｐｏｌｙｍｅｒ株式会社,沖縄県国頭郡恩納村字谷茶１９１９番地１,2020-04-06,株式会社
ＥＴ電機システム株式会社,愛知県岡崎市土井町字蔵屋敷１２番地,2020-04-06,株式会社
Ｅｌｐｉｚｏ株式会社,東京都渋谷区恵比寿４丁目３番５号,2020-04-06,株式会社
ＦＩＲＡセキュリティ株式会社,愛知県名古屋市南区弥次ヱ町２丁目２５番地,2020-04-06,株式会社
ＦＩＲＳＴ　ＡＩＤ株式会社,東京都杉並区高円寺南４丁目２６番１６号,2020-04-06,株式会社
ＦＳＴ合同会社,千葉県千葉市中央区長洲１丁目１４番１－３０５号,2020-04-06,合同会社
Ｆａｉｔｈファンズ合同会社,東京都渋谷区千駄ヶ谷３丁目２番１号,2020-04-06,合同会社
ＦｒｏｎｔｉｅｒＴｅｃｈ合同会社,東京都港区芝２丁目５番１－８０２号,2020-04-06,合同会社
Ｆｕｎ　Ｋｉｄｓ　Ｅｎｇｌｉｓｈ株式会社,和歌山県岩出市相谷９番地１アペックスビル２階,2020-04-06,株式会社
Ｆｕｓｔａ株式会社,東京都葛飾区新宿６丁目２番１－２１１４号,2020-04-06,株式会社
ＧＢキャピタルパートナーズ株式会社,東京都新宿区新宿４丁目３番１２号パシフィックワコービル１００４号室,2020-04-06,株式会社
ＧＣＡパートナーズ株式会社,東京都千代田区丸の内１丁目１１番１号パシフィックセンチュリープレイス丸の内３０階,2020-04-06,株式会社
ＧＣＡヘルスケア株式会社,東京都千代田区丸の内１丁目１１番１号パシフィックセンチュリープレイス丸の内３０階,2020-04-06,株式会社
Ｈ＆Ｆ　Ｆｒｏｎｔ　Ｐｏｉｎｔ　Ｐａｒｔｎｅｒｓ株式会社,愛知県名古屋市東区黒門町４番地の１,2020-04-06,株式会社
Ｈ２　Ｓｈｏｗ　Ｄｅｓｉｇｎ　Ａｓｓｏｃｉａｔｅｓ合同会社,長野県長野市大字安茂里差出１８５５番地,2020-04-06,合同会社
ＨＡＲＤＷＯＯＤ株式会社,東京都江東区亀戸４丁目１２－３,2020-04-06,株式会社
ＨＮＫＳ合同会社,大阪府大阪市大正区南恩加島６丁目１０番１０号,2020-04-06,合同会社
ＨＯＮＵ合同会社,大阪府大阪市生野区巽東４丁目１番２４号,2020-04-06,合同会社
ＨＳ不動産株式会社,愛知県尾張旭市庄中町２丁目３番地２４,2020-04-06,株式会社
ＨＹＨＡＵＳ株式会社,東京都品川区北品川５丁目３番１－２３０４号,2020-04-06,株式会社
Ｉｎｎｏｖａｒｅ株式会社,大阪府大阪市北区梅田１丁目１１番４号大阪駅前第４ビル９階９２３,2020-04-06,株式会社
ＪＡＰＡＮ　ＰＲＯＯＦ株式会社,東京都大田区南馬込６丁目１８番９号,2020-04-06,株式会社
ＪＣＣ合同会社,千葉県千葉市稲毛区稲毛東６丁目１０番１棟１０１０号,2020-04-06,合同会社
ＪＰＦジャパン株式会社,東京都品川区東五反田１丁目１３番１２号いちご五反田ビル１０階ＳＡＬＴＯ五反田,2020-04-06,株式会社
ＪＳアシスト株式会社,大阪府高槻市栄町３丁目８番１号,2020-04-06,株式会社
ＪＵＳＴ株式会社,岡山県瀬戸内市牛窓町牛窓２６３９番地１,2020-04-06,株式会社
Ｋ’Ｓ　ＰＲＯ　ＷＯＲＫＳ株式会社,三重県鈴鹿市山本町１１１０番地,2020-04-06,株式会社
Ｋ＆Ｔ株式会社,岡山県総社市三輪１１３５番地５,2020-04-06,株式会社
Ｋ－Ｖｉｓｉｏｎ株式会社,栃木県宇都宮市清原台１丁目１６番３９号,2020-04-06,株式会社
ＫＩＯＳ合同会社,群馬県みどり市笠懸町阿左美３４０４番地の３,2020-04-06,合同会社
Ｌ＆Ｚ株式会社,大阪府大阪市中央区宗右衛門町３番１０号宗右衛門町ギャラクシービル２号館２Ｂ号室,2020-04-06,株式会社
ＬＥＡＤＥＳＴ株式会社,群馬県太田市内ケ島町１３０６番地２１,2020-04-06,株式会社
ＬＩＮＫ株式会社,岐阜県中津川市太田町２丁目４番２０号,2020-04-06,株式会社
Ｌｅｒｎａｄｏ株式会社,東京都港区南青山７丁目１２番９号スペース朱２０１号,2020-04-06,株式会社
Ｌｉｌａｃ合同会社,福岡県北九州市八幡西区松寿山３丁目３番１３号,2020-04-06,合同会社
Ｌｉｎｋ＆Ｈｅｒｉｔａｇｅ株式会社,埼玉県入間市小谷田１丁目７番８号１０３,2020-04-06,株式会社
Ｍステージ・クリエイト合同会社,北海道網走郡津別町字豊永２８番地,2020-04-06,合同会社
Ｍ．Ｋ合同会社,東京都練馬区高松６丁目２番１１号ガレ光が丘Ｂ１,2020-04-06,合同会社
ＭＡＪテック株式会社,愛知県豊田市花園町井田５２番地５,2020-04-06,株式会社
ＭＭＤ株式会社,東京都渋谷区神宮前３丁目２５番１８号,2020-04-06,株式会社
ＭＭＹ合同会社,東京都大田区北千束２丁目２５番５号,2020-04-06,合同会社
ＭＶＰ　Ｇｒｏｕｐ合同会社,埼玉県鶴ヶ島市大字下新田３番地３,2020-04-06,合同会社
ＭａｍｅＤａｉ株式会社,大阪府大阪市淀川区西中島４丁目１３番１２号,2020-04-06,株式会社
ＮＥＸＴ　ＳＴＡＧＥ株式会社,長崎県佐世保市今福町７番２２号,2020-04-06,株式会社
ＮＯＫＯ株式会社,東京都北区浮間１丁目１番１４－３３７号リムジンビル,2020-04-06,株式会社
ＮＰＯ法人亜熱帯総合研究センター,沖縄県島尻郡八重瀬町字東風平１００３－１番地,2020-04-06,その他の設立登記法人
ＮＰＯ法人学童保育真田山・玉造子どもクラブ,大阪府大阪市天王寺区真田山町２番２号東興ビル２階１０号室,2020-04-06,その他の設立登記法人
ＮＰＯ法人東三河水道サポーターズ,愛知県豊橋市牛川町字下モ田２９番地の１,2020-04-06,その他の設立登記法人
ＮＴＳシステムズ株式会社,東京都港区芝浦３丁目１６番２０号,2020-04-06,株式会社
ＮＴＳ株式会社,東京都墨田区緑１丁目２７番８号,2020-04-06,株式会社
Ｎｏｃｔ合同会社,神奈川県川崎市高津区二子１丁目２番２４号メイフェア二子１０２号,2020-04-06,合同会社
ＯＳＴ　Ｌａｂ合同会社,福島県郡山市富田東６丁目１３７番地,2020-04-06,合同会社
ＯＵＲＡＮＯＳ　ＯＡＳＩＳ　ＰＬＡＮＮＩＮＧ株式会社,東京都世田谷区三軒茶屋２丁目１０番１６号ビルデンス三軒茶屋２０２号室,2020-04-06,株式会社
Ｏｎ－Ｋｒａｆｔ合同会社,東京都足立区北加平町１２番２号,2020-04-06,合同会社
Ｏｒｔａｋ合同会社,東京都世田谷区三宿１丁目３０－２,2020-04-06,合同会社
ＰＬＡＹＳ株式会社,北海道函館市本通２丁目１６番１４号,2020-04-06,株式会社
ＰＯＭＵ合同会社,静岡県浜松市中区佐藤２丁目８番１４号ＴＲＩＢＵＴＥ２０１,2020-04-06,合同会社
Ｐｏｎｏ株式会社,三重県伊勢市辻久留町５３７番地２,2020-04-06,株式会社
Ｐｏｒｔｏｆｉｎｏ株式会社,東京都港区六本木７丁目１５番７号,2020-04-06,株式会社
Ｐｙｘｉｓ株式会社,東京都世田谷区粕谷２丁目２番１－４０６号,2020-04-06,株式会社
Ｑｔ・ＳＵＰＰＯＲＴ株式会社,熊本県菊池郡菊陽町光の森７丁目４９番地２０,2020-04-06,株式会社
ＲＡＭＢØＬＬ　ＤＡＮＭＡＲＫ　Ａ／Ｓ,,2020-04-06,外国会社等
ＲＤ合同会社,宮城県石巻市湊町３丁目２番６号,2020-04-06,合同会社
Ｓ・Ａネイルサロン株式会社,新潟県新潟市中央区天神２丁目１３７番地５０,2020-04-06,株式会社
ＳＡホールディングス株式会社,兵庫県丹波篠山市東吹８３０番地,2020-04-06,株式会社
ＳＧＯ　Ｈｏｌｄｉｎｇｓ合同会社,東京都世田谷区新町３丁目２番３－８０２号,2020-04-06,合同会社
ＳＨＯＷＡ自動車工業株式会社,群馬県太田市西長岡町丙７４０番地,2020-04-06,株式会社
ＳＬＣ株式会社,東京都港区新橋１丁目１８番２１号,2020-04-06,株式会社
ＳＭＡＣ株式会社,熊本県菊池郡菊陽町光の森７丁目７番４号,2020-04-06,株式会社
ＳＵＭＰ株式会社,東京都中野区南台１丁目６番１７号センチュリー中野南台２０１,2020-04-06,株式会社
ＳＵＮＲＩＣ合同会社,兵庫県姫路市北条梅原町４６番地アプリコットＫ１０５,2020-04-06,合同会社
Ｓｎｏｗ　Ｆｏｘ　Ａｄｖｉｓｏｒｓ合同会社,東京都港区南青山３丁目５番２号南青山第一韮澤ビル３階,2020-04-06,合同会社
ＴＩ　Ｃｏｒｐｏｒａｔｉｏｎ合名会社,兵庫県神戸市東灘区本山北町６丁目１７番４５－１０６号,2020-04-06,合名会社
ＴＯＫＹＯ　ＴＲＡＤＩＮＧ株式会社,茨城県古河市諸川６５３番地２,2020-04-06,株式会社
ＴＳＫ株式会社,広島県福山市曙町１丁目１２番１８号,2020-04-06,株式会社
ＴＷＩＮＹ株式会社,東京都港区南青山３丁目８番４０号青山センタービル２Ｆ,2020-04-06,株式会社
ＴａｎｏＳＩＭ　ＩＮＤＵＳＴＲＹ株式会社,愛知県知多郡武豊町字道崎２６番地７・３Ｆ,2020-04-06,株式会社
Ｔｗｅｌｏｚ株式会社,香川県高松市亀井町１２番２号,2020-04-06,株式会社
ＵＧＯＱ株式会社,宮城県栗原市志波姫堀口見渡９番地１,2020-04-06,株式会社
ＶＩＳＩＯＮ株式会社,愛知県小牧市小木東２丁目２２１番地,2020-04-06,株式会社
Ｖｅｇｇｉｅ合同会社,東京都板橋区南常盤台１丁目１１番６号,2020-04-06,合同会社
ＹＨスタートゥモロウ株式会社,愛知県豊橋市中岩田１丁目１４番地１０,2020-04-06,株式会社
ａ　ｓｔｙｌｅ株式会社,東京都葛飾区高砂４丁目１番４６－６１２号,2020-04-06,株式会社
ａｍｅｂｅ株式会社,岐阜県岐阜市中鶉３丁目４１番地１シャローウェル６０１号室,2020-04-06,株式会社
ｄｏｕｃｏ株式会社,東京都港区浜松町２丁目２番１５号浜松町ダイヤビル２Ｆ,2020-04-06,株式会社
ｅｐｉ合同会社,東京都台東区寿２丁目１番１３号,2020-04-06,合同会社
ｉＳＡＣ株式会社,愛知県碧南市中山町７丁目２６番地,2020-04-06,株式会社
ｉｉＴｅ株式会社,大阪府大阪市城東区今福西３丁目６番３２号,2020-04-06,株式会社
ｍａｎｏｒｄａいわて株式会社,岩手県盛岡市中央通１丁目２番３号,2020-04-06,株式会社
ｎａｏｎｗｏｒｋｓ合同会社,東京都武蔵野市中町１丁目１９番２号矢島ビル３階,2020-04-06,合同会社
あなさま合同会社,兵庫県西宮市甲陽園目神山町１番７１号,2020-04-07,合同会社
えがお笑顔株式会社,兵庫県神戸市垂水区舞多聞西８丁目４番８号,2020-04-07,株式会社
たけ株式会社,大阪府羽曳野市郡戸２４８番地の６,2020-04-07,株式会社
とよふさ自然農園株式会社,千葉県君津市旅名３８番地の１,2020-04-07,株式会社
はりかえ守屋工房合同会社,愛媛県四国中央市下柏町３８４番地,2020-04-07,合同会社
まるべの会,滋賀県長浜市相撲町６０４番地７養蚕の館内,2020-04-07,その他
めぐみ町プロパティマネジメント株式会社,神奈川県海老名市国分北１丁目４１番１０号,2020-04-07,株式会社
よこみち株式会社,東京都北区滝野川７丁目３４番１２号ＶｉｔａＦｅｌｉｃｅ－１０１号,2020-04-07,株式会社
アイグループホールディングス株式会社,神奈川県川崎市高津区久末５２６番地４０,2020-04-07,株式会社
アイダブエイチ株式会社,三重県四日市市赤堀２丁目３番２号,2020-04-07,株式会社
アイ・ベース合同会社,沖縄県那覇市寄宮１丁目１３番１４号３階,2020-04-07,合同会社
アクアジャパンホールディングス株式会社,千葉県南房総市千倉町牧田１６４番地１,2020-04-07,株式会社
アストワン株式会社,東京都江戸川区中葛西５丁目４１番２５－７０２号,2020-04-07,株式会社
アスルクラロＴＳＣ株式会社,埼玉県八潮市大字西袋２４５番地１２,2020-04-07,株式会社
アットテラス株式会社,長野県北佐久郡軽井沢町大字軽井沢１３２３番地１２４４,2020-04-07,株式会社
アドパリンク株式会社,大阪府大阪市中央区本町３丁目５番５号セントピア御堂筋本町ビル６階,2020-04-07,株式会社
アフォーダンス株式会社,神奈川県茅ヶ崎市浜竹２丁目２－５１山友５ビル４階,2020-04-07,株式会社
アリアリース株式会社,栃木県下都賀郡野木町大字潤島１６２番地９,2020-04-07,株式会社
アリスドッグサポート株式会社,静岡県駿東郡長泉町本宿２４９番地の３５,2020-04-07,株式会社
アート工房株式会社,東京都葛飾区東新小岩５丁目１７番２６号二興コーポ新小岩１０４,2020-04-07,株式会社
アームエイブル株式会社,東京都目黒区祐天寺２丁目１５番１７号,2020-04-07,株式会社
アールズホーム合同会社,埼玉県川口市南鳩ヶ谷６丁目４番４号ウィステリアヤハギ３１０号,2020-04-07,合同会社
アール国際事業支援協同組合,奈良県生駒市緑ケ丘１４２５番地７３,2020-04-07,その他の設立登記法人
イバデンキ株式会社,大阪府大阪市港区弁天５丁目１番７号,2020-04-07,株式会社
インフナトゥエンティー株式会社,千葉県鎌ケ谷市鎌ケ谷９丁目８番１７－４,2020-04-07,株式会社
イーストマネジメント合同会社,東京都杉並区成田東５丁目１７番１８号－７０５,2020-04-07,合同会社
イースマイル株式会社,福島県福島市五老内町９番４号フェニックスビル２Ｆ,2020-04-07,株式会社
エクセルシアきょういく株式会社,愛知県豊田市山之手７丁目７３番地２,2020-04-07,株式会社
エスエイチロジスティクス株式会社,佐賀県三養基郡上峰町大字坊所１５２３番地４６,2020-04-07,株式会社
エスエスジージャパン合同会社,埼玉県川口市朝日２丁目１番１８号,2020-04-07,合同会社
エムズ合同会社,愛知県名古屋市西区砂原町２３５番地ベル・アンジュ６０１,2020-04-07,合同会社
オウケイクレ－ン株式会社,栃木県栃木市箱森町３９番２９号,2020-04-07,株式会社
オウミ住建株式会社,福井県丹生郡越前町織田第５９号９番地１,2020-04-07,株式会社
オオタ株式会社,大阪府四條畷市西中野１丁目８番１号,2020-04-07,株式会社
オフィスクラモト合同会社,宮崎県宮崎市大字田吉１１６番地２,2020-04-07,合同会社
オフィス・ヤマウチ株式会社,大阪府大阪市城東区今福南１丁目７番３３号,2020-04-07,株式会社
オーチャードファームズ株式会社,長野県上高井郡高山村大字高井２１１０番地２,2020-04-07,株式会社
カナウ株式会社,京都府京都市山科区大宅坂ノ辻町２９－４－３０４,2020-04-07,株式会社
カリメラ合同会社,熊本県熊本市東区桜木１丁目１４番９号,2020-04-07,合同会社
ガラクリエイティブ合同会社,東京都目黒区八雲４丁目１５番７号ｓｏｈｈｏｕｓｅ,2020-04-07,合同会社
キャンプランド株式会社,静岡県裾野市上ケ田１５５番地１０,2020-04-07,株式会社
グランド・ホーム株式会社,滋賀県近江八幡市中村町２１番地１９,2020-04-07,株式会社
グリーンハーツ株式会社,大阪府堺市西区浜寺諏訪森町西４丁３３５番地２,2020-04-07,株式会社
グロックジャパン株式会社,東京都中央区日本橋人形町１丁目９番２号,2020-04-07,株式会社
グロービル合同会社,東京都新宿区西新宿１丁目２６番２号新宿野村ビル３２階,2020-04-07,合同会社
グローメディカル株式会社,大阪府泉南郡熊取町大久保北３丁目１７４番地の６,2020-04-07,株式会社
ケアセンター白寿株式会社,埼玉県飯能市柳町１０番１０－２０５号,2020-04-07,株式会社
ケアライフスタイル株式会社,群馬県前橋市高井町１丁目３５番地４５,2020-04-07,株式会社
ケイズ株式会社,神奈川県横浜市泉区和泉中央南１丁目２５番３４号,2020-04-07,株式会社
サカイ株式会社,愛知県名古屋市守山区大字下志段味字上東禅寺２５２７番地ヴィアラッテア３０２号,2020-04-07,株式会社
サポートワーカー株式会社,愛知県尾張旭市吉岡町１丁目１２番地３,2020-04-07,株式会社
サンクＰＬＵＳ合同会社,福岡県福岡市早良区飯倉２丁目１７番１０号,2020-04-07,合同会社
サンサルコンサルティング合同会社,東京都杉並区久我山３丁目２７番１３号,2020-04-07,合同会社
シアハウス合同会社,福岡県北九州市八幡西区木屋瀬３丁目１６番１４号,2020-04-07,合同会社
シグラド合同会社,東京都武蔵野市吉祥寺本町２丁目８番４号ｉ－ｏｆｆｉｃｅ吉祥寺,2020-04-07,合同会社
シナジックスポーツ株式会社,大分県由布市湯布院町川北字深山１７６８番地１５,2020-04-07,株式会社
シードライマージャパン株式会社,宮崎県宮崎市池内町榎迫４９９番地１３,2020-04-07,株式会社
スリーウェイグッド株式会社,千葉県佐倉市宮ノ台５丁目２７番２号,2020-04-07,株式会社
スリーエス販売株式会社,神奈川県横浜市港北区小机町１５３８－２,2020-04-07,株式会社
スリーサワー合同会社,東京都港区北青山２丁目７番１３号,2020-04-07,合同会社
セキネ工業株式会社,埼玉県鴻巣市人形１丁目７番４８号,2020-04-07,株式会社
セミカ株式会社,千葉県市原市惣社１丁目３番地１３,2020-04-07,株式会社
セントラルキッチン川内村株式会社,福島県双葉郡川内村大字下川内字田ノ入田ノ入工業団地第７工区,2020-04-07,株式会社
セントラルクリエイト株式会社,愛知県名古屋市中区錦１丁目５番１１号,2020-04-07,株式会社
ソリューションフロント株式会社,大阪府阪南市桃の木台７丁目１番地の２,2020-04-07,株式会社
ダイショウ株式会社,京都府京都市南区上鳥羽南村山町２７番地３,2020-04-07,株式会社
ダイノーリテイリング株式会社,群馬県前橋市徳丸町５３番地１,2020-04-07,株式会社
ツジモト合同会社,岐阜県大垣市藤江町２丁目１４２番地１キャッスルハイツ大垣藤江町２０１号室,2020-04-07,合同会社
ティーエス京都株式会社,京都府綾部市位田町桧前５７番地,2020-04-07,株式会社
テイルズ株式会社,愛知県名古屋市中区栄３丁目１５番３３号栄ガスビル,2020-04-07,株式会社
テプロ株式会社,山形県東置賜郡高畠町大字馬頭１３９８番地３,2020-04-07,株式会社
データサーベイシステム株式会社,大阪府大阪市淀川区西中島４丁目１１番１１号村川マンション１０１号,2020-04-07,株式会社
データテーチ株式会社,大阪府大阪市平野区瓜破西２丁目１５番３４号,2020-04-07,株式会社
トップ製菓株式会社,大阪府大阪市東淀川区西淡路６丁目３番３８号,2020-04-07,株式会社
トトノエル株式会社,東京都渋谷区渋谷１丁目１０番７号,2020-04-07,株式会社
トヨタモビリティサービス福岡株式会社,福岡県福岡市博多区東光１丁目４番１０号,2020-04-07,株式会社
ナカムラ技建合同会社,高知県高知市一宮徳谷２０番４１号,2020-04-07,合同会社
ニューゲート合同会社,山形県天童市北目１丁目２番８号,2020-04-07,合同会社
ヌォーボ株式会社,東京都杉並区桃井３丁目６番１号,2020-04-07,株式会社
ネストハウス株式会社,福岡県春日市桜ヶ丘１丁目２３番地２,2020-04-07,株式会社
ハイアート株式会社,広島県福山市箕島町南丘６６６６番地１,2020-04-07,株式会社
ハッピーフード株式会社,宮城県名取市増田３丁目１番４０号,2020-04-07,株式会社
ハーベストライフ沖縄株式会社,沖縄県那覇市前島３丁目２５番２号泊ポートビル１Ｆ,2020-04-07,株式会社
バイプレイヤーズ株式会社,静岡県三島市大社町１８番９号,2020-04-07,株式会社
ヒットゴルフ株式会社,広島県福山市蔵王町３０４９番地,2020-04-07,株式会社
ピカポン合同会社,東京都北区堀船２丁目２番１５号α’ｓｔ－３０３号,2020-04-07,合同会社
ファブルジャパン株式会社,埼玉県狭山市大字上赤坂６０８番地３－２Ｆ,2020-04-07,株式会社
ファーストメンテ株式会社,神奈川県横浜市中区石川町３丁目１０４番地１ライオンズマンション元町５０６号室,2020-04-07,株式会社
フェニックス株式会社,千葉県千葉市中央区富士見２丁目７番９号富士見ビル６０９号,2020-04-07,株式会社
フォーカル・エドゥ株式会社,東京都豊島区東池袋３丁目１番１号,2020-04-07,株式会社
フラクタルワークアウト株式会社,東京都渋谷区恵比寿西１丁目８番１号,2020-04-07,株式会社
プカチ合同会社,東京都西多摩郡日の出町大字平井２１９６番地３１７,2020-04-07,合同会社
ベストコンダクター合同会社,和歌山県和歌山市木ノ本６８７番地２２,2020-04-07,合同会社
ベルデ合同会社,神奈川県川崎市高津区下作延７丁目７番１９号,2020-04-07,合同会社
ホロバイオ株式会社,京都府京都市西京区御陵大原１番地の３９京大桂ベンチャープラザ,2020-04-07,株式会社
ホークスライン合同会社,福岡県福岡市西区小戸４丁目１０番１４号－２０６号ローレルハイツ２８,2020-04-07,合同会社
マイキャリア株式会社,大阪府四條畷市清滝中町７番１２号,2020-04-07,株式会社
マルニシ建設株式会社,静岡県御前崎市佐倉２３５１番地の５,2020-04-07,株式会社
マル栄建築株式会社,三重県松阪市光町１０４３番地,2020-04-07,株式会社
ミキ合同会社,東京都練馬区大泉町４丁目１１番３号,2020-04-07,合同会社
ミズホエンジニアリング株式会社,東京都板橋区赤塚５丁目２５番３号,2020-04-07,株式会社
メディカルシェルパ株式会社,愛知県名古屋市中区栄２丁目２番１号名古屋広小路伏見中駒ビル５Ｆ,2020-04-07,株式会社
ユニオンハウス株式会社,大阪府東大阪市吉田１丁目７番３６号小川ビル２０２号,2020-04-07,株式会社
ライズファシリティデザイン株式会社,北海道札幌市東区北三十七条東２１丁目１番２７－１号,2020-04-07,株式会社
ライトシステム株式会社,東京都豊島区東池袋４丁目２４番１３号池袋Ｙ３ビル,2020-04-07,株式会社
ラオムルフト株式会社,大阪府堺市中区深井水池町３１８０番地,2020-04-07,株式会社
リアルブルーホールディングス一般社団法人,東京都千代田区九段南３丁目７番７号成和綜合会計事務所内,2020-04-07,その他の設立登記法人
リアルブルーホールディングス１一般社団法人,東京都千代田区九段南３丁目７番７号成和綜合会計事務所内,2020-04-07,その他の設立登記法人
リアルブルーホールディングス２一般社団法人,東京都千代田区九段南３丁目７番７号成和綜合会計事務所内,2020-04-07,その他の設立登記法人
リアル快適生活館合同会社,岡山県小田郡矢掛町中１０１５番地,2020-04-07,合同会社
リビンググローバルクラブ株式会社,東京都品川区平塚１丁目７番７号,2020-04-07,株式会社
リレイル株式会社,千葉県銚子市東小川町２３４７,2020-04-07,株式会社
ルーチェ合同会社,広島県福山市柳津町７２９番地,2020-04-07,合同会社
ロングパートナーズ合同会社,東京都東久留米市本町１丁目１４番１３号,2020-04-07,合同会社
ワンライフ・エステート株式会社,千葉県柏市名戸ケ谷１０２８番地,2020-04-07,株式会社
ワークデイズ合同会社,福岡県福岡市中央区大名２丁目１番地１３号ＨＤａｉｍｙｏ３Ｆ,2020-04-07,合同会社
一元株式会社,大阪府大阪市中央区東平２丁目２－７メゾンルミエール上六５０１号,2020-04-07,株式会社
一般社団法人いこいの里,北海道札幌市中央区南九条西４丁目６番５号,2020-04-07,その他の設立登記法人
一般社団法人いわてグローバルスポーツ,岩手県盛岡市上太田窪屋敷５０番地４,2020-04-07,その他の設立登記法人
一般社団法人おだしプロジェクト,東京都港区北青山２丁目１２番４２－１０３号,2020-04-07,その他の設立登記法人
一般社団法人かがわ結婚推進協会,香川県丸亀市土器町東１丁目５４４番地,2020-04-07,その他の設立登記法人
一般社団法人ここからプラス,大分県豊後大野市朝地町池田２５４６番地２,2020-04-07,その他の設立登記法人
一般社団法人さが藻類バイオマス協議会,佐賀県佐賀市栄町１番１号,2020-04-07,その他の設立登記法人
一般社団法人そにのわＧＬＯＣＡＬ,奈良県宇陀郡曽爾村大字今井４９５番地の１,2020-04-07,その他の設立登記法人
一般社団法人つくば市スポーツ協会,茨城県つくば市研究学園１丁目１番地１つくば市役所内,2020-04-07,その他の設立登記法人
一般社団法人のあそびｌａｂｏ,熊本県荒尾市万田１５６０番地１,2020-04-07,その他の設立登記法人
一般社団法人ふるさと山形移住・定住推進センター,山形県山形市鉄砲町２丁目１９番６８号,2020-04-07,その他の設立登記法人
一般社団法人みんなの市民塾,大阪府高槻市真上町６丁目１９番１号,2020-04-07,その他の設立登記法人
一般社団法人れいほく未来創造協議会,高知県土佐郡土佐町土居１９４番地,2020-04-07,その他の設立登記法人
一般社団法人イリスプラーナ,大分県大分市松が丘４丁目５番６号,2020-04-07,その他の設立登記法人
一般社団法人キラリ,香川県善通寺市生野町７９６番地３,2020-04-07,その他の設立登記法人
一般社団法人グローカル政策研究所,東京都品川区東五反田５丁目６番３０号,2020-04-07,その他の設立登記法人
一般社団法人スマイル,鹿児島県鹿児島市伊敷１丁目１１番１８号壱番館１０３号,2020-04-07,その他の設立登記法人
一般社団法人チアドリームプロジェクト,福井県福井市和田２丁目１０１５番地１,2020-04-07,その他の設立登記法人
一般社団法人トレジャーハンター協会,東京都江東区青海２丁目７番４号,2020-04-07,その他の設立登記法人
一般社団法人ピアノハピネス協会,茨城県つくば市花畑３丁目２５番地１８,2020-04-07,その他の設立登記法人
一般社団法人ホペイロスポーツクラブ,愛知県刈谷市築地町２丁目４番地１７,2020-04-07,その他の設立登記法人
一般社団法人ポウンスマイル,埼玉県さいたま市浦和区大東２丁目１８番３－２０４号,2020-04-07,その他の設立登記法人
一般社団法人リトスジャパン研究所,静岡県浜松市浜北区於呂１９３０番地の１,2020-04-07,その他の設立登記法人
一般社団法人三重県トライアスロン協会,三重県鈴鹿市岸岡町１００１番地１,2020-04-07,その他の設立登記法人
一般社団法人不動産終活支援機構岩手,岩手県盛岡市中央通３丁目１７番２１号,2020-04-07,その他の設立登記法人
一般社団法人丹波市浄化槽管理組合,兵庫県丹波市青垣町佐治１１１番地１,2020-04-07,その他の設立登記法人
一般社団法人企業間情報連携推進コンソーシアム,東京都中央区築地２丁目１番１７号,2020-04-07,その他の設立登記法人
一般社団法人佐賀県不動産コンサルティング協会,佐賀県佐賀市神野東４丁目１番１０号,2020-04-07,その他の設立登記法人
一般社団法人全国美術館会議,東京都台東区上野公園７番７号国立西洋美術館内,2020-04-07,その他の設立登記法人
一般社団法人全日本経済支援振興協会,群馬県前橋市富士見町田島５１番地１ハイアットリージェンシー２０１号,2020-04-07,その他の設立登記法人
一般社団法人加須市町づくり推進協議会,埼玉県加須市花崎２丁目２８番地４,2020-04-07,その他の設立登記法人
一般社団法人図面士協会,東京都北区志茂２丁目６０番１１号,2020-04-07,その他の設立登記法人
一般社団法人大分県車いすバスケットボール振興協議会,大分県別府市大字鶴見２６３４番地の６,2020-04-07,その他の設立登記法人
一般社団法人大阪大学経済人会,大阪府大阪市北区梅田１丁目１番３－２６７号,2020-04-07,その他の設立登記法人
一般社団法人大阪市ジュネッスＦＣ,大阪府大阪市阿倍野区阪南町３丁目１４番１３号,2020-04-07,その他の設立登記法人
一般社団法人奈良県工芸協会,奈良県奈良市登大路町３８番地の１,2020-04-07,その他の設立登記法人
一般社団法人小豆島とのしょう観光協会,香川県小豆郡土庄町甲５１６５番地２０１,2020-04-07,その他の設立登記法人
一般社団法人山形県水泳連盟,山形県山形市松山２丁目１１－３０山形県スポーツ会館内,2020-04-07,その他の設立登記法人
一般社団法人新和個人タクシー協会,大阪府大阪市都島区友渕町３丁目４番２２号高倉第三コーポ２０２号室,2020-04-07,その他の設立登記法人
一般社団法人新木材ＣＬＴ生産推進協会,東京都昭島市玉川町１丁目８番１号,2020-04-07,その他の設立登記法人
一般社団法人日本スリーアイズ協会,大阪府大阪市生野区桃谷２丁目８番２２号,2020-04-07,その他の設立登記法人
一般社団法人日本パラクライミング協会,東京都武蔵野市吉祥寺東町４丁目１１番６号,2020-04-07,その他の設立登記法人
一般社団法人日本ヘルスケアアカデミー,三重県松阪市下村町５７７番地,2020-04-07,その他の設立登記法人
一般社団法人日本ラオス人材協会,神奈川県川崎市川崎区小川町１４番地１５トウシンビル３－６０２,2020-04-07,その他の設立登記法人
一般社団法人日本不動産コーディネーター協会,大阪府堺市堺区戎之町東１丁１番２２号戎第一ビル西館２階,2020-04-07,その他の設立登記法人
一般社団法人日本住宅再生支援機構,神奈川県横浜市旭区二俣川２丁目１４番地５６－Ｂ,2020-04-07,その他の設立登記法人
一般社団法人日本健康ゴルフ推進機構,神奈川県横浜市都筑区北山田１丁目１０番５号,2020-04-07,その他の設立登記法人
一般社団法人日本文化教育機構,神奈川県平塚市夕陽ケ丘４４番８号,2020-04-07,その他の設立登記法人
一般社団法人日本顧問介護士協会,静岡県静岡市清水区横砂本町１９－２５－２,2020-04-07,その他の設立登記法人
一般社団法人春花,神奈川県横浜市青葉区荏田北３丁目７番地９Ｋマンション１０１号室,2020-04-07,その他の設立登記法人
一般社団法人東三河森林活用協議会,愛知県北設楽郡設楽町田口字後口４番地４,2020-04-07,その他の設立登記法人
一般社団法人海鈴大磯,神奈川県中郡大磯町東町１丁目９番１７号,2020-04-07,その他の設立登記法人
一般社団法人清新ＪＡＣ,東京都江戸川区清新町２丁目３番７号ヴェルヴィル西葛西エレガン７,2020-04-07,その他の設立登記法人
一般社団法人熱中ことうら,鳥取県東伯郡琴浦町大字宮木２３９番地,2020-04-07,その他の設立登記法人
一般社団法人熱海漁業者共栄組合,静岡県熱海市和田浜南町９番２４号,2020-04-07,その他の設立登記法人
一般社団法人生前・遺品整理事業協会,大阪府大阪市東淀川区東中島１丁目１７番５号ステュディオ新大阪５Ｆ,2020-04-07,その他の設立登記法人
一般社団法人異才ネットワーク,滋賀県大津市松本２丁目２番１６－２号,2020-04-07,その他の設立登記法人
一般社団法人白友会,神奈川県横浜市神奈川区神大寺２丁目９番９－１１０９号,2020-04-07,その他の設立登記法人
一般社団法人社会実験と社会貢献,東京都渋谷区円山町５番５号Ｎａｖｉ渋谷Ⅴ３階,2020-04-07,その他の設立登記法人
一般社団法人経営労務管理サポート,東京都世田谷区三軒茶屋１丁目８－１５－２０１,2020-04-07,その他の設立登記法人
一般社団法人芦屋帝心会,兵庫県芦屋市奥池町６番５号,2020-04-07,その他の設立登記法人
一般社団法人薫,静岡県浜松市南区古川町５００番地,2020-04-07,その他の設立登記法人
一般社団法人蘭越町観光物産協会,北海道磯谷郡蘭越町蘭越町１３０番地,2020-04-07,その他の設立登記法人
一般社団法人親愛信託東京,東京都中央区日本橋２丁目２番３号ＲＩＳＨＥビル４０２,2020-04-07,その他の設立登記法人
一般社団法人陸前高田市観光物産協会,岩手県陸前高田市高田町字館の沖１１１「まちの縁側」,2020-04-07,その他の設立登記法人
一般社団法人馬と歴史と未来の会,岩手県盛岡市長橋町２９番３号,2020-04-07,その他の設立登記法人
一般社団法人Ｃｉｒｃｕｌａｔｅ－Ｊａｐａｎ,東京都千代田区神田神保町２丁目１３番地,2020-04-07,その他の設立登記法人
一般社団法人Ｃｏｍｅ　ＩＮ　Ａぐるめ,長野県伊那市坂下３３３７番地１,2020-04-07,その他の設立登記法人
一般社団法人Ｆｒｅｅ,埼玉県さいたま市浦和区北浦和４丁目７番１０号,2020-04-07,その他の設立登記法人
一般社団法人ＨＯＰＥＦＵＬ,佐賀県唐津市和多田本村５番２９号,2020-04-07,その他の設立登記法人
一般社団法人Ｈａｐｐｙ　Ｅｄｕｃａｔｉｏｎ,山口県山口市徳地船路５７５番地４,2020-04-07,その他の設立登記法人
一般社団法人Ｈｙｇｇｅ,神奈川県横浜市磯子区岡村４丁目１６－６,2020-04-07,その他の設立登記法人
一般社団法人ＭＥＥＴ　ｔｈｅ　ＮＥＷ　ＳＴＹＬＥ,佐賀県佐賀市八戸溝３丁目９番１号,2020-04-07,その他の設立登記法人
一般社団法人Ｍａｙ　Ｌｉｌｙ,大阪府堺市東区日置荘原寺町４０９番地１,2020-04-07,その他の設立登記法人
一般社団法人Ｎｅｓｔ,岡山県英田郡西粟倉村大字影石３３番地１,2020-04-07,その他の設立登記法人
一般社団法人ＯＭＵＲＯ８８,東京都港区虎ノ門３丁目１８番１２号,2020-04-07,その他の設立登記法人
一般社団法人Ｓｏｃｉａｌ　Ｕｐ　Ｍｏｔｅｇｉ,栃木県芳賀郡茂木町大字河井８３５番地４,2020-04-07,その他の設立登記法人
一般財団法人坂出市スポーツ協会,香川県坂出市入船町２丁目１番５９号,2020-04-07,その他の設立登記法人
一般財団法人平野未来財団,東京都中央区銀座２丁目１２番４－７０２号,2020-04-07,その他の設立登記法人
一般財団法人ＳＣＳミュージカル研究所,宮城県仙台市青葉区一番町１丁目４番３０号,2020-04-07,その他の設立登記法人
七つの株式会社,兵庫県神戸市東灘区岡本１丁目１０番５号,2020-04-07,株式会社
中屋ふぁーむ株式会社,新潟県南魚沼郡湯沢町大字土樽５８０４番地,2020-04-07,株式会社
中紀道路交安株式会社,和歌山県御坊市岩内９３９番地１,2020-04-07,株式会社
京都羽毛製造株式会社,京都府亀岡市千歳町国分中島３２番地１,2020-04-07,株式会社
令和ヤマサンサービス株式会社,大阪府堺市東区八下町１丁２７番地２,2020-04-07,株式会社
信頼トレーディングカンパニー合同会社,神奈川県海老名市東柏ケ谷５丁目１０－２２リシエス東柏ケ谷２０３,2020-04-07,合同会社
元気ファームキタオカ株式会社,三重県三重郡菰野町大字菰野８９５６番地２,2020-04-07,株式会社
元気合同会社,大阪府枚方市藤阪中町６－３６ウエストヴィレッジ２０１号室,2020-04-07,合同会社
光洋水産株式会社,神奈川県横浜市金沢区鳥浜町１番地の１南部市場内,2020-04-07,株式会社
光葉工業株式会社,鳥取県米子市蚊屋２４７番地１２,2020-04-07,株式会社
共生の家株式会社,埼玉県鴻巣市大間４丁目２９番７号,2020-04-07,株式会社
共英コーポレーション株式会社,大阪府大阪市北区堂島浜１丁目４番１６号,2020-04-07,株式会社
冨士金荘合同会社,神奈川県川崎市中原区北谷町６７番地,2020-04-07,合同会社
前田空調サービス株式会社,愛知県春日井市柏原町１丁目１８２番地,2020-04-07,株式会社
北海道バイオマスパワー株式会社,北海道札幌市北区太平八条５丁目２番５号２階,2020-04-07,株式会社
医療法人いとう会,大分県別府市石垣西７丁目２１４７番地１,2020-04-07,その他の設立登記法人
医療法人いとう医院,茨城県常総市古間木新田８１７番１,2020-04-07,その他の設立登記法人
医療法人さつき会,奈良県奈良市中登美ヶ丘６丁目３番３号リコラス登美ヶ丘Ａ棟３Ｆ,2020-04-07,その他の設立登記法人
医療法人つぼみ会,奈良県大和高田市春日町１丁目８番３６号,2020-04-07,その他の設立登記法人
医療法人ひぐち矯正歯科,福島県福島市置賜町７番６号アルプスビル４階,2020-04-07,その他の設立登記法人
医療法人オリーブ歯科クリニック,兵庫県神戸市垂水区五色山１丁目４－５リヴァージュ垂水五色山１Ｆ,2020-04-07,その他の設立登記法人
医療法人七夕会,奈良県奈良市右京１丁目３番地の４サンタウンプラザすずらん南館２Ｆ,2020-04-07,その他の設立登記法人
医療法人両行会,埼玉県さいたま市北区日進町２丁目１０８２番地３スワンビル２０１号室,2020-04-07,その他の設立登記法人
医療法人柏瀬眼科,栃木県足利市相生町３８６番地１,2020-04-07,その他の設立登記法人
医療法人桜美会,兵庫県西宮市上大市１丁目５番２０号メゾン甲東園１Ｆ,2020-04-07,その他の設立登記法人
医療法人社団いち会,千葉県野田市柳沢２４番３４,2020-04-07,その他の設立登記法人
医療法人社団むらかみ泌尿器科クリニック,兵庫県神崎郡福崎町南田原２９３７番地１,2020-04-07,その他の設立登記法人
医療法人社団井上クリニック,兵庫県宍粟市山崎町御名３７番地１,2020-04-07,その他の設立登記法人
医療法人社団好政会,埼玉県熊谷市美土里町１丁目７１番地３,2020-04-07,その他の設立登記法人
医療法人社団富士ヶ丘,静岡県磐田市東原１６７番地４,2020-04-07,その他の設立登記法人
医療法人社団小川歯科医院,埼玉県川越市広栄町２５番地５,2020-04-07,その他の設立登記法人
医療法人社団樹伸会,埼玉県久喜市中央一丁目３番１９号ゆきビル１階,2020-04-07,その他の設立登記法人
医療法人社団理英会,神奈川県相模原市南区相模大野５丁目１８番２号,2020-04-07,その他の設立登記法人
医療法人社団琥珀会,神奈川県横浜市港北区大倉山１丁目１７番１３号ファミーユ第２前川ビル１階Ｆ区画,2020-04-07,その他の設立登記法人
医療法人社団白月会,埼玉県鴻巣市本町３丁目８番１号,2020-04-07,その他の設立登記法人
医療法人社団純整会,兵庫県西宮市櫨塚町５番１２号１Ｆ,2020-04-07,その他の設立登記法人
医療法人社団翔洋会,兵庫県西宮市今津山中町１２番２５号,2020-04-07,その他の設立登記法人
医療法人社団英雄会,神奈川県川崎市宮前区小台２丁目６番地６宮前平メディカルモール３階,2020-04-07,その他の設立登記法人
医療法人社団豊照会,神奈川県川崎市幸区大宮町５番地６コ・オリナ・ビル３階,2020-04-07,その他の設立登記法人
医療法人社団ＨＭＫＴ,静岡県浜松市浜北区横須賀５９２番地,2020-04-07,その他の設立登記法人
医療法人社団Ｐｕｌｍｏ,静岡県富士宮市前田町１３７番地の５,2020-04-07,その他の設立登記法人
医療法人社団ＳＰＤＴ,静岡県静岡市清水区押切９３９番地の１５,2020-04-07,その他の設立登記法人
医療法人錦恵会,愛知県西尾市永吉４丁目８３番地１,2020-04-07,その他の設立登記法人
半白広告メディア株式会社,大阪府大阪市西区西本町１丁目１２番２４号ＧＮビル５０１号,2020-04-07,株式会社
協同組合佐賀の善食くりや,佐賀県佐賀市久保田町大字徳万２１１７番１,2020-04-07,その他の設立登記法人
南電工株式会社,東京都新宿区馬場下町６０番地,2020-04-07,株式会社
司法書士法人つむぎ,大阪府大阪市北区神山町８番１号梅田辰巳ビル,2020-04-07,その他の設立登記法人
合同会社あいづち家,千葉県香取市本郷６７,2020-04-07,合同会社
合同会社あずき,埼玉県新座市西堀１丁目１０番２４－２号,2020-04-07,合同会社
合同会社いなもと,熊本県玉名郡南関町大字関東８７４番地フォレスト南関Ａ－１０３号,2020-04-07,合同会社
合同会社おるすばんハウスひまわり園,三重県名張市桔梗が丘３番町四街区１２番地,2020-04-07,合同会社
合同会社かま田,徳島県吉野川市川島町桑村２６０２番地２,2020-04-07,合同会社
合同会社したら輪店,山形県山形市宮町５丁目３番２３号,2020-04-07,合同会社
合同会社すえプロ,新潟県新潟市中央区新和１丁目６番２０号アーク笹出,2020-04-07,合同会社
合同会社ながすもでんき,長野県長野市大字中御所岡田町２６０－１信用開発ビル２階,2020-04-07,合同会社
合同会社に松,宮崎県都城市神之山町２４１０番地,2020-04-07,合同会社
合同会社はな,山形県酒田市亀ケ崎１丁目６番５４号,2020-04-07,合同会社
合同会社は・た・ら・け・る,大分県中津市大字上池永１２５０番地８,2020-04-07,合同会社
合同会社ほっとにゃいと,東京都足立区古千谷本町３丁目９番１０号グローベルザ・プレイス舎人親水公園４１１,2020-04-07,合同会社
合同会社ぽしぶる,埼玉県上尾市大字上尾下６５９番地４,2020-04-07,合同会社
合同会社ももひと,大阪府箕面市箕面８丁目４番３９号,2020-04-07,合同会社
合同会社アグリサポート中の川,北海道寿都郡黒松内町字目名２７番地３,2020-04-07,合同会社
合同会社アプリシティ,愛知県名古屋市西区幅下２丁目１０番３号,2020-04-07,合同会社
合同会社アンドコード,愛知県名古屋市中区栄５丁目２６番３９号ＧＳ栄ビル３Ｆ,2020-04-07,合同会社
合同会社ウイラニ,宮城県多賀城市中央１丁目７番１６号,2020-04-07,合同会社
合同会社エムケー・アシスト,千葉県八千代市村上１１１３番地１・３街区３３棟３０１号,2020-04-07,合同会社
合同会社オフィスハーベスト,東京都足立区青井５丁目３番１１－７０３号,2020-04-07,合同会社
合同会社オリーブ,長野県大町市大町３２１４番地１７,2020-04-07,合同会社
合同会社カルチベート,愛知県大府市高丘町３丁目１２１番地,2020-04-07,合同会社
合同会社クロスロード・プロダクション,東京都北区西ケ原１丁目４３番３号アシュレ駒込１０１号室,2020-04-07,合同会社
合同会社グリングリン,東京都渋谷区道玄坂２丁目１６番３号高葉屋ビル５階,2020-04-07,合同会社
合同会社ケアーライフつむぎ,神奈川県逗子市桜山７丁目１２番１６号,2020-04-07,合同会社
合同会社ゲインワークス,愛知県名古屋市中区栄３丁目２番３号名古屋日興証券ビル４Ｆ,2020-04-07,合同会社
合同会社コーポ小林,三重県四日市市日永東３丁目１２番３９号,2020-04-07,合同会社
合同会社ジミーハーディー,東京都台東区池之端４丁目１６番２号,2020-04-07,合同会社
合同会社ジョイ＆グレイス,大阪府堺市堺区北庄町１丁７番１－４２０号,2020-04-07,合同会社
合同会社スタートアイズ,愛知県知立市昭和９丁目２番地知立団地７５棟３号室,2020-04-07,合同会社
合同会社スプリングケイ,東京都台東区上野３丁目１０番１１号８０９号室,2020-04-07,合同会社
合同会社スリーエス・コーポレーション,大阪府堺市南区城山台１丁１８番５３－６０９号,2020-04-07,合同会社
合同会社ツバメ貿易,岐阜県美濃市泉町１８７７番地８,2020-04-07,合同会社
合同会社トモムギ,宮崎県延岡市大貫町４丁目２１１５番地５,2020-04-07,合同会社
合同会社トラストプロデュース,熊本県熊本市北区植木町投刀塚４８４番地５,2020-04-07,合同会社
合同会社ネクスト・ワン,千葉県佐倉市宮ノ台５丁目３番１２号,2020-04-07,合同会社
合同会社ハイビスカス,愛知県刈谷市新栄町７丁目１番地１,2020-04-07,合同会社
合同会社ハイペリゾン,埼玉県春日部市南２丁目１－７１,2020-04-07,合同会社
合同会社ハピネス,愛知県名古屋市中川区高畑４丁目１２８番地,2020-04-07,合同会社
合同会社ビアス,東京都世田谷区下馬６丁目４０番７号,2020-04-07,合同会社
合同会社ビットフレンズ,愛知県清須市桃栄４丁目３９番地,2020-04-07,合同会社
合同会社ピッチャー,千葉県佐倉市城２０４番地２５３,2020-04-07,合同会社
合同会社フリーダム企画,静岡県熱海市梅園町６－６４,2020-04-07,合同会社
合同会社ブルネビ,新潟県上越市五智３丁目１３番２－１０２号,2020-04-07,合同会社
合同会社プランドール,京都府京都市下京区松原通烏丸西入玉津島町３０６番地,2020-04-07,合同会社
合同会社プロダクトオプションズ,東京都足立区千住３丁目６番１２号ツオード千住壱番館８０１,2020-04-07,合同会社
合同会社ホンダサポート,石川県金沢市間明町２丁目１７５番地４,2020-04-07,合同会社
合同会社マサル,大阪府大阪市城東区関目５丁目１６番１９号,2020-04-07,合同会社
合同会社ミヤコ,岡山県倉敷市連島町西之浦６２６番５３,2020-04-07,合同会社
合同会社メディッシュ,静岡県静岡市葵区吉野町４番７号,2020-04-07,合同会社
合同会社レクリアス,栃木県那須塩原市戸田３番地１,2020-04-07,合同会社
合同会社レゾナンス,福岡県福岡市西区西都２丁目１番３１－１２０３号,2020-04-07,合同会社
合同会社ワールドナイン,東京都中央区銀座７丁目１０番１０号,2020-04-07,合同会社
合同会社中越,東京都新宿区歌舞伎町２丁目２３番１１号第二和幸ビル４階,2020-04-07,合同会社
合同会社亀割商店,長野県下伊那郡下條村陽皐５２３９番地,2020-04-07,合同会社
合同会社信州Ｍ＆Ａセンター,長野県松本市城西２丁目５番１２号,2020-04-07,合同会社
合同会社南雲総研,東京都港区赤坂７丁目５番３４号赤坂リキマンション１１号,2020-04-07,合同会社
合同会社居宅介護支援事業所光,埼玉県草加市遊馬町１１０２番地４,2020-04-07,合同会社
合同会社市浦自動車,宮崎県日南市南郷町中村乙９７６番地１,2020-04-07,合同会社
合同会社広新開発,熊本県熊本市中央区島崎１丁目１１－５８,2020-04-07,合同会社
合同会社悠都,京都府京都市右京区西京極東大丸町１１番地２,2020-04-07,合同会社
合同会社惠,大阪府大東市三箇４丁目１９番１６号,2020-04-07,合同会社
合同会社新潟中央コンタクトレンズ,新潟県新潟市中央区西堀通６番町８６６番地,2020-04-07,合同会社
合同会社木の葉,東京都港区浜松町２丁目２番１５号浜松町ダイヤビル２Ｆ,2020-04-07,合同会社
合同会社木村興業,宮城県遠田郡涌谷町字桑木荒２６番地３アパートメントシュトラーゼ２－１０２,2020-04-07,合同会社
合同会社東京買取館,東京都新宿区西新宿７丁目２番５号ＴＨ西新宿ビル５．６Ｆ,2020-04-07,合同会社
合同会社櫻井,東京都足立区梅田８丁目１３番１０号８１０,2020-04-07,合同会社
合同会社熊本産業保健研究所,熊本県熊本市東区長嶺南７丁目３番６号,2020-04-07,合同会社
合同会社福,千葉県銚子市幸町１丁目６番地,2020-04-07,合同会社
合同会社笠原農事,長野県茅野市城山１７番７号,2020-04-07,合同会社
合同会社緑地環境技術研究所,茨城県結城市大字上山川９９番地４,2020-04-07,合同会社
合同会社美帆,京都府京都市伏見区深草西浦八丁目１３２番地,2020-04-07,合同会社
合同会社自由建築研究室,東京都練馬区石神井町２丁目１５－２０－３０６,2020-04-07,合同会社
合同会社蒼,三重県伊勢市浦口３丁目１０番７号,2020-04-07,合同会社
合同会社藤希技建,宮城県加美郡加美町菜切谷字山道二番４５番地５,2020-04-07,合同会社
合同会社赤加工所,福岡県田川郡赤村大字赤５９５１－１,2020-04-07,合同会社
合同会社造,北海道札幌市北区屯田四条８丁目４番２２号,2020-04-07,合同会社
合同会社長右衛門,静岡県三島市加茂川町１４番１号,2020-04-07,合同会社
合同会社高橋,神奈川県横浜市青葉区青葉台１丁目１５番地４０,2020-04-07,合同会社
合同会社鳥居ＡＵＴＯ,千葉県佐倉市井野１４１２番地２サンフラワーハイツ志津１０５,2020-04-07,合同会社
合同会社黄桜商会,東京都豊島区池袋本町４丁目３８－６大島ビル２階,2020-04-07,合同会社
合同会社４Ｕ,山口県山口市湯田温泉３丁目１番２１号,2020-04-07,合同会社
合同会社ＡＬＡＣＯ,愛知県名古屋市千種区法王町２丁目５番地,2020-04-07,合同会社
合同会社ＡＲＩＡ,埼玉県川越市岸町２丁目２５番１３号コスモ川越サーパスコート５０３号室,2020-04-07,合同会社
合同会社ＢＡＬｉＢＡＹ工業,埼玉県川口市本蓮１丁目１８番８号,2020-04-07,合同会社
合同会社Ｂｅｌｌ－Ｋ,東京都足立区江北７丁目２５番１２号,2020-04-07,合同会社
合同会社Ｃ．Ｇ,三重県鈴鹿市上田町９５番地,2020-04-07,合同会社
合同会社ＧＩＶＥＲＲＲ,東京都北区東十条４丁目１２番７－４０１号ルーブル東十条,2020-04-07,合同会社
合同会社ＪＴＭＯ,岐阜県岐阜市茜部中島３丁目３番地１,2020-04-07,合同会社
合同会社Ｌｉｎｋ,埼玉県久喜市伊坂２５３番地エス．ステーション２０４,2020-04-07,合同会社
合同会社ＭＨＫ,静岡県三島市一番町４番１５号,2020-04-07,合同会社
合同会社ＭＫＮ,山口県宇部市黒石北５丁目４番９－１号,2020-04-07,合同会社
合同会社Ｍｏｍｅｎｔｚ,千葉県船橋市坪井東３丁目１０－１－９２３,2020-04-07,合同会社
合同会社ＮＯＣＣＩ,東京都豊島区西巣鴨４丁目６番４号,2020-04-07,合同会社
合同会社Ｎｅｗ　ｏｎｅ,神奈川県横浜市青葉区梅が丘３６番地１６,2020-04-07,合同会社
合同会社ＰＥＡＲ　ＢＲＩＤＧＥ,東京都品川区荏原４丁目１０番２１号ラボヌール３０２,2020-04-07,合同会社
合同会社ＲＹＡＮブランディング,北海道札幌市中央区南十七条西１６丁目５番６－６０３号,2020-04-07,合同会社
合同会社ＳＡＹＡ,東京都品川区西五反田４丁目２６番６号,2020-04-07,合同会社
合同会社ＳＫ－Ⅱ,神奈川県横浜市緑区青砥町２１５番地１,2020-04-07,合同会社
合同会社ＳＫＭ,東京都豊島区南大塚２丁目２６番７号ＭＥ新大塚ビル６階,2020-04-07,合同会社
合同会社ＳＴＡＹＧＯＬＤ,神奈川県小田原市栄町３丁目１０番１１号開進ビル１０３,2020-04-07,合同会社
合同会社ＳｔｏｒｙＴａｉｌｏｒ,群馬県前橋市朝倉町２丁目３番地７,2020-04-07,合同会社
合同会社Ｔ　ＴＥＡＭ,愛知県名古屋市熱田区波寄町９０１番地１,2020-04-07,合同会社
合同会社ＴＯＡ,沖縄県浦添市前田３丁目９－１石川荘１０２号室,2020-04-07,合同会社
合同会社ＴＲＡＮＧＯ　ＫＮＯＴ,東京都中央区日本橋兜町１７番２号兜町第６葉山ビル４Ｆ,2020-04-07,合同会社
合同会社ＴＲＩＢＥ,大阪府枚方市南中振２丁目３６番１７号,2020-04-07,合同会社
合同会社Ｔｉｇｅｒ,東京都板橋区泉町４番１６号,2020-04-07,合同会社
合同会社Ｕａ　ｋｏｋｏ,愛知県豊田市野見山町３丁目８８番地３５センシア美里南７０２号,2020-04-07,合同会社
合同会社ＶｅｇｅＬａｂｏ,鹿児島県鹿児島市春山町１８１８－１石原タウン１－３,2020-04-07,合同会社
合同会社Ｚｉｐ３,東京都渋谷区神南１丁目１０番６号Ｂａｒｂｉｚｏｎ９８－１０階,2020-04-07,合同会社
合同会社ｃｈａｒｍ,東京都あきる野市草花１５４２番地２,2020-04-07,合同会社
合同会社ｈｉｇｈ　ｒｏａｄ,福岡県福岡市中央区渡辺通５丁目９番２号,2020-04-07,合同会社
和左官株式会社,大阪府吹田市朝日が丘町９番２８号,2020-04-07,株式会社
嘉川株式会社,東京都台東区千束４丁目４３番２－９０３号,2020-04-07,株式会社
堀江興業株式会社,東京都葛飾区新小岩４丁目３９番７号,2020-04-07,株式会社
大勝ジオロジー株式会社,愛知県名古屋市中川区かの里２丁目５０５番地の２,2020-04-07,株式会社
大和国際事業協同組合,愛知県名古屋市中区大須４丁目１番７１号,2020-04-07,その他の設立登記法人
大和株式会社,埼玉県さいたま市浦和区常盤２丁目７番１４号２０２,2020-04-07,株式会社
大森食品株式会社,岡山県岡山市北区大内田８２８番地２,2020-04-07,株式会社
大河株式会社,熊本県熊本市中央区南千反畑町９番１２号,2020-04-07,株式会社
大阪管材株式会社,大阪府松原市天美我堂３丁目１番地,2020-04-07,株式会社
大鰐まちづくり笑社株式会社,青森県南津軽郡大鰐町大字大鰐字湯野川原１０９番地７,2020-04-07,株式会社
太陽生命少子高齢社会研究所,東京都中央区日本橋２丁目７番１号,2020-04-07,株式会社
学校法人山下学園,東京都足立区梅島１丁目２１番１２号,2020-04-07,その他の設立登記法人
安中テクノソーラ合同会社,群馬県高崎市石原町１８８８番地,2020-04-07,合同会社
安久コンサルティング株式会社,静岡県浜松市中区西浅田２丁目２番１８号,2020-04-07,株式会社
安達興業株式会社,千葉県千葉市緑区誉田町２丁目２０番地５２０,2020-04-07,株式会社
宏林株式会社,新潟県新潟市中央区古町通２番町５３１,2020-04-07,株式会社
宮田建設株式会社,大阪府岸和田市三田町１２２２番地の１３,2020-04-07,株式会社
富中株式会社,大阪府大阪市西成区千本中２丁目５番２６号Ａ－５号室,2020-04-07,株式会社
富原地区自主組織委員会,岡山県真庭市若代３４３－８,2020-04-07,その他
富士総研株式会社,東京都杉並区成田東１丁目３５番６号,2020-04-07,株式会社
小鯛商事株式会社,愛知県名古屋市中区平和２丁目８番３２号ＧＲＡＮＤＵＫＥ東別院クレア１００２,2020-04-07,株式会社
山協株式会社,千葉県船橋市坪井町７６５番地２０,2020-04-07,株式会社
山口平成合同会社,山口県山口市小郡下郷２６６１－４（１０６号）,2020-04-07,合同会社
山田建設株式会社,大阪府岸和田市土生町２丁目６番１５号,2020-04-07,株式会社
岡田興業株式会社,群馬県太田市龍舞町７５０番地,2020-04-07,株式会社
岳原合同会社,沖縄県那覇市首里山川町２丁目６９番地,2020-04-07,合同会社
島田環境協同組合,静岡県島田市阿知ケ谷８４４番地の４,2020-04-07,その他の設立登記法人
平沼工業合同会社,兵庫県揖保郡太子町東保４８０番地５,2020-04-07,合同会社
幸株式会社,栃木県栃木市片柳町１丁目２９番２０号,2020-04-07,株式会社
幻城株式会社,兵庫県神戸市中央区東雲通４丁目１－１５－２０５,2020-04-07,株式会社
建築工房あかま株式会社,福島県伊達市保原町二井田字泉畑１１３番地２,2020-04-07,株式会社
弁護士法人Ｇａｌａｘｙ,東京都渋谷区円山町５番５号渋谷橋本ビル９階,2020-04-07,その他の設立登記法人
心誠建装株式会社,神奈川県相模原市南区鵜野森２丁目３０番９号,2020-04-07,株式会社
情報リスクマネジメント株式会社,千葉県流山市大字木４５５番地（木Ｂ６７街区２８－９）,2020-04-07,株式会社
教学比較ＩＲコモンズ合同会社,東京都新宿区袋町５番地１ＦＡＲＯ神楽坂１階,2020-04-07,合同会社
日和見庵投資株式会社,新潟県新潟市中央区二葉町２丁目５９３２－９３,2020-04-07,株式会社
日本信能株式会社,東京都世田谷区砧１丁目３３番２２号,2020-04-07,株式会社
日本博遠株式会社,大阪府大阪市北区天満３丁目５番１７号苦瓜ビル２Ｆ,2020-04-07,株式会社
日本福祉人材協同組合,三重県津市中央４番１９号,2020-04-07,その他の設立登記法人
旭陽エンジニアリング株式会社,山梨県韮崎市神山町鍋山３００番地,2020-04-07,株式会社
晃伸機工合同会社,宮城県富谷市東向陽台１丁目７番１号,2020-04-07,合同会社
晃栄工業株式会社,大分県大分市下郡東２丁目７番６号,2020-04-07,株式会社
有田建築株式会社,福井県福井市寺前町第６号３６番地,2020-04-07,株式会社
有限会社松崎運輸,埼玉県鶴ヶ島市大字高倉１１６４番地,2020-04-07,有限会社
木野開発合同会社,福井県坂井市坂井町下兵庫第９５号７番地甲,2020-04-07,合同会社
杉山自動車株式会社,茨城県筑西市猫島２３番地,2020-04-07,株式会社
村松建設株式会社,茨城県高萩市大字上手綱３２２３番地の１１,2020-04-07,株式会社
東京令和商事株式会社,東京都新宿区住吉町２番１１－１２０３号,2020-04-07,株式会社
東脇設備株式会社,広島県東広島市西条町御薗宇６４７番地７１,2020-04-07,株式会社
板垣住設株式会社,山形県東根市鷺ノ森２丁目１番１３－８号,2020-04-07,株式会社
板金ヨシモト株式会社,山口県岩国市美和町渋前２１１番地４,2020-04-07,株式会社
株式会社あべはんグループ,岩手県二戸市福岡字町裏２１番地１,2020-04-07,株式会社
株式会社いずみ,神奈川県藤沢市鵠沼松が岡１丁目２１番７号,2020-04-07,株式会社
株式会社いちまるスティムレート,静岡県焼津市中港２丁目５番１３号,2020-04-07,株式会社
株式会社いぬカンパニー,静岡県浜松市南区河輪町５６３番地の１,2020-04-07,株式会社
株式会社いろは総業,広島県呉市本通４丁目７番１０－２０１号,2020-04-07,株式会社
株式会社うるう農園,福岡県久留米市三潴町田川４４２番地２,2020-04-07,株式会社
株式会社おもいで工房,東京都豊島区西巣鴨１丁目２番７－２０５号,2020-04-07,株式会社
株式会社きづなや,長野県松本市波田１０３７８番地１,2020-04-07,株式会社
株式会社くらわんか荷下ろしセンター,大阪府枚方市楠葉朝日１丁目１９番３５号,2020-04-07,株式会社
株式会社くろがねエンジニアリング,兵庫県姫路市広畑区西蒲田１６９０番地,2020-04-07,株式会社
株式会社ぐぼう,千葉県船橋市海神４丁目２２番１６号,2020-04-07,株式会社
株式会社さいまる建設,大阪府門真市常称寺町１番１４号,2020-04-07,株式会社
株式会社さくら,埼玉県さいたま市西区大字指扇５１１番地５１,2020-04-07,株式会社
株式会社すずろ,京都府京都市右京区西京極豆田町８番地３,2020-04-07,株式会社
株式会社そせじ,秋田県秋田市金足小泉字潟向７番地１２,2020-04-07,株式会社
株式会社そよ風,大阪府泉佐野市元町１７番２８号,2020-04-07,株式会社
株式会社そらとつき,東京都八王子市上恩方町４０７番地,2020-04-07,株式会社
株式会社つづり,鳥取県米子市大谷町９番地４,2020-04-07,株式会社
株式会社なごみなり,神奈川県茅ヶ崎市赤松町３番４１号,2020-04-07,株式会社
株式会社はせ川,愛知県名古屋市東区代官町１５番１９号,2020-04-07,株式会社
株式会社はなえみ,東京都千代田区九段南１丁目５番６号りそな九段ビル５Ｆ,2020-04-07,株式会社
株式会社ひかり運送,栃木県足利市田中町６４番地４,2020-04-07,株式会社
株式会社ひとみ商会,千葉県市原市五井１０２２番地１,2020-04-07,株式会社
株式会社まるしんホールディングス,長野県岡谷市１００１６番地４７１,2020-04-07,株式会社
株式会社みのり,静岡県富士宮市万野原新田３２８０番地の１,2020-04-07,株式会社
株式会社みらいラボ,愛知県春日井市大手町１１０９番地１,2020-04-07,株式会社
株式会社やまとの里・まほろば福祉会,奈良県桜井市大字阿部１０９６番地の１,2020-04-07,株式会社
株式会社よろず創建,愛知県豊田市前山町３丁目２番地３,2020-04-07,株式会社
株式会社れもん,兵庫県加古川市野口町水足１５５６－６,2020-04-07,株式会社
株式会社ろっけん不動産,京都府京都市中京区藤木町３１－２荒牧ビル２階,2020-04-07,株式会社
株式会社アイオービー,広島県福山市新涯町１丁目４１番１３号,2020-04-07,株式会社
株式会社アイチフーズホールディングス,北海道札幌市豊平区平岸一条２丁目４番７号,2020-04-07,株式会社
株式会社アイデン,千葉県船橋市海神町南１丁目１３８９番地１ウィンベルコーラス船橋４０３号,2020-04-07,株式会社
株式会社アイビーコンサルタント,大阪府大阪市北区豊崎３丁目１５番５号ＴＫビル２Ｆ,2020-04-07,株式会社
株式会社アオテック,愛知県名古屋市熱田区伝馬１丁目７番９号,2020-04-07,株式会社
株式会社アクシアルテック,東京都荒川区東尾久５丁目２９番８号,2020-04-07,株式会社
株式会社アクトライズ,千葉県市原市姉崎８３５番地３シャルムメゾンＣ２０１,2020-04-07,株式会社
株式会社アグリおざき,山形県尾花沢市大字荻袋１３０６番地３６,2020-04-07,株式会社
株式会社アグリティビティ,東京都杉並区高井戸西２丁目７番６号,2020-04-07,株式会社
株式会社アグリパワー,宮城県遠田郡涌谷町太田字台１１７番地,2020-04-07,株式会社
株式会社アグリ大和,広島県三原市大和町平坂３４７番地,2020-04-07,株式会社
株式会社アシスト,東京都中央区銀座１丁目２２番１１号銀座大竹ビジデンス２Ｆ,2020-04-07,株式会社
株式会社アシスト,広島県三原市西町１丁目２番４９号,2020-04-07,株式会社
株式会社アスグッド,大阪府大阪市東淀川区東中島２丁目８番６号新大阪駅前ビル６０５号室,2020-04-07,株式会社
株式会社アスケールエム技建,鹿児島県霧島市隼人町見次１３００番地２ドラゴンポート８８－２０Ｂ－２,2020-04-07,株式会社
株式会社アスト測量,大阪府堺市堺区宿院町西４丁２番９号,2020-04-07,株式会社
株式会社アセンドホールディングス,茨城県那珂郡東海村大字村松３１１５番地６,2020-04-07,株式会社
株式会社アップクリエイト,神奈川県横浜市中区末吉町３丁目４４番地１,2020-04-07,株式会社
株式会社アップライズ,新潟県新潟市西区小新南１丁目１５番１２号,2020-04-07,株式会社
株式会社アディクトコーポレーション,大阪府大阪市西区西本町３丁目１番４６号,2020-04-07,株式会社
株式会社アマンダ,新潟県上越市頸城区下神原４００番地１,2020-04-07,株式会社
株式会社アメニアン,千葉県佐倉市大崎台１丁目１５番地１－２０１,2020-04-07,株式会社
株式会社アライフ,大阪府大阪市浪速区難波中２丁目７番１９号,2020-04-07,株式会社
株式会社アルファ,京都府八幡市美濃山幸水３番地４,2020-04-07,株式会社
株式会社アルファペンギンズ,長野県長野市大字川合新田１１２６番地４,2020-04-07,株式会社
株式会社アロース,茨城県古河市仁連１３０３番地１９,2020-04-07,株式会社
株式会社アンドウ電器,長野県千曲市大字杭瀬下１６７番地１,2020-04-07,株式会社
株式会社アーダー・クラフト,岐阜県瑞穂市穂積９０番地６,2020-04-07,株式会社
株式会社アールアイサポート,京都府舞鶴市字引土６０－１、２Ｆ,2020-04-07,株式会社
株式会社アールホーム,北海道亀田郡七飯町本町１丁目３番１号松岡アパート１階１０２号室,2020-04-07,株式会社
株式会社イシイ,神奈川県横浜市神奈川区平川町１番地２７,2020-04-07,株式会社
株式会社イノセントリード,大阪府大阪市阿倍野区天王寺町北２丁目３０－１８－１０１,2020-04-07,株式会社
株式会社イマデキル,熊本県熊本市西区谷尾崎町１１０１番地４,2020-04-07,株式会社
株式会社インベスティン,東京都港区新橋６丁目１６－８ＳＥＣレックスビル,2020-04-07,株式会社
株式会社イージェイツー,千葉県浦安市日の出６丁目１８番２号,2020-04-07,株式会社
株式会社イースリーワーク,埼玉県さいたま市岩槻区上里２丁目５番地４５,2020-04-07,株式会社
株式会社イーテック,新潟県上越市大字上島４６４番地１,2020-04-07,株式会社
株式会社ウエストウッドエンタープライズＬｏｎｄｏｎ,岐阜県可児市下恵土６番地１ステージＭ,2020-04-07,株式会社
株式会社ウッドリバイブ,石川県加賀市山代温泉２２の３２番地３,2020-04-07,株式会社
株式会社エアーブローズ,栃木県足利市江川町２丁目２２番地２５,2020-04-07,株式会社
株式会社エアーマックス,京都府京都市西京区樫原佃２番地４１,2020-04-07,株式会社
株式会社エイジ工業,京都府京都市北区西賀茂北山ノ森町６番地の４,2020-04-07,株式会社
株式会社エイブル,栃木県栃木市平柳町２丁目２４番３４号,2020-04-07,株式会社
株式会社エクステリアラクサス,埼玉県さいたま市緑区東大門２丁目６番地３２,2020-04-07,株式会社
株式会社エグゼ,愛知県豊明市前後町仙人塚１７３６番地２４６,2020-04-07,株式会社
株式会社エスアールティー,神奈川県相模原市中央区緑が丘２丁目４１番１７号,2020-04-07,株式会社
株式会社エスケイ製作所,三重県四日市市大字東阿倉川６６番３,2020-04-07,株式会社
株式会社エスケー,神奈川県川崎市幸区東小倉１３番６号,2020-04-07,株式会社
株式会社エスコネクト,東京都新宿区西五軒町１０－１柳沢ビル２Ｆ,2020-04-07,株式会社
株式会社エスコム,東京都新宿区西新宿５丁目５番１号,2020-04-07,株式会社
株式会社エスタブル,福岡県福岡市中央区大濠２丁目１３番３２－４０１号,2020-04-07,株式会社
株式会社エスポワール産業医事務所,東京都板橋区中板橋２０番１－５０３号,2020-04-07,株式会社
株式会社エデュメント,東京都新宿区横寺町６４番地２,2020-04-07,株式会社
株式会社エヌテック,愛知県海部郡蟹江町城３丁目４２７番地,2020-04-07,株式会社
株式会社エビサワ技工,茨城県東茨城郡茨城町大字宮ヶ崎３６５番地３,2020-04-07,株式会社
株式会社エフプロセス,奈良県北葛城郡広陵町大字萱野３０４－１,2020-04-07,株式会社
株式会社エムプライニング,栃木県さくら市氏家３５２７番地１０,2020-04-07,株式会社
株式会社エルヴェ,神奈川県横須賀市佐原１丁目１４番４号２Ｆ,2020-04-07,株式会社
株式会社エール,福岡県福岡市城南区別府３丁目１８番３号,2020-04-07,株式会社
株式会社エー・ディー・イー,大分県別府市大字内竈１３９１番,2020-04-07,株式会社
株式会社オアシス,愛知県名古屋市西区鳥見町２丁目２２番地の１,2020-04-07,株式会社
株式会社オザキ産業,愛媛県新居浜市新須賀町４丁目２番１６号,2020-04-07,株式会社
株式会社オフィス三島裕史,千葉県浦安市東野２丁目３０番２５号,2020-04-07,株式会社
株式会社オーティーエス,大阪府枚方市三栗１丁目２８番４９－２０１号室,2020-04-07,株式会社
株式会社カインドトラスト,大阪府大阪市北区本庄東１丁目２２番１号,2020-04-07,株式会社
株式会社カツヤク,大阪府大阪市淀川区西中島１丁目９番２０号,2020-04-07,株式会社
株式会社カノエ,東京都目黒区東山３丁目１６番９号,2020-04-07,株式会社
株式会社カラダ元気,三重県鈴鹿市庄野東３丁目５番１号,2020-04-07,株式会社
株式会社カーウィング,千葉県市原市光風台５丁目３７２番地,2020-04-07,株式会社
株式会社ガレージ大西,京都府木津川市山城町椿井水垣内５番地,2020-04-07,株式会社
株式会社キタザワ,千葉県東金市道庭６３９番地,2020-04-07,株式会社
株式会社キャラデウス,埼玉県さいたま市大宮区桜木町２丁目３番地大宮マルイ７階,2020-04-07,株式会社
株式会社キャリアエンターテインメント,東京都豊島区東池袋３丁目１番１号,2020-04-07,株式会社
株式会社キューブ,大阪府大阪市中央区瓦町４丁目３番９号,2020-04-07,株式会社
株式会社クラージュ,東京都台東区小島２丁目１８番１５号新御徒町妙見屋ビル５階,2020-04-07,株式会社
株式会社クリエイティブ研究所,東京都新宿区新宿１丁目３６番２号新宿葉山ビル３階,2020-04-07,株式会社
株式会社クリエートジャパンサービス,埼玉県富士見市鶴馬２丁目５番１１号,2020-04-07,株式会社
株式会社クレシー,京都府宇治市小倉町春日森９６番地の１８,2020-04-07,株式会社
株式会社クレバユース,埼玉県越谷市大字砂原７２６番地１,2020-04-07,株式会社
株式会社グットリード,愛知県名古屋市南区天白町５丁目１５番地,2020-04-07,株式会社
株式会社グッドカルチャーズ,群馬県邑楽郡大泉町大字吉田１２２１番地の１,2020-04-07,株式会社
株式会社グラウンドサーベイデザイン,福岡県福岡市博多区東比恵２丁目２０番２５号,2020-04-07,株式会社
株式会社グリット,静岡県浜松市中区板屋町１１１番地の２アクトタワー１８階,2020-04-07,株式会社
株式会社グリーンコンストラクション,東京都港区赤坂１丁目１２番３２号,2020-04-07,株式会社
株式会社グレイス,栃木県栃木市西方町金井８６７番地３,2020-04-07,株式会社
株式会社グローティー,大分県大分市城崎町１丁目３番６号,2020-04-07,株式会社
株式会社グローバルアスリート,愛知県名古屋市名東区本郷２丁目６２番地３－Ｂ,2020-04-07,株式会社
株式会社ケアポイント,大阪府吹田市江坂町２丁目２番９号,2020-04-07,株式会社
株式会社ケイテックサービス,栃木県小山市大字萱橋８１１番地,2020-04-07,株式会社
株式会社ケンシン,神奈川県横浜市南区中里４丁目３番２１－４号,2020-04-07,株式会社
株式会社ケーアンドケー,東京都羽村市羽加美４丁目９番２３号,2020-04-07,株式会社
株式会社コントリビューション,東京都渋谷区恵比寿南１丁目１５番１号Ａ－ＰＬＡＣＥ恵比寿南４Ｆ,2020-04-07,株式会社
株式会社コンビニア,広島県広島市東区戸坂出江２丁目９番８号,2020-04-07,株式会社
株式会社コンプレックス,埼玉県入間郡三芳町大字北永井１６８,2020-04-07,株式会社
株式会社サイバーエージェント・ストラテジー,東京都渋谷区渋谷２丁目２４番１２号,2020-04-07,株式会社
株式会社サクライト,東京都渋谷区渋谷２丁目１１番１２号パークノヴァ渋谷６０５号室,2020-04-07,株式会社
株式会社サスティナブル・ファーム,神奈川県相模原市中央区田名塩田１丁目１７番１３号,2020-04-07,株式会社
株式会社サポワーク,大阪府大阪市平野区平野馬場１丁目６番１０号,2020-04-07,株式会社
株式会社サンキョウ工業,大阪府南河内郡河南町大字加納５０５番地の４,2020-04-07,株式会社
株式会社サン・バランス,福井県小浜市加斗第５号５８番地,2020-04-07,株式会社
株式会社シェフの一皿,大阪府大阪市西区西本町１丁目１３番３８号,2020-04-07,株式会社
株式会社シヨンサン,大阪府豊中市東泉丘１丁目１番１７号,2020-04-07,株式会社
株式会社シンコウクリエイト,大阪府摂津市千里丘５丁目５番２３号,2020-04-07,株式会社
株式会社シンコー,奈良県奈良市柏木町３５５番地の４,2020-04-07,株式会社
株式会社シンプランニング,愛知県津島市常盤町３丁目１番地６２,2020-04-07,株式会社
株式会社シーホーム,神奈川県横須賀市追浜町２丁目６－１階,2020-04-07,株式会社
株式会社シーワーク,島根県大田市鳥井町鳥越７３２番地１,2020-04-07,株式会社
株式会社ジェネシスライン,北海道北広島市西の里８４６番地３１,2020-04-07,株式会社
株式会社ジェーシーエル,埼玉県蕨市塚越２丁目１－１７－５０４,2020-04-07,株式会社
株式会社ジャックラビット,長崎県佐世保市ハウステンボス町２８２５番地７,2020-04-07,株式会社
株式会社ジャパン・フォーリーフ,千葉県夷隅郡御宿町浜１６８７番地１第一ライオンズマンション３０２号,2020-04-07,株式会社
株式会社ジースタイル,千葉県千葉市中央区栄町１番７号,2020-04-07,株式会社
株式会社スエヒロ家,大阪府池田市石橋１丁目１３番１１号,2020-04-07,株式会社
株式会社スコルタ,京都府京都市北区大宮開町１番地北山グランドハイツ５１１号,2020-04-07,株式会社
株式会社スピリッツ,愛知県一宮市八幡１丁目３番２号,2020-04-07,株式会社
株式会社スペクトラム,大阪府大阪市浪速区日本橋西２丁目５番１１号つたや本社ビル４Ｆ,2020-04-07,株式会社
株式会社スマイル,茨城県つくば市高崎８３番地,2020-04-07,株式会社
株式会社スマイルカンパニー,大阪府高槻市城北町２丁目１１番１－５階,2020-04-07,株式会社
株式会社スマイル会計センター,東京都国立市中１丁目９番地の４４野木ビル２階,2020-04-07,株式会社
株式会社スリーピー,東京都新宿区西新宿６丁目１５番１－２７１９号,2020-04-07,株式会社
株式会社スリーピース,東京都八王子市中野町２７４５番地１パレスナカノ２０３,2020-04-07,株式会社
株式会社セイハク巧藝,大阪府高槻市津之江町１丁目４８番８号,2020-04-07,株式会社
株式会社セキュアオンライン,千葉県柏市若柴１７８番地４柏の葉キャンパス１４８街区２ショップ＆オフィス棟,2020-04-07,株式会社
株式会社セブン,東京都品川区荏原２丁目１７番１４号富士ビル１Ｆ,2020-04-07,株式会社
株式会社セブンプラス,大阪府大阪市東成区深江南２丁目５番１３号,2020-04-07,株式会社
株式会社セブンリーブス,青森県三沢市松園町１丁目１２番１５号,2020-04-07,株式会社
株式会社セレンジェンス１４５,東京都新宿区南元町４番地６５ブルソール信濃町１０３,2020-04-07,株式会社
株式会社セレンディピティ,愛知県日進市米野木台６丁目７０３番地,2020-04-07,株式会社
株式会社ゼロヨンゼロハチ,熊本県熊本市東区健軍１丁目３７番６号,2020-04-07,株式会社
株式会社ゼンショーストアサポート,東京都港区港南２丁目１８番１号,2020-04-07,株式会社
株式会社ソウルクリエイトミュージック,京都府宇治市小倉町神楽田３３番地１０－店舗２階,2020-04-07,株式会社
株式会社ソシオ・エンジン・プロジェクト,東京都杉並区成田東２丁目２１番１９号,2020-04-07,株式会社
株式会社ソマチット,鹿児島県薩摩川内市樋脇町市比野３２３０番地５４,2020-04-07,株式会社
株式会社ソレカラ,東京都渋谷区代々木１丁目１９－２,2020-04-07,株式会社
株式会社タカ電機設備,栃木県栃木市今泉町１丁目２７番１３号,2020-04-07,株式会社
株式会社タニテック,大阪府守口市寺方錦通３丁目５番３号,2020-04-07,株式会社
株式会社ダイ光フーズ,広島県安芸郡坂町平成ヶ浜２丁目１番６０号,2020-04-07,株式会社
株式会社ダブルイン,埼玉県さいたま市北区日進町２丁目１４９０番地９,2020-04-07,株式会社
株式会社チェギロン,東京都港区浜松町２丁目２番１５号浜松町ダイヤビル２階,2020-04-07,株式会社
株式会社ツタエホールディングス,福島県耶麻郡北塩原村大字北山字村西４０６５番地,2020-04-07,株式会社
株式会社テクノ美鈴,愛知県名古屋市西区比良２丁目２４４番地の１,2020-04-07,株式会社
株式会社テランボー,東京都葛飾区奥戸４丁目１５番１号成田マンション２０２,2020-04-07,株式会社
株式会社テリコス,東京都渋谷区円山町５番５号Ｎａｖｉ渋谷Ｖ３階,2020-04-07,株式会社
株式会社トチソク,栃木県佐野市田沼町３９３番地３,2020-04-07,株式会社
株式会社トライカラーズ,東京都世田谷区大原１丁目１２番９号,2020-04-07,株式会社
株式会社トラスト,栃木県宇都宮市清原台３丁目２番１３号,2020-04-07,株式会社
株式会社トータルライフ,大阪府豊中市小曽根２丁目１６番２号,2020-04-07,株式会社
株式会社トータルワークス．,愛知県名古屋市中区錦３丁目９番３２号,2020-04-07,株式会社
株式会社トーラス,神奈川県横浜市中区元浜町３丁目２３プロスタイル横浜馬車道２０３,2020-04-07,株式会社
株式会社ドリーム,愛知県一宮市木曽川町外割田字東郷前４６番地２,2020-04-07,株式会社
株式会社ドローンムーブ,熊本県天草市宮地岳町４９０３番地,2020-04-07,株式会社
株式会社ナノアイソリューションズ,神奈川県川崎市川崎区駅前本町１１番地２川崎フロンティアビル４階,2020-04-07,株式会社
株式会社ナミシマ,埼玉県比企郡川島町大字下狢１１３番地１,2020-04-07,株式会社
株式会社ニューモア,東京都三鷹市上連雀７丁目２８番２０号,2020-04-07,株式会社
株式会社ネオケー,愛知県丹羽郡扶桑町大字高雄字扶桑台１８３番地,2020-04-07,株式会社
株式会社ネスコ,福岡県糟屋郡志免町別府１丁目１１番２１号サンセール４０１号,2020-04-07,株式会社
株式会社ハイライン,千葉県市原市八幡北町２丁目２番地８,2020-04-07,株式会社
株式会社ハウズーム,大阪府大阪市中央区南本町１丁目３番９号,2020-04-07,株式会社
株式会社ハニビー,東京都三鷹市野崎３丁目１番６－７０１号,2020-04-07,株式会社
株式会社バファローコンサルティング,愛知県安城市百石町２丁目１８番地２,2020-04-07,株式会社
株式会社バンバンバン,大阪府大阪市中央区大手通１丁目３番７号日宝大手ビル３階１号,2020-04-07,株式会社
株式会社パインリンク,東京都豊島区巣鴨２丁目１７番８号,2020-04-07,株式会社
株式会社パセリワールド,千葉県旭市後草７４５番地３,2020-04-07,株式会社
株式会社パッチューネ,神奈川県藤沢市片瀬海岸３丁目４番９号,2020-04-07,株式会社
株式会社ヒカリ工業,宮城県名取市愛島郷２丁目２１番地の４,2020-04-07,株式会社
株式会社ビジョン,大阪府大阪市北区堂山町１－５三共梅田ビル７階Ｏｇｙａａ’ｓ,2020-04-07,株式会社
株式会社ビズテーラー・パートナーズ,東京都中央区築地１丁目１３番１号,2020-04-07,株式会社
株式会社ビルドブリッジーズ,東京都立川市錦町６丁目１４番１３号,2020-04-07,株式会社
株式会社ビーエスネット,神奈川県横浜市神奈川区三ツ沢中町３２番４３－２０１号,2020-04-07,株式会社
株式会社ピーナッツ,新潟県上越市東本町４丁目３番２０号,2020-04-07,株式会社
株式会社ファイブサポート,神奈川県横浜市保土ケ谷区仏向町８４５番地１コンフォール仏向町１－１－８１３,2020-04-07,株式会社
株式会社ファイブスター,千葉県船橋市葛飾町２丁目３４０番地,2020-04-07,株式会社
株式会社ファクトリー前田,岩手県奥州市前沢生母字前川原３３９番地１,2020-04-07,株式会社
株式会社ファーストホールディングス,高知県高知市伊勢崎町１１番１０号,2020-04-07,株式会社
株式会社フィットネクサス,東京都羽村市栄町３丁目３番地３さくらモール羽村,2020-04-07,株式会社
株式会社フィフティーンミニッツ,東京都世田谷区瀬田５丁目９番１９－１２号,2020-04-07,株式会社
株式会社フェニックスミッション,東京都新宿区新宿５丁目１８番２０号ルックハイツ新宿８０３号,2020-04-07,株式会社
株式会社フォルテッシシモ,東京都目黒区中央町２丁目１５番５号プロスペアー祐天寺テラス１０５号,2020-04-07,株式会社
株式会社フォレストスプリング,埼玉県富士見市ふじみ野西４丁目１０番地２,2020-04-07,株式会社
株式会社フォレストファーム,千葉県千葉市緑区おゆみ野中央９丁目１－９９,2020-04-07,株式会社
株式会社フォーギミック,東京都渋谷区渋谷３丁目１番９号,2020-04-07,株式会社
株式会社フォース,東京都江戸川区中央４丁目２０番６号,2020-04-07,株式会社
株式会社フジタ建設,茨城県土浦市虫掛３４５１番地,2020-04-07,株式会社
株式会社フライト,東京都小金井市東町１丁目８番２１号パーク・サイド・ヒル１０２,2020-04-07,株式会社
株式会社フーズファクトリー千葉,千葉県千葉市稲毛区山王町２６８番地２,2020-04-07,株式会社
株式会社ブライダルドリーム,茨城県つくば市みどりの１丁目２８－１吉田ビル５－Ｂ,2020-04-07,株式会社
株式会社ブランダーズ,埼玉県川越市大手町１０番地２５,2020-04-07,株式会社
株式会社ブランニューデザイン,神奈川県藤沢市用田１５２０番地の３,2020-04-07,株式会社
株式会社ブルーバード,神奈川県川崎市宮前区有馬１丁目１０番１９－４０４号,2020-04-07,株式会社
株式会社ブループリント,静岡県浜松市中区船越町８番１１号,2020-04-07,株式会社
株式会社プラステリア,三重県名張市新田２０２８番地１,2020-04-07,株式会社
株式会社プラットワークス,東京都渋谷区広尾１丁目１３番７号恵比寿イーストビル６Ｆ,2020-04-07,株式会社
株式会社プランコンサルティング,高知県高知市福井町１９７０番地８２,2020-04-07,株式会社
株式会社プレイヤーズゲート,北海道札幌市手稲区前田三条８丁目３番１７号,2020-04-07,株式会社
株式会社プレミア不動産販売,大阪府茨木市大住町３番２０号,2020-04-07,株式会社
株式会社プレール,奈良県奈良市学園朝日町２番１号,2020-04-07,株式会社
株式会社プロサポート,群馬県前橋市古市町２０４番１,2020-04-07,株式会社
株式会社プロシード,北海道函館市桔梗３丁目１番１８号,2020-04-07,株式会社
株式会社プロホームズ,栃木県宇都宮市平松本町１１０１番地６号,2020-04-07,株式会社
株式会社ベリアルパートナーズ,東京都目黒区下目黒３丁目４番２７－３０４号,2020-04-07,株式会社
株式会社ペネトレイト,東京都豊島区東池袋３丁目２０番６号岩波ビル５０６,2020-04-07,株式会社
株式会社ホウエイ,佐賀県鹿島市大字重ノ木乙２７５６番地１,2020-04-07,株式会社
株式会社ポケノ,京都府京都市上京区大宮町３１７番地４,2020-04-07,株式会社
株式会社マイカスピリット,神奈川県川崎市宮前区土橋７丁目２１番地４８,2020-04-07,株式会社
株式会社マイルストーン,愛知県知立市池端１丁目３９番地,2020-04-07,株式会社
株式会社マゼンタース,千葉県千葉市稲毛区園生町４２０番地１,2020-04-07,株式会社
株式会社マックス,埼玉県川口市新井町１８番１４号,2020-04-07,株式会社
株式会社マヤソル,東京都豊島区西池袋４丁目１５番８号メゾンホリノ１０１号,2020-04-07,株式会社
株式会社マルワ,兵庫県丹波市氷上町沼４８０番地,2020-04-07,株式会社
株式会社ミコト,千葉県市原市出津１番地２,2020-04-07,株式会社
株式会社ミサオ技研,栃木県さくら市氏家３２７０番地６２,2020-04-07,株式会社
株式会社ミッツ,千葉県柏市大津ケ丘４丁目２４番１０,2020-04-07,株式会社
株式会社ミツクル,千葉県成田市不動ケ岡１７１７番地１３,2020-04-07,株式会社
株式会社ミドルビーチ,東京都新宿区西新宿１丁目１８－１３近江ビル５Ｆ,2020-04-07,株式会社
株式会社ムラカミ水道設備,愛知県愛西市北一色町昭和２３６番地２,2020-04-07,株式会社
株式会社メディカルサービストラスト,三重県名張市百合が丘東２番町８２番地,2020-04-07,株式会社
株式会社メディケアオフィス,福岡県福岡市南区大楠２丁目７番１８－３０４号,2020-04-07,株式会社
株式会社メルベーユ,長野県長野市若里１丁目３５番１０号,2020-04-07,株式会社
株式会社モイスティーヌ飯田,長野県飯田市鼎名古熊２６０１番地２６,2020-04-07,株式会社
株式会社ヤマコフーズ,東京都中央区日本橋浜町２丁目２０番６号,2020-04-07,株式会社
株式会社ヤマザキ,静岡県掛川市家代１８１５番地,2020-04-07,株式会社
株式会社ユイット,長野県北佐久郡軽井沢町大字長倉４９９４番地５,2020-04-07,株式会社
株式会社ユウコーホーム,長崎県佐世保市小佐々町田原１９番地２,2020-04-07,株式会社
株式会社ユニスパイシア,東京都中央区日本橋本町３丁目３番６号,2020-04-07,株式会社
株式会社ユニバーサルコンプリート,栃木県宇都宮市東宿郷３丁目８番８号,2020-04-07,株式会社
株式会社ユーズエンジニアリング,東京都東大和市仲原３丁目２番８号,2020-04-07,株式会社
株式会社ライズフル,東京都足立区竹の塚１丁目２５番１８号,2020-04-07,株式会社
株式会社ライフプロテック,埼玉県新座市北野３丁目５番６号,2020-04-07,株式会社
株式会社ライブフィールド,神奈川県海老名市東柏ケ谷１丁目６番１２号大貫ビル１Ｆ１０１,2020-04-07,株式会社
株式会社ラボラト,東京都豊島区東池袋２丁目４９番９号,2020-04-07,株式会社
株式会社リカレントエコノミクス,神奈川県横浜市都筑区高山１９番５－３０７号,2020-04-07,株式会社
株式会社リクマチ,大阪府東大阪市長堂２丁目１０番２４号東大阪長堂ビル２Ｆ,2020-04-07,株式会社
株式会社リグテック,埼玉県南埼玉郡宮代町川端４丁目３番３４号エステートピア翔Ａ棟２０２号,2020-04-07,株式会社
株式会社リサイクルジャパン,大阪府大阪市鶴見区今津南２丁目２番４号,2020-04-07,株式会社
株式会社リペアファシリティーズ,大阪府大阪市住之江区新北島５丁目２番２８－６０９号,2020-04-07,株式会社
株式会社リミテッド,東京都港区南青山３丁目１５番９号,2020-04-07,株式会社
株式会社リメンバー,京都府城陽市市辺粟谷７４番地,2020-04-07,株式会社
株式会社リモ,熊本県天草市中村町６番１２号,2020-04-07,株式会社
株式会社リョウリス,東京都渋谷区渋谷３丁目６番２号エクラート渋谷ビル５Ｆ,2020-04-07,株式会社
株式会社ルピナス,熊本県上益城郡益城町大字下陳７８５番地,2020-04-07,株式会社
株式会社ルルディ,大阪府大阪市浪速区湊町２丁目２番５－６１４号,2020-04-07,株式会社
株式会社レイズ,広島県福山市南蔵王町４丁目３番４０－３０２号,2020-04-07,株式会社
株式会社ロカリア,福岡県福岡市中央区大名２丁目９番３５号,2020-04-07,株式会社
株式会社ワイエスイー,栃木県宇都宮市陽東５丁目１４番４３号,2020-04-07,株式会社
株式会社ワンエイト,神奈川県足柄上郡山北町向原６１８番地,2020-04-07,株式会社
株式会社ヲ利鶴,兵庫県西宮市名塩さくら台１丁目１３番地１２,2020-04-07,株式会社
株式会社ヴェールコミュニケーション,埼玉県さいたま市中央区鈴谷２丁目５４２番地１,2020-04-07,株式会社
株式会社一奈Ｇａｒｄｅｎ,千葉県千葉市若葉区川井町６２８番地,2020-04-07,株式会社
株式会社丈慶,大阪府大阪市生野区林寺４丁目５番２１号,2020-04-07,株式会社
株式会社三木商事,東京都新宿区新宿６丁目２７－１ライオンズガーデン新宿５０８,2020-04-07,株式会社
株式会社上南塗装,山形県上山市石堂３番６号,2020-04-07,株式会社
株式会社上月,東京都杉並区成田東１丁目３８番８号ヴィラコンドウ２０２,2020-04-07,株式会社
株式会社上田,大阪府堺市西区神野町２丁４番３号,2020-04-07,株式会社
株式会社丸和商事,東京都北区浮間１丁目１番１４号リムジンビル３４３,2020-04-07,株式会社
株式会社丸美商,埼玉県さいたま市大宮区櫛引町１丁目７８２番地１オーベル大宮櫛引８０４号,2020-04-07,株式会社
株式会社乃一農園,香川県坂出市大屋冨町２５５２番地２,2020-04-07,株式会社
株式会社久保田工作所,広島県安芸高田市高宮町原田１６３６番地２,2020-04-07,株式会社
株式会社久山,千葉県白井市根１２５－２０,2020-04-07,株式会社
株式会社久嶺建設,千葉県市川市田尻３丁目１１－２３－１０７,2020-04-07,株式会社
株式会社五島工業,大阪府門真市四宮３丁目１０番１１号,2020-04-07,株式会社
株式会社五稜バス,神奈川県横浜市西区みなとみらい２丁目２番１号,2020-04-07,株式会社
株式会社井上工業,広島県呉市焼山中央５丁目３番１１号,2020-04-07,株式会社
株式会社京本鮪商店,大阪府茨木市宮島１丁目１番１号大阪府中央卸売市場水産部５７６号,2020-04-07,株式会社
株式会社京都ジュニパー,京都府京都市下京区綾小路通柳馬場西入綾材木町１８８番地の５,2020-04-07,株式会社
株式会社京都防災,京都府京都市伏見区久我西出町１２番地２７９,2020-04-07,株式会社
株式会社令和中央堂,東京都狛江市岩戸北４丁目１７番１３－３０１号,2020-04-07,株式会社
株式会社住吉屋,栃木県栃木市藤岡町石川５２４番地１,2020-04-07,株式会社
株式会社佐川生活保善,東京都豊島区南池袋２丁目３４番５号,2020-04-07,株式会社
株式会社信工業,佐賀県嬉野市嬉野町大字下野甲２４０８番地１,2020-04-07,株式会社
株式会社信濃総合サービス,大阪府大阪市住之江区新北島８丁目１番２８号,2020-04-07,株式会社
株式会社八坂,長崎県諫早市栄田町６３番１１号,2020-04-07,株式会社
株式会社共明機工,千葉県木更津市十日市場２８２番地,2020-04-07,株式会社
株式会社円陣,三重県松阪市日丘町５６３番地６７,2020-04-07,株式会社
株式会社再興経営研究所,千葉県千葉市中央区矢作町３２８番地１,2020-04-07,株式会社
株式会社凰工業,茨城県神栖市知手中央６丁目１６番２５号平野コーポ５１２,2020-04-07,株式会社
株式会社前川板金,千葉県八千代市大和田８２２番地４,2020-04-07,株式会社
株式会社北原建設,兵庫県尼崎市東園田町１丁目２１１番地の９,2020-04-07,株式会社
株式会社北摂ＴＮＲサポート,大阪府池田市鉢塚２丁目８番２６号,2020-04-07,株式会社
株式会社司工務店,東京都府中市南町４丁目４０番地の１、１８－１０３,2020-04-07,株式会社
株式会社吉源商事,千葉県千葉市若葉区太田町４６番地,2020-04-07,株式会社
株式会社吉田造園,愛知県豊橋市杉山町字知原１４７番地,2020-04-07,株式会社
株式会社名東テクノス,愛知県名古屋市緑区横吹町１０１４番地,2020-04-07,株式会社
株式会社和堂,大阪府大阪市北区天神橋３丁目６番２６号扇町パークビル７階,2020-04-07,株式会社
株式会社嘉村開発,佐賀県佐賀市諸富町大字徳富２０２７番地５,2020-04-07,株式会社
株式会社國吉工業,千葉県船橋市小室町１０４４－１,2020-04-07,株式会社
株式会社土崎開発,東京都杉並区高円寺南４丁目７番３号サンシャイン高円寺８０３号,2020-04-07,株式会社
株式会社坂口商店,石川県小松市白江町ヲ９２番地１,2020-04-07,株式会社
株式会社坂本組,和歌山県海南市下津町下５２６番地,2020-04-07,株式会社
株式会社堀之内総建,鹿児島県伊佐市菱刈荒田１５８３番地,2020-04-07,株式会社
株式会社夢先案内人,静岡県三島市梅名２０３番地の１,2020-04-07,株式会社
株式会社夢達発創,宮城県仙台市宮城野区福室３丁目２０番３２号ＲＭ３－Ｄ－２０１,2020-04-07,株式会社
株式会社大兼,石川県金沢市観音堂町ホ１番地１１,2020-04-07,株式会社
株式会社大和未来都市開発,大阪府堺市堺区熊野町東４丁２番１０号,2020-04-07,株式会社
株式会社大日山,石川県能美市湯谷町ホ５５番地,2020-04-07,株式会社
株式会社大樹,栃木県真岡市熊倉２丁目１９番地２,2020-04-07,株式会社
株式会社大江農場,鳥取県倉吉市関金町明高７９９番地,2020-04-07,株式会社
株式会社大津,大阪府守口市大久保町５丁目４６番１４号,2020-04-07,株式会社
株式会社大濠企画,福岡県福岡市中央区赤坂３丁目４番２２－１５０２号,2020-04-07,株式会社
株式会社奥平農事業,広島県三次市上川立町２０７７番地,2020-04-07,株式会社
株式会社孤高去来相身互い月華凛々,京都府京都市中京区室町通御池上る御池之町３０８番地,2020-04-07,株式会社
株式会社宅配とまと,愛知県豊橋市三ノ輪町１丁目２８番地,2020-04-07,株式会社
株式会社宇野斫業,大阪府大阪市北区豊崎１丁目１２番１３－４０８号,2020-04-07,株式会社
株式会社安永建設,熊本県菊池郡菊陽町大字原水４６５２番地４９,2020-04-07,株式会社
株式会社宏和ファシリティーズ,大阪府大阪市平野区瓜破西１丁目１０番１７号,2020-04-07,株式会社
株式会社宮勘建設,栃木県宇都宮市宝木本町１１９２番地２２コーポエレトピア１０２,2020-04-07,株式会社
株式会社宮﨑電気工業,栃木県宇都宮市鐺山町１９５７番地３,2020-04-07,株式会社
株式会社家づくりＬａｂ．ｅｎ,神奈川県茅ヶ崎市中海岸４丁目１３番２号,2020-04-07,株式会社
株式会社富士通フューチャースタディーズ・センター,東京都港区六本木１丁目４番５号,2020-04-07,株式会社
株式会社富士電装,愛知県海部郡大治町大字西篠字笠見立３４番地の１,2020-04-07,株式会社
株式会社寺井ファーム,石川県羽咋郡宝達志水町東間ヨ１３１番地の１,2020-04-07,株式会社
株式会社寺尾林産,長野県下伊那郡阿智村伍和５１６９番地,2020-04-07,株式会社
株式会社小室工業,東京都昭島市福島町２丁目１６番２４号,2020-04-07,株式会社
株式会社小池建業,新潟県上越市大字安江１０番地５,2020-04-07,株式会社
株式会社局地風,東京都新宿区新宿１丁目３６番２号新宿第七葉山ビル９階,2020-04-07,株式会社
株式会社山口鐵工,三重県伊賀市長田２５４４番地,2020-04-07,株式会社
株式会社山心鋼建,大阪府堺市南区庭代台３丁１３番８－２０３号,2020-04-07,株式会社
株式会社山本モータース,東京都八王子市中野町２１６６番地３,2020-04-07,株式会社
株式会社山正建設,福岡県直方市大字中泉１２３５番地２,2020-04-07,株式会社
株式会社嶋岡製作所,神奈川県川崎市中原区上小田中２丁目３番７号,2020-04-07,株式会社
株式会社平沢工業,栃木県那須塩原市鍋掛１０８４番地４４９,2020-04-07,株式会社
株式会社庵寿玲海,静岡県磐田市豊浜４７７番地１,2020-04-07,株式会社
株式会社建明,茨城県つくば市上郷２０６５番地２,2020-04-07,株式会社
株式会社弘栄技工,大阪府大阪市住吉区山之内１丁目１０番２号,2020-04-07,株式会社
株式会社彩和・福祉サポート,埼玉県さいたま市見沼区深作１丁目２５－６,2020-04-07,株式会社
株式会社悠和,東京都台東区台東１丁目２９番３号イースタンクロスアキバ１００６,2020-04-07,株式会社
株式会社悠和,愛知県豊田市幸町下郷中１６番地,2020-04-07,株式会社
株式会社惠商事,東京都足立区伊興１丁目２３番８号,2020-04-07,株式会社
株式会社愛成社,埼玉県入間郡三芳町大字北永井８９９番地１７,2020-04-07,株式会社
株式会社戸田総合メンテナンス,山口県下関市熊野町２丁目１０番５号,2020-04-07,株式会社
株式会社承陽,大分県大分市机張原１３４６,2020-04-07,株式会社
株式会社招致集客代行,東京都新宿区大京町２５番地,2020-04-07,株式会社
株式会社捧電気,新潟県三条市下坂井１０番２８号,2020-04-07,株式会社
株式会社斉藤ルーフ,神奈川県横須賀市小原台６番２号,2020-04-07,株式会社
株式会社新企業法務倶楽部,東京都中央区日本橋２丁目１番１７号丹生ビル２階,2020-04-07,株式会社
株式会社新建工業,愛知県豊川市八幡町大池１７番地の１１４,2020-04-07,株式会社
株式会社新日本興業,千葉県木更津市井尻５０４番地,2020-04-07,株式会社
株式会社日創企画,東京都豊島区駒込１丁目２４番７号ＴＪ・ｋｏｍａｇｏｍｅ．ＢＬＤ２０２,2020-04-07,株式会社
株式会社日物マリン,大阪府大阪市住之江区南港中８丁目７番５６号,2020-04-07,株式会社
株式会社昂洋,兵庫県神戸市兵庫区東山町３丁目３番１２号,2020-04-07,株式会社
株式会社明新,山形県上山市阿弥陀地５６８番地,2020-04-07,株式会社
株式会社春香,北海道苫小牧市字錦岡４９１番地１０３,2020-04-07,株式会社
株式会社時津地区自家用自動車協会,長崎県西彼杵郡時津町浜田郷１９６番地９,2020-04-07,株式会社
株式会社晃永,東京都青梅市新町１丁目１０番地２５,2020-04-07,株式会社
株式会社未完,愛知県春日井市玉野町９２１番地３５,2020-04-07,株式会社
株式会社東一,千葉県船橋市前貝塚町２６４番地９,2020-04-07,株式会社
株式会社東京ポストエージェンシー,東京都中野区弥生町１丁目１１番１０－１０３号,2020-04-07,株式会社
株式会社東京不動産バンク,東京都豊島区池袋２丁目２４番２号メゾン旭５０１,2020-04-07,株式会社
株式会社東條,北海道札幌市中央区南二条西１２丁目３２３番地１９,2020-04-07,株式会社
株式会社東海療育,静岡県浜松市西区大久保町６４８７番２－２０１号,2020-04-07,株式会社
株式会社栄光,熊本県熊本市東区長嶺西２丁目９番９０号,2020-04-07,株式会社
株式会社栗島グリーンサービス,茨城県筑西市上野２６番地１,2020-04-07,株式会社
株式会社桂工業,埼玉県三郷市彦成４丁目３番１２－４０６号,2020-04-07,株式会社
株式会社樫乃屋,神奈川県横浜市港北区師岡町１１４８番地１１６,2020-04-07,株式会社
株式会社櫻重設,千葉県船橋市二和西３丁目１３番３０号アペルトカーサ西２０２号,2020-04-07,株式会社
株式会社正栄土木,佐賀県三養基郡上峰町大字坊所８２５番地１８,2020-04-07,株式会社
株式会社氏家経済研究所,東京都中央区日本橋室町１丁目１３番７号ＰＭＯ日本橋室町３０９,2020-04-07,株式会社
株式会社水野キルン,佐賀県西松浦郡有田町戸矢乙１１３２番地１７,2020-04-07,株式会社
株式会社池田総業,新潟県新潟市江南区亀田中島２丁目２番３０号,2020-04-07,株式会社
株式会社河内工業,栃木県佐野市赤見町１１６２番地１,2020-04-07,株式会社
株式会社河本建設,京都府京都市下京区猪熊通綾小路上る松本町２６９番地４,2020-04-07,株式会社
株式会社河田溶工所,大阪府大阪市平野区加美東２丁目９番５号,2020-04-07,株式会社
株式会社波と空,新潟県柏崎市西山町石地４６番地乙,2020-04-07,株式会社
株式会社浪勢,大阪府河内長野市松ケ丘東町１８０９番地の１５,2020-04-07,株式会社
株式会社海みらい研究所,愛知県豊橋市羽根井西町６番地の１２（３０１）,2020-04-07,株式会社
株式会社清明書院,東京都調布市小島町２丁目５６番３号調布センタービルＢ－１０５,2020-04-07,株式会社
株式会社清謡興業,埼玉県八潮市大字西袋１０８２番地,2020-04-07,株式会社
株式会社渡邉達摩堂,広島県福山市神辺町字徳田１８８８番地,2020-04-07,株式会社
株式会社湖水設備工業所,大阪府大阪市東住吉区住道矢田９丁目６番１９号,2020-04-07,株式会社
株式会社満開道,愛知県豊橋市中柴町６０番地,2020-04-07,株式会社
株式会社滝井建築板金,愛知県碧南市堀方町３丁目４８番地１２,2020-04-07,株式会社
株式会社滝沢工業,長野県須坂市大字坂田１１３番地１,2020-04-07,株式会社
株式会社濵津商事,福島県須賀川市西川字西田７番地６４,2020-04-07,株式会社
株式会社煌建,大阪府豊中市本町１丁目５番１０号,2020-04-07,株式会社
株式会社片伯部建装,群馬県高崎市箕郷町生原５１９番地３,2020-04-07,株式会社
株式会社物件ハート,大阪府大阪市西区西本町１丁目１５番２４号マリビル５階,2020-04-07,株式会社
株式会社玉城商店,長崎県松浦市御厨町里免３１２番地３,2020-04-07,株式会社
株式会社田中土木,宮崎県日向市東郷町山陰己３４８番地２,2020-04-07,株式会社
株式会社田中電気,京都府南丹市園部町小山東町平成台２号６５番地２,2020-04-07,株式会社
株式会社田原泰浩建築設計事務所,広島県広島市中区榎町１番２２号,2020-04-07,株式会社
株式会社甲斐内装,福岡県福岡市東区箱崎１丁目２７番２１－１２０２号,2020-04-07,株式会社
株式会社甲村自動車,奈良県葛城市新町２５５番地１,2020-04-07,株式会社
株式会社畠山建装,大阪府東大阪市若江北町３丁目１４番１８号,2020-04-07,株式会社
株式会社白石車体工業所,愛媛県新居浜市宇高町４丁目１４番４８号,2020-04-07,株式会社
株式会社白芳,愛知県名古屋市東区新出来２丁目７番２０号,2020-04-07,株式会社
株式会社石川英樹建築設計事務所,愛知県名古屋市千種区新池町２丁目８番地エスポア東山Ｂ棟３０９,2020-04-07,株式会社
株式会社礼,福岡県遠賀郡水巻町古賀２丁目１１番３号,2020-04-07,株式会社
株式会社祐工業,福岡県福津市八並８１１番地の１,2020-04-07,株式会社
株式会社福島システムサービス,福島県伊達市月舘町月舘字坊畑５番地６,2020-04-07,株式会社
株式会社福本設計,千葉県松戸市五香南１丁目２４番地の１１,2020-04-07,株式会社
株式会社福田建設,京都府京都市東山区新道通団栗下る下柳町１８２番地,2020-04-07,株式会社
株式会社穂高工務店,千葉県千葉市稲毛区宮野木町１６５５番地１安田宮野木ガーデンハイツ１０８号,2020-04-07,株式会社
株式会社竹内工業,埼玉県白岡市大字彦兵衛１０６番地１７,2020-04-07,株式会社
株式会社竹村設備,愛媛県松山市勝岡町２８４番地,2020-04-07,株式会社
株式会社竹田装蹄所,千葉県市川市北方町４丁目２３３６番地７,2020-04-07,株式会社
株式会社笑進,千葉県習志野市花咲１丁目１２番１号,2020-04-07,株式会社
株式会社第２企画,千葉県四街道市めいわ１丁目８番９号,2020-04-07,株式会社
株式会社米野井商事,千葉県柏市高柳１４９５番地３,2020-04-07,株式会社
株式会社純設備,沖縄県名護市大北３丁目１４番１号県営名護団地Ａ棟８０４号,2020-04-07,株式会社
株式会社縁,熊本県合志市須屋２８７番地５,2020-04-07,株式会社
株式会社美影システム,大阪府東大阪市中野１丁目１６番１５号,2020-04-07,株式会社
株式会社美羊,茨城県つくば市研究学園５丁目１４番地３,2020-04-07,株式会社
株式会社聖不動産,愛知県名古屋市東区白壁４丁目６３番地の３・３Ｆ,2020-04-07,株式会社
株式会社胡桃工房,長野県諏訪市大字上諏訪８２４３番地１２,2020-04-07,株式会社
株式会社苅部農園,茨城県下妻市原８３６番地,2020-04-07,株式会社
株式会社草薙七右ヱ門,神奈川県座間市栗原１０８７番地５,2020-04-07,株式会社
株式会社菊理姫,茨城県つくば市要１０９番地,2020-04-07,株式会社
株式会社華朋,和歌山県伊都郡かつらぎ町大字丁ノ町２１７４番地の２,2020-04-07,株式会社
株式会社藤本軽鉄工業,北海道河東郡音更町北鈴蘭南１丁目１番地,2020-04-07,株式会社
株式会社行雲流水,大阪府泉大津市東雲町１－２０,2020-04-07,株式会社
株式会社西村弘樹リフォームコンサルティング事務所,長野県長野市大字小柴見３０４番地２,2020-04-07,株式会社
株式会社誠,愛知県名古屋市天白区池場３丁目７０２番地の２,2020-04-07,株式会社
株式会社貴蒼工業,石川県河北郡津幡町字横浜に７７番地７,2020-04-07,株式会社
株式会社辻,京都府京都市北区紫野北舟岡町４０番地２８,2020-04-07,株式会社
株式会社迅騰貿易,千葉県四街道市鹿放ケ丘３６３番地１８,2020-04-07,株式会社
株式会社道新オノデラ,北海道美唄市東六条南１丁目２番１号,2020-04-07,株式会社
株式会社遺品整理プログレス兵庫,兵庫県神戸市長田区苅藻島町３丁目８番１号,2020-04-07,株式会社
株式会社鈴昇,山口県岩国市黒磯町１丁目８番４号,2020-04-07,株式会社
株式会社鈴木防水工業,茨城県北茨城市磯原町木皿７２９番地１４３,2020-04-07,株式会社
株式会社鉄吉社,大阪府豊中市原田中１丁目１８番２９号,2020-04-07,株式会社
株式会社鍵の２４時間救急車,大阪府大阪市西区南堀江２丁目１０番２０号,2020-04-07,株式会社
株式会社鎌彫,神奈川県鎌倉市二階堂２４７番地１６,2020-04-07,株式会社
株式会社陽まわり,京都府京都市左京区田中関田町２２番地７５ルミエール出町柳２１０号,2020-04-07,株式会社
株式会社階上生産組合,宮城県気仙沼市波路上原８１番地,2020-04-07,株式会社
株式会社飛距離ＵＰ研究所,大阪府大阪市北区国分寺２丁目３番２０号,2020-04-07,株式会社
株式会社高宮中央タクシー,広島県安芸高田市高宮町佐々部９５２番地１,2020-04-07,株式会社
株式会社高島プロダクション,東京都目黒区下目黒２丁目２番２号,2020-04-07,株式会社
株式会社高林熔接工業所,静岡県浜松市東区有玉北町２２２１番地,2020-04-07,株式会社
株式会社高橋建設,群馬県高崎市箕郷町柏木沢２２４３番地１０Ｃ棟,2020-04-07,株式会社
株式会社高正工業,静岡県富士市伝法１５０番地の１,2020-04-07,株式会社
株式会社高野建設,大分県豊後大野市三重町赤嶺１９２２番地１,2020-04-07,株式会社
株式会社魚’Ｓまん,長野県長野市箱清水２丁目３５番７－１号,2020-04-07,株式会社
株式会社鳥海不動産,埼玉県さいたま市岩槻区大字掛５４２番地９,2020-04-07,株式会社
株式会社鳶光建設,宮崎県宮崎市田野町乙９６３４番地７,2020-04-07,株式会社
株式会社麦わら測量,福岡県福岡市城南区七隈７丁目３番６号,2020-04-07,株式会社
株式会社黒沼,神奈川県横浜市青葉区元石川町６４７１番地,2020-04-07,株式会社
株式会社齋藤組,新潟県新発田市中曽根町３丁目６番１６号,2020-04-07,株式会社
株式会社１１０番,東京都品川区平塚１丁目６番４号,2020-04-07,株式会社
株式会社２ｍａｒｃｈｅ,沖縄県那覇市真嘉比１丁目９－１０クレストハイム雅４－Ｄ,2020-04-07,株式会社
株式会社５Ｇ　ＪＡＰＡＮ,東京都港区新橋１丁目１番１３号,2020-04-07,株式会社
株式会社Ａ－１,千葉県八千代市勝田台南３丁目６番２７号,2020-04-07,株式会社
株式会社Ａ．Ｈ．ＭｏｔｏｒＬａｂ,岐阜県中津川市千旦林１３６３番地の１,2020-04-07,株式会社
株式会社Ａ．Ｌ．Ｐ,福岡県福岡市南区桧原３丁目２５－７,2020-04-07,株式会社
株式会社ＡＩＭ,熊本県合志市須屋２０１８番地３５フレグランス須屋２０２号,2020-04-07,株式会社
株式会社ＡＬＶＯ,東京都目黒区下目黒２丁目１７番１２号,2020-04-07,株式会社
株式会社ＡＮＳＴＥＹＰＥ,埼玉県幸手市北１丁目１２番７号プロヌーブコーマＡ１０２,2020-04-07,株式会社
株式会社ＡＰＯＬＬＯ９,東京都港区赤坂９丁目６番１５号ＡＲＴＲＩＰ３Ｆ,2020-04-07,株式会社
株式会社ＡＳ,大阪府大阪市西区九条南３丁目３番８号,2020-04-07,株式会社
株式会社ＡＳＸＥＥＤ,愛知県知多郡東浦町大字藤江字ふじが丘９番地の９,2020-04-07,株式会社
株式会社ＡＴリサーチラボ,神奈川県横浜市都筑区牛久保東１丁目３番２２号クレストハウスＡ－１０３,2020-04-07,株式会社
株式会社ＡＴＣ,岡山県岡山市南区藤田５６１番地６９,2020-04-07,株式会社
株式会社ＡＴＲ,愛知県名古屋市中区新栄２丁目４４番２０号名古屋アストンビル７６号室,2020-04-07,株式会社
株式会社ＡＷＥＳＯＭＥ,東京都世田谷区野沢１丁目２７番１号ＡＸコンパウンド１０３,2020-04-07,株式会社
株式会社ＡＹ・ＤＥＳＩＧＮ,東京都国立市西１丁目６番地の３２,2020-04-07,株式会社
株式会社Ａｌｇｏｉｓ,東京都文京区本郷４丁目２番１２号４Ｆ,2020-04-07,株式会社
株式会社Ａｏｙａｍａ　Ｗｉｎｅ　Ｂａｓｅ,東京都渋谷区神宮前５丁目４８番５号,2020-04-07,株式会社
株式会社Ｂ２Ｉ,東京都新宿区西新宿７丁目５番９－１００５号,2020-04-07,株式会社
株式会社ＢＡＳＥＣＡＭＰ,鳥取県米子市岩倉町９６番地３,2020-04-07,株式会社
株式会社ＢＡＵＳ,広島県東広島市黒瀬春日野１丁目７番地８,2020-04-07,株式会社
株式会社ＢＥＬＬ　Ｃａｒｅ,埼玉県越谷市蒲生寿町９番４７－３号,2020-04-07,株式会社
株式会社ＢＪＫ,大阪府大阪市西区江戸堀２丁目１番１号江戸堀センタービル９階,2020-04-07,株式会社
株式会社ＢＭ学園,東京都新宿区西新宿６丁目１０番１号日土地西新宿ビル８階,2020-04-07,株式会社
株式会社ＢＲＯ,北海道札幌市中央区大通西４丁目１番地,2020-04-07,株式会社
株式会社Ｂａｒｒｉｚ,東京都中央区築地１丁目１３番１号,2020-04-07,株式会社
株式会社Ｂｅｌａ　Ｆｉｌｍ,千葉県千葉市中央区今井町１４９３番地２１,2020-04-07,株式会社
株式会社Ｂｉｏｎ,愛知県清須市西田中白山１６番地,2020-04-07,株式会社
株式会社Ｂｒｉｄｇｅ,神奈川県相模原市緑区元橋本町７番２９号,2020-04-07,株式会社
株式会社ＣＥＮＴＵＲＩＯＮ　ＧＲＯＵＰ,岡山県岡山市北区東古松２丁目１番５号シティコーポ東古松６０１号,2020-04-07,株式会社
株式会社ＣＩＮＡＮＯ,千葉県千葉市若葉区殿台町８４番地１,2020-04-07,株式会社
株式会社ＣＬＡＮＮ,東京都渋谷区桜丘町２６番１号,2020-04-07,株式会社
株式会社ＣＳＳ　ＰＲＯ,大阪府吹田市豊津町３６番２－４号,2020-04-07,株式会社
株式会社ＣＵＥＪＩＮ,東京都品川区戸越６丁目１９番１４号,2020-04-07,株式会社
株式会社Ｃｏｌｏｒｆｕｌ　Ｔａｉｌｓ,東京都港区赤坂４丁目１５番１号,2020-04-07,株式会社
株式会社Ｃｒｅａｔｉｖｅ．ＬＡＢ,新潟県新潟市中央区万代島５－１万代島ビル１１階,2020-04-07,株式会社
株式会社Ｃｕｅｐｉｄ,大阪府大阪市西区江戸堀１丁目８番１５号ルート江戸堀ビル２Ｆ,2020-04-07,株式会社
株式会社ＣｙＦｏｏｄｓ,佐賀県佐賀市栄町５番９号,2020-04-07,株式会社
株式会社Ｄ＆Ａ,徳島県徳島市八百屋町３丁目２６番地,2020-04-07,株式会社
株式会社ＤＡＩＫＯＫＵ,静岡県沼津市今沢３８番地の２,2020-04-07,株式会社
株式会社ＤＡＮ,東京都目黒区上目黒２丁目３７番１０号,2020-04-07,株式会社
株式会社ＤＡＮＫ,神奈川県川崎市中原区新城１０１５ＣＯＮＩＦＥＲ,2020-04-07,株式会社
株式会社ＤＣＴ,宮城県仙台市宮城野区鶴ケ谷東４丁目１４番１１号,2020-04-07,株式会社
株式会社ＤＤＫ,兵庫県姫路市東夢前台３丁目８０番地ゆめさきコーポ１０３,2020-04-07,株式会社
株式会社ＤＥＶＩ,愛知県名古屋市名東区社が丘２丁目３０６番,2020-04-07,株式会社
株式会社ＤＧＨＤ,東京都港区六本木３丁目２番１号,2020-04-07,株式会社
株式会社ＤＩＯＳ,愛知県豊川市蔵子２丁目７番地５２,2020-04-07,株式会社
株式会社ＤＩＶＡ,広島県福山市川口町４丁目１３番４６号,2020-04-07,株式会社
株式会社ＤＯＯＨ　Ｎｅｔｗｏｒｋｓ,東京都新宿区西新宿３丁目９番７号ＢＩＺＳＭＡＲＴ西新宿,2020-04-07,株式会社
株式会社ＤＸＲ研究所,神奈川県横浜市港北区高田西４丁目３８番１０号,2020-04-07,株式会社
株式会社ＤｅｌｉＢｅ,東京都渋谷区神宮前６丁目１８番３号神宮前Ｓビル４Ｆ,2020-04-07,株式会社
株式会社ＥＧＡＴＳ,千葉県松戸市松戸新田４７１番地の１６,2020-04-07,株式会社
株式会社ＥＮＤＯ,茨城県稲敷市犬塚１６５８番地４,2020-04-07,株式会社
株式会社ＥＮＩＷＡＭＵＲＡ,京都府長岡京市天神２丁目２０番７号,2020-04-07,株式会社
株式会社ＥＮＴＥＲ,北海道釧路市芦野１丁目２７－２０　２Ｆ,2020-04-07,株式会社
株式会社ＥＯＳ,千葉県千葉市美浜区中瀬１丁目３番地,2020-04-07,株式会社
株式会社ＥＴＯＥ,東京都足立区千住宮元町１２番１２号,2020-04-07,株式会社
株式会社Ｅｘｃｅｌ　ｍａｎ,茨城県土浦市荒川沖東１丁目６番６号,2020-04-07,株式会社
株式会社Ｆ・Ｇサービス,大阪府和泉市弥生町４丁目５番９号,2020-04-07,株式会社
株式会社ＦＨアセットマネジメント,兵庫県神戸市中央区磯辺通１丁目１番１８号,2020-04-07,株式会社
株式会社ＦＩＴ,千葉県鎌ケ谷市初富２７７番地５３,2020-04-07,株式会社
株式会社ＦＬＡＴ,東京都八王子市大楽寺町４９８番地,2020-04-07,株式会社
株式会社ＦＲＯＮＴＩＥＲ,群馬県館林市本町２丁目２番１４号,2020-04-07,株式会社
株式会社ＦＷＫ,高知県四万十市西土佐口屋内６３０番地,2020-04-07,株式会社
株式会社Ｆｅｌｉｃｅ　Ｃｏｎｓｕｌｔｉｎｇ,兵庫県伊丹市柏木町２丁目８３番地１３サンハイツ塚口１０２号,2020-04-07,株式会社
株式会社Ｆｉｅｌｄ　Ｖａｌｌｅｙ,大阪府吹田市垂水町２丁目４番３７号,2020-04-07,株式会社
株式会社Ｆｏｒｔｕｎａ,大阪府大阪市中央区備後町３丁目４番１号,2020-04-07,株式会社
株式会社Ｆｕｋｕｏｋａ,埼玉県草加市瀬崎２丁目２９番１４号,2020-04-07,株式会社
株式会社Ｆｕｌｌｔｈｉｎｇｓ,埼玉県新座市畑中２丁目３番２５号,2020-04-07,株式会社
株式会社Ｇ．Ｏ．Ｒ,千葉県千葉市中央区中央１丁目６番１号千葉中央ビル２Ｂ,2020-04-07,株式会社
株式会社ＧＡＩ,京都府城陽市平川茶屋裏４３番地ジュネスモワニー３０２号,2020-04-07,株式会社
株式会社ＧＬＡＭＯＲＯＵＳ,大阪府大阪市中央区久太郎町４丁目２番１５号－５Ｆ,2020-04-07,株式会社
株式会社ＧＬＰ,岐阜県岐阜市石谷１４２４番地１,2020-04-07,株式会社
株式会社ＧＮプロパティ,東京都渋谷区元代々木町２５番８号レスポワール代々木公園２０１,2020-04-07,株式会社
株式会社ＧＯＬＦ　ＭＥＥＴＳ,愛媛県四国中央市中曽根町１５７番地スカーディア中曽根５０４号,2020-04-07,株式会社
株式会社ＧＯＯＤＷＩＮ,東京都武蔵野市吉祥寺南町３丁目１番４－２０３号Ｈ－スクエア吉祥寺南町,2020-04-07,株式会社
株式会社ＧＲＩＴ,東京都渋谷区千駄ヶ谷３丁目３番３２号エクセルシオ原宿２０２,2020-04-07,株式会社
株式会社ＧＲＳ,大阪府茨木市沢良宜西１丁目１８番１１号グリーン平尾４０２号室,2020-04-07,株式会社
株式会社Ｇｌａｎｚ,京都府京都市山科区西野野色町１５番地１４６,2020-04-07,株式会社
株式会社Ｇｌｏｒｉｏｕｓ　Ｉｎｔｅｒｎａｔｉｏｎａｌ,三重県津市鳥居町２５１番地２４グロリアス１１号,2020-04-07,株式会社
株式会社Ｈ＆Ｔ設備,千葉県市川市大野町３丁目１９３番地,2020-04-07,株式会社
株式会社ＨＩＡＮ,東京都目黒区東山１丁目２番２号,2020-04-07,株式会社
株式会社ＨＩＡＴＡＲＩ,佐賀県伊万里市立花町３４５９番地３メゾンド釘島３０４号室,2020-04-07,株式会社
株式会社ＨＲ　ＰＡＲＴＮＥＲＳ,東京都新宿区西新宿３丁目９番３号,2020-04-07,株式会社
株式会社Ｈｅａｒｔ　Ｐｉｔ　ａｐｓ,大阪府堺市西区浜寺船尾町東２丁２３７番地,2020-04-07,株式会社
株式会社Ｈｉｇａｓｈｉ,石川県小松市土居原町４６６番地,2020-04-07,株式会社
株式会社Ｈｉｔｏｉｒｏ,東京都港区南青山２丁目２番１５号ウィン青山９４２,2020-04-07,株式会社
株式会社Ｈｏｇｅｔｉｃ　Ｌａｂ,神奈川県川崎市高津区北見方１丁目２３番２９－５０５号,2020-04-07,株式会社
株式会社Ｈｏｌｌｙ,東京都国分寺市東元町１丁目３６番１６号,2020-04-07,株式会社
株式会社Ｈｏｐｅ　Ａｇｒｉ室橋,新潟県長岡市真野代新田乙７４番地,2020-04-07,株式会社
株式会社Ｉ．Ｅサポート,奈良県奈良市川之上突破北方町１番,2020-04-07,株式会社
株式会社Ｉ．Ｎ設備,北海道札幌市白石区東米里２０４７－８,2020-04-07,株式会社
株式会社ＩＩＮＡＭＩ,東京都杉並区高円寺南４丁目２９番１５号,2020-04-07,株式会社
株式会社ＩＩＺＵＫＡ,新潟県三条市笹岡３１８９番地甲,2020-04-07,株式会社
株式会社ＩＫＥＭＡ,沖縄県宮古島市平良字下里１１０５番地７,2020-04-07,株式会社
株式会社ＩＭＫロード,愛媛県今治市玉川町與和木甲３８０番地１,2020-04-07,株式会社
株式会社ＩＮＳＨＯＣＫ,大阪府大阪市中央区淡路町２丁目４番３号,2020-04-07,株式会社
株式会社ＩＴＳパートナーズ,東京都東村山市野口町４丁目１５番地３７,2020-04-07,株式会社
株式会社Ｉｂａｓｙｏ,京都府京都市中京区北車屋町２６５番地１－１階,2020-04-07,株式会社
株式会社Ｉｍｐｒｏｖｅ,大阪府大阪市淀川区西中島４丁目３－４チサン第６新大阪７０９号,2020-04-07,株式会社
株式会社Ｊ‐Ｎｏｕｔ,東京都日野市多摩平２丁目５－１クレヴィア豊田多摩平の森１階,2020-04-07,株式会社
株式会社Ｊ－ＧＡＴＥＳ,神奈川県三浦市南下浦町上宮田１１３０番地２,2020-04-07,株式会社
株式会社ＪＡＭ,東京都三宅島三宅村坪田２９６３番地,2020-04-07,株式会社
株式会社ＪＣＶＮサポート,東京都品川区上大崎３丁目１４番３５号,2020-04-07,株式会社
株式会社ＪＰ　ＢＥＳＴ,山梨県甲府市千塚４丁目３番３２号,2020-04-07,株式会社
株式会社ＪＰフロンティア,東京都豊島区東池袋２丁目６２番８号ビックオフィスプラザ池袋９０１,2020-04-07,株式会社
株式会社Ｋ’ｓ　ＮＥＸＴ,静岡県駿東郡清水町徳倉１５３４番地の１カルフールＡ２０５,2020-04-07,株式会社
株式会社Ｋコーポレーション,神奈川県川崎市宮前区西野川１丁目３０番２７号,2020-04-07,株式会社
株式会社Ｋ・Ｇジャパン,千葉県市川市下新宿２１番５－２０１号,2020-04-07,株式会社
株式会社Ｋ－Ｃｏｍｐａｎｙ,東京都台東区小島１丁目１１番１０－５０１号ＢＥＬＩＳＴＡ新御徒町,2020-04-07,株式会社
株式会社Ｋ－ＴＡＳ,大阪府大阪市北区梅田１丁目３番１－３００号,2020-04-07,株式会社
株式会社Ｋ－ｐｒｏｏｆ,東京都小金井市貫井南町２丁目２番６号,2020-04-07,株式会社
株式会社Ｋ２いちまる,大阪府門真市四宮２丁目１１番７号,2020-04-07,株式会社
株式会社Ｋ３ワークス,熊本県熊本市北区八景水谷２丁目７番８１号,2020-04-07,株式会社
株式会社Ｋ５ｐｌｕｓ,福岡県福岡市西区今宿１丁目４番５号,2020-04-07,株式会社
株式会社ＫＡＭＩＯ,大阪府高石市取石６丁目２３番１５号,2020-04-07,株式会社
株式会社ＫＡＮＩＭＡ企画,大阪府大阪市北区長柄西１丁目８番８号サクセス天神橋フロント５０２号室,2020-04-07,株式会社
株式会社ＫＩＴＡＡｎｄ,東京都渋谷区桜丘町２３番１７号シティーコート桜丘４０８,2020-04-07,株式会社
株式会社ＫＭＩ－ｗｏｒｋｓ,愛媛県松山市畑寺２丁目９番３９号,2020-04-07,株式会社
株式会社ＫＭＳ,岡山県岡山市北区錦町８番２６号,2020-04-07,株式会社
株式会社ＫＭＳ,神奈川県厚木市林２丁目２５番３５号,2020-04-07,株式会社
株式会社ＫＮソフトウェア,東京都あきる野市油平１番地２３,2020-04-07,株式会社
株式会社ＫＯＬＬＡＧＥ,北海道斜里郡斜里町光陽町１５番地２２,2020-04-07,株式会社
株式会社ＫＯＹＯ,東京都江東区南砂２丁目３０番１－６０４号,2020-04-07,株式会社
株式会社ＫＴＫ,千葉県船橋市大穴北４丁目２番４５号,2020-04-07,株式会社
株式会社ＫｅｙＳｔｏｎｅｓ,静岡県富士市本市場４８４番地の１,2020-04-07,株式会社
株式会社Ｌ．Ｇ．Ｓｅｒｖｉｃｅ,静岡県伊東市八幡野１１９６番地の１５,2020-04-07,株式会社
株式会社ＬＩＷ,東京都目黒区青葉台１丁目１４番１５－６１０号,2020-04-07,株式会社
株式会社Ｌａｚｕｌｉｙ,神奈川県横須賀市湘南国際村１丁目１番１号,2020-04-07,株式会社
株式会社ＬｅａｎＧｏ,東京都品川区西五反田２丁目１９番６号,2020-04-07,株式会社
株式会社Ｌｅｍｏｎ,東京都新宿区高田馬場４丁目３６番６－２０１号,2020-04-07,株式会社
株式会社ＬｉＢ,京都府京都市山科区北花山中道町８６番地１４,2020-04-07,株式会社
株式会社Ｌｉｆｅｐｌａｙ,東京都豊島区上池袋２丁目３８－１５ルミエール上池袋２０２,2020-04-07,株式会社
株式会社Ｍ,埼玉県さいたま市浦和区仲町１丁目２番９号,2020-04-07,株式会社
株式会社Ｍ’ｓ,福岡県久留米市小森野５丁目１５番２６号,2020-04-07,株式会社
株式会社ＭＣＡ２,東京都品川区東五反田５丁目１８番３－１０１号,2020-04-07,株式会社
株式会社ＭＤＢテクノロジー,東京都新宿区高田馬場１丁目２５番３３号,2020-04-07,株式会社
株式会社ＭＩＣＨＩＫＯＴＯＫＹＯ,東京都新宿区袋町５番地１ＦＡＲＯ神楽坂１階,2020-04-07,株式会社
株式会社ＭａｉｔＨ,東京都渋谷区宇田川町３６番６号ワールド宇田川ビル６Ｆ,2020-04-07,株式会社
株式会社Ｍａｒｔｉｉ　Ｐｒｏｐｅｒｔｙ　Ｍａｎａｇｅｍｅｎｔ,東京都渋谷区桜丘町１２番８,2020-04-07,株式会社
株式会社Ｍｅｄｉｃａｌ　Ｍｉｎｄ　Ｎｕｒｔｕｒｅ,大分県大分市西浜３番８号,2020-04-07,株式会社
株式会社Ｎ－ｃｉｔｙ,大阪府泉南市信達大苗代１０２１番地の１,2020-04-07,株式会社
株式会社ＮＡＯ,東京都目黒区自由が丘１丁目２８番８号,2020-04-07,株式会社
株式会社ＮＥＳＴ,三重県四日市市あかつき台３丁目８番地５,2020-04-07,株式会社
株式会社ＮＥＸＡＳ,福岡県福岡市南区横手２丁目５－１０メゾン清水１階,2020-04-07,株式会社
株式会社ＮＨエンタープライズ,愛知県春日井市気噴町北２丁目１７９番地,2020-04-07,株式会社
株式会社Ｎｅｏ－Ｓｍｉｌｅ,群馬県伊勢崎市下触町９２４番地１４,2020-04-07,株式会社
株式会社Ｎｅｗ　Ａｐｐａｒｅｌ　Ｇｒｏｕｐ,大阪府大阪市西区立売堀２丁目４番５号ＤＧビルなにわ筋７Ｆ－Ａ,2020-04-07,株式会社
株式会社Ｎｅｘｔ　Ｖｉｓｉｏｎ,大阪府大阪市天王寺区悲田院町１番６号クロッシングヴィラ悲田院２１１号,2020-04-07,株式会社
株式会社ＮｏｒｔｈＢｌｕｅ,東京都杉並区今川４丁目２番１号,2020-04-07,株式会社
株式会社Ｏ＆Ａ,石川県金沢市米泉町１０丁目１番地３４,2020-04-07,株式会社
株式会社ＯＫホームズ,神奈川県平塚市岡崎５１０番地の４,2020-04-07,株式会社
株式会社ＯＫＧ,東京都足立区竹の塚７丁目２０番３号,2020-04-07,株式会社
株式会社ＰＬＡＴＺ,群馬県太田市飯塚町１４１７番地１,2020-04-07,株式会社
株式会社ＰＯＬＡＲ　ＳＨＯＲＴＣＵＴ,北海道札幌市豊平区月寒西三条１０丁目１番２５号シティオ月寒公園３０７,2020-04-07,株式会社
株式会社ＰＲＡＭＥＥＲＡ,大阪府富田林市桜井町１丁目２番５号,2020-04-07,株式会社
株式会社ＰＲＥＶＥＮＴ　ＪＡＰＡＮ,東京都港区新橋１丁目１２番９号Ａ－ＰＬＡＣＥ新橋駅前７Ｆ,2020-04-07,株式会社
株式会社ＰＲＯ　ＷＯＲＫＳ,山口県柳井市伊陸１２４１９番地２１,2020-04-07,株式会社
株式会社ＰＳＧ,東京都目黒区原町１丁目１４番１－２０５号コンフォール西小山,2020-04-07,株式会社
株式会社ＰｅａｃｅＭａｋｅｒ,東京都北区神谷３丁目４７番３－５０３号,2020-04-07,株式会社
株式会社Ｐｅａｃｈ　Ｃｏｒｐｏｒａｔｉｏｎ,東京都調布市小島町１丁目２７番地１,2020-04-07,株式会社
株式会社ＰｌａｎｔⅤｅｒｙ,千葉県柏市豊四季２１３番地６,2020-04-07,株式会社
株式会社Ｑｕｉｉｔ,宮城県仙台市青葉区堤通雨宮町２番２０－７０５号,2020-04-07,株式会社
株式会社Ｒ＆Ｙ,京都府城陽市寺田樋尻４４－６寺田駅前ビル３Ｆ,2020-04-07,株式会社
株式会社ＲＡＰＡＳ,福岡県福岡市南区寺塚２丁目１０番１号,2020-04-07,株式会社
株式会社ＲＥＣＯ,東京都渋谷区千駄ヶ谷３丁目３番３２号,2020-04-07,株式会社
株式会社ＲＥＮＯＶＥＳＴＡＲ,千葉県八街市八街に１９３番地１３２,2020-04-07,株式会社
株式会社ＲＩＳＥＴＥＱ,福岡県福岡市南区皿山１丁目１３番４５－１号,2020-04-07,株式会社
株式会社ＲＷＢ　ＴＯＫＹＯ,東京都目黒区駒場４丁目８番３号１Ｆ,2020-04-07,株式会社
株式会社Ｒｅａｌ　Ｔｉｍｅ,東京都豊島区池袋本町２丁目３２－１５ブラモール池袋本町２０５,2020-04-07,株式会社
株式会社Ｒｅｃｏｚ,東京都目黒区五本木３丁目２９番８号,2020-04-07,株式会社
株式会社Ｒｅｆｉｎｅ,東京都練馬区北町８丁目１５番３０号グリーンハイツ内田Ⅱ２０３,2020-04-07,株式会社
株式会社Ｒｉｅｎ,東京都北区豊島６丁目１番１０号,2020-04-07,株式会社
株式会社ＲｏｏｔＡｎｔ,東京都渋谷区神南１丁目１１番３号,2020-04-07,株式会社
株式会社Ｓ・Ａ・Ｓ,東京都狛江市中和泉１丁目２番６号プラザエクセル２階,2020-04-07,株式会社
株式会社Ｓ＆Ｎ,京都府京都市伏見区向島吹田河原町１２４番地１中井荘１号,2020-04-07,株式会社
株式会社Ｓ＆Ｔ,東京都足立区千住橋戸町１番地４３,2020-04-07,株式会社
株式会社ＳＡＣ,兵庫県伊丹市中央４丁目６番１５号,2020-04-07,株式会社
株式会社ＳＡＩＥＳ,新潟県上越市仲町４丁目８番２８号,2020-04-07,株式会社
株式会社ＳＢＪＤＮＸ,東京都港区芝５丁目３６番７号,2020-04-07,株式会社
株式会社ＳＤ不動産,愛知県名古屋市天白区池場５丁目１０４番地ＳＤビル１０２号,2020-04-07,株式会社
株式会社ＳＤＳ,愛知県名古屋市千種区唐山町２丁目４７番地,2020-04-07,株式会社
株式会社ＳＥＮＧＡＫＵ,愛知県名古屋市西区名駅２丁目２９番２号プリマヴェール名駅ノルテ２０３,2020-04-07,株式会社
株式会社ＳＨＩＥＬＤ大阪,大阪府大阪市中央区東高麗橋５番３号,2020-04-07,株式会社
株式会社ＳＨＩＭＵＲＡ,千葉県柏市中新宿１丁目８番４５号,2020-04-07,株式会社
株式会社ＳＨＯＴ　Ｅｎｔｅｒｔａｉｎｍｅｎｔ,東京都新宿区高田馬場１丁目３４番１４号,2020-04-07,株式会社
株式会社ＳＩＣソリューション,神奈川県横浜市南区中村町４丁目２７０番地,2020-04-07,株式会社
株式会社ＳＫ企画,栃木県鹿沼市武子５３９番地４５,2020-04-07,株式会社
株式会社ＳＭＥＪ,東京都港区六本木３丁目２番１号住友不動産六本木グランドタワー２１階,2020-04-07,株式会社
株式会社ＳＭＥＪ　Ｐｌｕｓ,東京都港区六本木３丁目２番１号住友不動産六本木グランドタワー２１階,2020-04-07,株式会社
株式会社ＳＯＬ,千葉県印西市草深２１６９番地１５,2020-04-07,株式会社
株式会社ＳＰＡＣＥＣＲＡＦＴ,京都府京都市北区小山板倉町６０番地１,2020-04-07,株式会社
株式会社ＳＴＲＯＫＥ,東京都新宿区新宿１丁目３６番２号新宿第七葉山ビル３階,2020-04-07,株式会社
株式会社ＳＴＹＴラボ,茨城県土浦市中貫２２２２番地２,2020-04-07,株式会社
株式会社ＳＷＡＮ,北海道札幌市中央区南三条西３丁目１１番地Ｎ－ＭＥＳＳＥ３Ｆ,2020-04-07,株式会社
株式会社Ｓｃｈｏｏｌ,新潟県南魚沼市石打９２７－１ＣＨＥＮＤＡ、ＩＮＴＥＲＮＡＴＩＯＮＬ、ＹＵＺＡＷＡ,2020-04-07,株式会社
株式会社Ｓｅｔ,神奈川県海老名市国分南１丁目１１番２７号,2020-04-07,株式会社
株式会社Ｓｍｉｌｅ,東京都港区港南２丁目１６番地１号,2020-04-07,株式会社
株式会社Ｓｐｉｒａ,大阪府堺市堺区甲斐町東３丁１－１３,2020-04-07,株式会社
株式会社Ｓｔｏｎｅ　Ｉｎｎｏｖａｔｉｏｎ　Ｊａｐａｎ,熊本県熊本市中央区出水７丁目５６番４１号,2020-04-07,株式会社
株式会社Ｓｗｅｌｌ,愛知県知多郡東浦町大字石浜字南ヶ丘１０番地の１５,2020-04-07,株式会社
株式会社Ｔ’ｓ　Ｉｎｔｅｒｎａｔｉｏｎａｌ,東京都千代田区丸の内１丁目６番２号,2020-04-07,株式会社
株式会社Ｔ－ａｌｉｖｅ,大阪府東大阪市玉串元町１丁目１２－１４,2020-04-07,株式会社
株式会社Ｔ．ＢＲＡＩＮＳ,愛知県名古屋市緑区大高町字己新田８９番地の１,2020-04-07,株式会社
株式会社ＴＡ－ＢＯホールディングス,大阪府大阪市東淀川区上新庄２丁目６番３－１０８号,2020-04-07,株式会社
株式会社ＴＡＣＴ,東京都調布市染地２丁目８番地３,2020-04-07,株式会社
株式会社ＴＡＳＫコーポレーション,東京都葛飾区白鳥３丁目１番１号,2020-04-07,株式会社
株式会社ＴＡＵ,大阪府大阪市北区中崎西２丁目５番１８号,2020-04-07,株式会社
株式会社ＴＥＯ,東京都杉並区高円寺南４丁目２６番１６号,2020-04-07,株式会社
株式会社ＴＧＭ,東京都杉並区和田１丁目２７番８－３０３号,2020-04-07,株式会社
株式会社ＴＫＰ,福岡県大野城市つつじケ丘２丁目１２番２号,2020-04-07,株式会社
株式会社ＴＬｉＰ,東京都文京区関口１丁目４４番３号信生堂ビル３階,2020-04-07,株式会社
株式会社ＴＯＰ　ＳＨＩＰ,福岡県北九州市門司区原町別院１７番１８－６０１号,2020-04-07,株式会社
株式会社ＴＯＵＥＩ,岡山県岡山市中区国富１００２番地２,2020-04-07,株式会社
株式会社ＴＳＣ　ＣＲＡＦＴ,静岡県富士宮市大岩５８８番地の２６,2020-04-07,株式会社
株式会社ＴＴホールディングス,大阪府大阪市北区南扇町７番１７－９Ｆ,2020-04-07,株式会社
株式会社ＴＹＳＭ,大阪府大阪市中央区内平野町１丁目２番９－６０７号,2020-04-07,株式会社
株式会社Ｔｏｋｙｏ　Ｔｅｃｈ　Ｉｎｎｏｖａｔｉｏｎ,東京都目黒区大岡山２丁目１２番１号,2020-04-07,株式会社
株式会社ＵＣＭ,東京都新宿区上落合３丁目１９番２１－１０２号室,2020-04-07,株式会社
株式会社Ｕｚｏｓ,千葉県柏市逆井藤ノ台１６－１１,2020-04-07,株式会社
株式会社ＶＯＹＡＧＥ,大阪府枚方市池之宮１丁目１７番３６号,2020-04-07,株式会社
株式会社Ｗоｒｋｅｒ　Ａｎｔｓ,広島県広島市西区中広町３丁目８番８－２０７号,2020-04-07,株式会社
株式会社ＷＡＺＡＷＡＺＡ,東京都港区芝２丁目２９番１１号,2020-04-07,株式会社
株式会社ＷＰＭＳ,岡山県倉敷市昭和１丁目１番３５－４０３号サーパス倉敷駅東レジデンス,2020-04-07,株式会社
株式会社Ｗｅｓｔ　Ｃｏａｓｔ　Ｊａｐａｎ,埼玉県春日部市中央１丁目４８番地３,2020-04-07,株式会社
株式会社Ｗｏｒｋｅｒ　Ｂｅｅ,東京都江戸川区松江６丁目１１番１２号‐Ａ,2020-04-07,株式会社
株式会社Ｗｏｒｌｄ．Ｈｕｍａｎ．Ｓｕｐｐｏｒｔ,埼玉県川口市栄町１丁目１２番２１号シティデュオタワー川口２５０９号,2020-04-07,株式会社
株式会社ＹＡＢＵＲＩ,東京都荒川区西日暮里２丁目５３番２号アウルム日暮里１０１,2020-04-07,株式会社
株式会社ＹＡＴ,広島県福山市赤坂町大字赤坂１３１６番地６,2020-04-07,株式会社
株式会社ＹＫＴ,千葉県君津市西原５９３番地,2020-04-07,株式会社
株式会社ＹＭ－２,京都府京都市東山区今熊野南日吉町１１番地１,2020-04-07,株式会社
株式会社ＹＭＳ,大阪府泉佐野市春日町６番４号,2020-04-07,株式会社
株式会社ＹｏｓｈｉｂａＦａｒｍ,群馬県邑楽郡板倉町大字板倉１５０３番地,2020-04-07,株式会社
株式会社ＺｉＺａｉ,愛知県春日井市気噴町５丁目８番地９,2020-04-07,株式会社
株式会社ａｔ　ｎｏｗ,東京都港区赤坂７丁目５番１号,2020-04-07,株式会社
株式会社ｂ　ｗｏｒｋｓ,愛知県名古屋市千種区今池南２番２７号千種通スカイマンション１００７号,2020-04-07,株式会社
株式会社ｂｅｓｉｄｅ,神奈川県川崎市高津区二子３丁目２９番１０号,2020-04-07,株式会社
株式会社ｂｏｔｈ　Ｑ　ａｎｄ　Ｑ,神奈川県横浜市緑区長津田町３０１６番地１南長津田団地１９棟１９３８号,2020-04-07,株式会社
株式会社ｅｎｇｒａｖｅ,大阪府大阪市北区紅梅町２－１９ＪＹＵＭＥ南森９０２,2020-04-07,株式会社
株式会社ｆｒｏｎｔｉｅｒ,東京都北区中里３丁目１１番２号,2020-04-07,株式会社
株式会社ｇｕｂｉ,宮崎県宮崎市吉村町曽師前甲３１６６番地,2020-04-07,株式会社
株式会社ｈａｐｐｉｎｅｓｓ,長野県長野市川中島町今里８６８番地１１７,2020-04-07,株式会社
株式会社ｈｏｌｏｍｕＡ,大阪府東大阪市小阪本町１丁目１番７号,2020-04-07,株式会社
株式会社ｉＷＩＮＧ,東京都渋谷区恵比寿４丁目２０番３号恵比寿ガーデンプレイスタワー１８階,2020-04-07,株式会社
株式会社ｉｌｌｉ,東京都渋谷区千駄ヶ谷３丁目３番３２号,2020-04-07,株式会社
株式会社ｉｎｓｉｄｅ,東京都新宿区高田馬場３丁目１番５号サンパティオ高田馬場３１２,2020-04-07,株式会社
株式会社ｋｏｕｓｕｉ,三重県津市白塚町２４４３,2020-04-07,株式会社
株式会社ｌａ・ｅｎｃａｎｔａ,大阪府大阪市東淀川区西淡路１丁目１番３５号幹線東ビル６０５号室,2020-04-07,株式会社
株式会社ｌａｇｌｅｓｓ,大阪府枚方市長尾元町３丁目３５番４１－１号,2020-04-07,株式会社
株式会社ｌｉｋｅ　ＯＮＥ　ｓｅｌｆ,岐阜県各務原市那加新加納町３３５０－１シェラトンＩＮＡＭＩ３Ａ,2020-04-07,株式会社
株式会社ｌｉｎｏ,神奈川県横浜市金沢区泥亀１丁目１７番２９号田口ビル１階,2020-04-07,株式会社
株式会社ｍｏｂｉｌｉｔｙ　ｖｉｓｉｏｎ,愛知県瀬戸市須原町３０番地,2020-04-07,株式会社
株式会社ｏｎｅｓｅｌｆ,千葉県船橋市三咲３丁目７番４５号,2020-04-07,株式会社
株式会社ｓｅｋａｒｉ建設,愛知県北名古屋市法成寺南出６４番地１,2020-04-07,株式会社
株式会社ｓｉｅｓｔａ,東京都渋谷区恵比寿南２丁目８番１２号,2020-04-07,株式会社
株式会社ｙｕ,神奈川県横須賀市佐原３丁目２０－２１,2020-04-07,株式会社
永幸不動産株式会社,千葉県習志野市袖ケ浦４丁目１４番６号,2020-04-07,株式会社
池田工業株式会社,大阪府守口市金田町２丁目７番１０号,2020-04-07,株式会社
流通システムプランニング合同会社,神奈川県横浜市神奈川区高島台５番地２３,2020-04-07,合同会社
特定非営利活動法人まんてん福祉の会,佐賀県武雄市武雄町大字昭和３９番地１１,2020-04-07,その他の設立登記法人
特定非営利活動法人ミライポップ・アカデミー,神奈川県川崎市宮前区宮前平２丁目１６番地２コスモ宮前平ヒルズ５０１,2020-04-07,その他の設立登記法人
特定非営利活動法人森の劇場プロジェクト,三重県津市白山町二本木３０６番地２０,2020-04-07,その他の設立登記法人
特定非営利活動法人社会福祉事業支援センター,愛知県名古屋市瑞穂区瑞穂通８丁目３０番地,2020-04-07,その他の設立登記法人
特定非営利活動法人障がい者就労支援福岡ジャンプアップ,福岡県大野城市緑ケ丘１丁目７番９号,2020-04-07,その他の設立登記法人
王子ファーマ株式会社,東京都中央区銀座４丁目７番５号,2020-04-07,株式会社
王滝村太陽光発電事業合同会社,東京都文京区本郷４丁目９番２２号,2020-04-07,合同会社
産業住宅習志野台第３団地管理組合法人,千葉県船橋市習志野台４丁目２６番,2020-04-07,その他の設立登記法人
甲和産業株式会社,埼玉県朝霞市大字溝沼１３００番地１,2020-04-07,株式会社
盛岡駅前商業研究会,岩手県盛岡市盛岡駅前通１０－６マルカンペットビル３Ｆ,2020-04-07,その他
睿徳株式会社,大阪府大阪市中央区瓦屋町１丁目１４番１５号サードパープル６０３号室,2020-04-07,株式会社
社会保険労務士法人かりんオフィス,埼玉県蕨市南町４丁目７番８号,2020-04-07,その他の設立登記法人
社会保険労務士法人ゼイケイ岐阜,岐阜県岐阜市忠節町１丁目１８番地,2020-04-07,その他の設立登記法人
社会保険労務士法人ベストパートナーズ三重,三重県津市大倉１３番１９号アコギビル,2020-04-07,その他の設立登記法人
社会保険労務士法人四ツ橋総合コンサルティング,大阪府大阪市北区梅田１丁目１番３号大阪駅前第３ビル２階５１号,2020-04-07,その他の設立登記法人
社会福祉法人いちかわ,千葉県市川市南八幡５丁目７番１２号２０１号室,2020-04-07,その他の設立登記法人
社会福祉法人のしろ汐風会,秋田県能代市元町１６２番,2020-04-07,その他の設立登記法人
社会福祉法人孝順会,埼玉県川口市柳崎４丁目２８番２６号,2020-04-07,その他の設立登記法人
社会福祉法人春光会,福岡県那珂川市道善１丁目１２１番地,2020-04-07,その他の設立登記法人
祐建設工業株式会社,福井県吉田郡永平寺町下浄法寺第８号２１番地,2020-04-07,株式会社
神緑土木株式会社,千葉県野田市中野台５１５番地,2020-04-07,株式会社
福井ヨドコウ株式会社,福井県坂井市三国町新保第９７号３０番地,2020-04-07,株式会社
福岡宅地株式会社,福岡県太宰府市石坂２丁目２０番２５号,2020-04-07,株式会社
税理士法人コンウェイ,宮崎県宮崎市広島１丁目１２番１７号,2020-04-07,その他の設立登記法人
税理士法人ＫＩＡ,東京都千代田区霞が関３丁目２番５号,2020-04-07,その他の設立登記法人
税理士法人ＴＯＣ英和,栃木県宇都宮市滝谷町１０番１号,2020-04-07,その他の設立登記法人
糸巻加工真株式会社,千葉県流山市大字平方２１３番地の８,2020-04-07,株式会社
紙屋企画株式会社,宮崎県都城市下長飯町１５５９番地４,2020-04-07,株式会社
美佳株式会社,大阪府大阪市中央区高津３丁目１番３号第二銭辰ビル５１５,2020-04-07,株式会社
美塑科技日本株式会社,東京都目黒区目黒本町６丁目１１番５－２０１号,2020-04-07,株式会社
群馬テクノソーラ合同会社,群馬県高崎市下和田町２丁目５番地１,2020-04-07,合同会社
羽應株式会社,宮城県柴田郡大河原町字南７９番地２,2020-04-07,株式会社
翔栄ファシリティーズ株式会社,大阪府守口市金田町３丁目３８番１４号,2020-04-07,株式会社
荒川オート株式会社,高知県四万十市荒川２９９番地１,2020-04-07,株式会社
萬技研株式会社,大阪府茨木市稲葉町１番１２号,2020-04-07,株式会社
行政書士法人つむぎ,大阪府大阪市北区神山町８番１号梅田辰巳ビル,2020-04-07,その他の設立登記法人
西部瓦斯佐世保株式会社,長崎県佐世保市万津町７番３６号,2020-04-07,株式会社
西部瓦斯長崎株式会社,長崎県長崎市御船蔵町１番１号,2020-04-07,株式会社
誠一株式会社,東京都杉並区高円寺南５丁目１５番１２－３０１号,2020-04-07,株式会社
赤川企画合同会社,東京都足立区千住旭町１３－１７,2020-04-07,合同会社
農事組合法人三泉ファーム,山形県寒河江市字タカヘ９番５,2020-04-07,その他の設立登記法人
農事組合法人南都田アグリエイト,岩手県奥州市胆沢南都田字片子沢１４５番地,2020-04-07,その他の設立登記法人
近江株式会社,京都府京都市下京区七条通烏丸東入真苧屋町２２０番地３,2020-04-07,株式会社
都ルーフ株式会社,京都府京都市山科区東野南井ノ上町５番地５２,2020-04-07,株式会社
金潤株式会社,大阪府大阪市東成区玉津３丁目１番１４号,2020-04-07,株式会社
鑫鑫項栄株式会社,大阪府大阪市中央区谷町７丁目１番３９－３０１号Ｂ,2020-04-07,株式会社
静鉄ＧＴホールディングス株式会社,静岡県静岡市葵区長沼６１１番地,2020-04-07,株式会社
高崎テクノソーラ合同会社,群馬県高崎市石原町１８８８番地,2020-04-07,合同会社
高橋総合企画株式会社,群馬県前橋市問屋町２丁目８番地３ダイアパレスピュアステージ新前橋３０２号,2020-04-07,株式会社
ＡＢＣ合同会社,東京都豊島区池袋２丁目４５番１号アークシティ池袋４０５,2020-04-07,合同会社
ＡＩＤＨ　ＴＲＡＤＩＮＧ合同会社,神奈川県大和市福田１３８０－５Ｂ－１,2020-04-07,合同会社
ＡＲＭ株式会社,三重県熊野市井戸町６５２番地３,2020-04-07,株式会社
ＡＸＹＺ合同会社,埼玉県久喜市吉羽１丁目１２番地３ドミールヒロ２０２号,2020-04-07,合同会社
Ａｉｇｏ株式会社,東京都品川区大井１丁目２１番２号豊強ビル７０１,2020-04-07,株式会社
Ａｌｌｙ合同会社,神奈川県横浜市都筑区牛久保西１丁目８番１９号,2020-04-07,合同会社
Ｂ－ＳＩＤＥ株式会社,東京都渋谷区富ヶ谷１丁目５－３－９０２,2020-04-07,株式会社
ＢＢｏｎｅ合同会社,神奈川県川崎市高津区諏訪１丁目１０－５魚忠ハイツ２０２室,2020-04-07,合同会社
ＢＬＵＥ　ＨＥＡＴ株式会社,宮城県仙台市青葉区中央１丁目３番１号,2020-04-07,株式会社
Ｂｅａｎｓｔａｌｋ株式会社,埼玉県深谷市上野台３６０番地３３,2020-04-07,株式会社
Ｂｅｅ－Ｓｅｅｄｓ山形農産株式会社,山形県東置賜郡川西町大字時田８４１番地,2020-04-07,株式会社
Ｂｉｏ　Ｕｍｂｒｅｌｌａ株式会社,東京都中央区銀座１丁目１６番７号,2020-04-07,株式会社
Ｂｊ株式会社,大阪府大阪市中央区釣鐘町１丁目１番１号,2020-04-07,株式会社
Ｂｌｕｅ　ｏｃｅａｎ株式会社,神奈川県逗子市桜山６丁目１８番１２号,2020-04-07,株式会社
Ｃ．Ｃ．Ｊａｐａｎ株式会社,大阪府大阪市生野区巽中３丁目１１番４号,2020-04-07,株式会社
ＣＡＲＲＯＴ　ＣＡＹＵ　ＣＡＦＥ株式会社,東京都足立区千住緑町１丁目２１番１０号ジャパンステイ千住１０７号,2020-04-07,株式会社
ＣＬＡＩＲ株式会社,愛知県名古屋市緑区鳴海町字有松裏１２３番地の１（エクセル花みずき３０２号）,2020-04-07,株式会社
ＣＭＡＢＥＣ株式会社,福岡県北九州市若松区深町１丁目２１－１６,2020-04-07,株式会社
ＣＯＬＯＲＳ合同会社,愛知県名古屋市西区天塚町１丁目４５番地の３,2020-04-07,合同会社
ＣＲＡＦＨ合同会社,山形県山形市南館４丁目１２番４３号,2020-04-07,合同会社
ＣＲＯ株式会社,愛知県名古屋市熱田区波寄町２５番１号,2020-04-07,株式会社
Ｃｈｒｏｍａｔｅｋ　Ｌｉｍｉｔｅｄ　日本駐在員事務所,東京都目黒区三田２丁目１－７２目黒コーポビアネーズ６０５,2020-04-07,外国会社等
ＣｌｏｖｅｒＤｉｇｉｔａｌ株式会社,東京都品川区東大井４丁目７番１４号ホマーロ品川３０４号室,2020-04-07,株式会社
Ｃｏｓｍｉｃ　Ｈａｒｍｏｎｙ株式会社,神奈川県川崎市宮前区野川３０２０番地１０,2020-04-07,株式会社
ＣｒｅＥｉｇｈｔ株式会社,大阪府大阪市西淀川区姫里２丁目２番３－８０１号,2020-04-07,株式会社
ＤＣＭ分割準備株式会社,東京都品川区南大井６丁目２２番７号,2020-04-07,株式会社
ＤＯＬ株式会社,千葉県千葉市稲毛区穴川１丁目８番１６号,2020-04-07,株式会社
Ｄｅｌｔａ　Ｅｌｅｃｔｒｏｎｉｃｓ　Ｉｎｔ’ｌ（Ｓｉｎｇａｐｏｒｅ）Ｐｔｅ　Ｌｔｄ,,2020-04-07,外国会社等
Ｄｅｖｉａｔｉｎｇ　Ｓｈｅｅｐ株式会社,東京都港区赤坂４丁目１番３１号,2020-04-07,株式会社
Ｄｏｕｋ　Ｅｎｔｅｒｐｒｉｓｅ合同会社,東京都世田谷区喜多見５丁目５番２号ルミエールＢ棟１０３,2020-04-07,合同会社
ＥＱプランニング合同会社,埼玉県春日部市金崎１９６４番地７,2020-04-07,合同会社
Ｅｌｅｐｈａｓ合同会社,兵庫県高砂市米田町島３８０－４,2020-04-07,合同会社
Ｆ‐ＤＥＮ株式会社,愛知県知立市牛田町遠新切４８番地,2020-04-07,株式会社
ＦＡＴＨＯＭ株式会社,広島県呉市中通４丁目２番１４号,2020-04-07,株式会社
ＦＭＲエージェント合同会社,千葉県船橋市滝台２丁目１３番１３－４１３号,2020-04-07,合同会社
Ｆａｍ協同組合,埼玉県蕨市錦町１丁目１６番２０号,2020-04-07,その他の設立登記法人
Ｆｉｔ株式会社,東京都港区海岸２丁目６番３６号,2020-04-07,株式会社
Ｆｏｒｅｓｉｇｈｔ　ＪＡＰＡＮ株式会社,宮城県仙台市泉区泉中央１丁目２３番地の２レガーミ泉中央２０４,2020-04-07,株式会社
Ｇ＆Ａコンサルティング株式会社,東京都豊島区西池袋３丁目２２番１５号,2020-04-07,株式会社
Ｇ－Ｃｕｉｓｉｎｅ株式会社,大阪府大阪市住吉区遠里小野６丁目１７番１３号,2020-04-07,株式会社
ＧＡＲ合同会社,東京都世田谷区上用賀３丁目１４番２号,2020-04-07,合同会社
ＧＥ千華慶合同会社,岡山県岡山市北区門前３９３番地１６,2020-04-07,合同会社
ＧＫトレーディング合同会社,新潟県佐渡市中原２０２番地６,2020-04-07,合同会社
Ｇｉｖｅｅ株式会社,東京都豊島区西池袋１丁目３８番１号池袋ＹＳステージパートⅡ５階,2020-04-07,株式会社
Ｇｌｏｂａｌ　Ａｒｔｓ　Ｍｙａｎｍａｒ株式会社　日本支店,滋賀県東近江市市辺町２６２０番地１８,2020-04-07,外国会社等
Ｇｏｏｄ　Ｎｅｉｇｈｂｏｒ株式会社,東京都豊島区池袋３丁目５７番８号リビオメゾン池袋４０２号,2020-04-07,株式会社
Ｇｒｅｅｎ　ｍｏｕ株式会社,鳥取県米子市夜見町２９２１番地８,2020-04-07,株式会社
ＨＩＲＯ　ＰＡＩＮＴ株式会社,大阪府枚方市須山町４１番１７号,2020-04-07,株式会社
Ｈａｎｔ　ＣＯＭＰＡＮＹ合同会社,千葉県柏市篠籠田９８１番地２０,2020-04-07,合同会社
Ｈｏｔ　Ｓｐｒｉｎｇｓ合同会社,埼玉県さいたま市西区大字高木１５２０番地３４,2020-04-07,合同会社
ＩＫＤ合同会社,千葉県市川市国分５丁目７番２０号石橋ハイツＥ棟１０１号,2020-04-07,合同会社
ＩＭＭ・ｚｅｒｏ株式会社,千葉県千葉市若葉区若松町５３１番地５５,2020-04-07,株式会社
ＪＫ＆Ｃｏｍｐａｎｙ合同会社,東京都世田谷区岡本３丁目１番１３－２０２号,2020-04-07,合同会社
ＪＴトレーディング株式会社,岐阜県可児市広見２６０１番地,2020-04-07,株式会社
Ｊｉｎ光合同会社,千葉県浦安市高洲８丁目１番Ａ－１０７号,2020-04-07,合同会社
Ｋ’ｓデリバー株式会社,福岡県糟屋郡志免町桜丘３丁目１７番３号,2020-04-07,株式会社
Ｋ－ｍａ合同会社,東京都中野区中央１丁目６番６号,2020-04-07,合同会社
ＫＢＳ株式会社,福井県坂井市三国町米ケ脇１丁目１番６３号,2020-04-07,株式会社
ＫＩＡＲＡ合同会社,愛知県豊橋市瓜郷町八反田２５番地１（Ｂ－１）,2020-04-07,合同会社
ＫＩＮＯＳ合同会社,神奈川県藤沢市鵠沼桜が岡２丁目４番１６号,2020-04-07,合同会社
ＫＯＺＯ株式会社,京都府亀岡市本梅町東加舎磐ノ上９番地,2020-04-07,株式会社
ＫＹＵＳＨＵ　ＴＲＡＤＩＮＧ株式会社,福岡県小郡市小郡２５００番地１,2020-04-07,株式会社
Ｋａｒｅｎ　Ｊａｐａｎ株式会社,京都府京都市伏見区深草稲荷中之町５６番地大吉ビル１階,2020-04-07,株式会社
Ｋｒａａｉ　Ｃｏｎｓｕｌｔｉｎｇ合同会社,東京都港区東麻布３丁目５番７－１０２号,2020-04-07,合同会社
ＫｕＫＫＡ合同会社,群馬県藤岡市藤岡１５０５番地７５,2020-04-07,合同会社
Ｌ’ｉｎｆｉｎｉ合同会社,兵庫県神戸市中央区北長狭通４丁目２－１９アムズ元町ビル１Ｆ,2020-04-07,合同会社
ＬＤ貿易合同会社,長野県北佐久郡立科町大字牛鹿２１４３－１,2020-04-07,合同会社
ＬＩＦＦ株式会社,東京都渋谷区代々木１丁目５４番８号アビエス代々木２階,2020-04-07,株式会社
Ｌｉｔｅｕｐ合同会社,宮城県白石市福岡蔵本字西町３５番地１,2020-04-07,合同会社
ＭＡＲＴＹ５６合同会社,神奈川県横浜市青葉区藤が丘２丁目３番地６－３０１,2020-04-07,合同会社
ＭＤＭ合同会社,大阪府大阪市北区梅田２丁目５番１３桜橋第一ビル３０４号,2020-04-07,合同会社
ＭＨＳ合同会社,東京都武蔵野市吉祥寺南町３丁目３番１５号,2020-04-07,合同会社
ＭＩＰマーケティング株式会社,神奈川県藤沢市辻堂元町６丁目１８番４３号,2020-04-07,株式会社
ＭＴＩ株式会社,東京都府中市栄町３丁目２８番地の３２,2020-04-07,株式会社
ＭＵＳＵＢＩプロモーション合同会社,兵庫県神戸市中央区相生町１丁目１号ザ・パークハウス神戸タワー９０８,2020-04-07,合同会社
Ｍｅｄｉｃａｌ　ＩＳＹサポート株式会社,千葉県印西市滝野２丁目１３番１号,2020-04-07,株式会社
Ｍｉｒａｉ’ｓ株式会社,広島県尾道市高須町３６８８番地２,2020-04-07,株式会社
Ｍｏｒｉｂｅｎｉ合同会社,東京都江戸川区平井４丁目１８番２３号,2020-04-07,合同会社
Ｍｙ　ｗｉｌｌ＆ｐｏｒｔｒａｉｔ合同会社,東京都新宿区左門町２０番地６内藤ビル８０２,2020-04-07,合同会社
Ｎ・Ｏ・Ｐ株式会社,埼玉県さいたま市中央区鈴谷７丁目６－４－９０８,2020-04-07,株式会社
ＮＥＸＴ株式会社,愛知県名古屋市千種区豊年町９番１５号穂高豊年ビルディング３階Ｂ,2020-04-07,株式会社
ＮＰＯ法人つながるいのち,大阪府豊中市本町７丁目４番２３号,2020-04-07,その他の設立登記法人
ＮＰＯ法人はるか,静岡県沼津市下香貫藤井原１６７１番地の２クリエール藤井原０１号室,2020-04-07,その他の設立登記法人
ＮＰＯ法人やちほこり,千葉県八街市八街ほ２４０番地３２,2020-04-07,その他の設立登記法人
ＮＰＯ法人エスタボン,大阪府堺市美原区木材通４丁目６－１８,2020-04-07,その他の設立登記法人
ＮＰＯ法人スタートライン,大阪府東大阪市西石切町５丁目２番１７号,2020-04-07,その他の設立登記法人
ＮＰＯ法人スリーファクトリアル,長野県塩尻市大字洗馬３７８９番地１,2020-04-07,その他の設立登記法人
ＮＴメンテナンス株式会社,新潟県新潟市西区立仏３番地９,2020-04-07,株式会社
Ｎｉｐｐｏｎ　ＡＷ株式会社,愛知県刈谷市若松町３丁目９番地ＹＦ．ＢＬＤＧ．３Ｆ,2020-04-07,株式会社
ＯＫＩＮＡＷＡ　ＴＲＡＨＥＳ合同会社,沖縄県名護市字宇茂佐９１４－５,2020-04-07,合同会社
ＯＭＯＲＯ－ｅ株式会社,千葉県佐倉市宮ノ台１丁目１０番３号,2020-04-07,株式会社
ＯＮＥマネジメント株式会社,東京都墨田区緑２丁目１７番８号,2020-04-07,株式会社
ＰａｓｓｉｏｎＰａｐｉｌｌｏｎ合同会社,千葉県市原市ちはら台西５丁目８番地４山口ビル,2020-04-07,合同会社
Ｐｉｅｃｅｓ　ｏｆ　Ｊａｐａｎ株式会社,京都府京都市下京区石不動之町６８２番地６,2020-04-07,株式会社
Ｒアセットマネジメント合同会社,神奈川県横浜市鶴見区市場下町３番２号,2020-04-07,合同会社
Ｒサポート株式会社,京都府京都市中京区西ノ京小倉町１３５番地,2020-04-07,株式会社
ＲＹＵ　ＰＬＵＳ　ＥＤＧＥ株式会社,長崎県大村市富の原２丁目４８５番地３,2020-04-07,株式会社
ＲＹＵＫＹＵ１４２９株式会社,沖縄県那覇市久茂地２丁目２２番１２号久茂地ＵＦビル６０１号,2020-04-07,株式会社
Ｒｅｂｏｒｎ株式会社,千葉県松戸市南花島１丁目２番４号,2020-04-07,株式会社
Ｓ‐ＳＴＹＬＥ株式会社,石川県金沢市打木町東３４１番地３,2020-04-07,株式会社
ＳＡ社会保険労務士法人,埼玉県さいたま市見沼区大字南中野３９５番地１Ｄ４０１,2020-04-07,その他の設立登記法人
ＳＦＫ合同会社,和歌山県新宮市佐野３丁目６－９,2020-04-07,合同会社
ＳＨＩＺＵＯＫＡ　ＡＭＵＳＥＭＥＮＴ合同会社,静岡県三島市一番町１２番１８号第八ＴＳビル４Ｆ－Ａ,2020-04-07,合同会社
ＳＴＡＲＫ　ＷＥＢ株式会社,東京都中央区八丁堀３丁目９番２－５０３号,2020-04-07,株式会社
ＳＴＯ協同組合,東京都江東区亀戸２丁目１７番１５号,2020-04-07,その他の設立登記法人
ＳｃｉＴｅｃｈ　Ｒｅｓｅａｒｃｈ＆Ａｎａｌｙｔｉｃｓ株式会社,東京都中央区日本橋３丁目４番１５号,2020-04-07,株式会社
Ｓｕｍｍｉｔ　Ｅｎｇｌｉｓｈ　Ｓｃｈｏｏｌ合同会社,石川県金沢市北安江４丁目７番１１号,2020-04-07,合同会社
ＴＡＣＴ高井法博行政書士法人,岐阜県岐阜市打越５４６番地２,2020-04-07,その他の設立登記法人
ＴＥＮ．ＪＣ株式会社,東京都港区港南２丁目１５番１号品川インターシティＡ棟２８階,2020-04-07,株式会社
ＴＨインテック株式会社,神奈川県川崎市高津区新作６丁目５番１０－２０８号,2020-04-07,株式会社
ＴＨＲＥＥ　ＤＥＡＲ合同会社,神奈川県横浜市青葉区荏田西２丁目２番地６,2020-04-07,合同会社
ＴＯＴＡＩＷＡ株式会社,東京都台東区浅草７丁目９－３エミナス浅草４０１号室,2020-04-07,株式会社
ＴＲ電設株式会社,大阪府和泉市鶴山台３丁目９番１９－３０２号,2020-04-07,株式会社
ＴＲＵＳＴ　ＯＮＥ株式会社,山形県山形市やよい２丁目８番２８－２０１号会田マンション,2020-04-07,株式会社
ＴＹＲＯ　ＴＲＡＤＩＮＧ株式会社,栃木県足利市大前町１５２番地９ハウズメゾン２１１,2020-04-07,株式会社
Ｔｒｕｆｆｌｅ　Ｔｅｃｈｎｏｌｏｇｉｅｓ株式会社,東京都渋谷区恵比寿南３丁目７番５－９０１号,2020-04-07,株式会社
ＶＬエステート株式会社,東京都多摩市乞田８９５番地,2020-04-07,株式会社
ＶＮＴ合同会社,大阪府大阪市東成区大今里西２丁目１１番１６号,2020-04-07,合同会社
ＷＡＳＩＫＩ合同会社,東京都江東区東雲２丁目２番１４－１７０２号,2020-04-07,合同会社
ＷＯＲＬＤＴＲＥＥ株式会社,福岡県北九州市小倉南区上葛原２丁目２１－１４,2020-04-07,株式会社
Ｗｉｓｈｉｎｇ　Ｈｏｍｅ株式会社,埼玉県上尾市井戸木１丁目４番１３号,2020-04-07,株式会社
Ｙ’ｓ　Ｆａｃｔｏｒｙ合同会社,兵庫県尼崎市南塚口町２丁目３６番２３号ステイトリライフ２０３号,2020-04-07,合同会社
ＹＡＭＡＴＯ　ＴＯＯＬＳ株式会社,神奈川県大和市つきみ野１丁目１番地１７－４０６号,2020-04-07,株式会社
Ｚｕｓｈｉｏ株式会社,広島県福山市山手町７丁目１９番２６－２１号,2020-04-07,株式会社
ａｌｆｅｍ株式会社,東京都港区六本木６丁目１２番３－１４０３号,2020-04-07,株式会社
ａｎｄＣＡＴ株式会社,東京都豊島区南長崎２丁目１７番２号２０５,2020-04-07,株式会社
ｃｏｎｅｃｕｒｉ合同会社,東京都豊島区高田３丁目４１－８－７０９,2020-04-07,合同会社
ｅａｒｔｈ　ｎａｔｕｒａｌ合同会社,愛知県名古屋市西区浅間２丁目６番１８号－２,2020-04-07,合同会社
ｆｉｒｓｔｄａｙ株式会社,東京都港区南青山２丁目２番１５号ウィン青山１２１４号,2020-04-07,株式会社
ｉ－ｓｅｒｖｉｃｅ株式会社,大阪府岸和田市野田町２丁目１８番２号フジヤマンション１Ｆ号,2020-04-07,株式会社
ｉｂｉｓ株式会社,東京都北区滝野川７丁目５０番１５滝野川永谷マンション５０３号,2020-04-07,株式会社
ｋａｋｕ　ｌｏｇｉ合同会社,大阪府寝屋川市寿町１５番５－３０２号,2020-04-07,合同会社
ｓｈｕｃｒｅ鈴鹿合同会社,三重県鈴鹿市白子町２９２６,2020-04-07,合同会社
ｔｏｋｙｏｖｉｔａｍｉｎ合同会社,東京都渋谷区代々木３丁目１３番６号,2020-04-07,合同会社
ｗｏｎｄｅｒ　ｂｒｉｄｇｅ株式会社,大阪府大阪市城東区関目４丁目７番１８号,2020-04-07,株式会社
あおぞら工務店株式会社,大阪府貝塚市脇浜３丁目２２番１１号,2020-04-08,株式会社
あづき介護人材育成協同組合,香川県小豆郡土庄町字半ノ池甲１３６０番地９２,2020-04-08,その他の設立登記法人
かとう事務所合同会社,三重県桑名市大字東方１５１０番地１,2020-04-08,合同会社
せとうちみらいパートナーズ株式会社,広島県広島市南区京橋町一丁目７号アスティ広島京橋ビルディング１階,2020-04-08,株式会社
なのはな合同会社,京都府京都市南区唐橋経田町２番地（４０５号）,2020-04-08,合同会社
やくも会計アドバイザリー合同会社,茨城県筑西市一本松８２７,2020-04-08,合同会社
アシスト株式会社,大阪府大阪市都島区都島本通４丁目２１番２１号,2020-04-08,株式会社
アスワ株式会社,愛知県名古屋市中村区名駅４丁目６番２３号第三堀内ビル９階,2020-04-08,株式会社
アルテナ株式会社,愛知県名古屋市中村区城主町４丁目４番地の１,2020-04-08,株式会社
インフィッシュ株式会社,大阪府大阪市西区江戸堀１丁目６番１０号,2020-04-08,株式会社
エコー企画株式会社,長野県茅野市豊平４２１５番地２,2020-04-08,株式会社
エスティーシー合同会社,埼玉県さいたま市大宮区桜木町２丁目３番地大宮マルイ７階,2020-04-08,合同会社
エス・パートナー株式会社,大阪府大阪市西区京町堀１丁目３番１３号辰巳ビル５階,2020-04-08,株式会社
エックスパワー株式会社,神奈川県横浜市鶴見区平安町２丁目２８番地１ヨコハマアイランドガーデン９２０,2020-04-08,株式会社
エムアップ合同会社,沖縄県中頭郡読谷村字大湾３４番地１Ｆ,2020-04-08,合同会社
エムサポート合同会社,大阪府大阪市東淀川区大道南１丁目３０番１３号ハイツしらかわ３０５号,2020-04-08,合同会社
エンワンジャパン合同会社,山梨県南都留郡富士河口湖町勝山４５３２番地２,2020-04-08,合同会社
エーワン株式会社,京都府京都市北区大将軍東鷹司町６２番地３,2020-04-08,株式会社
オクダ建設工業株式会社,大阪府大阪狭山市大野台４丁目１３番９号,2020-04-08,株式会社
オフィス湯浅合同会社,岡山県岡山市中区福泊１５３番地１３,2020-04-08,合同会社
オーナーズソリューション株式会社,東京都中央区日本橋兜町１７番１号,2020-04-08,株式会社
カフーシー株式会社,沖縄県うるま市与那城饒辺２９９番地５,2020-04-08,株式会社
キモト・レザーワークス株式会社,兵庫県たつの市揖保町東用１２０番地１,2020-04-08,株式会社
キヨミズ合同会社,埼玉県三郷市早稲田６丁目５番地１号棟３０５号,2020-04-08,合同会社
クロスロード株式会社,鳥取県倉吉市上井４９２番地２６,2020-04-08,株式会社
グランディール株式会社,奈良県生駒市本町２番２号,2020-04-08,株式会社
グローカルＳマネジメント合同会社,千葉県船橋市前原西８丁目２３番１２号,2020-04-08,合同会社
グローバルＪＰＶＮ合同会社,大阪府大阪市生野区田島１丁目７番３号,2020-04-08,合同会社
ケーズエィチ合同会社,大阪府大阪市都島区御幸町２丁目８番４号,2020-04-08,合同会社
ケーズティ合同会社,大阪府大阪市都島区御幸町２丁目８番４号,2020-04-08,合同会社
コスタジャパン合同会社,東京都品川区北品川１丁目１３番１１号新田ビル４０２,2020-04-08,合同会社
コネクトメディカル株式会社,石川県金沢市元町２丁目１３番８号,2020-04-08,株式会社
コメット協同組合,岐阜県岐阜市長住町８丁目５番地１,2020-04-08,その他の設立登記法人
コンティニュー株式会社,北海道札幌市東区北三十六条東１６丁目１番２１号ガーデンコート壱番館３０３号室,2020-04-08,株式会社
サブロール株式会社,埼玉県さいたま市南区沼影１丁目１７番４１－４０６号,2020-04-08,株式会社
サポートラボ株式会社,群馬県桐生市広沢町３丁目３９５６番地の４,2020-04-08,株式会社
サムライ・マネジメント株式会社,東京都港区西麻布３丁目２番２１号センチュリオン六本木タワー６階,2020-04-08,株式会社
サンプラス株式会社,東京都千代田区神田神保町１丁目１６－３ＴＳＩ神保町ビル３Ｆ,2020-04-08,株式会社
サンマーク株式会社,群馬県前橋市西片貝町５丁目１５番地３,2020-04-08,株式会社
シュエットジャパン合同会社,島根県浜田市長沢町１７２－６,2020-04-08,合同会社
シープランニング合同会社,兵庫県神戸市中央区元町通５丁目２番３号,2020-04-08,合同会社
ジェイエステック株式会社,愛知県一宮市木曽川町門間字北屋敷３６８４番地４,2020-04-08,株式会社
ジェットトランス株式会社,北海道石狩市花川南九条４丁目９２番地,2020-04-08,株式会社
ジクー株式会社,東京都江戸川区船堀５丁目１５－１,2020-04-08,株式会社
ジョイントワークス株式会社,東京都品川区西五反田２丁目１４－１３ニックハイム五反田２階,2020-04-08,株式会社
スズカＦＡＳ株式会社,北海道札幌市中央区北二条西２丁目３４番地フージャース札幌ビル,2020-04-08,株式会社
スプリングフィールドテクノロジーズ株式会社,神奈川県横浜市泉区上飯田町１４６５番地２,2020-04-08,株式会社
スポーツマーベル株式会社,沖縄県宜野湾市字佐真下５３番地,2020-04-08,株式会社
チャート株式会社,神奈川県川崎市多摩区中野島４丁目２４番６－５号,2020-04-08,株式会社
ニュー国際株式会社,福岡県福岡市中央区渡辺通５丁目２４番３７号,2020-04-08,株式会社
ノクト合同会社,岡山県岡山市北区上中野２丁目２２－１－２０９,2020-04-08,合同会社
ハッピーマッシュ第二株式会社,秋田県山本郡八峰町峰浜水沢字稲荷堂後１２０番地２,2020-04-08,株式会社
ハンビビ蓬健康合同会社,東京都新宿区大久保１丁目１番１１号コントワール新宿６０４号,2020-04-08,合同会社
バイファン・アルテック株式会社,東京都中央区入船２丁目１番１号,2020-04-08,株式会社
バニアンラボ株式会社,東京都千代田区神田練塀町５５,2020-04-08,株式会社
バーチャル株式会社,東京都品川区東大井５丁目４番５－３０２号,2020-04-08,株式会社
ヒトツナギ株式会社,大阪府大阪市北区西天満５丁目９番３号アールビル本館,2020-04-08,株式会社
ビオス柏株式会社,千葉県柏市柏３丁目７番１７号,2020-04-08,株式会社
ビズドロイド株式会社,東京都千代田区永田町２丁目１７番１７号,2020-04-08,株式会社
フォレスティブ合同会社,東京都中野区中野２丁目２６番１号１３０５,2020-04-08,合同会社
フジコネクト株式会社,東京都港区浜松町２丁目２番１５号浜松町ダイヤビル２Ｆ,2020-04-08,株式会社
フロー株式会社,北海道札幌市北区篠路町上篠路１０１－３６,2020-04-08,株式会社
ブライト株式会社,新潟県新潟市秋葉区川根甲４１３番地２,2020-04-08,株式会社
ヘンダーｐｅジャパン株式会社,東京都品川区北品川５丁目５番１５号,2020-04-08,株式会社
ホロン株式会社,東京都品川区南品川２丁目１４－１４みのやビル２階,2020-04-08,株式会社
ポセイドン合同会社,神奈川県川崎市中原区新丸子東２丁目９０２番地１,2020-04-08,合同会社
ポーラスター株式会社,東京都豊島区北大塚１丁目１８番１号,2020-04-08,株式会社
マイティ企画合同会社,大阪府大阪市淀川区東三国６丁目６番９号１Ｆ,2020-04-08,合同会社
マーキテクト株式会社,北海道河東郡鹿追町鹿追北５線１０番地４,2020-04-08,株式会社
マークオンワールド合同会社,東京都中央区八丁堀２丁目１６－３ＩＣＭ中央ビル４階,2020-04-08,合同会社
ミスタージョーンズ合同会社,東京都港区南青山２丁目２番１５号ウィン青山９４２,2020-04-08,合同会社
ミニマムＩＴ合同会社,大阪府高石市綾園４丁目９番１２号,2020-04-08,合同会社
ミライク株式会社,大阪府大阪市生野区中川３丁目３番１１－３０１号,2020-04-08,株式会社
ミライ自動車整備協同組合,茨城県常総市若宮戸字井戸田６６４番地,2020-04-08,その他の設立登記法人
メディカルサポート合同会社,岐阜県岐阜市高野町７丁目２０－２,2020-04-08,合同会社
メディカルサービス合同会社,岐阜県岐阜市高野町７丁目２０－２,2020-04-08,合同会社
メディカル調剤トラスト株式会社,宮崎県日南市園田２丁目２番１,2020-04-08,株式会社
モヤノック合同会社,宮城県大崎市古川旭２丁目３番８号北都開発ビル２Ｆ３,2020-04-08,合同会社
モンカール合同会社,大阪府堺市東区大美野１５８番地７５,2020-04-08,合同会社
ヤングニンジャ合同会社,東京都港区東麻布１丁目１０番１４号８０３号室,2020-04-08,合同会社
ライフガード株式会社,北海道石狩郡当別町西町１２番地３,2020-04-08,株式会社
ラインテック株式会社,兵庫県姫路市日出町２丁目１番地９,2020-04-08,株式会社
ラシク・ラボ株式会社,千葉県船橋市本中山２丁目２０番６号,2020-04-08,株式会社
リリカ・インターナショナル合同会社,千葉県市川市鬼越２丁目１２番１２号,2020-04-08,合同会社
ルクール社会保険労務士法人,群馬県太田市西本町４１番１０号,2020-04-08,その他の設立登記法人
レクサインターナショナル株式会社,東京都港区六本木７丁目７番７号,2020-04-08,株式会社
レレフナジャパン合同会社,東京都渋谷区渋谷１丁目８番３号ＴＯＣ第一ビル７階,2020-04-08,合同会社
ワング株式会社,東京都品川区西中延２丁目１２番１４号,2020-04-08,株式会社
ワールド舗道株式会社,京都府京都市右京区西院安塚町７３番地,2020-04-08,株式会社
一般社団法人あそび心ＢＡＳＥアフタフ・バーバン信州,長野県上田市中央２丁目１１番２０号,2020-04-08,その他の設立登記法人
一般社団法人おでかけ療育協会,広島県広島市中区富士見町６番６号,2020-04-08,その他の設立登記法人
一般社団法人しらおい振興センター,北海道白老郡白老町大町１丁目１番１号,2020-04-08,その他の設立登記法人
一般社団法人つなぐカンパニーながのはら,群馬県吾妻郡長野原町大字川原湯２２３番地５,2020-04-08,その他の設立登記法人
一般社団法人なないろ,沖縄県豊見城市字翁長５３７番地１１,2020-04-08,その他の設立登記法人
一般社団法人みなかみ町シルバー人材センター,群馬県利根郡みなかみ町新巻３０１番地１,2020-04-08,その他の設立登記法人
一般社団法人みやき町シルバー人材センタ－,佐賀県三養基郡みやき町大字東尾６４３６番地３,2020-04-08,その他の設立登記法人
一般社団法人アジア太平洋機械翻訳協会,京都府相楽郡精華町光台３丁目５番地,2020-04-08,その他の設立登記法人
一般社団法人オフロードビークル協会,新潟県南魚沼市南田中４２３番地,2020-04-08,その他の設立登記法人
一般社団法人シニアサポート協会,香川県高松市伏石町２１５３番地５,2020-04-08,その他の設立登記法人
一般社団法人ジャパンウェイ・リーダーシップ協会,大阪府大阪市北区梅田１丁目３番１号,2020-04-08,その他の設立登記法人
一般社団法人セルフジェルネイリスト協会,神奈川県横浜市港北区日吉本町６丁目１６番２１号ウィステリア日吉Ａ１０５,2020-04-08,その他の設立登記法人
一般社団法人ノーサイド,徳島県美馬市脇町大字猪尻字八幡神社下南１２１番地５,2020-04-08,その他の設立登記法人
一般社団法人ファミリーコンシェルジュ,兵庫県明石市野々上３丁目７番地の９,2020-04-08,その他の設立登記法人
一般社団法人プラムバレー,大阪府大阪市北区梅田１丁目１２番１２号東京建物梅田ビル１１階,2020-04-08,その他の設立登記法人
一般社団法人プールガードジャパン,神奈川県横浜市南区花之木町１丁目１,2020-04-08,その他の設立登記法人
一般社団法人ポジティブルーティン協会,東京都千代田区平河町２丁目１６番２号平河町森タワーレジデンス１８１１,2020-04-08,その他の設立登記法人
一般社団法人三重県訪問看護ステーション協議会,三重県津市森町２０１９番地７,2020-04-08,その他の設立登記法人
一般社団法人中野オーラルヒストリークラブ,東京都中野区野方６丁目１番１号,2020-04-08,その他の設立登記法人
一般社団法人令和まほろば会,埼玉県さいたま市浦和区東岸町１番１号,2020-04-08,その他の設立登記法人
一般社団法人信州ブランド研究所,長野県伊那市東春近８００３番地９,2020-04-08,その他の設立登記法人
一般社団法人円満相続のすすめ,広島県広島市中区富士見町６番１７－１－３０１号,2020-04-08,その他の設立登記法人
一般社団法人則天,静岡県菊川市下平川４９２３番地,2020-04-08,その他の設立登記法人
一般社団法人古民家再生協会島根,島根県出雲市今市町３１１番地９,2020-04-08,その他の設立登記法人
一般社団法人商物促進協会,大阪府吹田市五月が丘北１４番７号,2020-04-08,その他の設立登記法人
一般社団法人地域資源活用協会ＤＡＮＫＥＮ社,福岡県久留米市東合川１丁目３番９号,2020-04-08,その他の設立登記法人
一般社団法人地域連携ネットワークみえ,三重県伊勢市御薗町長屋１９６３番地,2020-04-08,その他の設立登記法人
一般社団法人地方創生イノベーションズ,山梨県北杜市大泉町西井出７１４１番地２２,2020-04-08,その他の設立登記法人
一般社団法人岐阜県空手道連盟,岐阜県美濃市藍川１５番地７,2020-04-08,その他の設立登記法人
一般社団法人府中市観光協会,広島県府中市府中町５５９番地２,2020-04-08,その他の設立登記法人
一般社団法人新庄観光協会,山形県新庄市多門町１番２号,2020-04-08,その他の設立登記法人
一般社団法人日本ナチュラル・オーガニックコスメ協会,京都府京都市中京区烏丸通蛸薬師下る手洗水町６５１番地１,2020-04-08,その他の設立登記法人
一般社団法人日本パラｅスポーツ協会,北海道札幌市豊平区月寒中央通７丁目６－２０ＪＡ月寒中央ビル２Ｆ,2020-04-08,その他の設立登記法人
一般社団法人日本紙バンドクラフト協会,愛知県豊川市久保町棒田１３番地の８,2020-04-08,その他の設立登記法人
一般社団法人日本退職予防協会,石川県金沢市三馬２丁目２２８番地１０３,2020-04-08,その他の設立登記法人
一般社団法人書風会,山梨県南都留郡山中湖村平野５６７番地１－３０５,2020-04-08,その他の設立登記法人
一般社団法人未来のイノベーター育成アカデミー,東京都町田市南大谷１３２９番地１４９,2020-04-08,その他の設立登記法人
一般社団法人東紀州地域振興公社,三重県熊野市井戸町３７１番地,2020-04-08,その他の設立登記法人
一般社団法人滋賀学習支援協会,滋賀県草津市矢橋町１０５番地１カーサ・ソラッツォ壱番館Ｄ号室,2020-04-08,その他の設立登記法人
一般社団法人熊本県建設業協会芦北支部,熊本県葦北郡芦北町大字芦北２７８８番地,2020-04-08,その他の設立登記法人
一般社団法人熊本県日本調理技能士会,熊本県上益城郡益城町大字古閑３６６番地４正舟ビル２階,2020-04-08,その他の設立登記法人
一般社団法人熊本ｅスポーツ協会,熊本県熊本市中央区上通町２番１７号びぷれす熊日会館７階,2020-04-08,その他の設立登記法人
一般社団法人玖珠町シルバー人材センター,大分県玖珠郡玖珠町大字岩室２４番地の１,2020-04-08,その他の設立登記法人
一般社団法人生活者支援ネットＴＡＲＵＳ,兵庫県神戸市北区筑紫が丘６丁目７番地の６,2020-04-08,その他の設立登記法人
一般社団法人甲府心理臨床研究所,山梨県甲府市相生１丁目２番３１号ドムス相生５０２,2020-04-08,その他の設立登記法人
一般社団法人福岡市中央卸売市場青果市場自治協会,福岡県福岡市東区みなと香椎３丁目１番１号,2020-04-08,その他の設立登記法人
一般社団法人福岡県エクステリア建設業協会,福岡県福岡市東区若宮５丁目９番８号,2020-04-08,その他の設立登記法人
一般社団法人福岡県筑紫古民家再生協会,福岡県太宰府市通古賀４丁目４番１６号,2020-04-08,その他の設立登記法人
一般社団法人福祉の現場ＩＣＴ活用協議会,東京都世田谷区奥沢７丁目５－１３グリーンテラス自由が丘２０１号室,2020-04-08,その他の設立登記法人
一般社団法人笑珠わらびんちゃー,沖縄県島尻郡八重瀬町字伊覇１４７番地６,2020-04-08,その他の設立登記法人
一般社団法人美濃市観光協会,岐阜県美濃市１３５０番地,2020-04-08,その他の設立登記法人
一般社団法人自立大學校,兵庫県神戸市中央区相生町１丁目１番１号ザ・パークハウス神戸タワー９０８,2020-04-08,その他の設立登記法人
一般社団法人西予市観光物産協会,愛媛県西予市宇和町卯之町３丁目２９７番地,2020-04-08,その他の設立登記法人
一般社団法人親と子どもの臨床支援センター,東京都三鷹市下連雀３丁目４４番１７－６０５号,2020-04-08,その他の設立登記法人
一般社団法人豊かな暮らしラボラトリー,島根県益田市幸町８番１８号,2020-04-08,その他の設立登記法人
一般社団法人賢照,沖縄県うるま市字江洲２１６番地６一階,2020-04-08,その他の設立登記法人
一般社団法人隠岐ユネスコ世界ジオパーク推進協議会,島根県隠岐郡隠岐の島町港町塩口２４番地,2020-04-08,その他の設立登記法人
一般社団法人離婚診断協会,東京都渋谷区千駄ヶ谷５丁目２６番５－８０３号,2020-04-08,その他の設立登記法人
一般社団法人青少年みらい支援協会,群馬県太田市飯塚町７４５番地４,2020-04-08,その他の設立登記法人
一般社団法人静岡文化財保存活用機構,静岡県静岡市清水区港町２丁目１０番１号,2020-04-08,その他の設立登記法人
一般社団法人館林くらしとあそびの研究所,群馬県館林市赤生田本町１４７５番地の３,2020-04-08,その他の設立登記法人
一般社団法人香川県卓球協会,香川県坂出市旭町３丁目３番２６号,2020-04-08,その他の設立登記法人
一般社団法人香川県運動推進協会,香川県丸亀市柞原町５４８番地３０,2020-04-08,その他の設立登記法人
一般社団法人高三潴北納骨堂組合,福岡県久留米市三潴町高三潴２４９番地３,2020-04-08,その他の設立登記法人
一般社団法人ＤＥＦＩ．Ｓ,栃木県宇都宮市平出町３７６１番地１４,2020-04-08,その他の設立登記法人
一般社団法人Ｆｕｔｕｒｅ　Ｇｒｉｐ研究所,栃木県宇都宮市岩曽町１３４０番地２,2020-04-08,その他の設立登記法人
一般社団法人Ｊ．Ｍ　ｆｏｕｎｄａｔｉｏｎ土佐清水,高知県土佐清水市宗呂丙１１５２,2020-04-08,その他の設立登記法人
一般社団法人ＪＡＩＳＴ支援機構,石川県能美市旭台１丁目１番地,2020-04-08,その他の設立登記法人
一般社団法人Ｎ－ａｒｃｘ,東京都中野区本町１丁目２番１２号,2020-04-08,その他の設立登記法人
一般社団法人ＰＩＣＫ　ＵＰ,沖縄県沖縄市宮里１丁目１５番９号１Ｆ,2020-04-08,その他の設立登記法人
一般社団法人ＳＨＯＩＮ,東京都北区東十条５丁目５番３号,2020-04-08,その他の設立登記法人
一般社団法人ｂｌｕｅ　ｅａｒｔｈ　ｇｒｅｅｎ　ｔｒｅｅｓ,奈良県奈良市北市町７０番地の１,2020-04-08,その他の設立登記法人
一般財団法人大電教育振興会,佐賀県三養基郡みやき町大字中津隈３３３０番地大電株式会社内,2020-04-08,その他の設立登記法人
一般財団法人榛名美術,群馬県高崎市下室田町２７００番地１,2020-04-08,その他の設立登記法人
三方五湖ＤＭＯ株式会社,福井県三方郡美浜町松原第３５号１６番地の２,2020-04-08,株式会社
三永物産株式会社,山口県下関市赤間町１番１６号,2020-04-08,株式会社
三浦防水株式会社,兵庫県姫路市上手野９５－１,2020-04-08,株式会社
三陽フードクリエイト株式会社,熊本県熊本市中央区九品寺３丁目９番１６号,2020-04-08,株式会社
中央日本土地建物グループ株式会社,東京都千代田区霞が関１丁目４番１号,2020-04-08,株式会社
中川電子技研株式会社,京都府宇治市大久保町井ノ尻３番地の３３,2020-04-08,株式会社
中部クライフ株式会社,愛知県名古屋市中村区宿跡町１丁目６番地の３,2020-04-08,株式会社
京葉断熱株式会社,千葉県市原市姉崎１１２７番地３スカイハイツ１０１,2020-04-08,株式会社
伊丹エレベーター株式会社,兵庫県伊丹市池尻２丁目３１８番地１５,2020-04-08,株式会社
信志錻合同会社,大阪府大阪市平野区加美正覚寺４丁目７番４５号,2020-04-08,合同会社
信泰株式会社,東京都江戸川区平井７丁目２０番１３号泰和平井ビル３０１号,2020-04-08,株式会社
優圧送株式会社,埼玉県戸田市新曽南３丁目９番１７－１０４号,2020-04-08,株式会社
優選株式会社,埼玉県さいたま市南区別所５丁目１５－２,2020-04-08,株式会社
全Ｄｉｇｉｔａｌ株式会社,沖縄県那覇市字小禄１８３１番地１,2020-04-08,株式会社
北海道スクエア株式会社,北海道札幌市中央区北一条東３丁目３番地,2020-04-08,株式会社
北海道ワイン余市ヴィンヤード株式会社,北海道小樽市朝里川温泉１丁目１３０番地,2020-04-08,株式会社
医療法人なおり会,沖縄県浦添市字経塚５８５番地１、２階,2020-04-08,その他の設立登記法人
医療法人ふたば会,沖縄県那覇市泊２丁目６番１０号２階,2020-04-08,その他の設立登記法人
医療法人よつばの会,沖縄県那覇市首里久場川町２丁目１３６－１番地,2020-04-08,その他の設立登記法人
医療法人社団こどもの形成外科,兵庫県神戸市垂水区日向２丁目２番４号垂水日向ビル２０２号,2020-04-08,その他の設立登記法人
医療法人社団優迎会,静岡県浜松市西区入野町１６１００番地の１,2020-04-08,その他の設立登記法人
医療法人社団優音会,静岡県浜松市中区船越町６番２１号,2020-04-08,その他の設立登記法人
医療法人社団千蘭会,東京都足立区千住橋戸町１１番地４,2020-04-08,その他の設立登記法人
医療法人社団和信会,千葉県松戸市新松戸２丁目１１５番地１松本ビル４階Ｂ区画,2020-04-08,その他の設立登記法人
医療法人社団和草会,静岡県焼津市下小田字栄田１２５番地１,2020-04-08,その他の設立登記法人
医療法人社団恭英会,静岡県藤枝市本町２丁目１番３９号,2020-04-08,その他の設立登記法人
医療法人社団智啓会,兵庫県神戸市須磨区飛松町３丁目１番３号２階・３階,2020-04-08,その他の設立登記法人
医療法人社団誠真中央会,静岡県静岡市葵区御幸町６番地の１１一瀬ビル６Ｆ,2020-04-08,その他の設立登記法人
医療法人虹いろ,岐阜県恵那市大井町字舟山１１３４番地８２,2020-04-08,その他の設立登記法人
医療法人ＰＨＧ,兵庫県神戸市東灘区住吉宮町４丁目４番１－２０３号,2020-04-08,その他の設立登記法人
千代田プロパティ一般社団法人,東京都港区六本木１丁目６番１号泉ガーデンタワー,2020-04-08,その他の設立登記法人
千代田プロパティ特定目的会社,東京都港区六本木１丁目６番１号泉ガーデンタワー,2020-04-08,その他の設立登記法人
双日マシナリーホールディングス株式会社,東京都千代田区丸の内１丁目６番１号,2020-04-08,株式会社
合同会社いずみや,山形県酒田市駅東１丁目２番地の１０,2020-04-08,合同会社
合同会社いろは,千葉県市川市南行徳１丁目１１番１５－２０５号（シェ・ヌ１）,2020-04-08,合同会社
合同会社うくく,千葉県松戸市二ツ木１４５８番地の８,2020-04-08,合同会社
合同会社お風呂やさん,千葉県いすみ市弥正４９２番地５,2020-04-08,合同会社
合同会社かぞえーる,兵庫県神戸市中央区加納町６丁目３番１－１２０７号,2020-04-08,合同会社
合同会社きわみ,三重県四日市市西新地１３番１３号,2020-04-08,合同会社
合同会社しげおの森,奈良県奈良市東九条町８１３－８,2020-04-08,合同会社
合同会社つぐみ,滋賀県彦根市芹川町４８６番地１１,2020-04-08,合同会社
合同会社どうひら,大阪府枚方市楠葉並木２丁目２５番１５号インデアン北ビル一階,2020-04-08,合同会社
合同会社なごみ,秋田県由利本荘市石脇字山ノ神１１番地５７３,2020-04-08,合同会社
合同会社はっぴぃ,沖縄県那覇市若狭２丁目５番１号,2020-04-08,合同会社
合同会社ぺリア,石川県白山市田中町２３３番地１ラマージュ４０７,2020-04-08,合同会社
合同会社やさしいごはん,埼玉県久喜市松永５３５番地１オー・ルージュＡ１０２,2020-04-08,合同会社
合同会社アップドラフト,山口県山口市円政寺町２－１７,2020-04-08,合同会社
合同会社アーシェント,北海道室蘭市知利別町４丁目６番２号,2020-04-08,合同会社
合同会社イオレ・ア・ヒッパ,東京都文京区小石川１丁目１６番１３－１００３号,2020-04-08,合同会社
合同会社インクルージョン・ワークス,神奈川県川崎市宮前区小台１丁目６番地２－１０３,2020-04-08,合同会社
合同会社インプルーブメントサービス,北海道浦河郡浦河町潮見町１７番地８１,2020-04-08,合同会社
合同会社イーグルプロダクション,東京都豊島区東池袋３丁目２１－１８第一笠原ビル２０３,2020-04-08,合同会社
合同会社ウイルテック,北海道札幌市北区篠路町上篠路７４番地４０,2020-04-08,合同会社
合同会社ウェブデリ,東京都豊島区上池袋１丁目３７番２２号レジディアタワー上池袋ＴＷ－４０１,2020-04-08,合同会社
合同会社エポック,福岡県糟屋郡粕屋町仲原３丁目１０番１０号,2020-04-08,合同会社
合同会社エルエル,東京都中央区晴海２丁目３番２－３１０７号,2020-04-08,合同会社
合同会社エンズ,東京都新宿区新宿２丁目１２番１３号新宿アントレサロンビル２階,2020-04-08,合同会社
合同会社オクテクノ,神奈川県横浜市鶴見区下末吉５丁目１３番４４号,2020-04-08,合同会社
合同会社オールラウンド,栃木県那須烏山市藤田６７７番地８,2020-04-08,合同会社
合同会社カワゴエ,兵庫県神戸市長田区本庄町７丁目５番１６号,2020-04-08,合同会社
合同会社キングコング,沖縄県那覇市首里当蔵町１丁目１５番地３コートビレッジ当蔵２０２,2020-04-08,合同会社
合同会社ココト,神奈川県横浜市青葉区市ケ尾町４８３番地２,2020-04-08,合同会社
合同会社コスモス企画,埼玉県さいたま市岩槻区大字相野原１３２番地,2020-04-08,合同会社
合同会社コンコード,奈良県香芝市逢坂３丁目５９０番地１,2020-04-08,合同会社
合同会社サイト,埼玉県所沢市美原町４丁目２９７４番地,2020-04-08,合同会社
合同会社サイドコンサルティング,東京都杉並区井草３丁目７番４号井草フラット１０６号室,2020-04-08,合同会社
合同会社サン・ビューホーム,東京都中央区銀座３丁目９番１８号,2020-04-08,合同会社
合同会社シオン,大阪府大阪市西成区太子２丁目２番２７号,2020-04-08,合同会社
合同会社システムリエンゲージメントバイインタビューアンドアンケート,東京都千代田区三番町２０－２三番町パークライフ２０４,2020-04-08,合同会社
合同会社ジュニア設備,北海道札幌市東区北四十九条東１４丁目３番２３号ツインハイム１２号,2020-04-08,合同会社
合同会社スズフードサービス,北海道室蘭市中島町１丁目１６番１号北海タウンビル,2020-04-08,合同会社
合同会社スマイル,東京都中野区中野５丁目４９番１号カクタス伊藤館２０２,2020-04-08,合同会社
合同会社スマイル総合サポート,沖縄県那覇市小禄２丁目４番９号リッツハウスディーグ１０３号,2020-04-08,合同会社
合同会社セカンドリンク,東京都世田谷区若林４丁目１２番５号,2020-04-08,合同会社
合同会社ゼット,大阪府大阪市中央区徳井町１丁目１番６号新居ビル２０１号室,2020-04-08,合同会社
合同会社ツインフィールド,茨城県守谷市松並青葉１丁目７番地１２,2020-04-08,合同会社
合同会社ティーティーパートナーズ,東京都港区南青山１丁目１番１号新青山ビル西館７階,2020-04-08,合同会社
合同会社ハナヤマ・サイエンス・アンド・テクノロジー,兵庫県神戸市北区花山台６番２１号,2020-04-08,合同会社
合同会社ベール,神奈川県横浜市青葉区市ケ尾町１１７１番地２,2020-04-08,合同会社
合同会社ペリカンＥＸＰＲＥＳＳ,埼玉県鶴ヶ島市南町１丁目１番２５号,2020-04-08,合同会社
合同会社ポプラプラス,北海道札幌市東区北五十条東７丁目４番１６号,2020-04-08,合同会社
合同会社ミヤジョウ,沖縄県うるま市字赤道１７６番地６,2020-04-08,合同会社
合同会社モノセル,福岡県福岡市中央区笹丘１丁目１３－３,2020-04-08,合同会社
合同会社ユナイテッドパーソナル,愛知県名古屋市中区栄５丁目２６番３９号ＧＳ栄ビル３Ｆ,2020-04-08,合同会社
合同会社ユーテル,大阪府大阪市鶴見区今津南２丁目１番３７号エバーグリーン鶴見３０１号,2020-04-08,合同会社
合同会社ラックエンターテインメント,奈良県磯城郡田原本町大字千代１６６番地の１アルヴィータ２０３号室,2020-04-08,合同会社
合同会社リル,埼玉県さいたま市浦和区常盤５丁目７番１８号,2020-04-08,合同会社
合同会社リーチホームサービス,埼玉県さいたま市西区大字土屋４０６番地２,2020-04-08,合同会社
合同会社リープ,熊本県熊本市中央区南熊本２丁目５番５号５０２号室,2020-04-08,合同会社
合同会社レアリゼ,大阪府吹田市山手町３丁目３３番１６号（３０２）,2020-04-08,合同会社
合同会社ワイズアート,大阪府大阪市住之江区北島３丁目４番４号,2020-04-08,合同会社
合同会社ワン・プロフェッショナルズ,愛知県名古屋市中区栄２丁目６番１７号ー６０４号,2020-04-08,合同会社
合同会社上原,沖縄県名護市字田井等６６８番地,2020-04-08,合同会社
合同会社九州名品事業機構,熊本県熊本市中央区岡田町３－２５－４０１,2020-04-08,合同会社
合同会社京浜工業,神奈川県川崎市川崎区池上町７番１４号,2020-04-08,合同会社
合同会社会計給与研究会,大阪府東大阪市新池島町２丁目１３番２１号,2020-04-08,合同会社
合同会社南伊勢発電所,東京都新宿区西新宿６丁目５番１号,2020-04-08,合同会社
合同会社吉富ソウェル,兵庫県西宮市小松西町２丁目１番２－１００７号,2020-04-08,合同会社
合同会社唯美会,山口県美祢市美東町真名４９５番地３,2020-04-08,合同会社
合同会社宮城企画,沖縄県那覇市松尾２丁目５番２５号,2020-04-08,合同会社
合同会社山下そろばん教室,高知県安芸市伊尾木１５０番地１,2020-04-08,合同会社
合同会社成栄工業,兵庫県神戸市長田区滝谷町１丁目５番１１－４０５号,2020-04-08,合同会社
合同会社日本ピンクレディー協会,長野県安曇野市三郷温２２８０番地３,2020-04-08,合同会社
合同会社日本ＩＭＩ,山形県上山市金谷７８３番地,2020-04-08,合同会社
合同会社栞,大阪府大阪市鶴見区横堤４丁目２４番８号,2020-04-08,合同会社
合同会社水明,東京都渋谷区神山町２０番４６号グランドメゾン松濤３０６,2020-04-08,合同会社
合同会社海波,千葉県市川市幸１丁目１８番１号,2020-04-08,合同会社
合同会社清和販売,青森県上北郡野辺地町字野辺地５４番地たかば荘８号室,2020-04-08,合同会社
合同会社牮山ＣＡＤオペレーター事務所,岡山県岡山市東区宍甘１７５番地１７,2020-04-08,合同会社
合同会社福うさぎ,秋田県横手市平鹿町上吉田字五十田６０番地２４,2020-04-08,合同会社
合同会社金城テクノ,沖縄県浦添市西原４丁目２５番３号２Ｆ,2020-04-08,合同会社
合同会社鱸,東京都板橋区南常盤台１丁目１１番６号レフア南常盤台１０１号室,2020-04-08,合同会社
合同会社ＡＢＪ,愛知県名古屋市中区栄３丁目２番３号４Ｆ,2020-04-08,合同会社
合同会社ＡＫプランニング,大分県大分市顕徳町３丁目１番１２－８０３号エイリックスタイル顕徳ザ・テラス,2020-04-08,合同会社
合同会社ＡＵＴＯＢＡＹ,栃木県佐野市免鳥町３９３番地,2020-04-08,合同会社
合同会社Ｂ２Ｂ,東京都江戸川区北小岩８丁目２６番６号,2020-04-08,合同会社
合同会社Ｂｒａｖｅ,埼玉県川口市芝樋ノ爪１丁目７番１８号三晃ハイツＥ棟１０１号,2020-04-08,合同会社
合同会社Ｃ．Ｂ．Ａ,千葉県銚子市南小川町２９２０番地,2020-04-08,合同会社
合同会社ＣＯＥ,兵庫県伊丹市北河原３丁目２番１７－５０４号,2020-04-08,合同会社
合同会社Ｃｏｒｎｆｌｏｗｅｒ,沖縄県中頭郡西原町字上原２９０番地の１（サンコーポラス西原２棟２０６号）,2020-04-08,合同会社
合同会社Ｃｒｏｓｓｒｏａｄ,兵庫県神戸市須磨区妙法寺字白坂１０２２番地の２５,2020-04-08,合同会社
合同会社ＥＣＯ　ＲＥＸＩＯ,千葉県松戸市小金原８丁目２７－１２,2020-04-08,合同会社
合同会社ＦＩＴ,神奈川県厚木市三田１５７９番地１,2020-04-08,合同会社
合同会社Ｆａｉｒｙ,千葉県船橋市大穴南２丁目３５番３号,2020-04-08,合同会社
合同会社Ｆｒｅｅ　Ｂｉｒｄ,大阪府大阪市北区大淀南２丁目９番２２号大洋ハイツ梅田西４０５号室,2020-04-08,合同会社
合同会社ＧＥＭＳ,京都府京都市中京区西洞院通四条上る蟷螂山町４７９－９０６,2020-04-08,合同会社
合同会社ＧＬＯＲＹＨＯＬＤ,埼玉県新座市野火止６丁目４番２２号ＣＯＭＩＮＯＳ弐番館１０２号室,2020-04-08,合同会社
合同会社ＧＲＡＣＥ　ＭＥ,秋田県秋田市飯島川端１丁目４番３１号,2020-04-08,合同会社
合同会社ＧＶ,東京都練馬区田柄２丁目３７番２７号ルパンブラン１－３０２,2020-04-08,合同会社
合同会社ＨＯＭ,東京都世田谷区経堂２丁目１１番１９号,2020-04-08,合同会社
合同会社Ｋ＆Ｍ不動産,千葉県柏市南柏１丁目２番６号南柏ビル１０３,2020-04-08,合同会社
合同会社ＫＥＮ,神奈川県横浜市港南区大久保３丁目３０番１号,2020-04-08,合同会社
合同会社ＭＲＩ,埼玉県さいたま市大宮区桜木町２丁目３２８－２ロケットビル３階,2020-04-08,合同会社
合同会社Ｍａｒｉｎｅ　Ｓｅｒｖｉｃｅ海力丸,沖縄県中頭郡読谷村字座喜味２７１３番地１２１,2020-04-08,合同会社
合同会社ＮＯＨＡＲＡ,東京都千代田区平河町１丁目６番１５号ＵＳビル８０２号室,2020-04-08,合同会社
合同会社Ｎａｒｉ　Ｃｏｒｐｏｒａｔｉｏｎ,東京都渋谷区恵比寿１丁目２２－２１－１１０３,2020-04-08,合同会社
合同会社ＯＣＭ．Ｐ,愛知県江南市上奈良町栄４８番地ライズ江南２０５号,2020-04-08,合同会社
合同会社ＯＮＥ　ＨＥＡＲＴ松戸,千葉県松戸市河原塚２６２番地の２９,2020-04-08,合同会社
合同会社ＰＨＡＮＴＯＭ,宮崎県日南市中平野１丁目１０番地１２,2020-04-08,合同会社
合同会社Ｐｉｎ－Ｐｏｉｎｔ,神奈川県川崎市宮前区鷺沼４丁目９番地１３,2020-04-08,合同会社
合同会社ＲＡＫＵ,大阪府貝塚市二色３丁目８番６号,2020-04-08,合同会社
合同会社Ｒｏｃｏ,東京都渋谷区千駄ヶ谷４丁目９番３－３０５号,2020-04-08,合同会社
合同会社ＳＬＬ,鹿児島県鹿児島市唐湊４丁目２７番２５号,2020-04-08,合同会社
合同会社Ｓａｎ,大阪府大阪市住之江区新北島１丁目２－１８－８０２,2020-04-08,合同会社
合同会社Ｓｋｙｒｏｃｋｅｔ　Ｔｅｃｈｎｏｌｏｇｙ　Ｂａｎｋ,兵庫県西宮市安井町３番５号,2020-04-08,合同会社
合同会社ＳｒｏｔａＳｔａｇｅ,東京都豊島区東池袋１丁目１７番１１号パークハイツ池袋１１０５号,2020-04-08,合同会社
合同会社Ｔ－ＯＮＥ,埼玉県越谷市大字下間久里５３３番地７,2020-04-08,合同会社
合同会社ＴＯＲＡＯ洋行サービス,沖縄県糸満市字真栄里１０３番地,2020-04-08,合同会社
合同会社Ｔｅａｌ－ｔｅｃｈ,北海道札幌市北区北十二条西４丁目１番２５－７０９号,2020-04-08,合同会社
合同会社Ｔｒｕｅｓｔ,大阪府大阪市生野区中川東２丁目２番３号,2020-04-08,合同会社
合同会社Ｖｉ－Ｌａｓ,千葉県市川市塩焼３丁目９番２１号,2020-04-08,合同会社
合同会社ＷＡＶＥ,神奈川県横浜市神奈川区六角橋２丁目２番１４号,2020-04-08,合同会社
合同会社Ｙ－ＢＡＳＥ,神奈川県横浜市戸塚区前田町２１４番地１グランドメゾン東戸塚４番館４０６号,2020-04-08,合同会社
合同会社Ｙｏｕｎｇｒａｔ．ｊｐ,埼玉県比企郡滑川町月の輪２丁目２０番３号,2020-04-08,合同会社
合同会社ｂｅａｒｓ　ｂｏｌｄ,東京都練馬区旭町１丁目３８－１３,2020-04-08,合同会社
合同会社ｂｒｉｇａｄｅ,神奈川県川崎市幸区南加瀬５丁目３０番７号クレール加賀見４０３,2020-04-08,合同会社
合同会社ｇｅｎｅｒａｌ　ｂａｓｅ,神奈川県横浜市港北区大倉山３丁目６２番１８－２０５号,2020-04-08,合同会社
合同会社ｍｕｓｈｉｍｅｇａｎｅｂｏｏｋｓ．,兵庫県高砂市北浜町牛谷７０５番地の２２,2020-04-08,合同会社
和電工株式会社,沖縄県南城市玉城字堀川５２１番地１,2020-04-08,株式会社
国際技術サポート株式会社,愛知県豊橋市東幸町字東明５番地,2020-04-08,株式会社
壱体感合同会社,東京都中野区中野５丁目５７番２号Ｂ１Ｆ,2020-04-08,合同会社
大橋株式会社,東京都練馬区田柄１丁目７番８－３０１号,2020-04-08,株式会社
天策株式会社,大阪府大阪市住吉区苅田２丁目５番２６号,2020-04-08,株式会社
学園アカデミー合同会社,茨城県つくば市学園の森１丁目３８番５号,2020-04-08,合同会社
学校法人大智学園,沖縄県那覇市上之屋１丁目１０番２号,2020-04-08,その他の設立登記法人
学校法人羽田学園,兵庫県神戸市兵庫区荒田町１丁目１２番７号,2020-04-08,その他の設立登記法人
学校法人龍光寺学園,群馬県富岡市富岡１０９３番地１,2020-04-08,その他の設立登記法人
小野電機エンジニア株式会社,群馬県藤岡市藤岡１９８４番地３３,2020-04-08,株式会社
小高設備工業株式会社,埼玉県川越市大字下赤坂７５１番地１３,2020-04-08,株式会社
山藤賢株式会社,東京都港区高輪４丁目１０番３１－７２６号,2020-04-08,株式会社
岡山県コンクリート製品販売協同組合,岡山県真庭市開田６３０番地１,2020-04-08,その他の設立登記法人
幸織貿易株式会社,大阪府大阪市中央区本町橋６番２１号,2020-04-08,株式会社
建成プラント株式会社,山口県柳井市柳井３７３０番地４,2020-04-08,株式会社
弁護士法人東京スタートアップ法律事務所,東京都千代田区麹町６丁目６番２号東急四谷ビル５階,2020-04-08,その他の設立登記法人
弁護士法人松阪総合法律事務所,三重県松阪市中央町３０３番地１Ｓｕｎビル５階,2020-04-08,その他の設立登記法人
志摩株式会社,大阪府大阪市天王寺区玉造本町９番８－３０２号,2020-04-08,株式会社
新波自治会,秋田県秋田市雄和新波字新町２７６－１,2020-04-08,その他
日本シップヤード株式会社,東京都千代田区有楽町１丁目５番１号,2020-04-08,株式会社
日東薬品工業ホールディングス株式会社,京都府向日市上植野町南開３５番地の３,2020-04-08,株式会社
明電ナノプロセス・イノベーション株式会社,千葉県千葉市花見川区犢橋町１５６９番地１,2020-04-08,株式会社
朝場畜産株式会社,秋田県能代市字若田２番地１,2020-04-08,株式会社
本間建築合同会社,山形県東田川郡庄内町廿六木字三ツ車４５番地,2020-04-08,合同会社
東京機器合同会社,東京都品川区東大井５丁目１１番９号,2020-04-08,合同会社
松本商事株式会社,東京都足立区東綾瀬１丁目２３番１４号,2020-04-08,株式会社
松田冷熱株式会社,福岡県糟屋郡篠栗町大字和田８９１番地６,2020-04-08,株式会社
栄広テクノ株式会社,大阪府堺市西区浜寺石津町西４丁１１番１１号,2020-04-08,株式会社
株式会社あおばビル,北海道札幌市西区発寒八条１１丁目２番４３号,2020-04-08,株式会社
株式会社あしば屋,東京都八王子市元八王子町３丁目２５２０番地１０,2020-04-08,株式会社
株式会社いろどり塗屋,静岡県浜松市東区市野町１３９１番地の４,2020-04-08,株式会社
株式会社おおすみ,鹿児島県肝属郡肝付町前田３７１０番地,2020-04-08,株式会社
株式会社おおた農縁,北海道岩見沢市北村中小屋３６４１番地１,2020-04-08,株式会社
株式会社かんがエール,広島県広島市南区東雲本町２丁目１２番２５－３０５号,2020-04-08,株式会社
株式会社けいはんなライフホーム,京都府木津川市城山台５丁目２７番地３,2020-04-08,株式会社
株式会社さくら,兵庫県宝塚市安倉西４丁目１１－９,2020-04-08,株式会社
株式会社じぇいらぼ,東京都目黒区上目黒２丁目２７番地１４号ラパルトマン中目黒２０３号,2020-04-08,株式会社
株式会社すずきファーム,青森県北津軽郡中泊町大字田茂木字若宮４０６番地６２,2020-04-08,株式会社
株式会社たくみの里,群馬県利根郡みなかみ町須川８４７番地,2020-04-08,株式会社
株式会社たねまきの会,東京都渋谷区神宮前６丁目１２番１８号,2020-04-08,株式会社
株式会社たびのそら,北海道砂川市西四条南１丁目３番２号,2020-04-08,株式会社
株式会社つむぐ,千葉県柏市若柴１７８番地４柏の葉キャンパス１４８街区１パークシティ柏の葉キャンパスザ・ゲートタワーウエスト３Ｆ,2020-04-08,株式会社
株式会社ど真ん中,大阪府藤井寺市小山１丁目１４番２９号,2020-04-08,株式会社
株式会社なごみ,三重県松阪市久保町１８５５番地１０８３,2020-04-08,株式会社
株式会社はうすブレイン,神奈川県横浜市中区末吉町２丁目２９番地３－６０２号,2020-04-08,株式会社
株式会社ひととき,長野県上伊那郡箕輪町大字中箕輪１０２８６番地１,2020-04-08,株式会社
株式会社ふじや,埼玉県戸田市大字美女木１１４１番地３８,2020-04-08,株式会社
株式会社ほしの,東京都板橋区赤塚４丁目２６番５号,2020-04-08,株式会社
株式会社まるしごと,山梨県山梨市市川２８８４番地,2020-04-08,株式会社
株式会社みなさまの保険．ＣＯＭ,東京都中央区日本橋３丁目５番１２号,2020-04-08,株式会社
株式会社みのり,北海道岩見沢市幌向南二条５丁目３９３番地２８,2020-04-08,株式会社
株式会社みやび不動産経済研究所,東京都豊島区北大塚３丁目７番８号,2020-04-08,株式会社
株式会社るぽぜ,愛知県知多郡阿久比町大字阿久比字北海道３７番地,2020-04-08,株式会社
株式会社アイデアル,大阪府大阪市西区江戸堀１丁目９番１号,2020-04-08,株式会社
株式会社アウラ,茨城県古河市南町４番５３号,2020-04-08,株式会社
株式会社アクアリスタ,兵庫県姫路市書写２６４８番地１コーホービル３Ｆ－４,2020-04-08,株式会社
株式会社アグリ・ワン,福井県福井市つくも１丁目４番７号,2020-04-08,株式会社
株式会社アサヒ,宮城県仙台市宮城野区岩切分台３丁目７番地２,2020-04-08,株式会社
株式会社アステリズモ,東京都千代田区神田東松下町１２番地１トナカイ神田タワー１１階,2020-04-08,株式会社
株式会社アストライアーソフトウエア,東京都豊島区北大塚２丁目１７番１２号,2020-04-08,株式会社
株式会社アスピレーション,埼玉県川口市並木１丁目５番１０－７０４号,2020-04-08,株式会社
株式会社アトリエ川野,熊本県熊本市北区清水東町９番７１号,2020-04-08,株式会社
株式会社アドバンスＯＡソリューション,高知県高知市本町２丁目２番２７号,2020-04-08,株式会社
株式会社アノ－ド,埼玉県川口市大字里９６１番地の４,2020-04-08,株式会社
株式会社アヤントレーディング,千葉県柏市手賀１４２５番地１,2020-04-08,株式会社
株式会社アルカディアコミュニケーションズ,北海道札幌市中央区大通西１４丁目３番３０号ラヴェーラ大通公園１階テナント裏口,2020-04-08,株式会社
株式会社アンエクスプロアード,東京都渋谷区桜丘町２９番２４－４０１号,2020-04-08,株式会社
株式会社アンビション,石川県金沢市駅西本町５丁目２番１３号,2020-04-08,株式会社
株式会社アールエックス,愛知県名古屋市守山区泉が丘６０５番地,2020-04-08,株式会社
株式会社イケワン,大阪府大阪市福島区大開１丁目５番２号,2020-04-08,株式会社
株式会社イセヤ,神奈川県川崎市多摩区生田３丁目８番３４号,2020-04-08,株式会社
株式会社インテリア・ユキ,福岡県大牟田市臼井新町１丁目４３番地２,2020-04-08,株式会社
株式会社インフォマネージフォース,静岡県焼津市大覚寺１丁目１４番地の５,2020-04-08,株式会社
株式会社イーコミュニケーション,秋田県由利本荘市岩城赤平字鶴巻９４番地,2020-04-08,株式会社
株式会社イーズベイクワークス,兵庫県西宮市山口町名来１丁目１３番３号,2020-04-08,株式会社
株式会社ウインズインターナショナル,大阪府大阪市鶴見区鶴見５丁目２番２８－３０１号,2020-04-08,株式会社
株式会社ウェーブアップ,東京都豊島区長崎２丁目８番１０号,2020-04-08,株式会社
株式会社エキップコミュニケーション,神奈川県海老名市東柏ケ谷４丁目６番１０１号,2020-04-08,株式会社
株式会社エコ・フォワードジャパン,大阪府大東市大野１丁目１７番４号,2020-04-08,株式会社
株式会社エコーズ,沖縄県那覇市赤嶺１丁目８番地４ネクスコート當間２０５,2020-04-08,株式会社
株式会社エスペランサ,東京都板橋区徳丸１丁目２５－５,2020-04-08,株式会社
株式会社エヌエスファーム,茨城県稲敷市中山２８６３番地,2020-04-08,株式会社
株式会社エヌプラスケア,兵庫県三田市南が丘１丁目３８番７号,2020-04-08,株式会社
株式会社エフコンサルティング,大阪府大阪市阿倍野区阪南町６丁目９番２３号,2020-04-08,株式会社
株式会社エーアンドエス・コンサルティング,兵庫県加古川市尾上町安田１５８番地の６,2020-04-08,株式会社
株式会社オアシス,埼玉県草加市原町３丁目２０番５号－１０１,2020-04-08,株式会社
株式会社オニロビスティ,福岡県大野城市白木原５丁目６－１２フェニックス福岡南２Ｆ－Ｃ,2020-04-08,株式会社
株式会社カウモ,大阪府大阪市北区天満１丁目１８番１９号アスペック天満橋７０１号室,2020-04-08,株式会社
株式会社カマクラ,愛媛県松山市南高井町１７５３番地１３,2020-04-08,株式会社
株式会社カムイクリエイト,兵庫県加古川市野口町長砂１２７番地の８,2020-04-08,株式会社
株式会社カレンインターナショナル,北海道札幌市東区北九条東２丁目３番１８－４０１号,2020-04-08,株式会社
株式会社ガイアメディカル,大阪府大阪市浪速区元町２丁目５番１６号,2020-04-08,株式会社
株式会社ガリ,北海道札幌市中央区南三条東３丁目８番地ラフィネタワー札幌南３条３００３号,2020-04-08,株式会社
株式会社キョーエイファニチャー,広島県福山市曙町３丁目１１番１８号,2020-04-08,株式会社
株式会社キングウェイ,大阪府大阪市北区梅田１丁目３番１－９００号,2020-04-08,株式会社
株式会社キングス,東京都江東区有明２丁目１番１－２４０２号,2020-04-08,株式会社
株式会社キートス,京都府京都市南区久世中久世町４丁目２番地５エスポアール大和２Ｂ,2020-04-08,株式会社
株式会社クラフタ,兵庫県神戸市東灘区御影中町８丁目１番３号－１階北,2020-04-08,株式会社
株式会社クリアライト,岡山県岡山市南区洲崎２丁目３番９－２号,2020-04-08,株式会社
株式会社クレバーラクーン,茨城県下妻市長塚２６４－２,2020-04-08,株式会社
株式会社クロス・デジタル・イノベーション,東京都千代田区永田町２丁目１４番３号東急不動産赤坂ビル１２階,2020-04-08,株式会社
株式会社グッドワンライズ,沖縄県うるま市石川１丁目４０番１号,2020-04-08,株式会社
株式会社ケーズエステート,北海道札幌市北区北三十条西７丁目２番２７号,2020-04-08,株式会社
株式会社コアバリュー,兵庫県神戸市垂水区塩屋北町１丁目１９番９－１号,2020-04-08,株式会社
株式会社コスモリアーク,広島県広島市東区光町１丁目６番１８号,2020-04-08,株式会社
株式会社コレク,東京都渋谷区桜丘町２３番１７号シティコート桜丘４０８,2020-04-08,株式会社
株式会社コンテックス,神奈川県大和市中央７丁目２番１４号,2020-04-08,株式会社
株式会社ゴーシア・トレーディング,福岡県久留米市上津町２２２８番地５２９,2020-04-08,株式会社
株式会社サウスシティー,東京都八王子市西片倉２丁目２番１号,2020-04-08,株式会社
株式会社サウンドポケット,大阪府大阪市旭区新森２丁目８番１７号,2020-04-08,株式会社
株式会社サキノ工業,兵庫県尼崎市若王寺３丁目２０－７,2020-04-08,株式会社
株式会社サクシード,大阪府堺市西区浜寺諏訪森町西３丁２２２番地１ユニハイム浜寺諏訪ノ森１０８号,2020-04-08,株式会社
株式会社サトー防水工業,北海道室蘭市白鳥台４丁目１５番５号,2020-04-08,株式会社
株式会社サンミライズ,北海道岩見沢市北村幌達布５１３８番地,2020-04-08,株式会社
株式会社サン・エレメント,大阪府富田林市中野町２丁目８番２１号,2020-04-08,株式会社
株式会社ザズランド,大阪府大阪市淀川区東三国５丁目２番８号,2020-04-08,株式会社
株式会社シェノン,新潟県新潟市秋葉区程島１１１１番地１,2020-04-08,株式会社
株式会社シティマネージャーズ,大阪府箕面市箕面６丁目７番２４号,2020-04-08,株式会社
株式会社シンセリティ,愛知県小牧市大字本庄２６１３番地５０７,2020-04-08,株式会社
株式会社シーユーシー・アイデータ,東京都中央区東日本橋１丁目１番７号,2020-04-08,株式会社
株式会社ジェネレイト,北海道広尾郡広尾町西一条４丁目４番地,2020-04-08,株式会社
株式会社ジェンズウエルネス,京都府京都市上京区烏丸通上長者町上る龍前町５９７番地４,2020-04-08,株式会社
株式会社ジッジキューゼ,東京都品川区大井３丁目１４番３号,2020-04-08,株式会社
株式会社ジャパン・メッドテック＆システムズ,兵庫県神戸市灘区篠原中町４丁目７番５号,2020-04-08,株式会社
株式会社ジョイフルオート,長崎県西彼杵郡時津町浜田郷１５４番地１,2020-04-08,株式会社
株式会社スズキメンテナンス,大阪府堺市中区土塔町２１０６番地１９,2020-04-08,株式会社
株式会社スターボ,愛知県名古屋市昭和区小坂町２丁目２番地の４,2020-04-08,株式会社
株式会社スピンドルツリー,埼玉県所沢市緑町２丁目１番９号,2020-04-08,株式会社
株式会社スリースター,京都府京都市東山区東大路通渋谷下る妙法院前側町４２２番地１,2020-04-08,株式会社
株式会社セライオＣＮＣ,青森県十和田市大字三本木字千歳森３３３番地１７,2020-04-08,株式会社
株式会社セルミュラー,東京都目黒区下目黒２丁目８－９グランエッグス目黒Ｅ－６,2020-04-08,株式会社
株式会社セレストリオン,茨城県鉾田市箕輪２４９６番地２,2020-04-08,株式会社
株式会社センジュ,京都府長岡京市馬場２丁目４番７号,2020-04-08,株式会社
株式会社ゼウスリード,東京都豊島区長崎２丁目８番１０号,2020-04-08,株式会社
株式会社ゼロコネクト,長野県松本市大字松原７３番地１３ファミーユ松原Ａ棟３０２,2020-04-08,株式会社
株式会社ソランドハウス,埼玉県入間郡三芳町大字北永井７９７番地５,2020-04-08,株式会社
株式会社ソリッド,青森県青森市古川１丁目９番１７号,2020-04-08,株式会社
株式会社タウンメンテナンス中央,埼玉県さいたま市中央区下落合６丁目１０番７号,2020-04-08,株式会社
株式会社タカギ,愛知県名古屋市東区泉１丁目７番３２号,2020-04-08,株式会社
株式会社タッチオブホープ,長野県東筑摩郡山形村６７９９番地２,2020-04-08,株式会社
株式会社タッチユアライフ,神奈川県川崎市宮前区有馬１丁目１－４－４０１,2020-04-08,株式会社
株式会社タビノネ,京都府京都市左京区田中東春菜町３０－３,2020-04-08,株式会社
株式会社ダイレクトコーポレーション,千葉県佐倉市南ユーカリが丘１番地１Ｔ－６０８号,2020-04-08,株式会社
株式会社テクセル,京都府京都市伏見区中島前山町６５番,2020-04-08,株式会社
株式会社テックワイ,北海道苫小牧市北栄町１丁目１１番１３号,2020-04-08,株式会社
株式会社テラハウス,埼玉県さいたま市見沼区深作３丁目３３番地１１,2020-04-08,株式会社
株式会社テレソリューション,北海道札幌市中央区南八条西５丁目２８９番地７２プラザ８５－５０３号,2020-04-08,株式会社
株式会社デライト,東京都港区浜松町２丁目２番１５号浜松町ダイヤビル２Ｆ,2020-04-08,株式会社
株式会社トライアングル,東京都中央区銀座６丁目５番１７号,2020-04-08,株式会社
株式会社トレンチタウン,広島県広島市南区翠２丁目２７番１５―６０１号,2020-04-08,株式会社
株式会社ドッツアンドラインズ,新潟県三条市帯織２３４２番地２,2020-04-08,株式会社
株式会社ナイン,東京都江戸川区南小岩７丁目２６番２１号ペガサス・ステーション・プラザ小岩１００４号,2020-04-08,株式会社
株式会社ニコニコ幸せ企画,埼玉県春日部市本田町２丁目５９番地４,2020-04-08,株式会社
株式会社ノーベル機械サービス,長野県佐久市臼田５４７番地１,2020-04-08,株式会社
株式会社ノールストーン,千葉県流山市向小金２丁目５６０番地の１,2020-04-08,株式会社
株式会社ハウジングワン,東京都北区豊島８丁目２７番１８号パークタワー王子リバーグレイス１８０６号,2020-04-08,株式会社
株式会社ハッピーライフ,千葉県館山市稲１９３番地１,2020-04-08,株式会社
株式会社ハルク,愛知県名古屋市東区橦木町１丁目１０番地,2020-04-08,株式会社
株式会社ハーン・クリエイト,大阪府大阪市北区西天満３丁目５－１０オフィスポート大阪４０４号,2020-04-08,株式会社
株式会社バンガロー,京都府京都市下京区四条通堀川東入柏屋町１５番地,2020-04-08,株式会社
株式会社パソナスマイル,兵庫県淡路市野島蟇浦９８５番地１,2020-04-08,株式会社
株式会社ヒロ鈴木技術士オフィス,茨城県ひたちなか市大字高場２０３５－１５,2020-04-08,株式会社
株式会社ビオバボ,東京都世田谷区駒沢４丁目１番２３号２Ｆ,2020-04-08,株式会社
株式会社ピース,東京都新宿区西新宿１丁目１８－１３近江ビル４Ｆ,2020-04-08,株式会社
株式会社フィネスト,大阪府大阪市北区堂山町１８番２号若杉東梅田ビル８Ｆ,2020-04-08,株式会社
株式会社フェイスジャパン,大阪府大阪市中央区南船場３丁目６番１８号,2020-04-08,株式会社
株式会社フォアクリエイト,兵庫県姫路市広畑区西蒲田８４１番地,2020-04-08,株式会社
株式会社フォルダー,福岡県福岡市南区大楠１丁目２４番１号,2020-04-08,株式会社
株式会社フォレストガンプ,大阪府大阪市北区西天満２丁目３番５号,2020-04-08,株式会社
株式会社フォワードプレス,北海道札幌市白石区本通３丁目北２番３号,2020-04-08,株式会社
株式会社フォーアール,愛知県安城市美園町１丁目６番１２号,2020-04-08,株式会社
株式会社フルックス東海,愛知県愛西市赤目町山之神７３番地,2020-04-08,株式会社
株式会社ブイクック,兵庫県神戸市中央区磯上通４丁目１－１４三宮スカイビル７Ｆ,2020-04-08,株式会社
株式会社ブラスト,東京都八王子市横川町９１８番地３０８,2020-04-08,株式会社
株式会社ブルーウッド,北海道登別市鷲別町３丁目２６番地１２,2020-04-08,株式会社
株式会社プラファクトリー,大阪府堺市西区築港新町４丁２番３号,2020-04-08,株式会社
株式会社プリンタブルマーケット,千葉県流山市おおたかの森西３丁目３番地の１,2020-04-08,株式会社
株式会社プロスペリティアシュアランス,大阪府大阪市中央区久太郎町１丁目９番１７号フクダ不動産堺筋本町ビル８０１号,2020-04-08,株式会社
株式会社プロティアン,東京都江東区東雲２丁目２番１４－６１４号,2020-04-08,株式会社
株式会社ヘアディテール,愛知県名古屋市千種区鏡池通３丁目２番地１,2020-04-08,株式会社
株式会社ベストプラン,北海道三笠市柏町４３９番地の２８,2020-04-08,株式会社
株式会社ベルファース,東京都中央区京橋１丁目１－５,2020-04-08,株式会社
株式会社ペイントクリーン,新潟県新潟市中央区姥ケ山４丁目１７番１３号,2020-04-08,株式会社
株式会社ホットスタッフ,東京都豊島区要町１丁目２７番１２号セレマーレⅢ池袋２０２号,2020-04-08,株式会社
株式会社ホロムア,千葉県流山市野々下３丁目８９６番地の２２,2020-04-08,株式会社
株式会社ホームプレイス,新潟県新潟市中央区関新２丁目１番７３号新潟ダイカンプラザ遊学館６０１,2020-04-08,株式会社
株式会社マウントヒット,沖縄県那覇市宇栄原１丁目１５番１号１階,2020-04-08,株式会社
株式会社マスターピース,大阪府大阪市福島区福島７丁目１７番９号大包ビル２階,2020-04-08,株式会社
株式会社マスヒロ,茨城県結城市大字結城９７９８番地３,2020-04-08,株式会社
株式会社マルハニチロ養殖技術開発センター,鹿児島県南さつま市坊津町久志字藤太ヶ浦８３７番地,2020-04-08,株式会社
株式会社マルヤ物産,埼玉県春日部市粕壁東１丁目５番１１号,2020-04-08,株式会社
株式会社ミヤモト,長崎県長崎市多以良町３１２番地２,2020-04-08,株式会社
株式会社ミライ不動産,茨城県牛久市栄町６丁目３５番地４,2020-04-08,株式会社
株式会社ミルバス,北海道日高郡新ひだか町静内末広町２丁目１２番２１号,2020-04-08,株式会社
株式会社メドフェア,東京都千代田区麹町６丁目４番６号－６０３,2020-04-08,株式会社
株式会社モリシタ設備,三重県桑名市外堀９７番地１,2020-04-08,株式会社
株式会社モリラク,北海道宗谷郡猿払村芦野１３１番地５５,2020-04-08,株式会社
株式会社ヤマモト,兵庫県姫路市東山１６１番地１,2020-04-08,株式会社
株式会社ヤマヤ,北海道留萌郡小平町字鬼鹿港町２５番地１２５,2020-04-08,株式会社
株式会社ヤーニング,東京都港区六本木４丁目１２番６号内田ビル２０５号,2020-04-08,株式会社
株式会社ヨロイ,秋田県横手市平鹿町上吉田字田ノ植１番地１,2020-04-08,株式会社
株式会社ライブフィールド秋田,秋田県由利本荘市水林３１７番地１,2020-04-08,株式会社
株式会社ラボスタ,兵庫県尼崎市次屋３丁目１６番１号,2020-04-08,株式会社
株式会社ラ・ヴィーチェ,茨城県つくば市梅園２丁目８番１７号,2020-04-08,株式会社
株式会社リカーショップ新城,沖縄県那覇市牧志３丁目１１番１４号,2020-04-08,株式会社
株式会社リテールマスター,千葉県市川市南八幡４丁目１５番１６号トップアイランドコーポ７０５号室,2020-04-08,株式会社
株式会社リバイタライズジャパン,京都府京丹後市弥栄町野中１６００番地,2020-04-08,株式会社
株式会社リビングＫＤＭ,大阪府寝屋川市太間町６番２１号,2020-04-08,株式会社
株式会社リンクス,埼玉県朝霞市浜崎１丁目７番２２号,2020-04-08,株式会社
株式会社リースリー,北海道苫小牧市のぞみ町２丁目２番５号,2020-04-08,株式会社
株式会社ルクア,大阪府高槻市上土室１丁目１０番２－９０５号,2020-04-08,株式会社
株式会社レイドマネージ,大阪府大阪市中央区瓦町３丁目３番１６号,2020-04-08,株式会社
株式会社ロマンス,大阪府大阪市中央区東心斎橋２丁目４番１１号丸喜会館Ｂ１Ｆ,2020-04-08,株式会社
株式会社ローカルデザイン,東京都港区虎ノ門１丁目１番２１号,2020-04-08,株式会社
株式会社ワイブロ,東京都港区浜松町２丁目２番１５号浜松町ダイヤビル２Ｆ,2020-04-08,株式会社
株式会社ワンネス,兵庫県尼崎市次屋２丁目１番４３号,2020-04-08,株式会社
株式会社ワーク建設工業,茨城県北茨城市中郷町松井１００３番地１１,2020-04-08,株式会社
株式会社ワールド,京都府京都市右京区西院安塚町７３番地,2020-04-08,株式会社
株式会社ワールドトラスト,京都府京都市右京区西院安塚町７３番地,2020-04-08,株式会社
株式会社ヴィクトリーＡＰＭ,東京都世田谷区松原５丁目５６番６－２０１号,2020-04-08,株式会社
株式会社一左,東京都大田区南久が原１丁目１３番３号,2020-04-08,株式会社
株式会社万大黒天,兵庫県朝来市和田山町和田８５８番地,2020-04-08,株式会社
株式会社上野芝お灸室,大阪府堺市西区上野芝町４丁１８番７号ＤＦＭビル３Ｆ,2020-04-08,株式会社
株式会社世界文化ライフケア,東京都千代田区九段北４丁目２番２９号,2020-04-08,株式会社
株式会社世界文化リテイリング,東京都千代田区九段北４丁目２番２９号,2020-04-08,株式会社
株式会社世界文化ワンダークリエイト,東京都千代田区九段北４丁目２番２９号,2020-04-08,株式会社
株式会社世界文化ワンダー販売,東京都千代田区九段北４丁目２番２９号,2020-04-08,株式会社
株式会社丸井自動車,東京都足立区千住関屋町８番６号,2020-04-08,株式会社
株式会社丸伊,長野県塩尻市大字広丘吉田２７６番地１７,2020-04-08,株式会社
株式会社丸恵,東京都品川区東大井４丁目１番１１－７０７号,2020-04-08,株式会社
株式会社久留米新聞販売,福岡県久留米市国分町１４３８番地２ファミーユシャンティ１０１号,2020-04-08,株式会社
株式会社佐保田設備,兵庫県姫路市香寺町田野４８番地１,2020-04-08,株式会社
株式会社倉吉外装,愛知県名古屋市中村区並木２丁目１９６番,2020-04-08,株式会社
株式会社健,愛知県江南市古知野町千丸１６７番地２,2020-04-08,株式会社
株式会社優でんき,沖縄県沖縄市越来３丁目１３番１６号,2020-04-08,株式会社
株式会社先代,埼玉県新座市本多１丁目１番１６号,2020-04-08,株式会社
株式会社八幸,新潟県三条市三貫地新田９６１番地３,2020-04-08,株式会社
株式会社利光春華,東京都豊島区千川１丁目３１番８号,2020-04-08,株式会社
株式会社前村商事,沖縄県浦添市字前田１２５３番地１階,2020-04-08,株式会社
株式会社創世,東京都目黒区柿の木坂３丁目１１番４－３０２号,2020-04-08,株式会社
株式会社創明学院,福岡県福岡市中央区赤坂１丁目１０番２２号,2020-04-08,株式会社
株式会社加藤組,京都府京都市右京区山ノ内御堂殿町４１番地,2020-04-08,株式会社
株式会社千手ホールディングス,神奈川県横浜市港北区新横浜２丁目２番地１５パレアナビル８０７,2020-04-08,株式会社
株式会社千葉塗装店,北海道帯広市西八条南２６丁目２０番地,2020-04-08,株式会社
株式会社南坊企画設計,東京都渋谷区渋谷２丁目２－１７,2020-04-08,株式会社
株式会社双石林業,福島県白河市双石新田２番地,2020-04-08,株式会社
株式会社古川測量,埼玉県所沢市大字久米１９７９番地の５,2020-04-08,株式会社
株式会社吉川工務店,埼玉県新座市片山３丁目１３番２８号,2020-04-08,株式会社
株式会社吉建,埼玉県加須市北小浜６００番地１,2020-04-08,株式会社
株式会社咲楽,京都府八幡市美濃山ヒル塚１００番地２,2020-04-08,株式会社
株式会社善ライフワーク,沖縄県石垣市字白保７９番地２,2020-04-08,株式会社
株式会社土家電気商会,奈良県香芝市下田西１丁目９番２８号,2020-04-08,株式会社
株式会社壺中天,埼玉県さいたま市浦和区北浦和３丁目１番１１－１１０３号,2020-04-08,株式会社
株式会社大久保板金,兵庫県姫路市上大野４丁目２番６号,2020-04-08,株式会社
株式会社大沼商事,神奈川県川崎市川崎区田島町１０番８号,2020-04-08,株式会社
株式会社大西電気空調,石川県能美市佐野町ノ１００番地１,2020-04-08,株式会社
株式会社大須せろり,愛知県名古屋市中区橘１丁目７番３６号,2020-04-08,株式会社
株式会社天口農園,山形県最上郡金山町大字上台１２７番地,2020-04-08,株式会社
株式会社天満屋農園,群馬県利根郡昭和村大字糸井２２９１番地,2020-04-08,株式会社
株式会社宝塚関,愛知県名古屋市中村区名駅４丁目６番２３号,2020-04-08,株式会社
株式会社宮崎塗装,神奈川県相模原市緑区川尻４１５５番地２,2020-04-08,株式会社
株式会社宮田工業,愛知県名古屋市中川区八剱町１丁目１番地,2020-04-08,株式会社
株式会社寛誠コーポレーション,大阪府大阪市中央区今橋２丁目２番１１号,2020-04-08,株式会社
株式会社寺徳,東京都江戸川区中葛西５丁目７番７号,2020-04-08,株式会社
株式会社小川工業,千葉県柏市南増尾２丁目５番４号,2020-04-08,株式会社
株式会社尼漁海事,兵庫県尼崎市丸島町２番地,2020-04-08,株式会社
株式会社山内会計トータルサービス,愛知県名古屋市中川区荒中町２５６番地１階,2020-04-08,株式会社
株式会社山勝,群馬県藤岡市藤岡６２６番地１４,2020-04-08,株式会社
株式会社山喜,千葉県船橋市三山４丁目３０番２３号,2020-04-08,株式会社
株式会社山﨑工業,北海道札幌市白石区北郷四条１３丁目８番１１号,2020-04-08,株式会社
株式会社川端,長野県下伊那郡阿智村伍和６６６４番地６,2020-04-08,株式会社
株式会社幸水,兵庫県神崎郡福崎町福崎新２８８番地３,2020-04-08,株式会社
株式会社幸陽プロジェクト,沖縄県宜野湾市志真志４丁目５番１－２０７号丸屋マンション,2020-04-08,株式会社
株式会社建匠舎,千葉県松戸市幸谷１２番地の２９,2020-04-08,株式会社
株式会社建工舎,京都府舞鶴市字引土５９番地,2020-04-08,株式会社
株式会社心屋,茨城県取手市戸頭６丁目２番６号,2020-04-08,株式会社
株式会社成成,千葉県流山市西初石３丁目１０１番２号ピュアレジデンス１０５号室,2020-04-08,株式会社
株式会社手遊び小町,愛知県名古屋市守山区太田井６番４５号,2020-04-08,株式会社
株式会社新翔,沖縄県沖縄市古謝３丁目２１番１５号Ｋ－ＨＯＵＳＥ１－Ａ,2020-04-08,株式会社
株式会社新谷建築板金,大阪府泉佐野市下瓦屋２丁目４番３３号,2020-04-08,株式会社
株式会社昇華,千葉県船橋市本町６丁目９番６号ラプラビ２０２号室,2020-04-08,株式会社
株式会社明和,千葉県船橋市みやぎ台３丁目４番２４号,2020-04-08,株式会社
株式会社春秋珈房,兵庫県神戸市兵庫区三川口町２丁目５番５号,2020-04-08,株式会社
株式会社昭栄,東京都青梅市木野下１丁目４５３番地グリーンベル１０１,2020-04-08,株式会社
株式会社有村工建,兵庫県尼崎市善法寺町９番１１号,2020-04-08,株式会社
株式会社本丸鋼業,神奈川県藤沢市大鋸３丁目９番１３号,2020-04-08,株式会社
株式会社東六鳶纏工業,青森県弘前市大字堅田３丁目８番地３,2020-04-08,株式会社
株式会社東建,千葉県木更津市椿６０３番地,2020-04-08,株式会社
株式会社東輝テクニカ,神奈川県横浜市金沢区福浦２丁目１３番地１１,2020-04-08,株式会社
株式会社柳原建築,埼玉県熊谷市久保島１１９番地１,2020-04-08,株式会社
株式会社栄養研,北海道札幌市北区北二十九条西４丁目２番１－２０３号,2020-04-08,株式会社
株式会社桜電機,兵庫県神戸市垂水区松風台１丁目６番１９号,2020-04-08,株式会社
株式会社森岡,奈良県奈良市北之庄西町２丁目２番地の２,2020-04-08,株式会社
株式会社楽犬ペット,大阪府堺市北区野遠町１０８番地３９,2020-04-08,株式会社
株式会社橋本不動産,神奈川県横浜市西区平沼１丁目１番１３－１０２号,2020-04-08,株式会社
株式会社水都,京都府京都市右京区西京極佃田町２０番地３,2020-04-08,株式会社
株式会社涼風,東京都江戸川区北小岩４丁目２６番２号,2020-04-08,株式会社
株式会社清名,兵庫県宍粟市山崎町中比地５４７番地,2020-04-08,株式会社
株式会社清本熔工所,大阪府南河内郡太子町大字山田８２３番地の８７,2020-04-08,株式会社
株式会社清翔,京都府綴喜郡宇治田原町大字郷之口小字池ノ首６６番地の１１,2020-04-08,株式会社
株式会社清野モータース,山形県西置賜郡白鷹町大字荒砥甲６９６番地２,2020-04-08,株式会社
株式会社渡辺石材彫刻,埼玉県久喜市吉羽５丁目７番地３Ａ－２０１,2020-04-08,株式会社
株式会社瀧組,北海道千歳市勇舞６丁目６番６号,2020-04-08,株式会社
株式会社琉球グローバルマネージメント,沖縄県沖縄市胡屋１丁目３番２号１Ｆ,2020-04-08,株式会社
株式会社琉球海工,沖縄県名護市宮里５丁目８番５号,2020-04-08,株式会社
株式会社皆吉,山梨県甲州市勝沼町等々力１３７２番地,2020-04-08,株式会社
株式会社知裕組,山形県鶴岡市布目字宮田１０２番地２５,2020-04-08,株式会社
株式会社祝蘭,兵庫県尼崎市南武庫之荘２丁目９番１１号,2020-04-08,株式会社
株式会社神田工業,長崎県佐世保市吉井町前岳４８番地１,2020-04-08,株式会社
株式会社第１企画,東京都品川区大井１丁目２１番１２－６０１号,2020-04-08,株式会社
株式会社第３企画,東京都品川区大井１丁目２１番１２－６０１号,2020-04-08,株式会社
株式会社純隆,鹿児島県鹿屋市川西町４６６９番地５,2020-04-08,株式会社
株式会社緑園,千葉県千葉市緑区平山町４７６番地１,2020-04-08,株式会社
株式会社舩屋,広島県広島市佐伯区五日市中央３丁目１６番１９号,2020-04-08,株式会社
株式会社良鉄筋工業,沖縄県那覇市泊１丁目２２番地１６藤ビル１階,2020-04-08,株式会社
株式会社花まり,秋田県能代市字昇平岱２２番地３４,2020-04-08,株式会社
株式会社花楽ジャパン,東京都大田区田園調布１丁目２４番６号,2020-04-08,株式会社
株式会社荒井塗装,茨城県日立市田尻町７丁目５番１０号,2020-04-08,株式会社
株式会社蓑田松浦商店,東京都江東区東雲１丁目１０番１４－５２０号,2020-04-08,株式会社
株式会社藤インターテクニカル,東京都新宿区市谷八幡町９番地,2020-04-08,株式会社
株式会社藤原,東京都世田谷区深沢７丁目２番１４号,2020-04-08,株式会社
株式会社親和,東京都品川区大井７丁目２７番４－４０１号,2020-04-08,株式会社
株式会社誠工房,京都府京都市西京区樫原庭井１０番地１５,2020-04-08,株式会社
株式会社還元,栃木県宇都宮市問屋町３１７２番地１７,2020-04-08,株式会社
株式会社都会育児研究所,兵庫県神戸市灘区稗原町１丁目４番５号,2020-04-08,株式会社
株式会社野中,福井県鯖江市三六町２丁目１番３号,2020-04-08,株式会社
株式会社鎌倉住設,愛媛県松山市南高井町１７５３番地１３,2020-04-08,株式会社
株式会社雄建コーポレーション,埼玉県川口市桜町５丁目５番１０号,2020-04-08,株式会社
株式会社雅,大阪府枚方市印田町３８番１０号,2020-04-08,株式会社
株式会社雅・創造クリエイティブ,熊本県熊本市西区上熊本３丁目２３番１８－２０２号,2020-04-08,株式会社
株式会社駿遠電気工業,静岡県磐田市東原５０番地１,2020-04-08,株式会社
株式会社高野建設,神奈川県横浜市旭区万騎が原１３１番地２２,2020-04-08,株式会社
株式会社鷹巣左官工業,秋田県北秋田市鷹巣字西大柳岱１２番地１３,2020-04-08,株式会社
株式会社８０１,千葉県市川市南行徳１丁目１５番１号サンハイツ渡辺１階,2020-04-08,株式会社
株式会社ＡＢＣナレッジアカデミー,大阪府大阪市東淀川区上新庄３丁目１１番６－６０２号,2020-04-08,株式会社
株式会社ＡＣＣＩＳ,北海道札幌市北区北七条西６丁目２番地３４,2020-04-08,株式会社
株式会社ＡＣＥ,東京都三鷹市下連雀３丁目１２番５号ライオンズマンション三鷹さくら通り４０４号室,2020-04-08,株式会社
株式会社ＡＣＥ,東京都港区赤坂４丁目１４番１４号,2020-04-08,株式会社
株式会社ＡＤワークスグループ,東京都千代田区内幸町２丁目２番３号,2020-04-08,株式会社
株式会社ＡＥＴ　ＩＮＴＥＲＮＡＴＩＯＮＡＬ,神奈川県横浜市港北区篠原町２５７２番地１バームハイツ新横浜１－１０１,2020-04-08,株式会社
株式会社ＡＧＥスタジオ,埼玉県さいたま市緑区東浦和５丁目２７番地１２,2020-04-08,株式会社
株式会社ＡＩサポート,三重県いなべ市員弁町西方３７４番地１,2020-04-08,株式会社
株式会社ＡＮＣＨＯＲ,兵庫県神戸市中央区旭通４丁目１番３－２８０７号,2020-04-08,株式会社
株式会社Ａｉｓｅｔｔ,東京都新宿区大久保１丁目１２番４号,2020-04-08,株式会社
株式会社Ａｎｄ　Ｍ　Ｆａｍｉｌｉｅ,兵庫県神戸市西区池上１丁目２番１６号ブリュンヒルト１１２号室,2020-04-08,株式会社
株式会社Ｂ，ＧＲＡＳＴ,千葉県市原市姉崎３６３番地の２,2020-04-08,株式会社
株式会社Ｂ－ｇｒｏｗｔｈ,兵庫県尼崎市南七松町２丁目６番１４号,2020-04-08,株式会社
株式会社ＢＡＳＥ,兵庫県神戸市須磨区多井畑南町６番地の３４,2020-04-08,株式会社
株式会社ＢＳＷ,静岡県富士市中野２７１番地１３,2020-04-08,株式会社
株式会社Ｂｅ－Ａ　Ｊａｐａｎ,東京都渋谷区神宮前５丁目１番７号,2020-04-08,株式会社
株式会社Ｂｅｇｉｎ,東京都千代田区九段北４丁目２番２９号,2020-04-08,株式会社
株式会社Ｂｅｎｅｓｔ,大阪府大阪市中央区平野町２丁目５－８平野町センチュリービル２Ｆ,2020-04-08,株式会社
株式会社Ｂｉｇ‐Ｆｌａｔ,神奈川県横浜市鶴見区栄町通２丁目１１番地６,2020-04-08,株式会社
株式会社Ｂｏａｒ,北海道札幌市中央区南一条西５丁目１６,2020-04-08,株式会社
株式会社Ｂｏｎｄ　Ｇｒｏｗｔｈ,愛知県名古屋市中区錦１丁目２０番２５号広小路ＹＭＤビル３Ｆ,2020-04-08,株式会社
株式会社ＣＳｖｉｓｉｏｎコンサルティング,大阪府大阪市淀川区西宮原１丁目８番２４号新大阪第３ドイビル,2020-04-08,株式会社
株式会社Ｃｏｍｉｎｋａ,大阪府大阪市中央区谷町３丁目６番４号大拓ビル２０,2020-04-08,株式会社
株式会社Ｃｏｎｆｉｄｅｎｃｅ　Ｉｎｔｅｒｎａｔｉｏｎａｌ,東京都江戸川区上篠崎３丁目７－２パルクヴェール３０８,2020-04-08,株式会社
株式会社ＤＡＴＡ　ＨＯＳＰＩＴＡＬ,新潟県長岡市千秋１丁目１１０番地エクセランコート千秋２１２号室,2020-04-08,株式会社
株式会社ＤＬＧ,大阪府大阪市西区北堀江１丁目６番５号,2020-04-08,株式会社
株式会社Ｄｉｖｅｒｓｅ　Ｌｉｆｅ,山形県鶴岡市道田町５番４号,2020-04-08,株式会社
株式会社Ｄｐｌａｎ,大阪府大阪市西区土佐堀２丁目３番１２－９０１号,2020-04-08,株式会社
株式会社Ｅ２サービス,千葉県八街市上砂３２８番地２,2020-04-08,株式会社
株式会社ＥＤＬＩＮＤ,神奈川県横浜市港北区新羽町３９４３番９号,2020-04-08,株式会社
株式会社ＥＮＧＡＧＥ　ＲＲ,東京都渋谷区富ヶ谷１丁目１４番１４号４階,2020-04-08,株式会社
株式会社ＥＱＵＡＬ,千葉県船橋市市場１丁目８番１号,2020-04-08,株式会社
株式会社ＥＵ　ＺＥＮ,東京都町田市金森東２丁目１１番２８号カーサフェリーチェ１０２,2020-04-08,株式会社
株式会社ＥＸＴＲＡＶＡＧＡＮＺＡ,東京都新宿区西新宿７丁目７番１９－１７０９号,2020-04-08,株式会社
株式会社ＦＡソリューションズ,大阪府大阪市中央区北浜１丁目１番１４号北浜一丁目平和ビル９階Ａ－２号室,2020-04-08,株式会社
株式会社ＦＡＲ,大阪府大阪市北区豊崎３丁目１５－５ＴＫビル２Ｆ,2020-04-08,株式会社
株式会社ＦＡＳＴ,埼玉県東松山市松山町２丁目７番２９号,2020-04-08,株式会社
株式会社ＦＥＴＩＡ,熊本県熊本市北区清水亀井町１０番２０号,2020-04-08,株式会社
株式会社ＦＩＥＬＤ,福岡県福岡市西区西都２丁目１０番２５号,2020-04-08,株式会社
株式会社ＦＬＥＸ,愛知県知多市岡田字西違脇２６番地の３,2020-04-08,株式会社
株式会社ＦＯＲ　ＹＯＵ,熊本県熊本市中央区神水本町７番５７号,2020-04-08,株式会社
株式会社ＦＵＫＵＲＡ,東京都千代田区岩本町１丁目２番１６－３０１号,2020-04-08,株式会社
株式会社Ｆｅｙｎｍａ　Ｔｅｃｈｎｏｌｏｇｙ,愛知県名古屋市中村区名駅４丁目１７番地３号メイヨンビル２階,2020-04-08,株式会社
株式会社Ｆｉｋａ,千葉県松戸市小金原９丁目５番地の１３,2020-04-08,株式会社
株式会社Ｆｏｒｅｓｔ,沖縄県那覇市上間１丁目１１番５０号,2020-04-08,株式会社
株式会社ＦｕｎｎｙＤｒａｍａ,大阪府堺市堺区竜神橋町１丁６番１号巽ビル３階,2020-04-08,株式会社
株式会社ＧＡＮＧ　ＵＰ,大阪府大阪市城東区中央１丁目１３番６－１１０３号,2020-04-08,株式会社
株式会社ＧＬ　ＴＯＫＹＯ,東京都渋谷区神宮前５丁目４９番７号丸岡ビル４階,2020-04-08,株式会社
株式会社ＧＯＬＤ,東京都港区赤坂３丁目１１番１４号赤坂ベルゴ１００３号室,2020-04-08,株式会社
株式会社Ｇｌｅａｍ　Ｃｒｅａｔｉｏｎ,東京都渋谷区東１丁目３番９号ＢＩＴ渋谷常盤松５０３,2020-04-08,株式会社
株式会社Ｇｚ,大阪府大阪市中央区本町４丁目２番１２号東芝大阪ビル８Ｆ,2020-04-08,株式会社
株式会社ＨＡＣＫ　ＩＴ,東京都渋谷区本町２丁目３３番２号,2020-04-08,株式会社
株式会社ＨＡＰＰＹ,新潟県新潟市中央区米山６丁目１１番２２号ロイヤルマンション２１１,2020-04-08,株式会社
株式会社ＨＡＲＵＭＡＴＳＵ貿易商社,東京都台東区根岸３丁目１２－２３コンフォール根岸１０６,2020-04-08,株式会社
株式会社ＨＥＩＮＡ　Ｃｏｍｐａｎｙ,東京都練馬区桜台２丁目２３番１６号,2020-04-08,株式会社
株式会社ＨＥＬＴＥＱ,北海道札幌市北区北四十条西４丁目２番７号札幌Ｎ４０ビル６Ｆ,2020-04-08,株式会社
株式会社ＨＯＰＥ,兵庫県佐用郡佐用町平福７０７番地１,2020-04-08,株式会社
株式会社Ｈａｌｕ,京都府京都市北区衣笠総門町４番地４,2020-04-08,株式会社
株式会社ＩＥＭＯＮ．ＴＶ,大阪府大阪市北区豊崎３丁目１５番５号,2020-04-08,株式会社
株式会社ＩＮＮＯＶＩＣＥ,愛知県名古屋市千種区星が丘山手９１１番地サンホシガオカ４Ｆ,2020-04-08,株式会社
株式会社ＩＺＵシステム,愛知県名古屋市昭和区福江２丁目９番３３号,2020-04-08,株式会社
株式会社Ｉｎｔｅｒｅｓｔｉｎｇ　Ｉｎｎｏｖａｔｉｏｎ　Ｃｏｎｓｕｌｔａｎｔ,山梨県甲府市丸の内２丁目２９番５号たちばな屋ビル１Ｆ,2020-04-08,株式会社
株式会社Ｊ－ＢＬＯＯＤ,福岡県福岡市博多区金の隈１丁目４番１８－４０３号フローラ空港南,2020-04-08,株式会社
株式会社ＪＡＭ　ＣＬＯＴＨＩＮＧ,東京都町田市原町田４丁目９番１６号町田第一ビル２階,2020-04-08,株式会社
株式会社ＪＴＧ,愛知県名古屋市東区徳川１丁目６０７番地,2020-04-08,株式会社
株式会社ＫＥＩＳＨＩＮ,兵庫県姫路市国府寺町１８ＨａＴＢＬＤ２Ｆ,2020-04-08,株式会社
株式会社ＫＯＢＡＹＡＳＨＩ,長野県伊那市野底８２６８番地７１,2020-04-08,株式会社
株式会社ＫＹＯＺＵＫＥ,京都府亀岡市馬路町堂ノ西１番地３,2020-04-08,株式会社
株式会社ＫｎｏｃｋＲａｐ,北海道帯広市大通南７丁目２番１号クリエイト大通七丁目ビル２Ｆ２号,2020-04-08,株式会社
株式会社ＬＡＫＳＨＭＩ,熊本県熊本市中央区下通１丁目１２番２７号ＣＯＲＥ２１下通ビル５Ｆ,2020-04-08,株式会社
株式会社ＬＡＸＵＳ,京都府京都市南区久世高田町３７０－２－１２０８,2020-04-08,株式会社
株式会社ＬＩＦＥ　ＯＡＫ,東京都千代田区神田練塀町３富士ソフト秋葉原ビル１２Ｆ,2020-04-08,株式会社
株式会社ＬＩＦＥ　Ｘ,東京都文京区千石１丁目２４番１０号,2020-04-08,株式会社
株式会社ＬＩＮＫ　ＭＡＲＫＥＴＩＮＧ,東京都新宿区富久町１５番１－４２２０号,2020-04-08,株式会社
株式会社Ｌａｎｄ　Ｗｅｌｌ,神奈川県横浜市磯子区中浜町１４番５号,2020-04-08,株式会社
株式会社Ｌａｕｇｈ　Ｌｉｎｅ,東京都江戸川区一之江２丁目２５番１７号２Ｆ,2020-04-08,株式会社
株式会社Ｌｅａｓｉｏｎ,大阪府大阪市中央区本町橋６番１９号,2020-04-08,株式会社
株式会社Ｌｏｈｂ,福岡県久留米市荘島町４８１番地２,2020-04-08,株式会社
株式会社Ｍ’ｓホーム,東京都中央区新富１丁目１０番２－８０３号,2020-04-08,株式会社
株式会社Ｍ’ｚ　Ｆａｃｔｏｒｙ,千葉県千葉市花見川区千種町３４６番地９,2020-04-08,株式会社
株式会社Ｍ．コーポレーション,東京都練馬区富士見台３丁目６１番４号,2020-04-08,株式会社
株式会社ＭＡＣＨＢＡＲ,東京都港区高輪３丁目１１番８号,2020-04-08,株式会社
株式会社ＭＡＲＳ　ＢＲＯＴＨＥＲＳ,東京都港区南青山４丁目１６番１１号アールスクエア南青山２０５号室,2020-04-08,株式会社
株式会社ＭＥリゾート播磨,兵庫県神崎郡神河町上小田８８１番地１４６,2020-04-08,株式会社
株式会社ＭＩＸ　ＣＡＲＳ,兵庫県加古川市加古川町北在家２２３２番地,2020-04-08,株式会社
株式会社Ｎツール,大阪府大阪市東成区玉津２丁目１１番１１号,2020-04-08,株式会社
株式会社Ｎファクトリー,兵庫県西脇市黒田庄町津万井２５３番地,2020-04-08,株式会社
株式会社Ｎ・Ｋ貿易物流倉庫,大阪府泉大津市東助松町４丁目２番２１号,2020-04-08,株式会社
株式会社Ｎ．,東京都板橋区前野町３丁目４７－２－１Ｆ,2020-04-08,株式会社
株式会社Ｎ．ｔｅｘｔｉｌｅ,京都府京都市中京区三条通烏丸西入御倉町６６番地３,2020-04-08,株式会社
株式会社ＮＡＧＡＯ,山口県岩国市周東町上久原２４２２番地２,2020-04-08,株式会社
株式会社ＮＥＸＴ,東京都新宿区西新宿３丁目９番７号,2020-04-08,株式会社
株式会社ＮＥＸＴ,大阪府岸和田市西之内町３０番８号,2020-04-08,株式会社
株式会社ＮＩＰ,埼玉県越谷市千間台東１丁目７番地１３,2020-04-08,株式会社
株式会社ＮＩＳ,東京都三鷹市中原４丁目３４番１８号,2020-04-08,株式会社
株式会社ＮＯＺ,大阪府大阪市住吉区我孫子東２丁目７番２８－１０１,2020-04-08,株式会社
株式会社Ｎｄ２・Ｃｏｎｎｅｃｔ,神奈川県横浜市港北区日吉本町３丁目２１番２７－３０３号,2020-04-08,株式会社
株式会社Ｎｅｘｔ－Ｊ,神奈川県横浜市神奈川区台町９－１３,2020-04-08,株式会社
株式会社Ｎｉｃｅ　ｔｏ　ｍｅｅｔ,東京都板橋区前野町３丁目４７－２－１Ｆ,2020-04-08,株式会社
株式会社Ｎｉｍｂｌｅ　Ｗｏｒｋｓ,神奈川県川崎市川崎区駅前本町１１番地２川崎フロンティアビル４階,2020-04-08,株式会社
株式会社ＯＡＳＹＳ,栃木県小山市大字大行寺１０６６番地１,2020-04-08,株式会社
株式会社ＯＣＥＡＮ,山梨県甲府市北口１丁目２－１５甲府レジデンス６０４,2020-04-08,株式会社
株式会社ＯＥＣ,沖縄県那覇市牧志３丁目６番１０号,2020-04-08,株式会社
株式会社ＯＪＢ大阪商事,大阪府大阪市中央区島之内２丁目９番１１－６０５号,2020-04-08,株式会社
株式会社ＯＫＡＳＨＩＲＡ,埼玉県春日部市立野７２４番地１,2020-04-08,株式会社
株式会社Ｏｌｅｌｏ,神奈川県大和市中央４丁目４番２６－７０２号,2020-04-08,株式会社
株式会社Ｏｎｅ　ｔｅａｍ,大阪府大阪市大正区千島２丁目４番２－６０２号,2020-04-08,株式会社
株式会社ＯｎｅＧｒｅｅｎ,東京都中央区銀座１丁目２２番１１号銀座大竹ビジデンス２Ｆ,2020-04-08,株式会社
株式会社Ｐ・Ｔ・Ｓ,愛知県名古屋市港区小碓４丁目１５番地,2020-04-08,株式会社
株式会社Ｐ＆Ｍコミュニケイションズ,京都府京都市南区久世中久世町３丁目６５番地ダイナソアール６０１,2020-04-08,株式会社
株式会社ＰＣテック,愛知県一宮市松降通７丁目３１番地,2020-04-08,株式会社
株式会社ＰＩＴＳ－ｉｎｇ,京都府京都市上京区室町通今出川下る北小路室町４１３番地２Ｆ,2020-04-08,株式会社
株式会社ＰＲＭ,三重県四日市市日永東３丁目８番３０号,2020-04-08,株式会社
株式会社Ｐａｌｅ　Ｂｌｕｅ,千葉県柏市柏の葉５丁目４－６東葛テクノプラザ６１０号室,2020-04-08,株式会社
株式会社Ｐｉｉｃ,東京都品川区東五反田２丁目３番５号,2020-04-08,株式会社
株式会社Ｐｓエージェント,東京都中央区東日本橋２丁目１８番６号,2020-04-08,株式会社
株式会社Ｒエージェント,東京都千代田区神田佐久間町１丁目１９番地山中ビル４Ｆ,2020-04-08,株式会社
株式会社Ｒ．Ｅ．Ｍリアルエステイトマネージメント,大阪府大阪市西区立売堀５丁目７番９－９０１号,2020-04-08,株式会社
株式会社ＲＣ,埼玉県比企郡嵐山町大字志賀２６３番地１５１,2020-04-08,株式会社
株式会社ＲＯＮＭＥ,神奈川県横浜市中区常盤町２丁目１１番地,2020-04-08,株式会社
株式会社Ｒｅ’Ｌｉｅｎ,大阪府堺市堺区中向陽町２丁１番１２号,2020-04-08,株式会社
株式会社Ｒｉｂｅｒｅｒｓ,大阪府堺市堺区神明町西１丁１番３０－３０２号,2020-04-08,株式会社
株式会社Ｒｉｅｌ,大阪府大阪市都島区東野田町２丁目３番２０号大京西ビル４階,2020-04-08,株式会社
株式会社Ｒｉｓｅ　Ｍｏｕｎｔａｉｎ,千葉県松戸市松飛台５３番地の４,2020-04-08,株式会社
株式会社ＲｙｕｋｙｕＷｉｎｄ,沖縄県中頭郡読谷村字長浜１３８２番地１,2020-04-08,株式会社
株式会社Ｓ＆Ｋバイオファーマ,神奈川県川崎市高津区坂戸３丁目２番１号,2020-04-08,株式会社
株式会社Ｓ－ＤＥＮ,兵庫県姫路市広畑区蒲田２丁目６６番地３,2020-04-08,株式会社
株式会社Ｓ．Ｈ．Ｉバイオ,京都府相楽郡精華町光台１丁目７番地けいはんなプラザ,2020-04-08,株式会社
株式会社Ｓ．Ｐ．Ｄ．ミュージック,東京都新宿区富久町１１番地５シャトレ市ヶ谷１０４,2020-04-08,株式会社
株式会社ＳＢホーム,神奈川県横須賀市ハイランド５丁目２番７号,2020-04-08,株式会社
株式会社ＳＣＳ,山形県酒田市泉町７番２号,2020-04-08,株式会社
株式会社ＳＧＳ,奈良県奈良市帝塚山６丁目１番７－１号,2020-04-08,株式会社
株式会社ＳＨＩＮ,愛知県名古屋市中川区服部１丁目１３０３番地の１,2020-04-08,株式会社
株式会社ＳＫ設備,神奈川県横浜市泉区新橋町８６１番地,2020-04-08,株式会社
株式会社ＳＫＣ,東京都町田市高ヶ坂４丁目１２番２０号,2020-04-08,株式会社
株式会社ＳＫＹ,大阪府大阪市中央区淡路町１丁目３番７号,2020-04-08,株式会社
株式会社ＳＫＹＶＩＬＬＡＧＥ,東京都大田区南馬込４丁目２１番１６－１０２号,2020-04-08,株式会社
株式会社ＳＯＮＯＲＩＴＥ,兵庫県西宮市豊楽町７－２４－６１７,2020-04-08,株式会社
株式会社ＳＰパートナーズ,北海道小樽市築港８番４号ＳＹビル２階,2020-04-08,株式会社
株式会社ＳＰＯＲＴＹ,石川県野々市市堀内４丁目７０番地,2020-04-08,株式会社
株式会社ＳＴＡＲＫ,福井県福井市和田中町１０５字３６番地１の２,2020-04-08,株式会社
株式会社ＳＴＯＣＫ,兵庫県神戸市中央区旭通４丁目１番３－２８０７号,2020-04-08,株式会社
株式会社ＳＴＯＲＹ,大阪府大阪市浪速区湊町２丁目２番５－２３２１号,2020-04-08,株式会社
株式会社ＳＵＤ進学塾,沖縄県沖縄市南桃原１丁目７番２号１階,2020-04-08,株式会社
株式会社ＳＹＯコーポレーション,大阪府豊中市利倉東２丁目１７番１３号ＳＳＧＰ・ＴＯＹＯＮＡＫＡ２０１号室,2020-04-08,株式会社
株式会社Ｓａｌｏｎ　ｄｅ　ＣＨＡＫＯＮ,埼玉県吉川市大字平沼８８番地３,2020-04-08,株式会社
株式会社ＳａｎＺｏｏ,東京都品川区大井４丁目２９番１８号,2020-04-08,株式会社
株式会社Ｓｍｉｌｅ,京都府京都市西京区山田南山田町８番地１メゾンドヤマダⅠ１０３,2020-04-08,株式会社
株式会社Ｓｔｅｐ　ｕｐ　Ｆａｒｍ仁,北海道苫前郡羽幌町字築別１７９４番地の１,2020-04-08,株式会社
株式会社Ｓｕｉｋａｋａ,新潟県新潟市中央区西堀通６番町８７６番地千歳ビル３Ｂ,2020-04-08,株式会社
株式会社Ｔ－ＷＯＲＬＤ,滋賀県草津市南笠東２丁目７番１２号,2020-04-08,株式会社
株式会社Ｔ．Ｋサポート,北海道石狩郡当別町若葉１７９８番地１３,2020-04-08,株式会社
株式会社Ｔ．Ｐ．Ｅ．Ａ　ＦＬＡＰ,埼玉県川口市大字西立野９３１番地の３,2020-04-08,株式会社
株式会社ＴＫ通信,大阪府堺市北区中村町４１３,2020-04-08,株式会社
株式会社ＴＲＩＰ　ＪＡＰＡＮ,福岡県福岡市中央区天神１丁目１－１アクロス福岡１階,2020-04-08,株式会社
株式会社ＴＲＹ,千葉県東金市台方４４９－８,2020-04-08,株式会社
株式会社ＴＳプランニング,大阪府大阪市福島区海老江１丁目１１番１－１２０６号,2020-04-08,株式会社
株式会社ＴＳＵＮＯＤＡ,神奈川県横浜市神奈川区羽沢南３丁目３４番５号,2020-04-08,株式会社
株式会社Ｔｈｒｅａｄ．,大阪府大阪市旭区太子橋２丁目８番３１号,2020-04-08,株式会社
株式会社Ｔｒｕｍｅ,愛知県名古屋市瑞穂区大喜新町４丁目２４番１号アストリー大喜１Ｆ,2020-04-08,株式会社
株式会社Ｔｒｕｓｔ　Ｓ,埼玉県川口市並木４丁目２０番１号,2020-04-08,株式会社
株式会社Ｔｒｙ‐Ａｎｇｌｅ,愛知県豊橋市往完町字往還東５８番地の５クラウンプラザ往完２‐Ｇ,2020-04-08,株式会社
株式会社Ｕ－ＲＩＭＳ関西,大阪府大阪市中央区東高麗橋５番３号,2020-04-08,株式会社
株式会社ＵＭＡ,東京都港区新橋３丁目４番５号新橋フロンティアビルディング,2020-04-08,株式会社
株式会社ＵＭＩＭＯＴＯ,京都府京都市南区東九条明田町５番地５,2020-04-08,株式会社
株式会社ＵＳホーム,京都府京都市西京区樫原塚ノ本町１番地５,2020-04-08,株式会社
株式会社Ｕｎｉ　Ｔａｇ,東京都中央区日本橋本町４丁目１１番２号,2020-04-08,株式会社
株式会社Ｖファクトリー,埼玉県比企郡川島町大字釘無２３６番地１,2020-04-08,株式会社
株式会社ＶＢＬ,東京都港区北青山２丁目７番１３号プラセオ青山ビル３Ｆ,2020-04-08,株式会社
株式会社ＶＩＲＧＯ,広島県福山市今町４番１１－９０３号,2020-04-08,株式会社
株式会社Ｖｅｇｅ　ｇｒｅｅｎタケウチ,群馬県太田市新野町１３００番地,2020-04-08,株式会社
株式会社ＷＨＩＴＥ　ＳＥＥＤＳ,兵庫県神戸市中央区多聞通４丁目１番１５－１１１号,2020-04-08,株式会社
株式会社ＷＩＬＬ,福岡県福岡市西区今宿１丁目２４番７号,2020-04-08,株式会社
株式会社Ｗｅ＆Ｅ,東京都港区麻布十番２丁目２０番７号,2020-04-08,株式会社
株式会社Ｗｉｔｈ　Ｗａｔｃｈ,東京都港区南麻布２丁目９番１５－５０３号,2020-04-08,株式会社
株式会社Ｙ－ｃｏｎｎｅｃｔ,兵庫県加古川市野口町長砂１２７０番地の２,2020-04-08,株式会社
株式会社Ｚ－ｃｏｍｐａｎｙ,福井県三方郡美浜町太田第１０号６番地,2020-04-08,株式会社
株式会社ＺＡＮＧＩＲｉ,東京都新宿区西新宿７丁目１０番１９号西新宿ビル３０２号室,2020-04-08,株式会社
株式会社Ｚｅｒｏ　Ｍｉｎｄ,京都府京都市左京区吉田河原町１４番地エル・パークスクエア京都鴨川６２４号室,2020-04-08,株式会社
株式会社ａｍｂｉｔｉｏｎ,新潟県新潟市東区東中島３丁目５番１０号,2020-04-08,株式会社
株式会社ａｒｔｉｓｔａ,千葉県流山市南流山４丁目２番地の１４プラザハイツ１０１号,2020-04-08,株式会社
株式会社ｃｈａｕｓｓｅｅ,千葉県船橋市前原西７丁目１６番２０号,2020-04-08,株式会社
株式会社ｄｅ・ｂａｎ,埼玉県児玉郡上里町大字金久保５５６番地５,2020-04-08,株式会社
株式会社ｅｃｏハウスサポート,大阪府枚方市藤阪西町２番６号,2020-04-08,株式会社
株式会社ｅｌｌａ,東京都中央区京橋１丁目１番５号セントラルビル２Ｆ,2020-04-08,株式会社
株式会社ｅｎｋａｋｕ,神奈川県藤沢市下土棚３５３番地の１０,2020-04-08,株式会社
株式会社ｈ・ｐ・ｃ,沖縄県中頭郡北谷町美浜３丁目４番地５,2020-04-08,株式会社
株式会社ｉ,岐阜県岐阜市柳森町１丁目５５番地３,2020-04-08,株式会社
株式会社ｉＦＬＥＸ,東京都台東区雷門２丁目１８番６－１００２号,2020-04-08,株式会社
株式会社ｋ－ｅｌｅｋ,三重県伊賀市阿山ハイツ１４１６番地の１６,2020-04-08,株式会社
株式会社ｋｅｄ,兵庫県神戸市北区松が枝町３丁目１３番地の１,2020-04-08,株式会社
株式会社ｐｈｙｓｉｘｘ,東京都千代田区岩本町１丁目３番５号,2020-04-08,株式会社
株式会社ｑｕａｄｒｕｐｌｅ,東京都八王子市高倉町２１番地１４レクシオ北八王子５０５号,2020-04-08,株式会社
株式会社ｒｏｏｆ,東京都中央区銀座６丁目１２番１号,2020-04-08,株式会社
株式会社ｓｋ　ｂｕｉｌｄ,神奈川県川崎市川崎区貝塚２丁目５番１１号ＳＩビル１階Ａ号室,2020-04-08,株式会社
株式会社ｖｉｓｅ,東京都目黒区東山１丁目１１－１５中目黒ＡＲＫⅡ３０５,2020-04-08,株式会社
極度勇敢株式会社,大阪府門真市桑才新町１１番２,2020-04-08,株式会社
楽研インベンション株式会社,東京都中央区銀座７丁目５－４,2020-04-08,株式会社
横手まちづくり合同会社,秋田県横手市駅前町７番１７号,2020-04-08,合同会社
永田エンジニアリング株式会社,福岡県北九州市若松区北湊町１０番１号,2020-04-08,株式会社
永福商会株式会社,埼玉県川口市青木２丁目３番３０号,2020-04-08,株式会社
江の島漁業株式会社,神奈川県藤沢市片瀬海岸２丁目２０番,2020-04-08,株式会社
江尻住設株式会社,兵庫県豊岡市日高町岩中９５番地１,2020-04-08,株式会社
池田写真合同会社,東京都品川区戸越４丁目１１番９号,2020-04-08,合同会社
浦和企画株式会社,埼玉県さいたま市浦和区瀬ヶ崎５丁目３８番７号,2020-04-08,株式会社
渡邉工業株式会社,兵庫県小野市小田町１９１０番地の６５７,2020-04-08,株式会社
潤川商事株式会社,福岡県福岡市中央区薬院４丁目１３番６１－１２０５号,2020-04-08,株式会社
特定非営利活動法人お助け隊,宮崎県都城市都島町１２７０番地２号,2020-04-08,その他の設立登記法人
特定非営利活動法人はーもにあす,大阪府大阪市東住吉区公園南矢田３丁目１３番３０号,2020-04-08,その他の設立登記法人
特定非営利活動法人エンパワメントアフロッキー,山梨県韮崎市藤井町北下條１１２５番地２３,2020-04-08,その他の設立登記法人
特定非営利活動法人オホーツク脳卒中研究会,北海道北見市北六条東２丁目１番地,2020-04-08,その他の設立登記法人
特定非営利活動法人チャレンジゆうＡｃｈｉ,長野県下伊那郡阿智村駒場４６８番地１阿智村中央公民館内,2020-04-08,その他の設立登記法人
特定非営利活動法人三義,東京都練馬区豊玉北３丁目１３番２号継成ビル２０２号室,2020-04-08,その他の設立登記法人
特定非営利活動法人平成牛麓舎,岡山県高梁市川面町１８１２番地,2020-04-08,その他の設立登記法人
特定非営利活動法人日本シニアヨガ協会,東京都江戸川区南小岩７丁目２７番２号地場ビル４階,2020-04-08,その他の設立登記法人
特定非営利活動法人竹の子会,鹿児島県霧島市溝辺町竹子３２１８番地,2020-04-08,その他の設立登記法人
特定非営利活動法人ＮＰＯ日本養殖振興会,埼玉県幸手市大字幸手３５００番地４,2020-04-08,その他の設立登記法人
王佩崗株式会社,茨城県石岡市小幡１２６２番地９７,2020-04-08,株式会社
田中成典商店株式会社,奈良県桜井市大字吉備４２７番地,2020-04-08,株式会社
社会保険労務士法人ビジョンパートナー,大阪府大阪市中央区南船場１丁目１１番９号長堀安田ビル６階,2020-04-08,その他の設立登記法人
社会保険労務士法人ブレインパートナーズ,山梨県甲斐市西八幡２３００番地２,2020-04-08,その他の設立登記法人
社会保険労務士法人星事務所,宮城県柴田郡村田町大字村田字町南４５番地,2020-04-08,その他の設立登記法人
社会保険労務士法人Ｃｏｕｒａｇｅ　Ｐａｒｔｎｅｒｓ,神奈川県横浜市磯子区森１丁目１４番６,2020-04-08,その他の設立登記法人
秘密基地株式会社,大阪府大阪市北区曾根崎２丁目８番５号,2020-04-08,株式会社
税理士法人イツボ,長野県飯田市松尾代田７４６番地１,2020-04-08,その他の設立登記法人
税理士法人ユアーズブレーン,広島県広島市中区国泰寺町１丁目３番２９号ＭＲＲデルタビル３階,2020-04-08,その他の設立登記法人
空家管理株式会社,長野県飯田市駄科５８９番地１,2020-04-08,株式会社
第一株式会社,東京都墨田区横網２丁目１３番２－２０６号,2020-04-08,株式会社
荻原左官工業株式会社,新潟県上越市大字高和町４０６番地,2020-04-08,株式会社
菅原興業株式会社,神奈川県横浜市都筑区見花山１３番１０号,2020-04-08,株式会社
菊地電機株式会社,東京都町田市南成瀬５丁目２０番１号木目田ビル１０２,2020-04-08,株式会社
行政書士法人ユアーズブレーン,広島県広島市中区国泰寺町１丁目３番２９号ＭＲＲデルタビル３階,2020-04-08,その他の設立登記法人
行政書士法人建設事務代行みしな事務所,山梨県甲府市丸の内１丁目１４番３号,2020-04-08,その他の設立登記法人
行政書士法人黒江事務所,北海道苫小牧市川沿町５丁目１番１５号２階,2020-04-08,その他の設立登記法人
西武アグリ株式会社,埼玉県所沢市小手指町１丁目２０番４号,2020-04-08,株式会社
西部瓦斯分割準備株式会社,福岡県福岡市博多区千代１丁目１７番１号,2020-04-08,株式会社
谷田川ロジ株式会社,茨城県鹿嶋市大字根三田１４６９番地３,2020-04-08,株式会社
農事組合法人新里アグリード,岩手県奥州市胆沢若柳字寺下１６０番地,2020-04-08,その他の設立登記法人
農事組合法人沖下営農組合,島根県出雲市神門町９７０番地,2020-04-08,その他の設立登記法人
関口カッター工業株式会社,栃木県足利市島田町８４２番地,2020-04-08,株式会社
高倉チャペル,兵庫県神戸市須磨区高倉台１丁目１３番１１号,2020-04-08,その他の設立登記法人
高山電気株式会社,新潟県三条市新堀１５８５番地７,2020-04-08,株式会社
高川株式会社,京都府京都市中京区西ノ京星池町２０－７２・２Ｆ,2020-04-08,株式会社
黒蔵町内会,長崎県五島市増田町１５０４番地３,2020-04-08,その他
０８３１クックパル株式会社,熊本県人吉市西間上町２３５２番地３,2020-04-08,株式会社
１００年住宅財団合同会社,茨城県水戸市常磐町１丁目１番９号ＦＳビル１Ｆ,2020-04-08,合同会社
ＡＥＭ合同会社,東京都新宿区北新宿１丁目８番２２－２０１号,2020-04-08,合同会社
ＡＦマネジメント合同会社,宮崎県宮崎市吉村町今村甲４１８８番地３,2020-04-08,合同会社
ＡＫクラフト合同会社,東京都江戸川区鹿骨１丁目５８番８号,2020-04-08,合同会社
ＡＬ１株式会社,東京都中央区日本橋室町４丁目１番２１号近三ビルヂング３階Ｅ１室,2020-04-08,株式会社
ＡＭＩＸＬＩＮＥ株式会社,福井県坂井市三国町神明３丁目８番２０号,2020-04-08,株式会社
ＡＮＹＷＥＡＲ株式会社,東京都品川区西品川２丁目１２番２１号,2020-04-08,株式会社
ＡＯＮＡ合同会社,宮崎県宮崎市清武町加納甲１９７９番地３８,2020-04-08,合同会社
ＡＲＡＶ株式会社,東京都文京区本郷７丁目３番１号東京大学南研究棟アントレプレナーラボ,2020-04-08,株式会社
Ａｄｖａｎｃｅｄ　Ｂｉｏｔｅｃｈ株式会社,東京都千代田区麹町２丁目５番地４第２押田ビル２階,2020-04-08,株式会社
Ａｌｌ　Ｉｎ合同会社,東京都目黒区中目黒１丁目９番７号ｉＯＮ中目黒ＥＡＳＴ４０２,2020-04-08,合同会社
ＢＩＪＩＮＡＬＬ－ＪＡＰＡＮ株式会社,東京都港区南青山３丁目８－４０,2020-04-08,株式会社
ＢＯＮＤＳ　Ａｓｉａ　Ｈｏｌｄｉｎｇｓ株式会社,静岡県静岡市葵区東静岡１丁目１番３９号マークス・アネシスタワー東静岡２２０６号室,2020-04-08,株式会社
ＢＰキャピタル株式会社,東京都中央区日本橋人形町１丁目１番５－２０１号,2020-04-08,株式会社
ＢＵＤＤＹ合同会社,北海道苫小牧市ときわ町６丁目１番３号,2020-04-08,合同会社
Ｂａｃｃｈｕｓ株式会社,静岡県静岡市清水区江尻町１２番７号,2020-04-08,株式会社
Ｂａｒｎｅｙ’ｓ　Ｃａｐｉｔａｌ合同会社,東京都中央区銀座１丁目２２番１１号銀座大竹ビジデンス２階,2020-04-08,合同会社
Ｂｏｏｍｉｎｇ株式会社,埼玉県草加市吉町４丁目４番２７号,2020-04-08,株式会社
Ｂｒｅａｄｗｉｎｎｅｒ　ＡＧ,東京都港区六本木１丁目６番１号泉ガーデンタワー１３階,2020-04-08,外国会社等
Ｃａｒｅｅｒ　Ｄｅｌｉｇｈｔ株式会社,京都府京都市中京区東椹木町１２６番地２,2020-04-08,株式会社
ＣｏＣｏｉＬ．Ｈｏｕｓｅ株式会社,大阪府堺市堺区中之町東２丁２番１４号１Ｆ南,2020-04-08,株式会社
Ｃｏｍｒａｄｅ　Ｗｏｒｋｓ株式会社,大阪府大阪市鶴見区浜３丁目１１番５４号４０２,2020-04-08,株式会社
Ｃｕｒｉｏｕｓｐａｒｋ合同会社,東京都品川区二葉４丁目４番２２号ＬＡＰｉＳ中延４０２,2020-04-08,合同会社
ＥＮＶＬＯＰ株式会社,東京都調布市国領町５丁目４３番３７,2020-04-08,株式会社
ＦＡＴＨＥＲ　ＭＵＳＩＣ　ＨＯＵＳＥ株式会社,東京都目黒区祐天寺２丁目６番１１号１Ｆ,2020-04-08,株式会社
ＦＰホールディングス株式会社,広島県府中市鵜飼町８００番地１３２,2020-04-08,株式会社
Ｆｅｅｌｇｏｏｄ－Ｊａｐａｎ合同会社,千葉県千葉市中央区弁天１丁目１５－３リードシー千葉駅前Ｂ１ＦＢＩＺｃｏｍｆｏｒｔ千葉駅前,2020-04-08,合同会社
Ｇ＆Ｘ商貿合同会社,大阪府大阪市東成区中本３丁目８番２１－２０３号,2020-04-08,合同会社
ＧＳＭ株式会社,沖縄県那覇市安里２丁目４番３号,2020-04-08,株式会社
Ｇｅｎｉｅ　Ａｇｅｎｃｙ　Ｇｒｏｕｐ合同会社,神奈川県横浜市鶴見区豊岡町１９番２３号グランマルセ２０３,2020-04-08,合同会社
Ｇｒｅｅｎｓ　Ｖｉｅｗ株式会社,東京都八王子市北野台３丁目２３番７号,2020-04-08,株式会社
ＨＡＴＣＨ　ＥＤＵＣＡＴＩＯＮ株式会社,大阪府大阪市阿倍野区阪南町１丁目２２番９－８０４号,2020-04-08,株式会社
ＨＲガバナンス・リーダーズ株式会社,東京都千代田区丸の内１丁目４番５号,2020-04-08,株式会社
ＨｉＮＳ株式会社,愛知県清須市新清洲５丁目６番地３,2020-04-08,株式会社
Ｉモバイル合同会社,東京都中央区晴海３丁目１３番１号,2020-04-08,合同会社
Ｉ．Ｄ．Ｌ株式会社,神奈川県横浜市神奈川区白幡西町１５番５－２号,2020-04-08,株式会社
Ｉ．Ｔ建物総合管理合同会社,東京都葛飾区水元４丁目２番２２－５０４号,2020-04-08,合同会社
ＩＴクオリティ株式会社,神奈川県川崎市川崎区駅前本町１１番地２川崎フロンティアビル４階,2020-04-08,株式会社
Ｉｎｋｈｏｒｎ　Ｂｒｅｗｉｎｇ株式会社,東京都練馬区田柄１丁目２２番２号,2020-04-08,株式会社
ＪＲＩ　ＣＯＮＳＵＬＴＩＮＧ合同会社,東京都目黒区祐天寺１丁目２４番１１号Ｏ．Ｎ．ＦＬＡＴ３０１,2020-04-08,合同会社
Ｋ＆Ｉ株式会社,埼玉県さいたま市桜区大字下大久保８２８番地,2020-04-08,株式会社
ＫＵＲＯ　ｄｅｓｉｇｎ　ｏｆｆｉｃｅ株式会社,埼玉県さいたま市桜区栄和２丁目１４番１４－３０１,2020-04-08,株式会社
ＫＷエクステリア株式会社,愛知県半田市新居町１丁目５１番地,2020-04-08,株式会社
ＬＩＦＥ　ＳＴＯＲＩＥＳ株式会社,東京都千代田区紀尾井町３番１２号,2020-04-08,株式会社
ＬＩＮＫ　ＵＰ株式会社,富山県富山市中川原５番地２,2020-04-08,株式会社
ＬＯＮＺ株式会社,東京都千代田区内神田１丁目１５－１０,2020-04-08,株式会社
Ｌｅｍｏｎｅｙ　Ｍａｒｋｅｔ合同会社,東京都世田谷区駒沢２丁目３４番１０号,2020-04-08,合同会社
Ｌｉｍ合同会社,大阪府箕面市稲６丁目５番３８号３０６号室,2020-04-08,合同会社
Ｍ＆Ｙ　Ｓｐａｃｅ株式会社,東京都千代田区丸の内１丁目１番３号,2020-04-08,株式会社
ＭＦＪＰＮ特定目的会社,東京都港区虎ノ門３丁目２２番１０－２０１号,2020-04-08,その他の設立登記法人
ＭＳＨメディカル合同会社,京都府京都市左京区吉田河原町１４番地マンハイム鴨川４１０号室,2020-04-08,合同会社
ＭＴＲＭ株式会社,東京都千代田区丸の内３丁目３番１号新東京ビル２３１区,2020-04-08,株式会社
ＭＵＳＵＢＩ　ＳＡ株式会社,沖縄県国頭郡本部町字瀬底２５３０番地１,2020-04-08,株式会社
Ｍｂ０３Ｌａｂｓ株式会社,東京都中野区南台３丁目３７番８－２１４号,2020-04-08,株式会社
Ｍｅｉｊｉアグロケミカル株式会社,東京都中央区京橋２丁目４番１６号,2020-04-08,株式会社
Ｎ２ＬＡＮＤＳＣＡＰＥ株式会社,大阪府大阪市住之江区南港北２丁目１番１０号ＡＴＣビルＩＴＭ棟１０階,2020-04-08,株式会社
ＮＡＪＩＭＩ合同会社,福岡県福岡市博多区吉塚６丁目１５番８,2020-04-08,合同会社
ＮＨＩ西濃土地家屋調査士法人,岐阜県大垣市丸の内１丁目３５番地,2020-04-08,その他の設立登記法人
ＮＨＩ西濃行政書士法人,岐阜県大垣市丸の内１丁目３５番地,2020-04-08,その他の設立登記法人
ＮＰＯ法人あおば学校支援ネットワーク,神奈川県横浜市青葉区奈良４丁目１番地１ルクサージュあおば山の手台Ｂ－１０６号,2020-04-08,その他の設立登記法人
ＮＰＯ法人グッドドライバー・レッスン,北海道札幌市中央区南三条東２丁目５番地,2020-04-08,その他の設立登記法人
ＮＰＯ法人ソラ,神奈川県横浜市泉区中田南２丁目１番２９号,2020-04-08,その他の設立登記法人
ＮＰＯ法人生き生き人生サポート姫路,兵庫県姫路市家島町坊勢５０５番地１,2020-04-08,その他の設立登記法人
ＮＰＯ法人Ｃａｍｐ’ｎ　Ｔｒａｖｅｌ　Ｈｏｋｋａｉｄｏ,北海道札幌市豊平区西岡五条１４丁目２６番２２号,2020-04-08,その他の設立登記法人
ＮａｎＯｔｒｉＧ株式会社,東京都葛飾区高砂３丁目１番２３－１０１号,2020-04-08,株式会社
Ｎａｔｕｒａｌ　Ｇｒａｃｅ　Ｊａｐａｎ株式会社,兵庫県尼崎市神崎町３０番１２号,2020-04-08,株式会社
Ｎｅｘｔ　ｅｖｏｌｕｔｉｏｎ株式会社,愛知県名古屋市北区大曽根４丁目１６番１５号,2020-04-08,株式会社
ＮｏｒｔｈＵｐ合同会社,大阪府守口市滝井元町１丁目４番３３－２０３号,2020-04-08,合同会社
ＯＥＵＦ株式会社,東京都港区新橋４丁目２１番７号,2020-04-08,株式会社
ＯＫサポート事業協同組合,群馬県太田市西新町６番８号,2020-04-08,その他の設立登記法人
Ｏｎｅ　Ｌｅａｆ株式会社,大阪府門真市石原町１６番２４号１０１号室,2020-04-08,株式会社
Ｏｗｌ　Ｃｏｎｓｕｌｔａｎｔｓ合同会社,北海道札幌市中央区大通東４丁目４番４４号ＥＡＳＴ４ＳＡＰＰＯＲＯＢＬＤ．２Ｆ．Ｂ号室,2020-04-08,合同会社
ＰＩフォワード合同会社,神奈川県川崎市中原区今井西町１７番５－２０６号レシオン武蔵小杉Ｂ棟,2020-04-08,合同会社
ＰＲＯＳＨＯＰ３００株式会社,大阪府羽曳野市野々上１丁目１６番４号,2020-04-08,株式会社
ＳＡＬＶＡＧＥ　ＫＯＣＨＩ株式会社,高知県安芸市下山１６２６番地１,2020-04-08,株式会社
ＳＡＮＫＩ株式会社,愛知県名古屋市中村区小鴨町８２番地,2020-04-08,株式会社
ＳＥＡＷＡＲＤ株式会社,福岡県古賀市谷山７４９番地,2020-04-08,株式会社
ＳＥＳＨＣｉｒｃｌｅ合同会社,神奈川県逗子市逗子１丁目５番２１号第２菊池ビル３階,2020-04-08,合同会社
ＳＩＬＫＹ株式会社,東京都大田区大森北６丁目１４番２号富士プラザ３０１,2020-04-08,株式会社
ＳＯＳｐｏｒｔｓ株式会社,栃木県下野市小金井１丁目７－１２,2020-04-08,株式会社
ＳＴＡＹ　ＧＯＬＤ　ＦＵＮＤ株式会社,石川県金沢市幸町２３番１号,2020-04-08,株式会社
ＳＴＵ合同会社,山梨県富士吉田市新西原１丁目７番１２号新西原ビル３階,2020-04-08,合同会社
Ｓｅｎｔｅｎｃｅ株式会社,神奈川県横浜市港南区上永谷６丁目１６番５号,2020-04-08,株式会社
Ｓｔａｒ　Ｉｎｃ．株式会社,東京都目黒区青葉台３丁目５番６号,2020-04-08,株式会社
ＴＢＳカンパニー株式会社,広島県廿日市市須賀２番１２－１０１号,2020-04-08,株式会社
ＴＨＯ株式会社,長野県小諸市大字市７５１番地１３,2020-04-08,株式会社
ＴＴコーポレーション合同会社,東京都板橋区東新町１丁目１－１ツインタワー２０７,2020-04-08,合同会社
Ｕｔｅｐｉｌｓ　Ｊａｐａｎ　Ｈｏｌｄｉｎｇｓ合同会社,東京都港区六本木４丁目３番１１号六本木ユニハウス２２３号,2020-04-08,合同会社
Ｖｉｏｌａ合同会社,東京都足立区千住１丁目２１番１５号－３階,2020-04-08,合同会社
Ｗｉｌｌａｂｌｅ株式会社,神奈川県横浜市港北区新羽町４７２番地,2020-04-08,株式会社
Ｙ’ｓエンジニアリング株式会社,埼玉県川越市大字笠幡２３０５番地６,2020-04-08,株式会社
ＹＵＫＩ　ＴＲＡＤＩＮＧ株式会社,栃木県足利市今福町４１１番地,2020-04-08,株式会社
Ｙａｍａｄａ　Ｐｏｗｅｒ　Ｕｎｉｔ株式会社,兵庫県姫路市飾磨区清水１７２番地サンテデーレしかま２０２号室,2020-04-08,株式会社
ａｎｄ　ｏｎｅ株式会社,東京都港区南青山５丁目１７番２号,2020-04-08,株式会社
ｂｅｔｈｅｆｉ合同会社,東京都中央区銀座１丁目２２番１１号銀座大竹ビジデンス２Ｆ,2020-04-08,合同会社
ｅ‐ＨＡＴ不動産株式会社,大阪府富田林市中野町１丁目１４７２番１号,2020-04-08,株式会社
ｉｃａｍｐ合同会社,兵庫県西宮市上田中町１８番３５－１０４号,2020-04-08,合同会社
ｓｏｕｌｂｌｏｏｄｓ　ｅｎｔｅｒｔａｉｎｍｅｎｔ株式会社,静岡県静岡市葵区柳町１４８番地の９１,2020-04-08,株式会社
きさらぎ信託コンサルティング合同会社,愛知県名古屋市東区車道町２丁目３２番地の２,2020-04-09,合同会社
れもん合同会社,愛知県豊田市喜多町３丁目７２番地,2020-04-09,合同会社
アクシスエイト株式会社,愛知県春日井市神屋町６５４番地４３３,2020-04-09,株式会社
アズテック合同会社,福岡県糟屋郡篠栗町大字尾仲５５０番地１２,2020-04-09,合同会社
アップルシード合同会社,大阪府交野市郡津１丁目５８番２５号,2020-04-09,合同会社
アライパートナー株式会社,埼玉県草加市草加２丁目２番１６号,2020-04-09,株式会社
アンプラント合同会社,東京都目黒区下目黒２丁目２３番３１－７０３号シティインデックス目黒,2020-04-09,合同会社
イメージＤｅＰｒｏ株式会社,愛知県名古屋市西区那古野２丁目１４番１号,2020-04-09,株式会社
インフィニティライフ株式会社,茨城県古河市小堤２０２０－７７,2020-04-09,株式会社
ウィングホールディングス株式会社,埼玉県加須市麦倉１６５３番７,2020-04-09,株式会社
ウィン工業株式会社,茨城県鹿嶋市大字根三田８８１番地３,2020-04-09,株式会社
エイト・アセットマネジメント株式会社,神奈川県横浜市戸塚区平戸町４８３番地２,2020-04-09,株式会社
エスだぶりゅ合同会社,神奈川県川崎市幸区小倉２丁目３４番１９号,2020-04-09,合同会社
エステイトビシュウ株式会社,愛知県名古屋市北区大曽根２丁目５番地３,2020-04-09,株式会社
エスフォー株式会社,神奈川県相模原市緑区下九沢２４１４番地１０,2020-04-09,株式会社
エフカイ株式会社,東京都江東区豊洲６丁目２番２９－１１０３号,2020-04-09,株式会社
エンゼル・ジャパン株式会社,滋賀県東近江市青野町４６００番地,2020-04-09,株式会社
エール合同会社,愛知県名古屋市名東区名東本通５丁目２９番地の４,2020-04-09,合同会社
オフィスアドヴァン株式会社,大阪府大阪市阿倍野区阿倍野筋４丁目２０番４－３０２号,2020-04-09,株式会社
クリアル協同組合,三重県鈴鹿市算所３丁目１６番３０号,2020-04-09,その他の設立登記法人
クレームは宝株式会社,神奈川県横浜市青葉区新石川２丁目５番地１０たまプラーザ岩崎マンション２０４,2020-04-09,株式会社
グリュック合同会社,福岡県福岡市博多区吉塚３丁目２番２１－２０３号Ｃａｓａ　Ｄｉ　Ｓｔｅｌｌａ,2020-04-09,合同会社
グローバライズコンサルティング合同会社,長野県下高井郡山ノ内町大字夜間瀬１０９４７番地,2020-04-09,合同会社
グローバル人財コネクト協同組合,熊本県熊本市南区流通団地１丁目４１番地,2020-04-09,その他の設立登記法人
コルテーゼ合同会社,福岡県福岡市中央区清川３丁目１４番９－８０２号,2020-04-09,合同会社
ゴールデンフェロージャパン株式会社,広島県広島市東区光町１丁目１７番９－１０１号,2020-04-09,株式会社
シェックトレーディング株式会社,千葉県印西市平岡２９８－２１Ａ,2020-04-09,株式会社
シリコンクリエイト株式会社,三重県桑名市大字東方４１４番地１アウローラⅠ２０５号,2020-04-09,株式会社
シーレ株式会社,東京都港区南青山２丁目２番１５号ウィン青山９４２,2020-04-09,株式会社
スタンダードエステート株式会社,大阪府堺市堺区中之町東３丁１番２５号,2020-04-09,株式会社
ステラノ株式会社,東京都大田区田園調布本町１０番１２号,2020-04-09,株式会社
スパート株式会社,岐阜県岐阜市長良南陽町２丁目２０番地２,2020-04-09,株式会社
スピニーズ社会保険労務士法人,東京都中野区中野３丁目２３番２６号サンクタス中野４０５,2020-04-09,その他の設立登記法人
セントエイム合同会社,大阪府大阪市大正区南恩加島１丁目８番３０号,2020-04-09,合同会社
ソニーエレクトロニクス株式会社,東京都港区港南１丁目７番１号,2020-04-09,株式会社
ソニーデザインコンサルティング株式会社,東京都港区港南１丁目７番１号,2020-04-09,株式会社
タカラファンド株式会社,京都府木津川市相楽袋樋１１番地１,2020-04-09,株式会社
チューリッヒ生命準備株式会社,東京都中野区中野４丁目１０番２号中野セントラルパークサウス,2020-04-09,株式会社
ニイチ株式会社,大阪府富田林市藤沢台２丁目２番１号,2020-04-09,株式会社
ハニージェイプロジェクト株式会社,東京都世田谷区北沢４丁目１５番１３号,2020-04-09,株式会社
ヒガシオフィスサービス株式会社,東京都港区新橋１丁目１８番１６号,2020-04-09,株式会社
ビオ・ラビッツ株式会社,京都府京丹後市弥栄町黒部４４１番地,2020-04-09,株式会社
ビックマート株式会社,愛知県稲沢市祖父江町祖父江八反畑１３２番地,2020-04-09,株式会社
ビーマインドフル合同会社,大阪府吹田市藤白台３丁目５番３－１４０６号,2020-04-09,合同会社
ブリーズオブ合同会社,神奈川県横浜市港北区新吉田東５丁目２８番１９号,2020-04-09,合同会社
ブルースカイテクノ株式会社,東京都中央区日本橋浜町２丁目２番５号,2020-04-09,株式会社
プエルト株式会社,東京都足立区千住３丁目６ツオード千住壱番館９０１,2020-04-09,株式会社
プロセスインプルーブメント合同会社,東京都千代田区九段南１丁目５番６号りそな九段ビル５Ｆ,2020-04-09,合同会社
プロテクトサポート株式会社,宮崎県宮崎市阿波岐原町火切塚１４５５－３マイハウスⅡ２０１号室,2020-04-09,株式会社
マスダショウタ・コンサルティング合同会社,神奈川県横浜市港北区大曽根３丁目１３番１－３３２号,2020-04-09,合同会社
ミサワリフォーム中部株式会社,愛知県名古屋市中区新栄２丁目１９番６号,2020-04-09,株式会社
ミツワホールディングス株式会社,大阪府羽曳野市誉田７丁目７２０番地,2020-04-09,株式会社
メルコオートモーティブソリューション株式会社,東京都港区高輪２丁目１５番２１号,2020-04-09,株式会社
モザンビークマーケティング合同会社,千葉県松戸市南花島４丁目６１－１７,2020-04-09,合同会社
ユーティーエス株式会社,東京都港区芝公園２丁目６番３号芝公園フロントタワー１８階,2020-04-09,株式会社
ライオンズ岩切セントマークス管理組合,宮城県仙台市宮城野区岩切分台３丁目１４番地の８,2020-04-09,その他
ライフフォワード株式会社,東京都港区南青山１丁目１番１号新青山ビル西館１４階,2020-04-09,株式会社
レコム株式会社,東京都八王子市大楽寺町６２９番地５,2020-04-09,株式会社
一般社団法人くすっ子クラブ,長崎県佐世保市小佐々町楠泊５２６番地,2020-04-09,その他の設立登記法人
一般社団法人くろがね,岡山県岡山市北区上中野２丁目２４番２３号,2020-04-09,その他の設立登記法人
一般社団法人なかよし,長崎県佐世保市小佐々町西川内５３２番地２,2020-04-09,その他の設立登記法人
一般社団法人にかほ市シルバー人材センター,秋田県にかほ市平沢字八森３１番地１,2020-04-09,その他の設立登記法人
一般社団法人ひと・まち・もり,宮城県石巻市築山１丁目４番４３号サンライズ築山Ｂ－２号,2020-04-09,その他の設立登記法人
一般社団法人グリーンクリエイティブいなべ,三重県いなべ市北勢町阿下喜３１番地,2020-04-09,その他の設立登記法人
一般社団法人コグニティブ・サポート,東京都足立区伊興２丁目２１番１５号,2020-04-09,その他の設立登記法人
一般社団法人コーポレート機能協会,東京都中央区銀座１丁目１４番１１号銀松ビル４階,2020-04-09,その他の設立登記法人
一般社団法人スクロールダイレクトマーケティング研究所,東京都品川区東品川２丁目２番２４号,2020-04-09,その他の設立登記法人
一般社団法人スポーツインセンティブムーブメント,東京都板橋区板橋３丁目４６番２号,2020-04-09,その他の設立登記法人
一般社団法人スマイル育英会,東京都西東京市向台町２丁目８番１１号,2020-04-09,その他の設立登記法人
一般社団法人ファクトリーサイエンティスト協会,東京都中央区京橋２丁目６番１４号,2020-04-09,その他の設立登記法人
一般社団法人マンション防水工事業協会,東京都中央区銀座８丁目１８番１１号ＯＧＵＲＡビル８Ｆ,2020-04-09,その他の設立登記法人
一般社団法人ラッキーキャットジャパン,大阪府柏原市旭ケ丘２丁目４番２５号,2020-04-09,その他の設立登記法人
一般社団法人リレイト,山梨県北杜市長坂町長坂下条１２３７番地３,2020-04-09,その他の設立登記法人
一般社団法人世田谷空手道クラブ,東京都西東京市向台町２丁目２番８号,2020-04-09,その他の設立登記法人
一般社団法人伊仙町シルバー人材センター,鹿児島県大島郡伊仙町大字伊仙２５９３番地,2020-04-09,その他の設立登記法人
一般社団法人公衆衛生地域振興協会,東京都中央区銀座２丁目１１番８号,2020-04-09,その他の設立登記法人
一般社団法人北陸建設アカデミー,新潟県胎内市黒川９１番地,2020-04-09,その他の設立登記法人
一般社団法人南アルプス市観光協会,山梨県南アルプス市在家塚５９５番１,2020-04-09,その他の設立登記法人
一般社団法人地盤品質判定士会,東京都文京区千石４丁目３８番２号,2020-04-09,その他の設立登記法人
一般社団法人大学ファンドレイジング支援機構,東京都目黒区下目黒５丁目２３番２号,2020-04-09,その他の設立登記法人
一般社団法人子どものこころ専門医機構,京都府京都市左京区吉田河原町１４番地近畿地方発明センタービル知人社内,2020-04-09,その他の設立登記法人
一般社団法人岐阜県解体工事業協会,岐阜県岐阜市六条大溝４丁目１２番１９号,2020-04-09,その他の設立登記法人
一般社団法人岩手アートディレクターズクラブ,岩手県盛岡市南大通１丁目１番１７号,2020-04-09,その他の設立登記法人
一般社団法人崇德厚生事業団,新潟県長岡市深沢町２２７６番地２,2020-04-09,その他の設立登記法人
一般社団法人日本マインドフルネス普及機構,東京都渋谷区神南１丁目６番５号,2020-04-09,その他の設立登記法人
一般社団法人日本マリン無線協会,三重県津市河芸町東千里８５４番地の３,2020-04-09,その他の設立登記法人
一般社団法人日本医療コンシェルジュ研究所,東京都中央区日本橋本石町３丁目３番８号日本橋優和ビル５階,2020-04-09,その他の設立登記法人
一般社団法人日本補聴医療協会,大阪府富田林市高辺台２丁目５番１３号,2020-04-09,その他の設立登記法人
一般社団法人日本ＩＴＣ協会連合会,福岡県糟屋郡志免町別府１丁目２１番１１号,2020-04-09,その他の設立登記法人
一般社団法人東京中小企業家同友会,東京都千代田区九段南４丁目７番１６号市ヶ谷ＫＴビル３階,2020-04-09,その他の設立登記法人
一般社団法人潟上市体育協会,秋田県潟上市天王字持長根９３番地１,2020-04-09,その他の設立登記法人
一般社団法人災害ドローン沖縄ＯＲＧ,沖縄県那覇市字天久９１８番地６,2020-04-09,その他の設立登記法人
一般社団法人現代歌人協会,東京都豊島区駒込１丁目３５番４号,2020-04-09,その他の設立登記法人
一般社団法人石川県水泳協会,石川県白山市白峰ハ１１１番地,2020-04-09,その他の設立登記法人
一般社団法人福知山ワンダーマーケット,京都府福知山市字下新１０番地,2020-04-09,その他の設立登記法人
一般社団法人紀北町観光協会,三重県北牟婁郡紀北町東長島２４１０番地７３,2020-04-09,その他の設立登記法人
一般社団法人経慶会,大阪府守口市菊水通３丁目１２番２２号（希光印刷有限会社内）,2020-04-09,その他の設立登記法人
一般社団法人臨床疫学研究推進機構,東京都町田市中町１丁目２番５号,2020-04-09,その他の設立登記法人
一般社団法人西海文化財研究所,長崎県佐世保市吉井町福井６３０番地,2020-04-09,その他の設立登記法人
一般社団法人関西マーケティング協会,大阪府和泉市室堂町１０２８番地２３,2020-04-09,その他の設立登記法人
一般社団法人離島振興地方創生協会,東京都新宿区四谷１丁目１０番地２,2020-04-09,その他の設立登記法人
一般社団法人韮崎市観光協会,山梨県韮崎市水神１丁目３番１号,2020-04-09,その他の設立登記法人
一般社団法人鷹乃羽報恩会,東京都武蔵野市境南町２丁目１７番３号,2020-04-09,その他の設立登記法人
一般社団法人ＡＳＰ・ＳａａＳ・ＡＩ・ＩｏＴクラウド産業協会,東京都品川区西五反田７丁目３番１号たつみビル２Ｆ,2020-04-09,その他の設立登記法人
一般社団法人ＢＡＮＳＯＵ,宮城県登米市迫町佐沼字大網２１８番地の１コンテナおおあみ内２－２,2020-04-09,その他の設立登記法人
一般社団法人Ｃ＆Ｆ協会,東京都町田市つくし野２丁目２４番地１０,2020-04-09,その他の設立登記法人
一般社団法人Ｈ＆Ｔ建設,東京都品川区豊町５丁目１７番２号,2020-04-09,その他の設立登記法人
一般社団法人Ｋ－ＢＯＯＫ振興会,東京都千代田区神田神保町１丁目７－３,2020-04-09,その他の設立登記法人
一般社団法人ＯＮＥ　ＬＯＶＥ,佐賀県佐賀市大和町大字尼寺２９２１番地１,2020-04-09,その他の設立登記法人
一般社団法人Ｏｎｃｅ　ｉｎ　ａ　Ｌｉｆｅｔｉｍｅ,東京都千代田区四番町２番地１－３,2020-04-09,その他の設立登記法人
一般社団法人ＰＯＳＴ,兵庫県豊岡市元町２番８号ｅｎｎａｓ２階,2020-04-09,その他の設立登記法人
一般社団法人Ｒｅｃｏｖｅｒｙ　Ｏｆ　Ｔｈｅ　Ｔｒｉｎｉｔｙ協会,長野県上田市保野１４３番地１,2020-04-09,その他の設立登記法人
一般財団法人お酒の科学財団,京都府相楽郡精華町精華台８丁目１番地１,2020-04-09,その他の設立登記法人
一般財団法人やまと学資財団,奈良県奈良市大宮町３丁目４番１６－２０４号室,2020-04-09,その他の設立登記法人
万国津梁株式会社,沖縄県那覇市安里２丁目４番３号ＲＪビルディング国際通り２－１０,2020-04-09,株式会社
三井物産デジタル・アセットマネジメント株式会社,東京都中央区東日本橋３丁目４番１８号,2020-04-09,株式会社
下関製氷協同組合,山口県下関市大和町１丁目１６番１号,2020-04-09,その他の設立登記法人
中仙公民館分館管理運営組合,秋田県大仙市北長野字袴田９５,2020-04-09,その他
丸山株式会社,鹿児島県鹿児島市南林寺町１９番３号東カン鹿児島ビル２階１号室,2020-04-09,株式会社
九源株式会社,大阪府大阪市生野区巽北１丁目１番１号１Ｆ－Ｉ,2020-04-09,株式会社
井上商会合同会社,東京都新宿区四谷坂町２番４５号ヒルサイド四谷２０７,2020-04-09,合同会社
京都よりそいＦＰ株式会社,京都府京田辺市同志社山手４丁目２番地２,2020-04-09,株式会社
佐渡潜水株式会社,新潟県佐渡市加茂歌代３３１番地,2020-04-09,株式会社
修復工房白牡丹株式会社,広島県福山市今町４番２２号,2020-04-09,株式会社
光和株式会社,大阪府大阪市生野区巽北１丁目１番１号２Ｆ－Ｂ,2020-04-09,株式会社
光畑合同会社,愛知県一宮市千秋町塩尻４０,2020-04-09,合同会社
八勘合同会社,東京都目黒区東山１丁目６番５－４０２号,2020-04-09,合同会社
加島エンタープライズ株式会社,東京都千代田区四番町２番地４,2020-04-09,株式会社
北海道生コン工業株式会社,北海道札幌市南区真駒内本町１丁目１番１号,2020-04-09,株式会社
医療法人あそうクリニック,滋賀県大津市京町２丁目１－２４,2020-04-09,その他の設立登記法人
医療法人まきレディースクリニック,福井県福井市新田塚町１０１番地,2020-04-09,その他の設立登記法人
医療法人まつだ眼科,福井県福井市文京６丁目２８番７号,2020-04-09,その他の設立登記法人
医療法人原田歯科医院,神奈川県横浜市緑区霧が丘５丁目２５番地５,2020-04-09,その他の設立登記法人
医療法人桑原心療内科クリニック,福井県越前市府中２丁目３番２２号やわらぎビル２Ｆ,2020-04-09,その他の設立登記法人
医療法人社団志永会,千葉県船橋市習志野台１丁目３８番１１号北習志野メディカルプラザ４Ｆ,2020-04-09,その他の設立登記法人
医療法人社団津田沼駅前クリニック,千葉県習志野市津田沼１丁目２番８号はまゆうパスタビル２階,2020-04-09,その他の設立登記法人
医療法人社団浦安こども診療所,千葉県浦安市東野３丁目４番１１号ＡＳＭＡＣＩ浦安１Ｆ,2020-04-09,その他の設立登記法人
医療法人社団腸内会,千葉県松戸市常盤平陣屋前１７番地の１５,2020-04-09,その他の設立登記法人
医療法人社団風香会,北海道名寄市西四条南５丁目２７番地,2020-04-09,その他の設立登記法人
医療法人社団高桜会,富山県黒部市北新１０番地６,2020-04-09,その他の設立登記法人
千代田プロパティ１合同会社,東京都港区六本木１丁目６番１号泉ガーデンタワー,2020-04-09,合同会社
千代田プロパティ２合同会社,東京都港区六本木１丁目６番１号泉ガーデンタワー,2020-04-09,合同会社
千代田マネジメント合同会社,東京都港区六本木１丁目６番１号泉ガーデンタワー,2020-04-09,合同会社
協同組合ロータスジャパン,宮城県多賀城市新田字西２８－６,2020-04-09,その他の設立登記法人
南那須観光株式会社,栃木県宇都宮市東宿郷４丁目１番２８号,2020-04-09,株式会社
南郷物産合同会社,青森県八戸市南郷大字市野沢字中市野沢４４番地３３,2020-04-09,合同会社
合同会社いちえん,千葉県流山市南流山２丁目２番地の３,2020-04-09,合同会社
合同会社おか食,岡山県岡山市北区表町１丁目１１番１号中之町第一ビル１Ｆ,2020-04-09,合同会社
合同会社かざぐるま,東京都港区虎ノ門１丁目２番８号リニューアブル・ジャパン株式会社内,2020-04-09,合同会社
合同会社こころと学び研究所,東京都港区赤坂４丁目１１番３号,2020-04-09,合同会社
合同会社たまエネルギー,福岡県飯塚市大分３７９番地１５号,2020-04-09,合同会社
合同会社でん,東京都港区東麻布２丁目３５－１ＫＣビル６Ｆ,2020-04-09,合同会社
合同会社ひまわり,大阪府大阪市生野区巽中１丁目１９番３６号,2020-04-09,合同会社
合同会社よみたん動物病院,沖縄県中頭郡読谷村字伊良皆１６３－２,2020-04-09,合同会社
合同会社アイバ企画,千葉県千葉市美浜区打瀬２丁目１番地２公園西の街４－３０８号,2020-04-09,合同会社
合同会社アクトアライズ,愛媛県西条市河原津甲１７８番地２,2020-04-09,合同会社
合同会社アソウファーム,福岡県福津市生家１５４３,2020-04-09,合同会社
合同会社アマテラス本店,北海道札幌市豊平区西岡一条９丁目５番１１号,2020-04-09,合同会社
合同会社アライドトレード,神奈川県横浜市保土ケ谷区瀬戸ケ谷町２０２－３４,2020-04-09,合同会社
合同会社アロンザ,東京都千代田区西神田２丁目３番２号ハタノビル３Ｆ,2020-04-09,合同会社
合同会社イグナイト,愛知県名古屋市中区新栄２丁目２番１号イノフィス９Ｆ,2020-04-09,合同会社
合同会社ウエストファクトリー,東京都北区赤羽１丁目５番４号新丸久ビル４階,2020-04-09,合同会社
合同会社エイコー産業,兵庫県たつの市御津町岩見１２７６番地２,2020-04-09,合同会社
合同会社エスアールイー,千葉県野田市柳沢２２６番地の１フラワータウンＢ１０１,2020-04-09,合同会社
合同会社エスプリ４５,東京都八王子市東町１－１０－８０１,2020-04-09,合同会社
合同会社オフィスニューアスク,愛知県豊田市花園町新田６５番地１,2020-04-09,合同会社
合同会社オフィスＳＯＲＡ,愛知県日進市香久山５丁目１４０１番地２０,2020-04-09,合同会社
合同会社クロッシー,東京都西東京市南町５丁目１２番４号,2020-04-09,合同会社
合同会社ケアプランももか,埼玉県北葛飾郡松伏町ゆめみ野４丁目４番地１３５,2020-04-09,合同会社
合同会社ココネクスト,鹿児島県鹿児島市星ヶ峯１丁目１番１７号,2020-04-09,合同会社
合同会社コッズ,大阪府箕面市船場東１丁目１０番９号３０８号室,2020-04-09,合同会社
合同会社サービステックアーキテクツ,神奈川県足柄上郡中井町田中９２４番地１９,2020-04-09,合同会社
合同会社シンプウメンテナンス,北海道札幌市厚別区厚別東一条５丁目１４番１６号,2020-04-09,合同会社
合同会社スプリングコーポレーション,東京都墨田区横網２丁目６番１１号,2020-04-09,合同会社
合同会社スマイルワンケア,東京都江戸川区中葛西４丁目３－１４エムケー葛西１階,2020-04-09,合同会社
合同会社ゼロエージェンシー,東京都板橋区南常盤台１丁目１１番６号レフア南常盤台１０１号室,2020-04-09,合同会社
合同会社ソフィア,青森県八戸市根城７丁目１番４１号,2020-04-09,合同会社
合同会社ダイスリビング,茨城県水戸市浜田２丁目４番１７号,2020-04-09,合同会社
合同会社トップサービス,愛知県名古屋市千種区城木町１丁目２８番地の５,2020-04-09,合同会社
合同会社ナガイ,東京都新宿区歌舞伎町２丁目９番１５－３１５号,2020-04-09,合同会社
合同会社ハトトネコ,東京都港区六本木５丁目１３番１１号,2020-04-09,合同会社
合同会社ハロ,神奈川県横浜市中区尾上町４丁目５７番地横浜尾上町ビルディング８Ｆ,2020-04-09,合同会社
合同会社パスザバトン,神奈川県横浜市都筑区加賀原１丁目２４番７－３１４号,2020-04-09,合同会社
合同会社ファミール,青森県十和田市大字三本木字北平１４７番地５２１,2020-04-09,合同会社
合同会社フィオーレ,東京都港区高輪３丁目１０番２号グラスプラス高輪,2020-04-09,合同会社
合同会社フジノ,大阪府東大阪市新喜多２丁目６番２７－２０２８号,2020-04-09,合同会社
合同会社ホームサポートあいら,鹿児島県姶良市東餅田１４６９番地１,2020-04-09,合同会社
合同会社ポパイ,埼玉県日高市大字中鹿山４１３番地３９,2020-04-09,合同会社
合同会社マザーツリー,愛知県半田市青山７丁目９番地の６,2020-04-09,合同会社
合同会社マリンボックスホールディングス,神奈川県藤沢市湘南台２丁目１８番地１,2020-04-09,合同会社
合同会社ミッツ,神奈川県平塚市天沼９番７７－７１５号,2020-04-09,合同会社
合同会社ミライエスタ,東京都板橋区栄町２２番６号,2020-04-09,合同会社
合同会社ユーコートエナジー,東京都港区虎ノ門４丁目３番１３号,2020-04-09,合同会社
合同会社ライト,東京都品川区平塚１丁目７－１８メゾンド星山２０３,2020-04-09,合同会社
合同会社ライフホーム,東京都足立区伊興４丁目１１－１８,2020-04-09,合同会社
合同会社リバプール,大阪府松原市高見の里５丁目５０７番地の１（３－３１３号）,2020-04-09,合同会社
合同会社リュージ,香川県高松市国分寺町柏原６９２番地１,2020-04-09,合同会社
合同会社ワンストップ腰越,神奈川県鎌倉市腰越７４３－３,2020-04-09,合同会社
合同会社令和トレーディング,大阪府堺市中区深井畑山町８８番地２,2020-04-09,合同会社
合同会社壱,佐賀県唐津市鏡字赤水４７３４－７,2020-04-09,合同会社
合同会社宮平企画,沖縄県島尻郡久米島町字謝名堂９４３番地,2020-04-09,合同会社
合同会社浦川原農産物加工組合,新潟県上越市浦川原区虫川１６６５番地１,2020-04-09,合同会社
合同会社潮風,東京都港区虎ノ門１丁目２番８号リニューアブル・ジャパン株式会社内,2020-04-09,合同会社
合同会社琉美エンタープライズ,沖縄県那覇市曙３丁目１１番２６号徳村ビル３０１,2020-04-09,合同会社
合同会社秋カンパニー,東京都葛飾区亀有４丁目１４番１－３０３,2020-04-09,合同会社
合同会社素敵ライフスタイル研究所,東京都港区六本木６丁目１２番２－Ｂ９０８号,2020-04-09,合同会社
合同会社豊中商店,大阪府豊中市西泉丘３丁目３番２３－６１３号,2020-04-09,合同会社
合同会社４４１０,東京都小平市花小金井３丁目３５番９号,2020-04-09,合同会社
合同会社ＡＣＴＲＩＳＥ　ＳＣＨＯＯＬ,愛知県名古屋市中村区靖国町２丁目６８番地ＡＣＴＲＩＳＥＳＣＨＯＯＬ,2020-04-09,合同会社
合同会社ＡＩＳＩＮ工業,愛知県あま市七宝町伊福河原８０番地の２,2020-04-09,合同会社
合同会社Ａｄｄ　ＲＩＤＥ,東京都渋谷区円山町５番５号Ｎａｖｉ渋谷Ｖ３階,2020-04-09,合同会社
合同会社Ｂｙ,東京都新宿区中落合３丁目９番５号,2020-04-09,合同会社
合同会社ＣＬＡＹ,北海道札幌市中央区南七条西４丁目４２２番地６ＬＣ拾番館１階,2020-04-09,合同会社
合同会社Ｄａｎｋ,東京都葛飾区堀切３丁目３５番１号,2020-04-09,合同会社
合同会社ＥＢＩ,東京都葛飾区新小岩１丁目２９番７号小松ビル３階,2020-04-09,合同会社
合同会社Ｆｉｒｅ　Ｄｏｏｒ,東京都台東区浅草橋１丁目１番１０号ＦＫビル１Ｆ,2020-04-09,合同会社
合同会社ＧＲＯＸ,東京都葛飾区堀切３丁目３５番１号,2020-04-09,合同会社
合同会社ＨＡＭＡＮＯ,東京都新宿区下宮比町２－２８飯田橋ハイタウン７１２,2020-04-09,合同会社
合同会社ＨＭＮＣ,静岡県浜松市浜北区内野台２丁目２６番２３号,2020-04-09,合同会社
合同会社ＩＡＣＴＡ,東京都新宿区天神町７－１１,2020-04-09,合同会社
合同会社ＫＩＤ,東京都板橋区大谷口北町３７－４,2020-04-09,合同会社
合同会社ＭＡＭＡＣＩＴＡ,東京都新宿区四谷４丁目４－３ロイジェントパークス四谷１００３,2020-04-09,合同会社
合同会社ＭＥＩＷＡ,愛知県名古屋市北区水草町２丁目６０－２水草団地２棟８１２,2020-04-09,合同会社
合同会社ＭＴＥ,東京都品川区北品川１丁目９番７号トップルーム品川１０１５号,2020-04-09,合同会社
合同会社Ｍａｓｓａｎ,徳島県徳島市丈六町休場１４番地６,2020-04-09,合同会社
合同会社Ｍｅｔｅｏｒｉｔｅ,東京都江東区豊洲３丁目４番２－４２０７号,2020-04-09,合同会社
合同会社ＮＯＬＬ,愛知県日進市米野木台２丁目３１１番地サニーヒルズＢ２０１,2020-04-09,合同会社
合同会社ＮＯＭＵＫＩ,茨城県つくば市高野台２丁目１５－２８－１０１,2020-04-09,合同会社
合同会社Ｎｉｃｏ,埼玉県川越市連雀町１０番地３,2020-04-09,合同会社
合同会社ＲＥＡＬ・ＦＯＲＣＥ,京都府京都市北区上賀茂津ノ国町６番地１２,2020-04-09,合同会社
合同会社ＲＩＳＥ,愛知県名古屋市北区成願寺１丁目６ザ・シーン城北Ａ８０６,2020-04-09,合同会社
合同会社Ｒａｃｃｏｏｎ　Ｐａｒｔｎｅｒｓ,大阪府箕面市彩都粟生南５丁目１３－２０,2020-04-09,合同会社
合同会社ＳＡＣ,大阪府守口市東光町２丁目１９－１松井ビル２Ｆ,2020-04-09,合同会社
合同会社ＳＥＮＭＩＡＯ,東京都世田谷区桜上水４丁目８番７号ＨＡＬＳ１Ｆ,2020-04-09,合同会社
合同会社Ｓｅｖｅｎ　ｆｏｏｄｓ,東京都荒川区東日暮里４丁目５番１２－５０１号,2020-04-09,合同会社
合同会社Ｓｋｙ,神奈川県藤沢市辻堂新町３丁目８番１５号Ｂ１０３,2020-04-09,合同会社
合同会社Ｓｍａｙ,東京都中央区銀座１丁目１６－７銀座大栄ビル５階,2020-04-09,合同会社
合同会社ＴＥＱＥＤ,宮城県仙台市青葉区八幡１丁目１０番３－４０３号,2020-04-09,合同会社
合同会社ＴＭコンサルティング,大阪府大阪市旭区太子橋１丁目６番１７号レジデンス太子橋３０１,2020-04-09,合同会社
合同会社ＴＯ　ＳＯＡＲ,大阪府堺市中区小阪６３５番地,2020-04-09,合同会社
合同会社ＵｎｉｔｅＵ,愛知県名古屋市南区豊田３丁目７番１０号Ａ－ＦＯＲＥＳＴ１０１号室,2020-04-09,合同会社
合同会社ＶＥＲＭＩＬＩＯＮ,東京都港区芝１丁目２番１－１８１４号クレストプライムタワー芝,2020-04-09,合同会社
合同会社Ｙフーズ,埼玉県狭山市入間川３１４５番地の７サンアベニュー富士Ａ－３０３,2020-04-09,合同会社
合同会社ＹＯＳＨＩ,長野県長野市大字西尾張部１０６５番地６,2020-04-09,合同会社
合同会社Ｙｕ　Ｖｉｓｉｏｎ,神奈川県川崎市高津区溝口６丁目７－２０－１,2020-04-09,合同会社
合同会社Ｚ－ＧＲＡ,東京都練馬区谷原４丁目１０番４号,2020-04-09,合同会社
合同会社ＺＥＮ,愛知県名古屋市中区大須３丁目９番２０号,2020-04-09,合同会社
合同会社ｋｉｉｒｏ,東京都渋谷区渋谷３丁目１番９号ＹＡＺＡＷＡビル３階,2020-04-09,合同会社
名人グループ株式会社,東京都荒川区東日暮里３丁目４１番７号２階,2020-04-09,株式会社
名探偵株式会社,愛知県名古屋市中村区太閤３丁目７番７６号,2020-04-09,株式会社
善楽寺,東京都町田市小野路町１００９番地５,2020-04-09,その他の設立登記法人
多洛塔北京安全技術有限公司,東京都葛飾区柴又３丁目３６－１－８０５,2020-04-09,外国会社等
大協物産株式会社,宮城県宮城郡利府町中央１丁目１２番地４,2020-04-09,株式会社
大地国際日本株式会社,愛知県名古屋市中区栄３丁目２番３号名古屋日興證券ビル４階,2020-04-09,株式会社
小笠原畜産株式会社,青森県むつ市柳町３丁目１６番５７号,2020-04-09,株式会社
帝国メタル工業株式会社,東京都大田区京浜島２丁目４番１５号,2020-04-09,株式会社
幸輝合同会社,埼玉県春日部市中央７丁目１０番地２１,2020-04-09,合同会社
建匠工業株式会社,宮城県名取市下増田字広浦１８４番地の１,2020-04-09,株式会社
弁護士法人西村総合法律事務所,大阪府泉佐野市下瓦屋４丁目１番１号西村ビル２階,2020-04-09,その他の設立登記法人
弁護士法人鹿児島あおぞら法律事務所,鹿児島県鹿児島市東千石町２番８号円ビル３Ｆ,2020-04-09,その他の設立登記法人
成成株式会社,東京都江戸川区東葛西６丁目２３番４－３０１号,2020-04-09,株式会社
成設備株式会社,埼玉県所沢市林２丁目１０８番地の１４,2020-04-09,株式会社
敬創国際貿易株式会社,千葉県八街市文違３０１番地１２８ＫＪビル１０３室,2020-04-09,株式会社
新陽商事株式会社,広島県広島市西区大芝１丁目２３番１１号,2020-04-09,株式会社
日本グローバルパートナーズ株式会社,東京都港区南青山５丁目１０番２号,2020-04-09,株式会社
日本福容株式会社,東京都台東区雷門２丁目１３－５ＮＳビル４０２,2020-04-09,株式会社
日辰貿易株式会社,京都府京都市伏見区深草下川原町５５番地１サンパレス伏見５０４,2020-04-09,株式会社
晴々舎合同会社,福井県福井市開発５丁目１２０７番地コミュニティリゾートリライム１階,2020-04-09,合同会社
朝日アグリア株式会社,埼玉県児玉郡神川町大字渡瀬２２２番地,2020-04-09,株式会社
東亜介護株式会社,愛知県名古屋市北区喜惣治２丁目２００番地,2020-04-09,株式会社
東京先端科学技術研究所株式会社,東京都港区浜松町２丁目２番１５号浜松町ダイヤビル２Ｆ,2020-04-09,株式会社
東濃アスコン株式会社,岐阜県加茂郡坂祝町取組１９９,2020-04-09,株式会社
松永工業株式会社,福岡県筑紫野市大字永岡１１００番地１（フォーレスト桜台５０１号）,2020-04-09,株式会社
柊合同会社,神奈川県川崎市高津区上作延５０１番地１サンサーラ１０５,2020-04-09,合同会社
柳橋タウン管理組合法人,東京都台東区柳橋１丁目１番１５号,2020-04-09,その他の設立登記法人
株式会社いいじゃん,埼玉県ふじみ野市上ノ原１丁目１番地２０,2020-04-09,株式会社
株式会社おおくぼ写眞舘,徳島県徳島市新浜町３丁目１番１０号,2020-04-09,株式会社
株式会社おしゃれグループホールディングス,東京都立川市錦町３丁目２番２号ＴＭ・タワー,2020-04-09,株式会社
株式会社かがやき,石川県金沢市諸江町下丁８８番地１,2020-04-09,株式会社
株式会社かみす福祉医療協力会,茨城県神栖市奥野谷５９４８番地８,2020-04-09,株式会社
株式会社きわもとオート,奈良県大和高田市大字曽大根４４４番地３,2020-04-09,株式会社
株式会社さかなファーム,東京都大田区西馬込２丁目１番５号,2020-04-09,株式会社
株式会社さくら,大阪府大阪市生野区勝山北５丁目６番１４号,2020-04-09,株式会社
株式会社さくら不動産管理,東京都東村山市栄町３丁目１３番９号,2020-04-09,株式会社
株式会社じょんのび,神奈川県相模原市南区文京２丁目２１番１１号,2020-04-09,株式会社
株式会社つばめ設計,秋田県秋田市寺内堂ノ沢２丁目２番１０号,2020-04-09,株式会社
株式会社はち助,大阪府豊中市庄内西町３丁目１９番１４号,2020-04-09,株式会社
株式会社ぽっぽフジワラ,福井県大飯郡高浜町宮崎第６９号１２番地８,2020-04-09,株式会社
株式会社まっしろ,東京都港区麻布十番１丁目２番７号ラフィネ麻布十番７０１号室,2020-04-09,株式会社
株式会社アイアークス,大阪府大阪市西区新町１丁目２番９号,2020-04-09,株式会社
株式会社アイリスホーム,石川県白山市湊町乙１３番地７,2020-04-09,株式会社
株式会社アグテック飯島,茨城県猿島郡五霞町大字小福田１２３５番地２５,2020-04-09,株式会社
株式会社アスカオート,秋田県大仙市内小友字山根１４９番地,2020-04-09,株式会社
株式会社アステップ,大阪府大阪市都島区毛馬町３丁目１番１８号,2020-04-09,株式会社
株式会社アセアンコンサルティング,東京都新宿区西新宿１丁目２０番３号,2020-04-09,株式会社
株式会社アゼントラスト,埼玉県熊谷市問屋町２丁目４番１８号ソシオ熊谷情報センタービル５Ｆ,2020-04-09,株式会社
株式会社アナザースカイ,東京都世田谷区奥沢３丁目４６番２号カーサモンテス３０２,2020-04-09,株式会社
株式会社アネスト,福井県福井市成和１丁目６０４番地１マルトモビル１階,2020-04-09,株式会社
株式会社アラテ,東京都港区元赤坂１丁目１番１８号元赤坂ＮＨビル４階,2020-04-09,株式会社
株式会社アルファ,埼玉県所沢市三ケ島４丁目２２８６番地１０,2020-04-09,株式会社
株式会社アルファオート,大阪府岸和田市三田町９３２－１,2020-04-09,株式会社
株式会社アルファワン,神奈川県横浜市旭区西川島町５８番地の４,2020-04-09,株式会社
株式会社アルベル,埼玉県さいたま市大宮区堀の内町３丁目４６９番地４,2020-04-09,株式会社
株式会社アロー電子,埼玉県日高市高萩東２丁目３７番２４号,2020-04-09,株式会社
株式会社アート日向,静岡県静岡市葵区流通センター１４番２号近鉄物流テナントビル１Ｆ,2020-04-09,株式会社
株式会社アーネシア,東京都渋谷区渋谷３丁目１番６号,2020-04-09,株式会社
株式会社アール内装,北海道札幌市西区西町南２０丁目３番１８号,2020-04-09,株式会社
株式会社インクルーシブ,埼玉県八潮市大字伊勢野３０６番地,2020-04-09,株式会社
株式会社イーストライフ,新潟県新潟市中央区関新２丁目１番７３号新潟ダイカンプラザ遊学館１００６号,2020-04-09,株式会社
株式会社イービーエス,東京都港区南青山２丁目２番１５号ウィン青山４０５,2020-04-09,株式会社
株式会社ウイズ松山,愛媛県松山市余戸東２丁目１３－４３,2020-04-09,株式会社
株式会社ウエカワ,滋賀県彦根市稲枝町２７０番地２,2020-04-09,株式会社
株式会社エイチライン,東京都清瀬市中里３丁目８８２番地の４０,2020-04-09,株式会社
株式会社エシカル,東京都港区赤坂２丁目１３番２１号関根ビル１階,2020-04-09,株式会社
株式会社エスカルパン,埼玉県新座市東北２丁目４０－６イースト志木２Ｆ,2020-04-09,株式会社
株式会社エスケースタイル,愛知県犬山市字前田面１番地２２４,2020-04-09,株式会社
株式会社エッケ,千葉県千葉市緑区あすみが丘４丁目３９番地,2020-04-09,株式会社
株式会社エディくろ,愛知県岡崎市板屋町１８３番地１,2020-04-09,株式会社
株式会社エヌキャッチ,愛知県名古屋市中川区尾頭橋３丁目４番３２号,2020-04-09,株式会社
株式会社エヌディープランニング,東京都江戸川区北小岩６丁目１５番１０－７０３号リエス京成小岩駅前,2020-04-09,株式会社
株式会社エムズオフィス,神奈川県藤沢市本藤沢５丁目９番４号,2020-04-09,株式会社
株式会社エム・ファーム,埼玉県入間郡三芳町大字北永井３８番地,2020-04-09,株式会社
株式会社エルキオ,神奈川県横浜市中区麦田町１丁目１０番地,2020-04-09,株式会社
株式会社エンタープライズ,長野県諏訪市大字四賀１５４９番地６,2020-04-09,株式会社
株式会社エースコ設備,岡山県岡山市中区西川原３５５番地６,2020-04-09,株式会社
株式会社オズ,愛知県知多郡南知多町大字豊浜字豊浦３番地の３８,2020-04-09,株式会社
株式会社オードリー,大阪府泉大津市豊中町１丁目２番２号,2020-04-09,株式会社
株式会社オールアジア,東京都台東区浅草橋１丁目１－１０,2020-04-09,株式会社
株式会社カズエンタープライズ,神奈川県相模原市中央区中央２丁目１３番１７号,2020-04-09,株式会社
株式会社カムイ,北海道帯広市西十六条南５丁目２番４号,2020-04-09,株式会社
株式会社キーラク,長野県安曇野市三郷温４６００番地４１,2020-04-09,株式会社
株式会社クマレイ,神奈川県横浜市旭区今宿西町１９８番地３,2020-04-09,株式会社
株式会社クラナス,東京都港区西麻布３丁目２番４４号,2020-04-09,株式会社
株式会社クリームエンタテインメント,東京都新宿区新宿６丁目２７番２９号,2020-04-09,株式会社
株式会社クリーンテックホールディングス,東京都新宿区西新宿２丁目７番１号,2020-04-09,株式会社
株式会社グラフィックファーム,北海道夕張郡栗山町字日出３６番,2020-04-09,株式会社
株式会社ケンコー,神奈川県横浜市中区不老町１丁目１番地５横浜東芝ビル８Ｆ,2020-04-09,株式会社
株式会社ゲムトレ,東京都渋谷区恵比寿４丁目２０番３号恵比寿ガーデンプレイスタワー２７ＦＣＯＥＢＩ,2020-04-09,株式会社
株式会社コエムサ,愛知県知多市新知東町２丁目２３番地の９,2020-04-09,株式会社
株式会社ココカラ,北海道北斗市本町５丁目５番９号,2020-04-09,株式会社
株式会社サンクスアメニティ,大分県大分市大道町３丁目１番３－７０１号（シティパル大分駅南）,2020-04-09,株式会社
株式会社シダーアップ,東京都渋谷区初台２丁目２５番７号,2020-04-09,株式会社
株式会社シーサー,沖縄県宮古島市平良字下里９３４番地,2020-04-09,株式会社
株式会社シーティエル,徳島県徳島市飯谷町本谷３８番地１,2020-04-09,株式会社
株式会社ジオニックシティライン,愛知県名古屋市瑞穂区陽明町１丁目１番地の１－７０２号,2020-04-09,株式会社
株式会社ジャパンエアリアル,大阪府松原市天美我堂７丁目４６２番地,2020-04-09,株式会社
株式会社ジョインボ,愛知県愛西市柚木町前田面５７３番地,2020-04-09,株式会社
株式会社スタジアムエクスペリメント,東京都渋谷区猿楽町２８番１０号モードコスモスビル３Ｆ代官山ＴＯＫＯ,2020-04-09,株式会社
株式会社スターライト,青森県八戸市小中野５丁目２番５号大町マンション５Ｆ,2020-04-09,株式会社
株式会社スターリー,千葉県千葉市緑区誉田町２丁目２１番地１６８７フィールドヒルズＢ２０１号,2020-04-09,株式会社
株式会社ストーリア,石川県金沢市山科３丁目４番２１号,2020-04-09,株式会社
株式会社セイコーカンパニー,東京都北区西ケ原３丁目３１番２号,2020-04-09,株式会社
株式会社ゼロベースプロモーション,神奈川県横浜市西区平沼１丁目１３番１４－７０６号,2020-04-09,株式会社
株式会社ソルトターミナル,長野県塩尻市大字宗賀１７９７番地１,2020-04-09,株式会社
株式会社タカギ,愛知県一宮市今伊勢町馬寄字西更屋敷２３番地３,2020-04-09,株式会社
株式会社タナカ工業,埼玉県鶴ヶ島市富士見２丁目３３番３号コジマコーポ２０１号,2020-04-09,株式会社
株式会社ダブルリストレット,神奈川県川崎市多摩区登戸新町１０２番地１,2020-04-09,株式会社
株式会社テイク,東京都葛飾区亀有５丁目２２番６号,2020-04-09,株式会社
株式会社デサフィオ,静岡県静岡市葵区吉野町４番７号,2020-04-09,株式会社
株式会社デザインパーソン,愛知県名古屋市東区出来町２丁目５番１９号,2020-04-09,株式会社
株式会社トリコジ,大阪府大阪市港区波除１丁目１番３７－１２０５号,2020-04-09,株式会社
株式会社トリニティ,東京都墨田区緑１丁目１４番６号,2020-04-09,株式会社
株式会社トータルライフサポート,佐賀県三養基郡基山町大字宮浦４８６番地１７６,2020-04-09,株式会社
株式会社ドウガイド,東京都千代田区三番町３０番地８第二生光ビル,2020-04-09,株式会社
株式会社ドリームケア,東京都世田谷区若林３丁目１７番１２号,2020-04-09,株式会社
株式会社ナガコウ,大阪府羽曳野市島泉２丁目８番２０号,2020-04-09,株式会社
株式会社ネクサス,愛知県江南市赤童子町良原３番地１,2020-04-09,株式会社
株式会社ネクストフロンティア,東京都立川市錦町１丁目４番地の４サニービル２Ｆ,2020-04-09,株式会社
株式会社ハク,愛知県名古屋市守山区中新１番１０号（ＯＳ・ＳＫＹマンション城下Ｄ－６号）,2020-04-09,株式会社
株式会社ハマデザイン,愛知県日進市米野木町三ケ峯４番地２９８,2020-04-09,株式会社
株式会社バリューメディカル,東京都渋谷区道玄坂２丁目１６番４号,2020-04-09,株式会社
株式会社ビューティリサーチ＆デベロップメント,東京都目黒区上目黒１丁目３番１２号中目黒ＬＫビル２Ｆ,2020-04-09,株式会社
株式会社ビルケア沖縄,沖縄県宜野湾市字大謝名１８０番地ヴェル・ドミール・Ｍ３０３号,2020-04-09,株式会社
株式会社ファーストペンギン,大阪府大阪市北区中之島４丁目３番２０－１１０３号,2020-04-09,株式会社
株式会社フィールド,大阪府大阪市西区靱本町１丁目５－１８ミフネ本町ビル６０２,2020-04-09,株式会社
株式会社フェザーアイランド,神奈川県横浜市鶴見区下野谷町４丁目１８１番地,2020-04-09,株式会社
株式会社フェルナベイル,千葉県野田市中野台８３４番地の６,2020-04-09,株式会社
株式会社フォルモーント,神奈川県横浜市中区長者町１丁目１番地４,2020-04-09,株式会社
株式会社フジ健,静岡県袋井市豊沢２４２１番地の３,2020-04-09,株式会社
株式会社フレスカート,宮崎県宮崎市下北方町戸林５３３５番地１１,2020-04-09,株式会社
株式会社ブシロードミュージック・パブリッシング,東京都中野区中央１丁目３８番１号,2020-04-09,株式会社
株式会社ブリーズ,東京都新宿区新宿１丁目３４番９号,2020-04-09,株式会社
株式会社プラスワン,埼玉県草加市吉町２丁目４番１４号アンリシールＶ－１０１号,2020-04-09,株式会社
株式会社プレコヴィユニット,東京都大田区北千束１丁目３番５号,2020-04-09,株式会社
株式会社プログレスリテール,東京都港区西新橋２丁目１５番１７号,2020-04-09,株式会社
株式会社ベストバイ,北海道帯広市西十七条南３丁目４３番１３号,2020-04-09,株式会社
株式会社ホクショウ,山梨県甲府市国母６丁目６番８号,2020-04-09,株式会社
株式会社ホタルの家,大分県大分市大字野津原１３７１番地,2020-04-09,株式会社
株式会社ホットスタッフ北名古屋,愛知県北名古屋市西之保清水田７４番地,2020-04-09,株式会社
株式会社ボザール絵画研究室,石川県金沢市寺町４丁目８番９号,2020-04-09,株式会社
株式会社ポタリー,神奈川県相模原市南区当麻８９１番地１０,2020-04-09,株式会社
株式会社ポルト,愛知県清須市西枇杷島町上新１０４番地,2020-04-09,株式会社
株式会社マキ,愛知県長久手市戸田谷５１１番地ピアシティ林４０５号,2020-04-09,株式会社
株式会社マザーエール,三重県三重郡菰野町大字福村２３４番地５,2020-04-09,株式会社
株式会社マルモフォレスト,静岡県静岡市葵区諸子沢５９４番地,2020-04-09,株式会社
株式会社ミラクル,東京都町田市本町田２８０３番地フレイユ１０２,2020-04-09,株式会社
株式会社ミールデザイン,東京都港区白金台２丁目２６番１２－１１０４号,2020-04-09,株式会社
株式会社メガフードジャパン,静岡県浜松市西区入野町８８１５番地の１,2020-04-09,株式会社
株式会社メタルワークス,大阪府松原市上田４丁目７２７－１－３０３号,2020-04-09,株式会社
株式会社モビリティソリューションズ,東京都渋谷区富ヶ谷１丁目１４番１４号３階,2020-04-09,株式会社
株式会社モーイメディア,千葉県千葉市若葉区小倉町１７６４番地１８,2020-04-09,株式会社
株式会社ライズジャパン,愛知県名古屋市北区大曽根４丁目９番３３号プリンセス大曽根Ｂ１号室,2020-04-09,株式会社
株式会社ライフＤｅｓｉｇｎ,愛知県名古屋市瑞穂区白砂町３丁目６番地の７,2020-04-09,株式会社
株式会社ライブラ,福井県福井市大和田２丁目２０２番地оｐｍ３０３,2020-04-09,株式会社
株式会社ランカー,北海道札幌市東区北丘珠三条１丁目１０番２２号,2020-04-09,株式会社
株式会社ランド・クリエーション,東京都新宿区矢来町１０４番地３,2020-04-09,株式会社
株式会社リクラーク,北海道札幌市西区宮の沢二条４丁目１番４号,2020-04-09,株式会社
株式会社リスクサポート,福岡県大牟田市大字吉野１６３２番地１,2020-04-09,株式会社
株式会社リップルタウン,愛知県半田市青山４丁目２３番地の１１・５号,2020-04-09,株式会社
株式会社リフレル,東京都北区十条台１丁目３番２０－４０１号,2020-04-09,株式会社
株式会社リブ,岐阜県岐阜市南鶉６丁目１６番地,2020-04-09,株式会社
株式会社リベクトロ,東京都新宿区北新宿３丁目２番１－２００１号,2020-04-09,株式会社
株式会社ループ,愛知県名古屋市西区児玉２丁目１７番１８号,2020-04-09,株式会社
株式会社レイコミュニケーション,東京都品川区旗の台２丁目１１番６号プレイアデ旗の台４０２号室,2020-04-09,株式会社
株式会社レンジャー住設,徳島県徳島市八万町千鳥５７番地の３,2020-04-09,株式会社
株式会社ロゴフコーチ,宮城県伊具郡丸森町舘矢間舘山字賢中８６番地８,2020-04-09,株式会社
株式会社一德工業,兵庫県神戸市西区岩岡町岩岡３３５８番地の２,2020-04-09,株式会社
株式会社一心,石川県加賀市源平町６６番地,2020-04-09,株式会社
株式会社一縷建設,岐阜県岐阜市茜部新所４丁目４８番地,2020-04-09,株式会社
株式会社三利製作,神奈川県川崎市高津区宇奈根７２４番地１０,2020-04-09,株式会社
株式会社三好商会,北海道札幌市中央区大通西１８丁目１番地,2020-04-09,株式会社
株式会社世界文化社,東京都千代田区九段北４丁目２番２９号,2020-04-09,株式会社
株式会社中友農産,富山県小矢部市金屋本江１３７番地,2020-04-09,株式会社
株式会社中谷建築工房,滋賀県高島市安曇川町田中３２４４番地６０,2020-04-09,株式会社
株式会社五光産業,福岡県福岡市西区小戸１丁目４４番９号,2020-04-09,株式会社
株式会社京王厚木産業,神奈川県厚木市中依知１１３番地１,2020-04-09,株式会社
株式会社仲本開発,沖縄県中頭郡中城村字南上原４９４番地（１１１街区８画地）,2020-04-09,株式会社
株式会社住吉商事,東京都新宿区舟町７番地４０－５階,2020-04-09,株式会社
株式会社傳平商店,新潟県新潟市北区島見町５１６番地,2020-04-09,株式会社
株式会社優良企業認定支援機構,東京都港区港南２丁目１５番１号品川インターシティＡ棟２８階,2020-04-09,株式会社
株式会社元春,埼玉県深谷市上野台１７６番地１Ａ,2020-04-09,株式会社
株式会社光栄設備工業,愛知県春日井市六軒屋町字水附３４番地４２,2020-04-09,株式会社
株式会社八建,愛媛県松山市三町２丁目１５番１１号サンテラス三町Ｂ棟,2020-04-09,株式会社
株式会社創楽社,愛知県一宮市木曽川町黒田字地蔵西６番地１１,2020-04-09,株式会社
株式会社創研,東京都小平市大沼町２丁目４５番１８号,2020-04-09,株式会社
株式会社加々島建材,静岡県磐田市新貝１４７３番地,2020-04-09,株式会社
株式会社匠屋,埼玉県熊谷市本石１丁目８０番地,2020-04-09,株式会社
株式会社医療環境デザイン研究所,東京都江東区亀戸５丁目２番１３号諏訪ビル３階,2020-04-09,株式会社
株式会社十文字,栃木県宇都宮市海道町１５６番地１０,2020-04-09,株式会社
株式会社和子,愛知県安城市篠目町古林畔１００番地２,2020-04-09,株式会社
株式会社和水,福岡県福岡市東区若宮３丁目２１番２５－２０１号,2020-04-09,株式会社
株式会社和興社,北海道札幌市西区平和二条７丁目１番２５号,2020-04-09,株式会社
株式会社喜多猿八,香川県高松市松島町１丁目７番１７号,2020-04-09,株式会社
株式会社土いじり,長崎県長崎市琴海尾戸町３５７２番地,2020-04-09,株式会社
株式会社多摩湖エステート,東京都東村山市多摩湖町１丁目２９番１３号ハイム落合１０１,2020-04-09,株式会社
株式会社大和ホーム,神奈川県大和市南林間１丁目７番９号,2020-04-09,株式会社
株式会社大善,神奈川県相模原市中央区下九沢１２１６番地１３,2020-04-09,株式会社
株式会社大宜,滋賀県大津市本堅田６丁目２２－４６,2020-04-09,株式会社
株式会社大山,茨城県筑西市下中山６７１番地,2020-04-09,株式会社
株式会社大岩建設,兵庫県神戸市中央区熊内町４丁目６番１９－７０１号,2020-04-09,株式会社
株式会社大栄電商,埼玉県比企郡小川町大字腰越２０７番地１,2020-04-09,株式会社
株式会社大桃トラスト,東京都新宿区大久保１丁目１０番２３号,2020-04-09,株式会社
株式会社大輪,青森県八戸市大字根城字下町４８番地１,2020-04-09,株式会社
株式会社宮酒,神奈川県足柄上郡中井町井ノ口６９３番地の１０,2020-04-09,株式会社
株式会社寺村電工,京都府京都市西京区大枝中山町１番地２８４,2020-04-09,株式会社
株式会社寿ワークス,兵庫県尼崎市七松町３丁目６番１３号立花アイエイビル３Ｆ,2020-04-09,株式会社
株式会社山元農産,滋賀県甲賀市水口町泉２７９番地１,2020-04-09,株式会社
株式会社川口建設,福岡県大牟田市大字吉野５６１番地３,2020-04-09,株式会社
株式会社川蝉,群馬県前橋市大利根町１丁目２番地７,2020-04-09,株式会社
株式会社平設,埼玉県川口市大字藤兵衛新田８５番地,2020-04-09,株式会社
株式会社幸村,福岡県福岡市南区曰佐３丁目３９番２０号,2020-04-09,株式会社
株式会社御前崎ソーラーエナジー,大阪府堺市北区北花田町３丁３４番地１,2020-04-09,株式会社
株式会社恵とんキッチン,静岡県浜松市北区細江町中川１１９０番地の１,2020-04-09,株式会社
株式会社慈眼舎,静岡県浜松市中区蜆塚２丁目９番１４号,2020-04-09,株式会社
株式会社成龍,新潟県加茂市柳町２丁目４番２０号,2020-04-09,株式会社
株式会社新中央工業,埼玉県春日部市藤塚１８８７番地１２ハイム中島２０３号,2020-04-09,株式会社
株式会社日本不動産情報研究所,東京都新宿区新宿４丁目３番１７号,2020-04-09,株式会社
株式会社晃,埼玉県南埼玉郡宮代町本田２丁目３番９号吉田荘１０２号,2020-04-09,株式会社
株式会社未来ｉｎｎｏｖａｔｉｏｎ,大阪府堺市西区浜寺船尾町東４丁４３,2020-04-09,株式会社
株式会社杉山訪問ケア,徳島県徳島市富田橋４丁目４７番地７,2020-04-09,株式会社
株式会社村人Ａ,大阪府豊中市玉井町３丁目１１番２４号,2020-04-09,株式会社
株式会社東京ハウス,東京都世田谷区上北沢４丁目１７番２２号,2020-04-09,株式会社
株式会社東京ファクトリー,東京都中央区新富１丁目８番２号,2020-04-09,株式会社
株式会社東京リレーションズ,東京都港区西麻布４丁目１３番２３－８０３号,2020-04-09,株式会社
株式会社松栄,千葉県成田市大清水２１４番地１３コンフォーティア成田１０２,2020-04-09,株式会社
株式会社栗原物産,埼玉県新座市中野２丁目１０番８号,2020-04-09,株式会社
株式会社椎橋武史建築研究所,福岡県久留米市六ツ門町１３番地２０Ｋ－８ビル３階,2020-04-09,株式会社
株式会社榎本建設,和歌山県新宮市蜂伏１３番４号,2020-04-09,株式会社
株式会社橋本土木,福井県福井市林町第６０号１３番地１,2020-04-09,株式会社
株式会社次世代耐震工学研究所,愛知県名古屋市昭和区御器所町字木市２９番,2020-04-09,株式会社
株式会社正美,千葉県柏市柏７丁目６番３３号,2020-04-09,株式会社
株式会社泉,兵庫県尼崎市上ノ島町３丁目７番１０号,2020-04-09,株式会社
株式会社渡邊材木店,福岡県八女郡広川町大字日吉８７９番地１３,2020-04-09,株式会社
株式会社田中保険事務所,青森県上北郡おいらせ町上明堂１０７番地１,2020-04-09,株式会社
株式会社田中塗装店,福井県福井市月見５丁目１番１１号,2020-04-09,株式会社
株式会社盟建,大阪府松原市天美我堂６丁目６３番地（１０３号）,2020-04-09,株式会社
株式会社相互メディコム,東京都豊島区西巣鴨１丁目１２番１－１００４号,2020-04-09,株式会社
株式会社真仁商会,神奈川県横浜市青葉区荏子田３丁目２８番地６,2020-04-09,株式会社
株式会社矢野園,群馬県桐生市本町２丁目６番３０号,2020-04-09,株式会社
株式会社石橋表具店,福岡県福岡市東区水谷２丁目２０番３０号,2020-04-09,株式会社
株式会社社会調査研究センター,埼玉県さいたま市桜区大字下大久保２５５番地,2020-04-09,株式会社
株式会社福籠,大阪府堺市中区深井沢町３３４０番地,2020-04-09,株式会社
株式会社筑栄建設,福岡県久留米市三潴町高三潴６１番地１３,2020-04-09,株式会社
株式会社綿半ホームズ,長野県飯田市北方１０２３番地１,2020-04-09,株式会社
株式会社翔栄ステップ,東京都町田市下小山田町字宮ノ腰９３０－１、９３１,2020-04-09,株式会社
株式会社若松農園,岐阜県安八郡神戸町大字柳瀬１６０４番地の２,2020-04-09,株式会社
株式会社荒井設計,福井県坂井市丸岡町八丁第３号４６番地１,2020-04-09,株式会社
株式会社菅原設備工業,神奈川県小田原市千代５２７番地の６,2020-04-09,株式会社
株式会社藤内輪店,秋田県由利本荘市内越字平岡５６３番地,2020-04-09,株式会社
株式会社赤かべ,大阪府大阪市淀川区十三東２丁目７－１６,2020-04-09,株式会社
株式会社近江商人,東京都港区南青山４丁目１８番３－２０１号,2020-04-09,株式会社
株式会社野口総業,神奈川県横浜市磯子区氷取沢町１５０番地４－９棟５１１号,2020-04-09,株式会社
株式会社鈴板,静岡県浜松市中区神田町１００５番地,2020-04-09,株式会社
株式会社阪急レールウェイサービス,大阪府大阪市北区芝田１丁目１６番１号,2020-04-09,株式会社
株式会社雪梅商事,東京都豊島区巣鴨１丁目３６番５号,2020-04-09,株式会社
株式会社飲食店総合プロデュース,東京都世田谷区南烏山４丁目１３番３号スターホームズ千歳烏山１１３号,2020-04-09,株式会社
株式会社高浜商会,兵庫県淡路市久留麻２３５２番地,2020-04-09,株式会社
株式会社高野電気,愛知県愛西市北一色町北田面１８番地６,2020-04-09,株式会社
株式会社魁燕総合管理,青森県下北郡東通村大字小田野沢字浜通５０番地,2020-04-09,株式会社
株式会社鴇田工業,宮城県富谷市日吉台２丁目２６番地１８,2020-04-09,株式会社
株式会社麻布コミュニケーションズ,東京都港区西麻布３丁目２１番２２イニシアイオ西麻布５０７号,2020-04-09,株式会社
株式会社齋藤建設,神奈川県相模原市中央区東淵野辺５丁目１６番１－３０１号,2020-04-09,株式会社
株式会社ＡＬＩ　ＴＲＡＤＩＮＧ,愛知県津島市大木町字新田２６番地２,2020-04-09,株式会社
株式会社ＡＳＡＨＩ,愛媛県松山市保免上２丁目７番２８号,2020-04-09,株式会社
株式会社Ａｄｖｅｎｔｕｒｉｎｇ　Ｂｕｓｉｎｅｓｓ　Ｃｏｎｓｕｌｔａｎｔｓ,東京都中央区京橋１丁目１番５号京橋セントラルビル２Ｆ,2020-04-09,株式会社
株式会社ＢＥＡＴ　ＳＯＣＩＡＬ　ＳＰＯＲＴＳ,東京都世田谷区太子堂１丁目１２番２７－１００５号,2020-04-09,株式会社
株式会社ＢＩＧ,広島県広島市西区横川新町１３番２４号,2020-04-09,株式会社
株式会社ＢＬＵＥ３,宮城県仙台市若林区荒町１５３番地,2020-04-09,株式会社
株式会社ＢＲＡＶＯ　ＷＯＲＫＳ,大阪府松原市天美東７丁目１２番５－６１０号,2020-04-09,株式会社
株式会社Ｂｏｎｄ,神奈川県茅ヶ崎市芹沢９０番１,2020-04-09,株式会社
株式会社ＢｏｒｄｅｒＬｅＳＳ,大阪府大阪市中央区本町４丁目２－１２,2020-04-09,株式会社
株式会社Ｂｏｕｎｄａｒｙ,東京都千代田区六番町４番地５,2020-04-09,株式会社
株式会社Ｂｒａｖｅ,大阪府枚方市田口山１丁目３３番３号,2020-04-09,株式会社
株式会社Ｃ＆Ｍ,東京都新宿区新宿２丁目１５番２２号Ｌａｎｄｗｏｒｋ新宿ビル８階,2020-04-09,株式会社
株式会社ＣＬＥＡＲ　ＦＬＡＴ,東京都新宿区四谷４丁目６番地６－４０２号,2020-04-09,株式会社
株式会社ＣＬＩＭＢ,千葉県市川市八幡３丁目２７番５号,2020-04-09,株式会社
株式会社ＣＴＤエンタープライズ,千葉県千葉市中央区弁天１丁目２番１２号沼澤ビル２階,2020-04-09,株式会社
株式会社Ｃａｔｔｅｒｙ椿,徳島県徳島市山城町東浜傍示５１番地２１,2020-04-09,株式会社
株式会社ＣｒａｆｔｉＱ,愛媛県松山市北梅本町８０７番地,2020-04-09,株式会社
株式会社ＤＸ　Ｃａｔａｌｙｓｔ,東京都品川区上大崎３丁目１番１号,2020-04-09,株式会社
株式会社ＥＡＲＴＨ　ＣＯＬＯＲＳ,愛知県岡崎市柱町字東荒子１４０番地３,2020-04-09,株式会社
株式会社ＥＩＧＨＴ,神奈川県横浜市中区南仲通１丁目３番地ウエリス横濱日本大通り６０３,2020-04-09,株式会社
株式会社ＥＭＰＴＹ　ＩＮＣ,東京都渋谷区神宮前４丁目１７番９号,2020-04-09,株式会社
株式会社ＥＳＴＡＶＥ,岐阜県土岐市下石町１６５１番地の５,2020-04-09,株式会社
株式会社ＥＷｏｒｋｓ,熊本県熊本市北区弓削１丁目２番６７号,2020-04-09,株式会社
株式会社Ｅｔｈｉｃｓ　ａｎｄ　Ｂｅｌｉｅｆ,愛知県名古屋市千種区猫洞通３丁目１１番地メゾン猫洞一階店舗Ｄ,2020-04-09,株式会社
株式会社ＦＬＡＰ,東京都墨田区両国４丁目１７番２－６０３号,2020-04-09,株式会社
株式会社ＦＯＲＴＵＮＡ,東京都足立区大谷田４丁目１３番８ー３０１号,2020-04-09,株式会社
株式会社ＦＵＮＤ　ＭＩＸ,愛知県東海市中ノ池５丁目９番地の１２,2020-04-09,株式会社
株式会社Ｆｅａｔｈｅｒｓ,愛知県知多市金沢字郷中２７６番地,2020-04-09,株式会社
株式会社Ｇ－ＰＡＳＳ,大阪府大阪市中央区博労町２丁目６－７－４Ｆ,2020-04-09,株式会社
株式会社ＧＯＮ,滋賀県東近江市幸町１番３９号ＮＯＡＡⅠ２０１号室,2020-04-09,株式会社
株式会社ＧＲＯＭ,東京都品川区西五反田２丁目３１番１１－９０３号,2020-04-09,株式会社
株式会社Ｈ．Ｉ．Ｃ不動産,長野県松本市大字島立１０８０番地６,2020-04-09,株式会社
株式会社ＨＩＶＡ,東京都新宿区高田馬場２丁目１４番２号新陽ビル９０２,2020-04-09,株式会社
株式会社ＨＴＳ,鹿児島県出水郡長島町指江８７番地９,2020-04-09,株式会社
株式会社Ｉ・ＬＥＡＰ,奈良県大和高田市旭南町２番２－３１６号,2020-04-09,株式会社
株式会社Ｉ．Ｏ．Ｃ,神奈川県伊勢原市上粕屋２５３８番地の１,2020-04-09,株式会社
株式会社ＩＫＯＩ,大阪府大阪市西区北堀江１丁目１４－１９北堀江レジデンス３１１,2020-04-09,株式会社
株式会社ＩＭＡＧＩＮＡＴＥ,東京都江東区三好２丁目３番１２号,2020-04-09,株式会社
株式会社ＩＰＰ５６不動産,滋賀県大津市里７丁目２番１３号,2020-04-09,株式会社
株式会社ＪＡＰＡＮ　ＡＵＴＯ　ＩＮＴＥＲＮＡＴＩＯＮＡＬ,京都府八幡市上津屋浜垣内１１８番３,2020-04-09,株式会社
株式会社ＪＣＴＮ,大阪府大阪市北区堂島浜１丁目４番４号アクア堂島フォンターナ３階,2020-04-09,株式会社
株式会社ＪＯＧＳ,千葉県印旛郡栄町酒直台２丁目３１番４号,2020-04-09,株式会社
株式会社ＪＴＡ,東京都板橋区西台３丁目１５番８－２１０号,2020-04-09,株式会社
株式会社Ｋ‐ｓｔｙｌｅ,静岡県駿東郡清水町柿田９２９番地の３,2020-04-09,株式会社
株式会社Ｋ’ｓ　ｃｏ－ｌａｂ,長崎県長崎市大黒町１０番１０号ＫＯＫＯＲＯビル６Ａ１号室,2020-04-09,株式会社
株式会社Ｋ．Ｕ．プランニング,東京都昭島市宮沢町２丁目２７番３９号,2020-04-09,株式会社
株式会社ＫＥＥＬＯＯＰ,愛知県名古屋市中区錦２丁目６番２４号,2020-04-09,株式会社
株式会社ＫＭＤ,東京都品川区東品川１丁目１３番４号,2020-04-09,株式会社
株式会社ＫＲＧ,埼玉県行田市大字堤根７６２番地１,2020-04-09,株式会社
株式会社ＫＲＴ,埼玉県越谷市南越谷３丁目２１番４－１号,2020-04-09,株式会社
株式会社ＬоＧ,大阪府大阪市西成区千本北１丁目１３番３号,2020-04-09,株式会社
株式会社Ｌ２Ｒ,東京都新宿区高田馬場１丁目３１番８号,2020-04-09,株式会社
株式会社ＬＩＥＮ,愛知県名古屋市名東区明が丘６０番地,2020-04-09,株式会社
株式会社ＬＩＮＯ,東京都世田谷区代田４丁目３５番１７号,2020-04-09,株式会社
株式会社ＬＩＴＡＬＩＣＯメディア＆ソリューションズ,東京都目黒区上目黒２丁目１番１号,2020-04-09,株式会社
株式会社ＬＯＤＡＴ,神奈川県横浜市西区南幸２丁目２１番１０号ラピス南幸１Ｆ,2020-04-09,株式会社
株式会社Ｌａｎｄ　ａｎｄ　Ｌｉｆｅ,東京都港区白金１丁目１７番１号,2020-04-09,株式会社
株式会社ＬｉＲｅＧ,東京都練馬区練馬１丁目２０番８号日建練馬ビル２Ｆ,2020-04-09,株式会社
株式会社Ｌｉｂｅｒｔｅ,広島県福山市神辺町大字新徳田５５番地,2020-04-09,株式会社
株式会社Ｌｕｃｉｅｎ　Ｔｒａｄｉｎｇ,千葉県四街道市旭ケ丘４丁目５番１号,2020-04-09,株式会社
株式会社Ｍ－Ｌｉｎｋ,東京都品川区西五反田２丁目１０番８号,2020-04-09,株式会社
株式会社ＭＡＧ,長野県飯田市上郷黒田３０９７番地,2020-04-09,株式会社
株式会社ＭＣ　ｍａｈａｌｏ,長野県安曇野市穂高北穂高９９番地１,2020-04-09,株式会社
株式会社ＭＤ－ＢＡＳＥ,埼玉県熊谷市代４９８番地５,2020-04-09,株式会社
株式会社ＭＭＦ,大阪府大阪市生野区中川２丁目１番３－１１０６号,2020-04-09,株式会社
株式会社ＭＴＳ,兵庫県神戸市中央区北長狭通４丁目２番１９アムズ元町ビル４Ｆ,2020-04-09,株式会社
株式会社ＭｏｍｏｎｇａｆＧｏ　Ｂｒｏｔｈｅｒｓ,東京都世田谷区太子堂４丁目７番３－１００１号,2020-04-09,株式会社
株式会社ＮＣＩ　ＪＡＰＡＮ,東京都品川区大崎２丁目７番３０号,2020-04-09,株式会社
株式会社ＮＥＸＴＡ,大分県大分市明野東２丁目３４番１０－２０３号,2020-04-09,株式会社
株式会社ＮＩＣＯＡＲＣ,神奈川県相模原市中央区上溝２３９４番地１１,2020-04-09,株式会社
株式会社Ｎｅｖｅｒ,大阪府大阪市城東区東中浜６丁目１４番２３号,2020-04-09,株式会社
株式会社Ｏプロモーション,岩手県紫波郡矢巾町大字又兵エ新田第４地割３２９番地,2020-04-09,株式会社
株式会社Ｏ・Ｎインテリア,沖縄県宮古島市平良字下里１０８２番地１６－１０１,2020-04-09,株式会社
株式会社Ｏ．Ｄ．Ａ,和歌山県和歌山市園部５４９番地,2020-04-09,株式会社
株式会社ＯＷＳ,東京都大田区上池台２丁目１３番９号,2020-04-09,株式会社
株式会社ＯｎＹｏｕｒＳｉｄｅ,愛知県名古屋市南区鶴田２丁目８番１０号グランデール鶴田１０２号,2020-04-09,株式会社
株式会社ＰＦコーポレーション,東京都台東区東上野２丁目１３番４号さかえビル５階,2020-04-09,株式会社
株式会社Ｐｏｃｋｅｔ,大阪府大阪市西区江戸堀２丁目１－１江戸堀センタービル９階,2020-04-09,株式会社
株式会社ＲＩＮ,千葉県袖ケ浦市代宿１０７９番地２０,2020-04-09,株式会社
株式会社ＲＩＶ　ＮＯＴＨ,熊本県熊本市東区御領８丁目８番１０号,2020-04-09,株式会社
株式会社ＲＯＡＤ,東京都町田市相原町３３３１番地５,2020-04-09,株式会社
株式会社ＲＵ,東京都練馬区桜台５丁目１８番１６号,2020-04-09,株式会社
株式会社Ｒｅｊｕｖ,岐阜県岐阜市六条北３丁目２０番１０号,2020-04-09,株式会社
株式会社Ｒｉ－Ｐｌｕｓ,東京都渋谷区鶯谷町１９－１９第三叶ビル３０３,2020-04-09,株式会社
株式会社Ｒｉｏｇｒａｎｄｅ,大阪府大阪市淀川区東三国６丁目２５番３－１０１号,2020-04-09,株式会社
株式会社Ｒｉｒｉａｎ,神奈川県相模原市緑区橋本３丁目２９番６号橋本センタービル１Ｆ,2020-04-09,株式会社
株式会社Ｒｏｘｙ,愛知県名古屋市西区宝地町３５８番地の２,2020-04-09,株式会社
株式会社Ｒｙｕｒｉｓｅ,東京都台東区柳橋１丁目１番１０号,2020-04-09,株式会社
株式会社ＳＫホールディングス,宮城県仙台市宮城野区岩切分台１丁目８番地の４,2020-04-09,株式会社
株式会社ＳＫＹ　ＭＯＶＩＥ,沖縄県那覇市字真地２４２番地２,2020-04-09,株式会社
株式会社ＳＮＳ,東京都品川区東五反田４丁目１０番９号,2020-04-09,株式会社
株式会社ＳＯＵＫＩ,静岡県浜松市南区石原町３４８番地,2020-04-09,株式会社
株式会社ＳＵＭＩＬＥ,大阪府箕面市粟生新家２丁目１２番２０号,2020-04-09,株式会社
株式会社Ｓｅｍｏｃａ,神奈川県平塚市中原２丁目２３番３０号,2020-04-09,株式会社
株式会社Ｓｈｒｉｍｐ　Ｓｔａｒｓ,東京都港区六本木６丁目７番１７号,2020-04-09,株式会社
株式会社Ｓｕｇａｒ　ｌｏｖｅ,富山県富山市古沢４１０番地２,2020-04-09,株式会社
株式会社ＴＫ工業,埼玉県戸田市喜沢１丁目５０－１２,2020-04-09,株式会社
株式会社ＴＲＵＳＤＤＹ,愛知県名古屋市名東区明が丘６０番地,2020-04-09,株式会社
株式会社ＴＵ,東京都新宿区横寺町３７番地９,2020-04-09,株式会社
株式会社Ｔｈｉｎｋｓ,愛知県海部郡蟹江町大字須成字打越２０３７番地５０,2020-04-09,株式会社
株式会社Ｔｏｐ　Ｈｏｕｓｅ,新潟県村上市浜新田１４２番地,2020-04-09,株式会社
株式会社Ｔｏｓｈｉ　Ｌｉｎｋ,愛知県名古屋市東区泉１丁目１２番２５号,2020-04-09,株式会社
株式会社ＷＦ,愛知県名古屋市守山区川村町３３２番地,2020-04-09,株式会社
株式会社ＷＯＯＤＭＡＮ　ＫＡＭＡＫＵＲＡ,神奈川県鎌倉市浄明寺２丁目１番９号,2020-04-09,株式会社
株式会社ＸＧＩＧ,東京都世田谷区北沢３丁目６番１６号,2020-04-09,株式会社
株式会社ＹＺＡ,愛知県名古屋市守山区川北町１６６番地,2020-04-09,株式会社
株式会社Ｙｃｒｅｅｋ,福岡県福岡市早良区飯倉４丁目５番５号,2020-04-09,株式会社
株式会社Ｙｏｕｒ　Ｖａｌｕｅ　Ｐａｒｔｎｅｒ,大阪府寝屋川市日之出町１番１２号,2020-04-09,株式会社
株式会社ＺＮ,東京都大田区久が原４丁目２８番６号,2020-04-09,株式会社
株式会社Ｚｉｏｎ,三重県伊勢市黒瀬町８４６番地,2020-04-09,株式会社
株式会社ａｉｍ,埼玉県川口市赤井１丁目２８番３３号,2020-04-09,株式会社
株式会社ａｚｅｍｉｃｈｉ,香川県高松市香川町川東上２０１０番地２,2020-04-09,株式会社
株式会社ｂ－ｌｉｇｈｔ,千葉県船橋市夏見台１丁目２番２棟４０２号,2020-04-09,株式会社
株式会社ｅ環境デザイン,千葉県佐倉市上志津１１７６番地３,2020-04-09,株式会社
株式会社ｅ－ｗａｖｅｓ,東京都港区新橋３丁目７番３号新橋フォディアビル８Ｆ,2020-04-09,株式会社
株式会社ｆ．ｃｏｎｎｅｃｔ,神奈川県川崎市川崎区砂子２丁目８番地１,2020-04-09,株式会社
株式会社ｆｏｏｄｒａｎｔ,福岡県福岡市中央区那の津２丁目１０番８号オフィスパレア天神北ⅠＡ棟１号室,2020-04-09,株式会社
株式会社ｈｅｒｏｅｓ,大阪府堺市東区白鷺町３丁１３番７号,2020-04-09,株式会社
株式会社ｉ　Ｂｅｌｉｅｖｅ,東京都渋谷区神宮前６丁目１２番６号Ｊ－ｃｕｂｅＢ棟２Ｆ,2020-04-09,株式会社
株式会社ｏｒａｎｇｅ,埼玉県朝霞市西弁財２丁目２番２４号,2020-04-09,株式会社
株式会社ｐｏｔａｔｏ,大阪府門真市島頭３丁目１４番２４号,2020-04-09,株式会社
株式会社ｓｏｉｌ,神奈川県大和市中央２丁目７番２号１Ｆ,2020-04-09,株式会社
株式会社ｓｔａｎｄ．ｆｍ,東京都港区南青山５丁目１７－２－４０２,2020-04-09,株式会社
株式会社ｕｎｉｄｏａ,大阪府大阪市北区堂山町一丁目５番地三共梅田ビル７階,2020-04-09,株式会社
株式会社ｗａｋｕｗａｋｕ　ｍａｎｉａ,福岡県福岡市博多区中洲中島町３番１５,2020-04-09,株式会社
澤建合同会社,東京都荒川区東日暮里６丁目４６番７－３０１号,2020-04-09,合同会社
特定非営利活動法人つどいの広場きしゃぽっぽ寝屋川,大阪府寝屋川市萱島信和町１３番１号丸信リバーサイドコーポ２棟１０３号,2020-04-09,その他の設立登記法人
特定非営利活動法人グリーフケアサイエンス協会,福岡県筑紫野市二日市中央２丁目４番１７－５０１号,2020-04-09,その他の設立登記法人
特定非営利活動法人スキーホリデーで冬季滞在型観光を振興する会,北海道旭川市永山北二条９丁目１３番地の５,2020-04-09,その他の設立登記法人
特定非営利活動法人ユニバーサル運動教室,山梨県山梨市大野９５２番地の６,2020-04-09,その他の設立登記法人
特定非営利活動法人元気だ下條,長野県下伊那郡下條村睦沢８８０１番地１,2020-04-09,その他の設立登記法人
特定非営利活動法人城南・風景とまちづくりクラブ,東京都品川区旗の台６丁目１０番２号,2020-04-09,その他の設立登記法人
特定非営利活動法人松山福祉作業所,愛媛県松山市北斎院町４８４番地１,2020-04-09,その他の設立登記法人
特定非営利活動法人海未来,大阪府大阪市中央区松屋町５－５,2020-04-09,その他の設立登記法人
特定非営利活動法人鹿島田・新川崎まちづくりの会,神奈川県川崎市幸区鹿島田１丁目４番５８号,2020-04-09,その他の設立登記法人
生長会テクノ合同会社,埼玉県坂戸市大字片柳１６５７－８,2020-04-09,合同会社
番匠株式会社,東京都練馬区東大泉７丁目１９番１４号,2020-04-09,株式会社
白石陸上風力発電合同会社,東京都港区新橋６丁目１７番２１号,2020-04-09,合同会社
矢田郷地区まちづくり協議会,石川県七尾市本府中町ヲ部３８番地,2020-04-09,その他
社会保険労務士法人ＭＡＳＥ,愛知県丹羽郡扶桑町大字柏森字天神１３４番地,2020-04-09,その他の設立登記法人
社会福祉法人しもみや,大阪府和泉市下宮町３５７番地,2020-04-09,その他の設立登記法人
社会福祉法人森の風学舎,三重県三重郡菰野町大字千草１６２２番地,2020-04-09,その他の設立登記法人
社会福祉法人白砂福祉会,広島県広島市佐伯区湯来町大字白砂字棡市場１５１番地,2020-04-09,その他の設立登記法人
福助ＧｌｏｂａｌＥｎｅｒｇｙ株式会社,兵庫県相生市那波野７７６番地の１,2020-04-09,株式会社
秀吉株式会社,愛知県あま市上萱津薬師７１番地,2020-04-09,株式会社
税理士法人ビジネスソリューションズ,愛媛県松山市朝生田町７丁目１番１１号,2020-04-09,その他の設立登記法人
税理士法人茂野経理事務所,新潟県五泉市北五泉駅前７４９番地４,2020-04-09,その他の設立登記法人
税理士法人都心綜合会計事務所,東京都新宿区神楽坂２丁目１６番５号松田ビル２０１,2020-04-09,その他の設立登記法人
糸島佐賀洋上風力発電合同会社,東京都港区新橋６丁目１７番２１号,2020-04-09,合同会社
糸島北佐賀洋上風力発電合同会社,東京都港区新橋６丁目１７番２１号,2020-04-09,合同会社
糸島玄海洋上風力発電合同会社,東京都港区新橋６丁目１７番２１号,2020-04-09,合同会社
糸島西九州洋上風力発電合同会社,東京都港区新橋６丁目１７番２１号,2020-04-09,合同会社
臨空綜合事業協同組合,大阪府泉佐野市中町４丁目１－２５カーサ・エスポワール１０５号室,2020-04-09,その他の設立登記法人
藤村株式会社,愛知県名古屋市千種区富士見台１丁目２５番地,2020-04-09,株式会社
袖ケ江地区地域づくり協議会,石川県七尾市湊町１丁目１４５番地の１,2020-04-09,その他
諸戸グループマネジメント株式会社,三重県桑名市太一丸１８番地,2020-04-09,株式会社
賽勢株式会社,大阪府大阪市浪速区元町３丁目１１番９－１０６号,2020-04-09,株式会社
那須野企画合同会社,栃木県大田原市北野上３０６番地,2020-04-09,合同会社
銀座三丁目プロジェクト合同会社,東京都新宿区山吹町３６５番地１,2020-04-09,合同会社
鎌田屋株式会社,埼玉県川越市むさし野南１番地１,2020-04-09,株式会社
長坂工業株式会社,愛知県知多市八幡字東大清水１１９番地の２,2020-04-09,株式会社
長浜市商工会,滋賀県長浜市湖北町速水２７４５番地,2020-04-09,その他の設立登記法人
関東テクリンク株式会社,茨城県日立市塙山町１丁目１５番１４号,2020-04-09,株式会社
関西サインラボ株式会社,和歌山県和歌山市松江１３３１番地１６,2020-04-09,株式会社
関西相互住宅株式会社,兵庫県神戸市中央区国香通４丁目１番８－１０３号,2020-04-09,株式会社
鬼塚トラスト株式会社,東京都江東区東陽４丁目７番３５号,2020-04-09,株式会社
Ａ－ＩＮＮＯＶＡＴＩＯＮ株式会社,青森県八戸市大字湊町字新井田道３０番地１６,2020-04-09,株式会社
Ａ－ＮＥ株式会社,福岡県福岡市中央区大名２丁目１番１３号,2020-04-09,株式会社
ＡＬＪ　ＤＸＴｅｃｈ株式会社,東京都新宿区新宿３丁目２番１号,2020-04-09,株式会社
ＡＮＧＥ合同会社,埼玉県本庄市柏１丁目１１－３３,2020-04-09,合同会社
ＡＲＣＴＳ合同会社,東京都千代田区九段南１丁目５－６りそな九段ビル５Ｆ,2020-04-09,合同会社
Ａｏｕｑｓ　Ｏｎｌｉｎｅ　Ｓｅｒｖｉｃｅ株式会社,熊本県熊本市中央区新市街１番２８号ＰＬＡＣＥ花畑ビル６Ｆ,2020-04-09,株式会社
Ａｏｚｏｒａ　Ｎｏｒｔｈ　Ａｍｅｒｉｃａ．Ｉｎｃ．,東京都世田谷区奥沢５丁目２８番１号,2020-04-09,外国会社等
Ａｓｔｏｎ　Ａｒｔｗｏｒｋｓ合同会社,埼玉県熊谷市見晴町２０５番地,2020-04-09,合同会社
Ｂ＆ｂ　Ｐａｒｔｎｅｒｓ合同会社,東京都足立区綾瀬３丁目６番１４－２０２号,2020-04-09,合同会社
ＢＬＥＵ　ＦＵＭＥ株式会社,愛知県名古屋市中村区竹橋町１１番５号ＡＲＫＰＯＩＮＴ６０２,2020-04-09,株式会社
Ｂｒｅｚｚａ株式会社,大阪府吹田市円山町４番１３号（１０１）,2020-04-09,株式会社
ＣＥＲＯ株式会社,愛知県名古屋市北区六が池町４８６番地,2020-04-09,株式会社
Ｃｈｉｌｄ　Ｌｉｌｙ株式会社,愛知県小牧市小牧４丁目８８３番地,2020-04-09,株式会社
Ｃｏ－Ｃｒｅａｔｅ　Ｅｎｖｉｒｏｎｍｅｎｔ株式会社,熊本県熊本市中央区上通町２番１７号びぷれす熊日会館７階,2020-04-09,株式会社
ＤＡＺＮ　ＭＥＤＩＡ　ＣＨＡＮＮＥＬＳ　ＬＩＭＴＥＤ,,2020-04-09,外国会社等
ＧＥＮＫＩクリエイション合同会社,埼玉県さいたま市浦和区元町１丁目１５番１５－５号,2020-04-09,合同会社
ＧＲＣ合同会社,東京都大田区蒲田４丁目４７番５号７０１号室,2020-04-09,合同会社
Ｇｌｏｔｅｃｈ　ＪＡＰＡＮ合同会社,神奈川県横浜市青葉区すすき野２丁目５－４－１０１,2020-04-09,合同会社
ＨＡＶＵ合同会社,東京都港区南青山２丁目２番１５－９４２号ウィン青山,2020-04-09,合同会社
ＨＩＪ株式会社,滋賀県犬上郡多賀町大字多賀１８３５番地１０,2020-04-09,株式会社
ＨＹＴホールディングス株式会社,茨城県水戸市元石川町２６６６番地の７,2020-04-09,株式会社
Ｈａｐｐｙ　ＳｉｍＬａｂ．合同会社,福井県福井市順化１丁目１３番３号ＳＮＯＷ片町,2020-04-09,合同会社
ＪＡＰＡＮ　ＧＯＧＯ株式会社,福岡県福岡市東区千早５丁目２１番８号鶴石ビル６階,2020-04-09,株式会社
ＪＫＴＬ株式会社,東京都足立区西新井２丁目２８番１０－１０１号,2020-04-09,株式会社
ＫＡＮＡ合同会社,東京都荒川区西日暮里５丁目１番１８号,2020-04-09,合同会社
ＫＥＩＴＡＭ合同会社,東京都世田谷区砧２丁目１番１３号,2020-04-09,合同会社
ＬＵＸＵＲＹ　ＧＥＭ株式会社,鹿児島県薩摩川内市宮崎町３６１０番地１,2020-04-09,株式会社
Ｌｅｓｔｉａ株式会社,愛知県津島市新開町４丁目１７３番地,2020-04-09,株式会社
Ｍ＆Ｔ株式会社,神奈川県逗子市久木８丁目１７番１２号,2020-04-09,株式会社
Ｍ．Ｉマネジメント合同会社,三重県松阪市垣鼻町５５４番地１６,2020-04-09,合同会社
ＭＡｃｏｍｐａｎｙ株式会社,大阪府大東市栄和町１６番１７号ＯｎｅＳｔｅｐＢ２０１号,2020-04-09,株式会社
ＭＳＲ株式会社,岡山県倉敷市真備町岡田４００番地３,2020-04-09,株式会社
Ｍｅｅｔｓ　Ｎａｋａｓｅｎｄｏ合同会社,岐阜県中津川市柳町３番３８号,2020-04-09,合同会社
Ｍｅｔａホールディングス株式会社,東京都台東区東上野３丁目３０番１０号和光ビル６階,2020-04-09,株式会社
Ｍｙ　ｆｉｒｓｔ合同会社,大阪府堺市美原区丹上３３６－６,2020-04-09,合同会社
ＮＡＧＩ株式会社,京都府京都市中京区西ノ京中御門東町１１９番地３,2020-04-09,株式会社
ＮＪＳホールディングス株式会社,埼玉県狭山市狭山台４丁目２２番地の２,2020-04-09,株式会社
ＮＳハートフルサービス東海株式会社,愛知県東海市富木島町葭野９７番地の１,2020-04-09,株式会社
ＮＴＰトヨタ信州株式会社,長野県松本市鎌田１丁目９番１３号,2020-04-09,株式会社
ＮＹアセットソリューションズ合同会社,千葉県佐倉市ユーカリが丘７丁目３５番１３号,2020-04-09,合同会社
Ｎｅｗ　Ｓｕｍｉｔｈ　Ａｕｔｏ　Ｍａｒｔ,茨城県古河市尾崎４４番地８ソワール尾崎１０１,2020-04-09,外国会社等
Ｏ・ＭＯＲＯ合同会社,神奈川県横浜市神奈川区白楽１００番２３スカイコート白楽Ａ－２０５号,2020-04-09,合同会社
ＯＥＦＴ株式会社,東京都世田谷区桜１丁目２０番１８号グウグウ２０１,2020-04-09,株式会社
ＯｒｄｅｒＢｙ株式会社,東京都港区高輪４丁目２３－６ハイホーム高輪７０８,2020-04-09,株式会社
Ｏｓｔｒａ株式会社,大分県国東市国東町富来浦字羽田７３１番地１４,2020-04-09,株式会社
ＰＬＵＳ　ＬＡＺＹ株式会社,東京都台東区橋場１丁目３６番８－４０７,2020-04-09,株式会社
Ｐｌａｎｎｉｎｇ　Ｏｆｆｉｃｅ　ＥＢＩ合同会社,北海道札幌市豊平区月寒東三条７丁目８－１６－１０１,2020-04-09,合同会社
ＲＺＯ　Ｅｎｔｅｒｔａｉｎｍｅｎｔ　Ｉｎｃ,,2020-04-09,外国会社等
ＳＡＫＯ合同会社,東京都渋谷区恵比寿南３丁目９－２０－２０３,2020-04-09,合同会社
ＳＴＡＭＰ合同会社,神奈川県川崎市中原区新丸子東２丁目９２６番地８,2020-04-09,合同会社
Ｓｅｏｌｔ　Ｆｒａｎｔｉｃ合同会社,広島県広島市南区段原日出１丁目１－７ＲｉｖｉｅｒｅＤａｎｂａｒａ６０２号室,2020-04-09,合同会社
Ｓｔｅｐ　Ｕｐ株式会社,埼玉県狭山市富士見１丁目２７番３号,2020-04-09,株式会社
Ｓｕｆｆｉｃｅ合同会社,東京都港区南青山２丁目２番１５号ウィン青山９４２,2020-04-09,合同会社
ＴＡＥパートナーズ株式会社,東京都千代田区平河町１丁目７番２２号２階,2020-04-09,株式会社
ＴＡＴＳＵ建装合同会社,福岡県北九州市小倉南区徳吉東５丁目８番２５号（２０１）,2020-04-09,合同会社
ＴＣＣ株式会社,東京都港区六本木７丁目２番２８－６０５号,2020-04-09,株式会社
Ｔｗｉｎ　Ｐａｒｋ　Ｐｒｏｐｅｒｔｙ　Ｌｉｍｉｔｅｄ,,2020-04-09,外国会社等
ＵＮＩＴＴ合同会社,神奈川県相模原市南区上鶴間本町３丁目１３番２３－１６０４号,2020-04-09,合同会社
ＶＲＳ株式会社,東京都渋谷区東２丁目２３番３号タゴシンビル７階,2020-04-09,株式会社
ＷＯＮＤＥＲＦＵＬ　ＬＥＡＤＥＲ　ＬＩＭＩＴＥＤ,東京都港区赤坂９丁目４－１,2020-04-09,外国会社等
Ｘ　Ｌｉｎｋｉｎｇ合同会社,東京都港区麻布狸穴町４４番地１－５１７,2020-04-09,合同会社
Ｙ’ｓ冷熱サポート株式会社,岐阜県関市小瀬長池町１２番地,2020-04-09,株式会社
ＹＭＳ　Ｄｅｖｅｌｏｐｍｅｎｔ　Ｎｉｓｅｋｏ株式会社,北海道虻田郡倶知安町北六条東８丁目１番地２０,2020-04-09,株式会社
ＺＥＮＢＵ株式会社,愛知県名古屋市中区正木３丁目１１番１１号,2020-04-09,株式会社
ＺａＺａ　Ｃｏｒｐｏｒａｔｉｏｎ株式会社,千葉県千葉市稲毛区稲毛東４丁目５番１号ウェリス稲毛１１５４号,2020-04-09,株式会社
ｅｖｅｒＹｏｎｅ株式会社,大阪府大阪市北区東天満１丁目１番１９号アーバンエース東天満２階,2020-04-09,株式会社
ｌｅａｆ株式会社,京都府京都市南区吉祥院南落合町４０番地京都十条団地２号棟５０７,2020-04-09,株式会社
ｔａｓｋａｌｌ株式会社,東京都港区北青山２丁目７－１３,2020-04-09,株式会社
ｕｎｒｅａｌ合同会社,愛知県名古屋市中区栄５丁目２６番３９号ＧＳ栄ビル３Ｆ,2020-04-09,合同会社
あきんどクリエイション合同会社,福島県耶麻郡猪苗代町大字若宮字中ノ原２８４４－６７,2020-04-10,合同会社
かぐや合同会社,東京都豊島区東池袋１丁目３６番３号池袋陽光ハイツ１００４号,2020-04-10,合同会社
きんきケア株式会社,大阪府岸和田市野田町１丁目１４番７号,2020-04-10,株式会社
さなる合同会社,静岡県浜松市西区大平台２丁目３１番５号,2020-04-10,合同会社
すばる株式会社,東京都八王子市泉町１９１０番地５０,2020-04-10,株式会社
なかた合同会社,愛媛県八幡浜市北浜１丁目６番５号,2020-04-10,合同会社
アイシーズ合同会社,神奈川県横浜市都筑区牛久保１丁目１０番７号,2020-04-10,合同会社
アスカマネージメント株式会社,福岡県福岡市博多区博多駅前２丁目１９番１７号トーカン博多第５ビル３１２号室,2020-04-10,株式会社
アルスビレ合同会社,神奈川県横浜市保土ケ谷区権太坂２丁目８番２３号,2020-04-10,合同会社
インサイトソリューションズ合同会社,東京都中央区築地４丁目１２番２号ライオンズマンション東銀座８０５,2020-04-10,合同会社
インディゴベア株式会社,沖縄県石垣市字平得５８番地４,2020-04-10,株式会社
イースマイルエステート株式会社,愛知県春日井市明知町１３３４番地１,2020-04-10,株式会社
エスブレンドストアー合同会社,東京都中央区銀座１丁目２２番１１号銀座大竹ビジデンス,2020-04-10,合同会社
エミライン社会保険労務士法人,東京都港区西麻布１丁目３番１６号池田ビル,2020-04-10,その他の設立登記法人
オレンジテック・ジャパン株式会社,広島県広島市西区東観音町３番２２号田中ビル４階,2020-04-10,株式会社
カナルホールディングス株式会社,愛知県弥富市五明４丁目６６番地,2020-04-10,株式会社
クルークライン株式会社,神奈川県横浜市瀬谷区卸本町９１５９番地４,2020-04-10,株式会社
クローバー株式会社,高知県高知市葛島４丁目６番６号,2020-04-10,株式会社
グッドサービング株式会社,神奈川県川崎市宮前区梶ケ谷１４５３番地８,2020-04-10,株式会社
グローブアイズ合同会社,東京都練馬区高松３丁目２４番２４号,2020-04-10,合同会社
コネクト・パーソンズ株式会社,沖縄県那覇市牧志２丁目６番３４号たからビル４階,2020-04-10,株式会社
サインポスト投資コンサルティング合同会社,東京都中央区新川１丁目３番２１号ＢＩＺＳＭＡＲＴ茅場町,2020-04-10,合同会社
サムライ・ホールディングス株式会社,東京都港区六本木６丁目２番３１号六本木ヒルズノースタワー９階,2020-04-10,株式会社
シャフトプラス合同会社,鹿児島県鹿児島市西伊敷３丁目４１番８号,2020-04-10,合同会社
シンキ興業株式会社,千葉県木更津市請西東７丁目１番地８１,2020-04-10,株式会社
ジャパングランドアンビュランスサービス株式会社,大阪府大阪市旭区高殿７丁目１８－１４,2020-04-10,株式会社
ジーピー株式会社,宮城県大崎市古川大宮３丁目２３３番３,2020-04-10,株式会社
スカロップ合同会社,茨城県牛久市中央３丁目１７番地６,2020-04-10,合同会社
スタークリエイト株式会社,愛知県尾張旭市旭前町３丁目６番地３プレミスト白鳳１１７号,2020-04-10,株式会社
スパークス・イノベーション・フォー・フューチャー株式会社,東京都港区港南１丁目２番７０号品川シーズンテラス,2020-04-10,株式会社
スプートニク合同会社,東京都町田市鶴間６丁目４６番９号,2020-04-10,合同会社
ゼニスサポート合同会社,神奈川県相模原市南区上鶴間２丁目１８番１１号,2020-04-10,合同会社
ソシオレジデンシャル２合同会社,東京都港区元赤坂１丁目１番７号,2020-04-10,合同会社
ダイヤモンドナレッジ・パートナーズ株式会社,東京都千代田区丸の内１丁目１番３号,2020-04-10,株式会社
ティアグレース株式会社,大阪府大阪市北区堂島１丁目２番２号,2020-04-10,株式会社
デジツウ株式会社,福岡県福岡市博多区堅粕３丁目１番１９号ＹＳビル３０５号室,2020-04-10,株式会社
トレーダーズマーケット合同会社,福岡県福岡市東区筥松３丁目６番３号,2020-04-10,合同会社
ドローネクスト株式会社,大阪府大阪市淀川区西中島６丁目３番２４号Ｍ４１８,2020-04-10,株式会社
ナチュラルスタイル株式会社,熊本県玉名郡長洲町大字宮野１１０３番地８,2020-04-10,株式会社
ファーストステージグループ合同会社,東京都千代田区丸の内３丁目２番２号丸の内二重橋ビルディング２Ｆ,2020-04-10,合同会社
ブルーステラ株式会社,神奈川県横浜市中区弥生町１丁目６番地,2020-04-10,株式会社
プライム製薬合同会社,福岡県福岡市中央区薬院１丁目１６番５号松井ビル７０１,2020-04-10,合同会社
プレイフェア株式会社,埼玉県蓮田市大字井沼７４２－４,2020-04-10,株式会社
ヘルスケア＆ビューティー合同会社,埼玉県草加市吉町３丁目６番４６号,2020-04-10,合同会社
ベルシンフォニ合同会社,福井県福井市加茂河原２丁目２０番１７号,2020-04-10,合同会社
ペプチグロース株式会社,東京都千代田区丸の内２丁目６番１号,2020-04-10,株式会社
マキコム商店合同会社,福岡県福岡市中央区浄水通１番１８－５０７号,2020-04-10,合同会社
マルヌマ潜水株式会社,青森県青森市久須志３丁目６番３号,2020-04-10,株式会社
ユキエデュケーションコンサルティング合同会社,東京都中央区新川２丁目２０番８－１２０４号,2020-04-10,合同会社
ユニベールホールディングス株式会社,石川県金沢市湊１丁目１５番地２,2020-04-10,株式会社
ライトアーム合同会社,東京都板橋区成増１丁目２５番２１号,2020-04-10,合同会社
ライフデザインＲ合同会社,神奈川県川崎市高津区末長２丁目１２番１９－５０６号,2020-04-10,合同会社
リアルブルーキャピタル合同会社,東京都千代田区九段南３丁目７番７号成和綜合会計事務所内,2020-04-10,合同会社
リアルブルーソーラー１合同会社,東京都千代田区九段南３丁目７番７号成和綜合会計事務所内,2020-04-10,合同会社
リアルブルーソーラー２合同会社,東京都千代田区九段南３丁目７番７号成和綜合会計事務所内,2020-04-10,合同会社
レイミ合同会社,東京都港区赤坂２丁目１７番５０－７１２号,2020-04-10,合同会社
レーマン中川株式会社,香川県高松市林町２５３５番地７,2020-04-10,株式会社
ロイヤルバッジ株式会社,大阪府大阪市東住吉区杭全５丁目１３番２９－３０２号,2020-04-10,株式会社
ロータスジャパン株式会社,神奈川県横浜市中区山下町２番地産業貿易センタービル２階,2020-04-10,株式会社
ワクワクインフルエンサー合同会社,青森県青森市東大野１丁目７番地５,2020-04-10,合同会社
ワールドライン株式会社,香川県木田郡三木町大字池戸１４３２番地９,2020-04-10,株式会社
一般社団法人あいラブバスケットボールクラブ,神奈川県海老名市下今泉１丁目６番１８号ＡＢ－１号室,2020-04-10,その他の設立登記法人
一般社団法人きりゅう市民活動推進ネットワーク,群馬県桐生市広沢町７丁目５１３４番地の１,2020-04-10,その他の設立登記法人
一般社団法人ふぁみりーホームはぐくみ,青森県上北郡野辺地町字鳥井平３４番地７,2020-04-10,その他の設立登記法人
一般社団法人みやこ観光まちづくり協会,福岡県京都郡みやこ町豊津８０番地,2020-04-10,その他の設立登記法人
一般社団法人みらいねっと弘前,青森県弘前市大字常盤坂３丁目１番地２４,2020-04-10,その他の設立登記法人
一般社団法人みんなのいえ,沖縄県南城市字つきしろ１６７８番地１４４,2020-04-10,その他の設立登記法人
一般社団法人ファルカオフットボールクラブ,埼玉県久喜市葛海三丁目５－２,2020-04-10,その他の設立登記法人
一般社団法人ミクロネシアボヤージング協会・横浜,神奈川県三浦郡葉山町堀内１１４５番地,2020-04-10,その他の設立登記法人
一般社団法人三代会,福岡県北九州市小倉北区原町１丁目４番２４号,2020-04-10,その他の設立登記法人
一般社団法人三重ユナイテッドスポーツクラブ,三重県松阪市久保町１８５５番地６７９,2020-04-10,その他の設立登記法人
一般社団法人不動産終活支援機構宮城,宮城県仙台市青葉区大町１丁目１番８号第３青葉ビル８階,2020-04-10,その他の設立登記法人
一般社団法人京都府防犯設備協会,京都府京都市上京区下立売通新町東入東立売町１９５防犯会館１階,2020-04-10,その他の設立登記法人
一般社団法人保育ルームいちご学童クラブ,埼玉県深谷市菅沼１６５番地,2020-04-10,その他の設立登記法人
一般社団法人医療トレーサビリティ推進協議会,東京都港区虎ノ門５丁目１１番１号オランダヒルズ森タワーＲｏＰ７０４号,2020-04-10,その他の設立登記法人
一般社団法人多良間村ふしゃぬふ観光協会,沖縄県宮古郡多良間村字仲筋９９番地２,2020-04-10,その他の設立登記法人
一般社団法人安全運転研究所,神奈川県秦野市緑町１７番１５号,2020-04-10,その他の設立登記法人
一般社団法人宮城県エクステリア協会,宮城県仙台市泉区上谷刈字山添１番地の１,2020-04-10,その他の設立登記法人
一般社団法人持続可能な社会のための日本下水道産業連合会,東京都千代田区内神田２丁目１０番１２号,2020-04-10,その他の設立登記法人
一般社団法人日本きもの連盟,京都府京都市下京区高辻通烏丸東入匂天神町６４２番地２スピードＢＬＤ．２階,2020-04-10,その他の設立登記法人
一般社団法人日本ヒューマンリレーション研究学会,埼玉県川口市大字木曽呂１５１０番地埼玉学園大学人間学部心理学科杉山雅宏研究室,2020-04-10,その他の設立登記法人
一般社団法人日本医療業務支援機構,福岡県北九州市戸畑区東鞘ケ谷町４番１２号,2020-04-10,その他の設立登記法人
一般社団法人日本未病ケア予防医学協会,大阪府大阪市淀川区西中島４丁目３番２１号,2020-04-10,その他の設立登記法人
一般社団法人日本空手拳道連合,奈良県生駒市小瀬町７９５番地１,2020-04-10,その他の設立登記法人
一般社団法人日本総合未来教育研究舎,神奈川県小田原市中町１丁目１５番１１号,2020-04-10,その他の設立登記法人
一般社団法人東京国際モンテッソーリ教師トレーニングセンター,神奈川県相模原市南区鵜野森２丁目２０番２号,2020-04-10,その他の設立登記法人
一般社団法人横浜やすらぎの丘,神奈川県横浜市磯子区中原２丁目８番６号,2020-04-10,その他の設立登記法人
一般社団法人正田アート＆サイエンス,群馬県館林市栄町３番１号,2020-04-10,その他の設立登記法人
一般社団法人沖縄・子ども育成協会,沖縄県沖縄市美原２丁目１番３３－３０２号室,2020-04-10,その他の設立登記法人
一般社団法人沖縄県漁業リース協会,沖縄県那覇市前島３丁目２５番３９号,2020-04-10,その他の設立登記法人
一般社団法人神奈川シニアサッカーリーグ,神奈川県藤沢市長後７３０番地,2020-04-10,その他の設立登記法人
一般社団法人草加市歯科医師会,埼玉県草加市中央１丁目５番２２号草加市保健センター２階,2020-04-10,その他の設立登記法人
一般社団法人行橋交通安全協会,福岡県行橋市中央１丁目１番２号行橋警察署内,2020-04-10,その他の設立登記法人
一般社団法人金剛会,京都府京都市上京区烏丸通中立売上る龍前町５９０番地,2020-04-10,その他の設立登記法人
一般社団法人長野県西部伊那土地改良区第九工区維持管理組合,長野県伊那市西春近１番地,2020-04-10,その他の設立登記法人
一般社団法人陳静武術太極拳国際交流センター,大阪府大阪市北区中津６丁目１－１３中津ビル１Ｆ,2020-04-10,その他の設立登記法人
一般社団法人ＡＵＲＡ,大阪府大阪市北区本庄東１丁目１番１５号,2020-04-10,その他の設立登記法人
一般社団法人Ｃｏｍｍｕｎｉｔｙ　Ｃａｒｅｅｒｓ,島根県雲南市木次町木次２９番地,2020-04-10,その他の設立登記法人
一般社団法人Ｈｉｔｏｍｉ　Ｗｏｒｌｄ　Ｐｒｏｊｅｃｔ,沖縄県うるま市与那城屋慶名２２８６番地１、２Ｆ,2020-04-10,その他の設立登記法人
一般社団法人Ｍｉｕｒａ．Ｋｏｙｏサッカークラブ,神奈川県三浦市岬陽町１６番１号,2020-04-10,その他の設立登記法人
一般社団法人Ｔｅａｍ　Ｎｏｒｉｓｈｉｒｏ,滋賀県東近江市鯰江町１４４３番地,2020-04-10,その他の設立登記法人
一般財団法人チャイルドライフサポートとくしま,徳島県板野郡板野町川端字中手崎５番地１レインボータウン中手崎Ｎ号棟,2020-04-10,その他の設立登記法人
一般財団法人地盤塾,愛知県名古屋市昭和区白金１丁目１４番２７号,2020-04-10,その他の設立登記法人
三ツ沢商会株式会社,神奈川県横浜市港北区篠原町１１５８番地６９グリーンゲイブルス２０１号室,2020-04-10,株式会社
三晶商事株式会社,東京都足立区小台１丁目２１番１－１４０１号,2020-04-10,株式会社
三陸かねと水産株式会社,岩手県九戸郡洋野町種市第４０地割３１番地１,2020-04-10,株式会社
下田原北部土地改良区,栃木県宇都宮市下田原町２１４９－１１,2020-04-10,その他
京文株式会社,東京都中央区新川１丁目３－７－９０２,2020-04-10,株式会社
修和産業株式会社,山口県防府市大字新田３８１番地の２,2020-04-10,株式会社
光合同会社,埼玉県川口市西川口１丁目２６番５号,2020-04-10,合同会社
加藤商事合同会社,茨城県那珂市額田南郷２１６７番地,2020-04-10,合同会社
医療法人まこと歯科・矯正歯科,福岡県福岡市東区香椎駅前２丁目１２番５４号,2020-04-10,その他の設立登記法人
医療法人友希会,奈良県奈良市二名３丁目１０４６番１,2020-04-10,その他の設立登記法人
医療法人恵会,埼玉県さいたま市大宮区上小町１３００番地２４,2020-04-10,その他の設立登記法人
医療法人未来ＡＲＴ,長野県長野市下氷鉋１丁目１４番１,2020-04-10,その他の設立登記法人
医療法人社団グローバルヘルス,神奈川県横浜市港北区大倉山３丁目２６番６号三保クリニックビル１階,2020-04-10,その他の設立登記法人
医療法人社団ヨコゼ,埼玉県秩父郡横瀬町大字横瀬４３４６番地,2020-04-10,その他の設立登記法人
医療法人社団寿齢会,埼玉県川口市大字榛松２９０番地の２,2020-04-10,その他の設立登記法人
医療法人社団愛口会,東京都日野市三沢１丁目５番地の１１－１階,2020-04-10,その他の設立登記法人
医療法人社団直達会,埼玉県越谷市南越谷４丁目２１番地１３,2020-04-10,その他の設立登記法人
十株式会社,東京都町田市金井３丁目４２番地１,2020-04-10,株式会社
千乃株式会社,宮城県仙台市青葉区国分町２丁目１０番１１号第三吉岡屋ビル６階,2020-04-10,株式会社
協同組合ファイブライン,愛媛県今治市高部甲３４５番地１,2020-04-10,その他の設立登記法人
合同会社あかつき,岐阜県多治見市赤坂町３丁目５３番地の２,2020-04-10,合同会社
合同会社いちかわ,埼玉県さいたま市浦和区高砂３丁目６番１号,2020-04-10,合同会社
合同会社いちはく,東京都中央区日本橋箱崎町４１番６－１１０７号,2020-04-10,合同会社
合同会社かんもんラボ,山口県下関市阿弥陀寺町７－８,2020-04-10,合同会社
合同会社はるもと,大阪府和泉市府中町１丁目２０番１号フチュール和泉１階,2020-04-10,合同会社
合同会社ひあろ組,静岡県駿東郡清水町伏見１５３番地１,2020-04-10,合同会社
合同会社みやび,岐阜県岐阜市蔵前３丁目１２番１１号,2020-04-10,合同会社
合同会社やいの夢,大分県竹田市大字福原２３４番地,2020-04-10,合同会社
合同会社アイアイティ,東京都中央区銀座７丁目１３番６号サガミビル２Ｆ,2020-04-10,合同会社
合同会社アセット投資事業７号,東京都中央区日本橋１丁目４番１号,2020-04-10,合同会社
合同会社アセット東北,宮城県仙台市若林区沖野４丁目１番２９号,2020-04-10,合同会社
合同会社アタラキシア,愛知県名古屋市名東区西里町５丁目５５番地の１８,2020-04-10,合同会社
合同会社アラン,大阪府大阪市中央区森ノ宮中央１丁目２５番１－２０３号,2020-04-10,合同会社
合同会社エムエスユー,大阪府大阪市西区本田２丁目１番３－９０２号,2020-04-10,合同会社
合同会社エール,神奈川県横浜市鶴見区江ケ崎町１６番１７－７２６号,2020-04-10,合同会社
合同会社オリーブ,福岡県北九州市八幡西区石坂２丁目６番５号,2020-04-10,合同会社
合同会社オーシャンスカイアドベンチャー,沖縄県宮古島市城辺字保良９４０番地１,2020-04-10,合同会社
合同会社グッド,兵庫県神戸市西区伊川谷町別府１１４－１３－２０３,2020-04-10,合同会社
合同会社グラベル,埼玉県川越市かすみ野３丁目２３－５,2020-04-10,合同会社
合同会社グリース,宮城県多賀城市高崎１丁目７番２５号ユートピア高崎１０２,2020-04-10,合同会社
合同会社ゴマル,福岡県福岡市中央区赤坂１丁目６番２２号赤坂野田ビル４０１号,2020-04-10,合同会社
合同会社ネオブランク,香川県綾歌郡綾川町畑田３１番地１５,2020-04-10,合同会社
合同会社ネクストフード,北海道札幌市北区新琴似十一条７丁目１番１－１０１号,2020-04-10,合同会社
合同会社バレンティア,大阪府大阪市浪速区幸町３丁目８番１８号,2020-04-10,合同会社
合同会社ヒマワリ,愛知県一宮市朝日１丁目５番１３号,2020-04-10,合同会社
合同会社ヒラオカ企画,大阪府大阪市浪速区桜川４丁目１番２０－１００５号,2020-04-10,合同会社
合同会社ビーシーパートナーズ,愛知県愛西市佐屋町宅地３２番地６,2020-04-10,合同会社
合同会社フレアマネジメントＣｏ．,沖縄県島尻郡与那原町字与那原８２１番地,2020-04-10,合同会社
合同会社ペリカンイングリッシュスクール,愛知県名古屋市緑区鳴丘２丁目１５０２番地の３,2020-04-10,合同会社
合同会社ホメオ,東京都杉並区阿佐谷南１丁目１３番１７号福吉ビル４Ｆ,2020-04-10,合同会社
合同会社ポラリス,東京都千代田区飯田橋１丁目８番９号ニューシティハイツ飯田橋７０７,2020-04-10,合同会社
合同会社ライトメモリーズ,長崎県長崎市早坂町１２５４番地５双葉ハイツ１０３号室,2020-04-10,合同会社
合同会社ラッコ製作所,沖縄県那覇市字小禄２９５番地２,2020-04-10,合同会社
合同会社レンペイス,長野県長野市大字小鍋１１４番地１１４,2020-04-10,合同会社
合同会社世乃和Ｈｏｍｉｅ’ｓ,熊本県熊本市東区小峯４丁目４番７８－４０８号,2020-04-10,合同会社
合同会社住宅リメイクサービス,愛知県江南市東野町郷前１５６番地,2020-04-10,合同会社
合同会社勇七,東京都千代田区一番町２２番地７一番町ロイアルハイツ３０４,2020-04-10,合同会社
合同会社勝ファーム,沖縄県宮古島市上野字上野４４０番地,2020-04-10,合同会社
合同会社多財吉祥企画,東京都世田谷区瀬田２丁目２７番６号,2020-04-10,合同会社
合同会社大阪経理代行,大阪府大阪市鶴見区横堤２丁目４番１０号,2020-04-10,合同会社
合同会社季白,埼玉県戸田市大字新曽６４４番地の１,2020-04-10,合同会社
合同会社小声,神奈川県横浜市西区北幸１丁目１１－５相鉄ＫＳビル６階、９階,2020-04-10,合同会社
合同会社山猿,山口県岩国市竹安１９６番地１,2020-04-10,合同会社
合同会社忍会計,宮城県名取市増田７丁目３番２２－３４号,2020-04-10,合同会社
合同会社志田電気工事,埼玉県所沢市東所沢和田１丁目２８番地の６,2020-04-10,合同会社
合同会社未来コネクツ,愛知県名古屋市西区香呑町３丁目５０番地,2020-04-10,合同会社
合同会社東奥環境,青森県上北郡七戸町字荒熊内５２番地７,2020-04-10,合同会社
合同会社結,大阪府貝塚市東山１丁目８番６号,2020-04-10,合同会社
合同会社結心,神奈川県横浜市戸塚区戸塚町１５７番地１５フタバビル１階１０２,2020-04-10,合同会社
合同会社美装,山梨県甲斐市篠原２２４６番地３,2020-04-10,合同会社
合同会社菊池紅茶店,福岡県久留米市通外町８９番地１,2020-04-10,合同会社
合同会社金宇商事,東京都豊島区高田３丁目３番１６号東方高田ビル３０４号,2020-04-10,合同会社
合同会社鈴工,千葉県南房総市沓見９５番地３,2020-04-10,合同会社
合同会社霙,大阪府枚方市北中振３丁目３番１０号,2020-04-10,合同会社
合同会社青りんご,大阪府堺市東区日置荘西町８丁７番３－６号,2020-04-10,合同会社
合同会社ＡＳＳＥＴ　ＭＡＮＡＧＥＭＥＮＴ　ＯＫＩＮＡＷＡ,東京都中央区日本橋１丁目４番１号日本橋一丁目ビルディング,2020-04-10,合同会社
合同会社ＡｉＭｕ,東京都中央区銀座７丁目１７番２号アーク銀座ビルディング６Ｆ,2020-04-10,合同会社
合同会社Ａｓ,神奈川県横浜市中区宮川町３丁目８５番地７ロイヤルフラット野毛山壱番館６０２号室,2020-04-10,合同会社
合同会社Ｃｈ,東京都中央区晴海１丁目６番４－５０３号,2020-04-10,合同会社
合同会社Ｇ‐Ａｒａｆｉｎ,埼玉県さいたま市南区大谷場１丁目１５番１５－３号,2020-04-10,合同会社
合同会社ＧＮＺ,東京都文京区千駄木５丁目１９番３－４０６号,2020-04-10,合同会社
合同会社ＨＫＬＰＯＫ　ＩＡＰＡＮＡ,愛知県愛知郡東郷町北山台２丁目４番地２６,2020-04-10,合同会社
合同会社ＨＬＫ,宮崎県都城市広原町４３４２番地,2020-04-10,合同会社
合同会社ＨＹＰ,愛知県長久手市氏神前５０１番地３大和産業ビル３階,2020-04-10,合同会社
合同会社Ｈｏｍｅ　ｃａｆｅ,新潟県新潟市中央区堀之内南３丁目７番２１号３階,2020-04-10,合同会社
合同会社ＩＮＦＩＮＩＴＹ,大阪府大阪市城東区蒲生２丁目３番３０号アリタビル京橋１１１号室,2020-04-10,合同会社
合同会社Ｋ＆Ｃカンパニー,埼玉県越谷市花田４丁目１９番地２０,2020-04-10,合同会社
合同会社ＫＭコンサルティング,東京都文京区本駒込３丁目２５番４号,2020-04-10,合同会社
合同会社ＫＳＫ,東京都練馬区南田中５丁目１番１８－５０７号,2020-04-10,合同会社
合同会社ＭＴ,神奈川県相模原市南区旭町１４番６号,2020-04-10,合同会社
合同会社Ｍａｖｉｅ,神奈川県川崎市高津区溝口５丁目１９番１－３０５号,2020-04-10,合同会社
合同会社Ｍｏａｎａ,福岡県福津市花見が丘３丁目２０番６号,2020-04-10,合同会社
合同会社Ｎｅｘｔ　Ｇｅｎｅｒａｔｉｏｎｓ,滋賀県草津市南笠町１１５８,2020-04-10,合同会社
合同会社ＰｉＴＳ,千葉県千葉市花見川区幕張本郷１丁目４番３４号京ビル１Ｆ,2020-04-10,合同会社
合同会社ＳＣＪ,東京都東久留米市東本町３番１２号コムーネ東久留米１１０１,2020-04-10,合同会社
合同会社ＳＫアドバンス,神奈川県川崎市高津区東野川１丁目７番３２号,2020-04-10,合同会社
合同会社ＳＫＹ　ＮＥＴ,北海道旭川市末広一条１０丁目４番５号,2020-04-10,合同会社
合同会社Ｓｉｒｏ,東京都足立区梅島３丁目２１番１６号メゾンウメジマⅡ１０１号室,2020-04-10,合同会社
合同会社ＴＫインテリア,長崎県長崎市赤迫１丁目８番１４号,2020-04-10,合同会社
合同会社ＴＫプランニング・アール,東京都文京区千駄木１丁目２０番１１号,2020-04-10,合同会社
合同会社ＴＹ,東京都千代田区平河町１丁目６番１５号シルスフィア会計事務所内,2020-04-10,合同会社
合同会社ＵＮＩＣＯ,東京都荒川区西尾久５丁目１０番２号,2020-04-10,合同会社
合同会社Ｖｉｎｃｉ　ＷＯＲＫＳ,福島県石川郡浅川町大字浅川字背戸谷地１５６番地の６１,2020-04-10,合同会社
合同会社ＺＯＯＭ,沖縄県那覇市鏡原町３６番１４アクロスプラザ小禄Ａ棟２Ｆ,2020-04-10,合同会社
合同会社ｄｏｔ８,神奈川県横浜市西区北幸１丁目１１番１号水信ビル７階,2020-04-10,合同会社
合同会社ｇ－ｓｔｙｌｅ,島根県雲南市木次町下熊谷１１２１番地２,2020-04-10,合同会社
合同会社ｈｉｉｒｏ,神奈川県川崎市麻生区王禅寺西６丁目１９番１１号,2020-04-10,合同会社
合同会社ｍｏｎｅｒｕｊｏＪＡＰＡＮ,千葉県木更津市清見台３丁目２番２Ａ棟５号,2020-04-10,合同会社
合同会社ｎｅｋｉｗａ,宮城県伊具郡丸森町字町西２５,2020-04-10,合同会社
合同会社ｔｈｒｅｅ　ｓｐａｃｅ,東京都足立区六木２丁目４番１５号,2020-04-10,合同会社
合同会社ｔｒａｎｓｋｉｔ,大阪府高槻市天神町１丁目１１番１０号プレステージ天神２０２号,2020-04-10,合同会社
吉本株式会社,大阪府大阪市浪速区恵美須西３丁目５番１６－１０１号,2020-04-10,株式会社
四国苗販売株式会社,愛媛県上浮穴郡久万高原町上野尻甲２８８番地１,2020-04-10,株式会社
坂本左官工業株式会社,福島県南相馬市原町区雫字聖下２７０－４,2020-04-10,株式会社
増工業株式会社,栃木県宇都宮市鶴田町３１３７－１,2020-04-10,株式会社
山一テック株式会社,岐阜県岐阜市一日市場１丁目１番地３,2020-04-10,株式会社
岩月電設株式会社,福島県郡山市喜久田町字寺久保２７番地の４１,2020-04-10,株式会社
新宿ゴールデン街商店街振興組合,東京都新宿区歌舞伎町１丁目１番１０号花園街商業協同組合ビル３階,2020-04-10,その他の設立登記法人
新潟住宅診断センター株式会社,新潟県新潟市中央区女池１丁目１３番１５号,2020-04-10,株式会社
日本コネクトライフ株式会社,東京都中央区日本橋１丁目２番１０号,2020-04-10,株式会社
日本コプト正教会,京都府木津川市相楽清水２番地１,2020-04-10,その他の設立登記法人
日本建設不動産株式会社,神奈川県横浜市青葉区みすずが丘１１番地１,2020-04-10,株式会社
日本慧君株式会社,大阪府大阪市生野区巽北１丁目１番１号１Ｆ－Ｈ,2020-04-10,株式会社
日本晨光株式会社,大阪府大阪市生野区巽北１丁目１番１号２Ｆ－Ｃ,2020-04-10,株式会社
日本贏加医療科技株式会社,東京都千代田区東神田２丁目６番７号６０８号,2020-04-10,株式会社
昇和合同会社,愛知県名古屋市緑区鳴海町字乙子山８５番地の１４なるみグリーンコーポ２棟２０５号,2020-04-10,合同会社
明真建設株式会社,静岡県駿東郡清水町八幡１００番地の２,2020-04-10,株式会社
是川新鮮あおぞら市,青森県八戸市是川１丁目１２－１０,2020-04-10,その他
松井国際商事株式会社,大阪府大阪市中央区島之内２丁目１４番地３０号プライヴァントームサントル３階,2020-04-10,株式会社
株式会社おかやまキャリアデザイン,岡山県岡山市南区妹尾８７１番地４,2020-04-10,株式会社
株式会社きずな縁,宮城県富谷市大清水１丁目２６番地１,2020-04-10,株式会社
株式会社けいちくＲ　Ｓｕｐｐｏｒｔ,福岡県築上郡築上町大字上り松４７７番地２,2020-04-10,株式会社
株式会社さくらアニマルウェルネス,千葉県浦安市猫実３丁目２８番２８号,2020-04-10,株式会社
株式会社しもたや,大阪府大阪市中央区難波千日前１５番２４号,2020-04-10,株式会社
株式会社たくま動物病院,埼玉県行田市谷郷１丁目１８番２号,2020-04-10,株式会社
株式会社ちさと東,長野県飯田市川路７９５２番地１,2020-04-10,株式会社
株式会社てらす,大阪府大阪市住吉区上住吉１丁目３番２７号,2020-04-10,株式会社
株式会社ひの建築,岐阜県高山市江名子町３２６８番地,2020-04-10,株式会社
株式会社まえひら,東京都港区麻布十番２丁目８番１６号,2020-04-10,株式会社
株式会社みらい武士,滋賀県甲賀市甲南町新治２０３６番地１１,2020-04-10,株式会社
株式会社やまじ,愛媛県松山市北久米町８１５番地,2020-04-10,株式会社
株式会社アイピコ,茨城県つくば市吾妻２丁目５番地１つくば市産業振興センター内,2020-04-10,株式会社
株式会社アイ・エム・シーホールディングス,高知県高知市鵜来巣１１番３８－７号,2020-04-10,株式会社
株式会社アグリンク,千葉県長生郡睦沢町大上１８８２番地,2020-04-10,株式会社
株式会社アンセム,東京都新宿区西新宿７丁目５－５Ｐｌａｚａ西新宿ＵＦＣ４階,2020-04-10,株式会社
株式会社アンドシフト,東京都港区南青山２丁目１５番５号,2020-04-10,株式会社
株式会社アークル,埼玉県加須市飯積９９８番地,2020-04-10,株式会社
株式会社アートハウス葉山,福岡県北九州市若松区東二島２丁目２番２０号,2020-04-10,株式会社
株式会社アーネストテクノロジーズ,東京都中央区八重洲２丁目４－１ユニゾ八重洲ビル８Ｆ,2020-04-10,株式会社
株式会社インテグリティ,大阪府大阪市中央区北久宝寺町３丁目４番１３号ＮＰＣ心斎橋ビル４階,2020-04-10,株式会社
株式会社インバーステック,東京都中央区築地２丁目１番２号,2020-04-10,株式会社
株式会社ウインカンパニーＲ,神奈川県横浜市青葉区田奈町７７番地６５,2020-04-10,株式会社
株式会社エアー,東京都東大和市蔵敷３丁目９００－１１,2020-04-10,株式会社
株式会社エイトワン,大阪府大阪市此花区梅香３丁目３２番１号２０２号室,2020-04-10,株式会社
株式会社エコリンクワン,大阪府大阪市浪速区湊町２丁目２番４５号,2020-04-10,株式会社
株式会社エス・エヌ・ケィ,愛知県豊川市住吉町１丁目１０２番地,2020-04-10,株式会社
株式会社エフテクノス,神奈川県川崎市川崎区伊勢町１６－１６セントラルハイツ大師２０１,2020-04-10,株式会社
株式会社エムズ,大阪府堺市美原区今井３５番地２２,2020-04-10,株式会社
株式会社エルティー響,千葉県八千代市勝田台１丁目２番地５いなほ第二ビル４Ｆ,2020-04-10,株式会社
株式会社エージェントベスト,東京都中央区東日本橋３丁目６－１７コーポ東日本橋３０２,2020-04-10,株式会社
株式会社エースプロテック,福岡県筑紫野市大字古賀５５番地４,2020-04-10,株式会社
株式会社オレンジ,大阪府大阪市浪速区日本橋４丁目９番１６－４０４号,2020-04-10,株式会社
株式会社オーククリーン,神奈川県綾瀬市小園８０２番地,2020-04-10,株式会社
株式会社オーツーファクトリー,大阪府大阪市中央区今橋１丁目６番１９号,2020-04-10,株式会社
株式会社カイショウ,静岡県裾野市二ツ屋１３６番地の５,2020-04-10,株式会社
株式会社カナオカグラビア,東京都台東区台東１丁目３２番６号,2020-04-10,株式会社
株式会社カレラワークス,大分県国東市安岐町馬場６６７番地,2020-04-10,株式会社
株式会社カワ建,福岡県北九州市八幡西区割子川２丁目１２番２８号,2020-04-10,株式会社
株式会社キャリア・エデュ,東京都渋谷区渋谷２丁目１０番１５号,2020-04-10,株式会社
株式会社クリアラボ,大阪府大阪市北区中崎西２丁目２番１号,2020-04-10,株式会社
株式会社クレネクト,大阪府大阪市西区阿波座１丁目３番１９号ＭＫビル４階,2020-04-10,株式会社
株式会社コトノハラボ,福岡県北九州市戸畑区浅生２丁目１２番２０号ザヒルズ１２０３号,2020-04-10,株式会社
株式会社サクラ塗装,愛媛県伊予郡松前町大字南黒田６１４番地１８,2020-04-10,株式会社
株式会社サプライズ,東京都大田区山王１丁目３３番１７号,2020-04-10,株式会社
株式会社サムカンパニー,愛知県豊田市美里１丁目１４番地９,2020-04-10,株式会社
株式会社サンテン,神奈川県横浜市戸塚区舞岡町３３５７番地８,2020-04-10,株式会社
株式会社ショウゲン,大阪府大阪市東住吉区桑津５丁目１８番１１号,2020-04-10,株式会社
株式会社シロニト,山梨県上野原市コモアしおつ４丁目１２番６号,2020-04-10,株式会社
株式会社ジェイエス,青森県上北郡六戸町大字犬落瀬字明土１４番地１０,2020-04-10,株式会社
株式会社ジェーズクレーン,福島県会津若松市一箕町松長５丁目１１－６５,2020-04-10,株式会社
株式会社ジオット,兵庫県神戸市北区鳴子２丁目８番地の１７,2020-04-10,株式会社
株式会社ジャスティス,東京都新宿区早稲田鶴巻町５３９番地９号,2020-04-10,株式会社
株式会社ジンルイ,東京都渋谷区桜丘町２６番１号セルリアンタワー１５階,2020-04-10,株式会社
株式会社スケッチライフスタイルワークス,神奈川県鎌倉市由比ガ浜４丁目２番１１号,2020-04-10,株式会社
株式会社スタジオシーチャオ,東京都文京区水道２丁目１番７－３０４号,2020-04-10,株式会社
株式会社ストラジメント,広島県広島市中区舟入町１２番３－４０３号,2020-04-10,株式会社
株式会社スバコリフォーム,奈良県奈良市四条大路２丁目５番３６号,2020-04-10,株式会社
株式会社ソニーＡＩ,東京都港区港南１丁目７番１号,2020-04-10,株式会社
株式会社タテマサ,福岡県八女市上陽町北川内１０番地１,2020-04-10,株式会社
株式会社ダイヤフーズコーポレーション,三重県度会郡度会町棚橋１３８２番地,2020-04-10,株式会社
株式会社チームアップ,東京都新宿区西新宿２丁目３－１新宿モノリス１８階,2020-04-10,株式会社
株式会社ティーアール,神奈川県大和市福田２丁目３番地１８ガナドーレ桜ケ丘駅前４０６号,2020-04-10,株式会社
株式会社テオリーゼ,福岡県福岡市博多区博多駅前２丁目１９番１７号,2020-04-10,株式会社
株式会社テクノリス,沖縄県中頭郡嘉手納町字水釜六丁目１番１号冨着アパート２０２号室,2020-04-10,株式会社
株式会社テックヒーローズ,東京都新宿区西新宿４丁目３９－１９－４０３,2020-04-10,株式会社
株式会社テラノ電設,福岡県福岡市西区上山門３丁目１０番５０号,2020-04-10,株式会社
株式会社ディプセル,大阪府大阪市西区立売堀５丁目３番２２号,2020-04-10,株式会社
株式会社ディーエムアール,神奈川県横浜市港南区笹下１丁目５番２６－３０５号,2020-04-10,株式会社
株式会社トウリハウス,山梨県甲府市山宮町７１０番地１２,2020-04-10,株式会社
株式会社トモシビ,大阪府大阪市西区江戸堀２丁目１番１号江戸堀センタービルＢ１Ｆ,2020-04-10,株式会社
株式会社トライメディカル,岩手県盛岡市下太田沢田９２番地２,2020-04-10,株式会社
株式会社トリプルライン,神奈川県川崎市川崎区貝塚１丁目３番１７－１００２号,2020-04-10,株式会社
株式会社ナチュラルマネジメント,岐阜県岐阜市本町２丁目１４番地,2020-04-10,株式会社
株式会社ナラ防災,埼玉県加須市愛宕１丁目７番３２号,2020-04-10,株式会社
株式会社ナースコール,東京都港区北青山２丁目７番２０号猪瀬ビル２階,2020-04-10,株式会社
株式会社ハイテク,福岡県北九州市若松区大字安瀬４７番１号,2020-04-10,株式会社
株式会社ハーフデン,京都府京都市中京区麸屋町通二条下る尾張町２１０番地４コーリンビル２階,2020-04-10,株式会社
株式会社バフォグループ,滋賀県大津市雄琴１丁目１６－１８ヴィラエクセレント１０１,2020-04-10,株式会社
株式会社ヒロ開発,広島県広島市中区江波南１丁目１９番６号,2020-04-10,株式会社
株式会社ビリーブライツ,神奈川県横浜市西区桜木町７丁目４５番地２ＹＭ横浜ビル２０５号室,2020-04-10,株式会社
株式会社フォレスツ,千葉県浦安市舞浜２丁目３７番１１号,2020-04-10,株式会社
株式会社フクツ電工,福岡県福津市西福間４丁目１３番２１号,2020-04-10,株式会社
株式会社フレイズ,埼玉県さいたま市北区宮原町３丁目９０１番地１Ａ－１００２,2020-04-10,株式会社
株式会社プレコン,北海道名寄市西六条南８丁目１８番地１メデックビル２階,2020-04-10,株式会社
株式会社プロテクト不動産,大阪府枚方市香里ケ丘１２丁目１４番４０号,2020-04-10,株式会社
株式会社ホテル聖徳,東京都渋谷区恵比寿４丁目５番２１号,2020-04-10,株式会社
株式会社マイクロエナジー・マニュファクチャリング,福島県南相馬市小高区飯崎字南原６５番地の１,2020-04-10,株式会社
株式会社マイライフマーケット,福島県郡山市島１丁目２２番１０号２Ｆ,2020-04-10,株式会社
株式会社ママーサポート,福岡県飯塚市中１５３番地１－２０３号,2020-04-10,株式会社
株式会社マース,香川県丸亀市三条町９８９番地１１,2020-04-10,株式会社
株式会社メガス,愛知県名古屋市昭和区台町３丁目１０番地５,2020-04-10,株式会社
株式会社モダニスアンドカンパニー,京都府京都市中京区高倉通蛸薬師上る和久屋町３５０リビング高倉ビル２階,2020-04-10,株式会社
株式会社ユニヴァ・ジャイロン,東京都港区六本木３丁目１６番３５号,2020-04-10,株式会社
株式会社ライズアップジャパン,大阪府大阪市天王寺区上本町９丁目５番７号,2020-04-10,株式会社
株式会社ライフサポート,熊本県熊本市南区江越２丁目２番２０号,2020-04-10,株式会社
株式会社ラソパートナー,東京都中央区日本橋茅場町２丁目５番６号,2020-04-10,株式会社
株式会社ラボーロ,神奈川県川崎市宮前区菅生３丁目１５－６,2020-04-10,株式会社
株式会社リッツハウス,大分県大分市大字賀来２７９６番地,2020-04-10,株式会社
株式会社リバーマウス,石川県金沢市田上２丁目１５３番地,2020-04-10,株式会社
株式会社リフォレスト,千葉県千葉市緑区おゆみ野６丁目１７－９,2020-04-10,株式会社
株式会社リベラス,東京都世田谷区深沢４丁目２５番３号５,2020-04-10,株式会社
株式会社リライカ,山形県鶴岡市外内島字古川８１番地６,2020-04-10,株式会社
株式会社ルーフステイト,福岡県久留米市三潴町玉満３５７０番地５,2020-04-10,株式会社
株式会社ワイズ,埼玉県坂戸市南町３－２ダイアパレス坂戸ステーションガーデン４０１,2020-04-10,株式会社
株式会社ワーク・ライフ・インテグレーション,神奈川県川崎市中原区下小田中３丁目２７番４０－５０３号,2020-04-10,株式会社
株式会社一剛工業,千葉県野田市山崎貝塚町１８番４号サンロイヤルＡ２０２,2020-04-10,株式会社
株式会社一興業,山梨県南都留郡富士河口湖町船津１４１８番地４,2020-04-10,株式会社
株式会社一舞,大阪府東大阪市中石切町５丁目１番３３号,2020-04-10,株式会社
株式会社上川工業,神奈川県相模原市南区相武台団地１丁目１番６－３９号,2020-04-10,株式会社
株式会社中谷工業,神奈川県相模原市中央区中央４丁目１１番２号エスポアール１０２,2020-04-10,株式会社
株式会社井上建設,福井県福井市成和２丁目６０７番地,2020-04-10,株式会社
株式会社京家観光サービス,千葉県市川市相之川３丁目１３番１９号,2020-04-10,株式会社
株式会社光和建設,埼玉県越谷市南越谷１丁目２番２８－３１２号,2020-04-10,株式会社
株式会社共栄クラフト,神奈川県秦野市千村１丁目５番７号ロイヤルハイツ青木Ⅲ２０１号,2020-04-10,株式会社
株式会社内田工建,宮城県仙台市太白区金剛沢２丁目３番１４号,2020-04-10,株式会社
株式会社動画ラボ,神奈川県相模原市南区新磯野２丁目１１番８－４０５号,2020-04-10,株式会社
株式会社南,福岡県福岡市城南区南片江３丁目１０－１２,2020-04-10,株式会社
株式会社司建設,神奈川県横浜市戸塚区小雀町２６０番地２,2020-04-10,株式会社
株式会社合志百花園ファーム,熊本県合志市合生４２７５番地,2020-04-10,株式会社
株式会社吉建,茨城県稲敷郡美浦村大字木原４０５番地,2020-04-10,株式会社
株式会社名古屋キャピタルパートナーズ,愛知県名古屋市中区錦３丁目１９番１７号,2020-04-10,株式会社
株式会社名豊,愛知県日進市藤塚５丁目１００番地,2020-04-10,株式会社
株式会社坂本興業,愛媛県宇和島市長堀２丁目５２１番地３,2020-04-10,株式会社
株式会社基板再生ラボ,熊本県熊本市南区出仲間８丁目５番２６号,2020-04-10,株式会社
株式会社塚田商事,千葉県千葉市緑区古市場町３５３番地１ソフィアクレールＢ１０３号,2020-04-10,株式会社
株式会社大新興業,福井県敦賀市公文名４号３１番地,2020-04-10,株式会社
株式会社大貴,福岡県田川市大字夏吉３３４９－３,2020-04-10,株式会社
株式会社太田シール工業,徳島県徳島市城東町１丁目６番２３－３号,2020-04-10,株式会社
株式会社如月,富山県富山市桜木町９番１５号,2020-04-10,株式会社
株式会社宝寿の湯,山形県米沢市小野川町２５８４番地,2020-04-10,株式会社
株式会社小林美材商社,愛知県春日井市柏井町１丁目９１番地,2020-04-10,株式会社
株式会社川建総業,埼玉県越谷市大字大泊７１０番地１シンパシーフロント１０３,2020-04-10,株式会社
株式会社彩企画,東京都福生市大字熊川４６８番地１ＫＭＡⅥ,2020-04-10,株式会社
株式会社日月アソシエイツ,神奈川県川崎市幸区鹿島田２丁目１６番１５号,2020-04-10,株式会社
株式会社明和空調設備,神奈川県横浜市戸塚区平戸３丁目５８番１５－２０４号,2020-04-10,株式会社
株式会社春和,岐阜県高山市国府町広瀬町９７７番地,2020-04-10,株式会社
株式会社村田木型製作所,福岡県宗像市田野１２０３番地,2020-04-10,株式会社
株式会社東北リソース,宮城県仙台市泉区明石南１丁目５番地の８,2020-04-10,株式会社
株式会社東洋,埼玉県川越市今成４丁目１５番地４－２Ｆ,2020-04-10,株式会社
株式会社松陽電設,福島県郡山市静町１９番２７号,2020-04-10,株式会社
株式会社榕樹丸,東京都港区赤坂２丁目８番１１号,2020-04-10,株式会社
株式会社欧州屋,愛知県名古屋市千種区東山通４丁目１１番地の３シャリオン東山通２Ｄ,2020-04-10,株式会社
株式会社永井設計事務所,奈良県北葛城郡広陵町みささぎ台８番１７号,2020-04-10,株式会社
株式会社江田商店,栃木県日光市板橋２７０２番地,2020-04-10,株式会社
株式会社清野商店,新潟県阿賀野市保田１７５０番地の１１,2020-04-10,株式会社
株式会社渡辺建築,愛知県愛西市西川端町須原１０番地５,2020-04-10,株式会社
株式会社澤田工業,兵庫県神崎郡神河町大山９９２番地,2020-04-10,株式会社
株式会社無為ソフト,東京都豊島区東池袋４丁目２１番１－２７１０号,2020-04-10,株式会社
株式会社無限のヒツジ工房,埼玉県鴻巣市下忍４８９４番地３,2020-04-10,株式会社
株式会社神藤,愛媛県新居浜市中村３丁目９番３３号,2020-04-10,株式会社
株式会社積水化成品大分,大分県中津市大字犬丸字秋満１５０番地の２,2020-04-10,株式会社
株式会社纏屋,福岡県直方市古町９番２８号,2020-04-10,株式会社
株式会社美研,茨城県土浦市大和町７番２６号,2020-04-10,株式会社
株式会社花園,神奈川県川崎市麻生区東百合丘２丁目２０番６号ファイン東百合ヶ丘Ⅴ１０２,2020-04-10,株式会社
株式会社英生,福島県いわき市勿来町四沢伊勢林１番地,2020-04-10,株式会社
株式会社藤田産業,香川県坂出市久米町２丁目１０番２４号,2020-04-10,株式会社
株式会社西大條,埼玉県朝霞市仲町２丁目４番２－６０６号,2020-04-10,株式会社
株式会社西雄大事務所,東京都千代田区有楽町２丁目１０番１号東京交通会館６階,2020-04-10,株式会社
株式会社観幸丸,香川県高松市仏生山町甲１４７番地３,2020-04-10,株式会社
株式会社谷川土木,北海道小樽市緑２丁目９番１０号,2020-04-10,株式会社
株式会社鈴木ブロック,千葉県松戸市高塚新田５８６番地の７８,2020-04-10,株式会社
株式会社銀河号,愛知県名古屋市名東区極楽３丁目３０３番地の１シエロ名東４０２,2020-04-10,株式会社
株式会社錦ホールディング,東京都文京区大塚３丁目１３番１０号,2020-04-10,株式会社
株式会社關谷田中オフィス,大阪府大阪市中央区高麗橋２丁目１番８－３０１号,2020-04-10,株式会社
株式会社雄誠工業,大阪府大阪市東淀川区小松１丁目１１番１１号,2020-04-10,株式会社
株式会社雲仙観光ホテル,長崎県雲仙市小浜町雲仙３２０,2020-04-10,株式会社
株式会社風丸,静岡県磐田市西貝塚３５１５番地２２,2020-04-10,株式会社
株式会社高橋事務所,沖縄県石垣市字新川１６４１番地６２南棟,2020-04-10,株式会社
株式会社魁,神奈川県横浜市都筑区池辺町３４２３番地３,2020-04-10,株式会社
株式会社鴨島自動車学校,徳島県吉野川市鴨島町鴨島６３６番地の１,2020-04-10,株式会社
株式会社７０,静岡県熱海市泉８８番地３レーベンリゾシアヴェスティブルー４２７号,2020-04-10,株式会社
株式会社９ＧＡＴＥＳ．ＧＲＯＵＰ,東京都中央区銀座１丁目１９番７号,2020-04-10,株式会社
株式会社９Ｌａｂ,熊本県熊本市中央区萩原町８番８号エコライフマンションつぼみ４０３号,2020-04-10,株式会社
株式会社Ａ＆Ｙ,愛知県半田市花園町４丁目２番地の２,2020-04-10,株式会社
株式会社Ａ．ｔ．ｏａｔｈ,東京都北区赤羽北１丁目８番８－１０２号,2020-04-10,株式会社
株式会社ＡＡＡ　ＧＲＯＵＰ,福島県郡山市田村町山中字日照田１１４番地,2020-04-10,株式会社
株式会社ＡＤＶＡＮＣＥ,福岡県福岡市中央区清川１丁目７番１３号,2020-04-10,株式会社
株式会社ＡＩＲ－Ｘ,茨城県常総市新石下３５８３番地２,2020-04-10,株式会社
株式会社ＡＫＡＴＳＵＫＩ,東京都杉並区高円寺南３丁目３６番１２号,2020-04-10,株式会社
株式会社ＡＮＮＡＭＩ,鳥取県米子市西福原１丁目１番５５号,2020-04-10,株式会社
株式会社ＡＴＳ,東京都千代田区麹町４丁目５番２０号,2020-04-10,株式会社
株式会社Ａｘｉａ　Ｍ’ｓ　Ｅｄｕｃａｔｉｏｎ,埼玉県さいたま市桜区大字下大久保８４２－１グランドソレーユ１Ｆ,2020-04-10,株式会社
株式会社ＢＡＳＩＳ　ＯＮＥ,大阪府大阪市中央区南久宝寺町３丁目２－７第一住建南久宝寺町ビル９Ｆ,2020-04-10,株式会社
株式会社ＢＩＧ保険サポート,福岡県福岡市早良区重留２丁目１４番２５－１０５号,2020-04-10,株式会社
株式会社ＢＷ,大阪府大阪市浪速区塩草１丁目４番９号,2020-04-10,株式会社
株式会社Ｂｅ　Ｔｈｅ　Ｃｈａｎｇｅ,広島県広島市西区庚午中２丁目９番１４－２０１号,2020-04-10,株式会社
株式会社ＢｅＬｉＴＡ,神奈川県横浜市中区初音町３丁目６１番地２ネオステージ初音町２０１,2020-04-10,株式会社
株式会社ＣＬＦホールディングス,神奈川県大和市つきみ野２丁目５－３６,2020-04-10,株式会社
株式会社ＣＲＥＡ,大阪府大阪市中央区谷町２丁目５番４号エフベースラドルフビル６階,2020-04-10,株式会社
株式会社Ｃｈｅｅｒ　Ｃｏａｃｈ,神奈川県横浜市中区根岸旭台１９番地２ベルセーヌ南山手２０２号室,2020-04-10,株式会社
株式会社ＣｌｕｔｃｈＶａｌｌｅｙ．,神奈川県横須賀市佐島の丘１丁目７番１０号,2020-04-10,株式会社
株式会社Ｄ－ＮＥＴ,岐阜県岐阜市野一色８丁目１７番３号,2020-04-10,株式会社
株式会社ＤＯＳＯ,山梨県富士吉田市下吉田３丁目６番２６号,2020-04-10,株式会社
株式会社Ｄｅｅｐ　Ｔｈｉｎｋｉｎｇ,東京都板橋区向原３丁目７番２－３０９号,2020-04-10,株式会社
株式会社ＥＢＡホールディングス,愛知県名古屋市天白区古川町４６番地,2020-04-10,株式会社
株式会社ＥＶＩＴＹ,東京都豊島区西池袋４丁目６－３－２０７,2020-04-10,株式会社
株式会社ＥＸＦＯＲＫ,福岡県行橋市大字長木９５７番地５８,2020-04-10,株式会社
株式会社ＦＦＭ,福岡県福岡市中央区清川２丁目１番２１号,2020-04-10,株式会社
株式会社ＦＯＲＥＳＴ,埼玉県川口市上青木西２丁目９番３号,2020-04-10,株式会社
株式会社ＦＵＫＳＴＡ,福岡県福岡市中央区天神２丁目３番１０－７１９号　天神パインクレスト,2020-04-10,株式会社
株式会社ＦＵＮ　Ｒｅｃｉｐｅ,東京都港区南青山２丁目２－１５,2020-04-10,株式会社
株式会社Ｆｕｋｕｄａｙａ,東京都北区岸町２丁目９番１６号,2020-04-10,株式会社
株式会社ＧＮＳサポート,佐賀県佐賀市嘉瀬町大字扇町２４４７番地１,2020-04-10,株式会社
株式会社ＨＩＲＡＴＡ　ＳＩＧＮ,山形県酒田市京田２丁目２１番地の７,2020-04-10,株式会社
株式会社ＨＫＳ,東京都東久留米市南沢４丁目２番３号,2020-04-10,株式会社
株式会社ＨＹＮｅ,福岡県福岡市中央区天神１丁目９番１７号福岡天神フコク生命ビル１５階,2020-04-10,株式会社
株式会社Ｉ’ｍａ,東京都渋谷区松濤１丁目２８番２号,2020-04-10,株式会社
株式会社ＪＥＭトレーディング,福岡県北九州市門司区新門司２丁目１６番５号,2020-04-10,株式会社
株式会社ＪＥＴ　ＳＥＴ　ＴＲＡＤＩＮＧ,東京都豊島区南池袋１丁目１６番１５号ダイヤゲート池袋５Ｆ,2020-04-10,株式会社
株式会社Ｊａｎｇａ,東京都港区六本木５丁目１番５号,2020-04-10,株式会社
株式会社Ｋ．ＮＥＸＴ,和歌山県和歌山市布施屋１９３番地１,2020-04-10,株式会社
株式会社ＫＩＮＧ　ＴＯＵＲＩＳＭ　ＪＡＰＡＮ,宮崎県日南市北郷町大藤字越ヶ迫乙２０７５－８,2020-04-10,株式会社
株式会社ＫＯＫＵＡ　ＨＯＭＥ,埼玉県越谷市レイクタウン６丁目５番地１２イースタンレイクＫ２０１,2020-04-10,株式会社
株式会社ＬＡＮＩ－ｈｕｌｕ,福島県福島市南矢野目字道上３２番地の１３カーサアウル１０２,2020-04-10,株式会社
株式会社ＬＥＯＮ’Ｓ,鹿児島県鹿児島市郡元３丁目１８番２５号,2020-04-10,株式会社
株式会社Ｌｅｅ．ｅｓｐｏｉｒ,大阪府大阪市中央区南船場１丁目７番１３号,2020-04-10,株式会社
株式会社Ｌｉｌｌｙ　ＢｏｎＢｏｎ,沖縄県中頭郡北谷町字浜川２１０番地６,2020-04-10,株式会社
株式会社Ｍ．Ｕコーポレーション,大阪府大阪市西淀川区姫島２丁目６番１号,2020-04-10,株式会社
株式会社ＭＡＫＳ,神奈川県横浜市旭区二俣川１丁目５番１７号,2020-04-10,株式会社
株式会社ＭＫＣソリューション,東京都江東区亀戸７丁目３９番１４－９０４号,2020-04-10,株式会社
株式会社ＭＳＳ,大阪府大阪市浪速区日本橋５丁目７番２３号,2020-04-10,株式会社
株式会社ＭＴＳ,静岡県浜松市中区田町２３１番地の４,2020-04-10,株式会社
株式会社Ｍａｓｕｍｉ　Ｅｎｇｌｉｓｈ　Ｔｅａ　ＮＹ,東京都中央区銀座７丁目１３番６号サガミビル２階,2020-04-10,株式会社
株式会社ＭｏＭｏ,徳島県吉野川市山川町麦原３３７番地,2020-04-10,株式会社
株式会社Ｍｏｅｇｌｉｃｈ,兵庫県西宮市甲子園洲鳥町４番６－１００２号,2020-04-10,株式会社
株式会社Ｎ２,大阪府大阪市鶴見区緑３丁目６番４号,2020-04-10,株式会社
株式会社ＮＤＫ,神奈川県横浜市西区桜木町７丁目４１番地２１グリフィン横浜プライムスクエア１１０２号,2020-04-10,株式会社
株式会社ＮＥＸＴ　ＳＴＡＧＥ,愛知県名古屋市中区栄３丁目３１番８号,2020-04-10,株式会社
株式会社ＯＡＫ,大阪府大阪市北区茶屋町６番２号水野ビル２Ｆ,2020-04-10,株式会社
株式会社ＯＨＴＡＭ,大阪府大阪市北区末広町３番７号,2020-04-10,株式会社
株式会社ＯＷＮＬＩＦＥ,京都府京都市上京区宮垣町９１番地１０２,2020-04-10,株式会社
株式会社Ｏｆｆｉｃｅ　Ｎｉｃｏｍａｒｕ,福岡県福岡市中央区平尾３丁目２１番２７号,2020-04-10,株式会社
株式会社Ｐ＆Ｑコンサルティング,愛知県名古屋市東区徳川１丁目８０３番地（パークホームズ徳川６０１号）,2020-04-10,株式会社
株式会社ＰＬＡＹＣＯＮＮＥＣＴ,東京都中央区銀座１丁目２２番１１号銀座大竹ビジデンス２Ｆ,2020-04-10,株式会社
株式会社Ｐａｗｒｅｔｔａ,大阪府大阪市阿倍野区松崎町２丁目３番３４号,2020-04-10,株式会社
株式会社ＲＩＳＥＵＰサービス武藤,岐阜県瑞穂市十七条３４０番地,2020-04-10,株式会社
株式会社ＲＭサービス,大阪府枚方市東香里１丁目１７番７号,2020-04-10,株式会社
株式会社ＳＨＩＢＵＹＡ,神奈川県足柄上郡松田町松田庶子３４６番地,2020-04-10,株式会社
株式会社ＳＨＩＮＥ　ＰＲＩＤＥ,東京都江戸川区瑞江４丁目２１番６号,2020-04-10,株式会社
株式会社ＳＩＰ,福島県福島市早稲町４‐１６,2020-04-10,株式会社
株式会社ＳＫＹ,東京都墨田区亀沢３丁目２０番１３－２０２号,2020-04-10,株式会社
株式会社ＳＯＮＯＤＡパートナーズ,東京都中央区築地１丁目２番１号,2020-04-10,株式会社
株式会社ＳＴＵＤＩＯ　ＫＩＫＵＣＨＩ,東京都港区三田１丁目４番８０号ＴＯＷＥＲＳ三田１０３,2020-04-10,株式会社
株式会社ＳＵＮＳＴＯＮＥ,愛知県名古屋市中区松原３丁目７番１５号光葉ビル３階３１８号室,2020-04-10,株式会社
株式会社ＳＶＯＬＴＡ,神奈川県横浜市南区平楽１２９番地,2020-04-10,株式会社
株式会社Ｓａｌｅｓ＆Ｍａｒｋｅｔｉｎｇ,東京都中央区日本橋浜町３丁目２９番１０ルジェンテリベル日本橋濱町６０２号,2020-04-10,株式会社
株式会社Ｓｔｒａｔｅｇｙ＆Ｓｃｉｅｎｃｅ,東京都千代田区東神田２丁目８－７ＣＨ２８７,2020-04-10,株式会社
株式会社Ｓｔｕｄｙ,東京都中央区晴海２丁目２番４２－４４０１号,2020-04-10,株式会社
株式会社Ｔ＆Ｔ,埼玉県川口市並木３丁目１７番５－７０２号西川口パインマンションⅡ,2020-04-10,株式会社
株式会社Ｔ－Ｔｒａｄｅ,神奈川県横浜市瀬谷区瀬谷６丁目２３番地９－１０１,2020-04-10,株式会社
株式会社ＴＡＡＤＳ建築設計事務所,神奈川県藤沢市鵠沼松が岡２丁目７番１９号,2020-04-10,株式会社
株式会社ＴＡＭＬＥＴ,大阪府大阪市北区末広町３番７号,2020-04-10,株式会社
株式会社ＴＡＭＳＡＮ,大阪府大阪市北区末広町３番７号,2020-04-10,株式会社
株式会社ＴＡＭＵＮＯ,大阪府大阪市北区末広町３番７号,2020-04-10,株式会社
株式会社ＴＣパートナーズ,福岡県久留米市国分町７４６番地３,2020-04-10,株式会社
株式会社ＴＨＥ　ＬＩＣＥＮＳＥ　ＣＯＭＰＡＮＹ,東京都中央区晴海３丁目１３番２号,2020-04-10,株式会社
株式会社ＴＫクリエイト,茨城県神栖市太田７０５番地２５５,2020-04-10,株式会社
株式会社ＴＯＨＯＷＯＲＬＤ,福岡県北九州市小倉北区大手町１１番２号,2020-04-10,株式会社
株式会社ＴＯＴＯＫＯ,北海道札幌市手稲区星置一条４丁目７番７号,2020-04-10,株式会社
株式会社ＴＯＹ,東京都新宿区西新宿１丁目１９番１－２０１号,2020-04-10,株式会社
株式会社ＴＰＮ,埼玉県さいたま市西区大字中野林７７９番地２０,2020-04-10,株式会社
株式会社ＴＲＩＢ,東京都中央区日本橋堀留町１丁目４番２号日本橋ノーススクエアＭ１階,2020-04-10,株式会社
株式会社ＴＲＩＷＡＹ,愛知県名古屋市中区錦２丁目１２番８号御幸本町ビル３階３０５号室,2020-04-10,株式会社
株式会社Ｔｈｅ　Ｐｒｏｄｕｃｅｒｓ,東京都渋谷区渋谷４丁目３番２７－５０２号,2020-04-10,株式会社
株式会社ＵＭＦ,香川県高松市屋島西町２４９１番地１８,2020-04-10,株式会社
株式会社Ｖｅｔｅｒａｎｓ,東京都千代田区神田富山町７番地,2020-04-10,株式会社
株式会社Ｗａｒｒａｎｔｙ　Ｔｅｃｈｎｉｃａｌ　Ｓｅｒｖｉｃｅ,東京都千代田区内幸町２丁目２番３号,2020-04-10,株式会社
株式会社Ｙ’ｚ,福岡県糟屋郡志免町南里４丁目１１番１－３０３号,2020-04-10,株式会社
株式会社Ｙ＆Ｙ,福岡県福岡市東区青葉５丁目２９番２号,2020-04-10,株式会社
株式会社ＹＯＳＨＩＤＥＮ,福岡県田川郡香春町大字中津原５１４番地１,2020-04-10,株式会社
株式会社ｂｌｉｎｋ,愛知県名古屋市北区六が池町４７４番地,2020-04-10,株式会社
株式会社ｅｎｘ,神奈川県横浜市旭区鶴ケ峰１丁目１２番地３－２Ｆ,2020-04-10,株式会社
株式会社ｋｉｉ,福岡県福岡市中央区今泉２丁目４番６９号ライトハウス２Ｆ,2020-04-10,株式会社
株式会社ｍｏｎｏｌｉｔｈ,埼玉県川口市芝宮根町２０番２０号メゾンリコウＡ２０２号,2020-04-10,株式会社
株式会社ｒｏｂ,東京都豊島区南池袋２丁目２３－２池袋パークサイドビル５Ｆ,2020-04-10,株式会社
株式会社ｓｋｙ,京都府京都市伏見区竹田向代町１５番地３２,2020-04-10,株式会社
株式会社ｔｗｏＥＸ,神奈川県横浜市港北区大曽根台二丁目４４番ヴェルベデール大倉山２０３,2020-04-10,株式会社
株式会社ｖａｌｉｅｎｔｅ,東京都東久留米市中央町１丁目１８－２－４０５,2020-04-10,株式会社
正理株式会社,東京都墨田区横川３丁目６番７号３－Ｂ室,2020-04-10,株式会社
渡邉住宅設備株式会社,神奈川県相模原市南区新磯野２４番地１,2020-04-10,株式会社
牟岐町観光協会,徳島県海部郡牟岐町大字河内２９０,2020-04-10,その他
特定非営利活動法人あざみ,三重県亀山市天神３丁目１番２４号,2020-04-10,その他の設立登記法人
特定非営利活動法人あなたのくうかんおおいた,大分県大分市にじが丘２丁目５番地の４,2020-04-10,その他の設立登記法人
特定非営利活動法人いちごいちえ,神奈川県横浜市緑区鴨居２丁目６－２,2020-04-10,その他の設立登記法人
特定非営利活動法人いわみ活性化ネット,島根県浜田市竹迫町２３６９番地９,2020-04-10,その他の設立登記法人
特定非営利活動法人こひふれんど,東京都大田区西蒲田７丁目２２番５号アボードＭＹ２０２,2020-04-10,その他の設立登記法人
特定非営利活動法人まごころ,静岡県御殿場市駒門５６２番地の８,2020-04-10,その他の設立登記法人
特定非営利活動法人先端教育ラボ,東京都杉並区西荻南４丁目２０番７号マイン西荻２０１,2020-04-10,その他の設立登記法人
特定非営利活動法人兵庫猫のミーナ,兵庫県神戸市灘区灘南通５丁目４番６号,2020-04-10,その他の設立登記法人
特定非営利活動法人多文化共生サポートＡｄａｇｉｏ,愛知県西尾市大給町６８番地２,2020-04-10,その他の設立登記法人
特定非営利活動法人飯能ジュニア体操教室,埼玉県入間市大字新光１５５番地１５,2020-04-10,その他の設立登記法人
痛快技術株式会社,大阪府大阪市阿倍野区松虫通３丁目６番１３号,2020-04-10,株式会社
真興業株式会社,秋田県秋田市下北手松崎字碇り６番地１０,2020-04-10,株式会社
社会福祉法人五條市社会福祉事業団大塔ライフハウス,奈良県五條市大塔町宇井１８３番地,2020-04-10,その他の設立登記法人
祐澤株式会社,東京都北区赤羽南１丁目７－２安田ビル３階,2020-04-10,株式会社
税理士法人飯田会計,栃木県佐野市富岡町１２８番地６号,2020-04-10,その他の設立登記法人
経堂シンフォニー商店街振興組合,東京都世田谷区経堂２丁目２７番２０号,2020-04-10,その他の設立登記法人
結ホールディングス合同会社,神奈川県横浜市港北区鳥山町９５０番地１４,2020-04-10,合同会社
総合管理サービス協同組合,岡山県倉敷市西富井１０７６番地２４,2020-04-10,その他の設立登記法人
翠株式会社,東京都千代田区一番町２０番１０－３０５号,2020-04-10,株式会社
興和商事株式会社,東京都豊島区東池袋２丁目３９番２－１００４号,2020-04-10,株式会社
英勇水産株式会社,愛媛県今治市宮窪町宮窪４２６２番地３,2020-04-10,株式会社
蘭泰株式会社,埼玉県さいたま市北区大成町４丁目８２３番地３第５大宮ハイツ２０１号室,2020-04-10,株式会社
行政書士法人ＯＦＦＩＣＥ　ＤＩＭＥ,東京都江戸川区南小岩７丁目１１番１号,2020-04-10,その他の設立登記法人
赤木パートナーズ株式会社,大阪府大阪市北区南森町１丁目３番２９号ＭＳＴ南森町９０３,2020-04-10,株式会社
金川貿易合同会社,大阪府大阪市浪速区元町１丁目７番１２号サンライズ難波７０１号,2020-04-10,合同会社
鑫洋商事合同会社,埼玉県坂戸市千代田４丁目１０番１１号カネカ第一若葉台マンション４０４号,2020-04-10,合同会社
長野県保護司会連合会,長野県長野市旭町１１０８,2020-04-10,その他
関門赤レンガ館合同会社,福岡県福岡市中央区谷１丁目１番６号,2020-04-10,合同会社
鳥取県ケータリングカー協同組合,鳥取県鳥取市湖山町東４丁目２８番２,2020-04-10,その他の設立登記法人
鳩ヶ谷南ローヤルコーポ管理組合法人,埼玉県川口市南鳩ヶ谷５丁目３５番１２号,2020-04-10,その他の設立登記法人
ＡＧＩＴ　ＴＲＡＤＩＮＧ株式会社,埼玉県川口市大字西新井宿１０４４番地の２,2020-04-10,株式会社
ＡＩ－ＶＩＴ株式会社,東京都中央区銀座６丁目６番１号銀座風月堂ビル５Ｆ,2020-04-10,株式会社
ＡＳＩＡ　ＦＯＯＤ　ＨＯＬＤＩＮＧＳ合同会社,愛知県名古屋市中区大井町８番８号,2020-04-10,合同会社
ＡＴＨＵＲＡＬＩＹＡ　ＥＮＴＥＲＰＲＩＳＥ合同会社,千葉県松戸市栄町７丁目５７１番地４（ハイツウエノＣ号室）,2020-04-10,合同会社
ＡＹＡ不動産株式会社,岩手県盛岡市仙北３丁目１４番５８号,2020-04-10,株式会社
Ａｔｍａｎ株式会社,東京都新宿区南元町９番地１１,2020-04-10,株式会社
ＢＯＮ　ＣＡＰＩＴＡＬ株式会社,大阪府大阪市中央区北浜３丁目２番２５号,2020-04-10,株式会社
ＢＯＮＤＺ株式会社,神奈川県横須賀市林１丁目１９番１１号,2020-04-10,株式会社
ＢｅｌｌＰｏｓｔ合同会社,東京都中央区銀座１丁目２２番１１号銀座大竹ビジデンス２Ｆ,2020-04-10,合同会社
Ｂｌｅｓｓ　Ｌｉｆｅ合同会社,東京都葛飾区新小岩３丁目２０番１０号,2020-04-10,合同会社
Ｃ．Ｖｅｒｔｕ合同会社,大阪府大阪市中央区島町１丁目４番７－９０２号,2020-04-10,合同会社
ＣＯＬＡ　ＪＯＶＥＮ株式会社,岐阜県多治見市根本町１０丁目５６番地の２,2020-04-10,株式会社
ＣｌｉｅＸｉｔｏ株式会社,東京都千代田区丸の内１丁目１番３号,2020-04-10,株式会社
Ｃｍｄ社会保険労務士法人,埼玉県川越市脇田町１７番地５ＭＴＫ脇田町ビル５階,2020-04-10,その他の設立登記法人
Ｃｒｅａｔｏｒｓ　Ｌａｂ合同会社,神奈川県中郡二宮町二宮８７番地３０,2020-04-10,合同会社
ＤＲＩＭＯＮ合同会社,東京都港区南青山２丁目２番１５号ウィン青山９４２,2020-04-10,合同会社
ＥＡＲＴＨ　ＣＲＥＡＴＵＲＥ合同会社,福井県小浜市大手町２番２２号,2020-04-10,合同会社
ＥＨＷＯＲＫ株式会社,大阪府大阪市中央区北久宝寺町３丁目６－１本町南ガーデンシティ７階,2020-04-10,株式会社
ＥＩＫＡＷＡホールディングス株式会社,長崎県長崎市千歳町１番５号,2020-04-10,株式会社
ＥＭＱ　Ｊａｐａｎ株式会社,東京都新宿区西新宿３丁目７番１号新宿パークタワーＮ３０階,2020-04-10,株式会社
ＦＵＬＭｉＲＡ　Ｊａｐａｎ合同会社,奈良県奈良市西大寺北町１丁目２－４ハッピースクールビル,2020-04-10,合同会社
ＧＯＯＤ　ＭＯＵＮＴＡＩＮ合同会社,長野県飯山市大字旭３５２番地１４,2020-04-10,合同会社
ＧＰＦ株式会社,大阪府富田林市向陽台２丁目２番７号,2020-04-10,株式会社
ＧｉｖｅＴｏ合同会社,東京都江東区有明３丁目７番２６号,2020-04-10,合同会社
Ｇｒｅｅｎ　Ｐｒｏｃｅｓｓ　Ｃｏｍｐａｎｙ合同会社,神奈川県横浜市中区山下町２７９番地１ＹＡＴビル７０４,2020-04-10,合同会社
Ｈａｐｐｙ　Ｓｔａｎｄａｒｄ合同会社,熊本県熊本市中央区南千反畑町１０番２７号ＪＧＭロイヤルガーデン白川公園６０５号,2020-04-10,合同会社
Ｈｅｌｌｏ　Ｊｅｗｅｌｒｙ株式会社,東京都葛飾区東堀切１丁目１７番２号,2020-04-10,株式会社
ＩＮＴＥＬＬＡＴＩＮＯ合同会社,神奈川県横浜市泉区下飯田町７０５－１,2020-04-10,合同会社
ＪＬＴシステム株式会社,東京都小平市学園東町３丁目９番４７－４号,2020-04-10,株式会社
ＫＩＹＯ　ＥＮＧ株式会社,大阪府大阪市東成区中道３丁目４番１０号,2020-04-10,株式会社
ＫＳＫエクスプレス株式会社,東京都板橋区小茂根２丁目１１番１号,2020-04-10,株式会社
ＫＹＯ株式会社,大阪府大阪市生野区田島１丁目９番１０号,2020-04-10,株式会社
Ｋｅｎ．Ｅｎｔ株式会社,東京都世田谷区深沢６丁目１２番５号ハイツユウビ１０８,2020-04-10,株式会社
ＬＡＴ合同会社,神奈川県川崎市幸区大宮町１３１０番ミューザ川崎１Ｆ,2020-04-10,合同会社
Ｌａ　ｃｈｉｃ　ｔｅｃｈ合同会社,東京都杉並区浜田山４丁目１６－１３－３０４,2020-04-10,合同会社
Ｌｉｂｅｒｔｙ　Ｂｅｌｌ株式会社,大阪府大阪市淀川区西中島６丁目２番３号１００４号,2020-04-10,株式会社
Ｌｉｎｏ合同会社,福岡県福津市津屋崎４丁目３番５号,2020-04-10,合同会社
ＭＥＤＲＡＭＡ株式会社,東京都新宿区大京町１３－３６信濃町三番館３０２,2020-04-10,株式会社
ＭＦＪＰＮ合同会社,東京都港区虎ノ門３丁目２２番１０－２０１号,2020-04-10,合同会社
ＭＩＷＡ　ＪＡＰＡＮ合同会社,東京都中央区銀座７丁目１３番６号サガミビル２階,2020-04-10,合同会社
Ｍｏｄｅｌ　Ｔ　Ｏｐｅｒａｔｉｏｎｓ株式会社,東京都港区西新橋２丁目１９番５号,2020-04-10,株式会社
ＮＡＶＥＥＳＨＡ合同会社,千葉県市川市妙典５丁目１３番３３号（ａ＆ｆビル３Ｆ―１２号室）,2020-04-10,合同会社
ＮＥＷＪＩ株式会社,東京都新宿区西新宿３丁目２番９号,2020-04-10,株式会社
ＮＰＯ法人子育ての森,熊本県熊本市中央区花畑町１０番８号第１丸ビル地下１階２号室,2020-04-10,その他の設立登記法人
ＮＳ農園株式会社,和歌山県和歌山市湊１８５０番地,2020-04-10,株式会社
Ｏｕｉ株式会社,福岡県福岡市東区香椎照葉３丁目２番２－９２７号インフィニガーデンノース棟,2020-04-10,株式会社
ＰＥＡＫ合同会社,東京都小平市上水南町４丁目６番５－５０２号,2020-04-10,合同会社
ＲＨＩＤＡ　ＩＮＴＥＲＮＡＴＩＯＮＡＬ合同会社,埼玉県戸田市川岸３丁目５番１４－３０８号,2020-04-10,合同会社
ＲＩＣＥ株式会社,東京都千代田区平河町１丁目３－６ＢＩＺＭＡＲＫＳ麹町２Ｆ,2020-04-10,株式会社
ＲＯＺＡ　ＩＮＴＥＲＮＡＴＩＯＮＡＬ合同会社,千葉県市川市妙典５丁目１３番３３号（ａ＆ｆビル３Ｆ１３号室）,2020-04-10,合同会社
Ｒｉｃｈａｒｄ．ＳＯＲ株式会社,福岡県福岡市博多区博多駅東１丁目１６番１４号,2020-04-10,株式会社
Ｓ．Ｍ．Ｋ．合同会社,茨城県筑西市海老ヶ島１６５８番地,2020-04-10,合同会社
ＳＴ２合同会社,東京都港区元赤坂１丁目１番７号,2020-04-10,合同会社
ＳＴＲＡＩＧＨＴ　ＦＩＥＬＤ株式会社,愛媛県新居浜市中筋町１丁目１４番３６号,2020-04-10,株式会社
Ｓｉｇｎｅｄ　Ｌｏｏｐ株式会社,福岡県福岡市博多区博多駅東１丁目１２番１７号オフィスニューガイア博多駅前３Ｆ,2020-04-10,株式会社
Ｓｏｐｈｉａｇｅ合同会社,石川県かほく市白尾ヨ１５番地,2020-04-10,合同会社
Ｓｙｓｔｅｍ　Ａｇｒｏ株式会社,静岡県藤枝市光洋台３２番地の６,2020-04-10,株式会社
ＴＡＧ　ＣＹＣＬＥ株式会社,千葉県袖ケ浦市蔵波４０７１番地１８１,2020-04-10,株式会社
ＴＡＪＩＭＡ運送合同会社,栃木県小山市大字中久喜１２３５番地９,2020-04-10,合同会社
ＴＡＳ　ｄｅｓｉｇｎ合同会社,東京都新宿区西新宿６丁目２１番１－５０２号,2020-04-10,合同会社
ＴＣＡ　ＥＮＴＥＲＰＲＩＳＥ合同会社,茨城県龍ケ崎市馴馬町６０９番地４,2020-04-10,合同会社
ＴＲＩＢＥＴ合同会社,神奈川県愛甲郡愛川町春日台５丁目１番地３－２０５,2020-04-10,合同会社
ＶＩＳＴＡＬ　ＶＩＳＩＯＮ株式会社,東京都渋谷区神宮前５丁目１７番１１号パークサイドオーサキ２階,2020-04-10,株式会社
ＶＴ　ｐｒｏｍｏｔｉｏｎ株式会社,埼玉県さいたま市南区白幡４丁目９番１６号,2020-04-10,株式会社
ＷＯＴＡ　ＧＲＯＵＰ合同会社,石川県金沢市昭和町１２番６号,2020-04-10,合同会社
Ｚｃｏｌｌｅｃｔｉｏｎ　Ｐ　ＵＰ株式会社,神奈川県横浜市港北区新横浜２丁目５番２２号,2020-04-10,株式会社
ａｘｅｓ合同会社,東京都目黒区緑が丘２丁目２番９号,2020-04-10,合同会社
ｂｙｃＢｒｕ株式会社,大分県大分市大字皆春２２番地,2020-04-10,株式会社
ｆａｎ株式会社,愛知県名古屋市中区丸の内１丁目９番２１号,2020-04-10,株式会社
ｇｒｏｗｓ　ｐａｒｔｎｅｒ株式会社,愛知県名古屋市緑区藤塚２丁目３０４番地の５,2020-04-10,株式会社
ｉＲｅｐｅａｔ株式会社,東京都台東区小島２丁目１０番１号Ｍ・Ｓ・ＢＬＤＧ２０１,2020-04-10,株式会社
ｍｉｚ・ジャパン株式会社,福岡県北九州市小倉南区湯川５丁目３番８号原口ビル２Ｆ２号,2020-04-10,株式会社
ｎａｔｕｒａｌ　ｌｉｆｅ　ｐｌａｎ合同会社,福岡県北九州市門司区東本町１丁目１番４－１０２号,2020-04-10,合同会社
ｓａｋａｎａ株式会社,兵庫県神戸市長田区久保町５丁目１番１，１００１号,2020-04-10,株式会社
ｗｏｒｋ２４合同会社,静岡県藤枝市潮４０番地の１,2020-04-10,合同会社
あすか技建株式会社,福島県南相馬市原町区錦町１丁目１３２番地の１,2020-04-13,株式会社
かんばやし農林合同会社,愛知県名古屋市瑞穂区茨木町８５番地の１,2020-04-13,合同会社
てらこややすべえ株式会社,京都府京都市中京区烏丸通蛸薬師南入る手洗水町６４７トキワビル４－Ｃ,2020-04-13,株式会社
ひぐま協同組合,北海道札幌市西区発寒六条１０丁目７番６号,2020-04-13,その他の設立登記法人
まいとおす合同会社,静岡県静岡市葵区吉野町４－７,2020-04-13,合同会社
アイリリーフ株式会社,兵庫県宝塚市ふじガ丘９番９号,2020-04-13,株式会社
アクトゥアル合同会社,静岡県静岡市清水区辻１丁目２番１－２３０３号,2020-04-13,合同会社
イーグルサービス株式会社,富山県富山市五福３６６５番地２津田ビル１Ｆ,2020-04-13,株式会社
ウッズラボ株式会社,秋田県大仙市豊川字久保１０１番地３,2020-04-13,株式会社
エクスエージェント株式会社,大阪府大阪市北区梅田２丁目４番４０号,2020-04-13,株式会社
エクルビス株式会社,鳥取県鳥取市天神町２３,2020-04-13,株式会社
エス・アセット株式会社,東京都大田区下丸子３丁目１７番３－１０２号,2020-04-13,株式会社
オクタヴィア・エグゼクティブサーチ株式会社,東京都港区港南１丁目９番３６号アレア品川１３階,2020-04-13,株式会社
オクルウェブ合同会社,東京都渋谷区恵比寿２丁目２８番１０号ＳｈｕＢＬＤＧ２８９０,2020-04-13,合同会社
キャリア＆ライフサポーターズ株式会社,東京都千代田区神田小川町３丁目１４番地,2020-04-13,株式会社
コクサイ無人航空機株式会社,青森県青森市問屋町１丁目９番９号,2020-04-13,株式会社
サイエンス・サポート・エージェンシー合同会社,兵庫県神戸市中央区相生町４丁目６番１６号シャトゥソフィヤ２０３,2020-04-13,合同会社
サニースポット合同会社,神奈川県横浜市中区元町４丁目１６８番地ＢＩＺｃｏｍｆｏｒｔ元町ビル３－２９,2020-04-13,合同会社
サンアルマーニ合同会社,東京都品川区中延１丁目１１番３０号,2020-04-13,合同会社
サンシンスマイル株式会社,福島県石川郡平田村大字西山字煙石１０１番地,2020-04-13,株式会社
システムライン株式会社,神奈川県綾瀬市深谷上６丁目１３番３２号,2020-04-13,株式会社
トピアホーム合同会社,北海道磯谷郡蘭越町字三笠２３４番地,2020-04-13,合同会社
トリビス合同会社,東京都港区浜松町２丁目２番１５－２Ｆ,2020-04-13,合同会社
ナナコジャパン合同会社,神奈川県秦野市緑町１５－１７,2020-04-13,合同会社
ネクストキッチン合同会社,北海道旭川市高砂台５丁目２１番７号,2020-04-13,合同会社
ハウスパートナーズ４５株式会社,東京都渋谷区上原１丁目３－９,2020-04-13,株式会社
ハウス・パートナーズ合同会社,愛知県あま市本郷柿ノ木６５番地,2020-04-13,合同会社
バサラ株式会社,広島県広島市西区庚午中１丁目６番２６号,2020-04-13,株式会社
パナソニックデバイスコンポーネント株式会社,京都府亀岡市大井町小金岐４丁目２４,2020-04-13,株式会社
パナソニックＳＣＳホールディングス株式会社,京都府長岡京市神足焼町１番地,2020-04-13,株式会社
ファーイースト株式会社,北海道旭川市忠和三条６丁目２番１６号,2020-04-13,株式会社
ファーストエナジー合同会社,東京都墨田区八広１丁目２２番８号,2020-04-13,合同会社
フォローミー株式会社,大阪府枚方市村野東町５１番２３号,2020-04-13,株式会社
メザミー株式会社,東京都渋谷区宇田川町７番１７－３０３号ユニーブル渋谷神南,2020-04-13,株式会社
メディカルクロスケア株式会社,大阪府東大阪市長田３丁目７番２７号,2020-04-13,株式会社
ライフサポートサービス株式会社,東京都調布市深大寺東町５丁目４番地４,2020-04-13,株式会社
ライフサポート合同会社,京都府京都市上京区荒神口上がる東入る宮垣町９１番１０２号,2020-04-13,合同会社
リプロ株式会社,北海道苫小牧市表町１丁目１番６号,2020-04-13,株式会社
ワイステック合同会社,埼玉県川口市差間３丁目２１番２８号,2020-04-13,合同会社
一般社団法人ちよママ,東京都千代田区飯田橋３丁目２番１０－７０２号,2020-04-13,その他の設立登記法人
一般社団法人はつね福祉会,愛知県名古屋市港区港北町４丁目１１番地の１,2020-04-13,その他の設立登記法人
一般社団法人よふどの恵,兵庫県朝来市山東町溝黒３６６番地１,2020-04-13,その他の設立登記法人
一般社団法人アイやまなし人材育成協会,山梨県甲府市中小河原町５７１番地,2020-04-13,その他の設立登記法人
一般社団法人アイキテック令和会,愛知県知多郡東浦町大字森岡字栄東１番地１,2020-04-13,その他の設立登記法人
一般社団法人アルト,東京都中央区銀座１丁目２番４号サクセス銀座ファーストビル１１階,2020-04-13,その他の設立登記法人
一般社団法人オンリーネス,愛知県豊明市間米町鶴根１０７２番地１３１,2020-04-13,その他の設立登記法人
一般社団法人キャンサー・ベネフィッツ,東京都中央区日本橋箱崎町２０番３号,2020-04-13,その他の設立登記法人
一般社団法人サンフラワー,愛知県名古屋市中区栄３丁目２番３号４Ｆ,2020-04-13,その他の設立登記法人
一般社団法人スズラン,愛知県名古屋市西区大野木４丁目３６７番地,2020-04-13,その他の設立登記法人
一般社団法人スネイルズ,広島県廿日市市上平良３５８番地１,2020-04-13,その他の設立登記法人
一般社団法人パートナーシップ協会,東京都世田谷区三軒茶屋１丁目２－９,2020-04-13,その他の設立登記法人
一般社団法人フリースペース道,宮城県大崎市岩出山字二ノ構５２番地,2020-04-13,その他の設立登記法人
一般社団法人マンガナイト,東京都文京区春日１丁目９番２５－３２５号,2020-04-13,その他の設立登記法人
一般社団法人一宮市薬業組合,愛知県一宮市千秋町穂積塚本字宮西１３４番地１,2020-04-13,その他の設立登記法人
一般社団法人健康美増進協会,東京都中央区京橋１丁目６番１３号金葉ビル５階,2020-04-13,その他の設立登記法人
一般社団法人全国地域情報活用ネットワーク,東京都千代田区神田鍛冶町３番３号ニュー神田ビル２０３号室,2020-04-13,その他の設立登記法人
一般社団法人古民家再生協会長野東北信,長野県長野市大字穂保２４６番地２号,2020-04-13,その他の設立登記法人
一般社団法人吉生会,大阪府枚方市尊延寺４丁目２９番１号,2020-04-13,その他の設立登記法人
一般社団法人川口本町サッカーアカデミー,埼玉県川口市西青木２丁目４番２０号メゾンエビハラ２０３号,2020-04-13,その他の設立登記法人
一般社団法人幸せを種から育てる知恵袋,東京都荒川区西日暮里１丁目５４番６号,2020-04-13,その他の設立登記法人
一般社団法人広島グローバルビジネスネットワーク,広島県広島市東区牛田本町３丁目８番１６号,2020-04-13,その他の設立登記法人
一般社団法人広島県エクステリア協会,広島県広島市安佐南区西原４丁目３６番２６号,2020-04-13,その他の設立登記法人
一般社団法人建築基礎・地盤技術高度化推進協議会,東京都千代田区富士見２丁目７番２号,2020-04-13,その他の設立登記法人
一般社団法人日本アマチュアゴルフ協会,東京都大田区中央３丁目３３番９－５０１号,2020-04-13,その他の設立登記法人
一般社団法人日本フットヘルス協会,神奈川県藤沢市藤沢５４０番地,2020-04-13,その他の設立登記法人
一般社団法人日本マイライフ・メンター協会,兵庫県神戸市西区岩岡町野中９３５番地の３,2020-04-13,その他の設立登記法人
一般社団法人日本中国語通訳案内士協会,東京都荒川区西日暮里１丁目３９番３号,2020-04-13,その他の設立登記法人
一般社団法人日本医療機器開発支援機構,東京都千代田区一番町２０番地５,2020-04-13,その他の設立登記法人
一般社団法人日本橋浜町エリアマネジメント,東京都中央区日本橋浜町３丁目１０番６号,2020-04-13,その他の設立登記法人
一般社団法人日本災害リハビリテーション支援協会,東京都千代田区神田紺屋町１４番地,2020-04-13,その他の設立登記法人
一般社団法人日本胸部外科学会,東京都文京区後楽２丁目３番２７号テラル後楽ビル１階,2020-04-13,その他の設立登記法人
一般社団法人東京健康リハビリテーション総合研究所,東京都文京区本郷７丁目２番１２号スカラグリジア１００１,2020-04-13,その他の設立登記法人
一般社団法人松桜ＦＣ,東京都文京区本駒込６丁目１２番６号,2020-04-13,その他の設立登記法人
一般社団法人桜桃,岡山県岡山市中区門田屋敷本町５番３－５号,2020-04-13,その他の設立登記法人
一般社団法人欧亜創生会議,兵庫県神戸市中央区山本通２丁目１４番２２号,2020-04-13,その他の設立登記法人
一般社団法人炭素回収技術研究機構,東京都世田谷区赤堤５丁目２６番５号,2020-04-13,その他の設立登記法人
一般社団法人社会福祉組合,東京都豊島区池袋２丁目６３番６号パレスガーデンミラノ１階,2020-04-13,その他の設立登記法人
一般社団法人社労夢全国会,東京都新宿区百人町２丁目１番１１号,2020-04-13,その他の設立登記法人
一般社団法人福岡県スクールソーシャルワーカー協会,福岡県北九州市小倉南区葉山町３丁目１０番２３号,2020-04-13,その他の設立登記法人
一般社団法人福祉の里奨学金,愛知県北名古屋市北野天神１３番地,2020-04-13,その他の設立登記法人
一般社団法人自転車技術者協会,愛知県名古屋市守山区高島町２７８番地,2020-04-13,その他の設立登記法人
一般社団法人食の未来システム創造協議会,東京都中央区東日本橋２丁目２８番４号日本橋ＣＥＴビル２階,2020-04-13,その他の設立登記法人
一般社団法人Ａｚｕ．ｍ．ｕ,愛知県名古屋市熱田区横田１丁目１番５２号,2020-04-13,その他の設立登記法人
一般社団法人Ｃ　ＧＲＯＳＳＯ知多,愛知県半田市雁宿町１丁目４３番地の１プライムメイツ知多半田４０３号,2020-04-13,その他の設立登記法人
一般社団法人Ｃｈｉｌｄ’ｓ　Ｌａｂ,岡山県倉敷市連島町鶴新田１７１７番地１,2020-04-13,その他の設立登記法人
一般社団法人ＬｅｇａｔｏＰｌｕｓ,愛知県名古屋市緑区桶狭間上の山９０３番地,2020-04-13,その他の設立登記法人
一般社団法人Ｌｉｒｉｏスポーツクラブ,愛知県名古屋市南区内田橋２丁目２４番２７号（ルイシャトレ豊田本町８０２号）,2020-04-13,その他の設立登記法人
一般社団法人ＯＮＥ　Ｘ,東京都文京区千駄木５丁目３８番１６－１０１号,2020-04-13,その他の設立登記法人
一般社団法人ａｎｄｏｎ,静岡県藤枝市藤枝４丁目２番７号,2020-04-13,その他の設立登記法人
一般財団法人サトウ食品奨学財団,新潟県新潟市東区宝町１３番５号,2020-04-13,その他の設立登記法人
三一株式会社,埼玉県さいたま市緑区東浦和７丁目２番１３号コーポ松美１０２号室,2020-04-13,株式会社
三五八五商事株式会社,長野県飯田市上郷黒田５７１番地１,2020-04-13,株式会社
三秋舎株式会社,大阪府大阪市西成区南津守１丁目１３番４８号,2020-04-13,株式会社
三笠農業生産株式会社,鹿児島県阿久根市脇本４６６６番地,2020-04-13,株式会社
世羅町西大田土地改良区,広島県世羅郡世羅町大字賀茂３１４７番地１,2020-04-13,その他
二合一株式会社,東京都中野区中央５丁目４番１４号,2020-04-13,株式会社
五光食研ＣａＤ合同会社,茨城県つくば市上岩崎２８５番地１,2020-04-13,合同会社
京都システムインテグレーション株式会社,京都府向日市寺戸町東野辺２番地の５,2020-04-13,株式会社
住宅比較株式会社,埼玉県上尾市大字原市４３２番地,2020-04-13,株式会社
優真流通株式会社,埼玉県草加市青柳３丁目５番１８号,2020-04-13,株式会社
共栄パートナー株式会社,東京都府中市緑町３丁目５番地の１グリーンハイツ木城２０５,2020-04-13,株式会社
共栄ホールディングス株式会社,北海道札幌市中央区大通西６丁目１０番地１１,2020-04-13,株式会社
北陸大池運送株式会社,石川県白山市鹿島町ぬ３番地１,2020-04-13,株式会社
医療法人中村会,熊本県熊本市東区健軍４丁目３番１６号,2020-04-13,その他の設立登記法人
医療法人久信会,福岡県福岡市早良区高取１丁目３番２０号ファインガーデン高取２０４,2020-04-13,その他の設立登記法人
医療法人仁昇会,熊本県菊池郡大津町大字室字東迫尻７０１番地１ラルーチェ１Ｆ,2020-04-13,その他の設立登記法人
医療法人孝明会ふくだ歯科医院,兵庫県明石市二見町西二見駅前２丁目５０番地２,2020-04-13,その他の設立登記法人
医療法人渡航メディカルサポート,愛知県名古屋市熱田区金山町１丁目５番３号トーワ金山ビル６Ｆ,2020-04-13,その他の設立登記法人
医療法人社団むらおか歯科医院,兵庫県神戸市西区岩岡町岩岡６３６番地５,2020-04-13,その他の設立登記法人
医療法人社団わだ小児科クリニック,富山県高岡市広小路６番１号,2020-04-13,その他の設立登記法人
医療法人社団佐藤内科クリニック,富山県砺波市杉木３丁目２１５番地,2020-04-13,その他の設立登記法人
医療法人社団博昌会,兵庫県神戸市中央区花隈町１９番９号,2020-04-13,その他の設立登記法人
医療法人社団慈愛会,兵庫県神戸市北区若葉台１丁目１番４３号,2020-04-13,その他の設立登記法人
医療法人社団芹田会,長野県長野市大字鶴賀字鍋屋田１３８１番地３,2020-04-13,その他の設立登記法人
十和田八甲田日本短角牛推進協議会,青森県十和田市東三番町２９－１６,2020-04-13,その他
合同会社あさとる,東京都多摩市鶴牧２丁目８番地の２クレセントコウエイ４０２,2020-04-13,合同会社
合同会社あーくゆにばーす,神奈川県横浜市港北区菊名７丁目１１番２－３号,2020-04-13,合同会社
合同会社うみすき,大阪府泉大津市板原町５丁目６番３号,2020-04-13,合同会社
合同会社かざはやキャンプ,神奈川県三浦郡葉山町堀内６６３番地かざはやファクトリー内,2020-04-13,合同会社
合同会社しまなみ自転車民泊,東京都品川区西五反田２丁目３１番５－６０３号,2020-04-13,合同会社
合同会社すゞしろ,東京都品川区豊町５丁目１番１２号田中ビル３０２,2020-04-13,合同会社
合同会社たわらクルー,東京都品川区西五反田３丁目６－３８－６０６,2020-04-13,合同会社
合同会社とらたぬ,茨城県牛久市牛久町３０１０番地１１１,2020-04-13,合同会社
合同会社ねこひげ,鳥取県東伯郡琴浦町大字八橋７７５番地６１,2020-04-13,合同会社
合同会社やまなか商店,岡山県津山市小田中２２００番地１,2020-04-13,合同会社
合同会社アイティケイ,神奈川県横浜市都筑区見花山一丁目３０番見花山ビル３階,2020-04-13,合同会社
合同会社アドナル,東京都千代田区岩本町２丁目５番８号パステルコート神田岩本町９０２号,2020-04-13,合同会社
合同会社エフ・エヌ・シー,千葉県市川市新田１丁目１４番８号,2020-04-13,合同会社
合同会社エンリッチ,東京都港区芝浦３丁目５番２５号ベイコート芝浦６２,2020-04-13,合同会社
合同会社エンリッチ,東京都北区田端１丁目９番１２号,2020-04-13,合同会社
合同会社オクトパス,大分県大分市高松２丁目３番２５号,2020-04-13,合同会社
合同会社カランメール,北海道河西郡中札内村常盤西１線２４５番地６７,2020-04-13,合同会社
合同会社ケイムファクトリー,千葉県四街道市みそら４丁目９番１号,2020-04-13,合同会社
合同会社ケンコーポレーション,東京都中野区中野５丁目４９番１号カクタス伊藤館２０２,2020-04-13,合同会社
合同会社ココティエ,東京都港区南青山６丁目５番３６号３４号室,2020-04-13,合同会社
合同会社ジン太陽光発電所１号,東京都千代田区紀尾井町３番１０号紀尾井町ガーデンタワー２５０４号（Ｃ／Ｏｓｈｉｍａｄａ－ｏｆｆｉｃｅ）,2020-04-13,合同会社
合同会社ジーエヌアイ,東京都台東区北上野２丁目１２番１３－６０４号シーアイマンション上野,2020-04-13,合同会社
合同会社スカイアンドシー,神奈川県藤沢市辻堂６丁目５番１７－４号,2020-04-13,合同会社
合同会社スクラムジャパン,神奈川県川崎市中原区小杉町１丁目５２６番地７フォルスコート武蔵小杉１０１,2020-04-13,合同会社
合同会社ステラ,神奈川県秦野市曽屋３６５１番地２２,2020-04-13,合同会社
合同会社セレナキャピタル,東京都狛江市中和泉１丁目２番６号プラザエクセル２０１,2020-04-13,合同会社
合同会社ダイバース東京,東京都千代田区九段南１丁目５番６号りそな九段ビル５ＦＫＳフロア,2020-04-13,合同会社
合同会社チェレステ札幌,北海道札幌市北区屯田二条５丁目４番１２号,2020-04-13,合同会社
合同会社ティーエフジェイ,香川県丸亀市飯山町東坂元２１２－２,2020-04-13,合同会社
合同会社ナベタ,北海道札幌市南区藤野六条４丁目７番６号,2020-04-13,合同会社
合同会社ビンゴ,広島県福山市今津町１２５番地８,2020-04-13,合同会社
合同会社ファーシル,千葉県市川市二俣１丁目１１番９号,2020-04-13,合同会社
合同会社フォノンスコア,東京都渋谷区富ヶ谷１丁目３７番１４－１０６号,2020-04-13,合同会社
合同会社フォレスト・サポート,埼玉県川越市大字鯨井新田６番地１第３今泉ビル４階,2020-04-13,合同会社
合同会社フロアーズＡＮＤカンパニー,東京都港区南青山２丁目２番１５号ウィン青山９４２,2020-04-13,合同会社
合同会社ブラスト,東京都狛江市元和泉３丁目４番１６号コンフレール和泉２０２,2020-04-13,合同会社
合同会社ブルースカイカンパニー,北海道札幌市北区屯田二条５丁目４番１２号,2020-04-13,合同会社
合同会社プラザ,東京都港区高輪３丁目１０番２号グラスプラス高輪,2020-04-13,合同会社
合同会社ベストマップ,神奈川県川崎市麻生区上麻生４丁目１１番３号,2020-04-13,合同会社
合同会社ミズノ,大阪府大阪市旭区赤川１丁目１０番１３号,2020-04-13,合同会社
合同会社モーニンググローリー,北海道恵庭市黄金中央４丁目６番５号,2020-04-13,合同会社
合同会社ライフクリエイト,北海道札幌市厚別区大谷地東２丁目５番７０－４０４号,2020-04-13,合同会社
合同会社リアルフードオンライン,神奈川県秦野市北矢名５２番地の５,2020-04-13,合同会社
合同会社リスペクト,奈良県奈良市鳥見町１丁目１１番地の８,2020-04-13,合同会社
合同会社レンゲル,東京都豊島区南池袋１丁目１４番９号,2020-04-13,合同会社
合同会社三規企画,愛知県名古屋市瑞穂区白砂町２丁目５番地,2020-04-13,合同会社
合同会社原田,東京都八王子市元八王子町３丁目２１５２番地６,2020-04-13,合同会社
合同会社大相撲安芸場所,広島県広島市中区舟入本町１５番２３号,2020-04-13,合同会社
合同会社奏,静岡県三島市徳倉２丁目１６番１４号レオパレス花１１２,2020-04-13,合同会社
合同会社小平技建,東京都大田区東糀谷４丁目４番２２号,2020-04-13,合同会社
合同会社明日は晴れ,山形県新庄市沖の町４番４０号,2020-04-13,合同会社
合同会社曲全,北海道帯広市西十一条南３３丁目２３番地,2020-04-13,合同会社
合同会社板谷工業,福井県坂井市丸岡町東陽１丁目１４番地Ｆ・Ｋ・Ｔハウス１０・２０１号室,2020-04-13,合同会社
合同会社楪,東京都品川区北品川２丁目８番３－１０１号,2020-04-13,合同会社
合同会社武田経営,兵庫県西宮市鷲林寺南町７番２０号,2020-04-13,合同会社
合同会社浦郷,佐賀県武雄市武雄町大字武雄１６４番地４,2020-04-13,合同会社
合同会社登企画,東京都渋谷区渋谷３丁目５番１６号渋谷三丁目スクエアビル１Ｆ,2020-04-13,合同会社
合同会社神田フーズ,東京都江戸川区北小岩４丁目５番４－１０３号,2020-04-13,合同会社
合同会社縁,滋賀県近江八幡市新栄町９番地４,2020-04-13,合同会社
合同会社美虹,静岡県裾野市伊豆島田１２７－１－２０６,2020-04-13,合同会社
合同会社表現活動研究所ラスコー,神奈川県小田原市南町２丁目２番４５号,2020-04-13,合同会社
合同会社誠,愛知県津島市神守町字高島８２番地,2020-04-13,合同会社
合同会社豊川,東京都豊島区北大塚２丁目６番８号,2020-04-13,合同会社
合同会社雅屋,千葉県千葉市花見川区朝日ケ丘３丁目４番２４号,2020-04-13,合同会社
合同会社青空エステート,北海道札幌市北区屯田二条５丁目４番１２号,2020-04-13,合同会社
合同会社ＢＯＫＫＡ,岡山県総社市総社１２３３番地６,2020-04-13,合同会社
合同会社ＢＯＮＤ,千葉県印旛郡酒々井町墨１５９３番地,2020-04-13,合同会社
合同会社ＢＵＮ,大阪府和泉市和気町１丁目２２番１８号,2020-04-13,合同会社
合同会社ＣＬＯＶＥＲＴＳ,東京都板橋区上板橋２丁目８番１４号,2020-04-13,合同会社
合同会社ＣＲＥＸＩＡ,東京都杉並区天沼２丁目５－３１,2020-04-13,合同会社
合同会社Ｄｏｕｃｅ,東京都中央区築地７丁目１８番２８－２１７号,2020-04-13,合同会社
合同会社Ｅ－タイム,大阪府和泉市いぶき野５丁目３番５－２０４号,2020-04-13,合同会社
合同会社ＦＩＲＳＴ－ＰＡＴＨ,熊本県熊本市北区弓削５丁目２１番２９号,2020-04-13,合同会社
合同会社ＦＵｎｇｏ,高知県高知市朝倉東町４８番地２４メゾン安曇野１０１,2020-04-13,合同会社
合同会社ＦａＭ,愛知県名古屋市中区栄５丁目２６番３９号ＧＳ栄ビル３Ｆ,2020-04-13,合同会社
合同会社ＨＤＳ,京都府京都市中京区河原町通二条下る２丁目下丸屋町４０３番地,2020-04-13,合同会社
合同会社Ｈｉｎｔ,東京都品川区東五反田２丁目１６番２－４１６号,2020-04-13,合同会社
合同会社Ｈｕｇ＆Ｒｕｎ,東京都港区北青山３丁目６－７青山パラシオタワー１１階,2020-04-13,合同会社
合同会社ＫＩＮＯＫＯ,静岡県裾野市稲荷２１４番地の４,2020-04-13,合同会社
合同会社Ｍ　Ｄｉｎｏ,北海道勇払郡むかわ町末広２丁目１４９番地,2020-04-13,合同会社
合同会社ＯＵＣＨＩ,高知県南国市大埇甲１０７０番地１４,2020-04-13,合同会社
合同会社Ｏｎｅ,沖縄県宜野湾市嘉数３丁目１番７号,2020-04-13,合同会社
合同会社Ｒｅｓｅｌｅｃｔ,東京都世田谷区北烏山１丁目９番９号,2020-04-13,合同会社
合同会社ＳＨＩＧＡ,福島県いわき市小島町１丁目８番地の５,2020-04-13,合同会社
合同会社ＴＭコーポレーション,埼玉県さいたま市北区日進町３丁目６２３番地１ワコーレ大宮宮原３０１,2020-04-13,合同会社
合同会社ＹＭインテリード,北海道札幌市東区北丘珠二条２丁目２２番２号,2020-04-13,合同会社
合同会社ＹＳ企画,東京都調布市国領町８丁目４番地１アトラス国領イーストタワー４０１,2020-04-13,合同会社
合同会社ＺＯＭＡ,千葉県船橋市夏見台２丁目８番１３号クラヴィエ夏見台１０３号,2020-04-13,合同会社
合同会社ｂｕｌｐｕｍ,東京都中野区上鷺宮１丁目２５番６号,2020-04-13,合同会社
合同会社ｃｉｃａｋｅｌ,東京都葛飾区東立石３丁目２５－５－５０１,2020-04-13,合同会社
合同会社ｅｓ,北海道札幌市西区西町南７丁目１番２９号九十郎ハイム１階,2020-04-13,合同会社
合同会社ｏｎｅ’ｓ　ｗｉｌｌ,長崎県長崎市本原町１６－２,2020-04-13,合同会社
合同会社ｓｈａｒｆｅｃ,東京都墨田区錦糸２丁目７番９号,2020-04-13,合同会社
合同会社ｓｈｉｋａ６,北海道中川郡音威子府村字咲来５０番地,2020-04-13,合同会社
合同会社ｖａｌｅｘ,北海道札幌市中央区南八条西４丁目４２２番地５,2020-04-13,合同会社
合同会社ｗｏｒｌｄｃｏｎｑｕｅｓｔ,東京都新宿区西新宿７丁目１１番１５号ミヤコビル３０２,2020-04-13,合同会社
和井田実業株式会社,埼玉県吉川市木売２丁目１５番地１,2020-04-13,株式会社
唐人株式会社,広島県広島市西区観音新町２丁目５番３号,2020-04-13,株式会社
大藤工業株式会社,福島県いわき市山田町堀ノ内１０８番地の１,2020-04-13,株式会社
宗友ガーデン株式会社,千葉県千葉市緑区誉田町２丁目２１番地５６,2020-04-13,株式会社
小野ホールディングス株式会社,東京都文京区後楽１丁目１番１３号,2020-04-13,株式会社
希幸工業株式会社,三重県津市久居西鷹跡町４９８番地８６,2020-04-13,株式会社
平松工業株式会社,京都府舞鶴市字吉坂３５５番地２,2020-04-13,株式会社
愛媛県漁業協同組合,愛媛県松山市二番町４丁目６番地２,2020-04-13,その他の設立登記法人
改善エクスプレス株式会社,東京都荒川区町屋１丁目３５番２１号,2020-04-13,株式会社
日進合同会社,愛知県名古屋市瑞穂区八勝通２丁目３０番地４,2020-04-13,合同会社
旬彩ふらの合同会社,北海道富良野市幸町８番３２号,2020-04-13,合同会社
月光洲合同会社,東京都武蔵野市吉祥寺北町１丁目２８番３１号サニーハウス２０１,2020-04-13,合同会社
有限会社サン,宮崎県西都市大字南方２７５番地,2020-04-13,有限会社
未来分散型金融株式会社,大阪府大阪市浪速区難波中３丁目９番３号,2020-04-13,株式会社
東和建設株式会社,埼玉県川口市南鳩ヶ谷５丁目３１番８号,2020-04-13,株式会社
松本シェル石油株式会社,長野県松本市大字笹賀７１２７番２,2020-04-13,株式会社
柿崎建設株式会社,北海道札幌市中央区南二十三条西１５丁目１番１号ダイアナ南山鼻ヒルズＢ３階,2020-04-13,株式会社
株式会社あさひ,京都府京都市左京区修学院登リ内町３１番地,2020-04-13,株式会社
株式会社えがおラボ,東京都中央区京橋３丁目３番１３号平和ビル３号館３階,2020-04-13,株式会社
株式会社えきまちエナジークリエイト,東京都港区高輪２丁目２１番４２号,2020-04-13,株式会社
株式会社かいじゅうカンパニー,東京都品川区小山台１丁目１１－１２ホワイトノイズ３０３,2020-04-13,株式会社
株式会社きずなコーポレーション,埼玉県越谷市新越谷２丁目１２番地９,2020-04-13,株式会社
株式会社きづき出版,東京都中央区新富１丁目１９番７号アクタアワーズ京橋ビル７Ｆ,2020-04-13,株式会社
株式会社ここちクリエイト,東京都足立区千住４丁目２０番１４号創造舎ビル,2020-04-13,株式会社
株式会社こたつ,大阪府大阪市浪速区下寺１丁目２番１－１５０６,2020-04-13,株式会社
株式会社さくら不動産ギャラリー,富山県高岡市本丸町４番５号,2020-04-13,株式会社
株式会社はなコーポレーション,岡山県岡山市北区一宮１８７番地７,2020-04-13,株式会社
株式会社まちいろぐみ,東京都大田区中馬込２丁目４番２号,2020-04-13,株式会社
株式会社やの商店,埼玉県秩父市熊木町９番５号秩父ビジネスプラザ３１０,2020-04-13,株式会社
株式会社アイズエンターテイメント,東京都港区高輪１丁目２７番３７－１８０９号,2020-04-13,株式会社
株式会社アウトサイド設計,群馬県前橋市下大島町７４６番地１リエス前橋大島１０１号室,2020-04-13,株式会社
株式会社アクアテクト,三重県伊勢市小俣町元町１５２３番地,2020-04-13,株式会社
株式会社アジア・ナビ,東京都渋谷区東３丁目１１番１０号,2020-04-13,株式会社
株式会社アフターライフ,神奈川県相模原市中央区田名６１０５番地５,2020-04-13,株式会社
株式会社アレマ,東京都千代田区飯田橋３丁目２番１２号タキザワビル３階,2020-04-13,株式会社
株式会社アール・アイ・プラス,広島県広島市南区宇品海岸１丁目１３番２６号,2020-04-13,株式会社
株式会社アール・ジェ・インフィニティ,東京都港区芝３丁目８番２－３１０３号,2020-04-13,株式会社
株式会社イグラシア,東京都渋谷区千駄ヶ谷５丁目２７番３号やまとビル８階,2020-04-13,株式会社
株式会社イデア,三重県伊賀市ゆめが丘１丁目３番地の３ゆめテクノ伊賀インキュベーション４号室,2020-04-13,株式会社
株式会社エウラテクノス,徳島県徳島市国府町府中３４４モンシェール国府Ｂ１０５号室,2020-04-13,株式会社
株式会社エコスリー,群馬県太田市世良田町３１９８番地２,2020-04-13,株式会社
株式会社エスティーアール,群馬県太田市龍舞町３９７３番地６,2020-04-13,株式会社
株式会社エスワイエス,愛知県常滑市新開町３丁目６０番地,2020-04-13,株式会社
株式会社エピック,東京都港区六本木３丁目１５番２４号,2020-04-13,株式会社
株式会社エリサインターナショナル,東京都港区六本木７丁目１６番５号,2020-04-13,株式会社
株式会社エリシオン,千葉県千葉市中央区院内１丁目２番６号野村ビルディング院内２０２号,2020-04-13,株式会社
株式会社エルエム,愛知県常滑市新開町３丁目６０番地,2020-04-13,株式会社
株式会社オウルテック,大阪府大東市北条１丁目１６－３１－４０５,2020-04-13,株式会社
株式会社カサギ,愛知県名古屋市中村区畑江通２丁目１５番地,2020-04-13,株式会社
株式会社カツミビル,埼玉県さいたま市大宮区桜木町１丁目１２番地２,2020-04-13,株式会社
株式会社キタウラベイシティ,宮崎県延岡市北浦町古江２９３１番地３６,2020-04-13,株式会社
株式会社キレイシア,大阪府大阪市浪速区湊町２丁目２番７号,2020-04-13,株式会社
株式会社ギフトハウス,神奈川県相模原市中央区上溝３丁目２０番２２号,2020-04-13,株式会社
株式会社クフラス,北海道札幌市東区東雁来五条１丁目４番２６号,2020-04-13,株式会社
株式会社グリーンリバー,東京都足立区古千谷本町２丁目１０番６号,2020-04-13,株式会社
株式会社ケイシン,神奈川県横須賀市久里浜３丁目２４番１０号,2020-04-13,株式会社
株式会社コウエイ,広島県福山市東村町字善光６７７番地１　２Ｆ,2020-04-13,株式会社
株式会社サイト,埼玉県狭山市大字水野２９５番地の５４,2020-04-13,株式会社
株式会社サンセイル,山口県防府市大字真尾７４９番地の３,2020-04-13,株式会社
株式会社サンライズ,長野県飯田市大瀬木２６２６番地２２２,2020-04-13,株式会社
株式会社サンライフ和田,広島県広島市西区三篠町２丁目３番７号,2020-04-13,株式会社
株式会社シーアーク,神奈川県横浜市緑区長津田みなみ台５丁目３番地２３,2020-04-13,株式会社
株式会社ジェイスター,東京都荒川区西尾久４丁目２４番９号,2020-04-13,株式会社
株式会社ジエイエスアール,東京都新宿区中落合４丁目２４番２３号,2020-04-13,株式会社
株式会社ジラーラ,岡山県岡山市南区迫川２５５番地３,2020-04-13,株式会社
株式会社スイート,群馬県前橋市千代田町２丁目７番２１号,2020-04-13,株式会社
株式会社スキュルテ,愛知県名古屋市中村区名駅１丁目１番１号ＪＰタワー名古屋２１Ｆ,2020-04-13,株式会社
株式会社ストライヴ,京都府京都市下京区四条通新町東入月鉾町６３番地月鉾町ビル７０２号,2020-04-13,株式会社
株式会社ソースパーク,大阪府大阪市中央区久太郎町３丁目１番１５号メビウス御堂筋本町ＢＬＤ４０８号室,2020-04-13,株式会社
株式会社タイアップ,北海道帯広市西一条南１２丁目２－７,2020-04-13,株式会社
株式会社タミツ,香川県仲多度郡まんのう町買田５３３番地１,2020-04-13,株式会社
株式会社ダイレクトパワー,東京都新宿区新宿１丁目２９番５号,2020-04-13,株式会社
株式会社ティ－ズ,千葉県館山市沼８５２番地２９,2020-04-13,株式会社
株式会社ディーアールプロジェクト,東京都港区麻布十番２丁目１７番８号パークアイ２０１,2020-04-13,株式会社
株式会社デサフィオ,東京都港区南青山６丁目６番２２号,2020-04-13,株式会社
株式会社ナディア,東京都港区六本木１丁目６番１号,2020-04-13,株式会社
株式会社ハッピーベトナム,大阪府大阪市中央区淡路町１丁目３番２号紀陽オリエントビル５０１号室,2020-04-13,株式会社
株式会社バウンスバック,岡山県倉敷市真備町市場３４８８番地,2020-04-13,株式会社
株式会社パピポ,千葉県市川市南八幡３丁目６番１８号ミーナアサヒビル４Ｆ,2020-04-13,株式会社
株式会社パートナーサポート,東京都港区港南２丁目１６－７－９０５号,2020-04-13,株式会社
株式会社ビーアール,千葉県市川市大野町３丁目１８４７番地５,2020-04-13,株式会社
株式会社フェア・アンド・スクエア,東京都港区南青山１丁目１９番７号クラインシュロス２０３,2020-04-13,株式会社
株式会社フリーデザイン建築事務所,石川県金沢市笠舞２丁目２７番１６号サクセス笠舞２０５,2020-04-13,株式会社
株式会社プレックスジャパンオートメーション,福島県郡山市桜木２丁目２７番７号,2020-04-13,株式会社
株式会社ベイカーズ,東京都港区白金５丁目１０番７－１０３号,2020-04-13,株式会社
株式会社ベルカーサ,東京都国分寺市東恋ヶ窪５丁目１７番地１９,2020-04-13,株式会社
株式会社ポポロ,山口県下関市豊北町大字神田３８７３番地,2020-04-13,株式会社
株式会社ムラタコスモス,京都府長岡京市天神２丁目２６番１０号,2020-04-13,株式会社
株式会社メイワファームＨＹＢＲＩＤ,鳥取県鳥取市晩稲３０７番地,2020-04-13,株式会社
株式会社モビール,愛知県一宮市多加木３丁目１５番３号,2020-04-13,株式会社
株式会社ライフガイド,千葉県習志野市藤崎４丁目１７番１１号ならしの．ｃｏｍ,2020-04-13,株式会社
株式会社ランドログマーケティング,東京都港区海岸１丁目２番２０号,2020-04-13,株式会社
株式会社リ・クリエイト,北海道札幌市白石区平和通２丁目北４番３４号,2020-04-13,株式会社
株式会社レール・ナチュール,京都府京都市中京区西洞院通三条下る柳水町８４番地三洋六角ビル４０６号室,2020-04-13,株式会社
株式会社ワコーコーポレーション,千葉県長生郡睦沢町下之郷１８９７番地,2020-04-13,株式会社
株式会社ワンダーブラザース,東京都世田谷区下馬１丁目５２－２０,2020-04-13,株式会社
株式会社ヴィアーチェ,茨城県つくば市梅園２丁目８番１７号,2020-04-13,株式会社
株式会社与喜内装,大阪府東大阪市東石切町５丁目７番３７号,2020-04-13,株式会社
株式会社中央製作所,宮城県名取市愛島台７丁目１０１番地５１,2020-04-13,株式会社
株式会社令和ＫＳ,和歌山県和歌山市中之島１２４４番地,2020-04-13,株式会社
株式会社前田電気,愛知県岡崎市竜美東１丁目４番地２５,2020-04-13,株式会社
株式会社千鳳,神奈川県横浜市栄区野七里１丁目２番２３－２３５５号,2020-04-13,株式会社
株式会社友惠カンパニー,東京都八王子市富士見町４０番３号,2020-04-13,株式会社
株式会社和道経営舎,神奈川県横浜市西区北幸２丁目８番１９号横浜西口Ｋビル７Ｆ,2020-04-13,株式会社
株式会社塩田興業,福島県石川郡平田村大字下蓬田字乙空釜６５４番地,2020-04-13,株式会社
株式会社宝満の市,福岡県小郡市稲吉４４９番地１,2020-04-13,株式会社
株式会社小野寺商店,東京都稲城市東長沼１７１７番地の８,2020-04-13,株式会社
株式会社志摩工業,東京都江戸川区平井３丁目１２番１２－８０１号,2020-04-13,株式会社
株式会社悠真,東京都江戸川区瑞江２丁目２６番１０号６０５室,2020-04-13,株式会社
株式会社成田ファームランド,千葉県成田市所１１９９番地１,2020-04-13,株式会社
株式会社日本化成,和歌山県海南市鳥居６４７番地４,2020-04-13,株式会社
株式会社日本防災コンテンツ協会,東京都中央区八重洲１丁目１番８号,2020-04-13,株式会社
株式会社春風,東京都千代田区九段南１丁目５番６号りそな九段ビル５Ｆ．ＫＳフロア,2020-04-13,株式会社
株式会社晴,大阪府大阪市西淀川区大和田６丁目２－１８,2020-04-13,株式会社
株式会社曙佳源,東京都江東区北砂５丁目１９番３１－５１０号,2020-04-13,株式会社
株式会社朝信,東京都三宅島三宅村阿古１５２９番地,2020-04-13,株式会社
株式会社杉山工業,東京都墨田区八広５丁目３番１６号,2020-04-13,株式会社
株式会社東亜ホールディングス,山口県宇部市大字小野８２６５番地９,2020-04-13,株式会社
株式会社松阪ＩＴソリューション,三重県松阪市石津町３３５番地１,2020-04-13,株式会社
株式会社桜建設,滋賀県草津市大路１丁目４番２８号,2020-04-13,株式会社
株式会社橋井電気,京都府長岡京市神足３丁目１番１０号,2020-04-13,株式会社
株式会社浦田テクノス,千葉県浦安市猫実２丁目６番２２－５０４号,2020-04-13,株式会社
株式会社渡辺組建設工業,東京都大田区西蒲田５丁目２７番１号,2020-04-13,株式会社
株式会社熊遊,東京都江戸川区清新町１丁目１番３４－２０８号,2020-04-13,株式会社
株式会社百福,東京都品川区北品川５丁目９番４２号,2020-04-13,株式会社
株式会社石垣商店,北海道中川郡美深町東六条北２丁目２９３番地４５,2020-04-13,株式会社
株式会社石工竹正,愛知県名古屋市緑区大高台３丁目９０２番地の６,2020-04-13,株式会社
株式会社石野工務店,神奈川県横浜市都筑区南山田３丁目１０番７号南山田三丁目倉庫Ｄ,2020-04-13,株式会社
株式会社神野総合コンサルタンツ,東京都千代田区九段南１丁目５番６号,2020-04-13,株式会社
株式会社稲村孝建設,鹿児島県大島郡徳之島町亀津４８２２番地３,2020-04-13,株式会社
株式会社箱星,東京都港区麻布十番２丁目２番１０号,2020-04-13,株式会社
株式会社羽藤,福島県伊達郡川俣町飯坂字松木内４１番地の１,2020-04-13,株式会社
株式会社自動車ファンド,東京都千代田区永田町２丁目１１番１号,2020-04-13,株式会社
株式会社花笠商事,愛知県西尾市尾花町内野２２３番地,2020-04-13,株式会社
株式会社茗美,北海道札幌市中央区南二十三条西１４丁目２番２２号,2020-04-13,株式会社
株式会社萩原,埼玉県さいたま市大宮区櫛引町１丁目３２４番１,2020-04-13,株式会社
株式会社萬葉デンタル商会,東京都文京区千石１丁目２４番２５号,2020-04-13,株式会社
株式会社装建,茨城県つくば市苅間字谷頭１１０１－１,2020-04-13,株式会社
株式会社近藤グループ検見川,千葉県千葉市花見川区さつきが丘２丁目１番１号,2020-04-13,株式会社
株式会社道光エステート,北海道札幌市北区北二十二条西４丁目１番３３号コスモ２２一階,2020-04-13,株式会社
株式会社郡山制御エンジニアリング,福島県郡山市安積町日出山字大洲河原２３番地,2020-04-13,株式会社
株式会社鈴輝塗装,神奈川県相模原市南区御園１丁目８番１０－１号,2020-04-13,株式会社
株式会社＆ＦＩＮＡＮＣＥ,東京都港区六本木６丁目１１－１８ｈｏｕビル６階,2020-04-13,株式会社
株式会社２ｎｄ．ＦＯＲＣＥ,埼玉県さいたま市南区太田窪５丁目１番２１号,2020-04-13,株式会社
株式会社Ａ‐ＳＥＥＤＳ,東京都中央区日本橋堀留町１丁目１番９号,2020-04-13,株式会社
株式会社ＡＢＲＯＬ　ＩＮＴＥＲＮＡＴＩＯＮＡＬ,神奈川県厚木市下川入６４番地３－１０２号,2020-04-13,株式会社
株式会社ＡＬＷＡＹＳ　ＳＡＴＵＲＤＡＹＳ,京都府京都市左京区松ケ崎海尻町３番地の４６,2020-04-13,株式会社
株式会社ＡＳＬＥＡＰ,静岡県富士市本町１５－２７アーバンマンション１階,2020-04-13,株式会社
株式会社ＡＶＩＳＡ,東京都小金井市梶野町１丁目２－３６,2020-04-13,株式会社
株式会社ＡＺＺＡ,東京都千代田区神田神保町３丁目２５番地住友神保町ビル８階,2020-04-13,株式会社
株式会社ＡｉＮＥＸＴ,広島県広島市中区江波本町１番２３号,2020-04-13,株式会社
株式会社Ａｎｄ　Ｅａｓｔ,東京都狛江市岩戸北２丁目１１番１－１１８号,2020-04-13,株式会社
株式会社Ａｓａｌ,東京都中央区日本橋浜町２丁目１０番２号,2020-04-13,株式会社
株式会社Ａｔｅｍ,北海道札幌市中央区南六条西１２丁目１３０２番地２５,2020-04-13,株式会社
株式会社ＢＩＬＬＭＯＮＴ,東京都中央区銀座６丁目１２番２号,2020-04-13,株式会社
株式会社ＢＬＡＣＫ　ＴＩＧＥＲ,大阪府大阪市生野区桃谷５丁目４番２７号,2020-04-13,株式会社
株式会社ＢＯＮ,愛知県名古屋市中川区春田３丁目９２真弓ビル２Ｆ,2020-04-13,株式会社
株式会社Ｂａｃｃａ　ｓｔｙｌｅ,千葉県柏市船戸１６９２番地１,2020-04-13,株式会社
株式会社Ｂｅ　ａ　Ｇｉｖｅｒ,千葉県習志野市鷺沼台３丁目７番１４号,2020-04-13,株式会社
株式会社Ｂｅｓｔ,愛知県名古屋市中村区名駅５丁目３番２１号,2020-04-13,株式会社
株式会社Ｂｕｄｄｙ’ｓ,大阪府大阪市住吉区墨江４丁目２番１９号シャーメゾン沢之町１０２号,2020-04-13,株式会社
株式会社Ｃ－ＷＯＲＫＳ,北海道札幌市東区東苗穂十四条３丁目１番地２０,2020-04-13,株式会社
株式会社ＣａＦＣａｔ,東京都世田谷区中町１丁目３番１５号,2020-04-13,株式会社
株式会社Ｃｅｎｔｕｒｉｏ　Ｄｉｇｉｔａｌ,東京都千代田区二番町９番地３,2020-04-13,株式会社
株式会社ＤＯＮ,愛知県名古屋市中川区春田３丁目９２真弓ビル２階,2020-04-13,株式会社
株式会社Ｄｏｏｆｙ,愛知県日進市浅田町下小深田３３番地２,2020-04-13,株式会社
株式会社Ｅ＆Ｍメディカル,東京都港区高輪２丁目１１番２１－３０６号,2020-04-13,株式会社
株式会社Ｅ．Ｒ．Ｃ．沖縄,沖縄県沖縄市美里１丁目１１番１号,2020-04-13,株式会社
株式会社ＥＣ　ＥＮＴＲＹ,千葉県船橋市浜町２丁目３番３３号,2020-04-13,株式会社
株式会社ＦＦＬＩＦＥ,東京都中央区日本橋人形町２丁目２３番５号,2020-04-13,株式会社
株式会社ＦＩＲＳＴ,福島県郡山市逢瀬町河内字平内８７番地の１,2020-04-13,株式会社
株式会社ＦＬＩＰＤＥＳＫ,東京都港区六本木１丁目６番１号,2020-04-13,株式会社
株式会社ＦＭＩファクトリー,滋賀県東近江市伊庭町８７番地２５,2020-04-13,株式会社
株式会社ＦＵＵＳＡ,富山県富山市婦中町蔵島字八坂島２９６番地１,2020-04-13,株式会社
株式会社Ｆａｓｔ,北海道札幌市中央区南十条西１２丁目１番４８号,2020-04-13,株式会社
株式会社Ｇ－ｃｏｎｎｅｃｔｉｏｎ,埼玉県草加市瀬崎１丁目８番１８－４０１号,2020-04-13,株式会社
株式会社Ｇｅｎｉｅ７,大阪府大阪市北区山崎町１番８号稲村ビル１階,2020-04-13,株式会社
株式会社Ｇｉ　ＪＡＰＡＮ,広島県呉市広古新開７丁目３６番３０号,2020-04-13,株式会社
株式会社Ｇｏｏｄ　Ｃｒｅｗ,千葉県千葉市若葉区中田町２３５７番地１０９,2020-04-13,株式会社
株式会社Ｇｒｅｅｎ　ＣｏｎｎｅｃＴ,神奈川県中郡大磯町生沢３４８番地Ⅰ－１０２号,2020-04-13,株式会社
株式会社ＧｒｏｗＳｕｐｐｏｒｔ,北海道札幌市中央区南二条西３丁目１－７,2020-04-13,株式会社
株式会社ＪＶ　ＣＯＦＦＥＥ,新潟県新潟市西区五十嵐中島２丁目２４－１鍼灸接骨院の２階建物,2020-04-13,株式会社
株式会社ＫＡＲＹ,埼玉県さいたま市大宮区三橋４丁目３５９番地３,2020-04-13,株式会社
株式会社ＫＡＲａｔ,埼玉県比企郡小川町大字大塚６５２－１コスモ小川町７０５,2020-04-13,株式会社
株式会社ＫＡＷＡＮＩＳＨＩ,大阪府東大阪市池島町４丁目２番１６号,2020-04-13,株式会社
株式会社ＫＩＶＲＩＣ,岡山県倉敷市真備町箭田７５４番地４,2020-04-13,株式会社
株式会社ＫＫＳホールディングス,鹿児島県鹿児島市紫原６丁目１番１８号,2020-04-13,株式会社
株式会社ＫＭＴソルビング,山口県下関市長府東侍町４番４０号,2020-04-13,株式会社
株式会社ＬＩＤＥＭＡ,東京都杉並区方南２丁目２７番１２号ル・アンジュ方南町３０５号室,2020-04-13,株式会社
株式会社ＬＯＣ,北海道札幌市中央区北一条西７丁目４番地－２Ｆ,2020-04-13,株式会社
株式会社ＬＸ,大阪府枚方市長尾元町６丁目３５番３２号,2020-04-13,株式会社
株式会社Ｌａ　Ｖｉｔａ,福島県郡山市富久山町久保田字梅田１６２番地の２,2020-04-13,株式会社
株式会社Ｌｉａｓｏｃ,奈良県奈良市芝辻町４丁目１番地の１－１０５号,2020-04-13,株式会社
株式会社ＭＡＳＡＫ　ＭＡＳＡＫ,東京都千代田区九段南３丁目５番５号,2020-04-13,株式会社
株式会社ＭＡＸＰＬＵＳ製薬工業,大阪府大阪市中央区淡路町１丁目５番１０号,2020-04-13,株式会社
株式会社ＭＥＫＩＫＩ,東京都千代田区東神田１丁目１４番１１号,2020-04-13,株式会社
株式会社Ｎ－ａｔ,大阪府大阪市淀川区西中島３丁目５番９号西中島ＮＴビル５階,2020-04-13,株式会社
株式会社ＮＣ架け橋,奈良県大和高田市本郷町１０番２９号信永ビル５０６号,2020-04-13,株式会社
株式会社ＮＣＩホールディングス,広島県広島市中区国泰寺町１丁目９－９プレサンス広島中央１５階,2020-04-13,株式会社
株式会社ＮＲパートナーズ,千葉県市川市行徳駅前１丁目２７番１０号高田ビル２Ｆ,2020-04-13,株式会社
株式会社Ｎｅｗ　Ｓｔｏｒｙ,埼玉県桶川市鴨川１丁目１８番１７－２０３号,2020-04-13,株式会社
株式会社Ｏ．Ｎ．Ｅ　Ｊａｐａｎ,東京都港区港南４丁目６番７号,2020-04-13,株式会社
株式会社ＯＮＥ’Ｓ　ＳＴＹＬＥ　ＮＩＳＨＩＫＡＷＡ,愛媛県四国中央市上分町３２８番地５,2020-04-13,株式会社
株式会社ＯＲＤＥＭ,神奈川県中郡二宮町一色１３１３番地の２４,2020-04-13,株式会社
株式会社ＲＥＫＯＴＡ,北海道札幌市東区北四十四条東１０丁目１番６号,2020-04-13,株式会社
株式会社ＲＭＲ,鹿児島県姶良市松原町３丁目１９番地５,2020-04-13,株式会社
株式会社Ｒｅｉｃｈ,東京都板橋区徳丸２丁目２２－６－２０５,2020-04-13,株式会社
株式会社Ｒｅｍｅｍｂｅｒ,東京都板橋区大谷口北町７－１,2020-04-13,株式会社
株式会社Ｒｉｎｄｕ,愛知県北名古屋市鹿田神明附１４６番地１,2020-04-13,株式会社
株式会社Ｒｎ．テクニカ,千葉県習志野市津田沼６丁目１０番１１号メゾンカルム２０１号,2020-04-13,株式会社
株式会社Ｓ－Ｐｌａｎｎｉｎｇ,大阪府大東市灰塚５丁目４番２０号,2020-04-13,株式会社
株式会社ＳＣＥＮＴＢＯＸ,東京都渋谷区恵比寿西２丁目９番２号,2020-04-13,株式会社
株式会社ＳＤＨ,東京都港区三田４丁目１９番２５号,2020-04-13,株式会社
株式会社ＳＫ日陸オート,群馬県太田市東金井町１３６４番地,2020-04-13,株式会社
株式会社ＳＫＹ,埼玉県川口市柳崎３丁目２３番１０号,2020-04-13,株式会社
株式会社ＳＬＦ研究所,山梨県笛吹市一宮町金沢２２３番地,2020-04-13,株式会社
株式会社ＳＯＬＥＩＬ,佐賀県唐津市東町６９番地１,2020-04-13,株式会社
株式会社ＳＵＩＳＯ　ＪＡＰＡＮ,愛知県あま市七宝町遠島上江越１５３０番地,2020-04-13,株式会社
株式会社Ｓａｔｏ,千葉県市川市大野町４丁目２４１０番地１,2020-04-13,株式会社
株式会社Ｓｈｉｒｏｋａｎｅ　Ｓｔｒａｔｅｇｉｅｓ,東京都港区白金台３丁目２番３号,2020-04-13,株式会社
株式会社Ｓｌａｙｅｒｓ,東京都港区六本木４丁目８番７号六本木三河台ビル５階,2020-04-13,株式会社
株式会社Ｓｍａｒｔ．Ｉｎｔｅｃ,北海道札幌市中央区北二条西１０丁目１－１４植物園グランドハイツ,2020-04-13,株式会社
株式会社Ｓｔｅｌｌａｒ　Ｌｉｇｈｔ　ｃｒｅａｔｉｖｅ,大阪府大阪市中央区南船場３丁目６番２４号ＩＢＣ心斎橋ｗｅｓｔ７０５,2020-04-13,株式会社
株式会社Ｓｕｇｉｙａｍａ　Ｇｌｏｂａｌ　Ｅｄｕｃａｔｉｏｎ,東京都港区南青山２丁目２２番１４－６０２号,2020-04-13,株式会社
株式会社ＴＥＺＺＹ,大阪府東大阪市日下町４丁目１番４２－１３２９号,2020-04-13,株式会社
株式会社Ｔａｋａｇｉ　Ｈｏｌｄｉｎｇｓ,東京都文京区後楽２丁目６番１－２００６号,2020-04-13,株式会社
株式会社Ｔａｘ　Ｔｅｃｈｎｏｌｏｇｙ,東京都港区南青山２丁目４番１７号富士南青山ビル２階,2020-04-13,株式会社
株式会社Ｕｈ－ｍ,埼玉県さいたま市浦和区常盤５丁目８番３９号,2020-04-13,株式会社
株式会社ＷＡＲＥＨＯＵＳＥ,京都府京都市中京区玉蔵町１２１番地美濃利ビル５０３,2020-04-13,株式会社
株式会社ＷＩＴ＆Ｂ,千葉県千葉市中央区新町１番地１３木村ビル２Ｆ－Ｂ,2020-04-13,株式会社
株式会社Ｗｈｉｔｅｎｏｖａ　Ｃｏｍｐａｎｙ,島根県松江市浜乃木１丁目２１番２３－４０７号,2020-04-13,株式会社
株式会社Ｙ．Ｍ．Ｊトラステート,愛知県名古屋市中区丸の内２丁目１４番４号エグゼ丸の内ビル９０２号,2020-04-13,株式会社
株式会社ＹＡＭＡＺＡＫＩＨＯＬＤＩＮＧＳ,石川県白山市尾添イ５５番地,2020-04-13,株式会社
株式会社ＹＥＣｏｎｎｅｃｔ,東京都中央区銀座１丁目２２番１１号銀座大竹ビジデンス２Ｆ,2020-04-13,株式会社
株式会社ＹＨＫ,三重県鈴鹿市算所町７８３番地の１,2020-04-13,株式会社
株式会社ＹＯＳＨＩコーポレーション,東京都府中市晴見町２丁目２番地１１号グリーンコーポ１１０号室,2020-04-13,株式会社
株式会社ＹＲＡ,神奈川県横須賀市安浦町２丁目２３番地５,2020-04-13,株式会社
株式会社ＹＳ環境,埼玉県狭山市大字堀兼２５４４番地１,2020-04-13,株式会社
株式会社ＺＥＳＴ,東京都あきる野市原小宮１丁目２０番地１６,2020-04-13,株式会社
株式会社ｂａｍｄ’ｓ　ｃｏｍｐａｎｙ,兵庫県西宮市甲陽園目神山町３１番１号,2020-04-13,株式会社
株式会社ｄｅｃｏｄｅ,東京都港区六本木７丁目７番７号Ｔｒｉ－ＳｅｖｅｎＲｏｐｐｏｎｇｉ８階,2020-04-13,株式会社
株式会社ｅＱｔｒｅｅ,東京都千代田区神田小川町２丁目４番地２０,2020-04-13,株式会社
株式会社ｆｉｌｍｉｎｇｏ,東京都品川区西品川１丁目１－１住友不動産大崎ガーデンタワー９階トンネル東京,2020-04-13,株式会社
株式会社ｇｒａｓｓ　ｌｉｆｅ,京都府京都市左京区大原草生町２１９,2020-04-13,株式会社
株式会社ｍａｅｓｔｒｏ,北海道函館市本通１丁目１０番２９号,2020-04-13,株式会社
株式会社ｍａｔｃｈｕｐ,北海道札幌市中央区南五条東２丁目２２－２プレシェルト創成川イーストＢ棟５０１,2020-04-13,株式会社
株式会社ｍｅｔｔｙ,東京都中央区日本橋２丁目２番３号ＲＩＳＨＥビル４階,2020-04-13,株式会社
桜企画株式会社,埼玉県春日部市豊町２丁目１６番地２４,2020-04-13,株式会社
武田電気株式会社,東京都中央区日本橋３丁目２番１４号新槇町ビル別館第一２階,2020-04-13,株式会社
津吉町元触町内会,長崎県平戸市津吉町１２１２番地１,2020-04-13,その他
瀛佳合同会社,東京都豊島区西池袋２丁目２５－５－１０５号室,2020-04-13,合同会社
特定非営利活動法人こどもの教育を支援する会,東京都渋谷区道玄坂２丁目１８番１１－１０３号,2020-04-13,その他の設立登記法人
特定非営利活動法人リュース,三重県四日市市河原田町２３４０番地１,2020-04-13,その他の設立登記法人
特定非営利活動法人児童夢基金,東京都世田谷区上野毛２丁目１３番１号,2020-04-13,その他の設立登記法人
特定非営利活動法人八ヶ岳ＳＤＧｓスクール,山梨県北杜市須玉町小倉２５８０,2020-04-13,その他の設立登記法人
特定非営利活動法人古民家巣立ち,新潟県加茂市上条２番２０号,2020-04-13,その他の設立登記法人
特定非営利活動法人板倉まちづくり振興会,新潟県上越市板倉区針７２２番地１板倉コミュニティプラザ内,2020-04-13,その他の設立登記法人
特定非営利活動法人植野たすけあい,栃木県佐野市寺中町２２９７番地１,2020-04-13,その他の設立登記法人
特定非営利活動法人鳥取県医療連携ネットワークシステム協議会,鳥取県米子市久米町１３６番地,2020-04-13,その他の設立登記法人
石井工務店株式会社,京都府宇治市木幡御蔵山３９番地の３７１,2020-04-13,株式会社
石集宝石株式会社,東京都北区田端新町１丁目７番１４号ビズフィールド西日暮里１０２,2020-04-13,株式会社
磯田電気工事株式会社,埼玉県川口市芝塚原１丁目１５番１７号,2020-04-13,株式会社
社会保険労務士法人わかばコンサルティング,東京都千代田区一番町２７番２号,2020-04-13,その他の設立登記法人
社会保険労務士法人沖事務所,東京都中央区銀座５丁目１４番１６号銀座アビタシオン８０５号室,2020-04-13,その他の設立登記法人
社会保険労務士法人ＴＲｉＵＭＰＨ,愛知県名古屋市中区金山５丁目１１番６号名古屋ＮＳＣビル,2020-04-13,その他の設立登記法人
社会福祉法人笑愛会,香川県高松市屋島西町２４８４番地１１,2020-04-13,その他の設立登記法人
福井駅前電車通り北地区Ａ街区市街地再開発組合,福井県福井市中央１丁目４－８ユアーズホテルフクイ地下１階,2020-04-13,その他
福助マリン玉野株式会社,岡山県玉野市玉原３丁目９番７号,2020-04-13,株式会社
税理士法人エイト,愛知県名古屋市中村区井深町１番１号新幹線高架下２階,2020-04-13,その他の設立登記法人
紬屋瑠璃猫株式会社,神奈川県横浜市旭区三反田町２７１番地２,2020-04-13,株式会社
縁利不動産株式会社,東京都墨田区緑４丁目３９番７－２０１号,2020-04-13,株式会社
観音美住合同会社,神奈川県足柄下郡真鶴町真鶴６７４番地,2020-04-13,合同会社
誉真吉株式会社,大阪府大阪市中央区谷町６丁目３－１２プレアール谷町３０２号室,2020-04-13,株式会社
誠総合企画株式会社,神奈川県横浜市旭区鶴ケ峰本町１丁目３８番２０号,2020-04-13,株式会社
越日商事株式会社,千葉県船橋市本町２丁目１６番２２号,2020-04-13,株式会社
銀杉株式会社,東京都葛飾区お花茶屋１丁目１９番８－４０５号,2020-04-13,株式会社
雅株式会社,岐阜県羽島郡岐南町徳田５丁目１０２番地,2020-04-13,株式会社
鹿児島県漁業協同組合,鹿児島県鹿児島市鴨池新町１１番１号,2020-04-13,その他の設立登記法人
３Ｋオート株式会社,愛知県名古屋市昭和区雪見町２丁目１８番地の６,2020-04-13,株式会社
５Ｒａｋｕ株式会社,東京都荒川区荒川５丁目４２番１２号荒川５丁目山一ステーツ２０６,2020-04-13,株式会社
Ａ　ＴＲＡ‐ＤＥ株式会社,岡山県岡山市南区新保６０７番地１０,2020-04-13,株式会社
Ａ．Ｆ．ＭＯＴＯＲＳ合同会社,千葉県山武市松尾町山室１１７４番地２,2020-04-13,合同会社
ＡＫＡ株式会社,奈良県生駒市真弓４丁目１１－４,2020-04-13,株式会社
ＢＣＭサポート株式会社,兵庫県姫路市飾磨区細江９９５番地,2020-04-13,株式会社
ＢＬＵＥ　ＷＨＡＬＥＳ　ＪＡＰＡＮ株式会社,東京都立川市錦町１丁目１４番３０号テクノピア立川４０５,2020-04-13,株式会社
Ｄｒｅａｍ　Ｂｒｉｇｈｔ　Ｃｏｎｓｕｌｔｉｎｇ合同会社,神奈川県川崎市幸区新塚越１番地２サウザンドシティ１－４００３,2020-04-13,合同会社
ＥＡシステムデザイン株式会社,東京都品川区大井３丁目１８番１５－７０２号,2020-04-13,株式会社
ＥＣＨＯＥＳ株式会社,千葉県いすみ市小高３５５番地１,2020-04-13,株式会社
ＦＯＤＳ株式会社,東京都中央区銀座６丁目６番１号,2020-04-13,株式会社
ＧＯＧＯ株式会社,東京都目黒区目黒本町５丁目１０番２０号メゾン・サンクフェット４０１,2020-04-13,株式会社
Ｇｒａｎｄ商事合同会社,東京都豊島区東池袋１丁目４２－１５－３１７,2020-04-13,合同会社
ＨＡＲＹＡＮＡ合同会社,東京都中野区沼袋３丁目１６－７－１０５,2020-04-13,合同会社
ＨＫＫ合同会社,東京都足立区小台２丁目３番２１－５１７号,2020-04-13,合同会社
ＨＯＰＥｎ株式会社,東京都港区北青山２丁目７－１３青山アラマンダワークコート,2020-04-13,株式会社
ＩＮホールディングス株式会社,愛知県江南市和田町川東１７０番地,2020-04-13,株式会社
ＩＳファーストジャパン株式会社,大阪府岸和田市西之内町２７番３号,2020-04-13,株式会社
ＩＴＡＭ株式会社,兵庫県加西市北条町古坂１３１８番地コンフォート２０２号,2020-04-13,株式会社
ＪＴＯＮ合同会社,京都府京都市中京区押小路通柳馬場西入竹屋町１６４番地ＣＡＬＭ押小路通２０３,2020-04-13,合同会社
Ｊｏｙｇａｔｅ　Ｌｉｍｉｔｅｄ,東京都千代田区丸の内３丁目１番１号東京共同会計事務所内,2020-04-13,外国会社等
ＫＩＭＵＲＡ株式会社,群馬県高崎市東町３２番地１ＢｒｉｌｌｉａＴｏｗｅｒ高崎アルファレジデンシア２００６号,2020-04-13,株式会社
ＫＴＭ株式会社,岩手県奥州市水沢字吉小路２５番地１４,2020-04-13,株式会社
ＬＡＳ株式会社,福島県郡山市南２丁目１５７番地道場ビル３０１,2020-04-13,株式会社
ＬＵＯ株式会社,東京都中央区銀座１丁目２２－１１銀座大竹ビジデンス２Ｆ,2020-04-13,株式会社
Ｌｕｘｕｒｙ　Ｍａｎａｇｅｍｅｎｔ合同会社,東京都豊島区東池袋１丁目４２－１５－３１６,2020-04-13,合同会社
Ｍ・ＲＥＮＴ合同会社,愛知県名古屋市千種区今池５丁目１７番９号４０１,2020-04-13,合同会社
Ｍ＆Ｌソリューションズ株式会社,奈良県橿原市西池尻町２４番地の８７,2020-04-13,株式会社
ＭＡＲＵＳＨＩＮ株式会社,愛知県豊川市篠田町割塚１２１番地,2020-04-13,株式会社
ＭＩＹＡＢＩ合同会社,沖縄県那覇市首里赤平町２丁目４首里マンション１Ｆ,2020-04-13,合同会社
ＭＯＶＥＴＥＸ株式会社,東京都千代田区六番町１番地１５六番町プレイス,2020-04-13,株式会社
ＭＳＤ株式会社,京都府京都市下京区花屋町通櫛笥西入薬園町１７０番地２,2020-04-13,株式会社
ＭｅｅＴｒｕｃｋ株式会社,東京都港区東新橋１丁目９番１号,2020-04-13,株式会社
ＮＤＣ合同会社,京都府京都市山科区小野御霊町４４番地１３,2020-04-13,合同会社
ＯＭＥＧＡ合同会社,愛知県豊田市京ケ峰１丁目２４番地２,2020-04-13,合同会社
ＯＴＡ　Ａｓｉａ株式会社,兵庫県尼崎市南塚口町６丁目８番１０－６０８号,2020-04-13,株式会社
Ｏｆｆｉｃｅ　ＬＯＴＵＳ合同会社,東京都渋谷区代々木１丁目５５－１４セントヒルズ代々木７０２,2020-04-13,合同会社
Ｏｆｆｉｃｅ　Ｒｅｇｉｎａ合同会社,東京都中野区中央４丁目１６番１号ヴァイオレットヒルズ新中野１０１,2020-04-13,合同会社
Ｏｌｌｉｖｉｅｒ株式会社,岐阜県海津市南濃町吉田７４１番地１,2020-04-13,株式会社
ＰＯＳＩＴＩＶＥ　ＣＨＡＮＧＥＳ株式会社,愛知県名古屋市千種区西山元町２丁目２番地Ｓｔ．パトリク館２０３号,2020-04-13,株式会社
ＰＹ’ｓ　ＣＡＰＩＴＡＬ合同会社,東京都江東区東陽２丁目２番１４－７２２号,2020-04-13,合同会社
Ｐｒｅｃｉｏｕｓ株式会社,千葉県千葉市美浜区真砂１丁目３番６号コーポマイウェイＡ１０３,2020-04-13,株式会社
ＲＢ企画合同会社,広島県広島市佐伯区河内南２丁目７番１１号,2020-04-13,合同会社
ＳＡＡサービス合同会社,東京都品川区北品川５丁目５番１５大崎ブライトコア４階,2020-04-13,合同会社
ＳＨＡＭＡＭＡＨ　ＥＮＴＥＲＰＲＩＳＥＳ合同会社,神奈川県綾瀬市寺尾台４丁目７－１３田代ハイツ２０３,2020-04-13,合同会社
ＳＫＹＷＯＲＬＤ　ＴＲＡＤＩＮＧ株式会社,山形県飽海郡遊佐町小原田字木ノ下９番地の２,2020-04-13,株式会社
ＳＮＬ協同組合,富山県富山市中滝２４２番地２,2020-04-13,その他の設立登記法人
ＳＴＥＥＬ－ＪＡＰＡＮ株式会社,静岡県沼津市添地町１５３番地,2020-04-13,株式会社
ＳＵＮＲＩＳＥ合同会社,東京都品川区上大崎３丁目９番１７号レジス２Ｆ,2020-04-13,合同会社
Ｓｍａｒｔ．Ｇｅｏ株式会社,神奈川県横浜市鶴見区上の宮１丁目２２番２７号,2020-04-13,株式会社
ＴＨＥＶＩＳＩＯＮ株式会社,東京都港区東麻布２丁目２９番１－１００２号,2020-04-13,株式会社
ＴＩＣ株式会社,福島県いわき市平字白銀町５番地の１６,2020-04-13,株式会社
ＴＬ　Ｅｎｔｅｒｐｒｉｓｅｓ株式会社,千葉県松戸市上本郷２３８７番地の２,2020-04-13,株式会社
ＴＴＭ合同会社,京都府京都市山科区椥辻中在家町２８番地の２９３,2020-04-13,合同会社
Ｔｉｐ‐Ｒｕｎ合同会社,滋賀県大津市滋賀里４丁目１２番６５－１０１号,2020-04-13,合同会社
Ｔｒａｎｓ　Ｐａｃｉｆｉｃ　Ｐｒｅｓｓ株式会社,東京都港区浜松町２丁目２番１５号浜松町ダイヤビル２階,2020-04-13,株式会社
Ｕ＆Ｉ合同会社,京都府京都市中京区西ノ京職司町１８番１－４０１号,2020-04-13,合同会社
ＷＥｓｐｏｉｒ合同会社,東京都港区南青山２丁目２番１５号ウィン青山１２１４号,2020-04-13,合同会社
Ｗｉｎｋｌｅ株式会社,東京都世田谷区上馬４丁目８－１,2020-04-13,株式会社
Ｙ・ホールディングス株式会社,東京都文京区根津２丁目２３番１号,2020-04-13,株式会社
Ｙ＆Ｔ株式会社,神奈川県横浜市磯子区丸山１丁目３０番４号,2020-04-13,株式会社
ＹＥＳ　ＢＯＬＩＶＩＡ株式会社,東京都品川区大井１丁目３８番３号,2020-04-13,株式会社
ＹＧＸ合同会社,東京都世田谷区下馬６丁目８番６号,2020-04-13,合同会社
ＺＩＣＣＡ工房株式会社,岡山県岡山市中区平井３丁目１００８番７号,2020-04-13,株式会社
ｆｆｏｏ合同会社,東京都大田区南雪谷１丁目１２番９プレイヤー南雪谷２０３号,2020-04-13,合同会社
ｌｉｆｅｌｏｎｇ株式会社,京都府京都市右京区西京極東大丸町４０番地加藤ビル３０７号室,2020-04-13,株式会社
いふ・みらい株式会社,兵庫県神戸市西区岩岡町古郷１９８８番地１,2020-04-14,株式会社
つなぐサービス合同会社,神奈川県横浜市港北区大倉山６丁目２番８－３０４号,2020-04-14,合同会社
にこやか株式会社,兵庫県姫路市八代東光寺町５番８号,2020-04-14,株式会社
ほしだクライミングクラブ,奈良県奈良市中登美ヶ丘１丁目４１６２－１中登美団地Ｅ２３－３０２,2020-04-14,その他
らいふ株式会社,埼玉県上尾市大字上１３９８番地１９,2020-04-14,株式会社
アウル・ビー株式会社,東京都大田区南六郷３丁目１番１６号,2020-04-14,株式会社
アセレクト株式会社,東京都港区赤坂９丁目６番３０号,2020-04-14,株式会社
アークネクスト株式会社,愛知県清須市西枇杷島町旭２丁目６３番地４,2020-04-14,株式会社
アールディ・ネクスト株式会社,東京都中央区日本橋２丁目２番３号ＲＩＳＨＥビルＵＣＦ４０２,2020-04-14,株式会社
イノベーションブリッジ合同会社,東京都中央区築地２丁目１５番１５－４０９号,2020-04-14,合同会社
インターグロー税理士法人,愛知県名古屋市中区丸の内２丁目１４番４号,2020-04-14,その他の設立登記法人
インフィニティ株式会社,神奈川県川崎市高津区新作６丁目３番４７号サンライズ新城５０９,2020-04-14,株式会社
ウエストプロモーション株式会社,岡山県岡山市南区彦崎３２１６－１オースグランＡ２０２,2020-04-14,株式会社
オフィース・トゥール合同会社,東京都渋谷区神南１丁目１２番１６号和光ビル５Ｆ,2020-04-14,合同会社
オレンジ合同会社,大阪府大阪市中央区船場中央３丁目２番８－Ｂ１１６号,2020-04-14,合同会社
オープンシーコンサルティング株式会社,東京都練馬区旭町２丁目４２番５－５０２号,2020-04-14,株式会社
カネハホールディングス株式会社,長崎県長崎市旭町８番１３号,2020-04-14,株式会社
キュリオシティ合同会社,東京都渋谷区千駄ヶ谷４丁目９番３－２１７号,2020-04-14,合同会社
ギャラクシージャパン株式会社,大阪府大阪市北区中崎２丁目５番８－１３０２号,2020-04-14,株式会社
コンノ消防設備株式会社,北海道旭川市神居四条１０丁目２番１号,2020-04-14,株式会社
システム・アイ株式会社,福岡県福岡市東区松田３丁目１３番３－７０３号,2020-04-14,株式会社
シダーズ合同会社,岐阜県関市下之保１９５５番地１の２,2020-04-14,合同会社
スタイルエンジニアリング株式会社,愛知県名古屋市守山区翠松園２丁目２００９,2020-04-14,株式会社
スターガーデン株式会社,東京都港区浜松町２丁目２番１５号浜松町ダイヤビル２Ｆ,2020-04-14,株式会社
スパークルブリッジ合同会社,東京都中央区湊２丁目１５－１４－２９１０,2020-04-14,合同会社
ゼネラ株式会社,東京都立川市栄町６丁目１６番地の４０,2020-04-14,株式会社
ティーアールネット株式会社,石川県金沢市桜田町１丁目１番地,2020-04-14,株式会社
バリアフリー環境企画株式会社,千葉県佐倉市宮ノ台３丁目２－５ホワイトハウスＡ－２,2020-04-14,株式会社
ヒューマンリソース協同組合,千葉県千葉市中央区中央４丁目１２番１２号,2020-04-14,その他の設立登記法人
ビオエスト株式会社,大阪府堺市西区浜寺元町６丁８０８番地,2020-04-14,株式会社
ビルド事業協同組合,神奈川県横浜市西区南浅間町１４番地２９－３Ｆ,2020-04-14,その他の設立登記法人
ブリリアンス・スタイル株式会社,大阪府大阪市北区本庄東２丁目２番２２号,2020-04-14,株式会社
ブロードソリューション株式会社,東京都港区赤坂１丁目５番２号,2020-04-14,株式会社
ヘリテッジ株式会社,東京都台東区上野６丁目１番６号御徒町グリーンハイツ１００５号,2020-04-14,株式会社
マストベンダーテクニカル株式会社,兵庫県姫路市飾磨区中島５５９番地７,2020-04-14,株式会社
マーケティング・ダイレクト株式会社,東京都中央区晴海３丁目１３番１,2020-04-14,株式会社
マーベスティー合同会社,東京都中央区日本橋小舟町１１番１１号Ｋ１ビル５Ｆ,2020-04-14,合同会社
ミライ通商合同会社,福岡県大牟田市浜田町４番地１０,2020-04-14,合同会社
メドキュア株式会社,熊本県玉名市横島町横島７３０２－１,2020-04-14,株式会社
ライズラボ株式会社,富山県富山市向新庄１３５８番地５,2020-04-14,株式会社
ライトテクノサービス株式会社,京都府宇治市宇治蛇塚１２番地,2020-04-14,株式会社
ラオ・ジャパン合同会社,佐賀県神埼市神埼町城原３２０６番地１,2020-04-14,合同会社
リアライズ株式会社,茨城県結城市大字上成２７番地８,2020-04-14,株式会社
リカプト株式会社,東京都港区新橋６丁目４番３号ル・グラシエルＢＬＤＧ．７・４階４２３号室,2020-04-14,株式会社
ロワール銀座株式会社,東京都中央区銀座５丁目８番１８号,2020-04-14,株式会社
ワールドワイドＪＰ株式会社,東京都八王子市大和田町１丁目３２番１０号,2020-04-14,株式会社
一位ホールディングス株式会社,北海道函館市本町１７番２号ヴィルヌーブ五稜郭１階,2020-04-14,株式会社
一般社団法人すみれ,神奈川県藤沢市本藤沢５丁目６番１９号,2020-04-14,その他の設立登記法人
一般社団法人ひといき,長野県東御市下之城７４８番地,2020-04-14,その他の設立登記法人
一般社団法人みやきスポーツコミッション,佐賀県三養基郡みやき町大字東尾７３７番地５,2020-04-14,その他の設立登記法人
一般社団法人アイルゴー,千葉県鎌ケ谷市南初富５丁目３番２０－９号,2020-04-14,その他の設立登記法人
一般社団法人アーユルヴェーダ生命科学研究所,兵庫県豊岡市但東町中山１４７番地,2020-04-14,その他の設立登記法人
一般社団法人キャリア開発支援協会,福岡県福岡市中央区大名２丁目６番１１号,2020-04-14,その他の設立登記法人
一般社団法人シェルター・リフォーム協会,東京都江東区清澄２丁目１４番８号清澄ハイツ２階,2020-04-14,その他の設立登記法人
一般社団法人デザインパン協会,大阪府高石市東羽衣１丁目６番３５－５０７号,2020-04-14,その他の設立登記法人
一般社団法人ドローンガイド協会,鳥取県西伯郡大山町大山３２番地,2020-04-14,その他の設立登記法人
一般社団法人レガロスポーツクラブ,千葉県千葉市花見川区浪花町９０９番地２５,2020-04-14,その他の設立登記法人
一般社団法人ワンディ,佐賀県神埼郡吉野ヶ里町三津１３９１番地,2020-04-14,その他の設立登記法人
一般社団法人世界ベトナム経営協会大阪,大阪府堺市堺区熊野町東４丁４番２４号,2020-04-14,その他の設立登記法人
一般社団法人中部アスリート,愛知県名古屋市熱田区西野町１丁目２６番地,2020-04-14,その他の設立登記法人
一般社団法人叶ｅ,沖縄県那覇市安謝１丁目９番１２号,2020-04-14,その他の設立登記法人
一般社団法人大分ユニバーサルツーリズムセンター,大分県中津市蛭子町２丁目１６番地,2020-04-14,その他の設立登記法人
一般社団法人日本システムエンジニアリング協会,大阪府大阪市中央区内久宝寺町２丁目２番２２－２９０２号,2020-04-14,その他の設立登記法人
一般社団法人日本ヨーガ学会,東京都新宿区高田馬場１丁目３１番８号,2020-04-14,その他の設立登記法人
一般社団法人日本就業規則診断士協会,神奈川県横浜市戸塚区戸塚町１２１－４春芳園ビル,2020-04-14,その他の設立登記法人
一般社団法人日本看護倫理学会,東京都新宿区山吹町３５８番地５アカデミーセンター,2020-04-14,その他の設立登記法人
一般社団法人日本臨床一般検査学会,愛知県豊明市沓掛町田楽ケ窪１番地９８,2020-04-14,その他の設立登記法人
一般社団法人未来のオトナ計画,奈良県橿原市和田町１５番２５号,2020-04-14,その他の設立登記法人
一般社団法人武蔵村山観光まちづくり協会,東京都武蔵村山市本町２丁目２番地の１,2020-04-14,その他の設立登記法人
一般社団法人江東区主任ケアマネジャー協議会,東京都江東区東陽５丁目２９番１０号,2020-04-14,その他の設立登記法人
一般社団法人神戸農村ラボ,兵庫県神戸市北区淡河町淡河７９２番の１,2020-04-14,その他の設立登記法人
一般社団法人秋田港有効利活用協会,秋田県秋田市新屋松美ガ丘東町７番４号,2020-04-14,その他の設立登記法人
一般社団法人職人バンク,東京都立川市高松町２丁目２５番１５号,2020-04-14,その他の設立登記法人
一般社団法人香川県ｅスポーツ協会,香川県高松市木太町２７０９－１,2020-04-14,その他の設立登記法人
一般社団法人馬場なすをつなぐ,大阪府貝塚市馬場３５番地,2020-04-14,その他の設立登記法人
一般社団法人駿河台アセット・ホールディング,東京都板橋区小豆沢２丁目３３番１２－７０７号,2020-04-14,その他の設立登記法人
一般社団法人Ｇｒｏｗ　Ｕｐ　Ａｃａｄｅｍｙ,静岡県浜松市北区三方原町１０９５番地の２,2020-04-14,その他の設立登記法人
一般社団法人ＴＳＫ,東京都北区王子５丁目１１番６号,2020-04-14,その他の設立登記法人
三源合同会社,神奈川県横浜市青葉区松風台２６番地６,2020-04-14,合同会社
五條市地域商社株式会社,奈良県五條市大塔町宇井９４番地,2020-04-14,株式会社
仁龍商事株式会社,大阪府大阪市中央区島之内２丁目８番３３号,2020-04-14,株式会社
令和テック株式会社,三重県四日市市羽津町２２番４３号,2020-04-14,株式会社
六箭物産株式会社,北海道空知郡上富良野町宮町４丁目１番２５号,2020-04-14,株式会社
切替牧場株式会社,千葉県袖ケ浦市上泉１５１０番地,2020-04-14,株式会社
創意工夫株式会社,沖縄県宮古島市平良字下里１２５９番地４,2020-04-14,株式会社
医療法人いわい歯科クリニック,奈良県香芝市逢坂８丁目２２５番地１,2020-04-14,その他の設立登記法人
医療法人メディカルビットバレー,新潟県長岡市下柳１丁目１０番１３号,2020-04-14,その他の設立登記法人
医療法人健花悠久会かわい泌尿器科クリニック,山口県防府市大字植松５５９番１コスパメディカル１Ｆ,2020-04-14,その他の設立登記法人
医療法人永青会,愛媛県大洲市東大洲１６８番地１,2020-04-14,その他の設立登記法人
医療法人皓歯会,京都府京都市下京区烏丸通七条下る東塩小路町７３５番地１京阪京都ビル９階,2020-04-14,その他の設立登記法人
医療法人社団三光会,千葉県船橋市西習志野２丁目４番３号,2020-04-14,その他の設立登記法人
医療法人社団利飛翔会,神奈川県横浜市金沢区富岡西７丁目１９番１３号,2020-04-14,その他の設立登記法人
医療法人社団壽一会,新潟県燕市杣木１８２３番地１,2020-04-14,その他の設立登記法人
医療法人社団樹央会,新潟県新潟市中央区女池２丁目３番１７号,2020-04-14,その他の設立登記法人
医療法人社団犬井歯科クリニック,新潟県柏崎市岩上１０番３０号,2020-04-14,その他の設立登記法人
医療法人社団ＰＡＳＴ,静岡県伊豆の国市田京３８番地の２,2020-04-14,その他の設立登記法人
医療法人資久会,京都府京都市中京区新京極通三条下る桜之町４０６番地明山ビル２階,2020-04-14,その他の設立登記法人
千葉西部朝日会,千葉県習志野市津田沼６丁目２－１３　２Ｆ,2020-04-14,その他
司法書士法人やはば法務事務所,岩手県紫波郡矢巾町大字南矢幅第８地割２１３番地清賜知館１０１,2020-04-14,その他の設立登記法人
合同会社うづき,山梨県大月市大月３丁目５－３,2020-04-14,合同会社
合同会社えん,新潟県南魚沼市六日町１４０１番地１,2020-04-14,合同会社
合同会社こせん,宮城県岩沼市大手町５－１０只野ビル２階,2020-04-14,合同会社
合同会社さくら中央不動産,新潟県見附市今町４丁目８番２１号,2020-04-14,合同会社
合同会社たかパン,東京都文京区本郷３丁目３８－１０さかえビル２Ｆ,2020-04-14,合同会社
合同会社ちくまキカク,京都府乙訓郡大山崎町字円明寺小字下金蔵２０,2020-04-14,合同会社
合同会社つむぎ,滋賀県彦根市平田町１２１番地２,2020-04-14,合同会社
合同会社はるか,東京都世田谷区下馬１丁目４６番１５号,2020-04-14,合同会社
合同会社みーちぬや,沖縄県石垣市字登野城６２３番地１１,2020-04-14,合同会社
合同会社アイトライブ・ネクスト,神奈川県横浜市西区戸部町７丁目２３６番地１桜木町ＢＡＹ－ＳＣＡＰＥ３０４,2020-04-14,合同会社
合同会社アクアフーズ,愛知県名古屋市熱田区千代田町１７番８号,2020-04-14,合同会社
合同会社アトラス,兵庫県神戸市中央区御幸通６丁目１－２０,2020-04-14,合同会社
合同会社カグノミ堂,大阪府大阪市西区新町１丁目２７番１７号,2020-04-14,合同会社
合同会社グランエステート,京都府京都市下京区松原通烏丸西入玉津島町３０６番地,2020-04-14,合同会社
合同会社グランリーオ,北海道札幌市清田区北野六条１丁目１１番１０号,2020-04-14,合同会社
合同会社コムズトラスト,新潟県新潟市中央区紫竹山１丁目１番２８号,2020-04-14,合同会社
合同会社スペーシャル・アーキテクツ,兵庫県宝塚市雲雀丘１丁目６番１２号,2020-04-14,合同会社
合同会社セントラル健診,大阪府堺市堺区戎之町東２丁１番７号２２６,2020-04-14,合同会社
合同会社ニセコのファン,北海道虻田郡ニセコ町字曽我４４番１５号グリーンコート２０２号,2020-04-14,合同会社
合同会社ヒートパワーみと,島根県益田市美都町都茂１０７６番地,2020-04-14,合同会社
合同会社ビラデステ,沖縄県国頭郡本部町字備瀬５４１番地,2020-04-14,合同会社
合同会社フェリックス,神奈川県川崎市川崎区日進町１番地サンスクエア川崎４－９０４,2020-04-14,合同会社
合同会社メグリブ,長野県下伊那郡売木村４５番地１３４,2020-04-14,合同会社
合同会社モノシエート,愛知県名古屋市西区大野木４丁目３１７番地,2020-04-14,合同会社
合同会社ラファ,大阪府大阪市港区弁天１丁目３番１３－３２０６号,2020-04-14,合同会社
合同会社ルイスタートレーディング,東京都港区浜松町２丁目２番１５号浜松町ダイヤビル２Ｆ,2020-04-14,合同会社
合同会社ルメルト,東京都八王子市堀之内３丁目５番地２０ソリッドリファイン京王堀之内２０６号,2020-04-14,合同会社
合同会社上機嫌,大阪府寝屋川市松屋町１９番１－７１４号,2020-04-14,合同会社
合同会社介和レストラン,大阪府大阪市淀川区西宮原２丁目５番４６－２２１号,2020-04-14,合同会社
合同会社協心,北海道札幌市南区簾舞六条２丁目３番１９号,2020-04-14,合同会社
合同会社吉宮居,愛知県犬山市大字前原字天道新田８１番地５９８,2020-04-14,合同会社
合同会社堤技建工業,愛知県あま市木田道下１番地２,2020-04-14,合同会社
合同会社大前建設,島根県隠岐郡隠岐の島町岬町中の津の四１０６番地,2020-04-14,合同会社
合同会社山倖,北海道札幌市白石区北郷六条７丁目１番１３号,2020-04-14,合同会社
合同会社川田メンテナンス,埼玉県新座市大和田３丁目１１番９号,2020-04-14,合同会社
合同会社御影みらいホールディングス,兵庫県神戸市中央区御幸通４丁目１番１０号ＹＡＹＡビル,2020-04-14,合同会社
合同会社松風,千葉県千葉市若葉区加曽利町４７６－６,2020-04-14,合同会社
合同会社環境デザイン事務所,東京都東久留米市氷川台２丁目２７番６号,2020-04-14,合同会社
合同会社甘芋,岐阜県岐阜市岩田東３丁目２８７番３,2020-04-14,合同会社
合同会社真輝興業,栃木県鹿沼市千渡１６０５－２３０マーベラス２０１,2020-04-14,合同会社
合同会社社会福祉事業Ｇ・Ｓ・Ｍ,岩手県盛岡市北飯岡２丁目３番３１号アルカディア２０５号,2020-04-14,合同会社
合同会社祇園精舎,東京都港区元麻布２丁目１－１９－５Ｆ,2020-04-14,合同会社
合同会社結美プロダクション,北海道札幌市豊平区豊平三条１丁目１番２１号,2020-04-14,合同会社
合同会社翔,北海道札幌市西区西野六条４丁目６番６号,2020-04-14,合同会社
合同会社花美,京都府京都市西京区御陵荒木町５番地１,2020-04-14,合同会社
合同会社配電巧,埼玉県越谷市相模町７丁目１６２番地１,2020-04-14,合同会社
合同会社３ｖｉｔｉｏｎ,神奈川県横浜市都筑区南山田３丁目２－１－１０１,2020-04-14,合同会社
合同会社８２４,大阪府大阪市阿倍野区共立通１丁目９番２１号,2020-04-14,合同会社
合同会社９－ｂｏｘ,大阪府吹田市垂水町１丁目４０番１７号,2020-04-14,合同会社
合同会社Ｂ－ＡＩＺ,東京都板橋区小豆沢２丁目３３番６号,2020-04-14,合同会社
合同会社ＢＥＬＬツリー,東京都東久留米市下里４丁目１番１２－４０４,2020-04-14,合同会社
合同会社ＢＯＮＤＳ,北海道札幌市白石区本郷通５丁目北１番２６号,2020-04-14,合同会社
合同会社Ｃ＆Ｃ,宮城県宮城郡七ヶ浜町境山１丁目１０番６号,2020-04-14,合同会社
合同会社ＣＥＲＯ,千葉県松戸市本町１３番１３－６０１号,2020-04-14,合同会社
合同会社ＣＲＥＡＴＯＲＳ,栃木県小山市駅南町２丁目２６番１７号,2020-04-14,合同会社
合同会社Ｃｏｏｋｉｅ,島根県松江市玉湯町湯町１９７１番地１,2020-04-14,合同会社
合同会社Ｃｒｏｓｓｌｉｎｋ　Ｊａｐａｎ,愛知県名古屋市名東区西里町２丁目２５番地（パークハイツ西里１Ｂ号）,2020-04-14,合同会社
合同会社ＦＫＤ,千葉県船橋市二和東６丁目４３番２２－２０１号,2020-04-14,合同会社
合同会社Ｆｉｅｌｄｅｒ’ｓ,長野県伊那市西箕輪４２５９番地１,2020-04-14,合同会社
合同会社Ｆｌｉｎｋ,東京都港区麻布十番１丁目５番１０号アトラスビル４階,2020-04-14,合同会社
合同会社Ｆｏｕｎｔａｉｎ,埼玉県朝霞市東弁財２丁目１番１３号,2020-04-14,合同会社
合同会社ＨＯＯＰＥ,東京都板橋区大谷口２丁目６２番１１号,2020-04-14,合同会社
合同会社Ｈｅｌｉａｎｔｈｕｓ,愛知県知多郡東浦町大字緒川字蓮池２６番地,2020-04-14,合同会社
合同会社Ｈｉｇｈ＆Ｔａｌｌ,富山県富山市天正寺５１番地１,2020-04-14,合同会社
合同会社Ｊ企画,埼玉県鶴ヶ島市南町１丁目７番５号,2020-04-14,合同会社
合同会社ＫＣＦＢ,東京都台東区日本堤１丁目４番６号楊ビル１階Ａ号室,2020-04-14,合同会社
合同会社ＫＮＲ,静岡県沼津市今沢６８７番地の４４,2020-04-14,合同会社
合同会社ＭＰＧ,島根県益田市美都町都茂１０７６番地,2020-04-14,合同会社
合同会社ＯＰＰ,兵庫県西宮市六湛寺町１番１２－３０９号,2020-04-14,合同会社
合同会社Ｐｉ－Ｙｏ,長野県塩尻市大門一番町１３番３号シャトー壱番館３Ｆ道側,2020-04-14,合同会社
合同会社Ｐｒｅｓｓ　ａｎｄ　Ｗａｔｅｒ,滋賀県大津市大江５丁目３５番１３号,2020-04-14,合同会社
合同会社Ｓ．Ｕ．Ｎ．,京都府京都市山科区音羽野田町１番地６Ａ８１５,2020-04-14,合同会社
合同会社ＳＨＩＨＯＲＩ　ＭＵＲＡＫＡＭＩ,福岡県太宰府市水城４丁目９番１０号,2020-04-14,合同会社
合同会社Ｔ．ｑ．,神奈川県相模原市緑区太井４８７番地,2020-04-14,合同会社
合同会社ＴＳＵＮＡ,東京都羽村市小作台５丁目２６番地１０,2020-04-14,合同会社
合同会社Ｗｅ　ａｒｅ　ｔｈｅ　Ｂｅｓｔ,岩手県盛岡市中野１丁目３０－３田澤アパート１階,2020-04-14,合同会社
合同会社ＹＫ財団,東京都世田谷区玉川４丁目２１番４号,2020-04-14,合同会社
合同会社ｉｎｎｅｒ　ｓｅｅｄｓ,長野県北安曇郡白馬村大字北城３０２０番地６８２,2020-04-14,合同会社
合同会社ｉｎｖｅｓｔｏｒパー,大阪府大阪市天王寺区生玉町１０番２３－６０２号,2020-04-14,合同会社
向日葵合同会社,東京都千代田区西神田２丁目７－１４ＹＳ西神田ビル１Ｆ,2020-04-14,合同会社
埼玉アセット株式会社,埼玉県春日部市浜川戸２丁目５番地６ワイズタウン,2020-04-14,株式会社
埼玉県東部地域環境事務研究会,埼玉県八潮市中央１丁目２－１,2020-04-14,その他
士森株式会社,埼玉県さいたま市浦和区岸町１丁目４番１３－２号,2020-04-14,株式会社
大雄家株式会社,沖縄県宜野湾市大山６丁目８番１号エヌエイチオフィスビル３Ｆ夢空間Ｄ－０５室,2020-04-14,株式会社
天生株式会社,東京都港区港南２丁目６－１０三ツ矢ビル７階,2020-04-14,株式会社
太助合同会社,静岡県沼津市江浦５２７番地の７,2020-04-14,合同会社
安穏合同会社,石川県かほく市宇気ツ２２番地１９,2020-04-14,合同会社
宗教法人相模原福音キリスト教会,神奈川県相模原市中央区清新７丁目３番１７号,2020-04-14,その他の設立登記法人
島田市国際交流協会,静岡県島田市中央町１番の１,2020-04-14,その他
川島学童すこやかクラブ,徳島県吉野川市川島町桑村８８３－１,2020-04-14,その他
恩納村仲泊区,沖縄県国頭郡恩納村字仲泊４０番地,2020-04-14,その他
成川自治区,鹿児島県指宿市山川成川１１８２－１,2020-04-14,その他
新大阪マネジメント合同会社,東京都港区六本木１丁目６番１号泉ガーデンタワー,2020-04-14,合同会社
日本創生投資株式会社,東京都千代田区丸の内１丁目６番２号新丸の内センタービル２１階,2020-04-14,株式会社
有限会社八城商事,新潟県魚沼市虫野７５６番地,2020-04-14,有限会社
有限会社川村屋,高知県香美市土佐山田町逆川１３９５番地２,2020-04-14,有限会社
東橋商会株式会社,東京都目黒区目黒１丁目１１番５号,2020-04-14,株式会社
松岡調査合同会社,東京都日野市高幡１００２番地の１,2020-04-14,合同会社
株式会社あゆむ,北海道札幌市中央区南一条西１０丁目４番地１６７,2020-04-14,株式会社
株式会社くりこま映像,宮城県栗原市一迫柳目字扇田４７３番地２,2020-04-14,株式会社
株式会社さくらソーラーファーム,長崎県諫早市幸町６７番１８号,2020-04-14,株式会社
株式会社さくら商会,北海道伊達市舟岡町４５番地１５,2020-04-14,株式会社
株式会社つくりおき食堂,神奈川県横浜市神奈川区六角橋２丁目２５番３号,2020-04-14,株式会社
株式会社ふじたけ,千葉県市川市欠真間１丁目１１番７号,2020-04-14,株式会社
株式会社みやけ,東京都港区六本木３丁目８番７号,2020-04-14,株式会社
株式会社アイアムヒア．,大阪府大阪市北区西天満１丁目２番５号,2020-04-14,株式会社
株式会社アキヒロ商事,兵庫県神戸市西区王塚台７丁目２７番地,2020-04-14,株式会社
株式会社アリエス,岡山県岡山市南区福島４丁目７番３４号,2020-04-14,株式会社
株式会社アールアンドエス,東京都大田区西六郷１丁目１３番１１号１１１号室,2020-04-14,株式会社
株式会社イデアル,山梨県南アルプス市西野２００７番地６,2020-04-14,株式会社
株式会社インテグリティス,東京都台東区下谷３丁目１０番１１号ＮＹビル６Ｆ,2020-04-14,株式会社
株式会社インナーブリッジズ,東京都港区白金台４丁目５番７号サンストン白金台２０３,2020-04-14,株式会社
株式会社イーグル土地開発,群馬県高崎市下小鳥町３００番地１吉田ビル１０１号,2020-04-14,株式会社
株式会社ウィズハート出版,東京都台東区東上野２丁目２０－６会計センタービル３階,2020-04-14,株式会社
株式会社ウェル・リンク,東京都千代田区丸の内１丁目８番３号,2020-04-14,株式会社
株式会社エグゼクティブコレクション,神奈川県横須賀市三春町３丁目１番地,2020-04-14,株式会社
株式会社エムアンドエー・オーシャン,東京都新宿区西新宿７丁目１番１２号クロスオフィス新宿６階,2020-04-14,株式会社
株式会社エード,東京都台東区浅草橋１丁目２－１０浅草橋ハビテーションビル２０１,2020-04-14,株式会社
株式会社オウジス,兵庫県神戸市中央区京町７８番地三宮京町ビル,2020-04-14,株式会社
株式会社オグラ,神奈川県川崎市宮前区東有馬３丁目５番２８－３０６号クレドール鷺沼,2020-04-14,株式会社
株式会社オフィスアトム,新潟県燕市小池４８５２番地５,2020-04-14,株式会社
株式会社オーケー企画,静岡県熱海市伊豆山７９１番４,2020-04-14,株式会社
株式会社カネタニ,岐阜県岐阜市長良友瀬３６番地１,2020-04-14,株式会社
株式会社カリヤ,福島県いわき市草木台２丁目１８番地の１スパーク１０９,2020-04-14,株式会社
株式会社キセン,埼玉県さいたま市西区大字宝来１３１１番地３,2020-04-14,株式会社
株式会社キメランド,東京都港区南青山２丁目２番１５号ウィン青山９４２,2020-04-14,株式会社
株式会社クラスリフォーム,神奈川県横浜市神奈川区三ツ沢上町５番１号,2020-04-14,株式会社
株式会社クリアソシエ,東京都千代田区内神田２丁目６番５号,2020-04-14,株式会社
株式会社クレオパトラ,東京都中央区銀座２丁目８番１７号ハビウル銀座Ⅱ９階,2020-04-14,株式会社
株式会社グランエステート,愛知県名古屋市中川区馬手町２丁目１１５番地,2020-04-14,株式会社
株式会社グランデオリーバ,東京都港区北青山３丁目６番７号青山パラシオタワー１１Ｆ,2020-04-14,株式会社
株式会社グローバルリカー,北海道札幌市北区北二十七条西１５丁目２番１号,2020-04-14,株式会社
株式会社コアリヴィール,奈良県奈良市西大寺赤田町１丁目４番２４号,2020-04-14,株式会社
株式会社コジマ,山梨県富士吉田市大明見６丁目８番２７号,2020-04-14,株式会社
株式会社コスモプルーフ,兵庫県伊丹市桑津２丁目１０番２５号,2020-04-14,株式会社
株式会社サウスメゾンナカノ,大阪府堺市西区鳳北町４丁２００番地,2020-04-14,株式会社
株式会社サダモリ,山口県周南市大字下上１００７番地の６,2020-04-14,株式会社
株式会社サトウペイント,大阪府泉大津市池園町６番１４号,2020-04-14,株式会社
株式会社サンメンテ,埼玉県さいたま市緑区大字中尾１１０番地２５,2020-04-14,株式会社
株式会社ジョブレイズインターナショナル,北海道札幌市中央区南三条西６丁目７番地４ＡＲＫ３６ビル６階,2020-04-14,株式会社
株式会社スタジオ・ラシック,愛知県半田市東郷町４丁目１０３番地の１０,2020-04-14,株式会社
株式会社スターアンドシー,京都府京都市北区平野上八丁柳町３０ＥＡＴＬＩＶＥＳＨＯＴＥＬ１０２,2020-04-14,株式会社
株式会社ソルシエール,京都府木津川市梅美台４丁目１８番地１レーベン小豆１０５号,2020-04-14,株式会社
株式会社タイキハウジング,愛媛県西条市喜多川６２５番地４,2020-04-14,株式会社
株式会社タッチケアサービス,北海道北見市東相内町１０９番地１,2020-04-14,株式会社
株式会社タープ不動産,東京都文京区本郷２丁目３６番２号,2020-04-14,株式会社
株式会社ディライト,神奈川県川崎市川崎区日進町２７番地１０,2020-04-14,株式会社
株式会社デスティーノ,北海道恵庭市戸磯３４５番地６,2020-04-14,株式会社
株式会社トップランアカデミー,兵庫県加古川市平岡町一色９３番地,2020-04-14,株式会社
株式会社トライズＧｒｏｕｐ,北海道札幌市北区北二十四条西２丁目１番３,2020-04-14,株式会社
株式会社トリコス,東京都町田市野津田町２３０８番地１,2020-04-14,株式会社
株式会社ナイス,静岡県静岡市葵区東千代田３丁目６番２号ＭＪ東千代田Ⅲ１０１号,2020-04-14,株式会社
株式会社ナレッジキャピタルソリューションズ,東京都大田区中馬込３丁目４番３－６０３号,2020-04-14,株式会社
株式会社ネクストジャパン,神奈川県横須賀市三春町２丁目４番地,2020-04-14,株式会社
株式会社バンブーフィールドアセット,東京都新宿区西新宿６丁目５番１号新宿アイランドタワー４階,2020-04-14,株式会社
株式会社バンブーフィールドホールディングス,東京都新宿区西新宿６丁目５番１号新宿アイランドタワー４階,2020-04-14,株式会社
株式会社ビゴラスマーケティング,埼玉県川越市仲町５番地１９,2020-04-14,株式会社
株式会社ビッキーコーポレーション,埼玉県深谷市国済寺５００番地３,2020-04-14,株式会社
株式会社フォーラインコミュニケーションズ,東京都台東区小島２丁目１８番１５号,2020-04-14,株式会社
株式会社ブル,東京都文京区小石川３丁目３６番１９号,2020-04-14,株式会社
株式会社ブループラネット,神奈川県厚木市水引１丁目１５番１４号,2020-04-14,株式会社
株式会社ブルーワイド,静岡県浜松市中区千歳町７５番地,2020-04-14,株式会社
株式会社プサイジェ,東京都杉並区松庵３丁目２１番１０クレッセント西荻窪１０３,2020-04-14,株式会社
株式会社プラスワン,東京都港区赤坂４丁目２－３－２階,2020-04-14,株式会社
株式会社ヘルスケアクリエイト,東京都中央区日本橋２丁目１６－３,2020-04-14,株式会社
株式会社ホルバルーン,東京都目黒区碑文谷６丁目１番１８－１０３号高雅ホームズ学芸大,2020-04-14,株式会社
株式会社マールーインベストメント,沖縄県那覇市天久１丁目２２番１８号,2020-04-14,株式会社
株式会社モクレン,東京都港区北青山３丁目１２番７号,2020-04-14,株式会社
株式会社モンテリオン,福岡県糟屋郡須惠町大字佐谷１１５６番地１１,2020-04-14,株式会社
株式会社ユーコー,東京都港区南青山２丁目２２番４号秀和南青山レジデンス３０６号,2020-04-14,株式会社
株式会社ラグナロック,兵庫県神戸市中央区雲井通１丁目１番１号ツイン雲井,2020-04-14,株式会社
株式会社ランドバンク,大阪府貝塚市畠中３５番地５,2020-04-14,株式会社
株式会社リプレーザ,東京都中央区日本橋人形町２丁目７－１４－２Ｆ,2020-04-14,株式会社
株式会社リヴ総研,東京都港区六本木７丁目１８番１８号,2020-04-14,株式会社
株式会社リーシャ,東京都港区南青山２丁目２番１５号ウィン青山９４２,2020-04-14,株式会社
株式会社レガート,神奈川県相模原市南区上鶴間本町４丁目４９番１－１０１号,2020-04-14,株式会社
株式会社ロジ・ネット,大阪府藤井寺市小山３丁目２４５番地の２,2020-04-14,株式会社
株式会社ワイエスエステート,大阪府東大阪市高井田西２丁目６番３号,2020-04-14,株式会社
株式会社ワークプレイス,東京都豊島区巣鴨４丁目２２番１７－１４０７号,2020-04-14,株式会社
株式会社一二三屋,群馬県前橋市古市町３９１番地１チェリータウンＳ１０１号室,2020-04-14,株式会社
株式会社一会サポートコーポレーション,北海道札幌市北区北三十七条西４丁目３番２０－２０２号,2020-04-14,株式会社
株式会社一心動,東京都中央区東日本橋２丁目２８番４号日本橋ＣＥＴビル２階,2020-04-14,株式会社
株式会社七福,大阪府大阪市天王寺区上本町４丁目１番１６号２０２,2020-04-14,株式会社
株式会社三世,兵庫県尼崎市西難波町４丁目５番２０－４０５号,2020-04-14,株式会社
株式会社三進,福岡県福岡市東区社領２丁目４番１８号,2020-04-14,株式会社
株式会社中島サービス,福岡県福岡市東区大字志賀島６１６番地１,2020-04-14,株式会社
株式会社中嶋建装,大阪府八尾市山本町北４丁目１１番２１号,2020-04-14,株式会社
株式会社中村工業,長崎県長崎市竿浦町７６８番地ソレイユ南長崎２０２号室,2020-04-14,株式会社
株式会社中沢スポット,新潟県三条市中新８番１０号,2020-04-14,株式会社
株式会社丸吉グループ,埼玉県川口市前川２丁目１７番２２号,2020-04-14,株式会社
株式会社亀井今井,北海道札幌市西区二十四軒二条１丁目１－５　２Ｆ,2020-04-14,株式会社
株式会社住由屋,京都府京都市中京区夷川通小川西入東夷川町６２６番地２,2020-04-14,株式会社
株式会社佐藤組,宮城県柴田郡大河原町金ケ瀬字町１０５番地２,2020-04-14,株式会社
株式会社先手家,埼玉県川越市大字大袋６５０番地,2020-04-14,株式会社
株式会社公清ホールディングス,北海道札幌市中央区北一条東１５丁目１４０番地,2020-04-14,株式会社
株式会社内藤プランニング,東京都町田市大蔵町１０４番地１,2020-04-14,株式会社
株式会社凜機工,高知県安芸郡奈半利町乙８８３番地３４,2020-04-14,株式会社
株式会社加古川ミートセンター,兵庫県加古川市志方町志方町５３３番地,2020-04-14,株式会社
株式会社勝翼総建,福島県いわき市錦町古川６番地の３二戸建Ａ－２,2020-04-14,株式会社
株式会社匠ビルテクノ,群馬県太田市東別所町３番地７号,2020-04-14,株式会社
株式会社午後,東京都港区南麻布２丁目１番１７号白ビル,2020-04-14,株式会社
株式会社南,北海道苫小牧市日新町６丁目１５番１号,2020-04-14,株式会社
株式会社南洋商会,東京都港区芝５丁目３０番６号港会館３階３０１号室,2020-04-14,株式会社
株式会社友商店,兵庫県姫路市広畑区蒲田２３３番地１,2020-04-14,株式会社
株式会社叶建設工業,東京都福生市大字福生６９３－１－１０５,2020-04-14,株式会社
株式会社吉田商会,大阪府堺市東区高松７２番地,2020-04-14,株式会社
株式会社命成塗装店,兵庫県姫路市千代田町８０６番地９,2020-04-14,株式会社
株式会社和恭,山口県宇部市大字小串７２番地２１,2020-04-14,株式会社
株式会社土橋ダクト,鹿児島県鹿児島市牟礼岡３丁目４６番１９号,2020-04-14,株式会社
株式会社大佳,静岡県静岡市葵区北安東３丁目７番３０－２０２号,2020-04-14,株式会社
株式会社大窪工業,岐阜県高山市下切町３５０番地５,2020-04-14,株式会社
株式会社守村,愛知県名古屋市瑞穂区田辺通４丁目３２番地の１,2020-04-14,株式会社
株式会社安藤綜合研究所,東京都台東区西浅草２丁目１８番１２号,2020-04-14,株式会社
株式会社宮崎工業,千葉県館山市北条１３５５番地５６,2020-04-14,株式会社
株式会社寿商事,千葉県四街道市めいわ２丁目６番１４号,2020-04-14,株式会社
株式会社小名浜デイクルーズ,福島県いわき市小名浜字辰巳町４３番地の１,2020-04-14,株式会社
株式会社小満日和,沖縄県南城市知念字安座真８６０番地ｗｅｓｔ２０７号室,2020-04-14,株式会社
株式会社小田急ＳＣディベロップメント,東京都新宿区西新宿１丁目８番３号,2020-04-14,株式会社
株式会社山口ガーデンサービス,神奈川県横浜市港北区日吉本町５丁目４１番５号,2020-04-14,株式会社
株式会社山本グリーン,石川県白山市長島町３９番地１,2020-04-14,株式会社
株式会社弘成,埼玉県白岡市西１０丁目２番地１６,2020-04-14,株式会社
株式会社弛鉦,茨城県那珂市菅谷５３６５番地５,2020-04-14,株式会社
株式会社徳香,岐阜県岐阜市北一色５丁目６番２号,2020-04-14,株式会社
株式会社拓斗興業,大阪府泉大津市我孫子１丁目３番５５号,2020-04-14,株式会社
株式会社新創電子,愛知県名古屋市西区又穂町３丁目４７番４号,2020-04-14,株式会社
株式会社新成建工,茨城県稲敷郡阿見町中央４丁目８番３４号湯原住宅１号室,2020-04-14,株式会社
株式会社新機軸,沖縄県那覇市字松川５４１番地３,2020-04-14,株式会社
株式会社日立物流東日本流通サービス,茨城県日立市鮎川町３丁目６番２９号,2020-04-14,株式会社
株式会社日興テクニカ,東京都八王子市台町３丁目１８番８－１０３号,2020-04-14,株式会社
株式会社星光ロジスティクス,東京都港区港南２丁目１６番２号,2020-04-14,株式会社
株式会社本田総合建設,東京都千代田区九段南１丁目５番６号りそな九段ビル５Ｆ,2020-04-14,株式会社
株式会社松村貿易,東京都文京区千石２丁目１番１号光ビル４０３,2020-04-14,株式会社
株式会社柴田綜合研究所,東京都台東区西浅草２丁目１８番１２号,2020-04-14,株式会社
株式会社沖縄発酵酵素総合研究所,沖縄県那覇市字天久９２３番地（３０６）,2020-04-14,株式会社
株式会社湯川建築板金,大阪府泉南郡熊取町五月ヶ丘２丁目２５番４号,2020-04-14,株式会社
株式会社澁谷コーポレーション,神奈川県小田原市東町２丁目１番３号セレーノ東町Ⅱ,2020-04-14,株式会社
株式会社猫の手,大阪府大阪市西区北堀江１丁目６－２４,2020-04-14,株式会社
株式会社盛和,東京都世田谷区松原５丁目２９番１４号,2020-04-14,株式会社
株式会社神門,福岡県福岡市城南区樋井川２丁目１０番２１号,2020-04-14,株式会社
株式会社結和,神奈川県相模原市緑区原宿南２丁目１８番地７,2020-04-14,株式会社
株式会社翔亀,京都府亀岡市篠町見晴１丁目６番５号,2020-04-14,株式会社
株式会社膳福源,千葉県山武郡横芝光町栗山４８２８番地７,2020-04-14,株式会社
株式会社菅家牧場,福島県岩瀬郡鏡石町桜町１２３番地,2020-04-14,株式会社
株式会社藤空設備,北海道函館市昭和３丁目１３番８号,2020-04-14,株式会社
株式会社蘇,沖縄県那覇市字天久１１９６番地１２藤浦通関ビル３階ＳｅａｓｉｄｅＯｆｆｉｃｅ３０１室,2020-04-14,株式会社
株式会社角弘アルミサッシセンター,青森県青森市問屋町１丁目１４番２０号,2020-04-14,株式会社
株式会社角田自動車,福島県福島市飯坂町平野字西原６６番地,2020-04-14,株式会社
株式会社関工業,栃木県宇都宮市東岡本町７４０番地４,2020-04-14,株式会社
株式会社関根エンタープライズ埼玉,埼玉県越谷市大字増森２０７番地１２,2020-04-14,株式会社
株式会社３ＷＡＹＳ　ＣＲＥＡＴＩＯＮ,東京都港区赤坂４丁目１３番５号,2020-04-14,株式会社
株式会社ＡーＯｎｅ,大阪府大阪市中央区本町橋２番１５号,2020-04-14,株式会社
株式会社ＡＣＣ,東京都八王子市下恩方町７０１番地１１,2020-04-14,株式会社
株式会社ＡＫＩＴＯ,岐阜県羽島市千代田一丁目１３番地スペリア羽島１５０４号,2020-04-14,株式会社
株式会社ＡＭＯＲＩＡ,東京都港区南麻布５丁目２番３９号ニュー東和ビル３階,2020-04-14,株式会社
株式会社ＡｉｒＲｉｓｅ,東京都立川市砂川町８丁目８３番地の２８,2020-04-14,株式会社
株式会社Ａｌｌ　Ｐｌａｎｎｉｎｇ,愛知県名古屋市中区栄５丁目２６番５号サンク栄みなみ８０５号,2020-04-14,株式会社
株式会社ＡｌｔＦｌｏｗ,京都府京都市左京区下鴨森本町１５番地生産開発科学研究所２階,2020-04-14,株式会社
株式会社Ａｓペーブメント,埼玉県春日部市豊町５丁目２番地４,2020-04-14,株式会社
株式会社ＡｓｕｘｉＡ,東京都港区芝大門２丁目９番１４号６階,2020-04-14,株式会社
株式会社Ａｚｕｒ,岡山県岡山市北区今８丁目２番２２号,2020-04-14,株式会社
株式会社ＣＡＲ　ＲＥＮＴ　Ｒａｙｓ,静岡県浜松市東区笠井新田町１２４０番地,2020-04-14,株式会社
株式会社ＣＩＰ,千葉県千葉市緑区小食土町２１４番地,2020-04-14,株式会社
株式会社ＣＯＺＹ,静岡県静岡市清水区村松原２丁目１番８号,2020-04-14,株式会社
株式会社ＣＴＤ同好会,愛知県名古屋市天白区平針１丁目１９０７番地ほっと平針２階Ａ号室,2020-04-14,株式会社
株式会社ＤＳＳ,香川県高松市春日町１６５２番地４,2020-04-14,株式会社
株式会社ＥＭＩＡＳ,千葉県我孫子市東我孫子１丁目２２番７号グリーンピアＢ１０２,2020-04-14,株式会社
株式会社Ｅｖｅｒｇｒｅｅｎ　Ｌｅｌａｎｄ　Ｓｔｕｄｉｏ,東京都世田谷区北沢２丁目１２番１０号,2020-04-14,株式会社
株式会社ＦＢＳ,兵庫県神戸市灘区摩耶海岸通１丁目１番５－１３０９号,2020-04-14,株式会社
株式会社Ｆｏｒｒｅｓｔ　Ｇｕｍｐ,兵庫県神戸市長田区大橋町２丁目１番１５号北村ビル２０１号,2020-04-14,株式会社
株式会社ＦｕｌｌＳｏｕｎｄＰｌａｎｎｉｎｇ,鹿児島県姶良市池島町２６番地１０,2020-04-14,株式会社
株式会社ＧＬＥＡＭ　ＵＮＩＱＵＥ,東京都港区六本木７丁目７番７号,2020-04-14,株式会社
株式会社ＧＲＯＷ,東京都豊島区南池袋１丁目１６番２０号,2020-04-14,株式会社
株式会社ＧｌｏｂａｌＨＲ研究所,石川県金沢市西念４丁目４番２５号,2020-04-14,株式会社
株式会社Ｇｒｅｅｎ　Ｆｉｔ,埼玉県蕨市北町２丁目１３番１１号プラムコート北町２０３号,2020-04-14,株式会社
株式会社Ｈ＆Ｃ,宮崎県宮崎市橘通東４丁目１０番２４号,2020-04-14,株式会社
株式会社Ｈ＆Ｙ．ＪＡＰＡＮ　ＨＯＬＤＩＮＧＳ,大阪府箕面市小野原西３丁目３６番３６号,2020-04-14,株式会社
株式会社ＨＡＭＡ　ｐｌｕｓ,高知県高知市曙町２丁目１番１８号,2020-04-14,株式会社
株式会社ＨＥＲＯＩＣ,東京都中央区日本橋小網町１３番８－２０２号安田小網町ビル,2020-04-14,株式会社
株式会社ＨＧＮ,富山県富山市新富町２丁目４番２５号,2020-04-14,株式会社
株式会社ＨＫホールディングス,北海道札幌市中央区北五条西６丁目１番２３号,2020-04-14,株式会社
株式会社Ｉｍｍｏｒｔａｌ　Ｂｉｔ,宮崎県宮崎市大字郡司分甲１５６７番地１－２Ｆ,2020-04-14,株式会社
株式会社Ｊ．Ｊ．Ｒ．企画,沖縄県沖縄市中央２丁目１７番２号宮ビル２Ｆ,2020-04-14,株式会社
株式会社ＫＡＮＯＮ　ＧＡＬＬＥＲＹ,埼玉県春日部市南４丁目１５番１５－２号,2020-04-14,株式会社
株式会社ＫＩＮＧＤＯＭ,神奈川県横浜市中区日ノ出町１丁目２００番地有田一号館ビル１００８号,2020-04-14,株式会社
株式会社ＫＭＣ,京都府京都市南区東九条東岩本町１８,2020-04-14,株式会社
株式会社ＫＳ,東京都東村山市栄町２丁目２５番地１４石黒ビル２階,2020-04-14,株式会社
株式会社Ｋａｓａｉ＆Ｃｏｍｐａｎｙ,埼玉県さいたま市大宮区北袋町１丁目１９０番地２平和台Ａ－２１１,2020-04-14,株式会社
株式会社ＬＡＵＬＥＡ,埼玉県三郷市戸ケ崎３丁目３８８番地２,2020-04-14,株式会社
株式会社ＬＩＢＥＲＩ,北海道札幌市東区北十一条東１１丁目２番３１号アリスＮ１１－２０１号,2020-04-14,株式会社
株式会社ＬＩＮＯ,京都府京都市伏見区桃山町因幡３１番地７パデシオン桃山６１２号,2020-04-14,株式会社
株式会社ＬＵＦＴ,大阪府大阪市北区豊崎３丁目１６番１６号,2020-04-14,株式会社
株式会社Ｌａｕｇｈｔｅｒ,東京都東村山市富士見町３丁目１６番地２２ハイツ石井２０１,2020-04-14,株式会社
株式会社Ｌｌｏｙｄ,神奈川県川崎市幸区鹿島田１丁目１９番３９－２０１号,2020-04-14,株式会社
株式会社Ｍ・ＷＯＲＫＳ,沖縄県宮古島市平良字下里１１７３番地３,2020-04-14,株式会社
株式会社ＭＡＫＥ　ＦＵＮ　ＣＯＭＰＡＮＹ,福島県郡山市桜木１丁目１０番４号,2020-04-14,株式会社
株式会社ＭＡＭＯＲＵ,千葉県千葉市花見川区三角町５２３番地,2020-04-14,株式会社
株式会社ＭＳ．Ｐｒｏｊｅｃｔ,埼玉県川口市朝日２丁目１番１８－６０８号,2020-04-14,株式会社
株式会社ＭＹＡ,埼玉県さいたま市岩槻区並木２丁目３番１－８０６号,2020-04-14,株式会社
株式会社ＭＺラボ,兵庫県西宮市城山４番２９号,2020-04-14,株式会社
株式会社ＮＥＯプラント,福島県いわき市勿来町酒井酒井原４８の２,2020-04-14,株式会社
株式会社ＮＥＱＬＩＡＳ,兵庫県神戸市西区伊川谷町潤和８６４番地の２グランディアサンシャインコート４０７号,2020-04-14,株式会社
株式会社ＮＥＷ　ＡＲＴブランド開発研究所,東京都中央区銀座１丁目１５番２号,2020-04-14,株式会社
株式会社ＮＥＷＳＣＯＮ,東京都港区西新橋１丁目１６番３号,2020-04-14,株式会社
株式会社ＮＥＸＴ　ＥＩＧＨＴ,東京都港区新橋２丁目１６番１号,2020-04-14,株式会社
株式会社ＮＳメッシュ,大阪府堺市西区山田４丁１４１９,2020-04-14,株式会社
株式会社Ｎｏ．Ｎｏ,埼玉県春日部市谷原１丁目５番地３シードビレッヂＢ棟２０１号,2020-04-14,株式会社
株式会社Ｎｐｒｏｊｅｃｔ,東京都世田谷区玉川１丁目８番２号二子玉川アパートＡ－２,2020-04-14,株式会社
株式会社ＯＳ,滋賀県長浜市宮司町４１９番地３,2020-04-14,株式会社
株式会社Ｐａｌｌａｓ,埼玉県戸田市本町３丁目５番２５－１０４,2020-04-14,株式会社
株式会社Ｐｒｏｕｄ,福島県郡山市三穂田町鍋山字四十坦１番地,2020-04-14,株式会社
株式会社ＱＵＥＥＮＳＷＡＬＫＩＮＧｓ,北海道札幌市北区屯田六条３丁目８番３２－３０６号,2020-04-14,株式会社
株式会社ＲＡ　Ｓｏｌｅ,長崎県大村市富の原２丁目２４９番地２,2020-04-14,株式会社
株式会社Ｒａｙ,東京都西東京市栄町１丁目１２番２７－９号,2020-04-14,株式会社
株式会社Ｒｅｔｏ,島根県松江市上乃木８丁目７番３５号,2020-04-14,株式会社
株式会社Ｒｅｖｅ,沖縄県那覇市字松川４４５番地２オーシャンパレス首里２０３号室,2020-04-14,株式会社
株式会社Ｓ＆Ａ　Ｆａｍｉｌｙ　Ｏｆｆｉｃｅ,東京都台東区西浅草２丁目１８番１２号,2020-04-14,株式会社
株式会社ＳＥ,北海道札幌市中央区南六条西９丁目１０２３番地１８ディアコート６９－１００６号,2020-04-14,株式会社
株式会社ＳＥＮＺ,神奈川県大和市中央４丁目１３番２３号,2020-04-14,株式会社
株式会社ＳＦＲＥＥ,愛知県名古屋市西区あし原町２０９番地アクティブコロナＣ号室,2020-04-14,株式会社
株式会社ＳＨＩＮＤＥＮ,山梨県南都留郡富士河口湖町小立１８９番地,2020-04-14,株式会社
株式会社ＳＮＲ,愛知県大府市森岡町３丁目１８８番地,2020-04-14,株式会社
株式会社ＳＷＯジャパン,千葉県千葉市稲毛区長沼町１１６番地７,2020-04-14,株式会社
株式会社Ｓｏｌｕｔｉｏｎ　ＵＩＴ,東京都千代田区飯田橋４丁目１０－１セントラルプラザ７０８,2020-04-14,株式会社
株式会社Ｓｐｕｒ,東京都渋谷区桜丘町２３番１７号,2020-04-14,株式会社
株式会社Ｔ‐ＦＯＯＤＳ,岡山県倉敷市山地６番地４,2020-04-14,株式会社
株式会社Ｔ．Ｔ　ＲＩＮＧ,東京都文京区本郷２丁目１２番６号,2020-04-14,株式会社
株式会社ＴＯＦＵＮＡ,神奈川県横浜市都筑区茅ケ崎南１丁目３番６－３０１号,2020-04-14,株式会社
株式会社ＴＯＰ,埼玉県川越市中台元町１丁目３番地２３,2020-04-14,株式会社
株式会社ＴＳＢ,群馬県太田市由良町１５６３番地５,2020-04-14,株式会社
株式会社ＴＴ建設,大阪府堺市南区野々井１７６番地,2020-04-14,株式会社
株式会社Ｕｎｉｖｅｒｓａｌ　Ｐｒｉｍｅ,北海道札幌市中央区南七条西９丁目１０２４－１７－４０１,2020-04-14,株式会社
株式会社ＶｅＴＹ,群馬県伊勢崎市茂呂南町４８３３番地４サン・ソレイユＧ１０１,2020-04-14,株式会社
株式会社ＷａｋｅＷｏｎｄｅｒ,千葉県千葉市花見川区幕張町２丁目９１４－８ウィステリア３０３,2020-04-14,株式会社
株式会社ＷａｖＡｓ,京都府京都市東山区東大路松原上る東入星野町８９番地,2020-04-14,株式会社
株式会社ＹＡＭＡＴＡＫＡブレイス,兵庫県高砂市北浜町北脇３６７番地の２,2020-04-14,株式会社
株式会社ＹＡＷＡＲＡ,宮城県仙台市太白区八木山香澄町２５番６号,2020-04-14,株式会社
株式会社ＹＮＳ,愛知県豊橋市下地町３丁目６番地,2020-04-14,株式会社
株式会社ＹＵＫＩＦＵＲＵ,東京都中央区銀座１丁目２２－１１銀座大竹ビジデンス２Ｆ,2020-04-14,株式会社
株式会社ＹｕｍｍｙＭｕｍｍｙ,大阪府大阪市北区樋之口町１番２０－２８０７号,2020-04-14,株式会社
株式会社Ｚｏｏ,愛知県日進市岩崎町新ラ田９３－３４,2020-04-14,株式会社
株式会社ｃｌｕｂ　ＬＯＶＥ　ＧＡＲＡＧＥ,千葉県匝瑳市八日市場ハ３８８番地４,2020-04-14,株式会社
株式会社ｈｅａｒｔ　ｆａｍｉｌｙ,兵庫県加古郡播磨町南大中１丁目３番３３号,2020-04-14,株式会社
株式会社ｉｌｅ　ＨＥＵＲＥＵＳＥ,福島県福島市瀬上町字東町３丁目５番地の１２,2020-04-14,株式会社
株式会社ｉｎｐｒｏｇ,神奈川県藤沢市本藤沢５丁目１１－８２,2020-04-14,株式会社
株式会社ｍｘⅰ,兵庫県川西市久代１丁目６番４号,2020-04-14,株式会社
株式会社ｕｎｄｅｒｒｉｖｅｒ,宮崎県都城市上長飯町５番地４,2020-04-14,株式会社
株式会社ｗａｃｗａｃ,神奈川県茅ヶ崎市元町８番１号,2020-04-14,株式会社
植木屋ふうけいあそび株式会社,山梨県北杜市高根町村山西割２７８８番地,2020-04-14,株式会社
椙石浅二商店株式会社,神奈川県小田原市板橋６１２番地,2020-04-14,株式会社
沖縄ハイサイ株式会社,沖縄県那覇市前島３丁目９番地２４、２Ｆ－Ｃ,2020-04-14,株式会社
清井建設株式会社,高知県香南市野市町新宮字宮屋敷１６番地１,2020-04-14,株式会社
清水アンサナ合同会社,東京都板橋区大谷口２丁目５６番１５号,2020-04-14,合同会社
特定非営利活動法人こころ,静岡県富士市伝法１０１４番地の１ＰｒｅｍｉｕｍＣａｓａ富士１－Ｄ号,2020-04-14,その他の設立登記法人
特定非営利活動法人にじの絲,埼玉県比企郡ときがわ町大字本郷３４３番地７,2020-04-14,その他の設立登記法人
特定非営利活動法人まなびサポート大府,愛知県大府市半月町４丁目７１番地,2020-04-14,その他の設立登記法人
特定非営利活動法人アート・エコクラブ,茨城県かすみがうら市深谷３６５４番地４２,2020-04-14,その他の設立登記法人
特定非営利活動法人ウレシパの杜,北海道白老郡白老町東町１丁目３番１８号,2020-04-14,その他の設立登記法人
特定非営利活動法人エラシカ岐阜ビーチサッカークラブ,岐阜県岐阜市石原３丁目３０番地３,2020-04-14,その他の設立登記法人
特定非営利活動法人エンカント,大阪府岸和田市三田町１７２９,2020-04-14,その他の設立登記法人
特定非営利活動法人結,埼玉県比企郡ときがわ町大字五明５２４番地２５,2020-04-14,その他の設立登記法人
玉川工業株式会社,愛媛県今治市南高下町２丁目２番４２号,2020-04-14,株式会社
田中株式会社,長崎県南島原市西有家町須川２８２８番地,2020-04-14,株式会社
益圓商事株式会社,大阪府大阪市浪速区日本橋西２丁目５－６Ｚｅｕｓｔｈｅｇａｒｄｅｎ３０１,2020-04-14,株式会社
社会保険労務士法人ウィズロム,兵庫県神戸市東灘区本山南町８丁目６番２６号,2020-04-14,その他の設立登記法人
社会福祉法人仁和の会,茨城県鹿嶋市大字宮中２３３０番３,2020-04-14,その他の設立登記法人
社会福祉法人桑名すずらん福祉会,三重県桑名市大字西金井字西谷５４５番地２,2020-04-14,その他の設立登記法人
社会福祉法人楠の木会,佐賀県佐賀市川副町大字早津江１８８番地５,2020-04-14,その他の設立登記法人
竹田設備工業グループ水人株式会社,奈良県宇陀市大宇陀下中２２０５番地,2020-04-14,株式会社
自然キャピタル合同会社,東京都港区白金４丁目１番１号,2020-04-14,合同会社
自由シャツ株式会社,熊本県玉名市中１２０４番地３,2020-04-14,株式会社
荻野アセットマネジメント合同会社,兵庫県宝塚市月見山２丁目１１番２号,2020-04-14,合同会社
菅キリスト教会,神奈川県川崎市多摩区菅北浦３丁目４番２０号,2020-04-14,その他の設立登記法人
西原産業株式会社,福島県西白河郡矢吹町中丸４８２番地３,2020-04-14,株式会社
西知多ハイトラスト株式会社,愛知県知多市八幡字小根１４番地の２９,2020-04-14,株式会社
誓光寺,愛知県豊明市間米町唐竹３６８番地２,2020-04-14,その他の設立登記法人
農事組合法人民田農場,岐阜県恵那市長島町鍋山２番地３０,2020-04-14,その他の設立登記法人
野田神社,三重県四日市市野田２丁目８３２番地１,2020-04-14,その他の設立登記法人
金姜商店合同会社,東京都小平市花小金井５丁目１７番１３号,2020-04-14,合同会社
鈴仲設備株式会社,埼玉県吉川市高富１丁目２０番地１９,2020-04-14,株式会社
鉄建プロパティーズ株式会社,東京都千代田区神田三崎町２丁目５番３号,2020-04-14,株式会社
関東住設産業株式会社,群馬県前橋市小坂子町９２３番地２,2020-04-14,株式会社
関東軌工株式会社,東京都八王子市片倉町８０番地１８,2020-04-14,株式会社
３－ｐｏｉｎｔｓ合同会社,東京都豊島区南池袋２丁目１９番１号,2020-04-14,合同会社
ＡＮ’　Ｉｎｔｅｒｎａｔｉｏｎａｌ合同会社,神奈川県川崎市中原区上小田中７丁目５－２５ライオンズガーデン武蔵小杉１０６,2020-04-14,合同会社
ＡＮＤ防災株式会社,兵庫県宝塚市米谷２丁目１４番２４号,2020-04-14,株式会社
ＡｉｍＦｒｏｎｔ合同会社,神奈川県横浜市南区真金町１丁目１番地３４ウィンビュ横浜３０１号室,2020-04-14,合同会社
ＢＬ８Ｍ　ｐｒｏｄｕｃｔｉｏｎ合同会社,東京都港区芝浦４丁目２１番１号芝浦アイランドグローブタワー４８１０号室,2020-04-14,合同会社
ＢＹＧ株式会社,大阪府大阪市西淀川区大和田１丁目３番９号,2020-04-14,株式会社
Ｂｌｕｅ　Ｍｏｏｎ合同会社,愛知県丹羽郡扶桑町大字柏森字花立４６６番地,2020-04-14,合同会社
ＣＩＰ税理士法人,東京都港区芝４丁目１８番１－４０６号,2020-04-14,その他の設立登記法人
ＤＥＡＲＵ株式会社,大阪府大阪市北区西天満３丁目６番２２号,2020-04-14,株式会社
Ｆｌａｗａｎｄｅｅｌ合同会社,東京都八王子市松木２９番地１０ロジュマンＦ・Ｋ３０１号,2020-04-14,合同会社
Ｇ－ＴＥＣＨ株式会社,愛知県名古屋市緑区神沢１丁目２００１番地,2020-04-14,株式会社
ＨＡＣＯＮＩＷＡ合同会社,群馬県高崎市根小屋町２０９４番地１,2020-04-14,合同会社
ＨＯＳＨＩＭＩ　ＪＩＤＨＯＳＨＡ合同会社,茨城県稲敷郡阿見町うずら野４丁目１５番地１６バームコートＡ－１,2020-04-14,合同会社
Ｉ　ｈｅａｒｔ　ｙｏｕ株式会社,大阪府大阪市中央区南本町３丁目５番５号プラスビル３０２,2020-04-14,株式会社
ＩＫＳ合同会社,東京都港区北青山２丁目７番２０号猪瀬ビル２階,2020-04-14,合同会社
ＩＲＥＮＫＡＫＯＴＡＮ合同会社,北海道札幌市北区北十三条西４丁目１－２,2020-04-14,合同会社
ＩＲＯＲＩ株式会社,埼玉県上尾市大字原市５６番地８,2020-04-14,株式会社
ＩＴ’Ｓ合同会社,東京都品川区豊町６丁目２番３号,2020-04-14,合同会社
ＪＰ居住支援企業組合,千葉県千葉市若葉区加曽利町１６０３番地７,2020-04-14,その他の設立登記法人
Ｊａｐａｎ　Ｅ　Ｃｏｍｍｅｒｃｅ株式会社,東京都新宿区新小川町７番１７号,2020-04-14,株式会社
Ｊａｐａｎ　Ｈｏｔｅｌ　Ｓｙｓｔｅｍ株式会社,東京都千代田区丸の内２丁目２番１号,2020-04-14,株式会社
Ｋ　Ｓｔｙｌｅ株式会社,神奈川県横浜市栄区鍛冶ケ谷町４５２番地２３８,2020-04-14,株式会社
ＫＡＣ株式会社,東京都港区芝公園３丁目５番８号,2020-04-14,株式会社
ＫＡＮＴＯ　ＭＯＴＯＲＳ合同会社,茨城県稲敷郡阿見町うずら野４丁目１５番地１６バームコートＡ－４,2020-04-14,合同会社
ＫＦクリエーション株式会社,東京都港区新橋１丁目１番１号,2020-04-14,株式会社
Ｌｉｂｅｒｔｙ　Ｄａｔａ　Ｄｅｓｉｇｎ株式会社,千葉県松戸市松戸１７１９番地の１,2020-04-14,株式会社
ＭＡＮＰＯＷＥＲ　ＬＴＤ協同組合,広島県福山市曙町５丁目３番１１号,2020-04-14,その他の設立登記法人
ＭＦ‐Ｐｌａｎｎｉｎｇ合同会社,東京都八王子市長沼町２６６番地６パレス菱山１０３号,2020-04-14,合同会社
ＮＫＣエンジニアリング株式会社,茨城県つくば市香取台Ｂ４７－３,2020-04-14,株式会社
ＮＯＺＯＭＩ　ＡＵＴＯ合同会社,茨城県稲敷郡阿見町うずら野４丁目１５番地１６バームコートＡ－２,2020-04-14,合同会社
ＮＳ協同組合,大阪府堺市中区福田６４５－２６,2020-04-14,その他の設立登記法人
ＯＰコンサルティング株式会社,東京都千代田区九段北４丁目１番５号,2020-04-14,株式会社
Ｏｋｉ－Ｌｕｃｋｙ合同会社,沖縄県那覇市久米２丁目３番１５号ＣＯＩ那覇ビル５階・Ｓ－０７,2020-04-14,合同会社
Ｏｎｅ　Ｃａｐｉｔａｌホールディングス株式会社,東京都港区港南２丁目１６番１号品川Ｅａｓｔ　Ｏｎｅ　Ｔｏｗｅｒ７Ｆ,2020-04-14,株式会社
ＰＩＸＹＤＡ合同会社,東京都中央区銀座７丁目１３番６号サガミビル２階,2020-04-14,合同会社
ＰＹＹ合同会社,群馬県前橋市下細井町６０９－３オリーバ１０２,2020-04-14,合同会社
Ｐａｎｄａ株式会社,東京都江東区亀戸３丁目４４番２０号鶴岡ビル２０６号室,2020-04-14,株式会社
Ｐａｙ　Ｄａｙ　Ｊａｐａｎ合同会社,東京都中央区日本橋兜町１６－５,2020-04-14,合同会社
ＲＡＰＰＯＲＴＩＣ株式会社,東京都練馬区豊玉中２丁目１２番６号,2020-04-14,株式会社
ＲＯＳファイナンシャルソリューション株式会社,沖縄県浦添市牧港４丁目１１番３号おきでん牧港ビル３Ｆ,2020-04-14,株式会社
Ｒｉｖｅｒｔｙ合同会社,東京都千代田区九段南１丁目５番６号りそな九段ビル５Ｆ－ＫＳフロア,2020-04-14,合同会社
ＳＡＮＹＯホールディングス株式会社,滋賀県甲賀市甲賀町田堵野８９０番地の１,2020-04-14,株式会社
ＳＵＭＩＴＯＭＯサービス株式会社,兵庫県神戸市東灘区向洋町中７丁目１番５号,2020-04-14,株式会社
ＳｏｃｉａｌＡｇｅｎｔ株式会社,大阪府大阪市北区曾根崎２丁目８－５,2020-04-14,株式会社
Ｓｕｎｎｙ　Ｔｈａｎｋ　ｙｏｕ株式会社,東京都港区高輪３丁目１４番１８号インペリアル高輪１Ｆ,2020-04-14,株式会社
Ｔ＆Ｍ合同会社,大阪府大阪市浪速区敷津東３丁目３番１６号サンウッドモリモト２０６号室,2020-04-14,合同会社
ＴＥＳＮＯＬＯＧＹ株式会社,東京都港区赤坂１丁目７番１号,2020-04-14,株式会社
ＶＯＴＥＲＡＳＶｅｎｔａｓ株式会社,東京都港区高輪３丁目４番１号,2020-04-14,株式会社
Ｖｅｎｔ‐Ｐｌａｎｔ合同会社,東京都八王子市平岡町４０番１号,2020-04-14,合同会社
ＸｓｅｅＤ合同会社,長崎県南島原市有家町中須川２６７－２,2020-04-14,合同会社
Ｙ　ｒｉｇｈｔｓ株式会社,東京都中央区銀座２丁目４番１号５０３Ｅ,2020-04-14,株式会社
Ｙ・Ｋカンパニー株式会社,大阪府堺市東区日置荘田中町２５０番地,2020-04-14,株式会社
ＹＡＤＺＡＷＡ　ＪＩＤＨＯＳＨＡ合同会社,茨城県稲敷郡阿見町うずら野４丁目１５番地１６バームコートＡ－３,2020-04-14,合同会社
Ｚｉｎｇ株式会社,東京都港区六本木７丁目１５番７号,2020-04-14,株式会社
ｏｎ　ｔｈｅ　Ｍｉｎａｔｏｇａｗａ一般社団法人,富山県氷見市朝日本町１１番１０号,2020-04-14,その他の設立登記法人
ｐｉｎｅ　ｗａｖｅ株式会社,東京都渋谷区笹塚２丁目１７番５号Ｅｉｇｈｔ－Ｔｗｏ１Ｆ,2020-04-14,株式会社
ｐｏｒｔ　Ｗ．合同会社,東京都世田谷区池尻２丁目７番１２号ストアハウス三宿２０４,2020-04-14,合同会社
ｓｉｂａｘ合同会社,大阪府交野市郡津４丁目２０番１０号,2020-04-14,合同会社
ｓｕｍｕｓａｐｏ株式会社,東京都港区芝１丁目２番１号クレストプライムタワー芝１７１４,2020-04-14,株式会社
うぐいすヘルスケア株式会社,東京都豊島区池袋２丁目３６番１号,2020-04-15,株式会社
さくら興業株式会社,埼玉県川口市芝中田２丁目３５番２０号パークサイド芝１０３号,2020-04-15,株式会社
となりの建築設計株式会社,静岡県浜松市東区半田町１５８５番地の２,2020-04-15,株式会社
もとひら合同会社不動産鑑定士一級建築士事務所,北海道札幌市白石区平和通６丁目北３番１４号幸栄荘１０２,2020-04-15,合同会社
アッパーライズプラス株式会社,東京都豊島区南大塚２丁目１４番１２号,2020-04-15,株式会社
アップホワイト株式会社,神奈川県横浜市中区寿町１丁目１番地８プレシエ横浜石川町３０５号室,2020-04-15,株式会社
アネックス・ビジネスサポート合同会社,東京都中央区日本橋人形町１丁目１７番２号タマヒデアネックスビル,2020-04-15,合同会社
インターカバー株式会社,神奈川県横浜市西区高島２丁目１１番２－４２６号,2020-04-15,株式会社
インテグラル株式会社,愛知県名古屋市守山区大字下志段味字長戸１６３２番地（パークサイド３０７号）,2020-04-15,株式会社
ウェルスクリエーション株式会社,大阪府阪南市舞１丁目３２番１９号,2020-04-15,株式会社
ウェルネスヘルスジャパン株式会社,東京都品川区小山３丁目６番１５号パークホームズ武蔵小山１０７号室,2020-04-15,株式会社
エコ西合同会社,茨城県土浦市上高津新町２番９号,2020-04-15,合同会社
エムカーゴ株式会社,兵庫県尼崎市塚口本町６丁目１１番１－１３１５号,2020-04-15,株式会社
エムクリエイト株式会社,山口県下関市松屋本町１丁目６番１１号,2020-04-15,株式会社
オカダ住建合同会社,大分県別府市大字内竈３０２０番地の５１,2020-04-15,合同会社
オキノ工業ロボティクス株式会社,埼玉県児玉郡神川町大字元原２８５番８号,2020-04-15,株式会社
オット株式会社,大阪府松原市三宅東１丁目７番６号,2020-04-15,株式会社
キブキ株式会社,愛知県名古屋市西区香呑町３丁目８番地ドルフ香呑２１０５号,2020-04-15,株式会社
グリーン・フォレスト合同会社,東京都狛江市中和泉１丁目２番６号プラザエクセル２Ｆ,2020-04-15,合同会社
ケーエフ株式会社,石川県金沢市大友１丁目１５３番地,2020-04-15,株式会社
サハシ商事株式会社,愛知県津島市神守町字四丁３６番地,2020-04-15,株式会社
サンリアン株式会社,大分県宇佐市大字四日市１５３３番地の１,2020-04-15,株式会社
シャインズサービス株式会社,沖縄県石垣市字真栄里７２２番地２４,2020-04-15,株式会社
シューワ西日本サービス株式会社,大阪府堺市中区陶器北２４４番地５,2020-04-15,株式会社
ジュエリスエステート合同会社,富山県富山市稲荷元町１丁目９番１４号,2020-04-15,合同会社
スポーツデータバンク株式会社,東京都中央区東日本橋２丁目６番１１号東日本橋ＮＳビル４階,2020-04-15,株式会社
スマートキャピタル株式会社,東京都港区元赤坂１丁目２番１７号,2020-04-15,株式会社
セールスバンク株式会社,東京都中央区銀座７丁目１３番６号サガミビル２階,2020-04-15,株式会社
タイガー合同会社,大阪府大阪市北区中津２丁目８番Ａ－３２８号,2020-04-15,合同会社
トレンド商事株式会社,東京都練馬区下石神井５丁目１３番６－２０３号,2020-04-15,株式会社
ノイエスト合同会社,新潟県新潟市中央区南出来島２丁目１２番地１９号,2020-04-15,合同会社
バス予約ドットコム株式会社,三重県度会郡玉城町原６９２番地１,2020-04-15,株式会社
ファーストテスト株式会社,東京都台東区上野７丁目６番１１号第一下谷ビル７階,2020-04-15,株式会社
ブランドフォーカス株式会社,東京都港区虎ノ門３丁目８番２５号,2020-04-15,株式会社
ブレスレットハワイ合同会社,和歌山県岩出市中迫５９４番地の３（１０３号）,2020-04-15,合同会社
ボヘミアクラフト東京株式会社,神奈川県平塚市龍城ケ丘２番１５－４１２号クリオ平塚龍城ケ丘壱番館,2020-04-15,株式会社
ボンドーク株式会社,東京都中野区白鷺２丁目２６番１２号,2020-04-15,株式会社
マウントフジフォース株式会社,山梨県富士吉田市新屋１２５４番地の１２,2020-04-15,株式会社
ユナイテッドヘラルド協同組合,岡山県岡山市北区東古松南町４番３０号アマネセール東古松Ⅰ　８０１,2020-04-15,その他の設立登記法人
ラインアップ株式会社,岡山県倉敷市児島下の町４丁目９番６２号,2020-04-15,株式会社
リョウテック株式会社,宮城県仙台市青葉区上杉５丁目１番１－５０１号,2020-04-15,株式会社
リレーワークス株式会社,東京都府中市武蔵台１丁目２０番地の３,2020-04-15,株式会社
ルミエール・エム合同会社,東京都葛飾区堀切３丁目３番１０号,2020-04-15,合同会社
ルレアトータルサポート合同会社,埼玉県蓮田市蓮田５丁目２７１番地,2020-04-15,合同会社
ルーツ不動産株式会社,兵庫県伊丹市中央１丁目４番８－２０１号,2020-04-15,株式会社
一般社団法人さんさんサポート,愛知県みよし市三好町大坪２３番地久野ビル２Ｄ,2020-04-15,その他の設立登記法人
一般社団法人まくらがＤＭＣ,茨城県古河市小堤２７７番地３,2020-04-15,その他の設立登記法人
一般社団法人まちづくりののあおやま,東京都港区北青山３丁目３番７号３０１,2020-04-15,その他の設立登記法人
一般社団法人アジアに手を,福島県いわき市鹿島町下矢田字曲田３８番地の２,2020-04-15,その他の設立登記法人
一般社団法人スクエアコネクト,東京都西東京市北町２丁目１７番地１１号,2020-04-15,その他の設立登記法人
一般社団法人スペランザジャパン,愛知県豊田市寺部町５丁目３０番地２,2020-04-15,その他の設立登記法人
一般社団法人ユフイズム,大分県由布市庄内町柿原３００番地１,2020-04-15,その他の設立登記法人
一般社団法人上鳥羽絆会,京都府京都市南区上鳥羽南唐戸町２８番地京都市中唐戸児童館内,2020-04-15,その他の設立登記法人
一般社団法人中財産管理組合,京都府城陽市中樋ノ上６８番地１,2020-04-15,その他の設立登記法人
一般社団法人国際ニューコードＮＬＰ協会,東京都中央区銀座６丁目６番１号,2020-04-15,その他の設立登記法人
一般社団法人国際理解教育支援協会,東京都中央区東日本橋３丁目８番１－９０３号,2020-04-15,その他の設立登記法人
一般社団法人子どものサポートシステム,鳥取県米子市万能町２０８番地ＫＳビル２Ｆ,2020-04-15,その他の設立登記法人
一般社団法人広島中小企業支援センター,広島県広島市中区橋本町７番１４号,2020-04-15,その他の設立登記法人
一般社団法人式根島エリアマネジメント,東京都新島村式根島３８０番地,2020-04-15,その他の設立登記法人
一般社団法人新島観光協会,東京都新島村字黒根２－１,2020-04-15,その他の設立登記法人
一般社団法人日中文明協会,神奈川県横浜市中区山下町１６２番,2020-04-15,その他の設立登記法人
一般社団法人日本ねじ研究協会,東京都港区芝公園３丁目５番８号,2020-04-15,その他の設立登記法人
一般社団法人日本小児感染症学会,東京都港区虎ノ門３丁目１１番８号,2020-04-15,その他の設立登記法人
一般社団法人日本特殊加工化粧板協議会,東京都港区赤坂２丁目２番１９号,2020-04-15,その他の設立登記法人
一般社団法人日本膜学会,東京都文京区本郷５丁目２６番５号,2020-04-15,その他の設立登記法人
一般社団法人旭,北海道旭川市東光二条１丁目３番１７号,2020-04-15,その他の設立登記法人
一般社団法人木崎まちづくりラボ,長野県大町市平１０７３１,2020-04-15,その他の設立登記法人
一般社団法人東海ドローン協会,愛知県東海市高横須賀町藪下３８番地の４,2020-04-15,その他の設立登記法人
一般社団法人能力科学研究所,静岡県沼津市上土町３番地,2020-04-15,その他の設立登記法人
一般社団法人茨城県開発機構,茨城県筑西市玉戸２９７９番地４レジデンス玉戸５０２,2020-04-15,その他の設立登記法人
一般社団法人農業利益創造研究所,東京都品川区東五反田３丁目１８番６号,2020-04-15,その他の設立登記法人
一般社団法人逗葉薬剤師会,神奈川県三浦郡葉山町一色１７１８番地の６,2020-04-15,その他の設立登記法人
一般社団法人ＡＹＫ００,東京都港区元赤坂１丁目１番８号株式会社赤坂国際会計内,2020-04-15,その他の設立登記法人
一般社団法人Ｃｌａｎ　ＰＥＯＮＹ津軽,青森県弘前市大字下白銀町２番地１,2020-04-15,その他の設立登記法人
一般社団法人ＷＮＰ,東京都新宿区高田馬場４丁目２２番４６号－１０３,2020-04-15,その他の設立登記法人
一般社団法人ＸＥＮ　Ｈｅａｌｔｈｃａｒｅ,東京都練馬区桜台２丁目２３番３０号,2020-04-15,その他の設立登記法人
一般財団法人うんなんコミュニティ財団,島根県雲南市木次町木次３６,2020-04-15,その他の設立登記法人
一般財団法人安藤ハザマひとづくり財団,東京都港区赤坂６丁目１番２０号,2020-04-15,その他の設立登記法人
三藏商事株式会社,茨城県高萩市大字安良川２４,2020-04-15,株式会社
今藤商事株式会社,千葉県我孫子市湖北台１丁目１２番２号第二大塚ビル２０３,2020-04-15,株式会社
企業組合笑い飯,山形県寒河江市南町１丁目２番地の５,2020-04-15,その他の設立登記法人
佐賀県農業共済組合,佐賀県佐賀市神野西４丁目４番１４号,2020-04-15,その他の設立登記法人
共栄建設株式会社,東京都港区新橋１丁目１２番９号Ａ－ＰＬＡＣＥ新橋駅前,2020-04-15,株式会社
再生医療株式会社,東京都中央区銀座６丁目１０番１号ＧＩＮＺＡＳＩＸ１３Ｆ,2020-04-15,株式会社
北汪建設株式会社,北海道札幌市清田区北野三条３丁目１８番２２号ハイツ北野２－２,2020-04-15,株式会社
医療法人ひまわり,高知県高知市与力町１２番１０号シャトレ片町１階,2020-04-15,その他の設立登記法人
医療法人もろおか眼科,京都府京都市左京区聖護院川原町２９番地聖護院メディカルビル４Ｆ,2020-04-15,その他の設立登記法人
医療法人京向日葵会,京都府向日市寺戸町八ノ坪１２２番地洛西口クリニックビル２Ｆ,2020-04-15,その他の設立登記法人
医療法人宮下クリニック,長野県北佐久郡御代田町大字馬瀬口１７１３番地４,2020-04-15,その他の設立登記法人
医療法人明功会,宮崎県都城市松元町２街区８号,2020-04-15,その他の設立登記法人
医療法人瑶林会,栃木県佐野市鐙塚町１５６番地１,2020-04-15,その他の設立登記法人
医療法人社団おくむら耳鼻科クリニック,新潟県長岡市花園南１丁目６４番地,2020-04-15,その他の設立登記法人
医療法人社団オパール会,兵庫県尼崎市南武庫之荘３丁目２５番１０号ＮＡＶＩ３０６,2020-04-15,その他の設立登記法人
医療法人社団健章会,宮崎県延岡市卸本町１０２番地１０,2020-04-15,その他の設立登記法人
医療法人社団医燎会,東京都千代田区有楽町１丁目６番１号ナビール日比谷５階,2020-04-15,その他の設立登記法人
医療法人社団恵祐会,新潟県糸魚川市南押上１丁目１６番３号,2020-04-15,その他の設立登記法人
医療法人社団應天堂ヘルスケアシステムズ会,神奈川県横浜市泉区中田南３丁目６番１号希光ビル２階,2020-04-15,その他の設立登記法人
医療法人社団生駒会,石川県白山市北安田西２丁目４１番地,2020-04-15,その他の設立登記法人
医療法人社団葵仁会,埼玉県さいたま市西区大字佐知川２２８番地６,2020-04-15,その他の設立登記法人
医療法人美葉会,京都府長岡京市長岡１丁目１番１１号コンフォートセブン２Ｆ,2020-04-15,その他の設立登記法人
医療法人ＫＲＳ,岐阜県岐阜市西中島３丁目５番１４号,2020-04-15,その他の設立登記法人
千代田イムノサイエンス株式会社,東京都千代田区三番町１番地１７－６Ｆ,2020-04-15,株式会社
合同会社さくら総業,神奈川県横浜市西区戸部本町４２番１－７０１号,2020-04-15,合同会社
合同会社せそこ島クリーン,沖縄県国頭郡本部町字瀬底４３３番地,2020-04-15,合同会社
合同会社アイウォント,福島県いわき市平正月町３１番地の３,2020-04-15,合同会社
合同会社イフト,北海道札幌市西区発寒三条１丁目８番１０号,2020-04-15,合同会社
合同会社ウェルフェアデザイン,千葉県流山市南流山３丁目８番地の１３,2020-04-15,合同会社
合同会社エステート宮本,静岡県富士市蓼原１２０８番地の１,2020-04-15,合同会社
合同会社エムイーライフデザイン,神奈川県横浜市磯子区磯子３丁目１３番ブリリアシティ横浜磯子Ｉ－８０４,2020-04-15,合同会社
合同会社オオタ,東京都港区浜松町２丁目２番１５号浜松町ダイヤビル２階,2020-04-15,合同会社
合同会社オレンジ１号,東京都中央区日本橋室町４丁目３番１６号,2020-04-15,合同会社
合同会社ガイヤホールディングス,神奈川県相模原市中央区並木３丁目１番６－５０４号,2020-04-15,合同会社
合同会社キーテイルズ,北海道札幌市中央区南六条西１２丁目１３００番地６セピア館６－１２－１０５号,2020-04-15,合同会社
合同会社サニーデイズ,山梨県甲斐市西八幡２９６３番地７,2020-04-15,合同会社
合同会社サルスール・コンサルティング・ジャパン,北海道芦別市上芦別町７３番地１３６,2020-04-15,合同会社
合同会社サンブレイブ,熊本県熊本市東区健軍４丁目６－４０ダイアパレス２０６,2020-04-15,合同会社
合同会社トライアングル,秋田県秋田市泉釜ノ町２６番２０号,2020-04-15,合同会社
合同会社ファーム,千葉県千葉市美浜区真砂１丁目１２番３棟４０８号,2020-04-15,合同会社
合同会社プラッツ,東京都中央区銀座１丁目２２番１１号－２Ｆ,2020-04-15,合同会社
合同会社ムテキ,沖縄県中頭郡読谷村字波平１０７０－１波平ビル３０２,2020-04-15,合同会社
合同会社ユザメ,群馬県前橋市富田町２３１８,2020-04-15,合同会社
合同会社ユニス,東京都中央区新富２丁目１１－４ミナト新富ビル４階,2020-04-15,合同会社
合同会社ライトハウス,京都府京都市南区吉祥院西ノ庄淵ノ西町９番地４０５号,2020-04-15,合同会社
合同会社ロックブーケ,神奈川県横浜市緑区北八朔町３９－４ガーデンレジデンス横浜川和２０２,2020-04-15,合同会社
合同会社勳龍,東京都国分寺市南町３丁目１７番１号半沢ビルＢ１,2020-04-15,合同会社
合同会社天の川,東京都荒川区荒川３丁目２４番４号浜野ビル,2020-04-15,合同会社
合同会社森の木,富山県滑川市柳原２番地６,2020-04-15,合同会社
合同会社田辺事務所,神奈川県横浜市中区太田町６丁目８６オーパリバージュ８０５,2020-04-15,合同会社
合同会社粋,北海道札幌市中央区南六条西１３丁目２番５－６０１号,2020-04-15,合同会社
合同会社観音堂,新潟県新潟市西区五十嵐２の町８７５４番地１－１１１,2020-04-15,合同会社
合同会社ＡＬＥＳＥＥＤ,千葉県白井市根１７２６番地の４ヴィラ西白井Ｂ号,2020-04-15,合同会社
合同会社ＡＳＩＡ　ＴＲＡＤＩＮＧ,兵庫県尼崎市水堂町４丁目１９番２２号,2020-04-15,合同会社
合同会社Ａｌｌ　ｌｅａｄ４４,千葉県松戸市小根本４９番地の５アーク松戸レジデンス４０１号,2020-04-15,合同会社
合同会社Ｂ・Ｇ・Ｓ,神奈川県相模原市南区南台３丁目１２番１２号,2020-04-15,合同会社
合同会社ＢＷＳ,滋賀県大津市赤尾町１７－９,2020-04-15,合同会社
合同会社Ｂｌｏｏｍ,愛知県刈谷市一里山町北大根６８番地１,2020-04-15,合同会社
合同会社Ｄａｙｓ,愛知県一宮市大江１丁目１２番７号,2020-04-15,合同会社
合同会社Ｅ’ｓＬＡＢＯ,埼玉県戸田市本町３丁目８番６号,2020-04-15,合同会社
合同会社ＥＬＬＩＥ,東京都江戸川区春江町２丁目４９番２０号,2020-04-15,合同会社
合同会社Ｅｓｔｅｒカンパニー,石川県金沢市東山２丁目１番２１号,2020-04-15,合同会社
合同会社Ｇ・Ｈ不動産,沖縄県名護市東江５丁目９番１９－３０２号豊アパート,2020-04-15,合同会社
合同会社ＨＲホールディングス,神奈川県相模原市中央区矢部４丁目１７番１２号,2020-04-15,合同会社
合同会社ＫＥＹＯＮＺ,東京都港区麻布十番１丁目１１番１－１００１号,2020-04-15,合同会社
合同会社ＫＥＹＰＯＩＮＴ,福島県郡山市麓山１丁目１５番１３号,2020-04-15,合同会社
合同会社Ｌａｂｏ甲,茨城県筑西市甲７２９,2020-04-15,合同会社
合同会社ＭＲＥ,大阪府泉佐野市下瓦屋３７４番地２８,2020-04-15,合同会社
合同会社ＮＩＳプランニング,東京都港区南青山５丁目１７番２号,2020-04-15,合同会社
合同会社Ｐｅｔｉｔ　ｔｒｉｕｍｐｈ,東京都江戸川区南葛西３丁目１８番１７－４０４号,2020-04-15,合同会社
合同会社Ｐｕｒｅサービス,埼玉県春日部市小渕５１－１ギガパール春日部別棟,2020-04-15,合同会社
合同会社ＲＥＮ,宮崎県宮崎市花山手東３丁目１７番地２,2020-04-15,合同会社
合同会社ＳＫＣ,岩手県宮古市大通１丁目４番８号,2020-04-15,合同会社
合同会社Ｓｉｓｌｅｙ,大阪府大阪市平野区長吉川辺３丁目１６番４３号,2020-04-15,合同会社
合同会社ＴＮＫ,愛知県一宮市開明字出屋敷２７番地３,2020-04-15,合同会社
合同会社Ｙｕ－ｃｈｉ,沖縄県中頭郡西原町上原１丁目１３番地の１４、２０３号室,2020-04-15,合同会社
合同会社ｏｎｅ　ａｎｄ　ｏｎｌｙ,兵庫県神戸市東灘区魚崎南町２丁目９番１３号,2020-04-15,合同会社
合同会社ｕｌｕ,千葉県柏市若柴１７８－４柏の葉キャンパス１４８街区１Ｗ,2020-04-15,合同会社
土井不動産合同会社,愛知県あま市七宝町下之森屋敷代４５３番地１１,2020-04-15,合同会社
地方で志事合同会社,栃木県宇都宮市元今泉６丁目１０番１４号,2020-04-15,合同会社
大分住設合同会社,大分県大分市大字横瀬４５６番地１,2020-04-15,合同会社
大島屋商事株式会社,大分県大分市豊海４丁目１９９４番地の１２３,2020-04-15,株式会社
大日不動産株式会社,静岡県静岡市清水区鳥坂９３番地の５,2020-04-15,株式会社
大阪パシフィック合同会社,大阪府東大阪市瓜生堂２丁目２５－９ペディハウス東大阪瓜生堂,2020-04-15,合同会社
天理教本中野吉分教会,東京都荒川区荒川３丁目６１番９号,2020-04-15,その他の設立登記法人
守環総合メンテナンス株式会社,滋賀県守山市洲本町１２１５番地,2020-04-15,株式会社
室田商産株式会社,北海道上川郡清水町南二条９丁目１４番地２,2020-04-15,株式会社
富士山清水港クルーズ株式会社,静岡県静岡市清水区日の出町１０番８０号,2020-04-15,株式会社
岡崎リバーリンク株式会社,愛知県岡崎市日名中町６番地１,2020-04-15,株式会社
広空商事株式会社,広島県三原市本郷南１丁目１４番１号,2020-04-15,株式会社
弁護士法人丸浜法律事務所,愛知県名古屋市東区葵１丁目１３番１８号,2020-04-15,その他の設立登記法人
新潟県厚生連第一労働組合,新潟県新潟市西区小針３丁目２７番１１号新潟医療センター内,2020-04-15,その他の設立登記法人
日本ベトナムメディカルカンパニー株式会社,東京都千代田区永田町２丁目１１番１号山王パークタワー２５階２５０９区,2020-04-15,株式会社
日本東京三和株式会社,神奈川県横浜市中区山下町１６２番地２,2020-04-15,株式会社
日本ＰＣマーケティング株式会社,大阪府吹田市広芝町９番３３号,2020-04-15,株式会社
東村山タウンマネジメント株式会社,東京都東村山市本町１丁目２番地３,2020-04-15,株式会社
松尾技研合同会社,大阪府摂津市別府２丁目１３－１５エトワール摂津１０７,2020-04-15,合同会社
株式会社あおき,埼玉県坂戸市八幡２丁目９番３４号,2020-04-15,株式会社
株式会社いかめし阿部商店,北海道茅部郡森町字御幸町１１２番地,2020-04-15,株式会社
株式会社いちはな,北海道紋別市落石町３丁目３８番１５号,2020-04-15,株式会社
株式会社こねくと,神奈川県横浜市鶴見区生麦５丁目１６番５号,2020-04-15,株式会社
株式会社それいず,大阪府東大阪市花園本町２丁目１番３５号,2020-04-15,株式会社
株式会社みなみ,愛知県安城市姫小川町姫１７７番地１,2020-04-15,株式会社
株式会社みなみ電気,石川県金沢市南四十万３丁目１２７番地,2020-04-15,株式会社
株式会社アイデンティティベース,大阪府四條畷市雁屋北町９番３０－３２１号,2020-04-15,株式会社
株式会社アシスト,宮城県仙台市泉区泉中央１丁目４４番地の５,2020-04-15,株式会社
株式会社アールエム,大阪府吹田市千里丘西２４番４－２０４号,2020-04-15,株式会社
株式会社インビクタス,長野県佐久市岩村田２３２８番地１,2020-04-15,株式会社
株式会社ウィズフラワーホールディングス,岡山県岡山市南区市場２丁目１番地,2020-04-15,株式会社
株式会社エイトロン,埼玉県川口市中青木１丁目１番３４号,2020-04-15,株式会社
株式会社エヌアール,北海道恵庭市恵み野東３丁目５番１０,2020-04-15,株式会社
株式会社オフィス２４,東京都新宿区西新宿６丁目２２番１号,2020-04-15,株式会社
株式会社オン・ビート,神奈川県川崎市高津区上作延１１９５番地１３－３０６,2020-04-15,株式会社
株式会社カイヅ,北海道札幌市東区北三十五条東５丁目１番２８号,2020-04-15,株式会社
株式会社グランディールポミエ,神奈川県横浜市緑区白山１丁目８番２－１１３号,2020-04-15,株式会社
株式会社グランドスマイル,東京都北区東田端２丁目９番１２ダイナシティ田端３０５号,2020-04-15,株式会社
株式会社グリーンセル沖縄,沖縄県那覇市泉崎１丁目１１番１号あらかきビル４－Ｂ,2020-04-15,株式会社
株式会社コットンクラブ,山梨県甲府市中央４丁目３番２０号,2020-04-15,株式会社
株式会社コネクト・プランナー,千葉県流山市加６丁目１５３７番地の１－５０３,2020-04-15,株式会社
株式会社サンシン,大阪府東大阪市上小阪２丁目７番３１号,2020-04-15,株式会社
株式会社シラバス,滋賀県大津市一里山２丁目１４番１２号,2020-04-15,株式会社
株式会社シーズン・Ａｉ,愛知県一宮市今伊勢町馬寄字舟入３８番地１,2020-04-15,株式会社
株式会社ジェイプロ,愛知県名古屋市中村区名駅４丁目１７番３号メイヨンビル２Ｆプロコワ内,2020-04-15,株式会社
株式会社ジャストライ,東京都江東区東陽２丁目２番１４－３０２号,2020-04-15,株式会社
株式会社スタッフサービス・クラウドワーク,神奈川県相模原市中央区鹿沼台１丁目７番７号,2020-04-15,株式会社
株式会社スーパーマーケットコノミヤ,大阪府大阪市鶴見区今津南１丁目５番３２号,2020-04-15,株式会社
株式会社セラビ横浜,神奈川県横浜市西区南幸２丁目２１番５号,2020-04-15,株式会社
株式会社ゼロパイン,香川県高松市檀紙町６８２番地１,2020-04-15,株式会社
株式会社ソラフネコーポレーション,山形県米沢市金池６丁目５番３３号,2020-04-15,株式会社
株式会社タケイチ工業,兵庫県丹波市山南町草部２２０番地１,2020-04-15,株式会社
株式会社ダイニングワールド５５５,東京都千代田区神田三崎町２丁目１１番１３号ＭＭビルⅡ４０１号,2020-04-15,株式会社
株式会社チャネマ,東京都千代田区九段南１丁目５－６りそな九段ビル５Ｆ・ＫＳフロア,2020-04-15,株式会社
株式会社ティアンドケイ,神奈川県横浜市中区山手町９０番地１２,2020-04-15,株式会社
株式会社テクト,新潟県柏崎市大字藤井１４１２番地１,2020-04-15,株式会社
株式会社テクナスエイト,岐阜県瑞穂市唐栗２８８番地１,2020-04-15,株式会社
株式会社トラスト,埼玉県草加市西町１１４５番地２カーサ匠,2020-04-15,株式会社
株式会社ドローバ,千葉県匝瑳市高９２３番地４,2020-04-15,株式会社
株式会社ノースランド,秋田県鹿角郡小坂町小坂字坂ノ影４５番地２,2020-04-15,株式会社
株式会社バイキング福井,福井県福井市文京１丁目１６－３１,2020-04-15,株式会社
株式会社ヒノデ電工,佐賀県神埼市神埼町神埼２６８番地２０,2020-04-15,株式会社
株式会社ピーシービービジネスコンサルティング,埼玉県富士見市ふじみ野西２丁目１番地１,2020-04-15,株式会社
株式会社フォトオフィス渡辺,北海道札幌市厚別区厚別中央四条２丁目１７番５号,2020-04-15,株式会社
株式会社フリーエンジニアワークス,神奈川県横浜市西区高島２丁目１９－１２スカイビル,2020-04-15,株式会社
株式会社ブライトカンパニィ,福岡県宮若市本城１０９０番地５,2020-04-15,株式会社
株式会社ブルーデン,東京都品川区西五反田２丁目４番６号,2020-04-15,株式会社
株式会社プラスファイブ,東京都稲城市平尾２丁目５８番地の１,2020-04-15,株式会社
株式会社プロスパーエンジニアリング,富山県富山市綾田町１丁目３４番５号,2020-04-15,株式会社
株式会社ペソラワークス,山形県村山市楯岡新町１丁目７番１２号,2020-04-15,株式会社
株式会社ホクエーホールディングス,愛知県名古屋市中川区万場５丁目５１５番地,2020-04-15,株式会社
株式会社ホレタビ,神奈川県横浜市旭区西川島町５０番地３３,2020-04-15,株式会社
株式会社マツショウ,長野県長野市大字南堀６１２番地７,2020-04-15,株式会社
株式会社マネーコミュニケーションズ,東京都港区赤坂９丁目７番１号,2020-04-15,株式会社
株式会社ユース,愛知県岡崎市上六名３丁目１２番地５,2020-04-15,株式会社
株式会社ライトドア,東京都千代田区岩本町３丁目８番８号中和秋葉原ビル,2020-04-15,株式会社
株式会社ライフプラン・コンシェルジュ,静岡県富士市三ツ沢２２６番地の３２,2020-04-15,株式会社
株式会社ラクシキ,東京都渋谷区渋谷３丁目１番９号ＹＡＺＡＷＡビルＵＣＦ３階,2020-04-15,株式会社
株式会社ラポール・ラヴィ,千葉県東金市台方６４４番地１０,2020-04-15,株式会社
株式会社ランス,北海道札幌市東区北九条東１丁目２番２０号Ｎ９　４０２号室,2020-04-15,株式会社
株式会社リングビジネスサポート,東京都台東区台東２丁目１－１東秋葉原ビル６Ｆ,2020-04-15,株式会社
株式会社ルーストテック,大阪府吹田市青葉丘南１３番４０号,2020-04-15,株式会社
株式会社レピニット,東京都中央区東日本橋２丁目６番１１号東日本橋ＮＳビル４階,2020-04-15,株式会社
株式会社ロジランド・デベロップメント,東京都渋谷区恵比寿西１丁目３４番２８号,2020-04-15,株式会社
株式会社亀山社中,長崎県長崎市弁天町３番１６号,2020-04-15,株式会社
株式会社五菱商会,北海道厚岸郡厚岸町若竹町１丁目６８番地,2020-04-15,株式会社
株式会社令和プランニング,大阪府四條畷市南野２丁目２番６６号シャトレヴェールⅢ２０７,2020-04-15,株式会社
株式会社伝美,神奈川県横浜市磯子区上町一丁目２８番４０３号,2020-04-15,株式会社
株式会社優進,宮崎県日向市大字平岩６４４９番地２２３,2020-04-15,株式会社
株式会社共有テック,大阪府大阪市生野区巽南４丁目７番２４号,2020-04-15,株式会社
株式会社創意技巧,大阪府岸和田市堺町５番８号,2020-04-15,株式会社
株式会社勝栄,広島県福山市田尻町３７６０番地１,2020-04-15,株式会社
株式会社千葉建設,埼玉県久喜市鷲宮６８８番地４,2020-04-15,株式会社
株式会社博報社関東本社,神奈川県厚木市愛甲１丁目８番３９号２階,2020-04-15,株式会社
株式会社友星,大阪府枚方市印田町３８番１０号,2020-04-15,株式会社
株式会社大志,岡山県倉敷市東塚７丁目３番２８号,2020-04-15,株式会社
株式会社安瀬建設,福島県郡山市並木５丁目７番地２５,2020-04-15,株式会社
株式会社将和建設,福島県いわき市泉もえぎ台１丁目３７番地の６－２０１,2020-04-15,株式会社
株式会社小島美術,東京都葛飾区奥戸７丁目７番１８号サザンコート２０２,2020-04-15,株式会社
株式会社小清水農業振興公社,北海道斜里郡小清水町南町１丁目３番２号ＪＡこしみず内,2020-04-15,株式会社
株式会社山形月山養蜂,山形県西村山郡西川町大字大井沢２１３８,2020-04-15,株式会社
株式会社巧隆,愛知県豊川市大堀町５５番地の５,2020-04-15,株式会社
株式会社市民家族葬センター,埼玉県さいたま市見沼区大字大谷４５５番地１号－２階,2020-04-15,株式会社
株式会社常磐つり餌商会,福島県いわき市小名浜字栄町２６,2020-04-15,株式会社
株式会社平辻設備,東京都板橋区東山町１９番１０号,2020-04-15,株式会社
株式会社幸生住建,愛知県名古屋市千種区清明山２丁目２番１７号,2020-04-15,株式会社
株式会社広島オフィス,広島県広島市東区二葉の里３丁目５番７号ＧＲＡＮＯＤＥ広島３階,2020-04-15,株式会社
株式会社弘建,北海道苫小牧市ウトナイ北５丁目４番１９号,2020-04-15,株式会社
株式会社日本遺伝子医学研究所,東京都千代田区一番町１５－９,2020-04-15,株式会社
株式会社昌環,大阪府大阪市平野区加美北１丁目１７番１８号,2020-04-15,株式会社
株式会社是本配管解析サービス,神奈川県川崎市宮前区馬絹６丁目４番２－２０７号,2020-04-15,株式会社
株式会社木野設備,愛知県名古屋市緑区大高台３丁目５１６番地ビバリーヒルズ２０２号,2020-04-15,株式会社
株式会社東軽井沢クラブ,群馬県安中市原市３８７５番地,2020-04-15,株式会社
株式会社横井商店,愛知県尾張旭市瀬戸川町２丁目２２３番地,2020-04-15,株式会社
株式会社橋口加工食品研究所,長崎県長崎市西海町４７２１番地２４,2020-04-15,株式会社
株式会社永田住設,大阪府松原市天美北３丁目１８番２７号,2020-04-15,株式会社
株式会社海邦,兵庫県神戸市中央区大日通５丁目３番１３号,2020-04-15,株式会社
株式会社渋沢,大阪府箕面市石丸２丁目１８－１９リバティーハウス箕面１０６号室,2020-04-15,株式会社
株式会社田辺商会,埼玉県入間市大字二本木１０５９番地２,2020-04-15,株式会社
株式会社由良商店,大阪府大阪市西区立売堀６丁目５番６号,2020-04-15,株式会社
株式会社白鳥ホールディングス,東京都港区赤坂３丁目１番１６号,2020-04-15,株式会社
株式会社石井運送,愛知県田原市神戸町北高畑３番地１,2020-04-15,株式会社
株式会社竜成工業,大分県大分市久原南１丁目７番１８号,2020-04-15,株式会社
株式会社縁Ｊｏｙ,愛知県一宮市小赤見字郷中９番地,2020-04-15,株式会社
株式会社美島建設,福島県双葉郡広野町大字下北迫字火の口１０５番地９,2020-04-15,株式会社
株式会社聖佳,東京都千代田区神田神保町２丁目４番１１号,2020-04-15,株式会社
株式会社芽蓮華,宮崎県宮崎市橘通東３丁目２－８文化ストリート内,2020-04-15,株式会社
株式会社陽光産業北海道,北海道江別市角山１８９番地１０,2020-04-15,株式会社
株式会社駒屋,福島県福島市御山字三本松７番地の１,2020-04-15,株式会社
株式会社高橋内装,秋田県秋田市添川字境内川原３番地６,2020-04-15,株式会社
株式会社３２５,大阪府大阪市阿倍野区阿倍野筋２丁目２番８号２０８,2020-04-15,株式会社
株式会社ＡＩＳ,東京都文京区白山５丁目２７番１５号,2020-04-15,株式会社
株式会社ＡＰＯＬＯＮ　ＪＡＰＡＮ,福岡県北九州市小倉南区東水町７番１８－２０１号,2020-04-15,株式会社
株式会社ＡＳＩＡＮ・ＦＲＩＥＮＤ,愛知県弥富市前ケ平３丁目５４番地,2020-04-15,株式会社
株式会社ＡＷＡ,大阪府大阪市大正区泉尾４丁目１４番３０号,2020-04-15,株式会社
株式会社Ａｌ・ａｓｓｅｍｂｌｙ,愛知県北名古屋市山之腰五条１２３番地,2020-04-15,株式会社
株式会社Ａｔｏｍｕ,神奈川県川崎市川崎区浜町１丁目９番４－４０２号カーサルーチェ,2020-04-15,株式会社
株式会社ＢＳＣ,東京都世田谷区若林１丁目２番２－１００２号,2020-04-15,株式会社
株式会社ＢｅｓｔｅｎＤａｎｋ,大阪府東大阪市東石切町２丁目６番４２号,2020-04-15,株式会社
株式会社ＢｌｕｅＳｋｙ,福岡県福岡市博多区中洲３丁目６番７号,2020-04-15,株式会社
株式会社Ｂｒｏｔｈｅｒ,東京都江戸川区西葛西２丁目３番１５号,2020-04-15,株式会社
株式会社ＤＡＩＨＯＯ,香川県高松市牟礼町原５６５番地３,2020-04-15,株式会社
株式会社ＤｙｎａＧｒｅｅｄ,東京都江東区大島１丁目１番１－１０１１号,2020-04-15,株式会社
株式会社ＥｚｏＲｅｈａ,北海道札幌市西区琴似二条３丁目１番地,2020-04-15,株式会社
株式会社ＦＡＴＴＹ　ＴＵＮＡ,東京都中野区上高田２丁目３０番１０号,2020-04-15,株式会社
株式会社ＦＩＸ　ｂｉｒｄ,東京都足立区鹿浜５丁目２４番６号,2020-04-15,株式会社
株式会社ＦＬＹ　ＹＯＵ,兵庫県神戸市中央区元町通２丁目９番１号元町プラザ７０５,2020-04-15,株式会社
株式会社ＦＳ企画,広島県福山市駅家町大字万能倉１３６４番地１,2020-04-15,株式会社
株式会社Ｆｕｎ　Ｌｅａｒｎｉｎｇ,京都府京都市下京区室町通仏光寺上る白楽天町５２１番地１,2020-04-15,株式会社
株式会社Ｇ‐ＷＯＲＫＳ,埼玉県和光市白子２丁目８番１０号シャルマンＲ１０２,2020-04-15,株式会社
株式会社Ｇｕｇｕｓｄａｄａ,岩手県盛岡市本町通１丁目７番１－６０１号,2020-04-15,株式会社
株式会社Ｈ・Ｍ企画,兵庫県神戸市須磨区南落合１丁目２４番１５－３０５号,2020-04-15,株式会社
株式会社ＨＡＫＯＢＵ,茨城県水戸市大場町２５５６番地,2020-04-15,株式会社
株式会社ＨＡＰＰＹ　ＣＯＮＮＥＣＴ,沖縄県宜野湾市志真志２丁目２番５－５０４号,2020-04-15,株式会社
株式会社ＨＡＰＰＹ　ＰＬＡＮ,福岡県福岡市博多区東公園１番１８号さくら紙工ビル３０２,2020-04-15,株式会社
株式会社ＨＡＲＥ,岡山県倉敷市児島田の口７丁目６番１号,2020-04-15,株式会社
株式会社ＨＵＴ,沖縄県那覇市字安里６９番地４ハッピープレイス外間２Ｆ,2020-04-15,株式会社
株式会社Ｊｏｙ　Ｊｏｙ　Ｅｎｇｌｉｓｈ,富山県滑川市上梅沢字砂田２２８１番,2020-04-15,株式会社
株式会社Ｋ’Ｓコーポレーション,大阪府豊中市大黒町３丁目１８番３号,2020-04-15,株式会社
株式会社Ｋオファース,長崎県諫早市多良見町化屋３５１番地８８,2020-04-15,株式会社
株式会社ＫＥＹ　ＱＵＥＳＴ,東京都世田谷区瀬田５丁目３５番８号,2020-04-15,株式会社
株式会社ＫＳ－１,東京都豊島区西池袋５丁目２６番２７号,2020-04-15,株式会社
株式会社ＫＳＴフーズ,神奈川県横浜市西区南浅間町２７番地の２,2020-04-15,株式会社
株式会社Ｋｏｅｉ,兵庫県尼崎市崇徳院３丁目９番地,2020-04-15,株式会社
株式会社Ｍ,東京都中央区湊１丁目６番１号八丁堀ＡＦビル１Ｆ,2020-04-15,株式会社
株式会社ＭＡＯ,東京都中野区新井２丁目２７番４号,2020-04-15,株式会社
株式会社ＭＡＳ,北海道札幌市中央区南六条西１１丁目１２８４番地１２中辻オフィスビル２階,2020-04-15,株式会社
株式会社ＭＰ,広島県広島市南区段原日出２丁目２番１８号,2020-04-15,株式会社
株式会社ＭＲＡ,沖縄県宜野湾市大山４丁目３－３,2020-04-15,株式会社
株式会社ＭＵＤＡＩ,東京都板橋区南常盤台１丁目１１番６－１０１号,2020-04-15,株式会社
株式会社Ｍｅｒｒｙ　Ｐｌｕｓ,東京都千代田区内幸町１丁目１番１帝国ホテルタワー８階,2020-04-15,株式会社
株式会社ＭｅｔａｌＪａｐａｎ,愛知県蒲郡市形原町春日浦３１番地２,2020-04-15,株式会社
株式会社ＮＩＴＴＯ,福岡県福岡市中央区赤坂１丁目１４番２２号,2020-04-15,株式会社
株式会社ＮＹＴコンサルティング,大阪府大阪市天王寺区玉造元町２－３２－９０５,2020-04-15,株式会社
株式会社Ｎｅｏ　Ｂｒｅａｋｔｈｒｏｕｇｈ,宮城県仙台市青葉区中央４丁目２番９号,2020-04-15,株式会社
株式会社ＯＣＤ,東京都中央区日本橋兜町１７番１号日本橋ロイヤルプラザ７０６,2020-04-15,株式会社
株式会社ＰＡＴＲＩＯＴ　ＤＥＳＩＧＮ,東京都世田谷区太子堂５丁目３２番１７号,2020-04-15,株式会社
株式会社ＰＥＲＳＳＯＮ　ＭＡＲＩＮＥ　ＪＡＰＡＮ,東京都千代田区丸の内１丁目７番１２号サピアタワー,2020-04-15,株式会社
株式会社ＲＯＢＩＮ,愛知県名古屋市中区千代田３丁目２２番１７号,2020-04-15,株式会社
株式会社Ｒｅｅｔ　Ｊａｐａｎ　Ｒａｉｓｅ,神奈川県大和市下鶴間２８４８番地１４,2020-04-15,株式会社
株式会社Ｓ＆Ｐ　ＧＲＯＵＰ　ＩＮＴＥＲＮＡＴＩＯＮＡＬ,東京都江東区東陽３丁目２１番１３－４０１号,2020-04-15,株式会社
株式会社ＳＡＮＤＹ,愛知県瀬戸市窯町３４８番地,2020-04-15,株式会社
株式会社ＳＯＲＡエンタープライズ,広島県広島市西区己斐東１丁目１７番１８号,2020-04-15,株式会社
株式会社ＳＵＸＯＮＲＡＣＩＮＧ,埼玉県川越市大字福田１９８番地１,2020-04-15,株式会社
株式会社ＴＡＫＡ,大阪府大阪市都島区毛馬町２丁目１０番３３－４０２号,2020-04-15,株式会社
株式会社ＴＲＵＳＴ,愛知県名古屋市中川区舟戸町２運河沿いバーミキュラビレッジ,2020-04-15,株式会社
株式会社ＴＳパートナーズ,北海道札幌市中央区大通西１丁目１４番地２桂和大通ビル５０－９Ｆ,2020-04-15,株式会社
株式会社Ｕ・Ｈウェブ企画,兵庫県神戸市兵庫区塚本通４丁目２番１１－８０１号,2020-04-15,株式会社
株式会社Ｖｉｖｉｅ．,沖縄県那覇市泉崎２丁目２２番地１ファミール泉崎ハーバービュー１４０３,2020-04-15,株式会社
株式会社ＷｅＢｏｏｋ,大阪府大阪市中央区北久宝寺町１丁目４－１０大成合同ビル３０３号,2020-04-15,株式会社
株式会社Ｙラボ,東京都世田谷区等々力７丁目２０番１９号,2020-04-15,株式会社
株式会社ＹＫＣ,大分県佐伯市大字上岡１２８３番地１,2020-04-15,株式会社
株式会社ｃｈｅｃｋｍａｔｅ,東京都中央区勝どき６丁目３番１－３７２２号,2020-04-15,株式会社
株式会社ｃｏｕｒａｇｅ,群馬県前橋市三俣町２丁目１０番６,2020-04-15,株式会社
株式会社ｆｅｃｔｕｍ,京都府京都市上京区烏丸通下立売上る桜鶴円町３７４番地,2020-04-15,株式会社
株式会社ｉ－ＴＥＣ,岐阜県養老郡養老町押越５３１番地,2020-04-15,株式会社
株式会社ｏｒ　ｓｔｙｌｅ,大阪府大阪市西区江戸堀２丁目１番１号江戸堀センタービルＢ１Ｆ,2020-04-15,株式会社
株式会社ｙｏｒｉｄｏｒｉ,大阪府八尾市渋川町７丁目３番５号,2020-04-15,株式会社
楓ステップ株式会社,東京都あきる野市秋川５丁目８番地８,2020-04-15,株式会社
樋の口地所株式会社,愛知県名古屋市西区樋の口町１番１５号,2020-04-15,株式会社
沖縄ブランテック株式会社,沖縄県名護市大北２丁目１２－１６－Ｂ４０１,2020-04-15,株式会社
沖縄設備株式会社,沖縄県島尻郡南風原町字宮平６４３番地３,2020-04-15,株式会社
潤高設備合同会社,埼玉県草加市小山２丁目７番７号,2020-04-15,合同会社
特定非営利活動法人エープラス,岐阜県岐阜市則武西２丁目２番２８号,2020-04-15,その他の設立登記法人
特定非営利活動法人作並・新川地区活性化連絡協議会,宮城県仙台市青葉区新川字畑沢８番地,2020-04-15,その他の設立登記法人
特定非営利活動法人東区文化のみちガイドボランティアの会,愛知県名古屋市東区橦木町２丁目１５番地橦木町ゼルクハウス２０２号,2020-04-15,その他の設立登記法人
特定非営利活動法人森のようちえんお山歩隊,香川県高松市亀田町２９３番地２,2020-04-15,その他の設立登記法人
特定非営利活動法人生活・就労サポートＪＩＮ,岐阜県羽島郡岐南町徳田３丁目１４２番地の３,2020-04-15,その他の設立登記法人
特定非営利活動法人ＧＲＥＥＮ　ＲＯＯＴＳ,東京都品川区旗の台１丁目２番１４－４０２号,2020-04-15,その他の設立登記法人
特定非営利活動法人ｅｉｇｈｔ,宮城県仙台市宮城野区苦竹３丁目１番６号,2020-04-15,その他の設立登記法人
社会保険労務士法人ブレインズ,宮城県仙台市青葉区花京院２丁目１番９号シャングリラ花京院２０３,2020-04-15,その他の設立登記法人
社会保険労務士法人ＨｏｎＺｅｎ,東京都杉並区清水１丁目３７番８号,2020-04-15,その他の設立登記法人
福音自由教会祝園チャペル,京都府相楽郡精華町大字祝園小字榊ケ坪５３番地５,2020-04-15,その他の設立登記法人
立松電気工事店株式会社,愛知県名古屋市西区城町１４１番地,2020-04-15,株式会社
絆興産合同会社,富山県黒部市堀切２４３番地４,2020-04-15,合同会社
育樹の杜株式会社,宮崎県宮崎市清武町池田台２６番地８,2020-04-15,株式会社
舞合同会社,大阪府池田市八王子一丁目８番１０３－４０２号,2020-04-15,合同会社
華御株式会社,広島県大竹市西栄１丁目２０番１３号,2020-04-15,株式会社
越谷市環境事業協同組合,埼玉県越谷市大字砂原７７５番地,2020-04-15,その他の設立登記法人
農事組合法人アグリ羽広,長野県伊那市西箕輪２９００番地,2020-04-15,その他の設立登記法人
金澤工務店株式会社,埼玉県さいたま市南区内谷５丁目３番１号,2020-04-15,株式会社
鑫楽国際株式会社,神奈川県横浜市中区長者町５丁目７３番地４,2020-04-15,株式会社
静岡みどり産業株式会社,静岡県榛原郡吉田町神戸１９８５番地,2020-04-15,株式会社
順源株式会社,埼玉県川口市並木４丁目２－８,2020-04-15,株式会社
香ノ木住建株式会社,愛知県蒲郡市清田町橋詰３２番地１０,2020-04-15,株式会社
高柳商事株式会社,埼玉県熊谷市妻沼３６８番地３,2020-04-15,株式会社
黒澤合同会社,神奈川県横浜市中区根岸旭台３５番地６イースト４０４,2020-04-15,合同会社
ＡＢＯＶＥ株式会社,東京都品川区南品川５丁目１０番４５号サンハイツ関口Ｂ１,2020-04-15,株式会社
ＡＣＴＮ株式会社,東京都品川区東五反田５丁目２１番１５号メタリオンＯＳビル１Ｆ,2020-04-15,株式会社
Ａｔ　ｓｔｙｌｅ株式会社,東京都文京区小石川２丁目３番２７号,2020-04-15,株式会社
ＢＤテクニカル株式会社,神奈川県横浜市磯子区汐見台２丁目５番地１ヒルコートテラス横浜汐見台Ａ棟４０７号,2020-04-15,株式会社
ＢＭ　ＡＬＰＩＮＥ株式会社,長野県北安曇郡白馬村大字北城１２８６７番地７スタジオ＃２,2020-04-15,株式会社
Ｃｉｒｃｌｅ　Ｏｆ　Ｌｉｆｅ株式会社,愛知県名古屋市中区新栄２丁目１１番２５号３０５,2020-04-15,株式会社
Ｄｅｍａｎｄ　Ｅｘｐｒｅｓｓ株式会社,東京都江戸川区東葛西３丁目４番１４号,2020-04-15,株式会社
Ｄｒｅａｍ　Ｃｈａｓｅｒｓ　Ｍａｎａｇｅｍｅｎｔ株式会社,東京都品川区戸越１丁目２１番１２号,2020-04-15,株式会社
Ｇｅ合同会社,石川県加賀市黒瀬町４０番地１,2020-04-15,合同会社
ＧｏｏｄＦｏｏｄＪａｐａｎ１号合同会社,東京都千代田区一ツ橋２丁目４番３号,2020-04-15,合同会社
ＩＭＡＧＩＮＥ合同会社,神奈川県横浜市鶴見区生麦５丁目３番１０号,2020-04-15,合同会社
ＫＩＮＥＮ　ｅｎｅｒｇｙ株式会社,大分県日田市大字東有田２５７９番地２０,2020-04-15,株式会社
Ｌｉｎｋｓ株式会社,沖縄県那覇市泊１丁目３－２沖縄ゼネラルグループビル３０１,2020-04-15,株式会社
Ｍ＆Ｄ合同会社,東京都足立区谷中２丁目２番８号グランフォルム綾瀬３０２号室,2020-04-15,合同会社
Ｍｙｎｏｒｉｔｙ株式会社,東京都港区浜松町２丁目２－１５浜松町ダイヤビル２階,2020-04-15,株式会社
ＮＡＮＯＯＵ株式会社,東京都渋谷区渋谷３丁目３－１０秀和青山レジデンス７０４,2020-04-15,株式会社
ＮＰＯ法人地域総合型スポーツクラブＰＵＥＮＴＥ,兵庫県神戸市東灘区御影山手４丁目１番１号,2020-04-15,その他の設立登記法人
ＮＰＯ法人ＦｏｏｔＲｏｏｔｓ,滋賀県彦根市小泉町７３７番地,2020-04-15,その他の設立登記法人
Ｎｏｂｌｅ＆Ｃａｌｍ合同会社,東京都江戸川区鹿骨４丁目３２番６号,2020-04-15,合同会社
ＯＡＭ株式会社,東京都品川区北品川４丁目８番３３号,2020-04-15,株式会社
ＰＬＡＹＷＯＲＫＳ株式会社,埼玉県富士見市鶴瀬東２丁目１６番１１－１０８号,2020-04-15,株式会社
ＰＯＷＥＲＦＵＬＬ　ｇａｒａｇｅ株式会社,岐阜県美濃加茂市西町６丁目３０４番地１,2020-04-15,株式会社
ＲＡＴＮＡ　ＴＲＡＤＩＮＧ合同会社,東京都豊島区駒込３丁目１番３号Ａ－２１０,2020-04-15,合同会社
ＲＲＷ株式会社,東京都港区西麻布３丁目３番２０号ＣＵＥ西麻布２０１,2020-04-15,株式会社
Ｒａｋｕｓｙ’ｓ株式会社,沖縄県国頭郡東村字川田５６６番地,2020-04-15,株式会社
Ｒｅｄ　Ｒｉｃｅ自然農園株式会社,京都府木津川市加茂町里西上田４２番地２,2020-04-15,株式会社
ＳＳＳＴ株式会社,長野県上田市踏入２丁目１６番２４号,2020-04-15,株式会社
ＵＢＩ合同会社,神奈川県横浜市都筑区新栄町１５番１－５１３号,2020-04-15,合同会社
ＹＯＬＯ　Ｃｏｎｓｕｌｔｉｎｇ　Ｄａｙｓ合同会社,東京都豊島区東池袋１丁目４３－１０－１００５,2020-04-15,合同会社
ｊｉｃｃａ合同会社,愛知県一宮市木曽川町黒田字往還西南ノ切１３１番地１,2020-04-15,合同会社
ｋｅｙｓ　ｈｏｕｓｅ合同会社,和歌山県紀の川市打田７０３番地３,2020-04-15,合同会社
ぼーのフーズ,愛媛県宇和島市新町２丁目２番１４号,2020-04-16,株式会社
みつき通商株式会社,千葉県四街道市和良比８６３番地２,2020-04-16,株式会社
れいめいソリューション株式会社,長野県千曲市大字力石７５０番地１,2020-04-16,株式会社
イグニス合同会社,新潟県小千谷市栄町７番８号,2020-04-16,合同会社
イビック株式会社,東京都府中市天神町１丁目１番地の８４,2020-04-16,株式会社
イーズイン株式会社,東京都渋谷区幡ヶ谷３丁目３９番１２号渋谷ウェストビル１階,2020-04-16,株式会社
エンパイアリゾート株式会社,兵庫県神戸市中央区御幸通５丁目２番５号,2020-04-16,株式会社
カンパニーアシスト合同会社,東京都足立区千住旭町１１番６－３０４号,2020-04-16,合同会社
クオレ企画合同会社,広島県広島市西区打越町１番７号,2020-04-16,合同会社
クリーン環境衛生合同会社,宮城県仙台市青葉区花壇４番１－１０２号,2020-04-16,合同会社
ケンゾー＆エリン株式会社,東京都港区北青山３丁目６番７号青山パラシオタワー,2020-04-16,株式会社
コトブキヤ合同会社,千葉県市川市本北方２丁目１３番１６号,2020-04-16,合同会社
ゴハク合同会社,東京都中央区日本橋２丁目２番１７号丹生ビル２階,2020-04-16,合同会社
ジシャク株式会社,東京都武蔵野市桜堤１丁目６番２９号,2020-04-16,株式会社
スペースアート株式会社,神奈川県川崎市川崎区港町５番１号,2020-04-16,株式会社
セイメイ合同会社,東京都北区西ケ原１丁目２７番３－６０７号,2020-04-16,合同会社
セキュリア株式会社,東京都港区六本木２丁目２－６,2020-04-16,株式会社
ゼンシャイン合同会社,新潟県新潟市西区小針４丁目１番１０ー１１０３号,2020-04-16,合同会社
テクニカル株式会社,岡山県総社市宿１３７４番地６,2020-04-16,株式会社
ドッグイヤーキャピタル合同会社,福島県郡山市長者２丁目１０番８号サーパス長者プレミアコート３０１号,2020-04-16,合同会社
ハノン・ケアシステム株式会社,東京都杉並区井草２丁目１１番３号,2020-04-16,株式会社
バボリ株式会社,神奈川県横浜市青葉区市ケ尾町１１６８番地１カーサーウチノ３０５,2020-04-16,株式会社
ファーストクラス合同会社,東京都港区港南１丁目８番２３号,2020-04-16,合同会社
フロムフラット株式会社,静岡県静岡市駿河区中田本町２３番３９号,2020-04-16,株式会社
ブレイクスルーサービス株式会社,東京都中央区日本橋茅場町１丁目２番１４号,2020-04-16,株式会社
プラネット・ピクチャーズ合同会社,東京都新宿区西新宿６丁目１０番地１号新宿オークシティ日土地西新宿ビル８階,2020-04-16,合同会社
プログレノース株式会社,京都府京都市下京区下魚棚通堀川西入南八百屋町３３４番地,2020-04-16,株式会社
ポップオーバー株式会社,東京都小平市花小金井南町３丁目２８番９号,2020-04-16,株式会社
マスター不動産株式会社,長野県松本市宮田２３番１号,2020-04-16,株式会社
メイガンＨＤ株式会社,愛知県名古屋市中区新栄１丁目３５番１９号,2020-04-16,株式会社
メイゾン初芝管理組合法人,大阪府堺市東区引野町３丁２１９番地３,2020-04-16,その他の設立登記法人
ラ・ヴィー株式会社,東京都北区滝野川３丁目３４番６号,2020-04-16,株式会社
リンクス合同会社,秋田県大仙市大曲上栄町１０番２８号,2020-04-16,合同会社
一般社団法人のんびり家,愛媛県西予市宇和町野田４５番地,2020-04-16,その他の設立登記法人
一般社団法人ウェルライフ推進協会,愛知県長久手市片平１丁目７０６番地ジュイール長久手Ｂ棟,2020-04-16,その他の設立登記法人
一般社団法人オンネリ,東京都立川市曙町１丁目２５番１２号オリンピック曙町ビル７階,2020-04-16,その他の設立登記法人
一般社団法人カイロプラクティック志塾,京都府京都市伏見区桃山町立売５８番地,2020-04-16,その他の設立登記法人
一般社団法人カワグチ・ファミリートラスト,愛知県名古屋市中区千代田３丁目５番１７号,2020-04-16,その他の設立登記法人
一般社団法人ドローンサービス推進協議会,東京都港区赤坂３丁目３番３号,2020-04-16,その他の設立登記法人
一般社団法人丸商建設協力会,宮崎県宮崎市古城町岡ノ原２９番地２,2020-04-16,その他の設立登記法人
一般社団法人九州レッカー事業協力会,宮崎県東臼杵郡門川町加草２丁目７５番地,2020-04-16,その他の設立登記法人
一般社団法人全国スポーツ振興組合,東京都中央区銀座１丁目２２－１１銀座大竹ビジデンス２Ｆ,2020-04-16,その他の設立登記法人
一般社団法人全国小規模事業者健康保険連合組合,東京都中央区銀座１丁目２２－１１銀座大竹ビジデンス２Ｆ,2020-04-16,その他の設立登記法人
一般社団法人全国手をつなぐ育成会連合会,東京都新宿区西新宿７丁目１７番６号第三和幸ビル２Ｃ,2020-04-16,その他の設立登記法人
一般社団法人医療技術支援,東京都中央区京橋２丁目２番１号税理士法人トラスティル内,2020-04-16,その他の設立登記法人
一般社団法人士業の絆,香川県高松市天神前１０番５号,2020-04-16,その他の設立登記法人
一般社団法人大阪副首都未来会議,大阪府大阪市浪速区難波中２丁目１０番７０号なんばパークス１９階,2020-04-16,その他の設立登記法人
一般社団法人愛知県産業振興協会,愛知県名古屋市中区栄１丁目２３番２９号,2020-04-16,その他の設立登記法人
一般社団法人日本ビューティーアップ協会,大阪府大阪市中央区東高麗橋四丁目１番４０４号室,2020-04-16,その他の設立登記法人
一般社団法人日本成人先天性心疾患学会,東京都新宿区山吹町３５８番地５アカデミーセンター株式会社国際文献社内,2020-04-16,その他の設立登記法人
一般社団法人日本機能性成分研究所,東京都江東区富岡１丁目２３番１３号,2020-04-16,その他の設立登記法人
一般社団法人日本生理人類学会,東京都新宿区山吹町３５８番地５,2020-04-16,その他の設立登記法人
一般社団法人日本空間衛生協会,東京都新宿区新宿６丁目２７番２８号,2020-04-16,その他の設立登記法人
一般社団法人日本透水性コンクリート協会,三重県津市栗真町屋町１５７７,2020-04-16,その他の設立登記法人
一般社団法人日本金属熱処理工業会,東京都港区芝公園３丁目５番８号,2020-04-16,その他の設立登記法人
一般社団法人東京調友会倶楽部,東京都港区高輪１丁目２６番１１号Ｂ１,2020-04-16,その他の設立登記法人
一般社団法人次世代半導体日本製造協会,東京都豊島区目白２丁目３番９号,2020-04-16,その他の設立登記法人
一般社団法人発達サポートラボ・ｂｅｉｎｇ,宮崎県都城市志比田町４９３６番１０,2020-04-16,その他の設立登記法人
一般社団法人県央薬剤師会,新潟県三条市興野２丁目１３番１９号,2020-04-16,その他の設立登記法人
一般社団法人読み聞かせ教室,愛知県名古屋市千種区星が丘元町１５番１６号ＷＩＺ星ヶ丘Ａ－２,2020-04-16,その他の設立登記法人
一般社団法人運輸産業振興協会,東京都港区高輪４丁目２３番６号,2020-04-16,その他の設立登記法人
一般社団法人ＣＬＵＢ　ＳＩＧＮＰＯＳＴ,京都府京都市北区上賀茂中ノ坂町５５番地６,2020-04-16,その他の設立登記法人
一般社団法人ＣＷファンド管理,東京都文京区後楽２丁目６番１号１９階,2020-04-16,その他の設立登記法人
一般社団法人ＥＰＩＣネットワーク,愛知県名古屋市名東区高針４丁目８３５番地,2020-04-16,その他の設立登記法人
一般社団法人Ｇｌｏｂａｌ　Ｉｎｓｔｉｔｕｔｅ　ｏｆ　Ｇｒｅａｔ　Ｇｉｆｔｅｄ　Ｇｅｎｉｕｓ　ｉｎ　Ｉｎｄｕｓｔｒｙ，Ａｒｔ，Ｍｕｓｉｃ，Ｖｏｌｕｎｔｅｅｒ　ａｎｄ　Ｍｅｄｉｃｉｎｅ．,東京都三鷹市中原２丁目１９番４３号,2020-04-16,その他の設立登記法人
一般社団法人ＨＢＡ,東京都中央区銀座８丁目１５番６号八幡銀座ビル,2020-04-16,その他の設立登記法人
上州タイヤサービス株式会社,栃木県佐野市上羽田町２７５番地４,2020-04-16,株式会社
中央給与会計株式会社,東京都中央区日本橋小網町１３番８安田小網町ビル５０４号,2020-04-16,株式会社
丸勝株式会社,福岡県田川郡福智町赤池５２８番地１,2020-04-16,株式会社
京葉リアルティー株式会社,千葉県木更津市金田東６丁目２４番地１,2020-04-16,株式会社
佐藤介護合同会社,埼玉県所沢市大字上安松９５０番地の１０,2020-04-16,合同会社
全力株式会社,東京都北区浮間１丁目７番２３号１０１号室,2020-04-16,株式会社
医療法人かねこ矯正歯科,高知県高知市上町１丁目８番１３号,2020-04-16,その他の設立登記法人
医療法人冨井医院,京都府京都市下京区正面通西木屋町西入梅湊町９２番地,2020-04-16,その他の設立登記法人
医療法人地球３３番地,高知県高知市南金田１８０１番３,2020-04-16,その他の設立登記法人
医療法人社団清華ファミリークリニック,新潟県上越市本町３丁目１番７号,2020-04-16,その他の設立登記法人
医療法人社団遠藤歯科クリニック,新潟県新発田市荒町甲１４５６番地３,2020-04-16,その他の設立登記法人
協栄サービス株式会社,宮崎県児湯郡新富町大字下富田４１７５番地１１,2020-04-16,株式会社
合同会社あしたのアーキテクツ,福島県郡山市清水台１丁目８番１５号,2020-04-16,合同会社
合同会社おおぞら園,兵庫県西宮市宮前町８番２２号浜脇幼稚園２階,2020-04-16,合同会社
合同会社とりあえず筋トレしようね,東京都練馬区南大泉１丁目２２番４２号,2020-04-16,合同会社
合同会社はなび,東京都台東区根岸１丁目１番３０号ツバセス鶯谷４１２号室,2020-04-16,合同会社
合同会社ぽんぢ総本店,東京都大田区羽田２丁目２０番８号,2020-04-16,合同会社
合同会社わいえぬえい,千葉県習志野市谷津３丁目１２番２２－６０１号,2020-04-16,合同会社
合同会社シマノ,埼玉県上尾市春日１丁目３０番地１７,2020-04-16,合同会社
合同会社スタジオくれよん,滋賀県大津市浜大津４丁目４番１号,2020-04-16,合同会社
合同会社スマイループ,鹿児島県鹿児島市伊敷台７丁目２１番１０号,2020-04-16,合同会社
合同会社タクト,熊本県熊本市東区東本町２０番１－８０９号,2020-04-16,合同会社
合同会社ニューライフ,東京都新宿区新宿３丁目１２番４号新宿Ｎタウンプラザ３０９号,2020-04-16,合同会社
合同会社ハピサポ,沖縄県浦添市字経塚７７４番地２－３０３,2020-04-16,合同会社
合同会社フェザースペース,栃木県鹿沼市久野７３９番地６,2020-04-16,合同会社
合同会社フルスクラッチ,東京都港区麻布台２丁目３番７号メゾンドヴィレ麻布台１３０７号,2020-04-16,合同会社
合同会社ブンタック,東京都品川区西五反田２丁目１５－１０グリンデル五反田６０１,2020-04-16,合同会社
合同会社ホウヒョウロウ,東京都台東区上野３丁目１４番２号６Ｆ,2020-04-16,合同会社
合同会社ミウィ,広島県広島市西区打越町１番７号,2020-04-16,合同会社
合同会社メニベル,神奈川県横浜市港北区大倉山６丁目３６番３－４０３号,2020-04-16,合同会社
合同会社ヨシミツ,千葉県千葉市若葉区西都賀２丁目１７番１号,2020-04-16,合同会社
合同会社レイズ,東京都足立区西伊興１丁目１７番２２号,2020-04-16,合同会社
合同会社丸毅工業,静岡県浜松市中区泉３丁目１１番１３号,2020-04-16,合同会社
合同会社寧輝,東京都大田区山王２丁目１－８山王アーバンライフ１００２号室,2020-04-16,合同会社
合同会社晴,和歌山県和歌山市府中３１８番地９,2020-04-16,合同会社
合同会社杉本木材,岡山県津山市南方中１０５１番地,2020-04-16,合同会社
合同会社杣人無限,熊本県阿蘇市波野大字滝水４６０番地１,2020-04-16,合同会社
合同会社樋口経済企画研究所,山口県下松市旗岡４丁目１１番２６号,2020-04-16,合同会社
合同会社瀬川自動車工業,静岡県沼津市大諏訪８６３－５,2020-04-16,合同会社
合同会社盛田産業,東京都小金井市梶野町１丁目２番３６号,2020-04-16,合同会社
合同会社ＢＥＡＣＨ　ＨＡＵＳ,兵庫県神戸市中央区栄町通５丁目１番１号,2020-04-16,合同会社
合同会社ＢＩＧＳＵＮｐｌｕｓ,鹿児島県鹿児島市中山１丁目１４－１７白石ビル４０２,2020-04-16,合同会社
合同会社Ｃｏｒｅ　Ｃｈｅｒｒｙ,愛媛県松山市石手５丁目１番７号サントノーレ石手４０５号,2020-04-16,合同会社
合同会社ＧＲＥＥＮＲＹＭ,北海道帯広市西十二条南１６丁目１番地７,2020-04-16,合同会社
合同会社ＫＡＹＵ　ＪＡＰＡＮ,兵庫県尼崎市田能４丁目１７番２２号,2020-04-16,合同会社
合同会社Ｋａｍｉｎｎ,長野県安曇野市穂高有明８９６３番地１７,2020-04-16,合同会社
合同会社ＭＫ．Ｏｒｇａｎｉｃ,千葉県船橋市二和東６丁目１７番２５号サンシャイン１０１号,2020-04-16,合同会社
合同会社Ｒｅｂｏｒｎ,熊本県宇土市松山町１５４４番地１０,2020-04-16,合同会社
合同会社Ｒｅｇｉｏｎａｌ　ｐｌａｔｆｏｒｍ,岩手県盛岡市大館町９－２,2020-04-16,合同会社
合同会社ＳＤＹ企画,千葉県船橋市本町４丁目４０番２３号,2020-04-16,合同会社
合同会社ＳＴＡＲＳ,鹿児島県鹿児島市吉野町３０９５番地２３４,2020-04-16,合同会社
合同会社ＴＴＮ,東京都港区新橋６丁目１６番８号,2020-04-16,合同会社
合同会社ＷＡＫＥ－ＵＰ,東京都西東京市ひばりが丘２丁目５－３４－１３１,2020-04-16,合同会社
合同会社ｋａｍｏ,東京都練馬区北町５丁目１２番２１－１０５,2020-04-16,合同会社
合同会社ｎｅｎｅ,京都府京都市上京区宮垣町９１－１０２,2020-04-16,合同会社
合同会社ｎｅｏ,東京都大田区北馬込１丁目５番１５号,2020-04-16,合同会社
合同会社ｎｅｓｔ,東京都港区三田２丁目７番１号,2020-04-16,合同会社
大成冷熱株式会社,兵庫県宝塚市寿町５番１３号,2020-04-16,株式会社
宏心工業株式会社,熊本県八代市高小原町１３３７番地１,2020-04-16,株式会社
小椋食品株式会社,東京都大田区上池台１丁目７番１６－１０９号,2020-04-16,株式会社
成田エナジー株式会社,千葉県成田市囲護台２丁目２番地２,2020-04-16,株式会社
新仲松合資会社,沖縄県沖縄市比屋根６丁目２０番５－１０６号,2020-04-16,合資会社
日神パレステージ大宮中央　管理組合,埼玉県さいたま市大宮区下町１丁目６２－１,2020-04-16,その他
早津システム株式会社,新潟県新潟市西区小針西２丁目１０番１３号,2020-04-16,株式会社
東北医薬株式会社,福島県福島市蓬莱町６丁目９番１４号１０２号室,2020-04-16,株式会社
東源株式会社,岡山県津山市坪井上１１７０－１,2020-04-16,株式会社
株式会社あすなろ会もりの都,北海道茅部郡森町字森川町９９番地２,2020-04-16,株式会社
株式会社あすなろ会介護タクシーうらら,北海道茅部郡森町字森川町９９番地２,2020-04-16,株式会社
株式会社こぼり塗装,栃木県下都賀郡野木町大字丸林６２８番地１８,2020-04-16,株式会社
株式会社さくら,熊本県熊本市東区東本町１番９３号,2020-04-16,株式会社
株式会社しまうまプリント,東京都新宿区西新宿６丁目１６番６号,2020-04-16,株式会社
株式会社ちゃたん令和ガス,沖縄県中頭郡北谷町字宮城１番地１６６,2020-04-16,株式会社
株式会社つむぎ,滋賀県大津市真野１丁目２６番３０号,2020-04-16,株式会社
株式会社とるびおん,栃木県日光市鬼怒川温泉大原１０２１番地,2020-04-16,株式会社
株式会社みまた農園,京都府福知山市字生野１１０番地の１,2020-04-16,株式会社
株式会社れん,東京都杉並区浜田山４丁目１３番７号,2020-04-16,株式会社
株式会社アグリーンファーム,北海道虻田郡豊浦町字旭町６１番地１８,2020-04-16,株式会社
株式会社アックス,埼玉県三郷市泉１丁目２番地２７,2020-04-16,株式会社
株式会社アップテンポ,滋賀県守山市吉身５丁目１番１７号,2020-04-16,株式会社
株式会社アルティメス,東京都豊島区南大塚２丁目３９番１０号,2020-04-16,株式会社
株式会社アートＦＬＥＸ,神奈川県高座郡寒川町倉見１１３７番地,2020-04-16,株式会社
株式会社アールエイチ,静岡県浜松市中区葵西３丁目３番６８号,2020-04-16,株式会社
株式会社イーシングス,愛知県豊田市本新町４丁目３８番地,2020-04-16,株式会社
株式会社ウィズメーティス,兵庫県神戸市中央区御幸通２丁目１番２６号Ｍ＆Ｃビル５０５,2020-04-16,株式会社
株式会社エコ・ミリエー,大阪府大東市太子田２丁目１３番３号,2020-04-16,株式会社
株式会社エビス商事,福島県会津若松市町北町大字上荒久田字石尻２０９番地,2020-04-16,株式会社
株式会社エフテイクス,愛媛県松山市太山寺町甲５１５番地３,2020-04-16,株式会社
株式会社エフメディカルエクイップメント,福島県福島市蓬莱町２丁目３１番地の２７－１０１,2020-04-16,株式会社
株式会社エムズ都市開発,茨城県水戸市南町３丁目４番２０号エムズビル２０１,2020-04-16,株式会社
株式会社エンゲルラインプラス,愛知県津島市城山町１丁目１５番地,2020-04-16,株式会社
株式会社エンロール,神奈川県川崎市高津区溝口３丁目１番７号,2020-04-16,株式会社
株式会社エートス,鳥取県境港市新屋町４３０,2020-04-16,株式会社
株式会社オフィス吉浜,神奈川県足柄下郡湯河原町吉浜１９２１番地の６３,2020-04-16,株式会社
株式会社オフィスＵＤＡＧＡＷＡ,茨城県土浦市真鍋２丁目１番３９号,2020-04-16,株式会社
株式会社オリバージャパン,福島県いわき市内郷宮町竹之内５３番地１,2020-04-16,株式会社
株式会社カナン,茨城県つくば市花畑３丁目２１番地８サトウビル１０１号室,2020-04-16,株式会社
株式会社カラーリスタ,兵庫県伊丹市荒牧６丁目７番７号,2020-04-16,株式会社
株式会社キタカン,栃木県真岡市久下田西７丁目２５番地１,2020-04-16,株式会社
株式会社キャッツナイン,福島県福島市太田町１２番１３号,2020-04-16,株式会社
株式会社クレアシア,東京都世田谷区祖師谷３丁目４０番１８－４０１号,2020-04-16,株式会社
株式会社ケミカルエイジ,新潟県五泉市駅前１丁目３番３２号,2020-04-16,株式会社
株式会社ゴールド,神奈川県横浜市神奈川区新子安１丁目２番３－３７０５号,2020-04-16,株式会社
株式会社サカモトグループ,和歌山県西牟婁郡白浜町堅田２３９９番地の２７２,2020-04-16,株式会社
株式会社サプライズ２,東京都大田区山王１丁目３３番１７号,2020-04-16,株式会社
株式会社サプライズ３,東京都大田区山王１丁目３３番１７号,2020-04-16,株式会社
株式会社ダリアジェンヌ,兵庫県宝塚市上佐曽利字大瀬２３番地,2020-04-16,株式会社
株式会社チアフル,福岡県北九州市小倉北区鍛冶町１丁目１番１号東洋ビル５階,2020-04-16,株式会社
株式会社ティアラプランニング,広島県広島市東区山根町１８番３４号,2020-04-16,株式会社
株式会社トゥー・トゥー,北海道小樽市花園３丁目５番１号,2020-04-16,株式会社
株式会社トレジャーアイランド,東京都小平市小川町１丁目１１０１番地の３,2020-04-16,株式会社
株式会社ドムスクラフト,神奈川県横浜市鶴見区鶴見中央３丁目１０番２６－６０１号,2020-04-16,株式会社
株式会社ネオ・プラグマ,東京都荒川区町屋１丁目２８番１２号関口ビル１階,2020-04-16,株式会社
株式会社ハイテイク,栃木県宇都宮市雀宮町３９５番地５大島マンション７－３０１,2020-04-16,株式会社
株式会社ハローメイト,東京都港区赤坂６丁目１８－６,2020-04-16,株式会社
株式会社バウンスバック,東京都足立区竹の塚１丁目４番２０－１０１号,2020-04-16,株式会社
株式会社ビビンドソロ,福岡県福岡市西区生の松原１丁目１６番１号,2020-04-16,株式会社
株式会社ピチカート,埼玉県富士見市ふじみ野西１丁目１７番地８,2020-04-16,株式会社
株式会社ピット,愛知県安城市福釜町矢場１６番地５,2020-04-16,株式会社
株式会社ファーストクリエイト,福岡県行橋市行事８丁目６番１０号,2020-04-16,株式会社
株式会社フォーチュラス,栃木県栃木市岩舟町静和２１６５番地２,2020-04-16,株式会社
株式会社ブリッジ,千葉県市原市ちはら台南３丁目１番地１,2020-04-16,株式会社
株式会社プライム,埼玉県川口市芝新町４番２５号ＳＫハイツ芝新町１０１号室,2020-04-16,株式会社
株式会社ポム企画,栃木県鹿沼市下沢３４０－４,2020-04-16,株式会社
株式会社マネー・チャート,神奈川県横浜市中区尾上町３丁目３５番地横浜第一有楽ビル８階,2020-04-16,株式会社
株式会社ミサトクリエイト,和歌山県海草郡紀美野町毛原中１７１番地２,2020-04-16,株式会社
株式会社ユウアイコーポレーション,東京都新宿区四谷４丁目２番地１ミッドタウンコンド四谷１００３,2020-04-16,株式会社
株式会社ユーニードウチダ,熊本県熊本市中央区帯山３丁目１８番１５号,2020-04-16,株式会社
株式会社ライフ,東京都港区六本木７丁目１４番２３号,2020-04-16,株式会社
株式会社ラムネラボ,大阪府大阪市鶴見区今津北１丁目８番３３－１５１３号,2020-04-16,株式会社
株式会社ラヴァンヤ,東京都中央区京橋１丁目１番５号,2020-04-16,株式会社
株式会社リカバリー,福岡県行橋市大字入覚１５４５番地,2020-04-16,株式会社
株式会社リース２１,三重県伊勢市御薗町新開３４９番地,2020-04-16,株式会社
株式会社リーテック,沖縄県名護市字宮里４５２番２－１０２コーポあさひ,2020-04-16,株式会社
株式会社レガート,鳥取県東伯郡琴浦町大字三保３１５,2020-04-16,株式会社
株式会社ロココ,熊本県熊本市中央区帯山９丁目３番１０号,2020-04-16,株式会社
株式会社ロジスカイ,東京都新宿区歌舞伎町２丁目４１番１２号岡埜ビル７０２号,2020-04-16,株式会社
株式会社ワイ・アール・シー,宮城県仙台市宮城野区萩野町１丁目１２番地の４,2020-04-16,株式会社
株式会社三栄商事,宮城県加美郡加美町字町裏５０６番地１－１０３,2020-04-16,株式会社
株式会社令善舎,福島県郡山市富久山町八山田字尾池北３番地の９,2020-04-16,株式会社
株式会社伊藤工務店,埼玉県草加市清門３丁目５３番地５,2020-04-16,株式会社
株式会社博秀,神奈川県川崎市川崎区小田２丁目２番１号ＪＭテラス３－２０２,2020-04-16,株式会社
株式会社土岐総業,滋賀県愛知郡愛荘町目加田２０５８番地,2020-04-16,株式会社
株式会社塩川工業,福岡県北九州市戸畑区西大谷１丁目７番５号,2020-04-16,株式会社
株式会社境界測量,兵庫県神戸市垂水区東垂水町字菅ノ口６２６－４,2020-04-16,株式会社
株式会社大桑,埼玉県加須市南大桑７７８番地の２,2020-04-16,株式会社
株式会社宝島産業,栃木県宇都宮市下荒針町２４２９番地１,2020-04-16,株式会社
株式会社対馬地球大学,長崎県対馬市上県町佐護北里７６７番地,2020-04-16,株式会社
株式会社小坂エナジー,秋田県鹿角郡小坂町小坂字五十刈８番地５,2020-04-16,株式会社
株式会社小江戸ＦＭ,埼玉県川越市脇田町１７番地３ＪＯＹ０９ビルＢ館６Ｆ,2020-04-16,株式会社
株式会社愛功会,大阪府大阪市旭区森小路２丁目２－８,2020-04-16,株式会社
株式会社日本テクノロジー・コンサルティング＆サービス,東京都港区新橋４丁目３１番３号第３名和ビル,2020-04-16,株式会社
株式会社旭川畜産,北海道旭川市東鷹栖四線十三号,2020-04-16,株式会社
株式会社松元農園,宮崎県えびの市大字東長江浦１６５２番地１１５,2020-04-16,株式会社
株式会社柴原工務店,千葉県船橋市咲が丘４丁目１６番５５号,2020-04-16,株式会社
株式会社武士格者,福岡県京都郡みやこ町勝山黒田９５０番地１３,2020-04-16,株式会社
株式会社浄華文化,京都府京都市中京区壬生御所ノ内町２３番地４０,2020-04-16,株式会社
株式会社浅高急送,群馬県吾妻郡長野原町大字応桑１９８６番地６８,2020-04-16,株式会社
株式会社澤電,沖縄県島尻郡南風原町字新川２０８番地８,2020-04-16,株式会社
株式会社琥珀乃槍ＳＴＵＤＩＯ,静岡県駿東郡長泉町本宿１５１番地の１,2020-04-16,株式会社
株式会社真栄,青森県八戸市大字湊町字上中道１２番地１,2020-04-16,株式会社
株式会社石毛板金,千葉県野田市山崎新町２番地の２１,2020-04-16,株式会社
株式会社秀和,大阪府羽曳野市向野２丁目１５番４号,2020-04-16,株式会社
株式会社秀真環境開発,愛知県犬山市字佐ケ瀬３番地３３,2020-04-16,株式会社
株式会社空観エンジニアリング,神奈川県横浜市中区山下町８０番地３,2020-04-16,株式会社
株式会社美たに,宮城県石巻市万石町２番２０号,2020-04-16,株式会社
株式会社菅谷農産,栃木県真岡市下籠谷２６２番地１,2020-04-16,株式会社
株式会社蔵屋敷,埼玉県川口市朝日１丁目１番３２－６０９号,2020-04-16,株式会社
株式会社西武漏水調査,東京都東村山市青葉町１丁目５番地２４,2020-04-16,株式会社
株式会社那須不動産管理,東京都足立区古千谷本町４丁目７番１４号,2020-04-16,株式会社
株式会社雄建,大阪府羽曳野市駒ケ谷１１９９番地,2020-04-16,株式会社
株式会社１０９６９,東京都世田谷区下馬３丁目１０番５－２０５号,2020-04-16,株式会社
株式会社２４ｔａｍａｌａｎｄｓｃａｐｅ,東京都青梅市新町９丁目２０１６番地の１０ヴェレーナ青梅新町３２９号,2020-04-16,株式会社
株式会社３Ｍ,埼玉県さいたま市浦和区岸町７丁目８番１１－７０４号,2020-04-16,株式会社
株式会社Ａ．Ｃ．Ａ,埼玉県春日部市梅田１丁目７番２５号,2020-04-16,株式会社
株式会社Ａ．Ｈ．Ｋ‐ＴＲＡＤＩＮＧ,栃木県小山市大字北飯田１５７番地,2020-04-16,株式会社
株式会社ＡＬＷ,北海道伊達市鹿島町５４番地２,2020-04-16,株式会社
株式会社ＡＳＫ農・福,大阪府河内長野市南花台１丁目２０番２号,2020-04-16,株式会社
株式会社ＡｌｇｏＱｕａｄ,大阪府大阪市淀川区西中島５丁目６－３チサンマンション第２新大阪１１０４号,2020-04-16,株式会社
株式会社Ａｒｕ　Ｎｅｔｗｏｒｋｓ,三重県松阪市垣鼻町１０８５番地１,2020-04-16,株式会社
株式会社ＢＥ　ＦＲＥＥ,岐阜県岐阜市宇佐南３丁目１０番１号,2020-04-16,株式会社
株式会社ＢＩＴ　Ｒｅｔａｉｌ＆Ｒｅｓｔａｕｒａｎｔ,東京都新宿区新宿５丁目１１番２２号,2020-04-16,株式会社
株式会社ＢＬＯＯＭ,東京都新宿区富久町１５番１－７２１号,2020-04-16,株式会社
株式会社Ｃｌｏｔｈｅｓ　Ｏｐｅｒａｔｉｏｎ,東京都渋谷区渋谷３丁目２６番１６号第五叶ビル５階,2020-04-16,株式会社
株式会社ＤＢＯ,東京都港区赤坂１丁目３番５号,2020-04-16,株式会社
株式会社Ｅａｒｔｈ,三重県尾鷲市南陽町３番３０号,2020-04-16,株式会社
株式会社Ｆｕｗａｌｙ,東京都渋谷区桜丘町２３番１７号シティコート桜丘４０８,2020-04-16,株式会社
株式会社ＧＲＯＷ,東京都新宿区四谷１丁目１３番１５ＵＲＢＡＮＥＢＵＩＬＤＩＮＧＳＡＫＡＳ８Ｃ棟,2020-04-16,株式会社
株式会社ＧａＧａ,北海道札幌市東区北二十三条東１０丁目３番１９号カウニスコティ４０５,2020-04-16,株式会社
株式会社Ｇｌｏｃａｌ　Ｋ,福岡県福岡市中央区長浜１丁目１番１号ＫＢＣビル１階,2020-04-16,株式会社
株式会社Ｇｒｏｗ　ｗｏｒｋｓ,神奈川県横浜市青葉区寺家町８番地１,2020-04-16,株式会社
株式会社ＨＡＨＡＨＡ,東京都荒川区南千住２丁目２３番地９号,2020-04-16,株式会社
株式会社ＨＡＬＥ,東京都渋谷区代々木３丁目１番１１号,2020-04-16,株式会社
株式会社ＨＨＫ,東京都葛飾区柴又６丁目９－１３,2020-04-16,株式会社
株式会社ＨＭＴＴ,京都府京都市伏見区三栖町２丁目８１５番地７,2020-04-16,株式会社
株式会社Ｉｎｆｉｎｉｔｙ,愛知県名古屋市中区新栄１丁目１６番２号磯野ビル３Ｆ,2020-04-16,株式会社
株式会社Ｋ－ＮＥＸＴ,京都府長岡京市久貝２丁目３番８４号,2020-04-16,株式会社
株式会社ＫＯＤＯ　ＩＳＨＩＮ,茨城県つくば市研究学園６丁目３８番地１４,2020-04-16,株式会社
株式会社ＫＹＡＭ,福岡県田川市新町２３番５２号,2020-04-16,株式会社
株式会社ＫｉｄａＤｅｎ,京都府長岡京市西の京１２番地３,2020-04-16,株式会社
株式会社Ｌａｓо　ｃоｍｐａｎｙ,岡山県岡山市南区芳泉３丁目４番２号,2020-04-16,株式会社
株式会社Ｌｅａｆ　ａｉｒ,東京都昭島市上川原町１丁目２４番２号,2020-04-16,株式会社
株式会社Ｍ＆Ｌ,神奈川県川崎市宮前区鷺沼１丁目２３番地７ルファール４０２号室,2020-04-16,株式会社
株式会社ＭＫＳ,北海道北斗市追分３丁目４番６号,2020-04-16,株式会社
株式会社ＭＵＳＩＣ　ＤＯＮＵＴ,東京都国立市中２丁目１２番地の１,2020-04-16,株式会社
株式会社ＭＷＣ,滋賀県栗東市荒張９９６番地３１０,2020-04-16,株式会社
株式会社ＮＡＫＡＺＯＲＡ,東京都目黒区八雲３丁目１２番１０号パークヴィラ５Ｆ,2020-04-16,株式会社
株式会社ＮＥＳ,沖縄県那覇市西２丁目５番２号１階,2020-04-16,株式会社
株式会社Ｏｈｌａｌａｌａ,東京都江東区豊洲３丁目６番５－１３１５号,2020-04-16,株式会社
株式会社Ｏｎｅ　Ｔｅａｍ,広島県三原市城町１丁目１２番１号,2020-04-16,株式会社
株式会社ＰＩＣＴＯＮ,千葉県千葉市緑区あすみが丘９丁目２４番地１１,2020-04-16,株式会社
株式会社ＰＵＬＰＯ,愛知県清須市阿原宮前２０２番地ルチアーノ３０２,2020-04-16,株式会社
株式会社Ｒｖ．マネジメント,栃木県下都賀郡壬生町大字北小林１５７番地２,2020-04-16,株式会社
株式会社ＳＡＭＡＤ・ＴＲＡＤＩＮＧ,栃木県佐野市上羽田町６９５番地１,2020-04-16,株式会社
株式会社ＳＡＳＡＫＩ　ＨＯＬＤＩＮＧＳ,宮城県宮城郡利府町中央１丁目８番地１号,2020-04-16,株式会社
株式会社ＳＴＹＬＥ　ＬＡＢＥＬ,東京都目黒区中町１丁目２６番１１号,2020-04-16,株式会社
株式会社Ｓｏｒａｃｉｅｂｌａｎｃａ,埼玉県さいたま市南区内谷１丁目１２番１－６０３号,2020-04-16,株式会社
株式会社Ｔ＆Ａ　Ｈｏｍｅ,神奈川県中郡大磯町国府本郷３１０番地１－１Ｆ,2020-04-16,株式会社
株式会社Ｔ＆Ｙコーポレーション,大阪府大阪市生野区勝山南３丁目１１番２１号,2020-04-16,株式会社
株式会社ＴＡＫＡＩ　ＣＯＲＰＯＲＡＴＩＯＮ,兵庫県神戸市中央区布引町２丁目１番４号,2020-04-16,株式会社
株式会社ＴＩＮＧ　ＦＵＮＧ　ＪＡＰＡＮ,山梨県南アルプス市吉田９２１番地,2020-04-16,株式会社
株式会社ＴＫ物流,福島県福島市東中央１丁目３４番地の４,2020-04-16,株式会社
株式会社ＴＮＫコーポレーション,大阪府大阪市東住吉区桑津５丁目１０番３号,2020-04-16,株式会社
株式会社Ｔｂｏｏｋ,東京都渋谷区元代々木町２８番１号アドウェル１０１,2020-04-16,株式会社
株式会社Ｔｅｔｓｕｙａ,兵庫県養父市八鹿町伊佐６１番地１,2020-04-16,株式会社
株式会社ＵＢＥＲ　ＨＡＮＤＳ,埼玉県さいたま市岩槻区大字長宮１０４１番地９,2020-04-16,株式会社
株式会社ＵＧｃｏｍｐａｎｙ,広島県呉市広大新開１丁目１番３号,2020-04-16,株式会社
株式会社ＺＥＬＯＮＥＳ．ＨＤ,東京都昭島市上川原町２丁目１２番１４号ｓｉｌｖａｃｏｕｒｔ４Ｃ,2020-04-16,株式会社
株式会社ＺＥＲＯＭ,三重県津市美里町家所１７９０番地,2020-04-16,株式会社
株式会社ａｍｉ,熊本県熊本市北区龍田２丁目３３番５号,2020-04-16,株式会社
株式会社ａｎｄ　ｓｅａｓｏｎ,大阪府大阪市城東区成育１丁目２番１１号１階２号,2020-04-16,株式会社
株式会社ｃｕｏｒｅ,大阪府東大阪市衣摺５丁目４番２３号,2020-04-16,株式会社
株式会社ｅｎｉｓｈｉ,岡山県岡山市北区下伊福２丁目７番２０号,2020-04-16,株式会社
株式会社ｊｏｉｎｉｎｇ,東京都日野市多摩平２丁目５番地１号,2020-04-16,株式会社
株式会社ｋｉｔｅｎ,長野県東御市田中７４６番地２,2020-04-16,株式会社
株式会社ｍａｒｉｃｏｍｍｏｎ,東京都世田谷区上祖師谷１丁目２８番９号,2020-04-16,株式会社
株式会社ｎｉｋｏ,神奈川県横浜市泉区弥生台１１番地１,2020-04-16,株式会社
株式会社ｎｉｎａ,兵庫県南あわじ市賀集立川瀬９１７番地,2020-04-16,株式会社
株式会社ｕｎｉｖｅｒｓｅ,大阪府大阪市中央区南本町４丁目３番１６－１９０７号,2020-04-16,株式会社
梅乃宿ホールディングス株式会社,奈良県葛城市東室２７番地,2020-04-16,株式会社
森田工業株式会社,新潟県北蒲原郡聖籠町大字諏訪山１６０３番地１,2020-04-16,株式会社
楽鑫株式会社,東京都北区田端新町１丁目７番１４号ビズフィールド西日暮里１０３,2020-04-16,株式会社
海隆産業株式会社,大阪府南河内郡河南町大字一須賀４７２番地の１,2020-04-16,株式会社
滉真株式会社,大阪府東大阪市俊徳町５丁目１番２６号,2020-04-16,株式会社
特定非営利活動法人いちはら市民活動協議会,千葉県市原市能満１０２０番地の１,2020-04-16,その他の設立登記法人
特定非営利活動法人せいじゅんたすけあいこども食堂,奈良県大和郡山市筒井町１５９８番地,2020-04-16,その他の設立登記法人
特定非営利活動法人だいじ,栃木県下野市緑６丁目２５番地６,2020-04-16,その他の設立登記法人
特定非営利活動法人ライフアクティブクラブ,大阪府堺市堺区熊野町東４丁４番２４号,2020-04-16,その他の設立登記法人
特定非営利活動法人リエゾンブリッジ,東京都武蔵野市八幡町１丁目３番１０号アーバン八幡１階,2020-04-16,その他の設立登記法人
特定非営利活動法人個人情報管理・規程整備アドバイザー,大阪府豊中市小曽根４丁目１２番９号,2020-04-16,その他の設立登記法人
特定非営利活動法人子育てサロンすくすく,東京都江東区東砂５丁目５番９号本郷ハイツ１０１号,2020-04-16,その他の設立登記法人
特定非営利活動法人所沢元気塾,埼玉県所沢市東所沢和田３丁目２４番地の１１,2020-04-16,その他の設立登記法人
特定非営利活動法人映画教育振興会,埼玉県川口市大字里１５３番地,2020-04-16,その他の設立登記法人
特定非営利活動法人ＳｍｉｌｅＲｅｓｏｕｒｃｅ,千葉県松戸市旭町４丁目１１４０番地３,2020-04-16,その他の設立登記法人
神無限株式会社,愛知県岡崎市井田町字南２２番地,2020-04-16,株式会社
第一グループ株式会社,埼玉県川口市江戸３丁目１９番１４号,2020-04-16,株式会社
翔輝総建合同会社,神奈川県大和市西鶴間６丁目２４番３号,2020-04-16,合同会社
行政書士法人ｏｎｅ,愛知県名古屋市南区平子１丁目１番６号,2020-04-16,その他の設立登記法人
金山建装株式会社,福岡県北九州市小倉南区蜷田若園３丁目５番６号,2020-04-16,株式会社
電力プランニング合同会社,神奈川県川崎市麻生区王禅寺東４丁目３７番２７号,2020-04-16,合同会社
駿河台アセット合同会社,東京都板橋区小豆沢２丁目３３番１２－７０７号,2020-04-16,合同会社
鼎晟産業株式会社,大阪府八尾市小畑町２丁目１８番地の４０,2020-04-16,株式会社
Ａ・Ｆａｍｉｌｙ株式会社,東京都練馬区桜台３丁目３６番１号,2020-04-16,株式会社
ＡｎｔＣｏｌｏｎｙ合同会社,東京都港区南青山６丁目７番１３－２０１号,2020-04-16,合同会社
Ａｓｓｉｓｔ　ｐｌｕｓ合同会社,栃木県佐野市吉水駅前１丁目５番地２４,2020-04-16,合同会社
ＣＶ．ｌａｂ合同会社,東京都大田区千鳥２丁目１７－２,2020-04-16,合同会社
ＥＣＨＯ合同会社,神奈川県川崎市宮前区宮崎１丁目５番地２３峯尾ビルＢ棟４０８,2020-04-16,合同会社
ＥＧＳ株式会社,東京都板橋区大山西町５番１号,2020-04-16,株式会社
Ｆｏｒｔ株式会社,千葉県市川市原木２丁目１３番２０号サンベルジュⅡＢ棟,2020-04-16,株式会社
ＧＩＯマネージメント株式会社,東京都港区赤坂６丁目１８－６,2020-04-16,株式会社
ＧｌｏｂａｌＶｉｅｗ　Ｔｅｃｈｎｏｌｏｇｙ合同会社,神奈川県川崎市高津区久地４丁目２７番３－４１０号セボンコリネールエストエール,2020-04-16,合同会社
ＨＦＫＫ．Ａｓｓｅｔ　Ｄｅｓｉｇｎ合同会社,愛知県名古屋市天白区表山２丁目３０１番地（八事アインス１２０１号）,2020-04-16,合同会社
Ｉ．Ｍ．Ａクリーン産業株式会社,埼玉県さいたま市南区辻２丁目１２番１３号,2020-04-16,株式会社
ＩＨＡ合同会社,東京都板橋区南常盤台１丁目１１－６レフア南常盤台１０１号室,2020-04-16,合同会社
ＩＴＯリードアセット合同会社,兵庫県三田市けやき台３丁目７８番地９７,2020-04-16,合同会社
ＫＯＮＯＹＯ株式会社,東京都豊島区南長崎３丁目４０番１４号,2020-04-16,株式会社
ＫＹＯＴＯ．ＬＡＮＤＭＡＲＫ株式会社,京都府京都市中京区新京極通蛸薬師下る東側町５０１番地３松やビル２階,2020-04-16,株式会社
Ｋａｆｕ株式会社,東京都港区南青山３丁目８番４０号青山センタービル２Ｆ、ＴＨＥ・ＨＵＢ南青山２０７,2020-04-16,株式会社
Ｌｉｌａｖ株式会社,東京都杉並区成田東２丁目３１番１７号,2020-04-16,株式会社
ＭＳプラネット株式会社,愛知県名古屋市守山区鳥羽見３丁目６番２４号,2020-04-16,株式会社
Ｍｅｄ　Ｐｏｒｔａｌ株式会社,神奈川県横浜市南区六ツ川１丁目６９３番地７３,2020-04-16,株式会社
Ｎ・Ｓミライズ株式会社,三重県四日市市みゆきケ丘２丁目１５０４番地２９,2020-04-16,株式会社
ＮＩＰＳＡ株式会社,宮城県名取市ゆりが丘１丁目５番地の５,2020-04-16,株式会社
ＮＫテック合同会社,山口県岩国市三笠町２丁目４番４２－２０２号,2020-04-16,合同会社
ＲＩＣＥ合同会社,三重県亀山市みずほ台１４番地１５９,2020-04-16,合同会社
ＳＡＣ香港株式会社,東京都板橋区双葉町２６番１６号,2020-04-16,株式会社
ＳＡＫＵＲＡＥ株式会社,茨城県つくば市榎戸７８３番地１２,2020-04-16,株式会社
ＳＮＢコンサルティング合同会社,兵庫県西宮市段上町４丁目１０番５－５１２号,2020-04-16,合同会社
Ｔ＆Ａグローバル株式会社,東京都杉並区高円寺北３丁目３１番１８号コーポサユキ３０１号,2020-04-16,株式会社
Ｕｎｉｔｙ株式会社,広島県広島市西区三滝町４番９号,2020-04-16,株式会社
ＶＩＥＴ　ＮＨＡＴ株式会社,愛知県名古屋市中村区十王町２１番５号,2020-04-16,株式会社
ＷｅｓｔＶｉｌｌａｇｅ株式会社,広島県広島市安佐北区狩留家町１０２番地１,2020-04-16,株式会社
Ｙアール株式会社,北海道札幌市東区北四十三条東４丁目２番１６号,2020-04-16,株式会社
ｉＤｒｏｎｅ　Ｔｅｃｈｎｏｌｏｇｉｅｓ株式会社,東京都千代田区一番町６番相模屋本社ビル７Ｆ,2020-04-16,株式会社
ｒｉｓｅ株式会社,東京都港区南麻布３丁目２０－１ＤＡＩＷＡ麻布テラス５階,2020-04-16,株式会社
あすな株式会社,鹿児島県鹿児島市原良７丁目１０番３号,2020-04-17,株式会社
いずみ合同会社,茨城県土浦市摩利山新田４３０番地３１,2020-04-17,合同会社
えあろんワークス合同会社,兵庫県神戸市東灘区住吉本町３丁目１０番６号,2020-04-17,合同会社
さくら構造システム株式会社,千葉県佐倉市西ユーカリが丘４丁目１番地１０,2020-04-17,株式会社
ななみ株式会社,東京都大田区南久が原１丁目１２番１２－１号,2020-04-17,株式会社
みらいＪＯＹ株式会社,神奈川県横浜市港南区丸山台４丁目４番７号,2020-04-17,株式会社
アイギス株式会社,埼玉県坂戸市大字戸宮４８２番地２,2020-04-17,株式会社
アジアパシフィックトレード株式会社,東京都中央区八丁堀３丁目６番５号八丁堀佐野ビル３０１号,2020-04-17,株式会社
アスター合同会社,大阪府大阪市西区京町堀１丁目３番１３号５階,2020-04-17,合同会社
アセンションテラス合同会社,東京都八王子市平岡町３６－７,2020-04-17,合同会社
アテナユナイテッド合同会社,北海道札幌市豊平区旭町６丁目１番１０－７０２号,2020-04-17,合同会社
アリゲーター株式会社,東京都港区赤坂４丁目５番１９号,2020-04-17,株式会社
イセテン株式会社,東京都文京区本郷３丁目４３番１３号南江堂第２ビル３Ｆ,2020-04-17,株式会社
ウッドリバー合同会社,岐阜県羽島郡岐南町野中６丁目１１番地,2020-04-17,合同会社
エービーフーズ株式会社,鹿児島県鹿児島市上荒田町３２番５号,2020-04-17,株式会社
オフィスナカタ合同会社,東京都新宿区新宿３丁目２０番５号新光第二ビル６階,2020-04-17,合同会社
オーカス株式会社,静岡県浜松市中区大工町１１１番地,2020-04-17,株式会社
グローバル人材協同組合,熊本県八代郡氷川町鹿野８２３番地１,2020-04-17,その他の設立登記法人
ケンコンサルティング株式会社,東京都渋谷区恵比寿１丁目３３番１０－５０１号,2020-04-17,株式会社
サッコシステムジャパン株式会社,東京都渋谷区恵比寿西２丁目２番６号,2020-04-17,株式会社
スタートアップ・ブレイン株式会社,千葉県佐倉市六崎１１６３－１,2020-04-17,株式会社
セイシン株式会社,東京都大田区西蒲田５丁目１１番９号,2020-04-17,株式会社
ソフト通信株式会社,東京都千代田区岩本町３丁目５番２号,2020-04-17,株式会社
タカイ設備株式会社,群馬県伊勢崎市境伊与久２５４番地１,2020-04-17,株式会社
タジマ電産株式会社,埼玉県さいたま市中央区鈴谷４丁目７番８－４０９号,2020-04-17,株式会社
ツカノマジャパン合同会社,東京都品川区大井５丁目１１番３号,2020-04-17,合同会社
トゥルーバ沖縄株式会社,沖縄県那覇市松尾１丁目１０番２４号,2020-04-17,株式会社
ネクサス総合開発株式会社,香川県高松市仏生山町甲４０番地１,2020-04-17,株式会社
ハウオリ不動産株式会社,三重県四日市市浮橋１丁目１８番地８,2020-04-17,株式会社
フォーサイト・コンサルティング株式会社,東京都渋谷区神南１丁目３番１号,2020-04-17,株式会社
フロンティアコーポレーション合同会社,岩手県紫波郡紫波町草刈字中嶋６５番地１,2020-04-17,合同会社
フロンティア株式会社,東京都小平市鈴木町１丁目５１４番地の９,2020-04-17,株式会社
ベルク合名会社,京都府京都市南区久世殿城町４６８番地,2020-04-17,合名会社
ポジラボ合同会社,福岡県福岡市中央区今泉１丁目３番２３－４０４号,2020-04-17,合同会社
マインドフルクイックリード株式会社,大阪府大阪市淀川区新北野３丁目１１番１９号サンプラザ新北野Ａ棟４０１号,2020-04-17,株式会社
マンファン株式会社,東京都板橋区志村３丁目１７番２１号,2020-04-17,株式会社
ミライト株式会社,東京都品川区東五反田３丁目１番４号,2020-04-17,株式会社
ミロク合同会社,大阪府大阪市浪速区日本橋東１丁目９－９日本橋松江マンション１階,2020-04-17,合同会社
ヤマサＭＩＲＡＩ株式会社,大阪府八尾市龍華町１丁目４番２－７１８号,2020-04-17,株式会社
ライフテラス合同会社,愛知県江南市高屋町旭９２番地１,2020-04-17,合同会社
リンクスエイチアールジャパン株式会社,東京都港区虎ノ門１丁目１０番５号ＫＤＸ虎ノ門８階,2020-04-17,株式会社
レバレジーズＭ＆Ａアドバイザリー株式会社,東京都渋谷区渋谷２丁目２４番１２号,2020-04-17,株式会社
ワーカーズ・コレクティブ　プランズＥＰＯ,北海道札幌市西区発寒九条１３丁目１－１０生活クラブ生協本部内,2020-04-17,その他
一般社団法人がらまんじゃく沖縄,沖縄県国頭郡金武町字金武１０５０７番地４,2020-04-17,その他の設立登記法人
一般社団法人たくせん,長野県長野市大字栗田８５０番地,2020-04-17,その他の設立登記法人
一般社団法人ちぇんじ,沖縄県那覇市樋川１丁目７番１６号,2020-04-17,その他の設立登記法人
一般社団法人ふるさと人材交流支援機構,埼玉県川越市仲町７番３号,2020-04-17,その他の設立登記法人
一般社団法人やなぜ空き家ねっと,富山県砺波市柳瀬５７３番地,2020-04-17,その他の設立登記法人
一般社団法人エヴァセラピー協会,東京都港区元赤坂１丁目７番１０号元赤坂ビル９Ｆ,2020-04-17,その他の設立登記法人
一般社団法人ゴルフトライアスロン協会,神奈川県平塚市松風町２５番４０号,2020-04-17,その他の設立登記法人
一般社団法人スピリチュアルケア在宅臨床センター,大阪府大阪市住吉区墨江４丁目１５番１５号,2020-04-17,その他の設立登記法人
一般社団法人ニセコ,東京都千代田区霞が関３丁目２番５号,2020-04-17,その他の設立登記法人
一般社団法人不動資産研究会,東京都中央区日本橋茅場町２丁目１０番１０号,2020-04-17,その他の設立登記法人
一般社団法人再生医療総合研究所,東京都小平市仲町２５８番地の１４,2020-04-17,その他の設立登記法人
一般社団法人外国人労働者活躍推進協議会,愛知県名古屋市中区錦１丁目１６番地１４号,2020-04-17,その他の設立登記法人
一般社団法人学習サポート・スコラ,神奈川県横須賀市上町１丁目４４番１４号,2020-04-17,その他の設立登記法人
一般社団法人愛媛県自立支援協会,愛媛県松山市味酒町２丁目１３番地３４,2020-04-17,その他の設立登記法人
一般社団法人日本アニメーション教育ネットワーク,神奈川県横浜市中区本町４丁目４４番地東京藝術大学大学院映像研究科アニメーション専攻内,2020-04-17,その他の設立登記法人
一般社団法人日本社外監査役協会,東京都町田市森野２丁目２７番１７号ＢＣ２０５,2020-04-17,その他の設立登記法人
一般社団法人日本臨床耳鼻咽喉科医会,東京都港区高輪３丁目２５番２２号,2020-04-17,その他の設立登記法人
一般社団法人篠田守男現代アート研究会,茨城県つくば市小野崎８８番地２２,2020-04-17,その他の設立登記法人
一般社団法人鋼製グレーチング工業会,東京都江東区亀戸２丁目１８番１０号住友生命亀戸駅前ビル６Ｆ,2020-04-17,その他の設立登記法人
一般社団法人ＡＹ　Ｌｉｂｅｒｔｙ,富山県高岡市野村５０３番地,2020-04-17,その他の設立登記法人
一般社団法人ＩＴビジネスコミュニケーション協会,東京都新宿区新宿６丁目２７番３０号,2020-04-17,その他の設立登記法人
一般社団法人Ｓメガソーラー２,東京都千代田区神田淡路町１丁目１９番１号響税理士法人内,2020-04-17,その他の設立登記法人
一般社団法人ＳＷＩＴＣＨ　Ｌａｂｏ．,愛知県名古屋市千種区内山１丁目２３番２８号Ｇｅｎｅｒｏｕｓ９０６号,2020-04-17,その他の設立登記法人
一般社団法人ｓｐｏｄｓ,東京都港区芝４丁目３番２号三田富洋ハイツ４１４号室,2020-04-17,その他の設立登記法人
一般財団法人浅草花街伎芸振興財団,東京都台東区浅草３丁目３３番５号,2020-04-17,その他の設立登記法人
一般財団法人Ｑｕａｌｉｔｙ,東京都大田区昭和島２丁目４番２号,2020-04-17,その他の設立登記法人
万有算力株式会社,大阪府大阪市住吉区長居１丁目１５番１７号,2020-04-17,株式会社
三和商事株式会社,岐阜県大垣市浅草１丁目２１５番地,2020-04-17,株式会社
介護タクシー虹合同会社,東京都品川区小山６丁目１３番１７号,2020-04-17,合同会社
佐治家株式会社,東京都豊島区西池袋１丁目３１－５白井ビル３－１,2020-04-17,株式会社
保険ウェーブ合同会社,福岡県糟屋郡須惠町大字植木６１０－４,2020-04-17,合同会社
共栄吉野住宅株式会社,和歌山県和歌山市松江北２丁目５番１号,2020-04-17,株式会社
医療法人マハロ,沖縄県沖縄市園田３丁目８番２７号,2020-04-17,その他の設立登記法人
医療法人山浦会,長野県上田市長瀬３４４１番地４,2020-04-17,その他の設立登記法人
医療法人社団春佳会,神奈川県横浜市磯子区森３丁目１９番２７号１階,2020-04-17,その他の設立登記法人
医療法人社団時能会,石川県羽咋市鶴多町亀田２－１,2020-04-17,その他の設立登記法人
医療法人社団泰英会,埼玉県越谷市レイクタウン６丁目１番地９,2020-04-17,その他の設立登記法人
医療法人社団浅井歯科医院,新潟県新潟市中央区大島４０番地１,2020-04-17,その他の設立登記法人
医療法人社団ＭＫＲ,神奈川県相模原市緑区橋本２丁目４番７号ＫＴＳビル２０１号室,2020-04-17,その他の設立登記法人
千杜プランニング株式会社,宮城県仙台市若林区六丁の目西町２番２８－２１２号,2020-04-17,株式会社
千歳商事株式会社,愛知県小牧市大字三ツ渕字南播州１２４５番地１,2020-04-17,株式会社
千葉県農業共済組合,千葉県千葉市中央区新千葉３丁目２番６号千葉県農業会館内,2020-04-17,その他の設立登記法人
合同会社かもめ通信社,岡山県高梁市和田町４０７５番地３,2020-04-17,合同会社
合同会社きらきらひかる,大阪府豊中市新千里東町１丁目４－１－８Ｆ,2020-04-17,合同会社
合同会社たいよう,愛知県名古屋市港区品川町２丁目４５番地の８,2020-04-17,合同会社
合同会社よろずや,和歌山県和歌山市関戸３丁目４番２３号,2020-04-17,合同会社
合同会社アイコン１２１,埼玉県吉川市栄町７５９番地１グリーンハイツＹ２０１号,2020-04-17,合同会社
合同会社アキコーポレーション,沖縄県沖縄市宮里４丁目２番６号當銘開発１０１－Ａ,2020-04-17,合同会社
合同会社アネティス,埼玉県さいたま市中央区上峰３丁目１０番１号,2020-04-17,合同会社
合同会社アルバベンティ,静岡県静岡市清水区島崎町６番３８号,2020-04-17,合同会社
合同会社オフィス末広,東京都中央区銀座７丁目１３番６号サガミビル２階,2020-04-17,合同会社
合同会社カムラッドスキル,長崎県対馬市厳原町久田３７２番地１３,2020-04-17,合同会社
合同会社カーズ,北海道岩見沢市日の出台３丁目４番３号,2020-04-17,合同会社
合同会社キリン,愛知県岡崎市滝町字外浦２９０番地,2020-04-17,合同会社
合同会社サザンクロス,愛知県東海市名和町後酉１９番地,2020-04-17,合同会社
合同会社サニーブル,広島県広島市安芸区矢野西５丁目２４番２０号,2020-04-17,合同会社
合同会社サンクリッジ,愛知県豊川市四ツ谷町３丁目８４番地１,2020-04-17,合同会社
合同会社ソフィアプランナーズ,東京都港区南青山６丁目７番８－１００１号,2020-04-17,合同会社
合同会社テック・オフィス,長野県下伊那郡松川町元大島３２０８番地２３,2020-04-17,合同会社
合同会社デポルターレ,東京都中央区新川２丁目７番４－３０６号,2020-04-17,合同会社
合同会社ハンドレット,北海道札幌市中央区大通西１５丁目３番地１２大通西ビル２０３,2020-04-17,合同会社
合同会社ビオアンナ,東京都世田谷区池尻４丁目８番１－８０６号,2020-04-17,合同会社
合同会社ピクニック,新潟県柏崎市松波２丁目１番６号,2020-04-17,合同会社
合同会社ピナカ,岐阜県恵那市長島町正家５１６番地１シャテロウエスト２０２,2020-04-17,合同会社
合同会社フォルゴーレ,大阪府寝屋川市香里南之町７－２,2020-04-17,合同会社
合同会社ペイフォワード,大阪府豊中市東寺内町１４番１－１０１号,2020-04-17,合同会社
合同会社ペルシード,大阪府大阪市城東区蒲生２丁目４－１８キャピタル京橋２０３号室,2020-04-17,合同会社
合同会社マリセアージュ,東京都品川区東品川４丁目１１番３６－８１１号,2020-04-17,合同会社
合同会社メロークラブ,東京都渋谷区千駄ヶ谷２丁目３７番８号五月女ビル６０５号室,2020-04-17,合同会社
合同会社リンツ・コーポレーション,東京都世田谷区玉川２丁目１９番３－５０１号,2020-04-17,合同会社
合同会社加美,宮城県気仙沼市唐桑町荒谷前５８番地,2020-04-17,合同会社
合同会社大樹,東京都目黒区目黒４丁目１７番２３号,2020-04-17,合同会社
合同会社学びの泉,愛知県岡崎市矢作町字北河原１番地,2020-04-17,合同会社
合同会社宮崎アソシエーツ,東京都町田市金井２丁目３４番地１３,2020-04-17,合同会社
合同会社未来,京都府京都市左京区岩倉忠在地町１１番地２２,2020-04-17,合同会社
合同会社梛,長野県長野市青木島町綱島４４７番地４,2020-04-17,合同会社
合同会社湊地区発電所,香川県三豊市高瀬町上麻乙２６８番地１,2020-04-17,合同会社
合同会社琉球自工,沖縄県国頭郡宜野座村字松田２４４０番地,2020-04-17,合同会社
合同会社福郷,静岡県富士市今泉２５０８番地の４シティハイムサン一の宮Ａ－２０１号,2020-04-17,合同会社
合同会社結人,茨城県猿島郡境町大字一ノ谷４３２,2020-04-17,合同会社
合同会社羽生インベストメント,東京都港区虎ノ門２丁目１０番１号株式会社シーアールイー内,2020-04-17,合同会社
合同会社羽音,山口県山口市阿東篠目１３７２番地４,2020-04-17,合同会社
合同会社高玉運輸,福島県南相馬市鹿島区北海老字大森９４番地の１,2020-04-17,合同会社
合同会社１０７,岐阜県大垣市鶴見町２６５番地１藤沢荘３０２,2020-04-17,合同会社
合同会社ＣＯＷ,東京都新宿区大久保２丁目６番１６号,2020-04-17,合同会社
合同会社Ｃｏｎｎｅｃｔｏｄａｙ,静岡県浜松市浜北区染地台２丁目３２番３号,2020-04-17,合同会社
合同会社Ｄ．Ｋ　ＥＮＴＥＲＰＲＩＳＥＳ,千葉県白井市根１８７１番地５３,2020-04-17,合同会社
合同会社ＤＡＷＮ,東京都新宿区新宿１丁目３６番２号新宿第七葉山ビル３階,2020-04-17,合同会社
合同会社ＥＭＳ,愛知県岡崎市上六名３丁目９番地１５２,2020-04-17,合同会社
合同会社Ｆ‐ＢＯＸ,宮城県気仙沼市弁天町１丁目７番２７号,2020-04-17,合同会社
合同会社ＦＰ経営コンサルテイング,福岡県北九州市小倉北区真鶴１丁目５番１－７０２号,2020-04-17,合同会社
合同会社ＨＩＦＵＭＩ,福島県いわき市小名浜岡小名２丁目６番地の２,2020-04-17,合同会社
合同会社ＨＯＲＩＫＥＮ,広島県広島市安佐南区八木４丁目３４番４－２０１号,2020-04-17,合同会社
合同会社ＫＳプランニング,大分県大分市顕徳町３丁目１番１２－８０３号（エイリックスタイル顕徳ザ・テラス）,2020-04-17,合同会社
合同会社ＬＡＰＰＹ,千葉県松戸市五香７丁目４７番地の１２,2020-04-17,合同会社
合同会社Ｌｉｆｅ　Ｓｔｙｌｅ,大阪府吹田市五月が丘南１番３６号２０１,2020-04-17,合同会社
合同会社Ｎｏｖｅｌ　Ｌａｂ,埼玉県本庄市児玉町児玉１４０６番地１,2020-04-17,合同会社
合同会社Ｏｈａｎａ,東京都新宿区市谷田町３丁目１番５号,2020-04-17,合同会社
合同会社Ｐ．Ｄ．Ｓ　Ｉｎｔｅｒｎａｔｉｏｎａｌ,千葉県船橋市小野田１５０６－Ａ,2020-04-17,合同会社
合同会社ＰＥＡＣＥ,長崎県南島原市深江町丁４０７２番地,2020-04-17,合同会社
合同会社ＳＡＬＴＹ,沖縄県宜野湾市大山３丁目３－１,2020-04-17,合同会社
合同会社ＳＡＳＡＤＡ,栃木県鹿沼市深津６４９番地,2020-04-17,合同会社
合同会社Ｓｐｏｒｔｓ　Ｄｒｉｖｅ,岡山県岡山市北区奉還町３丁目９－１３,2020-04-17,合同会社
合同会社ＺＺＹ商事,東京都北区浮間１丁目５番３８号,2020-04-17,合同会社
合同会社ｓｍｉｌｅ　ｍｉｓｓｉｏｎ,大分県速見郡日出町大字川崎４８２１番地５５,2020-04-17,合同会社
吉野通商株式会社,兵庫県神戸市垂水区名谷町字猿倉２３８番地の２４,2020-04-17,株式会社
和漢方ホールディングス株式会社,北海道日高郡新ひだか町東静内２７０番１１,2020-04-17,株式会社
四季彩プロジェクト合同会社,徳島県徳島市幸町３丁目２３番地の２,2020-04-17,合同会社
大真ワークス株式会社,北海道小樽市緑２丁目３８番３号,2020-04-17,株式会社
大美建設合同会社,大阪府守口市北斗町６番６－２０２号,2020-04-17,合同会社
天順株式会社,東京都世田谷区野沢２丁目３４番２号Ｂ１Ｆ,2020-04-17,株式会社
宇球株式会社,岡山県岡山市北区春日町３番１１号,2020-04-17,株式会社
山乃波探勝株式会社,長野県北安曇郡白馬村大字北城６４０１－１プリムローズ白岳２０２,2020-04-17,株式会社
征信合同会社,東京都板橋区大山東町３６－１,2020-04-17,合同会社
成和建設株式会社,熊本県熊本市南区御幸笛田２丁目９番１８号,2020-04-17,株式会社
日昇商事株式会社,大阪府大阪市生野区巽北１丁目１番１号２Ｆ－Ｄ,2020-04-17,株式会社
日本ボーダーレーザー株式会社,東京都千代田区四番町４－９,2020-04-17,株式会社
札幌経営事務能率協会,北海道札幌市西区発寒十四条２丁目１０番５号,2020-04-17,その他
東神貿易株式会社,東京都町田市森野１丁目３１－１０渋谷グリーンテラスⅡ２－Ｃ号,2020-04-17,株式会社
株式会社あしゅらんファーム,三重県津市河芸町久知野２２６８番地,2020-04-17,株式会社
株式会社あゆみ＆パートナーズ,群馬県太田市大原町２２１０番地１２－２０１,2020-04-17,株式会社
株式会社いやさかエージェンシー,神奈川県川崎市宮前区鷺沼２丁目１４番地１３０,2020-04-17,株式会社
株式会社かなめ住建,埼玉県さいたま市見沼区東大宮４丁目４８番地２３,2020-04-17,株式会社
株式会社ひなた,岡山県倉敷市児島小川９丁目６番１６号,2020-04-17,株式会社
株式会社ひめうなぎ,大阪府大阪市中央区南本町４丁目１番８号,2020-04-17,株式会社
株式会社ぷらすホーム,東京都町田市森野６丁目３５８番地３原銘ビル２階,2020-04-17,株式会社
株式会社ほんじょうＦＭ,埼玉県本庄市朝日町１丁目１４番２０号,2020-04-17,株式会社
株式会社ぽいねこ,東京都渋谷区恵比寿西１丁目２０番５号恵比寿ＳＡビル８階,2020-04-17,株式会社
株式会社みらい,北海道根室市西浜町１０丁目３５番地,2020-04-17,株式会社
株式会社わかば薬品,宮崎県宮崎市下北方町平田９０３番地,2020-04-17,株式会社
株式会社アキバ電装,東京都千代田区外神田３丁目５番５号末広町ハイム６０２,2020-04-17,株式会社
株式会社アドアプス,東京都江戸川区江戸川２丁目９番地１３２,2020-04-17,株式会社
株式会社アヤクラ,東京都東久留米市南沢３丁目１３番１７号,2020-04-17,株式会社
株式会社アルボス,東京都品川区大井１丁目４９番１２号,2020-04-17,株式会社
株式会社アーバンエックステクノロジーズ,東京都目黒区駒場４丁目６－１連携研究棟５１２,2020-04-17,株式会社
株式会社イレブン,大阪府大阪市中央区東高麗橋２－３７－５Ｆ,2020-04-17,株式会社
株式会社インクファクトリー,千葉県千葉市美浜区中瀬１丁目３番地幕張テクノガーデンＣＢ棟３階ＭＢＰ内,2020-04-17,株式会社
株式会社インテグリティ,北海道札幌市中央区南六条東１丁目２番,2020-04-17,株式会社
株式会社エステート裕,福岡県大野城市仲畑３丁目５番１０号,2020-04-17,株式会社
株式会社エスポワール,埼玉県さいたま市南区南浦和３丁目３７番１９棟１００８号,2020-04-17,株式会社
株式会社エスライブ,大阪府守口市八雲東町２丁目６５番１号,2020-04-17,株式会社
株式会社エムアンドエム,大阪府大阪市都島区東野田町４丁目６番２８号,2020-04-17,株式会社
株式会社エムテック,静岡県浜松市東区半田山３丁目４４番２０号,2020-04-17,株式会社
株式会社エム・エム・ピー・ジェー,宮城県塩竈市新浜町３丁目１０番１号,2020-04-17,株式会社
株式会社エースあそびの学校,兵庫県神戸市中央区東町１２２日本真珠会館３階,2020-04-17,株式会社
株式会社カイト,福島県会津若松市真宮新町南２丁目１６８番地の２,2020-04-17,株式会社
株式会社カネキ水産,静岡県浜松市西区平松町１２８４番地の１,2020-04-17,株式会社
株式会社カムイの森,神奈川県横浜市西区平沼１丁目１９番２０－２０３号,2020-04-17,株式会社
株式会社キングスター,滋賀県大津市本堅田３丁目１１番１３号,2020-04-17,株式会社
株式会社ギグアンドギブ,東京都目黒区平町１丁目２６番３号グランソレイユ１０２,2020-04-17,株式会社
株式会社クオリティー,東京都中野区東中野４丁目４番５号,2020-04-17,株式会社
株式会社クリアティーボ,千葉県勝浦市鵜原１４２－２シェアキャンパス清海学園２階Ａ－２,2020-04-17,株式会社
株式会社クリーンテック,静岡県浜松市東区貴平町２７９番地の１,2020-04-17,株式会社
株式会社クレスト,静岡県富士市伝法９８４番地の１,2020-04-17,株式会社
株式会社コンクエイト,山梨県甲斐市篠原１４２５－５,2020-04-17,株式会社
株式会社コーシン,埼玉県川口市芝富士２丁目６番２０号,2020-04-17,株式会社
株式会社サスメック,栃木県宇都宮市鶴田町４５３番地７０,2020-04-17,株式会社
株式会社サヤミット商事,大分県日田市大字夜明上村１３４０番地,2020-04-17,株式会社
株式会社サン建設,東京都八王子市散田町５丁目３３番３号,2020-04-17,株式会社
株式会社シアネス,東京都中央区日本橋浜町３丁目２３番１号,2020-04-17,株式会社
株式会社シューズホールディングス,東京都港区虎ノ門１丁目２３番１号株式会社ジャフコ内,2020-04-17,株式会社
株式会社シリカロード,北海道札幌市西区福井８丁目６番２３号,2020-04-17,株式会社
株式会社シルクライフカタオカ,大阪府箕面市萱野４丁目９番２号,2020-04-17,株式会社
株式会社シンズクラフト,大阪府貝塚市脇浜１丁目６番２７号,2020-04-17,株式会社
株式会社シーアールエー,東京都港区芝３丁目３番１３号,2020-04-17,株式会社
株式会社シーポス,栃木県鹿沼市西茂呂１丁目１８番地７,2020-04-17,株式会社
株式会社ステラメディア,東京都千代田区神田須田町１丁目２番地７,2020-04-17,株式会社
株式会社スリーエス,東京都葛飾区青戸２丁目７番７号,2020-04-17,株式会社
株式会社セークレッドローズ,東京都渋谷区富ヶ谷１丁目９番１９号,2020-04-17,株式会社
株式会社ゼネラルキャリアサービス,東京都北区王子２丁目１２番９号グランヴァン王子駅前１００２,2020-04-17,株式会社
株式会社タイズ,東京都港区芝浦４丁目１９番１－１３０６号,2020-04-17,株式会社
株式会社タナカスチール,北海道夕張郡栗山町字中里５１番地９４,2020-04-17,株式会社
株式会社ダイカン,東京都台東区東上野１丁目１１番１０号Ｕｅｎｏａビル４０１,2020-04-17,株式会社
株式会社チアパートナーズ,東京都中央区日本橋小網町１８番１７号,2020-04-17,株式会社
株式会社ティエフシー,栃木県小山市神鳥谷５丁目５番５号,2020-04-17,株式会社
株式会社ティーケーテック,千葉県船橋市薬円台４丁目３番１８号,2020-04-17,株式会社
株式会社トレンドファクトリー,東京都港区北青山２丁目７番１３号プラセオ青山ビル３階,2020-04-17,株式会社
株式会社トレードワルツ,東京都千代田区丸の内３丁目２番２号,2020-04-17,株式会社
株式会社トーセン,滋賀県大津市本堅田３丁目１１番１３号,2020-04-17,株式会社
株式会社ドラゴンフルーツ,東京都渋谷区幡ヶ谷３丁目９番３号,2020-04-17,株式会社
株式会社ナカムラＹ＆Ｒ,東京都目黒区東が丘１丁目６番２０号,2020-04-17,株式会社
株式会社ナノハナ不動産,岩手県一関市山目字才天７３番地６,2020-04-17,株式会社
株式会社ネイバリー,大阪府大阪市東淀川区井高野１丁目１番２７号,2020-04-17,株式会社
株式会社ビビビ,神奈川県横浜市西区北幸１丁目１１番１号水信ビル７階,2020-04-17,株式会社
株式会社フォレスタ,福岡県筑紫野市大字阿志岐１１１８番地６,2020-04-17,株式会社
株式会社フォレスト,静岡県焼津市中里３３番地の２,2020-04-17,株式会社
株式会社フククル,広島県広島市中区舟入川口町１６番２６号,2020-04-17,株式会社
株式会社フレッシュブル,長崎県西彼杵郡長与町三根郷５７４番地１８,2020-04-17,株式会社
株式会社フロンティアファースト,東京都渋谷区桜丘町１４番６号,2020-04-17,株式会社
株式会社プレナ,大阪府大阪市北区天満３丁目９番１３号,2020-04-17,株式会社
株式会社プロスペック,東京都江戸川区松江２丁目１８番１８－３０４号,2020-04-17,株式会社
株式会社ホームキーパー,山口県阿武郡阿武町大字奈古３５８２番地,2020-04-17,株式会社
株式会社ホームチェッカー,東京都渋谷区代々木１丁目２９－５ＹＫビル４階,2020-04-17,株式会社
株式会社ボルダー管財,東京都品川区大井１丁目４９番１２号,2020-04-17,株式会社
株式会社モノリスアセット,東京都品川区大井１丁目４９番１２号,2020-04-17,株式会社
株式会社ライトハウスプロパティ,東京都品川区大井１丁目４９番１２号,2020-04-17,株式会社
株式会社ラニ,栃木県那須郡那須町大字高久丙４６４６番地７,2020-04-17,株式会社
株式会社ラプラス,北海道札幌市中央区南三条東２丁目１番地サンシャインビル３階,2020-04-17,株式会社
株式会社リタ・ハウス,栃木県下都賀郡壬生町おもちゃのまち２丁目２１番１１号,2020-04-17,株式会社
株式会社ルリアン,石川県野々市市矢作１丁目５０番地５,2020-04-17,株式会社
株式会社レモン,香川県丸亀市富士見町１丁目１０番３０号,2020-04-17,株式会社
株式会社ロングライフ,埼玉県川口市芝下３丁目２９番１０号,2020-04-17,株式会社
株式会社ワーク札幌,北海道札幌市東区東雁来十条４丁目１２番１０号,2020-04-17,株式会社
株式会社三井建物,東京都品川区大井１丁目４９番１２号,2020-04-17,株式会社
株式会社三日月ホールディングス,和歌山県和歌山市湊薬種畑１１１５番地３２,2020-04-17,株式会社
株式会社世喜,東京都新宿区神楽坂４丁目２番地,2020-04-17,株式会社
株式会社京栄工産,大分県大分市三川上３丁目１番４号サンシティ三川１０２,2020-04-17,株式会社
株式会社仁愛物流,埼玉県入間市宮寺２６９８－１０,2020-04-17,株式会社
株式会社任天,鹿児島県鹿児島市甲突町３番３－１０１号,2020-04-17,株式会社
株式会社伊藤商店,大阪府寝屋川市寿町４６番９号,2020-04-17,株式会社
株式会社住まいの創建,福岡県大野城市つつじケ丘６丁目２３番８号,2020-04-17,株式会社
株式会社光明鋼業,北海道札幌市北区麻生町２丁目８番１８－２０３号,2020-04-17,株式会社
株式会社加世田,大阪府大阪市西淀川区大和田３丁目７番２９号,2020-04-17,株式会社
株式会社北大阪建設,大阪府高槻市芝生町２丁目６１番２９号,2020-04-17,株式会社
株式会社吉川商事,大阪府大東市灰塚３丁目９番９号,2020-04-17,株式会社
株式会社変幻自在,東京都中野区沼袋１丁目３４－６,2020-04-17,株式会社
株式会社変幻茶屋,東京都目黒区青葉台４丁目４番５－９０２号,2020-04-17,株式会社
株式会社大幸,北海道札幌市北区篠路町拓北３０番７８５,2020-04-17,株式会社
株式会社天道,福岡県北九州市八幡西区東折尾町１７番５号,2020-04-17,株式会社
株式会社小泉ＦＰオフィス,長野県茅野市宮川２００７番地１ヒルサイドアベニュー２０３号室,2020-04-17,株式会社
株式会社山勇,北海道千歳市栄町３丁目４番地の１,2020-04-17,株式会社
株式会社幸栄建設,岐阜県可児市土田３２番地１,2020-04-17,株式会社
株式会社幸榮整輪,北海道亀田郡七飯町大中山３丁目３０３番地２３,2020-04-17,株式会社
株式会社愛子,東京都港区西麻布３丁目５番２号,2020-04-17,株式会社
株式会社慎心設備,福岡県春日市須玖北５丁目６番１０２号,2020-04-17,株式会社
株式会社斧建組,大阪府枚方市田口１丁目３８番７－２１号,2020-04-17,株式会社
株式会社昇理メンテナンス,大分県豊後大野市三重町市場１７１番地１,2020-04-17,株式会社
株式会社未来興業,千葉県野田市清水公園東１丁目１２番地の１２,2020-04-17,株式会社
株式会社森林計画,愛媛県東温市横河原３３９番地１,2020-04-17,株式会社
株式会社浜のあきんど,福島県双葉郡浪江町大字川添字上加倉５９番地２川添西ハイツ２０３,2020-04-17,株式会社
株式会社渡邊労務センター,埼玉県川越市大字寺尾６番地８,2020-04-17,株式会社
株式会社琉,沖縄県浦添市牧港３丁目１６番７号,2020-04-17,株式会社
株式会社瓦技研・スルガ,静岡県静岡市駿河区登呂４丁目２０番８号,2020-04-17,株式会社
株式会社田畑電設,東京都八王子市並木町７番３－３０８号,2020-04-17,株式会社
株式会社畑板金工業,北海道広尾郡大樹町幸町１０番地１３０,2020-04-17,株式会社
株式会社社外取締役,東京都渋谷区上原３丁目２１番１６号２階,2020-04-17,株式会社
株式会社稲田製作所,大阪府大阪市平野区瓜破６丁目９番１６号,2020-04-17,株式会社
株式会社総合建築,千葉県市川市柏井町２丁目１３６４番地２２,2020-04-17,株式会社
株式会社美・ｓｉｏｎ,佐賀県三養基郡みやき町大字西島２１４５番地１－Ｂ,2020-04-17,株式会社
株式会社翔徳苑,大阪府大阪市平野区平野元町８番１０号,2020-04-17,株式会社
株式会社興和不動産,東京都豊島区南池袋２丁目２９番１２号７階,2020-04-17,株式会社
株式会社花岡工業,広島県竹原市下野町４３７４番地７,2020-04-17,株式会社
株式会社花彩,秋田県鹿角市十和田大湯字川原ノ湯２９番地１,2020-04-17,株式会社
株式会社装天,大分県別府市田の湯町８番５号グランドプラザ別府１０５号,2020-04-17,株式会社
株式会社豊建,香川県高松市一宮町１５５３番地１,2020-04-17,株式会社
株式会社逸,長崎県五島市吉田町２０２７番地１,2020-04-17,株式会社
株式会社錻力屋,埼玉県越谷市相模町４丁目５番地３,2020-04-17,株式会社
株式会社鑫坐,福岡県福岡市東区多の津４丁目１２－１８多の津コアⅡ３号室,2020-04-17,株式会社
株式会社青森食研,青森県黒石市大字下目内澤字小屋敷添５番地１５,2020-04-17,株式会社
株式会社高木商店,岐阜県各務原市東山４丁目１番地２,2020-04-17,株式会社
株式会社高田総合研究所,大阪府大阪市住吉区帝塚山東５丁目１番７号,2020-04-17,株式会社
株式会社５Ｇテクノロジー,沖縄県沖縄市照屋１丁目３２番２６号Ｇｅｎ’ｓ照屋１００４号,2020-04-17,株式会社
株式会社ＡＩＬＥ,東京都港区新橋６丁目１５番１－１５０６,2020-04-17,株式会社
株式会社ＡＬＥＳＣＯ,千葉県柏市松葉町７丁目１４番地３第一田口ビル３０２号,2020-04-17,株式会社
株式会社ＡＬＴＯ,大阪府東大阪市高井田中５丁目７番８－９０３号コムズシティ高井田,2020-04-17,株式会社
株式会社ＡＳＣ,岐阜県美濃加茂市加茂野町今泉４１３番地３,2020-04-17,株式会社
株式会社ＡＺＵ　ＷＯＲＫＳ,兵庫県明石市西朝霧丘５番４５－４０６号,2020-04-17,株式会社
株式会社Ａｉｍ　ｈｉｇｈ　ｙｏｕｒ　ｓｅｌｆ,栃木県宇都宮市中央２丁目２番３号,2020-04-17,株式会社
株式会社ＣＬＣ,三重県四日市市桜台２丁目５番地２７１,2020-04-17,株式会社
株式会社ＣＳ,大阪府大阪市西区北堀江２丁目１７番１５号,2020-04-17,株式会社
株式会社ＤＡＦ,東京都品川区大井４丁目７番１０号やまとハウス４０１,2020-04-17,株式会社
株式会社ＤＡＹＢＲＥＡＫＥＲ,東京都品川区東大井１丁目２４番１６号サメズミツワビル３０２号室,2020-04-17,株式会社
株式会社ＤＵＲＩＮＧ　ＦＩＥＬＤ,岐阜県郡上市八幡町有坂２６６番地１,2020-04-17,株式会社
株式会社ＤｃｉＴｅｃｈ,千葉県松戸市松戸新田２４番地京葉流通センター５号棟１８号,2020-04-17,株式会社
株式会社Ｄｏｔｓ　ａｎｄ　Ｌ,大分県別府市大字鉄輪５５９番地の１,2020-04-17,株式会社
株式会社ＥＭＳ琉球,沖縄県那覇市首里池端町３４番地２Ｆ,2020-04-17,株式会社
株式会社ＥＮ,大阪府大阪市中央区備後町３丁目３番３号,2020-04-17,株式会社
株式会社ＥＰＴ,東京都新宿区歌舞伎町１丁目３番１６号東金ビルＢ１,2020-04-17,株式会社
株式会社Ｆｉｒｓｔ　Ｆｕｎｎｅｌ,大阪府大阪市中央区備後町３丁目４番８号フクエイビル３０１号室,2020-04-17,株式会社
株式会社ＨＡＴ,神奈川県川崎市高津区梶ケ谷２丁目４番地１,2020-04-17,株式会社
株式会社ＨＣＤ,東京都中央区銀座１丁目１３番１号ヒューリック銀座一丁目ビル４Ｆ,2020-04-17,株式会社
株式会社Ｈａｒｍｏｎｙ　Ｒｉｎｇ,東京都町田市中町１丁目２番５号,2020-04-17,株式会社
株式会社ＩＫＳ,富山県中新川郡上市町森尻６１４番地,2020-04-17,株式会社
株式会社ＪＨＳマネジメント,京都府宇治市槇島町三十五６番地の４,2020-04-17,株式会社
株式会社ＪＭＴＣ,千葉県市原市本郷１４５７－２,2020-04-17,株式会社
株式会社ＪＳＣ,福岡県福岡市東区和白東２丁目２８番２７号,2020-04-17,株式会社
株式会社Ｊｅｉｚｕ．Ｔ,佐賀県武雄市北方町大字大崎１２０６番地２,2020-04-17,株式会社
株式会社Ｋ’ｓ空調,広島県広島市安佐北区亀山南３丁目１９番５８号,2020-04-17,株式会社
株式会社ＫＡＬＰＨＡ,東京都港区元麻布３丁目８番６－１０２号,2020-04-17,株式会社
株式会社ＫＩＺＵＮＡコーポレーション,埼玉県入間市久保稲荷２丁目１－１７セレクトハウス１０３,2020-04-17,株式会社
株式会社ＬＥＯ,東京都中央区銀座４丁目１３番８号岩藤ビル３階,2020-04-17,株式会社
株式会社ＬＫキャピタル,東京都渋谷区千駄ヶ谷４丁目７番５号,2020-04-17,株式会社
株式会社Ｌｅａｒｎｉｎｇ　Ｓｈａｒｅ,千葉県松戸市紙敷１１９５番地の７,2020-04-17,株式会社
株式会社Ｌｕｘａｓ．Ｃｏｒｐｏｒａｔｉｏｎ,栃木県宇都宮市平松本町３３６番地２メゾンドベル７・６０５号室,2020-04-17,株式会社
株式会社Ｍ＆Ｔ,京都府久世郡久御山町田井東荒見５０－３,2020-04-17,株式会社
株式会社ＭＧＢ,東京都港区東新橋１丁目９番２号汐留住友ビル１６階,2020-04-17,株式会社
株式会社ＭＩＳＡＫＩ,福島県郡山市桑野４丁目８番９号Ｒａｋビル２階,2020-04-17,株式会社
株式会社ＭＫ,山口県岩国市平田６丁目６０番１６－２０３号,2020-04-17,株式会社
株式会社ＭＳシステム企画,東京都中野区野方２丁目１４番１１号,2020-04-17,株式会社
株式会社Ｍａｔｓｕｉ　Ｖｅｔ　Ｍｅｄ　Ｓｔａｔｉｏｎ,北海道札幌市東区北二十六条東１０丁目２番１号,2020-04-17,株式会社
株式会社ＮＥＸＴ,東京都八王子市川口町３３５９番地７,2020-04-17,株式会社
株式会社ＯＲＡＮＧＥ　ＢＯＲＤＥＲ,千葉県館山市湊４９３番地の２館山レアージュ６０６,2020-04-17,株式会社
株式会社ＯＳＳ,大阪府大阪市西淀川区姫里１丁目３番１５号,2020-04-17,株式会社
株式会社ＰＩＣＴＵＲＥ,東京都港区東新橋２丁目３番１７－１７０８号,2020-04-17,株式会社
株式会社ＰｌａｎＷｅｂ,東京都品川区西五反田８丁目２番１２号アール五反田７Ａ,2020-04-17,株式会社
株式会社ＲＥＡＬ　ＭＩＸ,神奈川県川崎市中原区今井南町４番３０－５０２号ハウス武蔵小杉,2020-04-17,株式会社
株式会社ＲＯＳＳＯ,東京都渋谷区渋谷２丁目２４番１２号渋谷スクランブルスクエア３９Ｆ,2020-04-17,株式会社
株式会社Ｒｅ．庵,福岡県福岡市西区姪の浜４丁目７番９－２００５号,2020-04-17,株式会社
株式会社Ｒｉｎｇ,香川県木田郡三木町大字井戸２３１８番地４,2020-04-17,株式会社
株式会社ＳＳＡ,東京都品川区中延３丁目７番１０号,2020-04-17,株式会社
株式会社ＳＴＹＬＥ,埼玉県川越市大字砂新田４０７番地７０,2020-04-17,株式会社
株式会社ＳＵＮ　Ｌｕｃｅ,東京都新宿区四谷１丁目２番３１号三浜ビルディング３階,2020-04-17,株式会社
株式会社Ｓｉｅｍｐｒｅ,東京都大田区下丸子４丁目２１番１２号,2020-04-17,株式会社
株式会社Ｓｍａｒｔ．Ａｃｔｉｎｇ,北海道札幌市西区西町北６丁目１番１号ユニビル,2020-04-17,株式会社
株式会社Ｓｐｉｃｙスニフ,長野県佐久市中込４５４番地２,2020-04-17,株式会社
株式会社Ｔ・Ｃ・Ａ,千葉県千葉市稲毛区轟町４丁目１番１１号,2020-04-17,株式会社
株式会社ＴＡＭＴＯ,東京都千代田区神田小川町３丁目２８番地９三東ビル２Ｆ,2020-04-17,株式会社
株式会社ＴＡＳ　ＷＯＲＫＳ,愛知県名古屋市昭和区神村町１丁目３番地ビラ三秀神村１Ｆ,2020-04-17,株式会社
株式会社ＴＭ通信,大阪府豊中市小曽根３丁目６番１３号,2020-04-17,株式会社
株式会社ＴＳプランニング,広島県安芸郡府中町石井城２丁目１０番２３－３０２号,2020-04-17,株式会社
株式会社ＶＡＧＡＢＯＮＤ,東京都世田谷区世田谷２丁目１４－３－１Ｆ,2020-04-17,株式会社
株式会社ＶＥＲＩＴＡＳ,東京都中央区銀座１丁目２２番１１号銀座大竹ビジデンス２Ｆ,2020-04-17,株式会社
株式会社Ｖａｌｕｅ　Ｓｅｓｓｉｏｎ,千葉県鎌ケ谷市道野辺中央２丁目９番２６号大野ビル２Ｂ,2020-04-17,株式会社
株式会社Ｖｉａｎｄｕ,東京都中央区銀座７丁目１３番２号銀座パインビル７階,2020-04-17,株式会社
株式会社ＷＡＶＥ．ＰＨＡＲＭＡＣＹ．ＬＡＢ,東京都新宿区西新宿６丁目１０番１号日土地西新宿ビル８階,2020-04-17,株式会社
株式会社Ｗａｎ　Ｌｉｆｅ　Ｈａｒｍｏｎｙ,愛知県名古屋市緑区神沢１丁目５１５番地,2020-04-17,株式会社
株式会社Ｙｉｅｌｄ＆Ｒａｄｉａｎｔ,東京都新宿区西新宿７丁目２２番４５号ＫＤＸ西新宿ビル４Ｆ,2020-04-17,株式会社
株式会社ａｓｓｉｓｔｉｎｔ,東京都港区南青山２丁目２番１５号ウィン青山９４２,2020-04-17,株式会社
株式会社ｅｍ・ｄｅｓｉｇｎ,京都府京都市右京区西京極西川町６８番地１２,2020-04-17,株式会社
株式会社ｆｕｓｔ,東京都中央区銀座１丁目２２番１１号銀座大竹ビジデンス２Ｆ,2020-04-17,株式会社
株式会社ｈｘｓ,東京都世田谷区玉川３丁目２０番２号マノア玉川第３ビル５０１号室,2020-04-17,株式会社
株式会社ｍ　ｄｅｓｉｇｎ,東京都荒川区東日暮里１丁目１１番４－１０６号,2020-04-17,株式会社
株式会社ｐｉｃｋｓ,東京都世田谷区若林３丁目２３番１４号ファインスクエア世田谷若林２０６,2020-04-17,株式会社
株式会社ｒｉｃｅｌａ,東京都品川区上大崎２丁目１０番３４号,2020-04-17,株式会社
沖縄法建株式会社,沖縄県那覇市泉崎１丁目１１番１号あらかきビル４－Ｂ,2020-04-17,株式会社
渡辺水設合同会社,北海道札幌市厚別区厚別西二条２丁目２番２８号マルアツ西コーポＢ－Ｊ号,2020-04-17,合同会社
特定非営利活動法人アドボカシーセンター愛知,愛知県弥富市東中地１丁目１７番地３,2020-04-17,その他の設立登記法人
特定非営利活動法人春陽,愛知県春日井市堀ノ内町４丁目１番地２０,2020-04-17,その他の設立登記法人
特定非営利活動法人ｓａｋｕｒａ,茨城県水戸市柳町１丁目３番３７号,2020-04-17,その他の設立登記法人
田宮産業合資会社,静岡県静岡市小鹿４７３番地,2020-04-17,合資会社
盛達合同会社,東京都板橋区大山金井町１３番９号パラストビル２０６号室,2020-04-17,合同会社
矢木野建築アトリエ株式会社,岐阜県岐阜市六条江東２丁目２番７号,2020-04-17,株式会社
社会福祉法人千悠会,佐賀県小城市三日月町三ヶ島４８８番地１,2020-04-17,その他の設立登記法人
竹林貿易株式会社,兵庫県神戸市中央区東町１２３番地の１,2020-04-17,株式会社
経営研株式会社,東京都町田市森野１丁目３０番８号,2020-04-17,株式会社
興和建設株式会社,千葉県八千代市大和田新田８０５番地３２,2020-04-17,株式会社
華輝合同会社,茨城県日立市大みか町４丁目２０番５号,2020-04-17,合同会社
藍木合同会社,埼玉県蕨市塚越２丁目１４－７,2020-04-17,合同会社
行政書士法人新令和,埼玉県越谷市南越谷４丁目９番地６新越谷プラザビル３０５号,2020-04-17,その他の設立登記法人
財団法人京都八坂女紅場,京都府京都市東山区祇園町南側５７０番２,2020-04-17,その他の設立登記法人
農事組合法人くわばる,宮崎県都城市山之口町富吉５３８３番地４,2020-04-17,その他の設立登記法人
通橋株式会社,東京都台東区台東２丁目２７番３号,2020-04-17,株式会社
金億株式会社,千葉県柏市高柳８８１番地２４－１Ｆ,2020-04-17,株式会社
金盛国際株式会社,埼玉県鴻巣市人形２丁目１番６７号,2020-04-17,株式会社
陣屋農園株式会社,山形県米沢市大字竹井２３０３番地,2020-04-17,株式会社
雨輝合同会社,埼玉県川口市西川口１丁目３－１１東側４０５号室,2020-04-17,合同会社
麦兜合同会社,東京都板橋区中丸町３３－１５,2020-04-17,合同会社
麻布ウェルネス株式会社,東京都港区三田２丁目４番１８－８０３号,2020-04-17,株式会社
Ａ－ＳＴＹＬＥ合同会社,大阪府池田市畑１丁目１５番１５号,2020-04-17,合同会社
ＡｉｒＡｓｉａ　ＳＥＡ　Ｌｉｍｉｔｅｄ,東京都港区麻布台２丁目１番２－１４０６号,2020-04-17,外国会社等
Ａｌｐｈａ　Ｃｏｎｎｅｘｉｏｎ株式会社,大阪府大阪市中央区南本町３丁目１番３号カネセ第３ビル６階,2020-04-17,株式会社
ＡｌｐｈａＸ合同会社,東京都渋谷区神南１丁目１０番６号Ｂａｒｂｉｚｏｎ９８－１０階,2020-04-17,合同会社
Ａｓｓｅｔ　Ｇｒｏｕｐ　Ｉｎｖｅｓｔｍｅｎｔ　Ｌｉｍｉｔｅｄ,,2020-04-17,外国会社等
Ａｖｅｎｉｒ　Ｂｕｓｉｎｅｓｓ合同会社,東京都世田谷区南烏山４丁目８番２３号,2020-04-17,合同会社
ＣＨＥＬＳＥＡ株式会社,栃木県小山市犬塚２丁目３番地３,2020-04-17,株式会社
ＤＡＥ　３８０２３　Ｉｒｅｌａｎｄ　Ｌｉｍｉｔｅｄ,,2020-04-17,外国会社等
ＤＡＥ　５５１２　Ｉｒｅｌａｎｄ　Ｌｉｍｉｔｅｄ,,2020-04-17,外国会社等
ＤＡＥ　５６５２　Ｉｒｅｌａｎｄ　Ｌｉｍｉｔｅｄ,,2020-04-17,外国会社等
ＤＡＥ　７　Ｉｒｅｌａｎｄ　Ｌｉｍｉｔｅｄ,,2020-04-17,外国会社等
ＤＤエンジニアリング株式会社,東京都新宿区山吹町３３４サトービル２階,2020-04-17,株式会社
ＤＰＪａｐａｎ合同会社,東京都千代田区鍛冶町１丁目１０番１号丸石ビル別館４階,2020-04-17,合同会社
Ｄｅｍｉ合同会社,東京都八王子市散田町１丁目７－３,2020-04-17,合同会社
Ｅｒｅｅｋ株式会社,東京都中野区東中野４丁目５－１０－２３０３,2020-04-17,株式会社
Ｆｉｏｒｅ株式会社,佐賀県佐賀市鍋島町大字森田１６４番地１,2020-04-17,株式会社
Ｇｏｌｄ　Ｉｎｎｏｖａｔｉｏｎ株式会社,東京都中央区晴海２丁目３番２－３６０４号,2020-04-17,株式会社
Ｈ＆Ｇ株式会社,大阪府大阪市住之江区浜口西１丁目１７番１０号,2020-04-17,株式会社
Ｈｕｎｔｉｎｇｔｏｎ　Ｉｎｇａｌｌｓ　Ｉｎｃｏｒｐｏｒａｔｅｄ,,2020-04-17,外国会社等
Ｉ．Ｎ精工合同会社,埼玉県志木市上宗岡２丁目１８番１６号,2020-04-17,合同会社
ＩＡＳＣＯ　Ｇｌｏｂａｌ　Ｌｉｍｉｔｅｄ,,2020-04-17,外国会社等
ＩＣＰキャピタル・インベストメンツ合同会社,東京都千代田区九段南１丁目５番６号りそな九段ビル５Ｆ,2020-04-17,合同会社
ＪＳＦ株式会社,長野県北安曇郡白馬村大字北城１７９６番地５,2020-04-17,株式会社
Ｋ＆Ｍインターナショナル合同会社,千葉県市川市市川１丁目１８番３－６０２号,2020-04-17,合同会社
ＫＩＺＵＮＡ協同組合,広島県福山市神辺町新徳田５６６番地,2020-04-17,その他の設立登記法人
ＫＪホールディングス株式会社,東京都品川区西五反田３丁目１３番６号,2020-04-17,株式会社
ＫＲＡＩＢＵＲＧ　ＴＰＥ　Ｊａｐａｎ合同会社,東京都中央区銀座６丁目１３番１６号銀座ＷａｌｌビルＵＣＦ５０１,2020-04-17,合同会社
Ｍ’ｓセキュリティ株式会社,東京都八王子市横川町２番地２,2020-04-17,株式会社
Ｍ＆Ｙ　Ｇｌｏｂａｌ　Ｓｏｌｕｔｉｏｎｓ合同会社,北海道札幌市中央区北一条東３丁目２番地２シティハウス札幌大通東４１１号,2020-04-17,合同会社
Ｍ．Ｐ．株式会社,東京都豊島区南大塚１丁目６０番２０号,2020-04-17,株式会社
ＭＡＲＭＯ合同会社,京都府京都市伏見区向島柳島１番地,2020-04-17,合同会社
ＭＥＲＵ合同会社,東京都台東区台東３丁目２０番４号,2020-04-17,合同会社
ＭＹはーど合同会社,北海道札幌市東区北三十三条東１７丁目３番１５号,2020-04-17,合同会社
Ｍａｒｑｕｅｓ合同会社,東京都新宿区新宿６丁目２８番１０－４０２号シルバーマンション新宿,2020-04-17,合同会社
Ｍｅｒａｋｉ　Ｊａｐａｎ株式会社,東京都港区芝浦３丁目１７番１１号天翔田町ビル２階２０８号室,2020-04-17,株式会社
Ｍｉｌｌｉｏｎ　Ｅｘｃｅｅｄ　Ｈｏｌｄｉｎｇｓ　Ｌｉｍｉｔｅｄ,東京都港区浜松町１丁目３－２,2020-04-17,外国会社等
ＮＥＸＴ　ＰＯＩＮＴ合同会社,京都府京都市中京区高倉通丸太町下る坂本町６８８番地,2020-04-17,合同会社
ＮＰＯ法人壱岐アスリートクラブ,長崎県壱岐市郷ノ浦町片原触３６１番地２,2020-04-17,その他の設立登記法人
Ｎｅｔ　ｗｏｒｋｅｒ合同会社,神奈川県川崎市麻生区高石６丁目２３番４－２号,2020-04-17,合同会社
ＯＨＡＲＡ株式会社,山梨県韮崎市本町４丁目９番５５号,2020-04-17,株式会社
Ｏｎｅ‐ＤＴ株式会社,東京都港区浜松町２丁目２番１５号浜松町ダイヤビル２Ｆ,2020-04-17,株式会社
ＲＪプラタナス２ＧＰ合同会社,東京都港区虎ノ門１丁目２番８号リニューアブル・ジャパン株式会社内,2020-04-17,合同会社
ＲＳＡ　Ｓｅｃｕｒｉｔｙ　Ｊａｐａｎ合同会社,東京都渋谷区代々木２丁目１番１号新宿マインズタワー１７階,2020-04-17,合同会社
ＳＡＡコンサルティング合同会社,東京都品川区北品川５丁目５番１５大崎ブライトコア４階,2020-04-17,合同会社
ＳＡＫＵＲＡ株式会社,栃木県真岡市台町字台町２３３７番地８－１階,2020-04-17,株式会社
ＳＨＡＭＡ　ＴＲＡＤＩＮＧ合同会社,千葉県山武市大木４７３－１－１,2020-04-17,合同会社
ＳＴＥＬＬＡ　ＰＬＵＳ合同会社,大阪府茨木市総持寺台１番６号,2020-04-17,合同会社
ＳＹＳコーポレーション株式会社,京都府八幡市男山泉２番地３,2020-04-17,株式会社
Ｓｍａｒｔ　Ｚｏｎｅ　Ｄｅｖｅｌｏｐｍｅｎｔ　Ｌｉｍｉｔｅｄ,,2020-04-17,外国会社等
ＴＲＵＯＮＧ　ＴＵＣ合同会社,東京都足立区千住大川町１２番１９号,2020-04-17,合同会社
ＴＳＵＴＳＵＹＡ合同会社,山口県大島郡周防大島町大字西屋代１１６０番地２,2020-04-17,合同会社
Ｔａｒｉｔｏｔｔｏ株式会社,熊本県熊本市北区植木町岩野７９５－１,2020-04-17,株式会社
ＶＥＲＹ　ＳＷＥＥＴＳ合同会社,秋田県秋田市卸町５丁目１番３５号－Ｂ,2020-04-17,合同会社
ＷＩＳＴＥＲＩＡ株式会社,東京都渋谷区円山町５番５号Ｎａｖｉ渋谷Ｖ３階,2020-04-17,株式会社
ＷＹＮＣＯ株式会社,大阪府八尾市八尾木北１丁目１番６号,2020-04-17,株式会社
ｅ－ＺＯＮＥ株式会社,北海道札幌市白石区流通センター６丁目１番１８号,2020-04-17,株式会社
ｉｏｒａｃｌｅ株式会社,大阪府大阪市中央区南本町１丁目３番９号サンコービル船場Ｂ０８号室,2020-04-17,株式会社
ｓｈｕｃｒｅ四日市合同会社,三重県四日市市西浦１丁目１０番２５号マインドビル６Ｆ,2020-04-17,合同会社
あの株式会社,大阪府大阪市都島区毛馬町１丁目６番１１号,2020-04-20,株式会社
うつせみテクノ合同会社,埼玉県行田市持田４丁目３０番８号,2020-04-20,合同会社
がんばろう徳島株式会社,徳島県徳島市応神町古川字戎子野８２番地９ピース・ヴィエント１０４,2020-04-20,株式会社
なかもと工房株式会社,大阪府高石市加茂３丁目５番３３号,2020-04-20,株式会社
なごみのくにサービス株式会社,愛媛県西予市宇和町下松葉６２５番地,2020-04-20,株式会社
みなとみらいデザイン株式会社,神奈川県横浜市中区南仲通３丁目３５番地,2020-04-20,株式会社
アイアシスト合同会社,青森県上北郡おいらせ町三本木７８番地８,2020-04-20,合同会社
アネックス合同会社,広島県広島市南区段原山崎２丁目１４番１３－１００１号,2020-04-20,合同会社
イノー株式会社,東京都杉並区阿佐谷北３丁目１１番４号,2020-04-20,株式会社
インフィニリンクジャパン合同会社,神奈川県横浜市瀬谷区東野１２４番地１５,2020-04-20,合同会社
イーテクニクス合同会社,山梨県笛吹市御坂町下野原７９４番地５,2020-04-20,合同会社
ウォータープルーフ工事株式会社,大阪府堺市堺区戎島町２丁５３番地１キッコービル,2020-04-20,株式会社
エクス合同会社,東京都台東区花川戸２丁目１７番６－１１０２号デ・リード浅草言問橋,2020-04-20,合同会社
エスメディカル株式会社,長野県須坂市大字小河原２０１４番地５,2020-04-20,株式会社
エンプルーブ合同会社,熊本県玉名市滑石１４８６番地２,2020-04-20,合同会社
エーアイ・ホンダ株式会社,北海道苫小牧市桜木町４丁目１６番１号,2020-04-20,株式会社
クオリーサポートおおいた合同会社,大分県速見郡日出町大字豊岡３３７番地１,2020-04-20,合同会社
グランディール株式会社,埼玉県草加市新栄４丁目１０００番地新栄町団地３－１２－４０１,2020-04-20,株式会社
コンセント合同会社,東京都新宿区新宿２丁目１２番１３号新宿アントレサロンビル２階,2020-04-20,合同会社
サイトコーポレーション株式会社,宮城県気仙沼市本吉町東川内１４９番地２,2020-04-20,株式会社
シー・ビー・シー合同会社,群馬県前橋市龍蔵寺町２０５番地２,2020-04-20,合同会社
ジャパンクリンモビリティ株式会社,広島県広島市東区二葉の里２丁目８番１１号植木ビル１Ｆ,2020-04-20,株式会社
ジャパンコレクト合同会社,東京都江東区東陽２丁目３番４号,2020-04-20,合同会社
タケイ合同会社,東京都新宿区西早稲田２丁目９番１６－４０９号,2020-04-20,合同会社
ティーエス株式会社,愛知県東海市加木屋町１１番１,2020-04-20,株式会社
トーラス・ウエスト合同会社,神奈川県小田原市曽我光海１９－１０ガーデンテラス湘南Ａ棟,2020-04-20,合同会社
ドクタークロ販売株式会社,福岡県福岡市中央区西中洲６番２７号,2020-04-20,株式会社
ドクターフーヅ株式会社,福岡県福岡市博多区千代１丁目１７番１号,2020-04-20,株式会社
ナチュラル商事合同会社,千葉県大網白里市駒込４４０番地８,2020-04-20,合同会社
ビズハイジーン合同会社,神奈川県横浜市都筑区牛久保東３丁目３番２１号,2020-04-20,合同会社
フロンティア合同会社,東京都千代田区二番町５番地２麹町駅プラザ９０１,2020-04-20,合同会社
マイクリーンパートナーズ合同会社,東京都杉並区上高井戸２丁目１番１８号,2020-04-20,合同会社
リガールホーム株式会社,東京都墨田区本所２丁目１０番４号サンリブ本所５０２,2020-04-20,株式会社
リブラメディカル株式会社,東京都北区豊島４丁目１８番７号プレミスト東京王子１５０５,2020-04-20,株式会社
リリアン株式会社,福岡県京都郡苅田町大字与原１８１４番地５,2020-04-20,株式会社
ルミエールコアカンパニー合同会社,愛知県名古屋市南区薬師通１丁目２１番地２,2020-04-20,合同会社
ルークラボ株式会社,福岡県福岡市博多区寿町２丁目１番５号２Ｆ,2020-04-20,株式会社
レアルファクトリー株式会社,千葉県千葉市中央区生実町１２１７番地１－１階,2020-04-20,株式会社
一般社団法人かまコン,北海道札幌市白石区菊水上町三条３丁目５２番地４４５,2020-04-20,その他の設立登記法人
一般社団法人チャレンジマイセルフ,神奈川県小田原市千代５１番４号,2020-04-20,その他の設立登記法人
一般社団法人トレイルブレイズハイキング研究所,山梨県北杜市高根町下黒澤３９７４番１１,2020-04-20,その他の設立登記法人
一般社団法人交通ＩＳＡＣ,東京都港区西新橋２丁目２３番３号神山ビル３階,2020-04-20,その他の設立登記法人
一般社団法人介護コンソーシアムベトナム,東京都千代田区二番町７番地８－７０５号,2020-04-20,その他の設立登記法人
一般社団法人住宅災害対策機構,千葉県柏市あけぼの４丁目６番３号あけぼのビル４Ｆ,2020-04-20,その他の設立登記法人
一般社団法人新潟県リフォーム協会,新潟県三条市東光寺３６８９番地１,2020-04-20,その他の設立登記法人
一般社団法人日本伴走型支援協会,福岡県北九州市八幡東区荒生田２丁目１番３２号,2020-04-20,その他の設立登記法人
一般社団法人柏の葉オーミクスリサーチゲート,千葉県柏市柏の葉６丁目２番地３,2020-04-20,その他の設立登記法人
一般社団法人沖縄いのちにエールを贈る会,沖縄県宜野湾市我如古１丁目４０番１６号,2020-04-20,その他の設立登記法人
一般社団法人障害者就労支援ネットワークＰ＆Ｐ,千葉県柏市増尾７丁目１９番３４号,2020-04-20,その他の設立登記法人
一般社団法人青ぞら教室,岡山県倉敷市連島町西之浦５８３７－１パルネットエポック１０１,2020-04-20,その他の設立登記法人
一般財団法人経営マネジメント支援機構,東京都港区新橋５丁目２２番２号,2020-04-20,その他の設立登記法人
丸愛商運株式会社,長野県飯田市座光寺２８２１番地２,2020-04-20,株式会社
京都理想国株式会社,京都府京都市左京区岡崎最勝寺町５番地３ザ・京都レジデンス岡崎２０３,2020-04-20,株式会社
人財エクセレント合同会社,山梨県甲府市富竹１丁目６番２号,2020-04-20,合同会社
令和建設株式会社,福岡県福岡市東区香椎台２丁目１６番３号,2020-04-20,株式会社
佑成工業株式会社,福岡県宗像市東郷２丁目１番４３号,2020-04-20,株式会社
出口企画合同会社,東京都葛飾区東金町３丁目６番地２４号スカイコート金町第三,2020-04-20,合同会社
医療技術支援合同会社,東京都中央区京橋２丁目２番１号税理士法人トラスティル内,2020-04-20,合同会社
医療法人つちやクリニック,福島県東白川郡塙町大字塙字材木町１０番地１,2020-04-20,その他の設立登記法人
医療法人やまのかみ,熊本県熊本市東区山ノ神２丁目１４番５５号,2020-04-20,その他の設立登記法人
医療法人幸生会,宮崎県宮崎市清水１丁目４番５,2020-04-20,その他の設立登記法人
医療法人社団クララクリニック,新潟県新潟市西区青山７丁目３番２０号３,2020-04-20,その他の設立登記法人
医療法人社団嗣栄会,千葉県佐倉市西ユーカリが丘４丁目１番５,2020-04-20,その他の設立登記法人
医療法人社団大晴会,千葉県鎌ケ谷市東道野辺７丁目２２番４６号ＫＵ馬込沢ビル１０１号室,2020-04-20,その他の設立登記法人
医療法人社団由佑会,埼玉県上尾市大字上尾村５４２番地１,2020-04-20,その他の設立登記法人
医療法人社団純恵会,千葉県船橋市習志野台１丁目３８番１１号北習志野メディカルプラザ１・２Ｆ,2020-04-20,その他の設立登記法人
医療法人社団輝会,千葉県流山市南流山３丁目１６番地１１甲栄第一レジデンス１０１,2020-04-20,その他の設立登記法人
医療法人道志会,新潟県長岡市下々条町２８３６番地１,2020-04-20,その他の設立登記法人
協栄Ｊ＆Ｔ環境株式会社,三重県津市雲出鋼管町１番地,2020-04-20,株式会社
合同会社すぎとやま,徳島県勝浦郡上勝町大字福原字栩ケ谷８１番地,2020-04-20,合同会社
合同会社ふじさわ,香川県高松市宮脇町１丁目８番２６号,2020-04-20,合同会社
合同会社みはらし,長野県松本市大字中山６３４３番地,2020-04-20,合同会社
合同会社アクティブシニア長岡,新潟県長岡市中島３丁目１０番２１号,2020-04-20,合同会社
合同会社アルクス,福岡県福岡市博多区博多駅東２丁目８番２６－２０５号,2020-04-20,合同会社
合同会社グリセコ,北海道虻田郡倶知安町南三条東６丁目２番地８５,2020-04-20,合同会社
合同会社コスモスプラス,埼玉県上尾市愛宕２丁目１２番２４号,2020-04-20,合同会社
合同会社サイルス,東京都中央区日本橋大伝馬町６番２号グリーンパーク日本橋参番館５０１号,2020-04-20,合同会社
合同会社ジパング,鹿児島県鹿児島市城南町７番４７－３０５号,2020-04-20,合同会社
合同会社セリーニ,東京都板橋区舟渡２丁目８番１０号９０２,2020-04-20,合同会社
合同会社ナカユミ,東京都江東区古石場２丁目１３番１－８０３号,2020-04-20,合同会社
合同会社ヒロ,東京都新宿区西新宿７丁目１番７号新宿ダイカンプラザＡ１０１８,2020-04-20,合同会社
合同会社メタボリズム,東京都中野区中央２丁目５３－６中野中央ハイツ３０４,2020-04-20,合同会社
合同会社モノリス,滋賀県長浜市草野町５３,2020-04-20,合同会社
合同会社ユーコムプラスワン,福島県会津若松市門田町大字一ノ堰字村西６４８番地,2020-04-20,合同会社
合同会社ライフプロテクト,愛知県名古屋市港区いろは町２丁目６２番地の１スペリアいろは公園３０６号,2020-04-20,合同会社
合同会社レクソル,北海道札幌市豊平区月寒東四条１０丁目２番８号,2020-04-20,合同会社
合同会社ロチュスファーム,北海道恵庭市牧場３０２番地１,2020-04-20,合同会社
合同会社ワンス,神奈川県川崎市川崎区追分町８番１１号,2020-04-20,合同会社
合同会社三合盛,神奈川県川崎市川崎区東田町８番地パレール川崎ブルー館１１６,2020-04-20,合同会社
合同会社丸祥,京都府京都市上京区宮垣町９３リバーサイド荒神口３０２,2020-04-20,合同会社
合同会社凜,熊本県熊本市北区植木町大和７８番地７,2020-04-20,合同会社
合同会社友愛レンタル,沖縄県宮古島市伊良部字池間添２３７番地７,2020-04-20,合同会社
合同会社境商店,埼玉県朝霞市浜崎４丁目６番５５－５０３号,2020-04-20,合同会社
合同会社大多喜ＳＥＳ,千葉県夷隅郡大多喜町大多喜１１１番地１３,2020-04-20,合同会社
合同会社安本企画,奈良県葛城市南今市９０番地２,2020-04-20,合同会社
合同会社実態,長野県木曽郡上松町大字上松９５９番地４,2020-04-20,合同会社
合同会社富谷組,千葉県八街市榎戸２０８番地１榎戸２階,2020-04-20,合同会社
合同会社潤創苑,神奈川県横浜市南区井土ケ谷中町５７－１,2020-04-20,合同会社
合同会社碧生,熊本県熊本市中央区横手２丁目１番６０号,2020-04-20,合同会社
合同会社経伸,大阪府岸和田市磯上町５丁目１５番５１号,2020-04-20,合同会社
合同会社Ａ２,愛知県名古屋市中区栄４丁目１３番４号,2020-04-20,合同会社
合同会社ＡＬＬサポート,佐賀県武雄市武雄町大字武雄５６０９番地６ＣＩＴＹＨＯＵＳＥｉｎ武雄３０７号,2020-04-20,合同会社
合同会社Ａｌｉｖｅ　Ｈｏｍｅ,北海道札幌市白石区本通４丁目北１番４号コンツェルト白石２階,2020-04-20,合同会社
合同会社Ｂｅｓｔｉｅ,東京都八王子市大和田町３丁目２１番２４号Ｇ×ＳＴＹＬＥ－ＯＷＡＤＡ－２Ｄ,2020-04-20,合同会社
合同会社ＤＥＳＲＯＷ,東京都台東区上野３丁目１４番２号ＵｅｎｏＹｏｕｒ２ｎｄ４０５号,2020-04-20,合同会社
合同会社Ｄｅｊａｖｕ,東京都台東区清川２丁目３６－１２朝日グリーンハイツ２０１号室,2020-04-20,合同会社
合同会社Ｄｌｉｆｅ,京都府京田辺市薪小欠１番地４９,2020-04-20,合同会社
合同会社ＥＣＯ　ＥＡＲＴＨ,愛知県清須市土器野２９６番地１,2020-04-20,合同会社
合同会社ＦＯＳＳ,神奈川県川崎市多摩区西生田２丁目１４－２６,2020-04-20,合同会社
合同会社ＦＵＮＣＬＵＢ,三重県津市久居新町１１５７番地１２,2020-04-20,合同会社
合同会社Ｆｌａｔ　Ｔ　ＡＭＯ,神奈川県藤沢市大庭５２０３番地の１９,2020-04-20,合同会社
合同会社ＧＯＬＤコネクト,石川県金沢市山科町ツ４７番地３２,2020-04-20,合同会社
合同会社Ｇｏｌｄｅｎ　Ｂｌｏｓｓｏｍ,福岡県筑紫野市二日市中央３丁目９－４６－１００３号,2020-04-20,合同会社
合同会社ＩＲＥ,愛知県名古屋市昭和区鶴舞３丁目１２番２号,2020-04-20,合同会社
合同会社Ｋｕｋｋａｒｔ,岡山県加賀郡吉備中央町円城２１５,2020-04-20,合同会社
合同会社Ｍ＆Ｈ,北海道釧路市弥生１丁目８番１６号,2020-04-20,合同会社
合同会社Ｍ＆Ｎ,千葉県柏市松葉町２丁目２９番地７,2020-04-20,合同会社
合同会社ＭＩＴＯＭＯ,埼玉県熊谷市銀座７丁目１４９番地アヴニール熊谷１号棟１０５,2020-04-20,合同会社
合同会社ＭＲＩプロジェクト,千葉県鎌ケ谷市鎌ケ谷２丁目１０番５０号,2020-04-20,合同会社
合同会社ＭｉｃｈｉＬａｂ,東京都多摩市関戸６丁目６番地１６ニュースカイ桜ヶ丘Ｂ１,2020-04-20,合同会社
合同会社Ｎｏｎｅ,熊本県熊本市中央区下通１丁目２－９セブンビル４Ｆ,2020-04-20,合同会社
合同会社ＳＨＩＮエステート,東京都豊島区池袋本町１丁目１５番１１号,2020-04-20,合同会社
合同会社ＳＴＵＤＩＯ　ＤＯＭ,東京都杉並区高円寺南４丁目２５番７号,2020-04-20,合同会社
合同会社ＴＲＡＵＭ,長野県安曇野市穂高有明３５７８番地１,2020-04-20,合同会社
合同会社Ｔｈｅ　ｔｈｅｏｐ,広島県広島市南区黄金山町２０番９号,2020-04-20,合同会社
合同会社ＵＰ　ＳＴＡＲＴ,神奈川県川崎市宮前区犬蔵２丁目５番３５号ソフィアたまプラーザ２０３号室,2020-04-20,合同会社
合同会社ＵＴＳＵＷＡ　ＧＬＯＢＡＬ,三重県四日市市八千代台１丁目１番地５,2020-04-20,合同会社
合同会社ＷＥＬＬＶＹ,埼玉県さいたま市見沼区深作１丁目３番６号,2020-04-20,合同会社
合同会社ＹＭ,東京都八王子市石川町１９２０番地石川団地１０－２０１,2020-04-20,合同会社
合同会社ＹＯＧ,福岡県福岡市博多区中洲１丁目４－１３,2020-04-20,合同会社
合同会社ａｔ　Ｌａｂ,滋賀県大津市中央４丁目３番２６－２０５号,2020-04-20,合同会社
合同会社ｓｉｇｍｏｖ,長野県長野市三輪８丁目４９番７号,2020-04-20,合同会社
合同会社ｓｏｕ,東京都北区西ケ原１丁目２６番２－９０２号,2020-04-20,合同会社
合同会社ｔｈｅＡｔｅｒ,大阪府大阪市中央区久太郎町４丁目１－３大阪センタービル６Ｆ,2020-04-20,合同会社
唐津リノベーション不動産株式会社,佐賀県唐津市熊原町３０９８番地２,2020-04-20,株式会社
富橋ホールディングス株式会社,埼玉県さいたま市南区内谷４丁目１番１４－３号,2020-04-20,株式会社
小石川合同会社,東京都文京区小石川５丁目１７番５号エデュコート小石川２０１,2020-04-20,合同会社
山手ランド株式会社,大阪府大阪市阿倍野区阿倍野筋３丁目３番１８号,2020-04-20,株式会社
岡本フーズ株式会社,埼玉県日高市大字高萩１０７１番地１,2020-04-20,株式会社
岡野工業合同会社,北海道札幌市清田区美しが丘一条８丁目５番１４号,2020-04-20,合同会社
康成建設株式会社,宮崎県小林市細野４５３９番地６,2020-04-20,株式会社
德林投資株式会社,埼玉県川口市並木２丁目４１番９－４Ｆ,2020-04-20,株式会社
日向株式会社,大阪府大阪市阿倍野区天王寺町南３丁目五番１４－８０５号,2020-04-20,株式会社
日本物流機構株式会社,東京都江東区有明３丁目７番２６号有明フロンティアビルＢ棟９Ｆ,2020-04-20,株式会社
有限会社ふじや旅館,長野県佐久市大字伴野１１３５番地１,2020-04-20,有限会社
東洋株式会社,東京都板橋区高島平７丁目１２番８号ハイランド赤尾４０１,2020-04-20,株式会社
柏利海洋科技養殖日本株式会社,東京都新宿区新宿２丁目２－１－１４０１,2020-04-20,株式会社
株式会社あかがわ建築設計室,新潟県新潟市中央区親松１１番地９,2020-04-20,株式会社
株式会社かね善,北海道札幌市中央区北一条西２３丁目２番３号,2020-04-20,株式会社
株式会社げりご,山口県萩市大字土原４１７番地,2020-04-20,株式会社
株式会社ひびき,埼玉県東松山市箭弓町１丁目１２番１１号,2020-04-20,株式会社
株式会社ふれあいパートナー,埼玉県戸田市大字新曽１６３５番地の１－２０１号,2020-04-20,株式会社
株式会社アイシャイン・インターナショナル,神奈川県川崎市中原区井田中ノ町１４番６５号,2020-04-20,株式会社
株式会社アシストツリー,大阪府堺市中区土塔町１０８番地５６,2020-04-20,株式会社
株式会社アニコー,北海道札幌市白石区南郷通１５丁目北２－１６,2020-04-20,株式会社
株式会社アルティ,東京都国立市中２丁目１７番地の４０,2020-04-20,株式会社
株式会社アンジュ,埼玉県さいたま市見沼区大字東宮下５１１番地,2020-04-20,株式会社
株式会社イコール,岐阜県岐阜市蔵前４丁目１番１１号,2020-04-20,株式会社
株式会社イートナル,鹿児島県南九州市知覧町郡４８１０番地１８,2020-04-20,株式会社
株式会社エスティー,静岡県沼津市西間門１５４番地の２,2020-04-20,株式会社
株式会社エチカ,東京都新宿区北新宿１丁目２３番１７号２１３号室,2020-04-20,株式会社
株式会社エボシー,大阪府守口市大日東町４番Ｇ－３７０４号,2020-04-20,株式会社
株式会社エムズベアー,東京都江東区豊洲１丁目３番２号,2020-04-20,株式会社
株式会社エーゼットプランニング,栃木県佐野市植上町１７６５番地,2020-04-20,株式会社
株式会社エーメイト,岡山県新見市神郷高瀬３５５７番地３,2020-04-20,株式会社
株式会社オーワイピー,京都府京都市南区吉祥院流作町３１番地,2020-04-20,株式会社
株式会社クランマール,神奈川県川崎市幸区小倉３丁目１２番１１号,2020-04-20,株式会社
株式会社グリーンステージ加須,埼玉県加須市割目１７３番地,2020-04-20,株式会社
株式会社コスメスタッフィング,東京都江東区有明３丁目７番２６号有明フロンティアビルＢ棟９階,2020-04-20,株式会社
株式会社コーラルクリエイト,埼玉県さいたま市緑区大字間宮１５８番地１３,2020-04-20,株式会社
株式会社サスティブ,佐賀県武雄市朝日町大字中野１０１５３番地４,2020-04-20,株式会社
株式会社サワテック,長野県下伊那郡豊丘村大字神稲１２３７２番地１,2020-04-20,株式会社
株式会社サンクレスト・リノス,東京都国立市富士見台２丁目１番地の３０シティテラス国立７２１,2020-04-20,株式会社
株式会社サンジャパン,神奈川県川崎市宮前区野川４０３１番地,2020-04-20,株式会社
株式会社サン久配送,大阪府富田林市梅の里１丁目２６番１１号,2020-04-20,株式会社
株式会社サヴォイア,高知県高知市追手筋１丁目８番１８号４Ｆ,2020-04-20,株式会社
株式会社ザキュン,東京都江東区大島１丁目３番１－７１０号,2020-04-20,株式会社
株式会社シブタニ,京都府八幡市橋本狩尾１番地１４０,2020-04-20,株式会社
株式会社シルバーサポートジャパン,福岡県福岡市中央区港１丁目２番１８号,2020-04-20,株式会社
株式会社シルフィ,広島県広島市西区東観音町２番１５号,2020-04-20,株式会社
株式会社シーユーアゲイン,福岡県福岡市西区富士見２丁目１番１６－１０１号,2020-04-20,株式会社
株式会社ジェイアイティ,東京都千代田区神田紺屋町３８番地,2020-04-20,株式会社
株式会社ジャッジング,埼玉県川口市大字安行藤八３２８番地の２ベルメゾンアン２０６号,2020-04-20,株式会社
株式会社ジョイフードサービス,茨城県水戸市東野町２８４番地の１３１,2020-04-20,株式会社
株式会社スタートゲート,東京都杉並区梅里２丁目４０番１６号,2020-04-20,株式会社
株式会社タングラボ・ジャパン,京都府京都市下京区中堂寺粟田町９３番地ＫＲＰ４号館３階ＫＲＰ・ＢＩＺ・ＮＥＸＴ,2020-04-20,株式会社
株式会社ダブルスリー,福岡県福岡市中央区天神３丁目５番８号２Ｆ－Ａ,2020-04-20,株式会社
株式会社テックＴＥＣコンサル,栃木県小山市西城南２丁目１５番地８,2020-04-20,株式会社
株式会社テニスプレイス,愛知県常滑市西阿野字春瀬１７２番地の５,2020-04-20,株式会社
株式会社テリヤキ,埼玉県比企郡滑川町大字羽尾１４２０番地２,2020-04-20,株式会社
株式会社デーリィサポート,北海道野付郡別海町泉川２７番地１３,2020-04-20,株式会社
株式会社トライアル・インシュアランス・サービス,福岡県福岡市東区多の津１丁目１２番２号,2020-04-20,株式会社
株式会社トライド,千葉県我孫子市岡発戸９１３番地の７,2020-04-20,株式会社
株式会社トリエイド,福岡県北九州市小倉南区企救丘５丁目１８番３２号,2020-04-20,株式会社
株式会社トータルプロデュースモコ,青森県青森市中央１丁目３０番３号,2020-04-20,株式会社
株式会社ナスメディック,青森県八戸市吹上４丁目９番６号,2020-04-20,株式会社
株式会社ナナイロホール,広島県呉市中通３丁目７番６号,2020-04-20,株式会社
株式会社ナビックエンターテインメント,千葉県市原市ちはら台南４丁目２２番地３,2020-04-20,株式会社
株式会社ネクサス,埼玉県草加市青柳５丁目３９番１７号,2020-04-20,株式会社
株式会社ネクスト,沖縄県沖縄市泡瀬２丁目２８－１７,2020-04-20,株式会社
株式会社ネクストイノベーション,大阪府大阪市中央区高津３丁目１５番１２－８０３号,2020-04-20,株式会社
株式会社ネットワーク警備,長野県飯田市北方２５５３番地１,2020-04-20,株式会社
株式会社ノーサイド,京都府京都市下京区中堂寺粟田町９３番地ＫＲＰ４号館３階ＫＲＰＢＩＺＮＥＸＴ,2020-04-20,株式会社
株式会社ハイクラッチ,神奈川県横浜市神奈川区鶴屋町３丁目３３－２０若葉ビル４階,2020-04-20,株式会社
株式会社ハイブマインド,東京都西東京市田無町５丁目４番８号第一和光ビル２０９室,2020-04-20,株式会社
株式会社バディ,東京都三鷹市下連雀３丁目８番１５号－６０１,2020-04-20,株式会社
株式会社フジコンサルタンツ,愛知県豊橋市大橋通３丁目５３番地（２０３）,2020-04-20,株式会社
株式会社フラットストーン,高知県南国市小籠７８番地３８,2020-04-20,株式会社
株式会社フレイ,千葉県松戸市古ケ崎７０ワークオフィス松戸古ヶ崎２０８,2020-04-20,株式会社
株式会社ブライトテイル,東京都渋谷区東３丁目６番２２号,2020-04-20,株式会社
株式会社ブリッジ,大阪府大阪市北区西天満４丁目１２番３号,2020-04-20,株式会社
株式会社ブルート・フォース,福岡県福岡市中央区平尾２丁目５番８号,2020-04-20,株式会社
株式会社ブルーノ,東京都葛飾区小菅４丁目２１番１０号エレガンス綾瀬フォース２０７,2020-04-20,株式会社
株式会社ブレイク,埼玉県さいたま市大宮区宮町５丁目６９番地Ｇｒａｎｇｅ大宮２０２号,2020-04-20,株式会社
株式会社ベルミート,東京都足立区谷在家２丁目２１番９号,2020-04-20,株式会社
株式会社マザーアーチ,大阪府大阪市北区堂山町一丁目５番地,2020-04-20,株式会社
株式会社マッケンジーファーム,北海道士別市上士別町十七線南６１番地,2020-04-20,株式会社
株式会社ミヤハウ２１,熊本県熊本市西区島崎２丁目１１番１８号,2020-04-20,株式会社
株式会社ヤスダ,埼玉県三郷市高州２丁目３７８番地１３,2020-04-20,株式会社
株式会社ユニレ企画,埼玉県越谷市瓦曽根２丁目５番３号,2020-04-20,株式会社
株式会社ラテ,神奈川県横浜市西区平沼１丁目３４番８号パーク・ノヴァ横浜五番館４０３号室,2020-04-20,株式会社
株式会社ワインクレディブル,奈良県奈良市あやめ池北３丁目２番１５号,2020-04-20,株式会社
株式会社ワンチーム・サービス,埼玉県新座市野火止５丁目１５番５１号グラースカルムＣ棟,2020-04-20,株式会社
株式会社ワン・エイト・クリエイティブ,埼玉県新座市野火止８丁目１８番２０号,2020-04-20,株式会社
株式会社ワークセイバー,滋賀県米原市入江１６７４番地１,2020-04-20,株式会社
株式会社ヴェロックス,福岡県糟屋郡粕屋町仲原３丁目１番３号２０３号,2020-04-20,株式会社
株式会社一心,埼玉県さいたま市見沼区大字御蔵４１番地１５,2020-04-20,株式会社
株式会社三善,埼玉県越谷市宮本町４丁目５８番地１２,2020-04-20,株式会社
株式会社三谷清掃,愛知県蒲郡市三谷町若宮２１０番地２,2020-04-20,株式会社
株式会社下川建築設計事務所,大阪府高石市取石５丁目１０番１２－６０１号,2020-04-20,株式会社
株式会社中島工務店,大阪府大阪市港区港晴３丁目１２番４号,2020-04-20,株式会社
株式会社伴走社,兵庫県神戸市長田区若松町２丁目１番３号,2020-04-20,株式会社
株式会社住まいるハウジング,大阪府大阪市西成区潮路１丁目１０－１林岸里駅前ビル１北側,2020-04-20,株式会社
株式会社共生,岡山県岡山市北区田中６２６番８,2020-04-20,株式会社
株式会社千手,宮城県名取市飯野坂６丁目２番１号,2020-04-20,株式会社
株式会社友進建設,石川県金沢市松村６丁目１６６番地６,2020-04-20,株式会社
株式会社叶,埼玉県久喜市久喜北２丁目３３番１９号,2020-04-20,株式会社
株式会社吉川建窓,北海道函館市亀田本町２７番３号,2020-04-20,株式会社
株式会社圖師,長野県松本市南原２丁目１７番１４号,2020-04-20,株式会社
株式会社大日技建,広島県福山市手城町２丁目１１番７号,2020-04-20,株式会社
株式会社大紀,神奈川県相模原市南区相武台１丁目１６番９－４０４号,2020-04-20,株式会社
株式会社安井,神奈川県横浜市戸塚区上矢部町６９０番地１９,2020-04-20,株式会社
株式会社家具屋ねん,東京都中央区新川２丁目２０－１０Ｌｏｇ新川９０１,2020-04-20,株式会社
株式会社山真工業,青森県五所川原市金木町嘉瀬雲雀野１４４番地３,2020-04-20,株式会社
株式会社山陽,東京都練馬区大泉町３丁目１７番１３号,2020-04-20,株式会社
株式会社市川,愛知県岡崎市上和田町字サジ１番地１,2020-04-20,株式会社
株式会社彩優館,埼玉県狭山市大字青柳６３７番地の３,2020-04-20,株式会社
株式会社志向伝,千葉県千葉市中央区白旗２丁目１３－１１,2020-04-20,株式会社
株式会社新秀,長野県塩尻市大字広丘郷原６４１番地,2020-04-20,株式会社
株式会社日療,千葉県千葉市花見川区犢橋町６２番地２７,2020-04-20,株式会社
株式会社東大野商店,岩手県九戸郡洋野町大野第４地割５２番地７,2020-04-20,株式会社
株式会社東洋管財,兵庫県西宮市大社町１２番１５－５０３号,2020-04-20,株式会社
株式会社東邦ディール,愛媛県松山市山西町７９６番地１,2020-04-20,株式会社
株式会社海と桜のメモリアル,兵庫県尼崎市東園田町５丁目１３７番セントラルイレブン４０２,2020-04-20,株式会社
株式会社甲斐工業,宮崎県延岡市東海町１８８－２,2020-04-20,株式会社
株式会社盛建設,青森県黒石市黒石８４番地,2020-04-20,株式会社
株式会社祐測量設計,熊本県熊本市中央区水前寺公園２８番６号,2020-04-20,株式会社
株式会社福﨑組,愛知県一宮市高田字郷廻り１１７番地,2020-04-20,株式会社
株式会社秀林,東京都新宿区原町２丁目１２番地,2020-04-20,株式会社
株式会社継産社,東京都墨田区東向島４丁目２５番１０号,2020-04-20,株式会社
株式会社織田電工,静岡県浜松市中区佐鳴台２丁目７番１３号,2020-04-20,株式会社
株式会社興隆,北海道札幌市中央区南三条西８丁目４番２号ライオンズシティ南３条１０５号室,2020-04-20,株式会社
株式会社薩摩畳,鹿児島県鹿児島市小山田町７３９４番地１,2020-04-20,株式会社
株式会社豪設計,福岡県糟屋郡新宮町大字上府５９２番地２７,2020-04-20,株式会社
株式会社赤坂捺染,群馬県太田市東新町３６８番地３－１０３号,2020-04-20,株式会社
株式会社道脇工業,京都府京都市山科区大宅岩屋殿３番１０５,2020-04-20,株式会社
株式会社達建工,京都府京都市山科区東野中井ノ上町２番地８９,2020-04-20,株式会社
株式会社里季,青森県弘前市大字代官町４９番地２中央ビル３階３０２号,2020-04-20,株式会社
株式会社関東冷熱工業,埼玉県桶川市鴨川１丁目１８番２１号,2020-04-20,株式会社
株式会社阪口ブリキ店,大阪府堺市南区稲葉１丁３１０９番地１,2020-04-20,株式会社
株式会社髭マル,茨城県筑西市藤ケ谷１６１５番地７ビレッジハウス２－３０７,2020-04-20,株式会社
株式会社４Ｃサポート,埼玉県川越市新宿町４丁目９番地１４（セドルハイム川越３０１号室）,2020-04-20,株式会社
株式会社Ａ‐Ｚ,大阪府大阪市北区天神橋２丁目５番１６号星合ビル５階,2020-04-20,株式会社
株式会社Ａ＆Ｔファミリー,静岡県焼津市小柳津４８６番地,2020-04-20,株式会社
株式会社Ａ．Ｏ,大阪府大阪市中央区南船場２丁目４番８号長堀プラザビルＢ１Ｆ（ＬＯＢＢＹ内）,2020-04-20,株式会社
株式会社ＡＫＯＹＡ,静岡県浜松市北区引佐町東黒田５８番地の１,2020-04-20,株式会社
株式会社ＡＰＥＸロジスティクスジャパン,東京都中央区日本橋１丁目１３番１号日鉄日本橋ビル３階,2020-04-20,株式会社
株式会社ＡＴＨＬＡＢＥＬＬ,東京都板橋区板橋３丁目８－６,2020-04-20,株式会社
株式会社Ｂｅｔｔｅｒ　Ｌｉｆｅ　Ｐａｒｔｎｅｒ,神奈川県藤沢市善行１丁目２２番地４号サニー１９、１０５号室,2020-04-20,株式会社
株式会社Ｂｕｄｄｙ,佐賀県佐賀市大和町大字久池井２６２２番地５,2020-04-20,株式会社
株式会社Ｃ＆Ｔモータース,石川県金沢市駅西本町３丁目１番３号,2020-04-20,株式会社
株式会社ＣＯＮＮＥＣＴ　ＯＮＥ,東京都中央区月島１丁目１３番３号,2020-04-20,株式会社
株式会社ＣＰセレクト,神奈川県川崎市高津区下作延２丁目７番－５クイーンズタウン４０２,2020-04-20,株式会社
株式会社Ｃｏｎ－Ｊｏｉｎ,岡山県岡山市南区福富西１丁目４番５号,2020-04-20,株式会社
株式会社Ｄ－ｉｎｖｅｓｔｍｅｎｔ,福岡県福岡市博多区東平尾２丁目１３番２２号,2020-04-20,株式会社
株式会社Ｄｅｂｕｔ,宮城県仙台市青葉区一番町２丁目６－１シティハウス１番町中央２階,2020-04-20,株式会社
株式会社Ｄｅｅｐｔｏｎｅ,東京都墨田区京島３丁目５０番９号,2020-04-20,株式会社
株式会社ＥＣＯＭ,静岡県焼津市中新田１６７８番地,2020-04-20,株式会社
株式会社ＥＧ不動産,福岡県福岡市博多区博多駅前３丁目７番３号皐月マンション博多１１０４号,2020-04-20,株式会社
株式会社Ｆ’ｓ,千葉県千葉市中央区新宿２丁目６番１４－８０９号,2020-04-20,株式会社
株式会社ＧＭｃｒｅｓｔ,新潟県三条市須戸新田１４７５番地５,2020-04-20,株式会社
株式会社ＧＯＯＦＹ－ＲＥＳＰＥＣＴ,大阪府堺市堺区賑町４丁２番１０号ティーホームズ賑１０１号,2020-04-20,株式会社
株式会社Ｇｒｅｅｎ　Ｐｌａｃｅ,静岡県袋井市三門町３番地の８,2020-04-20,株式会社
株式会社Ｈａｐｐｙ　Ｌｉｆｅ,長野県諏訪市諏訪１丁目２番１７号,2020-04-20,株式会社
株式会社Ｉ’ＬＬ,石川県野々市市三納３丁目１８８番地ＴＳアムール３０３号,2020-04-20,株式会社
株式会社ＩＧＵ,東京都杉並区下井草３丁目４０番１３号ビーハイム栗山２０２,2020-04-20,株式会社
株式会社ＩＫＤ,東京都墨田区緑３丁目２２番１－１０７号両国緑スカイハイツ,2020-04-20,株式会社
株式会社Ｉｎｔｅｒａｃｔｏｒ,東京都日野市栄町２丁目５番１９,2020-04-20,株式会社
株式会社Ｊ・Ｆトレーディング,群馬県伊勢崎市三室町４１５７番地２,2020-04-20,株式会社
株式会社ＪＯＳ,大分県大分市大字中戸次７８８番地の１,2020-04-20,株式会社
株式会社Ｋ　ａｎｄ　Ｋ　Ｐｌａｎｎｉｎｇ,埼玉県さいたま市南区鹿手袋４丁目５番１号,2020-04-20,株式会社
株式会社Ｋ．Ｃｒａｆｔ,広島県広島市安佐北区亀山７丁目６番１１－４号,2020-04-20,株式会社
株式会社Ｋａｉ　Ｐｌａｎｎｉｎｇ,神奈川県横須賀市汐入町４丁目１６,2020-04-20,株式会社
株式会社Ｌ’ｅａｕ,兵庫県尼崎市道意町１丁目１番地,2020-04-20,株式会社
株式会社ＬＡＰＩＳ,東京都西東京市田無町３丁目７番４号,2020-04-20,株式会社
株式会社ＬＰＳＳ,東京都千代田区神田神保町３丁目１２番３号,2020-04-20,株式会社
株式会社ＭＩＲＡＩ,広島県広島市中区上八丁堀７番１６－２０１号,2020-04-20,株式会社
株式会社ＭｅｄｉｃａＮＥＸＴ,埼玉県蓮田市大字上平野６０４番地１,2020-04-20,株式会社
株式会社ＮＡＤＥＹＡ,岡山県岡山市南区並木町１丁目４番１９号,2020-04-20,株式会社
株式会社ＮＥＮＥ,大阪府大阪市都島区毛馬町２丁目１０番３３－４０３号,2020-04-20,株式会社
株式会社ＮＥＰＫＩ,北海道沙流郡平取町字二風谷８０－３８,2020-04-20,株式会社
株式会社ＮＯＶＯ．Ｓ,東京都新宿区大久保１丁目１番３０号,2020-04-20,株式会社
株式会社ＯＮＥ・ＷＥＳＴ,徳島県美馬市脇町大字猪尻字西分１６４番地１１,2020-04-20,株式会社
株式会社ＰＬＯＷ,東京都千代田区九段南１丁目５番６号,2020-04-20,株式会社
株式会社ＰＯＣＫｅＴ,宮城県仙台市宮城野区中野５丁目３番地の３７,2020-04-20,株式会社
株式会社Ｒ‐ＶＩＳＩＯＮ,愛知県碧南市福清水町２丁目６０番地,2020-04-20,株式会社
株式会社Ｒ．Ｇ－ＯＮＥ,東京都江東区住吉２丁目７番地１６号,2020-04-20,株式会社
株式会社Ｒ３２,東京都北区赤羽１丁目４１番８号,2020-04-20,株式会社
株式会社ＲＥＳＴＯＮＥ,茨城県笠間市稲田４２６０番地１,2020-04-20,株式会社
株式会社ＲＫＩ,長野県小諸市大字和田１４０番地１,2020-04-20,株式会社
株式会社Ｒａｖｅｎ,東京都豊島区雑司が谷１丁目７番３号サンハイム１０１号,2020-04-20,株式会社
株式会社Ｒｅｌｉｅｆ　Ｔｒａｄｉｎｇ,埼玉県春日部市中央６丁目３番８号浪江マンション４０１号,2020-04-20,株式会社
株式会社Ｒｈｉｚインターナショナル,東京都八王子市東浅川町６２７番地９シヨン２０１号,2020-04-20,株式会社
株式会社Ｒｏｌｅ　Ｄｅｓｉｇｎ,福岡県福岡市中央区高砂２丁目６番４号,2020-04-20,株式会社
株式会社ＳＡジャパン,大阪府守口市八雲西町２丁目９番１９号,2020-04-20,株式会社
株式会社ＳＤ建築設計事務所,福島県福島市八島町１２番地の２０,2020-04-20,株式会社
株式会社Ｔ＆ＫＭ,神奈川県横浜市都筑区富士見が丘２３番２５号エレガンス富士見が丘１０１,2020-04-20,株式会社
株式会社Ｔ．ＧＲＯＵＰＥ,千葉県柏市大青田１４４３番地１２,2020-04-20,株式会社
株式会社ＴＯＰ　ＪＯＢ,東京都中央区晴海２丁目３番２号,2020-04-20,株式会社
株式会社ＴＲＡＹＳＥＲＶＩＣＥ,千葉県柏市松葉町２丁目１５番８号よしいビル２階,2020-04-20,株式会社
株式会社ＶＥＥＲＳ,石川県金沢市千田町イ５４番地５,2020-04-20,株式会社
株式会社ＶＬＣ,神奈川県相模原市南区相南１丁目２番２号メゾン東林間２０１,2020-04-20,株式会社
株式会社ＷｉｉｃｄｉＱ,北海道札幌市北区北九条西４丁目１番地,2020-04-20,株式会社
株式会社Ｙ．Ｋオフィス,東京都江戸川区西小岩３丁目２８番１４－３０６号メゾン慶応,2020-04-20,株式会社
株式会社ｅ－Ｓｏｎｉｄｏ,東京都新宿区新宿７丁目２６－７ビクセル新宿１Ｆ,2020-04-20,株式会社
株式会社ｉ－ＤＯＧライフパートナーズ,神奈川県横浜市旭区二俣川１丁目６５番地１９,2020-04-20,株式会社
株式会社ｌｉｖｅ　ｔｏｄａｙ,北海道岩見沢市八条西２２丁目３番地３４,2020-04-20,株式会社
株式会社ｍｍｍ．,大阪府大阪市浪速区難波中１丁目１４番８－２０２号,2020-04-20,株式会社
株式会社ｓａｎｋａｋｕ,大阪府東大阪市中鴻池町１丁目９番７号,2020-04-20,株式会社
樹水道株式会社,埼玉県さいたま市見沼区大和田町２丁目９００番地２,2020-04-20,株式会社
潤研研究所株式会社,東京都千代田区東神田２丁目６番７号６０８号室,2020-04-20,株式会社
無限テック合同会社,東京都台東区上野３丁目１４－２,2020-04-20,合同会社
特定非営利活動法人あいづ安心ネット,福島県会津若松市西年貢１丁目４番２６号,2020-04-20,その他の設立登記法人
特定非営利活動法人チーム永源寺,滋賀県東近江市山上町１３５２番地,2020-04-20,その他の設立登記法人
特定非営利活動法人原釜尾浜ワンパーク,福島県相馬市尾浜字北ノ入１４０番地,2020-04-20,その他の設立登記法人
特定非営利活動法人Ｃａｔｓ共存会もふもふ,兵庫県宝塚市野上５丁目１番２７号,2020-04-20,その他の設立登記法人
睦実工務株式会社,東京都新宿区新宿５丁目１８番２０号ルックハイツ新宿８０３号,2020-04-20,株式会社
秋本ビジネスサポート株式会社,北海道札幌市厚別区厚別北三条５丁目１番１－１０５号,2020-04-20,株式会社
第百リース株式会社,東京都渋谷区渋谷３丁目１番４号第百生命ビル,2020-04-20,株式会社
花ＭＡＲＵ株式会社,埼玉県朝霞市北原１丁目１０番１５号,2020-04-20,株式会社
衆和株式会社,静岡県磐田市福田５４９７番地,2020-04-20,株式会社
西日本ウィディング合同会社,佐賀県唐津市相賀７１１番地１９,2020-04-20,合同会社
農事組合法人滝本営農組合,岡山県勝田郡奈義町滝本１６５０番地３,2020-04-20,その他の設立登記法人
高安株式会社,鳥取県米子市河崎１７４２番地４－Ｃ室,2020-04-20,株式会社
鳴幸商事株式会社,徳島県鳴門市撫養町木津１４８３番地１,2020-04-20,株式会社
齋藤土木株式会社,宮城県栗原市瀬峰宮小路原東２３番地１,2020-04-20,株式会社
１ＪＡＰＡＮ株式会社,福岡県久留米市六ツ門町７番１０号,2020-04-20,株式会社
Ａ　ＣＯＮＮＥＣＴ株式会社,大阪府大阪市中央区久太郎町４丁目１番３号大阪センタービル６－１３０,2020-04-20,株式会社
ＡＵＴＯ　ＤＥＡＬ,千葉県東金市日吉台６丁目１６番地１１,2020-04-20,外国会社等
Ａｌｕｂｅｓｈｉ合同会社,東京都板橋区南常盤台１丁目１１－６－１０１,2020-04-20,合同会社
ＢＩＧ　ＴＩＭＥ　ＨＯＬＤＩＮＧＳ　ＬＩＭＩＴＥＤ,,2020-04-20,外国会社等
Ｂｔｓ株式会社,広島県廿日市市佐方４丁目３番３６号,2020-04-20,株式会社
ＤＡＩ建物合同会社,東京都江戸川区宇喜田町１３２２番地６,2020-04-20,合同会社
ＤＥＬＴＡマネジメント合同会社,東京都北区上十条４丁目７番２号,2020-04-20,合同会社
ＤａｔａＣｌｅａｒ株式会社,北海道札幌市中央区大通西１丁目１４－２桂和大通ビル５０　９階,2020-04-20,株式会社
Ｄｅｍｉｔａ株式会社,広島県広島市南区仁保南１丁目１７番１５号,2020-04-20,株式会社
ＥＵＲＯ　ＳＵＲＦ　ＳＴＹＬＥ株式会社,愛知県名古屋市西区栄生１丁目１９番１９号,2020-04-20,株式会社
Ｅｎｘｓ株式会社,山口県下関市熊野西町９番２８－２０２号,2020-04-20,株式会社
Ｆ＆Ｃ　Ｈａｒｍｏｎｉａ合同会社,京都府京都市北区紫野上柳町１２番地２,2020-04-20,合同会社
ＦＡＳ株式会社,長野県長野市大字鶴賀１４２番地６,2020-04-20,株式会社
ＦＵＮＯ　ＥＮＴＥＲＰＲＩＳＥ．株式会社,東京都八王子市久保山町１丁目９－３ＧＲＥＥＮＶＩＬＬＡＧＥ１０４,2020-04-20,株式会社
Ｆｕｒｏ－Ｆｕｓｈｉ　Ｆｉｒｅｂｉｒｄ　Ｐｈｏｅｎｉｘ株式会社,東京都千代田区神田多町２丁目１神田東山ビル７階,2020-04-20,株式会社
ＧｅＮヒーローズ株式会社,京都府京田辺市興戸下ノ川原２番地１５,2020-04-20,株式会社
Ｇｌｏｂａｌ　Ｅｄｕｃａｔｉｏｎ株式会社,北海道札幌市中央区南二十条西１３丁目１番１６号,2020-04-20,株式会社
Ｇｌｏｂａｌ　Ｇａｔｅｗａｙ株式会社,東京都墨田区向島３丁目２番１－９０４号,2020-04-20,株式会社
Ｈ＆Ａ合同会社,愛知県名古屋市千種区星が丘山手４０１番地グランドメゾン星が丘山手Ｃ６１３,2020-04-20,合同会社
Ｈ．Ｅ．Ｃ株式会社,神奈川県横浜市鶴見区岸谷３丁目２７番１７号,2020-04-20,株式会社
ＨＫＧＥ株式会社,東京都墨田区横川４丁目１番２０号１Ｆ－Ａ,2020-04-20,株式会社
Ｈａｒｂｏｒｓｉｄｅ　Ｆｉｎｔｅｃｈ株式会社,東京都千代田区大手町１丁目７－２東京サンケイビル２７階,2020-04-20,株式会社
Ｉ・Ｔ・Ｔ・Ｏアチーブメント株式会社,東京都港区港南２丁目１５－１品川インターシティＡ棟２８階,2020-04-20,株式会社
ＫＳＫ　Ｊａｐａｎ合同会社,北海道札幌市西区八軒七条西１丁目１番２３号,2020-04-20,合同会社
Ｋｉｍ　Ｐｒｏｄｕｃｔｉｏｎ，Ｉｎｃ．,,2020-04-20,外国会社等
ＬＶＲ　Ｉｎｖｅｓｔｍｅｎｔ　Ｍａｎａｇｅｒｓ　Ｃｏ．，Ｌｔｄ．,東京都港区赤坂２丁目１４番１１号天翔オフィス赤坂,2020-04-20,外国会社等
ＭＡＴＡＬＥ　ＮＩＰＰＯＮ,千葉県東金市極楽寺４２５番地１６４Ａ,2020-04-20,外国会社等
ＭＤＣ合同会社,茨城県水戸市南町１丁目３番３６号志村ビル３Ｆ,2020-04-20,合同会社
ＮＰＯ法人出石町家プラス,兵庫県豊岡市出石町嶋７７４番地の３,2020-04-20,その他の設立登記法人
Ｒ＆Ａｓｓｏｃｉａｔｅｓ株式会社,熊本県熊本市中央区新町４丁目１０番８号コヴェントガーデン青山３０３,2020-04-20,株式会社
Ｓｅｅｄ合同会社,東京都中野区中野４丁目１－１中野サンプラザ９階,2020-04-20,合同会社
Ｓｐａｄｉｋａ　Ｓｙｓｔｅｍｓ株式会社,神奈川県横浜市中区花咲町１丁目４８番３号ロゼ桜木町４０６号,2020-04-20,株式会社
ＴＡＭ株式会社,埼玉県川越市大字藤間１１１６番地１,2020-04-20,株式会社
ＴＨＩＲＤ　ＢＬＵＥ株式会社,大阪府大阪市中央区大手通２丁目４番５号,2020-04-20,株式会社
ＴＵＫＴＵＫ　ＳＴＹＬＥ株式会社,千葉県銚子市西芝町１３番地の２３,2020-04-20,株式会社
Ｔｈｉｒｄ　Ｃｏｍｍｕｎｉｔｙ合同会社,東京都文京区小石川３丁目２０番２号,2020-04-20,合同会社
ＷＣＲジャパン合同会社,東京都豊島区池袋本町４丁目２番４号,2020-04-20,合同会社
ＷＥＧＯ株式会社,神奈川県厚木市金田３３９－１,2020-04-20,株式会社
Ｗｏｂｂｌｙ　Ｔｏｏｔｈ　Ｌｉｍｉｔｅｄ,,2020-04-20,外国会社等
ＹＶＣ合同会社,神奈川県横浜市都筑区大棚西３－３－１４０２,2020-04-20,合同会社
ＺＥＥＨＡ　ＨＯＬＤＩＮＧＳ　ＰＶＴ　ＬＴＤ,千葉県東金市極楽寺４２５番地１６４Ｂ,2020-04-20,外国会社等
ａｕｔｏｍａｎ株式会社,千葉県成田市並木町２５番地８５サンモールＢ２０１,2020-04-20,株式会社
ｎ＆ｍクラウド合同会社,東京都江東区東雲１丁目９番３１－２７０９号,2020-04-20,合同会社
すばる税理士法人,千葉県四街道市めいわ３丁目１４番９号,2020-04-21,その他の設立登記法人
つると合同会社,埼玉県越谷市越ヶ谷本町八丁目８番地はかり屋つるとＳＴＵＤＩＯ,2020-04-21,合同会社
みんなの未来エンジニアリング株式会社,東京都中央区日本橋小伝馬町１５番１７号ＡＳＫ日本橋ビル５階,2020-04-21,株式会社
やまねパワー合同会社,東京都港区新橋４丁目１番１号,2020-04-21,合同会社
アイリスケアサポート合同会社,群馬県太田市熊野町３８番８１号,2020-04-21,合同会社
アジェッサ協同組合,茨城県古河市小堤２４６番地,2020-04-21,その他の設立登記法人
アントンライフジャパン株式会社,東京都千代田区外神田１丁目１５番１４号リバティー２号館６階,2020-04-21,株式会社
ウィンベルジャパン株式会社,千葉県市原市天羽田２１番地,2020-04-21,株式会社
ウインソル株式会社,東京都台東区東上野１丁目７番１２号徳永ビル４階,2020-04-21,株式会社
エネクレード株式会社,東京都台東区上野７丁目１３番１０号,2020-04-21,株式会社
エムプラス製作所株式会社,神奈川県川崎市幸区小倉４丁目２２番１８号,2020-04-21,株式会社
オフィス冨永株式会社,福岡県糟屋郡新宮町下府３丁目５番３８号,2020-04-21,株式会社
オプラス株式会社,東京都中央区日本橋蛎殻町１丁目３番５号共同ビル２階２３号,2020-04-21,株式会社
オレンジジャズ合同会社,愛知県名古屋市熱田区幡野町１９番２４号カルティア日比野ＭＩＤＷＥＳＴ２０２号,2020-04-21,合同会社
オークランド株式会社,福岡県福岡市早良区藤崎１丁目２番３６－６０１号,2020-04-21,株式会社
キャリアコネクト協同組合,福岡県三井郡大刀洗町大字上高橋１６４８－２,2020-04-21,その他の設立登記法人
ケイエイトジャパン合同会社,神奈川県横浜市金沢区平潟町３１番１－４０８号,2020-04-21,合同会社
サニーシーズ株式会社,東京都中央区晴海２丁目３番３０－１４０９号,2020-04-21,株式会社
シリウス株式会社,東京都港区浜松町２丁目２番１５号浜松町ダイヤビル２Ｆ,2020-04-21,株式会社
ジャパン・リクルート・ドットコム株式会社,東京都港区南麻布５丁目１０番８－２０２号,2020-04-21,株式会社
セイワ総業株式会社,神奈川県海老名市東柏ケ谷２丁目２１番２４号ベルメゾンさがみ野２０３,2020-04-21,株式会社
ダイヤピース株式会社,東京都千代田区丸の内１丁目５番１号,2020-04-21,株式会社
デナジーサーマル株式会社,東京都千代田区丸の内１丁目６番５号,2020-04-21,株式会社
ハートリンク株式会社,東京都文京区本郷１丁目２８番８－４０６号,2020-04-21,株式会社
フラムティード合同会社,東京都豊島区東池袋２丁目６０番８号シティインデックス池袋１００５号室,2020-04-21,合同会社
ブレイブイノベーション株式会社,東京都江東区亀戸２丁目７番１５号,2020-04-21,株式会社
プラスアグリ協同組合,栃木県宇都宮市平出工業団地９番地２５,2020-04-21,その他の設立登記法人
ポーロアパタイトジャパン株式会社,東京都中央区築地３丁目１１番６号,2020-04-21,株式会社
ミサゴパワー合同会社,東京都港区新橋４丁目１番１号,2020-04-21,合同会社
ミライズ株式会社,静岡県浜松市南区小沢渡町１１１６番地,2020-04-21,株式会社
ミリオンデザイン合同会社,東京都品川区西品川１丁目８番２４号,2020-04-21,合同会社
ヤマチ工業株式会社,宮城県石巻市鹿又字切留６０番地１３,2020-04-21,株式会社
ユウキ株式会社,広島県広島市西区三篠町２丁目１７番５－４０１号,2020-04-21,株式会社
ユニゾンエース株式会社,東京都港区浜松町１丁目２２－６－１１０２,2020-04-21,株式会社
ライフデンタルデザイン合同会社,神奈川県川崎市中原区井田１丁目３６番３号,2020-04-21,合同会社
リスペクトケア株式会社,東京都江戸川区瑞江２丁目９番１９号,2020-04-21,株式会社
リメディアルアシスト株式会社,熊本県熊本市南区富合町大町４２６番地５,2020-04-21,株式会社
ワイズコーポレーション株式会社,広島県福山市西町２丁目５番２２号新東和西町ビル２階,2020-04-21,株式会社
ワイズ株式会社,千葉県館山市洲宮１０８３番地の２,2020-04-21,株式会社
一般社団法人せんだいリノベーションまちづくり実行委員会,宮城県仙台市青葉区国分町１丁目８番１３号,2020-04-21,その他の設立登記法人
一般社団法人みんなのレモネードの会,神奈川県横浜市西区岡野１丁目６番４８－４０２号,2020-04-21,その他の設立登記法人
一般社団法人アソシエーションＪ－Ｃプラットフォーム,東京都港区芝浦４丁目１６番３１号,2020-04-21,その他の設立登記法人
一般社団法人クオリティライフサポート協会,東京都葛飾区細田２丁目６番２号,2020-04-21,その他の設立登記法人
一般社団法人シニアスマイル提案室,富山県富山市五福１４１４番地１,2020-04-21,その他の設立登記法人
一般社団法人ママライフデザイン研究所,愛知県北名古屋市弥勒寺東２丁目１７０番地１,2020-04-21,その他の設立登記法人
一般社団法人ライフセルフケアコーチング協会,島根県出雲市大社町北荒木１３９３番地１,2020-04-21,その他の設立登記法人
一般社団法人丑寅財産管理会,大阪府茨木市丑寅２丁目７番４１号,2020-04-21,その他の設立登記法人
一般社団法人市川スポーツガーデン国府台,千葉県市川市国分２丁目４番５号,2020-04-21,その他の設立登記法人
一般社団法人感考動共育会,東京都世田谷区東玉川２丁目４０番４号,2020-04-21,その他の設立登記法人
一般社団法人日本神社再生機構,徳島県徳島市八万町大坪２２９番地の９,2020-04-21,その他の設立登記法人
一般社団法人未来は人でつくる,山口県宇部市大字東須恵１２７１番地１５,2020-04-21,その他の設立登記法人
一般社団法人東京青商,東京都新宿区歌舞伎町２丁目３９番９号,2020-04-21,その他の設立登記法人
一般社団法人煌珠会,鹿児島県鹿屋市上野町４７５０番地１,2020-04-21,その他の設立登記法人
一般社団法人熱海国際文化交流協会,静岡県熱海市中央町４－１３,2020-04-21,その他の設立登記法人
一般社団法人福島県チャイルドライン推進協議会,福島県福島市置賜町１番２９号,2020-04-21,その他の設立登記法人
一般社団法人高岡さくらプロジェクト,宮崎県宮崎市高岡町五町２６４番地－１０１号,2020-04-21,その他の設立登記法人
一般社団法人龍ケ崎ラグビー協会,茨城県龍ケ崎市１２０,2020-04-21,その他の設立登記法人
一般社団法人Ｇ‐ＴＨＬＥＡＰ,鹿児島県曽於市末吉町二之方５０５３番地７,2020-04-21,その他の設立登記法人
一般社団法人Ｈａｎａｕｔａｂｉｔｏ,東京都港区南青山５丁目１７番２号,2020-04-21,その他の設立登記法人
一般社団法人ＬＯＧＯＳ教育協会,群馬県太田市末広町５４８番地３,2020-04-21,その他の設立登記法人
一般社団法人Ｐｒｏｊｅｃｔ　ＩＮＴＥＧＲＡ,愛知県岡崎市若松町字伝兵衛屋敷１８番地岡崎総合事務所２階,2020-04-21,その他の設立登記法人
一般社団法人Ｗｅｌｌ－Ｂｅｉｎｇ　Ｌｉｖｅ　Ｄａｔａ協議会,東京都千代田区麹町２丁目６番地５,2020-04-21,その他の設立登記法人
一般財団法人小さな絵本美術館,長野県岡谷市長地権現町４丁目６番１３号,2020-04-21,その他の設立登記法人
一般財団法人日越教育・交流協会,鹿児島県霧島市霧島田口２６３８番地３８９,2020-04-21,その他の設立登記法人
一般財団法人ＨＯＴＴＡ財団,佐賀県佐賀市高木瀬西３丁目８番４号,2020-04-21,その他の設立登記法人
両可堂株式会社,大阪府大阪市西区南堀江２丁目４番７号朝日プラザ西道頓堀１１０２号,2020-04-21,株式会社
久保商事合同会社,千葉県銚子市海鹿島町５５３４番地３１,2020-04-21,合同会社
人丸工務店株式会社,兵庫県明石市桜町１２番２５－１００５号,2020-04-21,株式会社
保険オフィスＯＮＥ合同会社,兵庫県姫路市飾磨区構１丁目２０番地,2020-04-21,合同会社
元麻布キャピタル合同会社,東京都港区白金台３丁目１２－３２ロイヤルシーズン白金台４０３,2020-04-21,合同会社
前田興商株式会社,兵庫県加古川市別府町別府９６５番地の８,2020-04-21,株式会社
創源国際株式会社,大阪府大阪市阿倍野区丸山通１丁目５番１号ＭＪＢＬＤ阿倍野５階,2020-04-21,株式会社
北九州協同組合ＮＥＯ,福岡県北九州市小倉南区長尾５丁目１０番２９号,2020-04-21,その他の設立登記法人
医療法人まり会,熊本県熊本市中央区琴平本町３番５４－２号,2020-04-21,その他の設立登記法人
医療法人クレール,熊本県熊本市中央区上通町２－３０ニューキクチビル２Ｆ３－４号,2020-04-21,その他の設立登記法人
医療法人ベルベット,神奈川県大和市大和東１丁目８番６号清水ビル２階,2020-04-21,その他の設立登記法人
医療法人三番町ＳＡＯＲＩ皮膚科,愛媛県松山市三番町１丁目７番地４ＶＴビル１階,2020-04-21,その他の設立登記法人
医療法人令陽会,福岡県みやま市瀬高町下庄２１７１番地,2020-04-21,その他の設立登記法人
医療法人光実会,神奈川県小田原市南鴨宮２丁目３４番１０号,2020-04-21,その他の設立登記法人
医療法人守永クリニック,福岡県福岡市中央区清川３丁目１３番６号,2020-04-21,その他の設立登記法人
医療法人白鈴会浜坂歯科医院,福岡県筑紫野市大字筑紫８１０番地４,2020-04-21,その他の設立登記法人
医療法人社団幸臣会,千葉県船橋市東船橋４丁目２１番５号,2020-04-21,その他の設立登記法人
医療法人社団ＴＯＢＥ,石川県金沢市畝田西３丁目５６２番地,2020-04-21,その他の設立登記法人
医療法人陽向会,神奈川県横須賀市坂本町１丁目２番地,2020-04-21,その他の設立登記法人
千一株式会社,東京都江東区亀戸５丁目６番２１号ＵＩＷ９ＢＬＤＧ２階／４階,2020-04-21,株式会社
南信州クリエイション株式会社,長野県下伊那郡豊丘村大字河野４４７１番地１,2020-04-21,株式会社
双和株式会社,兵庫県芦屋市朝日ケ丘町１番１号,2020-04-21,株式会社
合同会社さんかい酒類販売,北海道札幌市豊平区月寒東三条１９丁目１３番５－１０２号,2020-04-21,合同会社
合同会社にしたかクリーンセンター,兵庫県西脇市上比延町１２４２番地の１,2020-04-21,合同会社
合同会社アドバンス,福岡県北九州市小倉北区室町２丁目４番５－１２０１号,2020-04-21,合同会社
合同会社キアラ,静岡県賀茂郡東伊豆町稲取５３７番地の１ＫアパートＡ２号,2020-04-21,合同会社
合同会社サバイバル,千葉県市川市南八幡４丁目１３番１３号長嶋ハイツ２０２,2020-04-21,合同会社
合同会社ソルチ,埼玉県和光市白子２丁目１２番２８号コリーヌアンソレイエ３０６,2020-04-21,合同会社
合同会社ヒムカデザインフォレスト,宮崎県宮崎市花山手西２丁目２０番地３,2020-04-21,合同会社
合同会社フォックス,東京都新宿区百人町１丁目２１番８号,2020-04-21,合同会社
合同会社フォーシー,千葉県習志野市本大久保２丁目１２番１６号伸和ハイツ大久保２０２号室,2020-04-21,合同会社
合同会社プレステージ,千葉県市川市宝２丁目１４番１２－１０１号,2020-04-21,合同会社
合同会社マツオカ建装,熊本県合志市豊岡字上岡屋敷２５００番３,2020-04-21,合同会社
合同会社ライジングエステート,神奈川県川崎市麻生区片平６丁目８番１９号,2020-04-21,合同会社
合同会社リーフ,熊本県熊本市南区近見６丁目１７番４８号,2020-04-21,合同会社
合同会社レイエル,鹿児島県鹿児島市西陵７丁目３３番９号,2020-04-21,合同会社
合同会社ワークス＆マネジメント,千葉県船橋市東船橋４丁目２４番３号,2020-04-21,合同会社
合同会社三宅基金管理,岐阜県中津川市茄子川１６８３番地の２１９１,2020-04-21,合同会社
合同会社五霞冬木開発,茨城県猿島郡五霞町大字江川８５番地２,2020-04-21,合同会社
合同会社健幸都市Ｉｎｎｏｖａｔｉｏｎ　Ｃｏｍｐａｎｙ３,東京都文京区後楽１丁目４番１４号,2020-04-21,合同会社
合同会社分子ロボット総合研究所,東京都杉並区和田２丁目４７番２１号,2020-04-21,合同会社
合同会社創遊建築企画,沖縄県那覇市字小禄１４３１番地１レイクビュークイーン５０６,2020-04-21,合同会社
合同会社咲さく,北海道札幌市白石区平和通８丁目北５番１３号,2020-04-21,合同会社
合同会社山形特産品ゆうパックの会,山形県山形市大字千手堂５８２番地２,2020-04-21,合同会社
合同会社末広,兵庫県伊丹市稲野町１丁目６番地－６０４号,2020-04-21,合同会社
合同会社水原建工,東京都足立区東綾瀬２丁目１２番６－４１６号,2020-04-21,合同会社
合同会社海,埼玉県さいたま市浦和区上木崎５丁目１３番５号,2020-04-21,合同会社
合同会社灯桜,東京都武蔵野市吉祥寺北町４丁目８番２２号１０２,2020-04-21,合同会社
合同会社由和,宮崎県都城市中原町２０街区１５号,2020-04-21,合同会社
合同会社ＡＣＡヘルスケアアセット１号,東京都千代田区永田町１丁目１１番３０号サウスヒル永田町５階,2020-04-21,合同会社
合同会社ＡＩＲ　ＭＡＮＡＧＥＭＥＮＴ,新潟県妙高市大字赤倉５８５番地１７５,2020-04-21,合同会社
合同会社ＨＩＲＯＩ,大阪府大阪市東淀川区東中島１丁目１３番４３－６０８号,2020-04-21,合同会社
合同会社ＩＤＥＡ,東京都港区西麻布１丁目１４番２号疋田ビル２階,2020-04-21,合同会社
合同会社Ｋ構造設計,東京都調布市国領町３丁目１５番地４－５０４,2020-04-21,合同会社
合同会社ＫＡＲＩＳＵ,千葉県習志野市鷺沼台４丁目９番１９号メゾン本郷１０１号,2020-04-21,合同会社
合同会社ＫＴＳ,宮崎県都城市都北町５６０８番地２,2020-04-21,合同会社
合同会社Ｌｕｃｉａ,大阪府茨木市本町２－２５エール茨木本町３０４,2020-04-21,合同会社
合同会社ＭＯＫＫ,東京都板橋区清水町３８番１－１６１２号,2020-04-21,合同会社
合同会社ＭＵＲＯＴＡ．,大阪府大阪市住之江区南港北１丁目２５番１０,2020-04-21,合同会社
合同会社Ｓ－ＬＩＮＥ,千葉県鎌ケ谷市東道野辺７丁目３番４０－２０１号,2020-04-21,合同会社
合同会社ＳＥ　ｌａｂｏ．ｗｏｒｋｓ,千葉県香取市下小堀３４９番地７,2020-04-21,合同会社
合同会社ＳＴクリーン,東京都府中市美好町２丁目２１番地の４,2020-04-21,合同会社
合同会社ＴＥＣＨ　ＢＡＲＧＥ,大阪府大阪市西区土佐堀３丁目３番１０号,2020-04-21,合同会社
合同会社ＴＭ総合サービス,千葉県印旛郡酒々井町酒々井１７２８番地８,2020-04-21,合同会社
合同会社Ｙ’ｓデリカ,東京都中央区日本橋人形町２丁目５番２号８階,2020-04-21,合同会社
合同会社ＹＯＵＹＯＵ,神奈川県横須賀市西浦賀３丁目１３番１９号,2020-04-21,合同会社
合同会社ｂａｌｓｔａｌｅｙ,千葉県流山市おおたかの森西１丁目７－５－３０５,2020-04-21,合同会社
合同会社ｅ－ｃｏｓＭＥＤＩＡ,東京都港区北青山２丁目７番１３号,2020-04-21,合同会社
合同会社ｔ．ｒｏｏｍ,兵庫県西宮市甲陽園山王町３番６０－２号,2020-04-21,合同会社
合資会社田中屋支店矢沢精肉店,長野県駒ヶ根市中央８番１号,2020-04-21,合資会社
大池運送株式会社,愛知県名古屋市西区上名古屋４丁目７番１２号,2020-04-21,株式会社
学校法人ＰＳＴアカデミー,沖縄県南城市玉城字富里１４３番地,2020-04-21,その他の設立登記法人
孫心まごころ合同会社,愛媛県松山市北斎院町９９５番地１０,2020-04-21,合同会社
富士企画合同会社,東京都江戸川区興宮町１０番８号,2020-04-21,合同会社
山天株式会社,神奈川県横浜市南区睦町１丁目３４番地６,2020-04-21,株式会社
弁護士法人なかま法律事務所,神奈川県横浜市中区相生町４丁目６９関内和孝ビル５階,2020-04-21,その他の設立登記法人
弁護士法人令和,佐賀県佐賀市赤松町１番３１号,2020-04-21,その他の設立登記法人
慶忠産業株式会社,東京都三鷹市下連雀４丁目１１番９号,2020-04-21,株式会社
成和総建株式会社,愛知県名古屋市守山区八剣１丁目１４１２番地,2020-04-21,株式会社
政太郎商店合同会社,大阪府門真市三ツ島２丁目１９番２７号,2020-04-21,合同会社
敬偉科技株式会社,東京都墨田区横川３丁目６番７号２－Ｃ室,2020-04-21,株式会社
新井オフィス合同会社,埼玉県さいたま市浦和区本太４丁目１８番２号,2020-04-21,合同会社
日本海貿易株式会社,島根県出雲市平田町７８９番地４,2020-04-21,株式会社
日本資源株式会社,東京都千代田区紀尾井町３番１号ＫＫＤビル７階,2020-04-21,株式会社
春華合同会社,大阪府大阪市平野区喜連東４丁目６番１６－３０１号,2020-04-21,合同会社
有限会社共和技研,岡山県倉敷市児島下の町９丁目１２番イ２４号,2020-04-21,有限会社
東源合同会社,群馬県伊勢崎市平和町２６番６号,2020-04-21,合同会社
株式会社あすなろ福祉サービス,広島県庄原市三日市町２９８番地３,2020-04-21,株式会社
株式会社おうりん,福岡県福岡市早良区藤崎１丁目２番３６－６０１号,2020-04-21,株式会社
株式会社かぎしっぽ,愛知県江南市小折本町小松原１３２番地,2020-04-21,株式会社
株式会社くらしの相談館,埼玉県桶川市若宮２丁目２７番５号,2020-04-21,株式会社
株式会社こどものみらい,東京都中央区日本橋富沢町４番１０号京成日本橋富沢町ビル１階,2020-04-21,株式会社
株式会社そら,北海道帯広市西二条南８丁目１４番地３,2020-04-21,株式会社
株式会社だるま小僧,神奈川県横浜市緑区十日市場町８１４番地１０,2020-04-21,株式会社
株式会社にゃんにゃんカンパニー,高知県高知市横内１３０番地１,2020-04-21,株式会社
株式会社はまゆき,兵庫県明石市大久保町西島８１６－９,2020-04-21,株式会社
株式会社みやび,兵庫県三木市平田３７８番地,2020-04-21,株式会社
株式会社むらおかファーム,大分県臼杵市野津町亀甲４０１４番地の１,2020-04-21,株式会社
株式会社アイランドヴィーノ,千葉県千葉市中央区富士見２丁目１０番６号ピーアイ千葉富士見ビル４階Ｂ号室,2020-04-21,株式会社
株式会社アップフィールド,神奈川県川崎市中原区小杉御殿町２丁目９７番地６,2020-04-21,株式会社
株式会社アビリティ,岡山県岡山市東区可知５丁目１２４番地６,2020-04-21,株式会社
株式会社アルパ,大阪府大阪市平野区長吉長原４丁目１８番４１号,2020-04-21,株式会社
株式会社アルモントファミリー,千葉県旭市後草９２１番地２,2020-04-21,株式会社
株式会社インディヴィジョン,東京都港区虎ノ門１丁目１番２８号東洋プロパティ虎ノ門ビル９階株式会社虎ノ門会計内,2020-04-21,株式会社
株式会社イーエスティー,愛知県刈谷市原崎町２丁目２０７番地,2020-04-21,株式会社
株式会社ウェーブ,神奈川県藤沢市鵠沼神明２丁目３番２３号,2020-04-21,株式会社
株式会社エッジデザイン,東京都中央区銀座１丁目３番３号Ｇ１ビル７階,2020-04-21,株式会社
株式会社エフティー,東京都三鷹市井の頭４丁目１５番１号,2020-04-21,株式会社
株式会社エム商会,佐賀県鳥栖市元町１２２３番地１エバーライフ鳥栖Ⅱ１２０４,2020-04-21,株式会社
株式会社エージェントパートナー,北海道札幌市中央区南一条東２丁目１１－１ノーザンヒルズ大通東９階,2020-04-21,株式会社
株式会社オランジュ,兵庫県姫路市網干区田井７８番地１,2020-04-21,株式会社
株式会社オリーブ不動産,愛知県名古屋市天白区鴻の巣１丁目２６２０番地,2020-04-21,株式会社
株式会社ギフト,東京都渋谷区恵比寿南３丁目７－７アピス代官山１００２,2020-04-21,株式会社
株式会社クマの貯金箱,東京都北区堀船２丁目６－１１,2020-04-21,株式会社
株式会社クライム,神奈川県相模原市中央区下九沢１１８３番地１７９,2020-04-21,株式会社
株式会社クラウド,神奈川県横浜市緑区新治町５０１番地１ジュピロ弐番館Ｂ号,2020-04-21,株式会社
株式会社クラリノ,愛知県名古屋市東区白壁２丁目４番３０号,2020-04-21,株式会社
株式会社クリーン・アース・バイオ,福岡県北九州市小倉北区宇佐町１丁目８－１３－１０３,2020-04-21,株式会社
株式会社グラスト,愛知県愛西市草平町新佐屋川４１番地５,2020-04-21,株式会社
株式会社グラネット,愛知県名古屋市東区東大曽根町２９番地１１号,2020-04-21,株式会社
株式会社グランツ,愛知県豊橋市松葉町１丁目７０番地Ｔ－１ビル４階東側,2020-04-21,株式会社
株式会社グリュック,東京都江戸川区中葛西１丁目４４番１０号,2020-04-21,株式会社
株式会社グロー・アズ,兵庫県神戸市垂水区歌敷山２丁目９番４０号,2020-04-21,株式会社
株式会社サクラ開発,神奈川県相模原市南区磯部３７０番地１,2020-04-21,株式会社
株式会社サンエステート豊川,愛知県豊川市三上町一本木３０番地,2020-04-21,株式会社
株式会社サンユーライフ,長野県塩尻市大字広丘吉田５８１番地１６８,2020-04-21,株式会社
株式会社サーキュラーペット,東京都千代田区丸の内１丁目１番３号,2020-04-21,株式会社
株式会社サークル,京都府長岡京市滝ノ町１丁目３番１５号,2020-04-21,株式会社
株式会社シード,長野県駒ヶ根市下市場７番７号,2020-04-21,株式会社
株式会社ジャパライフ,東京都江戸川区西葛西３丁目１２番１０号Ｊｕｎｅ・２０ｔｈ３０２,2020-04-21,株式会社
株式会社ジーボス,東京都中央区日本橋人形町３丁目１番１５号,2020-04-21,株式会社
株式会社スターセレクション,東京都渋谷区恵比寿南２丁目２６番１号,2020-04-21,株式会社
株式会社ステディー,東京都足立区扇３丁目７番１１号,2020-04-21,株式会社
株式会社タネ・マキ,大阪府大阪市北区中津１丁目１７番２６号,2020-04-21,株式会社
株式会社ダブルノッツ,大阪府大阪市中央区南船場２丁目４番８号長堀プラザビルＢ１Ｆ－ＬＯＢＢＹ,2020-04-21,株式会社
株式会社チカコアステリ,神奈川県横浜市中区石川町２丁目６５番地４,2020-04-21,株式会社
株式会社テツタロック,東京都福生市南田園１丁目２番地５,2020-04-21,株式会社
株式会社デサフィナード,和歌山県和歌山市紀三井寺８０７番地２,2020-04-21,株式会社
株式会社トトカカ,京都府八幡市男山松里１５－１５－１０３,2020-04-21,株式会社
株式会社ネクスト,広島県広島市安佐南区川内１丁目１７番１１号,2020-04-21,株式会社
株式会社ハイテイル,東京都世田谷区松原３丁目３１番８号,2020-04-21,株式会社
株式会社ハウジングパートナー,千葉県市原市五井中央西２丁目１２番地５,2020-04-21,株式会社
株式会社バックファイナンス,東京都港区麻布十番３丁目４番３号アパートメンツタワー麻布十番８０４号,2020-04-21,株式会社
株式会社パンケーキ不動産,岐阜県岐阜市北一色７丁目２２番５号,2020-04-21,株式会社
株式会社パーソンズ,兵庫県多可郡多可町中区牧野７８７番地１,2020-04-21,株式会社
株式会社ビーパブリッシング,東京都新宿区新宿１丁目３４番１５号新宿エステートビル９階Ａ,2020-04-21,株式会社
株式会社ビーリンク,東京都豊島区池袋２丁目４７番３号,2020-04-21,株式会社
株式会社ピュアフラット,東京都港区東麻布１丁目２９－１５,2020-04-21,株式会社
株式会社ファイブテック,埼玉県所沢市北所沢町２２４２番地の２コーポラス新所沢２０３,2020-04-21,株式会社
株式会社ファン・ムジカ,大阪府大阪市大正区鶴町２丁目１０番１８号,2020-04-21,株式会社
株式会社フェイス,千葉県鎌ケ谷市東中沢３丁目１６番６７号,2020-04-21,株式会社
株式会社フォレストワークス,福島県郡山市喜久田町字寺久保２４番地の７３,2020-04-21,株式会社
株式会社プレゼン製作所,東京都千代田区丸の内１丁目８番３号,2020-04-21,株式会社
株式会社プレンティー・ＩＪＦＡ新設会社,東京都品川区上大崎２丁目２５番５号,2020-04-21,株式会社
株式会社ヘクトル,神奈川県横浜市泉区和泉が丘１丁目１９番１９号,2020-04-21,株式会社
株式会社ベルジュ・ファシリティサービス,東京都港区芝５丁目３６番７号,2020-04-21,株式会社
株式会社マール,長野県長野市若里５丁目１１番５－７０２号,2020-04-21,株式会社
株式会社ミコ,東京都品川区旗の台３丁目１２番２号マドレーヌビルＢ１,2020-04-21,株式会社
株式会社ムサコ,東京都小金井市貫井南町４丁目１０番１５号,2020-04-21,株式会社
株式会社メイク・ア・システム,東京都千代田区二番町９番地３ＴＨＥＢＡＳＥ麹町,2020-04-21,株式会社
株式会社メディカル・コントリビュート,兵庫県三木市大塚１丁目１番２６号,2020-04-21,株式会社
株式会社ヤマモトコウギョウ,神奈川県茅ヶ崎市室田１丁目１３番３１号,2020-04-21,株式会社
株式会社ユウセイ,千葉県千葉市若葉区小倉台２丁目１０３５番地１０２,2020-04-21,株式会社
株式会社ユニバース,長野県長野市大字南長野南石堂町１９７１－８０６,2020-04-21,株式会社
株式会社リミットレスビット,大阪府大阪市中央区道修町３丁目２番５号日本バルク薬品第２ビル５階,2020-04-21,株式会社
株式会社ルミナス,東京都豊島区池袋１丁目７番２４号スパツィオ西山５０１号,2020-04-21,株式会社
株式会社ロイヤル,東京都北区東十条３丁目１６－９第１ヒロビル５階,2020-04-21,株式会社
株式会社ロスジェネ・マネジメント,神奈川県川崎市多摩区枡形３丁目３番３号カミニート１０５,2020-04-21,株式会社
株式会社ロングテール,東京都墨田区業平４丁目６番４号グレイスハイム２０２,2020-04-21,株式会社
株式会社ローカルデザイン,東京都葛飾区金町３丁目５番４号宇田川ビル３０６,2020-04-21,株式会社
株式会社ワールドピース,東京都千代田区鍛冶町２丁目１０番１０号,2020-04-21,株式会社
株式会社佐藤建設,東京都葛飾区鎌倉３丁目４番１号,2020-04-21,株式会社
株式会社信和,千葉県東金市家徳８１番地７８,2020-04-21,株式会社
株式会社友協シール,東京都足立区東伊興１丁目１５番１５号,2020-04-21,株式会社
株式会社友心工業,北海道河西郡芽室町西五条３丁目１番地４,2020-04-21,株式会社
株式会社大久保電設,佐賀県武雄市橘町大字永島６４０２番地１,2020-04-21,株式会社
株式会社大幸電気工事,熊本県玉名市玉名１７７１－３,2020-04-21,株式会社
株式会社大木興業,千葉県山武市殿台６１２番地２６,2020-04-21,株式会社
株式会社天周真紀,福岡県柳川市蒲生５３６番地１８,2020-04-21,株式会社
株式会社天田工業,群馬県太田市新田大根町１１２番地１２,2020-04-21,株式会社
株式会社小林建設,神奈川県横浜市泉区上飯田町２２５６番地,2020-04-21,株式会社
株式会社山忠ＨＤ,北海道河東郡音更町木野西通７丁目３番地,2020-04-21,株式会社
株式会社成長クラブ,東京都港区浜松町１丁目１７番３号,2020-04-21,株式会社
株式会社是常ホールディングス,兵庫県加西市網引町２００１番地の４４,2020-04-21,株式会社
株式会社朝水技研,千葉県茂原市中の島町５９９番地,2020-04-21,株式会社
株式会社東京産業心理オフィス,東京都港区白金１丁目１７番１－１５０８号,2020-04-21,株式会社
株式会社東京ＭＡＮＡ,東京都豊島区南大塚２丁目１１番１０号ミモザビル３階,2020-04-21,株式会社
株式会社歩歩,大阪府守口市大久保町５丁目４６番２号,2020-04-21,株式会社
株式会社永田,熊本県菊池市旭志伊坂３２７番地２,2020-04-21,株式会社
株式会社津久井建物,群馬県前橋市六供町５２８番地４,2020-04-21,株式会社
株式会社熊本消毒ホールディングス,熊本県熊本市西区二本木３丁目４番２２号,2020-04-21,株式会社
株式会社町田管工,千葉県市原市飯沼６２２番地３３,2020-04-21,株式会社
株式会社白馬,沖縄県国頭郡恩納村字名嘉真２２８８番地５４３,2020-04-21,株式会社
株式会社相続実務ほほえみシンクタンク,東京都中央区八重洲１丁目８番１７号新槇町ビル５階,2020-04-21,株式会社
株式会社真光,鹿児島県曽於市末吉町二之方４３０７番地１０,2020-04-21,株式会社
株式会社福島精密工業,神奈川県横浜市港北区箕輪町２丁目１２番３８号,2020-04-21,株式会社
株式会社秀蓮,千葉県白井市中２１８－Ａ,2020-04-21,株式会社
株式会社穂積園芸,福島県白河市表郷番沢字硯石３０番地,2020-04-21,株式会社
株式会社縁,埼玉県新座市野火止６丁目２番１７号,2020-04-21,株式会社
株式会社能登自動車学校,石川県鳳珠郡能登町字布浦タ字７４番地,2020-04-21,株式会社
株式会社船渡電気工事,岐阜県高山市久々野町久々野１９４１番地３,2020-04-21,株式会社
株式会社良和商店,北海道河東郡音更町木野大通東１５丁目３番地１４４,2020-04-21,株式会社
株式会社虹プランニング,東京都千代田区神田松永町１６横川ビル４０１号,2020-04-21,株式会社
株式会社金輝創業,神奈川県横浜市磯子区栗木１丁目６番２７号,2020-04-21,株式会社
株式会社鈴木工業,神奈川県横浜市旭区中白根２丁目４８番２７号,2020-04-21,株式会社
株式会社阪神アシスト福祉支援会,兵庫県尼崎市浜田町３丁目１２番地の３,2020-04-21,株式会社
株式会社須賀,埼玉県行田市大字北河原１３１６番地,2020-04-21,株式会社
株式会社高島工業,徳島県阿南市七見町野々ケ門７０番地４,2020-04-21,株式会社
株式会社高野ダクト,千葉県松戸市高塚新田１２８番地の２高塚団地１街区３棟４０４号室,2020-04-21,株式会社
株式会社麹町不動産研究所,東京都千代田区麹町３丁目５番８号麹町センタービル,2020-04-21,株式会社
株式会社龜山,岐阜県下呂市金山町戸部４０１３番地,2020-04-21,株式会社
株式会社３ｒｄ　ｃｏｍｐａｓｓ,東京都世田谷区太子堂５丁目１番１３号,2020-04-21,株式会社
株式会社ＡＱＵＡ,東京都江東区豊洲２丁目５番２－１５０４号,2020-04-21,株式会社
株式会社Ａｉｌｅ＆ｃｌｏｃｈｅｔｔｅ,兵庫県姫路市西脇４００,2020-04-21,株式会社
株式会社ＢＵＣＫＥＴ　ＬＩＳＴ,広島県広島市安佐北区安佐町大字鈴張４９７５番地３０９,2020-04-21,株式会社
株式会社Ｂｒａｎｄ　Ｎｅｗ　Ｔｒａｄｉｎｇ,東京都千代田区九段南１丁目５番６号りそな九段ビル５Ｆ,2020-04-21,株式会社
株式会社ＣＢＤ＆ＣＯＭＰＡＮＹ,東京都港区港南２丁目１６番４号品川グランドセントラルタワー８階,2020-04-21,株式会社
株式会社ＣＬＥＡＲＨＥＡＲＴＳ,東京都港区麻布十番１丁目５－１０アトラスビル４Ｆ,2020-04-21,株式会社
株式会社ＣＶＯ,大阪府大阪市浪速区湊町１丁目３番１号,2020-04-21,株式会社
株式会社Ｃｏａｃｈａｔ,長野県北佐久郡軽井沢町大字長倉５５３０－１５,2020-04-21,株式会社
株式会社Ｃｏｒｄｉａｌｅｍｅｎｔ,神奈川県横浜市中区山下町１２番地２グランブリエ横濱山下公園２１３号室,2020-04-21,株式会社
株式会社Ｄｒｅｓｓａｇｅ,栃木県栃木市藤岡町藤岡１８７２番地１,2020-04-21,株式会社
株式会社ＥＳ＆Ｍａｎａｇｅｍｅｎｔ,大阪府大阪市西区新町１丁目４番１２号２Ｆ,2020-04-21,株式会社
株式会社ＥＳＴＡＴＥ　ＩＴＳＵＫＩ,福井県福井市大町第１０号２番地２－１Ｆ－東,2020-04-21,株式会社
株式会社Ｆ＆Ｉ,千葉県市川市堀之内１丁目９番２０号,2020-04-21,株式会社
株式会社ＦＣＦ,東京都江東区門前仲町２丁目６番１号,2020-04-21,株式会社
株式会社ＦＥＬＩＣＥ,東京都北区東田端２丁目１１番１０号,2020-04-21,株式会社
株式会社ＦＵＫＵ,東京都港区高輪４丁目１８番１９号,2020-04-21,株式会社
株式会社Ｆｅ,群馬県前橋市公田町５８４番地３,2020-04-21,株式会社
株式会社Ｇｅｏｍｅｔｒｙ,宮城県仙台市太白区長町６丁目９－１Ｄグラフォート長町９０５,2020-04-21,株式会社
株式会社Ｇｌｏｂａｌ　Ｅｍｂｒａｃｅ　Ｍｅｄｉｃａｌ,東京都文京区本郷３丁目４番５号ハイム御茶ノ水３Ｆ－Ａ,2020-04-21,株式会社
株式会社Ｈ．Ｋ．Ｓ,東京都練馬区石神井台４丁目５番１４－５０２号,2020-04-21,株式会社
株式会社ＨＡＬ,愛知県名古屋市港区善進本町４６番地の２,2020-04-21,株式会社
株式会社ＨＯＳＳＯＮ,大阪府八尾市中田３丁目５４番地の１６,2020-04-21,株式会社
株式会社Ｈｏｎｏｋａ,愛知県知多市八幡新町１丁目９番地の６,2020-04-21,株式会社
株式会社ＪＤパートナーズ,千葉県千葉市美浜区若葉３丁目１番地１９－２６０６号,2020-04-21,株式会社
株式会社Ｋ．Ｈｎｅｘｔ,福井県福井市大手３丁目１番１３号大手門ビル７階,2020-04-21,株式会社
株式会社ＫＡＮＯ,静岡県浜松市中区幸４丁目３７番３６号,2020-04-21,株式会社
株式会社ＫＩＭＡＴＡ,愛知県岡崎市六名南２丁目１０番地１４,2020-04-21,株式会社
株式会社ＫＵＲＯＤＡ,兵庫県高砂市伊保東２丁目４９９番１,2020-04-21,株式会社
株式会社Ｌ　ＬＡＮＤ,東京都世田谷区三軒茶屋１丁目３３番１５号ロータスサカエ３０１,2020-04-21,株式会社
株式会社ＬＧ,東京都中央区銀座７丁目３番８号銀座七丁目プレイス２Ｆ,2020-04-21,株式会社
株式会社ＬｉｓＡ,神奈川県川崎市中原区小杉町２丁目２７６番地１Ｅ２７０５,2020-04-21,株式会社
株式会社Ｌｕｃｋｙ　Ｃｌｏｖｅｒ,東京都港区新橋２丁目５番６号大村ビル７０３号室,2020-04-21,株式会社
株式会社Ｌｕｘ’Ｖｅｒｉ,愛知県豊橋市牟呂外神町１１番地６,2020-04-21,株式会社
株式会社ＭＯＣＴ　Ｃｒｅａｔｉｏｎ,愛知県知立市昭和１丁目３－９,2020-04-21,株式会社
株式会社ＭＯＤＥ　ＧＬＯＢＡＬ　ＧＲＯＵＰ,東京都台東区小島１丁目８番１号,2020-04-21,株式会社
株式会社Ｍｉｔｃｈｙプロデュース,佐賀県佐賀市駅南本町５番２０号,2020-04-21,株式会社
株式会社ＮＩＮＥ,愛知県名古屋市東区筒井３丁目３１－１４－４Ｂ,2020-04-21,株式会社
株式会社ＮＩＴ,東京都中央区新川１丁目６番１２号Ｍ＆Ｓビル３０１,2020-04-21,株式会社
株式会社Ｏｎｅ　Ｔｅａｍ,東京都杉並区天沼３丁目２０番１８号,2020-04-21,株式会社
株式会社ＰＰＦホールディングス,大阪府大阪市中央区安土町２丁目２番１５号,2020-04-21,株式会社
株式会社Ｐｅｐｏ,新潟県新潟市中央区天神１丁目１番地プラーカ３、２Ｆ、ＨＵＢＳＴＡＴＩＯＮＫＥＮＴＯ内,2020-04-21,株式会社
株式会社Ｐｒｏｇｒｅｓｓ,兵庫県明石市二見町東二見１２０番地５,2020-04-21,株式会社
株式会社Ｒ＆Ｋ,愛知県名古屋市東区泉３丁目６番４号ラルーチェ泉９０１号,2020-04-21,株式会社
株式会社Ｒ＆Ｒ,東京都調布市深大寺南町２丁目４番地５,2020-04-21,株式会社
株式会社ＲＹＨ,東京都中央区日本橋馬喰町１丁目８番４号,2020-04-21,株式会社
株式会社Ｓ．Ｔ企画,埼玉県八潮市大字鶴ケ曽根７７１番地１１,2020-04-21,株式会社
株式会社ＳＰ,東京都台東区台東１丁目２番７号永井ビル２０２号室,2020-04-21,株式会社
株式会社ＳＳＲ,千葉県八千代市八千代台東１丁目２９番２号,2020-04-21,株式会社
株式会社ＳＵＮＮＹ　ＴＯＤＡＹ,愛知県一宮市西出町６番地２ウインダムヒル西出１０２号,2020-04-21,株式会社
株式会社Ｓｅｃｏｌａｒｉ,東京都中央区銀座１丁目２２番１１号銀座大竹ビジデンス２Ｆ,2020-04-21,株式会社
株式会社ＴＯＮ,大阪府大阪市北区天満４丁目４－１０神前ビル２０１,2020-04-21,株式会社
株式会社ＴＲＡＩＬ　ＣＵＴＴＥＲ,長野県伊那市長谷非持１１８５番地,2020-04-21,株式会社
株式会社ＴＲＡＮＨＩＬＬＳ,兵庫県尼崎市富松町１丁目４３番８号－３０４号,2020-04-21,株式会社
株式会社ＴＳＫ　ＨＤ,東京都港区南青山２丁目２７番７号Ｋビル地下１階,2020-04-21,株式会社
株式会社Ｔａｋａｈｉｒｏ,熊本県宇土市松山町４３５０番地２,2020-04-21,株式会社
株式会社ＴａｙＴａ　Ｊａｐａｎ,東京都港区高輪３丁目２３番１７号,2020-04-21,株式会社
株式会社Ｔｈｅ　Ｇｏｏｄｓ,北海道網走郡津別町字豊永１番地２１,2020-04-21,株式会社
株式会社ＴｒｉｐｌｅＨ,東京都港区西麻布４丁目１１番３－２０３号,2020-04-21,株式会社
株式会社ＶＥＲＴＥＸ　ＣＧ　Ｖｉｓｕａｌｉｚｅ,東京都港区南青山２丁目２番１５号ｗｉｎ青山ビルＵＣＦ６３５,2020-04-21,株式会社
株式会社Ｗ．Ｍ．Ｋ．,愛知県岡崎市針崎町字フロ４２番地６,2020-04-21,株式会社
株式会社ＷＯＲＬＤ．ＷＩＤＥ,福岡県北九州市小倉北区宇佐町２丁目１２番１１号佐藤ビル右室,2020-04-21,株式会社
株式会社Ｗｉｔｈ　ｕｓ,神奈川県横浜市戸塚区汲沢６丁目１７番２号,2020-04-21,株式会社
株式会社Ｗｏｎｄｅｒ　Ｚｅｒｏ,東京都中央区銀座１丁目２２番１１号銀座大竹ビジデンス２Ｆ,2020-04-21,株式会社
株式会社ＹＫ　Ｊａｐａｎ,広島県広島市西区庚午北２丁目１６番４号,2020-04-21,株式会社
株式会社ＹＵＭＡ　ＰＬＡＮＮＩＮＧ,福岡県福岡市南区若久６丁目１９番２８号,2020-04-21,株式会社
株式会社Ｙｏｎｄｅｍｙ,東京都千代田区神田三崎町３丁目１番２号ＳＲビル２階,2020-04-21,株式会社
株式会社ＺＥＮＴＯＹ,東京都港区赤坂７丁目６番３８号,2020-04-21,株式会社
株式会社ａｎｄ５ｄｅｓｉｇｎ　ｓｔｕｄｉｏ,兵庫県神戸市中央区元町通６丁目８番９号山端第二ビル４階,2020-04-21,株式会社
株式会社ｅ－ｆｕｌ,兵庫県宝塚市社町１１番１号,2020-04-21,株式会社
株式会社ｅｘ－ｔｅｃｈ,福岡県春日市上白水９丁目４５番地,2020-04-21,株式会社
株式会社ｉｎｉｃｉｏ,東京都千代田区神田三崎町３丁目１０番１２号みさきＢＬＤ４Ｆ,2020-04-21,株式会社
株式会社ｋａｎｐｒｏ‐ｗｏｒｋ,北海道札幌市北区北十四条西１丁目１番１５号シティハイムジュネス１階,2020-04-21,株式会社
株式会社ｏｎｅｌｉｆｅ,東京都多摩市和田３４６番地８,2020-04-21,株式会社
株式会社ｓａｍｕｒａｉ　ｃｌｏｕｄ,大阪府大阪市北区豊崎３丁目１５－５,2020-04-21,株式会社
湖之浜株式会社,滋賀県大津市木戸９００番地の２ホーユーパレスレイクサイドびわ湖３０３号室,2020-04-21,株式会社
特定非営利活動法人よろこびアラウンド,大阪府高槻市津之江北町１８番１４号,2020-04-21,その他の設立登記法人
特定非営利活動法人キラッと鬼太鼓島,新潟県佐渡市河原田諏訪町２０８番地１６,2020-04-21,その他の設立登記法人
特定非営利活動法人子どもステイションどんぐりやま,東京都青梅市今寺３丁目３７９番８,2020-04-21,その他の設立登記法人
特定非営利活動法人ＮｕｒｓｅＨｏｕｓｅ,東京都豊島区駒込１丁目１８番６号,2020-04-21,その他の設立登記法人
特定非営利活動法人ｌｉｆｅ,佐賀県佐賀市高木瀬西３丁目８番３号,2020-04-21,その他の設立登記法人
由良田林業株式会社,宮崎県西臼杵郡五ヶ瀬町大字鞍岡１７４７－１,2020-04-21,株式会社
眞正合資会社,沖縄県沖縄市比屋根６丁目２０番５号,2020-04-21,合資会社
真成工業株式会社,福岡県北九州市八幡西区町上津役東２丁目１８番２号,2020-04-21,株式会社
社会保険労務士法人クローバー人事コンサルティング,東京都新宿区白銀町１８番地ピアース神楽坂２０４,2020-04-21,その他の設立登記法人
社会福祉法人ビハーラ,群馬県桐生市東５丁目６番４７号,2020-04-21,その他の設立登記法人
神星国際物流株式会社,兵庫県神戸市中央区京町６７番地,2020-04-21,株式会社
神田商事株式会社,大阪府大阪市中央区島之内２丁目８番２号浦ビル３０１号,2020-04-21,株式会社
豊晟株式会社,東京都江東区東陽２丁目２番１４－５０１号,2020-04-21,株式会社
農事組合法人たたファーム,山口県周南市大字垰１４３２番地,2020-04-21,その他の設立登記法人
農事組合法人コンスタンス,宮城県黒川郡大和町吉田字橋本５番地の１,2020-04-21,その他の設立登記法人
震行株式会社,大阪府大阪市中央区西心斎橋２丁目１２番２２朝日プラザ心斎橋１４１０室,2020-04-21,株式会社
鶴羽合同会社,東京都稲城市平尾４丁目６３番地の２０,2020-04-21,合同会社
ＡＭＢＩＴＩＯＵＳＷＯＲＬＤ株式会社,兵庫県揖保郡太子町立岡７６－７,2020-04-21,株式会社
ＡＲ　Ｂｅａｕｔｙ　Ｃｏｍｐａｎｙ株式会社,東京都台東区柳橋１丁目３番７号４階,2020-04-21,株式会社
Ａｄｖａｎｃｅｄ　Ｐｒｏｐｅｒｔｙ　Ｍａｎａｇｅｍｅｎｔ株式会社,東京都文京区目白台１丁目１５番１３号,2020-04-21,株式会社
Ａｒｃｈｅｒｓ株式会社,東京都文京区千駄木３丁目５２番４号,2020-04-21,株式会社
Ａｓａｎｋａ　Ａｕｔｏｍｏｂｉｌｅｓ合同会社,大阪府大阪市生野区巽北１丁目２１－２９生野ハイツ４１３,2020-04-21,合同会社
ＣｌｉｍａＣｅｌｌ合同会社,東京都港区元麻布３丁目１番６号,2020-04-21,合同会社
Ｄｐｒｏ合同会社,東京都日野市百草２０９１番地の１ブリージングタウン百草園Ａ－１－１,2020-04-21,合同会社
ＥＹＭマネジメント合同会社,東京都狛江市岩戸南３丁目１４番４３号,2020-04-21,合同会社
Ｅａｒｔｈ　Ｔｅｃｈｎｏｌｏｇｙ　Ｇｒｏｕｐ株式会社,東京都港区東新橋１丁目９番２号汐留住友ビル１６階,2020-04-21,株式会社
Ｆｌｏｗｅｒ　Ｆｌｙ合同会社,東京都品川区小山台１丁目３－６－５０４,2020-04-21,合同会社
Ｆｕ　Ｃａ　Ｕｎｉｖｅｒｓｅ株式会社,東京都文京区湯島３丁目２８－１２ディアナコート文京本郷台４１０,2020-04-21,株式会社
Ｆｕｒｉｘ株式会社,福岡県北九州市小倉北区砂津１丁目６－１４,2020-04-21,株式会社
ＧＢＥＵＢＥＮ株式会社,東京都中央区日本橋蛎殻町１丁目３番５号共同ビル２階２３号,2020-04-21,株式会社
Ｇｌｏｂａｌトレーディング株式会社,神奈川県藤沢市石川２丁目２１番地の１５グリーンコート湘南Ⅱ－２０３号,2020-04-21,株式会社
Ｇｒａｖｉｔｙ合同会社,東京都港区東新橋１丁目５番２号汐留シティセンター,2020-04-21,合同会社
ＨＯＭＥＢＯＹ株式会社,東京都小金井市東町１丁目３４番１９号,2020-04-21,株式会社
ＨＯＲＮＥＴ株式会社,福岡県福岡市中央区春吉３丁目１１番１９－１０３号,2020-04-21,株式会社
ＨＳＧ株式会社,千葉県印旛郡酒々井町中央台２丁目１８番８,2020-04-21,株式会社
Ｈｏｌｏｓｐｉｒｉｃａ合同会社,東京都三鷹市下連雀３丁目５番１４－１０８号,2020-04-21,合同会社
ＩＧＩＥ株式会社,愛知県東海市富木島町新山田６番地の１,2020-04-21,株式会社
Ｊｏｒａｓ　Ｔｒａｄｉｎｇ株式会社,東京都港区南青山１丁目２０番２号,2020-04-21,株式会社
Ｋ．Ｌ．Ｓ合同会社,京都府宇治市宇治蛇塚５４番地の１８,2020-04-21,合同会社
ＫＵＳＨ　ＨＯＬＤＩＮＧＳ合同会社,大阪府大阪市西区九条１丁目１番１号Ｋ’ｓコート６階６０１号室,2020-04-21,合同会社
ＫｉｄｓＬｉｎｋ株式会社,奈良県橿原市上飛騨町１３５番地の２,2020-04-21,株式会社
Ｍ．Ｊ株式会社,千葉県八街市八街い１８８番地１,2020-04-21,株式会社
ＭＯＲＩ株式会社,兵庫県神戸市中央区脇浜町３丁目５番１０－４０３号,2020-04-21,株式会社
ＭＳＣ株式会社,三重県四日市市楠町小倉１８０２番地,2020-04-21,株式会社
ＭＵＧＡＷＡＹ合同会社,神奈川県平塚市大神１７７０シャルマン２０４,2020-04-21,合同会社
ＮＡＩＬＳ４ＥＶＥＲ　ＳＣＨＯＯＬ合同会社,岐阜県中津川市茄子川１５９８番地の２２プラティエ２０１,2020-04-21,合同会社
ＮＥＸ株式会社,兵庫県明石市大久保町大窪２４７３番８,2020-04-21,株式会社
ＮＩＣＯＮ　ＬＡＮＫＡ　ＴＲＡＤＩＮＧ　ＰＲＩＶＡＴＥ　ＬＩＭＩＴＥＤ,千葉県山武市埴谷７１５番地１,2020-04-21,外国会社等
ＯＮＷＡＲＤ　ＳＥＣＵＲＩＴＹ　ＪＡＰＡＮ株式会社,東京都港区赤坂２丁目２３番１号アークヒルズ・フロントタワーＩｎＣｏｎｔｒｏｌ内,2020-04-21,株式会社
Ｏｆｆｉｃｅ　ｙｏｈ合同会社,東京都渋谷区上原３丁目２１番１６号２階,2020-04-21,合同会社
Ｏｎｅ　Ｃａｐｉｔａｌ株式会社,東京都港区港南２丁目１６番１号品川ＥａｓｔＯｎｅＴｏｗｅｒ７Ｆ,2020-04-21,株式会社
ＰＳＳＰ合同会社,東京都多摩市落合１丁目４３番地京王プラザホテル多摩２階ＫＥＩＯＢＩＺＰＬＡＺＡ内０２,2020-04-21,合同会社
ＰｅｃｏＬａｂｏ合同会社,東京都中央区勝どき２丁目１８番１－１３４５号,2020-04-21,合同会社
Ｐｉｄｇｉｎ合同会社,東京都中央区銀座１丁目２２番１１号銀座大竹ビジデンス２階,2020-04-21,合同会社
Ｐｏｗｅｒｅｄ　ｗｅｄｇｅ　Ｃｏｎｓｕｌｔｉｎｇ合同会社,神奈川県川崎市宮前区鷺沼４丁目１番地３５,2020-04-21,合同会社
ＰｒｏｕＤＣｏｍｍＵｎｉｔｙ合同会社,東京都新宿区西新宿４丁目２４番１５号,2020-04-21,合同会社
Ｒｏｓｅｗｏｏｄ　Ｊａｐａｎ　Ｍａｎａｇｅｍｅｎｔ合同会社,東京都港区元麻布３丁目１番６号,2020-04-21,合同会社
Ｓ４税理士法人,神奈川県藤沢市辻堂元町１丁目２番６号クレールＧⅡ３０２,2020-04-21,その他の設立登記法人
ＳＨＲ合同会社,東京都中央区晴海３丁目１３番２－３０１１号,2020-04-21,合同会社
ＳＳヘルス・ケアホールディングス株式会社,東京都小金井市桜町１丁目８番２４号,2020-04-21,株式会社
Ｓｈｉｆｔ合同会社,東京都品川区大井４丁目２６番１０号,2020-04-21,合同会社
Ｓｔｕｄｉｏ　Ｎ＆Ｉ合同会社,東京都新宿区西新宿５丁目１１番１１－２０１号,2020-04-21,合同会社
ＴＭＣ合同会社,神奈川県川崎市宮前区けやき平１番９－１０４号,2020-04-21,合同会社
Ｔｓｕｎａｇａｒｙオフィス合同会社,大阪府大阪市中央区南本町２丁目３番１２号ＥＤＧＥ本町３Ｆ,2020-04-21,合同会社
ＷＥＥＤ　ＴＣＣ株式会社,埼玉県熊谷市曙町４丁目７６ＦＯＳＣＨＩＡ・ＷＯＲＫＩＮＧ・ＬＡＢ１０３,2020-04-21,株式会社
ＸＹＺスター株式会社,愛知県春日井市下市場町４丁目３番地１９シティハイムソレイユ１０１号,2020-04-21,株式会社
ａｖｅｉｃ合同会社,福島県郡山市方八町２丁目５番１６号,2020-04-21,合同会社
ｏｔｏｎｏｍｉｃｓ株式会社,大阪府大阪市生野区桃谷４丁目１５番１２号,2020-04-21,株式会社
ｒｅｉｗａ　ａｐｐｌｉｃａｔｉｏｎｓ株式会社,大阪府大阪市淀川区宮原２丁目１１番９号,2020-04-21,株式会社
いちき串木野市生涯現役促進協議会,鹿児島県いちき串木野市元町２２４番地,2020-04-22,その他
おしどり健康ファーム合同会社,鳥取県米子市尾高１３８６番地,2020-04-22,合同会社
お父さん不動産合同会社,東京都世田谷区千歳台６丁目１６－２－６０１,2020-04-22,合同会社
アクロオフィス株式会社,兵庫県神戸市灘区岩屋北町４丁目３番１９号,2020-04-22,株式会社
アプロスワン株式会社,兵庫県尼崎市武庫町１丁目５５番２号,2020-04-22,株式会社
アルタム合同会社,千葉県千葉市美浜区幕張西１丁目２番２１号,2020-04-22,合同会社
アンド・エー・トレーディング＆ホールディングス・ジャパン合同会社,東京都港区白金４丁目９番１３－２０１号,2020-04-22,合同会社
ウィズダム合同会社,大阪府松原市東新町１丁目４４番地の３,2020-04-22,合同会社
ウミリウム合同会社,神奈川県横浜市栄区飯島町１０６７－２,2020-04-22,合同会社
オカハタとアイデアと株式会社,大阪府大阪市城東区新喜多１丁目２番７－３８０６号,2020-04-22,株式会社
オデットウェブコンテンツ株式会社,東京都港区三田３丁目４番３号,2020-04-22,株式会社
グランディッシュ合同会社,大分県別府市浜脇３丁目５番２０号,2020-04-22,合同会社
グローリー株式会社,千葉県千葉市花見川区作新台８丁目１２番１１号,2020-04-22,株式会社
サフィクト株式会社,広島県広島市安佐南区緑井８丁目３３番２１号,2020-04-22,株式会社
スタジオヒロシ合同会社,神奈川県茅ヶ崎市本村１丁目９番１－４０８号レールシティ湘南茅ヶ崎,2020-04-22,合同会社
スターヒルズ株式会社,宮城県仙台市宮城野区栄４丁目１５番２０号,2020-04-22,株式会社
ステイゴールド合同会社,東京都世田谷区奥沢５丁目２３番１６－３０１号,2020-04-22,合同会社
タクミナショナルトレーディング合同会社,東京都豊島区北大塚２丁目２６番７号レートビル２０２号,2020-04-22,合同会社
ダイヤランタオ株式会社,東京都千代田区丸の内１丁目５番１号,2020-04-22,株式会社
デイライト株式会社,東京都世田谷区松原１丁目１０－３,2020-04-22,株式会社
ファインネットアド株式会社,東京都中央区東日本橋１丁目１番４号,2020-04-22,株式会社
フルカワリュウ合同会社,神奈川県横浜市保土ケ谷区境木町７５－６,2020-04-22,合同会社
プラスエム株式会社,北海道札幌市中央区北一条西２１丁目２－１カスタリア円山表参道２０７,2020-04-22,株式会社
プロジェクト・カーズ合同会社,神奈川県海老名市東柏ケ谷３丁目３番１９号,2020-04-22,合同会社
マコト協同組合,東京都あきる野市牛沼５４２番地１２,2020-04-22,その他の設立登記法人
ムーア合同会社,東京都港区六本木４丁目１２番１１号竹岡ビル３Ｆ,2020-04-22,合同会社
ユニバース合同会社,東京都東村山市久米川町４丁目３５番地１３,2020-04-22,合同会社
ユーバイノーラル合同会社,東京都港区南青山２丁目２番１５号ウィン青山９４２,2020-04-22,合同会社
ライスあぐりんワークス株式会社,山形県西置賜郡飯豊町大字中３３４４番地２,2020-04-22,株式会社
ライフラインサポート株式会社,宮城県仙台市青葉区本町２丁目１番８号,2020-04-22,株式会社
ライラック交通労働組合,北海道札幌市東区北四十九条東２丁目６番２５号,2020-04-22,その他の設立登記法人
ランゲッジランキング合同会社,東京都中央区日本橋２丁目１番３号,2020-04-22,合同会社
リライブル株式会社,東京都西東京市富士町４丁目２３番８号,2020-04-22,株式会社
一般社団法人ジェイゾイグループ空,福島県田村市大越町下大越字洞入１６４番地,2020-04-22,その他の設立登記法人
一般社団法人モンド,滋賀県守山市浮気町３００番地１５グランドメゾン守山１棟１１０３号,2020-04-22,その他の設立登記法人
一般社団法人リユースモバイル・ジャパン,東京都千代田区神田神保町１丁目１番地１７東京堂神保町第３ビルディング６階,2020-04-22,その他の設立登記法人
一般社団法人ワールドビジネスサポートセンター,兵庫県三田市福島７１３番地１,2020-04-22,その他の設立登記法人
一般社団法人不二徳禅寺,東京都千代田区神田佐久間町４丁目２２番１号,2020-04-22,その他の設立登記法人
一般社団法人地域創生支援協会,東京都港区南麻布１丁目４番２２号サライ南麻布７０１,2020-04-22,その他の設立登記法人
一般社団法人建物調査協会,東京都新宿区左門町２－６ワコービル６階,2020-04-22,その他の設立登記法人
一般社団法人日本シェアビー,大阪府高石市綾園１丁目１１番２２号,2020-04-22,その他の設立登記法人
一般社団法人日本美容神筋協会,兵庫県姫路市本町６８番地,2020-04-22,その他の設立登記法人
一般社団法人智慧の燈火プロジェクト,東京都千代田区二番町１１番地２０,2020-04-22,その他の設立登記法人
一般社団法人暴犯被害相談センター,神奈川県相模原市南区東林間８丁目７番２１号,2020-04-22,その他の設立登記法人
一般社団法人東海学生サポートＳＥＥＤ,愛知県名古屋市中区栄１丁目２３番２９号サンハイツ伏見２Ｆ,2020-04-22,その他の設立登記法人
一般社団法人流行天国工房,宮城県遠田郡美里町字素山町６５,2020-04-22,その他の設立登記法人
一般社団法人海外不動産戦略会議,東京都大田区池上３丁目３９番１２号常盤ビル４階,2020-04-22,その他の設立登記法人
一般社団法人笑喜あいあい,東京都大田区南六郷２丁目３５番１－１２１号,2020-04-22,その他の設立登記法人
一般社団法人ＡＣＳ,東京都千代田区有楽町２丁目１０番１号１００２,2020-04-22,その他の設立登記法人
一般社団法人Ｇｌｏｃａｌ　Ｓｏｌｕｔｉｏｎｓ　Ｊａｐａｎ,東京都港区西新橋１丁目５番１０号天野ビル７階,2020-04-22,その他の設立登記法人
一般社団法人ＪＬ＆ＪＬ,東京都墨田区本所１丁目１３番１７号,2020-04-22,その他の設立登記法人
一般社団法人ＬＭｉｔ,福島県郡山市逢瀬町多田野字本郷１３５番地,2020-04-22,その他の設立登記法人
一般社団法人ＰＬＵＣＫ,大阪府大阪市鶴見区鶴見１丁目６番１２５号４０３,2020-04-22,その他の設立登記法人
一般社団法人Ｓａｓａｂａｓｅ,兵庫県川西市笹部３丁目６番５号,2020-04-22,その他の設立登記法人
中通商事株式会社,茨城県結城郡八千代町大字新地１０３４－１,2020-04-22,株式会社
亀山産業株式会社,三重県亀山市東御幸町２１６番地,2020-04-22,株式会社
伊百森株式会社,東京都台東区台東３丁目４４番２号,2020-04-22,株式会社
佐野バイオ発電セルフィーユ合同会社,千葉県白井市冨士５７番地１４,2020-04-22,合同会社
光璃恩株式会社,宮城県仙台市泉区南中山６丁目１６番地の１０,2020-04-22,株式会社
前田敦計画工房合同会社,東京都港区白金２丁目１番１－４０８号,2020-04-22,合同会社
医療法人社団ＶＡＮ　Ｂｒａｎｃｈ　ＫＯＢＥ　Ｄｅｎｔａｌ　Ｃｌｉｎｉｃ,兵庫県神戸市垂水区小束山手２丁目２番１号ブランチ神戸学園都市１Ｆ,2020-04-22,その他の設立登記法人
原口産業株式会社,北海道釧路市文苑２丁目４１番１号,2020-04-22,株式会社
叡知株式会社,佐賀県鳥栖市鎗田町２８１番地５,2020-04-22,株式会社
合同会社きりん,神奈川県小田原市矢作１４２番地の３,2020-04-22,合同会社
合同会社くらしケア和功,兵庫県丹波市青垣町小倉５３３番地１,2020-04-22,合同会社
合同会社つくね,千葉県習志野市東習志野２丁目１５番２０号,2020-04-22,合同会社
合同会社ばとん,埼玉県さいたま市浦和区領家４丁目４番１０号,2020-04-22,合同会社
合同会社ひまわり,千葉県市原市青葉台５丁目１０番地１６,2020-04-22,合同会社
合同会社ほっとＬｉｎｋ,北海道札幌市豊平区月寒中央通１０丁目１番１－１２０４号,2020-04-22,合同会社
合同会社みらいＢｏｏｋ,千葉県我孫子市白山１丁目１０番３０号,2020-04-22,合同会社
合同会社ウェルネスライフ,千葉県千葉市中央区問屋町５番２１－１００５号,2020-04-22,合同会社
合同会社エニグマティック,北海道札幌市中央区南九条西９丁目３番１６－３０２号,2020-04-22,合同会社
合同会社コウリョウ,茨城県水戸市笠原町１６３９－５,2020-04-22,合同会社
合同会社ココロヲドル,徳島県徳島市大原町千代ケ丸１４４番地の１シティハイムレトア１０４号,2020-04-22,合同会社
合同会社スマイルプランナー,埼玉県春日部市中央３丁目１８番１０号,2020-04-22,合同会社
合同会社センスクリエイト総合研究所,東京都渋谷区初台１丁目３０番１－５０６号,2020-04-22,合同会社
合同会社トララボ,千葉県柏市柏６９０番地３１サンライフ柏Ａ－２０３号,2020-04-22,合同会社
合同会社トランスコーポレーション和,東京都八王子市堀之内２丁目２９番地６ファミール堀之内１０２号,2020-04-22,合同会社
合同会社フォーエイチ,沖縄県那覇市古波蔵２丁目６番１５号,2020-04-22,合同会社
合同会社ブランディック,大阪府南河内郡太子町大字山田３８６１番地の１,2020-04-22,合同会社
合同会社ブン貿易設備,東京都江東区東陽２丁目３番１６－５０４号,2020-04-22,合同会社
合同会社マンテンコーポレーション,東京都港区浜松町２丁目２番１５号浜松町ダイヤビル２Ｆ,2020-04-22,合同会社
合同会社リスル,愛媛県今治市桜井４丁目１５－１,2020-04-22,合同会社
合同会社リミレス・アーム,東京都豊島区池袋３丁目３４－７０ビジネスパーク池袋２階,2020-04-22,合同会社
合同会社リンク,群馬県太田市高林西町５８０番地１,2020-04-22,合同会社
合同会社リンク,東京都町田市金森４丁目４６番８号,2020-04-22,合同会社
合同会社リーシングペイ,静岡県浜松市南区楊子町４９１番地,2020-04-22,合同会社
合同会社ルーフ,東京都中央区晴海３丁目１３－２ドゥトゥール晴海ＷＥＳＴ５２１１号室,2020-04-22,合同会社
合同会社ロジカ,東京都日野市万願寺３丁目９番地の５雅壱番館１０２,2020-04-22,合同会社
合同会社上筋興業,北海道札幌市白石区川北２２９４番地１９,2020-04-22,合同会社
合同会社北戸設備,福岡県北九州市戸畑区中原東１丁目１９番７号,2020-04-22,合同会社
合同会社福朗,鳥取県米子市角盤町４丁目６０番地錦海マンション３－Ｃ号,2020-04-22,合同会社
合同会社英,福岡県田川市大字伊田２２６４番地１,2020-04-22,合同会社
合同会社駿コーポレーション,東京都八王子市松が谷５９番地４－３０２,2020-04-22,合同会社
合同会社２アイランド,大阪府堺市北区東雲東町２丁１番５号,2020-04-22,合同会社
合同会社Ｂ－ＣＬＥＡＲ　ＣＯＲＥ,千葉県松戸市稔台３丁目６３番地の３,2020-04-22,合同会社
合同会社Ｂｅｙｏｎｄ　ｔｈｅ　Ｓｅａ,福岡県福岡市早良区西新５丁目１５番４０号２Ｆ,2020-04-22,合同会社
合同会社Ｃｙ,兵庫県神戸市兵庫区上沢通１丁目１番５号３０３,2020-04-22,合同会社
合同会社Ｄｒｅａｍ　Ｒｏｃｋｅｔ,東京都港区南青山２丁目２番１５号ウィン青山９４２,2020-04-22,合同会社
合同会社ＧＡＩＮ　ＩＮＴＥＲＮＡＴＩＯＮＡＬ,北海道札幌市中央区南十七条西１５丁目２番３－１２０５号,2020-04-22,合同会社
合同会社ＬＩＦＥ　ＬＩＮＥ,神奈川県茅ヶ崎市芹沢６４０－１－１０５,2020-04-22,合同会社
合同会社Ｍ’ｓ,東京都足立区綾瀬１丁目３９番１２号,2020-04-22,合同会社
合同会社ＭＡＫＥＲ,青森県青森市千富町２丁目３－３４木村ビル１Ｆ,2020-04-22,合同会社
合同会社ＭＤＧｉｎｔｅｒｎａｔｉｏｎａｌ,東京都千代田区岩本町２丁目１６番１４号ライオンズ千代田岩本町ミレスＫＤＡ５０４号室,2020-04-22,合同会社
合同会社ＭｏＧｕＭｏＧｕ,東京都港区南青山２丁目２番１５号ウィン青山９４２,2020-04-22,合同会社
合同会社ＮＥＯＳ　Ｔｒａｄｉｎｇ,東京都練馬区下石神井３丁目２３番２９号,2020-04-22,合同会社
合同会社ＮＩネクスト,埼玉県さいたま市南区曲本３丁目３－３,2020-04-22,合同会社
合同会社ＮＪＣ’ｓカンパニー,神奈川県相模原市南区磯部１１５２番地１０,2020-04-22,合同会社
合同会社ＰＦＣ,新潟県新潟市西区五十嵐中島４丁目１５番１号,2020-04-22,合同会社
合同会社Ｒ＆Ｅ,東京都大田区仲六郷３丁目３番４号,2020-04-22,合同会社
合同会社ＲＨＯＭＢＵＳ,京都府城陽市寺田尼塚４７番地の１１,2020-04-22,合同会社
合同会社Ｒｅ・Ｌｉｆｅ,福岡県行橋市大字道場寺１４４５番地９,2020-04-22,合同会社
合同会社ＲｅＢａｕ　Ｃｏｒｐｏｒａｔｉｏｎ,神奈川県藤沢市弥勒寺３丁目２２番１２号,2020-04-22,合同会社
合同会社Ｓｉｎｆｏｎｉａ,東京都港区麻布十番２丁目９番８号麻布十番中央マンション４０７号,2020-04-22,合同会社
合同会社ＴＥＰＰＥＮ,東京都新宿区新宿１丁目３５番３号ＡＸＩＡ新宿御苑２Ｆ,2020-04-22,合同会社
合同会社ａｎｙｗａｙ,東京都日野市日野台４丁目１５－６,2020-04-22,合同会社
合同会社ｒｉｃｈ　Ｃｏｒｒｅｃｔ,静岡県駿東郡長泉町竹原２６０番地１２,2020-04-22,合同会社
合同会社ｓｔｕｄｉｏゲコワン,東京都西東京市保谷町６丁目７番２１号,2020-04-22,合同会社
合同会社ｙ’ｓファクトリー,埼玉県新座市東北２丁目３４番２５号,2020-04-22,合同会社
和久井輝興株式会社,山形県長井市今泉１８１２番地,2020-04-22,株式会社
大和まちづくりコンサルタンツ株式会社,奈良県橿原市四条町８０３番地の３,2020-04-22,株式会社
府営見出住宅自治会,大阪府泉佐野市鶴原２８０,2020-04-22,その他
日本ホテル開発株式会社,新潟県新潟市中央区笹口２丁目１１番２０号,2020-04-22,株式会社
日本博視株式会社,東京都町田市中町１丁目１９－１三澤ビル１０４,2020-04-22,株式会社
東和トレーディング株式会社,大阪府大阪市住之江区南港北２丁目１番１０号ＡＴＣビル,2020-04-22,株式会社
株式会社さくら,大阪府東大阪市中石切町５丁目１番４号ヴィラ・スカースデール２０３,2020-04-22,株式会社
株式会社じぶんデザイン,東京都中央区銀座５丁目６番１２号みゆきビル７階ｂｉｚｃｕｂｅ,2020-04-22,株式会社
株式会社たまご,東京都中央区日本橋３丁目２番１４号新槇町ビル別館第一２階,2020-04-22,株式会社
株式会社やまのくち工房,鹿児島県鹿児島市東開町１０番１７号,2020-04-22,株式会社
株式会社アソシア,千葉県富里市日吉倉２３９番地１２,2020-04-22,株式会社
株式会社アプロクリエイティブ,兵庫県神戸市中央区琴ノ緒町５丁目３番５号,2020-04-22,株式会社
株式会社アルボ札幌,北海道札幌市清田区真栄二条１丁目１１番１８号,2020-04-22,株式会社
株式会社アールアンドエス工業,東京都大田区西六郷１丁目１３番１－１１１号,2020-04-22,株式会社
株式会社エクシード,東京都港区六本木３丁目７番１号,2020-04-22,株式会社
株式会社エクストリーム,大阪府羽曳野市はびきの４丁目１７番７号,2020-04-22,株式会社
株式会社エスエス,宮城県仙台市太白区八本松１丁目１４番１６号,2020-04-22,株式会社
株式会社エスペランサアドバイザリー,東京都新宿区市谷加賀町２丁目５番４－７０５号,2020-04-22,株式会社
株式会社エムズパートナーズ,茨城県守谷市松ケ丘３丁目２番地１,2020-04-22,株式会社
株式会社エンブライト,東京都中央区銀座１丁目２２番１１号銀座大竹ビジデンス２Ｆ,2020-04-22,株式会社
株式会社オプトデジタル,東京都千代田区四番町６番,2020-04-22,株式会社
株式会社オーバーランド,東京都渋谷区神宮前４丁目２３番２号原宿テラス１０１,2020-04-22,株式会社
株式会社カインドメディア,東京都渋谷区宇田川町４２－１２,2020-04-22,株式会社
株式会社カタルシス,京都府京都市左京区田中門前町２８－１４吹上ビル３階北号室,2020-04-22,株式会社
株式会社カマアイナ,千葉県船橋市前原東２丁目１８番１９号シティクレスト津田沼２１７号,2020-04-22,株式会社
株式会社キロメトロ・ゼロ,東京都目黒区柿の木坂２丁目３番７号,2020-04-22,株式会社
株式会社クランク,宮城県仙台市青葉区一番町２丁目２番１３号仙建ビル３階,2020-04-22,株式会社
株式会社クレアス,石川県野々市市粟田３丁目３６５番地,2020-04-22,株式会社
株式会社ケイコネクト,愛知県名古屋市瑞穂区洲雲町２丁目１８ブロアースグモ６０１号,2020-04-22,株式会社
株式会社コンシデレート,大阪府高石市東羽衣５丁目３番１４号,2020-04-22,株式会社
株式会社サクライ,東京都台東区下谷２丁目５番２４号,2020-04-22,株式会社
株式会社サーベイ・サービス,千葉県市川市行徳駅前１丁目１７番８号,2020-04-22,株式会社
株式会社シャイン＆コー,東京都大田区田園調布２丁目２４番３１号,2020-04-22,株式会社
株式会社スウィートナース,三重県津市垂水１９６０番地３,2020-04-22,株式会社
株式会社ステーション,東京都大田区久が原５丁目２番１０－１０２号,2020-04-22,株式会社
株式会社ダンス,東京都墨田区菊川３丁目１１番１７号コスモ菊川弐番館８０２,2020-04-22,株式会社
株式会社ティーエフチップ,東京都小平市天神町１丁目１５番１号,2020-04-22,株式会社
株式会社ティーマックス,東京都中野区本町１丁目３２番４号,2020-04-22,株式会社
株式会社ドリームアシスタント,東京都新宿区西新宿８丁目２番地１８号ローズパティオ,2020-04-22,株式会社
株式会社ナガミネ,千葉県東金市台方１５８４番地１,2020-04-22,株式会社
株式会社ハイカレント,東京都小平市花小金井南町３丁目３４番３０号,2020-04-22,株式会社
株式会社ハピグリ,千葉県流山市南流山６丁目３３番地の８スカイハウス１号室,2020-04-22,株式会社
株式会社バチスカーフ,東京都港区六本木３丁目６－９イチベエアパートメント５Ｆ,2020-04-22,株式会社
株式会社ビレイクス,神奈川県茅ヶ崎市松浪２丁目２番２２号,2020-04-22,株式会社
株式会社ファセル,愛知県名古屋市守山区向台１丁目７０２番地の１,2020-04-22,株式会社
株式会社フラワー・フラワー,東京都練馬区豊玉北４丁目２９－１東豊エステート４０６号,2020-04-22,株式会社
株式会社フレイルケア,和歌山県西牟婁郡上富田町朝来２４６８番地の６,2020-04-22,株式会社
株式会社フローエンス,千葉県市原市小草畑字川田４－３,2020-04-22,株式会社
株式会社ブリッヂ,茨城県守谷市本町２６０番地,2020-04-22,株式会社
株式会社プログレス,千葉県君津市内箕輪１丁目４番２２号,2020-04-22,株式会社
株式会社ベスパ・プロ,千葉県千葉市花見川区花見川４番４棟５１２号,2020-04-22,株式会社
株式会社ボーテスト,東京都港区麻布十番３丁目３番８号,2020-04-22,株式会社
株式会社マルケイ運輸,愛知県一宮市今伊勢町宮後字西松山１１番地,2020-04-22,株式会社
株式会社メイジョー,静岡県榛原郡吉田町片岡１０４４番地の１,2020-04-22,株式会社
株式会社モーンガータ,東京都新宿区新宿５丁目１６－１５花園ＭＪビル５Ｆ,2020-04-22,株式会社
株式会社ユニゾン・フォーリーフ,東京都千代田区神田神保町１丁目４６番地５－３ｈ,2020-04-22,株式会社
株式会社ライフネクスト,鳥取県米子市道笑町４丁目４番地１２,2020-04-22,株式会社
株式会社ランデプト,北海道札幌市北区篠路七条７丁目３番８号,2020-04-22,株式会社
株式会社リオ・モールマネジメント,東京都千代田区永田町２丁目１２番４号,2020-04-22,株式会社
株式会社レアウル,東京都世田谷区松原３丁目３０番１０号２階,2020-04-22,株式会社
株式会社ワイドエステート,東京都世田谷区用賀３丁目１５番１８号,2020-04-22,株式会社
株式会社ヴィクスト,大阪府堺市西区浜寺石津町東４丁２番６号,2020-04-22,株式会社
株式会社一心総業,神奈川県横浜市都筑区南山田３丁目３２番１号,2020-04-22,株式会社
株式会社丸十電業社,新潟県新潟市中央区近江２丁目２３番１２号,2020-04-22,株式会社
株式会社久大旅行,大分県玖珠郡玖珠町大字塚脇１８０番地の１,2020-04-22,株式会社
株式会社交成商事,大阪府堺市中区上之３９９番地２,2020-04-22,株式会社
株式会社伸陽工輝,兵庫県明石市大久保町八木１４９番地,2020-04-22,株式会社
株式会社充実生活満開,埼玉県川口市並木１丁目１１番１５号,2020-04-22,株式会社
株式会社光建,島根県出雲市塩冶有原町６丁目４１番地１,2020-04-22,株式会社
株式会社光建材,神奈川県川崎市高津区久末３３６番地１久末アーバンコンフォート９０８,2020-04-22,株式会社
株式会社兵庫オート,兵庫県神戸市兵庫区築地町７番２１－１号,2020-04-22,株式会社
株式会社和ロボ,愛知県豊田市御立町３丁目３３番地８ガーデンハイツ３０１号室,2020-04-22,株式会社
株式会社和建富士,山梨県南都留郡富士河口湖町大石１３６９番地１,2020-04-22,株式会社
株式会社和音コーポレーション,奈良県奈良市南京終町２丁目２５２番地の１,2020-04-22,株式会社
株式会社宝販売,埼玉県さいたま市岩槻区東町１丁目１０番１５号,2020-04-22,株式会社
株式会社宮崎学校空調パートナー,宮崎県宮崎市阿波岐原町野間３１１番地１,2020-04-22,株式会社
株式会社小次郎,東京都葛飾区西水元６丁目１３番１３号,2020-04-22,株式会社
株式会社小池青果,愛知県豊田市高崎町兼近７０番地,2020-04-22,株式会社
株式会社小野建設,大阪府松原市高見の里３丁目３番８－３０２号,2020-04-22,株式会社
株式会社岩木大豆組合,青森県弘前市大字百沢字東岩木山６２番地１,2020-04-22,株式会社
株式会社岩﨑通信社,福岡県北九州市小倉北区貴船町１４番１３号,2020-04-22,株式会社
株式会社岸田商店,大阪府岸和田市南町３０番２４－３０２号,2020-04-22,株式会社
株式会社幸伸インダストリー,京都府京都市中京区樽屋町４６９番地,2020-04-22,株式会社
株式会社広商,鹿児島県薩摩郡さつま町時吉１６５０番地,2020-04-22,株式会社
株式会社愛昂,大阪府東大阪市昭和町８番２４号,2020-04-22,株式会社
株式会社慶之商事,神奈川県愛甲郡愛川町中津１４８１番地の５,2020-04-22,株式会社
株式会社津堅島ファーム,沖縄県うるま市勝連津堅１１９４－３,2020-04-22,株式会社
株式会社清須測量,愛知県清須市新清州一丁目５番地１２,2020-04-22,株式会社
株式会社湘南ＨＯＳＨＩＮＯ,神奈川県藤沢市石川２丁目１番地の１３,2020-04-22,株式会社
株式会社翔和,石川県七尾市鵜浦町６９部１６番地甲,2020-04-22,株式会社
株式会社英工務店,鹿児島県鹿児島市紫原７丁目３番１３号,2020-04-22,株式会社
株式会社虹,大阪府藤井寺市古室３丁目８－２１,2020-04-22,株式会社
株式会社道發物流,長野県上伊那郡南箕輪村２０４５番地１０,2020-04-22,株式会社
株式会社野澤工務店,千葉県流山市加４丁目４番地の３０,2020-04-22,株式会社
株式会社鈴樹商事,茨城県神栖市知手３４２８番地１１１,2020-04-22,株式会社
株式会社長島熱帯植物園,三重県桑名市長島町福吉８８８番地,2020-04-22,株式会社
株式会社陽美建設,大阪府泉南市信達牧野５番地,2020-04-22,株式会社
株式会社青森ホリック,青森県青森市浜館１丁目１１番地１２,2020-04-22,株式会社
株式会社４Ｄ,東京都新宿区上落合１丁目２９番７号,2020-04-22,株式会社
株式会社９ＧＡＴＥＳ．ＡＳＩＡ,東京都中央区銀座１丁目１９番７号,2020-04-22,株式会社
株式会社ＡＧＮＳアセットマネジメント,東京都港区六本木４丁目８番７号,2020-04-22,株式会社
株式会社ＡＩＲ　ＧＬＯＢＡＬ　ＡＧＥＮＣＹ　ＪＡＰＡＮ,北海道札幌市中央区南四条西６丁目７番地７六華ビル４Ｆ,2020-04-22,株式会社
株式会社ＡＴＰホールディングス,東京都中野区中央１丁目３８番１号,2020-04-22,株式会社
株式会社Ａｌｌｕｒｅ,神奈川県厚木市恩名３丁目１１番４５号,2020-04-22,株式会社
株式会社Ａｌｙｓｓｕｍ,東京都大田区大森南２丁目４番２２号,2020-04-22,株式会社
株式会社ＢＳＭ,東京都中央区日本橋堀留町１丁目１１番４号日本橋吉泉第二ビル３階,2020-04-22,株式会社
株式会社Ｂｅｙｏｎｄ　Ｗｅｌｌ,東京都千代田区九段南１丁目５番６号りそな九段ビル５階,2020-04-22,株式会社
株式会社ＣｕｌｔｉＶｉｓｉｏｎ,北海道札幌市東区北十一条東１０丁目３番８号,2020-04-22,株式会社
株式会社Ｅグレイス,福岡県遠賀郡水巻町吉田西５丁目７番７号,2020-04-22,株式会社
株式会社ＥＬＣ,京都府京都市中京区錦大宮町１１５番地３,2020-04-22,株式会社
株式会社ＦＡＩＲＹ,愛知県名古屋市中川区高畑３丁目１３８南ウイングビル１Ｆ,2020-04-22,株式会社
株式会社ＦＯＲＥＳＴＡ,神奈川県相模原市中央区星が丘１丁目１４番５号,2020-04-22,株式会社
株式会社ＦａｂＣａｆｅ　Ｎａｇｏｙａ,東京都渋谷区道玄坂１丁目２２番７号,2020-04-22,株式会社
株式会社Ｆｒｅｅ　Ｇａｒｄｅｎ,千葉県柏市逆井１１５１,2020-04-22,株式会社
株式会社ＧＬＡＤｓ,東京都中央区銀座６丁目６番１号銀座風月堂ビル５Ｆ,2020-04-22,株式会社
株式会社ＧｒｏｗＳｋｉｌｌ,神奈川県川崎市川崎区京町１丁目１６番９号,2020-04-22,株式会社
株式会社ＨＯＧＡ　ＦＡＣＴＯＲＹ,神奈川県横須賀市若宮台３２番１４号,2020-04-22,株式会社
株式会社ＨＯＬＧＡ,長野県上田市住吉１９２番地１,2020-04-22,株式会社
株式会社Ｈｏｐｅ　Ｓｋｙ,愛知県名古屋市中区千代田５丁目１１番３３号,2020-04-22,株式会社
株式会社ＩＣＦ,東京都台東区台東３丁目５番１０号,2020-04-22,株式会社
株式会社ＩＮＴＥＲＳＥＣＴ,大阪府堺市南区高尾３丁２２３－４７,2020-04-22,株式会社
株式会社ＩＱＢＡＬ　ＩＮＡＹＡＴ　ＴＲＡＤＩＮＧ,栃木県小山市大字出井７６１番地１９,2020-04-22,株式会社
株式会社ＩｎｎｏＰｒｏｖｉＺａｔｉｏｎ,東京都世田谷区赤堤１丁目３８番７－２０７,2020-04-22,株式会社
株式会社ＪＯＰ,大阪府岸和田市南町４９番２号,2020-04-22,株式会社
株式会社ＫＩＹＯ,大阪府堺市美原区小平尾８８９－１,2020-04-22,株式会社
株式会社ＫＹＭクリエイト,大阪府柏原市田辺１丁目５番２６号,2020-04-22,株式会社
株式会社Ｋｉｙｏ－Ｓｕｎｇｌａｓｓｅｓ,奈良県香芝市北今市１丁目４８番地３,2020-04-22,株式会社
株式会社Ｋｕｚｕｈａ,東京都世田谷区羽根木１丁目４番１５号ルーブル下北沢弐番館８０２号,2020-04-22,株式会社
株式会社ＬＡＶＩＥＮ　ＪＡＰＡＮ,東京都中央区新川１丁目５番１３号伊成ビル４Ｆ,2020-04-22,株式会社
株式会社ＭＩＡＳＭＩＬＥ,千葉県柏市南増尾７丁目４番２８号,2020-04-22,株式会社
株式会社ＭＩＺ,東京都世田谷区太子堂３丁目３７番１－Ｃ１００６号,2020-04-22,株式会社
株式会社ＮＥＯＬＥＡＰ,大阪府大阪市北区天神橋７丁目１５番５号８階,2020-04-22,株式会社
株式会社ＮａｎｄＳ,千葉県八千代市八千代台東４丁目２１－３－１０２,2020-04-22,株式会社
株式会社Ｎｕｍｂｅｒ１２,東京都中央区銀座１丁目２２番１１号銀座大竹ビジデンス２Ｆ,2020-04-22,株式会社
株式会社Ｎｕｍｂｅｒ６,東京都豊島区北大塚１丁目１９番１２号,2020-04-22,株式会社
株式会社ＯＮＥ　ＬＩＦＥトレーニングハトリ,埼玉県春日部市増富６５４番地７,2020-04-22,株式会社
株式会社ＯｎｅＳｍａｌｌＳｔｅｐ,福岡県福岡市中央区西中洲六丁目２７親和銀行福岡ビル５Ｆ,2020-04-22,株式会社
株式会社ＰＲＩＴＳ,東京都港区南青山４丁目１番７号長谷川ビル１Ｆ,2020-04-22,株式会社
株式会社Ｐｅａｒｌ　Ｐｌｕｓ　Ｊａｐａｎ,東京都千代田区内神田３丁目１７番４号,2020-04-22,株式会社
株式会社Ｐｅｅｒ　Ｌｏｄｇｅ,東京都中野区弥生町５丁目９番５号ルーブル中野弥生町３２０,2020-04-22,株式会社
株式会社ＲＳＰ警備保障,愛知県豊田市土橋町６丁目２７番地１,2020-04-22,株式会社
株式会社ＲｅＢｏｎｄｓ,東京都千代田区神田須田町１丁目３４番鈴木ビル３階,2020-04-22,株式会社
株式会社Ｓ＆Ｓ企画,東京都練馬区中村２丁目３番４号,2020-04-22,株式会社
株式会社ＳＩＮＬＡＢ,東京都渋谷区恵比寿西１丁目３３－６,2020-04-22,株式会社
株式会社ＳＯコーポレーション,三重県津市白塚町３６９番地７,2020-04-22,株式会社
株式会社ＳＰＨ,岩手県陸前高田市米崎町字松峰５９－４１,2020-04-22,株式会社
株式会社ＳＰＭライズコンサルティング,大阪府堺市美原区今井４１５番地３６,2020-04-22,株式会社
株式会社ＳＲＢ,東京都文京区湯島１丁目２番７,2020-04-22,株式会社
株式会社ＳＴＡＮＯＶＡ,東京都新宿区高田馬場１丁目２８番１０号,2020-04-22,株式会社
株式会社Ｓａｏｌａ,東京都新宿区高田馬場４丁目２－２２ハイツ・サン１０２号室,2020-04-22,株式会社
株式会社Ｓｐｒａｃｔ,神奈川県横浜市中区常盤町２丁目１１番地１－７０５,2020-04-22,株式会社
株式会社Ｓｔｕｆｆ　Ｈｏｂｂｉｅｓ,東京都千代田区三番町３０番地２,2020-04-22,株式会社
株式会社Ｓｗｏｌｅ,東京都渋谷区笹塚１丁目３７番１１号,2020-04-22,株式会社
株式会社ＴＡＫＡＫＩ　ＢＥＡＵＴＹ,東京都台東区西浅草２丁目８番２号,2020-04-22,株式会社
株式会社ＴＨＥ　ＣＲＡＦＴ　ＦＡＲＭ,静岡県静岡市葵区渡１４４８番地の６,2020-04-22,株式会社
株式会社ＴＵＮＡＧＵ,愛知県豊橋市高師本郷町字竹ノ内１２２番地２,2020-04-22,株式会社
株式会社ＶＥＲＴＥＣ,埼玉県久喜市高柳１４５１番地３,2020-04-22,株式会社
株式会社ＷＡＬＫ,東京都新宿区天神町８番地,2020-04-22,株式会社
株式会社Ｘ　Ａｓｉａ,東京都渋谷区大山町４５番３号アパートメントＭＯＮＮＡ３０１,2020-04-22,株式会社
株式会社ＹＨホールディングス,福岡県北九州市小倉南区若園１丁目２番２０号,2020-04-22,株式会社
株式会社Ｙｏｕｌｏｏｋ,東京都千代田区九段南１丁目５番６号りそな九段ビル５階,2020-04-22,株式会社
株式会社ｃｈｏｂｉ,千葉県船橋市湊町２丁目１２番２４号湊町日本橋ビル６階,2020-04-22,株式会社
株式会社ｍｅｄｉａｂｏｗｌ,長野県長野市大字栗田１０２０番地１ステラビル４Ｆ,2020-04-22,株式会社
株式会社ｎｉｎａｃｏ,東京都中央区銀座１丁目２２番１１号銀座大竹ビジデンス２Ｆ,2020-04-22,株式会社
株式会社ｖｅｒｒｅ　ｂｌａｎｃ,東京都中央区晴海５丁目１番１７－１５１５号,2020-04-22,株式会社
特定非営利活動法人医学を科学で考える会,大阪府大阪市住吉区苅田７丁目１１番１１号,2020-04-22,その他の設立登記法人
特定非営利活動法人愛和会,千葉県千葉市美浜区打瀬２丁目１１番地パティオス６番街１０５号室,2020-04-22,その他の設立登記法人
特定非営利活動法人ＦＯＧＯＪＡＰＡＮ,東京都中野区東中野１丁目５１番３１号,2020-04-22,その他の設立登記法人
特定非営利活動法人Ｉｎｔｅｒｎａｔｉｏｎａｌ　Ｃｏｍｍｕｎｉｃａｔｉｏｎ　Ｕｎｉｔ,東京都中野区上高田２丁目１７番１号ＮＨレジデンス中野２０９号室,2020-04-22,その他の設立登記法人
特許業務法人杉浦特許事務所,東京都豊島区南池袋１丁目１番１１号カドラービル４０２,2020-04-22,その他の設立登記法人
竹資源開発株式会社,千葉県夷隅郡大多喜町湯倉６７番地１,2020-04-22,株式会社
翔和建設株式会社,大阪府堺市堺区賑町４丁１番５－６２３号,2020-04-22,株式会社
自己肯定感モテ学研究所合同会社,東京都渋谷区本町５丁目２６－２ライオンズシティ５０１,2020-04-22,合同会社
農事組合法人あおぞら,秋田県秋田市中通２丁目２－３２,2020-04-22,その他の設立登記法人
関東貿易合同会社,千葉県八街市大木６６８－６０,2020-04-22,合同会社
黄海インターナショナル株式会社,茨城県土浦市荒川沖東２丁目２５－５,2020-04-22,株式会社
Ａ－Ｐｒｏ　Ｇｌｏｂａｌ合同会社,東京都渋谷区桜丘町２６番１号セルリアンタワー１５階,2020-04-22,合同会社
ＡＩＹＡＮ株式会社,大阪府泉佐野市日根野７０５３番地,2020-04-22,株式会社
ＡＭ　ＴＥＣＨＮＯＬＯＧＹ合同会社,千葉県松戸市二十世紀が丘萩町２３６番地（第２ユタカハイツ２０８号室）,2020-04-22,合同会社
Ａｘｃｅｌｅａｄ　Ｄｒｕｇ　Ｄｉｓｃｏｖｅｒｙ　Ｐａｒｔｎｅｒｓ株式会社,神奈川県藤沢市村岡東２丁目２６番地の１,2020-04-22,株式会社
ＢＳＫ企画株式会社,東京都町田市三輪町４２番地１,2020-04-22,株式会社
ＤＡＰ株式会社,東京都大田区仲六郷２丁目２４番１２号,2020-04-22,株式会社
ＦＧ合同会社,熊本県熊本市中央区中央街７番２号銀座スカイビル３Ｆ,2020-04-22,合同会社
ＦＩＸＥＲ株式会社,東京都港区浜松町２丁目２番１５号浜松町ダイヤビル２Ｆ,2020-04-22,株式会社
ＦｉｎＦｅｅｄ株式会社,東京都世田谷区上祖師谷１丁目２８番１３号,2020-04-22,株式会社
Ｆｒｕｉｔｓ株式会社,東京都練馬区中村２丁目１１番４号,2020-04-22,株式会社
Ｇ－ＳＩＸ株式会社,埼玉県さいたま市大宮区上小町１１４４番地４信栄マンション３０６号,2020-04-22,株式会社
ＧＫトランス合同会社,東京都港区浜松町２丁目２番１５号浜松町ダイヤビル２Ｆ,2020-04-22,合同会社
ＧＭグループ合同会社,愛知県名古屋市東区泉１丁目１番１８号プレサンス泉セレグレード１００１号,2020-04-22,合同会社
ＧＴテック株式会社,兵庫県養父市八鹿町八鹿１４３２番地３,2020-04-22,株式会社
Ｇｒｏｗｔｈ合同会社,東京都世田谷区代沢２丁目５番２号パークリラヴェール代沢３０５,2020-04-22,合同会社
Ｈａｋｕｂａ　Ｍｉｒａｉ一般社団法人,東京都中央区銀座１丁目６番１１号土志田ビルディング３Ｆ,2020-04-22,その他の設立登記法人
Ｊ－ＧＡＴＥ株式会社,千葉県船橋市湊町２丁目１２番２４号湊町日本橋ビル６Ｆ,2020-04-22,株式会社
ＪＥＳＣＯエキスパートエージェント株式会社,東京都中野区中央４丁目３番４号,2020-04-22,株式会社
Ｋ－ｗｉｓｔｅｒｉａ合同会社,大阪府和泉市青葉台２丁目３０番１０号,2020-04-22,合同会社
ＫＫＫ合同会社,富山県南砺市鍛治１７３－１,2020-04-22,合同会社
ＫＴフーズ株式会社,大阪府堺市北区長曽根町３０３３番地１０,2020-04-22,株式会社
ＫＵＤＡＩ株式会社,埼玉県三郷市中央１丁目２番地１ザ・ライオンズ三郷中央２３０１号,2020-04-22,株式会社
Ｋｅｅｏｇｏ　Ｊａｐａｎ株式会社,千葉県習志野市茜浜２丁目６番２号,2020-04-22,株式会社
ＭＩＯ商事合同会社,東京都立川市一番町１丁目１５－１７,2020-04-22,合同会社
ＮＰＯ法人わくわく西灘,兵庫県神戸市灘区水道筋４丁目２番６号,2020-04-22,その他の設立登記法人
ＮＰＯ法人沖縄戦没者遺骨協議会,沖縄県浦添市当山２丁目１５番１８号,2020-04-22,その他の設立登記法人
ＯＨエナジー合同会社,徳島県徳島市徳島本町３丁目６番地,2020-04-22,合同会社
ＯＮＥ　ＭＥＤＩＣＡＬ株式会社,青森県弘前市大字宮園３丁目１番地８,2020-04-22,株式会社
Ｏｍｏｉｄａｓｕ合同会社,東京都江東区佐賀１丁目１６番１２号５Ｆ,2020-04-22,合同会社
ＰＴ．ＬＩＮＴＡＳ　ＮＥＧＥＲＩ　ＭＡＮＤＩＲＩ,広島県広島市中区大手町５丁目８番１３号,2020-04-22,外国会社等
Ｐｉｅｒｏ　Ｍｉｌａｎｏ　Ｇｉｏｉｅｌｌｉ　Ｊａｐａｎ合同会社,東京都目黒区上目黒３丁目２９番５－１０１号,2020-04-22,合同会社
ＲｏｏＭｏｏＮ株式会社,東京都港区南青山３丁目１番３０号エイベックスビルコワーキングスペースａｖｅｘＥＹＥ内,2020-04-22,株式会社
Ｓ・Ｕ・Ｎ合同会社,千葉県富里市七栄６４６番地２６５,2020-04-22,合同会社
Ｓ＆Ｊ．ＡＭＢＥＲ合同会社,東京都港区新橋６丁目１６番８号,2020-04-22,合同会社
ＳＵＮＹＯＫＯ合同会社,東京都練馬区春日町２丁目４番２７号,2020-04-22,合同会社
Ｓｈｉｎｓｈｕ　Ｒｅｓｏｒｔｓ一般社団法人,東京都中央区銀座１丁目６番１１号土志田ビルディング３Ｆ,2020-04-22,その他の設立登記法人
Ｓｕｚｕｍｅ株式会社,北海道札幌市厚別区厚別南２丁目２６番１－２０５号,2020-04-22,株式会社
Ｔ．Ｓ．Ｇｒｏｕｐ合同会社,東京都墨田区東駒形３丁目１９番６－４０３号アン・プルミエール,2020-04-22,合同会社
Ｔｏｐ　Ｌｉｇｈｔｉｎｇ株式会社,埼玉県川口市本町３丁目１番３－３０３号ハイネス川口,2020-04-22,株式会社
ＵＮＮ株式会社,福岡県北九州市八幡西区楠木２丁目１１番２４号,2020-04-22,株式会社
ＹＳＣ事業協同組合,山梨県甲府市国母８丁目５番１１号,2020-04-22,その他の設立登記法人
おのくまアウトドア合同会社,大阪府大阪市北区中之島４丁目３番２５号フジヒサＦＪ中之島ビル１１階,2020-04-23,合同会社
なちゅらるママ合同会社,三重県南牟婁郡御浜町大字栗須９６番地７,2020-04-23,合同会社
みさき未来開発株式会社,静岡県藤枝市花倉７９９番地の１、２Ｆ,2020-04-23,株式会社
みなとや太陽光発電合同会社,東京都港区芝浦３丁目１７番１１号,2020-04-23,合同会社
アルティアワークス株式会社,静岡県沼津市西椎路５６番地の８,2020-04-23,株式会社
アールツーティシー株式会社,東京都豊島区駒込６丁目３０－１１,2020-04-23,株式会社
インドネシア技術開発協同組合,千葉県成田市並木町２２１番地２,2020-04-23,その他の設立登記法人
ウインドエナジーパートナーズ株式会社,東京都港区新橋６丁目２０番１号,2020-04-23,株式会社
ウマッピー株式会社,東京都渋谷区円山町２８番１号渋谷道玄坂スカイビル１１Ｆ,2020-04-23,株式会社
エイコウ合同会社,埼玉県鴻巣市箕田３４０１番地１,2020-04-23,合同会社
エネワーク株式会社,東京都新宿区住吉町３－４ローゼンハイム６０５号,2020-04-23,株式会社
クアンタム・モレキュラー・ダイアグノスティックス合同会社,大阪府大阪市住吉区杉本３丁目３番１３８号大阪市立大学インキュベータ,2020-04-23,合同会社
クリーンＭ’ｓ株式会社,大阪府松原市小川４丁目１７番５号,2020-04-23,株式会社
クレアボ・テクノロジーズ株式会社,東京都中央区日本橋２丁目７番１号,2020-04-23,株式会社
コエマ株式会社,愛知県名古屋市瑞穂区白龍町２丁目１９番地の１,2020-04-23,株式会社
コンビンス合同会社,愛知県名古屋市中区錦１丁目１０－１２服部ビル１０Ｆ,2020-04-23,合同会社
ソーイング合同会社,大阪府大阪市福島区大開１丁目１２番８号,2020-04-23,合同会社
タック合同会社,石川県金沢市藤江北４丁目４９１番地カホントゥシード２階,2020-04-23,合同会社
ネイチャーモンスター株式会社,兵庫県芦屋市平田町１番３１－１号,2020-04-23,株式会社
ネクスト株式会社,岐阜県多治見市若松町１丁目１１番地,2020-04-23,株式会社
ノーチェ合同会社,千葉県船橋市宮本６丁目２１番２５号,2020-04-23,合同会社
バルクアップ株式会社,埼玉県さいたま市桜区栄和１丁目１番７ＭＴ糀ヶ谷戸３０３号,2020-04-23,株式会社
フューチャーアップ株式会社,東京都江戸川区西小岩１丁目３０番１１号,2020-04-23,株式会社
フレックス八丈不動産合同会社,東京都八丈島八丈町大賀郷６１６７番地,2020-04-23,合同会社
ユタカメディカル株式会社,京都府京都市中京区西ノ京大炊御門町８－１９,2020-04-23,株式会社
ライズネクスター株式会社,神奈川県川崎市川崎区大師河原２丁目２番２号,2020-04-23,株式会社
ラガルデール・トラベル・リテール株式会社,東京都港区南青山３丁目１７番１４号中山ビルディング３Ｆ,2020-04-23,株式会社
ラボーロ株式会社,兵庫県西宮市熊野町２番２５号,2020-04-23,株式会社
ロゴスアンドパートナーズ株式会社,東京都中央区勝どき６丁目３番１－３９０３号,2020-04-23,株式会社
ロマンスドーン合同会社,埼玉県久喜市鷲宮２丁目１３番１号,2020-04-23,合同会社
一般社団法人える,岡山県倉敷市笹沖３６２番地３１,2020-04-23,その他の設立登記法人
一般社団法人イスラミック学術日本文化センター,愛知県津島市蛭間町字宮重５６６番地１,2020-04-23,その他の設立登記法人
一般社団法人エムむすび,東京都品川区東品川１丁目３番１５号ｔｈｅＰａｒｋＲｅｘＴＥＮＮＯＺｔｈｅＤＯＣＫ,2020-04-23,その他の設立登記法人
一般社団法人ブレスエンジェル,北海道札幌市西区福井２丁目３番５１号,2020-04-23,その他の設立登記法人
一般社団法人プロギングジャパン,東京都千代田区九段南１丁目５－６りそな九段ビル５階,2020-04-23,その他の設立登記法人
一般社団法人ヴィレッジファイブ,東京都中央区日本橋１丁目４番１号,2020-04-23,その他の設立登記法人
一般社団法人京都南ライオンズクラブ,京都府京都市右京区梅津南広町３４番地,2020-04-23,その他の設立登記法人
一般社団法人南大阪人権推進協会,大阪府泉南市信達牧野４００番地の３（２Ｆ）,2020-04-23,その他の設立登記法人
一般社団法人建築不動産相談センター,愛知県名古屋市西区花の木３丁目１２番２３号エクセル花の木５０２号,2020-04-23,その他の設立登記法人
一般社団法人日本特殊清掃隊,東京都青梅市河辺町１０丁目１７番地の６,2020-04-23,その他の設立登記法人
一般社団法人終活研究会,神奈川県川崎市多摩区登戸新町３９１番地,2020-04-23,その他の設立登記法人
一般社団法人ＨＡＰＰＹ　ＦＡＣＴＯＲＹ,東京都港区南青山２丁目２番１５号ウィン青山９４２,2020-04-23,その他の設立登記法人
一般社団法人ＩＰＦＳ　ＪＡＰＡＮコンソーシアム,東京都千代田区内幸町１丁目１番６号ＮＴＴ日比谷ビル７階,2020-04-23,その他の設立登記法人
一般社団法人ＭＩＮＥＲＶＡ　ＵＢＥ　ＰＬＵＳ,山口県宇部市大字上宇部７５,2020-04-23,その他の設立登記法人
一般社団法人ＮＦＣ　Ｖｉｖａｃｅ,福島県福島市町庭坂字松ノ下３番地の１６,2020-04-23,その他の設立登記法人
一般社団法人ＳＤＧｓ推進機構,東京都千代田区五番町５－６ビラカーサ五番町９Ｆ,2020-04-23,その他の設立登記法人
一般財団法人フェニックス,大阪府堺市堺区香ヶ丘町１丁１４番１８号,2020-04-23,その他の設立登記法人
一関市国際交流協会,岩手県一関市大町４－２９なのはなプラザ４階,2020-04-23,その他
三方商会株式会社,東京都品川区平塚１丁目７番１８号,2020-04-23,株式会社
丸紅洋上風力開発株式会社,東京都中央区日本橋２丁目７番１号,2020-04-23,株式会社
医療法人社団祐慈会,埼玉県さいたま市南区太田窪２丁目１１番２２号,2020-04-23,その他の設立登記法人
医療法人ＳＭＧ,埼玉県さいたま市桜区西堀５丁目３番４０号,2020-04-23,その他の設立登記法人
協同組合ＮＳＣＡ,岐阜県不破郡関ケ原町大字関ケ原３４５８番地,2020-04-23,その他の設立登記法人
合同会社がじゅまる,沖縄県国頭郡本部町字瀬底２２６８番地,2020-04-23,合同会社
合同会社ゆたかなもり,神奈川県大和市上草柳２丁目２番１号,2020-04-23,合同会社
合同会社アヴニール企画,佐賀県鳥栖市本町２丁目１４５６番地１,2020-04-23,合同会社
合同会社イチノヤアセットマネジメント,東京都渋谷区千駄ヶ谷３丁目１３番２０－６０３号,2020-04-23,合同会社
合同会社エヌティコンサルティング,東京都台東区東上野３丁目３３－１１伊澤ビル３０２,2020-04-23,合同会社
合同会社エムフレア,東京都品川区東五反田１丁目８番１１号シルバープラザ五反田６０６,2020-04-23,合同会社
合同会社エムペッグ,埼玉県和光市新倉２丁目４－７０,2020-04-23,合同会社
合同会社オオスミソーラー,兵庫県西宮市鷲林寺南町２２番５４号,2020-04-23,合同会社
合同会社クリア,熊本県熊本市東区健軍５丁目６番４号,2020-04-23,合同会社
合同会社コスモデータ,長野県長野市合戦場２丁目１３３番地５,2020-04-23,合同会社
合同会社サンアルファ宮崎,宮崎県東諸県郡国富町大字本庄６３６７番地１７,2020-04-23,合同会社
合同会社シトリン,岡山県赤磐市桜が丘西１丁目５番２８号,2020-04-23,合同会社
合同会社シャンピニオン,兵庫県相生市矢野町小河８５４番地,2020-04-23,合同会社
合同会社スターデンタルラボ,兵庫県明石市大明石町２丁目４番２３号多聞ビル,2020-04-23,合同会社
合同会社ダブルスマイル,北海道札幌市西区発寒六条９丁目１７番２８－４０５号,2020-04-23,合同会社
合同会社トモラボ,大阪府高石市高師浜１丁目２５番５号１０２号室,2020-04-23,合同会社
合同会社トリスタン,東京都世田谷区成城２丁目３２番２０－５０４号,2020-04-23,合同会社
合同会社ナナミル,大阪府大阪市平野区平野本町２丁目１０－２５吉豊マンション４０３,2020-04-23,合同会社
合同会社ビューライフ,富山県砺波市庄川町高儀新５番地１２,2020-04-23,合同会社
合同会社ピュアライトテクノロジー,神奈川県厚木市毛利台２丁目１６番７号,2020-04-23,合同会社
合同会社フィー,熊本県八代市袋町５番地１９,2020-04-23,合同会社
合同会社プリモ,東京都港区芝大門２丁目２番１号ユニゾ芝大門二丁目ビル６Ｆ,2020-04-23,合同会社
合同会社プレーリー,神奈川県横浜市神奈川区上反町２丁目１８番地１ベルフィーユ横濱３０２号,2020-04-23,合同会社
合同会社ベストハウス東京,神奈川県横浜市青葉区荏田北２丁目２０番地１３,2020-04-23,合同会社
合同会社ユーキエンジ,大阪府三島郡島本町山崎３丁目３番９－２０１号,2020-04-23,合同会社
合同会社上野新聞店,愛媛県西予市宇和町卯之町２丁目８１番地,2020-04-23,合同会社
合同会社中野建設,埼玉県日高市大字森戸新田１００番地５,2020-04-23,合同会社
合同会社久悦,岐阜県中津川市柳町３番３８号,2020-04-23,合同会社
合同会社九衛,兵庫県姫路市西庄２３番地２,2020-04-23,合同会社
合同会社住むスマイル,東京都江戸川区新堀１丁目９番１５号,2020-04-23,合同会社
合同会社信蕾,大阪府枚方市藤田町１番１号,2020-04-23,合同会社
合同会社原田商店,北海道札幌市東区北八条東５丁目１９番１号,2020-04-23,合同会社
合同会社大成亭,埼玉県東松山市大字高坂１３０９番地１,2020-04-23,合同会社
合同会社山眞,千葉県市川市新田２丁目８番７号青柳ビル２０７号,2020-04-23,合同会社
合同会社慎明総業,宮崎県宮崎市和知川原１丁目３５－１アンソレイエＢ２０３,2020-04-23,合同会社
合同会社憩い庵,大阪府東大阪市渋川町２丁目１番２０号,2020-04-23,合同会社
合同会社整養功,神奈川県相模原市南区東林間５丁目１３番２号ハイツホルン東林間１０１号室,2020-04-23,合同会社
合同会社文商,京都府京都市右京区太秦御所ノ内町７番地,2020-04-23,合同会社
合同会社湘南エアーサービス,神奈川県鎌倉市笛田２丁目３０番１４号,2020-04-23,合同会社
合同会社紅葉相続法務事務所,大阪府大阪市港区弁天１丁目２番１号大阪ベイタワー１４階,2020-04-23,合同会社
合同会社４ｃｕｓ,埼玉県新座市野火止２丁目７番１５号,2020-04-23,合同会社
合同会社ＡＳＯＮＥ,福岡県北九州市小倉南区徳力新町１丁目１３番１６号（２０３）,2020-04-23,合同会社
合同会社ＢＡＳＩＣ企画,鹿児島県霧島市国分剣之宇都町１２番地１,2020-04-23,合同会社
合同会社ＣＯＮＴＲＩＢＵＴＯＲ,兵庫県西宮市中浜町６番１３－２０３号,2020-04-23,合同会社
合同会社Ｅａｓｙｇｏｉｎｇ,神奈川県横浜市港北区大曽根２丁目４４番１０号ＣＨＡＲＭＥＹＯＫＯＨＡＭＡ３０１,2020-04-23,合同会社
合同会社ＧＤＩ,大阪府寝屋川市萱島桜園町１８番６号,2020-04-23,合同会社
合同会社ＩＣＨＩＦＵＪＩ,大阪府大阪市東淀川区東淡路４丁目３３番２８号,2020-04-23,合同会社
合同会社Ｋ　ｒｅａｌｉｚｅ,奈良県奈良市学園大和町６丁目７０６番地の１,2020-04-23,合同会社
合同会社Ｋ・Ｔ・Ｙ,北海道北広島市大曲光４丁目１０番地３,2020-04-23,合同会社
合同会社Ｋｉｒａｒａ,福井県福井市高木中央１丁目３００２,2020-04-23,合同会社
合同会社ＬＩＯＮ　ＡＵＴＯ,茨城県石岡市小幡３３１１番地１,2020-04-23,合同会社
合同会社ＭＡＸ　ＳＷＩＮＧ,愛知県名古屋市北区鳩岡２丁目２番地１５,2020-04-23,合同会社
合同会社ＭＥＰＳ,大阪府大阪市北区池田町１番７５－６０７号,2020-04-23,合同会社
合同会社ＭＳ＆ＳＹＮＥＲＧＹ,神奈川県藤沢市辻堂東海岸１丁目１０番１８号イーストコート３０２,2020-04-23,合同会社
合同会社ＭＹＬＯ,埼玉県所沢市西住吉７番１５号ファインデュオＴＴＳ２０６,2020-04-23,合同会社
合同会社ＭＹＳＪ,東京都新宿区歌舞伎町２丁目９番１号ソフィア３ビル７階,2020-04-23,合同会社
合同会社ＮＴプランニング,三重県松阪市久保町７７４番地７,2020-04-23,合同会社
合同会社Ｏｎｅ,宮崎県児湯郡高鍋町大字持田１４９６－３,2020-04-23,合同会社
合同会社Ｓｆａｒｍ,東京都新宿区新宿７丁目２０番６号大久保マンション１階,2020-04-23,合同会社
合同会社ＴＡＫ,長野県佐久市中込２９５７番地３,2020-04-23,合同会社
合同会社ＴＴＪ,茨城県那珂郡東海村舟石川駅西１丁目６番２２号３階,2020-04-23,合同会社
合同会社ＹＳ　Ａｃｃｏｕｎｔｉｎｇ　Ｃｏｎｓｕｌｔｉｎｇ,東京都新宿区富久町１６番１０－５０３号,2020-04-23,合同会社
吉祥合同会社,東京都板橋区東新町１丁目５０－１２,2020-04-23,合同会社
大池商事株式会社,愛知県名古屋市西区上名古屋４丁目７番１２号,2020-04-23,株式会社
宇智波株式会社,東京都板橋区弥生町３１番６号アパートメントジラフ２０２,2020-04-23,株式会社
小坂なるとう学童保育　緑の森クラブ２,愛知県名古屋市緑区小坂１丁目４０９,2020-04-23,その他
尚燕株式会社,東京都北区赤羽１丁目６５－３,2020-04-23,株式会社
幸合同会社,大阪府豊中市西泉丘２丁目２４６５番地の１（１０２号）,2020-04-23,合同会社
日亜株式会社,福島県郡山市谷地本町９０番地,2020-04-23,株式会社
日本グローバル株式会社,大阪府大阪市西淀川区姫島２丁目１４番１２号,2020-04-23,株式会社
日本マッシュルーム合同会社,静岡県富士市伝法１３２０番地の９,2020-04-23,合同会社
日本美容創生株式会社,東京都千代田区九段南１丁目５番６号りそな九段ビル５Ｆ、ＫＳフロア,2020-04-23,株式会社
昇陽建設株式会社,岡山県岡山市中区門田本町２丁目１番３２号,2020-04-23,株式会社
木村船舶株式会社,香川県坂出市加茂町甲１２９番地,2020-04-23,株式会社
東宸株式会社,福井県福井市宝永３丁目２２番１号,2020-04-23,株式会社
東昌児童クラブ,鹿児島県鹿児島市直木町４２８１－８,2020-04-23,その他
松浦パワーマネジメント合同会社,佐賀県唐津市紺屋町１６９４番地１,2020-04-23,合同会社
株式会社いちもり,宮崎県東臼杵郡美郷町南郷神門１０５０番地３,2020-04-23,株式会社
株式会社うーさん,三重県四日市市相生町２番１８号,2020-04-23,株式会社
株式会社えんむすび,岐阜県羽島市福寿町平方４丁目６番地,2020-04-23,株式会社
株式会社そらいろ,東京都千代田区神田神保町３丁目６番地４,2020-04-23,株式会社
株式会社アイアイ・ミッション,東京都品川区西五反田８丁目１番１３号タケウチビル２階,2020-04-23,株式会社
株式会社アウン,大阪府阪南市鳥取中２８２番地,2020-04-23,株式会社
株式会社アオオカ,岩手県盛岡市夕顔瀬町１－３０,2020-04-23,株式会社
株式会社アズ,大阪府摂津市鳥飼中１丁目３６番３２号,2020-04-23,株式会社
株式会社アトリエリーフ,千葉県柏市中央１丁目５番２７号,2020-04-23,株式会社
株式会社アファメーション,大阪府羽曳野市向野１丁目５番３号,2020-04-23,株式会社
株式会社アプローズ,千葉県船橋市東船橋３丁目３３番３号ストーンフィールドビル,2020-04-23,株式会社
株式会社アンローザ,福島県郡山市大町２丁目９番１３号信京プラザ１－１Ｆ,2020-04-23,株式会社
株式会社アースグリッド,千葉県千葉市稲毛区小深町１５７番地３８,2020-04-23,株式会社
株式会社インターゲート,東京都台東区根岸５丁目１６番１４－７０１号ソルフィエスタ三ノ輪,2020-04-23,株式会社
株式会社オットモンテ・ブルーベリーファーム,山梨県北杜市長坂町大八田２６３１－１,2020-04-23,株式会社
株式会社カエル寫眞機,大阪府茨木市庄１丁目２６番地１５号２０１号,2020-04-23,株式会社
株式会社ゴールドシップ,佐賀県佐賀市諸富町大字徳富２１０番地１,2020-04-23,株式会社
株式会社サボテンアイランド,埼玉県南埼玉郡宮代町本田５丁目８番２１号四季ハイツ２０１,2020-04-23,株式会社
株式会社システムアース,東京都武蔵野市西久保２丁目１５番３０号,2020-04-23,株式会社
株式会社シャローム,兵庫県三木市志染町青山３丁目２２番地５,2020-04-23,株式会社
株式会社シンサイト,東京都渋谷区桜丘町２３番１７号シティコート桜丘４０８,2020-04-23,株式会社
株式会社スズカ,大阪府堺市美原区太井３１０番地,2020-04-23,株式会社
株式会社スタジオユール,東京都千代田区二番町５番地２麹町駅プラザ９０１,2020-04-23,株式会社
株式会社スポキャリ,神奈川県川崎市中原区今井仲町１５番５３－４０６号,2020-04-23,株式会社
株式会社スリーエー,東京都渋谷区富ヶ谷１丁目１９番３号山栄ビル５階,2020-04-23,株式会社
株式会社タリー,滋賀県草津市野路町３００１番地めるべーゆ杉,2020-04-23,株式会社
株式会社ダイテック,東京都中央区日本橋室町１丁目５番５号１０Ｆ,2020-04-23,株式会社
株式会社ニシカワ,富山県富山市大島２丁目４８１番地５６,2020-04-23,株式会社
株式会社パンデミック,東京都新宿区大久保２丁目７番２号ニューハイム共栄４２３,2020-04-23,株式会社
株式会社ファーストカインド,東京都荒川区東日暮里５丁目１５番１１－６０５号,2020-04-23,株式会社
株式会社ファーストペンギン,兵庫県西宮市鷲林寺南町１７－２１,2020-04-23,株式会社
株式会社ブルーウッド,東京都港区白金台１丁目２番１２－６０８号,2020-04-23,株式会社
株式会社ブループラネット,愛知県春日井市高蔵寺町北１丁目１４７－３０３号,2020-04-23,株式会社
株式会社プラッツ,神奈川県横浜市都筑区茅ケ崎中央４６番１４－６０２号,2020-04-23,株式会社
株式会社プランツパワー,東京都台東区千束３丁目１６番１号,2020-04-23,株式会社
株式会社ヘドゥリオ,東京都荒川区町屋１丁目５番５号,2020-04-23,株式会社
株式会社ホームクリエーション,高知県高知市鴨部１４７６番地１明高ビル１階３号,2020-04-23,株式会社
株式会社ボンド,愛媛県松山市道後湯之町１５番５号エイルヴィラプレステージ道後４０１号,2020-04-23,株式会社
株式会社マルサン,静岡県榛原郡吉田町住吉５４３１番地の２６,2020-04-23,株式会社
株式会社メモリー,大阪府枚方市長尾元町４丁目７番６０号,2020-04-23,株式会社
株式会社リノ・プランニング,神奈川県横浜市西区浅間町１丁目４－１２,2020-04-23,株式会社
株式会社リリーフ,大阪府寝屋川市新家１丁目１０番１４号アントルポ寝屋川３０２,2020-04-23,株式会社
株式会社ルレイオ,東京都中央区東日本橋２丁目２番１５号東日本橋２２１５ｂｌｄｇ．３Ｆ,2020-04-23,株式会社
株式会社ロハスムーン,東京都新宿区四谷３丁目１２番地丸正総本店ビル５Ｆワイムビジネスプラザ四谷,2020-04-23,株式会社
株式会社ワイテック,大阪府大阪市浪速区浪速西２丁目９番６号,2020-04-23,株式会社
株式会社ワーリンク,東京都豊島区南大塚２丁目３８番１号,2020-04-23,株式会社
株式会社ヴェシカパイシス,東京都葛飾区堀切７丁目２８番１１号,2020-04-23,株式会社
株式会社中田,大阪府堺市北区黒土町７０番地,2020-04-23,株式会社
株式会社住まいる三愛,鹿児島県鹿児島市呉服町５番１７号,2020-04-23,株式会社
株式会社公響サービス,東京都日野市多摩平２丁目５－１,2020-04-23,株式会社
株式会社兼清企画,山口県光市光ケ丘３番１号,2020-04-23,株式会社
株式会社南福島鑑定,福島県福島市太平寺字町ノ内７３番地の４,2020-04-23,株式会社
株式会社喜楽解体,埼玉県鶴ヶ島市松ヶ丘２丁目２番１８号,2020-04-23,株式会社
株式会社太陽社,東京都葛飾区柴又６丁目２９番４号,2020-04-23,株式会社
株式会社宮下,福島県郡山市田村町山中字日照田１６２－１,2020-04-23,株式会社
株式会社昌永,岡山県笠岡市有田６２７番地,2020-04-23,株式会社
株式会社松瑶,兵庫県尼崎市稲葉元町１丁目７－３８,2020-04-23,株式会社
株式会社栄泰,大阪府高槻市天神町２丁目１０番３５号,2020-04-23,株式会社
株式会社栄静ファーマシー,静岡県焼津市下小田１２５番地の１,2020-04-23,株式会社
株式会社池田興業,茨城県水戸市城東５丁目５番３６号,2020-04-23,株式会社
株式会社清水工務店,大阪府大東市新田中町４番５号,2020-04-23,株式会社
株式会社田園ベース,福島県南相馬市原町区中太田字後廹２８４番地の１１,2020-04-23,株式会社
株式会社田嶋エステートプランニング,東京都あきる野市伊奈１１３３番地,2020-04-23,株式会社
株式会社田沢商会,北海道岩見沢市一条西４丁目６番地,2020-04-23,株式会社
株式会社盛善,大阪府堺市堺区石津町３丁７番９号,2020-04-23,株式会社
株式会社筑波メディカルケア,茨城県つくば市大貫２３５番地,2020-04-23,株式会社
株式会社終活の窓口,東京都中野区東中野１丁目５８番８号パークハビオ東中野９０１,2020-04-23,株式会社
株式会社結,埼玉県春日部市中央１丁目８番９号,2020-04-23,株式会社
株式会社西川総合研究所,大阪府大阪市西区南堀江１丁目１１番９号ＳＯＮＯ四ツ橋ビル５０６,2020-04-23,株式会社
株式会社西田設備,大阪府摂津市千里丘２丁目８番９号,2020-04-23,株式会社
株式会社道,東京都千代田区一番町１８番地３ミュラーハウス６０２号,2020-04-23,株式会社
株式会社野中建工,京都府南丹市日吉町上胡麻広野６４番地,2020-04-23,株式会社
株式会社金将組,神奈川県横浜市港南区野庭町２８５番地２エスコートパレス上永谷２０１,2020-04-23,株式会社
株式会社阪本商事,愛知県知立市八橋町登城１４番地２５,2020-04-23,株式会社
株式会社齋藤農園,福島県河沼郡会津坂下町大字宮古字中西９８番地,2020-04-23,株式会社
株式会社ＡＩＥ,東京都江戸川区篠崎町４丁目２６番１４号,2020-04-23,株式会社
株式会社ＡＲＧＯ,愛知県名古屋市中区栄２丁目２－１，５Ｆ，３５号室,2020-04-23,株式会社
株式会社Ａｒｉａ,大阪府大阪市中央区船場中央３丁目２番８－３２５号,2020-04-23,株式会社
株式会社ＢＥＥＭ,大阪府大阪市中央区南船場４丁目１２番２４号現代心斎橋ビル９Ｆ,2020-04-23,株式会社
株式会社ＢＯＤＹ　ＢＡＳＩＣ,千葉県千葉市中央区宮崎町７２３番地１４９,2020-04-23,株式会社
株式会社Ｂｌｕｅ　Ｓｋｙ,京都府京都市西京区大原野石作町３７３番地９,2020-04-23,株式会社
株式会社Ｂｌｕｅｐｉｎｅ,東京都品川区東大井１丁目１４番２４－８０８号,2020-04-23,株式会社
株式会社Ｃ－Ｂａｓｅ,神奈川県川崎市中原区木月２丁目１番１７－１００２号,2020-04-23,株式会社
株式会社ＣＩＣアセットマネジメント,愛知県春日井市桃山町２丁目２０６番地,2020-04-23,株式会社
株式会社ＣＲＡＺＹ－ＴＲＡＭＰＯＬＩＮＥ,埼玉県さいたま市浦和区常盤９丁目２３番１号,2020-04-23,株式会社
株式会社Ｃｌａｎ,京都府京都市北区鷹峯南鷹峯町２４番地２５,2020-04-23,株式会社
株式会社Ｃｏｃｏｒｏ,東京都八王子市中野町２５２７番地１９,2020-04-23,株式会社
株式会社Ｄｅｒｉｖａｔｉｖｅ　Ｈｅｄｇｅ　Ｉｎｖｅｓｔｍｅｎｔ,東京都千代田区有楽町１丁目６番３号,2020-04-23,株式会社
株式会社Ｄｏｕｘ,神奈川県横浜市旭区東希望が丘１０１番地１４山庄ビル２０９号室,2020-04-23,株式会社
株式会社Ｄｒ．ミッチー研究所,東京都品川区旗の台６丁目２６番４号,2020-04-23,株式会社
株式会社ＥＶＡ,岩手県滝沢市根堀坂６１０番地１２,2020-04-23,株式会社
株式会社Ｅｕｐｈｏｒｉａ,兵庫県芦屋市大東町６番８号,2020-04-23,株式会社
株式会社Ｆ－ｄｅｎ,石川県白山市吉野北６１番地４,2020-04-23,株式会社
株式会社ＦＦ　Ｗｏｒｌｄ　Ｋｉｔｃｈｅｎ,東京都江戸川区北小岩６丁目１６番８号リッツハウス１Ｆ,2020-04-23,株式会社
株式会社ＦＩＬＥ　ＰＡＮＴＲＹ,京都府京都市左京区下鴨西本町３０番地,2020-04-23,株式会社
株式会社ＦｅｌｉｚＧａｔｅ,東京都小平市仲町３５０番地１－Ａ３０８,2020-04-23,株式会社
株式会社ＦｒｅｅＧａｔｅ,大阪府大阪市西区北堀江１丁目１番７号四ツ橋日生ビル本館６１０号,2020-04-23,株式会社
株式会社Ｇ・Ｇコーポレーション,石川県金沢市末町９の１７番地,2020-04-23,株式会社
株式会社Ｇ．Ｔｒｕｓｔ,奈良県大和高田市今里町３番２２－５号,2020-04-23,株式会社
株式会社ＧＬＥＸＶＡＲＣ,東京都港区北青山２丁目７番１３号,2020-04-23,株式会社
株式会社ＨＮＯＴ,岐阜県岐阜市雪見町１丁目３番地１,2020-04-23,株式会社
株式会社ＨＯＲＩＫＯＳＨＩ,三重県津市美里町船山４４－１,2020-04-23,株式会社
株式会社ＨａｃＫ,大阪府八尾市萱振町２丁目９０番地の２,2020-04-23,株式会社
株式会社Ｈｅｉｗａ　Ｃｏｒｐｏｒａｔｉｏｎ　Ｊａｐａｎ,大阪府大阪市淀川区西宮原２丁目５番４６,2020-04-23,株式会社
株式会社Ｊｅｆｔｙ,東京都品川区西五反田１丁目２６－２五反田サンハイツビル２Ｆ,2020-04-23,株式会社
株式会社ＫＡＪＩＣＯ,大阪府豊中市本町３丁目１１番２４の１号,2020-04-23,株式会社
株式会社ＫＢマネジメント,大阪府大阪市北区梅田１丁目１１番４－１０００号,2020-04-23,株式会社
株式会社ＫＥＮ’Ｓ　ＥＮＧＬＩＳＨ　ＩＮＳＴＩＴＵＴＥ,埼玉県春日部市備後東７丁目２５番９号,2020-04-23,株式会社
株式会社ＫＰＳコーポレーション,大阪府大阪市西区立売堀４丁目７番２号５階,2020-04-23,株式会社
株式会社Ｌｉｂｅｒｔｙ,千葉県市川市中山１丁目１３番１－３０１号,2020-04-23,株式会社
株式会社Ｌｉｎｋ,東京都豊島区駒込１丁目３５番２号駒込タウンブリーズＢ１０２,2020-04-23,株式会社
株式会社Ｌｉｎｋｓ,岡山県岡山市北区十日市東町２番７号,2020-04-23,株式会社
株式会社ＭＡＮＩＳＰＩＮ,東京都千代田区九段南１丁目５番６号りそな九段ビル５ＦＫＳフロア,2020-04-23,株式会社
株式会社ＭＮＢ,大阪府岸和田市土生町２丁目３０番２２号タチバナビル３Ｆ,2020-04-23,株式会社
株式会社ＮＥＯ,神奈川県川崎市川崎区港町５番２－２１０８号,2020-04-23,株式会社
株式会社ＮＥＸＴ　ＧＥＮＥＲＡＴＥ,大阪府大阪市中央区南船場３丁目１１番１０号大陽ビル３Ｆ,2020-04-23,株式会社
株式会社ＯＭＯＴＥ,神奈川県横浜市都筑区中川中央１丁目２４番２０号,2020-04-23,株式会社
株式会社ＰＩＰＥＬＩＮＥ　ＣＯＮＳＵＬＴＩＮＧ,兵庫県神戸市北区ひよどり台南町３丁目４番地の６,2020-04-23,株式会社
株式会社ＰＬＵＳＭＴ,京都府京都市伏見区葭島矢倉町８番地６９,2020-04-23,株式会社
株式会社ＲＥＡＬ,福島県福島市森合町１６番地６角田ビル２Ｆ,2020-04-23,株式会社
株式会社Ｒａｉｎｂｏｗ　Ｓｕｎ,東京都港区赤坂２丁目８番１１号,2020-04-23,株式会社
株式会社ＳＡＫＵ　ＭＵＳＩＣ,神奈川県秦野市堀西５０番地の２３,2020-04-23,株式会社
株式会社ＳＫＩＮ　ＨＩＰ,東京都港区芝５丁目２５番１１号ヒューリック三田ビル２Ｆ,2020-04-23,株式会社
株式会社ＳＴＹＬＥ,大阪府大阪市中央区宗右衛門町２番３０号,2020-04-23,株式会社
株式会社ＳＹＵ,大阪府大阪市中央区宗右衛門町６番１号,2020-04-23,株式会社
株式会社Ｓｅｎｓｅ　ｏｆ　Ｈｕｍａｎ,兵庫県西宮市霞町３番３３号,2020-04-23,株式会社
株式会社Ｓｈａｄｏｗ,大阪府茨木市平田２丁目１８番８号,2020-04-23,株式会社
株式会社Ｔ＆Ｓタケダ,東京都荒川区東尾久６丁目７番９号,2020-04-23,株式会社
株式会社ＴＭＲ,東京都港区南青山５丁目２－４－３０２,2020-04-23,株式会社
株式会社ＵＲＩＨＡＭ,東京都港区南青山４丁目６番３号,2020-04-23,株式会社
株式会社Ｕｎｅｌｍａ　Ｈｏｌｄｉｎｇｓ,東京都中央区銀座８丁目１６番５号,2020-04-23,株式会社
株式会社Ｖ２プロパティ,東京都渋谷区神南１丁目１２番１４号,2020-04-23,株式会社
株式会社ＷＳ,東京都新宿区西新宿７丁目１番７号新宿ダイカンプラザＡ１０１８,2020-04-23,株式会社
株式会社ＷｉｓｅＢａｓｅ,北海道江別市豊幌花園町２７番地の１７,2020-04-23,株式会社
株式会社Ｗｉｓｔｅｒｉａ,福島県南相馬市原町区旭町１丁目１８番地,2020-04-23,株式会社
株式会社ＹＬＳマネージメント,兵庫県神戸市須磨区離宮前町１丁目３番２２－３０１号,2020-04-23,株式会社
株式会社Ｙｚ,東京都中央区銀座１丁目１５番１４号,2020-04-23,株式会社
株式会社ｄＴｏｓｈ,京都府相楽郡精華町光台１丁目７けいはんなプラザ,2020-04-23,株式会社
株式会社ｇｏｉｎｇ　ｐｌｕｓ,東京都渋谷区恵比寿西１丁目３－５アルス恵比寿メイクス９０３号室,2020-04-23,株式会社
株式会社ｋａｒａｄａｋａｒａ,徳島県徳島市川内町下別宮西４７番地１,2020-04-23,株式会社
椿自治会,秋田県山本郡八峰町八森字椿５,2020-04-23,その他
永祺株式会社,大阪府大阪市阿倍野区天王寺町北１丁目８－１３－２０４,2020-04-23,株式会社
添縁リアルティ株式会社,大阪府大阪市北区東天満２丁目６番８号篠原東天満ビル７０３号室,2020-04-23,株式会社
港名株式会社,愛知県小牧市岩崎５丁目３２４番地,2020-04-23,株式会社
潜象合同会社,東京都三鷹市井の頭３丁目１６番２８号２０２,2020-04-23,合同会社
特定非営利活動法人にしたま,東京都福生市大字福生６５４番地交運社ビル１Ｆ,2020-04-23,その他の設立登記法人
特定非営利活動法人アシストワン,神奈川県横須賀市大矢部１丁目１０番４号浜荘１０１,2020-04-23,その他の設立登記法人
特定非営利活動法人富山地域循環共生圏研究会,富山県富山市二口町１丁目９番地の２,2020-04-23,その他の設立登記法人
瑞祥株式会社,静岡県浜松市中区木戸町１１番４号,2020-04-23,株式会社
社会保険労務士法人ＶＩＢ,愛知県碧南市野田町２３１番地藤和ビル３階,2020-04-23,その他の設立登記法人
税理士法人アカウンティングプラス,東京都品川区東五反田５丁目２７番１０号第一野村ビル５Ｆ,2020-04-23,その他の設立登記法人
税理士法人アプローズ・スクウェア,東京都千代田区神田三崎町３丁目１０番４号千代田ビル５階,2020-04-23,その他の設立登記法人
税理士法人フューチャーアカウンティングファーム,大阪府大阪市中央区谷町１丁目３番５号アンフィニィ天満橋８０１,2020-04-23,その他の設立登記法人
竟成商事株式会社,栃木県下都賀郡壬生町大字安塚１９５７番地,2020-04-23,株式会社
粤麟投資株式会社,大阪府大阪市中央区島之内１丁目２２番２３号堺筋山忠ビル７０１号,2020-04-23,株式会社
西仙北地区公民館管理組合,秋田県大仙市刈和野字愛宕町１０－２,2020-04-23,その他
西日本テクニカルハイウェイ株式会社,広島県広島市中区榎町６番９号,2020-04-23,株式会社
誠萌合同会社,東京都中野区本町４丁目３０番１６号,2020-04-23,合同会社
豊明貿易株式会社,北海道札幌市豊平区美園五条３丁目２番２３号,2020-04-23,株式会社
農事組合法人ファーム・円心,兵庫県赤穂郡上郡町河野原３３６番地,2020-04-23,その他の設立登記法人
金慈株式会社,京都府京都市伏見区醍醐下山口町１－８,2020-04-23,株式会社
長崎県農業共済組合,長崎県諫早市永昌東町２２番１０号,2020-04-23,その他の設立登記法人
防災コンサルティング合同会社,大阪府大阪市北区梅田２丁目５－１３桜橋第一ビル３０４号,2020-04-23,合同会社
音調合同会社,福島県相馬郡飯舘村飯樋字前田１７８番地,2020-04-23,合同会社
Ａ・Ｉ　ＴＥＣＨＮＯＬＯＧＹ株式会社,石川県金沢市諸江町中丁１７７－１,2020-04-23,株式会社
ＡＦＴ株式会社,東京都足立区梅田８丁目１４番２－８２４号,2020-04-23,株式会社
ＡＫＡＴＵＫＩ株式会社,東京都足立区日ノ出町３９番１３－５０３号,2020-04-23,株式会社
ＢＩＫＫＩ　ＧＬＯＢＡＬ株式会社,東京都港区高輪２丁目１４,2020-04-23,株式会社
Ｃｈｉｈｉｒｏ　Ｅｎｔｅｒｐｒｉｓｅ株式会社,神奈川県横須賀市稲岡町８２番地神奈川歯科大学内,2020-04-23,株式会社
Ｃｏｎｎｅｘｉｎ合同会社,埼玉県所沢市東町１２－４０－１０１,2020-04-23,合同会社
Ｄ－Ｓｙｎｅｒｇｙ株式会社,兵庫県尼崎市南塚口町６丁目１０番３７号,2020-04-23,株式会社
ＦＰＡサービス株式会社,愛知県春日井市林島町２丁目４－２１,2020-04-23,株式会社
Ｆｕｓｉｏｎ株式会社,千葉県千葉市稲毛区稲毛東４丁目５番１号ウェリス稲毛１１５４号,2020-04-23,株式会社
Ｇｒｅａｒ　Ｔｅｃｈｎｏｌｏｇｙ　Ｊａｐａｎ合同会社,東京都港区西新橋３丁目２３番５号御成門郵船ビル７階マクシブ総合会計事務所内,2020-04-23,合同会社
ＨＡＪ株式会社,岐阜県岐阜市三笠町１丁目８番地２,2020-04-23,株式会社
ＨＡＲＷＡＹ合同会社,神奈川県横浜市保土ケ谷区常盤台３４番１８－２号ハーミットクラブハウス常盤台ⅡＡ棟１０２号,2020-04-23,合同会社
ＨＯＫＫＡＩＤＯ　ＲＹＯ　ＲＩＶＥＲ合同会社,北海道虻田郡倶知安町字山田１５５番地１７３,2020-04-23,合同会社
Ｈｏｎｅｓｔ　Ｆｅｅｌｉｎｇ株式会社,東京都港区南青山４丁目１１番２号ＭＡＩＹＡビル２Ｂ,2020-04-23,株式会社
ＪＡあまみ天城地区青色申告会,鹿児島県大島郡天城町大字天城４５９－１,2020-04-23,その他
ＫＥＮ＆Ｃｏｍｐａｎｙ合同会社,東京都港区浜松町２丁目２番１５号浜松町ダイヤビル２Ｆ,2020-04-23,合同会社
ＫＮＫ　ＴＲＡＤＩＮＧ合同会社,千葉県船橋市三山１丁目３８番２号メゾン大久保２０６号,2020-04-23,合同会社
ＫＳリアルティー株式会社,東京都渋谷区代々木１丁目１２番８号,2020-04-23,株式会社
ＬＩＮＫ株式会社,京都府京都市伏見区深草勧進橋町６４番地,2020-04-23,株式会社
ＭＡＮＨＡ　ＭＯＴＯＲＳ合同会社,神奈川県横浜市泉区上飯田町２２０４番地１２,2020-04-23,合同会社
ＭＳＰ株式会社,大阪府大阪市北区中崎西１丁目７番１７号コアナカザキ２０４,2020-04-23,株式会社
Ｍａｌｌ’ｓ株式会社,神奈川県川崎市宮前区犬蔵２丁目３２番１－３０９号,2020-04-23,株式会社
Ｍａｎａ＆Ａｒｕ株式会社,東京都中央区銀座５丁目６番１２号ｂｉｚｃｕｂｅ,2020-04-23,株式会社
Ｍｉｚｕｈｏ　Ｂａｎｋ　（ＵＳＡ）,,2020-04-23,外国会社等
Ｎｅｔｌｉｎｋｚ　Ｊａｐａｎ株式会社,東京都港区元赤坂１丁目２番７号赤坂Ｋタワー１８階太陽グラントソントン・アドバイザーズ株式会社内,2020-04-23,株式会社
ＲＯＯＳＴＥＲ　Ｘ　ＲＥＡＬ　ＥＳＴＡＴＥ　ＩＮＶＥＳＴＭＥＮＴＳ　ＬＬＣ,,2020-04-23,外国会社等
Ｓ・Ｕ・Ｃ商事合同会社,東京都港区浜松町２丁目２番１５号浜松町ダイヤビル２Ｆ,2020-04-23,合同会社
ＳＡ　ＴＥＣＨ合同会社,千葉県松戸市新松戸５丁目１２３番地３（シャトル新松戸２０５号室）,2020-04-23,合同会社
ＳＤＧｓ－Ｈａｉｒ合同会社,神奈川県藤沢市辻堂東海岸１丁目１０番２０号,2020-04-23,合同会社
ＳＨ　Ｅｎｇｉｎｅｅｒｉｎｇ株式会社,栃木県宇都宮市東簗瀬１丁目４０番地８,2020-04-23,株式会社
ＳＨＥＥＭＡ　ＴＲＡＤＩＮＧ株式会社,栃木県足利市鹿島町６１２番地２桜会館１０３,2020-04-23,株式会社
Ｓｅｌｅｃｔｉｏｎ株式会社,京都府京都市中京区河原町通二条下る２丁目下丸屋町４０３番地,2020-04-23,株式会社
Ｓｔｙｌｅ株式会社,兵庫県加古川市尾上町旭１丁目３３－４,2020-04-23,株式会社
Ｔ・Ｍファーム株式会社,福島県田村市船引町船引字番匠５７番地１,2020-04-23,株式会社
Ｔ＆Ｋ合同会社,岐阜県土岐市泉町久尻字本町２番地１,2020-04-23,合同会社
ＴＣＣジャパン株式会社,東京都港区赤坂１丁目１２番３２号アーク森ビル１２階,2020-04-23,株式会社
ＷＯＲＬＤ　ＣＯＮＮＥＣＴ沖縄協同組合,沖縄県宮古島市下地字洲鎌５７９番地１９－１０３号,2020-04-23,その他の設立登記法人
Ｗａｋａｙａｍａ　Ｌａｎｄ　ＬＬＣ,,2020-04-23,外国会社等
Ｘ－ＢＯＡＴ株式会社,千葉県八千代市ゆりのき台５丁目２３番２号,2020-04-23,株式会社
ｈｏｍｅｖｉｄｅｏ　ｃｏｍｐａｎｙ株式会社,神奈川県逗子市逗子７丁目６－２０－１Ｆ－ＳＭＡＬＬＳＱＵＡＲＥ,2020-04-23,株式会社
ｈｕｍｓ株式会社,宮崎県児湯郡高鍋町大字南高鍋６４４１番地,2020-04-23,株式会社
ｉ　ｗｏｒｋｓ株式会社,埼玉県川口市大字安行吉岡１３９０番地の２２,2020-04-23,株式会社
ｏ‐ｔａｋｅ合同会社,岡山県岡山市中区円山１０２５番地１,2020-04-23,合同会社
ふかみず物流株式会社,熊本県熊本市中央区帯山７丁目９－８８,2020-04-24,株式会社
アグリ・ネット・ＡＳＡＨＩ,富山県下新川郡朝日町道下１１３３,2020-04-24,その他
アジア・メディカル・サポート株式会社,茨城県東茨城郡茨城町大字城之内７４２番地２８,2020-04-24,株式会社
アッシュメディカル株式会社,東京都世田谷区下馬６丁目４１番１８号,2020-04-24,株式会社
アールエル合同会社,兵庫県神戸市中央区磯上通８丁目１番２９号４０３号室,2020-04-24,合同会社
エイチエム合同会社,東京都多摩市連光寺３丁目２番地の１０,2020-04-24,合同会社
カートルズ株式会社,東京都中央区日本橋堀留町２丁目９番８号５Ｆ,2020-04-24,株式会社
コンベンションクラウド合同会社,大阪府富田林市伏山１丁目７番５号,2020-04-24,合同会社
サニーサイド合同会社,兵庫県神戸市西区伊川谷町布施畑字大阪谷１０５８番,2020-04-24,合同会社
シー・ファイブ・セブン・ホールディングス株式会社,東京都千代田区丸の内１丁目２番１号,2020-04-24,株式会社
ステラリスメディカル株式会社,東京都三鷹市下連雀６丁目７番２４号,2020-04-24,株式会社
タートル不動産サービス株式会社,東京都港区芝浦４丁目９－３５芝浦スクエアハイツ４０５,2020-04-24,株式会社
ナチュラルフィールド株式会社,大阪府枚方市村野東町５１番２３号,2020-04-24,株式会社
ハウスアーク株式会社,東京都武蔵野市西久保３丁目１４番６号,2020-04-24,株式会社
バナナの神様株式会社,東京都千代田区麹町５丁目３番地,2020-04-24,株式会社
フェリス都市開発株式会社,福岡県北九州市小倉南区若園１丁目２番２０号,2020-04-24,株式会社
ブローデンカンパニー合同会社,沖縄県中頭郡嘉手納町字嘉手納２１８番地,2020-04-24,合同会社
ミーツテニス株式会社,東京都千代田区九段南１丁目５番６号りそな九段ビル５Ｆ・ＫＳフロア,2020-04-24,株式会社
メディスター株式会社,東京都中央区銀座１丁目３番３号,2020-04-24,株式会社
ユウコウ株式会社,東京都千代田区東神田２丁目６番７号６０８号室,2020-04-24,株式会社
ヨネスティ株式会社,東京都清瀬市中清戸２丁目７１８番地２５,2020-04-24,株式会社
ヨハク合同会社,栃木県宇都宮市桜１丁目７番１４号,2020-04-24,合同会社
ライフ株式会社,東京都調布市国領町７丁目１番地１,2020-04-24,株式会社
ル・サンク合同会社,岡山県岡山市南区並木町１丁目１番３５号,2020-04-24,合同会社
レミュレイト株式会社,東京都調布市国領町８丁目２番地９,2020-04-24,株式会社
レンダライズ株式会社,大阪府大阪市福島区福島２丁目７番１７号,2020-04-24,株式会社
一般社団法人はろとくわ,大阪府大阪市北区西天満３丁目１０番３号ＡＲＫ西天満ビル５階,2020-04-24,その他の設立登記法人
一般社団法人まなびや,東京都世田谷区船橋３丁目１７番７－１１３号,2020-04-24,その他の設立登記法人
一般社団法人ハートフルケアサービス,北海道札幌市白石区平和通９丁目北１７番１号,2020-04-24,その他の設立登記法人
一般社団法人今堅田信託不動産管理協会,滋賀県大津市今堅田１丁目１６番１１号今堅田公民館内,2020-04-24,その他の設立登記法人
一般社団法人先進路面摩擦データベース研究組合,千葉県佐倉市八幡台１丁目４番３１号,2020-04-24,その他の設立登記法人
一般社団法人全国同人雑誌協会,東京都世田谷区奥沢７丁目１５番１３号,2020-04-24,その他の設立登記法人
一般社団法人埼玉県山岳・スポーツクライミング協会,埼玉県上尾市上町２丁目６番７－３０２号,2020-04-24,その他の設立登記法人
一般社団法人大阪福建同郷会,奈良県北葛城郡王寺町王寺２丁目７番２３号,2020-04-24,その他の設立登記法人
一般社団法人日本アーシング協会,東京都府中市清水が丘３丁目３７番地の３,2020-04-24,その他の設立登記法人
一般社団法人空の駅協議会,神奈川県川崎市宮前区宮崎９６番地１３,2020-04-24,その他の設立登記法人
一般社団法人ｗｉｓｅ,長崎県長崎市江戸町５番８号第５一ノ瀬中央橋ビル６０２号,2020-04-24,その他の設立登記法人
一般財団法人藤野家住宅保存会,京都府京都市中京区高倉通竹屋町上る坂本町７０７番地,2020-04-24,その他の設立登記法人
三和デザインカンパニー合同会社,東京都世田谷区代田３丁目２６－１１－２０３,2020-04-24,合同会社
三盛株式会社,千葉県流山市向小金２丁目１９６番地の１２,2020-04-24,株式会社
中央競馬関西労働組合,滋賀県栗東市御園１０２８番地,2020-04-24,その他
二見浦合同会社,三重県伊勢市黒瀬町１３５１番地,2020-04-24,合同会社
元木株式会社,東京都杉並区高井戸東１丁目３１番４５号,2020-04-24,株式会社
冬成西就株式会社,東京都葛飾区新宿６丁目２番１号シティタワー金町１６１７号室,2020-04-24,株式会社
北東アジア商事株式会社,北海道旭川市忠和四条４丁目２番１３号サニーパレス忠和１１８号室,2020-04-24,株式会社
医療法人なかむら整形外科,福岡県福岡市城南区長尾１丁目１９番７号,2020-04-24,その他の設立登記法人
医療法人益治論会,宮崎県宮崎市大字柏原４０７－１,2020-04-24,その他の設立登記法人
医療法人社団ＡＯＢＡｍｅｄｉｃａｌ,石川県金沢市畝田東３丁目５４０番地,2020-04-24,その他の設立登記法人
医療法人青樹会,福岡県京都郡苅田町与原３丁目８番地９,2020-04-24,その他の設立登記法人
司法書士法人加藤事務所,埼玉県川口市並木元町４番１３号,2020-04-24,その他の設立登記法人
合同会社えがお,大阪府高槻市東天川１丁目７－１３－１０５号,2020-04-24,合同会社
合同会社つむぎ,大阪府交野市星田４丁目７番８号センターアイランドＮ３０１,2020-04-24,合同会社
合同会社ゆきやコーポレーション,東京都八王子市南大沢２丁目２０番地６,2020-04-24,合同会社
合同会社アルモハ,東京都武蔵野市西久保３丁目２－２６,2020-04-24,合同会社
合同会社インターミナル,東京都中野区上高田１丁目２１番１２－１０１号,2020-04-24,合同会社
合同会社コキア,北海道上川郡当麻町四条南３丁目３番１０号,2020-04-24,合同会社
合同会社サダモリ,東京都葛飾区新小岩２丁目６－１コスモプラザビル３０２,2020-04-24,合同会社
合同会社シェラザード,東京都中央区日本橋本町３丁目３番６号ワカ末ビル７階,2020-04-24,合同会社
合同会社ディアイノベーション,福岡県福岡市博多区博多駅前４丁目８番１５号,2020-04-24,合同会社
合同会社トリコ介護センター,大阪府堺市東区菩提町１丁７番５号,2020-04-24,合同会社
合同会社ニセコ,東京都千代田区霞が関３丁目２番５号,2020-04-24,合同会社
合同会社バイオエネルギージャパン,東京都墨田区両国４丁目７番１０－３０２号,2020-04-24,合同会社
合同会社バンビ,大阪府大阪市生野区勝山北２丁目１５番４号,2020-04-24,合同会社
合同会社ヒカリエ,熊本県熊本市北区楠２丁目１３番４６号,2020-04-24,合同会社
合同会社フィンベル,長崎県長崎市女の都１丁目１５１４番地２,2020-04-24,合同会社
合同会社プログレス,東京都府中市南町２丁目２８番地の７シャルム南２０２,2020-04-24,合同会社
合同会社ベネックスソーラーポート,長崎県諫早市津久葉町９９番地４８,2020-04-24,合同会社
合同会社ベリー,大阪府大阪市旭区赤川４丁目７番１号,2020-04-24,合同会社
合同会社メディアクリエイト,東京都渋谷区渋谷１丁目２３番２１－１５０５号渋谷キャスト,2020-04-24,合同会社
合同会社八丁堀インベストメント,東京都千代田区丸の内３丁目１番１号,2020-04-24,合同会社
合同会社千游,埼玉県川口市大字新井宿２９番地の６,2020-04-24,合同会社
合同会社夢限,宮崎県東臼杵郡門川町大字加草１４６６番地１,2020-04-24,合同会社
合同会社大竹企画,東京都港区東麻布２丁目２６番１号,2020-04-24,合同会社
合同会社実商カムニ,大阪府大阪市西区新町１丁目８－６,2020-04-24,合同会社
合同会社山口,神奈川県横浜市都筑区茅ケ崎南２丁目２番３０－５１６号,2020-04-24,合同会社
合同会社未来創世塾,愛知県名古屋市西区那古野１丁目１８番５号,2020-04-24,合同会社
合同会社村上ビルマネジメント,兵庫県西宮市大谷町１１番３５－３２７号－Ｄ棟,2020-04-24,合同会社
合同会社薩摩福祉士流行人,鹿児島県鹿児島市下荒田４丁目８番２０－２号,2020-04-24,合同会社
合同会社門和,沖縄県那覇市田原３丁目６番地１小禄市営住宅８－６０１,2020-04-24,合同会社
合同会社ＡＫＮ工房,北海道江別市新栄台３番地の２,2020-04-24,合同会社
合同会社Ａｐｐｉｅｒ　Ｇｒｏｕｐ,東京都港区愛宕２丁目５番１号愛宕グリーンヒルズＭＯＲＩタワー４０階,2020-04-24,合同会社
合同会社ＤＵＲＯ,千葉県千葉市稲毛区黒砂台１丁目２４番１号稲毛ロイヤルハイツ４１０号,2020-04-24,合同会社
合同会社Ｆ．Ｄｒｅａｍ,熊本県山鹿市平山３３４６番地３,2020-04-24,合同会社
合同会社ＧＫ０３１,東京都港区虎ノ門３丁目２２番１０－２０１号,2020-04-24,合同会社
合同会社ＧＫ０３２,東京都港区虎ノ門３丁目２２番１０－２０１号,2020-04-24,合同会社
合同会社ＫＡＭＩ,大阪府大阪市天王寺区空堀町１５番６－７０３号,2020-04-24,合同会社
合同会社ＫＭ総合事務所,東京都八丈島八丈町大賀郷１４９１番地２,2020-04-24,合同会社
合同会社ＮＩＣＯ,千葉県市川市八幡６丁目１５－２４,2020-04-24,合同会社
合同会社Ｒａｐｐｏｒｔ,東京都千代田区九段北４丁目３－２０九段フラワーホーム４１１,2020-04-24,合同会社
合同会社ＴＡＳＫ,千葉県浦安市東野３丁目１６－５,2020-04-24,合同会社
合同会社ｍｉｃｏｏ,東京都港区赤坂５丁目５番１０号,2020-04-24,合同会社
和富株式会社,東京都杉並区高円寺北３丁目２６番１８号,2020-04-24,株式会社
大吉株式会社,愛知県名古屋市中村区大秋町３丁目３５番地１４,2020-04-24,株式会社
大同火災少短準備株式会社,沖縄県那覇市久茂地１丁目１２番１号,2020-04-24,株式会社
富士鷹株式会社,東京都世田谷区成城１丁目１５番８－１１４号,2020-04-24,株式会社
戎商事株式会社,兵庫県洲本市宇原１７７番地,2020-04-24,株式会社
日本大和メディカル株式会社,東京都中野区南台５丁目１３－４－２０１,2020-04-24,株式会社
明石ビール株式会社,兵庫県明石市大久保町西島１１９４番地,2020-04-24,株式会社
昭康メディカル株式会社,大阪府大阪市天王寺区生玉町１２－１０－１０１号室,2020-04-24,株式会社
有限会社相沢自動車整備工場,北海道函館市日乃出町８番１２号,2020-04-24,有限会社
東京Ｍ＆Ａコンサルティング株式会社,東京都千代田区永田町１丁目１１番２８号合人社東京永田町ビル６Ｆ,2020-04-24,株式会社
栄仁株式会社,福島県河沼郡会津坂下町大字牛川字砂田５８７番地１,2020-04-24,株式会社
株式会社いろは葬祭,東京都杉並区西荻南２丁目２０番８号ハニービル西荻１階,2020-04-24,株式会社
株式会社そらいえ,神奈川県中郡二宮町山西７７－３ラ・プラージュウエスト１０３,2020-04-24,株式会社
株式会社ちゅらＢｅｃｏ診療所,沖縄県島尻郡南風原町字照屋２５９番地、２０１号,2020-04-24,株式会社
株式会社なご,沖縄県名護市字宇茂佐１６５７番地１,2020-04-24,株式会社
株式会社みどり生活,福岡県糟屋郡篠栗町大字高田４９７番地２ベンタナヒルズ篠栗１１－１００１号,2020-04-24,株式会社
株式会社イワモト建設,熊本県宇城市松橋町萩尾４８２番地１１,2020-04-24,株式会社
株式会社イービズム,青森県青森市橋本２丁目１１番５号,2020-04-24,株式会社
株式会社ウィルグレイス,東京都中央区日本橋兜町１９番８号,2020-04-24,株式会社
株式会社エネルギーエージェンシーつしま,長崎県対馬市美津島町雞知甲５１－７０,2020-04-24,株式会社
株式会社エムアイピー,東京都杉並区南荻窪２丁目２６番１５号,2020-04-24,株式会社
株式会社エースライン,神奈川県藤沢市亀井野２４１番地,2020-04-24,株式会社
株式会社カクキカク,東京都世田谷区太子堂３丁目３０番５号,2020-04-24,株式会社
株式会社ガルーミン,神奈川県秦野市堀川１９９番地の１,2020-04-24,株式会社
株式会社キモノバナ,沖縄県宜野湾市新城２丁目４０番７号,2020-04-24,株式会社
株式会社クリーンエナジーコネクト,東京都品川区東五反田５丁目１１番１号,2020-04-24,株式会社
株式会社ケアフェイン,北海道札幌市豊平区月寒東二条４丁目５番３号,2020-04-24,株式会社
株式会社ケイスリーコーポレーション,大分県東国東郡姫島村１８６０番地,2020-04-24,株式会社
株式会社ケーツープロ,大阪府摂津市学園町２丁目８番３２－１０１号,2020-04-24,株式会社
株式会社サクセス,福岡県福津市上西郷１３８８番地１,2020-04-24,株式会社
株式会社サンズネオ,大阪府大阪市中央区南久宝寺町１丁目４番７号,2020-04-24,株式会社
株式会社シェノン,神奈川県小田原市曽比３２１０番地の６,2020-04-24,株式会社
株式会社ショーユー育心会,宮城県仙台市泉区南中山２丁目２７番地の１９,2020-04-24,株式会社
株式会社シンセイ,石川県金沢市小坂町南６１３番地２,2020-04-24,株式会社
株式会社シンテック,大阪府八尾市南本町９丁目１５番２号,2020-04-24,株式会社
株式会社シンプレス,大阪府堺市南区片蔵４６０番地９７,2020-04-24,株式会社
株式会社セイショク,東京都世田谷区玉川４丁目２２番６号,2020-04-24,株式会社
株式会社ソドウ,大阪府大阪市西区江戸堀３丁目７番２１－１０１号,2020-04-24,株式会社
株式会社タヅケ設備,神奈川県横浜市旭区善部町１３８番地２４,2020-04-24,株式会社
株式会社トレニア,東京都豊島区南大塚３丁目４２番２－２０１号,2020-04-24,株式会社
株式会社ナカシマ,兵庫県姫路市西二階町５６番地２０１,2020-04-24,株式会社
株式会社ニュー新川,福島県伊達郡川俣町字鉄炮町１８番地,2020-04-24,株式会社
株式会社バルーン,東京都墨田区業平１丁目７番９号,2020-04-24,株式会社
株式会社パラレル,北海道札幌市中央区北二条西１３丁目１番地１０,2020-04-24,株式会社
株式会社ビッグネイチャートレーディング,兵庫県西宮市南郷町５番５号,2020-04-24,株式会社
株式会社フュージョンシステム,愛媛県松山市山越４丁目７番５１号シャンシュール山越２０４号,2020-04-24,株式会社
株式会社プレイフル・パートナーズ,東京都千代田区九段南１丁目５番６号りそな九段ビル５Ｆ・ＫＳフロア,2020-04-24,株式会社
株式会社ベルズ,大阪府大阪市浪速区日本橋５丁目５番２号,2020-04-24,株式会社
株式会社ホッときもべつ,北海道虻田郡喜茂別町字喜茂別３０６番地３,2020-04-24,株式会社
株式会社マキノパークホテル,滋賀県高島市マキノ町高木浜２丁目１番５号,2020-04-24,株式会社
株式会社マリトラスト不動産鑑定所,香川県綾歌郡宇多津町３５６５番地１,2020-04-24,株式会社
株式会社ライズワーク,大阪府大阪市中央区南船場３丁目２番２２号１０階,2020-04-24,株式会社
株式会社ライブフュージョンホールディングス,神奈川県海老名市東柏ケ谷１丁目６番１２号大貫ビル１Ｆ,2020-04-24,株式会社
株式会社リテイクエージェンシー,東京都中央区銀座６丁目１３番１６号銀座ＷａｌｌビルＵＣＦ５階,2020-04-24,株式会社
株式会社ルシエルブルー,埼玉県久喜市西１８８番地１０,2020-04-24,株式会社
株式会社ルーフサービス,北海道札幌市厚別区青葉町１０丁目５番１５号,2020-04-24,株式会社
株式会社ワイエムコンサルティング,大阪府箕面市箕面８丁目１６番２５号,2020-04-24,株式会社
株式会社佐久間設備サービス,京都府京都市西京区嵐山東海道町３４番地１６,2020-04-24,株式会社
株式会社優誠総業,神奈川県横浜市神奈川区松見町３丁目９１５番地の６,2020-04-24,株式会社
株式会社凌和,山口県下松市瑞穂町１丁目８番５号,2020-04-24,株式会社
株式会社和家本舗,岡山県倉敷市児島下の町２丁目１５番３５号,2020-04-24,株式会社
株式会社喜江建設,千葉県千葉市若葉区西都賀１丁目１１番６号,2020-04-24,株式会社
株式会社大場建業,山形県山形市すげさわの丘２１番地８,2020-04-24,株式会社
株式会社宝照建設,長崎県長崎市立岩町３３番１３号,2020-04-24,株式会社
株式会社宮前運輸,大阪府大阪市港区弁天６丁目４番３３号ライラックパートⅢ２０７号,2020-04-24,株式会社
株式会社小村工業,島根県出雲市白枝町７９１番地,2020-04-24,株式会社
株式会社山岸メディカルイメージング,東京都杉並区高円寺南５丁目１１番２０号,2020-04-24,株式会社
株式会社彩人,大阪府大阪市鶴見区放出東３丁目３４－３・１３階,2020-04-24,株式会社
株式会社徳禅庵,東京都千代田区神田佐久間町４丁目２２番１号,2020-04-24,株式会社
株式会社成信,大阪府東大阪市川田２丁目７番２１号プレアール川田Ⅱ３０４,2020-04-24,株式会社
株式会社斎藤真珠,長崎県対馬市豊玉町横浦５１１番地１,2020-04-24,株式会社
株式会社新井,東京都中央区月島２丁目１４番８号,2020-04-24,株式会社
株式会社日本トレーディングＥＳＴ,東京都中野区中野５丁目２５番１０号,2020-04-24,株式会社
株式会社星に願いを,東京都台東区柳橋１丁目２番１０号宏和ビル３０２,2020-04-24,株式会社
株式会社濱たか,神奈川県横浜市戸塚区汲沢町３１５番地１,2020-04-24,株式会社
株式会社産土,埼玉県熊谷市上之６２９番地１０,2020-04-24,株式会社
株式会社直建工業,北海道札幌市北区新川四条１３丁目４－７,2020-04-24,株式会社
株式会社神田住建,福岡県糟屋郡篠栗町大字田中３５４番地５,2020-04-24,株式会社
株式会社秋田内装,栃木県宇都宮市宝木町１丁目２５８５番地,2020-04-24,株式会社
株式会社箱館山,滋賀県高島市今津町日置前４２０１番地４,2020-04-24,株式会社
株式会社臣承,福岡県田川郡大任町大字大行事３９４３番地３－７２号,2020-04-24,株式会社
株式会社花まり不動産,長崎県佐世保市瀬戸越４丁目７番２５号,2020-04-24,株式会社
株式会社鎌倉ハムホールディングス,神奈川県厚木市岡田３丁目１４番５号,2020-04-24,株式会社
株式会社開沼清十郎,山形県山形市大字村木沢３０７番地,2020-04-24,株式会社
株式会社高津,兵庫県宝塚市口谷西３丁目８４番地１０,2020-04-24,株式会社
株式会社２８商事,東京都中野区大和町１丁目５３番８号,2020-04-24,株式会社
株式会社ＡＣＴＩＶＡＴＥ,東京都千代田区神田神保町２丁目２０番地第二冨士ビル４階,2020-04-24,株式会社
株式会社ＡＩサポート,愛知県名古屋市中区栄２丁目４番１２号ＴＯＳＨＩＮＨＯＮＭＡＣＨＩビル１０Ｆ,2020-04-24,株式会社
株式会社ＡＪＣ,福岡県北九州市小倉南区津田新町３丁目１番１０号岡本東ビル３０２号,2020-04-24,株式会社
株式会社ＡｃｃｕＷｅａｌｔｈ,東京都江東区三好３丁目２番１３号７０５号室,2020-04-24,株式会社
株式会社Ｂｅ　Ｕｐｄａｔｅ,兵庫県神戸市中央区栄町通６丁目１番地１８号ライオンズスクエア神戸元町事務所棟８０４号室,2020-04-24,株式会社
株式会社Ｂｉｂ,埼玉県さいたま市見沼区大字大谷１４６７番地１５シャインステージＬ２０１,2020-04-24,株式会社
株式会社Ｂｌｕｅ　Ｐａｐｉｌｌｏｎ,東京都港区赤坂２丁目８番１１号,2020-04-24,株式会社
株式会社ＣｌｏｕｄＦｉｔ,東京都品川区小山３丁目１５番２－１７１１号,2020-04-24,株式会社
株式会社ＤＡＩＫＡＴＵ,鳥取県米子市中島１丁目１４番１８号,2020-04-24,株式会社
株式会社ＤＵＯ,東京都港区新橋６丁目１６番８号,2020-04-24,株式会社
株式会社Ｅ‐ＴＥＣＨ,東京都中野区上高田２丁目２９－４カーサプリメーラ２０１,2020-04-24,株式会社
株式会社ＥＫ　ａｎｄ　Ｐａｒｔｎｅｒｓ,東京都江東区白河４丁目９番２５－２１０７号,2020-04-24,株式会社
株式会社ＥＳＰＯＩＲ,大阪府大阪市阿倍野区阪南町５丁目２１－１０阪南Ｆ２ビル２階,2020-04-24,株式会社
株式会社ＥＶＯＬ,大阪府大阪市淀川区西三国１丁目６番４１－２０６号,2020-04-24,株式会社
株式会社ＦｉｉＴ,東京都台東区千束１丁目１４－９，レアライズ浅草２，４階,2020-04-24,株式会社
株式会社ＨＡＲＡＭＩ,東京都杉並区下井草４丁目９番３号,2020-04-24,株式会社
株式会社ＩＮＤＥＰＥＮＤＥＮＴ,大阪府大阪市西区南堀江１丁目１６番１５号,2020-04-24,株式会社
株式会社ＪＡＣ,愛知県豊橋市小池町７６番地１,2020-04-24,株式会社
株式会社ＪＤＣ,東京都中野区中野１丁目３２番５号カサカスターニア４０２,2020-04-24,株式会社
株式会社ＪＭＭＳ,福岡県福岡市中央区天神１丁目９番１７号福岡天神フコク生命ビル１５階,2020-04-24,株式会社
株式会社Ｊａｐａｎ　Ｄｉｎｉｎｇ,東京都港区北青山２丁目７番１３号プラセオ青山ビル３Ｆ,2020-04-24,株式会社
株式会社ＫＯＴＡ,東京都千代田区九段南１丁目５－６りそな九段ビル５Ｆ,2020-04-24,株式会社
株式会社ＫＯＴＯＤＡＭＡ　ＰＲＥＳＳ,東京都文京区春日２丁目２２番５号川口アパートメント５１７,2020-04-24,株式会社
株式会社Ｌ,埼玉県蕨市塚越５丁目２２番１３号,2020-04-24,株式会社
株式会社Ｌａｄｙ　ｂｉｒｄ,沖縄県那覇市田原４丁目８番７号,2020-04-24,株式会社
株式会社Ｌａｓａｎティ,兵庫県神戸市垂水区平磯３丁目７番１０－垂水クレラン２０１号,2020-04-24,株式会社
株式会社ＭＣ,茨城県水戸市東大野３０５番地の２,2020-04-24,株式会社
株式会社ＭＥＧＵ　ＤＥＳＩＧＮ　ＯＦＦＩＣＥ．,東京都中央区日本橋浜町２丁目５４番５号,2020-04-24,株式会社
株式会社ＭＴＫ－Ｕ萬卓,大阪府高槻市柱本３丁目２１番８号,2020-04-24,株式会社
株式会社ＭａｇｎｉＦＩＫＡ,千葉県柏市大井１９２８番地２６,2020-04-24,株式会社
株式会社Ｍｏｕｎｔａｉｎ　Ｍｏｖｅｒ,東京都世田谷区弦巻５丁目６番１６－５０２号,2020-04-24,株式会社
株式会社ＮＡＤＤＩＣ　ＪＡＰＡＮ,東京都品川区西品川１丁目１番１号住友不動産大崎ガーデンタワー９階トンネル東京,2020-04-24,株式会社
株式会社ＯＭＩ,埼玉県上尾市大字瓦葺２８１４番地２２,2020-04-24,株式会社
株式会社Ｏｆｆｉｃｅ　Ｏ’ｈａｒａ,東京都千代田区九段北４丁目３番１１,2020-04-24,株式会社
株式会社Ｏｔｔｅ,新潟県柏崎市長浜町６番２７号,2020-04-24,株式会社
株式会社ＰＦＩ,東京都中野区中央１丁目４５番９号,2020-04-24,株式会社
株式会社Ｐａｍｐａ,東京都千代田区岩本町２丁目９－１１サンクレイドル千代田岩本町６０１,2020-04-24,株式会社
株式会社Ｐｅｃｔ,香川県丸亀市川西町北２０３４番地２,2020-04-24,株式会社
株式会社ＲＯＣＫ,東京都小笠原村父島字東町２０番地５,2020-04-24,株式会社
株式会社Ｒｏｂｏｔ　Ｃｏｎｓｕｌｔｉｎｇ,東京都港区芝浦３丁目１３番１号矢島ビル５階,2020-04-24,株式会社
株式会社Ｓファーム,東京都武蔵野市八幡町１丁目２番３号,2020-04-24,株式会社
株式会社Ｓ・ホワイト,神奈川県川崎市高津区坂戸３丁目９－１９,2020-04-24,株式会社
株式会社ＳＹ,大阪府大阪市阿倍野区阿倍野筋５丁目１３番１０－３０３号,2020-04-24,株式会社
株式会社Ｓａｓａ　Ｉｎｔｅｒｎａｔｉｏｎａｌ,東京都港区北青山３丁目５番９号マネージュ表参道４Ｆ,2020-04-24,株式会社
株式会社Ｓｈｉｎ,大阪府大阪市阿倍野区旭町１丁目１番８号加賀タワービル８Ｆ,2020-04-24,株式会社
株式会社Ｓｈｕｎ　Ｇｌｏｂａｌ　Ａｄｖｉｓｏｒｓ,東京都港区白金台５丁目２２番１２号前田道路白金ビル４階,2020-04-24,株式会社
株式会社Ｓｐｒｉｔｅ,新潟県加茂市大郷町１丁目１０番２１号,2020-04-24,株式会社
株式会社ＴＧサービス,大阪府大阪市中央区南久宝寺町４丁目３番５号,2020-04-24,株式会社
株式会社ＴＫ‐ｓｔｙｌｅ,岡山県岡山市北区吉備津２２８９番地１,2020-04-24,株式会社
株式会社ＴＬＳ,埼玉県川口市飯塚１丁目１番２２号メゾンドパルク１ーＥ,2020-04-24,株式会社
株式会社ＶＡＬＵＥ　ＱＵＥＳＴ,宮城県仙台市宮城野区福室２丁目８番１７－３１４号,2020-04-24,株式会社
株式会社Ｖｉｚａｃ,兵庫県神戸市東灘区御影山手６丁目２番１０号,2020-04-24,株式会社
株式会社Ｙ通企画,岡山県津山市二宮１８７７番地１,2020-04-24,株式会社
株式会社ＺＥＨＩ,岩手県盛岡市中央通３丁目１４番４－５０７号,2020-04-24,株式会社
株式会社ＺＩＺＯＫＵ,東京都渋谷区神宮前５丁目３６番６－２０９号,2020-04-24,株式会社
株式会社ｃｒｅｍａ,東京都中央区銀座７丁目１３番６号サガミビル２階,2020-04-24,株式会社
株式会社ｅ‐Ｗｏｏｄｓ,神奈川県大和市渋谷５丁目３６－１６フォレストⅢ１０２,2020-04-24,株式会社
株式会社ｏｎｅ　ｔｏ　ｏｎｅ,千葉県千葉市緑区おゆみ野南５丁目２６番地８３,2020-04-24,株式会社
株式会社ｙｕｐｏ,北海道札幌市北区新琴似十二条１４丁目１番１５号,2020-04-24,株式会社
潤和マリンテクノ株式会社,東京都中央区日本橋兜町９番５号ＪＷＳ兜町ビル７１８号室,2020-04-24,株式会社
熊谷企画合同会社,島根県大田市久利町久利１４４６番地３,2020-04-24,合同会社
特定非営利活動法人うつのみやオリーブ,栃木県宇都宮市立伏町４４７番地５０,2020-04-24,その他の設立登記法人
特定非営利活動法人こども緊急サポート郡山,福島県郡山市台新２丁目１１番３号,2020-04-24,その他の設立登記法人
特定非営利活動法人神奈川県中途失聴・難聴者協会,神奈川県中郡二宮町中里２丁目２３番１８号,2020-04-24,その他の設立登記法人
特定非営利活動法人ＮＰＯグローバルサポート,東京都新宿区西新宿７丁目２番６号４Ｆ,2020-04-24,その他の設立登記法人
現長株式会社,大阪府大阪市西区新町１丁目１番２６号,2020-04-24,株式会社
社会保険労務士法人アキバサポート,東京都千代田区神田松永町１８番２号,2020-04-24,その他の設立登記法人
音速株式会社,東京都港区芝浦３丁目１７番１１号天翔田町ビル２階２０９号室,2020-04-24,株式会社
ＡＤ　ＧＲＯＵＰＳ合同会社,愛知県名古屋市中村区黄金通２丁目５９番地,2020-04-24,合同会社
ＡＮ　ＮＩＨＯＮ　ＳＨＯＫＡＩ合同会社,神奈川県愛甲郡愛川町中津大塚１９８４－２プレジール市川１０１,2020-04-24,合同会社
ＡＮＡＮＤＡＨ　ＬＩＦＥ合同会社,神奈川県横浜市鶴見区岸谷３丁目３５－１８,2020-04-24,合同会社
Ａｌｌｏｙｅｄ　Ｊａｐａｎ株式会社,東京都港区虎ノ門２丁目１０番４号,2020-04-24,株式会社
Ａｚｚｕｒｒｏ株式会社,東京都渋谷区恵比寿４丁目２７番７号ＳＨＩＢＡＴＡＢＬＤⅢ２Ｆ,2020-04-24,株式会社
Ｂ２Ｂ　Ｐａｒｔｎｅｒｓ合同会社,東京都中央区日本橋堀留町１丁目６番５号丸彦ビル４Ｆ,2020-04-24,合同会社
ＢＭＡＴ　Ｍｕｓｉｃ　Ｉｎｎｏｖａｔｉｏｎ株式会社,東京都港区麻布台１丁目１１番９号,2020-04-24,株式会社
ＣＡＳＡＩＴＡＬＩＡ合同会社,愛知県西尾市吉良町冨好新田井戸東３９番地１,2020-04-24,合同会社
Ｃａｓｕａｌ　Ｌｉｖｅ合同会社,東京都足立区青井４丁目８番６号,2020-04-24,合同会社
ＤＳＪ　ＭＯＴＯＲＳ合同会社,茨城県龍ケ崎市出し山町１１６番地２ロイヤルコート出し山１０３,2020-04-24,合同会社
Ｅ－ＰＯＷＥＲＤ株式会社,長崎県佐世保市花高４丁目４－５,2020-04-24,株式会社
ＥＡＲＴＨ　ＲＡＰＰＯＲＴ株式会社,東京都渋谷区神南１丁目１２番１０号,2020-04-24,株式会社
ＥＣラボ合同会社,大阪府松原市田井城２丁目２番２－１１２３号,2020-04-24,合同会社
ＦＮＫ株式会社,大阪府大阪市此花区伝法５丁目１２番３７号,2020-04-24,株式会社
Ｆｏｕｒ　Ｌｕｃｋｙ商事株式会社,東京都港区白金台５丁目１０番１５号,2020-04-24,株式会社
ＧＬＯＣＯ株式会社,愛知県春日井市鳥居松町１丁目３２２番地,2020-04-24,株式会社
Ｇｌｏｂａｌ　Ｂｅｓｔ株式会社,東京都足立区梅田７丁目１９番１６－１００４号,2020-04-24,株式会社
ＨＡＮＳＡ　ＥＮＴＥＲＰＲＩＳＥ合同会社,千葉県鎌ケ谷市北中沢３丁目４番５６号（メゾン鎌ケ谷Ａ棟１０８号室）,2020-04-24,合同会社
ＨＡＹＡＳＨＩ株式会社,大阪府大阪市港区三先２丁目１３番２２－３０４号,2020-04-24,株式会社
ＨＩＮＯ＆ＴＲＡＴＯＮ　Ｇｌｏｂａｌ　Ｐｒｏｃｕｒｅｍｅｎｔ　ＧｍｂＨ,東京都日野市日野台３丁目１－１,2020-04-24,外国会社等
ＪＸ金属株式会社,東京都港区虎ノ門２丁目１０番４号,2020-04-24,株式会社
ＪＹサポート株式会社,新潟県新潟市中央区関屋松波町３丁目１９５番地,2020-04-24,株式会社
Ｋ－ＰＡＩＮＴ合同会社,福島県会津若松市材木町１丁目２番２２号,2020-04-24,合同会社
ＫＡＭＥＮＯ合同会社,東京都世田谷区三軒茶屋２丁目２４番１６号,2020-04-24,合同会社
ＭＢＭテクノロジーズ株式会社,東京都中央区日本橋箱崎町１１番５号,2020-04-24,株式会社
ＭＩＣＳＡ　ＪＡＰＡＮ株式会社,東京都江戸川区松島３丁目１２番９号,2020-04-24,株式会社
Ｍａｋｅｒ’Ｓ株式会社,石川県金沢市額新町１丁目２５番地２,2020-04-24,株式会社
Ｍｉｚｋａｒａ合同会社,埼玉県上尾市浅間台３丁目６－３,2020-04-24,合同会社
Ｎ－カマダＴｓ株式会社,兵庫県尼崎市東大物町２丁目５番７－２号,2020-04-24,株式会社
ＮＰＯ法人ＪＳ,鹿児島県出水市武本３７７７番地,2020-04-24,その他の設立登記法人
ＯＫＩ　ＳＯＲＡ株式会社,沖縄県宜野湾市大謝名２丁目３番５号１ーＡ,2020-04-24,株式会社
ＯＰＣサービス株式会社,東京都千代田区九段南１丁目５番６号りそな九段ビル５Ｆ,2020-04-24,株式会社
ＯＳＯメディア株式会社,京都府京都市伏見区下鳥羽南柳長町６７番地,2020-04-24,株式会社
ＲＡＪＡ　ＥＮＴＥＲＰＲＩＳＥ,千葉県大網白里市木崎７２番地２オフィス６号,2020-04-24,外国会社等
ＲＡＺＩＣＫ　ＡＮＤ　ＳＯＮＳ　ＰＲＩＶＡＴＥ　ＬＩＭＩＴＥＤ,千葉県大網白里市木崎７２番地２オフィス４号,2020-04-24,外国会社等
ＲＯＹＡＬ　ＲＩＣＨ　ＩＮＴＥＲＮＡＴＩＯＮＡＬ　ＰＲＩＶＡＴＥ　ＬＩＭＩＴＥＤ,千葉県大網白里市木崎７２番地２オフィス５号,2020-04-24,外国会社等
ＳＧＫ通商株式会社,栃木県足利市福居町１０９８番地６,2020-04-24,株式会社
Ｓｈｉｎｓｈｕ　Ｒｅｓｏｒｔｓ合同会社,東京都中央区銀座１丁目６番１１号土志田ビルディング３Ｆ,2020-04-24,合同会社
Ｔ＆Ｔ　Ｒｅｓｏｕｒｃｅｓ合同会社,神奈川県横浜市港北区大倉山３丁目１－３－３Ｅ,2020-04-24,合同会社
ＴＡＫＥＹＡＳＵ　ＴＥＣＨＮＯＬＯＧＹ合同会社,大阪府大阪市東淀川区大桐３丁目６番９号,2020-04-24,合同会社
ＴＨＥ　ＧＲＥＥＮ　ＶＩＬＬＡ　ＫＡＮＤＹ　ＰＶＴ　ＬＴＤ,千葉県大網白里市永田１０２０番地８,2020-04-24,外国会社等
Ｖａｎｔａｇｅ　Ｃａｐｉｔａｌ　Ｍａｎａｇｅｍｅｎｔ株式会社,東京都足立区千住４丁目１８番１１号シャーメゾン宿場町通り１０１,2020-04-24,株式会社
Ｖｅｓｉｃａ　Ｐｉｓｃｉｓ　Ｊａｐａｎ合同会社,東京都西東京市ひばりが丘２丁目１２番１６号,2020-04-24,合同会社
Ｖｉａｓａｔ　Ｊａｐａｎ合同会社,東京都港区六本木１丁目９番１０号アークヒルズ仙石山森タワー２８階ベーカー＆マッケンジー法律事務所（外国法共同事業）内,2020-04-24,合同会社
ＷＯＲＫＴＯＤＡＹ株式会社,東京都港区南青山２丁目２２番１４号フォンテ青山１３０６号室,2020-04-24,株式会社
ＸＡＴコンサルティング株式会社,東京都足立区小台１丁目１６番１２－８０５号,2020-04-24,株式会社
ＹＨＲ合同会社,茨城県神栖市知手中央９丁目１３－１０－２０１,2020-04-24,合同会社
ＺＩＡＰＲＯ株式会社,神奈川県相模原市中央区清新８丁目１番２０号,2020-04-24,株式会社
Ｚｉｎｇｅｒ株式会社,東京都港区浜松町２丁目２番１５号浜松町ダイヤビル２階,2020-04-24,株式会社
ｔ・ｔ建築研究室株式会社,大阪府池田市伏尾台１丁目３３番地の７,2020-04-24,株式会社
あさひ株式会社,東京都渋谷区富ヶ谷２丁目１番５号,2020-04-27,株式会社
うたかた株式会社,神奈川県海老名市東柏ケ谷６丁目２３番２０－６０５号,2020-04-27,株式会社
おとむらいドットライフ合同会社,東京都千代田区神田神保町２丁目１４番朝日神保町プラザ１００３,2020-04-27,合同会社
はい喜んで株式会社,埼玉県比企郡嵐山町大字鎌形２１７４番地,2020-04-27,株式会社
ふじおか不動産株式会社,静岡県御殿場市中山５５２番３,2020-04-27,株式会社
ふじみ野未来創造パートナーズ株式会社,埼玉県ふじみ野市上福岡１丁目１４番７号,2020-04-27,株式会社
アイエス警備保障株式会社,大阪府岸和田市下池田町１丁目２番２号,2020-04-27,株式会社
アグリショット株式会社,和歌山県和歌山市伊太祈曽７７番地,2020-04-27,株式会社
アシュビージャパン合同会社,東京都新宿区大京町２６－１－２０１,2020-04-27,合同会社
アリアンツ不動産合同会社,東京都港区虎ノ門１丁目１０番５号,2020-04-27,合同会社
エクセル興産株式会社,福岡県北九州市小倉北区大手町７番３８号,2020-04-27,株式会社
エフコロジー株式会社,福島県郡山市富田町字五斗蒔田３４番地１サンスクエアＣ２０３号室,2020-04-27,株式会社
エンユウ吉工業合同会社,北海道上磯郡木古内町字前浜６３番地,2020-04-27,合同会社
オタナハ合同会社,北海道根室市昭和町４丁目１３０番地,2020-04-27,合同会社
オーバーカム合同会社,大阪府大阪市北区梅田１丁目２番２号大阪駅前第２ビル２階５－６号室,2020-04-27,合同会社
カタリスト・インベストメント・ワークス株式会社,東京都港区赤坂２丁目１６番６号,2020-04-27,株式会社
キャタレント滋賀株式会社,東京都渋谷区恵比寿４丁目２０番３号,2020-04-27,株式会社
キャロット合同会社,京都府京丹後市網野町浅茂川１４７番地,2020-04-27,合同会社
コミュニカーレ株式会社,東京都渋谷区桜丘町２６番１号セルリアンタワー１５階,2020-04-27,株式会社
サンキャピタル合同会社,神奈川県川崎市高津区北見方１丁目２７－１７,2020-04-27,合同会社
タートルフーズ株式会社,沖縄県宮古島市平良字荷川取４２７番地９,2020-04-27,株式会社
テクトロニックインダストリーズジャパン合同会社,東京都港区西新橋１丁目２番９号日比谷セントラルビル１４階,2020-04-27,合同会社
トクダ株式会社,福岡県糟屋郡志免町別府西２丁目２３番４－８０６号,2020-04-27,株式会社
ヒューコーポレーション株式会社,神奈川県厚木市中町３丁目１１番３号,2020-04-27,株式会社
ビズピット株式会社,大阪府豊中市春日町４丁目６番１４号,2020-04-27,株式会社
ビューロ・ネットワーク税理士法人,愛知県名古屋市中村区亀島１丁目１３番２８号,2020-04-27,その他の設立登記法人
ファーストクリエイティブエンターテイメント株式会社,東京都港区台場２丁目２番２－２１１号,2020-04-27,株式会社
フィデア企業年金基金,山形県鶴岡市本町１丁目９－７,2020-04-27,その他
フィリップ合同会社,東京都大田区上池台５丁目３４番５号,2020-04-27,合同会社
フォレストエコシステム合同会社,長野県上伊那郡辰野町大字赤羽６６４番地６１,2020-04-27,合同会社
ブループラネット合同会社,東京都港区三田３丁目１番２３号メザキビル３階,2020-04-27,合同会社
ボーダーフィールド合同会社,福島県大沼郡会津美里町境野字二軒３１１番地１,2020-04-27,合同会社
ミライノ合同会社,沖縄県宜野湾市字大謝名９４番地１１ビリーバービル４階,2020-04-27,合同会社
ミラクルファーマーズ合同会社,静岡県島田市竹下１７６番地の１２下嶋ビル１Ｆ,2020-04-27,合同会社
ムーブメント２１株式会社,大阪府大阪市北区鶴野町４番Ａ－４２４号,2020-04-27,株式会社
ライフサポートカンパニー株式会社,東京都板橋区成増３丁目４１番１７号,2020-04-27,株式会社
ライフマネジメント合同会社,神奈川県横浜市中区桜木町１丁目１０１番地１クロスゲート７階,2020-04-27,合同会社
レッツ株式会社,群馬県館林市尾曳町１３番２８号,2020-04-27,株式会社
ワーウォ技研販売株式会社,岐阜県養老郡養老町高田１４６番地２,2020-04-27,株式会社
一般社団法人なな,滋賀県近江八幡市千僧供町６１７番地１,2020-04-27,その他の設立登記法人
一般社団法人アトリエきらり,富山県下新川郡入善町横山５００番地５８,2020-04-27,その他の設立登記法人
一般社団法人デザインエル,北海道北斗市昭和２丁目１３番１８号,2020-04-27,その他の設立登記法人
一般社団法人バザールプロジェクト,福島県相馬郡新地町駒ケ嶺字新林１２５番地,2020-04-27,その他の設立登記法人
一般社団法人ワン・ヘルス・クリエイツ,福岡県太宰府市大字北谷５１番地４,2020-04-27,その他の設立登記法人
一般社団法人北海道精神科病院協会,北海道札幌市中央区大通西６丁目６番地北海道医師会館内,2020-04-27,その他の設立登記法人
一般社団法人日本アレルギーリハビリテーション協会,福島県郡山市希望ヶ丘２４番８号,2020-04-27,その他の設立登記法人
一般社団法人滋賀県自転車競技連盟,滋賀県守山市播磨田町７７３番地６,2020-04-27,その他の設立登記法人
一般社団法人白浜希望ヶ丘自治会,和歌山県西牟婁郡白浜町堅田２３９９番地の９３６,2020-04-27,その他の設立登記法人
一般社団法人紅花沖縄,沖縄県那覇市牧志２丁目１８番１７号ＮＴＴビル１Ｆ,2020-04-27,その他の設立登記法人
一般社団法人芦屋国際教育研究所,兵庫県芦屋市東山町１２番８号,2020-04-27,その他の設立登記法人
一般社団法人茨城県運転代行協会,茨城県土浦市大岩田字観音下１４７５,2020-04-27,その他の設立登記法人
一般社団法人食とコミュニケーション研究所,静岡県浜松市中区砂山町３５５番地の４ハマキョウレックス浜松駅南ビル４階,2020-04-27,その他の設立登記法人
一般社団法人ＡＮＩＭＯ,静岡県掛川市高御所１０２６番地,2020-04-27,その他の設立登記法人
一般社団法人Ｄ　ＢＥＹＯＮＤ,埼玉県戸田市南町１１番２９－９０３号,2020-04-27,その他の設立登記法人
一般社団法人Ｓｐｏｒｔｓ　Ｘ　Ｉｎｉｔｉａｔｉｖｅ,神奈川県横浜市港北区日吉本町１丁目２５番２３号,2020-04-27,その他の設立登記法人
一般社団法人ＶＡＭＯＳ　ＴＯＧＥＴＨＥＲ,神奈川県横浜市中区山手町２７－５,2020-04-27,その他の設立登記法人
一般社団法人ＷＯＲＬＤ　ＰＯＷＥＲＳ　ＷＯＯＤ協会,兵庫県神戸市垂水区下畑町１６１番,2020-04-27,その他の設立登記法人
一般財団法人大内宿保存整備財団,福島県南会津郡下郷町大字大内字権現上３７２番地,2020-04-27,その他の設立登記法人
上大岡コーポラス管理組合法人,神奈川県横浜市港南区上大岡東１丁目４７番１５号,2020-04-27,その他の設立登記法人
丑山タバコ合同会社,長野県上田市上田原５４８番地９,2020-04-27,合同会社
世通商事株式会社,大阪府大阪市天王寺区生玉前町５番２８号アンビション三和４階４０７号,2020-04-27,株式会社
中山環境合同会社,高知県幡多郡大月町大字弘見８０番地２,2020-04-27,合同会社
九段坂キャピタルパートナーズ株式会社,東京都千代田区九段北１丁目１３番９号,2020-04-27,株式会社
医療法人社団あまゆら,埼玉県戸田市本町４丁目１７番９号プランドール戸田公園１０１号室,2020-04-27,その他の設立登記法人
医療法人社団輝,兵庫県神戸市東灘区田中町１丁目２番１２号,2020-04-27,その他の設立登記法人
医療法人福岡赤坂クリニック,福岡県福岡市中央区赤坂１丁目１３番８号赤坂ウイングビル５階,2020-04-27,その他の設立登記法人
合同会社ひよこ組,沖縄県石垣市字石垣５８番地１階,2020-04-27,合同会社
合同会社ほっぷ,北海道函館市松川町３４番１８号,2020-04-27,合同会社
合同会社ゆとり,愛知県名古屋市東区東桜１丁目６番３号ユニーブル栄６０３号,2020-04-27,合同会社
合同会社アシスト,東京都中央区銀座１丁目２２－１１銀座大竹ビジデンス２Ｆ,2020-04-27,合同会社
合同会社イマジネ,兵庫県朝来市和田山町林垣１２４８,2020-04-27,合同会社
合同会社インプレス,東京都中央区銀座４丁目１２番１号－５階,2020-04-27,合同会社
合同会社エール,和歌山県東牟婁郡串本町神野川２５２番地,2020-04-27,合同会社
合同会社オフィス阿部,神奈川県横浜市泉区和泉町４８０３番地６,2020-04-27,合同会社
合同会社クラメ,神奈川県横浜市鶴見区江ケ崎町２２番５号鈴栄荘２０３,2020-04-27,合同会社
合同会社グローカルコミューン,山梨県甲府市湯村１丁目１番１６号,2020-04-27,合同会社
合同会社シュプール,栃木県塩谷郡高根沢町大字上柏崎２７９番地３,2020-04-27,合同会社
合同会社スラッシュ,大分県大分市金池町２丁目１番１０号ウォーカービル４階,2020-04-27,合同会社
合同会社トライ,北海道札幌市豊平区美園七条７丁目４番１３号,2020-04-27,合同会社
合同会社ナウラ,神奈川県川崎市中原区上小田中２丁目５番１４号,2020-04-27,合同会社
合同会社メディアアーキテクト,千葉県船橋市藤原１丁目１６番３０号ソシアコート２０２,2020-04-27,合同会社
合同会社ヤマイチマルシェ,埼玉県狭山市大字堀兼２２１９番地の２６,2020-04-27,合同会社
合同会社ライブリー,東京都中央区銀座４丁目１２番１号－５階,2020-04-27,合同会社
合同会社不動資産フォルム道灌山,東京都渋谷区千駄ヶ谷３丁目７番２号Ｔ．ＬＸビル,2020-04-27,合同会社
合同会社千葉建装,千葉県千葉市中央区長洲１丁目２４番１号エスカイア本千葉第一２１４,2020-04-27,合同会社
合同会社山おか,愛媛県松山市歩行町２丁目５番地４,2020-04-27,合同会社
合同会社広至,沖縄県那覇市字仲井真３３３番地５,2020-04-27,合同会社
合同会社橋本不動産,千葉県松戸市上本郷９０８番地の１,2020-04-27,合同会社
合同会社田島園,東京都港区三田４丁目１番３２－７０６号,2020-04-27,合同会社
合同会社花みつき,山梨県甲斐市岩森１３９２番地２,2020-04-27,合同会社
合同会社西大宮トータルサービス,埼玉県さいたま市西区大字高木５８４番地８,2020-04-27,合同会社
合同会社近江屋,三重県四日市市釆女町４３０番地３３,2020-04-27,合同会社
合同会社進徳ランゲージ,福岡県北九州市小倉北区馬借１丁目５番１９－４０２号,2020-04-27,合同会社
合同会社風の蔵・安曇野,埼玉県さいたま市大宮区上小町１３３６－４,2020-04-27,合同会社
合同会社１５１０,東京都墨田区両国３丁目２６番６号,2020-04-27,合同会社
合同会社ＡＮＡＳＩＡ　ＭＡＤＥ,埼玉県草加市住吉１丁目６番地１,2020-04-27,合同会社
合同会社Ａｆｒｉｃａ　Ｊａｐａｎ　Ｔｒａｄｉｎｇ,福岡県福岡市城南区松山１丁目１０番２２号イトーピア七隈マンション４１１号室,2020-04-27,合同会社
合同会社Ｅ・コーポレーション,石川県金沢市金石東１丁目１番５４－１号,2020-04-27,合同会社
合同会社ＨＲＭ,沖縄県那覇市字大道３５番地１０ライオンズマンション大道３０５,2020-04-27,合同会社
合同会社Ｉ．Ｍ,大阪府大阪市西淀川区御幣島６丁目１５番２７号,2020-04-27,合同会社
合同会社ＪＯＥ,東京都大田区大森北１丁目２１番１－７０５号,2020-04-27,合同会社
合同会社ＫＯＫＯＲＯ,福岡県田川市西本町４番２号,2020-04-27,合同会社
合同会社ＬＱＤ,青森県弘前市大字南大町１丁目７番地５,2020-04-27,合同会社
合同会社ＬｉｎｋＳ,静岡県三島市三恵台３２番地の２,2020-04-27,合同会社
合同会社Ｍ’ｓ　Ｆａｃｔｏｒｙ,兵庫県神戸市垂水区西脇２丁目１番１３号,2020-04-27,合同会社
合同会社Ｒｅ　Ａｓｓｅｔ,北海道札幌市北区篠路町拓北２０番地２０５,2020-04-27,合同会社
合同会社ＲｅｇＴｅｃｈ,東京都渋谷区恵比寿４丁目５番２５－４１０号,2020-04-27,合同会社
合同会社Ｒｉｍｅｌ,東京都八王子市石川町１４８９－２４,2020-04-27,合同会社
合同会社Ｒｏｏｔｓｔｏｃｋ,東京都荒川区東日暮里４丁目２７番１１号プラーズ東日暮里Ⅱ４０８号室,2020-04-27,合同会社
合同会社Ｓ．Ｏ．Ｐエージェンシー,北海道札幌市中央区南八条西１２丁目１番２３－１０１号,2020-04-27,合同会社
合同会社ＳＫエアテクノ,福岡県福岡市博多区那珂３丁目１９番２号２０９,2020-04-27,合同会社
合同会社ＳＯＩ,東京都中央区日本橋小伝馬町１３番１２－８０１号,2020-04-27,合同会社
合同会社ＳｍｉｌｅＬｉｎｅ,愛知県春日井市鳥居松町１丁目３２０,2020-04-27,合同会社
合同会社ＴＮＤ,愛知県名古屋市守山区金屋２丁目１８９番地,2020-04-27,合同会社
合同会社Ｔｈｉｓ　ｌｉｆｅ,福島県福島市森合字南上古屋１３番地の２０,2020-04-27,合同会社
合同会社Ｔｒｅｅ　ｔｒｉｍｍｉｎｇ,山口県防府市自由ケ丘４丁目１７番１３号,2020-04-27,合同会社
合同会社ＴｒｉＯ,大阪府泉大津市旭町２３番５６－５号,2020-04-27,合同会社
合同会社ＷＯＺ,東京都町田市森野２丁目３番１７号Ｒｅｖｅｒｉｅビル２Ｆ,2020-04-27,合同会社
合同会社Ｗａｔｅｒ　ｉｓ　無,福島県会津若松市馬場本町１番２８号コーポラス白馬４０１,2020-04-27,合同会社
合同会社Ｗｉｎ　Ｓｈａｒｅ,東京都港区三田１丁目６番３号シティタワー麻布十番１３１６号室,2020-04-27,合同会社
合同会社ＹＳＹ,栃木県栃木市柳橋町４番１３号,2020-04-27,合同会社
合同会社ｅｇｇｈａｔｃｈ,東京都世田谷区上北沢５丁目１３－１ＶａｎＤｕｓｅｎＫａｍｉｋｉｔａｚａｗａ３０４,2020-04-27,合同会社
嘉徳株式会社,大阪府大阪市北区天満２丁目９－１７－５０３号室,2020-04-27,株式会社
城栄工業合同会社,大分県佐伯市大字鶴望２５６１番地１,2020-04-27,合同会社
大吉祥企画株式会社,神奈川県横浜市都筑区仲町台４丁目８番１０号,2020-04-27,株式会社
大和産業合同会社,東京都町田市小山町４６５９番地５,2020-04-27,合同会社
愛サポート合同会社,兵庫県姫路市網干区垣内西町１７７７番地２１,2020-04-27,合同会社
政友不動産株式会社,大阪府大阪市西区靱本町３丁目５番２３号,2020-04-27,株式会社
新大阪ホスピタリティ合同会社,東京都港区赤坂４丁目１番３１号,2020-04-27,合同会社
新宝株式会社,東京都八王子市八木町３番１５号ライオンズマンション西八王子第３－３０２号室,2020-04-27,株式会社
日本ウィンゲート株式会社,東京都渋谷区渋谷３丁目５番６号渋谷三丁目スクエアビル２Ｆ,2020-04-27,株式会社
日本医療政策総合研究所株式会社,東京都中野区本町１丁目２７番１０号,2020-04-27,株式会社
旬菜ファーム合同会社,山梨県甲斐市下今井２３０１番地８,2020-04-27,合同会社
朝凪コンサルティング合同会社,東京都港区赤坂９丁目７番２号東京ミッドタウン・レジデンシィズ１８１３,2020-04-27,合同会社
東京安全株式会社,神奈川県川崎市多摩区菅城下６番１０号,2020-04-27,株式会社
松栄株式会社,東京都新宿区西新宿１丁目２６番２号,2020-04-27,株式会社
株式会社しろん,東京都北区田端新町２丁目１８番１１号,2020-04-27,株式会社
株式会社みたけミート,京都府福知山市字下佐々木５２６番地,2020-04-27,株式会社
株式会社みらい設計,千葉県船橋市湊町２丁目４番５号第五白川ビル４０１,2020-04-27,株式会社
株式会社よした電設,石川県加賀市山代温泉大和町１４６番地の３,2020-04-27,株式会社
株式会社アウトオブドア,静岡県三島市寿町８番地の３,2020-04-27,株式会社
株式会社アシスト,福島県郡山市田村町金屋字マセロ４３番地の１,2020-04-27,株式会社
株式会社アルトリアル,東京都新宿区西新宿８丁目２番２１号,2020-04-27,株式会社
株式会社インテリジェンス,静岡県沼津市新宿町１２番地の２,2020-04-27,株式会社
株式会社ウォーターサプライ住道商会,大阪府大東市大野１丁目１０番１号,2020-04-27,株式会社
株式会社エアリアル,岐阜県岐阜市芋島３丁目８番１４－３０２号,2020-04-27,株式会社
株式会社エゾシカ旅行社,北海道札幌市中央区南一条西１７丁目１番地２,2020-04-27,株式会社
株式会社エムアンドエム,青森県黒石市大字上十川字大野六番１６番地５,2020-04-27,株式会社
株式会社エンチカ,大阪府大阪市中央区南本町４丁目５番７号東亜ビル５Ｆ,2020-04-27,株式会社
株式会社カゲヤマ,滋賀県愛知郡愛荘町北八木４１番地,2020-04-27,株式会社
株式会社カルヴァドス,千葉県松戸市松戸新田４５６番地の１６,2020-04-27,株式会社
株式会社カンキョウ都,京都府久世郡久御山町野村村東１６８番１,2020-04-27,株式会社
株式会社キイロイジュース,東京都江東区三好１丁目８番４号ストーク清澄庭園１０３,2020-04-27,株式会社
株式会社クラシックハウス,北海道札幌市豊平区月寒東四条１８丁目６番１号,2020-04-27,株式会社
株式会社クローバー,北海道札幌市東区北丘珠四条１丁目１１番１５号,2020-04-27,株式会社
株式会社グラスファクトリー,埼玉県入間郡三芳町大字北永井２５０番地３,2020-04-27,株式会社
株式会社ケアコミット,東京都町田市図師町１４３６番地２,2020-04-27,株式会社
株式会社ケーテック,北海道札幌市北区新琴似八条１３丁目７番３号,2020-04-27,株式会社
株式会社コスモスクリーン,千葉県千葉市緑区大椎町４８８番地,2020-04-27,株式会社
株式会社コールエージェント,大阪府大阪市中央区難波２丁目１番２号,2020-04-27,株式会社
株式会社サカエコーポレーション,神奈川県相模原市中央区相模原６丁目２３番９号西門ｈｓビル２０１,2020-04-27,株式会社
株式会社サンエージェンシー,北海道札幌市中央区大通西２５丁目３番１号Ｇ１ビル４階,2020-04-27,株式会社
株式会社シチフク,東京都新宿区新宿１丁目２４番３号アルカサル御苑５０２,2020-04-27,株式会社
株式会社シュシュ,香川県高松市高松町１２６１番地５５,2020-04-27,株式会社
株式会社ジェイエルインターナショナル,東京都港区芝４丁目６番７号,2020-04-27,株式会社
株式会社ジャスティス城東,東京都江東区亀戸１丁目３１番７号,2020-04-27,株式会社
株式会社ジークルービルド,東京都江戸川区篠崎町３丁目１３－１２－２０２,2020-04-27,株式会社
株式会社スリーフラット,大阪府大阪市北区与力町４番８号,2020-04-27,株式会社
株式会社セカツク,東京都新宿区神楽坂３丁目６番地ヤマダビル５Ｆ,2020-04-27,株式会社
株式会社タレントリスト,東京都新宿区新宿１丁目１１番３号エクセル新宿御苑ビル６Ｆ,2020-04-27,株式会社
株式会社ダイ,東京都新宿区西新宿７丁目２番６号西新宿Ｋ－１ビル３階,2020-04-27,株式会社
株式会社ツクモ,東京都豊島区東池袋１丁目３４番５号いちご東池袋ビル６階,2020-04-27,株式会社
株式会社ティーツー・ラボラトリ,東京都立川市錦町１丁目４番２０号ＴＳＣビル５階,2020-04-27,株式会社
株式会社テイクケア,大阪府大阪市北区中崎西１丁目４番２２号,2020-04-27,株式会社
株式会社デンタルジョイン,東京都渋谷区東３丁目１５番７号,2020-04-27,株式会社
株式会社トゥゲザー・ワークス,群馬県前橋市西片貝町５丁目１２番地１３,2020-04-27,株式会社
株式会社トモニアスホールディングス,東京都中央区八丁堀２丁目１０番９号ユニゾ八丁堀ビル６階東京桜橋法律事務所内,2020-04-27,株式会社
株式会社トラストサービス,東京都町田市原町田２丁目２８番１０号,2020-04-27,株式会社
株式会社ネクスト,東京都北区浮間１丁目１番２１号クリオレジダンス北赤羽７０３号室,2020-04-27,株式会社
株式会社パーソナルトレーニングジムＲｅｂｏｒｎ,徳島県小松島市中田町字出口５０番地５,2020-04-27,株式会社
株式会社ビューティーパートナーズ,東京都台東区雷門２丁目３番１１号ビッグベンビル３階,2020-04-27,株式会社
株式会社ビーブロックス一級建築士事務所,京都府京都市伏見区堀詰町５４２番地９,2020-04-27,株式会社
株式会社ブルーウインド,東京都港区六本木７丁目７番７号トライセブンロッポンギ８階,2020-04-27,株式会社
株式会社プロパゲート,東京都目黒区下目黒３丁目７－８ガラステージ目黒１１０３,2020-04-27,株式会社
株式会社ベロア,東京都千代田区神田神保町１丁目１６－３ＴＳＩ神保町ビル３Ｆ,2020-04-27,株式会社
株式会社マグレート,神奈川県横浜市港北区新横浜２丁目５番１０号第２楓ビル５階,2020-04-27,株式会社
株式会社マザーズクラウド,大阪府大阪市中央区南本町２丁目３番１２号ＥＤＧＥ本町,2020-04-27,株式会社
株式会社ミクコーポレーション,三重県鳥羽市大明西町１番１号,2020-04-27,株式会社
株式会社ミツイ,千葉県我孫子市新木野１丁目５番２６号,2020-04-27,株式会社
株式会社ミツエーリンクスＴＳＤ,東京都新宿区西新宿８丁目１７番１号,2020-04-27,株式会社
株式会社ミー・マネージメントオフィス,大阪府大阪市淀川区東三国２丁目１２番２４－５０１号,2020-04-27,株式会社
株式会社ユウケンカンパニー,福岡県福岡市博多区博多駅東２丁目８番２２号,2020-04-27,株式会社
株式会社ユニバーサル・コンサルティング,東京都港区港南３丁目６番２１－９０３号,2020-04-27,株式会社
株式会社ライフムーブ,東京都新宿区西新宿７丁目６番５－３０１号,2020-04-27,株式会社
株式会社リカバリー,兵庫県丹波市柏原町小南８３番地１シティハイムＭＩＲＡＩ１０３号,2020-04-27,株式会社
株式会社リンク,東京都品川区東五反田１丁目１３番１２号いちご五反田ビル１０階,2020-04-27,株式会社
株式会社リードエンジニアリング,神奈川県愛甲郡愛川町八菅山１４６番地の１,2020-04-27,株式会社
株式会社レクトホーム,沖縄県宜野湾市伊佐２丁目１８番９号コーポパルコ１０１号室,2020-04-27,株式会社
株式会社ロケット,東京都渋谷区道玄坂１丁目１２番１号２２階,2020-04-27,株式会社
株式会社ロボットシステムズ,北海道空知郡上砂川町字上砂川７番地６,2020-04-27,株式会社
株式会社ワン,東京都渋谷区代官山町１３番８号,2020-04-27,株式会社
株式会社ワン・ハンド,群馬県高崎市江木町１４４９番地１,2020-04-27,株式会社
株式会社ヴィルームジャパン,静岡県伊東市竹の内１丁目３番１２号,2020-04-27,株式会社
株式会社一歩先へ,福岡県福岡市南区長住２丁目１３番２７号,2020-04-27,株式会社
株式会社三京配送,東京都町田市図師町３４５４－１,2020-04-27,株式会社
株式会社中村設備,北海道川上郡標茶町常盤１丁目１３番地,2020-04-27,株式会社
株式会社中村貿易,東京都台東区千束３丁目８－３,2020-04-27,株式会社
株式会社久慈保険事務所,岩手県久慈市新井田第３地割１３２番地,2020-04-27,株式会社
株式会社北星フィールド,大阪府堺市南区美木多上２２８９－６２,2020-04-27,株式会社
株式会社和幸,北海道札幌市白石区平和通１５丁目北８番１６－１０１号,2020-04-27,株式会社
株式会社大林組,愛媛県今治市菊間町浜１３９４番地,2020-04-27,株式会社
株式会社天力,香川県丸亀市川西町北４９３番地４,2020-04-27,株式会社
株式会社宮田速記,東京都新宿区百人町１丁目２２番７号,2020-04-27,株式会社
株式会社尊和,山口県大島郡周防大島町大字久賀５３４０番地６,2020-04-27,株式会社
株式会社山崎ファーム,兵庫県宍粟市山崎町千本屋２３２－３,2020-04-27,株式会社
株式会社山本機工,兵庫県宝塚市安倉中１丁目１３番１１号,2020-04-27,株式会社
株式会社心粋,埼玉県さいたま市南区別所３丁目３８番２９号,2020-04-27,株式会社
株式会社恒蘭,埼玉県川口市上青木西１丁目２０番１９号,2020-04-27,株式会社
株式会社日創,東京都三鷹市牟礼６丁目６番８号,2020-04-27,株式会社
株式会社杉本工業,千葉県市原市五井６３４４番地９,2020-04-27,株式会社
株式会社村田,長野県長野市信更町赤田８５９番地,2020-04-27,株式会社
株式会社村田設計事務所,愛知県名古屋市守山区八剣１丁目１０１番地,2020-04-27,株式会社
株式会社東京セル・ヘルスセンター,東京都千代田区岩本町３丁目５番２号,2020-04-27,株式会社
株式会社東京ビル管理沖縄,沖縄県名護市宇茂佐の森４丁目１－２,2020-04-27,株式会社
株式会社東洋財託,東京都中央区晴海３丁目１３番２－４８１５号,2020-04-27,株式会社
株式会社東白川満肉牧場,岐阜県加茂郡東白川村神土２７４５番地４,2020-04-27,株式会社
株式会社松月,埼玉県坂戸市三光町３番２７号ホワイトハウス１０３号室,2020-04-27,株式会社
株式会社松木不動産,石川県小松市北浅井町乙５番地１,2020-04-27,株式会社
株式会社梓興業,千葉県柏市花野井１２３番地５,2020-04-27,株式会社
株式会社泰和工務店,愛知県北名古屋市西春駅前１丁目５１番地,2020-04-27,株式会社
株式会社澤工業,愛媛県今治市中堀２丁目２番９号,2020-04-27,株式会社
株式会社矢本エンジニア,岡山県備前市閑谷４３７番地１,2020-04-27,株式会社
株式会社絆惟建築工業,新潟県柏崎市大字藤橋８８５番地藤橋事務所,2020-04-27,株式会社
株式会社羽田商事,東京都文京区小石川２丁目１番１３－４０５号,2020-04-27,株式会社
株式会社良好,沖縄県那覇市寄宮２丁目１番３１－１０１号,2020-04-27,株式会社
株式会社賽達ネットワーク,神奈川県横浜市南区永楽町２丁目２３番地２ハーズ横浜ベイガーデン５０５号,2020-04-27,株式会社
株式会社里田工業,愛媛県今治市小浦町２丁目４番４１号,2020-04-27,株式会社
株式会社鈴弘建設,静岡県駿東郡清水町徳倉１２２１番地の８６,2020-04-27,株式会社
株式会社鎌田自動車,大阪府大阪市東住吉区今林４丁目１４番２４号,2020-04-27,株式会社
株式会社高度外国人材支援機構,神奈川県横浜市西区東久保町２８番２０号,2020-04-27,株式会社
株式会社ＢＣＪ－４４,東京都千代田区丸の内１丁目１番１号パレスビル５階,2020-04-27,株式会社
株式会社ＢｅｙｏｎｄＯｎｅ,福岡県福岡市中央区天神２丁目３番３６号ｉｂｂ　ｆｕｋｕｏｋａ５Ｆ,2020-04-27,株式会社
株式会社ＣＥＩＬＩＮＧ,東京都渋谷区東３丁目８番２４号,2020-04-27,株式会社
株式会社Ｃｏｍｐａｔｈ,東京都中央区日本橋人形町３丁目１番１０－４０５号,2020-04-27,株式会社
株式会社ＥＹＥＳ　ＨＡＮＤＳ,東京都港区芝５丁目２５番１１号ヒューリック三田ビル２Ｆ,2020-04-27,株式会社
株式会社ＥｒＴｈｒｅｅｅ,東京都渋谷区渋谷３丁目１番９号ＹＡＺＡＷＡビル３階,2020-04-27,株式会社
株式会社Ｆｕｔｕｒｅ,東京都豊島区北大塚１丁目１９番１２号,2020-04-27,株式会社
株式会社Ｇ．ＯＮＥ．Ｃｒｅａｔｉｏｎ,千葉県南房総市白子１９６９番地１アドリアタウンＡ,2020-04-27,株式会社
株式会社ＧＡＲＡＧＥ武蔵,東京都八王子市椚田町５７３番地１６,2020-04-27,株式会社
株式会社ＧＮ１,東京都中央区銀座１丁目８番２１号,2020-04-27,株式会社
株式会社ＧＲＡＳＰ,熊本県熊本市中央区出水６丁目１８番３３号,2020-04-27,株式会社
株式会社ＧｒａｃｅＪａｐａｎ,大阪府大阪市鶴見区安田１丁目１１番１０号,2020-04-27,株式会社
株式会社ＨＡＰＰＹ　ＬＥＡＦ,大阪府茨木市東宮町１番１６－１０９号,2020-04-27,株式会社
株式会社ＨＩＴＯＴＳＵ,大阪府堺市北区中百舌鳥町５丁７番地,2020-04-27,株式会社
株式会社ＨＫＣ分割準備会社,北海道札幌市北区北三十八条西２丁目１番２６号,2020-04-27,株式会社
株式会社ＨＲＳ,千葉県市川市塩浜４丁目２－５０ハイタウン塩浜５０号棟２０４号室,2020-04-27,株式会社
株式会社ＩＫユナイテッド,東京都渋谷区東２丁目１４番１０号,2020-04-27,株式会社
株式会社ＩＳＡＭＵコーポレーション,熊本県熊本市西区春日１丁目１４番３－１４０８号,2020-04-27,株式会社
株式会社ＩＴＫ,山梨県甲府市里吉３丁目１番１１号,2020-04-27,株式会社
株式会社ＪＫゴルフ,茨城県龍ケ崎市城ノ内４丁目１５番地４,2020-04-27,株式会社
株式会社ＪＴＨ,東京都豊島区池袋１丁目７番１８号,2020-04-27,株式会社
株式会社ＫＵＵＫＡ,兵庫県神戸市灘区篠原伯母野山町３丁目１９番１２号,2020-04-27,株式会社
株式会社ＬＩＰＴ,東京都文京区千駄木３丁目３６番１１号センチュリー２１－１０２号室,2020-04-27,株式会社
株式会社ＬＩＴ,東京都豊島区南池袋２丁目９番１２号,2020-04-27,株式会社
株式会社ＬＯＬＳ,北海道札幌市中央区大通西４丁目１番地,2020-04-27,株式会社
株式会社Ｌｅａｇｕｅ,沖縄県沖縄市中央３丁目５番３９号,2020-04-27,株式会社
株式会社Ｌｏｇｉｔ　Ｗｏｒｋｓ,群馬県吾妻郡中之条町大字中之条字小川７２１番地１,2020-04-27,株式会社
株式会社Ｍ在原,東京都八王子市散田町２丁目３３番１４号,2020-04-27,株式会社
株式会社ＭＯＫＩＤＯＮ,兵庫県神戸市北区鈴蘭台南町３丁目７番２４号,2020-04-27,株式会社
株式会社Ｍｅｔａｍｏｎ,東京都江東区東陽３丁目１２番１０号,2020-04-27,株式会社
株式会社ＭｉｉＫｅｎ,東京都港区白金５丁目２番６号イルミナート白金４０２,2020-04-27,株式会社
株式会社Ｍｏｔｉｆ,東京都豊島区東池袋１丁目３１番５号,2020-04-27,株式会社
株式会社Ｎ．Ｙ．Ｎ,福岡県福岡市博多区麦野３丁目８番２１－１０７号,2020-04-27,株式会社
株式会社Ｏｒｋａ,富山県富山市小杉６３４番地２ベルモンターニュ３０２号室,2020-04-27,株式会社
株式会社Ｐａｄｄｌｅ,香川県綾歌郡宇多津町浜四番丁４５番１７号,2020-04-27,株式会社
株式会社Ｒ＆Ｉ,愛知県名古屋市東区泉１丁目１２番２５号シティタワー名古屋久屋大通公園４０４号,2020-04-27,株式会社
株式会社ＲＡＩＳＥ　ＰＲＯＭＯＴＩＯＮ,福島県いわき市小島町２丁目８番地２坂本第一ビル２階Ｈ号室,2020-04-27,株式会社
株式会社ＲＩ環境管理,兵庫県川西市向陽台１丁目１３番地の１４（８１４）,2020-04-27,株式会社
株式会社ＲＩＺＡＲＩＯＮ,北海道札幌市中央区南十条西１５丁目１番１６号さいとうスタジオコート３０２号室,2020-04-27,株式会社
株式会社ＳＳシステム,山口県下関市川中豊町２丁目７番１０号創建ビル４０２,2020-04-27,株式会社
株式会社Ｓｅｎｔ　ｍｉｘ　Ｉｎｄｕｓｔｒｙ,滋賀県草津市追分２丁目４番１９－２０４号デン・エデン,2020-04-27,株式会社
株式会社Ｓｔａｒ　Ｓｈｅｅｐ　Ｃｒａｆｔ,大阪府四條畷市南野６丁目１０番１０号,2020-04-27,株式会社
株式会社ＴＥＮＮ,岩手県盛岡市中央通２丁目１番７号,2020-04-27,株式会社
株式会社ＴＯＰ　ＪＡＰＡＮ,千葉県佐倉市染井野５丁目２０番地１１,2020-04-27,株式会社
株式会社ＴＲＮ,千葉県柏市根戸１８６４番地４カパルア６０１号,2020-04-27,株式会社
株式会社ＴＳビルダー,愛知県名古屋市緑区桶狭間南７２０番地,2020-04-27,株式会社
株式会社Ｔａｋｅ‐Ｃ,東京都渋谷区千駄ヶ谷３丁目１３番２０号１００２,2020-04-27,株式会社
株式会社Ｕ－ＢＥＳＴ．ｃｏ,東京都港区高輪１丁目４番３号レキシントン白金高輪２００２,2020-04-27,株式会社
株式会社Ｕｒｂａｎ　Ｓｈａｒｉｎｇ,東京都港区南青山３丁目７番７号ル・フェール南青山１０８号,2020-04-27,株式会社
株式会社ＶＭＣ,東京都台東区東上野３丁目１６－３東宝工芸ビル３２号室,2020-04-27,株式会社
株式会社ＷＨＥＡＬＴＨＹ,愛知県名古屋市昭和区広路町字梅園２１ローレルコート八事広路町３０２号室,2020-04-27,株式会社
株式会社ＹＧ　ｓｅｃｕｒｉｔｙ,東京都渋谷区代々木１丁目３０番１５号天翔オフィス代々木,2020-04-27,株式会社
株式会社ａｎｔｉｆ,東京都新宿区新宿１丁目３６番２号新宿第七葉山ビル３階,2020-04-27,株式会社
株式会社ｂｅｅｒｏ,東京都世田谷区成城４丁目３番１６号,2020-04-27,株式会社
株式会社ｇｏｄ　ｏｎｅ,愛知県弥富市芝井３丁目６番地２,2020-04-27,株式会社
株式会社ｈａｒｕｙａｋｉ,福岡県福岡市中央区春吉３丁目１３番２０号,2020-04-27,株式会社
株式会社ｍｉｌｋｙｗｅｉ,大阪府枚方市山之上４丁目５番１７号,2020-04-27,株式会社
株式会社ｍｏｏｖｙ,東京都渋谷区桜丘町７番１２号,2020-04-27,株式会社
株式会社ｏｎｅ　ａｎｄ　ｏｎｌｙ,長野県松本市並柳２丁目１２番４９号,2020-04-27,株式会社
森田メディカルラボ合同会社,静岡県沼津市花園町１番地の４フローデンス３０３,2020-04-27,合同会社
沖縄スチール株式会社,沖縄県那覇市小禄３丁目６番１４号レオパレスコンフォートおろく１０６号,2020-04-27,株式会社
洋洋株式会社,東京都新宿区西新宿５丁目５番１号ザ・パークハウス西新宿タワー６０・３３０５号,2020-04-27,株式会社
海邦テクノ株式会社,沖縄県豊見城市字豊崎一丁目４５２－１Ｆ、Ａ号室,2020-04-27,株式会社
特定非営利活動法人しらかみ終活相談所,秋田県能代市元町３番１１号,2020-04-27,その他の設立登記法人
特定非営利活動法人ケシェット,神奈川県横浜市港北区日吉本町１丁目５番４１号,2020-04-27,その他の設立登記法人
特定非営利活動法人志リレーションＬａｂ,愛媛県松山市文京町３番愛媛大学教育学部内,2020-04-27,その他の設立登記法人
特定非営利活動法人ＫＩＶこども国際村,東京都渋谷区笹塚２丁目４０番１号コーポ杉２０１,2020-04-27,その他の設立登記法人
白金商事株式会社,福井県坂井市丸岡町上安田第５号４５番地３,2020-04-27,株式会社
稼銘投資株式会社,大阪府大阪市浪速区日本橋東１丁目１－５－１Ｆ,2020-04-27,株式会社
農事組合法人イモセガレ,熊本県菊池郡大津町大字岩坂５７８番地,2020-04-27,その他の設立登記法人
鴻升株式会社,大阪府大阪市生野区林寺５丁目１１－１６,2020-04-27,株式会社
麗株式会社,福岡県北九州市小倉北区井堀３丁目２６番１９号,2020-04-27,株式会社
Ａ．Ｒ．Ａ．　ＴＲＡＤＩＮＧ　ＩＮＴＥＲＮＡＴＩＯＮＡＬ　ＰＶＴ　ＬＴＤ,千葉県千葉市若葉区金親町５００番地３－９,2020-04-27,外国会社等
ＡＰＯＹＯ合同会社,宮崎県宮崎市生目台西５丁目２３番地２,2020-04-27,合同会社
ＡＱＵＡ　ＲＯＡＤ合同会社,東京都渋谷区円山町９－１０春富久井ビル４０２,2020-04-27,合同会社
ＡＳＷＯＲＫＳ株式会社,東京都文京区関口１丁目４４番３号,2020-04-27,株式会社
Ａｑｓｈ合同会社,岩手県八幡平市平舘第１８地割５５番地,2020-04-27,合同会社
Ｂ＆Ｓ株式会社,東京都台東区千束４丁目１１－２８－１０１号,2020-04-27,株式会社
Ｂｒｉｇｈｔ　Ｅｄｇｅ株式会社,東京都大田区仲六郷２丁目３９番５号,2020-04-27,株式会社
ＣＡＲＭＯＯＮ　ＥＮＴＥＲＰＲＩＳＥ,千葉県長生郡白子町八斗１９９３白子ビジネスオフィス－７,2020-04-27,外国会社等
ＣＳＵＰ株式会社,東京都港区麻布十番２丁目７番１号,2020-04-27,株式会社
ＣＴＧ合同会社,京都府京都市南区東九条西明田町５７番地,2020-04-27,合同会社
Ｃａｌｍｅ合同会社,東京都大田区田園調布２丁目２３番６号,2020-04-27,合同会社
ＣａｒｅＭａｔｅｓ株式会社,東京都千代田区九段北１丁目１５番１２号,2020-04-27,株式会社
Ｃｏｅｕｒ　Ｓｏｌｅｉｌ合同会社,茨城県結城市下り松３丁目１２番地３,2020-04-27,合同会社
ＤＥＥＮ　ＥＮＴＥＲＰＲＩＳＥＳ合同会社,愛知県豊明市新栄町２丁目３７４－２グランディーズ新栄２階２０１号室,2020-04-27,合同会社
ＤＬＨ協同組合,大分県大分市大字国分字下河原１９４５番地の１,2020-04-27,その他の設立登記法人
Ｇｒａｖｉｔｙ　Ｉｎｖｅｓｔｍｅｎｔ合同会社,東京都港区高輪２丁目１０番８号ＪＭ高輪レジデンス３０３,2020-04-27,合同会社
Ｈ＆Ｎ株式会社,千葉県千葉市緑区あすみが丘１丁目２７番地３イトーピア土気４０５号,2020-04-27,株式会社
Ｈ－１マネジメント株式会社,神奈川県横浜市中区弁天通４丁目５９番地,2020-04-27,株式会社
ＨＥＲＯ株式会社,宮崎県都城市五十町２４７０番地１,2020-04-27,株式会社
ＪＡＮＦＩＬ　ＮＡＧＡＮＯ　ＩＢＳ　Ａｒｔｓ合同会社,長野県長野市上松１丁目５－１２サーパス上松６０４,2020-04-27,合同会社
ＬＥＡＤＯＦＦｉｃｅ株式会社,神奈川県川崎市川崎区小田１丁目２０番３号,2020-04-27,株式会社
ＭＴＦ　ＭＯＴＯＲＳ　ＪＡＰＡＮ合同会社,千葉県八街市八街に１２０－６１フレンドハイツ１０２,2020-04-27,合同会社
ＭＵＩ　ＴＲＵＳＴ合同会社,兵庫県加古川市平岡町つつじ野１番地の２４７,2020-04-27,合同会社
Ｍｉｒａｉ　Ｒｏｍａｎ合同会社,東京都新宿区西早稲田２丁目２０番１０－７０９号,2020-04-27,合同会社
ＮＤＣＣ合同会社,神奈川県相模原市緑区西橋本１丁目２０番１２号ドラゴンマンション橋本十壱番館２０２,2020-04-27,合同会社
ＮＰＯ法人ファンローカル,兵庫県神戸市垂水区塩屋町４丁目１０－１４,2020-04-27,その他の設立登記法人
Ｐｒｏｖｅｎａｎｃｅ　Ｄｉｓｔｒｉｂｕｔｉｏｎｓ株式会社,東京都新宿区矢来町１２６ＮＩＴＴＯビル６階,2020-04-27,株式会社
ＲＡＪＩＴＨＡ　ＩＮＴＥＲＮＡＴＩＯＮＡＬ合同会社,茨城県取手市白山６丁目５番１０号（アルチェ白山１０１号室）,2020-04-27,合同会社
ＲＯＷＯＮＥ株式会社,東京都台東区松が谷２丁目１５番８号５Ｆ,2020-04-27,株式会社
ＲｅａｌＭｅ合同会社,福岡県福岡市早良区内野７丁目６－８,2020-04-27,合同会社
ＳＩＭＰＬＯＮＡ　ＭＯＴＯＲＳ,千葉県長生郡白子町八斗１９９３白子ビジネスオフィス－５,2020-04-27,外国会社等
ＳｈｉｐＯｆＴｒｕｔｈ株式会社,福島県双葉郡楢葉町大字下小塙字町１１４番地の２,2020-04-27,株式会社
ＴＡＫＡＫＥＮ株式会社,大阪府和泉市王子町３丁目８番１０号,2020-04-27,株式会社
Ｔｈｅ　Ｌ．Ｔ．Ｆｕｎｄｓ　東京駐在員事務所,東京都中央区日本橋茅場町１丁目５－２シグマ茅場町ビル５階,2020-04-27,外国会社等
Ｔｒｅｎｄ　Ｌａｂｏ合同会社,神奈川県川崎市多摩区菅５丁目１６－１４－１０２,2020-04-27,合同会社
ＵＩＸ株式会社,東京都中央区銀座２丁目１３番１９号６階,2020-04-27,株式会社
ＹＦ合同会社,東京都江東区豊洲４丁目１０番１８号,2020-04-27,合同会社
ＹＵＳＨＯ　ＬＡＮＫＡ　ＰＲＩＶＡＴＥ　ＬＩＭＩＴＥＤ,千葉県長生郡白子町八斗１９９３白子ビジネスオフィス－２,2020-04-27,外国会社等
ｄｉＵｎｕｓ合同会社,千葉県千葉市中央区富士見２丁目７番９号富士見ビル６０９号,2020-04-27,合同会社
ｅｌ　ｍｕｓｉｃ　ｅｎｔｅｒｔａｉｎｍｅｎｔ合同会社,東京都台東区上野桜木１丁目５－６シーダーレジデンスＢ１Ｆ,2020-04-27,合同会社
ｉ＆Ｎパートナーズ株式会社,福岡県福岡市博多区博多駅東１丁目１番３３号,2020-04-27,株式会社
ｉｃｅｒｙ株式会社,大阪府大阪市東成区神路１丁目４番１０号,2020-04-27,株式会社
あやめ不動産鑑定ラボ株式会社,新潟県新潟市西区新田６５６番地３,2020-04-28,株式会社
はなさく株式会社,福岡県久留米市江戸屋敷１丁目５番５１号,2020-04-28,株式会社
みんなの株式会社,宮城県仙台市青葉区みやぎ台２丁目１２番１４号,2020-04-28,株式会社
アグリフェア株式会社,神奈川県横浜市都筑区仲町台１丁目２番２３号デュオ仲町台４０８,2020-04-28,株式会社
アシスト株式会社,愛知県名古屋市中区栄２丁目９番５号東海ビル６Ｆ,2020-04-28,株式会社
アスリートクエスト合同会社,鹿児島県薩摩川内市鳥追町３－１福山ビル１階,2020-04-28,合同会社
アブドラトレーディング株式会社,群馬県伊勢崎市境百々東６番地１０ダイアパレス境町９０７,2020-04-28,株式会社
アリートレーディング株式会社,栃木県真岡市西郷１９４３番地,2020-04-28,株式会社
アレシス・ジャパン合同会社,大阪府寝屋川市田井町２１番９号,2020-04-28,合同会社
アーク合同会社,秋田県秋田市保戸野金砂町２－３２,2020-04-28,合同会社
イシダメディカル株式会社,京都府京都市左京区聖護院蓮華蔵町６０番地１,2020-04-28,株式会社
エクイニクス・ハイパースケール１・ＯＳ２合同会社,東京都中央区日本橋２丁目７番１号,2020-04-28,合同会社
エクイニクス・ハイパースケール１・ＴＹ１２合同会社,東京都中央区日本橋２丁目７番１号,2020-04-28,合同会社
エクイニクス・ハイパースケール１・ＴＹ１４合同会社,東京都中央区日本橋２丁目７番１号,2020-04-28,合同会社
エクイニクス・ハイパースケール１合同会社,東京都中央区日本橋２丁目７番１号,2020-04-28,合同会社
エスファシリティーズ株式会社,宮城県名取市愛の杜２丁目７番地の６,2020-04-28,株式会社
エリアガード警備株式会社,神奈川県藤沢市藤沢５５１番地１,2020-04-28,株式会社
エー・シー・イー・サービス株式会社,東京都台東区上野７丁目２番８号,2020-04-28,株式会社
グランディール株式会社,埼玉県さいたま市中央区上落合６丁目１１番１－７０１号,2020-04-28,株式会社
ケミコン東日本マテリアル株式会社,福島県喜多方市字下川原８０８６番地１,2020-04-28,株式会社
ケリーマンシステムズ合同会社,神奈川県川崎市川崎区駅前本町１１番地２川崎フロンティアビル４階,2020-04-28,合同会社
シ・シ・ジー株式会社,東京都台東区上野６丁目１－６御徒町グリーンハイツ内,2020-04-28,株式会社
ジオン広告合同会社,東京都豊島区池袋本町１丁目４６番４号福島ビル２０１,2020-04-28,合同会社
ジオ・スプリング株式会社,大阪府大阪市中央区農人橋１丁目１番２９－２１０２号,2020-04-28,株式会社
タニオビス・ジャパン株式会社,東京都千代田区霞が関３丁目２番６号,2020-04-28,株式会社
チャプターツー株式会社,愛知県名古屋市千種区堀割町２丁目１－１,2020-04-28,株式会社
デジタルバリューコンサルティング株式会社,東京都新宿区西新宿３丁目２番９号新宿ワシントンホテルビル本館２Ｆ,2020-04-28,株式会社
デベロッペ合同会社,宮城県仙台市宮城野区幸町３丁目１番２１号,2020-04-28,合同会社
ナンヨウリ株式会社,東京都渋谷区代々木１丁目３３－３,2020-04-28,株式会社
ネクサス株式会社,千葉県千葉市中央区登戸１丁目１６番１号,2020-04-28,株式会社
ネクストキャンドフーズ株式会社,兵庫県たつの市御津町苅屋１２９７番地,2020-04-28,株式会社
ピー・エル・デパートメンタルストア,東京都千代田区神田平河町１番地第３東ビル６Ｆ,2020-04-28,外国会社等
フジヤマ機圧工業株式会社,福岡県糸島市高来寺２７８番地１２,2020-04-28,株式会社
フリードデザイン株式会社,福岡県福岡市中央区天神３丁目１１番２２号,2020-04-28,株式会社
プロアクティブパートナーズ合同会社,東京都中央区晴海１丁目６番地１号トリトンビュータワー２２階９号,2020-04-28,合同会社
ベンチャートナー株式会社,東京都目黒区目黒１丁目４番１６号目黒Ｇビル７階,2020-04-28,株式会社
ミライトス合同会社,宮城県仙台市青葉区北目町４－７ＨＳＧビル１階,2020-04-28,合同会社
モビリティサポート株式会社,千葉県成田市吉岡２１９番地３,2020-04-28,株式会社
モビリティレンタリース株式会社,千葉県成田市吉岡２１９番地３,2020-04-28,株式会社
リカサ株式会社,大阪府和泉市池田下町２３３番地の１,2020-04-28,株式会社
リーガルズ株式会社,大阪府大阪市阿倍野区阿倍野筋２丁目２番８号,2020-04-28,株式会社
一般社団法人たま倶楽部２０２０,東京都八王子市別所１丁目８２番地１７,2020-04-28,その他の設立登記法人
一般社団法人びりーぶセラピスト養成協会,長野県飯田市鼎一色４９６番地７,2020-04-28,その他の設立登記法人
一般社団法人アクロスドア,東京都三鷹市井の頭５丁目９番１６号,2020-04-28,その他の設立登記法人
一般社団法人インクルーシブ・ジャパン,千葉県野田市尾崎８１５番地８、３階,2020-04-28,その他の設立登記法人
一般社団法人クイーンエージェンシー,兵庫県川西市けやき坂２丁目５６番地の７,2020-04-28,その他の設立登記法人
一般社団法人サン・ファミリー,北海道釧路市星が浦大通２丁目４番２９号,2020-04-28,その他の設立登記法人
一般社団法人ダンボ,三重県鈴鹿市三宅町２３６５番地の２,2020-04-28,その他の設立登記法人
一般社団法人ミソギアカデミー,東京都千代田区四番町８番地１８,2020-04-28,その他の設立登記法人
一般社団法人リハビリテーションスタッフサービス,山形県山形市大字柏倉３９４６番地５,2020-04-28,その他の設立登記法人
一般社団法人リバーサイド・ホールディングス,東京都千代田区内幸町２丁目１番６号,2020-04-28,その他の設立登記法人
一般社団法人リバーサイド・ホールディングス・ツー,東京都千代田区内幸町２丁目１番６号,2020-04-28,その他の設立登記法人
一般社団法人南栃木社会福祉士事務所,栃木県栃木市沼和田町１０番地１７号,2020-04-28,その他の設立登記法人
一般社団法人古民家再生協会宮城中央,宮城県仙台市太白区桜木町１３番２４号,2020-04-28,その他の設立登記法人
一般社団法人川西市造園緑化協会,兵庫県川西市東多田２丁目６番１８号,2020-04-28,その他の設立登記法人
一般社団法人志賀高原索道協会,長野県下高井郡山ノ内町大字平穏７１４８番地,2020-04-28,その他の設立登記法人
一般社団法人日本化粧医療学会,岡山県岡山市北区鹿田町２丁目５番１号,2020-04-28,その他の設立登記法人
一般社団法人日本ＣＬＯ協会,東京都千代田区平河町２丁目７番１号,2020-04-28,その他の設立登記法人
一般社団法人生命の碧い星,東京都千代田区東神田１丁目７番１０号,2020-04-28,その他の設立登記法人
一般社団法人静岡県山岳・スポーツクライミング連盟,静岡県静岡市駿河区八幡３丁目１番１７号,2020-04-28,その他の設立登記法人
一般社団法人ＨＡＮＤＳＯＮ,東京都渋谷区鶯谷町１７番１５号,2020-04-28,その他の設立登記法人
一般社団法人Ｊａｐａｎ　Ｅｄｕｃａｔｉｏｎ　Ｌａｂ,東京都板橋区四葉２丁目１９番５号シャルマンシャトー４０２号,2020-04-28,その他の設立登記法人
一般社団法人ＬＩＶＩＮＧ　ＴＥＣＨ協会,東京都渋谷区渋谷３丁目１０番１３号ＴＯＫＹＵＲＥＩＴ渋谷ＲビルＢ１Ｆ,2020-04-28,その他の設立登記法人
一般社団法人Ｎａｎｏｆｕｌ,奈良県奈良市松陽台２丁目２６番３０号,2020-04-28,その他の設立登記法人
一般社団法人ＲＪパワージェネレーション,東京都港区西新橋１丁目２番９号メンターキャピタル税理士法人内,2020-04-28,その他の設立登記法人
一般財団法人北見通運こども応援基金,北海道北見市大通東２丁目８番地,2020-04-28,その他の設立登記法人
伊勢商人株式会社,三重県伊勢市田尻町６７,2020-04-28,株式会社
再定義合同会社,東京都品川区大崎４丁目１番地７号,2020-04-28,合同会社
創生新生合同会社,東京都狛江市岩戸南３丁目７番３７号サンハイツ１０３号,2020-04-28,合同会社
医療法人社団新和会,神奈川県相模原市中央区鹿沼台２丁目１０番１６号第３ＳＫビル１Ｆ－２号室,2020-04-28,その他の設立登記法人
合同会社アカツカ工業,長野県上田市蒼久保１４７６番地８,2020-04-28,合同会社
合同会社ウィルシャー・キャピタル・パートナーズ・ジャパン,東京都千代田区丸の内１丁目８番３号丸の内トラストタワー２０階,2020-04-28,合同会社
合同会社ウェルテクス,新潟県新潟市中央区山二ツ１丁目３番３号山二ツマンション２０１号室,2020-04-28,合同会社
合同会社エネルギートラスト,東京都渋谷区代官山町４番１号代官山マンション１０５,2020-04-28,合同会社
合同会社エ・エム・シー,神奈川県川崎市中原区上新城２丁目６番１２号,2020-04-28,合同会社
合同会社スパーク,東京都豊島区目白４丁目１１－５,2020-04-28,合同会社
合同会社セカンドオペレーションズ,神奈川県横浜市中区山下町２７６－５－６０２,2020-04-28,合同会社
合同会社ソレイユ,栃木県宇都宮市鶴田１丁目２１番６号メゾン・ドゥ・ソレイユⅡ‐１０１号,2020-04-28,合同会社
合同会社タイセーアソシエイツ,静岡県袋井市梅山５６６番地,2020-04-28,合同会社
合同会社ダイヤリコ,東京都文京区千駄木３丁目８－１１,2020-04-28,合同会社
合同会社ダブルアール,東京都目黒区上目黒１丁目１１番地１号ＯＡＫＢＬＤＧⅡ,2020-04-28,合同会社
合同会社チャクリヒエル,東京都府中市多磨町１丁目２９番８０号,2020-04-28,合同会社
合同会社ティーアール,埼玉県深谷市田谷１０５番地９,2020-04-28,合同会社
合同会社デリバーズ・ジャパン,東京都板橋区仲宿６３番３号,2020-04-28,合同会社
合同会社トライアル童夢,沖縄県名護市大北３丁目７番１８号,2020-04-28,合同会社
合同会社トラストワン,千葉県千葉市稲毛区長沼町３１１番地２２,2020-04-28,合同会社
合同会社フルタ塗装,千葉県松戸市上本郷４６５番地１０２,2020-04-28,合同会社
合同会社マルモ商会,神奈川県横浜市中区福富町仲通４－２藤花ビル２０１,2020-04-28,合同会社
合同会社ラジオスター,千葉県市川市新井３丁目２０番５－３０４号（行徳第一アクウエリヤスハイツ）,2020-04-28,合同会社
合同会社令幸商社,山梨県富士吉田市松山５丁目１４番２２号,2020-04-28,合同会社
合同会社優ＹＯＵ,大阪府八尾市恩智中町３丁目２４５コープ野村恩智Ｂ－５０９,2020-04-28,合同会社
合同会社寿江,大分県大分市大字市尾１９２番地,2020-04-28,合同会社
合同会社小島屋,長野県岡谷市川岸中１丁目２３番３３号,2020-04-28,合同会社
合同会社栄好商会,栃木県宇都宮市細谷１丁目７番２０号,2020-04-28,合同会社
合同会社訪問ステーション,福岡県久留米市国分町字大木下７１７番地１０,2020-04-28,合同会社
合同会社９７７,福岡県福岡市博多区竹下２丁目４番１号,2020-04-28,合同会社
合同会社Ｃａｒａｖａｎ　ｌｉｎｅ,千葉県四街道市旭ケ丘５丁目１７番１０号,2020-04-28,合同会社
合同会社Ｄｅａｒ　Ｌａｂ,東京都渋谷区東２丁目８番３号,2020-04-28,合同会社
合同会社ＥＰＩ．ＲＥＩＮＥ,山口県宇部市則貞６丁目２番１３号,2020-04-28,合同会社
合同会社Ｇ．Ｎ．Ｔ．,秋田県秋田市飯島緑丘町８番１４号,2020-04-28,合同会社
合同会社ＧＡＭＡ,東京都目黒区八雲４丁目１０番１７号ルーセントコート目黒１０２,2020-04-28,合同会社
合同会社ＩＮＳＩＧＨＴ,長野県北安曇郡白馬村大字北城３０２０番地３４３,2020-04-28,合同会社
合同会社Ｌｉｎｄｅｎ　ｖｉｂｕｒｎｕｍ,福岡県福岡市博多区中呉服町２番９号－５０３,2020-04-28,合同会社
合同会社Ｌｉｎｋ,徳島県徳島市末広４丁目５番１８号,2020-04-28,合同会社
合同会社Ｌｕ．Ａｎｇｅ,千葉県千葉市若葉区小倉町１１７６番地１１,2020-04-28,合同会社
合同会社Ｍコンサル,徳島県徳島市富田橋８丁目９－１－６０１,2020-04-28,合同会社
合同会社Ｎ－Ｆｏｒｃｅ,新潟県新潟市中央区花園１丁目２番２号コープシティ花園,2020-04-28,合同会社
合同会社ＮＰ－Ｌｉｎｋ,北海道札幌市手稲区西宮の沢三条１丁目１０番２０－６０１号,2020-04-28,合同会社
合同会社ＯＴＯ,鳥取県鳥取市立川町５丁目２２０番地,2020-04-28,合同会社
合同会社Ｐｌｕｓ　Ｏｎｅ,愛知県名古屋市中区錦３丁目１１番２５号アーク栄錦ニュービジネスビル６０２,2020-04-28,合同会社
合同会社Ｒ,東京都品川区西五反田７丁目２０番９号,2020-04-28,合同会社
合同会社ＲＳ,愛知県名古屋市北区若鶴町１５６番２号アスピア若鶴４０３号,2020-04-28,合同会社
合同会社Ｒｅトラスト,東京都渋谷区代官山町４番１号代官山マンション１０５,2020-04-28,合同会社
合同会社ＳＥＣＴＩＯＮ　ＦＯＲＣＥ,茨城県土浦市桜町４丁目３番１８号,2020-04-28,合同会社
合同会社Ｔ－ＬＩＮＥ　Ｌｏｇｉｓｔｉｃｓ,茨城県小美玉市幡谷１９６番地１６０,2020-04-28,合同会社
合同会社ＴＯＷＮＳＩＤＥ　ＭＯＢ,静岡県静岡市葵区七間町５番１号チサンマンション七間町３０１,2020-04-28,合同会社
合同会社Ｕｌｕ,神奈川県横浜市泉区中田町３４２６番４,2020-04-28,合同会社
合同会社ＷＷＹＡ,沖縄県豊見城市字名嘉地４２番地,2020-04-28,合同会社
合同会社Ｗａｌｔｚ,東京都渋谷区円山町２２番１２－１４０３号,2020-04-28,合同会社
合同会社Ｙ２運送,千葉県市原市根田１丁目４番地５,2020-04-28,合同会社
合同会社Ｙｅｌｌｏｗ,茨城県守谷市松前台３丁目１６番地１メイプルタウン１０４,2020-04-28,合同会社
合同会社ａｒＫ,大阪府大阪市阿倍野区帝塚山１丁目２１番１６号,2020-04-28,合同会社
合同会社ｃａｌ‐ｄｉｖｅｒ,神奈川県横浜市保土ケ谷区天王町１丁目６番地４,2020-04-28,合同会社
合同会社ｃａｒｅ　ｑ’ｓ,滋賀県大津市際川３丁目３３番２号,2020-04-28,合同会社
合同会社ｃｏｌｌａｂｏ,山口県宇部市大字東岐波３９２９番地５,2020-04-28,合同会社
合資会社ケアプラン健良,新潟県新潟市中央区鳥屋野４５９番地１０,2020-04-28,合資会社
和歌濵かまぼこ株式会社,和歌山県和歌山市和歌浦南１丁目３番１６号,2020-04-28,株式会社
和通国際貿易株式会社,大阪府大阪市西区江戸堀１丁目１０番１１号,2020-04-28,株式会社
国際貿易友好株式会社,東京都中央区銀座５丁目１０番１３号,2020-04-28,株式会社
大村電気工業株式会社,神奈川県相模原市南区古淵６丁目２番２７号,2020-04-28,株式会社
太陽コンサルティング合同会社,東京都渋谷区本町５丁目４５番１５号,2020-04-28,合同会社
小樽まーちゃん漬物屋株式会社,北海道小樽市稲穂３丁目１１番４号,2020-04-28,株式会社
岩城製薬佐倉工場株式会社,東京都中央区日本橋本町３丁目４番１号,2020-04-28,株式会社
弁護士法人肥後橋法律事務所,大阪府大阪市西区土佐堀１丁目３番７号,2020-04-28,その他の設立登記法人
恵比寿製薬株式会社,東京都目黒区中目黒４丁目８番２５－１２０５号プライムメゾン中目黒,2020-04-28,株式会社
整体りふれ合同会社,新潟県佐渡市八幡２１３１番１,2020-04-28,合同会社
日本マグナー株式会社,千葉県千葉市美浜区打瀬２丁目１番地１公園東の街３－１３０１号,2020-04-28,株式会社
日本情報システムズ株式会社,東京都千代田区丸の内１丁目１１番１号パシフィックセンチュリープレイス丸の内,2020-04-28,株式会社
日本酷楽潮玩株式会社,大阪府大阪市中央区南本町２丁目３番１１号玉屋ビル９Ｆ,2020-04-28,株式会社
月星株式会社,神奈川県横浜市鶴見区尻手１丁目１番１８号,2020-04-28,株式会社
有限会社モーニングベーカリー,宮崎県児湯郡川南町大字川南２０２２２番地１,2020-04-28,有限会社
東信株式会社,千葉県船橋市西船６丁目１０番１２号,2020-04-28,株式会社
株式会社あおき測量,神奈川県横須賀市三春町５丁目８３番地１７,2020-04-28,株式会社
株式会社あやせ道の駅,神奈川県綾瀬市吉岡２３２１番地,2020-04-28,株式会社
株式会社おばら防水,神奈川県座間市相武台３丁目４２番６１－２０１号それいゆ相武台,2020-04-28,株式会社
株式会社こいわ商店,宮城県石巻市前谷地字横須賀２４番地１,2020-04-28,株式会社
株式会社すまいえ住宅販売,東京都東久留米市浅間町３丁目８番９号ＪＵＮひばりヶ丘１０５号,2020-04-28,株式会社
株式会社みちいろ,静岡県浜松市西区入野町７２番地の２,2020-04-28,株式会社
株式会社もりの都総合企画,宮城県仙台市泉区泉中央１丁目３２番地の６,2020-04-28,株式会社
株式会社アイリー,奈良県大和郡山市馬司町６３０番地１,2020-04-28,株式会社
株式会社アスナックス,大阪府堺市北区南花田町５２番地１,2020-04-28,株式会社
株式会社アセットパッケージ,東京都豊島区巣鴨５丁目７－８,2020-04-28,株式会社
株式会社アチェロ,滋賀県大津市大門通１３番３０号,2020-04-28,株式会社
株式会社エミシアエステート,大阪府大阪市中央区南船場３丁目９番６号ＮＩＰＰＯ心斎橋ビル４０６,2020-04-28,株式会社
株式会社エムズ,福島県郡山市堤下町１０番１２号ロイヤル堤下４０１号,2020-04-28,株式会社
株式会社エングラント,岩手県盛岡市みたけ３丁目８番２５号Ａ,2020-04-28,株式会社
株式会社オフィスケサディーヤ,神奈川県鎌倉市七里ガ浜２丁目１９番１５号,2020-04-28,株式会社
株式会社オフィスナチョ,神奈川県鎌倉市七里ガ浜２丁目１９番１５号,2020-04-28,株式会社
株式会社オフィスブリート,神奈川県鎌倉市七里ガ浜２丁目１９番１５号,2020-04-28,株式会社
株式会社オンフィールド,神奈川県川崎市川崎区駅前本町１１番地２川崎フロンティアビル４階,2020-04-28,株式会社
株式会社オーシャンハウス,福岡県福岡市中央区警固３丁目５番３号,2020-04-28,株式会社
株式会社カウニスアート,東京都板橋区成増２丁目３６番３７号,2020-04-28,株式会社
株式会社カサベライン神戸,兵庫県神戸市兵庫区西上橘通１丁目４番２７号,2020-04-28,株式会社
株式会社カトウ塗装工業,新潟県新潟市西区木場８４番地,2020-04-28,株式会社
株式会社キラティス,東京都渋谷区千駄ヶ谷２丁目３３番８号,2020-04-28,株式会社
株式会社クォンタム,京都府京都市左京区一乗寺樋ノ口町３５番地２,2020-04-28,株式会社
株式会社クリエートサービス,大分県大分市大字宮崎１１９６番地の７,2020-04-28,株式会社
株式会社クレア＆デザイン,東京都渋谷区道玄坂１丁目１２－１渋谷マークシティＷ２２階,2020-04-28,株式会社
株式会社グッドフェローズ,福岡県北九州市小倉北区東篠崎１丁目１１番５号,2020-04-28,株式会社
株式会社ケミコネクト,東京都品川区小山台１丁目２６番３－１０２号,2020-04-28,株式会社
株式会社サリーレセントラル,栃木県宇都宮市平出町４０６５番地１３,2020-04-28,株式会社
株式会社サンエーホーム,大阪府東大阪市永和１丁目４番１号１０４,2020-04-28,株式会社
株式会社スコーピオ,東京都杉並区和泉３丁目２６番１０号,2020-04-28,株式会社
株式会社スタジオアップ,鹿児島県姶良市宮島町２３番地１０,2020-04-28,株式会社
株式会社ストック,愛知県名古屋市中川区西中島１丁目５１５番地,2020-04-28,株式会社
株式会社セブンホーム,大阪府大阪市西区靱本町２丁目４番９－１０１号,2020-04-28,株式会社
株式会社センティア,東京都稲城市矢野口１４７４番地の１,2020-04-28,株式会社
株式会社ソニックシステムサイエンス,神奈川県高座郡寒川町倉見２３９５番地１,2020-04-28,株式会社
株式会社タカハシ,高知県高知市堺町９番１９号,2020-04-28,株式会社
株式会社ツチノコテクノロジー,岐阜県加茂郡東白川村神土３１３１－２,2020-04-28,株式会社
株式会社ツワブキ,千葉県柏市増尾台４丁目１４番８号,2020-04-28,株式会社
株式会社ディーウェイスペース,神奈川県藤沢市藤沢６０７番地の１,2020-04-28,株式会社
株式会社トップテック,静岡県浜松市浜北区西中瀬１丁目１１番２３号,2020-04-28,株式会社
株式会社トランジットネットプロモーション,東京都渋谷区恵比寿４丁目２０番４号,2020-04-28,株式会社
株式会社ネクストジェネレーション,神奈川県横浜市中区羽衣町３丁目６３番地羽衣ビル８Ｆ,2020-04-28,株式会社
株式会社ハジマリノオト,東京都北区浮間２丁目２５－１４グラントゥルース浮間公園２０１,2020-04-28,株式会社
株式会社ビッグ・ヴィレッジ,静岡県浜松市中区東伊場２丁目１０番９号,2020-04-28,株式会社
株式会社フューチャーキャリア,神奈川県横浜市港北区新横浜２丁目１８番地４レアシス新横浜パークフロント３０２,2020-04-28,株式会社
株式会社フラワーホールディングス,東京都千代田区外神田３丁目２番３号第２ナガシマビル２階,2020-04-28,株式会社
株式会社フローミュラ,東京都渋谷区千駄ヶ谷２丁目３４－１２,2020-04-28,株式会社
株式会社ブルームス,栃木県宇都宮市若松原３丁目１番１３号,2020-04-28,株式会社
株式会社ボニート,大阪府大阪市天王寺区細工谷１丁目６番１８－４０１号,2020-04-28,株式会社
株式会社ムータス,神奈川県海老名市中央３丁目３番３８号,2020-04-28,株式会社
株式会社モーリス,香川県観音寺市観音寺町甲３４０７番地,2020-04-28,株式会社
株式会社ユウア自動車整備,宮城県宮城郡松島町磯崎字割波二６番地の６,2020-04-28,株式会社
株式会社ユニオン,高知県土佐郡土佐町田井１１８２番地１,2020-04-28,株式会社
株式会社リンクスリー,東京都中央区銀座５丁目５番７号,2020-04-28,株式会社
株式会社リヴィエールブラン,東京都中野区東中野４丁目２７番８号,2020-04-28,株式会社
株式会社レジーゴ,神奈川県小田原市南町１丁目２番３号,2020-04-28,株式会社
株式会社ワイズプラス,埼玉県さいたま市中央区下落合６丁目１２－２０ＡＬＶＥＡＲＥ,2020-04-28,株式会社
株式会社一二三,福島県いわき市平上荒川字長尾５２番地の１,2020-04-28,株式会社
株式会社一美,神奈川県横浜市神奈川区菅田町２３３５番地１－６０６号,2020-04-28,株式会社
株式会社不動,宮崎県宮崎市田野町乙９１９５番地３,2020-04-28,株式会社
株式会社中林,京都府京都市上京区東堀川通中立売上る主計町５番地,2020-04-28,株式会社
株式会社九州遺品整理事業団,福岡県福岡市南区大橋４丁目２４番２１号セゾンアベニュー大橋,2020-04-28,株式会社
株式会社優匠,宮崎県宮崎市大字瓜生野３７０８番地２,2020-04-28,株式会社
株式会社八番屋,東京都中央区銀座１丁目２２番１１号銀座大竹ビジデンス２Ｆ,2020-04-28,株式会社
株式会社八百萬,東京都千代田区麹町１丁目３番地２３の５０１号室,2020-04-28,株式会社
株式会社和,北海道札幌市中央区南三条東３丁目８番地９０１号,2020-04-28,株式会社
株式会社外房エンジニア,千葉県長生郡白子町古所５４２２番地３,2020-04-28,株式会社
株式会社大彦,静岡県磐田市下大之郷１１８番地,2020-04-28,株式会社
株式会社大東,埼玉県八潮市大字大原４８７番地１,2020-04-28,株式会社
株式会社山口サービス工業,香川県高松市牟礼町牟礼１５４番地６,2020-04-28,株式会社
株式会社山本住設,大阪府大阪市鶴見区放出東３丁目２３番９号,2020-04-28,株式会社
株式会社山村,徳島県徳島市南昭和町５丁目５１番地の２,2020-04-28,株式会社
株式会社岡山障害者サポートセンター,岡山県岡山市北区表町１丁目９番４９号,2020-04-28,株式会社
株式会社希住建,埼玉県川口市大字安行領根岸９６６番地の１１,2020-04-28,株式会社
株式会社幸せの和ふれあい,愛知県一宮市本町４丁目１９番２４号,2020-04-28,株式会社
株式会社弁護士手帳,東京都渋谷区恵比寿１丁目２４番１４号ＥＸＯＳ恵比寿５階,2020-04-28,株式会社
株式会社悦電工,埼玉県富士見市大字東大久保５０４番地１,2020-04-28,株式会社
株式会社斑,大阪府守口市八雲西町３丁目４番１号,2020-04-28,株式会社
株式会社東京社中,東京都千代田区九段南２丁目４－４三和九段ビル５階,2020-04-28,株式会社
株式会社栄建,北海道札幌市中央区旭ケ丘１丁目１３番１９号,2020-04-28,株式会社
株式会社桜工業,千葉県市原市八幡７７７番地２メルヴェーユ八幡１０１号室,2020-04-28,株式会社
株式会社植田建装,愛媛県松山市小栗１丁目５番４－１号,2020-04-28,株式会社
株式会社泉バンケット,静岡県静岡市駿河区中島１３２２番地の１,2020-04-28,株式会社
株式会社津田ガン工業,徳島県徳島市西二軒屋町２丁目２７番地,2020-04-28,株式会社
株式会社海島,長崎県島原市加美町１０２２番地２,2020-04-28,株式会社
株式会社琉球キッカワ．Ｇ,沖縄県宜野湾市字大謝名８５番５ＭＩＮＥＢｌｄｇ２－Ａ号室,2020-04-28,株式会社
株式会社琉球ストラテジー,沖縄県那覇市久茂地２丁目２－２タイムスビル２Ｆ,2020-04-28,株式会社
株式会社皓建工業,福岡県福岡市東区土井１丁目２番５号,2020-04-28,株式会社
株式会社相川仮設,茨城県水戸市渡里町３２８７番地の１９,2020-04-28,株式会社
株式会社県央不動産,新潟県三条市須頃１丁目８０番地,2020-04-28,株式会社
株式会社福岡カルチャーベース,福岡県福岡市博多区博多駅東２丁目１番２３号５階日本管財株式会社内,2020-04-28,株式会社
株式会社結,岩手県盛岡市厨川２丁目４番２２号,2020-04-28,株式会社
株式会社翔琉,愛媛県松山市本町２丁目４番地３１,2020-04-28,株式会社
株式会社虹,大阪府大阪市天王寺区茶臼山町１－１１－３Ｃ,2020-04-28,株式会社
株式会社西日本ホールディングス,福岡県福岡市南区的場２丁目３０番８－３０２号,2020-04-28,株式会社
株式会社酒井のふとん,茨城県土浦市東並木町３４８８番地１,2020-04-28,株式会社
株式会社金工工業,東京都板橋区小茂根１丁目１１番２号,2020-04-28,株式会社
株式会社鎌澤空調,愛媛県松山市堀江町甲７５９番地１,2020-04-28,株式会社
株式会社長尾設備,滋賀県大津市雄琴６丁目８番５号,2020-04-28,株式会社
株式会社青蓮社,大阪府大阪市阿倍野区天王寺町北３丁目１番２７号,2020-04-28,株式会社
株式会社風中,神奈川県横浜市港北区日吉本町４丁目１４番１号,2020-04-28,株式会社
株式会社颯乃樹,東京都品川区東五反田１丁目２４番１０－１００２号,2020-04-28,株式会社
株式会社高巣商店,福岡県柳川市三橋町五拾町４０１番地,2020-04-28,株式会社
株式会社高正,埼玉県志木市柏町６丁目２９番７５号,2020-04-28,株式会社
株式会社鵜殿電工,福島県郡山市あぶくま台１丁目２０９番地,2020-04-28,株式会社
株式会社３８ＣＵＢＥ,茨城県取手市下高井１２２７番地２,2020-04-28,株式会社
株式会社ＡＤＲＥＮＡ,東京都千代田区神田淡路町２丁目１０１番地,2020-04-28,株式会社
株式会社ＡＮＣ,福岡県大野城市白木原１丁目９番３７－１１０１号,2020-04-28,株式会社
株式会社ＡＲＸ,宮城県仙台市宮城野区五輪２丁目１３番２６－４０５号,2020-04-28,株式会社
株式会社Ａｍｂｏｓ,東京都中央区日本橋２丁目１番１７号丹生ビル２階,2020-04-28,株式会社
株式会社Ａｓｈ,神奈川県川崎市高津区溝口５丁目２０番１－３０１号,2020-04-28,株式会社
株式会社ＢＡＣＫＳ,東京都渋谷区代々木２丁目２番１号,2020-04-28,株式会社
株式会社ＢＣＪ－４３,東京都千代田区丸の内１丁目１番１号パレスビル５階,2020-04-28,株式会社
株式会社ＢＲＡＶＥ,大阪府泉大津市松之浜町１丁目４番１５号ヴィラ・コルナスＢ１０１号,2020-04-28,株式会社
株式会社Ｂｅ－ｆｕｎ,佐賀県佐賀市大財５丁目１１番地２１号ベリータ大財１０３号室,2020-04-28,株式会社
株式会社Ｂｒａｖｅ　ａｇｅｎｔ,東京都品川区東五反田３丁目１６番５５号品川グリーンテラス０２,2020-04-28,株式会社
株式会社Ｅ－ｂｌｕｅ,大阪府八尾市本町３丁目５番２７号,2020-04-28,株式会社
株式会社Ｅ－ｓｐａｃｅ,千葉県いすみ市日在２１６３番地１０,2020-04-28,株式会社
株式会社ＥＣＯ－ＨＯＭＥ　ＡＰＰＬＩＡＮＣＥ,福岡県福岡市東区多の津４丁目５番１２号,2020-04-28,株式会社
株式会社ＥｘＮｅｌｌｓ,北海道札幌市東区北十一条東８丁目１番３号高岡ビル２Ｆ,2020-04-28,株式会社
株式会社ＦＧ　ＢＬＯＯＭ,埼玉県北葛飾郡松伏町大字松伏２８７６－１１,2020-04-28,株式会社
株式会社Ｆａｓｔ　Ｅｎｔｅｒｔａｉｎｍｅｎｔ,東京都国分寺市泉町１丁目１０－５,2020-04-28,株式会社
株式会社ＦｉｔＳｔａｔ,東京都千代田区平河町２丁目１２番１７号エミネンス平河町４０２,2020-04-28,株式会社
株式会社Ｆｒｏｎｔｉｅｒ　Ｌｏｔｕｓ,東京都台東区上野６丁目１番６号御徒町グリーンハイツ１００５号,2020-04-28,株式会社
株式会社ＧＩＮＺＡ　ＪＩＲＩＮ,東京都中央区銀座１丁目８番２１号清光堂ビル９階,2020-04-28,株式会社
株式会社ＧＷＭ,大阪府大阪市浪速区日本橋４丁目１番１９号ＰＯＰｉＤビル２階,2020-04-28,株式会社
株式会社Ｈ＆Ｇ,鹿児島県奄美市名瀬和光町２番地１３,2020-04-28,株式会社
株式会社ＨＡＬ　ＧＲＥＥＮ,北海道恵庭市戸磯１９３番地６,2020-04-28,株式会社
株式会社ＪＢグローバル,千葉県袖ケ浦市上泉７８５番地１,2020-04-28,株式会社
株式会社Ｊｕｎｉｍｏ,鹿児島県鹿児島市本名町６３６番地５,2020-04-28,株式会社
株式会社ＫａＬＡ,東京都新宿区富久町１６番地９御苑フラワーマンション１００５,2020-04-28,株式会社
株式会社ＫｉＱ,東京都目黒区中根１丁目１１番６号ＭｏｄｅｌｉａＢｒｕｔ都立大１０１,2020-04-28,株式会社
株式会社ＬＵＸＥ,愛知県名古屋市北区西味鋺２丁目５１２番地の１レインボー西味鋺４０３,2020-04-28,株式会社
株式会社ＭＡＲＵＫＯ,長野県諏訪市大字四賀２１番地１,2020-04-28,株式会社
株式会社ＭＥＥＴＩＮＧ　ＤＥＭＡＮＤ,福島県福島市上町２番２０号上町センタービル５階,2020-04-28,株式会社
株式会社ＭＨ－ＲＯＡＤ,茨城県笠間市鯉淵６２４８番地２２,2020-04-28,株式会社
株式会社ＭＫ企画,東京都品川区東品川３丁目２２番３０－９０５号,2020-04-28,株式会社
株式会社ＭＵ’ｓ,神奈川県相模原市中央区千代田４丁目１番４号エターナル千代田３０１号室,2020-04-28,株式会社
株式会社ＭＵＧＥＮ,大阪府大阪市西区立売堀１丁目４番１２号立売堀スクエア,2020-04-28,株式会社
株式会社ＭＵＳＥＵＭ,東京都目黒区上目黒５丁目３－４デザインコート上目黒２０１,2020-04-28,株式会社
株式会社ＭａｒＣｈｅｓ,東京都杉並区和泉４丁目４４番２７－４０４号ＲＥＬＵＸＩＡ方南町,2020-04-28,株式会社
株式会社Ｎ．Ｏ．Ｋフロンティア,大阪府大阪市中央区本町２丁目３番４号,2020-04-28,株式会社
株式会社ＮＥＸＴ　ｉｎｎｏｖａｔｉｏｎ,神奈川県横須賀市公郷町６丁目２０番地２３,2020-04-28,株式会社
株式会社ＮＧＵ,埼玉県吉川市美南３丁目１１番地６－３０３号,2020-04-28,株式会社
株式会社ＮＩＣ,静岡県静岡市駿河区小鹿３２２番地の３,2020-04-28,株式会社
株式会社ＮＯＢＯＬＴ,福岡県糟屋郡久山町大字久原２６０８番地１,2020-04-28,株式会社
株式会社ＮＳサンド,新潟県新潟市秋葉区荻島１丁目１８番２０号,2020-04-28,株式会社
株式会社ＮＳＲ,東京都豊島区池袋３丁目３４番７号２Ｆ,2020-04-28,株式会社
株式会社ＯｗＮ,東京都品川区東五反田５丁目２２番３７号,2020-04-28,株式会社
株式会社Ｐ’ｓｑｕ,大阪府大阪市此花区春日出南３丁目３番３５－４０２号,2020-04-28,株式会社
株式会社ＰＥＡＣＥ　ＷＡＴＥＲ　ＪＡＰＡＮ　ＷＥＳＴ,福岡県福岡市中央区天神２丁目３番１０－３２２号,2020-04-28,株式会社
株式会社ＰＬＡＧＬＡ,東京都江戸川区中葛西１丁目３４番地１３号ライフコア中葛西１０２,2020-04-28,株式会社
株式会社Ｒ＆Ｓ,福岡県宗像市赤間駅前２丁目４番６号１００１,2020-04-28,株式会社
株式会社ＲＡＹＹＡＮ　ＴＲＡＤＩＮＧ,茨城県下妻市堀篭１３９０番地３串田住宅２号,2020-04-28,株式会社
株式会社ＲＥＤ　ＣＩＲＣＬＥ,東京都文京区音羽２丁目１番１６－３０７号,2020-04-28,株式会社
株式会社Ｒｅａｌｉｚｅ,福岡県福岡市中央区薬院４丁目１－７薬院プライムビル３Ｆ,2020-04-28,株式会社
株式会社Ｓ－Ｌａｂ．,茨城県つくばみらい市筒戸１８番地１,2020-04-28,株式会社
株式会社ＳＨＯＣＨＵ　Ｘ,東京都渋谷区渋谷３丁目２番１６号第五叶ビル５Ｆ,2020-04-28,株式会社
株式会社ＳＩＮＫＯＵ美装,宮崎県宮崎市高岡町花見５５２８番地,2020-04-28,株式会社
株式会社ＳＴＲＥＡＭ　ＯＶＥＲ,東京都千代田区九段南１丁目５番６号りそな九段ビル５Ｆ,2020-04-28,株式会社
株式会社ＳＵＮＬＩＦＥ,栃木県足利市葉鹿町１丁目１８番地１,2020-04-28,株式会社
株式会社Ｔ－ｓｏｌｕｔｉｏｎ,神奈川県川崎市高津区末長２丁目３６－９,2020-04-28,株式会社
株式会社ＴＡＣ＆Ｃｏ．,東京都渋谷区富ヶ谷１丁目５１番４号代々木八幡猪山ビルＢ１,2020-04-28,株式会社
株式会社ＴＨＥ　ＤＯＯＲ,神奈川県横浜市中区桜木町２丁目２番地,2020-04-28,株式会社
株式会社ＴＫＲ,東京都台東区谷中２丁目６番４７号,2020-04-28,株式会社
株式会社ＴｏｃｏＢｉｒｄ,東京都千代田区九段南１丁目５番６号りそな九段ビル５Ｆ,2020-04-28,株式会社
株式会社Ｔｒｕｓｔ・Ｗｏｒｋｅｒｓ,千葉県船橋市湊町２丁目４番５号第五白川ビル４０２号,2020-04-28,株式会社
株式会社ＵＳＰ,静岡県静岡市葵区昭和町１番地の２スカイタウンビル３０５号室,2020-04-28,株式会社
株式会社ＷＡＳＡＢＩ,東京都渋谷区恵比寿西２丁目１５番９号チェラーザ代官山４０２,2020-04-28,株式会社
株式会社Ｗｈｏｌｅ　Ｉｎｔｅｒｎ,東京都千代田区麹町４丁目８番地１,2020-04-28,株式会社
株式会社Ｙｃｈａｎｎｅｌ,千葉県柏市篠籠田６０５番地５,2020-04-28,株式会社
株式会社Ｚ．ＬＩＮＥ,福島県郡山市本町２丁目２０番１９号二葉エミネンス１００２,2020-04-28,株式会社
株式会社ｃｌａｐ,兵庫県神戸市中央区北長狭通４丁目２番１９号アムズ元町ビル１Ｆ,2020-04-28,株式会社
株式会社ｃｏＬＡＢ．,神奈川県横浜市港南区上大岡東１丁目７－３２,2020-04-28,株式会社
株式会社ｃｏｒｉｎｄｏ,福岡県福岡市博多区東比恵２丁目７番３５号,2020-04-28,株式会社
株式会社ｆｅｌｉｓｃａｔｕｓ,東京都中央区銀座１丁目２２番１１号銀座大竹ビジデンス２Ｆ,2020-04-28,株式会社
株式会社ｇｉｖ,大阪府大阪市天王寺区上本町６丁目９番１０－２１０号,2020-04-28,株式会社
株式会社ｒａｉｓｅ,東京都豊島区東池袋１丁目１７番１１号パークハイツ池袋１１０５号,2020-04-28,株式会社
楽縁宝合同会社,東京都江戸川区西葛西２丁目１０番５－１５０２号,2020-04-28,合同会社
池新田さくら村合同会社,静岡県御前崎市池新田１８７５－４,2020-04-28,合同会社
無限責任川内負債整理組合,宮崎県都城市山之口町,2020-04-28,その他の設立登記法人
特定非営利活動法人くしろ子ども未来塾,北海道釧路市富士見３丁目９番２０号,2020-04-28,その他の設立登記法人
特定非営利活動法人たんばコミュニティハブ,兵庫県丹波市柏原町下小倉５４１番地１,2020-04-28,その他の設立登記法人
特定非営利活動法人スペース,島根県松江市法吉町５７９番地７,2020-04-28,その他の設立登記法人
特定非営利活動法人北朝鮮帰国者の生命と人権を守る会,東京都千代田区平河町１丁目５番７－２０３号,2020-04-28,その他の設立登記法人
特定非営利活動法人希望の星,岩手県胆沢郡金ケ崎町西根前野２５３番地１町民菜園パーク内,2020-04-28,その他の設立登記法人
特定非営利活動法人資産と暮らしの相談センター,東京都千代田区九段北４丁目１番３号飛栄九段北ビル２階,2020-04-28,その他の設立登記法人
特定非営利活動法人農福共生研究会,千葉県千葉市緑区大高町４３番４２,2020-04-28,その他の設立登記法人
碧天株式会社,神奈川県茅ヶ崎市下町屋３丁目１番３３－１０１号ホームタウン茅ヶ崎,2020-04-28,株式会社
神山建設工業株式会社,福島県南相馬市原町区旭町１丁目６３番地こいずみ貸事務所２階,2020-04-28,株式会社
福始商事合同会社,福岡県筑紫野市大字原７５０番地６５,2020-04-28,合同会社
福岡天神ホテルマネジメント合同会社,東京都中央区日本橋１丁目４番１号,2020-04-28,合同会社
群馬ベター株式会社,埼玉県深谷市榛沢新田２９３番地２,2020-04-28,株式会社
西部航空有限責任公司,大阪府大阪市中央区本町１丁目５番６号山甚ビル５階,2020-04-28,外国会社等
鋭鈷館株式会社,大阪府大阪市中央区南船場１丁目１３番１５号長堀三栄プラザ３０７号室,2020-04-28,株式会社
雪勝楽株式会社,東京都板橋区南町１２番９号南町ビル２Ｆ,2020-04-28,株式会社
雲凡株式会社,大阪府大阪市天王寺区悲田院町４－３９朝日プラザ天王寺パサージュ２０４号,2020-04-28,株式会社
鹿島電気株式会社,愛知県海部郡蟹江町大字蟹江新田字前波１４１番地３,2020-04-28,株式会社
齋藤土地建物合同会社,神奈川県相模原市中央区宮下本町１丁目４４番１７号,2020-04-28,合同会社
ＡＩコンサルティング合同会社,神奈川県横浜市神奈川区子安通３丁目３７２番地２セントラル新子安５０１号,2020-04-28,合同会社
ＡＳＩＡＮ　ＧＥＭＳ　ＡＮＤ　ＪＥＷＥＬＬＥＲＳ　ＰＶＴ　ＬＴＤ,東京都新宿区神楽坂３丁目１番地,2020-04-28,外国会社等
Ａｘｉｓ　ｐｏｒｔｅｒ合同会社,愛知県名古屋市北区城東町２丁目４７－３ヴェニュスⅢ１０２号,2020-04-28,合同会社
ＢＵＩＬＤＷＡ合同会社,埼玉県川口市領家１丁目４番４号,2020-04-28,合同会社
Ｂｉｓｈｃｌｆ－ｇｒｏｕｐ合同会社,大阪府大阪市東成区大今里３丁目２２－３４,2020-04-28,合同会社
ＣＫプロダクション株式会社,東京都千代田区一ツ橋２丁目４番３号,2020-04-28,株式会社
Ｃｒｅｄｏ株式会社,東京都千代田区九段南３丁目８番１０号,2020-04-28,株式会社
ＤＡＥ　８８４２　ＳＰＣ　Ｌｉｍｉｔｅｄ,,2020-04-28,外国会社等
Ｅｉｗａ　Ｍａｔｅｒｉａｌ株式会社,東京都港区芝３丁目２番１１号,2020-04-28,株式会社
ＧＲＯＷＴＨ合同会社,神奈川県藤沢市用田５９３－５－２０２,2020-04-28,合同会社
Ｈ＆Ｍ　ＩＮＴＥＲＮＡＴＩＯＮＡＬ　ＭＡＲＫＥＴＩＮＧ　ＰＶＴ　ＬＴＤ,千葉県大網白里市永田１０２０番地１０,2020-04-28,外国会社等
ＨＩＳＨＭＡＳＳ　ＴＲＡＤＩＮＧ　ＰＲＩＶＡＴＥ　ＬＩＭＩＴＥＤ,千葉県山武市雨坪６５－１０５,2020-04-28,外国会社等
Ｈａｋｕｂａ　Ｍｉｒａｉ合同会社,東京都中央区銀座１丁目６番１１号土志田ビルディング３Ｆ,2020-04-28,合同会社
ＩＲＩＥ合同会社,福岡県福岡市中央区警固２丁目１８番１７号ＳＨＯＷＡけやきビル２Ｆ,2020-04-28,合同会社
ＪａｍｍＴｅｃｈ合同会社,神奈川県逗子市久木２丁目６番Ｄ－３号,2020-04-28,合同会社
Ｋ＆Ｓ株式会社,神奈川県横浜市神奈川区沢渡３２番地１０,2020-04-28,株式会社
ＫＡＲＵＮＡＳＩＮＧＨＥ　ＩＮＴＥＲＮＡＴＩＯＮＡＬ合同会社,埼玉県新座市新堀２丁目１６番１号（デンビレッジ２０３号室）,2020-04-28,合同会社
ＫＫＯ株式会社,埼玉県上尾市大字上野２３９番地７,2020-04-28,株式会社
Ｋａｌｓｓａｍ合同会社,福岡県福岡市中央区薬院３丁目３番８号カムラビル６階,2020-04-28,合同会社
Ｌｉｙａ　Ａｕｔｏ　Ｉｎｔｅｒｎａｔｉｏｎａｌ　Ｐｖｔ　Ｌｔｄ,千葉県大網白里市木崎７２番地２オフィス７号,2020-04-28,外国会社等
ＭＡＧ　＆　Ｍｏｒｅ　ＪＡＰＡＮ株式会社,東京都中央区日本橋３丁目４番１５号八重洲通ビルヂング５階,2020-04-28,株式会社
ＭＵＳＵＢＥＥ株式会社,東京都渋谷区恵比寿４丁目２０－３恵比寿ガーデンプレイスタワー３１Ｆ,2020-04-28,株式会社
ＰＥＣＯ　ＡＳＩＡ　ＰＡＲＴＮＥＲＳ１合同会社,兵庫県西宮市松園町６番１５－３０１号グランドメゾン夙川松園町ザ・ハウス,2020-04-28,合同会社
ＰＯＬＡＣＣＯ合同会社,東京都目黒区東山３丁目１８－９－Ｂ１Ｆ,2020-04-28,合同会社
ＲＨテクノロジー株式会社,愛知県名古屋市東区東桜２丁目３番３８号東桜マンション２Ｆ,2020-04-28,株式会社
ＳＡＲＫＡＲ　ＴＥＣＨＮＯＬＯＧＹ合同会社,埼玉県蕨市北町１丁目２３番２８号（ルームワンＷ棟３階Ｃ－Ｆ）,2020-04-28,合同会社
ＳＦプラン株式会社,茨城県つくば市上原４１８番地６,2020-04-28,株式会社
ＳＨＡＲＡＤＡ株式会社,千葉県鎌ケ谷市東道野辺２丁目７番３５号,2020-04-28,株式会社
ＳＨＩＭＡ　ＴＲＡＤＥＲＳ,千葉県東金市上谷３４３４番地４オフィスＥ号,2020-04-28,外国会社等
ＳＫＹ　ＬＡＮＫＡ合同会社,神奈川県大和市福田１３８０－５－Ａ－２,2020-04-28,合同会社
ＳＴＰ株式会社,千葉県野田市岩名１丁目３２番地の１５,2020-04-28,株式会社
Ｓａｉｌ協同組合,東京都中央区新川２丁目２２番４号新共立ビルディング５階,2020-04-28,その他の設立登記法人
Ｔ．Ｍ．ＥＮＴＥＲＰＲＩＳＥＳ,千葉県大網白里市永田１０２０番地９,2020-04-28,外国会社等
ＴＰＫ　Ｕｎｉｖｅｒｓａｌ　Ｓｏｌｕｔｉｏｎｓ　Ｌｉｍｉｔｅｄ,東京都港区南麻布３丁目２０－１Ｄａｉｗａ麻布テラス５階,2020-04-28,外国会社等
ＵＩＵＩ株式会社,千葉県柏市大津ケ丘３丁目１５番地６,2020-04-28,株式会社
Ｖｉｓｕａｌ　Ｍａｒｋｅｔｉｎｇ株式会社,東京都中央区築地１丁目９番２号,2020-04-28,株式会社
Ｗ　ＢＯＮＤ　ＩＮＴＥＲＮＡＴＩＯＮＡＬ株式会社,神奈川県横浜市西区みなとみらい３丁目７－１オーシャンゲートみなとみらい８Ｆ－ＷｅＷｏｒｋ,2020-04-28,株式会社
ＹＵビル株式会社,鹿児島県鹿児島市上之園町３１番地２９,2020-04-28,株式会社
ａｒｓホールディングス株式会社,東京都千代田区紀尾井町３番２９号紀尾井ロイヤルハイツ１０１号,2020-04-28,株式会社
ｎ’ｂｌｏｏｍ合同会社,東京都武蔵野市緑町１丁目５番１－１０５号,2020-04-28,合同会社
ｗａｖｅｌｅｔｓ合同会社,神奈川県藤沢市鵠沼松が岡２丁目８番１６号,2020-04-28,合同会社
ふるさとまごころ市場株式会社,福岡県福岡市中央区天神３丁目５番４号,2020-04-30,株式会社
みやざき乾燥野菜合同会社,宮崎県都城市高城町四家１００３番地,2020-04-30,合同会社
みんなの合同会社,北海道札幌市手稲区西宮の沢二条５丁目１番２４号,2020-04-30,合同会社
アイアン・コンサルティング株式会社,千葉県千葉市花見川区畑町４２６番地１岩名ビレッジ３０５号,2020-04-30,株式会社
アイズリンク株式会社,大阪府大阪市北区天神橋２丁目北１番２１号八千代ビル東館,2020-04-30,株式会社
アカウンティングサポート合同会社,神奈川県秦野市元町１番１６号,2020-04-30,合同会社
アサヒホープス合同会社,千葉県佐倉市鏑木町１１６９番地２,2020-04-30,合同会社
アトモス株式会社,東京都杉並区成田東５丁目２０番１０号,2020-04-30,株式会社
アパライフ株式会社,兵庫県尼崎市浜２丁目９番１３号,2020-04-30,株式会社
アビエーション・ロジスティクス・サービス合同会社,千葉県船橋市南三咲３丁目２２番１５－１１１号,2020-04-30,合同会社
アルファゼロ株式会社,東京都世田谷区宮坂３丁目４５番１号,2020-04-30,株式会社
アングッドＰＬＵＳ５１合同会社,新潟県新潟市東区船江町１丁目２７番２０号,2020-04-30,合同会社
ア・ク・ア株式会社,鹿児島県霧島市隼人町内山田２丁目１番５号,2020-04-30,株式会社
インテリジェンスアジア株式会社,東京都中央区日本橋箱崎町３２－３秀和日本橋箱崎レジデンス７０４,2020-04-30,株式会社
エクレティコス株式会社,東京都港区南青山６丁目１番２４号,2020-04-30,株式会社
エスケーホールディングス株式会社,兵庫県姫路市亀山２３１番地２,2020-04-30,株式会社
エスダブルエイチ株式会社,東京都府中市若松町４丁目１６番１１号,2020-04-30,株式会社
エス・ケイ・ハウス株式会社,東京都台東区千束４丁目２５番６号６Ｆ,2020-04-30,株式会社
エムワイエス合同会社,福岡県福岡市博多区博多駅東３丁目１５番２５号,2020-04-30,合同会社
エースプロ株式会社,滋賀県大津市一里山３丁目１番１－２０６号,2020-04-30,株式会社
エーティー・ボーテ株式会社,東京都江戸川区篠崎町２丁目１８番５号,2020-04-30,株式会社
キーストーンエージェント合同会社,東京都中央区銀座１丁目２２番１１号銀座大竹ビジデンス２階,2020-04-30,合同会社
クラウドワイライズ合同会社,熊本県熊本市中央区国府４丁目７番４５－４０２号,2020-04-30,合同会社
グローバルインテグラルシステムズ株式会社,香川県高松市中野町２９番５号高松プラザビル３階,2020-04-30,株式会社
ケイエーワークス合同会社,静岡県静岡市駿河区中原二丁目４番１０号２階,2020-04-30,合同会社
ケント株式会社,東京都世田谷区桜丘５丁目４６番１９号ＫＲコーポ１０２号,2020-04-30,株式会社
コロナ融資特別支援合同会社,東京都港区六本木７丁目１５－７,2020-04-30,合同会社
コーチンミライズ株式会社,岐阜県海津市南濃町志津字菖蒲原２５５番地,2020-04-30,株式会社
サウンド株式会社,福岡県福岡市東区唐原４丁目１０－３０－１０３,2020-04-30,株式会社
サスティナブルローカルデザイン合同会社,北海道旭川市東旭川南一条６丁目２番１３号,2020-04-30,合同会社
サーヴ株式会社,岡山県笠岡市大島中６２９０番地１,2020-04-30,株式会社
シュルケ・ジャパン合同会社,東京都港区芝浦３丁目４番１号グランパークタワー,2020-04-30,合同会社
バーリン合同会社,東京都新宿区百人町１丁目１７番６号成田ビル４０１号室,2020-04-30,合同会社
ビーシフト株式会社,大阪府大阪市北区浪花町１３番３８号千代田ビル北館３Ｆ,2020-04-30,株式会社
フロムトゥ株式会社,福岡県福岡市中央区大名２丁目４番３８－３１５号,2020-04-30,株式会社
ペンティアック合同会社,神奈川県横浜市栄区長沼町５０５番地の１５,2020-04-30,合同会社
モクカ合同会社,東京都練馬区田柄２丁目４２番３号第２グリーンハイツ上野６０２,2020-04-30,合同会社
ユナイトテック株式会社,東京都足立区六町１丁目５番５号ガーデンテラスＡ－３０２,2020-04-30,株式会社
ライフパッション合同会社,埼玉県さいたま市見沼区東大宮７丁目１６－９メゾンボヌール１０１号室,2020-04-30,合同会社
ロックウッド株式会社,神奈川県横浜市中区滝之上６番地１第２山手シティハウス３０４号室,2020-04-30,株式会社
ワース株式会社,宮城県仙台市太白区鈎取４丁目４－５１・３１０エスベランサ２０８号,2020-04-30,株式会社
一般社団法人いいたて結い農園,福島県相馬郡飯舘村飯樋字笠石１４０番地１,2020-04-30,その他の設立登記法人
一般社団法人いわき訪問医療マッサージ,福島県いわき市明治団地５０番地の３,2020-04-30,その他の設立登記法人
一般社団法人さくらリンク,鹿児島県鹿児島市喜入瀬々串６０４番地７５,2020-04-30,その他の設立登記法人
一般社団法人しおかぜ,岡山県笠岡市拓海町１５２番地,2020-04-30,その他の設立登記法人
一般社団法人つながるひろがる子どもの救急,愛知県岡崎市竜美南３丁目３番地１２,2020-04-30,その他の設立登記法人
一般社団法人ひばの木,青森県南津軽郡藤崎町大字藤崎字豊岡８番地７,2020-04-30,その他の設立登記法人
一般社団法人セカンドビジネス推進協議会,大阪府大阪市中央区天満橋京町１番２７号,2020-04-30,その他の設立登記法人
一般社団法人ユニバーサル就労協会,福島県福島市小倉寺字前野１６番地の１,2020-04-30,その他の設立登記法人
一般社団法人全国国立大学附属学校ＰＴＡ連合会,東京都港区虎ノ門１丁目２番２９号虎ノ門産業ビル内,2020-04-30,その他の設立登記法人
一般社団法人地域商社まくらざき,鹿児島県枕崎市住吉町３９番地,2020-04-30,その他の設立登記法人
一般社団法人日本ナイジェリア友好親善協会,大阪府大阪市平野区喜連西４丁目７番１２号ハマダビル１階,2020-04-30,その他の設立登記法人
一般社団法人現在・過去・未来,福井県小浜市小浜日吉９番地の１,2020-04-30,その他の設立登記法人
一般社団法人空,福島県郡山市堤３丁目１９１番地,2020-04-30,その他の設立登記法人
一般社団法人ＳＰＡＣＥ　ＦＯＯＤＳＰＨＥＲＥ,東京都港区芝５丁目２９番１１号,2020-04-30,その他の設立登記法人
一般財団法人在宅がん療養財団,東京都世田谷区下馬４丁目１６番５号,2020-04-30,その他の設立登記法人
三和商会合同会社,埼玉県さいたま市岩槻区大字大口３８９番地３,2020-04-30,合同会社
三木商事合同会社,東京都北区田端新町３丁目１５－１３,2020-04-30,合同会社
三盛商事株式会社,神奈川県川崎市幸区幸町２丁目６７７番８号,2020-04-30,株式会社
三誠株式会社,静岡県富士市今泉７丁目１１番１６号,2020-04-30,株式会社
丸浜運輸株式会社,静岡県浜松市東区笠井町３６番地の１,2020-04-30,株式会社
元気株式会社,大阪府堺市堺区向陵西町３丁５番３０号,2020-04-30,株式会社
再生可能エネルギー合同会社,神奈川県横浜市都筑区南山田１丁目３番１０－９０１号,2020-04-30,合同会社
医療法人社団アクアビアンカ,静岡県三島市徳倉８７６番地の２６,2020-04-30,その他の設立登記法人
合同会社あかり,埼玉県さいたま市見沼区東大宮１丁目１０番地３,2020-04-30,合同会社
合同会社きたふじ牧場,北海道広尾郡広尾町字下トヨイ４線８番地９,2020-04-30,合同会社
合同会社ならさくら,大阪府大阪市此花区朝日２丁目１８番８号３Ｆ－５２１,2020-04-30,合同会社
合同会社みどりの丘,静岡県浜松市天竜区佐久間町川合１０７７番地の１,2020-04-30,合同会社
合同会社オフィスコンフォート,青森県青森市堤町２丁目８番２８－４０１号,2020-04-30,合同会社
合同会社カタマリ,東京都葛飾区小菅２丁目２２－９クレア堀切菖蒲園１００３,2020-04-30,合同会社
合同会社クオリティオブライフ,東京都板橋区東新町２丁目１８番１４号,2020-04-30,合同会社
合同会社クレアス,福島県いわき市平字愛谷町四丁目５番地の８,2020-04-30,合同会社
合同会社サイチョゲ,和歌山県橋本市高野口町向島２１９番地の４,2020-04-30,合同会社
合同会社サウダージ,東京都杉並区高円寺北３丁目２５番２５号天名家ビル２０４,2020-04-30,合同会社
合同会社スリーピ－ス,東京都中央区銀座１丁目２２－１１銀座大竹ビジデンス２Ｆ,2020-04-30,合同会社
合同会社ドナルド,東京都立川市柴崎町３丁目３番５号ベルフェアー立川６階,2020-04-30,合同会社
合同会社ノースキャット,愛知県名古屋市瑞穂区彌富町字緑ケ岡４番地の１－３０１,2020-04-30,合同会社
合同会社ノードヴィラージュ,東京都練馬区貫井１丁目２９番１０号富士見台マンション３０１,2020-04-30,合同会社
合同会社バースバイマークス,東京都世田谷区上野毛３丁目２０番６号上野毛の杜Ｊ,2020-04-30,合同会社
合同会社ブルドッグキャピタル,東京都港区西麻布２丁目２４－３１－２０７,2020-04-30,合同会社
合同会社マクリンズ,東京都品川区北品川１丁目２２－７,2020-04-30,合同会社
合同会社ミモロワークス,大阪府大阪市鶴見区今津中５丁目２番３号,2020-04-30,合同会社
合同会社メディアＪＩＮ,東京都台東区千束３丁目１２番７号,2020-04-30,合同会社
合同会社モリマテック,岡山県総社市上林６８２番地,2020-04-30,合同会社
合同会社ヤスタケ商事,東京都江東区南砂２丁目３－８南砂住宅８号棟１３１５,2020-04-30,合同会社
合同会社ラショナルデザイン,大阪府大阪市北区梅田１丁目２番２号大阪駅前第２ビル２階５－６号室,2020-04-30,合同会社
合同会社ローカルＳＤクリエーション,福井県越前市南小山町第５号１９番地,2020-04-30,合同会社
合同会社一大産業,沖縄県名護市字数久田７６番地,2020-04-30,合同会社
合同会社伊江島ハイビスカス園,沖縄県国頭郡伊江村字東江前３６１４番地の１,2020-04-30,合同会社
合同会社十三月,兵庫県明石市花園町１番地の３,2020-04-30,合同会社
合同会社学び舎ウエスト,沖縄県中頭郡読谷村字大木３２４番地,2020-04-30,合同会社
合同会社宮崎ファミリー林業,宮崎県延岡市中川原町３丁目６０番地１,2020-04-30,合同会社
合同会社彩苑,埼玉県所沢市上新井１丁目２９番地の３９,2020-04-30,合同会社
合同会社暮らしの編集室,埼玉県北本市中央１丁目１０９番地,2020-04-30,合同会社
合同会社松岡事務所,東京都港区三田１丁目１０番１０,2020-04-30,合同会社
合同会社永政,愛知県名古屋市名東区文教台２丁目２０１番地メゾンドゥ１階,2020-04-30,合同会社
合同会社自家用電気保安協会,大阪府東大阪市若江本町１丁目４番２８号,2020-04-30,合同会社
合同会社赤穂らいふ・けあ,兵庫県赤穂市本水尾町２番地８,2020-04-30,合同会社
合同会社輪,神奈川県横浜市港北区綱島西６丁目１番１０号,2020-04-30,合同会社
合同会社ＡＩＭＩ,兵庫県多可郡多可町中区鍛冶屋４１８番地５,2020-04-30,合同会社
合同会社ＡＬＯＨＡマンガ,東京都杉並区高円寺北４丁目１７番１２号,2020-04-30,合同会社
合同会社ＡｋＪａｐｏｎ,東京都世田谷区中町３丁目４番１号,2020-04-30,合同会社
合同会社Ａｎｃｈｏｒ　Ｓｔｒａｔｅｇｙ,東京都江戸川区西葛西３丁目８番１２号,2020-04-30,合同会社
合同会社ＢＯＮＤ　ＡＳＫ,岡山県岡山市北区下伊福本町１－４４（２階）,2020-04-30,合同会社
合同会社Ｃ．Ｒ．Ｆ,大阪府大東市新町１０番２号,2020-04-30,合同会社
合同会社Ｅ・Ｉ・Ｃ,熊本県荒尾市大正町１丁目１－７,2020-04-30,合同会社
合同会社Ｆアカウンティング,香川県高松市楠上町１丁目３番２４号,2020-04-30,合同会社
合同会社Ｆｒｅｅ　ａｎｄ　ｆｕｎ,大阪府岸和田市上野町東１０番６９号,2020-04-30,合同会社
合同会社Ｇｒｏｗｔｈ,北海道札幌市豊平区福住三条１丁目７番１－６０３号,2020-04-30,合同会社
合同会社ＪＫＲ．ＪＡＰＡＮ,茨城県坂東市辺田３３３番地７,2020-04-30,合同会社
合同会社ＫＹ,東京都世田谷区千歳台２丁目７番６号サンライズ和光２０７,2020-04-30,合同会社
合同会社ＬＩＢＥＲＴＹ,東京都墨田区両国４丁目３０－６大同マンション７０２,2020-04-30,合同会社
合同会社Ｍｏｔｅｇｉ　Ｃｏｍｐａｎｙ,埼玉県さいたま市緑区東浦和９丁目１４番地４,2020-04-30,合同会社
合同会社ＮＡＲＥＳＯＭＥ,東京都大田区久が原２丁目１７番９号,2020-04-30,合同会社
合同会社Ｎａｋａｙａｍａ　Ｅｎｔｅｒｐｒｉｓｅ,茨城県土浦市下高津４丁目７番１７号,2020-04-30,合同会社
合同会社ＯＮＥ　ＬＩＦＥ,愛知県名古屋市中区錦３丁目１４番２８号,2020-04-30,合同会社
合同会社ＯＹＥＮ．ＪＰ,岐阜県各務原市松が丘７丁目１２３番地,2020-04-30,合同会社
合同会社Ｒｅ．ｆｅｌｉｃｅ,青森県八戸市東白山台３丁目１１番２０号,2020-04-30,合同会社
合同会社ＳＡＳＵ－Ｋ,愛知県名古屋市北区成願寺１丁目６番Ａ２８０３,2020-04-30,合同会社
合同会社ＴＡＰ,愛知県一宮市今伊勢町本神戸字上町３０番地１シャトレ愛松今伊勢８０２号,2020-04-30,合同会社
合同会社ＴＯＫＹＯ　ｓｙｎｃ,東京都品川区旗の台２丁目４番２号,2020-04-30,合同会社
合同会社Ｕｎｉ,新潟県燕市井土巻２丁目１９４号カーサ・セントラーレＣ棟１０１号室,2020-04-30,合同会社
合同会社ＷＡＲＡＢＩ,静岡県牧之原市波津９１７番地２,2020-04-30,合同会社
合同会社ＷｅｂＳｐｒｉｎｇ,千葉県館山市川名６番地の１,2020-04-30,合同会社
合同会社ａｌｉｂａ,京都府京都市南区久世中久世町１丁目１１３番地１－３０５,2020-04-30,合同会社
合同会社ｍｏｒｅ　ｉｓ　ｂｅｔｔｅｒ,埼玉県さいたま市岩槻区本町６丁目６番３０号エルミタージュＡ１０２,2020-04-30,合同会社
合同会社ｔｈｅＫｉｎｔａ,新潟県南魚沼郡湯沢町大字三国４６９番地５２,2020-04-30,合同会社
合衆株式会社,大阪府大阪市中央区北久宝寺町４丁目３番８－３０８号,2020-04-30,株式会社
和同情報システム分割準備株式会社,新潟県長岡市新産２丁目７番地５,2020-04-30,株式会社
啓鑫株式会社,東京都台東区浅草２丁目１２番８号荒井ビル２０１,2020-04-30,株式会社
国際パートナーズ合同会社,東京都千代田区丸の内１丁目１番３号日本生命丸の内ガーデンタワー３階,2020-04-30,合同会社
天元商事株式会社,福岡県福岡市博多区金の隈３丁目２１番３１号,2020-04-30,株式会社
寿子合同会社,愛知県名古屋市北区大杉２丁目８番２１号,2020-04-30,合同会社
山武精密管工株式会社,千葉県山武市成東１４８番地２,2020-04-30,株式会社
恒新株式会社,神奈川県横浜市中区末吉町３丁目４７番地１トーカン伊勢佐木町キャステール７０６号室,2020-04-30,株式会社
恒栄株式会社,大阪府大阪市中央区谷町９丁目１番２２号,2020-04-30,株式会社
新日本工業ホールディングス株式会社,東京都江東区佐賀１丁目１１番１１－３０６号,2020-04-30,株式会社
日幸産業株式会社,東京都狛江市東和泉１丁目３２番３号,2020-04-30,株式会社
時邁情報技術株式会社,東京都千代田区東神田２丁目６番７号６Ｆ,2020-04-30,株式会社
杉のチカラ株式会社,埼玉県久喜市鷲宮６５２－５アオキビル２０１,2020-04-30,株式会社
東海クリーンサービス株式会社,三重県津市藤方８９７－１１,2020-04-30,株式会社
松山ホールディング株式会社,東京都世田谷区玉川１丁目６番２号,2020-04-30,株式会社
松﨑工業株式会社,福岡県福岡市南区若久５丁目２８番６号,2020-04-30,株式会社
株式会社М’ｓプランニング,東京都港区南青山２丁目２番１５―９４２号,2020-04-30,株式会社
株式会社あみだくじ,岡山県都窪郡早島町前潟１１番地５,2020-04-30,株式会社
株式会社おむすび,埼玉県川口市大字安行領根岸１８２６番地の１８,2020-04-30,株式会社
株式会社しらぬい,東京都豊島区池袋３丁目３４番７号ビジネスパーク池袋２階,2020-04-30,株式会社
株式会社ひとまちライブラリー,山口県山陽小野田市大字小野田３３９２番地２,2020-04-30,株式会社
株式会社ぽたま,大阪府大阪市北区梅田２丁目２番２号ヒルトンプラザウエストオフィスタワー１９階,2020-04-30,株式会社
株式会社ゆい不動産,福島県白河市新白河３丁目３１番地,2020-04-30,株式会社
株式会社アイビーソリューション,千葉県柏市大塚町１０番９号,2020-04-30,株式会社
株式会社アップルズ,東京都渋谷区恵比寿南３丁目１２番８号,2020-04-30,株式会社
株式会社アプリシエイト,東京都大田区南千束２丁目６番４号,2020-04-30,株式会社
株式会社アレグレアルバ,大阪府大阪市阿倍野区橋本町３番２０号,2020-04-30,株式会社
株式会社アース,東京都大田区田園調布南２１番４号,2020-04-30,株式会社
株式会社アース,東京都三鷹市上連雀２丁目４番９－４０１号,2020-04-30,株式会社
株式会社インサイドクロニクル,滋賀県栗東市川辺１０４番地３,2020-04-30,株式会社
株式会社インテリアみのお,大阪府箕面市桜５丁目１番１０号,2020-04-30,株式会社
株式会社イーストウッドキャンプ,神奈川県横浜市都筑区東山田町１４８８番地１９,2020-04-30,株式会社
株式会社ウズ・アーキテクト,東京都渋谷区恵比寿西１丁目３３番６号ＪＰｎｏｉｅ恵比寿西１Ｆ,2020-04-30,株式会社
株式会社エスエー福祉サポート,福岡県糟屋郡粕屋町大字柚須６６番地１シティライフ箱崎１５－５０２,2020-04-30,株式会社
株式会社エッジ・オン,大阪府大阪市浪速区元町１丁目１０番２０－１２０１号,2020-04-30,株式会社
株式会社オフィスＧＥＮＫＩ,静岡県浜松市中区領家３丁目１番１４号,2020-04-30,株式会社
株式会社カジサキ,富山県高岡市京町１３番３号,2020-04-30,株式会社
株式会社キープザビート,青森県弘前市大字土手町１１２番地１,2020-04-30,株式会社
株式会社ククリズ,東京都杉並区成田東１丁目２６番１３号,2020-04-30,株式会社
株式会社クリン,東京都港区赤坂９丁目５番１２号パークサイドシックスＢ１,2020-04-30,株式会社
株式会社クローバー保険パートナーズ,千葉県船橋市前原西７丁目１２番８号,2020-04-30,株式会社
株式会社グリーン＆ウォーターホールディングス,東京都中央区日本橋本町２丁目７番１号,2020-04-30,株式会社
株式会社ケイフォート,静岡県静岡市葵区沓谷３丁目４番１５号,2020-04-30,株式会社
株式会社コウケン,岡山県岡山市東区西大寺川口４２０番地１,2020-04-30,株式会社
株式会社コウセルジャパン,岡山県岡山市東区西大寺川口４２０番地１,2020-04-30,株式会社
株式会社コスム,神奈川県横浜市中区北仲通５丁目５７番２号ＫＩＴＡＮＡＫＡ・ＢＲＩＣＫ＆ＷＨＩＴＥ,2020-04-30,株式会社
株式会社サカキ実業,神奈川県川崎市川崎区砂子２丁目８番１号シャンボール互恵ビル１２０３号室,2020-04-30,株式会社
株式会社サーベンス,東京都大田区蒲田５丁目２１番１３号ペガサスステーションプラザ蒲田Ｂ２Ｆ,2020-04-30,株式会社
株式会社シンティラーレ,東京都港区赤坂７丁目６番５６号,2020-04-30,株式会社
株式会社ジャクター,東京都品川区西五反田４丁目１６番９号かむろ坂プレイス１０１,2020-04-30,株式会社
株式会社ジル,東京都江戸川区船堀１丁目８番２２号,2020-04-30,株式会社
株式会社スペシャルサンクス,東京都港区六本木１丁目６番１号泉ガーデンタワー３３,2020-04-30,株式会社
株式会社スマートブライダルクラブ,大阪府和泉市府中町７丁目２番２８号,2020-04-30,株式会社
株式会社スリーベース,東京都台東区三ノ輪１丁目２６番２号,2020-04-30,株式会社
株式会社セイカジャパン,宮崎県都城市下川東１丁目３号６番地１－５０２号,2020-04-30,株式会社
株式会社セイケン,茨城県常総市平内３０３番地１,2020-04-30,株式会社
株式会社センヤ,茨城県土浦市神立中央５丁目７番９号,2020-04-30,株式会社
株式会社ゼロアクセル,東京都渋谷区恵比寿２丁目２８番１０号,2020-04-30,株式会社
株式会社ティグリス,埼玉県戸田市新曽南３丁目６番１－１５１９号,2020-04-30,株式会社
株式会社トリコ,東京都渋谷区渋谷１丁目２０番１号,2020-04-30,株式会社
株式会社トータルレーヴ,愛知県岡崎市稲熊町字７丁目７５番地３,2020-04-30,株式会社
株式会社ドライコーポレーション,東京都大田区大森西４丁目１７番８号アンビションⅤ,2020-04-30,株式会社
株式会社ネクサスネット,沖縄県那覇市繁多川１丁目２４番４８号,2020-04-30,株式会社
株式会社ネルニード,新潟県三条市善久寺３００７番地１,2020-04-30,株式会社
株式会社ハーモニープラス,神奈川県横浜市中区北仲通５丁目５７番地２－２２０８,2020-04-30,株式会社
株式会社ビジネス・ワン熊本,熊本県熊本市中央区八王寺町３０番１号,2020-04-30,株式会社
株式会社ビューシックヨネザワ,宮城県仙台市青葉区中央１丁目３番１号,2020-04-30,株式会社
株式会社フラットフィールド,東京都渋谷区神宮前６丁目２８番９号東武ビル５階,2020-04-30,株式会社
株式会社フラメリー・ジャパン,東京都港区虎ノ門１丁目４番２号,2020-04-30,株式会社
株式会社フリー,大阪府大阪市生野区巽東２丁目５番１６号,2020-04-30,株式会社
株式会社プロミネント,富山県中新川郡上市町下経田２１３番地,2020-04-30,株式会社
株式会社マスターリンク,宮城県富谷市富ケ丘２丁目３７番２４号,2020-04-30,株式会社
株式会社ムクリエ,大阪府大阪市西淀川区野里１丁目２０ー２－２０４,2020-04-30,株式会社
株式会社メディカルモア,東京都渋谷区恵比寿南１丁目１４番５号,2020-04-30,株式会社
株式会社メリーゲート,東京都中央区八丁堀１丁目７番５号,2020-04-30,株式会社
株式会社ユーノ,愛知県刈谷市青山町２丁目１６０番地６,2020-04-30,株式会社
株式会社ライフサポート中央台,愛知県春日井市中央台４丁目１番地３、２２５号棟４０５号室,2020-04-30,株式会社
株式会社ランブレッタ,福岡県福岡市城南区神松寺１丁目１２番１５号,2020-04-30,株式会社
株式会社リオン,神奈川県横浜市港南区港南中央通１５番５－４０２号,2020-04-30,株式会社
株式会社リシェス,埼玉県羽生市大字小須賀字内手１０９１番地２,2020-04-30,株式会社
株式会社リバースフィットネス,東京都足立区柳原１丁目１番１４号,2020-04-30,株式会社
株式会社リフォームの成田屋,埼玉県南埼玉郡宮代町字金原６０７番地５,2020-04-30,株式会社
株式会社レベルブリッジ,千葉県千葉市美浜区中瀬１丁目３番地幕張テクノガーデンＣＢ棟３階ＭＢＰ,2020-04-30,株式会社
株式会社三善,東京都世田谷区上用賀１丁目７－１１メイワビル,2020-04-30,株式会社
株式会社令和テントプランニング,岡山県岡山市中区神下２６０,2020-04-30,株式会社
株式会社健なごみ,宮崎県宮崎市大字恒久１３０２番地７,2020-04-30,株式会社
株式会社元久石材,東京都荒川区東尾久５丁目４１番５号,2020-04-30,株式会社
株式会社北翔工業,青森県むつ市昭和町１１番３６号,2020-04-30,株式会社
株式会社千総建,岩手県一関市石畑５番１９－１０５号リバーシティ中里,2020-04-30,株式会社
株式会社協建,大阪府大阪市北区天満橋３丁目２番２３号,2020-04-30,株式会社
株式会社友協,神奈川県横浜市中区末吉町１丁目７番地７－１１０２号室,2020-04-30,株式会社
株式会社友律,長野県安曇野市穂高北穂高１８１１番地９,2020-04-30,株式会社
株式会社古家一塗装工業,兵庫県尼崎市浜２丁目３番１５号,2020-04-30,株式会社
株式会社古沢工業,埼玉県さいたま市桜区田島４丁目１８番３３号,2020-04-30,株式会社
株式会社吉原左官工業,福岡県筑後市大字蔵数５１８の２６番地,2020-04-30,株式会社
株式会社吉本企画,福岡県福岡市中央区赤坂３丁目１番２６号８０１号室,2020-04-30,株式会社
株式会社咲帆,千葉県流山市おおたかの森南１丁目１８７番地の６１,2020-04-30,株式会社
株式会社大平産業,東京都中央区銀座１丁目２７－８－８０２,2020-04-30,株式会社
株式会社大金,東京都目黒区下目黒３丁目１６番１号,2020-04-30,株式会社
株式会社大阪建工グループ,大阪府大阪市東淀川区南江口３丁目１番５２号モアルエール３０３号,2020-04-30,株式会社
株式会社太陽,福岡県糟屋郡宇美町障子岳南５丁目１２番５号,2020-04-30,株式会社
株式会社安藤工業,鹿児島県鹿児島市吉野町３８９３番地１３,2020-04-30,株式会社
株式会社廣瀨工務店,京都府京都市山科区栗栖野打越町４８－５,2020-04-30,株式会社
株式会社弥生,山口県下関市長府松小田本町９番３号,2020-04-30,株式会社
株式会社持続化サポート,熊本県熊本市南区近見２丁目２－２０,2020-04-30,株式会社
株式会社斉藤工務店,茨城県つくば市大砂１２０８番地１,2020-04-30,株式会社
株式会社新和建装,北海道札幌市北区篠路七条８丁目２番７－２号,2020-04-30,株式会社
株式会社日本エスティグループ,大阪府大阪市生野区中川東２丁目４番４号,2020-04-30,株式会社
株式会社星一,長野県北佐久郡御代田町大字草越１１７３番地３８８,2020-04-30,株式会社
株式会社時空工舎,静岡県浜松市天竜区二俣町二俣６８０番地の１,2020-04-30,株式会社
株式会社未来商事,三重県四日市市江村町１０１２番地２,2020-04-30,株式会社
株式会社村上不動産,東京都江戸川区松島２丁目２１番１３号,2020-04-30,株式会社
株式会社村上創建,熊本県熊本市北区植木町広住５９５番地３,2020-04-30,株式会社
株式会社東京エレクトリックラボ,埼玉県朝霞市膝折町２丁目１８－２,2020-04-30,株式会社
株式会社東京シビル,東京都江戸川区西葛西３丁目２番９号ＡＳＰビル２階,2020-04-30,株式会社
株式会社東美濃ビアワークス,岐阜県瑞浪市釜戸町３３２１番地の４,2020-04-30,株式会社
株式会社海聖,山口県山口市秋穂西２６９０番地６,2020-04-30,株式会社
株式会社滄海交易,東京都大田区蒲田３丁目２０番２号,2020-04-30,株式会社
株式会社熊の手,千葉県白井市大山口１丁目２７番５号,2020-04-30,株式会社
株式会社生栄社,愛知県長久手市菖蒲池１６０５番地２アクシーズ菖蒲池一番館７０４号,2020-04-30,株式会社
株式会社畑本建築,岡山県総社市泉７番地５２,2020-04-30,株式会社
株式会社笑顔,大阪府高槻市高槻町１８番９号,2020-04-30,株式会社
株式会社綺麗東京,東京都千代田区外神田２丁目１４番１０号,2020-04-30,株式会社
株式会社藤海工業,宮城県仙台市太白区鈎取４丁目４番３１号,2020-04-30,株式会社
株式会社観栄堂,東京都中央区銀座１丁目６番２号,2020-04-30,株式会社
株式会社部子林業,福井県今立郡池田町松ケ谷第１４号３０番地１,2020-04-30,株式会社
株式会社酒井塗装,千葉県我孫子市都部１９６番地の１,2020-04-30,株式会社
株式会社雄基,岐阜県多治見市喜多町５丁目４９番地の１,2020-04-30,株式会社
株式会社高義,千葉県香取市大根１２７７番地,2020-04-30,株式会社
株式会社龍櫻,静岡県富士市原田７６３番地の２,2020-04-30,株式会社
株式会社ＡＣＴＡＩＤＥ,栃木県足利市八幡町５１１番地１,2020-04-30,株式会社
株式会社ＡＥＧＩＳ,和歌山県和歌山市土入２８４番地３４,2020-04-30,株式会社
株式会社ＡＲＡＴＥＱ,大阪府守口市東町２丁目１７番７号,2020-04-30,株式会社
株式会社ＡＲＤＹ,東京都世田谷区北沢４丁目３１番１６号北沢３１番館２Ｆ,2020-04-30,株式会社
株式会社Ｂｅｙｏｎｄ　Ｌｉｖｅ　Ｃｏｒｐｏｒａｔｉｏｎ,東京都港区六本木３丁目２番１号住友不動産六本木グランドタワー２１階,2020-04-30,株式会社
株式会社Ｂｏｕｑｕｅｔ,東京都世田谷区玉川３丁目９－１０マノア玉川第２－３０５,2020-04-30,株式会社
株式会社Ｃ３,東京都板橋区赤塚７丁目１８番２２号,2020-04-30,株式会社
株式会社Ｃｈａｌｌｅｎｇｅ．Ｍｉｎｄ．Ｓｐｉｒｉｔ,埼玉県草加市瀬崎１丁目８番２０号タワーイースト瀬崎７０３,2020-04-30,株式会社
株式会社Ｃｉｅｌ,静岡県富士宮市中島町３５６番地の６,2020-04-30,株式会社
株式会社Ｄ＆Ａ　ＩＮＴＥＲＮＡＴＩＯＮＡＬ,茨城県常総市岡田字上宿５２０番地１,2020-04-30,株式会社
株式会社Ｄ－ＳＴＹＬＥ,茨城県つくばみらい市紫峰ヶ丘３丁目４番地２,2020-04-30,株式会社
株式会社ＤＷＹＬ,大阪府大阪市北区大深町３番４０号グランフロント大阪オーナーズタワー１３０８,2020-04-30,株式会社
株式会社Ｄａｙｓ　Ｐｒｏｍｏｔｉｏｎ,岡山県岡山市北区問屋町１６番地１０１リビンコートプライム問屋町１４０２号,2020-04-30,株式会社
株式会社Ｄｒ．Ａｓａ,東京都中央区銀座６丁目１２番２号,2020-04-30,株式会社
株式会社ＥＮＧＩＮＥ,東京都中央区日本橋２丁目１０番３号エグゼトゥール日本橋３０１,2020-04-30,株式会社
株式会社ＦＯＲＶＥ,愛知県名古屋市中区丸の内３丁目１０番８号,2020-04-30,株式会社
株式会社Ｆｅプラス,宮城県宮城郡利府町青山４丁目２７番地２３,2020-04-30,株式会社
株式会社Ｆｉｖｅ　Ｓｔａｒ　Ｇｒｏｕｐ,東京都千代田区九段北４丁目３番１１－７０３号,2020-04-30,株式会社
株式会社Ｆｒｏｚｅｎ　Ｈｅａｔ,東京都港区赤坂２丁目１２番２３－９０４号,2020-04-30,株式会社
株式会社ＧＩ　ａｕｔｏ,茨城県行方市芹沢８１１番地１,2020-04-30,株式会社
株式会社ＨＯＰＥＨＯＵＳＥ,東京都江戸川区松島３丁目１５番１６号,2020-04-30,株式会社
株式会社Ｈａｖｅ　ａ　ｎｉｃｅ　ｈｏｕｓｅ,東京都世田谷区野沢４丁目１３番３号ハウスＫ２Ｃ,2020-04-30,株式会社
株式会社ＩＤＯＭ　ＣａａＳ　Ｔｅｃｈｎｏｌｏｇｙ,東京都千代田区丸の内２丁目７番３号東京ビルディング,2020-04-30,株式会社
株式会社ＩＭ空調,福岡県福岡市西区大字飯氏９７９番地１ラフィネ周船寺１０５号,2020-04-30,株式会社
株式会社ＩＭＯＴＯ経営研究所,京都府京都市左京区高野西開町３４番地９,2020-04-30,株式会社
株式会社ＩＷＡＩ　ＩＮＴＥＲＮＡＴＩＯＮＡＬ,茨城県結城郡八千代町大字栗山２５２－８,2020-04-30,株式会社
株式会社ＪＵＵＱＵ,千葉県大網白里市南横川２２６４－８,2020-04-30,株式会社
株式会社Ｊｉｃｏｎ,愛媛県松山市南吉田町１０３４番地１,2020-04-30,株式会社
株式会社ＫＡＮＰＡＩ２４．ｃｏｍ,東京都港区芝浦３丁目１７番１１号天翔田町ビル,2020-04-30,株式会社
株式会社ＫＣＡ,東京都港区東麻布２丁目３３番１２－３０１号,2020-04-30,株式会社
株式会社ＫＪＦ,東京都多摩市鶴牧４丁目１番地１７－４,2020-04-30,株式会社
株式会社ＫＳＫ,東京都杉並区方南１丁目２６番３号ＰＡＳＥＯ代田橋３０４,2020-04-30,株式会社
株式会社ＬＡ　ＬＩＢＥＲＴＥ,東京都世田谷区駒沢２丁目１３番１２号,2020-04-30,株式会社
株式会社ＬＧＯ,埼玉県さいたま市大宮区三橋１丁目４８３番地１グランドール大宮３０６,2020-04-30,株式会社
株式会社ＬＩＬＩＣＡ,東京都世田谷区池尻３丁目２８番３号,2020-04-30,株式会社
株式会社ＬＵＬａＳ,栃木県足利市里矢場町２３７９,2020-04-30,株式会社
株式会社ＬＵＺ,東京都多摩市関戸１丁目４番３３号,2020-04-30,株式会社
株式会社ＬｉＮＱ,大阪府八尾市緑ヶ丘４丁目６７番１７号,2020-04-30,株式会社
株式会社Ｌｉｖ．Ｎ,滋賀県守山市矢島町３９７９番地,2020-04-30,株式会社
株式会社Ｍカンパニー,愛知県犬山市善師野台３丁目１９番地１４,2020-04-30,株式会社
株式会社Ｍ．ｓコーポレーション,大阪府八尾市東山本町６丁目９番１４号ドラゴンハイツ２４・１１０号室,2020-04-30,株式会社
株式会社ＭＩＲ,東京都中央区八丁堀４丁目１３－１４中銀八丁堀マンシオン３０１,2020-04-30,株式会社
株式会社ＭＯＭＯ,北海道小樽市入船３丁目１６番７号,2020-04-30,株式会社
株式会社ＭＳ,東京都練馬区練馬１丁目３５番２０－２０１号,2020-04-30,株式会社
株式会社Ｍｉｎｉｔｔ,東京都世田谷区若林２丁目３４番８－６０５号,2020-04-30,株式会社
株式会社ＮＢ開発研究所,神奈川県川崎市高津区下野毛３丁目９番２号メイツ武蔵新城７０７号,2020-04-30,株式会社
株式会社ＯＮＥ－Ｈ,愛知県東海市中ノ池４丁目５番地の５,2020-04-30,株式会社
株式会社ＯＴＫ,愛知県春日井市西本町２丁目４番地１,2020-04-30,株式会社
株式会社Ｏｖｅｒｊｏｙｅｄ,東京都港区元麻布３丁目１番６－３０６号,2020-04-30,株式会社
株式会社Ｐ＆Ｐ総合戦略研究所,東京都千代田区二番町１番地番町ハイム２０６号,2020-04-30,株式会社
株式会社ＰｕＲｅＭａ,福井県福井市新田塚２丁目４５番２２号,2020-04-30,株式会社
株式会社ＱＵＮＱ,東京都目黒区青葉台３丁目２１－１２リズムハイブ中目黒１００１,2020-04-30,株式会社
株式会社ＲＯＳＥＭＥＬ,東京都世田谷区池尻３丁目１２番１０号,2020-04-30,株式会社
株式会社ＲｅｉＷｏｒｋｓ,東京都世田谷区砧８丁目２０番６号,2020-04-30,株式会社
株式会社ＳＡＭ　ＪＡＰＡＮ,埼玉県春日部市東中野字南台１９２,2020-04-30,株式会社
株式会社ＳＥＡＦＯＯＤ　ＲＡＭＥＮ　ｔｏｋｙｏ,神奈川県横浜市中区翁町１丁目５－２,2020-04-30,株式会社
株式会社ＳＥＮＳＨＡ　Ｔｅｃｈｎｏｌｏｇｉｅｓ,東京都中央区湊１丁目１３番４号１階,2020-04-30,株式会社
株式会社ＳＦＫ,東京都新宿区西新宿６丁目１７番１０号西新宿プライムビル３階,2020-04-30,株式会社
株式会社ＳＩＭＬＯＧＩ,東京都中央区銀座１丁目１５－４銀座一丁目ビル３Ｆ,2020-04-30,株式会社
株式会社ＳＩＮＫＡ　ＩＮＴＥＲＮＡＴＩＯＮＡＬ,熊本県熊本市中央区上水前寺２丁目２３番８号,2020-04-30,株式会社
株式会社ＳＯＭＥＹＡ,東京都練馬区向山１丁目７番１０－２０３号,2020-04-30,株式会社
株式会社Ｓｅｒｅｎｄｉｐｉｔｙ,東京都渋谷区千駄ヶ谷２丁目３０番４－２０２号,2020-04-30,株式会社
株式会社Ｓｍｉｌｅ,滋賀県大津市茶が崎４番１－１０２６号,2020-04-30,株式会社
株式会社Ｓｕｐｅｒｂｙ,埼玉県日高市大字原宿３５０番地２９,2020-04-30,株式会社
株式会社ＴＨ,福岡県宗像市田久４丁目１番１５号,2020-04-30,株式会社
株式会社ＴＩＭＥ,東京都江東区三好４丁目６番１７号,2020-04-30,株式会社
株式会社ＴＫ　Ｃｏｎｓｕｌｔｉｎｇ,神奈川県横浜市中区立野５７番地３６,2020-04-30,株式会社
株式会社Ｔｏ．Ｂｒｉｄｇｅ,大阪府大阪市城東区今福東１丁目８番１５－１１０１号,2020-04-30,株式会社
株式会社ＵＫパートナーズ,神奈川県川崎市中原区中丸子１３５番地１アールスタイルズ武蔵小杉ＷＥＳＴ４０１,2020-04-30,株式会社
株式会社Ｙ’ｓ　Ｄｅｓｉｇｎ,兵庫県姫路市夢前町前之庄１２３５番地６,2020-04-30,株式会社
株式会社Ｙ　ＳＱＵＡＲＥ,東京都港区海岸１丁目１４番１７－１４０４号,2020-04-30,株式会社
株式会社ＹＮＧ,宮城県仙台市宮城野区福住町７番地の１４,2020-04-30,株式会社
株式会社ＺＡＩＮＡＳ,兵庫県西宮市鷲林寺２丁目９番３０号,2020-04-30,株式会社
株式会社ｄｏｋｉ　ｄｏｋｉ,東京都世田谷区池尻３丁目１番１号,2020-04-30,株式会社
株式会社ｅａｒｔｈｆｕｌ,沖縄県中頭郡北中城村字渡口１８６８番地Ｔ－２６,2020-04-30,株式会社
株式会社ｇｉｎｚａｐｌｕｓ,東京都中央区銀座４丁目８番１４号陽光銀座ビル５階,2020-04-30,株式会社
株式会社ｍａ－ｈａ－ｎａ．,静岡県浜松市中区神明町２２３番地の３４,2020-04-30,株式会社
株式会社ｓａｕｒｅｃｔ,神奈川県横浜市西区久保町５－１５大河内ビル２０２,2020-04-30,株式会社
核酸山形合同会社,山形県米沢市駅前３丁目１番９０－１０号９０３号室,2020-04-30,合同会社
楠田株式会社,神奈川県相模原市南区東林間８丁目２番１－２０２号シエロ東林間,2020-04-30,株式会社
楽膳株式会社,静岡県浜松市中区城北２丁目１４番３号,2020-04-30,株式会社
歌って踊れる株式会社,群馬県渋川市八木原１１０２番地２,2020-04-30,株式会社
沖縄盛隆株式会社,沖縄県沖縄市高原５丁目３番７号２階,2020-04-30,株式会社
特定非営利活動法人熊猫博雅学苑,東京都江東区有明１丁目５番２－５１３号,2020-04-30,その他の設立登記法人
玉野魚市場株式会社,岡山県玉野市宇野１丁目７番５号,2020-04-30,株式会社
瑞穂コンサルティング株式会社,東京都江戸川区中葛西６丁目１２番１７号,2020-04-30,株式会社
環境リサイクル株式会社,和歌山県紀の川市粉河７０７番地１,2020-04-30,株式会社
町太化学株式会社,東京都千代田区東神田２丁目６番７号６０８号室,2020-04-30,株式会社
畳工房マルヤマ株式会社,長野県長野市大字風間１１８０番地,2020-04-30,株式会社
研和工業株式会社,三重県鈴鹿市伊船町２０１４番地の７,2020-04-30,株式会社
篠束商店合同会社,愛知県豊川市伊奈町舞々辻１１２番地１２１,2020-04-30,合同会社
葵技装株式会社,千葉県流山市流山８丁目１２５６番地の４,2020-04-30,株式会社
藤代商店合同会社,岩手県一関市室根町折壁字新舘前１９０番地２,2020-04-30,合同会社
藤真コンサル株式会社,東京都三鷹市下連雀７丁目１４番２１－３０９号,2020-04-30,株式会社
行政書士法人あい事務所,福島県会津若松市中央２丁目１番１０号あいグループ２階,2020-04-30,その他の設立登記法人
衛東株式会社,千葉県千葉市中央区弁天３丁目１１番１１号,2020-04-30,株式会社
野田建設株式会社,福岡県糸島市二丈吉井３８１５番地１６３,2020-04-30,株式会社
青葉パートナーズ株式会社,宮城県仙台市青葉区中山吉成２丁目４－２２－２０１,2020-04-30,株式会社
４６株式会社,大阪府大阪市都島区片町１丁目９番４０号３階,2020-04-30,株式会社
ＢＥＬＬ合同会社,東京都墨田区太平２丁目１３番８－２０２号,2020-04-30,合同会社
ＢＦエンターテインメント株式会社,東京都港区赤坂１丁目１番１７号,2020-04-30,株式会社
ＣｏｍｐｌｉａｎｃｅＡｓｉａ　Ｃｏｎｓｕｌｔｉｎｇ株式会社,東京都千代田区丸の内３丁目２番２号丸の内二重橋ビル２階,2020-04-30,株式会社
ＤＩＡＬＡＮＤ合同会社,東京都葛飾区奥戸６丁目２５番３号,2020-04-30,合同会社
ＦＵＴＵＲＥ合同会社,北海道札幌市中央区北六条西２６丁目５番３２号ル・ファール北円山Ａ号室,2020-04-30,合同会社
ＦａｉｔＨ．株式会社,東京都府中市八幡町２丁目２７番１６号,2020-04-30,株式会社
Ｆｏｒｅｖｅｒ　Ｗｅｌｌ株式会社,東京都世田谷区代沢４丁目３０番８号,2020-04-30,株式会社
ＧＯＯＤ　ＢＲＩＤＧＥ合同会社,熊本県熊本市東区尾ノ上４丁目１番２１号尾ノ上オフィス２号室,2020-04-30,合同会社
Ｇｒｅｅｎ　Ｖｉｌｌａｇｅ株式会社,京都府京都市北区大北山原谷乾町１０６番地４８,2020-04-30,株式会社
Ｉ’ｍ　ｂ合同会社,千葉県浦安市美浜１丁目５番１０６号,2020-04-30,合同会社
ＩＣＵ　Ｍｅｄｉｃａｌ，Ｉｎｃ．,東京都千代田区丸の内１丁目１１番１号パシフィックセンチュリープレイス８階,2020-04-30,外国会社等
ＩＪＣコーポレーション日本合同会社,東京都板橋区東山町３４－５,2020-04-30,合同会社
ＪＡＹＡＭＵＴＨＵ　ＥＮＴＥＲＰＲＩＳＥＳ　ＰＶＴ　ＬＴＤ,千葉県千葉市若葉区金親町５００番地３－１０,2020-04-30,外国会社等
Ｋ・パートナーズ株式会社,沖縄県那覇市首里大名町３丁目９６番地１レーヴ首里石嶺本通り９０２,2020-04-30,株式会社
ＫＡＬＭＡ合同会社,埼玉県川口市上青木２丁目６番３３号,2020-04-30,合同会社
ＫＥＮ合同会社,栃木県宇都宮市馬場通り３丁目４番７号宇都宮ピークス１２０１,2020-04-30,合同会社
Ｌｕｃｋｙ祝株式会社,千葉県千葉市花見川区花見川６番１４棟３１０号,2020-04-30,株式会社
Ｍ＆Ａ事業承継株式会社,愛知県名古屋市中区東桜２丁目２２番１８号,2020-04-30,株式会社
ＭＡＳ株式会社,東京都世田谷区深沢７丁目１８－２６,2020-04-30,株式会社
ＭＲＫ－３ｉｎｎｏｖａｔｉｏｎ株式会社,群馬県前橋市住吉町１丁目４番１号河ビル２Ｆ,2020-04-30,株式会社
ＮＫホールディングス株式会社,大阪府豊中市緑丘４丁目３４番１号,2020-04-30,株式会社
ＰＢＯ合同会社,東京都港区新橋２丁目１２番５号９Ｆ,2020-04-30,合同会社
ＰＩＴ合同会社,東京都港区新橋２丁目１２番５号９Ｆ,2020-04-30,合同会社
ＲＴＯ株式会社,東京都世田谷区代田６丁目８番３２号,2020-04-30,株式会社
Ｒａ－ｓｈｉ－ｋｕ合同会社,東京都杉並区高円寺南３丁目３０番１１号,2020-04-30,合同会社
Ｓホールディングス株式会社,東京都世田谷区駒沢３丁目２番１号,2020-04-30,株式会社
ＳＴＦＪ株式会社,東京都新宿区西新宿７丁目５－５,2020-04-30,株式会社
ＳＶ合同会社,宮崎県宮崎市田野町乙１０６９８番地１７,2020-04-30,合同会社
ＴＥＰＣＯライフサービス分割承継準備株式会社,東京都千代田区神田須田町１丁目１４番地－１,2020-04-30,株式会社
Ｔｈｅ　Ｃｒｅｗ　Ｎｅｔｗｏｒｋ合同会社,熊本県上天草市松島町阿村２３０番地１,2020-04-30,合同会社
Ｔｏｋｉｗａｎｏ＆Ｃｏｍｐａｎｙ株式会社,東京都港区港南２丁目１６－１品川イーストワンタワー,2020-04-30,株式会社
ＵＲＵ合同会社,大阪府大阪市北区梅田１丁目１１番４－１０００号,2020-04-30,合同会社
ＶＧプラス合同会社,大阪府大阪市浪速区下寺２丁目６－１９ヴィラ松井４Ｃ,2020-04-30,合同会社
ＷＡＬＬ　ＳＨＡＲＥ株式会社,大阪府大阪市此花区伝法６丁目１番６５－３２５号,2020-04-30,株式会社
ｉＨｏｕｓｅ不動産販売株式会社,大阪府大阪市中央区南船場３丁目４番２６号出光ナガホリビル５階東,2020-04-30,株式会社
ｎｉｋｉｏＯ株式会社,大阪府大阪市北区角田町８－４７阪急グランドビル２０Ｆ,2020-04-30,株式会社
