法人名,住所,設立日,法人種別
うすき農尊協同組合,大分県臼杵市野津町大字野津市２１２０－１,2017-03-01,その他
げんき大崎館かざまち,和歌山県海南市下津町大崎８３３－５,2017-03-01,その他
まごころ技研株式会社,福岡県福岡市東区香住ケ丘４丁目４０番１８号,2017-03-01,株式会社
アイソリューションズ株式会社,埼玉県秩父市黒谷２３４番地２,2017-03-01,株式会社
アルファ合同会社,埼玉県児玉郡神川町大字二ノ宮１７８,2017-03-01,合同会社
エイトビルディング株式会社,大阪府大阪市北区同心２丁目１５番１０号,2017-03-01,株式会社
エステル株式会社,大阪府大阪市浪速区塩草３丁目８－８－３０２号,2017-03-01,株式会社
エヌエイチシーホテルマネジメント株式会社,東京都中央区日本橋浜町２丁目２９番２号,2017-03-01,株式会社
エムプランニング株式会社,埼玉県さいたま市見沼区春野１丁目５番２－１０２号,2017-03-01,株式会社
エーアンドエス株式会社,岡山県苫田郡鏡野町山城１０１５番地,2017-03-01,株式会社
オオタカ株式会社,栃木県さくら市蒲須坂１０００番地,2017-03-01,株式会社
カン株式会社,東京都調布市多摩川５丁目２７－９ファミリア共栄１Ｆ,2017-03-01,株式会社
キャンサープロテクト株式会社,福岡県福岡市中央区天神１丁目１１番１７号,2017-03-01,株式会社
キューディーアセット株式会社,千葉県市川市市川１丁目４番１０号市川ビル８階,2017-03-01,株式会社
クラバキッチン株式会社,東京都新宿区高田馬場４丁目９番１１藤和高田馬場コープⅡ３０７号,2017-03-01,株式会社
クラブしらさぎ,東京都江戸川区東小松川４丁目５０－１都立白鷺特別支援学校内,2017-03-01,その他
グランドライフ株式会社,愛知県名古屋市東区泉３丁目２８番３号ＡＰエステートビル２階,2017-03-01,株式会社
コットンキャンディ株式会社,東京都渋谷区円山町９番１０－６０３号春富久井ビル,2017-03-01,株式会社
シャイングレイス・アセット合同会社,東京都新宿区市谷仲之町４番１６号,2017-03-01,合同会社
ショウエイテック株式会社,兵庫県加古川市加古川町南備後１７５－３,2017-03-01,株式会社
スミカフィールド株式会社,東京都三鷹市野崎２丁目３番１８号,2017-03-01,株式会社
ソリッド合同会社,東京都世田谷区松原２丁目１８番１５号ハイツひろ２－１０５,2017-03-01,合同会社
タケシ塗建株式会社,兵庫県尼崎市武庫川町１丁目１１番１７号,2017-03-01,株式会社
テクニカル・ソリューション株式会社,東京都豊島区南大塚３丁目４３番１２号高原ビル４階,2017-03-01,株式会社
ディグニティ株式会社,東京都江東区有明１丁目４番２０号,2017-03-01,株式会社
トラベルトランポ株式会社,北海道札幌市清田区平岡三条３丁目３０番７号,2017-03-01,株式会社
トータルシステート株式会社,北海道札幌市白石区南郷通３丁目南７番１７号,2017-03-01,株式会社
ネクストビル合同会社,東京都渋谷区代々木２丁目２３－１－６０５,2017-03-01,合同会社
ネクストリアルティ株式会社,東京都港区南青山２丁目２２番１４号,2017-03-01,株式会社
パッチワーク合同会社,北海道帯広市西十七条北２丁目１９－１８,2017-03-01,合同会社
ヒノデ第一交通株式会社,神奈川県横浜市保土ケ谷区東川島町１９番１６,2017-03-01,株式会社
フレンドセブン合同会社,茨城県笠間市柏井３７０番地,2017-03-01,合同会社
ベニシス株式会社,東京都足立区東六月町１１番４５号,2017-03-01,株式会社
ライトハウス合同会社,栃木県足利市堀込町２９１２番地１４,2017-03-01,合同会社
ライフビーンズ株式会社,愛知県名古屋市東区出来町３丁目１３番１１号,2017-03-01,株式会社
ラ・ピリッシュ合同会社,香川県高松市栗林町１丁目１２番１２号,2017-03-01,合同会社
レガコークス合同会社,福岡県大野城市南ケ丘２丁目２２番３－２０３号,2017-03-01,合同会社
ヴェルソーナス株式会社,東京都港区高輪１丁目２２番３号,2017-03-01,株式会社
一成建設株式会社,千葉県船橋市二子町５４４番地４,2017-03-01,株式会社
一般社団法人いちから,熊本県熊本市東区尾ノ上３丁目１３番９３号,2017-03-01,その他の設立登記法人
一般社団法人さがらウィメンズヘルスケアグループ,鹿児島県鹿児島市新屋敷町２７番３号讃岐ビル４０３号,2017-03-01,その他の設立登記法人
一般社団法人ゆいいきる,宮城県石巻市十八成浜大嵐山４番地２１１,2017-03-01,その他の設立登記法人
一般社団法人イソ谷,京都府京都市左京区粟田口鳥居町４９番地１ブリリア京都岡崎２０３号,2017-03-01,その他の設立登記法人
一般社団法人エイベット,大阪府松原市天美東８丁目９番２７号,2017-03-01,その他の設立登記法人
一般社団法人シェイプボクシング協会,神奈川県横浜市都筑区中川中央１丁目３番３－１００４号,2017-03-01,その他の設立登記法人
一般社団法人パインヒルコーポレーション,東京都新宿区下宮比町１番４号,2017-03-01,その他の設立登記法人
一般社団法人京都リゾーツリアルティホールディング,東京都港区虎ノ門３丁目２２番１０－２０１号,2017-03-01,その他の設立登記法人
一般社団法人介護事業サポートきらん,愛知県名古屋市南区柵下町３丁目４７番地,2017-03-01,その他の設立登記法人
一般社団法人全国食肉製品文化協会,静岡県富士市南松野２０６６番地の１,2017-03-01,その他の設立登記法人
一般社団法人南石堂Ａ－１地区優良建築物整備事業組合,長野県長野市大字南長野南石堂町１４２３番地,2017-03-01,その他の設立登記法人
一般社団法人国際霊主体従協会,神奈川県相模原市南区相南３丁目１０番１２号,2017-03-01,その他の設立登記法人
一般社団法人日本のこころ平安協会,東京都豊島区南大塚２丁目４０番１号大塚中央ビルＲＳ５０１,2017-03-01,その他の設立登記法人
一般社団法人日本モテ男協会,東京都世田谷区上祖師谷２丁目３２番１２号,2017-03-01,その他の設立登記法人
一般社団法人日本拳法競技連盟,静岡県静岡市駿河区高松２丁目８番１８号,2017-03-01,その他の設立登記法人
一般社団法人日本潜在能力クリエイト協会,東京都港区高輪１丁目５番１８号,2017-03-01,その他の設立登記法人
一般社団法人熊谷市観光協会,埼玉県熊谷市宮町２丁目９５番地,2017-03-01,その他の設立登記法人
一般社団法人長野県ラグビーフットボール協会,長野県下伊那郡喬木村７８８番地,2017-03-01,その他の設立登記法人
一般社団法人Ａｓｉａ－Ｐａｃｉｆｉｃ　Ｎｅｕｒａｌ　Ｎｅｔｗｏｒｋ　Ｓｏｃｉｅｔｙ,東京都町田市玉川学園６丁目１番１号,2017-03-01,その他の設立登記法人
一般社団法人ＭＩＹＡＤＡ村人ＴＥＲＲＡＣＥ,長野県上伊那郡宮田村３２４７番地３,2017-03-01,その他の設立登記法人
一般社団法人ＭＵＣＨＵ,東京都港区新橋６丁目１８番３号,2017-03-01,その他の設立登記法人
一般社団法人ＯＭ会,大阪府東大阪市本庄西３丁目７番４号,2017-03-01,その他の設立登記法人
一般社団法人ＱＰ,大阪府大阪市住之江区新北島４丁目３番４４号,2017-03-01,その他の設立登記法人
一般社団法人ＳＨＩＰ,兵庫県姫路市飾磨区清水５１番地８０３,2017-03-01,その他の設立登記法人
一般財団法人みらいＲＩＴＡ,東京都港区白金台３丁目１９－６白金台ビル５階,2017-03-01,その他の設立登記法人
一般財団法人ＡｌｌＷａｙｓ国際文化教育財団,群馬県沼田市岡谷町１１２９番地３,2017-03-01,その他の設立登記法人
三友株式会社,茨城県龍ケ崎市南が丘６丁目２番地６,2017-03-01,株式会社
三鑫合同会社,茨城県牛久市南７丁目２２番地７,2017-03-01,合同会社
亀岡市大井町南部土地区画整理組合,京都府亀岡市大井町並河１丁目２１番１号,2017-03-01,その他
今井工業株式会社,愛知県春日井市八田町６丁目５番地２,2017-03-01,株式会社
今井撮影事務所株式会社,東京都世田谷区梅丘１丁目４５番１号イントランス梅丘ヒルズ１０１,2017-03-01,株式会社
兜岩合同会社,東京都中央区日本橋兜町１７番２号兜町第６葉山ビル４階,2017-03-01,合同会社
共進合同会社,東京都八王子市泉町１２７１番地８,2017-03-01,合同会社
労働保険事務組合　岡田労務事務所,大阪府大阪市東成区大今里３丁目１２－２６,2017-03-01,その他
北陽建設株式会社,鳥取県米子市両三柳３８６４番地１,2017-03-01,株式会社
医療法人さくらこどもクリニック,長野県佐久市佐久平駅北１８番地１,2017-03-01,その他の設立登記法人
医療法人古川歯科クリニック,鹿児島県鹿児島市光山１丁目６番１７号,2017-03-01,その他の設立登記法人
医療法人社団これのの会,東京都目黒区祐天寺１丁目２２番５号エムワイビル１階,2017-03-01,その他の設立登記法人
医療法人社団はなみずき,東京都新宿区四谷１丁目１５番地１階,2017-03-01,その他の設立登記法人
医療法人社団遥颯会,東京都江東区北砂２丁目１７番１号アリオ北砂２階,2017-03-01,その他の設立登記法人
医療法人社団Ｗｅｓｔ　Ｆｉｅｌｄ,東京都目黒区柿の木坂１丁目３４番２０号１階,2017-03-01,その他の設立登記法人
医療法人花桜会,熊本県熊本市南区城南町さんさん１丁目６番２号,2017-03-01,その他の設立登記法人
合同会社みずほ,千葉県木更津市清見台南３丁目４番１１号,2017-03-01,合同会社
合同会社アップストリーム,神奈川県横浜市南区南太田１丁目４番２３号３０２号室,2017-03-01,合同会社
合同会社アンティーク,北海道札幌市西区琴似四条３丁目２番４８号ヴィヴィ１０６号,2017-03-01,合同会社
合同会社ウェルネスオープンリビングラボ,大阪府大阪市阿倍野区旭町１丁目４番３号,2017-03-01,合同会社
合同会社エナジーバンク,茨城県つくば市大角豆２０１２番地３３ハートフルコート１－１０１号室,2017-03-01,合同会社
合同会社グランフォレスト,東京都新宿区新宿２丁目１２番１３号新宿アントレサロンビル２階,2017-03-01,合同会社
合同会社ケイアールエイ,北海道札幌市東区北二十条東１３丁目２番１１－３０１号,2017-03-01,合同会社
合同会社ケーテック,栃木県大田原市新富町３丁目１６番１１号,2017-03-01,合同会社
合同会社シルバーライントレーディングジャパン,千葉県市川市広尾１丁目１３番５－３０２号（メイプルマンションⅡ）,2017-03-01,合同会社
合同会社シングル,北海道亀田郡七飯町大中山２丁目４番１６号,2017-03-01,合同会社
合同会社ゼファー,長崎県長崎市赤迫３丁目８番７号メゾン・ド・赤迫２０１,2017-03-01,合同会社
合同会社ソラテック,東京都江戸川区松江２丁目１５番１２号６０８号室,2017-03-01,合同会社
合同会社バンパー・クロップス,東京都中央区東日本橋２丁目２１－１,2017-03-01,合同会社
合同会社フォルツ,栃木県宇都宮市栄町３番３号１階,2017-03-01,合同会社
合同会社ブロス,東京都世田谷区成城９丁目５番３号,2017-03-01,合同会社
合同会社ホワイトナイト,兵庫県芦屋市業平町２－１０芦屋濱口ビル１Ｆ,2017-03-01,合同会社
合同会社ボディメイクラボ,東京都港区北青山２丁目７番地２０猪瀬ビル２Ｆ,2017-03-01,合同会社
合同会社ライフウィル,東京都港区浜松町２丁目２番１５号,2017-03-01,合同会社
合同会社ラフ,愛知県名古屋市名東区梅森坂５丁目２０８番地（エクレール梅森坂１０５号）,2017-03-01,合同会社
合同会社ローマ,千葉県柏市中原１丁目２１番１２号,2017-03-01,合同会社
合同会社三文堂,福岡県福岡市博多区住吉４丁目２８番１６号,2017-03-01,合同会社
合同会社上原総合事務所,大阪府大阪市西淀川区姫島３丁目１４番５－３号,2017-03-01,合同会社
合同会社光輝,北海道函館市大川町１番９１－１０１号,2017-03-01,合同会社
合同会社六本木四丁目開発,東京都千代田区霞が関３丁目２番５号,2017-03-01,合同会社
合同会社内湾南町商店街,宮城県気仙沼市浜見山１番１号,2017-03-01,合同会社
合同会社千葉ごはん,栃木県足利市西宮町３００３番地１グリーンヒル西宮Ａ２０３,2017-03-01,合同会社
合同会社友心町家,京都府京都市上京区真盛町７４２番地５上七軒グローバル京町家,2017-03-01,合同会社
合同会社定山渓ホテルインターナショナル,北海道札幌市南区定山渓温泉西４丁目３４０番１,2017-03-01,合同会社
合同会社岩佐商店,徳島県那賀郡那賀町百合字石橋５００番地３,2017-03-01,合同会社
合同会社延西,宮崎県延岡市野地町３丁目３４５６番地,2017-03-01,合同会社
合同会社泰幸総建,福島県いわき市平下神谷字下川原４３番地の２,2017-03-01,合同会社
合同会社深田興行,千葉県木更津市真舟１丁目１２番４号,2017-03-01,合同会社
合同会社荒木工業,千葉県市原市菊間１４４９番地２,2017-03-01,合同会社
合同会社静心閣,東京都墨田区八広４丁目３０番４号１階,2017-03-01,合同会社
合同会社高輪アセットマネジメント,東京都港区高輪２丁目１４番１７号グレイス高輪ビル,2017-03-01,合同会社
合同会社魚見,鹿児島県鹿児島市荒田２丁目３６番１１号,2017-03-01,合同会社
合同会社鹿田商事,兵庫県姫路市船津町５２３９－３,2017-03-01,合同会社
合同会社２０２５パートナーズ,千葉県四街道市めいわ３丁目１８番１号,2017-03-01,合同会社
合同会社ＡＲＩＹＡコーポレーション,埼玉県川越市連雀町８番４号,2017-03-01,合同会社
合同会社ＩＩＤＡ,長野県飯田市上郷飯沼１５６４番地,2017-03-01,合同会社
合同会社ＪＲＥ遠野,東京都港区六本木６丁目２番３１号六本木ヒルズノースタワー１５階,2017-03-01,合同会社
合同会社Ｌ＆Ｒカンパニー,東京都世田谷区奥沢５丁目１番１１号メゾンドジョワ２０２,2017-03-01,合同会社
合同会社ＬＦＰ,愛知県あま市本郷柿ノ木２６番地,2017-03-01,合同会社
合同会社Ｌｅ　ｒｅｐａｓ,埼玉県さいたま市見沼区東大宮７丁目４１番地１４,2017-03-01,合同会社
合同会社ＭＩＹＡＪＩＭＡ,静岡県浜松市北区三ヶ日町三ヶ日９００番地の１９,2017-03-01,合同会社
合同会社Ｍｏｏｓｅ　Ｆｉｌｍｓ,東京都世田谷区松原３丁目１７－９ボンドミュール２０２,2017-03-01,合同会社
合同会社ＮＡＮＡＩＲＯ,東京都西東京市田無町２丁目１６番１５－６０２号,2017-03-01,合同会社
合同会社ＯＦＡ,神奈川県相模原市南区上鶴間本町２丁目３１番１４号,2017-03-01,合同会社
合同会社ＴｈｉｒｄＰｌａｃｅ,愛知県名古屋市北区大杉１丁目１３番１３号,2017-03-01,合同会社
合同会社ＷＩＳＤＯＭ,東京都港区東麻布２丁目１１番１３号ＢＯＡビル６０１号室,2017-03-01,合同会社
合同会社ｄｒａｗｅｒ,東京都江東区東雲１丁目９番１１－４１８号,2017-03-01,合同会社
合同会社ｇｒｙｔｔｅ,栃木県足利市中川町３７１０番地２,2017-03-01,合同会社
合名会社スペースアサイン,東京都葛飾区四つ木２丁目３番３－６０２号,2017-03-01,合名会社
合資会社リブアイ,福島県郡山市並木３丁目６番１１号アポロビル,2017-03-01,合資会社
合資会社上野養鶏所,福島県いわき市平字大町２５番ノ２,2017-03-01,合資会社
吉野川食品合同会社,徳島県徳島市南二軒屋町石井利１３３９番地３,2017-03-01,合同会社
坂城葡萄酒醸造株式会社,長野県埴科郡坂城町大字坂城９５７８番地１,2017-03-01,株式会社
安西資産管理株式会社,東京都港区西新橋１丁目２番９号日比谷セントラルビル１４階,2017-03-01,株式会社
帯勝アシスト株式会社,埼玉県さいたま市北区土呂町２丁目８０番地２,2017-03-01,株式会社
建凛株式会社,埼玉県草加市青柳３丁目６番２２号,2017-03-01,株式会社
建材分析株式会社,富山県魚津市東山１８１８番地,2017-03-01,株式会社
心義商会合同会社,東京都足立区千住中居町１９番１０号,2017-03-01,合同会社
成信合同会社,東京都豊島区東池袋２丁目６３番１号東池袋パレス７０１,2017-03-01,合同会社
日光ゼニス一般社団法人,東京都千代田区丸の内３丁目１番１号東京共同会計事務所内,2017-03-01,その他の設立登記法人
日本ロジシス株式会社,東京都中央区銀座８丁目１７番５号,2017-03-01,株式会社
日本産業株式会社,栃木県宇都宮市野沢町４５１－１６,2017-03-01,株式会社
明鈺株式会社,福岡県福岡市博多区東比恵２丁目１７－２３,2017-03-01,株式会社
有限会社美容室パリー,千葉県千葉市中央区長洲２丁目２１番１１号,2017-03-01,有限会社
松浦建設株式会社,栃木県那須塩原市一区町２８１番地１３０,2017-03-01,株式会社
株式会社あんしん堂,岡山県総社市中央３丁目１４番１１５,2017-03-01,株式会社
株式会社つながりと絆,大阪府大阪市東淀川区豊里４丁目８－２３第３高光マンション５０７,2017-03-01,株式会社
株式会社とり啓,愛知県一宮市三条字山３番地１サンプラザ２１・１０３号,2017-03-01,株式会社
株式会社にしやま商店,和歌山県和歌山市松江東２丁目１番１４号,2017-03-01,株式会社
株式会社のりニシキ,福岡県大川市大字下牟田口１２３番地,2017-03-01,株式会社
株式会社みわ観光タクシー,秋田県雄勝郡羽後町大久保字家妻８２番地１,2017-03-01,株式会社
株式会社わんずやーど,東京都新宿区早稲田鶴巻町５３８番地,2017-03-01,株式会社
株式会社アイムサポート,北海道札幌市豊平区平岸四条８丁目９番１９号,2017-03-01,株式会社
株式会社アガルートゼミナール,東京都新宿区新小川町５番５号,2017-03-01,株式会社
株式会社アガルートパブリッシング,東京都新宿区新小川町５番５号,2017-03-01,株式会社
株式会社アスウィン,埼玉県川口市飯塚１丁目６番１０号プレビュー川口２０７,2017-03-01,株式会社
株式会社アッティ,兵庫県神戸市中央区中山手通１丁目５番６号東門ＦＢＩビル,2017-03-01,株式会社
株式会社アップデイト・サムシング,宮崎県宮崎市錦本町３番４１－１号,2017-03-01,株式会社
株式会社アップルパーク沖縄,沖縄県那覇市銘苅３丁目１番３８号,2017-03-01,株式会社
株式会社アトン,東京都江戸川区西小岩５丁目１９番１０－Ａ棟１０１号,2017-03-01,株式会社
株式会社アミュゼ,神奈川県横浜市瀬谷区相沢７丁目８番地５,2017-03-01,株式会社
株式会社アーク,東京都江戸川区東葛西８丁目３番３０号,2017-03-01,株式会社
株式会社アートマネージメント,大阪府大阪市西区阿波座１丁目１４番４号サインカンパニービル２０２号,2017-03-01,株式会社
株式会社インターシンク,東京都渋谷区神宮前５丁目５２番２号,2017-03-01,株式会社
株式会社インターバル,兵庫県神戸市中央区磯辺通４丁目１番２８号,2017-03-01,株式会社
株式会社イープレス,東京都東久留米市氷川台２丁目３４番１４号,2017-03-01,株式会社
株式会社イーホライズン沖縄,沖縄県豊見城市字豊見城５００番地２－Ａ棟１０５号,2017-03-01,株式会社
株式会社ウォーターワークス,福岡県福岡市博多区春町２丁目８番９－２０１号,2017-03-01,株式会社
株式会社エステート、バリエーション,福岡県福岡市博多区冷泉町１番３－７１０号,2017-03-01,株式会社
株式会社エチカワ,福岡県筑紫野市天拝坂１丁目９番１号,2017-03-01,株式会社
株式会社エックス,大阪府大阪市中央区本町橋５番１４号,2017-03-01,株式会社
株式会社エムズ・アセット・パートナーズ,東京都新宿区新宿５丁目１１番４号,2017-03-01,株式会社
株式会社エルプラス,千葉県市川市北方２丁目３３番１６号,2017-03-01,株式会社
株式会社オンプランニング,千葉県千葉市緑区おゆみ野２丁目１７番地３－２０３,2017-03-01,株式会社
株式会社カクシン,福岡県筑紫野市大字吉木１６５１番地１,2017-03-01,株式会社
株式会社カズ防水,熊本県上益城郡益城町大字古閑５１番地６６,2017-03-01,株式会社
株式会社カンティーナ大木,大阪府泉大津市小松町７番１８号,2017-03-01,株式会社
株式会社クラスアクト,東京都渋谷区幡ヶ谷３丁目３９番１２号渋谷ウェストビル１階,2017-03-01,株式会社
株式会社クールジャパントラベル,東京都文京区西片１丁目１７番８号,2017-03-01,株式会社
株式会社グランプラス,栃木県足利市堀込町２５１８番地８,2017-03-01,株式会社
株式会社グリーンハウス,千葉県船橋市咲が丘４丁目２１番３号,2017-03-01,株式会社
株式会社グローリー,愛知県名古屋市緑区亀が洞２丁目５１５番地,2017-03-01,株式会社
株式会社シュンキイーピー,埼玉県坂戸市緑町２番２号,2017-03-01,株式会社
株式会社シーランド,福岡県糸島市荻浦５３４番地１７,2017-03-01,株式会社
株式会社ジェネシスジャパン,千葉県船橋市本中山５丁目４番２０号,2017-03-01,株式会社
株式会社スタッフアイ,新潟県見附市耳取町７７７番地,2017-03-01,株式会社
株式会社スプソリジャパン,埼玉県上尾市今泉１丁目１番地５,2017-03-01,株式会社
株式会社セイテン,神奈川県平塚市山下２８番地の１クレール山下１０６号,2017-03-01,株式会社
株式会社セイフリィ,奈良県香芝市田尻４３１番地４,2017-03-01,株式会社
株式会社ゼロベーススタイル,千葉県流山市東初石１丁目１５８番地の１,2017-03-01,株式会社
株式会社ツルギ,千葉県袖ケ浦市代宿８５番地６,2017-03-01,株式会社
株式会社ティー・スリー,東京都青梅市河辺町６丁目３番２７,2017-03-01,株式会社
株式会社トイボックスエージェント,東京都武蔵野市境１丁目２０番３３号,2017-03-01,株式会社
株式会社トータルリンク,鹿児島県鹿児島市五ヶ別府町３３５１番地８（１０５）,2017-03-01,株式会社
株式会社ナカジマ建装,埼玉県志木市上宗岡４丁目１０番４３号,2017-03-01,株式会社
株式会社ナベプロ,東京都練馬区貫井４丁目１４番１８－２０２号,2017-03-01,株式会社
株式会社バイエルン,北海道札幌市中央区南七条東１丁目１番地２－１２０３,2017-03-01,株式会社
株式会社パインズガーデン,千葉県匝瑳市飯倉台１９番地１４町家テラス２０２,2017-03-01,株式会社
株式会社ビィーンズ,広島県広島市中区東白島町１９番８７－５０６号,2017-03-01,株式会社
株式会社ファーストプロパティマネージメント,東京都港区西新橋１丁目２番９号,2017-03-01,株式会社
株式会社フィクシル,新潟県新潟市中央区新光町１７番地,2017-03-01,株式会社
株式会社フォニム,東京都中央区日本橋小舟町６番地１７号,2017-03-01,株式会社
株式会社フライングバード,千葉県船橋市坪井東３丁目１０番１号グランソシア船橋芽吹の杜１４１０号,2017-03-01,株式会社
株式会社フラット,福岡県福岡市西区大字田尻６８５番地１,2017-03-01,株式会社
株式会社フルハウス,栃木県宇都宮市東宿郷５丁目１番１６号,2017-03-01,株式会社
株式会社ブルーオーシャン,滋賀県草津市大路１丁目１番１号４階,2017-03-01,株式会社
株式会社プロジェクトＫ,東京都世田谷区三軒茶屋２丁目３９番７号,2017-03-01,株式会社
株式会社プロスエーレワン,大阪府大阪市中央区城見１丁目２番２７号,2017-03-01,株式会社
株式会社ヘルセル,千葉県流山市大字東深井１７４番地の１４,2017-03-01,株式会社
株式会社マジックランプエージェンシー,愛知県豊田市東山町１丁目７番地１０,2017-03-01,株式会社
株式会社マルメロ,山形県山形市大字門伝１０３９番地の３,2017-03-01,株式会社
株式会社ミラ動物病院,東京都新宿区榎町４５番地さくらビル１Ｆ,2017-03-01,株式会社
株式会社ライフリンク,長野県長野市若里４丁目４番３号プライム若里２階,2017-03-01,株式会社
株式会社ライフレバレッジ北海道,北海道札幌市中央区南七条西１０丁目１０２７番地２５,2017-03-01,株式会社
株式会社ラテールプロモーション,栃木県宇都宮市大寛１丁目４番２９号,2017-03-01,株式会社
株式会社リブインザモーメント,宮城県仙台市青葉区小田原６丁目８番３２号,2017-03-01,株式会社
株式会社リベルケア,愛知県碧南市山神町２丁目４５番地,2017-03-01,株式会社
株式会社ワイヤリング,神奈川県横浜市泉区和泉中央南３丁目１番３４号,2017-03-01,株式会社
株式会社一流創業,兵庫県川西市東畦野山手１丁目２３番２６号,2017-03-01,株式会社
株式会社三功,東京都青梅市河辺町３丁目１１２０番地の８,2017-03-01,株式会社
株式会社中嶋金属工業,茨城県結城市大字上山川６１４２番地４,2017-03-01,株式会社
株式会社京・塗・屋,京都府京都市北区大北山原谷乾町３２番地１６,2017-03-01,株式会社
株式会社保険マスター,静岡県静岡市駿河区西中原２丁目２－４ハイコーポ西中原２０５号,2017-03-01,株式会社
株式会社光明商事,東京都練馬区東大泉１丁目２７番２０号栗原ビル２Ｆ,2017-03-01,株式会社
株式会社共同製作社,東京都港区高輪２丁目１０番２０号,2017-03-01,株式会社
株式会社勝部建設,兵庫県尼崎市武庫町１丁目２４番２２号,2017-03-01,株式会社
株式会社千葉土地建物,千葉県千葉市若葉区都賀２丁目２６番６号,2017-03-01,株式会社
株式会社向後機工,東京都江戸川区江戸川１丁目１０番地１２,2017-03-01,株式会社
株式会社坂本電気,埼玉県さいたま市岩槻区上野２丁目３番地３,2017-03-01,株式会社
株式会社富士,東京都豊島区雑司が谷２丁目３番８号,2017-03-01,株式会社
株式会社小林鉄筋工業,埼玉県吉川市関新田２丁目１８１番地,2017-03-01,株式会社
株式会社小菅電工,栃木県さくら市氏家新田９１番地１,2017-03-01,株式会社
株式会社小西商会,大阪府松原市新堂４丁目２８６番地の２,2017-03-01,株式会社
株式会社山村建設,徳島県徳島市名東町３丁目１５１番地,2017-03-01,株式会社
株式会社山進,千葉県印旛郡栄町竜角寺台６丁目１９番１号,2017-03-01,株式会社
株式会社岡本家,愛知県豊田市伊保町下川原９７番地８,2017-03-01,株式会社
株式会社巧友メンテ,茨城県土浦市白鳥町１１０６番地１,2017-03-01,株式会社
株式会社平林塗工,大阪府大阪市西淀川区佃３丁目１７番１３号,2017-03-01,株式会社
株式会社心相続,愛知県名古屋市中村区椿町１４番１３号,2017-03-01,株式会社
株式会社扶桑,埼玉県川口市大字石神６０８番地の８,2017-03-01,株式会社
株式会社文化経済教育社,神奈川県横浜市青葉区美しが丘１丁目１３番地１０－１０７号,2017-03-01,株式会社
株式会社新栄,香川県丸亀市飯山町東小川１９８５番地１７,2017-03-01,株式会社
株式会社新鮮工房芋の花,茨城県日立市金沢町１丁目１０番１０号,2017-03-01,株式会社
株式会社日本流動化サポート,大阪府大阪市北区西天満４丁目１０番３号,2017-03-01,株式会社
株式会社木香,栃木県那須塩原市西栄町９番１３号,2017-03-01,株式会社
株式会社杉大,大阪府高槻市唐崎中３丁目１８番２７号,2017-03-01,株式会社
株式会社東海企画,愛知県名古屋市中村区椿町１９番７号,2017-03-01,株式会社
株式会社松芳鉄筋,茨城県猿島郡五霞町大字元栗橋８８１番地,2017-03-01,株式会社
株式会社柊和工業,宮城県石巻市広渕字柏木前９３番地１６,2017-03-01,株式会社
株式会社津川工務店,千葉県習志野市谷津３丁目１番４１－５１８号,2017-03-01,株式会社
株式会社澁澤商事,東京都新宿区富久町１５番１－２８１４号,2017-03-01,株式会社
株式会社熊猫,岐阜県各務原市神置町３丁目３２５番地,2017-03-01,株式会社
株式会社田中要商店,長野県長野市大字鶴賀東鶴賀９番戸,2017-03-01,株式会社
株式会社百福興農,新潟県阿賀野市福井５５９番地,2017-03-01,株式会社
株式会社福山美化システム,広島県福山市新涯町６丁目８番１０号,2017-03-01,株式会社
株式会社秋コレ,東京都千代田区外神田３丁目７番３号東冷ビル３０２,2017-03-01,株式会社
株式会社秋元工業,千葉県市川市宮久保３丁目３９番２４号,2017-03-01,株式会社
株式会社紗羅,東京都千代田区内神田２丁目１２番２号このはなビル５階,2017-03-01,株式会社
株式会社荒文堂,熊本県荒尾市宮内６０７番地,2017-03-01,株式会社
株式会社蓮工業,千葉県袖ケ浦市蔵波台６丁目２２番地７１,2017-03-01,株式会社
株式会社解決本舗,愛知県愛知郡東郷町大字春木字勘右エ門新田１４番地,2017-03-01,株式会社
株式会社誠商事,埼玉県春日部市粕壁東６丁目２番５号（４０５号室）,2017-03-01,株式会社
株式会社豊南電設,大阪府豊中市小曽根１丁目５番１７号,2017-03-01,株式会社
株式会社豊玉商事,愛知県名古屋市天白区八事山４４３番地,2017-03-01,株式会社
株式会社赤玉ホールディングス,福岡県福岡市中央区西中洲１２番３３号大同生命ビル１３階,2017-03-01,株式会社
株式会社郵客ジャパン,千葉県成田市三里塚光ケ丘１番地４２９,2017-03-01,株式会社
株式会社集英堂楽器,栃木県宇都宮市馬場通り２丁目３番２８号,2017-03-01,株式会社
株式会社雷公鞭,東京都港区北青山３丁目５－６青朋ビル本館２Ｆ２１０,2017-03-01,株式会社
株式会社静岡開発,東京都渋谷区上原２丁目５番４－３０２号,2017-03-01,株式会社
株式会社１７,東京都千代田区平河町１丁目６番７号平河町ホームズ４０２号,2017-03-01,株式会社
株式会社Ａクラブ,愛知県豊橋市松葉町３丁目９１番地,2017-03-01,株式会社
株式会社Ａ＆Ｍ,埼玉県狭山市大字青柳１２４番地の１４０,2017-03-01,株式会社
株式会社ＡＲＩＳＥ　ａｎａｌｙｔｉｃｓ,東京都渋谷区渋谷２丁目２１番１号,2017-03-01,株式会社
株式会社Ｂｉｚｒｅｓ,東京都千代田区大手町１丁目５－１,2017-03-01,株式会社
株式会社ＣＯＲＯＮＥ,東京都港区愛宕１丁目３番２－１５０２号,2017-03-01,株式会社
株式会社ＣＲＩＤＥ,千葉県市原市椎津６７番地２,2017-03-01,株式会社
株式会社Ｃｌｕｂ　ＮＥＸＴ,大阪府大阪市北区梅田１丁目１１番４－１０００号大阪駅前第四ビル１０階,2017-03-01,株式会社
株式会社Ｄａｌｅｔ,東京都港区北青山３丁目６番７号青山パラシオタワー１１階,2017-03-01,株式会社
株式会社ＤｉｖｅｒＷｏｒｋｓ,神奈川県鎌倉市津１０５９番地２,2017-03-01,株式会社
株式会社Ｅｎｓｅｍｂｌｅ,静岡県静岡市駿河区高松２丁目３１番８号,2017-03-01,株式会社
株式会社Ｆ．Ｉ．Ｋ,神奈川県横浜市鶴見区元宮１丁目９番２５－４０３号,2017-03-01,株式会社
株式会社ＦＥＩＺ,東京都渋谷区道玄坂１丁目１６番６号,2017-03-01,株式会社
株式会社ＦＩＺエクスプレス,大阪府岸和田市地蔵浜町７番１６号,2017-03-01,株式会社
株式会社Ｆｌｙ　Ｈｉｇｈ,東京都練馬区豊玉中２丁目１９番１８号,2017-03-01,株式会社
株式会社ＧＯＮＺＯ,千葉県富津市金谷３８６９番地２,2017-03-01,株式会社
株式会社ＨＩＲＯ　ＧＩＮＺＡ　ＨＡＩＲ　ＳＡＬＯＮ,東京都港区芝５丁目３１番１５号センチュリー三田ビル３Ｆ,2017-03-01,株式会社
株式会社Ｈａｒｔｙ,宮城県仙台市青葉区国分町２丁目２番８号４０５号室,2017-03-01,株式会社
株式会社Ｈｍ,福岡県大牟田市岩本新町１丁目７番地５,2017-03-01,株式会社
株式会社ＩＮＴＥＲＳＴＥＬＬＡＲ,東京都あきる野市菅生５６６番地２２,2017-03-01,株式会社
株式会社ＩＴＣ,千葉県富里市七栄３５番地７９,2017-03-01,株式会社
株式会社Ｉｃｅ　Ｂｅａｒ,東京都港区白金１丁目１２番６号１００２号室,2017-03-01,株式会社
株式会社Ｊ－ＳＰＡＣＥ,京都府宇治市伊勢田町蔭田１番地の９０,2017-03-01,株式会社
株式会社ＪＩＮ　Ｃｏｒｐｏｒａｔｉｏｎ,神奈川県綾瀬市吉岡東１丁目１４番５号,2017-03-01,株式会社
株式会社Ｋ－ｇｌｏｂａｌ,栃木県足利市県町１４８７番地４,2017-03-01,株式会社
株式会社ＫＡＮＡＥＲＵ,東京都渋谷区恵比寿３丁目４０番１９号１０５,2017-03-01,株式会社
株式会社ＫＣＲイノベーション,埼玉県さいたま市南区沼影１丁目１７番４１号,2017-03-01,株式会社
株式会社ＫＩＭ,愛媛県松山市南久米町１１４番地７,2017-03-01,株式会社
株式会社ＫＭＭ,大分県大分市錦町２丁目８番１９号,2017-03-01,株式会社
株式会社ＫＲ’ｓ,東京都豊島区南池袋３丁目２２番９号ロジュマン井上２０１,2017-03-01,株式会社
株式会社ＬＩＧＨＴＦＯＲＣＥ,東京都港区六本木４丁目８番７号,2017-03-01,株式会社
株式会社ＭＡＣプラス,埼玉県川越市今成３丁目３番地３（グランバニア２０３号室）,2017-03-01,株式会社
株式会社ＭＫテック,千葉県柏市高柳８７９番地１０３,2017-03-01,株式会社
株式会社ＭＰＣ,千葉県千葉市中央区道場北２丁目３番３－３０２号,2017-03-01,株式会社
株式会社ＭＹ　ＯＮＥ　ＪＡＰＡＮ,大阪府大阪市北区西天満３丁目６番２１号,2017-03-01,株式会社
株式会社Ｍｉｎｄ　Ｏｎｅ,神奈川県川崎市幸区幸町４丁目３１番地,2017-03-01,株式会社
株式会社ＮＥＸＥＥＤ,千葉県市原市青柳７０１番地１,2017-03-01,株式会社
株式会社Ｐｏｌｙｃｒａｃｙ,東京都江東区有明３丁目７番２６号有明フロンティアビルＢ棟９階,2017-03-01,株式会社
株式会社Ｒクリエイティブ,埼玉県さいたま市大宮区仲町３丁目５０番地１,2017-03-01,株式会社
株式会社ＲＥＰＡＷＮ,茨城県つくば市東新井３２番地４ＤａｉｙａｍａＢｌｄ１－Ａ号室,2017-03-01,株式会社
株式会社ＲＩＳＩＡ,東京都練馬区早宮４丁目１３番８号,2017-03-01,株式会社
株式会社ＲＩＶＥＲＳＩＤＥ,沖縄県那覇市山下町３０番１－１１０１号,2017-03-01,株式会社
株式会社Ｒｅ－ＬｉＦＥ,東京都豊島区東池袋３丁目７番９号ＡＳＯＮＥ東池袋ビル９Ｆ,2017-03-01,株式会社
株式会社ＳＨＩＮ９,大阪府大阪市港区波除２丁目６番８号,2017-03-01,株式会社
株式会社ＳＴＬＭ,大阪府大阪市北区中崎西１丁目４番２２号梅田東ビル４Ｆ,2017-03-01,株式会社
株式会社ＳＴＭソリューション,千葉県市川市福栄３丁目１番９号,2017-03-01,株式会社
株式会社ＳＷＩＴＣＨ　Ｔ,神奈川県横浜市港北区大曽根３丁目１６番１７－５号,2017-03-01,株式会社
株式会社ＳａｎｄＢｏｘ,東京都渋谷区本町１丁目３３－７カスタリア初台Ⅱ３０８号,2017-03-01,株式会社
株式会社Ｔ－ＰＬＵＳ,埼玉県さいたま市中央区鈴谷２丁目７４４番地４,2017-03-01,株式会社
株式会社ＴＲ,千葉県市原市八幡１番地５,2017-03-01,株式会社
株式会社ＴＴ　Ｔｅｃｈ,神奈川県横浜市都筑区佐江戸町１９５６番地,2017-03-01,株式会社
株式会社ＵＭＥ,千葉県船橋市前原西２丁目１３番３号,2017-03-01,株式会社
株式会社Ｗエステート,東京都八王子市西寺方町１０１９番地４２,2017-03-01,株式会社
株式会社Ｗａ,宮崎県延岡市西階町３丁目１番地１４３,2017-03-01,株式会社
株式会社Ｗｉｌｌ　ＵＰ,千葉県習志野市袖ケ浦２丁目７番７－４０５号,2017-03-01,株式会社
株式会社Ｙ’ｓ　ＰＬＡＮＮＩＮＧ,東京都荒川区東日暮里１丁目３８番４号,2017-03-01,株式会社
株式会社ＹＡＮＡＧＩ　ＰＲＯＪＥＣＴ,岩手県盛岡市盛岡駅西通１丁目６番５－１２０６号,2017-03-01,株式会社
株式会社ＹＵＲＩＹＵＲＩ,東京都港区赤坂９丁目１番７－３６５号,2017-03-01,株式会社
株式会社ｃｌａｐｐｉｎｇ　ｈａｎｄｓ,千葉県千葉市稲毛区小中台町３６５番地９,2017-03-01,株式会社
株式会社ｅｔｙ,東京都豊島区南大塚３丁目４４番１３号－６０２,2017-03-01,株式会社
株式会社ｅｕｌ,青森県弘前市大字中野１丁目９番地１１　２階,2017-03-01,株式会社
株式会社ｍｅｋｋｅ,愛知県江南市赤童子町御宿５０番地,2017-03-01,株式会社
株式会社ｍｉｃｅｌｌｅ,福岡県福岡市中央区舞鶴２丁目４番１号,2017-03-01,株式会社
株式会社ｓｏｕｍｕ,福岡県福岡市博多区大博町３番３０号博多永久ビル５０５号,2017-03-01,株式会社
武福工業株式会社,千葉県君津市北子安１丁目３番２２号２０９,2017-03-01,株式会社
永存合同会社,東京都文京区音羽１丁目１０番４－３０４号,2017-03-01,合同会社
沖縄介護サービス協同組合,沖縄県那覇市西１丁目１６番１号,2017-03-01,その他の設立登記法人
湯前町シニア生き活き社会参画のまちづくり協議会,熊本県球磨郡湯前町１９８９－１,2017-03-01,その他
焔城合同会社,東京都文京区音羽１丁目１０番４号,2017-03-01,合同会社
熊本市南土地改良区,熊本県熊本市南区奥古閑町１９０５－１,2017-03-01,その他
特定非営利活動法人ちくみ,埼玉県八潮市大字鶴ケ曽根１２４番地,2017-03-01,その他の設立登記法人
特定非営利活動法人ぷらっとほーむ小原,広島県安芸高田市甲田町下小原３００番地２,2017-03-01,その他の設立登記法人
特定非営利活動法人ペイン・ヘルスケア・ネットワーク,神奈川県大和市西鶴間４丁目１番４号,2017-03-01,その他の設立登記法人
特定非営利活動法人先施の杜,山形県米沢市万世町片子２９５番地３号,2017-03-01,その他の設立登記法人
特定非営利活動法人日本エポワルタ協会,大阪府大阪市中央区安土町１丁目７番２０号新トヤマビル６Ｆ・ＬＷ内,2017-03-01,その他の設立登記法人
特定非営利活動法人Ｄ－ＳＵＰＰＯＲＴ　ＩＮＮＯＶＡＴＩＯＮ,大阪府箕面市坊島４丁目５番２０号,2017-03-01,その他の設立登記法人
特定非営利活動法人ＪＯＹスポーツ,埼玉県八潮市大字南後谷７６３番地７３,2017-03-01,その他の設立登記法人
特定非営利活動法人ＳＵＭＡＣ　Ｋｅｎｙａ,茨城県取手市新町６丁目２１番１６号,2017-03-01,その他の設立登記法人
石城耐火煉瓦合名会社,福島県いわき市平赤井字田中１８番地,2017-03-01,合名会社
社会保険労務士法人アイ労務行政相談所,兵庫県丹波市氷上町稲畑７６７番地,2017-03-01,その他の設立登記法人
社会福祉法人チャレンジャー支援機構,東京都小金井市本町１丁目６番１７号,2017-03-01,その他の設立登記法人
社会福祉法人悠心会,茨城県ひたちなか市大字中根３６６５番地の１,2017-03-01,その他の設立登記法人
秩父郡町村会,埼玉県秩父郡小鹿野町小鹿野８９,2017-03-01,その他
税理士法人ＡＢＣ会計事務所,大阪府堺市北区中百舌鳥町５丁７５８番地アキボウ第２ビル２Ｆ,2017-03-01,その他の設立登記法人
空地区協議会,兵庫県神戸市東灘区住吉本町２丁目１９－２２,2017-03-01,その他
茨商エコ株式会社,茨城県常総市豊岡町乙１１６０番地１０３,2017-03-01,株式会社
農事組合法人エコパル,新潟県妙高市大字田切６６３番地３６,2017-03-01,その他の設立登記法人
農事組合法人山民,秋田県湯沢市駒形町字東福寺両替３０,2017-03-01,その他の設立登記法人
農事組合法人栄農人,山梨県北杜市高根町東井出１３０３番地１,2017-03-01,その他の設立登記法人
鮫島司株式会社,鹿児島県薩摩川内市東開聞町２－５,2017-03-01,株式会社
鶴岡タクシー株式会社,山形県鶴岡市斎藤川原字林俣２１番地,2017-03-01,株式会社
３Ｊ　Ｌｉｎｅ株式会社,東京都千代田区丸の内２丁目３番２号,2017-03-01,株式会社
ＡＩインフォマティクス株式会社,東京都墨田区両国４丁目３２番１６号両国プラザビル５０４,2017-03-01,株式会社
Ａｎｂａｉ株式会社,東京都渋谷区本町１丁目１４番６号岸ハイツ２０５号,2017-03-01,株式会社
Ａｕｔｏｐｏｒｔ　Ｊａｐａｎ株式会社,東京都港区浜松町２丁目２番１５号,2017-03-01,株式会社
ＢＲＡ合同会社,埼玉県草加市原町１丁目１５番１０号,2017-03-01,合同会社
ＢＲＡＲＵＳ－Ｃｏｓｍｅｔｉｃｓ株式会社,東京都港区赤坂１丁目１２番３２号,2017-03-01,株式会社
Ｄｏｗｎ　Ｕｐ株式会社,東京都世田谷区奥沢３丁目６番５号,2017-03-01,株式会社
ＥＢｕｙ株式会社,埼玉県川越市大字竹野１４番地２,2017-03-01,株式会社
Ｅｎｗｉｓｅ　Ｉｎｔｅｒｎａｔｉｏｎａｌ株式会社,東京都台東区千束４丁目４２番５－４０２号,2017-03-01,株式会社
Ｇｒａｌｌ．ＪＡＰＡＮ株式会社,千葉県市川市南行徳１丁目１－１－２０８,2017-03-01,株式会社
Ｇｕｍ　ａｎｄ　Ｅｕｃａｌｙｐｔｕｓ株式会社,大阪府大阪市東淀川区上新庄２丁目４番１０－１３０５号,2017-03-01,株式会社
ＩＴＰ株式会社,福岡県福岡市南区大楠３丁目２３番１号,2017-03-01,株式会社
ＫＡＮＥＫＩＮ　ＦＩＴＮＥＳＳ株式会社,千葉県松戸市小金きよしケ丘１丁目２番地の２０ヌーベルハイムマルシオ３０３号,2017-03-01,株式会社
ＫＭ　Ａｓｓｏｃｉａｔｅｓ株式会社,神奈川県鎌倉市鎌倉山２丁目９番２８号,2017-03-01,株式会社
Ｋａｌｉｏ合同会社,神奈川県横浜市中区不老町１丁目２番地１,2017-03-01,合同会社
ＭＩＡＮ　ＴＲＡＤＩＮＧ株式会社,茨城県古河市中田２２５５番地１,2017-03-01,株式会社
ＭＵＮＡＬ合同会社,東京都板橋区大谷口上町４８番２－３０３号,2017-03-01,合同会社
ＮＰＯ法人地域こども包括支援センター,埼玉県越谷市越ヶ谷２丁目９番６号,2017-03-01,その他の設立登記法人
ＮＰＯ法人夢・すすむプロジェクト,福岡県筑紫郡那珂川町恵子２丁目１０番４号,2017-03-01,その他の設立登記法人
ＮＰＯ法人Ｄａｎｋｅ心と身体のデトックス研究所,兵庫県神戸市須磨区須磨浦通３丁目２番１８号,2017-03-01,その他の設立登記法人
ＯＣＢ労働組合,大阪府大阪市西区九条南２丁目３４番３号,2017-03-01,その他の設立登記法人
ＯＩＺ合同会社,東京都豊島区東池袋１丁目１７番１１号パークハイツ池袋１１０５号,2017-03-01,合同会社
Ｓ．Ｍ．Ｓ　Ｔｒａｄｉｎｇ合同会社,埼玉県所沢市西所沢２丁目９番６－１０１号,2017-03-01,合同会社
ＳＳリアルエステート合同会社,大阪府八尾市刑部２丁目２２３番地,2017-03-01,合同会社
Ｓｈｉｐ’ｓ　Ｃａｔ株式会社,埼玉県さいたま市北区植竹町１丁目１４２番地１－Ｂ１０２,2017-03-01,株式会社
ＴＣＳサービス株式会社,宮城県仙台市若林区六丁の目中町２７番２３号,2017-03-01,株式会社
ＴＲＩＮＩＱＵＥ合同会社,東京都港区赤坂２丁目２３番１号,2017-03-01,合同会社
ＴＳＨ株式会社,東京都練馬区豊玉北２丁目２０番３－５０１号,2017-03-01,株式会社
ＵＮＩＯＮ　ＦＡＩＴＨＦＵＬ　ＬＩＭＩＴＥＤ,東京都中央区銀座１丁目６番１１号アースタックス税理士法人内,2017-03-01,外国会社等
ＵｉＰａｔｈ株式会社,東京都千代田区大手町１丁目６番１号大手町ビル２階,2017-03-01,株式会社
ＹＵＡＩ　ＴＲＡＤＩＮＧ合同会社,栃木県足利市鹿島町６０２番地２鹿島ハウス４０３,2017-03-01,合同会社
ＹＵＭＩ　ＥＮＴＥＲＰＲＩＳＥＳ株式会社,群馬県太田市由良町１１０番地１サンシティハイツ由良１０５号,2017-03-01,株式会社
ｅＲｅａｄｉｎｇ株式会社,愛媛県東温市野田１丁目２２番地１４フォブールゆるぎ１０２号,2017-03-01,株式会社
やまもと設計株式会社,長崎県諫早市小川町７４３番地３,2017-03-02,株式会社
アイセット合同会社,埼玉県三郷市高州１丁目９３番地,2017-03-02,合同会社
アジア地所株式会社,埼玉県ふじみ野市ふじみ野１丁目７番１号,2017-03-02,株式会社
アップライン株式会社,京都府南丹市美山町鶴ケ岡川合新田１番１,2017-03-02,株式会社
アトミ東京合同会社,東京都新宿区百人町１丁目１番１３号Ｂ１Ｆ,2017-03-02,合同会社
アドホック株式会社,鹿児島県鹿児島市上荒田町１４－２４,2017-03-02,株式会社
アド・キャリー株式会社,北海道札幌市豊平区平岸六条１２丁目９番１１号,2017-03-02,株式会社
アルパッド株式会社,東京都千代田区丸の内１丁目１１番１号,2017-03-02,株式会社
アルファジャパン株式会社,埼玉県川口市東本郷２丁目７番１７－３号,2017-03-02,株式会社
アヴァ株式会社,千葉県千葉市若葉区都賀４丁目１番３号千葉ＮＴビル４階,2017-03-02,株式会社
エスワン合同会社,東京都練馬区高野台２丁目１６番４－４０５号,2017-03-02,合同会社
エス・ライン警備保障株式会社,東京都江戸川区西小岩１丁目２３－１３植草ビル５０２号,2017-03-02,株式会社
オフィス結合同会社,長崎県佐世保市大宮町３０番１０号,2017-03-02,合同会社
オーロラ株式会社,福岡県糸島市曽根６１８番地１４,2017-03-02,株式会社
キューズイクシア株式会社,愛媛県松山市勝山町１丁目７番地１５,2017-03-02,株式会社
クイーンズドリーム株式会社,群馬県邑楽郡邑楽町大字中野４９０３番地１,2017-03-02,株式会社
クズウハウス株式会社,栃木県栃木市都賀町家中６４１４番地,2017-03-02,株式会社
サファリ株式会社,東京都豊島区目白３丁目２０番２１号,2017-03-02,株式会社
サンズカンパニー株式会社,兵庫県姫路市北新在家１丁目１７番２６号,2017-03-02,株式会社
サージュ・ソレイユ合同会社,東京都千代田区霞が関１丁目４番１号,2017-03-02,合同会社
ジーエルベース株式会社,東京都渋谷区千駄ヶ谷３丁目２８－８,2017-03-02,株式会社
ストーンフィールド株式会社,大阪府大阪市中央区谷町２丁目２－２０－７Ｆ,2017-03-02,株式会社
スマイル不動産株式会社,埼玉県羽生市大字上手子林３０５番地５,2017-03-02,株式会社
スリーシーメン株式会社,東京都府中市本宿町４丁目１８番地の３６,2017-03-02,株式会社
ゼアーズ株式会社,埼玉県所沢市大字松郷６２番地の２０,2017-03-02,株式会社
ソーシャルフード株式会社,福岡県福岡市南区野間３丁目５番２０号,2017-03-02,株式会社
タイムソフト合同会社,青森県三戸郡田子町大字田子字田子５２番地,2017-03-02,合同会社
タロプログレスライン合同会社,東京都大田区西六郷３丁目３２番７号,2017-03-02,合同会社
チメイ株式会社,大阪府大阪市中央区心斎橋筋２丁目２番２２号,2017-03-02,株式会社
ティエスフォーＧＬＯＢＡＬ　ＪＡＰＡＮ合同会社,大阪府大阪市港区海岸通４丁目５－５阪神物流ビル２Ｆ,2017-03-02,合同会社
デイプラス商事株式会社,東京都千代田区神田佐久間町１丁目１４番地８０７,2017-03-02,株式会社
トラストスチール株式会社,福岡県福岡市中央区輝国２丁目１６番３０－６０８号,2017-03-02,株式会社
ナウネクスト合同会社,東京都大田区多摩川１丁目３番１７号,2017-03-02,合同会社
ノブ・コーポレーション株式会社,鹿児島県鹿児島市谷山中央３丁目４７５３番地１,2017-03-02,株式会社
ハービーセン株式会社,東京都台東区台東４丁目２９番５号,2017-03-02,株式会社
バブルス株式会社,東京都新宿区下落合１丁目１４番１０号プリミエール下落合２号館５Ｂ,2017-03-02,株式会社
パン企業年金基金,東京都新宿区新宿１丁目３４番９号全パンビル５階,2017-03-02,その他
ヒゲタ健康保険組合,千葉県銚子市中央町２－８,2017-03-02,その他
ヒノデ第一交通株式会社,千葉県市川市高谷１９４９番１２,2017-03-02,株式会社
フロントサークル株式会社,福岡県福岡市城南区別府５丁目１６番２５－１０１号,2017-03-02,株式会社
ベルジャヤ沖縄ホスピタリティアセット特定目的会社,東京都港区虎ノ門４丁目３番１３号ヒューリック神谷町ビル６階青山綜合会計事務所内,2017-03-02,その他の設立登記法人
メディカルコンサルティング合同会社,福岡県福岡市中央区桜坂２丁目４番１４号,2017-03-02,合同会社
ライトアート株式会社,京都府亀岡市東つつじケ丘曙台２丁目６番２号,2017-03-02,株式会社
リ・アンティーク株式会社,埼玉県蓮田市御前橋１丁目８番４６号,2017-03-02,株式会社
一般社団法人いろどり,福岡県福岡市博多区築港本町１１番地３,2017-03-02,その他の設立登記法人
一般社団法人へんろみち保存協力会,愛媛県松山市湊町７丁目７番地１セキ株式会社内,2017-03-02,その他の設立登記法人
一般社団法人みかさの里,鹿児島県阿久根市脇本７８２０番５号,2017-03-02,その他の設立登記法人
一般社団法人アグロエンジニアリング協議会,宮城県仙台市青葉区上杉１丁目１６番３０号東日本ビル７階,2017-03-02,その他の設立登記法人
一般社団法人アジア記帳代行・財産評価オフィス,東京都新宿区富久町１６－１０ニューライフ新宿参番館１１０３,2017-03-02,その他の設立登記法人
一般社団法人アスパラガス,兵庫県神戸市北区京地２丁目４番地の１,2017-03-02,その他の設立登記法人
一般社団法人エコーヴィジョンズ,東京都港区麻布十番１丁目２番７号ラフィネ麻布十番７０１号室,2017-03-02,その他の設立登記法人
一般社団法人ライト,岡山県岡山市北区今保２７３番地１キャンサーパレスＢ２０１,2017-03-02,その他の設立登記法人
一般社団法人天才の卵,長野県北安曇郡白馬村大字神城２２５４８,2017-03-02,その他の設立登記法人
一般社団法人岩手県障がい者スポーツ協会,岩手県盛岡市三本柳８地割１番地３,2017-03-02,その他の設立登記法人
一般社団法人徳島県西部水泳振興会,徳島県三好郡東みよし町中庄９４５番地１,2017-03-02,その他の設立登記法人
一般社団法人日本ヒマワリオイル協会,東京都千代田区九段南３丁目４番５号番町ビル４階,2017-03-02,その他の設立登記法人
一般社団法人横河武蔵野アトラスターズ,東京都武蔵野市中町２丁目９番３２号ＴＣ西館,2017-03-02,その他の設立登記法人
一般社団法人水澤,東京都狛江市岩戸南１丁目４番９岩田屋ビル３０２号,2017-03-02,その他の設立登記法人
一般社団法人江戸川教育支援センター,東京都江戸川区中葛西５丁目１８番１４号イナガキビル２０１,2017-03-02,その他の設立登記法人
一般社団法人発達改善支援協会,千葉県千葉市稲毛区柏台１番５棟１０１号,2017-03-02,その他の設立登記法人
一般社団法人ＣＡＳＡ,愛知県名古屋市中区橘１丁目１番２０号,2017-03-02,その他の設立登記法人
一般社団法人ＬＭＷ,北海道札幌市清田区平岡三条１丁目１番５５－２０３号,2017-03-02,その他の設立登記法人
一般社団法人ＮＲＧ　Ｏｎｃｏｌｏｇｙ－Ｊａｐａｎ,東京都港区白金２丁目５番５－２０３号,2017-03-02,その他の設立登記法人
一般社団法人ＳＤＧｓ市民社会ネットワーク,東京都台東区東上野１丁目２０番６号丸幸ビル３階,2017-03-02,その他の設立登記法人
一般社団法人ＴＣＣＭ,愛知県豊田市小坂本町１丁目２５番地,2017-03-02,その他の設立登記法人
一般財団法人掛井五郎財団,東京都調布市調布ケ丘２丁目３２番地７,2017-03-02,その他の設立登記法人
中島商事合同会社,埼玉県蕨市南町３丁目２８番１０号南町ハイツ３０１号,2017-03-02,合同会社
中津有明マンション管理組合,大阪府大阪市北区豊崎６丁目４番９号,2017-03-02,その他
企業組合とも,千葉県印旛郡酒々井町本佐倉４３０番地,2017-03-02,その他の設立登記法人
保証責任花垣村治田負債整理組合,三重県伊賀市（三重県名賀郡花垣村）,2017-03-02,その他の設立登記法人
北辰エステート株式会社,愛知県名古屋市天白区中平１丁目１４０４番地メゾンドエクラ３０５号室,2017-03-02,株式会社
北近畿鉄道ビジネス株式会社,京都府舞鶴市字平野屋３６番地,2017-03-02,株式会社
医療法人社団こどもハート,東京都新宿区富久町１７番２号イトーヨーカドー食品館新宿富久店１階Ｔ－１０８区画,2017-03-02,その他の設立登記法人
医療法人社団デンタルクリニック山田,東京都荒川区西日暮里５丁目３３番２号小宮ビル１階,2017-03-02,その他の設立登記法人
医療法人社団博施会,東京都千代田区神田小川町２丁目６番地大宮第２ビル２階,2017-03-02,その他の設立登記法人
医療法人社団叡美会,東京都足立区千住橋戸町１番地１３ポンテポルタ千住４階４０３区,2017-03-02,その他の設立登記法人
医療法人社団豊村会,東京都江東区亀戸２丁目２８番１６号２階,2017-03-02,その他の設立登記法人
医療法人社団ＡＴ,東京都北区神谷２丁目２５番地１新フクシビル１階,2017-03-02,その他の設立登記法人
博朗貿易株式会社,埼玉県川口市西川口４丁目３番２号,2017-03-02,株式会社
台豊メラミンジャパン株式会社,大阪府大阪市北区梅田１丁目１１番４－１１００号大阪駅前第４ビル１１階,2017-03-02,株式会社
史彩監査法人,東京都足立区伊興１丁目１３番１３号,2017-03-02,その他の設立登記法人
合同会社あんじん大栄,埼玉県深谷市武蔵野３１９番地５,2017-03-02,合同会社
合同会社おゆみ町会計センター,千葉県千葉市中央区生実町２５３４番地５,2017-03-02,合同会社
合同会社かまくら・ゆるむー,神奈川県鎌倉市浄明寺３丁目１番７号,2017-03-02,合同会社
合同会社さくら学習センター,愛媛県東温市西岡甲９９４番地５,2017-03-02,合同会社
合同会社そわか,東京都世田谷区松原３丁目３９番２１－１１０６号,2017-03-02,合同会社
合同会社なごみ,長野県松本市大字稲倉１０４８番地,2017-03-02,合同会社
合同会社りゅう,千葉県市川市本北方３丁目１８番１６号,2017-03-02,合同会社
合同会社アキテック,新潟県新潟市南区西笠巻新田７１０番地,2017-03-02,合同会社
合同会社アリス,大阪府大阪市東成区東中本２丁目１０番２８号,2017-03-02,合同会社
合同会社ウィジェクト,千葉県八千代市勝田台南２丁目８番２１－１０１号,2017-03-02,合同会社
合同会社ウインアート,千葉県旭市イの１３１０番地１９,2017-03-02,合同会社
合同会社エクセルプランニング,愛知県名古屋市守山区幸心１丁目１２６番地,2017-03-02,合同会社
合同会社エヌドファイブ,東京都中央区銀座１丁目１５番７号ＭＡＣ銀座ビル３階,2017-03-02,合同会社
合同会社エムテック,東京都品川区西五反田２丁目９番７ドルミ五反田４０７号,2017-03-02,合同会社
合同会社グレイス,埼玉県さいたま市浦和区岸町７丁目３番１０号,2017-03-02,合同会社
合同会社シェアハウスＭ,東京都品川区北品川１丁目９番７号トップルーム品川１０１５号,2017-03-02,合同会社
合同会社ジュピター,東京都港区北青山３丁目６番１０号,2017-03-02,合同会社
合同会社ナンカイ,埼玉県八潮市八潮３丁目２８番地１０,2017-03-02,合同会社
合同会社ノーブレス,静岡県静岡市葵区七間町１３番地の１０アトランタビル１Ｆ,2017-03-02,合同会社
合同会社ハーモニーデザイン,東京都三鷹市下連雀３丁目２１番２５－８０１号,2017-03-02,合同会社
合同会社メディケアイズム,北海道札幌市豊平区水車町７丁目８番２４号,2017-03-02,合同会社
合同会社ユアスマイル,千葉県松戸市河原塚２４１番地１５,2017-03-02,合同会社
合同会社ワンエイトデザイン,東京都杉並区高円寺南２丁目４１番７号,2017-03-02,合同会社
合同会社二ツ山,神奈川県横須賀市長坂３丁目３番１１号,2017-03-02,合同会社
合同会社京都コンサルティング,京都府京都市伏見区桃山町山ノ下２５番地３０グラン・コート桃山Ⅱ３０４号,2017-03-02,合同会社
合同会社伊集鋼業,東京都葛飾区立石２丁目３０番１５号立石コーポ１０１号,2017-03-02,合同会社
合同会社悠悠,東京都板橋区常盤台４丁目３３番１５号,2017-03-02,合同会社
合同会社松江協同石材,島根県松江市八雲町東岩坂７１１番地,2017-03-02,合同会社
合同会社近藤ラーニングコンサルティング＆コーチング,東京都品川区荏原３丁目４番２５号アディレーク武蔵小山３０３,2017-03-02,合同会社
合同会社ＡＣＥ,東京都千代田区丸の内３丁目１番１号東京共同会計事務所内,2017-03-02,合同会社
合同会社ＡＮＤ,千葉県浦安市高洲５丁目１番,2017-03-02,合同会社
合同会社Ｆ４Ｃｏｍｐａｎｙ,長崎県大村市諏訪２丁目１５２番地,2017-03-02,合同会社
合同会社Ｈｏｍｅｔｏｗｎ　ｏｆ,岩手県気仙郡住田町下有住字中上５１番地１応急仮設住宅中上団地４２号,2017-03-02,合同会社
合同会社ＬｏｕｉｓＣｏｍｐａｎｙ,長崎県大村市池田１丁目１３３９－６,2017-03-02,合同会社
合同会社ＭＩＫＡＧＥ,静岡県伊豆市冷川１５２４番地の５４１,2017-03-02,合同会社
合同会社Ｐａｒｔｎｅｒ　Ｐｌａｎｎｉｎｇ　Ｓｏｌｕｔｉｏｎｓ,大阪府大阪市北区梅田２丁目２番２号ヒルトンプラザウエストオフィスタワー１９階,2017-03-02,合同会社
合同会社Ｓ＆Ｌ,神奈川県横浜市港北区大倉山７丁目１２番１,2017-03-02,合同会社
合同会社ＳＭＣＴ,福岡県北九州市八幡西区青山３丁目１２番１号,2017-03-02,合同会社
合同会社ＳＴＹＴ,福岡県福岡市早良区祖原２４番１８号,2017-03-02,合同会社
合同会社ＷＥＢＡＲＴ,広島県広島市安佐南区大塚西６丁目１１番２－４０４号,2017-03-02,合同会社
合同会社ＹＫ会,東京都杉並区阿佐谷北３丁目３２番１５号,2017-03-02,合同会社
合同会社ａ－ｎｅｌｕ,東京都目黒区中目黒３丁目５番５－６０２号ベルデ中目黒,2017-03-02,合同会社
合同会社ｐｏｃｋｅｔ,東京都目黒区青葉台３丁目６番１６－８０２号,2017-03-02,合同会社
小倉養蚕實行組合,山梨県大月市猿橋町猿橋１５６０番地,2017-03-02,その他の設立登記法人
小杉地区コミュニティセンター管理運営委員会,新潟県新潟市江南区小杉３丁目１１－２６,2017-03-02,その他
岡村産業株式会社,香川県さぬき市志度２９１５番地,2017-03-02,株式会社
川越都市景観プロジェクト実行委員会,埼玉県川越市元町１丁目３－１,2017-03-02,その他
市立太田グローバル推進実行委員会,群馬県太田市細谷町１５１０,2017-03-02,その他
慶和合同会社,東京都足立区千住中居町１９番１０号,2017-03-02,合同会社
新生響きキャピタル株式会社,東京都千代田区麹町５丁目３番地,2017-03-02,株式会社
昆布盛風力発電合同会社,東京都千代田区丸の内３丁目１番１号東京共同会計事務所内,2017-03-02,合同会社
有限会社益子商店,栃木県大田原市山の手２丁目１３番３３号,2017-03-02,有限会社
有限会社興栄不動産,千葉県市原市姉崎５９１番地５,2017-03-02,有限会社
杉山建設株式会社,神奈川県藤沢市城南１丁目１８番６号,2017-03-02,株式会社
東門エースタウンビル株式会社,兵庫県神戸市中央区中山手通１丁目１５番７号,2017-03-02,株式会社
栄伸興業株式会社,宮城県仙台市太白区秋保町湯元字石名坂３番地の１,2017-03-02,株式会社
株式会社あんしん考房,神奈川県藤沢市下土棚１１０１番地の１１,2017-03-02,株式会社
株式会社いと,東京都目黒区目黒１丁目５番１９号目黒第一ビル１０１,2017-03-02,株式会社
株式会社おがわのじかん,北海道札幌市白石区南郷通８丁目南３番２９号,2017-03-02,株式会社
株式会社かすみがうら農場,茨城県かすみがうら市新治１７８６番地１,2017-03-02,株式会社
株式会社たさわ堂コミュニケーションズ,愛媛県松山市来住町１４５１番地,2017-03-02,株式会社
株式会社たさわ堂サービス,愛媛県松山市南土居町５４９番地１,2017-03-02,株式会社
株式会社たさわ堂マネジメント,愛媛県松山市和泉南１丁目４番２１号,2017-03-02,株式会社
株式会社つなぐ,北海道札幌市豊平区月寒東二条２丁目４番７６号３０１号,2017-03-02,株式会社
株式会社のぶお,千葉県千葉市中央区本千葉町１０番２３号ＤＩＫマンション９１６号,2017-03-02,株式会社
株式会社ひかり工業,大阪府交野市森北１丁目３３番１－２０５号,2017-03-02,株式会社
株式会社まさ建,東京都葛飾区金町１丁目１６番７－４０１号,2017-03-02,株式会社
株式会社みつき,福岡県糟屋郡志免町志免２丁目１番７号,2017-03-02,株式会社
株式会社やまさき理容室,岡山県瀬戸内市邑久町大富８番地,2017-03-02,株式会社
株式会社ろうど,東京都新宿区東五軒町２番２－４０１号,2017-03-02,株式会社
株式会社アプロ,東京都千代田区神田神保町３丁目１０番松晃ビル７階,2017-03-02,株式会社
株式会社アラジュク物産,埼玉県東松山市箭弓町１丁目１２番９号,2017-03-02,株式会社
株式会社アリユシ,京都府京都市右京区太秦宮ノ前町３１番地の２,2017-03-02,株式会社
株式会社アルスネット,岡山県倉敷市下庄３１６番地１０（１Ｆ）,2017-03-02,株式会社
株式会社アースファクトリー,神奈川県綾瀬市上土棚中３丁目９－７,2017-03-02,株式会社
株式会社アートラボ,京都府京都市下京区橋本町１１１番地四条アイブリ屋ビル２Ｆ,2017-03-02,株式会社
株式会社アート・プラネット・ファクトリー,埼玉県比企郡鳩山町松ヶ丘１丁目１２番３号,2017-03-02,株式会社
株式会社イレブンカット,神奈川県藤沢市藤沢４３８番地の１藤沢ルミネ,2017-03-02,株式会社
株式会社インフィニティ,東京都品川区上大崎２丁目７番５号目黒ＴＳビル,2017-03-02,株式会社
株式会社イーストバレー,埼玉県川口市大字芝６９０６番地２２４,2017-03-02,株式会社
株式会社イーストラック,東京都大田区多摩川１丁目３４番９号寿々栄ビル１０１号室,2017-03-02,株式会社
株式会社ウィッシュ,千葉県浦安市当代島３丁目３番１－２０１号,2017-03-02,株式会社
株式会社エィチケイエス,京都府京都市伏見区中島鳥羽離宮町１８番地,2017-03-02,株式会社
株式会社エイチラボ,東京都目黒区上目黒３丁目３１番５号,2017-03-02,株式会社
株式会社エクセレントトランスポート,福岡県筑紫郡那珂川町西隈１丁目１９番２４号,2017-03-02,株式会社
株式会社エスエルジャパン,東京都千代田区神田佐久間町３丁目５番地第二櫻井ビル２０号室,2017-03-02,株式会社
株式会社エプルーブ,東京都杉並区高円寺北２丁目１２番３号,2017-03-02,株式会社
株式会社エムケイ,愛知県海部郡蟹江町本町２丁目１６番地,2017-03-02,株式会社
株式会社エム・アール・シー商事,東京都江戸川区中葛西５丁目４１番８号－２０１,2017-03-02,株式会社
株式会社オーケーオカムラ,大分県大分市大字千歳２０４５番地（リバーサイドフェリカＢ７０２）,2017-03-02,株式会社
株式会社カシワギ,静岡県静岡市駿河区北丸子１丁目３１番７７号,2017-03-02,株式会社
株式会社カンリュウ鍛冶,北海道札幌市北区北三十四条西１０丁目１番１号,2017-03-02,株式会社
株式会社キテル,埼玉県川越市新富町１丁目２番地３ウェルス川越２０２,2017-03-02,株式会社
株式会社クジ,東京都港区高輪３丁目１番１７号,2017-03-02,株式会社
株式会社クラフトクレイン,東京都大田区下丸子４丁目２１番１５－５０７号,2017-03-02,株式会社
株式会社クレオ,福岡県福岡市西区周船寺１丁目７番５２号,2017-03-02,株式会社
株式会社グリューン,岐阜県岐阜市則武９４番地５,2017-03-02,株式会社
株式会社グリル赤井,宮城県仙台市青葉区錦町１丁目８番３８－６０２号,2017-03-02,株式会社
株式会社グリーンベレー,千葉県市川市曽谷５丁目２２番３号,2017-03-02,株式会社
株式会社グロウスグリーン,東京都港区赤坂４丁目１３番５号,2017-03-02,株式会社
株式会社ケーエスプランニング,大阪府八尾市堤町２丁目３０番地の１４６,2017-03-02,株式会社
株式会社ゲンバサービス,埼玉県川越市大字砂３６８番地５,2017-03-02,株式会社
株式会社コルダカンパーナ,滋賀県大津市雄琴３丁目１１番１０号,2017-03-02,株式会社
株式会社サカイ内装,東京都足立区中央本町３丁目１４番２号,2017-03-02,株式会社
株式会社サコム農園,北海道士別市大通東１丁目１６０２番地,2017-03-02,株式会社
株式会社ザ・グリーン,東京都豊島区池袋本町３丁目１９番５池袋マンションヒルハイム３０２号,2017-03-02,株式会社
株式会社シキシマ工務店,東京都府中市晴見町１丁目３４番地の６,2017-03-02,株式会社
株式会社シャノワリゾート,埼玉県熊谷市飯塚３６２番１,2017-03-02,株式会社
株式会社ショービット,東京都足立区江北１丁目１１番１－４０３号,2017-03-02,株式会社
株式会社シンセイ,京都府京都市右京区太秦袴田町９番地の３０,2017-03-02,株式会社
株式会社ジール,愛知県犬山市大字羽黒字古市場１０番地,2017-03-02,株式会社
株式会社スエナガ,鹿児島県鹿児島市東谷山５丁目２０番５号,2017-03-02,株式会社
株式会社スフィーダ,兵庫県尼崎市水堂町１丁目１番１号,2017-03-02,株式会社
株式会社セイケン,福岡県福岡市早良区次郎丸６丁目１１番２２－３０１号,2017-03-02,株式会社
株式会社セイコーホールディングス,大阪府八尾市志紀町南２丁目１２４番地,2017-03-02,株式会社
株式会社ゼロスタイル,埼玉県新座市畑中２丁目１６番６２号,2017-03-02,株式会社
株式会社ゼロ・クリエイト,埼玉県さいたま市北区植竹町１丁目１１９番地コープ野村植竹５０５,2017-03-02,株式会社
株式会社タイタム,北海道釧路市新釧路町１４番３号,2017-03-02,株式会社
株式会社タジマ,京都府京都市左京区下鴨水口町４８番地,2017-03-02,株式会社
株式会社ダイアローグ,北海道札幌市豊平区平岸一条９丁目２番１７号,2017-03-02,株式会社
株式会社ダブルムーンスタジオ,東京都目黒区三田１丁目３番２１号,2017-03-02,株式会社
株式会社ティンバーハウジング,北海道枝幸郡枝幸町新港町８４０番地１,2017-03-02,株式会社
株式会社ティーズファーム,神奈川県横浜市保土ケ谷区権太坂１丁目３５番９号,2017-03-02,株式会社
株式会社テリーズセレクション,東京都荒川区西尾久４丁目１９番７－３０１号,2017-03-02,株式会社
株式会社ディヴァイン・ストラテジー・ジャパン,京都府京都市伏見区東柳町５１０番地４,2017-03-02,株式会社
株式会社ディー・グランツ,福岡県福岡市早良区有田２丁目７番５号,2017-03-02,株式会社
株式会社ディー・パッション,宮城県仙台市宮城野区蒲生１丁目４番３号,2017-03-02,株式会社
株式会社トゥリアス,広島県東広島市高屋高美が丘５丁目２番２－１０５号,2017-03-02,株式会社
株式会社トーマス,東京都品川区荏原４丁目１０番地２１号,2017-03-02,株式会社
株式会社ドリーム,福岡県糟屋郡宇美町貴船２丁目４番１４号,2017-03-02,株式会社
株式会社ニチモク,愛知県名古屋市中村区中島町２丁目２４番地２,2017-03-02,株式会社
株式会社ハクト工業,千葉県佐倉市南臼井台９番６号,2017-03-02,株式会社
株式会社ヒットプロモーション,東京都新宿区新宿１丁目３６番２号新宿第七葉山ビル３階,2017-03-02,株式会社
株式会社ヒートウェーブ,東京都中央区日本橋浜町２丁目２０番６号,2017-03-02,株式会社
株式会社ビクトリー,埼玉県さいたま市南区大字円正寺４００番地,2017-03-02,株式会社
株式会社ビレッジフィールド,大阪府大阪市中央区材木町３番５号,2017-03-02,株式会社
株式会社ファントム,東京都品川区西五反田４丁目１３番５号,2017-03-02,株式会社
株式会社フューチャーアイ,京都府京都市下京区松原通東洞院東入本燈籠町１１番地デ・リード烏丸東５０４号室,2017-03-02,株式会社
株式会社フルヘッド,東京都江戸川区中葛西４丁目１３番４号,2017-03-02,株式会社
株式会社ミスシャイン,岡山県倉敷市玉島阿賀崎１丁目１番１８号,2017-03-02,株式会社
株式会社メタルライフ,大阪府摂津市鳥飼野々１丁目１６番９号,2017-03-02,株式会社
株式会社モスウェル,宮城県仙台市太白区長町５丁目２番１号２Ｆ,2017-03-02,株式会社
株式会社モデスト,熊本県熊本市中央区新町１丁目２番３号,2017-03-02,株式会社
株式会社ライフパートナーズ,福岡県福岡市南区野間３丁目５番２０号,2017-03-02,株式会社
株式会社ランス,千葉県市川市行徳駅前４丁目２番１号マンションニュー行徳第２,2017-03-02,株式会社
株式会社リリー,京都府京都市伏見区淀美豆町１０２４番地１,2017-03-02,株式会社
株式会社ルミエイト,大阪府守口市梶町３丁目４１番２０号,2017-03-02,株式会社
株式会社レインボーブリッジ,和歌山県海南市大野中７４７番地２,2017-03-02,株式会社
株式会社ヴォロンテ,千葉県野田市上三ケ尾６０番地,2017-03-02,株式会社
株式会社一堂,東京都世田谷区奥沢４丁目２２番１０号,2017-03-02,株式会社
株式会社三友,東京都足立区加平３丁目１番１－２０９号,2017-03-02,株式会社
株式会社上野水産,北海道札幌市中央区宮の森二条１０丁目１番３２－４０５号,2017-03-02,株式会社
株式会社伍星,東京都世田谷区世田谷１丁目１３番２０号,2017-03-02,株式会社
株式会社佐々木企画,千葉県千葉市緑区あすみが丘５丁目４４番地７,2017-03-02,株式会社
株式会社健康経営コンサルティング,大阪府大阪市北区西天満５丁目２番８号三共ビル東館６Ｆ,2017-03-02,株式会社
株式会社光進圧送,宮城県東松島市赤井字川前二番１番地１８,2017-03-02,株式会社
株式会社友愛,福島県双葉郡川内村大字上川内字早渡８番地,2017-03-02,株式会社
株式会社古京碾茶加工場,京都府相楽郡和束町大字中小字古京４番地,2017-03-02,株式会社
株式会社和,神奈川県足柄上郡大井町金手１２番地４,2017-03-02,株式会社
株式会社和三味,北海道紋別郡湧別町東２１番地３,2017-03-02,株式会社
株式会社和装塗装工業,千葉県船橋市滝台１丁目１０番２５号,2017-03-02,株式会社
株式会社大阪輸送,大阪府堺市美原区大饗５９番地１０,2017-03-02,株式会社
株式会社奥山工業,福岡県北九州市戸畑区銀座１丁目８番３７－１０２号,2017-03-02,株式会社
株式会社宮城白鳥農場,宮城県栗原市志波姫八樟吹付６７番地,2017-03-02,株式会社
株式会社富士仮設,岡山県岡山市南区芳泉１丁目１番２８号井上ビル２０１,2017-03-02,株式会社
株式会社寿塗装,千葉県君津市南子安４丁目２番８号１０１,2017-03-02,株式会社
株式会社川元農園,宮城県東松島市赤井字関の内四号３７４番地３,2017-03-02,株式会社
株式会社建将,宮城県石巻市桃生町太田字北後２０番地１,2017-03-02,株式会社
株式会社御慈愛コーポレィト,神奈川県横浜市旭区笹野台３丁目１８番３号,2017-03-02,株式会社
株式会社志田架設,千葉県船橋市薬円台１丁目９番１－２０６号,2017-03-02,株式会社
株式会社悟空,愛知県名古屋市守山区大森八龍１丁目３０１９番地,2017-03-02,株式会社
株式会社情熱の千鳥足,福岡県福岡市中央区天神４丁目２番３６号天神第一ビル４Ｆ,2017-03-02,株式会社
株式会社日本企画設計,埼玉県桶川市大字川田谷６６３４番地の２,2017-03-02,株式会社
株式会社明秀建設,大阪府寝屋川市美井町９番１０号,2017-03-02,株式会社
株式会社有賀商会,福島県田村市船引町芦沢字棒ヶ入５４番地の１,2017-03-02,株式会社
株式会社東和,東京都練馬区羽沢２丁目２２番３２号,2017-03-02,株式会社
株式会社東栄,島根県松江市西嫁島２丁目５番１７号,2017-03-02,株式会社
株式会社松本,愛媛県新居浜市郷３丁目３番１９号,2017-03-02,株式会社
株式会社松本組,神奈川県川崎市高津区北見方１丁目２９番１０－３０６号,2017-03-02,株式会社
株式会社水瀬製革所,兵庫県姫路市御国野町西御着５７０番地,2017-03-02,株式会社
株式会社清水木巧舎,滋賀県大津市桜野町１丁目１９番１１号,2017-03-02,株式会社
株式会社直崇建設,福岡県福岡市中央区桜坂１丁目１５番２０号,2017-03-02,株式会社
株式会社笑一,愛知県名古屋市千種区内山２丁目７番２４号,2017-03-02,株式会社
株式会社翔英工業,東京都大田区蒲田５丁目４５番５－３０５号,2017-03-02,株式会社
株式会社聡明,東京都中央区日本橋３丁目２番１４号日本橋ＫＮビル４階,2017-03-02,株式会社
株式会社花村吉平,東京都台東区浅草橋５丁目２０番８号,2017-03-02,株式会社
株式会社藤本高志建築設計事務所,大阪府大阪市北区大淀南２丁目８番２号西梅田藤本ビル２階,2017-03-02,株式会社
株式会社設計開発コンサルタント,神奈川県藤沢市鵠沼松が岡２丁目１７番１２号,2017-03-02,株式会社
株式会社豊,三重県伊賀市上野茅町２７２２番地の６,2017-03-02,株式会社
株式会社赤嶺電設,神奈川県横浜市鶴見区北寺尾４丁目１４番４３号,2017-03-02,株式会社
株式会社道下電設,北海道札幌市白石区菊水元町六条４丁目４番８号,2017-03-02,株式会社
株式会社野本土建,神奈川県横須賀市長沢６丁目２４７０番地１,2017-03-02,株式会社
株式会社長江実業グループ,東京都昭島市武蔵野３丁目７番９号,2017-03-02,株式会社
株式会社開田家具,群馬県桐生市東６丁目６番４４号,2017-03-02,株式会社
株式会社阿南企画,大分県大分市大字田尻１２９３番地の３,2017-03-02,株式会社
株式会社陽向,千葉県柏市加賀３丁目２３番１０号富士ビル３Ｆ,2017-03-02,株式会社
株式会社香里乃港,滋賀県高島市勝野５６９番地,2017-03-02,株式会社
株式会社高橋防水,東京都江戸川区中葛西５丁目１８番１２号,2017-03-02,株式会社
株式会社魔法のことば研究所,東京都東大和市狭山２丁目８７８－４,2017-03-02,株式会社
株式会社麺一本,長崎県大村市岩松町９３９番地５,2017-03-02,株式会社
株式会社黒成建設工業,京都府京都市右京区西京極東衣手町１９番地,2017-03-02,株式会社
株式会社７１５Ｄｅｓｉｇｎ　Ｌａｂｏ,東京都練馬区関町東１丁目４番３号,2017-03-02,株式会社
株式会社Ａ‐ｃｏｍｍｕｎｉｔｙ,千葉県柏市桜台１０番６号ＳＴＯＲＭ桜台３階,2017-03-02,株式会社
株式会社Ａ＆Ｔ,広島県広島市東区東蟹屋町１８番２２－１４０９号,2017-03-02,株式会社
株式会社Ａ８,東京都港区愛宕１丁目６番８号,2017-03-02,株式会社
株式会社ＡＧＷＯＲＫＳ,埼玉県さいたま市大宮区桜木町２丁目４４６番地２Ｆ－２２２号,2017-03-02,株式会社
株式会社ＡＩＬＡＷ　ＴＥＣＨ,東京都中央区京橋１丁目１番１０号西勘本店ビル５Ｆ,2017-03-02,株式会社
株式会社ＡＭＡＴＹ,東京都渋谷区富ヶ谷１丁目９番５号Ｆ．Ｔ．ビル２Ｆ,2017-03-02,株式会社
株式会社ＡＴカンパニー,東京都荒川区南千住３丁目４１番６号,2017-03-02,株式会社
株式会社Ａｒｃｈａｔ,大阪府大阪市北区中崎３丁目４番２２号,2017-03-02,株式会社
株式会社Ｂ－ＳＴＹＬＥ,東京都豊島区東池袋１丁目１５番８号,2017-03-02,株式会社
株式会社ＢＡＣ　ＡＳＩＡ,東京都港区赤坂７丁目１０番６号赤坂今野ビル６階,2017-03-02,株式会社
株式会社ＢＴシステム,東京都港区海岸２丁目６番２４号タブロイド４Ｂ,2017-03-02,株式会社
株式会社Ｂｒｉｇｈｔｎｅｓｓ,東京都大田区西蒲田４丁目３１番４号,2017-03-02,株式会社
株式会社ＣＡＩ,大阪府枚方市宮之阪３丁目３０番５号,2017-03-02,株式会社
株式会社ＣＡＭ,京都府京都市北区衣笠西尊上院町３番地,2017-03-02,株式会社
株式会社ＣＡＭＡＲＡＤＡ,北海道札幌市東区北二十四条東７丁目３番５－１０６号,2017-03-02,株式会社
株式会社ＣＡＮＶＡＳ,岐阜県岐阜市石原１丁目２２５番地２,2017-03-02,株式会社
株式会社ＣＯＴＲＩＫ　ＳＴＵＤＩＯ,東京都八王子市小津町１４１,2017-03-02,株式会社
株式会社Ｃｒａｆｔ　Ｔｅｃｈ,埼玉県川口市大字伊刈１０９３番地,2017-03-02,株式会社
株式会社Ｅ．Ｒ,北海道釧路市芦野５丁目９番１号,2017-03-02,株式会社
株式会社Ｅｇｇｓｉｓ,東京都港区南青山２丁目２番１５号,2017-03-02,株式会社
株式会社Ｅｘｐｅｒｉｅｎｃｅ,東京都港区港南１丁目９番３６号,2017-03-02,株式会社
株式会社Ｇ．ＧＡＴＥ,東京都渋谷区宇田川町３６番２２号,2017-03-02,株式会社
株式会社ＧＯＷＡＹ,東京都台東区寿１丁目１８番１号,2017-03-02,株式会社
株式会社Ｇｎｏｍｏｎ,神奈川県平塚市明石町２番２７－１４０１号,2017-03-02,株式会社
株式会社ＩＫＥＭＡ,岡山県岡山市南区藤田６５６番地６８,2017-03-02,株式会社
株式会社ＪＵＵ山田屋,大阪府大阪市此花区梅香１丁目１７番２０号,2017-03-02,株式会社
株式会社ＫＯＭＥＮＩ,愛媛県松山市御幸２丁目１２番５号,2017-03-02,株式会社
株式会社ＫＲ建装,東京都青梅市新町８丁目２４番地の３１,2017-03-02,株式会社
株式会社Ｌコーラルデザイン,大阪府摂津市新在家２丁目９番５号,2017-03-02,株式会社
株式会社Ｌａｎａ,東京都港区麻布十番１丁目５番２５号麻布十番ハイツ６０１,2017-03-02,株式会社
株式会社Ｌｅａｄ　Ｄｉｓｃｏｖｅｒｙ,埼玉県さいたま市南区南本町２丁目１０番１８号Ｒｅｇａｌｏ２０２号室,2017-03-02,株式会社
株式会社Ｌｉｍｋｓ,兵庫県姫路市砥堀３４１番地３,2017-03-02,株式会社
株式会社Ｌｉｎｋ,福岡県大牟田市大字手鎌７４７,2017-03-02,株式会社
株式会社Ｍ’ｓ,福島県南会津郡南会津町丹藤字下村４２３番地,2017-03-02,株式会社
株式会社Ｍ’ｓ　Ｅｓｔａｔｅ,京都府京都市中京区壬生辻町１８番地,2017-03-02,株式会社
株式会社ＭＣＫ,東京都武蔵野市中町３丁目４番４－１１０３号,2017-03-02,株式会社
株式会社ＭＩＮＥＲＶＡ,埼玉県日高市大字栗坪４０７番地３,2017-03-02,株式会社
株式会社Ｎプランニング,大阪府大阪市東淀川区豊里６丁目２番２７－４０２号,2017-03-02,株式会社
株式会社ＮＥＳＴ,京都府京都市上京区武者小路町４５１番地２,2017-03-02,株式会社
株式会社ＯＩＫＡＷＡ,和歌山県和歌山市内原９４１－４,2017-03-02,株式会社
株式会社ＰＬＡＹ　ＷＯＲＫＳ,広島県広島市中区富士見町１２番６号,2017-03-02,株式会社
株式会社Ｐｒｅｃｉｏｕｓ,東京都豊島区池袋本町４丁目４４番１８号,2017-03-02,株式会社
株式会社Ｐｒｏｃｏｍ,神奈川県横浜市港北区新横浜１丁目１番８号,2017-03-02,株式会社
株式会社ＲＯＳＳＯ,神奈川県茅ヶ崎市堤１８２８番地,2017-03-02,株式会社
株式会社Ｓ－ＬＩＮＥ,奈良県香芝市尼寺２丁目３７０番地１６,2017-03-02,株式会社
株式会社ＳＡＲＡＮ,大分県大分市大字三芳１１３５番地の１,2017-03-02,株式会社
株式会社ＳＤ．Ｐａｒｔｎｅｒ,東京都渋谷区神宮前２丁目１８番１５号,2017-03-02,株式会社
株式会社ＳＨＵＮ,東京都杉並区上荻２丁目３９番１４－５０１号,2017-03-02,株式会社
株式会社Ｓｔｅｌｌａ＆Ｃｏ．,東京都品川区東品川２丁目５番６－２９０７号,2017-03-02,株式会社
株式会社ＴＡＣＳ,岡山県岡山市南区福成３丁目７番５号,2017-03-02,株式会社
株式会社ＴＡＮＡＳＥＫＩ,東京都府中市武蔵台３丁目３１番地の２,2017-03-02,株式会社
株式会社ＴＥＲＭＥ,兵庫県姫路市野里２０３番地１,2017-03-02,株式会社
株式会社ＴＫブライト,埼玉県さいたま市緑区美園３丁目９番地２４,2017-03-02,株式会社
株式会社ＴＫＧ,埼玉県上尾市大字瓦葺１３１２番地９,2017-03-02,株式会社
株式会社ＴＯＰ,埼玉県蓮田市藤ノ木２丁目１５３番地,2017-03-02,株式会社
株式会社ＶＣＳ,滋賀県野洲市小南１４８７番地,2017-03-02,株式会社
株式会社Ｗｈｉｔｅダリア,大阪府大阪市大正区小林東３丁目８番１２号,2017-03-02,株式会社
株式会社Ｙ　ＳＡＥＫＩ,東京都渋谷区西原１丁目７番７号福岡邸テラスハウスＢ,2017-03-02,株式会社
株式会社Ｙ＆Ｈインターナショナル,大阪府大阪市天王寺区上本町８丁目８番１０号,2017-03-02,株式会社
株式会社ＹＡＧＹＯ,東京都渋谷区鶯谷町７番１号,2017-03-02,株式会社
株式会社ＹＳＢＫ,愛知県小牧市大字三ツ渕９５０番地メイコン６号倉庫イーロジス内,2017-03-02,株式会社
株式会社ｓｔｅａｄｙ　ｃｏｍｐａｎｙ,徳島県徳島市東新町１丁目１６番地１竹原第二ビル３０２,2017-03-02,株式会社
株式会社ｙｕｍｂｕｙ,東京都品川区荏原４丁目１６番８号,2017-03-02,株式会社
森泉合同会社,埼玉県春日部市備後東１丁目１番１２号,2017-03-02,合同会社
楽福株式会社,東京都豊島区東池袋５丁目５２番７号メゾンせきや１０１号,2017-03-02,株式会社
水循環デザイン事務所合同会社,新潟県新潟市秋葉区矢代田１１５４番地１６,2017-03-02,合同会社
永恒貿易合同会社,東京都足立区千住中居町１９番１０号,2017-03-02,合同会社
津吉地区まちづくり運営協議会,長崎県平戸市津吉町１２１２番地１,2017-03-02,その他
海や株式会社,京都府京都市伏見区深草稲荷中之町６１番地ディーズファースト１階１０１,2017-03-02,株式会社
漢博（亞洲）有限公司,,2017-03-02,外国会社等
片岡工業合同会社,岡山県倉敷市水島南緑町１７番１号,2017-03-02,合同会社
特定非営利活動法人すきやねん橿原池尻,奈良県橿原市西池尻町２６０番地の２,2017-03-02,その他の設立登記法人
特定非営利活動法人サードプレイス,神奈川県横浜市鶴見区駒岡４丁目２６番３号,2017-03-02,その他の設立登記法人
特定非営利活動法人ホワイトスプレンダー,千葉県市原市郡本６丁目１７４番地,2017-03-02,その他の設立登記法人
特定非営利活動法人全日本中国語教育協会,東京都千代田区内神田３丁目１０番５号,2017-03-02,その他の設立登記法人
特定非営利活動法人忍ｎｉｎの森,三重県伊賀市柘植町５３７７番地,2017-03-02,その他の設立登記法人
特定非営利活動法人杉並区保護観察協会,東京都杉並区高円寺北３丁目２９番１０号,2017-03-02,その他の設立登記法人
特定非営利活動法人Ｓｕｐｐｏｒｔ　Ｌａｂｏｒａｔｏｒｙ,大阪府大阪市鶴見区今津北４丁目９番２４号,2017-03-02,その他の設立登記法人
玖珠風力発電合同会社,東京都千代田区丸の内３丁目１番１号東京共同会計事務所内,2017-03-02,合同会社
社会福祉法人さつき会,宮崎県えびの市大字亀沢３９２番地５,2017-03-02,その他の設立登記法人
社会福祉法人光南会,富山県中新川郡上市町広野１５４０番地,2017-03-02,その他の設立登記法人
福田組共栄会,新潟県新潟市中央区一番堀通町３番地１０,2017-03-02,その他
税理士法人Ｋ－ｔａｘ,石川県金沢市新神田１丁目９番１８号,2017-03-02,その他の設立登記法人
総和技建工業株式会社,三重県伊賀市上野丸之内１１７番地の６６,2017-03-02,株式会社
蘇州人旺人力資源服務有限公司,京都府京都市下京区西新屋敷上之町１４１番地Ｍｏｒｅ七条３０７号室,2017-03-02,外国会社等
行政書士法人ｊｉｎｊｅｒ,東京都新宿区歌舞伎町２丁目２５－８ＥＣＯＰＬＡＣＥ新宿３０８号室,2017-03-02,その他の設立登記法人
谷田部工業株式会社,神奈川県横浜市鶴見区梶山１丁目２９番１１号,2017-03-02,株式会社
農事組合法人斉田,群馬県佐波郡玉村町大字斎田３６４番地１,2017-03-02,その他の設立登記法人
農事組合法人稲置生産組合,岩手県奥州市前沢区字道場１６番地２,2017-03-02,その他の設立登記法人
農事組合法人荒分ファーム,福島県喜多方市豊川町沢部字於申壇６５番地,2017-03-02,その他の設立登記法人
高梁市まちづくり結婚推進連絡会,岡山県高梁市松原通２０４３,2017-03-02,その他
高見興産株式会社,大阪府大阪市生野区新今里１丁目８番９号,2017-03-02,株式会社
１０ｃａｒａｔ株式会社,東京都日野市旭が丘５丁目１９番地の６－１０７,2017-03-02,株式会社
Ａ．Ｓリペア株式会社,埼玉県川越市寿町１丁目２４１３番地９,2017-03-02,株式会社
ＡＩＳ株式会社,新潟県新潟市西区青山新町１０番地２１,2017-03-02,株式会社
Ａｓｉａｎ　Ｂｅａｔｓ　Ｉｎｖｅｓｔｍｅｎｔ株式会社,福岡県福岡市南区皿山３丁目８番２９号,2017-03-02,株式会社
ＢＤＣＩ株式会社,大阪府豊中市桜の町１丁目２－１０パークスイート３０６,2017-03-02,外国会社等
ＤＴ株式会社,千葉県松戸市新松戸３丁目９０番地第２日の出コーポ３０２号,2017-03-02,株式会社
ＥＩＦｕｋｕ合同会社,静岡県御殿場市西田中５０番９号,2017-03-02,合同会社
Ｅｖｅｒｓｈｉｎｅ　ＢＰＯ　Ｊａｐａｎ株式会社,東京都港区西新橋３丁目２３番５号御成門郵船ビル７階,2017-03-02,株式会社
ＧｏｏｄｙＧｒｏｕｐＣｏｍｐａｎｙ合同会社,鹿児島県鹿児島市鴨池新町２５番１－５０８号,2017-03-02,合同会社
Ｇｒｅｅｎｍａｎ株式会社,東京都渋谷区渋谷１丁目２０番２８号,2017-03-02,株式会社
ＩＣＳ事業協同組合,大阪府大阪市中央区南本町２丁目６番１２号,2017-03-02,その他の設立登記法人
ＪＢＥＣインターナショナル株式会社,岡山県玉野市築港１丁目２３番４号,2017-03-02,株式会社
ＫＤＫ合同会社,埼玉県草加市高砂２丁目１８番２１－１４０６号,2017-03-02,合同会社
ＫＩＥＮ　ＣＵＯＮＧ合同会社,千葉県船橋市本町２丁目３－５,2017-03-02,合同会社
ＫｏＧｏ合同会社,東京都足立区西保木間２丁目１９－１３,2017-03-02,合同会社
ＬＥ’ＡＢＥＬ合同会社,埼玉県上尾市二ツ宮１００３番地３１,2017-03-02,合同会社
ＬＵ合同会社,大阪府大阪市西淀川区佃２丁目１５－６－２１３,2017-03-02,合同会社
Ｍクリーンサービス株式会社,福岡県中間市扇ヶ浦４丁目８番３号,2017-03-02,株式会社
Ｍ＆Ｓ株式会社,神奈川県藤沢市大鋸１丁目８番２０－３０２号,2017-03-02,株式会社
ＭＭＢＩ合同会社,東京都中央区日本橋１丁目４番１号,2017-03-02,合同会社
ＭＵＭＡ　ＥＮＴＥＲＰＲＩＳＥＳ合同会社,東京都中野区中野２丁目１６番５号シミズハウス１２,2017-03-02,合同会社
ＭＺソーシャル株式会社,東京都渋谷区猿楽町１６番１１－４１１号,2017-03-02,株式会社
Ｍｔ．ピッシリ森の国株式会社,北海道雨竜郡幌加内町字朱鞠内８６８２番地１,2017-03-02,株式会社
Ｍｙ２Ｋ株式会社,千葉県柏市戸張９３９番地５,2017-03-02,株式会社
ＮＣＫ・ＣＨＩＮＡ株式会社,東京都港区芝浦３丁目７番１２号,2017-03-02,株式会社
ＮＰＯ法人ユニークユニバース,千葉県船橋市大穴北１丁目２６番１棟１０９号,2017-03-02,その他の設立登記法人
ＯＰＥＲＡＴＩＯＮＳ株式会社,神奈川県横浜市港北区師岡町４９３番地１,2017-03-02,株式会社
ＰＡＰＥＲ＆ＣＯ合同会社,福岡県北九州市若松区高須南１丁目１１－５６,2017-03-02,合同会社
Ｐｉｌｉｌｙ合同会社,神奈川県横浜市西区東久保町２７番２０－１２７号,2017-03-02,合同会社
Ｐｏｌｙｆｏｘ合同会社,東京都新宿区三栄町８番地３７－１２４,2017-03-02,合同会社
ＲＥＴＥＩＬＳ株式会社,大阪府箕面市白島２丁目２８番８号,2017-03-02,株式会社
Ｒｅｂｕｉｌｄ株式会社,東京都新宿区高田馬場４丁目４０番１８－８０１号,2017-03-02,株式会社
ＳＡＭ　ｊａｐａｎ株式会社,愛知県岡崎市明大寺町字大圦１番３７,2017-03-02,株式会社
ＳＵＮＤＲＥＤ株式会社,東京都大田区西馬込２丁目１番５号,2017-03-02,株式会社
Ｔ－アクティブ株式会社,愛知県犬山市大字羽黒字外山野４６番地６４,2017-03-02,株式会社
ＴＫＢ合同会社,千葉県千葉市花見川区花園２丁目８番２６号,2017-03-02,合同会社
ＴＭＴ合同会社,京都府京都市中京区大宮通三条下る三条大宮町２４４番地４,2017-03-02,合同会社
ｓｔｙｌｅ８６株式会社,愛知県瀬戸市瀬戸口町２番地瀬戸口南ビル４－Ｂ,2017-03-02,株式会社
ｙｎ工業株式会社,東京都青梅市藤橋２丁目６０２番地の２４,2017-03-02,株式会社
ありだ共選,和歌山県有田市千田１９４番地,2017-03-03,その他
いちごオーナーズ株式会社,東京都千代田区内幸町１丁目１番１号,2017-03-03,株式会社
えーひだカンパニー株式会社,島根県安来市広瀬町梶福留１２６８番地,2017-03-03,株式会社
くくのち株式会社,北海道札幌市北区麻生町５丁目８番２０－４０６号,2017-03-03,株式会社
さかえＬＬＣ合同会社,大分県大分市大字政所２１１４番地の１,2017-03-03,合同会社
たくさんエクスプレス合同会社,佐賀県多久市北多久町大字小侍６５５番地,2017-03-03,合同会社
でんぐる株式会社,福岡県福岡市博多区博多駅前３丁目７番３４号,2017-03-03,株式会社
とつかわ水産株式会社,奈良県吉野郡十津川村大字出谷１３１３番地,2017-03-03,株式会社
とまり木福祉協会株式会社,福井県鯖江市鳥羽１丁目１２番１０号,2017-03-03,株式会社
にいや企画管理株式会社,神奈川県横浜市青葉区奈良町７７２番地,2017-03-03,株式会社
にしだ設備株式会社,熊本県玉名市伊倉北方２９２６番地１,2017-03-03,株式会社
にっとくスマイル株式会社,愛知県名古屋市瑞穂区高辻町１４番１８号,2017-03-03,株式会社
まるさんかくしかく株式会社,和歌山県西牟婁郡白浜町３３０９番地の２２,2017-03-03,株式会社
ゆとりケア合同会社,埼玉県草加市両新田西町３２番地１１,2017-03-03,合同会社
アカデミー出版合同会社,大阪府大阪市此花区高見３丁目７番１４号,2017-03-03,合同会社
アクティブサポート株式会社,大阪府大阪市浪速区恵美須西３丁目２番１１号,2017-03-03,株式会社
アズール・リアルエステイト合同会社,東京都中央区銀座７丁目１３番６号サガミビル２階,2017-03-03,合同会社
アットシグナル株式会社,和歌山県和歌山市黒田１丁目１番１９号,2017-03-03,株式会社
アーマックス株式会社,東京都品川区大井１丁目３５番７号,2017-03-03,株式会社
イオス合同会社,群馬県高崎市鼻高町５０番１４号,2017-03-03,合同会社
イー・ワーク社会保険労務士法人,東京都千代田区飯田橋２丁目１番４号九段セントラルビル４０２,2017-03-03,その他の設立登記法人
ウィング不動産株式会社,北海道旭川市永山七条５丁目３番２号,2017-03-03,株式会社
エイディディキャピタル株式会社,東京都杉並区高円寺南５丁目２１番３号,2017-03-03,株式会社
エグゼック株式会社,福岡県福岡市早良区百道浜３丁目８番３３号,2017-03-03,株式会社
エヌエス合同会社,千葉県千葉市中央区星久喜町７０１番２７,2017-03-03,合同会社
エヌビーシーユニバーサル・アジア・ジャパン合同会社,東京都千代田区丸の内１丁目１番１号,2017-03-03,合同会社
エミフルホーム株式会社,大分県大分市大字下徳丸１３０番地１,2017-03-03,株式会社
エム・ジェイ・アール合同会社,東京都世田谷区上用賀３丁目１２番３号,2017-03-03,合同会社
オプリード株式会社,東京都港区東麻布１丁目４番２号,2017-03-03,株式会社
カッサーノ合同会社,愛知県知多郡阿久比町大字福住字高根台３２番地５,2017-03-03,合同会社
カミシマチャイルドクラブ運営委員会,岡山県笠岡市神島４１３６,2017-03-03,その他
キタ・クラフト株式会社,北海道上川郡下川町幸町１１３番地,2017-03-03,株式会社
キュアライフジャパン株式会社,大阪府守口市佐太中町６丁目１６番１０号,2017-03-03,株式会社
キングスター合同会社,大阪府大阪市東成区大今里３丁目２２番３５号,2017-03-03,合同会社
クオリティオブライフ・コンストラクション株式会社,大阪府大阪市淀川区東三国６丁目１２番１号１階,2017-03-03,株式会社
クラージュ合同会社,福岡県福岡市博多区博多駅前３丁目７番３５号,2017-03-03,合同会社
クリッパーエンターテイメント株式会社,東京都新宿区西新宿３丁目９－５,2017-03-03,株式会社
グランビアジャパン株式会社,東京都渋谷区恵比寿４丁目２０番３号恵比寿ガーデンプレイスタワー１８階,2017-03-03,株式会社
ケイエス株式会社,福岡県福岡市南区三宅１丁目１３番７号,2017-03-03,株式会社
ケイ合同会社,兵庫県神戸市垂水区塩屋町４丁目３番１４号,2017-03-03,合同会社
コアレスモータ株式会社,神奈川県大和市中央林間４丁目９番３－２号,2017-03-03,株式会社
コハク株式会社,富山県下新川郡入善町小摺戸１５０９番地３,2017-03-03,株式会社
ゴーイングコンサーン合同会社,東京都中央区晴海２丁目３番３０－４４０８号,2017-03-03,合同会社
サムライ・スティール合同会社,大阪府大阪市淀川区宮原１丁目１９番２３号,2017-03-03,合同会社
サンノー株式会社,大阪府大阪市東住吉区矢田２丁目１番２２号シティハイツ公園東２００号,2017-03-03,株式会社
シェノン株式会社,福井県福井市舟橋新２丁目４０６番地,2017-03-03,株式会社
シャン・ド・フルール株式会社,福岡県北九州市八幡西区千代３丁目３番４号,2017-03-03,株式会社
シルバーライフ株式会社,大阪府高槻市真上町６丁目３番５号,2017-03-03,株式会社
シンクジンク合同会社,大分県大分市花津留１丁目１０番１１号,2017-03-03,合同会社
シーズ・マテリアル合同会社,福島県福島市永井川字松木下１０番地の９,2017-03-03,合同会社
シーズ工業株式会社,神奈川県横浜市南区南太田４丁目１番１－４２０号,2017-03-03,株式会社
ジェイ．ライフ物流株式会社,岐阜県中津川市福岡１３８７番地３８,2017-03-03,株式会社
ジョッゴ株式会社,東京都新宿区市谷田町２丁目１７番地,2017-03-03,株式会社
スクールバス不動産株式会社,大阪府大阪市中央区北浜１丁目５番８号,2017-03-03,株式会社
セブン・オー株式会社,奈良県北葛城郡広陵町馬見中３丁目１番１７５号,2017-03-03,株式会社
センチュリー・ファーム株式会社,東京都千代田区大手町１丁目１番１号,2017-03-03,株式会社
ソフトアンドフィールド株式会社,東京都中央区佃２丁目１１番６号,2017-03-03,株式会社
ソレイユ商事株式会社,東京都北区西が丘２丁目１９番９号,2017-03-03,株式会社
タイズ・ラボ株式会社,山梨県甲府市朝日２丁目１１番１５号,2017-03-03,株式会社
テクニカル・サポート合同会社,大阪府寝屋川市下木田町５番１６号,2017-03-03,合同会社
トゥウェンティーファイブ株式会社,東京都渋谷区渋谷１丁目１番３号,2017-03-03,株式会社
ノムラ塗装株式会社,富山県富山市布瀬町南３丁目８番地１３,2017-03-03,株式会社
ハクリア化粧品株式会社,大阪府大阪市北区太融寺町４番２０号すてらめいとビル,2017-03-03,株式会社
ハクワ株式会社,北海道札幌市北区北七条西２丁目６番地,2017-03-03,株式会社
ハザー株式会社,東京都中央区銀座１丁目５番８号,2017-03-03,株式会社
ハマナＮＥＸ株式会社,奈良県北葛城郡広陵町馬見中３丁目１番１７５号,2017-03-03,株式会社
ハンズバリュー株式会社,山形県山形市松栄１丁目３番８号,2017-03-03,株式会社
ビスマス株式会社,神奈川県横浜市都筑区川和町２１９３番地２４,2017-03-03,株式会社
フジ・パーフェクション株式会社,静岡県御殿場市萩原９９２番地の１８９,2017-03-03,株式会社
フラワー電力グリーン合同会社,東京都千代田区内幸町２丁目２番３号,2017-03-03,合同会社
フラワー電力ブルー合同会社,東京都千代田区内幸町２丁目２番３号,2017-03-03,合同会社
フロス株式会社,愛知県豊橋市東岩田２丁目１９番地１７,2017-03-03,株式会社
ブンゴミート株式会社,大分県豊後高田市新町９０７番地,2017-03-03,株式会社
プラスデザイン株式会社,兵庫県西宮市松下町８番２８－５０３号,2017-03-03,株式会社
ヘレン未來資産合同会社,東京都港区西新橋２丁目７番４号ＣＪビル１１階エーアンドシー総合事務所内,2017-03-03,合同会社
ホンボウ商事株式会社,鹿児島県鹿児島市真砂町７６番１３号,2017-03-03,株式会社
ボーダレスハウス株式会社,東京都新宿区市谷田町２丁目１７番地,2017-03-03,株式会社
マルセイ株式会社,福岡県鞍手郡鞍手町大字新延７４２番地２,2017-03-03,株式会社
ミラサイト株式会社,三重県津市柳山津興３２６番地１,2017-03-03,株式会社
メゾンリュクス株式会社,東京都新宿区山吹町３５３番地,2017-03-03,株式会社
メディカエイドシステムズ株式会社,神奈川県横浜市港北区大豆戸町２５７,2017-03-03,株式会社
モア・アセットマネージメント合同会社,東京都港区南青山２丁目１５番５号,2017-03-03,合同会社
モリシタ企画合同会社,東京都江戸川区西葛西６丁目１２番１号,2017-03-03,合同会社
ユナイテッドプロフェッショナルズ株式会社,東京都中央区晴海１丁目６番１－１２０５号,2017-03-03,株式会社
ヨウォール株式会社,東京都渋谷区笹塚１丁目５６番６号クレセントプラザ笹塚９０Ｆ,2017-03-03,株式会社
ライフラインサービス株式会社,愛媛県松山市堀江町甲４５３番地７,2017-03-03,株式会社
リアヴァ株式会社,東京都台東区池之端１丁目１番７号,2017-03-03,株式会社
リズミカル株式会社,東京都渋谷区円山町２３番４号サトウコーポラス５０１号室,2017-03-03,株式会社
リノベート仙台株式会社,宮城県仙台市泉区明通４丁目５番１７,2017-03-03,株式会社
リバティワンプラス株式会社,岩手県盛岡市津志田南１丁目２番２号,2017-03-03,株式会社
リリカ株式会社,福岡県久留米市宮ノ陣４丁目２９番１１号久留米ビジネスプラザ,2017-03-03,株式会社
ロンディネ株式会社,宮城県柴田郡柴田町大字船岡字七作１８２番地,2017-03-03,株式会社
ロータス合同会社,沖縄県沖縄市与儀３丁目１－７プレミアムコート与儀パークヒルズ３Ｂ,2017-03-03,合同会社
ワールド・スペース合同会社,福岡県福岡市南区南大橋１丁目２番２９号,2017-03-03,合同会社
ヴェリック株式会社,埼玉県川口市大字大竹１８７番地の３,2017-03-03,株式会社
一般社団法人いよのミライカイギ,愛媛県伊予市双海町大久保甲２８７番地１,2017-03-03,その他の設立登記法人
一般社団法人こどものためのキャリアクエスト,東京都江東区佐賀１丁目８番４－１００６号,2017-03-03,その他の設立登記法人
一般社団法人アニマルセラピーこころサポート協会,神奈川県鎌倉市西鎌倉４丁目２０番１１号,2017-03-03,その他の設立登記法人
一般社団法人オブジェ・アー,山梨県北杜市高根町清里３５４５番地４７２７,2017-03-03,その他の設立登記法人
一般社団法人キックバイクジャパン,大阪府大阪市北区東天満２丁目２番１７号,2017-03-03,その他の設立登記法人
一般社団法人グローイング,大阪府大阪市福島区野田４丁目５番９号,2017-03-03,その他の設立登記法人
一般社団法人ディアーズ,東京都調布市菊野台２丁目４番２号メイングリーン小川１０３,2017-03-03,その他の設立登記法人
一般社団法人デザイン経営研究所,東京都世田谷区玉川２丁目１５番７号,2017-03-03,その他の設立登記法人
一般社団法人ブルー,東京都中央区日本橋２丁目７番１号,2017-03-03,その他の設立登記法人
一般社団法人中部日本整形外科災害外科学会,京都府京都市上京区寺町通今出川下ル東側扇町２７２番地２扇ビル４階,2017-03-03,その他の設立登記法人
一般社団法人九州トランポリンケア研究所,佐賀県佐賀市末広２丁目１３番２９号,2017-03-03,その他の設立登記法人
一般社団法人人材開発促進協会,京都府京都市右京区嵯峨石ケ坪町１番地１４３,2017-03-03,その他の設立登記法人
一般社団法人北海道メディカルホールディングス,北海道札幌市中央区北一条東１丁目２番５号カレスサッポロビル８階,2017-03-03,その他の設立登記法人
一般社団法人北海道ＩＴＣ協会,北海道札幌市北区北二十一条西４丁目２番５号１階,2017-03-03,その他の設立登記法人
一般社団法人大阪市児童福祉施設連盟,大阪府大阪市東住吉区南田辺４丁目５番２号,2017-03-03,その他の設立登記法人
一般社団法人富山新庄スポーツクラブ,富山県富山市新庄本町３丁目２番２号,2017-03-03,その他の設立登記法人
一般社団法人愛知県建設産業協会,愛知県名古屋市昭和区桜山町３丁目５１番地２,2017-03-03,その他の設立登記法人
一般社団法人日本危機管理機構,大阪府大阪市北区堂島２丁目２番２８号堂島アクシスビル４階,2017-03-03,その他の設立登記法人
一般社団法人日本台湾深交会輝,千葉県船橋市本町４丁目４３番２－１１０５号,2017-03-03,その他の設立登記法人
一般社団法人日本訪問リハビリテーション技能士協会,千葉県千葉市緑区誉田町２丁目２１番地１４２４,2017-03-03,その他の設立登記法人
一般社団法人日本農業正常化推進協議会,東京都渋谷区初台１丁目４８番５－９０５号,2017-03-03,その他の設立登記法人
一般社団法人東洋医学普及推進機構,東京都渋谷区千駄ヶ谷４丁目１１番８号,2017-03-03,その他の設立登記法人
一般社団法人燈,東京都千代田区麹町４丁目７番２号Ｄａｉｗａ麹町４丁目ビル８階,2017-03-03,その他の設立登記法人
一般社団法人環境事業支援機構,東京都中央区築地３丁目１番１０号,2017-03-03,その他の設立登記法人
一般社団法人環境未来都市推進機構,埼玉県さいたま市浦和区高砂４丁目３番１２号,2017-03-03,その他の設立登記法人
一般社団法人ＡＰ亀井野,東京都港区元赤坂１丁目１番８号赤坂コミュニティビル４階,2017-03-03,その他の設立登記法人
一般社団法人Ｃｈａｌｌｅｎｇｅｒ,大阪府大阪市東成区大今里２丁目３３番２７号,2017-03-03,その他の設立登記法人
一般社団法人ＥＬＣ,兵庫県神戸市中央区八幡通１丁目１番１４－６０２号,2017-03-03,その他の設立登記法人
一般社団法人ＦＵＪＩ　ＶＩＳＩＯＮ　ＡＩＤ　ＭＩＳＳＩＯＮ,北海道札幌市中央区南二条西１丁目３番地,2017-03-03,その他の設立登記法人
一般社団法人ＨＩＵ近畿,大阪府大阪市北区曾根崎２丁目５番２２号,2017-03-03,その他の設立登記法人
一般社団法人ＫＳＨＳ,神奈川県横浜市緑区霧が丘４丁目１番地グリーンタウン１５棟３０１号,2017-03-03,その他の設立登記法人
一般社団法人ＭＭアセット・ホールディングス,東京都中央区日本橋２丁目７番１号,2017-03-03,その他の設立登記法人
一般社団法人Ｓｈａｌｏｍ　ＹＯＳＨＩＴＯ,北海道登別市新川町３丁目１番地２７,2017-03-03,その他の設立登記法人
一般社団法人Ｔｈｉｎｋｉｎｇ　Ｅｎｔｅｒｔａｉｎｍｅｎｔｓ,東京都港区高輪１丁目１２番１０号,2017-03-03,その他の設立登記法人
一般社団法人Ｕ２７グローバルヒーローズ,京都府京都市下京区烏丸通仏光寺下る大政所町６８０－１,2017-03-03,その他の設立登記法人
一般財団法人高橋貞子記念会,神奈川県横浜市中区尾上町３丁目４６番地木村ビル８階尾立法律事務所,2017-03-03,その他の設立登記法人
三和土地改良区,栃木県足利市松田町４４１,2017-03-03,その他
上尾原建設株式会社,広島県広島市東区戸坂大上１丁目１番６－１０３号,2017-03-03,株式会社
中哲商事株式会社,福岡県福岡市東区香椎浜３丁目３番４－１９０８号,2017-03-03,株式会社
中央産業株式会社,和歌山県有田郡有田川町大字土生５２９番地３３,2017-03-03,株式会社
中央緑化工業株式会社,宮城県柴田郡大河原町大谷字稗田前２７番地６,2017-03-03,株式会社
中部日本医療協同組合,千葉県市川市市川１丁目１２番７号金定ビル３階３０１号室,2017-03-03,その他の設立登記法人
五條警備株式会社,奈良県五條市小島町５０１番地,2017-03-03,株式会社
信頣商事株式会社,静岡県浜松市西区坪井町４６２５－１,2017-03-03,株式会社
共生リハビリ株式会社,北海道稚内市港３丁目２番１８号,2017-03-03,株式会社
利根会計税理士法人,千葉県千葉市花見川区幕張本郷２丁目１９番１０号,2017-03-03,その他の設立登記法人
前田不動産鑑定合同会社,岐阜県岐阜市琴塚３丁目１５番１号Ｂ棟２０２号,2017-03-03,合同会社
北井上西部土地改良区,徳島県徳島市国府町西黒田字南傍示２７１,2017-03-03,その他
北海道中央農業共済組合,北海道深川市一条５番５号,2017-03-03,その他の設立登記法人
北陸電力ビズ・エナジーソリューション株式会社,富山県富山市牛島町１５番１号,2017-03-03,株式会社
医療法人一宣会,大阪府大阪市淀川区塚本２丁目２１番７号,2017-03-03,その他の設立登記法人
医療法人社団シティデンタルクリニック,東京都調布市上石原２丁目３３番地２ＮＫビル２階,2017-03-03,その他の設立登記法人
医療法人社団三暉会,東京都杉並区上井草３丁目３１番１５号石泉ビル１０１号室,2017-03-03,その他の設立登記法人
医療法人社団六郷こどもクリニック,東京都大田区仲六郷４丁目３１番１６号ナズ六郷レックス１階,2017-03-03,その他の設立登記法人
医療法人社団武志会,東京都港区虎ノ門２丁目３番２２号第１秋山ビル２階,2017-03-03,その他の設立登記法人
医療法人社団育芯会,東京都大田区平和島６丁目１番１号東京流通センター１階１３１号,2017-03-03,その他の設立登記法人
医療法人社団駒﨑医院,東京都杉並区上荻４丁目３０番１２号ロイヤルプレイス西荻窪１階,2017-03-03,その他の設立登記法人
医療法人社団高千穂会,東京都板橋区高島平１丁目８３番８号,2017-03-03,その他の設立登記法人
医療法人社団ＲＳＲ,東京都杉並区堀ノ内３丁目５２番２２号１階,2017-03-03,その他の設立登記法人
千葉県観光土産品連盟,千葉県千葉市中央区中央２丁目５番１号千葉中央ツインビル２号館,2017-03-03,その他
千里商事株式会社,大阪府吹田市千里山西５丁目４番８号サイフクハウス１０１号室,2017-03-03,株式会社
合同会社かのん,福岡県福岡市南区向野２丁目１０番１３号１０５,2017-03-03,合同会社
合同会社ぐりぐら,北海道札幌市東区北五十条東９丁目５番１５号,2017-03-03,合同会社
合同会社たつみ,徳島県徳島市南佐古一番町１番９号,2017-03-03,合同会社
合同会社なぁに,東京都文京区本駒込５丁目６７番１－９０４号,2017-03-03,合同会社
合同会社ひかり,福岡県筑紫野市塔原東３丁目５番３号（サンガーデンＴＭ．Ｃ１０１号）,2017-03-03,合同会社
合同会社ほりびる,岐阜県岐阜市神田町２丁目１４番地２ＮＨビル,2017-03-03,合同会社
合同会社まごころｏｆｆｉｃｅ,山梨県甲府市貢川本町１３番地２７,2017-03-03,合同会社
合同会社イノウ,福岡県福岡市博多区下呉服町２番６－４０１号,2017-03-03,合同会社
合同会社ウィズ・コーポレーション,大阪府四條畷市江瀬美町２３番２号,2017-03-03,合同会社
合同会社ウェブタン,東京都葛飾区水元２丁目１９番１９号,2017-03-03,合同会社
合同会社エム・ブリリアント,青森県青森市大字三内字丸山１７番地４７,2017-03-03,合同会社
合同会社エレガトップ,福岡県福岡市西区今宿３丁目３２番８号,2017-03-03,合同会社
合同会社ガヤコーヒー,鹿児島県鹿児島市坂之上４丁目２番１５号,2017-03-03,合同会社
合同会社キャッチ＆リリース,茨城県鉾田市高田１０９番地,2017-03-03,合同会社
合同会社キャピタル・オール,東京都港区港南２丁目１５番１号品川インターシティＡ棟２８階,2017-03-03,合同会社
合同会社クロノス,東京都杉並区天沼３丁目６番１５号,2017-03-03,合同会社
合同会社クワトロチェーロ,大阪府大阪市天王寺区四天王寺１丁目４－１７,2017-03-03,合同会社
合同会社グリーン華菱,宮崎県都城市山之口町花木２３２０番地２,2017-03-03,合同会社
合同会社グロリオーサ,北海道札幌市東区北十二条東１０丁目１番８号,2017-03-03,合同会社
合同会社ニライカナイ,徳島県板野郡板野町川端字惣徳田２０番地２,2017-03-03,合同会社
合同会社ファーストハウス,東京都港区南青山２丁目２番１５号,2017-03-03,合同会社
合同会社フォーレンダンク,神奈川県相模原市南区相模台３丁目５番１８号,2017-03-03,合同会社
合同会社ブレス１９０,東京都渋谷区笹塚２丁目１２番１１－４０４号,2017-03-03,合同会社
合同会社プラスロボ,東京都板橋区仲宿６３番１号メゾン・ド・ミヤイⅡ３０１号室,2017-03-03,合同会社
合同会社ムゲン,東京都港区浜松町２丁目２番１５号,2017-03-03,合同会社
合同会社ライフグリーン静岡,静岡県静岡市駿河区用宗４丁目１番９号,2017-03-03,合同会社
合同会社ライブエムツー,北海道札幌市白石区北郷四条１２丁目１１番３号,2017-03-03,合同会社
合同会社ラザンツ,熊本県八代市高島町４２１０番地１,2017-03-03,合同会社
合同会社レインボー,和歌山県和歌山市大谷２７１番地,2017-03-03,合同会社
合同会社ワイツーオフィス,大阪府大阪市北区天満２丁目２番１９号,2017-03-03,合同会社
合同会社ワキヤマ企画,大阪府大阪市中央区南本町３丁目３番１７号丸松ビル４Ｆ１９号室,2017-03-03,合同会社
合同会社久我創建,熊本県菊池郡菊陽町武蔵ヶ丘北１丁目６－１１,2017-03-03,合同会社
合同会社京都リゾーツリアルティ,東京都港区虎ノ門３丁目２２番１０－２０１号,2017-03-03,合同会社
合同会社加島ファーム,広島県三次市君田町石原４０６番地３,2017-03-03,合同会社
合同会社南青山オーガニック,東京都渋谷区上原３丁目２１番７号,2017-03-03,合同会社
合同会社吉田商店,茨城県つくば市苅間１０７２番地,2017-03-03,合同会社
合同会社土浦クリーンサービス,茨城県土浦市木田余東台４丁目６番１１号サウスヒルズパートⅡ１０２,2017-03-03,合同会社
合同会社工事プランドットコム,埼玉県さいたま市岩槻区大字岩槻６８３７番地,2017-03-03,合同会社
合同会社平井インターナショナルトレーディング,東京都中野区新井４丁目１８番１６号ナカムラビル４０３,2017-03-03,合同会社
合同会社木村鋼設,北海道札幌市北区新琴似六条８丁目６番３号,2017-03-03,合同会社
合同会社未来住宅設備,宮城県仙台市若林区沖野２丁目１番５７号ウェルフェア沖野１０１,2017-03-03,合同会社
合同会社森脇,福岡県飯塚市綱分７１３番地４１,2017-03-03,合同会社
合同会社渋谷総業,東京都府中市小柳町５丁目４番地の２９,2017-03-03,合同会社
合同会社焔,三重県津市香良洲町６６１２番地３,2017-03-03,合同会社
合同会社碧,島根県大田市三瓶町池田６８３番地,2017-03-03,合同会社
合同会社福岡国際交流カレッジ,福岡県柳川市三橋町柳河７０２番地２,2017-03-03,合同会社
合同会社虹コーポレーション,東京都千代田区外神田４丁目１４番２－２１０９号,2017-03-03,合同会社
合同会社西田,大阪府豊中市緑丘４丁目１番３０－６０３号,2017-03-03,合同会社
合同会社阿武萩ウッドクルー,山口県萩市大字福井下３０７番地の１,2017-03-03,合同会社
合同会社麗佳,栃木県日光市針貝１０８７番地１２,2017-03-03,合同会社
合同会社Ａ－Ｄｏ,東京都練馬区南田中４丁目２３番１０号,2017-03-03,合同会社
合同会社ＡＬＬコーポレーション,岡山県高梁市正宗町２０２０番地,2017-03-03,合同会社
合同会社ＡＭＡインターナショナル,千葉県白井市根字横谷津台１８７１番地５３,2017-03-03,合同会社
合同会社Ａｔ．ＫＭ,東京都八王子市鑓水２丁目７８番１号ベルテラッセ南大沢１０９,2017-03-03,合同会社
合同会社Ｂ・スポーツ,東京都大田区北嶺町６番９号,2017-03-03,合同会社
合同会社ＣＲＡＮＫ,東京都荒川区南千住７丁目１１番２号４０１号室,2017-03-03,合同会社
合同会社ＦＦ,熊本県菊池市旭志川辺１９２７番地１,2017-03-03,合同会社
合同会社ＦＫＤ＆Ｓ,東京都千代田区紀尾井町４番３,2017-03-03,合同会社
合同会社ＦＯＲＷＡＲＤＴＯＵＲ,東京都足立区西綾瀬３丁目６番６号,2017-03-03,合同会社
合同会社Ｆｅｅｌ　ｆｌｏｗ,北海道札幌市中央区南八条西２１丁目１番６号,2017-03-03,合同会社
合同会社Ｇ・Ｍ　ＥＮＴＥＲＰＲＩＳＥＳ,千葉県富里市十倉３７５番地２,2017-03-03,合同会社
合同会社ＧＯＯＤ　ＨＯＵＳＥ,東京都杉並区善福寺２丁目２１番１６号,2017-03-03,合同会社
合同会社ＨＡＬａｋｅ,東京都世田谷区南烏山６丁目３４番３号,2017-03-03,合同会社
合同会社ＨＲＢ,大阪府枚方市長尾東町２丁目８番１５号,2017-03-03,合同会社
合同会社ＩＭＯＴＡＳ,福岡県糸島市志摩師吉５５６番地１０,2017-03-03,合同会社
合同会社Ｊ．Ｐ．Ｃｏｎｎｅｃｔ,東京都新宿区大京町２６番地１,2017-03-03,合同会社
合同会社ＪＦＳ,大阪府大阪市西区北堀江１丁目１番２７号,2017-03-03,合同会社
合同会社ＫＥＳＨＩＮ,神奈川県横浜市中区北仲通３丁目３３関内フューチャーセンター２０１,2017-03-03,合同会社
合同会社ＫＳＭ工業,富山県高岡市五福町５番２７号,2017-03-03,合同会社
合同会社ＫＷ,東京都北区西ケ原１丁目５４番６号,2017-03-03,合同会社
合同会社ＬＵＸ,東京都板橋区南常盤台１丁目３１番５号,2017-03-03,合同会社
合同会社ＬＵＸＡＳ,東京都荒川区東日暮里２丁目２１番７号,2017-03-03,合同会社
合同会社ＭＩ,東京都豊島区池袋３丁目４６番５号,2017-03-03,合同会社
合同会社ＮＫＹコーポレーション,熊本県上益城郡益城町大字小池１３７７番地５,2017-03-03,合同会社
合同会社Ｎｕｍｅｒｏ８１８,大阪府大阪市阿倍野区文の里２丁目１１番１９－４０３号,2017-03-03,合同会社
合同会社Ｒｅｖｉｖａｌ,鹿児島県鹿児島市甲突町２３番７号,2017-03-03,合同会社
合同会社ＳＡＥＩ,山形県上山市権現堂３５３番地２,2017-03-03,合同会社
合同会社ＳＡＲＡ　ＬＡＮＫＡ,群馬県伊勢崎市日乃出町４３１番地２の５,2017-03-03,合同会社
合同会社ＳｅａｒｃｈＬｉｎｅ,大阪府大阪市北区梅田１丁目１１番４－１０００号,2017-03-03,合同会社
合同会社ＳｐａｒｑＬｉｔｅ,東京都八王子市石川町１６１５番２２,2017-03-03,合同会社
合同会社Ｔ‐ＮＡ,愛知県名古屋市中区栄５丁目２６－３６ＧＳ栄Ⅱビル７Ｆ,2017-03-03,合同会社
合同会社ＴＡＭＡＫＩ,埼玉県さいたま市西区大字指扇４３４２番地４,2017-03-03,合同会社
合同会社ＴＡＳＳ・ＬＩＦＥ,福岡県福岡市博多区博多駅南６丁目８番３０－８１４号,2017-03-03,合同会社
合同会社ＴＥＳＯＲＯ　Ｄｒｅａｍ,東京都葛飾区亀有３丁目１２番５－１０３号,2017-03-03,合同会社
合同会社ＴＨＩ,東京都港区浜松町２丁目２番１５号,2017-03-03,合同会社
合同会社ＴＫＣ,東京都福生市大字熊川１６９３番地１５,2017-03-03,合同会社
合同会社ＴｏＫｏ,大分県大分市緑が丘４丁目１３番８号,2017-03-03,合同会社
合同会社ＵＮＣ　ＩＮＴＥＲＮＡＴＩＯＮＡＬ,栃木県栃木市大平町北武井９２番地４,2017-03-03,合同会社
合同会社ＵＮＩＸ　Ｅｎｅｒｇｙ,東京都中野区弥生町２丁目１０番５号,2017-03-03,合同会社
合同会社Ｙ＆Ｍ,神奈川県横浜市金沢区大道２丁目２２番６０号,2017-03-03,合同会社
合同会社Ｙ．Ｃ．Ｓ．,大阪府豊中市南桜塚３丁目４番２２号,2017-03-03,合同会社
合同会社Ｙｅｌｌ＆Ａｌｅ,大阪府大阪市東成区神路４丁目３番２４－３０２号,2017-03-03,合同会社
合同会社ａｏ,千葉県習志野市鷺沼４丁目１２番３７号,2017-03-03,合同会社
合同会社ｃｈｏｉ－ｓａｐｏ,東京都港区三田５丁目１３番９－４０８号,2017-03-03,合同会社
合同会社ｍｉｌｉｏ,北海道札幌市中央区宮の森一条４丁目１番６号ｓｔｕｄｉｏ　ｄａｎｇｏ,2017-03-03,合同会社
合同会社ｏｆｆｉｃｅ１１９２,神奈川県藤沢市片瀬海岸１丁目１２番４号ビーチサイドビジネスセンター内,2017-03-03,合同会社
合名会社印南企画,大阪府堺市西区北条町１丁３番５号,2017-03-03,合名会社
吉祥合同会社,熊本県熊本市中央区九品寺１丁目１９番３の９０２,2017-03-03,合同会社
和プラス株式会社,福井県福井市米松２丁目６番８号大広ビル３０１号,2017-03-03,株式会社
外壁・屋根の匠株式会社,大阪府大阪市北区鶴野町１番地３安田ビル３Ｆ,2017-03-03,株式会社
大電工業株式会社,宮城県仙台市泉区上谷刈６丁目７番１４号,2017-03-03,株式会社
妙法寺駅前住宅管理組合,兵庫県神戸市須磨区横尾１丁目４－１,2017-03-03,その他
富山エステート合同会社,東京都中央区日本橋２丁目２番３号ＲＩＳＨＥビルＵＣＦ４０２,2017-03-03,合同会社
山工金属合同会社,鹿児島県鹿児島市紫原４丁目２３番５号１０３,2017-03-03,合同会社
山田板金株式会社,神奈川県横須賀市森崎３丁目１５番１６－１号,2017-03-03,株式会社
川崎・しんゆり芸術祭２０１７実行委員会,神奈川県川崎市麻生区万福寺１丁目１２－１クロスアベニューⅡ８Ｆ,2017-03-03,その他
平岩産業株式会社,京都府京都市北区西賀茂水垣町２８番地,2017-03-03,株式会社
広坂ハイボール株式会社,石川県金沢市本多町１丁目１１番５号,2017-03-03,株式会社
弥武輸送株式会社,福岡県糟屋郡宇美町障子岳３丁目４番４号,2017-03-03,株式会社
惠澤商事株式会社,茨城県つくば市吾妻４丁目１４番地３,2017-03-03,株式会社
戸発商店株式会社,滋賀県大津市真野５丁目２９番１５号,2017-03-03,株式会社
播磨エヌ・ケー・ホーム株式会社,兵庫県姫路市綿町１０番地の２（第２不動ビル８階）,2017-03-03,株式会社
日南ホールディングス株式会社,愛知県小牧市大字小木２４番地１４,2017-03-03,株式会社
日宝開発有限会社,兵庫県明石市野々上３丁目１６番地の４,2017-03-03,有限会社
日本内海商事株式会社,大阪府大阪市浪速区戎本町１丁目９番２１号８Ｆ,2017-03-03,株式会社
日本電興株式会社,東京都千代田区岩本町３丁目１０番７号東自機ビル７Ｆ,2017-03-03,株式会社
日本ＩＮＧＳ株式会社,大阪府大阪市西区新町１丁目２番１３号３Ｆ,2017-03-03,株式会社
日穂パートナーズ株式会社,三重県伊賀市柘植町４７４３番地,2017-03-03,株式会社
旭昇不動産株式会社,山梨県甲府市下石田２丁目１７番２２号,2017-03-03,株式会社
朝陽合同会社,東京都足立区千住中居町１９番１０号,2017-03-03,合同会社
株式会社おすみつき,愛知県名古屋市中村区名駅３丁目３番２号志摩ビル,2017-03-03,株式会社
株式会社おだわら動物病院,神奈川県小田原市浜町１丁目１０番１４号,2017-03-03,株式会社
株式会社かでんやさん,福岡県福岡市博多区博多駅前３丁目７番３４号,2017-03-03,株式会社
株式会社こぶし,東京都世田谷区成城５丁目４番４号,2017-03-03,株式会社
株式会社こもれび不動産,長野県松本市宮渕１丁目１番２２号,2017-03-03,株式会社
株式会社さいとう建築,愛媛県四国中央市妻鳥町１００４番地３,2017-03-03,株式会社
株式会社さくら法務会計事務所,大阪府大阪市北区天神橋２丁目２番８号（３０２）,2017-03-03,株式会社
株式会社せがわ農園,北海道深川市音江町字稲田１５７３番地,2017-03-03,株式会社
株式会社なべちゃんファーム,宮城県加美郡加美町四日市場字屋敷６０番地,2017-03-03,株式会社
株式会社まる甚,東京都立川市錦町５丁目４番１５号,2017-03-03,株式会社
株式会社やまがた鳳凰倶楽部,山形県東根市大字蟹沢７６１番地の１,2017-03-03,株式会社
株式会社やまでん,大阪府東大阪市小阪２丁目５番２０号,2017-03-03,株式会社
株式会社ゆうき,岐阜県岐阜市上城田寺南４７番地,2017-03-03,株式会社
株式会社ゆめまき,石川県かほく市遠塚ロ３５番地２,2017-03-03,株式会社
株式会社アイテック,佐賀県唐津市和多田西山２番８－４号,2017-03-03,株式会社
株式会社アイリンク,大阪府大阪市中央区本町橋２番１７アクシス内本町ビル２階,2017-03-03,株式会社
株式会社アイ・ユウホーム,福岡県大野城市若草４丁目４番１８号,2017-03-03,株式会社
株式会社アカクト,東京都渋谷区渋谷１丁目１７番１号,2017-03-03,株式会社
株式会社アキツプラニング,京都府京都市北区西賀茂鹿ノ下町４１番地,2017-03-03,株式会社
株式会社アキモト,福岡県北九州市若松区鴨生田４丁目９番２６号,2017-03-03,株式会社
株式会社アクアオーラ,富山県富山市石金１丁目１１番１１号,2017-03-03,株式会社
株式会社アグレットアソシエーション,千葉県四街道市大日１７９２番地３７,2017-03-03,株式会社
株式会社アジア太平洋通信社,東京都中央区銀座７丁目１３番６号サガミビル２階,2017-03-03,株式会社
株式会社アスウィンドウ,北海道札幌市東区北十三条東７丁目３番１５－１０２号,2017-03-03,株式会社
株式会社アスカ走天涯,埼玉県川口市東川口５丁目４番１４－４０１号,2017-03-03,株式会社
株式会社アスマキナ,神奈川県逗子市桜山３丁目４番１０号桜山ハイツ３Ｆ,2017-03-03,株式会社
株式会社アゼスＯＮＥ,宮城県登米市中田町石森字茨島２０１番地６,2017-03-03,株式会社
株式会社アップライズ,福岡県久留米市御井旗崎２丁目１９－２１－４０５,2017-03-03,株式会社
株式会社アップヴィレッジ,神奈川県厚木市金田３２７番６金田ウェルズＡ区画,2017-03-03,株式会社
株式会社アドバンスネット,大阪府大阪市浪速区難波中１丁目１４番１４号,2017-03-03,株式会社
株式会社アドプロ,福岡県久留米市安武町安武本２７２０番地１７,2017-03-03,株式会社
株式会社アマジキ,京都府京都市下京区烏丸通仏光寺下る大政所町６８０－１,2017-03-03,株式会社
株式会社アライ,宮城県富谷市成田７丁目２６番地３３,2017-03-03,株式会社
株式会社アリックスグループビジネスセンター,福岡県福岡市博多区博多駅東１丁目９番１１号,2017-03-03,株式会社
株式会社アルーア,長野県長野市南千歳１丁目３番地１１丸和ビル１階,2017-03-03,株式会社
株式会社アワヤカンパニー,静岡県駿東郡長泉町下土狩５３２番地の１,2017-03-03,株式会社
株式会社アンガット,東京都文京区湯島３丁目２番１４－２２１号,2017-03-03,株式会社
株式会社アークプロパティ,香川県高松市多賀町３丁目８番１５号,2017-03-03,株式会社
株式会社アームズ,大阪府東大阪市渋川町２丁目１０番９号,2017-03-03,株式会社
株式会社イトテック,山口県防府市大字江泊１１００番地の５１,2017-03-03,株式会社
株式会社イニシア,大阪府大阪市城東区今福西１丁目５番３－１１０２号,2017-03-03,株式会社
株式会社イノメッド・リサーチ,東京都杉並区本天沼２丁目９番９号,2017-03-03,株式会社
株式会社インテグライツ,大阪府大阪市平野区平野馬場１丁目６番１７号,2017-03-03,株式会社
株式会社インテンド,愛知県名古屋市中川区小本本町１丁目７３番地,2017-03-03,株式会社
株式会社インベストほけん,北海道岩見沢市大和三条４丁目１４番地７,2017-03-03,株式会社
株式会社ウィズホーム,埼玉県川口市大字石神９３２番地の１２,2017-03-03,株式会社
株式会社エイコウ技建,大分県大分市大字横尾３９７６番地の１,2017-03-03,株式会社
株式会社エイチアンドティー,鹿児島県鹿児島市上荒田町５２番１－２１０号,2017-03-03,株式会社
株式会社エイチツーオー,奈良県生駒市山崎町１２番２２号,2017-03-03,株式会社
株式会社エグゼクティブゴルフ,東京都千代田区神田神保町１丁目１３番地ＣＯＮＶＥＸ神保町４階,2017-03-03,株式会社
株式会社エスコンセ,福岡県小郡市大保１２３４番地１９,2017-03-03,株式会社
株式会社エスティ住宅設備,北海道札幌市白石区栄通１２丁目３番２４号,2017-03-03,株式会社
株式会社エスプラナーデ,東京都品川区大井７丁目３番１４号,2017-03-03,株式会社
株式会社エス・スリー,東京都江戸川区中央３丁目１３番１７号,2017-03-03,株式会社
株式会社エヌプラス,神奈川県大和市大和南２丁目２番６号２０２号室,2017-03-03,株式会社
株式会社エヌライズ,東京都江東区亀戸１丁目２５番１２号,2017-03-03,株式会社
株式会社エフアイティー,神奈川県横浜市緑区鴨居７丁目１１番７号,2017-03-03,株式会社
株式会社エフエムプロクシー,東京都渋谷区広尾１丁目３番１８号広尾オフィスビル１１Ｆ,2017-03-03,株式会社
株式会社エムジェイ,山梨県甲斐市篠原１７５０番地２８,2017-03-03,株式会社
株式会社エムズテック,神奈川県横浜市港北区小机町１２８番地１サングレイス小机３０８号,2017-03-03,株式会社
株式会社エル・シーＣ,福岡県福岡市博多区博多駅南１丁目１１番２７号,2017-03-03,株式会社
株式会社エーケー,静岡県浜松市西区西山町２０４２番地の１５,2017-03-03,株式会社
株式会社オオシマデンキ,群馬県沼田市岡谷町４８４番地,2017-03-03,株式会社
株式会社オカヨシ,岡山県岡山市中区平井５丁目３番２号,2017-03-03,株式会社
株式会社オギハラ音楽企画,広島県広島市安佐南区大塚西３丁目６番３４号,2017-03-03,株式会社
株式会社オパーライズ,東京都渋谷区神宮前１丁目２１番１５号,2017-03-03,株式会社
株式会社オーキッド,福岡県福岡市早良区南庄６丁目６番３０号,2017-03-03,株式会社
株式会社カズ電機,山口県防府市牟礼柳３９番３１号,2017-03-03,株式会社
株式会社カツヨシグレイトフル,宮城県仙台市青葉区落合５丁目２番７号,2017-03-03,株式会社
株式会社カツヨシグロース,宮城県遠田郡涌谷町字桑木荒１６１番地１,2017-03-03,株式会社
株式会社カツヨシファイン,宮城県石巻市茜平１丁目２番地４,2017-03-03,株式会社
株式会社カルディア,神奈川県横浜市港北区新横浜２丁目１４番２５号アポロ第２ビル３階,2017-03-03,株式会社
株式会社カントリーヴィレッジ,北海道河西郡芽室町東一条１丁目１１番地,2017-03-03,株式会社
株式会社カンパニーイースト,東京都渋谷区宇田川町２番１,2017-03-03,株式会社
株式会社キアーロコーポレーション,北海道江別市大麻晴美町５番地の４,2017-03-03,株式会社
株式会社キングダム,北海道旭川市豊岡十三条５丁目６番１７号,2017-03-03,株式会社
株式会社ギビック,大阪府大阪市福島区野田３丁目１２番２１号,2017-03-03,株式会社
株式会社ギビンググッド,福井県越前市上太田町第１０号８番地,2017-03-03,株式会社
株式会社クオリティ,東京都新宿区北新宿３丁目３５番１号,2017-03-03,株式会社
株式会社クルード,大阪府大阪市中央区南本町１丁目２番７号,2017-03-03,株式会社
株式会社クレアフィナンシャルパートナーズ,愛知県安城市三河安城東町１丁目２０番地７,2017-03-03,株式会社
株式会社クレストアップシステム,静岡県浜松市東区半田山２丁目１９番５号,2017-03-03,株式会社
株式会社クローバーフィールド,熊本県熊本市東区山ノ内２丁目２番３号レジデンス山ノ内３０２号,2017-03-03,株式会社
株式会社グルハナ,大阪府大阪市浪速区下寺２丁目９番９号２階,2017-03-03,株式会社
株式会社グロウ,大阪府大阪市中央区松屋町３番２３号,2017-03-03,株式会社
株式会社ケイズオフィス,香川県高松市古馬場町８番地５５,2017-03-03,株式会社
株式会社ゲル,静岡県静岡市葵区昭和町１番２号スカイタウンビル９－Ｃ号室,2017-03-03,株式会社
株式会社コクア警備,滋賀県大津市札の辻４番１６号日赤前シブヤビル２階,2017-03-03,株式会社
株式会社コンデュース,高知県高知市みづき３丁目２１０５番地,2017-03-03,株式会社
株式会社サイコーホーム,愛知県名古屋市北区彩紅橋通１丁目１番地の５ネオハイツ平安１階－Ａ号,2017-03-03,株式会社
株式会社サウステック,三重県南牟婁郡紀宝町井田９５８番地１,2017-03-03,株式会社
株式会社サウンテックス,宮城県仙台市泉区八乙女１丁目１３番地の２５,2017-03-03,株式会社
株式会社サウンドシーク,広島県広島市西区楠木町１丁目１６番４－５０９号,2017-03-03,株式会社
株式会社サクアバウト,東京都渋谷区富ヶ谷２丁目１７番１２号,2017-03-03,株式会社
株式会社サプライズモール,福岡県福岡市中央区荒戸１丁目９番１７号,2017-03-03,株式会社
株式会社サンエイト,大阪府大阪市淀川区西宮原２丁目５番４６－１０３号,2017-03-03,株式会社
株式会社サージェス,大分県大分市大字下徳丸４１０番地の９,2017-03-03,株式会社
株式会社シティーズ,鹿児島県鹿児島市下伊敷１丁目５０番２５号,2017-03-03,株式会社
株式会社シュリッツ,東京都渋谷区代々木４丁目１５番１０－１０１号,2017-03-03,株式会社
株式会社シンプル・プラス,長崎県長崎市中町４番２５号,2017-03-03,株式会社
株式会社シンミフード,静岡県掛川市弥生町１５８番地,2017-03-03,株式会社
株式会社シーアンドエム,大阪府箕面市粟生外院１丁目１７番１－５１２号,2017-03-03,株式会社
株式会社シードハウス,京都府京都市右京区嵯峨野高田町１９番地,2017-03-03,株式会社
株式会社ジュラテック,岡山県岡山市北区今保５５７番地３１,2017-03-03,株式会社
株式会社ジョイライス大分,大分県宇佐市大字末８４９番地,2017-03-03,株式会社
株式会社ジョブワールド,大阪府大阪市浪速区敷津東３丁目７番１０号,2017-03-03,株式会社
株式会社ジールエンタープライズ,愛知県犬山市梅坪３丁目２８番地,2017-03-03,株式会社
株式会社ジールドゥーエ,愛知県春日井市乙輪町２丁目５８番地,2017-03-03,株式会社
株式会社ステレオタイプ,富山県富山市一番町５番５号,2017-03-03,株式会社
株式会社ストックジャパン,岡山県倉敷市黒石１１２４番地１,2017-03-03,株式会社
株式会社スミオー,愛知県名古屋市南区南野２丁目１１４番地の５,2017-03-03,株式会社
株式会社スリーラックス,東京都西東京市芝久保町３丁目４番６号,2017-03-03,株式会社
株式会社スーパーダイニング,神奈川県横浜市中区山手町８４番地３コルティーレ山手町グランドエステート５０４号,2017-03-03,株式会社
株式会社セイアローズホールディングス,東京都三鷹市下連雀８丁目４番１７号,2017-03-03,株式会社
株式会社セレン,東京都新宿区西新宿７丁目１３番５号,2017-03-03,株式会社
株式会社ソフィアナ,東京都品川区上大崎２丁目１５番１９号,2017-03-03,株式会社
株式会社タイガーパーティ,石川県金沢市堀川町６番３号,2017-03-03,株式会社
株式会社タクファーム,福井県あわら市古屋石塚第３２号２２番地,2017-03-03,株式会社
株式会社タタ不動産,富山県富山市西公文名町６番１１号,2017-03-03,株式会社
株式会社タナカ,富山県高岡市能町１６２３番地１２,2017-03-03,株式会社
株式会社タマヒロ,沖縄県名護市東江３丁目２０番２１号,2017-03-03,株式会社
株式会社チバレフ,千葉県千葉市美浜区真砂４丁目２番５－７０７号,2017-03-03,株式会社
株式会社チンタイ管理事務所,岐阜県岐阜市長住町９丁目１１番地,2017-03-03,株式会社
株式会社ツインカム,長野県長野市大字安茂里５９０番地１１,2017-03-03,株式会社
株式会社ディーテック,岡山県井原市笹賀町４４８番地２,2017-03-03,株式会社
株式会社ディーナビ,福井県福井市栂野町第１５号１番地２,2017-03-03,株式会社
株式会社デジタルシフトウェーブ,東京都渋谷区道玄坂１丁目１２番１号渋谷マークシティＷ２２階,2017-03-03,株式会社
株式会社デューキッズ,沖縄県那覇市銘苅１丁目２番１４号,2017-03-03,株式会社
株式会社トライアングル,大阪府八尾市中田３丁目２９番地の１,2017-03-03,株式会社
株式会社トライト,大阪府大阪市西区江戸堀１丁目２３番２６号,2017-03-03,株式会社
株式会社トルス・鈴勝ホールディングス,東京都千代田区丸の内１丁目１１番１号パシフィックセンチュリープレイス８階,2017-03-03,株式会社
株式会社ナカヒロ,大阪府大阪市平野区長吉出戸７丁目３番４号,2017-03-03,株式会社
株式会社ナチュラル・ナンバー,神奈川県横浜市神奈川区神奈川本町６番地３シティウインズ東神奈川５０３号,2017-03-03,株式会社
株式会社ナベプラ,東京都中央区日本橋人形町１丁目１３番９号,2017-03-03,株式会社
株式会社ニモアル,石川県金沢市弥生１丁目１２番２５号,2017-03-03,株式会社
株式会社ネクシス,東京都渋谷区東３丁目２５番３－３１２号,2017-03-03,株式会社
株式会社ネクスウェイ,長野県長野市稲里町中氷鉋２１９６番地,2017-03-03,株式会社
株式会社ネクストベース,北海道函館市本通３丁目５番１６号,2017-03-03,株式会社
株式会社ネットエージェント,三重県松阪市大口町５２番地７,2017-03-03,株式会社
株式会社ノーアイディア・ノーライフ,東京都練馬区上石神井３丁目２６番１８号,2017-03-03,株式会社
株式会社ノードデザイン舎,大阪府大阪市淀川区新北野１丁目１１番２３号,2017-03-03,株式会社
株式会社ハウディー,愛知県名古屋市中村区名駅４丁目６番２３号,2017-03-03,株式会社
株式会社ハセケン,岐阜県安八郡安八町大明神１４２番地の７,2017-03-03,株式会社
株式会社バタフライ・エフェクト,静岡県静岡市清水区梅田町１番１７号葵ハイツ１０４,2017-03-03,株式会社
株式会社バリアス,和歌山県和歌山市六十谷１０２２番地１２,2017-03-03,株式会社
株式会社パズル,東京都世田谷区代田４丁目１番１８号ハヤマビル３１０,2017-03-03,株式会社
株式会社パワードジム,東京都品川区東五反田１丁目７番１１号ＡＩＯＳ五反田アネックス５１１,2017-03-03,株式会社
株式会社ヒカリアクセス,島根県松江市伊勢宮町５３５番地５３（２Ｆ）,2017-03-03,株式会社
株式会社ヒポポタマス,福岡県福岡市南区柳河内２丁目６番１５－２０２号,2017-03-03,株式会社
株式会社ビスポーク,東京都目黒区中目黒１丁目３番８号,2017-03-03,株式会社
株式会社ビーネスト,青森県青森市東大野１丁目４番２８号,2017-03-03,株式会社
株式会社ピノ・マネジメント,東京都千代田区五番町１２番７,2017-03-03,株式会社
株式会社ピーコック,福岡県福岡市南区柳河内２丁目６番１５－２０２号,2017-03-03,株式会社
株式会社ピースメタル,東京都西多摩郡瑞穂町大字武蔵１７９番地,2017-03-03,株式会社
株式会社ファインクオ,福岡県糟屋郡須惠町大字植木１８８５番地,2017-03-03,株式会社
株式会社ファーストステップ,香川県善通寺市与北町３３７７番地１,2017-03-03,株式会社
株式会社ファーストリビングアシスタンス,東京都新宿区西新宿６丁目２６番１２号,2017-03-03,株式会社
株式会社ファームアシスト,徳島県小松島市立江町字金岡２３番地の１,2017-03-03,株式会社
株式会社ファームアンド,愛知県半田市広小路町１５５番地の３,2017-03-03,株式会社
株式会社ファームマツウラ,北海道深川市広里町１丁目９番６３号,2017-03-03,株式会社
株式会社フィールド・ギア・パーツ,大阪府大阪市住之江区北加賀屋２丁目１番２２号,2017-03-03,株式会社
株式会社フラット機設,福岡県大野城市南大利１丁目８番１２号,2017-03-03,株式会社
株式会社フードサービス美笑,神奈川県小田原市飯泉９１１番地１,2017-03-03,株式会社
株式会社ブライズ,大阪府大阪市鶴見区横堤３丁目１番４７号,2017-03-03,株式会社
株式会社ブロッサミング,大阪府高槻市古曽部町２丁目１０番３１号,2017-03-03,株式会社
株式会社プライムアークス,山口県山口市小郡下郷１５５４番地２サニーハイツＡ号室,2017-03-03,株式会社
株式会社プライムウエイブ,東京都杉並区浜田山４丁目１６番４－３０５号,2017-03-03,株式会社
株式会社プライムキャスト,山梨県甲府市上小河原町１０４１番地Ｔ・ビル３０１,2017-03-03,株式会社
株式会社プラスアルファ,宮崎県延岡市野地町６丁目１９９７番地１,2017-03-03,株式会社
株式会社プラスコーポレーションＨＤ,宮城県仙台市青葉区中央１丁目２番３号仙台マークワン１９階,2017-03-03,株式会社
株式会社プラスワンモーターサイクル,和歌山県田辺市新庄町３６３番地の１,2017-03-03,株式会社
株式会社プラド,群馬県高崎市正観寺町５５０番地１,2017-03-03,株式会社
株式会社プロダクト,北海道札幌市白石区菊水六条３丁目３番２５号,2017-03-03,株式会社
株式会社ホビーチーム,神奈川県相模原市緑区二本松１丁目６番２８号,2017-03-03,株式会社
株式会社ホームリバティー,北海道札幌市中央区南五条西７丁目７番地１,2017-03-03,株式会社
株式会社ボックスツアー,東京都新宿区新宿４丁目３番１５号,2017-03-03,株式会社
株式会社マイ工業,富山県富山市大塚東２２３番地,2017-03-03,株式会社
株式会社マネコン,福岡県福岡市中央区大名１丁目９－４５－５１０,2017-03-03,株式会社
株式会社マプシービジョン,福岡県福岡市東区三苫５丁目１番４０号,2017-03-03,株式会社
株式会社マルキＲ＆Ｌ,東京都品川区西五反田７丁目１番１号,2017-03-03,株式会社
株式会社マルシン商事,和歌山県海南市下津町下津８０４番地５,2017-03-03,株式会社
株式会社マルヨ,熊本県菊池郡菊陽町大字原水２２８８番地,2017-03-03,株式会社
株式会社マロウ,東京都大田区田園調布５丁目２９番２４－１０６号,2017-03-03,株式会社
株式会社ミナミ,大阪府茨木市北春日丘４丁目５番７号,2017-03-03,株式会社
株式会社ミナミテクノ,石川県能美市石子町ニ２７番地,2017-03-03,株式会社
株式会社ミュージック・ファースト・エンターテイメント,東京都渋谷区神南１丁目１２番１４号,2017-03-03,株式会社
株式会社ミリバ,熊本県熊本市南区近見６丁目１５番１７号サニーサイドプライム２号,2017-03-03,株式会社
株式会社メイクハウス金沢,石川県金沢市西金沢１丁目２４番地,2017-03-03,株式会社
株式会社メイト,福岡県うきは市吉井町屋部１３８番地１,2017-03-03,株式会社
株式会社ヤマニ,熊本県上益城郡甲佐町大字中横田２４９番地,2017-03-03,株式会社
株式会社ユーアールユー,福井県福井市南江守町６２号１番地２７,2017-03-03,株式会社
株式会社ヨシモリ建設,広島県広島市東区戸坂大上４丁目１６番２８－３０２号,2017-03-03,株式会社
株式会社ライフインテリア,大阪府大阪市港区港晴１丁目２番２９号,2017-03-03,株式会社
株式会社ライフクルー,東京都江戸川区西小岩１丁目２０番２５号,2017-03-03,株式会社
株式会社リベラティ,埼玉県狭山市祇園２１番３７号,2017-03-03,株式会社
株式会社リンクマイクロ,大阪府大阪市中央区北浜東１－１５,2017-03-03,株式会社
株式会社ルイスレザーズジャパン,東京都渋谷区恵比寿西１丁目２０番２号,2017-03-03,株式会社
株式会社ルーミー,東京都港区三田５丁目７番８－２０１号,2017-03-03,株式会社
株式会社ワイアール,大阪府大阪市福島区大開２丁目１９番２号,2017-03-03,株式会社
株式会社ワカサボーリング,福井県大飯郡高浜町和田第１００号６番地８,2017-03-03,株式会社
株式会社ワクソン,神奈川県横浜市港北区下田町６丁目１２番１７号,2017-03-03,株式会社
株式会社ワークス,山口県周南市桜木３丁目５番８１号サンパティークＹ．Ｍ,2017-03-03,株式会社
株式会社ワークス,大阪府摂津市東一津屋三丁目３２番地,2017-03-03,株式会社
株式会社ヴィカージャパン,福岡県久留米市野中町８５番６号グランドヒル野中１０２,2017-03-03,株式会社
株式会社ヴィレスト,神奈川県横浜市西区西前町２丁目４４番地,2017-03-03,株式会社
株式会社ヴェルテクス,神奈川県横浜市戸塚区戸塚町２０２２番地１,2017-03-03,株式会社
株式会社一伸,福岡県福岡市博多区博多駅東１丁目９番１１号,2017-03-03,株式会社
株式会社一心工業,神奈川県相模原市緑区青山２５０１番地２４,2017-03-03,株式会社
株式会社一成華,沖縄県浦添市伊祖１丁目２２番２号,2017-03-03,株式会社
株式会社一戸工業,神奈川県横浜市鶴見区矢向４丁目２７番１－６０２号,2017-03-03,株式会社
株式会社一歩,東京都足立区弘道１丁目１番１８号２階,2017-03-03,株式会社
株式会社三弘,福岡県福岡市博多区堅粕４丁目１番３８号,2017-03-03,株式会社
株式会社三栄堂ホールディングス,東京都江東区豊洲５丁目５番１－４１８号,2017-03-03,株式会社
株式会社三石,福岡県福岡市博多区吉塚２丁目１番１０号,2017-03-03,株式会社
株式会社上野塗装,埼玉県三郷市早稲田７丁目１７番地２,2017-03-03,株式会社
株式会社下田組,静岡県駿東郡長泉町下土狩３２番地の１４,2017-03-03,株式会社
株式会社不動産マルシェ,山梨県南アルプス市小笠原３０７番地５,2017-03-03,株式会社
株式会社丸岡建設,京都府京都市南区上鳥羽山ノ本町５２番地５,2017-03-03,株式会社
株式会社丹津不動産,愛知県名古屋市千種区赤坂町２丁目１７番地,2017-03-03,株式会社
株式会社丹羽建設,愛知県名古屋市中川区服部４丁目１００７番地の４,2017-03-03,株式会社
株式会社久留米設備,東京都東村山市恩多町１丁目３５番地２８,2017-03-03,株式会社
株式会社九曜工業,茨城県神栖市大野原８丁目７番６０号,2017-03-03,株式会社
株式会社二胡天,愛知県豊田市中根町小訳１６７番地６,2017-03-03,株式会社
株式会社井上興産,大阪府大阪市西淀川区大和田５丁目４番２４号,2017-03-03,株式会社
株式会社伸栄ウェルド,福岡県北九州市若松区中川町２番１０－２０１号,2017-03-03,株式会社
株式会社住まい工房ストローハット,愛知県岡崎市宮地町字郷東１番地１,2017-03-03,株式会社
株式会社佐藤工業,宮城県角田市横倉字左関１９８番地５,2017-03-03,株式会社
株式会社保月電設工業,大分県大分市日吉町８番１２号,2017-03-03,株式会社
株式会社俵屋,大阪府大阪市阿倍野区阿倍野筋３丁目１０番１号,2017-03-03,株式会社
株式会社優樹,富山県中新川郡立山町大清水５５１番地,2017-03-03,株式会社
株式会社六紋,東京都台東区東浅草１丁目３番９号,2017-03-03,株式会社
株式会社共栄塗建,大阪府富田林市若松町東２丁目３－２０,2017-03-03,株式会社
株式会社冨本農産,山形県村山市大字湯野沢２４２番地,2017-03-03,株式会社
株式会社冨田隆昌堂,大阪府大阪市東住吉区杭全４丁目１番１号,2017-03-03,株式会社
株式会社創政工房,神奈川県茅ヶ崎市十間坂２丁目１番８号チューダーハウスＢ棟１号,2017-03-03,株式会社
株式会社創英塾,岐阜県可児市東帷子字石畑１４７２番３,2017-03-03,株式会社
株式会社加藤工業,大阪府東大阪市水走３丁目６番３４号,2017-03-03,株式会社
株式会社勝見プロ,香川県高松市上林町８５８番地２,2017-03-03,株式会社
株式会社勢和,山口県宇部市南小羽山町２丁目３番５号,2017-03-03,株式会社
株式会社北摂エアテック,大阪府高槻市塚原４丁目２９番７号,2017-03-03,株式会社
株式会社北新工業,新潟県新潟市北区太夫浜新町１丁目６番１９号,2017-03-03,株式会社
株式会社北總シーリング,宮城県仙台市泉区松森字陣ケ原５５番地の２,2017-03-03,株式会社
株式会社匠建装,山口県岩国市美和町田ノ口４２４番地２,2017-03-03,株式会社
株式会社友貴,宮城県仙台市青葉区国見ケ丘５丁目１７番２５号,2017-03-03,株式会社
株式会社吉岡会計,山口県山口市阿知須４２３３番地２４,2017-03-03,株式会社
株式会社吉野紙工,東京都墨田区本所３丁目１３番８号,2017-03-03,株式会社
株式会社和興,長野県長野市大字川合新田４６６番地８,2017-03-03,株式会社
株式会社喜楽,福井県あわら市舟津第８号１０番地,2017-03-03,株式会社
株式会社増田築炉,大分県宇佐市大字上高２０６番地の１,2017-03-03,株式会社
株式会社夢現,山梨県甲府市武田３丁目２番２０号,2017-03-03,株式会社
株式会社大姫工業,愛媛県松山市石手５丁目８番２２号,2017-03-03,株式会社
株式会社大幸興業,大阪府大阪市鶴見区中茶屋１丁目２番２号,2017-03-03,株式会社
株式会社大征,愛知県東海市富貴ノ台１丁目１２６番地,2017-03-03,株式会社
株式会社大進,千葉県香取市富田１１１４番地７,2017-03-03,株式会社
株式会社奥田,和歌山県有田市宮原町滝川原２９番地１,2017-03-03,株式会社
株式会社安里工業,神奈川県横浜市鶴見区上の宮２丁目２２番１２号,2017-03-03,株式会社
株式会社宮下製茶,鹿児島県日置市伊集院町下神殿１５１５番地,2017-03-03,株式会社
株式会社小出会計,東京都港区三田２丁目１７番２９号オーロラ三田２０５,2017-03-03,株式会社
株式会社小川創建,福岡県遠賀郡水巻町二西１丁目１番４－１０１号,2017-03-03,株式会社
株式会社小竹建物,北海道札幌市豊平区月寒中央通６丁目３番２８号,2017-03-03,株式会社
株式会社小谷総建,石川県白山市富光寺町１０８番地,2017-03-03,株式会社
株式会社尾﨑製作所,京都府京都市伏見区羽束師菱川町４３９－３７,2017-03-03,株式会社
株式会社山幸,広島県広島市安佐南区伴中央７丁目１４番１４号,2017-03-03,株式会社
株式会社山田屋,和歌山県田辺市学園１２番１４号,2017-03-03,株式会社
株式会社山菊,京都府京都市伏見区深草大門町１６番地５,2017-03-03,株式会社
株式会社川田造園,東京都町田市本町田２２１－３カサヴェールⅡ２０１,2017-03-03,株式会社
株式会社平成技研工業,福岡県中間市大字上底井野字神手１６１６番地１,2017-03-03,株式会社
株式会社幸,大阪府大阪市東淀川区菅原４丁目２番１６号,2017-03-03,株式会社
株式会社広山コーポレーション,東京都世田谷区等々力２丁目１２番６号,2017-03-03,株式会社
株式会社忠冶工業,宮城県塩竈市字庚塚７番地１,2017-03-03,株式会社
株式会社快晴堂,静岡県裾野市佐野８６番地の３,2017-03-03,株式会社
株式会社恵工業,神奈川県川崎市川崎区日ノ出１丁目１６番４号,2017-03-03,株式会社
株式会社恵楽,神奈川県横浜市南区大岡３丁目６番１５号,2017-03-03,株式会社
株式会社成祐設備工業,和歌山県海南市名高４５１番２９,2017-03-03,株式会社
株式会社拓伸工業,静岡県富士市大渕１０２０９番地,2017-03-03,株式会社
株式会社日和,愛媛県伊予市尾崎１４５番地５,2017-03-03,株式会社
株式会社日本レジスターサービス,東京都渋谷区南平台町１６番１７号,2017-03-03,株式会社
株式会社明日翔,東京都府中市宮西町３丁目５番７号,2017-03-03,株式会社
株式会社智創総研,大阪府大阪市中央区北久宝寺町４丁目２番１０号東明ビル,2017-03-03,株式会社
株式会社有志起社,東京都渋谷区道玄坂１丁目１３番２号ＭＭビル２階,2017-03-03,株式会社
株式会社木村興業,茨城県つくばみらい市下島１１番地２,2017-03-03,株式会社
株式会社本原農園,福井県坂井市三国町横越第７号１７番地,2017-03-03,株式会社
株式会社朴木電設,東京都町田市上小山田町４７２番地１,2017-03-03,株式会社
株式会社村瀨コーポレーション,愛知県名古屋市天白区平針４丁目１８１０番地,2017-03-03,株式会社
株式会社杜の家,埼玉県児玉郡上里町大字勅使河原１９４２番地１,2017-03-03,株式会社
株式会社条光,神奈川県横浜市南区宿町１丁目２３番地,2017-03-03,株式会社
株式会社東北ＴＳＵＴＡＹＡ,東京都渋谷区南平台町１６番１７号,2017-03-03,株式会社
株式会社松本工業,長崎県長崎市西海町１９７４番地１,2017-03-03,株式会社
株式会社松本建築,熊本県八代郡氷川町立神１８４７番地,2017-03-03,株式会社
株式会社栄信工務店,東京都江戸川区南小岩４丁目１５番１６号,2017-03-03,株式会社
株式会社栄心工業,東京都青梅市今井３丁目２４番地の１２,2017-03-03,株式会社
株式会社栄樹,福岡県大野城市南ケ丘２丁目１１番１５号,2017-03-03,株式会社
株式会社栗田北陸製作所,石川県羽咋郡志賀町若葉台３７番地１,2017-03-03,株式会社
株式会社棣鄂,京都府京都市南区上鳥羽山ノ本町２４番地,2017-03-03,株式会社
株式会社武智工業,神奈川県横浜市鶴見区駒岡２丁目２番５５号,2017-03-03,株式会社
株式会社武藤工業,千葉県鎌ケ谷市東中沢４丁目８番５２－６号,2017-03-03,株式会社
株式会社永楽,東京都品川区東大井５丁目３番２号,2017-03-03,株式会社
株式会社清世企画,東京都荒川区南千住６丁目３７番１０－６０１号,2017-03-03,株式会社
株式会社港公会計,東京都港区新橋３丁目９番１０号天翔新橋ビル,2017-03-03,株式会社
株式会社湘南台ホールディングス,神奈川県藤沢市石川６丁目１８番１号,2017-03-03,株式会社
株式会社牛や,北海道厚岸郡浜中町茶内西１０線１７１番地,2017-03-03,株式会社
株式会社牛匠丸三,熊本県菊池市七城町蘇崎１４４０番地,2017-03-03,株式会社
株式会社玉津土建,石川県七尾市泉南台１７８番地,2017-03-03,株式会社
株式会社理創管財,福岡県福岡市西区西の丘２丁目１４番３号,2017-03-03,株式会社
株式会社瑠己,福岡県北九州市八幡西区上の原２丁目１２番２８号,2017-03-03,株式会社
株式会社田嶋総建,大分県豊後大野市犬飼町下津尾３２番地１３,2017-03-03,株式会社
株式会社田浦畜産,長崎県島原市寺中町丙１５９５番地,2017-03-03,株式会社
株式会社甲成興産,熊本県上益城郡山都町東竹原１９５番地,2017-03-03,株式会社
株式会社白山環境企画,三重県松阪市西黒部町７１２番地４,2017-03-03,株式会社
株式会社矢田屋,三重県鈴鹿市下箕田１丁目１７番１１号,2017-03-03,株式会社
株式会社石川アグリ,宮城県栗原市金成枛木沢２２番地,2017-03-03,株式会社
株式会社福あさひ,東京都青梅市千ヶ瀬町６丁目９１７番地,2017-03-03,株式会社
株式会社福匠,福岡県福岡市南区市崎２丁目９番５号,2017-03-03,株式会社
株式会社竹崎野村農園,熊本県宇城市松橋町竹崎１８３８番地,2017-03-03,株式会社
株式会社細山建設,新潟県北蒲原郡聖籠町大字亀塚７番地の５,2017-03-03,株式会社
株式会社結城建設,東京都武蔵野市緑町２丁目４番４号１０８,2017-03-03,株式会社
株式会社美龍工業,滋賀県甲賀市甲南町新治８８６番地２,2017-03-03,株式会社
株式会社義工業,岡山県倉敷市連島町連島２８３１番地１３８,2017-03-03,株式会社
株式会社舗設サービス,宮城県多賀城市高橋３丁目１３番１２号,2017-03-03,株式会社
株式会社舞華園,宮崎県宮崎市大字柏原８４１番地,2017-03-03,株式会社
株式会社舟山農産,北海道上川郡当麻町中央１区,2017-03-03,株式会社
株式会社良誠工業,福島県いわき市小名浜玉川町北３３番地の８,2017-03-03,株式会社
株式会社艶,東京都中野区中野５丁目５９番６号,2017-03-03,株式会社
株式会社菅久,京都府宇治市宇治半白１２３番地ユニ宇治小倉マンション１０８号,2017-03-03,株式会社
株式会社葉月,茨城県つくば市天久保２丁目１０番２,2017-03-03,株式会社
株式会社藍,沖縄県那覇市前島３丁目２５番２号泊ポートビル１階,2017-03-03,株式会社
株式会社藤リレイション,愛知県岡崎市上地１丁目４１番地２３,2017-03-03,株式会社
株式会社藤川,東京都荒川区西日暮里２丁目３２番２０号,2017-03-03,株式会社
株式会社虹のかけ橋,鳥取県鳥取市行徳１丁目１６２番地,2017-03-03,株式会社
株式会社裕伸,福岡県北九州市小倉南区中曽根４丁目１４番１１号,2017-03-03,株式会社
株式会社西大寺技研,岡山県岡山市東区西大寺川口２２６番地,2017-03-03,株式会社
株式会社西富,福岡県福岡市博多区板付１丁目１１－２４,2017-03-03,株式会社
株式会社西谷メディカル,香川県高松市鶴市町２０１１番地４,2017-03-03,株式会社
株式会社譜久寅,栃木県栃木市城内町１丁目８番１２号,2017-03-03,株式会社
株式会社谷川工業,神奈川県横須賀市衣笠栄町３丁目７４番地２４,2017-03-03,株式会社
株式会社農専科,新潟県柏崎市大字長崎新田１１３番地４,2017-03-03,株式会社
株式会社辻事務所,岐阜県大垣市稲葉西２丁目６番地,2017-03-03,株式会社
株式会社近藤組,岡山県岡山市南区郡３００８番地,2017-03-03,株式会社
株式会社金原設備設計室,静岡県浜松市中区上島６丁目２番６号,2017-03-03,株式会社
株式会社金棒,東京都渋谷区宇田川町４２番６号,2017-03-03,株式会社
株式会社鈴昌組,静岡県袋井市下山梨２丁目３番地の５,2017-03-03,株式会社
株式会社銀座ファクトリー,東京都中央区銀座６丁目１６番１２号,2017-03-03,株式会社
株式会社長崎電気,福岡県糟屋郡粕屋町大字内橋１９７番地１,2017-03-03,株式会社
株式会社関西ＴＳＵＴＡＹＡ,東京都渋谷区南平台町１６番１７号,2017-03-03,株式会社
株式会社雄,東京都練馬区石神井町２丁目８番１号,2017-03-03,株式会社
株式会社電達,福岡県大野城市仲畑３丁目８番１１－１０２号,2017-03-03,株式会社
株式会社音練,東京都新宿区新宿２丁目１４番６号,2017-03-03,株式会社
株式会社風雅頌,沖縄県那覇市前島３丁目２５番２号泊ポートビル１階,2017-03-03,株式会社
株式会社颯空電気,山口県防府市大字鈴屋１１６１番地の２,2017-03-03,株式会社
株式会社馬金,新潟県長岡市来迎寺１６７１番地１２,2017-03-03,株式会社
株式会社高崎建設,新潟県北蒲原郡聖籠町大字網代浜１４６７番地９,2017-03-03,株式会社
株式会社高橋匡太,京都府京都市中京区壬生松原町４４番地１,2017-03-03,株式会社
株式会社高橋組,岐阜県大垣市荒川町１０番地２,2017-03-03,株式会社
株式会社高野企画,静岡県駿東郡清水町伏見８６番地,2017-03-03,株式会社
株式会社鬼海工業,大阪府東大阪市横小路町５丁目１番３７号,2017-03-03,株式会社
株式会社鱗グループ,三重県四日市市泊小柳町８番１２号,2017-03-03,株式会社
株式会社鶴通信,奈良県葛城市木戸７１番地８,2017-03-03,株式会社
株式会社黒岩水道設備,群馬県吾妻郡嬬恋村大字大笹３７２番地,2017-03-03,株式会社
株式会社１ＵＰ,東京都新宿区歌舞伎町２丁目２７番６号ヒロ歌舞伎町３Ｆ,2017-03-03,株式会社
株式会社Ａ　ｔｏ,東京都千代田区九段南１丁目５番６号りそな九段ビル,2017-03-03,株式会社
株式会社Ａ＆Ｍ,東京都江戸川区南小岩７丁目３７番１０号１０４,2017-03-03,株式会社
株式会社Ａ．ｍｉｇｈｔ,東京都北区志茂２丁目５０番３号ノヴァ赤羽１階,2017-03-03,株式会社
株式会社ＡＡＡ,静岡県浜松市中区葵西３丁目２７番６６号１０１,2017-03-03,株式会社
株式会社ＡＥトランスポート,大分県大分市高松１丁目７番８号,2017-03-03,株式会社
株式会社ＡＫテクノ,長崎県西海市大島町１８９４番地１４間瀬団地Ｂ棟２０１号,2017-03-03,株式会社
株式会社ＡＯＫＥＮ,北海道札幌市手稲区前田四条１３丁目３番１号,2017-03-03,株式会社
株式会社ＡＯＹＡＭＡ,兵庫県丹波篠山市東岡屋４２９番地１,2017-03-03,株式会社
株式会社ＡＰＲＥ,愛知県名古屋市東区東桜１丁目１０番３号,2017-03-03,株式会社
株式会社ＡＲＸ,石川県金沢市増泉５丁目２番１８号,2017-03-03,株式会社
株式会社ＡＴＳ,宮城県仙台市宮城野区栄２丁目１９番３７号２０１,2017-03-03,株式会社
株式会社ＡＶＡＮＴＹ,神奈川県横浜市旭区さちが丘６５番地３７,2017-03-03,株式会社
株式会社Ａｌｑｕｉｍｉｓｔａ,京都府京都市右京区太秦安井小山町１３番地,2017-03-03,株式会社
株式会社ＢＡＬＩＡ,静岡県静岡市葵区常磐町１丁目７番４号,2017-03-03,株式会社
株式会社Ｂｌｉｓｔａｌｌ,愛媛県新居浜市西喜光地町１０－２４,2017-03-03,株式会社
株式会社Ｂｒｏｔｈｅｒｓ,東京都武蔵野市中町３丁目２９番９－１０１号,2017-03-03,株式会社
株式会社ＣＨＯＲＤ,東京都千代田区神田佐久間町３丁目２０番地３,2017-03-03,株式会社
株式会社ＣＯＭＢＯ,宮城県富谷市上桜木１丁目２７番地８,2017-03-03,株式会社
株式会社ＣＰｃｕｂｅｄ,宮崎県宮崎市松橋２丁目４番３１号,2017-03-03,株式会社
株式会社Ｃａｓｔｉｎｇ　ｎｅｔ,鳥取県鳥取市下味野３０２番地１４,2017-03-03,株式会社
株式会社Ｃｈｅｒｉｓｈ,神奈川県鎌倉市台４丁目１２番１３号,2017-03-03,株式会社
株式会社Ｄ’ｓ　Ｖａｕｌｔ,東京都品川区中延１丁目３番７－６０１号,2017-03-03,株式会社
株式会社ＤＥＣＯ,東京都小金井市本町２丁目１３番３９号,2017-03-03,株式会社
株式会社ＤＪＭ,東京都渋谷区広尾３丁目１７番２４号,2017-03-03,株式会社
株式会社ＤＯＫ,静岡県磐田市千手堂６３８番地２,2017-03-03,株式会社
株式会社ＥＢＩ,東京都三鷹市下連雀９丁目３番１３－４０３号,2017-03-03,株式会社
株式会社ＥＶＡＬＵＴＯ,東京都町田市南町田５丁目６番２３号,2017-03-03,株式会社
株式会社Ｅｎｇｉｎｅ,広島県広島市西区小河内町２丁目１３番１６号,2017-03-03,株式会社
株式会社Ｆ．Ｉレストレーション,東京都品川区上大崎３丁目４番１号,2017-03-03,株式会社
株式会社ＦＣＡ,宮城県仙台市宮城野区東仙台２丁目１３番６号,2017-03-03,株式会社
株式会社ＦＥＣ,東京都小金井市東町２丁目９番１５号,2017-03-03,株式会社
株式会社ＦＦ,徳島県徳島市国府町南岩延字西野８９２番地の４,2017-03-03,株式会社
株式会社ＦＩＸ　ＩＴ,大阪府大阪市東淀川区大桐２丁目１５番２０号,2017-03-03,株式会社
株式会社ＦＬＯＷ,大阪府大阪市北区西天満３丁目７番１７号,2017-03-03,株式会社
株式会社ＦＭＡ,福岡県福岡市城南区南片江４丁目２６番２号,2017-03-03,株式会社
株式会社ＦＯＲＭ,東京都目黒区緑が丘１丁目４番１号カスタリア都立大学６０４,2017-03-03,株式会社
株式会社ＦＵＭＩ,静岡県浜松市東区和田町１１４番地の１,2017-03-03,株式会社
株式会社Ｇａｄ　Ｈｅｒｏｄｉｏｎ,千葉県八千代市大和田新田６０番地４,2017-03-03,株式会社
株式会社Ｇｏｉｎｇ,岡山県岡山市北区東古松２丁目１０番２２号サーパス東古松通り２０５号,2017-03-03,株式会社
株式会社Ｇｒｏｗｔｈ,千葉県千葉市若葉区西都賀３丁目１７番６号,2017-03-03,株式会社
株式会社Ｈ２・ＤＲＹ,静岡県静岡市葵区栄町４番地８,2017-03-03,株式会社
株式会社ＨＡＲＸ,宮城県多賀城市八幡字六貫田２８０番地Ａ１０５,2017-03-03,株式会社
株式会社ＨＫキャリアパートナーズ,兵庫県神戸市中央区中町通３丁目１－１６－５０２,2017-03-03,株式会社
株式会社ＨＭＧ,北海道札幌市北区北二十四条西１６丁目１番１－３０５号,2017-03-03,株式会社
株式会社ＨＯＰＥ,愛知県名古屋市中区栄２丁目２番１号名古屋広小路伏見中駒ビル５階,2017-03-03,株式会社
株式会社ＩＢＪライフデザインサポート,東京都新宿区西新宿１丁目２３番７号,2017-03-03,株式会社
株式会社ＩＫトレーディング,鹿児島県日置市伊集院町下谷口１８２６番地１,2017-03-03,株式会社
株式会社ＩＫＩ,茨城県水戸市河和田町３８９１番地,2017-03-03,株式会社
株式会社ＩＮＯＳ,大阪府大阪市生野区田島１丁目１０番１９号,2017-03-03,株式会社
株式会社Ｉｔ’ｓ　Ｍｉｎｅ,鳥取県倉吉市上井町２丁目５番地９,2017-03-03,株式会社
株式会社Ｊ２Ｋ,東京都港区赤坂３丁目１６番５号コタカ産業ビル５０１,2017-03-03,株式会社
株式会社ＪＡＶＩ,埼玉県川口市西川口１丁目２４番１０号トミビル３－４０１号室,2017-03-03,株式会社
株式会社ＪＳＥ,山口県下関市彦島福浦町２丁目１１番１３号,2017-03-03,株式会社
株式会社Ｊｕｌｙ,東京都荒川区西尾久２丁目１０番５号,2017-03-03,株式会社
株式会社Ｋ’ｓクリエーター,福岡県福岡市南区大平寺１丁目４０番２６号,2017-03-03,株式会社
株式会社Ｋ－マテプロテック・ラボ,北海道千歳市住吉３丁目１４番２５号,2017-03-03,株式会社
株式会社Ｋ－ＣＲＡＦＴ,山梨県甲州市勝沼町藤井４６０番地,2017-03-03,株式会社
株式会社ＫＡＩＲＥＮ,福岡県北九州市小倉北区下到津５丁目１０番２号,2017-03-03,株式会社
株式会社ＫＡＲＩＮ,広島県広島市中区舟入本町１７番２号,2017-03-03,株式会社
株式会社ＫＦＥ,群馬県甘楽郡下仁田町大字東野牧２７７９番地,2017-03-03,株式会社
株式会社ＫＩＹＯＭＩ,大阪府四條畷市蔀屋本町１番１４号,2017-03-03,株式会社
株式会社ＫＭＹ,福岡県糟屋郡宇美町宇美中央３丁目１３番１４号,2017-03-03,株式会社
株式会社ＫＰＣ,福岡県北九州市門司区吉志新町１丁目５番３号,2017-03-03,株式会社
株式会社ＫＴプランナーズ,福岡県福岡市博多区博多駅東２丁目１４番１号,2017-03-03,株式会社
株式会社ＫＴＳブリッジ,福岡県筑後市大字長浜２２２２番地,2017-03-03,株式会社
株式会社ＫＵＵＫＡＮ,愛知県日進市北新町二段場９９２番地,2017-03-03,株式会社
株式会社Ｋａｗａｓｏｕ,宮崎県宮崎市新別府町山宮９８８番地１,2017-03-03,株式会社
株式会社Ｋｅｅｐ　Ｌａｕｇｈ,奈良県大和郡山市井戸野町４５１,2017-03-03,株式会社
株式会社Ｋｅｎｔ　Ｐｌａｃｅ,神奈川県川崎市高津区坂戸３丁目２番１号ＫＳＰ,2017-03-03,株式会社
株式会社Ｌ＆Ａ,東京都渋谷区道玄坂１丁目１２番１号渋谷マークシティＷ２２階,2017-03-03,株式会社
株式会社ＬＥＶＥＬ　ＵＰ,福岡県春日市桜ヶ丘８丁目８７番地,2017-03-03,株式会社
株式会社Ｌａｇｏ,大阪府大阪市東住吉区田辺５丁目２番５号,2017-03-03,株式会社
株式会社Ｌｉｖａｂｌｅ　Ｈｏｕｓｅ,熊本県熊本市東区戸島町１０７３番地,2017-03-03,株式会社
株式会社ＭＡＲＯＭＩ,宮崎県宮崎市大字恒久９４７番地１コーポ池内１０７,2017-03-03,株式会社
株式会社ＭＨＹ,和歌山県西牟婁郡すさみ町口和深１６７番地,2017-03-03,株式会社
株式会社ＭＩＫＳ,北海道札幌市白石区東札幌二条５丁目８番２１号３Ｄコートアームス１Ｆ,2017-03-03,株式会社
株式会社ＭＫテック,三重県四日市市小杉町４０番地１,2017-03-03,株式会社
株式会社ＭＭＹ,東京都品川区大井４丁目２２－２６,2017-03-03,株式会社
株式会社ＭＲ　Ｃｏｍｐａｎｙ,岡山県倉敷市西中新田４９０番地２３,2017-03-03,株式会社
株式会社ＭＳＳＪＡＰＡＮ,北海道札幌市中央区南九条西６丁目１番１２号,2017-03-03,株式会社
株式会社Ｍａｒｂｌｅｓ,香川県高松市昭和町１丁目４番１号,2017-03-03,株式会社
株式会社Ｍｅｇａ　Ｇｏｏｄｓ　Ｔｒａｄｉｎｇ,東京都港区赤坂２丁目１３番１８号,2017-03-03,株式会社
株式会社Ｍｉｎｏｂｅ,福井県福井市問屋町１丁目１６６番地,2017-03-03,株式会社
株式会社Ｍｏｒａ,熊本県熊本市中央区新市街２番５号,2017-03-03,株式会社
株式会社Ｎ．Ｒｅｂｏｒｎ,宮城県仙台市宮城野区鶴巻１丁目１８番１号,2017-03-03,株式会社
株式会社ＮＡＬＣＳ,東京都新宿区喜久井町６５番地糟屋ビル４０１号,2017-03-03,株式会社
株式会社ＮＩＮＥＳ　ＦＲＥＴ,東京都中野区南台１丁目１０番１号,2017-03-03,株式会社
株式会社ＮＳビークルインダストリー,神奈川県平塚市田村９丁目１９番３４号,2017-03-03,株式会社
株式会社Ｎｅｘｕｓ,北海道札幌市中央区北三条西２０丁目２番１６号,2017-03-03,株式会社
株式会社ＯＴＭ,広島県広島市西区井口５丁目６番１６号,2017-03-03,株式会社
株式会社ＯＶＥＲ　ＴＯＰ,山梨県笛吹市石和町唐柏９７７番地１４,2017-03-03,株式会社
株式会社Ｐａｓｓｉｏｎプラス,東京都江戸川区西葛西３丁目６番３－４０１号,2017-03-03,株式会社
株式会社Ｐｅａｃｅ　Ｉｎｔｅｒｉｏｒ,東京都八王子市中野山王３丁目６番５号１０８号,2017-03-03,株式会社
株式会社ＰｌｕｓＯｎｅ,愛知県名古屋市中川区新家１丁目９２０番地,2017-03-03,株式会社
株式会社Ｒ,福岡県大川市大字一木１３２９番地３,2017-03-03,株式会社
株式会社ＲＥＮＹＵ,福岡県北九州市小倉南区徳吉西１丁目１番２５号,2017-03-03,株式会社
株式会社ＲＩＮＮＥ,福岡県福岡市中央区大名２丁目１０番１号,2017-03-03,株式会社
株式会社ＲＹＯ,神奈川県横浜市瀬谷区三ツ境８７番地３４,2017-03-03,株式会社
株式会社Ｓ’ＰＬＡＮＴ,静岡県静岡市駿河区小黒２丁目１番３２号,2017-03-03,株式会社
株式会社Ｓ・Ｋ・Ｄ,大阪府大阪市東住吉区公園南矢田２丁目９番２０号,2017-03-03,株式会社
株式会社ＳＥＶＥＮ,大阪府大阪市北区曾根崎新地１丁目３番８号,2017-03-03,株式会社
株式会社ＳＨＩＮＲＥＮ,福岡県北九州市八幡西区南王子町７番１号,2017-03-03,株式会社
株式会社ＳＨＯＫＯ　ＭＩＹＡＭＯＴＯ,東京都町田市東玉川学園４丁目３４５７番地４ライオンズヒルズ玉川学園３０７,2017-03-03,株式会社
株式会社ＳＨＵＲＹＵ,東京都北区神谷２丁目２４番１号,2017-03-03,株式会社
株式会社ＳＫ不動産,三重県鈴鹿市西条１丁目７番２０号,2017-03-03,株式会社
株式会社ＳＭＡＲＴ　ＢＲＡＩＮ,兵庫県神戸市東灘区深江北町２丁目９番１１号深江北町店舗事務所ビル２０２,2017-03-03,株式会社
株式会社ＳＯＲＡ,岡山県総社市中央６丁目９番地１１０エンスイビル２０２,2017-03-03,株式会社
株式会社ＳＰＳ,山梨県甲府市中央１丁目１２番５号,2017-03-03,株式会社
株式会社ＳＲＩ,大阪府大阪市中央区北浜３丁目２番２５号,2017-03-03,株式会社
株式会社ＳＴＥＰ,鹿児島県鹿児島市千年１丁目８番２号,2017-03-03,株式会社
株式会社ＳＹＨ,広島県広島市安佐南区長束３丁目１１番６号,2017-03-03,株式会社
株式会社ＳＹＳ,北海道函館市日吉町１丁目２１番１２号,2017-03-03,株式会社
株式会社Ｓｅａ．Ｓｐａｃｅ,福岡県糸島市板持１丁目１３番１号,2017-03-03,株式会社
株式会社Ｓｕｐｅｒｇｒａｓｓ,福岡県福岡市中央区伊崎７番２０号,2017-03-03,株式会社
株式会社Ｔ－ＯＮＥトレーディング,岡山県岡山市北区野田２丁目９番１５号ロイヤルガーデン野田３０２号,2017-03-03,株式会社
株式会社Ｔ－ｗｏｒｋｓ,福井県勝山市旭毛屋町４１１０番地,2017-03-03,株式会社
株式会社Ｔ．ＧＲＯＵＰ,奈良県生駒市小瀬町７１９－３,2017-03-03,株式会社
株式会社ＴＡＫＫＵＮ,奈良県北葛城郡河合町大字川合８８６番地１,2017-03-03,株式会社
株式会社ＴＥＲＡＫＡＺＵエンタープライズ,東京都新宿区新宿２丁目８番８号,2017-03-03,株式会社
株式会社ＴＨＭ,東京都新宿区西早稲田３丁目６番１６号グランテラッセ西早稲田２０４,2017-03-03,株式会社
株式会社ＴＳＵＧＥ,東京都台東区台東１丁目２０番９号,2017-03-03,株式会社
株式会社Ｕ．,兵庫県神戸市東灘区渦森台２丁目１０番１０４号,2017-03-03,株式会社
株式会社Ｗ．ウイング,福岡県柳川市筑紫町２５９番地１,2017-03-03,株式会社
株式会社ＷＢｃｏｍｐａｎｙ,和歌山県和歌山市土入１６６番地ＢＩＧＪＯＹＹＡＭＡＴＯ１０２,2017-03-03,株式会社
株式会社ＷＩＳＥＯＮＥ,大阪府八尾市跡部北の町２丁目４番３８号,2017-03-03,株式会社
株式会社Ｘｒｏｓｓ－Ｄ,宮城県宮城郡利府町青葉台２丁目１番地２２５,2017-03-03,株式会社
株式会社Ｙ・Ｋ・Ｓ,愛知県岡崎市上地１丁目１３番地４,2017-03-03,株式会社
株式会社ＹＣ西武立川,東京都立川市西砂町５丁目６６番地の６,2017-03-03,株式会社
株式会社ＹＩＮ－Ｃ,大阪府大阪市東淀川区大隅１丁目１番３号北沢ビル４０４,2017-03-03,株式会社
株式会社ＹＳＪ,埼玉県越谷市大間野町４丁目２０１番地１０,2017-03-03,株式会社
株式会社Ｙｕｋｉコーポレーション,大阪府大阪市西区南堀江１丁目１１番１号・５階,2017-03-03,株式会社
株式会社ｄｓｓ,東京都調布市飛田給２丁目１５番地１,2017-03-03,株式会社
株式会社ｈｕｇマネジメント,大阪府大阪市北区堂島浜２丁目１番１３号堂島浜シティビル３０２号,2017-03-03,株式会社
株式会社ｉｎｇ,鳥取県鳥取市相生町２丁目４５２番地１,2017-03-03,株式会社
株式会社ｍｕｖｉｅｓ,東京都中央区新川２丁目１５番５－２０１号,2017-03-03,株式会社
株式会社ｏｒｂ,福岡県福岡市博多区冷泉町６番１６号,2017-03-03,株式会社
株式会社ｐａｍｏ,愛知県岡崎市欠町字札木４３番地２,2017-03-03,株式会社
株式会社ｒｅｌａｔｉｏｎｓｈｉｐ,東京都中野区中央１丁目３８番１－２４０２号,2017-03-03,株式会社
株式会社ｓｈｉｅｎｏｒｉ,広島県広島市中区紙屋町１丁目４番１０号,2017-03-03,株式会社
株式会社ｔｅｅ,愛媛県伊予市三島町９１番地１０（三島ハイツＡ棟６号）,2017-03-03,株式会社
株式会社ｔｉｅＺ,北海道石狩市緑苑台東三条３丁目６５番地,2017-03-03,株式会社
株式会社ｖｉｖｉｄ,神奈川県平塚市山下９番地の１パークステラ１０１,2017-03-03,株式会社
桜住宅サービス株式会社,東京都港区高輪１丁目８番１１号,2017-03-03,株式会社
桜建築デザイン株式会社,静岡県浜松市西区桜台６丁目７番１０号,2017-03-03,株式会社
森川合同会社,熊本県熊本市中央区黒髪６丁目１４番１２号,2017-03-03,合同会社
楽喜株式会社,東京都葛飾区西新小岩４丁目２８番８号,2017-03-03,株式会社
楽米亜合同会社,東京都大田区大森北１丁目２３番１２号６階,2017-03-03,合同会社
横山会計合同会社,神奈川県川崎市麻生区白鳥４丁目５番１６号,2017-03-03,合同会社
櫻花商事株式会社,神奈川県川崎市川崎区日ノ出２丁目１６番１０号,2017-03-03,株式会社
泉孝株式会社,新潟県新潟市東区卸新町２丁目８４８番地２２,2017-03-03,株式会社
浩然株式会社,茨城県筑西市森添島１９１６番地３,2017-03-03,株式会社
深川建設株式会社,佐賀県佐賀市大和町大字久留間３５９４番地,2017-03-03,株式会社
照屋工業株式会社,大阪府大阪市住之江区南加賀屋３丁目３番１７号住之江吉田ビル２０１号,2017-03-03,株式会社
特定非営利活動法人こっこの会,埼玉県鶴ヶ島市富士見１丁目１５番２－２０３号県営鶴ヶ島富士見団地,2017-03-03,その他の設立登記法人
特定非営利活動法人ぬた守る会,高知県長岡郡大豊町怒田４９６番地,2017-03-03,その他の設立登記法人
特定非営利活動法人ウィメンズ・エンパワーメント金沢プロジェクト,石川県金沢市伏見新町２５５番地,2017-03-03,その他の設立登記法人
特定非営利活動法人コミュニティスポーツクラブＴＥＡＭひまわり,長崎県南島原市西有家町龍石７８８番地９７,2017-03-03,その他の設立登記法人
特定非営利活動法人日本国際平和構築協会,東京都渋谷区広尾１丁目７番２－８０１号,2017-03-03,その他の設立登記法人
特定非営利活動法人森林浴音楽会,東京都杉並区下井草４丁目２９番１４号クリアファーストＡ２０２,2017-03-03,その他の設立登記法人
特定非営利活動法人立川市陸上競技協会,東京都立川市高松町３丁目２１番１号,2017-03-03,その他の設立登記法人
琉球ファンタジスタ株式会社,沖縄県那覇市曙３丁目１７番１６号１階,2017-03-03,株式会社
琥珀バイオテクノロジー株式会社,茨城県つくば市天王台１丁目１番１号筑波大学産学リエゾン共同研究センター３０１,2017-03-03,株式会社
田中商事ロジスティクス株式会社,大阪府大阪市北区大淀南３丁目７番７号,2017-03-03,株式会社
百代商事株式会社,大阪府大阪市西成区天下茶屋東１丁目１７番９号,2017-03-03,株式会社
相模海洋株式会社,神奈川県相模原市緑区大島１６３７番地３,2017-03-03,株式会社
碩豊国際貿易株式会社,群馬県太田市藪塚町１７９９番地８,2017-03-03,株式会社
私美合同会社,東京都足立区千住中居町１９番１０号,2017-03-03,合同会社
税理士法人岩波・新田事務所,東京都調布市布田１丁目２６番地１０,2017-03-03,その他の設立登記法人
穴水興業株式会社,山梨県甲府市朝気２丁目２番１１号,2017-03-03,株式会社
聖地所株式会社,東京都品川区大崎５丁目１番５号,2017-03-03,株式会社
英光土木株式会社,和歌山県田辺市神島台１１番７号,2017-03-03,株式会社
荒武昇工株式会社,神奈川県川崎市幸区戸手１丁目３番１２－１号,2017-03-03,株式会社
蘭叡株式会社,大阪府大阪市浪速区下寺３丁目１６番６－９０５号,2017-03-03,株式会社
被相続人亡寺谷行雄相続財産,京都府京都市中京区麩屋町通丸太町下ル長栄ビル３階　あしだ法律事務所,2017-03-03,その他
西岡精工株式会社,岐阜県関市山田２８０番地１,2017-03-03,株式会社
足立電機株式会社,東京都足立区東保木間２丁目８番７号,2017-03-03,株式会社
農事組合法人なかよしファーム,富山県富山市西番２１６番地２,2017-03-03,その他の設立登記法人
農事組合法人コラボ永栄,岩手県胆沢郡金ケ崎町永栄内高梨８番地,2017-03-03,その他の設立登記法人
農事組合法人仁井田営農組合,福島県本宮市仁井田字四合田１４１番地,2017-03-03,その他の設立登記法人
農事組合法人今泉実践組合,宮城県仙台市若林区今泉字中村宅地８番地,2017-03-03,その他の設立登記法人
農事組合法人沢水の里瀬戸,石川県鹿島郡中能登町瀬戸ち部３番地,2017-03-03,その他の設立登記法人
農事組合法人浅生,富山県中新川郡立山町浅生８９番地,2017-03-03,その他の設立登記法人
農事組合法人鶴喰なの花村,熊本県八代市坂本町鶴喰２２７番地,2017-03-03,その他の設立登記法人
農業生産法人前里グループ合同会社,沖縄県宮古島市城辺字長間７０５番地２,2017-03-03,合同会社
農業生産法人合同会社入江ファーム,沖縄県宮古島市下地字嘉手苅４４０番地７,2017-03-03,合同会社
農業生産法人合同会社豊饒,沖縄県宮古島市城辺字砂川１１６番地１,2017-03-03,合同会社
農業生産法人未来ファーム合同会社,沖縄県島尻郡久米島町字宇江城７８６番地,2017-03-03,合同会社
通達貿易株式会社,大阪府大阪市中央区博労町２丁目４番７号タイケンビル７Ｆ,2017-03-03,株式会社
鍋島住宅建設株式会社,大阪府門真市寿町１５番１８号,2017-03-03,株式会社
長谷川企画株式会社,広島県広島市中区白島北町１４番１７－１０１号,2017-03-03,株式会社
青山ヘルスケア・マネジメント株式会社,東京都港区北青山２丁目５番１号,2017-03-03,株式会社
高橋商事株式会社,埼玉県川口市飯塚１丁目１９番１１号,2017-03-03,株式会社
魂の株式会社,大阪府大阪市北区西天満３丁目１０番３号ＹＳＲ西天満ビル４階,2017-03-03,株式会社
黒田塗装工業株式会社,福岡県北九州市八幡西区若葉２丁目１８番３８号,2017-03-03,株式会社
２Ｓｍｉｌｅｓ株式会社,大分県大分市中央町３丁目２番２９号,2017-03-03,株式会社
ＡＫＩＡＲＴＳ合同会社,東京都世田谷区砧８丁目１１番５号ホワイトガーデニア３０３,2017-03-03,合同会社
ＡＹＡ　Ｎｉｓｅｋｏ　２０８　Ｌｉｍｉｔｅｄ,北海道虻田郡倶知安町字山田１９５－１－２０８,2017-03-03,外国会社等
ＢＯＮＥ株式会社,京都府京都市下京区七条通新町西入るＮＪ小山ビル,2017-03-03,株式会社
Ｂｅｓｔ．パートナー株式会社,愛知県一宮市北方町中島字南辻ノ内２０番地２６,2017-03-03,株式会社
Ｃｕｌｔｕｒｅ　Ｃｒｏｓｓｉｎｇ株式会社,東京都千代田区神田須田町２丁目１３番地１,2017-03-03,株式会社
Ｄｅｐｏｒｔｅ　Ａｍｂｉｅｎｔｅ株式会社,東京都中央区銀座１丁目９番５号池田ビル３階,2017-03-03,株式会社
ＥＡＳＥ　ＶＩＥＷ　ＥＮＴＥＲＰＲＩＳＥＳ　ＬＩＭＩＴＥＤ,北海道虻田郡倶知安町字山田１９５－１－５１２,2017-03-03,外国会社等
ＥＣＯボール株式会社,大阪府大阪市生野区中川西３丁目６番２２号,2017-03-03,株式会社
ＥＥｐｒｏｊｅｃｔ株式会社,大阪府大阪市城東区関目２丁目７番８号,2017-03-03,株式会社
ＥＦ　Ｌａｎｇｕａｇｅ　Ｌｅａｒｎｉｎｇ　Ｓｏｌｕｔｉｏｎｓ　Ｌｔｄ．,,2017-03-03,外国会社等
ＦＲＥＥ　ＳＴＹＬＥ　ＢＯＸ株式会社,長崎県西彼杵郡長与町高田郷１５０番地２－Ｂ号,2017-03-03,株式会社
ＧＬＯＢＡＬ　ＬＩＮＥ株式会社,大阪府大阪市生野区小路東１丁目５番１４号,2017-03-03,株式会社
ＧａｒａｔｅａＣｉｒｃｕｓ株式会社,東京都渋谷区桜丘町２６番１号セルリアンタワー１５階,2017-03-03,株式会社
Ｇｏｌｄ　Ｙａｒｄ　Ｒｅｓｏｕｒｃｅｓ　Ｉｎｖｅｓｔｍｅｎｔｓ　Ｌｉｍｉｔｅｄ,北海道虻田郡倶知安町字山田１９５－１－３１１,2017-03-03,外国会社等
ＨＯＡＮＧ　ＬＡＮ　ＡＮＨ合同会社,東京都大田区西蒲田５丁目１２－８,2017-03-03,合同会社
ＨＴ株式会社,福岡県糟屋郡志免町別府北２丁目３番１－９０８号,2017-03-03,株式会社
Ｈａｐｐｙ株式会社,長野県長野市中御所５丁目９番１１号,2017-03-03,株式会社
ＪＯＢＵ合同会社,東京都中央区八丁堀１丁目１３番１０号三神ビル２Ｆ,2017-03-03,合同会社
Ｊｏｉｎｔ　Ｇａｉｎ　Ｉｎｖｅｓｔｍｅｎｔｓ　Ｌｉｍｉｔｅｄ,北海道虻田郡倶知安町字山田１９５－１－５１８,2017-03-03,外国会社等
Ｋ－Ｄｅｓｉｇｎ株式会社,愛媛県伊予郡松前町大字昌農内６１３番地４フローラル河野１０１号,2017-03-03,株式会社
ＫＥＫジャパン株式会社,愛知県名古屋市南区元柴田東町３丁目１３番地,2017-03-03,株式会社
ＫＨＫワークス株式会社,宮城県仙台市若林区石名坂７番地,2017-03-03,株式会社
ＫＭＧ株式会社,愛知県名古屋市港区小碓２丁目２２７番地,2017-03-03,株式会社
ＬＯＶＥ＆ＰＥＡＣＥ＆ＪＯＹ合同会社,沖縄県南城市玉城字屋嘉部４３８番地,2017-03-03,合同会社
ＭＩＲＡＣＲＥＡ株式会社,東京都新宿区百人町１丁目２０－３,2017-03-03,株式会社
ＭＰ　ＳＨＩＰ第５号株式会社,東京都港区六本木１丁目６番１号,2017-03-03,株式会社
ＭＰ　ＳＨＩＰ第６号株式会社,東京都港区六本木１丁目６番１号,2017-03-03,株式会社
Ｍａｐｌｅ　Ｐｉｎｅ　Ｌｉｍｉｔｅｄ,北海道虻田郡倶知安町字山田１９５－１－２１２,2017-03-03,外国会社等
Ｍａｙａｒｔ　Ｌｉｍｉｔｅｄ,,2017-03-03,外国会社等
Ｍａｙｆｌｏｗｅｒ　Ｅｎｇｌｉｓｈ　Ｓｃｈｏｏｌ合同会社,福岡県行橋市泉中央８丁目１８番３７号,2017-03-03,合同会社
Ｍｅｒｃｉ　Ｃｏｒｐｏｒａｔｉｏｎ株式会社,神奈川県川崎市川崎区新川通１０番１２号,2017-03-03,株式会社
ＮＩＳＣＯ－ＪＰ株式会社,長野県長野市大字北長池１０５８番地３,2017-03-03,株式会社
ＮＰＯ法人太鼓芸術鼓宮舞,大阪府柏原市玉手町６番６１－１０４号玉手山サンハイツ,2017-03-03,その他の設立登記法人
ＮＰＯ法人子どもセンター,熊本県熊本市中央区米屋町１丁目９番地１（５０７号）フローレンス五福グランドアーク,2017-03-03,その他の設立登記法人
ＮＰＯ法人未来サポート協議会,福岡県福岡市博多区博多駅南１丁目３番８号,2017-03-03,その他の設立登記法人
Ｎｅｘｔ　Ａｄｖａｎｃｅ株式会社,愛知県刈谷市東刈谷町３丁目１３番地１１,2017-03-03,株式会社
ＯＮＥＵＰ合同会社,栃木県宇都宮市雀の宮５丁目６番１０号,2017-03-03,合同会社
ＯＳＨＡＤＩ　ＥＮＴＥＲＰＲＩＳＥＳ,茨城県龍ケ崎市愛戸町５４番地２ロイヤル・コート愛戸Ｂ１０３号室,2017-03-03,外国会社等
Ｒ＆Ｊ株式会社,福岡県福岡市博多区博多駅前４丁目１３番２７号,2017-03-03,株式会社
ＲＣメディカル株式会社,東京都中央区銀座５丁目６番１２号,2017-03-03,株式会社
ＲＥＳＨＭＡ株式会社,埼玉県川越市砂新田４丁目１２番地１Ｍコーポ１０２号室,2017-03-03,株式会社
ＲＩＳＥ　ＯＮＥ株式会社,福岡県久留米市田主丸町常盤２９番地７,2017-03-03,株式会社
Ｒｉａｚ　ＩＮＴＥＲＮＡＴＩＯＮＡＬ株式会社,千葉県白井市折立字堂ノ上４０９番,2017-03-03,株式会社
Ｒｉｖｅｒ　Ｓｋｙ　Ｈｏｌｄｉｎｇｓ　Ｌｉｍｉｔｅｄ,北海道虻田郡倶知安町字山田１９５－１－３０１,2017-03-03,外国会社等
ＳＡＭＪＩＮ　ＪＡＰＡＮ株式会社,東京都新宿区若葉１丁目６－１,2017-03-03,株式会社
ＳＩＬＶＥＲ　ＢＡＣＫ株式会社,東京都港区東麻布１丁目４番２号,2017-03-03,株式会社
ＳＪＬ株式会社,東京都品川区東五反田５丁目２５番１９号,2017-03-03,株式会社
ＳＵＮＳＥＴ風土ＣＯＭＰＡＮＹ合同会社,福岡県糸島市志摩小富士８９９番地,2017-03-03,合同会社
ＴＫＳ株式会社,福岡県大野城市筒井１丁目６番１９－２号,2017-03-03,株式会社
ＴＯＵＣＨ　Ｔｒａｄｉｎｇ合同会社,埼玉県川口市金山町１０番１５号,2017-03-03,合同会社
ＴＹＮＳ株式会社,大阪府大阪市東淀川区淡路１丁目１９番３号シャトレー新大阪３０２号,2017-03-03,株式会社
Ｔｈｅ　Ａｗｅｓｏｍｅｎｅｓｓ　Ｌｉｍｉｔｅｄ,北海道虻田郡倶知安町字山田１９５－１－３１２,2017-03-03,外国会社等
Ｔｒｕｓｔ　ｅｎｔｅｒｐｒｉｓｅ株式会社,宮城県仙台市宮城野区岩切字三所南１４２番地の１７,2017-03-03,株式会社
ＵＣ株式会社,鹿児島県鹿児島市下伊敷１丁目８番１７号,2017-03-03,株式会社
ＵＭＥＤＡ芸能株式会社,大阪府大阪市北区太融寺町８番８号日進ビルディング１００３号室,2017-03-03,株式会社
ＵＮＩＣＯＲＮ　ＨＯＬＤＩＮＧＳ　ＬＩＭＩＴＥＤ,北海道虻田郡倶知安町字山田１９５－１－１０１,2017-03-03,外国会社等
ＵＳＨＡＲＡ　ＴＲＡＤＥ　ＣＥＮＴＲＥ,千葉県白井市中２１７番６－Ｃ,2017-03-03,外国会社等
Ｖｉｂｅｒ　Ｍｅｄｉａ　Ｓ．à．ｒ．ｌ,,2017-03-03,外国会社等
ＹＵＲＵＳＯＲ株式会社,長野県下伊那郡阿智村駒場６０８番地３,2017-03-03,株式会社
ＹＹカンパニー合同会社,広島県広島市安芸区瀬野西５丁目４番１０号,2017-03-03,合同会社
ＹｘＹ株式会社,東京都江戸川区瑞江２丁目２６番１０号３０５,2017-03-03,株式会社
ＺＥＮＯ　ＴＲＡＤＥ　ＬＡＮＫＡ　ＰＲＩＶＡＴＥ　ＬＩＭＩＴＥＤ,三重県四日市市小杉町１６２５－１０,2017-03-03,外国会社等
ＺＥＮｗｏｒｋｓ合同会社,東京都江東区豊洲３丁目６番５号,2017-03-03,合同会社
ａｎｄ　Ｉｎｔｅｒｎａｔｉｏｎａｌ株式会社,大阪府大阪市浪速区桜川４丁目１４番３０号三研ビルディング桜川３Ａ号,2017-03-03,株式会社
ｇｅｅｋｌｉｎｅ合同会社,神奈川県相模原市南区相模台２丁目１２番１７号,2017-03-03,合同会社
ｈｉｄｅ　ａｎｄ　ｓｅｅｋ株式会社,静岡県藤枝市南駿河台６丁目１番３－１１号,2017-03-03,株式会社
ｉつなぐ電気合同会社,熊本県熊本市中央区弥生町１番２５号Ｃｈａｎｇｅ．Ｈｅｉｇｈｔｓ弥生３０５号,2017-03-03,合同会社
ｉＴＥＲＡＳ株式会社,大阪府大阪市北区中津１丁目６番２９号ザ・セントラルマークタワー２５１４,2017-03-03,株式会社
ｉｎｔｏｘｉｃ．Ｊａｐａｎ株式会社,福岡県福岡市中央区平尾１丁目５番１２号楠本ビル１Ｆ,2017-03-03,株式会社
ｗｅａｒｗｅｌｌ株式会社,東京都目黒区目黒本町１丁目５番１９－３０１号,2017-03-03,株式会社
ｗｅｌｐ株式会社,大阪府大阪市中央区南船場４丁目４番２１号,2017-03-03,株式会社
ｙａｒｒｎ株式会社,東京都港区東麻布１丁目４番２号,2017-03-03,株式会社
あそび空間株式会社,静岡県富士宮市野中東町３２０番地,2017-03-06,株式会社
いいじま運送合同会社,千葉県成田市押畑２２１０番地１,2017-03-06,合同会社
いしだ電工株式会社,広島県三原市旭町２丁目３番１号,2017-03-06,株式会社
えきまち不動産管理株式会社,滋賀県長浜市北船町３番２４号,2017-03-06,株式会社
からだすっきり館株式会社,岡山県総社市久代５００２番地１８８,2017-03-06,株式会社
きちのせ株式会社,北海道札幌市中央区南六条西３丁目１０番地１Ｎ三協ビル５階,2017-03-06,株式会社
さくらビル株式会社,群馬県邑楽郡大泉町西小泉５丁目２番２号,2017-03-06,株式会社
さくらリペイント株式会社,宮城県仙台市宮城野区栄４丁目２番１７号,2017-03-06,株式会社
つるや商会合同会社,広島県尾道市山波町６７８番地３１,2017-03-06,合同会社
はるデザイン合同会社,大分県別府市田の湯町３番７号,2017-03-06,合同会社
ほうほう株式会社,千葉県千葉市美浜区稲毛海岸５丁目１番２８号稲毛カトレア１００５,2017-03-06,株式会社
やごやまソーラー合同会社,東京都千代田区内幸町１丁目３番３号,2017-03-06,合同会社
アイアンドデルマ株式会社,青森県青森市東造道１丁目４番３号,2017-03-06,株式会社
アイライフ株式会社,広島県広島市東区光町２丁目１４番９号,2017-03-06,株式会社
アイルエステート株式会社,神奈川県川崎市高津区溝口１丁目２３－１９ユーアイグレースヴィラ２０６,2017-03-06,株式会社
アカマ販売株式会社,神奈川県横浜市瀬谷区中央３４番地７,2017-03-06,株式会社
アサヒバイオサイクル株式会社,東京都墨田区吾妻橋１丁目２３番１号,2017-03-06,株式会社
アジア商工株式会社,千葉県東金市田間８００番地３,2017-03-06,株式会社
アセットファイナンス東神奈川合同会社,東京都千代田区神田神保町３丁目５番地,2017-03-06,合同会社
アップライズ株式会社,兵庫県芦屋市岩園町９番２６－２号,2017-03-06,株式会社
アップ株式会社,愛知県大府市北山町１丁目２０番地,2017-03-06,株式会社
アルキピア株式会社,東京都練馬区西大泉５丁目２８番５号,2017-03-06,株式会社
アンズ株式会社,大阪府大阪市天王寺区北山町３番８号,2017-03-06,株式会社
アーチテック株式会社,京都府宇治市木幡御蔵山３９番地の１７３１,2017-03-06,株式会社
アーチプロキテクト合同会社,東京都世田谷区深沢４丁目２９番６号フリオ深沢４０２,2017-03-06,合同会社
アーツ株式会社,大阪府大阪市住之江区南加賀屋３丁目２番１８号２Ｆ,2017-03-06,株式会社
アールイーサーチ株式会社,東京都台東区竜泉２丁目１９番１５－１１０１号ドムール三ノ輪,2017-03-06,株式会社
アールエム産業株式会社,石川県加賀市小塩辻町４番地,2017-03-06,株式会社
ウィズ株式会社,大分県大分市大字宮崎４１６番地クマダ大分ビル２Ｆ,2017-03-06,株式会社
エッセンシャル・アセット・マネジメント合同会社,神奈川県横浜市戸塚区上矢部町３５０６番地１グリーンヒルズⅢ－２０１号,2017-03-06,合同会社
エーアイテック株式会社,大阪府東大阪市若江東町６丁目８番３号,2017-03-06,株式会社
カオス株式会社,大阪府大阪市中央区日本橋１丁目５番１６号,2017-03-06,株式会社
キナンエンジニアリング株式会社,和歌山県新宮市浮島１番２５号,2017-03-06,株式会社
グルーヴ株式会社,千葉県柏市柏４丁目８番１４号柏染谷ビル４階,2017-03-06,株式会社
ケイツー株式会社,東京都町田市旭町２丁目１２番１号,2017-03-06,株式会社
サクラエージェンシー株式会社,愛知県名古屋市西区歌里町４３番地,2017-03-06,株式会社
サムシンググッド不動産株式会社,東京都品川区西五反田７丁目１０番４号,2017-03-06,株式会社
サンコンサルティング株式会社,東京都中央区銀座６丁目１３番１６号銀座ＷａｌｌビルＵＣＦ５階,2017-03-06,株式会社
サンフィールド工業株式会社,大阪府大阪市西淀川区柏里２丁目１０番１６号,2017-03-06,株式会社
ザックスプラス合同会社,東京都練馬区大泉学園町６丁目１０番９号,2017-03-06,合同会社
システムジャパンセールス株式会社,東京都中央区日本橋兜町１６番５号,2017-03-06,株式会社
シンケン株式会社,神奈川県足柄下郡箱根町湯本４６８番地の４ミレニアムレジデンス箱根７０１,2017-03-06,株式会社
シーザー株式会社,東京都大田区田園調布３丁目２８番１２号,2017-03-06,株式会社
ジーエム株式会社,東京都千代田区神田佐久間町２丁目７番,2017-03-06,株式会社
スクールバス空間設計株式会社,大阪府大阪市中央区北浜１丁目５番８号,2017-03-06,株式会社
スタジオ９１１合同会社,東京都目黒区鷹番３丁目１９－９－２０４,2017-03-06,合同会社
スターリバー株式会社,神奈川県川崎市中原区新丸子東３丁目１１００番地１２Ｍ４００９,2017-03-06,株式会社
スリーエス・コンサルティング株式会社,東京都世田谷区成城４丁目５番４号,2017-03-06,株式会社
テイトステージテクノロジーズジャパン株式会社,千葉県千葉市美浜区中瀬１丁目６番地,2017-03-06,株式会社
トラスティ株式会社,福岡県福岡市中央区赤坂１丁目５番５号,2017-03-06,株式会社
ネクセンタ合同会社,東京都渋谷区広尾５丁目２１番２号,2017-03-06,合同会社
ノースワン株式会社,東京都練馬区北町１丁目３５－６大木ビル１階,2017-03-06,株式会社
ハンズオンサポート株式会社,東京都千代田区神田須田町２丁目２３番地１天翔秋葉原万世橋ビル,2017-03-06,株式会社
ビッグツリーＲＰＡ株式会社,東京都港区赤坂１丁目１２番３２号,2017-03-06,株式会社
ビルドエース株式会社,神奈川県横浜市保土ケ谷区常盤台３０番１１号,2017-03-06,株式会社
フィアーブル・パートナーズ株式会社,福岡県福岡市中央区薬院２丁目３番１１－２０４号,2017-03-06,株式会社
フューチャーテック株式会社,東京都練馬区桜台３丁目７番１５号,2017-03-06,株式会社
ブロックチェーン大学校株式会社,東京都渋谷区渋谷２丁目１０番１５号ＮＶ＿１ＢＬＤＧ７Ｆ,2017-03-06,株式会社
ブローニュ合同会社,山梨県南都留郡富士河口湖町船津５５２１番地２,2017-03-06,合同会社
プライフ・ザ・ワン株式会社,東京都中野区江原町１丁目４７－８グローイングコート中野江原町２０５,2017-03-06,株式会社
プライムハイツ阿波座管理組合,大阪府大阪市西区立売堀５丁目１番１１,2017-03-06,その他
プラチナインベスト合同会社,東京都品川区北品川１丁目９番７号トップルーム品川１０１５,2017-03-06,合同会社
プラットフォーム株式会社,東京都新宿区下落合１丁目７－１４アベマンション１０１,2017-03-06,株式会社
プレミアオート合同会社,東京都新宿区西新宿６丁目１２番７号ストーク新宿３０７,2017-03-06,合同会社
プログレス株式会社,北海道苫前郡羽幌町字高台３１１番地の４,2017-03-06,株式会社
ヘルメス合同会社,東京都品川区北品川１丁目９番７号トップルーム品川１０１５号,2017-03-06,合同会社
ペリジーアソシエ株式会社,京都府京都市山科区東野八代６９番地１４,2017-03-06,株式会社
ボンドプランニング株式会社,京都府相楽郡精華町大字祝園小字長塚１５番地４,2017-03-06,株式会社
マルイリシマモリ鉄工株式会社,青森県八戸市大字新井田字鷹清水９番地１,2017-03-06,株式会社
ミオンマーケティング株式会社,兵庫県尼崎市南武庫之荘１丁目２３番１３号２号室,2017-03-06,株式会社
メゾンドール早稲田マンション建替組合,東京都千代田区外神田５丁目２番２号浜田ビル７階　株式会社都市空間研究所内,2017-03-06,その他
ヤナギハラ株式会社,山形県東置賜郡高畠町大字夏茂１５６０番地２,2017-03-06,株式会社
ヤマダ空調株式会社,宮城県柴田郡川崎町支倉台１丁目５番１,2017-03-06,株式会社
ライフアドバンス株式会社,東京都新宿区中落合３丁目７－６－２０６,2017-03-06,株式会社
ライフコート株式会社,大分県大分市萩原２丁目１番５号アーバンベルデ萩原５０４号,2017-03-06,株式会社
ラッキージャパン合同会社,東京都足立区谷在家１丁目２１番３号１Ｆ,2017-03-06,合同会社
ランドマーク・リアルエステート東京株式会社,東京都港区六本木６丁目２番３１号六本木ヒルズノースタワー１７階,2017-03-06,株式会社
リピートアゲイン株式会社,神奈川県逗子市久木４丁目４番１７号,2017-03-06,株式会社
ルミネックスジャパン株式会社,神奈川県横浜市中区尾上町４丁目５７番地尾上町ビル８階,2017-03-06,株式会社
ルーエ・レジデンス株式会社,大阪府吹田市豊津町１３番１７号,2017-03-06,株式会社
ルーフソーラーテック合同会社,東京都中央区新富１丁目８番２号,2017-03-06,合同会社
ロワールさくら合同会社,神奈川県横浜市金沢区能見台１丁目４５番地１３,2017-03-06,合同会社
ワークアシスト合同会社,北海道恵庭市黄金中央４丁目１１番地１３,2017-03-06,合同会社
ヱンガワシステムズ合同会社,神奈川県横浜市中区野毛町１丁目１６番地１,2017-03-06,合同会社
一般社団法人あしび,福島県いわき市内郷内町金坂２１番地の２,2017-03-06,その他の設立登記法人
一般社団法人あんさんぶる,北海道札幌市豊平区福住二条４丁目２番１１号,2017-03-06,その他の設立登記法人
一般社団法人こうらくえん,熊本県水俣市初野２０９番地１,2017-03-06,その他の設立登記法人
一般社団法人まちづくり伊達,福島県伊達市前川原２５番地,2017-03-06,その他の設立登記法人
一般社団法人アスールワン,東京都中央区日本橋１丁目４番１号日本橋一丁目ビルディング,2017-03-06,その他の設立登記法人
一般社団法人アルファカレッジ,東京都新宿区高田馬場１丁目２９番２０号安念ビル３Ｆ,2017-03-06,その他の設立登記法人
一般社団法人ウェルネスウェンズデー協会,東京都千代田区麹町５丁目７番地１,2017-03-06,その他の設立登記法人
一般社団法人オフィスイシバシ,福岡県北九州市小倉北区篠崎５丁目１５番２７号,2017-03-06,その他の設立登記法人
一般社団法人キッズおもてなしサポーター協会,東京都千代田区神田錦町２丁目５番地９神田カトランビル２階,2017-03-06,その他の設立登記法人
一般社団法人ゴールド倶楽部,東京都新宿区新宿４丁目１番６号ＪＲ新宿ミライナタワー２８階,2017-03-06,その他の設立登記法人
一般社団法人ジアズクラブ,大阪府大阪市淀川区宮原４丁目１番４６号新大阪北ビル６Ｆ,2017-03-06,その他の設立登記法人
一般社団法人トータルデザイン研究所,広島県広島市安佐南区山本新町２丁目９番２０号,2017-03-06,その他の設立登記法人
一般社団法人ヒューマノミクス実行委員会,東京都新宿区市谷田町２丁目７番地１５近代科学社ビル２階,2017-03-06,その他の設立登記法人
一般社団法人ヘルスケア甲賀,滋賀県甲賀市甲南町深川２２０１番地,2017-03-06,その他の設立登記法人
一般社団法人ユウワＴＹ研究所,長野県小諸市大字西原７００番地１,2017-03-06,その他の設立登記法人
一般社団法人リーフガーデン,兵庫県明石市硯町３丁目１１番２５号,2017-03-06,その他の設立登記法人
一般社団法人中部地質調査業協会,愛知県名古屋市東区葵３丁目２５番２０号ニューコーポ千種橋４０３,2017-03-06,その他の設立登記法人
一般社団法人大島タクシー協会,東京都大島町元町４丁目１２番５号,2017-03-06,その他の設立登記法人
一般社団法人岐阜県ゴルフ連盟,岐阜県各務原市鵜沼三ツ池町３丁目５９番地,2017-03-06,その他の設立登記法人
一般社団法人教育訓練研修協会,大阪府大阪市北区堂山町１番５号三共梅田ビル６階,2017-03-06,その他の設立登記法人
一般社団法人日本オーシャンレーサー協会,東京都千代田区丸の内１丁目１１番１号,2017-03-06,その他の設立登記法人
一般社団法人日本車いすスポーツ協会,千葉県浦安市堀江１丁目７－１１,2017-03-06,その他の設立登記法人
一般社団法人日本金融事業協会,愛知県名古屋市中区千代田２丁目１６番１０号,2017-03-06,その他の設立登記法人
一般社団法人東京都外国人就労認定機構,東京都中央区銀座７丁目１７－１８,2017-03-06,その他の設立登記法人
一般社団法人横浜資産研究開発機構,神奈川県横浜市神奈川区台町１番地８,2017-03-06,その他の設立登記法人
一般社団法人民家再生協会かごしま,鹿児島県鹿児島市高麗町２９番地１,2017-03-06,その他の設立登記法人
一般社団法人生活向上推進センター,愛知県名古屋市南区赤坪町１３４番地の１,2017-03-06,その他の設立登記法人
一般社団法人相続終活専門士協会,東京都新宿区改代町２６番地１三田村ビルＢ１,2017-03-06,その他の設立登記法人
一般社団法人稲坂歯車友の会,兵庫県加東市高岡６８１番地,2017-03-06,その他の設立登記法人
一般社団法人稲坂油圧友の会,兵庫県加東市高岡８８０番地,2017-03-06,その他の設立登記法人
一般社団法人食と健康協会,大阪府大阪市住吉区万代４丁目４番１８号,2017-03-06,その他の設立登記法人
一般社団法人ＤＯＲ,兵庫県神戸市長田区庄田町３丁目５番１０号,2017-03-06,その他の設立登記法人
一般社団法人ＬＡＳ,東京都国立市西２丁目１番地の１８グリーンコート国立Ａ２０２,2017-03-06,その他の設立登記法人
一般社団法人Ｒｅｖｅ,京都府京田辺市三山木田中１番地５南田辺中央ビル１０２号,2017-03-06,その他の設立登記法人
一般社団法人ＳＭＹ,愛媛県四国中央市川之江町２５２９番地の１７３,2017-03-06,その他の設立登記法人
一般財団法人しあわせのいえ,大阪府大阪市西区京町堀１丁目１２番２０号,2017-03-06,その他の設立登記法人
三ユウ水産株式会社,静岡県焼津市八楠４丁目１２番地の１９,2017-03-06,株式会社
上板井自治会,兵庫県丹波篠山市上板井７２６－３,2017-03-06,その他
上満沢環境保全会,山形県最上郡最上町大字満澤８２,2017-03-06,その他
中村電気通信株式会社,茨城県東茨城郡大洗町成田町４７番地,2017-03-06,株式会社
中自動車株式会社,静岡県菊川市東横地２０８番地の１,2017-03-06,株式会社
九人プラネット株式会社,福岡県福岡市中央区梅光園３丁目３番３号,2017-03-06,株式会社
井出化工機株式会社,静岡県富士市厚原１６８５番地の９,2017-03-06,株式会社
京葉フード株式会社,東京都中央区月島２丁目５番９号１Ｆ,2017-03-06,株式会社
京阪機工株式会社,大阪府寝屋川市池田北町２０番３号,2017-03-06,株式会社
今藤管工株式会社,岡山県倉敷市神田３丁目１５番４３号,2017-03-06,株式会社
創新株式会社,大阪府大阪市住吉区我孫子東２丁目９番７号サンアビコ東マンション２Ａ号室,2017-03-06,株式会社
加藤工業株式会社,北海道恵庭市北柏木町１丁目１７番７号,2017-03-06,株式会社
労働保険事務組合阪神経営センター,兵庫県西宮市段上町２丁目１－３１,2017-03-06,その他
医療法人さくらだ眼科,山口県周南市原宿町４番２４号,2017-03-06,その他の設立登記法人
医療法人悠喜会,広島県東広島市西条西本町１６番１５号,2017-03-06,その他の設立登記法人
医療法人社団あおよこ皮膚科クリニック,東京都品川区南品川２丁目１７番２４号フルカワビル２階,2017-03-06,その他の設立登記法人
医療法人社団協和医会,東京都台東区台東４丁目８番５号Ｔ＆Ｔ御徒町ビル４階,2017-03-06,その他の設立登記法人
医療法人社団広士会,東京都渋谷区笹塚２丁目１０番４号Ｙ笹塚ビル２階,2017-03-06,その他の設立登記法人
医療法人社団拓育会,東京都江東区大島１丁目２９番８号清水ビル１階,2017-03-06,その他の設立登記法人
医療法人社団春望会,茨城県取手市中央町２番２５号取手ｉセンター３０５号,2017-03-06,その他の設立登記法人
医療法人社団泰明,東京都中央区銀座５丁目１番１５号第一御幸ビル５階,2017-03-06,その他の設立登記法人
医療法人社団海上ビルデンタルクリニック,東京都千代田区丸の内１丁目２番１号東京海上日動ビル新館３階,2017-03-06,その他の設立登記法人
医療法人社団碧心会,東京都大田区山王２丁目１番６号キャビックビル９０３号室,2017-03-06,その他の設立登記法人
医療法人社団美純会,東京都目黒区自由が丘２丁目１０番２０号弥生ビル６階,2017-03-06,その他の設立登記法人
医療法人社団誠晃会,東京都新宿区余丁町１１番１９号１階,2017-03-06,その他の設立登記法人
医療法人社団豊希会,東京都新宿区若松町３１番４号エスタンシア２階,2017-03-06,その他の設立登記法人
医療法人社団邦亜会,東京都足立区西保木間３丁目２２番１４号西保木間クリニックビレッジ,2017-03-06,その他の設立登記法人
医療法人翔帆会,広島県府中市府中町８３８番地３,2017-03-06,その他の設立登記法人
医療法人ＣＰＣよつば会,広島県広島市西区庚午南１丁目３５番２１号,2017-03-06,その他の設立登記法人
協栄産業株式会社,広島県福山市引野町南１丁目１８番２６－１２号,2017-03-06,株式会社
合同会社かなで社会福祉士事務所,京都府舞鶴市字上安１８９６番地８,2017-03-06,合同会社
合同会社こぐさの丘,岐阜県加茂郡八百津町久田見２２１８番地,2017-03-06,合同会社
合同会社すうじの２,千葉県市川市広尾１丁目７番１９号,2017-03-06,合同会社
合同会社ながのファーム,宮崎県西諸県郡高原町大字蒲牟田７１２４番地,2017-03-06,合同会社
合同会社のぞみファーム,長野県塩尻市大字宗賀２２１番地１,2017-03-06,合同会社
合同会社ひらり,大阪府堺市東区南野田２２番地１ファミール北野田６０４号,2017-03-06,合同会社
合同会社アイズ,静岡県浜松市東区豊西町１８００番地の２,2017-03-06,合同会社
合同会社アドプロ,東京都新宿区新宿５丁目６－４－２０２,2017-03-06,合同会社
合同会社インダストリアル・アセット・ホールディングス５号,東京都中央区日本橋２丁目７番１号,2017-03-06,合同会社
合同会社ウィング,神奈川県座間市緑ケ丘１丁目２２番１２号ベルハイムⅠ－１０１号,2017-03-06,合同会社
合同会社エヌクラウド,北海道旭川市東光四条７丁目４番１０－２号,2017-03-06,合同会社
合同会社オフィスＫ＆Ｋ,福岡県久留米市荒木町白口３００１番地２８ツインドリーム荒木１番館３０２号,2017-03-06,合同会社
合同会社クリーンダスト,神奈川県小田原市中里４１９番地の２０,2017-03-06,合同会社
合同会社クロリス,京都府京都市下京区河原町通七条上る住吉町３４８ヤングヴィレッジ河原町１８１２,2017-03-06,合同会社
合同会社ケアホームかすが,大阪府豊中市春日町４丁目２番９号,2017-03-06,合同会社
合同会社サンライン,愛知県豊田市前山町１丁目１０－１２ロイヤル前山１０６,2017-03-06,合同会社
合同会社スペースマックス,東京都江東区潮見２丁目７－１－５１１,2017-03-06,合同会社
合同会社トキワコーポレーション,愛知県名古屋市港区高木町３丁目３番地の３キリンハウス１０１号,2017-03-06,合同会社
合同会社ドエルコナカ,千葉県千葉市稲毛区小中台町２８０番地３,2017-03-06,合同会社
合同会社ニューヘッジ,東京都豊島区池袋２丁目６３番１－５０２号,2017-03-06,合同会社
合同会社ネイチャー・ファーム,宮城県登米市中田町上沼字金谷１０８番地１,2017-03-06,合同会社
合同会社ブルー,東京都中央区日本橋２丁目７番１号,2017-03-06,合同会社
合同会社プラスライフ,東京都中野区中野６丁目１番６号,2017-03-06,合同会社
合同会社ヘームル,千葉県千葉市中央区富士見１丁目１０－５ＦＴビル１Ｆ,2017-03-06,合同会社
合同会社メタル販売,広島県広島市東区尾長西１丁目６番１号,2017-03-06,合同会社
合同会社ヤマシタ,大阪府河内長野市大矢船西町２番４－７０８号,2017-03-06,合同会社
合同会社リンク,東京都足立区西竹の塚２丁目４番地１８号リッチフィールド第６－１０２号室,2017-03-06,合同会社
合同会社ルートリビング,東京都足立区舎人４丁目１番２３号,2017-03-06,合同会社
合同会社レシピコ,千葉県我孫子市緑２丁目１０番１４号,2017-03-06,合同会社
合同会社ワイ＆ワイカンパニー,北海道札幌市北区北三十条西４丁目２－２０,2017-03-06,合同会社
合同会社三三,三重県四日市市諏訪町１０番１１－２０４号,2017-03-06,合同会社
合同会社三沢小川原湖,東京都港区虎ノ門１丁目２番８号リニューアブル・ジャパン株式会社内,2017-03-06,合同会社
合同会社下北風力発電,青森県下北郡大間町大字大間字中山２５－４４,2017-03-06,合同会社
合同会社北信興業,千葉県千葉市若葉区桜木５丁目３番２号モアクレスト千葉Ｂ棟２０１号,2017-03-06,合同会社
合同会社吉井建工,広島県広島市安佐南区祇園７丁目２６番１７号,2017-03-06,合同会社
合同会社国分,北海道札幌市中央区大通西２５丁目１番２号,2017-03-06,合同会社
合同会社天行社,東京都文京区関口１丁目１１番１号,2017-03-06,合同会社
合同会社太田内装,青森県弘前市大字田園４丁目９番地５,2017-03-06,合同会社
合同会社富士ビル開発,東京都千代田区霞が関３丁目２番５号,2017-03-06,合同会社
合同会社小寺鋼業,東京都西東京市泉町６丁目３番１９号,2017-03-06,合同会社
合同会社山岡技建,高知県高知市針木本町２５番１３号,2017-03-06,合同会社
合同会社後藤太陽光発電所,宮城県栗原市鶯沢南郷久保前９９番地６,2017-03-06,合同会社
合同会社徳興,東京都江東区森下４丁目２４番６号,2017-03-06,合同会社
合同会社心千,千葉県匝瑳市野手２６４９番地２,2017-03-06,合同会社
合同会社木下建設,愛知県名古屋市守山区脇田町１３０８番地,2017-03-06,合同会社
合同会社歩,高知県高岡郡中土佐町久礼５２４６番地３,2017-03-06,合同会社
合同会社活菜工房,広島県尾道市御調町高尾２３０番地,2017-03-06,合同会社
合同会社游鈴,京都府宇治市木幡南山７５番地の１５,2017-03-06,合同会社
合同会社濵田建設,高知県吾川郡いの町八田２４６２番地３,2017-03-06,合同会社
合同会社筑波オート,茨城県筑西市茂田１８５２番地,2017-03-06,合同会社
合同会社篠山Ｑ一,福岡県久留米市篠山町９番地１,2017-03-06,合同会社
合同会社美原太陽光発電所,大阪府大阪市西区新町１丁目８－１行成ビル８Ｆ,2017-03-06,合同会社
合同会社藤右衛門,宮城県仙台市青葉区愛子東３丁目１５番２３号ロータスガーデン１０１,2017-03-06,合同会社
合同会社赤坂,佐賀県鹿島市大字高津原３８２５番地７,2017-03-06,合同会社
合同会社高石,東京都新宿区河田町１１番１７号１００１号室,2017-03-06,合同会社
合同会社ＡＬＤＯ,大阪府大阪市福島区福島４丁目７番２３－２０７号,2017-03-06,合同会社
合同会社ＢＡＫＯＨ,神奈川県横浜市磯子区汐見台２丁目５番地１３ヒルコートテラス横浜汐見台Ｆ棟２１６号,2017-03-06,合同会社
合同会社Ｃｏｓｍｏｌｏｇｙ,神奈川県横浜市鶴見区岸谷２丁目１２番１－４１８号,2017-03-06,合同会社
合同会社Ｄ．Ｉ,熊本県熊本市北区麻生田２丁目１６番１号,2017-03-06,合同会社
合同会社ＧＡＬＡＸ,東京都板橋区前野町２丁目１６番１－１００１,2017-03-06,合同会社
合同会社Ｇｒｅｅｎ,東京都港区虎ノ門５丁目１番４号,2017-03-06,合同会社
合同会社ＨＯＭＨＵＡＮ,東京都台東区上野２丁目４番４号,2017-03-06,合同会社
合同会社Ｋ’ｓクリエイト,沖縄県宜野湾市真栄原１丁目１５番１７号なぎさ荘Ｃ－２,2017-03-06,合同会社
合同会社Ｋ’ｓプラマー,東京都葛飾区東四つ木２丁目５番１４－６０７号,2017-03-06,合同会社
合同会社Ｋａｔｅ,福岡県福岡市城南区樋井川６丁目１０番２号コーポＳＡＴＯ１００号,2017-03-06,合同会社
合同会社Ｌ．Ｉ．Ｇ,北海道札幌市厚別区大谷地東５丁目３番２７号,2017-03-06,合同会社
合同会社ＬｉｌｙＢｅａｒ,神奈川県厚木市中荻野１６５７番地１,2017-03-06,合同会社
合同会社Ｌｕｃｋｙ　Ｍａｒｋ,神奈川県三浦郡葉山町堀内８１８番地,2017-03-06,合同会社
合同会社Ｍ’ｓ　Ｐｒｏｊｅｃｔ,静岡県富士宮市内房３７６５番地,2017-03-06,合同会社
合同会社ＭＩＴ,愛媛県松山市千舟町８丁目７８番地１,2017-03-06,合同会社
合同会社ＭＳＹ,岡山県岡山市北区新屋敷町１丁目２番２２号ロイヤルガーデン新屋敷８０５号,2017-03-06,合同会社
合同会社ＭＴＲＳＴ,東京都大田区東矢口１丁目４番６－４１１号,2017-03-06,合同会社
合同会社Ｒｅｔｒｅａｔ,沖縄県宜野湾市野嵩２丁目２８番３号,2017-03-06,合同会社
合同会社Ｓ＆Ａ,広島県広島市西区庚午北１丁目１０番２０－４０１号,2017-03-06,合同会社
合同会社ＳｋｙＲｏｃｋｅｔ,神奈川県横浜市青葉区荏子田１丁目４番地２,2017-03-06,合同会社
合同会社ＴＫコンサルティング,神奈川県横浜市鶴見区江ケ崎町１６番１７－９２６号,2017-03-06,合同会社
合同会社Ｔｒｕｓｔ　Ｃｏｎｎｅｃｔ,東京都台東区上野３丁目２番４－１１０１号グランフォース秋葉原,2017-03-06,合同会社
合同会社ｉｎＱ　ｅｄｕｃａｔｉｏｎ,東京都三鷹市上連雀９丁目２４番１６号テクノビル３階,2017-03-06,合同会社
合名会社ベントルナータ,岡山県岡山市北区御津宇垣１２８１番地,2017-03-06,合名会社
合名会社島田,広島県尾道市高須町７１９番地５,2017-03-06,合名会社
合名会社藤尾企画,広島県福山市春日町浦上１５６２番地,2017-03-06,合名会社
国際文化観光公社株式会社,東京都台東区今戸２丁目１５番３,2017-03-06,株式会社
城南警備株式会社,神奈川県川崎市多摩区登戸２９７８番地１芝原ビル３０２号,2017-03-06,株式会社
埼玉県ユニセフ協会,埼玉県さいたま市南区南本町２丁目１０－１０コーププラザ浦和内,2017-03-06,その他
大久保食糧株式会社,鹿児島県鹿屋市串良町岡崎２８５８番地,2017-03-06,株式会社
大和株式会社,鹿児島県姶良市宮島町１６番地５,2017-03-06,株式会社
大東トレード株式会社,東京都千代田区神田司町２丁目１３番地,2017-03-06,株式会社
大洋国際貿易合同会社,東京都足立区西新井本町２丁目８番１２号,2017-03-06,合同会社
子育て支援・障がい者就労支援プロジェクト裾野合同会社,静岡県裾野市千福が丘１丁目２１番１３,2017-03-06,合同会社
孫﨑木工株式会社,大阪府大東市御領３丁目５番１６号,2017-03-06,株式会社
宮原工業株式会社,千葉県市原市馬立２０１９番地３,2017-03-06,株式会社
富冠合同会社,東京都荒川区東尾久２丁目２番９号,2017-03-06,合同会社
富津田倉ゴルフ株式会社,千葉県富津市田倉８６５番地１,2017-03-06,株式会社
富貴工業株式会社,岡山県総社市上原５４６番地２,2017-03-06,株式会社
小川工業株式会社,和歌山県日高郡日高川町大字三百瀬２１４番地,2017-03-06,株式会社
小松弥助株式会社,石川県金沢市本町２丁目１７番２１号料理旅館金沢茶屋別館,2017-03-06,株式会社
小林造園株式会社,兵庫県加東市沢部３６３番地２,2017-03-06,株式会社
山形県立博物館友の会,山形県山形市霞城町１－８,2017-03-06,その他
岡豊フーズ株式会社,高知県南国市岡豊町笠ノ川１０４５番地,2017-03-06,株式会社
島根県ケーブルテレビ協議会,島根県出雲市塩冶町１２９１番地２４出雲ケーブルビジョン株式会社内,2017-03-06,その他
川崎中央福音教会,神奈川県川崎市川崎区渡田新町３丁目１０番１７号,2017-03-06,その他
工商エンジニアリングサービス合同会社,青森県青森市長島２丁目１３番地１アクア青森スクエア６階（６１７）,2017-03-06,合同会社
巧蓉株式会社,東京都中央区新富１丁目１５番７号,2017-03-06,株式会社
常昇株式会社,東京都板橋区徳丸６丁目３３番１号,2017-03-06,株式会社
広文堂株式会社,千葉県柏市加賀３丁目２９番１２号,2017-03-06,株式会社
弁護士法人滝田三良法律事務所,福島県郡山市麓山１丁目４番３号,2017-03-06,その他の設立登記法人
彩龍合同会社,愛知県名古屋市中区千代田１丁目１番２０号,2017-03-06,合同会社
徳島県公共図書館協議会,徳島県徳島市八万町向寺山,2017-03-06,その他
所沢駅西口北街区市街地再開発組合,埼玉県所沢市東住吉９－５ＡＲＡＩビル東棟２階,2017-03-06,その他
新冠町自治会連合会,北海道新冠郡新冠町字本町４２－２,2017-03-06,その他
新東宝タクシー株式会社西堤,大阪府東大阪市小阪２丁目６番１４号,2017-03-06,株式会社
新青電気株式会社,埼玉県富士見市鶴馬１丁目１１番２９号,2017-03-06,株式会社
日曜バザール株式会社,大阪府大阪市東淀川区東中島１丁目２０番１２号,2017-03-06,株式会社
日本コンパスコンサルティング株式会社,東京都練馬区早宮２丁目１９番１３号,2017-03-06,株式会社
日本地下開発エンジニアリング株式会社,東京都練馬区高野台２丁目６番２０－７０５号,2017-03-06,株式会社
日本航空企画株式会社,山梨県甲斐市宇津谷４４５番地,2017-03-06,株式会社
日本Ｋｔｅｃ株式会社,岡山県倉敷市林５５７番地２,2017-03-06,株式会社
日清国際株式会社,神奈川県川崎市中原区木月住吉町４番１９号,2017-03-06,株式会社
明神カフェ株式会社,東京都千代田区神田司町２丁目１０番８号,2017-03-06,株式会社
春日不動産合同会社,奈良県奈良市西九条町２２１番地,2017-03-06,合同会社
有限会社丸紅建設,島根県松江市美保関町北浦４９２番地２,2017-03-06,有限会社
木下物流株式会社,大阪府大阪市天王寺区烏ケ辻１丁目８番９－１０８号,2017-03-06,株式会社
未来の薬局株式会社,東京都新宿区西新宿１丁目５番１１号,2017-03-06,株式会社
未来ラボ株式会社,千葉県千葉市稲毛区小仲台２丁目８番２３号向後ビル,2017-03-06,株式会社
末田防災合同会社,広島県広島市安佐北区亀崎１丁目２０番２５号,2017-03-06,合同会社
東京ツアーズ株式会社,神奈川県横浜市港北区新吉田町３１０５番地１,2017-03-06,株式会社
東京泉宏実業株式会社,東京都文京区音羽１丁目１０番４号池田ビル３Ｆ－３２２,2017-03-06,株式会社
松井商事株式会社,滋賀県東近江市五個荘金堂町１９３番地,2017-03-06,株式会社
松本ピアノ協会,長野県松本市大手４丁目２－１２スヰトビル４Ｆ,2017-03-06,その他
松本商事株式会社,北海道深川市一已町字一已７８２６番地,2017-03-06,株式会社
栄和通信合同会社,東京都墨田区立花３丁目１６番５号Ｂｅａｔｏ１０２号,2017-03-06,合同会社
株式会社いっしょく,神奈川県横浜市磯子区上中里町６６９番地１,2017-03-06,株式会社
株式会社おくの,福岡県八女市津江４４３番地４,2017-03-06,株式会社
株式会社おしどり,福井県鯖江市別司町第２５号６番地４,2017-03-06,株式会社
株式会社かわせみ,北海道伊達市大滝区北湯沢温泉町４０番,2017-03-06,株式会社
株式会社さんしょうや,東京都町田市森野３丁目６番２１号,2017-03-06,株式会社
株式会社さんせい茶園,静岡県榛原郡吉田町川尻７７３番地の７,2017-03-06,株式会社
株式会社とだ工業,大阪府大阪市住之江区御崎６丁目５番２号,2017-03-06,株式会社
株式会社のぞみ商事,兵庫県加古川市野口町坂元５９１番地の１１,2017-03-06,株式会社
株式会社はち,東京都羽村市神明台１丁目３３番地２０,2017-03-06,株式会社
株式会社ふらる,大阪府大阪市都島区毛馬町１丁目１５番１５号リヴィエールⅠ４０４号,2017-03-06,株式会社
株式会社まつでん,東京都足立区西伊興４丁目３番２７号,2017-03-06,株式会社
株式会社みらい,千葉県八街市八街ほ６４９番地１０,2017-03-06,株式会社
株式会社アイエヌカンパニー,群馬県前橋市江田町１４８番地２,2017-03-06,株式会社
株式会社アイギス,静岡県浜松市中区西伊場町４９番１１－１号,2017-03-06,株式会社
株式会社アイト,福島県郡山市谷地本町３８番地,2017-03-06,株式会社
株式会社アイフィールド,京都府京都市伏見区深草西浦町３丁目３番地６,2017-03-06,株式会社
株式会社アイ・エス,沖縄県豊見城市字真玉橋２９９番地１・１－６０２号,2017-03-06,株式会社
株式会社アクロス,大阪府大阪市中央区南本町４丁目５番７号,2017-03-06,株式会社
株式会社アスキーボ,神奈川県川崎市高津区下作延２丁目８番５７号エスビル２階,2017-03-06,株式会社
株式会社アスクビー,東京都港区六本木３丁目５番１４号,2017-03-06,株式会社
株式会社アスコム北陸,石川県金沢市横川６丁目１０８番地,2017-03-06,株式会社
株式会社アップジール,大阪府大阪市福島区福島７丁目１９番１３号,2017-03-06,株式会社
株式会社アップセットワン,大阪府吹田市垂水町１丁目５３番２３号,2017-03-06,株式会社
株式会社アドベンチャーマジック,群馬県利根郡みなかみ町大穴１４２番地１,2017-03-06,株式会社
株式会社アニマルバル,東京都府中市美好町２丁目４６番地の８,2017-03-06,株式会社
株式会社アバンダントラスト,兵庫県神戸市灘区篠原本町３丁目１番１１号,2017-03-06,株式会社
株式会社アフターグロウ,東京都足立区大谷田３丁目５番２２－４０３号,2017-03-06,株式会社
株式会社アライブ,大阪府大阪市西区江戸堀３丁目６番３４号,2017-03-06,株式会社
株式会社アルコンテック,広島県福山市港町２丁目７番６－７０７号,2017-03-06,株式会社
株式会社アング・ル,北海道札幌市中央区南十六条西９丁目１番１３－３０３号,2017-03-06,株式会社
株式会社アークライズジャパン,福岡県久留米市百年公園１番１号,2017-03-06,株式会社
株式会社アートフレンズ,神奈川県川崎市多摩区三田１丁目２６番地２４生田マイコーポ４０３,2017-03-06,株式会社
株式会社アールティテック,神奈川県相模原市緑区二本松３丁目８番９－４号,2017-03-06,株式会社
株式会社アールマネジメント,愛知県常滑市新開町３丁目６０番地,2017-03-06,株式会社
株式会社イデサッシ,佐賀県武雄市山内町大字三間坂甲１３０５７番地３,2017-03-06,株式会社
株式会社イマショウ,愛知県一宮市今伊勢町馬寄字呑光寺西５番地７,2017-03-06,株式会社
株式会社イルコムジャパン,東京都小金井市貫井北町２丁目５番１１号ＴＴビル１０２,2017-03-06,株式会社
株式会社インジーニアス,神奈川県横浜市中区不老町１丁目２番地１中央第６関内ビル３階３０２号,2017-03-06,株式会社
株式会社イーファプランニング,愛知県名古屋市昭和区八事富士見１０１番地の１,2017-03-06,株式会社
株式会社ウイッシュ,神奈川県川崎市川崎区小田７丁目２番１－６１０号,2017-03-06,株式会社
株式会社エアフラット,東京都千代田区有楽町２丁目７番１号,2017-03-06,株式会社
株式会社エイチトラスト,東京都文京区千石４丁目１番１４号,2017-03-06,株式会社
株式会社エコロジー,愛知県名古屋市名東区牧の里３丁目２０１番地,2017-03-06,株式会社
株式会社エバーグリーン,愛知県名古屋市千種区池下１丁目４番１５号,2017-03-06,株式会社
株式会社エピナール,岐阜県高山市花川町１８番地２,2017-03-06,株式会社
株式会社エムアンドエス,埼玉県和光市諏訪原団地１番１０号３０７,2017-03-06,株式会社
株式会社エムサ・ネオ,千葉県香取市扇島２８８３番地３,2017-03-06,株式会社
株式会社エムズ,東京都台東区浅草１丁目８番６－７０５号,2017-03-06,株式会社
株式会社エルケーピー,東京都品川区北品川１丁目９番７号トップルーム品川１０１５号,2017-03-06,株式会社
株式会社エルスールマネジメント,神奈川県横浜市西区中央１丁目２８番１３－１０１号,2017-03-06,株式会社
株式会社エーイーエスラボ,鳥取県鳥取市湖山町東５丁目１０７番地１,2017-03-06,株式会社
株式会社エース,大阪府大阪市北区中崎西２丁目３番２８号,2017-03-06,株式会社
株式会社オオシロディーケー,愛知県名古屋市西区山木１丁目１６６番地ＳＴビル３Ａ,2017-03-06,株式会社
株式会社オオタキ,東京都府中市浅間町２丁目８番地の８,2017-03-06,株式会社
株式会社オケマツ住設,愛知県海部郡蟹江町大字今字道下３９番地,2017-03-06,株式会社
株式会社オラクルクローラーズ,愛知県名古屋市中村区名駅３丁目２０番地２０名駅錦ビル６Ｆ,2017-03-06,株式会社
株式会社オンリーワン,滋賀県大津市今堅田２丁目１４番５号,2017-03-06,株式会社
株式会社カストロ,三重県いなべ市北勢町中山１４８番地１４,2017-03-06,株式会社
株式会社カワノグループ・ホールディングス,東京都新宿区新宿３丁目２６番１８号,2017-03-06,株式会社
株式会社カーショップトリミ,佐賀県鳥栖市村田町４８５番地１,2017-03-06,株式会社
株式会社ガーデンロック,岩手県奥州市江刺区愛宕字橋本３４７番地,2017-03-06,株式会社
株式会社ガーデン・エクステリア草庵,静岡県島田市伊太１７８４番地の４,2017-03-06,株式会社
株式会社キャリアット鎌倉,神奈川県鎌倉市大船１丁目２５番２３号千里ビル４階,2017-03-06,株式会社
株式会社キュビズム,東京都武蔵野市吉祥寺本町１丁目２０番１５号,2017-03-06,株式会社
株式会社ギビング,奈良県奈良市古市町１１９０番地の１,2017-03-06,株式会社
株式会社ギフトの東川,長崎県諫早市高来町溝口１６７番地第１,2017-03-06,株式会社
株式会社クオリス,岡山県岡山市中区赤田９６番地８,2017-03-06,株式会社
株式会社クオートエステート,大阪府大阪市西区北堀江１丁目１４番２０号リンクハウス北堀江３階,2017-03-06,株式会社
株式会社クラフト,北海道札幌市手稲区西宮の沢四条１丁目８番２４－１０３号,2017-03-06,株式会社
株式会社クリーンシェアリング,東京都新宿区西新宿３丁目７－１新宿パークタワー３０階,2017-03-06,株式会社
株式会社クロスエンジ,神奈川県横浜市鶴見区岸谷４丁目１９番２０－１号,2017-03-06,株式会社
株式会社クロスライン,山口県下関市竹崎町２丁目１３番１７号Ｋビル４Ｆ,2017-03-06,株式会社
株式会社クロスロード,大阪府大阪市天王寺区悲田院町九丁目２０番地,2017-03-06,株式会社
株式会社グットクル,北海道札幌市西区発寒十二条１丁目１番１１号,2017-03-06,株式会社
株式会社グリーンゲート,大阪府茨木市沢良宜浜３丁目１３番２２号ムライマンション２０２号,2017-03-06,株式会社
株式会社グレイスファーマシー,福岡県久留米市櫛原町２番地９,2017-03-06,株式会社
株式会社グローバルコミュニケーションズ,大阪府大阪市阿倍野区阿倍野筋５丁目５番８号,2017-03-06,株式会社
株式会社グローバルライフ・サポート,北海道札幌市手稲区西宮の沢四条４丁目１８番７号,2017-03-06,株式会社
株式会社ケアジョブ,東京都新宿区新宿１丁目５番４号ＹＫＢマイクガーデン１１０２,2017-03-06,株式会社
株式会社ケーエス産業,福岡県春日市岡本１丁目１１８番地,2017-03-06,株式会社
株式会社ケーパック,東京都東大和市上北台３丁目４２９番地の３クレアガーデン玉川上水１０６号室,2017-03-06,株式会社
株式会社ケープラス・ロジ,北海道札幌市清田区北野四条４丁目２８番３号,2017-03-06,株式会社
株式会社コエ,東京都狛江市東野川１丁目３０番２号,2017-03-06,株式会社
株式会社ココロＲ,東京都練馬区北町７丁目１２番６号,2017-03-06,株式会社
株式会社コネクション,福岡県福岡市博多区中洲２丁目６番７号,2017-03-06,株式会社
株式会社コバケン,山梨県中巨摩郡昭和町上河東５４０番地２－Ｂ１,2017-03-06,株式会社
株式会社コンパークス,東京都新宿区西新宿１丁目２０番３号西新宿高木ビル８階,2017-03-06,株式会社
株式会社コーキカフェ,東京都墨田区両国２丁目５番７－６０１号,2017-03-06,株式会社
株式会社コーケン鉄筋工事,大阪府大阪市東成区深江北２丁目１７番１１号カンパーニュＣ棟１０２号,2017-03-06,株式会社
株式会社コーシン工業,東京都江戸川区江戸川６丁目３１番地１２８,2017-03-06,株式会社
株式会社サマーライジング,東京都板橋区高島平１丁目３０番２号,2017-03-06,株式会社
株式会社サンアイプロジェクト,宮城県仙台市宮城野区名掛丁２０５番地の６,2017-03-06,株式会社
株式会社サンクスブレーン,埼玉県所沢市三ケ島１丁目６８９番地の１３,2017-03-06,株式会社
株式会社サンシャイントレーディング,新潟県新潟市西区鳥原１６７３番地,2017-03-06,株式会社
株式会社サントーラ,静岡県沼津市原１７２１番地の１５シティコープ原１階東側,2017-03-06,株式会社
株式会社シコクマネジメント,香川県観音寺市坂本町４丁目６番１７号,2017-03-06,株式会社
株式会社システムマツモト,兵庫県尼崎市東園田町６丁目７７番地,2017-03-06,株式会社
株式会社シティ愛岐,愛知県犬山市大字五郎丸字郷瀬川３５番地１,2017-03-06,株式会社
株式会社シミズ,東京都葛飾区鎌倉４丁目２８番８号,2017-03-06,株式会社
株式会社シュークリア,福岡県飯塚市川津３８９番地１,2017-03-06,株式会社
株式会社ジェイズ進学塾,愛知県名古屋市守山区深沢１丁目７０６番地,2017-03-06,株式会社
株式会社ジェイプラス,愛知県名古屋市千種区赤坂町１丁目７８番地の１,2017-03-06,株式会社
株式会社ジェミニ,東京都新宿区新宿６丁目２７番２９－２２０１号,2017-03-06,株式会社
株式会社ジパングイノベーション,東京都世田谷区上祖師谷１丁目２番１３号,2017-03-06,株式会社
株式会社ジャパン寝台,東京都江戸川区上一色３丁目７番８号,2017-03-06,株式会社
株式会社ジュエリーＨＡＲＵ,山梨県甲府市上町２５番地,2017-03-06,株式会社
株式会社ジョイフロント,大阪府大阪市淀川区西中島４丁目７番２０号日宝新大阪第一ビル４０３号,2017-03-06,株式会社
株式会社ジーセブンホールディングスジャパン,東京都千代田区紀尾井町３番３０号,2017-03-06,株式会社
株式会社ジーブレインジェネラルオフィス,東京都渋谷区宇田川町３６－１山和渋谷ビル７Ｆ,2017-03-06,株式会社
株式会社スカイロード,大阪府大阪市淀川区西中島４丁目５－１新栄ビル７Ｂ,2017-03-06,株式会社
株式会社スタイルコピーカット,東京都葛飾区東金町２丁目１８番１号,2017-03-06,株式会社
株式会社スタジオ・イグナイト,神奈川県川崎市宮前区有馬６丁目２２番２５－３１１号,2017-03-06,株式会社
株式会社スティックス,東京都渋谷区幡ヶ谷３丁目３９番１２号渋谷ウェストビル１階,2017-03-06,株式会社
株式会社スマイリングかめおか,京都府亀岡市篠町馬堀南垣内２１番地３７,2017-03-06,株式会社
株式会社スリーケイデザイン,茨城県水戸市見川町２１３１番地の２２７３,2017-03-06,株式会社
株式会社ズィー・アンド・カンパニー,東京都渋谷区神宮前１丁目１５番１４号ルセーヌ１号館３階,2017-03-06,株式会社
株式会社セキュリティネックス,愛媛県松山市東石井４丁目１０番１５－２号,2017-03-06,株式会社
株式会社セブン,北海道札幌市中央区南五条西３丁目１番４Ｎｏ１１グリーンビル６階,2017-03-06,株式会社
株式会社セメント系バリア防水,岩手県紫波郡紫波町高水寺字稲村５０番地４,2017-03-06,株式会社
株式会社ソサエティアンドヘルスラボ,東京都港区南青山２丁目２番１５号,2017-03-06,株式会社
株式会社ソフィー,東京都千代田区富士見２丁目１０－３－１１０９,2017-03-06,株式会社
株式会社ソミックワン,静岡県浜松市南区金折町７４２番地の１,2017-03-06,株式会社
株式会社ソワカ,東京都大田区西蒲田６丁目９番３－２０４号,2017-03-06,株式会社
株式会社タイカイ,兵庫県神戸市兵庫区和田山通１丁目２番２５号,2017-03-06,株式会社
株式会社タイズ,千葉県市川市新井３丁目２９番２２号,2017-03-06,株式会社
株式会社タチカワリビング,茨城県石岡市東大橋９２２番地,2017-03-06,株式会社
株式会社タナクウ,千葉県市川市田尻３丁目５番２４－１０２号,2017-03-06,株式会社
株式会社タマセンス,北海道北広島市東共栄１丁目９番地７,2017-03-06,株式会社
株式会社ダンクブロート,大阪府大阪市鶴見区横堤５丁目３番２７号,2017-03-06,株式会社
株式会社ツリーケアサービス,北海道札幌市東区東苗穂十二条１丁目７番７－１０６号,2017-03-06,株式会社
株式会社ティーエス空調メンテナンス,神奈川県相模原市南区御園１丁目３番５号,2017-03-06,株式会社
株式会社テイクオフ,和歌山県和歌山市八番丁９番地県信ビル２階,2017-03-06,株式会社
株式会社テイサ開発京都,京都府京都市北区西賀茂大道口町７７番地,2017-03-06,株式会社
株式会社テクノクエスト,神奈川県川崎市多摩区三田１丁目２６番２８号ニューウェル生田ビル１０１,2017-03-06,株式会社
株式会社テクノサービス九州,福岡県朝倉市馬田３２１番地,2017-03-06,株式会社
株式会社ディアイアール,愛知県名古屋市千種区内山３丁目１８番１０号千種ステーションビル２階,2017-03-06,株式会社
株式会社ディー・アイ・フーズホールディングス,京都府京都市上京区河原町通今出川下る大宮町３２３番地５,2017-03-06,株式会社
株式会社デバイス,沖縄県浦添市字小湾５９番地,2017-03-06,株式会社
株式会社トゥーサイン,大阪府大阪市住之江区浜口東３丁目３番１２号,2017-03-06,株式会社
株式会社トビタカ工業,石川県七尾市矢田町参号６１番地１,2017-03-06,株式会社
株式会社トムハウジング,大阪府東大阪市荒川３丁目１０番３号,2017-03-06,株式会社
株式会社トライアングル綜合,大阪府大阪市北区天満橋３丁目５番２２－４１２,2017-03-06,株式会社
株式会社トライアース,愛知県名古屋市中区大須４丁目９番１４号フォレスト久屋公園２０６号,2017-03-06,株式会社
株式会社トラストロード,山口県岩国市平田１丁目４３番２９号,2017-03-06,株式会社
株式会社トラプロジャパン,滋賀県蒲生郡竜王町大字岡屋７６３番地５,2017-03-06,株式会社
株式会社トーエイ,三重県員弁郡東員町大字長深２５３６番地,2017-03-06,株式会社
株式会社トータルカーサービス,広島県福山市春日町浦上１５３０番地,2017-03-06,株式会社
株式会社トーマス,群馬県高崎市あら町２０６番地高崎あら町センタービル７Ｆ,2017-03-06,株式会社
株式会社ニュージオン,東京都新宿区西新宿６丁目１５番１号,2017-03-06,株式会社
株式会社ニューポスティングサービス,奈良県生駒市東菜畑１丁目１８４番地１メゾン・ド・ライン１０１号,2017-03-06,株式会社
株式会社ネオグルーヴ,東京都品川区大崎２丁目９番２号,2017-03-06,株式会社
株式会社ネムライフ,愛知県名古屋市中村区稲上町５丁目２８番地の５,2017-03-06,株式会社
株式会社ノースウッド,神奈川県横浜市神奈川区白楽１００番地１１７,2017-03-06,株式会社
株式会社ハイト,東京都千代田区神田小川町１丁目８－３小川町北ビル,2017-03-06,株式会社
株式会社ハヤブサ通信,東京都江東区北砂５丁目７番１３号,2017-03-06,株式会社
株式会社ハヤミズ工業,東京都大田区大森中３丁目１５番１８号,2017-03-06,株式会社
株式会社バンドオブブラザーズ,東京都世田谷区太子堂２丁目７番１３号,2017-03-06,株式会社
株式会社パソナビ,宮城県仙台市宮城野区日の出町１丁目１番２０号,2017-03-06,株式会社
株式会社ヒラノ,神奈川県横須賀市本町１丁目１５番地１１,2017-03-06,株式会社
株式会社ヒロマサ,広島県安芸高田市吉田町相合６３９番地,2017-03-06,株式会社
株式会社ビジネスカウンシル・東京,東京都豊島区西池袋５丁目１２番１２号,2017-03-06,株式会社
株式会社ピースラブ,神奈川県藤沢市城南５丁目４番６～１号,2017-03-06,株式会社
株式会社ファーストペイント,奈良県天理市柳本町１６０番地１,2017-03-06,株式会社
株式会社フォーシーズン,東京都中央区月島１丁目５番１－４００７号,2017-03-06,株式会社
株式会社フジエンジニア,福岡県北九州市小倉南区横代北町４丁目２番１号,2017-03-06,株式会社
株式会社フリーダムネットワーク,熊本県熊本市中央区新町２丁目１１番１２クロノス新町２　６０２号,2017-03-06,株式会社
株式会社フレッシュポークひがしまた,高知県高岡郡四万十町向川３９番地,2017-03-06,株式会社
株式会社フロムヒア,東京都墨田区亀沢２丁目５番１号エムズ両国亀沢７０３号,2017-03-06,株式会社
株式会社ブランチデザイン,東京都墨田区両国２丁目２番１４号三木ビル４０３,2017-03-06,株式会社
株式会社ブランドマッチ,東京都三鷹市牟礼２丁目１４番１－８０２号,2017-03-06,株式会社
株式会社ブラーズ,北海道札幌市東区東苗穂十四条１丁目１０番２０号,2017-03-06,株式会社
株式会社ブレイングトレーディング,千葉県市原市八幡海岸通２０６６番地３,2017-03-06,株式会社
株式会社ブースト,東京都世田谷区三軒茶屋２丁目１０番２２号,2017-03-06,株式会社
株式会社プライム,広島県広島市安佐北区白木町大字三田５７３８番地,2017-03-06,株式会社
株式会社プライムエージェント,愛知県名古屋市名東区梅森坂３丁目２３０５番地,2017-03-06,株式会社
株式会社プラスエースクール,大阪府大阪市西区南堀江２丁目５番１号,2017-03-06,株式会社
株式会社プラスキューツー,大阪府摂津市一津屋３丁目５番３５号,2017-03-06,株式会社
株式会社プラステラ,東京都江戸川区東瑞江１丁目４４番４号,2017-03-06,株式会社
株式会社プラスワン・エンジニアリング,東京都港区芝公園１丁目２番１７－３０７号,2017-03-06,株式会社
株式会社プルトワ,奈良県奈良市押熊町１１１５,2017-03-06,株式会社
株式会社プルミエインターナショナル,奈良県奈良市今在家町５５番地,2017-03-06,株式会社
株式会社プレシジョン・ツール,京都府京都市南区久世東土川町２００－４０,2017-03-06,株式会社
株式会社プログレス,福岡県福岡市城南区松山２丁目４番１４号,2017-03-06,株式会社
株式会社ベルポスト,長崎県長崎市馬町６３番地１,2017-03-06,株式会社
株式会社ホワイツ,東京都練馬区豊玉南２丁目１７番１８号,2017-03-06,株式会社
株式会社ホームインワン,愛知県名古屋市南区内田橋１丁目５番２号,2017-03-06,株式会社
株式会社ホームラボ,奈良県生駒市生駒台北１０７番地,2017-03-06,株式会社
株式会社マウナ・ケア,佐賀県佐賀市鍋島１丁目９番６号,2017-03-06,株式会社
株式会社マスターピースインベストメント,東京都港区虎ノ門５丁目１１－１－１３０４,2017-03-06,株式会社
株式会社マッキーファーム,富山県下新川郡朝日町横水３１８番地,2017-03-06,株式会社
株式会社マルジン,静岡県富士市南松野１８８７番地の３,2017-03-06,株式会社
株式会社マルミ,大阪府八尾市東町６丁目２５番地,2017-03-06,株式会社
株式会社ミスターマックス分割準備会社,福岡県福岡市東区松田１丁目５番７号,2017-03-06,株式会社
株式会社ミズキ,広島県呉市江原町６番１２号,2017-03-06,株式会社
株式会社ミヤテック,愛知県名古屋市港区本宮町５丁目１１番地,2017-03-06,株式会社
株式会社ミヤバル,神奈川県鎌倉市大船１丁目２３番１６号サンワード大船２０１,2017-03-06,株式会社
株式会社メイセイメディカル,大阪府大阪市平野区喜連４丁目８番５３号大一興産ビル１階,2017-03-06,株式会社
株式会社メディアエージェント,東京都渋谷区渋谷１丁目１０番２号志水ビル３Ｆ,2017-03-06,株式会社
株式会社ヤマイチ,千葉県柏市豊四季２２３番地の１,2017-03-06,株式会社
株式会社ヤマサン藤田水産,静岡県御前崎市御前崎５０番地の９,2017-03-06,株式会社
株式会社ヤマヤ,静岡県浜松市中区利町３０５番地の３,2017-03-06,株式会社
株式会社ユニットワン,神奈川県横浜市旭区本宿町７番地５,2017-03-06,株式会社
株式会社ヨコハチ,大阪府大阪市天王寺区清水谷町２番５－１００３号,2017-03-06,株式会社
株式会社ヨシカワ,京都府京都市山科区小野鐘付田町７番地４,2017-03-06,株式会社
株式会社ライスセンターふくもと,鹿児島県鹿屋市吾平町下名２７８番地１,2017-03-06,株式会社
株式会社ライズ,福岡県北九州市小倉北区日明５丁目１番８号,2017-03-06,株式会社
株式会社ライトプラン,秋田県秋田市御所野元町４丁目１２番３２号,2017-03-06,株式会社
株式会社ライフプラスアーキテクト,神奈川県三浦郡葉山町木古庭５３９番地２,2017-03-06,株式会社
株式会社ライフ・ミッション,大阪府交野市藤が尾５丁目２８番８号,2017-03-06,株式会社
株式会社ランドテクノ,大阪府東大阪市水走２丁目１１番１６号,2017-03-06,株式会社
株式会社リガイア,東京都新宿区下宮比町２番２８号,2017-03-06,株式会社
株式会社リナテック,広島県広島市南区南大河町１０番２０号,2017-03-06,株式会社
株式会社リバティテック,兵庫県加東市福吉２３７番地３,2017-03-06,株式会社
株式会社リュウテック,岡山県岡山市南区妹尾３４６番地,2017-03-06,株式会社
株式会社リーフ,茨城県つくば市若栗５００番地,2017-03-06,株式会社
株式会社ループ,兵庫県芦屋市上宮川町３番７号,2017-03-06,株式会社
株式会社レガーレ,新潟県長岡市古正寺２丁目６９番地パークアゼリア１０１号,2017-03-06,株式会社
株式会社レグリオ,愛知県名古屋市北区城見通３丁目５番地,2017-03-06,株式会社
株式会社レディア,神奈川県横浜市西区高島２丁目１１番２号,2017-03-06,株式会社
株式会社レンタカーの窓口,愛知県名古屋市千種区内山２丁目１４番４号,2017-03-06,株式会社
株式会社ロジソル,千葉県千葉市美浜区稲毛海岸４丁目９番１号Ｂ棟８２５号,2017-03-06,株式会社
株式会社ワイズサポート,東京都台東区台東１丁目１１１－９,2017-03-06,株式会社
株式会社ワイズモトスポーツ,富山県南砺市新邸７番地４,2017-03-06,株式会社
株式会社ワインド,大阪府大阪市北区堂島１丁目２番３０号,2017-03-06,株式会社
株式会社ワープル,静岡県静岡市清水区相生町２番１６号ジェネシスビル２０３,2017-03-06,株式会社
株式会社ヴィトーリアリンク,東京都中央区日本橋茅場町１丁目１３番１３号,2017-03-06,株式会社
株式会社一,千葉県千葉市緑区おゆみ野３丁目５番地１７芝コーポ３号館１０３,2017-03-06,株式会社
株式会社三信,静岡県富士市石坂３４７番地の１５フレグランス翠Ａ－１０１号,2017-03-06,株式会社
株式会社三千英社,静岡県浜松市北区細江町小野３９５番地の２６,2017-03-06,株式会社
株式会社三島ファーム,静岡県三島市塚原新田１８１番地の１,2017-03-06,株式会社
株式会社三通,三重県鈴鹿市長太新町４丁目１４番１１号,2017-03-06,株式会社
株式会社上杉機工,岡山県玉野市長尾１５８９番地５,2017-03-06,株式会社
株式会社下村,鹿児島県鹿屋市南町３３２番地１,2017-03-06,株式会社
株式会社中川パワーズ,三重県四日市市西日野町４１６２番地３,2017-03-06,株式会社
株式会社中村,愛知県名古屋市天白区鴻の巣１丁目７０３番地,2017-03-06,株式会社
株式会社中野工業,埼玉県草加市草加４丁目２番１２－６０７号,2017-03-06,株式会社
株式会社中野電気,大阪府枚方市長尾谷町１丁目１０４番地の７５,2017-03-06,株式会社
株式会社丸松,神奈川県川崎市麻生区下麻生３丁目４５番１０号,2017-03-06,株式会社
株式会社丸石,北海道稚内市宗谷岬１３番１２号,2017-03-06,株式会社
株式会社丸達漁業,北海道稚内市宗谷岬９番５２号,2017-03-06,株式会社
株式会社井上工業,埼玉県深谷市長在家４１４番地２,2017-03-06,株式会社
株式会社仙波工業,福岡県大野城市山田２丁目１８番１０号,2017-03-06,株式会社
株式会社住宅管理,大阪府茨木市西中条町３番１７号,2017-03-06,株式会社
株式会社佐山建装,福島県伊達郡桑折町字町裏５４番地の４,2017-03-06,株式会社
株式会社倉栄工業,大阪府豊中市庄内西町２丁目７番３２号,2017-03-06,株式会社
株式会社優和設備,静岡県浜松市東区和田町４６２番地の３,2017-03-06,株式会社
株式会社八広,愛知県名古屋市千種区宮根台１丁目１２番１７号,2017-03-06,株式会社
株式会社共進エンジニア,東京都府中市清水が丘３丁目２３番地１４,2017-03-06,株式会社
株式会社兼古工業,大阪府門真市城垣町６番６号,2017-03-06,株式会社
株式会社出島クスノキ舎,長崎県長崎市出島町５番３号村川ビル２－Ｃ号室,2017-03-06,株式会社
株式会社前田興業,福島県西白河郡西郷村大字米字向山４６番地７,2017-03-06,株式会社
株式会社創健メディカルラボ,大阪府大阪市西区京町堀２丁目３番４号,2017-03-06,株式会社
株式会社北の牧場舎,北海道帯広市西十七条北２丁目４４番１０号,2017-03-06,株式会社
株式会社北王陸運,北海道釧路市星が浦大通５丁目４番４９号,2017-03-06,株式会社
株式会社十河農場,北海道斜里郡小清水町字水上１７２番地,2017-03-06,株式会社
株式会社千種管工社,千葉県市原市青柳１１１５番地１,2017-03-06,株式会社
株式会社原田,長崎県島原市中堀町３４番地レジデンス原田２階,2017-03-06,株式会社
株式会社吉田先生旅に出る,東京都北区赤羽２丁目４５番３号酒本荘１Ｆ,2017-03-06,株式会社
株式会社吉田技建,神奈川県藤沢市善行７丁目１１番２～１０８号,2017-03-06,株式会社
株式会社吉祥地所,富山県富山市長江本町１４番１７号,2017-03-06,株式会社
株式会社吉野不動産,宮崎県児湯郡新富町富田２丁目１１番地２,2017-03-06,株式会社
株式会社和光,愛知県一宮市公園通３丁目１７番地パークアヴェニュークニワ１階,2017-03-06,株式会社
株式会社善勝,千葉県流山市南流山４丁目６番地の１２,2017-03-06,株式会社
株式会社善吾楼,石川県小松市粟津町ワ４６番甲地,2017-03-06,株式会社
株式会社四季彩プランニング,東京都中央区築地４丁目６番３－８０２号,2017-03-06,株式会社
株式会社地域観光総合研究所,静岡県熱海市上多賀６８６番地,2017-03-06,株式会社
株式会社坂口工業,広島県福山市三吉町南１丁目１７番５号,2017-03-06,株式会社
株式会社坂本構造設計室,東京都武蔵野市吉祥寺南町２丁目１０番７号ルミエール・ムサシノ３０８号室,2017-03-06,株式会社
株式会社塚本工業所,三重県鈴鹿市池田町１１５６番地,2017-03-06,株式会社
株式会社大屋,岐阜県中津川市坂下７４８番地１,2017-03-06,株式会社
株式会社大藤,愛知県尾張旭市東栄町１丁目７番地１６,2017-03-06,株式会社
株式会社大阪Ｍｏｂｉｕｓ,大阪府八尾市曙川東３丁目５４番地の８,2017-03-06,株式会社
株式会社天王,長崎県松浦市志佐町笛吹免９０６番地,2017-03-06,株式会社
株式会社天田塗装,東京都目黒区中町１丁目２３番１６号,2017-03-06,株式会社
株式会社太郎,滋賀県甲賀市土山町南土山甲４８２番地,2017-03-06,株式会社
株式会社太雅,神奈川県横浜市港北区樽町３丁目１０番３８号,2017-03-06,株式会社
株式会社奈良漁業,北海道稚内市宗谷岬９番９１号,2017-03-06,株式会社
株式会社宇田川工業,東京都江戸川区西葛西６丁目２８番１２－８０４号,2017-03-06,株式会社
株式会社寿,北海道日高郡新ひだか町静内中野町３丁目４８番地の３,2017-03-06,株式会社
株式会社将建,三重県いなべ市北勢町阿下喜２０１０番地,2017-03-06,株式会社
株式会社小杉漁業,北海道稚内市宗谷岬５番２０号,2017-03-06,株式会社
株式会社小肥羊東海,愛知県名古屋市中区金山１丁目８番２０号シャローナビル６Ｆ,2017-03-06,株式会社
株式会社小野里興産,茨城県結城郡八千代町大字瀬戸井２６４番地１,2017-03-06,株式会社
株式会社山の郷,青森県三戸郡新郷村大字西越字崩５４番地,2017-03-06,株式会社
株式会社山下造園,奈良県葛城市當麻３９番地２,2017-03-06,株式会社
株式会社山口商店,佐賀県唐津市養母田５１７番地２３,2017-03-06,株式会社
株式会社山和建設,岐阜県美濃加茂市川合町４丁目２番４８号,2017-03-06,株式会社
株式会社山岡水産,高知県幡多郡大月町大字安満地１１５番地,2017-03-06,株式会社
株式会社山根工業,大阪府大阪市住之江区南港中２丁目５番２１－２０３号,2017-03-06,株式会社
株式会社山銀,愛知県大府市長根町２丁目５６番地の４,2017-03-06,株式会社
株式会社岡田商事,三重県鈴鹿市林崎２丁目１７,2017-03-06,株式会社
株式会社岩崎商事,新潟県新潟市東区大形本町１丁目７番５号,2017-03-06,株式会社
株式会社岩見建装,奈良県大和高田市南陽町１３番２０号,2017-03-06,株式会社
株式会社岸田屋本店,神奈川県横浜市緑区長津田５丁目４番３８号,2017-03-06,株式会社
株式会社川下工業,福岡県遠賀郡芦屋町花美坂１番４号,2017-03-06,株式会社
株式会社川口興業,広島県竹原市吉名町４８６１番地１２,2017-03-06,株式会社
株式会社工藤圧送,青森県北津軽郡板柳町大字滝井字西田１６番地,2017-03-06,株式会社
株式会社工藤設備,岩手県八幡平市大更第３２地割２７７番地１,2017-03-06,株式会社
株式会社希の輪,大分県速見郡日出町大字大神１７４５番地１,2017-03-06,株式会社
株式会社平山工業,大阪府大阪市大正区鶴町１丁目７番２４号,2017-03-06,株式会社
株式会社平成漁業,北海道稚内市宗谷岬９番２５号,2017-03-06,株式会社
株式会社後田花園,長崎県諫早市飯盛町後田２９０１番地,2017-03-06,株式会社
株式会社慶正機設,千葉県茂原市下太田１５６番地３,2017-03-06,株式会社
株式会社成上工業,広島県福山市御幸町中津原１８２１番地９,2017-03-06,株式会社
株式会社手羽家,北海道札幌市中央区南一条西５丁目１７番地２プレジデント松井ビル地下１階,2017-03-06,株式会社
株式会社技匠,愛知県名古屋市守山区金屋２丁目１５５番地,2017-03-06,株式会社
株式会社新建,福岡県中間市土手ノ内３丁目３番１８号,2017-03-06,株式会社
株式会社新電源,東京都中央区銀座７丁目９番１０号,2017-03-06,株式会社
株式会社日と々と,東京都渋谷区神宮前３丁目４番９号,2017-03-06,株式会社
株式会社日本エアーソリューションズ,福岡県福岡市中央区那の津２丁目１０番８号オフィスパレア天神北ⅠＡ棟１号室,2017-03-06,株式会社
株式会社日本ゴルフ新聞社,群馬県前橋市大渡町１丁目６番９号,2017-03-06,株式会社
株式会社日高デザイン事務所,東京都新宿区西新宿６丁目１５番１号,2017-03-06,株式会社
株式会社明鉄工業,千葉県柏市南増尾４丁目２１番１０号,2017-03-06,株式会社
株式会社曽根造船所,静岡県牧之原市新庄２９７３番地,2017-03-06,株式会社
株式会社有永塗装,大分県大分市大字千歳２７７番地の５,2017-03-06,株式会社
株式会社朝日プログレス,広島県廿日市市宮内１丁目８番１８号,2017-03-06,株式会社
株式会社木下鋼建,北海道札幌市東区北二十条東９丁目１番１５号,2017-03-06,株式会社
株式会社木愛,岐阜県関市東新町７丁目１７番地１３,2017-03-06,株式会社
株式会社杉半,岐阜県可児市土田１３５６番地７,2017-03-06,株式会社
株式会社村上工業,愛知県名古屋市中川区かの里１丁目１４０９番地,2017-03-06,株式会社
株式会社東京ニューシティエージェンシー,東京都港区芝公園３丁目５番８号Ｂ２０１－５,2017-03-06,株式会社
株式会社東京衡機エンジニアリング,東京都千代田区神田佐久間町１丁目９番地,2017-03-06,株式会社
株式会社東淘,東京都武蔵村山市残堀１丁目５６番地の１１,2017-03-06,株式会社
株式会社東雅建設,宮城県仙台市宮城野区苦竹２丁目３番２０―２０４号,2017-03-06,株式会社
株式会社松本直也デザイン,大阪府大阪市北区天満３丁目６番１０号,2017-03-06,株式会社
株式会社松本直子建築設計事務所,東京都中野区新井５丁目５番１０－１３０４号,2017-03-06,株式会社
株式会社松本鉄筋,千葉県千葉市花見川区三角町１７９番地５６,2017-03-06,株式会社
株式会社柴崎フロアー,神奈川県横浜市青葉区鴨志田町５１３番地１０,2017-03-06,株式会社
株式会社栄都,京都府京都市右京区太秦一ノ井町３８番地１７,2017-03-06,株式会社
株式会社根岸興業,東京都板橋区高島平７丁目４３番１１号,2017-03-06,株式会社
株式会社森電気工事,大分県中津市片端町１３４４番地１,2017-03-06,株式会社
株式会社橋爪電工,三重県津市一身田町４１８番地１,2017-03-06,株式会社
株式会社正義,東京都町田市常盤町３５０８番地４－２０３,2017-03-06,株式会社
株式会社水清,福岡県田川郡糸田町宮床１８８０番地５,2017-03-06,株式会社
株式会社水迫牧場,鹿児島県指宿市東方２２５１番地３,2017-03-06,株式会社
株式会社永代農園,岡山県岡山市中区赤田８５番地,2017-03-06,株式会社
株式会社池末商事,福岡県八女市立花町谷川１６８３番地３,2017-03-06,株式会社
株式会社洋菜建装,東京都東村山市野口町２丁目６番地４タイガグリーンヒル１０２,2017-03-06,株式会社
株式会社浅利漁業,北海道稚内市宗谷岬１１番６号,2017-03-06,株式会社
株式会社浜の郷,千葉県南房総市千倉町瀬戸２９０９番地１,2017-03-06,株式会社
株式会社清明院,東京都渋谷区代々木２丁目１５番１２号クランツ南新宿６０１,2017-03-06,株式会社
株式会社清立院納骨堂開発,東京都千代田区神田美土代町９番地７,2017-03-06,株式会社
株式会社渡辺建設,岡山県倉敷市中畝８丁目１２番１－１号,2017-03-06,株式会社
株式会社満天星,京都府京都市中京区堺町通御池下る丸木材木町６７０番地１,2017-03-06,株式会社
株式会社瀬﨑,福岡県行橋市西泉２丁目１６番１３号,2017-03-06,株式会社
株式会社焔電設,和歌山県岩出市根来７２７番地の１５,2017-03-06,株式会社
株式会社田中商店,千葉県野田市なみき１丁目２９番地９,2017-03-06,株式会社
株式会社田中漁業,北海道稚内市大字宗谷村字富磯３７６番地,2017-03-06,株式会社
株式会社男鹿ぜん吉,秋田県男鹿市北浦相川字相川沢３番地,2017-03-06,株式会社
株式会社白土塗装,神奈川県川崎市幸区小倉３丁目６番４３号,2017-03-06,株式会社
株式会社的場牧場,北海道十勝郡浦幌町字朝日２８番地５,2017-03-06,株式会社
株式会社真栄工業,鹿児島県曽於市末吉町上町２丁目１０番地７,2017-03-06,株式会社
株式会社真正クレシアガーデン,神奈川県相模原市南区若松３丁目１－２－２,2017-03-06,株式会社
株式会社石原,愛知県清須市桃栄４丁目３９番地,2017-03-06,株式会社
株式会社石垣漁業,北海道稚内市宗谷岬９番１０号,2017-03-06,株式会社
株式会社石塚工務店,神奈川県南足柄市怒田２８１８番地１９,2017-03-06,株式会社
株式会社石橋工業,兵庫県神戸市長田区四番町２丁目９－４,2017-03-06,株式会社
株式会社石田硝子工業,福岡県福岡市西区今津３６７２番地,2017-03-06,株式会社
株式会社砂原夢企画,広島県廿日市市丸石４丁目１５番４５号,2017-03-06,株式会社
株式会社神澤組,京都府舞鶴市字行永１７００番地,2017-03-06,株式会社
株式会社福原工業,千葉県市原市君塚３丁目２２番地１、一番館２０１,2017-03-06,株式会社
株式会社秀工業,神奈川県大和市中央６丁目２番２２号ウイングビンガＢ１０１,2017-03-06,株式会社
株式会社竹内不動産,愛知県刈谷市下重原町４丁目２２番地,2017-03-06,株式会社
株式会社笑’ｉｍｅ,大阪府大阪市西区新町１丁目２３－５新町森村ビル３０５号室,2017-03-06,株式会社
株式会社第二大政丸,静岡県静岡市清水区由比４２７番地の３４,2017-03-06,株式会社
株式会社紘栄資材リース,兵庫県明石市魚住町西岡１６７３番地の３,2017-03-06,株式会社
株式会社緑花園,北海道札幌市北区新琴似七条１５丁目７番１２号,2017-03-06,株式会社
株式会社美ｓｉｏｎ,北海道旭川市末広四条１０丁目６番５号,2017-03-06,株式会社
株式会社肥後産業運輸,熊本県玉名市田崎８４０番地１８,2017-03-06,株式会社
株式会社至誠工業,千葉県習志野市実籾５丁目２８番１８号,2017-03-06,株式会社
株式会社花建,神奈川県相模原市緑区大島２６９３番地２－２０１,2017-03-06,株式会社
株式会社芳田興業,神奈川県相模原市中央区田名４００１番地１３,2017-03-06,株式会社
株式会社英創工業,千葉県柏市花野井１１６０番地１６２,2017-03-06,株式会社
株式会社英都,東京都葛飾区堀切３丁目３２番１６号,2017-03-06,株式会社
株式会社荒殿,鹿児島県霧島市隼人町内１５２７番地５,2017-03-06,株式会社
株式会社菊地建装,秋田県大仙市南外字赤平後野７８番地３,2017-03-06,株式会社
株式会社菜彩ファーム,静岡県御前崎市上朝比奈３１９８番地の１,2017-03-06,株式会社
株式会社華,大阪府大阪市浪速区幸町１丁目２番９号（３０４号）,2017-03-06,株式会社
株式会社藤馬,福島県いわき市小名浜中町境６番地の６,2017-03-06,株式会社
株式会社蜷川電設,千葉県香取市篠原イ６８１番地,2017-03-06,株式会社
株式会社衣応理,奈良県生駒郡斑鳩町龍田西６丁目３番１７号,2017-03-06,株式会社
株式会社西村漁業部,北海道稚内市大字宗谷村字富磯２２５番地,2017-03-06,株式会社
株式会社角田管理センター,福島県郡山市大槻町字小山田前１２６番地の２,2017-03-06,株式会社
株式会社記紀万葉,奈良県桜井市大字大福９３４番地の１,2017-03-06,株式会社
株式会社豊田興業,大阪府松原市東新町３丁目５番１７－２１９号,2017-03-06,株式会社
株式会社辻興業,滋賀県愛知郡愛荘町愛知川１０５１番地５,2017-03-06,株式会社
株式会社進和建設,福岡県鞍手郡鞍手町大字八尋１６８６番地１８,2017-03-06,株式会社
株式会社進拓,東京都江東区辰巳１丁目７番２８号,2017-03-06,株式会社
株式会社進誠社,東京都台東区北上野２丁目２７－８,2017-03-06,株式会社
株式会社野櫻,東京都江戸川区篠崎町７丁目２０番１２号日野ビル,2017-03-06,株式会社
株式会社金網つじ,京都府京都市北区紫竹下緑町６１番地の４,2017-03-06,株式会社
株式会社鈴木漁業部,北海道稚内市大字宗谷村字富磯４１番地１,2017-03-06,株式会社
株式会社鍛治電設,大阪府交野市倉治６丁目３番１７号,2017-03-06,株式会社
株式会社長門,東京都江東区亀戸２丁目２５番４号ＥＤＩＴＫＡＭＥＩＤＯ１階,2017-03-06,株式会社
株式会社関本工業,三重県四日市市大字羽津字里之北乙９５０番地１,2017-03-06,株式会社
株式会社関西プランニング,兵庫県明石市明南町１丁目４番１３号－１０２,2017-03-06,株式会社
株式会社防災ＪＡＭ,北海道札幌市豊平区美園八条８丁目３番２１号,2017-03-06,株式会社
株式会社阿河工業,広島県広島市安佐南区相田７丁目６０番２号,2017-03-06,株式会社
株式会社阿部建設工業,東京都台東区浅草５丁目１７番５号,2017-03-06,株式会社
株式会社隅田工業,京都府京都市右京区太秦門田町５－２１,2017-03-06,株式会社
株式会社青山インベストメント・パートナーズ１号,東京都港区赤坂８丁目４番１４号,2017-03-06,株式会社
株式会社風雅,山形県山形市大字山寺字川原町４４２６番地２,2017-03-06,株式会社
株式会社高伸電設,高知県高岡郡四万十町西川角３番地,2017-03-06,株式会社
株式会社高倉工業,福岡県遠賀郡水巻町頃末南１丁目４番１５号,2017-03-06,株式会社
株式会社高和建設,愛知県名古屋市中村区豊国通６丁目１８番地,2017-03-06,株式会社
株式会社高山電気工事,山口県岩国市昭和町２丁目１０番１６号,2017-03-06,株式会社
株式会社高松クレーン運輸,大分県日田市大字日高５４６番地４,2017-03-06,株式会社
株式会社高森商会,愛知県名古屋市緑区砂田１丁目３０１番地コートリバーサウス１０３号,2017-03-06,株式会社
株式会社高橋宗高弓具店,群馬県伊勢崎市宮子町３６３０番地１,2017-03-06,株式会社
株式会社高泉興業,宮城県大崎市田尻沼部字木戸３６番地１,2017-03-06,株式会社
株式会社高齢者福祉総合研究所,東京都文京区弥生２丁目１６番３号,2017-03-06,株式会社
株式会社魚池,広島県大竹市西栄３丁目２番１７号,2017-03-06,株式会社
株式会社鯨企画,佐賀県唐津市呼子町呼子３９９６番地１,2017-03-06,株式会社
株式会社鳶裕組,福岡県大野城市上大利３丁目８番２１号森山アパート２０１号,2017-03-06,株式会社
株式会社黒田電気,大阪府大阪市平野区平野市町１丁目７番８号,2017-03-06,株式会社
株式会社龍電,大阪府茨木市島４丁目１２番２９号,2017-03-06,株式会社
株式会社１５１,愛知県名古屋市西区則武新町４丁目３番１７号,2017-03-06,株式会社
株式会社ＡＡＡ,東京都町田市南大谷１１８５番地１４,2017-03-06,株式会社
株式会社ＡＣＰテクノ,東京都北区田端新町３丁目２４番４－４０１号,2017-03-06,株式会社
株式会社ＡＣＴ,東京都中野区弥生町２丁目４１番３号,2017-03-06,株式会社
株式会社ＡＣＵＯＤ,東京都港区六本木３丁目１６－１３アンバサダー六本木２０７号,2017-03-06,株式会社
株式会社ＡＤデュース,神奈川県横浜市中区桜木町１丁目１０１番地１クロスゲート７階,2017-03-06,株式会社
株式会社ＡＪ　ＧＡＲＡＧＥ,東京都三鷹市上連雀３丁目６番２号,2017-03-06,株式会社
株式会社ＡＫＩＺＵＫＩ,埼玉県さいたま市浦和区上木崎１丁目３番３２号,2017-03-06,株式会社
株式会社ＡＰＳ,東京都葛飾区堀切５丁目２４番２号,2017-03-06,株式会社
株式会社ＡＲＩＳＴＯＮ　ＣＯＭＭＵＮＩＣＡＴＩＯＮ,大阪府大阪市中央区平野町２丁目２番７－２０３号,2017-03-06,株式会社
株式会社ＡＳエステート,東京都江戸川区中央１丁目１８番２０号,2017-03-06,株式会社
株式会社ＡＴクリエイト,埼玉県草加市谷塚町１６６８番地１,2017-03-06,株式会社
株式会社ＡＹＡＴＡ,岡山県岡山市北区野田３丁目５番３号,2017-03-06,株式会社
株式会社Ａｃｔ　Ｂｅｇｉｎｎｉｎｇ　Ｊａｐａｎ　Ｃｏｒｐｏｒａｔｉｏｎ,大阪府大阪市生野区小路３丁目１３番２号,2017-03-06,株式会社
株式会社Ａｒｔｆｉｌ,熊本県菊池郡菊陽町武蔵ヶ丘北１丁目１８番７号,2017-03-06,株式会社
株式会社ＡｔｏＺ,東京都足立区梅田５丁目１２番７号,2017-03-06,株式会社
株式会社ＢＥＡＲＤＡＬＥ,東京都江東区亀戸１丁目１３番３号,2017-03-06,株式会社
株式会社ＢＹＰＵＳＨ,北海道札幌市北区北十八条西４丁目１番地１４－１８ＨＴビル４Ｆ,2017-03-06,株式会社
株式会社Ｂｌｏｃｋｈｉｖｅ,東京都千代田区麹町４丁目８番地１－２１２,2017-03-06,株式会社
株式会社Ｂｏｒｄｅｒｌｅｓｓ　Ｃｏｎｓｕｌｔａｎｃｙ,神奈川県横浜市戸塚区戸塚町２５６２番地１３,2017-03-06,株式会社
株式会社Ｄ＆Ｍコンサル,東京都武蔵村山市学園１丁目１０,2017-03-06,株式会社
株式会社Ｄ＆Ｔ,広島県広島市安佐南区西原８丁目６番１３号,2017-03-06,株式会社
株式会社Ｄｅｓｉｇｎ　Ｗｏｒｋｓ　Ｋ,埼玉県富士見市ふじみ野西４丁目１番地１アーバンⅢ－２０１,2017-03-06,株式会社
株式会社Ｅ－ＬＩＦＥ,広島県福山市坪生町３丁目１８番５号,2017-03-06,株式会社
株式会社ＥＩＴＡＳ,千葉県千葉市美浜区打瀬３丁目１３番地５,2017-03-06,株式会社
株式会社ＥＯＳ,大阪府大阪市西区新町１丁目１９番１４－１８０１号,2017-03-06,株式会社
株式会社ＥＴＥＲＮＡＬ１２,東京都練馬区石神井町４丁目１３番１９号,2017-03-06,株式会社
株式会社ＥＶＩＳＵ,福岡県北九州市八幡西区若葉３丁目４番６６－８０１号,2017-03-06,株式会社
株式会社Ｅｓｃｏａｔ,東京都武蔵野市御殿山１丁目７番６号センチュリー吉祥寺３０１,2017-03-06,株式会社
株式会社Ｆａｓｐｏ,千葉県印旛郡栄町西６４９番地の６,2017-03-06,株式会社
株式会社Ｆｉｅｌｄ　ｏｆ　Ｄｒｅａｍｓ,千葉県大網白里市季美の森南５丁目９番地１４,2017-03-06,株式会社
株式会社Ｇ－ＳＴＹＬＥ,東京都新宿区荒木町１７番地レジディア四谷三丁目１００４号,2017-03-06,株式会社
株式会社Ｇ－Ｓｔａｎｄａｒｄ,東京都北区浮間４丁目８番３号,2017-03-06,株式会社
株式会社Ｇ－ＴＥＸ,大阪府大阪市中央区博労町４丁目６番１７号,2017-03-06,株式会社
株式会社ＧＬ,福岡県京都郡苅田町神田町３丁目１４番地１５,2017-03-06,株式会社
株式会社ＧＴＤｏ,宮崎県宮崎市高千穂通２丁目６番２３号サーパス宮崎駅前９０１号,2017-03-06,株式会社
株式会社Ｇｏｏｄ　Ｌｕｃｋ,大阪府大阪市福島区海老江８丁目６番２１号,2017-03-06,株式会社
株式会社Ｇｒｏｏｍｉｎｇ,佐賀県佐賀市南佐賀２丁目１６番１８号,2017-03-06,株式会社
株式会社Ｇｒｏｗ　Ｕｐ　Ｉｎｔｅｒｎａｔｉｏｎａｌ,福島県郡山市町東２丁目１２９,2017-03-06,株式会社
株式会社Ｇｒｏｗｔｉｏｎ,東京都中央区日本橋兜町１７番１－７０６号,2017-03-06,株式会社
株式会社ＨＡ－ＳＵ　Ｋｉｔｃｈｅｎ＆Ｄｒｉｎｋｓ,福岡県福岡市中央区大名１丁目３番３号,2017-03-06,株式会社
株式会社ＨＡＹＡＳＨＩ　ＣＲＥＡＴＩＶＥ,岡山県岡山市中区平井７丁目４番７号,2017-03-06,株式会社
株式会社ＨＭＯ２,福岡県福岡市南区長丘３丁目１３番２－６０１号,2017-03-06,株式会社
株式会社ＨＲデータラボ,東京都新宿区愛住町１２番地ＬａＫＲＳビル２階,2017-03-06,株式会社
株式会社Ｈｉａｍ　Ｐａｒｔｎｅｒｓ,福岡県糟屋郡志免町志免４丁目１４番２５号,2017-03-06,株式会社
株式会社ＩＮＦＩＮＩＣ’Ｓ,大阪府茨木市西駅前町７番１号メゾン茨木西駅前,2017-03-06,株式会社
株式会社ＩＷＡＴＯ,岡山県岡山市北区奥田１丁目５番７号３０３,2017-03-06,株式会社
株式会社Ｉｎｔｅｒｉｏｒ　ＮＥＺＵ,東京都八王子市平岡町９番６号,2017-03-06,株式会社
株式会社ＪＢＳ,大阪府箕面市桜ケ丘２丁目３番３４号の５,2017-03-06,株式会社
株式会社ＪＣＨｕｎｔｅｒ,東京都荒川区東尾久５丁目１番１－２０２号,2017-03-06,株式会社
株式会社ＪＯＩＮ　ＳＵＰＰＯＲＴ,東京都八王子市片倉町４４５番地の６、２階,2017-03-06,株式会社
株式会社ＪＰＮエンターテインメント,東京都渋谷区富ヶ谷２丁目４５番１９号,2017-03-06,株式会社
株式会社ＪＵＮコーポレーション,奈良県大和高田市昭和町２－２Ｂ５０７,2017-03-06,株式会社
株式会社Ｋコーポレーション,福島県岩瀬郡鏡石町本町３０２番地１,2017-03-06,株式会社
株式会社Ｋ＆Ｎ,東京都足立区柳原１丁目２０番１９号,2017-03-06,株式会社
株式会社Ｋ－ＯＦＦＩＣＥ,千葉県八街市沖１１３５番地２０２号,2017-03-06,株式会社
株式会社Ｋ－ｉｎｄ,神奈川県横須賀市津久井１丁目２４番１号,2017-03-06,株式会社
株式会社ＫＤエステート,滋賀県東近江市上麻生町４７番地,2017-03-06,株式会社
株式会社ＫＤＭ,東京都板橋区栄町５番１８号シティハイムウィング２０５,2017-03-06,株式会社
株式会社ＫＥＩ,岐阜県高山市天満町２丁目１１９番地１,2017-03-06,株式会社
株式会社ＫＥＮＪＩＴＳＵ,広島県広島市南区仁保３丁目１番９－９０４号,2017-03-06,株式会社
株式会社ＫＩＯＩ,東京都千代田区二番町７番地１,2017-03-06,株式会社
株式会社ＫＭＣ,岐阜県岐阜市北一色３丁目１番１６号,2017-03-06,株式会社
株式会社ＫＮプランニング,東京都葛飾区高砂３丁目２６番１３号,2017-03-06,株式会社
株式会社ＫＯＮＧ,大阪府岸和田市沼町３０番２５号,2017-03-06,株式会社
株式会社ＫＯＹＡＭＡ技建,宮城県角田市梶賀字高畑南７６番地１,2017-03-06,株式会社
株式会社ＫＯＹＡＴＡ,神奈川県相模原市南区麻溝台６丁目１番７号,2017-03-06,株式会社
株式会社ＫＲオフィス,滋賀県栗東市安養寺８丁目３番地１２ハイツ亜里２０２号室,2017-03-06,株式会社
株式会社ＫＳＰ,香川県丸亀市綾歌町富熊５９８番地１,2017-03-06,株式会社
株式会社Ｋｃｏｌｏｒｓ,東京都町田市本町田３５４９－１０藤の台団地２－２１－５０３,2017-03-06,株式会社
株式会社ＬＩＦＥ,福島県いわき市久之浜町末続字塩民７９番地,2017-03-06,株式会社
株式会社Ｌａｄｉａｎｔ,静岡県静岡市駿河区高松２丁目７番８号高松カドデビル２Ｆ,2017-03-06,株式会社
株式会社Ｌｕｆｅｓｕ,東京都渋谷区東２丁目２２番１３号中島ビル２Ｆ,2017-03-06,株式会社
株式会社ＭＡマネジメント１,広島県福山市南蔵王町４丁目１１番２３号,2017-03-06,株式会社
株式会社ＭＣＲ,三重県桑名市城山台１０番地,2017-03-06,株式会社
株式会社ＭＯＶＥ,岩手県盛岡市中央通２丁目７番１９号２Ｆ,2017-03-06,株式会社
株式会社Ｍａｋｅ　Ｍｉｉ,東京都千代田区一番町１０番地８一番町ウェストビル５階,2017-03-06,株式会社
株式会社Ｍｙ　ｓｕｐｐｏｒｔ,島根県出雲市天神町８６８番地４,2017-03-06,株式会社
株式会社Ｎ　ＰＬＡＮＮＩＮＧ,兵庫県姫路市大寿台２丁目１６番３号,2017-03-06,株式会社
株式会社Ｎテック,三重県度会郡大紀町野添７８２番地３,2017-03-06,株式会社
株式会社ＮＡＤＥＣＩＣＡ,東京都渋谷区神山町１１－１５神山フォレスト３０７,2017-03-06,株式会社
株式会社ＮＥＬＳ,岡山県岡山市北区本町１番地１２みぞい駅前ビル３Ｆ,2017-03-06,株式会社
株式会社ＮＯ　ＮＡＭＥ　ｓｃｒｅｅｎ　ｐｒｉｎｔ,三重県三重郡菰野町大字菰野２７１０番地１,2017-03-06,株式会社
株式会社ＮＯＲＩコーポレーション,東京都練馬区春日町４丁目７番９－３０４号,2017-03-06,株式会社
株式会社ＮＲＴ,神奈川県川崎市中原区今井仲町９番５号,2017-03-06,株式会社
株式会社Ｎｅｘｔｉｎｇ,鹿児島県鹿児島市荒田１丁目３５番２４号,2017-03-06,株式会社
株式会社Ｎｏｙｃｅ,東京都八王子市長沼町９０番地,2017-03-06,株式会社
株式会社ＯＦＦフードマーケティング,北海道中川郡幕別町札内桜町８３番地の４,2017-03-06,株式会社
株式会社ＯＨＴＡＣホールディングス,岩手県盛岡市盛岡駅西通２丁目５番３０号メイプル駅西通１０２,2017-03-06,株式会社
株式会社ＯＮＥ　ＦＩＥＬＤ,千葉県千葉市中央区新明町２０１番地２,2017-03-06,株式会社
株式会社ＯＮＥ　ＳＮＯＷ,北海道札幌市中央区南六条西４丁目５番地,2017-03-06,株式会社
株式会社ＯＮＰ,沖縄県うるま市字兼箇段１６４３番地１－１０１,2017-03-06,株式会社
株式会社ＯＴＹ,神奈川県川崎市多摩区菅稲田堤２丁目３番１１号,2017-03-06,株式会社
株式会社ＰＥＧＡＳＵＳ,千葉県市原市五井金杉１丁目１番地,2017-03-06,株式会社
株式会社ＰＩＥＣＥ建築設計事務所,大阪府大阪市中央区谷町６丁目２番２５号伊藤谷町ビル２０２,2017-03-06,株式会社
株式会社ＰＲＩＮＴ　ＲＵＮ,千葉県木更津市羽鳥野４丁目１番地７７,2017-03-06,株式会社
株式会社ＲＡＫＵＳＹＯＷ,群馬県前橋市天川大島町１丁目７番地１,2017-03-06,株式会社
株式会社ＲＩＢＲＥ,東京都武蔵野市西久保３丁目２番１－４１３号,2017-03-06,株式会社
株式会社ＲＩＳＥ　ＣＯＭＰＡＮＹ,大阪府大阪市中央区南船場１丁目８－１３リーガル南船場,2017-03-06,株式会社
株式会社ＲＩＶＩＶＥ,熊本県阿蘇郡西原村大字河原１９３７番地,2017-03-06,株式会社
株式会社ＲＳＭ,静岡県裾野市伊豆島田６１８番地の３,2017-03-06,株式会社
株式会社Ｒｅ’Ｓｍｉｌｅ,大阪府大阪市生野区新今里５丁目５番５号,2017-03-06,株式会社
株式会社Ｒｅｕｎｉｏ,東京都北区志茂１丁目１６番１９号,2017-03-06,株式会社
株式会社Ｓ．ｉｎｃｅｒｉｔｙ,群馬県太田市藤阿久町４８９番地１７アプリコットＡ－１０３号,2017-03-06,株式会社
株式会社ＳＡＭＯＮ,東京都新宿区左門町２番地６,2017-03-06,株式会社
株式会社ＳＡＵＴＥＤＩ,東京都台東区池之端２丁目５番４４号ＣＡＳＡＭＩＡ４０５,2017-03-06,株式会社
株式会社ＳＤＥ,愛知県名古屋市緑区大高町字川添９番地,2017-03-06,株式会社
株式会社ＳＥＩＭＩ,神奈川県相模原市緑区城山２丁目１番３６号,2017-03-06,株式会社
株式会社ＳＧＧＫ　Ｇｒｏｕｐ　ｉｎｔｅｒｎａｔｉｏｎａｌ,宮城県仙台市青葉区上杉１丁目１４番２０－４０１号,2017-03-06,株式会社
株式会社ＳＯＬＩＤ,東京都葛飾区高砂５丁目４４番８号,2017-03-06,株式会社
株式会社ＳＳ‐ＦＴ,岐阜県瑞浪市稲津町小里７９５番地の１,2017-03-06,株式会社
株式会社ＳＳＦ,東京都渋谷区恵比寿西１丁目１２番３－２０１号,2017-03-06,株式会社
株式会社ＳＴプラント,愛知県知多市八幡字曽山７番地の１５５,2017-03-06,株式会社
株式会社ＳＴＤＭ,千葉県千葉市若葉区西都賀１丁目７番１号,2017-03-06,株式会社
株式会社ＳＷＩＭＢＹ,大阪府大阪市天王寺区玉造本町７番１５号シンケビルＴＷＩＮ１０２,2017-03-06,株式会社
株式会社Ｓｋａｌ,東京都中央区日本橋３丁目５番１２号,2017-03-06,株式会社
株式会社Ｔ－ＲＩＺ,東京都葛飾区西亀有３丁目３番１号グラン・シャリオ２０３,2017-03-06,株式会社
株式会社ＴＡＣ,北海道札幌市豊平区月寒東三条１５丁目５番７号,2017-03-06,株式会社
株式会社ＴＡＫＡＭＯＴＯ,京都府京都市西京区大原野上里勝山町６番地１８,2017-03-06,株式会社
株式会社ＴＡＫＥＮＡＫＡ,鹿児島県鹿屋市旭原町２５２５番地１,2017-03-06,株式会社
株式会社ＴＡＬＵＰ,東京都中野区南台４丁目７番１１号,2017-03-06,株式会社
株式会社ＴＥＡＭＺ　ＥＮＴＥＲＴＡＩＮＭＥＮＴ,東京都江東区豊洲６丁目２番１１－１５０７号パークアクシス豊洲キャナル,2017-03-06,株式会社
株式会社ＴＥＲＡＤＡ．ＤＯＮ,新潟県新潟市秋葉区新金沢町１５番３３号,2017-03-06,株式会社
株式会社ＴＧＫ,大阪府大阪市東住吉区公園南矢田３丁目１１番１３号２階,2017-03-06,株式会社
株式会社ＴＩＮＯ,大阪府豊中市上野坂１丁目２番１６号,2017-03-06,株式会社
株式会社ＴＫＣ,北海道札幌市中央区南一条西７丁目１２番６号パークアベニュービル５Ｆ,2017-03-06,株式会社
株式会社ＴＲＵＴＨ,滋賀県甲賀市水口町本町３丁目２４２８番地１,2017-03-06,株式会社
株式会社ＴＳＴＹＬＥ,東京都港区港南２丁目５番３号,2017-03-06,株式会社
株式会社Ｔｈｉｎｇｓ,愛知県豊橋市菰口町５丁目１８番地２,2017-03-06,株式会社
株式会社Ｔｏ－Ｄａｙｓ,東京都板橋区西台４丁目３番５－１０６号,2017-03-06,株式会社
株式会社Ｔｏｋｙｏ１８,愛知県名古屋市昭和区五軒家町２１番地の８,2017-03-06,株式会社
株式会社Ｔｒｉｐｌｅｔ,東京都港区北青山３丁目９番７号,2017-03-06,株式会社
株式会社Ｖｉｓｉｏｎ,大阪府大阪市中央区谷町４丁目８番１２－１００４号,2017-03-06,株式会社
株式会社ＷＡＮＤＥＲＬＵＳＴ,東京都世田谷区瀬田１丁目２７番１９号,2017-03-06,株式会社
株式会社ＷＡＴＡＢＩ,静岡県富士宮市矢立町３７９番地,2017-03-06,株式会社
株式会社ＷＥＬＣＯＭＥ,神奈川県相模原市中央区上溝４３番地,2017-03-06,株式会社
株式会社ＷＩＴＨ　ＹＯＵ,広島県広島市中区本通７番２９号アイビービル７Ｆ,2017-03-06,株式会社
株式会社Ｗｅｄｎｅｓｄａｙ,北海道札幌市中央区北一条東５丁目１０番地７,2017-03-06,株式会社
株式会社ＹＣ新小岩,東京都葛飾区西新小岩４丁目３９番２９号,2017-03-06,株式会社
株式会社ＹＫＴ,東京都品川区北品川１丁目９番７号,2017-03-06,株式会社
株式会社ＹＭプランニング,愛知県名古屋市港区善進本町４３８番地２,2017-03-06,株式会社
株式会社ＹＵＷＡ,熊本県玉名郡南関町大字小原７９３番地１,2017-03-06,株式会社
株式会社ＹｋｏＴ,広島県広島市中区立町６番１号,2017-03-06,株式会社
株式会社ｂａｂａｂｏｂｏ,東京都調布市仙川町１丁目２１番２４号,2017-03-06,株式会社
株式会社ｅ’ｓ,京都府京都市山科区竹鼻西ノ口町３６番地,2017-03-06,株式会社
株式会社ｅＰｒｉｄｅｎｔｓ,東京都大田区池上５丁目２６番７号,2017-03-06,株式会社
株式会社ｅｖｅｒｙ,長崎県佐世保市大塔町１７３０番地１５,2017-03-06,株式会社
株式会社ｈｕｉｔ,福岡県福岡市博多区対馬小路１番５号,2017-03-06,株式会社
株式会社ｉｏｒｏ,広島県東広島市西条岡町４番８号,2017-03-06,株式会社
株式会社ｎｉｃｏｔｔｏ,新潟県南蒲原郡田上町大字田上丁１６５６番地３,2017-03-06,株式会社
株式会社ｙｕｃｃａ,京都府京都市下京区河原町通五条下る本塩竈町５８３番地４,2017-03-06,株式会社
桜ブルームス株式会社,東京都北区滝野川６丁目１２番４号,2017-03-06,株式会社
桜井商事合同会社,東京都江東区豊洲６丁目２番２９－５１７号,2017-03-06,合同会社
植田産業株式会社,福岡県朝倉市長渕５６８番地,2017-03-06,株式会社
横浜ビジネスフォーム協同組合,神奈川県横浜市南区永楽町２丁目２２番地,2017-03-06,その他の設立登記法人
永井電工株式会社,大阪府堺市中区八田西町２丁１４番１７－１０３号,2017-03-06,株式会社
滋賀県無料Ｗｉ－Ｆｉ整備促進協議会,滋賀県大津市京町４丁目１－１,2017-03-06,その他
特定非営利活動法人さだみさき夢希会,愛媛県西宇和郡伊方町三崎５７６番地,2017-03-06,その他の設立登記法人
特定非営利活動法人にゃんずプロテクト,大阪府大阪市淀川区十三本町１丁目１０番１８号,2017-03-06,その他の設立登記法人
特定非営利活動法人はたむすび,京都府与謝郡与謝野町字岩滝１２０４番地,2017-03-06,その他の設立登記法人
特定非営利活動法人アニマルレスキューＭｉｋｉ　Ｊａｐａｎ,愛知県安城市大山町２丁目５番地４,2017-03-06,その他の設立登記法人
特定非営利活動法人太陽,福島県西白河郡矢吹町一本木３８番地１,2017-03-06,その他の設立登記法人
特許業務法人フィデム国際特許商標事務所,神奈川県横浜市中区弁天通２丁目２５,2017-03-06,その他の設立登記法人
狩野観光株式会社,大阪府大阪市住之江区新北島７丁目２番２－１４０５号,2017-03-06,株式会社
玉名市総合型地域スポーツクラブ設立準備委員会,熊本県玉名市岩崎１６３,2017-03-06,その他
理研Ｊテクノロジーズ合同会社,東京都中央区日本橋本町１丁目４番９号,2017-03-06,合同会社
瑞光ライフサービス株式会社,滋賀県大津市茶戸町１３番９号,2017-03-06,株式会社
田中藍ホールディングス株式会社,福岡県久留米市瀬下町９３番地,2017-03-06,株式会社
盛豊株式会社,神奈川県横浜市南区永楽町２丁目２２,2017-03-06,株式会社
社会保険労務士法人ことのは,神奈川県横浜市中区海岸通４丁目２３マリンビル３Ｆ,2017-03-06,その他の設立登記法人
税理士法人ハンズオン,東京都千代田区神田須田町２丁目２３番地１天翔秋葉原万世橋ビル,2017-03-06,その他の設立登記法人
笠ノ川フーズ株式会社,高知県南国市岡豊町笠ノ川１０４５番地,2017-03-06,株式会社
箱石ソーラー合同会社,東京都千代田区丸の内３丁目１番１号東京共同会計事務所内,2017-03-06,合同会社
義経神社,滋賀県栗東市大橋５丁目３番１２号,2017-03-06,その他の設立登記法人
興輪会,石川県輪島市河井町１－１６－１,2017-03-06,その他
荒新聞販売合同会社,三重県津市上浜町１丁目２４０番地１,2017-03-06,合同会社
菅原工業株式会社,神奈川県川崎市幸区南加瀬５丁目１０番２０－２０２号,2017-03-06,株式会社
蓑原設備株式会社,福岡県福岡市東区多々良１丁目４６番１３号,2017-03-06,株式会社
藤井工業株式会社,京都府城陽市長池北裏８２番地,2017-03-06,株式会社
藤原鉄筋合同会社,大阪府交野市幾野１丁目１０番６２７号,2017-03-06,合同会社
藤商エンタープライズ株式会社,神奈川県横浜市中区不老町３丁目１４番地２－５０４号,2017-03-06,株式会社
虎ノ門企画合同会社,東京都中央区八丁堀２丁目１９番８号,2017-03-06,合同会社
西宮北六甲台自治会,兵庫県西宮市北六甲台５丁目２８－９,2017-03-06,その他
見好貿易合同会社,大阪府堺市中区東山４３－１Ｆ号,2017-03-06,合同会社
赤田地域運営協議会,秋田県由利本荘市赤田字上田表９５,2017-03-06,その他
農事組合法人八兆ファーム,石川県小松市野田町丁６３番地,2017-03-06,その他の設立登記法人
農事組合法人東出ファーム,滋賀県愛知郡愛荘町東出９２－１番地,2017-03-06,その他の設立登記法人
農事組合法人西八重畑,岩手県花巻市石鳥谷町八重畑第２３地割３１番地２,2017-03-06,その他の設立登記法人
農事組合法人青田営農組合,福島県本宮市青田字来ノ池５５番地２,2017-03-06,その他の設立登記法人
進真建設株式会社,神奈川県相模原市中央区矢部１丁目１２番３号セレノ相模原１０１号,2017-03-06,株式会社
郡山市多田野土地改良区,福島県郡山市逢瀬町多田野字南原３,2017-03-06,その他
銘海電力株式会社,東京都港区西新橋３丁目１８番２号,2017-03-06,株式会社
隆貴建設株式会社,大阪府東大阪市稲田本町２丁目４番２５号Ｂ－２,2017-03-06,株式会社
青龍株式会社,群馬県前橋市龍蔵寺町１１０番地７,2017-03-06,株式会社
順祥合同会社,東京都板橋区中丸町４７番１０号１階Ｂ室,2017-03-06,合同会社
首都圏グループホールディングス株式会社,東京都足立区入谷９丁目２１番１９号,2017-03-06,株式会社
高山ロータリークラブ,岐阜県高山市下三之町１３６十六銀行高山支店２Ｆ,2017-03-06,その他
高麗工芸社株式会社,愛知県西尾市吉良町富好新田蔵井戸８番地,2017-03-06,株式会社
鴨川工芸株式会社,兵庫県加東市下鴨川１０番地の１,2017-03-06,株式会社
Ａ－Ｔｒａｄｅ合同会社,北海道札幌市白石区北郷二条１３丁目２番１０号,2017-03-06,合同会社
ＡＡＣ株式会社,神奈川県横浜市港南区芹が谷５丁目５３番１７号ユートピアビル,2017-03-06,株式会社
ＡＣＢ株式会社,大阪府大阪市中央区平野町３丁目１番８号,2017-03-06,株式会社
ＡＲＲＨＹＴＨＭ株式会社,東京都渋谷区西原２丁目３８番５号,2017-03-06,株式会社
Ｂ＆Ｋアリーズ株式会社,東京都葛飾区新小岩１丁目４６番９号,2017-03-06,株式会社
ＢＳＰ行政書士法人,東京都中央区八重洲２丁目２番１０号,2017-03-06,その他の設立登記法人
Ｂｌａｃｋｍｏｒｅｓ　Ｊａｐａｎ合同会社,東京都千代田区麹町４丁目５番地２０ＫＳビル８階,2017-03-06,合同会社
ＣｔｏＣ　ＪＡＰＡＮ株式会社,福岡県福岡市中央区天神２丁目３番１０号天神パインクレスト７１６,2017-03-06,株式会社
ＤＡＩＫＥＮＮ合同会社,東京都大田区西馬込２丁目６番１８－Ｂ－１,2017-03-06,合同会社
ＥＬＳＹＳ　ＨＩＲＯＳＨＩＭＡ株式会社,広島県福山市沖野上町２丁目６番２８号,2017-03-06,株式会社
Ｆ’ｓ　Ｓｔａｔｉｏｎ株式会社,北海道札幌市白石区東札幌五条４丁目２番２３号,2017-03-06,株式会社
Ｇ－ＮｏＦｉ株式会社,広島県安芸郡坂町横浜東１丁目６番２２号,2017-03-06,株式会社
ＨＹＮ株式会社,福岡県春日市大和町５丁目５,2017-03-06,株式会社
ＩＭＡＩ株式会社,岐阜県大垣市大井３丁目８番地６,2017-03-06,株式会社
ＩＲＴ株式会社,北海道札幌市白石区菊水八条３丁目１番２０号,2017-03-06,株式会社
ＩＴＯサービス株式会社,東京都江東区千田２３番１７号,2017-03-06,株式会社
ＪＩＮ株式会社,愛知県名古屋市中区錦２丁目１６番５号,2017-03-06,株式会社
Ｊａｐａｎ　Ｄｉｎｉｎｇ株式会社,福岡県北九州市八幡西区別当町２６番１号,2017-03-06,株式会社
Ｋ’ｓ－ＳＴＹＬＥ株式会社,福島県福島市泉字長滝前３番地の５,2017-03-06,株式会社
Ｋ＆Ｓ商事株式会社,東京都台東区台東３丁目４３－１０佐藤ビル３０３号室,2017-03-06,株式会社
ＫＥＮ－Ａ株式会社,神奈川県横浜市都筑区中川中央１丁目８番３号,2017-03-06,株式会社
ＫＫ　ＨＥＲＩＴＡＧＥ合同会社,東京都調布市飛田給３丁目２番地１８,2017-03-06,合同会社
ＫＵＲＡＴＡ工房株式会社,大阪府茨木市太田３丁目１６番１４号の６,2017-03-06,株式会社
Ｋａｒｔｅ．Ｃｌｉｎｉｃ株式会社,東京都渋谷区渋谷３丁目１３番１１号,2017-03-06,株式会社
ＬＡＣ株式会社,東京都千代田区永田町２丁目１７番１３号,2017-03-06,株式会社
ＬＩＯＮ合同会社,神奈川県横浜市神奈川区松見町１丁目２１番地６－６０７号室,2017-03-06,合同会社
ＬＯＯＰ株式会社,東京都江戸川区東葛西３丁目１３番１６号ライゼホビー８号室,2017-03-06,株式会社
ＭＡサービス合同会社,東京都足立区西伊興１丁目１６番２４号,2017-03-06,合同会社
ＭＡＲＩＰＡＴ　ＪＡＰＡＮ株式会社,東京都江戸川区西瑞江５丁目１５番地１８２,2017-03-06,株式会社
ＭＩＷ株式会社,愛知県北名古屋市鍜治ケ一色西二丁目２０２番地,2017-03-06,株式会社
ＭＭＴＥＣＨ株式会社,岐阜県各務原市川島小網町２１４６番地２２０,2017-03-06,株式会社
ＮＰＯ法人熊本県難聴者中途失聴者協会,熊本県熊本市南区御幸笛田８丁目７番１０号,2017-03-06,その他の設立登記法人
ＮＳＯ産業株式会社,東京都千代田区外神田５丁目５番１４号,2017-03-06,株式会社
ＮＴ　Ｗｏｒｌｄｗｉｄｅ　Ｐａｒｔｎｅｒｓ株式会社,神奈川県横浜市神奈川区子安通１丁目１０５番地ソレアード子安通５０３号,2017-03-06,株式会社
ＯＫファシリテーション合同会社,神奈川県横浜市西区北幸１丁目１１番５号相鉄ＫＳビル９階,2017-03-06,合同会社
ＯＲＩＧＡＭＩ株式会社,東京都中央区新川１丁目２８番３５号,2017-03-06,株式会社
ＰＲＧＳ株式会社,東京都中野区本町４丁目３０－７ア－バンドエル新中野１０９,2017-03-06,株式会社
ＲＰＡエンジニアリング株式会社,東京都港区赤坂１丁目１２番３２号,2017-03-06,株式会社
ＲＳＧコーポレーション株式会社,神奈川県横浜市南区睦町１丁目６番地１,2017-03-06,株式会社
Ｒｏｓｍａｒｉｎｕｓ　Ｃｏｎｓｕｌｔｉｎｇ株式会社,東京都新宿区西新宿３丁目７番１号新宿パークタワーＮ３０階,2017-03-06,株式会社
ＳＤインダストリー株式会社,東京都杉並区高井戸西２丁目６番１号,2017-03-06,株式会社
ＳＨＡＮＴＨＩ　ＭＥＴＡＬ　ＩＮＤＵＳＴＲＩＥＳ　ＰＲＩＶＡＴＥ　ＬＩＭＩＴＥＤ,茨城県筑西市直井７８１番地１,2017-03-06,外国会社等
ＳＴＡＲ＆ＭＯＯＮ　ＴＲＡＤＩＮＧ株式会社,茨城県古河市上片田１４２３番地,2017-03-06,株式会社
ＳＵＮＡＩＮＡ株式会社,福岡県福岡市南区玉川町１１番８号,2017-03-06,株式会社
ＳＵＳＡＮ　ＥＮＴＥＲＰＲＩＳＥ株式会社,群馬県邑楽郡大泉町大字吉田１４８８番地２６コーポサンレディー１０３号,2017-03-06,株式会社
ＳＹＴ国際貿易株式会社,千葉県松戸市松戸１７４３番地の１楓雅２４－６０１号,2017-03-06,株式会社
Ｔ．Ｂ．合同会社,神奈川県横浜市磯子区中原１丁目５番５号,2017-03-06,合同会社
Ｔ．Ｋ管理株式会社,大阪府高槻市紺屋町８番１６－４０１号,2017-03-06,株式会社
ＴＯＲＩＭＡＳＡ　Ｃｏ．，Ｌｔｄ．株式会社,広島県福山市箕島町５２１５番地３,2017-03-06,株式会社
Ｔｎｋ合同会社,東京都調布市飛田給３丁目２５番地７１,2017-03-06,合同会社
ＵＴ合同会社,千葉県千葉市稲毛区長沼町３６１番地１５,2017-03-06,合同会社
Ｕｎｉｏｎ　Ｃｈｒｉｓｔ　Ｃｈｕｒｃｈ,滋賀県大津市月輪５丁目３２－４,2017-03-06,その他
ＷＩＴＨ　ＤＯＩＴ株式会社,東京都新宿区下落合４丁目１番１号,2017-03-06,株式会社
ＸＭＬ　Ｊａｐａｎ合同会社,東京都新宿区西新宿７丁目４番３号,2017-03-06,合同会社
ＺＡＭ　ＺＡＭ　ＪＡＰＡＮ合同会社,千葉県八街市八街に１２０番地６１フレンドハイツ２０３,2017-03-06,合同会社
ＺＯＮＥインターナショナル株式会社,東京都新宿区新宿２丁目１５番２４号,2017-03-06,株式会社
ｄｏ　ａｃｔｉｏｎ株式会社,大阪府大阪市西区新町３丁目１番１７－２０１１号,2017-03-06,株式会社
ｎａｍｅサービス合同会社,北海道札幌市中央区南一条西１９丁目１番地４日宝北一条ビル４Ｆ３号室,2017-03-06,合同会社
ｓａｎｄ＆ｒｏｓｅ株式会社,神奈川県逗子市新宿１丁目３番４号,2017-03-06,株式会社
ｗｉｔｈ　ｌｉｇｈｔ合同会社,秋田県横手市増田町増田字上町９５－５,2017-03-06,合同会社
たかはし電器商会株式会社,愛媛県四国中央市村松町１２０番地４,2017-03-07,株式会社
たらちね株式会社,東京都台東区浅草橋３丁目４番３号,2017-03-07,株式会社
ぱーぐる株式会社,岐阜県大垣市歩行町２丁目５７番地２,2017-03-07,株式会社
ひらくの里ファーム株式会社,新潟県南魚沼市山谷２７８番地,2017-03-07,株式会社
ふたばフォルスト株式会社,福島県双葉郡楢葉町大字山田岡字広畑１９番地の２,2017-03-07,株式会社
アイケーテクノ株式会社,東京都豊島区南大塚１丁目６０－２０天翔大塚駅前ビル７０５,2017-03-07,株式会社
アイビー・コンサルティング株式会社,東京都港区南青山１丁目１４番７号,2017-03-07,株式会社
アイル建設株式会社,大阪府藤井寺市野中５丁目２番９号,2017-03-07,株式会社
アイＲ合同会社,福岡県筑紫野市大字立明寺３３９番地４,2017-03-07,合同会社
アキ工事株式会社,埼玉県さいたま市緑区大字大門８９９番１,2017-03-07,株式会社
アトレ叶羽合同会社,埼玉県所沢市北中３丁目２番地,2017-03-07,合同会社
アユート株式会社,岩手県花巻市石鳥谷町好地第３地割５８番地１１,2017-03-07,株式会社
アルテロ株式会社,大阪府大阪市北区天神橋２丁目４－１７,2017-03-07,株式会社
アンドモア株式会社,東京都千代田区神田駿河台４丁目６番地御茶ノ水ソラシティ,2017-03-07,株式会社
アートスケイプ株式会社,兵庫県西宮市二見町４番２１号,2017-03-07,株式会社
イクタトラスト株式会社,愛知県瀬戸市坊金町１１７番地,2017-03-07,株式会社
インサー株式会社,東京都目黒区五本木２丁目９番５－１０３号,2017-03-07,株式会社
インテックスウェブ株式会社,福岡県福岡市中央区桜坂３丁目８番３６－１０３号,2017-03-07,株式会社
ウィジングス株式会社,東京都文京区根津２丁目３３番１０号,2017-03-07,株式会社
ウィルワード株式会社,東京都台東区東上野１丁目２番３－９０２号,2017-03-07,株式会社
ウェルオン合同会社,鹿児島県霧島市国分城山町３番７号,2017-03-07,合同会社
ウエスタンファームズ合同会社,東京都豊島区東池袋１丁目３４番５号いちご東池袋ビル６階,2017-03-07,合同会社
エス・ビレッジ株式会社,兵庫県豊岡市出石町松枝６番地,2017-03-07,株式会社
エムアールツー合同会社,沖縄県宜野湾市宜野湾１丁目１９番２２号ソレイ優１０２,2017-03-07,合同会社
エンパシー・パートナーズ合同会社,大阪府泉大津市池浦町２丁目６番２９号,2017-03-07,合同会社
オウライ株式会社,徳島県三好市池田町イケミナミ２０９１番地１,2017-03-07,株式会社
オウルテック株式会社,東京都稲城市東長沼３１０７番地５、１Ｆ,2017-03-07,株式会社
オトモ株式会社,東京都足立区弘道１丁目２１番１８－３０４,2017-03-07,株式会社
オフィスＡ・Ｆ・Ｃ合同会社,神奈川県相模原市中央区相模原４丁目９番８－４０２号,2017-03-07,合同会社
オリエント・アシストネット合同会社,沖縄県那覇市前島２丁目１２番２２号ＬｉＶｉＮＧ．ＢｏＸ－３・５０２,2017-03-07,合同会社
オリーブ薬局株式会社,島根県松江市東出雲町錦新町１丁目７番１７号,2017-03-07,株式会社
オートフェッセル株式会社,愛知県名古屋市守山区桔梗平１丁目１６０８番地,2017-03-07,株式会社
カイセイ物産株式会社,三重県松阪市上川町１４番地１,2017-03-07,株式会社
カノア株式会社,沖縄県那覇市久米１丁目８番１号,2017-03-07,株式会社
カワノリーベン＆ホールディングス株式会社,東京都新宿区新宿３丁目２６番１８号,2017-03-07,株式会社
ガルシア株式会社,東京都中央区日本橋本町４丁目１２番１１号日本橋中央ビル５０５号室,2017-03-07,株式会社
クリニカル・クリエイティブ株式会社,埼玉県志木市上宗岡４丁目１番３７号,2017-03-07,株式会社
クリーンライフ合同会社,神奈川県川崎市川崎区下並木６８番地１０ダイカンプラザ１０２号室,2017-03-07,合同会社
グッドパースンパートナー株式会社,東京都港区海岸１丁目６番１－３２７号,2017-03-07,株式会社
グランブル本町株式会社,香川県高松市本町４番７号,2017-03-07,株式会社
グリーフ・カフェＢｅ－ｉｎｇ合同会社,千葉県船橋市印内１丁目１０番３号,2017-03-07,合同会社
ケアデザイン株式会社,群馬県太田市大原町５５３番地１２,2017-03-07,株式会社
ケーズ合同会社,東京都中央区銀座６丁目１３番１６号銀座ＷａｌｌビルＵＣＦ５階,2017-03-07,合同会社
ケーツーセミジャパン合同会社,神奈川県川崎市中原区小杉町１丁目４０３番地小杉ビルディング新館７０５,2017-03-07,合同会社
コバヤシ工芸株式会社,神奈川県横浜市瀬谷区瀬谷１丁目２７番地２,2017-03-07,株式会社
ゴダイゴ株式会社,東京都港区六本木７丁目７番７号トライセブンロッポンギ８階,2017-03-07,株式会社
サプリードジャパン株式会社,東京都港区浜松町２丁目２番１５号,2017-03-07,株式会社
サンスイパック株式会社,大阪府大阪市北区天満４丁目１４番１９号,2017-03-07,株式会社
シイカ株式会社,福岡県福岡市東区多の津４丁目１４番１号,2017-03-07,株式会社
シンクグローバルステイツ株式会社,愛知県名古屋市中区栄１丁目２２番３１号,2017-03-07,株式会社
シーダーアグリビジネス合同会社,東京都調布市西つつじケ丘３丁目３６番地１－６１０号,2017-03-07,合同会社
ジュン・タケイ・アンド・パートナーズ合同会社,東京都港区港南２丁目１６番７－２７０８号,2017-03-07,合同会社
ジョイコーポレーション株式会社,大阪府吹田市千里山西６丁目２１番６号,2017-03-07,株式会社
スマートコンサル合同会社,奈良県生駒市壱分町６７番地１３５,2017-03-07,合同会社
センコ・ブランズ・ジャパン株式会社,大阪府大阪市北区天神橋２丁目５番２５号,2017-03-07,株式会社
ソフト＆アイ株式会社,香川県仲多度郡まんのう町吉野下５７２番地１,2017-03-07,株式会社
ソリマチエンタープライズ株式会社,新潟県長岡市呉服町２丁目２番地３３,2017-03-07,株式会社
ソーラー・リノベーション株式会社,東京都目黒区東が丘１丁目１６番２７号,2017-03-07,株式会社
タウンフィールド株式会社,東京都立川市柴崎町２丁目２番１３号,2017-03-07,株式会社
タナベエステート株式会社,埼玉県所沢市西住吉７番６号,2017-03-07,株式会社
ダリアジャパン株式会社,東京都港区南麻布４丁目２番３４号ＴＪスクエア５Ｆ,2017-03-07,株式会社
ティ・ケイ・エイチ株式会社,新潟県新潟市北区島見町５０３０番地,2017-03-07,株式会社
ティーケーエス合同会社,東京都豊島区東池袋１丁目１７番１１号パークハイツ池袋１１０５号,2017-03-07,合同会社
ティーケーホーム合同会社,東京都江東区扇橋２丁目２０番９号,2017-03-07,合同会社
テック・メス・ライフ株式会社,東京都港区虎ノ門５丁目３－９ゼルコーバ・ファイブ３０２,2017-03-07,株式会社
ディライブ・ジャパン合同会社,神奈川県三浦郡葉山町上山口１１０２－１１,2017-03-07,合同会社
ディー＆グロースキャピタル株式会社,東京都港区芝３丁目８番２号,2017-03-07,株式会社
デメテル合同会社,東京都江戸川区上一色３丁目１番１１号,2017-03-07,合同会社
トイカケル株式会社,福岡県福岡市博多区博多駅東１丁目１２番１７号オフィスニューガイア博多駅前３階,2017-03-07,株式会社
トータル美装サービス株式会社,大阪府門真市五月田町１３番１６号,2017-03-07,株式会社
ドクターシーク株式会社,東京都足立区千住緑町１丁目２１番１０－２０２号,2017-03-07,株式会社
ナユタ合同会社,東京都中央区勝どき６丁目３番１－４５１７号,2017-03-07,合同会社
ニューエナジープランニング合同会社,山口県山口市小郡上郷１２３２番地２２５,2017-03-07,合同会社
ハーキュリーズ・コンサルティング株式会社,東京都中央区銀座７丁目１３番６号サガミビル２階,2017-03-07,株式会社
ハートランド株式会社,東京都青梅市東青梅１丁目１３番地の１,2017-03-07,株式会社
バルーン福津合同会社,福岡県福津市若木台１丁目２１番地の２,2017-03-07,合同会社
パナス合同会社,東京都清瀬市野塩１丁目３４０番地ヴェルカーサＢ１０１,2017-03-07,合同会社
ヒラノホールディングス合同会社,岡山県岡山市北区下石井２丁目１番７号,2017-03-07,合同会社
ヒロセ住設株式会社,千葉県習志野市鷺沼３丁目９番１８号,2017-03-07,株式会社
ビハニ合同会社,岐阜県各務原市那加門前町１丁目２７番地２,2017-03-07,合同会社
ファストセンシング株式会社,茨城県つくば市千現２丁目１番６,2017-03-07,株式会社
ファーベイズ株式会社,兵庫県神戸市中央区御幸通８丁目１番６号,2017-03-07,株式会社
フィグビット株式会社,東京都中央区日本橋小網町８番２号,2017-03-07,株式会社
フォレスト・アンド・リバー株式会社,東京都港区高輪２丁目４番１３－６０１号,2017-03-07,株式会社
フジテクノ株式会社,山口県光市虹ケ丘１丁目１１番１２号,2017-03-07,株式会社
フジナガ保険パートナーズ株式会社,佐賀県鹿島市大字高津原５７８番地２,2017-03-07,株式会社
ブルーア合同会社,東京都品川区南品川４丁目８番１３号,2017-03-07,合同会社
ブレインズノット株式会社,東京都千代田区神田小川町２丁目８番地,2017-03-07,株式会社
プラスエム株式会社,東京都豊島区南大塚２丁目１１番１０号,2017-03-07,株式会社
プレシャスハート合同会社,沖縄県糸満市字真栄里１４３０番地の１フォレスター５０５号室,2017-03-07,合同会社
プレテック熊本株式会社,熊本県葦北郡津奈木町大字小津奈木２１２０番地５１,2017-03-07,株式会社
ベアフォワード株式会社,東京都品川区北品川１丁目９番７号トップルーム品川１０１５号室,2017-03-07,株式会社
ペイメントサポート株式会社,東京都中央区銀座２丁目８番１７号ハビウル銀座Ⅱビル８階,2017-03-07,株式会社
ホソブチマネジメント合同会社,埼玉県さいたま市南区四谷３丁目７番２９号,2017-03-07,合同会社
ホワイトパイン株式会社,埼玉県さいたま市緑区東浦和７丁目２１番地１４,2017-03-07,株式会社
ポストアンドポスト株式会社,福岡県福岡市南区長住５丁目１５番,2017-03-07,株式会社
マイロード株式会社,東京都新宿区新宿７丁目２６－７ビクセル新宿１Ｆ,2017-03-07,株式会社
マウントサークル合同会社,神奈川県相模原市南区当麻８７３番地８,2017-03-07,合同会社
マチュアライフ合同会社,愛知県愛西市落合町下河原１８３４番地,2017-03-07,合同会社
マネージメント企画株式会社,群馬県高崎市小八木町１２２番地３,2017-03-07,株式会社
マーコール株式会社,東京都港区白金台３丁目２番７－４０４号,2017-03-07,株式会社
マーサーロック株式会社,長野県千曲市大字屋代３１４３番地１３,2017-03-07,株式会社
ミキ株式会社,東京都中野区若宮２丁目２２番２号,2017-03-07,株式会社
ミズホ機材株式会社,福岡県福岡市南区長住１丁目５番１号,2017-03-07,株式会社
メディコスメ株式会社,愛知県名古屋市中区大須４丁目１０番４０号,2017-03-07,株式会社
モトハウス２４８株式会社,愛知県岡崎市岩津町字川畔１０２番地,2017-03-07,株式会社
ヤマシタ産業株式会社,福岡県大川市大字中古賀１０３５番地２１,2017-03-07,株式会社
ヤマモトキャピタル東京株式会社,東京都港区新橋６丁目１４番５号,2017-03-07,株式会社
ユーレット株式会社,東京都文京区小石川５丁目４１番１号,2017-03-07,株式会社
ラドリーバンク株式会社,東京都大田区蒲田１丁目２９番１２号,2017-03-07,株式会社
ラニカイ合同会社,東京都豊島区千川１丁目２７番２６号スウェディッシュコートＥ号,2017-03-07,合同会社
ラボＡＪジャパン株式会社,東京都品川区西五反田２丁目２５番１号,2017-03-07,株式会社
ラムジェビューティー株式会社,東京都豊島区池袋２丁目６２－１ＰＩＳＯ池袋４０４,2017-03-07,株式会社
リュウセイ合同会社,愛知県名古屋市千種区幸川町１丁目１８番地,2017-03-07,合同会社
リンネ株式会社,東京都千代田区九段南２丁目２番８号松岡九段ビル４階,2017-03-07,株式会社
ルーリン投資株式会社,千葉県松戸市胡録台３１７番地,2017-03-07,株式会社
レーヴェシステム開発株式会社,東京都豊島区池袋本町４丁目１９番７号,2017-03-07,株式会社
ワイド産業株式会社,静岡県磐田市見付６０１４番地１,2017-03-07,株式会社
ワタヌキファーム合同会社,群馬県利根郡昭和村大字森下２９２番地,2017-03-07,合同会社
ワンダラーズ合同会社,東京都武蔵野市吉祥寺本町４丁目２６番１０号,2017-03-07,合同会社
一般社団法人きらきらぼし,福岡県大牟田市大字倉永１６５１番地,2017-03-07,その他の設立登記法人
一般社団法人こうしゅくゼロ推進協議会,福岡県福岡市博多区博多駅南１丁目４番１０号,2017-03-07,その他の設立登記法人
一般社団法人ねむの木プロジェクト,長崎県大村市富の原２丁目２０３番地３,2017-03-07,その他の設立登記法人
一般社団法人ひだまりあんしん倶楽部,三重県四日市市大宮町２１番６－２号,2017-03-07,その他の設立登記法人
一般社団法人エポックメイキング,福井県あわら市下番第２１号６０番地１,2017-03-07,その他の設立登記法人
一般社団法人ジャパンビアソムリエ協会,東京都中央区銀座６丁目１３番１６号,2017-03-07,その他の設立登記法人
一般社団法人ジャパンロジスティクスアカデミー,埼玉県越谷市大字増森２０７番地１２,2017-03-07,その他の設立登記法人
一般社団法人ジャパン・ムスリム・アクセス,埼玉県八潮市中央２丁目１１番地１,2017-03-07,その他の設立登記法人
一般社団法人スポーツコミュニティＥＸＣＥＬＳＩＯＲ,静岡県駿東郡清水町長沢２４５番地の１,2017-03-07,その他の設立登記法人
一般社団法人スポーツリンク白川,岐阜県加茂郡白川町河岐１６４５番地１,2017-03-07,その他の設立登記法人
一般社団法人セットアップ,香川県高松市木太町４２８３番地７,2017-03-07,その他の設立登記法人
一般社団法人ノア研究所,京都府京都市下京区七条通河原町西入材木町４７０番地,2017-03-07,その他の設立登記法人
一般社団法人ファミリア,千葉県船橋市前貝塚町１００８番地１,2017-03-07,その他の設立登記法人
一般社団法人ルートプラス,京都府京都市上京区西堀川通元誓願寺上る竪門前町４１４番地西陣産業会館地下,2017-03-07,その他の設立登記法人
一般社団法人ワンストップ相続サポートセンター,東京都千代田区神田佐久間町３丁目１６番地,2017-03-07,その他の設立登記法人
一般社団法人一国一城支援機構,東京都新宿区四谷坂町１１番９－１０３号,2017-03-07,その他の設立登記法人
一般社団法人京都二条国際文化芸術交流協会,京都府京都市中京区西ノ京南聖町６番５号,2017-03-07,その他の設立登記法人
一般社団法人全国学校教育支援協会,埼玉県さいたま市浦和区仲町１丁目１２番１号片山ビル,2017-03-07,その他の設立登記法人
一般社団法人共に生きる建築職人組合,兵庫県川西市久代１丁目１０番６号,2017-03-07,その他の設立登記法人
一般社団法人分身ロボットコミュニケーション協会,東京都三鷹市下連雀３丁目３番５０－５０１号,2017-03-07,その他の設立登記法人
一般社団法人大学行政管理学会,東京都千代田区九段南４丁目６番１号九段シルバーパレス２０３,2017-03-07,その他の設立登記法人
一般社団法人市民協あいち名古屋,愛知県豊橋市南瓦町１４番地の１,2017-03-07,その他の設立登記法人
一般社団法人換気技術協会,大阪府東大阪市吉田本町２丁目３番３０号,2017-03-07,その他の設立登記法人
一般社団法人日本キックボクシングフィットネス協会,大阪府大阪市西区京町堀１丁目９番９号オオタニビル５Ｆ,2017-03-07,その他の設立登記法人
一般社団法人日本クリニックアートメイク協会,大阪府大阪市北区芝田町二丁目９番２０号,2017-03-07,その他の設立登記法人
一般社団法人日本ロンドンバス協会,東京都中央区日本橋３丁目２番１４号,2017-03-07,その他の設立登記法人
一般社団法人日本地方競馬馬主振興協会,東京都品川区勝島２丁目１番２号,2017-03-07,その他の設立登記法人
一般社団法人日本歯科連携普及協会,千葉県木更津市港南台５丁目１１番地１,2017-03-07,その他の設立登記法人
一般社団法人日本留学振興支援協会,神奈川県藤沢市亀井野１８６６番地日本大学藤沢キャンパス,2017-03-07,その他の設立登記法人
一般社団法人松永あんじょうしょう会,福井県小浜市上野第４４号３７番地,2017-03-07,その他の設立登記法人
一般社団法人深谷防災ネットワーク,埼玉県深谷市上柴町西１丁目２１番地１３,2017-03-07,その他の設立登記法人
一般社団法人牧之原技能実習生研修センター,静岡県牧之原市細江５８７番地６,2017-03-07,その他の設立登記法人
一般社団法人獅子崎農家組合,京都府宮津市字獅子崎２９７番地,2017-03-07,その他の設立登記法人
一般社団法人神戸北斗塾,兵庫県神戸市西区美賀多台７丁目２４番地の４,2017-03-07,その他の設立登記法人
一般社団法人ＦＣ徳島スポーツクラブ,徳島県徳島市南昭和町７丁目７１番地６,2017-03-07,その他の設立登記法人
一般社団法人ＧＢＰＡ国際美容プロフェッショナル協会,埼玉県さいたま市中央区八王子５丁目１４番１８号,2017-03-07,その他の設立登記法人
一般社団法人ｐｌｕｓＡ,東京都大田区山王３丁目３番９号セルティ大森山王Ａ１０２,2017-03-07,その他の設立登記法人
一般財団法人フローラル財団,宮城県仙台市青葉区中山４丁目１４番３５号,2017-03-07,その他の設立登記法人
一般財団法人亜細亜太平洋文化伝創会,東京都文京区小石川５丁目２０番１０－１０１号,2017-03-07,その他の設立登記法人
三九富士観光株式会社,山梨県南都留郡富士河口湖町小立８０２番地,2017-03-07,株式会社
三富クリエイト株式会社,高知県高知市南ノ丸町５８番地３３,2017-03-07,株式会社
不動産ナコード株式会社,東京都目黒区碑文谷６丁目７番１号,2017-03-07,株式会社
佐波川流域集落営農株式会社,山口県防府市大字上右田３２９番地の２,2017-03-07,株式会社
俊英テクノ株式会社,神奈川県川崎市川崎区藤崎４丁目８番１０－５０１号京美ビル,2017-03-07,株式会社
八千代台まちづくり合同会社,千葉県八千代市八千代台北１丁目９番地１６久保田ビル２階（Ｂ）,2017-03-07,合同会社
内外ホールディングス株式会社,大阪府大阪市中央区南本町２丁目４番３号,2017-03-07,株式会社
則武商事株式会社,愛知県名古屋市西区則武新町２丁目２番３号,2017-03-07,株式会社
北四国クロスケミ株式会社,香川県高松市一宮町２２８番地１,2017-03-07,株式会社
北管建設株式会社,北海道苫小牧市三光町３丁目９番１２号,2017-03-07,株式会社
医療法人あおぞら歯科医院,長崎県松浦市志佐町里免３８１番地３,2017-03-07,その他の設立登記法人
医療法人まつもと内科クリニック,福島県郡山市田村町金屋字マセ口４番地１,2017-03-07,その他の設立登記法人
医療法人潤聖会,茨城県日立市桜川町３丁目１１番１５号,2017-03-07,その他の設立登記法人
医療法人社団エス・セットクリニック,東京都中央区日本橋室町４丁目３番１２号バンセイ室町ビル１０階,2017-03-07,その他の設立登記法人
医療法人社団エフエムティ,東京都国分寺市日吉町３丁目１４番地１エクセルシオール西国分寺１階,2017-03-07,その他の設立登記法人
医療法人社団デンタルプロップス,東京都台東区浅草３丁目１２番５号サンハイツ浅草１Ｆ,2017-03-07,その他の設立登記法人
医療法人社団修審会,東京都杉並区方南２丁目１９番９号峰正ビル２階,2017-03-07,その他の設立登記法人
医療法人社団妍麗会,東京都三鷹市下連雀６丁目２番１６メディカルコート吉祥寺１階,2017-03-07,その他の設立登記法人
医療法人社団建松会,東京都大田区山王１丁目３５番２３号１階,2017-03-07,その他の設立登記法人
医療法人社団清逸会,広島県廿日市市大野字下更地１８０９－９,2017-03-07,その他の設立登記法人
医療法人社団爽愛会,東京都東村山市本町２丁目５番地２ラインビルド土方１階,2017-03-07,その他の設立登記法人
医療法人社団瑞祥会,東京都新宿区揚場町２番１９号徳ビル５階,2017-03-07,その他の設立登記法人
医療法人社団香弘会,東京都墨田区東向島２丁目１３番１４号,2017-03-07,その他の設立登記法人
医療法人篤信会,長崎県佐世保市早苗町４９１番地１４,2017-03-07,その他の設立登記法人
友桝ホールディングス株式会社,佐賀県小城市小城町岩蔵２５７５番地３,2017-03-07,株式会社
司法書士法人プラスト,東京都世田谷区代田５丁目２番２２－２０１号,2017-03-07,その他の設立登記法人
司法書士法人ＰＥＡＫＳ　ＴＯＫＹＯ　ＯＦＦＩＣＥ,東京都港区新橋２丁目１２番５号池伝ビル９Ｆ,2017-03-07,その他の設立登記法人
合同会社おおや精神保健福祉士オフィス,新潟県新潟市中央区花園１丁目４番６号,2017-03-07,合同会社
合同会社くすのき,岡山県倉敷市寿町６番１０号（メゾン浅野３０３）,2017-03-07,合同会社
合同会社そのたす,長野県安曇野市豊科高家１２９番地１,2017-03-07,合同会社
合同会社なはり池里農場,高知県安芸郡奈半利町乙４６４５番地,2017-03-07,合同会社
合同会社はーとびーと,東京都足立区中川２丁目３番８号キャピタル中川Ｂ１０７,2017-03-07,合同会社
合同会社アイビル,東京都豊島区西池袋３丁目１７番１１号,2017-03-07,合同会社
合同会社アグリサポートおーなん,島根県邑智郡邑南町下田所９２９番地１,2017-03-07,合同会社
合同会社アップカインド,東京都新宿区北新宿１丁目２３番７号,2017-03-07,合同会社
合同会社アラカワ,愛知県知立市宝１丁目１２番地１９,2017-03-07,合同会社
合同会社インテリマーク,三重県四日市市西浦１丁目４番１０－７０２号,2017-03-07,合同会社
合同会社エムアイティエス,大阪府東大阪市南荘町８番２９－３０５号,2017-03-07,合同会社
合同会社オフィスはるの,北海道函館市湯川町２丁目４１番１５号,2017-03-07,合同会社
合同会社オロチョンラーメンまんのう店,香川県仲多度郡まんのう町吉野下１０８０番地１,2017-03-07,合同会社
合同会社オー・ティー・エー,神奈川県横浜市戸塚区平戸町２７６番地４,2017-03-07,合同会社
合同会社グラッツィエミーレ,東京都調布市深大寺元町３丁目２７番地３４,2017-03-07,合同会社
合同会社グローバル企画,東京都台東区浅草５丁目３６番８号,2017-03-07,合同会社
合同会社ケープコッド,東京都足立区西新井本町１丁目２６番１号,2017-03-07,合同会社
合同会社ゴトー軽送,愛知県尾張旭市新居町今池下２９０２番地１６－１,2017-03-07,合同会社
合同会社サニープレイス,千葉県柏市豊住１丁目１番２８－５号,2017-03-07,合同会社
合同会社ストロングハウス,埼玉県和光市下新倉２丁目１番８,2017-03-07,合同会社
合同会社ソラフネ計画,東京都国立市東１丁目８番地の１３永光ハイツ３０１,2017-03-07,合同会社
合同会社ソーシャルサポート明日向,栃木県宇都宮市岩曽町９６８番地３,2017-03-07,合同会社
合同会社タクプロジェクト,福岡県糟屋郡粕屋町大字阿惠４５０番地１コーポマロニエＣ棟２０２号,2017-03-07,合同会社
合同会社ターナーズ,沖縄県宜野湾市上原２丁目１２番７号,2017-03-07,合同会社
合同会社ダイヤモンドライフ,福岡県北九州市若松区東二島５丁目１４番３９号,2017-03-07,合同会社
合同会社チャーミー,和歌山県田辺市秋津町７６４番地の４,2017-03-07,合同会社
合同会社トロイ,福岡県福岡市中央区赤坂１丁目１４番２２号センチュリー赤坂門ビル６階,2017-03-07,合同会社
合同会社ドリームランド,東京都墨田区江東橋４丁目２０－５,2017-03-07,合同会社
合同会社ニッシン,群馬県藤岡市金井３３６番地１,2017-03-07,合同会社
合同会社ネクスト,大阪府大阪市浪速区恵美須西１丁目３番４号,2017-03-07,合同会社
合同会社バルゴポート,千葉県千葉市緑区おゆみ野中央１丁目４番地４,2017-03-07,合同会社
合同会社パインヒルコーポレ－ション,東京都新宿区下宮比町１番４号,2017-03-07,合同会社
合同会社ヒデライフプラン,愛知県豊川市麻生田町川垂２５番地の２,2017-03-07,合同会社
合同会社プレジャー,愛知県日進市浅田平子２丁目３３２番地,2017-03-07,合同会社
合同会社ベルガモ,北海道札幌市中央区南十四条西９丁目３番２９－１４０３号,2017-03-07,合同会社
合同会社マスト,群馬県前橋市粕川町込皆戸２０１番地１０,2017-03-07,合同会社
合同会社ミニマム,静岡県浜松市中区葵西２丁目１７番２２号マンションミズホⅢ２０１号,2017-03-07,合同会社
合同会社ミライズ,山口県下松市大字切山５３２番地３,2017-03-07,合同会社
合同会社ミラコロ,大阪府大阪市中央区南船場４丁目１０番５号南船場ＳＯＨＯビル７０２,2017-03-07,合同会社
合同会社モデスティ,大阪府箕面市彩都粟生南３丁目１番３０－Ｄ１０５号,2017-03-07,合同会社
合同会社リサーチ・コア,愛媛県四国中央市三島中央４丁目９番１７号,2017-03-07,合同会社
合同会社リミックス,岡山県津山市高野本郷１４７７番地６,2017-03-07,合同会社
合同会社リーブル,東京都中央区銀座６丁目１３番１６号銀座ウォールビルＵＣＦ５階,2017-03-07,合同会社
合同会社レガーロエステート,鹿児島県鹿児島市小山田町７３４０番地２,2017-03-07,合同会社
合同会社ワイズネクスト,東京都江東区白河３丁目１８番１１号,2017-03-07,合同会社
合同会社ヴァンベール,愛知県日進市本郷町流１１６番地１,2017-03-07,合同会社
合同会社中本組,兵庫県姫路市北新在家２丁目８番１－４０６号藤和ライブタウン新在家,2017-03-07,合同会社
合同会社丸晶,東京都武蔵村山市残堀２丁目２番地の１,2017-03-07,合同会社
合同会社佐藤潜水・唐津,佐賀県唐津市八幡町７３４番地４０７,2017-03-07,合同会社
合同会社北辰有尚館,新潟県長岡市南町２丁目５番２７号,2017-03-07,合同会社
合同会社双伸教育,茨城県水戸市赤塚１丁目１９７８番地１,2017-03-07,合同会社
合同会社大城土建,沖縄県島尻郡八重瀬町字宜次６５３番地５安谷屋アパート３－２,2017-03-07,合同会社
合同会社大栄,石川県小松市符津町ラ８０番地１,2017-03-07,合同会社
合同会社太陽商会,山口県下松市生野屋西１丁目６番５号,2017-03-07,合同会社
合同会社山喜,北海道登別市登別東町５丁目５７番地１,2017-03-07,合同会社
合同会社市川内装,青森県八戸市大字糠塚字南長市１２番地２,2017-03-07,合同会社
合同会社志布志総合開発,鹿児島県志布志市志布志町安楽２１２１番地１,2017-03-07,合同会社
合同会社日東トレーディング,東京都台東区上野桜木１丁目１０番１９号,2017-03-07,合同会社
合同会社星の家,広島県東広島市西条下見６丁目１１番４２号,2017-03-07,合同会社
合同会社東商,東京都大田区東矢口３丁目４番７号,2017-03-07,合同会社
合同会社松井工業,北海道芦別市上芦別町９５番地の９,2017-03-07,合同会社
合同会社桐谷,神奈川県横浜市港北区綱島東１丁目１０番１８－１０２号,2017-03-07,合同会社
合同会社森口商店,香川県高松市林町２５２２番地４,2017-03-07,合同会社
合同会社水原コンサルティング,大阪府大阪市中央区西心斎橋１丁目１０番１２号,2017-03-07,合同会社
合同会社沖縄音楽創造機構,沖縄県那覇市泊３丁目４番１３号加島ビル１階,2017-03-07,合同会社
合同会社真枝工業,埼玉県川越市中台２丁目１２番地５,2017-03-07,合同会社
合同会社知念企画,沖縄県糸満市字武富６０３番地の９,2017-03-07,合同会社
合同会社立煌,岡山県岡山市南区藤田１２７２番地,2017-03-07,合同会社
合同会社紀の市,東京都港区白金台５丁目８番７号,2017-03-07,合同会社
合同会社西東カンパニー,埼玉県所沢市大字上安松３４６番地の８,2017-03-07,合同会社
合同会社誠進,福岡県福岡市東区香椎駅前１丁目１７番２８号,2017-03-07,合同会社
合同会社輪和,北海道帯広市西二十四条南２丁目５番地９３,2017-03-07,合同会社
合同会社都市ガス・安くなる,茨城県日立市水木町１丁目１３番５号,2017-03-07,合同会社
合同会社高橋組,愛知県豊橋市小畷町５０５番地,2017-03-07,合同会社
合同会社７５３ＣＯＭＰＡＮＹ,三重県松阪市曽原町１１３８番地,2017-03-07,合同会社
合同会社ＡＧＡＮ　ＥＮＴＥＲＰＲＩＳＥ,埼玉県草加市瀬崎３丁目４０番２５－５１４号,2017-03-07,合同会社
合同会社ＡＴＧ　Ｊａｐａｎ,東京都中央区日本橋３丁目１番１４号ＳＴＡＧＥ日本橋４Ｆ,2017-03-07,合同会社
合同会社ＡｍａｚｉｎｇＡｄｖｅｎｔｕｒｅ,東京都中央区日本橋３丁目２番１４号新槇町ビル別館第一２階,2017-03-07,合同会社
合同会社Ａｒｃｈｅ,福岡県北九州市小倉南区上吉田５丁目１６番３２号,2017-03-07,合同会社
合同会社ＢＥＴＴＩＳＨ．,神奈川県横浜市港北区大倉山２丁目１番１１号キャッスル美研４０２号室,2017-03-07,合同会社
合同会社Ｂｌｅｓｔ,東京都中央区日本橋３丁目１番１４号ＳＴＡＧＥ日本橋４Ｆ,2017-03-07,合同会社
合同会社Ｂｌｕｅ　Ｒｏｓｅ,北海道札幌市白石区南郷通２丁目北６番５－３０４号,2017-03-07,合同会社
合同会社Ｃｌｕｂｂｙ　ＤＡＩＣＡＮ,東京都大田区南馬込３丁目３９番２３－２０５号,2017-03-07,合同会社
合同会社Ｃｒｅｓｔｅｒｅ,宮城県仙台市泉区七北田字八乙女２１番地の１２６,2017-03-07,合同会社
合同会社ＥＡトレード,千葉県柏市増尾８丁目１６番２号,2017-03-07,合同会社
合同会社ＦＵＪＩＫＥＮ,山口県岩国市南岩国町２丁目１０７番２２号,2017-03-07,合同会社
合同会社Ｆｏｒｔｅｓ　Ｐａｒｔｎｅｒｓ,東京都港区赤坂２丁目１７番５０－２０１５号,2017-03-07,合同会社
合同会社Ｆｕｊｉホテルプランニング,山梨県甲斐市下今井３６９４番地３,2017-03-07,合同会社
合同会社Ｇ＆Ｇ　Ｍａｒｋｅｔｉｎｇ,東京都八王子市七国３丁目５番１２号,2017-03-07,合同会社
合同会社ＧＥＯ　ＦＬＡＴ,熊本県合志市須屋２９８１番地２０　１号,2017-03-07,合同会社
合同会社ＧＯＮＧ,高知県南国市元町１丁目９番１３号,2017-03-07,合同会社
合同会社Ｇｒｅｅｎｌｅａｆ,茨城県水戸市笠原町６９０番地の１９,2017-03-07,合同会社
合同会社ＩＯＮ．ｃｏｍ,東京都新宿区歌舞伎町２丁目２１番４号三経２１ビル,2017-03-07,合同会社
合同会社Ｉｎｎｅｒ　Ｐｅａｃｅ,沖縄県那覇市銘苅１丁目１５番３０号,2017-03-07,合同会社
合同会社Ｊアセット,大阪府大阪市西区新町１丁目８－１行成ビル８Ｆ,2017-03-07,合同会社
合同会社ＪＥＤＩ,東京都足立区中央本町５丁目１４番１７号,2017-03-07,合同会社
合同会社ＪＩＫＳ,大分県別府市大字鶴見４５４８番地の８１２,2017-03-07,合同会社
合同会社Ｋ’ｓキッチン,神奈川県川崎市高津区久地３丁目１２番１３号２Ｆ,2017-03-07,合同会社
合同会社ＫＣエステート,神奈川県川崎市幸区新塚越１番地２サウザンドシティ１－３３０９,2017-03-07,合同会社
合同会社ＫＪＳ,神奈川県綾瀬市上土棚北３丁目１７番１０号,2017-03-07,合同会社
合同会社ＫＲＥ,東京都新宿区西新宿６丁目５番１号,2017-03-07,合同会社
合同会社ＫＵＭＡＲＡ　ＥＮＴＥＲＰＲＩＳＥＳ,茨城県潮来市日の出２丁目２１－１１ジーエルＢ－７号室,2017-03-07,合同会社
合同会社Ｍ１,東京都豊島区池袋２丁目１４番４号池袋西口スカイビル２階,2017-03-07,合同会社
合同会社ＭＭＬ,徳島県徳島市末広５丁目１番５６－５号,2017-03-07,合同会社
合同会社ＭＯＩ,東京都中野区弥生町２丁目２０番５－４０２号,2017-03-07,合同会社
合同会社Ｍｏｒｅ　Ａｇｒｉ,和歌山県和歌山市楠見中２４０番地６５,2017-03-07,合同会社
合同会社Ｍｏｓｓａ,福岡県福岡市中央区薬院２丁目１３番２０－４０３号,2017-03-07,合同会社
合同会社ＮＡＭＩ,東京都中央区晴海２丁目３番３０－２１１２号,2017-03-07,合同会社
合同会社ＯＤＩＮ,東京都豊島区池袋２丁目４番１号１階,2017-03-07,合同会社
合同会社ＰＥＡＮＵＴＳ,東京都新宿区市谷砂土原町３丁目８番地ステラ牛込２０２,2017-03-07,合同会社
合同会社ＲＯＣＫＭＡＮ,大分県大分市松が丘１丁目３番６号,2017-03-07,合同会社
合同会社ＳＥＡＬＰＡＰＩＬＩＯ,愛知県名古屋市瑞穂区彌富町字月見ケ岡４５番地八事月見ケ岡シティーハウスノースガーデン１０３号,2017-03-07,合同会社
合同会社ＳＨＯＫＥＩ,東京都品川区西中延２丁目１５番２号,2017-03-07,合同会社
合同会社ＳＴＡＲ,千葉県千葉市中央区本千葉町１番地４,2017-03-07,合同会社
合同会社ＳＴＫ,東京都中央区銀座５丁目１４－９石和田ビル３階,2017-03-07,合同会社
合同会社Ｔ’ｓ,愛知県安城市福釜町鴻ノ巣２番地３,2017-03-07,合同会社
合同会社Ｔ－ＯＳ,大阪府大阪市中央区伏見町３丁目１－１,2017-03-07,合同会社
合同会社ＴＡＫＡＧＩＶＩＤＥＯ,千葉県富里市七栄７８５番地１,2017-03-07,合同会社
合同会社ＴＡＫＥ　ＴＯ　ＳＥＡ,大阪府羽曳野市恵我之荘１丁目８番１４号,2017-03-07,合同会社
合同会社ＴＲＵＳＴ　ＷＯＲＫＳ,福岡県北九州市小倉北区三萩野１丁目７番６－４０５号,2017-03-07,合同会社
合同会社ＵＬＴＲＡ,愛知県春日井市高山町３丁目１番地８,2017-03-07,合同会社
合同会社Ｕｎｂｅａｔｅｎ　Ｊａｐａｎ,京都府京都市中京区油小路通三条下る三条油小路町１７３番地５,2017-03-07,合同会社
合同会社ＹｅａｒＮｉｎｇ,大阪府吹田市長野西８番１９－４号,2017-03-07,合同会社
合同会社ａｕｃｔｏｒｅｍｓ,北海道札幌市西区宮の沢二条２丁目３番２４号,2017-03-07,合同会社
合同会社ｂｅｌｏｆｔｅ,千葉県船橋市若松１丁目１番２１号ドラゴンマンション南船橋壱番館９０３号室,2017-03-07,合同会社
合同会社ｅｐｉｃ,兵庫県神戸市中央区港島中町２丁目１番地の１１アルス神戸ポートアイランド１１０６号,2017-03-07,合同会社
合同会社ｅｔｅｒｎａｌ,東京都中野区本町１丁目２番７号大越ビル３０２,2017-03-07,合同会社
合同会社ｌｉａｉｓｏｎ　ａｉｄｅ,東京都港区南青山２丁目２番１５号ウィン青山９４２,2017-03-07,合同会社
合名会社ＹＵＫＡＷＡ,京都府長岡京市今里２丁目２番８号,2017-03-07,合名会社
吉川商社株式会社,山口県下関市後田町５丁目１５番５号,2017-03-07,株式会社
吉森合同会社,東京都江東区亀戸２丁目２５番３小黒ビル４０３,2017-03-07,合同会社
嘉瑞合同会社,東京都杉並区浜田山３丁目３１番４号,2017-03-07,合同会社
坂下工業株式会社,佐賀県唐津市相知町相知２４０番地５,2017-03-07,株式会社
坂本排水管理株式会社,千葉県千葉市中央区矢作町９７１番地１,2017-03-07,株式会社
城山町二丁目第一地区市街地再開発組合,栃木県小山市城山町２丁目９－２５,2017-03-07,その他
大和シティビルド株式会社,福岡県福岡市東区和白１丁目９番２６号,2017-03-07,株式会社
大湫町コミュニティ推進協議会,岐阜県瑞浪市大湫町４２２番地の１,2017-03-07,その他
大阪レンタカー株式会社,大阪府大阪市浪速区元町１丁目１４番６－２０２号,2017-03-07,株式会社
天佑株式会社,神奈川県横浜市港北区新羽町１８３９番地５,2017-03-07,株式会社
天山国際株式会社,静岡県島田市神谷城４６１番地の６,2017-03-07,株式会社
太成工業株式会社,香川県仲多度郡多度津町日の出町８番３３号,2017-03-07,株式会社
学校法人阪和学園,大阪府河内長野市南花台４丁目２４番１号,2017-03-07,その他の設立登記法人
宮地建設工業株式会社,千葉県千葉市若葉区小倉台２丁目１０３５番地６６,2017-03-07,株式会社
小川商事合同会社,千葉県市川市島尻二丁目３４番,2017-03-07,合同会社
小川工業株式会社,千葉県市原市五井２１８６番地ロイヤルワコー１０２,2017-03-07,株式会社
小林株式会社,愛知県名古屋市中区栄３丁目１８番１号ナディアパークビジネスセンタービル２３Ｆ,2017-03-07,株式会社
岩木山ラジコン空港株式会社,青森県黒石市相野９６番地８,2017-03-07,株式会社
幸建株式会社,東京都渋谷区神泉町１番１０号,2017-03-07,株式会社
康縁株式会社,兵庫県神戸市西区竹の台１丁目２番地の１５,2017-03-07,株式会社
建設の資材屋株式会社,長野県安曇野市穂高有明４３２１番地１,2017-03-07,株式会社
弁護士法人心の帆後藤田法律事務所,徳島県徳島市中徳島町２丁目１７番地,2017-03-07,その他の設立登記法人
悠々倶楽部株式会社,神奈川県川崎市宮前区有馬７丁目１２番２５－４０２号,2017-03-07,株式会社
拓苑株式会社,大阪府大阪市大正区三軒家西１丁目９番９号,2017-03-07,株式会社
日光ゼニスホールディング特定目的会社,東京都千代田区丸の内３丁目１番１号東京共同会計事務所内,2017-03-07,その他の設立登記法人
日瀛商事株式会社,山梨県笛吹市石和町川中島９１番地１,2017-03-07,株式会社
日進企画株式会社,埼玉県さいたま市北区日進町２丁目１１１８番地４,2017-03-07,株式会社
日野農林業創生協議会,鳥取県日野郡日野町根雨１４０－１,2017-03-07,その他
明和水道株式会社,千葉県船橋市前原西２丁目１番７号津田沼コーポ６０３,2017-03-07,株式会社
明治電設株式会社,埼玉県新座市野寺２丁目８番３７号,2017-03-07,株式会社
有限会社片山工務店,山口県防府市清水町２２番２７号,2017-03-07,有限会社
村井物産合同会社,茨城県鹿嶋市宮下２丁目４番２６号（ロワイヤルユウ鹿島２０３）,2017-03-07,合同会社
東京管理合同会社,東京都練馬区光が丘７丁目７番３－２０６号,2017-03-07,合同会社
東海産業株式会社,愛知県名古屋市港区木場町８－５５木場団地４－１３０２,2017-03-07,株式会社
東穂国際株式会社,埼玉県志木市本町５丁目２０－１８－０４０２室,2017-03-07,株式会社
株式会社あいぽ,愛知県名古屋市緑区六田２丁目７４,2017-03-07,株式会社
株式会社あすか,福岡県福岡市東区下原４丁目１５番６－２号,2017-03-07,株式会社
株式会社あんど,千葉県船橋市湊町２丁目５番４号,2017-03-07,株式会社
株式会社いせ浄化メンテナンス,沖縄県豊見城市字根差部３７８番地６,2017-03-07,株式会社
株式会社おおつか,埼玉県鴻巣市登戸３２３番地２,2017-03-07,株式会社
株式会社かたち,埼玉県川口市幸町３丁目１１番４号,2017-03-07,株式会社
株式会社くりこま佐藤新聞店,宮城県栗原市栗駒岩ケ崎土川１７番地１,2017-03-07,株式会社
株式会社ことぶき住設,広島県福山市久松台１丁目１４番１５号,2017-03-07,株式会社
株式会社さくら組,千葉県山武郡横芝光町屋形５０２５番地３テンダーヴィラ九十九里４１９,2017-03-07,株式会社
株式会社せんだ兄弟社,東京都中央区築地２丁目１５番１５号,2017-03-07,株式会社
株式会社たまリバ,神奈川県川崎市高津区瀬田１２番３０－５０４号,2017-03-07,株式会社
株式会社つかれ酢本舗,埼玉県行田市西新町１００番地３２,2017-03-07,株式会社
株式会社なかや質店,埼玉県さいたま市岩槻区本町１丁目１４番８号,2017-03-07,株式会社
株式会社のぞみ電設,千葉県千葉市中央区蘇我１丁目５番１７号グリーンコーポ蘇我２０７号,2017-03-07,株式会社
株式会社ひば高原田中牧場,広島県庄原市東城町川鳥１３８５番地,2017-03-07,株式会社
株式会社ふじや,埼玉県坂戸市千代田３丁目２２番１５号,2017-03-07,株式会社
株式会社ほた金物店,愛知県知立市本町本５９番地,2017-03-07,株式会社
株式会社みさき動物病院,富山県高岡市京田４９８番地,2017-03-07,株式会社
株式会社もりも,宮崎県都城市山田町山田９６６番地１,2017-03-07,株式会社
株式会社らぼ,長野県松本市横田２丁目９番６号,2017-03-07,株式会社
株式会社わざわざ,長野県東御市御牧原２８８７番地１,2017-03-07,株式会社
株式会社アイエス,東京都品川区西五反田５丁目２５番２－２１０号,2017-03-07,株式会社
株式会社アイテラス,大阪府大阪市西区南堀江４丁目１１番８号,2017-03-07,株式会社
株式会社アイノン,沖縄県うるま市みどり町１丁目１番９号,2017-03-07,株式会社
株式会社アイビーエスリムジン,東京都千代田区外神田４丁目３番１１号,2017-03-07,株式会社
株式会社アイラブ,東京都港区赤坂２丁目９番１１号,2017-03-07,株式会社
株式会社アクアウェスト,香川県三豊市豊中町上高野４０９９番地４,2017-03-07,株式会社
株式会社アクセル,千葉県千葉市花見川区こてはし台５丁目１９番３号,2017-03-07,株式会社
株式会社アサヒ仮設,兵庫県加古郡稲美町岡３２２番地,2017-03-07,株式会社
株式会社アップステージ,石川県金沢市金石東２丁目１３番１４号,2017-03-07,株式会社
株式会社アトリ,東京都中野区本町１丁目１１番４号,2017-03-07,株式会社
株式会社アルカディアデザイン,香川県高松市多肥上町１７１４番地５,2017-03-07,株式会社
株式会社アルファみずのと,神奈川県大和市上和田４４７番地２,2017-03-07,株式会社
株式会社アルファマシーニング,東京都大田区山王３丁目５番１号,2017-03-07,株式会社
株式会社アンシャンテ,埼玉県東松山市箭弓町２丁目１０番８号ロータリーパレス東松山箭弓町３０１,2017-03-07,株式会社
株式会社アークリンク,埼玉県川口市大字安行６５５番地の８,2017-03-07,株式会社
株式会社アーステック,埼玉県新座市野火止４丁目１番３５号,2017-03-07,株式会社
株式会社アーデン,大阪府大阪市浪速区日本橋西１丁目３番８号,2017-03-07,株式会社
株式会社イスラーフィール,愛知県名古屋市緑区桃山３丁目１２０１番地,2017-03-07,株式会社
株式会社イデリハ,大分県別府市大字鶴見１５００番地の２５８,2017-03-07,株式会社
株式会社イノウエ,佐賀県唐津市竹木場５５７５番地１０,2017-03-07,株式会社
株式会社インプリム,東京都中央区新川１丁目３－４ＰＡビル,2017-03-07,株式会社
株式会社ウィセン・オートセンシング,福岡県福岡市中央区天神１丁目９番１７号,2017-03-07,株式会社
株式会社ウェルカル生活農園,青森県八戸市大字大久保字町畑西ノ平１５番地８,2017-03-07,株式会社
株式会社ウッズフィールド,神奈川県横浜市青葉区美しが丘５丁目１６番地８,2017-03-07,株式会社
株式会社ウマスケ,福島県福島市笹谷字上道場３番地の５,2017-03-07,株式会社
株式会社エイエムシー工業,北海道帯広市西十七条南４丁目２８番４号,2017-03-07,株式会社
株式会社エイチライズ,愛媛県今治市国分１丁目１７番２０号,2017-03-07,株式会社
株式会社エイト企画,福岡県北九州市小倉北区片野新町１丁目７番２９号８ビル３０２号,2017-03-07,株式会社
株式会社エスアイコンタクト,三重県鈴鹿市算所２丁目１４番１９号,2017-03-07,株式会社
株式会社エスティーフーズ,群馬県太田市龍舞町２２３５番地９,2017-03-07,株式会社
株式会社エステート半田,福岡県北九州市小倉南区上吉田４丁目２０番５号,2017-03-07,株式会社
株式会社エス・ケー・エム,愛知県名古屋市東区泉１丁目２２番地１１号Ａｔともえ２０１号,2017-03-07,株式会社
株式会社エヌポート,大阪府茨木市鮎川５丁目１１番１７号,2017-03-07,株式会社
株式会社エフコンサルティング,千葉県市川市南大野１丁目３８番５号,2017-03-07,株式会社
株式会社エフスリーインク,福島県二本松市本町２丁目８６番地１,2017-03-07,株式会社
株式会社エムエンジニアリング,三重県四日市市河原田町６６６番地,2017-03-07,株式会社
株式会社エムシピ,大阪府豊中市新千里東町１丁目４－１阪急千里中央ビル８階,2017-03-07,株式会社
株式会社エムティーシステム,大阪府松原市天美我堂３丁目６６番,2017-03-07,株式会社
株式会社エルヴィア,東京都品川区北品川１丁目９番７号トップルーム品川１０１５号,2017-03-07,株式会社
株式会社エレメントルール,東京都千代田区丸の内１丁目９番２号グラントウキョウサウスタワー１０階,2017-03-07,株式会社
株式会社オフィス３８,東京都渋谷区上原３丁目１８番１０号ザ・ヒルズ代々木上原２０２,2017-03-07,株式会社
株式会社オフランス,茨城県つくば市稲岡４９５番地５４,2017-03-07,株式会社
株式会社オルコ,東京都足立区保木間５丁目３７番３－９０１号,2017-03-07,株式会社
株式会社オーパスネオ,兵庫県芦屋市呉川町１２番１４号,2017-03-07,株式会社
株式会社オールワン中部,愛知県尾張旭市狩宿町４丁目１４９番地,2017-03-07,株式会社
株式会社カイ,東京都中野区弥生町６丁目１０番１１号,2017-03-07,株式会社
株式会社カノウ,群馬県渋川市八木原９９７番地２,2017-03-07,株式会社
株式会社カラム,東京都足立区梅島３丁目２９番６号,2017-03-07,株式会社
株式会社カーヴァ,大阪府大阪市都島区善源寺町２丁目２番５－１２３６号,2017-03-07,株式会社
株式会社ガーデンメーク,広島県福山市神辺町大字新徳田５３９番地１,2017-03-07,株式会社
株式会社キッチンセブン,東京都豊島区北大塚２丁目７番９号,2017-03-07,株式会社
株式会社キャリアベイル,埼玉県加須市鴻茎３番地２１,2017-03-07,株式会社
株式会社クサカベツーリスト,愛知県名古屋市天白区八幡山１５２０番地,2017-03-07,株式会社
株式会社クランクネオ,沖縄県うるま市字川崎２４９番地１,2017-03-07,株式会社
株式会社クレアエステート,広島県広島市西区井口鈴が台１丁目６番１２号,2017-03-07,株式会社
株式会社グローアップ,福岡県北九州市小倉南区葛原１丁目４番２４－５０５号,2017-03-07,株式会社
株式会社ケイオス,茨城県常陸太田市新宿町１０９９番地,2017-03-07,株式会社
株式会社ケイテック,香川県観音寺市豊浜町和田乙１１６８番地１,2017-03-07,株式会社
株式会社ケンシン,埼玉県狭山市中央３丁目７番西武狭山台ハイツＮ１０５,2017-03-07,株式会社
株式会社ゲミューゼ,奈良県奈良市中山町１７２３番地の４,2017-03-07,株式会社
株式会社ゲーテ,東京都江東区枝川２丁目１番１３号木場ハイツ９１４,2017-03-07,株式会社
株式会社コスミック・クラウド,東京都新宿区四谷４丁目３番地四谷トーセイビル,2017-03-07,株式会社
株式会社コスモ,東京都目黒区目黒２丁目８番１０号,2017-03-07,株式会社
株式会社コミュニティーサポート,宮崎県都城市蓑原町８６５５番地５,2017-03-07,株式会社
株式会社コラボハウス神奈川,愛媛県松山市東野５丁目甲８９８番地１４８,2017-03-07,株式会社
株式会社コントラスト,群馬県前橋市元総社町２４番地１,2017-03-07,株式会社
株式会社コンミリ,東京都中央区銀座６丁目１６番１２号丸高ビル３Ｆ,2017-03-07,株式会社
株式会社コーディアルサポート,大阪府羽曳野市西浦４丁目１６５番地の１０,2017-03-07,株式会社
株式会社ゴーツ,愛知県名古屋市千種区今池１丁目１９番６号,2017-03-07,株式会社
株式会社サムシング,群馬県前橋市粕川町女渕５９０番地５８,2017-03-07,株式会社
株式会社サヤマ,神奈川県横浜市西区高島２丁目１１番２号スカイメナー横浜８０６号,2017-03-07,株式会社
株式会社サラ,神奈川県横浜市都筑区荏田南４丁目２４番２４号,2017-03-07,株式会社
株式会社サンアップ,京都府京都市中京区玉植町２２１番地,2017-03-07,株式会社
株式会社サンケンテック,岐阜県瑞浪市稲津町小里１９番地の１９,2017-03-07,株式会社
株式会社サンライズ,佐賀県唐津市八幡町７３４番地２３６,2017-03-07,株式会社
株式会社ザ・ラン,福岡県福岡市博多区博多駅前４丁目３３番１１号,2017-03-07,株式会社
株式会社システムズ構想研究所,東京都品川区西五反田６丁目１４番１０号,2017-03-07,株式会社
株式会社シナト・ビジュアルクリエーション,東京都杉並区成田東３丁目３１番１号,2017-03-07,株式会社
株式会社シロクラフト,東京都豊島区南池袋２丁目８番１４－３０２号,2017-03-07,株式会社
株式会社シンコウホールディングス,京都府八幡市内里東山川７２番地２,2017-03-07,株式会社
株式会社シンヨウ食品,大阪府大阪市東成区深江南３丁目７番１号,2017-03-07,株式会社
株式会社ジェイファクトリー,東京都立川市高松町３丁目３２番１９号,2017-03-07,株式会社
株式会社ジャパン・ハラル・イノベーション,埼玉県八潮市中央２丁目１１番地１八潮セントラルハイツ１０７,2017-03-07,株式会社
株式会社ジュニア,沖縄県那覇市字安謝６３０番地３,2017-03-07,株式会社
株式会社スイッチサード,大阪府八尾市龍華町１丁目４番２－２４０１号,2017-03-07,株式会社
株式会社スターホース,福岡県福岡市博多区石城町７番７－２０３号,2017-03-07,株式会社
株式会社スペースファクトリー,東京都千代田区外神田２丁目７番１号,2017-03-07,株式会社
株式会社スマイツ,東京都千代田区神田須田町１丁目４番地１０,2017-03-07,株式会社
株式会社スマイル,兵庫県川西市萩原台西１丁目７７番地,2017-03-07,株式会社
株式会社スマイル,東京都葛飾区立石８丁目３１番１３号,2017-03-07,株式会社
株式会社スマートウィズダム・ラボ,東京都世田谷区太子堂５丁目４番４号,2017-03-07,株式会社
株式会社セーフティ,埼玉県八潮市大瀬５丁目８番地３－１０１号,2017-03-07,株式会社
株式会社ソアコネクト,千葉県松戸市古ケ崎４丁目３５５７番地の２０,2017-03-07,株式会社
株式会社タップス,東京都西東京市東町２丁目１５番１５－１０４号,2017-03-07,株式会社
株式会社タナカサトル技術支援,鹿児島県霧島市隼人町姫城２５０６番地２,2017-03-07,株式会社
株式会社ティーアール・パートナーズ,東京都江東区豊洲６丁目２番３１－１６０５号,2017-03-07,株式会社
株式会社ティーエイチイーヘルスケア,東京都渋谷区広尾１丁目３番１５号岩崎ビル８階,2017-03-07,株式会社
株式会社ティーエムエンタープライズ,千葉県白井市清水口１丁目１番３０－５０４号,2017-03-07,株式会社
株式会社ティーツークラフト,広島県東広島市西条町福本５５８番地,2017-03-07,株式会社
株式会社テックチャンス,広島県広島市東区若草町１０番１４号,2017-03-07,株式会社
株式会社テトリア,沖縄県那覇市牧志３丁目９番５号,2017-03-07,株式会社
株式会社テネイシャス,千葉県千葉市美浜区打瀬１丁目１１番地１,2017-03-07,株式会社
株式会社テンボカネート,東京都墨田区本所１丁目１番８号五十嵐ビル２階,2017-03-07,株式会社
株式会社デック,大阪府大阪市西区新町１丁目１４番２号新町中央ビル４Ｆ,2017-03-07,株式会社
株式会社デンタルスペース・ティーサイト,福岡県鞍手郡鞍手町大字中山２２６１番地２,2017-03-07,株式会社
株式会社トモエイ,埼玉県戸田市下前２丁目６番４号デュアル秀栄２０１号室,2017-03-07,株式会社
株式会社トラ,広島県広島市中区竹屋町４番１２－３０１号,2017-03-07,株式会社
株式会社トラストオート,群馬県伊勢崎市田部井町２丁目６６９番地８,2017-03-07,株式会社
株式会社トランストライＴＣ．,沖縄県沖縄市美里１丁目５番５９号,2017-03-07,株式会社
株式会社トランスファイブ,東京都台東区根岸１丁目６番３号須川ハイツ２０５,2017-03-07,株式会社
株式会社ドゥーマリ,神奈川県相模原市中央区田名７１９４番地３,2017-03-07,株式会社
株式会社ドットコム,静岡県浜松市東区半田町６３７番地,2017-03-07,株式会社
株式会社ナカトウ,青森県八戸市大字田向字向平１２番地１,2017-03-07,株式会社
株式会社ナーシングトラスト,大阪府豊中市宝山町１７番１号,2017-03-07,株式会社
株式会社ニコニコ堂,東京都豊島区南池袋２丁目４９番７号,2017-03-07,株式会社
株式会社ニューインダストリー,香川県小豆郡土庄町淵崎甲２２１０番地,2017-03-07,株式会社
株式会社ネオ・ワークス,宮城県仙台市青葉区錦町１丁目４番５－２０５号,2017-03-07,株式会社
株式会社ネクストデータ,千葉県松戸市竹ケ花西町３１０番地の４７,2017-03-07,株式会社
株式会社ネクストプラン,東京都新宿区高田馬場１丁目６番１６号,2017-03-07,株式会社
株式会社ネクスト・フィールド,神奈川県横浜市瀬谷区橋戸２丁目３６番地２２,2017-03-07,株式会社
株式会社ハイファイブ,東京都西東京市芝久保町１丁目７番６号,2017-03-07,株式会社
株式会社ハイフライフロー,東京都八王子市子安町３丁目１７番６－２０３号,2017-03-07,株式会社
株式会社ハピライト,熊本県合志市幾久富１９０９番地２７,2017-03-07,株式会社
株式会社バディーズ,奈良県奈良市富雄北２丁目９番７０－２１０号,2017-03-07,株式会社
株式会社バレア,兵庫県神戸市須磨区車字梨川７５０－４,2017-03-07,株式会社
株式会社パシフィカ,栃木県那須塩原市上赤田２３８番地４３７,2017-03-07,株式会社
株式会社ヒノモトシステムズ,大阪府池田市五月丘２丁目３番－１４－６１０号,2017-03-07,株式会社
株式会社ビジネスリンクサービス,東京都墨田区江東橋１丁目１４番４号第２井野ビル３階,2017-03-07,株式会社
株式会社フィナンシャルマネジメント,大阪府大阪市東淀川区東中島１丁目１７番５号,2017-03-07,株式会社
株式会社フェニックスゴルフマネージメント,兵庫県神戸市北区中里町２丁目８番地の５,2017-03-07,株式会社
株式会社フォーサード,神奈川県横浜市西区北軽井沢８番地２－５１３号,2017-03-07,株式会社
株式会社フォース,大阪府摂津市鳥飼和道１丁目７番７号,2017-03-07,株式会社
株式会社フクダ経営法務サービス,東京都中央区銀座１丁目１４番７号銀座吉澤ビル３階,2017-03-07,株式会社
株式会社フジタ,大阪府寝屋川市初町４番１６－２０７号,2017-03-07,株式会社
株式会社フリーランス,福岡県福岡市中央区天神２丁目３番３６号ｉｂｂ　ｆｕｋｕｏｋａ５Ｆ,2017-03-07,株式会社
株式会社フルカワデンキ,東京都八王子市長房町４４６番地５０,2017-03-07,株式会社
株式会社フロンティア,東京都千代田区神田北乗物町１８番地４階,2017-03-07,株式会社
株式会社フードライズ,千葉県船橋市西船１丁目１２番１７号,2017-03-07,株式会社
株式会社ブライトカラーズ,群馬県高崎市下里見町８１２番地３,2017-03-07,株式会社
株式会社ブリシス,岡山県岡山市北区富田４１３番地４プラザビル富田２０１,2017-03-07,株式会社
株式会社ブリティッシュプディング,大阪府大阪市住之江区西住之江２丁目７番９号,2017-03-07,株式会社
株式会社プラスエス,東京都渋谷区渋谷３丁目１８番５号佐藤エステートビル本館２階,2017-03-07,株式会社
株式会社プレミアレンタカー,茨城県土浦市宍塚９９４番地,2017-03-07,株式会社
株式会社プレージョ,東京都品川区東品川１丁目２２番８号,2017-03-07,株式会社
株式会社プロパテクト,千葉県千葉市稲毛区天台５丁目２２番１０号,2017-03-07,株式会社
株式会社ベステイト,東京都足立区東綾瀬１丁目２６番１９号,2017-03-07,株式会社
株式会社ベルボン,千葉県千葉市緑区おゆみ野中央３丁目１５番地４,2017-03-07,株式会社
株式会社ペンデルキャピタルマネジメント,東京都新宿区西新宿６丁目６番３号,2017-03-07,株式会社
株式会社ホットファーム,長野県長野市大岡乙９６４番地,2017-03-07,株式会社
株式会社ホップ,東京都清瀬市松山２丁目２番５号,2017-03-07,株式会社
株式会社ポラリス,福島県いわき市泉もえぎ台２丁目１番１号,2017-03-07,株式会社
株式会社マイケー,兵庫県神戸市北区有野中町３丁目１６番２６号,2017-03-07,株式会社
株式会社マザーシップ,岐阜県岐阜市南殿町１丁目２６番地２,2017-03-07,株式会社
株式会社マノア,東京都港区六本木５丁目１２番７号,2017-03-07,株式会社
株式会社マルコエレクトロニクス,長野県上田市岡５９５番地１,2017-03-07,株式会社
株式会社マルショウ,千葉県松戸市六高台８丁目１９３番地の５０,2017-03-07,株式会社
株式会社マルデン,大阪府吹田市長野東１７番１９号,2017-03-07,株式会社
株式会社マルハチエステート,兵庫県神戸市中央区大日通１丁目２番１８号,2017-03-07,株式会社
株式会社ミヤビエンジ,愛知県犬山市松本町２丁目１９番地,2017-03-07,株式会社
株式会社ムラマツアート,埼玉県越谷市七左町８丁目１０１番地４,2017-03-07,株式会社
株式会社メタシンクス,兵庫県神戸市東灘区向洋町中６丁目９神戸ファッションマート,2017-03-07,株式会社
株式会社メタフィジカ,埼玉県川越市南大塚４丁目５番地１７,2017-03-07,株式会社
株式会社メディカルシーズ,千葉県松戸市東松戸３丁目１番２号,2017-03-07,株式会社
株式会社モテギ内装,群馬県太田市新野町１２９９番地１３,2017-03-07,株式会社
株式会社モノザネ,神奈川県横浜市中区太田町２丁目２６番地,2017-03-07,株式会社
株式会社ヤマイチ,沖縄県名護市城１丁目１５番５号,2017-03-07,株式会社
株式会社ライデック,沖縄県宜野湾市大山６丁目４番３－９０５号レーヴ大山シエル,2017-03-07,株式会社
株式会社ライフイン・グッドハウス,東京都足立区興野１丁目１４番１２号,2017-03-07,株式会社
株式会社ライフテックマネジメントラボ,長野県埴科郡坂城町大字南条４０８８番地１,2017-03-07,株式会社
株式会社ラグトリグ,静岡県掛川市宮脇１丁目４番地の２,2017-03-07,株式会社
株式会社ラックエッジ,東京都八王子市北野台５丁目１番４号,2017-03-07,株式会社
株式会社ランズ,宮崎県都城市山田町中霧島３４９５番地１,2017-03-07,株式会社
株式会社リマティ,香川県高松市福岡町２丁目１６番８号,2017-03-07,株式会社
株式会社リンクテック,千葉県我孫子市東我孫子２丁目３６番６１号,2017-03-07,株式会社
株式会社リンラン,北海道河東郡音更町大通４丁目３番地,2017-03-07,株式会社
株式会社リヴェル,北海道札幌市白石区栄通７丁目１番２３号１０６,2017-03-07,株式会社
株式会社レガーロ,埼玉県越谷市レイクタウン８丁目３番地１－２１２号,2017-03-07,株式会社
株式会社レクシアパートナーズ,大阪府大阪市北区中之島６丁目２番４０号中之島インテス２１階,2017-03-07,株式会社
株式会社レリック琉球,沖縄県那覇市若狭３丁目４２番７号,2017-03-07,株式会社
株式会社ワイエム,愛知県常滑市新開町３丁目６０番地,2017-03-07,株式会社
株式会社ワイエム,東京都荒川区西日暮里２丁目２５番１号ステーションガーデンタワー１階,2017-03-07,株式会社
株式会社ワイズコーポレーション,東京都豊島区東池袋１丁目３４番１号,2017-03-07,株式会社
株式会社ワイズフィールド,東京都中央区湊３丁目１番５号,2017-03-07,株式会社
株式会社ワイズＣＯＮＳＴＲＵＣＴ　ＯＦＦＩＣＥ,大阪府大阪市北区天神橋３丁目５番１０号,2017-03-07,株式会社
株式会社ワズ,埼玉県さいたま市岩槻区東町２丁目８番２－３０１号,2017-03-07,株式会社
株式会社ワントゥハンドレッド,東京都調布市布田６丁目２５番地１,2017-03-07,株式会社
株式会社ワンポインツ,千葉県市川市南行徳４丁目１６番１２号,2017-03-07,株式会社
株式会社一休,埼玉県深谷市上柴町西１丁目３番地１１,2017-03-07,株式会社
株式会社一斉工業,佐賀県唐津市鎮西町名護屋９３６番地１,2017-03-07,株式会社
株式会社七福不動産,愛媛県新居浜市滝の宮町４番５３号,2017-03-07,株式会社
株式会社三石電設,埼玉県川口市鳩ヶ谷緑町２丁目１番地の２２,2017-03-07,株式会社
株式会社三鶴,奈良県香芝市関屋１３１３番地,2017-03-07,株式会社
株式会社下水道・水面栽培研究会,福岡県福岡市中央区西公園２番１３－８０１号,2017-03-07,株式会社
株式会社中央空調サービス,千葉県習志野市秋津５丁目１９番２号,2017-03-07,株式会社
株式会社中山畜産,佐賀県唐津市唐川１３４番地,2017-03-07,株式会社
株式会社中嶋不動産,兵庫県姫路市安田４丁目６３番地ハクロビル,2017-03-07,株式会社
株式会社丸善建設,埼玉県入間郡毛呂山町大字長瀬２１０番地,2017-03-07,株式会社
株式会社丸山産業,埼玉県川越市大字平塚３５１番地１,2017-03-07,株式会社
株式会社久慈設計管財,東京都千代田区西神田２丁目５番２号,2017-03-07,株式会社
株式会社久竜,長野県茅野市宮川１１１０４番地５,2017-03-07,株式会社
株式会社京都Ｓｐａｃｅ　Ｇａｍｍａ,京都府京都市左京区吉田本町３６番地１,2017-03-07,株式会社
株式会社今井木工,愛知県豊田市平戸橋町波岩８６番地９８,2017-03-07,株式会社
株式会社仲原総業,熊本県上益城郡甲佐町大字船津２１４６番地,2017-03-07,株式会社
株式会社住宅マネジメント,埼玉県入間郡三芳町みよし台１１番１７号,2017-03-07,株式会社
株式会社信昭建設,千葉県千葉市花見川区千種町３２９番地６,2017-03-07,株式会社
株式会社優建,福岡県大牟田市下白川町２丁目３１９番地５,2017-03-07,株式会社
株式会社光来組,岐阜県瑞穂市田之上８２９番地１,2017-03-07,株式会社
株式会社八木農場,北海道中川郡池田町字信取７４番地の１,2017-03-07,株式会社
株式会社八田,東京都港区南青山６丁目１番１３－７０２号,2017-03-07,株式会社
株式会社創鉄,北海道札幌市東区北四十二条東１８丁目１番１５－５１９号,2017-03-07,株式会社
株式会社加々美総業,山梨県富士吉田市大明見１丁目２８番８号,2017-03-07,株式会社
株式会社加藤鉄筋,千葉県市原市五所１７２６番地４,2017-03-07,株式会社
株式会社勝栄工業,京都府京都市伏見区深草馬谷町１３番地の９,2017-03-07,株式会社
株式会社千年地所,神奈川県横浜市中区蓬莱町２丁目６番地３,2017-03-07,株式会社
株式会社南日本設備,宮崎県宮崎市大橋３丁目７６番１号エレメント大橋１Ｆ西,2017-03-07,株式会社
株式会社博多食文化会,福岡県福岡市西区大字田尻１５３４番地１,2017-03-07,株式会社
株式会社古今東西社,東京都中央区日本橋蛎殻町１丁目２１番６号,2017-03-07,株式会社
株式会社古賀セミコンテクノロジー,東京都品川区西五反田５丁目２番２３号,2017-03-07,株式会社
株式会社吉垣工業,新潟県糸魚川市南押上１丁目１０番３号,2017-03-07,株式会社
株式会社吉田工業,福島県双葉郡葛尾村大字落合字西ノ内７９番地,2017-03-07,株式会社
株式会社吉秋,滋賀県草津市南山田町１１００番地３５,2017-03-07,株式会社
株式会社和ライフ,福岡県福岡市西区拾六町５丁目１７番１２－３０４号,2017-03-07,株式会社
株式会社和奏ＪＡＰＡＮ,大阪府大阪市西区新町１丁目１４番４３号４Ｆ,2017-03-07,株式会社
株式会社土井工業,愛知県半田市板山町１１丁目６番地の７,2017-03-07,株式会社
株式会社坂上工業,東京都足立区島根１丁目１番４号ライオンズマンション西新井６０４,2017-03-07,株式会社
株式会社基礎鉄筋,大阪府松原市天美南３丁目６番１３号,2017-03-07,株式会社
株式会社増田工業,愛知県あま市花長六反田２番地８,2017-03-07,株式会社
株式会社大原内装,大阪府堺市東区引野町３丁２１番地,2017-03-07,株式会社
株式会社大坪工業,神奈川県綾瀬市上土棚南１丁目８番１１号,2017-03-07,株式会社
株式会社大塚工業,埼玉県越谷市大字弥十郎３５７番地,2017-03-07,株式会社
株式会社大成,兵庫県高砂市米田町米田７８７番地,2017-03-07,株式会社
株式会社大村湾商事,長崎県大村市久原１丁目５７０番地２久原プラザビル３階,2017-03-07,株式会社
株式会社大沢コンクリート工業,埼玉県熊谷市三ヶ尻２０１６番地,2017-03-07,株式会社
株式会社大礁企画,沖縄県那覇市字識名１２５２番地１,2017-03-07,株式会社
株式会社大道古川農園,岩手県盛岡市猪去大道８番地２,2017-03-07,株式会社
株式会社奥山設備,千葉県松戸市古ケ崎２丁目３１５６番地の１９,2017-03-07,株式会社
株式会社奥州屋,福島県西白河郡西郷村大字真船字芝原２４９番地,2017-03-07,株式会社
株式会社宝友不動産,埼玉県さいたま市岩槻区上野１丁目１７番９号,2017-03-07,株式会社
株式会社宮崎物産,愛知県一宮市東加賀野井字江東３番地１,2017-03-07,株式会社
株式会社宮田工業,神奈川県横浜市鶴見区梶山２丁目３２番２号,2017-03-07,株式会社
株式会社富士見重機,埼玉県富士見市上沢１丁目１８番４４号,2017-03-07,株式会社
株式会社小島組,広島県福山市南蔵王町３丁目１１番２８号,2017-03-07,株式会社
株式会社小柳防水工業,岡山県都窪郡早島町前潟２０番地２,2017-03-07,株式会社
株式会社山岡建設,長野県諏訪郡下諏訪町４４２９番地１２４,2017-03-07,株式会社
株式会社山崎仕上工房,神奈川県横浜市青葉区荏子田２丁目１８番地２４,2017-03-07,株式会社
株式会社山崎農園,福井県丹生郡越前町織田第９７号８番地,2017-03-07,株式会社
株式会社山本家,新潟県南魚沼市大崎１５６４番地,2017-03-07,株式会社
株式会社山﨑建装,広島県三次市高杉町１１５０番地２,2017-03-07,株式会社
株式会社岡山ホンムラ,岡山県新見市高尾２２５２番地１,2017-03-07,株式会社
株式会社岩﨑地所,福岡県北九州市小倉南区守恒本町２丁目６番６号,2017-03-07,株式会社
株式会社岸田不動産,兵庫県神戸市中央区北長狭通３丁目１番１４号,2017-03-07,株式会社
株式会社巧成,宮城県多賀城市東田中２丁目４０番３１－１００１号,2017-03-07,株式会社
株式会社平井商店,東京都豊島区南大塚１丁目２３番５号,2017-03-07,株式会社
株式会社平山グローバルサポーター,愛知県豊田市美山町１丁目８４番地５,2017-03-07,株式会社
株式会社平成工芸,兵庫県加古川市平岡町高畑７４８番地の１６,2017-03-07,株式会社
株式会社彩食幸時,千葉県柏市亀甲台町１丁目２３番１１号,2017-03-07,株式会社
株式会社徳星,東京都港区港南２丁目２番８号,2017-03-07,株式会社
株式会社心和美創,北海道札幌市白石区本通３丁目南１－１８－３,2017-03-07,株式会社
株式会社心昇工業,福岡県北九州市八幡西区千代ケ崎１丁目１３番１５号－２０７,2017-03-07,株式会社
株式会社心栄電気,大阪府泉南郡熊取町野田３丁目２２８８番地の４,2017-03-07,株式会社
株式会社心稀工業,岡山県倉敷市北畝１丁目３番３５号,2017-03-07,株式会社
株式会社快適空間,大阪府大阪市旭区中宮１丁目１３番４号,2017-03-07,株式会社
株式会社悠依工業,大阪府大阪市都島区高倉町２丁目１番２号ライオンズヘッドビル５Ｆ,2017-03-07,株式会社
株式会社慎成工業,兵庫県神戸市兵庫区大開通６丁目２番２号,2017-03-07,株式会社
株式会社成兎工務店,京都府京都市南区上鳥羽高畠町５１番地６,2017-03-07,株式会社
株式会社成和堂,沖縄県那覇市松尾１丁目１０番２４号ホークシティー那覇ビル５階,2017-03-07,株式会社
株式会社新橋商事,高知県南国市岡豊町滝本２２４番地１,2017-03-07,株式会社
株式会社新田重機,兵庫県尼崎市南武庫之荘６丁目５番４号,2017-03-07,株式会社
株式会社日光林キノコ園,福島県白河市与惣小屋１３６番地１,2017-03-07,株式会社
株式会社日大,大阪府枚方市東香里３丁目３４番７号,2017-03-07,株式会社
株式会社日本コンサルティングビジネス研究所,東京都千代田区神田神保町２丁目８－２０－６Ｆ,2017-03-07,株式会社
株式会社日本トラスティソリューションズ,埼玉県さいたま市浦和区仲町３丁目１１番１４－５０２号,2017-03-07,株式会社
株式会社服部工業,京都府舞鶴市字野村寺８３１番地,2017-03-07,株式会社
株式会社朝倉精密,東京都立川市西砂町３丁目６７番地の２８,2017-03-07,株式会社
株式会社本間組,茨城県ひたちなか市大字田彦１１１６番地３９,2017-03-07,株式会社
株式会社札幌クラース,北海道札幌市豊平区中の島一条１丁目２番１９号,2017-03-07,株式会社
株式会社東京ビジネスコンサルティング,東京都中央区銀座１丁目１６番１７号銀座大栄ビル５階,2017-03-07,株式会社
株式会社東京ブルポイント,東京都板橋区若木３丁目２６番３号,2017-03-07,株式会社
株式会社東伸ビルド,大阪府大阪市平野区西脇１丁目３番５号,2017-03-07,株式会社
株式会社東信,東京都大田区羽田５丁目２４番５号,2017-03-07,株式会社
株式会社松森屋,東京都中央区日本橋蛎殻町１丁目１８番１号,2017-03-07,株式会社
株式会社松順工業,栃木県宇都宮市東簗瀬１丁目７番地４ピアジオ東簗瀬５０６,2017-03-07,株式会社
株式会社林田塗装,佐賀県唐津市浜玉町渕上４２４番地１,2017-03-07,株式会社
株式会社森,愛媛県今治市北宝来町２丁目２番地の２３,2017-03-07,株式会社
株式会社榛緑舎,群馬県北群馬郡榛東村大字新井２３７４番地１,2017-03-07,株式会社
株式会社横浜庄永,神奈川県横浜市中区桜木町２丁目２港陽ビル４Ｆ,2017-03-07,株式会社
株式会社樹,熊本県熊本市中央区九品寺３丁目１０番２０号北３０５,2017-03-07,株式会社
株式会社歴史地震情報,東京都千代田区神田錦町３丁目１４番９号４階Ｃ号室,2017-03-07,株式会社
株式会社永輝,沖縄県中頭郡北谷町字宮城２番地１４５・２Ｆ,2017-03-07,株式会社
株式会社沖縄フードマシン,沖縄県中頭郡読谷村字都屋４５１番地,2017-03-07,株式会社
株式会社浅海測量事務所,埼玉県入間市豊岡１丁目１５番１８号,2017-03-07,株式会社
株式会社清家ソリューションズ,福岡県北九州市門司区新門司１丁目１４番地６,2017-03-07,株式会社
株式会社清水技研,京都府相楽郡精華町光台８丁目１０番地４,2017-03-07,株式会社
株式会社渡津組,埼玉県さいたま市西区大字指扇１９５８番地７９,2017-03-07,株式会社
株式会社渡辺農園,北海道深川市音江町字豊泉８６番地５７,2017-03-07,株式会社
株式会社湊工業,愛媛県新居浜市清水町１５番１１号,2017-03-07,株式会社
株式会社溝口工業,千葉県君津市中島１１３５番地３,2017-03-07,株式会社
株式会社熊本ガード,熊本県熊本市東区沼山津３丁目３番１０号,2017-03-07,株式会社
株式会社片倉ライフリブ,神奈川県横浜市神奈川区片倉３丁目２９番３０号,2017-03-07,株式会社
株式会社牧野建設,福岡県嘉麻市平１０３３番地８,2017-03-07,株式会社
株式会社特進工業,岡山県倉敷市加須山１３２番地１,2017-03-07,株式会社
株式会社田口工業,佐賀県唐津市二タ子３丁目１０番１５号,2017-03-07,株式会社
株式会社白水社プログレスブレインズ,東京都中央区日本橋茅場町２丁目２番８号,2017-03-07,株式会社
株式会社盛コーポレーション,沖縄県那覇市牧志３丁目１３番４号パレ・ドゥ牧志２０３号,2017-03-07,株式会社
株式会社目吹農園,千葉県野田市目吹１９４０番地,2017-03-07,株式会社
株式会社直江,大阪府大阪市東住吉区公園南矢田２丁目１番１９号,2017-03-07,株式会社
株式会社相賀工業,岡山県玉野市玉原２丁目９番１－１０２号,2017-03-07,株式会社
株式会社真静工業,静岡県御殿場市川島田７３６番地の１５ウィスティリアコート川島田３０１,2017-03-07,株式会社
株式会社稲庭ホールディングス,岩手県二戸市浄法寺町合名沢５番地１,2017-03-07,株式会社
株式会社窪藤,岡山県岡山市北区表町１丁目８番３７号２階,2017-03-07,株式会社
株式会社米倉,大阪府吹田市岸部中１丁目１番７号,2017-03-07,株式会社
株式会社継和,北海道札幌市白石区北郷四条４丁目１６番１２号,2017-03-07,株式会社
株式会社綱川電工,栃木県鹿沼市栄町３丁目１９番地１４,2017-03-07,株式会社
株式会社美ゆき,愛媛県西予市宇和町卯之町３丁目３３９番地,2017-03-07,株式会社
株式会社美秀,愛知県一宮市千秋町佐野字農中８６番地９,2017-03-07,株式会社
株式会社耕優,大阪府松原市田井城１丁目６番２２号４Ｂ,2017-03-07,株式会社
株式会社花たより,東京都目黒区下目黒３丁目６番２－１００４号アクロス目黒,2017-03-07,株式会社
株式会社芽瑠,東京都港区南青山２丁目１５番５号,2017-03-07,株式会社
株式会社葵工業,福島県相馬郡飯舘村佐須字前乗１６１番地の１,2017-03-07,株式会社
株式会社藤工配管,新潟県新潟市東区藤見町２丁目２６番１８号,2017-03-07,株式会社
株式会社藤林工業,青森県青森市大字八ツ役字芦谷１１７番地,2017-03-07,株式会社
株式会社西川工業,佐賀県唐津市栄町２５７４番地１９パシフィック唐津３０７号,2017-03-07,株式会社
株式会社要電工,長野県諏訪市大字豊田２１７２－１１０,2017-03-07,株式会社
株式会社誠光,広島県尾道市新浜２丁目５番２７号,2017-03-07,株式会社
株式会社豊翔堂,東京都渋谷区千駄ヶ谷５丁目２１番８号代々木第１０下田ビル８階,2017-03-07,株式会社
株式会社赤坂ダイヤ,東京都練馬区谷原４丁目７番２９号,2017-03-07,株式会社
株式会社近藤農場,秋田県北秋田市李岱字李岱１９４番地２,2017-03-07,株式会社
株式会社連成,福岡県福岡市中央区春吉３丁目２３番２７号,2017-03-07,株式会社
株式会社遠,山梨県甲府市高畑１丁目２－３４,2017-03-07,株式会社
株式会社遠藤工業,北海道伊達市舟岡町１３５番地１５,2017-03-07,株式会社
株式会社里山森林研究所,石川県輪島市三井町市ノ坂８９番地,2017-03-07,株式会社
株式会社野中建設,千葉県銚子市笠上町７１９６番地の１,2017-03-07,株式会社
株式会社金子工業,埼玉県比企郡吉見町大字大串２１９１番地１,2017-03-07,株式会社
株式会社金宿,東京都多摩市関戸６丁目８番地の１,2017-03-07,株式会社
株式会社銘苅組,愛知県清須市朝日弥生７１番地,2017-03-07,株式会社
株式会社長田牧場,茨城県高萩市大字下君田１６０９番地,2017-03-07,株式会社
株式会社門屋,長野県駒ヶ根市赤穂１０１１０番地８,2017-03-07,株式会社
株式会社関根トラックレンタル,埼玉県越谷市大字増森２０７番地１２,2017-03-07,株式会社
株式会社阿出川廣信事務所,東京都文京区小石川１丁目１６番６－１４０２号,2017-03-07,株式会社
株式会社阿讃琴南,香川県仲多度郡まんのう町勝浦１番地,2017-03-07,株式会社
株式会社青成堂,埼玉県三郷市高州４丁目１７番地３,2017-03-07,株式会社
株式会社飯鉄工業,埼玉県深谷市田中２３０２番地１,2017-03-07,株式会社
株式会社高橋金属,群馬県伊勢崎市田部井町２丁目１３７番地２,2017-03-07,株式会社
株式会社高正,千葉県船橋市夏見３丁目１４番１８号,2017-03-07,株式会社
株式会社鳴門のニシムラ,徳島県鳴門市里浦町里浦字花面５２番地１１,2017-03-07,株式会社
株式会社３１５,千葉県鴨川市江見東真門４番地１－２０５,2017-03-07,株式会社
株式会社５１８,香川県高松市松島町１丁目１３番１０号カントビル４Ｆ,2017-03-07,株式会社
株式会社Ａ＆Ｙ,宮城県仙台市青葉区台原５丁目１３番３－３０４号,2017-03-07,株式会社
株式会社Ａ－Ｃｏｎｓｕｌｔａｎｔ,福岡県北九州市小倉北区浅野１丁目３番７号,2017-03-07,株式会社
株式会社Ａ．Ａ．Ａ,静岡県浜松市南区西島町２４３番地,2017-03-07,株式会社
株式会社Ａ．Ｅ．Ｅ,千葉県船橋市西船４丁目２４番４号平野ビル３Ｆ,2017-03-07,株式会社
株式会社ＡＣ－ＲＥＰＡＩＲ,山梨県上野原市上野原２６４１番地,2017-03-07,株式会社
株式会社ＡＣＥ,大阪府富田林市小金台３丁目９番２８号,2017-03-07,株式会社
株式会社ＡＭＫホールディングス,東京都新宿区新宿３丁目２６番１８号,2017-03-07,株式会社
株式会社ＡＰＲＯ,千葉県船橋市田喜野井１丁目３８番８号,2017-03-07,株式会社
株式会社ＡＲ,千葉県船橋市西習志野１丁目９番３号ルーツ八番館１０１号,2017-03-07,株式会社
株式会社ＡｉｒＴｒｉｐ　Ｅｘｃｈａｎｇｅ,東京都港区愛宕２丁目５番１号,2017-03-07,株式会社
株式会社Ａｌｐｈａ,岡山県倉敷市中島１２６４番地６,2017-03-07,株式会社
株式会社Ａｒｒａｎｇｅ,東京都大田区西六郷４丁目２６番１－５１０号,2017-03-07,株式会社
株式会社Ｂ・Ｐ,東京都中野区東中野１丁目２番７－２０１号,2017-03-07,株式会社
株式会社Ｂ＆Ｂ,大阪府大阪市西区新町１丁目１４番４３号,2017-03-07,株式会社
株式会社Ｂ＆Ｐパートナーズ,広島県神石郡神石高原町井関２７４２番地２５,2017-03-07,株式会社
株式会社Ｂ－ＭＡＸ,大阪府豊中市本町６丁目４番２２－３０２号,2017-03-07,株式会社
株式会社ＢＩＴＥＳ,千葉県山武市成東２７４２番地１５,2017-03-07,株式会社
株式会社ＢＬＯＯＭＰＬＡＣＥ,東京都港区南青山２丁目２番１５号ＷｉｎＡｏｙａｍａビル－ＵＣＦ９階,2017-03-07,株式会社
株式会社ＢＮＳ,岐阜県可児市土田５３９６番地１,2017-03-07,株式会社
株式会社Ｂａｎｃａｓｓｕｒａｎｃｅ,東京都渋谷区恵比寿４丁目２２番７号,2017-03-07,株式会社
株式会社Ｂｒａｔｔｌｅ,愛知県名古屋市名東区社台３丁目７４番地ＭＯＤＵＬＯＲ社台１０３号室,2017-03-07,株式会社
株式会社Ｃｈｕｒｒｏｓ,東京都渋谷区代々木２丁目２番１号,2017-03-07,株式会社
株式会社ＤＩＭＥＮＳＩＯＮ,福島県郡山市新屋敷２丁目９２番地,2017-03-07,株式会社
株式会社ＤｅＧｉＴａＭａ,東京都港区赤坂２丁目２３番１号,2017-03-07,株式会社
株式会社Ｄｅｓｔｉｎｙ,東京都東大和市南街５丁目９５番４号１０２,2017-03-07,株式会社
株式会社Ｅ－Ｆｉｒｓｔ,埼玉県幸手市大字惣新田４１９８番地,2017-03-07,株式会社
株式会社Ｅｃｏｚｚｚｙ,東京都中央区勝どき６丁目３番２－３３２２号,2017-03-07,株式会社
株式会社Ｅｎｄｌｅｓｓ,三重県亀山市関ケ丘５２１番地４９,2017-03-07,株式会社
株式会社ＦＤＭ‐ｓｔｙｌｅ,東京都目黒区大橋１丁目１０－１,2017-03-07,株式会社
株式会社ＦＩＬＴＯＭマーケティング,福岡県福岡市西区野方６丁目１８番４４号,2017-03-07,株式会社
株式会社ＦＵＷＡ,東京都台東区浅草橋３丁目２０番１２号ニュー蔵前ビル１０Ｆ,2017-03-07,株式会社
株式会社ＦａｒＭ,愛媛県東温市田窪１１２７番地２,2017-03-07,株式会社
株式会社Ｆｉｎｄｅｒ,東京都新宿区高田馬場１丁目３２番１０号,2017-03-07,株式会社
株式会社Ｆｏｒｗａｒｄ,東京都八王子市元八王子町３丁目２６６３番地,2017-03-07,株式会社
株式会社Ｇ－ＯＲＩＧＩＮ,福岡県福岡市博多区中洲３丁目５－６,2017-03-07,株式会社
株式会社ＧＭカンパニー,新潟県五泉市中川新１３１０番地１０,2017-03-07,株式会社
株式会社ＧＭＡ,神奈川県鎌倉市大船１８２０番地３０,2017-03-07,株式会社
株式会社ＧＲＡＩＺ,群馬県高崎市飯塚町４８７番地タイガービル１Ｆ,2017-03-07,株式会社
株式会社Ｇｌｏｖｅ,福島県郡山市富田町字権現林１１番地,2017-03-07,株式会社
株式会社Ｇｒｅｅｎ　Ｃｒｅａｔｉｏｎ,埼玉県川口市栄町２丁目７番１５号,2017-03-07,株式会社
株式会社Ｇｒｅｅｎ　Ｓｍｉｌｅ,京都府京都市北区大宮薬師山東町３６番地３,2017-03-07,株式会社
株式会社ＨＫサポート,富山県氷見市上泉２０番地,2017-03-07,株式会社
株式会社ＨＹＭ,群馬県邑楽郡邑楽町大字石打２０４４番地,2017-03-07,株式会社
株式会社Ｈｏｒｉｚｏｎ,東京都豊島区池袋本町２丁目１５番６号,2017-03-07,株式会社
株式会社Ｉ’ｓグループ,兵庫県姫路市広畑区西蒲田８３９番地,2017-03-07,株式会社
株式会社ＩＧＭＳ,東京都千代田区六番町７番地３,2017-03-07,株式会社
株式会社Ｊ‐Ｂｒｉｄｇｅ　Ｍａｔｅｒｉａｌｓ,山口県防府市迫戸町４番１７号,2017-03-07,株式会社
株式会社ＪＡＰＡＮ　ＣＡＰＩＴＡＬ　ＨＯＬＤＩＮＧＳ,東京都港区白金台５丁目１５番５号,2017-03-07,株式会社
株式会社ＪＩＡソリューション,東京都台東区東上野３丁目３９番１０号光和ビル６階,2017-03-07,株式会社
株式会社ＪＫ,千葉県鴨川市江見東真門４番１号１１０１号室,2017-03-07,株式会社
株式会社Ｋ‐ＵＮ　Ｅｎｔｅｒｐｒｉｓｅ,岐阜県大垣市藤江町２丁目１８５番地,2017-03-07,株式会社
株式会社Ｋ’ｓ,大阪府松原市三宅西３丁目３８８番地の２３,2017-03-07,株式会社
株式会社Ｋ’ｓホーム,東京都港区新橋５丁目２３番７号,2017-03-07,株式会社
株式会社Ｋ－ＨＯＵＳＥ　ＲＥＡＬ　ＥＳＴＡＴＥ,福岡県福岡市博多区吉塚４丁目１０番４８号３－Ａ号室,2017-03-07,株式会社
株式会社Ｋ－ＷＯＲＫＳ,香川県仲多度郡まんのう町吉野１６８５番地１,2017-03-07,株式会社
株式会社Ｋ２Ｐｌａｎｎｉｎｇ,東京都江東区枝川３丁目９番１０－９１４号,2017-03-07,株式会社
株式会社ＫＤＫ興産,愛知県名古屋市東区徳川１丁目１８番１４号,2017-03-07,株式会社
株式会社ＫＨＡＩＲ,大阪府大阪市北区堂島２丁目１番３６号クニタビル,2017-03-07,株式会社
株式会社ＫＩＫ,東京都中央区日本橋室町４丁目１番１４号日本橋アサヒビル４階,2017-03-07,株式会社
株式会社ＫＫサービス,岡山県倉敷市徳芳１１１３番地５９,2017-03-07,株式会社
株式会社ＫＭＢプランニング,東京都国立市谷保６９０５番地６,2017-03-07,株式会社
株式会社ＫＲＦ,岡山県倉敷市粒浦６７９番地１８,2017-03-07,株式会社
株式会社ＫＳサンライズ,福岡県遠賀郡水巻町美吉野６番１３号,2017-03-07,株式会社
株式会社ＫＳ警備,埼玉県加須市間口１１７６番地２,2017-03-07,株式会社
株式会社ＫＳＴ,福岡県北九州市小倉北区上富野４丁目３番４号ＫＤＴ本社ビル１階,2017-03-07,株式会社
株式会社ＫＷＩ,兵庫県神戸市兵庫区東出町３丁目４番４号,2017-03-07,株式会社
株式会社ＫｅｙａｋｉＤｅｓｉｇｎＳｔｕｄｉｏ,神奈川県横浜市都筑区荏田南３丁目５番２１号ヴァンベールＣＩ－Ｂ,2017-03-07,株式会社
株式会社ＬＡＮＤＳＣＡＰＥ,福岡県久留米市通町３５０番地２アレイⅢ１００３号,2017-03-07,株式会社
株式会社ＬＥＶＥＬ　Ｕ,東京都中央区日本橋蛎殻町１丁目１２番７号,2017-03-07,株式会社
株式会社ＬＩＦＥ　ＢＥＳＴ,福岡県福岡市中央区今泉１丁目１７番１６－１号プロスペリタ今泉Ⅲ２Ｆ－Ｂ,2017-03-07,株式会社
株式会社ＬＩＶＥ,東京都渋谷区神宮前５丁目１５番４号ＳＥＶＥＮＲＩＳＥ１Ｆ,2017-03-07,株式会社
株式会社ＬＵＸＹＡＲＴ,東京都中央区銀座６丁目６番１号,2017-03-07,株式会社
株式会社Ｌａ　ＣＡＳＡ,大阪府貝塚市近木町２０番６号,2017-03-07,株式会社
株式会社Ｌｉｆｅ,大阪府八尾市南木の本２丁目１２番８２号,2017-03-07,株式会社
株式会社Ｌｉｎｋ,千葉県松戸市新松戸南１丁目３７２番地ラフィーヌ１階,2017-03-07,株式会社
株式会社Ｍ’ｓ　ｃｏｍｐａｎｙ,群馬県太田市東長岡町１２５７番地２８,2017-03-07,株式会社
株式会社Ｍ　ｃｏｎｓｕｌｔａｎｔ,千葉県船橋市印内１丁目１０番１０号ソレーユ西船１０３号,2017-03-07,株式会社
株式会社Ｍ．Ｍ企画,福岡県福岡市南区野間４丁目２番１０－５０８号,2017-03-07,株式会社
株式会社ＭＩＣＨＩＫＯ,東京都千代田区二番町７番地１,2017-03-07,株式会社
株式会社ＭＩＣＯＲＵ,神奈川県横浜市神奈川区二ツ谷町１番地２,2017-03-07,株式会社
株式会社ＭＩＲＡＩＥ,大阪府大阪市北区大淀中２丁目１１番８号,2017-03-07,株式会社
株式会社ＭＩＴＳＵＷＡ,長野県上伊那郡箕輪町大字中箕輪７９０２番地１,2017-03-07,株式会社
株式会社ＭＲＥ,東京都中央区銀座８丁目８番１５号青柳ビル７階,2017-03-07,株式会社
株式会社ＭＳメタルエンジニアリング,千葉県市川市福栄２丁目２１番８号,2017-03-07,株式会社
株式会社ＭＳＳ,北海道札幌市南区澄川三条２丁目４番５号サンセリテ澄川３階,2017-03-07,株式会社
株式会社Ｍａｋｉｃｏｍ．Ｃ,東京都国立市西１丁目２番地の５,2017-03-07,株式会社
株式会社Ｍｅｎ　Ｗｉｔｈ　ｔｈｅ　Ｍｉｓｓｉｏｎ,福島県二本松市中里６７番地１,2017-03-07,株式会社
株式会社Ｍｉｒｕｌｅ,福岡県北九州市小倉北区大手町１０番５－１３０６号,2017-03-07,株式会社
株式会社ＮＡＨＯＫＯ,東京都千代田区平河町２丁目７番１０号,2017-03-07,株式会社
株式会社ＮＡＨＴ内装,埼玉県さいたま市南区白幡１丁目６番１２－１０２号,2017-03-07,株式会社
株式会社ＮＡＫ建築事務所,兵庫県神戸市中央区磯辺通３丁目２番４－１０１号,2017-03-07,株式会社
株式会社ＮＥＸＴＳＩＮＧＬＥＴ,茨城県ひたちなか市新光町３８番地,2017-03-07,株式会社
株式会社ＮＳＳ,東京都町田市金井町２６１２番１５４,2017-03-07,株式会社
株式会社ＮＵＭＡ,熊本県阿蘇郡高森町大字高森１５３７番地６,2017-03-07,株式会社
株式会社Ｎｅｅｃｅ,東京都大田区萩中１丁目７番２０号,2017-03-07,株式会社
株式会社Ｎｅｘｔ　Ｃｉｔｙ,愛媛県松山市土居田町５５２番地１セジュールＭＧ１－２０３号,2017-03-07,株式会社
株式会社Ｎｉｔｒｏｕｓ,神奈川県座間市東原２丁目１３番２１号,2017-03-07,株式会社
株式会社Ｏ・Ｍ・Ｓ,東京都江東区牡丹３丁目１５番１号,2017-03-07,株式会社
株式会社ＯＣＥＡＮ　ＧＡＴＥ,東京都品川区西五反田３丁目１６番１号ベルファース目黒１３０１,2017-03-07,株式会社
株式会社ＯＮＥ　ＴＲＵＳＴ,岡山県岡山市北区大供２丁目７番４号,2017-03-07,株式会社
株式会社Ｏｌｉｖｅ　Ｂｕｓｉｎｅｓｓ,香川県高松市伏石町２１３７番地２４ドミール伏石Ａ１０５号,2017-03-07,株式会社
株式会社Ｏｐｅｒａｔｉｏｎｓ,兵庫県三田市鈴鹿１４９番地,2017-03-07,株式会社
株式会社ＰＡＮ,東京都千代田区神田佐久間町２丁目１,2017-03-07,株式会社
株式会社ＰＲＦ,千葉県千葉市中央区生実町２０３５番地７,2017-03-07,株式会社
株式会社ＰＲＩＶＡＴＥ　ＴＲＡＩＮＥＲＳ　ＪＡＰＡＮ,東京都渋谷区本町４丁目１５番７号,2017-03-07,株式会社
株式会社Ｐｅａｃｅ,岡山県倉敷市連島中央２丁目３番２２号,2017-03-07,株式会社
株式会社ＲＥＭＡＴＡＲ,東京都千代田区平河町１丁目３番６号ＢＩＺＭＡＲＫＳ麹町,2017-03-07,株式会社
株式会社ＲＩＳＥ　ＳＹＳＴＥＭ,愛知県日進市岩崎台１丁目１０１番地,2017-03-07,株式会社
株式会社ＲＪＣ,大阪府大阪市中央区島之内１丁目４番３０号大宝寺ビル１階,2017-03-07,株式会社
株式会社Ｒｅ’ｃｏｌｏｒ,山口県周南市大字徳山１００７番地の１５１,2017-03-07,株式会社
株式会社ＲｕｍｉｒｅＡｕｔｏ,長崎県雲仙市吾妻町牛口名６４２番地３,2017-03-07,株式会社
株式会社ＳＡＩＫＹＯ,茨城県水戸市平須町１８２２番地の２８５,2017-03-07,株式会社
株式会社ＳＡＫＵＲＡ　ＪＡＰＡＮ,千葉県柏市高田１０９０番地１５,2017-03-07,株式会社
株式会社ＳＡＴＣ,東京都杉並区下井草５丁目２３番４号,2017-03-07,株式会社
株式会社ＳＥＡＭ,東京都新宿区大京町２６番地１,2017-03-07,株式会社
株式会社ＳＨＩＮＭＩ,埼玉県三郷市彦江１丁目２６７番地,2017-03-07,株式会社
株式会社ＳＫヒルズメディカル,埼玉県さいたま市北区宮原町１丁目１８５番地１（３０９号）,2017-03-07,株式会社
株式会社ＳＫＰ,東京都足立区青井２丁目１２番１２号青井ハイツ１０１,2017-03-07,株式会社
株式会社ＳＫＹ　ＭＡＮＡＧＥＭＥＮＴ,東京都新宿区南元町１２番地２２,2017-03-07,株式会社
株式会社ＳＯＵＬ　ＦＯＯＤ　ＷＯＲＫＳ,東京都豊島区南長崎５丁目２９番２号島田ビルＢ１Ｆ,2017-03-07,株式会社
株式会社ＳＰ－Ｍ,長野県安曇野市明科七貴５９３５番地９４,2017-03-07,株式会社
株式会社ＳＴ広告社,東京都練馬区北町７丁目９番６号,2017-03-07,株式会社
株式会社Ｓｅａｓｉｄｅ　Ｃｏｎｓｕｌｔｉｎｇ,神奈川県厚木市泉町８番８号,2017-03-07,株式会社
株式会社Ｓｉｎ　Ｔａｍａｇａｋｉ　ＥＮ,兵庫県高砂市時光寺町９番１－２０３号ニッセイマンション,2017-03-07,株式会社
株式会社Ｓｋｙ　Ｂｒｉｄｇｅ,茨城県常総市水海道宝町２８６１番地４,2017-03-07,株式会社
株式会社Ｓｋｙエンタープライズ・ジャパン,埼玉県さいたま市大宮区土手町１丁目２番地ＪＡ共済埼玉ビル２階,2017-03-07,株式会社
株式会社Ｓｌｏｗ　Ｌｉｆｅ　Ｊａｐａｎ,福岡県糸島市志摩桜井４４２７番地４２,2017-03-07,株式会社
株式会社Ｓｔｙｌｉｓｈ　Ｃａｒｅｅｒ,静岡県富士市横割３丁目１番１５号２階,2017-03-07,株式会社
株式会社Ｓｕｎｒｉｓｅ,神奈川県川崎市川崎区駅前本町２－１１都ビル３階,2017-03-07,株式会社
株式会社Ｔ・プロジェクト,北海道滝川市江部乙町４０３１番地６,2017-03-07,株式会社
株式会社ＴＭＹ,愛知県豊川市長沢町向谷１３０番地１,2017-03-07,株式会社
株式会社ＴＯＭＯｔｈ,埼玉県川口市安行出羽５丁目７番１５号ヨーロピアンシャレーリバティＡ,2017-03-07,株式会社
株式会社ＴＯＯＬｓＢＯＸ,群馬県沼田市久屋原町５８番地１,2017-03-07,株式会社
株式会社ＴｉｅｓｏｆＢｌｕｅ,兵庫県姫路市青山５丁目１０番１号,2017-03-07,株式会社
株式会社ＴｏｐＧｒｅｅｎ,兵庫県西宮市南越木岩町１５番１号,2017-03-07,株式会社
株式会社Ｔｒｉ－Ｗａｖｅ,長崎県対馬市厳原町宮谷８７番地４,2017-03-07,株式会社
株式会社Ｔｒｕｓｔ,神奈川県横浜市戸塚区原宿４丁目５７番２－２０２号,2017-03-07,株式会社
株式会社Ｔｒｕｓｔ　Ｇｒｏｕｐ,沖縄県沖縄市上地４丁目２番１２号,2017-03-07,株式会社
株式会社Ｕ．ｃｏｍｐａｎｙ,東京都品川区北品川１丁目９番７号トップルーム品川１０１５,2017-03-07,株式会社
株式会社ＵＴ,愛知県刈谷市東刈谷町１丁目１１番地１０,2017-03-07,株式会社
株式会社ＶＩＣＴＯＲＹ　ＳＰＯＲＴＳ,東京都港区赤坂３丁目２１番５号三銀ビル５０１,2017-03-07,株式会社
株式会社ＶＯＴＥ　ＦＯＲ,東京都港区赤坂２丁目９番１１号,2017-03-07,株式会社
株式会社Ｗ－ｊｏｉｎｔｌｙ,東京都台東区元浅草１丁目２１番５号レジディア新御徒町４０３号,2017-03-07,株式会社
株式会社Ｗ．Ｋガラス,千葉県船橋市藤原７丁目１３番３３号,2017-03-07,株式会社
株式会社ＷＡＬＬＧＡＴＥ,東京都西東京市新町５丁目７番２０号,2017-03-07,株式会社
株式会社ＷＩＮＧＳ,愛知県海部郡蟹江町大字今字下六反田３番地２,2017-03-07,株式会社
株式会社ＷａＶｅ,福島県郡山市赤木町１７番１６号,2017-03-07,株式会社
株式会社ＷｅｂｚｅｎＪａｐａｎ,東京都墨田区両国４丁目８番１０号ＭＹＳビル２階,2017-03-07,株式会社
株式会社Ｗｅｌｆａｒｅ　Ｊａｐａｎ,福岡県筑後市大字蔵数５００番地５９,2017-03-07,株式会社
株式会社Ｗｈｅｒｅａｂｏｕｔｓ,千葉県柏市柏２丁目９番９号ＡＫ．ＢＬＤ．ⅩⅧ２Ｆ,2017-03-07,株式会社
株式会社Ｗｉｎｇ＆Ｊｅｗｅｌ　Ｉｎｔｅｒｎａｔｉｏｎａｌ　Ｔｒａｄｉｎｇ,東京都立川市錦町１丁目４番２０号,2017-03-07,株式会社
株式会社Ｙ’ｓ　ＮＥＸＴ,愛知県北名古屋市西之保三町地１番地,2017-03-07,株式会社
株式会社Ｙ’ｓトレーディング,千葉県千葉市美浜区打瀬１丁目５番地パティオス７番街５０１号,2017-03-07,株式会社
株式会社Ｙ・Ｓグループ,埼玉県北足立郡伊奈町西小針６丁目４６番地６,2017-03-07,株式会社
株式会社Ｙ＆Ｍ,東京都中央区日本橋小網町１３番２－５０１号,2017-03-07,株式会社
株式会社ＹＢＢ,大分県大分市萩原３丁目２１番２３号,2017-03-07,株式会社
株式会社ＹＥ　ｔｅｃ．,神奈川県藤沢市本鵠沼５丁目３番６号,2017-03-07,株式会社
株式会社ＹＴＫ,香川県仲多度郡多度津町大字東白方２７５番地７,2017-03-07,株式会社
株式会社ＹＵＩＴＥＣ,広島県広島市東区馬木６丁目１７１４－１,2017-03-07,株式会社
株式会社ＺＥＲＯ,愛知県名古屋市中区大須３丁目３１番１８号,2017-03-07,株式会社
株式会社ａｍｉｌｌｙ,東京都目黒区鷹番２丁目８番２１号,2017-03-07,株式会社
株式会社ｂｒａｉｎｙ,東京都千代田区四番町６番,2017-03-07,株式会社
株式会社ｃｏｌｏｒｅｖｏ,神奈川県相模原市緑区牧野５２０３番地,2017-03-07,株式会社
株式会社ｄｅｕｘ　ｍａｓａ,大阪府吹田市古江台５丁目３番１４－４０８号,2017-03-07,株式会社
株式会社ｅｎｎ・コネクト,東京都品川区西五反田３丁目１３番２１－５０８号,2017-03-07,株式会社
株式会社ｆｕｅｌ,大阪府大阪市都島区都島中通３丁目１７番３号,2017-03-07,株式会社
株式会社ｇｏｒｏｇｏｒｏ,東京都足立区大谷田３丁目３番３－４０６号,2017-03-07,株式会社
株式会社ｇｒｏｗ　ｐｅｔａｌ,広島県広島市中区富士見町１６番１１号,2017-03-07,株式会社
株式会社ｉｍａｍｏ,福岡県北九州市小倉北区船場町２番６号Ｎｏ６３オリエントキャピタルタワー２０２,2017-03-07,株式会社
株式会社ｌｕｖｒａｂ,岡山県岡山市北区表町２丁目１番３５号,2017-03-07,株式会社
株式会社ｍａｃｃｏｓ,東京都北区赤羽２丁目２４番７号,2017-03-07,株式会社
株式会社ｍｏ．ｓｔ企画設計室,沖縄県島尻郡八重瀬町字宜次６５３番地１７,2017-03-07,株式会社
株式会社ｓｈａｎｋｒｙ,東京都調布市菊野台３丁目５３番地１５６,2017-03-07,株式会社
株式会社ｔｅｔｏ．ｔｅ,愛知県名古屋市中区丸の内１丁目１１番２８号,2017-03-07,株式会社
株式会社ｔｓｕｍｕｇｕ,神奈川県鎌倉市御成町５番３３号,2017-03-07,株式会社
株式会社ｕｎ　ａｍｉｗ,岩手県北上市本通り１丁目６番１６号,2017-03-07,株式会社
株式会社ｙｋ,東京都港区虎ノ門３丁目２３番５－１２０３号,2017-03-07,株式会社
桜友印刷株式会社,東京都大田区大森西４丁目６番１３号,2017-03-07,株式会社
構造工学みき株式会社,兵庫県三木市府内町６番３８号,2017-03-07,株式会社
永峯工業株式会社,鹿児島県南九州市知覧町瀬世３３４１番地,2017-03-07,株式会社
沖縄県立那覇工業高等学校ＰＴＡ,沖縄県浦添市勢理客４丁目２２番１号,2017-03-07,その他
河野建産株式会社,福島県本宮市関下字石綱１１３番地１,2017-03-07,株式会社
浜辺工業株式会社,熊本県荒尾市宮内６３２番地３,2017-03-07,株式会社
特定非営利活動法人おいしい空気とおいしいごはん,東京都小金井市東町３丁目５番２９号（１５）,2017-03-07,その他の設立登記法人
特定非営利活動法人くるみクラブ,東京都中央区日本橋茅場町３丁目３番１０号,2017-03-07,その他の設立登記法人
特定非営利活動法人スターライトダンスジャパン,東京都目黒区上目黒１丁目５番１０号中目黒マンション３０２号室,2017-03-07,その他の設立登記法人
特定非営利活動法人ユーヴィレッジスポーツクラブ,香川県綾歌郡宇多津町平山２６２８番地７１６,2017-03-07,その他の設立登記法人
特定非営利活動法人元気な田舎ねｅと,高知県宿毛市坂ノ下１１９番地１,2017-03-07,その他の設立登記法人
特定非営利活動法人木と風の香り,北海道苫小牧市音羽町１丁目５番１５号,2017-03-07,その他の設立登記法人
特定非営利活動法人泉の郷の会,千葉県山武郡横芝光町宮川２５０１番地１０,2017-03-07,その他の設立登記法人
特定非営利活動法人赤ちゃん抱っこ・こども食堂ふれあいコミュニティー大阪,大阪府大阪市中央区本町１丁目４番５号大阪産業創造館１４階起業支援スペース「立志庵」内,2017-03-07,その他の設立登記法人
特定非営利活動法人陽だまりの家,北海道恵庭市相生町１番地８ピースオブマインド恵庭６０５号,2017-03-07,その他の設立登記法人
琉球ガス株式会社,沖縄県宜野湾市上原１丁目２５番１１号,2017-03-07,株式会社
産業保健マネジメントサポート株式会社,大阪府大阪市浪速区難波中２丁目１０番７０号なんばパークスタワー１９階,2017-03-07,株式会社
田園住宅株式会社,神奈川県横浜市鶴見区尻手３丁目７番７－６０１号,2017-03-07,株式会社
田町なぎさ株式会社,東京都港区芝５丁目２９番２２号ライオンズマンションフェリス三田４１０号株式会社和平堂内,2017-03-07,株式会社
白川株式会社,静岡県浜松市中区船越町２４番９号,2017-03-07,株式会社
矢仲水産株式会社,千葉県山武郡九十九里町細屋敷６６３番地１６,2017-03-07,株式会社
社会保険労務士法人ピーエムサポート,静岡県富士市御幸町３番１６号サンフラワービル２－Ａ,2017-03-07,その他の設立登記法人
社会保険労務士法人九州人事労務オフィス,佐賀県鳥栖市秋葉町３丁目１８番地６ＨスクエアＢＬＤ３－Ａ,2017-03-07,その他の設立登記法人
神奈川県生涯現役促進協議会,神奈川県横浜市中区日本大通１神奈川県庁雇用対策課内,2017-03-07,その他
神宮前６合同会社,東京都千代田区内神田２丁目２番６号５階あすな会計事務所内,2017-03-07,合同会社
神戸エスエイチ株式会社,兵庫県神戸市東灘区本山南町７丁目８番３０－６０５号,2017-03-07,株式会社
秋山農業株式会社,福岡県久留米市北野町稲数３６６番地,2017-03-07,株式会社
秋田グリーンアスコン株式会社,秋田県仙北郡美郷町六郷字古館９２番地１,2017-03-07,株式会社
積和ＲＥＴ株式会社,東京都渋谷区代々木２丁目１番１号,2017-03-07,株式会社
立川モールド工業株式会社,東京都立川市上砂町５丁目８５番地７,2017-03-07,株式会社
管財サービス株式会社,大阪府富田林市大字甘南備８６１番地,2017-03-07,株式会社
花夢想企画株式会社,香川県観音寺市港町１丁目１番４号,2017-03-07,株式会社
荃棣株式会社,京都府京都市中京区高倉通竹屋町上る坂本町６８６番地２－３階東,2017-03-07,株式会社
菜果合同会社,埼玉県さいたま市緑区東大門３丁目１９番地６－３０４,2017-03-07,合同会社
藤本建設株式会社,京都府京田辺市大住丸山３３番地３、２０６号,2017-03-07,株式会社
西澤運輸株式会社,埼玉県川口市赤井３丁目１３番１８号,2017-03-07,株式会社
豊日株式会社,東京都多摩市山王下１丁目１４番地の８,2017-03-07,株式会社
豊田喜多町開発株式会社,愛知県豊田市喜多町２丁目１７０番地,2017-03-07,株式会社
貴立興産合同会社,大阪府吹田市内本町１丁目５番５号,2017-03-07,合同会社
農事組合法人かわばた,岩手県北上市二子町下川端１０３－１,2017-03-07,その他の設立登記法人
農事組合法人みむら,福岡県柳川市三橋町垂見６番地１,2017-03-07,その他の設立登記法人
農事組合法人わらびおか,高知県四万十市蕨岡甲７２７番地,2017-03-07,その他の設立登記法人
農事組合法人ヒュッテファーム,福島県伊達郡川俣町山木屋字日向６番地１,2017-03-07,その他の設立登記法人
農事組合法人ファーム上志田,宮城県大崎市鹿島台大迫字上志田２０３番地,2017-03-07,その他の設立登記法人
農事組合法人嶋田営農組合,秋田県雄勝郡羽後町嶋田新田字嶋田９番地,2017-03-07,その他の設立登記法人
農事組合法人福西,岐阜県海津市海津町福岡３９５番地１,2017-03-07,その他の設立登記法人
農事組合法人西梅野ファーム,佐賀県武雄市武内町大字梅野乙１２６９９番地,2017-03-07,その他の設立登記法人
農事組合法人金城グリーンファーム,新潟県南魚沼市枝吉２０２番地２,2017-03-07,その他の設立登記法人
農事組合法人ｍｏｗ畜産機械利用組合,沖縄県宮古島市城辺字福里６５６番地１,2017-03-07,その他の設立登記法人
農業法人会津ガーリック株式会社,福島県河沼郡柳津町大字細八字下平乙３０２番地の２,2017-03-07,株式会社
農業生産法人合同会社アグリ池間,沖縄県宮古島市平良字西原６８番地,2017-03-07,合同会社
金島産業株式会社,神奈川県横浜市西区北幸１丁目１１番５号,2017-03-07,株式会社
関東園芸株式会社,群馬県渋川市北橘町下南室４９０番地４,2017-03-07,株式会社
阪神工業株式会社,大阪府岸和田市春木泉町１０番２４号,2017-03-07,株式会社
頼人株式会社,宮崎県都城市高城町穂満坊４３４番地３,2017-03-07,株式会社
颯ＪＡＰＡＮ株式会社,宮崎県東諸県郡国富町大字深年５１６７番地１０４,2017-03-07,株式会社
食戦力すまいる株式会社,東京都品川区戸越４丁目９番２１号,2017-03-07,株式会社
高知県教育カウンセラー協会,高知県南国市十市９３９,2017-03-07,その他
鳴門ＩＲ株式会社,徳島県徳島市昭和町１丁目２９番地の１フィールド・オブ・ウィステリア８０３号室,2017-03-07,株式会社
１合同会社,滋賀県湖南市下田３１６番地２,2017-03-07,合同会社
１９７５株式会社,東京都港区白金台２丁目２７番９グランドメゾン白金台３０８号,2017-03-07,株式会社
２８アイテムズ株式会社,東京都中野区本町３丁目１４番１２号,2017-03-07,株式会社
３Ｈ株式会社,東京都台東区上野５丁目１５番１０号,2017-03-07,株式会社
Ａ　ＧＯＯＤ　ＲＥＨＡ合同会社,千葉県南房総市沓見１０８番地１,2017-03-07,合同会社
ＡＤＤＲｅＣ－ＣＯＮＳＵＬＴＩＮＧ株式会社,東京都新宿区新宿６丁目７－１,2017-03-07,株式会社
ＡＩ加工株式会社,熊本県荒尾市高浜１９０３番地１９,2017-03-07,株式会社
ＢＤコンサルティング合同会社,東京都千代田区神田小川町１丁目８番地３小川町北ビル,2017-03-07,合同会社
ＢＬＫ株式会社,神奈川県横浜市港北区新吉田東８丁目３７番１号,2017-03-07,株式会社
ＢＵＮＴＡＴＳＵ合同会社,大阪府大阪市西区京町堀１丁目１３番２３号,2017-03-07,合同会社
Ｂｕｓｈｉｄｏ株式会社,東京都港区新橋４丁目２０番１号,2017-03-07,株式会社
ＤＧ御成門ホールディング一般社団法人,東京都千代田区内神田２丁目２番６号５階あすな会計事務所内,2017-03-07,その他の設立登記法人
ＤＩキャピタル合同会社,兵庫県神戸市中央区明石町１８番地,2017-03-07,合同会社
Ｄｅｓｉｇｎｗｏｒｋｓ－Ｇｒａｖｉｔｙ株式会社,大阪府大阪市北区大淀中２丁目１番１号,2017-03-07,株式会社
ＥＳＴＡＴＥ　ＯＮＥ株式会社,大阪府八尾市久宝寺３丁目１５番５７号,2017-03-07,株式会社
Ｅａｓｔ株式会社,東京都中央区日本橋浜町３丁目１０番地４号,2017-03-07,株式会社
ＦＡＳＴｘ株式会社,東京都千代田区六番町１３番４号,2017-03-07,株式会社
ＦＲＩＡＳ＆ＩＴＯＫＯ合同会社,栃木県那須塩原市関谷１６８８番地１４０,2017-03-07,合同会社
Ｆｓｂｂ合同会社,東京都板橋区仲町１９番５号,2017-03-07,合同会社
Ｆｕｎ　Ｔｒａｉｌｓ合同会社,埼玉県入間郡三芳町大字藤久保８２６－１９シャトータカハシ１０１,2017-03-07,合同会社
Ｇ－Ｏｐｅｒａｔｉｏｎ株式会社,大阪府堺市西区上野芝向ヶ丘町５丁２２番３号,2017-03-07,株式会社
Ｈ＆Ｍ　Ｐｒｉｍｅ合同会社,兵庫県神戸市中央区葺合町字蟬山１番地の７熊内台セントポリア１００７号,2017-03-07,合同会社
ＨａｋｋａｉＸ株式会社,新潟県南魚沼市浦佐３５８６番地１５,2017-03-07,株式会社
ＩＴＧ協同組合,香川県丸亀市飯山町下法軍寺８６７番地３,2017-03-07,その他の設立登記法人
Ｊ・Ｍ・Ｄｅｓｉｇｎ株式会社,静岡県磐田市見付１６６３番地１８,2017-03-07,株式会社
Ｋアセットプランニング株式会社,兵庫県西宮市柳本町４番２５号オーリジエール１０５号,2017-03-07,株式会社
Ｋ・Ｔ・Ｓ合同会社,大阪府大阪市福島区福島３丁目１番６５－１５０１号,2017-03-07,合同会社
Ｋ＆Ｋプラス合同会社,福岡県福岡市博多区中洲３丁目７番１３号ＳＡＭ’ＳＢＬＤ４ビル２Ｆ,2017-03-07,合同会社
ＫＳＡ株式会社,千葉県柏市高田字西前田５５４番地２,2017-03-07,株式会社
Ｋｏｓｈｉｏ＆Ｃｏ．株式会社,愛知県名古屋市守山区元郷１丁目２０７番地,2017-03-07,株式会社
Ｋｕｍａ　Ｈａｃｈｉｍｉｔｓｕ合同会社,長野県上水内郡飯綱町大字川上２７５５番地２０４５,2017-03-07,合同会社
Ｌｅｓ　Ｃｏｎｐａｉｎｓ株式会社,東京都調布市若葉町２丁目２７番地２２,2017-03-07,株式会社
Ｍ＆Ｎコンサルティング株式会社,埼玉県さいたま市中央区下落合５丁目１０番５号,2017-03-07,株式会社
ＭＫワーカーズ合同会社,千葉県柏市つくしが丘１丁目１３番２１号,2017-03-07,合同会社
Ｍａｍａ’ｓ　ｂｏｄｙ株式会社,東京都品川区西五反田３丁目９番１２号,2017-03-07,株式会社
ＮＡＩＧＡＩ株式会社,埼玉県上尾市五番町３番地３マ・トール上尾ソレイユテラス１０２,2017-03-07,株式会社
ＮＯＢＵＳＩ合同会社,神奈川県逗子市桜山３丁目１５番２号,2017-03-07,合同会社
ＯＧＵＭＡ　ＩＮＣ．株式会社,埼玉県深谷市本郷１５２３番地２,2017-03-07,株式会社
Ｏｖｅｒ　Ｐｏｗｅｒｅｄ合同会社,宮城県仙台市太白区中田町字前沖２３５－５,2017-03-07,合同会社
Ｒ８Ｙ合同会社,千葉県松戸市殿平賀２１２番地４１－２０２号,2017-03-07,合同会社
ＲＥＭＩＸ株式会社,神奈川県横浜市港北区師岡町７００番地,2017-03-07,株式会社
ＲＭＣ合同会社,愛知県名古屋市北区如意２丁目２９番地,2017-03-07,合同会社
Ｒｅｂｏｏｔ株式会社,北海道札幌市白石区北郷六条４丁目８番１８－４０７号,2017-03-07,株式会社
ＲｅｖｅＦｏｒｄ　Ａｇｅｎｃｙ株式会社,千葉県習志野市大久保１丁目１４番１０－２０２号,2017-03-07,株式会社
Ｒｉｅ　Ｔ　Ａｃａｄｅｍｙ株式会社,東京都港区南青山７丁目１番３１－３０１号,2017-03-07,株式会社
Ｓ・Ｈ商事株式会社,北海道樺戸郡新十津川町字中央６番地５８,2017-03-07,株式会社
Ｓ．Ｔ．ＡＳＳＥＴ合同会社,東京都千代田区神田錦町３丁目２０番地錦町トラッドスクエア１６０３号,2017-03-07,合同会社
ＳＡＭＰＯ合同会社,東京都墨田区立花４丁目３４番１１号,2017-03-07,合同会社
ＳＯＳＥＮ合同会社,千葉県千葉市花見川区畑町１３１１番地７ウォールナッツＡ－２０１号,2017-03-07,合同会社
ＳＵＮ’Ｓ　ＬＬＣ合同会社,千葉県流山市大字東深井８４６番地の８６,2017-03-07,合同会社
ＴＬＣ株式会社,宮城県仙台市太白区八木山香澄町２５番１０号,2017-03-07,株式会社
ＴＳ群馬株式会社,群馬県高崎市中尾町３番地２,2017-03-07,株式会社
ＴＴＬＥＸ合同会社,東京都千代田区四番町４番地９新東京国際リーガル内,2017-03-07,合同会社
Ｔｗｏ－ｎｏｔｈｉｎｇ合同会社,東京都墨田区太平１丁目１５番１３－７０２号,2017-03-07,合同会社
ＶＥＲＭＡ　ＥＮＴＥＲＰＲＩＳＥＳ合同会社,東京都福生市大字福生８７５番地８共立リライアンス福生駅前１０１号室,2017-03-07,合同会社
Ｗ＆Ｐ合同会社,神奈川県横浜市南区西中町２丁目２８番５,2017-03-07,合同会社
ＷＩＤＥ　ｏｐｅｎ合同会社,沖縄県那覇市長田２丁目９番２２号トケシマンション１－３号室,2017-03-07,合同会社
ＷｅＬｉｎｋｌｅ株式会社,東京都中央区勝どき３丁目１番４号リオフレンテ４０１,2017-03-07,株式会社
Ｙｏｓｈｉｍｉ　Ａｒｔｓ合同会社,大阪府大阪市西区江戸堀１丁目８番２４号,2017-03-07,合同会社
ＺＵＸ株式会社,神奈川県足柄下郡箱根町仙石原字小塚山１２８５番地４１４,2017-03-07,株式会社
ｆｉｌ合同会社,大阪府大阪市住吉区墨江２丁目８－１７,2017-03-07,合同会社
ｉｒｒｉ株式会社,埼玉県秩父郡横瀬町大字芦ケ久保５１番地４,2017-03-07,株式会社
ｍｅｒｃｉ株式会社,福島県郡山市菜根５丁目３番１２号ホワイトヒルズ菜根６０８,2017-03-07,株式会社
ｖｉｓｉｎｏ合同会社,東京都渋谷区恵比寿１丁目１５番３号,2017-03-07,合同会社
ｗｉｓｄｏｍ株式会社,埼玉県さいたま市南区根岸３丁目５番１６号,2017-03-07,株式会社
えびすや興産株式会社,青森県上北郡六ヶ所村大字泊字焼山６５番地３,2017-03-08,株式会社
そうだん株式会社,東京都港区港南１丁目９番３６号ＮＴＴＤＡＴＡ品川ビル１３Ｆ,2017-03-08,株式会社
そよれび合同会社,兵庫県神戸市中央区磯辺通３丁目１－２ＮＬＣ三宮ビル６０３号Ｂ,2017-03-08,合同会社
ふくいあまつ農産業株式会社,福井県鯖江市鳥井町第７号１５番地,2017-03-08,株式会社
ますもと不動産株式会社,兵庫県明石市本町２丁目５番２７号１０１,2017-03-08,株式会社
ゆいまーるコミュニケーション株式会社,山形県米沢市東３丁目３番１３号コーポＫ－Ａ号室,2017-03-08,株式会社
アイージェ株式会社,東京都立川市曙町３丁目２４番８号ストーク立川４０１,2017-03-08,株式会社
アサダ名古屋株式会社,三重県鈴鹿市下箕田４丁目１０番１３号,2017-03-08,株式会社
アスティア合同会社,東京都板橋区南常盤台１丁目１１番６－２０６号,2017-03-08,合同会社
アダムス・ヴィーガンＢ＆Ｂ合同会社,京都府京都市東山区本町３丁目９９番地１Ｐｅｔｉｔ・Ｍａｉｓｏｎ・Ａｌｂａ２０２,2017-03-08,合同会社
アップルメディカルサービス株式会社,鹿児島県鹿児島市平之町８番４０－３０２号,2017-03-08,株式会社
アトリエコスメ株式会社,東京都新宿区西新宿６丁目１０番１号新宿オークシティ日土地西新宿ビル８階,2017-03-08,株式会社
アドバンス・リアルティ株式会社,神奈川県川崎市中原区小杉町１丁目４０３番地小杉ビルディング新館７０５,2017-03-08,株式会社
アドライフジャパン合同会社,東京都品川区北品川１丁目９番７号トップルーム品川１０１５号,2017-03-08,合同会社
アピーリスト合同会社,神奈川県横浜市青葉区すすき野１丁目３番地１リビオあざみ野ブライティアＡ５１０,2017-03-08,合同会社
アミライズ株式会社,東京都中野区上鷺宮１丁目２－４関口ビルＢ１０７号,2017-03-08,株式会社
アラジン・ジャパン株式会社,東京都葛飾区高砂３丁目１３番１３号,2017-03-08,株式会社
アリョシカＩＫＰ合同会社,大阪府枚方市山之上北町３６番３２号,2017-03-08,合同会社
アークライズ株式会社,神奈川県川崎市宮前区有馬２丁目１２番１１－２号,2017-03-08,株式会社
アートリンク株式会社,神奈川県横浜市中区小港町１丁目１番地２ビューコート小港６号棟１００６号室,2017-03-08,株式会社
インテリジェンス株式会社,静岡県浜松市中区元城町２１９番地１７,2017-03-08,株式会社
ウエストフィールド株式会社,石川県河北郡津幡町字浅田丙７１番地３,2017-03-08,株式会社
ウレスタ株式会社,島根県鹿足郡吉賀町六日市４１１番地１４,2017-03-08,株式会社
エクササイズコーチジャパン株式会社,大阪府大阪市中央区南船場４丁目１２番２２号,2017-03-08,株式会社
エムズオート株式会社,茨城県水戸市笠原町４１９番地の６,2017-03-08,株式会社
エンデバー・ユナイテッド・パートナーズ・シックス株式会社,東京都千代田区丸の内２丁目５番１号丸の内二丁目ビル６階,2017-03-08,株式会社
カネトホールディングス株式会社,長野県北佐久郡御代田町大字馬瀬口１７４７番地１,2017-03-08,株式会社
カネ豊小島建設株式会社,新潟県新潟市東区松崎２丁目２５番３６号,2017-03-08,株式会社
ガオトメイ合同会社,東京都江戸川区北小岩６丁目１０－４,2017-03-08,合同会社
ガリレオ合同会社,東京都世田谷区三軒茶屋２丁目１４番１０号,2017-03-08,合同会社
キヨスミ物産株式会社,埼玉県東松山市箭弓町２丁目２番１２号,2017-03-08,株式会社
クライアントファースト株式会社,東京都中野区中央４丁目３１番８号,2017-03-08,株式会社
クリエイション合同会社,東京都東久留米市八幡町２丁目６番４号,2017-03-08,合同会社
クリームチームマーケティング合同会社,東京都渋谷区桜丘町１５－１４フジビル４０、７Ｆ,2017-03-08,合同会社
サウスシーズ株式会社,鹿児島県出水郡長島町川床２６２４番地１１,2017-03-08,株式会社
サンズクリーン株式会社,愛知県碧南市志貴崎町６丁目８番地,2017-03-08,株式会社
サンフィールド株式会社,大阪府東大阪市下小阪１丁目２９番１７号,2017-03-08,株式会社
ザイナスパートナー株式会社,東京都世田谷区用賀４丁目５番１－１００２号,2017-03-08,株式会社
ザ・リアリティーショー・エンタテインメント株式会社,東京都渋谷区渋谷１丁目７－５青山セブンハイツ２Ｆ,2017-03-08,株式会社
シナリーサンワーク株式会社,東京都足立区大谷田３丁目１０番１４号,2017-03-08,株式会社
シノマ株式会社,愛知県名古屋市中区丸の内１丁目２番２８号,2017-03-08,株式会社
ジェメンス株式会社,東京都渋谷区千駄ヶ谷４丁目５番１５号,2017-03-08,株式会社
スカイゾーン株式会社,兵庫県神戸市中央区吾妻通１丁目２番２３－１５０４号,2017-03-08,株式会社
スターホールディングス株式会社,北海道札幌市北区北八条西３丁目３２番地,2017-03-08,株式会社
タブリー株式会社,神奈川県横浜市中区住吉町１丁目２番地よこはま第一法律事務所気付,2017-03-08,株式会社
ツムリエンタテインメント合同会社,東京都目黒区下目黒２丁目２番９号コーポ水野３０２,2017-03-08,合同会社
ティーエルシーアプリコット株式会社,東京都千代田区神田練塀町３番地,2017-03-08,株式会社
ティーエルシーアーモンド株式会社,東京都千代田区神田練塀町３番地,2017-03-08,株式会社
ティーエルシーシトロン株式会社,東京都千代田区神田練塀町３番地,2017-03-08,株式会社
ティーエルシーマンダリン株式会社,東京都千代田区神田練塀町３番地,2017-03-08,株式会社
ティーエルシーラズベリー株式会社,東京都千代田区神田練塀町３番地,2017-03-08,株式会社
トウナン株式会社,東京都中野区上鷺宮１丁目２－４関口ビルＢ１１０号,2017-03-08,株式会社
トリンク株式会社,沖縄県国頭郡本部町字伊豆味２６４１番地２,2017-03-08,株式会社
ドリーム東日本株式会社,宮城県仙台市青葉区立町６番１－３０１号,2017-03-08,株式会社
ナガゼン・クラウチ合同会社,東京都杉並区久我山５丁目７番１０－６０３号,2017-03-08,合同会社
ナビー株式会社,愛知県名古屋市名東区高社１丁目１６番地,2017-03-08,株式会社
ニットウウッドサプライ合同会社,静岡県浜松市中区中央１丁目１８番２０－２３０５号,2017-03-08,合同会社
パシフィック・レジデンシャル・サービス株式会社,東京都港区六本木１丁目６番１号泉ガーデンタワー,2017-03-08,株式会社
パラレルワールドジャパン合同会社,佐賀県三養基郡みやき町大字簑原１６４０－１１,2017-03-08,合同会社
ビームーブ株式会社,東京都杉並区高円寺北２丁目６番４号泉ビル６階,2017-03-08,株式会社
ファーストノート株式会社,東京都目黒区上目黒３丁目１０番３号,2017-03-08,株式会社
フュービルド株式会社,京都府京都市西京区大枝南福西町３丁目５番地９,2017-03-08,株式会社
フロントゲート株式会社,神奈川県中郡大磯町西小磯１６３番地,2017-03-08,株式会社
フード・リクエスト株式会社,北海道北見市東相内町９番地６０,2017-03-08,株式会社
ブラウジャパン合同会社,千葉県松戸市千駄堀８２３番地の１,2017-03-08,合同会社
プレケア株式会社,東京都千代田区神田北乗物町１８,2017-03-08,株式会社
プレミアム・ジャパン・トレーディング株式会社,東京都台東区雷門１丁目１４番７号,2017-03-08,株式会社
プロアクション株式会社,東京都世田谷区南烏山６丁目２６番４号,2017-03-08,株式会社
ベジタリアファーム株式会社,東京都渋谷区桜丘町２６番１号セルリアンタワー１５階,2017-03-08,株式会社
マキ工業株式会社,埼玉県川口市戸塚東２丁目３０番９－２０２号,2017-03-08,株式会社
マーベリックス株式会社,東京都渋谷区恵比寿西２丁目９番８号大澤ビル２Ｆ,2017-03-08,株式会社
ミヤ・ジェネラル・プランニング株式会社,沖縄県那覇市高良２丁目６番地１９ＤＩＹＡＰ００１－６０２号,2017-03-08,株式会社
モリモト建設株式会社,愛知県日進市藤塚４丁目１０４番地,2017-03-08,株式会社
ユリコンサルティング合同会社,東京都三鷹市新川３丁目１７番２号,2017-03-08,合同会社
ライヴエナジー株式会社,北海道札幌市北区新琴似十一条１４丁目７番３号,2017-03-08,株式会社
リオール株式会社,東京都渋谷区神宮前３丁目１番２７号,2017-03-08,株式会社
リリーブ株式会社,三重県四日市市大字馳出１０４７番地４,2017-03-08,株式会社
リージョンコネクション合同会社,東京都葛飾区東新小岩３丁目１１番６号,2017-03-08,合同会社
レアル株式会社,大阪府豊中市緑丘３丁目１４番６号,2017-03-08,株式会社
ワールドクリーンシステム株式会社,千葉県千葉市美浜区打瀬３丁目１３－１－１００６,2017-03-08,株式会社
ヴィレッジモック合同会社,沖縄県糸満市潮崎町３丁目１９番地の５,2017-03-08,合同会社
一福サービス株式会社,大阪府大阪市中央区備後町１丁目４番１６号,2017-03-08,株式会社
一般社団法人いきいきワーク,鹿児島県鹿児島市泉町４番１８号,2017-03-08,その他の設立登記法人
一般社団法人きらめく５Ｓ学校,大阪府東大阪市吉田下島１４番７号,2017-03-08,その他の設立登記法人
一般社団法人ちーむ麻の葉,岩手県陸前高田市米崎町字館２８番地１,2017-03-08,その他の設立登記法人
一般社団法人ふきのとう舫いの会,福岡県筑紫郡那珂川町後野３丁目１番１１号,2017-03-08,その他の設立登記法人
一般社団法人ふじかる,静岡県静岡市葵区七間町１１番地－５,2017-03-08,その他の設立登記法人
一般社団法人ふじ婚活カフェ,静岡県富士市今泉２０３０番地の１,2017-03-08,その他の設立登記法人
一般社団法人やお座,大阪府八尾市南本町８丁目１番２１号,2017-03-08,その他の設立登記法人
一般社団法人エステートみずほ,静岡県浜松市中区葵西２丁目１５番１２号,2017-03-08,その他の設立登記法人
一般社団法人エステートライフ,静岡県浜松市中区葵西２丁目１５番１２号,2017-03-08,その他の設立登記法人
一般社団法人エステート桜,静岡県浜松市東区小池町１３８６番地の２,2017-03-08,その他の設立登記法人
一般社団法人オンワードクオリティセンター,東京都港区海岸３丁目１４番２１号,2017-03-08,その他の設立登記法人
一般社団法人シアトル,東京都港区虎ノ門３丁目２２番１０－２０１号,2017-03-08,その他の設立登記法人
一般社団法人ジャパンフューネラルフラワー協会,神奈川県川崎市川崎区川中島２丁目８番８号,2017-03-08,その他の設立登記法人
一般社団法人ソルフェ音楽専門学院,福岡県福岡市南区塩原３丁目１７番１４号,2017-03-08,その他の設立登記法人
一般社団法人ナチュラル生活機構,新潟県五泉市中川新５６１９番地４,2017-03-08,その他の設立登記法人
一般社団法人ヒューマンヘルスアカデミー,岡山県岡山市東区瀬戸町万富６３５番地３,2017-03-08,その他の設立登記法人
一般社団法人ビジネス・デューデリジェンス協会,東京都千代田区神田司町２丁目１３番地,2017-03-08,その他の設立登記法人
一般社団法人フォンタナ,長崎県佐世保市白岳町１４８－５,2017-03-08,その他の設立登記法人
一般社団法人ユニバーサルデザインいしかわ,石川県金沢市本多町３丁目１１番１号,2017-03-08,その他の設立登記法人
一般社団法人ワイズマネジメント,東京都墨田区文花２丁目９番１４号,2017-03-08,その他の設立登記法人
一般社団法人ワークライフシナジー研究所,熊本県熊本市中央区神水２丁目２番２号アリビル２０２号,2017-03-08,その他の設立登記法人
一般社団法人三浦館保存会,秋田県秋田市金足黒川字黒川１７８番地,2017-03-08,その他の設立登記法人
一般社団法人亜洲医療支援交流協会,岡山県岡山市北区北方２丁目１番２６－１３号,2017-03-08,その他の設立登記法人
一般社団法人国産生ハム普及協会,東京都港区新橋６丁目１６番４号,2017-03-08,その他の設立登記法人
一般社団法人国際営業代行協会,東京都渋谷区渋谷１丁目７番５号,2017-03-08,その他の設立登記法人
一般社団法人在日上海経済文化交流促進会,埼玉県朝霞市朝志ケ丘１丁目５番４０－Ｅ－３０７号,2017-03-08,その他の設立登記法人
一般社団法人宝友会,愛知県名古屋市熱田区花表町３番１４号,2017-03-08,その他の設立登記法人
一般社団法人川崎総合スポーツクラブ,神奈川県川崎市麻生区王禅寺東４丁目１番１１号,2017-03-08,その他の設立登記法人
一般社団法人旗護の郷ネットワーク,福井県敦賀市沓見８２号８番地,2017-03-08,その他の設立登記法人
一般社団法人日本アロママーケティング協会,東京都文京区本駒込６丁目５番３号ビューネ本駒込５Ｆ,2017-03-08,その他の設立登記法人
一般社団法人日本スーパーカー協会,東京都港区白金６丁目１８－１２,2017-03-08,その他の設立登記法人
一般社団法人日本フィンガーフード協会,東京都目黒区目黒本町６丁目８番１号,2017-03-08,その他の設立登記法人
一般社団法人日本国際経済文化促進協会,東京都足立区千住柳町１６番１０号,2017-03-08,その他の設立登記法人
一般社団法人日本武道空手教育攻究会文武錬成館,長野県松本市大字島立１８５７番地,2017-03-08,その他の設立登記法人
一般社団法人日本漢方美容協会,福岡県福岡市中央区大名１丁目１５番７－４０８号,2017-03-08,その他の設立登記法人
一般社団法人日本ＰＣＩＴ研修センター,東京都新宿区余丁町１２番１６号,2017-03-08,その他の設立登記法人
一般社団法人東京中古不動産流通協会,東京都千代田区内神田１丁目１２番３号,2017-03-08,その他の設立登記法人
一般社団法人熊本県まちづくり振興協会,熊本県上益城郡益城町大字馬水４０２－１－２５－２,2017-03-08,その他の設立登記法人
一般社団法人近藤不動産,愛知県名古屋市港区十一屋３丁目２１４番地,2017-03-08,その他の設立登記法人
一般社団法人酒田地区薬剤師会,山形県酒田市船場町２丁目１番３０号,2017-03-08,その他の設立登記法人
一般社団法人関西防災協会,兵庫県西宮市上ケ原八番町１番１号,2017-03-08,その他の設立登記法人
一般社団法人ＡＣベジプラント創生機構,大阪府大阪市中央区北浜１丁目１番１８号,2017-03-08,その他の設立登記法人
一般社団法人Ａｐｐｌｉｅｄ　Ｍｅｄｉｃａｌ＆Ｈｅａｌｔｈ　Ｃａｒｅ,東京都渋谷区本町１丁目２７番９号,2017-03-08,その他の設立登記法人
一般社団法人ＪＥＴＡ日本教育育成協会,宮城県仙台市泉区上谷刈３丁目１２番６号,2017-03-08,その他の設立登記法人
一般社団法人ＳＯＷＨＡＴ,愛知県日進市藤島町長塚２２番地７,2017-03-08,その他の設立登記法人
一般社団法人ＹＯＫＡＮ　Ｃｏｌｌｅｃｔｉｏｎ　ＪＡＰＡＮ,東京都港区東麻布２丁目１５番２号アンゼン・パックスビル,2017-03-08,その他の設立登記法人
一般財団法人伊藤奨学福祉財団,東京都世田谷区東玉川１丁目２０番１０号,2017-03-08,その他の設立登記法人
一般財団法人映画倫理機構,東京都中央区銀座３丁目９番１８号,2017-03-08,その他の設立登記法人
三田ホールディングス株式会社,東京都渋谷区渋谷２丁目１２番６号,2017-03-08,株式会社
二村興産株式会社,愛知県名古屋市中区上前津１丁目５－１１,2017-03-08,株式会社
仲立メディカル株式会社,東京都昭島市宮沢町２丁目２４番９号,2017-03-08,株式会社
伊勢原調剤株式会社,東京都杉並区永福３丁目３４番１４号,2017-03-08,株式会社
伊東建設株式会社,兵庫県加古川市米田町平津１７５番地の１,2017-03-08,株式会社
住康合同会社,東京都江戸川区中葛西２丁目２番２号,2017-03-08,合同会社
俊輝合同会社,愛知県岡崎市羽根北町３丁目４番地２４,2017-03-08,合同会社
個人商店ドットコム株式会社,大阪府大阪市此花区朝日２丁目１８番８号３Ｆ１６３,2017-03-08,株式会社
光進工業株式会社,宮城県多賀城市新田字南関合３６番地の８メゾンリバーサイドＫⅢ１０３,2017-03-08,株式会社
公盛テック株式会社,青森県三沢市大字三沢字淋代平１１６番地３１６２,2017-03-08,株式会社
内田架設株式会社,茨城県鹿嶋市大字荒野２０１８番地６,2017-03-08,株式会社
加藤モータース株式会社,愛知県碧南市権田町１丁目３９番地,2017-03-08,株式会社
加藤工業株式会社,愛知県あま市木田小塚６番地１４,2017-03-08,株式会社
北房まちづくり株式会社,岡山県真庭市下呰部５６６番地,2017-03-08,株式会社
北関東金属加工協同組合,群馬県館林市近藤町６４２番地の２,2017-03-08,その他の設立登記法人
医療法人よこがわ内科クリニック,福岡県福岡市中央区天神５丁目７番７号メディカルシティ天神２Ｆ,2017-03-08,その他の設立登記法人
医療法人太樹会,長崎県長崎市葉山１丁目５番２号浜福ビル２Ｆ・３Ｆ,2017-03-08,その他の設立登記法人
医療法人明翔会,茨城県水戸市元吉田町１０５７番地の１,2017-03-08,その他の設立登記法人
医療法人栄秀会,長崎県佐世保市栄町５番９号サンクル２番館２Ｆ,2017-03-08,その他の設立登記法人
医療法人社団ごんだクリニック,東京都板橋区高島平２丁目３３番地１ピーコックストア高島平店２階,2017-03-08,その他の設立登記法人
医療法人社団さくらデンタルクリニック,東京都杉並区下高井戸２丁目１０番６号桜上水マンション２階,2017-03-08,その他の設立登記法人
医療法人社団佐介会,東京都中野区東中野３丁目１７番１８号１階,2017-03-08,その他の設立登記法人
医療法人社団健助会,東京都中野区弥生町６丁目２番２０号弥生ハイツ１０１,2017-03-08,その他の設立登記法人
医療法人社団健耕会,東京都港区南麻布２丁目１０番１０号マンション麻布三の橋１階,2017-03-08,その他の設立登記法人
医療法人社団山田歯科成瀬クリニック,東京都町田市南成瀬１丁目４番地５－１階,2017-03-08,その他の設立登記法人
医療法人社団悠友会,東京都中野区丸山１丁目５番７号１階,2017-03-08,その他の設立登記法人
医療法人社団敬聴会,東京都目黒区祐天寺２丁目１７番１１号１階,2017-03-08,その他の設立登記法人
医療法人社団桜光明会,北海道札幌市中央区南三条西３丁目８－１エテルノビル８階,2017-03-08,その他の設立登記法人
医療法人社団桜照会,東京都千代田区富士見２丁目１０番２号飯田橋グラン・ブルームサクラテラス３階,2017-03-08,その他の設立登記法人
医療法人社団純慶会,東京都港区南青山１丁目１番１号新青山ビル西館３階３５９区,2017-03-08,その他の設立登記法人
医療法人社団翔鷹会,東京都北区王子５丁目１８番２号ボヌール王子１階,2017-03-08,その他の設立登記法人
医療法人筑越会,茨城県筑西市玉戸字伊房地１２７０番地２０７,2017-03-08,その他の設立登記法人
即時合同会社,東京都足立区千住中居町１９番１０号,2017-03-08,合同会社
厚田ホールディングス株式会社,北海道石狩市厚田区厚田７番地６８,2017-03-08,株式会社
合同会社あんしん管財,新潟県上越市鴨島１丁目８番３号,2017-03-08,合同会社
合同会社しょうけい,東京都目黒区目黒本町６丁目１９番９号,2017-03-08,合同会社
合同会社まんまる,東京都国立市富士見台３丁目２４番７号,2017-03-08,合同会社
合同会社もも,京都府舞鶴市字西吉原１９２番地,2017-03-08,合同会社
合同会社アスールワン,東京都中央区日本橋１丁目４番１号日本橋一丁目ビルディング,2017-03-08,合同会社
合同会社エル,東京都世田谷区岡本３丁目３６番１４－４０７号,2017-03-08,合同会社
合同会社カジポリはままつ,静岡県浜松市中区領家１丁目１１番２１号,2017-03-08,合同会社
合同会社カフルイ,神奈川県横浜市中区花咲町１丁目２２番地ロダンビルＢ１,2017-03-08,合同会社
合同会社クリオ電気,愛知県名古屋市緑区滝ノ水３丁目８０５番地パークタウン滝の水Ａ棟１０２号,2017-03-08,合同会社
合同会社グリーンパワーエナジー,佐賀県佐賀市木原３丁目１４番８号,2017-03-08,合同会社
合同会社コミヤマ,東京都板橋区板橋３丁目１０番８号,2017-03-08,合同会社
合同会社コンソールデザイン,北海道札幌市豊平区中の島一条３丁目６番１５号,2017-03-08,合同会社
合同会社シティライフ,東京都葛飾区東新小岩３丁目１１番６号,2017-03-08,合同会社
合同会社セカンドライフ,北海道旭川市錦町１６丁目２９６５番地５１,2017-03-08,合同会社
合同会社チェリーＨＯＭＥ,東京都江東区亀戸２丁目３２番４号,2017-03-08,合同会社
合同会社トリニティワシントン,東京都港区虎ノ門３丁目２２番１０－２０１号,2017-03-08,合同会社
合同会社ニューワールド,大分県別府市大字北石垣８８７番地の８メゾン中須賀２０５室,2017-03-08,合同会社
合同会社ネオ,和歌山県東牟婁郡那智勝浦町大字市野々２７１０番地９,2017-03-08,合同会社
合同会社ハーヴェスト,宮崎県小林市南西方６４１１番地,2017-03-08,合同会社
合同会社パインズ,東京都葛飾区立石１丁目１５番３号パインズビル,2017-03-08,合同会社
合同会社ベストペイメント,東京都杉並区荻窪１丁目２４－８メイプルハウス１０３,2017-03-08,合同会社
合同会社マックス,大阪府大阪市北区西天満６丁目９番２号,2017-03-08,合同会社
合同会社ミラフローレス,大阪府寝屋川市成田町２４番１５号,2017-03-08,合同会社
合同会社リフル,東京都八王子市犬目町３０２番地５栄ビル２０１号,2017-03-08,合同会社
合同会社ロングホーン,神奈川県横浜市鶴見区豊岡町２７番１１号,2017-03-08,合同会社
合同会社創作ファッション遊,福岡県北九州市小倉北区日明４丁目１番１－７０１号,2017-03-08,合同会社
合同会社十五夜社,福岡県北九州市小倉南区守恒１丁目１７番３－３０３号,2017-03-08,合同会社
合同会社和樂,京都府京都市中京区西ノ京中御門東町６８,2017-03-08,合同会社
合同会社大道,静岡県袋井市浅羽１７８９番地の１,2017-03-08,合同会社
合同会社平和橋コーポレーション,東京都葛飾区奥戸１丁目１番４号,2017-03-08,合同会社
合同会社康安,東京都新宿区西新宿７丁目２０番１－９０８号,2017-03-08,合同会社
合同会社悠々舎,東京都小平市天神町１丁目１０番１５号第３成田ハイム２１号,2017-03-08,合同会社
合同会社戸澤農場,青森県弘前市大字兼平字林元１５番地１,2017-03-08,合同会社
合同会社未来プランニング,東京都港区南青山２丁目２番１５号ＷｉｎＡｏｙａｍａビル－ＵＣＦ９１７,2017-03-08,合同会社
合同会社未来会議舞,新潟県新潟市西区小新西２丁目１１番１４号,2017-03-08,合同会社
合同会社柴田コンサルタント,福島県郡山市神明町５号１号サーパス神明町１２０３号,2017-03-08,合同会社
合同会社熊谷工務店,愛知県常滑市字斧口１０番地の３,2017-03-08,合同会社
合同会社白鳥グローカル・アクション,愛知県岡崎市大西３丁目１０番地１,2017-03-08,合同会社
合同会社神栖パワー,東京都港区六本木７丁目４番４号,2017-03-08,合同会社
合同会社鈴木組,神奈川県横浜市南区南太田４丁目３３番１４－２０１号,2017-03-08,合同会社
合同会社鈴木興業,千葉県松戸市小金原２丁目１３番地の３２,2017-03-08,合同会社
合同会社鐘商,大阪府大阪市東淀川区東中島１丁目１７番５号ステュディオ新大阪１０５１号,2017-03-08,合同会社
合同会社ＡＰ亀井野,東京都港区元赤坂１丁目１番８号赤坂コミュニティビル４階,2017-03-08,合同会社
合同会社Ａｖａｎｃｅｒ,東京都新宿区西新宿８丁目１９番１３号,2017-03-08,合同会社
合同会社Ｂ－ＬＩＦＥ,愛知県名古屋市中村区千成通１丁目１５－１,2017-03-08,合同会社
合同会社ＣＨＩＲＡＮ,鹿児島県南九州市知覧町瀬世５４２７番地,2017-03-08,合同会社
合同会社ＣＴＫ,東京都世田谷区太子堂３丁目３８番１－６１５号,2017-03-08,合同会社
合同会社ＦＣ,新潟県新潟市西区みずき野６丁目２番１３号,2017-03-08,合同会社
合同会社Ｇ１,神奈川県大和市福田１２６３番地６,2017-03-08,合同会社
合同会社Ｇｒａｓｉｓ,東京都中野区本町４丁目３５番９－７０４号,2017-03-08,合同会社
合同会社Ｈａｐｐｐｙ　Ｌｉｆｅ　Ｐｌａｎ,兵庫県宝塚市高司３丁目７番１４号,2017-03-08,合同会社
合同会社ＪＢ４,東京都台東区上野６丁目１番６号御徒町グリーンハイツ１００５号,2017-03-08,合同会社
合同会社ＬＧＢＴ－ＪＡＰＡＮ,東京都渋谷区渋谷３丁目２６番１６号第５叶ビル５Ｆ,2017-03-08,合同会社
合同会社Ｌｉｆｅ　Ｄｒｏｎｅ　Ｊａｐａｎ,神奈川県川崎市川崎区浜町４丁目１６番１６号－２０３,2017-03-08,合同会社
合同会社Ｍ．Ｏ．Ｍ,大阪府大阪市住吉区苅田８丁目１１番３０－６０７号,2017-03-08,合同会社
合同会社Ｍｉｕ　Ｃｏｎｃｅｐｔ　Ｄｅｓｉｇｎ　Ｐｒｏｇｅｔｔｏ,東京都府中市府中町１丁目２５番地の４,2017-03-08,合同会社
合同会社ＯＦＦ　ＴＨＥ　ＲＥＣ．,群馬県伊勢崎市西小保方町３番地２ヴィラ八幡Ｄ１０１,2017-03-08,合同会社
合同会社ＯＩＬ,香川県綾歌郡宇多津町１９６０番地２,2017-03-08,合同会社
合同会社ＰＭＰ,石川県加賀市山代温泉桔梗丘４丁目３番地１,2017-03-08,合同会社
合同会社Ｐｒａｓｈａｎｔ,青森県八戸市吹上１丁目１０番３号１０－３,2017-03-08,合同会社
合同会社ＲＳ企画,東京都世田谷区瀬田４丁目３７番３０号,2017-03-08,合同会社
合同会社ＳＩＭＲＡＮ,東京都福生市北田園２丁目１－９アン福村２ｎｄ３０１号室,2017-03-08,合同会社
合同会社ＳＫＹハウジング,大阪府大阪市北区本庄西２丁目４番３号クラージュ梅田東２０５号室,2017-03-08,合同会社
合同会社ＳＵ　Ｅ　ＧＩＵ,東京都港区西新橋２丁目６番９号,2017-03-08,合同会社
合同会社ＳＵＰＥＲ　ＭＯＯＮ,福岡県北九州市小倉南区中曽根５丁目９番２号,2017-03-08,合同会社
合同会社Ｓｗｅｅｔ　Ｈｏｍｅ,東京都東久留米市本町１丁目１４番２０号ハイム・ワン２０２,2017-03-08,合同会社
合同会社Ｔ－Ｍａｒｋｅｔｉｎｇ,東京都八王子市上柚木２１７番地１,2017-03-08,合同会社
合同会社ＴＨＩＲＴＹ　ＴＨＲＥＥ　ＲＥＣＯＲＤ,千葉県浦安市鉄鋼通り１丁目７番３,2017-03-08,合同会社
合同会社Ｕクラブ,和歌山県和歌山市島１２０番地２,2017-03-08,合同会社
合同会社Ｗｅｓｔ８ｓ,東京都世田谷区東玉川２丁目３１番４号,2017-03-08,合同会社
合同会社ｍｉｅｎｏ,東京都目黒区自由が丘１丁目２５番２２号ギャラクシービル１Ｆ,2017-03-08,合同会社
堀内パワーファーム株式会社,静岡県磐田市匂坂中７８７番地,2017-03-08,株式会社
大原美塗株式会社,埼玉県春日部市道口蛭田２０７番地ガーデンハイム中村１０５号,2017-03-08,株式会社
大和建基合同会社,東京都江戸川区南小岩４丁目１８番１０号,2017-03-08,合同会社
大和設備株式会社,宮崎県延岡市松山町２１６番地１,2017-03-08,株式会社
大木工業株式会社,東京都府中市是政３丁目５番地の７アゼリアⅢ,2017-03-08,株式会社
宇久島海洋エネルギー開発株式会社,長崎県佐世保市宇久町平２５９６番地１,2017-03-08,株式会社
安巨合同会社,埼玉県川口市大字小谷場４７６－１６,2017-03-08,合同会社
安芸メタル工業株式会社,広島県広島市安芸区阿戸町６１１２番地１,2017-03-08,株式会社
宮嶋総合サービス株式会社,長野県諏訪市大字四賀３２８９番地１,2017-03-08,株式会社
宿野部鉄筋合同会社,千葉県八街市文違３０１番地１４５８,2017-03-08,合同会社
小谷株式会社,東京都世田谷区船橋１丁目４２番６－５０４号,2017-03-08,株式会社
山一工業株式会社,愛知県豊田市中田町山吹８２番地４,2017-03-08,株式会社
広進合同会社,東京都荒川区町屋４丁目１７番１６号,2017-03-08,合同会社
建築工房誠企画株式会社,大阪府大阪市東淀川区井高野３丁目２番４３号,2017-03-08,株式会社
建農西日本協同組合,岡山県倉敷市真備町有井１６１番地１,2017-03-08,その他の設立登記法人
恵コーポレーション株式会社,神奈川県藤沢市弥勒寺３丁目１３番６号,2017-03-08,株式会社
新ＰＥＫ合同会社,岡山県久米郡久米南町上弓削１３４８番地１,2017-03-08,合同会社
新ＰＥＭＭ合同会社,岡山県美作市粟野７７７番地１,2017-03-08,合同会社
旅と映像株式会社,兵庫県西宮市市庭町９－７,2017-03-08,株式会社
日光ゼニス合同会社１,東京都千代田区丸の内３丁目１番１号東京共同会計事務所内,2017-03-08,合同会社
日光ゼニス合同会社１０,東京都千代田区丸の内３丁目１番１号東京共同会計事務所内,2017-03-08,合同会社
日光ゼニス合同会社１１,東京都千代田区丸の内３丁目１番１号東京共同会計事務所内,2017-03-08,合同会社
日光ゼニス合同会社１２,東京都千代田区丸の内３丁目１番１号東京共同会計事務所内,2017-03-08,合同会社
日光ゼニス合同会社１３,東京都千代田区丸の内３丁目１番１号東京共同会計事務所内,2017-03-08,合同会社
日光ゼニス合同会社１４,東京都千代田区丸の内３丁目１番１号東京共同会計事務所内,2017-03-08,合同会社
日光ゼニス合同会社１５,東京都千代田区丸の内３丁目１番１号東京共同会計事務所内,2017-03-08,合同会社
日光ゼニス合同会社１６,東京都千代田区丸の内３丁目１番１号東京共同会計事務所内,2017-03-08,合同会社
日光ゼニス合同会社１７,東京都千代田区丸の内３丁目１番１号東京共同会計事務所内,2017-03-08,合同会社
日光ゼニス合同会社１８,東京都千代田区丸の内３丁目１番１号東京共同会計事務所内,2017-03-08,合同会社
日光ゼニス合同会社２,東京都千代田区丸の内３丁目１番１号東京共同会計事務所内,2017-03-08,合同会社
日光ゼニス合同会社３,東京都千代田区丸の内３丁目１番１号東京共同会計事務所内,2017-03-08,合同会社
日光ゼニス合同会社４,東京都千代田区丸の内３丁目１番１号東京共同会計事務所内,2017-03-08,合同会社
日光ゼニス合同会社５,東京都千代田区丸の内３丁目１番１号東京共同会計事務所内,2017-03-08,合同会社
日光ゼニス合同会社６,東京都千代田区丸の内３丁目１番１号東京共同会計事務所内,2017-03-08,合同会社
日光ゼニス合同会社７,東京都千代田区丸の内３丁目１番１号東京共同会計事務所内,2017-03-08,合同会社
日光ゼニス合同会社８,東京都千代田区丸の内３丁目１番１号東京共同会計事務所内,2017-03-08,合同会社
日光ゼニス合同会社９,東京都千代田区丸の内３丁目１番１号東京共同会計事務所内,2017-03-08,合同会社
日本アイヴィーシー株式会社,東京都葛飾区立石６丁目２７番４号,2017-03-08,株式会社
旭株式会社,兵庫県姫路市飾磨区英賀乙９番地１,2017-03-08,株式会社
有限会社小林工務店,山形県北村山郡大石田町緑町１４番地の４,2017-03-08,有限会社
有限会社重谷運送,広島県広島市中区吉島西１丁目２７番６号,2017-03-08,有限会社
未来企画合同会社,愛知県瀬戸市東安戸町６番地の３１,2017-03-08,合同会社
東京ハイコンセプト株式会社,東京都新宿区西新宿８丁目５番４号,2017-03-08,株式会社
東洋コミュニティ株式会社,大阪府堺市美原区さつき野西１丁目１９番１号,2017-03-08,株式会社
松亀ジャパンフーズ株式会社,愛知県一宮市花池１丁目２５番９号,2017-03-08,株式会社
栄電株式会社,福岡県北九州市八幡西区本城３丁目１番４３号,2017-03-08,株式会社
株式会社あいリフォーム,山口県岩国市麻里布町２丁目４番９号,2017-03-08,株式会社
株式会社かいてき,東京都世田谷区太子堂１丁目１２番２５号,2017-03-08,株式会社
株式会社かごや,東京都江戸川区江戸川６丁目５０番地１,2017-03-08,株式会社
株式会社からくさホテルズ札幌,北海道札幌市中央区大通西７丁目１番地１,2017-03-08,株式会社
株式会社しげいちセキュリティ電工,大阪府岸和田市田治米町４４０番地の６,2017-03-08,株式会社
株式会社そうだね,東京都豊島区東池袋１丁目３４番５号いちご東池袋ビル６階,2017-03-08,株式会社
株式会社たま企画,千葉県茂原市緑ケ丘４丁目３番地５,2017-03-08,株式会社
株式会社ちえのわ,東京都豊島区目白１丁目３番１７号,2017-03-08,株式会社
株式会社とかち帯広ヤマザキ,北海道帯広市西二十三条北１丁目２番３号,2017-03-08,株式会社
株式会社なおやす,宮崎県西諸県郡高原町大字西麓１７３番地１,2017-03-08,株式会社
株式会社なかにしファーム,青森県五所川原市金木町芦野３６５番地３８８,2017-03-08,株式会社
株式会社ひたち野陸商,茨城県牛久市ひたち野東４丁目３３番地８３,2017-03-08,株式会社
株式会社みらいふ,愛知県清須市西枇杷島町宮前１丁目６０番地１,2017-03-08,株式会社
株式会社みんなの奥永源寺,滋賀県東近江市君ヶ畑町８４４番地,2017-03-08,株式会社
株式会社ゆるまる,愛知県名古屋市中区栄２丁目４－１０セントラル広小路ビル８Ｆ,2017-03-08,株式会社
株式会社よし田,北海道標津郡中標津町東七条北１丁目１番地２号,2017-03-08,株式会社
株式会社アイアンクラフト,千葉県旭市鎌数４４５８番地２０,2017-03-08,株式会社
株式会社アイル,東京都福生市牛浜６２番地１０,2017-03-08,株式会社
株式会社アクレッジ,東京都荒川区町屋８丁目１番７－４０２号パレステージ町屋壱番館,2017-03-08,株式会社
株式会社アグリ川田,北海道美唄市字チャシュナイ８７４番地の１,2017-03-08,株式会社
株式会社アスビズサポート,東京都豊島区東池袋５丁目５１番１２号,2017-03-08,株式会社
株式会社アセアンカービジネスキャリア,東京都千代田区内神田１丁目２－１ダコタハウス１０Ｆ,2017-03-08,株式会社
株式会社アドバンストクロージング,広島県広島市西区己斐本町２丁目１４番２－４０３号,2017-03-08,株式会社
株式会社アポロ,東京都板橋区常盤台１丁目３５番２２号宝楽荘１０１,2017-03-08,株式会社
株式会社アマテラスイノベーション,東京都渋谷区神南１丁目８番１８号,2017-03-08,株式会社
株式会社アミーナ,東京都渋谷区神宮前４丁目１５番１３号,2017-03-08,株式会社
株式会社アリツーファクトリー,大阪府大阪市中央区瓦町２丁目３番１４号日宝瓦町ビル,2017-03-08,株式会社
株式会社アルファージョ,東京都世田谷区野沢４丁目１８番８号,2017-03-08,株式会社
株式会社アールスリー,東京都江東区豊洲６丁目２番２９－９０４号,2017-03-08,株式会社
株式会社アール＆エル,東京都千代田区外神田４丁目１２番９号,2017-03-08,株式会社
株式会社イシデンメンテナンス,岐阜県中津川市苗木４４９８番地,2017-03-08,株式会社
株式会社イシナカ,愛知県名古屋市千種区池園町２丁目５番１号,2017-03-08,株式会社
株式会社イルフード,愛知県名古屋市北区山田町４丁目６６番地８,2017-03-08,株式会社
株式会社インテグラル,東京都新宿区四谷４丁目２４番１６－８０２号,2017-03-08,株式会社
株式会社インテリア・Ｂ－ストン,東京都江戸川区上篠崎２丁目２２番５号,2017-03-08,株式会社
株式会社イーエムライフサービス,東京都中央区銀座６丁目１３番４号,2017-03-08,株式会社
株式会社ウェブリオン,大阪府大阪市住吉区長居東４丁目１４番２３号シャトーエメラルド５０５号,2017-03-08,株式会社
株式会社ウエストコート千種,愛知県名古屋市中区葵３丁目２１番１７号８０２号室,2017-03-08,株式会社
株式会社ウッドマスター,静岡県富士宮市淀師５６５番地の１,2017-03-08,株式会社
株式会社エイチ・エム・シーコンサルティング,広島県広島市中区立町１番２０号ＮＲＥＧ広島立町ビル９階,2017-03-08,株式会社
株式会社エクストリーマーズ,東京都港区麻布十番１丁目５番１０号,2017-03-08,株式会社
株式会社エコゾーン,長崎県佐世保市下京町９番１号石橋ビル１Ｆ,2017-03-08,株式会社
株式会社エスエーアイ,愛知県名古屋市北区長田町１丁目１０番地ラフィーレ志賀本通１０３号,2017-03-08,株式会社
株式会社エスディージャパン,愛知県春日井市上条町１丁目１番地,2017-03-08,株式会社
株式会社エストゥルース・ケア,東京都渋谷区南平台町１６番２８号グラスシティ渋谷７階,2017-03-08,株式会社
株式会社エピキュリアン,東京都渋谷区神宮前３丁目２５番１８号,2017-03-08,株式会社
株式会社エムアイ,東京都世田谷区松原３丁目３８番９号,2017-03-08,株式会社
株式会社エムエフクリエイツ,埼玉県ふじみ野市市沢３丁目１番Ａ－４０８号,2017-03-08,株式会社
株式会社エムプラス建築設計事務所,静岡県浜松市中区砂山町６１０番地の７,2017-03-08,株式会社
株式会社エメット,東京都中野区東中野１丁目３２番１－Ａ３０２号,2017-03-08,株式会社
株式会社エレファントピクチャーズ,東京都渋谷区元代々木町３３番８号元代々木サンサンビル２階,2017-03-08,株式会社
株式会社エレミータ,東京都町田市中町２丁目７番１４号コーポモリ２０５,2017-03-08,株式会社
株式会社エンタープライズ,茨城県龍ケ崎市寺後３３７８番地２コーポ南天１０２号,2017-03-08,株式会社
株式会社エール,千葉県千葉市美浜区打瀬３丁目９番地パティオス２２番街２１９号,2017-03-08,株式会社
株式会社オアシス,大阪府大阪市東住吉区北田辺４丁目２２番６号田辺ビル３０１,2017-03-08,株式会社
株式会社オオガキ,兵庫県宍粟市山崎町高下１３２１番地２,2017-03-08,株式会社
株式会社オオツカ,東京都足立区島根３丁目３番３号,2017-03-08,株式会社
株式会社オフィスクレーシェ,神奈川県伊勢原市桜台３丁目１１番１０号,2017-03-08,株式会社
株式会社オフィスワーク,東京都練馬区春日町６丁目１２番１０－１０２号,2017-03-08,株式会社
株式会社オルシス,東京都渋谷区恵比寿１丁目１５番９号シルク恵比寿４０３,2017-03-08,株式会社
株式会社オーシャンアイランド,沖縄県国頭郡恩納村字名嘉真２２８８番地７５,2017-03-08,株式会社
株式会社オートスタッフ,千葉県市川市鬼高２丁目１３番１６号,2017-03-08,株式会社
株式会社オーナーズブリッジ,大阪府大阪市中央区粉川町４番３号,2017-03-08,株式会社
株式会社オー・アール・イー,東京都港区愛宕１丁目６番８号,2017-03-08,株式会社
株式会社カウンティングスターズ,大阪府大阪市天王寺区烏ケ辻１丁目５番７号９０２号,2017-03-08,株式会社
株式会社カンロ,愛媛県大洲市徳森３４２番地,2017-03-08,株式会社
株式会社キキテ,東京都目黒区下目黒５丁目１７番１３号メゾン宮田１０２,2017-03-08,株式会社
株式会社キシモト,兵庫県宍粟市山崎町山田３２番地１８,2017-03-08,株式会社
株式会社キュービックスクエア,東京都狛江市東和泉１丁目３５番１－３０１号,2017-03-08,株式会社
株式会社キューボ,東京都渋谷区渋谷１丁目４番６号ニュー青山ビル７０２,2017-03-08,株式会社
株式会社クイーンズダイナー,大阪府大阪市福島区玉川２丁目６番１３号,2017-03-08,株式会社
株式会社クライバー,東京都台東区上野２丁目１２番１８号,2017-03-08,株式会社
株式会社クリーントラスト,兵庫県神戸市西区月が丘３丁目１２番地の１５,2017-03-08,株式会社
株式会社クレド,大阪府大阪市都島区善源寺町２丁目２番５－４３６号,2017-03-08,株式会社
株式会社クロセア,神奈川県横浜市泉区和泉中央南３丁目１１番４５号,2017-03-08,株式会社
株式会社グッドタイミング,大阪府大阪市北区大深町３番１号グランフロント大阪タワーＣ７階グローバルベンチャーハビタット大阪内,2017-03-08,株式会社
株式会社グッドヒル,兵庫県加古川市平岡町新在家４７６番地の２,2017-03-08,株式会社
株式会社グッド・サンホールディングス,東京都新宿区天神町３６番地１,2017-03-08,株式会社
株式会社コアド,大阪府大阪市西区江戸堀１丁目８－１７－９階,2017-03-08,株式会社
株式会社コトブキ,東京都台東区西浅草３丁目９番３号,2017-03-08,株式会社
株式会社コミュニティデザイン,千葉県佐倉市上座７８６番地３,2017-03-08,株式会社
株式会社コリンズ・コンストラクション,東京都新宿区歌舞伎町２丁目２８番１号ソフィア１ビル５Ｆ,2017-03-08,株式会社
株式会社コリンズ・スリー,東京都新宿区歌舞伎町２丁目９番１８号ライオンズプラザ新宿１２０５,2017-03-08,株式会社
株式会社コーエー建興,神奈川県厚木市下川入４９４番地１０号,2017-03-08,株式会社
株式会社コーケイ,高知県安芸市伊尾木３５０番地２,2017-03-08,株式会社
株式会社コーワ,大阪府和泉市和田町３３２番地の２,2017-03-08,株式会社
株式会社ゴールデンマリーン,東京都練馬区石神井台６丁目１８番４号,2017-03-08,株式会社
株式会社サポートユウ,三重県伊勢市倭町２１５番地２,2017-03-08,株式会社
株式会社サンエスクリエイト,埼玉県新座市野火止８丁目１２番３０号武蔵野北スカイハイツ弐号棟店舗３号,2017-03-08,株式会社
株式会社サンメディカル,大阪府枚方市楠葉面取町２丁目１番５号,2017-03-08,株式会社
株式会社シルクロード,埼玉県さいたま市大宮区桜木町３丁目１７２番地１号,2017-03-08,株式会社
株式会社シンアイ,山形県鶴岡市西目己２２番地,2017-03-08,株式会社
株式会社ジェネシスビジネス出版,神奈川県川崎市宮前区梶ケ谷一丁目１０番地５０８号室,2017-03-08,株式会社
株式会社ジャパンフードプロデュース,千葉県浦安市海楽１丁目１３番１６号,2017-03-08,株式会社
株式会社ジュピターカンパニー,千葉県千葉市稲毛区長沼原町３４２番地３,2017-03-08,株式会社
株式会社ジョンズグループ,愛知県豊田市小坂本町４丁目１番地４,2017-03-08,株式会社
株式会社ステラ,神奈川県横浜市神奈川区大口通１３９番地１５スカイコート横浜大口第２－４０６号室,2017-03-08,株式会社
株式会社ステラーデザイン＆コンサルティング,東京都新宿区西新宿３丁目１５番５－１００８号,2017-03-08,株式会社
株式会社スプラウト,山口県周南市大字栗屋字奈切５０番５４,2017-03-08,株式会社
株式会社スマイリノ,北海道釧路市昭和中央６丁目３１番１２号,2017-03-08,株式会社
株式会社スマートプラス,東京都千代田区麹町２丁目８番地ＭＬＣ麹町ビル４階,2017-03-08,株式会社
株式会社スミカ,茨城県水戸市元吉田町１８４７番地１６グロリー２１－１０３号室,2017-03-08,株式会社
株式会社スリーエル,千葉県柏市柏１２７７－３８,2017-03-08,株式会社
株式会社ゼロプレイス,愛知県名古屋市中区栄３丁目２７番３３号ロータリーマンション栄６０３号,2017-03-08,株式会社
株式会社ゼンダー,神奈川県川崎市麻生区万福寺１丁目１２番２１－８０１号,2017-03-08,株式会社
株式会社ソライエ,宮城県仙台市太白区鹿野３丁目２７番１７号フレール仙台長町南１階,2017-03-08,株式会社
株式会社ダイテツ,大阪府吹田市山田西３丁目５３番１－８０４号,2017-03-08,株式会社
株式会社ティアラ,東京都目黒区目黒１丁目５番１８号,2017-03-08,株式会社
株式会社ディー・シンキング,大阪府大阪市東住吉区湯里４丁目１８番３号湯里ハイツＢ棟４０３号,2017-03-08,株式会社
株式会社デザインサプリ,静岡県富士市今泉３８３番地の５,2017-03-08,株式会社
株式会社デュナミス,京都府京田辺市大住関屋９番地１０,2017-03-08,株式会社
株式会社トップアチーブ,東京都中央区日本橋室町１丁目８番２号日本橋末廣ビル４階,2017-03-08,株式会社
株式会社トレスタ・キャリア,東京都渋谷区桜丘町１６番３号,2017-03-08,株式会社
株式会社ドゥ・アネッサ,宮城県仙台市宮城野区幸町２丁目２３番１８号,2017-03-08,株式会社
株式会社ナイス,茨城県つくば市東２丁目１３番地７,2017-03-08,株式会社
株式会社ネクストステップ,千葉県浦安市富士見３丁目６番３９－２０２号,2017-03-08,株式会社
株式会社ノースイメージ,北海道札幌市中央区南九条西３丁目２番１－８１２号,2017-03-08,株式会社
株式会社ハウシス,愛媛県松山市柳原５７０番地,2017-03-08,株式会社
株式会社ハウス・リクレ,東京都世田谷区赤堤３丁目３５番１４－１０３号,2017-03-08,株式会社
株式会社ハウスＩＺＵＭ,愛媛県松山市土居田町７０４番地,2017-03-08,株式会社
株式会社ハートステーション,福岡県福岡市博多区豊１丁目９番２７号,2017-03-08,株式会社
株式会社パスワード,東京都目黒区目黒五丁目３１番９号,2017-03-08,株式会社
株式会社パナゲート,東京都大田区東蒲田１丁目２１番２－４０２号,2017-03-08,株式会社
株式会社パパズ・パラディ,東京都千代田区麹町６丁目２番地,2017-03-08,株式会社
株式会社パレット,東京都千代田区神田岩本町４都築ビル,2017-03-08,株式会社
株式会社パーリオ,大阪府藤井寺市沢田１丁目１７番２８号,2017-03-08,株式会社
株式会社ピエタス,大阪府東大阪市西岩田３丁目５番７７－６０３号,2017-03-08,株式会社
株式会社ピクシーガーデン,大阪府大阪市北区池田町１番１－１２０号,2017-03-08,株式会社
株式会社ファイティン,東京都世田谷区代沢２丁目５番２号パークリラヴェール代沢２０１,2017-03-08,株式会社
株式会社ファミリイエ,兵庫県西宮市山口町上山口３丁目３番２６号,2017-03-08,株式会社
株式会社ファーストトレード,大阪府大阪狭山市西山台１丁目２４番１３号１階,2017-03-08,株式会社
株式会社フクマ,福岡県福岡市西区今宿東３丁目１１番１８号,2017-03-08,株式会社
株式会社フットライン,兵庫県伊丹市中野東３丁目７９番地,2017-03-08,株式会社
株式会社フラッピー,東京都杉並区高円寺北１丁目２１番５号高円寺ＬＯＯＰ７．３－３,2017-03-08,株式会社
株式会社フリースタイル,東京都板橋区板橋４丁目１３番３号１Ｆ,2017-03-08,株式会社
株式会社フルディール,東京都渋谷区宇田川町３６番１号山和渋谷ビル７階,2017-03-08,株式会社
株式会社フルニコ,東京都足立区千住河原町２３番１号,2017-03-08,株式会社
株式会社ブライトワンスター,大阪府大阪市生野区巽南５丁目２番４１号メゾン都７０２号,2017-03-08,株式会社
株式会社プラスワン,千葉県千葉市花見川区朝日ケ丘３丁目２７番７棟５０６号,2017-03-08,株式会社
株式会社プロップ,東京都渋谷区千駄ヶ谷２丁目３３番１号４Ｆ,2017-03-08,株式会社
株式会社ベイズキッチンサービス,神奈川県横須賀市船越町６丁目２２番地３湘南田浦ダイカンプラザ３０１,2017-03-08,株式会社
株式会社ホームメイド,東京都世田谷区深沢５丁目３番１３号,2017-03-08,株式会社
株式会社ボンズ,東京都八王子市明神町３丁目２２番８号エスアイハイム２０２,2017-03-08,株式会社
株式会社マイワールド,千葉県千葉市中央区蘇我４丁目２４番３号,2017-03-08,株式会社
株式会社マインズ,宮崎県宮崎市吉村町下別府乙３４番地１１,2017-03-08,株式会社
株式会社マウンテンサイド,東京都世田谷区上用賀４丁目５－８ナニアイナ上用賀Ａ１０２,2017-03-08,株式会社
株式会社マックスクリーン札幌,北海道札幌市中央区大通西７丁目１番地１,2017-03-08,株式会社
株式会社マディソンアベニュー,東京都渋谷区神宮前４丁目１１番６号,2017-03-08,株式会社
株式会社マリンフォレスト,兵庫県姫路市西中島４５２番地１２,2017-03-08,株式会社
株式会社マリンプラス,大阪府大阪市天王寺区寺田町１丁目７番７－９０４号,2017-03-08,株式会社
株式会社マルゼンヒロ,東京都文京区本駒込４丁目４３番２号,2017-03-08,株式会社
株式会社ミドルビレッジ,兵庫県加古川市加古川町溝之口３５９番地,2017-03-08,株式会社
株式会社メゾンスズ,東京都渋谷区富ヶ谷１丁目９番１７号,2017-03-08,株式会社
株式会社メディカルフロントライン,兵庫県西宮市甲子園四番町１－３２ガレリア四番町３０４,2017-03-08,株式会社
株式会社メリバ美容福祉産業研究所,神奈川県藤沢市白旗１丁目１０番１８号,2017-03-08,株式会社
株式会社モリノキ,神奈川県藤沢市本鵠沼１丁目７番１１号,2017-03-08,株式会社
株式会社ヤマザキ建設,東京都江戸川区谷河内２丁目１２番１７号,2017-03-08,株式会社
株式会社ユアサイド,京都府舞鶴市字下安久８０２番地の１,2017-03-08,株式会社
株式会社ユナイト,東京都台東区北上野１丁目５番３号,2017-03-08,株式会社
株式会社ユニテック,大阪府大阪市都島区友渕町１丁目５番６－１１１６号,2017-03-08,株式会社
株式会社ライジングスター,東京都渋谷区恵比寿西２丁目１９番９号,2017-03-08,株式会社
株式会社ライト,東京都江東区東陽５丁目１２番７号,2017-03-08,株式会社
株式会社ライトニング,東京都杉並区荻窪１丁目２４－８メイプルハウス１０３,2017-03-08,株式会社
株式会社ラフテル,広島県広島市南区段原南２丁目３番２８号ＡＫビル５０２,2017-03-08,株式会社
株式会社リッコジェラート,沖縄県宮古島市平良字下里５５０番地,2017-03-08,株式会社
株式会社リバープラス,東京都稲城市矢野口８２６番５,2017-03-08,株式会社
株式会社リペアショップ牧尾,鹿児島県出水市高尾野町江内６９５９番地１,2017-03-08,株式会社
株式会社リール,宮城県仙台市太白区長町南３丁目８番２８号,2017-03-08,株式会社
株式会社ルビー・ディー,青森県弘前市大字千年４丁目６番地６１,2017-03-08,株式会社
株式会社ロイヤルオーク,東京都港区六本木３丁目７番１－１３０３号,2017-03-08,株式会社
株式会社ロッコウテック,茨城県神栖市柳川３２６１番地７,2017-03-08,株式会社
株式会社ワイエスＫ,宮城県仙台市泉区山の寺２丁目２０番２６号,2017-03-08,株式会社
株式会社ワラボ,東京都中央区日本橋茅場町２丁目７番３号イースト・インタービル９Ｆ,2017-03-08,株式会社
株式会社ワンズモア,大阪府大阪市西区新町１丁目１４番２１－２４０９号,2017-03-08,株式会社
株式会社ワンフォアオール,千葉県白井市西白井４丁目９番地２１,2017-03-08,株式会社
株式会社ヴィラ４５,静岡県熱海市伊豆山字前鳴沢８１０番地５,2017-03-08,株式会社
株式会社一井組,兵庫県姫路市御立中７丁目８番３９－３号,2017-03-08,株式会社
株式会社一誠,神奈川県川崎市幸区小倉４丁目２９番５０号,2017-03-08,株式会社
株式会社三櫻,茨城県鹿嶋市大字宮中２００番地,2017-03-08,株式会社
株式会社中城鉄筋,愛知県犬山市大字羽黒字川原口５４番地,2017-03-08,株式会社
株式会社中野浄設工業,長崎県諫早市森山町上井牟田１７２９番地,2017-03-08,株式会社
株式会社丸山ケヅメリクガメ生態研究所,東京都八王子市高尾町２０９３番地１,2017-03-08,株式会社
株式会社了電,大阪府泉南郡熊取町大宮３丁目７１９番地の８,2017-03-08,株式会社
株式会社井上真由美事務所,東京都中央区日本橋３丁目２番１４号,2017-03-08,株式会社
株式会社伊勢の郷,三重県多気郡明和町大字池村３７６番地８７,2017-03-08,株式会社
株式会社伊藤鉄筋工業,東京都江戸川区南葛西５丁目１８番１－３１４号,2017-03-08,株式会社
株式会社会北電気工事,福島県会津若松市河東町谷沢字十文字５１番地,2017-03-08,株式会社
株式会社伸成工業,大阪府泉大津市助松町３丁目１番３７号,2017-03-08,株式会社
株式会社佐野技研,東京都練馬区中村北４丁目４番９－１０６号,2017-03-08,株式会社
株式会社児玉ガス,鹿児島県薩摩川内市東郷町斧渕３１１番地,2017-03-08,株式会社
株式会社八雲ＴＭＲセンター,北海道二海郡八雲町春日７０２番地,2017-03-08,株式会社
株式会社内田牧場,兵庫県加古川市上荘町井ノ口１０１番地の２,2017-03-08,株式会社
株式会社加治屋工務店,福岡県北九州市小倉南区葛原３丁目１９番７６号,2017-03-08,株式会社
株式会社加賀エムジー開発,石川県加賀市山田町ヨ６４番地,2017-03-08,株式会社
株式会社北組,兵庫県姫路市東雲町５丁目１３番地１アーバンビル２Ｆ－Ｃ,2017-03-08,株式会社
株式会社千流,香川県坂出市駒止町１丁目３番４号,2017-03-08,株式会社
株式会社協栄札幌赤坂プロモーション,北海道札幌市豊平区西岡四条６丁目９番２２号,2017-03-08,株式会社
株式会社印南牧場,栃木県那須塩原市青木５１番地１,2017-03-08,株式会社
株式会社原匠,愛知県名古屋市名東区本郷２丁目６８番地,2017-03-08,株式会社
株式会社原口建装,大阪府吹田市江坂町１丁目１４番２３－５０５号,2017-03-08,株式会社
株式会社双,三重県津市久居明神町８８番地１,2017-03-08,株式会社
株式会社和建材工業,福島県いわき市鹿島町御代字堂ノ前３７番地の８,2017-03-08,株式会社
株式会社和田工務店,福岡県遠賀郡岡垣町吉木西１丁目１１番６号,2017-03-08,株式会社
株式会社土居工芸,香川県高松市栗林町１丁目１２番１２号,2017-03-08,株式会社
株式会社夢現設備,愛知県知多郡武豊町字下山ノ田７５番地１９,2017-03-08,株式会社
株式会社夢組,東京都新宿区新宿５丁目１０番１号第２スカイビル５０２号室,2017-03-08,株式会社
株式会社大利,兵庫県尼崎市武庫之荘本町３丁目１１番２０号,2017-03-08,株式会社
株式会社大協建設工業,福岡県北九州市八幡西区楠橋西３丁目１６番６号,2017-03-08,株式会社
株式会社天晶,東京都中央区新川２丁目２１－１０,2017-03-08,株式会社
株式会社太僑,東京都渋谷区本町３丁目４９番１５号,2017-03-08,株式会社
株式会社太陽コーポレーション,奈良県奈良市南永井町７５番１の２,2017-03-08,株式会社
株式会社宮田農産業,新潟県南魚沼市丸池新田２２番地５,2017-03-08,株式会社
株式会社寛栄商事,宮城県名取市増田７丁目３－２３Ａ－８,2017-03-08,株式会社
株式会社小山精密,京都府亀岡市保津町上火無２８番地１３０,2017-03-08,株式会社
株式会社小池企画,栃木県日光市並木町３番地３,2017-03-08,株式会社
株式会社小野工業,茨城県鹿嶋市宮中５丁目１１番１１号,2017-03-08,株式会社
株式会社尾﨑工業,三重県鈴鹿市国府町８８３番地の１２,2017-03-08,株式会社
株式会社山田興業,神奈川県足柄上郡山北町向原３１３５番地１,2017-03-08,株式会社
株式会社岩原電設工業所,千葉県市川市宮久保５丁目５番４号,2017-03-08,株式会社
株式会社岩崎塗装店,宮城県仙台市若林区若林７丁目１２番５号,2017-03-08,株式会社
株式会社巧建,千葉県佐倉市井野１１２７番地１２,2017-03-08,株式会社
株式会社師水自動車,徳島県美馬市美馬町字東宗重１０８番地,2017-03-08,株式会社
株式会社恩田組,埼玉県川口市大字前田１２６３番地１,2017-03-08,株式会社
株式会社悠工業,静岡県浜松市中区西伊場町３４番５号レジデンスフローラ１０２,2017-03-08,株式会社
株式会社政匠工業,埼玉県春日部市小渕１３６１番地４,2017-03-08,株式会社
株式会社新管工業,徳島県阿南市長生町上荒井楠ノ前３番地４,2017-03-08,株式会社
株式会社旅人,福島県いわき市田人町旅人字和再松木平４番地の１,2017-03-08,株式会社
株式会社日本ビルダーシステム,東京都港区六本木１丁目６－１泉ガーデンタワー,2017-03-08,株式会社
株式会社日本医療介護システム研究所,岡山県津山市日本原３５０番地８,2017-03-08,株式会社
株式会社明誠工業,千葉県富津市亀田１９９番地,2017-03-08,株式会社
株式会社松鶴,埼玉県坂戸市西坂戸５丁目２１番１９号,2017-03-08,株式会社
株式会社森石鈑金,愛知県名古屋市緑区藤塚２丁目９０６番地,2017-03-08,株式会社
株式会社橋本工務店,東京都立川市栄町５丁目４４番地の１２,2017-03-08,株式会社
株式会社浪速鮮魚,大阪府大阪市中央区日本橋２丁目１５番２９号ますみ荘１階,2017-03-08,株式会社
株式会社清和ＣＥＣ,岩手県下閉伊郡普代村第５地割字上の山７番３,2017-03-08,株式会社
株式会社澤田工業,茨城県古河市鴻巣７７１番地４８,2017-03-08,株式会社
株式会社白馬インターナショナル,大分県速見郡日出町大字川崎字尖５９５３番地２３,2017-03-08,株式会社
株式会社石原グリーン,大阪府八尾市大竹７丁目６６番地,2017-03-08,株式会社
株式会社石原ホールディング,岐阜県中津川市千旦林１１８番地の８４,2017-03-08,株式会社
株式会社石川工業,栃木県足利市名草下町４５３９番地２,2017-03-08,株式会社
株式会社祥栄,埼玉県川口市朝日１丁目２１番１８号,2017-03-08,株式会社
株式会社笠松電気,徳島県勝浦郡上勝町大字福原字中山９７番地１,2017-03-08,株式会社
株式会社箕輪架設,茨城県鹿嶋市大字宮中２０３６番地３（クレールミカサ２０２）,2017-03-08,株式会社
株式会社篤志,東京都目黒区目黒２丁目１２番１０－Ｂ８０２号,2017-03-08,株式会社
株式会社紀伊茶屋,東京都目黒区下目黒３丁目７番１０号,2017-03-08,株式会社
株式会社細田物流サービス,山梨県上野原市鶴島１９７４番地３,2017-03-08,株式会社
株式会社緑修グリーン,福岡県久留米市田主丸町長栖１８５４番地３,2017-03-08,株式会社
株式会社美肌ネイル,神奈川県横浜市中区元町３丁目１４５番地３,2017-03-08,株式会社
株式会社脇田雄太事務所,長崎県長崎市石神町６番３３号モダンパラッゾ文教１０３号,2017-03-08,株式会社
株式会社花むすび,栃木県河内郡上三川町大字東汗１３０６番地４,2017-03-08,株式会社
株式会社蓮,千葉県船橋市夏見４丁目１番２４号,2017-03-08,株式会社
株式会社虎,東京都渋谷区桜丘町２１番１２号,2017-03-08,株式会社
株式会社誠通信建設,大阪府堺市中区辻之１０４０番地６,2017-03-08,株式会社
株式会社野村タイヤ商店,埼玉県さいたま市岩槻区大字徳力４８５番地１,2017-03-08,株式会社
株式会社鈴木工業,愛知県半田市板山町１０番地の１８９,2017-03-08,株式会社
株式会社鈴木組,茨城県古河市中田１０９８番地１－２０２号室,2017-03-08,株式会社
株式会社鋼栄,大分県大分市大字上宗方６０６番地の７７,2017-03-08,株式会社
株式会社阪神精肉店,兵庫県西宮市荒木町１３番５号,2017-03-08,株式会社
株式会社陸庵,東京都江戸川区南篠崎町３丁目５番１２号,2017-03-08,株式会社
株式会社隆設備工業,北海道札幌市北区篠路八条６丁目２１番１号,2017-03-08,株式会社
株式会社隼人,徳島県阿南市那賀川町上福井南川渕８３番地１メゾンメールＢ棟１０２号室,2017-03-08,株式会社
株式会社食楽ジャパン,東京都豊島区北大塚２丁目１６番８号バロックコート大塚４Ｆ,2017-03-08,株式会社
株式会社鳶工藤組,青森県黒石市八甲９７番地７,2017-03-08,株式会社
株式会社鴨志田商事,茨城県水戸市酒門町３０２６番地の２,2017-03-08,株式会社
株式会社鶴の里ファーム,福島県西白河郡西郷村大字羽太字新宿３５番地１,2017-03-08,株式会社
株式会社麻幸産業,埼玉県さいたま市緑区大字中尾９７９番地２パルコビスタ３０１,2017-03-08,株式会社
株式会社龍,東京都渋谷区桜丘町２１番１２号,2017-03-08,株式会社
株式会社５１Ａｃｔｉｏｎ,京都府京都市下京区朱雀宝蔵町４４番地協栄ビル１０１,2017-03-08,株式会社
株式会社６Ｇ,東京都江東区古石場２丁目１１番１２第一渡辺ビル１０１号室,2017-03-08,株式会社
株式会社８８ｓｋｉｔｃｈｅｎ,神奈川県横浜市保土ケ谷区和田１丁目１８番８号,2017-03-08,株式会社
株式会社ＡＣＴＯＳ　ＬＥＡＤＩＮＧ,愛知県名古屋市中区栄１丁目１６番３０号,2017-03-08,株式会社
株式会社ＡＤＦ,東京都町田市相原町４８０番地９１,2017-03-08,株式会社
株式会社ＡＦＡオリジナル,神奈川県小田原市南町１丁目７番２４－３号,2017-03-08,株式会社
株式会社ＡＩＭＰＲＯＯＦ,神奈川県横須賀市平作５丁目２７番１３号,2017-03-08,株式会社
株式会社ＡＰＥＮ　ＨＯＬＤＩＮＧＳ,東京都渋谷区代々木２丁目９番５号,2017-03-08,株式会社
株式会社ＡＳＴＲＡＩＢＬＡ,神奈川県横浜市保土ケ谷区新桜ケ丘１丁目６４番６－２０２号,2017-03-08,株式会社
株式会社Ａｖａｎ　Ｓａｒｔｏ,東京都渋谷区上原１丁目１０番１１－１０１号,2017-03-08,株式会社
株式会社Ｂ１５０,東京都目黒区青葉台４丁目７番１号プラトーヴェール７Ｆ,2017-03-08,株式会社
株式会社ＢＡＨＦ　ＤＥＳＩＧＮ,東京都八王子市諏訪町４２３番地２７,2017-03-08,株式会社
株式会社Ｂｏｌｔｅ,東京都渋谷区渋谷２丁目３番１９号メインステージ青山３０４,2017-03-08,株式会社
株式会社Ｂｒｕｃｅ,宮城県仙台市太白区青山２丁目２８番３１号,2017-03-08,株式会社
株式会社ＣＡＮＳＨＩＮＥＣＡＮ,神奈川県秦野市菖蒲５８番地の４２,2017-03-08,株式会社
株式会社ＣＡＴ－ＨＡＮＤＳ,神奈川県横浜市緑区十日市場町８７４番地２８,2017-03-08,株式会社
株式会社ＣＩＳパートナーズ,東京都八王子市寺町５３番地１ＩＳグランデ寺町１階,2017-03-08,株式会社
株式会社ＣＭＪ　Ｍａｎａｇｅｍｅｎｔ,東京都港区南麻布３丁目２０番１号麻布グリーンテラス６階,2017-03-08,株式会社
株式会社ＣＯＲＥＡＲＴＨ,宮城県石巻市三ツ股１丁目１番３４号,2017-03-08,株式会社
株式会社ＣＵＢＥ　ＷＯＲＫＳ,東京都新宿区西新宿７丁目７番２６号,2017-03-08,株式会社
株式会社ＤＣＦグループ,福岡県京都郡苅田町京町１丁目４－５,2017-03-08,株式会社
株式会社ＤＤＳ．Ｃ,北海道札幌市中央区南五条西３丁目８番地,2017-03-08,株式会社
株式会社ＤＩＸ,東京都港区麻布十番２丁目３番９号,2017-03-08,株式会社
株式会社ＥＬＥＮＡ,東京都中野区中野５丁目４８番１－７０１号,2017-03-08,株式会社
株式会社ＥＳＴＥＲＡＳ,東京都新宿区北新宿２丁目２１番２－１１０３号,2017-03-08,株式会社
株式会社ＥＷコーポレーション,神奈川県川崎市麻生区千代ケ丘５丁目９番地３８,2017-03-08,株式会社
株式会社ＥＺＬＩＦＥ,京都府京都市上京区裏築地町９７番地１３,2017-03-08,株式会社
株式会社Ｅａｒｔｈ　ｃｒｅａｔｉｖｅ,愛知県名古屋市北区鳩岡町１丁目７番地の１８,2017-03-08,株式会社
株式会社ＦＡＣＴＯＲＹ３６５,東京都品川区西五反田１丁目１１番１号,2017-03-08,株式会社
株式会社ＦＡＲＩＳ,東京都渋谷区東２丁目２４番１号,2017-03-08,株式会社
株式会社ＦＤ－ＴＥＣＨ,愛知県春日井市稲口町２丁目１０番地２３,2017-03-08,株式会社
株式会社ＦＦＰ,東京都国分寺市本町２丁目２２番２号第二鴨下ビル３０９号室,2017-03-08,株式会社
株式会社Ｆｏｃｕｓ,埼玉県さいたま市大宮区大成町１丁目１３４番地２,2017-03-08,株式会社
株式会社Ｆｏｃｕｓ,東京都大田区山王３丁目９番６－９０３号,2017-03-08,株式会社
株式会社Ｇ－ＪＡＰＡＮ,京都府京都市下京区貞安前之町５８６番地,2017-03-08,株式会社
株式会社ＧＥＴ,東京都新宿区高田馬場２丁目１４番２号新陽ビル９０１,2017-03-08,株式会社
株式会社ＧＬＯＢＡＬ　ＷＯＲＫＳ,東京都渋谷区桜丘町２１番地１２桜丘アーバンライフＢ棟４１３,2017-03-08,株式会社
株式会社ＧＲＩＴ　ＮＡＴＩＯＮ,東京都目黒区目黒１丁目６番１７号Ｂ１Ｆ,2017-03-08,株式会社
株式会社ＧＲＯＷＴＨ　ＰＯＷＥＲ,東京都江戸川区西葛西５丁目２番３号,2017-03-08,株式会社
株式会社ＧＵＮＩＮＡ　ＩＮＴＥＲＮＡＴＩＯＮＡＬ,栃木県小山市駅東通り１丁目１７番４号フルエクセル１０１号,2017-03-08,株式会社
株式会社Ｇａｔｅ,千葉県市川市鬼高３丁目２６番４号,2017-03-08,株式会社
株式会社Ｇｒｏｗｉｎｇ,大阪府大阪市淀川区十三元今里１丁目１１番２号メゾン菊水１Ｃ号,2017-03-08,株式会社
株式会社Ｈ．Ｋ．Ｓ,栃木県宇都宮市平出町４２５番地１,2017-03-08,株式会社
株式会社ＨＩＮＯＤＥ　ＢＯＵＥＫＩ,神奈川県横浜市中区元町１丁目３７番地５,2017-03-08,株式会社
株式会社ＨＩＺＥＮ,佐賀県嬉野市嬉野町大字下宿乙２８５番地４,2017-03-08,株式会社
株式会社ＨＳＪ,東京都渋谷区千駄ヶ谷４丁目５番１０号コンフォリア北参道１３１２,2017-03-08,株式会社
株式会社ＩＮＡＢＡＸ,神奈川県横浜市港北区綱島西５丁目４番５－６１３号,2017-03-08,株式会社
株式会社ＩＰ　ｆｉｖｅ,神奈川県横浜市泉区和泉町４７６０番地の２,2017-03-08,株式会社
株式会社Ｉｎｕｃｃｈｉ,広島県広島市安佐北区あさひが丘８丁目８番２３号,2017-03-08,株式会社
株式会社ＪＥＮＹＳ,岐阜県高山市上二之町５１番地,2017-03-08,株式会社
株式会社ＪＲＦ,和歌山県和歌山市岩橋９８６番地１,2017-03-08,株式会社
株式会社Ｊｏｅ　Ａｌｌｉａｎｃｅ,大阪府大阪市西区西本町２丁目１番３５号神代ビル,2017-03-08,株式会社
株式会社Ｋ＆Ｙ,神奈川県横浜市戸塚区平戸１丁目１６番１９－１号,2017-03-08,株式会社
株式会社Ｋ２,福島県白河市登り町２４番地,2017-03-08,株式会社
株式会社Ｋ３プラス,愛知県名古屋市緑区平手北２丁目４１８番地,2017-03-08,株式会社
株式会社ＫＡＣ,宮城県仙台市宮城野区福室３丁目３３番１０号,2017-03-08,株式会社
株式会社ＫＢ　Ｂｉｚ,神奈川県横浜市保土ケ谷区峰沢町２６０番地１１三ツ沢住宅Ｂ棟,2017-03-08,株式会社
株式会社ＫＤイーテック,神奈川県横浜市神奈川区三枚町５８１番地３,2017-03-08,株式会社
株式会社ＫＯＥＮ,東京都杉並区高円寺南３丁目３７番２５号,2017-03-08,株式会社
株式会社ＫＳｙｓｔｅｍ,東京都墨田区本所３丁目２７番８－２０２号,2017-03-08,株式会社
株式会社ＫＴＳクリエイト,東京都中央区新富２丁目５番１１号,2017-03-08,株式会社
株式会社Ｋａｉｋａ,福岡県北九州市八幡西区力丸町２４番３－１０１号,2017-03-08,株式会社
株式会社Ｋｅｉ　ｉｎｔｅｒｎａｔｉｏｎａｌ,神奈川県川崎市幸区小向仲野町８番１－５３８号,2017-03-08,株式会社
株式会社Ｋｉｄｓ　Ｌａｂｏ１２３,大阪府大阪市中央区南船場４丁目１０－１８－４０１,2017-03-08,株式会社
株式会社ＬＹＣＫＡ,千葉県野田市関宿元町１０３,2017-03-08,株式会社
株式会社Ｌｉｎｅｔｈａｉｊｕ,東京都世田谷区上用賀１丁目７番１６号,2017-03-08,株式会社
株式会社Ｌｕｉｂ,千葉県習志野市津田沼５丁目１４番１６号,2017-03-08,株式会社
株式会社Ｍ’ｓ　ＷＯＲＫ,愛知県尾張旭市井田町２丁目６３番地,2017-03-08,株式会社
株式会社Ｍ’ｓ内装,神奈川県平塚市田村５丁目１１番２２－３０５号,2017-03-08,株式会社
株式会社Ｍ・Ｏ・Ｌ,愛知県名古屋市昭和区石仏町１丁目６８番地,2017-03-08,株式会社
株式会社Ｍ・Ｔコーポレーション,広島県広島市安佐南区山本４丁目１３番１４号,2017-03-08,株式会社
株式会社Ｍ．Ｉ．Ｈ,兵庫県尼崎市久々知西町２丁目１１番１１号久々知ハウス７０４号,2017-03-08,株式会社
株式会社ＭＥＥＴＳＨＯＰ,東京都目黒区上目黒２丁目４３番３号,2017-03-08,株式会社
株式会社ＭＩＫＡＮ,神奈川県藤沢市南藤沢１７番１４号,2017-03-08,株式会社
株式会社ＭＫマネージメントサポート,東京都世田谷区等々力５丁目２８番５号,2017-03-08,株式会社
株式会社ＭＫＤ　ＭＡＮＡＧＥＭＥＮＴ,宮城県仙台市青葉区国分町１丁目６番１５号,2017-03-08,株式会社
株式会社ＭＴＭ,北海道札幌市東区北二十七条東１２丁目３番２９号,2017-03-08,株式会社
株式会社ＭＵＲＯ　ＳＣＥＮＴＳ　ＪＡＰＡＮ,東京都目黒区自由が丘１丁目２４番３号,2017-03-08,株式会社
株式会社ＭＹスタ,大阪府岸和田市大町４丁目１８番３－６０６号,2017-03-08,株式会社
株式会社ＮＤＣ,佐賀県佐賀市中の館町１４番１８号,2017-03-08,株式会社
株式会社ＮＩＢ,新潟県新潟市西区ときめき西３丁目１１番地２,2017-03-08,株式会社
株式会社ＮＪＳ,東京都目黒区下目黒２丁目２３番７号日栄ビル,2017-03-08,株式会社
株式会社ＮＫｔｅｃｈｎｏ,兵庫県姫路市大津区真砂町３１－４,2017-03-08,株式会社
株式会社ＮＳＰインターナショナルホールディングス,東京都渋谷区渋谷３丁目２６番１８号,2017-03-08,株式会社
株式会社Ｎｉｃｅ＆Ｎｉｃｅ,東京都渋谷区渋谷２丁目１０－１５エキスパートオフィス渋谷８０３,2017-03-08,株式会社
株式会社ＯＦＦＩＣＥ松田,福岡県北九州市戸畑区西鞘ケ谷町１７番１３号,2017-03-08,株式会社
株式会社ＯＮＥ＆ＯＮＬＹ,長野県長野市南千歳町８７６番地１３,2017-03-08,株式会社
株式会社ＯＵＡＴ,東京都世田谷区下馬１丁目１０番６号,2017-03-08,株式会社
株式会社ＰＲＯＭＡＴＥ　ＪＡＰＡＮ,東京都世田谷区駒沢４丁目８番２号,2017-03-08,株式会社
株式会社ＰＲＯＵＤ,大阪府泉佐野市羽倉崎３丁目９番１７号,2017-03-08,株式会社
株式会社ＰＵＢＬＩＣ,広島県広島市西区庚午北３丁目１番２－２０８号,2017-03-08,株式会社
株式会社ＲＣＭ,北海道函館市鍛治１丁目２５番１４号,2017-03-08,株式会社
株式会社ＲＧＢ,東京都世田谷区上馬３丁目１４番１４号,2017-03-08,株式会社
株式会社Ｓ．Ｓユーズ,大阪府大阪市西成区潮路２丁目８番１２号,2017-03-08,株式会社
株式会社ＳＡＬＬＹ,東京都江戸川区平井４丁目６番３号,2017-03-08,株式会社
株式会社ＳＡＮＴＥ,愛知県名古屋市中区栄１丁目２２番２号,2017-03-08,株式会社
株式会社ＳＣＦコンサルティング,兵庫県姫路市西八代町７番２９－１０３号,2017-03-08,株式会社
株式会社ＳＥＩＹＵＴＥＣ,大阪府大阪市北区梅田２丁目２番２号梅田ヒルトンプラザウエストオフィスタワー１９階,2017-03-08,株式会社
株式会社ＳＦＣ,東京都渋谷区恵比寿１丁目１９番１８号石渡ビル２階,2017-03-08,株式会社
株式会社ＳＨＩＮＳ,愛知県安城市末広町９番２４号,2017-03-08,株式会社
株式会社ＳＪ商事,東京都足立区鹿浜５丁目２番８号新進ビル２０１号,2017-03-08,株式会社
株式会社ＳＯＵＷＡ,福岡県田川市大字夏吉４００３番２５,2017-03-08,株式会社
株式会社ＳＲＦ,東京都渋谷区渋谷２丁目１番１２号東京セントラル宮益坂上１０階,2017-03-08,株式会社
株式会社ＳＴ－ＲＡＮＧＥ,東京都府中市本宿町３丁目１４番地の４１,2017-03-08,株式会社
株式会社Ｓｍｉｍｅ,東京都東村山市美住町１丁目４番１号グリーンタウン美住一番街９号棟１０５号室,2017-03-08,株式会社
株式会社Ｓｔｕｄｉｏ７,東京都渋谷区初台１丁目５１－１初台センタービル７０３,2017-03-08,株式会社
株式会社Ｓｕｎｎｙ　Ｄａｙ,東京都千代田区平河町２丁目５番３号５階Ｍｉｄｏｒｉ．ｓｏ,2017-03-08,株式会社
株式会社Ｔ・Ｂａｓｅ,千葉県市川市相之川１丁目２０番２０号（マリンハイツ３０２号）,2017-03-08,株式会社
株式会社Ｔ．Ａ．サンズ,兵庫県西宮市上甲東園３丁目８番８号,2017-03-08,株式会社
株式会社Ｔ．Ａ．Ｏ,福岡県北九州市小倉北区魚町２丁目５番８号,2017-03-08,株式会社
株式会社Ｔ．ｐａｒｔｎｅｒ,神奈川県横浜市中区桜木町１丁目１０１番地１クロスゲート７階,2017-03-08,株式会社
株式会社ＴＯＹ－ＢＯＸ,東京都新宿区新宿６丁目７番２２－１５４号,2017-03-08,株式会社
株式会社ＴＲＵＮＫ,東京都渋谷区神宮前２丁目１３－８アビターレ神宮前Ａ－６,2017-03-08,株式会社
株式会社ＴＳクリエイト,愛知県長久手市蟹原４０５番地ベルハイツ司５Ｆ号室,2017-03-08,株式会社
株式会社Ｔａｉｓｅｉ　Ｌｕｍｉｃ,栃木県下野市石橋１００１番地３３,2017-03-08,株式会社
株式会社Ｔｏｍｍｙ＆Ｃｏｍｐａｎｙ,長野県長野市大字安茂里１５０８番地,2017-03-08,株式会社
株式会社ＵＮＩＴＥＥ,千葉県千葉市稲毛区長沼原町３１７番地１ヴィルフォーレ稲毛８番館４０５号,2017-03-08,株式会社
株式会社ＵＳＨＡ　ＫＩＲＡＮ,千葉県我孫子市湖北台１丁目１３番４号１階,2017-03-08,株式会社
株式会社ＶＩＮＯＭＩ,大阪府枚方市南楠葉１丁目６番８号,2017-03-08,株式会社
株式会社Ｗ＆ＤＣ,兵庫県神戸市中央区中山手通２丁目１４番９－３０１号,2017-03-08,株式会社
株式会社ＷＡＧＡＭＡＭＡ,神奈川県横浜市中区元町３丁目１３１番地,2017-03-08,株式会社
株式会社ＷＡＲＡＩ,新潟県長岡市金房３丁目５番２０号,2017-03-08,株式会社
株式会社Ｗｉｎｓ　Ｇａｔｅ,長崎県長崎市大橋町３番２９号井口ビル３階,2017-03-08,株式会社
株式会社ＹＢ商事,東京都台東区清川１丁目１番９号１階,2017-03-08,株式会社
株式会社ＹＫ　Ｂｉｚ　Ａｇｅｎｃｙ,東京都立川市上砂町１丁目９番５号,2017-03-08,株式会社
株式会社ＹＭコーポレーション,東京都世田谷区成城８丁目２３番２１－１１５号,2017-03-08,株式会社
株式会社ＹＯＵ　ＴＨＯＲ,新潟県新潟市秋葉区秋葉３丁目６番７３号,2017-03-08,株式会社
株式会社ＹＯＵＭＡＹ,愛知県名古屋市東区白壁２丁目１番３０号テンビル４階,2017-03-08,株式会社
株式会社Ｚ‐ケミカル,愛知県名古屋市港区潮見町５番,2017-03-08,株式会社
株式会社ａｍｉｃｏｃｏ,大阪府大阪市浪速区大国３丁目２番２１－４０４号,2017-03-08,株式会社
株式会社ａｎ,福岡県福岡市中央区薬院１丁目７番１号,2017-03-08,株式会社
株式会社ａｔｏｍｉｃ,愛知県豊川市牛久保駅通４丁目２７番地の１,2017-03-08,株式会社
株式会社ｂｒｅａｔｈ,島根県出雲市大社町杵築南１５７０番地８,2017-03-08,株式会社
株式会社ｃｄ．,東京都渋谷区神宮前１丁目１１番１号,2017-03-08,株式会社
株式会社ｃｒａｆｔ　ｃｒｅａｔｅ　ｃｌｏｖｅｒ,大阪府枚方市香里園桜木町６１番３１号プリムコートＡ１０１,2017-03-08,株式会社
株式会社ｅ－Ｗａｙ,愛知県名古屋市名東区高針荒田１１０１番地,2017-03-08,株式会社
株式会社ｅｌｅｐｈａｎｔ　ｌａｎｇｕａｇｅ,千葉県茂原市高師台２丁目７番地１４,2017-03-08,株式会社
株式会社ｅｓｔｏ,東京都町田市南大谷１１４７番地３,2017-03-08,株式会社
株式会社ｉｎ　ＳＴＲＥＡＴ,東京都江戸川区西葛西３丁目１４番３号,2017-03-08,株式会社
株式会社ｍｅｃａｒ,東京都千代田区鍛冶町２丁目１０番４号神田奥野ビル１階,2017-03-08,株式会社
株式会社ｍｏｒｉｃｈ,東京都中央区勝どき５丁目３番１号,2017-03-08,株式会社
株式会社ｎｅｘｕｓ,大阪府大阪市北区西天満６丁目２番１４号,2017-03-08,株式会社
株式会社ｐｌｕｓＡ,東京都大田区山王３丁目３番９号Ａ１０２,2017-03-08,株式会社
株式会社ｔｒａｍｅ,東京都新宿区西新宿６丁目１５番１号３０１６,2017-03-08,株式会社
株式会社ｚｅａｌ,東京都渋谷区神南１丁目１０番６号,2017-03-08,株式会社
森建工業株式会社,神奈川県川崎市幸区小向西町４丁目１２１番地１０９,2017-03-08,株式会社
浩興商事株式会社,埼玉県新座市西堀２丁目７番２２号,2017-03-08,株式会社
源商事株式会社,大阪府大阪市西区新町４丁目１７番１３－４０２号,2017-03-08,株式会社
特定非営利活動法人かさまキッズクラブネリネ,茨城県笠間市笠間２６９２番地３,2017-03-08,その他の設立登記法人
特定非営利活動法人アクティブシニア支援機構,東京都新宿区西新宿３丁目１９番２号東日本電信電話株式会社本社ビル内,2017-03-08,その他の設立登記法人
特定非営利活動法人ジパング,北海道札幌市中央区南六条西１３丁目２番５－６０１号,2017-03-08,その他の設立登記法人
特定非営利活動法人メイクハッピー＆ピース,福岡県宗像市田久４丁目８番１８号,2017-03-08,その他の設立登記法人
特定非営利活動法人中条地区住民自治協議会,長野県長野市中条２５４９番地２,2017-03-08,その他の設立登記法人
特定非営利活動法人桜が丘おはな会,茨城県つくば市桜が丘１５番地１,2017-03-08,その他の設立登記法人
特定非営利活動法人群馬骨ケアネットワーク,群馬県前橋市西大室町１３１７番地３,2017-03-08,その他の設立登記法人
特定非営利活動法人郡山総合クラブきんとっと,奈良県大和郡山市車町２３番地,2017-03-08,その他の設立登記法人
特定非営利活動法人ｍｉｎａｍｏ,神奈川県鎌倉市台４丁目３番１９号コーポラスジョイ２０１,2017-03-08,その他の設立登記法人
相模ボディーサービス株式会社,神奈川県横浜市神奈川区羽沢町８０４番地,2017-03-08,株式会社
矢野工業株式会社,群馬県伊勢崎市宮子町３４８３番地２－Ａ１０５,2017-03-08,株式会社
社会保険労務士法人せんだ事務所,東京都中央区築地２丁目１５番１５号セントラル東銀座６１９号,2017-03-08,その他の設立登記法人
社会保険労務士法人ハーネス,大阪府大阪市天王寺区悲田院町８番２６号－１３０５号,2017-03-08,その他の設立登記法人
社会保険労務士法人日本医業総研,東京都千代田区神田司町２丁目２番１２号神田司町ビル９階,2017-03-08,その他の設立登記法人
社会保険労務士法人Ｓｔｙｌｉｓｈ　Ｍａｎａｇｅｍｅｎｔ,静岡県富士市横割３丁目１番１５号２階,2017-03-08,その他の設立登記法人
社会福祉法人京都育和会,京都府京都市東山区本町２０丁目４４１番１,2017-03-08,その他の設立登記法人
社会福祉法人太田福祉会,岩手県盛岡市本宮字大宮１１７番地２,2017-03-08,その他の設立登記法人
社会福祉法人桐孝会,茨城県石岡市東光台２丁目８番３号,2017-03-08,その他の設立登記法人
社会福祉法人誠音会,埼玉県新座市石神４丁目１５３０－６,2017-03-08,その他の設立登記法人
祥和合同会社,愛知県一宮市千秋町浅野羽根字壱丁畑４７４番地１０,2017-03-08,合同会社
穏・Ｂｏｔａｎ合同会社,埼玉県ふじみ野市亀久保１丁目６番５号,2017-03-08,合同会社
竹原商店株式会社,岡山県倉敷市鶴の浦３丁目２番１６号,2017-03-08,株式会社
経営人材計画合同会社,愛知県稲沢市小沢３丁目７番９号メーゾン亜嶺２０１,2017-03-08,合同会社
興陽株式会社,東京都墨田区東向島２丁目３４番１２号,2017-03-08,株式会社
若井事務所合同会社,北海道札幌市東区北十四条東１丁目５番１０号,2017-03-08,合同会社
荒金技研株式会社,宮崎県延岡市塩浜町２丁目１９５７番地１１,2017-03-08,株式会社
藤元工業株式会社,大阪府堺市堺区南島町３丁１３５番地３１,2017-03-08,株式会社
藤原工業株式会社,兵庫県神戸市須磨区東落合２丁目１９番３０１－１０７号,2017-03-08,株式会社
藤森電気株式会社,北海道江別市朝日町２３番地の７,2017-03-08,株式会社
行政書士法人アドミンイノベーション,熊本県熊本市北区龍田陳内３丁目３番５５号,2017-03-08,その他の設立登記法人
裾野エアー株式会社,静岡県裾野市富沢２６５番地の１５,2017-03-08,株式会社
西川ホールディングス株式会社,福岡県福岡市早良区原１丁目４１番３号,2017-03-08,株式会社
豊かな福島をつくる豊福ファーム株式会社,福島県南相馬市原町区馬場字欠下６３番地,2017-03-08,株式会社
貴宏建設株式会社,兵庫県西脇市野村町５２５番地の２,2017-03-08,株式会社
赤尾建築株式会社,広島県福山市山手町５丁目６番１０号,2017-03-08,株式会社
赤星株式会社,東京都世田谷区野沢４丁目２４番１－１７０３号,2017-03-08,株式会社
農事組合法人七軒屋営農組合,兵庫県加古郡稲美町加古４０５７番地の２,2017-03-08,その他の設立登記法人
農事組合法人南雄和地区ライスセンター利用組合,秋田県秋田市雄和左手子字前谷地１２８番地,2017-03-08,その他の設立登記法人
農事組合法人四季菜,秋田県南秋田郡大潟村字西１丁目２番地１７,2017-03-08,その他の設立登記法人
鈴木船舶興業有限会社,神奈川県横浜市旭区白根町８２４番地の９,2017-03-08,有限会社
音歩合同会社,東京都渋谷区代々木４丁目２５番１号,2017-03-08,合同会社
颯志建設株式会社,愛媛県伊予郡松前町大字北黒田２１８番地１,2017-03-08,株式会社
ＡＣＰ株式会社,兵庫県神戸市西区岩岡町古郷１９６６番地の１,2017-03-08,株式会社
ＡＮＶＩＥ株式会社,東京都港区南麻布１丁目７番２８－１００２号ヴァレンティア麻布,2017-03-08,株式会社
ＡＴＣ株式会社,神奈川県藤沢市藤沢５４５番地の４９,2017-03-08,株式会社
ＢＡＣ　ＮＩＮＨ　ＱＵＡＮ合同会社,東京都新宿区北新宿１丁目８番２２号,2017-03-08,合同会社
ＢＲキャピタル株式会社,東京都千代田区神田駿河台３丁目３番地,2017-03-08,株式会社
ＢＵＲＩ株式会社,北海道札幌市北区屯田九条１１丁目１３番８号,2017-03-08,株式会社
Ｂｅｌｌｅ　ｌｕｍｉｅｒｅ株式会社,兵庫県姫路市花田町小川１０３１番地１,2017-03-08,株式会社
Ｂｉｚブリッジ株式会社,神奈川県横浜市港北区菊名６丁目１番６－１号２Ｆ,2017-03-08,株式会社
Ｃ＆Ｋ株式会社,福岡県筑紫野市上古賀３丁目８－５,2017-03-08,株式会社
Ｃ＆Ｔ重機解体合同会社,東京都稲城市坂浜２７６９番地の５,2017-03-08,合同会社
ＣＡＩ芸術スタジオ株式会社,茨城県つくば市上河原崎４９８番地,2017-03-08,株式会社
ＣＡＳＵＹＡ工業株式会社,福岡県糟屋郡粕屋町大字上大隈３８７番地１,2017-03-08,株式会社
ＣＪＴ熱遊合同会社,東京都足立区千住中居町１９－１０,2017-03-08,合同会社
Ｃｏｍｍｕｎｉｃａｔｉｏｎ　Ｌｉｎｅ　Ｓｙｓｔｅｍｓ合同会社,大阪府和泉市肥子町２丁目９番４３号,2017-03-08,合同会社
Ｄ－ｆａｍｅ　ＪＡＰＡＮ株式会社,広島県呉市西中央１丁目５番７号ＳＫビル１階,2017-03-08,株式会社
ＤＡＮＧＥＮ　ＥＮＴＥＲＴＡＩＮＭＥＮＴ株式会社,大阪府大阪市中央区高麗橋４丁目７番５号,2017-03-08,株式会社
Ｄａｉｓｅｎ　Ｅｎ・Ｍ株式会社,大阪府堺市堺区旭ヶ丘中町１丁１番１０－４号,2017-03-08,株式会社
Ｄｒｅａｍ　ｗａｌｋ株式会社,東京都世田谷区新町２丁目１番１３号,2017-03-08,株式会社
ＥＡＳＴ　ＡＣＩ株式会社,山形県酒田市法連寺字茅針谷地５２番地の１,2017-03-08,株式会社
ＨＥＲＯＥＳ株式会社,東京都港区麻布十番２丁目８番１号,2017-03-08,株式会社
Ｈａｎａｚｏｎｏ株式会社,北海道虻田郡倶知安町字岩尾別３２８番地１,2017-03-08,株式会社
Ｈａｒｕｋａ株式会社,東京都世田谷区桜丘５丁目１３番１１－５０１号,2017-03-08,株式会社
Ｉｎｏｕｅ　Ｉｎｔｅｒｎａｔｉｏｎａｌ　Ｃｏｒｐｏｒａｔｉｏｎ合同会社,東京都渋谷区渋谷４丁目３番１０－１０１号グランドメゾン表参道,2017-03-08,合同会社
ＪＣＴ苫前ウインドファーム合同会社,千葉県市原市五井東３丁目６番地１３,2017-03-08,合同会社
Ｊｕｓｔ　Ｅｎｅｒｇｙ　Ｊａｐａｎ株式会社,東京都港区南麻布３丁目１９番２３号オーク南麻布ビル２階,2017-03-08,株式会社
ＫＯＣＯＲＯＨｏｍｅ’ｓ株式会社,埼玉県越谷市越ヶ谷２丁目７番地１－１Ｆ,2017-03-08,株式会社
ＫＲＥホールディング合同会社,岡山県久米郡久米南町上弓削１３４８番地１,2017-03-08,合同会社
Ｋａｎａａｔａ株式会社,東京都板橋区西台４丁目５番８－４０２号,2017-03-08,株式会社
ＬＥＧＡＲＥ株式会社,大阪府大阪市港区市岡元町２丁目１１番７号,2017-03-08,株式会社
ＬＵＣＫＹ　ＪＡＰＡＮ　ＩＮＴＥＲＮＡＴＩＯＮＡＬ合同会社,埼玉県加須市中央１丁目１３番１２号,2017-03-08,合同会社
ＭＡＩＬＥ株式会社,滋賀県大津市松原町１３番３９号,2017-03-08,株式会社
ＭＡＮＡＫＡＭＡＮＡ合同会社,東京都新宿区歌舞伎町２丁目２５番８－１１１号,2017-03-08,合同会社
ＭＩワークス株式会社,東京都世田谷区経堂２丁目１６番１１号,2017-03-08,株式会社
ＭＩＳ．Ｊ株式会社,神奈川県横浜市戸塚区下倉田町１７５６番地２４,2017-03-08,株式会社
ＭＭＲＥホールディング合同会社,岡山県美作市粟野７７７番地１,2017-03-08,合同会社
ＭｅｔｒｏＲｅｓｉｄｅｎｃｅｓ　Ｊａｐａｎ株式会社,東京都千代田区大手町１丁目９番２号大手町フィナンシャルシティグランキューブ３階,2017-03-08,株式会社
ＮＥＸＴ合同会社,神奈川県川崎市多摩区東三田３丁目１０番２－１２０６号,2017-03-08,合同会社
ＮＰＯ法人クローバーキッズ大刀洗,福岡県三井郡大刀洗町大字冨多８１９番地,2017-03-08,その他の設立登記法人
ＯＳ建工株式会社,神奈川県横浜市戸塚区上矢部町２８４番地８,2017-03-08,株式会社
Ｐｅｌｓｏｎａ企画株式会社,千葉県野田市山崎２７２１番地の１１８,2017-03-08,株式会社
ＲＥＣ　ＣＲＥＡＴＩＯＮ株式会社,愛知県知立市昭和１丁目１２番地４,2017-03-08,株式会社
Ｒｅｂａｒ　ｃｏｏｒｄｉｎａｔｅ　株式会社,茨城県笠間市吉岡４７番地９,2017-03-08,株式会社
Ｓ．Ｉ．ＥＮＥＲＧＹ１号合同会社,東京都港区港南２丁目１６番２号太陽生命品川ビル２８階,2017-03-08,合同会社
ＳＨＥＲＰＡ株式会社,栃木県栃木市大平町富田字熊ノ内４３４番２長山店舗,2017-03-08,株式会社
ＳＯＦＡ合同会社,東京都世田谷区池尻２丁目２６番１０号,2017-03-08,合同会社
ＳＴＡＲ　ＪＡＭ合同会社,東京都板橋区蓮根２丁目２７番１２号,2017-03-08,合同会社
ＳＴＥＰＬＡＮ株式会社,長崎県佐世保市桑木場町１０７１番地,2017-03-08,株式会社
ＳＴＵＤＩＯ　ＭＡＳＳＫＥＴ株式会社,東京都中野区中野５丁目４８番１号ライオンズシティ中野３０９,2017-03-08,株式会社
Ｓｔａｂｌｅ　ｃｒａｆｔ株式会社,埼玉県越谷市川柳町１丁目４３８番地１,2017-03-08,株式会社
ＴＹ資産管理株式会社,福岡県久留米市城南町１３番地６－１５０１号,2017-03-08,株式会社
ＴａｋｅｎＡｂａｃｋ株式会社,大阪府大阪市北区堂山町１－５三共梅田ビル６階,2017-03-08,株式会社
Ｔａｋｕｍｉ合同会社,千葉県松戸市日暮１丁目５番地の１６阿部ビル１０１,2017-03-08,合同会社
Ｔｏｍｏｒｒｏｗｃｏｒｐｏｒａｔｉｏｎ株式会社,兵庫県神戸市東灘区西岡本７丁目１７番１－４０１号,2017-03-08,株式会社
ＴｕＴｕ株式会社,神奈川県川崎市中原区新丸子東２丁目９２４番６号,2017-03-08,株式会社
ＵＧＳ＆Ｃｏｍｐａｎｙ合同会社,東京都中野区東中野１丁目１５番１４号イーグルクイーン２－Ａ,2017-03-08,合同会社
ＵＵＲＯ　ＪＡＰＡＮ株式会社,京都府木津川市兜台３丁目１０番地９西側,2017-03-08,株式会社
ＷＢＷ　ＪＡＰＡＮ合同会社,福岡県福岡市早良区百道浜４丁目３１番１－７０７号,2017-03-08,合同会社
ＷＩＳＥ企画合同会社,東京都足立区東和３丁目１３番１号,2017-03-08,合同会社
Ｗｉｌｌ　Ｄｅｓｉｇｎ株式会社,京都府京都市上京区烏丸通寺之内上る相国寺門前町６４７,2017-03-08,株式会社
ＹＥＳＵＩ　ＫＨＡＴＨＡ合同会社,東京都新宿区新宿１丁目９番４号,2017-03-08,合同会社
ｂｅｎｉｗ合同会社,東京都渋谷区富ヶ谷２丁目４番１３号ＤＵＯ富ケ谷２０２号室,2017-03-08,合同会社
ｂｏｎｄ合同会社,滋賀県近江八幡市鷹飼町２２番地１９,2017-03-08,合同会社
ｄｅｆｔ株式会社,千葉県柏市西原５丁目１４番５２号,2017-03-08,株式会社
ｉｋｉｋｉ株式会社,神奈川県横浜市都筑区高山５番１ビューハイツ高山２０８号,2017-03-08,株式会社
ｍ．ｓ．ｔ．プロダクツ合同会社,東京都目黒区祐天寺２丁目１６番８号シャレー祐天寺カワベ第１０－４０２,2017-03-08,合同会社
ｍｏｍｏ合同会社,東京都新宿区新宿７丁目２６番７号,2017-03-08,合同会社
ｍｕｔａ　ＪＡＰＡＮ株式会社,東京都渋谷区神宮前３丁目１８番３０号,2017-03-08,株式会社
ｕｎ　ｆｉｎ　Ｇｒａｃｅ株式会社,千葉県松戸市上本郷８８９番地１,2017-03-08,株式会社
さとう工業株式会社,岡山県浅口市寄島町９４６８－１,2017-03-09,株式会社
そなえ負荷試験株式会社,東京都品川区二葉１丁目１０番８号大阪屋マンション３０３,2017-03-09,株式会社
みなみ北海道農業共済組合,北海道苫小牧市若草町５丁目５番３号,2017-03-09,その他の設立登記法人
アクア工業株式会社,滋賀県守山市守山２丁目１２番３３号,2017-03-09,株式会社
アサブ株式会社,北海道札幌市北区新川四条３丁目５番１３号,2017-03-09,株式会社
アプレック合同会社,東京都中央区日本橋浜町２丁目５６番４号グレース浜町公園４０２号,2017-03-09,合同会社
アルファー株式会社,埼玉県八潮市大字柳之宮５４番地,2017-03-09,株式会社
アル・ケイ・グルプ・トレディング・プライベート・リミテド,東京都八王子市山田町１６７７番地１７号鈴木ハイツＡ１０７号,2017-03-09,外国会社等
アートインテリアホールディングス株式会社,東京都昭島市緑町３丁目２２番２号－２Ｆ,2017-03-09,株式会社
インテグラル合同会社,岡山県岡山市北区富田町２丁目５番１３号グランツコートⅡ８０２号,2017-03-09,合同会社
ウィングオーシャン合同会社,千葉県千葉市花見川区こてはし台６丁目２５番１８号,2017-03-09,合同会社
エスタリア・エヘニア株式会社,埼玉県所沢市宮本町２丁目３－７－２０２号,2017-03-09,株式会社
エビス．ＪＤ株式会社,兵庫県尼崎市神田中通３丁目６５番地,2017-03-09,株式会社
エボーシュ株式会社,兵庫県川西市清和台東４丁目１９番地の５９,2017-03-09,株式会社
エムズハート株式会社,大阪府東大阪市箕輪２丁目５番５６号,2017-03-09,株式会社
エレクス合同会社,埼玉県入間市久保稲荷１丁目２４番地１０,2017-03-09,合同会社
エースビルド株式会社,神奈川県相模原市中央区横山台１丁目３７番４３号,2017-03-09,株式会社
キャリアリンクファクトリー株式会社,兵庫県姫路市豊沢町１３７番地,2017-03-09,株式会社
キャロット株式会社,東京都練馬区東大泉３丁目３２番２号,2017-03-09,株式会社
クラフト電工株式会社,兵庫県神戸市長田区東尻池町１丁目５番２０号,2017-03-09,株式会社
クリアアドバンス株式会社,福島県郡山市小原田２丁目１９番１６号,2017-03-09,株式会社
クロスガード株式会社,福岡県福岡市中央区小笹４丁目１２番１２－２０８号,2017-03-09,株式会社
ケイスリー・ヘルスケア合同会社,東京都港区西新橋１丁目６番１２号ＵＢＩキャピタル株式会社内,2017-03-09,合同会社
コネクト合同会社,神奈川県横浜市神奈川区六角橋３丁目４番１２号,2017-03-09,合同会社
コンカジャパン株式会社,東京都港区南青山１丁目１７番４号プレイム青山３Ｆ３０７,2017-03-09,株式会社
サクラフラシア株式会社,神奈川県海老名市中央３丁目１番１７－１２１０号,2017-03-09,株式会社
サムライカットジャパン株式会社,東京都港区南青山５丁目１７－２,2017-03-09,株式会社
サントリーＢＷＳ株式会社,東京都港区台場２丁目３番３号,2017-03-09,株式会社
ジョイントＦＴ株式会社,東京都港区赤坂２丁目８番１１号,2017-03-09,株式会社
スカイライン貿易株式会社,東京都練馬区南大泉４丁目３２番３０号,2017-03-09,株式会社
スマートハウス・アソシエーション事業協同組合,神奈川県藤沢市辻堂１丁目１番１１号,2017-03-09,その他の設立登記法人
セダークリーク株式会社,東京都渋谷区広尾５丁目１番９号,2017-03-09,株式会社
センチュリー保証株式会社,埼玉県幸手市東２丁目８番６号,2017-03-09,株式会社
ソフィア合同会社,東京都杉並区西荻南３丁目８番１６－８０５号,2017-03-09,合同会社
ツインテック株式会社,埼玉県和光市本町３１番１６号,2017-03-09,株式会社
テラルクス株式会社,大阪府泉南郡熊取町希望が丘２丁目８番１９号,2017-03-09,株式会社
ディアメディア株式会社,東京都品川区北品川５丁目５番１５号大崎ブライトコア４階ＳＨＩＰ,2017-03-09,株式会社
トゥルーエムメディカル株式会社,広島県福山市幕山台７丁目２番１９号,2017-03-09,株式会社
トライスター合同会社,神奈川県横浜市中区海岸通４丁目２３番地,2017-03-09,合同会社
トラストプラン合同会社,埼玉県さいたま市浦和区常盤７丁目１２番６号,2017-03-09,合同会社
ニューフィールド株式会社,兵庫県神戸市中央区中山手通１丁目２２番１８－４０１号,2017-03-09,株式会社
フォーストリングスジャパン合同会社,群馬県高崎市井野町５１番地９,2017-03-09,合同会社
ブレインワークス合同会社,東京都渋谷区幡ヶ谷３丁目３９番１２号渋谷ウエストビル１階,2017-03-09,合同会社
プロトライブ株式会社,東京都千代田区丸の内１丁目８番３号,2017-03-09,株式会社
ベルジャヤ沖縄インベストメント合同会社,東京都港区虎ノ門４丁目３番１３号ヒューリック神谷町ビル６階青山綜合会計事務所内,2017-03-09,合同会社
ミルフル合同会社,北海道上川郡清水町本通３丁目１３番地,2017-03-09,合同会社
ユニクラ自工株式会社,愛知県名古屋市港区十一屋２丁目３７８番地,2017-03-09,株式会社
ヨシケンハウス工業株式会社,愛知県名古屋市天白区平針４丁目１００２番地,2017-03-09,株式会社
ヨネシマホールディング株式会社,兵庫県宝塚市千種４丁目１３番３０号,2017-03-09,株式会社
リリー株式会社,福岡県糟屋郡粕屋町大字仲原１８２７番地５,2017-03-09,株式会社
ヴィオラ株式会社,東京都武蔵野市吉祥寺東町２丁目６番１６号,2017-03-09,株式会社
一般社団法人やまもり犬山,愛知県犬山市大字五郎丸字新田組１３番地５,2017-03-09,その他の設立登記法人
一般社団法人イレブンファンデーション,東京都葛飾区堀切２丁目２２番１８号,2017-03-09,その他の設立登記法人
一般社団法人備北メディカルネットワーク,広島県三次市十日市東３丁目１６番１号,2017-03-09,その他の設立登記法人
一般社団法人四季の援,愛知県名古屋市西区名西２丁目５番５号,2017-03-09,その他の設立登記法人
一般社団法人岡山はぐくみ療育会,岡山県岡山市北区今８丁目２番地２７ＲＭハイツ２０２号室,2017-03-09,その他の設立登記法人
一般社団法人日光東照宮関東葵講,埼玉県さいたま市西区大字佐知川２２８番地７２,2017-03-09,その他の設立登記法人
一般社団法人日本ジビエ振興協会,長野県茅野市北山５５１３番地１４２,2017-03-09,その他の設立登記法人
一般社団法人日本バイオテクノロジー認証機構,東京都千代田区麹町２丁目４－１０三誠堂ビル６階,2017-03-09,その他の設立登記法人
一般社団法人日本出版美術家連盟,東京都千代田区内神田２丁目２番５号,2017-03-09,その他の設立登記法人
一般社団法人相談の窓口,東京都千代田区富士見２丁目４番６号,2017-03-09,その他の設立登記法人
一般社団法人社会保障アカデミー協会,埼玉県越谷市南越谷１丁目１番５２号,2017-03-09,その他の設立登記法人
一般社団法人道しるべ,兵庫県尼崎市大島１丁目３０番１７号,2017-03-09,その他の設立登記法人
一般社団法人長野県ゴルフ振興基金,長野県北佐久郡立科町大字茂田井２１１番地,2017-03-09,その他の設立登記法人
一般社団法人飛驒高山大学設立基金,岐阜県高山市西町７１番地,2017-03-09,その他の設立登記法人
一般社団法人鳳縁会,埼玉県川口市戸塚東３丁目１２番２２号,2017-03-09,その他の設立登記法人
一般社団法人ＤＰＬＳ　ＪＡＰＡＮ,東京都中央区築地２丁目１０番４号,2017-03-09,その他の設立登記法人
一般社団法人Ｇｌｏｂａｌ　Ａｔｈｌｅｔｅ　Ｓｕｐｐｏｒｔ　Ａｓｓｏｃｉａｔｉｏｎ,東京都目黒区祐天寺２丁目９番９号,2017-03-09,その他の設立登記法人
一般社団法人ＫｕｎＫｕｎ,東京都世田谷区池尻２丁目４－５ＩＩＤ世田谷ものづくり学校,2017-03-09,その他の設立登記法人
一般社団法人ＬＥＧＩＯＮ,東京都豊島区東池袋３丁目２１番２１－３８１０号,2017-03-09,その他の設立登記法人
一般社団法人ＮＥＸＵＳ,東京都豊島区東池袋３丁目２１番２１－３８１０号,2017-03-09,その他の設立登記法人
一般社団法人Ｓｉｌｖａ,神奈川県横浜市西区北幸１丁目１１－１水信ビル７階,2017-03-09,その他の設立登記法人
一般社団法人Ｔｓｕｂｏｍｉ,岩手県上閉伊郡大槌町小鎚第２３地割１番地３７,2017-03-09,その他の設立登記法人
一般財団法人日本先端医療財団,大阪府大阪市北区豊崎２丁目７番５号,2017-03-09,その他の設立登記法人
一般財団法人障がいこころの会,愛知県春日井市高蔵寺町北３丁目１番地１２,2017-03-09,その他の設立登記法人
三陸農材株式会社,岩手県久慈市旭町第９地割９５番地アベニューＡＳＡＨＩ３０３号,2017-03-09,株式会社
中野二丁目土地区画整理組合,東京都中野区中野２丁目２５番８号,2017-03-09,その他
京秀合同会社,東京都北区豊島１丁目２１番６号王子パレス１０１,2017-03-09,合同会社
京葉ファシリティサービス株式会社,千葉県千葉市中央区新千葉２丁目８番７号,2017-03-09,株式会社
信維通信日本株式会社,神奈川県横浜市港北区新横浜１丁目１７番１２号インテリックス新横浜ビル３階Ａ号室,2017-03-09,株式会社
健成株式会社,岩手県久慈市長内町第４６地割１７番地１,2017-03-09,株式会社
優翔巧業株式会社,青森県八戸市江陽１丁目２６番１５号クリストフル江陽Ｄ１０２,2017-03-09,株式会社
内外海運株式会社,大阪府大阪市中央区南本町２丁目４番３号,2017-03-09,株式会社
北山オートセンター株式会社,京都府京都市北区上賀茂岡本口町１８番地,2017-03-09,株式会社
北村企画合同会社,岡山県岡山市北区学南町２丁目５番４０号,2017-03-09,合同会社
北海総合システム株式会社,北海道札幌市厚別区厚別西一条３丁目２番２０号メゾン小林１０８号,2017-03-09,株式会社
北港インベスト一般社団法人,東京都千代田区平河町１丁目６番１５号シルスフィア会計事務所内,2017-03-09,その他の設立登記法人
匠ファイナンシャル・アドバイザリー合同会社,東京都大田区田園調布１丁目３７－６,2017-03-09,合同会社
医療法人しらい歯科クリニック,香川県三豊市三野町大見甲３８５７番地１,2017-03-09,その他の設立登記法人
医療法人ラヴィール,福島県郡山市大槻町字三ッ坦７番地の７,2017-03-09,その他の設立登記法人
医療法人社団くどうちあき脳神経外科クリニック,東京都大田区大森北１丁目２３番１０号ナンカ堂ビル３階,2017-03-09,その他の設立登記法人
医療法人社団ことのは,東京都墨田区両国３丁目１９番５号シュタム両国ビル２０１号,2017-03-09,その他の設立登記法人
医療法人社団どんぐり皮膚科,東京都大田区北千束３丁目２８番１４号大岡山テラッチビル２階,2017-03-09,その他の設立登記法人
医療法人社団デンタルオフィス下北沢,東京都世田谷区代田６丁目６番１号ユニゾ下北沢ビル２階,2017-03-09,その他の設立登記法人
医療法人社団ラルゴ,東京都世田谷区奥沢２丁目４番１０号１階,2017-03-09,その他の設立登記法人
医療法人社団一佳会,東京都江東区深川１丁目９番１０号小西ビル２０１号,2017-03-09,その他の設立登記法人
医療法人社団久福会,東京都豊島区池袋３丁目２８番３号,2017-03-09,その他の設立登記法人
医療法人社団優腎会,東京都練馬区田柄２丁目５２番１０号第１０藤ビル５階,2017-03-09,その他の設立登記法人
医療法人社団向日葵活き粋在宅クリニック,北海道北広島市大曲光２丁目１番地８ＢＲＩＯ２３　１０３Ｔ号,2017-03-09,その他の設立登記法人
医療法人社団哲進会,東京都世田谷区北烏山７丁目２番１７号サンフラワー烏山１階,2017-03-09,その他の設立登記法人
医療法人社団忠医会,東京都足立区島根３丁目１７番８号,2017-03-09,その他の設立登記法人
医療法人社団恵光会,東京都世田谷区桜３丁目１６番７号ドウェルフジビル１階,2017-03-09,その他の設立登記法人
医療法人社団星集会,東京都中央区銀座５丁目５番１４号ＧＩＮＺＡＧＡＴＥＳ５階,2017-03-09,その他の設立登記法人
医療法人社団晴嵐会,東京都狛江市中和泉５丁目１４番１号１階,2017-03-09,その他の設立登記法人
医療法人社団森川,東京都大田区久が原５丁目１４番１４号ライオンズプラザ久が原１０１号室,2017-03-09,その他の設立登記法人
医療法人社団海翔会,東京都大田区蒲田１丁目７番１４号１階,2017-03-09,その他の設立登記法人
医療法人社団祐志会,東京都武蔵野市境南町２丁目７番２１号ダイアパレス武蔵境Ⅰ－２階,2017-03-09,その他の設立登記法人
医療法人社団腎研記念会,東京都新宿区高田馬場１丁目３３番１３号千年ビル２階,2017-03-09,その他の設立登記法人
医療法人社団誠次会,東京都中央区京橋３丁目４番２号フォーチュンビル２階,2017-03-09,その他の設立登記法人
医療法人社団鉄音会,東京都文京区本郷４丁目２番８号フローラビルディング２階,2017-03-09,その他の設立登記法人
医療法人青空会,長崎県西彼杵郡長与町高田郷９２３－１,2017-03-09,その他の設立登記法人
医療法人ＭＳＪ,鹿児島県鹿児島市東千石町２─１４プレール東千石１階,2017-03-09,その他の設立登記法人
医療法人ｍｉｒａｉ,北海道北広島市大曲幸町４丁目４番地２,2017-03-09,その他の設立登記法人
南港リース株式会社,東京都大田区南六郷２丁目３５番１－１１０５号,2017-03-09,株式会社
厨輝企画株式会社,東京都豊島区巣鴨５丁目１４番１２号,2017-03-09,株式会社
友成国際株式会社,大阪府東大阪市御厨南３丁目１番３７－５０６号,2017-03-09,株式会社
司法書士法人アコード,東京都国立市東１丁目１５番地２１,2017-03-09,その他の設立登記法人
合同会社おくすり便,大阪府大阪市中央区南船場３丁目６番１－４１３号,2017-03-09,合同会社
合同会社すーぱーぐっどうぇーぶ,東京都港区虎ノ門１丁目１６番６号虎ノ門ＲＡＰＯ－ＴＯビルＵＣＦ７０３,2017-03-09,合同会社
合同会社だいまるメゾン,北海道札幌市中央区宮の森二条１７丁目９番２３号,2017-03-09,合同会社
合同会社ほのぼの,愛媛県新居浜市庄内町３丁目１２番２号,2017-03-09,合同会社
合同会社まちかど企画,東京都港区南青山５丁目１０番１４号,2017-03-09,合同会社
合同会社アイザワ,神奈川県横浜市瀬谷区相沢６丁目３９番地の６,2017-03-09,合同会社
合同会社アクシス,愛知県名古屋市昭和区山脇町１丁目３番地ドゥーシェ山脇４０４,2017-03-09,合同会社
合同会社ウィル,愛知県名古屋市北区志賀本通２丁目４０番地,2017-03-09,合同会社
合同会社エディックス,千葉県松戸市高塚新田５１２－１０－１号棟４０８号室,2017-03-09,合同会社
合同会社エムオーマネジメント,宮城県仙台市宮城野区榴岡２丁目３番２８号１階,2017-03-09,合同会社
合同会社エムズ企画,神奈川県川崎市川崎区南町２番１１号ＰＨビル３０１,2017-03-09,合同会社
合同会社エムツーオート,千葉県印西市若萩２丁目２９番地７,2017-03-09,合同会社
合同会社エリア,東京都府中市是政３丁目４１番地の１１コートウィスタリア１０３,2017-03-09,合同会社
合同会社エントリー,埼玉県草加市草加５丁目１０番１３号エクセル松原１０１号室,2017-03-09,合同会社
合同会社カーサだいまる,北海道札幌市中央区宮の森二条１７丁目９番２３号,2017-03-09,合同会社
合同会社キノシタ,埼玉県越谷市レイクタウン５丁目１９番地５グランジュテ３０３,2017-03-09,合同会社
合同会社キミドリ,東京都町田市南町田１丁目１７番３号,2017-03-09,合同会社
合同会社キーアップ,北海道札幌市北区屯田七条２丁目９番８号パルミラタウンＡ－１０号,2017-03-09,合同会社
合同会社ギャラリー高輪ＡＯ,東京都港区高輪１丁目１１番８号,2017-03-09,合同会社
合同会社サンクリエイト,東京都北区赤羽２丁目３３番１１号,2017-03-09,合同会社
合同会社サンナナ,東京都新宿区住吉町二丁目１４番四谷曙橋ビル３階,2017-03-09,合同会社
合同会社シナダ,千葉県千葉市中央区今井１丁目２１番７－４０３,2017-03-09,合同会社
合同会社シモダホーム,熊本県熊本市北区龍田陳内４丁目１８番１４号,2017-03-09,合同会社
合同会社ジョイントシーズ,群馬県太田市宝町８６２－７,2017-03-09,合同会社
合同会社ジーアンドエム・ビルダー,埼玉県さいたま市見沼区大字御蔵１２３８－１３,2017-03-09,合同会社
合同会社スピカ・プロパティ,岡山県岡山市北区富田町１丁目２番２７号（６０１）,2017-03-09,合同会社
合同会社スマートレバレッジ,東京都港区三田５丁目１３番８－７０１号,2017-03-09,合同会社
合同会社セプト,群馬県安中市原市３０８２番地１４,2017-03-09,合同会社
合同会社ゼルク,大阪府藤井寺市林１丁目１５番３０号,2017-03-09,合同会社
合同会社タイジャパンリアルエステート,神奈川県横浜市鶴見区下末吉６丁目７番１５号,2017-03-09,合同会社
合同会社タップ,埼玉県東松山市若松町１丁目２番３号,2017-03-09,合同会社
合同会社トラビス,東京都港区新橋２丁目２０番１５号新橋駅前ビル壱号館６階,2017-03-09,合同会社
合同会社トンガリ,北海道釧路市春日町４番３号,2017-03-09,合同会社
合同会社ネモトプロモーション,東京都台東区根岸１丁目６番１０号,2017-03-09,合同会社
合同会社ハピネス,青森県八戸市小中野３丁目１７番地１２号,2017-03-09,合同会社
合同会社ヒラクコトバ,愛知県稲沢市日下部西町２丁目５６番地５,2017-03-09,合同会社
合同会社フォレスト,東京都国分寺市内藤２丁目２８番地３リジェールアントルポ２０２,2017-03-09,合同会社
合同会社ブリランテ・ワン,東京都品川区東品川２丁目５番６－１９０９号,2017-03-09,合同会社
合同会社マーケットテイラー,東京都港区三田５丁目１番２号,2017-03-09,合同会社
合同会社メゾンフランＺ,兵庫県豊岡市日高町土居３９２番地の４,2017-03-09,合同会社
合同会社メディコーポレーション,茨城県土浦市西根西１丁目６－２３,2017-03-09,合同会社
合同会社ユナイト貿易,埼玉県川口市西川口４丁目１９番３７－５０５号イニシア川口グランリュクス,2017-03-09,合同会社
合同会社ラストキャピタル,東京都中央区日本橋３丁目２番１４号,2017-03-09,合同会社
合同会社リル計電装,兵庫県神戸市須磨区飛松町２丁目１番２０－７０２号,2017-03-09,合同会社
合同会社ロトス,京都府京都市北区衣笠天神森町７８,2017-03-09,合同会社
合同会社三榮工業,福岡県北九州市小倉南区徳力６丁目１２番２３号２０５,2017-03-09,合同会社
合同会社公寓,東京都荒川区西日暮里２丁目２５番１号,2017-03-09,合同会社
合同会社古川建設,長野県小県郡長和町大門１１１６番地１,2017-03-09,合同会社
合同会社吉巧業,沖縄県沖縄市東１丁目２５番６－３０３号,2017-03-09,合同会社
合同会社吉田屋,島根県浜田市瀬戸ケ島町２８番地６,2017-03-09,合同会社
合同会社和希,広島県尾道市美ノ郷町三成４１２番地,2017-03-09,合同会社
合同会社室蘭エンドレス,北海道室蘭市宮の森町２丁目１番４０号,2017-03-09,合同会社
合同会社御所南不動産,京都府京都市中京区油小路通丸太町下る大文字町４５番地デ・リード府庁前８０２号,2017-03-09,合同会社
合同会社播羊化学研究所,兵庫県相生市矢野町榊２７２番地１,2017-03-09,合同会社
合同会社新日本美装,京都府京都市南区西九条川原城町２５－１,2017-03-09,合同会社
合同会社日向工房,宮崎県宮崎市吉村町西田甲６４３番地１ＴＰＣＶ３０２号,2017-03-09,合同会社
合同会社東京がんま,東京都新宿区新宿２丁目１３番１０号,2017-03-09,合同会社
合同会社榮咲工業,岡山県倉敷市児島小川４丁目８番６１６号,2017-03-09,合同会社
合同会社武蔵野環境都市開発,東京都新宿区西新宿３丁目５番３号西新宿ダイヤモンドパレス３０６号,2017-03-09,合同会社
合同会社水出,千葉県船橋市薬円台５丁目３０番１－４０４号,2017-03-09,合同会社
合同会社浦田組,東京都足立区花畑１丁目２２番９号,2017-03-09,合同会社
合同会社真幸サービス,埼玉県入間市大字中神１０４８番地,2017-03-09,合同会社
合同会社莉來コーポレーション,宮城県仙台市青葉区貝ケ森３丁目４番２号,2017-03-09,合同会社
合同会社豊栄建設,長野県上田市前山１８９番地１２,2017-03-09,合同会社
合同会社長崎溝江商會,長崎県長崎市古川町８番１６－５０１号,2017-03-09,合同会社
合同会社鳳食品,山口県岩国市周東町下久原６９７－２,2017-03-09,合同会社
合同会社麗和,埼玉県さいたま市浦和区常磐八丁目１４番２４－１２１８号,2017-03-09,合同会社
合同会社ＡＲＣＩＯＮ,東京都品川区平塚１丁目７番１６号カスタリア戸越駅前３１６,2017-03-09,合同会社
合同会社ＧＩＦＴ,埼玉県川越市月吉町１６番地３２,2017-03-09,合同会社
合同会社ＧＰＦ,鹿児島県鹿児島市吉野町８７４４番地２２,2017-03-09,合同会社
合同会社ＩＳＨＩＩ,神奈川県大和市下和田７５１番地２,2017-03-09,合同会社
合同会社Ｋ’ｓ　ｍａｎａｇｅｍｅｎｔ,東京都江東区東雲１丁目９番４１－１０１０号,2017-03-09,合同会社
合同会社ＫＣＲ,東京都多摩市鶴牧４丁目１番地の１－１０３,2017-03-09,合同会社
合同会社Ｋａｍｉｔｓｕｋｉ,東京都武蔵野市吉祥寺本町４丁目７番６号,2017-03-09,合同会社
合同会社Ｌａｐｐｙ　Ｓｙｓｔｅｍｓ,千葉県千葉市若葉区川井町１１６番地１,2017-03-09,合同会社
合同会社ＭＫデザイン,福岡県みやま市瀬高町長田３０３４番地,2017-03-09,合同会社
合同会社ＮＫＡＭ,東京都中央区銀座７丁目１３番６号サガミビル２階,2017-03-09,合同会社
合同会社ＰＬＡＣ通商,東京都新宿区百人町２丁目１番１号,2017-03-09,合同会社
合同会社ＲＤ－ＧＡＴＥ,大阪府豊中市走井１丁目１１番１３号,2017-03-09,合同会社
合同会社Ｓｈｉｅ　Ｄａｎｃｅ　Ａｃａｄｅｍｙ,埼玉県日高市武蔵台１丁目２３番の１,2017-03-09,合同会社
合同会社Ｔ・フォレスト,長野県長野市安茂里小市２丁目３番２５号,2017-03-09,合同会社
合同会社ＴＯＫＹＯ　ＲＡＢＢＩＴ,東京都中野区野方２丁目６３番１１号ルピナスヤマジ３０３,2017-03-09,合同会社
合名会社ワタル企画,山口県下関市豊浦町大字厚母郷３番地８１,2017-03-09,合名会社
味工房小諸すみれ,長野県小諸市大字御影新田２１０７－１,2017-03-09,その他
堀本商事株式会社,大阪府堺市西区浜寺昭和町２丁２８９番地２,2017-03-09,株式会社
大久保不動産合同会社,三重県松阪市中林町３５４番地２,2017-03-09,合同会社
大同エコシステム合同会社,東京都足立区谷中２丁目１８番１５号,2017-03-09,合同会社
大日整工株式会社,大阪府和泉市尾井町１２７１番,2017-03-09,株式会社
太平洋鮪株式会社,愛媛県松山市萱町６丁目１３１番地３,2017-03-09,株式会社
宇鵬株式会社,福島県郡山市日和田町字南原２番地の２０５,2017-03-09,株式会社
安比塗企業組合,岩手県八幡平市叺田２３０番地,2017-03-09,その他の設立登記法人
安葉合同会社,東京都八王子市中野山王２丁目１２－２１,2017-03-09,合同会社
宝聚合同会社,三重県いなべ市大安町石榑南３７４番地,2017-03-09,合同会社
尽誠不動産株式会社,兵庫県明石市大久保町江井島１６６９番地５－８１０,2017-03-09,株式会社
山和興産株式会社,東京都江戸川区鹿骨４丁目２５番１７－６０３号,2017-03-09,株式会社
山都エンジニアリング株式会社,埼玉県新座市石神２丁目２番３２号,2017-03-09,株式会社
川常株式会社,和歌山県御坊市湯川町財部８１３番地４,2017-03-09,株式会社
平原区自治会　むらづくり委員会,奈良県吉野郡下市町大字平原４７７－１,2017-03-09,その他
幸工業株式会社,岡山県倉敷市連島中央５丁目２９番３３号カリーノカーネＡ棟１０２,2017-03-09,株式会社
斉盛商事株式会社,茨城県つくば市東２丁目３０番地９,2017-03-09,株式会社
日本ペット総合研究所株式会社,東京都渋谷区松濤１丁目１８番１６号,2017-03-09,株式会社
日本漢方開発センター株式会社,東京都台東区寿３丁目５番１号寿ＩＳビル２Ｆ,2017-03-09,株式会社
曲〆高橋水産株式会社,北海道札幌市中央区北十二条西２０丁目１番１０号,2017-03-09,株式会社
有限会社ヨネマル,福岡県田川郡大任町大字今任原５６番地の１,2017-03-09,有限会社
札幌グランカルム株式会社,北海道札幌市清田区平岡公園東５丁目４番６号,2017-03-09,株式会社
村田肉牛牧場株式会社,北海道釧路市阿寒町旭町１丁目４番１号,2017-03-09,株式会社
東京Ｋ＆Ｙ合同会社,東京都墨田区東向島３丁目３番５号,2017-03-09,合同会社
東山魁夷記念一般財団法人,千葉県市川市中山１丁目１７番３号,2017-03-09,その他の設立登記法人
東昇商事株式会社,愛媛県松山市南高井町１９３９番地５,2017-03-09,株式会社
東海興業ホールディングス株式会社,愛知県大府市長根町４丁目１番地,2017-03-09,株式会社
株式会社あおば川手クリーニング,神奈川県横浜市青葉区元石川町３７１６番地１０,2017-03-09,株式会社
株式会社かかしプロダクツ,埼玉県さいたま市桜区中島１丁目２４番７号,2017-03-09,株式会社
株式会社さつき,愛媛県松山市古川西２丁目８番１号,2017-03-09,株式会社
株式会社すずらん,福島県いわき市内郷高坂町高橋９３番地の４,2017-03-09,株式会社
株式会社すてっぷ・ばい・すてっぷ,埼玉県越谷市南越谷４丁目１８番地１,2017-03-09,株式会社
株式会社すまらいふ,埼玉県所沢市大字山口７６４番地の２フラッツ西所沢１０５,2017-03-09,株式会社
株式会社ともえ不動産,東京都八王子市千人町２丁目２０番５号,2017-03-09,株式会社
株式会社ふたば・不動産,千葉県成田市馬橋２番地１１,2017-03-09,株式会社
株式会社アイエムジー,京都府京都市伏見区深草五反田町６番地９,2017-03-09,株式会社
株式会社アップストリーム,埼玉県さいたま市緑区芝原３丁目３０番地１６,2017-03-09,株式会社
株式会社アドライフ,富山県富山市掛尾町２２３番地,2017-03-09,株式会社
株式会社アニメワールドイベント,東京都中野区新井２丁目６番１２号ポールスタービル２階,2017-03-09,株式会社
株式会社アビリティブルーム,東京都港区西新橋１丁目２４番１６号,2017-03-09,株式会社
株式会社アルテシマ,東京都渋谷区笹塚１丁目２９番３号,2017-03-09,株式会社
株式会社アルファセラミック,埼玉県川越市中台南１丁目１０番地１０,2017-03-09,株式会社
株式会社アンサー,兵庫県神戸市西区天王山２６番地の９,2017-03-09,株式会社
株式会社インターパーソナルデザイン,京都府京都市下京区七条御所ノ内本町８８番地１西大路ビル４階,2017-03-09,株式会社
株式会社インテリアタナカ,東京都豊島区高田２丁目２番３号リバーストンビル１階,2017-03-09,株式会社
株式会社イージークレー,栃木県下都賀郡壬生町大字壬生丁７６番地７,2017-03-09,株式会社
株式会社ウインドリー岩手,岩手県花巻市石鳥谷町戸塚第１４地割３２番地,2017-03-09,株式会社
株式会社ウェルサポート,山梨県甲府市岩窪町２０７－１,2017-03-09,株式会社
株式会社エアフォルクス,埼玉県白岡市小久喜８４４番地１１,2017-03-09,株式会社
株式会社エイコエステート,福岡県福岡市中央区大名２丁目２番４１号,2017-03-09,株式会社
株式会社エイチ,神奈川県川崎市川崎区京町２丁目９番２－６０７号コスモ川崎京町,2017-03-09,株式会社
株式会社エイチサイン,宮城県仙台市宮城野区高砂２丁目６番地の４,2017-03-09,株式会社
株式会社エイチ・ディ・ケー,大阪府堺市南区庭代台３丁１３番８－１０１号,2017-03-09,株式会社
株式会社エコライン,栃木県小山市大字羽川４６３番地４,2017-03-09,株式会社
株式会社エスエーエフ,大阪府大阪市西区南堀江３丁目１１番９号,2017-03-09,株式会社
株式会社エソール,埼玉県入間郡越生町大字上野６８９番地１,2017-03-09,株式会社
株式会社エトセキャラバン,広島県広島市西区商工センター２丁目８番２９号,2017-03-09,株式会社
株式会社エヌプラス,神奈川県平塚市袖ケ浜１７番２６号,2017-03-09,株式会社
株式会社エフ・クリエイト,福岡県福岡市中央区天神３丁目１６番１７号,2017-03-09,株式会社
株式会社エムアールトレーディング,神奈川県川崎市高津区下作延３丁目３番３１号,2017-03-09,株式会社
株式会社エムズ,千葉県千葉市中央区今井３丁目１２番１１号,2017-03-09,株式会社
株式会社エンゼル,千葉県柏市大塚町１番１３号能登ビル１階,2017-03-09,株式会社
株式会社エンネス,東京都江東区森下４丁目９番１２号１Ｆ,2017-03-09,株式会社
株式会社オリエンタルヘア,神奈川県横浜市鶴見区鶴見中央４丁目１５番１２号,2017-03-09,株式会社
株式会社オレンジブルーカンパニー,東京都台東区上野５丁目１９番８号,2017-03-09,株式会社
株式会社オートセンターヤマダ,愛知県名古屋市緑区徳重２丁目１０５番地,2017-03-09,株式会社
株式会社カットロック,東京都中野区中央１丁目２８番７号ジョイフル中野坂上２１１号,2017-03-09,株式会社
株式会社カツマ,福岡県福岡市東区原田３丁目４番４１号,2017-03-09,株式会社
株式会社キビングアス,東京都渋谷区松濤１丁目２６番２号,2017-03-09,株式会社
株式会社キャリアハウス,三重県鈴鹿市白子駅前１２－１５,2017-03-09,株式会社
株式会社キョウシンマネジメント,東京都国立市東２丁目２１番地の４６,2017-03-09,株式会社
株式会社クローバー・エージェンシー,埼玉県越谷市蒲生南町１９番５５号,2017-03-09,株式会社
株式会社グレース,徳島県徳島市南昭和町４丁目４４番地の１,2017-03-09,株式会社
株式会社グレースクリエイト,宮崎県都城市郡元町２６６１番地３,2017-03-09,株式会社
株式会社グンダーマンデザイン,茨城県つくば市北条２５６番地１,2017-03-09,株式会社
株式会社ケアリングハート,群馬県前橋市下小出町１丁目１３番地１０サンシャイン前橋１号室,2017-03-09,株式会社
株式会社ケイディーアール,埼玉県熊谷市石原２丁目１番地,2017-03-09,株式会社
株式会社コクア,大阪府大阪市住吉区我孫子西１丁目３番２２号,2017-03-09,株式会社
株式会社ゴールドフィールド,京都府京都市中京区間之町通押小路上る鍵屋町４８１番地４プチパレス烏丸御池７０１号,2017-03-09,株式会社
株式会社ゴールドリバティ,東京都世田谷区奥沢５丁目１８番１号リアン自由が丘１Ｆ,2017-03-09,株式会社
株式会社サイキョウ建興,埼玉県さいたま市緑区大字三室７１番地８,2017-03-09,株式会社
株式会社サザン工業,神奈川県大和市深見西７丁目３番１５号,2017-03-09,株式会社
株式会社サンサン不動産,大阪府堺市堺区新町３番３号,2017-03-09,株式会社
株式会社シャインコーディネイション,岡山県倉敷市福田町浦田２１６８番地１１２,2017-03-09,株式会社
株式会社ジャスト,埼玉県草加市新善町４８０エクセルチヅ２０３,2017-03-09,株式会社
株式会社ジーエスアール,埼玉県熊谷市石原２丁目１番地,2017-03-09,株式会社
株式会社ジーセレクト,東京都立川市柴崎町２丁目９－２５柴崎ドラゴン１号ビル３階,2017-03-09,株式会社
株式会社ジー・エージェンシー,東京都練馬区桜台６丁目５番２号,2017-03-09,株式会社
株式会社スコヒアファーマ,神奈川県藤沢市村岡東２丁目２６番地の１,2017-03-09,株式会社
株式会社スタジオブランク,東京都世田谷区桜丘３丁目２９番２５号,2017-03-09,株式会社
株式会社スポリティー,東京都調布市国領町５丁目２８－３８,2017-03-09,株式会社
株式会社センシング,東京都港区芝５丁目２９番２０号,2017-03-09,株式会社
株式会社ゼロコーポレーション,千葉県千葉市中央区宮崎町４７－１ライオンズマンション蘇我５番館６０２号,2017-03-09,株式会社
株式会社ソレイユ,大阪府大阪市中央区東心斎橋１丁目１２番１９号エイトビルヂング４階,2017-03-09,株式会社
株式会社タイヨウ・グローバル,茨城県水戸市河和田３丁目２３２９番地の１,2017-03-09,株式会社
株式会社ダイテック,新潟県長岡市緑町１丁目甲１１７７番地６４,2017-03-09,株式会社
株式会社チアーサービス,東京都渋谷区代々木２丁目１４番５号Ｆ２ビル６階,2017-03-09,株式会社
株式会社チョイズシステム,埼玉県さいたま市桜区道場２丁目１番１－１０５５号,2017-03-09,株式会社
株式会社テラスビジョン,青森県南津軽郡藤崎町大字藤崎字舘岡５９番地,2017-03-09,株式会社
株式会社デザインＣ,愛知県名古屋市名東区神丘町１丁目２６番地の１,2017-03-09,株式会社
株式会社デニムバル,岡山県倉敷市阿知２丁目２５番４１号,2017-03-09,株式会社
株式会社トップ,福岡県北九州市戸畑区牧山２丁目７番３２号,2017-03-09,株式会社
株式会社トップビジョン,東京都杉並区南荻窪４丁目１８番１０号,2017-03-09,株式会社
株式会社トラビス,埼玉県羽生市東４丁目６番１１号,2017-03-09,株式会社
株式会社ドラゴーネ,兵庫県神戸市灘区徳井町５丁目１番１４－１００２号,2017-03-09,株式会社
株式会社ドリーム,大阪府堺市南区小代２３３－１,2017-03-09,株式会社
株式会社ドリームキッズ,愛媛県松山市和泉南１丁目１２番１０号,2017-03-09,株式会社
株式会社ナットアセットマネジメント,愛知県あま市甚目寺沖田４３番地５,2017-03-09,株式会社
株式会社ニジュウ,埼玉県川口市南鳩ヶ谷４丁目２０番２号,2017-03-09,株式会社
株式会社ネクスト,東京都武蔵野市中町１丁目２７番１２号,2017-03-09,株式会社
株式会社ネクストエイム,熊本県球磨郡あさぎり町上西２３８,2017-03-09,株式会社
株式会社ネルコ,東京都港区麻布十番２丁目２番４－４０４号,2017-03-09,株式会社
株式会社ハイディメンション,神奈川県川崎市中原区上小田中３丁目２９番２－７２５号,2017-03-09,株式会社
株式会社ハマグチインターナショナル,高知県高知市廿代町１４番８号ＴＴビル２階南号室,2017-03-09,株式会社
株式会社パティスリーロリアン,石川県小松市龍助町６３番地,2017-03-09,株式会社
株式会社パーティーロック,東京都葛飾区四つ木３丁目２０番７号,2017-03-09,株式会社
株式会社パートナーメディカル,大阪府大阪市都島区東野田町２丁目８番１４号,2017-03-09,株式会社
株式会社ビジネスカウンセル,埼玉県越谷市神明町２丁目１８８番地１,2017-03-09,株式会社
株式会社ビヨンド,東京都世田谷区若林２丁目１７－９－４０３,2017-03-09,株式会社
株式会社ピカソフト,東京都小平市鈴木町１丁目３９０番地の８２,2017-03-09,株式会社
株式会社ファミリーグループ・ホールディングス,東京都足立区大谷田４丁目１番２０号,2017-03-09,株式会社
株式会社ファームテック,熊本県八代市八幡町７番６号,2017-03-09,株式会社
株式会社フィード,埼玉県さいたま市大宮区桜木町４丁目４２１番地４フィオーリ１０１,2017-03-09,株式会社
株式会社フィールド自動車,埼玉県上尾市二ツ宮９１２番地２,2017-03-09,株式会社
株式会社フェニックスリペアラー,東京都中央区日本橋箱崎町７番２号,2017-03-09,株式会社
株式会社フォーシーズンフーズ,兵庫県加古川市加古川町西河原９７番地の７サンロイヤル加古川リバージュⅡ号館１１１３号,2017-03-09,株式会社
株式会社フォーハンズ,東京都新宿区高田馬場３丁目１２番２号,2017-03-09,株式会社
株式会社フジライ,宮城県仙台市泉区南光台東２丁目２７番２４号,2017-03-09,株式会社
株式会社フリアンパン洋菓子店,群馬県沼田市高橋場町２０８１番地,2017-03-09,株式会社
株式会社フリーバードエンタテインメント,東京都三鷹市新川４丁目２１番１６号,2017-03-09,株式会社
株式会社フルキャストポーター,東京都品川区西五反田８丁目９番５号,2017-03-09,株式会社
株式会社フロムダスク,東京都墨田区太平４丁目１５番３－９０２号,2017-03-09,株式会社
株式会社ブルーム商事,大分県速見郡日出町３８０６番地２３,2017-03-09,株式会社
株式会社ブレススピリッツ,埼玉県川越市岸町３丁目４０番地３０,2017-03-09,株式会社
株式会社ブロウフィールド,埼玉県川口市坂下町３丁目３２番２８号,2017-03-09,株式会社
株式会社プライカット,岐阜県山県市大字梅原字行信２８９５－２,2017-03-09,株式会社
株式会社プロフェッショナルエージェント,東京都目黒区青葉台４丁目２－１０ライオンズステージ渋谷松見坂１０３,2017-03-09,株式会社
株式会社ヘアードレッシングゼル・ファミーユ,東京都江戸川区一之江７丁目８８番１２号,2017-03-09,株式会社
株式会社ヘルスケアマネジメントサポート,福岡県福岡市中央区港１丁目６番６号,2017-03-09,株式会社
株式会社マーベリックス,神奈川県大和市中央林間１丁目１番１１－２０５号,2017-03-09,株式会社
株式会社ミキ製作所,兵庫県姫路市飾磨区今在家９４５番地,2017-03-09,株式会社
株式会社ミズノヤ,埼玉県さいたま市南区沼影１丁目１１番２号,2017-03-09,株式会社
株式会社ムカサ企画室,宮崎県宮崎市高岡町下倉永６８５番地,2017-03-09,株式会社
株式会社メディカルケアフード,大阪府大東市諸福７丁目２番１号,2017-03-09,株式会社
株式会社モリシタ,福岡県福岡市東区若宮２丁目３２番７号,2017-03-09,株式会社
株式会社ヨコサワ硝子店,宮城県仙台市太白区太白３丁目９番２１号,2017-03-09,株式会社
株式会社ライトニング,京都府京都市北区大北山原谷乾町２５番地２３,2017-03-09,株式会社
株式会社ライドオン,埼玉県吉川市大字川藤３６０１番地,2017-03-09,株式会社
株式会社ライフパフォーマンス,東京都世田谷区世田谷３丁目１７番７ー１０８号,2017-03-09,株式会社
株式会社ライフプランニング,東京都千代田区神田須田町２丁目２５番地ＧＹＢ秋葉原５階,2017-03-09,株式会社
株式会社リカバリーサービス,香川県善通寺市金蔵寺町１１７０番地,2017-03-09,株式会社
株式会社レイヴァー工業,大阪府大阪市鶴見区諸口１丁目１番７４号,2017-03-09,株式会社
株式会社ロイヤル開発,千葉県八千代市大和田新田１１００番地１,2017-03-09,株式会社
株式会社ワイズリアルター,兵庫県神戸市東灘区向洋町中３丁目１番地の８、３番館６０１号,2017-03-09,株式会社
株式会社ワールド住建,滋賀県大津市本堅田４丁目１５番２５号グラン・ドムール大津堅田１０７号,2017-03-09,株式会社
株式会社一工業,埼玉県朝霞市浜崎３丁目６番７号グランドールヒル２０５,2017-03-09,株式会社
株式会社一止,東京都江戸川区東小岩５丁目２番１４－３０１号シャルマンハイム,2017-03-09,株式会社
株式会社一羽,兵庫県姫路市城東町野田１番６の９,2017-03-09,株式会社
株式会社三兄自動車,千葉県松戸市栗ケ沢７７６番地の３３,2017-03-09,株式会社
株式会社三野ホールディングス,山口県山陽小野田市平成町９番３１号,2017-03-09,株式会社
株式会社上田商事,福岡県北九州市小倉南区横代南町３丁目２番３０号,2017-03-09,株式会社
株式会社丸工建,福島県福島市新浜町２番６号パレ・ブラン１０３号,2017-03-09,株式会社
株式会社丸翔,滋賀県守山市幸津川町１７１３番地,2017-03-09,株式会社
株式会社久保総業,岐阜県大垣市波須１丁目７３番地,2017-03-09,株式会社
株式会社久我設計,山口県下関市長府三島町１４番２３号,2017-03-09,株式会社
株式会社二ッ木工業,埼玉県児玉郡上里町大字神保原町３９１番地１,2017-03-09,株式会社
株式会社井出窓建,東京都足立区中央本町２丁目１７番８－７０４号,2017-03-09,株式会社
株式会社仁屋,大阪府大阪市中央区農人橋１丁目４番３１号,2017-03-09,株式会社
株式会社仁志工業,三重県三重郡菰野町大字菰野１８４７番地４１,2017-03-09,株式会社
株式会社作並電気工事,北海道函館市美原５丁目３６番６号,2017-03-09,株式会社
株式会社信和,大阪府大阪市中央区日本橋１丁目２２番１４号,2017-03-09,株式会社
株式会社充架設工業,茨城県鹿嶋市大字宮津台２３４７番地２４,2017-03-09,株式会社
株式会社全商事,東京都港区南青山１丁目８番１３号,2017-03-09,株式会社
株式会社典コーポレーション,埼玉県朝霞市根岸台２丁目９番１５号,2017-03-09,株式会社
株式会社勝光架設,埼玉県春日部市六軒町２２３番地２,2017-03-09,株式会社
株式会社北九州地理情報,福岡県田川市大字川宮１４５３番地（高住町２４組）,2017-03-09,株式会社
株式会社匠建設,福岡県小郡市三沢９９７番地７,2017-03-09,株式会社
株式会社千葉工業,岡山県倉敷市水島東弥生町１１番１１号,2017-03-09,株式会社
株式会社南洲,鹿児島県鹿児島市大竜町７番３２号,2017-03-09,株式会社
株式会社博多製麺処,福岡県太宰府市通古賀３丁目１１－１１サンシティ第２ビル２階Ｃ,2017-03-09,株式会社
株式会社和工業,茨城県神栖市平泉２１３７番地７０,2017-03-09,株式会社
株式会社品川組,茨城県鹿嶋市大字平井２０番地２２１,2017-03-09,株式会社
株式会社四季荘,島根県出雲市斐川町学頭１３６９番地,2017-03-09,株式会社
株式会社土師絵画工房,東京都杉並区下高井戸２丁目１５番１７号,2017-03-09,株式会社
株式会社坂徳,岩手県盛岡市西青山３丁目１０番２２号,2017-03-09,株式会社
株式会社大吉ホーム,宮崎県宮崎市大字本郷北方３３８５番地１００,2017-03-09,株式会社
株式会社大塚興業,東京都江戸川区松本１丁目２７番１１号ハイムルーエＡ２０２,2017-03-09,株式会社
株式会社大往建設,埼玉県所沢市喜多町１番１１号,2017-03-09,株式会社
株式会社奄美興業,埼玉県草加市手代町８１２番地２リーヴァメゾン１０３号,2017-03-09,株式会社
株式会社宇佐美,東京都中野区弥生町６丁目４番９号,2017-03-09,株式会社
株式会社将軍ジャパン西日本,北海道江別市萌えぎ野西２９番地の１５,2017-03-09,株式会社
株式会社小川創建,千葉県松戸市松戸新田３－３－７２８,2017-03-09,株式会社
株式会社小林通信,北海道亀田郡七飯町鳴川３丁目２２番１号,2017-03-09,株式会社
株式会社尾下企画,長崎県長崎市江里町７番１５号,2017-03-09,株式会社
株式会社山徹,京都府京都市西京区下津林東芝ノ宮町６４番地木嶋ビル３階,2017-03-09,株式会社
株式会社山田電設,岐阜県岐阜市西川手４丁目８１番地,2017-03-09,株式会社
株式会社岩建工業,茨城県鹿嶋市大字宮中９２２番地２,2017-03-09,株式会社
株式会社幸せ夢工場,埼玉県東松山市松葉町３丁目８番４号,2017-03-09,株式会社
株式会社幸貴,福岡県北九州市八幡西区本城１丁目１２番２７－１０２号,2017-03-09,株式会社
株式会社広栄巧社,茨城県東茨城郡茨城町大字谷田部６２０番地１４,2017-03-09,株式会社
株式会社御蔵,東京都台東区三筋１丁目６番８－１００２号,2017-03-09,株式会社
株式会社心絆,宮城県角田市岡字駅前南１０番地３,2017-03-09,株式会社
株式会社慶伸工業,大阪府大阪市港区弁天２丁目５番１５号,2017-03-09,株式会社
株式会社成匠,神奈川県相模原市南区相模大野３丁目３番２号ボーノ相模大野Ａ－２１９,2017-03-09,株式会社
株式会社新倉通商,大阪府大阪市中央区島之内２丁目５番２７号リーゼ島之内２０３号,2017-03-09,株式会社
株式会社新生工業,岡山県倉敷市大畠１丁目１７番８号,2017-03-09,株式会社
株式会社日本クリーンサプライ,東京都新宿区西新宿２丁目７番１号,2017-03-09,株式会社
株式会社日本財産承継ホールディングス,東京都港区南青山１丁目２６番１６号,2017-03-09,株式会社
株式会社日本ＩＴ教育研修機構,東京都新宿区新宿５丁目１６番１５号新宿花園ＭＪビル８階,2017-03-09,株式会社
株式会社日神ホテルズ,東京都千代田区霞が関３丁目２番５号,2017-03-09,株式会社
株式会社星野硝子,東京都足立区西新井本町１丁目１番１０号,2017-03-09,株式会社
株式会社曽我設備,宮城県仙台市太白区山田字大石１２番地の５,2017-03-09,株式会社
株式会社月道,東京都江東区木場５丁目１番５号メイプルハイム木場Ｂ－１０４室,2017-03-09,株式会社
株式会社有賀建築,埼玉県上尾市中分２丁目２３０番地,2017-03-09,株式会社
株式会社服部,埼玉県さいたま市北区吉野町２丁目２２６番地１,2017-03-09,株式会社
株式会社未来不動産,埼玉県越谷市千間台西５丁目２５番地１,2017-03-09,株式会社
株式会社未来工業,東京都武蔵野市吉祥寺本町４丁目９番１５号,2017-03-09,株式会社
株式会社本田,熊本県合志市須屋２７６７番地５,2017-03-09,株式会社
株式会社村上鉄筋,東京都府中市若松町４丁目４９番地の３,2017-03-09,株式会社
株式会社東澤,大阪府大阪市都島区高倉町３丁目１５番１号,2017-03-09,株式会社
株式会社東進,福島県福島市西中央４丁目５番地サンリットヒルズ２０１号,2017-03-09,株式会社
株式会社林設計,福岡県宗像市光岡８５－１旭ビルⅡ２Ｆ,2017-03-09,株式会社
株式会社櫻井自動車,茨城県かすみがうら市下佐谷７５１番地１,2017-03-09,株式会社
株式会社浜崎鉄工,岡山県瀬戸内市牛窓町長浜６８８７番地,2017-03-09,株式会社
株式会社浜野,茨城県神栖市知手４６７８番地９５,2017-03-09,株式会社
株式会社渡邉電気,栃木県小山市西城南４丁目１８番地７マイキャッスル６－１０１号,2017-03-09,株式会社
株式会社源,山梨県北都留郡小菅村３４４５番地,2017-03-09,株式会社
株式会社溜工業,群馬県前橋市元総社町１２８１番地１Ｃ－３６号,2017-03-09,株式会社
株式会社玄武,神奈川県横浜市保土ケ谷区岩井町２８４番地,2017-03-09,株式会社
株式会社王商事,長崎県長崎市船大工町２番１２号,2017-03-09,株式会社
株式会社白幡,東京都港区白金１丁目２８番９号,2017-03-09,株式会社
株式会社石原架設,茨城県鹿嶋市大字佐田３９８番地６,2017-03-09,株式会社
株式会社竹臣,大阪府東大阪市足代１丁目１５番１０号ロータリーマンション布施南１１２号,2017-03-09,株式会社
株式会社縁コーポレーション,東京都大田区大森西７丁目８番３０号,2017-03-09,株式会社
株式会社美ら花,沖縄県名護市大中３丁目１４番８号仲兼久ビル１０２,2017-03-09,株式会社
株式会社美翔,埼玉県飯能市大字原市場７６番地３,2017-03-09,株式会社
株式会社翔栄,兵庫県たつの市神岡町東觜崎３１１番地８,2017-03-09,株式会社
株式会社翔英工業,神奈川県川崎市多摩区菅北浦４丁目１１番３号太田ビル２Ｆ,2017-03-09,株式会社
株式会社茶谷堂,東京都豊島区東池袋４丁目３９番８号サンワード東池袋１Ｆ,2017-03-09,株式会社
株式会社表屋,香川県観音寺市植田町８１７番地,2017-03-09,株式会社
株式会社西田建設工業,京都府京都市伏見区下鳥羽中三町４４番地２Ｆ,2017-03-09,株式会社
株式会社要,静岡県沼津市幸町４９番地の１,2017-03-09,株式会社
株式会社親川サッシ,東京都練馬区西大泉３丁目２２番１０号,2017-03-09,株式会社
株式会社買取屋アップ,埼玉県富士見市ふじみ野西１丁目２４番地１プライドビル３Ｆ,2017-03-09,株式会社
株式会社賃貸ゼロショップ,大阪府泉佐野市中町１丁目１番２８号新川第１０ビル２０１,2017-03-09,株式会社
株式会社辺土名工業,神奈川県横浜市港北区新吉田町３９８１ファインシア１０２,2017-03-09,株式会社
株式会社金澤組,神奈川県横須賀市久村２０９番地ベルエールヨコスカＢ－１,2017-03-09,株式会社
株式会社鈴木工業,埼玉県新座市大和田１丁目２２番２３－２０２号室,2017-03-09,株式会社
株式会社鈴木明人事務所,東京都大田区鵜の木３丁目１番１１号,2017-03-09,株式会社
株式会社関東,埼玉県入間郡越生町大字上野１０８３番地１,2017-03-09,株式会社
株式会社雄伸,長崎県佐世保市大和町１１０８番地,2017-03-09,株式会社
株式会社雄南工業,神奈川県座間市栗原中央１丁目３１番２２号セントラル栗原Ｉ－１０１号,2017-03-09,株式会社
株式会社高尾貨物,埼玉県入間市大字二本木９４６番地３,2017-03-09,株式会社
株式会社鹿島台メディカルサービス,宮城県大崎市鹿島台木間塚字小谷地３８３番地５,2017-03-09,株式会社
株式会社Ａ．Ｄｅｓｉｇｎ,東京都目黒区平町１丁目２７番２号吉田ビル２Ｆ,2017-03-09,株式会社
株式会社ＡＣＢ,東京都千代田区外神田５丁目１番５号国際ビルディング８Ｆ,2017-03-09,株式会社
株式会社ＡＣＥ,北海道札幌市中央区南七条西４丁目４２２－６ＬＣ拾番館３階Ａ,2017-03-09,株式会社
株式会社ＡＨＮ,愛知県名古屋市中区栄５丁目２６番３９号ＧＳ栄ビル３Ｆ,2017-03-09,株式会社
株式会社ＡＨＳ,東京都練馬区豊玉北５丁目７番４号アトラス練馬１００１号室,2017-03-09,株式会社
株式会社ＡＭＧ,東京都足立区新田３丁目３７－１３－２０４,2017-03-09,株式会社
株式会社ＡＭＰ,東京都品川区大崎２丁目１番２－２００８号,2017-03-09,株式会社
株式会社ＡＰホールディングス,静岡県浜松市中区中島３丁目１７番２５号,2017-03-09,株式会社
株式会社ＡＰリゾート,東京都墨田区両国３丁目２３番４号,2017-03-09,株式会社
株式会社ＡＲ．ａｓｓｅｔ,東京都豊島区要町１丁目２２番７号,2017-03-09,株式会社
株式会社Ａｋａｒｉｃｏ,東京都台東区池之端１丁目５番１号,2017-03-09,株式会社
株式会社Ａｐｒｏ,兵庫県神戸市兵庫区湊町１丁目４番１０－１３０１号,2017-03-09,株式会社
株式会社Ａｖｅｎｇｅｒｓ,愛知県名古屋市中区丸の内２丁目１２番８号,2017-03-09,株式会社
株式会社Ｂ．Ｇｒｏｗｔｈ,東京都渋谷区神宮前１丁目１番５号グランスイート神宮前４０１,2017-03-09,株式会社
株式会社Ｂｅｌ　Ｐａｒａｓｉｏ,埼玉県さいたま市浦和区常盤５丁目３番２号,2017-03-09,株式会社
株式会社Ｂｌａｎｃ　Ｌｕｍｉｅｒｅ,滋賀県草津市平井２丁目１２番５－Ｂ号,2017-03-09,株式会社
株式会社ＣＯＬＬＡＢＯＲＡＴＩＯＮＳ,東京都世田谷区北烏山６丁目３０番２５号,2017-03-09,株式会社
株式会社ＣＳＣＰｌａｎｎｉｎｇプラス１,東京都渋谷区神宮前２丁目１９番１１号,2017-03-09,株式会社
株式会社ＣｈａｐｐｙＲｏｏｍ,千葉県市原市松ケ島１９６番地,2017-03-09,株式会社
株式会社Ｃｌｅｙｅｒａ　Ｈａｒｖｅｓｔ,鹿児島県鹿児島市伊敷台５丁目９番８号,2017-03-09,株式会社
株式会社Ｅ．ｔ企画,千葉県千葉市若葉区殿台町２２９番地１１,2017-03-09,株式会社
株式会社ＥＸＬＡＳ,新潟県新潟市西蒲区鱸１２７番地２,2017-03-09,株式会社
株式会社Ｅｌｅｚｅａｌ,埼玉県入間市大字仏子１８０番地４,2017-03-09,株式会社
株式会社ＦＬＩ,東京都中央区銀座６丁目６番１号,2017-03-09,株式会社
株式会社ＦＵＪＩＫＩ,福岡県北九州市八幡西区北筑２丁目１４番２０号,2017-03-09,株式会社
株式会社ＦＵＪＩＴＡ,奈良県桜井市大字戒重２７９番地の３,2017-03-09,株式会社
株式会社Ｇａｌａｘｙ　Ｊａｐａｎ,東京都足立区鹿浜６丁目２７番５号,2017-03-09,株式会社
株式会社Ｇｕｓｈｃｌｏｕｄ　Ｊａｐａｎ,東京都渋谷区渋谷２丁目２２番７号,2017-03-09,株式会社
株式会社Ｈ＆Ｍ,滋賀県大津市比叡辻１丁目２９－４３,2017-03-09,株式会社
株式会社ＩＭＨ,東京都練馬区貫井１丁目２９番１０－４０３号,2017-03-09,株式会社
株式会社ＩＴ　Ｗｏｒｌｄ,愛知県春日井市木附町１３００番地２３６,2017-03-09,株式会社
株式会社Ｊ・Ｍ・Ｋ,埼玉県川口市大字新堀１７５番地の１,2017-03-09,株式会社
株式会社ＪＥＷ,東京都港区海岸１丁目２番２０号汐留ビルディング３階,2017-03-09,株式会社
株式会社ＪＳ資産管理,京都府京都市上京区河原町通今出川下る大宮町３２３番地５,2017-03-09,株式会社
株式会社ＫＣＦ,広島県広島市西区中広町２丁目１４番２号,2017-03-09,株式会社
株式会社ＫＩＣ,愛知県名古屋市守山区瀬古東３丁目１２０６番地,2017-03-09,株式会社
株式会社ＫＴ建設工業,石川県金沢市若松町１６番地,2017-03-09,株式会社
株式会社ＫＵＭＯＲＡ,東京都渋谷区円山町２８番４号大場ビルＢ館５Ｆ５０８－Ｂ,2017-03-09,株式会社
株式会社Ｋａｍａ　Ａｙｕｒｖｅｄａ　Ｊａｐａｎ,東京都渋谷区広尾３丁目８番１１号,2017-03-09,株式会社
株式会社Ｌデザイン,愛知県一宮市大志１丁目１番１－６０２号エムズシティ一宮,2017-03-09,株式会社
株式会社Ｌ＆Ｓ　ｄｅｓｉｇｎ,東京都港区南青山３丁目８番１８号,2017-03-09,株式会社
株式会社ＬＩＦＥ保険サービス,静岡県静岡市葵区牛妻２１０６番地の３２,2017-03-09,株式会社
株式会社Ｌｉｖｅｒａｒｙ,東京都豊島区池袋２丁目１３番４号,2017-03-09,株式会社
株式会社Ｍ．Ｍ．Ｇ．,東京都港区赤坂９丁目６－１２イワキビル１階,2017-03-09,株式会社
株式会社ＭＡ,東京都港区赤坂６丁目１３番１３号,2017-03-09,株式会社
株式会社ＭＡ　ｃｒｅａｔｉｏｎｓ,東京都千代田区神田佐久間町１丁目１６番１の４０４,2017-03-09,株式会社
株式会社ＭＥＯ,奈良県北葛城郡王寺町元町２丁目１９番３０号,2017-03-09,株式会社
株式会社ＭＩＫ,福岡県福岡市西区愛宕浜２丁目２番２－８０３号,2017-03-09,株式会社
株式会社ＭＫリンクス,東京都品川区小山２丁目１７番８号,2017-03-09,株式会社
株式会社ＭＫＣ,埼玉県越谷市南越谷１丁目２０番１３号第２ＪＭビル５階,2017-03-09,株式会社
株式会社ＭＯＲＯ,長野県茅野市豊平３７１４番地,2017-03-09,株式会社
株式会社Ｍｉｒｒｏｒ,東京都練馬区田柄２丁目１７番３０号,2017-03-09,株式会社
株式会社Ｍｏｒｉｔａ建工,愛知県江南市河野町河野３３番地２,2017-03-09,株式会社
株式会社ＮＩＮＥ,埼玉県所沢市東町２２番６号,2017-03-09,株式会社
株式会社ＮＩＯ,東京都渋谷区道玄坂１丁目２２番１２号,2017-03-09,株式会社
株式会社ＮＯＶＡ,東京都杉並区善福寺１丁目１番２１号－１階,2017-03-09,株式会社
株式会社ＯＷ　Ｃａｐｉｔａｌ,神奈川県茅ヶ崎市東海岸南６丁目４番３７－Ｂ－１０８号,2017-03-09,株式会社
株式会社Ｒ＆Ｍ,兵庫県尼崎市食満２丁目１７番７－７０１号,2017-03-09,株式会社
株式会社ＲｏｕｎｄＴａｂｌｅ,東京都墨田区本所３丁目１５番５－１０２号,2017-03-09,株式会社
株式会社ＳＡＩ　ＧＲＯＵＰ,埼玉県川越市霞ケ関東１丁目１２番地１４,2017-03-09,株式会社
株式会社ＳＡＩＴＡＭＡ　ＳＨＯＫＡＩ,埼玉県久喜市菖蒲町三箇３８４番地５北１号,2017-03-09,株式会社
株式会社ＳＨＫ,東京都港区赤坂３丁目６番１７号ダイムラービルＢ１,2017-03-09,株式会社
株式会社ＳＭＩＴＨ,神奈川県川崎市川崎区小田４丁目１番８－４号,2017-03-09,株式会社
株式会社ＳＴＹＬＥ．Ｓ,東京都世田谷区奥沢２丁目４８番５号,2017-03-09,株式会社
株式会社ＳＵＳＵＭＩ,大阪府大阪市平野区加美鞍作２丁目１番１１号,2017-03-09,株式会社
株式会社Ｓｔ．Ｍｏｒｉｔｚ,兵庫県尼崎市常松１丁目３６番２６号,2017-03-09,株式会社
株式会社Ｔ’ｓ　ｓｅｌｅｃｔｉｏｎ,東京都八王子市長房町３０４番地１,2017-03-09,株式会社
株式会社Ｔ’ｓルーフ,佐賀県鳥栖市立石町１０５０番地２,2017-03-09,株式会社
株式会社ＴＡＧ－Ｚ,東京都港区高輪３丁目２３番１７号品川センタービルディング４階,2017-03-09,株式会社
株式会社ＴＡＫＡＨＡＳＨＩ,千葉県千葉市中央区新宿１丁目８番５号サンハイツ千葉２０１号,2017-03-09,株式会社
株式会社ＴＡＫＡＭＩ,愛知県名古屋市緑区定納山２丁目４２８番地,2017-03-09,株式会社
株式会社ＴＥＫＳＹ,福岡県福岡市早良区原８丁目１２番１４－２号,2017-03-09,株式会社
株式会社ＴＯＮＥ,大阪府大阪市中央区島之内２丁目９番１４号マスターズレジデンス道頓堀Ⅰ３０４号室,2017-03-09,株式会社
株式会社ＴＰＯ,福岡県北九州市小倉北区浅野１丁目８番４－３０２号,2017-03-09,株式会社
株式会社ＴＷＯ　ＰＡＮＫＳ,沖縄県宮古島市平良字久貝６６７番地１,2017-03-09,株式会社
株式会社Ｔｒｅｎｄ　Ｆａｃｔｏｒｙ,埼玉県川口市南鳩ヶ谷１丁目３１番６号２－２０２,2017-03-09,株式会社
株式会社ＵＮＩＶＥＲＳＡＬ　ＦＩＲＳＴ　ＯＦＦＩＣＥ,兵庫県神戸市中央区加納町３丁目１番２５－１２０３号,2017-03-09,株式会社
株式会社ＵＰＬＡＪａｐａｎ,山梨県北杜市高根町東井出４９９７番地１,2017-03-09,株式会社
株式会社ＵＳＩ,熊本県熊本市西区京町本丁４番２７－３号,2017-03-09,株式会社
株式会社ＶＩＥＴ　ＮＡＶＩ,東京都台東区東上野１丁目１９番９号,2017-03-09,株式会社
株式会社ＹＤ,東京都足立区鹿浜８丁目４番５－２０１号,2017-03-09,株式会社
株式会社ＹＯＬＫ　ＩＭＡＧＥＳ,東京都渋谷区渋谷４丁目２番２４号,2017-03-09,株式会社
株式会社ＹｏｕＭｏｒｅ,千葉県柏市若柴１７３番地８,2017-03-09,株式会社
株式会社ａｌｌ,大阪府東大阪市稲葉３丁目１１番２２号,2017-03-09,株式会社
株式会社ｃｏｌｏｒｌｅｓｓ,東京都渋谷区神宮前３丁目２４番１号,2017-03-09,株式会社
株式会社ｃｒａｆｔｅｒｓ,東京都豊島区雑司が谷２丁目２６番６号,2017-03-09,株式会社
株式会社ｆａｍｉｌｙ　ｔｉｅｓ,鹿児島県鹿屋市田淵町１０３３番地２,2017-03-09,株式会社
株式会社ｆｕｋｕｒａ,兵庫県神戸市東灘区本山北町２丁目３番８号クラッセ岡本１０５号,2017-03-09,株式会社
株式会社ｇｒａｐｈＤ,東京都渋谷区渋谷２丁目１５－１渋谷クロスタワー３０Ｆ,2017-03-09,株式会社
株式会社ｉｎｃｅｐｔｉｏｎ,東京都渋谷区渋谷１丁目８番３号ＴＯＣ第一ビル７１３号室,2017-03-09,株式会社
株式会社ｎｉｇｉｒｕ,東京都目黒区祐天寺１丁目１４番３号イソラ中目黒３１０号,2017-03-09,株式会社
株式会社ｓｕｙｉ,神奈川県川崎市川崎区川中島１丁目５番１－２０４号丸星ツインスターマンション,2017-03-09,株式会社
株式会社ｗｈｉｔｅ　ｓｔａｒ,東京都渋谷区東３丁目１９番６号グランドール塚本２０３,2017-03-09,株式会社
株式会社ｗｉｌｌ　ｄｏカンパニー,福岡県福岡市南区塩原１丁目２８番１１号,2017-03-09,株式会社
株式会社ｗｉｎ,神奈川県横須賀市米が浜通２丁目６番地２３,2017-03-09,株式会社
梅岡住宅サービス株式会社,奈良県生駒市谷田町８７６番地ローレル大光２０１号,2017-03-09,株式会社
楓燁合同会社,埼玉県さいたま市南区四谷１丁目２番２号,2017-03-09,合同会社
欣豊多科技株式会社,東京都品川区大崎５丁目１番５号,2017-03-09,株式会社
池野工業株式会社,兵庫県丹波市市島町中竹田１５９７番地３,2017-03-09,株式会社
特定非営利活動法人こどもらんどＢＬＥＳＳＩＮＧ,群馬県太田市台之郷町１１６７番地の１,2017-03-09,その他の設立登記法人
特定非営利活動法人大地の会,大阪府大東市野崎１丁目５番８号,2017-03-09,その他の設立登記法人
特定非営利活動法人屋久島国際写真祭,鹿児島県熊毛郡屋久島町安房１７１８番地２１,2017-03-09,その他の設立登記法人
特定非営利活動法人歌と音楽の会,兵庫県尼崎市常松１丁目３番９号コナ・ヴィレッヂ９８１,2017-03-09,その他の設立登記法人
特定非営利活動法人西宮介護タクシー協会,兵庫県西宮市大井手町４番４号,2017-03-09,その他の設立登記法人
猛画合同会社,東京都荒川区町屋３丁目２番１号Ｂ１Ｆ,2017-03-09,合同会社
益雅国際合同会社,福岡県福岡市博多区御供所町２番４８－５０６号,2017-03-09,合同会社
社会保険労務士法人狸小路事務所,北海道札幌市中央区南二条西６丁目５番地３住友狸小路プラザハウス６０５号,2017-03-09,その他の設立登記法人
社会保険労務士法人Ａ＆Ｇマネジメントコンサルティング,大阪府大阪市北区西天満３丁目８番１３号,2017-03-09,その他の設立登記法人
社会福祉法人豊善福祉会,沖縄県島尻郡南風原町字本部１７８番地６,2017-03-09,その他の設立登記法人
稲盛ホールディングス株式会社,埼玉県春日部市栄町３丁目１８９番地,2017-03-09,株式会社
萬友商事合同会社,東京都北区浮間２丁目１０番１２－５０５号,2017-03-09,合同会社
蒔雲株式会社,京都府京都市下京区加茂川端正面上る平岡町３７７番地２,2017-03-09,株式会社
藤本総建株式会社,兵庫県姫路市飾磨区今在家３丁目７９番地４,2017-03-09,株式会社
誠和工業株式会社,奈良県大和高田市中今里町２－３３－４１４,2017-03-09,株式会社
豊臣不動産株式会社,大阪府大阪市浪速区戎本町１丁目９番２１号,2017-03-09,株式会社
赤田シール株式会社,三重県松阪市上川町３６２０番地１０,2017-03-09,株式会社
車田金属工業株式会社,埼玉県新座市大和田５丁目１８番１６号,2017-03-09,株式会社
農事組合法人いずみ営農組合,兵庫県丹波篠山市泉１０８９番地１,2017-03-09,その他の設立登記法人
農事組合法人ねたろうファーム,山口県山陽小野田市大字鴨庄３２４番地,2017-03-09,その他の設立登記法人
農事組合法人ひなた愛ランド,宮崎県東諸県郡綾町大字北俣２４５５番地５,2017-03-09,その他の設立登記法人
農事組合法人小牧生産組合,新潟県燕市小牧４６６番地,2017-03-09,その他の設立登記法人
農事組合法人岳の湧水,岩手県九戸郡軽米町大字山内第２地割３番地５,2017-03-09,その他の設立登記法人
農事組合法人森山,千葉県香取市川頭１５２番地,2017-03-09,その他の設立登記法人
農事組合法人沖台営農組合,山口県下関市菊川町大字吉賀１４７０番地１,2017-03-09,その他の設立登記法人
農事組合法人海老江,富山県中新川郡舟橋村海老江１２４番地,2017-03-09,その他の設立登記法人
農事組合法人米斗利ファーム,岩手県花巻市石鳥谷町長谷堂第３地割１０番地,2017-03-09,その他の設立登記法人
開元国際株式会社,大阪府大阪市淀川区西宮原２丁目６番５号,2017-03-09,株式会社
雪芸術文化株式会社,北海道札幌市中央区南十二条西６丁目１番２０－７０５号,2017-03-09,株式会社
高成工業合同会社,新潟県北蒲原郡聖籠町大字次第浜３２５０番地の２,2017-03-09,合同会社
ＡＮＧＥ株式会社,東京都世田谷区新町２丁目３番１１号フラットＭ３０１,2017-03-09,株式会社
ＡＵＮ株式会社,大阪府堺市堺区遠里小野町２丁３番２５号,2017-03-09,株式会社
ＡＹＡＴＯ合同会社,熊本県熊本市中央区出水５丁目１１番５８号パークアベニュー出水１０１,2017-03-09,合同会社
Ａｂｕｋａｗａ　ｃｏｒｐｏｒａｔｉｏｎ合同会社,埼玉県さいたま市浦和区本太５丁目３２番９号,2017-03-09,合同会社
ＢＢＢＲ株式会社,東京都多摩市諏訪１丁目９番地の１３アクシイズ光２０３,2017-03-09,株式会社
ＢＩＧＭＯＯＮ合同会社,茨城県水戸市五軒町３丁目５番９号２Ｆ,2017-03-09,合同会社
ＢＬＯＣＫｓ株式会社,北海道札幌市東区北丘珠五条３丁目１５番地,2017-03-09,株式会社
ＤＯ．ＨＯＡＮＧ国際貿易株式会社,東京都台東区上野６丁目７番１６号,2017-03-09,株式会社
ＤｉｇｉｔＡｄｄｉｃｔ　Ｊａｐａｎ株式会社,東京都豊島区長崎５丁目１４番４号,2017-03-09,株式会社
ＥＣホールディングス株式会社,東京都荒川区西日暮里２丁目２６番１０号日暮里ビル６階,2017-03-09,株式会社
Ｆ‐ＦＩＴ株式会社,東京都目黒区上目黒１丁目２６番１－２００２号,2017-03-09,株式会社
Ｆ－ｌｉｃｏｓ株式会社,大阪府東大阪市吉原１丁目９番８号,2017-03-09,株式会社
Ｆｉｒｓｔ　Ｓｔｅｐｓ株式会社,茨城県つくば市松代３丁目７番地１,2017-03-09,株式会社
Ｇｒａｃｅ７Ｔｏｋｙｏ合同会社,東京都品川区東五反田１丁目８番１６の３０－７０６号,2017-03-09,合同会社
Ｈ＆Ｋ商事株式会社,千葉県松戸市上本郷１４６５－２,2017-03-09,株式会社
Ｈ－Ｄｅｖｉｃｅ株式会社,茨城県古河市上辺見３４３８番地２,2017-03-09,株式会社
ＨＡＫＵＮＡ合同会社,東京都新宿区赤城下町４５番地ＫＢＣ－Ｆ－２号,2017-03-09,合同会社
ＨＳＥ合同会社,東京都港区北青山３丁目５番１２号青山クリスタルビル９階,2017-03-09,合同会社
Ｈｏｍａｒｅサービス株式会社,富山県富山市五番町４番７－５０３号,2017-03-09,株式会社
ＩＦホールディングス株式会社,東京都港区赤坂１丁目１２番３２号,2017-03-09,株式会社
ＩＮＪ株式会社,大阪府大阪市中央区瓦町２丁目３番１４日宝瓦町ビル４階８号,2017-03-09,株式会社
ＩｎＳｐｉｒｅ株式会社,静岡県静岡市駿河区桃園町１９番８号,2017-03-09,株式会社
Ｉｎｎｏｖａｔｉｏｎ　Ｌａｂ合同会社,岩手県宮古市大通２丁目２番２４号,2017-03-09,合同会社
ＪＣ企画株式会社,神奈川県横浜市中区桜木町１丁目１番７号,2017-03-09,株式会社
Ｋ．大橋工業合同会社,埼玉県草加市新善町１６０番地６,2017-03-09,合同会社
ＭＤＨ合同会社,愛知県名古屋市東区東大曽根町１９番１０号メゾン・ド・ピエルリー５０９号,2017-03-09,合同会社
ＭＫサービス合同会社,福島県福島市飯坂町字添穂作１９番地の２,2017-03-09,合同会社
ＭＰＪ株式会社,東京都葛飾区細田３丁目１４番１号,2017-03-09,株式会社
ＭＵＦ合同会社,大阪府泉南市樽井５丁目１４番１号,2017-03-09,合同会社
Ｍａｋａｎｉ合同会社,東京都墨田区立花３丁目２番１号,2017-03-09,合同会社
ＮＰＯ法人ぷらす介護センター,神奈川県横須賀市衣笠栄町１丁目６０番地,2017-03-09,その他の設立登記法人
Ｎｉｃｈｅ　Ｊａｐａｎ合同会社,茨城県取手市本郷１丁目３番３号,2017-03-09,合同会社
Ｎｙｘ株式会社,東京都豊島区南池袋１丁目１８番２３号ルックハイツ池袋Ａ棟５０１号室,2017-03-09,株式会社
Ｒｅｎｔｏｎｇ　ｉｎｖｅｓｔｍｅｎｔ　Ｇｒｏｕｐ合同会社,京都府京都市南区久世高田町３７０番地２京都桂川つむぎの街マークスクエア１５０９号室,2017-03-09,合同会社
ＳＩＭＰＬＥ　ＩＮＮＯＶＡＴＩＯＮ株式会社,神奈川県横浜市南区真金町２丁目１９番地２１－７０４号,2017-03-09,株式会社
ＳＰＲ合同会社,北海道札幌市東区北八条東１丁目１番２５－４１１号,2017-03-09,合同会社
Ｓｍａｒｔ　Ａｒｒａｎｇｅｍｅｎｔ　Ｐａｒｔｎｅｒｓ株式会社,東京都中央区日本橋箱崎町１６－１東益ビル２Ｆ,2017-03-09,株式会社
Ｓｒｉ　Ｌａｎｋａｎ　Ｔａｓｔｅ株式会社,東京都荒川区東日暮里３丁目３８番１２号,2017-03-09,株式会社
ＴＫ　Ｖｅｎｔｕｒｅ　Ｐａｒｔｎｅｒｓ株式会社,神奈川県横浜市中区日本大通７日本大通７ビル４階,2017-03-09,株式会社
ＴＭ合同会社,東京都港区赤坂２丁目１７－５０赤坂タワーレジデンストップオブザヒル,2017-03-09,合同会社
ＵＵＵＭ　ＰＡＹ株式会社,東京都港区六本木６丁目１０番１号,2017-03-09,株式会社
ＹＫＹ物流株式会社,東京都大田区大森北６丁目２３番２０号,2017-03-09,株式会社
きものジャパン合同会社,東京都新宿区西新宿６丁目１２番７号ストーク新宿１階,2017-03-10,合同会社
さくらホーム株式会社,福岡県糟屋郡新宮町美咲２丁目１７番１２号,2017-03-10,株式会社
はしもと農園株式会社,三重県松阪市桂瀬町３８６番地,2017-03-10,株式会社
ぴたろストア合同会社,宮城県仙台市宮城野区福室２丁目５番８－１４１０号アクロス,2017-03-10,合同会社
アイエム株式会社,大分県日田市大字石井８７４番地,2017-03-10,株式会社
アイルジャパン株式会社,東京都千代田区内幸町１丁目３番１号幸ビルディング９Ｆ,2017-03-10,株式会社
アクティブテニスアカデミー合同会社,北海道函館市大手町５番８号,2017-03-10,合同会社
アジア太平洋総合開発株式会社,東京都港区麻布台１丁目６番１３号,2017-03-10,株式会社
アトマックス・テクニカ株式会社,大阪府大阪市東淀川区豊新３丁目４番１７号,2017-03-10,株式会社
アナハイムエンジニアリング株式会社,大分県大分市大字迫１４３番地の３１,2017-03-10,株式会社
アリョウ株式会社,東京都足立区足立２丁目４３番９号,2017-03-10,株式会社
アル－アソシエイツ株式会社,東京都千代田区丸の内１丁目８番３号丸の内トラストタワー本館２０階,2017-03-10,株式会社
イリスキャピタル合同会社,東京都杉並区清水２丁目２３番１０号,2017-03-10,合同会社
イーハンズテクノロジー株式会社,東京都新宿区西新宿７丁目１０番１７号新宿ダイカンプラザＢ館４０７,2017-03-10,株式会社
エキスパート株式会社,群馬県前橋市元総社町２丁目６番地３伸栄ビル,2017-03-10,株式会社
エヌコンサル株式会社,北海道札幌市東区伏古十条１丁目１６番１３号,2017-03-10,株式会社
エール東日本株式会社,千葉県千葉市美浜区中瀬１丁目３番地幕張テクノガーデンＣＢ棟３階,2017-03-10,株式会社
カモメ合同会社,岐阜県岐阜市西鶉１丁目３１番地,2017-03-10,合同会社
クリスタルエヌ株式会社,大阪府大阪市北区国分寺１丁目１番１６－８０７号,2017-03-10,株式会社
クリーンシステム株式会社,大阪府羽曳野市学園前１丁目２番３１号,2017-03-10,株式会社
グランホールディングス株式会社,東京都千代田区富士見２丁目１４番３８号,2017-03-10,株式会社
グラン・エクシード株式会社,東京都練馬区関町北４丁目２１番１７号,2017-03-10,株式会社
ケイト工業株式会社,千葉県市川市行徳駅前１丁目１１番１８－１０１号,2017-03-10,株式会社
サカイ株式会社,大阪府高槻市城南町１丁目８番１号,2017-03-10,株式会社
サポートクリエイツ株式会社,大阪府岸和田市箕土路町３丁目６番３号,2017-03-10,株式会社
ザ・リースト株式会社,東京都新宿区荒木町２２番地５,2017-03-10,株式会社
シンマチ株式会社,大阪府摂津市東正雀１７番１５－１０６号,2017-03-10,株式会社
ジェイオートレーディング合同会社,広島県広島市西区横川町２丁目１５番１９－８０２号,2017-03-10,合同会社
ジェイシップ株式会社,東京都目黒区上目黒３丁目６番２１－１２０２号,2017-03-10,株式会社
ジェーシー・ピー合同会社,東京都新宿区赤城下町４５ＫＢＣ－Ｆ－６号,2017-03-10,合同会社
スクリーンパラダイム株式会社,東京都杉並区成田東２丁目３３番１７号,2017-03-10,株式会社
スリーデイサービス合同会社,岩手県盛岡市高松１丁目９番６４号,2017-03-10,合同会社
スリーフラップ合同会社,福岡県北九州市小倉南区北方３丁目５３番２２号,2017-03-10,合同会社
ソレイユライフプランニング株式会社,愛知県名古屋市中村区岩塚町３丁目７６番地,2017-03-10,株式会社
ダイヤパック株式会社,東京都品川区西五反田２丁目２５番９－４０２号,2017-03-10,株式会社
チームアルファ合同会社,大阪府三島郡島本町高浜２丁目２８番２４－３０２号,2017-03-10,合同会社
ドローン航空スクール株式会社,大阪府大阪市西区北堀江１丁目１８番１７号,2017-03-10,株式会社
ニューソニック株式会社,大阪府大阪市城東区中央２丁目７番７－７０１,2017-03-10,株式会社
ハートフェルトハーモニー株式会社,東京都大田区西六郷１丁目１２番２２－２２８号,2017-03-10,株式会社
ハーベスト・フォーレスト合同会社,北海道旭川市東旭川町旭正３６２番地,2017-03-10,合同会社
ヒューアンドミント株式会社,東京都世田谷区北沢５丁目９番１４号アウリン北沢２０２,2017-03-10,株式会社
フローリストヨシダ株式会社,福岡県筑紫野市美しが丘北３丁目１２番地３,2017-03-10,株式会社
ブルートパーズ合同会社,千葉県市川市若宮３丁目５０番１６号,2017-03-10,合同会社
ベジタブルアンドヘルス株式会社,大分県大分市新貝１番２７号プリーザントマキ１０３,2017-03-10,株式会社
ポリグロットリンク株式会社,東京都豊島区西池袋１丁目４番１０号,2017-03-10,株式会社
マイノリティ株式会社,東京都東村山市久米川町２丁目２８番地３６,2017-03-10,株式会社
ミヤビエンジニアリング株式会社,岐阜県岐阜市薮田中２丁目１１番８号,2017-03-10,株式会社
ミライ・インターナショナル株式会社,北海道札幌市中央区北二条西２丁目４番地,2017-03-10,株式会社
メディカルファシリティ開発株式会社,大阪府大阪市西区靱本町１丁目１０番２２号８０４,2017-03-10,株式会社
ユウ工業合同会社,鹿児島県鹿児島市宇宿９丁目３８番１１号,2017-03-10,合同会社
ライフィッシュ株式会社,東京都中央区築地６丁目１０番３－６０２号,2017-03-10,株式会社
リューショー株式会社,京都府京都市伏見区深草下川原町１３０番地４華信ビル３０１号室,2017-03-10,株式会社
リーフ株式会社,長野県上田市五加１０１９番地５,2017-03-10,株式会社
ルアウ＆ビューティー株式会社,大阪府大阪市住吉区帝塚山中２丁目４番５号プラウド帝塚山中２０６号,2017-03-10,株式会社
ルミエールエステート合同会社,東京都世田谷区三宿１丁目８番１０－１０１号,2017-03-10,合同会社
レントマネジメント株式会社,大阪府大阪市中央区南久宝寺町４丁目６番６－６０６号,2017-03-10,株式会社
レーヴ株式会社,群馬県邑楽郡明和町川俣２４６番地１,2017-03-10,株式会社
ロウワークス合同会社,神奈川県相模原市緑区町屋４丁目４番２７号,2017-03-10,合同会社
一般社団法人こども図書館,埼玉県所沢市東町８６番地４（１階）,2017-03-10,その他の設立登記法人
一般社団法人みんなであくしゅ,神奈川県川崎市川崎区元木２丁目４番５－６０６号ダイアパレス川崎元木町,2017-03-10,その他の設立登記法人
一般社団法人らっくホーム,神奈川県相模原市南区大野台５丁目３番２６号,2017-03-10,その他の設立登記法人
一般社団法人インディペンデント・レーベル協議会,東京都世田谷区代沢５丁目３１番３号,2017-03-10,その他の設立登記法人
一般社団法人エスアイエム・レジデンス・ツー,東京都港区赤坂２丁目１０番５号税理士法人赤坂国際会計事務所内,2017-03-10,その他の設立登記法人
一般社団法人エスアイエム・レジデンス・ワン,東京都港区赤坂２丁目１０番５号税理士法人赤坂国際会計事務所内,2017-03-10,その他の設立登記法人
一般社団法人コテージおきなわ,沖縄県那覇市字大道２８番地エバメゾン大道１階,2017-03-10,その他の設立登記法人
一般社団法人マクシス総研,東京都港区芝大門１丁目１０番１１号,2017-03-10,その他の設立登記法人
一般社団法人全日本国歌独唱協会,東京都港区元赤坂１丁目７－１０元赤坂ビル９Ｆ,2017-03-10,その他の設立登記法人
一般社団法人国際人財開発,熊本県熊本市東区若葉３丁目１５番２２号,2017-03-10,その他の設立登記法人
一般社団法人地震協会,埼玉県南埼玉郡宮代町和戸１丁目７番３６号,2017-03-10,その他の設立登記法人
一般社団法人埼玉労災事業主協会,埼玉県さいたま市岩槻区加倉１丁目４番３５号,2017-03-10,その他の設立登記法人
一般社団法人日本エバンジェリスト協会,神奈川県横浜市中区日ノ出町１丁目２００番地ザ・スカイクルーズタワー９０４,2017-03-10,その他の設立登記法人
一般社団法人日本包括支援ファーム,東京都千代田区麹町２丁目３番３号,2017-03-10,その他の設立登記法人
一般社団法人日本山東経済文化団体連合会,東京都千代田区神田神保町３丁目１０番地,2017-03-10,その他の設立登記法人
一般社団法人福島こどもオーケストラ支援センター,東京都港区海岸３丁目１３番１－２０４号,2017-03-10,その他の設立登記法人
一般社団法人西都まちづくり会,静岡県浜松市西区志都呂１丁目３２番４５号,2017-03-10,その他の設立登記法人
一般社団法人障がい福祉協会,愛知県名古屋市中区新栄２丁目４番７号東和パークビル東館４０１号,2017-03-10,その他の設立登記法人
一般社団法人ＰＬ検定協会,東京都板橋区氷川町４７番１号,2017-03-10,その他の設立登記法人
一般社団法人Ｔ＆Ｒ,東京都台東区浅草３丁目５番３－１０１号,2017-03-10,その他の設立登記法人
一般社団法人ＴＳＭ１４１,東京都港区元赤坂１丁目１番７号,2017-03-10,その他の設立登記法人
一般社団法人ＴＳＭ１４２,東京都港区元赤坂１丁目１番７号,2017-03-10,その他の設立登記法人
三咲鋼機株式会社,千葉県船橋市二和東６丁目１７番５号,2017-03-10,株式会社
上昇物流商事株式会社,大阪府大阪市港区田中２丁目６番２５号,2017-03-10,株式会社
乙幡石油合同会社,東京都練馬区大泉町３丁目２番２０号,2017-03-10,合同会社
事業協同組合城北みらい,東京都文京区大塚４丁目３番１号,2017-03-10,その他の設立登記法人
伊東協同生コン株式会社,静岡県伊東市吉田１０２６番地の３７,2017-03-10,株式会社
余市農業生産者協同組合,北海道余市郡余市町登町１９５４番地２,2017-03-10,その他の設立登記法人
佳奇商事株式会社,東京都北区東十条３丁目１５番１２号シティハイツ東十条１０１,2017-03-10,株式会社
内外システム株式会社,大阪府大阪市中央区南本町２丁目４番３号,2017-03-10,株式会社
内海ホールディングス株式会社,東京都港区新橋２丁目１２番３号,2017-03-10,株式会社
北海道セメント資材株式会社,北海道札幌市中央区南一条東１丁目５番地１,2017-03-10,株式会社
匠心国際株式会社,神奈川県足柄上郡松田町松田惣領１１番地２１,2017-03-10,株式会社
医療法人社団かわさき小児科,東京都杉並区荻窪５丁目２７番５号中島第二ビル６階６０１号,2017-03-10,その他の設立登記法人
医療法人社団さがえ整形外科クリニック,山形県山形市あこや町２丁目２番２３号,2017-03-10,その他の設立登記法人
医療法人社団ウエノ整形外科,東京都江東区亀戸３丁目５０番３号１階,2017-03-10,その他の設立登記法人
医療法人社団一音会,茨城県かすみがうら市新治１８２７番地３４,2017-03-10,その他の設立登記法人
医療法人社団二子玉川ブレストクリニック,東京都世田谷区玉川３丁目１５番１号曽根ビル６階,2017-03-10,その他の設立登記法人
医療法人社団千紫会,東京都新宿区百人町３丁目２１番１８号新宿高瀬ビル１階,2017-03-10,その他の設立登記法人
医療法人社団善慶会,東京都目黒区大橋１丁目１０番１－１０４プリズムタワー,2017-03-10,その他の設立登記法人
医療法人社団寺家内科クリニック,広島県東広島市西条町寺家６６２１番地１,2017-03-10,その他の設立登記法人
医療法人社団川村内科医院,東京都港区新橋５丁目１０番６号川村ビル１階,2017-03-10,その他の設立登記法人
医療法人社団慶優会,北海道旭川市神楽五条１４丁目１番６号,2017-03-10,その他の設立登記法人
医療法人社団済真会,東京都多摩市乞田１４２６ＫＴＡビル４階,2017-03-10,その他の設立登記法人
医療法人社団祐健会,東京都東村山市栄町２丁目３０番地２京やビル１０１,2017-03-10,その他の設立登記法人
医療法人社団紬愛会,東京都板橋区板橋４丁目４番４号セレブ新板橋ビル１階,2017-03-10,その他の設立登記法人
医療法人社団聡明会,東京都墨田区江東橋４丁目２６番９号ＶＯＲＴ錦糸町駅前４階,2017-03-10,その他の設立登記法人
医療法人社団高志会,北海道旭川市東光一条２丁目１番２号,2017-03-10,その他の設立登記法人
医療法人社団ＭＹＣ,東京都三鷹市下連雀３丁目４３番２３号サウスポイント三鷹３階,2017-03-10,その他の設立登記法人
南薩地区生コンクリート協同組合,鹿児島県南九州市知覧町郡４８１０番地３２,2017-03-10,その他の設立登記法人
合同会社かすみ物産,東京都世田谷区駒沢３丁目１番３号シャトレ駒沢２０２号,2017-03-10,合同会社
合同会社きのうち,大分県中津市沖代町１丁目５番２２号,2017-03-10,合同会社
合同会社くじらぐも福祉会,長崎県長崎市橋口町２４番１号,2017-03-10,合同会社
合同会社くろいし不動産管理,青森県黒石市旭町５５番７,2017-03-10,合同会社
合同会社すみれホーム,千葉県千葉市中央区問屋町１４番３号ゼファー千葉みなとエスパーレ２０５号,2017-03-10,合同会社
合同会社みのり,東京都港区芝大門１丁目１６番１号穂積ビルＢ１Ｆ,2017-03-10,合同会社
合同会社アグリ友芽の郷,岐阜県岐阜市又丸７０２番地１,2017-03-10,合同会社
合同会社アポテック,北海道札幌市手稲区前田八条１８丁目１３番８号,2017-03-10,合同会社
合同会社アンバー,千葉県市川市大野町２丁目１８８２番地２８,2017-03-10,合同会社
合同会社アーバン・エステート,京都府京都市上京区上立売通堀川西入芝薬師町６１４番地グランドパレス堀川パートⅡ６０６号室,2017-03-10,合同会社
合同会社インプレスビルド,大阪府大阪市旭区今市１丁目１８番１１号グレイスビル２０１,2017-03-10,合同会社
合同会社エアコンシェルジュ,大阪府大阪市中央区南船場３丁目７番２７号ＮＬＣ心斎橋ビル７Ｆ,2017-03-10,合同会社
合同会社エムエヌ,北海道帯広市西三条南１２丁目３番地,2017-03-10,合同会社
合同会社オオミヤ,千葉県千葉市中央区生実町１５９１番地,2017-03-10,合同会社
合同会社オリーブ,神奈川県横浜市都筑区中川１丁目６－３５－３０１,2017-03-10,合同会社
合同会社クレソン,和歌山県紀の川市貴志川町長山２７７番地５３０,2017-03-10,合同会社
合同会社シンセサイズ,北海道札幌市北区屯田八条４丁目３番２３号,2017-03-10,合同会社
合同会社シンプル・ウェイ,東京都港区南青山２丁目２番１５号ＷｉｎＡｏｙａｍａビル－ＵＣＦ９１７,2017-03-10,合同会社
合同会社ジーメイト,千葉県千葉市中央区宮崎１丁目１７番１号コスモ蘇我３０６号,2017-03-10,合同会社
合同会社ダリー,神奈川県小田原市小竹８１５番地２号棟２５９号室,2017-03-10,合同会社
合同会社ノア,千葉県八千代市緑が丘１丁目２１番地１５,2017-03-10,合同会社
合同会社ハーヴェスト,東京都豊島区東池袋１丁目３４番５号いちご東池袋ビル６階,2017-03-10,合同会社
合同会社ファンズ,千葉県松戸市高塚新田６３７番地の２４ウェルコート市川１０１号,2017-03-10,合同会社
合同会社フルマークス,神奈川県横浜市鶴見区矢向３丁目３３番４号,2017-03-10,合同会社
合同会社フローラ,鹿児島県鹿児島市東坂元２丁目４番１６号,2017-03-10,合同会社
合同会社ブランプロダクション,北海道札幌市北区北二十三条西５丁目１番８－４０１号,2017-03-10,合同会社
合同会社プロライト,神奈川県横浜市金沢区富岡東５丁目２－１９,2017-03-10,合同会社
合同会社ヨッド２,神奈川県藤沢市辻堂２丁目４－２９,2017-03-10,合同会社
合同会社ライジング,福岡県福岡市早良区飯倉３丁目４６番１５－１０３号,2017-03-10,合同会社
合同会社ラインシステム,愛知県犬山市大字塔野地字深田３番地２８,2017-03-10,合同会社
合同会社ラースキャピタル,神奈川県横浜市西区北幸１丁目１１番１号,2017-03-10,合同会社
合同会社リブレイヴ,東京都渋谷区初台２丁目１３番９号,2017-03-10,合同会社
合同会社ヴィフ,千葉県流山市名都借８０２番地の１オリエビコーポＧ－２０１,2017-03-10,合同会社
合同会社一美興業,千葉県木更津市東太田４丁目１２番２３号,2017-03-10,合同会社
合同会社一関介護センター絆,岩手県一関市宮前町４番１８号,2017-03-10,合同会社
合同会社三角事務所,熊本県熊本市中央区水前寺６丁目３７番３号,2017-03-10,合同会社
合同会社両替屋本舗,兵庫県西宮市小曽根町４丁目８番３１号,2017-03-10,合同会社
合同会社匠,愛媛県松山市朝生田町１丁目１番２０号,2017-03-10,合同会社
合同会社山岡,東京都豊島区西池袋４丁目１６番４号,2017-03-10,合同会社
合同会社希企画,東京都新宿区西落合１丁目３２番１８号,2017-03-10,合同会社
合同会社東建工務店,東京都調布市国領町５丁目５番１３号,2017-03-10,合同会社
合同会社樹,北海道札幌市白石区北郷五条８丁目３番１３号,2017-03-10,合同会社
合同会社泉川ワークアシストＴＫ,北海道野付郡別海町泉川１０９番地の１３６,2017-03-10,合同会社
合同会社矢野代,広島県広島市安芸区矢野西１丁目２６番８号,2017-03-10,合同会社
合同会社稲本,千葉県船橋市前原東４丁目１７番１５号,2017-03-10,合同会社
合同会社美吟,群馬県前橋市千代田町５丁目１０番地３ＩＫビル２Ｆ,2017-03-10,合同会社
合同会社若葉波動医学研究所,香川県木田郡三木町大字井戸２３６３番地７,2017-03-10,合同会社
合同会社雲州工業,島根県出雲市斐川町上直江１０２０番地３,2017-03-10,合同会社
合同会社ＡＡＭＡ,千葉県千葉市若葉区西都賀３丁目２６番４号ＣＩＴＹ５８－３０７号,2017-03-10,合同会社
合同会社ＡＣＩ,福岡県福岡市博多区博多駅前３丁目９番１号,2017-03-10,合同会社
合同会社Ａｌｏｅ,鹿児島県姶良市平松５６２０番地４,2017-03-10,合同会社
合同会社Ｂａｉｓｅｒ　Ｄｅ　Ｌ’ａｎｇｅ,石川県金沢市横川７丁目２６番地,2017-03-10,合同会社
合同会社Ｂｅｔｔｅｒ　Ｗａｙ,東京都渋谷区富ヶ谷１丁目９－２０,2017-03-10,合同会社
合同会社ＣＡＰＩＴＡＬ　ＡＳＳＥＴ　ＭＡＮＡＧＥＭＥＮＴ,神奈川県横浜市中区根岸旭台３５番コートヒルズ横濱山手サウス棟６０６号,2017-03-10,合同会社
合同会社Ｆｕｔｕｒｅ　Ｏｐｔｉｏｎ,東京都千代田区一番町１６番地４,2017-03-10,合同会社
合同会社ＧＩＮＫＧＯ,長野県松本市沢村２丁目１３番３０号,2017-03-10,合同会社
合同会社ＨｎｔＡｉｒ,群馬県前橋市元総社町１６９８番地エトワルＣ－２０１号,2017-03-10,合同会社
合同会社ＩＷＡＫＩ．Ｉ,福島県いわき市小名浜字横町１８番地,2017-03-10,合同会社
合同会社ＩｎＣｏ,大阪府大阪市中央区伏見町３丁目１番１号,2017-03-10,合同会社
合同会社ＬＩＧ　ＭＡＲＫＳ,東京都江戸川区南小岩８丁目１４番５号,2017-03-10,合同会社
合同会社ＬＹＤＩＡ,東京都新宿区歌舞伎町２丁目２７番１２号ＬＥＥビル２,2017-03-10,合同会社
合同会社ＭＩＺＵＴＡＮＩ,愛知県半田市雁宿町１丁目６番地の６,2017-03-10,合同会社
合同会社ＭＯＴＯ　ＨＯＵＳＥ　ＷＩＮＤ,静岡県菊川市下平川２２６１番地,2017-03-10,合同会社
合同会社ＮＲＥマネジメント,千葉県浦安市明海５丁目２番Ｂ－２０２号パークシティ新浦安,2017-03-10,合同会社
合同会社ＯＣトレーディング,東京都千代田区岩本町１丁目１０番５号ＴＭＭビル３階株式会社産業タイムズ社内,2017-03-10,合同会社
合同会社ＰＥＡＣＥ,大阪府大阪市北区紅梅町２番２号,2017-03-10,合同会社
合同会社ＰＬＥＡＳＵＲＥ,東京都足立区綾瀬４丁目８番１４号,2017-03-10,合同会社
合同会社ＰＲＥＳＴＩＧＥ,千葉県市原市八幡３６番地,2017-03-10,合同会社
合同会社ＲＡＵＴＯＭＡＱ,愛知県稲沢市井之口大坪町７９番地１井之口団地３－５０４,2017-03-10,合同会社
合同会社ＲＯＣＫ,群馬県前橋市千代田町４丁目１０番地９ＭＩ－Ⅱビル２Ｆ,2017-03-10,合同会社
合同会社Ｓ．Ｃ．Ｓ,愛知県豊橋市東幸町字東明４４番地,2017-03-10,合同会社
合同会社ＳＡＫＵＲＡアセット,東京都八王子市子安町４丁目７番１－３３０３号,2017-03-10,合同会社
合同会社ＳＨＩＺＵ,大阪府豊中市庄内幸町２丁目２３番２８号,2017-03-10,合同会社
合同会社ＴＡＩ,東京都豊島区目白２丁目３番１５－８０１号,2017-03-10,合同会社
合同会社ＴＭプランニング,千葉県千葉市花見川区作新台２丁目２７番３１号,2017-03-10,合同会社
合同会社ＴＳＭ１４１,東京都港区元赤坂１丁目１番７号,2017-03-10,合同会社
合同会社ＴＳＭ１４２,東京都港区元赤坂１丁目１番７号,2017-03-10,合同会社
合同会社Ｙアセット・プランニング,東京都港区赤坂８丁目１番８号,2017-03-10,合同会社
合同会社ＹＫＡＩ,北海道河東郡上士幌町字上士幌東３線２３６番地,2017-03-10,合同会社
合同会社ＹＳｐｒｏｊｅｃｔ,青森県南津軽郡大鰐町大字大鰐字湯野川原９２番地４３,2017-03-10,合同会社
合同会社Ｙｏｓｈｉｉ　Ｄｉａｍｏｎｄ　Ｔｒａｄｉｎｇ,東京都港区六本木７丁目７番７号,2017-03-10,合同会社
合同会社ｂｒｉｇｈｔｇｕｎ,神奈川県横浜市神奈川区六角橋６丁目１５－１３,2017-03-10,合同会社
合同会社ｖｍｃ,愛知県名古屋市中川区中島新町２丁目１７０７番地,2017-03-10,合同会社
坂忠商事株式会社,愛知県名古屋市名東区望が丘３２４番地の４ヴィラ奥田第一３０５号室,2017-03-10,株式会社
多摩川ダイヤ株式会社,東京都世田谷区喜多見２丁目８番２９号,2017-03-10,株式会社
天宇株式会社,埼玉県さいたま市大宮区下町１丁目４３番３号サンリブ大宮１０２号,2017-03-10,株式会社
天成合同会社,東京都八王子市北野町５５３番地６、１Ｆ,2017-03-10,合同会社
安藤塗装株式会社,茨城県神栖市大野原中央１丁目８番３号坂本荘Ｅ棟,2017-03-10,株式会社
家樹株式会社,東京都立川市曙町１丁目１４番１４号コアビル７Ｆ,2017-03-10,株式会社
山口グループ株式会社,東京都立川市曙町２丁目３１番１５号,2017-03-10,株式会社
岡村テクノサービス合同会社,大阪府河内長野市緑ケ丘北町２６番１号,2017-03-10,合同会社
帝都テクノ株式会社,京都府京都市下京区中堂寺粟田町９１京都リサーチパーク９号館７階,2017-03-10,株式会社
幸工業株式会社,神奈川県川崎市川崎区浅田３丁目１７番１５号,2017-03-10,株式会社
広源合同会社,千葉県八千代市八千代台西１丁目６番２号１階,2017-03-10,合同会社
弁護士法人富山中央法律事務所,富山県富山市堀端町１番１２号,2017-03-10,その他の設立登記法人
弁護士法人ＫＵＲＡＴＡ,静岡県静岡市清水区辻１丁目２番１号えじりあ２階,2017-03-10,その他の設立登記法人
彩の国工場振興協議会,埼玉県さいたま市浦和区高砂３丁目１５－１,2017-03-10,その他
御中レコード株式会社,東京都港区元麻布３丁目１番３４号,2017-03-10,株式会社
恒遠合同会社,東京都江戸川区南小岩７丁目２６番１６号３Ｆ,2017-03-10,合同会社
愛光株式会社,福岡県福岡市西区上山門２丁目１２番１８号,2017-03-10,株式会社
新興フレアス株式会社,大分県大分市向原西２丁目８番３０号,2017-03-10,株式会社
日本雅王製紙株式会社,神奈川県横浜市中区山下町２番地産業貿易センタービル２階,2017-03-10,株式会社
日翔機工株式会社,宮崎県宮崎市大字塩路６１５番地２,2017-03-10,株式会社
星岩株式会社,東京都中野区中央５丁目１９番１７号星岩ビル,2017-03-10,株式会社
東京湾水産株式会社,千葉県富津市青木７６５番地４,2017-03-10,株式会社
東山貿易株式会社,愛知県名古屋市中区松原２丁目１－２２,2017-03-10,株式会社
松浦鉄筋工業株式会社,福井県坂井市丸岡町四ツ柳第５号７番地１,2017-03-10,株式会社
株式会社あすなろ,愛知県豊橋市三ノ輪町２丁目９３番地,2017-03-10,株式会社
株式会社かもめ屋,大分県大分市生石５丁目７８３番地,2017-03-10,株式会社
株式会社さんらいず,茨城県つくば市島名１３３番地４８,2017-03-10,株式会社
株式会社たけ総合建築事務所,愛知県一宮市白旗通４丁目２９番地４,2017-03-10,株式会社
株式会社でんくう,京都府亀岡市余部町清水５８番地２,2017-03-10,株式会社
株式会社にくびじん,東京都新宿区大久保３丁目１０番１－１１０８号,2017-03-10,株式会社
株式会社ぬくもり,福岡県久留米市西町１０３４番地７,2017-03-10,株式会社
株式会社のれん,東京都中央区日本橋茅場町３丁目５番４号,2017-03-10,株式会社
株式会社はちみつ,東京都中央区日本橋横山町７番地１５,2017-03-10,株式会社
株式会社ほほえみの郷観音湯,秋田県湯沢市高松字大日台４８番地,2017-03-10,株式会社
株式会社まかオク,東京都新宿区新宿７丁目９番２２号,2017-03-10,株式会社
株式会社まちづくり美浦,茨城県稲敷郡美浦村大字宮地１２１１番地２,2017-03-10,株式会社
株式会社まんよう湯,神奈川県横須賀市久里浜１丁目６番１号,2017-03-10,株式会社
株式会社みきはうす,広島県広島市東区若草町１１番１－１３０３号,2017-03-10,株式会社
株式会社みずあび,福岡県糟屋郡志免町志免中央４丁目１３番２１号１階,2017-03-10,株式会社
株式会社みのり,大阪府大阪市西成区天下茶屋３丁目８番１３号,2017-03-10,株式会社
株式会社わいど,長崎県佐世保市名切町３１３－７－５０３,2017-03-10,株式会社
株式会社アイケイ,埼玉県上尾市大字平方１６４１番地２４,2017-03-10,株式会社
株式会社アイプランニング・ホールディングス,東京都千代田区岩本町１丁目４番４号,2017-03-10,株式会社
株式会社アイルホーム,愛知県名古屋市北区安井３丁目１番１０号,2017-03-10,株式会社
株式会社アコード・リーガルサービス,東京都国立市東１丁目１５番地２１,2017-03-10,株式会社
株式会社アソビゴエ,兵庫県神戸市中央区中町通４丁目１番１５号丸武ビル４階,2017-03-10,株式会社
株式会社アテナインク,岡山県岡山市北区下中野７０１－１０６,2017-03-10,株式会社
株式会社アニマル物流,大阪府池田市住吉１丁目５番１－１１３号,2017-03-10,株式会社
株式会社アピラ,東京都東村山市多摩湖町４丁目６番地２,2017-03-10,株式会社
株式会社アベイル霧島,鹿児島県霧島市霧島大窪５７５番地３,2017-03-10,株式会社
株式会社アンジュ,神奈川県足柄下郡湯河原町中央５丁目１５７１番地３,2017-03-10,株式会社
株式会社アンテナ,東京都杉並区西荻北４丁目１２番１３号,2017-03-10,株式会社
株式会社アース２１,京都府宇治市小倉町久保２２番地,2017-03-10,株式会社
株式会社アーバングリーンズ,神奈川県大和市南林間８丁目１７番４号,2017-03-10,株式会社
株式会社アール・ティー工業,大阪府大阪市東淀川区小松２丁目８番２０号,2017-03-10,株式会社
株式会社インターン,山口県山口市平井５８７番地１アマービレ１ｓｔ１－Ｂ,2017-03-10,株式会社
株式会社イー・アル・デザイン,東京都港区南青山２丁目１５番５号ＦＡＲＯ１Ｆ,2017-03-10,株式会社
株式会社ウィズブリス,大阪府大阪市東住吉区湯里４丁目４番８号,2017-03-10,株式会社
株式会社エイトワールド,千葉県千葉市若葉区西都賀３丁目１番８号,2017-03-10,株式会社
株式会社エグチライスファーム,千葉県柏市布瀬５７６番地３,2017-03-10,株式会社
株式会社エステーク,宮城県登米市中田町宝江黒沼字東２２０番地,2017-03-10,株式会社
株式会社エダンブールパリ,東京都小金井市東町４丁目６番１６号,2017-03-10,株式会社
株式会社エデュピーチ,東京都中野区野方１丁目２１番１２号レジデンスメロディ中野,2017-03-10,株式会社
株式会社エトフ,兵庫県川辺郡猪名川町柏梨田字前ヶ谷１７２番地の１,2017-03-10,株式会社
株式会社エノワン,東京都千代田区外神田２丁目５番６号,2017-03-10,株式会社
株式会社エフディーアール,東京都中央区京橋１丁目４番１０号,2017-03-10,株式会社
株式会社エムズ,愛知県一宮市大和町戸塚字町長６６番地５,2017-03-10,株式会社
株式会社エムズワン,宮崎県宮崎市吉村町大田ケ島甲４０９番地７,2017-03-10,株式会社
株式会社エルシード,愛知県名古屋市中村区名駅南１丁目７番２号サンケイ納屋橋ビル６階Ｂ号室,2017-03-10,株式会社
株式会社エルジーエム,東京都中野区鷺宮５丁目２３番３号,2017-03-10,株式会社
株式会社エンマインドサービス,兵庫県加古川市加古川町北在家２７９番地,2017-03-10,株式会社
株式会社オアシス興業,千葉県千葉市稲毛区小仲台５丁目１１番１号パークホームズ稲毛小仲台１０１６号,2017-03-10,株式会社
株式会社オピニオン・アール,千葉県香取郡多古町南中１９６４番地１,2017-03-10,株式会社
株式会社オルムスタン,東京都渋谷区松濤１丁目４番８－７０１号,2017-03-10,株式会社
株式会社カルネ,東京都荒川区東尾久８丁目１４番７号ルシエールイカリ１０２,2017-03-10,株式会社
株式会社カーレッジ建工,埼玉県上尾市大字大谷本郷６４４番地８－２０１号,2017-03-10,株式会社
株式会社クララランド,東京都港区西麻布３丁目２１番１４号覚張ビル１階,2017-03-10,株式会社
株式会社クロスリンクライフ,岡山県赤磐市桜が丘東１丁目１番地１５３,2017-03-10,株式会社
株式会社グッドホワイトボウル,埼玉県所沢市和ケ原３丁目２７０番地,2017-03-10,株式会社
株式会社グローイングアップ,神奈川県厚木市松枝２丁目３番３－１Ｆ,2017-03-10,株式会社
株式会社ケンテック,愛知県みよし市三好町弥栄２７番地１,2017-03-10,株式会社
株式会社ケーアールハウス,茨城県つくばみらい市筒戸１８０６番地２,2017-03-10,株式会社
株式会社コンピング,東京都中央区銀座７丁目１３番６号サガミビル２Ｆ,2017-03-10,株式会社
株式会社サンタルウム,東京都杉並区阿佐谷南３丁目３７番３号第４志村ビル２０２,2017-03-10,株式会社
株式会社サンライズエステート,東京都港区東新橋２丁目６番６号汐留ＡＺビル５Ｆ,2017-03-10,株式会社
株式会社サン・エイチ,静岡県熱海市林ガ丘町２３番１号,2017-03-10,株式会社
株式会社サン・ステップ,茨城県取手市新取手４丁目１番２５号,2017-03-10,株式会社
株式会社ジェイゲット,神奈川県相模原市中央区中央２丁目９番２号,2017-03-10,株式会社
株式会社ジェイトップ,愛知県常滑市北汐見坂１丁目１４３番地の１,2017-03-10,株式会社
株式会社ジェシカ,東京都中央区築地７丁目７番５号,2017-03-10,株式会社
株式会社ジーティーエル・ジャパン,千葉県船橋市前原西４丁目７番１－５１４号,2017-03-10,株式会社
株式会社スイッチ,東京都板橋区氷川町２番３号メゾン氷川１０２,2017-03-10,株式会社
株式会社ステイクール,大阪府寝屋川市下木田町２０番１１号,2017-03-10,株式会社
株式会社スプリング＆フォレスト,東京都世田谷区下馬１丁目４４番１０－３０６号,2017-03-10,株式会社
株式会社セイジュ,愛知県一宮市松降通７丁目３４番地１,2017-03-10,株式会社
株式会社ゼロワン,愛知県西尾市寺津町新小家３３番地１,2017-03-10,株式会社
株式会社ソリッド,佐賀県佐賀市本庄町大字鹿子３９８番地１,2017-03-10,株式会社
株式会社タカソビル,東京都港区新橋４丁目１９番１０号,2017-03-10,株式会社
株式会社タクト,大阪府大阪市天王寺区上本町５丁目５番１５号,2017-03-10,株式会社
株式会社タクミ,兵庫県神戸市東灘区住吉宮町５丁目７番２５号,2017-03-10,株式会社
株式会社タムニートラスト,東京都荒川区東日暮里２丁目１９番１２－３０４号アルページュ,2017-03-10,株式会社
株式会社ダイコウ,広島県広島市東区牛田早稲田１丁目２３番１号,2017-03-10,株式会社
株式会社ツカモトコウムテン,熊本県熊本市東区戸島西７丁目１５番４７号,2017-03-10,株式会社
株式会社テクノアグリ,熊本県玉名市横島町共栄４０７番地,2017-03-10,株式会社
株式会社ディエム・オリジン,茨城県結城郡八千代町大字磯６１８番地２１,2017-03-10,株式会社
株式会社トランスアジアビジョン,東京都八王子市子安町２丁目２番１０－２０１号,2017-03-10,株式会社
株式会社トータルワン,群馬県高崎市下和田町２丁目４番２号,2017-03-10,株式会社
株式会社トーラス,大分県中津市大字東浜５４１番地１,2017-03-10,株式会社
株式会社ドローンプロ,兵庫県西宮市江上町１番２号,2017-03-10,株式会社
株式会社ナチュラルエナジーパートナーズ,東京都港区港南２丁目１６番１号,2017-03-10,株式会社
株式会社ネオアシスト,大阪府大阪市浪速区下寺２丁目６番１９号４Ｃ,2017-03-10,株式会社
株式会社ネクストビジョン,福岡県福岡市中央区警固２丁目１６番１０号,2017-03-10,株式会社
株式会社ノーレグ,大阪府大阪市中央区久太郎町１丁目９番１０－２０６号,2017-03-10,株式会社
株式会社ハートビート,兵庫県神戸市中央区二宮町１丁目９－３,2017-03-10,株式会社
株式会社ビードットメディカル,千葉県千葉市稲毛区穴川４丁目９番１号,2017-03-10,株式会社
株式会社ファイン,北海道札幌市北区百合が原１０丁目３番６号,2017-03-10,株式会社
株式会社ファミリーアシストジャパン,埼玉県川口市並木４丁目２番１１号アーバンヒルズ西川口,2017-03-10,株式会社
株式会社フィロソフィア,福岡県北九州市若松区二島３丁目２番３０－３０５号,2017-03-10,株式会社
株式会社フロンティア,神奈川県横須賀市大矢部３丁目３０番１５号,2017-03-10,株式会社
株式会社ブライタス,愛知県名古屋市名東区本郷２丁目５３番地Ｍ．Ｋ本郷２０２,2017-03-10,株式会社
株式会社ブレイドジャパン,大阪府大阪市旭区大宮１丁目６番２１号,2017-03-10,株式会社
株式会社プラス・クロージング,埼玉県八潮市大字大曽根１３８２番地１,2017-03-10,株式会社
株式会社プログレッシブ,東京都港区西新橋１丁目２番９号日比谷セントラルビル１４階,2017-03-10,株式会社
株式会社プロテックエンジニアリング,神奈川県横浜市緑区長津田町３１８０番地３,2017-03-10,株式会社
株式会社ボンズ,神奈川県横浜市都筑区川向町１４５番地,2017-03-10,株式会社
株式会社ポラソフィ,大阪府大阪市淀川区宮原１丁目７番７号,2017-03-10,株式会社
株式会社ミュージックブースター,東京都世田谷区上野毛３丁目１６番３－８０４号,2017-03-10,株式会社
株式会社ミントワークス,東京都世田谷区弦巻５丁目１６番１１号マンション弦巻１００１号室,2017-03-10,株式会社
株式会社メタルテクト,広島県広島市安芸区中野東１丁目１番９－５０１号,2017-03-10,株式会社
株式会社メディアドゥテック徳島,徳島県徳島市川内町平石若松１０８番地４,2017-03-10,株式会社
株式会社メントー,沖縄県中頭郡中城村字北上原２８１番地,2017-03-10,株式会社
株式会社モトーレン長野,長野県長野市大字南長池３３１番地１,2017-03-10,株式会社
株式会社モリデン,北海道札幌市西区西野四条３丁目１０番１３－１０３号,2017-03-10,株式会社
株式会社モンサフィール,東京都港区芝２丁目５番８－６０３号,2017-03-10,株式会社
株式会社ヤマナリアセット,青森県青森市大字野内字浦島５６番地１,2017-03-10,株式会社
株式会社ユーエスコーポレーション,福岡県北九州市戸畑区中原新町２番１号北九州テクノセンタービル８０７,2017-03-10,株式会社
株式会社ライト,東京都新宿区西新宿４丁目３２番４号,2017-03-10,株式会社
株式会社ライトル,岩手県奥州市水沢区佐倉河字東沖ノ目１２３番地２Ｆキッズパーク内,2017-03-10,株式会社
株式会社ライフサポート,兵庫県川西市中央町３番６号,2017-03-10,株式会社
株式会社ラシゴーニュ,福岡県福岡市博多区博多駅前２丁目５番８号,2017-03-10,株式会社
株式会社リスタート,愛知県名古屋市中区錦１丁目７番２８号ＴＩＧ・ＡＣＴＵＳＢＵＩＬＤＩＮＧ８階,2017-03-10,株式会社
株式会社リフレクトジャパン,東京都港区六本木４丁目８番１２号ＭＩＹＡＳＨＩＴＡビル４階,2017-03-10,株式会社
株式会社リーボン,兵庫県神戸市中央区山本通３丁目１５番６号,2017-03-10,株式会社
株式会社ルメット,東京都新宿区西新宿８丁目３番１号西新宿ＧＦビル１Ｆ,2017-03-10,株式会社
株式会社ルラシオン,岡山県岡山市北区平和町１番１号１８０５,2017-03-10,株式会社
株式会社ルーツ８０８,茨城県つくば市上横場２５２０番地４６,2017-03-10,株式会社
株式会社レイバランス,大阪府大阪市淀川区西三国３丁目１７番２７号,2017-03-10,株式会社
株式会社レインクラウド,東京都港区南青山２丁目２番１５－９４２号ウイン青山,2017-03-10,株式会社
株式会社レノックス,京都府福知山市字天田４８８番地の１,2017-03-10,株式会社
株式会社レミユ,岐阜県美濃市２２７４番地６,2017-03-10,株式会社
株式会社レ・ボワット,東京都港区南青山５丁目４番１９号,2017-03-10,株式会社
株式会社ログス,大阪府大阪市北区天神橋４丁目７番１３号,2017-03-10,株式会社
株式会社一竹製作所,岡山県岡山市北区津島西坂２丁目１２番２９号,2017-03-10,株式会社
株式会社一誠,大分県大分市大字市６８１番地の２（フォルモーントⅡ１０２）,2017-03-10,株式会社
株式会社万葉ビル,神奈川県横須賀市久里浜４丁目８番１６号,2017-03-10,株式会社
株式会社三森企画,東京都新宿区赤城元町２番５号,2017-03-10,株式会社
株式会社三田ペイント,兵庫県神戸市北区長尾町宅原２３１４－１,2017-03-10,株式会社
株式会社三雅,埼玉県狭山市大字南入曽３７９番地の６,2017-03-10,株式会社
株式会社亀山鋼建,香川県仲多度郡多度津町本通１丁目１１番１４号,2017-03-10,株式会社
株式会社佐藤防水工事店,新潟県岩船郡関川村大字下関１３１８番地５,2017-03-10,株式会社
株式会社元気リフォーム,千葉県船橋市習志野台８丁目１２番１０号２階,2017-03-10,株式会社
株式会社光ビルド,東京都足立区西新井１丁目３８番１１－５０６号オリエント第６ビル,2017-03-10,株式会社
株式会社全機,東京都練馬区北町２丁目３９番３号ダイエイビル２Ｆ,2017-03-10,株式会社
株式会社創建,埼玉県さいたま市緑区大字大門２９１４番地９,2017-03-10,株式会社
株式会社加我建設,千葉県山武市森２７９番地１３,2017-03-10,株式会社
株式会社加瀬製作所,千葉県銚子市豊里台２丁目１１１０番地の２５６,2017-03-10,株式会社
株式会社北匠,埼玉県川越市大字藤間１１０６番地１,2017-03-10,株式会社
株式会社北千葉みらい総研,千葉県印西市木下１６６１番地１８,2017-03-10,株式会社
株式会社博友,山梨県甲斐市下今井４１３番地の４,2017-03-10,株式会社
株式会社吉村工業,大阪府大阪市大正区三軒家東６丁目１番１号,2017-03-10,株式会社
株式会社吾妻ケミカル,福島県福島市方木田字古川２５番地の６,2017-03-10,株式会社
株式会社善行,東京都練馬区南大泉２丁目５番１４号,2017-03-10,株式会社
株式会社喜多商事,秋田県鹿角市十和田毛馬内字下陣場３９番地１,2017-03-10,株式会社
株式会社喜平治,京都府京都市右京区嵯峨釈迦堂門前瀬戸川町４番地１０ハイムらんざん１階,2017-03-10,株式会社
株式会社多田星野鉱山,福岡県朝倉郡筑前町三牟田８０番地,2017-03-10,株式会社
株式会社夢巧房,静岡県静岡市駿河区広野２丁目７番２６号,2017-03-10,株式会社
株式会社大久保ＶＭ保険サービス,兵庫県神戸市垂水区本多聞７丁目１２番１４号,2017-03-10,株式会社
株式会社大信建設,神奈川県川崎市川崎区渡田新町３丁目４番３０号,2017-03-10,株式会社
株式会社大和,千葉県市原市五井西４丁目４番地１６,2017-03-10,株式会社
株式会社大和,熊本県熊本市北区植木町大和６２番地３,2017-03-10,株式会社
株式会社大和プロパティ・コンサルティング,東京都大田区萩中３丁目２８番８号,2017-03-10,株式会社
株式会社大和警備保障,佐賀県唐津市鏡２５３６番地１,2017-03-10,株式会社
株式会社大坂屋商事,神奈川県相模原市南区大野台６丁目１５番１号山口第２ビル３０２,2017-03-10,株式会社
株式会社奏草舎,埼玉県草加市手代町１０１３番地１５,2017-03-10,株式会社
株式会社家和,大阪府大阪市東淀川区菅原４丁目１０番３トーカン東淀川キャステール５０２,2017-03-10,株式会社
株式会社山弘海運,新潟県糸魚川市大字寺地２０９０番地,2017-03-10,株式会社
株式会社山﨑興業,東京都調布市若葉町１丁目４番地３４,2017-03-10,株式会社
株式会社岡芹開発,埼玉県本庄市今井５４６番地１１,2017-03-10,株式会社
株式会社嶋設備工業,福岡県北九州市小倉南区吉田にれの木坂１丁目２０番１０号,2017-03-10,株式会社
株式会社川原機工,福岡県北九州市八幡西区本城東４丁目１４番３－５０６号,2017-03-10,株式会社
株式会社師岡商店,広島県安芸高田市美土里町本郷３８５０番地３,2017-03-10,株式会社
株式会社平政組,静岡県静岡市葵区瀬名２丁目１５番２５－１号,2017-03-10,株式会社
株式会社建昇,大阪府豊中市城山町４丁目５番１７号,2017-03-10,株式会社
株式会社戸田設備,宮城県仙台市若林区蒲町字東４番地の３ふぁみーる清風館２０１,2017-03-10,株式会社
株式会社提箸工業,静岡県浜松市浜北区中条６３８番地の１,2017-03-10,株式会社
株式会社新田鉄筋,大阪府枚方市春日元町２丁目２６番４号,2017-03-10,株式会社
株式会社日本ビルガードシステム,東京都新宿区西新宿３丁目１１番１０号秀ビル,2017-03-10,株式会社
株式会社日本國貢献,京都府京都市下京区木屋町通松原上る２丁目和泉屋町１６３－１木屋町ビル３０１,2017-03-10,株式会社
株式会社晴夏,広島県広島市西区庚午北１丁目７番６－２号,2017-03-10,株式会社
株式会社杜のまきばかとう,広島県廿日市市吉和１１１６番地１,2017-03-10,株式会社
株式会社松下電設,静岡県浜松市南区三島町１５１番地の２,2017-03-10,株式会社
株式会社柳橋テクニカルデザイン,千葉県大網白里市柳橋７９９番地２６,2017-03-10,株式会社
株式会社栄和加工,京都府京都市伏見区中島外山町１００番地,2017-03-10,株式会社
株式会社桜友,山口県光市大字三井７１７番地３,2017-03-10,株式会社
株式会社横川鉄筋,大阪府門真市新橋町１６番１－５１０号,2017-03-10,株式会社
株式会社正貴商事,神奈川県川崎市川崎区東扇島３０番地５,2017-03-10,株式会社
株式会社毛利工務店,福岡県北九州市小倉南区上曽根３丁目４番２７号,2017-03-10,株式会社
株式会社永瀬工業,東京都足立区入谷４丁目１０番２５号,2017-03-10,株式会社
株式会社池田工業,千葉県市川市下貝塚２丁目３２番９－２０２号,2017-03-10,株式会社
株式会社池田興業,神奈川県横浜市中区本牧原３１番２３号,2017-03-10,株式会社
株式会社泉工業,佐賀県唐津市北波多岸山３７５番地７６,2017-03-10,株式会社
株式会社涼風,群馬県安中市古屋１５０番地４,2017-03-10,株式会社
株式会社湖処千鳥,島根県松江市千鳥町８６番,2017-03-10,株式会社
株式会社瀛鑫,大阪府吹田市千里山高塚２４―９,2017-03-10,株式会社
株式会社灘組,茨城県鹿嶋市高天原１丁目５番１８号,2017-03-10,株式会社
株式会社熊谷ダクト,岩手県紫波郡紫波町片寄字白旗２２番地４,2017-03-10,株式会社
株式会社田中商事,東京都足立区鹿浜４丁目１４番１４号,2017-03-10,株式会社
株式会社真栄,千葉県千葉市若葉区小倉町１７４４番地１２,2017-03-10,株式会社
株式会社福田管工,神奈川県横浜市神奈川区神之木台２番４号ＢＭＴハイツ１０２号,2017-03-10,株式会社
株式会社米田工業,大阪府大阪市都島区友渕町１丁目３番１３－４０３号,2017-03-10,株式会社
株式会社総栄ＷＡＴＥＲ　ＩＮＮＯＶＡＴＩＯＮ,神奈川県茅ヶ崎市堤１６２８番地,2017-03-10,株式会社
株式会社美鷹,三重県鈴鹿市自由ヶ丘４丁目１０番２４号,2017-03-10,株式会社
株式会社聖眼機能研究所,岡山県岡山市東区瀬戸町沖３６４番地,2017-03-10,株式会社
株式会社自究会,和歌山県岩出市水栖２７５番地の５,2017-03-10,株式会社
株式会社花形,京都府京都市中京区龍池町４２４番１,2017-03-10,株式会社
株式会社荒建,宮城県仙台市青葉区小田原８丁目２－１０－２,2017-03-10,株式会社
株式会社西光建設,東京都練馬区谷原３丁目５番６号,2017-03-10,株式会社
株式会社西部テクノス,大阪府和泉市テクノステージ３丁目９－１２,2017-03-10,株式会社
株式会社金城設備,沖縄県浦添市字経塚２９１番地３,2017-03-10,株式会社
株式会社阪口美装,大阪府大阪市東淀川区豊新２丁目６番１０－１０１号,2017-03-10,株式会社
株式会社雄飛,東京都足立区皿沼２丁目９番１３－１０１号,2017-03-10,株式会社
株式会社雪花堂,東京都渋谷区東３丁目２４番９サンワード恵比寿４０４号,2017-03-10,株式会社
株式会社青空,福岡県八女市立花町山崎２０４６番地４,2017-03-10,株式会社
株式会社馬渡建築,兵庫県加古郡稲美町国安２２７番地,2017-03-10,株式会社
株式会社鴨長明,大阪府門真市堂山町１番２３号,2017-03-10,株式会社
株式会社黄檗,兵庫県神戸市中央区栄町通１丁目２番２６号,2017-03-10,株式会社
株式会社３６５パートナーズ,東京都港区麻布十番１丁目８番１０号,2017-03-10,株式会社
株式会社Ａ　ＬＩＦＥ,北海道札幌市厚別区厚別南４丁目３番９号,2017-03-10,株式会社
株式会社ＡＮＧＥＬ,東京都江東区富岡１丁目６番１０号,2017-03-10,株式会社
株式会社ＡＲＩＯＳＥ,東京都品川区西五反田７丁目２２番１７号,2017-03-10,株式会社
株式会社ＡＳＶＥＮＴＯ,東京都江戸川区東葛西８丁目１１番２５号,2017-03-10,株式会社
株式会社Ａｉｚａｗａ　Ｃｏｒｐｏｒａｔｉｏｎ,群馬県伊勢崎市羽黒町２８番地１０,2017-03-10,株式会社
株式会社ＡｓＰｌｕｓ,埼玉県入間郡三芳町大字藤久保２３５番地３,2017-03-10,株式会社
株式会社Ａｓｉａ　ＤＩＥＳＥＬ,北海道札幌市中央区北一条東８丁目１番地３,2017-03-10,株式会社
株式会社Ｂ．Ｅ．Ｃ．,埼玉県さいたま市西区大字高木１４２９番地６９,2017-03-10,株式会社
株式会社ＢＥＳＳ三共,秋田県秋田市山王６丁目２３番５号２階,2017-03-10,株式会社
株式会社Ｂｅｅ　Ｗｏｒｋｓ,福岡県福岡市南区柏原２丁目１０番１４号,2017-03-10,株式会社
株式会社ＣＡＦＳ,東京都清瀬市中里２丁目１１３７番地２,2017-03-10,株式会社
株式会社ＣＨＡＮＣＯ,東京都北区中十条２丁目５番１４号,2017-03-10,株式会社
株式会社ＣＲＡＭ　ＪＡＭ　ＣＨＥＳＴ,神奈川県川崎市高津区二子６丁目１１番９号,2017-03-10,株式会社
株式会社ＤＭＭ．Ｓｔａｆｆ,東京都渋谷区恵比寿４丁目２０番３号恵比寿ガーデンプレイスタワー１４階,2017-03-10,株式会社
株式会社ＤＵＫＥ,東京都渋谷区初台１丁目１７番３号,2017-03-10,株式会社
株式会社Ｅｘ　Ｔｅｃｈ,福岡県築上郡築上町大字越路４１０番地１,2017-03-10,株式会社
株式会社ＦＦＣ,福岡県福岡市東区松崎３丁目９番２号,2017-03-10,株式会社
株式会社ＦＯＲ　ＹＯＵ,福島県南会津郡南会津町古町字千苅２番地１,2017-03-10,株式会社
株式会社ＧＡＩＥＮ,東京都八王子市中野上町１丁目９番６号,2017-03-10,株式会社
株式会社Ｈ＆Ｔインシュアランス,神奈川県横浜市戸塚区上倉田町１０００番地,2017-03-10,株式会社
株式会社ＨＩＭ,三重県伊賀市寺脇７２１番地,2017-03-10,株式会社
株式会社ＨＩＲＯ,大阪府大阪市西区北堀江１丁目２番２７号,2017-03-10,株式会社
株式会社ＨＭ,神奈川県平塚市菫平８番７号,2017-03-10,株式会社
株式会社ＨＯＬＯ神戸,兵庫県神戸市中央区相生町４丁目７番１０号,2017-03-10,株式会社
株式会社Ｈｉ‐ＭＥＴＡＬ　ＷＯＲＫＳ,長崎県西彼杵郡時津町久留里郷１０４８番地３３,2017-03-10,株式会社
株式会社Ｈｏｎｅｓｔｙ,兵庫県尼崎市潮江１丁目２０番１号アミング潮江イースト４０１西Ｅ,2017-03-10,株式会社
株式会社Ｉネーム,静岡県磐田市松本１７８番地１,2017-03-10,株式会社
株式会社Ｊ・Ｈ・Ｍｏｖｉｎｇ,大阪府茨木市星見町２番３号,2017-03-10,株式会社
株式会社Ｊ＆Ｄ　Ｃｈａｒｍａｎｔ,東京都墨田区江東橋４丁目１６番５号小倉ビル２０２,2017-03-10,株式会社
株式会社ＪＡなすのアグリサポート,栃木県那須塩原市黒磯６番地１,2017-03-10,株式会社
株式会社ＪＢ．ＹＡＳＨＩＫＩ,栃木県鹿沼市下沢４１番地２,2017-03-10,株式会社
株式会社ＪＵＳＴ　ＰＬＡＹ　ＣＯＭＰＡＮＹ,京都府京都市左京区吉田本町２６番地,2017-03-10,株式会社
株式会社Ｊａｍ．Ｆａｍｉｌｉａｒ,東京都港区西麻布１丁目５番１８号イバラキビル３０１,2017-03-10,株式会社
株式会社Ｋ’ｓ　ｆａｍ,神奈川県相模原市緑区町屋４丁目１２番２号,2017-03-10,株式会社
株式会社Ｋ－Ｔｒａｄｉｎｇ,東京都世田谷区赤堤１丁目３１番８号,2017-03-10,株式会社
株式会社ＫＡＩＧＯ７３,山口県山口市平井７２９番地,2017-03-10,株式会社
株式会社ＫＤＲ,福岡県筑紫郡那珂川町片縄１丁目８５－４－１０２,2017-03-10,株式会社
株式会社ＫＯＨＥＮ,愛知県日進市栄３丁目２１０８番地,2017-03-10,株式会社
株式会社ＫＯＴＯＢＵＫＩ,埼玉県春日部市南３丁目１７番２０－３号,2017-03-10,株式会社
株式会社ＫＳ企画,大阪府交野市倉治３丁目２４番２号,2017-03-10,株式会社
株式会社ＫｕｓＫｕｓ,北海道北見市幸町５丁目１番１０号,2017-03-10,株式会社
株式会社Ｌｉｅｎ,東京都八王子市椚田町５２６番地１,2017-03-10,株式会社
株式会社Ｍ＆Ｅシンクタンク,東京都練馬区高野台２丁目８番８－４０３号,2017-03-10,株式会社
株式会社Ｍ＆Ｒ,東京都墨田区江東橋４丁目２６番１６号,2017-03-10,株式会社
株式会社ＭＥＡＴ　ＴＥＲＲＡＣＥ,大阪府大阪市中央区博労町４丁目３番４号南船場ドレスビル２階,2017-03-10,株式会社
株式会社ＭＲＮＧ,宮崎県日南市大字平野２５５８番地２,2017-03-10,株式会社
株式会社ＭＳＴ,埼玉県越谷市蒲生東町１０番７号,2017-03-10,株式会社
株式会社ＭＵＳＴＡＲＤ,東京都新宿区左門町１４番地６１,2017-03-10,株式会社
株式会社ＭＹ通商,福岡県北九州市小倉北区竪林町８番１５号,2017-03-10,株式会社
株式会社Ｍａｓｋ,三重県桑名市野田５丁目７番地１３,2017-03-10,株式会社
株式会社Ｍｏｅ・Ｌｉｎｏ,沖縄県那覇市久米１丁目７番３号３０４,2017-03-10,株式会社
株式会社Ｎ２Ｓ,大阪府大阪市西区土佐堀１丁目６番２０号,2017-03-10,株式会社
株式会社ＮＩＮＥ,愛知県豊橋市松葉町１丁目９１番地,2017-03-10,株式会社
株式会社ＮＳＩ,大分県大分市大字関園６１５番地,2017-03-10,株式会社
株式会社ＮＵＫＵＭＯＲＩ,東京都小平市鈴木町２丁目２３９番地の７ストークミニヨン３０２号室,2017-03-10,株式会社
株式会社ＯＷＬ,神奈川県川崎市宮前区野川２６４５－２６,2017-03-10,株式会社
株式会社Ｏｆｆｉｃｅまる,秋田県秋田市新屋松美ガ丘北町８番１４号,2017-03-10,株式会社
株式会社Ｐｏｔｅｎｔｉａｌ　Ｉｎｖｅｓｔｍｅｎｔ,京都府京都市下京区木津屋橋通大宮東入上之町４４４番地,2017-03-10,株式会社
株式会社ＱｕｉｃｋＨｅｌｐＪａｐａｎ,東京都世田谷区上用賀１丁目６番１１－５１０号,2017-03-10,株式会社
株式会社ＲＡＥＥＳＡ　ＡＵＴＯ　ＪＡＰＡＮ,神奈川県横浜市保土ケ谷区権太坂２丁目１番５－３０１号,2017-03-10,株式会社
株式会社ＲＡＬＵ,北海道札幌市中央区宮の森二条９丁目６番１６号,2017-03-10,株式会社
株式会社ＲＩＳＥ,大阪府大阪市中央区南新町２丁目４番１２号,2017-03-10,株式会社
株式会社ＲｉａＮｅｔ,東京都墨田区立花６丁目８番３－１０５号Ｔ．Ｓ．ヴィラージュ,2017-03-10,株式会社
株式会社Ｓ＆ＫＰａｒｔｎｅｒｓ,東京都八王子市別所２丁目４２番地５－６０４,2017-03-10,株式会社
株式会社ＳＩＰ,東京都新宿区高田馬場１丁目２３番１４号,2017-03-10,株式会社
株式会社ＳＳアリマン,静岡県三島市松本２６６番地の１,2017-03-10,株式会社
株式会社Ｓａｄｅｉｙａｎａ梁孫,東京都文京区本郷２丁目２６番１－２Ｆ,2017-03-10,株式会社
株式会社ＳｅｅＤｉｍｅｎｓｉｏｎ,東京都渋谷区恵比寿３丁目１番４号モンシャトー恵比寿ビル２０１,2017-03-10,株式会社
株式会社ＳｋｉｌｌＭａｔｃｈｉｎｇ,大阪府大阪市中央区久太郎町４丁目２番１２号,2017-03-10,株式会社
株式会社Ｔプランニング,北海道札幌市北区新琴似十二条５丁目１番１１号,2017-03-10,株式会社
株式会社Ｔ・Ｈ・Ｕ,東京都新宿区西落合１丁目２１番１５－３０１号,2017-03-10,株式会社
株式会社ＴＭＳ,福岡県福岡市東区香椎照葉２丁目５番２－１２０１号,2017-03-10,株式会社
株式会社ＴＯＹ　ＲＩＳＥ,千葉県流山市平和台２丁目１１番地の１,2017-03-10,株式会社
株式会社ＴＳ－スマイル,千葉県市川市大洲３丁目９番１４号アイディーコート１０３,2017-03-10,株式会社
株式会社Ｔａｔｓｕｈｉｒｏ,兵庫県神戸市中央区中山手通１丁目２３番２号２階,2017-03-10,株式会社
株式会社ＵＮＩＶＥＲＳＡＬ　ＣＡＳＴ,愛知県名古屋市中区丸の内３丁目１６番１９号,2017-03-10,株式会社
株式会社ＵＳＭＡＮＴＲＡＤＩＮＧ,埼玉県草加市氷川町１０５４番地千曲荘２０１号,2017-03-10,株式会社
株式会社ＵＳＰ　ＧＬＯＢＡＬ　ＪＡＰＡＮ,奈良県吉野郡川上村大字北和田１５５番地,2017-03-10,株式会社
株式会社Ｕｎｉｔｅｄｐｒｅｓｓｗｏｒｌｄ,大分県大分市大字野田４１８番地の１０,2017-03-10,株式会社
株式会社ＵｕＣホーム,千葉県千葉市若葉区桜木５丁目１７番４２号,2017-03-10,株式会社
株式会社Ｖｉｌｌａｒｄ,東京都渋谷区鶯谷町１９番１９号第三叶ビル５０２号,2017-03-10,株式会社
株式会社Ｗａ－Ｋ,大阪府枚方市長尾谷町３丁目１０番２号,2017-03-10,株式会社
株式会社Ｗｉｓｔｅｒｉａ,東京都港区高輪３丁目１１番８号,2017-03-10,株式会社
株式会社Ｗｉｔｈ　Ｂａｓｉｃ,群馬県伊勢崎市南千木町１７５７番地５,2017-03-10,株式会社
株式会社Ｚｅｎｉｔｈ　Ｅｎｔｅｒｔａｉｎｍｅｎｔ,東京都目黒区青葉台３丁目１８番３－４１２号,2017-03-10,株式会社
株式会社ＺｉｌｌｉＯｎｅ,奈良県奈良市学園大和町２丁目８１番地奈良西ビル４階,2017-03-10,株式会社
株式会社ａｌｉｃｅ　ｅ　ｌａｂｏｒａｔｏｒｙ,大阪府大阪市北区中崎西３丁目２番７号,2017-03-10,株式会社
株式会社ｂａｃｏｎ,東京都中央区日本橋横山町７番地１５,2017-03-10,株式会社
株式会社ｃｏｎｎｅｃｔ－ｏｎｅ,栃木県芳賀郡茂木町大字山内７２７番地,2017-03-10,株式会社
株式会社ｅｄｅｎｗｏｒｋｓ,東京都渋谷区元代々木町８番８号ｍｏｔｏｙｏｙｏｇｉｌｅａｆ２Ｆ,2017-03-10,株式会社
株式会社ｉメディカルクリエイト,広島県広島市南区金屋町２番１５号,2017-03-10,株式会社
株式会社ｋｕｒｕ’ｓ　ｐｌａｃｅ,東京都渋谷区宇田川町７番１７号,2017-03-10,株式会社
株式会社ｍ建,茨城県牛久市ひたち野西３丁目２番地８,2017-03-10,株式会社
株式会社ｓｅｇｕｒｏ,東京都豊島区東池袋１丁目３１番１３号,2017-03-10,株式会社
株式会社ｓｏｗ　ｃｒｅａｔｅ,広島県広島市中区流川町８－１３ハワイヤビル３Ｆ,2017-03-10,株式会社
株式会社ｗｏｏｄ．ｂｒｅａｔｈ,兵庫県姫路市網干区新在家３３７番地,2017-03-10,株式会社
正盛株式会社,千葉県千葉市美浜区高洲１丁目２２－１０金谷ビル２Ｆ,2017-03-10,株式会社
毅龍株式会社,沖縄県那覇市松尾２丁目２３番４号,2017-03-10,株式会社
永森建設株式会社,神奈川県横浜市都筑区大丸１６番９－２０３号,2017-03-10,株式会社
江戸川建設株式会社,東京都江戸川区春江町２丁目１０番２号１０２号室,2017-03-10,株式会社
江本手袋株式会社,香川県東かがわ市引田２７２４番地,2017-03-10,株式会社
瀬野川産業ホールディングス株式会社,広島県広島市安芸区上瀬野１丁目１７番１２号,2017-03-10,株式会社
片岡建設株式会社,福岡県飯塚市大分１５９９番地２,2017-03-10,株式会社
特定非営利活動法人さいたま都市開発機構,埼玉県さいたま市大宮区仲町１丁目８０番もりくま第４ビル５Ｆ,2017-03-10,その他の設立登記法人
特定非営利活動法人にこにこ,埼玉県川口市東川口６丁目８番１９号,2017-03-10,その他の設立登記法人
特定非営利活動法人みらいのそら,北海道雨竜郡秩父別町２１０３番地の２４,2017-03-10,その他の設立登記法人
特定非営利活動法人春よこい,新潟県長岡市東川口６２８番地１,2017-03-10,その他の設立登記法人
特定非営利活動法人紙飛行機,奈良県生駒郡三郷町立野南２丁目１０番１７号,2017-03-10,その他の設立登記法人
特定非営利活動法人ｆａｉｔｈ　ｔｏ　ｆａｃｅ,鳥取県西伯郡伯耆町吉長３７４－３,2017-03-10,その他の設立登記法人
社会福祉法人慈風会,鹿児島県鹿児島市東郡元町１１番６号,2017-03-10,その他の設立登記法人
福島牧場株式会社,熊本県八代市上日置町２３８９番地,2017-03-10,株式会社
福川株式会社,大阪府大阪市中央区宗右衛門町３番８号,2017-03-10,株式会社
笹川鉄筋工業株式会社,千葉県八街市勢田７８７番地９,2017-03-10,株式会社
農事組合法人かなでファーム,愛媛県西予市宇和町田苗真土１５６５番地,2017-03-10,その他の設立登記法人
農事組合法人エコファーム水牧,富山県小矢部市水牧１５２番地２,2017-03-10,その他の設立登記法人
農事組合法人袖ケ浦ＷＣＳ,千葉県袖ケ浦市川原井１５７２番地,2017-03-10,その他の設立登記法人
農事組合法人龍神の郷,大分県国東市武蔵町内田１６０７番地,2017-03-10,その他の設立登記法人
近未来プロジェクト株式会社,北海道函館市元町１８番１９号,2017-03-10,株式会社
金澤工業株式会社,秋田県潟上市天王字上江川４７番地１１５３,2017-03-10,株式会社
関西ＥＮＧ株式会社,兵庫県加古川市別府町新野辺３２７０番地,2017-03-10,株式会社
雅建設工業株式会社,岡山県倉敷市玉島長尾１９８番地３６,2017-03-10,株式会社
４５ＯＺ株式会社,福岡県福岡市中央区桜坂３丁目１２番９１－１０９号,2017-03-10,株式会社
８ｘ８Ｊａｐａｎ合同会社,東京都渋谷区東３丁目１１番１０号恵比寿ビル,2017-03-10,合同会社
ＡＢＴマーケティング株式会社,東京都渋谷区南平台町１６番１７号,2017-03-10,株式会社
ＡＪＩＷＡ商会株式会社,神奈川県海老名市下今泉１丁目１４番４４号ファミリーパレスＫ３０Ｃ,2017-03-10,株式会社
ＡＯＰＡ－Ｊ株式会社,東京都新宿区北新宿２丁目６番２９－１２０６号,2017-03-10,株式会社
Ａｃｔ株式会社,福岡県福岡市博多区空港前２丁目１９番７号,2017-03-10,株式会社
ＢアンドＮ株式会社,東京都台東区寿２丁目９番５号,2017-03-10,株式会社
Ｂ．Ｔトラスト株式会社,千葉県千葉市花見川区大日町１２６０番地６,2017-03-10,株式会社
ＣＳｉＤＯＢＡＴＡ株式会社,東京都品川区西五反田８丁目２番５号ファインズ五反田３階,2017-03-10,株式会社
Ｃｏｌｏｎｂｏ　Ｎｉｐｐｏｎ株式会社,千葉県八千代市萱田１８６８番地ソフィアⅡ１０１,2017-03-10,株式会社
Ｃｏｓｔａ　ｄｅｌ　Ｓｏｌ株式会社,東京都杉並区堀ノ内２丁目１０番１５号,2017-03-10,株式会社
Ｄ３　ＬＡＢ株式会社,東京都品川区西五反田７丁目１３番６号ＳＤＩ五反田ビル,2017-03-10,株式会社
ＤＷｃｏｍｐａｎｙ株式会社,奈良県奈良市佐紀町２７３１番地の２,2017-03-10,株式会社
ＤｉＢＡＳＥ合同会社,東京都足立区竹の塚１丁目４０番１５号庄栄ビル５階,2017-03-10,合同会社
ＥＭＲ株式会社,東京都世田谷区砧８丁目２８番２号,2017-03-10,株式会社
ＥＴＥＲＮＡＬ協同組合,愛知県名古屋市緑区徳重５丁目２０５番地,2017-03-10,その他の設立登記法人
ＧＥクリエイト株式会社,兵庫県加古川市平岡町一色東２丁目４８７番地の４,2017-03-10,株式会社
ＧＳエンタープライズ合同会社,北海道札幌市中央区南一条西７丁目１２番地６,2017-03-10,合同会社
ＨＨＯ未来エネルギー株式会社,福岡県福岡市東区舞松原１丁目１２番１７－２０５号,2017-03-10,株式会社
ＫＡＲＡＨＡエンタープライズ株式会社,東京都西東京市西原町４丁目３番７２号,2017-03-10,株式会社
ＫＴＭコーポレーション株式会社,東京都千代田区平河町２丁目７番１０号平河町レジデンス１２０６号,2017-03-10,株式会社
Ｋｅｎ　Ｃｏｎｓｕｌｔｉｎｇ株式会社,神奈川県横浜市戸塚区名瀬町４３１番地２,2017-03-10,株式会社
Ｋｉｉｔｏｓ合同会社,東京都豊島区長崎４丁目１６番７号,2017-03-10,合同会社
ＬＫ株式会社,福岡県北九州市小倉北区大田町１３－１（２階）,2017-03-10,株式会社
Ｌｕｃｅ株式会社,東京都新宿区大久保３丁目８ラトゥール新宿ガーデン,2017-03-10,株式会社
Ｍスタッフ株式会社,東京都江東区富岡１丁目３番３号,2017-03-10,株式会社
Ｎ－５プロジェクト合同会社,大阪府大阪市城東区蒲生２丁目９番１６号ライオンズ京橋１０１号室,2017-03-10,合同会社
ＮＩＣＯ　Ｉｎｃ．合同会社,東京都世田谷区東玉川２丁目３３番５号エヌ・ドルフ２０２,2017-03-10,合同会社
ＮＫホールディングス株式会社,東京都新宿区北新宿２丁目６番２９－１２０６号,2017-03-10,株式会社
ＮＰＯ法人大分障害者雇用サポートセンター,大分県別府市大字内竈１３９３番地,2017-03-10,その他の設立登記法人
ＮＰＯ法人智楽フォーラム,大分県大分市金池南２丁目１７番４号,2017-03-10,その他の設立登記法人
ＰＵＲＥ　ＴＲＡＤＩＮＧ　ＳＥＲＶＩＣＥＳ株式会社,東京都中央区銀座１丁目１５番７号３Ｆ,2017-03-10,株式会社
Ｒグリーンエナジー合同会社,大阪府和泉市伯太町１丁目１３番７号,2017-03-10,合同会社
Ｒ＆Ｈ合同会社,群馬県伊勢崎市ひろせ町４１１２－４サングレースマンション４０２,2017-03-10,合同会社
ＲＡＤＨＡ株式会社,東京都豊島区池袋２丁目２３番４号池袋見真ビル２０１号,2017-03-10,株式会社
ＲＭリアルティ株式会社,神奈川県横浜市港北区新横浜３丁目１７番地１５,2017-03-10,株式会社
ＲｏｆＢ株式会社,神奈川県綾瀬市寺尾西３丁目９番１４号,2017-03-10,株式会社
Ｓ－Ｃｒｅａｔｅ株式会社,長野県中野市大字三ツ和１６８３番地１,2017-03-10,株式会社
ＳＣＣ合同会社,大阪府大阪市中央区南船場４丁目１２番１０号６階,2017-03-10,合同会社
ＳＩＳビジョン株式会社,東京都新宿区西新宿７丁目２１番９号天翔西新宿ビル４０２,2017-03-10,株式会社
ＳＫコーポレーション株式会社,東京都港区赤坂６丁目１３番１８号,2017-03-10,株式会社
Ｓａｉ　Ｓｉｓｈｙａ　Ｉｎｔｅｒｎａｔｉｏｎａｌ　Ｓｃｈｏｏｌ株式会社,東京都江戸川区鹿骨３丁目７番１２号,2017-03-10,株式会社
ＴＨ－ＦＡＲＭ合同会社,山梨県甲府市富士見１丁目１９番１０号,2017-03-10,合同会社
ＴＳカンパニー合同会社,愛知県蒲郡市神ノ郷町下向山４番地１０,2017-03-10,合同会社
Ｔｈｅ　Ｂｌａｃｋｍｏｕｎｔａｉｎ株式会社,福井県福井市二の宮４丁目１０番１８号,2017-03-10,株式会社
ＹＭＧ合同会社,東京都世田谷区成城８丁目１６番４号,2017-03-10,合同会社
ａ－ｃｏｒｎ　ｉｎｄｕｓｔｒｙ株式会社,広島県福山市山手町２丁目１４番４０号,2017-03-10,株式会社
ａｒｍ株式会社,福井県福井市石盛町第３１号９番地,2017-03-10,株式会社
ｆｅｅｌ　ａｎｄ　ｔｈｉｎｋ合同会社,愛知県北名古屋市鹿田大門５８番地,2017-03-10,合同会社
ｉｎｃｒｅａｓｅ株式会社,東京都新宿区新宿２丁目１３番１２号ファーストビル４Ｆ,2017-03-10,株式会社
かえで不動産投資合同会社,兵庫県西宮市羽衣町７番２６ＭＩＺＵＫＩアルペジオ夙川３０４号,2017-03-13,合同会社
かこでん株式会社,兵庫県加古川市加古川町備後５３番地の７,2017-03-13,株式会社
きょなん株式会社,千葉県安房郡鋸南町保田４７８番地１０４,2017-03-13,株式会社
こと葉株式会社,鹿児島県鹿児島市玉里団地２丁目５７番７号,2017-03-13,株式会社
ひかりファーム株式会社,長野県塩尻市大門幸町４番１１号コーポ中原Ｂ１０１,2017-03-13,株式会社
ひらはりエステート株式会社,東京都大田区南馬込３丁目２２番２３号,2017-03-13,株式会社
みんなのちから合同会社,東京都江戸川区瑞江４丁目６番７号,2017-03-13,合同会社
アイニーエナジー合同会社,東京都世田谷区赤堤２丁目３２番２９－１０５号,2017-03-13,合同会社
アスパイアー合同会社,愛知県豊橋市弥生町字中原３４番地３,2017-03-13,合同会社
アルケミージャパン株式会社,北海道札幌市南区中ノ沢５丁目３番１６号,2017-03-13,株式会社
アーブルホーム株式会社,香川県高松市松福町１丁目２４番４号,2017-03-13,株式会社
イオス合同会社,山口県下関市長門町１１番７号,2017-03-13,合同会社
イリジウム亜太株式会社,東京都荒川区町屋３丁目１５番１７号,2017-03-13,株式会社
インテュイション・ランゲージトレーニングスタジオ合同会社,東京都中野区中野５丁目３２番４号－２０２号室,2017-03-13,合同会社
ウィンファンワークス株式会社,東京都中央区東日本橋２丁目１７番１０－４０２号,2017-03-13,株式会社
エイトウッズ株式会社,東京都世田谷区中町３丁目２２番６号,2017-03-13,株式会社
エコ・マテ株式会社,新潟県新潟市西蒲区仁箇５７８番地５,2017-03-13,株式会社
エスアイエス合同会社,大阪府大阪市都島区善源寺町２丁目２番８－１９０９号,2017-03-13,合同会社
エムエスケー合同会社,埼玉県朝霞市溝沼７丁目６番１６－５０４号,2017-03-13,合同会社
オアシス合同会社,東京都大田区西蒲田７丁目６２番２号フロリダビル２Ｆ,2017-03-13,合同会社
キアロｓｔｙｌｅ株式会社,栃木県宇都宮市簗瀬町１８４１番地,2017-03-13,株式会社
グラップサイド合同会社,東京都豊島区巣鴨１丁目２７番１号,2017-03-13,合同会社
グラン・パレ六甲管理組合法人,兵庫県神戸市灘区六甲台町１２－２１,2017-03-13,その他の設立登記法人
グレイス・ホーム株式会社,大阪府枚方市大垣内町３丁目１２番１５号,2017-03-13,株式会社
ケイエスクオリティー株式会社,東京都港区赤坂３丁目１３番１４号赤坂３１３ビル６階,2017-03-13,株式会社
ケイナック株式会社,京都府久世郡久御山町田井東荒見９番地１,2017-03-13,株式会社
ケイ物流株式会社,愛知県安城市根崎町西新切７５番地,2017-03-13,株式会社
サイアムライジングインベストメント１号合同会社,東京都千代田区九段北１丁目４番１号,2017-03-13,合同会社
サイアムライジングインベストメント２号合同会社,東京都千代田区九段北１丁目４番１号,2017-03-13,合同会社
シナジー電産合同会社,群馬県藤岡市中８９４番地４,2017-03-13,合同会社
シンファ株式会社,大阪府茨木市郡５丁目３０番１１号,2017-03-13,株式会社
スリーエー協同組合,北海道札幌市中央区北五条西２６丁目１番７号,2017-03-13,その他の設立登記法人
ズイショウ合同会社,東京都文京区音羽１丁目１０番４－３０８号室,2017-03-13,合同会社
セイラン株式会社,岐阜県各務原市川島小網町１９００番地２７９,2017-03-13,株式会社
ソイルリポート株式会社,北海道札幌市白石区栄通２１丁目２２－７プリエールコート３０５号室,2017-03-13,株式会社
ソウテン株式会社,千葉県山武郡芝山町大里１８番地３４,2017-03-13,株式会社
ソルテック株式会社,東京都大田区蒲田３丁目１９番４－１６０４号,2017-03-13,株式会社
ソーエイ株式会社,宮城県多賀城市東田中１丁目８番１８号グリスィーヌＢ２０１,2017-03-13,株式会社
チャンハク合同会社,埼玉県川口市西川口１丁目３番１１号ダイトービル壱番館東側４１０号室,2017-03-13,合同会社
トヨタ有限会社,広島県広島市南区段原山崎１丁目５番８号,2017-03-13,有限会社
トリヒコ株式会社,東京都江東区青海２丁目７番４号ＴＨＥＳＯＨＯ８１６号室,2017-03-13,株式会社
トリプルエル株式会社,東京都新宿区新宿１丁目２４番２号長井ビル１階,2017-03-13,株式会社
トーゴ株式会社,東京都渋谷区神宮前１丁目２３番８号,2017-03-13,株式会社
ハイスマートジャパン株式会社,栃木県宇都宮市上桑島町２０番地１,2017-03-13,株式会社
バウエン株式会社,栃木県宇都宮市宝木本町２２９３番地５,2017-03-13,株式会社
パシフィック・ディール・ソリューションズ株式会社,山梨県甲府市高畑２丁目１８番１１号ポレスターブロードシティー６０２スクエア,2017-03-13,株式会社
ピリカポンペ合同会社,兵庫県神戸市中央区二宮町４丁目２０番２０号,2017-03-13,合同会社
フルスイング株式会社,東京都世田谷区深沢８丁目７番１７－６０２号,2017-03-13,株式会社
ホスピタリティワークス株式会社,京都府京都市下京区綾小路東洞院東入神明町２４１番地１ＰＡＳＴＲＡＬＥｄｅｎＯｎｅ２Ａ,2017-03-13,株式会社
マサルホールディングス株式会社,東京都豊島区東池袋１丁目２４番１号,2017-03-13,株式会社
マテリアル株式会社,愛知県名古屋市天白区保呂町２４１９番地の２,2017-03-13,株式会社
マーカムインターナショナル株式会社,東京都中央区日本橋蛎殻町１丁目８番２号,2017-03-13,株式会社
ミサワ工業株式会社,大阪府大阪狭山市茱萸木２丁目１７９３番地の２,2017-03-13,株式会社
モチヅキ合同会社,東京都港区港南４丁目２番２－１４０４号,2017-03-13,合同会社
ヤマサト・ヒガ・アーキテクチャー・アンド・プランニング・インコーポレーテッド,沖縄県那覇市牧志３丁目９番１０号（ホテルパームロイヤル）,2017-03-13,外国会社等
ライフシフト・ラボ合同会社,静岡県静岡市葵区瀬名中央１丁目１６番１号２０３,2017-03-13,合同会社
ライフバリュー・クリエイト株式会社,茨城県土浦市港町３丁目３０番９号,2017-03-13,株式会社
リエット株式会社,兵庫県神戸市須磨区友が丘７丁目２７５番地の２,2017-03-13,株式会社
ルミエール・ジャパン合同会社,大阪府大阪市北区梅田１丁目１１番４－１０００号,2017-03-13,合同会社
レッスンバンク株式会社,奈良県北葛城郡王寺町久度２丁目３－２りーべる王寺西館８０７,2017-03-13,株式会社
ワンブック合同会社,東京都八王子市中野山王３丁目１３番１－８０１号,2017-03-13,合同会社
一般社団法人えむ・ほうむ,福岡県福岡市中央区荒戸３丁目２番４５－５０３号,2017-03-13,その他の設立登記法人
一般社団法人たつの革細工協会,兵庫県たつの市龍野町片山５０７番地１,2017-03-13,その他の設立登記法人
一般社団法人アジア足の外科学会事務局,奈良県橿原市四条町８４０番地奈良県立医科大学整形外科学教室内,2017-03-13,その他の設立登記法人
一般社団法人アンマ,鹿児島県大島郡瀬戸内町古仁屋瀬久井西１３番地２,2017-03-13,その他の設立登記法人
一般社団法人グローバルエンターテイメントビューティ協会,東京都港区南青山２丁目２番１５号Ｗｉｎ　Ａｏｙａｍａビル‐ＵＣＦ９階,2017-03-13,その他の設立登記法人
一般社団法人ファイバーシート天井システム協会,愛知県豊田市東梅坪町１０丁目３番地３,2017-03-13,その他の設立登記法人
一般社団法人フォートレス,茨城県守谷市薬師台６丁目１番地２,2017-03-13,その他の設立登記法人
一般社団法人ラフ,広島県広島市西区古江新町１３番３６－４０３号,2017-03-13,その他の設立登記法人
一般社団法人全国保育連盟,東京都港区港南１丁目２番７０号品川シーズンテラス５Ｆ,2017-03-13,その他の設立登記法人
一般社団法人南大阪古民家再生協会,大阪府堺市北区黒土町５８番地２,2017-03-13,その他の設立登記法人
一般社団法人地域活動推進支援協会,北海道札幌市北区屯田七条９丁目５番２号,2017-03-13,その他の設立登記法人
一般社団法人実践するマネジメント読書会ファシリテーター機構,東京都千代田区丸の内２丁目３番２号,2017-03-13,その他の設立登記法人
一般社団法人市民福祉ネット,愛知県名古屋市中川区一色新町３丁目８２５番地リバーサイド三日月１０３号室,2017-03-13,その他の設立登記法人
一般社団法人日中青少年交流推進機構,京都府京都市伏見区日野谷寺町５８番地１９,2017-03-13,その他の設立登記法人
一般社団法人日本ハンドビューティー協会,東京都港区南青山２丁目２番１５号ウィン青山ビル９階,2017-03-13,その他の設立登記法人
一般社団法人日本ボディピアス協会,東京都新宿区歌舞伎町２丁目３９番８号,2017-03-13,その他の設立登記法人
一般社団法人日本心経協会,北海道札幌市中央区北六条西２５丁目３－３５－２０６号,2017-03-13,その他の設立登記法人
一般社団法人橘企画,埼玉県所沢市若狭４丁目２４９１番地の１２３,2017-03-13,その他の設立登記法人
一般社団法人水都創造パートナーズ,東京都港区芝２丁目２２番１５号,2017-03-13,その他の設立登記法人
一般社団法人環境倫理学研究所,千葉県柏市花野井５２７番地１７,2017-03-13,その他の設立登記法人
一般社団法人経済特区開発推進機構,東京都中央区八丁堀２丁目１０番９号ユニゾ八丁堀ビル６階東京桜橋法律事務所内,2017-03-13,その他の設立登記法人
一般社団法人群馬県慢性期医療協会,群馬県沼田市久屋原町３４５番地１,2017-03-13,その他の設立登記法人
一般社団法人耐震天井普及協会,東京都新宿区住吉町２番１０号ソフィアＭ６階,2017-03-13,その他の設立登記法人
一般社団法人音羽,静岡県静岡市葵区音羽町９番２０－１号,2017-03-13,その他の設立登記法人
一般社団法人麗澤校友会,千葉県柏市光ケ丘２丁目１番１号,2017-03-13,その他の設立登記法人
一般社団法人１９５国際経済発展推進機構,東京都新宿区北新宿１丁目３番１７－３０３号,2017-03-13,その他の設立登記法人
一般社団法人ＡＴＴＩＪａｐａｎ,東京都千代田区六番町１３－１,2017-03-13,その他の設立登記法人
一般社団法人ＥＴＳ,神奈川県横浜市緑区鴨居７丁目６番１３号,2017-03-13,その他の設立登記法人
一般社団法人ＩＧＰＩ持株会,東京都千代田区丸の内１丁目９番２号グラントウキョウサウスタワー１７階,2017-03-13,その他の設立登記法人
一般社団法人Ｐｒｏｕｄ　Ｙｏｕｔｈ,群馬県高崎市上並榎町１０００番地,2017-03-13,その他の設立登記法人
一般財団法人長坂国際奨学財団,東京都杉並区荻窪４丁目３２番５号,2017-03-13,その他の設立登記法人
三葉工業株式会社,兵庫県神戸市垂水区小束山本町２丁目３番２－２０７号,2017-03-13,株式会社
世田谷観光物産株式会社,東京都世田谷区世田谷１丁目１６番１４号,2017-03-13,株式会社
丸鐘建機工業株式会社,愛知県名古屋市守山区大字中志段味字吉田洞２８８２番地,2017-03-13,株式会社
井辺区,京都府京丹後市弥栄町井辺８０６－１,2017-03-13,その他
企業組合ＪＡＣＫＳＯＮ,秋田県能代市浅内字中山１０１番地,2017-03-13,その他の設立登記法人
共和建設株式会社,広島県広島市佐伯区湯来町葛原９７３番地,2017-03-13,株式会社
北海道ビジネスサポート事業協同組合,北海道札幌市中央区北一条西２丁目２番地,2017-03-13,その他の設立登記法人
医療法人やまだファミリー歯科,滋賀県彦根市野瀬町５８番地２,2017-03-13,その他の設立登記法人
医療法人大高内科クリニック,福島県須賀川市大町４０３番地９,2017-03-13,その他の設立登記法人
医療法人社団おおいまち消化器外科クリニック,東京都品川区大井１丁目３１番１２号ユウビル２階,2017-03-13,その他の設立登記法人
医療法人社団みこころ,東京都立川市曙町２丁目１８番１７号町田ビル４階,2017-03-13,その他の設立登記法人
医療法人社団ゆるぎない愛の会,神奈川県横須賀市米が浜通１丁目１７番地ＹＭＢＬＤＧ．２階,2017-03-13,その他の設立登記法人
医療法人社団ナカヤスマイルインスティテュート,北海道札幌市中央区南一条西２丁目１８番地丸ヨ池内ビル７Ｆ,2017-03-13,その他の設立登記法人
医療法人社団ハッピーファースト,東京都江東区大島７丁目１番１８号ドゥマン・エスポワール１階,2017-03-13,その他の設立登記法人
医療法人社団史光会,東京都中野区東中野５丁目１番１号ユニゾンモール３階,2017-03-13,その他の設立登記法人
医療法人社団和紗会,東京都新宿区矢来町１１３番地神楽坂升本ビル１階,2017-03-13,その他の設立登記法人
医療法人社団孔良会,東京都江東区富岡１丁目３番５号一光ビル１階,2017-03-13,その他の設立登記法人
医療法人社団星優会,東京都北区赤羽北２丁目１５番１号赤羽北二丁目団地第１号棟第１１０号室,2017-03-13,その他の設立登記法人
医療法人社団祥樹会,東京都渋谷区代々木１丁目４３番７号ＳＫビル１階,2017-03-13,その他の設立登記法人
医療法人社団聖真会,東京都葛飾区亀有５丁目２８番１１号ジュネスサンプレイス１階１０１号室,2017-03-13,その他の設立登記法人
医療法人社団賢仁会,北海道函館市桔梗３丁目１７番２９号,2017-03-13,その他の設立登記法人
医療法人社団輝幸会,東京都港区南青山５丁目６番２４号南青山ステラハウス３階,2017-03-13,その他の設立登記法人
医療法人社団郁雅会,広島県広島市東区温品４丁目６番２２号,2017-03-13,その他の設立登記法人
医療法人社団Ｐｉｋａ’ｓ,東京都国分寺市本町４丁目１番６号ウッドビル１階,2017-03-13,その他の設立登記法人
協和技研株式会社,茨城県筑西市新治１９７０番地１９,2017-03-13,株式会社
南東北産業株式会社,福島県郡山市昭和１丁目１２番４号－３０８号室,2017-03-13,株式会社
博苑福祉株式会社,福岡県福岡市博多区祇園町１－４０,2017-03-13,株式会社
友田電気工事株式会社,愛知県岡崎市井田町字荒居６４番地,2017-03-13,株式会社
只見環境リサイクル株式会社,福島県南会津郡只見町大字楢戸字二本柳１４８１番地１,2017-03-13,株式会社
合同会社あづま塾,奈良県大和高田市大字根成柿３８０番地１,2017-03-13,合同会社
合同会社きりん総合管理会社,長崎県諫早市山川町５番地４２,2017-03-13,合同会社
合同会社ゆうりお,東京都新宿区新宿５丁目１１番３０号新宿第五葉山ビル３階,2017-03-13,合同会社
合同会社アウルＭＳＫ,東京都台東区東浅草２丁目３－５,2017-03-13,合同会社
合同会社アクセル,東京都小平市大沼町２丁目１６番１２号,2017-03-13,合同会社
合同会社アント,富山県射水市中太閤山１５丁目１３番地,2017-03-13,合同会社
合同会社アヴァンセ,東京都港区虎ノ門１丁目１６番６号虎ノ門ラポートビルＵＣＦ７０３,2017-03-13,合同会社
合同会社アーキ防水塗装,沖縄県石垣市字石垣１６１番地１ブエノアパート２０１号,2017-03-13,合同会社
合同会社イースト・アセット・マネージメント,東京都杉並区西荻南４丁目２６番９号,2017-03-13,合同会社
合同会社エヌシークレスト,香川県綾歌郡宇多津町浜六番丁８６番地１６ＲＧ宇多津駅前参番館１００３,2017-03-13,合同会社
合同会社エフケーワン,東京都世田谷区等々力２丁目８番６号－２０１号,2017-03-13,合同会社
合同会社クロスオフィス,滋賀県草津市野路６丁目２番４号,2017-03-13,合同会社
合同会社グッドフィールド,兵庫県西宮市江上町４番１１－２０２,2017-03-13,合同会社
合同会社グリーンテクノ,大分県別府市大字鶴見２３７５番地の１３,2017-03-13,合同会社
合同会社ケイカンパニー,東京都墨田区立川４丁目３番１６－３０６号メインステージ菊川Ⅱ,2017-03-13,合同会社
合同会社ケイティ,東京都目黒区中根２丁目１４番２１－２０６号,2017-03-13,合同会社
合同会社シルバーブリゲード,東京都世田谷区砧１丁目６番４号ジョイ９０－２０２,2017-03-13,合同会社
合同会社バタフライ,埼玉県蕨市塚越１丁目２番５号,2017-03-13,合同会社
合同会社フォーキャスト・ファンディング,新潟県上越市鴨島１丁目３番４８号ニューサンテオフィス２Ｆ,2017-03-13,合同会社
合同会社ブートストラップ,北海道札幌市東区苗穂町３丁目１番５号,2017-03-13,合同会社
合同会社プラス・シー,埼玉県蕨市塚越１丁目１７番５号黄金マンション３０２号,2017-03-13,合同会社
合同会社ポーレック,山口県下関市長門町７番９号,2017-03-13,合同会社
合同会社ランチ,大阪府堺市堺区中之町西１丁２番７号,2017-03-13,合同会社
合同会社ヴェゼル,神奈川県川崎市中原区新丸子町７１２番地,2017-03-13,合同会社
合同会社三工,千葉県大網白里市みどりが丘３丁目３番地２６,2017-03-13,合同会社
合同会社大室不動産管理,埼玉県さいたま市中央区鈴谷８丁目２番１９号,2017-03-13,合同会社
合同会社山口整体・接骨院,愛知県名古屋市北区杉村１丁目２６番１０号,2017-03-13,合同会社
合同会社山口興業,千葉県鎌ケ谷市鎌ケ谷７丁目１５番５４号（グロワール２０２）,2017-03-13,合同会社
合同会社岡研,東京都板橋区相生町１４番１号グローリオ志村ハウス１３０２,2017-03-13,合同会社
合同会社志満,東京都練馬区北町２丁目２９番１号,2017-03-13,合同会社
合同会社松藤会計事務所,東京都港区浜松町１丁目２番１７号ストークベル浜松町９０４,2017-03-13,合同会社
合同会社架橋,茨城県日立市会瀬町２丁目１１番１－２０３号,2017-03-13,合同会社
合同会社桃,東京都文京区湯島２丁目２４番６号,2017-03-13,合同会社
合同会社桜,東京都世田谷区上祖師谷１丁目３１番５号,2017-03-13,合同会社
合同会社氣匠,福島県福島市笹谷字道場２０番地の３,2017-03-13,合同会社
合同会社石川設備,北海道江別市野幌末広町３９番２オクタワーズ野幌イーストタワー１０１,2017-03-13,合同会社
合同会社藤井医療研究所,京都府京都市左京区岩倉南大鷺町７４番地パラスティ宝ヶ池１０３号室,2017-03-13,合同会社
合同会社西隆,鹿児島県鹿児島市泉町４番１８号,2017-03-13,合同会社
合同会社雫,埼玉県さいたま市見沼区大字南中野５９番地３,2017-03-13,合同会社
合同会社３９ｓ,大阪府大阪市旭区清水３丁目３１番１号,2017-03-13,合同会社
合同会社ＢＥＡＵＴＹ　ＭＡＴＥ,東京都江戸川区西小岩４丁目１番２２号武田ビル６Ｆ,2017-03-13,合同会社
合同会社ＣＯＰＴ,東京都世田谷区野毛３丁目１３番１号ドムス世田谷４０３,2017-03-13,合同会社
合同会社ＣＳＫ,北海道札幌市中央区双子山３丁目１番２９号,2017-03-13,合同会社
合同会社Ｆ＆Ｆ,神奈川県横浜市南区山王町４丁目２８－１０ヴィータローザ横浜吉野町８０１号,2017-03-13,合同会社
合同会社Ｆｉｎｄ　Ｇｕｉｄｅ,千葉県八千代市大学町３丁目１０番１３号,2017-03-13,合同会社
合同会社ＪＩＮ’Ｓ,愛知県名古屋市守山区守山２丁目３番１号守山スイートプレイスブライトレジデンス２０４号室,2017-03-13,合同会社
合同会社ＫＣリアルター,東京都港区三田５丁目１３番８－７０１号,2017-03-13,合同会社
合同会社ＫＴ,愛知県名古屋市熱田区大宝４丁目８番５号,2017-03-13,合同会社
合同会社Ｌｏｕｄｎｅｓｓ,神奈川県川崎市幸区下平間３７３番地コンフォールＡｏｋｉ３０２,2017-03-13,合同会社
合同会社ＭＡＨＡＫＡＬＩ,東京都新宿区大久保１丁目９番１６号洋ビル４０１,2017-03-13,合同会社
合同会社ＮＥＸＴ,千葉県市川市八幡２丁目１３番１０号２階,2017-03-13,合同会社
合同会社ＯＮＥＧＡＩＳＨＩＭＡＳＵ,神奈川県横浜市中区福富町仲通３８番４号Ｎｏ．３末廣ビル１階,2017-03-13,合同会社
合同会社Ｐｅｎｎｙ　Ｈｏｕｓｅ,東京都港区虎ノ門１丁目１６番６号虎ノ門ＲＡＰＯ－ＴＯビルＵＣＦ７０３,2017-03-13,合同会社
合同会社ＲＩＳＥ,東京都世田谷区上馬４丁目１６番２号駒沢レジデンス２０２,2017-03-13,合同会社
合同会社ＴＫコーポレーション,大阪府大阪市此花区朝日２丁目１８－８－３Ｆ－２９８,2017-03-13,合同会社
合同会社Ｔｏｒａｎａ　Ｃｏｍｐａｎｙ,東京都武蔵野市吉祥寺北町４丁目８番１号,2017-03-13,合同会社
合同会社Ｚ－Ｅｖｏｌｖｅ,神奈川県相模原市南区若松６丁目５番２５－１０２号,2017-03-13,合同会社
合同会社ｃｏｓｍｉｃ,静岡県静岡市駿河区谷田５０番１９号,2017-03-13,合同会社
合同会社ｉｎｖｅｓｔ　ａｓｓｅｔｓ,神奈川県横浜市青葉区美しが丘３丁目３８番地１６,2017-03-13,合同会社
合同会社ｌｉｏｎｓ,埼玉県越谷市千間台西３丁目１番地パークタウン３－３０１,2017-03-13,合同会社
合同会社ｙｕｕｋｉ,千葉県我孫子市布佐２００２番地の２６,2017-03-13,合同会社
含章株式会社,東京都豊島区高田３丁目３番１６号東方高田ビル３０５室,2017-03-13,株式会社
夢株式会社,栃木県宇都宮市一条３丁目１番６号,2017-03-13,株式会社
大唐商事株式会社,沖縄県那覇市松尾１丁目１０番２４号ホークシティ那覇ビル４階,2017-03-13,株式会社
大昇株式会社,宮城県塩竈市野田６番８号,2017-03-13,株式会社
大木商事合同会社,東京都江東区豊洲６丁目２番３１号スカイズタワー＆ガーデン４２０３号,2017-03-13,合同会社
大栄大阪株式会社,大阪府大阪市西成区南津守５丁目６番７７号,2017-03-13,株式会社
天楽合同会社,東京都世田谷区粕谷３丁目２５番１１号,2017-03-13,合同会社
奈良県ユニセフ協会,奈良県奈良市東向北町２１－１松山ビル３階,2017-03-13,その他
実音未来創育合同会社,熊本県熊本市南区幸田１丁目１番３５号,2017-03-13,合同会社
小佐野電設合同会社,山梨県南都留郡西桂町下暮地１９５６－６,2017-03-13,合同会社
小林照子株式会社,東京都渋谷区渋谷１丁目２０番１７－４０２号,2017-03-13,株式会社
岡﨑総合医療設備株式会社,山形県西置賜郡白鷹町大字中山２５４２番地１７,2017-03-13,株式会社
川上工業株式会社,広島県福山市東手城町１丁目６番２１号,2017-03-13,株式会社
川崎工業株式会社,大阪府東大阪市若江北町２丁目５番４号,2017-03-13,株式会社
志成館合同会社,福島県南相馬市原町区下高平字川原２４３番地,2017-03-13,合同会社
扶桑商事株式会社,三重県桑名市大字一色町２５５０番地の４,2017-03-13,株式会社
新潟訪問リハビリネットワーク,新潟県新潟市西区青山１丁目９－１９サーパス青山遊園６０２号,2017-03-13,その他
旅心株式会社,福岡県福岡市東区西戸崎１丁目９番１０－３０１号,2017-03-13,株式会社
日光ゼニスホールディング合同会社,東京都千代田区丸の内３丁目１番１号東京共同会計事務所内,2017-03-13,合同会社
星野興業合同会社,千葉県習志野市東習志野５丁目２２番２０号,2017-03-13,合同会社
春雷合同会社,東京都足立区千住緑町１丁目２１番１０号ジャパンステイ４０１室,2017-03-13,合同会社
暮明自治会,三重県いなべ市員弁町暮明２８１,2017-03-13,その他
杉野建設株式会社,広島県尾道市因島重井町３８２０番地,2017-03-13,株式会社
東京水如天株式会社,東京都千代田区霞が関３丁目２番５号,2017-03-13,株式会社
東京皓中株式会社,東京都千代田区霞が関３丁目２番５号,2017-03-13,株式会社
栗生集落組合,長野県諏訪郡富士見町富士見９９５９－１３,2017-03-13,その他
株式会社うる肌茶房,福岡県福岡市博多区博多駅前３丁目２３番１２号,2017-03-13,株式会社
株式会社おはな不動産,千葉県南房総市富浦町多田良１２９０番地３７,2017-03-13,株式会社
株式会社きんよう,東京都台東区上野６丁目７番１６－４１２号,2017-03-13,株式会社
株式会社ままるｄｏ,栃木県宇都宮市花房本町５番２号,2017-03-13,株式会社
株式会社みやこんじょやもい舎,宮崎県都城市上町５街区１４号,2017-03-13,株式会社
株式会社やました,宮城県仙台市青葉区みやぎ台３丁目３１番３号,2017-03-13,株式会社
株式会社やまとフローラ,奈良県大和郡山市小泉町１３７０番地,2017-03-13,株式会社
株式会社アクア,東京都港区南青山２丁目９番１８号,2017-03-13,株式会社
株式会社アップリフトアドミニスター,東京都渋谷区桜丘町２６番１号,2017-03-13,株式会社
株式会社アピセル,神奈川県横浜市栄区野七里２丁目９番２２号,2017-03-13,株式会社
株式会社アメニティー,東京都台東区浅草６丁目６番６号エスグランド浅草１０１,2017-03-13,株式会社
株式会社アライブ,長崎県大村市今津町１４１９番地３,2017-03-13,株式会社
株式会社アラシ,京都府京都市北区大北山原谷乾町１９７番地２０,2017-03-13,株式会社
株式会社アールテック,岡山県岡山市北区吉備津１３９５－２,2017-03-13,株式会社
株式会社アール・エイト,神奈川県川崎市川崎区鋼管通１丁目１７番４号,2017-03-13,株式会社
株式会社インテリアＨＩＷＡＴＡＳＨＩ,埼玉県川口市青木３丁目１４番１３号,2017-03-13,株式会社
株式会社イーストセブン,茨城県稲敷市伊佐部１８８５番地２,2017-03-13,株式会社
株式会社エコ電工,埼玉県さいたま市見沼区大字東門前４３６番地１エステ・スクエア大宮東３１０,2017-03-13,株式会社
株式会社エススタイル,広島県広島市中区田中町４－１－１Ｆ,2017-03-13,株式会社
株式会社エテルナ,東京都世田谷区奥沢２丁目１２番６号平井ビル１ＦＡ棟,2017-03-13,株式会社
株式会社エムアイフードシステム,東京都港区浜松町１丁目１８番１３号,2017-03-13,株式会社
株式会社オニブチ,愛知県一宮市大赤見字柳原２９番地１,2017-03-13,株式会社
株式会社オフィスＮＩＳＨＩ,鹿児島県鹿児島市鴨池１丁目１２番４号（２Ｆ）,2017-03-13,株式会社
株式会社オーガスト,神奈川県小田原市中町２丁目５番３－３０１号,2017-03-13,株式会社
株式会社カインドネスケア,埼玉県ふじみ野市緑ケ丘２丁目１１番２２号,2017-03-13,株式会社
株式会社カーメリー,大阪府堺市西区太平寺６９９番地１,2017-03-13,株式会社
株式会社クボタ工務店,長野県長野市平林１丁目１７番６－１０３号,2017-03-13,株式会社
株式会社クライムコーポレーション,愛知県名古屋市中区丸の内２丁目１５番３０号,2017-03-13,株式会社
株式会社クラシックフロンティア,神奈川県相模原市南区大野台６丁目１９番１２号,2017-03-13,株式会社
株式会社クラフタ,東京都渋谷区渋谷１丁目８番３号ＴＯＣ第１ビル８Ｆ,2017-03-13,株式会社
株式会社クラフトウラタ,東京都墨田区八広４丁目４０番１２号,2017-03-13,株式会社
株式会社クリーンリース,東京都新宿区西新宿２丁目７番１号,2017-03-13,株式会社
株式会社クロワ,福岡県福岡市東区和白東５丁目１３番３号,2017-03-13,株式会社
株式会社グビット,東京都港区麻布十番２丁目２１番１４号,2017-03-13,株式会社
株式会社グラフローグ,東京都港区新橋２丁目２０番１５号新橋駅前ビル１号館４Ｆ,2017-03-13,株式会社
株式会社グリシーヌセリエ,東京都豊島区目白４丁目３１番２２号ユイエン３Ｄ号,2017-03-13,株式会社
株式会社ケイテック,広島県広島市安芸区矢野新町２丁目３番２０号,2017-03-13,株式会社
株式会社コウキ,大阪府高槻市南大樋町１５番１３号,2017-03-13,株式会社
株式会社コムサード,神奈川県川崎市多摩区菅稲田堤３丁目１７番１２号,2017-03-13,株式会社
株式会社ゴシェン,埼玉県さいたま市中央区大字下落合１００２番地６,2017-03-13,株式会社
株式会社サネスト,東京都世田谷区世田谷１丁目２８番２号,2017-03-13,株式会社
株式会社サン・ベンチャー・パートナーズ,群馬県桐生市巴町２丁目１８９０番地１８,2017-03-13,株式会社
株式会社サン企画,福岡県福岡市東区箱崎７丁目２０番１２－１３０３号,2017-03-13,株式会社
株式会社シモムラ設備工業,兵庫県たつの市龍野町日山３８番地６３,2017-03-13,株式会社
株式会社シャドウ,埼玉県加須市川口３丁目１３番地６,2017-03-13,株式会社
株式会社シャリマアル,東京都渋谷区恵比寿１丁目８番１８号Ｋ－１ビル２Ｆ,2017-03-13,株式会社
株式会社ジェム,長野県長野市稲田３丁目４番５－２０３号ファミーユまわり木Ｂ２０３,2017-03-13,株式会社
株式会社ジャパン・ダイニング・ポータリー,東京都港区西麻布１丁目８番１２号,2017-03-13,株式会社
株式会社スカイランド,東京都千代田区麹町３丁目４番地,2017-03-13,株式会社
株式会社スタイルラボ,岐阜県瑞穂市本田１３６３番地７,2017-03-13,株式会社
株式会社スタニングルアー,東京都新宿区信濃町３番地１,2017-03-13,株式会社
株式会社スマイルキック,埼玉県ふじみ野市上福岡５丁目１０番１６号,2017-03-13,株式会社
株式会社ダート,愛知県名古屋市緑区大高町字己新田１２８番地の７,2017-03-13,株式会社
株式会社テークルート,東京都国分寺市東恋ヶ窪５丁目１５番地１,2017-03-13,株式会社
株式会社デライト,北海道石狩市花川南七条４丁目４３５番,2017-03-13,株式会社
株式会社トラストワークス,神奈川県横浜市南区唐沢８番地,2017-03-13,株式会社
株式会社ドクターズサポート,佐賀県佐賀市兵庫北５丁目１１番４３－６０６号,2017-03-13,株式会社
株式会社ネクストイノベーション,東京都港区南青山１丁目３番１号,2017-03-13,株式会社
株式会社ノウェル,東京都荒川区荒川３丁目３０番３－２０１号,2017-03-13,株式会社
株式会社ハルモト,北海道札幌市中央区北一条西２０丁目２番１６号,2017-03-13,株式会社
株式会社ハートコア,北海道札幌市北区屯田十条３丁目１番２８号,2017-03-13,株式会社
株式会社パイオニア建設設備工業,滋賀県大津市千町１丁目１９番１９号,2017-03-13,株式会社
株式会社パッションギークス,愛知県北名古屋市中之郷北１３７番地,2017-03-13,株式会社
株式会社パース四方木,群馬県渋川市小野子字四方木３６１７番地５,2017-03-13,株式会社
株式会社ヒューマンエール,大阪府摂津市東一津屋１３番９－６０１号,2017-03-13,株式会社
株式会社ヒーリングスペース,埼玉県秩父市中津川４４７番地,2017-03-13,株式会社
株式会社ビットスパイア,大阪府大阪市西区北堀江２丁目８番１７号,2017-03-13,株式会社
株式会社ピアスタ,愛知県名古屋市名東区猪高台１丁目７０２番地,2017-03-13,株式会社
株式会社ピーダッシュ,東京都港区新橋６丁目４番３号,2017-03-13,株式会社
株式会社ファストファイル,東京都豊島区巣鴨５丁目７番８号,2017-03-13,株式会社
株式会社ファースト,埼玉県川口市芝下１丁目２番２１号ヴィレッタサウス２０１号,2017-03-13,株式会社
株式会社フレイム,広島県廿日市市宮内１０６５番地６,2017-03-13,株式会社
株式会社フレンド薬局,熊本県熊本市東区桜木１丁目１番１４号,2017-03-13,株式会社
株式会社ブエナビスタ,愛知県名古屋市守山区幸心１丁目５１１番地,2017-03-13,株式会社
株式会社プライムストラクチャー,東京都葛飾区東金町１丁目２７番１号奥山ビル２Ｆ,2017-03-13,株式会社
株式会社プライム・レポ,福岡県福岡市早良区西新１丁目８番１号５０３号,2017-03-13,株式会社
株式会社ホームテクノス,埼玉県さいたま市大宮区三橋１丁目８７番地５,2017-03-13,株式会社
株式会社マイスカンパニー,福岡県北九州市小倉北区井堀１丁目５番２８号,2017-03-13,株式会社
株式会社マサキ管設,埼玉県児玉郡美里町大字小茂田８８４番地１,2017-03-13,株式会社
株式会社ママタ,大分県別府市駅前町１０番８号,2017-03-13,株式会社
株式会社マルジン,山梨県南アルプス市鏡中條４１９３番地３,2017-03-13,株式会社
株式会社ミガル,東京都港区三田５丁目３番８号,2017-03-13,株式会社
株式会社ミヤカワ,岩手県花巻市東和町土沢７区８４番地,2017-03-13,株式会社
株式会社メジオ,東京都千代田区麹町３丁目７番１０号,2017-03-13,株式会社
株式会社モスト・オブ・オール,静岡県浜松市中区鍛冶町１５番地セントラルタワー１５０８,2017-03-13,株式会社
株式会社モンドクラブ,大阪府大阪市中央区南船場中央一丁目４番３－Ｂ１０２,2017-03-13,株式会社
株式会社ユイコウ,長崎県佐世保市小佐々町矢岳１３番地４,2017-03-13,株式会社
株式会社ユーミーコーポレーション,長野県長野市若里４丁目５番４１号,2017-03-13,株式会社
株式会社リライフ不動産販売,兵庫県神戸市中央区北長狭通４丁目２番３号グランディール元町２Ｆ,2017-03-13,株式会社
株式会社ローネス,東京都港区南青山３丁目１５番６号２Ｆ,2017-03-13,株式会社
株式会社ワイエムエイチ,神奈川県藤沢市善行４丁目３７８１番地の４,2017-03-13,株式会社
株式会社ワークスＡＯＹＡＭＡ,東京都港区南青山３丁目３番１６号,2017-03-13,株式会社
株式会社一真,宮崎県都城市小松原町９号７番地,2017-03-13,株式会社
株式会社一道建設,大阪府堺市堺区石津町１丁３番１５号,2017-03-13,株式会社
株式会社万興商事,三重県四日市市新正１丁目１０番１９号,2017-03-13,株式会社
株式会社三六〇,奈良県桜井市大字粟殿１０２９－６,2017-03-13,株式会社
株式会社三宝冷暖,埼玉県川越市大字下新河岸１００番地７９,2017-03-13,株式会社
株式会社三股工業,長崎県松浦市志佐町庄野免２５７番地１５,2017-03-13,株式会社
株式会社丶心,大阪府大阪市西区立売堀２丁目３番１０号,2017-03-13,株式会社
株式会社丸正商事,愛知県知立市八ツ田町曲り４６番地,2017-03-13,株式会社
株式会社仁,東京都豊島区東池袋３丁目２０番６－５０６号,2017-03-13,株式会社
株式会社介護の子鹿,神奈川県横浜市保土ケ谷区西谷町６３５－２２,2017-03-13,株式会社
株式会社佐々部工業,愛知県岡崎市米河内町字開元１０番地２,2017-03-13,株式会社
株式会社優大マネジメント,兵庫県神戸市中央区元町通３丁目１２番１４号,2017-03-13,株式会社
株式会社光和,岡山県倉敷市亀島２丁目６番２８号,2017-03-13,株式会社
株式会社克義建工,神奈川県相模原市中央区上溝１７８５番地１,2017-03-13,株式会社
株式会社内藤グリーン,新潟県長岡市与板町蔦都６６５番地,2017-03-13,株式会社
株式会社創発,大阪府大阪市淀川区三国本町３丁目８番５号,2017-03-13,株式会社
株式会社南海総合保険コンサルタンツ,大阪府堺市北区長曽根町５４５番地４－１０２号,2017-03-13,株式会社
株式会社友建,岐阜県高山市国府町三日町３９４番地１２,2017-03-13,株式会社
株式会社吉田ＨＯＭＥ,大阪府豊中市小曽根２丁目４番１７号,2017-03-13,株式会社
株式会社和,秋田県秋田市山王中園町１１番２５号,2017-03-13,株式会社
株式会社喜葉工業,神奈川県厚木市林２丁目２９番３７号メジュールＡ－１,2017-03-13,株式会社
株式会社大一,大阪府大阪市淀川区宮原１丁目４番１９号,2017-03-13,株式会社
株式会社大塚技建,群馬県沼田市下久屋町５３５番地１,2017-03-13,株式会社
株式会社大興,鹿児島県出水市上知識町９８４番地,2017-03-13,株式会社
株式会社天栄村振興公社,福島県岩瀬郡天栄村大字大里字天房５０番地１,2017-03-13,株式会社
株式会社尾州鳶,愛知県東海市加木屋町御林１３番地１２,2017-03-13,株式会社
株式会社山田産業医事務所,愛知県名古屋市中区新栄３丁目８番１９号,2017-03-13,株式会社
株式会社山芳園,神奈川県横浜市都筑区勝田町１０４５番地１,2017-03-13,株式会社
株式会社川松産業,新潟県長岡市濁沢町９６１番地１,2017-03-13,株式会社
株式会社彰工業,栃木県足利市山川町７１４番地１,2017-03-13,株式会社
株式会社手嶋建設工業,神奈川県茅ヶ崎市松林３丁目１４番３７号グレースコート１０３,2017-03-13,株式会社
株式会社明信運輸,茨城県土浦市右籾２４４８番地３０,2017-03-13,株式会社
株式会社晃誠エンタープライズ,広島県福山市駅家町大字近田８１８番地５,2017-03-13,株式会社
株式会社朋丸,千葉県船橋市滝台１丁目６番１－２１４号,2017-03-13,株式会社
株式会社杉野自動車,広島県安芸高田市吉田町山手１３４６番地１,2017-03-13,株式会社
株式会社東亜資源,埼玉県日高市大字原宿７８６－２－３Ｆ,2017-03-13,株式会社
株式会社東建,北海道士別市多寄町三十六線東３番地,2017-03-13,株式会社
株式会社樋口架設,新潟県十日町市下条３丁目４７２番地,2017-03-13,株式会社
株式会社河北興業,宮城県石巻市福地字町１１６番地,2017-03-13,株式会社
株式会社河村工業,埼玉県さいたま市桜区大字神田１２００番地２６,2017-03-13,株式会社
株式会社深谷測量設計,愛知県東海市横須賀町二ノ割１３３番地,2017-03-13,株式会社
株式会社清水,神奈川県相模原市緑区橋本７丁目１１番１１号,2017-03-13,株式会社
株式会社石垣島ハウジング,沖縄県石垣市字新川２４６２番地３４,2017-03-13,株式会社
株式会社石川一工務店,神奈川県海老名市東柏ケ谷５丁目２番９－３号,2017-03-13,株式会社
株式会社神戸インダストリー,兵庫県神戸市西区岩岡町古郷７６５番地,2017-03-13,株式会社
株式会社祥建,静岡県静岡市葵区瀬名５丁目４番５３号,2017-03-13,株式会社
株式会社福田商事,静岡県浜松市中区野口町４０６番地の３,2017-03-13,株式会社
株式会社章心,愛知県名古屋市中村区中村町４丁目５１番地の１,2017-03-13,株式会社
株式会社笹原組,徳島県徳島市鮎喰町２丁目７３番地の２０,2017-03-13,株式会社
株式会社紀乃昌堂,東京都文京区目白台１丁目１３番３号,2017-03-13,株式会社
株式会社紡,愛知県新城市字宮ノ前２５番地１７,2017-03-13,株式会社
株式会社結信,千葉県木更津市畑沢４丁目９番７号,2017-03-13,株式会社
株式会社緑秀苑,埼玉県加須市平永７０９番地１,2017-03-13,株式会社
株式会社美代ファーム,千葉県香取郡多古町大高１番地２３,2017-03-13,株式会社
株式会社萌の会教育研究所,東京都杉並区松ノ木３丁目２８番１３号,2017-03-13,株式会社
株式会社葉っぱや農園うえむら,熊本県球磨郡あさぎり町上西１５１番地１,2017-03-13,株式会社
株式会社藤義,福島県いわき市四倉町塩木字小橋本１３番地の３,2017-03-13,株式会社
株式会社西尾駅西開発,愛知県西尾市寄住町若宮３７番地,2017-03-13,株式会社
株式会社誠動工業,東京都江戸川区大杉３丁目１４番１８号,2017-03-13,株式会社
株式会社輝壮サービス,茨城県日立市会瀬町２丁目１５番１０－４０５号,2017-03-13,株式会社
株式会社鈴木工務店,東京都目黒区洗足１丁目２番１４号アイランドヒルズ洗足３０１,2017-03-13,株式会社
株式会社鈴木建設,山梨県南都留郡富士河口湖町勝山３３６番地３,2017-03-13,株式会社
株式会社雄信,埼玉県春日部市南３丁目６番７－１０４号,2017-03-13,株式会社
株式会社颯工業,茨城県神栖市大野原１丁目２０番６号ニューポート五番館２０１,2017-03-13,株式会社
株式会社馬場工業,大阪府豊中市千成町１丁目２番２２号,2017-03-13,株式会社
株式会社高木板金工業,北海道札幌市清田区有明２０５番地４,2017-03-13,株式会社
株式会社鯵坂林業,鹿児島県姶良市蒲生町西浦７２７番地３,2017-03-13,株式会社
株式会社鷹翔工業,茨城県鹿嶋市大字神向寺５７４番地,2017-03-13,株式会社
株式会社麒麟,東京都荒川区町屋３丁目２番１号Ｂ１Ｆ,2017-03-13,株式会社
株式会社Ａ－ＤＯＳ,京都府京都市下京区烏丸通六条下る北町１８４番地２ＹＨＤ烏丸六条ビル,2017-03-13,株式会社
株式会社ＡＩＸ　ＪＡＰＡＮ,愛知県一宮市浅野字大島１８番地１レジデンス恒和３０７号,2017-03-13,株式会社
株式会社Ａｃｅハウスケア,沖縄県宜野湾市我如古４丁目１６番１２号,2017-03-13,株式会社
株式会社ＢＡＬＵＳ,東京都江東区東砂５丁目１２番１７号,2017-03-13,株式会社
株式会社ＢＬＵＥ　ＨＵＮＤＲＥＤ　ＣＯＮＳＵＬＴＩＮＧ,東京都港区六本木５丁目１６番５０号六本木デュープレックスＭ’ｓ２０５,2017-03-13,株式会社
株式会社ＣＣＡ,三重県伊賀市安場２６９番地１,2017-03-13,株式会社
株式会社ＣＯＣＯＥＣＯ．,愛知県豊橋市牟呂市場町２３番地１６,2017-03-13,株式会社
株式会社ＣＲＧ　Ｓｔｕｄｉｏ,東京都渋谷区恵比寿西２丁目８番地５エビスＳ＆Ｓウエスト６階,2017-03-13,株式会社
株式会社Ｃｅｃｔ,愛知県名古屋市名東区藤森２丁目２８６番地ステイタスビル４０５号室,2017-03-13,株式会社
株式会社Ｃｏｌｅａｄ,東京都文京区水道２丁目４番１２－１１７号,2017-03-13,株式会社
株式会社Ｃｏｒｎｅｒ　Ｗｏｒｋ,東京都世田谷区北沢３丁目５番２６号デナリ２０１,2017-03-13,株式会社
株式会社ＥＮＯ,東京都大田区蒲田５丁目３０番１号マネジメントビルＮｏ．１－２０２,2017-03-13,株式会社
株式会社Ｅｄｇｅ　Ｐａｒｔｎｅｒｓ,東京都渋谷区恵比寿１丁目７番８号,2017-03-13,株式会社
株式会社ＥｎｏＶａｎ,東京都目黒区中目黒２丁目１０番５号－２階,2017-03-13,株式会社
株式会社ＦＥＶ,東京都渋谷区恵比寿南１丁目１番１号ヒューマックス恵比寿ビル７階・８階,2017-03-13,株式会社
株式会社Ｆｉｖｅ　Ｅｘｉｅｓ,東京都港区港南２丁目１５番１号品川インターシティＡ棟２８階,2017-03-13,株式会社
株式会社Ｆｌｏｗ　Ｆａｃｔｏｒｙ,東京都墨田区業平４丁目１番１２－５０２号ＭＴハイツ,2017-03-13,株式会社
株式会社Ｇ,兵庫県西宮市今在家町２番１４号Ｂ１Ｆ,2017-03-13,株式会社
株式会社Ｇ’ｓ－Ｓｅｐｔ　Ｎｏｖａ,静岡県浜松市中区高丘東４丁目１９番１号,2017-03-13,株式会社
株式会社ＧＯＬＤＥＮ　ＷＯＲＫＳ,東京都台東区浅草橋１丁目７番６号,2017-03-13,株式会社
株式会社ＩＣＰ技研,京都府京都市伏見区東柳町５３９番地藤和伏見コープ５０６,2017-03-13,株式会社
株式会社ＩＥＰ,東京都渋谷区桜丘町２９番２７－４０２号,2017-03-13,株式会社
株式会社ＩＬＣ,東京都港区新橋３丁目１１番８号,2017-03-13,株式会社
株式会社ＩＳＨＩＩ　Ｉｎｔｅｒｎａｔｉｏｎａｌ,東京都品川区上大崎３丁目１１番７－４０８号,2017-03-13,株式会社
株式会社Ｉｄｒａｇｏｎｓ　Ａｎｉｍａｔｉｏｎ,東京都新宿区高田馬場２丁目１番２号トーマ高田馬場６Ｆ,2017-03-13,株式会社
株式会社ＪＡＲ,新潟県新潟市南区白根２４２７番地,2017-03-13,株式会社
株式会社ＪＩＹＵ１２ＣＯＯＰＥＲＡＴＩＯＮ,岐阜県大垣市林町３丁目１８６番地の１,2017-03-13,株式会社
株式会社ＪＰＮ　Ｗｏｒｌｄ,東京都新宿区高田馬場１丁目３１番８号高田馬場ダイカンプラザ６２５号室,2017-03-13,株式会社
株式会社Ｊｕｇａｒ　ｅｓｔａｄｉｏ,愛知県豊橋市石巻本町字西野４番地３,2017-03-13,株式会社
株式会社ＫＡＩＳＨＩＮＴＥＩ,大阪府大阪市中央区内本町２丁目３番８号ダイアパレス本町６０１,2017-03-13,株式会社
株式会社ＫＩＲＩ,東京都港区西新橋１丁目２２番４号,2017-03-13,株式会社
株式会社ＫＯＫＯＫＡＲＡ,千葉県千葉市稲毛区轟町５丁目３番２８号,2017-03-13,株式会社
株式会社Ｌ．Ｒ,大分県大分市大字中戸次字志水１０４９番２,2017-03-13,株式会社
株式会社ＬＩＥＴＯ　ＳＹＮＥＲＧＹ,東京都新宿区西新宿２丁目６番１号新宿住友ビル３２階,2017-03-13,株式会社
株式会社Ｌｅａｄ,兵庫県神戸市中央区三宮町１丁目８番１－２０７号,2017-03-13,株式会社
株式会社ＭＡＧ－ＮＥＴ,東京都世田谷区八幡山１丁目１７番１４号,2017-03-13,株式会社
株式会社ＭＩＲＡＩＺＵ,宮城県仙台市宮城野区小田原山本丁１０１番地の２,2017-03-13,株式会社
株式会社ＭＫコンサルティング,埼玉県さいたま市岩槻区仲町１丁目６番１８号,2017-03-13,株式会社
株式会社ＭＴＣ,富山県下新川郡朝日町月山２７１番地１,2017-03-13,株式会社
株式会社Ｍｏｃｓ,東京都新宿区赤城下町５１番地パーシモン２０３,2017-03-13,株式会社
株式会社Ｎプロダクション,東京都羽村市双葉町３丁目１番７１号,2017-03-13,株式会社
株式会社ＮＧＵ,神奈川県川崎市川崎区東田町９番６号加瀬ビル１０１－５０２号室,2017-03-13,株式会社
株式会社Ｎｅｘｔｓｔａｇｅ,埼玉県入間市牛沢町１３番１７号,2017-03-13,株式会社
株式会社ＯＮＥ,福島県須賀川市中町５５番地中町ビル３階,2017-03-13,株式会社
株式会社Ｏｎ　Ｔｈｅ　Ｒｉｓｅ,神奈川県横浜市中区翁町２丁目８番５号第一東里ビル３０２,2017-03-13,株式会社
株式会社ＰＭＴシンフォニー,東京都港区六本木７丁目３番２１号,2017-03-13,株式会社
株式会社Ｐｉｖｏｔａｌ,奈良県奈良市紀寺町８６６－４タナベビル１階,2017-03-13,株式会社
株式会社ＲＥＩＮＥ,高知県高知市北本町３丁目９番３８－９０１号,2017-03-13,株式会社
株式会社ＲＥＩＺ,東京都江戸川区平井４丁目２２番５号,2017-03-13,株式会社
株式会社Ｒｅｂｏｎ,大阪府大阪市北区梅田２丁目２－２ヒルトンプラザウエストオフィスタワー１９階,2017-03-13,株式会社
株式会社Ｒｅｖｅｓ,東京都港区白金台５丁目１４番１号,2017-03-13,株式会社
株式会社Ｒｈｅｉａ,千葉県千葉市中央区富士見１丁目１３番１１号紅谷ビル７０２,2017-03-13,株式会社
株式会社ＳＩＭＩＬＥ,千葉県市川市相之川３丁目１５番６号ＴＯＰ行徳第２、３０９号,2017-03-13,株式会社
株式会社ＳＫコーポレーション,愛知県稲沢市祖父江町森上本郷五３７番地１,2017-03-13,株式会社
株式会社ＳＫＫ,東京都新宿区歌舞伎町１丁目２番６号三経５５ビル１０６,2017-03-13,株式会社
株式会社ＳＴＡＮＤＡＧＥ,東京都世田谷区池尻４丁目３７－６プレステージキキョウ３０１号室,2017-03-13,株式会社
株式会社ＳＴＥＥＺ,愛知県名古屋市中区丸の内２丁目１７番３号丸の内Ｔ・Ｓビル４Ｆ,2017-03-13,株式会社
株式会社ＳＷＡＴ,沖縄県那覇市松山１丁目２６番１２号グリーンシェード３０１,2017-03-13,株式会社
株式会社Ｓｃｏｏｐ,千葉県千葉市緑区おゆみ野有吉１２番地１２,2017-03-13,株式会社
株式会社Ｓｏｌｕｔｉｏｎ　Ｈａｃｋ,東京都中野区東中野４丁目２１番３号コノイエ東中野１０１,2017-03-13,株式会社
株式会社Ｔ．Ｋ．Ｍ,宮城県仙台市青葉区国分町２丁目２番５号柴崎ビル５階,2017-03-13,株式会社
株式会社ＴＡＩＳＥＩ,神奈川県横須賀市長沢６丁目２９番１号,2017-03-13,株式会社
株式会社ＴＲＵＭＰ,広島県広島市中区南吉島２丁目３番４９号３Ｆ,2017-03-13,株式会社
株式会社ＴＳＰ,奈良県桜井市大字吉備３０５番地,2017-03-13,株式会社
株式会社Ｕｐ　ｔｈｅ　Ｍａｒｋ　ＦＵＫＵＩ,福井県福井市日之出１丁目２９－１,2017-03-13,株式会社
株式会社ＶＥＲＴＥＸ,東京都八王子市大和田町１丁目９番１号,2017-03-13,株式会社
株式会社ＷｅｓｔＣｏａｓｔＣａｒｓ,北海道札幌市東区丘珠町７１２番１８,2017-03-13,株式会社
株式会社ＹＡ　Ｇｒｏｕｐ,大阪府大阪市中央区南船場１丁目１７番２６－３０６号,2017-03-13,株式会社
株式会社ＹＡＹＯＩ,大阪府東大阪市西石切町３丁目４番１９号,2017-03-13,株式会社
株式会社ＹＫトランスポート,大阪府羽曳野市埴生野５７７番地の５８,2017-03-13,株式会社
株式会社ＹＵＵＮＯ,東京都渋谷区神宮前４丁目２２番７号,2017-03-13,株式会社
株式会社ｃｏｃｏ＆Ａ,埼玉県さいたま市大宮区大門町３丁目１０８番地６,2017-03-13,株式会社
株式会社ｄｏｏｒｓ,岩手県盛岡市高松１丁目２０番１号,2017-03-13,株式会社
株式会社ｍａｎｋｉｗ,東京都世田谷区北沢５丁目３２番１５号,2017-03-13,株式会社
株式会社ｍｉｍｏｓａ,東京都荒川区東日暮里３丁目２番２－２０２号,2017-03-13,株式会社
株式会社ｐｕｂｌｉｃ　ｃｈａｒｇｅ,愛知県名古屋市緑区有松町大字桶狭間字生山６８番第１０番地,2017-03-13,株式会社
楽々屋株式会社,埼玉県朝霞市泉水３丁目７番１９－１１５号,2017-03-13,株式会社
楽天ＡｉｒＭａｐ株式会社,東京都世田谷区玉川１丁目１４番１号,2017-03-13,株式会社
永島工業株式会社,大阪府大阪市西成区旭１丁目１１番３－７０２号,2017-03-13,株式会社
津上配送サービス合同会社,埼玉県川口市大字里９３６番地の１シャルマンコーポ鳩ヶ谷５０５号,2017-03-13,合同会社
片山鐵工株式会社,愛媛県四国中央市金生町２１７７番地３,2017-03-13,株式会社
特定非営利活動法人ゆめみらい稲佐,長崎県長崎市稲佐町１１番１号,2017-03-13,その他の設立登記法人
特定非営利活動法人スマート・アイランド,長崎県南松浦郡新上五島町浦桑郷１３７１番地２,2017-03-13,その他の設立登記法人
特定非営利活動法人大地ふくし会,北海道札幌市北区あいの里一条６丁目２番１－６０８号,2017-03-13,その他の設立登記法人
特定非営利活動法人日本アラブ相互文化センター,兵庫県三木市別所町下石野１１０８番地の３４,2017-03-13,その他の設立登記法人
特定非営利活動法人血液循環ロコモ体操指導協会,埼玉県川口市桜町４丁目４番４－１２０６号,2017-03-13,その他の設立登記法人
特定非営利活動法人防府まちコミュ,山口県防府市天神１丁目６番３７号,2017-03-13,その他の設立登記法人
社会福祉法人風の森,千葉県市原市潤井戸２２７２番地４,2017-03-13,その他の設立登記法人
税理士法人くらふじ会計,愛知県名古屋市中村区中村町５丁目１１５番地,2017-03-13,その他の設立登記法人
篠原アセットデザイン合同会社,東京都世田谷区太子堂１丁目１２番３８号７０２号室,2017-03-13,合同会社
蛍語ジャパン株式会社,東京都武蔵野市中町２丁目１８番１１号,2017-03-13,株式会社
診エテック株式会社,東京都墨田区両国４丁目１５番６,2017-03-13,株式会社
農事組合法人サンライズいうち,愛媛県東温市井内甲１１３３番地,2017-03-13,その他の設立登記法人
農事組合法人北後潟営農組合,青森県青森市大字後潟字平野２５番地,2017-03-13,その他の設立登記法人
農業生産法人合同会社丸吉ファーム,沖縄県宮古島市平良字西里８２７番地６,2017-03-13,合同会社
静吾禅合同会社,東京都江戸川区南小岩７丁目２６番２１－１１０２号,2017-03-13,合同会社
頂点株式会社,埼玉県川口市西川口１丁目３０番２０号,2017-03-13,株式会社
飛洋株式会社,兵庫県芦屋市涼風町３０番３６号,2017-03-13,株式会社
香川県ユニセフ協会,香川県高松市寿町１丁目４－３高松中央通りビル３Ｆ,2017-03-13,その他
馬毛島開発合同会社,愛知県大府市梶田町６丁目２２０番地ヴァインガーデン梶田Ⅱ４０１号,2017-03-13,合同会社
高山株式会社,大阪府大阪市浪速区恵美須西２丁目５番２２号,2017-03-13,株式会社
齋藤商事株式会社,東京都豊島区池袋本町２丁目２２番７号コーポ追川２０３号,2017-03-13,株式会社
龍聖堂ティー＆カルチャー合同会社,静岡県静岡市駿河区敷地２丁目１０番１１号,2017-03-13,合同会社
ＡＡＳ　ＪＡＰＡＮ株式会社,東京都港区白金台５丁目１４番１号,2017-03-13,株式会社
ＡＢ不動産株式会社,福岡県福岡市博多区祇園町８番１２－１０２５号,2017-03-13,株式会社
Ａｄｕ・Ｔｒａ株式会社,大阪府大阪市鶴見区放出東１丁目８番２３号,2017-03-13,株式会社
ＢＥＮＲＹ合同会社,岐阜県中津川市東町４番１０号,2017-03-13,合同会社
Ｂａｍｂａ　Ｄｉｎｉｎｇ株式会社,東京都品川区北品川２丁目１９番１号,2017-03-13,株式会社
Ｃ＆Ｉカンパニー株式会社,栃木県小山市駅東通り２丁目３０番８号,2017-03-13,株式会社
ＣＡＧＡＭＩ合同会社,兵庫県相生市陸本町５－１５、Ｏ－１ビル５０２,2017-03-13,合同会社
ＤＧ御成門特定目的会社,東京都千代田区内神田２丁目２番６号５階あすな会計事務所内,2017-03-13,その他の設立登記法人
Ｄｅｌｓｋ　Ｊａｐａｎ株式会社,東京都豊島区東池袋３丁目１番１号サンシャイン６０、４５階,2017-03-13,株式会社
Ｆ．Ｋラボ株式会社,東京都中央区入船３丁目１番６－１１０３号,2017-03-13,株式会社
ＦＤインポート株式会社,東京都港区東新橋２丁目９番７号,2017-03-13,株式会社
ＦＩＸＥＤ　ＳＴＡＲ　ＪＡＰＡＮ株式会社,東京都中央区新川１丁目６番１２号,2017-03-13,株式会社
ＦＵＮ　ＲＩＤＥ　ＪＡＰＡＮ合同会社,神奈川県三浦郡葉山町一色１０２５番地の７,2017-03-13,合同会社
ＦＸスクールジャパン株式会社,東京都千代田区富士見２丁目１０番３号,2017-03-13,株式会社
Ｆｕｔｕｒｅ　Ｃｒｅａｔｉｏｎ合同会社,神奈川県横浜市旭区若葉台４丁目１５番８０１号,2017-03-13,合同会社
ＧＡＬＫＯＴ合同会社,神奈川県横浜市保土ケ谷区仏向西２２番１－３０８号,2017-03-13,合同会社
ＧＭＴ株式会社,愛知県岡崎市伊賀町字４丁目８９番地,2017-03-13,株式会社
ＧＰＴ１合同会社,大阪府大阪市北区堂島２丁目１番２７号４階Ｆ号室,2017-03-13,合同会社
ＧＳネットワーク協同組合,愛知県豊橋市大岩町字東荒田５番地の１９０,2017-03-13,その他の設立登記法人
Ｇａｐｐｏ株式会社,長野県埴科郡坂城町大字坂城６３２６番地２,2017-03-13,株式会社
ＨＩＭＡＬＡＹＡＮ株式会社,栃木県大田原市本町１丁目２７０５番地１５サンライフうぐいす谷Ａ棟１０１号,2017-03-13,株式会社
ＨＩＭＩＫＯ株式会社,神奈川県横浜市都筑区茅ケ崎南３丁目１８番８号,2017-03-13,株式会社
ＨＬ合同会社,東京都北区田端新町１丁目７番１４号ビズフィールド西日暮里３１６,2017-03-13,合同会社
ＩＤＥＡ合同会社,神奈川県座間市南栗原４丁目１６番３０－３２０号,2017-03-13,合同会社
Ｊ　ｗｏｒｌｄ株式会社,東京都台東区上野６丁目１番６－２０２号,2017-03-13,株式会社
ＪＰＡ第６３号株式会社,東京都千代田区霞が関３丁目２番１号,2017-03-13,株式会社
ＪＰＡ第６４号株式会社,東京都千代田区霞が関３丁目２番１号,2017-03-13,株式会社
Ｋｉｔａｓａｎｄｏ一般社団法人,東京都千代田区霞が関３丁目２番６号東京倶楽部ビルディング１１階,2017-03-13,その他の設立登記法人
ＬＳコンサルティング株式会社,東京都江東区東雲１丁目９番１１－２１６号,2017-03-13,株式会社
ＭＧＮＥ合同会社,東京都練馬区貫井３丁目８番４－４０３号,2017-03-13,合同会社
ＮＰＯ法人滑川ファミリースポーツクラブ,茨城県日立市滑川本町１丁目２１番１号,2017-03-13,その他の設立登記法人
ＮＳ　ＩＮＴＥＲＮＡＴＩＯＮＡＬ合同会社,千葉県松戸市松戸新田２４番地京葉流通センター３棟５号,2017-03-13,合同会社
ＯＫＧＯ合同会社,茨城県神栖市芝崎３５６番地,2017-03-13,合同会社
ＰＬＡＣ株式会社,東京都渋谷区代々木１丁目３０番１５号,2017-03-13,株式会社
Ｐｅｒｓｏｎａｌ　Ｕｐ株式会社,東京都渋谷区恵比寿３丁目２８番２号,2017-03-13,株式会社
Ｐｒｏｓｐｅｒｉｔｙ　Ａｓｓｅｔ　Ｍａｎａｇｅｍｅｎｔ合同会社,東京都港区赤坂９丁目６番２８号アルベルゴ乃木坂９１３,2017-03-13,合同会社
ＲＹＯＡＫＩ　ＧＲＯＵＰ　ＯＦ　ＣＯＭＰＡＮＩＥＳ　ＩＮＣ．,大阪府大阪市天王寺区空堀町１番１号パークシティ玉造３０１,2017-03-13,外国会社等
Ｒｅアレンジ合同会社,千葉県市原市大厩７８６番地５,2017-03-13,合同会社
Ｒｅｓｕｌｔ合同会社,東京都練馬区桜台１丁目３番６号,2017-03-13,合同会社
Ｓ・Ｇ・Ｊ株式会社,神奈川県横浜市港北区綱島西２丁目１０番４号,2017-03-13,株式会社
ＳＲＥ合同会社,東京都墨田区横網１丁目１０番２－４０４号,2017-03-13,合同会社
Ｓｉｅｍｅｎｓ　Ｗｉｎｄ　Ｐｏｗｅｒ　Ｐｔｙ　Ｌｔｄ,東京都品川区大崎１丁目１１番１号,2017-03-13,外国会社等
ＴＡＩＭＯ合同会社,大阪府門真市下馬伏町９番１８号,2017-03-13,合同会社
ＴＫアセット合同会社,福岡県北九州市八幡西区東川頭町７番５７号,2017-03-13,合同会社
ＴＮ　Ｂｕｉｌｄ株式会社,神奈川県横須賀市佐原４丁目１４番１,2017-03-13,株式会社
ＴＯＫＹＯ　ＡＵＴＯ　ＬＩＮＥ合同会社,神奈川県綾瀬市吉岡９６２－１,2017-03-13,合同会社
ＴＳパートナーズ合同会社,東京都渋谷区桜丘町２３番１７号シティコート桜丘４０８,2017-03-13,合同会社
ＴＴアステル株式会社,石川県河北郡内灘町字大根布３丁目１２５番地,2017-03-13,株式会社
Ｔｒａｎｇｏ　Ｐｒｏｄｕｃｔｉｏｎ,東京都港区芝浦４丁目１０番１－２７０２号,2017-03-13,外国会社等
ＵＮＣＨＩ　ＳＰＡ株式会社,大阪府大阪市淀川区西中島７丁目１番１号,2017-03-13,株式会社
Ｗｏｒｌｄ　Ｃｏｍｍｏｎｓ合同会社,大阪府堺市堺区南清水町３丁３番１７－２号,2017-03-13,合同会社
ＺＡｉＭＵクラウドサービス株式会社,大分県日田市淡窓１丁目１２番８号,2017-03-13,株式会社
ごま塩おにぎり株式会社,東京都武蔵野市関前５丁目１９番２号,2017-03-14,株式会社
しょうわ額縁販売株式会社,愛知県名古屋市千種区萱場２丁目３番２８号－１,2017-03-14,株式会社
アイレクト株式会社,東京都練馬区土支田４丁目３６番２号,2017-03-14,株式会社
アイワーク仙台株式会社,宮城県仙台市宮城野区萩野町２丁目１番地の１渡辺ビル２０３号,2017-03-14,株式会社
アサヒ美健株式会社,東京都新宿区高田馬場１丁目４番１０－５０６号,2017-03-14,株式会社
アソボット株式会社,大分県大分市高砂町１番３０号（スタジオスクエア高砂町９０４）,2017-03-14,株式会社
アンダーズインベストメント合同会社,沖縄県中頭郡北谷町美浜２丁目５番地４ライオンズヴィラ美浜９０５,2017-03-14,合同会社
イントランスＨＲＭソリューションズ株式会社,東京都板橋区成増２丁目３５－１２－Ｂ７０２,2017-03-14,株式会社
ウチダ通商株式会社,東京都港区赤坂９丁目１番７－４０４号,2017-03-14,株式会社
エムスリーナースサポート株式会社,東京都中央区東日本橋１丁目１番７号,2017-03-14,株式会社
エレガンスホーム株式会社,静岡県沼津市高島本町１６の８,2017-03-14,株式会社
エンパワーク合同会社,福岡県福岡市南区横手２丁目３２番１１号,2017-03-14,合同会社
オリジン株式会社,大阪府富田林市藤沢台６丁目１９番２１号,2017-03-14,株式会社
クインス電気株式会社,東京都世田谷区千歳台３丁目４番６－６０２号,2017-03-14,株式会社
グリーンウッド株式会社,愛媛県松山市南斎院町９４３番地１６,2017-03-14,株式会社
グリーンポンプサービス株式会社,神奈川県大和市代官１丁目１番２８号,2017-03-14,株式会社
ケイエスフォトン株式会社,千葉県松戸市六高台３丁目３５番地,2017-03-14,株式会社
ケイズプロパティーズ株式会社,東京都北区浮間４丁目７番４号,2017-03-14,株式会社
ケミコラボラトリー合同会社,東京都中央区銀座６丁目１４番８号銀座石井ビル４Ｆ,2017-03-14,合同会社
ケーイーエムシステムズ株式会社,千葉県旭市松ケ谷１９３９番地,2017-03-14,株式会社
ゴールデンリーフ株式会社,神奈川県横浜市青葉区すすき野１丁目６番地６１,2017-03-14,株式会社
サン－アップ合同会社,千葉県船橋市湊町２丁目１２番２３号アーバンヒルズ船橋２０６,2017-03-14,合同会社
シェアマインド合同会社,東京都中央区東日本橋２丁目２８番４号日本橋ＣＥＴビル２階,2017-03-14,合同会社
シントラコンサルティング合同会社,東京都港区南青山２丁目２－１５ウィン青山９４２,2017-03-14,合同会社
ソルローズ株式会社,東京都港区海岸１丁目２番３号,2017-03-14,株式会社
トイウェア株式会社,東京都港区白金１丁目２５番２１号,2017-03-14,株式会社
トクミュージック合同会社,東京都世田谷区下馬６丁目９番７－２１０号,2017-03-14,合同会社
ニュービジョン合同会社,東京都港区高輪３丁目１１番８号,2017-03-14,合同会社
ニラリ株式会社,山梨県甲府市湯田２丁目２０番１５号メゾントリオＡ２０１,2017-03-14,株式会社
ハング・オーバー株式会社,埼玉県草加市八幡町５１０番地２８,2017-03-14,株式会社
パフォーマンスゴールシステム株式会社,東京都港区三田１丁目７番２－４０２号,2017-03-14,株式会社
ビューティー株式会社,大阪府堺市中区堀上町１０９２番地,2017-03-14,株式会社
フチワキ株式会社,東京都港区東新橋２丁目３番１７－１５０５号,2017-03-14,株式会社
ヘカバイオファーマ株式会社,東京都港区赤坂１丁目１１番４０号,2017-03-14,株式会社
ミヤコ株式会社,兵庫県加古川市志方町志方町１６５５番地の１,2017-03-14,株式会社
ミラボーテック株式会社,東京都中央区銀座６丁目１３番１６号,2017-03-14,株式会社
ライフ＆ネクスト株式会社,埼玉県川口市本町４丁目３番１４号小峰第一ビル５Ｆ－Ｍ,2017-03-14,株式会社
リバーブル合同会社,埼玉県川口市大字里９５８番地の１コンフォール西鳩ヶ谷１－３０８,2017-03-14,合同会社
リラフ株式会社,福岡県福岡市博多区上川端町１４番２６－６０２号,2017-03-14,株式会社
ルース・スタイルス・ガネット株式会社,東京都品川区北品川１丁目９番７号トップルーム品川１０１５号,2017-03-14,株式会社
レガシーテック株式会社,大阪府大阪市北区天満３丁目３番１８号順源ビル３Ｆ,2017-03-14,株式会社
ワイズ合同会社,東京都港区麻布十番３丁目１０番７号,2017-03-14,合同会社
ワサビー・インターナショナル合同会社,東京都港区虎ノ門１丁目１６番６号虎ノ門ＲＡＰＯ－ＴＯビルＵＣＦ７０３,2017-03-14,合同会社
一般社団法人おぢか観光協会,長崎県北松浦郡小値賀町笛吹郷１５３７－４２,2017-03-14,その他の設立登記法人
一般社団法人たまふれあいの森,神奈川県川崎市多摩区枡形２丁目１番１７号岩本ビル１階,2017-03-14,その他の設立登記法人
一般社団法人ひろしまきもの遊び,広島県広島市中区上八丁堀５番２７－１００２号,2017-03-14,その他の設立登記法人
一般社団法人キャリア・デザイン研究所,東京都中野区中央３丁目３４番１－２０６号,2017-03-14,その他の設立登記法人
一般社団法人ネクストステージ,大阪府大阪市東淀川区西淡路１丁目１８－１,2017-03-14,その他の設立登記法人
一般社団法人ノア,千葉県習志野市本大久保３丁目３番８号,2017-03-14,その他の設立登記法人
一般社団法人ビジョンクリエイトコーチ協会,愛知県名古屋市北区八代町１丁目５５番地,2017-03-14,その他の設立登記法人
一般社団法人マンション管理オーディット,大阪府大阪市北区西天満４丁目２番２号ＯＤＩ法律ビル４０３,2017-03-14,その他の設立登記法人
一般社団法人八百万ＩＮＧシンクタンク,東京都小金井市中町２丁目１番１８号,2017-03-14,その他の設立登記法人
一般社団法人六本木ホールディングス,東京都港区元赤坂１丁目１番８号赤坂コミュニティビル４階,2017-03-14,その他の設立登記法人
一般社団法人在宅生活支援パートナー協会,埼玉県鴻巣市生出塚１丁目１番３号３階,2017-03-14,その他の設立登記法人
一般社団法人地域映像,京都府京田辺市薪井手４３番地２,2017-03-14,その他の設立登記法人
一般社団法人地方創生支援協会,埼玉県蕨市錦町２丁目３番１４号,2017-03-14,その他の設立登記法人
一般社団法人建物保全協会,長野県諏訪郡下諏訪町５１９６番地１,2017-03-14,その他の設立登記法人
一般社団法人循環のまちづくり研究所,福岡県みやま市瀬高町山門１２５８番地３,2017-03-14,その他の設立登記法人
一般社団法人日本心身調律協会,東京都足立区千住寿町６番１３－８０１号,2017-03-14,その他の設立登記法人
一般社団法人日本文化伝承体験協会,福岡県福岡市中央区天神２丁目１４番８号,2017-03-14,その他の設立登記法人
一般社団法人日本礼儀作法マナー協会,東京都中央区八丁堀２丁目２２番８号内外ビル３階,2017-03-14,その他の設立登記法人
一般社団法人日韓架け橋交流協会,大阪府大阪市淀川区西宮原１丁目８番１４号,2017-03-14,その他の設立登記法人
一般社団法人氣質診断士協会,兵庫県西宮市甲陽園若江町７番９号,2017-03-14,その他の設立登記法人
一般社団法人沖縄環境汚染浄化処理協会,沖縄県那覇市字松川５１５番地,2017-03-14,その他の設立登記法人
一般社団法人生活習慣病予防農園,北海道北広島市富ヶ岡２４２番地１２,2017-03-14,その他の設立登記法人
一般社団法人細胞シート再生医療推進機構,東京都港区赤坂１丁目１２番３２号,2017-03-14,その他の設立登記法人
一般社団法人練馬区保育会,東京都練馬区桜台４丁目５番８号ファミール桜台１０２,2017-03-14,その他の設立登記法人
一般社団法人羽村市医師会,東京都羽村市緑ヶ丘５丁目５番地２羽村市保健センター内,2017-03-14,その他の設立登記法人
一般社団法人薬師寺奉賛会,大阪府河内長野市天見２２３３番地の乙,2017-03-14,その他の設立登記法人
一般社団法人鋼管技術研究会,東京都千代田区内幸町２丁目２－３,2017-03-14,その他の設立登記法人
一般社団法人Ａ　Ｆｉｅｌｄ　Ｌａｂ,熊本県熊本市南区出仲間５丁目５番４４号,2017-03-14,その他の設立登記法人
一般財団法人地域・教育魅力化プラットフォーム,島根県松江市母衣町８３番地５,2017-03-14,その他の設立登記法人
一般財団法人燈和会,佐賀県佐賀市金立町大字薬師丸９９７番地１,2017-03-14,その他の設立登記法人
一般財団法人自動車リサイクル高度化財団,東京都港区芝大門１丁目１番３０号,2017-03-14,その他の設立登記法人
三栄自動車販売株式会社,大阪府大阪市平野区瓜破西２丁目１番３９号,2017-03-14,株式会社
三興特機株式会社,長崎県佐世保市早岐２丁目２２番１０号,2017-03-14,株式会社
中小企業緑青会事業協同組合,東京都千代田区猿楽町２丁目２番７号第二浦野ビル６階,2017-03-14,その他の設立登記法人
伊藤忠フードインベストメント合同会社,東京都港区北青山２丁目５番１号,2017-03-14,合同会社
医療法人なかむら耳鼻咽喉科,三重県度会郡玉城町玉川６５３番地１,2017-03-14,その他の設立登記法人
医療法人呼吸器内科・内科とおるクリニック,北海道旭川市豊岡二条７丁目４番１２号,2017-03-14,その他の設立登記法人
医療法人山元歯科医院,山口県岩国市山手町１丁目９番１８号,2017-03-14,その他の設立登記法人
医療法人山紫会,広島県広島市東区若草町１１番１－１８０６号,2017-03-14,その他の設立登記法人
医療法人新生会,山口県下関市熊野町１丁目７番３０号,2017-03-14,その他の設立登記法人
医療法人松本歯科クリニック,長野県松本市宮田６番７号,2017-03-14,その他の設立登記法人
医療法人社団いわきたえこレディースクリニック,東京都港区新橋１丁目１８番１９号キムラヤオオツカビル３階,2017-03-14,その他の設立登記法人
医療法人社団かえで会,長野県佐久市岩村田６３６番地６,2017-03-14,その他の設立登記法人
医療法人社団さっぽろ矯正歯科クリニック,北海道札幌市豊平区中の島一条３丁目７番１１号,2017-03-14,その他の設立登記法人
医療法人社団ソワン,東京都世田谷区桜新町１丁目１１番５号ハナキクビル２階,2017-03-14,その他の設立登記法人
医療法人社団ベル美容外科クリニック,東京都渋谷区道玄坂１丁目１８番３号プレミア道玄坂ビル４階,2017-03-14,その他の設立登記法人
医療法人社団三生会,北海道三笠市多賀町２番地１,2017-03-14,その他の設立登記法人
医療法人福富内科外科医院,広島県東広島市福富町久芳１５３９番地２７,2017-03-14,その他の設立登記法人
医療法人鈴鹿いとう眼科,三重県鈴鹿市算所２丁目１４番１９号,2017-03-14,その他の設立登記法人
医療法人Ｏｈａｎａ会,長野県安曇野市豊科５０２４番地２,2017-03-14,その他の設立登記法人
協同組合上三緒ストア,福岡県飯塚市大字上三緒６６６番地の１,2017-03-14,その他の設立登記法人
合同会社きこりのおうち,静岡県浜松市中区塩町６１番地の１,2017-03-14,合同会社
合同会社しあわせどうぞ,岐阜県恵那市三郷町野井１２５８番地６,2017-03-14,合同会社
合同会社ねね,東京都豊島区池袋２丁目６５番６号,2017-03-14,合同会社
合同会社はな屋,福岡県福岡市中央区唐人町３丁目２番３７号グランドサンリヤン唐人町１０３号,2017-03-14,合同会社
合同会社はるゆき,大阪府寝屋川市菅相塚町１２番２３号,2017-03-14,合同会社
合同会社アイビー企画,北海道札幌市白石区平和通９丁目北１１番３号,2017-03-14,合同会社
合同会社アイフィックス,東京都あきる野市引田７３２番地１０,2017-03-14,合同会社
合同会社アドバンスホーム,神奈川県横浜市中区不老町１丁目２番地１中央第６関内ビル３階,2017-03-14,合同会社
合同会社アロマ天,京都府京都市東山区大和大路通三条下る３丁目弁財天町１２番地ぎおんシャトービル２Ａ,2017-03-14,合同会社
合同会社ウェストリバー,埼玉県川口市芝樋ノ爪１丁目６番５０号清水ハウス１０１号,2017-03-14,合同会社
合同会社エーアンドエム,新潟県柏崎市関町１３番４１号,2017-03-14,合同会社
合同会社オフィスハスリーズ,岡山県岡山市北区桑田町１８番２４－９０１号,2017-03-14,合同会社
合同会社キャッツアイキルトスタジオ,静岡県熱海市上多賀１０６５番地の５６１,2017-03-14,合同会社
合同会社キョーウングループ,北海道河東郡音更町共栄台西１２丁目５番地１４,2017-03-14,合同会社
合同会社ケーエム,群馬県伊勢崎市市場町２丁目３６１番地７,2017-03-14,合同会社
合同会社サンライズテクニカル,大阪府大阪市北区同心２丁目５番２３号,2017-03-14,合同会社
合同会社シナノ緑地,長野県茅野市塚原１丁目１３番２１号,2017-03-14,合同会社
合同会社スノリ,千葉県船橋市湊町２丁目１２－２４湊町日本橋ビル６Ｆ,2017-03-14,合同会社
合同会社ソレイユ,千葉県東金市上武射田８９２番地６,2017-03-14,合同会社
合同会社トレスタ,三重県桑名市中央町１丁目６１番地,2017-03-14,合同会社
合同会社ナワタ農機商會,和歌山県橋本市東家６丁目２番３号,2017-03-14,合同会社
合同会社ニューベリー,兵庫県芦屋市涼風町１３番８号,2017-03-14,合同会社
合同会社ハピル,沖縄県那覇市泊３丁目１７番地４ライトマンション５０２,2017-03-14,合同会社
合同会社フラッシュ,埼玉県和光市丸山台３丁目１番３０号レフィナード２０５,2017-03-14,合同会社
合同会社フラワー,東京都千代田区内神田３丁目７番１号神田ＭＮビル１階,2017-03-14,合同会社
合同会社プリンスタイル,東京都世田谷区新町１丁目３４番１１号エーデルワイス２０８,2017-03-14,合同会社
合同会社マカデミホーム,神奈川県秦野市東田原１０３２番地,2017-03-14,合同会社
合同会社モリキ電設,鹿児島県薩摩川内市祁答院町藺牟田７９２４番地,2017-03-14,合同会社
合同会社モンターニヤ,福岡県北九州市小倉南区横代北町４丁目１８番１３号,2017-03-14,合同会社
合同会社ユニバーサルプロパティーサービス,大阪府大阪市住吉区我孫子５丁目１３番１１号,2017-03-14,合同会社
合同会社ライフゴーズオン,愛知県名古屋市瑞穂区太田町３丁目１－３,2017-03-14,合同会社
合同会社ライブラ,宮城県仙台市若林区卸町３丁目２番５,2017-03-14,合同会社
合同会社京橋インベストメント２,東京都千代田区九段南３丁目７番７号成和綜合会計事務所内,2017-03-14,合同会社
合同会社代々木開発,東京都港区西新橋１丁目１０番１号,2017-03-14,合同会社
合同会社八大,愛知県安城市三河安城東町２丁目３番地６,2017-03-14,合同会社
合同会社凱其,東京都葛飾区西新小岩２丁目１番２－６０９号,2017-03-14,合同会社
合同会社大吉やの屋,兵庫県芦屋市朝日ケ丘町１６番２８号,2017-03-14,合同会社
合同会社小国上田合志,大阪府泉佐野市鶴原１８４７番地１－２０３号,2017-03-14,合同会社
合同会社山神,山形県尾花沢市上町１丁目１番７号,2017-03-14,合同会社
合同会社島ばなな,沖縄県宮古島市平良字久貝９２０番地１,2017-03-14,合同会社
合同会社平和商会,神奈川県綾瀬市小園３４１番地,2017-03-14,合同会社
合同会社新潟計画,新潟県新潟市東区松島２丁目２番１９号１,2017-03-14,合同会社
合同会社本山総合商事,熊本県熊本市南区海路口町４０７７番地１,2017-03-14,合同会社
合同会社森林トラスト,千葉県山武郡横芝光町屋形１５８８番地２５,2017-03-14,合同会社
合同会社相亜建設,北海道帯広市西四条南１５丁目９番地共栄ビル,2017-03-14,合同会社
合同会社葉桜,神奈川県横須賀市若松町３丁目１２オオクラビル２Ｆ,2017-03-14,合同会社
合同会社蜜柑,東京都世田谷区瀬田２丁目２７番６号瀬田サンリツビル５０１号室,2017-03-14,合同会社
合同会社豊饒,長崎県対馬市上対馬町舟志乙５６８番地３,2017-03-14,合同会社
合同会社電源創研,東京都港区麻布十番２丁目８番１６号ＩＳＩビル５Ｆ,2017-03-14,合同会社
合同会社青山企画,東京都港区南青山３丁目３番９号,2017-03-14,合同会社
合同会社飯島建設工業,茨城県鉾田市大蔵２７３番地１,2017-03-14,合同会社
合同会社高島平ファースト,東京都中央区日本橋１丁目４番１号,2017-03-14,合同会社
合同会社ＡＰＰＩＡ,埼玉県さいたま市大宮区宮町２丁目１７番パインズ松下ビル４０３号,2017-03-14,合同会社
合同会社ＡＺＡＮ＆ＣＯ,栃木県足利市山下町２４３８番地イズミハイツ２０１号,2017-03-14,合同会社
合同会社Ａｎｆｉｅｌｄ,東京都新宿区東榎町１番地－４０２,2017-03-14,合同会社
合同会社ＢＣＬ　Ｐｒｏｐｅｒｔｙ　Ｓｅｒｖｉｃｅ,神奈川県横浜市神奈川区斎藤分町３１番２９号,2017-03-14,合同会社
合同会社Ｂａｒａｍ,東京都新宿区百人町１丁目７番３号,2017-03-14,合同会社
合同会社ＦＩＮＥ,宮崎県都城市久保原町１２街区２７号カーサ・ラ・シャンテ１－Ｅ号,2017-03-14,合同会社
合同会社Ｇｒｅａｍ,大分県杵築市大字狩宿２３３５番地８,2017-03-14,合同会社
合同会社Ｈ・Ｋ静内事務所,北海道日高郡新ひだか町静内こうせい町１丁目９番３７号,2017-03-14,合同会社
合同会社ＨＥＡＬＴＨ,埼玉県川口市並木元町１番４８－５０２号川口マンション,2017-03-14,合同会社
合同会社ＫＴＧ,熊本県荒尾市昭和町３番１５号,2017-03-14,合同会社
合同会社ＬＵＮＡ,東京都豊島区上池袋４丁目２４番２号,2017-03-14,合同会社
合同会社ＭＳＢ,愛知県名古屋市中村区名駅４丁目２６番１０号ファーストビル６Ｆ,2017-03-14,合同会社
合同会社Ｎ’ｓＣｏｍｐａｎｙ,埼玉県三郷市早稲田２丁目１２番地４５,2017-03-14,合同会社
合同会社Ｎ・Ｐインターナショナル,千葉県印西市高西新田１４４番地１,2017-03-14,合同会社
合同会社Ｎｅｘｔ　ｂｌｏｗ,鹿児島県鹿児島市堀江町１２番１６－９０１号,2017-03-14,合同会社
合同会社ＰＯＭＦ,福岡県福岡市東区箱崎１丁目８番２－２０１号,2017-03-14,合同会社
合同会社Ｐｅａｃｈ＆Ｃｏｍｐａｎｙ,東京都世田谷区砧４丁目２０番９号,2017-03-14,合同会社
合同会社ＳＪソーラー白河,東京都千代田区丸の内２丁目２番１号,2017-03-14,合同会社
合同会社ＳＮ,埼玉県さいたま市大宮区仲町１丁目２７番４号長澤ビル１階,2017-03-14,合同会社
合同会社Ｓｕｎ　Ｔｅｃｈ,東京都港区芝１丁目１０番１１号,2017-03-14,合同会社
合同会社ＴＡＫＡ,京都府木津川市木津川台５丁目２６番地１６,2017-03-14,合同会社
合同会社ＴＴＭ,福岡県春日市日の出町３丁目２－１アーベインビオ春日２－５０９,2017-03-14,合同会社
合同会社ＷＥＳＴ５,東京都港区西新橋１丁目１０番１号,2017-03-14,合同会社
合同会社Ｙ．ｌｉｎｋｓ,福岡県福岡市南区大橋２丁目３番１６号,2017-03-14,合同会社
合同会社ｓａｎｋａｎ,東京都世田谷区宮坂２丁目１８番１５号,2017-03-14,合同会社
君宜株式会社,長野県上田市東内字西川原３０４０番地１,2017-03-14,株式会社
和玄株式会社,埼玉県川口市幸町１丁目１番２２－２０５号,2017-03-14,株式会社
堀口工業合同会社,茨城県神栖市深芝１０８１番地宮川荘５号,2017-03-14,合同会社
大多喜太陽光発電合同会社,東京都千代田区丸の内３丁目１番１号東京共同会計事務所内,2017-03-14,合同会社
大平山株式会社,東京都三鷹市牟礼２丁目４番１０号,2017-03-14,株式会社
大阪生物教育合同会社,大阪府高槻市道鵜町４丁目１４番４号,2017-03-14,合同会社
天成株式会社,東京都豊島区池袋２丁目４９番９号,2017-03-14,株式会社
太陽自動車株式会社,北海道釧路市武佐１丁目５１番２９号,2017-03-14,株式会社
将成株式会社,大分県大分市大字曲６３３番地の５,2017-03-14,株式会社
将軍１００株式会社,東京都中央区八丁堀３丁目１２番８号ＨＦ八丁堀ビルディング８階,2017-03-14,株式会社
岡建株式会社,神奈川県横浜市港北区鳥山町９０番地２ふれんず３０１号,2017-03-14,株式会社
思源株式会社,東京都荒川区町屋３丁目１５番１７号,2017-03-14,株式会社
拓雲株式会社,東京都千代田区神田神保町２丁目８番淡景ビル３階,2017-03-14,株式会社
敏瑞商事合同会社,千葉県柏市柏７丁目５番１９号ハイツ山川１０２,2017-03-14,合同会社
新羅三郎合同会社,茨城県水戸市渡里町２５３２番地の２メゾンときわ２０２号,2017-03-14,合同会社
日本エネルギー株式会社,福岡県福岡市中央区天神１丁目９番１７福岡天神フコク生命ビル１５Ｆ,2017-03-14,株式会社
日本エネルギー株式会社,大阪府大阪市浪速区稲荷２丁目１番１０号ニットーハイツ２０３号,2017-03-14,株式会社
日本園芸株式会社,東京都港区赤坂３丁目６番４号,2017-03-14,株式会社
日本心理総研株式会社,東京都新宿区新宿１丁目１６番１６号,2017-03-14,株式会社
明建株式会社,岐阜県郡上市八幡町小野５丁目１５番地５,2017-03-14,株式会社
晟世株式会社,兵庫県三木市別所町小林７３４番地の１７ローレルハイツ北神戸１号棟１０２号,2017-03-14,株式会社
暁プロダクション株式会社,埼玉県本庄市駅南１丁目９番８号,2017-03-14,株式会社
有限会社藤井土建,群馬県前橋市下小出町２丁目５１番地の８,2017-03-14,有限会社
未来エニシア協同組合,香川県高松市丸の内９番地３,2017-03-14,その他の設立登記法人
村岡商会株式会社,兵庫県姫路市東駅前町６３番地エスリード姫路７０４,2017-03-14,株式会社
村橋電工株式会社,愛媛県松山市北条２０番地５４,2017-03-14,株式会社
東京クラウドファンディング株式会社,東京都北区滝野川５丁目４１番３号ＴＫビル７階,2017-03-14,株式会社
東企マネージメント株式会社,大阪府大阪市北区堂島２丁目１番２７号,2017-03-14,株式会社
松原株式会社,東京都中央区日本橋本町１丁目６番３－３０３号,2017-03-14,株式会社
栃木トレーディング株式会社,茨城県筑西市布川１０１７番地５０江連アパート３－１０１,2017-03-14,株式会社
株式会社あんこ,福岡県福岡市博多区奈良屋町１１番１５号,2017-03-14,株式会社
株式会社うるわしき,東京都羽村市神明台２丁目４番地７４,2017-03-14,株式会社
株式会社かいつか,茨城県かすみがうら市男神３３９番地３,2017-03-14,株式会社
株式会社かまのくら,神奈川県鎌倉市山ノ内３７６番地,2017-03-14,株式会社
株式会社きよらケア,神奈川県川崎市川崎区渡田１丁目１－６ドルチェ川崎３０２号,2017-03-14,株式会社
株式会社じゅん,北海道苫小牧市音羽町２丁目１５番９号,2017-03-14,株式会社
株式会社たびる,福岡県福岡市博多区博多駅前３丁目１２番３号玉井親和ビル,2017-03-14,株式会社
株式会社たまご,埼玉県羽生市東５丁目１６番３４号コーポエトワール１０１号室,2017-03-14,株式会社
株式会社はるしゅう,東京都港区麻布十番２丁目１０番１－３０１号,2017-03-14,株式会社
株式会社やまだ織,新潟県南魚沼市塩沢１５０７番地１,2017-03-14,株式会社
株式会社らんどりーむ,沖縄県那覇市山下町１２番２５号上原アパート１０２,2017-03-14,株式会社
株式会社アイジェノミクス・ジャパン,東京都港区南麻布３丁目１９番２３号オーク南麻布ビル２階,2017-03-14,株式会社
株式会社アイディール・アセット・マネジメント,東京都新宿区新宿２丁目１３番１０号武蔵野ビル５階００５号室,2017-03-14,株式会社
株式会社アイナオフィス,東京都港区高輪３丁目２２番４号アイワビル５階,2017-03-14,株式会社
株式会社アキュレイト,静岡県藤枝市上当間３５６番地の３,2017-03-14,株式会社
株式会社アグリ８６１１,大阪府岸和田市南上町１丁目４１番１７号,2017-03-14,株式会社
株式会社アシスト,広島県広島市西区小河内町２丁目７番５号,2017-03-14,株式会社
株式会社アステル,愛知県名古屋市中区栄５丁目２６番４０号,2017-03-14,株式会社
株式会社アスレ,宮城県仙台市宮城野区田子西２丁目７番地の１６,2017-03-14,株式会社
株式会社アズ,埼玉県新座市片山３丁目１２番１４号サウス・エクセル１０２号室,2017-03-14,株式会社
株式会社アズネットインポート,兵庫県神戸市兵庫区大開通３丁目１番４－４０５号,2017-03-14,株式会社
株式会社アドック,福岡県北九州市若松区大字払川３０番地６,2017-03-14,株式会社
株式会社アースバンク,愛知県名古屋市千種区仲田１丁目５番２０号三洋ビル３Ｆ,2017-03-14,株式会社
株式会社アーティス,茨城県ひたちなか市西大島１丁目１２番２１号,2017-03-14,株式会社
株式会社イトー工務,愛知県名古屋市緑区姥子山３丁目１２１２番地,2017-03-14,株式会社
株式会社インコントロ,神奈川県横浜市中区長者町５丁目５１番１,2017-03-14,株式会社
株式会社インバウンド・メディア,東京都豊島区高田３丁目２１番２号ユニハイト東京ビル３Ｆ,2017-03-14,株式会社
株式会社インプレッション,東京都港区南青山４丁目１７番３３号,2017-03-14,株式会社
株式会社エキシティ広島,広島県広島市南区松原町３番２－５０２号,2017-03-14,株式会社
株式会社エスエスプラス,東京都渋谷区渋谷３丁目１２番１８号,2017-03-14,株式会社
株式会社エスペーロ,滋賀県栗東市手原１丁目９番２号,2017-03-14,株式会社
株式会社エフピーエム,宮崎県宮崎市丸山２丁目２６６番地,2017-03-14,株式会社
株式会社エルクレードル,千葉県船橋市薬円台４丁目３番１７号,2017-03-14,株式会社
株式会社オニキス,山形県米沢市中央４丁目１番２４号,2017-03-14,株式会社
株式会社オフィス三浦,東京都港区南麻布５丁目１０番３２号,2017-03-14,株式会社
株式会社オリエンス,岡山県岡山市南区藤田４１３番地１０,2017-03-14,株式会社
株式会社オレンジフィルムズネットワーク,東京都中央区銀座５丁目１２番５号,2017-03-14,株式会社
株式会社ガイドマップ,東京都港区高輪１丁目５番３３,2017-03-14,株式会社
株式会社キャラバン,埼玉県さいたま市南区辻１丁目２番１１号,2017-03-14,株式会社
株式会社クイックはあと,千葉県印西市笠神１１２３番地,2017-03-14,株式会社
株式会社クレアーレ,大分県宇佐市大字樋田字東平４４３番地,2017-03-14,株式会社
株式会社クロス,大阪府大阪市住之江区南港東１丁目３番１号,2017-03-14,株式会社
株式会社グランツ,埼玉県幸手市北１丁目１３番２０号,2017-03-14,株式会社
株式会社グランメル・コーポレーション,東京都目黒区碑文谷２丁目１４番１６号ル・シエル碑文谷３０１号,2017-03-14,株式会社
株式会社グリーンマテリアル,大阪府和泉市納花町４０７－９３,2017-03-14,株式会社
株式会社コリンズ,東京都新宿区歌舞伎町１丁目２番１４号コリンズ１５ビル１Ｆ,2017-03-14,株式会社
株式会社サステナブルニッポン,香川県高松市兵庫町４番地４,2017-03-14,株式会社
株式会社サンエムディー,東京都新宿区北新宿４丁目３１－３,2017-03-14,株式会社
株式会社ザキ・コーポレーション,千葉県市原市玉前西１丁目２－２１,2017-03-14,株式会社
株式会社シマプロ,埼玉県所沢市日吉町８番２号,2017-03-14,株式会社
株式会社シムトラスト,茨城県取手市稲１１７１番地１,2017-03-14,株式会社
株式会社シャイニングステージ,東京都板橋区板橋１丁目５５番１１号ブルースカイ３０５,2017-03-14,株式会社
株式会社シャイン,北海道札幌市白石区川北二条１丁目４番２８号,2017-03-14,株式会社
株式会社シラハタ計測,茨城県つくば市森の里８３番地１,2017-03-14,株式会社
株式会社ジェンマ,愛知県名古屋市名東区八前２丁目６０４番地の１,2017-03-14,株式会社
株式会社ジャミング,沖縄県名護市大南２丁目１４番３号,2017-03-14,株式会社
株式会社スイード,東京都世田谷区中町３丁目２６番１号,2017-03-14,株式会社
株式会社スタヂオハヤカワ,愛知県清須市西枇杷島町十軒裏５８番地,2017-03-14,株式会社
株式会社スターダスト,東京都港区赤坂１丁目１１番４４号,2017-03-14,株式会社
株式会社スポプレーヤー,愛知県豊田市乙部ケ丘２丁目１６番地９,2017-03-14,株式会社
株式会社スマイルハンター,京都府京都市右京区山ノ内苗町８番地１ネバーランド葛野大路三条メロディア２２１号,2017-03-14,株式会社
株式会社セイケン,福岡県福岡市博多区板付７丁目１１番１５号,2017-03-14,株式会社
株式会社タドコロＨＤ,埼玉県さいたま市南区沼影１丁目１１番２号Ｃ－２５０１,2017-03-14,株式会社
株式会社タナカ産業,愛知県清須市西枇杷島町北大和７６番地,2017-03-14,株式会社
株式会社ツーリズムワイズラボ,東京都千代田区神田錦町３丁目２１番地,2017-03-14,株式会社
株式会社ディナーアウト,東京都中央区銀座７丁目１５番７号,2017-03-14,株式会社
株式会社デジヘル,東京都新宿区新宿６丁目２７番２９－２９０５号,2017-03-14,株式会社
株式会社トライアクト,東京都墨田区両国１丁目１２番８号両国ミハマビル３Ｆ,2017-03-14,株式会社
株式会社ドゥマール市川,東京都新宿区高田馬場１丁目２４番２７号,2017-03-14,株式会社
株式会社ドリームマップ,宮崎県宮崎市橘通西３丁目１０番２４号,2017-03-14,株式会社
株式会社ナズインターナショナル,神奈川県横浜市保土ケ谷区新井町４５９番地７上田ビル２Ｆ,2017-03-14,株式会社
株式会社ニューデイ・ジャパン,京都府京都市北区小山西大野町７８番地ライオンズマンション北大路４０７号,2017-03-14,株式会社
株式会社ネイビーシステム,東京都港区南青山５丁目９番１２－１１０４号,2017-03-14,株式会社
株式会社ネオマネジメント,千葉県松戸市高塚新田２８６番地の１,2017-03-14,株式会社
株式会社ネクスティア,埼玉県朝霞市溝沼２丁目１１番４号シーバスＡ館１０１,2017-03-14,株式会社
株式会社ノースビレッジ,兵庫県尼崎市七松町３丁目５番１号,2017-03-14,株式会社
株式会社ハッピーバウム,千葉県君津市坂田１１６４番地１,2017-03-14,株式会社
株式会社ハンターズインク,佐賀県藤津郡太良町大字大浦丁２１３３番地４,2017-03-14,株式会社
株式会社ハーバーランド商事,兵庫県神戸市中央区東川崎町１丁目５番８号,2017-03-14,株式会社
株式会社バディーズ,埼玉県さいたま市岩槻区西町２丁目４番２５－１２０１号,2017-03-14,株式会社
株式会社ビューライフコーポレーション,千葉県柏市旭町１丁目２番８号,2017-03-14,株式会社
株式会社ファテェ,埼玉県加須市北下新井５７３番地,2017-03-14,株式会社
株式会社フライングビー,佐賀県佐賀市鍋島町大字森田１８８番地７,2017-03-14,株式会社
株式会社プライム・ナンバーズ,東京都千代田区神田須田町２丁目２３番地１天翔秋葉原万世橋ビル,2017-03-14,株式会社
株式会社プレザント,熊本県熊本市北区清水万石３丁目６番６９号,2017-03-14,株式会社
株式会社プロジェクトＮＥＯ,山形県新庄市大字鳥越字駒場１４８８番地３７,2017-03-14,株式会社
株式会社プロスパー,和歌山県和歌山市新中島５０番地,2017-03-14,株式会社
株式会社ベル・ドミール,神奈川県川崎市中原区中丸子５５５番地,2017-03-14,株式会社
株式会社マサヒロ企画,千葉県松戸市高塚新田１７７番地の５６,2017-03-14,株式会社
株式会社マシーネ,東京都西東京市向台町１丁目１番４号,2017-03-14,株式会社
株式会社マッドドッグ,東京都港区六本木４丁目２番２０号パークサイド六本木４１０号,2017-03-14,株式会社
株式会社マリタイムハンズ,東京都港区新橋２丁目５番５号,2017-03-14,株式会社
株式会社マルナカ工業,神奈川県横浜市青葉区鴨志田町８１４番地７ラハイナウェヴレットＢ－３,2017-03-14,株式会社
株式会社ミミクリデザイン,東京都中野区江原町２丁目１８番１４号,2017-03-14,株式会社
株式会社メビオン,宮城県仙台市宮城野区宮城野２丁目１２番２０号,2017-03-14,株式会社
株式会社メラマウリゾート,沖縄県八重山郡竹富町字上原１０番地の６８１,2017-03-14,株式会社
株式会社ヤマガ工務店,新潟県新潟市西蒲区竹野町２４６３番地７,2017-03-14,株式会社
株式会社ラポーレ,東京都新宿区新宿１丁目１７番１号ランドデン２Ｆ,2017-03-14,株式会社
株式会社リアルエージェント,東京都渋谷区桜丘町７番８号３０５,2017-03-14,株式会社
株式会社リアルスピードオート,埼玉県草加市吉町５丁目８番２号,2017-03-14,株式会社
株式会社リゲルオミック・インベストメント,東京都港区芝浦４丁目２２番１号,2017-03-14,株式会社
株式会社リビング,茨城県那珂郡東海村大字舟石川６５４番地１３,2017-03-14,株式会社
株式会社ルンビニーホーム,兵庫県たつの市揖保川町神戸北山１１０番地１,2017-03-14,株式会社
株式会社レオス,東京都渋谷区神宮前３丁目３番１２号,2017-03-14,株式会社
株式会社ロジポート,東京都江戸川区小松川１丁目４番２－５２４号,2017-03-14,株式会社
株式会社ワイエス,兵庫県川西市南花屋敷３丁目１９番１２号,2017-03-14,株式会社
株式会社一栄,東京都中央区豊海町６番６号,2017-03-14,株式会社
株式会社三井開発,東京都台東区東上野３丁目２１番２号,2017-03-14,株式会社
株式会社不動産３８３０,和歌山県和歌山市岡山丁１番地５,2017-03-14,株式会社
株式会社中谷工業,和歌山県岩出市曽屋４５５番地の６,2017-03-14,株式会社
株式会社中野工業,千葉県袖ケ浦市のぞみ野７６番地６,2017-03-14,株式会社
株式会社久富広川,埼玉県北葛飾郡松伏町大字松伏３９２番地１２,2017-03-14,株式会社
株式会社久遠,東京都中央区銀座８丁目４番２号,2017-03-14,株式会社
株式会社九建セキュリティ,鹿児島県鹿屋市西原４丁目１３－３４西原ハイツ２０８号,2017-03-14,株式会社
株式会社事業承継財産コンサルタンツ,東京都港区虎ノ門１丁目１６番４号アーバン虎ノ門ビル６階,2017-03-14,株式会社
株式会社二上,東京都港区新橋３丁目１１番１号－２階,2017-03-14,株式会社
株式会社伊東健業,兵庫県淡路市中村１５１番地１,2017-03-14,株式会社
株式会社伊藤農場,宮城県栗原市栗駒栗原二枚橋２６番地,2017-03-14,株式会社
株式会社伊都プランニング,福岡県糸島市荻浦５９４番地２Ｂ１０１,2017-03-14,株式会社
株式会社佐藤塗装,山形県米沢市万世町片子４８４１番地の３,2017-03-14,株式会社
株式会社元勝,群馬県伊勢崎市若葉町６番１７号シャローム２０３,2017-03-14,株式会社
株式会社光透葉ホールディングス,鹿児島県鹿児島市下伊敷１丁目８番１８号,2017-03-14,株式会社
株式会社八百新青果,兵庫県神戸市垂水区本多聞４丁目１番新多聞センター街２６０号棟１０３,2017-03-14,株式会社
株式会社共立,沖縄県沖縄市字松本８６８番地２グランモンターニュ１－２０１号室,2017-03-14,株式会社
株式会社創造生活,京都府長岡京市馬場餅田５番地,2017-03-14,株式会社
株式会社北部国際開発,東京都千代田区神田小川町２丁目３番地１３,2017-03-14,株式会社
株式会社千の梅企画,東京都江東区富岡１丁目７番３号,2017-03-14,株式会社
株式会社双林,神奈川県横須賀市大滝町２丁目１１番地,2017-03-14,株式会社
株式会社吉野建設,熊本県熊本市中央区九品寺６丁目６番７９－７１０号,2017-03-14,株式会社
株式会社名実商社,千葉県市川市富浜３丁目４番１８号１０２号室,2017-03-14,株式会社
株式会社喜久本鉄筋,兵庫県宝塚市高松町７－９,2017-03-14,株式会社
株式会社土屋工務店,千葉県山武市森１１１６番地１,2017-03-14,株式会社
株式会社大倉防災,東京都町田市小山町１０４８番地１,2017-03-14,株式会社
株式会社大木組,千葉県匝瑳市川辺６８３４番地,2017-03-14,株式会社
株式会社大阪シティパートナーズ,大阪府大阪市阿倍野区旭町１丁目１番１０号竹澤ビル,2017-03-14,株式会社
株式会社天元堂,東京都文京区大塚３丁目１番１０－３０５号,2017-03-14,株式会社
株式会社婦中工業,富山県富山市婦中町分田１６０番地１,2017-03-14,株式会社
株式会社実源,茨城県鉾田市鉾田６１８番地１,2017-03-14,株式会社
株式会社宮崎血流研究所,宮崎県東諸県郡国富町大字八代北俣１７０番地１,2017-03-14,株式会社
株式会社山脈,東京都港区東麻布１丁目１０番１１号,2017-03-14,株式会社
株式会社峯野肥料,和歌山県海南市下津町丸田１番地,2017-03-14,株式会社
株式会社幸,福岡県福岡市城南区田島１丁目４番８号,2017-03-14,株式会社
株式会社幸丸コーポレーション,千葉県船橋市芝山３丁目３０番１６棟２０３号,2017-03-14,株式会社
株式会社幸和テック,大阪府大阪市住吉区庭井２丁目８番２８号,2017-03-14,株式会社
株式会社康和,静岡県焼津市東小川２丁目１２６８番３号,2017-03-14,株式会社
株式会社新東建設,新潟県新潟市東区紫竹７丁目３４番３５号エレガンシアシチク１０２号,2017-03-14,株式会社
株式会社日本笑社,京都府京都市下京区西石垣通四条下る斎藤町１１８－３,2017-03-14,株式会社
株式会社日本ＦＡＤ,福井県福井市大宮２丁目４番４号,2017-03-14,株式会社
株式会社日比野興業,岐阜県岐阜市日光町８丁目２６番地,2017-03-14,株式会社
株式会社旭川建築管理事務所,北海道旭川市永山八条８丁目２番３号,2017-03-14,株式会社
株式会社東京テレビランド,東京都港区虎ノ門３丁目６番２号,2017-03-14,株式会社
株式会社東西交易,福岡県福岡市博多区寿町２丁目５番６号,2017-03-14,株式会社
株式会社松丸漁業,茨城県神栖市波崎８８５５番地１,2017-03-14,株式会社
株式会社松島製缶工業所,茨城県鹿嶋市大字平井６０６番地２,2017-03-14,株式会社
株式会社柴崎鉄筋,青森県上北郡野辺地町字田端４番地１,2017-03-14,株式会社
株式会社武双,千葉県木更津市高柳１４８８番地３,2017-03-14,株式会社
株式会社武昌組,兵庫県伊丹市口酒井１丁目６番１６－２０２号,2017-03-14,株式会社
株式会社歯医キング,千葉県船橋市夏見６丁目１９番１１号,2017-03-14,株式会社
株式会社氷見うどん美濃屋,富山県氷見市窪１９７１番地５,2017-03-14,株式会社
株式会社池田興業,岡山県倉敷市上富井２６５番地１,2017-03-14,株式会社
株式会社沖縄Ｌ．Ｓ．Ｌ,沖縄県那覇市東町１７番１１号ふくろう館５０１号室,2017-03-14,株式会社
株式会社津田工務店,東京都小金井市中町２丁目１４番５号有明ハイム１０５,2017-03-14,株式会社
株式会社浅見工業,埼玉県新座市馬場３丁目１０－９,2017-03-14,株式会社
株式会社浅野地所,東京都世田谷区北烏山９丁目１番４１号,2017-03-14,株式会社
株式会社港国際ワークスタイル研究所,東京都港区白金３丁目１１番１９号,2017-03-14,株式会社
株式会社漁住設,和歌山県岩出市金池４８７番地,2017-03-14,株式会社
株式会社濱友,神奈川県横浜市都筑区早渕３丁目１２番２２号,2017-03-14,株式会社
株式会社矢島製作所,埼玉県吉川市大字南広島６５番地,2017-03-14,株式会社
株式会社秀ＳＰＣ工業,千葉県千葉市若葉区桜木８丁目３０番４号,2017-03-14,株式会社
株式会社細胞綜合研究所,東京都港区南青山３丁目１８番１７号,2017-03-14,株式会社
株式会社美伝,福岡県福岡市中央区大名２丁目２番５７号,2017-03-14,株式会社
株式会社美建美家,東京都新宿区早稲田鶴巻町５４８番地,2017-03-14,株式会社
株式会社美鶴,東京都港区赤坂８丁目１２－１２赤坂アンドロン３０２,2017-03-14,株式会社
株式会社翔美装建,東京都北区赤羽西１丁目２番７－２０５号,2017-03-14,株式会社
株式会社翔龍殖産,鹿児島県鹿児島市下荒田２丁目１番１－２Ｆ,2017-03-14,株式会社
株式会社臨床試験測定センター,神奈川県相模原市中央区千代田４丁目８番１３号千代田ミサキコーポ２０３号,2017-03-14,株式会社
株式会社興信,東京都港区赤坂２丁目１７番５号,2017-03-14,株式会社
株式会社花結,神奈川県横浜市中区元町１丁目２３番地１リバーサイド元町,2017-03-14,株式会社
株式会社誠心システム,埼玉県川口市芝樋ノ爪２丁目４番１０号,2017-03-14,株式会社
株式会社豊栄削蹄,北海道紋別郡雄武町字雄武１３４４番地の１８,2017-03-14,株式会社
株式会社豊海,沖縄県那覇市久茂地１丁目１番１号９階,2017-03-14,株式会社
株式会社連晟,東京都千代田区神田神保町２丁目４８番地,2017-03-14,株式会社
株式会社重続建設,兵庫県姫路市西庄乙６２番地１,2017-03-14,株式会社
株式会社金三,東京都港区南青山５丁目１２番２４号,2017-03-14,株式会社
株式会社金村鉄筋,大阪府吹田市千里山月が丘７番５－７０９号,2017-03-14,株式会社
株式会社金達,東京都文京区音羽１丁目１０番４－３Ｆ３０２号,2017-03-14,株式会社
株式会社隼,大阪府大阪市大正区千島１丁目２３番５５号,2017-03-14,株式会社
株式会社雪月,愛知県日進市栄２丁目１１０番地ファミール日進三番館１００１,2017-03-14,株式会社
株式会社青源,埼玉県川口市原町９番６－５０８号ローヤルシティ川口原町,2017-03-14,株式会社
株式会社風輪,埼玉県蓮田市西城３丁目１８７番,2017-03-14,株式会社
株式会社高建工業,宮城県石巻市開北２丁目６番２７号,2017-03-14,株式会社
株式会社高龍商事サービス,千葉県千葉市花見川区柏井１丁目２０番２棟４０６号,2017-03-14,株式会社
株式会社３９コンサルティング,京都府京都市伏見区深草直違橋４丁目３６７番地,2017-03-14,株式会社
株式会社５ｒ,愛知県清須市西枇杷島町南大和１６５番地,2017-03-14,株式会社
株式会社ＡＩマネジメント,東京都港区赤坂８丁目９番５号,2017-03-14,株式会社
株式会社ＡＬＥＳ,宮城県仙台市青葉区葉山町４番１号,2017-03-14,株式会社
株式会社ＡｔｔａＩＮ,大阪府大阪市北区本庄西１丁目１３番６号,2017-03-14,株式会社
株式会社Ｂ・Ｅアソシエイツ,東京都港区高輪２丁目１０番７号,2017-03-14,株式会社
株式会社Ｂ－ＳＴＲＩＮＧ,東京都港区南青山２丁目２番１５号ウィン青山９４２,2017-03-14,株式会社
株式会社ＢＲＯＳ,茨城県神栖市賀字立野２１０８番８２,2017-03-14,株式会社
株式会社ＢＷＫ,千葉県佐倉市井野１６０８番地４アインズコート勝田台４０６号,2017-03-14,株式会社
株式会社Ｂｅａｕｔｙ＆Ｌｉｖｅｌｙロホ,愛知県名古屋市守山区小幡太田１５番２３号,2017-03-14,株式会社
株式会社ＣＩ,大阪府大阪市西区西本町１丁目２番１７号,2017-03-14,株式会社
株式会社ＣＯＳＭＯＳ貿易,東京都足立区江北４丁目５－１－１０１,2017-03-14,株式会社
株式会社ＤＳ,埼玉県入間市宮寺３１９０番地３２,2017-03-14,株式会社
株式会社Ｄｅｍａｒｅｓｔ,東京都港区赤坂５丁目３番３－６０３号,2017-03-14,株式会社
株式会社ＥＮＣＯＲＥ,茨城県猿島郡境町大字塚崎２６４４番地,2017-03-14,株式会社
株式会社Ｆ＆Ｍ,大阪府枚方市茄子作北町３６番４５－１号,2017-03-14,株式会社
株式会社ＦＡＭ,東京都港区芝浦４丁目１９番１－４４１６号,2017-03-14,株式会社
株式会社ＦＤＣ　ＪＡＰＡＮ,愛知県名古屋市名東区社台３丁目１２５番地,2017-03-14,株式会社
株式会社ＦＫＤホールディングス,神奈川県横浜市神奈川区西神奈川１丁目５番地７Ｅ１ＷｅＳＴ９０１号,2017-03-14,株式会社
株式会社ＦＬＡＳＨ,東京都渋谷区渋谷１丁目１０番２号志水ビル３Ｆ,2017-03-14,株式会社
株式会社ＦＲＩＥＤＥＮ　ＨＡＵＳ,千葉県市川市南八幡３丁目５番１６号,2017-03-14,株式会社
株式会社ＦＵＫＡＺＡＷＡ,北海道札幌市白石区本郷通４丁目北７番１５号,2017-03-14,株式会社
株式会社ＦＵＬＶＵＭ,島根県出雲市白枝町１０６７番地１,2017-03-14,株式会社
株式会社Ｆｉｂｏｎａｃｃｉ,東京都渋谷区渋谷１丁目８番１３号,2017-03-14,株式会社
株式会社Ｇ＆Ａ,福岡県福岡市博多区美野島２丁目７番２０号,2017-03-14,株式会社
株式会社Ｇｌｏｂａｌ　Ｎｕｒｓｉｎｇ　Ｅｄｕｃａｔｉｏｎ　ａｎｄ　Ｃｏｎｓｕｌｔａｔｉｏｎ,東京都港区港南１丁目９番３６号,2017-03-14,株式会社
株式会社ＨＭＴ－ＩＣＯＫ,兵庫県神戸市北区鈴蘭台南町２丁目１１番８号,2017-03-14,株式会社
株式会社ＨＯＰＥ,鹿児島県熊毛郡南種子町平山５００番地１３０,2017-03-14,株式会社
株式会社ＨＲ,福岡県福岡市中央区桜坂１丁目１４番１８号,2017-03-14,株式会社
株式会社ＨＹＰＥＲＩＯＮ,東京都港区南青山２丁目２番１５号,2017-03-14,株式会社
株式会社ＩＣＥ,東京都渋谷区恵比寿４丁目２８番５号,2017-03-14,株式会社
株式会社ＩＤＥＡ，Ｉｎｃ,愛知県名古屋市名東区亀の井３丁目６６番地,2017-03-14,株式会社
株式会社ＪＩＣ,千葉県四街道市和田２５番地８,2017-03-14,株式会社
株式会社ＪＱＣ,東京都千代田区神田小川町３丁目２８番２号,2017-03-14,株式会社
株式会社Ｊａｍｍｙ,東京都港区南青山２丁目２番１５号ウィン青山４３０,2017-03-14,株式会社
株式会社Ｋアシスト,京都府向日市物集女町燈篭前２－９２,2017-03-14,株式会社
株式会社Ｋリアルエステート,愛知県名古屋市瑞穂区柏木町２丁目４０番地,2017-03-14,株式会社
株式会社ＫＡＩＴＯ　ＷＯＲＬＤ,東京都港区芝２丁目８番１３号,2017-03-14,株式会社
株式会社ＫＪコーポレーション,神奈川県横浜市中区伊勢佐木町３丁目１０７番地１０,2017-03-14,株式会社
株式会社ＫＭＩ,東京都国分寺市南町３丁目２７番６号リーヴェＳＫ３０１号,2017-03-14,株式会社
株式会社ＫＴＭ,熊本県熊本市中央区京町１丁目１４番３１号,2017-03-14,株式会社
株式会社Ｋａｍｉｃｃ,茨城県下妻市五箇２４８番地２７,2017-03-14,株式会社
株式会社ＫｉｄｓＣａｎｎｏｎ,東京都中央区銀座７丁目１３番６号,2017-03-14,株式会社
株式会社ＬＥＧＡＲＥ,東京都港区元麻布３丁目１２番１号,2017-03-14,株式会社
株式会社Ｌａｎａｋｉｌａ,福岡県久留米市北野町仁王丸１４５番地,2017-03-14,株式会社
株式会社Ｍ’ｐｏｌｉｔｅ,東京都立川市西砂町５丁目６７番地の３２,2017-03-14,株式会社
株式会社Ｍプレゼンツ,東京都渋谷区代々木３丁目３３番７－３０３号,2017-03-14,株式会社
株式会社ＭＥＴ　ＡＳＳＥＴ　ＭＡＮＡＧＥＭＥＮＴ,愛知県名古屋市南区浜中町１丁目５番地,2017-03-14,株式会社
株式会社ＭＫ　Ｈｏｕｓｉｎｇ,東京都港区南麻布３丁目２０番１号麻布グリーンテラス５１９号,2017-03-14,株式会社
株式会社Ｍａｄｅ　ｉｎ　Ｈｏｋｋａｉｄｏ,北海道虻田郡倶知安町字山田１６７番地３,2017-03-14,株式会社
株式会社Ｍｉｎａ－ｓ　ｍｉｒｒｏｒ,東京都港区三田５丁目１番１２号,2017-03-14,株式会社
株式会社Ｍｙｄｒｅｓｓ,神奈川県横浜市中区初音町２丁目２６番地１－２０２号,2017-03-14,株式会社
株式会社Ｎ’ｓ　Ｗｏｒｋ,兵庫県川西市松が丘町１６番２号１０,2017-03-14,株式会社
株式会社ＮＡＢＥＴＵ,兵庫県明石市大久保町西島７６７番地の１リベール明石西江井ヶ島３０１号,2017-03-14,株式会社
株式会社ＮＩＢプランニング,東京都新宿区西新宿４丁目２８番１７号,2017-03-14,株式会社
株式会社ＮＹＣアシスタンス,東京都文京区本駒込２丁目２８番２８号,2017-03-14,株式会社
株式会社ＮＹＫ,広島県広島市佐伯区薬師が丘１丁目１０番８号,2017-03-14,株式会社
株式会社ＮｅｘｕｓＹ,東京都港区高輪２丁目１６番３８号－５０４,2017-03-14,株式会社
株式会社ＯｎｅＳｅｌｆ,東京都新宿区北新宿１丁目７－１８藤井ビル４階,2017-03-14,株式会社
株式会社Ｏｎｅｆｉｎｉｔｙ,東京都中央区湊３丁目８番１－２３０３号,2017-03-14,株式会社
株式会社Ｏｙｒａａ,東京都千代田区平河町２丁目１４番１２号ウエダビル３階,2017-03-14,株式会社
株式会社Ｐ．Ｋ．Ｋ,東京都豊島区雑司が谷３丁目１９番５号,2017-03-14,株式会社
株式会社Ｒｉｓｉｎｇ,大阪府大阪市城東区関目１丁目１４番２号,2017-03-14,株式会社
株式会社ＳＡＫＵＲＡ,大阪府寝屋川市池田東町２番１３号,2017-03-14,株式会社
株式会社ＳＣ．Ｌａｂ,東京都台東区浅草橋３丁目２９番３号,2017-03-14,株式会社
株式会社ＳＦオートサービス,兵庫県尼崎市東本町３丁目５３番地,2017-03-14,株式会社
株式会社ＳＪマリン,沖縄県沖縄市大里１丁目２３番６号,2017-03-14,株式会社
株式会社ＳＯ－ＴＡ,沖縄県宮古島市平良字西仲宗根１４９６番地３,2017-03-14,株式会社
株式会社ＳａＲａ,東京都中央区晴海２丁目３番３０－３４１８号,2017-03-14,株式会社
株式会社Ｓｏｕｔｈ,神奈川県横浜市南区宮元町２丁目３２睦ビル３０２,2017-03-14,株式会社
株式会社Ｓｕｇａｒ,滋賀県草津市野路７丁目１７番１号,2017-03-14,株式会社
株式会社Ｓｙｎｅｒｉｏ,東京都中央区日本橋２丁目２番３号ＲＩＳＨビルＵＣＦ４Ｆ,2017-03-14,株式会社
株式会社ＴＡＱＣＥＬ,茨城県高萩市東本町２丁目５８番地の２,2017-03-14,株式会社
株式会社ＴＥＮＳＥＩ,鹿児島県霧島市国分中央５丁目１３番８号,2017-03-14,株式会社
株式会社ＴＧ　Ａｓｓｅｔｓ　Ｍａｎａｇｅｍｅｎｔ,東京都港区赤坂６丁目１８番１１号,2017-03-14,株式会社
株式会社ＴＯＭＯＮＩ,和歌山県和歌山市堀止東１丁目２番２６号３階,2017-03-14,株式会社
株式会社ＴＲＥ,東京都中央区銀座３丁目８番１２号銀座ヤマトビル５階,2017-03-14,株式会社
株式会社ＴＲＯＮＧ－ＴＵＡＮ,東京都台東区浅草橋３丁目２０番１１号４階,2017-03-14,株式会社
株式会社Ｔｒｉｂａｌ　Ｔｒａｃｋ,東京都港区南青山２丁目２番１５号ＷｉｎＡｏｙａｍａビルＵＦＣ９階,2017-03-14,株式会社
株式会社Ｙ’ｓプロダクション,千葉県柏市光ケ丘２丁目２３番７３号,2017-03-14,株式会社
株式会社ｈａｃｈｉｋｉｎ,東京都港区芝４丁目１６番１号,2017-03-14,株式会社
株式会社ｍ・ｐｌａｎ,広島県福山市南手城町４丁目１４番３８号,2017-03-14,株式会社
株式会社ｏｋ‐ｃ,東京都江戸川区松本１丁目１０番１２号,2017-03-14,株式会社
江祥株式会社,長野県長野市大字鶴賀権堂町１４５０番地３,2017-03-14,株式会社
沖縄うるま一般社団法人,東京都港区虎ノ門３丁目２２番１０－２０１号,2017-03-14,その他の設立登記法人
津野板金株式会社,静岡県富士宮市三園平７６７番地,2017-03-14,株式会社
海栄合同会社,東京都足立区千住大川町２４番１２号,2017-03-14,合同会社
渡邊開発株式会社,福岡県北九州市八幡西区美原町８番８号,2017-03-14,株式会社
渡部電子制御株式会社,茨城県筑西市西方１７１７番地,2017-03-14,株式会社
満天星株式会社,福岡県福岡市城南区長尾２丁目３０番４－１０２号,2017-03-14,株式会社
特定非営利活動法人まこと,愛媛県松山市南久米町１４９番地５第６ゴトービル４０６号,2017-03-14,その他の設立登記法人
特定非営利活動法人みっしぇるくらぶ,茨城県牛久市南１丁目７番地７,2017-03-14,その他の設立登記法人
特定非営利活動法人伊豆高原ＢＡＳＥ,静岡県伊東市八幡野１１０３番地の８３,2017-03-14,その他の設立登記法人
特定非営利活動法人幸せのとんぼ,東京都文京区湯島２丁目２４番２－２０３号,2017-03-14,その他の設立登記法人
特定非営利活動法人日本アイグラスリサイクリングセンター,宮城県仙台市青葉区中央２丁目９番３４号,2017-03-14,その他の設立登記法人
特定非営利活動法人ｋｕｒａｓｕ,秋田県大館市十二所字町頭４９番地,2017-03-14,その他の設立登記法人
瑞希商事株式会社,東京都豊島区西池袋１丁目３１－５白井ビル３Ｆ,2017-03-14,株式会社
畑新田自治会,三重県いなべ市員弁町畑新田４４１番地１,2017-03-14,その他
社会保険労務士法人プログレス,山形県村山市中央２丁目２番４１号,2017-03-14,その他の設立登記法人
福田商事合同会社,愛知県名古屋市南区松下町３丁目１番地の４５,2017-03-14,合同会社
立富冨士株式会社,神奈川県南足柄市中沼３０３番地１,2017-03-14,株式会社
竜巧総業株式会社,神奈川県小田原市栢山１８９１番地１,2017-03-14,株式会社
竹内商事株式会社,福岡県北九州市小倉南区上吉田２丁目８番８号,2017-03-14,株式会社
絆心商事株式会社,京都府八幡市男山笹谷５番地－Ｄ１２－５０３,2017-03-14,株式会社
興誠金属株式会社,千葉県千葉市若葉区中野町１４４１－２,2017-03-14,株式会社
越後合同会社,千葉県千葉市中央区松波１丁目７番５号,2017-03-14,合同会社
農事組合法人こだわり農場,秋田県南秋田郡大潟村字西３丁目４番地１８,2017-03-14,その他の設立登記法人
農事組合法人二ッ谷ファクトリー,岩手県胆沢郡金ケ崎町永沢高田２０番地,2017-03-14,その他の設立登記法人
農事組合法人八ヶ岳キングダム,長野県諏訪郡原村１０４０８番地７,2017-03-14,その他の設立登記法人
関が丘まちづくり協議会,岩手県一関市関が丘１６－１,2017-03-14,その他
青大商事株式会社,静岡県静岡市葵区籠上１２番２０－５０３号,2017-03-14,株式会社
飯塚クラウンアセットマネジメント株式会社,埼玉県川口市戸塚３丁目２９番１０号コスモ川口戸塚けやき通り１０７号,2017-03-14,株式会社
高橋農場株式会社,北海道河東郡士幌町字士幌東１線１３７番地,2017-03-14,株式会社
高浜ソーイング株式会社,愛知県高浜市田戸町２丁目１番地２７,2017-03-14,株式会社
鳥居平農事實行組合,滋賀県蒲生郡日野町大字鳥居平２４８番地,2017-03-14,その他の設立登記法人
ＡＪＴ合同会社,大阪府大阪市住之江区西加賀屋２丁目１３番１３号２Ｆ,2017-03-14,合同会社
ＡＬＩＳＡ株式会社,東京都葛飾区亀有５丁目４６番１－１００３号コスモ亀有５,2017-03-14,株式会社
ＡＳＩＳ株式会社,東京都中央区日本橋大伝馬町３番１１号パインランドビル５Ｆ,2017-03-14,株式会社
Ａｇｅ　ｏｆ　Ｌｅａｒｎｉｎｇ　Ｊａｐａｎ株式会社,東京都港区南麻布３丁目１９番２３号オーク南麻布ビル２階,2017-03-14,株式会社
ＢＨＡＴＢＨＡＴＥＮＩ株式会社,東京都足立区栗原１丁目１２番２２号,2017-03-14,株式会社
ＢＲＡＮＤＭＡＳＴＥＲ　ＪＡＰＡＮ合同会社,東京都港区高輪１丁目５番５０号,2017-03-14,合同会社
ＣＡＴＦＩＳＨ鯰魚株式会社,沖縄県那覇市前島３丁目２５番２号泊ポートビル１階,2017-03-14,株式会社
ＣＯＳＡ　ＴＲＡＤＩＮＧ株式会社,東京都港区芝浦３丁目６番７号板硝子会館３階,2017-03-14,株式会社
Ｃｒｅａｔｉｎｇ　Ｖａｌｕｅ株式会社,福岡県福岡市博多区博多駅東２丁目１６番１９号,2017-03-14,株式会社
ＤＹＮＡＭＩＣ　ＧＡＭＥＳ　ＭＡＣＡＵ　ＬＩＭＩＴＥＤ,東京都荒川区西日暮里２丁目２５番１－７０２号,2017-03-14,外国会社等
ＤｉＬａｎｄ　Ｔｅｃ株式会社,千葉県松戸市新松戸６丁目１１６番地メゾンカネベル１０５号,2017-03-14,株式会社
ＤｗＳ株式会社,東京都調布市染地３丁目１番地１０５０,2017-03-14,株式会社
Ｆ－ＲＥＮＴＥＣ　株式会社,東京都新宿区高田馬場１丁目３１番８－９１０号,2017-03-14,外国会社等
ＧＡＲＡＧＥ１０４株式会社,兵庫県尼崎市次屋３丁目６番１５号,2017-03-14,株式会社
ＧＳＳＧ　Ｓｏｌａｒ　Ｊａｐａｎ　Ａｓｓｅｔ　Ｍａｎａｇｅｍｅｎｔ合同会社,東京都港区高輪１丁目３番１３号ＮＢＦ高輪ビル７階,2017-03-14,合同会社
Ｇｉｇａｎｔｉｃ　Ｔｅｃｈｎｏｌｏｇｉｅｓ株式会社,東京都渋谷区東２丁目２０－１６,2017-03-14,株式会社
Ｇｌｏｂａｌ　Ａｃｃｅｌｅｒａｔｏｒ株式会社,東京都港区芝１丁目１５番１３号,2017-03-14,株式会社
ＨＡＮＺＯ合同会社,東京都中央区新川１丁目１７番１８号,2017-03-14,合同会社
ＨＡＰＰＹ．ＢＬＥＮＤ株式会社,岡山県岡山市南区藤田５２７番地５０,2017-03-14,株式会社
Ｈｉｋ　Ｐｏｌｙｍｅｒ　Ｒｅｓｅａｒｃｈ株式会社,新潟県長岡市川崎１丁目２６６０番地プレジール川崎３０２号室,2017-03-14,株式会社
Ｈｕｎｔｓｍａｎ　Ｊａｐａｎ株式会社,東京都武蔵野市西久保３丁目４番１３号,2017-03-14,株式会社
Ｊ．Ｓ．ＥＮＴＥＲＰＲＩＳＥＳ,神奈川県藤沢市長後６１９番地ブルーハイツＡ２０１,2017-03-14,外国会社等
ＪＡＹＡ　ＫＡＬＩ合同会社,東京都荒川区西日暮里５丁目２１番６号,2017-03-14,合同会社
ＪＴＳ合同会社,神奈川県横浜市金沢区富岡東１丁目１９－１４－３１０,2017-03-14,合同会社
Ｋ　Ｋ　ＴＲＡＤＩＮＧ合同会社,千葉県千葉市花見川区千種町３３０番地２０－１号室,2017-03-14,合同会社
Ｋクラウン合同会社,東京都千代田区一番町１６番地５－３Ｆ,2017-03-14,合同会社
ＫＩＰ合同会社,神奈川県川崎市中原区宮内４丁目１２番１６－３０５号,2017-03-14,合同会社
ＫＵＲＯＯＢＩ株式会社,東京都中央区八丁堀３丁目１９番９号京橋第６長岡ビル２Ｆ,2017-03-14,株式会社
Ｋｅｌｌｙ　Ｓｌａｔｅｒ　Ｗａｖｅ　Ｃｏ　Ｊａｐａｎ合同会社,東京都新宿区揚場町１番１８号飯田橋ビル,2017-03-14,合同会社
Ｋｉｔａｓａｎｄｏ　Ｄｅｖｅｌｏｐｍｅｎｔ特定目的会社,東京都千代田区霞が関３丁目２番６号東京倶楽部ビルディング１１階,2017-03-14,その他の設立登記法人
Ｋｏｋｏｒｏ　Ｄｅｖｅｌｏｐｍｅｎｔ一般社団法人,東京都千代田区丸の内３丁目１番１号東京共同会計事務所内,2017-03-14,その他の設立登記法人
ＬＩＮＫ株式会社,大阪府大阪市中央区瓦屋町３丁目７番１３号,2017-03-14,株式会社
ＬｉｎｅＭｏｎｅｙ　Ｊａｐａｎ株式会社,東京都中央区勝どき５丁目３番１－５３０９号,2017-03-14,株式会社
Ｍ．Ａ．Ｇ株式会社,東京都港区六本木７丁目１１番９号ミッドタウンＭビル２階,2017-03-14,株式会社
ＭＯＣＨＩ國際株式会社,東京都港区三田１丁目２番１８号ＴＴＤビル,2017-03-14,株式会社
ＭＵＳＨ株式会社,大阪府大阪市東淀川区東中島１丁目１４番３０号エスリード新大阪１００４号室,2017-03-14,株式会社
ＮＡＢコンサルティング株式会社,東京都中央区京橋１丁目５番５号,2017-03-14,株式会社
ＮＩＳ株式会社,茨城県龍ケ崎市若柴町２２４０番地８９９,2017-03-14,株式会社
ＮＰＯ法人認知症予防サポートげんきの森,愛媛県松山市道後樋又４番２１号,2017-03-14,その他の設立登記法人
ＮｅｏＥｄｕ株式会社,東京都港区西麻布３丁目５番５－２０４号,2017-03-14,株式会社
ＯＪホールディングス株式会社,東京都新宿区新宿６丁目２７番２９－２１０５号,2017-03-14,株式会社
ＯＬＤ　ＲＩＶＥＲ株式会社,埼玉県さいたま市緑区東浦和３丁目１０番地２,2017-03-14,株式会社
ＲＮＰ　ＥＮＴＥＲＰＲＩＳＥＳ合同会社,千葉県千葉市美浜区幸町１丁目１８番１号２Ｆ,2017-03-14,合同会社
ＳＢＯＮＤ合同会社,東京都日野市大阪上一丁目３２番地の５,2017-03-14,合同会社
ＳＭＧ合同会社,東京都港区南青山２丁目２９番６－２０１号,2017-03-14,合同会社
ＳＰＥＳ　Ｍｅｒｃｈａｎｔ　ＬＡＢ合同会社,愛知県名古屋市中区栄３丁目２番３号名古屋日興證券ビル４階,2017-03-14,合同会社
ＳＵＳＴＥＮＡ　ＩＮＣ．,,2017-03-14,外国会社等
Ｓｉｎｏ‐Ｊａｐａｎ株式会社,埼玉県川口市西川口１丁目９番４－５０３号西川口三光ビル,2017-03-14,株式会社
Ｓｏｐｈｉａ　Ｂｌｉｓｓ株式会社,北海道上川郡東川町北町１丁目２番９号,2017-03-14,株式会社
ＴＨＳ株式会社,愛知県名古屋市西区上名古屋４丁目８番２０号,2017-03-14,株式会社
ＴＫＡＳＨ株式会社,沖縄県浦添市字経塚６７６番地,2017-03-14,株式会社
ＴＭｏｎｅトラストホールディングス株式会社,東京都港区南青山１丁目３番１号パークアクシス青山一丁目タワー１０１４号,2017-03-14,株式会社
ＴＲＵＳＴＹ不動産株式会社,東京都新宿区大久保１丁目２９７番地４,2017-03-14,株式会社
Ｔｈｒｅｅ　Ｐｉｅｃｅ株式会社,岐阜県中津川市阿木２４８６番地,2017-03-14,株式会社
ＷＫＰ株式会社,大阪府池田市神田３丁目１１番１３号,2017-03-14,株式会社
Ｗｅｅｋｅｎｄ株式会社,福岡県福岡市中央区港２丁目１１番２３号,2017-03-14,株式会社
Ｗｉｚａｒｄｓ合同会社,東京都千代田区神田佐久間町３丁目２１番５号ヒガシカンダビル３０７号,2017-03-14,合同会社
ａｓｓｅｔ　ａｘｉｓ合同会社,埼玉県吉川市大字保８２９番地９,2017-03-14,合同会社
ｃａｎｄｙ　ｓｃｈｏｏｌ株式会社,東京都港区芝浦１丁目６番４１－１７１８号,2017-03-14,株式会社
ｏｎｅ’ｓ合同会社,東京都新宿区歌舞伎町２丁目２２番８－４Ａ号,2017-03-14,合同会社
おもてなしたたみ株式会社,北海道札幌市清田区真栄四条１丁目２番３号,2017-03-15,株式会社
お嬢様聖水ジャパン株式会社,三重県鈴鹿市野町西３丁目１番６号,2017-03-15,株式会社
そのもの株式会社,福岡県福岡市博多区博多駅前２丁目１９番１７号,2017-03-15,株式会社
ふくしあ株式会社,熊本県熊本市東区花立５丁目１番３９号,2017-03-15,株式会社
まるい林産株式会社,島根県出雲市船津町３６３番地,2017-03-15,株式会社
みらいアーク株式会社,千葉県浦安市高洲４丁目３番１－４０５号プラウド新浦安,2017-03-15,株式会社
やさいバス株式会社,静岡県菊川市堀之内１１０番地の１,2017-03-15,株式会社
りゅうはん株式会社,沖縄県那覇市首里石嶺町４丁目１番地７（１０１）,2017-03-15,株式会社
アップライフ株式会社,東京都台東区谷中２丁目２番１１号,2017-03-15,株式会社
アンジャナエンタープライズ合同会社,千葉県柏市布施７１３番地１,2017-03-15,合同会社
アンビルエムイー株式会社,埼玉県入間郡三芳町大字藤久保５２６番地１,2017-03-15,株式会社
アールエステート株式会社,大阪府大阪市北区大淀南１丁目３番５,2017-03-15,株式会社
イマージェンス合同会社,神奈川県横浜市港南区港南６丁目１０番５－３０７号,2017-03-15,合同会社
ウエルエステート合同会社,青森県三戸郡階上町大字赤保内字柳沢１５番地２１１,2017-03-15,合同会社
ウォームスプロダクション株式会社,埼玉県川越市新富町１丁目９番地３リジエールエフビル２階,2017-03-15,株式会社
エスプラス商事合同会社,大阪府大阪市生野区中川東２丁目１６番４号生野コーポ４０９号,2017-03-15,合同会社
エマコンサルタント合同会社,東京都江戸川区西葛西２丁目２０番１０号,2017-03-15,合同会社
オーバーシーズ株式会社,東京都千代田区麹町３丁目３番地麹町スクエアビル３階,2017-03-15,株式会社
ガウェイン・リアルエステート合同会社,東京都千代田区有楽町１丁目９番４号,2017-03-15,合同会社
キャナルペイメントサービス株式会社,東京都江東区豊洲１丁目１番１号,2017-03-15,株式会社
クィル・アンカ株式会社,神奈川県横浜市金沢区富岡東１丁目２４番１３号,2017-03-15,株式会社
グッドジョー株式会社,神奈川県横浜市都筑区中川１丁目４番１号,2017-03-15,株式会社
グッドビレッジ株式会社,千葉県木更津市文京２丁目４番５号,2017-03-15,株式会社
コアシ測量設計株式会社,滋賀県長浜市南高田町１１０番地,2017-03-15,株式会社
サイエンス株式会社,神奈川県相模原市南区磯部１９５９番地１０,2017-03-15,株式会社
サンクタス株式会社,東京都杉並区高円寺南４丁目２２番１号中村ビル３階,2017-03-15,株式会社
サンライズ合同会社,神奈川県横浜市中区野毛町１丁目５番地港興産ビル１号館２階１３０号室,2017-03-15,合同会社
ザ・サザンクロス合同会社,東京都品川区大井４丁目２４番１３号,2017-03-15,合同会社
シマザキビルヂング株式会社,東京都立川市羽衣町２丁目６１番２０号,2017-03-15,株式会社
ジャパンフードファクトリー株式会社,大阪府茨木市永代町７番２２号,2017-03-15,株式会社
セキュリティゲート株式会社,東京都中野区中野４丁目１番１号,2017-03-15,株式会社
ソリッド合同会社,北海道札幌市北区篠路町上篠路６４番地２１,2017-03-15,合同会社
チーム２°Ｃおおいた協議会,大分県大分市大字横尾３９０３－５,2017-03-15,その他
テトラ株式会社,宮城県仙台市青葉区一番町１丁目７番地の１２,2017-03-15,株式会社
ニューワールド合同会社,東京都小金井市緑町３丁目３番２１－１０６号ライオンズテラス武蔵小金井,2017-03-15,合同会社
ハイマックス株式会社,京都府京都市左京区岩倉南四ノ坪町５０－４,2017-03-15,株式会社
ハミングバード・ソリューション合同会社,大阪府岸和田市南町５１番３号,2017-03-15,合同会社
パシフィック南３条管理組合法人,北海道札幌市中央区南三条東２丁目１番地,2017-03-15,その他の設立登記法人
ビーリレーション株式会社,千葉県千葉市中央区富士見２丁目１５番１号ワラビビル４Ｆ,2017-03-15,株式会社
ファームリー合同会社,埼玉県春日部市南１丁目２１番１４号２０１号,2017-03-15,合同会社
フォトリサーチ株式会社,東京都台東区浅草橋１丁目７番３－５０１,2017-03-15,株式会社
ブルズアイ合同会社,千葉県千葉市稲毛区稲毛東１丁目９番２５号,2017-03-15,合同会社
ブルーインパクト株式会社,富山県富山市下新町１３番１８号,2017-03-15,株式会社
プレミアワールドワイドインベストメンツリミテッド,東京都渋谷区恵比寿西１丁目３６－２ＴＨＥ　ＣＯＮＯＥ　代官山９０８,2017-03-15,外国会社等
プレミール商事株式会社,大阪府堺市中区土師町２丁１６番２２号,2017-03-15,株式会社
ベルウッド合同会社,埼玉県越谷市宮前１丁目２番地１,2017-03-15,合同会社
マナビエ株式会社,東京都渋谷区上原１丁目３２番１８号小林ビル４階,2017-03-15,株式会社
ミホレル工務店合同会社,兵庫県淡路市育波２８６番地７,2017-03-15,合同会社
ライデン株式会社,東京都板橋区蓮沼町６９番６－１０１号,2017-03-15,株式会社
ランドハウス株式会社,東京都千代田区神田神保町１丁目４４番地,2017-03-15,株式会社
リアルエステートジャパン株式会社,福岡県福岡市南区南大橋１丁目２６番２８号,2017-03-15,株式会社
リバイバルセンターチャーチ,東京都八王子市越野１－７,2017-03-15,その他
リフォーム工房たか株式会社,北海道札幌市西区二十四軒四条３丁目４番３５－６２２号,2017-03-15,株式会社
レディアス合同会社,大阪府大阪市西淀川区御幣島６丁目１１番４６号御幣島グリーンマンション１００５号,2017-03-15,合同会社
ワンスモア株式会社,東京都板橋区舟渡３丁目２８番１０号,2017-03-15,株式会社
ヴァロック・ジャパン株式会社,東京都杉並区松庵１丁目１８番１０号パティオ・ハウス２,2017-03-15,株式会社
ヴァン・ラール・ピーター・ツーストラップ日本駐在員事務所,東京都港区麻布十番１丁目５－３０十番董友ビル　株式会社　中島董商店　麻布事務所内,2017-03-15,外国会社等
ヴィーダソリューションサービス株式会社,東京都江東区亀戸６丁目８番３号,2017-03-15,株式会社
一般社団法人オープンイノベーションラボ,京都府京都市左京区吉田中阿達町３７番地３,2017-03-15,その他の設立登記法人
一般社団法人カフェ会協会,東京都港区芝浦４丁目２０番２－３４１６号,2017-03-15,その他の設立登記法人
一般社団法人グラフィックファシリテーション協会,東京都杉並区桃井２丁目１９番８号プレサンスロジェ荻窪桃井３１４,2017-03-15,その他の設立登記法人
一般社団法人コアラサービス,香川県高松市松並町１００７番地４,2017-03-15,その他の設立登記法人
一般社団法人ヘルスケアパートナーズネットワーク,鹿児島県鹿児島市南林寺町２番１号ツインプラザ１Ｆ,2017-03-15,その他の設立登記法人
一般社団法人ワンフォーオール,埼玉県戸田市笹目８丁目１０番２３号,2017-03-15,その他の設立登記法人
一般社団法人古民家再生協会福島,福島県郡山市芳賀１丁目１６番１号,2017-03-15,その他の設立登記法人
一般社団法人国際瞑想ヨガ文化連盟,福岡県福岡市中央区大名２丁目４番５号１階,2017-03-15,その他の設立登記法人
一般社団法人日中高齢者産業協会,大阪府大阪市城東区東中浜７丁目２番２１号,2017-03-15,その他の設立登記法人
一般社団法人日本ドイツワイン協会連合会,東京都千代田区麹町２丁目８番地１リリーベル麹町サーモス２０２号,2017-03-15,その他の設立登記法人
一般社団法人日本山野草ネットワーク,愛知県春日井市中切町１４５番地,2017-03-15,その他の設立登記法人
一般社団法人社労士成年後見センター岡山,岡山県岡山市北区野田屋町２丁目１１番１３号旧岡山あおば生命ビル７Ｆ,2017-03-15,その他の設立登記法人
一般社団法人聖凰,岡山県岡山市南区洲崎２丁目１４番１９号,2017-03-15,その他の設立登記法人
一般社団法人隆成会,佐賀県唐津市大名小路３０８番地８,2017-03-15,その他の設立登記法人
一般社団法人Ｂｉｒｄｓｏｎｇ,山梨県山梨市小原西９６８番地６鶴田ビル２階,2017-03-15,その他の設立登記法人
一般社団法人Ｃ－Ａｄｖａｎｃｅ,大阪府大阪市天王寺区四天王寺１丁目１０番１７号,2017-03-15,その他の設立登記法人
一般社団法人ＣＳＩＲＴトレーニングセンター,東京都中央区東日本橋２丁目２８番４号日本橋ＣＥＴビル２階,2017-03-15,その他の設立登記法人
一般社団法人ＨＩＵ九州沖縄,福岡県福岡市博多区博多駅前１丁目２１番２０号,2017-03-15,その他の設立登記法人
一般社団法人ＩＣＯＯ会,福岡県福岡市中央区六本松２丁目２番６号,2017-03-15,その他の設立登記法人
一般社団法人Ｊａｐａｎ　Ｓｐｏｒｔｓ　Ｈｕｂ,東京都新宿区新宿７丁目２６番地７号ピクセル新宿１Ｆ,2017-03-15,その他の設立登記法人
一般財団法人日新電機グループ社会貢献基金,京都府京都市右京区梅津高畝町４７番地,2017-03-15,その他の設立登記法人
一般財団法人日本雅楽協会,兵庫県神戸市中央区割塚通２丁目２番４号,2017-03-15,その他の設立登記法人
一般財団法人ＭｉｃｒｏＩｎｎｏｖａｔｉｏｎ財団,東京都新宿区新宿４丁目３番１７号,2017-03-15,その他の設立登記法人
万華株式会社,東京都荒川区荒川３丁目１５番８号,2017-03-15,株式会社
三宝建設株式会社,和歌山県和歌山市有本１６４番地３Ｒｉｃｈ＆Ｆｏｒｃｅ有本３０１号,2017-03-15,株式会社
三琴苑株式会社,神奈川県川崎市多摩区西生田３丁目１０番７号,2017-03-15,株式会社
三禾株式会社,大阪府堺市西区浜寺石津町中１丁７番３８－１０４,2017-03-15,株式会社
中央ヶ丘自治会,三重県いなべ市大安町中央ヶ丘３丁目２９７１－３６９,2017-03-15,その他
九州自動ドアサービス株式会社,長崎県長崎市諏訪町８番３０号,2017-03-15,株式会社
住宅ローンの窓口株式会社,東京都港区西新橋３丁目２４番５号,2017-03-15,株式会社
北大阪物流株式会社,大阪府吹田市岸部北３丁目２２番５号,2017-03-15,株式会社
医療法人いつかいち駅前内科,広島県広島市佐伯区五日市駅前１丁目５番１８－４０１号,2017-03-15,その他の設立登記法人
医療法人すぎたクリニック,広島県広島市安佐南区祇園３丁目５番１１号,2017-03-15,その他の設立登記法人
医療法人なかの内科消化器内科クリニック,北海道札幌市南区川沿十四条２丁目１番３号,2017-03-15,その他の設立登記法人
医療法人みしま内科クリニック,宮崎県北諸県郡三股町大字樺山字中原５０３６番地５,2017-03-15,その他の設立登記法人
医療法人わかば歯科・小児歯科,福岡県福岡市東区御島崎２丁目２番４１号,2017-03-15,その他の設立登記法人
医療法人愛翔,山口県周南市上遠石町１１番５１号,2017-03-15,その他の設立登記法人
医療法人社団ハクスイ,東京都中野区南台２丁目５１番８号グランルージュ中野南台１階,2017-03-15,その他の設立登記法人
医療法人社団啓進会,北海道恵庭市黄金南５丁目３番地８,2017-03-15,その他の設立登記法人
医療法人社団守心会,長野県長野市大字鶴賀字河原３１４番地,2017-03-15,その他の設立登記法人
医療法人社団忠州会,東京都江東区永代２丁目３７番２２号永代クリニックビル１階,2017-03-15,その他の設立登記法人
医療法人社団笑和会,東京都千代田区神田駿河台３丁目１１番１号三井住友海上駿河台新館ビル地下１階,2017-03-15,その他の設立登記法人
医療法人社団銀座メディカルデンタルクリニック,東京都中央区銀座７丁目４番１３号銀座メディカルビルＡＮＮＥＸ１階,2017-03-15,その他の設立登記法人
医療法人社団高野整形外科,東京都中野区弥生町４丁目１８番７号１階,2017-03-15,その他の設立登記法人
医療法人社団ＭＨＣ,東京都三鷹市井の頭２丁目１番１７号石伊ビル弐２０２,2017-03-15,その他の設立登記法人
医療法人紫陽,福岡県福岡市早良区原６丁目２９番３９号,2017-03-15,その他の設立登記法人
医療法人緑新会,栃木県宇都宮市平出町４００番地８,2017-03-15,その他の設立登記法人
友康株式会社,兵庫県加西市北条町東南９０番地,2017-03-15,株式会社
合同会社あかつきケア,千葉県船橋市田喜野井３丁目１３番１７号,2017-03-15,合同会社
合同会社さじ振興,鳥取県鳥取市佐治町津野３６４番地,2017-03-15,合同会社
合同会社みと,岐阜県岐阜市蔵前５丁目２番８号,2017-03-15,合同会社
合同会社アドラー,神奈川県横浜市中区尾上町６丁目８７番地１,2017-03-15,合同会社
合同会社アンフィールド,埼玉県さいたま市浦和区岸町４丁目９番６号,2017-03-15,合同会社
合同会社アースロー美容企画,東京都杉並区宮前４丁目１０番５号ウイング宮前２０２,2017-03-15,合同会社
合同会社イズイズム,熊本県熊本市東区山ノ内１丁目１番１００号,2017-03-15,合同会社
合同会社エトピリカ,北海道札幌市西区山の手三条９丁目３番２１号,2017-03-15,合同会社
合同会社オンサイド,東京都世田谷区桜丘１丁目１４番１１号,2017-03-15,合同会社
合同会社オーシャンデイズ,北海道積丹郡積丹町大字美国町字船澗５０番地,2017-03-15,合同会社
合同会社グランドシティ,東京都豊島区東池袋１丁目３４番５号－６Ｆ,2017-03-15,合同会社
合同会社グロスター東京,東京都品川区南品川２丁目８番２４号,2017-03-15,合同会社
合同会社ジェイバーゾ,北海道札幌市中央区宮ケ丘１丁目１番１１号,2017-03-15,合同会社
合同会社スプラウト,埼玉県戸田市喜沢１丁目２４番地の１５,2017-03-15,合同会社
合同会社セントラルフーズ,東京都中央区日本橋人形町２丁目３番４号第三ロータリービル５Ｆ,2017-03-15,合同会社
合同会社ツカサ,東京都中野区東中野１丁目１３番２１号,2017-03-15,合同会社
合同会社ティーズレイ,北海道札幌市中央区南二条東３丁目７番地１,2017-03-15,合同会社
合同会社ネクストステージ,東京都練馬区豊玉北５丁目２２番２号,2017-03-15,合同会社
合同会社ノルン,北海道岩見沢市南町二条１丁目４番１５号,2017-03-15,合同会社
合同会社ヒロジオメトリ,東京都目黒区中目黒４丁目１６番７号ガーデンハウス中目黒１０２,2017-03-15,合同会社
合同会社フォーリーフ,東京都港区北青山２丁目７番２０号猪瀬ビル２Ｆ,2017-03-15,合同会社
合同会社プライム企画,東京都台東区寿３丁目９番３号丸大自動車本社ビル２Ｆ－７,2017-03-15,合同会社
合同会社プリメロ・プリメーラ,兵庫県神戸市中央区小野柄通３丁目２番１９－２０３号,2017-03-15,合同会社
合同会社ペイフォワード,東京都杉並区永福３丁目５７番１８号ＭＲビル２Ｆ,2017-03-15,合同会社
合同会社マジカル・ピエロ,大阪府大阪市北区梅田１丁目１－３大阪駅前第３ビル２３０７,2017-03-15,合同会社
合同会社ミロ・コーポレーション,東京都渋谷区広尾４丁目１番３２－２０６号,2017-03-15,合同会社
合同会社ヤスダミハーレ,千葉県松戸市八ケ崎７丁目３９番地の５,2017-03-15,合同会社
合同会社ヤマペン,富山県南砺市才川七１７２７番地１,2017-03-15,合同会社
合同会社ルシェノン,広島県広島市南区比治山町１番１９号,2017-03-15,合同会社
合同会社ロア,東京都練馬区大泉町１丁目２９番７号メゾネット・エヌ２号室,2017-03-15,合同会社
合同会社佑理庵,宮崎県宮崎市生目台東４丁目２２番地２,2017-03-15,合同会社
合同会社保健指導センター南城,沖縄県南城市玉城字前川１６５番地,2017-03-15,合同会社
合同会社北東農耕,北海道厚岸郡浜中町厚陽１５１番地,2017-03-15,合同会社
合同会社北港インベスト,東京都千代田区平河町１丁目６番１５号シルスフィア会計事務所内,2017-03-15,合同会社
合同会社土佐コンパニオン,高知県高知市鷹匠町１丁目３番８号,2017-03-15,合同会社
合同会社平和商会,東京都板橋区徳丸１丁目２４－１２,2017-03-15,合同会社
合同会社康信,東京都港区六本木４丁目３番１１号六本木ユニハウス２２３号,2017-03-15,合同会社
合同会社松島架設,新潟県新潟市東区東明７丁目６番地１４,2017-03-15,合同会社
合同会社笹嘉,北海道札幌市東区北二十条東１９丁目１番１１号,2017-03-15,合同会社
合同会社結南企画,沖縄県宜野湾市宜野湾３丁目１番３－２０１号,2017-03-15,合同会社
合同会社羽衣通商,大阪府高石市東羽衣３丁目８番２８号,2017-03-15,合同会社
合同会社芦屋Ｂ．Ｅ．Ａ．,兵庫県芦屋市朝日ケ丘町６番２１－２０４号,2017-03-15,合同会社
合同会社ＡＲＥＡ－Ｋ,東京都江戸川区中葛西１丁目４９番１２号,2017-03-15,合同会社
合同会社ＥＸＴＡＮＴ,東京都港区六本木３丁目１４番１４号３１４ビル３階,2017-03-15,合同会社
合同会社ＨＳＫ,東京都大田区大森本町２丁目３２番１０号,2017-03-15,合同会社
合同会社ＩＭＣ,滋賀県守山市梅田町２番１－１３０８号,2017-03-15,合同会社
合同会社ＩＮＦＩＮＩＴＹ　ＥＸＰＡＮＳＩＯＮ,大阪府大東市三箇１丁目２１番１９号,2017-03-15,合同会社
合同会社ＩＴＳＵＫＩ,大阪府岸和田市土生町２丁目２５番８－３０１号,2017-03-15,合同会社
合同会社ＫＭヴィジョン,東京都江東区豊洲３丁目６番８－２８０９号,2017-03-15,合同会社
合同会社ＫＳプランニング,群馬県太田市飯田町７８３番地イエロートータスビル３０３,2017-03-15,合同会社
合同会社Ｌ　ｃｏｍｐａｎｙ,東京都練馬区関町東１丁目１７番２９号,2017-03-15,合同会社
合同会社ＳＨＩＧＡ,静岡県磐田市岡１００８番地５プランドール１０１,2017-03-15,合同会社
合同会社ＳＴＳ,長崎県長崎市平和町４番１９号,2017-03-15,合同会社
合同会社ＳＵＣＣＥＥＤ,千葉県千葉市花見川区幕張本郷７丁目３５番１２号,2017-03-15,合同会社
合同会社ＴＡＫＡＲＡ,熊本県熊本市東区江津１丁目３０番３３号,2017-03-15,合同会社
合同会社ＴＨＲＥＥ　ＭＡＲＫＳ,東京都港区赤坂３丁目４番９号５階,2017-03-15,合同会社
合同会社Ｙａｎａｘ,長野県下伊那郡喬木村阿島８０７番地,2017-03-15,合同会社
合同会社ｎｏｂｏｄｙ,埼玉県川口市桜町６丁目１０番２５号,2017-03-15,合同会社
合同会社ｔｅｌａ,東京都町田市成瀬が丘３丁目１７３９番地５,2017-03-15,合同会社
合同会社ｖｉｎ　ｌｅ　ｒｉｚ,東京都世田谷区三軒茶屋２丁目１３番１０号,2017-03-15,合同会社
合同自動車有限会社,東京都豊島区池袋本町２丁目１番３号,2017-03-15,有限会社
吉澤工業株式会社,神奈川県横浜市鶴見区上末吉５丁目２８番８号,2017-03-15,株式会社
城吉建設株式会社,宮城県仙台市青葉区国分町３丁目５番７号,2017-03-15,株式会社
多和井合同会社,東京都品川区中延５丁目１０番１０号,2017-03-15,合同会社
大槻合同会社,東京都墨田区錦糸４丁目９番２号,2017-03-15,合同会社
大翔企画株式会社,東京都江戸川区西葛西６丁目１７番６－８０３号エイトジャパンシーダ,2017-03-15,株式会社
大都メディカル株式会社,東京都豊島区北大塚３丁目３４番１号,2017-03-15,株式会社
天杢工業合同会社,群馬県高崎市芝塚町１９０６番地６,2017-03-15,合同会社
太陽合同会社,東京都港区赤坂７丁目５番２７－１０３号,2017-03-15,合同会社
姫路船場無盡株式会社,兵庫県姫路市南町１０番地,2017-03-15,株式会社
宮城県医師会互助会,宮城県仙台市青葉区大手町１番５号宮城県医師会内,2017-03-15,その他
新潟県民電力株式会社,新潟県新潟市中央区万代島５番１号,2017-03-15,株式会社
方信株式会社,千葉県館山市那古７０１番地２２,2017-03-15,株式会社
日宗消防設備合同会社,佐賀県唐津市肥前町星賀乙８６３番地２,2017-03-15,合同会社
日本バイオガスデベロップメント株式会社,東京都千代田区内幸町２丁目２番２号富国生命ビル１２階渥美坂井法律事務所内,2017-03-15,株式会社
日本介護研修サービス株式会社,東京都中央区銀座７丁目１３番６号,2017-03-15,株式会社
日本小児リウマチ学会,東京都文京区千駄木１丁目１－５日本医科大学付属病院小児科,2017-03-15,その他
日申株式会社,大阪府大阪市北区天神橋３丁目８番９号新末広ビル８０１,2017-03-15,株式会社
明智工業株式会社,愛媛県松山市土居田町５８８番地１サーパス土居田西１０５号,2017-03-15,株式会社
星瑞合同会社,東京都足立区千住中居町１９番１０号,2017-03-15,合同会社
智航株式会社,東京都荒川区西日暮里１丁目３２番３号,2017-03-15,株式会社
有限会社菌床冨岡,愛媛県喜多郡内子町中田渡２８６番地,2017-03-15,有限会社
本町１丁目町会,東京都八王子市本町５－８,2017-03-15,その他
東翔資産管理株式会社,福岡県福岡市東区香椎照葉１丁目１番２９号,2017-03-15,株式会社
染谷アセットマネジメント株式会社,千葉県千葉市中央区東千葉３丁目１番８号,2017-03-15,株式会社
柳屋株式会社,神奈川県横浜市旭区川井宿町７番地１３,2017-03-15,株式会社
株式会社いちもと,埼玉県吉川市中曽根２丁目１４番地８,2017-03-15,株式会社
株式会社うおはん,東京都世田谷区用賀２丁目３８番１２号,2017-03-15,株式会社
株式会社えとでん,兵庫県神戸市東灘区御影塚町４丁目７番１１号,2017-03-15,株式会社
株式会社じゃがいも,愛知県岡崎市寿町１３番地１３,2017-03-15,株式会社
株式会社ばんばん,岡山県岡山市北区天瀬２番２１号（２Ｆ）,2017-03-15,株式会社
株式会社ひかり,鳥取県鳥取市湖山町北１丁目５１５番地１,2017-03-15,株式会社
株式会社ふらり,東京都東村山市栄町３丁目３６番地１１－２１０号,2017-03-15,株式会社
株式会社まるやま農産,長野県北安曇郡松川村２４２８番地,2017-03-15,株式会社
株式会社まる味屋珈琲店,熊本県熊本市南区合志４丁目２番３号,2017-03-15,株式会社
株式会社アイアップホールディングス,神奈川県横浜市西区北幸２丁目９番３０号,2017-03-15,株式会社
株式会社アイアール,東京都杉並区天沼２丁目５番２３号,2017-03-15,株式会社
株式会社アイエヌ,大阪府大阪市北区南森町１丁目３番９号柏尾ビル４０１号,2017-03-15,株式会社
株式会社アクアフィールド,大阪府大阪市生野区桃谷４丁目４番４号,2017-03-15,株式会社
株式会社アグリコントロール,鹿児島県出水市武本１３８０６番地,2017-03-15,株式会社
株式会社アジャイルサポーターズ,東京都調布市小島町１丁目１５番地９,2017-03-15,株式会社
株式会社アップロント,東京都墨田区京島１丁目１番２－７１１号イーストコア曳舟二番館,2017-03-15,株式会社
株式会社アフェクション・クリーン,神奈川県横浜市港北区小机町１００９番地１,2017-03-15,株式会社
株式会社アモーレ,沖縄県名護市字為又５８５番地１ホワイトパレス為又２０２号,2017-03-15,株式会社
株式会社アールイーカンパニー,大阪府池田市栄町３番３号,2017-03-15,株式会社
株式会社アール．エス．エム．トレーディング,三重県津市観音寺町６０４番地８５,2017-03-15,株式会社
株式会社イタクラ,神奈川県大和市下鶴間６２８番地,2017-03-15,株式会社
株式会社ウェリナ,京都府京都市伏見区御駕籠町１１０番地１,2017-03-15,株式会社
株式会社ウエイブ,新潟県三条市下須頃１０５１番地１,2017-03-15,株式会社
株式会社ウエノ重工業,鹿児島県鹿児島市常盤１丁目３０番６号,2017-03-15,株式会社
株式会社エスエービー,東京都小平市回田町２１５番地,2017-03-15,株式会社
株式会社エトワル３２,沖縄県うるま市字赤道１番地７,2017-03-15,株式会社
株式会社エニフ,神奈川県厚木市戸田２３２１番地１－２０３,2017-03-15,株式会社
株式会社エムアールフォト,大阪府高槻市宮野町１５番２２号,2017-03-15,株式会社
株式会社エムエスホーム企画,福岡県福岡市博多区元町２丁目１番１－２０１号,2017-03-15,株式会社
株式会社エンギー,福岡県田川郡川崎町大字池尻６９５番地,2017-03-15,株式会社
株式会社オアシス,富山県富山市松若町１６番３３号,2017-03-15,株式会社
株式会社オガタ造園土木,群馬県沼田市柳町３９７番地１１,2017-03-15,株式会社
株式会社オグニ設備,兵庫県神崎郡福崎町福田７５３番地１,2017-03-15,株式会社
株式会社オーク・ナチュラルストア,宮城県仙台市青葉区立町２２番１４－１０２号,2017-03-15,株式会社
株式会社オート南部,北海道網走郡大空町女満別中央８番地の５,2017-03-15,株式会社
株式会社カスタードコア,兵庫県神戸市須磨区飛松町５丁目１番地の１,2017-03-15,株式会社
株式会社カナディアンキャンプファーム,福岡県宗像市牟田尻２０５０番地,2017-03-15,株式会社
株式会社キリュウ,静岡県磐田市今之浦１丁目１０番地３,2017-03-15,株式会社
株式会社クマキャピタルマネジメント,東京都港区南青山２丁目６番７号ＬＡＰｉＳ青山２０１号,2017-03-15,株式会社
株式会社クリーンペイント,神奈川県綾瀬市上土棚南５丁目２番５４号,2017-03-15,株式会社
株式会社グラッファ,東京都新宿区高田馬場１丁目１０－２８,2017-03-15,株式会社
株式会社ケミテック渡部,岡山県倉敷市連島３丁目８番１５号,2017-03-15,株式会社
株式会社ケンヤインダストリー,大阪府大阪市東淀川区下新庄６丁目２番２１号,2017-03-15,株式会社
株式会社ケーテック,埼玉県三郷市中央１丁目４番地９グラシア三郷中央４０３,2017-03-15,株式会社
株式会社コトハ,鹿児島県鹿児島市玉里団地２丁目５７番７号,2017-03-15,株式会社
株式会社コネクト,千葉県千葉市中央区矢作町１００２番地４,2017-03-15,株式会社
株式会社コンコルド,神奈川県逗子市新宿４丁目４番１０号,2017-03-15,株式会社
株式会社サワダパッケージワークス,千葉県流山市加６丁目１５５９番地の４,2017-03-15,株式会社
株式会社サンシスコム,東京都練馬区春日町５丁目３０番４－３０５号,2017-03-15,株式会社
株式会社シナガワ総合研究所,埼玉県さいたま市南区別所５丁目１５番２号,2017-03-15,株式会社
株式会社ジェーユーエステートハウス,東京都墨田区江東橋４丁目２５番７号,2017-03-15,株式会社
株式会社ジャッド,福岡県福岡市南区向野２丁目１２番３０号,2017-03-15,株式会社
株式会社ジャパンメディカルプロモーション,東京都港区麻布十番２丁目１４番６号,2017-03-15,株式会社
株式会社ストリームアジア,沖縄県那覇市辻１丁目１６番９号サングリーンビル１階,2017-03-15,株式会社
株式会社スピネーカー,大阪府大阪市浪速区大国１丁目５番４号,2017-03-15,株式会社
株式会社スマイルサポート,北海道札幌市北区屯田四条２丁目７番１５号,2017-03-15,株式会社
株式会社セイワ,千葉県千葉市若葉区源町８４６番地,2017-03-15,株式会社
株式会社セント,大阪府大阪市住吉区長居東３丁目６－１８、３Ｆ,2017-03-15,株式会社
株式会社ゼネラルスタッフ第五,新潟県長岡市東栄１丁目２番３３号,2017-03-15,株式会社
株式会社ゼロストラクチャー,愛知県名古屋市名東区高針荒田６０５番地,2017-03-15,株式会社
株式会社ゼロワン,広島県呉市焼山桜ヶ丘３丁目１０番２５号,2017-03-15,株式会社
株式会社ソフィアフィデス,大阪府吹田市五月が丘北１４番４６号,2017-03-15,株式会社
株式会社ソーキホールディングス,大阪府大阪市中央区本町４丁目４－１６,2017-03-15,株式会社
株式会社タマシロ,福岡県北九州市八幡西区下上津役２丁目１０番１２号,2017-03-15,株式会社
株式会社テクニークコンサルティング,東京都中央区新川２丁目２４番２号ビコービル１Ｆ,2017-03-15,株式会社
株式会社テクノバイザー,新潟県新潟市西区寺地１２１番地２,2017-03-15,株式会社
株式会社テラバイツ,大阪府大阪市鶴見区放出東１丁目５番２８－７０１号,2017-03-15,株式会社
株式会社ディー・ガレージ,青森県八戸市石堂２丁目５番１５号,2017-03-15,株式会社
株式会社トライブワークス,千葉県千葉市若葉区小倉台７丁目１５番６－２号,2017-03-15,株式会社
株式会社トーター,東京都港区芝１丁目２番１－９０４号,2017-03-15,株式会社
株式会社ドローン・フロンティア,東京都足立区足立４丁目１３番１８－４０１号,2017-03-15,株式会社
株式会社ナサ,神奈川県横浜市西区中央１丁目２２番３号,2017-03-15,株式会社
株式会社ニューステップ,福岡県飯塚市庄内元吉３２４番地,2017-03-15,株式会社
株式会社ハブオートジャパン,大阪府泉佐野市南中安松６７０番地の２,2017-03-15,株式会社
株式会社パインズ,東京都品川区中延１丁目３－６－３Ｆ,2017-03-15,株式会社
株式会社パークアセットマネージメント,東京都世田谷区代田３丁目１４番９号,2017-03-15,株式会社
株式会社ヒトノテ,東京都台東区橋場１丁目３６番１３－２０９号コスモ浅草桜橋リバーステージ,2017-03-15,株式会社
株式会社ファーム鳥取,鳥取県西伯郡大山町高橋３２７番地,2017-03-15,株式会社
株式会社フィレル,神奈川県横須賀市平作５丁目２９番１号－２０２,2017-03-15,株式会社
株式会社フィンテックサポート,東京都中央区八丁堀１丁目７番２号,2017-03-15,株式会社
株式会社フィールドスタイル,東京都台東区浅草橋２丁目１番９号鮒佐ビル５階,2017-03-15,株式会社
株式会社フォルツァ,兵庫県姫路市北条口４丁目１０番地,2017-03-15,株式会社
株式会社フォーチューンアド,福岡県福岡市中央区天神２丁目３－１０天神パインクレスト７１６,2017-03-15,株式会社
株式会社フォート・ノックス,東京都杉並区和田３丁目３４番９号,2017-03-15,株式会社
株式会社フジタ,香川県高松市香川町川東上２２３８番地１１,2017-03-15,株式会社
株式会社フラワーカンパニー,東京都港区南麻布４丁目２番３８号,2017-03-15,株式会社
株式会社フレールリアン,宮城県仙台市青葉区宮町５丁目７番３８号２Ｆ,2017-03-15,株式会社
株式会社フロンティア,神奈川県横浜市南区南吉田町１丁目１４番地５南横浜ＤＫビル２階,2017-03-15,株式会社
株式会社ブリッジ・ソリューション,大阪府大阪市住之江区南港北２丁目１－１０ＡＴＣビル,2017-03-15,株式会社
株式会社ブルーベリーファームおかざき,愛知県岡崎市上地町字下屋敷６３番地７,2017-03-15,株式会社
株式会社プランサポート,長崎県長崎市辻町２番１２号Ｂ３０２,2017-03-15,株式会社
株式会社プロダクト・プレイスメント,愛知県名古屋市緑区滝ノ水４丁目４０４番地,2017-03-15,株式会社
株式会社ベイホーム,神奈川県横浜市保土ケ谷区狩場町１７５番地１－１Ｆ,2017-03-15,株式会社
株式会社ボーダレス,神奈川県藤沢市柄沢５０６番地９,2017-03-15,株式会社
株式会社マインドセイム,大阪府堺市西区鳳北町８丁１１番地１３,2017-03-15,株式会社
株式会社マーキュリー,東京都港区赤坂３丁目９番２号,2017-03-15,株式会社
株式会社マージ,東京都港区六本木４丁目６番４号,2017-03-15,株式会社
株式会社マース,東京都港区赤坂３丁目９番２号,2017-03-15,株式会社
株式会社マーベラス,東京都中央区日本橋兜町１７番２号兜町第６葉山ビル４階,2017-03-15,株式会社
株式会社ミナト,兵庫県神戸市中央区日暮通３丁目２－３,2017-03-15,株式会社
株式会社ムラタ,宮城県富谷市ひより台１丁目１６番地１,2017-03-15,株式会社
株式会社メディレクション,兵庫県神戸市中央区山本通１丁目７番１１号,2017-03-15,株式会社
株式会社ヤマダ工業,岩手県釜石市甲子町第１０地割５８１番地２,2017-03-15,株式会社
株式会社ヤマモト装建,埼玉県川口市青木３丁目９番１６号,2017-03-15,株式会社
株式会社ユウケン,北海道江別市東光町１０９番地の２,2017-03-15,株式会社
株式会社ユウシン,群馬県前橋市上沖町１８２番地,2017-03-15,株式会社
株式会社ユニヴィスキャリア,東京都千代田区神田淡路町２丁目３番淡路町トーセイビル５階,2017-03-15,株式会社
株式会社ライドコア,千葉県船橋市夏見５丁目１０番２８号,2017-03-15,株式会社
株式会社ラカリテアシスタンス,東京都品川区西大井４丁目１８番９号,2017-03-15,株式会社
株式会社リエート,東京都港区南青山２丁目２番１５号ウィン青山,2017-03-15,株式会社
株式会社リノ,高知県高知市日の出町５番１９号,2017-03-15,株式会社
株式会社リブリスタイル,神奈川県茅ヶ崎市松が丘２丁目４番４－３号,2017-03-15,株式会社
株式会社レグリンク,埼玉県戸田市川岸３丁目７－２０川岸倉庫Ａ－３,2017-03-15,株式会社
株式会社ロフトコーポレーション,熊本県熊本市東区御領５丁目２番２９号,2017-03-15,株式会社
株式会社ワイエスケー,東京都大田区上池台３丁目１番８号,2017-03-15,株式会社
株式会社ワイダープラネット,千葉県佐倉市大崎台５丁目１２番地６,2017-03-15,株式会社
株式会社ヴァンナチュール,大阪府大阪市阿倍野区松崎町２丁目９番２９号エンゼルプレッサ松崎町８０５号,2017-03-15,株式会社
株式会社ヴォルガ,東京都渋谷区渋谷３丁目２１番１１号渋谷サウスビル９階,2017-03-15,株式会社
株式会社一色建設,京都府宇治市広野町西裏５０番地の９渋谷マンション１２号,2017-03-15,株式会社
株式会社三光建設,千葉県木更津市東中央３丁目７番４号,2017-03-15,株式会社
株式会社三金,埼玉県川口市西青木３丁目３番１３号１００３号室,2017-03-15,株式会社
株式会社中村工業所,神奈川県川崎市川崎区榎町５番１２号,2017-03-15,株式会社
株式会社丸大,静岡県浜松市中区幸３丁目１５番２７号,2017-03-15,株式会社
株式会社丸正,北海道紋別市港町７丁目４８番地の９,2017-03-15,株式会社
株式会社久家設計事務所,長崎県南松浦郡新上五島町道土井郷１９９番地,2017-03-15,株式会社
株式会社五十洲板金工業,北海道札幌市豊平区平岸四条１１丁目２番１５－４０１号,2017-03-15,株式会社
株式会社京ケ丘,大分県大分市京が丘南１丁目１０番１号,2017-03-15,株式会社
株式会社仙波農園,愛媛県松山市北久米町３２番地,2017-03-15,株式会社
株式会社仲建工業,茨城県水戸市見川２丁目５０番２５号,2017-03-15,株式会社
株式会社佐野疊屋,福岡県田川市大字伊加利１６９７－１,2017-03-15,株式会社
株式会社信達商事,東京都新宿区高田馬場１丁目３１番８号,2017-03-15,株式会社
株式会社儀農産,秋田県南秋田郡八郎潟町字下川原２２番地１,2017-03-15,株式会社
株式会社光進,広島県広島市中区南吉島１丁目１番,2017-03-15,株式会社
株式会社八吉コーポレーション,東京都文京区根津１丁目１６番１３,2017-03-15,株式会社
株式会社八重鋼業,東京都八王子市大和田町１丁目２８番８号,2017-03-15,株式会社
株式会社六丁目農園,宮城県仙台市若林区六丁目字南９７番地の３,2017-03-15,株式会社
株式会社利根重機,千葉県柏市岩井４８５番地１,2017-03-15,株式会社
株式会社吉見貿易,大阪府泉南郡田尻町吉見６１０番地１（アーバンハイツＡ－２０３）,2017-03-15,株式会社
株式会社國建,埼玉県川口市安行出羽２丁目７番１６号－１０３号,2017-03-15,株式会社
株式会社埼光物産,東京都練馬区石神井町７丁目１番３号Ｔビル３Ｆ,2017-03-15,株式会社
株式会社大城ホールディング,東京都新宿区四谷１丁目１３番地,2017-03-15,株式会社
株式会社大石商店,山口県山口市大内矢田１０８番地,2017-03-15,株式会社
株式会社大総,千葉県山武市白幡１６４５番地３,2017-03-15,株式会社
株式会社宮本工業,東京都江戸川区中葛西５丁目２４番７号,2017-03-15,株式会社
株式会社富士ホーム,大阪府豊中市野田町３番８－２０７号,2017-03-15,株式会社
株式会社小山ファーム,兵庫県加古郡稲美町和田１４４番地,2017-03-15,株式会社
株式会社小川,和歌山県日高郡日高川町大字玄子２５３番地１,2017-03-15,株式会社
株式会社尚和,千葉県茂原市上永吉９８８番地８,2017-03-15,株式会社
株式会社山下工業,福岡県糸島市前原南１丁目１６番４０－１０２号,2017-03-15,株式会社
株式会社山澤総業,長野県飯田市育良町３丁目８番地４,2017-03-15,株式会社
株式会社岡田金属,京都府八幡市戸津蜻蛉尻１０番１,2017-03-15,株式会社
株式会社岩山工業,大阪府大阪市住之江区東加賀屋４丁目７番２４号,2017-03-15,株式会社
株式会社希,千葉県四街道市大日１７８番地１,2017-03-15,株式会社
株式会社幸工業,岡山県倉敷市連島中央５丁目３０番２８号,2017-03-15,株式会社
株式会社幸招,新潟県新潟市西蒲区井随２７９３番地,2017-03-15,株式会社
株式会社忠宏,兵庫県加古郡播磨町東新島７番地,2017-03-15,株式会社
株式会社恒信,大阪府大阪市中央区内淡路町２丁目４番７号ＪＳ北浜ビル,2017-03-15,株式会社
株式会社明秀,大分県大分市大字千歳４６０番地の４１,2017-03-15,株式会社
株式会社有坂工業,群馬県北群馬郡吉岡町大字下野田１６０９番地Ａ－３０２,2017-03-15,株式会社
株式会社未来,東京都板橋区前野町３丁目２４番４号,2017-03-15,株式会社
株式会社未来工業,長崎県西彼杵郡時津町元村郷９４０番地２,2017-03-15,株式会社
株式会社東九州ホールディングス,宮崎県延岡市別府町４２０９番地２,2017-03-15,株式会社
株式会社東京エナジーコンサルティング,東京都中央区日本橋本町３丁目３番６号,2017-03-15,株式会社
株式会社東京丸金会館,東京都小金井市本町５丁目１２番７号,2017-03-15,株式会社
株式会社東海ゴルフ,神奈川県相模原市中央区相模原５丁目２番１６－３０４号,2017-03-15,株式会社
株式会社東英工業,茨城県北茨城市磯原町磯原４丁目６３番地,2017-03-15,株式会社
株式会社松楓商事,広島県広島市東区光町２丁目１２番,2017-03-15,株式会社
株式会社泉興業,大阪府枚方市茄子作北町１０番８号,2017-03-15,株式会社
株式会社浦川工務店,神奈川県横浜市鶴見区獅子ケ谷２丁目３５番１８－１号,2017-03-15,株式会社
株式会社淡路,東京都台東区蔵前４丁目３１番１２号,2017-03-15,株式会社
株式会社清原工業,福岡県福岡市南区皿山３丁目２番５２号,2017-03-15,株式会社
株式会社熊坂組,東京都江戸川区平井７丁目４番１－１３０９号,2017-03-15,株式会社
株式会社瑛和コーポレーション,広島県東広島市西条町助実１１８２－１,2017-03-15,株式会社
株式会社甲陽音楽学院,兵庫県神戸市灘区篠原南町５丁目４番１号,2017-03-15,株式会社
株式会社白石開発,福岡県築上郡築上町大字宇留津１１００番地１,2017-03-15,株式会社
株式会社祇園前田,京都府京都市東山区祇園町南側５７０番地１１８,2017-03-15,株式会社
株式会社穂希,神奈川県横浜市南区大岡１丁目３５番２６号高橋方,2017-03-15,株式会社
株式会社第一広房ＯＳＡＫＡ,大阪府守口市佐太中町４丁目１９番１６号,2017-03-15,株式会社
株式会社第一広房ＴＯＫＹＯ,東京都北区滝野川５丁目５番５号シンエイビル４Ｆ,2017-03-15,株式会社
株式会社結,大阪府高槻市霊仙寺町１丁目１０番５号,2017-03-15,株式会社
株式会社結いのこころパートナーズ,宮城県宮城郡松島町高城字三居山一４番地の２,2017-03-15,株式会社
株式会社美粧ＡＫＡＲＩ,大阪府大東市灰塚５丁目１２番２６号,2017-03-15,株式会社
株式会社翔設計神奈川,神奈川県横浜市中区本町４丁目３６番地,2017-03-15,株式会社
株式会社臼井防水,埼玉県越谷市大字袋山１８２７番地４,2017-03-15,株式会社
株式会社興真ハウス,沖縄県中頭郡北谷町字上勢頭８１０番地９,2017-03-15,株式会社
株式会社藤建工務店,北海道函館市陣川町８５番地２１２,2017-03-15,株式会社
株式会社藤村設備,大阪府大東市諸福６丁目２番５号,2017-03-15,株式会社
株式会社西原石材,沖縄県中頭郡西原町字内間１４５番地の１,2017-03-15,株式会社
株式会社道上,兵庫県西宮市鳴尾町３丁目２番５号,2017-03-15,株式会社
株式会社達磨,静岡県浜松市南区中田島町１５０６番地,2017-03-15,株式会社
株式会社金建ウォール,埼玉県川口市安行出羽２丁目５番７号,2017-03-15,株式会社
株式会社飲食店インベストメント,東京都渋谷区宇田川町３６－２,2017-03-15,株式会社
株式会社高山鋼業,千葉県茂原市本小轡１１４６番地２８,2017-03-15,株式会社
株式会社齊藤,熊本県菊池市旭志弁利１６３７番地,2017-03-15,株式会社
株式会社３６５,兵庫県赤穂市中広１４８番地１１,2017-03-15,株式会社
株式会社９Ｔｉｍｅｓ,大阪府大阪市平野区加美東６丁目９番７号,2017-03-15,株式会社
株式会社Ａ・Ｕアソシエ,宮城県仙台市宮城野区日の出町２丁目２番８号,2017-03-15,株式会社
株式会社ＡＲＭ,東京都台東区千束２丁目１番２号１Ｆ,2017-03-15,株式会社
株式会社ＡＲＳ,東京都江東区大島５丁目３６番２－４０５号,2017-03-15,株式会社
株式会社ＡＺＫ　Ｃａｐｉｔａｌ,東京都千代田区猿楽町２丁目６番７号,2017-03-15,株式会社
株式会社Ａｌｏｈａ　Ｆｏｏｄｓ,大阪府大阪市淀川区木川東２丁目５番４１号Ｋ－２ＥＡＳＴ－６Ｆ,2017-03-15,株式会社
株式会社ＢＥＮＥＦＥＥＤ,北海道札幌市東区北三十七条東２９丁目１３－１３スカイコーポ宮本１０７,2017-03-15,株式会社
株式会社ＢＯＡＳ　ＫＩＴＣＨＥＮ,千葉県成田市飯仲４５番地成田市総合流通センター関連食品棟Ａ棟２階２０６－１号,2017-03-15,株式会社
株式会社ＢＲＩＭＥＥ,千葉県船橋市飯山満町２丁目４０９番地１２,2017-03-15,株式会社
株式会社ＢＵＴＯＲＡ　ＪＡＰＡＮ,神奈川県横浜市港北区日吉１丁目２番２４号フラット谷戸Ｂ棟２０１,2017-03-15,株式会社
株式会社Ｃ．,東京都渋谷区猿楽町２６番２号,2017-03-15,株式会社
株式会社Ｃ．Ｗ．Ｓ,栃木県宇都宮市上御田町２２３番地,2017-03-15,株式会社
株式会社ＣＡＮＡＡＮ,福岡県北九州市小倉北区井堀３丁目５番４号,2017-03-15,株式会社
株式会社ＣＨＩＧＵＳＡ　ＪＡＰＡＮ,群馬県太田市新田嘉祢町３番地,2017-03-15,株式会社
株式会社ＣＲＥＥＭＡＤＥ,東京都大田区東海４丁目２番３号,2017-03-15,株式会社
株式会社Ｃａｐ＆Ｇｌａｓｓ,大阪府大阪市北区中崎西４丁目１番７号,2017-03-15,株式会社
株式会社Ｃｈｅｒｒｙ,神奈川県横浜市鶴見区元宮２丁目８番７号スカイコート鶴見２．５０６号,2017-03-15,株式会社
株式会社ＤＡＳＹ,東京都府中市新町３丁目１４番地の５,2017-03-15,株式会社
株式会社ＤＮカラー,神奈川県横浜市緑区三保町２６０８番地３－Ａ棟３０４号,2017-03-15,株式会社
株式会社Ｄｒｅａｍ＆Ｍｏｎｅｙ,大阪府和泉市府中町６丁目１４番３２－１３１７号,2017-03-15,株式会社
株式会社ＦＯＲＥＳＴ．Ｌ,沖縄県那覇市壺屋２丁目２６番１１号２Ｄ,2017-03-15,株式会社
株式会社ＦＯＲＭＯＮＡ,東京都武蔵野市吉祥寺北町１丁目１０番１１号,2017-03-15,株式会社
株式会社ＦＲｅｅＹ,兵庫県三田市川除１４０番地,2017-03-15,株式会社
株式会社Ｈａｐｐｙ　ｓｈａｒｉｎｇ,新潟県新潟市中央区長潟１０２６番地,2017-03-15,株式会社
株式会社Ｈｕｍａｎ,東京都江戸川区東葛西５丁目３１番１０号プラザ・エノモトⅡ３０２,2017-03-15,株式会社
株式会社ＩＴＳＵＫＩ,兵庫県姫路市豊富町甲丘３丁目１６９３番地１６アーバンコンフォート９０３,2017-03-15,株式会社
株式会社Ｊ．Ｐ．Ｉｎｖｅｓｔｍｅｎｔ　Ｇｒｏｕｐ,東京都港区芝公園２丁目１１番１３号,2017-03-15,株式会社
株式会社Ｊｂ　Ｉｎｔｅｒｎａｔｉｏｎａｌ,東京都豊島区池袋本町３丁目３３番１３号グリーンハウス１０１,2017-03-15,株式会社
株式会社Ｋ＆Ｈ,東京都杉並区高円寺南２丁目２３番９号,2017-03-15,株式会社
株式会社Ｋ－Ｌｉｎｋ,千葉県柏市南逆井７丁目２０番２号,2017-03-15,株式会社
株式会社Ｋ２コンサルタント,東京都北区赤羽１丁目６番７号,2017-03-15,株式会社
株式会社Ｌｉｔｔｌｅ　Ｗｉｎｇｓ,東京都品川区大井７丁目３０番３号,2017-03-15,株式会社
株式会社Ｍ＆Ｎ,沖縄県石垣市字石垣１５６番地２６,2017-03-15,株式会社
株式会社ＭＡイノベーションズ,福岡県福岡市博多区博多駅前４丁目４番２１号,2017-03-15,株式会社
株式会社ＭＧ船橋,東京都中央区日本橋横山町７番１８号,2017-03-15,株式会社
株式会社ＭＫ　ＪＡＰＡＮ,東京都中野区野方５丁目３番１－７０５号,2017-03-15,株式会社
株式会社ＭＫ工業,東京都足立区梅田３丁目１５番１３号,2017-03-15,株式会社
株式会社ＭＹＭエンタープライズ,福岡県福岡市南区向野２丁目１２番３０号,2017-03-15,株式会社
株式会社Ｍｉｎｃｈｕ,兵庫県神戸市灘区六甲台町６番２８－７０３号,2017-03-15,株式会社
株式会社Ｎ‐ＬＩＦＥ,北海道札幌市豊平区豊平三条２丁目２番３号,2017-03-15,株式会社
株式会社Ｎ’ｓクルー,岐阜県各務原市鵜沼南町６丁目６番地１,2017-03-15,株式会社
株式会社ＮＫ,東京都武蔵野市吉祥寺本町１丁目２５番３号,2017-03-15,株式会社
株式会社ＮＫＥ,長野県松本市深志１丁目５番８号４Ｆ,2017-03-15,株式会社
株式会社ＮＯＡＨ,東京都大田区大森北４丁目５番１号,2017-03-15,株式会社
株式会社Ｎａ空調,東京都江東区東砂７丁目１７番１９号プラーズ東砂８０２,2017-03-15,株式会社
株式会社ＮｅＮ,東京都杉並区堀ノ内２丁目３２番５号ロアールハイツ２０８,2017-03-15,株式会社
株式会社Ｏｆｆｉｃｅ　Ｋｅ,大阪府大阪市東淀川区下新庄４丁目２１番Ｄ－１００１号,2017-03-15,株式会社
株式会社ＰＡＸＦＯＲＤ,東京都目黒区下目黒２丁目２２番２１号ラフィーネ目黒１０３,2017-03-15,株式会社
株式会社ＰＢＦＨＤ,東京都港区六本木７丁目１５番７号新六本木ビル８Ｆ,2017-03-15,株式会社
株式会社Ｐｈａｒｍａ　Ｊｏｂ,新潟県新潟市西区青山８丁目２番３８号,2017-03-15,株式会社
株式会社ＲＯＫＵＲＡＳ,東京都江東区佐賀１丁目１２番３号,2017-03-15,株式会社
株式会社ＲＹＯ,広島県広島市南区丹那新町１２番２－１０１号,2017-03-15,株式会社
株式会社Ｒａｃｔｉｖ,兵庫県姫路市飾磨区上野田４丁目２０１番２,2017-03-15,株式会社
株式会社Ｒｉｚｉｅｒｅ,東京都品川区旗の台５丁目２番７号,2017-03-15,株式会社
株式会社ＲｙｕＩｎｄｕｓｔｒｙ,東京都足立区保木間１丁目１５番１－６０５号,2017-03-15,株式会社
株式会社Ｓ　Ａｃｈｉｅｖｅ,東京都千代田区麹町３丁目５－８,2017-03-15,株式会社
株式会社ＳＡＢＡＮＯインターナショナル,京都府綴喜郡井手町大字井手小字鳥休１１９番１,2017-03-15,株式会社
株式会社ＳＡＮＴＥＸ,北海道札幌市中央区北十条西１７丁目３６番地１０６,2017-03-15,株式会社
株式会社ＳＴ,大阪府大阪市浪速区恵美須西２丁目２番１号,2017-03-15,株式会社
株式会社ＳＴ．Ｃｏｍｐａｎｙ,東京都福生市大字福生２３５５番地,2017-03-15,株式会社
株式会社ＳＴＥＥＺ,岡山県倉敷市粒江２０７９番地１,2017-03-15,株式会社
株式会社ＳＴＥＬＬＡ　ＷＯＲＫＳ,東京都港区元麻布３丁目１２－２６Ｃ－ＭＡ２、１０５号室,2017-03-15,株式会社
株式会社ＳｐｉｒａｌＭｉｎｄ,東京都品川区東品川４丁目１３番１４号,2017-03-15,株式会社
株式会社Ｔ・Ｉトラストテクノ,東京都江戸川区東葛西５丁目１２番１５号ビジネスゲート葛西３Ｄ,2017-03-15,株式会社
株式会社ＴＡＲＡＩ,東京都杉並区高円寺南５丁目４０番３－２０４号,2017-03-15,株式会社
株式会社ＴＩＤＥ,徳島県徳島市昭和町５丁目１８番地の６徳島セントポリア３０７号室,2017-03-15,株式会社
株式会社ＴＲＡＣＥ　ＨＯＴＥＬＳ＆ＴＲＡＶＥＬ．,東京都中央区東日本橋２丁目２５番４号,2017-03-15,株式会社
株式会社ＴＷＯカンパニー,広島県福山市今津町５丁目１番１号,2017-03-15,株式会社
株式会社ＴｈｅＥａｒｔｈ,東京都港区南青山５丁目１２番５号第一和田ビル８Ｆ,2017-03-15,株式会社
株式会社ＴｏｕｃｈＮｅｘｔ,東京都台東区台東２丁目１０番－２池田ビル２Ｆ,2017-03-15,株式会社
株式会社Ｕ．ＳＨＩＰ　Ｃｏｒｐｏｒａｔｉｏｎ,北海道札幌市白石区平和通１５丁目北１２番１２号１Ｆ,2017-03-15,株式会社
株式会社Ｕｂｉｏｓｉｓ,東京都中央区日本橋浜町１丁目２番９－７０３号,2017-03-15,株式会社
株式会社ＵｔｏＭ,北海道札幌市手稲区富丘三条５丁目４番１号,2017-03-15,株式会社
株式会社Ｙ＆Ｙ,兵庫県西宮市名塩さくら台１丁目１０番地７,2017-03-15,株式会社
株式会社ＹＫＩ,広島県福山市曙町２丁目１４番２２号,2017-03-15,株式会社
株式会社ＺａｆｏｌｉＡ,北海道札幌市東区伏古六条２丁目１番８号,2017-03-15,株式会社
株式会社ｄｒｅｓｓａｒｔ,東京都港区北青山３丁目６番７号青山パラシオタワー１１階,2017-03-15,株式会社
株式会社ｆｉｔ　ｌｉｆｅ,北海道帯広市西十七条南４１丁目５番地２０,2017-03-15,株式会社
株式会社ｈｋ１８９６ＬＩＮＫＳ,東京都港区元赤坂１丁目７番１７号,2017-03-15,株式会社
株式会社ｓｗｉｔｃｈ　ｏｎ,福島県いわき市平赤井比良３丁目１０５番地の２,2017-03-15,株式会社
永田興産株式会社,福岡県糟屋郡志免町田富４丁目９番３号,2017-03-15,株式会社
清和株式会社,東京都江東区牡丹２丁目１２番５－４０４号,2017-03-15,株式会社
特定非営利活動法人あすなろ倶楽部,富山県滑川市上小泉１２０２番地１,2017-03-15,その他の設立登記法人
特定非営利活動法人そらのまち図書館,徳島県三好市池田町マチ２１８３番地,2017-03-15,その他の設立登記法人
特定非営利活動法人つながる鹿児島,鹿児島県鹿児島市下荒田４丁目３４番１１号コスモハイツ１階,2017-03-15,その他の設立登記法人
特定非営利活動法人全日本華人科学技術促進会,東京都豊島区東池袋１丁目４２番１４号山京ビル６０１,2017-03-15,その他の設立登記法人
特定非営利活動法人宝田青年会,徳島県阿南市宝田町東の一２番地７,2017-03-15,その他の設立登記法人
特定非営利活動法人災害救援ＤＥＡＲ,兵庫県姫路市飾磨区中島４１４番地８８,2017-03-15,その他の設立登記法人
特定非営利活動法人鉱物友の会,埼玉県鴻巣市原馬室６４３番地４,2017-03-15,その他の設立登記法人
瑩家貿易合同会社,福岡県太宰府市五条４丁目１４番６－４０６号,2017-03-15,合同会社
盛行日本株式会社,東京都墨田区八広３丁目２６番４号,2017-03-15,株式会社
石川塗装株式会社,埼玉県越谷市花田５丁目１４番地４６,2017-03-15,株式会社
社会保険労務士法人アピエンス,東京都千代田区三崎町２丁目１０番１１号,2017-03-15,その他の設立登記法人
社会福祉法人協同福祉会,群馬県前橋市朝倉町８４２番地１,2017-03-15,その他の設立登記法人
福テック功業株式会社,兵庫県神戸市灘区船寺通４丁目１番１２号,2017-03-15,株式会社
結い緑化株式会社,千葉県大網白里市南横川１９１７番地３５,2017-03-15,株式会社
羽皓株式会社,大阪府大阪市阿倍野区天王寺町南２丁目２３番１８号,2017-03-15,株式会社
藤栄建設株式会社,神奈川県横浜市栄区長沼町５４５番地４,2017-03-15,株式会社
西山建設株式会社,神奈川県川崎市川崎区池上町１０番４号,2017-03-15,株式会社
誠鑫商務株式会社,東京都台東区蔵前３丁目１３番１４号５Ｆ,2017-03-15,株式会社
豊澤商事株式会社,東京都豊島区西池袋１丁目３１－５白井ビル３Ｆ,2017-03-15,株式会社
貴和建装株式会社,神奈川県横浜市神奈川区三ツ沢中町２１番１２号,2017-03-15,株式会社
農事組合法人上野谷営農組合,兵庫県加古郡稲美町野谷４１８番地の１,2017-03-15,その他の設立登記法人
農事組合法人青出新,富山県中新川郡上市町青出新５４番地,2017-03-15,その他の設立登記法人
金陵国際株式会社,千葉県千葉市中央区都町１０７６番地１６,2017-03-15,株式会社
長万部グリーンエナジー合同会社,北海道山越郡長万部町字長万部１０１番地６,2017-03-15,合同会社
長野県商業開発株式会社,愛知県名古屋市中区錦２丁目４番３号,2017-03-15,株式会社
青木建設株式会社,東京都杉並区上高井戸１丁目２５番１号,2017-03-15,株式会社
青果プロデュース株式会社,神奈川県川崎市川崎区渡田１丁目９番９号,2017-03-15,株式会社
高山商事株式会社,大阪府大阪市東淀川区柴島３丁目１０番１９号,2017-03-15,株式会社
魚沼地域農業振興協議会,新潟県魚沼市大塚新田９１－４魚沼地域振興局　農業振興部企画振興課内,2017-03-15,その他
ＡＥＣアライアンス合同会社,東京都港区新橋５丁目２３番１０号片山ビル８階,2017-03-15,合同会社
ＡＫＡＴＳＵＫＩ　ＳＹＮＤＩＣＡＴＥ株式会社,広島県尾道市向島町神ノ木１２６５番２,2017-03-15,株式会社
ＡＮＵＲＡＪ株式会社,東京都台東区鳥越１丁目２０番９号,2017-03-15,株式会社
ＢＨＲ沖縄マネジメント合同会社,沖縄県国頭郡恩納村字恩納５４５０番地１,2017-03-15,合同会社
Ｂｌｏｏｍｗａｙｓ　Ｔｒａｖｅｌ　Ｊａｐａｎ株式会社,東京都江戸川区東小岩５丁目１１番１５－９０２号,2017-03-15,株式会社
Ｃ．Ｂ．ｃａｐｉｔａｌ合同会社,東京都豊島区東池袋５丁目３８番７号,2017-03-15,合同会社
ＣＢ＆Ｉ　Ｆｅｄｅｒａｌ　Ｓｅｒｖｉｃｅｓ　ＬＬＣ,東京都港区愛宕２丁目５番１号愛宕グリーンヒルズ森タワー２４階,2017-03-15,外国会社等
ＣＥＳエンタテインメント株式会社,大阪府大阪市西区西本町１丁目７番１号,2017-03-15,株式会社
ＣＷＯＲＫＳ合同会社,神奈川県横浜市保土ケ谷区桜ケ丘１丁目３８番３６号,2017-03-15,合同会社
Ｄ＆Ｉ株式会社,神奈川県横浜市磯子区丸山２丁目２３番１４号１階,2017-03-15,株式会社
Ｆｕｔｅｃ　Ｓｏｕｔｈｅａｓｔ　ａｓｉａ　Ｓｄｎ．Ｂｈｄ．,,2017-03-15,外国会社等
ＧＬＯＢＡＬ　ＴＲＵＳＴ株式会社,愛知県海部郡飛島村大字渚８丁目６２番地,2017-03-15,株式会社
ＧＵＬ　ＷＡＨＩＤ　ＴＲＡＤＩＮＧ株式会社,埼玉県さいたま市岩槻区東岩槻６丁目５番３号－４０３,2017-03-15,株式会社
Ｇｏｌｄｅｎ　Ｇａｔｅ株式会社,福島県いわき市小名浜字定西４７番地,2017-03-15,株式会社
Ｇｒｉｐ　Ｐｌｕｓ　Ｉｎｖｅｓｔｍｅｎｔｓ　Ｌｉｍｉｔｅｄ,北海道虻田郡倶知安町字山田１９５－１－６０５,2017-03-15,外国会社等
ＨＡＲＲＹ　ＴＯＫＹＯ合同会社,東京都中央区銀座１丁目１５番１３号ＶＯＲＴＧＩＮＺＡＲＥＳＩＤＥＮＣＥ１２０２,2017-03-15,合同会社
ＨＤＳリンクる株式会社,宮城県仙台市太白区長町２丁目１１番３６号森ハイツ２０１号室,2017-03-15,株式会社
ＨＺＣ株式会社,東京都武蔵野市吉祥寺南町４丁目１４番１号,2017-03-15,株式会社
ＨａｋｕＤｅｖｅｌｏｐｍｅｎｔ合同会社,東京都港区虎ノ門５丁目１番４号,2017-03-15,合同会社
Ｉ・Ａ・Ｃ合同会社,長野県松本市筑摩１丁目２番２号フレグランスＳＵＳＵＫＩＧＡＷＡ１０２,2017-03-15,合同会社
ＩＯＨ総合メディカル株式会社,奈良県奈良市帝塚山１丁目３７番１４号,2017-03-15,株式会社
ＩＲＡ九州合同会社,鹿児島県曽於郡大崎町神領１７１０番地１,2017-03-15,合同会社
ＪＥ株式会社,大阪府吹田市原町４丁目１６－２１－２０１,2017-03-15,株式会社
ＫＨ　Ａｓｓｅｔ　Ｍａｎａｇｅｍｅｎｔ株式会社,愛知県豊川市萩山町２丁目３０番地,2017-03-15,株式会社
ＫＩホールディング株式会社,大阪府大阪市住之江区南港北２丁目１番１０号,2017-03-15,株式会社
ＫＹＰａｒｔｎｅｒｓ株式会社,東京都世田谷区駒沢１丁目４番１５号,2017-03-15,株式会社
Ｍ＆Ｋ　ＶＩＳＩＯＮ合同会社,兵庫県宝塚市千種２丁目７番７号,2017-03-15,合同会社
Ｍ＆Ｐ井一株式会社,新潟県長岡市蓮潟４丁目９番１５号２階,2017-03-15,株式会社
ＭＡＩＮＭＡＲＫ　ＧＲＯＵＮＤ　ＥＮＧＩＮＥＥＲＩＮＧ　ＪＡＰＡＮ　ＰＴＹ　ＬＴＤ,東京都江戸川区西葛西５丁目２番３号,2017-03-15,外国会社等
ＭＡＲＣＳトラスト株式会社,大阪府大阪市北区梅田１丁目１１番４号大阪駅前第４ビル２０階,2017-03-15,株式会社
ＭＯ　ＲＯＡＤ　ＨＯＬＤＩＮＧＳ　ＬＩＭＩＴＥＤ,北海道虻田郡倶知安町字山田１９５－１－６１１,2017-03-15,外国会社等
ＭＲ株式会社,福岡県福岡市早良区野芥４丁目２０番５号,2017-03-15,株式会社
Ｍａｒｓｕｎ合同会社,沖縄県那覇市久茂地１丁目１番１号９階,2017-03-15,合同会社
ＮＥホールディングス株式会社,東京都大田区西糀谷３丁目１８番９－２０１号,2017-03-15,株式会社
Ｎｏ．１社会保険労務士法人,東京都港区新橋２丁目１３番８号新橋東和ビル４階,2017-03-15,その他の設立登記法人
Ｏｒｉｇｉｎ　Ａｓｓｏｃｉａｔｉｏｎ合同会社,東京都世田谷区上北沢５丁目２１番２１号,2017-03-15,合同会社
ＰＵＲＥＬ合同会社,神奈川県横浜市港北区新横浜２丁目１５番１０号,2017-03-15,合同会社
Ｐａｒｋ　Ｓｕｃｃｅｓｓ　Ｉｎｖｅｓｔｍｅｎｔｓ　Ｌｉｍｉｔｅｄ,北海道虻田郡倶知安町字山田１９５－１－５１９,2017-03-15,外国会社等
Ｒシール株式会社,神奈川県川崎市宮前区白幡台２丁目２番地３白幡台住宅３－２０４,2017-03-15,株式会社
Ｒｅａｄ　Ｍｅ　Ｊａｐａｎ株式会社,東京都足立区千住桜木２丁目１４－１８－９０１,2017-03-15,株式会社
ＳＥＮＴＲＩＸ　ＣＯＲＰＯＲＡＴＩＯＮ　ＬＩＭＩＴＥＤ,北海道虻田郡倶知安町字山田１９５－１－３１５　６１０,2017-03-15,外国会社等
ＳＧＰＥジャパン株式会社,東京都港区芝公園１丁目３番１０号,2017-03-15,株式会社
ＳＫワールド株式会社,兵庫県尼崎市南初島町８番地の７３,2017-03-15,株式会社
ＳＭＨ株式会社,東京都品川区西五反田３丁目１２番１号,2017-03-15,株式会社
ＳＯＦコンサルティング合同会社,神奈川県川崎市川崎区下並木１１番地５川崎サイトシティⅡ番館２０２,2017-03-15,合同会社
ＴＡ合同会社,福岡県古賀市青柳２６８３番地１,2017-03-15,合同会社
ＴＭエンタープライズ株式会社,大阪府大阪市北区西天満４丁目１５番１８号,2017-03-15,株式会社
ＹＩＫＯグループ株式会社,東京都江戸川区小松川１丁目５番７－８０５,2017-03-15,株式会社
ａｎｄｐｅｔ合同会社,千葉県鎌ケ谷市南初富５丁目１０番４１号（ウィンディ初富１０１）,2017-03-15,合同会社
ａｒｉ　ｖｉｎｔａｇｅ合同会社,東京都杉並区西荻南２丁目５番６号アートスペースビル,2017-03-15,合同会社
ｎｅｇｏｃｉａ株式会社,東京都中央区勝どき６丁目３番１号,2017-03-15,株式会社
ｐｏｋｅｒ　ｆａｃｅ株式会社,大阪府大阪市西成区岸里２丁目３番３号,2017-03-15,株式会社
ｔｙｃｏｏｎ株式会社,大阪府大阪市中央区北久宝寺町２丁目６番１０－４０６号,2017-03-15,株式会社
あずみ工業株式会社,大阪府大阪市此花区梅香１丁目７番１３号フィアス梅香１Ｆ,2017-03-16,株式会社
げんき和歌山株式会社,和歌山県橋本市隅田町山内４４４番地の２,2017-03-16,株式会社
そうまＩグリッド合同会社,福島県相馬市大野台１丁目２番地１,2017-03-16,合同会社
まるの会株式会社,東京都新宿区西新宿６丁目５番１号,2017-03-16,株式会社
アイウェルテック株式会社,愛媛県新居浜市郷４丁目２２番１号,2017-03-16,株式会社
アイデザイナーズ株式会社,神奈川県横浜市青葉区つつじが丘１１番地２,2017-03-16,株式会社
アイフィスイノベーション株式会社,愛知県名古屋市昭和区元宮町３丁目６５番地の３,2017-03-16,株式会社
アクシアインターナショナル株式会社,石川県金沢市長土塀２丁目１０番３９号,2017-03-16,株式会社
アグリト株式会社,岡山県岡山市北区番町１丁目１１番２５号,2017-03-16,株式会社
アシダブラザーズ株式会社,大阪府大阪市北区天神橋６丁目２番１８号,2017-03-16,株式会社
アジリティライフ株式会社,福岡県福岡市中央区大名１丁目９番４号,2017-03-16,株式会社
アタカクリエイト株式会社,北海道札幌市東区北二十一条東１３丁目１番２２号,2017-03-16,株式会社
アールテック株式会社,東京都渋谷区東１丁目１番３６号,2017-03-16,株式会社
エトワールド合名会社,広島県福山市宮前町２丁目３番２６号,2017-03-16,合名会社
オクトセンス株式会社,東京都渋谷区宇田川町３６番２２号,2017-03-16,株式会社
オークエネルギー株式会社,東京都台東区上野３丁目１５番７号寿ビル２階,2017-03-16,株式会社
オールコレクト株式会社,東京都大田区大森東１丁目２８番４号,2017-03-16,株式会社
キャッスル・ドア合同会社,大阪府大阪市中央区高津１丁目８番１２号－３０３,2017-03-16,合同会社
キース株式会社,東京都目黒区南２丁目１０番６号,2017-03-16,株式会社
クレアスト株式会社,大阪府大阪市北区芝田２丁目８番７号,2017-03-16,株式会社
クレハエネルギー株式会社,富山県富山市下野９７７番地１,2017-03-16,株式会社
グローバルマーケティング合同会社,東京都渋谷区桜丘町２３番１７号シティコート桜丘４０８,2017-03-16,合同会社
コットス株式会社,東京都千代田区紀尾井町４番１号,2017-03-16,株式会社
コラスケーション株式会社,東京都杉並区宮前２丁目１０番４２号,2017-03-16,株式会社
コリージャパン株式会社,東京都渋谷区渋谷３丁目６－２エクラート渋谷ビル４階,2017-03-16,株式会社
コンサーン株式会社,徳島県阿南市領家町土倉３０番地４アーバンナカガワ１０３号室,2017-03-16,株式会社
シマラヤジャパン株式会社,東京都渋谷区渋谷１丁目１１番１号西青山ビル３階,2017-03-16,株式会社
ジェイピージョイ株式会社,東京都大田区南蒲田１丁目１０番３号,2017-03-16,株式会社
ジベルニーガーデン株式会社,福岡県福岡市東区香住ケ丘７丁目２番１号,2017-03-16,株式会社
スカイ建設株式会社,埼玉県さいたま市北区宮原町４丁目７番地３パトリアハウス１０２号,2017-03-16,株式会社
スタジオモック株式会社,神奈川県横浜市港北区鳥山町９１５番地４,2017-03-16,株式会社
スタースタッフ株式会社,千葉県東金市東岩崎字二丁目２５番地１２サンイースト東金３Ｆ,2017-03-16,株式会社
セレーノプロパティーズ合同会社,岡山県真庭市下方５６３番地４,2017-03-16,合同会社
ソーラーワーク株式会社,東京都千代田区神田練塀町５５番地パークタワー秋葉原１８Ｆ,2017-03-16,株式会社
ディア・マスターズ株式会社,東京都大田区北馬込２丁目１０番２－５０２号,2017-03-16,株式会社
ディベロ東海合同会社,愛知県豊田市若林東町棚田１３８－８,2017-03-16,合同会社
ディーエムディー株式会社,福井県福井市北四ツ居２丁目１番１０号,2017-03-16,株式会社
ディー・ディー・エル・ジャパン株式会社,東京都千代田区永田町２丁目１１番１号山王パークタワー,2017-03-16,株式会社
トラストサポート合同会社,兵庫県西宮市甲陽園東山町９番３４－４０８号,2017-03-16,合同会社
トータルアドバイザーコガネ合同会社,千葉県松戸市小金きよしケ丘１丁目９番地の４,2017-03-16,合同会社
ドライングシステム株式会社,東京都江東区東陽３丁目３番８－１３０１号,2017-03-16,株式会社
ドローンユナイテッド株式会社,熊本県熊本市中央区坪井６丁目３８番１５号,2017-03-16,株式会社
ニッコービルサービス株式会社,東京都足立区佐野２丁目２０番１０号,2017-03-16,株式会社
ハイコムライフクリエート株式会社,熊本県菊池郡菊陽町光の森２丁目３番地１,2017-03-16,株式会社
ハンドレッドドリームス株式会社,東京都千代田区麹町２丁目４番１１号,2017-03-16,外国会社等
パインテール合同会社,熊本県荒尾市増永２７２７番地２４,2017-03-16,合同会社
フォト蔵広告株式会社,東京都新宿区四谷４丁目３０エスツウィン新宿４階,2017-03-16,株式会社
プラヤベース合同会社,東京都港区赤坂６丁目１８番１１号ストーリア赤坂３０７,2017-03-16,合同会社
マイクロカード合同会社,東京都練馬区練馬３丁目１番８号,2017-03-16,合同会社
ミズカ合同会社,埼玉県さいたま市大宮区寿能町１丁目１５９番地２－３０３,2017-03-16,合同会社
メゾン・ド・アベーユ管理組合法人,東京都中央区京橋１丁目１番５号,2017-03-16,その他の設立登記法人
メゾン・ド・アルジャン管理組合法人,東京都中央区京橋１丁目１番５号,2017-03-16,その他の設立登記法人
メゾン・ド・アルニカ管理組合法人,東京都中央区京橋１丁目１番５号,2017-03-16,その他の設立登記法人
メゾン・ド・イザール管理組合法人,東京都中央区京橋１丁目１番５号,2017-03-16,その他の設立登記法人
メゾン・ド・オンディーヌ管理組合法人,東京都中央区京橋１丁目１番５号,2017-03-16,その他の設立登記法人
メゾン・ド・カルム管理組合法人,東京都中央区京橋１丁目１番５号,2017-03-16,その他の設立登記法人
メゾン・ド・クレール管理組合法人,東京都中央区京橋１丁目１番５号,2017-03-16,その他の設立登記法人
メゾン・ド・サピッド管理組合法人,東京都中央区京橋１丁目１番５号,2017-03-16,その他の設立登記法人
メゾン・ド・サンティエ管理組合法人,東京都中央区京橋１丁目１番５号,2017-03-16,その他の設立登記法人
メゾン・ド・スサーナ管理組合法人,東京都中央区京橋１丁目１番５号,2017-03-16,その他の設立登記法人
メゾン・ド・セリーズ管理組合法人,東京都中央区京橋１丁目１番５号,2017-03-16,その他の設立登記法人
メゾン・ド・ティセ管理組合法人,東京都中央区京橋１丁目１番５号,2017-03-16,その他の設立登記法人
メゾン・ド・ネーフル管理組合法人,東京都中央区京橋１丁目１番５号,2017-03-16,その他の設立登記法人
メゾン・ド・パナシェ管理組合法人,東京都中央区京橋１丁目１番５号,2017-03-16,その他の設立登記法人
メゾン・ド・パルティ管理組合法人,東京都中央区京橋１丁目１番５号,2017-03-16,その他の設立登記法人
メゾン・ド・フレイエ管理組合法人,東京都中央区京橋１丁目１番５号,2017-03-16,その他の設立登記法人
メゾン・ド・ブーロー管理組合法人,東京都中央区京橋１丁目１番５号,2017-03-16,その他の設立登記法人
メゾン・ド・プラネット管理組合法人,東京都中央区京橋１丁目１番５号,2017-03-16,その他の設立登記法人
メゾン・ド・ベニール管理組合法人,東京都中央区京橋１丁目１番５号,2017-03-16,その他の設立登記法人
メゾン・ド・マドーヌ管理組合法人,東京都中央区京橋１丁目１番５号,2017-03-16,その他の設立登記法人
メゾン・ド・ミュール管理組合法人,東京都中央区京橋１丁目１番５号,2017-03-16,その他の設立登記法人
メゾン・ド・メシュー管理組合法人,東京都中央区京橋１丁目１番５号,2017-03-16,その他の設立登記法人
メゾン・ド・リセ管理組合法人,東京都中央区京橋１丁目１番５号,2017-03-16,その他の設立登記法人
メゾン・ド・リビエール管理組合法人,東京都中央区京橋１丁目１番５号,2017-03-16,その他の設立登記法人
メゾン・ド・リベラル管理組合法人,東京都中央区京橋１丁目１番５号,2017-03-16,その他の設立登記法人
メゾン・ド・リベルテ管理組合法人,東京都中央区京橋１丁目１番５号,2017-03-16,その他の設立登記法人
メゾン・ド・リリーク管理組合法人,東京都中央区京橋１丁目１番５号,2017-03-16,その他の設立登記法人
メゾン・ド・ルメード管理組合法人,東京都中央区京橋１丁目１番５号,2017-03-16,その他の設立登記法人
メゾン・ド・ヴィレ荻窪管理組合法人,東京都中央区京橋１丁目１番５号,2017-03-16,その他の設立登記法人
メゾン・ド・四谷管理組合法人,東京都中央区京橋１丁目１番５号,2017-03-16,その他の設立登記法人
メゾン・ド・目白台管理組合法人,東京都中央区京橋１丁目１番５号,2017-03-16,その他の設立登記法人
モンマユニバーサルテクノ株式会社,東京都葛飾区西水元５丁目１０番１２号,2017-03-16,株式会社
ユウセイ株式会社,埼玉県加須市上崎２４１２番地５３,2017-03-16,株式会社
ライシン株式会社,栃木県栃木市岩舟町静１４５１番地２,2017-03-16,株式会社
ライズジャパン合同会社,埼玉県さいたま市浦和区高砂４丁目１３番５－５０５号室,2017-03-16,合同会社
ライトポケット株式会社,東京都中央区日本橋人形町３丁目６－８,2017-03-16,株式会社
ラ・パルフェ・ド・コントゥール管理組合法人,東京都中央区京橋１丁目１番５号,2017-03-16,その他の設立登記法人
ラ・パルフェ・ド・ジュウィール管理組合法人,東京都中央区京橋１丁目１番５号,2017-03-16,その他の設立登記法人
ラ・パルフェ・ド・セヴェールＮｏ．４管理組合法人,東京都中央区京橋１丁目１番５号,2017-03-16,その他の設立登記法人
ラ・パルフェ・ド・ファシリテ管理組合法人,東京都中央区京橋１丁目１番５号,2017-03-16,その他の設立登記法人
ラ・パルフェ・ド・道後管理組合法人,東京都中央区京橋１丁目１番５号,2017-03-16,その他の設立登記法人
ラ・レジダンス・ド・エリール管理組合法人,東京都中央区京橋１丁目１番５号,2017-03-16,その他の設立登記法人
ラ・レジダンス・ド・シャトレーヌ管理組合法人,東京都中央区京橋１丁目１番５号,2017-03-16,その他の設立登記法人
リオリオ合同会社,東京都品川区北品川１丁目９番７号トップルーム品川１０１５,2017-03-16,合同会社
ロングランモーション合同会社,岐阜県岐阜市東鶉５丁目１４７番地,2017-03-16,合同会社
一般社団法人お気楽島,大阪府大阪市東淀川区豊里２丁目１５番１９号,2017-03-16,その他の設立登記法人
一般社団法人ながの文化村,長野県長野市大字風間１１５８番地２,2017-03-16,その他の設立登記法人
一般社団法人グローイングサポート,東京都中野区中野３丁目４０番３０号メゾンド・フレール３０２,2017-03-16,その他の設立登記法人
一般社団法人ビジネス＆パブリックアフェアーズ,東京都新宿区北新宿１丁目３３－９、１０２号,2017-03-16,その他の設立登記法人
一般社団法人リーベルスポーツクラブ,静岡県駿東郡長泉町下土狩１３３４番地の６,2017-03-16,その他の設立登記法人
一般社団法人ワット・インブンタンマーラーン東京,東京都西多摩郡日の出町大字大久野１１７７番地８,2017-03-16,その他の設立登記法人
一般社団法人丸の内エナジー２０１７,東京都千代田区丸の内３丁目１番１号東京共同会計事務所内,2017-03-16,その他の設立登記法人
一般社団法人愛知県居宅介護支援事業者連絡協議会,愛知県名古屋市中区松原３丁目７番１５号,2017-03-16,その他の設立登記法人
一般社団法人日本傾聴技能普及協会,東京都中央区銀座７丁目１３番６号サガミビル２階,2017-03-16,その他の設立登記法人
一般社団法人日本国際広報戦略機構,兵庫県西宮市苦楽園五番町２番５６－２４０１号,2017-03-16,その他の設立登記法人
一般社団法人玉露普及協会ひとしずく,神奈川県鎌倉市佐助１丁目１４番１号,2017-03-16,その他の設立登記法人
一般社団法人立飛総合研究所,東京都立川市栄町６丁目１番地,2017-03-16,その他の設立登記法人
一般社団法人草加国際奉仕協会,埼玉県草加市稲荷３丁目１３番２６号,2017-03-16,その他の設立登記法人
一般社団法人豊橋観光コンベンション協会,愛知県豊橋市花田町字石塚４２番地の１,2017-03-16,その他の設立登記法人
一般社団法人Ｃｈｉｉｎｅ,東京都江東区大島６丁目２８番５号,2017-03-16,その他の設立登記法人
一般社団法人ＨＩＰＳ,大阪府八尾市志紀町１丁目１１８番地,2017-03-16,その他の設立登記法人
一般社団法人ＷＮＩホールディングス,東京都千代田区丸の内３丁目１番１号東京共同会計事務所内,2017-03-16,その他の設立登記法人
一般財団法人ナースケア福岡,福岡県北九州市小倉北区井堀４丁目８番１９号,2017-03-16,その他の設立登記法人
一菊合同会社,埼玉県川口市西川口１丁目３０－２０泰和ビル４１３室,2017-03-16,合同会社
上林株式会社,千葉県柏市大津ケ丘１丁目３９番地８,2017-03-16,株式会社
中亜株式会社,福岡県福岡市西区生の松原３丁目３５番２４号,2017-03-16,株式会社
中村建設株式会社,東京都武蔵野市西久保３丁目９番２５号,2017-03-16,株式会社
中満沢環境保全会,山形県最上郡最上町大字満澤３３７,2017-03-16,その他
京都市小学校長会　生徒指導特別委員会,京都府京都市中京区壬生東土居ノ内町２０,2017-03-16,その他
倭文林業株式会社,栃木県塩谷郡塩谷町大字上寺島４７６番地,2017-03-16,株式会社
前田鉄筋工業合同会社,愛知県名古屋市守山区小幡中１丁目２１番９号,2017-03-16,合同会社
北日本興産合同会社,北海道札幌市西区福井８丁目２番５号,2017-03-16,合同会社
匯川株式会社,大阪府南河内郡河南町大字一須賀７７５番３,2017-03-16,株式会社
医療法人いなだ医院,福岡県太宰府市大佐野４丁目１６番２号,2017-03-16,その他の設立登記法人
医療法人さつき診療所,滋賀県東近江市市子松井町１９１番地４,2017-03-16,その他の設立登記法人
医療法人ふくはだ皮ふ科クリニック,福岡県飯塚市伊岐須６４０番地１,2017-03-16,その他の設立登記法人
医療法人サンズ,岡山県総社市中央２丁目３番５号,2017-03-16,その他の設立登記法人
医療法人モリ歯科,三重県四日市市栄町４番１４号,2017-03-16,その他の設立登記法人
医療法人三和会,神奈川県横浜市都筑区中川１丁目１９番２３号大久保第５ビル１階,2017-03-16,その他の設立登記法人
医療法人光樹会,三重県いなべ市大安町門前字笠間５８３番地２,2017-03-16,その他の設立登記法人
医療法人八板歯科クリニック,栃木県宇都宮市竹林町字高田８６６番地,2017-03-16,その他の設立登記法人
医療法人城代医院,長崎県雲仙市千々石町丁４８０番地,2017-03-16,その他の設立登記法人
医療法人布引内科クリニック,滋賀県東近江市布引台１丁目９８０,2017-03-16,その他の設立登記法人
医療法人淕洸会,北海道河東郡音更町木野大通東２丁目１番地６,2017-03-16,その他の設立登記法人
医療法人社団ありがとうの風在宅療養支援診療所くまさんクリニック,北海道札幌市白石区北郷二条１２丁目４番１４号,2017-03-16,その他の設立登記法人
医療法人社団いのうえファミリー歯科,香川県高松市元山町５７７番地１,2017-03-16,その他の設立登記法人
医療法人社団川崎おぐら眼科クリニック,神奈川県川崎市幸区小倉５丁目１９番２３号クロスガーデン川崎２Ｆ,2017-03-16,その他の設立登記法人
医療法人社団慈京会,東京都世田谷区経堂５丁目３番２９号１階,2017-03-16,その他の設立登記法人
医療法人社団斗星堂会,東京都調布市小島町１丁目２４番地５・１階,2017-03-16,その他の設立登記法人
医療法人社団春光会,茨城県稲敷郡阿見町南平台１丁目２２１３番地２号,2017-03-16,その他の設立登記法人
医療法人社団水色の木もれ陽肝臓クリニック札幌,北海道札幌市中央区北十一条西１５丁目２番１号サンエーアインビル３階,2017-03-16,その他の設立登記法人
医療法人社団生美会,東京都武蔵野市吉祥寺南町１丁目１０番１号東ビル３階,2017-03-16,その他の設立登記法人
医療法人社団目黒クリニック循環器科・内科,山形県天童市糠塚１丁目４番１号,2017-03-16,その他の設立登記法人
医療法人良信会,福岡県朝倉市堤６５３番地１,2017-03-16,その他の設立登記法人
医療法人ＭＤＣ,福岡県福岡市西区姪浜駅南２丁目１番３７号,2017-03-16,その他の設立登記法人
協同組合エムズ,新潟県上越市大字上中田１１７８番地,2017-03-16,その他の設立登記法人
古民家再生ネットワークジャパン株式会社,広島県福山市松永町２丁目５番１９号,2017-03-16,株式会社
合同会社かも,東京都世田谷区三軒茶屋１丁目１３番２０号,2017-03-16,合同会社
合同会社かやのうら,和歌山県和歌山市黒田３３７番２５－５０３号,2017-03-16,合同会社
合同会社くるくる,熊本県八代市鷹辻町５番２１号,2017-03-16,合同会社
合同会社たまきあい,三重県度会郡玉城町田丸１番地,2017-03-16,合同会社
合同会社でんでんむしカンパニー,宮城県本吉郡南三陸町歌津字払川７６番地,2017-03-16,合同会社
合同会社まこゆ,長野県長野市青木島町綱島４４７番地３,2017-03-16,合同会社
合同会社みや,長野県長野市宮沖３１１８番地１コーポ岡村Ａ－２,2017-03-16,合同会社
合同会社みやびマネージメント,東京都江東区豊洲３丁目６番８－２５１０号,2017-03-16,合同会社
合同会社アイライン,奈良県奈良市針町３２３３番地メイブルーム１０３,2017-03-16,合同会社
合同会社イナダホールディングス,京都府京都市下京区中堂寺粟田町９０番地ＫＲＰ８号館,2017-03-16,合同会社
合同会社インナーマウンテン,静岡県袋井市大門１４－１２,2017-03-16,合同会社
合同会社エアクール空調サービス,宮崎県宮崎市大字恒久５００８番地７,2017-03-16,合同会社
合同会社エステック,東京都中央区銀座１丁目２７番８号セントラルビル７０３号,2017-03-16,合同会社
合同会社エス・イー,秋田県能代市浅内字中谷地１０２番地,2017-03-16,合同会社
合同会社エムビーケーシステム,東京都品川区小山６丁目５番１０号,2017-03-16,合同会社
合同会社エンヴィーキャピタル,東京都中央区銀座７丁目１３番６号サガミビル２階,2017-03-16,合同会社
合同会社オフィス廣,東京都町田市原町田２丁目１０番１１号,2017-03-16,合同会社
合同会社オフィスＮＯＮ,静岡県磐田市明ケ島原３９番地１５,2017-03-16,合同会社
合同会社クライシステム,大阪府大阪市北区梅田１丁目１１番４号大阪駅前第４ビル,2017-03-16,合同会社
合同会社クレイオス,東京都豊島区南大塚１丁目６０番２０号,2017-03-16,合同会社
合同会社スマイルケアサービス,兵庫県芦屋市大東町１１番１号,2017-03-16,合同会社
合同会社ソルシステム,大阪府河内長野市西之山町四丁目６番福田ビル３階,2017-03-16,合同会社
合同会社トヨタ総業,愛知県豊田市田中町１丁目１２１番地５,2017-03-16,合同会社
合同会社トラスト,大阪府大阪市淀川区塚本６丁目４番３２号,2017-03-16,合同会社
合同会社ノマミ,宮城県仙台市太白区中田５丁目１６－１５,2017-03-16,合同会社
合同会社パインズプロパティ,埼玉県さいたま市浦和区本太５丁目４番１１号エルパンセ浦和１０２,2017-03-16,合同会社
合同会社フィック,京都府京都市山科区四ノ宮神田町１０番地２,2017-03-16,合同会社
合同会社プロナレッジ,岡山県岡山市北区下中野３５６番地１０１,2017-03-16,合同会社
合同会社ベルデ,東京都葛飾区東新小岩５丁目１７番１２号アソウ荘,2017-03-16,合同会社
合同会社ミラマール,東京都港区南青山２丁目２番１５号Ｗｉｎ青山ビルＵＣＦ９階,2017-03-16,合同会社
合同会社ライフニューアビリティー,東京都世田谷区上用賀１丁目６番２号,2017-03-16,合同会社
合同会社リアライズインベストメントフォース,東京都港区六本木６丁目１０番１号六本木ヒルズ森タワー３４階,2017-03-16,合同会社
合同会社リヒンエンタープライズ,茨城県筑西市舟生２７３番地,2017-03-16,合同会社
合同会社リベルタ,東京都中央区銀座７丁目１３番６号サガミビル２階,2017-03-16,合同会社
合同会社リ・プレイス,滋賀県野洲市久野部２５２番地,2017-03-16,合同会社
合同会社ワイ・トラスト,山口県防府市大字植松１１７番地４,2017-03-16,合同会社
合同会社ワンエス,北海道札幌市清田区北野三条４丁目１３番２０号,2017-03-16,合同会社
合同会社和瑞,秋田県山本郡三種町鵜川字一村竹５４番地７,2017-03-16,合同会社
合同会社咲エステート,千葉県船橋市習志野台２丁目３０番１３号,2017-03-16,合同会社
合同会社大翔管工,岡山県岡山市南区新福１丁目３番３９号１０１,2017-03-16,合同会社
合同会社小笠原商店,佐賀県鹿島市大字高津原４３６４番地１,2017-03-16,合同会社
合同会社尚,静岡県静岡市清水区船原２丁目６番地の３,2017-03-16,合同会社
合同会社山ノ内コーポレーション,神奈川県横浜市西区高島２丁目１１番２号スカイメナー横浜４２２,2017-03-16,合同会社
合同会社山工,大阪府大東市寺川５丁目４４８番地の１５２みはらしハイツ２Ｆ,2017-03-16,合同会社
合同会社惠会計,広島県安芸郡府中町茂陰２丁目２番２４－２０６号,2017-03-16,合同会社
合同会社東京ＡＭ,東京都文京区湯島１丁目５番２８号,2017-03-16,合同会社
合同会社泉州企画,大阪府堺市西区鳳南町５丁５１７－２１,2017-03-16,合同会社
合同会社清流日本,東京都中央区日本橋２丁目１番地１７号丹生ビル２階,2017-03-16,合同会社
合同会社相愛企画,埼玉県吉川市吉川２丁目２８番地７,2017-03-16,合同会社
合同会社羽夢里,神奈川県横浜市青葉区美しが丘４丁目３７番地１４,2017-03-16,合同会社
合同会社育心サポート,愛知県名古屋市天白区植田南３丁目１１１番地（エクセル植田１００１号）,2017-03-16,合同会社
合同会社ＡＬＯＮＥ,東京都台東区浅草橋３丁目２８番３－８０４号,2017-03-16,合同会社
合同会社ＡＮＬＩＭＩＴＥＤ,大阪府八尾市植松町４丁目４番１７号,2017-03-16,合同会社
合同会社ＡＴエステート,東京都八王子市兵衛１丁目５番１０号,2017-03-16,合同会社
合同会社ＡＹＡエージェンシー,東京都世田谷区池尻３丁目４番１２号,2017-03-16,合同会社
合同会社ＢＯＮＤ,千葉県千葉市中央区祐光１丁目４番１８号グリーンハイツ４０６号,2017-03-16,合同会社
合同会社ＣＭＴ藤ＬＬＣ,東京都台東区三筋１丁目９番９号,2017-03-16,合同会社
合同会社ＣＹＥ　ｃａｐｉｔａｌ　ｍａｎａｇｅｍｅｎｔ,東京都港区北青山２丁目７番２０号猪瀬ビル２Ｆ,2017-03-16,合同会社
合同会社Ｄ＆Ｄ,神奈川県横浜市南区山王町４丁目２８番１０ヴィータローザ横浜吉野町８０１号,2017-03-16,合同会社
合同会社Ｄ＆Ｋ,神奈川県横浜市南区山王町４丁目２８番１０ヴィータローザ横浜吉野町８０１号,2017-03-16,合同会社
合同会社ＦＡＭＩＬＹ,静岡県磐田市明ケ島原３番地１３,2017-03-16,合同会社
合同会社ＦＲＯＭ,茨城県行方市井上１４１６番地２,2017-03-16,合同会社
合同会社ＧＲＩＴコンサルティング,神奈川県横浜市都筑区北山田２丁目２７番４－２０５号,2017-03-16,合同会社
合同会社ＨＩＧＡＳＨＩ　ＬＡＮＫＡ,千葉県鎌ケ谷市佐津間大境１０４８番地３,2017-03-16,合同会社
合同会社ＩＵＭ,滋賀県守山市今市町２１番地の２１,2017-03-16,合同会社
合同会社Ｋ・Ｒ,京都府宇治市木幡南山５番地の４０,2017-03-16,合同会社
合同会社ＫＵ　ＴＲＡＤＩＮＧ,神奈川県横浜市南区永楽町２丁目２３番地２－１２０１号,2017-03-16,合同会社
合同会社Ｌｉｂｅｒｔｙ,東京都港区南青山２丁目２番１５号ウィン青山９４２,2017-03-16,合同会社
合同会社ＭＥ管理,埼玉県さいたま市見沼区東大宮７丁目６７番地１（６０４号）,2017-03-16,合同会社
合同会社ＭＲパートナー,愛知県名古屋市東区代官町１４番１号,2017-03-16,合同会社
合同会社ＭＲＭ,福岡県飯塚市潤野９３４－３７,2017-03-16,合同会社
合同会社ＭＹＣＫ,東京都中央区日本橋堀留町２丁目１－１４ヴェルステージ日本橋人形町１１０７号室,2017-03-16,合同会社
合同会社ＮＣＸ,東京都千代田区神田佐久間町３丁目２１番５号東神田ビル３０７号,2017-03-16,合同会社
合同会社ＯＣハウス,東京都大田区多摩川２丁目１８番２号,2017-03-16,合同会社
合同会社ＯＭＯＩ,岡山県笠岡市七番町１番地５４,2017-03-16,合同会社
合同会社ＯＲＧＥＮＴ,熊本県水俣市大園町２丁目６番２号大園ハイツ２０３号,2017-03-16,合同会社
合同会社Ｐｌｅａｓｕｒｅ,兵庫県宝塚市桜ガ丘３番１２号,2017-03-16,合同会社
合同会社ＲＩＳＩＮＧ,東京都中央区日本橋３丁目２番１４号新槙町ビル別館第一２階,2017-03-16,合同会社
合同会社ＳｅｅＳａｗ,埼玉県所沢市緑町３丁目４番１６－３号,2017-03-16,合同会社
合同会社Ｔ＆Ｓ,東京都墨田区江東橋２丁目６番１４－３０５号,2017-03-16,合同会社
合同会社ＴＲＥＥ,大阪府大阪市中央区南船場３丁目８番１５号北心斎橋黒田ビル３階,2017-03-16,合同会社
合同会社ＴＴＣ,京都府宇治市六地蔵町並３８番地の１ブランズ六地蔵ユニハイム１４０４号,2017-03-16,合同会社
合同会社Ｔｓｕｎａｇｕ　Ｃｏｒｐｏｒａｔｉｏｎ,東京都渋谷区宇田川町３４番５号,2017-03-16,合同会社
合同会社Ｔｗｅｌｖｅ，１２,北海道札幌市中央区南九条西１３丁目２番２号,2017-03-16,合同会社
合同会社Ｗａｔｅｒ　Ｖａｌｌｅｙ,宮崎県都城市八幡町９街区６号,2017-03-16,合同会社
合同会社ＹＯＰＯ,神奈川県伊勢原市笠窪３８５番地の１,2017-03-16,合同会社
合同会社ｇｒａｓｐ,福岡県福岡市博多区東平尾２丁目９番５－５０１号,2017-03-16,合同会社
周遊国際株式会社,大阪府大阪市北区大淀南２丁目８番１１－３０３号,2017-03-16,株式会社
国東半島宇佐地域世界農業遺産推進協議会,大分県大分市大手町３丁目１－１大分県農林水産企画課内,2017-03-16,その他
大上産業株式会社,愛媛県大洲市平野町野田６２４番地１,2017-03-16,株式会社
大澤エレキング株式会社,茨城県古河市茶屋新田４０９番地６７,2017-03-16,株式会社
大石設備株式会社,大阪府高槻市西冠２丁目７番７号,2017-03-16,株式会社
大青ホールディングス株式会社,青森県青森市問屋町１丁目９番３０号,2017-03-16,株式会社
天成貿易株式会社,東京都文京区本駒込５丁目２７番９号大滝マンション２－Ｄ,2017-03-16,株式会社
天理市一般廃棄物処理協同組合,奈良県天理市嘉幡町２２７番地の１,2017-03-16,その他の設立登記法人
宮久外装株式会社,静岡県磐田市明ケ島５４４番地１,2017-03-16,株式会社
小串鋼業株式会社,埼玉県入間郡毛呂山町大字長瀬１８４６番地２,2017-03-16,株式会社
山岡石材店株式会社,富山県高岡市福岡町下老子７３３番地,2017-03-16,株式会社
峰上興業株式会社,千葉県千葉市中央区浜野町３５７番地８－２０３号,2017-03-16,株式会社
平安国際株式会社,埼玉県川口市飯塚４丁目４番２４号,2017-03-16,株式会社
広島市立三和中学校　学校協力者会議,広島県広島市佐伯区利松３丁目１０番１号,2017-03-16,その他
弁護士法人東京ハレノヒ法律事務所,千葉県銚子市三軒町１９番地の４,2017-03-16,その他の設立登記法人
恒東合同会社,埼玉県蕨市中央４丁目１３－３ピアロードマンション３０１,2017-03-16,合同会社
折登自動車株式会社,神奈川県横浜市西区南浅間町１８番地２カーサスズキ３０１号,2017-03-16,株式会社
新日本リライフ株式会社,兵庫県神戸市中央区栄町通５丁目２番１９号,2017-03-16,株式会社
新田東リースビジネス合同会社,宮城県仙台市宮城野区出花２丁目３番１号,2017-03-16,合同会社
新電力開発株式会社,東京都港区新橋２丁目２０番１５号新橋駅前ビル１号館６０１,2017-03-16,株式会社
日建サービス株式会社,大阪府大阪市中央区淡路町１丁目７番３号,2017-03-16,株式会社
有限会社東海リビング,愛知県豊田市桝塚東町西郷１３３番地,2017-03-16,有限会社
東京仲介不動産家株式会社,東京都新宿区西新宿６丁目２５番１６号７１１号,2017-03-16,株式会社
東創株式会社,神奈川県横浜市中区寿町２丁目８－１－４０４号,2017-03-16,株式会社
東洋ピースフルダイナー株式会社,北海道釧路市末広町５丁目１３番地,2017-03-16,株式会社
栄飛株式会社,神奈川県横浜市中区伊勢佐木町７丁目１５１番地５Ｙ・Ｓビル５０１号,2017-03-16,株式会社
株式会社あいる,東京都東久留米市中央町３丁目１番１０号,2017-03-16,株式会社
株式会社おうび,大阪府大阪市北区梅田１丁目２番２－２００号,2017-03-16,株式会社
株式会社さくま,東京都練馬区下石神井２丁目３３番３０－１０２号,2017-03-16,株式会社
株式会社さくらファンディング,東京都千代田区神田神保町１丁目１１番地,2017-03-16,株式会社
株式会社ていか,大阪府大阪市北区堂島浜２丁目２－２８堂島アクシスビル４Ｆ,2017-03-16,株式会社
株式会社はなまるペイント,埼玉県越谷市大字大竹１番地,2017-03-16,株式会社
株式会社はるにれ,大分県佐伯市中村北町９番２９号,2017-03-16,株式会社
株式会社ふじ,岐阜県中津川市福岡１０番地１,2017-03-16,株式会社
株式会社みどり,北海道上川郡美瑛町栄町１丁目８番２２号,2017-03-16,株式会社
株式会社ゆう不動産販売,京都府城陽市富野南清水５９番地１グランビル,2017-03-16,株式会社
株式会社わごころ,東京都台東区東上野１丁目２４番７号,2017-03-16,株式会社
株式会社アイプロホーム,愛知県名古屋市天白区原４丁目２０３番地,2017-03-16,株式会社
株式会社アクアサービス,大阪府堺市堺区今池町６丁５番３３－２０３号,2017-03-16,株式会社
株式会社アクアライン,大阪府吹田市山田西１丁目７番Ｃ－１００６号,2017-03-16,株式会社
株式会社アクティブ,東京都東大和市桜が丘４丁目２８５番地の３６,2017-03-16,株式会社
株式会社アシスト,長野県長野市大字栗田６５３－９６ハイツ山田Ｃ号室,2017-03-16,株式会社
株式会社アジア国際健寿研究センター,愛知県名古屋市中区栄３丁目２番３号,2017-03-16,株式会社
株式会社アセットアロケーション,福島県郡山市小原田２丁目２番１９号ベルラップ１０１号,2017-03-16,株式会社
株式会社アセンディオ,千葉県浦安市日の出７丁目８番１６号,2017-03-16,株式会社
株式会社アップオン不動産,福岡県飯塚市赤坂６３２番地,2017-03-16,株式会社
株式会社アドルバツイン,東京都世田谷区成城５丁目２０番８号,2017-03-16,株式会社
株式会社アプトアミューズ,北海道北見市花月町１１番地４４,2017-03-16,株式会社
株式会社アミーゴホールディングス,福島県福島市成川字宮内１番地の１,2017-03-16,株式会社
株式会社アムラボ,千葉県習志野市本大久保２丁目２番１２号,2017-03-16,株式会社
株式会社アラク,埼玉県さいたま市見沼区東大宮１丁目２番地５,2017-03-16,株式会社
株式会社アルファプラス,東京都西東京市北町２丁目１６番３０号,2017-03-16,株式会社
株式会社アールエイチカンパニー,東京都大田区南六郷２丁目７番２３号,2017-03-16,株式会社
株式会社イク・シーズ,新潟県新潟市南区大通黄金４丁目４番地１,2017-03-16,株式会社
株式会社イーピー産業,東京都荒川区西日暮里１丁目６１番１８号,2017-03-16,株式会社
株式会社ウィン,東京都世田谷区奥沢５丁目１番１１号メゾンド・ジョワ２０２,2017-03-16,株式会社
株式会社エアサービス,東京都豊島区南長崎１丁目１３番９号小黒ビル１階,2017-03-16,株式会社
株式会社エアーデザインマネジメント,京都府京都市山科区大塚森町１２番地１９,2017-03-16,株式会社
株式会社エコメイト・ジャパン,愛知県新城市上吉田字栗本２９番地１,2017-03-16,株式会社
株式会社エスエイテック,大分県大分市大在北３丁目１１番１１号,2017-03-16,株式会社
株式会社エスポワール,東京都西東京市東町５丁目２番５号,2017-03-16,株式会社
株式会社オフィスサプライ企画,広島県広島市中区八丁堀１番２３号ヴェル八丁堀３０４号,2017-03-16,株式会社
株式会社オレンジグローヴ,東京都豊島区池袋２丁目６１番１号,2017-03-16,株式会社
株式会社カイジ,東京都練馬区上石神井１丁目１１番２０号,2017-03-16,株式会社
株式会社カケイ,大阪府大阪市中央区日本橋２丁目１４番１３号１階,2017-03-16,株式会社
株式会社カレル,東京都渋谷区道玄坂２丁目１０番１２号,2017-03-16,株式会社
株式会社キジナミ工業,福島県福島市山口字雷６６番地の１,2017-03-16,株式会社
株式会社キャネットプロパティ,東京都中央区日本橋茅場町２丁目７番１０号,2017-03-16,株式会社
株式会社クロス,東京都千代田区神田錦町２丁目９番地,2017-03-16,株式会社
株式会社グッジョブ,東京都品川区北品川５丁目１５番１３号,2017-03-16,株式会社
株式会社グランパル,東京都江東区豊洲４丁目１１番２０号,2017-03-16,株式会社
株式会社グリーンヒルズ,宮崎県都城市横市町６６４４番地４,2017-03-16,株式会社
株式会社ケイオーシー,東京都中央区八重洲２丁目３番１４号,2017-03-16,株式会社
株式会社ケーアイテック,大阪府大阪市東住吉区杭全７丁目１２番１３号,2017-03-16,株式会社
株式会社コサナ・ケイジング・ライフ,岡山県赤磐市吉原１３３番地１,2017-03-16,株式会社
株式会社コラボレイティブベンチャーズジャパン,東京都千代田区大手町１丁目９番２号大手町フィナンシャルシティグランキューブ３Ｆ,2017-03-16,株式会社
株式会社コレクト,静岡県静岡市清水区草薙３丁目１０番１５号,2017-03-16,株式会社
株式会社コンセプトプロト,東京都品川区平塚２丁目２０番８号戸越銀座プレイス２０７,2017-03-16,株式会社
株式会社コンプロ,福岡県福岡市東区香椎照葉７丁目３番２２,2017-03-16,株式会社
株式会社サクシード,埼玉県吉川市吉川団地５番１７号２０５,2017-03-16,株式会社
株式会社サトマサ,大阪府大阪市住吉区苅田７丁目１０番７－２０３号,2017-03-16,株式会社
株式会社サンセイ建工,千葉県四街道市さつきケ丘１６番８号,2017-03-16,株式会社
株式会社サンタ,香川県高松市三条町６２３番地１,2017-03-16,株式会社
株式会社サンライズ,神奈川県大和市福田２丁目２２番地５,2017-03-16,株式会社
株式会社サンライト,三重県いなべ市員弁町上笠田１９０３番地１,2017-03-16,株式会社
株式会社サークルサポート,佐賀県鳥栖市儀徳町３２４５番地２,2017-03-16,株式会社
株式会社ショウリュウ,福島県いわき市常磐湯本町三函１９５番地の４,2017-03-16,株式会社
株式会社シーキューブデザイン,山梨県南都留郡富士河口湖町船津３１２２番地２メイプルヒルズ７－Ｄ,2017-03-16,株式会社
株式会社ジェ・スター,東京都台東区東上野１丁目２番３号デュオ・スカーラ御徒町１１０３号室,2017-03-16,株式会社
株式会社ジャプロ沖縄,沖縄県那覇市久茂地１丁目１番１号パレット久茂地９階,2017-03-16,株式会社
株式会社ジール・ワン,福岡県北九州市小倉北区東篠崎３丁目３番１－７１４号,2017-03-16,株式会社
株式会社スーパー民間公務員ネットワークジャパン,広島県福山市松永町２丁目５番１９号,2017-03-16,株式会社
株式会社セキエイ,神奈川県川崎市麻生区下麻生１丁目３２番２３号,2017-03-16,株式会社
株式会社セツオ,兵庫県尼崎市元浜町２丁目１００番地の３,2017-03-16,株式会社
株式会社ゼロ・バランス,広島県広島市西区新庄町５番１９号,2017-03-16,株式会社
株式会社ソシキ,東京都北区田端１丁目１９番１７号,2017-03-16,株式会社
株式会社タカハシ,東京都大田区西蒲田５丁目５番１５号,2017-03-16,株式会社
株式会社タートルズ,東京都世田谷区上馬２丁目４番４号,2017-03-16,株式会社
株式会社ダイナミックソリューションズ,東京都千代田区内神田２丁目４番９号ＧＳビル大手町３０５号,2017-03-16,株式会社
株式会社チャレンジ,愛知県豊田市浄水町伊保原１５５番地,2017-03-16,株式会社
株式会社デジタルプラス,東京都足立区綾瀬４丁目２１番３アクロポリス３０２号,2017-03-16,株式会社
株式会社トガミ,東京都中央区銀座３丁目３番８号銀座ＴＭビル,2017-03-16,株式会社
株式会社トラストワン,大阪府大阪市北区梅田１丁目１番３号大阪駅前第３ビル２３０７,2017-03-16,株式会社
株式会社トランスポーター,神奈川県相模原市中央区由野台１丁目２３番７号,2017-03-16,株式会社
株式会社ニコ,神奈川県横浜市戸塚区前田町１８３番地２ヴェレーナ東戸塚７２３号,2017-03-16,株式会社
株式会社ニシカワ工業,兵庫県姫路市飾磨区今在家１４０５－１－２０３,2017-03-16,株式会社
株式会社ニチドウ,岡山県岡山市南区内尾３６９番地２５,2017-03-16,株式会社
株式会社ネクスト・ウイング,神奈川県川崎市川崎区浜町１丁目１６番１２－２号,2017-03-16,株式会社
株式会社ノードクレディ,北海道函館市松陰町２０番１３号,2017-03-16,株式会社
株式会社ハシモト洗工,埼玉県和光市本町２３番８号,2017-03-16,株式会社
株式会社ハルドインテリア,東京都足立区谷中２丁目５番３－３０８号,2017-03-16,株式会社
株式会社ハーモニー,大阪府大阪市中央区南新町１丁目３番１０号,2017-03-16,株式会社
株式会社バックムーン,沖縄県豊見城市字豊見城３１８番地３,2017-03-16,株式会社
株式会社パシュート,東京都豊島区南池袋３丁目１３番５号ＫＪ南池袋ビル８Ｆ,2017-03-16,株式会社
株式会社パートナーズ,東京都千代田区二番町１番地２番町ハイム８１１,2017-03-16,株式会社
株式会社ヒュッゲン,大阪府大阪市西区立売堀５丁目３番１８号,2017-03-16,株式会社
株式会社ビスタ,大阪府大阪市北区南森町１丁目１番２５号,2017-03-16,株式会社
株式会社ファスティゲート,福岡県福岡市西区愛宕浜４丁目２０番１５号,2017-03-16,株式会社
株式会社ファーストセレクション,埼玉県川越市伊勢原町５丁目５番地２２,2017-03-16,株式会社
株式会社ファーストメディカル,岡山県真庭市上河内４１０番地２,2017-03-16,株式会社
株式会社フォークルー,東京都文京区小日向４丁目５番１４－８０２号,2017-03-16,株式会社
株式会社フォーサムワン,北海道札幌市中央区南三条西６丁目１番地２－５０２号,2017-03-16,株式会社
株式会社ブリエ,宮城県柴田郡大河原町字新東２４番１４号,2017-03-16,株式会社
株式会社ブリオン,神奈川県横浜市港南区上大岡西１丁目１７番２８号第２５太蔵ビル６階,2017-03-16,株式会社
株式会社ブリッジキャピタル,神奈川県横浜市戸塚区川上町６４３番地２３,2017-03-16,株式会社
株式会社ブルーアースセキュリティ,東京都千代田区神田須田町２丁目２３番１号,2017-03-16,株式会社
株式会社ポルタメントパートナーズ,東京都世田谷区南烏山３丁目２２－１７,2017-03-16,株式会社
株式会社マオイゴルフリゾート,北海道夕張郡長沼町東５線北１０番地,2017-03-16,株式会社
株式会社マーヴェリック,東京都武蔵村山市中央２丁目１２６番地,2017-03-16,株式会社
株式会社ミサトマルシェ,秋田県仙北郡美郷町六郷字馬町８３番地,2017-03-16,株式会社
株式会社ミッションスポーツ,東京都渋谷区千駄ヶ谷３丁目１２番１０号アピカ原宿セデュー２０４,2017-03-16,株式会社
株式会社メイギビルド,愛知県名古屋市北区上飯田通２丁目４番地,2017-03-16,株式会社
株式会社メディトピア,大阪府大阪市淀川区東三国５丁目２番２０号岸本第５ビル,2017-03-16,株式会社
株式会社ユタカ,大阪府吹田市垂水町３丁目９番２０３号,2017-03-16,株式会社
株式会社ユニゾン,大阪府八尾市明美町１丁目５番２５号サンエコー八尾２０２号,2017-03-16,株式会社
株式会社ユーセフモータース,長野県松本市大字今井５９６４番地１１,2017-03-16,株式会社
株式会社ライフプロテクト,茨城県つくばみらい市古川１３８８番地７,2017-03-16,株式会社
株式会社ラエナ,東京都豊島区南大塚１丁目５７番５号,2017-03-16,株式会社
株式会社ラッキースター,東京都中央区銀座１丁目１３番１号ヒューリック銀座１丁目ビル４Ｆ,2017-03-16,株式会社
株式会社ラベッレザ,東京都港区白金台１丁目１番１６号Ｓ白金台５０１,2017-03-16,株式会社
株式会社リップスタイル,兵庫県神戸市灘区深田町２丁目６番５号,2017-03-16,株式会社
株式会社リバード,神奈川県大和市福田２丁目２２番地５,2017-03-16,株式会社
株式会社リモハブ,大阪府豊中市東豊中町２丁目６番８１号,2017-03-16,株式会社
株式会社ルスト,兵庫県西宮市若草町１丁目１１番８－３０１号,2017-03-16,株式会社
株式会社レクサリンク,東京都大田区山王３丁目２１番１号,2017-03-16,株式会社
株式会社ロイヤルスター,富山県高岡市木津７２８番地３,2017-03-16,株式会社
株式会社ワカマツ電工,東京都大田区大森北６丁目２番６号,2017-03-16,株式会社
株式会社ヴェリタス,京都府久世郡久御山町下津屋川原９４番地３６,2017-03-16,株式会社
株式会社一休ホールディングス,神奈川県横須賀市大矢部５丁目２２番１１号,2017-03-16,株式会社
株式会社一位,大阪府大阪市西区靱本町１丁目６番１号,2017-03-16,株式会社
株式会社万事屋,東京都渋谷区桜丘町８番４号ジュネス順心１０２,2017-03-16,株式会社
株式会社三和エステート,京都府京都市東山区大和大路通五条上る東入池殿町２１４番地２,2017-03-16,株式会社
株式会社上居酒屋,東京都渋谷区神宮前５丁目４７番８号,2017-03-16,株式会社
株式会社中村農場,福島県河沼郡会津坂下町大字白狐字中原甲８６番地,2017-03-16,株式会社
株式会社中沢工業,東京都世田谷区下馬３丁目１３番７号エクセル下馬Ｖ２０３,2017-03-16,株式会社
株式会社丸池,神奈川県川崎市川崎区東田町３番地３１ＪＳＪビル４階,2017-03-16,株式会社
株式会社京味來,京都府京都市中京区柳馬場通錦小路上る十文字町４４４番地,2017-03-16,株式会社
株式会社伝洋,三重県鳥羽市相差町２５５番地２,2017-03-16,株式会社
株式会社住まいるサポートラボ,大阪府大阪市北区菅原町１１番１１号９０１号室,2017-03-16,株式会社
株式会社佐賀新聞メディアホールディングス,佐賀県佐賀市天神３丁目２番２３号,2017-03-16,株式会社
株式会社光希,茨城県日立市東金沢町１丁目１８番２０号,2017-03-16,株式会社
株式会社光栄,埼玉県川口市領家３丁目１１番１２号,2017-03-16,株式会社
株式会社光樹,愛知県一宮市三条字北平２番地３,2017-03-16,株式会社
株式会社光生建築設計,大阪府柏原市今町１丁目３番２９号,2017-03-16,株式会社
株式会社北九州テクニカル,福岡県北九州市小倉北区上富野３丁目１３番８号大商第５ビル１０５号室,2017-03-16,株式会社
株式会社北王フードサービス,北海道札幌市手稲区西宮の沢六条１丁目１６番１－１１０号,2017-03-16,株式会社
株式会社友伸建設,熊本県熊本市西区春日２丁目９－３３ラシック・セリーズ１３０２,2017-03-16,株式会社
株式会社双葉防蝕,千葉県市原市中高根１２１８番地１０,2017-03-16,株式会社
株式会社向農園,大分県大分市大字丸亀６３０番地の１,2017-03-16,株式会社
株式会社喜真,岡山県倉敷市児島田の口７丁目２番３号,2017-03-16,株式会社
株式会社国際グループ,東京都渋谷区広尾１丁目７番２５号ＴＯＰ広尾２０１,2017-03-16,株式会社
株式会社地域ブランド企画,東京都稲城市向陽台１丁目１５番地の７,2017-03-16,株式会社
株式会社坂東塗装,徳島県徳島市庄町４丁目１１番地東條ハイツ３０２号室,2017-03-16,株式会社
株式会社増一,奈良県橿原市土橋町５２０番地,2017-03-16,株式会社
株式会社大志総建,福島県双葉郡広野町大字下北迫字下大吹６２番地の２,2017-03-16,株式会社
株式会社奈良太,京都府京都市中京区六角通柳馬場西入堀之上町１０６番地,2017-03-16,株式会社
株式会社威信工業,山口県山口市小郡尾崎町２０番１１号,2017-03-16,株式会社
株式会社寺崎水産,北海道函館市日乃出町１０番２０号,2017-03-16,株式会社
株式会社将コーポレーション,大阪府大阪市東住吉区中野４丁目５番２４号,2017-03-16,株式会社
株式会社山浩,宮城県大崎市古川南町３丁目７番３６号,2017-03-16,株式会社
株式会社岩本通信,広島県広島市安佐北区白木町大字三田１４２４番地２,2017-03-16,株式会社
株式会社工藤建設,青森県八戸市柏崎６丁目２１番５号類家アパート－イ号,2017-03-16,株式会社
株式会社建て家,兵庫県神戸市西区北別府４丁目７番地の８,2017-03-16,株式会社
株式会社弥生,徳島県板野郡北島町江尻字松ノ本１９番地３１,2017-03-16,株式会社
株式会社悠久会,宮城県気仙沼市西中才２８９番地５,2017-03-16,株式会社
株式会社成美,岡山県久米郡美咲町周佐６００番地１０,2017-03-16,株式会社
株式会社拾穂,埼玉県坂戸市八幡２丁目１番３７号,2017-03-16,株式会社
株式会社日本Ｌａｂ．,東京都文京区本駒込６丁目２４番４号鈴木ビル３Ｆ,2017-03-16,株式会社
株式会社日豊建機運輸,大分県大分市大字森７０５番地の３,2017-03-16,株式会社
株式会社旭メディカルアシスト,埼玉県さいたま市見沼区東大宮４丁目３７番地２,2017-03-16,株式会社
株式会社東北環境,山形県天童市大字上荻野戸１０４番地,2017-03-16,株式会社
株式会社松任工業,京都府八幡市八幡小松１６番地の３２,2017-03-16,株式会社
株式会社松鶴,愛知県豊田市荷掛町阿形２３４番地,2017-03-16,株式会社
株式会社栗山組,兵庫県神戸市兵庫区熊野町３丁目１４－１１,2017-03-16,株式会社
株式会社梅本林業,福岡県宗像市朝町２８２番地,2017-03-16,株式会社
株式会社森岡組,高知県吾川郡いの町天王北３丁目５番地２,2017-03-16,株式会社
株式会社沖永塗装工業,沖縄県南城市佐敷字兼久７９番地１,2017-03-16,株式会社
株式会社河野工業,山梨県富士吉田市下吉田２丁目２９番２８号,2017-03-16,株式会社
株式会社烏合之衆,東京都渋谷区代々木４丁目２２番１－１０６号,2017-03-16,株式会社
株式会社田辺測量,茨城県常陸太田市木崎一町４１１１番地２,2017-03-16,株式会社
株式会社異次元,秋田県秋田市大町５丁目１番１９号Ｂ・Ｂビル３階,2017-03-16,株式会社
株式会社真コーポレーション,大阪府大阪市西成区南津守７丁目１４番３８号,2017-03-16,株式会社
株式会社石坂建築,鳥取県鳥取市蔵田１２２番地６,2017-03-16,株式会社
株式会社竹内計装,千葉県木更津市桜井６７１番地,2017-03-16,株式会社
株式会社米田興産,広島県広島市安佐南区西原１丁目３番１１－８号,2017-03-16,株式会社
株式会社縁,兵庫県西宮市今津曙町６番９－１０１号,2017-03-16,株式会社
株式会社聖真工業,大分県大分市大在中央２丁目２番３号,2017-03-16,株式会社
株式会社至誠舎,栃木県宇都宮市宿郷１丁目７番１０号コーポ三倉３０２号,2017-03-16,株式会社
株式会社良品住宅設備,兵庫県神戸市須磨区飛松町１丁目１番２４号,2017-03-16,株式会社
株式会社萬来,茨城県古河市小堤２０１７番地２５,2017-03-16,株式会社
株式会社萬銘販,新潟県佐渡市相川下戸町５８番地,2017-03-16,株式会社
株式会社裕統,岡山県倉敷市玉島長尾２７５０番地１,2017-03-16,株式会社
株式会社西山温泉慶雲館,山梨県南巨摩郡早川町湯島白沢８３番地,2017-03-16,株式会社
株式会社親生,京都府長岡京市柴の里１０番地２２８,2017-03-16,株式会社
株式会社誠寿,大阪府大阪市平野区平野北１丁目９番２号,2017-03-16,株式会社
株式会社起雲社寺建築設計,岐阜県各務原市蘇原吉野町３丁目１１番地２,2017-03-16,株式会社
株式会社辰海工業,東京都中野区東中野４丁目９番２０号,2017-03-16,株式会社
株式会社農業生産法人アグリやいま,沖縄県石垣市字登野城５８０番地９,2017-03-16,株式会社
株式会社進友,宮城県石巻市前谷地字横須賀９９番地２１,2017-03-16,株式会社
株式会社遊味,山梨県富士吉田市新屋４２番地,2017-03-16,株式会社
株式会社遠藤興業,神奈川県相模原市中央区清新３丁目１２番１５－１０１号,2017-03-16,株式会社
株式会社鈴の屋,長崎県長崎市浜口町１２番１２号アメニティ山口４０２号,2017-03-16,株式会社
株式会社高有農産,岩手県胆沢郡金ケ崎町西根潤沢２５番地,2017-03-16,株式会社
株式会社齊藤工業,山口県宇部市大字中山７０８番地１グランディールウベＢ棟２０２号,2017-03-16,株式会社
株式会社齋藤興業,神奈川県横浜市鶴見区大東町８番地３０,2017-03-16,株式会社
株式会社ＡＳＣＨＥ,東京都渋谷区恵比寿南３丁目１番２４号恵比寿斉信ビル３階,2017-03-16,株式会社
株式会社ＡＸＩＡ,愛知県日進市浅田町茶園１番地２３グローリアス赤池１０１,2017-03-16,株式会社
株式会社Ａｓｓｏｃｉｅｒ,大阪府大阪市西成区千本南２丁目１２番２７号,2017-03-16,株式会社
株式会社Ｂ’ｂｒｅａｔｈ,東京都渋谷区神宮前１丁目２番１２号ＣＡＴＳ原宿９０３,2017-03-16,株式会社
株式会社ＢＴＣ,岡山県岡山市北区奥田本町１６番２８号ＹＳ奥田北側,2017-03-16,株式会社
株式会社Ｂｅ　ｔｈｅ　ｌｉｇｈｔ,岡山県倉敷市連島町連島３１２４番地１２,2017-03-16,株式会社
株式会社Ｂｉｇ　Ｆｏｒｅｓｔ　Ｓｙｓｔｅｍｓ,東京都葛飾区四つ木１丁目４０番１－１０１号オリンポス四つ木,2017-03-16,株式会社
株式会社Ｂｕｉｌｄ　Ｔｒｕｓｔ,埼玉県越谷市東越谷８丁目７５番地１,2017-03-16,株式会社
株式会社ＣＡＲＲＹＯＮ,新潟県新潟市中央区古町通８番町１４３４番地３,2017-03-16,株式会社
株式会社ＣＱ,東京都港区南青山２丁目２番１５号,2017-03-16,株式会社
株式会社ＣＲＥＥＤ,東京都文京区本郷２丁目２５番１４号第一ライトビル,2017-03-16,株式会社
株式会社ＣＴＩＡ,大阪府大阪市中央区南船場１丁目３番１４号,2017-03-16,株式会社
株式会社Ｃｈｏｉｃｅ　Ｈ,東京都新宿区歌舞伎町１丁目３番５号相模観光ビルイーストプラザ３Ｆ－Ｂ室,2017-03-16,株式会社
株式会社Ｅ音,東京都中央区銀座６丁目６番１号,2017-03-16,株式会社
株式会社ＧＢ,東京都練馬区大泉学園町５丁目３２番１２号,2017-03-16,株式会社
株式会社ＧＴＬ,千葉県木更津市高柳２丁目１番１３号,2017-03-16,株式会社
株式会社Ｇｉｏｃａｔｏｒｅ,広島県広島市佐伯区楽々園３丁目３－１９,2017-03-16,株式会社
株式会社Ｈｉｂｉｋｉ,愛媛県松山市東石井４丁目８番１４号,2017-03-16,株式会社
株式会社Ｉ　ａｍ,東京都江東区亀戸１丁目３５番７号,2017-03-16,株式会社
株式会社ＩＣＥＳ,京都府京都市伏見区日野西風呂町２６番地５,2017-03-16,株式会社
株式会社ＩＲＥ,東京都港区南麻布４丁目１番１２号,2017-03-16,株式会社
株式会社Ｊ＆Ｆホールディングス,佐賀県佐賀市川副町大字犬井道１８９３番地１,2017-03-16,株式会社
株式会社Ｋサービス,北海道札幌市東区北十五条東１８丁目５番２４－６０５号,2017-03-16,株式会社
株式会社Ｋ＆Ｍ,東京都大田区西蒲田８丁目２４番１号,2017-03-16,株式会社
株式会社Ｋ＆Ｙアセット,愛知県一宮市瀬部字小出４５番地,2017-03-16,株式会社
株式会社ＫＯＵＪＩＮ,千葉県成田市公津の杜４丁目６番地２（Ｂ棟１０３号室）,2017-03-16,株式会社
株式会社ＬＯＡ,千葉県木更津市請西南４丁目６番地１４,2017-03-16,株式会社
株式会社ＬＲＶ,東京都新宿区西新宿７丁目２１番９号,2017-03-16,株式会社
株式会社Ｌｉｆｅ　Ａｒｔ　Ｆｏｕｒ,奈良県奈良市学園大和町２丁目８１番地奈良西ビル４階,2017-03-16,株式会社
株式会社Ｌｏｖｅｓｔ,大阪府門真市幸福町１８番１６号,2017-03-16,株式会社
株式会社ＭＢＳ,千葉県千葉市中央区中央２丁目７番１０号,2017-03-16,株式会社
株式会社ＭＧ高崎,東京都中央区日本橋横山町７番１８号,2017-03-16,株式会社
株式会社ＭＧＭ,東京都板橋区西台３丁目８番１６号－２０１,2017-03-16,株式会社
株式会社ＭＩＲＡＩＥ,大阪府大阪市北区大淀中２丁目１１番８号,2017-03-16,株式会社
株式会社ＭＹ,大阪府大阪市中央区本町橋２－２３,2017-03-16,株式会社
株式会社ＭＹＧ,埼玉県新座市池田４丁目８番５８号,2017-03-16,株式会社
株式会社ＭＹＫ,三重県松阪市岡本町６９９番地,2017-03-16,株式会社
株式会社ＭｏｐＲｉｔｅ,福岡県春日市白水池１丁目３９番地,2017-03-16,株式会社
株式会社ＮＡサポート,愛知県名古屋市昭和区北山本町２丁目２１番地の５,2017-03-16,株式会社
株式会社ＮＦ３１,東京都世田谷区代田１丁目５番１５－４０５号,2017-03-16,株式会社
株式会社ＮＨＰ,大阪府大阪市中央区道修町２丁目４番１号北浜ＣＲＡＦＴ４０３号室,2017-03-16,株式会社
株式会社ＮＹＵ,福岡県福岡市西区生の松原３丁目１０番２０号,2017-03-16,株式会社
株式会社Ｎｏｕｖｅｌｌｅ　ｍｅｒ,群馬県高崎市飯塚町１４７番地４－１０１号,2017-03-16,株式会社
株式会社ＯＬＣ・ＡＳＩＡ,東京都福生市武蔵野台１丁目５番地１武蔵野台マンション１０３Ａ号室,2017-03-16,株式会社
株式会社Ｏｎｅ４ｃｌｏｔｈｉｎｇ,大阪府大阪市中央区西心斎橋２丁目１８番１８号ＴＯＰＯＲＯ５１ビル５Ｆ,2017-03-16,株式会社
株式会社ＰＤＭ,東京都江東区東陽３丁目３番８－１３０１号,2017-03-16,株式会社
株式会社Ｐｅｔ　ｇｒｏｗｔｈ,埼玉県越谷市レイクタウン５丁目４番地７バンブースクエアＡ棟,2017-03-16,株式会社
株式会社Ｐｌｕｓ,京都府舞鶴市丸山中町５１番地の２,2017-03-16,株式会社
株式会社ＲＡＰＰＯＲＴ　ＣＯＮＳＵＬＴＩＮＧ,岐阜県加茂郡坂祝町黒岩６５８番地５,2017-03-16,株式会社
株式会社ＲＥＪＩ,大阪府大阪市北区鶴野町３番９－２３０１号,2017-03-16,株式会社
株式会社ＲＥＲＯＴＴＯ,熊本県熊本市中央区新大江３丁目１０番８号,2017-03-16,株式会社
株式会社ＲＯＯＭ,東京都江東区豊洲３丁目６番８－７１３号,2017-03-16,株式会社
株式会社Ｒｅ－Ｎｅｔ,埼玉県熊谷市武体１７７番地５,2017-03-16,株式会社
株式会社Ｒｅａｌｉｚｅ,大阪府大阪市福島区福島６丁目８番２０－５０２号,2017-03-16,株式会社
株式会社Ｒｅｖｉｖｅ,東京都豊島区高田３丁目３２番３号メイスンビル４階,2017-03-16,株式会社
株式会社ＳＭ３,大阪府大阪市平野区長吉川辺３丁目１７番７号ルミナス１（４０２）,2017-03-16,株式会社
株式会社ＳＯＷ　ＣＡＬ,東京都渋谷区恵比寿２丁目２０番１０号恵比寿フラッツ２０１,2017-03-16,株式会社
株式会社ＳＵＮ,大阪府大阪狭山市東茱萸木１丁目２３０８番地の１５,2017-03-16,株式会社
株式会社ＳＵＮＴＥＣＪＡＰＡＮ,東京都千代田区西神田３丁目３番６号九段オーシャンビル,2017-03-16,株式会社
株式会社Ｓａｈｉ－Ｔｒａｄｉｎｇ,埼玉県さいたま市岩槻区原町１６番３６号,2017-03-16,株式会社
株式会社Ｓａｉｔｏ　Ｂｒｏｔｈｅｒｓ,宮城県仙台市青葉区中央４丁目８番１７号,2017-03-16,株式会社
株式会社Ｓａｎ－ｅｉ,神奈川県横浜市栄区元大橋１丁目５番８号,2017-03-16,株式会社
株式会社ＳｔｏｒｙＴｏｕｒ,北海道札幌市中央区北二条西２丁目７番地１,2017-03-16,株式会社
株式会社ＴＫＯ都市開発,京都府京都市下京区深草町５８６番地１,2017-03-16,株式会社
株式会社ＴＯＯＬ　ＢＯＸ,宮城県多賀城市桜木１丁目２－６－２Ｆ－Ｃ,2017-03-16,株式会社
株式会社Ｔｉｅｓ　ｏｆ　Ｈｅａｒｔ,東京都昭島市つつじが丘２丁目６番２２－１０３号,2017-03-16,株式会社
株式会社ＶＩＶＡインテリジェンスネットワーク,東京都豊島区東池袋３丁目２１番１８号第一笠原ビル５－５０５号,2017-03-16,株式会社
株式会社Ｖｅｎｔｕｓ,東京都港区北青山２丁目７番２０号猪瀬ビル２階,2017-03-16,株式会社
株式会社Ｗｉｌｌ　Ｌａｂ,東京都港区白金台４丁目１３番１０号,2017-03-16,株式会社
株式会社Ｗｏｎｄｅｒ　Ｗａｎｄｅｒｅｒｓ,東京都中野区中野２丁目１６番２２号,2017-03-16,株式会社
株式会社ＹＡＷＡＴＡＹＡ,大阪府大阪市城東区中浜１丁目１４番１０号,2017-03-16,株式会社
株式会社Ｚｅｓｔｙ,神奈川県横浜市鶴見区鶴見中央５丁目２６番１６－３０３号,2017-03-16,株式会社
株式会社ｂｏｕｎｄ－ｄｅｓｉｇｎ,宮崎県宮崎市江平東１丁目１番７号宮崎ビル１階南,2017-03-16,株式会社
株式会社ｓ‐ｅｍｏｔｉｏｎ,東京都豊島区西池袋３丁目１番１２号１１０７号,2017-03-16,株式会社
株式会社ｓｋｙｐｒｏｊｅｃｔ,埼玉県草加市柿木町１３６２番地,2017-03-16,株式会社
桐テクニカルコンサルタント株式会社,島根県松江市東津田町１８７６番地３,2017-03-16,株式会社
梶原事業開発合同会社,東京都中央区月島２丁目１０－１,2017-03-16,合同会社
正源株式会社,東京都日野市神明１丁目２１番地２アメニティハウス１０２,2017-03-16,株式会社
浜左官工業株式会社,神奈川県横浜市西区浅間台１０８番地,2017-03-16,株式会社
特定非営利活動法人やる気ゼミ,茨城県那珂郡東海村豊白１丁目３番３７号東海外材ビル２Ｆ、Ａ２０１,2017-03-16,その他の設立登記法人
特定非営利活動法人ホープフル・タッチ,東京都渋谷区千駄ヶ谷３丁目６１番３号コンフォリア原宿４０３,2017-03-16,その他の設立登記法人
特定非営利活動法人マンガ作品保存会ＭＯＭ,埼玉県さいたま市中央区下落合５丁目１０番５号,2017-03-16,その他の設立登記法人
特定非営利活動法人前向き子育てふくおか,福岡県久留米市城南町８番地１ヴェルパーク久留米城南２０２号,2017-03-16,その他の設立登記法人
特定非営利活動法人日本チンロン連盟,茨城県龍ケ崎市字平畑１２０番地,2017-03-16,その他の設立登記法人
犬とくらす株式会社,福岡県北九州市八幡西区下畑町３番２５号,2017-03-16,株式会社
琴雅合同会社,東京都台東区上野６丁目７番１６号,2017-03-16,合同会社
田中都市開発株式会社,福岡県福岡市博多区博多駅東１丁目１０番４号ＭＡＳビル５階,2017-03-16,株式会社
白神農産株式会社,秋田県山本郡八峰町八森字中家後１２番地７,2017-03-16,株式会社
省エネプランニング株式会社,東京都新宿区新宿２丁目６番３号藤和新宿コープ６０１,2017-03-16,株式会社
社会福祉法人星山会,福岡県宗像市徳重２０１番地１,2017-03-16,その他の設立登記法人
福島搬送株式会社,福島県須賀川市稲荷町４番地の２,2017-03-16,株式会社
秀栄建設株式会社,群馬県伊勢崎市田部井町３丁目２８７２番地アルバマーレＡ１０２,2017-03-16,株式会社
立川メディカルサービス株式会社,東京都立川市富士見町１丁目３２番５号,2017-03-16,株式会社
立志合同会社,東京都杉並区方南２丁目１２番２６号,2017-03-16,合同会社
綜合商社バリアス・ライフ合同会社,福島県田村郡三春町字一本松３４番地一本松３４団地１１０号,2017-03-16,合同会社
興誠産業株式会社,千葉県千葉市若葉区中野町１４４１,2017-03-16,株式会社
華軒株式会社,埼玉県越谷市花田７丁目９番１号メゾンラフォーレⅡ３０１号室,2017-03-16,株式会社
西日本建和協同組合,福岡県糸島市前原西５丁目１番３１号,2017-03-16,その他の設立登記法人
農事組合法人上内神営農組合,兵庫県三田市上内神５５２番地,2017-03-16,その他の設立登記法人
鍵山工業株式会社,大阪府大阪市東淀川区豊里４丁目１番２９号,2017-03-16,株式会社
頸城運送倶楽部,新潟県上越市上源入１５３番地１０,2017-03-16,その他
飛風力発電株式会社,秋田県にかほ市象潟町字下浜山７番地３,2017-03-16,株式会社
鳥取県ライフル射撃協会,鳥取県倉吉市横田４４０番地７,2017-03-16,その他
鴻義商事合同会社,東京都千代田区神田須田町２丁目６番地第７松崎ビル４Ｆ,2017-03-16,合同会社
ＡＬＬｉＧＲＡＭ株式会社,神奈川県川崎市宮前区平５丁目９番４３号,2017-03-16,株式会社
ＡＬａｂ　ｍｕｓｉｃ株式会社,埼玉県川口市戸塚東３丁目１５番７－２０５号,2017-03-16,株式会社
ＡＭＯＡ株式会社,福井県福井市二の宮４丁目３０番７号,2017-03-16,株式会社
ＡＮＳＷＥＲＺ株式会社,北海道札幌市中央区南九条西５丁目１番１５号ＳＡＫＵＲＡ　Ｓ９　ＡＣ,2017-03-16,株式会社
Ａｒａｍａｘジャパンホールディングス株式会社,広島県福山市松永町２丁目５番１９号,2017-03-16,株式会社
ＢｅＳｔｙｌｅ合同会社,埼玉県入間郡三芳町大字北永井８６８番地,2017-03-16,合同会社
ＣＭＳ株式会社,大阪府大阪市阿倍野区阿倍野筋１丁目７番２０－２９１０号,2017-03-16,株式会社
ＣＲｅｓｏｌｕｔｉｏｎｓ合同会社,東京都中野区中野１丁目２０番８号,2017-03-16,合同会社
Ｃｅｎｔｕｍ株式会社,東京都渋谷区東１丁目１番３６号,2017-03-16,株式会社
ＤＤＳ株式会社,福岡県福岡市博多区吉塚３丁目７番１８号,2017-03-16,株式会社
ＤＧ御成門ビルディング合同会社,東京都千代田区内神田２丁目２番６号５階あすな会計事務所内,2017-03-16,合同会社
ＤＭＤ合同会社,神奈川県川崎市幸区鹿島田１丁目１番５－３４０６号,2017-03-16,合同会社
ＤＳバイオガスアルファ合同会社,東京都港区虎ノ門３丁目２２番１０－２０１号,2017-03-16,合同会社
ＤＳバイオガスベータ合同会社,東京都港区虎ノ門３丁目２２番１０－２０１号,2017-03-16,合同会社
Ｆワークス合同会社,東京都板橋区熊野町４３－９サンフォーレスト８０１,2017-03-16,合同会社
ＦＵＫＵＡＫＩ合同会社,栃木県足利市福居町字金塚２１７０番地２,2017-03-16,合同会社
Ｆｏｒｅｓｔ　Ｆｕｎｄｉｎｇ　ＬＬＣ,埼玉県熊谷市上中条１００７－３,2017-03-16,外国会社等
ＨＡＶＥＣ合同会社,北海道札幌市中央区南三条西１丁目３番地ＵＵＲコート１７０７号,2017-03-16,合同会社
ＩＦＵ株式会社,神奈川県横浜市都筑区中川中央１丁目２４番２１号,2017-03-16,株式会社
ＩＯＴマネジメント株式会社,東京都新宿区片町１番１号,2017-03-16,株式会社
ＪＬ＆ＭＴ合同会社,東京都新宿区新宿１丁目９番４号,2017-03-16,合同会社
ＪＯＬＩＯＮ株式会社,三重県名張市希央台５番町２７番地,2017-03-16,株式会社
ＪＰＡ第６５号株式会社,東京都千代田区霞が関３丁目２番１号,2017-03-16,株式会社
ＪＰＡ第６６号株式会社,東京都千代田区霞が関３丁目２番１号,2017-03-16,株式会社
ＪＰＡ第６７号株式会社,東京都千代田区霞が関３丁目２番１号,2017-03-16,株式会社
ＪＰＡ第６８号株式会社,東京都千代田区霞が関３丁目２番１号,2017-03-16,株式会社
ＪＰＡ第６９号株式会社,東京都千代田区霞が関３丁目２番１号,2017-03-16,株式会社
ＪＰＡ第７０号株式会社,東京都千代田区霞が関３丁目２番１号,2017-03-16,株式会社
ＪＰＡ第７１号株式会社,東京都千代田区霞が関３丁目２番１号,2017-03-16,株式会社
ＪＶＮ合同会社,埼玉県鶴ヶ島市大字脚折１４７８番１５エリエール３０５号,2017-03-16,合同会社
ＫＩＹＯＭＩＺＵ株式会社,東京都中央区銀座８丁目５番１３号,2017-03-16,株式会社
Ｋｉｔａｓａｎｄｏ　Ｄｅｖｅｌｏｐｍｅｎｔ合同会社,東京都千代田区霞が関３丁目２番６号東京倶楽部ビルディング１１階,2017-03-16,合同会社
ＬＩＭ株式会社,東京都新宿区西五軒町４番５号,2017-03-16,株式会社
ＭＡＮＵＳＫＲＩＰＴ合同会社,東京都世田谷区上野毛１丁目３３番１３号エステージ上野毛３０２,2017-03-16,合同会社
ＭＥＥＲＡＮ　ＳＨＡＨ　ＴＲＡＤＥＲＳ株式会社,千葉県印西市小林１６７６番地１,2017-03-16,株式会社
ＭＭＰテクノロジージャパン株式会社,長野県松本市大字和田４０２０番地２３,2017-03-16,株式会社
ＭＮ　Ｉｎｔｅｒｎａｔｉｏｎａｌ株式会社,千葉県千葉市若葉区都賀の台１丁目５番８号,2017-03-16,株式会社
Ｍａｍｂａ　ｉｎｔｅｒｎａｔｉｏｎａｌ合同会社,大阪府大阪市淀川区西中島１丁目１３番１３号１階,2017-03-16,合同会社
Ｍｙ　Ｒｅｖｏネットワークジャパン株式会社,広島県福山市松永町２丁目５番１９号,2017-03-16,株式会社
ＮＥＷＸ　ＤＥＳＩＧＮ株式会社,神奈川県藤沢市鵠沼海岸２丁目１１番１９号,2017-03-16,株式会社
ＮＩＰＰＯＮ合同会社,埼玉県鶴ヶ島市大字脚折１４７８番１５エリエール２０３号,2017-03-16,合同会社
ＮＰＣ合同会社,東京都足立区千住中居町１９番１０号,2017-03-16,合同会社
ＯＮＥ’Ｓ　ＵＮＩＱＵＥ株式会社,愛知県小牧市大字久保一色１６３５番地２ラビエベルＡ号,2017-03-16,株式会社
ＰＲＩＭＰ　ＨＯＵＳＥ株式会社,東京都渋谷区宇田川町４２番３号,2017-03-16,株式会社
ＰｌｕｓＯｎｅ株式会社,東京都渋谷区恵比寿南１丁目１番１号,2017-03-16,株式会社
Ｒ＆Ｂホールディングス株式会社,大阪府大阪市住之江区御崎５丁目１６番１号,2017-03-16,株式会社
ＲｉＰ株式会社,徳島県徳島市仲之町４丁目１５番地４リモデ県庁前３０２,2017-03-16,株式会社
ＳＡＬＥＨＡ　ＩＮＴＥＲＮＡＴＩＯＮＡＬ合同会社,埼玉県川口市飯塚１丁目２番１６号１Ｆ－２,2017-03-16,合同会社
ＳＡＴ・Ｆａｃｔｏｒｙ合同会社,東京都練馬区関町北２丁目２８番１６号－１Ｆ,2017-03-16,合同会社
ＳＫ株式会社,東京都板橋区南常盤台１丁目３番５号ときわエムハイツ３０１,2017-03-16,株式会社
ＳＫＤ５特定目的会社,東京都港区虎ノ門３丁目２２番１０－２０１号,2017-03-16,その他の設立登記法人
ＳＴＡＲ　ＲＩＤＥＲ合同会社,東京都八王子市鑓水２丁目８６番地,2017-03-16,合同会社
ＳｈｉｎｎＦｕｋｕ株式会社,大阪府大阪市東成区深江北１丁目１番６号,2017-03-16,株式会社
ＳｕｐｅｒＳｅｖｅｎ合同会社,埼玉県坂戸市大字萱方４０９番地１,2017-03-16,合同会社
ＴＲＡＩＳＥ株式会社,愛知県名古屋市中区錦１丁目２０番８号カーニープレイス名古屋伏見ビル８０２,2017-03-16,株式会社
ＵＥＤＡアーペントル株式会社,神奈川県厚木市旭町４丁目２番１２号－１０２号室,2017-03-16,株式会社
Ｖ－Ｊｏｂ株式会社,神奈川県横浜市港北区新横浜２丁目１８－１６グレイス新横浜アクシス９０２,2017-03-16,株式会社
ＶＪＭ株式会社,埼玉県鶴ヶ島市大字上広谷１３３番地２９,2017-03-16,株式会社
ＷＨＯＰＰＥＲ　ＴＯＫＹＯ合同会社,東京都世田谷区上祖師谷６丁目１０－１７アデニウム千歳烏山２１２,2017-03-16,合同会社
ＷＪＵＩＣＴネットワーク株式会社,東京都新宿区西新宿１丁目２６番２号新宿野村ビル３２階,2017-03-16,株式会社
Ｙ２株式会社,東京都港区南青山５丁目６番２３号,2017-03-16,株式会社
Ｙａｋａ　ｉｎｔｅｒｎａｔｉｏｎａｌ合同会社,大阪府大阪市此花区西九条１丁目５番７号２階,2017-03-16,合同会社
ｂｈ．ｌｌｃ合同会社,東京都世田谷区玉川台２丁目２５番１－３１１号,2017-03-16,合同会社
ｃｒａｇｅ株式会社,東京都目黒区青葉台３丁目１９番地の２広栄青葉台レジデンス２０４号,2017-03-16,株式会社
ｃｕｅｓｔ株式会社,東京都品川区西五反田７丁目７番２－１００６号,2017-03-16,株式会社
あらた水産株式会社,愛媛県西予市三瓶町津布理１４１番地５,2017-03-17,株式会社
わくわくベトナム料理合同会社,埼玉県越谷市レイクタウン８丁目８番地３０３号,2017-03-17,合同会社
アウトワークス株式会社,埼玉県越谷市大字増森１６６７番地７,2017-03-17,株式会社
アクティブビジョン株式会社,東京都千代田区平河町２丁目５番３号ＮａｇａｔａｃｈｏＧＲＩＤ５階,2017-03-17,株式会社
アロハ・ミューズ・アンド・カンパニー・インコーポレーテッド,東京都中央区銀座１丁目１５番７号ＭＡＣ銀座ビル３階,2017-03-17,外国会社等
アヴァンス株式会社,東京都千代田区神田鍛冶町３丁目５番１号保坂神田ビル５階,2017-03-17,株式会社
アーク合同会社,群馬県北群馬郡榛東村大字山子田１８１番地,2017-03-17,合同会社
アール・スリー株式会社,埼玉県戸田市笹目４丁目１３番地の８－３Ｆ,2017-03-17,株式会社
イル・ボッカローネ株式会社,東京都渋谷区恵比寿１丁目１５番９号,2017-03-17,株式会社
イーシン合同会社,静岡県磐田市明ケ島４９５番地,2017-03-17,合同会社
ウエノ工業株式会社,茨城県行方市船子１８番地,2017-03-17,株式会社
エクステンド株式会社,神奈川県藤沢市本藤沢１丁目１０番２号エルムハイツ２０１室,2017-03-17,株式会社
エステートファイナンス合同会社,東京都新宿区西新宿５丁目８番５号,2017-03-17,合同会社
エバースタイル合同会社,埼玉県越谷市レイクタウン８丁目１３番地２ザ・シーズンズグランアルト８３３号,2017-03-17,合同会社
エフエスシー株式会社,埼玉県さいたま市緑区馬場２丁目２９番地１９,2017-03-17,株式会社
オマージュ総合企画株式会社,香川県小豆郡土庄町淵崎甲７３７番地１２,2017-03-17,株式会社
オリジナルガーデン株式会社,東京都西多摩郡日の出町大字平井７１９番地６,2017-03-17,株式会社
カドスオートプラン合同会社,東京都新宿区上落合２丁目２１番１８号,2017-03-17,合同会社
クレドホールディングス株式会社,愛知県名古屋市中区栄３丁目１８番１号ナディアパークビジネスセンタービル１３Ｆ,2017-03-17,株式会社
クロダロジスティクス株式会社,群馬県太田市沖之郷町５４７番地２,2017-03-17,株式会社
コネクティブ合同会社,神奈川県横浜市青葉区美しが丘１丁目１３番地１０,2017-03-17,合同会社
シックスソルバーズ株式会社,神奈川県横浜市瀬谷区阿久和西１丁目９番地７,2017-03-17,株式会社
シブヤ工業株式会社,山形県飽海郡遊佐町比子字白木１０番地の１０４,2017-03-17,株式会社
スリーエス株式会社,大阪府大阪市中央区日本橋１丁目４番１２号,2017-03-17,株式会社
トゥーディアソリューション株式会社,福岡県福岡市中央区今泉１丁目２－８ＡＮＤＯＮ３Ｈ,2017-03-17,株式会社
ドーク合同会社,北海道札幌市豊平区平岸三条６丁目２番２３号,2017-03-17,合同会社
ビーズハウス株式会社,愛知県名古屋市中村区名駅４丁目２４番１６号広小路ガーデンアベニュー５階,2017-03-17,株式会社
ベストジョブサービス株式会社,広島県東広島市西条町西条５１６番地３プレアール西条駅前１Ｂ号室,2017-03-17,株式会社
ホワイトエンジン株式会社,徳島県徳島市西須賀町東開３８番地,2017-03-17,株式会社
ミウラ工業合同会社,青森県八戸市大字石手洗字駒ケ沢４番地９,2017-03-17,合同会社
ミズ・サリヴァン株式会社,東京都台東区谷中２丁目１番２５号,2017-03-17,株式会社
ミルクとやま株式会社,富山県黒部市沓掛１０４２番地２,2017-03-17,株式会社
メゾン・ド・ウルス管理組合法人,東京都中央区京橋１丁目１番５号,2017-03-17,その他の設立登記法人
メゾン・ド・シャンブル管理組合法人,東京都中央区京橋１丁目１番５号,2017-03-17,その他の設立登記法人
メゾン・ド・セレブラル管理組合法人,東京都中央区京橋１丁目１番５号,2017-03-17,その他の設立登記法人
ヤマザキ株式会社,大阪府大阪市中央区宗右衛門町３番９号,2017-03-17,株式会社
ヨコハマ屋合同会社,千葉県香取市大倉５２１１番地１４０,2017-03-17,合同会社
ライドアライブ合同会社,大阪府大阪市北区梅田２丁目２番２号ヒルトンプラザウエストオフィスタワー１９階,2017-03-17,合同会社
ライフプラン株式会社,東京都目黒区上目黒１丁目４番２号,2017-03-17,株式会社
ラシエ株式会社,東京都小平市上水新町１丁目１２番３５号,2017-03-17,株式会社
リライフホーム株式会社,神奈川県横浜市神奈川区片倉５丁目４３番１－６０７号,2017-03-17,株式会社
ルミエール株式会社,東京都江東区南砂１丁目１０番１１号,2017-03-17,株式会社
ルートメディア株式会社,東京都中央区銀座７丁目１３番６号サガミビル２階,2017-03-17,株式会社
レジーナエンターテインメント株式会社,東京都渋谷区東１丁目１番３６号キタビルデンス１Ｆ,2017-03-17,株式会社
ロジプラネット株式会社,北海道石狩市新港西１丁目７７２番地３,2017-03-17,株式会社
ワイズアセット株式会社,愛知県名古屋市西区名駅２丁目２７番１５号ブリリアタワー名古屋グランスイート１４０５号室,2017-03-17,株式会社
ワタライ商会合同会社,兵庫県西宮市門戸荘１７番１２－７０７号,2017-03-17,合同会社
一般社団法人アジア細胞治療学会,東京都目黒区目黒１丁目５番１８号,2017-03-17,その他の設立登記法人
一般社団法人エンデバー・ユナイテッド・パートナーズ・セブン,東京都千代田区丸の内２丁目５番１号丸の内二丁目ビル６階,2017-03-17,その他の設立登記法人
一般社団法人ステラカレッジ,東京都港区南麻布４丁目１２番２－３０３号,2017-03-17,その他の設立登記法人
一般社団法人ソーシャルサポート協会,広島県広島市安佐北区口田１丁目１５番２３号,2017-03-17,その他の設立登記法人
一般社団法人バイタルカンリ企画,静岡県御前崎市佐倉３７７番地の１１,2017-03-17,その他の設立登記法人
一般社団法人ピア・フォーラム,兵庫県明石市大久保駅前一丁目１６番１０号２０６号室,2017-03-17,その他の設立登記法人
一般社団法人マーク,東京都港区赤坂１丁目５番１３号祥文堂ビル３階,2017-03-17,その他の設立登記法人
一般社団法人ロジスティックス工学会,東京都中央区銀座１丁目６番１１号土志田ビルディング３Ｆ,2017-03-17,その他の設立登記法人
一般社団法人京都府任意売却支援協会,京都府京都市中京区西ノ京大炊御門町８番地５７,2017-03-17,その他の設立登記法人
一般社団法人大和,埼玉県児玉郡美里町大字猪俣３０８番地１,2017-03-17,その他の設立登記法人
一般社団法人大阪経済倶楽部,東京都中野区上高田５丁目１１番５号,2017-03-17,その他の設立登記法人
一般社団法人太陽光発電メンテナンス協会,徳島県板野郡北島町鯛浜字川久保８７番地１,2017-03-17,その他の設立登記法人
一般社団法人日本ゲーミング協会,東京都千代田区岩本町１丁目３番１号,2017-03-17,その他の設立登記法人
一般社団法人日本副業推進協会,千葉県千葉市中央区本町１丁目５番１３－６０４号,2017-03-17,その他の設立登記法人
一般社団法人日本医療コミュニケーション協会,東京都新宿区高田馬場４丁目２７番地３号,2017-03-17,その他の設立登記法人
一般社団法人武蔵浦和開発,東京都千代田区平河町１丁目６番１５号シルスフィア会計事務所内,2017-03-17,その他の設立登記法人
一般社団法人経営戦略実務研究会,東京都千代田区九段南１丁目５番６号りそな九段ビル７階,2017-03-17,その他の設立登記法人
一般社団法人絵本メンタリング協会,沖縄県沖縄市宮里１丁目３１番１５号,2017-03-17,その他の設立登記法人
一般社団法人翡翠舎,東京都文京区小石川１丁目１７番１号,2017-03-17,その他の設立登記法人
一般社団法人長野ダルク,長野県上田市蒼久保１５２２番地１,2017-03-17,その他の設立登記法人
一般社団法人ＡＬＩＶＥ,東京都豊島区東池袋５丁目２７番４号,2017-03-17,その他の設立登記法人
一般社団法人Ｆｏｒｅｓｔａｒ,大阪府大阪市住吉区苅田５丁目１１番９－１０４号,2017-03-17,その他の設立登記法人
一般社団法人Ｔｅａ　Ｔｉｍｅ,福岡県福岡市中央区警固２丁目１６番２１－１３０２号,2017-03-17,その他の設立登記法人
一葉国際株式会社,東京都中野区上鷺宮１丁目２－４関口ビルＢ１０２号,2017-03-17,株式会社
七ッ島建設株式会社,石川県金沢市増泉２丁目１７番３５号,2017-03-17,株式会社
住友園株式会社,沖縄県那覇市西１丁目１６番１０－６０１号,2017-03-17,株式会社
佐藤鉄筋工業株式会社,大阪府寝屋川市葛原１丁目３４番６号（２０１号）,2017-03-17,株式会社
保利株式会社,東京都中央区晴海３丁目１３－１－３８１６,2017-03-17,株式会社
割烹いなせ株式会社,鹿児島県鹿屋市串良町岡崎３４８８番地５,2017-03-17,株式会社
北愛本舗株式会社,北海道札幌市中央区南一条西１６丁目１番地３２３春野ビル３Ｆ,2017-03-17,株式会社
医療法人おひさま歯科・小児歯科,広島県広島市中区光南４丁目５番３４号安田ビル１階,2017-03-17,その他の設立登記法人
医療法人ともえだ皮フ科,岐阜県岐阜市福光東１丁目２４番地９,2017-03-17,その他の設立登記法人
医療法人ふじさわクリニック,岐阜県岐阜市三田洞８９４番地１,2017-03-17,その他の設立登記法人
医療法人安岡医院,福岡県朝倉市小田８９６番地１,2017-03-17,その他の設立登記法人
医療法人森部皮膚科醫院,福岡県久留米市日吉町２１番地６,2017-03-17,その他の設立登記法人
医療法人社団ながやま歯科,香川県丸亀市垂水町９１５番地４,2017-03-17,その他の設立登記法人
医療法人社団一秋会,東京都練馬区練馬１丁目４番１号ユニティフォーラムⅡ練馬９階,2017-03-17,その他の設立登記法人
医療法人社団健央会,東京都世田谷区等々力４丁目９番１号,2017-03-17,その他の設立登記法人
医療法人社団八桜会,東京都八王子市旭町１番１号セレオ八王子北館７階,2017-03-17,その他の設立登記法人
医療法人社団山口メディカルフロンティア,神奈川県横須賀市久里浜４丁目１１番１５号第１６臼井ビル２０１,2017-03-17,その他の設立登記法人
医療法人社団敏優会,東京都葛飾区柴又４丁目１１番１号１階,2017-03-17,その他の設立登記法人
医療法人社団敬和会,広島県広島市安佐南区西原８丁目１番１５－２０２号,2017-03-17,その他の設立登記法人
医療法人社団昭龍会,香川県坂出市笠指町４番２８号,2017-03-17,その他の設立登記法人
医療法人縁紡会,北海道紋別郡遠軽町大通北１丁目３番地,2017-03-17,その他の設立登記法人
医療法人高須会,福岡県北九州市若松区高須南２丁目３番８号,2017-03-17,その他の設立登記法人
協和創健株式会社,福岡県福岡市博多区祇園町１－４０,2017-03-17,株式会社
博多駅東一丁目合同会社,東京都千代田区内神田２丁目２番６号５階あすな会計事務所内,2017-03-17,合同会社
合同会社かとう不動産,兵庫県加東市上滝野１５５４番地,2017-03-17,合同会社
合同会社くばく,京都府京都市中京区衣棚通御池下る長浜町１４８番地ランブラス衣棚御池３０２,2017-03-17,合同会社
合同会社たねと,東京都練馬区富士見台４丁目２３番５号,2017-03-17,合同会社
合同会社ななつぼし,千葉県浦安市当代島２丁目１５番３号,2017-03-17,合同会社
合同会社はやさか電気,宮城県仙台市泉区将監１０丁目１９番１０号,2017-03-17,合同会社
合同会社みやもと,神奈川県藤沢市辻堂太平台１丁目２－２３,2017-03-17,合同会社
合同会社アップルベリー,兵庫県明石市大久保町駅前１丁目１０番地の２３住野ファーストビル３階,2017-03-17,合同会社
合同会社アンテリ,兵庫県加古川市東神吉町西井ノ口５６８－１０,2017-03-17,合同会社
合同会社アンドゥ,熊本県熊本市西区上代２丁目１２４番１ＭＩＺＵＮＯグループ２Ｆ,2017-03-17,合同会社
合同会社ウィンズ,東京都台東区元浅草１丁目６番１２－７１６号,2017-03-17,合同会社
合同会社オフィスゲン,静岡県磐田市明ケ島５９２番地１,2017-03-17,合同会社
合同会社オーシャンドア,宮崎県宮崎市大字島之内６７１９番地１,2017-03-17,合同会社
合同会社オートニティー,神奈川県藤沢市葛原１３８,2017-03-17,合同会社
合同会社クリムソン,東京都港区虎ノ門２丁目７番１０号虎ノ門ニューファッションビル２階,2017-03-17,合同会社
合同会社コウエイ,兵庫県西宮市六軒町２番２－１０６号,2017-03-17,合同会社
合同会社サーティワン,東京都港区北青山３丁目５番１４号青山鈴木硝子ビル７階ルース総合会計事務所内,2017-03-17,合同会社
合同会社ジャンプクリーンサービス,埼玉県深谷市岡部２０３９番地１,2017-03-17,合同会社
合同会社ストーン・リバー,茨城県那珂市菅谷４１４６番地２,2017-03-17,合同会社
合同会社チームＳＨＩＢＡ,茨城県結城郡八千代町大字大渡戸１６６番地２,2017-03-17,合同会社
合同会社テノンズ,東京都港区六本木４丁目２番５０号４０１,2017-03-17,合同会社
合同会社ディーライブ,兵庫県三田市ゆりのき台１丁目１番地Ａ棟５０３号,2017-03-17,合同会社
合同会社パイプライン,東京都江東区越中島３丁目６番３－３０３号,2017-03-17,合同会社
合同会社ピースクリエイト,愛知県名古屋市名東区平和が丘５丁目６９・ＢＲＩＧＨＴ・ＨＩＬＬＳ３０３,2017-03-17,合同会社
合同会社フジテクノス,大分県大分市岩田町１丁目１０番２２号,2017-03-17,合同会社
合同会社プラスフィーリング,東京都荒川区東尾久２丁目２番９号三祥ビル２５３,2017-03-17,合同会社
合同会社ホテルサポート,福岡県福岡市博多区博多駅東２丁目８番２７博多駅東パネスビル２階,2017-03-17,合同会社
合同会社マーク,東京都港区赤坂１丁目５番１３号祥文堂ビル３階,2017-03-17,合同会社
合同会社ミラージュ,東京都世田谷区上馬４丁目３２番１６号オーベル上馬Ｂ棟４０２,2017-03-17,合同会社
合同会社ムーン,大阪府大阪市北区梅田１丁目２－２－２００大阪駅前第２ビル２階,2017-03-17,合同会社
合同会社ユリア・アセット,埼玉県朝霞市岡３丁目１７番７７号,2017-03-17,合同会社
合同会社ユー・エフ・エー,広島県広島市東区中山北町１番２７－１０８号,2017-03-17,合同会社
合同会社リサイクルドプラスチック,神奈川県横浜市中区尾上町６丁目８７番地１,2017-03-17,合同会社
合同会社リバリー,静岡県静岡市駿河区大谷７８５番地１キャッスルⅢ１０１,2017-03-17,合同会社
合同会社ルリパートナーズ,千葉県松戸市稔台４６２番地９,2017-03-17,合同会社
合同会社ルーク,東京都杉並区下井草４丁目２４番２号コーポ幸２０３,2017-03-17,合同会社
合同会社三都,千葉県浦安市高洲５丁目１Ａ,2017-03-17,合同会社
合同会社丹羽,愛知県小牧市小木３丁目８番地,2017-03-17,合同会社
合同会社信行,沖縄県中頭郡北谷町北谷２丁目４番地１号,2017-03-17,合同会社
合同会社山和１,東京都港区浜松町１丁目２５番１号浜松町ＮＨビル別館５Ｆ,2017-03-17,合同会社
合同会社山和２,東京都港区浜松町１丁目２５番１号浜松町ＮＨビル別館５Ｆ,2017-03-17,合同会社
合同会社岩﨑,東京都豊島区南長崎６丁目１１番２号,2017-03-17,合同会社
合同会社幸遊堂,兵庫県豊岡市日高町東河内８３５番地ロイヤルヴァンベール神鍋高原４０７号,2017-03-17,合同会社
合同会社恵明,大阪府大阪市中央区南久宝寺町２丁目５番７－４０６号,2017-03-17,合同会社
合同会社恵礼奈不動産,香川県高松市三条町９６番地１,2017-03-17,合同会社
合同会社明和農園,北海道新冠郡新冠町字明和７５番地の６,2017-03-17,合同会社
合同会社横山スポーツ用品店,福岡県宗像市日の里３丁目１２番３,2017-03-17,合同会社
合同会社波平翻訳サービス,沖縄県中頭郡中城村字北上原２６１番地１,2017-03-17,合同会社
合同会社相澤工業,宮城県宮城郡七ヶ浜町東宮浜字御林３番地の２０,2017-03-17,合同会社
合同会社豊禾商事,東京都新宿区高田馬場４丁目９番１１号藤和高田馬場コープⅡ７０６,2017-03-17,合同会社
合同会社遠藤工業,宮城県東松島市大曲字堰の内南３０番地８２,2017-03-17,合同会社
合同会社那須いろ,栃木県那須郡那須町大字高久乙３５８９番地３,2017-03-17,合同会社
合同会社銀座鏡泉堂,東京都大田区西蒲田４丁目９番６号,2017-03-17,合同会社
合同会社長谷川文也技術士事務所,兵庫県神戸市中央区中通町３－１－１６サンビル５０２,2017-03-17,合同会社
合同会社風和里,宮崎県宮崎市橘通西５丁目６番３９号,2017-03-17,合同会社
合同会社香川琴平,東京都港区虎ノ門１丁目２番８号リニューアブル・ジャパン株式会社内,2017-03-17,合同会社
合同会社６１６,東京都渋谷区恵比寿１丁目３０番１４号,2017-03-17,合同会社
合同会社ＡＣＴ,福岡県福岡市南区寺塚１丁目２６－１４,2017-03-17,合同会社
合同会社Ｂ．Ｏ．Ｇ．,埼玉県さいたま市北区宮原町３丁目４２９番１号,2017-03-17,合同会社
合同会社ＢＵＪ,東京都渋谷区広尾５丁目１９番７号協和ビル４Ｆ,2017-03-17,合同会社
合同会社Ｄ．Ｅ．Ｋ,神奈川県大和市下鶴間２９５０番１,2017-03-17,合同会社
合同会社Ｅ－Ｌａｂ,佐賀県佐賀市水ヶ江６丁目１２番１３号貞松貸家,2017-03-17,合同会社
合同会社ＥＡＣＨＬＡＮＤ,埼玉県さいたま市浦和区大東３丁目４０番２号,2017-03-17,合同会社
合同会社ＥＣＩＮ,茨城県古河市本町２丁目１２番２７号金和ビル２階５号,2017-03-17,合同会社
合同会社ＧＬＡＮＺ,東京都小平市学園西町２丁目１３番１８－４０１号,2017-03-17,合同会社
合同会社ＧＳ,東京都江戸川区平井３丁目１４番７号センターハイツ平井Ｂ１０１,2017-03-17,合同会社
合同会社ＩＲＣ　ＥＮＴＥＲＰＲＩＳＥＳ,茨城県牛久市南６丁目２６番地２６,2017-03-17,合同会社
合同会社Ｍ’ｓクルー,長野県上伊那郡南箕輪村８３０６番地１０４８,2017-03-17,合同会社
合同会社ＭＴＳ,群馬県高崎市下小鳥町１８４番地１,2017-03-17,合同会社
合同会社Ｍｏｏｎ　Ｐａｉｎｔ工房,愛知県津島市池須町６６番地１,2017-03-17,合同会社
合同会社ＮＱ茨城,東京都杉並区浜田山３丁目３０番１８号,2017-03-17,合同会社
合同会社ＮＹ　ｓｔａｎｃｅ,東京都西東京市向台町２丁目６番６－１０１号,2017-03-17,合同会社
合同会社ＯＤＴ,茨城県神栖市波崎６４７３番地１０,2017-03-17,合同会社
合同会社Ｐｅａｋｙ　Ｓｐｅａｋｙ,群馬県太田市浜町５８番３８号,2017-03-17,合同会社
合同会社Ｓ・Ｏ,千葉県船橋市前原東２丁目２３番２号,2017-03-17,合同会社
合同会社ＳＡＰ,東京都渋谷区恵比寿１丁目３０番１４号,2017-03-17,合同会社
合同会社ＳＰＥＥＤ,群馬県邑楽郡大泉町坂田５丁目４番１号ＯＭレジデンス１Ｄ,2017-03-17,合同会社
合同会社ＳＰＭ,埼玉県さいたま市浦和区瀬ヶ崎３丁目１４番３号クレドール瀬ヶ崎２０３号室,2017-03-17,合同会社
合同会社ＳｕｎＳｈｉｎｅ１０１,愛知県一宮市明地字藤之棚１１７番地１,2017-03-17,合同会社
合同会社ＴＡＫ,大阪府大阪市中央区内淡路町２丁目３番１４－６０３号,2017-03-17,合同会社
合同会社ＴＭコミュニティー,東京都豊島区南池袋４丁目２２番１７号,2017-03-17,合同会社
合同会社Ｔｈｅ　ＮＹ　Ｐｒｅｓｓ,福岡県福岡市博多区吉塚本町１３－２７,2017-03-17,合同会社
合同会社ＶＬコーポレーション,長野県伊那市荒井４８１９番地６,2017-03-17,合同会社
合同会社ＷＩＬＤ　ＬＩＦＥ,北海道札幌市中央区南十三条西９丁目１番３－７０３号,2017-03-17,合同会社
合同会社ＹＯＵＲ　ＧＯＯＤ,佐賀県杵島郡白石町大字牛屋３９３番地１,2017-03-17,合同会社
合同会社ｄｅｌｋ,神奈川県大和市下鶴間２９５０番１,2017-03-17,合同会社
合同会社ｅ－Ｆｌｏｗ　Ｍａｎａｇｅｍｅｎｔ,東京都中野区上高田４丁目２１番１３－７０３号,2017-03-17,合同会社
合同会社ｉ　ｈｏｍｅ,沖縄県豊見城市字根差部４２１番地３根差部一番館４０２号室,2017-03-17,合同会社
合名会社大島屋,山口県柳井市神代第４８１７番地ノ３,2017-03-17,合名会社
合名会社窪田商会,山口県柳井市柳井津第５０６番地,2017-03-17,合名会社
合名会社鶴田商店,山口県大島郡周防大島町大字久賀４１６４番地,2017-03-17,合名会社
合資会社中國自轉車保護協會,山口県柳井市柳井第２７９３番地,2017-03-17,合資会社
合資会社中山米穀店,山口県柳井市古開作第４９５番地ノ１,2017-03-17,合資会社
合資会社神代織布工場,山口県柳井市神代第４１３２番地ノ３,2017-03-17,合資会社
多源合同会社,三重県松阪市小野江町４２３番地１,2017-03-17,合同会社
大一工業株式会社,岡山県倉敷市真備町下二万２３９６番地１,2017-03-17,株式会社
大島運輸合名会社,山口県大島郡周防大島町大字小松第２７９番地,2017-03-17,合名会社
天盈株式会社,東京都杉並区西荻南２丁目１８番１７－６０１号,2017-03-17,株式会社
小野ホールディングス株式会社,神奈川県横浜市戸塚区上倉田町１４０８番地,2017-03-17,株式会社
山本工業株式会社,愛知県あま市新居屋郷４９番地エルシエロ甚目寺太陽の館１０３号,2017-03-17,株式会社
山蒋商事株式会社,兵庫県相生市汐見台５１番地３,2017-03-17,株式会社
岩井設備株式会社,熊本県合志市栄６７番地,2017-03-17,株式会社
市川硝子株式会社,愛知県清須市桃栄３丁目７５番地,2017-03-17,株式会社
建築タケウチ株式会社,三重県多気郡多気町東池上１３８番地７,2017-03-17,株式会社
弁護士法人春田法律事務所,東京都港区六本木５丁目１８番２１号,2017-03-17,その他の設立登記法人
愛蒼ライム鉱業株式会社,愛媛県今治市東鳥生町１丁目５番３０号第三サンキョーマンション３０１号,2017-03-17,株式会社
抗酸化食品インダストリアル株式会社,東京都調布市西つつじケ丘１丁目１２番地１,2017-03-17,株式会社
敬天合同会社,石川県金沢市新神田２丁目１３番２１号第二城南開発ビル２０２,2017-03-17,合同会社
日本都市教育株式会社,千葉県船橋市藤原６丁目２３番３号,2017-03-17,株式会社
日本ＢＳＴ株式会社,東京都大田区大森東１丁目３５番４号,2017-03-17,株式会社
日本ＴＮＡ株式会社,東京都港区麻布台２丁目１番２－１４０６号,2017-03-17,株式会社
旭日合同会社,東京都江東区木場５丁目１－５メイプルハイム木場Ｂ－１２０室,2017-03-17,合同会社
晶楽合同会社,東京都足立区千住緑町１丁目２１番１０号１０４室,2017-03-17,合同会社
有限会社大山金属工業,北海道札幌市西区発寒十五条４丁目８番４号,2017-03-17,有限会社
有限会社木村不動産,千葉県流山市南流山８丁目２４番地の６,2017-03-17,有限会社
望ＧＬＥＡＭオフィス合同会社,千葉県千葉市緑区あすみが丘７丁目５２番地６,2017-03-17,合同会社
木曽舗材株式会社,長野県木曽郡木曽町日義３６５５番地,2017-03-17,株式会社
本宮商事有限会社,千葉県香取市佐原ロ２５６３番地の３,2017-03-17,有限会社
東京ラッキー自動車労働組合,東京都板橋区大山金井町１２番１１号,2017-03-17,その他の設立登記法人
東京三力健康管理株式会社,東京都港区港南４丁目６番８号,2017-03-17,株式会社
東京北京貿易合同会社,東京都豊島区上池袋１丁目１１番４号,2017-03-17,合同会社
東京防災ホールディングス株式会社,東京都新宿区上落合２丁目２８番７号,2017-03-17,株式会社
東栄建設株式会社,福岡県福岡市東区香椎駅東２丁目１０番２２－２０３号,2017-03-17,株式会社
東武ハウジング株式会社,栃木県小山市城東１丁目１１番１２号,2017-03-17,株式会社
柳井酒造合資会社,山口県柳井市柳井津第１９２番屋敷,2017-03-17,合資会社
柳盛合資会社,山口県柳井市柳井津７０番屋敷,2017-03-17,合資会社
株式会社かねせん,大阪府大阪市西区南堀江４丁目２番９－１００１号,2017-03-17,株式会社
株式会社きりしま工務店,鹿児島県霧島市霧島田口２８７５番地３,2017-03-17,株式会社
株式会社じりつ未来研究所,大阪府大阪市中央区本町橋７番１８号,2017-03-17,株式会社
株式会社すぎもとファーム千代ヶ岡,北海道旭川市西神楽四線二十二号１１番地８２０,2017-03-17,株式会社
株式会社ねぎ畑,鹿児島県日置市東市来町養母８９２３番地,2017-03-17,株式会社
株式会社ふくしん,東京都目黒区三田２丁目１７番３号,2017-03-17,株式会社
株式会社ほげほげ,沖縄県那覇市松尾１丁目１０番２４号ホークシティ那覇ビル,2017-03-17,株式会社
株式会社ますげん,山口県下関市彦島杉田町２丁目２番３４号,2017-03-17,株式会社
株式会社ゆうあいライフ,愛知県名古屋市守山区四軒家１丁目１５７６番地,2017-03-17,株式会社
株式会社ゆうひ環境グループ,福岡県福岡市博多区博多駅南２丁目１７番１４－１１０６号,2017-03-17,株式会社
株式会社アイクレイ,大分県大分市中央町１丁目１番２０号キョウコウビル３階,2017-03-17,株式会社
株式会社アカウンティングストラテジー,東京都杉並区宮前４丁目２８番１３号フルールＡ,2017-03-17,株式会社
株式会社アクシズ,大阪府大阪市中央区内本町１丁目２番１５号,2017-03-17,株式会社
株式会社アルモ,東京都世田谷区深沢２丁目１番１１－２０１号,2017-03-17,株式会社
株式会社アヴェンス,青森県青森市西大野１丁目７番地１１,2017-03-17,株式会社
株式会社アースクリエイト,福岡県北九州市小倉南区大字春吉４３３番地４,2017-03-17,株式会社
株式会社アーマー,兵庫県神戸市兵庫区荒田町１丁目１０番２４－３５号,2017-03-17,株式会社
株式会社イデアム,富山県氷見市川尻１０５番地１,2017-03-17,株式会社
株式会社イリス,千葉県浦安市今川１丁目６番１３号,2017-03-17,株式会社
株式会社イークリエイト販売,大阪府大阪市中央区淡路町３丁目５番１３号７階,2017-03-17,株式会社
株式会社イーハート,長野県上伊那郡飯島町飯島２４１３番地１,2017-03-17,株式会社
株式会社ウィネス,千葉県野田市七光台１３１番地,2017-03-17,株式会社
株式会社ウィルハーツ,大阪府吹田市江坂町１丁目２２番２２号,2017-03-17,株式会社
株式会社ウェルディング,東京都立川市錦町１丁目４番２０号ＴＳＣビル６Ｆ,2017-03-17,株式会社
株式会社ウェルハウジング,茨城県下妻市下妻乙１０３３番地２,2017-03-17,株式会社
株式会社ウエストアイル,東京都世田谷区駒沢２丁目２５番２０号,2017-03-17,株式会社
株式会社ウォーム・ハート,福岡県朝倉市山田２２７２－１,2017-03-17,株式会社
株式会社エクストレイズ,東京都江東区亀戸５丁目６番２１号,2017-03-17,株式会社
株式会社エスカレーション,神奈川県横浜市中区桜木町２丁目２番地港陽ビル３１１号,2017-03-17,株式会社
株式会社エムエスユー,愛知県知多郡阿久比町大字卯坂字下同志鐘１番地の１０,2017-03-17,株式会社
株式会社エーゼットエンターテインメント,山梨県山梨市落合７２０番地,2017-03-17,株式会社
株式会社エールワン総合会計事務所,岡山県倉敷市真備町川辺１１９３番地４,2017-03-17,株式会社
株式会社オオツボ産業,長崎県長崎市三原１丁目３１番３８号,2017-03-17,株式会社
株式会社オフィスエムズ,大阪府大阪市西区新町１丁目８番２４号角屋四ツ橋ビル６Ａ,2017-03-17,株式会社
株式会社オート・アシスト,埼玉県三郷市上彦名５４２番地１,2017-03-17,株式会社
株式会社オーバー・ザ・ボーダー,東京都港区東新橋２丁目８番１号パラッツォアステック９階,2017-03-17,株式会社
株式会社オープンステップ,東京都豊島区南長崎４丁目２５番８号,2017-03-17,株式会社
株式会社カタリスト,東京都港区六本木４丁目１番１６－９０８号室,2017-03-17,株式会社
株式会社カネシバ,千葉県銚子市仲町１６５９番地の１,2017-03-17,株式会社
株式会社カワカミ,兵庫県洲本市木戸２９２,2017-03-17,株式会社
株式会社キノシタ不動産,大阪府泉佐野市高松北２丁目１６７１番地２,2017-03-17,株式会社
株式会社クライム,広島県広島市安佐北区三入７丁目７番３９号,2017-03-17,株式会社
株式会社クラウドダイニング,東京都渋谷区桜丘町４番１４号ＶＯＲＴ渋谷桜丘９階,2017-03-17,株式会社
株式会社クラシードホールディングス,神奈川県横浜市港南区上大岡西１丁目６番１号,2017-03-17,株式会社
株式会社クロスストーリー,東京都足立区千住１丁目４－１東京芸術センター１３０９,2017-03-17,株式会社
株式会社クールウエストサービス,岡山県倉敷市田ノ上６６７番地１２,2017-03-17,株式会社
株式会社ケーツー工業,愛知県半田市成岩本町２丁目８番地,2017-03-17,株式会社
株式会社コクア,静岡県静岡市駿河区馬渕３丁目６番３４号,2017-03-17,株式会社
株式会社コリーヌルージュ,神奈川県横浜市青葉区あざみ野２丁目９番地１３,2017-03-17,株式会社
株式会社コロネ,東京都目黒区下目黒２丁目２２番１１号,2017-03-17,株式会社
株式会社サンシャイン,秋田県大館市字小釈迦内道下１１８番地,2017-03-17,株式会社
株式会社サンライズ,秋田県にかほ市象潟町字家の後１７２番地２,2017-03-17,株式会社
株式会社シャガデリック,大阪府大阪市北区西天満５丁目４番１３号,2017-03-17,株式会社
株式会社シースリージャパン,福岡県糟屋郡宇美町貴船３丁目１４６２番地４,2017-03-17,株式会社
株式会社シープロダクト,大阪府大阪市福島区玉川３丁目１０番３号,2017-03-17,株式会社
株式会社ジャックス,福岡県糟屋郡須惠町上須恵１１１８－１０,2017-03-17,株式会社
株式会社スプリットエッジ,大阪府大阪市西区南堀江４丁目２７番２５号,2017-03-17,株式会社
株式会社スプレッド,東京都千代田区三崎町３丁目７番１２号清話会ビル３Ｆ,2017-03-17,株式会社
株式会社スリーエス,大阪府大阪市中央区久太郎町１丁目５番３１号三星中央ビル２Ｆ,2017-03-17,株式会社
株式会社セント,神奈川県横浜市神奈川区神之木台１１番２９号,2017-03-17,株式会社
株式会社ソフトデザインサービス,宮城県仙台市青葉区一番町１丁目４番１号仙台ワールドビル６Ｆ,2017-03-17,株式会社
株式会社テイクパート,三重県津市下弁財町津興３２４３番地,2017-03-17,株式会社
株式会社トキタ,東京都江戸川区中葛西３丁目１７番１４号第５ＳＫクレスト３０１,2017-03-17,株式会社
株式会社ネイティブキャンプ,東京都渋谷区神南１丁目９番２号,2017-03-17,株式会社
株式会社ハナマサデザインカンパニー,神奈川県小田原市栄町３丁目９番１２号,2017-03-17,株式会社
株式会社ハンナ,東京都世田谷区玉川３丁目６番７号,2017-03-17,株式会社
株式会社バックヤード,東京都中央区新富１丁目９番１号新富１９１－８Ｆ,2017-03-17,株式会社
株式会社ヒトとモノとコト,福岡県福岡市中央区天神１丁目１５番５号天神明治通りビル２Ｆ,2017-03-17,株式会社
株式会社ヒュートムＫＯＢＥ,兵庫県神戸市中央区磯上通４丁目１番３２－３０３号,2017-03-17,株式会社
株式会社ヒュートムＯＳＡＫＡ,大阪府大阪市中央区島之内１丁目２２番２２号２階,2017-03-17,株式会社
株式会社ファイブカップス,東京都台東区谷中６丁目１番２９号,2017-03-17,株式会社
株式会社ファインステップ大阪,大阪府堺市堺区市之町東６丁２番１６号,2017-03-17,株式会社
株式会社ファーストビジネスフォン,埼玉県さいたま市岩槻区加倉１丁目２７番６号,2017-03-17,株式会社
株式会社フェブリス,鹿児島県鹿屋市下祓川町２０４５番地５,2017-03-17,株式会社
株式会社フォルツァ,東京都荒川区南千住８丁目５番９号,2017-03-17,株式会社
株式会社フック,大分県別府市千代町１１番２５号,2017-03-17,株式会社
株式会社フレッシュハウス,神奈川県横浜市港北区綱島西２丁目５番３０号,2017-03-17,株式会社
株式会社フレームワークス,東京都目黒区東山１丁目１５番５号静宏荘１号館４１１号室,2017-03-17,株式会社
株式会社ブロードメディア・キャスティング,東京都港区西麻布２丁目１２番２号,2017-03-17,株式会社
株式会社プライマリケア,群馬県太田市藤阿久町４８５番地２,2017-03-17,株式会社
株式会社プラススマイル,愛知県長久手市喜婦嶽９１７番地,2017-03-17,株式会社
株式会社プランドゥ・エデュケーション,東京都三鷹市新川６丁目６番１８－２０４号,2017-03-17,株式会社
株式会社プランドールジャパン,兵庫県神戸市垂水区朝谷町５１９番地の１６０,2017-03-17,株式会社
株式会社プルメリア,東京都渋谷区渋谷２丁目９番１０号青山台ビル３０１,2017-03-17,株式会社
株式会社プロパティマネジメント,東京都港区南青山３丁目１０－４１ジュエル青山ビル２０２号,2017-03-17,株式会社
株式会社ヘルシー・ビューティー・カンパニー,東京都港区南青山２丁目６番１４号,2017-03-17,株式会社
株式会社ベニホーム,東京都千代田区四番町２番地１,2017-03-17,株式会社
株式会社ベルファミリー,東京都府中市住吉町１丁目８４番地の１,2017-03-17,株式会社
株式会社ペルソナ,大阪府豊中市本町３丁目１番４１－６０１号,2017-03-17,株式会社
株式会社ホット・ウイングス,東京都品川区上大崎４丁目５番２６号,2017-03-17,株式会社
株式会社マイルハイホールディングス,茨城県水戸市住吉町２２９番地の１０,2017-03-17,株式会社
株式会社マグマスタジオ,千葉県我孫子市湖北台１丁目１番５号２階,2017-03-17,株式会社
株式会社マリンテクノ,山口県下関市安岡町４丁目７－１９－２０３,2017-03-17,株式会社
株式会社マルシェ・ウィッシュ,愛知県名古屋市西区平中町３３６番地,2017-03-17,株式会社
株式会社マーカス,神奈川県平塚市東真土２丁目１６番１号,2017-03-17,株式会社
株式会社マージ,三重県四日市市大字末永１０５９番地１プロミネント四日市１０１０,2017-03-17,株式会社
株式会社ミルキーベリーガーデン,栃木県大田原市黒羽向町１０５６番地１,2017-03-17,株式会社
株式会社ムービングサービス,千葉県習志野市本大久保４丁目４番１０号,2017-03-17,株式会社
株式会社モリオ工業,兵庫県西宮市新甲陽町８番４０号,2017-03-17,株式会社
株式会社ユニオンワン,熊本県熊本市中央区大江１丁目１２番４号,2017-03-17,株式会社
株式会社ラストワンマイル,東京都三鷹市下連雀３丁目４１番１１号,2017-03-17,株式会社
株式会社リッツ,東京都世田谷区若林２丁目１７－９－４０３,2017-03-17,株式会社
株式会社リテラブースト,神奈川県川崎市高津区溝口６丁目８３７番地３５,2017-03-17,株式会社
株式会社リトルウイング,岩手県一関市山目字三反田３番地４,2017-03-17,株式会社
株式会社レガーメ,岐阜県恵那市大井町１７７６番地１９,2017-03-17,株式会社
株式会社ワイノット,東京都中央区日本橋兜町１９番１号ＩＳＯビル３Ｆ,2017-03-17,株式会社
株式会社ワンダーウォール,大阪府大阪市東成区東小橋２丁目５番１６号,2017-03-17,株式会社
株式会社ワールドフォークリフト,埼玉県行田市大字南河原１９１６番地６,2017-03-17,株式会社
株式会社ヴェルセ,広島県広島市東区山根町２５番１－６０３号,2017-03-17,株式会社
株式会社三戸工業,千葉県松戸市六高台３丁目３５番地クレサージュ松戸六高台５０５号,2017-03-17,株式会社
株式会社上殿,神奈川県綾瀬市小園３３３番地１号ケントコート斉藤２－Ｂ,2017-03-17,株式会社
株式会社中野硝子,千葉県鎌ケ谷市くぬぎ山１丁目１５番１６－３０１号,2017-03-17,株式会社
株式会社井川製作所,神奈川県綾瀬市寺尾本町１丁目１５番５号,2017-03-17,株式会社
株式会社亜宙,広島県廿日市市佐方５６８番地,2017-03-17,株式会社
株式会社京和建設,京都府京都市伏見区深草西川原町２３番地２０,2017-03-17,株式会社
株式会社京都えびす農産,京都府亀岡市千歳町千歳白髭１１番地,2017-03-17,株式会社
株式会社佐武工務店,福井県越前市高瀬１丁目３５番地,2017-03-17,株式会社
株式会社佐藤測量調査,北海道苫小牧市旭町４丁目２番１０号,2017-03-17,株式会社
株式会社保険蔵,福井県越前市瓜生町２番５号,2017-03-17,株式会社
株式会社信成工業,福井県敦賀市堂５７号２１１３番地,2017-03-17,株式会社
株式会社六合八商会,茨城県土浦市港町３丁目１番１号,2017-03-17,株式会社
株式会社千葉衛生科学検査センター,千葉県八千代市上高野１３５３番地２５,2017-03-17,株式会社
株式会社原田組,群馬県前橋市川原町２丁目１６番地１０ラッフルズ北通り１０２号,2017-03-17,株式会社
株式会社吉村,栃木県栃木市藤岡町新波１４２０番地,2017-03-17,株式会社
株式会社和光,茨城県東茨城郡大洗町五反田４７４番地,2017-03-17,株式会社
株式会社堀工業,兵庫県尼崎市東難波町２丁目１６番１号,2017-03-17,株式会社
株式会社大城興業,千葉県袖ケ浦市長浦駅前５丁目１番地７,2017-03-17,株式会社
株式会社大智,福島県いわき市四倉町字梅ケ丘１８５番地の３,2017-03-17,株式会社
株式会社大村工務店,大阪府茨木市真砂１丁目９番３１号５０２,2017-03-17,株式会社
株式会社大興商事,大阪府大阪市東成区大今里西３丁目１８番１２号,2017-03-17,株式会社
株式会社安居野保険,福岡県久留米市安武町安武本１２３９番地２５,2017-03-17,株式会社
株式会社安藤コーポレーション,香川県高松市太田上町７４９番地５,2017-03-17,株式会社
株式会社小倉工業,千葉県茂原市茂原１５１８番地１,2017-03-17,株式会社
株式会社山本工業,愛知県一宮市馬見塚字東見六３７番地,2017-03-17,株式会社
株式会社山村計算所,東京都町田市原町田４丁目１０番１９号,2017-03-17,株式会社
株式会社島そだち,香川県小豆郡小豆島町池田９６４－１４,2017-03-17,株式会社
株式会社平和総業,群馬県太田市龍舞町５１２８番地,2017-03-17,株式会社
株式会社廣瀧,長崎県佐世保市黒髪町６３３２番地２,2017-03-17,株式会社
株式会社建テック,三重県桑名市新西方４丁目２３２番地１０,2017-03-17,株式会社
株式会社徳洋,山形県天童市東長岡２丁目６番１３号,2017-03-17,株式会社
株式会社拓設備,徳島県板野郡北島町高房字東中道１４番地５,2017-03-17,株式会社
株式会社新生工建,鹿児島県鹿児島市油須木町２９１番地１１,2017-03-17,株式会社
株式会社旅館壱の井,熊本県阿蘇郡南小国町大字満願寺６６３０番地１,2017-03-17,株式会社
株式会社早川ホールディングス,栃木県足利市田中町９０６番地１３,2017-03-17,株式会社
株式会社旬果,千葉県松戸市古ケ崎２丁目３１５８番地の１３,2017-03-17,株式会社
株式会社昇,兵庫県西宮市今津曙町６番６号,2017-03-17,株式会社
株式会社木村商店,福島県福島市飯坂町平野字北３３番地,2017-03-17,株式会社
株式会社杉山化学工業所,東京都大田区矢口３丁目５番４号,2017-03-17,株式会社
株式会社東方商事,東京都豊島区西池袋１丁目３１－５白井ビル３Ｆ,2017-03-17,株式会社
株式会社松岸環境,千葉県銚子市西小川町１０１６番地Ｂ－１０３,2017-03-17,株式会社
株式会社栄昌堂,東京都羽村市栄町２丁目３番地３１,2017-03-17,株式会社
株式会社桃源養生茶坊,栃木県宇都宮市西原１丁目５番１４号,2017-03-17,株式会社
株式会社梟,東京都江戸川区西葛西２丁目１５番１７－５０５号,2017-03-17,株式会社
株式会社梯,神奈川県横浜市中区花咲町１丁目４６－１ＧＳプラザ桜木町３Ｆ,2017-03-17,株式会社
株式会社森建興業,長野県松本市新橋４番１号,2017-03-17,株式会社
株式会社毛利産業,北海道石狩市花川東一条１丁目２２番地,2017-03-17,株式会社
株式会社水戸,新潟県新潟市中央区姥ケ山１７１３番地１,2017-03-17,株式会社
株式会社江口工業,愛知県知多市八幡字平井６２番地の１,2017-03-17,株式会社
株式会社清水家プロジェクト,山梨県北杜市小淵沢町１００６０番地１６３小淵沢アートヴィレッジ,2017-03-17,株式会社
株式会社片山技建,兵庫県神戸市兵庫区菊水町８丁目１番１７号,2017-03-17,株式会社
株式会社牧・リヨンセレブ,東京都江戸川区西篠崎１丁目１７番１１号エム・ティコーポ１０２,2017-03-17,株式会社
株式会社番町ホールディングス,東京都千代田区四番町８番地６番町パークハウス１５０５号,2017-03-17,株式会社
株式会社石垣島さんばしマーケット,沖縄県石垣市美崎町１番地,2017-03-17,株式会社
株式会社神祐工業,群馬県高崎市小八木町３１２番地１５,2017-03-17,株式会社
株式会社祥代,千葉県木更津市万石４３７番地,2017-03-17,株式会社
株式会社福太郎,和歌山県紀の川市粉河９８０番地１,2017-03-17,株式会社
株式会社秋セブンティーン,大阪府大阪市平野区加美西２丁目８番３号,2017-03-17,株式会社
株式会社美桜,山梨県甲府市国母３丁目４番１５号,2017-03-17,株式会社
株式会社聖商事,栃木県栃木市大宮町２６０７番地８,2017-03-17,株式会社
株式会社芳賀工業所,埼玉県八潮市大字古新田５６４番地４,2017-03-17,株式会社
株式会社萌コーポレーション,大阪府大阪市中央区道修町２丁目４４番３号,2017-03-17,株式会社
株式会社薬匠堂,宮崎県宮崎市大塚町樋ノ口１９２４番地１西日本大塚ビル１０５号,2017-03-17,株式会社
株式会社行雲,鹿児島県鹿児島市樋之口町１０番４５号,2017-03-17,株式会社
株式会社西表島ツアーズ,山梨県甲府市羽黒町６６５番地１,2017-03-17,株式会社
株式会社覚信工業,福島県伊達市梁川町新田字神子田２０番地１３,2017-03-17,株式会社
株式会社誠和産業,茨城県日立市諏訪町３丁目６番２４－１０３号,2017-03-17,株式会社
株式会社豪海工業,茨城県行方市浜１６５８番地１,2017-03-17,株式会社
株式会社貴レーシング,大阪府大阪市西区南堀江２丁目２番１１－４０２号,2017-03-17,株式会社
株式会社賃貸ホームズ,大阪府大阪市中央区常盤町２丁目２番１７号,2017-03-17,株式会社
株式会社関西フリーズ,兵庫県神戸市垂水区本多聞２丁目３２番２６－４号,2017-03-17,株式会社
株式会社関谷建設,埼玉県富士見市羽沢３丁目９番４３号,2017-03-17,株式会社
株式会社零伸,熊本県熊本市北区龍田７丁目１９番３１号,2017-03-17,株式会社
株式会社館林商事,埼玉県川口市南町１丁目１２番１７号,2017-03-17,株式会社
株式会社１０３,東京都杉並区阿佐谷北１丁目２６番７号,2017-03-17,株式会社
株式会社Ａ,東京都渋谷区富ヶ谷１丁目９番１６－３０６号,2017-03-17,株式会社
株式会社ＡＳＡＩ,東京都杉並区高円寺南３丁目２３番１６号,2017-03-17,株式会社
株式会社ＡＳＢトラスト,東京都武蔵村山市大南１丁目７０番地の１,2017-03-17,株式会社
株式会社ＢＡＴＨ＆Ｃｏ．,東京都渋谷区恵比寿１丁目３０番１４号,2017-03-17,株式会社
株式会社ＢＲＩＬＬＥＲ,神奈川県横浜市中区山下町４４番地２グリフィン横浜・山下公園１０１号室,2017-03-17,株式会社
株式会社Ｄａｉｄｏｕ,大阪府大阪市西区北堀江３丁目８番４－２０３号,2017-03-17,株式会社
株式会社ＧＥＮＥＳＩＳ,東京都港区東麻布２丁目４番２号Ｏ’Ｓ・ＡＺＡＢＵ・ＥＡＳＴ・ＲＥＳＩＤＥＮＣＥ６０１,2017-03-17,株式会社
株式会社ＨＯＴ　ＬＥＳＳＯＮ,東京都台東区台東２丁目９番４号明治安田生命秋葉原昭和通りビル１０階,2017-03-17,株式会社
株式会社Ｊ＆Ｐ,大阪府大阪市生野区桃谷４丁目９番９号３階,2017-03-17,株式会社
株式会社ＪＳ,東京都新宿区大久保１丁目２番１９－１００５号,2017-03-17,株式会社
株式会社ＫＳエコサービス,群馬県前橋市総社町総社１０６４番地２,2017-03-17,株式会社
株式会社ＫＴＲ,山口県下関市彦島迫町１丁目１９番２３号,2017-03-17,株式会社
株式会社ＫＵＲＯＧＡＮＥ,東京都足立区鹿浜６丁目２８番８－３０６号,2017-03-17,株式会社
株式会社Ｌ　ｅｓｃｏｒｔ,東京都荒川区南千住８丁目３番３－７１０号,2017-03-17,株式会社
株式会社ＬＩＭｂ,東京都渋谷区富ヶ谷１丁目９番２１号,2017-03-17,株式会社
株式会社Ｌｉｓｔｙｃ,大阪府大阪市天王寺区夕陽丘町３番３号１Ｆ１０１号,2017-03-17,株式会社
株式会社Ｍ＆Ａ地所,東京都八王子市片倉町２２６０番地２,2017-03-17,株式会社
株式会社ＭＡＴＥＣ,京都府京都市右京区嵯峨広沢池下町６６－６,2017-03-17,株式会社
株式会社ＭＩＲＡＣＬＥ　Ｅｎｔｅｒｔａｉｎｍｅｎｔ,東京都港区赤坂２丁目１３番３－８０５号,2017-03-17,株式会社
株式会社ＭＩＳＨＩＭＡ,埼玉県戸田市大字新曽１４９２番地,2017-03-17,株式会社
株式会社ＭＫプランニング,埼玉県所沢市けやき台２丁目２番地の１リーデンススクエア所沢けやき台５０８,2017-03-17,株式会社
株式会社ＭＫプロジェクト,埼玉県川越市大字安比奈新田８８番地１,2017-03-17,株式会社
株式会社ＭｄＣ,大阪府豊中市南桜塚１丁目２４番８号,2017-03-17,株式会社
株式会社Ｎ３,東京都渋谷区道玄坂２丁目７番４号清水ビル２階,2017-03-17,株式会社
株式会社Ｎｅｘｕｓ,愛知県瀬戸市品野町３丁目４６１番５,2017-03-17,株式会社
株式会社ＯＴＡシステム開発,東京都渋谷区桜丘町２６番１号セルリアンタワー１５階,2017-03-17,株式会社
株式会社ＯＸＹ,愛知県名古屋市中川区柳森町２７０８板倉ビル３Ｆ,2017-03-17,株式会社
株式会社ＰＬＵＳ　Ｊ,神奈川県平塚市南金目１４２１番地４,2017-03-17,株式会社
株式会社ＰＷＬ,東京都世田谷区太子堂２丁目１４番３号シャルムイシクラ５０１号,2017-03-17,株式会社
株式会社ＲＲ,東京都渋谷区円山町２０番１号,2017-03-17,株式会社
株式会社Ｒｅｉｔｓｕ,東京都港区新橋６丁目１６番８号レックスビル４０８室,2017-03-17,株式会社
株式会社Ｒｅｓａｌｅ　Ｔｒａｄｅ,東京都台東区台東１丁目１６－７レイローズビル７０２,2017-03-17,株式会社
株式会社ＳＣＬ,兵庫県尼崎市南武庫之荘２丁目１８番２２号,2017-03-17,株式会社
株式会社ＳＩＫＯＵ,千葉県館山市北条１７７２番地２ミモザガーデン４０４号,2017-03-17,株式会社
株式会社ＳＰＩ,北海道千歳市富士１丁目１番地５,2017-03-17,株式会社
株式会社Ｓｔａｒｔ－Ｕｐ,熊本県上天草市大矢野町上４２４１－３,2017-03-17,株式会社
株式会社Ｓｔｙｌｉｓｈ＆Ｌｉｆｅ,東京都港区麻布十番２丁目１３番４号３Ｆ,2017-03-17,株式会社
株式会社ＴＫシステムズ,兵庫県神戸市灘区岸地通３丁目５番２５号,2017-03-17,株式会社
株式会社ＴＯＢＵ,大阪府大阪市北区西天満６丁目９番１８号,2017-03-17,株式会社
株式会社ＴＲＩＰＬＥ　ＡＲＣＨ,大阪府大阪市西区新町１丁目２９番１２号アリスマナーガーデン新町６０２号,2017-03-17,株式会社
株式会社ＴＲＩＰＬＥ　ＥＮＧＩＮＥ,東京都渋谷区代々木２丁目３番１－１３４８号,2017-03-17,株式会社
株式会社Ｗ・Ｈ・Ｃ,愛媛県西条市三津屋南９番３,2017-03-17,株式会社
株式会社ＷＡＢＩＳＵＫＥ,京都府宇治市宇治金井戸１０－４,2017-03-17,株式会社
株式会社Ｗｅｌｃｏｍｅｓ,大阪府大阪市中央区伏見町３丁目１番１－２３０３号,2017-03-17,株式会社
株式会社Ｗｈｉｔｅ　Ａｍｂｉｔｉｏｎ,愛知県名古屋市中区丸の内３丁目１７番２４号ＮＡＹＵＴＡＢＬＤ２階２Ｃ,2017-03-17,株式会社
株式会社Ｗｏｒｌｄ　Ｍｏｍｍｙ,東京都新宿区西新宿１丁目２５番１号,2017-03-17,株式会社
株式会社ａｄｅｐｔ,大阪府大阪市中央区南船場３丁目８番７号,2017-03-17,株式会社
株式会社ａｎ．ａ　ｓｔｕｄｉｏ,東京都渋谷区代々木５丁目３５番８－４０３号,2017-03-17,株式会社
株式会社ｈ＆ｂ,京都府京都市南区西九条島町４８番地ベレーザ東寺５０１,2017-03-17,株式会社
株式会社ｏｄｍｇ,神奈川県横浜市西区平沼１丁目２３番６－１１０４号,2017-03-17,株式会社
株式会社ｒｅｓｏｌａ,兵庫県丹波市柏原町母坪３５６番地１,2017-03-17,株式会社
株式会社ｓｑｕａｒｅｗａｌｌ,大阪府大阪市西区靱本町１丁目４番２２号,2017-03-17,株式会社
株式会社ｕｎｉｆｉｙ,東京都新宿区西新宿３丁目６番５－７０３号,2017-03-17,株式会社
永谷塗装株式会社,千葉県袖ケ浦市滝の口５１４番地２,2017-03-17,株式会社
江村建設株式会社,埼玉県さいたま市緑区大字三室９５２番地３１,2017-03-17,株式会社
浜松グリーン発電合同会社,静岡県静岡市葵区安西１丁目８７番地の２,2017-03-17,合同会社
渡部工業合同会社,千葉県柏市花野井１２２９番地５,2017-03-17,合同会社
焼肉特急株式会社,大阪府藤井寺市恵美坂１丁目１３番２９号,2017-03-17,株式会社
特定非営利活動法人アンソレイユ,宮城県名取市大手町５丁目６番地の１,2017-03-17,その他の設立登記法人
特定非営利活動法人エコファーム野田,千葉県野田市花井２４８番地の５８,2017-03-17,その他の設立登記法人
特定非営利活動法人矢祭未来想成社,福島県東白川郡矢祭町大字小田川字春田１６番地１,2017-03-17,その他の設立登記法人
特定非営利活動法人老匠支援機構,福岡県福岡市南区皿山２丁目３番１７－２１３号,2017-03-17,その他の設立登記法人
王子科技東京株式会社,東京都北区豊島５丁目５番７－１０２２号,2017-03-17,株式会社
白石商店合同会社,神奈川県伊勢原市小稲葉１９１番地の２,2017-03-17,合同会社
碧峰株式会社,東京都新宿区北新宿２丁目５番１９号,2017-03-17,株式会社
社会保険労務士法人サムライＯｆｆｉｃｅ,東京都小平市小川西町４丁目３０番５号,2017-03-17,その他の設立登記法人
社会保険労務士法人トップ労務マネジメント,大阪府大阪市北区梅田１丁目１１番４－１１１１号,2017-03-17,その他の設立登記法人
社会福祉法人マーズ,沖縄県宮古島市平良字東仲宗根６７０番地,2017-03-17,その他の設立登記法人
福祉ケア合同会社,兵庫県尼崎市武庫之荘本町２丁目５番２２－１０２号,2017-03-17,合同会社
絆場株式会社,岐阜県高山市一之宮町４９０８番地,2017-03-17,株式会社
総和物流株式会社,愛知県犬山市善師野台３丁目５１番地,2017-03-17,株式会社
聡明設備株式会社,千葉県千葉市花見川区こてはし台５丁目１６番１１号,2017-03-17,株式会社
良源商事株式会社,兵庫県神戸市中央区東雲通１丁目５番７－２号,2017-03-17,株式会社
藤本商事株式会社,群馬県高崎市貝沢町９５３－１,2017-03-17,株式会社
西日本外回り事業協同組合,大阪府東大阪市若江南町３丁目１番２５号,2017-03-17,その他の設立登記法人
豊澤合同会社,埼玉県川越市小仙波町２丁目９番地１６コート川越１０５号室,2017-03-17,合同会社
財団法人嘉瀬川ダム対策基金,佐賀県佐賀市城内１丁目１番５９号,2017-03-17,その他の設立登記法人
財成合同会社,東京都北区上十条５丁目３０番２２号,2017-03-17,合同会社
農事組合法人たおの,熊本県上益城郡山都町田小野３２７番地４,2017-03-17,その他の設立登記法人
農事組合法人湯の里なんぶ,大分県竹田市直入町大字長湯２３６４番地３,2017-03-17,その他の設立登記法人
遠嶋工業株式会社,兵庫県尼崎市塚口本町１丁目６番６号,2017-03-17,株式会社
野口資産管理株式会社,愛知県春日井市八光町４丁目７５番地２ウッドペッカー５Ｂ号,2017-03-17,株式会社
青木運輸有限会社,群馬県前橋市飯土井町１７５番地１,2017-03-17,有限会社
鷹電工合同会社,福岡県北九州市小倉南区下曽根２丁目４番１２－１号,2017-03-17,合同会社
Ａ＆Ｍ　ＩＮＴＥＲＮＡＴＩＯＮＡＬ株式会社,千葉県柏市高南台３丁目１３番地２０サンビレッジ沼南５－１０３号,2017-03-17,株式会社
ＡＣＯエンタープライズ株式会社,大阪府大阪市天王寺区上本町５丁目６番４－２０１号,2017-03-17,株式会社
ＡＫ　Ｂｕｌｌｉｏｎ株式会社,東京都北区赤羽２丁目１０番６号,2017-03-17,株式会社
ＡＬ－ＡＮＤＡＬＵＳ・ＴＲＡＤＩＮＧ株式会社,兵庫県三木市志染町広野２丁目８４,2017-03-17,株式会社
ＡＲＳＥＮＡＬ株式会社,大阪府大阪市西区江戸堀２丁目７番２６－６０５号,2017-03-17,株式会社
ＡＳＨＡ　ＩＮＴＥＲＮＡＴＩＯＮＡＬ株式会社,東京都福生市大字福生２２１８番地５,2017-03-17,株式会社
Ａｐｅｌｉｌａ合同会社,愛知県名古屋市千種区光が丘２丁目４番２１号,2017-03-17,合同会社
Ｂ＆Ｈｅａｌｔｈ　Ｃｕｒｅ株式会社,大分県大分市要町９番２１号,2017-03-17,株式会社
Ｂｒｉｄｇｅ　Ｉｎｔｅｒｎａｔｉｏｎａｌ株式会社,東京都港区虎ノ門３丁目２０番５号,2017-03-17,株式会社
ＣＥＹＬＯＮ　ＨＡＳＵ　ＥＸＰＯＲＴ株式会社,埼玉県熊谷市村岡７７６番地３コーポＡ＆Ｋ２０３,2017-03-17,株式会社
ＣＫＮ合同会社,東京都荒川区東尾久２丁目２番９号三祥ビル２４７,2017-03-17,合同会社
Ｃｏｌａｂ株式会社,東京都江戸川区西葛西３丁目３番１３－９０９号,2017-03-17,株式会社
ＤＯＧＯ株式会社,千葉県千葉市美浜区真砂５丁目４９番３号,2017-03-17,株式会社
ＥＦＣ１一般社団法人,東京都千代田区丸の内３丁目１番１号東京共同会計事務所内,2017-03-17,その他の設立登記法人
ＥＮＶＩＺ－ＲＤＦ－ＪＡＰＡＮ合同会社,東京都品川区小山１丁目３－２８グランドメゾン不動前４０３,2017-03-17,合同会社
Ｆビルド株式会社,兵庫県川西市東久代２丁目１３番７号,2017-03-17,株式会社
Ｈセンス株式会社,東京都目黒区青葉台３丁目１８番３号,2017-03-17,株式会社
Ｈｉｄｅｏｕｔ合同会社,埼玉県鴻巣市下忍３４９１番地６,2017-03-17,合同会社
ＩＤＥＡＬ株式会社,大阪府大阪市淀川区西三国１丁目３番２５号リンケージ６０２号,2017-03-17,株式会社
ＪＡＹＡＭＡ株式会社,岐阜県羽島市桑原町午南１５６９番地１,2017-03-17,株式会社
ＫＩＳＥＫＩ　ｉｎｃｋ株式会社,東京都中野区沼袋４丁目４０番５号,2017-03-17,株式会社
ＫＴＭＫ　ＳＯＫＡ合同会社,東京都中央区銀座７丁目１５番８号タウンハイツ銀座４０６,2017-03-17,合同会社
ＫＵＭＡ合同会社,埼玉県川口市西川口１丁目１２－２７,2017-03-17,合同会社
ＬＩＯエステート株式会社,愛知県小牧市多気中町９３番地,2017-03-17,株式会社
ＬＵＣＫＹ　ＢＯＡＲ株式会社,宮城県仙台市太白区袋原５丁目２番２３号,2017-03-17,株式会社
ＭＥＴＰＬＡＮ株式会社,東京都港区芝５丁目５番１号ラウンドクロス三田３Ｆ,2017-03-17,株式会社
ＭＧＦ合同会社,東京都杉並区高円寺南１丁目１４番１６号,2017-03-17,合同会社
ＭＪ合同会社,大阪府大阪市西区九条南２丁目３４番７－８０２号,2017-03-17,合同会社
ＭＯＮＴＡ．カーリンクス株式会社,熊本県上益城郡嘉島町大字上仲間８４８番地２,2017-03-17,株式会社
Ｍｅｌｔｏｎ合同会社,福岡県福岡市博多区三筑２丁目２２－１７－２０３号,2017-03-17,合同会社
ＮＥＷ　ＷＯＲＬＤ株式会社,東京都目黒区青葉台３丁目３－１１ＭＩＤＯＲＩ．ｓｏ２Ｆ,2017-03-17,株式会社
ＮＰＯ法人下府中コミュニティＳｈｉｎ２,神奈川県小田原市酒匂１４０５番地の６,2017-03-17,その他の設立登記法人
ＮｉｎｊｙａＡｎｎａ＆Ｊａｃｋ合同会社,埼玉県ふじみ野市北野１丁目１番３号,2017-03-17,合同会社
ＰＮＦ　ＪＡＰＡＮ株式会社,東京都千代田区岩本町３丁目１０番４号寿ビルディング９Ｆ,2017-03-17,株式会社
Ｐｅａ合同会社,大分県別府市大字鶴見３９７番地の９,2017-03-17,合同会社
ＲＨコンサルティング合同会社,東京都港区赤坂７丁目１番１号,2017-03-17,合同会社
Ｓ．Ｃ．Ｗ合同会社,東京都渋谷区代官山町１番４号,2017-03-17,合同会社
Ｓ．Ｐ．ＣＯＲＰＯＲＡＴＩＯＮ株式会社,青森県八戸市吹上１丁目３番７号,2017-03-17,株式会社
ＳＡＭＵＲＡＩ　ＷＩＮ　ＷＩＮ合同会社,東京都福生市加美平１丁目１７番地１加美平福富マンション１０１号室,2017-03-17,合同会社
ＳＥＮＵＲＩ　ＬＡＮＫＡ　ＥＮＴＥＲＰＲＩＳＥＳ合同会社,茨城県つくばみらい市小張字新山３９７２番２７和泉コーポ２０１号,2017-03-17,合同会社
ＳＩＫＷＡ　ＬＩＭＩＴＥＤ,東京都港区虎ノ門４丁目１－３４虎ノ門タワーズレジデンス６０２,2017-03-17,外国会社等
Ｓｅｖｅｎｔｈ　Ｒｏｏｔ株式会社,東京都江東区清澄２丁目１３番２号ニューディレクトレジデンス清澄白河５０３号室,2017-03-17,株式会社
ＴＮＧ合同会社,愛知県日進市岩崎町神明５番地３７,2017-03-17,合同会社
ＷＡＶＥＳ合同会社,神奈川県横浜市中区尾上町４丁目５７番地尾上町ビルディング８Ｆ,2017-03-17,合同会社
Ｗａｒｍ合同会社,静岡県焼津市坂本４７５番地の１,2017-03-17,合同会社
Ｗｅ・スポ企業組合,北海道上川郡新得町西一条南４丁目１番地８,2017-03-17,その他の設立登記法人
ＹＭ商事株式会社,東京都中野区上鷺宮１丁目２－４関口ビル１１７号,2017-03-17,株式会社
ＹａｍａｔｏＤａｙ合同会社,千葉県浦安市富士見２丁目１０番２７－３０１号メゾンメール,2017-03-17,合同会社
ＺＷＲ商事株式会社,埼玉県蕨市北町１丁目１６番１２号本田マンション１号棟４０５号室,2017-03-17,株式会社
ｍｅｍ　ｐｒｏｊｅｃｔ株式会社,千葉県浦安市入船３丁目３５番１０３号,2017-03-17,株式会社
ｎ－ａｘｉｓ合同会社,東京都府中市本町４丁目１２番地２１,2017-03-17,合同会社
あめやコーポレーション株式会社,千葉県船橋市西船３丁目７番３４－５０４号,2017-03-21,株式会社
あやせホーム株式会社,兵庫県西宮市小松西町２丁目４－２６,2017-03-21,株式会社
はなやま建設工業株式会社,宮城県栗原市花山字本沢北ノ前６０番地１,2017-03-21,株式会社
ぷらすの株式会社,東京都新宿区新宿２丁目１２番１３号新宿アントレサロンビル２Ｆ,2017-03-21,株式会社
むらでん株式会社,兵庫県神戸市中央区相生町５丁目１６番１０号,2017-03-21,株式会社
よこはま財産管理サポート株式会社,神奈川県横浜市港北区日吉４丁目５番１８号,2017-03-21,株式会社
アイザック合同会社,千葉県成田市新町１０５３番地１,2017-03-21,合同会社
アゼダイ株式会社,愛知県豊橋市往完町字郷社東１１３番地,2017-03-21,株式会社
アノイ合同会社,東京都品川区北品川１丁目９番７号トップルーム品川１０１５号,2017-03-21,合同会社
アフィニティ合同会社,東京都渋谷区恵比寿南３丁目１２番８－３０５号,2017-03-21,合同会社
アーク株式会社,千葉県香取市苅毛５０５番地,2017-03-21,株式会社
アート・ワン株式会社,長崎県長崎市花丘町４番１６号,2017-03-21,株式会社
アールイーピーコア株式会社,東京都千代田区東神田２丁目６番２号,2017-03-21,株式会社
イナバ商運株式会社,鳥取県倉吉市津原６６９番地１,2017-03-21,株式会社
エステクノ株式会社,福岡県筑紫郡那珂川町五郎丸１丁目９６番地ロイヤルシャトーＹ・Ｍ２０１号,2017-03-21,株式会社
エムシー株式会社,東京都豊島区南池袋１丁目１６番２０号ぬかりやビル６Ｆ,2017-03-21,株式会社
エムツーテクノ株式会社,愛知県名古屋市南区曽池町３丁目５２番地,2017-03-21,株式会社
エムテックグリーンパワー株式会社,千葉県白井市桜台３丁目１番,2017-03-21,株式会社
オリエンタルトラスト株式会社,東京都千代田区神田錦町１丁目１４番地７,2017-03-21,株式会社
オーシャンスターパートナーズ株式会社,東京都千代田区飯田橋３丁目３番１１号新生ビル４階,2017-03-21,株式会社
カイラニインターナショナル合同会社,神奈川県横浜市西区みなとみらい５丁目３番１－Ｐ－２６０４号,2017-03-21,合同会社
グッドライフ株式会社,愛知県名古屋市名東区上社３丁目１７０３番地,2017-03-21,株式会社
グランドＲ合同会社,福岡県久留米市山川町１４７５－３,2017-03-21,合同会社
ケーズ不動産株式会社,栃木県宇都宮市元今泉１丁目１０番１２号,2017-03-21,株式会社
ケーティーマリンコンサルタント株式会社,神奈川県横浜市港北区大倉山７丁目６番１１号,2017-03-21,株式会社
サロンデザイン株式会社,兵庫県神戸市東灘区向洋町中６丁目９神戸ファッションマート４Ｅ－２５,2017-03-21,株式会社
ジェーエイチエル株式会社,大阪府大阪市浪速区敷津西２丁目２番８号ラ・メゾンカトウ６０５号,2017-03-21,株式会社
セカンド・ドロップ株式会社,鳥取県米子市西福原５丁目４番６号,2017-03-21,株式会社
ゾノベイパージャパン株式会社,千葉県柏市南増尾２丁目１７番２９号,2017-03-21,株式会社
タレントキリンズ株式会社,神奈川県川崎市川崎区鋼管通２丁目１９番１０号,2017-03-21,株式会社
ダブルピーエヌ合同会社,愛知県尾張旭市旭台３丁目１３番地１２,2017-03-21,合同会社
チェルスティン合同会社,神奈川県横浜市都筑区北山田１丁目１０番５号,2017-03-21,合同会社
テイラーアンドヒイロ合同会社,東京都東村山市久米川町３丁目２６番地１５,2017-03-21,合同会社
トゥルーアイズリサーチ株式会社,広島県廿日市市宮内１０１１番地３,2017-03-21,株式会社
トナカイテクノロジー株式会社,東京都千代田区九段南１丁目５－６りそな九段ビル５Ｆ、ＫＳフロア,2017-03-21,株式会社
トライアルテックジャパン株式会社,愛知県名古屋市中区栄２丁目１１番７号,2017-03-21,株式会社
トラスト・ネクサス・コンサルティング株式会社,東京都新宿区西新宿７丁目２２番４４号コマツビル２階,2017-03-21,株式会社
ニカン合同会社,東京都新宿区西新宿４丁目３１番３－９１７号,2017-03-21,合同会社
ネットクロス株式会社,広島県福山市西町３丁目１４番１８号西町プラザ４０１号,2017-03-21,株式会社
ハーアリフエステート合同会社,東京都品川区荏原４丁目７番１９－３０１号,2017-03-21,合同会社
フリーリー株式会社,埼玉県越谷市蒲生寿町５番１１号,2017-03-21,株式会社
プラス．ワン株式会社,東京都港区新橋３丁目２６番３号,2017-03-21,株式会社
プリンセス・ジュエリー株式会社,神奈川県横浜市金沢区能見台通五丁目１８番パークハイム能見台３０５,2017-03-21,株式会社
マーレエステート合同会社,東京都品川区荏原４丁目７番１９－３０１号,2017-03-21,合同会社
メゾン・ド・シャンテ管理組合法人,東京都中央区京橋１丁目１番５号,2017-03-21,その他の設立登記法人
リアン工業株式会社,東京都江戸川区中央２丁目２６番１１号,2017-03-21,株式会社
リンクマーケティング合同会社,大阪府大阪市平野区西脇２丁目５番４号３階,2017-03-21,合同会社
ルピンジャパン＆アジアパシフィック株式会社,東京都港区虎ノ門１丁目２３番３号虎ノ門ヒルズ森タワー,2017-03-21,株式会社
ロックビズ株式会社,千葉県市川市新井１丁目２５番２０号,2017-03-21,株式会社
ロバシステム研究所株式会社,埼玉県さいたま市大宮区東町２丁目１７６番地１・１００１,2017-03-21,株式会社
ワイ・エム・マネージメント合同会社,東京都江戸川区中葛西２丁目４番４７号,2017-03-21,合同会社
ワンズ・スタイル合同会社,大阪府大阪市淀川区西中島４丁目５番２２号,2017-03-21,合同会社
ワールドトラストレード株式会社,大阪府大阪市中央区安土町２丁目３番１３号大阪国際ビルディング３１階,2017-03-21,株式会社
ヴェゼルワークス株式会社,熊本県八代市永碇町１０２４番地１４,2017-03-21,株式会社
一般社団法人おしごと研究所,福岡県福岡市南区長住５丁目１１番２４－８０３号,2017-03-21,その他の設立登記法人
一般社団法人くすのき自然クラブ,神奈川県川崎市幸区小倉４丁目１３番７－２０２号,2017-03-21,その他の設立登記法人
一般社団法人にしなかバレー,大阪府大阪市淀川区西中島１丁目９－２０,2017-03-21,その他の設立登記法人
一般社団法人みんなの地球公園国際コミュニティー連絡協議会,東京都港区南青山３丁目５番２号,2017-03-21,その他の設立登記法人
一般社団法人アデンターヘルスケア,東京都新宿区西新宿７丁目２２－３８,2017-03-21,その他の設立登記法人
一般社団法人コーチングコミュニケーション協会,石川県野々市市粟田４丁目１１３番地,2017-03-21,その他の設立登記法人
一般社団法人ゴールアチーブメント協会,兵庫県神戸市灘区篠原中町６丁目５番４－１０４号,2017-03-21,その他の設立登記法人
一般社団法人サンワ,埼玉県所沢市上新井５丁目６０番２号,2017-03-21,その他の設立登記法人
一般社団法人メディカルイノベーションデザイン協会,東京都新宿区新宿７丁目１２番１１号,2017-03-21,その他の設立登記法人
一般社団法人埼玉県任意売却支援協会,埼玉県草加市松江４丁目１番１号,2017-03-21,その他の設立登記法人
一般社団法人岐阜県ドローン協会,岐阜県多治見市太平町４丁目５０番地グリュックリヒファミーリエＤ号,2017-03-21,その他の設立登記法人
一般社団法人日本セーフティカヌーイング協会,神奈川県横須賀市秋谷４２９６番地５,2017-03-21,その他の設立登記法人
一般社団法人日本住宅安全推進協会,埼玉県北葛飾郡杉戸町大字杉戸８３２番地５,2017-03-21,その他の設立登記法人
一般社団法人暮らしランプ,京都府向日市寺戸町岸ノ下５番地,2017-03-21,その他の設立登記法人
一般社団法人森永高志会,宮崎県小林市堤２９８０番地碕山鉄工建設株式会社内,2017-03-21,その他の設立登記法人
一般社団法人海外投資詐欺救済協会,東京都江東区有明３丁目７番２６号,2017-03-21,その他の設立登記法人
一般社団法人神奈川県伝統資財再生機構,神奈川県小田原市鴨宮８３５番地の２,2017-03-21,その他の設立登記法人
一般社団法人福島障害年金相談センター,福島県郡山市鶴見坦３丁目５番８号,2017-03-21,その他の設立登記法人
一般社団法人終活マイライフ,北海道札幌市中央区北一条西３丁目３番地ばらと北一条ビル９階,2017-03-21,その他の設立登記法人
一般社団法人育英若葉会神奈川,神奈川県大和市西鶴間３丁目１３番３号テラスガーデニア１０２,2017-03-21,その他の設立登記法人
一般社団法人銀河プロジェクト,愛媛県松山市朝生田町６丁目２番４８号,2017-03-21,その他の設立登記法人
一般社団法人Ｂｕｏｙ,東京都足立区千住仲町４９番１１号メゾン・ド・メルシー２階,2017-03-21,その他の設立登記法人
一般社団法人Ｆｏｒ　ｔｈｅ　Ｗｏｒｌｄ,千葉県浦安市高洲２丁目４番１０号,2017-03-21,その他の設立登記法人
一般社団法人Ｈｉｇａｓｈｉｈａｍａ,東京都港区虎ノ門５丁目１番４号,2017-03-21,その他の設立登記法人
一般社団法人Ｈｏｍｉｅ,岡山県総社市種井１３９番地,2017-03-21,その他の設立登記法人
一般社団法人ＯＮＥ－ＷＯＲＬＤ医療・福祉国際交流事業団,愛知県名古屋市天白区古川町４６番地,2017-03-21,その他の設立登記法人
一般社団法人Ｓａｒｕｓｈｉｍａ,東京都港区虎ノ門５丁目１番４号,2017-03-21,その他の設立登記法人
一般社団法人ｔｏｋｙｏ　ｓｉｓｔｅｒｓ,東京都大田区久が原６丁目２４番２４号,2017-03-21,その他の設立登記法人
一般財団法人大成学術財団,東京都新宿区西新宿１丁目２５番１号,2017-03-21,その他の設立登記法人
三川合同会社,埼玉県川越市大字的場２８５１番地７ハッピーハイツＡ－２０２号室,2017-03-21,合同会社
京華株式会社,愛知県蒲郡市八百富町１５番４５号,2017-03-21,株式会社
住宅設備Ｒｅｈｏｍａｎ合同会社,神奈川県横浜市鶴見区下末吉１丁目１１番１９号,2017-03-21,合同会社
佳盈合同会社,富山県富山市天正寺４８,2017-03-21,合同会社
北田電工株式会社,大阪府堺市堺区大浜中町３丁６番７号,2017-03-21,株式会社
医療法人ひびき,福岡県遠賀郡水巻町頃末北３丁目２番２号,2017-03-21,その他の設立登記法人
医療法人ハナミズキ,岡山県瀬戸内市邑久町山田庄２１２番地１,2017-03-21,その他の設立登記法人
医療法人健歯会,福岡県福岡市早良区祖原１番１号,2017-03-21,その他の設立登記法人
医療法人大志,愛知県名古屋市緑区亀が洞１丁目１３１０番地,2017-03-21,その他の設立登記法人
医療法人弘明会,愛知県名古屋市中川区尾頭橋４丁目８番１１号,2017-03-21,その他の設立登記法人
医療法人早川内科医院,福岡県大牟田市本町４丁目１０番１１号,2017-03-21,その他の設立登記法人
医療法人社団ステラ会,東京都渋谷区宇田川町２８番地７ＡＮＮＥＸ・渋谷三善第３ビル３階,2017-03-21,その他の設立登記法人
医療法人社団フローレンス,神奈川県海老名市柏ケ谷７０６番地３ラ・リヴィエールかしわ台１０２号,2017-03-21,その他の設立登記法人
医療法人社団愛成会,神奈川県横浜市旭区中沢１丁目４６番７号二俣川クリニックモール１階（１）,2017-03-21,その他の設立登記法人
医療法人社団敬康会,東京都西東京市田無町７丁目１６番３０号１階,2017-03-21,その他の設立登記法人
医療法人社団淳幸会,神奈川県横浜市磯子区洋光台３丁目１３番１号ピ－コックストア洋光台店２階,2017-03-21,その他の設立登記法人
医療法人社団秀邦会,東京都多摩市関戸２丁目３９番１２号桜ケ丘ＮＫビル１階,2017-03-21,その他の設立登記法人
医療法人社団美幸会,神奈川県横浜市瀬谷区二ツ橋町２９５番地２２シャンドール三ツ境１Ｆ,2017-03-21,その他の設立登記法人
医療法人社団豊越会,東京都品川区東大井５丁目１１番２号Ｋ－１１ビル１階,2017-03-21,その他の設立登記法人
医療法人至誠堂,愛知県岩倉市大地新町１丁目５０番地,2017-03-21,その他の設立登記法人
医療法人花田こどもクリニック,愛知県岡崎市真伝町字続木屋敷５番地６,2017-03-21,その他の設立登記法人
医療法人Ｄｅｎｔａｌ　Ｈｅａｌｔｈ　Ｓｕｐｐｏｒｔ,愛知県名古屋市千種区仲田１丁目８番地１３号ホーメスト仲田１Ｆ,2017-03-21,その他の設立登記法人
医療法人Ｇｉ,岡山県岡山市北区中仙道２丁目７番２５号,2017-03-21,その他の設立登記法人
医療法人ＭＡＲＵＴＡ　ＤＥＮＴＡＬ　ＯＦＦＩＣＥ,熊本県菊池郡菊陽町武蔵ヶ丘北２丁目１５番８号４,2017-03-21,その他の設立登記法人
千雲蝠株式会社,福岡県太宰府市石坂３丁目５－１４－３１号室,2017-03-21,株式会社
厚生社土地建物株式会社,大阪府大阪市北区堂島３丁目２番７号,2017-03-21,株式会社
合同会社あっとほーむ,宮城県仙台市青葉区立町２５番５－８０１号,2017-03-21,合同会社
合同会社あんこ,石川県小松市三日市町３９－４,2017-03-21,合同会社
合同会社いわもと,福岡県筑紫野市大字天山４９６番地２,2017-03-21,合同会社
合同会社たいようの郷,福岡県直方市大字植木１６８２番地,2017-03-21,合同会社
合同会社ほしかわ,福岡県京都郡苅田町大字光国３６６５番地１,2017-03-21,合同会社
合同会社アクトビレッジ,愛知県名古屋市北区五反田町１２１番地,2017-03-21,合同会社
合同会社アニティア,神奈川県横浜市旭区桐が作１６６６番地の２,2017-03-21,合同会社
合同会社エスアイエム・レジデンス・ワン,東京都港区赤坂２丁目１０番５号税理士法人赤坂国際会計事務所内,2017-03-21,合同会社
合同会社オフィスＭＹＵ,千葉県千葉市花見川区さつきが丘１丁目４８番地１,2017-03-21,合同会社
合同会社カスミア,福島県須賀川市岩崎１番地２サンフォーリスト１０６号,2017-03-21,合同会社
合同会社ケーツーリンク,静岡県磐田市見付１８１９番地９５,2017-03-21,合同会社
合同会社コネクト九州,福岡県北九州市小倉南区長尾６丁目７番５号下田第二ビル２０１,2017-03-21,合同会社
合同会社サンライト,愛知県名古屋市西区大金町２丁目２１番地１,2017-03-21,合同会社
合同会社ジャンジャリー,神奈川県横浜市都筑区東方町９８５番地,2017-03-21,合同会社
合同会社スリーエム工務店,東京都江戸川区南小岩２丁目８番３号,2017-03-21,合同会社
合同会社ソスコム・イズム,神奈川県厚木市岡田１丁目４－４０,2017-03-21,合同会社
合同会社ダブルエイチ,神奈川県川崎市高津区北見方１丁目１４番３２－３０１号,2017-03-21,合同会社
合同会社ツノダＢＩ,東京都千代田区五番町１０番地パルシオ五番町１２０４号,2017-03-21,合同会社
合同会社トップワン,東京都江戸川区中葛西７丁目２１番２０号宇田川マンション４０３,2017-03-21,合同会社
合同会社ドリーム,福岡県福岡市南区向野１丁目１３番２９号,2017-03-21,合同会社
合同会社パワープラントサービス,徳島県阿南市羽ノ浦町古庄中川原２８番地１,2017-03-21,合同会社
合同会社ピークロング,東京都杉並区下高井戸２丁目１番８号三沢ビル５０２,2017-03-21,合同会社
合同会社マーキュリー,東京都港区虎ノ門３丁目２２番１０－２０１号,2017-03-21,合同会社
合同会社ムイビエン,愛知県名古屋市中区大須１丁目７番１４号,2017-03-21,合同会社
合同会社ユーダイ商事,東京都江戸川区篠崎町４丁目１３番１０号,2017-03-21,合同会社
合同会社リブウェル,静岡県浜松市西区雄踏町宇布見１６６２番地の１,2017-03-21,合同会社
合同会社ロータスランド,東京都新宿区新宿２丁目１２番１３号新宿アントレサロンビル,2017-03-21,合同会社
合同会社三重ランカトレディング,三重県鈴鹿市算所４丁目３－２１コーポＨＥＲＯ－１Ａ,2017-03-21,合同会社
合同会社住安,東京都港区芝公園１丁目３番１０号,2017-03-21,合同会社
合同会社保険アニマート,静岡県浜松市南区若林町８２０番地,2017-03-21,合同会社
合同会社八百隆,熊本県阿蘇郡小国町大字上田２０４番地,2017-03-21,合同会社
合同会社大和,埼玉県戸田市中町２丁目１４番３１号メゾンレトワール３０１号,2017-03-21,合同会社
合同会社宝島,東京都江戸川区東小岩６丁目３３番１８号－１Ｆ,2017-03-21,合同会社
合同会社對木,東京都新宿区歌舞伎町１丁目９番１０号,2017-03-21,合同会社
合同会社成和工業,沖縄県沖縄市松本５丁目６番３６号,2017-03-21,合同会社
合同会社片平衛生堂,鹿児島県鹿児島市日之出町１３番３号,2017-03-21,合同会社
合同会社真成,千葉県柏市十余二４０５番地,2017-03-21,合同会社
合同会社雄希興業,神奈川県横浜市鶴見区東寺尾３丁目１２番８号ハイツエコー２０５,2017-03-21,合同会社
合同会社高田信也不動産事務所,滋賀県大津市一里山３丁目２３番１２号,2017-03-21,合同会社
合同会社ＡＣＥ,大阪府大阪市港区弁天１丁目２番３０号,2017-03-21,合同会社
合同会社ＡＦＦＩＴＴＯ,東京都港区元赤坂１丁目１番１８号第１大原ビル７階,2017-03-21,合同会社
合同会社ＡＦＵＲＩアセットマネジメント,神奈川県横浜市港北区新横浜３丁目７番地１８,2017-03-21,合同会社
合同会社Ａｐｒｉｃｏｔ　Ｋｉｄｓ　Ｅｎｇｌｉｓｈ　Ｓｃｈｏｏｌ,大阪府枚方市南楠葉１丁目６番８号プレザントハウス４Ｆ,2017-03-21,合同会社
合同会社Ｂｅｓｔ　Ｌｉｆｅ,愛知県豊田市朝日町２丁目４６番地１,2017-03-21,合同会社
合同会社ＣＨＡＬＡＮＡ　ＩＮＴＥＲＮＡＴＩＯＮＡＬ,千葉県富里市十倉３７５番地２,2017-03-21,合同会社
合同会社Ｆ．Ｄプラン,北海道石狩市花川北四条５丁目１５７番地,2017-03-21,合同会社
合同会社ＦＵＫＵＧＥＮ,神奈川県横浜市鶴見区鶴見中央４丁目３１番１８号,2017-03-21,合同会社
合同会社Ｆｏｒｔｕｎｅマネジメント,沖縄県那覇市真嘉比３丁目３番１号,2017-03-21,合同会社
合同会社ＧＡ,東京都新宿区新宿２丁目１２番１３号アントレサロンビル２階,2017-03-21,合同会社
合同会社ＫＹＮ,大阪府堺市堺区新在家町東２丁１番２号,2017-03-21,合同会社
合同会社Ｍ．Ｔフードサービス,愛知県名古屋市中区栄５丁目２０番４号,2017-03-21,合同会社
合同会社ＭＲプロパティ,東京都港区高輪３丁目２５番２２号高輪カネオビル８階,2017-03-21,合同会社
合同会社ＮＣいわき発電所,宮崎県宮崎市大橋２丁目１４０番地１,2017-03-21,合同会社
合同会社ＴＫＳ資材販売,福島県いわき市泉町滝尻字亀石町２番地の２８,2017-03-21,合同会社
合同会社ＴＯＫＯＹＡ,大阪府堺市美原区平尾２６６９番地,2017-03-21,合同会社
合同会社ＵＡＥメディカルサポートジャパン,東京都千代田区東神田１丁目５番１号,2017-03-21,合同会社
合同会社ＷＮＩ,東京都千代田区丸の内３丁目１番１号東京共同会計事務所内,2017-03-21,合同会社
合同会社ｙｅｔ,東京都世田谷区世田谷３丁目１７番７号,2017-03-21,合同会社
嘉源産業株式会社,千葉県千葉市若葉区御殿町２５３４－１,2017-03-21,株式会社
四川航空股份有限公司,東京都港区新橋２丁目１番１号山口ビルディング３階,2017-03-21,外国会社等
大島商事株式会社,愛知県名古屋市名東区照が丘１７９番地の１－３０６,2017-03-21,株式会社
大能バイオマスパワープラント合同会社,東京都新宿区西新宿３丁目７番１号新宿パークタワーＮ棟３０階,2017-03-21,合同会社
寒河江設備工業株式会社,山形県東村山郡山辺町大字山辺６０３,2017-03-21,株式会社
山本機工株式会社,兵庫県姫路市大津区勘兵衛町２丁目８６番地１,2017-03-21,株式会社
岐北ライン株式会社,岐阜県岐阜市粟野東４丁目３４４番地,2017-03-21,株式会社
川本総建株式会社,岡山県玉野市田井１丁目２番３号,2017-03-21,株式会社
庚申冷熱株式会社,群馬県藤岡市篠塚４４７番地１１,2017-03-21,株式会社
慕易商事株式会社,群馬県佐波郡玉村町大字上新田１５２４番地７,2017-03-21,株式会社
新浪速プロレスリング合同会社,大阪府大阪市浪速区日本橋５丁目２番１８－８０３号,2017-03-21,合同会社
日興産業株式会社,栃木県真岡市下籠谷２９００番地７,2017-03-21,株式会社
旨満美都株式会社,東京都北区田端新町１丁目７番１４号ビズフィールド西日暮里２１５,2017-03-21,株式会社
昇栄株式会社,岐阜県岐阜市須賀１丁目３番６号,2017-03-21,株式会社
昌栄興産株式会社,兵庫県神戸市東灘区住吉宮町２丁目６番１号,2017-03-21,株式会社
杉本医療機器販売株式会社,新潟県佐渡市小倉乙９４８番地１,2017-03-21,株式会社
東邦地所株式会社,福岡県福岡市東区香椎浜１丁目９番３号,2017-03-21,株式会社
東雄貿易株式会社,東京都江東区豊洲３丁目６番８号,2017-03-21,株式会社
株式会社あおぞら,愛知県名古屋市緑区大将ケ根２丁目６２４番地,2017-03-21,株式会社
株式会社えびす,沖縄県島尻郡与那原町字東浜６８番地の１ー２,2017-03-21,株式会社
株式会社きらめく,大阪府大阪市北区天神橋６丁目５番１７号,2017-03-21,株式会社
株式会社くろき建築工房,山口県大島郡周防大島町大字西屋代１２９３番地,2017-03-21,株式会社
株式会社こいしや,栃木県宇都宮市大通り５丁目２番８号浅野ビル４０１,2017-03-21,株式会社
株式会社なか道,東京都台東区西浅草１丁目８－５,2017-03-21,株式会社
株式会社びりーぶ,富山県富山市つばめ野１丁目５２番地,2017-03-21,株式会社
株式会社ぺちみん,東京都新宿区西新宿３丁目１４番１４号,2017-03-21,株式会社
株式会社みのり薬品,大阪府大阪市中央区森ノ宮中央１丁目２５番８号,2017-03-21,株式会社
株式会社むらかみコンタクト,大分県大分市大道町２丁目７番４号,2017-03-21,株式会社
株式会社アイエス,沖縄県宜野湾市真志喜１丁目１１番２７号,2017-03-21,株式会社
株式会社アイフ,静岡県賀茂郡松崎町江奈２７２番地の１,2017-03-21,株式会社
株式会社アイリス,東京都新宿区市谷台町１４番３号,2017-03-21,株式会社
株式会社アイ・テクト,群馬県高崎市剣崎町７２５番地４,2017-03-21,株式会社
株式会社アイ・ディー・システム,福島県西白河郡西郷村字石塚北９７番地,2017-03-21,株式会社
株式会社アウトブレーブ,東京都新宿区新宿５丁目１１番３０号新宿第五葉山ビル３階,2017-03-21,株式会社
株式会社アジアンジェーピー,福岡県福岡市中央区天神１丁目９番１７号,2017-03-21,株式会社
株式会社アスールマネジメント,埼玉県上尾市谷津１丁目８番３３号,2017-03-21,株式会社
株式会社アップワード・モビリティーグループ,北海道札幌市白石区平和通２丁目南１番７号１０１号室,2017-03-21,株式会社
株式会社アデランスメディカルリサーチ,東京都新宿区新宿１丁目６番３号,2017-03-21,株式会社
株式会社アプリキュアケアクルー,東京都新宿区新宿２丁目５番１２号,2017-03-21,株式会社
株式会社アークＨ．Ｄ,新潟県長岡市西千手１丁目１番１号,2017-03-21,株式会社
株式会社インステージ,東京都大田区西糀谷１丁目１９番１８号,2017-03-21,株式会社
株式会社インスピックス,東京都渋谷区渋谷１丁目４番６号ニュー青山ビル５０２,2017-03-21,株式会社
株式会社イヴソリューションＭ,広島県廿日市市阿品４丁目４８番１３号,2017-03-21,株式会社
株式会社イーアンドケイ,茨城県土浦市並木３丁目６番８号,2017-03-21,株式会社
株式会社イージーエー,福岡県大川市大字向島２３８０番地２,2017-03-21,株式会社
株式会社ウェイウェイ,東京都大田区山王１丁目１５番９号,2017-03-21,株式会社
株式会社エテ,東京都世田谷区松原１丁目１３番８号,2017-03-21,株式会社
株式会社エネルギーアセットマネジメント,東京都千代田区神田須田町２丁目２番地７－９Ｆ,2017-03-21,株式会社
株式会社エム・シー・エス,東京都墨田区横川４丁目１番３－８０５号,2017-03-21,株式会社
株式会社オクト,岩手県一関市新大町４１番地,2017-03-21,株式会社
株式会社オリマ,東京都世田谷区松原２丁目３７番１５号,2017-03-21,株式会社
株式会社オルテンシア,神奈川県小田原市本町２丁目４番４２－１４０６号,2017-03-21,株式会社
株式会社カチパレット,東京都板橋区徳丸６丁目１０番１３号グランドヒル板橋３０２,2017-03-21,株式会社
株式会社カミ,福岡県北九州市小倉北区下富野４丁目１４番１４号,2017-03-21,株式会社
株式会社カンセイシステム,埼玉県八潮市中央４丁目１９番地１２,2017-03-21,株式会社
株式会社ガイ隊,熊本県熊本市南区江越１丁目２７番２８－１０７号,2017-03-21,株式会社
株式会社キタブンコーポレーション,兵庫県姫路市飾磨区野田町１２７番地,2017-03-21,株式会社
株式会社クオリスタ,千葉県千葉市若葉区若松町２２０１番地４,2017-03-21,株式会社
株式会社グレープフルーツ,神奈川県川崎市宮前区宮前平１丁目４番地２９,2017-03-21,株式会社
株式会社グロウス,神奈川県川崎市多摩区南生田３丁目８番１号,2017-03-21,株式会社
株式会社ケイ,神奈川県川崎市麻生区王禅寺東１丁目１３番６号,2017-03-21,株式会社
株式会社ケイ・エス,静岡県伊東市松原６０５番地の８,2017-03-21,株式会社
株式会社ゲインズ,東京都小平市花小金井５丁目４６番３６号,2017-03-21,株式会社
株式会社サウルス,東京都渋谷区渋谷２丁目１２番１３号八千代ビル７階,2017-03-21,株式会社
株式会社サンキョウ工業,神奈川県川崎市中原区下小田中３丁目２５番１５号,2017-03-21,株式会社
株式会社サンケイ,京都府京都市下京区花屋町通下松屋町西入突抜２丁目３５３番地の１,2017-03-21,株式会社
株式会社サンスマイルＤＭサービス,大阪府河内長野市大矢船西町２番２－１０９号,2017-03-21,株式会社
株式会社ジェイエフエフ企画,大阪府堺市西区浜寺石津町中３丁１５－１９さくらビル２Ｆ－Ａ,2017-03-21,株式会社
株式会社ジュビラント,東京都新宿区新宿１丁目３６番２号新宿第七葉山ビル３階,2017-03-21,株式会社
株式会社ジョイオブライフ,大阪府大阪市浪速区難波中２丁目８番９７号,2017-03-21,株式会社
株式会社ジーリベルタ,東京都港区麻布十番２丁目１０番１号,2017-03-21,株式会社
株式会社スピナ,京都府京都市左京区田中野神町１８番地,2017-03-21,株式会社
株式会社スリースプリング,神奈川県横浜市南区永田東３丁目１３番１号,2017-03-21,株式会社
株式会社チョッカク,京都府京都市中京区西ノ京南聖町１２番地ダイエー第七ビル９０１,2017-03-21,株式会社
株式会社テガタック,大阪府寝屋川市打上中町８番２号,2017-03-21,株式会社
株式会社ディゴルド,宮城県遠田郡涌谷町字田町裏１３９番地２,2017-03-21,株式会社
株式会社デブリ,東京都新宿区新宿１丁目３６番２号新宿第七葉山ビル３階,2017-03-21,株式会社
株式会社ドリームフォレスト,福岡県福岡市早良区田隈３丁目６６番９号,2017-03-21,株式会社
株式会社ナチュラル,茨城県石岡市北府中３丁目２番４０号,2017-03-21,株式会社
株式会社ニコー,大分県大分市大字片島１３６８番の５,2017-03-21,株式会社
株式会社ニセコニアン,北海道虻田郡ニセコ町字本通１１３番地４,2017-03-21,株式会社
株式会社ハッピーマウンテン,静岡県浜松市東区有玉西町１７５番地の１コーポサンエース有玉西１０３,2017-03-21,株式会社
株式会社ハヤシ工業,東京都世田谷区桜丘４丁目１５番４号ハイムオガワ３０２,2017-03-21,株式会社
株式会社バンブートータルソーイング,岐阜県揖斐郡池田町草深１１９番地の７,2017-03-21,株式会社
株式会社ヒルズコーポレーション,宮城県仙台市泉区南光台４丁目３１番２３号,2017-03-21,株式会社
株式会社ビジョンケア,兵庫県神戸市中央区布引町２丁目２番７号ＫＡＩＳＥＩ新神戸第２ＷＥＳＴ１１０８号,2017-03-21,株式会社
株式会社ファクトリー,東京都国立市中２丁目１７番地の１６,2017-03-21,株式会社
株式会社フェイドインネクスト,東京都中央区銀座８丁目１２番１０号１０階,2017-03-21,株式会社
株式会社フエール,静岡県富士市大渕２２９７番地の６,2017-03-21,株式会社
株式会社フォルトゥナレイン,東京都墨田区緑４丁目３０番５－２０３号シャリエール錦糸町,2017-03-21,株式会社
株式会社フラット,東京都新宿区新宿２丁目１３番１０号,2017-03-21,株式会社
株式会社フレックス,東京都練馬区早宮２丁目２６番２２号,2017-03-21,株式会社
株式会社フローズ,福井県坂井市春江町境元町６番地４,2017-03-21,株式会社
株式会社ブライト,大阪府和泉市葛の葉町１丁目４番３８－２０８号,2017-03-21,株式会社
株式会社ブルータイヨー,鹿児島県鹿児島市南栄３丁目１４番地,2017-03-21,株式会社
株式会社プシ・テラ,兵庫県神戸市東灘区御影１丁目１４番２５－０１号,2017-03-21,株式会社
株式会社プリュネル,東京都葛飾区西新小岩４丁目１４番１９号,2017-03-21,株式会社
株式会社ベルフォルテ九州,広島県広島市佐伯区利松１丁目２４番８号,2017-03-21,株式会社
株式会社ベース,東京都世田谷区尾山台３丁目１０番８号,2017-03-21,株式会社
株式会社マック鈴木の英語野球教室,東京都品川区西五反田１丁目２３番７号,2017-03-21,株式会社
株式会社マニフォルトゥーナ,東京都港区北青山３丁目１２番７号,2017-03-21,株式会社
株式会社マルシー,大阪府大阪市中央区西心斎橋１丁目９番２１号,2017-03-21,株式会社
株式会社ミズノＡＢＦ,愛知県名古屋市東区古出来１丁目３０６番,2017-03-21,株式会社
株式会社メディカルＩＣシステムジャパン,東京都墨田区東駒形２丁目１１番９号,2017-03-21,株式会社
株式会社モデスト,福岡県福岡市東区千早１丁目３７番６－１号,2017-03-21,株式会社
株式会社ライズ,東京都板橋区南常盤台１丁目１６番１３号,2017-03-21,株式会社
株式会社リメーク,愛知県豊橋市西高師町字津森１１３番地１８,2017-03-21,株式会社
株式会社リロ・エクセルインターナショナル,東京都新宿区新宿４丁目３番２５号,2017-03-21,株式会社
株式会社レイクウインド,大阪府大阪市西区新町１丁目２８番３号,2017-03-21,株式会社
株式会社レゾナンス,千葉県松戸市松飛台１６７番地の３,2017-03-21,株式会社
株式会社レッドクエーサー,千葉県松戸市上本郷２８８５－２上本郷ハイツ２０１,2017-03-21,株式会社
株式会社ローカルネッツ,岐阜県岐阜市須賀３丁目１番２２号,2017-03-21,株式会社
株式会社ワイフーズ,大阪府大阪市北区西天満４丁目４番１８－５０２号,2017-03-21,株式会社
株式会社ワイ．ディ．エス,東京都世田谷区砧６丁目２２番３号,2017-03-21,株式会社
株式会社ワンプレイス,福井県敦賀市松島町１５番２号,2017-03-21,株式会社
株式会社三喜谷和原センター,千葉県柏市中央町４番２０号,2017-03-21,株式会社
株式会社三起,神奈川県川崎市川崎区昭和２丁目１番４号,2017-03-21,株式会社
株式会社中村ロジスティクス,大阪府阪南市尾崎町５０８番地の３リアクラットビル５０３号,2017-03-21,株式会社
株式会社乃が美ホールディングス,大阪府大阪市天王寺区東高津町１１番７号,2017-03-21,株式会社
株式会社井坂機械,千葉県松戸市松戸新田６１８番地の８,2017-03-21,株式会社
株式会社健康いいね,佐賀県佐賀市駅前中央２丁目８番５－９０４号,2017-03-21,株式会社
株式会社勝又組,神奈川県茅ヶ崎市浜之郷４２７番地１０－１０５号クイーンズタウンⅢ番館,2017-03-21,株式会社
株式会社北進工業,広島県福山市川口町３丁目１７番２８号,2017-03-21,株式会社
株式会社協同ホールディングス,埼玉県入間市大字下藤沢１０９７番地１,2017-03-21,株式会社
株式会社双葉,茨城県東茨城郡城里町大字石塚２４２７番地５,2017-03-21,株式会社
株式会社吉崎工業,神奈川県相模原市中央区上溝１丁目１４番９号,2017-03-21,株式会社
株式会社吉村,新潟県上越市吉川区米山９４番地,2017-03-21,株式会社
株式会社咲工業,神奈川県横浜市旭区矢指町１９２４番地,2017-03-21,株式会社
株式会社坂本興業,神奈川県大和市上草柳３丁目１８番６号,2017-03-21,株式会社
株式会社夕風エステート,東京都新宿区北新宿２丁目４番３号シルクフラット３階,2017-03-21,株式会社
株式会社大地,静岡県浜松市西区大山町３７５７番地,2017-03-21,株式会社
株式会社大嵩工業,千葉県富津市二間塚１９６３番地,2017-03-21,株式会社
株式会社大幸工務所,新潟県十日町市中条丙９４７番地,2017-03-21,株式会社
株式会社天満メディカルサポート,大阪府大阪市北区東天満１丁目１番１５号,2017-03-21,株式会社
株式会社妙高ライン,新潟県妙高市大字原通８番地,2017-03-21,株式会社
株式会社安佐南通信,広島県広島市安佐南区大塚西２丁目１３番１９号,2017-03-21,株式会社
株式会社宏榮,岐阜県加茂郡八百津町八百津８３４９番地２,2017-03-21,株式会社
株式会社宝泉寺温泉発電,大分県玖珠郡九重町大字町田２０８９番地の１,2017-03-21,株式会社
株式会社実神,埼玉県川越市南大塚２丁目１７番地２５ゴールドクレスト４０６,2017-03-21,株式会社
株式会社小川興業,神奈川県横須賀市山科台３番９号,2017-03-21,株式会社
株式会社山内工業,福岡県北九州市小倉南区北方２丁目１４番６号,2017-03-21,株式会社
株式会社山王工業ＨＤ,千葉県四街道市大日５７７番地,2017-03-21,株式会社
株式会社岡本建設,山口県下関市長府中土居北町１番２号,2017-03-21,株式会社
株式会社岩間総建,神奈川県川崎市川崎区観音１丁目１番１０号コーポみゆき１０５,2017-03-21,株式会社
株式会社平井興産,東京都江戸川区平井６丁目２７番２号,2017-03-21,株式会社
株式会社平山工業,兵庫県尼崎市水堂町３丁目１９－３,2017-03-21,株式会社
株式会社愛媛タカイ,愛媛県四国中央市上分町５１６番地,2017-03-21,株式会社
株式会社愛知県在宅医療研究所,愛知県一宮市神山２丁目１０番１０号,2017-03-21,株式会社
株式会社戸田酒店,東京都千代田区神田錦町１丁目１４番地１１,2017-03-21,株式会社
株式会社技開研,茨城県鹿嶋市大字港ケ丘１１４０番地８９,2017-03-21,株式会社
株式会社新ダオル,大阪府大阪市生野区桃谷５丁目４番９号,2017-03-21,株式会社
株式会社新皇帝,埼玉県越谷市七左町１丁目２６５番地３,2017-03-21,株式会社
株式会社日進,東京都板橋区大谷口北町５０番３号４０２,2017-03-21,株式会社
株式会社晄友建設,東京都町田市本町田１８４４－１,2017-03-21,株式会社
株式会社本上,長崎県西彼杵郡時津町西時津郷１０９３番地,2017-03-21,株式会社
株式会社松橋工務店,神奈川県座間市ひばりが丘１丁目６５番１Ｓ－２０６号フレアひばりが丘,2017-03-21,株式会社
株式会社松田造園,新潟県五泉市上木越甲７６６番地,2017-03-21,株式会社
株式会社桜翠,新潟県糸魚川市上刈６丁目８番２０号,2017-03-21,株式会社
株式会社桝屋ビジネスサービス,東京都西多摩郡瑞穂町箱根ケ崎東松原８番地９,2017-03-21,株式会社
株式会社森田興業,神奈川県藤沢市西富２丁目１８番６号,2017-03-21,株式会社
株式会社武島,大阪府大阪市中央区内淡路町１丁目３番１３,2017-03-21,株式会社
株式会社水落工業,新潟県長岡市西宮内１丁目１７０番地グランデ西宮内２０１号室,2017-03-21,株式会社
株式会社湘南幼児学園,神奈川県茅ヶ崎市汐見台３番１５号,2017-03-21,株式会社
株式会社満商店,兵庫県宝塚市売布２丁目８番１２,2017-03-21,株式会社
株式会社玉上組,群馬県太田市岩瀬川町３２６番地１ビケンハウスⅡ－Ａ号,2017-03-21,株式会社
株式会社稲垣泰ゴロー,東京都渋谷区千駄ヶ谷１丁目１１番１４号ビジデンス千駄ヶ谷３０３号室,2017-03-21,株式会社
株式会社竹之内,千葉県船橋市旭町２丁目６番１９号,2017-03-21,株式会社
株式会社笑顔のおそうじさん,福岡県大牟田市本町３丁目３番１０ディンクス大牟田１０１号,2017-03-21,株式会社
株式会社考える学校,東京都港区高輪２丁目１番１３号高輪タウンハウス１０８号室,2017-03-21,株式会社
株式会社茄子花,東京都江戸川区東松本１丁目５番１３号,2017-03-21,株式会社
株式会社菅虎,千葉県大網白里市大網３９７番地１,2017-03-21,株式会社
株式会社華誠商事,東京都大田区西蒲田７丁目４番３号,2017-03-21,株式会社
株式会社裕技建,神奈川県横浜市鶴見区北寺尾７丁目１４番２－３号,2017-03-21,株式会社
株式会社西武建装,東京都東大和市向原６丁目１１６４番地の３ベルメゾンヒロセ１２－１０７号,2017-03-21,株式会社
株式会社谷屋,兵庫県神戸市西区学園東町７丁目３５番地の３,2017-03-21,株式会社
株式会社谷津田工業,福島県いわき市平字作町一丁目９番地の１愛谷レジデンスＩ－２０４,2017-03-21,株式会社
株式会社貴稲,埼玉県川口市本町４丁目３番６－１００７号本町ハイツ,2017-03-21,株式会社
株式会社赤坂キャピタル,東京都中央区銀座１丁目６番１１号土志田ビルディング３Ｆ,2017-03-21,株式会社
株式会社輝照,栃木県宇都宮市下栗町２２８１番地７,2017-03-21,株式会社
株式会社酔来軒,神奈川県横浜市南区真金町１丁目１番地,2017-03-21,株式会社
株式会社野﨑水道,千葉県山武郡横芝光町宮川６９６９番地１６,2017-03-21,株式会社
株式会社錫蘭尚美,京都府京都市中京区御幸町通二条上る達磨町６００－５０６,2017-03-21,株式会社
株式会社長谷川工業,神奈川県相模原市緑区上九沢２５４番地１シャルマン・マノワール１０１,2017-03-21,株式会社
株式会社防災キタジマ,埼玉県春日部市豊町２丁目１５番地５２,2017-03-21,株式会社
株式会社雄大工業,千葉県市原市五井６４６１番地１,2017-03-21,株式会社
株式会社雄工業,鹿児島県薩摩川内市隈之城町１０７７番地,2017-03-21,株式会社
株式会社高本興業,東京都町田市図師町５５９番地２２,2017-03-21,株式会社
株式会社鬼澤工業,茨城県ひたちなか市幸町９番地１７,2017-03-21,株式会社
株式会社鮮寿,北海道旭川市豊岡二条４丁目５番７号,2017-03-21,株式会社
株式会社ＡＣＨＡＲＹＡインターナショナル,東京都豊島区西池袋５丁目８番８号,2017-03-21,株式会社
株式会社ＡＫＫプラス,新潟県柏崎市田塚３丁目３番３８号,2017-03-21,株式会社
株式会社ＡＬＭＡ　ＰＵＲＯ,神奈川県川崎市川崎区京町１丁目１７番１３号ＫＯＲＣハイム１Ｆ,2017-03-21,株式会社
株式会社ＡＭＳ,東京都荒川区荒川３丁目１３番９号,2017-03-21,株式会社
株式会社ＡＲＥＳ,鳥取県西伯郡南部町福成２１３２番６号,2017-03-21,株式会社
株式会社ＡＺＡＹＡＫＡ　ＪＡＰＡＮ,神奈川県横浜市中区元町１丁目１１番地１（４Ｆ）,2017-03-21,株式会社
株式会社Ｂ－ｍａｉｎｄ,福岡県糟屋郡宇美町若草１丁目２３番１１号,2017-03-21,株式会社
株式会社ＢＥＥ．Ｊａｐａｎ沖縄,沖縄県那覇市田原１丁目１０番１号コーポふでかけ山１０１,2017-03-21,株式会社
株式会社ＢＲＩＧＨＴ　ＨＥＡＲＴＳ,福岡県福岡市南区高木３丁目４番１１号,2017-03-21,株式会社
株式会社Ｂｅａｕｔｙ　ｕｐ　Ｊａｐａｎインターナショナル,愛知県名古屋市中区栄２丁目４番１１号２１２室,2017-03-21,株式会社
株式会社Ｃ．Ｈ．Ｃ,佐賀県佐賀市材木２丁目３番１８号,2017-03-21,株式会社
株式会社ＣＯＮＮＥＣＴコーポレーション,埼玉県川口市緑町９番３５号,2017-03-21,株式会社
株式会社ＣＯＮＮＥＣＴ・ＥＣ,東京都港区赤坂２丁目２１番５号１階ＡＢＣ,2017-03-21,株式会社
株式会社Ｃｌｅｍａｔｉｓ,茨城県つくば市春日４丁目５番地７クラモチ春日マンション１０７－１号室,2017-03-21,株式会社
株式会社Ｄｅｓｉｇｎ・Ｐｌｕｓ,神奈川県横浜市神奈川区西寺尾２丁目３３番９－１０６号,2017-03-21,株式会社
株式会社ＥＸＳＬＴ,東京都渋谷区桜丘町２３番１７号シティコート桜丘４０８,2017-03-21,株式会社
株式会社Ｅｉｋｏｓｈａ,東京都渋谷区東３丁目１５番７号,2017-03-21,株式会社
株式会社Ｆ・ロード,茨城県桜川市真壁町桜井８７６番地４,2017-03-21,株式会社
株式会社ＦＩＲＳＴ,東京都練馬区東大泉１丁目２７番２０号栗原ビル６Ｆ,2017-03-21,株式会社
株式会社ＦＯＲＥＳＴ,東京都新宿区歌舞伎町１丁目２番３号レオ新宿４階１号室,2017-03-21,株式会社
株式会社ＦＯＲＥＳＴ,東京都調布市小島町２丁目１１番２号パストラル調布２０３号室,2017-03-21,株式会社
株式会社ＦＰＣ,東京都新宿区新宿２丁目１２－１３新宿アントレサロンビル２Ｆ,2017-03-21,株式会社
株式会社Ｆｒｅｓｈ　Ｌｉｆｅｓｔｏｒｅ,愛知県東海市東海町３丁目６番１２号,2017-03-21,株式会社
株式会社ＧＡＭＢＡ,大阪府羽曳野市河原城８１５番地１,2017-03-21,株式会社
株式会社ＧＬＨ,大阪府枚方市田口山３丁目４７番１４号,2017-03-21,株式会社
株式会社ＧＲＥＥＮ　ＴＩＭＥ,東京都板橋区板橋２丁目２番６号,2017-03-21,株式会社
株式会社Ｇｏｏｄ　Ｓｍｉｌｅ,東京都国分寺市西恋ヶ窪２丁目１６番地１,2017-03-21,株式会社
株式会社ＨＡＫＵＹＯＵ,岐阜県美濃加茂市加茂野町稲辺４７３番地１,2017-03-21,株式会社
株式会社ＨＳサポート,千葉県君津市三田１００番地１,2017-03-21,株式会社
株式会社Ｈｏｐｅ,広島県広島市西区井口３丁目１番１４号,2017-03-21,株式会社
株式会社ＩＦＰトレーダーズ,愛知県海部郡飛島村大字梅之郷字宮東１４－２,2017-03-21,株式会社
株式会社ＩＮＤＥＣＫ’Ｓ,東京都世田谷区野沢１丁目３５番１４－１００６号,2017-03-21,株式会社
株式会社ＩＴＯＵＭ,東京都新宿区河田町７番５号Ｔ－ビル３階,2017-03-21,株式会社
株式会社Ｊ＆Ｋ,愛知県名古屋市緑区鳴海町字山下６３番地の１,2017-03-21,株式会社
株式会社ＪＩＮ,島根県安来市伯太町安田１５１８番地６,2017-03-21,株式会社
株式会社ＪＳＴ　Ｆｉｔ,兵庫県明石市大久保町大久保町９７７番地の１１,2017-03-21,株式会社
株式会社Ｊｕｎｔｏｓ,埼玉県越谷市蒲生西町２丁目１７番地１５－２０３号,2017-03-21,株式会社
株式会社ＫＭＹ,千葉県八千代市上高野２０７３番地７,2017-03-21,株式会社
株式会社Ｋｏｒｅａ　Ｍａｎａｇｅｍｅｎｔ　Ｊａｐａｎ,東京都台東区台東４丁目５番５号,2017-03-21,株式会社
株式会社Ｌａｂｒａｄｏ,東京都渋谷区渋谷３丁目１０番１８－５０１号,2017-03-21,株式会社
株式会社Ｌｕｎａ　ｌａ　ｂｒｉｌｌｅｒ,東京都渋谷区渋谷３丁目１番８号オーベル渋谷５０４,2017-03-21,株式会社
株式会社Ｍ＆Ｍコーポレーション,大阪府岸和田市荒木町１丁目１１番５５号,2017-03-21,株式会社
株式会社Ｍ＆Ｓ,兵庫県神戸市西区南別府１丁目１４番地の１４,2017-03-21,株式会社
株式会社ＭＡＣ,埼玉県川口市赤井２丁目１３番１０号,2017-03-21,株式会社
株式会社ＭＯＲＮＩＮＧ　ＨＩＬＬ,福岡県福岡市城南区干隈１丁目７番１７号,2017-03-21,株式会社
株式会社Ｍａｇｉｃ　Ｍｏｍｅｎｔ,東京都港区芝浦３丁目１４番１９号,2017-03-21,株式会社
株式会社ＮＥＵ,東京都杉並区和泉３丁目１３番２４号,2017-03-21,株式会社
株式会社ＮＳＭアシード,大分県別府市中島町１１番２号,2017-03-21,株式会社
株式会社ＮＳＳＫ　Ｃ－Ｈ　Ａ,東京都港区愛宕２丁目５番１号愛宕グリーンヒルズＭＯＲＩタワー,2017-03-21,株式会社
株式会社Ｎｖ．ＩＮＮＯＶＡＴＩＯＮ,京都府京都市北区西賀茂大深町９２番,2017-03-21,株式会社
株式会社Ｏ１－２７５Ｊａｐａｎ,千葉県市原市ちはら台西２丁目３番地８（３Ｆ）,2017-03-21,株式会社
株式会社Ｏｃａｌａｎ,埼玉県川口市栄町３丁目１３番５号,2017-03-21,株式会社
株式会社Ｒ＆Ｔ,東京都立川市上砂町２丁目２５番地の１８,2017-03-21,株式会社
株式会社Ｒｉｎｇ　Ｌｉｎｋ,神奈川県横浜市南区中里１丁目１９番１３号,2017-03-21,株式会社
株式会社ＳＫエンジニアシステム,福島県郡山市喜久田町字上追池４８番地１,2017-03-21,株式会社
株式会社ＳＭＩＬＥサポート,茨城県ひたちなか市東大島３丁目７番１８号,2017-03-21,株式会社
株式会社ＳＰＣ,広島県広島市中区八丁堀６－１０アセンド八丁堀３階,2017-03-21,株式会社
株式会社ＳＳＫ,岡山県倉敷市松江３丁目１８番５６号,2017-03-21,株式会社
株式会社ＳＴＡＲＴ　ＩＴ　ＡＧＡＩＮ,東京都港区南青山２丁目２番１５号,2017-03-21,株式会社
株式会社ＳＴＲ,大阪府東大阪市中石切町４丁目４番２７号,2017-03-21,株式会社
株式会社Ｓｔｅａｍ,熊本県菊池郡菊陽町大字原水５９５５番地１６,2017-03-21,株式会社
株式会社Ｔ・Ｍ・Ｓ,栃木県宇都宮市野沢町３１０番地１,2017-03-21,株式会社
株式会社Ｔ．Ｄ．Ｏ,栃木県宇都宮市栄町６番１６号栄町ビル４Ｆ,2017-03-21,株式会社
株式会社ＴＨＲＥＥ　ＳＥＡＳ　ＨＩＧＨ,大阪府大阪市住吉区沢之町１丁目９番１６－６０１号,2017-03-21,株式会社
株式会社Ｔｒｅｓ,栃木県那須塩原市南郷屋３丁目１４５番地８,2017-03-21,株式会社
株式会社Ｗｏｒｋｓ＆Ｆｅｌｌｏｗｓ,東京都台東区浅草橋３丁目３３番８号,2017-03-21,株式会社
株式会社ＹＤＫ　ＪＡＰＡＮ,東京都新宿区新宿１丁目３番８号,2017-03-21,株式会社
株式会社ＹＤＮホールディングス,東京都港区三田２丁目１０番５号,2017-03-21,株式会社
株式会社Ｚ・ｏｎｅ－ｔｗｏ,東京都千代田区神田神保町３丁目１１番１号,2017-03-21,株式会社
株式会社ｍａｍａｍａ,東京都目黒区碑文谷２丁目９番１５－１０８号,2017-03-21,株式会社
株式会社ｎａｋａｔｕ,沖縄県宮古島市平良字松原２５４番地,2017-03-21,株式会社
株式会社ｏｎｅｐｌａｎｓ,東京都港区浜松町２丁目２番１５号,2017-03-21,株式会社
株式会社ｕｎｉｔｅ,福岡県筑紫野市大字原田８３６番地１号,2017-03-21,株式会社
沖縄奄美クルーズ事業開発合同会社,千葉県千葉市美浜区打瀬２丁目１２番地パティオス５番街６０７号,2017-03-21,合同会社
泉易合同会社,愛知県海部郡蟹江町平安２丁目２２番３,2017-03-21,合同会社
清竜寺,長崎県対馬市美津島町雞知甲４６８番地４,2017-03-21,その他の設立登記法人
特定非営利活動法人いむらスポーツクラブ,長崎県佐世保市勝海町２５５番地１,2017-03-21,その他の設立登記法人
特定非営利活動法人むすび,長野県南佐久郡南牧村大字海ノ口１０３１番地,2017-03-21,その他の設立登記法人
特定非営利活動法人ベトナム障害者医療教育介護福祉協力会,京都府京都市東山区今熊野南日吉町１３番地１４,2017-03-21,その他の設立登記法人
特定非営利活動法人学童保育きずな会,長崎県長崎市高尾町７番４９号,2017-03-21,その他の設立登記法人
特定非営利活動法人日本ペルー共生協会神奈川,神奈川県大和市深見西１丁目１番２４号大和パールハイツ２０５号,2017-03-21,その他の設立登記法人
特定非営利活動法人竜美会,愛知県みよし市三好町小坂２０番地１,2017-03-21,その他の設立登記法人
石輝工業株式会社,沖縄県宜野湾市喜友名２丁目２６番２号２Ｆ,2017-03-21,株式会社
社会福祉法人千葉県視覚障害者福祉協会,千葉県四街道市鹿渡９６８番９,2017-03-21,その他の設立登記法人
竹中厨房サービス株式会社,石川県金沢市示野町西１４４番地１,2017-03-21,株式会社
笑５株式会社,東京都渋谷区神宮前５丁目３７番１３号,2017-03-21,株式会社
維新パートナーズ合同会社,岡山県岡山市南区泉田４丁目１番３７号,2017-03-21,合同会社
蒼信合同会社,埼玉県さいたま市大宮区吉敷町３丁目１３０番地４,2017-03-21,合同会社
農事組合法人ファームひばり,富山県射水市戸破３２０８番地１,2017-03-21,その他の設立登記法人
農事組合法人ファーム宮島峡,富山県小矢部市宮中１１７番地１,2017-03-21,その他の設立登記法人
農事組合法人米専やすい,秋田県能代市二ツ井町梅内字前田１００番地,2017-03-21,その他の設立登記法人
近畿税理士会　泉大津支部,大阪府泉大津市二田町１丁目１１－１５オークハイツⅢ３０１号,2017-03-21,その他
鎌倉鉄筋合同会社,東京都西多摩郡瑞穂町大字武蔵１７３番地１９,2017-03-21,合同会社
ＢＩＹＯＮ　ＥＮＴＥＲＰＲＩＳＥＳ合同会社,大阪府富田林市寺池台１丁目１６番２２２－５０３号,2017-03-21,合同会社
ＢＩＺ　ＪＥＴ　ＡＩＤ合同会社,北海道札幌市厚別区厚別中央五条４丁目８番１２－６０４号,2017-03-21,合同会社
ＣＭＳホールディングス株式会社,千葉県木更津市東中央３丁目９番４号,2017-03-21,株式会社
ＣＯＮＣＥＮＴ合同会社,東京都練馬区北町５丁目１５番１５号,2017-03-21,合同会社
Ｄ・Ｗ　ＩＮＴＥＲＮＡＴＩＯＮＡＬ合同会社,東京都台東区寿３丁目９番３号,2017-03-21,合同会社
Ｄ．Ｄｉａｍｏｎｄ株式会社,東京都台東区上野５丁目５番１０号５０５,2017-03-21,株式会社
ＥＣＬＡＴ　ＤＥ　ＮＯＥＬ株式会社,千葉県茂原市東部台２丁目１８番地２３,2017-03-21,株式会社
ＥＭＣ　ＮＩＤＯコンサルタント株式会社,愛知県名古屋市中区丸の内２丁目７番２４号ＫＳ名古屋ビル７Ｆ,2017-03-21,株式会社
Ｅａｇｌｅ　Ｃａｐｉｔａｌ株式会社,京都府京都市東山区高台寺北門前通下河原東入鷲尾町５１２番地,2017-03-21,株式会社
ＦＩＲＳＴ　ｃｕｔｔｅｒ合同会社,山梨県韮崎市穴山町５０６３－１,2017-03-21,合同会社
ＦＫＹコーポレーション株式会社,埼玉県さいたま市北区盆栽町４３９番地,2017-03-21,株式会社
ＦＬＡＰＰＥＲ株式会社,神奈川県横浜市青葉区あざみ野南４丁目１４番地２１,2017-03-21,株式会社
ＧＪ合同会社,東京都江東区毛利２丁目９番９－１０２号,2017-03-21,合同会社
ＧＴ　ｆｏｏｄｌａｂｅｌ株式会社,東京都世田谷区奥沢３丁目４７番８号,2017-03-21,株式会社
ＨＡＯＤＡ　ＪＡＰＡＮ株式会社,愛知県名古屋市中村区名駅３丁目１２番５号竹生ビル別館２階西側,2017-03-21,株式会社
ＩＬＣ株式会社,福岡県福岡市博多区空港前３丁目１１番２５号,2017-03-21,株式会社
ＪＢＭ合同会社,神奈川県横浜市中区福富町仲通３番地３号,2017-03-21,合同会社
ＪＮＭＴ一般社団法人,東京都港区虎ノ門３丁目２２番１０－２０１号,2017-03-21,その他の設立登記法人
Ｋｔｗｏｆｉｖｅ株式会社,兵庫県三田市駅前町３番１０－１０８号,2017-03-21,株式会社
ＭＧＴ北海道株式会社,北海道札幌市北区北三十一条西１２丁目２番１－３１３号,2017-03-21,株式会社
ＮＥＸＴｕｒｅ株式会社,愛知県名古屋市中区大須２丁目１０番４５号,2017-03-21,株式会社
ＮＩＲＪＡＬＡ　ＴＲＡＤＩＮＧ合同会社,東京都大田区蒲田４丁目３番８号２０２,2017-03-21,合同会社
ＮＰＯ法人自然環境定量評価研究会,福岡県北九州市戸畑区中原新町２番４号,2017-03-21,その他の設立登記法人
Ｐｕｒｅ株式会社,愛媛県松山市岩崎町１丁目３番１０号,2017-03-21,株式会社
ＲＴＣビル株式会社,大阪府堺市堺区大浜北町１丁２番５号,2017-03-21,株式会社
ＳＡＫＩホールディングス株式会社,沖縄県中頭郡北谷町字伊平４１１番地１,2017-03-21,株式会社
ＳＥＯ－ＮＥＸＴ株式会社,愛知県名古屋市東区泉１丁目１１番６号ミソカビル,2017-03-21,株式会社
ＳＰＡＲＲＯＷ合同会社,東京都江東区猿江１丁目８番１５－２０２号,2017-03-21,合同会社
Ｓｔａｙ　ＪＡＰＡＮ株式会社,東京都中央区八重洲１丁目３番７号八重洲ファーストフィナンシャルビル１３Ｆ,2017-03-21,株式会社
Ｓｕｍｅｇｈ　ｇｒｏｕｐ合同会社,埼玉県越谷市赤山町１丁目８８番地６,2017-03-21,合同会社
Ｔ．Ｉ企画合同会社,福岡県宗像市赤間２丁目４－１７,2017-03-21,合同会社
ＴＵＮＡＧＵ合同会社,福岡県京都郡苅田町大字新津６３１－１７７,2017-03-21,合同会社
Ｕｎｗｉｒｅｄ　Ｌｏｇｉｃ合同会社,東京都港区西麻布２丁目２６番２１号－１４０１,2017-03-21,合同会社
Ｗ＆Ｈ＆Ｆ株式会社,東京都港区港南２丁目１６－１品川イーストワンタワー４階,2017-03-21,株式会社
Ｗｅｅｄ　Ｓｏｕｌ合同会社,兵庫県姫路市魚町３１番地,2017-03-21,合同会社
ｇｏｍａｒｃｏ合同会社,神奈川県川崎市高津区瀬田９番８トーラスコート２０１,2017-03-21,合同会社
ｍａｐｌｅ合同会社,東京都中野区本町６丁目２７番１２号豊国ビル９階９０１号室,2017-03-21,合同会社
ｍｉｄｎｉｇｈｔ　ｓｕｎ合同会社,愛知県豊橋市野田町字野田２７７番地,2017-03-21,合同会社
ｗｅｂ４ｎａｔｕｒａｌ株式会社,和歌山県田辺市あけぼの３７番１７号あけぼの台ハイツ２１号室,2017-03-21,株式会社
つなぐファクトリー株式会社,兵庫県西宮市青木町１１番３０号,2017-03-22,株式会社
みともケア株式会社,佐賀県神埼市神埼町永歌１８３０番地７,2017-03-22,株式会社
もののあはれ株式会社,東京都あきる野市五日市８５５－３スカイＮハイツ１０２号室,2017-03-22,株式会社
やいま画像診断センター合同会社,沖縄県石垣市字登野城６４４番地１９,2017-03-22,合同会社
やまだ塗装株式会社,沖縄県うるま市石川山城２２番地,2017-03-22,株式会社
アイワ産業株式会社,東京都新宿区上落合２丁目１６番１６号,2017-03-22,株式会社
アクセス株式会社,東京都板橋区中丸町５９番１１号,2017-03-22,株式会社
アドミラルホスピタリティ株式会社,東京都渋谷区恵比寿４丁目２０番３号,2017-03-22,株式会社
アリージェンス合同会社,東京都千代田区五番町１２番６号五番町マンションＢ１Ｆ,2017-03-22,合同会社
アルテミスキャピタル株式会社,東京都港区愛宕２丁目５番１号愛宕グリーンヒルズＭＯＲＩタワー２７階,2017-03-22,株式会社
アレシアコンサルティング株式会社,東京都港区赤坂２丁目６番２２号,2017-03-22,株式会社
アークコンサル株式会社,北海道札幌市北区屯田二条１丁目３番１－１０３号,2017-03-22,株式会社
イノベーションアンドディベロップメント株式会社,静岡県浜松市中区蜆塚３丁目１１番１２号,2017-03-22,株式会社
ウィングメッセ株式会社,愛知県名古屋市中区新栄２丁目３４番４号,2017-03-22,株式会社
エクスペクト合同会社,東京都品川区北品川１丁目９番７号トップルーム品川１０１５号,2017-03-22,合同会社
エム・ケイ建販株式会社,北海道札幌市豊平区福住三条８丁目１０番２号,2017-03-22,株式会社
エルネスト株式会社,東京都武蔵野市吉祥寺本町１丁目２０番１５号,2017-03-22,株式会社
オートリホールディングス株式会社,徳島県徳島市西須賀町東開３８番地,2017-03-22,株式会社
ガーフダールエステート合同会社,愛知県半田市銀座本町４丁目３５番地,2017-03-22,合同会社
クリーンハウスホールディングス株式会社,北海道三笠市若松町９番地１５,2017-03-22,株式会社
グッドタッチ合同会社,東京都中央区日本橋３丁目２番１４号新槇町ビル別館第一１Ｆ,2017-03-22,合同会社
グレース株式会社,東京都港区虎ノ門５丁目１３番１号虎ノ門４０ＭＴビル７階,2017-03-22,株式会社
ケイティ合同会社,東京都世田谷区桜１丁目２０番１８号,2017-03-22,合同会社
ケイティ技研株式会社,福岡県田川市大字伊田２３１８番地１３,2017-03-22,株式会社
コムレイド株式会社,長崎県長崎市中里町４９５番地１５,2017-03-22,株式会社
サイエストインターナショナル株式会社,東京都港区赤坂２丁目１７－６９赤坂フェニックスビル３Ｆ,2017-03-22,株式会社
サニーリバー株式会社,東京都豊島区東池袋１丁目３４番５号いちご東池袋ビル６階,2017-03-22,株式会社
サンフロッキー株式会社,大阪府門真市本町２９番２２号,2017-03-22,株式会社
ジャパンアグリサービス株式会社,栃木県芳賀郡茂木町大字千本２６番地１,2017-03-22,株式会社
ジャパンエージェントサービス株式会社,東京都港区六本木６丁目２番３１号六本木ヒルズノースタワー１７階,2017-03-22,株式会社
スレイプニルアドバイザーズ株式会社,東京都中央区明石町６番１３－１７０５号,2017-03-22,株式会社
ゼウス不動産販売株式会社,北海道札幌市北区北十四条西３丁目１番１５号,2017-03-22,株式会社
タイセイ合同会社,福岡県北九州市小倉北区神岳２丁目６番１８号,2017-03-22,合同会社
チャーンワークス合同会社,東京都渋谷区渋谷１丁目１７－１ＴＯＣ第２ビル３ＦＰｏＲＴＡＬ,2017-03-22,合同会社
ツルミホールディングス株式会社,埼玉県川口市南鳩ヶ谷８丁目１番地１０号,2017-03-22,株式会社
デジタルカーペット株式会社,東京都港区元麻布３丁目１番３５号,2017-03-22,株式会社
デ・アートシタジオ株式会社,東京都新宿区新宿５丁目１８－２０ルックハイツ新宿８０３,2017-03-22,株式会社
ナガメ化粧品株式会社,東京都港区元赤坂１丁目２番７号,2017-03-22,株式会社
ネクストホーム株式会社,香川県高松市松島町３丁目９番３４号,2017-03-22,株式会社
ハウスリニューアル合同会社,愛知県豊田市五ケ丘１丁目１８番地２,2017-03-22,合同会社
ハウス・レスキュー合同会社,佐賀県鳥栖市古賀町５９３番地１,2017-03-22,合同会社
ヒューマン・スカイサポート協同組合,東京都大田区羽田空港１丁目７番１号,2017-03-22,その他の設立登記法人
ピーたま合同会社,長野県千曲市上山田温泉１丁目５番地３,2017-03-22,合同会社
ファイブスター・ウェルス・マネジメント株式会社,埼玉県川口市金山町１２－１サウスゲートタワー川口２階,2017-03-22,株式会社
プランコンサルティング株式会社,東京都板橋区前野町２丁目２６番４－１０８号,2017-03-22,株式会社
ベイリアルティ合同会社,神奈川県横浜市都筑区勝田南１丁目１１番２号,2017-03-22,合同会社
ホウトク株式会社,東京都武蔵野市吉祥寺東町２丁目２５番１３号,2017-03-22,株式会社
ホワイトアロー株式会社,東京都渋谷区神南１丁目２０番７号川原ビル４階,2017-03-22,株式会社
ポスリンク株式会社,東京都葛飾区堀切２丁目５５番１０号,2017-03-22,株式会社
ライフデザイン合同会社,千葉県千葉市稲毛区園生町１００２番地２２,2017-03-22,合同会社
ラ・プレサ株式会社,山梨県韮崎市龍岡町若尾新田５３９番地１シティ白露１Ｆ２、１０４,2017-03-22,株式会社
ルリイロ企画合同会社,岩手県八幡平市叺田１０５番地３４ヨシタカコーポ２階Ｄ号室,2017-03-22,合同会社
ワンダーストーン株式会社,京都府京都市左京区南禅寺下河原町１９番地４,2017-03-22,株式会社
ワールド合同会社,東京都足立区千住中居町１９番１０号,2017-03-22,合同会社
一般社団法人クレハ,静岡県裾野市伊豆島田１５７番地の２,2017-03-22,その他の設立登記法人
一般社団法人ハッピーサポート,北海道釧路市貝塚２丁目２３番５４号,2017-03-22,その他の設立登記法人
一般社団法人ファイナンシャルプランナー育成推進協会,東京都渋谷区代々木３丁目１番１１号,2017-03-22,その他の設立登記法人
一般社団法人五感セラピー協会,埼玉県飯能市大字平戸３２９番地４,2017-03-22,その他の設立登記法人
一般社団法人再エネ普及促進機構,東京都千代田区内神田１丁目４番１号,2017-03-22,その他の設立登記法人
一般社団法人大分こころのケアセンター,大分県大分市大在中央１丁目１２番４－３０２号,2017-03-22,その他の設立登記法人
一般社団法人大秋みのりの会,青森県中津軽郡西目屋村大字大秋字都谷森９４番地２,2017-03-22,その他の設立登記法人
一般社団法人尾三会,愛知県豊明市沓掛町田楽ケ窪１番地９８,2017-03-22,その他の設立登記法人
一般社団法人彩国グローバル研究会,埼玉県大里郡寄居町大字折原２０８５番地１,2017-03-22,その他の設立登記法人
一般社団法人日本ガンマナイフ学会,東京都港区虎ノ門５丁目１２番１号虎ノ門ワイコービル株式会社コンベックス内,2017-03-22,その他の設立登記法人
一般社団法人日本優良和女協会,東京都港区南麻布４丁目１４番２号ＬＡＺ４Ｆ,2017-03-22,その他の設立登記法人
一般社団法人日本実験動物技術者協会,東京都中野区東中野４丁目２７番３７号,2017-03-22,その他の設立登記法人
一般社団法人日本自殺予防学会,東京都文京区本郷２丁目１７番１３号,2017-03-22,その他の設立登記法人
一般社団法人旭川あひるの会,北海道旭川市五条通１２丁目１３９５番地１,2017-03-22,その他の設立登記法人
一般社団法人旭川つくしの会,北海道旭川市永山七条１８丁目１番１７号,2017-03-22,その他の設立登記法人
一般社団法人杜ノ実,滋賀県犬上郡多賀町大字多賀７１９番地,2017-03-22,その他の設立登記法人
一般社団法人相模接骨師会,神奈川県相模原市中央区富士見５丁目１２番２１号,2017-03-22,その他の設立登記法人
一般社団法人移住ライフネット,埼玉県狭山市大字南入曽１１５８番地１０,2017-03-22,その他の設立登記法人
一般社団法人竹芝エリアマネジメント,東京都港区海岸１丁目１２番２号客船ターミナル１階,2017-03-22,その他の設立登記法人
一般社団法人老いじたくサポート協会,奈良県奈良市内侍原町４番地,2017-03-22,その他の設立登記法人
一般社団法人ＡＲＣＳ,愛知県津島市本町１丁目６７番地,2017-03-22,その他の設立登記法人
一般社団法人ＩＣＴ　ＣＯＮＮＥＣＴ２１,東京都港区赤坂１丁目９番１３号,2017-03-22,その他の設立登記法人
一般社団法人ＷＡＣＴ,香川県高松市国分寺町新居１７９２番地１,2017-03-22,その他の設立登記法人
佐野トレーディング合同会社,埼玉県富士見市大字鶴馬３２６５番地９,2017-03-22,合同会社
佳和生物科学株式会社,大阪府大阪市北区中崎西４丁目３－３２,2017-03-22,株式会社
億帆合同会社,東京都足立区千住中居町１９番１０号,2017-03-22,合同会社
医療法人中央クリニック,山口県山口市中央３丁目２番４３号,2017-03-22,その他の設立登記法人
医療法人悠仁会,愛知県名古屋市天白区平針南４丁目１２０２番地,2017-03-22,その他の設立登記法人
医療法人慈杏会,愛知県豊橋市東脇４丁目１番地６,2017-03-22,その他の設立登記法人
医療法人敬長会,岐阜県岐阜市北一色５丁目２番１１号,2017-03-22,その他の設立登記法人
医療法人松田脳神経外科クリニック,福岡県福岡市南区寺塚１丁目１７番１０号,2017-03-22,その他の設立登記法人
医療法人桂愛会,神奈川県横浜市緑区長津田４丁目５番５号長津田メディカルヴィレッジＢ棟１０１号室,2017-03-22,その他の設立登記法人
医療法人眞永会,愛知県あま市二ツ寺六町７４番地１,2017-03-22,その他の設立登記法人
医療法人社団クマノミ会,静岡県浜松市東区天王町１９５３番地,2017-03-22,その他の設立登記法人
医療法人社団仁武会,東京都町田市木曽西２丁目１７番地２６木曽西医療モールビル２階,2017-03-22,その他の設立登記法人
医療法人社団回生会渥美医院,神奈川県足柄上郡大井町金子４８番地,2017-03-22,その他の設立登記法人
医療法人社団志隆,静岡県静岡市葵区昭府２丁目１８番３８号,2017-03-22,その他の設立登記法人
医療法人社団洋優会,東京都練馬区北町２丁目２５番１４号ルミエールビル１階,2017-03-22,その他の設立登記法人
医療法人社団至誠会,神奈川県厚木市中町３丁目１２番１号厚木国際ビル７階,2017-03-22,その他の設立登記法人
医療法人純志会,長崎県佐世保市山祇町３５２番地３,2017-03-22,その他の設立登記法人
医療法人萌幸会,神奈川県横浜市南区宮元町２丁目２９番地１Ｄ’クラディア横浜マークス１階,2017-03-22,その他の設立登記法人
医療法人養清堂,茨城県稲敷郡阿見町大字荒川本郷字鶉原２３３７番８,2017-03-22,その他の設立登記法人
南あわじソーラーファーム株式会社,東京都千代田区平河町１丁目７番１６－４０１号,2017-03-22,株式会社
合同会社いっぽ,東京都中央区銀座６丁目１３番１６号銀座ＷａｌｌビルＵＣＦ５０１,2017-03-22,合同会社
合同会社アグリＹＯＵ,熊本県球磨郡錦町大字西１５８番地１,2017-03-22,合同会社
合同会社アシタノカゼ,熊本県熊本市南区幸田２丁目７番５０－７０２号,2017-03-22,合同会社
合同会社アップエイート,神奈川県相模原市南区磯部９７６番地,2017-03-22,合同会社
合同会社アンテック,東京都品川区小山台１丁目１２番１２号サニーホームＣ号室,2017-03-22,合同会社
合同会社ウェルダン,東京都中央区銀座６丁目１３番１６号銀座ＷａｌｌビルＵＣＦ５０１,2017-03-22,合同会社
合同会社エアガイツ,東京都港区港南４丁目２番７－５１５号,2017-03-22,合同会社
合同会社オフィス白石,東京都渋谷区代々木２丁目２３番１号,2017-03-22,合同会社
合同会社オートサロンナカジマ,大分県大分市大字城原２５７５番地の１,2017-03-22,合同会社
合同会社オートヌ・フルール,沖縄県那覇市宇栄原３丁目２５番２１号オートヌフルール４０１,2017-03-22,合同会社
合同会社カイテック,埼玉県新座市あたご３丁目２番９号,2017-03-22,合同会社
合同会社ケイアイ,滋賀県草津市野路９丁目１０番２号,2017-03-22,合同会社
合同会社サンク,大阪府吹田市泉町４丁目３６番７号,2017-03-22,合同会社
合同会社シエスツ,神奈川県横浜市中区翁町２丁目８番地５第一東里ビル３０２,2017-03-22,合同会社
合同会社スプリング＆シー,東京都江東区東陽２丁目４番３４号,2017-03-22,合同会社
合同会社セムラ,東京都江戸川区一之江８丁目５番１０号,2017-03-22,合同会社
合同会社タムワークス,北海道札幌市中央区南一条西１４丁目１番地２３０,2017-03-22,合同会社
合同会社ダリア,福岡県福岡市博多区上牟田１丁目９－１４－６０２,2017-03-22,合同会社
合同会社ハマーレックス,神奈川県横浜市中区曙町１丁目１番地１,2017-03-22,合同会社
合同会社ファースト,東京都練馬区中村２丁目６番８－４０１号,2017-03-22,合同会社
合同会社フクオカイイダ,福岡県福岡市早良区百道浜３丁目９－１,2017-03-22,合同会社
合同会社フルネス,北海道札幌市清田区北野四条４丁目２７番１９号,2017-03-22,合同会社
合同会社ブルーノヴァ,愛知県刈谷市半城土中町３丁目７番地１,2017-03-22,合同会社
合同会社プラス,大阪府大阪市浪速区元町１丁目１１番８号,2017-03-22,合同会社
合同会社プロフィット,埼玉県草加市氷川町２１６３番地４,2017-03-22,合同会社
合同会社マジェンタ,東京都港区六本木４丁目３番１１号六本木ユニハウス２２３号,2017-03-22,合同会社
合同会社マツムランド,石川県金沢市野町２丁目２９番１号,2017-03-22,合同会社
合同会社メギトリス,神奈川県横浜市港北区大豆戸町１１６８番地,2017-03-22,合同会社
合同会社メック,岐阜県瑞浪市土岐町２０１４番地の１７,2017-03-22,合同会社
合同会社ラメール,千葉県千葉市中央区富士見２丁目７番９富士見ビル６０９号,2017-03-22,合同会社
合同会社レグルス,埼玉県南埼玉郡宮代町字道佛３０８（１１－４号）,2017-03-22,合同会社
合同会社ワングロー,東京都北区浮間５丁目１５番２２－３０７号,2017-03-22,合同会社
合同会社匯嘉,長野県塩尻市大字広丘野村１５２４－１,2017-03-22,合同会社
合同会社城北さんちょく,熊本県荒尾市上平山９７８番地３,2017-03-22,合同会社
合同会社大信興業,神奈川県川崎市川崎区小田１丁目２番２０－３０５号大成ビル,2017-03-22,合同会社
合同会社小山観音観光船,岐阜県美濃加茂市牧野２４２９番地３,2017-03-22,合同会社
合同会社年金左京ほっとスペース,京都府京都市左京区山端壱町田町８番地５９プラザ修学院Ａ－１０４,2017-03-22,合同会社
合同会社悠,大阪府大阪市中央区松屋町５番３－６０３号,2017-03-22,合同会社
合同会社愛善,長野県長野市大字鶴賀権堂町２２７０番地１,2017-03-22,合同会社
合同会社成共,神奈川県大和市鶴間１丁目３１番２１号ドラゴンマンション鶴間壱番館３０２号室,2017-03-22,合同会社
合同会社旭,東京都練馬区下石神井１丁目３番１０－２１４号,2017-03-22,合同会社
合同会社旭照堂古美術,東京都荒川区東尾久２丁目２番９号,2017-03-22,合同会社
合同会社杢衛門,神奈川県藤沢市鵠沼石上２丁目１番１１号,2017-03-22,合同会社
合同会社東洋ワークス,神奈川県小田原市久野１４８番地,2017-03-22,合同会社
合同会社東豊企画,大分県大分市仲西町１丁目３番１１号,2017-03-22,合同会社
合同会社樹澄,埼玉県熊谷市上之２０３３番地１,2017-03-22,合同会社
合同会社武蔵浦和開発プロジェクト,東京都千代田区平河町１丁目６番１５号シルスフィア会計事務所内,2017-03-22,合同会社
合同会社江田鉄筋,東京都足立区東和５丁目８番１１号ロングバレー北綾瀬３０２,2017-03-22,合同会社
合同会社由布のしいたけ,大分県由布市湯布院町川上字木床２２４５番２,2017-03-22,合同会社
合同会社福本ゼミナール,大阪府堺市中区深井沢町２７９番地１,2017-03-22,合同会社
合同会社粂田測量設計事務所,北海道札幌市厚別区厚別東四条７丁目２９番７号,2017-03-22,合同会社
合同会社繭心の季,愛知県名古屋市名東区香南２丁目６１４番地,2017-03-22,合同会社
合同会社Ａｎｃｈｏｒ,沖縄県宜野湾市長田３丁目６番２２号,2017-03-22,合同会社
合同会社ＣＡＲＩＬＬＯＮ,東京都品川区北品川１丁目９番７号トップルーム品川１０１５号,2017-03-22,合同会社
合同会社Ｄ－Ｗｏｒｋｓ,神奈川県横浜市保土ケ谷区新井町３４０千丸台アパート１０－１０,2017-03-22,合同会社
合同会社Ｆ・ｐｌａｎ,山口県萩市大字江向５９３番地１,2017-03-22,合同会社
合同会社ＨＫコンサルティング,東京都世田谷区大原１丁目５７番３号,2017-03-22,合同会社
合同会社ＨＹＰＥ　ＵＰ,京都府京都市北区大宮東脇台町１１番地マンション上治１７号,2017-03-22,合同会社
合同会社Ｈａｐｐｉｉｎｏ,東京都西東京市新町１丁目４番２－５１２号,2017-03-22,合同会社
合同会社ＬＡＲＧＯ,佐賀県杵島郡大町町大字福母４２０番地,2017-03-22,合同会社
合同会社ＭＫプロパティコンサルティング,東京都町田市玉川学園７丁目１８番１号２,2017-03-22,合同会社
合同会社ＭＳＳ,千葉県木更津市中里２丁目１２番１７号,2017-03-22,合同会社
合同会社ＭＵＧＥＮ　ＧＲＯＵＰ,愛知県名古屋市中区錦３丁目１８番１２号,2017-03-22,合同会社
合同会社ＮＡＭ,東京都渋谷区桜丘町２３番１７号シティコート桜丘４０８,2017-03-22,合同会社
合同会社ＮＡＳＨＩＫＡ,埼玉県川口市西川口１丁目２６番１８号須田ビル４０５号,2017-03-22,合同会社
合同会社ＮＥＸＴＥＣＨ,北海道滝川市江部乙町西１３丁目１５５８番地５,2017-03-22,合同会社
合同会社ＮＳＦ長崎,長崎県長崎市魚の町３番３３号,2017-03-22,合同会社
合同会社ＳＴＵＤＩＯ　Ｓ－ＥＮＧＩＮＥ,兵庫県芦屋市南宮町１２番２号,2017-03-22,合同会社
合同会社ＳＵＳＨＩ＆ＦＩＳＨ,東京都港区浜松町１丁目２０番１号,2017-03-22,合同会社
合同会社ＴＥＩＡＩ,東京都渋谷区初台１丁目５１番１号,2017-03-22,合同会社
合同会社ＴＭＣＲ,新潟県三条市鬼木２７５７番地第１,2017-03-22,合同会社
合同会社ＴｅＴｏＴｅ　Ｒｅａｌ　Ｅｓｔａｔｅ,京都府京都市西京区御陵大枝山町４丁目２１番地２,2017-03-22,合同会社
合同会社Ｕアソシエーション,東京都目黒区緑が丘１丁目６番１０号,2017-03-22,合同会社
合同会社ＹＭＡ,東京都墨田区業平４丁目１番６号プレミール・マンシオン４０１,2017-03-22,合同会社
合同会社ａｔ　Ｆｉｒｓｔ,東京都豊島区西池袋５丁目１番７号佐久間ビル２階,2017-03-22,合同会社
合同会社ｋｉｓｕｋｅ,新潟県新潟市西区寺尾東１丁目５番３７号,2017-03-22,合同会社
合同会社ｍｔｃ．,東京都港区新橋２丁目２番９号ＫＤＸ新橋ビル５階,2017-03-22,合同会社
合同会社ｐｅｒｆｅｌｉｃｅｖｉｔａ,東京都墨田区八広３丁目３７番２号,2017-03-22,合同会社
吉永株式会社,東京都板橋区熊野町４４番６－４０３号,2017-03-22,株式会社
名越株式会社,茨城県つくば市島名２９００番地２１－２Ｆ,2017-03-22,株式会社
土井工業株式会社,広島県広島市安佐南区山本新町２丁目１６番６号,2017-03-22,株式会社
城門国際合同会社,神奈川県横浜市中区本牧大里町１９番５号パークサイドテラス本牧Ａ号室,2017-03-22,合同会社
多摩総合保険合同会社,福岡県福岡市中央区天神２丁目３番１０天神パインクレスト７１６号,2017-03-22,合同会社
大和ライフエナジア株式会社,東京都港区赤坂５丁目１番３３号,2017-03-22,株式会社
大安株式会社,岐阜県瑞穂市稲里３６番地１,2017-03-22,株式会社
大熊製薬株式会社,大阪府大阪市中央区本町３丁目１番９号ＫＡＬビル,2017-03-22,株式会社
天龍源菜株式会社,静岡県浜松市南区卸本町３４番地,2017-03-22,株式会社
太田クレーン工事株式会社,広島県府中市阿字町６５８番地１,2017-03-22,株式会社
安川建設株式会社,兵庫県尼崎市若王寺３丁目２５－２４,2017-03-22,株式会社
実践経営コンサルティング株式会社,東京都中央区日本橋１丁目７番１１号日本橋東ビル６階,2017-03-22,株式会社
家島町農業共済組合,兵庫県姫路市家島町宮２１６９番地,2017-03-22,その他の設立登記法人
富士宮ライオンズクラブ,静岡県富士宮市朝日町１２－１８,2017-03-22,その他
富巳不動産株式会社,京都府京都市東山区東大路安井北門上る１丁目月見町１５番地,2017-03-22,株式会社
小山プランニング合同会社,千葉県松戸市稔台８丁目３２番地の１１,2017-03-22,合同会社
小石貿易株式会社,東京都新宿区新宿１丁目２５番１２号ライオンズマンション新宿一丁目１Ｆ,2017-03-22,株式会社
岡京資産管理株式会社,岡山県岡山市北区栢谷１２９番地１,2017-03-22,株式会社
岩田機工株式会社,大分県大分市大字千歳６６３番地,2017-03-22,株式会社
巨林合同会社,東京都新宿区北新宿１丁目１－２０プリオール三信ビル２Ｆ,2017-03-22,合同会社
市川工務店株式会社,東京都練馬区関町北５丁目１７番２３号,2017-03-22,株式会社
常陸國住宅合同会社,茨城県水戸市見川町１８２０番地１１４,2017-03-22,合同会社
新生ホールディングス株式会社,東京都文京区千駄木３丁目５０番１３号,2017-03-22,株式会社
日本プラコン株式会社,大阪府東大阪市長田東３丁目３番６号,2017-03-22,株式会社
東日本昭源通商株式会社,東京都品川区南大井６丁目４番６号,2017-03-22,株式会社
株式会社あがらと,和歌山県東牟婁郡古座川町三尾川５５５,2017-03-22,株式会社
株式会社きのや,福岡県福岡市中央区渡辺通２丁目４番２０号パール福岡,2017-03-22,株式会社
株式会社さくらい商事,新潟県新潟市中央区万代６丁目１番２６号,2017-03-22,株式会社
株式会社ざんぎ,北海道札幌市中央区南二十九条西９丁目２番７号,2017-03-22,株式会社
株式会社にっこにこケア,神奈川県横浜市港北区日吉本町３丁目３３－１３笹生ビル,2017-03-22,株式会社
株式会社ひまわり不動産,宮城県仙台市太白区泉崎２丁目２６番１号,2017-03-22,株式会社
株式会社ふたば保育ルーム,埼玉県新座市石神２丁目２番２０－５号,2017-03-22,株式会社
株式会社ほがらかさん,宮城県登米市中田町石森字室木２９７番地,2017-03-22,株式会社
株式会社ゆうしん,東京都中野区江原町２丁目１２番２０号,2017-03-22,株式会社
株式会社ゆうブレイン,兵庫県神戸市中央区北長狭通５丁目２番１９号コフィオ神戸元町４０７号,2017-03-22,株式会社
株式会社アイエイチ企画,愛知県豊橋市前田南町１丁目５番地１２,2017-03-22,株式会社
株式会社アクシス,鳥取県鳥取市南栄町５８番地３,2017-03-22,株式会社
株式会社アグリ飽田,熊本県熊本市南区会富町１３７３番地１,2017-03-22,株式会社
株式会社アスラス,新潟県新潟市中央区堀之内南２丁目１９番８号ルイシャトレ２０１号,2017-03-22,株式会社
株式会社アップルガーデン,青森県弘前市大字駅前町１０番地２ロイヤルコーポイースト１Ｆ,2017-03-22,株式会社
株式会社アヅマホールディングス,東京都八王子市中野山王２丁目５番１４号,2017-03-22,株式会社
株式会社アプリコット,滋賀県大津市本堅田２丁目２１番２６号,2017-03-22,株式会社
株式会社アベニール２,千葉県松戸市紙敷１１４２番地,2017-03-22,株式会社
株式会社アペックスゲート,東京都大田区西蒲田６丁目３番１４－１０号,2017-03-22,株式会社
株式会社アルデアアルカサール,熊本県八代市西片町１９７６番地,2017-03-22,株式会社
株式会社アースコンサルティング,東京都渋谷区道玄坂１丁目１７番５号,2017-03-22,株式会社
株式会社アームズ,東京都品川区北品川２丁目１２番１０号,2017-03-22,株式会社
株式会社アーリークロス,神奈川県横浜市金沢区釜利谷西５丁目１０番２０号,2017-03-22,株式会社
株式会社イズミ撚糸,東京都千代田区紀尾井町３番１２号,2017-03-22,株式会社
株式会社イムノドライ,北海道札幌市北区麻生町４丁目８番１７号,2017-03-22,株式会社
株式会社インフィニティ,北海道釧路市興津５丁目８番１号,2017-03-22,株式会社
株式会社インヴィテック,東京都千代田区平河町１丁目３番６号ＢＩＺＭＡＲＫＳ麹町２階,2017-03-22,株式会社
株式会社エイト,埼玉県さいたま市北区本郷町２１０３番地５,2017-03-22,株式会社
株式会社エコスマイル群馬,群馬県伊勢崎市今泉町１丁目３２番地１,2017-03-22,株式会社
株式会社エスティーエース,東京都国分寺市泉町３丁目３７番３号パレスラフィーネ泉Ｂ１,2017-03-22,株式会社
株式会社エスピーエヌ,千葉県千葉市稲毛区園生町９７９番地１ライオンズガーデン稲毛園生町４１４号,2017-03-22,株式会社
株式会社エス・アンド・ディー,東京都豊島区東池袋３丁目７番９号ＡＳＯＮＥ東池袋ビル３階,2017-03-22,株式会社
株式会社エゾ・プランニング,北海道釧路市新栄町７番１８号,2017-03-22,株式会社
株式会社エムズ・コーポレーション,千葉県君津市西坂田２丁目５番２０号、２Ｆ,2017-03-22,株式会社
株式会社エムテック,埼玉県加須市不動岡８４８番地１２,2017-03-22,株式会社
株式会社エリソン,千葉県市原市今津朝山９８８番地７,2017-03-22,株式会社
株式会社エルフォ,神奈川県茅ヶ崎市菱沼１丁目３番２３号,2017-03-22,株式会社
株式会社エーコット,沖縄県沖縄市桃原１丁目４番３４号,2017-03-22,株式会社
株式会社エースタイルプラス,大阪府八尾市太田新町９丁目８５番地,2017-03-22,株式会社
株式会社オチョ,福岡県北九州市八幡東区桃園１丁目２番１－４０８号,2017-03-22,株式会社
株式会社オフィスみしごん,福岡県福岡市東区箱崎１丁目２８番１５号,2017-03-22,株式会社
株式会社オフィス榊毘,栃木県那須郡那須町大字高久乙３３７０番３２０４,2017-03-22,株式会社
株式会社オーエスワン,東京都世田谷区駒沢２丁目１８番１０ー７０９号,2017-03-22,株式会社
株式会社オープン,東京都港区麻布台２丁目３番１４号,2017-03-22,株式会社
株式会社カレッヂ,岐阜県揖斐郡池田町本郷８９５－７,2017-03-22,株式会社
株式会社カークレスト,宮城県栗原市金成有壁大日前７９番地２,2017-03-22,株式会社
株式会社カーチャイミーシャ,東京都豊島区高松２丁目４４番８号,2017-03-22,株式会社
株式会社キヨエネ,東京都羽村市神明台３丁目４番地１７,2017-03-22,株式会社
株式会社キレイライン,東京都港区西麻布１丁目１４番１号井門西麻布ビル５階,2017-03-22,株式会社
株式会社クラウドパートナーズ,東京都中央区日本橋３丁目２番１４号,2017-03-22,株式会社
株式会社グリーンパワーコネクト,茨城県久慈郡大子町大字上金沢２２３４番地,2017-03-22,株式会社
株式会社グローバルトレーディング,愛知県安城市横山町寺田４９番地７メゾン加藤２０２,2017-03-22,株式会社
株式会社コウプロダクト,兵庫県川辺郡猪名川町白金１丁目８６番地３,2017-03-22,株式会社
株式会社コーピー,東京都練馬区関町南１丁目６番３６号,2017-03-22,株式会社
株式会社サンスマイル,徳島県徳島市昭和町８丁目８７番地１２５,2017-03-22,株式会社
株式会社シャルウィ,福岡県八女郡広川町大字新代１１７０－１,2017-03-22,株式会社
株式会社シュンワ,宮城県仙台市青葉区木町通２丁目２番４０号,2017-03-22,株式会社
株式会社シーエスリレーションズ,新潟県新潟市中央区川端町２丁目１１番地３,2017-03-22,株式会社
株式会社シード,沖縄県糸満市西崎町４丁目１８番地１,2017-03-22,株式会社
株式会社ジェム福,東京都台東区上野３丁目７番１０号,2017-03-22,株式会社
株式会社スギーズ英語発音教育研究所,東京都中央区築地４丁目４番１４－２１５号,2017-03-22,株式会社
株式会社ステアリー,東京都荒川区西日暮里２丁目１８番３号,2017-03-22,株式会社
株式会社ストーリア,福岡県福岡市博多区中洲４丁目１番６号２階,2017-03-22,株式会社
株式会社スフィアリンク,福岡県福岡市中央区天神１丁目９－１７,2017-03-22,株式会社
株式会社セカンドステージ,愛知県岡崎市十王町１丁目４８番地１,2017-03-22,株式会社
株式会社ソルシナジー,東京都中野区東中野５丁目１番１号,2017-03-22,株式会社
株式会社タイシ,東京都台東区根岸３丁目２４番１２号,2017-03-22,株式会社
株式会社タカオ,沖縄県石垣市字新川１５８３番地３２,2017-03-22,株式会社
株式会社ダイワ,京都府木津川市山城町綺田山際６２番地,2017-03-22,株式会社
株式会社ツチデン,福岡県北九州市小倉南区朽網西１丁目１０番５号,2017-03-22,株式会社
株式会社ティケイサポート,神奈川県海老名市門沢橋６丁目１３番１６号,2017-03-22,株式会社
株式会社ディエヌシー,東京都中央区佃２丁目１番１号,2017-03-22,株式会社
株式会社トランプ,北海道札幌市中央区大通西８丁目２番地３９,2017-03-22,株式会社
株式会社トータルクリエイト,大阪府大阪市平野区加美西２丁目５番１７－２０１号,2017-03-22,株式会社
株式会社ハイシューカ,福井県福井市江端町６番８号,2017-03-22,株式会社
株式会社ハナロジ,東京都中央区日本橋横山町７番１７号,2017-03-22,株式会社
株式会社ハリキプランニング,大阪府大阪市生野区小路１丁目７番１６号,2017-03-22,株式会社
株式会社ハンマーヘッド,兵庫県尼崎市建家町１９番地の３,2017-03-22,株式会社
株式会社パス,富山県富山市田中町４丁目７番１号,2017-03-22,株式会社
株式会社ヒューマンスタッフ,東京都港区南青山４丁目１番３号セントラル青山１０３号,2017-03-22,株式会社
株式会社ビット・ストーン,和歌山県和歌山市土佐町３丁目２９番地１Ｕビル３Ｆ３０５号室,2017-03-22,株式会社
株式会社ファイナンシャルブレイン,東京都千代田区丸の内２丁目３番２号郵船ビル１階,2017-03-22,株式会社
株式会社ファーストラン,奈良県磯城郡田原本町大字小阪８４番地１,2017-03-22,株式会社
株式会社フカヤ,神奈川県横浜市戸塚区深谷町１６４７番地２４０,2017-03-22,株式会社
株式会社フジ工房,兵庫県たつの市新宮町千本７１７番地１,2017-03-22,株式会社
株式会社プラチナ,熊本県熊本市中央区下通２丁目３番６号双栄ビル８０１号,2017-03-22,株式会社
株式会社プランツソリューションズ,東京都板橋区高島平２丁目２６番６－１００８号,2017-03-22,株式会社
株式会社ベストパートナーマリッジ,東京都千代田区神田錦町２丁目１１番地小川ビル３Ｆ,2017-03-22,株式会社
株式会社ベル・ファクトリー,東京都足立区青井１丁目１５番１７号,2017-03-22,株式会社
株式会社ペアレント,青森県弘前市大字城南４丁目３番地１０,2017-03-22,株式会社
株式会社ホーム・エコ,神奈川県横浜市都筑区中川中央１丁目２１番１６－９０１号,2017-03-22,株式会社
株式会社マイズ,沖縄県中頭郡読谷村字楚辺２２２３－１,2017-03-22,株式会社
株式会社マネジメントファクトリー,東京都千代田区神田須田町２丁目１７番地,2017-03-22,株式会社
株式会社マルカ農産,青森県上北郡七戸町字榎林家ノ前９５番地１,2017-03-22,株式会社
株式会社ミエコーカンテイ,兵庫県神戸市垂水区桃山台４丁目１番地の１５,2017-03-22,株式会社
株式会社ミテル,千葉県君津市高坂１番１２号,2017-03-22,株式会社
株式会社ミラゲン,愛知県豊橋市花田町字中郷９３番地８,2017-03-22,株式会社
株式会社メディオ,神奈川県横浜市港南区笹下６丁目１６番８号第６二塚ハイツ２０２号,2017-03-22,株式会社
株式会社メンタルトレーニングオフィスユリア,大阪府豊中市服部南町２丁目６番１２－５０３号,2017-03-22,株式会社
株式会社ヤマイチホールディングス,茨城県ひたちなか市南神敷台１１番１３,2017-03-22,株式会社
株式会社ヤマケン工業,愛知県名古屋市熱田区六番２丁目１１番２７号,2017-03-22,株式会社
株式会社ヤマトホーム,埼玉県越谷市大間野町４丁目２１番地６,2017-03-22,株式会社
株式会社ユイプランニングファクトリ,兵庫県神戸市西区南別府４丁目３６６番１,2017-03-22,株式会社
株式会社ユーラス上勝神山風力,東京都港区虎ノ門４丁目３番１３号,2017-03-22,株式会社
株式会社ライズワン,長野県長野市若里６丁目３番２２号,2017-03-22,株式会社
株式会社ライフデザイン,茨城県小美玉市羽鳥１９２２番地４６,2017-03-22,株式会社
株式会社リノベーション,東京都千代田区神田美土代町７番地３,2017-03-22,株式会社
株式会社リフト,岡山県岡山市中区国富７３９番地４,2017-03-22,株式会社
株式会社リフレクト,東京都目黒区目黒１丁目４番９号生報ビル４階,2017-03-22,株式会社
株式会社リンクウェイ・コンサルティング,東京都中央区銀座７丁目１３番６号サガミビル２階,2017-03-22,株式会社
株式会社レジェーラ,大阪府大阪市北区梅田１丁目１番３号大阪駅前第３ビル２３０７,2017-03-22,株式会社
株式会社ワイエスコーポレーション,埼玉県富士見市大字上南畑２６９８番地１,2017-03-22,株式会社
株式会社ワンズホテルズ,大阪府池田市満寿美町２番２８号,2017-03-22,株式会社
株式会社ヴォール,福岡県古賀市舞の里２丁目７番２５号,2017-03-22,株式会社
株式会社一樹興業,大阪府岸和田市春木旭町３７番７号,2017-03-22,株式会社
株式会社一通,東京都渋谷区神宮前３丁目２５番１８号ＴＨＥＳＨＡＲＥ２１７,2017-03-22,株式会社
株式会社三輝工業,愛知県名古屋市中村区烏森町６丁目１９３番地,2017-03-22,株式会社
株式会社上東貿易,東京都新宿区歌舞伎町２丁目４２番１７号新宿ビル６０７,2017-03-22,株式会社
株式会社不動産パートナー,北海道札幌市豊平区美園八条５丁目４番８号,2017-03-22,株式会社
株式会社中島,静岡県沼津市平町１５番１２号,2017-03-22,株式会社
株式会社中村興業,神奈川県川崎市川崎区小田７丁目１番１－６１５号クリオ川崎六番館,2017-03-22,株式会社
株式会社中脇喜一郎商会,島根県松江市末次本町９番地,2017-03-22,株式会社
株式会社久保田建設,埼玉県川口市上青木西４丁目２６番１３－３０４号,2017-03-22,株式会社
株式会社乾建設,奈良県生駒郡平群町大字福貴畑７３５番地,2017-03-22,株式会社
株式会社井田工業,大阪府堺市西区鳳西町２丁１４番地１０－Ａ号,2017-03-22,株式会社
株式会社信希,愛知県春日井市東野町西２丁目１４番地４,2017-03-22,株式会社
株式会社共志建設,徳島県阿波市吉野町柿原字ヒロナカ２１７番地９,2017-03-22,株式会社
株式会社凜大産業,埼玉県新座市大和田４丁目１４番３６号,2017-03-22,株式会社
株式会社創信,愛知県春日井市六軒屋町１丁目１７２番地カーム・ナガナワ２０１号,2017-03-22,株式会社
株式会社創学サポート,兵庫県神戸市中央区磯辺通４丁目２－３ライオンズマンション三宮フラワーロード２０８号,2017-03-22,株式会社
株式会社匠からだ工房,埼玉県加須市南町１６番１８号,2017-03-22,株式会社
株式会社協和フロンティア,東京都足立区梅田５丁目２５番９－１１４号,2017-03-22,株式会社
株式会社参勇社,北海道札幌市中央区南六条西１２丁目７６１番地３エスセーナ南６条ルネス８０１号,2017-03-22,株式会社
株式会社又吉,大阪府大阪市東成区大今里南１丁目２１番１２－８０４号,2017-03-22,株式会社
株式会社坂本レゾナンス,長野県茅野市玉川４５２３番地１,2017-03-22,株式会社
株式会社増永建設,神奈川県座間市南栗原１丁目１３番６６－２号,2017-03-22,株式会社
株式会社多田組,滋賀県大津市相模町４番８号,2017-03-22,株式会社
株式会社大務建業,千葉県山武郡九十九里町片貝２１８６番地７,2017-03-22,株式会社
株式会社大和テクノシステムズ,大阪府貝塚市加神１丁目２４番４６号,2017-03-22,株式会社
株式会社大橋,東京都中野区中央５丁目３７番８号,2017-03-22,株式会社
株式会社大眞,茨城県坂東市岩井２２３番地２６,2017-03-22,株式会社
株式会社大進興業,沖縄県宮古島市平良字久貝１０６７番地８,2017-03-22,株式会社
株式会社孝,東京都墨田区京島３丁目３９－８－２Ｆ,2017-03-22,株式会社
株式会社学びと成長しくみデザイン研究所,兵庫県神戸市兵庫区小松通３丁目３番１３号,2017-03-22,株式会社
株式会社安間鉄筋,愛知県稲沢市稲沢町北島７９番地,2017-03-22,株式会社
株式会社小澤組,広島県福山市今津町２２０５番地３,2017-03-22,株式会社
株式会社小田鉄筋,神奈川県横浜市戸塚区上矢部町１２５９番地,2017-03-22,株式会社
株式会社小笠原工業,石川県金沢市東力４丁目１４７番地２,2017-03-22,株式会社
株式会社影技,東京都港区麻布十番２丁目９番５号,2017-03-22,株式会社
株式会社恒建,茨城県ひたちなか市大字稲田５３７番地９,2017-03-22,株式会社
株式会社息吹,東京都中央区新川１丁目３番７－１００４号,2017-03-22,株式会社
株式会社成良不動産,佐賀県佐賀市鍋島町大字鍋島１３５４番地２,2017-03-22,株式会社
株式会社昭栄,東京都文京区湯島３丁目３６番３号５Ｆ,2017-03-22,株式会社
株式会社有賀建設,東京都練馬区西大泉５丁目２２番８号,2017-03-22,株式会社
株式会社未来商事,東京都足立区千住河原町４５番４号,2017-03-22,株式会社
株式会社村田保温,富山県射水市高場新町２丁目６８番地,2017-03-22,株式会社
株式会社柳屋本店,熊本県玉名市繁根木３２番地,2017-03-22,株式会社
株式会社柳沼商店,東京都東久留米市幸町１丁目５番２２号,2017-03-22,株式会社
株式会社桜の華カンパニー,神奈川県横浜市中区山下町１５５番地２プランドール横浜６０３号室,2017-03-22,株式会社
株式会社橋本工務店,奈良県宇陀市榛原檜牧１１２３番地の１,2017-03-22,株式会社
株式会社橋村工務店,大阪府泉大津市昭和町５番４－３４号,2017-03-22,株式会社
株式会社波の音,兵庫県西宮市染殿町６番２０－１０１号,2017-03-22,株式会社
株式会社浜崎商事,東京都中央区新富２丁目９番５号川田ビル５階,2017-03-22,株式会社
株式会社満月,北海道札幌市手稲区前田一条１２丁目１番５０号,2017-03-22,株式会社
株式会社琥珀建設,福岡県大牟田市岬町６番地３５,2017-03-22,株式会社
株式会社真野工業,石川県金沢市藤江北２丁目１５５番地２,2017-03-22,株式会社
株式会社真電,京都府京都市伏見区醍醐辰己町２１番地８,2017-03-22,株式会社
株式会社福岡スタイル,福岡県嘉麻市上山田１３４５番地６６,2017-03-22,株式会社
株式会社細野総合企画,栃木県芳賀郡益子町大字七井２６２３番地,2017-03-22,株式会社
株式会社総合数理工学研究所,東京都八王子市暁町１丁目３９番８号日神パレス八王子５１０号,2017-03-22,株式会社
株式会社翔栄,大分県佐伯市１０２６８番地２,2017-03-22,株式会社
株式会社荒井工業,神奈川県川崎市川崎区大島２丁目１５番１１号,2017-03-22,株式会社
株式会社菅谷組,茨城県潮来市潮来１０５番地５,2017-03-22,株式会社
株式会社藤巳,東京都足立区舎人１丁目１６－１１－２０１,2017-03-22,株式会社
株式会社藤本工務店,神奈川県三浦郡葉山町上山口２３６８番地の１,2017-03-22,株式会社
株式会社西川潜水,千葉県長生郡長柄町山根１６４８番地２,2017-03-22,株式会社
株式会社西成空調,大阪府大阪市西成区南津守４丁目１番２９号,2017-03-22,株式会社
株式会社西日本架設工業,大阪府豊中市熊野町１丁目１５番３４号,2017-03-22,株式会社
株式会社誠央総建,福島県福島市南中央３丁目２番地,2017-03-22,株式会社
株式会社貝沼農場,新潟県村上市関口９３０番地,2017-03-22,株式会社
株式会社轟サービス,大分県日田市大字友田７４２番地１,2017-03-22,株式会社
株式会社野口組,栃木県小山市三峰二丁目８番２１号,2017-03-22,株式会社
株式会社関東リテック,東京都板橋区徳丸７丁目２３番１０号,2017-03-22,株式会社
株式会社隆喜住設,広島県広島市安佐南区西原５丁目１３番３０号,2017-03-22,株式会社
株式会社電攻通産,宮城県仙台市青葉区荒巻字青葉６９０番地の１０,2017-03-22,株式会社
株式会社革靴をはいた猫,京都府京都市伏見区東大手町７６３若由ビル２階,2017-03-22,株式会社
株式会社駒沢商店,滋賀県大津市堅田１丁目９番２６号,2017-03-22,株式会社
株式会社１０ｘＥｎｔｅｒｐｒｉｓｅ,神奈川県横須賀市本町２丁目２番地１高村ビル１０１,2017-03-22,株式会社
株式会社８７,神奈川県横浜市都筑区中川中央２丁目３番１２号,2017-03-22,株式会社
株式会社ＡＩハヤブサ,北海道函館市桔梗町３７９番地３２,2017-03-22,株式会社
株式会社ＡＬＬ　ＪＡＰＡＮ,奈良県大和郡山市小泉町１３７０番地,2017-03-22,株式会社
株式会社ＡＳＴホールディングス,東京都千代田区九段南２丁目３番２７号,2017-03-22,株式会社
株式会社Ａｓｃｅｎｔ　Ｔｈｅｒａｐｅｕｔｉｃｓ,東京都世田谷区代沢４丁目４２番１５号,2017-03-22,株式会社
株式会社Ａｘｉｓ,東京都足立区六月２丁目９番１２号,2017-03-22,株式会社
株式会社ＣＡＲＥ,東京都渋谷区広尾２丁目１番１８号,2017-03-22,株式会社
株式会社ＣＨＡＮＧＡＬＩＦＥ,神奈川県川崎市多摩区中野島４丁目５番７－２０３号,2017-03-22,株式会社
株式会社ＣＯＲＥ,東京都渋谷区本町２丁目３３番２－３０７号,2017-03-22,株式会社
株式会社ＣＵＲＩＯＮ＆Ｃｏ．,沖縄県糸満市字潮平６８４番地の８,2017-03-22,株式会社
株式会社Ｃａｆｅ５２－Ｅｎｇｌｉｓｈ　Ｅｖｅｎｔｓ　＆　Ｌｉｖｅ　Ｊａｚｚ　Ｃｏ．,東京都新宿区西新宿１丁目２６番２号新宿野村ビル３２階,2017-03-22,株式会社
株式会社Ｃｈｏｕｅｔｔｅ．,東京都渋谷区桜丘町２９番３３号,2017-03-22,株式会社
株式会社Ｃｏｎｎｅｃｔｉｏｎ,宮城県仙台市青葉区本町２丁目９－３産伸ビル２Ｆ,2017-03-22,株式会社
株式会社Ｅ・プラスト,福岡県春日市惣利４丁目８８番,2017-03-22,株式会社
株式会社Ｅ．Ｇ．Ｔ,愛知県犬山市上坂町１丁目５５番地,2017-03-22,株式会社
株式会社ＥＶＥＲ　ＧＲＥＥＮ,鹿児島県鹿屋市串良町有里８２８５－２,2017-03-22,株式会社
株式会社Ｅｎｊｏｉｔ,埼玉県さいたま市緑区大字三室１９６８番地７,2017-03-22,株式会社
株式会社ＦＪコーポレーション,東京都練馬区関町北５丁目１０番１８号,2017-03-22,株式会社
株式会社ＦＰＯ,岡山県岡山市北区平野１６６番地５,2017-03-22,株式会社
株式会社Ｆｉｘ,北海道札幌市中央区南五条西２丁目１オークラビル２階,2017-03-22,株式会社
株式会社Ｇ,兵庫県高砂市中島２丁目５番４１号,2017-03-22,株式会社
株式会社ＧＩＦＴ,神奈川県横浜市旭区市沢町８１５番地３３,2017-03-22,株式会社
株式会社ＧＰＬ,埼玉県八潮市大字大瀬２０４番地１２,2017-03-22,株式会社
株式会社Ｇｒａｃｅ　Ｌｉｎｋ　Ｅｓｔａｔｅ,大阪府大阪市城東区新喜多１丁目１番１８号,2017-03-22,株式会社
株式会社ＨＡＪＩＭＥ,埼玉県さいたま市見沼区大字南中丸３１６番地,2017-03-22,株式会社
株式会社ＨＡＲＰＥＲ,福岡県福岡市中央区今泉１丁目２番３０号,2017-03-22,株式会社
株式会社ＨＩＴ,香川県高松市井口町７番地１０－３Ｆ,2017-03-22,株式会社
株式会社ＨＫトレード,東京都国分寺市北町２丁目２６番地２－３０１号室,2017-03-22,株式会社
株式会社ＨＲＣコンサルティング,大阪府東大阪市荒本新町３番４号ＳＥＩＫＯビル,2017-03-22,株式会社
株式会社ＨＳＫ,兵庫県宝塚市安倉南１丁目２番３１号,2017-03-22,株式会社
株式会社ＨｅｙＤａｙ,新潟県柏崎市長峰町１３番８－１０１号サンピア長峰,2017-03-22,株式会社
株式会社Ｈｉｒｏきかく,山口県下松市東陽４丁目６番１０号,2017-03-22,株式会社
株式会社ＩＪキャタリスト,東京都江戸川区清新町１丁目１番３５－３０４号,2017-03-22,株式会社
株式会社ＩＳＬＥＴ,兵庫県伊丹市昆陽東６丁目８番４７号西伊丹マンション１０５号,2017-03-22,株式会社
株式会社ＪＵＮＥ＆ＢＯＮＥ,東京都渋谷区猿楽町１２－１－２棟１０６号,2017-03-22,株式会社
株式会社ＪｔｏＷ,神奈川県横浜市戸塚区名瀬町２０６０番地,2017-03-22,株式会社
株式会社ＫＧ　ｓｅｃｕｒｉｔｙ＆ｓｏｌｕｔｉｏｎ,東京都練馬区石神井台３丁目１６番１４号リーセント石神井台１０７,2017-03-22,株式会社
株式会社Ｌ＆Ｏシールド,東京都千代田区永田町２丁目１４番３号,2017-03-22,株式会社
株式会社ＬＢＫ,東京都港区高輪２丁目１４番１４号高輪グランドハイツ１Ｆ,2017-03-22,株式会社
株式会社ＬＤＨブライダルプロデュース,東京都渋谷区神宮前５丁目５１番１号,2017-03-22,株式会社
株式会社ＬＩＶＥ　ＣＲＥＡＴＥ,東京都新宿区北新宿１丁目１２番１４－２０３号,2017-03-22,株式会社
株式会社ＬＩＸＥＳ,愛知県小牧市小牧３丁目１６２番地,2017-03-22,株式会社
株式会社ＬＯＯＰ,東京都渋谷区神宮前３丁目３番７号泰平ビル４０１,2017-03-22,株式会社
株式会社Ｍ・ｍｏｓｔ,大阪府大阪市西区北堀江３丁目５番７号かほ里西ビル１階,2017-03-22,株式会社
株式会社Ｍ＆Ｓ　ＳＫＡＴ,和歌山県田辺市中辺路町川合１４９７番地,2017-03-22,株式会社
株式会社ＭＡＣＡＲＩＯ,沖縄県中頭郡北谷町美浜１丁目１番地６（１Ｆ）,2017-03-22,株式会社
株式会社ＭＩＳＡＫＩ,大分県大分市大字古国府１番地の９,2017-03-22,株式会社
株式会社ＭＹＣＩＴＹ,東京都千代田区大手町１丁目６－１大手町ビル４階ＦＩＮＯＬＡＢ,2017-03-22,株式会社
株式会社Ｍｅｇａｌｉｓ,東京都世田谷区松原１丁目５０番１５号ルポー松原Ｃ号室,2017-03-22,株式会社
株式会社Ｎ．Ｋ．Ｄ－ｃｌｕｂ,石川県加賀市作見町ニ４番地５,2017-03-22,株式会社
株式会社ＮＥＸ企業投資,東京都渋谷区渋谷２丁目１５番１号渋谷クロスタワー１４階,2017-03-22,株式会社
株式会社ＮＩＣＥ　ＤＲＥＡＭ,東京都江戸川区東松本２丁目１５番４号,2017-03-22,株式会社
株式会社ＮＳリアルエステート,東京都港区六本木４丁目８番７号,2017-03-22,株式会社
株式会社Ｎｅｘｔｅｐ’ｓ,福岡県福岡市博多区中洲４丁目１番１６号,2017-03-22,株式会社
株式会社Ｏ．Ｋセキュリティープロ,沖縄県沖縄市安慶田５丁目２番９号,2017-03-22,株式会社
株式会社ＯＷＬ,神奈川県横浜市南区三春台１１４番地１１・１０３号,2017-03-22,株式会社
株式会社Ｏｒｉｊｅｎ　ＪＡＰＡＮ,福岡県福岡市南区鶴田４丁目３番１８号４階,2017-03-22,株式会社
株式会社ＰＬＵＳ　ＯＮＥ,北海道札幌市北区北二十四条西４丁目２－６第一鶴会館１階,2017-03-22,株式会社
株式会社ＰＲＩＳＭＩＣ,東京都港区白金台３丁目２番４４号,2017-03-22,株式会社
株式会社Ｒ,大阪府大阪市西区北堀江１丁目２番１９号,2017-03-22,株式会社
株式会社Ｒ．Ｔ．ＳＴＡＦＦ,大分県大分市舞鶴町１丁目３番２０号ＳＴビル２０２,2017-03-22,株式会社
株式会社ＲＡＳＨＭＩ　ＥＮＴＥＲＰＲＩＳＥＳ,東京都江戸川区船堀２丁目６番３号,2017-03-22,株式会社
株式会社Ｒｉｃｈｅｓｓｅ,広島県広島市佐伯区旭園２７番１４号,2017-03-22,株式会社
株式会社Ｒｉｓｋ　Ｍａｎａｇｅｍｅｎｔ　Ａｄｖｉｓｏｒｓ　Ｊａｐａｎ,東京都中央区日本橋兜町１７番１号,2017-03-22,株式会社
株式会社Ｓ・Ｋ・Ｙ,千葉県市川市東菅野１丁目１４番１０号,2017-03-22,株式会社
株式会社Ｓ．Ｒ．Ｔ,茨城県つくばみらい市福田５４６番地１,2017-03-22,株式会社
株式会社ＳＡＮＡＩ,千葉県市原市出津１２６番地６,2017-03-22,株式会社
株式会社ＳＡＮＰＯＵ,兵庫県姫路市東辻井３丁目３番１８号,2017-03-22,株式会社
株式会社ＳＥＩ,千葉県流山市南流山２丁目７番地８,2017-03-22,株式会社
株式会社ＳＭＩＬＥ　ＨＡＳＨＩＭＯＴＯ　ＯＦＦＩＣＥ,東京都足立区鹿浜２丁目３１番５号,2017-03-22,株式会社
株式会社ＳｅａＳｋｙ,沖縄県那覇市おもろまち４丁目２１番３号ＮＡＫＡＭＡＴＳＵマンション６０３,2017-03-22,株式会社
株式会社Ｓｅｒｐｉｌｌｅｒｅ,栃木県宇都宮市鶴田２丁目４６番７号,2017-03-22,株式会社
株式会社Ｓｏｃｉａｌ　Ｉｎｖｅｓｔｍｅｎｔ,東京都中央区銀座７丁目１５番８号タウンハイツ銀座４０６,2017-03-22,株式会社
株式会社ＳｔａｒＤａｓｈ,兵庫県西宮市名塩さくら台１丁目１０番地７号,2017-03-22,株式会社
株式会社Ｔ　Ｃｏｒｐｏｒａｔｅ　Ｆｉｎａｎｃｅ,長崎県長崎市彦見町２番２１号,2017-03-22,株式会社
株式会社ＴＡＭＡＲＵ,宮城県石巻市鹿妻北３丁目２番１８号,2017-03-22,株式会社
株式会社ＴＭＳ,北海道札幌市中央区南二条東４丁目２番地４クリーンリバーフィネス大通東１３０５号,2017-03-22,株式会社
株式会社ＴＯＭＡ,静岡県島田市大津通８番の６,2017-03-22,株式会社
株式会社Ｕｎｋｎｏｗｎ＆Ｃｏ．,愛知県名古屋市東区泉１丁目２１－２７泉ファーストスクエア４Ｆ,2017-03-22,株式会社
株式会社Ｕｎｏ,東京都港区北青山３丁目５番１２号,2017-03-22,株式会社
株式会社Ｖｏｒｄ,東京都港区南青山２丁目２番１５号ウィン青山ＵＣＦ９１７,2017-03-22,株式会社
株式会社ＷＡＴＴＳ,茨城県日立市中丸町２丁目１９番６号,2017-03-22,株式会社
株式会社ＺＥＮＳＨＩＮ,岐阜県岐阜市金町６丁目２１番地岐阜ステーションビル８０６,2017-03-22,株式会社
株式会社ａｆｔｅｒ－ｅｎｄ,広島県尾道市天満町５番２３－１００６号,2017-03-22,株式会社
株式会社ｂａｓｉｓ,東京都渋谷区宇田川町３６番４号,2017-03-22,株式会社
株式会社ｍａｎｏ　ａ　ｍａｎｏ,東京都港区南青山２丁目２番１５号,2017-03-22,株式会社
株式会社ｍａｓｓｅｎｅｘｔ,東京都港区東麻布１丁目１０番１１号,2017-03-22,株式会社
株式会社ｍｕｌｔｉ,三重県北牟婁郡紀北町引本浦５９６番地６,2017-03-22,株式会社
株式会社ｎｉｆｅ,東京都品川区上大崎２丁目２番７－１０５号,2017-03-22,株式会社
株式会社ｐｉｃｏｔａｎ,沖縄県国頭郡恩納村字瀬良垣４６２番地１Ｆ,2017-03-22,株式会社
桂木産業株式会社,兵庫県神戸市兵庫区塚本通６丁目１番３０号リンケージⅢ５０１号,2017-03-22,株式会社
森株式会社,福井県坂井市丸岡町新九頭竜１丁目１４１,2017-03-22,株式会社
極水株式会社,大阪府泉大津市末広町１丁目４番４号,2017-03-22,株式会社
櫻華トラベル株式会社,東京都中央区日本橋浜町２丁目５５番７号日本橋パークサイドビル８階,2017-03-22,株式会社
江大合同会社,東京都渋谷区円山町２８－６サンテミリオン渋谷道玄坂１２０３号室,2017-03-22,合同会社
深谷ファーム株式会社,埼玉県深谷市大谷８７４番地,2017-03-22,株式会社
澤雨合同会社,福岡県豊前市大字恒富７７番地１,2017-03-22,合同会社
無限合同会社,東京都足立区千住中居町１９番１０号,2017-03-22,合同会社
特定非営利活動法人バリアフリー,福岡県福岡市早良区荒江３丁目１８番５－７０３号,2017-03-22,その他の設立登記法人
特定非営利活動法人北九州市の文化財を守る会,福岡県北九州市小倉北区鍛冶町１丁目７番２号,2017-03-22,その他の設立登記法人
特定非営利活動法人北海道ＣＡＰをすすめる会,北海道札幌市中央区大通西１８丁目１番９－３０５号,2017-03-22,その他の設立登記法人
特定非営利活動法人宇奈月自立塾,富山県黒部市宇奈月温泉５５０９番地１６,2017-03-22,その他の設立登記法人
特定非営利活動法人小さな天使ｃｌｕｂ,福岡県宮若市上大隈４１８番地３８,2017-03-22,その他の設立登記法人
特定非営利活動法人空き地・空き家総合相談センター,大阪府羽曳野市羽曳が丘西３丁目１－４,2017-03-22,その他の設立登記法人
特定非営利活動法人米沢猟友会,山形県米沢市大字長手字古舘山３８８３番地,2017-03-22,その他の設立登記法人
猫村不動産株式会社,東京都港区高輪３丁目２５番２２号高輪カネオビル８階,2017-03-22,株式会社
珍珍合同会社,神奈川県川崎市川崎区南町４番地１６,2017-03-22,合同会社
真生住建株式会社,岡山県津山市下田邑９５５番地２７,2017-03-22,株式会社
社会保険労務士法人アミル,広島県広島市東区光町２丁目２－１－１０３,2017-03-22,その他の設立登記法人
社会福祉法人育森会,沖縄県国頭郡恩納村字山田５２６番地,2017-03-22,その他の設立登記法人
笠瀨建塗株式会社,福岡県筑紫郡那珂川町大字別所３７９番地４８,2017-03-22,株式会社
米倉興産株式会社,熊本県葦北郡芦北町大字花岡１６６３番地７,2017-03-22,株式会社
臨床薬学研究所株式会社,大阪府大阪市都島区中野町５丁目１３番３－３１０２号,2017-03-22,株式会社
興栄商事株式会社,茨城県常総市菅生町１０３３番地１,2017-03-22,株式会社
華豊サービス合同会社,岐阜県岐阜市六条東１丁目３番２－５０３号（モアグレース六条東Ⅱ）,2017-03-22,合同会社
藤栄協同組合,千葉県市原市古市場７０番地２４－１０１号室,2017-03-22,その他の設立登記法人
西鋼業株式会社,東京都葛飾区細田５丁目１８番１４号,2017-03-22,株式会社
誠進工業株式会社,大阪府門真市大池町３３番７号,2017-03-22,株式会社
豊越自動車株式会社,東京都江東区青海２丁目７番４－０９３１号,2017-03-22,株式会社
農事組合法人なんぼの農家,滋賀県東近江市南菩提寺町７４０番地,2017-03-22,その他の設立登記法人
農業生産法人イーフ農場合同会社,沖縄県島尻郡久米島町字比嘉１６０番地の６６コーポイーフ１０１,2017-03-22,合同会社
遠洋合同会社,福島県郡山市清水台２丁目１３－２４,2017-03-22,合同会社
金星国際観光株式会社,大阪府八尾市天王寺屋１丁目５０番,2017-03-22,株式会社
金森株式会社,東京都千代田区神田練塀町６８番地ムラタヤビル１Ｆ,2017-03-22,株式会社
金海陽光生物科技株式会社,東京都新宿区西新宿７丁目２３番１０号,2017-03-22,株式会社
間野ｂｕｓｉｎｅｓｓ　ｔｒｉｐ　ｓｅｒｖｉｃｅ合同会社,神奈川県座間市入谷５丁目２５６１番地の８,2017-03-22,合同会社
阿蘇アグリ株式会社,熊本県阿蘇市蔵原８１０番地,2017-03-22,株式会社
阿蘇熊本開発株式会社,熊本県熊本市東区戸島１丁目３番２８号,2017-03-22,株式会社
青空間株式会社,福岡県福岡市博多区博多駅前３丁目９－５,2017-03-22,株式会社
靖島リフォーム株式会社,大阪府茨木市白川３丁目１番７号シャーメゾン白川１０１号,2017-03-22,株式会社
高三潴瓦工業所株式会社,熊本県宇城市小川町北新田１１７２番地１,2017-03-22,株式会社
２Ｇｏ合同会社,東京都渋谷区神宮前２丁目３４番地１０号パークハウス神宮外苑３０２号室,2017-03-22,合同会社
Ａ．Ｎ．Ｃ株式会社,東京都中央区勝どき２丁目１８番１号黎明スカイレジテル西館３階,2017-03-22,株式会社
ＡＡＭ株式会社,埼玉県三郷市鷹野２丁目２１４番地,2017-03-22,株式会社
ＡＰ　ＪＮＭＴ合同会社,東京都港区虎ノ門３丁目２２番１０－２０１号,2017-03-22,合同会社
ＡＲＦ　Ｃｏｒｐｏｒａｔｉｏｎ株式会社,大阪府東大阪市新庄西４番１０号,2017-03-22,株式会社
ＡｖｅｎｉｒＸ株式会社,東京都港区赤坂２丁目１８番１２－３階,2017-03-22,株式会社
ＢＨＵＳＡＬ合同会社,茨城県古河市諸川２５６番地２１,2017-03-22,合同会社
ＢＬＤファシリティーズ株式会社,東京都中央区銀座２丁目４番９号,2017-03-22,株式会社
ＢＲＯＳ　Ｂｒｏｋｅｒｓ株式会社,東京都港区六本木３丁目２番２号六本木グランドタワーレジデンス９０３号室,2017-03-22,株式会社
ＢＲＯＷＮＳ株式会社,大阪府泉佐野市若宮町１番１４号,2017-03-22,株式会社
Ｂｅｌｌｅｖｕｅ　Ｖｅｎｔｕｒｅ　Ｃａｐｉｔａｌ　Ｊａｐａｎ株式会社,東京都港区赤坂３丁目１５番５号６階,2017-03-22,株式会社
ＣＲＡＦＴＷＯＲＫ株式会社,東京都港区南麻布４丁目１１番１７－７０３号,2017-03-22,株式会社
ＣＲＵＺ合同会社,東京都品川区北品川１丁目２２番１７－３０７号,2017-03-22,合同会社
ＤＲＥＡＭ合同会社,埼玉県川口市芝新町９番３号,2017-03-22,合同会社
ＥＲＴｒａｄ株式会社,福岡県宗像市自由ヶ丘２丁目８番地１０,2017-03-22,株式会社
ＥＳＴ株式会社,愛知県名古屋市中川区山王２丁目６番,2017-03-22,株式会社
ＥＳＴＯＮ株式会社,東京都千代田区三崎町３丁目７番１２号,2017-03-22,株式会社
Ｆ１ソーラー合同会社,東京都港区赤坂６丁目２番１２－６０４号,2017-03-22,合同会社
Ｆ２ソーラー合同会社,東京都港区赤坂６丁目２番１２－６０４号,2017-03-22,合同会社
ＦＯＣＵＳ株式会社,愛知県豊田市大林町２丁目１０番地,2017-03-22,株式会社
ＦＯＲＵＭ合同会社,埼玉県川口市並木４丁目４番３－２０２号,2017-03-22,合同会社
Ｆｏｏｔｐｒｉｎｔ　Ｔｅｃｈｎｏｌｏｇｉｅｓ株式会社,東京都千代田区九段南３丁目５番１４号国総ビル２階,2017-03-22,株式会社
ＧＮＤ株式会社,東京都新宿区富久町１５－１－２５１６,2017-03-22,株式会社
ＧＰＦＳ１合同会社,東京都港区芝２丁目３番１８号ＹＭ芝公園ビル３階,2017-03-22,合同会社
ＧＲＥＥＮＳＴＥＫ　ＪＡＰＡＮ株式会社,千葉県八千代市上高野１２３６番地１１,2017-03-22,株式会社
Ｈ．Ｓ．Ｒ株式会社,神奈川県相模原市中央区星が丘４丁目１６番１号スガハイム４０１,2017-03-22,株式会社
ＨＦＧサポート株式会社,大阪府大阪市中央区南船場２丁目１１番１６号,2017-03-22,株式会社
ＨＫ工業合同会社,岩手県盛岡市三本柳９地割２５番地４１,2017-03-22,合同会社
Ｉｎｓｔａｎｔ　ｇｌｏｂａｌ　ｇｒｏｕｐ株式会社,東京都港区三田１丁目２番１８号ＴＴＤビル,2017-03-22,株式会社
Ｊ・Ｎｅｘｔ合同会社,愛知県日進市浅田平子２丁目３００番地ガーデンハイツベル３０２,2017-03-22,合同会社
Ｊ＆Ｊ　ＢＲＯＴＨＥＲＳ　ＨＯＬＤＩＮＧＳ　ＰＴＹ．ＬＴＤ．,岡山県岡山市東区藤井２４６番地１,2017-03-22,外国会社等
Ｋ１ソーラー合同会社,東京都港区赤坂６丁目２番１２－６０４号,2017-03-22,合同会社
ＫＮ株式会社,東京都新宿区大久保１丁目１０番２０号－１０２,2017-03-22,株式会社
Ｌｏｔｕｓ　Ｓｅｒｖｉｃｅｓ合同会社,北海道札幌市中央区北二条西２丁目３２番地第３７桂和ビル６０６号,2017-03-22,合同会社
ＭＩＨＡ株式会社,東京都港区南青山３丁目１番３号,2017-03-22,株式会社
ＮＰＯ法人スポーツと食で健康を普及させる会,兵庫県神戸市西区井吹台東町２丁目１番地２－３１６号,2017-03-22,その他の設立登記法人
ＮＰＯ法人熊本県就農支援機関協議会,熊本県合志市栄３８０２番地の４,2017-03-22,その他の設立登記法人
ＰＲＯＴＯＮ株式会社,沖縄県那覇市銘苅２丁目５番１３号－５０１,2017-03-22,株式会社
ＲＲＭ　Ｃｏｍｐａｎｙ株式会社,東京都港区西新橋３丁目１７番７号,2017-03-22,株式会社
Ｒｉｃｅ　Ｒｉｃｈ株式会社,大阪府茨木市若園町３６番３号,2017-03-22,株式会社
Ｓスタイル株式会社,愛知県豊橋市白河町２０番地５,2017-03-22,株式会社
ＳＩＬＣ－Ｊａｐａｎ株式会社,東京都中央区八丁堀１丁目１３番１０号,2017-03-22,株式会社
ＳＫＫ２４株式会社,大阪府大阪市中央区西心斎橋１丁目６番６号,2017-03-22,株式会社
ＳＰＦ工業株式会社,愛知県岡崎市滝町字根張沢４８番地３,2017-03-22,株式会社
ＳＳＴリサーチ株式会社,福島県福島市飯坂町字十綱町１番地の２,2017-03-22,株式会社
Ｓｈｏｒａｉ　Ｃｏｍｐａｓｓ合同会社,東京都新宿区高田馬場１丁目３１番８－７２４号,2017-03-22,合同会社
Ｓｕｇｉ　Ｎａｎｏ　Ｃａｒｂｏｎ　Ｔｅｃｈｎｏｌｏｇｙ合同会社,埼玉県さいたま市岩槻区大字浮谷２２９０,2017-03-22,合同会社
ＴＨＡＰＡ　ＩＮＴＥＲＮＡＴＩＯＮＡＬ合同会社,神奈川県横須賀市根岸町３丁目１５番１－３０１号,2017-03-22,合同会社
ＴＯＢＵ株式会社,兵庫県西宮市神園町２番６１号,2017-03-22,株式会社
ＴＯＫＹＯテックラボ合同会社,東京都目黒区上目黒１丁目２６番１－２２０６号中目黒アトラスタワー,2017-03-22,合同会社
ＴＹ企画合同会社,沖縄県那覇市辻２丁目９番地２３号,2017-03-22,合同会社
ＴＹＣ株式会社,山形県最上郡戸沢村大字神田８１３番地７,2017-03-22,株式会社
Ｕ－ＳＴＡＲ合同会社,東京都千代田区岩本町１丁目３－１,2017-03-22,合同会社
ＷＯＲＬＤ合同会社,埼玉県川口市並木４丁目４番３－２０２号,2017-03-22,合同会社
Ｗａｔｓｏｎ　Ｃｒｉｃｋ合同会社,東京都港区虎ノ門５丁目１３番１号虎ノ門４０ＭＴビル７階,2017-03-22,合同会社
ｄｏｔ　ｂｕｔｔｏｎ　ｃｏｍｐａｎｙ株式会社,東京都世田谷区池尻２丁目４番５－ＩＩＤ３０９Ｂ号,2017-03-22,株式会社
ｉｓｌａｎｄ　Ｐａｉｎｔ株式会社,静岡県袋井市葵町１丁目２番地の８,2017-03-22,株式会社
「肥前窯業圏」活性化推進協議会,佐賀県佐賀市城内１丁目１－５９,2017-03-23,その他
あぶくま南風力発電合同会社,東京都品川区大崎１丁目６番１号ＴＯＣ大崎ビルディング,2017-03-23,合同会社
いと株式会社,京都府京都市上京区武者小路通り室町西入る武者小路町４４８,2017-03-23,株式会社
げんきだま株式会社,東京都新宿区西新宿６丁目２０番７号コンシェリア西新宿ＴＯＷＥＲ’ＳＷＥＳＴ２階１号室,2017-03-23,株式会社
やまぐち建築工房株式会社,神奈川県相模原市中央区小山３丁目４番６号,2017-03-23,株式会社
アクア合同会社,大阪府八尾市水越４丁目１１１番地,2017-03-23,合同会社
アグリスマイル合同会社,神奈川県相模原市緑区名倉２６０７番地８,2017-03-23,合同会社
アンビエンテ合同会社,東京都品川区西五反田４丁目１１番２号,2017-03-23,合同会社
エクサケア株式会社,東京都中央区銀座７丁目１３番６号サガミビル２階,2017-03-23,株式会社
エスケイ・ラボ株式会社,神奈川県茅ヶ崎市南湖２丁目１１番５号,2017-03-23,株式会社
オークケミカル株式会社,東京都台東区上野３丁目１５番７号寿ビル２階,2017-03-23,株式会社
オーチャード株式会社,東京都豊島区南池袋１丁目８番２１号コアプラス池袋１階,2017-03-23,株式会社
カイロス株式会社,東京都世田谷区玉川４丁目３番１０－３０２号,2017-03-23,株式会社
キアフ株式会社,東京都港区浜松町２丁目２番１５号,2017-03-23,株式会社
グランデ株式会社,東京都台東区台東１丁目３３番６号セントオフィス秋葉原９０２,2017-03-23,株式会社
ケイテック合同会社,山形県西村山郡河北町西里２６３７番地の１,2017-03-23,合同会社
サウスバンク合同会社,東京都品川区東品川３丁目８番８号,2017-03-23,合同会社
サントレイド株式会社,千葉県船橋市浜町２丁目３－３５－２１１０室,2017-03-23,株式会社
サークルズ協同組合,山口県萩市大字上小川東分２５６番地,2017-03-23,その他の設立登記法人
スペシャリティー・ＴＯＫＹＯ株式会社,東京都渋谷区神宮前１丁目１１番１１－４０２号,2017-03-23,株式会社
スマイトピクチャーズ合同会社,東京都渋谷区渋谷２丁目１０番１５号エキスパートオフィス渋谷１００６号室,2017-03-23,合同会社
スマートデイズ株式会社,東京都葛飾区東金町３丁目２２番７号,2017-03-23,株式会社
タイガーゲイトキャピタル合同会社,東京都港区虎ノ門４丁目１番３４－４００４号,2017-03-23,合同会社
ダイト株式会社,岡山県加賀郡吉備中央町上竹１７３８－６,2017-03-23,株式会社
ティー・ワイ・グローバル合同会社,東京都中央区銀座５丁目６番１２号,2017-03-23,合同会社
トート株式会社,神奈川県横浜市鶴見区本町通４丁目１７１番地４６,2017-03-23,株式会社
ハズビーン合同会社,東京都大田区大森西２丁目３０番９－２０４号,2017-03-23,合同会社
バリオスター株式会社,東京都武蔵野市吉祥寺北町４丁目６番６号,2017-03-23,株式会社
バーゼル株式会社,東京都豊島区南池袋１丁目８番２１号コアプラス池袋１階,2017-03-23,株式会社
パシフィック・アライアンス総研株式会社,東京都新宿区市谷本村町２番６エステムプラザ市谷外濠公園１３０２号,2017-03-23,株式会社
ヒロズサービス合同会社,神奈川県相模原市南区東林間１丁目２１番３０号,2017-03-23,合同会社
フォレストビル株式会社,広島県広島市東区牛田新町１丁目３番４１号,2017-03-23,株式会社
フォース株式会社,東京都渋谷区東２丁目２４番６号２階,2017-03-23,株式会社
フレームワークス株式会社,東京都千代田区有楽町１丁目１２番１号,2017-03-23,株式会社
ブリッジ・エンタテインメント株式会社,岩手県盛岡市上田１丁目１８番６２号,2017-03-23,株式会社
プリマインド株式会社,東京都港区麻布十番２丁目７番５－３０１号,2017-03-23,株式会社
プリムラフィナンシャル株式会社,大阪府大阪市東淀川区下新庄５丁目２４－４ノーム下新庄１Ｆ,2017-03-23,株式会社
ペリドット合同会社,東京都千代田区神田神保町１丁目１０５番地,2017-03-23,合同会社
ライフスター株式会社,埼玉県川口市芝樋ノ爪２丁目２番１５号ジュネパレス芝１０３,2017-03-23,株式会社
ライフワン株式会社,東京都目黒区上目黒２丁目１番１号,2017-03-23,株式会社
リンク合同会社,東京都世田谷区上祖師谷５丁目２番１８号ヒミコマンション２０１,2017-03-23,合同会社
リードジャパン株式会社,大阪府大阪市東住吉区杭全２丁目２番２１－１００２号,2017-03-23,株式会社
ロータスセント合同会社,東京都文京区大塚２丁目１４番１号,2017-03-23,合同会社
ワンフォーオール株式会社,東京都新宿区霞ヶ丘町４番１号,2017-03-23,株式会社
一般社団法人きーず企画,愛知県西尾市吉良町吉田宮腰３４番地,2017-03-23,その他の設立登記法人
一般社団法人くらまえ潮会,神奈川県逗子市桜山９丁目２番２２号,2017-03-23,その他の設立登記法人
一般社団法人エア奄美支援連盟,東京都千代田区三崎町２丁目４番１号１１Ｆ,2017-03-23,その他の設立登記法人
一般社団法人タイニータウン,愛知県名古屋市守山区大字下志段味字長根１５６９番地,2017-03-23,その他の設立登記法人
一般社団法人京都市伏見歯科医師会,京都府京都市伏見区今町６５９番地１,2017-03-23,その他の設立登記法人
一般社団法人全国子ども子育て支援会,佐賀県三養基郡上峰町大字坊所９５４番地３,2017-03-23,その他の設立登記法人
一般社団法人厚生増進会,大阪府大阪市中央区谷町５丁目６番１２号,2017-03-23,その他の設立登記法人
一般社団法人天翔福祉会,宮崎県宮崎市霧島３丁目３８番地２,2017-03-23,その他の設立登記法人
一般社団法人島根里山千年グランドガーデン,島根県益田市薄原町ロ１９３番地続３,2017-03-23,その他の設立登記法人
一般社団法人日中化粧品・健康食品事業促進協会,埼玉県川口市本町４丁目５番２６－１９０７号,2017-03-23,その他の設立登記法人
一般社団法人日本インバウンドビジネス協会,東京都豊島区高田３丁目２１番２号,2017-03-23,その他の設立登記法人
一般社団法人日本内臓ヨガ協会,神奈川県横浜市港北区篠原東３丁目６番２号イーストコート妙蓮寺２０１号室,2017-03-23,その他の設立登記法人
一般社団法人日本再生大和会,神奈川県川崎市高津区坂戸２丁目７番１－２２０号室,2017-03-23,その他の設立登記法人
一般社団法人森の京都地域振興社,京都府亀岡市追分町谷筋２５番地３０,2017-03-23,その他の設立登記法人
一般社団法人美杉の森ワンダーランド,三重県津市美杉町下之川５０３８番地,2017-03-23,その他の設立登記法人
一般社団法人花岡児童総合研究所,東京都三鷹市上連雀４丁目１６番１５号,2017-03-23,その他の設立登記法人
一般社団法人ＣＡＲＴＩＶＡＴＯＲ　Ｒｅｓｏｕｒｃｅ　Ｍａｎａｇｅｍｅｎｔ,東京都新宿区大久保３丁目８番地１－１４０４号,2017-03-23,その他の設立登記法人
一般社団法人ＭＨインベストメント,東京都中央区日本橋茅場町２丁目４番８号,2017-03-23,その他の設立登記法人
一般財団法人国際教育交流基金,東京都港区赤坂７丁目３番３７号,2017-03-23,その他の設立登記法人
一般財団法人日本発電機整備振興会,大阪府大阪市中央区南船場４丁目１１番２８号,2017-03-23,その他の設立登記法人
中島交通システム協同組合,福島県西白河郡中島村大字滑津字二ツ山２０－４番地,2017-03-23,その他の設立登記法人
五環実業株式会社,東京都足立区千住緑町１丁目２１番１０－２０８号,2017-03-23,株式会社
五躍株式会社,東京都豊島区池袋４丁目３番６号オークヒルズ２０５号,2017-03-23,株式会社
佐藤建設合同会社,北海道標津郡中標津町字豊岡１２２１番地２,2017-03-23,合同会社
公文工業株式会社,東京都稲城市東長沼３３６－１－３０２号,2017-03-23,株式会社
加藤創建株式会社,兵庫県西宮市津門川町１０番２－１０１号,2017-03-23,株式会社
北日本都市再生合同会社,福島県郡山市静町１３番２９号,2017-03-23,合同会社
医療法人あさの歯科,愛知県名古屋市南区豊２丁目３４０９番地,2017-03-23,その他の設立登記法人
医療法人修亜会,神奈川県横浜市港北区日吉本町１丁目２２番９号浅間ビル２階,2017-03-23,その他の設立登記法人
医療法人四つ葉,福岡県福岡市南区長丘２丁目１２番２４号,2017-03-23,その他の設立登記法人
医療法人平林眼科,神奈川県相模原市南区相模大野３丁目２番地１号ｂｏｎｏ相模大野ノースモール５階,2017-03-23,その他の設立登記法人
医療法人社団恵有会,神奈川県横浜市青葉区奈良町１８０２番地,2017-03-23,その他の設立登記法人
医療法人社団正桜会,神奈川県藤沢市湘南台２丁目１０番地の１２グラン・コスタ湘南５階５０１号室,2017-03-23,その他の設立登記法人
医療法人社団純正会,神奈川県横浜市泉区和泉町３３４番地１２,2017-03-23,その他の設立登記法人
医療法人社団Ｏｒａｆ,静岡県藤枝市田沼２丁目１５番３１号,2017-03-23,その他の設立登記法人
医療法人薦乙会,愛知県名古屋市中区金山１丁目１３番地１８ベルデマーレビル５Ｆ,2017-03-23,その他の設立登記法人
千代田ホールディングス株式会社,北海道札幌市西区西町南１丁目２番１号,2017-03-23,株式会社
博多物産合同会社,福岡県糟屋郡志免町別府北４丁目５番１０号,2017-03-23,合同会社
合同会社おおとり商事,三重県三重郡菰野町大字菰野１１０７番地５ホープタウン２Ｆ,2017-03-23,合同会社
合同会社ともえみ,東京都豊島区駒込６丁目３４番５号１０１号,2017-03-23,合同会社
合同会社みらい,神奈川県横浜市鶴見区寺谷１丁目６番７号,2017-03-23,合同会社
合同会社アイシーユー,大分県佐伯市大字長谷１０７６３番地７,2017-03-23,合同会社
合同会社アシストグリーンリース,福岡県久留米市北野町高良１４３７番地１－１,2017-03-23,合同会社
合同会社ウィーンズ,兵庫県神戸市灘区赤松町２丁目３番２９号,2017-03-23,合同会社
合同会社エステート・ネットワーク,東京都足立区島根３丁目１７番１－３０４号,2017-03-23,合同会社
合同会社エーライフ,東京都品川区北品川１丁目９番７号トップルーム品川１０１５号,2017-03-23,合同会社
合同会社オフィスグローイング,兵庫県川西市萩原台西１丁目３４０番地,2017-03-23,合同会社
合同会社カトレア,福岡県福岡市城南区長尾１丁目３番３３号,2017-03-23,合同会社
合同会社カネショウ,新潟県新潟市北区下大谷内１６７２番地１５,2017-03-23,合同会社
合同会社グラトニーキャピタル,東京都中央区銀座７丁目１３番６号サガミビル２階,2017-03-23,合同会社
合同会社グリーン．ダーナ,大分県大分市大字永興１３４１番地の１,2017-03-23,合同会社
合同会社サポートジャパン,東京都府中市若松町１丁目１３番地の１０,2017-03-23,合同会社
合同会社サヴィンドゥオートマート,千葉県船橋市宮本５丁目３番８号大神宮坂上ハイツ２０１号,2017-03-23,合同会社
合同会社スロースキャピタル,東京都中央区銀座７丁目１３番６号サガミビル２階,2017-03-23,合同会社
合同会社セダーバック,東京都港区南青山２丁目２番１５号ウィン青山１２１４号,2017-03-23,合同会社
合同会社タニャポーン,岐阜県高山市花岡町１丁目１５番地３,2017-03-23,合同会社
合同会社チェスナット,神奈川県相模原市中央区すすきの町１７番３１－１号,2017-03-23,合同会社
合同会社ツルウチ,福岡県北九州市小倉南区守恒１丁目１５番６号,2017-03-23,合同会社
合同会社ティアフォー・マネジメント,愛知県名古屋市中区丸の内２丁目１７番１２号丸の内エステートビル,2017-03-23,合同会社
合同会社フロンティア,東京都新宿区西新宿４丁目２９番２号ヴィエッティ西新宿５Ｆ,2017-03-23,合同会社
合同会社プロヴィデンス,東京都江東区東雲１丁目９番４１－１８０８号,2017-03-23,合同会社
合同会社ヘアケアサロンＣｏｇｉｃ,群馬県太田市大原町１２２６番地３７,2017-03-23,合同会社
合同会社ホップステップランド,東京都町田市旭町１丁目１１番１６号,2017-03-23,合同会社
合同会社リビングプラス,東京都中央区東日本橋２丁目２８番４号日本橋ＣＥＴビル２階,2017-03-23,合同会社
合同会社リフル,東京都足立区島根３丁目１２番５号,2017-03-23,合同会社
合同会社ルノーズ,千葉県千葉市緑区鎌取町２８１７番地１８,2017-03-23,合同会社
合同会社レイアップ,東京都足立区小台１丁目５番３号田端北スカイハイツ５０１,2017-03-23,合同会社
合同会社前田事務所,福岡県福岡市南区鶴田１丁目１番２１－２０５号,2017-03-23,合同会社
合同会社堀江工業,埼玉県川口市大字道合５８番地の４,2017-03-23,合同会社
合同会社将美建,兵庫県加古川市尾上町口里４７９番地の１Ｍプラザ加古川五番館３０２号,2017-03-23,合同会社
合同会社居城グループ,栃木県栃木市湊町１２番２０号,2017-03-23,合同会社
合同会社市川プロパティ,千葉県千葉市緑区おゆみ野中央１丁目１２番地２５６,2017-03-23,合同会社
合同会社彩美,宮城県仙台市太白区西中田５丁目１０番２８号ディアス西中田Ｂ棟２０１,2017-03-23,合同会社
合同会社溝上農園,熊本県阿蘇市波野大字小地野１１６０番地２,2017-03-23,合同会社
合同会社畑本工業,北海道札幌市白石区北郷五条６丁目４番２８号,2017-03-23,合同会社
合同会社藤正商会,東京都墨田区両国２丁目１１－１０ＳＫＹレンタルオフィス両国２－１３,2017-03-23,合同会社
合同会社音楽生活,東京都世田谷区中町２丁目３８番１号,2017-03-23,合同会社
合同会社１００８,大阪府大阪市生野区生野西４丁目１－３１,2017-03-23,合同会社
合同会社ＡＬＯＣＡ,東京都練馬区三原台２丁目８番１６号,2017-03-23,合同会社
合同会社ＢＥＡＭ,青森県青森市新町２丁目８番２１号新町マンション３０６,2017-03-23,合同会社
合同会社Ｃ＆Ｃコーポレーション,神奈川県横浜市金沢区釜利谷東１丁目４５番８号,2017-03-23,合同会社
合同会社ＣＨフロンティア,東京都新宿区西新宿４丁目２９番２号ヴィエッティ西新宿５Ｆ,2017-03-23,合同会社
合同会社ＤＫＴ,東京都渋谷区恵比寿南３丁目７番１８号,2017-03-23,合同会社
合同会社ＤＭＢＳ,大阪府大阪市中央区安土町２丁目２番１５号,2017-03-23,合同会社
合同会社Ｆｏｍａｌｈａｕｔ,東京都中央区新川２丁目８番４号ナカリンオートビル３階,2017-03-23,合同会社
合同会社ＧＡＺＯＯＢＡ,群馬県前橋市富士見町原之郷６５０番地１,2017-03-23,合同会社
合同会社ＧＫ０１０,東京都港区虎ノ門３丁目２２番１０－２０１号,2017-03-23,合同会社
合同会社ＨＡＮＹ,埼玉県熊谷市上之８９９番地１４,2017-03-23,合同会社
合同会社ＨＡＰＰＹ　ＢＲＡＮＤ,神奈川県横浜市中区石川町２丁目６２番ＮＩＣビル１０１号,2017-03-23,合同会社
合同会社ＨＹＰＥＲ　ＮＯＭＡＤ,兵庫県神戸市中央区磯辺通３丁目１番２号,2017-03-23,合同会社
合同会社Ｋオフィス,香川県高松市松縄町３４番地７ＡＰＦＥＬ松縄２０５,2017-03-23,合同会社
合同会社Ｍ＆Ｋコーポレーション,東京都世田谷区上北沢３丁目２１番２１号,2017-03-23,合同会社
合同会社ＭＹバリューパートナーズ,東京都中央区湊１丁目８番１１号,2017-03-23,合同会社
合同会社ＯＣＥＡＮ,栃木県足利市上渋垂町２４６番地６,2017-03-23,合同会社
合同会社Ｐｒｏｓｐｅｒｉｔｙ,神奈川県川崎市多摩区菅北浦３丁目１１番４号,2017-03-23,合同会社
合同会社ＰｒｏｔｏＡｓｉａ,京都府京都市南区東九条明田町７番地４２７,2017-03-23,合同会社
合同会社ＲＥＩＭＡＸ,福岡県久留米市東町５番地７スコーレ久留米７０１号,2017-03-23,合同会社
合同会社ｂａｋｏｐａ,東京都中央区銀座７丁目１３番６号サガミビル２階,2017-03-23,合同会社
合資会社田辺塗装店,福島県いわき市泉町滝尻字泉町６６番地,2017-03-23,合資会社
坂東市太陽光発電所合同会社,神奈川県横浜市金沢区片吹５４番９２号,2017-03-23,合同会社
天行健株式会社,東京都墨田区東向島６丁目２－１,2017-03-23,株式会社
学校法人福岡聖マリア学園,福岡県福岡市中央区浄水通６－２８カトリック福岡司教館,2017-03-23,その他の設立登記法人
安鑫貿易株式会社,東京都足立区千住緑町１丁目２１番１０号,2017-03-23,株式会社
小渓合同会社,埼玉県富士見市鶴瀬西３丁目１－４－１０４室,2017-03-23,合同会社
川口機工株式会社,兵庫県尼崎市南塚口町６丁目９番１,2017-03-23,株式会社
広建興業株式会社,東京都江戸川区西葛西５丁目１１番１１号司ビル３階,2017-03-23,株式会社
彩生工房株式会社,宮崎県宮崎市田代町３２番地２ＩＢＬＤ,2017-03-23,株式会社
日本同心医療合同会社,兵庫県神戸市中央区港島中町３丁目２番地の１、６３棟１２０８号,2017-03-23,合同会社
日本ＭＴＩサービス株式会社,東京都台東区浅草５丁目４６番９号,2017-03-23,株式会社
昌喜興産株式会社,沖縄県宜野湾市愛知２丁目１８番１４－６０３号Ｓｕｎｌｉｔ,2017-03-23,株式会社
明幸電機株式会社,兵庫県多可郡多可町加美区寺内１１３番地,2017-03-23,株式会社
春之商事合同会社,東京都港区浜松町２丁目７番９号,2017-03-23,合同会社
有限会社鈴木石油,富山県高岡市姫野字小円坊２８６番地,2017-03-23,有限会社
村山建設工業株式会社,北海道札幌市白石区（札幌市菊水北町七丁目２２番地）,2017-03-23,株式会社
東福興業株式会社,千葉県白井市堀込１丁目６番５号,2017-03-23,株式会社
柊コンサルタント合同会社,三重県四日市市西日野町１６４５番地２４,2017-03-23,合同会社
株式会社あいじょう不動産,愛知県名古屋市北区紅雲町２９番地の２,2017-03-23,株式会社
株式会社あおもり白神水産,青森県西津軽郡深浦町大字関字栃沢９２番地２７,2017-03-23,株式会社
株式会社おおすみ美食市場,鹿児島県鹿屋市上高隈町１９１０番地３,2017-03-23,株式会社
株式会社かばさんキャリア,埼玉県草加市高砂１丁目６番２８号,2017-03-23,株式会社
株式会社さくらい,静岡県静岡市葵区古庄２丁目１５番９号,2017-03-23,株式会社
株式会社だいすＫコーポレーション,東京都三鷹市井の頭５丁目８番地３１号リッツコートⅡ２０３号室,2017-03-23,株式会社
株式会社どりゅう,愛知県名古屋市瑞穂区塩入町１２番１号,2017-03-23,株式会社
株式会社ひろみ桜桃農耕,愛媛県北宇和郡鬼北町大字奈良２９２６番地,2017-03-23,株式会社
株式会社みずほｉＣａｒｅホールディングス,千葉県成田市郷部１２６２－２,2017-03-23,株式会社
株式会社みやび総合企画,埼玉県川口市前川２丁目１６番２号,2017-03-23,株式会社
株式会社みんと企画,大阪府八尾市木の本２丁目１２１番地の５,2017-03-23,株式会社
株式会社ゆうゆう,大阪府富田林市向陽台２丁目２番１５号,2017-03-23,株式会社
株式会社わさら,兵庫県神戸市須磨区友が丘９丁目２６０３番地の８５Ｆ－５０２号,2017-03-23,株式会社
株式会社アイジャスト,東京都墨田区菊川３丁目１４番６－１０６号,2017-03-23,株式会社
株式会社アイディーケー,愛知県名古屋市西区上名古屋２丁目２１番２５号,2017-03-23,株式会社
株式会社アインチン,北海道札幌市東区北四十四条東１３丁目４番１０号,2017-03-23,株式会社
株式会社アカシテクノコンサルティング,神奈川県横浜市西区楠木町１番地３ＢＬＤ横浜西口ビル７Ｆ,2017-03-23,株式会社
株式会社アクシス,神奈川県川崎市高津区新作２丁目１３番９－２号,2017-03-23,株式会社
株式会社アクセス,東京都品川区西五反田２丁目５番１号,2017-03-23,株式会社
株式会社アクト,千葉県四街道市大日３５８番地９,2017-03-23,株式会社
株式会社アタゴ,長崎県佐世保市愛宕町１１１番地４１,2017-03-23,株式会社
株式会社アドラボラトリー,福岡県福岡市中央区白金１丁目１０番２７－１０３号,2017-03-23,株式会社
株式会社アンプラグド,東京都墨田区業平４丁目２番９号,2017-03-23,株式会社
株式会社アーク,大阪府大阪市住之江区北加賀屋２丁目１２番７－３０１号,2017-03-23,株式会社
株式会社イデア企画,島根県出雲市大社町杵築南１３８３番地５,2017-03-23,株式会社
株式会社イミカ,神奈川県横浜市磯子区洋光台５丁目６番２９－５０６号,2017-03-23,株式会社
株式会社イル・グリーチネ,東京都大田区多摩川１丁目２４番１９号,2017-03-23,株式会社
株式会社インデックス,山梨県南都留郡富士河口湖町船津３０２８番地３,2017-03-23,株式会社
株式会社インフォ,東京都豊島区東池袋１丁目４２番１９号,2017-03-23,株式会社
株式会社インフォプロモーション,東京都港区南青山２丁目２番１５号,2017-03-23,株式会社
株式会社イーテック,高知県南国市大埇甲７２６番地８,2017-03-23,株式会社
株式会社イーライズ,神奈川県横浜市都筑区北山田５丁目４番１４号,2017-03-23,株式会社
株式会社エクリュ,東京都大田区東雪谷３丁目１１番６号,2017-03-23,株式会社
株式会社エトワール北野,大阪府堺市中区深井北町８番地１,2017-03-23,株式会社
株式会社エムズ・コンサル,北海道札幌市豊平区月寒東四条９丁目６番１１－６０２,2017-03-23,株式会社
株式会社エム・ワイ・エム,大阪府岸和田市土生町５丁目４番２４号,2017-03-23,株式会社
株式会社オーガスタ大阪,東京都渋谷区渋谷１丁目８番３号ＴＯＣビル３０２,2017-03-23,株式会社
株式会社オールラウンド,東京都江東区豊洲３丁目６番８－２４０７号,2017-03-23,株式会社
株式会社カギの防犯屋,神奈川県綾瀬市寺尾中４丁目１９番２４号,2017-03-23,株式会社
株式会社カタセル,東京都品川区中延６丁目１０番２０号ＢｉＧマンション３０５,2017-03-23,株式会社
株式会社キネティックサイス,神奈川県横浜市神奈川区片倉５丁目７番１８号,2017-03-23,株式会社
株式会社キメコマ,東京都足立区大谷田３丁目１番１５号亀有ダイヤモンドマンション１１２号室,2017-03-23,株式会社
株式会社クリエイティブ・アリタ,佐賀県西松浦郡有田町赤坂丙２３５１番地１７０,2017-03-23,株式会社
株式会社クリバヤシ・ファーム,愛媛県東温市田窪２１２８番地１,2017-03-23,株式会社
株式会社クレシア,広島県東広島市黒瀬町宗近柳国２０１５番地２,2017-03-23,株式会社
株式会社クーネルスタイル,神奈川県茅ヶ崎市白浜町６番３０号,2017-03-23,株式会社
株式会社グランドフリート,東京都荒川区南千住３丁目２３番１７号Ｃｕｒｖｅ南千住００５,2017-03-23,株式会社
株式会社グランハーツ,東京都港区六本木４丁目８番１号,2017-03-23,株式会社
株式会社グローバルビジネス戦略,東京都港区北青山１丁目４番４号,2017-03-23,株式会社
株式会社ケイエムジーテクニカ,神奈川県相模原市中央区田名２４６３番地の４,2017-03-23,株式会社
株式会社ケイテン,福岡県小郡市三沢７５番地１５,2017-03-23,株式会社
株式会社ケンハウス,神奈川県相模原市中央区大野台３丁目４番４号,2017-03-23,株式会社
株式会社ココ不動産,石川県白山市茶屋２丁目１１４番地１,2017-03-23,株式会社
株式会社サンフレッシュ,愛知県一宮市多加木１丁目１６番３１号,2017-03-23,株式会社
株式会社シェイク・インクローク,大阪府堺市南区槇塚台３丁２９番２４号,2017-03-23,株式会社
株式会社シャイル,千葉県流山市西初石６丁目１番地の６３,2017-03-23,株式会社
株式会社シルバー,大阪府大阪市平野区長吉川辺３丁目１７番２９号,2017-03-23,株式会社
株式会社ジーズ・サンブレーン,東京都新宿区若葉１丁目６番１号,2017-03-23,株式会社
株式会社セレクトアドバンス,東京都台東区池之端１丁目１番２号ウスダムコーヅ池之端ハイツ６０６,2017-03-23,株式会社
株式会社セレクトワーク大宝,福井県大野市吉２７号１番地,2017-03-23,株式会社
株式会社ソクセツ,大阪府大阪狭山市今熊７丁目１８９番地の１－Ｂ－１４１９号室,2017-03-23,株式会社
株式会社タツミ,東京都文京区千石３丁目９番２－４０８号,2017-03-23,株式会社
株式会社ツースタイル,栃木県小山市城山町２丁目６番４９号鈴やマンション３０２,2017-03-23,株式会社
株式会社データ・クォリティー,神奈川県横浜市中区本牧和田３番１４号,2017-03-23,株式会社
株式会社ネクストスタイル,東京都渋谷区代々木１丁目５５番１４号,2017-03-23,株式会社
株式会社ハイプラスティックス,東京都新宿区西新宿８丁目１９番１３号,2017-03-23,株式会社
株式会社ハイ・パレス・キャッスル,沖縄県浦添市経塚１丁目１６番１７号,2017-03-23,株式会社
株式会社ハルズワークス,東京都墨田区石原３丁目３３番１１号,2017-03-23,株式会社
株式会社ヒロエンジニアリング,京都府京都市西京区桂稲荷山町１８番地５,2017-03-23,株式会社
株式会社ヒーリングウエーブ,埼玉県川口市大字西立野７８８番地,2017-03-23,株式会社
株式会社ビーダッシュ,群馬県高崎市栄町１８番８号,2017-03-23,株式会社
株式会社ピンクマーメイド,沖縄県国頭郡恩納村字真栄田２７０５番地１,2017-03-23,株式会社
株式会社ピー・エス・ジー,千葉県松戸市小根本５２番地の１,2017-03-23,株式会社
株式会社ファーストイノベーション,京都府京都市伏見区深草枯木町３４番地５,2017-03-23,株式会社
株式会社ファーストキャビン開発,東京都千代田区紀尾井町３番１２号,2017-03-23,株式会社
株式会社プラスト,大阪府大阪市中央区難波１丁目６番５号,2017-03-23,株式会社
株式会社プレスト,東京都渋谷区桜丘町３０番１２号,2017-03-23,株式会社
株式会社プロフェスコミュニティ,東京都港区六本木１丁目７番２８号落合麻布台ビル,2017-03-23,株式会社
株式会社プロヴォーク,東京都中央区銀座２丁目１２番３号,2017-03-23,株式会社
株式会社ベアリーフコンサルティング,熊本県熊本市中央区本山２丁目６番３９号,2017-03-23,株式会社
株式会社ホープフル未来社,東京都足立区谷中４丁目１４番４－３０４号,2017-03-23,株式会社
株式会社マツカワホールディングス,熊本県玉名郡和水町内田１０８３番地１,2017-03-23,株式会社
株式会社マルカワ川村水産,北海道根室市穂香１３番地３,2017-03-23,株式会社
株式会社マルタケホーム札幌,北海道札幌市東区北十三条東１６丁目４番１－１０１,2017-03-23,株式会社
株式会社マルミツ工業,静岡県静岡市駿河区下川原６丁目９番２２－３０５号,2017-03-23,株式会社
株式会社ミロク,東京都小平市小川町１丁目３９０番地２第一宮寺ビル,2017-03-23,株式会社
株式会社モグマグ,北海道札幌市中央区南十八条西１４丁目１番３２－５,2017-03-23,株式会社
株式会社モト・グラッツェ,静岡県焼津市中新田２８８番地,2017-03-23,株式会社
株式会社モリセイ,山口県下関市藤附町８番１－２０７号,2017-03-23,株式会社
株式会社ユーアイサービス,兵庫県三木市志染町広野６丁目１２４番地の６,2017-03-23,株式会社
株式会社ユースプライム,東京都新宿区戸山２丁目４番３０９号,2017-03-23,株式会社
株式会社ヨシトミ,福島県郡山市久留米４丁目２３０番地２,2017-03-23,株式会社
株式会社ライジングジャパン,福岡県福岡市中央区天神１丁目９－１７福岡天神フコク生命ビル１５階,2017-03-23,株式会社
株式会社リアルエステート,東京都中央区八丁堀１丁目１３番１０号,2017-03-23,株式会社
株式会社リウォード,兵庫県西宮市野間町４番３２－６０２号,2017-03-23,株式会社
株式会社リブートプロ,埼玉県さいたま市見沼区東大宮４丁目４番１号２階,2017-03-23,株式会社
株式会社リーダー,沖縄県那覇市首里石嶺町４丁目２４５番地グランヒルＫ２０７,2017-03-23,株式会社
株式会社ルタン,大阪府大阪市阿倍野区阪南町５丁目２番３０号,2017-03-23,株式会社
株式会社ループ,神奈川県座間市南栗原２丁目１番５５－８０３号ディースクエアさがみ野,2017-03-23,株式会社
株式会社レグルス,大阪府大阪市西区西本町１丁目７番２１号,2017-03-23,株式会社
株式会社レッドホライゾンズ,奈良県生駒市壱分町１４５８番地１４６,2017-03-23,株式会社
株式会社ワタナベ,北海道札幌市白石区中央三条３丁目４番３号,2017-03-23,株式会社
株式会社ワントックジャパン,長崎県長崎市赤迫１丁目１番３号,2017-03-23,株式会社
株式会社ワークサポート,沖縄県糸満市西崎町５丁目９番地１８,2017-03-23,株式会社
株式会社ワークス小熊,埼玉県さいたま市見沼区大字蓮沼１７８３番地１号,2017-03-23,株式会社
株式会社ヴィスタス,埼玉県所沢市美原町１丁目２９２６番地の１０－３０１,2017-03-23,株式会社
株式会社一心興業,宮城県富谷市鷹乃杜４丁目２２番６号,2017-03-23,株式会社
株式会社三ツ矢不動産リアルター,兵庫県加古川市野口町二屋１６番地１,2017-03-23,株式会社
株式会社中央日本ネットワークス,大阪府大阪市大正区千島２丁目５番１３号,2017-03-23,株式会社
株式会社中島土木,兵庫県伊丹市口酒井１丁目４番４１号,2017-03-23,株式会社
株式会社中村水産,大阪府茨木市宮島１丁目１番１号,2017-03-23,株式会社
株式会社人見商店,神奈川県藤沢市亀井野３丁目２５番地の５,2017-03-23,株式会社
株式会社会津喜多方グローバル倶楽部,福島県喜多方市字二丁目４６６２番地,2017-03-23,株式会社
株式会社俊インベストメント,福岡県福岡市中央区大名２丁目１１番２２号,2017-03-23,株式会社
株式会社光床,神奈川県横浜市鶴見区馬場３丁目１０番２８号コーポ三沢２０５号室,2017-03-23,株式会社
株式会社光洋,神奈川県三浦郡葉山町堀内１００５番地の１フォルム葉山５０５号,2017-03-23,株式会社
株式会社共永社,埼玉県川口市西青木２丁目１番４－７０５号,2017-03-23,株式会社
株式会社凌雲,大阪府大阪市西成区天神ノ森２丁目１番１９号天神ノ森マンション３０６号室,2017-03-23,株式会社
株式会社北雄ホールディングス,北海道札幌市豊平区豊平四条９丁目２番１８号,2017-03-23,株式会社
株式会社十方,大阪府東大阪市御厨南２丁目１番４５号富士ビル２０３号,2017-03-23,株式会社
株式会社古田土組,大阪府大阪市東成区東小橋１丁目１７－３２セザール玉造４０１号,2017-03-23,株式会社
株式会社大佑建設,大阪府大阪市東成区東中本１丁目１６番１６号,2017-03-23,株式会社
株式会社大村寿司なるみ本舗,長崎県大村市植松３丁目８５７番地２,2017-03-23,株式会社
株式会社大菱レジデンス,福岡県福岡市中央区舞鶴１丁目９番３号,2017-03-23,株式会社
株式会社富士商事,神奈川県川崎市幸区矢上１番６号ツインフラッツ１０３,2017-03-23,株式会社
株式会社寺尾工業,大阪府大阪市西成区南津守３丁目７番２号,2017-03-23,株式会社
株式会社小板橋組,東京都目黒区目黒本町５丁目１０番９号,2017-03-23,株式会社
株式会社岩永建設,東京都板橋区三園１丁目２０番１２号ラルジュ山下３０５,2017-03-23,株式会社
株式会社島田林業,宮崎県串間市大字奈留１６４９番地,2017-03-23,株式会社
株式会社川上,東京都港区新橋３丁目１１番１号－７階,2017-03-23,株式会社
株式会社幸真,千葉県流山市大字流山２４９３番地ニックハイム南流山３０４,2017-03-23,株式会社
株式会社広和,青森県青森市奥野４丁目５番２０号,2017-03-23,株式会社
株式会社志賀通信,大阪府大阪市平野区喜連１丁目４番５号,2017-03-23,株式会社
株式会社愛,東京都江戸川区南葛西５丁目１３番１４号,2017-03-23,株式会社
株式会社成和キッズアカデミー,広島県広島市西区三篠町２丁目４番１８号,2017-03-23,株式会社
株式会社成樹会,徳島県徳島市助任橋１丁目２２番地渭水ビル２階,2017-03-23,株式会社
株式会社斧田,沖縄県国頭郡本部町字東２１７番地,2017-03-23,株式会社
株式会社日新工業,兵庫県尼崎市建家町１９番１号,2017-03-23,株式会社
株式会社日本刀柴田,東京都渋谷区代々木２丁目２１番１１号ベルテ代々木Ⅱ４０４,2017-03-23,株式会社
株式会社日本興産,静岡県沼津市岡宮１２５６番地の１,2017-03-23,株式会社
株式会社明笑福,京都府京都市西京区嵐山内田町３番地１６,2017-03-23,株式会社
株式会社星野電設,埼玉県新座市畑中２丁目１４番７号,2017-03-23,株式会社
株式会社暖暮歩,長崎県長崎市富士見町１１番９号,2017-03-23,株式会社
株式会社札建機工,北海道札幌市東区北九条東１０丁目３番７３号,2017-03-23,株式会社
株式会社杉本興業,大阪府和泉市箕形町１丁目１－２,2017-03-23,株式会社
株式会社東昇テック,埼玉県さいたま市浦和区北浦和１丁目２４番１１号,2017-03-23,株式会社
株式会社松,沖縄県宜野湾市愛知３丁目１番２７号,2017-03-23,株式会社
株式会社松希ホールディングス,愛知県一宮市せんい２丁目１番２号,2017-03-23,株式会社
株式会社松本工業,福島県いわき市勿来町窪田外城９０番地,2017-03-23,株式会社
株式会社松葉総合サービス,東京都足立区六木４丁目９番１４号,2017-03-23,株式会社
株式会社柳迫鉄筋工業,大阪府大阪市旭区新森５丁目１３番２５号コージーコート１０２,2017-03-23,株式会社
株式会社武井,神奈川県川崎市宮前区土橋２丁目１番地１５オークボマンション３０３,2017-03-23,株式会社
株式会社水海道第一ホテル,茨城県常総市水海道宝町２７１８番地,2017-03-23,株式会社
株式会社永和,東京都中央区晴海５丁目１番９号,2017-03-23,株式会社
株式会社江戸金商店,茨城県下妻市下妻乙４９番地２,2017-03-23,株式会社
株式会社池角興業,長崎県長崎市永田町１９５６番地,2017-03-23,株式会社
株式会社河合鈑金,愛知県稲沢市六角堂西町３丁目３番地２２,2017-03-23,株式会社
株式会社河田工業,埼玉県さいたま市中央区本町西３丁目１４番４号,2017-03-23,株式会社
株式会社浪花建装,大阪府大阪市城東区鴫野東３丁目２０番１４号,2017-03-23,株式会社
株式会社温恵,大分県別府市上原町８番１８号,2017-03-23,株式会社
株式会社瀧光産業,広島県福山市大門町大門３３１０番地サンスマイル大門１０２,2017-03-23,株式会社
株式会社田村測建,千葉県市川市新田２丁目３３番３－１０２号,2017-03-23,株式会社
株式会社畑山工業,東京都練馬区石神井町６丁目２６番１８－５０２号,2017-03-23,株式会社
株式会社的野設備企画,埼玉県所沢市小手指町１丁目７番地小手指ハイツＣ４０５,2017-03-23,株式会社
株式会社皆工房,沖縄県豊見城市字与根５６０番地２,2017-03-23,株式会社
株式会社神谷,岐阜県岐阜市鷺山新町１番１－１０３号,2017-03-23,株式会社
株式会社福山興業,神奈川県横浜市金沢区六浦２丁目１１番１１－１０１号,2017-03-23,株式会社
株式会社竹村氷店,東京都品川区大崎５丁目７番３号スカイコート品川大崎１０１,2017-03-23,株式会社
株式会社緑川工業,埼玉県大里郡寄居町大字寄居１１８番地３,2017-03-23,株式会社
株式会社縁ブリッジ,東京都墨田区業平４丁目２番９－２０１号,2017-03-23,株式会社
株式会社義川技建,大阪府大阪市生野区巽東１丁目３番１０号アーバンライフ巽４０１号室,2017-03-23,株式会社
株式会社薫誠,大阪府大阪市住之江区浜口西１丁目１４番１０号ＬＵＮＡ・ＰＩＥＮＡ浜口西２０３,2017-03-23,株式会社
株式会社西村牧場,青森県八戸市大字鮫町字古馬屋２３番地５９０,2017-03-23,株式会社
株式会社谷垣商事,京都府福知山市字篠尾４２３番地,2017-03-23,株式会社
株式会社趣味なび,東京都港区芝浦４丁目５番９号ＴＨＥＨＡＲＢＯＵＲＳＨＩＢＡＵＲＡ３０２号室,2017-03-23,株式会社
株式会社輝,神奈川県秦野市ひばりケ丘７番３号,2017-03-23,株式会社
株式会社野口屋,宮城県仙台市宮城野区田子西３丁目２番地の１,2017-03-23,株式会社
株式会社銀ノ月,宮城県仙台市青葉区国分町２丁目１２番５号,2017-03-23,株式会社
株式会社鐘の音社,東京都世田谷区大原１丁目２５番４号モンド大原ビル４Ｆ,2017-03-23,株式会社
株式会社高森塗装,岡山県総社市長良３１８番地３,2017-03-23,株式会社
株式会社鶴橋,大分県別府市山の手町１１番２０号,2017-03-23,株式会社
株式会社龍君,山口県下関市秋根本町２丁目１０番１０号,2017-03-23,株式会社
株式会社３ＭＢＹ,東京都新宿区舟町１０番地１０,2017-03-23,株式会社
株式会社ＡＣクォリティー,千葉県習志野市谷津５丁目３０番１８号ジュネパレス津田沼第３２、１０１号,2017-03-23,株式会社
株式会社ＡＫＡＭＡ,兵庫県三木市志染町西自由が丘２丁目２７番地６－３０１,2017-03-23,株式会社
株式会社ＡＭＥＳ,沖縄県浦添市沢岻１丁目４６番５号,2017-03-23,株式会社
株式会社Ａｖａｎｔｉ,愛知県名古屋市中区栄４丁目２番２０号松岡ビルＢ１Ｆ,2017-03-23,株式会社
株式会社ＢＩＮＯＶＡ,福岡県福岡市中央区今泉１丁目１２番８号,2017-03-23,株式会社
株式会社ＢＪ,京都府京都市西京区山田御道路町２０番地,2017-03-23,株式会社
株式会社Ｂｕｅｎａ　Ｖｉｓｔａ,東京都江戸川区西小岩４丁目５番２５号Ｋ・ＦＬＡＴＳ・Ａ２０１号室,2017-03-23,株式会社
株式会社Ｃｏｃｏｒｏ,岩手県盛岡市下太田下川原１２－１ライフマンションＣ棟１０５号,2017-03-23,株式会社
株式会社Ｃｒｅａｔｅ　ｔｈｅ　Ｆｕｔｕｒｅ,滋賀県彦根市西葛籠町５３１番地２,2017-03-23,株式会社
株式会社ＤＥＳＩＧＮ　Ｉｒｉｓ,東京都渋谷区恵比寿西１丁目１３番５号ブラッサム大六天４Ｆ,2017-03-23,株式会社
株式会社ＥＡＴＳ＆ＰＡＲＴＮＥＲＳ,東京都渋谷区神宮前６丁目３５番３号,2017-03-23,株式会社
株式会社ＥＸｃｅｅｄ,埼玉県富士見市東みずほ台１丁目４番地１サニークレストみずほ台２０１,2017-03-23,株式会社
株式会社Ｇトレーディング,埼玉県熊谷市銀座１丁目１２３番地４ＫＩビル４０２,2017-03-23,株式会社
株式会社ＧＩＦＴ,千葉県佐倉市石川２８５番地１ＳＶ．スプリングランドＦ１０１,2017-03-23,株式会社
株式会社Ｇｏｌｄ　Ｊ＆Ｋ,大阪府大阪市東成区中本１丁目１１番１９号ネオ緑橋ハイツ２０６号,2017-03-23,株式会社
株式会社Ｇｏｏｄ　Ｓｈａｒｅ,埼玉県ふじみ野市亀久保１丁目５番２号,2017-03-23,株式会社
株式会社Ｇｏｕｒｄ,埼玉県さいたま市大宮区浅間町１丁目８５番５号,2017-03-23,株式会社
株式会社Ｇｒａｎｄ　ａｍｏｒｅ,神奈川県横浜市都筑区桜並木４番１０号,2017-03-23,株式会社
株式会社ＨＩＭＥ,埼玉県本庄市児玉町児玉１４１５番地,2017-03-23,株式会社
株式会社ＩＤＥＡ,愛媛県伊予郡松前町大字浜４７７番地,2017-03-23,株式会社
株式会社ＪＡＰＡＮ　ＡＬＬ　ＴＲＡＤＩＮＧ,千葉県柏市大井５４５,2017-03-23,株式会社
株式会社ＪＨ　ＴＲＡＤＥ,福岡県福岡市博多区博多駅東１丁目１２－１７,2017-03-23,株式会社
株式会社ＪＩＳＯＵ　Ｅｎｔｅｒｐｒｉｓｅ,東京都新宿区市谷甲良町２番１４号１００６室,2017-03-23,株式会社
株式会社ＫＫＨ,東京都大田区大森中１丁目９番３号田中マンション２０１,2017-03-23,株式会社
株式会社ＫＳプロパティーズ,東京都港区南青山２丁目２番１５－８２５号,2017-03-23,株式会社
株式会社ＫＴトラスト,神奈川県小田原市栄町１丁目５－１－７０９,2017-03-23,株式会社
株式会社Ｋａｙパーソナルサービス,東京都中野区中央５丁目１７番２３号,2017-03-23,株式会社
株式会社Ｋｅｅｐ　ｌｏｏｋｉｎｇ,東京都渋谷区広尾３丁目１番２２号,2017-03-23,株式会社
株式会社ＬＩＢＥＲＤＡＤＥ,千葉県木更津市八幡台７丁目１８番７号,2017-03-23,株式会社
株式会社Ｍ＆Ｙ　ＡＧＥＮＤＡ,愛知県名古屋市北区下飯田町２丁目２２番地,2017-03-23,株式会社
株式会社ＭＥＬＯＮＥ,東京都世田谷区梅丘２丁目２３番１８号,2017-03-23,株式会社
株式会社ＭＯＴＯＦＵＮ,兵庫県加古郡稲美町下草谷３７８番地の８９,2017-03-23,株式会社
株式会社Ｍｏｖｉｎｇ　Ｖｉｌｌａｇｅ,北海道札幌市中央区南六条西１０丁目１０２５番地２ローレル６・１０－４０２号,2017-03-23,株式会社
株式会社ＮＥＷ－Ｓ,大阪府大阪市淀川区東三国６丁目２３番１３号,2017-03-23,株式会社
株式会社Ｎｏｖｅｌｌａ,東京都中央区銀座８丁目６番８号,2017-03-23,株式会社
株式会社Ｏ＆Ｌ,千葉県八千代市勝田台１丁目２７番地３１,2017-03-23,株式会社
株式会社ＯＭＮＩＳ,東京都中央区銀座８丁目１６番１０号,2017-03-23,株式会社
株式会社ＰＲ,青森県黒石市緑ケ丘２５番地,2017-03-23,株式会社
株式会社Ｐｌａｎｔ　Ｖｉｌｌａｇｅ,大阪府堺市堺区榎元町３丁２番６号中村ビル３階３号,2017-03-23,株式会社
株式会社ＲＡＤＩＭＯ,東京都渋谷区千駄ヶ谷３丁目３番３エグゼクティブ原宿２０１号,2017-03-23,株式会社
株式会社ＲＥＡＬ　Ｈ,東京都品川区荏原６丁目１１番１０号,2017-03-23,株式会社
株式会社ＲＫ,埼玉県上尾市大字上尾下７０３番地１,2017-03-23,株式会社
株式会社Ｒｅ－ｃｏｒｅ,京都府八幡市上奈良宮ノ東１８番地の４,2017-03-23,株式会社
株式会社Ｓセキュリティ,大阪府東大阪市若江西新町２丁目７番１３号Ａ棟１０２号,2017-03-23,株式会社
株式会社Ｓ＆Ｓ,東京都江戸川区南小岩８丁目９番１０号フローラレジデンス３０２,2017-03-23,株式会社
株式会社ＳＢＳ　ｇｒｏｗｉｎｇ,東京都世田谷区三宿１丁目３番１９－３０５号,2017-03-23,株式会社
株式会社ＳＫＹ,東京都中央区日本橋馬喰町１丁目４－１４－３０９,2017-03-23,株式会社
株式会社ＳＲＨ,大分県大分市中央町２丁目８番７号,2017-03-23,株式会社
株式会社Ｓｅｉｓｈｉｎ,香川県観音寺市池之尻町１１０１番地２４,2017-03-23,株式会社
株式会社Ｓｈａｒｅ　Ｃｌａｐｐｉｎｇ　Ｆｕｋｕｏｋａ,広島県広島市中区三川町５番８号,2017-03-23,株式会社
株式会社Ｓｏｃｉａｌ　Ｕｎｉｏｎ,埼玉県さいたま市北区日進町２丁目８６３番地１リブリＦａｉｒｙＷｏｏｄ２０８,2017-03-23,株式会社
株式会社Ｓｔｕｔｔｅｒｉｎｇ,岐阜県岐阜市北鶉４丁目１７番地１（Ｐ・ＷＡＶＥ４１７－３Ｄ号室）,2017-03-23,株式会社
株式会社Ｓｕｎ．ｐｒｏｊｅｃｔ,東京都目黒区目黒２丁目１４番１３－６０２号,2017-03-23,株式会社
株式会社ＴＡＣＫ＆Ｃｏ．,東京都江東区豊洲５丁目５番１－３６０７号,2017-03-23,株式会社
株式会社ＴＥＲＵ　ＴＡＢＬＥ,東京都渋谷区神南１丁目４番１０号,2017-03-23,株式会社
株式会社ＴＨＥ１１３４,兵庫県神戸市中央区中山手通１丁目２番１号ケンワビル５Ｆ,2017-03-23,株式会社
株式会社Ｔｈｒｅｅ　Ｂａｃｋ,福岡県福岡市中央区港１丁目４番６－８０２号,2017-03-23,株式会社
株式会社Ｔｏｏｔｈｙ,東京都中央区日本橋２丁目２番３号ＲＩＳＨＥビルＵＣＦ４Ｆ,2017-03-23,株式会社
株式会社Ｔｗｉｎｋｌｅ,東京都豊島区東池袋３丁目２１番２１－３１０４号,2017-03-23,株式会社
株式会社ＷＥＥＤ,東京都調布市多摩川１丁目１２番地２４,2017-03-23,株式会社
株式会社ＺＥＮ,大阪府岸和田市門前町２丁目９番１７号,2017-03-23,株式会社
株式会社Ｚｉｏｎ　Ｄｉｎｉｎｇ,神奈川県横浜市西区浅間町４丁目３４２番地１リステージ横浜浅間町５０５号,2017-03-23,株式会社
株式会社ａｌｎｉｃｏ,東京都江戸川区西瑞江４丁目２０番地３－２０６,2017-03-23,株式会社
株式会社ｃｏ・ｐａｉｎ,島根県江津市和木町６０５番地４,2017-03-23,株式会社
株式会社ｃｏｃｏＲｏｉｋｉ,東京都港区麻布十番３丁目１０番８号,2017-03-23,株式会社
株式会社ｅｎｃｈａｎｔｅ,東京都世田谷区池尻３丁目２１番２号アドルク２０４,2017-03-23,株式会社
株式会社ｅｎｖｅ　ｍａｎａｇｅｍｅｎｔ,東京都渋谷区神宮前２丁目１８番１５号ワンエイスビル３階,2017-03-23,株式会社
株式会社ｆｏｒｔｕｎａ,東京都八王子市東町１２番５号ＮＳビル７Ｆ,2017-03-23,株式会社
株式会社ｇｏｏｄ－ｆｕｒｎａｃｅ,大阪府大阪市大正区泉尾１丁目３３番４号,2017-03-23,株式会社
株式会社ｉＭＥＣ,兵庫県神戸市西区桜が丘中町５丁目３番地の８,2017-03-23,株式会社
株式会社ｔｉｅｓ,東京都北区東十条２丁目５番９－７０５号,2017-03-23,株式会社
桜エンジニアリング株式会社,埼玉県さいたま市緑区馬場１丁目２５番地１２,2017-03-23,株式会社
森茂株式会社,東京都板橋区坂下１丁目２８番２号,2017-03-23,株式会社
武藤株式会社,佐賀県佐賀市中の館町１２番５１号,2017-03-23,株式会社
深圳凱達株式会社,東京都中央区八丁堀４丁目１４－１ライオンズマンション八丁堀７０５号,2017-03-23,株式会社
特定非営利活動法人こうせん,大阪府堺市中区小阪３８５－４,2017-03-23,その他の設立登記法人
特定非営利活動法人りんごの木,福島県福島市御山字下川原２０番地の７,2017-03-23,その他の設立登記法人
特定非営利活動法人アンジェラ,北海道岩内郡岩内町字万代１２番地１１,2017-03-23,その他の設立登記法人
特定非営利活動法人インクルーシヴ・ジャパン,愛媛県伊予郡松前町大字徳丸字松ノ西１２０８番地４,2017-03-23,その他の設立登記法人
特定非営利活動法人カプラン・ファースト,埼玉県さいたま市緑区大字中尾６６６番地２６,2017-03-23,その他の設立登記法人
特定非営利活動法人プラスチックフリージャパン,神奈川県鎌倉市御成町１２番８号ノア鎌倉１Ｆ,2017-03-23,その他の設立登記法人
特定非営利活動法人ワンワンレスキュー,愛知県名古屋市中区松原２丁目２２番３０号トーカンマンション第１松原１階,2017-03-23,その他の設立登記法人
特定非営利活動法人地域防災ネット推進プロジェクト,愛知県知立市西中町跡落５４番地２１,2017-03-23,その他の設立登記法人
特定非営利活動法人広島県中国人観光客添乗員サービス協会,広島県広島市中区広瀬北町８番１８号,2017-03-23,その他の設立登記法人
特定非営利活動法人明るい生活,鳥取県米子市車尾２丁目２番地３２,2017-03-23,その他の設立登記法人
特定非営利活動法人環白山保護利用管理協会,石川県白山市鶴来本町４丁目５番地３号,2017-03-23,その他の設立登記法人
特定非営利活動法人荒新切遺跡公園推進プロジェクト,愛知県知立市西中町跡落５４番地２１,2017-03-23,その他の設立登記法人
特定非営利活動法人輝き,福島県双葉郡川内村大字上川内字町分３６８番地,2017-03-23,その他の設立登記法人
特定非営利活動法人Ｐｅａｃｅ　Ｃｕｌｔｕｒｅ　Ｖｉｌｌａｇｅ,広島県三次市甲奴町福田２６番地,2017-03-23,その他の設立登記法人
環宇工業合同会社,埼玉県草加市金明町４８４番地１－１１３号,2017-03-23,合同会社
相続・遺言相談プラザ合同会社,神奈川県藤沢市藤沢４６２番地の２８－５階,2017-03-23,合同会社
社会保険労務士法人パーソネル綜合事務所,東京都千代田区内幸町１丁目３番１号,2017-03-23,その他の設立登記法人
社会福祉法人さくら福祉会,福島県福島市上鳥渡字樋ノ口北５２番地,2017-03-23,その他の設立登記法人
社会福祉法人大地の杜福祉会,沖縄県国頭郡本部町字野原２７７番地,2017-03-23,その他の設立登記法人
群青商事株式会社,東京都台東区台東１丁目２９番３－３１３号,2017-03-23,株式会社
聚＿会産業株式会社,香川県綾歌郡綾川町滝宮２７０６番地３,2017-03-23,株式会社
華能国際株式会社,東京都豊島区池袋３丁目４４番１２号池袋サンホワイト４０２Ｐ,2017-03-23,株式会社
藤本電気工業株式会社,兵庫県神戸市須磨区須磨浦通５丁目１－１４,2017-03-23,株式会社
行政書士法人新潟合同事務所,新潟県新潟市中央区東大通１丁目１番１５号,2017-03-23,その他の設立登記法人
農事組合法人岡井戸ファーム,秋田県潟上市昭和豊川岡井戸字前田５３番地１,2017-03-23,その他の設立登記法人
農事組合法人高清水,青森県十和田市大字相坂字高清水４番地１,2017-03-23,その他の設立登記法人
釧路倶楽部合同会社,北海道釧路市大町１丁目１番１１号ベイサイドビル,2017-03-23,合同会社
鈴木商事合同会社,三重県三重郡菰野町大字音羽５９４番地１,2017-03-23,合同会社
関石油商会株式会社,大阪府高槻市岡本町３７番１０号,2017-03-23,株式会社
隠れた森合同会社,東京都港区南麻布５丁目２番１１号悠,2017-03-23,合同会社
雲川株式会社,神奈川県横浜市中区長者町８丁目１３１番地３,2017-03-23,株式会社
飛揚株式会社,東京都世田谷区経堂５丁目１３番１０号アルト経堂２０２,2017-03-23,株式会社
鳥羽パール太陽光発電所合同会社,東京都千代田区三番町７番地１,2017-03-23,合同会社
７７０Ｉｍｐｏｒｔｓ合同会社,東京都港区赤坂２丁目２３番１号アークヒルズフロントタワー,2017-03-23,合同会社
ＡＤＩ．Ｇ少額短期設立準備株式会社,東京都渋谷区広尾５丁目２３番５号,2017-03-23,株式会社
ＡＫインターナショナル協同組合,愛知県名古屋市港区小川１丁目１７番地,2017-03-23,その他の設立登記法人
ＡＰ　ＪＮＲＰ合同会社,東京都港区虎ノ門３丁目２２番１０－２０１号,2017-03-23,合同会社
ＡＰ　ＪＮＲＰ特定目的会社,東京都港区虎ノ門３丁目２２番１０－２０１号,2017-03-23,その他の設立登記法人
ＡＴＥＬＩＥＲ　ＴＳＵＹＯＳＨＩ　ＴＡＮＥ　ＡＲＣＨＩＴＥＣＴＳ株式会社,東京都杉並区井草１丁目２８番２号,2017-03-23,株式会社
ＡｉＣ合同会社,北海道札幌市清田区平岡二条３丁目６番１２－１３０３号,2017-03-23,合同会社
Ａｐｐ　Ｆａｃｔｏｒｙ株式会社,大阪府大阪市北区梅田１丁目１番３大阪駅前第３ビル２３０７,2017-03-23,株式会社
ＢＯＴＥＪＹＵ　Ｇｒｏｕｐホールディングス株式会社,大阪府大阪市西成区岸里東２丁目１番１１号,2017-03-23,株式会社
ＢＵＢＵＷＯＲＫＳ合同会社,福島県田村郡三春町桜ケ丘３丁目３番地１１,2017-03-23,合同会社
Ｄ＆Ｃサービス株式会社,東京都杉並区浜田山３丁目２０番７号,2017-03-23,株式会社
ＤＬ　ＪＡＰＡＮ合同会社,埼玉県川口市飯塚１丁目２番１６号１Ｆ－１１,2017-03-23,合同会社
ＤｏｕｂｌｅＹ株式会社,神奈川県横須賀市粟田１丁目１８番１９号,2017-03-23,株式会社
Ｅａｓｔ　Ｍｅｅｔｓ　Ｗｅｓｔ　Ｉｎｔｅｒｎａｔｉｏｎａｌ株式会社,東京都千代田区一番町２３番地２番町ロイヤルコート９０５号,2017-03-23,株式会社
ＦＭシステム合同会社,大阪府大阪市平野区喜連５丁目４番２９号,2017-03-23,合同会社
Ｇ　Ｅｎｔｅｒｐｒｉｓｅ株式会社,沖縄県那覇市小禄５丁目１３番地１０,2017-03-23,株式会社
Ｈ＆Ｆパートナーズ株式会社,東京都八王子市東浅川町７５６番地１５４,2017-03-23,株式会社
ＨＡＲＵＴＯ株式会社,大阪府大阪市平野区平野馬場１丁目７番１０号,2017-03-23,株式会社
ＨＯＲＩＺＯＮ株式会社,千葉県松戸市上本郷１４７０番地の８,2017-03-23,株式会社
Ｈｕａｙｉｎｇ　Ｊａｐａｎ株式会社,東京都港区西麻布３丁目１７番３１号,2017-03-23,株式会社
ＩＧＫ株式会社,東京都小平市小川町１丁目４２７番地の９１,2017-03-23,株式会社
ＩＴＡ合同会社,東京都江戸川区西葛西５丁目６番７号,2017-03-23,合同会社
ＪＥＲＡパワー横須賀合同会社,東京都中央区日本橋２丁目７番１号,2017-03-23,合同会社
ＪＭヘルスケア合同会社,新潟県新潟市秋葉区荻野町８番１２号,2017-03-23,合同会社
ＫＪＭ合同会社,愛知県東海市名和町北本郷乙１番地,2017-03-23,合同会社
ＫＳＳ株式会社,東京都江戸川区東松本１丁目８番２号１階,2017-03-23,株式会社
ＬｉｎＸ株式会社,東京都中央区佃２丁目１番１－２０１号,2017-03-23,株式会社
Ｌｉｔｔｌｅ　ＶｉｅｔＮａｍ合同会社,埼玉県蕨市北町１丁目１６番１２号本田マンション１号棟４１１号室,2017-03-23,合同会社
Ｍ＆Ｙ株式会社,大阪府池田市渋谷２丁目２番６号,2017-03-23,株式会社
ＭＷプロ合同会社,千葉県千葉市稲毛区長沼町２５４番地１６,2017-03-23,合同会社
Ｍｉ　Ｃａｓａ合同会社,福岡県福岡市中央区天神２丁目３番１０－７１６号,2017-03-23,合同会社
ＰＡＩＮＴ－ＪＡＰＡＮ株式会社,福島県伊達市保原町字西町１６４番地１,2017-03-23,株式会社
ＰＯＲＴＲＡＣＴ　ＤＥＳＩＧＮ株式会社,東京都練馬区東大泉５丁目４０番３５号学園シティハイムＢ１０３,2017-03-23,株式会社
ＰＲＡＳＵＢ　ＴＲＡＤＩＮＧ株式会社,埼玉県戸田市大字新曽１８７－１－１０２,2017-03-23,株式会社
ＱＹ国際貿易株式会社,宮城県仙台市宮城野区原町２丁目３番５８号Ｋ－ＢＬＤ．５Ｆ,2017-03-23,株式会社
ＳＫＹ合同会社,東京都千代田区丸の内１丁目８番３号,2017-03-23,合同会社
Ｓｅｉｋｅｎ　ｅ‐Ｇａｒａｇｅ株式会社,神奈川県大和市深見西６丁目７番５号,2017-03-23,株式会社
Ｔ＆Ｕ合同会社,大阪府大阪市淀川区木川東３丁目５－２１第三丸善ビル７階Ｅ,2017-03-23,合同会社
ＷＩＬＬ　ＭＡＬＬ株式会社,大阪府泉佐野市上之郷２３１２番地の１,2017-03-23,株式会社
Ｙマネジメント株式会社,東京都台東区千束２丁目２４番１－１００１号,2017-03-23,株式会社
ＺＥＲＯシステムズ株式会社,福岡県福岡市西区小戸３丁目４０番２８号,2017-03-23,株式会社
ｄｓｇａｒａｇｅ株式会社,神奈川県大和市南林間２丁目１９－１０,2017-03-23,株式会社
ｔｏｃｏｈａｎａ　ｐｒｏｊｅｃｔ株式会社,福岡県福岡市中央区舞鶴１丁目５番６号,2017-03-23,株式会社
ｙｓｉ株式会社,東京都大田区上池台５丁目６番３号,2017-03-23,株式会社
えこぶ合同会社,神奈川県大和市柳橋５丁目９番地４セザール桜ケ丘２０５号,2017-03-24,合同会社
さがみ福祉サービス株式会社,神奈川県相模原市南区相模大野５丁目２６番地１２－２０１,2017-03-24,株式会社
アマレ株式会社,東京都台東区上野５丁目１２番９号第３江波戸ビル３０１,2017-03-24,株式会社
イエローバード合同会社,岐阜県本巣市海老２８番地,2017-03-24,合同会社
ウーハンテクノロジー株式会社,東京都中央区銀座８丁目４番２号ワタナベファーストビルＢ１Ｆ,2017-03-24,株式会社
ウーバーテクニカルマネジメント合同会社,東京都江戸川区東小岩５丁目１５番４号,2017-03-24,合同会社
エイセイ商事株式会社,大阪府高槻市柱本３丁目２１番８号,2017-03-24,株式会社
エコスポート株式会社,東京都江東区深川２丁目１１番２号,2017-03-24,株式会社
エスワン工業株式会社,山形県酒田市亀ケ崎３丁目３番４４号,2017-03-24,株式会社
エルピス合同会社,鹿児島県鹿屋市札元２丁目３７５６番地１,2017-03-24,合同会社
エレソル販売株式会社,東京都渋谷区渋谷３丁目２７番１１号祐真ビル新館９階,2017-03-24,株式会社
エンパワー・ニッポン合同会社,兵庫県神戸市中央区北野町２丁目１２番４号,2017-03-24,合同会社
オータホー株式会社,大分県宇佐市安心院町南畑３３９８番地,2017-03-24,株式会社
キャスバー株式会社,東京都新宿区歌舞伎町１丁目１２番９号,2017-03-24,株式会社
グロース商事株式会社,東京都足立区西新井本町１丁目２１番１６号,2017-03-24,株式会社
サンズコンサルティング合同会社,東京都墨田区江東橋２丁目３番１１号ベルナ錦糸町６階,2017-03-24,合同会社
サンワークス株式会社,愛知県知立市新林町茶野１番地５,2017-03-24,株式会社
シナモンリアルティ特定目的会社,東京都千代田区丸の内３丁目１番１号東京共同会計事務所内,2017-03-24,その他の設立登記法人
シャーズジャパン株式会社,茨城県常総市向石下２２４番地１ミチコーポ１０１,2017-03-24,株式会社
スリーティコンサルティング合同会社,千葉県千葉市美浜区真砂４丁目１番２号,2017-03-24,合同会社
タクミ工業株式会社,大阪府大阪市西淀川区大和田６丁目２番１８号,2017-03-24,株式会社
テイル株式会社,静岡県浜松市中区西浅田１丁目１０番３０号,2017-03-24,株式会社
トラスト秋田合同会社,秋田県秋田市御所野元町６丁目１番５号,2017-03-24,合同会社
ナカタケトレーディング株式会社,東京都江東区住吉２丁目７番１１号,2017-03-24,株式会社
ビバイス株式会社,東京都北区赤羽１丁目６０番地８号キャズルマンション赤羽１Ｆ,2017-03-24,株式会社
ファースト合同会社,愛知県春日井市惣中町３丁目１１番地,2017-03-24,合同会社
フォルトゥナ株式会社,福岡県福岡市博多区祇園町１－４０,2017-03-24,株式会社
プライム株式会社,東京都港区港南４丁目６番６－２７０４号,2017-03-24,株式会社
プラス株式会社,広島県広島市安佐南区緑井４丁目９番７号,2017-03-24,株式会社
プロミネンス潮見開発株式会社,岐阜県加茂郡八百津町潮見字桜ケ根１５０番地の１,2017-03-24,株式会社
マイプロ株式会社,愛知県名古屋市中区丸の内１丁目１０番２９号白川第８ビル１階,2017-03-24,株式会社
メゾン・ド・エディフィス管理組合法人,東京都中央区京橋１丁目１番５号,2017-03-24,その他の設立登記法人
メゾン・ド・オルティー管理組合法人,東京都中央区京橋１丁目１番５号,2017-03-24,その他の設立登記法人
メゾン・ド・モワイエ管理組合法人,東京都中央区京橋１丁目１番５号,2017-03-24,その他の設立登記法人
メディカルクラスター株式会社,東京都千代田区内幸町１丁目１番１号帝国ホテルタワー１５階,2017-03-24,株式会社
ヤマモト機工株式会社,山口県下松市大字河内７７０番地８,2017-03-24,株式会社
ライスフィールド・ヒルジャパン合同会社,岡山県津山市河原町２９番地１９,2017-03-24,合同会社
ライズテック工業株式会社,山形県山形市小白川町３丁目１２番９号,2017-03-24,株式会社
ラボメン株式会社,大阪府大阪市生野区小路３丁目２番１５号,2017-03-24,株式会社
ラ・シガール株式会社,東京都渋谷区猿楽町７番１号４０１,2017-03-24,株式会社
リアルスター株式会社,埼玉県飯能市柳町８番９号,2017-03-24,株式会社
リフォーユ株式会社,鹿児島県姶良市加治木町木田５７番地１,2017-03-24,株式会社
レボリューション合同会社,大阪府吹田市岸部中５丁目５番１２－１号,2017-03-24,合同会社
ロハスプランニング合同会社,東京都府中市八幡町２丁目１７番３６号,2017-03-24,合同会社
ワークスワイズ株式会社,東京都墨田区菊川１丁目１１番１４号,2017-03-24,株式会社
ワールドボンズ合同会社,福岡県嘉穂郡桂川町大字土居１０６５番地,2017-03-24,合同会社
一筆幸房株式会社,愛知県西尾市須脇町大境４７番地１,2017-03-24,株式会社
一般社団法人わだつみ,兵庫県西宮市甲子園口２丁目１番２３号,2017-03-24,その他の設立登記法人
一般社団法人アスタルプロジェクト,長野県伊那市坂下３３１２番地１,2017-03-24,その他の設立登記法人
一般社団法人キューブ,東京都新宿区四谷２丁目９番地１５あると綜合事務所内,2017-03-24,その他の設立登記法人
一般社団法人クラウド経営協会,東京都千代田区五番町２番地１３,2017-03-24,その他の設立登記法人
一般社団法人スタジオ夢叶,愛媛県新居浜市篠場町１０番２５号,2017-03-24,その他の設立登記法人
一般社団法人スタディウィズ,京都府宇治市伊勢田町名木２丁目１番地の１９４,2017-03-24,その他の設立登記法人
一般社団法人レゴ,東京都新宿区四谷２丁目９番地１５あると綜合事務所内,2017-03-24,その他の設立登記法人
一般社団法人三木市生涯活躍のまち推進機構,兵庫県三木市上の丸町１０番３０号,2017-03-24,その他の設立登記法人
一般社団法人三次元スキャンテクノロジー協会,神奈川県横浜市港北区新横浜２丁目１７番１９号,2017-03-24,その他の設立登記法人
一般社団法人商事信託活用支援機構,東京都千代田区麹町２丁目１０番７号,2017-03-24,その他の設立登記法人
一般社団法人国際スポーツライフタイム協会,東京都府中市分梅町１丁目３３番地２０号武藤ビル２階,2017-03-24,その他の設立登記法人
一般社団法人平山台文化スポーツクラブ,東京都日野市平山２丁目１番地の１,2017-03-24,その他の設立登記法人
一般社団法人新潟こども未来塾,新潟県新潟市西区五十嵐１の町７１５５番地,2017-03-24,その他の設立登記法人
一般社団法人日本ライセンススクール＆サポート協会,福岡県福岡市博多区博多駅前２丁目５番８号,2017-03-24,その他の設立登記法人
一般社団法人日本ＩＴ人財育成協会,京都府京都市中京区河原町通二条下る一之船入町３７６,2017-03-24,その他の設立登記法人
一般社団法人次世代デザイン・ラボ,東京都品川区北品川５丁目３番１－１８０２号,2017-03-24,その他の設立登記法人
一般社団法人米国不動産協会,東京都中央区日本橋箱崎町２０番１号アンソレイエ・オオタ４Ｆ,2017-03-24,その他の設立登記法人
一般社団法人紙おむつリサイクル推進支援機構佐渡,新潟県佐渡市石田８３４番地ブレインマンション石田３０１号,2017-03-24,その他の設立登記法人
一般社団法人自律分散社会フォーラム,東京都杉並区西荻南２丁目５番１５号Ｂｒｉｌｌｉａ西荻窪６０６,2017-03-24,その他の設立登記法人
一般社団法人足利豎学会,栃木県足利市菅田町９２８番地１,2017-03-24,その他の設立登記法人
一般社団法人Ｌｅａｒｎｉｎｇ　ｊｏｕｒｎｅｙ,東京都渋谷区渋谷１丁目１７番１号,2017-03-24,その他の設立登記法人
一般社団法人ＴＷＲ,東京都千代田区内神田１丁目１５－１０ｔｈｅＣ２１５,2017-03-24,その他の設立登記法人
一般財団法人国際交流研究機構,東京都新宿区西新宿６丁目１２－７ストーク新宿１Ｆ,2017-03-24,その他の設立登記法人
三協ファーム株式会社,千葉県柏市新十余二５番地,2017-03-24,株式会社
三聖合同会社,東京都足立区千住中居町１９番１０号,2017-03-24,合同会社
世界軍事費削減協会一般社団法人,大阪府箕面市箕面５丁目１２－７１,2017-03-24,その他の設立登記法人
中部開発株式会社,三重県松阪市大黒田町１９９番地,2017-03-24,株式会社
佛教時事新聞株式会社,東京都港区海岸２丁目６番２９号平成本社海岸ビルディング５Ｆ,2017-03-24,株式会社
八政建設工業株式会社,愛知県名古屋市中川区万場１丁目４０２番地－３０３号室,2017-03-24,株式会社
冷熱システムサービス合同会社,茨城県猿島郡境町大字山崎１９４－７,2017-03-24,合同会社
医療法人よしずみ内科クリニック,滋賀県近江八幡市中小森町１２９－１,2017-03-24,その他の設立登記法人
医療法人アフェクションリワード,岐阜県土岐市泉郷町２丁目１５番地の１,2017-03-24,その他の設立登記法人
医療法人五省会,福岡県筑紫野市二日市北３丁目１番１５号,2017-03-24,その他の設立登記法人
医療法人内田整形外科医院,福岡県福岡市東区水谷１丁目１９番１７号,2017-03-24,その他の設立登記法人
医療法人則仁会,神奈川県横浜市緑区長津田４丁目５番５号長津田メディカルヴィレッジＢ棟２階２０１号室,2017-03-24,その他の設立登記法人
医療法人社団札幌駅前樽見おしりとおなかのクリニック,北海道札幌市中央区北四条西３丁目１札幌駅前合同ビル９階,2017-03-24,その他の設立登記法人
医療法人社団歯征会,北海道札幌市東区北七条東９丁目２番２０号,2017-03-24,その他の設立登記法人
医療法人社団藤の会,東京都世田谷区松原３丁目２８番８号吉川医療モール２階,2017-03-24,その他の設立登記法人
医療法人社団Ｇｏｌｄｅｎ　Ｓｌｕｍｂｅｒｓ,東京都町田市原町田３丁目２番９号エルムビル１階３号室,2017-03-24,その他の設立登記法人
医療法人社団Ｏｎｅ－ｆｏｒ－ａｌｌ，ａｌｌ－ｆｏｒ－ｏｎｅ,東京都狛江市中和泉５丁目３２番８号プリマヴェーラ１階,2017-03-24,その他の設立登記法人
医療法人ＴＦＣ,福岡県福岡市南区五十川２丁目２６番５号,2017-03-24,その他の設立登記法人
協同組合森林施業静岡,静岡県静岡市駿河区東新田１丁目１１番３１号,2017-03-24,その他の設立登記法人
友原建設合同会社,京都府亀岡市南つつじケ丘桜台２丁目１２番１号,2017-03-24,合同会社
合同会社さくら個別スクール,青森県上北郡七戸町字野続３７番地１５,2017-03-24,合同会社
合同会社たまご計画,福井県福井市文京１丁目１０番４２号ダイアパレス西別院４０４,2017-03-24,合同会社
合同会社たまりば,東京都府中市若松町１丁目１番地の２,2017-03-24,合同会社
合同会社アシスト,大阪府大阪市北区梅田１丁目１１番４－１０００,2017-03-24,合同会社
合同会社アルページュ・タカミ,東京都港区新橋２丁目２番２号邦信ビル７Ａ,2017-03-24,合同会社
合同会社ウィールウィンド,長崎県長崎市花丘町２０番２５号,2017-03-24,合同会社
合同会社エンヒョウ,長野県松本市蟻ケ崎台２２番５号,2017-03-24,合同会社
合同会社キューブ,東京都新宿区四谷２丁目９番地１５あると綜合事務所内,2017-03-24,合同会社
合同会社コクア,神奈川県横浜市鶴見区生麦３丁目１６番２４－２０５号,2017-03-24,合同会社
合同会社シャローム,沖縄県豊見城市字豊見城１４番地,2017-03-24,合同会社
合同会社シャンス,広島県世羅郡世羅町大字寺町１６５３番地１,2017-03-24,合同会社
合同会社ジモカル,長野県長野市信州新町竹房１３３６,2017-03-24,合同会社
合同会社ジ・イン・クラウド,兵庫県明石市松の内１丁目１３番地の９,2017-03-24,合同会社
合同会社スリースタイル,東京都世田谷区下馬６丁目２５番１３号ドエル学芸大２０１,2017-03-24,合同会社
合同会社ソーシャルコンサルティング,東京都港区北青山２丁目７番２０号,2017-03-24,合同会社
合同会社タカショウ,東京都江東区有明１丁目４番２０号,2017-03-24,合同会社
合同会社トラスト,大阪府東大阪市中鴻池町１丁目５番３８号,2017-03-24,合同会社
合同会社トリプルエイト,東京都練馬区羽沢２丁目７番９号,2017-03-24,合同会社
合同会社ドリーム,東京都千代田区神田錦町３丁目７番２－８１５号,2017-03-24,合同会社
合同会社ニューソウル,神奈川県平塚市明石町６番４号,2017-03-24,合同会社
合同会社ネオプラネット,千葉県船橋市薬円台５丁目１８番１３－３１３号,2017-03-24,合同会社
合同会社ヒューマンズ・フロー,静岡県三島市芙蓉台３丁目１３番地の１４,2017-03-24,合同会社
合同会社フェリシテイト,神奈川県逗子市小坪１丁目１４番,2017-03-24,合同会社
合同会社プリントデータバンク,福島県福島市蓬莱町２丁目１３番１５号,2017-03-24,合同会社
合同会社プレジャー,栃木県宇都宮市駒生町１１７０番地１２,2017-03-24,合同会社
合同会社ミズミエンタープライズ,千葉県山武市白幡８７５番地浅野アパートＢ－４,2017-03-24,合同会社
合同会社メンテマン,東京都調布市染地２丁目１９番地６４,2017-03-24,合同会社
合同会社ヨコタン,東京都目黒区目黒１丁目３番１６号－７０１,2017-03-24,合同会社
合同会社ヨシナガ空設,大分県速見郡日出町大字川崎４９５番地７,2017-03-24,合同会社
合同会社リブレ,東京都世田谷区松原２丁目３２番６号,2017-03-24,合同会社
合同会社ルクステージ,東京都港区南麻布２丁目１３番５号,2017-03-24,合同会社
合同会社レゴ,東京都新宿区四谷２丁目９番地１５あると綜合事務所内,2017-03-24,合同会社
合同会社ロケ太郎,東京都練馬区早宮３丁目３１番１号,2017-03-24,合同会社
合同会社出口工業,愛知県安城市今池町１丁目２３番地５,2017-03-24,合同会社
合同会社千葉裏町附木屋,千葉県千葉市中央区亥鼻３丁目１番１号１０２,2017-03-24,合同会社
合同会社川上企画,沖縄県国頭郡今帰仁村字今泊３７番地,2017-03-24,合同会社
合同会社弓愛,兵庫県姫路市大塩町５６－１,2017-03-24,合同会社
合同会社数楽広場,福岡県筑紫野市針摺西１丁目４番２６－１０１号,2017-03-24,合同会社
合同会社於う櫻應,大阪府茨木市南春日丘７丁目８番１号,2017-03-24,合同会社
合同会社早春,静岡県浜松市浜北区内野台２丁目２４番１５号,2017-03-24,合同会社
合同会社東風,奈良県奈良市北向町１２番地の３,2017-03-24,合同会社
合同会社楓花,山口県山口市湯田温泉５丁目７番１－３号アネシス湯田Ｆ号室,2017-03-24,合同会社
合同会社濱谷興業,兵庫県西宮市高須町１丁目１番９－５０９号,2017-03-24,合同会社
合同会社里山のくらし商店,長野県東御市新張９２５－９,2017-03-24,合同会社
合同会社Ａ．ステージ,岩手県宮古市藤原１丁目６番１７号,2017-03-24,合同会社
合同会社ＡＭＩＴＹ,東京都港区南青山２丁目２番１５号ウィン青山９４２,2017-03-24,合同会社
合同会社Ａｄｖａｎｃｅ,神奈川県川崎市幸区下平間１８７番地,2017-03-24,合同会社
合同会社Ｂｅ　Ｓｔｒｏｎｇ,兵庫県芦屋市船戸町６番１５－５０２号,2017-03-24,合同会社
合同会社Ｃ’Ｌｅａｆ,東京都府中市栄町３丁目１２番４号セボンフォレステリア府中１０６,2017-03-24,合同会社
合同会社Ｄａｎａｅ,東京都足立区中川２丁目１５番２１号,2017-03-24,合同会社
合同会社ＦＲＩ,埼玉県戸田市笹目南町１１番１－２０６号,2017-03-24,合同会社
合同会社Ｇ‐ＬＩＮＥ,静岡県伊豆の国市四日町５２４番地の４,2017-03-24,合同会社
合同会社ＧＲＡＣＥ,大分県別府市船小路町１番４０号アリュール船小路２Ｆ,2017-03-24,合同会社
合同会社Ｈｉ．エージェンシー,高知県高知市中宝永町４番１９号１階西側,2017-03-24,合同会社
合同会社ＩＬＣ支援メガソーラー,岩手県奥州市水沢区東大通り３丁目３番３３号,2017-03-24,合同会社
合同会社ＩＳＤ,東京都江戸川区中葛西３丁目３０番１１,2017-03-24,合同会社
合同会社Ｋ．Ｏｎｏ,東京都稲城市若葉台２丁目１番地の１ロイヤルパークス若葉台１４０７,2017-03-24,合同会社
合同会社ＭＢＣ,石川県金沢市若草町１２番５号,2017-03-24,合同会社
合同会社ＭＥＮＥＭ,東京都新宿区百人町１丁目７番３号,2017-03-24,合同会社
合同会社ＭＥＴＲＩＣ,東京都目黒区目黒２丁目３－６円山マンション３Ｆ,2017-03-24,合同会社
合同会社ＭＫリハビリ,大阪府大阪市大正区千島２丁目４番２－１２２,2017-03-24,合同会社
合同会社Ｎｏｔｈｉｎｇ,東京都品川区東五反田４丁目８－１１－１２０４,2017-03-24,合同会社
合同会社Ｐｘｔｅｑ,福岡県福岡市城南区松山２丁目３４－２０クレール七隈２０２号室,2017-03-24,合同会社
合同会社Ｒエステート,東京都練馬区豊玉南３丁目２２番１４号アヴニール豊玉１０２,2017-03-24,合同会社
合同会社ＲＸ２ＫＡＭＩＹＡ,愛知県名古屋市熱田区横田２丁目３番１３号,2017-03-24,合同会社
合同会社ＳＡＴ,東京都文京区関口２丁目４番１９－７０３号,2017-03-24,合同会社
合同会社ＳＨＩＮＲＡＩ　ＴＲＡＤＩＮＧ,千葉県山武市大木７０３番地１,2017-03-24,合同会社
合同会社ＳＫ,神奈川県横浜市中区長者町８丁目１３２番地清正公プラザ１３２－３階３０１号室,2017-03-24,合同会社
合同会社ＳＫＹ,千葉県千葉市中央区富士見２丁目３番１号塚本大千葉ビル６Ｆ,2017-03-24,合同会社
合同会社Ｔ’ｓ　Ｎｅｓｔ,東京都港区南青山３丁目１０番４１号ジュエル青山ビル２０２号,2017-03-24,合同会社
合同会社Ｔ－ＨＯ,大阪府大阪市中央区南船場４丁目１０番５号南船場ＳＯＨＯビル７０２,2017-03-24,合同会社
合同会社Ｔｈｅ　Ｎｅｘｔ　Ｂｅａｕｔｙ,東京都品川区西五反田８丁目２番１２号アール五反田７Ａ,2017-03-24,合同会社
合同会社ＵＴＭ,富山県高岡市野村１７７６番地ハーミットクラブ１０２号,2017-03-24,合同会社
合同会社ＷＡＲＵＮＩ　ＬＡＮＫＡ．ＭＯＴＯＲＳ,群馬県伊勢崎市柳原町１１５番地４ロジュマン柳原１号館１０２,2017-03-24,合同会社
合同会社ＷＴＢ,長崎県長崎市鍛冶屋町６番４６号,2017-03-24,合同会社
合同会社ＺＥＮＫＯ,東京都墨田区緑４丁目１１番８号,2017-03-24,合同会社
合同会社ｂｒｉｇｈｔｎｅｓｓ,東京都台東区浅草橋３丁目２８番３－８０４号,2017-03-24,合同会社
合同会社ｃｅｌｅｂｒａｔｅ,静岡県沼津市吉田町１５番２２号,2017-03-24,合同会社
合同会社ｔｈｅｒａｂｉｔ,東京都千代田区平河町１丁目６番１５号ＵＳビル８Ｆ,2017-03-24,合同会社
四国建設テック協同組合,愛媛県四国中央市中之庄町１７００番地,2017-03-24,その他の設立登記法人
土地家屋調査士法人井上測量,東京都豊島区池袋１丁目１番８号,2017-03-24,その他の設立登記法人
大平洋商流株式会社,和歌山県新宮市薬師町１番地８,2017-03-24,株式会社
奥多摩健康食品合同会社,東京都町田市鶴川４丁目７番地６グランドール鶴川１０２,2017-03-24,合同会社
学校法人松正学園,沖縄県浦添市伊祖４丁目１番１９号,2017-03-24,その他の設立登記法人
安寧合同会社,大阪府高槻市西町８番１号コスモス高槻１０２,2017-03-24,合同会社
宏美合同会社,愛知県北名古屋市弥勒寺東４丁目１１番地Ａ棟,2017-03-24,合同会社
宗教法人ベテル・バプテスト教会,埼玉県さいたま市岩槻区宮町２丁目１３番５号,2017-03-24,その他の設立登記法人
小野田工業株式会社,和歌山県和歌山市木ノ本１４９６番地１６４,2017-03-24,株式会社
岩壁合同会社,東京都渋谷区道玄坂２丁目３番２号大外ビルＢ１Ｆ,2017-03-24,合同会社
平尾縫製有限会社,徳島県阿波市市場町興崎字南分３３６番地,2017-03-24,有限会社
房総エネコ株式会社,千葉県いすみ市山田６９２９番地,2017-03-24,株式会社
文龍株式会社,神奈川県横浜市中区弥生町１丁目９モナーク伊勢佐木４０４号室,2017-03-24,株式会社
新中信株式会社,富山県富山市天正寺４８,2017-03-24,株式会社
新日本企画株式会社,東京都練馬区練馬１丁目５番２号新日本パレス５階,2017-03-24,株式会社
日本保育グループ株式会社,東京都新宿区西新宿７丁目９番６号寿ビル５０１,2017-03-24,株式会社
春木義彦ホールディングス株式会社,北海道苫小牧市字勇払２７８番地８,2017-03-24,株式会社
暁旭株式会社,埼玉県八潮市大字大曽根２０５４番地３,2017-03-24,株式会社
本川地区建設産業株式会社,高知県吾川郡いの町戸中８１番地５,2017-03-24,株式会社
東亜電設株式会社,東京都板橋区赤塚３丁目７番１号,2017-03-24,株式会社
東達商事株式会社,東京都豊島区西池袋１丁目３１－５白井ビル３Ｆ,2017-03-24,株式会社
松本工業株式会社,群馬県前橋市上泉町２７５２番地８瑞穂コーポ９号,2017-03-24,株式会社
株式会社おひゃくしょうＭｅｅｔｓ,長野県須坂市大字相之島４６７番地１,2017-03-24,株式会社
株式会社じゃぱんはあと,埼玉県朝霞市三原４丁目１０番５６号,2017-03-24,株式会社
株式会社じんと,茨城県土浦市港町３丁目２９番２号,2017-03-24,株式会社
株式会社なないろファクトリー,富山県富山市新庄銀座２丁目１５番２３号,2017-03-24,株式会社
株式会社アイコネクト,神奈川県川崎市川崎区大島４丁目１番１４－２号,2017-03-24,株式会社
株式会社アイジェイグラフィオ,神奈川県相模原市中央区陽光台３丁目７番１９号,2017-03-24,株式会社
株式会社アイテックワン,埼玉県所沢市大字北岩岡１番地１０２,2017-03-24,株式会社
株式会社アイ・エス・ティ,東京都豊島区高松１丁目１０番２号,2017-03-24,株式会社
株式会社アゲーラ,神奈川県横浜市戸塚区名瀬町１１７番地１９,2017-03-24,株式会社
株式会社アスクープ,神奈川県横浜市中区尾上町４丁目５７番地８階,2017-03-24,株式会社
株式会社アストモメディック,愛媛県松山市二番町３丁目３番８号二番町ヒルズ７Ｆ,2017-03-24,株式会社
株式会社アスリートアンドウェブ,神奈川県横浜市西区みなとみらい２丁目２番１号ランドマークタワー４３階,2017-03-24,株式会社
株式会社アビバアドバンス,神奈川県横浜市中区羽衣町２丁目５番,2017-03-24,株式会社
株式会社アビバトラスト,神奈川県横浜市中区羽衣町２丁目５番,2017-03-24,株式会社
株式会社アビバネクスト,神奈川県横浜市中区羽衣町２丁目５番,2017-03-24,株式会社
株式会社アビバフロンティア,神奈川県横浜市中区羽衣町２丁目５番,2017-03-24,株式会社
株式会社アルモン,福岡県北九州市門司区黒川西１丁目１番３８号,2017-03-24,株式会社
株式会社アヴァンス,神奈川県茅ヶ崎市甘沼１０１４－２,2017-03-24,株式会社
株式会社アースＫクリエイト,長野県木曽郡木曽町開田高原西野２６７６番地,2017-03-24,株式会社
株式会社アールスタット,東京都新宿区新宿２丁目１２番１３号,2017-03-24,株式会社
株式会社イプシロン,東京都文京区小日向１丁目１０番２６号,2017-03-24,株式会社
株式会社インザパーク,静岡県沼津市上土町３番地,2017-03-24,株式会社
株式会社イ・デ・ヤ,東京都世田谷区奥沢８丁目２７番３号,2017-03-24,株式会社
株式会社イーパワー,長野県北佐久郡御代田町大字御代田２２８６番地１アーバンリーフ２０４,2017-03-24,株式会社
株式会社ウェイクアップ,東京都新宿区信濃町１８番地マヤ信濃町三番館４３４,2017-03-24,株式会社
株式会社エクシーマ,大阪府大阪市西区北堀江１丁目１番２３号養田ビル四ツ橋館２Ｃ,2017-03-24,株式会社
株式会社エスケーコーポレーション,神奈川県横須賀市追浜町１丁目３７番地第一三協ビル２０１号,2017-03-24,株式会社
株式会社エネワークスサカキマ,愛知県名古屋市北区上飯田北町３丁目５１番地,2017-03-24,株式会社
株式会社エバーグロー,青森県弘前市大字田町５丁目６番地６,2017-03-24,株式会社
株式会社エフティピ,埼玉県和光市下新倉４丁目２７番１０－５０７号,2017-03-24,株式会社
株式会社エボルブ,福岡県朝倉郡筑前町依井４２１番地１２,2017-03-24,株式会社
株式会社エルスマイル,宮崎県宮崎市大橋３丁目１０７番地１サーパス大橋４０２号,2017-03-24,株式会社
株式会社オーデン,東京都新宿区若葉１丁目１９番３号,2017-03-24,株式会社
株式会社カラーズ,愛知県岩倉市栄町２丁目７７番地ロータリーヒーロー２Ａ,2017-03-24,株式会社
株式会社カリン,埼玉県さいたま市大宮区仲町３丁目９０番２号,2017-03-24,株式会社
株式会社キャリアデベロップメント・アンド・クリエイション,東京都港区芝１丁目１１番１４号,2017-03-24,株式会社
株式会社キャリアナビ,東京都千代田区有楽町１丁目９番４号,2017-03-24,株式会社
株式会社キリン,大阪府茨木市西中条町５－３プレミスト茨木西中条１１０号,2017-03-24,株式会社
株式会社ケイテック,愛媛県今治市東村１丁目５番４２号,2017-03-24,株式会社
株式会社ケーアイテック,東京都大田区西糀谷３丁目１８番１８号フラット糀谷２０４,2017-03-24,株式会社
株式会社ケーブイシー,奈良県生駒郡三郷町立野北１丁目１３番１号,2017-03-24,株式会社
株式会社コウケンデンタルインダストリー,茨城県古河市本町１丁目２番１－１２０３号,2017-03-24,株式会社
株式会社コスモ・トラスト,神奈川県横浜市港北区新横浜２丁目６番１２号,2017-03-24,株式会社
株式会社コンシューマーラボ,東京都大田区中馬込１丁目１８番５号セントアラベラ２０１,2017-03-24,株式会社
株式会社コンドウテクノ,岐阜県養老郡養老町大野７０８番地,2017-03-24,株式会社
株式会社ゴテツ,茨城県鹿嶋市大字下塙１０４０番地,2017-03-24,株式会社
株式会社サロンマルシェ,東京都渋谷区広尾２丁目１番１８号広尾Ｎビル５階,2017-03-24,株式会社
株式会社シフトアップ,愛知県名古屋市守山区大字上志段味字東谷２０８６番地の１６５,2017-03-24,株式会社
株式会社スタジオエヌ,大阪府茨木市園田町１０番３１号,2017-03-24,株式会社
株式会社スターパーク,大阪府大阪市西区京町堀２丁目１４番１８－１１０１号,2017-03-24,株式会社
株式会社スリーランプス,東京都杉並区西荻北３丁目１４番１８号ラーバンプラザ３０５,2017-03-24,株式会社
株式会社セレクトアシスト,福岡県大牟田市大字歴木１８０７番地４４５,2017-03-24,株式会社
株式会社センター,滋賀県大津市本堅田３丁目２番３３号,2017-03-24,株式会社
株式会社セントアンドフォース,兵庫県西宮市建石町５番２８号,2017-03-24,株式会社
株式会社ティーズコーポレーション,長崎県西彼杵郡長与町嬉里郷１０９７番地,2017-03-24,株式会社
株式会社トゥーザコア,東京都品川区上大崎２丁目１６番５号,2017-03-24,株式会社
株式会社トップジャパンインターナショナル,茨城県日立市神峰町１丁目１０番４号ＴＪＰ第２ビル４０３,2017-03-24,株式会社
株式会社トラスティワーク,宮城県仙台市若林区沖野１丁目３１番１３号,2017-03-24,株式会社
株式会社トリックスター,東京都新宿区歌舞伎町２丁目３６－５,2017-03-24,株式会社
株式会社トレード北九州,福岡県北九州市小倉南区中曽根新町１４７２番地２,2017-03-24,株式会社
株式会社ドロイド,東京都港区芝５丁目３１番１０号,2017-03-24,株式会社
株式会社ナックエンジニアリング,滋賀県草津市追分２丁目１４番１８－１０７号,2017-03-24,株式会社
株式会社ニュクス,東京都文京区千石４丁目１番９－５０１号,2017-03-24,株式会社
株式会社ハルビンダルパルエンタープライズ,茨城県つくば市今鹿島４１８２番地３イマカシマオオタハイツ２０１号,2017-03-24,株式会社
株式会社ハンディワークス,広島県広島市南区丹那町１１番５号,2017-03-24,株式会社
株式会社ヒーモリ,兵庫県神戸市兵庫区永沢町４丁目４－１１ハイツ永沢１０８号,2017-03-24,株式会社
株式会社ファイブルビー,東京都豊島区東池袋１丁目３０番１４－５０１号,2017-03-24,株式会社
株式会社ファーマーズ・アイ,東京都江東区三好３丁目７番１１号,2017-03-24,株式会社
株式会社フィットベイト,千葉県市原市松ケ島１丁目７番地１７,2017-03-24,株式会社
株式会社フォスター,京都府相楽郡精華町精華台３丁目１１番１２号フォレステージ５０７号,2017-03-24,株式会社
株式会社フラワーランドリー,埼玉県さいたま市大宮区土手町２丁目２３番地１７,2017-03-24,株式会社
株式会社フレンズ企画,宮崎県児湯郡都農町大字川北４９１４番地２,2017-03-24,株式会社
株式会社フロームワーク,兵庫県尼崎市立花町２丁目２１番２８号,2017-03-24,株式会社
株式会社ブランディングメッセージ,東京都新宿区下落合３丁目２番１６号池龍マンション４０２号室,2017-03-24,株式会社
株式会社ブリーズ,神奈川県厚木市元町４番９号,2017-03-24,株式会社
株式会社プラタナスライフ,福岡県福岡市中央区天神２丁目３－２４天神ルーチェ４Ｆ,2017-03-24,株式会社
株式会社プランワーク,神奈川県相模原市南区当麻２３１１番地１０,2017-03-24,株式会社
株式会社プロテクション,広島県広島市南区仁保１丁目３１番６号,2017-03-24,株式会社
株式会社ベストライフ,熊本県熊本市中央区大江６丁目１０番２号,2017-03-24,株式会社
株式会社ホテル梅の湯,長野県松本市浅間温泉３丁目４番１６号,2017-03-24,株式会社
株式会社ホークサーチ,東京都港区南青山２丁目２９番６号,2017-03-24,株式会社
株式会社マルナカ,山口県山口市平井２００番地１（エゼ平井２０４）,2017-03-24,株式会社
株式会社ミミ商事,東京都港区浜松町２丁目２番１５号,2017-03-24,株式会社
株式会社ムソウジャパン,東京都品川区荏原４丁目９番４号,2017-03-24,株式会社
株式会社ムービン・グルービン,東京都渋谷区神泉町１３番１１号原田荘１０１号,2017-03-24,株式会社
株式会社メディプレスト,東京都千代田区神田紺屋町２８番地,2017-03-24,株式会社
株式会社メドランス,東京都千代田区麹町３丁目７番地８麹町山口ビル３０１号,2017-03-24,株式会社
株式会社ヤマゴ,愛知県知多郡美浜町大字野間字狸山１番地６２,2017-03-24,株式会社
株式会社ラインブルー,広島県福山市南松永町４丁目３７番１号,2017-03-24,株式会社
株式会社リフォート,神奈川県横浜市青葉区荏田町４７５番地６,2017-03-24,株式会社
株式会社リーバンズコーポレーション,東京都中央区日本橋箱崎町２０番１号アンソレイエ・オオタ４Ｆ,2017-03-24,株式会社
株式会社レフトリズム,東京都渋谷区恵比寿南２丁目２４番９号恵比寿南ヒルズ２０３,2017-03-24,株式会社
株式会社ロジスター,東京都江戸川区西瑞江５丁目３番地１０,2017-03-24,株式会社
株式会社ワークス,北海道余市郡余市町黒川町１７丁目３番地４,2017-03-24,株式会社
株式会社万達建設,大阪府大阪市西成区北津守３丁目３番１号,2017-03-24,株式会社
株式会社三ツ矢,広島県広島市安佐南区川内３丁目１８番２４号,2017-03-24,株式会社
株式会社三重ライフエナジー,三重県四日市市城北町１０番２号,2017-03-24,株式会社
株式会社中野組,大阪府大阪市城東区関目４丁目１１番１５号,2017-03-24,株式会社
株式会社九天社,千葉県松戸市松戸新田５８１番地の８,2017-03-24,株式会社
株式会社二川興業,香川県高松市由良町１１４５番地１,2017-03-24,株式会社
株式会社佐藤組,静岡県静岡市駿河区手越原１５４番地の９,2017-03-24,株式会社
株式会社優建工業,栃木県足利市鹿島町４９５番地７,2017-03-24,株式会社
株式会社八洲総業,東京都豊島区池袋２丁目１６番１２－２０４号,2017-03-24,株式会社
株式会社八葉,大阪府富田林市加太２丁目１番１５号,2017-03-24,株式会社
株式会社北島ニューピース,茨城県鉾田市烟田２６６７番地１,2017-03-24,株式会社
株式会社協同建物,大阪府大阪市都島区都島本通３丁目２４番１５号,2017-03-24,株式会社
株式会社印路,青森県平川市日沼一本柳２８番地３,2017-03-24,株式会社
株式会社古屋工業,山梨県甲斐市竜王新町９８５番地７,2017-03-24,株式会社
株式会社塩田電気,東京都足立区南花畑３丁目１６番１２－３０５号,2017-03-24,株式会社
株式会社夢凱楽,兵庫県明石市二見町東二見１９６２番地,2017-03-24,株式会社
株式会社大地グループ,神奈川県横浜市港北区新横浜３丁目１９番地１１－４Ｆ,2017-03-24,株式会社
株式会社大子町アグリネットワーク,茨城県久慈郡大子町大字下野宮４１４３番地,2017-03-24,株式会社
株式会社大慎管工事,大分県大分市須賀１丁目１番７号,2017-03-24,株式会社
株式会社大館輪業,秋田県大館市常盤木町１３番１号,2017-03-24,株式会社
株式会社宏和興業,山梨県甲斐市竜王新町１０５７番地１,2017-03-24,株式会社
株式会社宝蔵寺サービス,大阪府箕面市稲１丁目４番３号,2017-03-24,株式会社
株式会社宮本工務店,神奈川県厚木市三田２６７９番地６,2017-03-24,株式会社
株式会社富士工業所,佐賀県唐津市西唐津１丁目５９４６番地１７,2017-03-24,株式会社
株式会社小岩貿易,新潟県新潟市北区島見町５２９５番地,2017-03-24,株式会社
株式会社山王,東京都豊島区上池袋２丁目３５番５号,2017-03-24,株式会社
株式会社山田工業,茨城県鹿嶋市旭ケ丘１丁目８番地４,2017-03-24,株式会社
株式会社岡組,大阪府堺市西区鳳西町３丁９番地６第２中野マンション１０８号,2017-03-24,株式会社
株式会社岩藤電子工業,神奈川県横浜市金沢区福浦３丁目１１番地１,2017-03-24,株式会社
株式会社岩﨑商店,静岡県沼津市大平３１２番地の１,2017-03-24,株式会社
株式会社恒和建装,東京都江戸川区平井５丁目３８番３号,2017-03-24,株式会社
株式会社愛和,群馬県邑楽郡明和町南大島１４６番地１,2017-03-24,株式会社
株式会社拓殖御厨,東京都港区海岸２丁目１番１６号,2017-03-24,株式会社
株式会社斉藤工業,千葉県印西市安食卜杭９７０番地５,2017-03-24,株式会社
株式会社斉藤建匠,千葉県流山市南流山８丁目１３番地の５ルネスＳ－３０１,2017-03-24,株式会社
株式会社日の出,大阪府大阪市天王寺区餌差町９番８号,2017-03-24,株式会社
株式会社日経ＨＲエージェント,東京都千代田区大手町１丁目３番７号,2017-03-24,株式会社
株式会社昇栄,長野県長野市大字長野字新町２８４番地１,2017-03-24,株式会社
株式会社木村造園,静岡県袋井市岡崎３３１９番地の１,2017-03-24,株式会社
株式会社未上工業,群馬県高崎市寺尾町２７０６番地６,2017-03-24,株式会社
株式会社未来ケアグループ,佐賀県神埼市神埼町本堀３２０６番地１,2017-03-24,株式会社
株式会社未歩興業,千葉県成田市小菅５５２番地２,2017-03-24,株式会社
株式会社本多工業,大阪府大阪市住吉区我孫子西２丁目７番２５号,2017-03-24,株式会社
株式会社東京環境マテリアルズ,東京都昭島市緑町５丁目９番２１号,2017-03-24,株式会社
株式会社松尾住宅サービス,東京都府中市本宿町１丁目３２番地の７,2017-03-24,株式会社
株式会社森山巧工舎,神奈川県川崎市麻生区東百合丘１丁目３３番５号,2017-03-24,株式会社
株式会社横商,茨城県猿島郡五霞町大字新幸谷４７１番地１,2017-03-24,株式会社
株式会社樫村ふぁーむ,茨城県日立市十王町伊師３２７０番地,2017-03-24,株式会社
株式会社永和架設,神奈川県横浜市緑区長津田みなみ台５丁目１９番１０,2017-03-24,株式会社
株式会社池田防水,千葉県松戸市緑ケ丘２丁目３３０番地,2017-03-24,株式会社
株式会社浅野工務店,千葉県鎌ケ谷市鎌ケ谷１丁目１０番３７号,2017-03-24,株式会社
株式会社浜野建工,埼玉県川口市大字道合１３１４番地の２５,2017-03-24,株式会社
株式会社玉城鉄筋,東京都江戸川区東篠崎１丁目７番４４－１０６号,2017-03-24,株式会社
株式会社白銀工務店,島根県出雲市駅南町３丁目１２番地２,2017-03-24,株式会社
株式会社白鷺興業,東京都大田区東糀谷６丁目８番７－４０１号,2017-03-24,株式会社
株式会社社フォアキャスト,東京都豊島区東池袋１丁目７番１１号４階,2017-03-24,株式会社
株式会社祐建社,北海道札幌市中央区南十六条西５丁目３番１号,2017-03-24,株式会社
株式会社神盛塗装,愛知県名古屋市天白区一つ山１丁目４２番地の１,2017-03-24,株式会社
株式会社秋田杉,秋田県秋田市楢山大元町９番３７号,2017-03-24,株式会社
株式会社第一コンサルティング,兵庫県西宮市南郷町１番３３号,2017-03-24,株式会社
株式会社美・シニア,長野県北佐久郡軽井沢町大字追分１５８７番地３,2017-03-24,株式会社
株式会社能森,富山県富山市千歳町２丁目７番１号,2017-03-24,株式会社
株式会社良美装,山形県東村山郡山辺町大字大塚１０２番地,2017-03-24,株式会社
株式会社菅原工業,東京都新宿区新宿５丁目１８番２０号ルックハイツ新宿８０３号,2017-03-24,株式会社
株式会社萩工業,三重県四日市市尾平町３５９６番地,2017-03-24,株式会社
株式会社蟹蔵,沖縄県宮古島市伊良部字佐和田１３８１番地６,2017-03-24,株式会社
株式会社豊作農園,埼玉県深谷市大谷１２３２－１,2017-03-24,株式会社
株式会社進誠,千葉県市原市五井中央西１丁目３３番地１５イワナビル７Ｆ,2017-03-24,株式会社
株式会社酒巻組,千葉県袖ケ浦市上泉１７６４番地６９,2017-03-24,株式会社
株式会社関口産業,兵庫県西宮市小曽根町１丁目５番２８－５１２号,2017-03-24,株式会社
株式会社風電設,千葉県木更津市桜井新町２丁目７番地４,2017-03-24,株式会社
株式会社飲食店戦略経営研究所,東京都新宿区歌舞伎町１丁目２番３号,2017-03-24,株式会社
株式会社馬竹工業,福岡県北九州市小倉南区横代北町４丁目１番２号（Ｃ１０２）,2017-03-24,株式会社
株式会社高田グループ本社,神奈川県横浜市中区新山下３丁目１１番１２号,2017-03-24,株式会社
株式会社高田興業,千葉県木更津市羽鳥野５丁目３番地１７,2017-03-24,株式会社
株式会社黒田塗装,宮崎県東臼杵郡門川町大字門川尾末８８０６番地２,2017-03-24,株式会社
株式会社龍,神奈川県横浜市保土ケ谷区新井町２２８番地３,2017-03-24,株式会社
株式会社龍誠,茨城県神栖市大野原１丁目２０番６号,2017-03-24,株式会社
株式会社Ａ－ＰＯＴ,東京都千代田区九段南１丁目５番６号りそな九段ビル５階ＫＳフロア,2017-03-24,株式会社
株式会社ＡＦＲＡＭ　ＭＯＴＯＲＳ,愛知県西尾市米津町仲之畑２２番地ホワイトコート米津１０６号室,2017-03-24,株式会社
株式会社ＡＧＭ,大阪府大阪市中央区淡路町３丁目５番１３号,2017-03-24,株式会社
株式会社ＡＯＢＲＯ．,東京都中央区晴海３丁目１３番２号,2017-03-24,株式会社
株式会社ＡＺ,東京都文京区小石川２丁目２４－１２ストーク小石川１０３,2017-03-24,株式会社
株式会社Ａｓ　Ｇｌａｕｇｈｔｙ,京都府向日市上植野町伴田９番地,2017-03-24,株式会社
株式会社Ｂｅａｕｔｙ　Ｃｏ,東京都中央区銀座５丁目６番１２号,2017-03-24,株式会社
株式会社Ｂｌｕｅ　Ｈｅａｖｅｎ,東京都墨田区太平２丁目１１番１２－５０３号,2017-03-24,株式会社
株式会社ＣＲＥＴＡＳ　ＤＥＳＩＧＮ,兵庫県神戸市中央区栄町通１丁目１番９号,2017-03-24,株式会社
株式会社ＣＲＩＳＩＳ－Ｍ,長野県北佐久郡軽井沢町大字追分１５８７番地３,2017-03-24,株式会社
株式会社ＤＣＴ,愛知県知立市東上重原４丁目５４番地,2017-03-24,株式会社
株式会社ＤＭＦ,北海道川上郡標茶町字阿歴内原野南二線１８４番地７,2017-03-24,株式会社
株式会社Ｄｅｌｉｇｈｔ,東京都豊島区池袋２丁目１６番１３号,2017-03-24,株式会社
株式会社Ｅ－ＭＡＴＥ,東京都新宿区百人町２丁目７番１－８０２号,2017-03-24,株式会社
株式会社Ｅ．Ｓ．Ｔ,北海道北見市西三輪７丁目７１９番地２２,2017-03-24,株式会社
株式会社Ｆ・Ｋ,石川県金沢市泉野出町４丁目４番５号,2017-03-24,株式会社
株式会社ＦｉｎＴ,東京都港区六本木４丁目２番４５号高會堂ビル２階,2017-03-24,株式会社
株式会社Ｆｏｏｄｅｅ,大阪府大阪市北区曾根崎２丁目１０番１８号,2017-03-24,株式会社
株式会社ＧＬＡＮＺ,福岡県福岡市南区塩原３丁目６番４－３０６号,2017-03-24,株式会社
株式会社Ｇｒａｎｄ　Ｎｅｔｗｏｒｋ,福井県福井市栂野町第１５号１番地２,2017-03-24,株式会社
株式会社ＩＮＫインキュベーション,東京都渋谷区渋谷１丁目７番５号青山セブンハイツ８０６,2017-03-24,株式会社
株式会社ＩＳＧ,兵庫県神戸市垂水区平磯２丁目５番１３号,2017-03-24,株式会社
株式会社Ｉｓｌａｎｄ　Ｊａｍ,鹿児島県熊毛郡中種子町野間１６３８３番地４,2017-03-24,株式会社
株式会社ＪＥＴ,大阪府大阪市中央区南本町１丁目３番１４号ＨＰ本町ビル８Ｆ,2017-03-24,株式会社
株式会社Ｋホールディングス,北海道札幌市中央区北一条西３丁目２番地井門札幌ビル,2017-03-24,株式会社
株式会社ＫＭＮコミュニケーションズ,東京都港区愛宕２丁目５番１号愛宕グリーンヒルズＭＯＲＩタワー２７階,2017-03-24,株式会社
株式会社ＫＯＺＵＣＨＩ,東京都千代田区内神田３丁目２３番８号第三唐澤ビル８階,2017-03-24,株式会社
株式会社ＫＴＳＥＲＶＩＣＥ,大阪府堺市堺区車之町西２丁２番１７号１Ｆ,2017-03-24,株式会社
株式会社ＬＥＩプロジェクト,北海道札幌市北区屯田三条３丁目７番２１号,2017-03-24,株式会社
株式会社ＬＩＦＥ　ＢＯＸ,福岡県福岡市中央区平尾２丁目５番８号,2017-03-24,株式会社
株式会社ＬＩＮＫ,宮崎県宮崎市大字赤江字飛江田１１２７番地２,2017-03-24,株式会社
株式会社ＬＯＬＬＩＮＧＳ,東京都渋谷区神宮前５丁目３番９号,2017-03-24,株式会社
株式会社ＬＵＯＦＡ,神奈川県横浜市青葉区しらとり台３４番地７,2017-03-24,株式会社
株式会社Ｌａｄｒｏ,東京都大田区蒲田５丁目２５番２号,2017-03-24,株式会社
株式会社Ｌｅａｄ,東京都調布市布田１丁目２２番地１,2017-03-24,株式会社
株式会社ＭＡＪＥＳＴＩＣ,大阪府大阪市北区西天満５丁目１番１号ザ・セヤマビル８階,2017-03-24,株式会社
株式会社ＭＩグループ,群馬県太田市浜町２６番１号,2017-03-24,株式会社
株式会社ＭＩＲＡＩ,新潟県柏崎市比角２丁目３番２６号,2017-03-24,株式会社
株式会社Ｍａｒｕｍｉ,埼玉県春日部市大枝７５５番地４,2017-03-24,株式会社
株式会社Ｍａｒｙ,岡山県勝田郡奈義町豊沢４３８番地１,2017-03-24,株式会社
株式会社Ｍｏｖｉｅ　ＲｅＣ２,神奈川県横浜市鶴見区鶴見中央４丁目２４番１４号,2017-03-24,株式会社
株式会社ＮＥＸＴ　ＬＥＶＥＬ,大阪府寝屋川市錦町９番４号,2017-03-24,株式会社
株式会社ＮＲＤ,大阪府茨木市太田２丁目１１番２号の１,2017-03-24,株式会社
株式会社ＮｅｏＴｒａｆｆｉｃ,東京都新宿区新宿２丁目１２番１３号新宿アントレサロンビル２Ｆ,2017-03-24,株式会社
株式会社Ｎｅｘｔ　Ｓｔｙｌｅ,岩手県盛岡市菜園２丁目６番１号,2017-03-24,株式会社
株式会社ＰＥＡＫ　ＤＭＣ　ＪＡＰＡＮ,京都府京都市下京区中堂寺粟田町９３,2017-03-24,株式会社
株式会社ＰＬＥＺＩＥＲ,福岡県福岡市東区三苫５丁目３番５３－１０３号,2017-03-24,株式会社
株式会社Ｒｅａｃｈ　Ｔｈｅ　Ｔｏｐ,愛知県名古屋市中川区明徳町３丁目３５番地アンソレイユ１０３号,2017-03-24,株式会社
株式会社ＳＥＮＤＯ　ＭＡＲＴ,東京都江戸川区篠崎町２丁目２４番１７号,2017-03-24,株式会社
株式会社ＳＩＫプロダクション,福岡県福岡市中央区警固２丁目１３番１７号サムティ警固タワー８０６号,2017-03-24,株式会社
株式会社ＳＩＮＳＯ,広島県広島市東区若草町１１番１－３００４号,2017-03-24,株式会社
株式会社ＳＩＴＹ,東京都目黒区下目黒３丁目１９番１１－４０１号,2017-03-24,株式会社
株式会社ＳＷＣ,愛知県安城市三河安城町１丁目８番地４,2017-03-24,株式会社
株式会社ＳｕｎＫｉｓｓ,茨城県つくば市研究学園４丁目３３番地１０,2017-03-24,株式会社
株式会社Ｔ‐ＨＯＵＳＥ,神奈川県海老名市東柏ケ谷６丁目１９番２３号,2017-03-24,株式会社
株式会社ＴＡＩＹＯ,愛媛県松山市北井門５丁目５４２番地１,2017-03-24,株式会社
株式会社ＴＤＲ,栃木県足利市田中町５７番地２－６０３,2017-03-24,株式会社
株式会社ＴＫコーポレーション,福井県鯖江市小泉町第２９号１番地６,2017-03-24,株式会社
株式会社ＴＫＭ,東京都大田区中馬込１丁目１４－６,2017-03-24,株式会社
株式会社Ｕｐ　ｔｈｅ　Ｍａｒｋ　ＳＡＩＴＡＭＡ,埼玉県熊谷市新堀１０４１－２,2017-03-24,株式会社
株式会社ＸＩ,神奈川県横浜市戸塚区品濃町５１５番地１南の街４－１００６号,2017-03-24,株式会社
株式会社ａｌｌｙｙ,東京都港区三田５丁目１番１６号ラフィネ白金高輪３０２,2017-03-24,株式会社
株式会社ｄｅｒｉｖｅ,栃木県宇都宮市海道町１１０番地,2017-03-24,株式会社
株式会社ｆｏｒ　ｙｏｕ,千葉県香取市分郷４７番地７,2017-03-24,株式会社
株式会社ｈｅｕｒｅｋａ,香川県高松市松縄町４４番地８,2017-03-24,株式会社
棚受け女王蜂株式会社,東京都葛飾区東四つ木２丁目５番９号,2017-03-24,株式会社
正和商事株式会社,東京都文京区音羽１丁目１０番４号池田ビル３２１号室,2017-03-24,株式会社
正和株式会社,神奈川県横浜市神奈川区子安通３丁目３３２番地,2017-03-24,株式会社
武生コンタクトレンズセンター合同会社,福井県越前市あおば町１番３０号,2017-03-24,合同会社
水上温泉ホテル株式会社,神奈川県横浜市中区花咲町１丁目２２番地２,2017-03-24,株式会社
永好商事株式会社,大阪府八尾市高美町６丁目２番８号,2017-03-24,株式会社
沖縄県知的障害者福祉協会,沖縄県沖縄市知花６丁目３６番２号（楓葉館内）,2017-03-24,その他
深田鉄筋工業株式会社,埼玉県加須市下樋遣川８８２番地４,2017-03-24,株式会社
特定非営利活動法人マニラ育英会,岩手県盛岡市大通３丁目１番２３号,2017-03-24,その他の設立登記法人
特定非営利活動法人京築元気くらぶ,福岡県京都郡みやこ町勝山黒田１６５０番地１,2017-03-24,その他の設立登記法人
特定非営利活動法人大崎ものづくりネットワーク振興会,鹿児島県曽於郡大崎町野方６２２２番地１,2017-03-24,その他の設立登記法人
益多商事合同会社,東京都足立区千住中居町１９番１０号,2017-03-24,合同会社
真和工業株式会社,福島県南相馬市原町区大木戸字北西原２６番地の４,2017-03-24,株式会社
社会福祉法人博英福祉会,沖縄県那覇市首里石嶺町２丁目１７９番地９,2017-03-24,その他の設立登記法人
社会福祉法人日本介護事業団,北海道空知郡奈井江町字奈井江町１６１番地１,2017-03-24,その他の設立登記法人
福徳住宅株式会社,大阪府大阪市北区天神橋筋一丁目２９番地,2017-03-24,株式会社
秀栄株式会社,東京都北区浮間３丁目５番１５－２２４号,2017-03-24,株式会社
築地ｐｌｕｓ合同会社,東京都中央区築地２丁目８番１号,2017-03-24,合同会社
篠田工業株式会社,埼玉県川口市大字安行２４３番地の２,2017-03-24,株式会社
糸島グリーンテクノ開発株式会社,福岡県糸島市二丈一貴山８９４番地,2017-03-24,株式会社
貯水槽サービス株式会社,茨城県かすみがうら市稲吉４丁目１０番２０号－２－２０１,2017-03-24,株式会社
近藤軽貨物陸運株式会社,埼玉県坂戸市大字赤尾２０２４番地１,2017-03-24,株式会社
金陽国際株式会社,福岡県福岡市南区向野１丁目２１－３２,2017-03-24,株式会社
青森タービンサービス株式会社,青森県青森市中央２丁目２番１２号,2017-03-24,株式会社
鶴田ビジネス教材社株式会社,栃木県宇都宮市鶴田町３１０７番地８,2017-03-24,株式会社
ＡＱＵＡ　ＭＩＡ，ＩＮＣ．,東京都渋谷区恵比寿西２丁目１９番９号,2017-03-24,外国会社等
ＢＥＡＵＴＹ国際投資ホールディングス株式会社,東京都千代田区神田和泉町１番地１１－１７,2017-03-24,株式会社
ＢＬＡＣＫ　ＤＩＡＭＯＮＤ　ＩＮＴＥＲＮＡＴＩＯＮＡＬ合同会社,岩手県一関市三関字日照８８番地５リッチハウス８８・１０３,2017-03-24,合同会社
ＢＯＬＤＭＡＮ株式会社,東京都中央区日本橋小網町１８番１５号,2017-03-24,株式会社
Ｂｐｌｕｓ合同会社,東京都江東区牡丹３丁目２５番９号,2017-03-24,合同会社
Ｃ＆Ｓ　ｒｅａｌ　ｅｓｔａｔｅ合同会社,宮城県仙台市宮城野区福室２丁目８－１７福室マンション３１４号,2017-03-24,合同会社
ＣＢＩ株式会社,千葉県市川市八幡２丁目６番１８－３０３号,2017-03-24,株式会社
ＣＲＫイノベーション合同会社,東京都目黒区下目黒２丁目２３番２３－１００２号,2017-03-24,合同会社
Ｄマーク・コンサルティング株式会社,千葉県船橋市南三咲１丁目１０番４８号,2017-03-24,株式会社
ＤＣＴ協同組合,北海道札幌市中央区南一条西７丁目２０番地１,2017-03-24,その他の設立登記法人
ＤＲＡＷ株式会社,大阪府大阪市北区中之島３丁目１番８号,2017-03-24,株式会社
Ｄｅｒｍａｂｅａｕｔｅ　Ｊａｐｏｎ合同会社,福岡県久留米市中央町２９番地７,2017-03-24,合同会社
Ｆ．大橋工業合同会社,埼玉県草加市新善町１６０番地５,2017-03-24,合同会社
Ｈ．Ｉ．Ｓ．ＳＵＰＥＲ電力株式会社,東京都新宿区西新宿６丁目８番１号,2017-03-24,株式会社
Ｊ’ｓ－クリエイト株式会社,茨城県小美玉市高田６番地２,2017-03-24,株式会社
Ｊｌｉｆｅ株式会社,東京都台東区浅草橋２丁目２０番９号ウインド浅草橋４Ｆ,2017-03-24,株式会社
ＫＦ－ＴＥＣ株式会社,福岡県北九州市小倉北区竪林町１４番１１－２０１号,2017-03-24,株式会社
ＫＴ設計株式会社,大阪府大阪市平野区長吉六反３丁目５番３２号,2017-03-24,株式会社
ＬＴ株式会社,埼玉県川口市並木４丁目１９番１２号マンションＹ＆Ｍ１０１室,2017-03-24,株式会社
Ｌａｎｄｌｏｒｄ　Ｊａｐａｎ株式会社,神奈川県川崎市中原区木月住吉町９番１７号,2017-03-24,株式会社
ＬｉｆｅＬｕｌｕ株式会社,沖縄県中頭郡読谷村字大湾３５６番シナジースクエアＡ棟２階,2017-03-24,株式会社
Ｍ＆Ｎ株式会社,神奈川県横浜市南区宿町２丁目３８番地１プラザ宿町４０１号室,2017-03-24,株式会社
ＭＡＺＲＵＩ　ＩＮＴＥＲＮＡＴＩＯＮＡＬ合同会社,愛知県名古屋市港区神宮寺２丁目１０２番地,2017-03-24,合同会社
ＭＪＲ株式会社,大分県速見郡日出町大字大神７５８０番地,2017-03-24,株式会社
ＭＳクレジットリサーチ株式会社,東京都港区六本木１丁目６番１号,2017-03-24,株式会社
ＭＹＮ合同会社,大阪府大阪市東住吉区桑津３丁目２－２１,2017-03-24,合同会社
Ｍａｇｉｃ株式会社,大阪府大阪市淀川区西宮原２丁目６番１６号新大阪コーポビアネーズ３階,2017-03-24,株式会社
ＭｏｓＨ株式会社,愛知県北名古屋市鹿田合田８４－１,2017-03-24,株式会社
Ｎ＆Ｒディレクションズ合同会社,宮崎県宮崎市大字恒久１０１５番地１,2017-03-24,合同会社
ＮＯ　ＳＨＯＵＴ合同会社,神奈川県鎌倉市岡本１２４１番地４鎌倉ロジュマンＣ－２１１,2017-03-24,合同会社
ＯＮＥ　ＤＯＯＲ合同会社,東京都町田市木曽西１丁目２２番７号,2017-03-24,合同会社
Ｏｆｆｓｈｏｒｅ　Ｓｎｏｗ　Ｓｈａｐｅｓ合同会社,北海道虻田郡ニセコ町字ニセコ４４７番地１８,2017-03-24,合同会社
ＰＦＩ長洲町住宅株式会社,熊本県玉名郡長洲町大字腹赤字堀越１５３０番地１,2017-03-24,株式会社
ＰＯＷＥＲＳ株式会社,群馬県伊勢崎市日乃出町３２番地,2017-03-24,株式会社
Ｒ．Ｂ　ＩＮＴＥＲＮＡＴＩＯＮＡＬ株式会社,群馬県邑楽郡大泉町坂田５丁目３番５号,2017-03-24,株式会社
ＲＯＵＮＤ　ＴＯＰ合同会社,東京都中央区銀座６丁目１３番１６号銀座ＷａｌｌビルＵＣＦ５０１,2017-03-24,合同会社
Ｒｅｍｏｔｅ　Ｗｏｒｋ合同会社,東京都豊島区巣鴨１丁目９番１号－３Ａ,2017-03-24,合同会社
ＲｅｖｅＢｒｉｄｇｅ合同会社,東京都新宿区西新宿１丁目１８－２晴花ビル６Ｆ,2017-03-24,合同会社
Ｓ．Ｔ株式会社,愛知県あま市坂牧北浦８８番地,2017-03-24,株式会社
ＳＡＩＧＡＴＥ株式会社,東京都港区六本木７丁目１４番７号,2017-03-24,株式会社
ＳＡＴＹＡ　ＳＨＡＫＴＩ　ＥＮＴＥＲＰＲＩＳＥＳ株式会社,東京都新宿区北新宿１丁目１７番１８号新幸グリーンハイツ１０１,2017-03-24,株式会社
ＳＣＵＢＥ株式会社,東京都江戸川区篠崎町３丁目１２番６号三東ビル３階,2017-03-24,株式会社
Ｓｈｉｎｙ　Ｍａｐｌｅ合同会社,兵庫県神戸市灘区篠原台１８番３５号,2017-03-24,合同会社
ＴＡＦＡ株式会社,東京都葛飾区堀切８丁目２４番１０号星マンション２０１号,2017-03-24,株式会社
ＴＡＳマネジメント株式会社,千葉県習志野市秋津１丁目２番２－１０３号,2017-03-24,株式会社
ＴＭコンサルティング合同会社,埼玉県ふじみ野市鶴ケ岡１丁目１７番１３号,2017-03-24,合同会社
ＴＳＫホールディングス株式会社,大阪府大阪市中央区南本町２丁目６番１２号,2017-03-24,株式会社
ＷＥＥ　ＥＮＴＥＲＴＡＩＮＭＥＮＴ株式会社,東京都千代田区岩本町２丁目１３番４号井口ビル３Ｆ,2017-03-24,株式会社
ＹＨＫ企画株式会社,大阪府門真市末広町３６番１３－３０２号,2017-03-24,株式会社
ｇｕｒｄｉａ合同会社,東京都港区芝浦４丁目２０番２－２６２４号,2017-03-24,合同会社
ｉ　Ｋｉｔｃｈｅｎ株式会社,東京都江戸川区松江４丁目１番１－５０２号,2017-03-24,株式会社
いかすば合同会社,茨城県石岡市石岡１３９０７番地８,2017-03-27,合同会社
まんじゅうビューティーアンドライフ株式会社,愛知県知多郡東浦町大字緒川字東仙台６番地の３,2017-03-27,株式会社
みなレン合同会社,千葉県印西市西の原２丁目３番地１棟４０４号,2017-03-27,合同会社
わふく合同会社,沖縄県那覇市首里末吉町４丁目５番地５号,2017-03-27,合同会社
アルバコンサルティング株式会社,福岡県北九州市小倉南区上葛原１丁目１１番１１－９０２号,2017-03-27,株式会社
アンサー株式会社,東京都港区白金台２丁目５番９号,2017-03-27,株式会社
ウェルネスサポート株式会社,東京都中央区日本橋３丁目２番１４号新槇町ビル別館第一１階,2017-03-27,株式会社
オキタ電装株式会社,東京都北区赤羽西４丁目５番３号,2017-03-27,株式会社
ケーエヌエフリニューアルデザイン合同会社,京都府京都市上京区今出川烏丸東入相国寺門前町６４３－２アクエルド御所北２０３号,2017-03-27,合同会社
コーヤ温泉ホテル運営株式会社,静岡県熱海市伊豆山５８０番地,2017-03-27,株式会社
シャイングレイス株式会社,東京都新宿区市谷仲之町４番１６号,2017-03-27,株式会社
シュウコンサルティング＆ワークス合同会社,愛知県名古屋市瑞穂区下坂町２丁目１,2017-03-27,合同会社
ジェイ・エイ・シー株式会社,大阪府堺市南区桃山台３丁１９番８号,2017-03-27,株式会社
ジーティーオー合同会社,熊本県菊池郡菊陽町光の森１丁目９番地９,2017-03-27,合同会社
スカイウォークファイナンス合同会社,東京都港区東新橋１丁目９番１号,2017-03-27,合同会社
ソリマチネクスト株式会社,新潟県長岡市表町１丁目４番地２４,2017-03-27,株式会社
ダイユウキ開発合同会社,神奈川県逗子市池子２丁目１２番１１号,2017-03-27,合同会社
チョーヤ工業株式会社,愛知県海部郡大治町大字西條字柳原９７番地の１,2017-03-27,株式会社
テクニカルサービス株式会社,長崎県対馬市美津島町雞知乙７６５番地１,2017-03-27,株式会社
トゥルーマテリアルズ合同会社,埼玉県さいたま市南区辻２丁目１４番１３号,2017-03-27,合同会社
トレジャーガイザー合同会社,栃木県栃木市岩舟町畳岡７１６番３号,2017-03-27,合同会社
バードみずよし株式会社,埼玉県比企郡川島町大字三保谷宿３０１番地５,2017-03-27,株式会社
パワーサイレックス株式会社,東京都杉並区阿佐谷北１丁目３番４号小堺ビル２０２,2017-03-27,株式会社
ヒカリノ株式会社,神奈川県川崎市川崎区貝塚２丁目２番１号１階,2017-03-27,株式会社
ビーエイチ・ロング株式会社,東京都世田谷区弦巻１丁目２４番１８号,2017-03-27,株式会社
ビー・エー・エスホールディングス株式会社,東京都墨田区押上１丁目３６番６号,2017-03-27,株式会社
ベルメール合同会社,東京都港区南青山３丁目１０番４１号ジュエル青山ビル２０２号,2017-03-27,合同会社
マネックスファイナンス株式会社,東京都港区赤坂１丁目１２番３２号,2017-03-27,株式会社
ライフ・アーキテクト合同会社,東京都豊島区東池袋１丁目１１番６号５０１号室,2017-03-27,合同会社
ラ・エッフェル株式会社,神奈川県逗子市沼間２丁目３番１－２１０号,2017-03-27,株式会社
リノヴェル株式会社,千葉県四街道市鷹の台３丁目４番１号,2017-03-27,株式会社
一般社団法人あすか,広島県広島市西区草津東２丁目１３番５号,2017-03-27,その他の設立登記法人
一般社団法人しまなみジャパン,広島県尾道市東御所町１１番９号ＪＡ尾道市駅前ビル,2017-03-27,その他の設立登記法人
一般社団法人へいわ・しながわアクションセンター,東京都品川区平塚２丁目１６番２号,2017-03-27,その他の設立登記法人
一般社団法人みらいスポーツコミュニティ,岡山県倉敷市浜町２丁目１６番３号,2017-03-27,その他の設立登記法人
一般社団法人カラン,東京都港区新橋４丁目３０番６号京急中はらビル５階,2017-03-27,その他の設立登記法人
一般社団法人グローバル人材キャリア支援協会,東京都中央区銀座７丁目１７番１号,2017-03-27,その他の設立登記法人
一般社団法人シモツケクリエイティブ,栃木県下野市下古山１００４番地１,2017-03-27,その他の設立登記法人
一般社団法人ジェリコ,東京都港区新橋４丁目３０番６号京急中はらビル５階,2017-03-27,その他の設立登記法人
一般社団法人セカンドチャンス京都,京都府宇治市槇島町千足５０番地の８,2017-03-27,その他の設立登記法人
一般社団法人ゼロポイントファシリテーター協会,東京都国分寺市本町３丁目９番１６号,2017-03-27,その他の設立登記法人
一般社団法人ミモザ,東京都港区新橋４丁目３０番６号京急中はらビル５階,2017-03-27,その他の設立登記法人
一般社団法人レオニ,東京都港区新橋４丁目３０番６号京急中はらビル５階,2017-03-27,その他の設立登記法人
一般社団法人上質な教育協会,東京都港区海岸１丁目２－３汐留芝離宮ビルディング２１階,2017-03-27,その他の設立登記法人
一般社団法人共生社会研究センター,茨城県つくば市二の宮１丁目２番地２酒井ビル２階,2017-03-27,その他の設立登記法人
一般社団法人北海道福祉生活サポート機構,北海道札幌市北区北二十六条西１６丁目１－１６,2017-03-27,その他の設立登記法人
一般社団法人卓球ジュニアサポートジャパン,大阪府大阪市鶴見区鶴見３丁目１３番３２－８０１号,2017-03-27,その他の設立登記法人
一般社団法人日中紀行,広島県呉市上長迫町１番３号,2017-03-27,その他の設立登記法人
一般社団法人日中若手交流協会,東京都新宿区西新宿８丁目５番３号アクセス西新宿８階,2017-03-27,その他の設立登記法人
一般社団法人日本ボリュームアップエクステ協会,福岡県福岡市博多区博多駅東１丁目１０番３５号,2017-03-27,その他の設立登記法人
一般社団法人日本駐車場活用支援機構,埼玉県川越市上戸新町１８番地６,2017-03-27,その他の設立登記法人
一般社団法人横手市観光推進機構,秋田県横手市駅前町１番２１号,2017-03-27,その他の設立登記法人
一般社団法人歩行ケア協会,長野県佐久市新子田１９３４番地,2017-03-27,その他の設立登記法人
一般社団法人西都市観光協会,宮崎県西都市聖陵町１丁目８８番地,2017-03-27,その他の設立登記法人
一般社団法人西門商店街,神奈川県相模原市中央区相模原６丁目２６番１２号,2017-03-27,その他の設立登記法人
一般社団法人ＦＲＯＮＴＩＥＲＥ,兵庫県明石市中朝霧丘４－２０,2017-03-27,その他の設立登記法人
一般社団法人ＭＩＹＡＭＡ,大阪府大阪市平野区平野西５丁目８番２９号,2017-03-27,その他の設立登記法人
一般社団法人ＴＳスポーツクラブ,静岡県静岡市清水区折戸２丁目１４番３６号,2017-03-27,その他の設立登記法人
一般社団法人ｂｅｉｎｇ　ｔｈｅｒｅ,神奈川県川崎市中原区小杉陣屋町１丁目１５番２８－４０３号,2017-03-27,その他の設立登記法人
三栄産商株式会社,兵庫県神戸市中央区中山手通４丁目１０番８号３階フリージア,2017-03-27,株式会社
亜好株式会社,東京都足立区中央本町３丁目１７番地１２号１０１５,2017-03-27,株式会社
介護事業ネットワーク協同組合,石川県金沢市三口新町３丁目６番２７号,2017-03-27,その他の設立登記法人
全程国際合同会社,福岡県福岡市南区横手２丁目３２－８秦ビル３０２号,2017-03-27,合同会社
北杜ソーラー発電合同会社,東京都千代田区神田神保町１丁目１０５番地,2017-03-27,合同会社
北海内張工業株式会社,北海道札幌市清田区真栄五条１丁目１番６号,2017-03-27,株式会社
医療法人なかいファミリークリニック,神奈川県足柄上郡中井町井ノ口１８７６番地１ザ・中井プライム１階,2017-03-27,その他の設立登記法人
医療法人にしだ皮膚科,宮崎県宮崎市大字本郷南方２４７８番地３,2017-03-27,その他の設立登記法人
医療法人大山クリニック,福島県伊達市北後１３番地１,2017-03-27,その他の設立登記法人
医療法人社団ゆうひろ会,神奈川県相模原市中央区鹿沼台２丁目１０番１５号第２ＳＫビル１Ｆ,2017-03-27,その他の設立登記法人
医療法人社団南翔会,愛知県名古屋市西区菊井１丁目２番４号東進養蜂ビル３階,2017-03-27,その他の設立登記法人
医療法人社団彩雪会,静岡県浜松市中区幸１丁目１５番３号幸メディカルビル２Ｆ,2017-03-27,その他の設立登記法人
医療法人社団菫青会,東京都中央区日本橋茅場町１丁目１３番１５号新居ビル３階,2017-03-27,その他の設立登記法人
医療法人金子内科クリニック,栃木県芳賀郡芳賀町大字祖母井字城之内１０４１番地２,2017-03-27,その他の設立登記法人
医療法人Ａｃｏｆｅｌｉｚ,愛知県名古屋市守山区緑ヶ丘１０７番地,2017-03-27,その他の設立登記法人
千葉県ユニセフ協会,千葉県千葉市若葉区桜木北２丁目２６－３０コープみらい　千葉エリア桜木事務所　本館,2017-03-27,その他
合同会社かねみつ,福岡県福岡市東区箱崎１丁目５番２２号ＹＧＭ箱崎駅前①５０１号,2017-03-27,合同会社
合同会社イーアルスペース,大阪府大阪市淀川区西中島６丁目１番１１号,2017-03-27,合同会社
合同会社イーザック,北海道札幌市中央区南八条西１丁目１３番地１３９,2017-03-27,合同会社
合同会社エスアイエム・レジデンス・ツー,東京都港区赤坂２丁目１０番５号税理士法人赤坂国際会計事務所内,2017-03-27,合同会社
合同会社エスティ企画,神奈川県厚木市森の里２丁目５番１６号,2017-03-27,合同会社
合同会社エム＆エイチコーポレーション,京都府京都市伏見区深草越後屋敷町６２番地４７,2017-03-27,合同会社
合同会社エリーセブン,神奈川県相模原市南区下溝５０８番地３６,2017-03-27,合同会社
合同会社オメガ,東京都世田谷区等々力７丁目２７番１０号,2017-03-27,合同会社
合同会社カンパニー・リープ,大阪府箕面市温泉町１番４－Ｓ６０５号,2017-03-27,合同会社
合同会社クマキコーポレーション,北海道札幌市東区北四十三条東８丁目４番２７号,2017-03-27,合同会社
合同会社ケイズ広告,大阪府東大阪市本町１３番９号１０６号室,2017-03-27,合同会社
合同会社コリーヌ,東京都港区浜松町２丁目２番１５号,2017-03-27,合同会社
合同会社コレクト,神奈川県相模原市緑区橋本台１丁目１３番３－２０３号,2017-03-27,合同会社
合同会社サビナ,大阪府大阪市西淀川区福町２丁目３番２８号,2017-03-27,合同会社
合同会社シージェイプラン,東京都大田区山王３丁目９番６─１００７号,2017-03-27,合同会社
合同会社シートワン,沖縄県那覇市久茂地１丁目１番１号パレットくもじ９階,2017-03-27,合同会社
合同会社シーファースト,東京都板橋区大山金井町４０番１０号,2017-03-27,合同会社
合同会社セントラルフラワー,東京都西多摩郡瑞穂町大字駒形富士山４９０－１,2017-03-27,合同会社
合同会社タカハシコーポレーション,宮城県塩竈市花立町２２番３号,2017-03-27,合同会社
合同会社ダイオン,北海道札幌市中央区宮の森四条１１丁目１１番２２号,2017-03-27,合同会社
合同会社テトテ,徳島県鳴門市瀬戸町明神字下本城１６番地１,2017-03-27,合同会社
合同会社ディレクション,千葉県木更津市東太田２丁目１３番３号,2017-03-27,合同会社
合同会社ネクスト,福岡県北九州市小倉南区下石田１丁目５番２号ラディア石田１階,2017-03-27,合同会社
合同会社ハンドトス,大阪府大阪市北区梅田１丁目１１番４－１０００号,2017-03-27,合同会社
合同会社ハーベスト,熊本県荒尾市荒尾８０２番地１,2017-03-27,合同会社
合同会社バンブーグラス,石川県金沢市末町１２の１番地５８,2017-03-27,合同会社
合同会社フィールドカンパニー,福岡県北九州市小倉南区上葛原２丁目２番１１号,2017-03-27,合同会社
合同会社ライフイノベーションワン,東京都中央区日本橋兜町１７番１号日本橋ロイヤルプラザ７０６,2017-03-27,合同会社
合同会社ライブラネット,東京都練馬区北町５丁目１０番１０号メゾンつばさ９０１,2017-03-27,合同会社
合同会社ライム,愛知県名古屋市瑞穂区軍水町３丁目５６番地（グリーンピア瑞穂１０１号）,2017-03-27,合同会社
合同会社ランチ・ＢＯＸ,東京都杉並区高円寺北１丁目２１番５号,2017-03-27,合同会社
合同会社リベルタ,愛知県名古屋市中区松原３丁目２番２５号ＡＨＮビル１Ｆ,2017-03-27,合同会社
合同会社レオナルド・プランニング,東京都世田谷区桜３丁目２９番１４号,2017-03-27,合同会社
合同会社全力ＨＰ,千葉県千葉市花見川区幕張本郷７丁目１８－３０－２１３,2017-03-27,合同会社
合同会社内野工務店,千葉県四街道市大日９０５番地１４,2017-03-27,合同会社
合同会社國井ダクト,茨城県つくばみらい市谷井田１９９８番地６,2017-03-27,合同会社
合同会社大地工業店,千葉県四街道市大日７５番地９,2017-03-27,合同会社
合同会社大番商店,東京都大田区南蒲田３丁目１０番３１号,2017-03-27,合同会社
合同会社彗星商会,神奈川県鎌倉市大町４丁目５番９号,2017-03-27,合同会社
合同会社心絆興業,東京都西多摩郡瑞穂町大字殿ケ谷９２６番地１グリーンハイツ１０１号室,2017-03-27,合同会社
合同会社明道物流,愛知県名古屋市中川区打出１丁目１８４番地の２,2017-03-27,合同会社
合同会社曽我工業,福岡県北九州市八幡西区森下町１７番９号,2017-03-27,合同会社
合同会社清,兵庫県神戸市中央区港島中町６丁目２番地の１神戸パークシティ１号棟６０５号,2017-03-27,合同会社
合同会社狩野,北海道札幌市手稲区稲穂四条３丁目１０番１６号,2017-03-27,合同会社
合同会社田澤工務店,千葉県四街道市美しが丘２丁目４番３号,2017-03-27,合同会社
合同会社福島いわき太陽光発電,東京都千代田区神田錦町３丁目１１番地,2017-03-27,合同会社
合同会社綜建社,茨城県石岡市石岡字中谷津１４４２６番地,2017-03-27,合同会社
合同会社ＡＮＤＲＥ,大阪府大阪市阿倍野区天王寺町北２丁目１番９号ローレルハイツ中野３０１号,2017-03-27,合同会社
合同会社ＢＥＪ，Ｉｎｃ．,千葉県成田市囲護台３丁目１番地１１,2017-03-27,合同会社
合同会社ＣＯＢＥＯ,和歌山県有田郡有田川町大字徳田１７０－１０,2017-03-27,合同会社
合同会社ＥＴＳ,神奈川県茅ヶ崎市南湖５丁目１５番１７号,2017-03-27,合同会社
合同会社Ｍ’ｓビューティーラボ,東京都文京区小日向４丁目７番２０号,2017-03-27,合同会社
合同会社ＭＥＧＵＭＩ,東京都千代田区神田佐久間町１丁目８番４号アルテール秋葉原７０８,2017-03-27,合同会社
合同会社ＮＯＴＥ,神奈川県横浜市中区麦田町３丁目６６番地３,2017-03-27,合同会社
合同会社Ｓ＆Ｄ,東京都日野市栄町３丁目８番地の６７,2017-03-27,合同会社
合同会社ＳＯＬ,東京都渋谷区富ヶ谷１丁目３５番２０号,2017-03-27,合同会社
合同会社Ｔ－ＫＹ,大阪府大阪市中央区南船場３丁目２－２８ＮＩＰＰＯタイヨービル５１１,2017-03-27,合同会社
合同会社ＴＬＣ,東京都大田区西蒲田８丁目２４番１号,2017-03-27,合同会社
合同会社ＴＹＤ,東京都杉並区和田１丁目１０番１４号,2017-03-27,合同会社
合同会社Ｗｏｒｋｏｕｔ　Ｂｒｉｇａｄｅ,千葉県流山市名都借２０９番地の１９,2017-03-27,合同会社
合同会社ｎｅｗ　ａｓｓｉｓｔ,兵庫県神戸市垂水区小束山２丁目４－２,2017-03-27,合同会社
合同会社ｕ＆ｉ,茨城県稲敷市時崎４５番地１－Ｈ,2017-03-27,合同会社
合名会社いちえ,北海道札幌市手稲区新発寒七条１０丁目９番３号,2017-03-27,合名会社
合名会社三輝,広島県福山市南蔵王町３丁目２番２９号,2017-03-27,合名会社
合名会社Ｎ＆Ｈ,山口県宇部市野原１丁目１０番１０号,2017-03-27,合名会社
和貴株式会社,東京都新宿区大久保２丁目８番７号,2017-03-27,株式会社
塩澤興業株式会社,千葉県市川市大野町３丁目１５９６番地１５,2017-03-27,株式会社
大友商事合同会社,福岡県大牟田市天神町２番地３,2017-03-27,合同会社
大地株式会社,岩手県胆沢郡金ケ崎町西根南羽沢７４番地１,2017-03-27,株式会社
天啓株式会社,神奈川県平塚市四之宮２丁目１７番１５号,2017-03-27,株式会社
学校法人東アジア学園,福岡県北九州市八幡西区岸の浦１丁目１３番７０号,2017-03-27,その他の設立登記法人
宇宙海賊合同会社,東京都渋谷区桜丘町２３番１７号シティコート桜丘４０８,2017-03-27,合同会社
宇都宮金属株式会社,栃木県宇都宮市下川俣町３９７番地１,2017-03-27,株式会社
宏図株式会社,東京都目黒区目黒１丁目５番２３－２０２号,2017-03-27,株式会社
小田アセットコンサルティング株式会社,広島県福山市西町１丁目１番１号ＲｉＭ福山７Ｆ,2017-03-27,株式会社
峯合同会社,北海道苫小牧市表町３丁目２番２号,2017-03-27,合同会社
幸心サービス株式会社,愛知県名古屋市天白区野並２丁目２８４番地,2017-03-27,株式会社
愛知ネットワーク株式会社,東京都台東区上野６丁目７番１６号,2017-03-27,株式会社
成勇工業株式会社,福岡県北九州市八幡西区星和町１７番６号,2017-03-27,株式会社
文海株式会社,千葉県船橋市豊富町６４２－８４,2017-03-27,株式会社
新生観光株式会社,大分県大分市六坊北町６番１８－２号,2017-03-27,株式会社
日新工機株式会社,兵庫県姫路市豊富町豊富７００番地１,2017-03-27,株式会社
旭合同会社,兵庫県尼崎市東園田町９丁目４５番地の２コーポ藻川Ｃ４６号,2017-03-27,合同会社
晟達株式会社,千葉県香取市北１丁目１１－８,2017-03-27,株式会社
東進株式会社,埼玉県川口市大字道合２８１番地６,2017-03-27,株式会社
林韓株式会社,東京都中央区京橋１丁目６－１３金華ビルＢ１,2017-03-27,株式会社
株式会社おおとも,北海道札幌市豊平区平岸二条６丁目２番２５号,2017-03-27,株式会社
株式会社かけはし,岐阜県大垣市加賀野４丁目１番地７ソフトピアジャパンセンタービル９Ｆ９１１,2017-03-27,株式会社
株式会社きみや,奈良県生駒市高山町１０５７７番地１,2017-03-27,株式会社
株式会社ふくおん,愛知県一宮市冨田字渡所１４７番地１,2017-03-27,株式会社
株式会社みやび＆カンパニー,東京都港区新橋４丁目２１番３号新橋東急ビル３Ｆ,2017-03-27,株式会社
株式会社みらい,神奈川県厚木市船子１５８３番地１－５１０,2017-03-27,株式会社
株式会社ゆう経営コンサルティング,大阪府大阪市淀川区西中島７丁目１番２０号第１スエヒロビル３階,2017-03-27,株式会社
株式会社よつば,東京都豊島区北大塚１丁目２１番１０号,2017-03-27,株式会社
株式会社アシスト,愛知県名古屋市港区藤前５丁目５１２番地,2017-03-27,株式会社
株式会社アシストパーツ,福島県郡山市日和田町字南原２番地の８４,2017-03-27,株式会社
株式会社アップサイド,岡山県岡山市中区門田屋敷１丁目８番２５号,2017-03-27,株式会社
株式会社アビシャス,鹿児島県鹿児島市上之園町８番地１４（ファーストビル３０２号）,2017-03-27,株式会社
株式会社アピアランス,秋田県秋田市外旭川字大谷地１００番地３５,2017-03-27,株式会社
株式会社アリスの野菜畑,大阪府大阪市平野区平野宮町１丁目７－２－１１６号,2017-03-27,株式会社
株式会社アルティメット,北海道苫小牧市しらかば町６丁目２２番６号,2017-03-27,株式会社
株式会社アルファコーポレーション,東京都千代田区有楽町１丁目１２番１号新有楽町ビル２階,2017-03-27,株式会社
株式会社アーク,北海道旭川市十一条通２０丁目１番地の２,2017-03-27,株式会社
株式会社アークス建設,京都府京都市伏見区久我森の宮町１１番地１６３,2017-03-27,株式会社
株式会社イエキソーイング,千葉県野田市岩名２丁目６１番地の９,2017-03-27,株式会社
株式会社イストワール,北海道札幌市白石区南郷通３丁目南７番５号,2017-03-27,株式会社
株式会社イーエムアイ,東京都中野区弥生町３丁目２７番１７－３０５号,2017-03-27,株式会社
株式会社エスエイチユー,東京都渋谷区上原１丁目３７番５号,2017-03-27,株式会社
株式会社エフテック,東京都足立区青井２丁目１４番１９号,2017-03-27,株式会社
株式会社エマージェンス,兵庫県明石市藤江２０２８番地の６２,2017-03-27,株式会社
株式会社エース・フォース,東京都港区三田５丁目１１番１０－９０１号,2017-03-27,株式会社
株式会社オノコーポレーション,千葉県木更津市八幡台２丁目１８番１４号,2017-03-27,株式会社
株式会社オフィスカタヤマ,大阪府豊中市緑丘２丁目１３－１５,2017-03-27,株式会社
株式会社カノア,大阪府池田市石橋１丁目２１番１３号,2017-03-27,株式会社
株式会社キャリアバンク,東京都港区東新橋２丁目１０番１０号,2017-03-27,株式会社
株式会社キュアゲート,東京都世田谷区玉川１丁目１７番１６号,2017-03-27,株式会社
株式会社クリフフィールド,大阪府泉大津市我孫子１２９番地,2017-03-27,株式会社
株式会社クロスディー,東京都世田谷区上馬１丁目２９番９号,2017-03-27,株式会社
株式会社コスタ,東京都八王子市八日町９番１０－１００６号,2017-03-27,株式会社
株式会社サンスマイル豊光,東京都町田市高ヶ坂２丁目３９番１９号,2017-03-27,株式会社
株式会社サンソウ,東京都江戸川区南小岩５丁目２１番１１－５０２号,2017-03-27,株式会社
株式会社サンライズエステート,東京都中央区日本橋箱崎町３２番９号猪子ビル３Ｆ,2017-03-27,株式会社
株式会社シーディーアイ,東京都中央区京橋２丁目８番７号,2017-03-27,株式会社
株式会社ジェイパートナーズ,京都府京都市中京区河原町通三条上る下丸屋町４０３番地ＦＩＳビル２Ｆ,2017-03-27,株式会社
株式会社ジーセカンド,福岡県福岡市博多区中洲１丁目４番１３号,2017-03-27,株式会社
株式会社ステップサービス,大阪府東大阪市吉田本町２丁目１０番１号,2017-03-27,株式会社
株式会社セブンエイト,神奈川県横浜市港北区大豆戸町８３４番地２大倉山ハイム６号棟９０９号室,2017-03-27,株式会社
株式会社タツミトランスポート,大阪府東大阪市宝町１２番５号,2017-03-27,株式会社
株式会社ダイキ建設,大阪府吹田市南金田２丁目５番１号,2017-03-27,株式会社
株式会社ダイケン,大分県大分市東鶴崎３丁目１番１号,2017-03-27,株式会社
株式会社ダイコク,北海道苫小牧市ときわ町４丁目９番１７号,2017-03-27,株式会社
株式会社チック,宮城県仙台市青葉区中央４丁目９番１３号,2017-03-27,株式会社
株式会社ツジムラ,神奈川県足柄上郡開成町吉田島１４９８番地,2017-03-27,株式会社
株式会社ティーインベストメント,東京都千代田区神田佐久間町１丁目８番４号アルテール秋葉原７０８,2017-03-27,株式会社
株式会社ティーエスプロジェクトサービス,愛知県安城市今池町１丁目１７番４号,2017-03-27,株式会社
株式会社ティーズリフォーム,東京都世田谷区野毛３丁目２番２号,2017-03-27,株式会社
株式会社ティー・ポンプサポート,三重県四日市市西富田町５４６番地３,2017-03-27,株式会社
株式会社トライアル総合企画,愛媛県松山市古川北２丁目２２番２２号,2017-03-27,株式会社
株式会社トータルクリーン・ケア千,愛知県春日井市下条町２丁目４番地１３,2017-03-27,株式会社
株式会社ナカバヤシ,三重県伊勢市二見町光の街１０２３番地３,2017-03-27,株式会社
株式会社ニュースタートジャパン,東京都新宿区西新宿７丁目５番２０号新宿旭ビルＡ館４０３,2017-03-27,株式会社
株式会社ハウスヴィレッジ,新潟県三条市月岡３丁目７番２５号,2017-03-27,株式会社
株式会社ハンタイドジャパン,大阪府大阪市城東区野江１丁目１番２２号,2017-03-27,株式会社
株式会社パシフィックキャピタル,東京都港区浜松町２丁目２番１５号,2017-03-27,株式会社
株式会社パワーリーダー,東京都新宿区西新宿３丁目９番３号,2017-03-27,株式会社
株式会社ヒカリワーク,大阪府豊中市庄内幸町２丁目１５番１号,2017-03-27,株式会社
株式会社ヒロキ企画,福岡県豊前市大字塔田１０９０番地,2017-03-27,株式会社
株式会社ビバッククロスケミジャパン,東京都品川区旗の台２丁目１番６号ｆｆｆビル,2017-03-27,株式会社
株式会社ビルズリング,大阪府大阪市中央区東心斎橋１丁目２番１－２９０５号,2017-03-27,株式会社
株式会社ビーコンセプト,東京都渋谷区渋谷３丁目１番１０号,2017-03-27,株式会社
株式会社ファーストペンギン,東京都中央区勝どき６丁目３番２－２４２３号,2017-03-27,株式会社
株式会社フィロソフィー,東京都中野区江古田４丁目３３番１０号,2017-03-27,株式会社
株式会社フェリカスピコ,東京都練馬区石神井町４丁目１番６－１０４号,2017-03-27,株式会社
株式会社フジテック,愛知県名古屋市港区西川町４丁目７番,2017-03-27,株式会社
株式会社フージェット,青森県八戸市大字十三日町２５番地,2017-03-27,株式会社
株式会社ブローム,神奈川県相模原市中央区田名４８６１番地２,2017-03-27,株式会社
株式会社プリマヴェーラ,東京都渋谷区恵比寿西１丁目１５－８,2017-03-27,株式会社
株式会社ヘルパーステーションふる里,福岡県嘉麻市嘉穂才田１５７９番地８,2017-03-27,株式会社
株式会社ベッソール,東京都目黒区八雲３丁目７番３号,2017-03-27,株式会社
株式会社マイケル,東京都新宿区高田馬場４丁目８番４号,2017-03-27,株式会社
株式会社マツタカ石材,宮城県名取市相互台３丁目５番地の３,2017-03-27,株式会社
株式会社ママダ,埼玉県川口市南鳩ヶ谷６丁目１６番１２号,2017-03-27,株式会社
株式会社ミンチゴー,東京都品川区中延５丁目７番１０号,2017-03-27,株式会社
株式会社メイド・イン・ヨコテ,秋田県横手市前郷一番町６番１１号,2017-03-27,株式会社
株式会社ライトヒルズ,広島県広島市東区光町２丁目８番１２号,2017-03-27,株式会社
株式会社ラックグループ,東京都品川区南品川１丁目２番６号,2017-03-27,株式会社
株式会社ラピス,岡山県新見市金谷１１７６番地７,2017-03-27,株式会社
株式会社リブラス,神奈川県横浜市都筑区牛久保１丁目１３番１５号,2017-03-27,株式会社
株式会社リベルタ,福岡県北九州市小倉南区曽根北町４番１６－１２０４号,2017-03-27,株式会社
株式会社リランド,埼玉県狭山市入間川１５００番地の５６,2017-03-27,株式会社
株式会社リンク・アンド・マネジメント,愛知県名古屋市中村区名駅３丁目２８番１２号大名古屋ビルヂング２５階,2017-03-27,株式会社
株式会社レイン,北海道札幌市白石区菊水元町三条１丁目３番８号,2017-03-27,株式会社
株式会社レクサス,大阪府大阪市西成区岸里東１丁目２番３号,2017-03-27,株式会社
株式会社ロブロイ,北海道札幌市中央区南四条西３丁目１番２号,2017-03-27,株式会社
株式会社三浦建工,福島県いわき市中岡町５丁目１２番地１２,2017-03-27,株式会社
株式会社上田工業,広島県呉市安浦町内海北５丁目９番６号,2017-03-27,株式会社
株式会社上田工業,千葉県船橋市高根台６丁目２９番１１号,2017-03-27,株式会社
株式会社上野山工業,和歌山県和歌山市寺内４２０番地１,2017-03-27,株式会社
株式会社丸徳,兵庫県明石市太寺４丁目１０番１８号,2017-03-27,株式会社
株式会社住まいのやまたか,北海道札幌市中央区南二十六条西８丁目２番２２号,2017-03-27,株式会社
株式会社佐武塗装,東京都板橋区徳丸３丁目３７番２号,2017-03-27,株式会社
株式会社光建設,北海道滝川市幸町１丁目１０番２４号,2017-03-27,株式会社
株式会社共和テック,千葉県袖ケ浦市蔵波台６丁目１６番地１８,2017-03-27,株式会社
株式会社千和気組,東京都練馬区貫井１丁目１３番２２－３０９号,2017-03-27,株式会社
株式会社双建土木,大阪府箕面市粟生間谷西４丁目２番５－５０３号,2017-03-27,株式会社
株式会社司設備工業,兵庫県神戸市西区玉津町高津橋２７０番地の１０,2017-03-27,株式会社
株式会社地域ソリューションパートナーズ,岡山県岡山市中区国富１丁目１番３０号６０４号,2017-03-27,株式会社
株式会社坂井田鉄筋工業,愛知県春日井市白山町５丁目２番地８,2017-03-27,株式会社
株式会社坂本建設,千葉県野田市山崎貝塚町１４番地７１,2017-03-27,株式会社
株式会社大和パートナーズ,東京都渋谷区渋谷３丁目２６番１６号第５叶ビル７階,2017-03-27,株式会社
株式会社大塗,千葉県市原市白金町５丁目２８番地５－１０１,2017-03-27,株式会社
株式会社大豊総合コンサルティング,愛知県名古屋市千種区桜が丘２９５番地,2017-03-27,株式会社
株式会社太田ケアコーポレーション,東京都葛飾区四つ木４丁目１９番７号,2017-03-27,株式会社
株式会社宝塚,愛知県名古屋市中村区名駅４丁目６番２３号,2017-03-27,株式会社
株式会社宮下建設,北海道函館市山の手３丁目１２番１５号,2017-03-27,株式会社
株式会社将真,兵庫県朝来市和田山町平野２０４番地１,2017-03-27,株式会社
株式会社尾高商店,兵庫県姫路市大津区恵美酒町１丁目１０４番地１,2017-03-27,株式会社
株式会社山本工業,埼玉県草加市新里町７３５番地３,2017-03-27,株式会社
株式会社川又,東京都足立区中央本町３丁目４番１－２０１号,2017-03-27,株式会社
株式会社市村商事,栃木県下野市文教２丁目２６０番地,2017-03-27,株式会社
株式会社愛幸,大阪府箕面市船場東３丁目６番１６－１５０３号,2017-03-27,株式会社
株式会社日記,栃木県宇都宮市中里町３７５番地１,2017-03-27,株式会社
株式会社明商,大阪府大阪市住吉区帝塚山東１丁目３番３４号ＰＬＯＴビル２－３,2017-03-27,株式会社
株式会社明園,神奈川県川崎市宮前区東有馬５丁目２７番２２号,2017-03-27,株式会社
株式会社晨,青森県北津軽郡板柳町大字辻字福岡２３番地１７,2017-03-27,株式会社
株式会社暁楽,東京都大田区西蒲田６丁目３６番４ー４０１号,2017-03-27,株式会社
株式会社朔企画,福岡県北九州市小倉北区熊本３丁目１２番２４号,2017-03-27,株式会社
株式会社未輝工業,千葉県旭市後草９０９番地１パトリエ高見台左１,2017-03-27,株式会社
株式会社松田工業,山形県西村山郡河北町谷地字十二堂３５番地の４,2017-03-27,株式会社
株式会社柳旭工業,宮城県石巻市茜平３丁目１０番地仮設蛇田西部第一団地２－３号,2017-03-27,株式会社
株式会社森と海の会社,和歌山県和歌山市加太１１７５番地１９,2017-03-27,株式会社
株式会社水谷工業,愛知県名古屋市南区赤坪町１７７番地,2017-03-27,株式会社
株式会社河建工業,埼玉県本庄市万年寺２丁目１番３０号,2017-03-27,株式会社
株式会社海絆,北海道札幌市西区八軒五条東４丁目１番５号,2017-03-27,株式会社
株式会社渡辺プラスターワーク,神奈川県横浜市保土ケ谷区岩井町２４４番地,2017-03-27,株式会社
株式会社渡邉興業,静岡県沼津市小諏訪６６８番地,2017-03-27,株式会社
株式会社濱田斫工,兵庫県尼崎市稲葉荘１丁目２１番１０号,2017-03-27,株式会社
株式会社濵野設備,岡山県倉敷市茶屋町早沖１２５１番地４,2017-03-27,株式会社
株式会社熊谷工業,北海道札幌市白石区米里一条４丁目７番５号ロードゥパインⅡ１０１,2017-03-27,株式会社
株式会社牧山組,福岡県糟屋郡粕屋町甲仲原２丁目２３番３号,2017-03-27,株式会社
株式会社生活援護隊,愛知県名古屋市西区名駅２丁目３４番１７セントラル名古屋７１１号,2017-03-27,株式会社
株式会社直建工業,埼玉県上尾市柏座２丁目９番２１号,2017-03-27,株式会社
株式会社石田基礎工業,兵庫県尼崎市大島２丁目２５番１６号,2017-03-27,株式会社
株式会社研匠,福岡県北九州市小倉北区篠崎３丁目１２番１２号,2017-03-27,株式会社
株式会社研真プラニングオフィス,愛知県大府市宮内町１丁目２０４番地,2017-03-27,株式会社
株式会社竹内興業,東京都多摩市愛宕３丁目４番地２－５１０,2017-03-27,株式会社
株式会社育穂,東京都中央区日本橋浜町２丁目１４番２号,2017-03-27,株式会社
株式会社英虎,神奈川県横浜市港南区日限山１丁目６０番３６号,2017-03-27,株式会社
株式会社蒼栄,神奈川県川崎市宮前区白幡台１丁目５－３,2017-03-27,株式会社
株式会社西友環境,岡山県岡山市北区上中野２丁目１２番５号,2017-03-27,株式会社
株式会社輝工業,熊本県玉名郡南関町大字長山１４９７番地,2017-03-27,株式会社
株式会社追風,東京都渋谷区渋谷３丁目２６番１８号,2017-03-27,株式会社
株式会社道南ライフ,北海道函館市東山町１８１番地５,2017-03-27,株式会社
株式会社金城鉄筋,千葉県船橋市前原東６丁目２７番４号,2017-03-27,株式会社
株式会社長梅,大阪府堺市北区長曽根町３０５１番地１５,2017-03-27,株式会社
株式会社雲程,東京都新宿区下落合１丁目１７番３－４０２号,2017-03-27,株式会社
株式会社静長ＦＹＫ,東京都中央区日本橋小舟町９番１５号,2017-03-27,株式会社
株式会社須田創業,群馬県前橋市北代田町３４番地４,2017-03-27,株式会社
株式会社高田塗装,北海道札幌市清田区里塚二条３丁目１２番１８号,2017-03-27,株式会社
株式会社魚たつ,福島県いわき市江名字江ノ浦１０５番地,2017-03-27,株式会社
株式会社鶴見建材,静岡県湖西市新居町新居５００番地の２９９,2017-03-27,株式会社
株式会社黒岩工業,千葉県市原市北国分寺台５丁目１１番地５,2017-03-27,株式会社
株式会社２０２１コミュニケーションズ,東京都中央区銀座６丁目６番１号銀座風月堂ビル,2017-03-27,株式会社
株式会社２Ｈ,北海道帯広市東五条南１４丁目１番地３６,2017-03-27,株式会社
株式会社７１ＧＡＲＡＧＥ,大阪府吹田市片山町４丁目３３番４１号,2017-03-27,株式会社
株式会社Ａ＆Ｂ,東京都江東区住吉２丁目１番１４号,2017-03-27,株式会社
株式会社ＡＫ－ＦＡＣＴＯＲＹ,埼玉県さいたま市緑区大字中尾３７４０番地カインド２０２,2017-03-27,株式会社
株式会社Ａｓｉａｎ　Ｆｉｌｍｓ,兵庫県神戸市中央区元町高架通三丁目２２７番地２Ｆ,2017-03-27,株式会社
株式会社ＢＬＡＳＴ,山口県宇部市東本町１丁目５番１号内海ビル３０２,2017-03-27,株式会社
株式会社ＣＯＬＺＡ,神奈川県海老名市中央２丁目８番３３号－７０１,2017-03-27,株式会社
株式会社Ｃｏｍｐｏｓｉｔｅ　Ｅｎｅｒｇｙ　Ｓｏｌｕｔｉｏｎｓ,東京都葛飾区青戸８丁目２番８号,2017-03-27,株式会社
株式会社Ｃｒｉａｄｏｒ,東京都品川区北品川２丁目１８番３号北品川アパートメント５０７,2017-03-27,株式会社
株式会社Ｃｕｏｒｅ,神奈川県横浜市西区高島１丁目１番２号,2017-03-27,株式会社
株式会社ＤＨ　Ｃｏｒｐｏｒａｔｉｏｎ,大阪府大阪市中央区東心斎橋２丁目４番１９号玉屋町ギャラクシービル３号館５階５０８号室,2017-03-27,株式会社
株式会社ＥＡＢ,静岡県浜松市南区本郷町１３２０番地の１,2017-03-27,株式会社
株式会社ＥＮＣ,兵庫県神戸市中央区加納町３丁目４番６号,2017-03-27,株式会社
株式会社Ｅｘｃｅｅｄ,東京都渋谷区神南１丁目１２番１４号,2017-03-27,株式会社
株式会社ＦＡＤｒｏｎｅ,富山県高岡市福岡町木舟１６１番地,2017-03-27,株式会社
株式会社ＦＯＲ,埼玉県越谷市レイクタウン７丁目１１番地６,2017-03-27,株式会社
株式会社Ｆｒｏｉ　Ｌｉｎｅ,東京都港区六本木７丁目１３番１０号宮下ビル２階,2017-03-27,株式会社
株式会社Ｇ．Ｉ,東京都世田谷区等々力７丁目２２番６－１１７号,2017-03-27,株式会社
株式会社ＧＯＬＤ　ＦＯＸ,東京都墨田区石原４丁目２５番１５号ミレニアムビル５階,2017-03-27,株式会社
株式会社ＧＰ　Ｇｌｏｂａｌ　Ｅｓｔａｔｅｓ,東京都新宿区左門町２番地６,2017-03-27,株式会社
株式会社Ｈ＆Ｓ,東京都杉並区上井草４丁目２４番３号,2017-03-27,株式会社
株式会社ＨＡＷ,熊本県菊池郡菊陽町大字津久礼１０６番地７,2017-03-27,株式会社
株式会社ＨＩＲＯテクニカル,東京都港区新橋２丁目１６番１号,2017-03-27,株式会社
株式会社ＨＭコーポレーション,北海道札幌市中央区南一条西２３丁目１番３３号,2017-03-27,株式会社
株式会社ＨＯＵＳＥ　ＧＡＴＥ,東京都世田谷区北沢４丁目３１番１６号－３階,2017-03-27,株式会社
株式会社Ｉｒｉｓ,兵庫県高砂市米田町島１２３－８,2017-03-27,株式会社
株式会社Ｊ＆Ｕ,埼玉県越谷市大字南荻島３５３３番地１,2017-03-27,株式会社
株式会社ＫＡＫＥＲＵ　ＣＲＥＡＴＩＶＥ　ＳＴＵＤＩＯ,東京都目黒区祐天寺１丁目１５番４号,2017-03-27,株式会社
株式会社ＫＩＮＯ　ＴＥＣＨ,茨城県日立市神峰町３丁目７番３号,2017-03-27,株式会社
株式会社ＫＭＣ,東京都渋谷区恵比寿西２丁目２０番７－３１２号,2017-03-27,株式会社
株式会社ＫＯＭ,大阪府大阪市東成区深江南２丁目１５番１３号,2017-03-27,株式会社
株式会社Ｋａｎｏｎ,大阪府八尾市南木の本３丁目１９番地の６９,2017-03-27,株式会社
株式会社ＭＡＳＴ,東京都豊島区雑司が谷２丁目８番１２号グリーンテラス雑司が谷１Ｆ,2017-03-27,株式会社
株式会社ＭＬＴＳＣ日本,神奈川県横浜市都筑区池辺町４３８４番地ガーデンテラス鴨居２０６,2017-03-27,株式会社
株式会社ＭＯＴＥＪＯ　Ｇｒｏｕｐ,東京都中央区銀座８丁目１０番８号銀座８丁目１０番ビル４Ｆ,2017-03-27,株式会社
株式会社ＭＳカンパニー,千葉県市原市光風台１丁目２７０番地２,2017-03-27,株式会社
株式会社Ｍｉｙａｍｏｔｏ　Ｍａｔｈｅｍａｔｉｃｓ　Ｉｎｔｅｒｎａｔｉｏｎａｌ,東京都中野区中野２丁目１２番１２号中野勧業ビル４階,2017-03-27,株式会社
株式会社ＮＣＳ,東京都台東区浅草１丁目１２番８号,2017-03-27,株式会社
株式会社ＮＧＭ,山口県防府市大字植松５５９番地の１,2017-03-27,株式会社
株式会社ＮＩＣ,千葉県千葉市中央区神明町１２番地４ヴァンテアン３０３号,2017-03-27,株式会社
株式会社Ｎｅｓｔ　ｒｅｖｏｌｕｔｉｏｎ,沖縄県中頭郡北谷町字桑江５１０番地１大同マンション２－Ａ,2017-03-27,株式会社
株式会社Ｎｅｘｔ　Ｇｅｎｅｒａｔｉｏｎｓ,東京都国立市東１丁目１７番地の３,2017-03-27,株式会社
株式会社ＯＫＧＡＩＡ,東京都新宿区新宿４丁目３番１７号,2017-03-27,株式会社
株式会社ＯＰＲＥＡ,愛知県名古屋市中区新栄３丁目３番１号,2017-03-27,株式会社
株式会社ＰＩＰＥ,東京都目黒区上目黒４丁目１８番２５号,2017-03-27,株式会社
株式会社Ｐｕｌｌｕｐ,埼玉県東松山市大字東平２４２７番地４,2017-03-27,株式会社
株式会社ＱＷＥＲＴ,東京都千代田区東神田１丁目２番１１号,2017-03-27,株式会社
株式会社Ｒ．Ｄ　Ｇａｆｆ,大阪府大阪市西淀川区姫島１丁目７番２６号,2017-03-27,株式会社
株式会社Ｒ１１Ｒ,東京都中央区日本橋人形町３丁目１２番４－１００１号,2017-03-27,株式会社
株式会社ＲＥＧＡＬＥ　ＪＡＰＡＮ,滋賀県彦根市長曽根町４３,2017-03-27,株式会社
株式会社ＲＹＭアカウンティング,東京都渋谷区笹塚１丁目５６番１０号笹塚総栄ビル７１４号室,2017-03-27,株式会社
株式会社ＳＥＩＳＨＩＮ,東京都清瀬市旭が丘３丁目３７３番地１－３０７,2017-03-27,株式会社
株式会社ＳＥＬＥＣＴ－ＯＮＥ,茨城県那珂郡東海村大字石神内宿１１７１番地１８,2017-03-27,株式会社
株式会社ＳＰＥＣ,静岡県三島市寿町３番３３号２０１,2017-03-27,株式会社
株式会社ＳＴＫ,茨城県神栖市横瀬９９５番地１２,2017-03-27,株式会社
株式会社ＳＷＩＭＳ,東京都目黒区青葉台３丁目１８番３号,2017-03-27,株式会社
株式会社ＴＲＹ,群馬県伊勢崎市連取町３０９２番地３,2017-03-27,株式会社
株式会社Ｔｈｅｒａｐｉｓｔ　Ｉｎｆｉｎｉｔｙ,神奈川県茅ヶ崎市東海岸北１丁目７番２６号スリーウッド湘南１０２,2017-03-27,株式会社
株式会社Ｔｒｉｎｉｔｙ,神奈川県横須賀市日の出町１丁目８番地２０２号,2017-03-27,株式会社
株式会社ＷＡＤＡＣＨＩ,東京都三鷹市井の頭１丁目２２番７号Ｖｉｌｌａ井の頭２０１,2017-03-27,株式会社
株式会社ＷＡＬＫ＆ＷＡＹ,東京都港区南麻布２丁目２番２８号,2017-03-27,株式会社
株式会社ＷＩＬＬ・ｍ,広島県広島市中区上八丁堀４番２８号,2017-03-27,株式会社
株式会社ＹＭＹ,神奈川県大和市下鶴間２９番地７,2017-03-27,株式会社
株式会社ＹＳエンゲージメント,大阪府吹田市豊津町１４－４西江坂ビル３階,2017-03-27,株式会社
株式会社Ｚ－ＣＵＰ,東京都渋谷区恵比寿１丁目８番１４－３１４号,2017-03-27,株式会社
株式会社ＺＥＮ　ＴＥＣＨＮＯＬＯＧＹ,埼玉県さいたま市浦和区高砂３丁目１２番２４号小峰ビル５階,2017-03-27,株式会社
株式会社ＺＥＮコーポレーション,北海道札幌市中央区南五条西３丁目１１番地,2017-03-27,株式会社
株式会社ａｃｒｏ－ｏｎｅ,東京都中央区日本橋本町４丁目８番１５号,2017-03-27,株式会社
株式会社ａｍｂｉｔｉｏｕｓ,東京都新宿区歌舞伎町１丁目１７番５号,2017-03-27,株式会社
株式会社ｉｒｏｉｒｏ,熊本県菊池市亘４０番地１,2017-03-27,株式会社
株式会社ｍａｍｍａ－ｍｉａ,福岡県福岡市早良区百道浜２丁目９０２－１,2017-03-27,株式会社
株式会社ｓｋ　ｎｉｎｅ,大阪府大阪市生野区巽東４丁目８番５号,2017-03-27,株式会社
株式会社ｔａｉｌ２ｎｏｓｅ,東京都港区南青山３丁目８番２号サンブリッジ青山３Ｆ,2017-03-27,株式会社
桜左官工芸合同会社,埼玉県さいたま市桜区栄和５丁目４番１６号ヴィラオーシャンコート３０１,2017-03-27,合同会社
武一建設株式会社,愛知県名古屋市南区要町２丁目８番地の１,2017-03-27,株式会社
武蔵合同会社,東京都港区南青山２丁目２番１５号ウィン青山９４２,2017-03-27,合同会社
瀬戸大橋観光船協会,岡山県倉敷市児島駅前３丁目２３,2017-03-27,その他
特定非営利活動法人ステラ,埼玉県川越市大字山田３４１番地６,2017-03-27,その他の設立登記法人
特定非営利活動法人学童クラブプリズムの会,埼玉県深谷市上柴町西５丁目３番地６,2017-03-27,その他の設立登記法人
特定非営利活動法人文化継承機構かなえ,北海道札幌市中央区北五条西６丁目１番北海道通信ビル９Ｆ９１１,2017-03-27,その他の設立登記法人
生きた建築ミュージアム大阪実行委員会,大阪府大阪市中央区道修町３丁目４－１１新芝川ビル１０５,2017-03-27,その他
田中株式会社,大阪府泉南市樽井８丁目４番１号,2017-03-27,株式会社
登京建物管理株式会社,大阪府高石市千代田６丁目７番１７号,2017-03-27,株式会社
社会保険労務士法人金井労務管理事務所,神奈川県川崎市川崎区宮前町４番１２号２階,2017-03-27,その他の設立登記法人
社会福祉法人輔心会,北海道上川郡新得町西二条南５丁目５番地１,2017-03-27,その他の設立登記法人
筒井賃貸住宅合同会社,愛媛県伊予市上野３９８番地１６,2017-03-27,合同会社
翰和株式会社,千葉県柏市西原１丁目１７番７号プレジール西原１０６号室,2017-03-27,株式会社
蒼政工業株式会社,千葉県市原市中高根１３８０番地１８,2017-03-27,株式会社
裕満春合同会社,東京都北区田端新町１丁目７－１４ビズフィールド西日暮里１０５,2017-03-27,合同会社
辰澤工業株式会社,神奈川県横浜市鶴見区市場上町６番１－２号,2017-03-27,株式会社
農事組合法人たかだ,山形県東置賜郡川西町大字時田１４１０番地,2017-03-27,その他の設立登記法人
農事組合法人ＡＹ,兵庫県三田市四ツ辻６９番地,2017-03-27,その他の設立登記法人
農業生産法人株式会社畑里,沖縄県石垣市字真栄里１１１１番地２３０,2017-03-27,株式会社
２ｎｄ　ｐｒｉｍｅ株式会社,大阪府大阪市西区北堀江１丁目６番１２号,2017-03-27,株式会社
３ＰＩＮＥＳ株式会社,鹿児島県鹿児島市名山町１０番４号,2017-03-27,株式会社
Ｂｅ’ｓｔａｒｚ株式会社,福岡県福岡市博多区吉塚本町１０番２１－２０１号,2017-03-27,株式会社
ＣＰＦエンジニアリング株式会社,東京都江戸川区瑞江４丁目１０番１号シオン２０２,2017-03-27,株式会社
ＣＳＵＮＰＯＷＥＲジャパンテクノロジー株式会社,東京都品川区南品川２丁目２番１０号南品川Ｎビル５Ｆ,2017-03-27,株式会社
Ｃｕｒａｒｅ　Ｃｏｍｐａｎｙ合同会社,栃木県大田原市薄葉１１４６番地１,2017-03-27,合同会社
ＥＴ　Ｓｏｌａｒ　Ｇｌｏｂａｌ　Ｊａｐａｎ株式会社,東京都千代田区丸の内３丁目１－１,2017-03-27,株式会社
ＦＵＮＡＴＥＣ合同会社,神奈川県横須賀市山科台５２番１６号,2017-03-27,合同会社
ＪＥＮ昆布盛ウインドファーム株式会社,北海道根室市昆布盛１４９番地１２,2017-03-27,株式会社
ＪＥＮ玖珠ウインドファーム株式会社,大分県玖珠郡玖珠町大字戸畑９２１２番の１,2017-03-27,株式会社
ＪＷＭ　Ａｓｉａ　Ｊａｐａｎ株式会社,東京都港区六本木６丁目１２番４号Ｄ棟１５１３号室,2017-03-27,株式会社
ＫＤ合同会社,埼玉県川口市大字源左衛門新田７９－３０,2017-03-27,合同会社
ＬＧＦ株式会社,大阪府大阪市都島区都島本通３丁目５番２号,2017-03-27,株式会社
ＭＫＴハウジング合同会社,東京都世田谷区上北沢３丁目２１番２１号,2017-03-27,合同会社
ＭＭＴ株式会社,静岡県沼津市一本松１８７番地の３,2017-03-27,株式会社
ＭＲＭコーポレーション合同会社,東京都江東区東雲１丁目９番４１－２６１１号,2017-03-27,合同会社
Ｍａｎｓａ　Ｄｅｖｉ　Ｆｕｒｎｉｔｕｒｅ　Ｕｄｙｏｇ,東京都中野区中野６丁目２１番７号フェリスヴィガー１階１０１号室,2017-03-27,外国会社等
ＮＥＷ　ＬＩＦＥ　ＢＡＬＡＮＣＥ株式会社,東京都新宿区西新宿７丁目５番２０号,2017-03-27,株式会社
ＮＧＣ株式会社,埼玉県朝霞市膝折町１丁目３番４３－５０９号,2017-03-27,株式会社
ＯＭＣ株式会社,広島県尾道市御調町市４６０番地１,2017-03-27,株式会社
ＯＳＡＫＡ　ＥＸＰＯＲＴ株式会社,神奈川県藤沢市宮原１６６６番地,2017-03-27,株式会社
Ｓ・Ｓ株式会社,大阪府大阪市平野区平野南１丁目１２番３０号,2017-03-27,株式会社
Ｓ－ＣＬＩＭＢ株式会社,長崎県大村市玖島２丁目３３８番地８,2017-03-27,株式会社
ＳＫＤホールディングス一般社団法人,東京都港区虎ノ門３丁目２２番１０－２０１号,2017-03-27,その他の設立登記法人
ＳＯＳＨ　Ｉｎｖｅｓｔｍｅｎｔ株式会社,東京都港区南麻布４丁目１０番２号,2017-03-27,株式会社
Ｓａｆｅ　Ａｐｐｒｏａｃｈ　Ｍｅｄｉｃａｌ株式会社,福島県南相馬市小高区飯崎字南原６５番地の１,2017-03-27,株式会社
Ｓｏｃｉａｌ＆Ｒｅｔａｉｌｉｎｇ社会保険労務士法人,東京都千代田区鍛冶町１丁目１０番６号,2017-03-27,その他の設立登記法人
ＴＮＥＸＴ株式会社,福岡県福岡市博多区中呉服町４番２０号,2017-03-27,株式会社
ＴＲＡＮ　ＧＩＡ合同会社,東京都足立区梅島１丁目２６番２８号アクセス梅島２０５号室,2017-03-27,合同会社
ＴＳＵＣＨＩＹＡ社会保険労務士法人,静岡県御殿場市中清水１５８番地の８,2017-03-27,その他の設立登記法人
Ｗａｖｅ８９株式会社,東京都港区南青山１丁目１４番７号ベルメイゾン１Ｆ,2017-03-27,株式会社
ＹＭ工業合同会社,愛知県瀬戸市八幡台２丁目１番８０４号,2017-03-27,合同会社
ＹＳＷ　Ｔｏｋｙｏ株式会社,東京都渋谷区桜丘町２３番１７号シティコート桜丘４０８,2017-03-27,株式会社
ｍａｉｓ合同会社,愛知県小牧市大字久保一色３３６９番地ブリアンⅡ３０１号,2017-03-27,合同会社
あすみあ総合司法書士法人,広島県広島市東区光町２丁目６番４１号セネスビル４階,2017-03-28,その他の設立登記法人
えびす建築工房株式会社,兵庫県西宮市津門稲荷町２番２１号,2017-03-28,株式会社
さんびるホールディングス株式会社,島根県松江市乃白町薬師前３番地３,2017-03-28,株式会社
みなも環境調査株式会社,鹿児島県鹿児島市西伊敷７丁目１０番３号,2017-03-28,株式会社
やまだ塗装株式会社,埼玉県入間郡毛呂山町大字毛呂本郷１４３３番地３,2017-03-28,株式会社
アイラーティ合同会社,沖縄県那覇市西２丁目２１番１－１３０２号ル・サンク那覇西街,2017-03-28,合同会社
アスピリアン・ジャパン株式会社,東京都港区赤坂１丁目１４番５号,2017-03-28,株式会社
アリスの庭株式会社,北海道札幌市中央区南二条西１０丁目１オエノン北海道ビル２Ｆ,2017-03-28,株式会社
アールメンテ株式会社,宮城県柴田郡村田町大字沼辺字赤沼１６１番地１,2017-03-28,株式会社
イノインスツルメンツ・ジャパン株式会社,東京都港区赤坂９丁目１番７－７５６号,2017-03-28,株式会社
エムティートラスト株式会社,神奈川県川崎市多摩区宿河原２丁目１５番３１号,2017-03-28,株式会社
エンゼルリゾート志賀高原管理組合法人,長野県下高井郡山ノ内町大字平穏３２４６番地１,2017-03-28,その他の設立登記法人
オオイタロケッツ合同会社,大分県別府市大字鶴見４５５０番地の３７,2017-03-28,合同会社
ガイア工業株式会社,福島県福島市東中央３丁目１８番地の３ピュアイーストＤ２０２,2017-03-28,株式会社
キルン合同会社,福岡県福岡市中央区薬院２丁目４番１５－８０１号,2017-03-28,合同会社
クレサヴァ株式会社,東京都港区西麻布３丁目３番３号,2017-03-28,株式会社
グリーンローズ株式会社,熊本県熊本市東区長嶺西１丁目１０番３５号,2017-03-28,株式会社
グローバルエアーパートナーズジャパン株式会社,東京都港区東新橋２丁目６番６号,2017-03-28,株式会社
ジェイマネジメント合同会社,神奈川県横浜市青葉区大場町１６７番地２,2017-03-28,合同会社
スパイスアンドピースマヨネーズファクトリー株式会社,神奈川県川崎市宮前区鷺沼３丁目４番地７,2017-03-28,株式会社
セイコウヒューマンパワー合同会社,東京都新宿区百人町２丁目１８番１５号,2017-03-28,合同会社
ソワールスタジオ株式会社,東京都千代田区神田須田町２丁目２５番,2017-03-28,株式会社
ティアラボーテ株式会社,神奈川県川崎市多摩区西生田５丁目５番１４号,2017-03-28,株式会社
ナミキミ合同会社,東京都江戸川区中葛西５丁目３３番４－１４０１号,2017-03-28,合同会社
ニシミナ合同会社,福岡県大野城市南ケ丘２丁目２２番３－２０３号,2017-03-28,合同会社
バイオテクサ株式会社,東京都港区西新橋３丁目４番１号,2017-03-28,株式会社
パンドラ株式会社,東京都荒川区町屋３丁目２番１号Ｂ１Ｆ,2017-03-28,株式会社
ヒューマンヤードホールディングス株式会社,東京都立川市錦町６丁目２３番１８号,2017-03-28,株式会社
ビックチャンス合同会社,東京都北区赤羽台３丁目１３番２２号,2017-03-28,合同会社
フードクリエイションワークス株式会社,東京都港区芝２丁目７番１７号,2017-03-28,株式会社
ベルパラッツオ管理組合法人,沖縄県うるま市字塩屋４９７番地３－１０１号,2017-03-28,その他の設立登記法人
ホープＪ株式会社,千葉県浦安市北栄２丁目９番３８－２０１号,2017-03-28,株式会社
ボナコーポレーション株式会社,大阪府大阪市中央区南新町１丁目２番４号,2017-03-28,株式会社
ポプロモビル株式会社,神奈川県鎌倉市由比ガ浜２丁目１３番１０号,2017-03-28,株式会社
ポラスハウジング千葉株式会社,千葉県松戸市八ケ崎８丁目３１番地の１０,2017-03-28,株式会社
マイハウス合同会社,東京都千代田区飯田橋２丁目１７番９,2017-03-28,合同会社
マキ保温工業株式会社,福岡県福岡市東区馬出２丁目５番２５号,2017-03-28,株式会社
マテリアルジャパン株式会社,愛知県名古屋市中区丸の内３丁目１９－２３・５ｔｈ・Ｆ．Ｐ．Ｓビル８階,2017-03-28,株式会社
メタモ株式会社,東京都港区赤坂６丁目１２番１４－１１０２号,2017-03-28,株式会社
ユニオンテック株式会社,福島県石川郡浅川町大字浅川字大明塚３７番地の１,2017-03-28,株式会社
ラヴィアンブルー合同会社,広島県広島市西区小河内町２丁目１４番２２－１０１号,2017-03-28,合同会社
リベラル協同組合,茨城県行方市山田２０７９番地,2017-03-28,その他の設立登記法人
ルミエール不動産株式会社,東京都品川区小山５丁目９番１７号,2017-03-28,株式会社
レッサーパンダ株式会社,京都府京都市左京区高野清水町２４－６,2017-03-28,株式会社
ロイヤル・イングリッシュ合同会社,福岡県福岡市早良区祖原２９－３３パルム西新Ⅲ１Ｆ,2017-03-28,合同会社
ヴィーナスＪＡＰＡＮ合同会社,長崎県諫早市多良見町木床１５１３番地２,2017-03-28,合同会社
ヴェルティス株式会社,神奈川県川崎市宮前区東有馬５丁目４番１１号,2017-03-28,株式会社
一期一会合同会社,東京都文京区音羽１丁目１０－４－３２３号室,2017-03-28,合同会社
一般社団法人いろは,大阪府岸和田市春木北浜町５番３号,2017-03-28,その他の設立登記法人
一般社団法人よか隊ネット熊本,熊本県熊本市東区尾ノ上１丁目１３番７号ビバリーヒルズ尾ノ上１０１号,2017-03-28,その他の設立登記法人
一般社団法人コスモエステート,埼玉県川口市大字安行領家２７０番地,2017-03-28,その他の設立登記法人
一般社団法人サーティワン,東京都港区北青山３丁目５番１４号青山鈴木硝子ビル７階ルース総合会計事務所内,2017-03-28,その他の設立登記法人
一般社団法人ホットスタッフ,東京都八王子市大楽寺町５４０番地５,2017-03-28,その他の設立登記法人
一般社団法人国頭村観光協会,沖縄県国頭郡国頭村字奥間１５６９番地１,2017-03-28,その他の設立登記法人
一般社団法人小川植林組合,静岡県伊東市岡４３１番地の１０,2017-03-28,その他の設立登記法人
一般社団法人福王山太陽光発電,東京都千代田区丸の内２丁目１番１号,2017-03-28,その他の設立登記法人
一般社団法人Ａｔｈｌｅｔｅｓ　Ｆｏｒ　Ｆａｎｓ,東京都港区赤坂９丁目５番地２６号パレ乃木坂４０４号室,2017-03-28,その他の設立登記法人
一般社団法人ＦｉｖｅＬｅａｆ,栃木県矢板市木幡２５４９番地８,2017-03-28,その他の設立登記法人
一般社団法人Ｎｅｘｔ　Ｅｄｕｃａｔｉｏｎ,大阪府八尾市安中町２丁目６番９号清水ビル２階,2017-03-28,その他の設立登記法人
一般社団法人ＰＲＯＧＲＥＳＳ,大分県大分市中春日町４番２５号,2017-03-28,その他の設立登記法人
一般社団法人ＳＨ９２,東京都港区虎ノ門３丁目２２番１０－２０１号,2017-03-28,その他の設立登記法人
一般社団法人ＳＨ９３,東京都港区虎ノ門３丁目２２番１０－２０１号,2017-03-28,その他の設立登記法人
一般社団法人ＳＬＳ,高知県高知市介良乙１０６７番地１,2017-03-28,その他の設立登記法人
一般財団法人マリー・ローランサン美術館,東京都新宿区戸山３丁目１５番１号,2017-03-28,その他の設立登記法人
三友株式会社,東京都新宿区高田馬場１丁目３３番６号,2017-03-28,株式会社
三秋商事株式会社,東京都北区赤羽西４丁目３３番地１３,2017-03-28,株式会社
中山工業株式会社,福岡県福岡市南区長住２丁目１９番２２号２階,2017-03-28,株式会社
丸の内インフラストラクチャー株式会社,東京都千代田区丸の内２丁目５番２号,2017-03-28,株式会社
丸の内ハイドロパワー株式会社,東京都千代田区丸の内２丁目５番２号,2017-03-28,株式会社
信洋株式会社,東京都港区海岸３丁目３３番１７号東京ベイサイドビル,2017-03-28,株式会社
八峰グリーンサービス株式会社,東京都八王子市中野町２６８６番地８号,2017-03-28,株式会社
六働産業株式会社,静岡県静岡市葵区西草深町６番３９号,2017-03-28,株式会社
凱瑞株式会社,東京都江東区大島８丁目１６番２号,2017-03-28,株式会社
医療法人ふれあい,愛知県一宮市本町４丁目１９番２４号,2017-03-28,その他の設立登記法人
医療法人夢こもれび,神奈川県横浜市戸塚区品濃町５１３番地７清光ビル３階,2017-03-28,その他の設立登記法人
医療法人寛裕会,愛知県名古屋市守山区西城２丁目６１３番地,2017-03-28,その他の設立登記法人
医療法人恵秀会,愛知県名古屋市中村区鳥居西通１丁目４５番地,2017-03-28,その他の設立登記法人
医療法人清正会,広島県安芸郡府中町本町４丁目５番３７号,2017-03-28,その他の設立登記法人
医療法人社団むすびの会,福島県南相馬市鹿島区鹿島字御前ノ内１０６番地,2017-03-28,その他の設立登記法人
医療法人社団オハナクリニック木の下町,静岡県静岡市清水区木の下町４４番地の１,2017-03-28,その他の設立登記法人
医療法人社団仁全会,東京都台東区竜泉１丁目１０番６号秋田屋銘木店１階,2017-03-28,その他の設立登記法人
医療法人社団Ｈｉｄａｍａｒｉ,静岡県富士市今泉２丁目１０番１５号,2017-03-28,その他の設立登記法人
合同会社あかり,埼玉県加須市中ノ目４９８番地,2017-03-28,合同会社
合同会社おんぷ,大阪府泉南市信達市場２３４番地１－２０２,2017-03-28,合同会社
合同会社くみきゃれ,岡山県岡山市北区青江３丁目４番６－１０３号,2017-03-28,合同会社
合同会社さくらクラフト,奈良県桜井市大字阿部木材団地一丁目７の１６,2017-03-28,合同会社
合同会社つる家,北海道札幌市西区福井７丁目５番３２号,2017-03-28,合同会社
合同会社アーティクルフィルムズ,東京都新宿区西新宿４丁目１４番１号,2017-03-28,合同会社
合同会社エスタグ,東京都千代田区神田佐久間町３丁目２１番地５ヒガシカンダビル３０７号,2017-03-28,合同会社
合同会社エネクト,東京都港区南麻布２丁目７番３０号リバーサイド麻布３０４号室,2017-03-28,合同会社
合同会社オフィスＡＯＩ,埼玉県さいたま市南区南本町２丁目２２番２号,2017-03-28,合同会社
合同会社オンゴーインググロース,沖縄県那覇市首里鳥堀町４丁目６１番地４,2017-03-28,合同会社
合同会社クリエイト,東京都新宿区弁天町１０５番地日神デュオステージ新宿外苑東通り２０２,2017-03-28,合同会社
合同会社シャリマートレーディング,千葉県市川市河原１６番１３号,2017-03-28,合同会社
合同会社シンエイ,香川県三豊市山本町辻１８２７番地１,2017-03-28,合同会社
合同会社ジョイフルコーポレーション,東京都世田谷区奥沢５丁目１番１１号メゾンドジョワ２０２,2017-03-28,合同会社
合同会社ダンネバ,神奈川県逗子市小坪５丁目２３番３号,2017-03-28,合同会社
合同会社トータルライフソリューション,愛知県名古屋市北区清水１丁目２番２号,2017-03-28,合同会社
合同会社ノリコ,神奈川県川崎市川崎区京町３丁目３２番２－５０９号県営京町グリーンハイム１,2017-03-28,合同会社
合同会社ミモザエステート,宮城県仙台市太白区砂押町１７番３０号,2017-03-28,合同会社
合同会社ライフサポート結,愛媛県松山市西石井２丁目５番２７号,2017-03-28,合同会社
合同会社ライフ・クローゼット,神奈川県横浜市旭区二俣川１丁目６７番地１,2017-03-28,合同会社
合同会社リス,東京都新宿区四谷２丁目９番地１５あると綜合事務所内,2017-03-28,合同会社
合同会社七色の羽根,大分県大分市大字奥田４９１番地の３,2017-03-28,合同会社
合同会社働力,埼玉県所沢市西所沢１丁目２０番６号,2017-03-28,合同会社
合同会社加美青木原太陽光発電,東京都千代田区神田錦町３丁目１１番地,2017-03-28,合同会社
合同会社吉川製作所,東京都江東区木場６丁目９番５号,2017-03-28,合同会社
合同会社器々,沖縄県中頭郡中城村字北上原６３３番地１,2017-03-28,合同会社
合同会社小野事務所,福島県いわき市中岡町６丁目１２番地の１４,2017-03-28,合同会社
合同会社新日本統起,福島県福島市飯坂町字梍町２３番地の１,2017-03-28,合同会社
合同会社未来企画,沖縄県那覇市首里石嶺町２丁目２３５番地２３,2017-03-28,合同会社
合同会社松本鉄筋,千葉県印旛郡栄町安食２丁目１４番地１ガーデンヒルズＡ－１０２,2017-03-28,合同会社
合同会社柏馬堂,千葉県柏市若柴２６４番地１,2017-03-28,合同会社
合同会社沖縄マイテック,沖縄県浦添市沢岻１丁目３５番７号,2017-03-28,合同会社
合同会社番町,東京都千代田区二番町５番地２麹町駅プラザ９０１,2017-03-28,合同会社
合同会社白戸事務所,東京都港区虎ノ門３丁目１４番１－９０５号,2017-03-28,合同会社
合同会社花はな,愛媛県松山市余戸南４丁目１５番３号,2017-03-28,合同会社
合同会社陽美工業,大阪府豊中市三和町２丁目１番４－８０６号,2017-03-28,合同会社
合同会社雨樋工事森田,大分県大分市大字辻７２１番地の１,2017-03-28,合同会社
合同会社高留商店,新潟県小千谷市東栄１丁目３番２３号,2017-03-28,合同会社
合同会社３ＣＧ　ｌａｂｏ,静岡県静岡市葵区西瀬名町二丁目３５番,2017-03-28,合同会社
合同会社Ｂｌｅｓｓｉｎｇ　Ａｇｅ,兵庫県芦屋市大原町２番５号２Ｆ,2017-03-28,合同会社
合同会社ＥＲＩＺＡ,沖縄県国頭郡金武町字金武３７０番地,2017-03-28,合同会社
合同会社Ｅｌｅｇａｎｔ　Ｒｅｔａｉｌｉｎｇ,愛知県安城市横山町寺田６０番地８,2017-03-28,合同会社
合同会社Ｇｒａｎｔｕｓ,東京都港区浜松町２丁目２番１５号,2017-03-28,合同会社
合同会社ＨＴＳ,愛知県名古屋市中村区亀島１丁目１３－９,2017-03-28,合同会社
合同会社ＪＳ,東京都新宿区百人町１丁目１９－２ユニオンビル２０１号,2017-03-28,合同会社
合同会社ＫＡＮＤＡＴＳＵオートジャパン,茨城県かすみがうら市上稲吉１９８４,2017-03-28,合同会社
合同会社ＫＤコンフォート,東京都港区赤坂６丁目５番３８－４１８号,2017-03-28,合同会社
合同会社Ｋｉａｒａ,香川県観音寺市柞田町丙１２０８番地１,2017-03-28,合同会社
合同会社ＬＣＹ,東京都北区西ケ原１丁目５４番６号,2017-03-28,合同会社
合同会社Ｏｆｆｉｃｅ　ＡＳＡＴＯ,沖縄県那覇市おもろまち３丁目５番２５号ハピネス新都心Ⅲ６０２,2017-03-28,合同会社
合同会社ＳＹ企画,香川県綾歌郡宇多津町浜五番丁６３番地１コンフォート宇多津１０１,2017-03-28,合同会社
合同会社ＷＥＣ,神奈川県横浜市西区戸部町６丁目２１２番地１,2017-03-28,合同会社
嘉信日本株式会社,大阪府枚方市船橋本町１丁目７６９番地,2017-03-28,株式会社
大隅ティーナリー株式会社,鹿児島県志布志市有明町原田１２０３番地７,2017-03-28,株式会社
威揚株式会社,東京都荒川区町屋３丁目２番１号Ｂ１Ｆ,2017-03-28,株式会社
学校法人宮の杜学園,千葉県旭市飯岡２１２６番地１,2017-03-28,その他の設立登記法人
宝盛合同会社,埼玉県川口市朝日６丁目４番２０－３０２号第３コーポサンキョー,2017-03-28,合同会社
宮崎県福祉サービス事業協同組合,宮崎県宮崎市大橋２丁目１４９番１号,2017-03-28,その他の設立登記法人
富川株式会社,東京都中央区日本橋２丁目１５番３号和孝江戸橋ビル６Ｆ,2017-03-28,株式会社
岡山県勤労者住宅生活協同組合,岡山県岡山市北区津島西坂１丁目４番１８号,2017-03-28,その他の設立登記法人
川本工業株式会社,兵庫県神戸市中央区下山手通８丁目１５番２５号,2017-03-28,株式会社
弁護士法人八丁堀法律事務所,東京都中央区日本橋茅場町１丁目２番１４号日本ビルディング３号館４階,2017-03-28,その他の設立登記法人
弁護士法人小久保法律事務所,東京都中央区東日本橋２丁目１８番４号２階,2017-03-28,その他の設立登記法人
愿力行株式会社,沖縄県那覇市前島３丁目２５番２号泊ポートビル１階,2017-03-28,株式会社
戊申電工株式会社,埼玉県川口市西川口６丁目８番８－３０４号ハイセレサ川口ウインドウフロウ,2017-03-28,株式会社
新潟情報通信企業組合,新潟県新潟市西区槇尾２番地１４,2017-03-28,その他の設立登記法人
新田エネルギー株式会社,宮城県富谷市ひより台１丁目４３番２１号,2017-03-28,株式会社
日本ソーシャルテレビジョン株式会社,東京都千代田区一番町１５番８号,2017-03-28,株式会社
日本底地保有３号合同会社,東京都港区虎ノ門１丁目１４番１号,2017-03-28,合同会社
有限会社北村製作所,長野県駒ヶ根市下平１３０１番地,2017-03-28,有限会社
有限会社山道工務店,東京都昭島市福島町３丁目２１番７号,2017-03-28,有限会社
木楽創研株式会社,鹿児島県薩摩川内市東郷町斧渕２７９番地１３,2017-03-28,株式会社
東昇物産株式会社,東京都千代田区内神田２丁目６－２矢板ビル,2017-03-28,株式会社
東興物流株式会社,東京都港区新橋４丁目１８番２号,2017-03-28,株式会社
松戸ロジスティクス特定目的会社,東京都中央区日本橋１丁目４番１号,2017-03-28,その他の設立登記法人
板谷建築株式会社,岡山県倉敷市中島１５６２番地１３,2017-03-28,株式会社
株式会社あさと商会,神奈川県厚木市三田２１００番地１,2017-03-28,株式会社
株式会社かみＢＩＯ,宮城県加美郡加美町小泉字天神７６番地１,2017-03-28,株式会社
株式会社こもれびＪＡＰＡＮ,三重県四日市市市場町２０９３番地３,2017-03-28,株式会社
株式会社さい,栃木県宇都宮市野沢町１０９番地３,2017-03-28,株式会社
株式会社ちゅら,神奈川県川崎市川崎区大島１丁目１１－９リラシオン８－Ｇ,2017-03-28,株式会社
株式会社はじめ組,埼玉県所沢市北野新町１丁目６番地９,2017-03-28,株式会社
株式会社まきば,北海道紋別郡遠軽町白滝上支湧別５４９番地１,2017-03-28,株式会社
株式会社まちなか米子,鳥取県米子市紺屋町４１番地,2017-03-28,株式会社
株式会社やまびこ開発,香川県高松市亀井町４番地２,2017-03-28,株式会社
株式会社よつば,東京都台東区浅草５丁目５４番４号サンファスト浅草ＳＡビル１０２号室,2017-03-28,株式会社
株式会社アイムブレイントラスト,東京都港区芝公園２丁目６番１５号,2017-03-28,株式会社
株式会社アクティ,大阪府守口市梶町４丁目１番１７号,2017-03-28,株式会社
株式会社アルフリードゲームス,東京都千代田区西神田３丁目５番３号,2017-03-28,株式会社
株式会社アースパワーセレクション,愛知県名古屋市中区栄１丁目３番３号,2017-03-28,株式会社
株式会社イッツボディ,群馬県伊勢崎市本町１１番３１号,2017-03-28,株式会社
株式会社イーアイテック,千葉県富津市大堀１６９５番地９９,2017-03-28,株式会社
株式会社エアフォルク,佐賀県佐賀市神野西３丁目１５番２５－４０１号,2017-03-28,株式会社
株式会社エカチエピルカ,北海道札幌市中央区大通西９丁目１番地１,2017-03-28,株式会社
株式会社エフシイズ,東京都中央区日本橋茅場町１丁目１３番２１号,2017-03-28,株式会社
株式会社エムアンドエムズ,東京都渋谷区本町２丁目７番１２号木原ビル１階,2017-03-28,株式会社
株式会社エムプラス,千葉県松戸市本町１２番地の１２中山ビル５０１号,2017-03-28,株式会社
株式会社エーアール,兵庫県加古川市西神吉町岸１６３番地の９,2017-03-28,株式会社
株式会社オフィス３８５,愛知県一宮市丹陽町九日市場字六反農４５９番地１－２,2017-03-28,株式会社
株式会社オ・エム・エス,埼玉県さいたま市南区鹿手袋３丁目２４番１０－２０３号,2017-03-28,株式会社
株式会社オーキッド,神奈川県横浜市西区高島２丁目１１番２号スカイメナー横浜４２２号,2017-03-28,株式会社
株式会社カキギフロア,大阪府大阪市天王寺区勝山２丁目１４番８号シャンテ勝山５０１号,2017-03-28,株式会社
株式会社カワセ防災,富山県富山市大町２８１番地１２,2017-03-28,株式会社
株式会社キムラ,東京都文京区小日向４丁目５番１１号,2017-03-28,株式会社
株式会社クリード,東京都大田区大森東２丁目１番１８－６０１号,2017-03-28,株式会社
株式会社グロース,愛知県名古屋市中村区稲葉地本通２丁目１５番地,2017-03-28,株式会社
株式会社ケンテック,岡山県倉敷市中畝２丁目６番６－４号,2017-03-28,株式会社
株式会社ケーシーエス,広島県呉市広塩焼２丁目１番５１号,2017-03-28,株式会社
株式会社コネクト,東京都中野区中野２丁目２９番地１５号１０３号室,2017-03-28,株式会社
株式会社コール,静岡県熱海市田原本町９番１号,2017-03-28,株式会社
株式会社ゴンらぱん,東京都千代田区神田紺屋町１６番地小林ビル,2017-03-28,株式会社
株式会社サーベイボーリング・ミズノ,北海道夕張郡長沼町しらかば１丁目３番１６号,2017-03-28,株式会社
株式会社シャンス,栃木県宇都宮市西刑部町１９６２番地３５,2017-03-28,株式会社
株式会社ショウ,東京都練馬区中村３丁目２２番１４－１０３号,2017-03-28,株式会社
株式会社ジシバリ,東京都渋谷区神泉町３－１３ウェルズ渋谷Ⅱ２０２号室,2017-03-28,株式会社
株式会社ジョブアライアンス,石川県小松市丸内町大手６３番地,2017-03-28,株式会社
株式会社ジョブパワー,京都府京都市伏見区深草西川原町３６番地１コトーハイツ伏見稲荷Ａ－２２７,2017-03-28,株式会社
株式会社スカイアップ・プロモーション,東京都新宿区歌舞伎町２丁目４番１４号東新宿レジデンシャルタワー４０７号室,2017-03-28,株式会社
株式会社スタートアップ,徳島県徳島市中昭和町１丁目３番地山一興業ビル４階,2017-03-28,株式会社
株式会社ゼロエイト,東京都中央区新川２丁目２１番１０号,2017-03-28,株式会社
株式会社ソレイユ,愛知県あま市七宝町沖之島市之坪２９１番地,2017-03-28,株式会社
株式会社ソーイングセンターＪＯＹ,大阪府大阪市東淀川区淡路４丁目１番４５号,2017-03-28,株式会社
株式会社タスクフォース,東京都港区芝大門２丁目３番地６号大門アーバニスト８０１号室,2017-03-28,株式会社
株式会社ダブル・ヴィジョン,兵庫県神戸市中央区熊内町４丁目１２番４号,2017-03-28,株式会社
株式会社ツワブキ,東京都世田谷区用賀２丁目５番１４号,2017-03-28,株式会社
株式会社ティアラ,神奈川県川崎市多摩区西生田５丁目５番１４号,2017-03-28,株式会社
株式会社ティーズカンパニー,東京都中央区八丁堀２丁目１９番６号ヤサカ八丁堀ビル,2017-03-28,株式会社
株式会社テイオー電気,千葉県木更津市朝日１丁目７番２９号,2017-03-28,株式会社
株式会社テリロジーワークス,東京都千代田区九段北１丁目１３番５号,2017-03-28,株式会社
株式会社デイライト,埼玉県所沢市西所沢２丁目１１番４号,2017-03-28,株式会社
株式会社トライ,大阪府大阪市中央区難波３丁目２番２７号,2017-03-28,株式会社
株式会社ドラコ,大阪府吹田市古江台５丁目１番２７－６０１号,2017-03-28,株式会社
株式会社ドリスタ,島根県仁多郡奥出雲町三成１７０１番地１５グリーンロフトいとが２階,2017-03-28,株式会社
株式会社ヌーリー商会,埼玉県春日部市榎４６６番地,2017-03-28,株式会社
株式会社ハイジア,栃木県宇都宮市山本２丁目２６番１４号,2017-03-28,株式会社
株式会社ハルカファーマ,埼玉県比企郡小川町大字大塚９６番地３,2017-03-28,株式会社
株式会社バルバロイ,東京都港区虎ノ門１丁目８番５号,2017-03-28,株式会社
株式会社ビットスティック,東京都港区麻布十番１丁目５番１０号,2017-03-28,株式会社
株式会社ピークエンタテインメント,東京都中野区沼袋４丁目９番１３号ヒカリハイツ３０６,2017-03-28,株式会社
株式会社ピースリー,神奈川県横浜市中区寿町２丁目６番地５,2017-03-28,株式会社
株式会社ファーム本田,福井県坂井市丸岡町一本田福所第１０号５１番地,2017-03-28,株式会社
株式会社フィーバス・アポロ・アカデミー,愛知県名古屋市名東区上社４丁目１０９番地,2017-03-28,株式会社
株式会社プラスコ,沖縄県沖縄市中央２丁目６番４７号３階,2017-03-28,株式会社
株式会社プロジェクト７,東京都千代田区九段北４丁目２番２号桜ビル６階,2017-03-28,株式会社
株式会社マイベスト,兵庫県西宮市山口町上山口４丁目１８番１５号,2017-03-28,株式会社
株式会社マリンブルー,東京都千代田区富士見２丁目４番１２号,2017-03-28,株式会社
株式会社ミシュラン,北海道札幌市豊平区月寒西一条１１丁目４番２４号,2017-03-28,株式会社
株式会社ミユキ,静岡県焼津市大住８番地の１,2017-03-28,株式会社
株式会社ミレシティ,東京都葛飾区西水元３丁目２１番１５号ワコー２１、１０２号,2017-03-28,株式会社
株式会社ヤマグチ建設,東京都北区浮間４丁目１３番１６号,2017-03-28,株式会社
株式会社ヤマハナ,京都府宇治市宇治善法１８番地,2017-03-28,株式会社
株式会社ライズ,神奈川県横浜市緑区鴨居６丁目１３番１５号,2017-03-28,株式会社
株式会社ライドオン・ペガサス,神奈川県横浜市戸塚区矢部町１４１９番地１戸塚西パークホームズ壱番館１０１号,2017-03-28,株式会社
株式会社ライフスタッフ,東京都中野区新井２丁目８番１２号,2017-03-28,株式会社
株式会社ラボ,佐賀県佐賀市新中町８番１４－１０１号,2017-03-28,株式会社
株式会社レートラボ,東京都目黒区上目黒２丁目４４番地８－３０１,2017-03-28,株式会社
株式会社ワンダー,愛知県名古屋市中村区名駅１丁目１番１号ＪＰタワー名古屋２１階,2017-03-28,株式会社
株式会社ワンドロップ,兵庫県尼崎市東園田町５丁目８５番地の２,2017-03-28,株式会社
株式会社ワールドインベスター,埼玉県さいたま市浦和区大東３丁目４０番２号,2017-03-28,株式会社
株式会社一喜,茨城県神栖市神栖１丁目７番１１号,2017-03-28,株式会社
株式会社万代,愛知県あま市新居屋西大池５番地,2017-03-28,株式会社
株式会社中丸,東京都港区白金台４丁目２番１号,2017-03-28,株式会社
株式会社丸仁高間工業,北海道札幌市白石区菊水元町五条１丁目６番２０－２０１号,2017-03-28,株式会社
株式会社丸鎌農園,福島県福島市鎌田字月ノ輪５,2017-03-28,株式会社
株式会社久司マクロビオス,東京都渋谷区恵比寿４丁目２０番３号,2017-03-28,株式会社
株式会社八角建設工業,埼玉県草加市小山２丁目１１番１３号,2017-03-28,株式会社
株式会社創和国際,京都府京都市左京区岩倉忠在地町５１５番地,2017-03-28,株式会社
株式会社北川工務店,大阪府和泉市葛の葉町２丁目４番１号田中ビル２０１号室,2017-03-28,株式会社
株式会社古見給油所,岡山県真庭市野川４０３番地１,2017-03-28,株式会社
株式会社和風空間,兵庫県神戸市北区有馬町２７３番地の３,2017-03-28,株式会社
株式会社善建,茨城県土浦市神立中央５丁目２４番１６号,2017-03-28,株式会社
株式会社売り土地情報松山,愛媛県松山市北久米町９１１番地１,2017-03-28,株式会社
株式会社大コーポレーション,岐阜県岐阜市中鶉１丁目１２９番地,2017-03-28,株式会社
株式会社大坪商事,佐賀県鳥栖市弥生が丘６丁目２５１番地１２,2017-03-28,株式会社
株式会社大龍工業,愛知県半田市旭町４丁目２６番地,2017-03-28,株式会社
株式会社天野興業,茨城県結城市大字鹿窪２０３番地７,2017-03-28,株式会社
株式会社小牧獣医科病院,愛知県小牧市堀の内３丁目７７番地,2017-03-28,株式会社
株式会社小田組,福岡県福岡市南区弥永４丁目７番２５号,2017-03-28,株式会社
株式会社小雪の丘,埼玉県比企郡ときがわ町大字桃木３００番地,2017-03-28,株式会社
株式会社尾形興業,神奈川県川崎市宮前区土橋１丁目１６番地２３オークヒルズ宮前平２０１,2017-03-28,株式会社
株式会社山野工業,広島県広島市安佐南区祇園５丁目１番８－６号,2017-03-28,株式会社
株式会社岸澤屋,東京都東大和市桜が丘１丁目１４２５番地の３、５４９号,2017-03-28,株式会社
株式会社市川鉄工,千葉県市川市宮久保３丁目３５番１０号,2017-03-28,株式会社
株式会社常盤,東京都八王子市元八王子町３丁目２５０１番地,2017-03-28,株式会社
株式会社常翔,茨城県水戸市大塚町１９６１番地の８,2017-03-28,株式会社
株式会社平野建築,埼玉県新座市東１丁目５－３１－７,2017-03-28,株式会社
株式会社成和重機,山形県東田川郡三川町大字押切新田字前川原１６０番地２,2017-03-28,株式会社
株式会社新福山警備保障,広島県府中市中須町１１８３番地５,2017-03-28,株式会社
株式会社日升,大阪府大阪市西成区玉出西２丁目１０－２２コスモハイツ玉出７１１室,2017-03-28,株式会社
株式会社日和食堂,広島県福山市駅家町大字服部本郷１２６６番地,2017-03-28,株式会社
株式会社渡邉塗装,神奈川県横浜市南区永田山王台３４番３号永広ハイツ１０２,2017-03-28,株式会社
株式会社満天社,福岡県糟屋郡粕屋町原町３丁目６番２８号（１０５号室）,2017-03-28,株式会社
株式会社瀧本工業,埼玉県三郷市高洲二丁目１２０番地１,2017-03-28,株式会社
株式会社眞人建設,福島県いわき市平字鍛冶町７番地,2017-03-28,株式会社
株式会社福井舗材,福井県福井市寺前町第１１号３９番地,2017-03-28,株式会社
株式会社竜興業,栃木県佐野市犬伏上町１９１２番地２,2017-03-28,株式会社
株式会社織右ヱ門,福井県福井市西木田４丁目３番８号,2017-03-28,株式会社
株式会社義鉄工業,大阪府岸和田市門前町２丁目１０番１３号,2017-03-28,株式会社
株式会社聖信工業,大分県大分市南鶴崎２丁目２番１７－１２０２号,2017-03-28,株式会社
株式会社良建,北海道札幌市白石区東札幌二条２丁目２番１７号,2017-03-28,株式会社
株式会社若葉環境センター,長野県松本市大字島内１６６６番地３２８,2017-03-28,株式会社
株式会社菅原興業,宮城県東松島市大曲字西田１１１番地１,2017-03-28,株式会社
株式会社藤代建設,神奈川県座間市ひばりが丘１丁目３１番１９号,2017-03-28,株式会社
株式会社誉組,兵庫県加古川市平荘町小畑１４６７番地の３,2017-03-28,株式会社
株式会社金谷建設,北海道札幌市東区北二十六条東８丁目２－１－４０５号,2017-03-28,株式会社
株式会社阪神ロード,兵庫県尼崎市西高洲町１６番地１７,2017-03-28,株式会社
株式会社高正,宮城県東松島市矢本字大溜６７－３,2017-03-28,株式会社
株式会社魂こめて,大阪府大阪市西区新町１丁目５番７号,2017-03-28,株式会社
株式会社ＡＣＥ,大阪府大阪市中央区東心斎橋２丁目２番１５号,2017-03-28,株式会社
株式会社ＡＮＢＴ,愛知県名古屋市緑区西神の倉１丁目６１５番地グランドメゾン熊野１０７号,2017-03-28,株式会社
株式会社ＡＳＨ,大阪府堺市東区大美野１４９番地１３,2017-03-28,株式会社
株式会社ＡＳＴ　ＨＤ,北海道札幌市中央区北二条東３丁目２番地,2017-03-28,株式会社
株式会社ＡＵＴＯ　ＨＵＢ　ＪＡＰＡＮ,埼玉県久喜市高柳１１５８番地,2017-03-28,株式会社
株式会社ＢＡＭＰ,大分県大分市高砂町１７番３－１,2017-03-28,株式会社
株式会社ＢｉｏＬｕｃｅ,東京都港区東新橋２丁目９番７号,2017-03-28,株式会社
株式会社Ｃ’ｓ,奈良県香芝市下田東５丁目５２８番地６,2017-03-28,株式会社
株式会社Ｃｌｕｅ,東京都中央区日本橋人形町１丁目１８番６号鳥近ビル４階,2017-03-28,株式会社
株式会社ＤＩＲ　ｅｎｔｅｒｔａｉｎｍｅｎｔ,京都府京都市下京区四条通新町東入月鉾町３９番地１,2017-03-28,株式会社
株式会社ＥＧＭ,長崎県長崎市宝町３番１－２０１号,2017-03-28,株式会社
株式会社ＥＸＰＥＮ　ＤＯＵＢＬＥＳ,神奈川県横浜市西区みなとみらい５丁目３番１号フィルミー２０４,2017-03-28,株式会社
株式会社Ｆ,東京都港区南青山４丁目２２番１号,2017-03-28,株式会社
株式会社ＦＴアソシエイツ,東京都狛江市和泉本町３丁目１７番６号,2017-03-28,株式会社
株式会社Ｆｏｏｄｉｅ＆Ｃｏ．,東京都港区高輪２丁目１７番１２号,2017-03-28,株式会社
株式会社ＧＬＯＢＡＬＩＮＫ　Ｃｏｍｍｕｎｉｃａｔｉｏｎｓ,神奈川県横浜市神奈川区栄町１０番地３５ザ・ヨコハマタワーズＥ２２０２号,2017-03-28,株式会社
株式会社Ｇｏｏｄ　Ｓｔｅｐ　Ｉｎｔｅｒｎａｔｉｏｎａｌ,千葉県市川市新田３丁目１６番１４－４０５号,2017-03-28,株式会社
株式会社ＨＥＲＰ,東京都品川区東五反田１丁目１８番５号ライオンズマンション東五反田２０１,2017-03-28,株式会社
株式会社ＨＯＰＥ,埼玉県入間市大字二本木１０８１番地１２,2017-03-28,株式会社
株式会社ＨＹ　ｓｔａｒ,埼玉県越谷市瓦曽根２丁目６番３４号,2017-03-28,株式会社
株式会社Ｈｅ－ｔｅｃ,茨城県水戸市住吉町３２番地の１３,2017-03-28,株式会社
株式会社Ｈｏｎｅｙ－ｍ,東京都渋谷区東３丁目２４番９号サンイーストビル５０２,2017-03-28,株式会社
株式会社Ｉ　ＴＥＣ,千葉県船橋市前原西６丁目１番１０棟６０７号,2017-03-28,株式会社
株式会社ＩＩＮＥ,大阪府大阪市西区江之子島１丁目６番５号５Ｆ,2017-03-28,株式会社
株式会社ＩＫＫ,愛媛県今治市片山２丁目９番３５号,2017-03-28,株式会社
株式会社ＪＮエナジー,福島県白河市表郷金山字愛宕山１番地,2017-03-28,株式会社
株式会社ＪＯＹ,京都府京都市伏見区羽束師志水町１３８番地２７,2017-03-28,株式会社
株式会社Ｋ－ＣＲＡＦＴ,大阪府岸和田市春木南浜町７－１７,2017-03-28,株式会社
株式会社ＫｎｅｅｓＵｐ,東京都目黒区上目黒２丁目４４番８－７０３号ルームピア中目黒ガーデン,2017-03-28,株式会社
株式会社Ｎ．Ｉ．Ｔ．,東京都豊島区池袋４丁目１２番２８号,2017-03-28,株式会社
株式会社Ｏｎ　Ｆｉｒｅ,神奈川県横浜市青葉区美しが丘５丁目７番地３０,2017-03-28,株式会社
株式会社Ｏｒｔｕ　Ｓｏｌｉｓ　Ｐｅｌｌｅｎｔｅｓｑｕｅ,京都府亀岡市畑野町千ケ畑高橋３番地１３７,2017-03-28,株式会社
株式会社ＰＲ,東京都杉並区西荻北３丁目１０番２０号,2017-03-28,株式会社
株式会社Ｐｌｕｍｅ,京都府京都市南区吉祥院中河原西屋敷町４１番地２Ｒｏｓａａｌｂａ４０１,2017-03-28,株式会社
株式会社ＰｔｏＣ,東京都港区芝浦４丁目２１番１号,2017-03-28,株式会社
株式会社Ｐｕａ　ｌａｎｉ,神奈川県川崎市高津区久本３丁目２番１号ＷＥＬＬＴＯＷＥＲ８０４,2017-03-28,株式会社
株式会社ＲＦ,広島県東広島市安芸津町三津２５００番地１,2017-03-28,株式会社
株式会社ＲＹＯＳＥＩ,兵庫県たつの市揖西町小畑８５番地２,2017-03-28,株式会社
株式会社Ｒｕｈｅ,神奈川県横浜市青葉区美しが丘５丁目７番地３０,2017-03-28,株式会社
株式会社Ｓ．Ｈ　ＩＮＴＥＲＮＡＴＩＯＮＡＬ,神奈川県横浜市港北区大倉山４丁目３７番８－２０２号,2017-03-28,株式会社
株式会社ＳＥＬＦ‐ＰＲＯＤＵＣＥ,東京都板橋区志村３丁目６番７号グレイスコート志村三丁目３０３,2017-03-28,株式会社
株式会社ＳＥＲＶＥ－Ｓ,埼玉県川口市芝下３丁目３２番２５－１０３号,2017-03-28,株式会社
株式会社ＳＨＣ,埼玉県日高市大字高萩５８番地１０,2017-03-28,株式会社
株式会社ＳＨＯＷ,大阪府大阪市中央区内淡路町２丁目４番７号ＪＳ北浜ビル,2017-03-28,株式会社
株式会社ＳＫプラント,兵庫県加古川市志方町上冨木４７０番地の３,2017-03-28,株式会社
株式会社ＳＴＡＲ,兵庫県西宮市雲井町５番５号,2017-03-28,株式会社
株式会社ＳＴＹＬＥ‐Ａ,福島県いわき市四倉町字東二丁目１３８番地,2017-03-28,株式会社
株式会社ＳＵＵＭＡ,北海道札幌市北区新川７７５番４５,2017-03-28,株式会社
株式会社ＳＷＡＹ,東京都足立区扇１丁目２８番１２号,2017-03-28,株式会社
株式会社Ｓｌｅｅｐｄａｙｓ,東京都港区赤坂１丁目１２番３２号アーク森ビル３５階,2017-03-28,株式会社
株式会社Ｔ‐ｂｒｏｓ,神奈川県平塚市老松町５番７－８０１号サンクレイドル湘南Ⅳ,2017-03-28,株式会社
株式会社Ｔ－ＵＰリアルティ,東京都練馬区東大泉３丁目３１番１１号,2017-03-28,株式会社
株式会社ＴＡＮＩ　ＪＡＰＡＮ,東京都港区南青山３丁目１７番１４号,2017-03-28,株式会社
株式会社ＴＯＣＲＥＡＴＥＩＴ,東京都豊島区雑司が谷２丁目５番１３号,2017-03-28,株式会社
株式会社ＴＯＫＵＹＯＳＨＩ,東京都渋谷区恵比寿西２丁目１７番２０号,2017-03-28,株式会社
株式会社ＴＰＦ,滋賀県長浜市常喜町５４３番地,2017-03-28,株式会社
株式会社ＴＷＩＮ,千葉県鎌ケ谷市北中沢２丁目１１番２号,2017-03-28,株式会社
株式会社Ｔｈｕｇ,神奈川県川崎市川崎区砂子２丁目８－１４アイル川崎ステーションプラザ１２０３,2017-03-28,株式会社
株式会社Ｔｒａｄｅ　Ｌｉｑｕｏｒ,東京都府中市本宿町２丁目６番地の１サンヴェール府中６０８,2017-03-28,株式会社
株式会社Ｖａｍｏｌａ,埼玉県鶴ヶ島市富士見２丁目１１番３２号長谷川ビル,2017-03-28,株式会社
株式会社Ｙ・Ｋ,新潟県新潟市中央区東大通１丁目５番６号,2017-03-28,株式会社
株式会社ＹＲ５５障がい者サポート事務局,三重県亀山市住山町３６４番地２,2017-03-28,株式会社
株式会社ＺＡＫＫ,東京都渋谷区代々木４丁目２８番７号,2017-03-28,株式会社
株式会社ａｈｉｍｓａ,茨城県取手市白山７丁目６番１２号ベルフラワー取手６０６号,2017-03-28,株式会社
株式会社ａｚｕＩｎｃ．,大分県佐伯市大字長谷６６８１番地１,2017-03-28,株式会社
株式会社ｉｏ企画,東京都墨田区立花５丁目１４番１８号,2017-03-28,株式会社
株式会社ｍａｒｙ,東京都目黒区東山２丁目５番１２号,2017-03-28,株式会社
歩ラッキング株式会社,茨城県神栖市知手５１６５番地７,2017-03-28,株式会社
特定非営利活動法人ふれあいサポートかごしま,鹿児島県鹿児島市真砂町３３番１４号３Ｆ,2017-03-28,その他の設立登記法人
特定非営利活動法人ゆめきらりこまがわ,埼玉県坂戸市にっさい花みず木５丁目６－７フィガロ１０１,2017-03-28,その他の設立登記法人
特定非営利活動法人わらびスポーツクラブ,埼玉県蕨市塚越２丁目４番４号ジョイフル蕨４０６号,2017-03-28,その他の設立登記法人
特定非営利活動法人咲・夢・笑,兵庫県姫路市大津区勘兵衛町２丁目５番地３,2017-03-28,その他の設立登記法人
特定非営利活動法人性暴力被害者サポートひろしま,広島県広島市中区富士見町１１番６号,2017-03-28,その他の設立登記法人
特定非営利活動法人自立生活センター・あすとる,大阪府貝塚市石才１１６番地４,2017-03-28,その他の設立登記法人
相生協同組合,愛知県豊橋市三ツ相町３７８番地,2017-03-28,その他の設立登記法人
真咲国土開発株式会社,栃木県下都賀郡壬生町大師町１５番１２号,2017-03-28,株式会社
社会福祉法人つみき,東京都北区豊島１丁目１７番４－３０２号,2017-03-28,その他の設立登記法人
社会福祉法人南星福祉会,沖縄県島尻郡南風原町字山川３４７番地,2017-03-28,その他の設立登記法人
社会福祉法人天気会,大阪府東大阪市出雲井本町二丁目９番７０６号,2017-03-28,その他の設立登記法人
絲いち株式会社,東京都中央区日本橋浜町２丁目５番５号山藤ビル２０２号室,2017-03-28,株式会社
興和貿易株式会社,埼玉県深谷市西田８９番地１,2017-03-28,株式会社
華宜合同会社,東京都千代田区神田松永町１８番地２,2017-03-28,合同会社
谷中工業合同会社,東京都文京区千駄木２丁目３４番８号ツインパレス４０３号室,2017-03-28,合同会社
赤坂三丁目合同会社,東京都港区北青山３丁目５番１２号青山クリスタルビル９階,2017-03-28,合同会社
辰巳産業株式会社,鳥取県米子市立町２丁目８５番地,2017-03-28,株式会社
金特国際株式会社,東京都新宿区百人町１丁目１０番７号,2017-03-28,株式会社
金発科技ＪＡＰＡＮ株式会社,東京都港区赤坂１丁目１２－３２アーク森ビル７階ＪＥＴＲＯ‐ＩＢＳＣ１６号室,2017-03-28,株式会社
金馳合同会社,東京都荒川区町屋３丁目１５番１７号,2017-03-28,合同会社
長興寺開拓農業協同組合,岩手県九戸郡九戸村大字長興寺第２地割３８番地,2017-03-28,その他の設立登記法人
騰安株式会社,北海道札幌市中央区南二条西５丁目６番地１ロジェ札幌２５,2017-03-28,株式会社
高岡民芸株式会社,富山県高岡市麻生谷４０３番地,2017-03-28,株式会社
高氏合同会社,神奈川県横浜市鶴見区尻手１丁目４－１６－１ジョイフル尻手２０３号室,2017-03-28,合同会社
鳴門バイオマス発電所合同会社,東京都港区赤坂１丁目１２番３２号アーク森ビル３１階,2017-03-28,合同会社
龍川株式会社,兵庫県神戸市東灘区深江南町２丁目４番１３－９号,2017-03-28,株式会社
６９空間日本株式会社,東京都新宿区新宿１丁目９番２号ナリコマＨＤ新宿ビル９階Ａ室,2017-03-28,株式会社
Ａｎｉｍｏ　ｋｉｄｓ株式会社,大阪府大阪市中央区南久宝寺町３丁目１番２号,2017-03-28,株式会社
Ｂｅａｓｔ　Ｃａｐｔｏｒ合同会社,長野県下水内郡栄村大字堺１６７１１番地,2017-03-28,合同会社
ＣＡＳＡ　ＧＲＯＵＰ株式会社,京都府京都市伏見区桃山町泰長老８１番地１５,2017-03-28,株式会社
Ｃａｍｐｉｎｇ　ｗｉｔｈ　Ｓｏｕｌ　Ｊａｐａｎ株式会社,埼玉県飯能市八幡町８番２４号フィールドサイドビル２Ｆ,2017-03-28,株式会社
Ｃｈａｌｌｅｎｇｅｒ　Ｊａｐａｎ　Ｈｏｌｄｉｎｇｓ株式会社,東京都千代田区丸の内１丁目８番３号丸の内トラストタワー２０階,2017-03-28,株式会社
ＤｉｍｅｎｓｉｏｎＡｒｒａｙ株式会社,東京都渋谷区宇田川町３６番２２号,2017-03-28,株式会社
ＥＡＴ　ＭＥ合同会社,福岡県福岡市早良区昭代１丁目２－１５－１０２－１号,2017-03-28,合同会社
ＦＬＹ株式会社,東京都江東区東雲１丁目９番４１号,2017-03-28,株式会社
ＧＯＯＤ　ＪＯＩＮＴ株式会社,大阪府豊中市寺内２丁目３番１５号緑地公園サンプラザビル４０３号,2017-03-28,株式会社
ＧＲＯＷ合同会社,東京都台東区千束３丁目２７番１２号,2017-03-28,合同会社
Ｇｏｌｄｅｎ　Ａｓｉａ株式会社,愛知県名古屋市中区大須１丁目２番３号,2017-03-28,株式会社
Ｉｔｏ　Ｂｕｓｉｎｅｓｓ　Ｏｆｆｉｃｅ合同会社,愛知県名古屋市西区比良２丁目２８３番地の１,2017-03-28,合同会社
Ｊ－ＰＬＡＮＮＩＮＧ株式会社,愛知県名古屋市守山区小幡南３丁目５番８号,2017-03-28,株式会社
ＪＳ　Ｈｏｌｄｉｎｇｓ株式会社,東京都港区芝５丁目２７－３ＭＢＣ－Ａ－２３号,2017-03-28,株式会社
ＪＶ　ＳＯＬＵＴＩＯＮＳ株式会社,神奈川県川崎市川崎区本町１丁目３番地３カレッジＪＤＳ５階,2017-03-28,株式会社
Ｋ－Ｆａｃｔｏｒｙ合同会社,大阪府大阪市住之江区西加賀屋１丁目２番５６－１２０３号,2017-03-28,合同会社
ＫＡＳ株式会社,東京都葛飾区亀有３丁目２０－１３はやしやビル５０２号,2017-03-28,株式会社
ＫＨＡＮＡＬ合同会社,埼玉県新座市大和田５丁目１０番６号,2017-03-28,合同会社
ＫＲＦ６７特定目的会社,東京都中央区日本橋兜町６番５号,2017-03-28,その他の設立登記法人
ＫＳリアルエステート株式会社,東京都港区六本木７丁目１５番１３号,2017-03-28,株式会社
ＫＴ機工株式会社,群馬県安中市大谷２３０番地１,2017-03-28,株式会社
Ｌｕｍｉｎ株式会社,東京都港区麻布台３丁目４番２４号,2017-03-28,株式会社
ＭＩＮＨ　ＨＯＡＮＧ株式会社,東京都中野区若宮１丁目４３番１６号ヒルトップ若宮１０７,2017-03-28,株式会社
ＮＥＸＴ－ＴＥＫ合同会社,沖縄県うるま市石川東恩納１０８２番地１イエローハウス,2017-03-28,合同会社
ＮＰＯ法人動物愛護団体ＬＹＳＴＡ,福島県いわき市平下神谷字堤原１４８番地の２,2017-03-28,その他の設立登記法人
ＮＲシステム合同会社,栃木県宇都宮市横山３丁目１７－３８,2017-03-28,合同会社
Ｒ．大橋工業合同会社,埼玉県草加市新善町１６０番地５,2017-03-28,合同会社
ＳＵＮＬＩＫＹ日本株式会社,東京都中央区日本橋小伝馬町１６番５号,2017-03-28,株式会社
ＳＵＲＹＡ　ＤＥＥＰ　ＩＮＴＥＲＮＡＴＩＯＮＡＬ株式会社,栃木県宇都宮市平松町５２５番地オレンジハイツ・パートⅢ１０１,2017-03-28,株式会社
ＳｃａｌｅＰａｒｔｎｅｒｓ合同会社,神奈川県横浜市都筑区中川１丁目２番Ｄ－２０６号,2017-03-28,合同会社
Ｓｉｃｋａｎ合同会社,福岡県福岡市博多区住吉５丁目１６番１１号メゾン・ド・メナージュ６０７,2017-03-28,合同会社
Ｔ十建築設計株式会社,埼玉県鴻巣市八幡田６２７番地４,2017-03-28,株式会社
Ｔ．Ｋ　ＧＡＲＭＥＮＴ　ＳＵＰＰＬＹ株式会社,福井県福井市羽水１丁目１０８番地２,2017-03-28,株式会社
Ｖｉｌｌａｇｅｗｅｌｌ　Ｊａｐａｎ株式会社,東京都港区高輪３丁目２５番２２号高輪カネオビル８階,2017-03-28,株式会社
Ｙテラスコーポレーション合同会社,沖縄県島尻郡南風原町字津嘉山１７８１番地２,2017-03-28,合同会社
ＹＳＤ空設株式会社,宮城県宮城郡利府町加瀬字十三塚１番地４,2017-03-28,株式会社
ｂｕｎｃａ堂株式会社,東京都港区南青山２丁目２番１５号ウィン青山１４０３,2017-03-28,株式会社
あいヘルスケア株式会社,東京都世田谷区上北沢５丁目４３番５号,2017-03-29,株式会社
おひさまミドル姫路発電株式会社,岡山県岡山市北区弓之町１０番９号,2017-03-29,株式会社
アップ・シンク株式会社,岡山県岡山市南区藤田５６６番地２１９,2017-03-29,株式会社
アルカス合同会社,神奈川県横浜市都筑区北山田４丁目１５番３２号,2017-03-29,合同会社
アルファ合同会社,埼玉県春日部市栄町１丁目３００番地１松原荘１０２,2017-03-29,合同会社
アンリミテッドワークス株式会社,福岡県久留米市中央町１４－６－５Ｄ,2017-03-29,株式会社
インフィニティ・ラボ株式会社,山形県鶴岡市日和田町９番９号,2017-03-29,株式会社
イー・シー・マネジメント・サービス合同会社,東京都中央区銀座７丁目１３番６号サガミビル２階,2017-03-29,合同会社
ウェスシード株式会社,大阪府大阪市西淀川区姫里３丁目１３番４８号,2017-03-29,株式会社
エイチ・フィールド合同会社,沖縄県国頭郡本部町字山川１０４６番地２,2017-03-29,合同会社
エミウル株式会社,神奈川県横浜市中区桜木町２丁目２番地,2017-03-29,株式会社
エムズハイライト株式会社,北海道札幌市中央区南十一条西１２丁目２番１６号,2017-03-29,株式会社
エンビロテックジャパン株式会社,東京都中央区日本橋本町３丁目６番２号,2017-03-29,株式会社
エー・ビー・エムドライブジャパン合同会社,静岡県浜松市中区向宿１丁目７番６号メゾン向宿３０１,2017-03-29,合同会社
オペレーションリバイズ株式会社,東京都渋谷区猿楽町７番８号,2017-03-29,株式会社
オーエスパートナー株式会社,愛知県岡崎市菅生町字元菅４１番地,2017-03-29,株式会社
オーツカ株式会社,東京都渋谷区南平台町９番１３号,2017-03-29,株式会社
オールフィールドシステムズ株式会社,東京都西東京市保谷町１丁目９番１３号コージーホーム２０１号,2017-03-29,株式会社
カラフルトーク株式会社,奈良県生駒市高山町８９１６－５学生宿舎４－１０２,2017-03-29,株式会社
キラリ経営株式会社,宮城県亘理郡亘理町字東郷１５７番地６,2017-03-29,株式会社
グローライン株式会社,大阪府堺市南区大庭寺３６１番地１,2017-03-29,株式会社
ジーナイン・ジャパン・ツー特定目的会社,東京都江東区亀戸６丁目５６番１５号,2017-03-29,その他の設立登記法人
スリーディー・エンタテインメント株式会社,高知県高知市廿代町９－３シャペル９－７１１,2017-03-29,株式会社
セイントガーディアン株式会社,埼玉県川口市飯塚２丁目１０番４号,2017-03-29,株式会社
タカナリ創設株式会社,東京都練馬区石神井台８丁目２２番５号,2017-03-29,株式会社
ティーアールワイ株式会社,神奈川県横浜市磯子区磯子台９番２４号,2017-03-29,株式会社
ディーエルジービー株式会社,京都府向日市寺戸町乾垣内５番地２Ｆｅｓｐａ京都１０２,2017-03-29,株式会社
ハリオ株式会社,愛知県半田市更生町２丁目２８番,2017-03-29,株式会社
パワーチップジャパン株式会社,東京都墨田区錦糸１丁目１０番１０号,2017-03-29,株式会社
フィールドクリエイション株式会社,神奈川県横浜市鶴見区元宮２丁目４番３－３１４号,2017-03-29,株式会社
フェアキャピタル合同会社,東京都中央区銀座７丁目１３番６号サガミビル２階,2017-03-29,合同会社
フォースマイル株式会社,群馬県太田市内ケ島町１１４５番地１カーサフェリーチェＦ,2017-03-29,株式会社
ブリスランド株式会社,神奈川県横浜市中区常盤町５丁目６２番地,2017-03-29,株式会社
ブルー＆グリーン株式会社,東京都練馬区石神井町８丁目４４番２１号,2017-03-29,株式会社
プラスアルファアカウンティング合同会社,京都府京都市下京区烏丸通仏光寺下る大政所町６８０番地１,2017-03-29,合同会社
ベイストリート東京株式会社,東京都江戸川区船堀３丁目５番２４号,2017-03-29,株式会社
ホウエイ協同組合,愛知県豊橋市豊栄町字東７１２番地１,2017-03-29,その他の設立登記法人
メテオコントロールジャパン株式会社,東京都新宿区西新宿３丁目７番１号新宿パークタワーＮ３０階,2017-03-29,株式会社
ヨコカワ合同会社,神奈川県横浜市港南区大久保１丁目９番２号,2017-03-29,合同会社
リクラス不動産株式会社,愛知県大府市共和町２丁目１５番地７ウインドヌーブあづま１０２号,2017-03-29,株式会社
ワールドアイ株式会社,東京都豊島区池袋本町１丁目１５－４－１０１号室,2017-03-29,株式会社
一樹工業株式会社,東京都練馬区貫井４丁目１３番２４号,2017-03-29,株式会社
一般社団法人しまのわ,沖縄県那覇市首里鳥堀町４丁目１２８番地１２ブローテみなもと２０２,2017-03-29,その他の設立登記法人
一般社団法人すだち,東京都小平市小川西町１丁目１番１０号,2017-03-29,その他の設立登記法人
一般社団法人わくわく体験プログラム創成協議会,東京都千代田区九段北１丁目６番４号日新ビル３階,2017-03-29,その他の設立登記法人
一般社団法人アンカー・グローバル,東京都中央区八重洲２丁目４番１号,2017-03-29,その他の設立登記法人
一般社団法人マリックス,東京都世田谷区上馬３丁目１８番７号,2017-03-29,その他の設立登記法人
一般社団法人中国トレース推進機構,東京都墨田区千歳３丁目９番６号,2017-03-29,その他の設立登記法人
一般社団法人包丁研磨検定協会,埼玉県入間市大字下藤沢１２８８番地１７,2017-03-29,その他の設立登記法人
一般社団法人南会津障がい者福祉支援協会,福島県南会津郡南会津町丹藤字松下１６７番地１,2017-03-29,その他の設立登記法人
一般社団法人南種子町シルバー人材センター,鹿児島県熊毛郡南種子町中之上３４１番地,2017-03-29,その他の設立登記法人
一般社団法人地域・人材共創機構,東京都港区浜松町２丁目２番１５号,2017-03-29,その他の設立登記法人
一般社団法人埼京アライアンス,東京都千代田区霞が関３丁目２番５号,2017-03-29,その他の設立登記法人
一般社団法人日本実践美術教育学会,岡山県岡山市北区津島中３丁目１番１号岡山大学大学院教育学研究科,2017-03-29,その他の設立登記法人
一般社団法人東京薬膳協会,神奈川県横浜市中区不老町１丁目６番地９第１ＨＢビル６Ｃ,2017-03-29,その他の設立登記法人
一般社団法人浄水コミュニティースクール連絡会議,愛知県豊田市大清水町大清水１２番地１,2017-03-29,その他の設立登記法人
一般社団法人第一次世界大戦博物館,東京都三鷹市井の頭５丁目６番７号,2017-03-29,その他の設立登記法人
一般社団法人霊泉寺,神奈川県横浜市金沢区大川７番７－４０３号,2017-03-29,その他の設立登記法人
一般社団法人颯,東京都あきる野市秋留１丁目９番地１０リヴェール４０３号,2017-03-29,その他の設立登記法人
万千尋商旅株式会社,大分県別府市大字鶴見１６６４番地の３５,2017-03-29,株式会社
三井産業ＵＦＧ東京株式会社,東京都世田谷区成城８丁目１５番７号成城キャッスルⅠ－２０６,2017-03-29,株式会社
不二見技研合同会社,静岡県静岡市清水区北矢部８５０－２,2017-03-29,合同会社
中原興業株式会社,北海道帯広市西十五条南３丁目１番地２,2017-03-29,株式会社
京都大原ロープウェイ株式会社,東京都港区麻布台３丁目２番７号,2017-03-29,株式会社
佐々木通信合同会社,埼玉県行田市大字荒木１４６３番地１グランビュー・デ・クロシェット１０４,2017-03-29,合同会社
北駿警備保障株式会社,静岡県御殿場市塚原５３６番地４,2017-03-29,株式会社
医療法人ヒトメディカ,愛知県豊田市逢妻町３丁目１０番地２,2017-03-29,その他の設立登記法人
医療法人持永歯科医院,宮崎県都城市早水町４５０３番地１,2017-03-29,その他の設立登記法人
医療法人社団ヒロ歯科・口腔外科クリニック,北海道旭川市永山七条１６丁目２番１５号,2017-03-29,その他の設立登記法人
医療法人社団三湘会,神奈川県平塚市八重咲町１９番２３号ココス八重咲１階,2017-03-29,その他の設立登記法人
医療法人社団栄佑会,茨城県常総市水海道栄町２６８０番地の２,2017-03-29,その他の設立登記法人
医療法人社団英誠会,東京都世田谷区駒沢４丁目１番１号ノア駒沢１階,2017-03-29,その他の設立登記法人
医療法人社団Ｄｅｎｔａｌ　Ｆｒｏｎｔ,東京都国分寺市南町３丁目２６番３３号１階,2017-03-29,その他の設立登記法人
医療法人英真会,福岡県大川市大字幡保１５７番地江頭エーザイ２Ｆ,2017-03-29,その他の設立登記法人
千川合同会社,北海道札幌市豊平区中の島二条４丁目１番３中の島キングレジデンス６０２号,2017-03-29,合同会社
南３２条グランドハイツ住宅管理組合,北海道札幌市南区南三十二条西９丁目１番１号,2017-03-29,その他
博多利合同会社,千葉県茂原市町保７番地１１２－３０２室,2017-03-29,合同会社
博聞国際株式会社,愛知県豊川市諏訪西町２丁目５２番地の３,2017-03-29,株式会社
合同会社おぉきなわ,沖縄県那覇市山下町１８番２６－１０１０号,2017-03-29,合同会社
合同会社おおの企画,群馬県高崎市あら町１５７番地やまざきビル１０２,2017-03-29,合同会社
合同会社おにまる,青森県弘前市大字鬼沢字菖蒲沢８０番地,2017-03-29,合同会社
合同会社きそいち,東京都三鷹市上連雀３丁目８番１７号,2017-03-29,合同会社
合同会社とぅるーはーと,埼玉県草加市氷川町４８６－９,2017-03-29,合同会社
合同会社とり吉,東京都板橋区赤塚２丁目１６番１０号,2017-03-29,合同会社
合同会社なかじま,東京都三鷹市下連雀４丁目１２－１－４０３,2017-03-29,合同会社
合同会社アプレイズ,北海道札幌市南区澄川四条２丁目１１番３６号,2017-03-29,合同会社
合同会社イーバス,東京都国立市東１丁目１７番地の３,2017-03-29,合同会社
合同会社エスエスサポート,北海道北見市常盤町６丁目１６番地１,2017-03-29,合同会社
合同会社エフズ・ワークス,福岡県北九州市小倉南区大字新道寺９９８－１９,2017-03-29,合同会社
合同会社オフィスキタムラ,大阪府大阪市東淀川区西淡路１丁目１番３６号新大阪ビル７０５号,2017-03-29,合同会社
合同会社オフィスＢＵＬＬ,沖縄県沖縄市泡瀬２丁目３５番８号コーポ喜楽家２０２,2017-03-29,合同会社
合同会社オフィスＫＥＹ,岡山県倉敷市新倉敷駅前１丁目６番地,2017-03-29,合同会社
合同会社グラフィカ,三重県津市あのつ台４丁目７－４,2017-03-29,合同会社
合同会社ストッパーインコード,東京都大田区久が原４丁目７番１３号,2017-03-29,合同会社
合同会社ゼインオートトレーディング,神奈川県綾瀬市深谷中７丁目２６番４鶴ヶ岡ハイツ１０２,2017-03-29,合同会社
合同会社トレード,埼玉県三郷市三郷１丁目１１番地１４号ルシエール三郷１０７号室,2017-03-29,合同会社
合同会社ネコドリーム,福岡県北九州市小倉南区下石田１丁目２０番５８号,2017-03-29,合同会社
合同会社パンパル企画,東京都世田谷区経堂５丁目３６番６号,2017-03-29,合同会社
合同会社ファイブリッチ,岐阜県岐阜市早田本町３丁目１番地１,2017-03-29,合同会社
合同会社ヘリテージ,東京都豊島区駒込６丁目１２番１４号,2017-03-29,合同会社
合同会社リーガルリッチモンド,大阪府大阪市平野区喜連西３丁目１９番１３号１Ｆ,2017-03-29,合同会社
合同会社三興,兵庫県伊丹市岩屋２丁目１番２４号,2017-03-29,合同会社
合同会社伊良部島観光ガイドゆうむつ,沖縄県宮古島市伊良部字池間添４７番地,2017-03-29,合同会社
合同会社佐々木工業,宮城県大崎市古川稲葉字大江向１番地３,2017-03-29,合同会社
合同会社傑工業,新潟県胎内市平木田１２６４番地１,2017-03-29,合同会社
合同会社労働法務サポートセンター,兵庫県姫路市京口町９３番地,2017-03-29,合同会社
合同会社愛知経営企画,愛知県名古屋市緑区姥子山５丁目２１９番地の３,2017-03-29,合同会社
合同会社本舞,東京都江東区扇橋３丁目９番１４－８０９号,2017-03-29,合同会社
合同会社熊本ソーラー,兵庫県神戸市西区持子１丁目２１９持子中商ビル１Ｆ,2017-03-29,合同会社
合同会社真幸,神奈川県川崎市高津区諏訪３丁目７番１８号,2017-03-29,合同会社
合同会社美華,千葉県八千代市八千代台東１丁目４０番７号,2017-03-29,合同会社
合同会社音楽事務所ＬＡＺＹ　ＡＲＴ,大阪府大阪市天王寺区上本町６丁目３番３１号うえほんまちハイハイタウン２０３,2017-03-29,合同会社
合同会社Ａｌｐｈａ＆Ａ,東京都大田区北千束１丁目２８番１５号,2017-03-29,合同会社
合同会社Ｃｏｍｆｙ,広島県広島市中区中町７番３５号,2017-03-29,合同会社
合同会社Ｄｉｖｅｒｓ,東京都新宿区早稲田鶴巻町３０３番地佐々木ビル２０２,2017-03-29,合同会社
合同会社ＥＩＮ－ＦＵＮＤ,神奈川県横浜市中区不老町３丁目１４番４号フェニックス横濱関内ＢＡＹＭＡＲＫＳ７１４号,2017-03-29,合同会社
合同会社ＨＩＭＡＬＡＹＡＮ　ＣＯＭＰＡＮＹ　ＰＶＴ．ＬＴＤ．,東京都杉並区高円寺南５丁目１３番６号エリカコーポ１－２０１,2017-03-29,合同会社
合同会社ＭＥＣＨＡＮＩＣ　ＨＯＵＳＥ,滋賀県彦根市平田町２９１番地１０,2017-03-29,合同会社
合同会社ＭＯＵＮＴ　ＨＩＬＬ,熊本県熊本市東区健軍４丁目３番１４号,2017-03-29,合同会社
合同会社ＮＥＸＴ,三重県四日市市宮東町１丁目２３番地,2017-03-29,合同会社
合同会社Ｒｅ．プロジェクトサービス,熊本県熊本市南区近見８丁目１２番１３－２０１号,2017-03-29,合同会社
合同会社Ｓ＆ＲＳ,東京都文京区音羽１丁目１０番４－３Ｆ３０５号,2017-03-29,合同会社
合同会社ｍａｎａシェア,東京都北区上十条５丁目３３番２号,2017-03-29,合同会社
合資会社丸吉呉服店,福島県いわき市平字四町目４１番地,2017-03-29,合資会社
合資会社丸谷商會,福島県いわき市平字十五町目３０番地,2017-03-29,合資会社
合資会社久之濱大謀網漁場,福島県いわき市久之浜町久之浜字中町４６番地,2017-03-29,合資会社
合資会社工榮商會,福島県いわき市平字搔槌小路１３番地,2017-03-29,合資会社
合資会社工藤鋳造所,福島県いわき市平字祢宜町１番地,2017-03-29,合資会社
合資会社戸田商店,福島県いわき市四倉町字仲町７４番地,2017-03-29,合資会社
合資会社草野合同運送店,福島県いわき市平泉崎字前原２４番地,2017-03-29,合資会社
合資会社金上商店,福島県いわき市平字三町目１番地,2017-03-29,合資会社
合資会社鳥足商店,福島県いわき市四倉町字仲町７４番地,2017-03-29,合資会社
嘉木合同会社,大阪府大阪市北区天神橋１丁目１９番１６号木田鹿第２ビル５Ｅ号,2017-03-29,合同会社
地方創生コンサルティング合同会社,東京都八王子市台町４丁目４３番ローズハイツ八王子Ｂ－１０３,2017-03-29,合同会社
垂水土地改良区,三重県津市藤方１４９１－２,2017-03-29,その他
堤炭礦商事合資会社,福島県いわき市久之浜町久之浜字南町４２番地,2017-03-29,合資会社
大華日中コンサル株式会社,埼玉県草加市瀬崎４丁目１番３４号,2017-03-29,株式会社
学校法人熊ゼミ学園,熊本県阿蘇郡南阿蘇村大字河陰字小野５番地３００,2017-03-29,その他の設立登記法人
学校法人育学園,沖縄県那覇市天久２丁目２９番２５号,2017-03-29,その他の設立登記法人
宇目宅合同会社,東京都江東区大島７丁目３０番１１－１２０２号,2017-03-29,合同会社
安来市給食センター給食会,島根県安来市飯島町６６番地１,2017-03-29,その他
安養寺森林整備組合,福井県越前市安養寺町１１３－５,2017-03-29,その他
小布施牧場株式会社,長野県上高井郡小布施町大字大島９０番地５９,2017-03-29,株式会社
山佐産業ＥＩＮ１一般社団法人,東京都千代田区丸の内３丁目１番１号東京共同会計事務所内,2017-03-29,その他の設立登記法人
山﨑シール工業株式会社,東京都八王子市台町３丁目２２番１－３２６号,2017-03-29,株式会社
康達株式会社,東京都豊島区駒込３丁目１番３号,2017-03-29,株式会社
御嶽教八海山深谷忍心教会,埼玉県深谷市折之口７３番地１,2017-03-29,その他の設立登記法人
新日株式会社,静岡県浜松市東区豊西町６１３番地,2017-03-29,株式会社
日本平ゴルフサービス株式会社,静岡県静岡市清水区草薙４２８番地,2017-03-29,株式会社
旭・板屋Ａ－２地区市街地再開発組合,静岡県浜松市中区旭町７番地１４,2017-03-29,その他
昊霖商事株式会社,東京都小平市小川町１丁目２２０６番地の１３,2017-03-29,株式会社
有限会社浪江木工製作所,福島県双葉郡浪江町大字権現堂字町場１００番地,2017-03-29,有限会社
木村トップメイキング有限会社,滋賀県犬上郡甲良町大字池寺６８１番地,2017-03-29,有限会社
東海村高齢者クラブ連合会,茨城県那珂郡東海村豊白１丁目３番２０号東海村村民活動センター内,2017-03-29,その他
東邦不動産有限会社,徳島県徳島市新浜町３丁目２番６９号,2017-03-29,有限会社
株式会社あゆむ,宮崎県串間市大字西方２６４７番地１,2017-03-29,株式会社
株式会社かがやきパートナーズ,東京都千代田区岩本町３丁目１１番８号,2017-03-29,株式会社
株式会社さかき企画,東京都台東区蔵前１丁目８番２号,2017-03-29,株式会社
株式会社とみたや,千葉県八千代市勝田台１丁目２９番地,2017-03-29,株式会社
株式会社ならはの湯,福島県相馬市沖ノ内１丁目８番地の４,2017-03-29,株式会社
株式会社まなび家,神奈川県横浜市港北区日吉本町１丁目２１番３号,2017-03-29,株式会社
株式会社ゆめワールド,東京都渋谷区神泉町８番１０号,2017-03-29,株式会社
株式会社アイディール,大阪府大阪市中央区本町４丁目７番４号,2017-03-29,株式会社
株式会社アウトブレインズ,静岡県静岡市駿河区池田８６９,2017-03-29,株式会社
株式会社アキモトビル,東京都千代田区神田小川町３丁目３番地２アキモトビル,2017-03-29,株式会社
株式会社アズマ,京都府京都市南区西九条唐橋町３４番地２,2017-03-29,株式会社
株式会社アドミル,長野県松本市大字笹賀３８５７番地１スガノビル１０１号,2017-03-29,株式会社
株式会社アフィリエイトプラス,東京都世田谷区奥沢５丁目１番１１号,2017-03-29,株式会社
株式会社アリ,東京都港区麻布十番２丁目４番１号,2017-03-29,株式会社
株式会社アルファ,東京都世田谷区松原１丁目１番２２号ハイツ松原１０１,2017-03-29,株式会社
株式会社イストリアＨＤ,東京都千代田区神田小川町１丁目４番地２風雲堂別館ビル,2017-03-29,株式会社
株式会社インセクト,神奈川県川崎市高津区新作２丁目１１番３０－４０５号,2017-03-29,株式会社
株式会社インフォレーン,愛知県名古屋市西区名駅２丁目３４番１７セントラル名古屋７１１号,2017-03-29,株式会社
株式会社ウェルビガン,茨城県土浦市神立東２丁目１３番１６号,2017-03-29,株式会社
株式会社ウエストネットサービス,神奈川県横浜市泉区和泉町５２９５番地３コーポ若葉２０２号,2017-03-29,株式会社
株式会社エコスト,神奈川県横浜市西区みなとみらい５丁目３番３アーバンタワー８０９,2017-03-29,株式会社
株式会社エステイトエグチ,広島県広島市南区松原町５番２－４４１２号,2017-03-29,株式会社
株式会社エルファーム,兵庫県神戸市西区玉津町新方８５－１,2017-03-29,株式会社
株式会社オフィスミゴト,東京都世田谷区桜丘３丁目３６番９号,2017-03-29,株式会社
株式会社オフィスヨシダ,東京都世田谷区代沢５丁目６番２号,2017-03-29,株式会社
株式会社カネカ北海道,北海道札幌市中央区北二条西３丁目１番地２０,2017-03-29,株式会社
株式会社カムループ,神奈川県海老名市下今泉４丁目１番１４号,2017-03-29,株式会社
株式会社カワタ産業,埼玉県川口市西青木２丁目６番２２号川田マンション,2017-03-29,株式会社
株式会社カンパニーリスクマネジメント,長野県松本市大字島立８６３番地１,2017-03-29,株式会社
株式会社ガブヤダイニング,岐阜県大垣市禾森町５丁目７５番地馬渕ビル１階,2017-03-29,株式会社
株式会社ガンツ,埼玉県川越市南大塚２丁目１２番地３,2017-03-29,株式会社
株式会社キスマ・フードサービス,香川県坂出市林田町４０３５番地,2017-03-29,株式会社
株式会社キャリアプロ,大阪府大阪市中央区宗右衛門町１－１３－７０３,2017-03-29,株式会社
株式会社クオリア,東京都港区西新橋３丁目４番２号,2017-03-29,株式会社
株式会社クリヴィア,山口県防府市大字仁井令８００－１,2017-03-29,株式会社
株式会社クワナ補聴器,大阪府大阪狭山市茱萸木６丁目１０２５番地サカエコーポＡ－１０２号,2017-03-29,株式会社
株式会社グリテック,愛知県名古屋市千種区唐山町１丁目６３番地の１タウン唐山Ｆ－１０８号,2017-03-29,株式会社
株式会社グリーン,東京都豊島区西池袋５丁目１８番１０号ラ・クールＫ４０３号,2017-03-29,株式会社
株式会社コトブキエンタープライズ,神奈川県横浜市戸塚区吉田町１０８４番地野本ハイツ１０８号,2017-03-29,株式会社
株式会社サイエンスノンフィクション,東京都渋谷区富ヶ谷１丁目３５番７号,2017-03-29,株式会社
株式会社サカキ,東京都中野区弥生町５丁目２６番９号,2017-03-29,株式会社
株式会社サンセリテ,三重県伊賀市土橋６５５番地,2017-03-29,株式会社
株式会社サンフォーラム,岐阜県加茂郡白川町三川２１６４番地３,2017-03-29,株式会社
株式会社シークレットサービス仙台,宮城県仙台市青葉区北目町２番３９号東北中心ビル３Ｆ,2017-03-29,株式会社
株式会社スクラム,神奈川県相模原市中央区相模原４丁目９番１２号６０２,2017-03-29,株式会社
株式会社ステージ,北海道函館市大森町３０番１１－３０２号,2017-03-29,株式会社
株式会社スマイル工業,埼玉県川口市栄町２丁目１番２６号神谷マンション４０２号,2017-03-29,株式会社
株式会社ツータイムズユージャパン,東京都品川区北品川４丁目５番１５号,2017-03-29,株式会社
株式会社トモ・コーポレーション,神奈川県厚木市栄町２丁目２番３１号,2017-03-29,株式会社
株式会社トランスコンチネンタルオートモービル,東京都中央区日本橋室町４丁目６番５号,2017-03-29,株式会社
株式会社ハイメディックジャパン,東京都中央区銀座６丁目６番１号,2017-03-29,株式会社
株式会社バルスデレク,東京都江戸川区西一之江２丁目５番１６号,2017-03-29,株式会社
株式会社ヒューマニティー,東京都渋谷区渋谷１丁目７番５号,2017-03-29,株式会社
株式会社ビズクル,沖縄県豊見城市字上田５３８番地３南武建設ビル３０１号,2017-03-29,株式会社
株式会社ピカピカハウス,福岡県北九州市門司区東門司２丁目１１番１８号,2017-03-29,株式会社
株式会社ピリカブライダル,北海道札幌市中央区伏見１丁目１番２７号,2017-03-29,株式会社
株式会社ファースト,神奈川県横浜市西区境之谷１１３番地１０,2017-03-29,株式会社
株式会社フューチャードライブ,東京都北区滝野川６丁目１３番１５ー１０１号スカイコートヌーベル巣鴨,2017-03-29,株式会社
株式会社ブラッシュアップ・ワン,東京都新宿区西早稲田１丁目８番１９号,2017-03-29,株式会社
株式会社ブレインストーム,愛知県名古屋市緑区大高町字上塩田４４番地の１,2017-03-29,株式会社
株式会社ヘルステック研究所,京都府京都市左京区吉田本町京都大学内,2017-03-29,株式会社
株式会社ベイルエージェンシー,東京都江戸川区中葛西６丁目１１番５－６０５号,2017-03-29,株式会社
株式会社ホライゾンインターナショナル,愛知県海部郡飛島村大字服岡８丁目８６番１,2017-03-29,株式会社
株式会社マキシマム・アビリティーズ,東京都武蔵野市吉祥寺本町３丁目１０番１号,2017-03-29,株式会社
株式会社ミニオンズ,静岡県駿東郡長泉町上長窪１３１番地,2017-03-29,株式会社
株式会社モダンハウス,福岡県北九州市八幡西区樋口町５番１０－２０２号,2017-03-29,株式会社
株式会社モント・オファー,京都府京都市下京区櫛笥通丹波口下る裏片町１８７番地１７,2017-03-29,株式会社
株式会社ヨネックス,東京都国分寺市東恋ヶ窪２丁目９番地２０ラブリーマンション２０２,2017-03-29,株式会社
株式会社ライフアップサポート,新潟県新潟市中央区女池上山３丁目９番６号,2017-03-29,株式会社
株式会社レッドフラッグ,京都府京都市伏見区深草善導寺町１０－４－７０６,2017-03-29,株式会社
株式会社ワイリン,鹿児島県姶良郡湧水町恒次１６９３番地６,2017-03-29,株式会社
株式会社ヴァリアス,東京都練馬区関町北５丁目１３番９号,2017-03-29,株式会社
株式会社一輸送,群馬県太田市大原町２１６２番地４３,2017-03-29,株式会社
株式会社中嶋事務所,福岡県福岡市中央区小笹１丁目２２番４８号,2017-03-29,株式会社
株式会社中松木材店,大阪府大阪市大正区小林東３丁目１番１８号,2017-03-29,株式会社
株式会社井上工業,兵庫県尼崎市高田町２番４７号,2017-03-29,株式会社
株式会社佐久間建設,宮城県岩沼市館下１丁目３番１７－６０１号,2017-03-29,株式会社
株式会社倉希,大分県大分市高松東２丁目４番１８号,2017-03-29,株式会社
株式会社元進工業,大阪府大阪市住吉区清水丘３丁目１１番２３号,2017-03-29,株式会社
株式会社光商事,東京都国分寺市光町１丁目４３番地３５,2017-03-29,株式会社
株式会社光成,愛知県稲沢市稲島１２丁目６番地,2017-03-29,株式会社
株式会社八代建設,福岡県福岡市早良区四箇１丁目２番１７号,2017-03-29,株式会社
株式会社出西ビレッジ,島根県出雲市斐川町出西３３６８番地,2017-03-29,株式会社
株式会社創建,神奈川県川崎市宮前区馬絹２丁目５番１０号サンクロスロード３階,2017-03-29,株式会社
株式会社力春工業,埼玉県八潮市大字鶴ケ曽根１５６３番地１,2017-03-29,株式会社
株式会社北陸人財開発サポート,石川県金沢市涌波４丁目５番２６号,2017-03-29,株式会社
株式会社協和電設,茨城県猿島郡境町陽光台１丁目３番地１,2017-03-29,株式会社
株式会社友進技建,北海道室蘭市八丁平５丁目４５番１１号,2017-03-29,株式会社
株式会社吉丸,東京都渋谷区恵比寿１丁目７番９号ハイライフ恵比寿２階,2017-03-29,株式会社
株式会社地域創生研究所,長野県松本市女鳥羽１丁目１番５号カーマレオパレス１０１,2017-03-29,株式会社
株式会社大建工業,宮城県仙台市宮城野区岩切字水分６４番地の９,2017-03-29,株式会社
株式会社大政商事,埼玉県戸田市喜沢２丁目１０番１３号,2017-03-29,株式会社
株式会社学想,東京都渋谷区円山町１５番３号グランエストビル３Ｆ,2017-03-29,株式会社
株式会社小笠原組,大阪府大阪市港区夕凪２丁目２番１７号,2017-03-29,株式会社
株式会社就採研,東京都練馬区富士見台３丁目６０番４号,2017-03-29,株式会社
株式会社尾ノ上建装,山口県下関市彦島福浦町２丁目１４番１０号,2017-03-29,株式会社
株式会社山根工業,愛知県名古屋市緑区浦里４丁目１７番地,2017-03-29,株式会社
株式会社岡島,大阪府大阪市天王寺区細工谷２丁目１２番２号,2017-03-29,株式会社
株式会社岩谷工業,北海道札幌市北区新川西五条４丁目１２番１５号,2017-03-29,株式会社
株式会社川幸建築,茨城県ひたちなか市大字長砂５８２番地１,2017-03-29,株式会社
株式会社建真工業,福岡県北九州市八幡東区荒手１丁目１３番１１－２０２号,2017-03-29,株式会社
株式会社後藤組,茨城県龍ケ崎市小柴２丁目１番地５２,2017-03-29,株式会社
株式会社想いぶみ,神奈川県相模原市南区上鶴間本町９丁目３８－９つきみ野コーポ２０３,2017-03-29,株式会社
株式会社教習所サポート,東京都品川区西五反田１丁目１１番１号アイオス五反田駅前６０１,2017-03-29,株式会社
株式会社新和商会,山口県大島郡周防大島町大字久賀５３８６番地の４,2017-03-29,株式会社
株式会社新美電機,神奈川県南足柄市関本４９７番地５,2017-03-29,株式会社
株式会社日本イノベーションサポート,東京都千代田区内神田３丁目７番８号,2017-03-29,株式会社
株式会社日本クレエ,福島県福島市春日町１０番１５号,2017-03-29,株式会社
株式会社日本自然製品研究所,東京都大田区田園調布南２５番５号,2017-03-29,株式会社
株式会社日高架設,茨城県ひたちなか市大字東石川３２３０番地８,2017-03-29,株式会社
株式会社春翔,千葉県習志野市東習志野２丁目１８番３３号,2017-03-29,株式会社
株式会社村田技術経営コンサルティング,鳥取県米子市皆生温泉１丁目１７番９号,2017-03-29,株式会社
株式会社東原建築デザイン研究所,東京都港区東新橋２丁目１８番３号８０２,2017-03-29,株式会社
株式会社松吉,静岡県焼津市越後島２４５番地の３,2017-03-29,株式会社
株式会社森山商事,石川県金沢市大豆田本町ハ１１－１ＫＤＭビル３０３号,2017-03-29,株式会社
株式会社楽活,神奈川県横浜市泉区上飯田町１９３７番地１０号,2017-03-29,株式会社
株式会社正修,東京都台東区今戸２丁目３６番１２号,2017-03-29,株式会社
株式会社渡辺土地建物,神奈川県藤沢市善行１丁目１６番地の４－２０２,2017-03-29,株式会社
株式会社牧和水産,東京都中央区築地５丁目２番１号,2017-03-29,株式会社
株式会社田舎の地花良,大分県由布市湯布院町中川１３５７番地２,2017-03-29,株式会社
株式会社百々工業,大阪府枚方市走谷１丁目２５番１５－７０３号,2017-03-29,株式会社
株式会社経営サポート,北海道札幌市白石区平和通１１丁目北３番２９号,2017-03-29,株式会社
株式会社聖,茨城県神栖市筒井１４２２番地２９８,2017-03-29,株式会社
株式会社菊屋さん,大分県佐伯市蒲江大字野々河内浦１３１６番地,2017-03-29,株式会社
株式会社藤伸,福岡県北九州市門司区梅ノ木町６番２１－１００２号,2017-03-29,株式会社
株式会社足立組,兵庫県三木市緑が丘町東１丁目３番地の４,2017-03-29,株式会社
株式会社鉄建装業,神奈川県川崎市川崎区追分町１番１５－７０５号,2017-03-29,株式会社
株式会社青空グループ,茨城県那珂市福田２００６番地２１,2017-03-29,株式会社
株式会社韓一館,大阪府大阪市中央区東心斎橋１丁目１６番３２号２Ｆ,2017-03-29,株式会社
株式会社飯島建工,茨城県下妻市前河原６１０番地５,2017-03-29,株式会社
株式会社首都圏ホールディングス,東京都板橋区西台３丁目８番１１号,2017-03-29,株式会社
株式会社高丘,兵庫県姫路市大津区天満９５０番地１６,2017-03-29,株式会社
株式会社ＡＣＪ,北海道旭川市東光十条２丁目１番５号,2017-03-29,株式会社
株式会社ＡＨＥＡＤ,東京都新宿区上落合１丁目３０番１７号,2017-03-29,株式会社
株式会社ＡＵＴＯ　ＬＩＦＥ　ＳＵＰＰＯＲＴ,神奈川県藤沢市湘南台６丁目４番地６号,2017-03-29,株式会社
株式会社Ｂｅｓｔ　Ｈｅａｌｔｈ　Ｓｔｙｌｅ,東京都杉並区西荻北３丁目３２番１１号ベルエアー西荻一階,2017-03-29,株式会社
株式会社Ｂｌａｃｋ　Ｈｉｌｌｓ,福岡県北九州市八幡東区清田４丁目１５番１２号,2017-03-29,株式会社
株式会社ＣＬＥＡＮ,東京都世田谷区粕谷２丁目１番４－４０７号,2017-03-29,株式会社
株式会社Ｃａｒｅｅｒ　Ｆｏｕｎｄａｔｉｏｎ,東京都渋谷区神宮前６丁目１９番１号,2017-03-29,株式会社
株式会社ＤＥＣＯ,大阪府堺市南区檜尾５３５番地６,2017-03-29,株式会社
株式会社Ｄｉｒｅｃｔｉｏｎ,大阪府大阪市都島区都島本通２丁目６番１０号２Ｆ,2017-03-29,株式会社
株式会社ＥＡＴＡＣ,東京都板橋区仲宿２９番１４号,2017-03-29,株式会社
株式会社ＦＥＵ,東京都新宿区大京町１９ルート四谷三丁目２１４号室,2017-03-29,株式会社
株式会社ＦＵＫＵＳＨＩＮ,福岡県宗像市自由ヶ丘３丁目１６番地３,2017-03-29,株式会社
株式会社Ｇ・ＲＩＳＥ,兵庫県尼崎市神田中通３丁目３５番地,2017-03-29,株式会社
株式会社ＧａｒｉＰｌｕｓ,兵庫県神戸市北区西山１丁目２６番１１号,2017-03-29,株式会社
株式会社ＨＳ工業,東京都府中市押立町４丁目９番地の８ネクステージ飛田給４０４,2017-03-29,株式会社
株式会社ＨＹ　Ｔｒａｄｉｎｇ　Ｃｏｍｐａｎｙ,東京都大田区西馬込１丁目４番３号,2017-03-29,株式会社
株式会社ＩＳＳＥＩ,東京都江戸川区南篠崎町４丁目１６－３,2017-03-29,株式会社
株式会社ＩＷＹ,兵庫県姫路市白浜町神田１丁目１１番地３,2017-03-29,株式会社
株式会社ＪＩＮコーポレーション,茨城県龍ケ崎市大塚町３０６２,2017-03-29,株式会社
株式会社ＪＭ貿易,東京都練馬区北町１丁目２８番９号,2017-03-29,株式会社
株式会社ＪＳＤ,茨城県つくば市小野崎１２番地１３,2017-03-29,株式会社
株式会社ＫＡＢＡＹＡＮ　ＩＮＴＥＲＮＡＴＩＯＮＡＬ,東京都江東区豊洲４丁目１１番２０－１１０８号,2017-03-29,株式会社
株式会社ＫＥＥＹ,福岡県田川郡香春町大字高野７９３番地,2017-03-29,株式会社
株式会社ＫＩＢＩＴＯ,岡山県岡山市北区野田３丁目１番７号,2017-03-29,株式会社
株式会社ＫＭコーポレーション,東京都新宿区百人町１丁目１５番１９号４Ｆ,2017-03-29,株式会社
株式会社ＫＯＢ,東京都江戸川区中葛西８丁目４番１号,2017-03-29,株式会社
株式会社ＫＯＭＩＹＡ　ＴＨＥ　ＳＥＣＯＮＤ　ＣＨＡＬＬＥＮＧＥ,北海道札幌市中央区南七条西１６丁目２番１４号,2017-03-29,株式会社
株式会社Ｌｅｏ　Ｃｌｉｅ,東京都渋谷区恵比寿西１丁目２０番５号ＳＡビル６階,2017-03-29,株式会社
株式会社Ｌｉｖｅ,東京都豊島区南長崎１丁目１３番１０号,2017-03-29,株式会社
株式会社ＭＡＫＯＴＯ,埼玉県戸田市下前２丁目１－３５下前マンション２０４号,2017-03-29,株式会社
株式会社ＭＤＢＧＴ,東京都荒川区西日暮里５丁目３２番１０－２０１号,2017-03-29,株式会社
株式会社ＭＯＫＡ．,北海道釧路市松浦町１７番１２号,2017-03-29,株式会社
株式会社Ｍｅｒｃｉ　Ｌｉｅｎ,東京都港区北青山３丁目７番１号ＫＫビル２階,2017-03-29,株式会社
株式会社ＯＬＯＢＦ,大阪府和泉市鶴山台２丁目１番２－８１４号,2017-03-29,株式会社
株式会社ＯＳＴ,沖縄県石垣市字大川５６番地,2017-03-29,株式会社
株式会社Ｏｕｒｏｅｂｏｌ,東京都品川区北品川１丁目９番７号トップルーム品川１０１５,2017-03-29,株式会社
株式会社Ｐｒｏｐｅｒｔｙ　ＤＢ,東京都港区芝３丁目３１番５号,2017-03-29,株式会社
株式会社Ｐｕｒ,愛知県名古屋市名東区上社４丁目１３１番地,2017-03-29,株式会社
株式会社Ｐｗｉｎ,東京都練馬区練馬４丁目２０－１３,2017-03-29,株式会社
株式会社Ｑｕａｌｉａ,東京都西東京市住吉町３丁目６番８号,2017-03-29,株式会社
株式会社ＲＩＳＥＷＩＮ　Ｉｎｔｅｒｎａｔｉｏｎａｌ,大阪府大阪市平野区喜連東５丁目１４番３２－１０５号,2017-03-29,株式会社
株式会社ＳＨＩＮ　Ｅｎｓ,兵庫県神戸市須磨区潮見台町４丁目６番２号,2017-03-29,株式会社
株式会社ＳＭＤ３,東京都世田谷区用賀２丁目３０番１７号タウニィ用賀１０１,2017-03-29,株式会社
株式会社Ｔ＆Ｃ,東京都渋谷区広尾５丁目１番４３号,2017-03-29,株式会社
株式会社ＴＨＲＩＶＥ　ＪＰＳ,東京都中央区日本橋室町１丁目１番５号日本橋ビル３Ｆ,2017-03-29,株式会社
株式会社ＴＪＳ,東京都世田谷区上野毛２丁目２１番９号,2017-03-29,株式会社
株式会社ＴＳコンサルティング,東京都目黒区中町２丁目５０番１３号ザ・ピーク３Ｂ,2017-03-29,株式会社
株式会社Ｗ１８,東京都港区赤坂７丁目５－３４インペリアル赤坂フォラム３０１号,2017-03-29,株式会社
株式会社ＷＡＴＡＢＥ,東京都江戸川区西葛西３丁目１３番１２－９０４号田中第２ビルツイン・コート,2017-03-29,株式会社
株式会社ＷＥＳＴ・ＦＡＮＴ,東京都中央区日本橋人形町１丁目７番４号,2017-03-29,株式会社
株式会社Ｙ’ｓジャパン,静岡県御殿場市新橋７３７番地の３,2017-03-29,株式会社
株式会社ＹＯＫＯ,広島県広島市中区三川町６番３号,2017-03-29,株式会社
株式会社ＺＡＴＨＵＲＡ,広島県広島市中区胡町３番４号１Ｆ,2017-03-29,株式会社
株式会社ｅｋｏＬｕ　Ｊａｐａｎ,東京都新宿区四谷４丁目３番地福屋ビル２階,2017-03-29,株式会社
株式会社ｎａｓ,北海道江別市文京台東町３２番地の２,2017-03-29,株式会社
橋本宝飾合同会社,北海道旭川市旭町二条３丁目１１番地の３５ロータリービルＢ棟４－Ｅ,2017-03-29,合同会社
沖縄レンタカー合同会社,沖縄県那覇市曙１丁目６番３３号愛和マンション２階,2017-03-29,合同会社
特定非営利活動法人ルミエール,栃木県塩谷郡高根沢町宝石台２丁目７番地４,2017-03-29,その他の設立登記法人
特定非営利活動法人レジェンダリークラシッククラブ,栃木県鹿沼市藤江町１４４９番地,2017-03-29,その他の設立登記法人
特定非営利活動法人日本メディカルコンシェルジュ協会,東京都品川区東五反田１丁目１０番１０号オフィスＴ＆Ｕ２階,2017-03-29,その他の設立登記法人
特定非営利活動法人総合福祉支援響心会,大阪府大阪狭山市茱萸木３丁目１３７３番地の２９,2017-03-29,その他の設立登記法人
理研ワールド株式会社,福井県鯖江市神中町２丁目６番２７号,2017-03-29,株式会社
産業木材酒井合資会社,福島県いわき市四倉町字仲田９５番地,2017-03-29,合資会社
白坂工業合同会社,鹿児島県鹿屋市池園町２４９６番地２,2017-03-29,合同会社
相馬陶磁器有限会社,福島県双葉郡浪江町大字大堀字宮前２番地,2017-03-29,有限会社
社会福祉法人がじまるの樹福祉会,沖縄県那覇市字古島４番地４,2017-03-29,その他の設立登記法人
社会福祉法人恵盛会希望の家,北海道余市郡余市町黒川町４丁目２７番地,2017-03-29,その他の設立登記法人
福井防水株式会社,青森県青森市大字大野字山下４４番地１２,2017-03-29,株式会社
菊地自動車合資会社,福島県いわき市平字一町目３１番地,2017-03-29,合資会社
藻食尚株式会社,東京都世田谷区代沢２丁目４６－９－１０２,2017-03-29,株式会社
誠洋貿易株式会社,京都府宇治市小倉町西浦９９番地の４,2017-03-29,株式会社
豊恵株式会社,神奈川県川崎市多摩区登戸１９９８番１号,2017-03-29,株式会社
起久味株式会社,大阪府大阪市西区新町１丁目１４番２１－４３０１号,2017-03-29,株式会社
農事組合法人赤堀今井,群馬県伊勢崎市赤堀今井町２丁目７９９番地２,2017-03-29,その他の設立登記法人
進徳貿易株式会社,広島県安芸郡海田町曙町１７番２５号,2017-03-29,株式会社
金沢ふるさと協議会,岩手県一関市花泉町金沢字大柳５６,2017-03-29,その他
銀座名医倶楽部株式会社,東京都中央区築地４丁目４番１５号東銀座ロイアルハイツ４０１号,2017-03-29,株式会社
長門屋デザインワークス合同会社,東京都杉並区西荻北５丁目１２番７号古谷マンション２０２,2017-03-29,合同会社
雄進工業株式会社,神奈川県横浜市保土ケ谷区川島町４７１番地２上星川ガーデンコート９０７号室,2017-03-29,株式会社
麗華商事株式会社,大阪府守口市金田町１丁目１番３号,2017-03-29,株式会社
麻生建設工業合同会社,大分県別府市松原町１番１号松原住宅３０２号,2017-03-29,合同会社
神武興業株式会社,茨城県神栖市大野原３丁目６番１６号,2017-03-29,株式会社
３１０ＳｏｌａｒＰｏｗｅｒ合同会社,栃木県芳賀郡芳賀町大字与能１８５６番地３,2017-03-29,合同会社
Ａｖａｓｔ　Ｓｏｆｔｗａｒｅ　Ｊａｐａｎ合同会社,東京都千代田区岩本町１丁目３番９号ハクセイビル４Ｆ,2017-03-29,合同会社
ＢＦＰ　ＪＡＰＯＮ株式会社,神奈川県逗子市新宿１丁目１番１－２１０号,2017-03-29,株式会社
Ｃｉｒｃｌｅ　Ｇｅｔ合同会社,兵庫県神戸市灘区大石東町４丁目７番３号,2017-03-29,合同会社
Ｃｒｕｉｓｅ株式会社,福岡県福岡市博多区博多駅前４丁目３３－１１,2017-03-29,株式会社
Ｆ＆Ｍ合同会社,東京都豊島区上池袋４丁目２１－５Ｓ．Ｋ上池袋２０２号室,2017-03-29,合同会社
ＦＰＴスタッフィング株式会社,東京都港区芝公園１丁目７番６号ＣＲＯＳＳ－ＰＬＡＣＥ浜松町６階,2017-03-29,株式会社
ＨＡＨＡ合同会社,東京都杉並区高円寺南４丁目６番７号第五日東ビルＢ１階,2017-03-29,合同会社
ＨＭ　Ｐａｒｔｎｅｒｓ株式会社,東京都杉並区高円寺南４丁目２４番１１号,2017-03-29,株式会社
ＨＯＴワークス株式会社,山形県天童市北久野本５丁目４番１８号,2017-03-29,株式会社
ＪＡＬ　ＢＡＨＡＲＩ合同会社,東京都新宿区百人町２丁目１０番６号ルネッサンス新宿３０１,2017-03-29,合同会社
ＪＣＳ株式会社,埼玉県さいたま市桜区田島５丁目２５番５－４０１号,2017-03-29,株式会社
ＪＰ　Ｌｉｆｅ株式会社,大阪府大阪市中央区島之内２丁目５－２７－３０２号,2017-03-29,株式会社
ＫＡＬＩＫＡ　ＲＴＢ合同会社,東京都新宿区上落合２丁目１２番５－３０５号アストラル上落合,2017-03-29,合同会社
ＫＷＷＰ株式会社,愛知県知多市梅が丘１丁目９７番地,2017-03-29,株式会社
ＬＩＤサイプレス株式会社,愛知県名古屋市中区栄２丁目２番１号,2017-03-29,株式会社
ＬＩＬＩ株式会社,神奈川県横浜市鶴見区東寺尾２丁目３番１－２０４号,2017-03-29,株式会社
Ｍ＆Ｌ株式会社,神奈川県横浜市鶴見区東寺尾２丁目３番１－２０４号,2017-03-29,株式会社
Ｍ＆ＲＭＥモノクローム合同会社,神奈川県横浜市中区山下町２５６番７０９号,2017-03-29,合同会社
ＭＦ　ＫＥＳＳＡＩ株式会社,東京都千代田区大手町１丁目６番１号,2017-03-29,株式会社
ＰＬＵＳ　ＯＮＥ株式会社,東京都豊島区駒込３丁目１－３,2017-03-29,株式会社
Ｐｉｎｅ　Ｃｒｅｅｋ　Ｌｉｍｉｔｅｄ合同会社,北海道虻田郡ニセコ町字ニセコ４８２番地１,2017-03-29,合同会社
ＲＩＴＺ　ＴＲＡＤＩＮＧ合同会社,栃木県足利市板倉町３０１番地１,2017-03-29,合同会社
Ｒｏｌｌｏｎ　Ｓ．ｐ．Ａ．,東京都港区海岸１丁目２番２０号汐留ビルディング３階,2017-03-29,外国会社等
Ｓ－ＯＮＥ株式会社,愛知県名古屋市中区栄４丁目１０番２号,2017-03-29,株式会社
ＳＣＯＲ　Ｇｌｏｂａｌ　Ｌｉｆｅ　ＳＥ,東京都千代田区紀尾井町３番１２号紀尾井町ビル,2017-03-29,外国会社等
ＳＤ物流ファンド・シックス合同会社,東京都中央区日本橋１丁目４番１号日本橋一丁目ビルディング,2017-03-29,合同会社
ＳＩＲＩ　ＡＵＴＯ　ＴＲＡＤＩＮＧ合同会社,茨城県結城市大字結城８５３７番地ユーミーマルサン４０２,2017-03-29,合同会社
ＳＹＮＥＲＧＩＥＳＴ株式会社,奈良県北葛城郡広陵町大字大塚４８０番地９桜ヶ丘大陽苑,2017-03-29,株式会社
Ｔｈｅ　Ｒａｎｃｈ合同会社,長野県北安曇郡小谷村大字千国乙１２８５６番地１２３,2017-03-29,合同会社
ＸＧＰフォーラム,東京都千代田区霞が関１丁目４番１号日土地ビル,2017-03-29,その他
アスメル西日本株式会社,大阪府大阪市中央区南船場４丁目１０番５号南船場ＳＯＨＯビル７０２,2017-03-30,株式会社
アトリエアッシュ合同会社,東京都世田谷区上祖師谷５丁目２１番１４－１１０号,2017-03-30,合同会社
アリスジャパン株式会社,千葉県印西市東の原２丁目１８番地１,2017-03-30,株式会社
イル・ファーロ株式会社,大阪府大阪市鶴見区今津中３丁目４番３４号,2017-03-30,株式会社
ウィライト株式会社,東京都江東区枝川２丁目３番４－１０２号,2017-03-30,株式会社
エムアイシー株式会社,神奈川県横浜市港北区新横浜１丁目１７番１２号,2017-03-30,株式会社
エムズ株式会社,北海道苫小牧市新開町４丁目３番１８号,2017-03-30,株式会社
エーピーコンサルティング株式会社,富山県富山市桜橋通り３番１号富山電気ビルディング本館２階,2017-03-30,株式会社
オフィス・ウェスタリーズ合同会社,福岡県福岡市早良区有田３丁目１２番３８－１０２号,2017-03-30,合同会社
グランオール合同会社,北海道札幌市西区発寒六条１０丁目８番５,2017-03-30,合同会社
グリーンシティこばやし株式会社,宮崎県小林市細野３００番地,2017-03-30,株式会社
コスメルファクトリー株式会社,滋賀県草津市矢倉１丁目６番２８号,2017-03-30,株式会社
コネクトワン株式会社,兵庫県尼崎市南武庫之荘５丁目６番１号,2017-03-30,株式会社
サワグチウェルディング株式会社,神奈川県川崎市幸区北加瀬３丁目１７番１５－１０１号,2017-03-30,株式会社
シン合同会社,愛知県名古屋市千種区今池南３２番１９号,2017-03-30,合同会社
スマートフロンティア合同会社,神奈川県厚木市寿町２丁目２番５－５０１号,2017-03-30,合同会社
ディッシュファシリティーズ株式会社,石川県金沢市野町２丁目５番１１号,2017-03-30,株式会社
ディートム株式会社,千葉県市川市東菅野１丁目２６番１０号,2017-03-30,株式会社
トリトンズ６４ジャパン・エルエルシー,東京都千代田区丸の内１丁目８番３号丸の内トラストタワー本館２６階,2017-03-30,外国会社等
パインウェル株式会社,愛知県名古屋市瑞穂区彌富町字月見ケ岡４５番地,2017-03-30,株式会社
ビヨンドシー株式会社,茨城県つくば市東光台１丁目１７－７,2017-03-30,株式会社
フジプラ合同会社,熊本県熊本市西区島崎２丁目３４番６－４０１号,2017-03-30,合同会社
ベストフレンド株式会社,東京都豊島区高松１丁目１８番６号,2017-03-30,株式会社
マデレット合同会社,東京都練馬区練馬１丁目２０番８号２Ｆ,2017-03-30,合同会社
メイツテクノロジー・ジャパン株式会社,東京都渋谷区道玄坂１丁目１２番１号渋谷マークシティ,2017-03-30,株式会社
ユナイテッド合同会社,大分県別府市石垣西７丁目５番２１号,2017-03-30,合同会社
ライフ立方株式会社,愛知県名古屋市中区伊勢山２丁目７番７号,2017-03-30,株式会社
ラ・モードアーティストリー株式会社,東京都新宿区西新宿８丁目５－４,2017-03-30,株式会社
ルフィナコーポレーション株式会社,東京都江東区三好１丁目８番３号,2017-03-30,株式会社
ロスチャイルド・ジャパン株式会社,東京都港区虎ノ門４丁目３番２０号神谷町ＭＴビル２０階,2017-03-30,株式会社
ワイエイチ企画合同会社,東京都荒川区西日暮里１丁目１１番１７号,2017-03-30,合同会社
一般社団法人こどもカルチャーＥｄｕｃａｔｉｏｎ．ＪＰＮ,福岡県福岡市博多区美野島１丁目２４番２０号,2017-03-30,その他の設立登記法人
一般社団法人そらいろ,大阪府交野市郡津１丁目２６番９号,2017-03-30,その他の設立登記法人
一般社団法人もしもの窓口,大阪府大阪市福島区海老江７丁目３番１６号,2017-03-30,その他の設立登記法人
一般社団法人ゆいまーる,沖縄県名護市大南１丁目１０番１８号,2017-03-30,その他の設立登記法人
一般社団法人アスリートサポート振興会,千葉県茂原市町保４番地１０５－４Ｆ,2017-03-30,その他の設立登記法人
一般社団法人オムスビ,福島県南相馬市鹿島区鹿島字大河内５７番地５号の２,2017-03-30,その他の設立登記法人
一般社団法人クラウンプラス,奈良県大和高田市大字松塚３１０番地,2017-03-30,その他の設立登記法人
一般社団法人京都山城地域振興社,京都府宇治市宇治乙方７番８号,2017-03-30,その他の設立登記法人
一般社団法人北茨城新エネルギー,東京都千代田区丸の内３丁目１番１号東京共同会計事務所内,2017-03-30,その他の設立登記法人
一般社団法人大蔵會,東京都中央区八重洲２丁目３番１４号,2017-03-30,その他の設立登記法人
一般社団法人山田経済・経営研究所,東京都千代田区丸の内１丁目８番１号,2017-03-30,その他の設立登記法人
一般社団法人愛知県ドローン協会,愛知県名古屋市東区相生町５０番地１御堂ビル７Ｆ,2017-03-30,その他の設立登記法人
一般社団法人日本インターナショナルセラピスト協会,京都府京都市下京区堺町綾小路下ル永原町１５３番地,2017-03-30,その他の設立登記法人
一般社団法人日本オーガニック化粧品認証センター,兵庫県神戸市中央区播磨町４９番地神戸旧居留地平和ビル,2017-03-30,その他の設立登記法人
一般社団法人日本フードラボ＆トレーニング協会,愛知県名古屋市瑞穂区下坂町２丁目１,2017-03-30,その他の設立登記法人
一般社団法人日本遠隔医療介護センター,福岡県大野城市大字牛頸１０３４番地５,2017-03-30,その他の設立登記法人
一般社団法人津島市観光協会,愛知県津島市南門前町１丁目８番地１,2017-03-30,その他の設立登記法人
一般社団法人真の健康,東京都渋谷区恵比寿２丁目２８番１１号センチュリープラザ９０２,2017-03-30,その他の設立登記法人
一般社団法人育児と子どもの発達を考える会,東京都港区高輪４丁目２１－１６,2017-03-30,その他の設立登記法人
一般社団法人阿久根市水道保守センター,鹿児島県阿久根市港町６５番地４,2017-03-30,その他の設立登記法人
一般社団法人Ｆｏｒ　Ｔｈｅ　Ｗｏｒｌｄ,東京都港区南青山２丁目２番１５号ウィン青山９４２,2017-03-30,その他の設立登記法人
一般社団法人Ｆｏｕｒ　Ｄｉａｍｏｎｄｓ　Ｐｌｕｓ,鹿児島県いちき串木野市元町８６番地,2017-03-30,その他の設立登記法人
一般社団法人ＨＵＭＡＮＫＩＮＤ,東京都港区六本木７丁目２０番８－１２０１号,2017-03-30,その他の設立登記法人
中河工業株式会社,愛知県名古屋市昭和区鶴舞３丁目１４番２７号,2017-03-30,株式会社
仕偉合同会社,東京都足立区千住中居町１９番１０号,2017-03-30,合同会社
佑建工業株式会社,大阪府東大阪市南荘町１１番３－２１１号,2017-03-30,株式会社
医療法人まつもとクリニック,愛知県愛知郡東郷町大字春木字音貝９７番地,2017-03-30,その他の設立登記法人
医療法人桜薫会,神奈川県逗子市桜山４丁目９番２１号,2017-03-30,その他の設立登記法人
医療法人社団慈望会,東京都新宿区高田馬場１丁目３２番１４号ＵＫビル２階,2017-03-30,その他の設立登記法人
医療法人社団東都会,北海道札幌市東区北十二条東７丁目１番３５号,2017-03-30,その他の設立登記法人
医療法人社団珠寿会,茨城県つくば市竹園２丁目１４番１号グラン・デュール竹園１Ｆ,2017-03-30,その他の設立登記法人
医療法人社団風帆会,東京都板橋区赤塚新町１丁目２４番５号赤塚クリニックビル２階,2017-03-30,その他の設立登記法人
協同組合青森生鮮食品センター,青森県青森市古川１丁目１２番６号,2017-03-30,その他の設立登記法人
合同会社なつのいろ,東京都新宿区新宿３丁目１２番４号新宿Ｎタウンプラザ３０９号,2017-03-30,合同会社
合同会社ひかる,東京都豊島区池袋４丁目１１番５号,2017-03-30,合同会社
合同会社もぐもぐ食品興業,広島県広島市西区横川町２丁目９番６号,2017-03-30,合同会社
合同会社エン,東京都渋谷区神宮前６丁目２８番９号,2017-03-30,合同会社
合同会社クロワール,千葉県千葉市美浜区幸町１丁目１番１号,2017-03-30,合同会社
合同会社グリーンＹ,京都府宇治市羽戸山３丁目１の２８８,2017-03-30,合同会社
合同会社サウスウインド,岩手県一関市花泉町永井字西狼ノ沢１７５番地,2017-03-30,合同会社
合同会社サンアンドムーンライン,静岡県御殿場市萩原１２６番地,2017-03-30,合同会社
合同会社セイコーリライアンス,東京都新宿区新宿５丁目１２番１０号ディオスカーラ７０３号,2017-03-30,合同会社
合同会社ツチハタ,大阪府大阪市北区芝田１丁目１４番８号梅田北プレイス６階,2017-03-30,合同会社
合同会社ティーボックス,大阪府大阪市中央区南船場３丁目２番２８号,2017-03-30,合同会社
合同会社フューチャーパーフェクト,東京都目黒区目黒本町４丁目２２番３号,2017-03-30,合同会社
合同会社ミチナスコーポレーション,沖縄県沖縄市字桃原３１０番地２テラス久富Ｂ－２０１,2017-03-30,合同会社
合同会社ムサシ,埼玉県さいたま市岩槻区大字笹久保新田７７１番地１,2017-03-30,合同会社
合同会社ヤマト,埼玉県さいたま市岩槻区大字笹久保新田７７１番地１,2017-03-30,合同会社
合同会社ル・ブラン,神奈川県横浜市泉区中田南２丁目１１番２６号,2017-03-30,合同会社
合同会社吉田リフォーム企画,神奈川県藤沢市大庭５５５４番地の３コートヴィレッジⅡ２０７号,2017-03-30,合同会社
合同会社宝盛,神奈川県茅ヶ崎市十間坂３丁目２０番３号,2017-03-30,合同会社
合同会社寿,東京都世田谷区桜上水４丁目１番Ｇ－９０１号,2017-03-30,合同会社
合同会社岡田工業,大阪府大阪市大正区南恩加島６丁目１８番６号,2017-03-30,合同会社
合同会社湘南ファーム青森,青森県三戸郡五戸町大字倉石又重字上川原１１０－１,2017-03-30,合同会社
合同会社矢澤工業,千葉県長生郡長生村七井土１７７２番地,2017-03-30,合同会社
合同会社石川調査測量事務所,香川県高松市藤塚町１丁目７番２１号,2017-03-30,合同会社
合同会社翔建,東京都台東区三ノ輪１丁目１０番９号松山ビル３０１,2017-03-30,合同会社
合同会社Ｄｅｌｔａ,東京都品川区南大井６丁目１８番２－１０２号,2017-03-30,合同会社
合同会社ＪｕｄｇｅＰｌｕｓ,神奈川県川崎市幸区鹿島田２丁目１９番地１５号,2017-03-30,合同会社
合同会社ＭＡＰＬＥ　ＷＯＲＫＳ,東京都台東区根岸１丁目５番１６号,2017-03-30,合同会社
合同会社Ｍａｎｄａｒｎ,千葉県習志野市鷺沼１丁目２番６号,2017-03-30,合同会社
合同会社ＭｏＭａ,東京都世田谷区鎌田２丁目３番５号ル・レーヴ１０１,2017-03-30,合同会社
合同会社ＮＡＫＡＯＧＵＭＩ,福岡県糟屋郡宇美町桜原２丁目５番１７号,2017-03-30,合同会社
合同会社ＰＰエージェンシー,東京都渋谷区幡ヶ谷２丁目４番１０号メゾン・ド・アビルテ３０６,2017-03-30,合同会社
合同会社ＳＯＲＴ,東京都千代田区外神田２丁目１番１５号２Ｆ,2017-03-30,合同会社
合同会社ＴＫ,東京都武蔵野市吉祥寺南町１丁目５番１３号,2017-03-30,合同会社
合同会社ＷＯＲＫ　ＯＵＴ,北海道江別市野幌若葉町６０番地の３,2017-03-30,合同会社
合同会社ｆｏａｍ,徳島県吉野川市鴨島町敷地字西ノ宮１２８５番２の２,2017-03-30,合同会社
同源国際株式会社,埼玉県川口市並木３丁目２６番１０号１Ｆ,2017-03-30,株式会社
家楽合同会社,大阪府大阪市住吉区南住吉３丁目８番１０号,2017-03-30,合同会社
山中工業株式会社,千葉県市原市八幡２１３１番地３,2017-03-30,株式会社
山二塗装工業株式会社,鹿児島県鹿児島市卸本町５番地２６,2017-03-30,株式会社
岡本果樹園合同会社,茨城県石岡市小幡１２９７番地,2017-03-30,合同会社
心縁国際合同会社,岡山県岡山市北区厚生町１丁目７番１６号,2017-03-30,合同会社
愛媛バイオマス燃料合同会社,愛媛県松山市平和通３丁目２番１６号,2017-03-30,合同会社
日本チャイルドケア株式会社,大阪府大阪市福島区玉川１丁目１番３６号,2017-03-30,株式会社
日本療学株式会社,東京都足立区舎人４丁目２番１２号,2017-03-30,株式会社
旭児童育成クラブ,長野県松本市旭２丁目４－４,2017-03-30,その他
有限会社ナイスホーム,秋田県能代市字大瀬儘下４６番地３３,2017-03-30,有限会社
有限会社ブテイックたなか,青森県弘前市大字代官町４番地１,2017-03-30,有限会社
有限会社荻原工業,栃木県上都賀郡西方町大字本城４１８番地,2017-03-30,有限会社
東辰株式会社,千葉県船橋市湊町２丁目１１番３号ＡＳ湊町ビル５０３,2017-03-30,株式会社
松源株式会社,東京都北区東田端２丁目９番９号クロコダイル第一１Ｆ,2017-03-30,株式会社
株式会社さくら,北海道旭川市三条通６丁目６７７番地２プリコタワービル４Ｆ,2017-03-30,株式会社
株式会社じぶん,東京都狛江市東野川２丁目２２番２２号ブラティーク・ラフィネ１０２,2017-03-30,株式会社
株式会社つくば不動産管理,茨城県つくばみらい市絹の台６丁目１８番地１０,2017-03-30,株式会社
株式会社とん豚,佐賀県唐津市新興町１９３番地,2017-03-30,株式会社
株式会社アバプランニング,東京都大田区山王１丁目３３番２３号,2017-03-30,株式会社
株式会社アースノア,広島県広島市中区猫屋町３番１６号,2017-03-30,株式会社
株式会社イノベーター,東京都西東京市向台町２丁目２番７号,2017-03-30,株式会社
株式会社インスピア,静岡県静岡市清水区上清水町１２番１９－２号ＰＡＬＯＳ上清水２０１,2017-03-30,株式会社
株式会社イーライフ,東京都品川区上大崎２丁目１５番５号,2017-03-30,株式会社
株式会社エクサス,東京都江東区新砂３丁目４番３－３１７号,2017-03-30,株式会社
株式会社エヌディー,神奈川県大和市中央林間５丁目１番１号杉本ビル３０１号,2017-03-30,株式会社
株式会社エフ・エル・シー,茨城県神栖市柳川中央１丁目１０番地５,2017-03-30,株式会社
株式会社エム・ケイ・プランニング,東京都中野区本町５丁目３３番５号,2017-03-30,株式会社
株式会社オフィスサンライズ,東京都大田区鵜の木２丁目１２番１０号,2017-03-30,株式会社
株式会社オフィス・オガタ,東京都世田谷区深沢５丁目２０番１７号１０６号室,2017-03-30,株式会社
株式会社カラーオブラブ,神奈川県相模原市南区新戸５２０１番地３,2017-03-30,株式会社
株式会社キタガワ,愛知県名古屋市守山区大森１丁目１８０９番地,2017-03-30,株式会社
株式会社キモノグラフィ,京都府京都市右京区嵯峨朝日町３番地２,2017-03-30,株式会社
株式会社キヨカワ電設,京都府京都市伏見区中島河原田町１２３番地２２,2017-03-30,株式会社
株式会社キレンジヤ商店,福岡県北九州市小倉北区馬借１丁目１０番２号日の出ＢＬＤ１Ｆ,2017-03-30,株式会社
株式会社グランダネ,東京都港区南青山２丁目２番１５号,2017-03-30,株式会社
株式会社グリーンプラス,愛知県名古屋市東区葵１丁目２６－１０ユニーブル新栄６１５号,2017-03-30,株式会社
株式会社グロース・ジャパン,静岡県静岡市葵区古庄６丁目１６番１３号,2017-03-30,株式会社
株式会社ケアぷらす,東京都葛飾区東水元５丁目４番２０号ハイツセザンヌ１０２,2017-03-30,株式会社
株式会社ケアラボ,東京都新宿区西新宿１丁目２０番３号西新宿高木ビル３階,2017-03-30,株式会社
株式会社ケイテック,神奈川県横浜市鶴見区佃野町１４番９－２号,2017-03-30,株式会社
株式会社ケーズ,福岡県柳川市三橋町吉開７７８番地１,2017-03-30,株式会社
株式会社コウキ,岡山県岡山市北区大供表町１３番１号,2017-03-30,株式会社
株式会社コンパス,北海道札幌市中央区北一条西２０丁目１番６－３０３号,2017-03-30,株式会社
株式会社コンモツィオーネナガノ,長野県飯山市大字静間１４７５番地２,2017-03-30,株式会社
株式会社サリサリ,神奈川県横浜市神奈川区西神奈川３丁目７番４号,2017-03-30,株式会社
株式会社サンシン,千葉県鎌ケ谷市佐津間２８５番地１,2017-03-30,株式会社
株式会社サンドール,東京都大田区南馬込１丁目５番１号,2017-03-30,株式会社
株式会社シノハラ開発,鹿児島県鹿児島市石谷町１５９４番地３,2017-03-30,株式会社
株式会社シュエット,東京都中央区銀座１丁目２７番８号セントラルビル７０３号,2017-03-30,株式会社
株式会社シーメジャーワークス,東京都港区赤坂４丁目９番２５号新東洋赤坂ビル１０Ｆ,2017-03-30,株式会社
株式会社ジャパンマテリアル,東京都台東区清川２丁目３８番４号,2017-03-30,株式会社
株式会社ジャパン断熱,神奈川県横浜市港北区新横浜２丁目１７番地９－２０１号,2017-03-30,株式会社
株式会社ジーティープロ,東京都港区高輪３丁目２５番２７号アベニュー高輪９０３,2017-03-30,株式会社
株式会社ジーライズサービス,山形県鶴岡市日出１丁目１１番１１１号,2017-03-30,株式会社
株式会社スカイアイ,東京都港区高輪３丁目２５番２０－８０２号,2017-03-30,株式会社
株式会社スキャンラインズデジタル,東京都港区南青山４丁目１６番１１号アールスクエア南青山２１１,2017-03-30,株式会社
株式会社スタンダードスタジアム,東京都目黒区原町１丁目１３番３号,2017-03-30,株式会社
株式会社セイルズ,愛知県名古屋市西区牛島町６－１名古屋ルーセントタワー４０階,2017-03-30,株式会社
株式会社ゼロス,北海道日高郡新ひだか町静内本町２丁目１番５号,2017-03-30,株式会社
株式会社タカラ,兵庫県宝塚市旭町３丁目７番１－１０３号,2017-03-30,株式会社
株式会社ダイヤ測建,栃木県宇都宮市徳次郎２１８４番地２,2017-03-30,株式会社
株式会社テックビジョン福岡,福岡県福岡市中央区天神３丁目２番２２号河村天神荘ビル５階,2017-03-30,株式会社
株式会社トウゲツ,東京都足立区加平３丁目１４番８号,2017-03-30,株式会社
株式会社ナノシステム,兵庫県神崎郡福崎町八千種２０２５－１１,2017-03-30,株式会社
株式会社ニード,東京都八王子市南新町１３番地１八王子繊維センタービル＃１０２,2017-03-30,株式会社
株式会社ネオ・プロジェクト,長野県松本市出川町４番１０号,2017-03-30,株式会社
株式会社ビット・ファンド,東京都豊島区池袋３丁目３４番７号ビジネスパーク池袋２階,2017-03-30,株式会社
株式会社ビーザ・ライト,茨城県土浦市富士崎１丁目２番１０－７０５号,2017-03-30,株式会社
株式会社フアット,東京都台東区下谷１丁目９番６号,2017-03-30,株式会社
株式会社フラスト,埼玉県朝霞市根岸台３丁目１１番１８号,2017-03-30,株式会社
株式会社プラスワン,大阪府大阪市東淀川区東中島１丁目６番１４号,2017-03-30,株式会社
株式会社プロテオ,東京都渋谷区渋谷２丁目１７番３号,2017-03-30,株式会社
株式会社ベルウッド,福岡県北九州市小倉南区星和台２丁目２０番１号,2017-03-30,株式会社
株式会社マグノリアレーン,東京都目黒区五本木２丁目４９番１６号,2017-03-30,株式会社
株式会社マスターインベストメント,大阪府大阪市阿倍野区阿倍野筋２丁目４番３７－１３０３号,2017-03-30,株式会社
株式会社ミラノビルシステム,青森県八戸市根城３丁目２４番２１号,2017-03-30,株式会社
株式会社メビルス,愛知県名古屋市中村区太閤通４丁目５７番地の２,2017-03-30,株式会社
株式会社モ・ティフ,東京都千代田区神田須田町２丁目６番地２神田セントラルプラザ１１０２号,2017-03-30,株式会社
株式会社ライジング,茨城県常陸太田市金井町３７１５番地金井ビル３０３号,2017-03-30,株式会社
株式会社ライフスタート,神奈川県横浜市中区本町３丁目２４番本町中ビルＢ１,2017-03-30,株式会社
株式会社ライフパートナー心楽堂,三重県鈴鹿市白子町４３７３番地の４,2017-03-30,株式会社
株式会社ワークシステム,神奈川県愛甲郡清川村煤ヶ谷１１０３－６９,2017-03-30,株式会社
株式会社ワープス,沖縄県那覇市泊３丁目１番地８ＪＥＩＳ沖縄ビル１Ｆ,2017-03-30,株式会社
株式会社ヴァーチュ,福岡県福岡市早良区西新４丁目８番３６－１号３階,2017-03-30,株式会社
株式会社三友建設,愛知県豊橋市小向町字北小向１１９番地５,2017-03-30,株式会社
株式会社三島住建,三重県南牟婁郡紀宝町成川５３２番地の１３,2017-03-30,株式会社
株式会社上雄,神奈川県横須賀市平作８丁目３番１１号,2017-03-30,株式会社
株式会社佐藤ファーム,青森県青森市大字浪館字志田３８番地３,2017-03-30,株式会社
株式会社信,大阪府堺市堺区南島町１丁３６番地１３・８１５号,2017-03-30,株式会社
株式会社元気のたねＫＦＶ,兵庫県芦屋市南宮町１３番２－２０５号,2017-03-30,株式会社
株式会社光太陽,東京都豊島区北大塚３丁目２９番５号１０３号室,2017-03-30,株式会社
株式会社創合企画,福岡県北九州市門司区新門司３丁目６７番５号,2017-03-30,株式会社
株式会社力丸工業,茨城県神栖市知手８２９番地１,2017-03-30,株式会社
株式会社原野工業,東京都足立区保木間３丁目１８番１５号,2017-03-30,株式会社
株式会社和泉工業,福岡県北九州市小倉南区葛原２丁目２６番２８号,2017-03-30,株式会社
株式会社土江田ファーム,北海道河西郡芽室町北伏古東１６線１０番地,2017-03-30,株式会社
株式会社増融,鹿児島県霧島市隼人町住吉８４番地２,2017-03-30,株式会社
株式会社夏はなび,群馬県沼田市薄根町３６４１番地８,2017-03-30,株式会社
株式会社大塚工業,茨城県那珂郡東海村大字舟石川５８０番地４５,2017-03-30,株式会社
株式会社大輝,東京都足立区古千谷本町２丁目８番１９号,2017-03-30,株式会社
株式会社山﨑,山形県寒河江市高田１丁目６番地の２,2017-03-30,株式会社
株式会社岡本工業,兵庫県尼崎市立花町１丁目２３番２２－４０４号,2017-03-30,株式会社
株式会社岩藤農産,岡山県赤磐市東軽部７５２番地７,2017-03-30,株式会社
株式会社川口個別指導,東京都千代田区平河町１丁目６番１５号ＵＳビル８Ｆ,2017-03-30,株式会社
株式会社幸和,北海道札幌市豊平区平岸四条１３丁目９番１号,2017-03-30,株式会社
株式会社恒信,大阪府大阪市東淀川区東中島１丁目６番１４号,2017-03-30,株式会社
株式会社成田建設,大阪府岸和田市箕土路町１丁目８番３１号,2017-03-30,株式会社
株式会社新林,福岡県北九州市門司区新開３番２４号,2017-03-30,株式会社
株式会社星商事,茨城県常陸大宮市石沢１６２３番地の５,2017-03-30,株式会社
株式会社木乃幡・別品館,宮城県名取市閖上字新町頭３４番地の１１,2017-03-30,株式会社
株式会社森設備工業所,東京都板橋区高島平５丁目６番１３号,2017-03-30,株式会社
株式会社榮楽商事,大阪府摂津市千里丘東５丁目２番２５号,2017-03-30,株式会社
株式会社横建,広島県福山市神辺町字道上２２８２番地１１,2017-03-30,株式会社
株式会社江藤保温,福岡県古賀市薦野２０６９番地１４,2017-03-30,株式会社
株式会社浜名,群馬県高崎市白岩町２４番地２,2017-03-30,株式会社
株式会社港北どうぶつ病院,神奈川県横浜市都筑区大棚町３００４－１,2017-03-30,株式会社
株式会社田岡防水工業,大阪府交野市倉治４丁目１７番１４号,2017-03-30,株式会社
株式会社相島仮設,茨城県稲敷市柴崎１４９２番地５,2017-03-30,株式会社
株式会社石川工業,大阪府豊中市上野東２丁目１９番１７－２０３号,2017-03-30,株式会社
株式会社砂田工業,愛媛県松山市西垣生町１４９９番地３,2017-03-30,株式会社
株式会社神谷商会,京都府京都市山科区川田菱尾田６番地３０,2017-03-30,株式会社
株式会社祥栄建設,神奈川県川崎市宮前区有馬４丁目１６番２号フェリース鷺沼２０５,2017-03-30,株式会社
株式会社秀栄,鹿児島県鹿児島市田上４丁目１０番１号,2017-03-30,株式会社
株式会社紫,東京都千代田区神田佐久間町１丁目１４番地,2017-03-30,株式会社
株式会社肝付農畜産物直送物産館,鹿児島県肝属郡肝付町前田２５９６番地２,2017-03-30,株式会社
株式会社蘇我興業,千葉県千葉市緑区誉田町２丁目２３０６番地２４カーサ・セレーナⅡ２０１号,2017-03-30,株式会社
株式会社裕建,茨城県行方市岡４７３番地,2017-03-30,株式会社
株式会社西山建設,香川県仲多度郡まんのう町炭所西１８６１番地１,2017-03-30,株式会社
株式会社豊松テクノ,神奈川県厚木市中町３丁目１３番８号ＳＵＮビル２５－８０２,2017-03-30,株式会社
株式会社豚吉,鹿児島県肝属郡肝付町宮下５０番地,2017-03-30,株式会社
株式会社里人,高知県高知市曙町２丁目４番３０号あかつきビル１階,2017-03-30,株式会社
株式会社釵侖堂,大分県大分市大字田尻５７８番地の３,2017-03-30,株式会社
株式会社鈴屋,茨城県小美玉市大谷７９０番地５８ピュアグリーン豊１０５号,2017-03-30,株式会社
株式会社長野メディカル,長野県松本市寿中２丁目１８番１０号,2017-03-30,株式会社
株式会社隆栄工業,茨城県鹿嶋市大字神向寺１５４番地１２,2017-03-30,株式会社
株式会社鶉,東京都新宿区戸山３丁目２１番３号,2017-03-30,株式会社
株式会社ＡＲＩＮ,東京都荒川区西尾久７丁目２５番６号クレストサンキ１階,2017-03-30,株式会社
株式会社ＡＸＥ　ＴＲＵＳＴ,千葉県長生郡白子町浜宿２５２２番地８,2017-03-30,株式会社
株式会社ＢＯＳＴ　ＴＲＡＤＩＮＧ,愛知県愛西市日置町髭田１３７番地,2017-03-30,株式会社
株式会社ＢＰＷ,岡山県岡山市南区豊成３丁目２番１５号ルミナス芳泉２０６号,2017-03-30,株式会社
株式会社ＣＨＡＩＮ,東京都新宿区新宿２丁目２番４号,2017-03-30,株式会社
株式会社ＤＥＶＥＰ,東京都渋谷区恵比寿３丁目３８番２２号ＥＢＩＳＵＦＯＬＩＯＡｃｔ．３Ｋ号室,2017-03-30,株式会社
株式会社Ｅｎｄｌｅｓｓ　Ｄｒｅａｍ,東京都荒川区東尾久２丁目２番９号三祥ビル２０１,2017-03-30,株式会社
株式会社ＧＲＡＮＤ　ＧＲＯＯＶＥ,神奈川県横浜市神奈川区六角橋１丁目７－２,2017-03-30,株式会社
株式会社ＨＤＩアーキテクト,東京都港区東麻布３丁目８－２麻布マルカビル５階,2017-03-30,株式会社
株式会社ＨＴＰ,愛知県名古屋市北区清水２丁目１８番２１号,2017-03-30,株式会社
株式会社ＩＤＣ　Ｌｅｇｅｎｄ,東京都新宿区四谷４丁目３２番６号,2017-03-30,株式会社
株式会社ＫＭＳ,東京都港区北青山３丁目６番７号青山パラシオタワー,2017-03-30,株式会社
株式会社ＬＵ－ＮＡＯ,大阪府大阪市福島区吉野１丁目２０番３０号,2017-03-30,株式会社
株式会社ＬＵＮＡＮ,埼玉県さいたま市浦和区上木崎７丁目９番９号,2017-03-30,株式会社
株式会社ＭＡＳＳＩＶＥ　ＷＯＲＫＳ,東京都中央区日本橋蛎殻町１丁目３５番地２号グレインズビル６３,2017-03-30,株式会社
株式会社ＭＢＲ,愛知県春日井市鳥居松町６丁目５０番地,2017-03-30,株式会社
株式会社ＭＥＧＵＭＩ,宮城県仙台市若林区土樋８３番地の１ヴィラヴェール１０１,2017-03-30,株式会社
株式会社ＭＩＴイノベーション,東京都中央区晴海１丁目６番１号晴海ビュータワー３８０５,2017-03-30,株式会社
株式会社ＭＭｓ,東京都葛飾区東新小岩３丁目９番２号,2017-03-30,株式会社
株式会社Ｍａｔｃｈ　Ｓｏｒａ,東京都中野区中野４丁目１番１号,2017-03-30,株式会社
株式会社Ｎ－Ｒｅｎａｉｓｓａｎｃｅ　Ｐａｒｔｎｅｒ,福岡県福岡市中央区赤坂１丁目１０番７－４０１号,2017-03-30,株式会社
株式会社ＯＮＥ　ＳＴＥＰ,大阪府大阪市福島区鷺洲３丁目１０番３－９０７号,2017-03-30,株式会社
株式会社Ｏｍｉ　Ｍｅｄｉｃａｌ,埼玉県戸田市本町３丁目６番２－３０３号,2017-03-30,株式会社
株式会社Ｐ＆Ｓ,兵庫県川西市加茂６丁目１２６番地の４,2017-03-30,株式会社
株式会社Ｐｉｓｈｏｎ,神奈川県横浜市中区弥生町３丁目２６－１,2017-03-30,株式会社
株式会社Ｒ－ａｒｔ,福岡県福岡市中央区天神２丁目７番２２号,2017-03-30,株式会社
株式会社ＲＳＣ,北海道札幌市中央区南四条西３丁目３番地１第１グリーンビル３階,2017-03-30,株式会社
株式会社Ｒａｄｉａｎｃｅ,東京都渋谷区恵比寿南２丁目２４番９号,2017-03-30,株式会社
株式会社Ｒｅｌａｔｉｏｎ　Ｃｏｎｓｕｌｔｉｎｇ,東京都港区高輪４丁目２４番５５－１１５号,2017-03-30,株式会社
株式会社Ｒｏｙａｌ　Ｄａｙｓ,京都府京都市山科区勧修寺東栗栖野町１７番地１０,2017-03-30,株式会社
株式会社Ｓ－ＰＬＡＮ,埼玉県戸田市大字新曽８１５番地,2017-03-30,株式会社
株式会社ＳＪ電設,東京都台東区台東４丁目２９番１５－６０２号上野永谷タウンプラザ,2017-03-30,株式会社
株式会社ＳＫスタイル,兵庫県姫路市継３４８番地５,2017-03-30,株式会社
株式会社ＳＴＥＬＬＡ　ＦＡＣＴＯＲＹ,埼玉県所沢市大字下安松７９４番地２,2017-03-30,株式会社
株式会社ＳＵＲＦＣＡＲ,東京都千代田区永田町２丁目１１番１号山王パークタワー三階,2017-03-30,株式会社
株式会社Ｓｔｙｌｅ,大阪府寝屋川市明徳２丁目１４番２４－４０４号,2017-03-30,株式会社
株式会社Ｔ－ＬＩＦＥＣＯＮＮＥＴ,愛知県名古屋市緑区鳴海町字大清水６９番地の１５４,2017-03-30,株式会社
株式会社Ｔ－ｐｒｏｍｏｔｉｏｎ,東京都港区西新橋３丁目１７番７号,2017-03-30,株式会社
株式会社ＴＯＹＡＭＡ　ＴＲＡＤＩＮＧ,神奈川県藤沢市円行１丁目１５番地の１１ウッディタウン小泉Ａ棟１０４,2017-03-30,株式会社
株式会社ＶＩＶＩＤ,神奈川県横浜市中区松影町２丁目７番地３クレハマネジメントビル２Ｆ,2017-03-30,株式会社
株式会社Ｗｉｓｔａｒｉａ,東京都渋谷区初台１丁目３９番１０号,2017-03-30,株式会社
株式会社ＹＡＤＡＶ　ＣＯＲＰＯＲＡＴＩＯＮ,茨城県つくば市北条３８７８番地１,2017-03-30,株式会社
株式会社ＹＯＲＯＫＯＢＩ隊,東京都板橋区大谷口北町１１番３－７０４号,2017-03-30,株式会社
株式会社ＹＵＵ,富山県富山市向新庄１２９５番地２,2017-03-30,株式会社
株式会社ＺＺ,栃木県宇都宮市塙田２丁目５番２６－３０１号,2017-03-30,株式会社
株式会社ｋｕＬｏ,東京都港区西麻布４丁目２番１２号麻布ハウス２０２,2017-03-30,株式会社
株式会社ｍ＆ｓ．ｐｏｗｅｒ,青森県青森市浜館２丁目１２番地３２,2017-03-30,株式会社
株式会社ｓｋｅｔｃｈ,大阪府茨木市豊原町９番２０－１２０５号,2017-03-30,株式会社
武雄太陽光発電所合同会社,岐阜県関市日ノ出町１丁目１１番地,2017-03-30,合同会社
渋谷工業株式会社,山形県寒河江市大字米沢５７７番地,2017-03-30,株式会社
特定非営利活動法人えにし,神奈川県藤沢市長後５９１番地,2017-03-30,その他の設立登記法人
特定非営利活動法人ひだまり,北海道十勝郡浦幌町字本町７１番地,2017-03-30,その他の設立登記法人
特定非営利活動法人大分福祉ネットワーク友輪会,大分県大分市富士見が丘西２丁目５番６号,2017-03-30,その他の設立登記法人
特定非営利活動法人小星プロジェクト,徳島県美馬市脇町字小星５２１番地１５,2017-03-30,その他の設立登記法人
特定非営利活動法人消費者ネットワークうべ,山口県宇部市新天町１丁目２番３６号まちづくりプラザ２階,2017-03-30,その他の設立登記法人
特定非営利活動法人空き家サポートセンター,大阪府豊能郡豊能町東ときわ台５丁目１４番地の１９,2017-03-30,その他の設立登記法人
百道株式会社,東京都江東区南砂４丁目１番４号,2017-03-30,株式会社
社会保険労務士法人和道経営舎,神奈川県横浜市西区北幸２丁目８番１９号横浜西口Ｋビル７Ｆ,2017-03-30,その他の設立登記法人
社会福祉法人至誠会,岐阜県岐阜市川部６丁目６０番地,2017-03-30,その他の設立登記法人
立誠財務合同会社,東京都杉並区西荻南２丁目５番６号中村ビル１０１,2017-03-30,合同会社
米ＣＯＭＥかほく協同組合,山形県西村山郡河北町大字溝延字千刈４７番地の１,2017-03-30,その他の設立登記法人
紅松株式会社,東京都台東区上野６丁目７番１６号,2017-03-30,株式会社
謙合同会社,東京都葛飾区立石１丁目１番７号,2017-03-30,合同会社
農事組合法人モンペトクワ,福島県南相馬市原町区深野字舘２７番地,2017-03-30,その他の設立登記法人
銭形マルシェ合同会社,香川県観音寺市豊浜町箕浦甲２０７３番地,2017-03-30,合同会社
静岡介護福祉事業協同組合,静岡県藤枝市宮原４２０番地１,2017-03-30,その他の設立登記法人
鵲瑞株式会社,東京都足立区関原２丁目５番１５号江川ハイツ１０３,2017-03-30,株式会社
Ｂ．Ｓ．Ｔ．ＩＮＴＥＲＮＡＴＩＯＮＡＬ合同会社,東京都世田谷区松原４丁目３２番１０号,2017-03-30,合同会社
Ｃ＆Ｐアセット合同会社,埼玉県さいたま市大宮区桜木町２丁目４４６番地３０８号,2017-03-30,合同会社
ＣＲＥＡＴＩＯ株式会社,大阪府大阪市中央区南船場１丁目９番１号,2017-03-30,株式会社
ＣＲＥＳ合同会社,福岡県福岡市東区香椎浜３丁目３番４－１１０４号,2017-03-30,合同会社
ＥＸＰＡＮＤＡ株式会社,石川県金沢市東長江町ぬ１３－２,2017-03-30,株式会社
Ｅｃｘｉｓ　ｉｎｆｉｎｉｔｙ合同会社,大阪府堺市北区百舌鳥赤畑町４丁２４２番地２,2017-03-30,合同会社
Ｆｌｙ　Ｅａｓｔ　Ｊａｐａｎ合同会社,東京都台東区松が谷１丁目１２番１０号,2017-03-30,合同会社
Ｇｉｈａｒａ　Ｅｎｔｅｒｐｒｉｓｅｓ合同会社,群馬県前橋市粕川町月田５３６,2017-03-30,合同会社
Ｈａｙａｓｈｉ　Ｎｉｓｅｋｏ＆Ｃｏ．株式会社,北海道札幌市北区北十九条西３丁目１－１,2017-03-30,株式会社
ＩＫＩ国際合同会社,東京都豊島区駒込３丁目１－３,2017-03-30,合同会社
ＪＴＭＴ株式会社,東京都足立区入谷２丁目４番２０号,2017-03-30,株式会社
ＫＩＮＹＯ株式会社,東京都世田谷区尾山台２丁目２６番９号,2017-03-30,株式会社
Ｋａｚｉｙａ合同会社,沖縄県中頭郡北谷町北谷１丁目９番地４,2017-03-30,合同会社
ＬｏｇｉｃｗａｒｅＬａｂ株式会社,福岡県福岡市中央区小笹１丁目１５番１０－２０７号,2017-03-30,株式会社
ＭＡＨＡＬＡＸＭＩ合同会社,神奈川県横浜市保土ケ谷区川辺町２－２パイロットハウスＡ－１０２,2017-03-30,合同会社
ＭＡＶＥＣ合同会社,兵庫県神戸市中央区筒井町３丁目１番２号－４０１,2017-03-30,合同会社
ＭＣＣ株式会社,東京都江戸川区北小岩５丁目２１番７号２０８号室,2017-03-30,株式会社
ＭＵＳＵＢＩ貿易株式会社,福岡県福岡市博多区博多駅前４丁目１３番２７号,2017-03-30,株式会社
ＯＦＦ－ＲＯＡＤＳ株式会社,東京都港区赤坂２丁目２３番１号アークヒルズ・フロントタワーＲｏＰ８０６号室,2017-03-30,株式会社
ＰｉｎｇＰｏｎｇ　Ａｓｉａ　Ｔｅｃｈｎｏｌｏｇｙ株式会社,東京都港区赤坂１丁目１２番３２号アーク森ビル７階,2017-03-30,株式会社
ＲｅＴｗｉｓｓｔ　ＪＡＰＡＮ株式会社,東京都世田谷区三軒茶屋２丁目１９番１８号,2017-03-30,株式会社
Ｒｏｕｌａ　Ｔｉｍｂｅｒｌａｋｅ合同会社,東京都大田区新蒲田３丁目２９番３号ライトドエル１０１,2017-03-30,合同会社
Ｓ＆Ｃ株式会社,東京都豊島区高田３丁目３－１６－３１２号,2017-03-30,株式会社
Ｓ＆Ｙ株式会社,東京都中野区上鷺宮１丁目２番４号関口ビル２０１号室,2017-03-30,株式会社
ＳＫＭ株式会社,東京都台東区松が谷１丁目１２番１０号,2017-03-30,株式会社
ＳＭＡ株式会社,神奈川県横浜市南区大岡５丁目４１番４７号,2017-03-30,株式会社
ＳＵＮＤＥＲ株式会社,東京都大田区上池台２丁目３２－１,2017-03-30,株式会社
Ｓｈｕｎｔａ　Ｐｈｏｔｏｇｒａｐｈｙ株式会社,奈良県生駒市壱分町７０１番地６,2017-03-30,株式会社
Ｓｐｒｅａｄ株式会社,北海道札幌市中央区北五条西９丁目１７番地９,2017-03-30,株式会社
ＷＥＲＫＨ株式会社,東京都港区白金６丁目１２番１８号,2017-03-30,株式会社
ｈｙ－ｈｙ株式会社,東京都杉並区成田東１丁目４０番８号,2017-03-30,株式会社
いつもケアプランセンター株式会社,大阪府大阪市住吉区遠里小野４丁目８番１２号,2017-03-31,株式会社
ふーどマーケット・サニー株式会社,埼玉県戸田市大字新曽２３３１番地,2017-03-31,株式会社
べんけいジャパン合同会社,東京都調布市染地３丁目１番地２４多摩川住宅ハ５－３０４,2017-03-31,合同会社
まんまる屋株式会社,千葉県浦安市入船５丁目３３番２０３号,2017-03-31,株式会社
やわらホールディングス株式会社,大阪府池田市石橋２丁目１４番１１号,2017-03-31,株式会社
アニング合同会社,大分県別府市末広町６番３３号ＴＲＩＬＬ２０５号,2017-03-31,合同会社
ウェブ・コロ株式会社,東京都港区六本木４丁目８番７号六本木嶋田ビル７Ｆ,2017-03-31,株式会社
エーマックス株式会社,福岡県遠賀郡遠賀町大字別府２５１１番地の１,2017-03-31,株式会社
オフィス成瀬株式会社,東京都千代田区神田小川町１丁目８番地３小川町北ビル４０２,2017-03-31,株式会社
オリエントハイツ新室見Ⅱ管理組合,福岡県福岡市西区福重３丁目８－１７,2017-03-31,その他
オートスタージャパン株式会社,茨城県つくば市吾妻３丁目８番地１７ロワール５０２、３０３号室,2017-03-31,株式会社
キムコ・インターナショナル・ピーティーイー・リミテッド,東京都千代田区内神田１丁目５番２号,2017-03-31,外国会社等
キャリアネット協同組合,静岡県御前崎市池新田７７５０番地の１,2017-03-31,その他の設立登記法人
クルルコ合同会社,山口県長門市東深川８８１番地１３,2017-03-31,合同会社
グリーンプラザ愛知管理組合,沖縄県宜野湾市愛知１丁目５－７－４０３,2017-03-31,その他
サムコニックス株式会社,東京都八王子市別所１丁目４３番地３０,2017-03-31,株式会社
サワダ商事株式会社,岩手県遠野市青笹町糠前２８地割２４番地１,2017-03-31,株式会社
シティライフコーポレーション株式会社,愛知県名古屋市中区正木４丁目８番８号,2017-03-31,株式会社
セグラススクエア株式会社,東京都台東区浅草２丁目５番５号,2017-03-31,株式会社
センター・ケア株式会社,神奈川県横浜市都筑区中川３丁目３番１２号,2017-03-31,株式会社
データブリッジ株式会社,神奈川県横浜市中区尾上町４丁目５７尾上町ビルディング８Ｆ,2017-03-31,株式会社
ナショナル流通産業株式会社,大阪府大阪市中央区南船場２丁目１番３号,2017-03-31,株式会社
ノースグローバルマーケティング株式会社,北海道札幌市中央区北四条西１７丁目１番地１７,2017-03-31,株式会社
ヒキガネ株式会社,大阪府吹田市泉町１丁目２２番４３号,2017-03-31,株式会社
フェムトパートナーズ株式会社,神奈川県横浜市中区根岸加曽台２４番地２,2017-03-31,株式会社
フェムト合同会社,神奈川県横浜市中区根岸加曽台２４番地２,2017-03-31,合同会社
ブリーズビジョン株式会社,東京都目黒区南３丁目１３番５－２０６,2017-03-31,株式会社
プラス・ケー株式会社,埼玉県さいたま市緑区大字大門２９５２番地,2017-03-31,株式会社
ホウケンクリエス株式会社,埼玉県越谷市七左町８丁目７４番地１,2017-03-31,株式会社
ユニファイベッド株式会社,大阪府泉南市樽井２丁目３番７号,2017-03-31,株式会社
ルスティーニ国際貿易株式会社,東京都中央区銀座８丁目９番地１７銀座ＥＨビル５Ｆ,2017-03-31,株式会社
ルート合同会社,大阪府大阪市天王寺区逢阪１丁目３番３２号,2017-03-31,合同会社
一堂株式会社,埼玉県川口市西川口２丁目６番３１号,2017-03-31,株式会社
一般社団法人たけたから,大分県竹田市大字竹田町２３３－１番地,2017-03-31,その他の設立登記法人
一般社団法人ふくいエネルギーマネジメント協会,福井県福井市花堂北１丁目７番２５号,2017-03-31,その他の設立登記法人
一般社団法人へいあん後見福祉ネットワーク,京都府京都市山科区上野御所ノ内町１０－５高山ビル２０２,2017-03-31,その他の設立登記法人
一般社団法人アジア地域国際セーフコミュニティ支援センター連合,大阪府大阪市中央区内淡路町２丁目４番４号アール天満橋３階,2017-03-31,その他の設立登記法人
一般社団法人南青山フォーラム,東京都千代田区神田淡路町１丁目５番地３,2017-03-31,その他の設立登記法人
一般社団法人哲洲,岡山県津山市川崎１４２－１１,2017-03-31,その他の設立登記法人
一般社団法人岡山大学病院,岡山県岡山市北区鹿田町２丁目５番１号,2017-03-31,その他の設立登記法人
一般社団法人慈恩,東京都世田谷区奥沢４丁目１０番１号,2017-03-31,その他の設立登記法人
一般社団法人日本オートノミー協会,京都府京都市下京区東塩小路町６０７辰巳ビル３Ｆ,2017-03-31,その他の設立登記法人
一般社団法人日本ナチュラル美爪協会,山梨県南アルプス市下今井２６番地１０,2017-03-31,その他の設立登記法人
一般社団法人未来づくり楽習館,山形県米沢市窪田町窪田２２１２番地,2017-03-31,その他の設立登記法人
一般社団法人民間救急社,奈良県奈良市三条大路４丁目４－２２,2017-03-31,その他の設立登記法人
一般社団法人潜在意識デザイン協会,東京都港区赤坂２丁目２２番１９号,2017-03-31,その他の設立登記法人
一般社団法人田尾フラット,長崎県五島市富江町田尾１２３３番地１,2017-03-31,その他の設立登記法人
一般社団法人福島労働管理協会,福島県郡山市富田町字諏訪前１番地の１グレースガーデンＧ棟,2017-03-31,その他の設立登記法人
一般社団法人香川ファミリートラスト,東京都世田谷区成城５丁目１８番１５号,2017-03-31,その他の設立登記法人
一般社団法人黒松内町観光協会,北海道寿都郡黒松内町字黒松内３０６番地１,2017-03-31,その他の設立登記法人
一般社団法人Ｐ－ｐｌａｙｅｒｓ,茨城県守谷市中央２丁目１６－２１東横第７ビル１階,2017-03-31,その他の設立登記法人
一般社団法人ＰＤＣＡ,熊本県葦北郡津奈木町大字岩城２９８９番地１５,2017-03-31,その他の設立登記法人
一般社団法人ＰＬＡＮ　Ｂ,奈良県奈良市学園大和町４丁目６番地３巽ビル２０５号,2017-03-31,その他の設立登記法人
一般財団法人佐久穂町イエナプランスクール設立準備財団,東京都千代田区富士見２丁目１４番３６号,2017-03-31,その他の設立登記法人
三方五湖世界農業遺産推進協議会,福井県三方上中郡若狭町中央１－１,2017-03-31,その他
三田市福島土地区画整理組合,兵庫県三田市三輪２丁目１番１号（三田市役所内）,2017-03-31,その他
中道鉄筋工業株式会社,大阪府寝屋川市寝屋１丁目８番１３号,2017-03-31,株式会社
丸高建設工業株式会社,北海道石狩市新港南１丁目１９番２０,2017-03-31,株式会社
佐々木美建株式会社,京都府京都市伏見区醍醐外山街道町３３番地１６,2017-03-31,株式会社
佐藤板金株式会社,神奈川県川崎市川崎区東門前３丁目５番１２号,2017-03-31,株式会社
光徳興産株式会社,東京都練馬区南大泉３丁目３１番３０号,2017-03-31,株式会社
匠ハウジング株式会社,広島県広島市中区住吉町１７番３－１０１号,2017-03-31,株式会社
医療法人ひろ内科,福岡県春日市春日原北町４丁目１１番地メディカルシティ春日原２Ｆ,2017-03-31,その他の設立登記法人
医療法人宮田歯科医院,京都府京都市右京区西京極堤外町１番地３０,2017-03-31,その他の設立登記法人
医療法人社団さくら会,兵庫県神戸市兵庫区水木通５丁目３番２号森永ビル１階,2017-03-31,その他の設立登記法人
医療法人社団共創会,千葉県柏市北柏３丁目１番地２寺田ビル３階,2017-03-31,その他の設立登記法人
医療法人社団友厚会,静岡県駿東郡長泉町下長窪５６８番地の１,2017-03-31,その他の設立登記法人
医療法人社団星川ひろクリニック,神奈川県横浜市保土ケ谷区星川１丁目１番２号ダイゴプラザビル１Ｆ,2017-03-31,その他の設立登記法人
医療法人社団芦屋やなもとペインクリニック,兵庫県芦屋市船戸町４番１－４０５号,2017-03-31,その他の設立登記法人
協同組合ベビーシヤークスチエン,三重県伊賀市上野丸之内３８番地の１,2017-03-31,その他の設立登記法人
合同会社えちごや,東京都港区虎ノ門４丁目１番３４号,2017-03-31,合同会社
合同会社さつまリアルエステート,東京都中央区日本橋３丁目２番１４号新槇町ビル別館第一,2017-03-31,合同会社
合同会社イソムラ,愛知県安城市新明町１５－６,2017-03-31,合同会社
合同会社エム・イー・エル,東京都練馬区西大泉１丁目３６番１０,2017-03-31,合同会社
合同会社カノン,千葉県千葉市中央区登戸５丁目１９番１１－３０８号,2017-03-31,合同会社
合同会社クロ,東京都渋谷区恵比寿３丁目３０番６号グレース恵比寿２０１,2017-03-31,合同会社
合同会社グッドワン,千葉県市原市惣社４丁目１４－１６,2017-03-31,合同会社
合同会社サカイ,東京都品川区西五反田４丁目２１番４号メゾンドマリ２０２,2017-03-31,合同会社
合同会社サクセスインベストメント,東京都中央区日本橋馬喰町２丁目５番１２号６Ｆ,2017-03-31,合同会社
合同会社サクラサービス,千葉県佐倉市青菅新林１０９６番地３,2017-03-31,合同会社
合同会社サザンクロス,東京都八王子市元八王子町２丁目３３６８番地１５,2017-03-31,合同会社
合同会社サニープランニング,埼玉県鴻巣市大間４丁目８番１プレジャーガーデン鴻巣７０２号,2017-03-31,合同会社
合同会社サブレイト,東京都千代田区麹町４丁目１番地セリエビル２Ｆ,2017-03-31,合同会社
合同会社サン・パシフィック,東京都港区南麻布５丁目１０番２７－２１７号,2017-03-31,合同会社
合同会社ザーズラック,長野県佐久市長土呂１９１２番地２,2017-03-31,合同会社
合同会社ショコラ,愛知県名古屋市千種区星ケ丘２丁目３９番地６ビラカレッジ６－３０４号,2017-03-31,合同会社
合同会社トランコ,神奈川県川崎市高津区久本３丁目１２番２０号,2017-03-31,合同会社
合同会社パフュームファクトリー,東京都中野区弥生町３丁目７－４,2017-03-31,合同会社
合同会社ビットクラフト,京都府京都市上京区烏丸通一条上る西入観三橘町５６７番地,2017-03-31,合同会社
合同会社プライムクローゼット,東京都中野区弥生町３丁目７－４,2017-03-31,合同会社
合同会社プリズム,東京都品川区北品川１丁目９番７－１０１５号,2017-03-31,合同会社
合同会社マルコウ木村水産,北海道札幌市手稲区金山三条２丁目７番８号,2017-03-31,合同会社
合同会社ムービンオン,東京都港区南青山２丁目２番１５号Ｗｉｎ青山ビルＵＣＦ９階,2017-03-31,合同会社
合同会社ランコントル,千葉県市川市福栄２丁目１０番７号（コーポ中山２０３号）,2017-03-31,合同会社
合同会社リッチランド,千葉県市川市妙典６丁目９番８号,2017-03-31,合同会社
合同会社リーフクラス,神奈川県横浜市港北区綱島東２丁目７番５－５０１号,2017-03-31,合同会社
合同会社レズム,千葉県柏市中新宿２丁目１１番２３号,2017-03-31,合同会社
合同会社中華貿易,東京都中野区弥生町３丁目７－４,2017-03-31,合同会社
合同会社便利屋快適生活サポート,福岡県福岡市中央区渡辺通１丁目１番１－２１３号,2017-03-31,合同会社
合同会社入野企画,栃木県栃木市平柳町２丁目８番１７号,2017-03-31,合同会社
合同会社医業経営科学,北海道札幌市清田区平岡四条３丁目６番２２号,2017-03-31,合同会社
合同会社城南海老名,神奈川県海老名市中央３丁目５番５号三幸中央ビル３Ｆ,2017-03-31,合同会社
合同会社寺小屋,埼玉県所沢市旭町２番２号,2017-03-31,合同会社
合同会社彩林堂,静岡県浜松市中区元城町１１９番地の１４,2017-03-31,合同会社
合同会社新世紀,埼玉県川口市西川口１丁目３０番２０－４０６号,2017-03-31,合同会社
合同会社東南アジア貿易,東京都中野区弥生町３丁目７－４,2017-03-31,合同会社
合同会社水野,神奈川県川崎市多摩区菅城下３１番５号マックス１０３,2017-03-31,合同会社
合同会社泉スターツ,愛知県岩倉市稲荷町羽根２０番地１,2017-03-31,合同会社
合同会社王建,茨城県古河市宮前町１０番地１３号,2017-03-31,合同会社
合同会社現代,埼玉県上尾市大字上１１５６番地５,2017-03-31,合同会社
合同会社真誠,京都府京都市南区西九条比永城町７０,2017-03-31,合同会社
合同会社街ｍａｃｈｉの音,千葉県佐倉市白銀３丁目３番地１,2017-03-31,合同会社
合同会社隆清建設工業,熊本県熊本市東区桜木４丁目１３番１０７号,2017-03-31,合同会社
合同会社ＡＳＬ,埼玉県児玉郡上里町大字七本木５２２２番地,2017-03-31,合同会社
合同会社Ｃ＆Ｔパートナーズ,兵庫県西宮市川添町５番２号,2017-03-31,合同会社
合同会社ＣＲＥＡ,神奈川県川崎市川崎区榎町６番１号榎町ビル１Ｆ,2017-03-31,合同会社
合同会社ＦＬＣ,京都府京都市山科区安朱東海道町７番２号タウニー上田２０５号,2017-03-31,合同会社
合同会社Ｆｅ　ｃｏｍｐａｎｙ,愛知県名古屋市守山区大森２丁目１３０５番地の２,2017-03-31,合同会社
合同会社Ｇｌｏｂａｌ,埼玉県さいたま市浦和区大東３丁目４０番２号,2017-03-31,合同会社
合同会社ＨＥ＆Ｙ,埼玉県川口市金山町１０番１号－５０１号室,2017-03-31,合同会社
合同会社ＨＥＭ未来トータス,千葉県千葉市稲毛区園生町１４６番地２ルミエル稲毛２０６号,2017-03-31,合同会社
合同会社Ｋ－ＯＦＦＩＣＥ,滋賀県守山市播磨田町３８７番地１,2017-03-31,合同会社
合同会社ＫＡＮＥＩＳＨＩ,奈良県香芝市逢坂７丁目１３９番地７,2017-03-31,合同会社
合同会社ＫＫソーラー,東京都中央区八重洲２丁目４番１０号第一幸田ビル２Ｆ,2017-03-31,合同会社
合同会社ＭＴホールディング,神奈川県横浜市保土ケ谷区藤塚町６番１２号,2017-03-31,合同会社
合同会社Ｍｅｄｉａ　ｓｅｅ,東京都八王子市明神町２丁目２番８号八王子スカイマンション３２０号,2017-03-31,合同会社
合同会社ＮＡ,福岡県糟屋郡志免町南里２丁目１９番１２号,2017-03-31,合同会社
合同会社Ｓｗｅｅｔｓ,東京都品川区上大崎２丁目２４番１－７０３号,2017-03-31,合同会社
合同会社Ｕ２コーポレーション,東京都台東区上野６丁目１番６号,2017-03-31,合同会社
合同会社ｇｒｕｎｐａｒｋ,東京都渋谷区代々木５丁目２９番８－２０６号,2017-03-31,合同会社
和楽株式会社,千葉県千葉市中央区千葉港８番２号ブラウシア８０５号,2017-03-31,株式会社
国軒高科日本株式会社,茨城県つくば市天久保２丁目１７番５号,2017-03-31,株式会社
土地家屋調査士法人ＫＡＩ測量,東京都千代田区飯田橋３丁目２番９号,2017-03-31,その他の設立登記法人
夏かしい合同会社,埼玉県川口市朝日６丁目１２番８－４０３号,2017-03-31,合同会社
大東石材店有限会社,鹿児島県鹿児島市鴨池２丁目１９番１４号,2017-03-31,有限会社
宇創情報サービス株式会社,東京都荒川区東日暮里４丁目２１番６号,2017-03-31,株式会社
富田林サービス事業協同組合,大阪府富田林市小金台１丁目１８番１７号,2017-03-31,その他の設立登記法人
山翔商事株式会社,埼玉県越谷市宮本町１丁目６１番地１,2017-03-31,株式会社
岸田農園株式会社,北海道上川郡上川町字東雲１５１９番地１,2017-03-31,株式会社
平安海商株式会社,東京都墨田区錦糸２丁目４番６号ＡＬビル４０５,2017-03-31,株式会社
新得タウンマネージメント株式会社,北海道上川郡新得町本通南１丁目２３番地,2017-03-31,株式会社
新飛株式会社,埼玉県八潮市大字大曽根７２６番地１０,2017-03-31,株式会社
日本国際体育連盟株式会社,大阪府大阪市東淀川区井高野３丁目２番６４号,2017-03-31,株式会社
日本平治株式会社,東京都台東区雷門２丁目１３番５号,2017-03-31,株式会社
日本支援倶楽部合同会社,東京都新宿区住吉町２番１８号ウィン四谷１１０５号,2017-03-31,合同会社
日本Ｒａｙｔｒｅｘ株式会社,東京都三鷹市下連雀４丁目１０－１２,2017-03-31,株式会社
星株式会社,東京都文京区千駄木１丁目２１番８号土田ビル４０１号,2017-03-31,株式会社
暁スタジオ株式会社,埼玉県蕨市錦町１丁目１番３号,2017-03-31,株式会社
暁ＢＲＥＥＺＥオフィス合同会社,千葉県千葉市緑区あすみが丘７丁目５２番地６,2017-03-31,合同会社
有限会社山章染革,東京都墨田区東墨田２丁目１７番１号,2017-03-31,有限会社
東京アートオブライフ合同会社,東京都多摩市百草１１２４番地の９,2017-03-31,合同会社
東工大ＳｃｉｅｎｃｅＴｅｃｈｎｏ,東京都目黒区大岡山２丁目１２番１号,2017-03-31,その他
株式会社あすと,福島県双葉郡楢葉町大字北田字鐘突堂１５番地１,2017-03-31,株式会社
株式会社かつ,茨城県かすみがうら市稲吉３丁目７番６０号,2017-03-31,株式会社
株式会社さんちゃんファーム,島根県松江市乃白町薬師前３番地３,2017-03-31,株式会社
株式会社とじ萬,愛媛県宇和島市戸島１８２６番地,2017-03-31,株式会社
株式会社はなほしガーデンズ,埼玉県戸田市笹目７丁目２０番地の１７,2017-03-31,株式会社
株式会社アイエス,大阪府枚方市上島町２番２０－２０２号,2017-03-31,株式会社
株式会社アイル工業,千葉県柏市大室１５４０番地２,2017-03-31,株式会社
株式会社アクアテック,千葉県野田市山崎２７５６番地の５,2017-03-31,株式会社
株式会社アトム機工,和歌山県和歌山市西庄４７１番地,2017-03-31,株式会社
株式会社アトラクティブ,東京都中央区東日本橋３丁目３番１４号,2017-03-31,株式会社
株式会社アラマキ商事,千葉県野田市上三ケ尾４９６番地,2017-03-31,株式会社
株式会社イノアック琉球,沖縄県うるま市勝連南風原５１９３番２６,2017-03-31,株式会社
株式会社インベステックソーラー,東京都千代田区西神田３丁目８番１号,2017-03-31,株式会社
株式会社ウエルズ,大阪府大阪市大正区泉尾６丁目２番２７号,2017-03-31,株式会社
株式会社エブリイシンク,東京都千代田区有楽町１丁目１２番１号新有楽町ビル１０階１３号,2017-03-31,株式会社
株式会社エムエスティ,栃木県宇都宮市問屋町３４２６番地４６,2017-03-31,株式会社
株式会社エムケープランニング,東京都中央区日本橋２丁目２番３号ＲＩＳＨＥビルＵＣＦ４階,2017-03-31,株式会社
株式会社エムダブリュ,東京都中央区銀座６丁目１３番１６号,2017-03-31,株式会社
株式会社エムテクノ,愛媛県松山市高岡町３３３番地１５,2017-03-31,株式会社
株式会社オンラインクラフト,東京都国分寺市南町３丁目１５－４すずらんビル２階Ｂ棟,2017-03-31,株式会社
株式会社クワトロワークス,兵庫県姫路市飾磨区下野田１丁目３３番地,2017-03-31,株式会社
株式会社コイズミ,神奈川県横須賀市汐入町４丁目９番,2017-03-31,株式会社
株式会社コーエイテクノス,神奈川県厚木市妻田西３丁目１４番５号,2017-03-31,株式会社
株式会社サイファー,福岡県太宰府市梅香苑４丁目１７番１５号,2017-03-31,株式会社
株式会社ザベリオエステート,愛知県名古屋市昭和区長戸町４丁目２番地の１,2017-03-31,株式会社
株式会社シナジーサークル,東京都千代田区九段北４丁目２番２号桜ビル６階,2017-03-31,株式会社
株式会社シーネクスト,埼玉県川越市旭町２丁目１３番地２（旭町ビューハイツ２０４号室）,2017-03-31,株式会社
株式会社ジェットランス,東京都江東区富岡１丁目２６番１８号,2017-03-31,株式会社
株式会社ジャックトレイズ,東京都港区六本木４丁目３番１１号六本木ユニハウス２２３号,2017-03-31,株式会社
株式会社ジャパンナビゲーター,東京都新宿区西新宿１丁目２６番２号新宿野村ビル３２階,2017-03-31,株式会社
株式会社セカンドレイル,東京都目黒区原町２丁目９番２－１０１号,2017-03-31,株式会社
株式会社セブン,東京都中野区上鷺宮１丁目２番４号関口ビル１２０号,2017-03-31,株式会社
株式会社セルマンジャパン,兵庫県神戸市灘区篠原伯母野山町２丁目１番１－３０４号,2017-03-31,株式会社
株式会社タカケン,北海道江別市錦町４９－３７,2017-03-31,株式会社
株式会社タカシナ,千葉県千葉市若葉区高品町１５９７番地１１プラザ高品１０４,2017-03-31,株式会社
株式会社ダイニング倶楽部おおきに,沖縄県那覇市牧志２丁目１５番１２号比嘉ビル１０２号室,2017-03-31,株式会社
株式会社ダンク,神奈川県藤沢市柄沢４２１番地の２‐６０２,2017-03-31,株式会社
株式会社ティーケイエス,埼玉県さいたま市浦和区瀬ヶ崎２丁目９号１－２１０号,2017-03-31,株式会社
株式会社ティーテック,大阪府大阪市平野区平野東３丁目７番３２号,2017-03-31,株式会社
株式会社デイズ,愛知県名古屋市名東区一社２丁目１５３番地,2017-03-31,株式会社
株式会社トラスト,大阪府東大阪市新町８番３７号,2017-03-31,株式会社
株式会社ナカハ,三重県伊勢市小俣町相合１１０９番２号,2017-03-31,株式会社
株式会社ナチュラルライフエステート,東京都渋谷区恵比寿２丁目３８番３,2017-03-31,株式会社
株式会社ニシカワ,京都府京都市左京区静市野中町２５０－３５,2017-03-31,株式会社
株式会社ハンテン,埼玉県蕨市中央１丁目１１番１２号リーフハイツ９０７号,2017-03-31,株式会社
株式会社ハート薬品,東京都千代田区神田北乗物町１６番オオタビル１階,2017-03-31,株式会社
株式会社バイス,東京都豊島区池袋２丁目６１番８－１００２号,2017-03-31,株式会社
株式会社パールサラブレッド,北海道浦河郡浦河町字野深３１２,2017-03-31,株式会社
株式会社ビッグライトジャパン,三重県四日市市安島１丁目１番５６号,2017-03-31,株式会社
株式会社ファンライン,長野県佐久市中込２４４７番地３上原ビル１Ｆ,2017-03-31,株式会社
株式会社フェルムコンサルティング,千葉県鎌ケ谷市道野辺１０４６番地１４,2017-03-31,株式会社
株式会社ベスト・バディ,和歌山県和歌山市久右衛門丁２１番地,2017-03-31,株式会社
株式会社ボナペティ,沖縄県那覇市繁多川５丁目６番３９号宮城アパート２０３,2017-03-31,株式会社
株式会社マルフジ,福島県郡山市逢瀬町河内字汁谷１７２番地,2017-03-31,株式会社
株式会社メイクスマイル,東京都台東区東上野１丁目２４番４号,2017-03-31,株式会社
株式会社メタキネシス,東京都中央区銀座６丁目４番８号８Ｆ,2017-03-31,株式会社
株式会社メディカルＳ＆Ｒ,東京都渋谷区桜丘町１４番１０号,2017-03-31,株式会社
株式会社ライフ・バリュー・クリエーション,福岡県福岡市南区井尻１丁目２０番２６号,2017-03-31,株式会社
株式会社ラク,東京都武蔵野市境２丁目１４番１０号,2017-03-31,株式会社
株式会社ラムブック,東京都中央区日本橋３丁目２番１４号新槇町ビル別館第一１階,2017-03-31,株式会社
株式会社リアルリンク,東京都渋谷区鶯谷町１９番１９号第三叶ビル,2017-03-31,株式会社
株式会社リノプロテック,福岡県福岡市博多区博多駅東１丁目１６番１４号,2017-03-31,株式会社
株式会社ロイヤルクリーン,埼玉県吉川市大字小松川５０５番地,2017-03-31,株式会社
株式会社ワイラボジャパン,東京都港区浜松町２丁目２番１５号,2017-03-31,株式会社
株式会社一丸工業,沖縄県沖縄市南桃原３丁目３３番２０号,2017-03-31,株式会社
株式会社一心,埼玉県川口市西川口４丁目１９番３７－７０１号,2017-03-31,株式会社
株式会社三上工業,千葉県君津市南子安８丁目２４番６号,2017-03-31,株式会社
株式会社三代川マネジメントシステム研究所,千葉県船橋市前貝塚町７３１番地,2017-03-31,株式会社
株式会社三州瓦センター松山,愛媛県伊予郡松前町大字徳丸１１９７番地１,2017-03-31,株式会社
株式会社両毛アットメディカル,群馬県桐生市錦町２丁目１０番地２９,2017-03-31,株式会社
株式会社中一商店,大阪府大阪市中央区上汐２丁目６番２８号,2017-03-31,株式会社
株式会社中部ホテルアンドリゾート,静岡県浜松市中区西伊場町５７番１号,2017-03-31,株式会社
株式会社串焼屋,千葉県千葉市若葉区みつわ台３丁目１６番地４みつわ台ショッピングセンター１０３号室,2017-03-31,株式会社
株式会社京福,東京都台東区浅草２丁目２９番２号君塚ビル１Ｆ,2017-03-31,株式会社
株式会社京美容室,京都府京都市左京区田中下柳町４１番地,2017-03-31,株式会社
株式会社京遊,京都府京都市伏見区深草西浦町２丁目２番地１深草西浦住宅６０９,2017-03-31,株式会社
株式会社仙夢,千葉県習志野市谷津３丁目１番１７－２０２,2017-03-31,株式会社
株式会社佐藤工建,福島県福島市瀬上町字御蔵場１４番地の３,2017-03-31,株式会社
株式会社修徳,埼玉県戸田市本町１丁目２４番１８号,2017-03-31,株式会社
株式会社前田コンクリートポンプ,愛知県名古屋市中村区中村町８丁目１６番地の１,2017-03-31,株式会社
株式会社加藤試錐,東京都稲城市東長沼１００２番地の３,2017-03-31,株式会社
株式会社勝建,埼玉県川口市前川１丁目１９番５号,2017-03-31,株式会社
株式会社千紀,岡山県倉敷市玉島乙島７４２８の２　２０２,2017-03-31,株式会社
株式会社可愛い子,埼玉県川口市江戸袋１丁目１３番３１号,2017-03-31,株式会社
株式会社史伝芥,千葉県市川市北方町４丁目２３６５番地１１,2017-03-31,株式会社
株式会社四之宮,静岡県藤枝市音羽町３丁目１５番１９号,2017-03-31,株式会社
株式会社太一インターナショナル,東京都荒川区西日暮里２丁目５３番９号１階,2017-03-31,株式会社
株式会社女前塾,東京都板橋区板橋４丁目５０番４号,2017-03-31,株式会社
株式会社孤高舎,東京都世田谷区祖師谷１丁目２２番１０号,2017-03-31,株式会社
株式会社宗前堂,東京都中央区銀座７丁目１７－１３,2017-03-31,株式会社
株式会社寺田,石川県金沢市無量寺町子２０９番地５,2017-03-31,株式会社
株式会社小鳥エナジー,群馬県高崎市下小鳥町９番地,2017-03-31,株式会社
株式会社山翔工業,神奈川県横浜市戸塚区平戸１丁目１５番１０号,2017-03-31,株式会社
株式会社岡戸鈑金,愛知県半田市上定光町２丁目４番地の２,2017-03-31,株式会社
株式会社川島架設,東京都府中市四谷１丁目３番地の２３,2017-03-31,株式会社
株式会社德倉ホールディングス,東京都江東区北砂１丁目１８番２号,2017-03-31,株式会社
株式会社悠,福井県坂井市三国町池上第１０３号３６番地,2017-03-31,株式会社
株式会社日新サービス,東京都台東区台東２丁目２５－６勝徳ビル６０１,2017-03-31,株式会社
株式会社旭和,岡山県倉敷市水島西弥生町６－４,2017-03-31,株式会社
株式会社東京工業,東京都文京区水道１丁目４番６号,2017-03-31,株式会社
株式会社東木旅行,東京都豊島区西池袋３丁目３０番１０号久保ビル５階,2017-03-31,株式会社
株式会社東海設備,愛知県名古屋市守山区鼓が丘２丁目１６０７番地,2017-03-31,株式会社
株式会社松尾興業,東京都江戸川区本一色３丁目１２番４号ニューライフ越塚２０５,2017-03-31,株式会社
株式会社松輝工業,千葉県富津市下飯野１２１８番地２１,2017-03-31,株式会社
株式会社栄和架設,神奈川県横浜市戸塚区平戸１丁目１７番４４号,2017-03-31,株式会社
株式会社桜聖,東京都荒川区東尾久１丁目２１番６－６０３号ラ・クレール・フォンテーヌ,2017-03-31,株式会社
株式会社橋本工業,千葉県松戸市北松戸２丁目６番地の１５ノルディック北松戸６０３号,2017-03-31,株式会社
株式会社江州アグリ,滋賀県長浜市湖北今町２２４番地,2017-03-31,株式会社
株式会社浪速亜鉛,大阪府大阪市平野区長吉出戸６丁目１５番４１号,2017-03-31,株式会社
株式会社海潤,沖縄県那覇市若狭３丁目９番１号１階,2017-03-31,株式会社
株式会社湧水エネルギー研究所,山梨県都留市古川渡３３０番地,2017-03-31,株式会社
株式会社熊谷建装,岩手県一関市藤沢町黄海字西深萱１３９番地,2017-03-31,株式会社
株式会社熱,大阪府大阪市北区西天満４丁目１２番２２号,2017-03-31,株式会社
株式会社玄海振興社,佐賀県唐津市肥前町上ケ倉７８番地２,2017-03-31,株式会社
株式会社真宮組,埼玉県久喜市北青柳１１００番地５,2017-03-31,株式会社
株式会社神本商事,福岡県福岡市博多区博多駅前２丁目４番７号,2017-03-31,株式会社
株式会社秀真建設,福岡県北九州市八幡西区黒崎３丁目８番２２号,2017-03-31,株式会社
株式会社米澤機工,東京都東久留米市下里３丁目１７番４号,2017-03-31,株式会社
株式会社紘栄機工,千葉県富津市大堀４丁目３番地１,2017-03-31,株式会社
株式会社興国,東京都世田谷区東玉川２丁目２２番１０－２１１号,2017-03-31,株式会社
株式会社莉浩,広島県福山市千田町字坂田北５９番地１,2017-03-31,株式会社
株式会社西山興業,神奈川県川崎市川崎区池上新町１丁目２番１３－２０２号,2017-03-31,株式会社
株式会社規郷建設,東京都江戸川区江戸川３丁目３８番地,2017-03-31,株式会社
株式会社誠和断熱,大分県大分市大字金谷迫字平田１６４７番地の１,2017-03-31,株式会社
株式会社豊中建装,大阪府豊中市向丘２丁目６番２５号,2017-03-31,株式会社
株式会社豊順,東京都台東区台東１丁目３８番９号イトーピア清洲橋通ビル５Ｆ－３,2017-03-31,株式会社
株式会社起立工商会社,佐賀県嬉野市嬉野町大字下宿乙１４１６番地,2017-03-31,株式会社
株式会社近藤商店,千葉県松戸市栄町７丁目５１０番地アンビシャス松戸５０６号,2017-03-31,株式会社
株式会社酒のひろた,大分県宇佐市大字別府３７１番地の１,2017-03-31,株式会社
株式会社鎌倉の森,埼玉県飯能市仲町２番６号,2017-03-31,株式会社
株式会社鐵建,愛知県大府市半月町３丁目３０５番地の１,2017-03-31,株式会社
株式会社須田建設,千葉県富津市富津２５２６番地,2017-03-31,株式会社
株式会社駒谷組,埼玉県上尾市井戸木２丁目８番地１３号,2017-03-31,株式会社
株式会社高福貿易,大阪府大阪市東住吉区矢田３丁目７－２－１０３号,2017-03-31,株式会社
株式会社鳥海製作所,千葉県長生郡長柄町長柄山１１６２番地１１０,2017-03-31,株式会社
株式会社７ｔｈ　ＨＥＡＶＥＮ,北海道札幌市中央区南七条西１４丁目１番２２号,2017-03-31,株式会社
株式会社ＡＧＲＩ　ＰＬＵＳ,和歌山県日高郡日高川町大字松瀬４６８番地３,2017-03-31,株式会社
株式会社ＡＳＴＩＮＡ,東京都千代田区神田須田町２丁目２３番地１天翔秋葉原万世橋ビル３Ｆ,2017-03-31,株式会社
株式会社Ａｂｓｏｌｕｔｅ,京都府京都市南区八条通大宮東入東寺東門前町７７番地ミナレット八条４Ｄ,2017-03-31,株式会社
株式会社ＣＧ－Ｌｉｆｅ,千葉県松戸市新松戸３丁目１３番地日暮ビル５０３号,2017-03-31,株式会社
株式会社ＦＬＤホールディングス,千葉県成田市玉造７丁目１５番地５８,2017-03-31,株式会社
株式会社ＦＯＵＲＦＩＶＥ,東京都大田区蒲田１丁目２８番１０号ベルメゾン蒲田１０１,2017-03-31,株式会社
株式会社ＧＯａｈｅａｄ,東京都港区六本木５丁目１６番１号,2017-03-31,株式会社
株式会社Ｇｏｌｄｅｎ　Ｍｉｎｄ　Ａｃｈｉｅｖｅｒｓ　Ｉｎｔｅｒｎａｔｉｏｎａｌ,沖縄県中頭郡北谷町字吉原１１７７番地,2017-03-31,株式会社
株式会社ＨＡＮＢ人材センター,千葉県松戸市栄町西３丁目１００３番地の１７,2017-03-31,株式会社
株式会社ＨＩＤＥＫＥＮ,埼玉県越谷市神明町２丁目２７５番地１,2017-03-31,株式会社
株式会社Ｋアビリティ,埼玉県越谷市南越谷１丁目１番５２号,2017-03-31,株式会社
株式会社ＬＩＮＤＡ　ＶＩＳＴＡ,東京都品川区北品川１丁目９番７号トップルーム品川１０１５号,2017-03-31,株式会社
株式会社Ｍｉｋａｌｉｅｎ,愛媛県松山市朝生田町１丁目１３番１５号,2017-03-31,株式会社
株式会社ＮＰＳ,東京都大田区大森南２丁目２４番２－７０１号,2017-03-31,株式会社
株式会社Ｎｅｓｔ,東京都北区赤羽西１丁目３４－２玉川ビル４階,2017-03-31,株式会社
株式会社ＯＴＯＫ,神奈川県横浜市青葉区すみよし台３６番地２４アステリア青葉台１０６,2017-03-31,株式会社
株式会社ＰＲＯＧＲＥＳＳ,千葉県千葉市若葉区若松町３８７番地２,2017-03-31,株式会社
株式会社Ｐｏｎｏ　Ｌｉｆｅ,東京都港区三田１丁目１１番２２号ＳＳＴビル２－Ｂ,2017-03-31,株式会社
株式会社ＰｏｐｕＳｔａｔｅ,東京都江東区木場５丁目１番５－Ｂ１１４号,2017-03-31,株式会社
株式会社Ｐｕｒｐｌｅ‐Ｋ,東京都江東区枝川１丁目２番５号,2017-03-31,株式会社
株式会社ＲＩＤ,愛知県名古屋市熱田区六野１丁目２番２４号９０５,2017-03-31,株式会社
株式会社Ｒｅｎｉｕｓ,福井県福井市文京３丁目１９番３号,2017-03-31,株式会社
株式会社ＳＨＩＮＷＡ,福島県郡山市安積町日出山３丁目１８番地,2017-03-31,株式会社
株式会社Ｓｈｅｅｐｖｏｘ,神奈川県横浜市神奈川区栄町１０番地３５－Ｅ２２０９,2017-03-31,株式会社
株式会社Ｓｏｕ,大阪府大阪市平野区長吉出戸３丁目１番４４号,2017-03-31,株式会社
株式会社Ｔ－Ｇｒｏｕｐ,埼玉県さいたま市南区大字太田窪２６９５番地１４,2017-03-31,株式会社
株式会社ＴＥＡＭＳ,石川県金沢市桜田町１丁目１番地,2017-03-31,株式会社
株式会社Ｔｏｍｏｒｒｏｗｓｈｉｐ,東京都文京区本郷４丁目１番３号,2017-03-31,株式会社
株式会社ＵＮＩＴ,茨城県石岡市東光台５丁目１１番３２号,2017-03-31,株式会社
株式会社ＷＡＫＩＹＡ,佐賀県三養基郡みやき町大字白壁４２２１番地３４,2017-03-31,株式会社
株式会社ＹＧＲ,埼玉県富士見市水谷東２丁目６１－２佐藤店舗１Ｆ号室,2017-03-31,株式会社
株式会社ＹＭ企画,熊本県熊本市東区上南部１丁目１６番４５号,2017-03-31,株式会社
株式会社ｅｎｅｒｇｙ,大阪府南河内郡河南町大宝１丁目１番１号,2017-03-31,株式会社
株式会社ｉＢＱ,東京都渋谷区道玄坂１丁目１５－３プリメーラ道玄坂１１０６,2017-03-31,株式会社
株式会社ｎｕｍｂｅｒ３９,神奈川県横浜市西区久保町２４番３１号,2017-03-31,株式会社
株式会社ｓｋｅｔｃｈ,北海道帯広市西十四条北４丁目２番地２０,2017-03-31,株式会社
株式会社ｓｎｕｇｇｌｅ　ｕｐ,東京都練馬区西大泉６丁目１番２号,2017-03-31,株式会社
株式会社ｓｕｎ　ｗｉｎｇ,神奈川県綾瀬市上土棚南４丁目７番１８号ふじひろハイツＡ１０１,2017-03-31,株式会社
武蔵金型工業株式会社,埼玉県熊谷市円光１丁目１０番４１号１０２号室,2017-03-31,株式会社
永安株式会社,東京都墨田区江東橋１丁目９番５－４０２号,2017-03-31,株式会社
海林合同会社,千葉県大網白里市仏島１３７番地３,2017-03-31,合同会社
特定非営利活動法人ただも,島根県仁多郡奥出雲町中村１７１０番地３,2017-03-31,その他の設立登記法人
特定非営利活動法人屋久島スポーツプロジェクト,鹿児島県熊毛郡屋久島町安房４１０番地１５５,2017-03-31,その他の設立登記法人
特定非営利活動法人建造物明倫館保存会,長野県上伊那郡辰野町大字小野７４９番地,2017-03-31,その他の設立登記法人
特定非営利活動法人日本ヒーリングタッチ協会,東京都港区赤坂２丁目１８番１９号赤坂シャレーⅡ４０２,2017-03-31,その他の設立登記法人
特定非営利活動法人星の森プロジェクト,栃木県佐野市大祝町２３１２番地１,2017-03-31,その他の設立登記法人
特定非営利活動法人発達障がい児親の会ＣＨＥＲＲＹ,鳥取県米子市米原９丁目１１番１３号,2017-03-31,その他の設立登記法人
特定非営利活動法人里山子ども園わたぼうし,島根県江津市跡市町１７０３番地,2017-03-31,その他の設立登記法人
特定非営利活動法人Ｃａｌｌａ　Ｌｉｌｙ,大阪府大阪市西区北堀江１丁目３番２０号,2017-03-31,その他の設立登記法人
特定非営利活動法人ＵＮＥＬＭＡ,東京都世田谷区松原５丁目１６番８号,2017-03-31,その他の設立登記法人
田主交易株式会社,埼玉県深谷市沼尻２７４番地,2017-03-31,株式会社
直仁工業合同会社,神奈川県川崎市幸区南加瀬４丁目２０番１９号,2017-03-31,合同会社
社会福祉法人ライオンの子,沖縄県那覇市首里石嶺町４丁目１５０番地２,2017-03-31,その他の設立登記法人
社会福祉法人恩龍福祉会,沖縄県那覇市首里石嶺町２丁目１９８番地１８,2017-03-31,その他の設立登記法人
社会福祉法人福寿会,福島県須賀川市長沼字北延命寺３番地６,2017-03-31,その他の設立登記法人
立徳寺,神奈川県伊勢原市桜台３丁目１６番９号,2017-03-31,その他の設立登記法人
紀の川不動産株式会社,和歌山県橋本市市脇２丁目１番１４号,2017-03-31,株式会社
美鑫合同会社,神奈川県横浜市中区末吉町３丁目６４－３０２号,2017-03-31,合同会社
茨城県ユニセフ協会,茨城県水戸市梅香１丁目５－５茨城県ＪＡ会館分館５Ｆ,2017-03-31,その他
葵興業株式会社,愛知県名古屋市中村区則武２丁目１４番８号オカダビル３Ｂ,2017-03-31,株式会社
赤羽北一丁目開発合同会社,東京都千代田区霞が関３丁目２番５号,2017-03-31,合同会社
農事組合法人グリーン栃谷,富山県富山市栃谷３１５番地,2017-03-31,その他の設立登記法人
酒井商事合同会社,福島県須賀川市岩崎１０６番地３,2017-03-31,合同会社
酔京都株式会社,京都府京都市南区上鳥羽南唐戸町７－４００２号,2017-03-31,株式会社
鈴躍商事株式会社,埼玉県さいたま市浦和区常盤１０丁目９－１５,2017-03-31,株式会社
鑫鵬合同会社,埼玉県蕨市塚越５丁目５４番９号,2017-03-31,合同会社
高田馬場二丁目開発合同会社,東京都千代田区霞が関３丁目２番５号,2017-03-31,合同会社
龍昇株式会社,埼玉県川口市西川口３丁目２９－１－６０２,2017-03-31,株式会社
Ａ．Ｐ．Ｗｏｒｋｓ合同会社,京都府京都市北区紫野石龍町３１番地,2017-03-31,合同会社
ＡＤＬＥＡＦ合同会社,千葉県松戸市松戸１０１０番地の１８,2017-03-31,合同会社
Ａｌｍａｓ合同会社,東京都港区六本木２丁目２番６号福吉町ビル６階,2017-03-31,合同会社
Ｂｉｚｆｉｎｄ合同会社,東京都中野区本町５丁目３５番１１－１００２号,2017-03-31,合同会社
ＤＥＥＰ　ＳＥＡ株式会社,千葉県松戸市根本８５番地の３,2017-03-31,株式会社
ＤＥＬＩＣＩＯＵＳ　ＨＯＴ合同会社,埼玉県川越市新宿町５丁目１３番地２７（新宿団地５－２０５号室）,2017-03-31,合同会社
ＤＩＯＧＥＮＥＳ合同会社,京都府京都市左京区上高野深田町５３番地,2017-03-31,合同会社
ＤＵＹ　ＴＨＩＮＨ合同会社,埼玉県川口市並木３丁目１２番３号,2017-03-31,合同会社
ＥＵＳＨＩＤＯ　ＩＮＴＥＲＮＡＴＩＯＮＡＬ株式会社,埼玉県比企郡嵐山町大字鎌形２４６２番地１,2017-03-31,株式会社
ＥＹトランザクション・ホールディングス合同会社,東京都千代田区霞が関３丁目２番５号,2017-03-31,合同会社
ＦＵＪＩ　ＤＥＳＩＧＮ　ＷＯＲＫＳ協同組合,静岡県三島市松本１５１番地,2017-03-31,その他の設立登記法人
Ｆｉｓｈｔａｉｌ株式会社,埼玉県さいたま市中央区鈴谷４丁目７番８－２０７号,2017-03-31,株式会社
Ｆｒｅｅ　Ｌｉｎｅ輸送株式会社,北海道名寄市西二条南５丁目１３番地,2017-03-31,株式会社
ＨＡＩＲＡＮ　ＪＡＰＡＮ合同会社,群馬県前橋市朝日が丘町３番地５,2017-03-31,合同会社
ＨＩＭＥＬ　ＥＮＴＥＲＰＲＩＳＥ　ＪＡＰＡＮ合同会社,東京都八王子市楢原町２４７番地１５,2017-03-31,合同会社
ＨＭＰＬＡＮ株式会社,三重県松阪市垣鼻町１７６１番地１７,2017-03-31,株式会社
Ｈｅａｌｉｎｇ　Ｍｕｓｉｃ　ＴＶ株式会社,東京都新宿区西新宿４丁目２番１５シティタワー新宿新都心２４０３号,2017-03-31,株式会社
ＩＮＦＩＮＩＴＹ株式会社,千葉県東金市西福俵１５番地７,2017-03-31,株式会社
Ｉｎｎｏｖａｔｅ　Ｖａｌｕｅ株式会社,千葉県成田市玉造６丁目１番地３０,2017-03-31,株式会社
ＪＡＰＡＮ　ＩＮＴＥＲＮＡＴＩＯＮＡＬ株式会社,神奈川県川崎市川崎区東田町１１番地１－７０６号,2017-03-31,株式会社
ＫＴ重機運輸合同会社,千葉県八街市八街ほ６８１番地８,2017-03-31,合同会社
Ｍ＆Ｋ合同会社,東京都調布市菊野台１丁目２７番地１９,2017-03-31,合同会社
ＭＥＴＡ　ＳＴＵＤＩＯＳ　ＣＲＥＡＴＩＶＥ　ＡＧＥＮＣＹ株式会社,東京都渋谷区神宮前６丁目２８番９号東武ビル５階,2017-03-31,株式会社
ＮＰＯ法人サンスマイルあらかわ,新潟県村上市坂町２５３０番地,2017-03-31,その他の設立登記法人
ＰＭＡ　Ｉｎｖｅｓｔｍｅｎｔｓ株式会社,東京都世田谷区若林２丁目７番５号,2017-03-31,株式会社
ＲＯＳＨＡＮ合同会社,東京都豊島区北大塚１丁目３３番６号リヴオオツカＩ１１２号,2017-03-31,合同会社
ＳＪ　ＴＲＡＤＩＮＧ合同会社,栃木県足利市大前町１５２番地９ハウスメゾン１０３,2017-03-31,合同会社
ＳＭ　ＬＩＮＥ　ＣＯＲＰＯＲＡＴＩＯＮ,東京都港区芝３丁目４番１５号,2017-03-31,外国会社等
ＳＴＣ株式会社,大阪府松原市上田３丁目４番８－３０１号,2017-03-31,株式会社
ＳＹＮ合同会社,埼玉県草加市長栄２丁目９番地７,2017-03-31,合同会社
ＴＫグローバルテック株式会社,福島県須賀川市岡東町１８６番地インターシティー１－１,2017-03-31,株式会社
ＴＫサービス株式会社,大阪府守口市八雲北町３丁目５５番２号,2017-03-31,株式会社
ＵＰ‐Ｆコンサル株式会社,東京都千代田区神田神保町３丁目１１番地,2017-03-31,株式会社
ＶＮＪＰ合同会社,東京都新宿区高田馬場３丁目１２－５,2017-03-31,合同会社
Ｗ＆Ｄ合同会社,大阪府大阪市天王寺区烏ケ辻２丁目１０番１８－７０４号,2017-03-31,合同会社
ＺＥＲＯ－ＪＩＮ株式会社,愛知県名古屋市中区正木４丁目８番１２号,2017-03-31,株式会社
ｃｈａｒｉｔｅ株式会社,山形県新庄市大字鳥越２４３０番地の２,2017-03-31,株式会社
